generation,section,smiles,coordList,functionalization,success_prob
0,bottom,C[Si](C)(C)c1cc(cc(c1)[Si](C#CP(C#C[Si](c1cc(cc(c1)[Si](C)(C)C)[Si](C)(C)C)(c1cc(cc(c1)[Si](C)(C)C)[Si](C)(C)C)c1cc(cc(c1)[Si](C)(C)C)[Si](C)(C)C)C#C[Si](c1cc(cc(c1)[Si](C)(C)C)[Si](C)(C)C)(c1cc(cc(c1)[Si](C)(C)C)[Si](C)(C)C)c1cc(cc(c1)[Si](C)(C)C)[Si](C)(C)C)(c1cc(cc(c1)[Si](C)(C)C)[Si](C)(C)C)c1cc(cc(c1)[Si](C)(C)C)[Si](C)(C)C)[Si](C)(C)C,[13],"[{'functional_group': 'ketone', 'smiles_inds': [81]}]",2.3356590372266944e-20
0,bottom,CCCOc1c2Cc3cc(cc(Cc4cccc(Cc5cc(cc(Cc1ccc2)c5OCCC)c1cccc(c1)c1cc2Cc5cccc(Cc6cc(cc(Cc7cccc(Cc(c1)c2OCCC)c7OCCC)c6OCCC)P(c1ccccc1)c1ccccc1)c5OCCC)c4OCCC)c3OCCC)P(c1ccccc1)c1ccccc1,"[107, 79]",[],9.175704221860546e-14
0,bottom,C[Si](C)(C)C(c1cc(C([Si](C)(C)C)[Si](C)(C)C)c(Sc2ccccc2Sc2ccccc2Sc2ccccc2Sc2c(cc(cc2C([Si](C)(C)C)[Si](C)(C)C)C([Si](C)(C)C)[Si](C)(C)C)C([Si](C)(C)C)[Si](C)(C)C)c(c1)C([Si](C)(C)C)[Si](C)(C)C)[Si](C)(C)C,"[25, 32]","[{'functional_group': 'amide', 'smiles_inds': [11]}]",1.0316042659145913e-13
0,bottom,C[Si](C)(C)c1cc(cc(c1)[Si](C)(C)C)C(C(=O)Nc1cccc(NC(=O)C(c2cc(cc(c2)[Si](C)(C)C)[Si](C)(C)C)(c2cc(cc(c2)[Si](C)(C)C)[Si](C)(C)C)c2cc(cc(c2)[Si](C)(C)C)[Si](C)(C)C)c1[S-])(c1cc(cc(c1)[Si](C)(C)C)[Si](C)(C)C)c1cc(cc(c1)[Si](C)(C)C)[Si](C)(C)C,"[70, 16]",[],1.496130292692272e-13
0,bottom,C[Si](C)(CCC(F)(F)C(F)(F)C(F)(F)C(F)(F)C(F)(F)C(F)(F)F)c1ccc(cc1)P(CCP(c1ccc(cc1)[Si](C)(C)CCC(F)(F)C(F)(F)C(F)(F)C(F)(F)C(F)(F)C(F)(F)F)c1ccc(cc1)[Si](C)(C)CCC(F)(F)C(F)(F)C(F)(F)C(F)(F)C(F)(F)C(F)(F)F)c1ccc(cc1)[Si](C)(C)CCC(F)(F)C(F)(F)C(F)(F)C(F)(F)C(F)(F)C(F)(F)F,"[30, 33]","[{'functional_group': 'bromo', 'smiles_inds': [72]}, {'functional_group': 'tribromo', 'smiles_inds': [39]}]",5.307400348150088e-13
0,bottom,C1CCCCCCCCCCP2CCCCCCCCCCCCCCCCCCCCP(CCCCCCCCC1)CCCCCCCCCCCCCCCCCCCC2,"[11, 32]",[],3.3674288453549714e-12
0,bottom,C[Si](C)(C)C(c1cc(C([Si](C)(C)C)[Si](C)(C)C)c([Se]c2ccccc2[Se]c2ccccc2[Se]c2ccccc2[Se]c2c(cc(cc2C([Si](C)(C)C)[Si](C)(C)C)C([Si](C)(C)C)[Si](C)(C)C)C([Si](C)(C)C)[Si](C)(C)C)c(c1)C([Si](C)(C)C)[Si](C)(C)C)[Si](C)(C)C,"[25, 32]","[{'functional_group': 'phosphonate', 'smiles_inds': [48]}, {'functional_group': 'tribromo', 'smiles_inds': [83]}]",3.3692879084478733e-12
0,bottom,CCC(C)(C)c1cc(C(c2cc(cc(c2OCCCNC(=O)CP(=S)(c2ccccc2)c2ccccc2)C(C)(C)CC)C(C)(C)CC)c2cc(cc(c2OCCCNC(=O)CP(=S)(c2ccccc2)c2ccccc2)C(C)(C)CC)C(C)(C)CC)c(OCCCNC(=O)CP(=S)(c2ccccc2)c2ccccc2)c(c1)C(C)(C)CC,"[21, 59, 92]",[],9.25428806343783e-12
0,bottom,Cc1cc(C(c2ccc(cc2)C2CCCCC2)c2ccc(cc2)C2CCCCC2)c(N=C(C)C(C)=Nc2c(cc(C)cc2C(c2ccc(cc2)C2CCCCC2)c2ccc(cc2)C2CCCCC2)C(c2ccc(cc2)C2CCCCC2)c2ccc(cc2)C2CCCCC2)c(c1)C(c1ccc(cc1)C1CCCCC1)c1ccc(cc1)C1CCCCC1,"[30, 35]",[],2.2486834371103744e-11
0,bottom,O1N=C(c2ccncc2)C23C4C5C6C7C8C9C%10C%11C%12C%13C%14C%15C%16C%17C%13C%13C%12C9C9C8C8C6C6C%12C%18C%19C%20C(C%17C%17C%13C9=C(C8%12)C%19%17)C%16C8C9C%15C%12C%14C%11C%11C%10C7C5C5C%11C%12C(=C9C7=C2C(C%18C%20C87)C46)C135,[6],"[{'functional_group': '2-hydroxypyridine', 'smiles_inds': [47]}]",3.573742320951083e-11
0,bottom,CCCCCCCCCCCC1c2cc3C(CCCCCCCCCCC)c4cc5C(CCCCCCCCCCC)c6cc(C(CCCCCCCCCCC)c7cc1c(OCCOCCOCCOCCOc3cc2OC)cc7OC)c(OCCOCCOCCOCCOc5cc4OC)cc6OC,"[87, 90, 102]",[],5.330121314791141e-11
0,bottom,CC(C)(C)c1cc2c(OP(Oc3c2cc(cc3C(C)(C)C)C(C)(C)C)O[Si]2(O[Si]3(O[Si](OP4Oc5c(cc(cc5C(C)(C)C)C(C)(C)C)c5cc(cc(c5O4)C(C)(C)C)C(C)(C)C)(O[Si]4(O[Si](O3)(O[Si](O2)(O[Si](O4)(O[Si](C)(c2ccccc2)c2ccccc2)C2CCCC2)C2CCCC2)C2CCCC2)C2CCCC2)C2CCCC2)C2CCCC2)C2CCCC2)c(c1)C(C)(C)C,"[9, 32]","[{'functional_group': 'carboxylate', 'smiles_inds': [41]}, {'functional_group': 'phosphonate', 'smiles_inds': [108]}, {'functional_group': 'amide', 'smiles_inds': [118]}]",1.2797067488162886e-10
0,bottom,FC(F)(F)C(F)(F)C(F)(F)C(F)(F)C(F)(F)C(F)(F)C(F)(F)C(F)(F)CCP(CCC(F)(F)C(F)(F)C(F)(F)C(F)(F)C(F)(F)C(F)(F)C(F)(F)C(F)(F)F)Cc1cccc(CP(CCC(F)(F)C(F)(F)C(F)(F)C(F)(F)C(F)(F)C(F)(F)C(F)(F)C(F)(F)F)CCC(F)(F)C(F)(F)C(F)(F)C(F)(F)C(F)(F)C(F)(F)C(F)(F)C(F)(F)F)[c-]1,"[27, 62, 117]","[{'functional_group': 'ketone', 'smiles_inds': [57]}, {'functional_group': '2-methylbenzoic_acid', 'smiles_inds': [28]}]",1.3572426805620639e-10
0,bottom,CC(C)(C)c1cc2c(OP(Oc3c2cc(cc3C(C)(C)C)C(C)(C)C)O[Si]2(O[Si]3(O[Si](OP4Oc5c(cc(cc5C(C)(C)C)C(C)(C)C)c5cc(cc(c5O4)C(C)(C)C)C(C)(C)C)(O[Si]4(O[Si](O3)(O[Si](O2)(O[Si](O4)(O[Si](C)(c2ccccc2)c2ccccc2)C2CCCC2)C2CCCC2)C2CCCC2)C2CCCC2)C2CCCC2)C2CCCC2)C2CCCC2)c(c1)C(C)(C)C,"[9, 32]",[],2.389928895593486e-10
0,bottom,CC(C)(C)c1cc2c(OP(Oc3c2cc(cc3C(C)(C)C)C(C)(C)C)O[Si]2(O[Si]3(O[Si](OP4Oc5c(cc(cc5C(C)(C)C)C(C)(C)C)c5cc(cc(c5O4)C(C)(C)C)C(C)(C)C)(O[Si]4(O[Si](O3)(O[Si](O2)(O[Si](O4)(O[Si](C)(c2ccccc2)c2ccccc2)C2CCCC2)C2CCCC2)C2CCCC2)C2CCCC2)C2CCCC2)C2CCCC2)C2CCCC2)c(c1)C(C)(C)C,"[9, 32]","[{'functional_group': 'cyano', 'smiles_inds': [13]}]",2.4572229650867155e-10
0,bottom,CCC1(CC)CC(CC)(CC)c2c(PCc3cccc(C=Pc4c5c(cc6c4C(CC)(CC)CC6(CC)CC)C(CC)(CC)CC5(CC)CC)n3)c3c(cc12)C(CC)(CC)CC3(CC)CC,"[13, 21, 50]",[],2.909843499810256e-10
0,bottom,C1CCCCCCCCP2CCCCCCCCCCCCCCCCP(CCCCCCC1)CCCCCCCCCCCCCCCC2,"[9, 26]",[],5.981794591296726e-10
0,bottom,CCC1(CC)CC(CC)(CC)c2c(PCc3cccc(C=Pc4c5c(cc6c4C(CC)(CC)CC6(CC)CC)C(CC)(CC)CC5(CC)CC)n3)c3c(cc12)C(CC)(CC)CC3(CC)CC,"[13, 21, 50]","[{'functional_group': '2-methylbenzoic_acid', 'smiles_inds': [43]}, {'functional_group': 'thiol', 'smiles_inds': [65]}]",6.413986622167191e-10
0,bottom,CCC1(CC)CC(CC)(CC)c2c1cc1c(c2P=Cc2cccc(C=Pc3c4c(cc5c3C(CC)(CC)CC5(CC)CC)C(CC)(CC)CC4(CC)CC)n2)C(CC)(CC)CC1(CC)CC,"[17, 25, 54]","[{'functional_group': 'carbonyl', 'smiles_inds': [21]}]",6.88495468616711e-10
0,bottom,C1CCCCCCCCP2CCCCCCCCCCCCCCCCP(CCCCCCC1)CCCCCCCCCCCCCCCC2,"[9, 26]","[{'functional_group': 'bromo', 'smiles_inds': [36]}]",9.343335011917202e-10
0,median,COc1cc(cc(OC)c1OC)C1=NC(=NN1)c1ccccn1,"[22, 15]",[],0.4857796146228072
0,median,S=C1N(C=CN1c1ccccn1)c1ccccn1,"[0, 11]",[],0.485807745381731
0,median,CCCNCCN=Cc1c([O-])ccc2ccccc12,"[10, 6, 3]","[{'functional_group': 'ketone', 'smiles_inds': [16]}, {'functional_group': '2-methylbenzoic_acid', 'smiles_inds': [12]}, {'functional_group': '2-methylbenzoic_acid', 'smiles_inds': [7]}, {'functional_group': 'bromo', 'smiles_inds': [0]}, {'functional_group': 'fluoro', 'smiles_inds': [14]}, {'functional_group': 'methyl_ester', 'smiles_inds': [1]}]",0.48582943921548344
0,median,Oc1cccc2ccc(CN3CCSCc4cccc(CSCC3)n4)nc12,"[21, 13, 0, 24, 10, 25]",[],0.48583030715585324
0,median,CN1CCN(C)C1=O,[7],"[{'functional_group': 'methyl_ester', 'smiles_inds': [0]}]",0.48583594319950113
0,median,c1ccc(cc1)C1=CN(N=N1)c1cc(nc(c1)c1ccccn1)c1ccccn1,"[14, 8, 22]",[],0.48583767809654316
0,median,CC1=C([O-])C(=O)c2ccccc2C1=O,"[5, 3]","[{'functional_group': 'ethyl_ester', 'smiles_inds': [7]}, {'functional_group': 'thiol', 'smiles_inds': [8]}]",0.4858423468693243
0,median,c1ccc(cc1)N1C=CN=C1c1ccccn1,"[9, 6]",[],0.48588070048373294
0,median,CN1c2ccccc2N=C1c1cccc(C)n1,"[8, 1]","[{'functional_group': 'bromo', 'smiles_inds': [15]}]",0.4858854852596994
0,median,CCNC(=S)NN=CC1=CN(Cc2cccc(Cl)c2)c2ccccc12,"[4, 6]",[],0.4858926271682631
0,median,C1CN=C(CN2[C-]=Cc3ccccc23)O1,"[6, 2]","[{'functional_group': 'thiol', 'smiles_inds': [11]}, {'functional_group': 'ethyl_ester', 'smiles_inds': [0]}, {'functional_group': 'carboxyl', 'smiles_inds': [7]}]",0.48593650043320263
0,median,Fc1c(F)c(F)c(C(=O)NCc2cccnc2)c(F)c1F,[15],"[{'functional_group': 'carboxyllic_acid', 'smiles_inds': [10]}]",0.48593801063382785
0,median,C(CSCc1ccccc1)NCc1ccccn1,"[2, 17, 10]",[],0.486008207550615
0,median,N=C(N=Nc1ccccc1)c1ccccc1,"[3, 0]",[],0.48604710214906394
0,median,[nH+]1cccc2ccc[c-]c12,[8],"[{'functional_group': 'trifluro', 'smiles_inds': [2]}, {'functional_group': 'ethyl', 'smiles_inds': [6]}, {'functional_group': 'chloro', 'smiles_inds': [5]}]",0.4860650342869161
0,median,CC1=NN(C(=C1C=NNC(=O)Cc1ccccc1)[O-])c1ccccc1,"[18, 10, 7]",[],0.48607963109655883
0,median,CC(C)(C)c1cc(cc(c1)C(C)(C)C)C1=Nc2c(N1)c1cccnc1c1ncccc21,"[26, 23]","[{'functional_group': 'trifluro', 'smiles_inds': [21]}]",0.4860924586391637
0,median,O=C1c2ccccc2C(=O)c2c(cccc12)[N-]Cc1ccccn1,"[23, 9, 16]","[{'functional_group': 'phenyl', 'smiles_inds': [22]}, {'functional_group': 'fluoro', 'smiles_inds': [12]}]",0.4861379137412938
0,median,CC(C)C([O-])=NC(C)(C)C,"[4, 5]",[],0.4861409626241067
0,median,Cc1cc(C)nc(NN=C(C)C(C)=NO)n1,"[13, 8, 15]",[],0.486146993924445
0,top,CC1CNCC2(C)CNCC(C)CNCC(C)(CNC1)CNCC(C)CNC2,"[3, 18, 8, 13, 26, 21]",[],0.999075353797004
0,top,Oc1ccc(Br)cc1C=NCCN(CCN=Cc1cc(Br)ccc1[O-])CCN(CCN=Cc1cc(Br)ccc1O)CCN=Cc1cc(Br)ccc1[O-],"[24, 15, 12, 27, 42, 51]",[],0.9991306875499644
0,top,CC12CNCCNCC(CNCCNC1)(CNCCNC2)N(CC(=O)[O-])CC(=O)[O-],"[6, 3, 10, 13, 16, 19]","[{'functional_group': 'methyl', 'smiles_inds': [9]}]",0.9991970767191245
0,top,CC12CNCN(CNC1)CC1(C)CNCC(CNC2)(CNC1)N(=O)=O,"[3, 17, 7, 5, 13, 20]",[],0.9992815005873361
0,top,CC(CN=CC1=NNC=C1)(CN=CC1=NNC=C1)CN=CC1=NNC=C1,"[19, 3, 22, 6, 11, 14]",[],0.9993291942413729
0,top,O=C([O-])CNC12CNCCNCC(CNCCNC1)(CNCCNC2)NCC(=O)[O-],"[7, 10, 17, 14, 23, 20]",[],0.9993633203899277
0,top,Brc1ccc([O-])c(C=NCCN(CCN=Cc2cc(Br)ccc2[O-])CCN=Cc2cc(Br)ccc2[O-])c1,"[5, 23, 35, 8, 14, 26]","[{'functional_group': 'carboxylate', 'smiles_inds': [29]}]",0.9994000032227213
0,top,CC12CNCC(CN(CNC1)CC1(C)CNCC(CNC2)(CNC1)N(=O)=O)N(=O)=O,"[9, 19, 3, 7, 15, 22]",[],0.999601975941481
0,top,COCC1OC2OC3C4CP(CC5OC(OC6C(COC)OC(OC7C8CP(CC9OC(OC1C(OC)C2OC)C(OC)C(OC)C9OC(O8)C(OC)C7OC)c1ccccc1)C(OC)C6OC)C(OC)C(OC)C5OC(O4)C(OC)C3OC)c1ccccc1,"[10, 27]",[],0.999617500465126
0,top,CC12CNCC(CN(CNC1)CC1(C)CNCC(CNC2)(CNC1)N(=O)=O)N(=O)=O,"[9, 19, 3, 7, 15, 22]","[{'functional_group': 'carboxylate', 'smiles_inds': [11]}, {'functional_group': 'tribromo', 'smiles_inds': [10]}]",0.9996187282849711
0,top,C1CN2CCN=Cc3ccc(nc3)c3ccc(C=NCCN(CCN=Cc4ccc(nc4)c4ccc(C=N1)cn4)CCN=Cc1ccc(nc1)c1ccc(C=NCC2)cn1)cn3,"[11, 59, 39, 61, 30, 48]",[],0.9996248380646571
0,top,OCC1OC2OC3C(CO)OC(OC4C(CO)OC(OC5C(CO)OC(OC6C(CNCCC7=CNC=N7)OC(OC7C(CO)OC(OC8C(CO)OC(OC1C(O)C2O)C(O)C8O)C(O)C7O)C(O)C6O)C(O)C5O)C(O)C4O)C(O)C3O,"[37, 30]",[],0.999738215524167
0,top,COCC1OC2OC3C(COC)OC(OC4C(COC)OC(OC5C6CP(c7ccccc7)c7ccccc7P(CC7OC(OC8C(COC)OC(OC9C(COC)OC(OC1C(OC)C2OC)C(OC)C9OC)C(OC)C8OC)C(OC)C(OC)C7OC(O6)C(OC)C5OC)c1ccccc1)C(OC)C4OC)C(OC)C3OC,"[39, 26]",[],0.9998965240837083
0,top,COCC1OC2OC3C(COC)OC(OC4C5CP(CC6OC(OC7C(COC)OC(OC8C(COC)OC(OC1C(OC)C2OC)C(OC)C8OC)C(OC)C7OC)C(OC)C(OC)C6OC(O5)C(OC)C4OC)c1ccccc1N(C)C)C(OC)C3OC,"[81, 18]",[],0.999976874220747
0,top,COC1C2OC(CO)C(OC3OC(CO)C(OC4OC(CO)C(OC5OC(CO)C(OC6OC(CO)C(OC7OC(CO)C(O2)C(OC)C7OC)C(OC)C6OC)C(OC)C5OC)C(OC)C4OC)C(OC)C3OC)C1OC,"[42, 7]",[],0.9999874489366362
0,top,COCC1OC2OC3C(COC)OC(OC4C(COC)OC(OC5C6CP(CC7OC(OC8C(COC)OC(OC9C(COC)OC(OC1C(OC)C2OC)C(OC)C9OC)C(OC)C8OC)C(OC)C(OC)C7OC(O6)C(OC)C5OC)c1ccccc1)C(OC)C4OC)C(OC)C3OC,[26],[],0.9999940179592474
0,top,COCC1OC2OC3C(CN)OC(OC4C(COC)OC(OC5C(COC)OC(OC6C(CN)OC(OC7C(COC)OC(OC1C(OC)C2OC)C(OC)C7OC)C(OC)C6OC)C(OC)C5OC)C(OC)C4OC)C(OC)C3OC,"[33, 10]","[{'functional_group': 'ether', 'smiles_inds': [18]}]",0.999996770889531
0,top,COCC1OC2OC3C(COC)OC(OC4C5CN(CC6OC(OC7C(COC)OC(OC8C(COC)OC(OC1C(OC)C2OC)C(OC)C8OC)C(OC)C7OC)C(OC)C(OC)C6OC(O5)C(OC)C4OC)Cc1ccccn1)C(OC)C3OC,"[81, 18]",[],0.9999973561513431
0,top,COCC1OC2OC3C(CN)OC(OC4C(COC)OC(OC5C(COC)OC(OC6C(CN)OC(OC7C(COC)OC(OC1C(OC)C2OC)C(OC)C7OC)C(OC)C6OC)C(OC)C5OC)C(OC)C4OC)C(OC)C3OC,"[33, 10]",[],0.9999974468220776
0,top,COCC1OC2OC3C(COC)OC(OC4C(COC)OC(OC5C6CN(CC7OC(OC8C(COC)OC(OC9C(COC)OC(OC1C(OC)C2OC)C(OC)C9OC)C(OC)C8OC)C(OC)C(OC)C7OC(O6)C(OC)C5OC)Cc1ccccn1)C(OC)C4OC)C(OC)C3OC,"[26, 89]",[],0.99999959265934
1,bottom,C[Si](C)(C)c1cc(cc(c1)[Si](C#CP(C#C[Si](c1cc(cc(c1)[Si](C)(C)C)[Si](C)(C)C)(c1cc(cc(c1)[Si](C)(C)C)[Si](C)(C)C)c1cc(cc(c1)[Si](C)(C)C)[Si](C)(C)C)C#C[Si](c1cc(cc(c1)[Si](C)(C)C)[Si](C)(C)C)(c1cc(cc(c1)[Si](C)(C)C)[Si](C)(C)C)c1cc(cc(c1)[Si](C)(C)C)[Si](C)(C)C)(c1cc(cc(c1)[Si](C)(C)C)[Si](C)(C)C)c1cc(cc(c1)[Si](C)(C)C)[Si](C)(C)C)[Si](C)(C)C,[13],"[{'functional_group': 'amide', 'smiles_inds': [127]}]",3.673301215139148e-19
1,bottom,C[Si](C)(C)c1cc(cc(c1)[Si](C#CP(C#C[Si](c1cc(cc(c1)[Si](C)(C)C)[Si](C)(C)C)(c1cc(cc(c1)[Si](C)(C)C)[Si](C)(C)C)c1cc(cc(c1)[Si](C)(C)C)[Si](C)(C)C)C#C[Si](c1cc(cc(c1)[Si](C)(C)C)[Si](C)(C)C)(c1cc(cc(c1)[Si](C)(C)C)[Si](C)(C)C)c1cc(cc(c1)[Si](C)(C)C)[Si](C)(C)C)(c1cc(cc(c1)[Si](C)(C)C)[Si](C)(C)C)c1cc(cc(c1)[Si](C)(C)C)[Si](C)(C)C)[Si](C)(C)C,[13],[],5.806400515307744e-19
1,bottom,CC(C)(C)c1cc2c3cc(cc4c5cc(cc6c7cc(cc8c9cc(cc%10c%11cc(cc%12c(c1)c2c1c(c34)c(c56)c(c78)c(c9%10)c1c%11%12)C(C)(C)C)C(C)(C)C)C(C)(C)C)C(C)(C)C)P(c1cc2c3cc(cc4c5cc(cc6c7cc(cc8c9cc(cc%10c%11cc(cc%12c(c1)c2c1c(c34)c(c56)c(c78)c(c9%10)c1c%11%12)C(C)(C)C)C(C)(C)C)C(C)(C)C)C(C)(C)C)C(C)(C)C)c1cc2c3cc(cc4c5cc(cc6c7cc(cc8c9cc(cc%10c%11cc(cc%12c(c1)c2c1c(c34)c(c56)c(c78)c(c9%10)c1c%11%12)C(C)(C)C)C(C)(C)C)C(C)(C)C)C(C)(C)C)C(C)(C)C,[62],[],7.139049236631509e-19
1,bottom,CC(C)(C)c1cc2c3cc(cc4c5cc(cc6c7cc(cc8c9cc(cc%10c%11cc(cc%12c(c1)c2c1c(c34)c(c56)c(c78)c(c9%10)c1c%11%12)C(C)(C)C)C(C)(C)C)C(C)(C)C)C(C)(C)C)P(c1cc2c3cc(cc4c5cc(cc6c7cc(cc8c9cc(cc%10c%11cc(cc%12c(c1)c2c1c(c34)c(c56)c(c78)c(c9%10)c1c%11%12)C(C)(C)C)C(C)(C)C)C(C)(C)C)C(C)(C)C)C(C)(C)C)c1cc2c3cc(cc4c5cc(cc6c7cc(cc8c9cc(cc%10c%11cc(cc%12c(c1)c2c1c(c34)c(c56)c(c78)c(c9%10)c1c%11%12)C(C)(C)C)C(C)(C)C)C(C)(C)C)C(C)(C)C)C(C)(C)C,[62],"[{'functional_group': 'cyanimide', 'smiles_inds': [176]}]",7.932062975242861e-19
1,bottom,CC(C)(C)c1cc2c3cc(cc4c5cc(cc6c7cc(cc8c9cc(cc%10c%11cc(cc%12c(c1)c2c1c(c34)c(c56)c(c78)c(c9%10)c1c%11%12)C(C)(C)C)C(C)(C)C)C(C)(C)C)C(C)(C)C)P(c1cc2c3cc(cc4c5cc(cc6c7cc(cc8c9cc(cc%10c%11cc(cc%12c(c1)c2c1c(c34)c(c56)c(c78)c(c9%10)c1c%11%12)C(C)(C)C)C(C)(C)C)C(C)(C)C)C(C)(C)C)C(C)(C)C)c1cc2c3cc(cc4c5cc(cc6c7cc(cc8c9cc(cc%10c%11cc(cc%12c(c1)c2c1c(c34)c(c56)c(c78)c(c9%10)c1c%11%12)C(C)(C)C)C(C)(C)C)C(C)(C)C)C(C)(C)C)C(C)(C)C,[62],"[{'functional_group': '2-hydroxypyridine', 'smiles_inds': [112]}]",8.074784378495526e-19
1,bottom,C[Si](C)(C)c1cc(cc(c1)[Si](C#CP(C#C[Si](c1cc(cc(c1)[Si](C)(C)C)[Si](C)(C)C)(c1cc(cc(c1)[Si](C)(C)C)[Si](C)(C)C)c1cc(cc(c1)[Si](C)(C)C)[Si](C)(C)C)C#C[Si](c1cc(cc(c1)[Si](C)(C)C)[Si](C)(C)C)(c1cc(cc(c1)[Si](C)(C)C)[Si](C)(C)C)c1cc(cc(c1)[Si](C)(C)C)[Si](C)(C)C)(c1cc(cc(c1)[Si](C)(C)C)[Si](C)(C)C)c1cc(cc(c1)[Si](C)(C)C)[Si](C)(C)C)[Si](C)(C)C,[13],"[{'functional_group': 'carboxyllic_acid', 'smiles_inds': [25]}]",8.900667373865151e-19
1,bottom,CCCC[P](CCCC)(CCCC)CCP(CCP(CCP(CC[P](CCCC)(CCCC)CCCC)CC[P](CCCC)(CCCC)CCCC)c1ccccc1)CC[P](CCCC)(CCCC)CCCC,"[15, 18, 21]","[{'functional_group': 'cyano', 'smiles_inds': [58]}]",4.480237384649873e-14
1,bottom,CP(CCP(C)c1c(cc(cc1C([Si](C)(C)C)[Si](C)(C)C)C([Si](C)(C)C)([Si](C)(C)C)[Si](C)(C)C)C([Si](C)(C)C)[Si](C)(C)C)c1c(cc(cc1C([Si](C)(C)C)[Si](C)(C)C)C([Si](C)(C)C)([Si](C)(C)C)[Si](C)(C)C)C([Si-](C)C)[Si](C)(C)C,"[4, 72, 1]",[],1.1303314632393558e-13
1,bottom,C[Si](C)(CCC(F)(F)C(F)(F)C(F)(F)C(F)(F)C(F)(F)C(F)(F)F)c1ccc(cc1)P(CCP(c1ccc(cc1)[Si](C)(C)CCC(F)(F)C(F)(F)C(F)(F)C(F)(F)C(F)(F)C(F)(F)F)c1ccc(cc1)[Si](C)(C)CCC(F)(F)C(F)(F)C(F)(F)C(F)(F)C(F)(F)C(F)(F)F)c1ccc(cc1)[Si](C)(C)CCC(F)(F)C(F)(F)C(F)(F)C(F)(F)C(F)(F)C(F)(F)F,"[30, 33]",[],1.2665927832342275e-13
1,bottom,CC(C)(C)c1cc2c3cc(cc4c5cc(cc6c7cc(cc8c9cc(cc%10c%11cc(cc%12c(c1)c2c1c(c34)c(c56)c(c78)c(c9%10)c1c%11%12)C(C)(C)C)C(C)(C)C)C(C)(C)C)C(C)(C)C)P(c1ccccc1)c1cc2c3cc(cc4c5cc(cc6c7cc(cc8c9cc(cc%10c%11cc(cc%12c(c1)c2c1c(c34)c(c56)c(c78)c(c9%10)c1c%11%12)C(C)(C)C)C(C)(C)C)C(C)(C)C)C(C)(C)C)C(C)(C)C,[62],[],3.0365643923368726e-13
1,bottom,C[Si](C)(C)C(c1cc(C([Si](C)(C)C)[Si](C)(C)C)c(Sc2ccccc2Sc2ccccc2Sc2ccccc2Sc2c(cc(cc2C([Si](C)(C)C)[Si](C)(C)C)C([Si](C)(C)C)[Si](C)(C)C)C([Si](C)(C)C)[Si](C)(C)C)c(c1)C([Si](C)(C)C)[Si](C)(C)C)[Si](C)(C)C,"[25, 32]","[{'functional_group': 'cyanimide', 'smiles_inds': [0]}, {'functional_group': 'fluoro', 'smiles_inds': [55]}]",6.069089647105786e-13
1,bottom,C[Si](C)(C)C(c1cc(C([Si](C)(C)C)[Si](C)(C)C)c(Sc2ccccc2Sc2ccccc2Sc2ccccc2Sc2c(cc(cc2C([Si](C)(C)C)[Si](C)(C)C)C([Si](C)(C)C)[Si](C)(C)C)C([Si](C)(C)C)[Si](C)(C)C)c(c1)C([Si](C)(C)C)[Si](C)(C)C)[Si](C)(C)C,"[25, 32]","[{'functional_group': 'ethyl', 'smiles_inds': [54]}]",7.663886033906076e-13
1,bottom,FC(F)(F)C(F)(F)C(F)(F)C(F)(F)C(F)(F)C(F)(F)C(F)(F)C(F)(F)CCP(CCC(F)(F)C(F)(F)C(F)(F)C(F)(F)C(F)(F)C(F)(F)C(F)(F)C(F)(F)F)Cc1cccc(CP(CCC(F)(F)C(F)(F)C(F)(F)C(F)(F)C(F)(F)C(F)(F)C(F)(F)C(F)(F)F)CCC(F)(F)C(F)(F)C(F)(F)C(F)(F)C(F)(F)C(F)(F)C(F)(F)C(F)(F)F)[c-]1,"[27, 62, 117]","[{'functional_group': '2-hydroxypyridine', 'smiles_inds': [59]}, {'functional_group': 'ether', 'smiles_inds': [58]}]",1.2049668922706344e-12
1,bottom,FC(F)(F)C(F)(F)C(F)(F)C(F)(F)C(F)(F)C(F)(F)C(F)(F)C(F)(F)CCP(CCC(F)(F)C(F)(F)C(F)(F)C(F)(F)C(F)(F)C(F)(F)C(F)(F)C(F)(F)F)Cc1cccc(CP(CCC(F)(F)C(F)(F)C(F)(F)C(F)(F)C(F)(F)C(F)(F)C(F)(F)C(F)(F)F)CCC(F)(F)C(F)(F)C(F)(F)C(F)(F)C(F)(F)C(F)(F)C(F)(F)C(F)(F)F)[c-]1,"[27, 62, 117]",[],2.045563641260437e-12
1,bottom,C[Si](C)(C)C(c1cc(C([Si](C)(C)C)[Si](C)(C)C)c([Se]c2ccccc2[Se]c2ccccc2[Se]c2ccccc2[Se]c2c(cc(cc2C([Si](C)(C)C)[Si](C)(C)C)C([Si](C)(C)C)[Si](C)(C)C)C([Si](C)(C)C)[Si](C)(C)C)c(c1)C([Si](C)(C)C)[Si](C)(C)C)[Si](C)(C)C,"[25, 32]","[{'functional_group': 'methyl', 'smiles_inds': [48]}]",2.717002737282114e-12
1,bottom,CCC(C)(C)c1cc(C(c2cc(cc(c2OCCN(C)C(=O)CP(=O)(c2ccccc2)c2ccccc2)C(C)(C)CC)C(C)(C)CC)c2cc(cc(c2OCCN(C)C(=O)CP(=O)(c2ccccc2)c2ccccc2)C(C)(C)CC)C(C)(C)CC)c(OCCN(C)C(=O)CP(=O)(c2ccccc2)c2ccccc2)c(c1)C(C)(C)CC,"[21, 24, 59, 62, 92, 95]",[],1.094030551465533e-10
1,bottom,FC(F)(F)C(F)(F)C(F)(F)C(F)(F)C(F)(F)C(F)(F)C(F)(F)C(F)(F)CCCP(CCCC(F)(F)C(F)(F)C(F)(F)C(F)(F)C(F)(F)C(F)(F)C(F)(F)C(F)(F)F)CCCC(F)(F)C(F)(F)C(F)(F)C(F)(F)C(F)(F)C(F)(F)C(F)(F)C(F)(F)F,[28],[],1.2350164845820807e-09
1,bottom,CCOC(=O)C1=C(OC23c4c5c6c7c8c9c%10C%11=C%12C%13=C%14C%15=C%16C%17=C%18C%19=C%20C%21=C(c4c4c6c8c6c%10C(=C%19c6c%214)C%17=C%11%15)C4=C6C%20=C%18C8=C%16c%10c%14c%11c%13c%13c(c9%12)c7c7c%13c9c%11c%11c%10c8c6c(c%11c9c2c57)C134)c1ccncc1,[71],"[{'functional_group': 'trifluro', 'smiles_inds': [1]}]",1.3433855929182633e-09
1,bottom,CCOC(=O)C(CCC(=O)CCCOc1ccc(cc1)C(c1ccc(cc1)C(C)(C)C)(c1ccc(cc1)C(C)(C)C)c1ccc(cc1)C(C)(C)C)(CCC(=O)CCCOc1ccc(cc1)C(c1ccc(cc1)C(C)(C)C)(c1ccc(cc1)C(C)(C)C)c1ccc(cc1)C(C)(C)C)C#N,[97],"[{'functional_group': 'methyl_ester', 'smiles_inds': [6]}, {'functional_group': 'carbonyl', 'smiles_inds': [42]}]",4.030065765541149e-09
1,bottom,CC(C)(C)c1cc(C(c2cc(cc(c2OCCNC(=O)CP(=O)(c2ccccc2)c2ccccc2)C(C)(C)C)C(C)(C)C)c2cc(cc(c2OCCNC(=O)CP(=O)(c2ccccc2)c2ccccc2)C(C)(C)C)C(C)(C)C)c(OCCNC(=O)CP(=O)(c2ccccc2)c2ccccc2)c(c1)C(C)(C)C,"[19, 22, 54, 57, 84, 87]",[],6.40554523803759e-09
1,median,O=C1N(Cc2ccc(CN(Cc3ccccn3)Cc3ccccn3)cc2)C(=O)c2ccccc12,"[9, 16, 23]","[{'functional_group': 'methyl', 'smiles_inds': [14]}]",0.45448633651472115
1,median,O=C(OCc1ccnc(c1)c1cc(COC(=O)c2ccccc2)ccn1)c1ccccc1,"[7, 25]","[{'functional_group': 'tribromo', 'smiles_inds': [31]}, {'functional_group': 'tribromo', 'smiles_inds': [5]}]",0.45448677823578637
1,median,Cc1cc2NC(=Nc2cc1C)C1=Nc2cc(C)c(C)cc2[N-]1,"[21, 6]",[],0.454504403060084
1,median,COc1ccc(CNCCNCCNCc2ccc(OC)cc2)cc1,"[7, 10, 13]","[{'functional_group': 'fluoro', 'smiles_inds': [22]}]",0.45452471582632026
1,median,Cc1ccc(NO)cc1,[5],"[{'functional_group': 'fluoro', 'smiles_inds': [8]}]",0.4545282925260264
1,median,C(NCc1ccccn1)c1ccccn1,"[14, 1, 8]","[{'functional_group': 'ethyl_ester', 'smiles_inds': [6]}]",0.4545301103275857
1,median,CC(C)(C)c1ccc([S-])nn1,"[8, 9]",[],0.4545481879511733
1,median,COc1ccc(cc1)C1=NN=C(N1c1ccc(Cl)cc1)c1ccccn1,"[12, 10]","[{'functional_group': 'amino', 'smiles_inds': [21]}]",0.4545765218161005
1,median,Cc1ccc(cc1)N1C(=NN=C1c1cnccn1)c1ccccn1,"[17, 9]",[],0.45458836347452275
1,median,[Te](c1ccccc1)c1ccccc1,[0],"[{'functional_group': 'cyano', 'smiles_inds': [11]}]",0.4545899283219049
1,median,CSCCC(O)(C1=NC=CN1C)C1=NC=CN1C,"[7, 13]","[{'functional_group': 'chloro', 'smiles_inds': [5]}, {'functional_group': 'amino', 'smiles_inds': [0]}]",0.4546216843363689
1,median,CC1=CC=C(S1)c1ccc(nc1)c1ccccn1,"[10, 17]",[],0.454655688234919
1,median,COc1c(C=NN=C([O-])c2ccc(Br)cc2)cc(cc1C(C)(C)C)C(C)(C)C,"[8, 5]",[],0.45468232734926245
1,median,CC1(C)c2ccccc2c2ccc(cc12)C1=NN=C(O1)c1ccc(F)c[c-]1,"[17, 26]","[{'functional_group': 'thiol', 'smiles_inds': [5]}]",0.45468810598784043
1,median,C(CCc1ccccc1)CN=Cc1ccccn1,"[17, 10]","[{'functional_group': 'fluoro', 'smiles_inds': [11]}]",0.45470269390588736
1,median,COc1cccnc1c1ncccc1OC,"[6, 9]","[{'functional_group': 'bromo', 'smiles_inds': [12]}, {'functional_group': 'phenyl', 'smiles_inds': [3]}]",0.454709362671527
1,median,NC(=S)NC(=O)c1ccccc1,[2],[],0.4547376843972005
1,median,N=C([O-])C(c1ccccc1)c1ccccc1,"[2, 0]","[{'functional_group': 'ketone', 'smiles_inds': [3]}, {'functional_group': 'phosphonate', 'smiles_inds': [8]}, {'functional_group': 'ketone', 'smiles_inds': [7]}]",0.454755403627248
1,median,O=C(N(c1ccccc1)c1ccccc1)c1ccccc1[O-],"[21, 0]","[{'functional_group': 'tribromo', 'smiles_inds': [17]}]",0.454865877777846
1,median,NC1=NC2=[NH+]CCN=C2C(=O)N1,"[10, 7]","[{'functional_group': 'hydroxyl', 'smiles_inds': [0]}, {'functional_group': 'trifluro', 'smiles_inds': [5]}, {'functional_group': 'ketone', 'smiles_inds': [4]}]",0.45487491010711184
1,top,Oc1ccc(C=NCCN(CCN=Cc2ccc(O)cn2)CCN=Cc2ccc(O)cn2)nc1,"[6, 32, 12, 20, 23, 31]","[{'functional_group': 'carboxylate', 'smiles_inds': [16]}, {'functional_group': 'aldehyde', 'smiles_inds': [21]}]",0.9949295359179186
1,top,Brc1ccc([O-])c(C=NNc2ccccn2)c1,"[5, 8, 15]","[{'functional_group': 'carboxylate', 'smiles_inds': [13]}, {'functional_group': 'hydroxyl', 'smiles_inds': [3]}, {'functional_group': 'amino', 'smiles_inds': [14]}, {'functional_group': 'carboxylate', 'smiles_inds': [16]}]",0.9953315308497036
1,top,Brc1ccc([O-])c(C=NNc2ccccn2)c1,"[5, 8, 15]","[{'functional_group': 'carboxylate', 'smiles_inds': [13]}, {'functional_group': 'hydroxyl', 'smiles_inds': [3]}, {'functional_group': 'amino', 'smiles_inds': [14]}, {'functional_group': 'bromo', 'smiles_inds': [2]}, {'functional_group': 'carboxylate', 'smiles_inds': [16]}]",0.9954613597355603
1,top,O=C(NCCNC(=O)c1ccc(C(=O)NCCNC(=O)C2=C([O-])C(=O)C=CO2)c([O-])c1[O-])C1=C([O-])C(=O)C=CO1,"[36, 34, 31, 29, 22, 24]",[],0.9957855865394799
1,top,Brc1ccc([O-])c(C=NNc2ccccn2)c1,"[5, 8, 15]","[{'functional_group': 'carboxylate', 'smiles_inds': [13]}, {'functional_group': 'hydroxyl', 'smiles_inds': [3]}, {'functional_group': 'amino', 'smiles_inds': [14]}, {'functional_group': 'carboxylate', 'smiles_inds': [11]}]",0.9958182018625032
1,top,O=N(=O)c1ccc([O-])c(CN2CCN3CCN(CC2)CCN(CC3)Cc2cc(ccc2[O-])N(=O)=O)c1,"[10, 31, 16, 21, 7, 13]","[{'functional_group': 'hydroxyl', 'smiles_inds': [23]}, {'functional_group': 'carboxylate', 'smiles_inds': [18]}, {'functional_group': 'carbonyl', 'smiles_inds': [19]}]",0.9964330227356842
1,top,Brc1ccc([O-])c(C=NCCN(CCN=Cc2cc(Br)ccc2[O-])CCN=Cc2cc(Br)ccc2[O-])c1,"[5, 23, 35, 8, 14, 26]","[{'functional_group': 'methyl_ester', 'smiles_inds': [15]}]",0.9965432530384818
1,top,C(CN(CCN=CC1=NNC=C1)CCN=CC1=NNC=C1)N=CC1=NNC=C1,"[5, 8, 14, 17, 21, 24]",[],0.9966624641921725
1,top,CNC(=O)c1ccc(C(=O)NCCN(CCNC(=O)C2=C([O-])C(=O)N(C)C=C2)CCNC(=O)C2=C([O-])C(=O)N(C)C=C2)c([O-])c1[O-],"[45, 43, 23, 35, 21, 37]",[],0.9968404967093338
1,top,Oc1ccc(C=NCCNCCNCCN=Cc2ccc([O-])cc2[O-])c([O-])c1,"[6, 9, 12, 15, 26, 24]",[],0.9969423722403442
1,top,CNC(=O)c1ccc(C(=O)NCCN(CCNC(=O)C2=C([O-])C(=O)N(C)C=C2)CCNC(=O)C2=C([O-])C(=O)N(C)C=C2)c([O-])c1[O-],"[45, 43, 23, 35, 21, 37]","[{'functional_group': 'carbonyl', 'smiles_inds': [16]}]",0.9969948784194823
1,top,C1CN2CCN=Cc3ccc(nc3)c3ccc(C=NCCN(CCN=Cc4ccc(nc4)c4ccc(C=N1)cn4)CCN=Cc1ccc(nc1)c1ccc(C=NCC2)cn1)cn3,"[11, 59, 39, 61, 30, 48]","[{'functional_group': 'ketone', 'smiles_inds': [34]}]",0.9973031246483779
1,top,O=C([O-])CNC12CNCCNCC(CNCCNC1)(CNCCNC2)NCC(=O)[O-],"[7, 10, 17, 14, 23, 20]",[],0.9973731362170409
1,top,Brc1ccc([O-])c(C=NCCN(CCN=Cc2cc(Br)ccc2[O-])CCN=Cc2cc(Br)ccc2[O-])c1,"[5, 23, 35, 8, 14, 26]",[],0.9975181802306325
1,top,COC1C2OC(CO)C(OC3OC(CO)C(OC4OC(CO)C(OC5OC(CO)C(OC6OC(CO)C(OC7OC(CO)C(O2)C(OC)C7OC)C(OC)C6OC)C(OC)C5OC)C(OC)C4OC)C(OC)C3OC)C1OC,"[42, 7]","[{'functional_group': 'ketone', 'smiles_inds': [33]}, {'functional_group': 'methyl_ester', 'smiles_inds': [20]}]",0.9987505166722342
1,top,COCC1OC2OC3C(COC)OC(OC4C5CP(CC6OC(OC7C(COC)OC(OC8C(COC)OC(OC1C(OC)C2OC)C(OC)C8OC)C(OC)C7OC)C(OC)C(OC)C6OC(O5)C(OC)C4OC)c1ccccc1N(C)C)C(OC)C3OC,"[81, 18]","[{'functional_group': 'phosphonate', 'smiles_inds': [28]}]",0.9990044147838498
1,top,COCC1OC2OC3C(COC)OC(OC4C(COC)OC(OC5C6CP(CC7OC(OC8C(COC)OC(OC9C(COC)OC(OC1C(OC)C2OC)C(OC)C9OC)C(OC)C8OC)C(OC)C(OC)C7OC(O6)C(OC)C5OC)c1ccccc1)C(OC)C4OC)C(OC)C3OC,[26],[],0.9997506254497985
1,top,COCC1OC2OC3C(COC)OC(OC4C5CN(CC6OC(OC7C(COC)OC(OC8C(COC)OC(OC1C(OC)C2OC)C(OC)C8OC)C(OC)C7OC)C(OC)C(OC)C6OC(O5)C(OC)C4OC)Cc1ccccn1)C(OC)C3OC,"[81, 18]","[{'functional_group': 'bromo', 'smiles_inds': [50]}]",0.999916365485745
1,top,COCC1OC2OC3C(COC)OC(OC4C5CN(CC6OC(OC7C(COC)OC(OC8C(COC)OC(OC1C(OC)C2OC)C(OC)C8OC)C(OC)C7OC)C(OC)C(OC)C6OC(O5)C(OC)C4OC)Cc1ccccn1)C(OC)C3OC,"[81, 18]",[],0.9999341733790669
1,top,COCC1OC2OC3C(COC)OC(OC4C(COC)OC(OC5C(COC)OC(OC6C(COC)OC(OC7C(COC)OC(OC8C(COC)OC(OC1C(OC)C2OC)C(OC)C8OC)C(OC)C7OC)C(OC)C6OCc1cncc(COC2C(OC)C6OC(COC)C2OC2OC(COC)C(OC7OC(COC)C(OC8OC(COC)C(OC9OC(COC)C(OC%10OC(COC)C(OC%11OC(COC)C(O6)C(OC)C%11OC)C(OC)C%10OC)C(OC)C9OC)C(OC)C8OC)C(OC)C7OC)C(OC)C2OC)c1)C(OC)C5OC)C(OC)C4OC)C(OC)C3OC,[82],"[{'functional_group': 'ether', 'smiles_inds': [62]}]",0.9999999973026821
2,bottom,CC(C)(C)c1cc2c3cc(cc4c5cc(cc6c7cc(cc8c9cc(cc%10c%11cc(cc%12c(c1)c2c1c(c34)c(c56)c(c78)c(c9%10)c1c%11%12)C(C)(C)C)C(C)(C)C)C(C)(C)C)C(C)(C)C)P(c1cc2c3cc(cc4c5cc(cc6c7cc(cc8c9cc(cc%10c%11cc(cc%12c(c1)c2c1c(c34)c(c56)c(c78)c(c9%10)c1c%11%12)C(C)(C)C)C(C)(C)C)C(C)(C)C)C(C)(C)C)C(C)(C)C)c1cc2c3cc(cc4c5cc(cc6c7cc(cc8c9cc(cc%10c%11cc(cc%12c(c1)c2c1c(c34)c(c56)c(c78)c(c9%10)c1c%11%12)C(C)(C)C)C(C)(C)C)C(C)(C)C)C(C)(C)C)C(C)(C)C,[62],"[{'functional_group': 'hydroxyl', 'smiles_inds': [61]}]",3.8604910062410144e-23
2,bottom,CC(C)(C)c1cc2c3cc(cc4c5cc(cc6c7cc(cc8c9cc(cc%10c%11cc(cc%12c(c1)c2c1c(c34)c(c56)c(c78)c(c9%10)c1c%11%12)C(C)(C)C)C(C)(C)C)C(C)(C)C)C(C)(C)C)P(c1cc2c3cc(cc4c5cc(cc6c7cc(cc8c9cc(cc%10c%11cc(cc%12c(c1)c2c1c(c34)c(c56)c(c78)c(c9%10)c1c%11%12)C(C)(C)C)C(C)(C)C)C(C)(C)C)C(C)(C)C)C(C)(C)C)c1cc2c3cc(cc4c5cc(cc6c7cc(cc8c9cc(cc%10c%11cc(cc%12c(c1)c2c1c(c34)c(c56)c(c78)c(c9%10)c1c%11%12)C(C)(C)C)C(C)(C)C)C(C)(C)C)C(C)(C)C)C(C)(C)C,[62],[],6.117771134544271e-23
2,bottom,CCCC[P](CCCC)(CCCC)CCP(CCP(CCP(CC[P](CCCC)(CCCC)CCCC)CC[P](CCCC)(CCCC)CCCC)c1ccccc1)CC[P](CCCC)(CCCC)CCCC,"[15, 18, 21]","[{'functional_group': 'tribromo', 'smiles_inds': [28]}]",8.580623632428446e-16
2,bottom,CCCC[P](CCCC)(CCCC)CCP(CCP(CCP(CC[P](CCCC)(CCCC)CCCC)CC[P](CCCC)(CCCC)CCCC)c1ccccc1)CC[P](CCCC)(CCCC)CCCC,"[15, 18, 21]","[{'functional_group': 'phosphonate', 'smiles_inds': [50]}, {'functional_group': 'tribromo', 'smiles_inds': [37]}, {'functional_group': 'amino', 'smiles_inds': [64]}]",2.2520772492991553e-15
2,bottom,CCOC(=O)C12C(=O)OCc3ccc4OCCOCCOc5cc(COC(=O)C6(C(=O)OCC)C78c9c%10c%11c%12c%13c%14C%15=C%16c%17c%18c%19c%15c%13c%10c7c%19c7c%18c%10c%13c%17c%15C%16=C%16c%14c%14c%12c%12c%11c%11c%17c%18c%12c%12c%19c%18c%18c%20c%21c%22c(c%13c%13c(c%18%22)c%19C1(c%15%13)C2%16c%14%12)c%10c1c%21c(c(c%17%20)c9%11)C68c71)ccc5OCCOCCOc4c3,"[17, 20, 97, 100, 103, 14]","[{'functional_group': '2-methylbenzoic_acid', 'smiles_inds': [95]}, {'functional_group': 'fluoro', 'smiles_inds': [99]}]",6.843541825183078e-15
2,bottom,C[Si](C)(CCC(F)(F)C(F)(F)C(F)(F)C(F)(F)C(F)(F)C(F)(F)F)c1ccc(cc1)P(CCP(c1ccc(cc1)[Si](C)(C)CCC(F)(F)C(F)(F)C(F)(F)C(F)(F)C(F)(F)C(F)(F)F)c1ccc(cc1)[Si](C)(C)CCC(F)(F)C(F)(F)C(F)(F)C(F)(F)C(F)(F)C(F)(F)F)c1ccc(cc1)[Si](C)(C)CCC(F)(F)C(F)(F)C(F)(F)C(F)(F)C(F)(F)C(F)(F)F,"[30, 33]",[],1.547986219540446e-14
2,bottom,CCOC(=O)C12C(=O)OCc3ccc4OCCOCCOc5cc(COC(=O)C6(C(=O)OCC)C78c9c%10c%11c%12c%13c%14C%15=C%16c%17c%18c%19c%15c%13c%10c7c%19c7c%18c%10c%13c%17c%15C%16=C%16c%14c%14c%12c%12c%11c%11c%17c%18c%12c%12c%19c%18c%18c%20c%21c%22c(c%13c%13c(c%18%22)c%19C1(c%15%13)C2%16c%14%12)c%10c1c%21c(c(c%17%20)c9%11)C68c71)ccc5OCCOCCOc4c3,"[17, 20, 97, 100, 103, 14]",[],2.9549058209383744e-14
2,bottom,CCOC(=O)C1=C(OC23c4c5c6c7c8c9c%10C%11=C%12C%13=C%14C%15=C%16C%17=C%18C%19=C%20C%21=C(c4c4c6c8c6c%10C(=C%19c6c%214)C%17=C%11%15)C4=C6C%20=C%18C8=C%16c%10c%14c%11c%13c%13c(c9%12)c7c7c%13c9c%11c%11c%10c8c6c(c%11c9c2c57)C134)c1ccncc1,[71],[],4.120825763079489e-14
2,bottom,CCOC(=O)C1=C(OC23c4c5c6c7c8c9c%10C%11=C%12C%13=C%14C%15=C%16C%17=C%18C%19=C%20C%21=C(c4c4c6c8c6c%10C(=C%19c6c%214)C%17=C%11%15)C4=C6C%20=C%18C8=C%16c%10c%14c%11c%13c%13c(c9%12)c7c7c%13c9c%11c%11c%10c8c6c(c%11c9c2c57)C134)c1ccncc1,[71],"[{'functional_group': 'carbonyl', 'smiles_inds': [1]}, {'functional_group': 'bromo', 'smiles_inds': [70]}]",7.285985974398797e-14
2,bottom,CCCCCC1c2cc3C(CCCCC)c4cc5C(CCCCC)c6cc7C(CCCCC)c8cc1c1OCOc2cc3OCOc4c(P(c2ccccc2)c2ccccc2)c5OCOc6cc7OCOc8c1OCc1cccc(COc2c3OCOc4cc5OCOc6c7cc8C(CCCCC)c9cc%10C(CCCCC)c(cc3C(CCCCC)c4cc5C7CCCCC)c2OCOc%10cc9OCOc8c6P(c2ccccc2)c2ccccc2)c1,"[48, 142]","[{'functional_group': 'hydroxyl', 'smiles_inds': [110]}]",8.965813039984178e-14
2,bottom,FC(F)(F)C(F)(F)C(F)(F)C(F)(F)C(F)(F)C(F)(F)C(F)(F)C(F)(F)CCP(CCC(F)(F)C(F)(F)C(F)(F)C(F)(F)C(F)(F)C(F)(F)C(F)(F)C(F)(F)F)Cc1cccc(CP(CCC(F)(F)C(F)(F)C(F)(F)C(F)(F)C(F)(F)C(F)(F)C(F)(F)C(F)(F)F)CCC(F)(F)C(F)(F)C(F)(F)C(F)(F)C(F)(F)C(F)(F)C(F)(F)C(F)(F)F)[c-]1,"[27, 62, 117]",[],1.1916467914878274e-13
2,bottom,O1N=C(c2ccncc2)C23C4C5C6C7C8C9C%10C%11C%12C%13C%14C%15C%16C%17C%13C%13C%12C9C9C8C8C6C6C%12C%18C%19C%20C(C%17C%17C%13C9=C(C8%12)C%19%17)C%16C8C9C%15C%12C%14C%11C%11C%10C7C5C5C%11C%12C(=C9C7=C2C(C%18C%20C87)C46)C135,[6],[],1.2221759929004968e-13
2,bottom,C1N(CC23c4c5c6c7c8c9c%10c%11c%12c%13c%14c%10c%10c%15c%14c%14c%16c%13c%13c%12c%12c%17c%11c9c9c%11c%17c%17c%12c%12c%13c%13c%16c%16c%14c%14c%15c(c6c8%10)c4c%14c4c%16c6c%13c%12c8c%17c%10c%11c(c79)c5c2c%10c8c6C134)c1ccncc1,[1],"[{'functional_group': 'hydroxyl', 'smiles_inds': [65]}, {'functional_group': 'thiol', 'smiles_inds': [64]}]",2.1632490345365943e-13
2,bottom,C1N(CC23c4c5c6c7c8c9c%10c%11c%12c%13c%14c%10c%10c%15c%14c%14c%16c%13c%13c%12c%12c%17c%11c9c9c%11c%17c%17c%12c%12c%13c%13c%16c%16c%14c%14c%15c(c6c8%10)c4c%14c4c%16c6c%13c%12c8c%17c%10c%11c(c79)c5c2c%10c8c6C134)c1ccncc1,[1],[],2.423721373873221e-13
2,bottom,[O-]c1ccccc1C1=NOC23c4c5c6c7c8c9c%10c%11c%12c%13c%14c%10c%10c%15c%14c%14c%16c%13c%13c%12c%12c%17c%11c9c9c%11c%17c%17c%12c%12c%13c%13c%16c%16c%14c%14c%15c(c6c8%10)c4c%14c4c%16c6c%13c%12c8c%17c%10c%11c(c79)c5c2c%10c8c6C134,"[8, 0]","[{'functional_group': 'aldehyde', 'smiles_inds': [4]}]",8.210823463403261e-13
2,bottom,C[Si](C)(C)C(c1cc(C([Si](C)(C)C)[Si](C)(C)C)c(Sc2ccccc2Sc2ccccc2Sc2ccccc2Sc2c(cc(cc2C([Si](C)(C)C)[Si](C)(C)C)C([Si](C)(C)C)[Si](C)(C)C)C([Si](C)(C)C)[Si](C)(C)C)c(c1)C([Si](C)(C)C)[Si](C)(C)C)[Si](C)(C)C,"[25, 32]",[],4.2536579930052104e-12
2,bottom,C[Si](C)(C)C(c1cc(C([Si](C)(C)C)[Si](C)(C)C)c(Sc2ccccc2Sc2ccccc2Sc2ccccc2Sc2c(cc(cc2C([Si](C)(C)C)[Si](C)(C)C)C([Si](C)(C)C)[Si](C)(C)C)C([Si](C)(C)C)[Si](C)(C)C)c(c1)C([Si](C)(C)C)[Si](C)(C)C)[Si](C)(C)C,"[25, 32]","[{'functional_group': 'trichloro', 'smiles_inds': [62]}]",9.624829952239143e-12
2,bottom,CCC(C)(C)c1cc(C(c2cc(cc(c2OCCN(C)C(=O)CP(=O)(c2ccccc2)c2ccccc2)C(C)(C)CC)C(C)(C)CC)c2cc(cc(c2OCCN(C)C(=O)CP(=O)(c2ccccc2)c2ccccc2)C(C)(C)CC)C(C)(C)CC)c(OCCN(C)C(=O)CP(=O)(c2ccccc2)c2ccccc2)c(c1)C(C)(C)CC,"[21, 24, 59, 62, 92, 95]","[{'functional_group': 'ethyl', 'smiles_inds': [29]}, {'functional_group': 'ethyl', 'smiles_inds': [57]}]",1.9325659336094434e-11
2,bottom,Cc1ccc(N)c(c1)C1=C2C(=O)C3=C4C5=C6C7=C8C9=C%10C%11=C%12C%13=C%10C%10=C8C8=C6C4(OOC(C)(C)C)C2=C(O1)C8(O)C%10=C1C(=O)OC2=C4OC(=O)C6=C([O-])c8c3c3c%10c%14c8C8=C%15C%16=C(C4=C68)C(=C%12C%16=C4C(=C%14%15)C6=C%10C(=C53)C7=C9C6=C%114)C2=C%131,"[5, 49, 52]","[{'functional_group': 'carboxyl', 'smiles_inds': [7]}]",3.591703324180974e-11
2,bottom,O=C1c2[c-]c3c4c5[c-]c6C(=O)C7(c8ccccc8)C(=NC8(c9ccccn9)c9c1c1c2c2c3c3c%10c4c4c%11c5c5c6c6c%12C%13=C%14C%15=C%16C%17=C%18C(=C%19C3=C2C2=C3C%19=C%18C%18=C%16c%16c%14c%12c(c%12c%16c%18c3c(c12)c9%12)c8c76)C%10=C4C%17=C%15C%11=C5%13)c1ccccc1,"[7, 3, 10]",[],3.922467106734129e-11
2,median,COc1cc(CSc2ccccc2)[c-]c(CSc2ccccc2)c1,"[6, 16, 13]",[],0.46051938550525867
2,median,O=C(C=Cc1c2ccccc2cc2ccccc12)c1ccccc1[O-],"[24, 0]",[],0.46053997647908373
2,median,COc1c[c-]c2N(c3cc(OC)cc(n3)C3=CC(=N[N-]3)C(F)(F)F)c3c(OC)cccc3c2c1,"[4, 14, 19]","[{'functional_group': 'hydroxyl', 'smiles_inds': [3]}]",0.4605414787877932
2,median,CC(C)(C)c1cccc(C=Nc2c(cccc2c2cc(cc(c2)C(F)(F)F)C(F)(F)F)c2cc(cc(c2)C(F)(F)F)C(F)(F)F)c1[O-],"[46, 10]",[],0.46057260990643173
2,median,c1ccc(cc1)N=Cc1ccccn1,"[6, 13]","[{'functional_group': 'ethyl', 'smiles_inds': [10]}]",0.4605984179410635
2,median,CCN1c2ccccc2N=C1C1=CSC=N1,"[15, 9]",[],0.46063222941005694
2,median,Oc1ccccc1C(N1C=CC=N1)N1C=CC=N1,"[12, 17]",[],0.4606355040317259
2,median,COC(=O)C(Br)=[C-]C=CC=[CH-],"[3, 10, 6]","[{'functional_group': 'cyano', 'smiles_inds': [9]}, {'functional_group': 'ketone', 'smiles_inds': [8]}]",0.4606386866956211
2,median,Clc1ccc(CN2C=C(CSc3ccccc3)N=N2)cc1,"[10, 17]","[{'functional_group': 'tribromo', 'smiles_inds': [2]}, {'functional_group': 'carboxyl', 'smiles_inds': [16]}]",0.46065425689877465
2,median,O=C1N(Cc2ccc(CN(Cc3ccccn3)Cc3ccccn3)cc2)C(=O)c2ccccc12,"[9, 16, 23]","[{'functional_group': 'methyl_ester', 'smiles_inds': [32]}, {'functional_group': 'fluoro', 'smiles_inds': [30]}]",0.4607310034511235
2,median,[NH2+]1C2[NH2+]C1C1C34OC1(O3)C24,"[0, 2]","[{'functional_group': 'methyl', 'smiles_inds': [4]}, {'functional_group': 'methyl_ester', 'smiles_inds': [3]}]",0.46075565703477644
2,median,Cc1ccc(cc1)C(=O)[C-]=C(c1ccccc1)c1ccccc1,"[8, 9]","[{'functional_group': 'carbonyl', 'smiles_inds': [2]}]",0.4607692557707452
2,median,Brc1ccc([O-])c(C=NC(c2ccccc2)c2ccccc2)c1,"[5, 8]","[{'functional_group': 'ethyl_ester', 'smiles_inds': [11]}]",0.4607880977242398
2,median,COc1cccc(C=NCCc2ccc(OC)c(OC)c2)c1[O-],"[22, 8]",[],0.46080168133420046
2,median,Cc1cccc(c1)C1=NCCO1,[8],[],0.4609183871717737
2,median,C(Oc1cc(nc(c1)c1ccccn1)c1ccccn1)c1ccccc1,"[13, 5, 19]",[],0.46095271942852845
2,median,CC(C)N(CCN)C(C)C,"[3, 6]",[],0.461009310805544
2,median,Cc1ccc2N=NNc2c1,[5],"[{'functional_group': 'ethyl_ester', 'smiles_inds': [9]}]",0.46106803629162074
2,median,Oc1ccccc1c1ccnc(c1)c1ccccn1,"[18, 10]","[{'functional_group': 'cyano', 'smiles_inds': [2]}, {'functional_group': 'ethyl', 'smiles_inds': [12]}]",0.46106844299160415
2,median,N(P(c1ccccc1)c1ccccc1)c1ncccn1,"[1, 19]","[{'functional_group': 'amino', 'smiles_inds': [12]}]",0.46107063709710927
2,top,Clc1cc2C=NCCN3CCN(Cc4ccccn4)C3c3cc(Cl)cc(C=NCCN4CCN(Cc5ccccn5)C4c(c1)c2[O-])c3[O-],"[47, 11, 18, 45, 33, 40]",[],0.9954529146891601
2,top,O=C([O-])CNC12CNCCNCC(CNCCNC1)(CNCCNC2)NCC(=O)[O-],"[7, 10, 17, 14, 23, 20]","[{'functional_group': 'thiol', 'smiles_inds': [21]}, {'functional_group': 'ethyl_ester', 'smiles_inds': [25]}]",0.9956451231946604
2,top,Oc1ccc(Br)cc1C=NCCN(CCN=Cc1cc(Br)ccc1[O-])CCN(CCN=Cc1cc(Br)ccc1O)CCN=Cc1cc(Br)ccc1[O-],"[24, 15, 12, 27, 42, 51]",[],0.9963716684748455
2,top,CN1C=CC(=C([O-])C1=O)C(=O)NCCOCCNC(=O)c1ccc(C(=O)NCCOCCNC(=O)C2=C([O-])C(=O)N(C)C=C2)c([O-])c1[O-],"[8, 6, 47, 45, 37, 39]","[{'functional_group': 'carboxyl', 'smiles_inds': [32]}]",0.9966334345937083
2,top,NC12CNCCNCC(N)(CNCCNC1)CNC1CCCCC1NC2,"[3, 6, 14, 11, 24, 17]","[{'functional_group': 'carboxylate', 'smiles_inds': [0]}, {'functional_group': 'tribromo', 'smiles_inds': [25]}]",0.9966438846953241
2,top,C(CN(CCN=CC1=NNC=C1)CCN=CC1=NNC=C1)N=CC1=NNC=C1,"[5, 8, 14, 17, 21, 24]",[],0.9970201991077027
2,top,Clc1cc2C[NH+](Cc3ccccc3)Cc3cc(Cl)cc(C[NH+](Cc4ccccc4)Cc4cc(Cl)cc(C[NH+](Cc5ccccc5)Cc(c1)c2[O-])c4[O-])c3[O-],"[49, 53, 51]","[{'functional_group': 'aldehyde', 'smiles_inds': [10]}, {'functional_group': 'trichloro', 'smiles_inds': [26]}]",0.9970556911783955
2,top,Oc1ccc(C=NCCNCCNCCN=Cc2ccc([O-])cc2[O-])c([O-])c1,"[6, 9, 12, 15, 26, 24]",[],0.9973747721167628
2,top,Oc1ccccc1C=NCC(CN=Cc1ccccc1[O-])(CN=Cc1ccccc1[O-])CN=Cc1ccccc1[O-],"[20, 30, 40, 12, 22, 32]",[],0.9973807683442405
2,top,C1CN2CCN=Cc3ccc(nc3)c3ccc(C=NCCN(CCN=Cc4ccc(nc4)c4ccc(C=N1)cn4)CCN=Cc1ccc(nc1)c1ccc(C=NCC2)cn1)cn3,"[11, 59, 39, 61, 30, 48]",[],0.9977056159211941
2,top,O=C([O-])CNC12CNCCNCC(CNCCNC1)(CNCCNC2)NCC(=O)[O-],"[7, 10, 17, 14, 23, 20]",[],0.9984340848903887
2,top,CC(CN=CC1=NNC=C1)(CN=CC1=NNC=C1)CN=CC1=NNC=C1,"[19, 3, 22, 6, 11, 14]","[{'functional_group': 'cyano', 'smiles_inds': [10]}, {'functional_group': 'bromo', 'smiles_inds': [4]}, {'functional_group': 'methyl', 'smiles_inds': [20]}]",0.9984389448435885
2,top,O=C([O-])CNC12CNCCNCC(CNCCNC1)(CNCCNC2)NCC(=O)[O-],"[7, 10, 17, 14, 23, 20]","[{'functional_group': 'chloro', 'smiles_inds': [15]}]",0.9984928948246155
2,top,CC(CN=CC1=NNC=C1)(CN=CC1=NNC=C1)CN=CC1=NNC=C1,"[19, 3, 22, 6, 11, 14]",[],0.9985291122259955
2,top,Oc1ccc(Br)cc1C=NCC(CN=Cc1cc(Br)ccc1[O-])(CN=Cc1cc(Br)ccc1[O-])CN=Cc1cc(Br)ccc1[O-],"[22, 33, 44, 13, 24, 35]","[{'functional_group': 'hydroxyl', 'smiles_inds': [25]}]",0.9990853177445764
2,top,CC12N3CN4C5C6N(CN7C8C9N(CN%10C(=O)N%11CN%12C%13C%14N(CN%15C%16C%17N(CN(C3=O)C1(C)N1CN%17C(=O)N%16CN%14C(=O)N%13CN3C(=O)N(CN9C(=O)N8CN6C(=O)N5CN2C1=O)C%10(C)C%113C)C%15=O)C%12=O)C7=O)C4=O,"[71, 16, 73]",[],0.9990935418898412
2,top,CC12N3CN4C5C6N(CN7C8C9N(CN%10C(=O)N%11CN%12C%13C%14N(CN%15C%16C%17N(CN(C3=O)C1(C)N1CN%17C(=O)N%16CN%14C(=O)N%13CN3C(=O)N(CN9C(=O)N8CN6C(=O)N5CN2C1=O)C%10(C)C%113C)C%15=O)C%12=O)C7=O)C4=O,"[71, 16, 73]","[{'functional_group': 'carboxyllic_acid', 'smiles_inds': [25]}, {'functional_group': 'ether', 'smiles_inds': [35]}, {'functional_group': 'cyano', 'smiles_inds': [45]}]",0.9992311917555371
2,top,O=C1N2CN3C4C5N(CN6C7C8N(CN9C%10C%11N(CN%12C%13C%14N(CN1C1C2N2CN4C(=O)N5CN7C(=O)N8CN%10C(=O)N%11CN%13C(=O)N%14CN1C2=O)C%12=O)C9=O)C6=O)C3=O,"[0, 59]",[],0.9993687193066235
2,top,O=C1N2CN3C4C5N(CN6C7C8N(CN9C%10C%11N(CN%12C%13C%14N(CN%15C%16C%17N(CN%18C%19C%20N(CN1C1C2N2CN4C(=O)N5CN7C(=O)N8CN%10C(=O)N%11CN%13C(=O)N%14CN%16C(=O)N%17CN%19C(=O)N%20CN1C2=O)C%18=O)C%15=O)C%12=O)C9=O)C6=O)C3=O,"[0, 73]","[{'functional_group': 'cyanimide', 'smiles_inds': [11]}]",0.9998436406979745
2,top,O=C1N2CN3C4C5N(CN6C7C8N(CN9C%10C%11N(CN%12C%13C%14N(CN%15C%16C%17N(CN%18C%19C%20N(CN1C1C2N2CN4C(=O)N5CN7C(=O)N8CN%10C(=O)N%11CN%13C(=O)N%14CN%16C(=O)N%17CN%19C(=O)N%20CN1C2=O)C%18=O)C%15=O)C%12=O)C9=O)C6=O)C3=O,"[0, 73]",[],0.9999359012214282
3,bottom,C[Si](C)(C)c1cc(cc(c1)[Si](C#CP(C#C[Si](c1cc(cc(c1)[Si](C)(C)C)[Si](C)(C)C)(c1cc(cc(c1)[Si](C)(C)C)[Si](C)(C)C)c1cc(cc(c1)[Si](C)(C)C)[Si](C)(C)C)C#C[Si](c1cc(cc(c1)[Si](C)(C)C)[Si](C)(C)C)(c1cc(cc(c1)[Si](C)(C)C)[Si](C)(C)C)c1cc(cc(c1)[Si](C)(C)C)[Si](C)(C)C)(c1cc(cc(c1)[Si](C)(C)C)[Si](C)(C)C)c1cc(cc(c1)[Si](C)(C)C)[Si](C)(C)C)[Si](C)(C)C,[13],[],1.051528268689131e-19
3,bottom,CC(C)(C)c1cc2c3cc(cc4c5cc(cc6c7cc(cc8c9cc(cc%10c%11cc(cc%12c(c1)c2c1c(c34)c(c56)c(c78)c(c9%10)c1c%11%12)C(C)(C)C)C(C)(C)C)C(C)(C)C)C(C)(C)C)P(c1ccccc1)c1cc2c3cc(cc4c5cc(cc6c7cc(cc8c9cc(cc%10c%11cc(cc%12c(c1)c2c1c(c34)c(c56)c(c78)c(c9%10)c1c%11%12)C(C)(C)C)C(C)(C)C)C(C)(C)C)C(C)(C)C)C(C)(C)C,[62],[],9.613313168297436e-17
3,bottom,CCOC(=O)C12C(=O)OCc3ccc4OCCOCCOc5cc(COC(=O)C6(C(=O)OCC)C78c9c%10c%11c%12c%13c%14C%15=C%16c%17c%18c%19c%15c%13c%10c7c%19c7c%18c%10c%13c%17c%15C%16=C%16c%14c%14c%12c%12c%11c%11c%17c%18c%12c%12c%19c%18c%18c%20c%21c%22c(c%13c%13c(c%18%22)c%19C1(c%15%13)C2%16c%14%12)c%10c1c%21c(c(c%17%20)c9%11)C68c71)ccc5OCCOCCOc4c3,"[17, 20, 97, 100, 103, 14]",[],3.174884912608643e-15
3,bottom,CCCC[P](CCCC)(CCCC)CCP(CCP(CCP(CC[P](CCCC)(CCCC)CCCC)CC[P](CCCC)(CCCC)CCCC)c1ccccc1)CC[P](CCCC)(CCCC)CCCC,"[15, 18, 21]","[{'functional_group': 'carboxyllic_acid', 'smiles_inds': [3]}]",1.0352461783139988e-14
3,bottom,CCOC(=O)C1=C(OC23c4c5c6c7c8c9c%10C%11=C%12C%13=C%14C%15=C%16C%17=C%18C%19=C%20C%21=C(c4c4c6c8c6c%10C(=C%19c6c%214)C%17=C%11%15)C4=C6C%20=C%18C8=C%16c%10c%14c%11c%13c%13c(c9%12)c7c7c%13c9c%11c%11c%10c8c6c(c%11c9c2c57)C134)c1ccncc1,[71],[],2.4083786355819687e-14
3,bottom,C1N(CC23c4c5c6c7c8c9c%10c%11c%12c%13c%14c%10c%10c%15c%14c%14c%16c%13c%13c%12c%12c%17c%11c9c9c%11c%17c%17c%12c%12c%13c%13c%16c%16c%14c%14c%15c(c6c8%10)c4c%14c4c%16c6c%13c%12c8c%17c%10c%11c(c79)c5c2c%10c8c6C134)c1ccncc1,[1],"[{'functional_group': 'methyl_ester', 'smiles_inds': [68]}, {'functional_group': 'ether', 'smiles_inds': [2]}]",2.4686462824059036e-14
3,bottom,CN1CC23c4c5c6c7c8c9c%10c%11c%12c%13c%14c%10c%10c%15c%14c%14c%16c%13c%13c%12c%12c%17c%11c9c9c%11c%17c%17c%12c%12c%13c%13c%16c%16c%14c%14c%15c(c6c8%10)c4c%14c4c%16c6c%13c%12c8c%17c%10c%11c(c79)c5c2c%10c8c6C34C1c1ccncc1,[67],"[{'functional_group': 'ethyl_ester', 'smiles_inds': [0]}, {'functional_group': 'tribromo', 'smiles_inds': [2]}, {'functional_group': 'carboxyllic_acid', 'smiles_inds': [66]}]",4.136685853781034e-14
3,bottom,CCCCCC1c2cc3C(CCCCC)c4cc5C(CCCCC)c6cc7C(CCCCC)c8cc1c1OCOc2cc3OCOc4c(P(c2ccccc2)c2ccccc2)c5OCOc6cc7OCOc8c1OCc1cccc(COc2c3OCOc4cc5OCOc6c7cc8C(CCCCC)c9cc%10C(CCCCC)c(cc3C(CCCCC)c4cc5C7CCCCC)c2OCOc%10cc9OCOc8c6P(c2ccccc2)c2ccccc2)c1,"[48, 142]","[{'functional_group': 'trichloro', 'smiles_inds': [23]}, {'functional_group': 'trifluro', 'smiles_inds': [128]}]",8.861538390770405e-14
3,bottom,CCCCCC1c2cc3C(CCCCC)c4cc5C(CCCCC)c6cc7C(CCCCC)c8cc1c1OCOc2cc3OCOc4c(P(c2ccccc2)c2ccccc2)c5OCOc6cc7OCOc8c1OCc1cccc(COc2c3OCOc4cc5OCOc6c7cc8C(CCCCC)c9cc%10C(CCCCC)c(cc3C(CCCCC)c4cc5C7CCCCC)c2OCOc%10cc9OCOc8c6P(c2ccccc2)c2ccccc2)c1,"[48, 142]",[],2.0798644468363167e-13
3,bottom,FC(F)(F)C(F)(F)C(F)(F)C(F)(F)C(F)(F)C(F)(F)C(F)(F)C(F)(F)CCP(CCC(F)(F)C(F)(F)C(F)(F)C(F)(F)C(F)(F)C(F)(F)C(F)(F)C(F)(F)F)Cc1cccc(CP(CCC(F)(F)C(F)(F)C(F)(F)C(F)(F)C(F)(F)C(F)(F)C(F)(F)C(F)(F)F)CCC(F)(F)C(F)(F)C(F)(F)C(F)(F)C(F)(F)C(F)(F)C(F)(F)C(F)(F)F)[c-]1,"[27, 62, 117]","[{'functional_group': 'cyano', 'smiles_inds': [61]}]",1.894137527385265e-12
3,bottom,C[Si](C)(C)C(c1cc(C([Si](C)(C)C)[Si](C)(C)C)c(Sc2ccccc2Sc2ccccc2Sc2ccccc2Sc2c(cc(cc2C([Si](C)(C)C)[Si](C)(C)C)C([Si](C)(C)C)[Si](C)(C)C)C([Si](C)(C)C)[Si](C)(C)C)c(c1)C([Si](C)(C)C)[Si](C)(C)C)[Si](C)(C)C,"[25, 32]",[],9.555256034796358e-12
3,bottom,O=C1c2[c-]c3c4c5[c-]c6C(=O)C7(c8ccccc8)C(=NC8(c9ccccn9)c9c1c1c2c2c3c3c%10c4c4c%11c5c5c6c6c%12C%13=C%14C%15=C%16C%17=C%18C(=C%19C3=C2C2=C3C%19=C%18C%18=C%16c%16c%14c%12c(c%12c%16c%18c3c(c12)c9%12)c8c76)C%10=C4C%17=C%15C%11=C5%13)c1ccccc1,"[7, 3, 10]","[{'functional_group': 'cyanimide', 'smiles_inds': [81]}]",1.567911686799319e-11
3,bottom,Cc1ccc(N)c(c1)C1=C2C(=O)C3=C4C5=C6C7=C8C9=C%10C%11=C%12C%13=C%10C%10=C8C8=C6C4(OOC(C)(C)C)C2=C(O1)C8(O)C%10=C1C(=O)OC2=C4OC(=O)C6=C([O-])c8c3c3c%10c%14c8C8=C%15C%16=C(C4=C68)C(=C%12C%16=C4C(=C%14%15)C6=C%10C(=C53)C7=C9C6=C%114)C2=C%131,"[5, 49, 52]",[],1.6404757132224112e-11
3,bottom,C[Si](C)(C)C(c1cc(C([Si](C)(C)C)[Si](C)(C)C)c([Se]c2ccccc2[Se]c2ccccc2[Se]c2ccccc2[Se]c2c(cc(cc2C([Si](C)(C)C)[Si](C)(C)C)C([Si](C)(C)C)[Si](C)(C)C)C([Si](C)(C)C)[Si](C)(C)C)c(c1)C([Si](C)(C)C)[Si](C)(C)C)[Si](C)(C)C,"[25, 32]",[],1.816894830288021e-11
3,bottom,O=C1c2[c-]c3c4c5[c-]c6C(=O)C7(c8ccccc8)C(=NC8(c9ccccn9)c9c1c1c2c2c3c3c%10c4c4c%11c5c5c6c6c%12C%13=C%14C%15=C%16C%17=C%18C(=C%19C3=C2C2=C3C%19=C%18C%18=C%16c%16c%14c%12c(c%12c%16c%18c3c(c12)c9%12)c8c76)C%10=C4C%17=C%15C%11=C5%13)c1ccccc1,"[7, 3, 10]","[{'functional_group': 'aldehyde', 'smiles_inds': [25]}]",2.542025895827665e-11
3,bottom,FC(F)(F)C(F)(F)C(F)(F)C(F)(F)C(F)(F)C(F)(F)C(F)(F)C(F)(F)c1cc(cc(c1)C(F)(F)C(F)(F)C(F)(F)C(F)(F)C(F)(F)C(F)(F)C(F)(F)C(F)(F)F)c1cccc(c2cc(cc(c2)C(F)(F)C(F)(F)C(F)(F)C(F)(F)C(F)(F)C(F)(F)C(F)(F)C(F)(F)F)C(F)(F)C(F)(F)C(F)(F)C(F)(F)C(F)(F)C(F)(F)C(F)(F)C(F)(F)F)c1N=Cc1cc(I)cc(I)c1[O-],"[118, 128]","[{'functional_group': 'thiol', 'smiles_inds': [57]}, {'functional_group': 'ketone', 'smiles_inds': [64]}, {'functional_group': 'amino', 'smiles_inds': [119]}]",3.5453071484757103e-10
3,bottom,FC(F)(F)C(F)(F)C(F)(F)C(F)(F)C(F)(F)C(F)(F)C(F)(F)C(F)(F)CCCP(CCCC(F)(F)C(F)(F)C(F)(F)C(F)(F)C(F)(F)C(F)(F)C(F)(F)C(F)(F)F)CCCC(F)(F)C(F)(F)C(F)(F)C(F)(F)C(F)(F)C(F)(F)C(F)(F)C(F)(F)F,[28],"[{'functional_group': 'trichloro', 'smiles_inds': [57]}, {'functional_group': 'methyl', 'smiles_inds': [29]}]",3.90702160749642e-10
3,bottom,CCC(C)(C)c1cc(C(c2cc(cc(c2OCCN(C)C(=O)CP(=O)(c2ccccc2)c2ccccc2)C(C)(C)CC)C(C)(C)CC)c2cc(cc(c2OCCN(C)C(=O)CP(=O)(c2ccccc2)c2ccccc2)C(C)(C)CC)C(C)(C)CC)c(OCCN(C)C(=O)CP(=O)(c2ccccc2)c2ccccc2)c(c1)C(C)(C)CC,"[21, 24, 59, 62, 92, 95]","[{'functional_group': 'trichloro', 'smiles_inds': [8]}]",6.15697638086634e-10
3,bottom,FC(F)(F)C(F)(F)C(F)(F)C(F)(F)C(F)(F)C(F)(F)C(F)(F)C(F)(F)CCc1ccc(cc1)P(c1ccc(CCC(F)(F)C(F)(F)C(F)(F)C(F)(F)C(F)(F)C(F)(F)C(F)(F)C(F)(F)F)cc1)c1ccc(CCC(F)(F)C(F)(F)C(F)(F)C(F)(F)C(F)(F)C(F)(F)C(F)(F)C(F)(F)F)cc1,[33],"[{'functional_group': 'ether', 'smiles_inds': [38]}]",6.344823680799632e-10
3,bottom,CC(C)c1cc(cc(c1)C(C(=O)Nc1cccc(NC(=O)C(c2cc(cc(c2)C(C)C)C(C)C)(c2cc(cc(c2)C(C)C)C(C)C)c2cc(cc(c2)C(C)C)C(C)C)c1[S-])(c1cc(cc(c1)C(C)C)C(C)C)c1cc(cc(c1)C(C)C)C(C)C)C(C)C,"[59, 11]",[],6.991909296814822e-10
3,median,C[Si](C)(C)CSc1cccc2cccnc12,"[5, 14]","[{'functional_group': 'cyano', 'smiles_inds': [7]}]",0.4635215585523964
3,median,Cc1ccc(cc1)S(=O)(=O)NC(=O)Cc1ccc(cc1)N=Cc1ccccn1,"[27, 20]","[{'functional_group': 'carboxylate', 'smiles_inds': [15]}]",0.46355531244295556
3,median,S=C(NCCc1ccccc1)NN=Cc1ccccn1,"[0, 19, 12]","[{'functional_group': 'bromo', 'smiles_inds': [18]}, {'functional_group': 'ketone', 'smiles_inds': [9]}, {'functional_group': 'carboxyl', 'smiles_inds': [3]}, {'functional_group': 'ethyl_ester', 'smiles_inds': [16]}]",0.46356786219218266
3,median,[NH2+]1C2[NH2+]C1C1C34OC1(O3)C24,"[0, 2]","[{'functional_group': '2-hydroxypyridine', 'smiles_inds': [4]}, {'functional_group': 'phenyl', 'smiles_inds': [9]}, {'functional_group': 'ethyl_ester', 'smiles_inds': [3]}]",0.46357008369901187
3,median,Cc1ccnc(c1)N1C=CN(CC=C)[CH-]1,"[10, 14]","[{'functional_group': 'chloro', 'smiles_inds': [9]}]",0.4635922213677149
3,median,CC(C)(C)OC([O-])=NCCc1cccc[c-]1,"[15, 6, 7]","[{'functional_group': 'ketone', 'smiles_inds': [9]}, {'functional_group': 'methyl_ester', 'smiles_inds': [8]}]",0.463646142009446
3,median,CC(C)[NH2+]C(C1=NC=CN1)C1=NC=CN1,"[6, 11]","[{'functional_group': 'cyano', 'smiles_inds': [0]}, {'functional_group': 'cyanimide', 'smiles_inds': [9]}]",0.4636776666411905
3,median,Fc1ccccc1c1cc(cc(p1)c1[c-]cccc1F)c1ccccc1,"[12, 14]","[{'functional_group': 'bromo', 'smiles_inds': [22]}, {'functional_group': 'ethyl', 'smiles_inds': [2]}]",0.4637195618051496
3,median,CC(C)([O-])CP(=O)(c1ccccc1)c1ccccc1,"[3, 6]",[],0.4637246002996865
3,median,Cc1ccc(cc1)S(=O)(=O)[N-]c1ccccc1N=Cc1ccccc1[O-],"[25, 17, 10]","[{'functional_group': 'iodo', 'smiles_inds': [21]}]",0.46373581211877846
3,median,CN1C(CCC1=O)c1cccnc1,[11],"[{'functional_group': 'bromo', 'smiles_inds': [10]}, {'functional_group': 'hydroxyl', 'smiles_inds': [12]}]",0.4637477319532428
3,median,NSO,[0],"[{'functional_group': '2-methylbenzoic_acid', 'smiles_inds': [2]}]",0.46397501621077775
3,median,Cc1ccc(cc1)C1=C2NC(=O)C(=C2)C(C)(C)C2=NC(=C(c3ccc(C)cc3)C3=CC=C([N-]3)C(=C3C=CC1=N3)c1ccc(C)cc1)C=C2,"[18, 32, 38]","[{'functional_group': 'aldehyde', 'smiles_inds': [36]}]",0.4639800430253652
3,median,Cc1ccc(cc1)C(=O)OCc1cccc(C[C-]=O)n1,"[17, 19]","[{'functional_group': 'carboxyl', 'smiles_inds': [0]}, {'functional_group': 'hydroxyl', 'smiles_inds': [16]}, {'functional_group': 'aldehyde', 'smiles_inds': [3]}]",0.4640532073097942
3,median,CN1C=CN(CCNCc2ccccn2)[CH-]1,"[7, 1, 15]","[{'functional_group': 'phosphonate', 'smiles_inds': [3]}]",0.46410111248034697
3,median,CN1C(=O)NC(=O)c2nc(C)c(C)nc12,"[6, 8]",[],0.4641120162245004
3,median,CN(C)C([S-])=NN=C(c1ccc(C)cc1)c1ccccn1,"[1, 6, 4]",[],0.4641238981265037
3,median,ClC(=Nc1ccccc1)c1cccc(n1)C(Cl)=Nc1ccccc1,"[14, 2, 17]",[],0.46415189375182764
3,median,COC(=O)OC,[3],"[{'functional_group': 'carboxyl', 'smiles_inds': [5]}]",0.4642011963235077
3,median,OC(=O)CC#N,[5],"[{'functional_group': 'ethyl', 'smiles_inds': [0]}]",0.46421007026195676
3,top,c1cc([c-]c(c1)C12N=CC3C4C1[S+2]234)C12N=CC3C4C1[S+2]234,"[7, 14, 3]","[{'functional_group': 'carboxylate', 'smiles_inds': [0]}, {'functional_group': 'tribromo', 'smiles_inds': [5]}, {'functional_group': 'aldehyde', 'smiles_inds': [8]}]",0.9974377252031753
3,top,CC12CNCCNCC(CNCCNC1)(CNCCNC2)N(=O)=O,"[3, 6, 13, 10, 19, 16]",[],0.997524512981314
3,top,c1cc([c-]c(c1)C12N=CC3C4C1[S+2]234)C12N=CC3C4C1[S+2]234,"[7, 14, 3]","[{'functional_group': 'carboxylate', 'smiles_inds': [0]}, {'functional_group': 'carboxylate', 'smiles_inds': [8]}, {'functional_group': 'chloro', 'smiles_inds': [9]}, {'functional_group': 'amino', 'smiles_inds': [11]}]",0.9975357655738742
3,top,c1cc([c-]c(c1)C12N=CC3C4C1[S+2]234)C12N=CC3C4C1[S+2]234,"[7, 14, 3]","[{'functional_group': 'carboxylate', 'smiles_inds': [0]}, {'functional_group': 'carboxylate', 'smiles_inds': [17]}, {'functional_group': 'chloro', 'smiles_inds': [8]}]",0.9975762128802196
3,top,c1cc([c-]c(c1)C12N=CC3C4C1[S+2]234)C12N=CC3C4C1[S+2]234,"[7, 14, 3]","[{'functional_group': 'carboxyl', 'smiles_inds': [10]}, {'functional_group': 'carboxylate', 'smiles_inds': [1]}, {'functional_group': 'carboxylate', 'smiles_inds': [5]}]",0.9976040094548307
3,top,[NH3+]C12CNCCNCC(C)(CNCCNC1)CNCCNC2,"[11, 3, 20, 17, 6, 14]","[{'functional_group': 'trichloro', 'smiles_inds': [15]}, {'functional_group': 'thiol', 'smiles_inds': [21]}]",0.9977745023509843
3,top,O=C1N2CN3C4C5N(CN6C7C8N(CN9C%10C%11N(CN%12C%13C%14N(CN%15C%16C%17N(CN%18C%19C%20N(CN1C1C2N2CN4C(=O)N5CN7C(=O)N8CN%10C(=O)N%11CN%13C(=O)N%14CN%16C(=O)N%17CN%19C(=O)N%20CN1C2=O)C%18=O)C%15=O)C%12=O)C9=O)C6=O)C3=O,"[0, 73]","[{'functional_group': 'amide', 'smiles_inds': [23]}, {'functional_group': 'ketone', 'smiles_inds': [16]}]",0.9978219298136366
3,top,CC12CNCCNCC(N)(CNCCNC1)CNCCNC2,"[11, 3, 20, 6, 17, 14]",[],0.9979276822662159
3,top,O=C(NCCNC(=O)c1ccc(C(=O)NCCNC(=O)C2=C([O-])C(=O)C=CO2)c([O-])c1[O-])C1=C([O-])C(=O)C=CO1,"[36, 34, 31, 29, 22, 24]","[{'functional_group': 'thiol', 'smiles_inds': [2]}, {'functional_group': 'amino', 'smiles_inds': [3]}]",0.9979486287512528
3,top,Oc1ccc(Br)cc1C=NCC(CN=Cc1cc(Br)ccc1[O-])(CN=Cc1cc(Br)ccc1[O-])CN=Cc1cc(Br)ccc1[O-],"[22, 33, 44, 13, 24, 35]","[{'functional_group': 'ketone', 'smiles_inds': [27]}, {'functional_group': 'ethyl_ester', 'smiles_inds': [23]}]",0.9981037603114676
3,top,Oc1ccc(Br)cc1C=NCC(CN=Cc1cc(Br)ccc1[O-])(CN=Cc1cc(Br)ccc1[O-])CN=Cc1cc(Br)ccc1[O-],"[22, 33, 44, 13, 24, 35]","[{'functional_group': '2-methylbenzoic_acid', 'smiles_inds': [14]}, {'functional_group': 'cyano', 'smiles_inds': [0]}]",0.9981654149154257
3,top,CC12CNCCNCC(N)(CNCCNC1)CNCCNC2,"[11, 3, 20, 6, 17, 14]","[{'functional_group': 'tribromo', 'smiles_inds': [18]}]",0.9981955758171827
3,top,Oc1ccccc1C=NCC(CN=Cc1ccccc1[O-])(CN=Cc1ccccc1[O-])CN=Cc1ccccc1[O-],"[20, 30, 40, 12, 22, 32]",[],0.9982482716534917
3,top,OC12CNCCNCC(CNCCNC1)(CNCCNC2)N(=O)=O,"[19, 3, 6, 16, 13, 10]","[{'functional_group': 'carboxylate', 'smiles_inds': [5]}]",0.9983470060231421
3,top,O=C1N2CN3C4C5N(CN6C7C8N(CN9C%10C%11N(CN%12C%13C%14N(CN%15C%16C%17N(CN1C1C2N2CN4C(=O)N5CN7C(=O)N8CN%10C(=O)N%11CN%13C(=O)N%14CN%16C(=O)N%17CN1C2=O)C%15=O)C%12=O)C9=O)C6=O)C3=O,"[65, 67, 69]",[],0.9989242639875666
3,top,O=C1N2CN3C4C5N(CN6C7C8N(CN9C%10C%11N(CN%12C%13C%14N(CN%15C%16C%17N(CN1C1C2N2CN4C(=O)N5CN7C(=O)N8CN%10C(=O)N%11C4OC(N%13C(=O)N%14CN%16C(=O)N%17CN1C2=O)c1ccccc41)C%15=O)C%12=O)C9=O)C6=O)C3=O,"[75, 73]","[{'functional_group': 'hydroxyl', 'smiles_inds': [67]}]",0.9991245332163258
3,top,NC1C(O)C(N)C([O-])C(NCCNC2C(O)C(N)C(O)C(N)C2[O-])C1O,"[12, 9, 21, 5, 23, 7]","[{'functional_group': 'amino', 'smiles_inds': [1]}]",0.9992648473371933
3,top,O=C([O-])CNC12CNCCNCC(CNCCNC1)(CNCCNC2)NCC(=O)[O-],"[7, 10, 17, 14, 23, 20]","[{'functional_group': 'thiol', 'smiles_inds': [22]}]",0.9993594073463296
3,top,CC12CNCCNCC(CNCCNC1)(CNCCNC2)N(CC(=O)[O-])CC(=O)[O-],"[6, 3, 10, 13, 16, 19]",[],0.9994209557180987
3,top,CC12CNCCNCC(CNCCNC1)(CNCCNC2)N(CC(=O)[O-])CC(=O)[O-],"[6, 3, 10, 13, 16, 19]","[{'functional_group': 'amino', 'smiles_inds': [20]}]",0.9996203634063973
4,bottom,C[Si](C)(C)c1cc(cc(c1)[Si](C#CP(C#C[Si](c1cc(cc(c1)[Si](C)(C)C)[Si](C)(C)C)(c1cc(cc(c1)[Si](C)(C)C)[Si](C)(C)C)c1cc(cc(c1)[Si](C)(C)C)[Si](C)(C)C)C#C[Si](c1cc(cc(c1)[Si](C)(C)C)[Si](C)(C)C)(c1cc(cc(c1)[Si](C)(C)C)[Si](C)(C)C)c1cc(cc(c1)[Si](C)(C)C)[Si](C)(C)C)(c1cc(cc(c1)[Si](C)(C)C)[Si](C)(C)C)c1cc(cc(c1)[Si](C)(C)C)[Si](C)(C)C)[Si](C)(C)C,[13],"[{'functional_group': 'hydroxyl', 'smiles_inds': [85]}]",8.838031735132019e-21
4,bottom,C[Si](C)(C)c1cc(cc(c1)[Si](C#CP(C#C[Si](c1cc(cc(c1)[Si](C)(C)C)[Si](C)(C)C)(c1cc(cc(c1)[Si](C)(C)C)[Si](C)(C)C)c1cc(cc(c1)[Si](C)(C)C)[Si](C)(C)C)C#C[Si](c1cc(cc(c1)[Si](C)(C)C)[Si](C)(C)C)(c1cc(cc(c1)[Si](C)(C)C)[Si](C)(C)C)c1cc(cc(c1)[Si](C)(C)C)[Si](C)(C)C)(c1cc(cc(c1)[Si](C)(C)C)[Si](C)(C)C)c1cc(cc(c1)[Si](C)(C)C)[Si](C)(C)C)[Si](C)(C)C,[13],"[{'functional_group': 'cyano', 'smiles_inds': [89]}]",1.8550778161875364e-20
4,bottom,CC(C)(C)c1cc2c3cc(cc4c5cc(cc6c7cc(cc8c9cc(cc%10c%11cc(cc%12c(c1)c2c1c(c34)c(c56)c(c78)c(c9%10)c1c%11%12)C(C)(C)C)C(C)(C)C)C(C)(C)C)C(C)(C)C)P(c1ccccc1)c1cc2c3cc(cc4c5cc(cc6c7cc(cc8c9cc(cc%10c%11cc(cc%12c(c1)c2c1c(c34)c(c56)c(c78)c(c9%10)c1c%11%12)C(C)(C)C)C(C)(C)C)C(C)(C)C)C(C)(C)C)C(C)(C)C,[62],"[{'functional_group': 'ketone', 'smiles_inds': [10]}]",9.138392642811029e-17
4,bottom,C[Si](C)(C)c1cc(cc(c1)[Si](C)(C)C)C(C(=O)Nc1cccc(NC(=O)C(c2cc(cc(c2)[Si](C)(C)C)[Si](C)(C)C)(c2cc(cc(c2)[Si](C)(C)C)[Si](C)(C)C)c2cc(cc(c2)[Si](C)(C)C)[Si](C)(C)C)c1[S-])(c1cc(cc(c1)[Si](C)(C)C)[Si](C)(C)C)c1cc(cc(c1)[Si](C)(C)C)[Si](C)(C)C,"[70, 16]",[],6.2537945640092074e-15
4,bottom,CCOC(=O)C12C(=O)OCc3ccc4OCCOCCOc5cc(COC(=O)C6(C(=O)OCC)C78c9c%10c%11c%12c%13c%14C%15=C%16c%17c%18c%19c%15c%13c%10c7c%19c7c%18c%10c%13c%17c%15C%16=C%16c%14c%14c%12c%12c%11c%11c%17c%18c%12c%12c%19c%18c%18c%20c%21c%22c(c%13c%13c(c%18%22)c%19C1(c%15%13)C2%16c%14%12)c%10c1c%21c(c(c%17%20)c9%11)C68c71)ccc5OCCOCCOc4c3,"[17, 20, 97, 100, 103, 14]","[{'functional_group': 'amide', 'smiles_inds': [32]}]",9.069084290761409e-15
4,bottom,CCOC(=O)C1=C(OC23c4c5c6c7c8c9c%10C%11=C%12C%13=C%14C%15=C%16C%17=C%18C%19=C%20C%21=C(c4c4c6c8c6c%10C(=C%19c6c%214)C%17=C%11%15)C4=C6C%20=C%18C8=C%16c%10c%14c%11c%13c%13c(c9%12)c7c7c%13c9c%11c%11c%10c8c6c(c%11c9c2c57)C134)c1ccncc1,[71],[],5.846370623153563e-13
4,bottom,CC1(N=C(c2ccccc2)C23C4=C5C6=C7C8=C9C%10=C%11C%12=C%13C%14=C%11C8=C6C6=C4C4=C8C%11=C%15C%16=C(C%17=C%12C%12=C%10C%10=C9C9=C7C7=C5C2=C2C5=C%18C%19=C%20C(=C%12C%17=C%12C%20=C%17C(=C%16%12)C%11=C(C2=C%18%17)C138)C%10=C%19C9=C75)C%13=C%15C4=C%146)C(=O)[O-],"[72, 2]","[{'functional_group': 'ethyl_ester', 'smiles_inds': [0]}]",1.1185446043461261e-12
4,bottom,C[Si](C)(C)C(c1cc(C([Si](C)(C)C)[Si](C)(C)C)c(Sc2ccccc2Sc2ccccc2Sc2ccccc2Sc2c(cc(cc2C([Si](C)(C)C)[Si](C)(C)C)C([Si](C)(C)C)[Si](C)(C)C)C([Si](C)(C)C)[Si](C)(C)C)c(c1)C([Si](C)(C)C)[Si](C)(C)C)[Si](C)(C)C,"[25, 32]","[{'functional_group': 'carboxyl', 'smiles_inds': [12]}, {'functional_group': 'cyanimide', 'smiles_inds': [58]}, {'functional_group': 'ketone', 'smiles_inds': [74]}]",1.14919103060416e-12
4,bottom,C1N(CC23c4c5c6c7c8c9c%10c%11c%12c%13c%14c%10c%10c%15c%14c%14c%16c%13c%13c%12c%12c%17c%11c9c9c%11c%17c%17c%12c%12c%13c%13c%16c%16c%14c%14c%15c(c6c8%10)c4c%14c4c%16c6c%13c%12c8c%17c%10c%11c(c79)c5c2c%10c8c6C134)c1ccncc1,[1],[],1.6852860014205245e-12
4,bottom,C[Si](C)(C)C(c1cc(C([Si](C)(C)C)[Si](C)(C)C)c([Se]c2ccccc2Sc2ccccc2Sc2ccccc2[Se]c2c(cc(cc2C([Si](C)(C)C)[Si](C)(C)C)C([Si](C)(C)C)[Si](C)(C)C)C([Si](C)(C)C)[Si](C)(C)C)c(c1)C([Si](C)(C)C)[Si](C)(C)C)[Si](C)(C)C,"[25, 32]",[],1.7213419678847553e-12
4,bottom,C[Si](C)(C)C(c1cc(C([Si](C)(C)C)[Si](C)(C)C)c(Sc2ccccc2Sc2ccccc2Sc2ccccc2Sc2c(cc(cc2C([Si](C)(C)C)[Si](C)(C)C)C([Si](C)(C)C)[Si](C)(C)C)C([Si](C)(C)C)[Si](C)(C)C)c(c1)C([Si](C)(C)C)[Si](C)(C)C)[Si](C)(C)C,"[25, 32]","[{'functional_group': 'methyl_ester', 'smiles_inds': [85]}, {'functional_group': 'hydroxyl', 'smiles_inds': [36]}]",2.045011144213767e-12
4,bottom,C[Si](C)(C)C(c1cc(C([Si](C)(C)C)[Si](C)(C)C)c([Se]c2ccccc2[Se]c2ccccc2[Se]c2ccccc2[Se]c2c(cc(cc2C([Si](C)(C)C)[Si](C)(C)C)C([Si](C)(C)C)[Si](C)(C)C)C([Si](C)(C)C)[Si](C)(C)C)c(c1)C([Si](C)(C)C)[Si](C)(C)C)[Si](C)(C)C,"[25, 32]","[{'functional_group': 'carboxyl', 'smiles_inds': [70]}, {'functional_group': 'ether', 'smiles_inds': [34]}, {'functional_group': 'ethyl_ester', 'smiles_inds': [57]}]",2.728170069832171e-12
4,bottom,CN1CC23c4c5c6c7c8c9c%10c%11c%12c%13c%14c%10c%10c%15c%14c%14c%16c%13c%13c%12c%12c%17c%11c9c9c%11c%17c%17c%12c%12c%13c%13c%16c%16c%14c%14c%15c(c6c8%10)c4c%14c4c%16c6c%13c%12c8c%17c%10c%11c(c79)c5c2c%10c8c6C34C1c1ccncc1,[67],[],2.738592753316253e-12
4,bottom,C[Si](C)(C)C(c1cc(C([Si](C)(C)C)[Si](C)(C)C)c([Se]c2ccccc2[Se]c2ccccc2[Se]c2ccccc2[Se]c2c(cc(cc2C([Si](C)(C)C)[Si](C)(C)C)C([Si](C)(C)C)[Si](C)(C)C)C([Si](C)(C)C)[Si](C)(C)C)c(c1)C([Si](C)(C)C)[Si](C)(C)C)[Si](C)(C)C,"[25, 32]",[],3.41179611600352e-12
4,bottom,FC(F)(F)C(F)(F)C(F)(F)C(F)(F)C(F)(F)C(F)(F)C(F)(F)C(F)(F)CCP(CCC(F)(F)C(F)(F)C(F)(F)C(F)(F)C(F)(F)C(F)(F)C(F)(F)C(F)(F)F)Cc1cccc(CP(CCC(F)(F)C(F)(F)C(F)(F)C(F)(F)C(F)(F)C(F)(F)C(F)(F)C(F)(F)F)CCC(F)(F)C(F)(F)C(F)(F)C(F)(F)C(F)(F)C(F)(F)C(F)(F)C(F)(F)F)[c-]1,"[27, 62, 117]","[{'functional_group': 'carboxylate', 'smiles_inds': [59]}]",3.891742681003357e-12
4,bottom,N1C(c2ccccn2)C23C4=C5C6=C7C8=C9c%10c%11c%12c%13c%14c%10c8c8c%10c%14c%14c%13c%13c%15c%12c%12c%11c%11C9=C6C6=C4C4=C9c(c%12c%12c%15c%15c%13c%13c%14c%14c%10c%10c8c7c5c5c%10c7c%14c%13c8c%15c(c9%12)C(=C24)c8c7C35C1c1ccccn1)c%116,[0],"[{'functional_group': 'aldehyde', 'smiles_inds': [72]}]",4.521154804900461e-12
4,bottom,N1C(c2ccccn2)C23C4=C5C6=C7C8=C9c%10c%11c%12c%13c%14c%10c8c8c%10c%14c%14c%13c%13c%15c%12c%12c%11c%11C9=C6C6=C4C4=C9c(c%12c%12c%15c%15c%13c%13c%14c%14c%10c%10c8c7c5c5c%10c7c%14c%13c8c%15c(c9%12)C(=C24)c8c7C35C1c1ccccn1)c%116,[0],"[{'functional_group': 'fluoro', 'smiles_inds': [5]}]",4.710525192807444e-12
4,bottom,CC1(N=C(c2ccccc2)C23C4=C5C6=C7C8=C9C%10=C%11C%12=C%13C%14=C%11C8=C6C6=C4C4=C8C%11=C%15C%16=C(C%17=C%12C%12=C%10C%10=C9C9=C7C7=C5C2=C2C5=C%18C%19=C%20C(=C%12C%17=C%12C%20=C%17C(=C%16%12)C%11=C(C2=C%18%17)C138)C%10=C%19C9=C75)C%13=C%15C4=C%146)C(=O)[O-],"[72, 2]",[],4.723913000187053e-12
4,bottom,C[Si](C)(C)C(c1cc(C([Si](C)(C)C)[Si](C)(C)C)c(Sc2ccccc2[Se]c2ccccc2[Se]c2ccccc2Sc2c(cc(cc2C([Si](C)(C)C)[Si](C)(C)C)C([Si](C)(C)C)[Si](C)(C)C)C([Si](C)(C)C)[Si](C)(C)C)c(c1)C([Si](C)(C)C)[Si](C)(C)C)[Si](C)(C)C,"[25, 32]","[{'functional_group': 'carbonyl', 'smiles_inds': [71]}]",4.870139969934643e-12
4,bottom,C1CCCCCCCCCCCP2CCCCCCCCCCCCCCCCCCCCCCP(CCCCCCCCCC1)CCCCCCCCCCCCCCCCCCCCCC2,"[12, 35]","[{'functional_group': 'trifluro', 'smiles_inds': [20]}]",4.0789722494896806e-11
4,median,CN(O)c1nc(nc(n1)N1CCOCC1)N(C)[O-],"[9, 17, 2]","[{'functional_group': 'chloro', 'smiles_inds': [10]}]",0.46589147066842507
4,median,CC1(C)C2CCC1(C)C1=C2C(=NN1)c1cccc(n1)C1=NNC2=C1C1CCC2(C)C1(C)C,"[11, 18, 20]","[{'functional_group': 'tribromo', 'smiles_inds': [28]}, {'functional_group': 'methyl_ester', 'smiles_inds': [2]}]",0.46596487994250835
4,median,O=C([N-]c1cccc2cccnc12)c1ccccc1Nc1ccccc1,"[19, 11, 2]",[],0.46601217993107913
4,median,CCCCC1(C=CC=C([N-]1)c1ccccn1)c1ccccn1,"[21, 9, 15]","[{'functional_group': 'trichloro', 'smiles_inds': [0]}]",0.4661444364616492
4,median,CC(Cc1ccccc1)(C1=NC2C(Cc3ccccc23)O1)C1=NC2C(Cc3ccccc23)O1,"[10, 22]","[{'functional_group': 'carboxylate', 'smiles_inds': [16]}, {'functional_group': '2-hydroxypyridine', 'smiles_inds': [4]}]",0.46615788038866707
4,median,CC1(C)CCC(C)(C)c2cc3c(cc12)c(nnc3c1cc(cc[c-]1)C(F)(F)F)c1cccc(c1)C(F)(F)F,"[16, 23]",[],0.4661724186557039
4,median,COc1cccc(OC)c1C=Nc1ccccc1[S-],"[18, 11]",[],0.4661776354205151
4,median,Cc1ccc2NC(=O)C(=Cc2c1)C=NNC(=O)Nc1ccccc1,"[7, 16, 13]","[{'functional_group': 'methyl', 'smiles_inds': [20]}, {'functional_group': 'aldehyde', 'smiles_inds': [11]}, {'functional_group': 'carboxyllic_acid', 'smiles_inds': [14]}]",0.46619937368538317
4,median,COc1cc2ccnc(c3ccccc3N)c2cc1OC,"[15, 7]",[],0.4662195324477328
4,median,CSc1cccc(NC(=O)Nc2ccccn2)c1,[1],"[{'functional_group': 'carboxyllic_acid', 'smiles_inds': [15]}]",0.46623896554258415
4,median,S=C(Nc1ccccc1)c1cccc(OP(=S)(c2ccccc2)c2ccccc2)[c-]1,"[29, 16, 0]","[{'functional_group': 'carboxyl', 'smiles_inds': [2]}]",0.46624612598785475
4,median,[NH2+](CCCc1ccccc1)C12CNCCNCC([NH2+]CCCc3ccccc3)(CNCCNC1)CNCCNC2,"[15, 35, 32, 12, 29, 38]","[{'functional_group': 'amino', 'smiles_inds': [16]}, {'functional_group': 'iodo', 'smiles_inds': [11]}]",0.46624832659957643
4,median,[NH2+](CCCc1ccccc1)C12CNCCNCC([NH2+]CCCc3ccccc3)(CNCCNC1)CNCCNC2,"[15, 35, 32, 12, 29, 38]","[{'functional_group': 'amino', 'smiles_inds': [16]}, {'functional_group': 'iodo', 'smiles_inds': [39]}]",0.46624832659957655
4,median,Cc1ccccc1C1=NC=CN1,[8],"[{'functional_group': 'cyanimide', 'smiles_inds': [11]}]",0.46635138811771626
4,median,CCP(CC)c1[c-]c(Cl)c(Cl)c(Cl)c1Cl,"[2, 6]","[{'functional_group': 'amino', 'smiles_inds': [4]}]",0.466362625033771
4,median,S1c2ccccc2N=C1N1N=Cc2ccccc12,"[10, 7]",[],0.46637891732088893
4,median,CC(=O)C1=C(C)N(N=N1)c1ccc(F)c(Cl)c1,[8],"[{'functional_group': '2-hydroxypyridine', 'smiles_inds': [11]}]",0.4663901384856688
4,median,CC1CCC(C(C)C)C2(C1)Oc1ccccc1C(=N2)c1ccccn1,"[24, 18]",[],0.4664173470566416
4,median,CN(C)C(=O)Nc1cc(ccn1)N(=O)=O,"[4, 11]","[{'functional_group': 'amide', 'smiles_inds': [7]}]",0.4664318998480422
4,median,NC(=O)NN=Cc1ccccc1O,"[12, 2, 4]","[{'functional_group': 'trifluro', 'smiles_inds': [5]}, {'functional_group': 'ether', 'smiles_inds': [7]}]",0.4664516218441452
4,top,c1cc([c-]c(c1)C12N=CC3C4C1[S+2]234)C12N=CC3C4C1[S+2]234,"[7, 14, 3]","[{'functional_group': 'carboxylate', 'smiles_inds': [0]}, {'functional_group': '2-hydroxypyridine', 'smiles_inds': [8]}, {'functional_group': 'trichloro', 'smiles_inds': [9]}, {'functional_group': 'amino', 'smiles_inds': [17]}]",0.9982984465122008
4,top,c1cc([c-]c(c1)C12N=CC3C4C1[S+2]234)C12N=CC3C4C1[S+2]234,"[7, 14, 3]","[{'functional_group': 'carboxyl', 'smiles_inds': [10]}, {'functional_group': 'carboxylate', 'smiles_inds': [1]}, {'functional_group': 'carboxylate', 'smiles_inds': [0]}]",0.9983446231412031
4,top,c1cc([c-]c(c1)C12N=CC3C4C1[S+2]234)C12N=CC3C4C1[S+2]234,"[7, 14, 3]","[{'functional_group': 'carboxylate', 'smiles_inds': [0]}, {'functional_group': '2-hydroxypyridine', 'smiles_inds': [8]}, {'functional_group': 'bromo', 'smiles_inds': [17]}]",0.9983671891180985
4,top,c1cc([c-]c(c1)C12N=CC3C4C1[S+2]234)C12N=CC3C4C1[S+2]234,"[7, 14, 3]","[{'functional_group': 'carboxylate', 'smiles_inds': [0]}, {'functional_group': '2-hydroxypyridine', 'smiles_inds': [8]}, {'functional_group': 'amino', 'smiles_inds': [11]}]",0.9983805117037047
4,top,CC12CNCCNCC(CNCCNC1)(CNCCNC2)N(=O)=O,"[3, 6, 13, 10, 19, 16]","[{'functional_group': 'carboxylate', 'smiles_inds': [12]}]",0.9984049983875493
4,top,c1cc([c-]c(c1)C12N=CC3C4C1[S+2]234)C12N=CC3C4C1[S+2]234,"[7, 14, 3]","[{'functional_group': 'carboxylate', 'smiles_inds': [0]}, {'functional_group': '2-hydroxypyridine', 'smiles_inds': [8]}, {'functional_group': 'tribromo', 'smiles_inds': [18]}]",0.9984236662804106
4,top,c1cc([c-]c(c1)C12N=CC3C4C1[S+2]234)C12N=CC3C4C1[S+2]234,"[7, 14, 3]","[{'functional_group': 'carboxylate', 'smiles_inds': [0]}, {'functional_group': '2-hydroxypyridine', 'smiles_inds': [8]}, {'functional_group': 'tribromo', 'smiles_inds': [11]}]",0.9984236662804106
4,top,c1cc([c-]c(c1)C12N=CC3C4C1[S+2]234)C12N=CC3C4C1[S+2]234,"[7, 14, 3]","[{'functional_group': 'carboxylate', 'smiles_inds': [0]}, {'functional_group': '2-hydroxypyridine', 'smiles_inds': [8]}, {'functional_group': 'chloro', 'smiles_inds': [10]}]",0.9984288037304893
4,top,Oc1ccccc1C=NCC(CN=Cc1ccccc1[O-])(CN=Cc1ccccc1[O-])CN=Cc1ccccc1[O-],"[20, 30, 40, 12, 22, 32]","[{'functional_group': 'carbonyl', 'smiles_inds': [25]}]",0.9984346274043882
4,top,OC12CNCCNCC(O)(CNCCNC1)CNCCNC2,"[3, 14, 20, 6, 11, 17]","[{'functional_group': 'bromo', 'smiles_inds': [2]}]",0.998438009589152
4,top,ONC12CNCCNCC(CNCCNC1)(CNCCNC2)NO,"[4, 14, 20, 7, 11, 17]",[],0.9984810111892636
4,top,c1cc([c-]c(c1)C12N=CC3C4C1[S+2]234)C12N=CC3C4C1[S+2]234,"[7, 14, 3]","[{'functional_group': 'carboxylate', 'smiles_inds': [0]}, {'functional_group': '2-hydroxypyridine', 'smiles_inds': [8]}, {'functional_group': 'aldehyde', 'smiles_inds': [17]}]",0.9985117477730656
4,top,c1cc([c-]c(c1)C12N=CC3C4C1[S+2]234)C12N=CC3C4C1[S+2]234,"[7, 14, 3]","[{'functional_group': 'carboxylate', 'smiles_inds': [0]}, {'functional_group': '2-hydroxypyridine', 'smiles_inds': [8]}, {'functional_group': 'phosphonate', 'smiles_inds': [18]}, {'functional_group': 'carboxylate', 'smiles_inds': [10]}]",0.9985340973309677
4,top,c1cc([c-]c(c1)C12N=CC3C4C1[S+2]234)C12N=CC3C4C1[S+2]234,"[7, 14, 3]","[{'functional_group': 'carboxylate', 'smiles_inds': [0]}, {'functional_group': '2-hydroxypyridine', 'smiles_inds': [8]}, {'functional_group': 'tribromo', 'smiles_inds': [1]}]",0.9985552474532674
4,top,c1cc([c-]c(c1)C12N=CC3C4C1[S+2]234)C12N=CC3C4C1[S+2]234,"[7, 14, 3]","[{'functional_group': 'carboxylate', 'smiles_inds': [0]}, {'functional_group': 'fluoro', 'smiles_inds': [15]}, {'functional_group': 'carboxylate', 'smiles_inds': [1]}]",0.9987670877348633
4,top,O=C(NCCNC(=O)c1ccc(C(=O)NCCNC(=O)C2=C([O-])C(=O)C=CO2)c([O-])c1[O-])C1=C([O-])C(=O)C=CO1,"[36, 34, 31, 29, 22, 24]",[],0.998864413335188
4,top,c1cc([c-]c(c1)C12N=CC3C4C1[S+2]234)C12N=CC3C4C1[S+2]234,"[7, 14, 3]","[{'functional_group': 'carboxylate', 'smiles_inds': [0]}, {'functional_group': '2-hydroxypyridine', 'smiles_inds': [8]}, {'functional_group': 'carboxylate', 'smiles_inds': [17]}]",0.998893134187704
4,top,CC12CNCCNCC(N)(CNCCNC1)CNCCNC2,"[11, 3, 20, 6, 17, 14]","[{'functional_group': 'carboxylate', 'smiles_inds': [15]}, {'functional_group': 'iodo', 'smiles_inds': [19]}]",0.9991846550155951
4,top,O=C([O-])CNC12CNCCNCC(CNCCNC1)(CNCCNC2)NCC(=O)[O-],"[7, 10, 17, 14, 23, 20]",[],0.9994677605670506
4,top,NC1C(O)C(N)C([O-])C(NCCNC2C(O)C(N)C(O)C(N)C2[O-])C1O,"[12, 9, 21, 5, 23, 7]",[],0.9996597522408326
5,bottom,C[Si](C)(C)c1cc(cc(c1)[Si](C#CP(C#C[Si](c1cc(cc(c1)[Si](C)(C)C)[Si](C)(C)C)(c1cc(cc(c1)[Si](C)(C)C)[Si](C)(C)C)c1cc(cc(c1)[Si](C)(C)C)[Si](C)(C)C)C#C[Si](c1cc(cc(c1)[Si](C)(C)C)[Si](C)(C)C)(c1cc(cc(c1)[Si](C)(C)C)[Si](C)(C)C)c1cc(cc(c1)[Si](C)(C)C)[Si](C)(C)C)(c1cc(cc(c1)[Si](C)(C)C)[Si](C)(C)C)c1cc(cc(c1)[Si](C)(C)C)[Si](C)(C)C)[Si](C)(C)C,[13],"[{'functional_group': 'chloro', 'smiles_inds': [113]}, {'functional_group': 'amide', 'smiles_inds': [26]}]",9.531039472417329e-21
5,bottom,CCCC[P](CCCC)(CCCC)CCP(CCP(CCP(CC[P](CCCC)(CCCC)CCCC)CC[P](CCCC)(CCCC)CCCC)c1ccccc1)CC[P](CCCC)(CCCC)CCCC,"[15, 18, 21]","[{'functional_group': '2-methylbenzoic_acid', 'smiles_inds': [62]}]",9.200989211411408e-16
5,bottom,CCCC[P](CCCC)(CCCC)CCP(CCP(CCP(CC[P](CCCC)(CCCC)CCCC)CC[P](CCCC)(CCCC)CCCC)c1ccccc1)CC[P](CCCC)(CCCC)CCCC,"[15, 18, 21]","[{'functional_group': 'trichloro', 'smiles_inds': [16]}]",3.4213488333618283e-15
5,bottom,CCCC[P](CCCC)(CCCC)CCP(CCP(CCP(CC[P](CCCC)(CCCC)CCCC)CC[P](CCCC)(CCCC)CCCC)c1ccccc1)CC[P](CCCC)(CCCC)CCCC,"[15, 18, 21]","[{'functional_group': 'tribromo', 'smiles_inds': [68]}, {'functional_group': 'hydroxyl', 'smiles_inds': [58]}]",3.50494652595532e-15
5,bottom,C[Si](C)(C)c1cc(cc(c1)[Si](C)(C)C)C(C(=O)Nc1cccc(NC(=O)C(c2cc(cc(c2)[Si](C)(C)C)[Si](C)(C)C)(c2cc(cc(c2)[Si](C)(C)C)[Si](C)(C)C)c2cc(cc(c2)[Si](C)(C)C)[Si](C)(C)C)c1[S-])(c1cc(cc(c1)[Si](C)(C)C)[Si](C)(C)C)c1cc(cc(c1)[Si](C)(C)C)[Si](C)(C)C,"[70, 16]","[{'functional_group': 'tribromo', 'smiles_inds': [56]}, {'functional_group': 'ethyl', 'smiles_inds': [40]}]",1.24550004718068e-14
5,bottom,C[Si](C)(C)c1cc(cc(c1)[Si](C)(C)C)C(C(=O)Nc1cccc(NC(=O)C(c2cc(cc(c2)[Si](C)(C)C)[Si](C)(C)C)(c2cc(cc(c2)[Si](C)(C)C)[Si](C)(C)C)c2cc(cc(c2)[Si](C)(C)C)[Si](C)(C)C)c1[S-])(c1cc(cc(c1)[Si](C)(C)C)[Si](C)(C)C)c1cc(cc(c1)[Si](C)(C)C)[Si](C)(C)C,"[70, 16]",[],1.434620871919282e-14
5,bottom,CP(CCP(C)c1c(cc(cc1C([Si](C)(C)C)[Si](C)(C)C)C([Si](C)(C)C)([Si](C)(C)C)[Si](C)(C)C)C([Si](C)(C)C)[Si](C)(C)C)c1c(cc(cc1C([Si](C)(C)C)[Si](C)(C)C)C([Si](C)(C)C)([Si](C)(C)C)[Si](C)(C)C)C([Si-](C)C)[Si](C)(C)C,"[4, 72, 1]","[{'functional_group': 'iodo', 'smiles_inds': [16]}, {'functional_group': 'cyanimide', 'smiles_inds': [23]}]",2.820357364861295e-14
5,bottom,FC(F)(F)C(F)(F)C(F)(F)C(F)(F)C(F)(F)C(F)(F)C(F)(F)C(F)(F)CCP(CCC(F)(F)C(F)(F)C(F)(F)C(F)(F)C(F)(F)C(F)(F)C(F)(F)C(F)(F)F)Cc1cccc(CP(CCC(F)(F)C(F)(F)C(F)(F)C(F)(F)C(F)(F)C(F)(F)C(F)(F)C(F)(F)F)CCC(F)(F)C(F)(F)C(F)(F)C(F)(F)C(F)(F)C(F)(F)C(F)(F)C(F)(F)F)[c-]1,"[27, 62, 117]",[],8.117098833069458e-14
5,bottom,C[Si](C)(C)C(c1cc(C([Si](C)(C)C)[Si](C)(C)C)c(Sc2ccccc2Sc2ccccc2Sc2ccccc2Sc2c(cc(cc2C([Si](C)(C)C)[Si](C)(C)C)C([Si](C)(C)C)[Si](C)(C)C)C([Si](C)(C)C)[Si](C)(C)C)c(c1)C([Si](C)(C)C)[Si](C)(C)C)[Si](C)(C)C,"[25, 32]","[{'functional_group': 'amino', 'smiles_inds': [64]}, {'functional_group': 'amino', 'smiles_inds': [79]}]",1.3528938246362109e-12
5,bottom,C[Si](C)(C)C(c1cc(C([Si](C)(C)C)[Si](C)(C)C)c(Sc2ccccc2Sc2ccccc2Sc2ccccc2Sc2c(cc(cc2C([Si](C)(C)C)[Si](C)(C)C)C([Si](C)(C)C)[Si](C)(C)C)C([Si](C)(C)C)[Si](C)(C)C)c(c1)C([Si](C)(C)C)[Si](C)(C)C)[Si](C)(C)C,"[25, 32]","[{'functional_group': 'trifluro', 'smiles_inds': [50]}]",1.432656342045897e-12
5,bottom,C[Si](C)(C)C(c1cc(C([Si](C)(C)C)[Si](C)(C)C)c([Se]c2ccccc2Sc2ccccc2Sc2ccccc2[Se]c2c(cc(cc2C([Si](C)(C)C)[Si](C)(C)C)C([Si](C)(C)C)[Si](C)(C)C)C([Si](C)(C)C)[Si](C)(C)C)c(c1)C([Si](C)(C)C)[Si](C)(C)C)[Si](C)(C)C,"[25, 32]","[{'functional_group': 'ether', 'smiles_inds': [66]}]",1.8445717625869084e-12
5,bottom,CCCCCC1c2cc3C(CCCCC)c4cc5C(CCCCC)c6cc7C(CCCCC)c8cc1c1OCOc2cc3OCOc4c(P(c2ccccc2)c2ccccc2)c5OCOc6cc7OCOc8c1OCc1cccc(COc2c3OCOc4cc5OCOc6c7cc8C(CCCCC)c9cc%10C(CCCCC)c(cc3C(CCCCC)c4cc5C7CCCCC)c2OCOc%10cc9OCOc8c6P(c2ccccc2)c2ccccc2)c1,"[48, 142]","[{'functional_group': 'phosphonate', 'smiles_inds': [2]}, {'functional_group': 'hydroxyl', 'smiles_inds': [125]}]",5.95891296163921e-12
5,bottom,FC(F)(F)C(F)(F)C(F)(F)C(F)(F)C(F)(F)C(F)(F)C(F)(F)C(F)(F)c1cc(cc(c1)C(F)(F)C(F)(F)C(F)(F)C(F)(F)C(F)(F)C(F)(F)C(F)(F)C(F)(F)F)c1cccc(c2cc(cc(c2)C(F)(F)C(F)(F)C(F)(F)C(F)(F)C(F)(F)C(F)(F)C(F)(F)C(F)(F)F)C(F)(F)C(F)(F)C(F)(F)C(F)(F)C(F)(F)C(F)(F)C(F)(F)C(F)(F)F)c1N=Cc1cc(I)cc(I)c1[O-],"[118, 128]","[{'functional_group': '2-methylbenzoic_acid', 'smiles_inds': [26]}, {'functional_group': 'aldehyde', 'smiles_inds': [30]}]",6.993544755577548e-12
5,bottom,CCCOc1c2Cc3cc(cc(Cc4cccc(Cc5cc(cc(Cc1ccc2)c5OCCC)c1cccc(c1)c1cc2Cc5cccc(Cc6cc(cc(Cc7cccc(Cc(c1)c2OCCC)c7OCCC)c6OCCC)P(c1ccccc1)c1ccccc1)c5OCCC)c4OCCC)c3OCCC)P(c1ccccc1)c1ccccc1,"[107, 79]","[{'functional_group': 'ketone', 'smiles_inds': [91]}]",3.2172638364138245e-11
5,bottom,C1CCCCCCCCCCP2CCCCCCCCCCCCCCCCCCCCP(CCCCCCCCC1)CCCCCCCCCCCCCCCCCCCC2,"[11, 32]","[{'functional_group': 'methyl_ester', 'smiles_inds': [34]}, {'functional_group': '2-methylbenzoic_acid', 'smiles_inds': [33]}]",5.571371685956823e-11
5,bottom,C1CCCCCCCCCCCP2CCCCCCCCCCCCCCCCCCCCCCP(CCCCCCCCCC1)CCCCCCCCCCCCCCCCCCCCCC2,"[12, 35]","[{'functional_group': 'aldehyde', 'smiles_inds': [26]}]",6.226177331266658e-11
5,bottom,FC(F)(F)C(F)(F)C(F)(F)C(F)(F)C(F)(F)C(F)(F)C(F)(F)C(F)(F)CCc1ccc(cc1)P(c1ccc(CCC(F)(F)C(F)(F)C(F)(F)C(F)(F)C(F)(F)C(F)(F)C(F)(F)C(F)(F)F)cc1)c1ccc(CCC(F)(F)C(F)(F)C(F)(F)C(F)(F)C(F)(F)C(F)(F)C(F)(F)C(F)(F)F)cc1,[33],"[{'functional_group': 'amino', 'smiles_inds': [32]}, {'functional_group': 'bromo', 'smiles_inds': [99]}, {'functional_group': 'trichloro', 'smiles_inds': [39]}]",8.614053626565183e-11
5,bottom,C1CCCCCCCCCCP2CCCCCCCCCCCCCCCCCCCCP(CCCCCCCCC1)CCCCCCCCCCCCCCCCCCCC2,"[11, 32]","[{'functional_group': 'cyano', 'smiles_inds': [0]}]",4.656974665940939e-10
5,bottom,C[Si](C)(C)c1cc(cc(c1)[Si](C)(C)C)P(c1cc(cc(c1)[Si](C)(C)C)[Si](C)(C)C)c1ccccc1P(c1cc(cc(c1)[Si](C)(C)C)[Si](C)(C)C)c1cc(cc(c1)[Si](C)(C)C)[Si](C)(C)C,"[35, 14]",[],6.449018914182814e-10
5,bottom,CCCCCCCCCCCC1c2cc3C(CCCCCCCCCCC)c4cc5C(CCCCCCCCCCC)c6cc(C(CCCCCCCCCCC)c7cc1c(OCCOCCOCCOCCOc3cc2OC)cc7OC)c(OCCOCCOCCOCCOc5cc4OC)cc6OC,"[87, 90, 102]",[],6.653361087631759e-10
5,median,O=C1N(Cc2cc(CSc3ccccc3)[c-]c(CSc3ccccc3)c2)C(=O)c2ccccc12,"[8, 18, 15]","[{'functional_group': '2-hydroxypyridine', 'smiles_inds': [30]}, {'functional_group': 'thiol', 'smiles_inds': [25]}]",0.47134768953229345
5,median,CC1(C)C2CCC1(C)C1=C2C(=NN1)c1cccc(n1)C1=NNC2=C1C1CCC2(C)C1(C)C,"[11, 18, 20]","[{'functional_group': 'methyl', 'smiles_inds': [16]}, {'functional_group': 'ketone', 'smiles_inds': [31]}]",0.4713687860188957
5,median,O1C=CC=C1C=CC=NN1C=NN=C1,[12],"[{'functional_group': 'methyl', 'smiles_inds': [7]}]",0.47138750071716856
5,median,COc1ccc(COc2cccc(C[C-]=O)n2)cc1,"[16, 14]",[],0.47140183956141246
5,median,Cc1cc(C)c(N2C=C(N=N2)C(=O)[O-])c(C)c1,"[9, 13]",[],0.4714361000013199
5,median,N#Cc1ccc(cc1)N(Cc1ccccn1)Cc1ccccn1,"[15, 8, 22]",[],0.4714549920302052
5,median,CC(C)(C)c1cc(cc(c1)C(C)(C)C)c1cc(nc(c1)c1cccc[c-]1)C1=Nc2ccccc2S1,"[27, 17, 25]",[],0.4714728323027002
5,median,CCN1c2ccccc2N=C1c1cccc(C)n1,[9],"[{'functional_group': 'ether', 'smiles_inds': [14]}]",0.4714833786335238
5,median,CC(C)(C)c1cc(nc(c1)c1cccc[c-]1)c1cc(cc(n1)C12CC3CC(CC(C3)C1)C2)C(C)(C)C,"[21, 7, 15]","[{'functional_group': 'cyano', 'smiles_inds': [2]}]",0.4715018332342284
5,median,Oc1cccc(CN2CCCCC2)n1,"[13, 7]",[],0.47152744298315896
5,median,Clc1ccc(cc1)C1SC2CC1C=C2,[8],"[{'functional_group': 'iodo', 'smiles_inds': [2]}]",0.4715790645167585
5,median,CCNC([S-])=NN=Cc1ccc2c(Cc3ccccc23)c1,"[4, 6]","[{'functional_group': 'carboxyllic_acid', 'smiles_inds': [20]}, {'functional_group': 'cyanimide', 'smiles_inds': [10]}]",0.4716180781865075
5,median,CC(C)(C)c1cc(Sc2ccccc2)c([O-])c(C=O)c1,"[18, 15]",[],0.4716367636268675
5,median,O=S(=O)(Oc1ccccc1C=Nc1ccccc1[O-])c1ccccc1,"[18, 11]",[],0.47166035042774307
5,median,OP(=O)([O-])C(F)(F)c1ccc(CN2c3ccccc3N=C2c2ccccn2)cc1,"[12, 19]",[],0.47169267488299627
5,median,CC(C)[NH2+]C(C1=NC=CN1)C1=NC=CN1,"[6, 11]","[{'functional_group': 'bromo', 'smiles_inds': [13]}, {'functional_group': 'iodo', 'smiles_inds': [9]}]",0.47169917278582707
5,median,CCCN(CCC)C([S-])=NC(=O)c1cc(cc(c1)N(=O)=O)N(=O)=O,"[8, 11]","[{'functional_group': 'thiol', 'smiles_inds': [4]}]",0.4717149924617223
5,median,CN1C=CN=C1CN1C=CC(=N1)c1ccccn1,"[7, 11, 4]",[],0.47182076141726514
5,median,COCc1cc(C)cc(c1[O-])C(C)(C)C,"[1, 10]","[{'functional_group': 'carboxylate', 'smiles_inds': [2]}]",0.4718441453942166
5,median,C1CO1,[2],"[{'functional_group': 'phenyl', 'smiles_inds': [0]}]",0.47185960472104826
5,top,c1cc([c-]c(c1)C12N=CC3C4C1[S+2]234)C12N=CC3C4C1[S+2]234,"[7, 14, 3]","[{'functional_group': 'carboxylate', 'smiles_inds': [0]}, {'functional_group': '2-hydroxypyridine', 'smiles_inds': [8]}, {'functional_group': 'amino', 'smiles_inds': [10]}]",0.9985055315150053
5,top,c1cc([c-]c(c1)C12N=CC3C4C1[S+2]234)C12N=CC3C4C1[S+2]234,"[7, 14, 3]","[{'functional_group': 'carboxylate', 'smiles_inds': [0]}, {'functional_group': '2-hydroxypyridine', 'smiles_inds': [8]}, {'functional_group': 'tribromo', 'smiles_inds': [10]}, {'functional_group': 'thiol', 'smiles_inds': [17]}]",0.9985089962258695
5,top,c1cc([c-]c(c1)C12N=CC3C4C1[S+2]234)C12N=CC3C4C1[S+2]234,"[7, 14, 3]","[{'functional_group': 'carboxylate', 'smiles_inds': [0]}, {'functional_group': '2-hydroxypyridine', 'smiles_inds': [8]}, {'functional_group': 'tribromo', 'smiles_inds': [10]}, {'functional_group': 'trichloro', 'smiles_inds': [1]}]",0.9985098201793642
5,top,c1cc([c-]c(c1)C12N=CC3C4C1[S+2]234)C12N=CC3C4C1[S+2]234,"[7, 14, 3]","[{'functional_group': 'carboxylate', 'smiles_inds': [0]}, {'functional_group': '2-hydroxypyridine', 'smiles_inds': [8]}, {'functional_group': 'tribromo', 'smiles_inds': [10]}, {'functional_group': 'methyl', 'smiles_inds': [15]}]",0.9985685767571768
5,top,c1cc([c-]c(c1)C12N=CC3C4C1[S+2]234)C12N=CC3C4C1[S+2]234,"[7, 14, 3]","[{'functional_group': 'carboxylate', 'smiles_inds': [0]}, {'functional_group': '2-hydroxypyridine', 'smiles_inds': [8]}, {'functional_group': 'tribromo', 'smiles_inds': [10]}, {'functional_group': 'tribromo', 'smiles_inds': [5]}]",0.9986484321975365
5,top,c1cc([c-]c(c1)C12N=CC3C4C1[S+2]234)C12N=CC3C4C1[S+2]234,"[7, 14, 3]","[{'functional_group': 'carboxylate', 'smiles_inds': [0]}, {'functional_group': '2-hydroxypyridine', 'smiles_inds': [8]}, {'functional_group': 'carbonyl', 'smiles_inds': [5]}]",0.9986964417229911
5,top,Oc1ccccc1C=NCC(CN=Cc1ccccc1[O-])(CN=Cc1ccccc1[O-])CN=Cc1ccccc1[O-],"[20, 30, 40, 12, 22, 32]","[{'functional_group': 'thiol', 'smiles_inds': [31]}]",0.9986966515260426
5,top,c1cc([c-]c(c1)C12N=CC3C4C1[S+2]234)C12N=CC3C4C1[S+2]234,"[7, 14, 3]","[{'functional_group': 'carboxylate', 'smiles_inds': [0]}, {'functional_group': 'aldehyde', 'smiles_inds': [5]}, {'functional_group': 'hydroxyl', 'smiles_inds': [10]}]",0.998745531331526
5,top,c1cc([c-]c(c1)C12N=CC3C4C1[S+2]234)C12N=CC3C4C1[S+2]234,"[7, 14, 3]","[{'functional_group': 'carboxylate', 'smiles_inds': [0]}, {'functional_group': '2-hydroxypyridine', 'smiles_inds': [8]}, {'functional_group': 'tribromo', 'smiles_inds': [10]}, {'functional_group': 'aldehyde', 'smiles_inds': [1]}]",0.998747867081116
5,top,c1cc([c-]c(c1)C12N=CC3C4C1[S+2]234)C12N=CC3C4C1[S+2]234,"[7, 14, 3]","[{'functional_group': 'carboxylate', 'smiles_inds': [0]}, {'functional_group': 'methyl', 'smiles_inds': [15]}, {'functional_group': 'tribromo', 'smiles_inds': [5]}]",0.9987610674426202
5,top,c1cc([c-]c(c1)C12N=CC3C4C1[S+2]234)C12N=CC3C4C1[S+2]234,"[7, 14, 3]","[{'functional_group': 'carboxylate', 'smiles_inds': [0]}, {'functional_group': 'amino', 'smiles_inds': [1]}, {'functional_group': 'carboxylate', 'smiles_inds': [9]}]",0.9987786990427836
5,top,c1cc([c-]c(c1)C12N=CC3C4C1[S+2]234)C12N=CC3C4C1[S+2]234,"[7, 14, 3]","[{'functional_group': 'carboxylate', 'smiles_inds': [0]}, {'functional_group': '2-hydroxypyridine', 'smiles_inds': [8]}, {'functional_group': 'tribromo', 'smiles_inds': [10]}, {'functional_group': 'aldehyde', 'smiles_inds': [1]}, {'functional_group': 'aldehyde', 'smiles_inds': [18]}]",0.9988051246795935
5,top,c1cc([c-]c(c1)C12N=CC3C4C1[S+2]234)C12N=CC3C4C1[S+2]234,"[7, 14, 3]","[{'functional_group': 'carboxylate', 'smiles_inds': [0]}, {'functional_group': '2-hydroxypyridine', 'smiles_inds': [8]}, {'functional_group': 'carboxylate', 'smiles_inds': [11]}]",0.9989179875678358
5,top,c1cc([c-]c(c1)C12N=CC3C4C1[S+2]234)C12N=CC3C4C1[S+2]234,"[7, 14, 3]","[{'functional_group': 'carboxylate', 'smiles_inds': [0]}, {'functional_group': '2-hydroxypyridine', 'smiles_inds': [8]}, {'functional_group': 'bromo', 'smiles_inds': [11]}, {'functional_group': 'carboxylate', 'smiles_inds': [10]}]",0.9989255765254406
5,top,c1cc([c-]c(c1)C12N=CC3C4C1[S+2]234)C12N=CC3C4C1[S+2]234,"[7, 14, 3]","[{'functional_group': 'carboxylate', 'smiles_inds': [0]}, {'functional_group': '2-hydroxypyridine', 'smiles_inds': [8]}, {'functional_group': 'carboxylate', 'smiles_inds': [10]}, {'functional_group': 'ketone', 'smiles_inds': [17]}]",0.9989557990256714
5,top,c1cc([c-]c(c1)C12N=CC3C4C1[S+2]234)C12N=CC3C4C1[S+2]234,"[7, 14, 3]","[{'functional_group': 'carboxylate', 'smiles_inds': [0]}, {'functional_group': '2-hydroxypyridine', 'smiles_inds': [8]}, {'functional_group': 'tribromo', 'smiles_inds': [10]}, {'functional_group': 'carboxylate', 'smiles_inds': [17]}]",0.999031652685004
5,top,c1cc([c-]c(c1)C12N=CC3C4C1[S+2]234)C12N=CC3C4C1[S+2]234,"[7, 14, 3]","[{'functional_group': 'carboxylate', 'smiles_inds': [0]}, {'functional_group': '2-hydroxypyridine', 'smiles_inds': [8]}, {'functional_group': 'carboxylate', 'smiles_inds': [15]}]",0.9991569575936582
5,top,NC1C(O)C(N)C([O-])C(NCCNC2C(O)C(N)C(O)C(N)C2[O-])C1O,"[12, 9, 21, 5, 23, 7]",[],0.9991628801095654
5,top,c1cc([c-]c(c1)C12N=CC3C4C1[S+2]234)C12N=CC3C4C1[S+2]234,"[7, 14, 3]","[{'functional_group': 'carboxylate', 'smiles_inds': [0]}, {'functional_group': '2-hydroxypyridine', 'smiles_inds': [8]}, {'functional_group': 'cyano', 'smiles_inds': [10]}, {'functional_group': 'carboxylate', 'smiles_inds': [1]}]",0.9993481889561829
5,top,c1cc([c-]c(c1)C12N=CC3C4C1[S+2]234)C12N=CC3C4C1[S+2]234,"[7, 14, 3]","[{'functional_group': 'carboxylate', 'smiles_inds': [0]}, {'functional_group': '2-hydroxypyridine', 'smiles_inds': [8]}, {'functional_group': 'carboxylate', 'smiles_inds': [1]}]",0.9994479285283633
6,bottom,C[Si](C)(CCC(F)(F)C(F)(F)C(F)(F)C(F)(F)C(F)(F)C(F)(F)F)c1ccc(cc1)P(CCP(c1ccc(cc1)[Si](C)(C)CCC(F)(F)C(F)(F)C(F)(F)C(F)(F)C(F)(F)C(F)(F)F)c1ccc(cc1)[Si](C)(C)CCC(F)(F)C(F)(F)C(F)(F)C(F)(F)C(F)(F)C(F)(F)F)c1ccc(cc1)[Si](C)(C)CCC(F)(F)C(F)(F)C(F)(F)C(F)(F)C(F)(F)C(F)(F)F,"[30, 33]","[{'functional_group': 'aldehyde', 'smiles_inds': [25]}, {'functional_group': 'amino', 'smiles_inds': [102]}]",1.7573540643776595e-15
6,bottom,CC(C)(C)c1cc2c3cc(cc4c5cc(cc6c7cc(cc8c9cc(cc%10c%11cc(cc%12c(c1)c2c1c(c34)c(c56)c(c78)c(c9%10)c1c%11%12)C(C)(C)C)C(C)(C)C)C(C)(C)C)C(C)(C)C)P(c1cc2c3cc(cc4c5cc(cc6c7cc(cc8c9cc(cc%10c%11cc(cc%12c(c1)c2c1c(c34)c(c56)c(c78)c(c9%10)c1c%11%12)C(C)(C)C)C(C)(C)C)C(C)(C)C)C(C)(C)C)C(C)(C)C)c1cc2c3cc(cc4c5cc(cc6c7cc(cc8c9cc(cc%10c%11cc(cc%12c(c1)c2c1c(c34)c(c56)c(c78)c(c9%10)c1c%11%12)C(C)(C)C)C(C)(C)C)C(C)(C)C)C(C)(C)C)C(C)(C)C,[62],"[{'functional_group': 'chloro', 'smiles_inds': [114]}, {'functional_group': '2-hydroxypyridine', 'smiles_inds': [112]}]",3.0676266852076896e-15
6,bottom,FC(F)(F)C(F)(F)C(F)(F)C(F)(F)C(F)(F)C(F)(F)C(F)(F)C(F)(F)CCP(CCC(F)(F)C(F)(F)C(F)(F)C(F)(F)C(F)(F)C(F)(F)C(F)(F)C(F)(F)F)Cc1cccc(CP(CCC(F)(F)C(F)(F)C(F)(F)C(F)(F)C(F)(F)C(F)(F)C(F)(F)C(F)(F)F)CCC(F)(F)C(F)(F)C(F)(F)C(F)(F)C(F)(F)C(F)(F)C(F)(F)C(F)(F)F)[c-]1,"[27, 62, 117]",[],2.9135104178434197e-14
6,bottom,C[Si](C)(C)C(c1cc(C([Si](C)(C)C)[Si](C)(C)C)c([Se]c2ccccc2[Se]c2ccccc2[Se]c2ccccc2[Se]c2c(cc(cc2C([Si](C)(C)C)[Si](C)(C)C)C([Si](C)(C)C)[Si](C)(C)C)C([Si](C)(C)C)[Si](C)(C)C)c(c1)C([Si](C)(C)C)[Si](C)(C)C)[Si](C)(C)C,"[25, 32]","[{'functional_group': 'methyl_ester', 'smiles_inds': [29]}]",1.404956636779654e-12
6,bottom,C[Si](C)(C)C(c1cc(C([Si](C)(C)C)[Si](C)(C)C)c([Se]c2ccccc2[Se]c2ccccc2[Se]c2ccccc2[Se]c2c(cc(cc2C([Si](C)(C)C)[Si](C)(C)C)C([Si](C)(C)C)[Si](C)(C)C)C([Si](C)(C)C)[Si](C)(C)C)c(c1)C([Si](C)(C)C)[Si](C)(C)C)[Si](C)(C)C,"[25, 32]",[],2.850964950199917e-12
6,bottom,C[Si](C)(C)C(c1cc(C([Si](C)(C)C)[Si](C)(C)C)c(Sc2ccccc2Sc2ccccc2Sc2ccccc2Sc2c(cc(cc2C([Si](C)(C)C)[Si](C)(C)C)C([Si](C)(C)C)[Si](C)(C)C)C([Si](C)(C)C)[Si](C)(C)C)c(c1)C([Si](C)(C)C)[Si](C)(C)C)[Si](C)(C)C,"[25, 32]",[],4.150092509662537e-12
6,bottom,C[Si](C)(C)C(c1cc(C([Si](C)(C)C)[Si](C)(C)C)c([Se]c2ccccc2[Se]c2ccccc2[Se]c2ccccc2[Se]c2c(cc(cc2C([Si](C)(C)C)[Si](C)(C)C)C([Si](C)(C)C)[Si](C)(C)C)C([Si](C)(C)C)[Si](C)(C)C)c(c1)C([Si](C)(C)C)[Si](C)(C)C)[Si](C)(C)C,"[25, 32]","[{'functional_group': 'aldehyde', 'smiles_inds': [15]}, {'functional_group': 'cyano', 'smiles_inds': [20]}]",6.887342937996365e-12
6,bottom,CCCOc1c2Cc3cc(cc(Cc4cccc(Cc5cc(cc(Cc1ccc2)c5OCCC)c1cccc(c1)c1cc2Cc5cccc(Cc6cc(cc(Cc7cccc(Cc(c1)c2OCCC)c7OCCC)c6OCCC)P(c1ccccc1)c1ccccc1)c5OCCC)c4OCCC)c3OCCC)P(c1ccccc1)c1ccccc1,"[107, 79]","[{'functional_group': 'methyl_ester', 'smiles_inds': [82]}]",1.0525087758440954e-11
6,bottom,FC(F)(F)C(F)(F)C(F)(F)C(F)(F)C(F)(F)C(F)(F)C(F)(F)C(F)(F)c1cc(cc(c1)C(F)(F)C(F)(F)C(F)(F)C(F)(F)C(F)(F)C(F)(F)C(F)(F)C(F)(F)F)c1cccc(c2cc(cc(c2)C(F)(F)C(F)(F)C(F)(F)C(F)(F)C(F)(F)C(F)(F)C(F)(F)C(F)(F)F)C(F)(F)C(F)(F)C(F)(F)C(F)(F)C(F)(F)C(F)(F)C(F)(F)C(F)(F)F)c1N=Cc1cc(I)cc(I)c1[O-],"[118, 128]","[{'functional_group': 'amino', 'smiles_inds': [30]}]",1.2957951538800394e-11
6,bottom,FC(F)(F)C(F)(F)C(F)(F)C(F)(F)C(F)(F)C(F)(F)C(F)(F)C(F)(F)c1cc(cc(c1)C(F)(F)C(F)(F)C(F)(F)C(F)(F)C(F)(F)C(F)(F)C(F)(F)C(F)(F)F)c1cccc(c2cc(cc(c2)C(F)(F)C(F)(F)C(F)(F)C(F)(F)C(F)(F)C(F)(F)C(F)(F)C(F)(F)F)C(F)(F)C(F)(F)C(F)(F)C(F)(F)C(F)(F)C(F)(F)C(F)(F)C(F)(F)F)c1N=Cc1cc(I)cc(I)c1[O-],"[118, 128]",[],1.7552021654223813e-11
6,bottom,FC(F)(F)C(F)(F)C(F)(F)C(F)(F)C(F)(F)C(F)(F)c1ccc(cc1)P(CCCP(c1ccc(cc1)C(F)(F)C(F)(F)C(F)(F)C(F)(F)C(F)(F)C(F)(F)F)c1ccc(cc1)C(F)(F)C(F)(F)C(F)(F)C(F)(F)C(F)(F)C(F)(F)F)c1ccc(cc1)C(F)(F)C(F)(F)C(F)(F)C(F)(F)C(F)(F)C(F)(F)F,"[25, 29]","[{'functional_group': 'carbonyl', 'smiles_inds': [32]}]",7.89448246135322e-11
6,bottom,O1N=C(c2ccncc2)C23C4C5C6C7C8C9C%10C%11C%12C%13C%14C%15C%16C%17C%13C%13C%12C9C9C8C8C6C6C%12C%18C%19C%20C(C%17C%17C%13C9=C(C8%12)C%19%17)C%16C8C9C%15C%12C%14C%11C%11C%10C7C5C5C%11C%12C(=C9C7=C2C(C%18C%20C87)C46)C135,[6],"[{'functional_group': 'ethyl', 'smiles_inds': [16]}]",1.1756797814883406e-10
6,bottom,FC(F)(F)C(F)(F)C(F)(F)C(F)(F)C(F)(F)C(F)(F)C(F)(F)C(F)(F)CCP(CCC(F)(F)C(F)(F)C(F)(F)C(F)(F)C(F)(F)C(F)(F)C(F)(F)C(F)(F)F)CCC(F)(F)C(F)(F)C(F)(F)C(F)(F)C(F)(F)C(F)(F)C(F)(F)C(F)(F)F,[27],"[{'functional_group': 'cyano', 'smiles_inds': [56]}, {'functional_group': 'phenyl', 'smiles_inds': [28]}, {'functional_group': 'carbonyl', 'smiles_inds': [29]}]",1.4329857058118514e-10
6,bottom,Cc1cc(C(c2ccc(cc2)C2CCCCC2)c2ccc(cc2)C2CCCCC2)c(N=C(C)C(C)=Nc2c(cc(C)cc2C(c2ccc(cc2)C2CCCCC2)c2ccc(cc2)C2CCCCC2)C(c2ccc(cc2)C2CCCCC2)c2ccc(cc2)C2CCCCC2)c(c1)C(c1ccc(cc1)C1CCCCC1)c1ccc(cc1)C1CCCCC1,"[30, 35]","[{'functional_group': '2-hydroxypyridine', 'smiles_inds': [32]}]",1.5281401106342814e-10
6,bottom,C[Si](C)(C)c1cc(cc(c1)[Si](C)(C)C)P(c1cc(cc(c1)[Si](C)(C)C)[Si](C)(C)C)c1ccccc1P(c1cc(cc(c1)[Si](C)(C)C)[Si](C)(C)C)c1cc(cc(c1)[Si](C)(C)C)[Si](C)(C)C,"[35, 14]","[{'functional_group': 'ether', 'smiles_inds': [31]}]",4.0242147346008924e-10
6,bottom,CC(C)(C)c1cc2c(OP(OC3C(CO[Si](c4ccccc4)(c4ccccc4)C(C)(C)C)OC(CO[Si](c4ccccc4)(c4ccccc4)C(C)(C)C)C3OP3Oc4c(cc(cc4C(C)(C)C)C(C)(C)C)c4cc(cc(c4O3)C(C)(C)C)C(C)(C)C)Oc3c2cc(cc3C(C)(C)C)C(C)(C)C)c(c1)C(C)(C)C,"[9, 55]","[{'functional_group': 'iodo', 'smiles_inds': [18]}, {'functional_group': 'hydroxyl', 'smiles_inds': [65]}, {'functional_group': 'amide', 'smiles_inds': [85]}]",4.1645301899411607e-10
6,bottom,CCC(C)(C)c1cc(C(c2cc(cc(c2OCCNC(=O)CP(=O)(c2ccccc2)c2ccccc2)C(C)(C)CC)C(C)(C)CC)c2cc(cc(c2OCCNC(=O)CP(=O)(c2ccccc2)c2ccccc2)C(C)(C)CC)C(C)(C)CC)c(OCCNC(=O)CP(=O)(c2ccccc2)c2ccccc2)c(c1)C(C)(C)CC,"[20, 23, 57, 60, 89, 92]",[],6.045465429719328e-10
6,bottom,CCC(C)(C)c1cc(C(c2cc(cc(c2OCCNC(=O)CP(=O)(c2ccccc2)c2ccccc2)C(C)(C)CC)C(C)(C)CC)c2cc(cc(c2OCCNC(=O)CP(=O)(c2ccccc2)c2ccccc2)C(C)(C)CC)C(C)(C)CC)c(OCCNC(=O)CP(=O)(c2ccccc2)c2ccccc2)c(c1)C(C)(C)CC,"[20, 23, 57, 60, 89, 92]","[{'functional_group': 'fluoro', 'smiles_inds': [69]}]",6.508714191721883e-10
6,bottom,C1CCC(CC1)B(CCCP(CCCB(C1CCCCC1)C1CCCCC1)CCP(CCCB(C1CCCCC1)C1CCCCC1)CCCB(C1CCCCC1)C1CCCCC1)C1CCCCC1,"[10, 29]",[],8.84513874554559e-10
6,bottom,COc1c2Cc3cc(cc(Cc4cc(cc(Cc5cc(cc(Cc6cc(cc(Cc7cc(cc(Cc1cc(c2)C(C)(C)C)c7OC)C(C)(C)C)c6OC)C(C)(C)C)c5OCP(c1ccccc1)c1ccccc1)C(C)(C)C)c4OC)C(C)(C)C)c3OC)C(C)(C)C,[60],"[{'functional_group': 'amide', 'smiles_inds': [28]}]",1.094321112692561e-09
6,median,C(NCc1ccc2ccc3ccc(CNCc4ccccn4)nc3c2n1)c1ccccn1,"[25, 22, 1, 14, 31, 21]","[{'functional_group': 'trifluro', 'smiles_inds': [10]}]",0.4741101185958084
6,median,C1CN=CC2=CC=C(O2)C=NCCCN=CC2=CC=C(O2)C=NC1,"[2, 8, 10, 14, 20, 22]",[],0.47416017033623786
6,median,O=C1c2ccccc2C(=O)c2c(cccc12)[N-]Cc1ccccn1,"[23, 9, 16]","[{'functional_group': 'phenyl', 'smiles_inds': [22]}, {'functional_group': 'hydroxyl', 'smiles_inds': [19]}]",0.47417174807636386
6,median,CC1=C(C)C(C)(c2cc(nc(c2)c2ccccn2)c2ccccn2)C(=C1C)C,"[17, 9, 23]","[{'functional_group': 'cyano', 'smiles_inds': [21]}]",0.4742091424402297
6,median,CC1CC(=S)N1C(C)c1ccccc1,[4],[],0.47421373401021205
6,median,[O-]c1ccccc1C=NC(C[Se]Cc1ccccc1)Cc1ccccc1,"[11, 0, 8]",[],0.4742303564531592
6,median,C(Oc1ccccc1)C1=NN=C(N1c1ccccc1)c1ccccn1,"[12, 10]",[],0.4742344501623906
6,median,CC1=NN(c2ccccc2)C(=O)C1=N[N-]c1cccc2cccnc12,"[14, 11, 23]","[{'functional_group': 'cyano', 'smiles_inds': [0]}]",0.47432562754080587
6,median,C[S]=C(N)N[N-]C=C1C=CC(=CC1=O)O,"[13, 5, 3]",[],0.47432575930283916
6,median,[S-]C(Nc1ccccn1)=NN=C(c1ccccn1)c1ccccn1,"[0, 23, 10]","[{'functional_group': 'methyl', 'smiles_inds': [22]}, {'functional_group': 'phenyl', 'smiles_inds': [2]}]",0.4743314493162702
6,median,CCOCCOC(=N)NC(N)=N,"[7, 11]","[{'functional_group': 'cyano', 'smiles_inds': [3]}]",0.47435909019395095
6,median,CC(N=CC(C)=NC(C)c1ccccc1)c1ccccc1,"[2, 6]","[{'functional_group': 'phosphonate', 'smiles_inds': [1]}]",0.47436360379944703
6,median,CN(C)c1ccc(cc1)N=Cc1ccccc1[O-],"[17, 9]",[],0.47437630406574716
6,median,COc1ccc(cc1)N=C(C)C=C([O-])c1ccccc1,"[13, 8]",[],0.47441746071874213
6,median,N(c1cccc(Nc2ccc3ccccc3n2)n1)c1ccc2ccccc2n1,"[16, 17, 27]",[],0.4744260232903606
6,median,Nc1ccccc1I,"[7, 0]","[{'functional_group': 'methyl_ester', 'smiles_inds': [2]}]",0.47442885324351236
6,median,COCCN=C(C=C([O-])C(F)(F)F)C(F)(F)F,"[8, 4]","[{'functional_group': 'ketone', 'smiles_inds': [3]}]",0.4744315454275133
6,median,CC1=NN(CCN=CC2=CC=C(Br)S2)C(=C1)C,"[6, 2]",[],0.4744320507655026
6,median,C1C=CC2C3=C2C13,[4],[],0.4744564308295688
6,median,O=C1N(Cc2cc(CSc3ccccc3)[c-]c(CSc3ccccc3)c2)C(=O)c2ccccc12,"[8, 18, 15]","[{'functional_group': 'thiol', 'smiles_inds': [13]}, {'functional_group': 'chloro', 'smiles_inds': [32]}]",0.4744564873444711
6,top,c1cc([c-]c(c1)C12N=CC3C4C1[S+2]234)C12N=CC3C4C1[S+2]234,"[7, 14, 3]","[{'functional_group': 'carboxylate', 'smiles_inds': [0]}, {'functional_group': '2-hydroxypyridine', 'smiles_inds': [8]}, {'functional_group': 'aldehyde', 'smiles_inds': [1]}, {'functional_group': 'aldehyde', 'smiles_inds': [16]}]",0.9991976589324397
6,top,c1cc([c-]c(c1)C12N=CC3C4C1[S+2]234)C12N=CC3C4C1[S+2]234,"[7, 14, 3]","[{'functional_group': 'carboxylate', 'smiles_inds': [0]}, {'functional_group': '2-hydroxypyridine', 'smiles_inds': [8]}, {'functional_group': 'tribromo', 'smiles_inds': [5]}]",0.9992173528216196
6,top,c1cc([c-]c(c1)C12N=CC3C4C1[S+2]234)C12N=CC3C4C1[S+2]234,"[7, 14, 3]","[{'functional_group': 'carboxylate', 'smiles_inds': [0]}, {'functional_group': '2-hydroxypyridine', 'smiles_inds': [8]}, {'functional_group': 'trichloro', 'smiles_inds': [15]}]",0.9992415397741435
6,top,NC1C(O)C(N)C([O-])C(NCCNC2C(O)C(N)C(O)C(N)C2[O-])C1O,"[12, 9, 21, 5, 23, 7]","[{'functional_group': 'iodo', 'smiles_inds': [4]}, {'functional_group': 'carboxylate', 'smiles_inds': [10]}]",0.9992537943534666
6,top,c1cc([c-]c(c1)C12N=CC3C4C1[S+2]234)C12N=CC3C4C1[S+2]234,"[7, 14, 3]","[{'functional_group': 'carboxyl', 'smiles_inds': [10]}, {'functional_group': 'carboxylate', 'smiles_inds': [1]}, {'functional_group': 'ketone', 'smiles_inds': [0]}, {'functional_group': 'carboxylate', 'smiles_inds': [18]}, {'functional_group': 'carboxylate', 'smiles_inds': [11]}]",0.9992585645071028
6,top,c1cc([c-]c(c1)C12N=CC3C4C1[S+2]234)C12N=CC3C4C1[S+2]234,"[7, 14, 3]","[{'functional_group': 'carboxylate', 'smiles_inds': [0]}, {'functional_group': 'amino', 'smiles_inds': [10]}, {'functional_group': 'carboxylate', 'smiles_inds': [16]}]",0.999260311794979
6,top,c1cc([c-]c(c1)C12N=CC3C4C1[S+2]234)C12N=CC3C4C1[S+2]234,"[7, 14, 3]","[{'functional_group': 'carboxylate', 'smiles_inds': [1]}, {'functional_group': 'carboxylate', 'smiles_inds': [10]}]",0.9992694573444292
6,top,c1cc([c-]c(c1)C12N=CC3C4C1[S+2]234)C12N=CC3C4C1[S+2]234,"[7, 14, 3]","[{'functional_group': 'carboxyl', 'smiles_inds': [10]}, {'functional_group': 'carboxylate', 'smiles_inds': [1]}, {'functional_group': 'ketone', 'smiles_inds': [0]}, {'functional_group': 'carboxylate', 'smiles_inds': [18]}, {'functional_group': '2-hydroxypyridine', 'smiles_inds': [8]}]",0.9993118333028299
6,top,c1cc([c-]c(c1)C12N=CC3C4C1[S+2]234)C12N=CC3C4C1[S+2]234,"[7, 14, 3]","[{'functional_group': 'carboxylate', 'smiles_inds': [0]}, {'functional_group': 'aldehyde', 'smiles_inds': [8]}, {'functional_group': 'phenyl', 'smiles_inds': [15]}, {'functional_group': 'carboxylate', 'smiles_inds': [10]}]",0.999382337524331
6,top,c1cc([c-]c(c1)C12N=CC3C4C1[S+2]234)C12N=CC3C4C1[S+2]234,"[7, 14, 3]","[{'functional_group': 'carboxylate', 'smiles_inds': [0]}, {'functional_group': '2-methylbenzoic_acid', 'smiles_inds': [8]}, {'functional_group': 'carboxylate', 'smiles_inds': [15]}, {'functional_group': 'tribromo', 'smiles_inds': [17]}, {'functional_group': 'carboxylate', 'smiles_inds': [10]}, {'functional_group': 'phosphonate', 'smiles_inds': [9]}, {'functional_group': 'carboxylate', 'smiles_inds': [1]}]",0.9994093529489698
6,top,c1cc([c-]c(c1)C12N=CC3C4C1[S+2]234)C12N=CC3C4C1[S+2]234,"[7, 14, 3]","[{'functional_group': 'carboxylate', 'smiles_inds': [0]}, {'functional_group': '2-hydroxypyridine', 'smiles_inds': [8]}, {'functional_group': 'tribromo', 'smiles_inds': [10]}, {'functional_group': 'carboxylate', 'smiles_inds': [16]}]",0.9994322703439077
6,top,c1cc([c-]c(c1)C12N=CC3C4C1[S+2]234)C12N=CC3C4C1[S+2]234,"[7, 14, 3]","[{'functional_group': 'carboxyl', 'smiles_inds': [10]}, {'functional_group': 'carboxylate', 'smiles_inds': [1]}, {'functional_group': 'ketone', 'smiles_inds': [0]}, {'functional_group': 'carboxylate', 'smiles_inds': [18]}, {'functional_group': 'carboxylate', 'smiles_inds': [8]}]",0.9994760591657907
6,top,c1cc([c-]c(c1)C12N=CC3C4C1[S+2]234)C12N=CC3C4C1[S+2]234,"[7, 14, 3]","[{'functional_group': 'carboxylate', 'smiles_inds': [0]}, {'functional_group': 'carboxylate', 'smiles_inds': [1]}]",0.9994814470889067
6,top,c1cc([c-]c(c1)C12N=CC3C4C1[S+2]234)C12N=CC3C4C1[S+2]234,"[7, 14, 3]","[{'functional_group': 'carboxylate', 'smiles_inds': [0]}, {'functional_group': '2-methylbenzoic_acid', 'smiles_inds': [8]}, {'functional_group': 'carboxylate', 'smiles_inds': [15]}, {'functional_group': 'tribromo', 'smiles_inds': [17]}, {'functional_group': 'carboxylate', 'smiles_inds': [10]}, {'functional_group': 'amino', 'smiles_inds': [11]}, {'functional_group': 'phosphonate', 'smiles_inds': [16]}, {'functional_group': 'carboxylate', 'smiles_inds': [5]}]",0.9995162164311102
6,top,c1cc([c-]c(c1)C12N=CC3C4C1[S+2]234)C12N=CC3C4C1[S+2]234,"[7, 14, 3]","[{'functional_group': 'carboxyl', 'smiles_inds': [10]}, {'functional_group': 'carboxylate', 'smiles_inds': [1]}, {'functional_group': 'ketone', 'smiles_inds': [0]}, {'functional_group': 'carboxylate', 'smiles_inds': [18]}, {'functional_group': 'carboxylate', 'smiles_inds': [5]}]",0.9995650204140376
6,top,c1cc([c-]c(c1)C12N=CC3C4C1[S+2]234)C12N=CC3C4C1[S+2]234,"[7, 14, 3]","[{'functional_group': 'carboxylate', 'smiles_inds': [0]}, {'functional_group': '2-hydroxypyridine', 'smiles_inds': [8]}, {'functional_group': 'tribromo', 'smiles_inds': [10]}, {'functional_group': 'carboxylate', 'smiles_inds': [1]}]",0.9996539953656893
6,top,c1cc([c-]c(c1)C12N=CC3C4C1[S+2]234)C12N=CC3C4C1[S+2]234,"[7, 14, 3]","[{'functional_group': 'carboxylate', 'smiles_inds': [0]}, {'functional_group': '2-hydroxypyridine', 'smiles_inds': [8]}, {'functional_group': 'tribromo', 'smiles_inds': [10]}, {'functional_group': 'carboxylate', 'smiles_inds': [5]}]",0.9996539953656893
6,top,c1cc([c-]c(c1)C12N=CC3C4C1[S+2]234)C12N=CC3C4C1[S+2]234,"[7, 14, 3]","[{'functional_group': 'carboxylate', 'smiles_inds': [0]}, {'functional_group': '2-methylbenzoic_acid', 'smiles_inds': [8]}, {'functional_group': 'carboxylate', 'smiles_inds': [15]}, {'functional_group': 'tribromo', 'smiles_inds': [17]}, {'functional_group': 'carboxylate', 'smiles_inds': [10]}, {'functional_group': 'amino', 'smiles_inds': [11]}, {'functional_group': 'carboxylate', 'smiles_inds': [1]}]",0.9996694205078009
6,top,c1cc([c-]c(c1)C12N=CC3C4C1[S+2]234)C12N=CC3C4C1[S+2]234,"[7, 14, 3]","[{'functional_group': 'carboxylate', 'smiles_inds': [0]}, {'functional_group': '2-methylbenzoic_acid', 'smiles_inds': [8]}, {'functional_group': 'carboxylate', 'smiles_inds': [15]}, {'functional_group': 'tribromo', 'smiles_inds': [17]}, {'functional_group': 'carboxylate', 'smiles_inds': [10]}, {'functional_group': 'carboxylate', 'smiles_inds': [1]}, {'functional_group': 'amino', 'smiles_inds': [18]}]",0.9996800495651017
6,top,O=C([O-])CNC12CNCCNCC(CNCCNC1)(CNCCNC2)NCC(=O)[O-],"[7, 10, 17, 14, 23, 20]","[{'functional_group': 'tribromo', 'smiles_inds': [4]}, {'functional_group': 'carboxylate', 'smiles_inds': [8]}]",0.9997373339451416
7,bottom,CCCC[P](CCCC)(CCCC)CCP(CCP(CCP(CC[P](CCCC)(CCCC)CCCC)CC[P](CCCC)(CCCC)CCCC)c1ccccc1)CC[P](CCCC)(CCCC)CCCC,"[15, 18, 21]","[{'functional_group': 'trifluro', 'smiles_inds': [72]}, {'functional_group': 'amide', 'smiles_inds': [8]}, {'functional_group': 'ethyl_ester', 'smiles_inds': [10]}]",3.293943261213168e-16
7,bottom,C[Si](C)(C)c1cc(cc(c1)[Si](C)(C)C)C(C(=O)Nc1cccc(NC(=O)C(c2cc(cc(c2)[Si](C)(C)C)[Si](C)(C)C)(c2cc(cc(c2)[Si](C)(C)C)[Si](C)(C)C)c2cc(cc(c2)[Si](C)(C)C)[Si](C)(C)C)c1[S-])(c1cc(cc(c1)[Si](C)(C)C)[Si](C)(C)C)c1cc(cc(c1)[Si](C)(C)C)[Si](C)(C)C,"[70, 16]","[{'functional_group': 'cyanimide', 'smiles_inds': [36]}]",1.3773315052605742e-14
7,bottom,FC(F)(F)C(F)(F)C(F)(F)C(F)(F)C(F)(F)C(F)(F)C(F)(F)C(F)(F)CCP(CCC(F)(F)C(F)(F)C(F)(F)C(F)(F)C(F)(F)C(F)(F)C(F)(F)C(F)(F)F)Cc1cccc(CP(CCC(F)(F)C(F)(F)C(F)(F)C(F)(F)C(F)(F)C(F)(F)C(F)(F)C(F)(F)F)CCC(F)(F)C(F)(F)C(F)(F)C(F)(F)C(F)(F)C(F)(F)C(F)(F)C(F)(F)F)[c-]1,"[27, 62, 117]",[],1.516764031751032e-14
7,bottom,C[Si](C)(C)c1cc(cc(c1)[Si](C)(C)C)C(C(=O)Nc1cccc(NC(=O)C(c2cc(cc(c2)[Si](C)(C)C)[Si](C)(C)C)(c2cc(cc(c2)[Si](C)(C)C)[Si](C)(C)C)c2cc(cc(c2)[Si](C)(C)C)[Si](C)(C)C)c1[S-])(c1cc(cc(c1)[Si](C)(C)C)[Si](C)(C)C)c1cc(cc(c1)[Si](C)(C)C)[Si](C)(C)C,"[70, 16]",[],2.3626607810722684e-14
7,bottom,CP(CCP(C)c1c(cc(cc1C([Si](C)(C)C)[Si](C)(C)C)C([Si](C)(C)C)([Si](C)(C)C)[Si](C)(C)C)C([Si](C)(C)C)[Si](C)(C)C)c1c(cc(cc1C([Si](C)(C)C)[Si](C)(C)C)C([Si](C)(C)C)([Si](C)(C)C)[Si](C)(C)C)C([Si-](C)C)[Si](C)(C)C,"[4, 72, 1]",[],3.596306187947053e-14
7,bottom,CC(C)(C)c1cc2c3cc(cc4c5cc(cc6c7cc(cc8c9cc(cc%10c%11cc(cc%12c(c1)c2c1c(c34)c(c56)c(c78)c(c9%10)c1c%11%12)C(C)(C)C)C(C)(C)C)C(C)(C)C)C(C)(C)C)P(c1cc2c3cc(cc4c5cc(cc6c7cc(cc8c9cc(cc%10c%11cc(cc%12c(c1)c2c1c(c34)c(c56)c(c78)c(c9%10)c1c%11%12)C(C)(C)C)C(C)(C)C)C(C)(C)C)C(C)(C)C)C(C)(C)C)c1cc2c3cc(cc4c5cc(cc6c7cc(cc8c9cc(cc%10c%11cc(cc%12c(c1)c2c1c(c34)c(c56)c(c78)c(c9%10)c1c%11%12)C(C)(C)C)C(C)(C)C)C(C)(C)C)C(C)(C)C)C(C)(C)C,[62],[],3.826084218105885e-14
7,bottom,C[Si](C)(C)c1cc(cc(c1)[Si](C)(C)C)C(C(=O)Nc1cccc(NC(=O)C(c2cc(cc(c2)[Si](C)(C)C)[Si](C)(C)C)(c2cc(cc(c2)[Si](C)(C)C)[Si](C)(C)C)c2cc(cc(c2)[Si](C)(C)C)[Si](C)(C)C)c1[S-])(c1cc(cc(c1)[Si](C)(C)C)[Si](C)(C)C)c1cc(cc(c1)[Si](C)(C)C)[Si](C)(C)C,"[70, 16]","[{'functional_group': 'carbonyl', 'smiles_inds': [84]}, {'functional_group': 'ether', 'smiles_inds': [11]}]",4.085153005143218e-14
7,bottom,C[Si](C)(C)C(c1cc(C([Si](C)(C)C)[Si](C)(C)C)c([Se]c2ccccc2Sc2ccccc2Sc2ccccc2[Se]c2c(cc(cc2C([Si](C)(C)C)[Si](C)(C)C)C([Si](C)(C)C)[Si](C)(C)C)C([Si](C)(C)C)[Si](C)(C)C)c(c1)C([Si](C)(C)C)[Si](C)(C)C)[Si](C)(C)C,"[25, 32]",[],5.09094452901457e-12
7,bottom,C[Si](C)(C)C(c1cc(C([Si](C)(C)C)[Si](C)(C)C)c([Se]c2ccccc2[Se]c2ccccc2[Se]c2ccccc2[Se]c2c(cc(cc2C([Si](C)(C)C)[Si](C)(C)C)C([Si](C)(C)C)[Si](C)(C)C)C([Si](C)(C)C)[Si](C)(C)C)c(c1)C([Si](C)(C)C)[Si](C)(C)C)[Si](C)(C)C,"[25, 32]",[],6.506779997646388e-12
7,bottom,C[Si](C)(C)C(c1cc(C([Si](C)(C)C)[Si](C)(C)C)c(Sc2ccccc2Sc2ccccc2Sc2ccccc2Sc2c(cc(cc2C([Si](C)(C)C)[Si](C)(C)C)C([Si](C)(C)C)[Si](C)(C)C)C([Si](C)(C)C)[Si](C)(C)C)c(c1)C([Si](C)(C)C)[Si](C)(C)C)[Si](C)(C)C,"[25, 32]",[],6.695338853902839e-12
7,bottom,CCCOc1c2Cc3cc(cc(Cc4cccc(Cc5cc(cc(Cc1ccc2)c5OCCC)c1cccc(c1)c1cc2Cc5cccc(Cc6cc(cc(Cc7cccc(Cc(c1)c2OCCC)c7OCCC)c6OCCC)P(c1ccccc1)c1ccccc1)c5OCCC)c4OCCC)c3OCCC)P(c1ccccc1)c1ccccc1,"[107, 79]","[{'functional_group': '2-methylbenzoic_acid', 'smiles_inds': [0]}, {'functional_group': 'ethyl', 'smiles_inds': [109]}]",6.80271473475367e-12
7,bottom,C[Si](C)(C)C(c1cc(C([Si](C)(C)C)[Si](C)(C)C)c([Se]c2ccccc2Sc2ccccc2Sc2ccccc2[Se]c2c(cc(cc2C([Si](C)(C)C)[Si](C)(C)C)C([Si](C)(C)C)[Si](C)(C)C)C([Si](C)(C)C)[Si](C)(C)C)c(c1)C([Si](C)(C)C)[Si](C)(C)C)[Si](C)(C)C,"[25, 32]","[{'functional_group': 'bromo', 'smiles_inds': [22]}, {'functional_group': 'iodo', 'smiles_inds': [20]}]",7.461589252514567e-12
7,bottom,C[Si](C)(C)C(c1cc(C([Si](C)(C)C)[Si](C)(C)C)c([Se]c2ccccc2Sc2ccccc2Sc2ccccc2[Se]c2c(cc(cc2C([Si](C)(C)C)[Si](C)(C)C)C([Si](C)(C)C)[Si](C)(C)C)C([Si](C)(C)C)[Si](C)(C)C)c(c1)C([Si](C)(C)C)[Si](C)(C)C)[Si](C)(C)C,"[25, 32]","[{'functional_group': 'carbonyl', 'smiles_inds': [86]}]",8.337056440984288e-12
7,bottom,CCCCCC1c2cc3C(CCCCC)c4cc5C(CCCCC)c6cc7C(CCCCC)c8cc1c1OCOc2cc3OCOc4c(P(c2ccccc2)c2ccccc2)c5OCOc6cc7OCOc8c1OCc1cccc(COc2c3OCOc4cc5OCOc6c7cc8C(CCCCC)c9cc%10C(CCCCC)c(cc3C(CCCCC)c4cc5C7CCCCC)c2OCOc%10cc9OCOc8c6P(c2ccccc2)c2ccccc2)c1,"[48, 142]","[{'functional_group': 'carbonyl', 'smiles_inds': [66]}, {'functional_group': 'carboxyllic_acid', 'smiles_inds': [60]}]",1.3532345665583956e-11
7,bottom,CCCCCC1c2cc3C(CCCCC)c4cc5C(CCCCC)c6cc7C(CCCCC)c8cc1c1OCOc2cc3OCOc4c(P(c2ccccc2)c2ccccc2)c5OCOc6cc7OCOc8c1OCc1cccc(COc2c3OCOc4cc5OCOc6c7cc8C(CCCCC)c9cc%10C(CCCCC)c(cc3C(CCCCC)c4cc5C7CCCCC)c2OCOc%10cc9OCOc8c6P(c2ccccc2)c2ccccc2)c1,"[48, 142]","[{'functional_group': 'tribromo', 'smiles_inds': [119]}, {'functional_group': 'amino', 'smiles_inds': [95]}]",1.8318126330052023e-11
7,bottom,CCC(C)(C)c1cc(C(c2cc(cc(c2OCCN(C)C(=O)CP(=O)(c2ccccc2)c2ccccc2)C(C)(C)CC)C(C)(C)CC)c2cc(cc(c2OCCN(C)C(=O)CP(=O)(c2ccccc2)c2ccccc2)C(C)(C)CC)C(C)(C)CC)c(OCCN(C)C(=O)CP(=O)(c2ccccc2)c2ccccc2)c(c1)C(C)(C)CC,"[21, 24, 59, 62, 92, 95]","[{'functional_group': 'amide', 'smiles_inds': [3]}]",1.8392989044600568e-11
7,bottom,C[Si](C)(C)C(c1cc(C([Si](C)(C)C)[Si](C)(C)C)c([Se]c2ccccc2Sc2ccccc2Sc2ccccc2[Se]c2c(cc(cc2C([Si](C)(C)C)[Si](C)(C)C)C([Si](C)(C)C)[Si](C)(C)C)C([Si](C)(C)C)[Si](C)(C)C)c(c1)C([Si](C)(C)C)[Si](C)(C)C)[Si](C)(C)C,"[25, 32]","[{'functional_group': 'carboxylate', 'smiles_inds': [22]}, {'functional_group': 'trichloro', 'smiles_inds': [82]}, {'functional_group': 'fluoro', 'smiles_inds': [52]}]",3.9906889654959646e-11
7,bottom,FC(F)(F)C(F)(F)C(F)(F)C(F)(F)C(F)(F)C(F)(F)C(F)(F)C(F)(F)CCCP(CCCC(F)(F)C(F)(F)C(F)(F)C(F)(F)C(F)(F)C(F)(F)C(F)(F)C(F)(F)F)CCCC(F)(F)C(F)(F)C(F)(F)C(F)(F)C(F)(F)C(F)(F)C(F)(F)C(F)(F)F,[28],"[{'functional_group': 'thiol', 'smiles_inds': [27]}, {'functional_group': 'trichloro', 'smiles_inds': [59]}]",4.4700163812362204e-11
7,bottom,CCC(C)(C)c1cc(C(c2cc(cc(c2OCCN(C)C(=O)CP(=O)(c2ccccc2)c2ccccc2)C(C)(C)CC)C(C)(C)CC)c2cc(cc(c2OCCN(C)C(=O)CP(=O)(c2ccccc2)c2ccccc2)C(C)(C)CC)C(C)(C)CC)c(OCCN(C)C(=O)CP(=O)(c2ccccc2)c2ccccc2)c(c1)C(C)(C)CC,"[21, 24, 59, 62, 92, 95]","[{'functional_group': 'methyl_ester', 'smiles_inds': [32]}, {'functional_group': 'tribromo', 'smiles_inds': [74]}]",6.887601699468025e-11
7,bottom,FC(F)(F)C(F)(F)C(F)(F)C(F)(F)C(F)(F)C(F)(F)c1ccc(cc1)P(CCP(c1ccc(cc1)C(F)(F)C(F)(F)C(F)(F)C(F)(F)C(F)(F)C(F)(F)F)c1ccc(cc1)C(F)(F)C(F)(F)C(F)(F)C(F)(F)C(F)(F)C(F)(F)F)c1ccc(cc1)C(F)(F)C(F)(F)C(F)(F)C(F)(F)C(F)(F)C(F)(F)F,"[25, 28]","[{'functional_group': 'hydroxyl', 'smiles_inds': [31]}]",7.108339268435575e-11
7,median,[O-]C(c1ccccc1)(c1ccccc1)c1ccccn1,"[0, 19]","[{'functional_group': 'cyano', 'smiles_inds': [11]}]",0.4720493285130165
7,median,OC([O-])(c1ccccc1)c1nccc2ccccc12,"[2, 10]",[],0.47205890539648887
7,median,COC(=O)C([S-])=C(SC)C(=O)OC,"[5, 7]",[],0.4720641393440669
7,median,CCCCCCSC(=S)C=C([O-])c1ccc(Br)cc1,"[8, 11]",[],0.47209345988881246
7,median,C(COCCSc1cccc2cccnc12)OCCSc1cccc2cccnc12,"[5, 19, 14, 28, 2, 16]","[{'functional_group': 'cyano', 'smiles_inds': [8]}, {'functional_group': 'thiol', 'smiles_inds': [3]}]",0.4721176009594104
7,median,S=C(NCCc1ccccc1)NN=Cc1ccccn1,"[0, 19, 12]","[{'functional_group': 'ether', 'smiles_inds': [18]}]",0.4721548163592795
7,median,CC(C)(C)C1=NNC(=S)C(=C1)C(C)(C)C,[8],[],0.47223411957246364
7,median,CCN(CC)C(=N)ON=C(C)C,"[8, 6]",[],0.4723318905192212
7,median,CC(CN(CC(C)=NO)CC(C)=NO)=NO,"[14, 7, 3]",[],0.47233879504833765
7,median,C1CCN(CC1)CC[Se]c1ccccc1,"[8, 3]","[{'functional_group': 'carboxylate', 'smiles_inds': [12]}]",0.472366508914121
7,median,FC(F)(F)Oc1ccccc1c1ccccn1,[16],[],0.47241404619415284
7,median,CS(=O)c1ccccc1C(=O)[N-]CCc1ccccn1,"[1, 11, 19]",[],0.47241443399051164
7,median,NC1=NC2=[NH+]CCN=C2C(=O)N1,"[10, 7]","[{'functional_group': 'ethyl_ester', 'smiles_inds': [5]}, {'functional_group': 'bromo', 'smiles_inds': [0]}]",0.4724591681125159
7,median,[NH3+]CCNC(=O)c1ccnc(c1)c1cc(C)ccn1,"[18, 9]","[{'functional_group': 'carbonyl', 'smiles_inds': [1]}, {'functional_group': 'carboxylate', 'smiles_inds': [8]}, {'functional_group': 'phenyl', 'smiles_inds': [2]}, {'functional_group': 'cyano', 'smiles_inds': [11]}]",0.47251157556597806
7,median,[NH2+]1C2[NH2+]C1C1C34OC1(O3)C24,"[0, 2]","[{'functional_group': 'ketone', 'smiles_inds': [3]}, {'functional_group': 'methyl', 'smiles_inds': [1]}, {'functional_group': 'amide', 'smiles_inds': [9]}]",0.4725427508412709
7,median,C(N1c2ccccc2N=C1C1=CSC=N1)c1ccccc1,"[14, 8]",[],0.472543970678885
7,median,CCN(CC)CC(=O)[N-]c1cccc2cccnc12,"[8, 17, 2]",[],0.47256286160354444
7,median,NCC[N-]c1[nH+]c2ccccc2c2Nc3ccccc3c12,"[3, 0]",[],0.4725690370964414
7,median,Cc1[nH+]cc(CO)c(C=Nc2ccccc2)c1[O-],"[17, 9]","[{'functional_group': 'trichloro', 'smiles_inds': [0]}]",0.47262317288816913
7,median,[O-]c1cc2ccccc2cc1C=NC(c1ccccc1)c1ccccc1,"[0, 12]","[{'functional_group': 'thiol', 'smiles_inds': [19]}]",0.4726375436799683
7,top,c1cc([c-]c(c1)C12N=CC3C4C1[S+2]234)C12N=CC3C4C1[S+2]234,"[7, 14, 3]","[{'functional_group': 'carboxyl', 'smiles_inds': [10]}, {'functional_group': 'carboxylate', 'smiles_inds': [1]}, {'functional_group': 'ketone', 'smiles_inds': [0]}, {'functional_group': 'carboxylate', 'smiles_inds': [18]}, {'functional_group': 'carboxylate', 'smiles_inds': [5]}, {'functional_group': 'carbonyl', 'smiles_inds': [11]}, {'functional_group': 'aldehyde', 'smiles_inds': [9]}]",0.9996506574684608
7,top,c1cc([c-]c(c1)C12N=CC3C4C1[S+2]234)C12N=CC3C4C1[S+2]234,"[7, 14, 3]","[{'functional_group': 'carboxylate', 'smiles_inds': [0]}, {'functional_group': '2-methylbenzoic_acid', 'smiles_inds': [8]}, {'functional_group': 'carboxylate', 'smiles_inds': [15]}, {'functional_group': 'tribromo', 'smiles_inds': [17]}, {'functional_group': 'carboxylate', 'smiles_inds': [10]}, {'functional_group': 'carboxylate', 'smiles_inds': [16]}]",0.9996529867778201
7,top,c1cc([c-]c(c1)C12N=CC3C4C1[S+2]234)C12N=CC3C4C1[S+2]234,"[7, 14, 3]","[{'functional_group': 'carboxyl', 'smiles_inds': [10]}, {'functional_group': 'carboxylate', 'smiles_inds': [1]}, {'functional_group': 'ketone', 'smiles_inds': [0]}, {'functional_group': 'carboxylate', 'smiles_inds': [18]}, {'functional_group': 'carboxylate', 'smiles_inds': [5]}, {'functional_group': 'trichloro', 'smiles_inds': [8]}, {'functional_group': 'thiol', 'smiles_inds': [9]}, {'functional_group': 'tribromo', 'smiles_inds': [16]}]",0.9996564158045127
7,top,c1cc([c-]c(c1)C12N=CC3C4C1[S+2]234)C12N=CC3C4C1[S+2]234,"[7, 14, 3]","[{'functional_group': 'carboxyl', 'smiles_inds': [10]}, {'functional_group': 'carboxylate', 'smiles_inds': [1]}, {'functional_group': 'ketone', 'smiles_inds': [0]}, {'functional_group': 'carboxylate', 'smiles_inds': [18]}, {'functional_group': 'carboxylate', 'smiles_inds': [5]}, {'functional_group': 'carbonyl', 'smiles_inds': [9]}]",0.9996567963132207
7,top,c1cc([c-]c(c1)C12N=CC3C4C1[S+2]234)C12N=CC3C4C1[S+2]234,"[7, 14, 3]","[{'functional_group': 'carboxyl', 'smiles_inds': [10]}, {'functional_group': 'carboxylate', 'smiles_inds': [1]}, {'functional_group': 'ketone', 'smiles_inds': [0]}, {'functional_group': 'carboxylate', 'smiles_inds': [18]}, {'functional_group': 'carboxylate', 'smiles_inds': [5]}, {'functional_group': 'tribromo', 'smiles_inds': [17]}]",0.999665553807214
7,top,c1cc([c-]c(c1)C12N=CC3C4C1[S+2]234)C12N=CC3C4C1[S+2]234,"[7, 14, 3]","[{'functional_group': 'carboxyl', 'smiles_inds': [10]}, {'functional_group': 'carboxylate', 'smiles_inds': [1]}, {'functional_group': 'ketone', 'smiles_inds': [0]}, {'functional_group': 'carboxylate', 'smiles_inds': [18]}, {'functional_group': 'carboxylate', 'smiles_inds': [5]}, {'functional_group': 'cyano', 'smiles_inds': [8]}, {'functional_group': 'phosphonate', 'smiles_inds': [9]}]",0.9996684519654193
7,top,c1cc([c-]c(c1)C12N=CC3C4C1[S+2]234)C12N=CC3C4C1[S+2]234,"[7, 14, 3]","[{'functional_group': 'carboxyl', 'smiles_inds': [10]}, {'functional_group': 'carboxylate', 'smiles_inds': [1]}, {'functional_group': 'ketone', 'smiles_inds': [0]}, {'functional_group': 'carboxylate', 'smiles_inds': [18]}, {'functional_group': 'carboxylate', 'smiles_inds': [5]}, {'functional_group': 'bromo', 'smiles_inds': [17]}]",0.9996703816655848
7,top,c1cc([c-]c(c1)C12N=CC3C4C1[S+2]234)C12N=CC3C4C1[S+2]234,"[7, 14, 3]","[{'functional_group': 'carboxyl', 'smiles_inds': [10]}, {'functional_group': 'carboxylate', 'smiles_inds': [1]}, {'functional_group': 'ketone', 'smiles_inds': [0]}, {'functional_group': 'carboxylate', 'smiles_inds': [18]}, {'functional_group': 'carboxylate', 'smiles_inds': [5]}, {'functional_group': 'tribromo', 'smiles_inds': [16]}]",0.9996725899035082
7,top,c1cc([c-]c(c1)C12N=CC3C4C1[S+2]234)C12N=CC3C4C1[S+2]234,"[7, 14, 3]","[{'functional_group': 'carboxyl', 'smiles_inds': [10]}, {'functional_group': 'carboxylate', 'smiles_inds': [1]}, {'functional_group': 'ketone', 'smiles_inds': [0]}, {'functional_group': 'carboxylate', 'smiles_inds': [18]}, {'functional_group': 'carboxylate', 'smiles_inds': [5]}, {'functional_group': 'carbonyl', 'smiles_inds': [16]}]",0.9996779599127913
7,top,c1cc([c-]c(c1)C12N=CC3C4C1[S+2]234)C12N=CC3C4C1[S+2]234,"[7, 14, 3]","[{'functional_group': 'carboxyl', 'smiles_inds': [10]}, {'functional_group': 'carboxylate', 'smiles_inds': [1]}, {'functional_group': 'ketone', 'smiles_inds': [0]}, {'functional_group': 'carboxylate', 'smiles_inds': [18]}, {'functional_group': 'carboxylate', 'smiles_inds': [5]}, {'functional_group': 'thiol', 'smiles_inds': [9]}]",0.9996789662514914
7,top,c1cc([c-]c(c1)C12N=CC3C4C1[S+2]234)C12N=CC3C4C1[S+2]234,"[7, 14, 3]","[{'functional_group': 'carboxyl', 'smiles_inds': [10]}, {'functional_group': 'carboxylate', 'smiles_inds': [1]}, {'functional_group': 'ketone', 'smiles_inds': [0]}, {'functional_group': 'carboxylate', 'smiles_inds': [18]}, {'functional_group': 'carboxylate', 'smiles_inds': [5]}, {'functional_group': 'tribromo', 'smiles_inds': [17]}, {'functional_group': 'hydroxyl', 'smiles_inds': [9]}, {'functional_group': 'amino', 'smiles_inds': [16]}]",0.9996834705760275
7,top,c1cc([c-]c(c1)C12N=CC3C4C1[S+2]234)C12N=CC3C4C1[S+2]234,"[7, 14, 3]","[{'functional_group': 'carboxyl', 'smiles_inds': [10]}, {'functional_group': 'carboxylate', 'smiles_inds': [1]}, {'functional_group': 'ketone', 'smiles_inds': [0]}, {'functional_group': 'carboxylate', 'smiles_inds': [18]}, {'functional_group': 'carboxylate', 'smiles_inds': [5]}, {'functional_group': 'cyanimide', 'smiles_inds': [15]}, {'functional_group': 'carboxylate', 'smiles_inds': [17]}]",0.9996894746784913
7,top,c1cc([c-]c(c1)C12N=CC3C4C1[S+2]234)C12N=CC3C4C1[S+2]234,"[7, 14, 3]","[{'functional_group': 'carboxyl', 'smiles_inds': [10]}, {'functional_group': 'carboxylate', 'smiles_inds': [1]}, {'functional_group': 'ketone', 'smiles_inds': [0]}, {'functional_group': 'carboxylate', 'smiles_inds': [18]}, {'functional_group': 'carboxylate', 'smiles_inds': [5]}, {'functional_group': 'amino', 'smiles_inds': [15]}]",0.9996917914924628
7,top,c1cc([c-]c(c1)C12N=CC3C4C1[S+2]234)C12N=CC3C4C1[S+2]234,"[7, 14, 3]","[{'functional_group': 'carboxyl', 'smiles_inds': [10]}, {'functional_group': 'carboxylate', 'smiles_inds': [1]}, {'functional_group': 'ketone', 'smiles_inds': [0]}, {'functional_group': 'carboxylate', 'smiles_inds': [18]}, {'functional_group': 'carboxylate', 'smiles_inds': [5]}, {'functional_group': 'carboxyl', 'smiles_inds': [15]}]",0.9997011161911552
7,top,c1cc([c-]c(c1)C12N=CC3C4C1[S+2]234)C12N=CC3C4C1[S+2]234,"[7, 14, 3]","[{'functional_group': 'carboxyl', 'smiles_inds': [10]}, {'functional_group': 'carboxylate', 'smiles_inds': [1]}, {'functional_group': 'ketone', 'smiles_inds': [0]}, {'functional_group': 'carboxylate', 'smiles_inds': [18]}, {'functional_group': 'carboxylate', 'smiles_inds': [5]}, {'functional_group': 'carbonyl', 'smiles_inds': [8]}]",0.9997616219227006
7,top,c1cc([c-]c(c1)C12N=CC3C4C1[S+2]234)C12N=CC3C4C1[S+2]234,"[7, 14, 3]","[{'functional_group': 'carboxyl', 'smiles_inds': [10]}, {'functional_group': 'carboxylate', 'smiles_inds': [1]}, {'functional_group': 'ketone', 'smiles_inds': [0]}, {'functional_group': 'carboxylate', 'smiles_inds': [18]}, {'functional_group': 'carboxylate', 'smiles_inds': [5]}, {'functional_group': 'tribromo', 'smiles_inds': [8]}, {'functional_group': 'thiol', 'smiles_inds': [17]}, {'functional_group': 'chloro', 'smiles_inds': [11]}]",0.9997628127560281
7,top,c1cc([c-]c(c1)C12N=CC3C4C1[S+2]234)C12N=CC3C4C1[S+2]234,"[7, 14, 3]","[{'functional_group': 'carboxyl', 'smiles_inds': [10]}, {'functional_group': 'carboxylate', 'smiles_inds': [1]}, {'functional_group': 'ketone', 'smiles_inds': [0]}, {'functional_group': 'carboxylate', 'smiles_inds': [18]}, {'functional_group': 'phenyl', 'smiles_inds': [15]}, {'functional_group': 'tribromo', 'smiles_inds': [8]}, {'functional_group': 'carboxylate', 'smiles_inds': [5]}, {'functional_group': 'amino', 'smiles_inds': [9]}]",0.9997827977206818
7,top,c1cc([c-]c(c1)C12N=CC3C4C1[S+2]234)C12N=CC3C4C1[S+2]234,"[7, 14, 3]","[{'functional_group': 'carboxyl', 'smiles_inds': [10]}, {'functional_group': 'carboxylate', 'smiles_inds': [1]}, {'functional_group': 'ketone', 'smiles_inds': [0]}, {'functional_group': 'carboxylate', 'smiles_inds': [18]}, {'functional_group': 'carboxylate', 'smiles_inds': [5]}, {'functional_group': 'methyl', 'smiles_inds': [8]}, {'functional_group': 'carboxylate', 'smiles_inds': [16]}, {'functional_group': 'methyl', 'smiles_inds': [17]}]",0.9997842800154012
7,top,c1cc([c-]c(c1)C12N=CC3C4C1[S+2]234)C12N=CC3C4C1[S+2]234,"[7, 14, 3]","[{'functional_group': 'carboxyl', 'smiles_inds': [10]}, {'functional_group': 'carboxylate', 'smiles_inds': [1]}, {'functional_group': 'ketone', 'smiles_inds': [0]}, {'functional_group': 'carboxylate', 'smiles_inds': [18]}, {'functional_group': 'carboxylate', 'smiles_inds': [5]}, {'functional_group': 'carboxylate', 'smiles_inds': [11]}]",0.9998421826724981
7,top,c1cc([c-]c(c1)C12N=CC3C4C1[S+2]234)C12N=CC3C4C1[S+2]234,"[7, 14, 3]","[{'functional_group': 'carboxyl', 'smiles_inds': [10]}, {'functional_group': 'carboxylate', 'smiles_inds': [1]}, {'functional_group': 'ketone', 'smiles_inds': [0]}, {'functional_group': 'carboxylate', 'smiles_inds': [18]}, {'functional_group': 'carboxylate', 'smiles_inds': [5]}, {'functional_group': 'carboxylate', 'smiles_inds': [8]}, {'functional_group': 'ketone', 'smiles_inds': [9]}]",0.9998849910426607
8,bottom,C[Si](C)(C)c1cc(cc(c1)[Si](C#CP(C#C[Si](c1cc(cc(c1)[Si](C)(C)C)[Si](C)(C)C)(c1cc(cc(c1)[Si](C)(C)C)[Si](C)(C)C)c1cc(cc(c1)[Si](C)(C)C)[Si](C)(C)C)C#C[Si](c1cc(cc(c1)[Si](C)(C)C)[Si](C)(C)C)(c1cc(cc(c1)[Si](C)(C)C)[Si](C)(C)C)c1cc(cc(c1)[Si](C)(C)C)[Si](C)(C)C)(c1cc(cc(c1)[Si](C)(C)C)[Si](C)(C)C)c1cc(cc(c1)[Si](C)(C)C)[Si](C)(C)C)[Si](C)(C)C,[13],"[{'functional_group': 'trifluro', 'smiles_inds': [25]}]",7.493795022714156e-21
8,bottom,C[Si](C)(C)C(c1cc(C([Si](C)(C)C)[Si](C)(C)C)c([Se]c2ccccc2[Se]c2ccccc2[Se]c2ccccc2[Se]c2c(cc(cc2C([Si](C)(C)C)[Si](C)(C)C)C([Si](C)(C)C)[Si](C)(C)C)C([Si](C)(C)C)[Si](C)(C)C)c(c1)C([Si](C)(C)C)[Si](C)(C)C)[Si](C)(C)C,"[25, 32]","[{'functional_group': '2-methylbenzoic_acid', 'smiles_inds': [14]}]",1.2083118279468458e-12
8,bottom,C[Si](C)(C)C(c1cc(C([Si](C)(C)C)[Si](C)(C)C)c(Sc2ccccc2Sc2ccccc2Sc2ccccc2Sc2c(cc(cc2C([Si](C)(C)C)[Si](C)(C)C)C([Si](C)(C)C)[Si](C)(C)C)C([Si](C)(C)C)[Si](C)(C)C)c(c1)C([Si](C)(C)C)[Si](C)(C)C)[Si](C)(C)C,"[25, 32]","[{'functional_group': 'methyl', 'smiles_inds': [11]}]",2.0745221115937436e-12
8,bottom,C[Si](C)(C)C(c1cc(C([Si](C)(C)C)[Si](C)(C)C)c(Sc2ccccc2Sc2ccccc2Sc2ccccc2Sc2c(cc(cc2C([Si](C)(C)C)[Si](C)(C)C)C([Si](C)(C)C)[Si](C)(C)C)C([Si](C)(C)C)[Si](C)(C)C)c(c1)C([Si](C)(C)C)[Si](C)(C)C)[Si](C)(C)C,"[25, 32]",[],3.0957583804108695e-12
8,bottom,C[Si](C)(C)C(c1cc(C([Si](C)(C)C)[Si](C)(C)C)c(Sc2ccccc2[Se]c2ccccc2[Se]c2ccccc2Sc2c(cc(cc2C([Si](C)(C)C)[Si](C)(C)C)C([Si](C)(C)C)[Si](C)(C)C)C([Si](C)(C)C)[Si](C)(C)C)c(c1)C([Si](C)(C)C)[Si](C)(C)C)[Si](C)(C)C,"[25, 32]",[],3.8060065175786465e-12
8,bottom,CCCCCC1c2cc3C(CCCCC)c4cc5C(CCCCC)c6cc7C(CCCCC)c8cc1c1OCOc2cc3OCOc4c(P(c2ccccc2)c2ccccc2)c5OCOc6cc7OCOc8c1OCc1cccc(COc2c3OCOc4cc5OCOc6c7cc8C(CCCCC)c9cc%10C(CCCCC)c(cc3C(CCCCC)c4cc5C7CCCCC)c2OCOc%10cc9OCOc8c6P(c2ccccc2)c2ccccc2)c1,"[48, 142]","[{'functional_group': 'carboxylate', 'smiles_inds': [108]}]",4.7403999858150855e-12
8,bottom,CCCOc1c2Cc3cc(cc(Cc4cccc(Cc5cc(cc(Cc1ccc2)c5OCCC)c1cccc(c1)c1cc2Cc5cccc(Cc6cc(cc(Cc7cccc(Cc(c1)c2OCCC)c7OCCC)c6OCCC)P(c1ccccc1)c1ccccc1)c5OCCC)c4OCCC)c3OCCC)P(c1ccccc1)c1ccccc1,"[107, 79]","[{'functional_group': 'cyanimide', 'smiles_inds': [116]}, {'functional_group': '2-hydroxypyridine', 'smiles_inds': [115]}, {'functional_group': 'carboxyllic_acid', 'smiles_inds': [55]}]",5.183870539578514e-12
8,bottom,FC(F)(F)C(F)(F)C(F)(F)C(F)(F)C(F)(F)C(F)(F)C(F)(F)C(F)(F)CCc1ccc(cc1)P(c1ccc(CCC(F)(F)C(F)(F)C(F)(F)C(F)(F)C(F)(F)C(F)(F)C(F)(F)C(F)(F)F)cc1)c1ccc(CCC(F)(F)C(F)(F)C(F)(F)C(F)(F)C(F)(F)C(F)(F)C(F)(F)C(F)(F)F)cc1,[33],"[{'functional_group': '2-methylbenzoic_acid', 'smiles_inds': [65]}, {'functional_group': 'carboxylate', 'smiles_inds': [35]}, {'functional_group': 'thiol', 'smiles_inds': [28]}]",9.523335734759659e-12
8,bottom,FC(F)(F)C(F)(F)C(F)(F)C(F)(F)C(F)(F)C(F)(F)C(F)(F)C(F)(F)c1cc(cc(c1)C(F)(F)C(F)(F)C(F)(F)C(F)(F)C(F)(F)C(F)(F)C(F)(F)C(F)(F)F)c1cccc(c2cc(cc(c2)C(F)(F)C(F)(F)C(F)(F)C(F)(F)C(F)(F)C(F)(F)C(F)(F)C(F)(F)F)C(F)(F)C(F)(F)C(F)(F)C(F)(F)C(F)(F)C(F)(F)C(F)(F)C(F)(F)F)c1N=Cc1cc(I)cc(I)c1[O-],"[118, 128]","[{'functional_group': 'methyl_ester', 'smiles_inds': [58]}]",1.475885904471953e-11
8,bottom,FC(F)(F)C(F)(F)C(F)(F)C(F)(F)C(F)(F)C(F)(F)C(F)(F)C(F)(F)c1cc(cc(c1)C(F)(F)C(F)(F)C(F)(F)C(F)(F)C(F)(F)C(F)(F)C(F)(F)C(F)(F)F)c1cccc(c2cc(cc(c2)C(F)(F)C(F)(F)C(F)(F)C(F)(F)C(F)(F)C(F)(F)C(F)(F)C(F)(F)F)C(F)(F)C(F)(F)C(F)(F)C(F)(F)C(F)(F)C(F)(F)C(F)(F)C(F)(F)F)c1N=Cc1cc(I)cc(I)c1[O-],"[118, 128]","[{'functional_group': 'carboxyl', 'smiles_inds': [119]}, {'functional_group': 'phosphonate', 'smiles_inds': [62]}]",1.760273426494511e-11
8,bottom,FC(F)(F)C(F)(F)C(F)(F)C(F)(F)C(F)(F)C(F)(F)C(F)(F)C(F)(F)CCP(CCC(F)(F)C(F)(F)C(F)(F)C(F)(F)C(F)(F)C(F)(F)C(F)(F)C(F)(F)F)CCC(F)(F)C(F)(F)C(F)(F)C(F)(F)C(F)(F)C(F)(F)C(F)(F)C(F)(F)F,[27],[],9.279256727204941e-11
8,bottom,CC(C)c1cc(cc(c1)C(C(=O)Nc1cccc(NC(=O)C(c2cc(cc(c2)C(C)C)C(C)C)(c2cc(cc(c2)C(C)C)C(C)C)c2cc(cc(c2)C(C)C)C(C)C)c1[S-])(c1cc(cc(c1)C(C)C)C(C)C)c1cc(cc(c1)C(C)C)C(C)C)C(C)C,"[59, 11]","[{'functional_group': 'cyano', 'smiles_inds': [4]}]",7.834615598337875e-10
8,bottom,CC(C)c1cc(cc(c1)C(C(=O)Nc1cccc(NC(=O)C(c2cc(cc(c2)C(C)C)C(C)C)(c2cc(cc(c2)C(C)C)C(C)C)c2cc(cc(c2)C(C)C)C(C)C)c1[S-])(c1cc(cc(c1)C(C)C)C(C)C)c1cc(cc(c1)C(C)C)C(C)C)C(C)C,"[59, 11]",[],9.535557138958553e-10
8,bottom,CCC(C)(C)c1cc(C(c2cc(cc(c2OCCNC(=O)CP(=O)(c2ccccc2)c2ccccc2)C(C)(C)CC)C(C)(C)CC)c2cc(cc(c2OCCNC(=O)CP(=O)(c2ccccc2)c2ccccc2)C(C)(C)CC)C(C)(C)CC)c(OCCNC(=O)CP(=O)(c2ccccc2)c2ccccc2)c(c1)C(C)(C)CC,"[20, 23, 57, 60, 89, 92]",[],1.0268166342998706e-09
8,bottom,C1CCCCCCCCCP2CCCCCCCCCCCCCCCCCCP(CCCCCCCC1)CCCCCCCCCCCCCCCCCC2,"[10, 29]","[{'functional_group': 'aldehyde', 'smiles_inds': [14]}, {'functional_group': 'ethyl_ester', 'smiles_inds': [49]}, {'functional_group': 'phenyl', 'smiles_inds': [32]}]",1.1158873188159166e-09
8,bottom,Cc1cc(cc(C(c2cc(cc(C)c2OCCNC(=O)CP(=O)(c2ccccc2)c2ccccc2)C(C)(C)C)c2cc(cc(C)c2OCCNC(=O)CP(=O)(c2ccccc2)c2ccccc2)C(C)(C)C)c1OCCNC(=O)CP(=O)(c1ccccc1)c1ccccc1)C(C)(C)C,"[19, 22, 51, 54, 77, 80]","[{'functional_group': 'methyl_ester', 'smiles_inds': [75]}, {'functional_group': '2-methylbenzoic_acid', 'smiles_inds': [82]}, {'functional_group': 'ether', 'smiles_inds': [57]}]",1.3264576608507996e-09
8,bottom,CC(C)(C)c1cc(C(c2cc(cc(c2OCCNC(=O)CP(=O)(c2ccccc2)c2ccccc2)C(C)(C)C)C(C)(C)C)c2cc(cc(c2OCCNC(=O)CP(=O)(c2ccccc2)c2ccccc2)C(C)(C)C)C(C)(C)C)c(OCCNC(=O)CP(=O)(c2ccccc2)c2ccccc2)c(c1)C(C)(C)C,"[19, 22, 54, 57, 84, 87]",[],1.3611843816399215e-09
8,bottom,CC(C)c1cccc(C(C)C)c1c1cc(NCCN(CCNc2cc(cc(c2)c2c(cccc2C(C)C)C(C)C)c2c(cccc2C(C)C)C(C)C)CCNc2cc(cc(c2)c2c(cccc2C(C)C)C(C)C)c2c(cccc2C(C)C)C(C)C)cc(c1)c1c(cccc1C(C)C)C(C)C,"[18, 15, 21]","[{'functional_group': 'methyl_ester', 'smiles_inds': [5]}, {'functional_group': 'amide', 'smiles_inds': [90]}]",1.4303549376076545e-09
8,bottom,COc1c2Cc3cc(cc(Cc4cc(cc(Cc5cc(cc(Cc6cc(cc(Cc7cc(cc(Cc1cc(c2)C(C)(C)C)c7OC)C(C)(C)C)c6OC)C(C)(C)C)c5OCP(c1ccccc1)c1ccccc1)C(C)(C)C)c4OC)C(C)(C)C)c3OC)C(C)(C)C,[60],"[{'functional_group': 'ethyl_ester', 'smiles_inds': [64]}, {'functional_group': 'trifluro', 'smiles_inds': [28]}, {'functional_group': 'amino', 'smiles_inds': [38]}]",1.8830483082310103e-09
8,bottom,C1CCC(CC1)B(CCCP(CCCB(C1CCCCC1)C1CCCCC1)CCP(CCCB(C1CCCCC1)C1CCCCC1)CCCB(C1CCCCC1)C1CCCCC1)C1CCCCC1,"[10, 29]","[{'functional_group': 'amino', 'smiles_inds': [67]}, {'functional_group': 'ethyl', 'smiles_inds': [56]}]",2.0954613776336597e-09
8,median,CC1=NN(CCO)C(=C1)C,[2],[],0.4633485744936709
8,median,CCS(C)=O,[2],[],0.4634068420453732
8,median,c1ccc(cc1)C1=NC(=NC2=C3C=CC=CC3=C([N-]2)c2ccccc2)c2ccccc12,"[18, 7]","[{'functional_group': 'bromo', 'smiles_inds': [21]}]",0.4634388641912786
8,median,S=C(NCCc1ccccc1)NN=Cc1ccccn1,"[0, 19, 12]","[{'functional_group': 'bromo', 'smiles_inds': [18]}, {'functional_group': 'ether', 'smiles_inds': [3]}, {'functional_group': 'phenyl', 'smiles_inds': [13]}]",0.4634481131811535
8,median,CON1C(C)(C)N=C(C=C([O-])C(F)(F)F)C1(C)C,"[10, 6]",[],0.4634537940363689
8,median,C1NCC2=C1OC(=N2)c1ccccn1,"[7, 13]","[{'functional_group': '2-methylbenzoic_acid', 'smiles_inds': [12]}]",0.46345727823136873
8,median,CC1(C)Oc2ccc(cc2N1Cc1ccccn1)N(=O)=O,[17],"[{'functional_group': 'tribromo', 'smiles_inds': [14]}, {'functional_group': 'cyano', 'smiles_inds': [15]}, {'functional_group': 'ketone', 'smiles_inds': [16]}]",0.46348576425369964
8,median,Oc1ccccc1C(=O)C=Cc1cccnc1,[15],"[{'functional_group': 'amide', 'smiles_inds': [13]}]",0.46348927064425705
8,median,CN([O-])C(C)=S,"[5, 2]","[{'functional_group': 'ethyl_ester', 'smiles_inds': [0]}]",0.4635021194567539
8,median,CCCCN(CCCC)C([S-])=NN=CC1=NNC(=C1)C,"[10, 15, 12]","[{'functional_group': 'carboxyl', 'smiles_inds': [8]}, {'functional_group': 'methyl', 'smiles_inds': [3]}]",0.46352927645549785
8,median,CCCN(CCC)C([S-])=NC(=O)c1cc(cc(c1)N(=O)=O)N(=O)=O,"[8, 11]","[{'functional_group': 'hydroxyl', 'smiles_inds': [5]}, {'functional_group': 'tribromo', 'smiles_inds': [2]}, {'functional_group': 'hydroxyl', 'smiles_inds': [0]}, {'functional_group': 'hydroxyl', 'smiles_inds': [6]}]",0.46354730943691946
8,median,S=C(NCCc1ccccc1)NN=Cc1ccccn1,"[0, 19, 12]","[{'functional_group': 'trichloro', 'smiles_inds': [2]}, {'functional_group': 'methyl_ester', 'smiles_inds': [7]}]",0.4635755525919573
8,median,OCCOCCOCCOCCOCCO,"[0, 3, 6, 9, 12, 15]",[],0.46358317001118593
8,median,C(NCc1ccccn1)C1=CNC=N1,"[8, 1, 13]","[{'functional_group': 'amide', 'smiles_inds': [6]}, {'functional_group': 'hydroxyl', 'smiles_inds': [10]}]",0.4635848638923593
8,median,Cc1[nH+]cc(CO)c(C=NN=C([S-])SCc2ccccc2)c1[O-],"[12, 9, 22]","[{'functional_group': 'ether', 'smiles_inds': [8]}]",0.4635980395668507
8,median,OC(CN1C=NC=N1)(CN1C=NC=N1)c1ccc(F)cc1F,[5],"[{'functional_group': 'trichloro', 'smiles_inds': [2]}]",0.46361571916870503
8,median,COc1ccc(cc1)c1ccc(nc1)c1ccccn1,"[19, 12]","[{'functional_group': 'fluoro', 'smiles_inds': [15]}]",0.4636399655957173
8,median,Brc1cc(Br)cc(c1)C1=N[N-]C(=N1)c1ccccn1,"[10, 18]","[{'functional_group': 'phenyl', 'smiles_inds': [17]}, {'functional_group': 'cyano', 'smiles_inds': [7]}, {'functional_group': '2-methylbenzoic_acid', 'smiles_inds': [14]}]",0.463649947849206
8,median,CCN(N=O)c1ccc(cc1)c1cc(nc(c1)c1ccccn1)c1ccccn1,"[14, 2, 22]",[],0.4636698021276901
8,median,C1=CN2C(=N1)N1C=CN=C1N1C=CN=C21,[4],[],0.4636917136329799
8,top,c1cc([c-]c(c1)C12N=CC3C4C1[S+2]234)C12N=CC3C4C1[S+2]234,"[7, 14, 3]","[{'functional_group': 'carboxyl', 'smiles_inds': [10]}, {'functional_group': 'carboxylate', 'smiles_inds': [1]}, {'functional_group': 'ketone', 'smiles_inds': [0]}, {'functional_group': 'carboxylate', 'smiles_inds': [18]}, {'functional_group': 'carboxylate', 'smiles_inds': [5]}, {'functional_group': 'thiol', 'smiles_inds': [16]}]",0.9996237787858718
8,top,c1cc([c-]c(c1)C12N=CC3C4C1[S+2]234)C12N=CC3C4C1[S+2]234,"[7, 14, 3]","[{'functional_group': 'carboxyl', 'smiles_inds': [10]}, {'functional_group': 'carboxylate', 'smiles_inds': [1]}, {'functional_group': 'ketone', 'smiles_inds': [0]}, {'functional_group': 'carboxylate', 'smiles_inds': [18]}, {'functional_group': 'carboxylate', 'smiles_inds': [5]}, {'functional_group': 'carbonyl', 'smiles_inds': [9]}, {'functional_group': 'ketone', 'smiles_inds': [17]}]",0.999624589089483
8,top,c1cc([c-]c(c1)C12N=CC3C4C1[S+2]234)C12N=CC3C4C1[S+2]234,"[7, 14, 3]","[{'functional_group': 'carboxyl', 'smiles_inds': [10]}, {'functional_group': 'carboxylate', 'smiles_inds': [1]}, {'functional_group': 'ketone', 'smiles_inds': [0]}, {'functional_group': 'carboxylate', 'smiles_inds': [18]}, {'functional_group': 'carboxylate', 'smiles_inds': [5]}, {'functional_group': 'amino', 'smiles_inds': [16]}]",0.9996369822663657
8,top,c1cnc(nc1)c1nc(nc(n1)c1ncccn1)c1ncccn1,"[2, 7, 19]",[],0.9996370562296036
8,top,c1cc([c-]c(c1)C12N=CC3C4C1[S+2]234)C12N=CC3C4C1[S+2]234,"[7, 14, 3]","[{'functional_group': 'carboxyl', 'smiles_inds': [10]}, {'functional_group': 'carboxylate', 'smiles_inds': [1]}, {'functional_group': 'ketone', 'smiles_inds': [0]}, {'functional_group': 'carboxylate', 'smiles_inds': [18]}, {'functional_group': 'carboxylate', 'smiles_inds': [5]}, {'functional_group': 'ketone', 'smiles_inds': [16]}]",0.9996475616713169
8,top,c1cc([c-]c(c1)C12N=CC3C4C1[S+2]234)C12N=CC3C4C1[S+2]234,"[7, 14, 3]","[{'functional_group': 'carboxyl', 'smiles_inds': [10]}, {'functional_group': 'carboxylate', 'smiles_inds': [1]}, {'functional_group': 'ketone', 'smiles_inds': [0]}, {'functional_group': 'carboxylate', 'smiles_inds': [18]}, {'functional_group': 'carboxylate', 'smiles_inds': [5]}, {'functional_group': 'tribromo', 'smiles_inds': [17]}]",0.999653211694505
8,top,c1cc([c-]c(c1)C12N=CC3C4C1[S+2]234)C12N=CC3C4C1[S+2]234,"[7, 14, 3]","[{'functional_group': 'carboxyl', 'smiles_inds': [10]}, {'functional_group': 'carboxylate', 'smiles_inds': [1]}, {'functional_group': 'ketone', 'smiles_inds': [0]}, {'functional_group': 'carboxylate', 'smiles_inds': [18]}, {'functional_group': 'carboxylate', 'smiles_inds': [5]}, {'functional_group': 'hydroxyl', 'smiles_inds': [9]}]",0.9996568130568694
8,top,c1cc([c-]c(c1)C12N=CC3C4C1[S+2]234)C12N=CC3C4C1[S+2]234,"[7, 14, 3]","[{'functional_group': 'carboxyl', 'smiles_inds': [10]}, {'functional_group': 'carboxylate', 'smiles_inds': [1]}, {'functional_group': 'ketone', 'smiles_inds': [0]}, {'functional_group': 'carboxylate', 'smiles_inds': [18]}, {'functional_group': 'carboxylate', 'smiles_inds': [5]}, {'functional_group': 'carbonyl', 'smiles_inds': [9]}]",0.9996583852167907
8,top,c1cc([c-]c(c1)C12N=CC3C4C1[S+2]234)C12N=CC3C4C1[S+2]234,"[7, 14, 3]","[{'functional_group': 'carboxyl', 'smiles_inds': [10]}, {'functional_group': 'carboxylate', 'smiles_inds': [1]}, {'functional_group': 'ketone', 'smiles_inds': [0]}, {'functional_group': 'carboxylate', 'smiles_inds': [18]}, {'functional_group': 'carboxylate', 'smiles_inds': [5]}, {'functional_group': 'iodo', 'smiles_inds': [17]}]",0.9996609887271989
8,top,c1cc([c-]c(c1)C12N=CC3C4C1[S+2]234)C12N=CC3C4C1[S+2]234,"[7, 14, 3]","[{'functional_group': 'carboxyl', 'smiles_inds': [10]}, {'functional_group': 'carboxylate', 'smiles_inds': [1]}, {'functional_group': 'ketone', 'smiles_inds': [0]}, {'functional_group': 'carboxylate', 'smiles_inds': [18]}, {'functional_group': 'carboxylate', 'smiles_inds': [5]}, {'functional_group': 'chloro', 'smiles_inds': [11]}]",0.9996705947826866
8,top,c1cc([c-]c(c1)C12N=CC3C4C1[S+2]234)C12N=CC3C4C1[S+2]234,"[7, 14, 3]","[{'functional_group': 'carboxyl', 'smiles_inds': [10]}, {'functional_group': 'carboxylate', 'smiles_inds': [1]}, {'functional_group': 'ketone', 'smiles_inds': [0]}, {'functional_group': 'carboxylate', 'smiles_inds': [18]}, {'functional_group': 'carboxylate', 'smiles_inds': [5]}, {'functional_group': 'bromo', 'smiles_inds': [8]}]",0.9996813101451711
8,top,c1cc([c-]c(c1)C12N=CC3C4C1[S+2]234)C12N=CC3C4C1[S+2]234,"[7, 14, 3]","[{'functional_group': 'carboxyl', 'smiles_inds': [10]}, {'functional_group': 'carboxylate', 'smiles_inds': [1]}, {'functional_group': 'ketone', 'smiles_inds': [0]}, {'functional_group': 'carboxylate', 'smiles_inds': [18]}, {'functional_group': 'carboxylate', 'smiles_inds': [5]}, {'functional_group': 'trichloro', 'smiles_inds': [15]}, {'functional_group': 'tribromo', 'smiles_inds': [16]}]",0.99968795149092
8,top,c1cc([c-]c(c1)C12N=CC3C4C1[S+2]234)C12N=CC3C4C1[S+2]234,"[7, 14, 3]","[{'functional_group': 'carboxyl', 'smiles_inds': [10]}, {'functional_group': 'carboxylate', 'smiles_inds': [1]}, {'functional_group': 'ketone', 'smiles_inds': [0]}, {'functional_group': 'carboxylate', 'smiles_inds': [18]}, {'functional_group': 'carboxylate', 'smiles_inds': [5]}, {'functional_group': 'thiol', 'smiles_inds': [11]}]",0.9996902155689992
8,top,c1cc([c-]c(c1)C12N=CC3C4C1[S+2]234)C12N=CC3C4C1[S+2]234,"[7, 14, 3]","[{'functional_group': 'carboxyl', 'smiles_inds': [10]}, {'functional_group': 'carboxylate', 'smiles_inds': [1]}, {'functional_group': 'ketone', 'smiles_inds': [0]}, {'functional_group': 'carboxylate', 'smiles_inds': [18]}, {'functional_group': 'carboxylate', 'smiles_inds': [5]}, {'functional_group': 'bromo', 'smiles_inds': [11]}]",0.9996911311378941
8,top,c1cc([c-]c(c1)C12N=CC3C4C1[S+2]234)C12N=CC3C4C1[S+2]234,"[7, 14, 3]","[{'functional_group': 'carboxyl', 'smiles_inds': [10]}, {'functional_group': 'carboxylate', 'smiles_inds': [1]}, {'functional_group': 'ketone', 'smiles_inds': [0]}, {'functional_group': 'carboxylate', 'smiles_inds': [18]}, {'functional_group': 'carboxylate', 'smiles_inds': [5]}, {'functional_group': 'thiol', 'smiles_inds': [15]}]",0.9996958868492287
8,top,c1cc([c-]c(c1)C12N=CC3C4C1[S+2]234)C12N=CC3C4C1[S+2]234,"[7, 14, 3]","[{'functional_group': 'carboxylate', 'smiles_inds': [0]}, {'functional_group': '2-methylbenzoic_acid', 'smiles_inds': [8]}, {'functional_group': 'carboxylate', 'smiles_inds': [15]}, {'functional_group': 'tribromo', 'smiles_inds': [17]}, {'functional_group': 'carboxylate', 'smiles_inds': [10]}, {'functional_group': 'carboxylate', 'smiles_inds': [5]}]",0.9997104417556393
8,top,c1cc([c-]c(c1)C12N=CC3C4C1[S+2]234)C12N=CC3C4C1[S+2]234,"[7, 14, 3]","[{'functional_group': 'carboxyl', 'smiles_inds': [10]}, {'functional_group': 'carboxylate', 'smiles_inds': [1]}, {'functional_group': 'ketone', 'smiles_inds': [0]}, {'functional_group': 'carboxylate', 'smiles_inds': [18]}, {'functional_group': 'carboxylate', 'smiles_inds': [5]}, {'functional_group': 'amino', 'smiles_inds': [11]}]",0.9997473080426332
8,top,c1cc([c-]c(c1)C12N=CC3C4C1[S+2]234)C12N=CC3C4C1[S+2]234,"[7, 14, 3]","[{'functional_group': 'carboxyl', 'smiles_inds': [10]}, {'functional_group': 'carboxylate', 'smiles_inds': [1]}, {'functional_group': 'ketone', 'smiles_inds': [0]}, {'functional_group': 'carboxylate', 'smiles_inds': [18]}, {'functional_group': 'carboxylate', 'smiles_inds': [5]}, {'functional_group': '2-hydroxypyridine', 'smiles_inds': [15]}]",0.9997759545488971
8,top,c1cc([c-]c(c1)C12N=CC3C4C1[S+2]234)C12N=CC3C4C1[S+2]234,"[7, 14, 3]","[{'functional_group': 'carboxyl', 'smiles_inds': [10]}, {'functional_group': 'carboxylate', 'smiles_inds': [1]}, {'functional_group': 'ketone', 'smiles_inds': [0]}, {'functional_group': 'carboxylate', 'smiles_inds': [18]}, {'functional_group': 'carboxylate', 'smiles_inds': [5]}, {'functional_group': 'tribromo', 'smiles_inds': [11]}, {'functional_group': 'carboxylate', 'smiles_inds': [17]}]",0.9998411937205041
8,top,c1cc([c-]c(c1)C12N=CC3C4C1[S+2]234)C12N=CC3C4C1[S+2]234,"[7, 14, 3]","[{'functional_group': 'carboxyl', 'smiles_inds': [10]}, {'functional_group': 'carboxylate', 'smiles_inds': [1]}, {'functional_group': 'ketone', 'smiles_inds': [0]}, {'functional_group': 'carboxylate', 'smiles_inds': [18]}, {'functional_group': 'carboxylate', 'smiles_inds': [5]}, {'functional_group': 'carboxylate', 'smiles_inds': [16]}]",0.9998420773664219
9,bottom,C[Si](C)(C)c1cc(cc(c1)[Si](C)(C)C)C(C(=O)Nc1cccc(NC(=O)C(c2cc(cc(c2)[Si](C)(C)C)[Si](C)(C)C)(c2cc(cc(c2)[Si](C)(C)C)[Si](C)(C)C)c2cc(cc(c2)[Si](C)(C)C)[Si](C)(C)C)c1[S-])(c1cc(cc(c1)[Si](C)(C)C)[Si](C)(C)C)c1cc(cc(c1)[Si](C)(C)C)[Si](C)(C)C,"[70, 16]","[{'functional_group': 'amide', 'smiles_inds': [46]}]",1.7680468783532907e-15
9,bottom,CP(CCP(C)c1c(cc(cc1C([Si](C)(C)C)[Si](C)(C)C)C([Si](C)(C)C)([Si](C)(C)C)[Si](C)(C)C)C([Si](C)(C)C)[Si](C)(C)C)c1c(cc(cc1C([Si](C)(C)C)[Si](C)(C)C)C([Si](C)(C)C)([Si](C)(C)C)[Si](C)(C)C)C([Si-](C)C)[Si](C)(C)C,"[4, 72, 1]",[],1.2481337649946578e-14
9,bottom,C[Si](C)(C)C(c1cc(C([Si](C)(C)C)[Si](C)(C)C)c([Se]c2ccccc2Sc2ccccc2Sc2ccccc2[Se]c2c(cc(cc2C([Si](C)(C)C)[Si](C)(C)C)C([Si](C)(C)C)[Si](C)(C)C)C([Si](C)(C)C)[Si](C)(C)C)c(c1)C([Si](C)(C)C)[Si](C)(C)C)[Si](C)(C)C,"[25, 32]",[],1.7679127189498132e-12
9,bottom,FC(F)(F)C(F)(F)C(F)(F)C(F)(F)C(F)(F)C(F)(F)C(F)(F)C(F)(F)CCc1ccc(cc1)P(c1ccc(CCC(F)(F)C(F)(F)C(F)(F)C(F)(F)C(F)(F)C(F)(F)C(F)(F)C(F)(F)F)cc1)c1ccc(CCC(F)(F)C(F)(F)C(F)(F)C(F)(F)C(F)(F)C(F)(F)C(F)(F)C(F)(F)F)cc1,[33],"[{'functional_group': '2-methylbenzoic_acid', 'smiles_inds': [38]}]",1.844433416406478e-12
9,bottom,C[Si](C)(C)C(c1cc(C([Si](C)(C)C)[Si](C)(C)C)c(Sc2ccccc2Sc2ccccc2Sc2ccccc2Sc2c(cc(cc2C([Si](C)(C)C)[Si](C)(C)C)C([Si](C)(C)C)[Si](C)(C)C)C([Si](C)(C)C)[Si](C)(C)C)c(c1)C([Si](C)(C)C)[Si](C)(C)C)[Si](C)(C)C,"[25, 32]",[],2.1024123717213257e-12
9,bottom,C[Si](C)(C)C(c1cc(C([Si](C)(C)C)[Si](C)(C)C)c([Se]c2ccccc2Sc2ccccc2Sc2ccccc2[Se]c2c(cc(cc2C([Si](C)(C)C)[Si](C)(C)C)C([Si](C)(C)C)[Si](C)(C)C)C([Si](C)(C)C)[Si](C)(C)C)c(c1)C([Si](C)(C)C)[Si](C)(C)C)[Si](C)(C)C,"[25, 32]","[{'functional_group': 'carboxyl', 'smiles_inds': [14]}]",2.151741600344475e-12
9,bottom,CCCOc1c2Cc3cc(cc(Cc4cccc(Cc5cc(cc(Cc1ccc2)c5OCCC)c1cccc(c1)c1cc2Cc5cccc(Cc6cc(cc(Cc7cccc(Cc(c1)c2OCCC)c7OCCC)c6OCCC)P(c1ccccc1)c1ccccc1)c5OCCC)c4OCCC)c3OCCC)P(c1ccccc1)c1ccccc1,"[107, 79]",[],3.993036226781443e-11
9,bottom,FC(F)(F)C(F)(F)C(F)(F)C(F)(F)C(F)(F)C(F)(F)C(F)(F)C(F)(F)CCP(CCC(F)(F)C(F)(F)C(F)(F)C(F)(F)C(F)(F)C(F)(F)C(F)(F)C(F)(F)F)CCC(F)(F)C(F)(F)C(F)(F)C(F)(F)C(F)(F)C(F)(F)C(F)(F)C(F)(F)F,[27],"[{'functional_group': 'ethyl_ester', 'smiles_inds': [55]}]",4.028371536337314e-11
9,bottom,FC(F)(F)C(F)(F)C(F)(F)C(F)(F)C(F)(F)C(F)(F)c1ccc(cc1)P(CCP(c1ccc(cc1)C(F)(F)C(F)(F)C(F)(F)C(F)(F)C(F)(F)C(F)(F)F)c1ccc(cc1)C(F)(F)C(F)(F)C(F)(F)C(F)(F)C(F)(F)C(F)(F)F)c1ccc(cc1)C(F)(F)C(F)(F)C(F)(F)C(F)(F)C(F)(F)C(F)(F)F,"[25, 28]","[{'functional_group': 'methyl', 'smiles_inds': [33]}, {'functional_group': 'carbonyl', 'smiles_inds': [20]}]",4.777803376331361e-11
9,bottom,CCCOc1c2Cc3cc(cc(Cc4cccc(Cc5cc(cc(Cc1ccc2)c5OCCC)c1cccc(c1)c1cc2Cc5cccc(Cc6cc(cc(Cc7cccc(Cc(c1)c2OCCC)c7OCCC)c6OCCC)P(c1ccccc1)c1ccccc1)c5OCCC)c4OCCC)c3OCCC)P(c1ccccc1)c1ccccc1,"[107, 79]","[{'functional_group': 'hydroxyl', 'smiles_inds': [22]}]",5.4452921622598526e-11
9,bottom,FC(F)(F)C(F)(F)C(F)(F)C(F)(F)C(F)(F)C(F)(F)C(F)(F)C(F)(F)CCP(CCC(F)(F)C(F)(F)C(F)(F)C(F)(F)C(F)(F)C(F)(F)C(F)(F)C(F)(F)F)CCC(F)(F)C(F)(F)C(F)(F)C(F)(F)C(F)(F)C(F)(F)C(F)(F)C(F)(F)F,[27],"[{'functional_group': '2-methylbenzoic_acid', 'smiles_inds': [25]}, {'functional_group': 'carboxyl', 'smiles_inds': [55]}, {'functional_group': 'thiol', 'smiles_inds': [56]}]",6.330173212953203e-11
9,bottom,CCC(C)(C)c1cc(C(c2cc(cc(c2OCCN(C)C(=O)CP(=O)(c2ccccc2)c2ccccc2)C(C)(C)CC)C(C)(C)CC)c2cc(cc(c2OCCN(C)C(=O)CP(=O)(c2ccccc2)c2ccccc2)C(C)(C)CC)C(C)(C)CC)c(OCCN(C)C(=O)CP(=O)(c2ccccc2)c2ccccc2)c(c1)C(C)(C)CC,"[21, 24, 59, 62, 92, 95]","[{'functional_group': 'ketone', 'smiles_inds': [41]}, {'functional_group': 'phenyl', 'smiles_inds': [68]}, {'functional_group': 'cyano', 'smiles_inds': [32]}]",8.580413683375219e-11
9,bottom,FC(F)(F)C(F)(F)C(F)(F)C(F)(F)C(F)(F)C(F)(F)C(F)(F)C(F)(F)CCP(CCC(F)(F)C(F)(F)C(F)(F)C(F)(F)C(F)(F)C(F)(F)C(F)(F)C(F)(F)F)CCC(F)(F)C(F)(F)C(F)(F)C(F)(F)C(F)(F)C(F)(F)C(F)(F)C(F)(F)F,[27],"[{'functional_group': 'tribromo', 'smiles_inds': [26]}]",1.342323835023672e-10
9,bottom,C[Si](C)(C)c1cc(cc(c1)[Si](C)(C)C)P(c1cc(cc(c1)[Si](C)(C)C)[Si](C)(C)C)c1ccccc1P(c1cc(cc(c1)[Si](C)(C)C)[Si](C)(C)C)c1cc(cc(c1)[Si](C)(C)C)[Si](C)(C)C,"[35, 14]",[],2.492785919619629e-10
9,bottom,CCC(C)(C)c1cc(C(c2cc(cc(c2OCCN(C)C(=O)CP(=O)(c2ccccc2)c2ccccc2)C(C)(C)CC)C(C)(C)CC)c2cc(cc(c2OCCN(C)C(=O)CP(=O)(c2ccccc2)c2ccccc2)C(C)(C)CC)C(C)(C)CC)c(OCCN(C)C(=O)CP(=O)(c2ccccc2)c2ccccc2)c(c1)C(C)(C)CC,"[21, 24, 59, 62, 92, 95]",[],2.9515288773911294e-10
9,bottom,Cc1cc(C(c2ccc(cc2)C2CCCCC2)c2ccc(cc2)C2CCCCC2)c(N=C(C)C(C)=Nc2c(cc(C)cc2C(c2ccc(cc2)C2CCCCC2)c2ccc(cc2)C2CCCCC2)C(c2ccc(cc2)C2CCCCC2)c2ccc(cc2)C2CCCCC2)c(c1)C(c1ccc(cc1)C1CCCCC1)c1ccc(cc1)C1CCCCC1,"[30, 35]","[{'functional_group': 'phosphonate', 'smiles_inds': [86]}]",3.0296659944142545e-10
9,bottom,CC(C)c1cc(C(C)C)c(P(CCP(c2c(cc(cc2C(C)C)C(C)C)C(C)C)c2c(cc(cc2C(C)C)C(C)C)C(C)C)c2c(cc(cc2C(C)C)C(C)C)C(C)C)c(c1)C(C)C,"[10, 13]","[{'functional_group': '2-methylbenzoic_acid', 'smiles_inds': [21]}, {'functional_group': 'thiol', 'smiles_inds': [46]}]",3.183006999566573e-10
9,bottom,CC(C)(C)c1cc2c(OP(OC3C(CO[Si](c4ccccc4)(c4ccccc4)C(C)(C)C)OC(CO[Si](c4ccccc4)(c4ccccc4)C(C)(C)C)C3OP3Oc4c(cc(cc4C(C)(C)C)C(C)(C)C)c4cc(cc(c4O3)C(C)(C)C)C(C)(C)C)Oc3c2cc(cc3C(C)(C)C)C(C)(C)C)c(c1)C(C)(C)C,"[9, 55]","[{'functional_group': 'ketone', 'smiles_inds': [13]}, {'functional_group': 'trifluro', 'smiles_inds': [52]}]",3.701543581416224e-10
9,bottom,CCC(C)(C)c1cc(C(c2cc(cc(c2OCCN(C)C(=O)CP(=O)(c2ccccc2)c2ccccc2)C(C)(C)CC)C(C)(C)CC)c2cc(cc(c2OCCN(C)C(=O)CP(=O)(c2ccccc2)c2ccccc2)C(C)(C)CC)C(C)(C)CC)c(OCCN(C)C(=O)CP(=O)(c2ccccc2)c2ccccc2)c(c1)C(C)(C)CC,"[21, 24, 59, 62, 92, 95]","[{'functional_group': 'hydroxyl', 'smiles_inds': [26]}]",3.9584026124429943e-10
9,bottom,CC(C)c1cc(C(C)C)c(P(CCP(c2c(cc(cc2C(C)C)C(C)C)C(C)C)c2c(cc(cc2C(C)C)C(C)C)C(C)C)c2c(cc(cc2C(C)C)C(C)C)C(C)C)c(c1)C(C)C,"[10, 13]","[{'functional_group': 'methyl_ester', 'smiles_inds': [52]}]",5.010015559978161e-10
9,median,OC(=O)C(C(O)=O)=C1c2cccnc2c2ncccc12,"[15, 12]","[{'functional_group': 'trifluro', 'smiles_inds': [18]}, {'functional_group': 'amide', 'smiles_inds': [10]}, {'functional_group': 'ether', 'smiles_inds': [16]}]",0.4678782256162194
9,median,C1COC2(C1)C1OC3OC2C2(CCCO2)C(O3)C21CCCO2,"[2, 14, 21]",[],0.4679212153512016
9,median,O=C1N(Cc2cc(CSc3ccccc3)[c-]c(CSc3ccccc3)c2)C(=O)c2ccccc12,"[8, 18, 15]","[{'functional_group': 'ether', 'smiles_inds': [5]}]",0.4679594680023706
9,median,[O-]C(NC12CC3CC(CC(C3)C1)C2)c1ccccc1,"[0, 2]","[{'functional_group': 'chloro', 'smiles_inds': [4]}]",0.46797443148317674
9,median,NN=C([S-])SCc1ccccc1,"[3, 0]","[{'functional_group': 'ethyl', 'smiles_inds': [10]}, {'functional_group': 'carboxyl', 'smiles_inds': [5]}]",0.4679954260730349
9,median,CCCOc1cc(nc(c1)c1ccccn1)c1ccccn1,"[15, 7, 21]","[{'functional_group': 'ethyl_ester', 'smiles_inds': [18]}]",0.46802812941805105
9,median,[O-]c1ccccc1C=NC12CC3CC(CC(C3)C1)C2,"[0, 8]","[{'functional_group': 'ether', 'smiles_inds': [10]}, {'functional_group': 'cyanimide', 'smiles_inds': [13]}]",0.4680540176774711
9,median,[O-]c1ccccc1N(c1ccccc1)c1ccccc1[O-],"[0, 20, 7]",[],0.4681202818897641
9,median,C1COP(Nc2ccccn2)O1,"[3, 10]",[],0.46820312794469776
9,median,CC(=NNc1cc(Cl)ncn1)c1cnccn1,"[16, 10, 2]","[{'functional_group': 'ethyl', 'smiles_inds': [5]}]",0.4682038416744019
9,median,N1C(=Nc2c1c1cccnc1c1ncccc21)c1ccc(cc1)N1C=C(N=N1)c1ccccc1,"[23, 9]","[{'functional_group': 'phosphonate', 'smiles_inds': [6]}]",0.4682663999494747
9,median,Nc1[nH+]cccc1O,[0],"[{'functional_group': 'trifluro', 'smiles_inds': [7]}]",0.4683389413983072
9,median,FC(F)(F)c1ccc2cc(c3ccc(nc3c2n1)C(F)(F)F)C(F)(F)F,"[17, 14]","[{'functional_group': 'fluoro', 'smiles_inds': [6]}]",0.46836871998074575
9,median,CC(=O)C(C)=[C-]c1ccccc1,"[2, 5]",[],0.4684387624028209
9,median,NS(=O)(=O)c1ccc(cc1)N=Cc1ccccn1,"[17, 10]",[],0.4684593217256156
9,median,CN1C=CN=C1SC1=NC=CN1C,"[4, 8]","[{'functional_group': 'aldehyde', 'smiles_inds': [3]}]",0.46851152054723677
9,median,S=C1NC(=C(N=C1[S-])C#N)C#N,"[0, 7]","[{'functional_group': 'phenyl', 'smiles_inds': [2]}]",0.4685210561078938
9,median,O=C1N(Cc2ccc(CN(Cc3ccccn3)Cc3ccccn3)cc2)C(=O)c2ccccc12,"[9, 16, 23]","[{'functional_group': 'carboxyl', 'smiles_inds': [5]}, {'functional_group': 'iodo', 'smiles_inds': [22]}]",0.4686243875809805
9,median,OCc1ccc(cn1)C(O)=O,"[0, 7]","[{'functional_group': 'ethyl', 'smiles_inds': [9]}]",0.46863907520221193
9,median,C1c2ccccc2c2ccc(cc12)N=Cc1ccccn1,"[13, 20]",[],0.4686776103036933
9,top,c1cc([c-]c(c1)C12N=CC3C4C1[S+2]234)C12N=CC3C4C1[S+2]234,"[7, 14, 3]","[{'functional_group': 'carboxyl', 'smiles_inds': [10]}, {'functional_group': 'carboxylate', 'smiles_inds': [1]}, {'functional_group': 'ketone', 'smiles_inds': [0]}, {'functional_group': 'carboxylate', 'smiles_inds': [16]}, {'functional_group': 'phenyl', 'smiles_inds': [18]}, {'functional_group': 'carboxyl', 'smiles_inds': [8]}, {'functional_group': 'carboxylate', 'smiles_inds': [5]}, {'functional_group': 'thiol', 'smiles_inds': [11]}, {'functional_group': 'carboxylate', 'smiles_inds': [17]}]",0.99984773880228
9,top,c1cc([c-]c(c1)C12N=CC3C4C1[S+2]234)C12N=CC3C4C1[S+2]234,"[7, 14, 3]","[{'functional_group': 'carboxyl', 'smiles_inds': [10]}, {'functional_group': 'carboxylate', 'smiles_inds': [1]}, {'functional_group': 'ketone', 'smiles_inds': [0]}, {'functional_group': 'carboxylate', 'smiles_inds': [18]}, {'functional_group': 'carboxylate', 'smiles_inds': [5]}, {'functional_group': 'carboxylate', 'smiles_inds': [16]}, {'functional_group': 'phenyl', 'smiles_inds': [15]}]",0.9998494315145728
9,top,c1cc([c-]c(c1)C12N=CC3C4C1[S+2]234)C12N=CC3C4C1[S+2]234,"[7, 14, 3]","[{'functional_group': 'carboxyl', 'smiles_inds': [10]}, {'functional_group': 'carboxylate', 'smiles_inds': [1]}, {'functional_group': 'ketone', 'smiles_inds': [0]}, {'functional_group': 'carboxylate', 'smiles_inds': [18]}, {'functional_group': 'carboxylate', 'smiles_inds': [5]}, {'functional_group': 'carboxylate', 'smiles_inds': [16]}, {'functional_group': 'cyano', 'smiles_inds': [17]}, {'functional_group': 'carboxyl', 'smiles_inds': [9]}]",0.9998647467921862
9,top,c1cc([c-]c(c1)C12N=CC3C4C1[S+2]234)C12N=CC3C4C1[S+2]234,"[7, 14, 3]","[{'functional_group': 'carboxyl', 'smiles_inds': [10]}, {'functional_group': 'carboxylate', 'smiles_inds': [1]}, {'functional_group': 'ketone', 'smiles_inds': [0]}, {'functional_group': 'carboxylate', 'smiles_inds': [18]}, {'functional_group': 'carboxylate', 'smiles_inds': [5]}, {'functional_group': 'carboxylate', 'smiles_inds': [16]}, {'functional_group': 'phosphonate', 'smiles_inds': [8]}]",0.9998734363007585
9,top,c1cc([c-]c(c1)C12N=CC3C4C1[S+2]234)C12N=CC3C4C1[S+2]234,"[7, 14, 3]","[{'functional_group': 'carboxylate', 'smiles_inds': [0]}, {'functional_group': '2-methylbenzoic_acid', 'smiles_inds': [8]}, {'functional_group': 'carboxylate', 'smiles_inds': [15]}, {'functional_group': 'tribromo', 'smiles_inds': [17]}, {'functional_group': 'carboxylate', 'smiles_inds': [10]}, {'functional_group': 'carboxylate', 'smiles_inds': [5]}, {'functional_group': 'carboxylate', 'smiles_inds': [18]}, {'functional_group': '2-hydroxypyridine', 'smiles_inds': [11]}]",0.9998737002028106
9,top,c1cc([c-]c(c1)C12N=CC3C4C1[S+2]234)C12N=CC3C4C1[S+2]234,"[7, 14, 3]","[{'functional_group': 'carboxyl', 'smiles_inds': [10]}, {'functional_group': 'carboxylate', 'smiles_inds': [1]}, {'functional_group': 'ketone', 'smiles_inds': [0]}, {'functional_group': 'carboxylate', 'smiles_inds': [18]}, {'functional_group': 'carboxylate', 'smiles_inds': [5]}, {'functional_group': 'carboxylate', 'smiles_inds': [16]}, {'functional_group': 'methyl', 'smiles_inds': [15]}, {'functional_group': 'phosphonate', 'smiles_inds': [17]}]",0.9998749905421537
9,top,c1cc([c-]c(c1)C12N=CC3C4C1[S+2]234)C12N=CC3C4C1[S+2]234,"[7, 14, 3]","[{'functional_group': 'carboxyl', 'smiles_inds': [10]}, {'functional_group': 'carboxylate', 'smiles_inds': [1]}, {'functional_group': 'ketone', 'smiles_inds': [0]}, {'functional_group': 'carboxylate', 'smiles_inds': [18]}, {'functional_group': 'carboxylate', 'smiles_inds': [5]}, {'functional_group': 'carboxylate', 'smiles_inds': [16]}, {'functional_group': 'phosphonate', 'smiles_inds': [15]}]",0.9998756407193157
9,top,c1cc([c-]c(c1)C12N=CC3C4C1[S+2]234)C12N=CC3C4C1[S+2]234,"[7, 14, 3]","[{'functional_group': 'carboxylate', 'smiles_inds': [0]}, {'functional_group': '2-methylbenzoic_acid', 'smiles_inds': [8]}, {'functional_group': 'carboxylate', 'smiles_inds': [15]}, {'functional_group': 'tribromo', 'smiles_inds': [17]}, {'functional_group': 'carboxylate', 'smiles_inds': [10]}, {'functional_group': 'carboxylate', 'smiles_inds': [5]}, {'functional_group': 'carboxylate', 'smiles_inds': [11]}, {'functional_group': 'ether', 'smiles_inds': [18]}]",0.9998758169670755
9,top,c1cc([c-]c(c1)C12N=CC3C4C1[S+2]234)C12N=CC3C4C1[S+2]234,"[7, 14, 3]","[{'functional_group': 'carboxyl', 'smiles_inds': [10]}, {'functional_group': 'carboxylate', 'smiles_inds': [1]}, {'functional_group': 'ketone', 'smiles_inds': [0]}, {'functional_group': 'carboxylate', 'smiles_inds': [18]}, {'functional_group': 'carboxylate', 'smiles_inds': [5]}, {'functional_group': 'carboxylate', 'smiles_inds': [16]}, {'functional_group': 'hydroxyl', 'smiles_inds': [9]}, {'functional_group': 'phosphonate', 'smiles_inds': [11]}]",0.9998758451059562
9,top,c1cc([c-]c(c1)C12N=CC3C4C1[S+2]234)C12N=CC3C4C1[S+2]234,"[7, 14, 3]","[{'functional_group': 'carboxyl', 'smiles_inds': [10]}, {'functional_group': 'carboxylate', 'smiles_inds': [1]}, {'functional_group': 'ketone', 'smiles_inds': [0]}, {'functional_group': 'carboxylate', 'smiles_inds': [18]}, {'functional_group': 'carboxylate', 'smiles_inds': [5]}, {'functional_group': 'carboxylate', 'smiles_inds': [16]}, {'functional_group': 'bromo', 'smiles_inds': [17]}]",0.9998877335915783
9,top,c1cc([c-]c(c1)C12N=CC3C4C1[S+2]234)C12N=CC3C4C1[S+2]234,"[7, 14, 3]","[{'functional_group': 'carboxyl', 'smiles_inds': [10]}, {'functional_group': 'carboxylate', 'smiles_inds': [1]}, {'functional_group': 'ketone', 'smiles_inds': [0]}, {'functional_group': 'carboxylate', 'smiles_inds': [18]}, {'functional_group': 'carboxylate', 'smiles_inds': [5]}, {'functional_group': 'carboxylate', 'smiles_inds': [16]}, {'functional_group': 'bromo', 'smiles_inds': [11]}]",0.9998902438345763
9,top,c1cc([c-]c(c1)C12N=CC3C4C1[S+2]234)C12N=CC3C4C1[S+2]234,"[7, 14, 3]","[{'functional_group': 'carboxyl', 'smiles_inds': [10]}, {'functional_group': 'carboxylate', 'smiles_inds': [1]}, {'functional_group': 'ketone', 'smiles_inds': [0]}, {'functional_group': 'carboxylate', 'smiles_inds': [18]}, {'functional_group': 'carboxylate', 'smiles_inds': [5]}, {'functional_group': 'carboxylate', 'smiles_inds': [16]}, {'functional_group': 'trichloro', 'smiles_inds': [8]}]",0.9998914500317941
9,top,c1cc([c-]c(c1)C12N=CC3C4C1[S+2]234)C12N=CC3C4C1[S+2]234,"[7, 14, 3]","[{'functional_group': 'carboxyl', 'smiles_inds': [10]}, {'functional_group': 'carboxylate', 'smiles_inds': [1]}, {'functional_group': 'ketone', 'smiles_inds': [0]}, {'functional_group': 'carboxylate', 'smiles_inds': [18]}, {'functional_group': 'carboxylate', 'smiles_inds': [5]}, {'functional_group': 'carboxylate', 'smiles_inds': [16]}, {'functional_group': 'tribromo', 'smiles_inds': [17]}]",0.9998943110665109
9,top,c1cc([c-]c(c1)C12N=CC3C4C1[S+2]234)C12N=CC3C4C1[S+2]234,"[7, 14, 3]","[{'functional_group': 'carboxyl', 'smiles_inds': [10]}, {'functional_group': 'carboxylate', 'smiles_inds': [1]}, {'functional_group': 'ketone', 'smiles_inds': [0]}, {'functional_group': 'carboxylate', 'smiles_inds': [18]}, {'functional_group': 'carboxylate', 'smiles_inds': [5]}, {'functional_group': 'carboxylate', 'smiles_inds': [16]}, {'functional_group': 'ketone', 'smiles_inds': [9]}]",0.9998986008078139
9,top,c1cc([c-]c(c1)C12N=CC3C4C1[S+2]234)C12N=CC3C4C1[S+2]234,"[7, 14, 3]","[{'functional_group': 'carboxyl', 'smiles_inds': [10]}, {'functional_group': 'carboxylate', 'smiles_inds': [1]}, {'functional_group': 'ketone', 'smiles_inds': [0]}, {'functional_group': 'carboxylate', 'smiles_inds': [18]}, {'functional_group': 'carboxylate', 'smiles_inds': [5]}, {'functional_group': 'carboxylate', 'smiles_inds': [16]}, {'functional_group': 'trichloro', 'smiles_inds': [15]}]",0.9999040183259003
9,top,c1cc([c-]c(c1)C12N=CC3C4C1[S+2]234)C12N=CC3C4C1[S+2]234,"[7, 14, 3]","[{'functional_group': 'carboxyl', 'smiles_inds': [10]}, {'functional_group': 'carboxylate', 'smiles_inds': [1]}, {'functional_group': 'ketone', 'smiles_inds': [0]}, {'functional_group': 'carboxylate', 'smiles_inds': [18]}, {'functional_group': 'carboxylate', 'smiles_inds': [5]}, {'functional_group': 'carboxylate', 'smiles_inds': [16]}, {'functional_group': 'tribromo', 'smiles_inds': [8]}, {'functional_group': 'thiol', 'smiles_inds': [15]}]",0.9999125888159481
9,top,c1cc([c-]c(c1)C12N=CC3C4C1[S+2]234)C12N=CC3C4C1[S+2]234,"[7, 14, 3]","[{'functional_group': 'carboxylate', 'smiles_inds': [0]}, {'functional_group': '2-methylbenzoic_acid', 'smiles_inds': [8]}, {'functional_group': 'carboxylate', 'smiles_inds': [15]}, {'functional_group': 'tribromo', 'smiles_inds': [17]}, {'functional_group': 'carboxylate', 'smiles_inds': [10]}, {'functional_group': 'carboxylate', 'smiles_inds': [5]}, {'functional_group': 'carboxylate', 'smiles_inds': [9]}]",0.999914602857241
9,top,c1cc([c-]c(c1)C12N=CC3C4C1[S+2]234)C12N=CC3C4C1[S+2]234,"[7, 14, 3]","[{'functional_group': 'carboxyl', 'smiles_inds': [10]}, {'functional_group': 'carboxylate', 'smiles_inds': [1]}, {'functional_group': 'ketone', 'smiles_inds': [0]}, {'functional_group': 'carboxylate', 'smiles_inds': [18]}, {'functional_group': 'carboxylate', 'smiles_inds': [5]}, {'functional_group': 'carboxylate', 'smiles_inds': [16]}, {'functional_group': 'ketone', 'smiles_inds': [9]}, {'functional_group': 'ketone', 'smiles_inds': [17]}]",0.999922118526672
9,top,c1cc([c-]c(c1)C12N=CC3C4C1[S+2]234)C12N=CC3C4C1[S+2]234,"[7, 14, 3]","[{'functional_group': 'carboxylate', 'smiles_inds': [0]}, {'functional_group': '2-methylbenzoic_acid', 'smiles_inds': [8]}, {'functional_group': 'carboxylate', 'smiles_inds': [15]}, {'functional_group': 'tribromo', 'smiles_inds': [17]}, {'functional_group': 'carboxylate', 'smiles_inds': [10]}, {'functional_group': 'carboxylate', 'smiles_inds': [5]}, {'functional_group': 'carboxylate', 'smiles_inds': [16]}]",0.999929419580721
9,top,c1cc([c-]c(c1)C12N=CC3C4C1[S+2]234)C12N=CC3C4C1[S+2]234,"[7, 14, 3]","[{'functional_group': 'carboxyl', 'smiles_inds': [10]}, {'functional_group': 'carboxylate', 'smiles_inds': [1]}, {'functional_group': 'ketone', 'smiles_inds': [0]}, {'functional_group': 'carboxylate', 'smiles_inds': [18]}, {'functional_group': 'carboxylate', 'smiles_inds': [5]}, {'functional_group': 'carboxylate', 'smiles_inds': [16]}, {'functional_group': 'carboxylate', 'smiles_inds': [8]}]",0.9999542005568413
10,bottom,C[Si](C)(CCC(F)(F)C(F)(F)C(F)(F)C(F)(F)C(F)(F)C(F)(F)F)c1ccc(cc1)P(CCP(c1ccc(cc1)[Si](C)(C)CCC(F)(F)C(F)(F)C(F)(F)C(F)(F)C(F)(F)C(F)(F)F)c1ccc(cc1)[Si](C)(C)CCC(F)(F)C(F)(F)C(F)(F)C(F)(F)C(F)(F)C(F)(F)F)c1ccc(cc1)[Si](C)(C)CCC(F)(F)C(F)(F)C(F)(F)C(F)(F)C(F)(F)C(F)(F)F,"[30, 33]","[{'functional_group': 'carboxylate', 'smiles_inds': [31]}]",2.329235054237908e-16
10,bottom,FC(F)(F)C(F)(F)C(F)(F)C(F)(F)C(F)(F)C(F)(F)C(F)(F)C(F)(F)CCP(CCC(F)(F)C(F)(F)C(F)(F)C(F)(F)C(F)(F)C(F)(F)C(F)(F)C(F)(F)F)Cc1cccc(CP(CCC(F)(F)C(F)(F)C(F)(F)C(F)(F)C(F)(F)C(F)(F)C(F)(F)C(F)(F)F)CCC(F)(F)C(F)(F)C(F)(F)C(F)(F)C(F)(F)C(F)(F)C(F)(F)C(F)(F)F)[c-]1,"[27, 62, 117]","[{'functional_group': 'aldehyde', 'smiles_inds': [25]}]",2.5923909154204862e-14
10,bottom,CC(C)(C)c1cc2c3cc(cc4c5cc(cc6c7cc(cc8c9cc(cc%10c%11cc(cc%12c(c1)c2c1c(c34)c(c56)c(c78)c(c9%10)c1c%11%12)C(C)(C)C)C(C)(C)C)C(C)(C)C)C(C)(C)C)P(c1cc2c3cc(cc4c5cc(cc6c7cc(cc8c9cc(cc%10c%11cc(cc%12c(c1)c2c1c(c34)c(c56)c(c78)c(c9%10)c1c%11%12)C(C)(C)C)C(C)(C)C)C(C)(C)C)C(C)(C)C)C(C)(C)C)c1cc2c3cc(cc4c5cc(cc6c7cc(cc8c9cc(cc%10c%11cc(cc%12c(c1)c2c1c(c34)c(c56)c(c78)c(c9%10)c1c%11%12)C(C)(C)C)C(C)(C)C)C(C)(C)C)C(C)(C)C)C(C)(C)C,[62],"[{'functional_group': 'hydroxyl', 'smiles_inds': [174]}, {'functional_group': 'trichloro', 'smiles_inds': [120]}]",4.7703514103447413e-14
10,bottom,C[Si](C)(C)C(c1cc(C([Si](C)(C)C)[Si](C)(C)C)c([Se]c2ccccc2[Se]c2ccccc2[Se]c2ccccc2[Se]c2c(cc(cc2C([Si](C)(C)C)[Si](C)(C)C)C([Si](C)(C)C)[Si](C)(C)C)C([Si](C)(C)C)[Si](C)(C)C)c(c1)C([Si](C)(C)C)[Si](C)(C)C)[Si](C)(C)C,"[25, 32]","[{'functional_group': 'phosphonate', 'smiles_inds': [74]}]",2.2620997897370353e-12
10,bottom,C[Si](C)(C)C(c1cc(C([Si](C)(C)C)[Si](C)(C)C)c([Se]c2ccccc2[Se]c2ccccc2[Se]c2ccccc2[Se]c2c(cc(cc2C([Si](C)(C)C)[Si](C)(C)C)C([Si](C)(C)C)[Si](C)(C)C)C([Si](C)(C)C)[Si](C)(C)C)c(c1)C([Si](C)(C)C)[Si](C)(C)C)[Si](C)(C)C,"[25, 32]","[{'functional_group': 'chloro', 'smiles_inds': [35]}, {'functional_group': 'carbonyl', 'smiles_inds': [48]}]",3.0019549254983106e-12
10,bottom,C[Si](C)(C)C(c1cc(C([Si](C)(C)C)[Si](C)(C)C)c(Sc2ccccc2[Se]c2ccccc2[Se]c2ccccc2Sc2c(cc(cc2C([Si](C)(C)C)[Si](C)(C)C)C([Si](C)(C)C)[Si](C)(C)C)C([Si](C)(C)C)[Si](C)(C)C)c(c1)C([Si](C)(C)C)[Si](C)(C)C)[Si](C)(C)C,"[25, 32]","[{'functional_group': 'carbonyl', 'smiles_inds': [12]}]",3.790749817407477e-12
10,bottom,FC(F)(F)C(F)(F)C(F)(F)C(F)(F)C(F)(F)C(F)(F)C(F)(F)C(F)(F)CCc1ccc(cc1)P(c1ccc(CCC(F)(F)C(F)(F)C(F)(F)C(F)(F)C(F)(F)C(F)(F)C(F)(F)C(F)(F)F)cc1)c1ccc(CCC(F)(F)C(F)(F)C(F)(F)C(F)(F)C(F)(F)C(F)(F)C(F)(F)C(F)(F)F)cc1,[33],"[{'functional_group': 'ethyl', 'smiles_inds': [39]}]",7.203127605565933e-12
10,bottom,FC(F)(F)C(F)(F)C(F)(F)C(F)(F)C(F)(F)C(F)(F)c1ccc(cc1)P(CCP(c1ccc(cc1)C(F)(F)C(F)(F)C(F)(F)C(F)(F)C(F)(F)C(F)(F)F)c1ccc(cc1)C(F)(F)C(F)(F)C(F)(F)C(F)(F)C(F)(F)C(F)(F)F)c1ccc(cc1)C(F)(F)C(F)(F)C(F)(F)C(F)(F)C(F)(F)C(F)(F)F,"[25, 28]","[{'functional_group': 'phenyl', 'smiles_inds': [30]}]",2.594703878193787e-11
10,bottom,FC(F)(F)C(F)(F)C(F)(F)C(F)(F)C(F)(F)C(F)(F)C(F)(F)C(F)(F)CCCP(CCCC(F)(F)C(F)(F)C(F)(F)C(F)(F)C(F)(F)C(F)(F)C(F)(F)C(F)(F)F)CCCC(F)(F)C(F)(F)C(F)(F)C(F)(F)C(F)(F)C(F)(F)C(F)(F)C(F)(F)F,[28],[],3.2888169043590465e-11
10,bottom,FC(F)(F)C(F)(F)C(F)(F)C(F)(F)C(F)(F)C(F)(F)c1ccc(cc1)P(CCP(c1ccc(cc1)C(F)(F)C(F)(F)C(F)(F)C(F)(F)C(F)(F)C(F)(F)F)c1ccc(cc1)C(F)(F)C(F)(F)C(F)(F)C(F)(F)C(F)(F)C(F)(F)F)c1ccc(cc1)C(F)(F)C(F)(F)C(F)(F)C(F)(F)C(F)(F)C(F)(F)F,"[25, 28]",[],5.967037625355045e-11
10,bottom,FC(F)(F)C(F)(F)C(F)(F)C(F)(F)C(F)(F)C(F)(F)C(F)(F)C(F)(F)CCCP(CCCC(F)(F)C(F)(F)C(F)(F)C(F)(F)C(F)(F)C(F)(F)C(F)(F)C(F)(F)F)CCCC(F)(F)C(F)(F)C(F)(F)C(F)(F)C(F)(F)C(F)(F)C(F)(F)C(F)(F)F,[28],"[{'functional_group': 'carboxylate', 'smiles_inds': [58]}]",1.0486176672559835e-10
10,bottom,CN(C)P(=NP(N=P(N(C)C)(N(C)C)N(C)C)N=P(N(C)C)(N(C)C)N(C)C)(N=P(N(C)C)(N(C)C)N(C)C)N(C)C,[5],"[{'functional_group': 'aldehyde', 'smiles_inds': [34]}, {'functional_group': 'amide', 'smiles_inds': [21]}]",1.0622608050484074e-10
10,bottom,N=P(c1ccccc1c1cc(cc(c1)c1ccccc1P(=[N-])(C12CC3CC(CC(C3)C1)C2)C12CC3CC(CC(C3)C1)C2)c1ccccc1P(=[N-])(C12CC3CC(CC(C3)C1)C2)C12CC3CC(CC(C3)C1)C2)(C12CC3CC(CC(C3)C1)C2)C12CC3CC(CC(C3)C1)C2,"[0, 21, 49]","[{'functional_group': 'iodo', 'smiles_inds': [16]}]",4.93067473545764e-10
10,bottom,CC(C)(C)c1cc2c3cc(cc4c5cc(cc6c7cc(cc8c9cc(cc%10c%11cc(cc%12c(c1)c2c1c(c34)c(c56)c(c78)c(c9%10)c1c%11%12)C(C)(C)C)C(C)(C)C)C(C)(C)C)C(C)(C)C)P(c1ccccc1)c1cc2c3cc(cc4c5cc(cc6c7cc(cc8c9cc(cc%10c%11cc(cc%12c(c1)c2c1c(c34)c(c56)c(c78)c(c9%10)c1c%11%12)C(C)(C)C)C(C)(C)C)C(C)(C)C)C(C)(C)C)C(C)(C)C,[62],"[{'functional_group': 'carboxyl', 'smiles_inds': [61]}]",5.974170900541697e-10
10,bottom,C1CCCCCCCCCCCP2CCCCCCCCCCCCCCCCCCCCCCP(CCCCCCCCCC1)CCCCCCCCCCCCCCCCCCCCCC2,"[12, 35]",[],6.220371282650968e-10
10,bottom,C1CCCCCCCCCCCP2CCCCCCCCCCCCCCCCCCCCCCP(CCCCCCCCCC1)CCCCCCCCCCCCCCCCCCCCCC2,"[12, 35]","[{'functional_group': 'ketone', 'smiles_inds': [21]}, {'functional_group': 'chloro', 'smiles_inds': [65]}]",7.029410554425432e-10
10,bottom,CC1=C(C)C[Ge]2([Ge]([Ge]2(C1)[Si](C(C)(C)C)(C(C)(C)C)C(C)(C)C)[Si](C(C)(C)C)(C(C)(C)C)C(C)(C)C)[Si](C(C)(C)C)(C(C)(C)C)C(C)(C)C,[6],[],9.844160979622978e-10
10,bottom,CC(C)c1cc(C(C)C)c(P(CCP(c2c(cc(cc2C(C)C)C(C)C)C(C)C)c2c(cc(cc2C(C)C)C(C)C)C(C)C)c2c(cc(cc2C(C)C)C(C)C)C(C)C)c(c1)C(C)C,"[10, 13]","[{'functional_group': 'ethyl_ester', 'smiles_inds': [1]}, {'functional_group': 'phosphonate', 'smiles_inds': [31]}]",1.2672773207770577e-09
10,bottom,Cc1cc(C)c(B(CCCP(CCCB(c2c(C)cc(C)cc2C)c2c(C)cc(C)cc2C)CCP(CCCB(c2c(C)cc(C)cc2C)c2c(C)cc(C)cc2C)CCCB(c2c(C)cc(C)cc2C)c2c(C)cc(C)cc2C)c2c(C)cc(C)cc2C)c(C)c1,"[35, 10]","[{'functional_group': 'ethyl_ester', 'smiles_inds': [46]}]",1.403638539064792e-09
10,bottom,Cc1cc(C(c2ccc(cc2)C2CCCCC2)c2ccc(cc2)C2CCCCC2)c(N=C(C)C(C)=Nc2c(cc(C)cc2C(c2ccc(cc2)C2CCCCC2)c2ccc(cc2)C2CCCCC2)C(c2ccc(cc2)C2CCCCC2)c2ccc(cc2)C2CCCCC2)c(c1)C(c1ccc(cc1)C1CCCCC1)c1ccc(cc1)C1CCCCC1,"[30, 35]","[{'functional_group': 'phosphonate', 'smiles_inds': [11]}, {'functional_group': 'tribromo', 'smiles_inds': [109]}]",1.875306323188402e-09
10,median,FC(F)(F)c1ccc(cc1)N1C=C(CN2C=CC=N2)N=N1,"[18, 19]","[{'functional_group': 'amino', 'smiles_inds': [17]}, {'functional_group': 'tribromo', 'smiles_inds': [13]}]",0.45614505785146603
10,median,CCCN(CCC)c1ccc(cc1)C=NN=C(N)[S-],"[18, 15]",[],0.4561610739924846
10,median,CC1=NN(C(=C1)C)C(=S)Sc1ccccc1,"[8, 2]",[],0.45617838957202833
10,median,C(NCc1ccccn1)c1ccccn1,"[14, 1, 8]","[{'functional_group': 'ketone', 'smiles_inds': [7]}, {'functional_group': 'cyano', 'smiles_inds': [6]}, {'functional_group': 'trichloro', 'smiles_inds': [13]}, {'functional_group': '2-methylbenzoic_acid', 'smiles_inds': [5]}]",0.4561861663068535
10,median,CN1C=CN(C1=[Se])c1ccccn1,[6],[],0.45628614337353446
10,median,CNc1ccccc1c1cccc[c-]1,"[1, 13]","[{'functional_group': 'phenyl', 'smiles_inds': [4]}, {'functional_group': 'ethyl', 'smiles_inds': [0]}]",0.4563296160045088
10,median,CC1=NN(CCSCCN)C(=C1)C,"[6, 9, 2]",[],0.4563830549188263
10,median,BrC1=CC2=C(S1)C1=C(OCCOCCOCCOCCOCCO2)C=C(Br)S1,"[14, 11, 23, 8, 20, 17]",[],0.456406542312246
10,median,[Te]1c2ccccc2N=C1c1ccccc1,[0],"[{'functional_group': 'fluoro', 'smiles_inds': [5]}]",0.45649705634572985
10,median,O=C1C(=C(Oc2ccccc12)c1cccc(c1)N(=O)=O)[O-],"[20, 0]","[{'functional_group': 'ethyl', 'smiles_inds': [6]}, {'functional_group': 'phenyl', 'smiles_inds': [9]}, {'functional_group': 'bromo', 'smiles_inds': [12]}, {'functional_group': 'carboxyllic_acid', 'smiles_inds': [7]}]",0.45651088874719886
10,median,Cc1cc(cc(c1)C(=O)Nc1ccncc1)C(=O)Nc1ccncc1,[13],[],0.4565797033477297
10,median,CC(N=C(C=NO)c1ccccc1)c1ccccc1,"[2, 5]",[],0.4566643301272183
10,median,COc1ccc2CCCCc2c1c1c2CCCCc2ccc1N=CC1=CC=C[N-]1,"[22, 28, 1]","[{'functional_group': 'ketone', 'smiles_inds': [3]}]",0.4566930421020656
10,median,O=C1N(Cc2ccccc2)C(=O)C2=C1N1c3ccccc3N=C1C1=Nc3ccccc3N21,"[21, 24]","[{'functional_group': 'carbonyl', 'smiles_inds': [9]}, {'functional_group': 'amide', 'smiles_inds': [19]}]",0.4568222286891823
10,median,CC1=NC(C=C1)=C(C1=CC=C(C)[N-]1)c1c2ccccc2cc2ccccc12,"[12, 2]","[{'functional_group': 'phosphonate', 'smiles_inds': [9]}]",0.4568371306039165
10,median,S1C=CSC1=C1SC=C(S1)C=CC1=Nc2ccccc2S1,[13],"[{'functional_group': 'iodo', 'smiles_inds': [11]}, {'functional_group': 'thiol', 'smiles_inds': [15]}, {'functional_group': 'aldehyde', 'smiles_inds': [10]}]",0.4568586273924688
10,median,CCOC(=O)C1CC2C[CH-]C1C2,"[4, 9]","[{'functional_group': 'ethyl', 'smiles_inds': [11]}, {'functional_group': 'carboxylate', 'smiles_inds': [0]}]",0.45689021387867323
10,median,CCC1=CC(=C([S-])S1)C=NC1CCCCC1,"[6, 9]","[{'functional_group': 'amino', 'smiles_inds': [13]}]",0.45689339341681
10,median,CCC1=NC2NC(C)(C)C(C)(C)N2O1,[3],"[{'functional_group': 'fluoro', 'smiles_inds': [4]}]",0.45690533829596797
10,median,O=C(Oc1cccc2C(=O)c3cccc(OC(=O)c4ccncc4)c3C(=O)c12)c1ccncc1,[31],"[{'functional_group': '2-hydroxypyridine', 'smiles_inds': [11]}]",0.4569326517281747
10,top,c1cnc(nc1)c1nc(nc(n1)c1ncccn1)c1ncccn1,"[2, 7, 19]","[{'functional_group': 'aldehyde', 'smiles_inds': [22]}]",0.9997318330449331
10,top,c1cnc(nc1)c1nc(nc(n1)c1ncccn1)c1ncccn1,"[2, 7, 19]","[{'functional_group': 'aldehyde', 'smiles_inds': [14]}]",0.9997318330449331
10,top,c1cnc(nc1)c1nc(nc(n1)c1ncccn1)c1ncccn1,"[2, 7, 19]","[{'functional_group': 'carbonyl', 'smiles_inds': [14]}]",0.9997337123378164
10,top,c1cnc(nc1)c1nc(nc(n1)c1ncccn1)c1ncccn1,"[2, 7, 19]","[{'functional_group': 'bromo', 'smiles_inds': [21]}, {'functional_group': 'carbonyl', 'smiles_inds': [20]}]",0.9997428947638682
10,top,c1cnc(nc1)c1nc(nc(n1)c1ncccn1)c1ncccn1,"[2, 7, 19]","[{'functional_group': 'tribromo', 'smiles_inds': [1]}]",0.9997442094987482
10,top,c1cnc(nc1)c1nc(nc(n1)c1ncccn1)c1ncccn1,"[2, 7, 19]","[{'functional_group': 'carbonyl', 'smiles_inds': [21]}]",0.9997619265478976
10,top,c1cnc(nc1)c1nc(nc(n1)c1ncccn1)c1ncccn1,"[2, 7, 19]","[{'functional_group': 'tribromo', 'smiles_inds': [14]}, {'functional_group': 'carbonyl', 'smiles_inds': [15]}, {'functional_group': 'bromo', 'smiles_inds': [0]}]",0.9997679250912073
10,top,c1cnc(nc1)c1nc(nc(n1)c1ncccn1)c1ncccn1,"[2, 7, 19]","[{'functional_group': 'tribromo', 'smiles_inds': [21]}, {'functional_group': 'amino', 'smiles_inds': [0]}]",0.9997826525953843
10,top,c1cnc(nc1)c1nc(nc(n1)c1ncccn1)c1ncccn1,"[2, 7, 19]","[{'functional_group': 'carboxylate', 'smiles_inds': [1]}, {'functional_group': 'methyl', 'smiles_inds': [22]}]",0.9997896886164687
10,top,c1cnc(nc1)c1nc(nc(n1)c1ncccn1)c1ncccn1,"[2, 7, 19]","[{'functional_group': 'aldehyde', 'smiles_inds': [15]}]",0.9997923221163277
10,top,c1cnc(nc1)c1nc(nc(n1)c1ncccn1)c1ncccn1,"[2, 7, 19]","[{'functional_group': 'ketone', 'smiles_inds': [21]}]",0.999809149247763
10,top,c1cnc(nc1)c1nc(nc(n1)c1ncccn1)c1ncccn1,"[2, 7, 19]","[{'functional_group': 'ketone', 'smiles_inds': [0]}]",0.999809149247763
10,top,c1cnc(nc1)c1nc(nc(n1)c1ncccn1)c1ncccn1,"[2, 7, 19]","[{'functional_group': 'carboxylate', 'smiles_inds': [20]}, {'functional_group': 'chloro', 'smiles_inds': [1]}]",0.9998322447018728
10,top,c1cnc(nc1)c1nc(nc(n1)c1ncccn1)c1ncccn1,"[2, 7, 19]","[{'functional_group': 'carboxylate', 'smiles_inds': [16]}]",0.9998907169183253
10,top,c1cnc(nc1)c1nc(nc(n1)c1ncccn1)c1ncccn1,"[2, 7, 19]","[{'functional_group': 'carboxylate', 'smiles_inds': [5]}]",0.9998907169183253
10,top,c1cnc(nc1)c1nc(nc(n1)c1ncccn1)c1ncccn1,"[2, 7, 19]","[{'functional_group': 'carboxylate', 'smiles_inds': [20]}]",0.9998907169183253
10,top,c1cnc(nc1)c1nc(nc(n1)c1ncccn1)c1ncccn1,"[2, 7, 19]","[{'functional_group': 'ketone', 'smiles_inds': [5]}, {'functional_group': 'bromo', 'smiles_inds': [1]}, {'functional_group': 'carboxylate', 'smiles_inds': [14]}]",0.9998928035728768
10,top,c1cnc(nc1)c1nc(nc(n1)c1ncccn1)c1ncccn1,"[2, 7, 19]","[{'functional_group': 'aldehyde', 'smiles_inds': [16]}, {'functional_group': 'carboxylate', 'smiles_inds': [14]}]",0.9999021329082903
10,top,c1cnc(nc1)c1nc(nc(n1)c1ncccn1)c1ncccn1,"[2, 7, 19]","[{'functional_group': 'fluoro', 'smiles_inds': [22]}, {'functional_group': 'carboxylate', 'smiles_inds': [21]}]",0.9999043005982546
10,top,c1cnc(nc1)c1nc(nc(n1)c1ncccn1)c1ncccn1,"[2, 7, 19]","[{'functional_group': 'carboxylate', 'smiles_inds': [15]}, {'functional_group': 'bromo', 'smiles_inds': [0]}, {'functional_group': 'hydroxyl', 'smiles_inds': [22]}]",0.9999200324769267
11,bottom,C[Si](C)(C)c1cc(cc(c1)[Si](C#CP(C#C[Si](c1cc(cc(c1)[Si](C)(C)C)[Si](C)(C)C)(c1cc(cc(c1)[Si](C)(C)C)[Si](C)(C)C)c1cc(cc(c1)[Si](C)(C)C)[Si](C)(C)C)C#C[Si](c1cc(cc(c1)[Si](C)(C)C)[Si](C)(C)C)(c1cc(cc(c1)[Si](C)(C)C)[Si](C)(C)C)c1cc(cc(c1)[Si](C)(C)C)[Si](C)(C)C)(c1cc(cc(c1)[Si](C)(C)C)[Si](C)(C)C)c1cc(cc(c1)[Si](C)(C)C)[Si](C)(C)C)[Si](C)(C)C,[13],"[{'functional_group': 'ethyl_ester', 'smiles_inds': [74]}]",6.833506678012408e-21
11,bottom,CP(CCP(C)c1c(cc(cc1C([Si](C)(C)C)[Si](C)(C)C)C([Si](C)(C)C)([Si](C)(C)C)[Si](C)(C)C)C([Si](C)(C)C)[Si](C)(C)C)c1c(cc(cc1C([Si](C)(C)C)[Si](C)(C)C)C([Si](C)(C)C)([Si](C)(C)C)[Si](C)(C)C)C([Si-](C)C)[Si](C)(C)C,"[4, 72, 1]",[],1.0315995794125683e-14
11,bottom,CP(CCP(C)c1c(cc(cc1C([Si](C)(C)C)[Si](C)(C)C)C([Si](C)(C)C)([Si](C)(C)C)[Si](C)(C)C)C([Si](C)(C)C)[Si](C)(C)C)c1c(cc(cc1C([Si](C)(C)C)[Si](C)(C)C)C([Si](C)(C)C)([Si](C)(C)C)[Si](C)(C)C)C([Si-](C)C)[Si](C)(C)C,"[4, 72, 1]","[{'functional_group': 'bromo', 'smiles_inds': [65]}]",1.4736205972036424e-14
11,bottom,CC(C)(C)c1cc2c3cc(cc4c5cc(cc6c7cc(cc8c9cc(cc%10c%11cc(cc%12c(c1)c2c1c(c34)c(c56)c(c78)c(c9%10)c1c%11%12)C(C)(C)C)C(C)(C)C)C(C)(C)C)C(C)(C)C)P(c1cc2c3cc(cc4c5cc(cc6c7cc(cc8c9cc(cc%10c%11cc(cc%12c(c1)c2c1c(c34)c(c56)c(c78)c(c9%10)c1c%11%12)C(C)(C)C)C(C)(C)C)C(C)(C)C)C(C)(C)C)C(C)(C)C)c1cc2c3cc(cc4c5cc(cc6c7cc(cc8c9cc(cc%10c%11cc(cc%12c(c1)c2c1c(c34)c(c56)c(c78)c(c9%10)c1c%11%12)C(C)(C)C)C(C)(C)C)C(C)(C)C)C(C)(C)C)C(C)(C)C,[62],"[{'functional_group': 'amide', 'smiles_inds': [59]}]",2.552303646735924e-14
11,bottom,C[Si](C)(C)C(c1cc(C([Si](C)(C)C)[Si](C)(C)C)c([Se]c2ccccc2Sc2ccccc2Sc2ccccc2[Se]c2c(cc(cc2C([Si](C)(C)C)[Si](C)(C)C)C([Si](C)(C)C)[Si](C)(C)C)C([Si](C)(C)C)[Si](C)(C)C)c(c1)C([Si](C)(C)C)[Si](C)(C)C)[Si](C)(C)C,"[25, 32]","[{'functional_group': 'bromo', 'smiles_inds': [11]}]",2.5678360879028606e-12
11,bottom,C[Si](C)(C)C(c1cc(C([Si](C)(C)C)[Si](C)(C)C)c(Sc2ccccc2Sc2ccccc2Sc2ccccc2Sc2c(cc(cc2C([Si](C)(C)C)[Si](C)(C)C)C([Si](C)(C)C)[Si](C)(C)C)C([Si](C)(C)C)[Si](C)(C)C)c(c1)C([Si](C)(C)C)[Si](C)(C)C)[Si](C)(C)C,"[25, 32]","[{'functional_group': 'trichloro', 'smiles_inds': [85]}, {'functional_group': 'ethyl_ester', 'smiles_inds': [48]}, {'functional_group': 'bromo', 'smiles_inds': [53]}]",2.732207554822394e-12
11,bottom,FC(F)(F)C(F)(F)C(F)(F)C(F)(F)C(F)(F)C(F)(F)C(F)(F)C(F)(F)CCCP(CCCC(F)(F)C(F)(F)C(F)(F)C(F)(F)C(F)(F)C(F)(F)C(F)(F)C(F)(F)F)CCCC(F)(F)C(F)(F)C(F)(F)C(F)(F)C(F)(F)C(F)(F)C(F)(F)C(F)(F)F,[28],"[{'functional_group': 'ether', 'smiles_inds': [30]}]",6.414723828475531e-11
11,bottom,CCCCCC1c2cc3C(CCCCC)c4cc5C(CCCCC)c6cc7C(CCCCC)c8cc1c1OCOc2cc3OCOc4c(P(c2ccccc2)c2ccccc2)c5OCOc6cc7OCOc8c1OCc1cccc(COc2c3OCOc4cc5OCOc6c7cc8C(CCCCC)c9cc%10C(CCCCC)c(cc3C(CCCCC)c4cc5C7CCCCC)c2OCOc%10cc9OCOc8c6P(c2ccccc2)c2ccccc2)c1,"[48, 142]",[],2.2815956900668896e-10
11,bottom,C[Si](C)(C)c1cc(cc(c1)[Si](C)(C)C)P(c1cc(cc(c1)[Si](C)(C)C)[Si](C)(C)C)c1ccccc1P(c1cc(cc(c1)[Si](C)(C)C)[Si](C)(C)C)c1cc(cc(c1)[Si](C)(C)C)[Si](C)(C)C,"[35, 14]",[],2.8088336190216917e-10
11,bottom,CC(C)(C)[Si]([SiH]1[Si]2(CC[Si]3(OCCOCCOCCOCCOCCO3)[Si]12[Si](C(C)(C)C)(C(C)(C)C)C(C)(C)C)[Si](C(C)(C)C)(C(C)(C)C)C(C)(C)C)(C(C)(C)C)C(C)(C)C,"[22, 19, 16]",[],3.439559559144887e-10
11,bottom,C1CCCCCCCCCCCP2CCCCCCCCCCCCCCCCCCCCCCP(CCCCCCCCCC1)CCCCCCCCCCCCCCCCCCCCCC2,"[12, 35]","[{'functional_group': 'amino', 'smiles_inds': [36]}]",6.096580522941842e-10
11,bottom,Cc1cc(C(c2ccc(cc2)C(C)(C)C)c2ccc(cc2)C(C)(C)C)c(N=C2c3cccc4cccc(C2=Nc2c(cc(C)cc2C(c2ccc(cc2)C(C)(C)C)c2ccc(cc2)C(C)(C)C)C(c2ccc(cc2)C(C)(C)C)c2ccc(cc2)C(C)(C)C)c34)c(c1)C(c1ccc(cc1)C(C)(C)C)c1ccc(cc1)C(C)(C)C,"[38, 26]","[{'functional_group': 'trifluro', 'smiles_inds': [67]}]",6.269473479104016e-10
11,bottom,CC(C)(C)c1cc2c(OP(OC3C(CO[Si](c4ccccc4)(c4ccccc4)C(C)(C)C)OC(CO[Si](c4ccccc4)(c4ccccc4)C(C)(C)C)C3OP3Oc4c(cc(cc4C(C)(C)C)C(C)(C)C)c4cc(cc(c4O3)C(C)(C)C)C(C)(C)C)Oc3c2cc(cc3C(C)(C)C)C(C)(C)C)c(c1)C(C)(C)C,"[9, 55]",[],7.955116533234351e-10
11,bottom,Cc1cc(C(c2ccc(cc2)C2CCCCC2)c2ccc(cc2)C2CCCCC2)c(N=C(C)C(C)=Nc2c(cc(C)cc2C(c2ccc(cc2)C2CCCCC2)c2ccc(cc2)C2CCCCC2)C(c2ccc(cc2)C2CCCCC2)c2ccc(cc2)C2CCCCC2)c(c1)C(c1ccc(cc1)C1CCCCC1)c1ccc(cc1)C1CCCCC1,"[30, 35]","[{'functional_group': 'ethyl', 'smiles_inds': [16]}]",8.199919095819002e-10
11,bottom,CC(C)(C)c1ccc(cc1)C(c1ccc(cc1)C(C)(C)C)c1cc(F)cc(C(c2ccc(cc2)C(C)(C)C)c2ccc(cc2)C(C)(C)C)c1N=C1c2cccc3cccc(C1=Nc1c(cc(F)cc1C(c1ccc(cc1)C(C)(C)C)c1ccc(cc1)C(C)(C)C)C(c1ccc(cc1)C(C)(C)C)c1ccc(cc1)C(C)(C)C)c23,"[61, 49]","[{'functional_group': 'ethyl_ester', 'smiles_inds': [10]}]",9.700526995732646e-10
11,bottom,C1CCCCCCCCCCCP2CCCCCCCCCCCCCCCCCCCCCCP(CCCCCCCCCC1)CCCCCCCCCCCCCCCCCCCCCC2,"[12, 35]","[{'functional_group': 'carboxylate', 'smiles_inds': [64]}]",1.3568946829913068e-09
11,bottom,CC(C)c1cc(C(C)C)c(P(CCP(c2c(cc(cc2C(C)C)C(C)C)C(C)C)c2c(cc(cc2C(C)C)C(C)C)C(C)C)c2c(cc(cc2C(C)C)C(C)C)C(C)C)c(c1)C(C)C,"[10, 13]",[],1.5674395516695373e-09
11,bottom,C1CCCCCCCCCCP2CCCCCCCCCCCCCCCCCCCCP(CCCCCCCCC1)CCCCCCCCCCCCCCCCCCCC2,"[11, 32]","[{'functional_group': 'cyanimide', 'smiles_inds': [30]}]",1.5876821764451181e-09
11,bottom,COc1ccc2ccccc2c1c1c2ccccc2ccc1c1nc2c(ccc(c3ccc(C)cc3)c2nc1c1nc2c(ccc(c3ccc(C)cc3)c2nc1c1nc2c(ccc(c3ccc(C)cc3)c2nc1c1nc2c(ccc(c3ccc(C)cc3)c2nc1c1nc2c(ccc(c3ccc(C)cc3)c2n[c-]1)c1ccc(C)cc1)c1ccc(C)cc1)c1ccc(C)cc1)c1ccc(C)cc1)c1ccc(C)cc1,"[106, 88]","[{'functional_group': 'bromo', 'smiles_inds': [48]}, {'functional_group': 'phenyl', 'smiles_inds': [122]}]",1.6661032172048867e-09
11,bottom,CC(C)(C)c1cc2c3cc(cc4c5cc(cc6c7cc(cc8c9cc(cc%10c%11cc(cc%12c(c1)c2c1c(c34)c(c56)c(c78)c(c9%10)c1c%11%12)C(C)(C)C)C(C)(C)C)C(C)(C)C)C(C)(C)C)P(c1ccccc1)c1cc2c3cc(cc4c5cc(cc6c7cc(cc8c9cc(cc%10c%11cc(cc%12c(c1)c2c1c(c34)c(c56)c(c78)c(c9%10)c1c%11%12)C(C)(C)C)C(C)(C)C)C(C)(C)C)C(C)(C)C)C(C)(C)C,[62],"[{'functional_group': 'aldehyde', 'smiles_inds': [20]}]",1.815880137181062e-09
11,median,CN=Cc1cc(cc(c1[O-])C(C)(C)C)C(C)(C)C,"[9, 1]",[],0.4535357144299483
11,median,CC(=NCC[Se]c1ccccc1)c1ccc2ccccc2c1[O-],"[5, 2, 22]","[{'functional_group': 'methyl', 'smiles_inds': [10]}]",0.45353686836148155
11,median,c1ccc2c(c1)c1ccccc1C12c2cccnc2c2ncccc12,"[17, 20]","[{'functional_group': 'carboxyllic_acid', 'smiles_inds': [8]}]",0.45359208899791553
11,median,Cc1ccc(cc1)S(=O)(=O)[N-]c1cccc2ccc3cccnc3c12,"[22, 10]","[{'functional_group': 'trichloro', 'smiles_inds': [5]}, {'functional_group': 'phosphonate', 'smiles_inds': [14]}]",0.4535936314082507
11,median,CN(C)C(=O)CN(Cc1ccccc1)Cc1cccc[c-]1,"[4, 6, 20]",[],0.4536254479972781
11,median,CC(C=C([O-])C(F)(F)F)=NNC(=O)c1ccccc1O,"[9, 12, 4]","[{'functional_group': 'methyl', 'smiles_inds': [10]}]",0.45365114487622377
11,median,COc1ccccc1[SiH2-],"[8, 1]","[{'functional_group': 'amino', 'smiles_inds': [4]}, {'functional_group': 'phenyl', 'smiles_inds': [0]}, {'functional_group': 'fluoro', 'smiles_inds': [3]}]",0.45369863425418805
11,median,COC(=O)c1cnc(cc1C(=O)OC)C1=Nc2ccccc2S1,"[15, 6]","[{'functional_group': 'iodo', 'smiles_inds': [17]}]",0.45374069846048537
11,median,CC1=CN(CCCCCCOc2cc(nc(c2)c2ccccn2)c2ccccn2)C(=O)NC1=O,"[22, 14, 28]","[{'functional_group': 'chloro', 'smiles_inds': [16]}]",0.45374992314541973
11,median,CC1=CC(=O)Oc2cc(OCCN3C=C(N=N3)c3ccccn3)ccc12,"[12, 15]",[],0.453774630320092
11,median,C1CNCCN(CCN1)Cc1c2ccccc2nc2ccccc12,"[8, 2, 5]","[{'functional_group': 'ether', 'smiles_inds': [21]}, {'functional_group': 'phosphonate', 'smiles_inds': [1]}, {'functional_group': 'cyanimide', 'smiles_inds': [13]}]",0.45378483821721616
11,median,CCN1C=C(C(=O)[O-])C(=O)c2cc(F)c(nc12)N1CC[NH2+]CC1,"[7, 9]","[{'functional_group': 'phenyl', 'smiles_inds': [20]}]",0.45391823922574215
11,median,O=C1NCCCOCCCCOCCCNC(=O)c2ccc3ccc4ccc1nc4c3n2,"[31, 28]",[],0.4539361790840124
11,median,CN(C)c1ccccc1C=N,"[1, 10]",[],0.4539626130410345
11,median,CC(N=CC1=NC=CN1C)c1ccccc1,"[5, 2]",[],0.4539788807589085
11,median,COC(=O)C12CN(Cc3cccc(n3)C(=O)[O-])CC(C1O)(C(N(C)C2c1cc(OC)ccn1)c1cc(OC)ccn1)C(=O)OC,"[16, 32, 40, 22, 13, 6]","[{'functional_group': 'carbonyl', 'smiles_inds': [17]}]",0.4539970575927229
11,median,Cc1ccc(S[S](=O)=O)cc1,[5],"[{'functional_group': 'methyl_ester', 'smiles_inds': [3]}]",0.45403374760719895
11,median,C[NH2+]CCCN=Cc1ccccc1[O-],"[13, 5]","[{'functional_group': 'trifluro', 'smiles_inds': [10]}, {'functional_group': 'amino', 'smiles_inds': [3]}]",0.454100411778062
11,median,CC1=NN(C(=C1)C)c1nc(C)cc(n1)c1ccccn1,"[2, 8, 13]","[{'functional_group': 'carboxyllic_acid', 'smiles_inds': [10]}]",0.45423258819900164
11,median,CC(=NCc1ccc2ccc3cccc4ccc1c2c34)c1ccccn1,"[25, 2]","[{'functional_group': 'ketone', 'smiles_inds': [23]}]",0.4542986381206354
11,top,c1cnc(nc1)c1nc(nc(n1)c1ncccn1)c1ncccn1,"[2, 7, 19]","[{'functional_group': 'trichloro', 'smiles_inds': [22]}]",0.9995893745119586
11,top,c1cnc(nc1)c1nc(nc(n1)c1ncccn1)c1ncccn1,"[2, 7, 19]","[{'functional_group': 'trichloro', 'smiles_inds': [14]}]",0.9995893745119586
11,top,c1cnc(nc1)c1nc(nc(n1)c1ncccn1)c1ncccn1,"[2, 7, 19]","[{'functional_group': 'hydroxyl', 'smiles_inds': [0]}]",0.9995983086325582
11,top,c1cnc(nc1)c1nc(nc(n1)c1ncccn1)c1ncccn1,"[2, 7, 19]","[{'functional_group': 'amino', 'smiles_inds': [14]}, {'functional_group': 'carbonyl', 'smiles_inds': [15]}]",0.9995984098545184
11,top,c1cnc(nc1)c1nc(nc(n1)c1ncccn1)c1ncccn1,"[2, 7, 19]","[{'functional_group': 'amino', 'smiles_inds': [0]}]",0.9996053993215099
11,top,c1cnc(nc1)c1nc(nc(n1)c1ncccn1)c1ncccn1,"[2, 7, 19]","[{'functional_group': 'carbonyl', 'smiles_inds': [20]}]",0.9996389316207224
11,top,c1cnc(nc1)c1nc(nc(n1)c1ncccn1)c1ncccn1,"[2, 7, 19]","[{'functional_group': 'carbonyl', 'smiles_inds': [5]}]",0.9996389316207224
11,top,c1cnc(nc1)c1nc(nc(n1)c1ncccn1)c1ncccn1,"[2, 7, 19]","[{'functional_group': 'carbonyl', 'smiles_inds': [14]}]",0.9996389316207224
11,top,c1cnc(nc1)c1nc(nc(n1)c1ncccn1)c1ncccn1,"[2, 7, 19]","[{'functional_group': 'aldehyde', 'smiles_inds': [22]}]",0.9996414245959221
11,top,c1cnc(nc1)c1nc(nc(n1)c1ncccn1)c1ncccn1,"[2, 7, 19]","[{'functional_group': 'tribromo', 'smiles_inds': [14]}]",0.9996522801380205
11,top,c1cnc(nc1)c1nc(nc(n1)c1ncccn1)c1ncccn1,"[2, 7, 19]","[{'functional_group': 'carbonyl', 'smiles_inds': [21]}]",0.9996773837869228
11,top,c1cnc(nc1)c1nc(nc(n1)c1ncccn1)c1ncccn1,"[2, 7, 19]","[{'functional_group': 'amino', 'smiles_inds': [21]}, {'functional_group': 'carbonyl', 'smiles_inds': [0]}]",0.999685697262486
11,top,c1cnc(nc1)c1nc(nc(n1)c1ncccn1)c1ncccn1,"[2, 7, 19]","[{'functional_group': 'tribromo', 'smiles_inds': [15]}]",0.9996893111887002
11,top,c1cnc(nc1)c1nc(nc(n1)c1ncccn1)c1ncccn1,"[2, 7, 19]","[{'functional_group': 'carboxyllic_acid', 'smiles_inds': [1]}, {'functional_group': 'carboxylate', 'smiles_inds': [16]}]",0.9998184605412899
11,top,c1cnc(nc1)c1nc(nc(n1)c1ncccn1)c1ncccn1,"[2, 7, 19]","[{'functional_group': 'bromo', 'smiles_inds': [1]}, {'functional_group': 'carboxylate', 'smiles_inds': [22]}]",0.9998475936374239
11,top,c1cnc(nc1)c1nc(nc(n1)c1ncccn1)c1ncccn1,"[2, 7, 19]","[{'functional_group': 'carboxylate', 'smiles_inds': [14]}]",0.9998526025051148
11,top,c1cnc(nc1)c1nc(nc(n1)c1ncccn1)c1ncccn1,"[2, 7, 19]","[{'functional_group': 'carboxylate', 'smiles_inds': [16]}]",0.9998526025051148
11,top,NC1C(O)C(N)C([O-])C(NCCNC2C(O)C(N)C(O)C(N)C2[O-])C1O,"[12, 9, 21, 5, 23, 7]","[{'functional_group': 'carbonyl', 'smiles_inds': [20]}, {'functional_group': 'trichloro', 'smiles_inds': [18]}]",0.9998796392156339
11,top,c1cnc(nc1)c1nc(nc(n1)c1ncccn1)c1ncccn1,"[2, 7, 19]","[{'functional_group': 'carboxylate', 'smiles_inds': [0]}]",0.9999087890052006
11,top,c1cnc(nc1)c1nc(nc(n1)c1ncccn1)c1ncccn1,"[2, 7, 19]","[{'functional_group': 'carboxylate', 'smiles_inds': [15]}]",0.9999087890052006
12,bottom,C[Si](C)(C)c1cc(cc(c1)[Si](C#CP(C#C[Si](c1cc(cc(c1)[Si](C)(C)C)[Si](C)(C)C)(c1cc(cc(c1)[Si](C)(C)C)[Si](C)(C)C)c1cc(cc(c1)[Si](C)(C)C)[Si](C)(C)C)C#C[Si](c1cc(cc(c1)[Si](C)(C)C)[Si](C)(C)C)(c1cc(cc(c1)[Si](C)(C)C)[Si](C)(C)C)c1cc(cc(c1)[Si](C)(C)C)[Si](C)(C)C)(c1cc(cc(c1)[Si](C)(C)C)[Si](C)(C)C)c1cc(cc(c1)[Si](C)(C)C)[Si](C)(C)C)[Si](C)(C)C,[13],"[{'functional_group': 'cyano', 'smiles_inds': [109]}]",1.406112655000427e-20
12,bottom,C[Si](C)(C)c1cc(cc(c1)[Si](C)(C)C)C(C(=O)Nc1cccc(NC(=O)C(c2cc(cc(c2)[Si](C)(C)C)[Si](C)(C)C)(c2cc(cc(c2)[Si](C)(C)C)[Si](C)(C)C)c2cc(cc(c2)[Si](C)(C)C)[Si](C)(C)C)c1[S-])(c1cc(cc(c1)[Si](C)(C)C)[Si](C)(C)C)c1cc(cc(c1)[Si](C)(C)C)[Si](C)(C)C,"[70, 16]","[{'functional_group': 'bromo', 'smiles_inds': [38]}]",1.6256578531780305e-14
12,bottom,FC(F)(F)C(F)(F)C(F)(F)C(F)(F)C(F)(F)C(F)(F)C(F)(F)C(F)(F)CCP(CCC(F)(F)C(F)(F)C(F)(F)C(F)(F)C(F)(F)C(F)(F)C(F)(F)C(F)(F)F)Cc1cccc(CP(CCC(F)(F)C(F)(F)C(F)(F)C(F)(F)C(F)(F)C(F)(F)C(F)(F)C(F)(F)F)CCC(F)(F)C(F)(F)C(F)(F)C(F)(F)C(F)(F)C(F)(F)C(F)(F)C(F)(F)F)[c-]1,"[27, 62, 117]","[{'functional_group': 'ether', 'smiles_inds': [28]}, {'functional_group': 'bromo', 'smiles_inds': [29]}]",7.891850224073404e-14
12,bottom,FC(F)(F)C(F)(F)C(F)(F)C(F)(F)C(F)(F)C(F)(F)C(F)(F)C(F)(F)CCP(CCC(F)(F)C(F)(F)C(F)(F)C(F)(F)C(F)(F)C(F)(F)C(F)(F)C(F)(F)F)Cc1cccc(CP(CCC(F)(F)C(F)(F)C(F)(F)C(F)(F)C(F)(F)C(F)(F)C(F)(F)C(F)(F)F)CCC(F)(F)C(F)(F)C(F)(F)C(F)(F)C(F)(F)C(F)(F)C(F)(F)C(F)(F)F)[c-]1,"[27, 62, 117]","[{'functional_group': 'thiol', 'smiles_inds': [64]}, {'functional_group': 'tribromo', 'smiles_inds': [55]}]",1.6090967234862197e-13
12,bottom,C[Si](C)(C)C(c1cc(C([Si](C)(C)C)[Si](C)(C)C)c([Se]c2ccccc2[Se]c2ccccc2[Se]c2ccccc2[Se]c2c(cc(cc2C([Si](C)(C)C)[Si](C)(C)C)C([Si](C)(C)C)[Si](C)(C)C)C([Si](C)(C)C)[Si](C)(C)C)c(c1)C([Si](C)(C)C)[Si](C)(C)C)[Si](C)(C)C,"[25, 32]","[{'functional_group': 'ethyl', 'smiles_inds': [78]}]",2.3119129535414e-12
12,bottom,C[Si](C)(C)C(c1cc(C([Si](C)(C)C)[Si](C)(C)C)c(Sc2ccccc2[Se]c2ccccc2[Se]c2ccccc2Sc2c(cc(cc2C([Si](C)(C)C)[Si](C)(C)C)C([Si](C)(C)C)[Si](C)(C)C)C([Si](C)(C)C)[Si](C)(C)C)c(c1)C([Si](C)(C)C)[Si](C)(C)C)[Si](C)(C)C,"[25, 32]","[{'functional_group': 'thiol', 'smiles_inds': [6]}]",3.2543373531268014e-12
12,bottom,C[Si](C)(C)C(c1cc(C([Si](C)(C)C)[Si](C)(C)C)c([Se]c2ccccc2[Se]c2ccccc2[Se]c2ccccc2[Se]c2c(cc(cc2C([Si](C)(C)C)[Si](C)(C)C)C([Si](C)(C)C)[Si](C)(C)C)C([Si](C)(C)C)[Si](C)(C)C)c(c1)C([Si](C)(C)C)[Si](C)(C)C)[Si](C)(C)C,"[25, 32]",[],3.939307996837984e-12
12,bottom,FC(F)(F)C(F)(F)C(F)(F)C(F)(F)C(F)(F)C(F)(F)C(F)(F)C(F)(F)CCCP(CCCC(F)(F)C(F)(F)C(F)(F)C(F)(F)C(F)(F)C(F)(F)C(F)(F)C(F)(F)F)CCCC(F)(F)C(F)(F)C(F)(F)C(F)(F)C(F)(F)C(F)(F)C(F)(F)C(F)(F)F,[28],"[{'functional_group': 'methyl', 'smiles_inds': [58]}, {'functional_group': 'ethyl_ester', 'smiles_inds': [59]}]",2.7894237683919816e-11
12,bottom,FC(F)(F)C(F)(F)C(F)(F)C(F)(F)C(F)(F)C(F)(F)C(F)(F)C(F)(F)CCc1ccc(cc1)P(c1ccc(CCC(F)(F)C(F)(F)C(F)(F)C(F)(F)C(F)(F)C(F)(F)C(F)(F)C(F)(F)F)cc1)c1ccc(CCC(F)(F)C(F)(F)C(F)(F)C(F)(F)C(F)(F)C(F)(F)C(F)(F)C(F)(F)F)cc1,[33],"[{'functional_group': 'iodo', 'smiles_inds': [99]}]",3.7561444605643005e-11
12,bottom,CCCCCC1c2cc3C(CCCCC)c4cc5C(CCCCC)c6cc7C(CCCCC)c8cc1c1OCOc2cc3OCOc4c(P(c2ccccc2)c2ccccc2)c5OCOc6cc7OCOc8c1OCc1cccc(COc2c3OCOc4cc5OCOc6c7cc8C(CCCCC)c9cc%10C(CCCCC)c(cc3C(CCCCC)c4cc5C7CCCCC)c2OCOc%10cc9OCOc8c6P(c2ccccc2)c2ccccc2)c1,"[48, 142]",[],8.585318612466993e-11
12,bottom,FC(F)(F)C(F)(F)C(F)(F)C(F)(F)C(F)(F)C(F)(F)c1ccc(cc1)P(CCP(c1ccc(cc1)C(F)(F)C(F)(F)C(F)(F)C(F)(F)C(F)(F)C(F)(F)F)c1ccc(cc1)C(F)(F)C(F)(F)C(F)(F)C(F)(F)C(F)(F)C(F)(F)F)c1ccc(cc1)C(F)(F)C(F)(F)C(F)(F)C(F)(F)C(F)(F)C(F)(F)F,"[25, 28]","[{'functional_group': 'cyano', 'smiles_inds': [31]}, {'functional_group': 'iodo', 'smiles_inds': [59]}]",9.761676713935871e-11
12,bottom,CCCCCC1c2cc3C(CCCCC)c4cc5C(CCCCC)c6cc7C(CCCCC)c8cc1c1OCOc2cc3OCOc4c(P(c2ccccc2)c2ccccc2)c5OCOc6cc7OCOc8c1OCc1cccc(COc2c3OCOc4cc5OCOc6c7cc8C(CCCCC)c9cc%10C(CCCCC)c(cc3C(CCCCC)c4cc5C7CCCCC)c2OCOc%10cc9OCOc8c6P(c2ccccc2)c2ccccc2)c1,"[48, 142]","[{'functional_group': 'iodo', 'smiles_inds': [52]}]",1.1600202591435186e-10
12,bottom,CN(C)P(=NP(N=P(N(C)C)(N(C)C)N(C)C)N=P(N(C)C)(N(C)C)N(C)C)(N=P(N(C)C)(N(C)C)N(C)C)N(C)C,[5],"[{'functional_group': 'carboxyl', 'smiles_inds': [0]}, {'functional_group': 'ethyl_ester', 'smiles_inds': [35]}]",1.5599629134738056e-10
12,bottom,C1CCCCCCCCCCCP2CCCCCCCCCCCCCCCCCCCCCCP(CCCCCCCCCC1)CCCCCCCCCCCCCCCCCCCCCC2,"[12, 35]","[{'functional_group': 'iodo', 'smiles_inds': [15]}, {'functional_group': 'methyl', 'smiles_inds': [44]}]",2.831750993520741e-10
12,bottom,C[Si](C)(C)c1cc(cc(c1)[Si](C)(C)C)P(c1cc(cc(c1)[Si](C)(C)C)[Si](C)(C)C)c1ccccc1P(c1cc(cc(c1)[Si](C)(C)C)[Si](C)(C)C)c1cc(cc(c1)[Si](C)(C)C)[Si](C)(C)C,"[35, 14]",[],3.329718402605742e-10
12,bottom,C1CCCCCCCCCCP2CCCCCCCCCCCCCCCCCCCCP(CCCCCCCCC1)CCCCCCCCCCCCCCCCCCCC2,"[11, 32]","[{'functional_group': 'bromo', 'smiles_inds': [35]}, {'functional_group': 'ethyl', 'smiles_inds': [42]}, {'functional_group': '2-methylbenzoic_acid', 'smiles_inds': [3]}]",4.4058042864100563e-10
12,bottom,C1CCCCCCCCCCCP2CCCCCCCCCCCCCCCCCCCCCCP(CCCCCCCCCC1)CCCCCCCCCCCCCCCCCCCCCC2,"[12, 35]","[{'functional_group': 'iodo', 'smiles_inds': [64]}, {'functional_group': 'ether', 'smiles_inds': [10]}]",4.6365831135520774e-10
12,bottom,C[Si](C)(C)c1cc(cc(c1)[Si](C)(C)C)P(c1cc(cc(c1)[Si](C)(C)C)[Si](C)(C)C)c1ccccc1P(c1cc(cc(c1)[Si](C)(C)C)[Si](C)(C)C)c1cc(cc(c1)[Si](C)(C)C)[Si](C)(C)C,"[35, 14]","[{'functional_group': 'aldehyde', 'smiles_inds': [62]}]",5.188601144520086e-10
12,bottom,N=P(c1ccccc1c1cc(cc(c1)c1ccccc1P(=[N-])(C12CC3CC(CC(C3)C1)C2)C12CC3CC(CC(C3)C1)C2)c1ccccc1P(=[N-])(C12CC3CC(CC(C3)C1)C2)C12CC3CC(CC(C3)C1)C2)(C12CC3CC(CC(C3)C1)C2)C12CC3CC(CC(C3)C1)C2,"[0, 21, 49]","[{'functional_group': 'ketone', 'smiles_inds': [85]}]",5.329453238867613e-10
12,bottom,CC(C)(C)c1cc2c(OP(OC3C(CO[Si](c4ccccc4)(c4ccccc4)C(C)(C)C)OC(CO[Si](c4ccccc4)(c4ccccc4)C(C)(C)C)C3OP3Oc4c(cc(cc4C(C)(C)C)C(C)(C)C)c4cc(cc(c4O3)C(C)(C)C)C(C)(C)C)Oc3c2cc(cc3C(C)(C)C)C(C)(C)C)c(c1)C(C)(C)C,"[9, 55]",[],5.549234047279582e-10
12,median,Ic1ccc(cc1)N1C=C(N=N1)c1cccc(n1)C1=CN(N=N1)c1ccc(I)cc1,"[22, 10, 7]","[{'functional_group': 'fluoro', 'smiles_inds': [14]}]",0.4622355851974006
12,median,Cc1cc(C)c(N=Cc2cc(C)cc(C=O)c2[O-])c(C)c1,"[17, 6]",[],0.46226834173487014
12,median,CN(C)C1=NC2NC(C)(C)C(C)(C)N2O1,[4],"[{'functional_group': 'phosphonate', 'smiles_inds': [2]}]",0.46226945978771655
12,median,CN=CN(Cc1ccccc1)[C-]=O,"[1, 11]",[],0.4622749145909857
12,median,CC(C)(C)c1cc(C=NCC(=O)[O-])c([O-])c(c1)C(C)(C)C,"[14, 12, 8]","[{'functional_group': 'methyl', 'smiles_inds': [9]}, {'functional_group': 'ethyl', 'smiles_inds': [0]}]",0.4623003580190489
12,median,Fc1ccc(cc1)N(c1ccc(F)cc1)c1ccc(cc1)C1=NN=C(O1)c1ccc([c-]c1)c1ccccn1,"[30, 7]","[{'functional_group': 'methyl_ester', 'smiles_inds': [28]}, {'functional_group': 'aldehyde', 'smiles_inds': [34]}]",0.4623024386501011
12,median,CC(C)NC(C)[CH2-],"[3, 6]","[{'functional_group': 'ethyl', 'smiles_inds': [4]}]",0.4623518291644902
12,median,CN(C)[C-]=CC(C)=O,"[7, 3]","[{'functional_group': 'fluoro', 'smiles_inds': [0]}, {'functional_group': 'amino', 'smiles_inds': [4]}]",0.46236263824040497
12,median,Cc1cc(C)c(Sc2ccccc2[S-])c(C)c1,"[6, 13]","[{'functional_group': 'carboxylate', 'smiles_inds': [15]}, {'functional_group': 'amide', 'smiles_inds': [11]}]",0.462369258472307
12,median,CCCN(CCC)C([S-])=NC(=O)c1cc(cc(c1)N(=O)=O)N(=O)=O,"[8, 11]","[{'functional_group': 'hydroxyl', 'smiles_inds': [13]}]",0.4623768166243902
12,median,N=C(N1C=Cc2cccnc12)c1ccccc1,"[2, 0]","[{'functional_group': 'cyanimide', 'smiles_inds': [15]}, {'functional_group': 'trifluro', 'smiles_inds': [13]}]",0.4623930049059674
12,median,Oc1ccccp1,[6],"[{'functional_group': 'ethyl', 'smiles_inds': [3]}]",0.46242835054570597
12,median,Cc1cccc(CN)n1,"[8, 7]","[{'functional_group': 'amino', 'smiles_inds': [6]}]",0.46243622326592576
12,median,c1ccc(cc1)c1ccc(nc1)c1ccncc1,[15],[],0.4624404127047863
12,median,C[NH+]1CCN(CC1)c1c(F)cc2C(=O)C(=CN3C(C)COc1c23)C(=O)[O-],"[25, 13]","[{'functional_group': 'trifluro', 'smiles_inds': [5]}, {'functional_group': 'phosphonate', 'smiles_inds': [3]}, {'functional_group': 'phosphonate', 'smiles_inds': [15]}]",0.4624443537634938
12,median,CCOC(=O)C(NCCNC(C(C)C)C(=O)[O-])C(C)C,"[16, 6, 9]",[],0.4624487177442805
12,median,CC1(C)ON=C(O1)c1ccccc1,[4],[],0.4624858773858351
12,median,OCc1cc2OCC3=CN(Cc4cccc(CN5C=C(COc(c1)c2)N=N5)n4)N=N3,"[28, 9, 26]","[{'functional_group': 'iodo', 'smiles_inds': [10]}]",0.46248961797562205
12,median,[O-]c1ccc(cc1C=Nc1ccccc1)N=Nc1ccccc1,"[0, 8]",[],0.4625967076673562
12,median,O=C1N(Cc2cc(CSc3ccccc3)[c-]c(CSc3ccccc3)c2)C(=O)c2ccccc12,"[8, 18, 15]","[{'functional_group': 'phosphonate', 'smiles_inds': [20]}, {'functional_group': 'cyanimide', 'smiles_inds': [29]}]",0.46263839707818094
12,top,c1cnc(nc1)c1nc(nc(n1)c1ncccn1)c1ncccn1,"[2, 7, 19]","[{'functional_group': 'carboxyllic_acid', 'smiles_inds': [5]}, {'functional_group': 'carbonyl', 'smiles_inds': [20]}]",0.9997530573156648
12,top,c1cnc(nc1)c1nc(nc(n1)c1ncccn1)c1ncccn1,"[2, 7, 19]","[{'functional_group': 'ketone', 'smiles_inds': [20]}, {'functional_group': 'tribromo', 'smiles_inds': [21]}]",0.9997633207351401
12,top,c1cnc(nc1)c1nc(nc(n1)c1ncccn1)c1ncccn1,"[2, 7, 19]","[{'functional_group': 'carbonyl', 'smiles_inds': [15]}, {'functional_group': 'bromo', 'smiles_inds': [22]}]",0.9997666713991127
12,top,c1cnc(nc1)c1nc(nc(n1)c1ncccn1)c1ncccn1,"[2, 7, 19]","[{'functional_group': 'bromo', 'smiles_inds': [15]}]",0.9997712879635332
12,top,c1cnc(nc1)c1nc(nc(n1)c1ncccn1)c1ncccn1,"[2, 7, 19]","[{'functional_group': 'carbonyl', 'smiles_inds': [15]}, {'functional_group': 'iodo', 'smiles_inds': [22]}]",0.9997721402251926
12,top,c1cnc(nc1)c1nc(nc(n1)c1ncccn1)c1ncccn1,"[2, 7, 19]","[{'functional_group': 'tribromo', 'smiles_inds': [15]}]",0.9997770133638906
12,top,c1cnc(nc1)c1nc(nc(n1)c1ncccn1)c1ncccn1,"[2, 7, 19]","[{'functional_group': 'tribromo', 'smiles_inds': [22]}]",0.9997887156492267
12,top,c1cnc(nc1)c1nc(nc(n1)c1ncccn1)c1ncccn1,"[2, 7, 19]","[{'functional_group': 'tribromo', 'smiles_inds': [5]}]",0.9997887156492267
12,top,c1cnc(nc1)c1nc(nc(n1)c1ncccn1)c1ncccn1,"[2, 7, 19]","[{'functional_group': 'carboxylate', 'smiles_inds': [20]}, {'functional_group': 'ethyl_ester', 'smiles_inds': [1]}]",0.9998026432653205
12,top,c1cnc(nc1)c1nc(nc(n1)c1ncccn1)c1ncccn1,"[2, 7, 19]","[{'functional_group': 'aldehyde', 'smiles_inds': [15]}]",0.999807622235478
12,top,c1cnc(nc1)c1nc(nc(n1)c1ncccn1)c1ncccn1,"[2, 7, 19]","[{'functional_group': 'tribromo', 'smiles_inds': [5]}, {'functional_group': 'tribromo', 'smiles_inds': [20]}]",0.9998306471619686
12,top,c1cnc(nc1)c1nc(nc(n1)c1ncccn1)c1ncccn1,"[2, 7, 19]","[{'functional_group': 'carboxylate', 'smiles_inds': [15]}, {'functional_group': 'amide', 'smiles_inds': [16]}]",0.9998344707669119
12,top,c1cnc(nc1)c1nc(nc(n1)c1ncccn1)c1ncccn1,"[2, 7, 19]","[{'functional_group': 'carboxylate', 'smiles_inds': [21]}, {'functional_group': 'amide', 'smiles_inds': [20]}]",0.9998344707669119
12,top,c1cnc(nc1)c1nc(nc(n1)c1ncccn1)c1ncccn1,"[2, 7, 19]","[{'functional_group': 'ketone', 'smiles_inds': [21]}]",0.9998550678101302
12,top,c1cnc(nc1)c1nc(nc(n1)c1ncccn1)c1ncccn1,"[2, 7, 19]","[{'functional_group': 'tribromo', 'smiles_inds': [5]}, {'functional_group': 'ketone', 'smiles_inds': [21]}]",0.9998838325966307
12,top,c1cnc(nc1)c1nc(nc(n1)c1ncccn1)c1ncccn1,"[2, 7, 19]","[{'functional_group': 'carboxylate', 'smiles_inds': [22]}]",0.9999110492770233
12,top,c1cnc(nc1)c1nc(nc(n1)c1ncccn1)c1ncccn1,"[2, 7, 19]","[{'functional_group': 'carboxylate', 'smiles_inds': [16]}]",0.9999110492770233
12,top,c1cnc(nc1)c1nc(nc(n1)c1ncccn1)c1ncccn1,"[2, 7, 19]","[{'functional_group': 'carboxylate', 'smiles_inds': [1]}]",0.9999110492770233
12,top,c1cnc(nc1)c1nc(nc(n1)c1ncccn1)c1ncccn1,"[2, 7, 19]","[{'functional_group': 'carboxylate', 'smiles_inds': [20]}]",0.9999110492770233
12,top,c1cnc(nc1)c1nc(nc(n1)c1ncccn1)c1ncccn1,"[2, 7, 19]","[{'functional_group': 'thiol', 'smiles_inds': [16]}, {'functional_group': 'carboxylate', 'smiles_inds': [15]}]",0.999912271706492
13,bottom,C[Si](C)(C)c1cc(cc(c1)[Si](C)(C)C)C(C(=O)Nc1cccc(NC(=O)C(c2cc(cc(c2)[Si](C)(C)C)[Si](C)(C)C)(c2cc(cc(c2)[Si](C)(C)C)[Si](C)(C)C)c2cc(cc(c2)[Si](C)(C)C)[Si](C)(C)C)c1[S-])(c1cc(cc(c1)[Si](C)(C)C)[Si](C)(C)C)c1cc(cc(c1)[Si](C)(C)C)[Si](C)(C)C,"[70, 16]",[],1.591442451167237e-14
13,bottom,CC(C)(C)c1cc2c3cc(cc4c5cc(cc6c7cc(cc8c9cc(cc%10c%11cc(cc%12c(c1)c2c1c(c34)c(c56)c(c78)c(c9%10)c1c%11%12)C(C)(C)C)C(C)(C)C)C(C)(C)C)C(C)(C)C)P(c1cc2c3cc(cc4c5cc(cc6c7cc(cc8c9cc(cc%10c%11cc(cc%12c(c1)c2c1c(c34)c(c56)c(c78)c(c9%10)c1c%11%12)C(C)(C)C)C(C)(C)C)C(C)(C)C)C(C)(C)C)C(C)(C)C)c1cc2c3cc(cc4c5cc(cc6c7cc(cc8c9cc(cc%10c%11cc(cc%12c(c1)c2c1c(c34)c(c56)c(c78)c(c9%10)c1c%11%12)C(C)(C)C)C(C)(C)C)C(C)(C)C)C(C)(C)C)C(C)(C)C,[62],"[{'functional_group': 'carboxyl', 'smiles_inds': [69]}]",6.191809814736678e-14
13,bottom,C[Si](C)(C)C(c1cc(C([Si](C)(C)C)[Si](C)(C)C)c([Se]c2ccccc2Sc2ccccc2Sc2ccccc2[Se]c2c(cc(cc2C([Si](C)(C)C)[Si](C)(C)C)C([Si](C)(C)C)[Si](C)(C)C)C([Si](C)(C)C)[Si](C)(C)C)c(c1)C([Si](C)(C)C)[Si](C)(C)C)[Si](C)(C)C,"[25, 32]","[{'functional_group': 'fluoro', 'smiles_inds': [83]}, {'functional_group': 'cyanimide', 'smiles_inds': [82]}]",2.3270372096612363e-12
13,bottom,CC(C)(C)c1cc2c(OP(Oc3c2cc(cc3C(C)(C)C)C(C)(C)C)O[Si]2(O[Si]3(O[Si](OP4Oc5c(cc(cc5C(C)(C)C)C(C)(C)C)c5cc(cc(c5O4)C(C)(C)C)C(C)(C)C)(O[Si]4(O[Si](O3)(O[Si](O2)(O[Si](O4)(O[Si](C)(c2ccccc2)c2ccccc2)C2CCCC2)C2CCCC2)C2CCCC2)C2CCCC2)C2CCCC2)C2CCCC2)C2CCCC2)c(c1)C(C)(C)C,"[9, 32]","[{'functional_group': '2-methylbenzoic_acid', 'smiles_inds': [104]}]",3.835783441681881e-12
13,bottom,C[Si](C)(C)C(c1cc(C([Si](C)(C)C)[Si](C)(C)C)c(Sc2ccccc2Sc2ccccc2Sc2ccccc2Sc2c(cc(cc2C([Si](C)(C)C)[Si](C)(C)C)C([Si](C)(C)C)[Si](C)(C)C)C([Si](C)(C)C)[Si](C)(C)C)c(c1)C([Si](C)(C)C)[Si](C)(C)C)[Si](C)(C)C,"[25, 32]",[],4.2887446708229266e-12
13,bottom,CC(C)(C)c1cc2c(OP(Oc3c2cc(cc3C(C)(C)C)C(C)(C)C)O[Si]2(O[Si]3(O[Si](OP4Oc5c(cc(cc5C(C)(C)C)C(C)(C)C)c5cc(cc(c5O4)C(C)(C)C)C(C)(C)C)(O[Si]4(O[Si](O3)(O[Si](O2)(O[Si](O4)(O[Si](C)(c2ccccc2)c2ccccc2)C2CCCC2)C2CCCC2)C2CCCC2)C2CCCC2)C2CCCC2)C2CCCC2)C2CCCC2)c(c1)C(C)(C)C,"[9, 32]","[{'functional_group': 'carboxylate', 'smiles_inds': [45]}]",2.647416896754019e-11
13,bottom,CC(C)(C)[Si]([SiH]1[Si]2(CC[Si]3(OCCOCCOCCOCCOCCO3)[Si]12[Si](C(C)(C)C)(C(C)(C)C)C(C)(C)C)[Si](C(C)(C)C)(C(C)(C)C)C(C)(C)C)(C(C)(C)C)C(C)(C)C,"[22, 19, 16]","[{'functional_group': 'fluoro', 'smiles_inds': [42]}]",6.486634698210544e-11
13,bottom,FC(F)(F)C(F)(F)C(F)(F)C(F)(F)C(F)(F)C(F)(F)c1ccc(cc1)P(CCP(c1ccc(cc1)C(F)(F)C(F)(F)C(F)(F)C(F)(F)C(F)(F)C(F)(F)F)c1ccc(cc1)C(F)(F)C(F)(F)C(F)(F)C(F)(F)C(F)(F)C(F)(F)F)c1ccc(cc1)C(F)(F)C(F)(F)C(F)(F)C(F)(F)C(F)(F)C(F)(F)F,"[25, 28]","[{'functional_group': 'trifluro', 'smiles_inds': [58]}, {'functional_group': 'iodo', 'smiles_inds': [26]}]",1.1872578832317942e-10
13,bottom,CC1=C(C)C[Ge]2([Ge]([Ge]2(C1)[Si](C(C)(C)C)(C(C)(C)C)C(C)(C)C)[Si](C(C)(C)C)(C(C)(C)C)C(C)(C)C)[Si](C(C)(C)C)(C(C)(C)C)C(C)(C)C,[6],[],1.1938087277469282e-10
13,bottom,FC(F)(F)C(F)(F)C(F)(F)C(F)(F)C(F)(F)C(F)(F)c1ccc(cc1)P(CCP(c1ccc(cc1)C(F)(F)C(F)(F)C(F)(F)C(F)(F)C(F)(F)C(F)(F)F)c1ccc(cc1)C(F)(F)C(F)(F)C(F)(F)C(F)(F)C(F)(F)C(F)(F)F)c1ccc(cc1)C(F)(F)C(F)(F)C(F)(F)C(F)(F)C(F)(F)C(F)(F)F,"[25, 28]",[],1.4263571213980246e-10
13,bottom,CC(C)(C)c1cc2c(OP(OC3C(CO[Si](c4ccccc4)(c4ccccc4)C(C)(C)C)OC(CO[Si](c4ccccc4)(c4ccccc4)C(C)(C)C)C3OP3Oc4c(cc(cc4C(C)(C)C)C(C)(C)C)c4cc(cc(c4O3)C(C)(C)C)C(C)(C)C)Oc3c2cc(cc3C(C)(C)C)C(C)(C)C)c(c1)C(C)(C)C,"[9, 55]","[{'functional_group': 'ethyl', 'smiles_inds': [48]}]",1.4385209041455878e-10
13,bottom,FC(F)(F)C(F)(F)C(F)(F)C(F)(F)C(F)(F)C(F)(F)c1ccc(cc1)P(CCP(c1ccc(cc1)C(F)(F)C(F)(F)C(F)(F)C(F)(F)C(F)(F)C(F)(F)F)c1ccc(cc1)C(F)(F)C(F)(F)C(F)(F)C(F)(F)C(F)(F)C(F)(F)F)c1ccc(cc1)C(F)(F)C(F)(F)C(F)(F)C(F)(F)C(F)(F)C(F)(F)F,"[25, 28]","[{'functional_group': 'aldehyde', 'smiles_inds': [24]}, {'functional_group': 'thiol', 'smiles_inds': [80]}]",1.8155176646468485e-10
13,bottom,FC(F)(F)C(F)(F)C(F)(F)C(F)(F)C(F)(F)C(F)(F)C(F)(F)C(F)(F)CCCP(CCCC(F)(F)C(F)(F)C(F)(F)C(F)(F)C(F)(F)C(F)(F)C(F)(F)C(F)(F)F)CCCC(F)(F)C(F)(F)C(F)(F)C(F)(F)C(F)(F)C(F)(F)C(F)(F)C(F)(F)F,[28],"[{'functional_group': 'ether', 'smiles_inds': [58]}, {'functional_group': 'thiol', 'smiles_inds': [29]}]",2.2389238862993172e-10
13,bottom,CC(C)(C)P(CCCP(CCCP(C(C)(C)C)C(C)(C)C)CCCP(C(C)(C)C)C(C)(C)C)C(C)(C)C,"[4, 8, 12]","[{'functional_group': 'amide', 'smiles_inds': [27]}]",2.475313248276047e-10
13,bottom,N=P(c1ccccc1c1cc(cc(c1)c1ccccc1P(=[N-])(C12CC3CC(CC(C3)C1)C2)C12CC3CC(CC(C3)C1)C2)c1ccccc1P(=[N-])(C12CC3CC(CC(C3)C1)C2)C12CC3CC(CC(C3)C1)C2)(C12CC3CC(CC(C3)C1)C2)C12CC3CC(CC(C3)C1)C2,"[0, 21, 49]","[{'functional_group': 'hydroxyl', 'smiles_inds': [73]}, {'functional_group': 'amide', 'smiles_inds': [61]}]",2.6000369397693454e-10
13,bottom,CC(C)(C)P(CCCP(CCCP(C(C)(C)C)C(C)(C)C)CCCP(C(C)(C)C)C(C)(C)C)C(C)(C)C,"[4, 8, 12]","[{'functional_group': 'methyl_ester', 'smiles_inds': [26]}]",3.6675572722550314e-10
13,bottom,CC(C)c1cccc(C(C)C)c1c1cc(NCCN(CCNc2cc(cc(c2)c2c(cccc2C(C)C)C(C)C)c2c(cccc2C(C)C)C(C)C)CCNc2cc(cc(c2)c2c(cccc2C(C)C)C(C)C)c2c(cccc2C(C)C)C(C)C)cc(c1)c1c(cccc1C(C)C)C(C)C,"[18, 15, 21]","[{'functional_group': '2-methylbenzoic_acid', 'smiles_inds': [2]}]",6.681492818921007e-10
13,bottom,C[Si]([Ge]1[Si]2([Ge]([Si]12[Si](C)(C(C)(C)C)C(C)(C)C)[Si](C)(C(C)(C)C)C(C)(C)C)[Si](C)(C(C)(C)C)C(C)(C)C)(C(C)(C)C)C(C)(C)C,"[2, 4]","[{'functional_group': 'phosphonate', 'smiles_inds': [25]}, {'functional_group': 'amide', 'smiles_inds': [14]}]",7.297798904696511e-10
13,bottom,CC(C)(C)P(CCCP(CCCP(C(C)(C)C)C(C)(C)C)CCCP(C(C)(C)C)C(C)(C)C)C(C)(C)C,"[4, 8, 12]","[{'functional_group': 'chloro', 'smiles_inds': [21]}]",7.49716726302277e-10
13,bottom,CC(C)(C)[Si](C)([Si]12[Ge][Si]1([Si](C)(C(C)(C)C)C(C)(C)C)[Si]2([Si](C)(C(C)(C)C)C(C)(C)C)[Si](C)(C(C)(C)C)C(C)(C)C)C(C)(C)C,[7],[],1.1872878487745122e-09
13,median,[NH3+]C12C[NH2+]CC[NH2+]CC(C)(CNCC[NH2+]C1)CSCCNC2,"[17, 6, 11, 20, 3, 14]","[{'functional_group': 'ethyl', 'smiles_inds': [0]}, {'functional_group': 'tribromo', 'smiles_inds': [5]}, {'functional_group': 'carboxyl', 'smiles_inds': [19]}, {'functional_group': 'carboxyl', 'smiles_inds': [18]}, {'functional_group': 'cyano', 'smiles_inds': [9]}, {'functional_group': '2-methylbenzoic_acid', 'smiles_inds': [21]}, {'functional_group': 'carboxyllic_acid', 'smiles_inds': [7]}, {'functional_group': 'carboxylate', 'smiles_inds': [4]}]",0.4635446788710048
13,median,c1ccc(cc1)N=Nc1ccncc1,[11],[],0.4635455627944946
13,median,Cc1cccc(C)c1NCCN(Cc1ccccn1)Cc1ccccn1,"[18, 11, 25]",[],0.46358211349502204
13,median,COc1ccccc1c1ccc2ccc3cccnc3c2n1,"[21, 18]","[{'functional_group': 'fluoro', 'smiles_inds': [16]}, {'functional_group': '2-hydroxypyridine', 'smiles_inds': [17]}]",0.4635945012988116
13,median,OC(=O)CSCCSCC(=O)[O-],"[7, 4]","[{'functional_group': '2-methylbenzoic_acid', 'smiles_inds': [5]}]",0.4635984778421894
13,median,[O-]c1cccc2ccc(nc12)C([O-])(c1ccccc1)c1ccccc1,"[0, 12, 9]",[],0.46361572181452954
13,median,Nc1c(N)c2ccccc2c2ccccc12,"[3, 0]",[],0.4636183085209757
13,median,CN(C)CCCN=Cc1cc(Cl)ccc1[O-],"[15, 6, 1]","[{'functional_group': 'hydroxyl', 'smiles_inds': [4]}, {'functional_group': 'carboxyl', 'smiles_inds': [2]}, {'functional_group': 'chloro', 'smiles_inds': [12]}]",0.4636191129287816
13,median,NC(=O)c1ccc(cc1)C#N,[10],"[{'functional_group': 'tribromo', 'smiles_inds': [5]}, {'functional_group': 'methyl_ester', 'smiles_inds': [0]}]",0.46364072157990893
13,median,O=C(NC1COC(=O)C(COC(=O)C(COC1=O)NC(=O)c1ccc2cccnc2c1[O-])NC(=O)c1ccc2cccnc2c1[O-])c1ccc2cccnc2c1[O-],"[56, 42, 53, 28, 31, 45]","[{'functional_group': 'iodo', 'smiles_inds': [18]}]",0.46366398095394595
13,median,[O-]c1ccc2ccccc2c1C=NCCCNCCNCCCN=Cc1c([O-])ccc2ccccc12,"[0, 27, 12, 16, 19, 23]","[{'functional_group': 'methyl', 'smiles_inds': [6]}, {'functional_group': 'cyano', 'smiles_inds': [21]}, {'functional_group': '2-methylbenzoic_acid', 'smiles_inds': [5]}]",0.4636659367892659
13,median,Cc1ccc(cc1)C(=O)NN,"[10, 8]",[],0.46368805878049024
13,median,C(N1C=NN=N1)N1N=CN=N1,[3],"[{'functional_group': 'ethyl', 'smiles_inds': [2]}]",0.4636960031323324
13,median,CN(C([C-]=O)c1ccc(C)cc1)C(=O)c1ccccc1,"[13, 3]","[{'functional_group': 'cyanimide', 'smiles_inds': [16]}, {'functional_group': 'carboxylate', 'smiles_inds': [18]}]",0.4637289054387302
13,median,C(N1C=NC=N1)c1cccc(CN2C=NC=N2)[c-]1,"[5, 16, 17]",[],0.4638340126172783
13,median,Cc1ccc(cc1)C1=C2C=CC(=N2)C2=CC=C(N2)C(C)(C)C2=CC=C(N2)C2=NC(=C(c3ccc(C)cc3)C3=CC=C1[N-]3)C=C2,"[27, 41, 12]",[],0.46391394645732986
13,median,CC(C)N(C)C(C)c1cccc[c-]1,"[3, 12]","[{'functional_group': 'methyl_ester', 'smiles_inds': [2]}]",0.4640049406459154
13,median,Brc1cc(Br)cc(c1)C1=N[N-]C(=N1)c1ccccn1,"[10, 18]","[{'functional_group': 'ethyl', 'smiles_inds': [17]}, {'functional_group': '2-methylbenzoic_acid', 'smiles_inds': [16]}, {'functional_group': 'carboxyllic_acid', 'smiles_inds': [14]}]",0.4640134189349922
13,median,CC(N1C=CC=N1)(N1C=CC=N1)C1=CC(=O)C=CC1=O,"[11, 6]","[{'functional_group': 'amino', 'smiles_inds': [16]}]",0.46405119410844087
13,median,Fc1ccccc1C[NH2+]Cc1cc(Cl)c2cccnc2c1[O-],"[21, 18]",[],0.4641087838184468
13,top,c1cnc(nc1)c1nc(nc(n1)c1ncccn1)c1ncccn1,"[2, 7, 19]","[{'functional_group': 'tribromo', 'smiles_inds': [16]}]",0.99983709230681
13,top,c1cnc(nc1)c1nc(nc(n1)c1ncccn1)c1ncccn1,"[2, 7, 19]","[{'functional_group': 'carbonyl', 'smiles_inds': [1]}]",0.9998374212373876
13,top,c1cnc(nc1)c1nc(nc(n1)c1ncccn1)c1ncccn1,"[2, 7, 19]","[{'functional_group': 'carbonyl', 'smiles_inds': [14]}]",0.9998374212373876
13,top,c1cnc(nc1)c1nc(nc(n1)c1ncccn1)c1ncccn1,"[2, 7, 19]","[{'functional_group': 'carbonyl', 'smiles_inds': [22]}]",0.9998374212373876
13,top,c1cnc(nc1)c1nc(nc(n1)c1ncccn1)c1ncccn1,"[2, 7, 19]","[{'functional_group': '2-hydroxypyridine', 'smiles_inds': [5]}, {'functional_group': 'tribromo', 'smiles_inds': [15]}]",0.9998449618021881
13,top,c1cnc(nc1)c1nc(nc(n1)c1ncccn1)c1ncccn1,"[2, 7, 19]","[{'functional_group': 'carbonyl', 'smiles_inds': [15]}, {'functional_group': 'iodo', 'smiles_inds': [22]}, {'functional_group': '2-hydroxypyridine', 'smiles_inds': [20]}]",0.9998526666801402
13,top,c1cnc(nc1)c1nc(nc(n1)c1ncccn1)c1ncccn1,"[2, 7, 19]","[{'functional_group': 'carbonyl', 'smiles_inds': [15]}, {'functional_group': 'iodo', 'smiles_inds': [22]}, {'functional_group': 'tribromo', 'smiles_inds': [20]}]",0.9998538350549433
13,top,c1cnc(nc1)c1nc(nc(n1)c1ncccn1)c1ncccn1,"[2, 7, 19]","[{'functional_group': 'thiol', 'smiles_inds': [15]}, {'functional_group': 'aldehyde', 'smiles_inds': [0]}]",0.9998543666980446
13,top,c1cnc(nc1)c1nc(nc(n1)c1ncccn1)c1ncccn1,"[2, 7, 19]","[{'functional_group': 'aldehyde', 'smiles_inds': [22]}]",0.9998545442858369
13,top,c1cnc(nc1)c1nc(nc(n1)c1ncccn1)c1ncccn1,"[2, 7, 19]","[{'functional_group': 'aldehyde', 'smiles_inds': [21]}]",0.9998629855698612
13,top,c1cnc(nc1)c1nc(nc(n1)c1ncccn1)c1ncccn1,"[2, 7, 19]","[{'functional_group': 'carbonyl', 'smiles_inds': [0]}, {'functional_group': 'aldehyde', 'smiles_inds': [20]}, {'functional_group': 'carbonyl', 'smiles_inds': [1]}]",0.9998653757872444
13,top,c1cnc(nc1)c1nc(nc(n1)c1ncccn1)c1ncccn1,"[2, 7, 19]","[{'functional_group': 'ketone', 'smiles_inds': [15]}]",0.9998712884781801
13,top,c1cnc(nc1)c1nc(nc(n1)c1ncccn1)c1ncccn1,"[2, 7, 19]","[{'functional_group': 'tribromo', 'smiles_inds': [20]}, {'functional_group': 'ketone', 'smiles_inds': [0]}]",0.9998946112548827
13,top,c1cnc(nc1)c1nc(nc(n1)c1ncccn1)c1ncccn1,"[2, 7, 19]","[{'functional_group': 'bromo', 'smiles_inds': [5]}, {'functional_group': 'carboxylate', 'smiles_inds': [16]}]",0.9999203603335821
13,top,c1cnc(nc1)c1nc(nc(n1)c1ncccn1)c1ncccn1,"[2, 7, 19]","[{'functional_group': 'carbonyl', 'smiles_inds': [15]}, {'functional_group': 'iodo', 'smiles_inds': [22]}, {'functional_group': 'carboxylate', 'smiles_inds': [16]}]",0.9999207447143105
13,top,c1cnc(nc1)c1nc(nc(n1)c1ncccn1)c1ncccn1,"[2, 7, 19]","[{'functional_group': 'carboxylate', 'smiles_inds': [5]}]",0.9999370116343804
13,top,c1cnc(nc1)c1nc(nc(n1)c1ncccn1)c1ncccn1,"[2, 7, 19]","[{'functional_group': 'carbonyl', 'smiles_inds': [15]}, {'functional_group': 'iodo', 'smiles_inds': [22]}, {'functional_group': 'amino', 'smiles_inds': [14]}, {'functional_group': 'carboxylate', 'smiles_inds': [0]}]",0.9999458436124171
13,top,c1cnc(nc1)c1nc(nc(n1)c1ncccn1)c1ncccn1,"[2, 7, 19]","[{'functional_group': 'carboxylate', 'smiles_inds': [0]}]",0.9999524273091996
13,top,c1cnc(nc1)c1nc(nc(n1)c1ncccn1)c1ncccn1,"[2, 7, 19]","[{'functional_group': 'carboxylate', 'smiles_inds': [15]}]",0.9999524273091996
13,top,c1cnc(nc1)c1nc(nc(n1)c1ncccn1)c1ncccn1,"[2, 7, 19]","[{'functional_group': 'carbonyl', 'smiles_inds': [15]}, {'functional_group': 'iodo', 'smiles_inds': [22]}, {'functional_group': 'carboxylate', 'smiles_inds': [0]}]",0.9999536082287059
14,bottom,C[Si](C)(CCC(F)(F)C(F)(F)C(F)(F)C(F)(F)C(F)(F)C(F)(F)F)c1ccc(cc1)P(CCP(c1ccc(cc1)[Si](C)(C)CCC(F)(F)C(F)(F)C(F)(F)C(F)(F)C(F)(F)C(F)(F)F)c1ccc(cc1)[Si](C)(C)CCC(F)(F)C(F)(F)C(F)(F)C(F)(F)C(F)(F)C(F)(F)F)c1ccc(cc1)[Si](C)(C)CCC(F)(F)C(F)(F)C(F)(F)C(F)(F)C(F)(F)C(F)(F)F,"[30, 33]","[{'functional_group': 'ethyl', 'smiles_inds': [25]}]",2.558216958542344e-16
14,bottom,CP(CCP(C)c1c(cc(cc1C([Si](C)(C)C)[Si](C)(C)C)C([Si](C)(C)C)([Si](C)(C)C)[Si](C)(C)C)C([Si](C)(C)C)[Si](C)(C)C)c1c(cc(cc1C([Si](C)(C)C)[Si](C)(C)C)C([Si](C)(C)C)([Si](C)(C)C)[Si](C)(C)C)C([Si-](C)C)[Si](C)(C)C,"[4, 72, 1]","[{'functional_group': 'hydroxyl', 'smiles_inds': [38]}, {'functional_group': 'amino', 'smiles_inds': [27]}]",2.88276149987568e-14
14,bottom,C[Si](C)(C)c1cc(cc(c1)[Si](C)(C)C)C(C(=O)Nc1cccc(NC(=O)C(c2cc(cc(c2)[Si](C)(C)C)[Si](C)(C)C)(c2cc(cc(c2)[Si](C)(C)C)[Si](C)(C)C)c2cc(cc(c2)[Si](C)(C)C)[Si](C)(C)C)c1[S-])(c1cc(cc(c1)[Si](C)(C)C)[Si](C)(C)C)c1cc(cc(c1)[Si](C)(C)C)[Si](C)(C)C,"[70, 16]","[{'functional_group': 'aldehyde', 'smiles_inds': [34]}]",3.294667335750197e-14
14,bottom,CC(C)(C)c1cc2c3cc(cc4c5cc(cc6c7cc(cc8c9cc(cc%10c%11cc(cc%12c(c1)c2c1c(c34)c(c56)c(c78)c(c9%10)c1c%11%12)C(C)(C)C)C(C)(C)C)C(C)(C)C)C(C)(C)C)P(c1cc2c3cc(cc4c5cc(cc6c7cc(cc8c9cc(cc%10c%11cc(cc%12c(c1)c2c1c(c34)c(c56)c(c78)c(c9%10)c1c%11%12)C(C)(C)C)C(C)(C)C)C(C)(C)C)C(C)(C)C)C(C)(C)C)c1cc2c3cc(cc4c5cc(cc6c7cc(cc8c9cc(cc%10c%11cc(cc%12c(c1)c2c1c(c34)c(c56)c(c78)c(c9%10)c1c%11%12)C(C)(C)C)C(C)(C)C)C(C)(C)C)C(C)(C)C)C(C)(C)C,[62],"[{'functional_group': 'chloro', 'smiles_inds': [182]}, {'functional_group': '2-methylbenzoic_acid', 'smiles_inds': [134]}]",3.4024078978628736e-14
14,bottom,FC(F)(F)C(F)(F)C(F)(F)C(F)(F)C(F)(F)C(F)(F)C(F)(F)C(F)(F)CCP(CCC(F)(F)C(F)(F)C(F)(F)C(F)(F)C(F)(F)C(F)(F)C(F)(F)C(F)(F)F)Cc1cccc(CP(CCC(F)(F)C(F)(F)C(F)(F)C(F)(F)C(F)(F)C(F)(F)C(F)(F)C(F)(F)F)CCC(F)(F)C(F)(F)C(F)(F)C(F)(F)C(F)(F)C(F)(F)C(F)(F)C(F)(F)F)[c-]1,"[27, 62, 117]","[{'functional_group': 'ethyl', 'smiles_inds': [25]}]",8.64133210392903e-14
14,bottom,C[Si](C)(C)C(c1cc(C([Si](C)(C)C)[Si](C)(C)C)c(Sc2ccccc2[Se]c2ccccc2[Se]c2ccccc2Sc2c(cc(cc2C([Si](C)(C)C)[Si](C)(C)C)C([Si](C)(C)C)[Si](C)(C)C)C([Si](C)(C)C)[Si](C)(C)C)c(c1)C([Si](C)(C)C)[Si](C)(C)C)[Si](C)(C)C,"[25, 32]","[{'functional_group': 'amide', 'smiles_inds': [3]}, {'functional_group': 'methyl_ester', 'smiles_inds': [28]}, {'functional_group': 'methyl_ester', 'smiles_inds': [4]}]",1.604938416525026e-12
14,bottom,C[Si](C)(C)C(c1cc(C([Si](C)(C)C)[Si](C)(C)C)c([Se]c2ccccc2[Se]c2ccccc2[Se]c2ccccc2[Se]c2c(cc(cc2C([Si](C)(C)C)[Si](C)(C)C)C([Si](C)(C)C)[Si](C)(C)C)C([Si](C)(C)C)[Si](C)(C)C)c(c1)C([Si](C)(C)C)[Si](C)(C)C)[Si](C)(C)C,"[25, 32]","[{'functional_group': 'methyl', 'smiles_inds': [61]}, {'functional_group': 'trifluro', 'smiles_inds': [27]}]",3.5117502633567426e-12
14,bottom,C[Si](C)(C)C(c1cc(C([Si](C)(C)C)[Si](C)(C)C)c(Sc2ccccc2Sc2ccccc2Sc2ccccc2Sc2c(cc(cc2C([Si](C)(C)C)[Si](C)(C)C)C([Si](C)(C)C)[Si](C)(C)C)C([Si](C)(C)C)[Si](C)(C)C)c(c1)C([Si](C)(C)C)[Si](C)(C)C)[Si](C)(C)C,"[25, 32]",[],5.076579349984891e-12
14,bottom,C[Si](C)(C)C(c1cc(C([Si](C)(C)C)[Si](C)(C)C)c(Sc2ccccc2[Se]c2ccccc2[Se]c2ccccc2Sc2c(cc(cc2C([Si](C)(C)C)[Si](C)(C)C)C([Si](C)(C)C)[Si](C)(C)C)C([Si](C)(C)C)[Si](C)(C)C)c(c1)C([Si](C)(C)C)[Si](C)(C)C)[Si](C)(C)C,"[25, 32]",[],6.538801476833337e-12
14,bottom,CC(C)(C)[Si]([SiH]1[Si]2(CC[Si]3(OCCOCCOCCOCCOCCO3)[Si]12[Si](C(C)(C)C)(C(C)(C)C)C(C)(C)C)[Si](C(C)(C)C)(C(C)(C)C)C(C)(C)C)(C(C)(C)C)C(C)(C)C,"[22, 19, 16]",[],3.9389785219365375e-11
14,bottom,CCCCCC1c2cc3C(CCCCC)c4cc5C(CCCCC)c6cc7C(CCCCC)c8cc1c1OCOc2cc3OCOc4c(P(c2ccccc2)c2ccccc2)c5OCOc6cc7OCOc8c1OCc1cccc(COc2c3OCOc4cc5OCOc6c7cc8C(CCCCC)c9cc%10C(CCCCC)c(cc3C(CCCCC)c4cc5C7CCCCC)c2OCOc%10cc9OCOc8c6P(c2ccccc2)c2ccccc2)c1,"[48, 142]","[{'functional_group': 'methyl', 'smiles_inds': [58]}]",5.4440577543374924e-11
14,bottom,CC1=C(C)C[Ge]2([Ge]([Ge]2(C1)[Si](C(C)(C)C)(C(C)(C)C)C(C)(C)C)[Si](C(C)(C)C)(C(C)(C)C)C(C)(C)C)[Si](C(C)(C)C)(C(C)(C)C)C(C)(C)C,[6],[],5.994431702619069e-11
14,bottom,FC(F)(F)C(F)(F)C(F)(F)C(F)(F)C(F)(F)C(F)(F)c1ccc(cc1)P(CCP(c1ccc(cc1)C(F)(F)C(F)(F)C(F)(F)C(F)(F)C(F)(F)C(F)(F)F)c1ccc(cc1)C(F)(F)C(F)(F)C(F)(F)C(F)(F)C(F)(F)C(F)(F)F)c1ccc(cc1)C(F)(F)C(F)(F)C(F)(F)C(F)(F)C(F)(F)C(F)(F)F,"[25, 28]","[{'functional_group': 'fluoro', 'smiles_inds': [55]}]",1.6322951373693612e-10
14,bottom,C[Si](C)(C)c1cc(cc(c1)[Si](C)(C)C)P(c1cc(cc(c1)[Si](C)(C)C)[Si](C)(C)C)c1ccccc1P(c1cc(cc(c1)[Si](C)(C)C)[Si](C)(C)C)c1cc(cc(c1)[Si](C)(C)C)[Si](C)(C)C,"[35, 14]","[{'functional_group': 'carbonyl', 'smiles_inds': [16]}]",4.97453230423012e-10
14,bottom,FC(F)(F)C(F)(F)C(F)(F)C(F)(F)C(F)(F)C(F)(F)C(F)(F)C(F)(F)CCP(CCC(F)(F)C(F)(F)C(F)(F)C(F)(F)C(F)(F)C(F)(F)C(F)(F)C(F)(F)F)CCC(F)(F)C(F)(F)C(F)(F)C(F)(F)C(F)(F)C(F)(F)C(F)(F)C(F)(F)F,[27],"[{'functional_group': 'aldehyde', 'smiles_inds': [25]}]",5.843248420467077e-10
14,bottom,C1CCCP(CCCCCCC=CCCCCCCP(CCCCCCC=CCCCCCCP(CCCCCCC=CCC1)c1ccccc1)c1ccccc1)c1ccccc1,"[4, 34, 19]","[{'functional_group': 'ethyl', 'smiles_inds': [14]}]",7.468653668339797e-10
14,bottom,CC(C)(C)P(CCCP(CCCP(C(C)(C)C)C(C)(C)C)CCCP(C(C)(C)C)C(C)(C)C)C(C)(C)C,"[4, 8, 12]","[{'functional_group': '2-hydroxypyridine', 'smiles_inds': [0]}, {'functional_group': 'tribromo', 'smiles_inds': [35]}]",7.970241599362835e-10
14,bottom,C1CCC(CC1)B(CCCP(CCCB(C1CCCCC1)C1CCCCC1)CCP(CCCB(C1CCCCC1)C1CCCCC1)CCCB(C1CCCCC1)C1CCCCC1)C1CCCCC1,"[10, 29]","[{'functional_group': 'phosphonate', 'smiles_inds': [24]}, {'functional_group': 'trifluro', 'smiles_inds': [36]}]",9.307756661871666e-10
14,bottom,CC(C)c1cc(C(C)C)c(P(CCP(c2c(cc(cc2C(C)C)C(C)C)C(C)C)c2c(cc(cc2C(C)C)C(C)C)C(C)C)c2c(cc(cc2C(C)C)C(C)C)C(C)C)c(c1)C(C)C,"[10, 13]","[{'functional_group': 'carboxyl', 'smiles_inds': [18]}]",1.0197901946358056e-09
14,bottom,CCCOc1c2Cc3cc(cc(Cc4cccc(Cc5cc(cc(Cc1ccc2)c5OCCC)c1cccc(c1)c1cc2Cc5cccc(Cc6cc(cc(Cc7cccc(Cc(c1)c2OCCC)c7OCCC)c6OCCC)P(c1ccccc1)c1ccccc1)c5OCCC)c4OCCC)c3OCCC)P(c1ccccc1)c1ccccc1,"[107, 79]","[{'functional_group': 'bromo', 'smiles_inds': [95]}, {'functional_group': 'cyano', 'smiles_inds': [15]}]",1.259458949187401e-09
14,median,CC(C)(C)c1ccc(cc1)C1=N[N-]C(=N1)c1ccccn1,"[20, 12]","[{'functional_group': 'carboxyllic_acid', 'smiles_inds': [6]}, {'functional_group': 'methyl_ester', 'smiles_inds': [2]}, {'functional_group': 'chloro', 'smiles_inds': [5]}]",0.46711224103459115
14,median,Oc1ccc2ccccc2c1C=NCc1c[nH+]ccc1,[0],"[{'functional_group': 'fluoro', 'smiles_inds': [17]}]",0.4671401822262193
14,median,CC(C)(C)C1=CC(=C([O-])c2ccc(cc2)C#N)C(=C1)C(=O)c1ccc(cc1)C#N,"[8, 20]",[],0.4671753573756933
14,median,Cc1ccccc1N=Cc1c([O-])ccc2ccccc12,"[11, 7]",[],0.4671758189470492
14,median,CC(C)(C)c1ccc(cc1)C1=N[N-]C(=N1)c1ccccn1,"[20, 12]","[{'functional_group': 'methyl_ester', 'smiles_inds': [2]}, {'functional_group': '2-hydroxypyridine', 'smiles_inds': [6]}, {'functional_group': 'hydroxyl', 'smiles_inds': [5]}]",0.46723498001500297
14,median,Oc1cccc(CN2CCCCC2)n1,"[13, 7]",[],0.4672740654025084
14,median,CCOC(=O)c1cccc(n1)C1=Nc2ccccc2N1C,"[19, 4, 12]","[{'functional_group': 'carboxyl', 'smiles_inds': [15]}]",0.4672755318132854
14,median,CN(C)CCOc1cc([O-])c2C(=O)C=C(Oc2c1)c1ccccc1,"[9, 12]",[],0.46728210558833816
14,median,CC(C)C([O-])(c1ccccc1)c1ccccn1,"[4, 16]","[{'functional_group': 'methyl_ester', 'smiles_inds': [0]}]",0.46734321503069254
14,median,Fc1ccc(cc1)C(=O)N=C([S-])N1CCCCC1,"[11, 8]",[],0.46734534079745577
14,median,Fc1ccccc1c1nc2ccccc2cc1N=Cc1cc(Cl)cc(Cl)c1[O-],"[27, 17]","[{'functional_group': 'cyanimide', 'smiles_inds': [2]}, {'functional_group': 'thiol', 'smiles_inds': [15]}]",0.4673530044165609
14,median,CC1=NC(C(=C1)C)=C(C1=C(C)C=C(C)[N-]1)c1c(F)c(F)c(F)c(F)c1F,"[2, 14]",[],0.46736269686032333
14,median,COCCOC(NC1=Nc2cc(Cl)ccc2O1)c1cccc(c1)N(=O)=O,[8],"[{'functional_group': 'carboxylate', 'smiles_inds': [0]}]",0.46740795511221145
14,median,[NH3+]C(C)C1=NNC(=S)N1N,"[7, 9]","[{'functional_group': 'aldehyde', 'smiles_inds': [0]}, {'functional_group': 'trifluro', 'smiles_inds': [2]}, {'functional_group': 'carboxylate', 'smiles_inds': [5]}]",0.4674289974400709
14,median,Cc1ccc(cc1)N1C(=NN=C1c1ccc(C)cn1)c1ccccc1,"[10, 7]",[],0.46750152423459823
14,median,FC(F)(F)C1=CC(=C([N-]1)c1cccc(n1)c1ccccc1)C(F)(F)F,"[8, 14]",[],0.4675098564222922
14,median,NC1CCCCCC1,[0],[],0.46753126725873007
14,median,Cc1ccc2OC(=Nc2c1)c1cc(C)ccc1[O-],"[17, 7]","[{'functional_group': 'ethyl', 'smiles_inds': [9]}]",0.46757963960093635
14,median,CCNC(=O)C(=O)NCC,"[4, 6]","[{'functional_group': '2-hydroxypyridine', 'smiles_inds': [2]}, {'functional_group': 'trichloro', 'smiles_inds': [8]}]",0.46761467952938507
14,median,S1C=CC=C1C=NC(N=CC1=CC=CS1)C1=CC=CS1,"[6, 8]",[],0.4676219585080467
14,top,c1cnc(nc1)c1nc(nc(n1)c1ncccn1)c1ncccn1,"[2, 7, 19]","[{'functional_group': 'carbonyl', 'smiles_inds': [15]}, {'functional_group': 'iodo', 'smiles_inds': [22]}, {'functional_group': 'carboxylate', 'smiles_inds': [0]}, {'functional_group': 'bromo', 'smiles_inds': [14]}]",0.9999580335559722
14,top,c1cnc(nc1)c1nc(nc(n1)c1ncccn1)c1ncccn1,"[2, 7, 19]","[{'functional_group': 'carbonyl', 'smiles_inds': [15]}, {'functional_group': 'iodo', 'smiles_inds': [22]}, {'functional_group': 'carboxylate', 'smiles_inds': [0]}, {'functional_group': 'carboxyl', 'smiles_inds': [21]}]",0.9999590896922005
14,top,c1cnc(nc1)c1nc(nc(n1)c1ncccn1)c1ncccn1,"[2, 7, 19]","[{'functional_group': 'carboxylate', 'smiles_inds': [1]}]",0.9999593284108026
14,top,c1cnc(nc1)c1nc(nc(n1)c1ncccn1)c1ncccn1,"[2, 7, 19]","[{'functional_group': 'carbonyl', 'smiles_inds': [15]}, {'functional_group': 'iodo', 'smiles_inds': [22]}, {'functional_group': 'carboxylate', 'smiles_inds': [0]}, {'functional_group': 'fluoro', 'smiles_inds': [1]}]",0.9999610636554754
14,top,c1cnc(nc1)c1nc(nc(n1)c1ncccn1)c1ncccn1,"[2, 7, 19]","[{'functional_group': 'carbonyl', 'smiles_inds': [15]}, {'functional_group': 'iodo', 'smiles_inds': [22]}, {'functional_group': 'carboxylate', 'smiles_inds': [0]}, {'functional_group': 'fluoro', 'smiles_inds': [5]}]",0.9999610636554754
14,top,c1cnc(nc1)c1nc(nc(n1)c1ncccn1)c1ncccn1,"[2, 7, 19]","[{'functional_group': 'carbonyl', 'smiles_inds': [15]}, {'functional_group': 'iodo', 'smiles_inds': [22]}, {'functional_group': 'carboxylate', 'smiles_inds': [0]}, {'functional_group': 'ketone', 'smiles_inds': [21]}, {'functional_group': 'chloro', 'smiles_inds': [16]}]",0.9999615846043105
14,top,c1cnc(nc1)c1nc(nc(n1)c1ncccn1)c1ncccn1,"[2, 7, 19]","[{'functional_group': 'carbonyl', 'smiles_inds': [15]}, {'functional_group': 'iodo', 'smiles_inds': [22]}, {'functional_group': 'carboxylate', 'smiles_inds': [0]}, {'functional_group': 'carboxyllic_acid', 'smiles_inds': [16]}]",0.9999618875447677
14,top,c1cnc(nc1)c1nc(nc(n1)c1ncccn1)c1ncccn1,"[2, 7, 19]","[{'functional_group': 'carbonyl', 'smiles_inds': [15]}, {'functional_group': 'iodo', 'smiles_inds': [22]}, {'functional_group': 'carboxylate', 'smiles_inds': [0]}, {'functional_group': 'phosphonate', 'smiles_inds': [16]}]",0.9999641633395466
14,top,c1cnc(nc1)c1nc(nc(n1)c1ncccn1)c1ncccn1,"[2, 7, 19]","[{'functional_group': 'carbonyl', 'smiles_inds': [15]}, {'functional_group': 'iodo', 'smiles_inds': [22]}, {'functional_group': 'carboxylate', 'smiles_inds': [0]}, {'functional_group': 'trichloro', 'smiles_inds': [21]}]",0.9999666474251468
14,top,c1cnc(nc1)c1nc(nc(n1)c1ncccn1)c1ncccn1,"[2, 7, 19]","[{'functional_group': 'carbonyl', 'smiles_inds': [15]}, {'functional_group': 'iodo', 'smiles_inds': [22]}, {'functional_group': 'carboxylate', 'smiles_inds': [0]}, {'functional_group': 'ketone', 'smiles_inds': [16]}, {'functional_group': 'tribromo', 'smiles_inds': [5]}]",0.9999679846626804
14,top,c1cnc(nc1)c1nc(nc(n1)c1ncccn1)c1ncccn1,"[2, 7, 19]","[{'functional_group': 'carbonyl', 'smiles_inds': [15]}, {'functional_group': 'iodo', 'smiles_inds': [22]}, {'functional_group': 'carboxylate', 'smiles_inds': [0]}, {'functional_group': '2-hydroxypyridine', 'smiles_inds': [14]}, {'functional_group': '2-hydroxypyridine', 'smiles_inds': [5]}]",0.9999688733930745
14,top,c1cnc(nc1)c1nc(nc(n1)c1ncccn1)c1ncccn1,"[2, 7, 19]","[{'functional_group': 'carbonyl', 'smiles_inds': [15]}, {'functional_group': 'iodo', 'smiles_inds': [22]}, {'functional_group': 'carboxylate', 'smiles_inds': [0]}, {'functional_group': 'carbonyl', 'smiles_inds': [21]}]",0.9999699916205826
14,top,c1cnc(nc1)c1nc(nc(n1)c1ncccn1)c1ncccn1,"[2, 7, 19]","[{'functional_group': 'carbonyl', 'smiles_inds': [15]}, {'functional_group': 'iodo', 'smiles_inds': [22]}, {'functional_group': 'carboxylate', 'smiles_inds': [0]}, {'functional_group': 'carboxyl', 'smiles_inds': [20]}]",0.999974033606448
14,top,c1cnc(nc1)c1nc(nc(n1)c1ncccn1)c1ncccn1,"[2, 7, 19]","[{'functional_group': 'carbonyl', 'smiles_inds': [15]}, {'functional_group': 'iodo', 'smiles_inds': [22]}, {'functional_group': 'carboxylate', 'smiles_inds': [0]}, {'functional_group': 'aldehyde', 'smiles_inds': [16]}]",0.9999752386749685
14,top,c1cnc(nc1)c1nc(nc(n1)c1ncccn1)c1ncccn1,"[2, 7, 19]","[{'functional_group': 'carbonyl', 'smiles_inds': [15]}, {'functional_group': 'iodo', 'smiles_inds': [22]}, {'functional_group': 'carboxylate', 'smiles_inds': [0]}, {'functional_group': '2-hydroxypyridine', 'smiles_inds': [5]}, {'functional_group': 'carboxyllic_acid', 'smiles_inds': [20]}, {'functional_group': 'tribromo', 'smiles_inds': [1]}]",0.9999779503375014
14,top,c1cnc(nc1)c1nc(nc(n1)c1ncccn1)c1ncccn1,"[2, 7, 19]","[{'functional_group': 'carbonyl', 'smiles_inds': [15]}, {'functional_group': 'iodo', 'smiles_inds': [22]}, {'functional_group': 'carboxylate', 'smiles_inds': [0]}, {'functional_group': 'carboxylate', 'smiles_inds': [14]}, {'functional_group': 'cyano', 'smiles_inds': [21]}]",0.9999833287294144
14,top,c1cnc(nc1)c1nc(nc(n1)c1ncccn1)c1ncccn1,"[2, 7, 19]","[{'functional_group': 'carbonyl', 'smiles_inds': [15]}, {'functional_group': 'iodo', 'smiles_inds': [22]}, {'functional_group': 'carboxylate', 'smiles_inds': [0]}, {'functional_group': 'carboxylate', 'smiles_inds': [5]}]",0.9999885298034078
14,top,c1cnc(nc1)c1nc(nc(n1)c1ncccn1)c1ncccn1,"[2, 7, 19]","[{'functional_group': 'carbonyl', 'smiles_inds': [15]}, {'functional_group': 'iodo', 'smiles_inds': [22]}, {'functional_group': 'carboxylate', 'smiles_inds': [0]}, {'functional_group': 'carboxylate', 'smiles_inds': [14]}]",0.9999887155660783
14,top,c1cnc(nc1)c1nc(nc(n1)c1ncccn1)c1ncccn1,"[2, 7, 19]","[{'functional_group': 'carboxylate', 'smiles_inds': [22]}, {'functional_group': 'carboxylate', 'smiles_inds': [0]}]",0.999990376111255
14,top,c1cnc(nc1)c1nc(nc(n1)c1ncccn1)c1ncccn1,"[2, 7, 19]","[{'functional_group': 'carbonyl', 'smiles_inds': [15]}, {'functional_group': 'iodo', 'smiles_inds': [22]}, {'functional_group': 'carboxylate', 'smiles_inds': [0]}, {'functional_group': 'carboxylate', 'smiles_inds': [5]}, {'functional_group': 'cyano', 'smiles_inds': [20]}, {'functional_group': 'carboxylate', 'smiles_inds': [21]}]",0.9999954074125189
15,bottom,C[Si](C)(C)c1cc(cc(c1)[Si](C#CP(C#C[Si](c1cc(cc(c1)[Si](C)(C)C)[Si](C)(C)C)(c1cc(cc(c1)[Si](C)(C)C)[Si](C)(C)C)c1cc(cc(c1)[Si](C)(C)C)[Si](C)(C)C)C#C[Si](c1cc(cc(c1)[Si](C)(C)C)[Si](C)(C)C)(c1cc(cc(c1)[Si](C)(C)C)[Si](C)(C)C)c1cc(cc(c1)[Si](C)(C)C)[Si](C)(C)C)(c1cc(cc(c1)[Si](C)(C)C)[Si](C)(C)C)c1cc(cc(c1)[Si](C)(C)C)[Si](C)(C)C)[Si](C)(C)C,[13],"[{'functional_group': '2-hydroxypyridine', 'smiles_inds': [116]}]",1.2541572518447896e-19
15,bottom,C[Si](C)(CCC(F)(F)C(F)(F)C(F)(F)C(F)(F)C(F)(F)C(F)(F)F)c1ccc(cc1)P(CCP(c1ccc(cc1)[Si](C)(C)CCC(F)(F)C(F)(F)C(F)(F)C(F)(F)C(F)(F)C(F)(F)F)c1ccc(cc1)[Si](C)(C)CCC(F)(F)C(F)(F)C(F)(F)C(F)(F)C(F)(F)C(F)(F)F)c1ccc(cc1)[Si](C)(C)CCC(F)(F)C(F)(F)C(F)(F)C(F)(F)C(F)(F)C(F)(F)F,"[30, 33]","[{'functional_group': '2-methylbenzoic_acid', 'smiles_inds': [71]}, {'functional_group': 'carbonyl', 'smiles_inds': [65]}]",3.020277973587488e-16
15,bottom,C[Si](C)(CCC(F)(F)C(F)(F)C(F)(F)C(F)(F)C(F)(F)C(F)(F)F)c1ccc(cc1)P(CCP(c1ccc(cc1)[Si](C)(C)CCC(F)(F)C(F)(F)C(F)(F)C(F)(F)C(F)(F)C(F)(F)F)c1ccc(cc1)[Si](C)(C)CCC(F)(F)C(F)(F)C(F)(F)C(F)(F)C(F)(F)C(F)(F)F)c1ccc(cc1)[Si](C)(C)CCC(F)(F)C(F)(F)C(F)(F)C(F)(F)C(F)(F)C(F)(F)F,"[30, 33]","[{'functional_group': 'amide', 'smiles_inds': [102]}]",3.5788280228429077e-16
15,bottom,C[Si](C)(C)C(c1cc(C([Si](C)(C)C)[Si](C)(C)C)c(Sc2ccccc2Sc2ccccc2Sc2ccccc2Sc2c(cc(cc2C([Si](C)(C)C)[Si](C)(C)C)C([Si](C)(C)C)[Si](C)(C)C)C([Si](C)(C)C)[Si](C)(C)C)c(c1)C([Si](C)(C)C)[Si](C)(C)C)[Si](C)(C)C,"[25, 32]","[{'functional_group': 'thiol', 'smiles_inds': [30]}, {'functional_group': 'trifluro', 'smiles_inds': [34]}]",1.239578424174084e-12
15,bottom,C[Si](C)(C)C(c1cc(C([Si](C)(C)C)[Si](C)(C)C)c([Se]c2ccccc2Sc2ccccc2Sc2ccccc2[Se]c2c(cc(cc2C([Si](C)(C)C)[Si](C)(C)C)C([Si](C)(C)C)[Si](C)(C)C)C([Si](C)(C)C)[Si](C)(C)C)c(c1)C([Si](C)(C)C)[Si](C)(C)C)[Si](C)(C)C,"[25, 32]",[],2.447302678163744e-12
15,bottom,C[Si](C)(C)C(c1cc(C([Si](C)(C)C)[Si](C)(C)C)c(Sc2ccccc2Sc2ccccc2Sc2ccccc2Sc2c(cc(cc2C([Si](C)(C)C)[Si](C)(C)C)C([Si](C)(C)C)[Si](C)(C)C)C([Si](C)(C)C)[Si](C)(C)C)c(c1)C([Si](C)(C)C)[Si](C)(C)C)[Si](C)(C)C,"[25, 32]","[{'functional_group': 'carbonyl', 'smiles_inds': [37]}]",3.0247380966422263e-12
15,bottom,CC1=C(C)C[Ge]2([Ge]([Ge]2(C1)[Si](C(C)(C)C)(C(C)(C)C)C(C)(C)C)[Si](C(C)(C)C)(C(C)(C)C)C(C)(C)C)[Si](C(C)(C)C)(C(C)(C)C)C(C)(C)C,[6],"[{'functional_group': 'trifluro', 'smiles_inds': [12]}, {'functional_group': 'ketone', 'smiles_inds': [16]}]",8.262738026649413e-12
15,bottom,CC(C)(C)[Si]([SiH]1[Si]2(CC[Si]3(OCCOCCOCCOCCOCCO3)[Si]12[Si](C(C)(C)C)(C(C)(C)C)C(C)(C)C)[Si](C(C)(C)C)(C(C)(C)C)C(C)(C)C)(C(C)(C)C)C(C)(C)C,"[22, 19, 16]","[{'functional_group': 'ethyl', 'smiles_inds': [12]}]",9.280102472784357e-12
15,bottom,CC1=C(C)C[Ge]2([Ge]([Ge]2(C1)[Si](C(C)(C)C)(C(C)(C)C)C(C)(C)C)[Si](C(C)(C)C)(C(C)(C)C)C(C)(C)C)[Si](C(C)(C)C)(C(C)(C)C)C(C)(C)C,[6],"[{'functional_group': 'trifluro', 'smiles_inds': [4]}]",1.0154618329211118e-11
15,bottom,CC1=C(C)C[Ge]2([Ge]([Ge]2(C1)[Si](C(C)(C)C)(C(C)(C)C)C(C)(C)C)[Si](C(C)(C)C)(C(C)(C)C)C(C)(C)C)[Si](C(C)(C)C)(C(C)(C)C)C(C)(C)C,[6],[],2.6846577570121963e-11
15,bottom,C[Si](C)(C)C(c1cc(C([Si](C)(C)C)[Si](C)(C)C)c(Sc2ccccc2[Se]c2ccccc2[Se]c2ccccc2Sc2c(cc(cc2C([Si](C)(C)C)[Si](C)(C)C)C([Si](C)(C)C)[Si](C)(C)C)C([Si](C)(C)C)[Si](C)(C)C)c(c1)C([Si](C)(C)C)[Si](C)(C)C)[Si](C)(C)C,"[25, 32]","[{'functional_group': 'aldehyde', 'smiles_inds': [20]}, {'functional_group': 'carboxylate', 'smiles_inds': [62]}]",2.8864895577746017e-11
15,bottom,CC1=C(C)C[Ge]2([Ge]([Ge]2(C1)[Si](C(C)(C)C)(C(C)(C)C)C(C)(C)C)[Si](C(C)(C)C)(C(C)(C)C)C(C)(C)C)[Si](C(C)(C)C)(C(C)(C)C)C(C)(C)C,[6],"[{'functional_group': 'bromo', 'smiles_inds': [17]}]",4.316645844980281e-11
15,bottom,FC(F)(F)C(F)(F)C(F)(F)C(F)(F)C(F)(F)C(F)(F)C(F)(F)C(F)(F)CCCP(CCCC(F)(F)C(F)(F)C(F)(F)C(F)(F)C(F)(F)C(F)(F)C(F)(F)C(F)(F)F)CCCC(F)(F)C(F)(F)C(F)(F)C(F)(F)C(F)(F)C(F)(F)C(F)(F)C(F)(F)F,[28],[],1.4185409376794798e-10
15,bottom,C[Si]([Ge]1[Si]2([Ge]([Si]12[Si](C)(C(C)(C)C)C(C)(C)C)[Si](C)(C(C)(C)C)C(C)(C)C)[Si](C)(C(C)(C)C)C(C)(C)C)(C(C)(C)C)C(C)(C)C,"[2, 4]","[{'functional_group': 'hydroxyl', 'smiles_inds': [19]}, {'functional_group': 'trifluro', 'smiles_inds': [14]}]",1.5414802291676793e-10
15,bottom,C[Si]([Ge]1[Si]2([Ge]([Si]12[Si](C)(C(C)(C)C)C(C)(C)C)[Si](C)(C(C)(C)C)C(C)(C)C)[Si](C)(C(C)(C)C)C(C)(C)C)(C(C)(C)C)C(C)(C)C,"[2, 4]","[{'functional_group': 'methyl_ester', 'smiles_inds': [15]}]",2.1443733458497772e-10
15,bottom,FC(F)(F)C(F)(F)C(F)(F)C(F)(F)C(F)(F)C(F)(F)c1ccc(cc1)P(CCP(c1ccc(cc1)C(F)(F)C(F)(F)C(F)(F)C(F)(F)C(F)(F)C(F)(F)F)c1ccc(cc1)C(F)(F)C(F)(F)C(F)(F)C(F)(F)C(F)(F)C(F)(F)F)c1ccc(cc1)C(F)(F)C(F)(F)C(F)(F)C(F)(F)C(F)(F)C(F)(F)F,"[25, 28]",[],2.16611859487151e-10
15,bottom,CCCOc1c2Cc3cc(cc(Cc4cccc(Cc5cc(cc(Cc1ccc2)c5OCCC)c1cccc(c1)c1cc2Cc5cccc(Cc6cc(cc(Cc7cccc(Cc(c1)c2OCCC)c7OCCC)c6OCCC)P(c1ccccc1)c1ccccc1)c5OCCC)c4OCCC)c3OCCC)P(c1ccccc1)c1ccccc1,"[107, 79]","[{'functional_group': 'phenyl', 'smiles_inds': [58]}]",2.638295040882286e-10
15,bottom,FC(F)(F)C(F)(F)C(F)(F)C(F)(F)C(F)(F)C(F)(F)C(F)(F)C(F)(F)c1cc(cc(c1)C(F)(F)C(F)(F)C(F)(F)C(F)(F)C(F)(F)C(F)(F)C(F)(F)C(F)(F)F)c1cccc(c2cc(cc(c2)C(F)(F)C(F)(F)C(F)(F)C(F)(F)C(F)(F)C(F)(F)C(F)(F)C(F)(F)F)C(F)(F)C(F)(F)C(F)(F)C(F)(F)C(F)(F)C(F)(F)C(F)(F)C(F)(F)F)c1N=Cc1cc(I)cc(I)c1[O-],"[118, 128]","[{'functional_group': 'fluoro', 'smiles_inds': [28]}]",3.331387442617007e-10
15,bottom,C[Si]([Ge]1[Si]2([Ge]([Si]12[Si](C)(C(C)(C)C)C(C)(C)C)[Si](C)(C(C)(C)C)C(C)(C)C)[Si](C)(C(C)(C)C)C(C)(C)C)(C(C)(C)C)C(C)(C)C,"[2, 4]",[],3.472957741834305e-10
15,bottom,CC(C)(C)c1cc2c(OP(OC3C(CO[Si](c4ccccc4)(c4ccccc4)C(C)(C)C)OC(CO[Si](c4ccccc4)(c4ccccc4)C(C)(C)C)C3OP3Oc4c(cc(cc4C(C)(C)C)C(C)(C)C)c4cc(cc(c4O3)C(C)(C)C)C(C)(C)C)Oc3c2cc(cc3C(C)(C)C)C(C)(C)C)c(c1)C(C)(C)C,"[9, 55]",[],4.2576246443442384e-10
15,median,CC(=O)C1=C(C)NC(=S)NC1,[8],[],0.4757448261933104
15,median,O=C([O-])C1CCCN1CC1=CN(Cc2ccccc2)N=N1,"[7, 20, 2]",[],0.47574601165750563
15,median,C1CC(C1)N1C=NN=N1,[6],"[{'functional_group': 'ketone', 'smiles_inds': [1]}, {'functional_group': 'fluoro', 'smiles_inds': [2]}]",0.47575365868228003
15,median,OC(=O)c1ccccc1C(O)=O,[2],[],0.4758114692737854
15,median,CN(C)c1ccc([c-]c1)C1=Nc2ccccc2N1c1ccccc1,"[7, 10]",[],0.4759266837828767
15,median,CC(=N)Nc1cccc(N)n1,"[10, 2]","[{'functional_group': 'methyl_ester', 'smiles_inds': [6]}, {'functional_group': 'trifluro', 'smiles_inds': [3]}]",0.47593027579629654
15,median,ClCC[C-]=C(c1ccccc1)c1ccccn1,"[3, 16]",[],0.47595863847407266
15,median,[O-]c1ccc2ccccc2c1C=NCCN1CCCCC1,"[12, 15, 0]","[{'functional_group': 'fluoro', 'smiles_inds': [14]}]",0.47603100231729784
15,median,CC(C)(C)C(=N)C=C([O-])C(F)(F)F,"[8, 5]",[],0.47604982305774923
15,median,CC(Cc1ccccc1)NO,[9],"[{'functional_group': 'trichloro', 'smiles_inds': [2]}]",0.47611700648501165
15,median,CC(C)[NH+]=Cc1ccccc1[O-],[11],[],0.47616993041538774
15,median,CSc1ccc(cc1)N=C1c2cccc3cccc(C1=Nc1ccc(SC)cc1)c23,"[8, 20]",[],0.476194310779388
15,median,N#CC1CCCCC1,[0],"[{'functional_group': 'iodo', 'smiles_inds': [6]}, {'functional_group': 'carboxyllic_acid', 'smiles_inds': [3]}]",0.47621368349140797
15,median,COC(C)(C)C(=N)C=C([O-])C(C)C,"[9, 6]","[{'functional_group': 'cyanimide', 'smiles_inds': [0]}, {'functional_group': 'ether', 'smiles_inds': [7]}]",0.4762181819051808
15,median,FC(F)(F)C(=O)CC(=O)c1ccccc1,"[8, 5]","[{'functional_group': 'aldehyde', 'smiles_inds': [6]}]",0.47629953930411634
15,median,C1NCC2=C1OC(=N2)c1ccccn1,"[7, 13]","[{'functional_group': 'phenyl', 'smiles_inds': [0]}, {'functional_group': 'carboxyllic_acid', 'smiles_inds': [2]}, {'functional_group': 'trichloro', 'smiles_inds': [12]}, {'functional_group': 'phenyl', 'smiles_inds': [10]}, {'functional_group': 'hydroxyl', 'smiles_inds': [11]}, {'functional_group': '2-hydroxypyridine', 'smiles_inds': [9]}]",0.4763311086284
15,median,C[NH+]1CCN(CC1)c1c(F)cc2C(=O)C(=CN3C(C)COc1c23)C(=O)[O-],"[25, 13]","[{'functional_group': 'ethyl', 'smiles_inds': [1]}, {'functional_group': 'trichloro', 'smiles_inds': [19]}, {'functional_group': 'methyl', 'smiles_inds': [6]}, {'functional_group': 'carboxyllic_acid', 'smiles_inds': [3]}]",0.4763533490288412
15,median,NC(=[NH2+])NCCCN1CCNCCNCC1,"[10, 13, 7]","[{'functional_group': 'trichloro', 'smiles_inds': [15]}]",0.47638867735811513
15,median,C[S]=C([NH-])NN=C(C)C,"[3, 5]",[],0.4763887853548703
15,median,CCN(CC)c1ccc(C=Nc2ccc(cc2)N(=O)=O)c([O-])c1,"[21, 10]","[{'functional_group': 'ether', 'smiles_inds': [22]}]",0.47639024978033395
15,top,c1cnc(nc1)c1nc(nc(n1)c1ncccn1)c1ncccn1,"[2, 7, 19]","[{'functional_group': 'carbonyl', 'smiles_inds': [15]}, {'functional_group': 'iodo', 'smiles_inds': [22]}, {'functional_group': 'carboxylate', 'smiles_inds': [0]}, {'functional_group': 'fluoro', 'smiles_inds': [5]}, {'functional_group': 'carboxylate', 'smiles_inds': [21]}]",0.9999879618835806
15,top,c1cnc(nc1)c1nc(nc(n1)c1ncccn1)c1ncccn1,"[2, 7, 19]","[{'functional_group': 'carbonyl', 'smiles_inds': [15]}, {'functional_group': 'iodo', 'smiles_inds': [22]}, {'functional_group': 'carboxylate', 'smiles_inds': [0]}, {'functional_group': 'carboxylate', 'smiles_inds': [5]}, {'functional_group': 'cyano', 'smiles_inds': [20]}, {'functional_group': 'carboxylate', 'smiles_inds': [21]}, {'functional_group': 'amide', 'smiles_inds': [14]}, {'functional_group': 'ketone', 'smiles_inds': [1]}]",0.9999887159385432
15,top,c1cnc(nc1)c1nc(nc(n1)c1ncccn1)c1ncccn1,"[2, 7, 19]","[{'functional_group': 'carbonyl', 'smiles_inds': [15]}, {'functional_group': 'iodo', 'smiles_inds': [22]}, {'functional_group': 'carboxylate', 'smiles_inds': [0]}, {'functional_group': 'carboxylate', 'smiles_inds': [5]}, {'functional_group': 'cyano', 'smiles_inds': [20]}, {'functional_group': 'carboxylate', 'smiles_inds': [21]}, {'functional_group': 'tribromo', 'smiles_inds': [16]}, {'functional_group': 'amide', 'smiles_inds': [14]}]",0.9999889695455157
15,top,c1cnc(nc1)c1nc(nc(n1)c1ncccn1)c1ncccn1,"[2, 7, 19]","[{'functional_group': 'carbonyl', 'smiles_inds': [15]}, {'functional_group': 'iodo', 'smiles_inds': [22]}, {'functional_group': 'carboxylate', 'smiles_inds': [0]}, {'functional_group': 'carboxylate', 'smiles_inds': [5]}, {'functional_group': 'cyano', 'smiles_inds': [20]}, {'functional_group': 'carboxylate', 'smiles_inds': [21]}, {'functional_group': 'methyl_ester', 'smiles_inds': [1]}]",0.9999890488668698
15,top,c1cnc(nc1)c1nc(nc(n1)c1ncccn1)c1ncccn1,"[2, 7, 19]","[{'functional_group': 'carbonyl', 'smiles_inds': [15]}, {'functional_group': 'iodo', 'smiles_inds': [22]}, {'functional_group': 'carboxylate', 'smiles_inds': [0]}, {'functional_group': 'carboxylate', 'smiles_inds': [5]}, {'functional_group': 'cyano', 'smiles_inds': [20]}, {'functional_group': 'carboxylate', 'smiles_inds': [21]}, {'functional_group': 'thiol', 'smiles_inds': [16]}, {'functional_group': 'bromo', 'smiles_inds': [1]}]",0.9999897808611923
15,top,c1cnc(nc1)c1nc(nc(n1)c1ncccn1)c1ncccn1,"[2, 7, 19]","[{'functional_group': 'carbonyl', 'smiles_inds': [15]}, {'functional_group': 'iodo', 'smiles_inds': [22]}, {'functional_group': 'carboxylate', 'smiles_inds': [0]}, {'functional_group': 'carboxylate', 'smiles_inds': [5]}, {'functional_group': 'cyano', 'smiles_inds': [20]}, {'functional_group': 'carboxylate', 'smiles_inds': [21]}, {'functional_group': 'methyl', 'smiles_inds': [1]}]",0.9999911485619564
15,top,c1cnc(nc1)c1nc(nc(n1)c1ncccn1)c1ncccn1,"[2, 7, 19]","[{'functional_group': 'carbonyl', 'smiles_inds': [15]}, {'functional_group': 'iodo', 'smiles_inds': [22]}, {'functional_group': 'carboxylate', 'smiles_inds': [0]}, {'functional_group': 'carboxylate', 'smiles_inds': [5]}, {'functional_group': 'cyano', 'smiles_inds': [20]}, {'functional_group': 'carboxylate', 'smiles_inds': [21]}, {'functional_group': 'hydroxyl', 'smiles_inds': [1]}]",0.9999915681952513
15,top,c1cnc(nc1)c1nc(nc(n1)c1ncccn1)c1ncccn1,"[2, 7, 19]","[{'functional_group': 'carbonyl', 'smiles_inds': [15]}, {'functional_group': 'iodo', 'smiles_inds': [22]}, {'functional_group': 'carboxylate', 'smiles_inds': [0]}, {'functional_group': 'carboxylate', 'smiles_inds': [5]}, {'functional_group': 'cyano', 'smiles_inds': [20]}, {'functional_group': 'carboxylate', 'smiles_inds': [21]}, {'functional_group': 'hydroxyl', 'smiles_inds': [16]}, {'functional_group': 'ketone', 'smiles_inds': [1]}]",0.9999916518720926
15,top,c1cnc(nc1)c1nc(nc(n1)c1ncccn1)c1ncccn1,"[2, 7, 19]","[{'functional_group': 'carbonyl', 'smiles_inds': [15]}, {'functional_group': 'iodo', 'smiles_inds': [22]}, {'functional_group': 'carboxylate', 'smiles_inds': [0]}, {'functional_group': 'carboxylate', 'smiles_inds': [5]}, {'functional_group': 'cyano', 'smiles_inds': [20]}, {'functional_group': 'carboxylate', 'smiles_inds': [21]}, {'functional_group': 'carboxyllic_acid', 'smiles_inds': [14]}]",0.9999927123315556
15,top,c1cnc(nc1)c1nc(nc(n1)c1ncccn1)c1ncccn1,"[2, 7, 19]","[{'functional_group': 'carbonyl', 'smiles_inds': [15]}, {'functional_group': 'iodo', 'smiles_inds': [22]}, {'functional_group': 'carboxylate', 'smiles_inds': [0]}, {'functional_group': 'carboxylate', 'smiles_inds': [5]}, {'functional_group': 'cyano', 'smiles_inds': [20]}, {'functional_group': 'carboxylate', 'smiles_inds': [21]}, {'functional_group': 'carboxyllic_acid', 'smiles_inds': [1]}]",0.9999935918144951
15,top,c1cnc(nc1)c1nc(nc(n1)c1ncccn1)c1ncccn1,"[2, 7, 19]","[{'functional_group': 'carbonyl', 'smiles_inds': [15]}, {'functional_group': 'iodo', 'smiles_inds': [22]}, {'functional_group': 'carboxylate', 'smiles_inds': [0]}, {'functional_group': 'carboxylate', 'smiles_inds': [5]}, {'functional_group': 'cyano', 'smiles_inds': [20]}, {'functional_group': 'carboxylate', 'smiles_inds': [21]}, {'functional_group': 'carboxyl', 'smiles_inds': [1]}]",0.9999935918144951
15,top,c1cnc(nc1)c1nc(nc(n1)c1ncccn1)c1ncccn1,"[2, 7, 19]","[{'functional_group': 'carbonyl', 'smiles_inds': [15]}, {'functional_group': 'iodo', 'smiles_inds': [22]}, {'functional_group': 'carboxylate', 'smiles_inds': [0]}, {'functional_group': 'carboxylate', 'smiles_inds': [5]}, {'functional_group': 'cyano', 'smiles_inds': [20]}, {'functional_group': 'carboxylate', 'smiles_inds': [21]}, {'functional_group': 'trichloro', 'smiles_inds': [16]}]",0.9999936656137746
15,top,c1cnc(nc1)c1nc(nc(n1)c1ncccn1)c1ncccn1,"[2, 7, 19]","[{'functional_group': 'carbonyl', 'smiles_inds': [15]}, {'functional_group': 'iodo', 'smiles_inds': [22]}, {'functional_group': 'carboxylate', 'smiles_inds': [0]}, {'functional_group': 'carboxylate', 'smiles_inds': [5]}, {'functional_group': 'cyano', 'smiles_inds': [20]}, {'functional_group': 'carboxylate', 'smiles_inds': [21]}, {'functional_group': '2-hydroxypyridine', 'smiles_inds': [14]}]",0.9999942293572417
15,top,c1cnc(nc1)c1nc(nc(n1)c1ncccn1)c1ncccn1,"[2, 7, 19]","[{'functional_group': 'carbonyl', 'smiles_inds': [15]}, {'functional_group': 'iodo', 'smiles_inds': [22]}, {'functional_group': 'carboxylate', 'smiles_inds': [0]}, {'functional_group': 'carboxylate', 'smiles_inds': [5]}, {'functional_group': 'cyano', 'smiles_inds': [20]}, {'functional_group': 'carboxylate', 'smiles_inds': [21]}, {'functional_group': 'carbonyl', 'smiles_inds': [16]}]",0.9999943990391165
15,top,c1cnc(nc1)c1nc(nc(n1)c1ncccn1)c1ncccn1,"[2, 7, 19]","[{'functional_group': 'carbonyl', 'smiles_inds': [15]}, {'functional_group': 'iodo', 'smiles_inds': [22]}, {'functional_group': 'carboxylate', 'smiles_inds': [0]}, {'functional_group': 'carboxylate', 'smiles_inds': [5]}, {'functional_group': 'cyano', 'smiles_inds': [20]}, {'functional_group': 'carboxylate', 'smiles_inds': [21]}, {'functional_group': 'carbonyl', 'smiles_inds': [1]}]",0.999995074969544
15,top,c1cnc(nc1)c1nc(nc(n1)c1ncccn1)c1ncccn1,"[2, 7, 19]","[{'functional_group': 'carbonyl', 'smiles_inds': [15]}, {'functional_group': 'iodo', 'smiles_inds': [22]}, {'functional_group': 'carboxylate', 'smiles_inds': [0]}, {'functional_group': 'carboxylate', 'smiles_inds': [5]}, {'functional_group': 'cyano', 'smiles_inds': [20]}, {'functional_group': 'carboxylate', 'smiles_inds': [21]}, {'functional_group': 'aldehyde', 'smiles_inds': [16]}]",0.9999953788225644
15,top,c1cnc(nc1)c1nc(nc(n1)c1ncccn1)c1ncccn1,"[2, 7, 19]","[{'functional_group': 'carbonyl', 'smiles_inds': [15]}, {'functional_group': 'iodo', 'smiles_inds': [22]}, {'functional_group': 'carboxylate', 'smiles_inds': [0]}, {'functional_group': 'carboxylate', 'smiles_inds': [5]}, {'functional_group': 'cyano', 'smiles_inds': [20]}, {'functional_group': 'carboxylate', 'smiles_inds': [21]}, {'functional_group': 'carboxylate', 'smiles_inds': [14]}, {'functional_group': 'methyl_ester', 'smiles_inds': [1]}]",0.9999954332108841
15,top,c1cnc(nc1)c1nc(nc(n1)c1ncccn1)c1ncccn1,"[2, 7, 19]","[{'functional_group': 'carbonyl', 'smiles_inds': [15]}, {'functional_group': 'iodo', 'smiles_inds': [22]}, {'functional_group': 'carboxylate', 'smiles_inds': [0]}, {'functional_group': 'carboxylate', 'smiles_inds': [5]}, {'functional_group': 'cyano', 'smiles_inds': [20]}, {'functional_group': 'carboxylate', 'smiles_inds': [21]}, {'functional_group': 'aldehyde', 'smiles_inds': [1]}]",0.9999959365120746
15,top,c1cnc(nc1)c1nc(nc(n1)c1ncccn1)c1ncccn1,"[2, 7, 19]","[{'functional_group': 'carbonyl', 'smiles_inds': [15]}, {'functional_group': 'iodo', 'smiles_inds': [22]}, {'functional_group': 'carboxylate', 'smiles_inds': [0]}, {'functional_group': 'carboxylate', 'smiles_inds': [5]}, {'functional_group': 'cyano', 'smiles_inds': [20]}, {'functional_group': 'carboxylate', 'smiles_inds': [21]}, {'functional_group': 'carboxylate', 'smiles_inds': [16]}, {'functional_group': 'cyano', 'smiles_inds': [1]}]",0.9999968903201363
15,top,c1cnc(nc1)c1nc(nc(n1)c1ncccn1)c1ncccn1,"[2, 7, 19]","[{'functional_group': 'carbonyl', 'smiles_inds': [15]}, {'functional_group': 'iodo', 'smiles_inds': [22]}, {'functional_group': 'carboxylate', 'smiles_inds': [0]}, {'functional_group': 'carboxylate', 'smiles_inds': [5]}, {'functional_group': 'cyano', 'smiles_inds': [20]}, {'functional_group': 'carboxylate', 'smiles_inds': [21]}, {'functional_group': 'carboxylate', 'smiles_inds': [16]}, {'functional_group': 'amino', 'smiles_inds': [14]}]",0.9999974242670573
16,bottom,C[Si](C)(CCC(F)(F)C(F)(F)C(F)(F)C(F)(F)C(F)(F)C(F)(F)F)c1ccc(cc1)P(CCP(c1ccc(cc1)[Si](C)(C)CCC(F)(F)C(F)(F)C(F)(F)C(F)(F)C(F)(F)C(F)(F)F)c1ccc(cc1)[Si](C)(C)CCC(F)(F)C(F)(F)C(F)(F)C(F)(F)C(F)(F)C(F)(F)F)c1ccc(cc1)[Si](C)(C)CCC(F)(F)C(F)(F)C(F)(F)C(F)(F)C(F)(F)C(F)(F)F,"[30, 33]","[{'functional_group': 'ether', 'smiles_inds': [0]}]",1.834771593851327e-15
16,bottom,CP(CCP(C)c1c(cc(cc1C([Si](C)(C)C)[Si](C)(C)C)C([Si](C)(C)C)([Si](C)(C)C)[Si](C)(C)C)C([Si](C)(C)C)[Si](C)(C)C)c1c(cc(cc1C([Si](C)(C)C)[Si](C)(C)C)C([Si](C)(C)C)([Si](C)(C)C)[Si](C)(C)C)C([Si-](C)C)[Si](C)(C)C,"[4, 72, 1]",[],2.6682772007442227e-14
16,bottom,CP(CCP(C)c1c(cc(cc1C([Si](C)(C)C)[Si](C)(C)C)C([Si](C)(C)C)([Si](C)(C)C)[Si](C)(C)C)C([Si](C)(C)C)[Si](C)(C)C)c1c(cc(cc1C([Si](C)(C)C)[Si](C)(C)C)C([Si](C)(C)C)([Si](C)(C)C)[Si](C)(C)C)C([Si-](C)C)[Si](C)(C)C,"[4, 72, 1]","[{'functional_group': 'carboxyl', 'smiles_inds': [32]}]",3.4433440632735175e-14
16,bottom,CP(CCP(C)c1c(cc(cc1C([Si](C)(C)C)[Si](C)(C)C)C([Si](C)(C)C)([Si](C)(C)C)[Si](C)(C)C)C([Si](C)(C)C)[Si](C)(C)C)c1c(cc(cc1C([Si](C)(C)C)[Si](C)(C)C)C([Si](C)(C)C)([Si](C)(C)C)[Si](C)(C)C)C([Si-](C)C)[Si](C)(C)C,"[4, 72, 1]","[{'functional_group': 'fluoro', 'smiles_inds': [68]}, {'functional_group': 'carbonyl', 'smiles_inds': [28]}]",4.7704960428597026e-14
16,bottom,CCCC[P](CCCC)(CCCC)CCP(CCP(CCP(CC[P](CCCC)(CCCC)CCCC)CC[P](CCCC)(CCCC)CCCC)c1ccccc1)CC[P](CCCC)(CCCC)CCCC,"[15, 18, 21]","[{'functional_group': 'amide', 'smiles_inds': [38]}]",1.160782529823455e-13
16,bottom,C[Si](C)(C)C(c1cc(C([Si](C)(C)C)[Si](C)(C)C)c([Se]c2ccccc2Sc2ccccc2Sc2ccccc2[Se]c2c(cc(cc2C([Si](C)(C)C)[Si](C)(C)C)C([Si](C)(C)C)[Si](C)(C)C)C([Si](C)(C)C)[Si](C)(C)C)c(c1)C([Si](C)(C)C)[Si](C)(C)C)[Si](C)(C)C,"[25, 32]","[{'functional_group': 'ether', 'smiles_inds': [57]}, {'functional_group': 'methyl_ester', 'smiles_inds': [37]}]",1.2114237900819902e-12
16,bottom,C[Si](C)(C)C(c1cc(C([Si](C)(C)C)[Si](C)(C)C)c([Se]c2ccccc2Sc2ccccc2Sc2ccccc2[Se]c2c(cc(cc2C([Si](C)(C)C)[Si](C)(C)C)C([Si](C)(C)C)[Si](C)(C)C)C([Si](C)(C)C)[Si](C)(C)C)c(c1)C([Si](C)(C)C)[Si](C)(C)C)[Si](C)(C)C,"[25, 32]",[],3.0308022160595452e-12
16,bottom,C[Si](C)(C)C(c1cc(C([Si](C)(C)C)[Si](C)(C)C)c([Se]c2ccccc2[Se]c2ccccc2[Se]c2ccccc2[Se]c2c(cc(cc2C([Si](C)(C)C)[Si](C)(C)C)C([Si](C)(C)C)[Si](C)(C)C)C([Si](C)(C)C)[Si](C)(C)C)c(c1)C([Si](C)(C)C)[Si](C)(C)C)[Si](C)(C)C,"[25, 32]","[{'functional_group': 'ethyl_ester', 'smiles_inds': [30]}]",3.3642774297180476e-12
16,bottom,C[Si](C)(C)C(c1cc(C([Si](C)(C)C)[Si](C)(C)C)c([Se]c2ccccc2Sc2ccccc2Sc2ccccc2[Se]c2c(cc(cc2C([Si](C)(C)C)[Si](C)(C)C)C([Si](C)(C)C)[Si](C)(C)C)C([Si](C)(C)C)[Si](C)(C)C)c(c1)C([Si](C)(C)C)[Si](C)(C)C)[Si](C)(C)C,"[25, 32]","[{'functional_group': 'fluoro', 'smiles_inds': [14]}]",3.5721952852302735e-12
16,bottom,CC(C)(C)c1cc2c3cc(cc4c5cc(cc6c7cc(cc8c9cc(cc%10c%11cc(cc%12c(c1)c2c1c(c34)c(c56)c(c78)c(c9%10)c1c%11%12)C(C)(C)C)C(C)(C)C)C(C)(C)C)C(C)(C)C)P(c1cc2c3cc(cc4c5cc(cc6c7cc(cc8c9cc(cc%10c%11cc(cc%12c(c1)c2c1c(c34)c(c56)c(c78)c(c9%10)c1c%11%12)C(C)(C)C)C(C)(C)C)C(C)(C)C)C(C)(C)C)C(C)(C)C)c1cc2c3cc(cc4c5cc(cc6c7cc(cc8c9cc(cc%10c%11cc(cc%12c(c1)c2c1c(c34)c(c56)c(c78)c(c9%10)c1c%11%12)C(C)(C)C)C(C)(C)C)C(C)(C)C)C(C)(C)C)C(C)(C)C,[62],"[{'functional_group': 'ethyl', 'smiles_inds': [57]}, {'functional_group': 'tribromo', 'smiles_inds': [87]}]",3.735521494859441e-12
16,bottom,C[Si](C)(C)C(c1cc(C([Si](C)(C)C)[Si](C)(C)C)c(Sc2ccccc2[Se]c2ccccc2[Se]c2ccccc2Sc2c(cc(cc2C([Si](C)(C)C)[Si](C)(C)C)C([Si](C)(C)C)[Si](C)(C)C)C([Si](C)(C)C)[Si](C)(C)C)c(c1)C([Si](C)(C)C)[Si](C)(C)C)[Si](C)(C)C,"[25, 32]",[],4.55000553828158e-12
16,bottom,CC1=C(C)C[Ge]2([Ge]([Ge]2(C1)[Si](C(C)(C)C)(C(C)(C)C)C(C)(C)C)[Si](C(C)(C)C)(C(C)(C)C)C(C)(C)C)[Si](C(C)(C)C)(C(C)(C)C)C(C)(C)C,[6],"[{'functional_group': 'methyl_ester', 'smiles_inds': [17]}]",1.427938260234105e-11
16,bottom,FC(F)(F)C(F)(F)C(F)(F)C(F)(F)C(F)(F)C(F)(F)C(F)(F)C(F)(F)CCc1ccc(cc1)P(c1ccc(CCC(F)(F)C(F)(F)C(F)(F)C(F)(F)C(F)(F)C(F)(F)C(F)(F)C(F)(F)F)cc1)c1ccc(CCC(F)(F)C(F)(F)C(F)(F)C(F)(F)C(F)(F)C(F)(F)C(F)(F)C(F)(F)F)cc1,[33],"[{'functional_group': 'aldehyde', 'smiles_inds': [39]}, {'functional_group': 'ethyl_ester', 'smiles_inds': [28]}]",1.0922234509300778e-10
16,bottom,C1CCCCCCCCCCCP2CCCCCCCCCCCCCCCCCCCCCCP(CCCCCCCCCC1)CCCCCCCCCCCCCCCCCCCCCC2,"[12, 35]","[{'functional_group': 'bromo', 'smiles_inds': [2]}]",1.8351069714916915e-10
16,bottom,C[Si]([Ge]1[Si]2([Ge]([Si]12[Si](C)(C(C)(C)C)C(C)(C)C)[Si](C)(C(C)(C)C)C(C)(C)C)[Si](C)(C(C)(C)C)C(C)(C)C)(C(C)(C)C)C(C)(C)C,"[2, 4]","[{'functional_group': 'methyl_ester', 'smiles_inds': [41]}]",2.1160311589402417e-10
16,bottom,CC(C)(C)c1cc2c(OP(OC3C(CO[Si](c4ccccc4)(c4ccccc4)C(C)(C)C)OC(CO[Si](c4ccccc4)(c4ccccc4)C(C)(C)C)C3OP3Oc4c(cc(cc4C(C)(C)C)C(C)(C)C)c4cc(cc(c4O3)C(C)(C)C)C(C)(C)C)Oc3c2cc(cc3C(C)(C)C)C(C)(C)C)c(c1)C(C)(C)C,"[9, 55]","[{'functional_group': 'hydroxyl', 'smiles_inds': [91]}]",3.253824730758669e-10
16,bottom,C1CCCP(CCCCCCC=CCCCCCCP(CCCCCCC=CCCCCCCP(CCCCCCC=CCC1)c1ccccc1)c1ccccc1)c1ccccc1,"[4, 34, 19]","[{'functional_group': 'phenyl', 'smiles_inds': [54]}]",3.667279630461287e-10
16,bottom,C1CCCCCCCCCCP2CCCCCCCCCCCCCCCCCCCCP(CCCCCCCCC1)CCCCCCCCCCCCCCCCCCCC2,"[11, 32]","[{'functional_group': 'ethyl_ester', 'smiles_inds': [23]}, {'functional_group': 'fluoro', 'smiles_inds': [13]}]",4.283617985580789e-10
16,bottom,FC(F)(F)C(F)(F)C(F)(F)C(F)(F)C(F)(F)C(F)(F)c1ccc(cc1)P(CCP(c1ccc(cc1)C(F)(F)C(F)(F)C(F)(F)C(F)(F)C(F)(F)C(F)(F)F)c1ccc(cc1)C(F)(F)C(F)(F)C(F)(F)C(F)(F)C(F)(F)C(F)(F)F)c1ccc(cc1)C(F)(F)C(F)(F)C(F)(F)C(F)(F)C(F)(F)C(F)(F)F,"[25, 28]",[],4.830686920660715e-10
16,bottom,CC(C)(C)c1cc2c(OP(OC3C(CO[Si](c4ccccc4)(c4ccccc4)C(C)(C)C)OC(CO[Si](c4ccccc4)(c4ccccc4)C(C)(C)C)C3OP3Oc4c(cc(cc4C(C)(C)C)C(C)(C)C)c4cc(cc(c4O3)C(C)(C)C)C(C)(C)C)Oc3c2cc(cc3C(C)(C)C)C(C)(C)C)c(c1)C(C)(C)C,"[9, 55]",[],5.326536177857397e-10
16,median,CN1C(=O)C(=C([O-])c2ccccc12)N=Nc1ccc(cc1)N(=O)=O,"[6, 14]","[{'functional_group': 'aldehyde', 'smiles_inds': [11]}]",0.47292248816460825
16,median,CC1=C(C)C(=Cc2cccc(C=C3[N-]C(=O)C(=C3C)C)n2)[N-]C1=O,"[21, 20, 13]",[],0.4729857881465605
16,median,Cc1ccc(cc1)C(=Cc1ccc2ccccc2n1)[N-]c1ccccc1,"[18, 19]","[{'functional_group': 'carboxyllic_acid', 'smiles_inds': [8]}]",0.4729865992238408
16,median,O=C1N(Cc2ccccc2)C(=O)C2=C1N1c3ccccc3N=C1C1=Nc3ccccc3N21,"[21, 24]","[{'functional_group': 'cyanimide', 'smiles_inds': [8]}]",0.4730084857226246
16,median,O=C1N(Cc2ccccc2)C(=O)C2=C1N1c3ccccc3N=C1C1=Nc3ccccc3N21,"[21, 24]","[{'functional_group': 'ethyl', 'smiles_inds': [6]}]",0.4730480802515023
16,median,COC(=O)c1ccc(C)c(NC(=O)c2ccncc2)c1,[16],"[{'functional_group': 'trichloro', 'smiles_inds': [0]}, {'functional_group': 'trichloro', 'smiles_inds': [15]}]",0.4730775443975174
16,median,O=C(C1=NC=CN1)C1=NC=CN1,"[3, 8]","[{'functional_group': 'ether', 'smiles_inds': [9]}, {'functional_group': 'phenyl', 'smiles_inds': [5]}]",0.4731554842939027
16,median,S=C(NCc1ccccc1)C1=CC=C([N-]1)C(=S)NCc1ccccc1,"[0, 16, 14]","[{'functional_group': 'amide', 'smiles_inds': [11]}]",0.47316774582588444
16,median,O=[C-]NC(=S)c1ccccc1,"[4, 1]","[{'functional_group': 'phenyl', 'smiles_inds': [7]}]",0.473195330876684
16,median,Cc1cccc(C)c1N=Cc1ccccc1[O-],"[16, 8]","[{'functional_group': 'bromo', 'smiles_inds': [2]}]",0.4732802058691059
16,median,OCCN1N=C(C=C1c1ccccc1)c1ccccn1,"[0, 3, 4]","[{'functional_group': '2-hydroxypyridine', 'smiles_inds': [16]}, {'functional_group': 'trifluro', 'smiles_inds': [1]}, {'functional_group': 'bromo', 'smiles_inds': [17]}]",0.4733185182614359
16,median,CCOC([O-])=C(C=Nc1ccc(OC)cc1)C#N,"[4, 7]","[{'functional_group': 'bromo', 'smiles_inds': [6]}]",0.4733192856862601
16,median,Nc1ccccc1C#Cc1ccccc1,[0],[],0.4734321438186269
16,median,ClC(Cl)c1ccncc1,[6],"[{'functional_group': '2-methylbenzoic_acid', 'smiles_inds': [8]}, {'functional_group': 'cyano', 'smiles_inds': [1]}]",0.47347730796022125
16,median,Cc1cc(C=[NH+]CCc2ccccn2)c([O-])c(C=NCCc2ccccn2)c1,"[15, 18, 26]","[{'functional_group': 'thiol', 'smiles_inds': [19]}]",0.47348903078536597
16,median,C[Si](C)(C)CSc1cccc2cccnc12,"[5, 14]","[{'functional_group': 'ethyl_ester', 'smiles_inds': [12]}, {'functional_group': 'carboxylate', 'smiles_inds': [0]}, {'functional_group': 'bromo', 'smiles_inds': [11]}]",0.4735106534753651
16,median,COC(=O)c1ccc(CN=Cc2cccc(C=NCc3ccc(cc3)C(=O)OC)n2)cc1,"[29, 17, 9]",[],0.4735233409593356
16,median,CN(C)Cc1cc(cc(CN(C)C)[c-]1)C#N,"[10, 1, 13]","[{'functional_group': 'ether', 'smiles_inds': [2]}]",0.4735411772071692
16,median,[NH3+]CCNC(=O)c1ccnc(c1)c1cc(C)ccn1,"[18, 9]","[{'functional_group': 'carbonyl', 'smiles_inds': [1]}, {'functional_group': 'carboxylate', 'smiles_inds': [8]}, {'functional_group': 'phenyl', 'smiles_inds': [2]}, {'functional_group': 'trifluro', 'smiles_inds': [13]}]",0.4735707491396312
16,median,O=C([C-]=C(OP(c1ccccc1)c1ccccc1)c1ccccc1)c1cccc[c-]1,"[5, 29, 2]","[{'functional_group': 'fluoro', 'smiles_inds': [20]}]",0.4735985825590662
16,top,c1cnc(nc1)c1nc(nc(n1)c1ncccn1)c1ncccn1,"[2, 7, 19]","[{'functional_group': 'carbonyl', 'smiles_inds': [15]}, {'functional_group': 'iodo', 'smiles_inds': [22]}, {'functional_group': 'carboxylate', 'smiles_inds': [0]}, {'functional_group': 'carboxylate', 'smiles_inds': [5]}, {'functional_group': 'cyano', 'smiles_inds': [20]}, {'functional_group': 'carboxylate', 'smiles_inds': [21]}, {'functional_group': 'aldehyde', 'smiles_inds': [16]}, {'functional_group': 'thiol', 'smiles_inds': [1]}]",0.9999913787601363
16,top,c1cnc(nc1)c1nc(nc(n1)c1ncccn1)c1ncccn1,"[2, 7, 19]","[{'functional_group': 'carbonyl', 'smiles_inds': [15]}, {'functional_group': 'iodo', 'smiles_inds': [22]}, {'functional_group': 'carboxylate', 'smiles_inds': [0]}, {'functional_group': 'carboxylate', 'smiles_inds': [5]}, {'functional_group': 'cyano', 'smiles_inds': [20]}, {'functional_group': 'carboxylate', 'smiles_inds': [21]}, {'functional_group': 'carboxylate', 'smiles_inds': [16]}, {'functional_group': 'cyano', 'smiles_inds': [1]}, {'functional_group': 'methyl_ester', 'smiles_inds': [14]}]",0.9999919539710347
16,top,c1cnc(nc1)c1nc(nc(n1)c1ncccn1)c1ncccn1,"[2, 7, 19]","[{'functional_group': 'carbonyl', 'smiles_inds': [15]}, {'functional_group': 'iodo', 'smiles_inds': [22]}, {'functional_group': 'carboxylate', 'smiles_inds': [0]}, {'functional_group': 'carboxylate', 'smiles_inds': [5]}, {'functional_group': 'cyano', 'smiles_inds': [20]}, {'functional_group': 'carboxylate', 'smiles_inds': [21]}, {'functional_group': '2-hydroxypyridine', 'smiles_inds': [16]}]",0.9999922336653619
16,top,c1cnc(nc1)c1nc(nc(n1)c1ncccn1)c1ncccn1,"[2, 7, 19]","[{'functional_group': 'carbonyl', 'smiles_inds': [15]}, {'functional_group': 'iodo', 'smiles_inds': [22]}, {'functional_group': 'carboxylate', 'smiles_inds': [0]}, {'functional_group': 'carboxylate', 'smiles_inds': [5]}, {'functional_group': 'cyano', 'smiles_inds': [20]}, {'functional_group': 'carboxylate', 'smiles_inds': [21]}, {'functional_group': 'tribromo', 'smiles_inds': [16]}]",0.9999923795868892
16,top,c1cnc(nc1)c1nc(nc(n1)c1ncccn1)c1ncccn1,"[2, 7, 19]","[{'functional_group': 'carbonyl', 'smiles_inds': [15]}, {'functional_group': 'iodo', 'smiles_inds': [22]}, {'functional_group': 'carboxylate', 'smiles_inds': [0]}, {'functional_group': 'carboxylate', 'smiles_inds': [5]}, {'functional_group': 'cyano', 'smiles_inds': [20]}, {'functional_group': 'carboxylate', 'smiles_inds': [21]}, {'functional_group': 'carbonyl', 'smiles_inds': [16]}]",0.9999924686010611
16,top,c1cnc(nc1)c1nc(nc(n1)c1ncccn1)c1ncccn1,"[2, 7, 19]","[{'functional_group': 'carbonyl', 'smiles_inds': [15]}, {'functional_group': 'iodo', 'smiles_inds': [22]}, {'functional_group': 'carboxylate', 'smiles_inds': [0]}, {'functional_group': 'carboxylate', 'smiles_inds': [5]}, {'functional_group': 'cyano', 'smiles_inds': [20]}, {'functional_group': 'carboxylate', 'smiles_inds': [21]}, {'functional_group': 'carbonyl', 'smiles_inds': [1]}]",0.9999934123780556
16,top,c1cnc(nc1)c1nc(nc(n1)c1ncccn1)c1ncccn1,"[2, 7, 19]","[{'functional_group': 'carbonyl', 'smiles_inds': [15]}, {'functional_group': 'iodo', 'smiles_inds': [22]}, {'functional_group': 'carboxylate', 'smiles_inds': [0]}, {'functional_group': 'carboxylate', 'smiles_inds': [5]}, {'functional_group': 'cyano', 'smiles_inds': [20]}, {'functional_group': 'carboxylate', 'smiles_inds': [21]}, {'functional_group': 'carboxylate', 'smiles_inds': [16]}, {'functional_group': 'cyano', 'smiles_inds': [1]}, {'functional_group': 'amide', 'smiles_inds': [14]}]",0.999993558716676
16,top,c1cnc(nc1)c1nc(nc(n1)c1ncccn1)c1ncccn1,"[2, 7, 19]","[{'functional_group': 'carbonyl', 'smiles_inds': [15]}, {'functional_group': 'iodo', 'smiles_inds': [22]}, {'functional_group': 'carboxylate', 'smiles_inds': [0]}, {'functional_group': 'carboxylate', 'smiles_inds': [5]}, {'functional_group': 'cyano', 'smiles_inds': [20]}, {'functional_group': 'carboxylate', 'smiles_inds': [21]}, {'functional_group': 'carboxylate', 'smiles_inds': [16]}, {'functional_group': 'cyano', 'smiles_inds': [1]}, {'functional_group': 'hydroxyl', 'smiles_inds': [14]}]",0.9999935937997593
16,top,c1cnc(nc1)c1nc(nc(n1)c1ncccn1)c1ncccn1,"[2, 7, 19]","[{'functional_group': 'carbonyl', 'smiles_inds': [15]}, {'functional_group': 'iodo', 'smiles_inds': [22]}, {'functional_group': 'carboxylate', 'smiles_inds': [0]}, {'functional_group': 'carboxylate', 'smiles_inds': [5]}, {'functional_group': 'cyano', 'smiles_inds': [20]}, {'functional_group': 'carboxylate', 'smiles_inds': [21]}, {'functional_group': 'carboxylate', 'smiles_inds': [16]}, {'functional_group': 'cyano', 'smiles_inds': [1]}, {'functional_group': 'thiol', 'smiles_inds': [14]}]",0.999993998670445
16,top,c1cnc(nc1)c1nc(nc(n1)c1ncccn1)c1ncccn1,"[2, 7, 19]","[{'functional_group': 'carbonyl', 'smiles_inds': [15]}, {'functional_group': 'iodo', 'smiles_inds': [22]}, {'functional_group': 'carboxylate', 'smiles_inds': [0]}, {'functional_group': 'carboxylate', 'smiles_inds': [5]}, {'functional_group': 'cyano', 'smiles_inds': [20]}, {'functional_group': 'carboxylate', 'smiles_inds': [21]}, {'functional_group': 'carboxylate', 'smiles_inds': [16]}, {'functional_group': 'cyano', 'smiles_inds': [1]}, {'functional_group': 'cyano', 'smiles_inds': [14]}]",0.9999942280839119
16,top,c1cnc(nc1)c1nc(nc(n1)c1ncccn1)c1ncccn1,"[2, 7, 19]","[{'functional_group': 'carbonyl', 'smiles_inds': [15]}, {'functional_group': 'iodo', 'smiles_inds': [22]}, {'functional_group': 'carboxylate', 'smiles_inds': [0]}, {'functional_group': 'carboxylate', 'smiles_inds': [5]}, {'functional_group': 'cyano', 'smiles_inds': [20]}, {'functional_group': 'carboxylate', 'smiles_inds': [21]}, {'functional_group': 'carboxylate', 'smiles_inds': [16]}, {'functional_group': 'cyano', 'smiles_inds': [1]}, {'functional_group': 'bromo', 'smiles_inds': [14]}]",0.9999943321085614
16,top,c1cnc(nc1)c1nc(nc(n1)c1ncccn1)c1ncccn1,"[2, 7, 19]","[{'functional_group': 'carbonyl', 'smiles_inds': [15]}, {'functional_group': 'iodo', 'smiles_inds': [22]}, {'functional_group': 'carboxylate', 'smiles_inds': [0]}, {'functional_group': 'carboxylate', 'smiles_inds': [5]}, {'functional_group': 'cyano', 'smiles_inds': [20]}, {'functional_group': 'carboxylate', 'smiles_inds': [21]}, {'functional_group': 'carboxylate', 'smiles_inds': [16]}, {'functional_group': 'cyano', 'smiles_inds': [1]}, {'functional_group': 'amino', 'smiles_inds': [14]}]",0.9999949572534208
16,top,c1cnc(nc1)c1nc(nc(n1)c1ncccn1)c1ncccn1,"[2, 7, 19]","[{'functional_group': 'carbonyl', 'smiles_inds': [15]}, {'functional_group': 'iodo', 'smiles_inds': [22]}, {'functional_group': 'carboxylate', 'smiles_inds': [0]}, {'functional_group': 'carboxylate', 'smiles_inds': [5]}, {'functional_group': 'cyano', 'smiles_inds': [20]}, {'functional_group': 'carboxylate', 'smiles_inds': [21]}, {'functional_group': 'carboxylate', 'smiles_inds': [16]}, {'functional_group': 'cyano', 'smiles_inds': [1]}, {'functional_group': 'carboxyl', 'smiles_inds': [14]}]",0.9999953715593283
16,top,c1cnc(nc1)c1nc(nc(n1)c1ncccn1)c1ncccn1,"[2, 7, 19]","[{'functional_group': 'carbonyl', 'smiles_inds': [15]}, {'functional_group': 'iodo', 'smiles_inds': [22]}, {'functional_group': 'carboxylate', 'smiles_inds': [0]}, {'functional_group': 'carboxylate', 'smiles_inds': [5]}, {'functional_group': 'cyano', 'smiles_inds': [20]}, {'functional_group': 'carboxylate', 'smiles_inds': [21]}, {'functional_group': 'carboxylate', 'smiles_inds': [16]}, {'functional_group': 'cyano', 'smiles_inds': [1]}, {'functional_group': 'carboxyllic_acid', 'smiles_inds': [14]}]",0.9999953715593283
16,top,c1cnc(nc1)c1nc(nc(n1)c1ncccn1)c1ncccn1,"[2, 7, 19]","[{'functional_group': 'carbonyl', 'smiles_inds': [15]}, {'functional_group': 'iodo', 'smiles_inds': [22]}, {'functional_group': 'carboxylate', 'smiles_inds': [0]}, {'functional_group': 'carboxylate', 'smiles_inds': [5]}, {'functional_group': 'cyano', 'smiles_inds': [20]}, {'functional_group': 'carboxylate', 'smiles_inds': [21]}, {'functional_group': 'carboxylate', 'smiles_inds': [16]}, {'functional_group': 'cyano', 'smiles_inds': [1]}, {'functional_group': 'ketone', 'smiles_inds': [14]}]",0.9999960741049322
16,top,c1cnc(nc1)c1nc(nc(n1)c1ncccn1)c1ncccn1,"[2, 7, 19]","[{'functional_group': 'carbonyl', 'smiles_inds': [15]}, {'functional_group': 'iodo', 'smiles_inds': [22]}, {'functional_group': 'carboxylate', 'smiles_inds': [0]}, {'functional_group': 'carboxylate', 'smiles_inds': [5]}, {'functional_group': 'cyano', 'smiles_inds': [20]}, {'functional_group': 'carboxylate', 'smiles_inds': [21]}, {'functional_group': 'carboxylate', 'smiles_inds': [16]}, {'functional_group': 'cyano', 'smiles_inds': [1]}, {'functional_group': 'tribromo', 'smiles_inds': [14]}]",0.9999961737670313
16,top,c1cnc(nc1)c1nc(nc(n1)c1ncccn1)c1ncccn1,"[2, 7, 19]","[{'functional_group': 'carbonyl', 'smiles_inds': [15]}, {'functional_group': 'iodo', 'smiles_inds': [22]}, {'functional_group': 'carboxylate', 'smiles_inds': [0]}, {'functional_group': 'carboxylate', 'smiles_inds': [5]}, {'functional_group': 'cyano', 'smiles_inds': [20]}, {'functional_group': 'carboxylate', 'smiles_inds': [21]}, {'functional_group': 'carboxylate', 'smiles_inds': [16]}, {'functional_group': 'cyano', 'smiles_inds': [1]}, {'functional_group': 'carbonyl', 'smiles_inds': [14]}]",0.9999962184614897
16,top,c1cnc(nc1)c1nc(nc(n1)c1ncccn1)c1ncccn1,"[2, 7, 19]","[{'functional_group': 'carbonyl', 'smiles_inds': [15]}, {'functional_group': 'iodo', 'smiles_inds': [22]}, {'functional_group': 'carboxylate', 'smiles_inds': [0]}, {'functional_group': 'carboxylate', 'smiles_inds': [5]}, {'functional_group': 'cyano', 'smiles_inds': [20]}, {'functional_group': 'carboxylate', 'smiles_inds': [21]}, {'functional_group': 'carboxylate', 'smiles_inds': [16]}, {'functional_group': 'cyano', 'smiles_inds': [1]}, {'functional_group': '2-hydroxypyridine', 'smiles_inds': [14]}]",0.9999962883147754
16,top,c1cnc(nc1)c1nc(nc(n1)c1ncccn1)c1ncccn1,"[2, 7, 19]","[{'functional_group': 'carbonyl', 'smiles_inds': [15]}, {'functional_group': 'iodo', 'smiles_inds': [22]}, {'functional_group': 'carboxylate', 'smiles_inds': [0]}, {'functional_group': 'carboxylate', 'smiles_inds': [5]}, {'functional_group': 'cyano', 'smiles_inds': [20]}, {'functional_group': 'carboxylate', 'smiles_inds': [21]}, {'functional_group': 'carboxylate', 'smiles_inds': [14]}]",0.9999971408699889
16,top,c1cnc(nc1)c1nc(nc(n1)c1ncccn1)c1ncccn1,"[2, 7, 19]","[{'functional_group': 'carbonyl', 'smiles_inds': [15]}, {'functional_group': 'iodo', 'smiles_inds': [22]}, {'functional_group': 'carboxylate', 'smiles_inds': [0]}, {'functional_group': 'carboxylate', 'smiles_inds': [5]}, {'functional_group': 'cyano', 'smiles_inds': [20]}, {'functional_group': 'carboxylate', 'smiles_inds': [21]}, {'functional_group': 'carboxylate', 'smiles_inds': [16]}, {'functional_group': 'cyano', 'smiles_inds': [1]}, {'functional_group': 'carboxylate', 'smiles_inds': [14]}]",0.9999985644253905
17,bottom,CCCC[P](CCCC)(CCCC)CCP(CCP(CCP(CC[P](CCCC)(CCCC)CCCC)CC[P](CCCC)(CCCC)CCCC)c1ccccc1)CC[P](CCCC)(CCCC)CCCC,"[15, 18, 21]","[{'functional_group': 'ethyl', 'smiles_inds': [3]}]",7.223086125153715e-14
17,bottom,FC(F)(F)C(F)(F)C(F)(F)C(F)(F)C(F)(F)C(F)(F)C(F)(F)C(F)(F)CCP(CCC(F)(F)C(F)(F)C(F)(F)C(F)(F)C(F)(F)C(F)(F)C(F)(F)C(F)(F)F)Cc1cccc(CP(CCC(F)(F)C(F)(F)C(F)(F)C(F)(F)C(F)(F)C(F)(F)C(F)(F)C(F)(F)F)CCC(F)(F)C(F)(F)C(F)(F)C(F)(F)C(F)(F)C(F)(F)C(F)(F)C(F)(F)F)[c-]1,"[27, 62, 117]","[{'functional_group': 'phosphonate', 'smiles_inds': [25]}]",1.1146107082040977e-12
17,bottom,C[Si](C)(C)C(c1cc(C([Si](C)(C)C)[Si](C)(C)C)c([Se]c2ccccc2Sc2ccccc2Sc2ccccc2[Se]c2c(cc(cc2C([Si](C)(C)C)[Si](C)(C)C)C([Si](C)(C)C)[Si](C)(C)C)C([Si](C)(C)C)[Si](C)(C)C)c(c1)C([Si](C)(C)C)[Si](C)(C)C)[Si](C)(C)C,"[25, 32]",[],2.1461126856089362e-12
17,bottom,C[Si](C)(C)C(c1cc(C([Si](C)(C)C)[Si](C)(C)C)c(Sc2ccccc2[Se]c2ccccc2[Se]c2ccccc2Sc2c(cc(cc2C([Si](C)(C)C)[Si](C)(C)C)C([Si](C)(C)C)[Si](C)(C)C)C([Si](C)(C)C)[Si](C)(C)C)c(c1)C([Si](C)(C)C)[Si](C)(C)C)[Si](C)(C)C,"[25, 32]",[],3.656421390139941e-12
17,bottom,C[Si](C)(C)C(c1cc(C([Si](C)(C)C)[Si](C)(C)C)c([Se]c2ccccc2[Se]c2ccccc2[Se]c2ccccc2[Se]c2c(cc(cc2C([Si](C)(C)C)[Si](C)(C)C)C([Si](C)(C)C)[Si](C)(C)C)C([Si](C)(C)C)[Si](C)(C)C)c(c1)C([Si](C)(C)C)[Si](C)(C)C)[Si](C)(C)C,"[25, 32]",[],6.848479120227945e-12
17,bottom,CC(C)(C)c1cc2c3cc(cc4c5cc(cc6c7cc(cc8c9cc(cc%10c%11cc(cc%12c(c1)c2c1c(c34)c(c56)c(c78)c(c9%10)c1c%11%12)C(C)(C)C)C(C)(C)C)C(C)(C)C)C(C)(C)C)P(c1cc2c3cc(cc4c5cc(cc6c7cc(cc8c9cc(cc%10c%11cc(cc%12c(c1)c2c1c(c34)c(c56)c(c78)c(c9%10)c1c%11%12)C(C)(C)C)C(C)(C)C)C(C)(C)C)C(C)(C)C)C(C)(C)C)c1cc2c3cc(cc4c5cc(cc6c7cc(cc8c9cc(cc%10c%11cc(cc%12c(c1)c2c1c(c34)c(c56)c(c78)c(c9%10)c1c%11%12)C(C)(C)C)C(C)(C)C)C(C)(C)C)C(C)(C)C)C(C)(C)C,[62],"[{'functional_group': 'phenyl', 'smiles_inds': [67]}]",1.1268222972169186e-11
17,bottom,CC1=C(C)C[Ge]2([Ge]([Ge]2(C1)[Si](C(C)(C)C)(C(C)(C)C)C(C)(C)C)[Si](C(C)(C)C)(C(C)(C)C)C(C)(C)C)[Si](C(C)(C)C)(C(C)(C)C)C(C)(C)C,[6],"[{'functional_group': 'phenyl', 'smiles_inds': [25]}]",2.0937961566616464e-11
17,bottom,CC(C)(C)[Si]([SiH]1[Si]2(CC[Si]3(OCCOCCOCCOCCOCCO3)[Si]12[Si](C(C)(C)C)(C(C)(C)C)C(C)(C)C)[Si](C(C)(C)C)(C(C)(C)C)C(C)(C)C)(C(C)(C)C)C(C)(C)C,"[22, 19, 16]",[],2.4442702750084223e-11
17,bottom,CCCCCC1c2cc3C(CCCCC)c4cc5C(CCCCC)c6cc7C(CCCCC)c8cc1c1OCOc2cc3OCOc4c(P(c2ccccc2)c2ccccc2)c5OCOc6cc7OCOc8c1OCc1cccc(COc2c3OCOc4cc5OCOc6c7cc8C(CCCCC)c9cc%10C(CCCCC)c(cc3C(CCCCC)c4cc5C7CCCCC)c2OCOc%10cc9OCOc8c6P(c2ccccc2)c2ccccc2)c1,"[48, 142]",[],9.729247889921073e-11
17,bottom,CC(C)(C)c1cc2c(OP(OC3C(CO[Si](c4ccccc4)(c4ccccc4)C(C)(C)C)OC(CO[Si](c4ccccc4)(c4ccccc4)C(C)(C)C)C3OP3Oc4c(cc(cc4C(C)(C)C)C(C)(C)C)c4cc(cc(c4O3)C(C)(C)C)C(C)(C)C)Oc3c2cc(cc3C(C)(C)C)C(C)(C)C)c(c1)C(C)(C)C,"[9, 55]","[{'functional_group': 'amide', 'smiles_inds': [50]}]",4.1264682040261167e-10
17,bottom,CC(C)(C)c1cc2c(OP(OC3C(CO[Si](c4ccccc4)(c4ccccc4)C(C)(C)C)OC(CO[Si](c4ccccc4)(c4ccccc4)C(C)(C)C)C3OP3Oc4c(cc(cc4C(C)(C)C)C(C)(C)C)c4cc(cc(c4O3)C(C)(C)C)C(C)(C)C)Oc3c2cc(cc3C(C)(C)C)C(C)(C)C)c(c1)C(C)(C)C,"[9, 55]",[],9.428904556418643e-10
17,bottom,C[Si](C)(C)c1cc(cc(c1)[Si](C)(C)C)P(c1cc(cc(c1)[Si](C)(C)C)[Si](C)(C)C)c1ccccc1P(c1cc(cc(c1)[Si](C)(C)C)[Si](C)(C)C)c1cc(cc(c1)[Si](C)(C)C)[Si](C)(C)C,"[35, 14]",[],1.0604123013692333e-09
17,bottom,FC(F)(F)C(F)(F)C(F)(F)C(F)(F)C(F)(F)C(F)(F)C(F)(F)C(F)(F)c1cc(cc(c1)C(F)(F)C(F)(F)C(F)(F)C(F)(F)C(F)(F)C(F)(F)C(F)(F)C(F)(F)F)c1cccc(c2cc(cc(c2)C(F)(F)C(F)(F)C(F)(F)C(F)(F)C(F)(F)C(F)(F)C(F)(F)C(F)(F)F)C(F)(F)C(F)(F)C(F)(F)C(F)(F)C(F)(F)C(F)(F)C(F)(F)C(F)(F)F)c1N=Cc1cc(I)cc(I)c1[O-],"[118, 128]","[{'functional_group': 'trifluro', 'smiles_inds': [57]}]",1.0903518545687127e-09
17,bottom,FC(F)(F)C(F)(F)C(F)(F)C(F)(F)C(F)(F)C(F)(F)C(F)(F)C(F)(F)CCP(CCC(F)(F)C(F)(F)C(F)(F)C(F)(F)C(F)(F)C(F)(F)C(F)(F)C(F)(F)F)CCC(F)(F)C(F)(F)C(F)(F)C(F)(F)C(F)(F)C(F)(F)C(F)(F)C(F)(F)F,[27],[],1.6020077543159962e-09
17,bottom,CCCCCCCCCCCC1c2cc3C(CCCCCCCCCCC)c4cc5C(CCCCCCCCCCC)c6cc(C(CCCCCCCCCCC)c7cc1c(OCCOCCOCCOCCOc3cc2OC)cc7OC)c(OCCOCCOCCOCCOc5cc4OC)cc6OC,"[87, 90, 102]",[],2.5245604425925215e-09
17,bottom,C1CCCCCCCOc2ccc(cc2)P2c3ccc(OCCCCCCCCCCCCCCOc4ccc(cc4)P(c4ccc(OCCCCCC1)cc4)c1ccc(OCCCCCCCCCCCCCCOc4ccc2cc4)cc1)cc3,"[15, 42]","[{'functional_group': 'iodo', 'smiles_inds': [81]}, {'functional_group': 'ethyl_ester', 'smiles_inds': [26]}, {'functional_group': 'ether', 'smiles_inds': [27]}]",2.9217396747998585e-09
17,bottom,CC(C)c1cccc(C(C)C)c1c1cc(NCCN(CCNc2cc(cc(c2)c2c(cccc2C(C)C)C(C)C)c2c(cccc2C(C)C)C(C)C)CCNc2cc(cc(c2)c2c(cccc2C(C)C)C(C)C)c2c(cccc2C(C)C)C(C)C)cc(c1)c1c(cccc1C(C)C)C(C)C,"[18, 15, 21]","[{'functional_group': 'phosphonate', 'smiles_inds': [23]}]",3.749315864152347e-09
17,bottom,C1CCN(C1)P(=Nc1ccc2ccccc2c1c1c(ccc2ccccc12)N=P(N=P(N1CCCC1)(N1CCCC1)N1CCCC1)(N1CCCC1)N1CCCC1)(N=P(N1CCCC1)(N1CCCC1)N1CCCC1)N1CCCC1,"[6, 27]",[],4.57898732874105e-09
17,bottom,CC(C)(C)[Si](C)(C)N[Si]1(N([Si](C)(C)C(C)(C)C)[Si](N[Si](C)(C)C(C)(C)C)(N1[Si](C)(C)C(C)(C)C)C(C)(C)C)C(C)(C)C,"[7, 18]",[],4.698109484304581e-09
17,bottom,CC(C)c1cc(cc(c1)C(C(=O)Nc1cccc(NC(=O)C(c2cc(cc(c2)C(C)C)C(C)C)(c2cc(cc(c2)C(C)C)C(C)C)c2cc(cc(c2)C(C)C)C(C)C)c1[S-])(c1cc(cc(c1)C(C)C)C(C)C)c1cc(cc(c1)C(C)C)C(C)C)C(C)C,"[59, 11]","[{'functional_group': 'thiol', 'smiles_inds': [14]}, {'functional_group': 'amide', 'smiles_inds': [85]}]",7.91705040277471e-09
17,median,CCOC(=O)[C-]=Cc1ccccc1,"[5, 4]",[],0.47576845331545875
17,median,[O-]c1ccccc1C1=Nc2ccccc2N1,"[8, 0]","[{'functional_group': 'ethyl_ester', 'smiles_inds': [5]}]",0.47580190206773376
17,median,CN=C(C)C=[C-]c1ccccc1,"[1, 5]","[{'functional_group': 'amide', 'smiles_inds': [11]}, {'functional_group': 'fluoro', 'smiles_inds': [10]}]",0.47582799311874885
17,median,[NH2+](CCCN=Cc1ccccn1)[CH-]c1ccccn1,"[11, 12, 4]",[],0.475857452598058
17,median,CC1=C(N=NC2=C(C)NN=C2C)C(=NN1)C,[13],[],0.4758604188680192
17,median,CNCC1(C)CNCNCC2(C)CNCN(CC(=C[N-]C2)N(=O)=O)C1,"[8, 19, 13, 6, 1, 15]",[],0.47586912130366743
17,median,CP(C)Oc1ccc(C)c[c-]1,"[1, 10]",[],0.4758840131724608
17,median,Nc1ncnc2N(Cc3ccc(nc3)c3ccccn3)C=Nc12,"[4, 19]","[{'functional_group': '2-hydroxypyridine', 'smiles_inds': [0]}]",0.4758915817209052
17,median,C(NCc1ccccn1)c1ccccn1,"[14, 1, 8]","[{'functional_group': 'ketone', 'smiles_inds': [7]}, {'functional_group': 'cyano', 'smiles_inds': [6]}, {'functional_group': 'amino', 'smiles_inds': [0]}]",0.47593086918910993
17,median,O=S1CCSCC1,[0],[],0.4760059951246259
17,median,CC1(C)OB(OC1(C)C)c1ccc(cc1)N=Cc1cc(ccc1[O-])N(=O)=O,"[15, 23]","[{'functional_group': 'iodo', 'smiles_inds': [21]}]",0.47604382734833967
17,median,C1NCC2=C1OC(=N2)c1ccccn1,"[7, 13]","[{'functional_group': 'phenyl', 'smiles_inds': [0]}, {'functional_group': 'carboxyllic_acid', 'smiles_inds': [2]}, {'functional_group': 'trichloro', 'smiles_inds': [12]}, {'functional_group': 'phenyl', 'smiles_inds': [10]}, {'functional_group': 'bromo', 'smiles_inds': [11]}, {'functional_group': 'methyl_ester', 'smiles_inds': [9]}]",0.47604444259048817
17,median,COc1cccc(C=Nc2ccc(Cl)cc2C(=O)c2ccccc2)c1[O-],"[25, 8]","[{'functional_group': 'cyano', 'smiles_inds': [20]}]",0.47605456385617223
17,median,COC(=O)C1NCOC1C,[5],[],0.47607452903566894
17,median,CN(C)C(=S)Oc1cccc([c-]1)P(=[Se])(c1ccccc1)c1ccccc1,"[13, 4, 11]","[{'functional_group': 'tribromo', 'smiles_inds': [18]}]",0.47611022505505524
17,median,CCCCCCN1C=CC(=O)NC1=O,[10],"[{'functional_group': 'methyl_ester', 'smiles_inds': [1]}]",0.4761184104467747
17,median,Cc1cccc(n1)c1ccc(cn1)c1ccccc1,"[12, 6]",[],0.4761350924262017
17,median,CCSC(SCC)=CC=S,[9],"[{'functional_group': 'fluoro', 'smiles_inds': [6]}]",0.4761415967041607
17,median,CN1C(=Nc2ccccc12)N,[3],[],0.4761542741830379
17,median,CC(=N)N1CCOCC1,[2],"[{'functional_group': '2-hydroxypyridine', 'smiles_inds': [5]}]",0.4761963625738053
17,top,c1cnc(nc1)c1nc(nc(n1)c1ncccn1)c1ncccn1,"[2, 7, 19]","[{'functional_group': 'carbonyl', 'smiles_inds': [15]}, {'functional_group': 'iodo', 'smiles_inds': [22]}, {'functional_group': 'carboxylate', 'smiles_inds': [0]}, {'functional_group': 'carboxylate', 'smiles_inds': [5]}, {'functional_group': 'cyano', 'smiles_inds': [20]}, {'functional_group': 'carboxylate', 'smiles_inds': [21]}, {'functional_group': 'trichloro', 'smiles_inds': [14]}]",0.9999902476784738
17,top,c1cnc(nc1)c1nc(nc(n1)c1ncccn1)c1ncccn1,"[2, 7, 19]","[{'functional_group': 'carbonyl', 'smiles_inds': [15]}, {'functional_group': 'iodo', 'smiles_inds': [22]}, {'functional_group': 'carboxylate', 'smiles_inds': [0]}, {'functional_group': 'carboxylate', 'smiles_inds': [5]}, {'functional_group': 'cyano', 'smiles_inds': [20]}, {'functional_group': 'carboxylate', 'smiles_inds': [21]}, {'functional_group': 'trichloro', 'smiles_inds': [16]}]",0.9999902476784738
17,top,c1cnc(nc1)c1nc(nc(n1)c1ncccn1)c1ncccn1,"[2, 7, 19]","[{'functional_group': 'carbonyl', 'smiles_inds': [15]}, {'functional_group': 'iodo', 'smiles_inds': [22]}, {'functional_group': 'carboxylate', 'smiles_inds': [0]}, {'functional_group': 'carboxylate', 'smiles_inds': [5]}, {'functional_group': 'cyano', 'smiles_inds': [20]}, {'functional_group': 'carboxylate', 'smiles_inds': [21]}, {'functional_group': '2-hydroxypyridine', 'smiles_inds': [14]}, {'functional_group': 'tribromo', 'smiles_inds': [1]}]",0.9999905891160756
17,top,c1cnc(nc1)c1nc(nc(n1)c1ncccn1)c1ncccn1,"[2, 7, 19]","[{'functional_group': 'carbonyl', 'smiles_inds': [15]}, {'functional_group': 'iodo', 'smiles_inds': [22]}, {'functional_group': 'carboxylate', 'smiles_inds': [0]}, {'functional_group': 'carboxylate', 'smiles_inds': [5]}, {'functional_group': 'cyano', 'smiles_inds': [20]}, {'functional_group': 'carboxylate', 'smiles_inds': [21]}, {'functional_group': 'carboxylate', 'smiles_inds': [16]}, {'functional_group': 'cyano', 'smiles_inds': [1]}, {'functional_group': 'methyl', 'smiles_inds': [14]}]",0.999991253554499
17,top,c1cnc(nc1)c1nc(nc(n1)c1ncccn1)c1ncccn1,"[2, 7, 19]","[{'functional_group': 'carbonyl', 'smiles_inds': [15]}, {'functional_group': 'iodo', 'smiles_inds': [22]}, {'functional_group': 'carboxylate', 'smiles_inds': [0]}, {'functional_group': 'carboxylate', 'smiles_inds': [5]}, {'functional_group': 'cyano', 'smiles_inds': [20]}, {'functional_group': 'carboxylate', 'smiles_inds': [21]}, {'functional_group': 'carboxylate', 'smiles_inds': [16]}, {'functional_group': 'cyano', 'smiles_inds': [1]}, {'functional_group': 'hydroxyl', 'smiles_inds': [14]}]",0.9999914308214108
17,top,c1cnc(nc1)c1nc(nc(n1)c1ncccn1)c1ncccn1,"[2, 7, 19]","[{'functional_group': 'carbonyl', 'smiles_inds': [15]}, {'functional_group': 'iodo', 'smiles_inds': [22]}, {'functional_group': 'carboxylate', 'smiles_inds': [0]}, {'functional_group': 'carboxylate', 'smiles_inds': [5]}, {'functional_group': 'cyano', 'smiles_inds': [20]}, {'functional_group': 'carboxylate', 'smiles_inds': [21]}, {'functional_group': 'carboxylate', 'smiles_inds': [16]}, {'functional_group': 'cyano', 'smiles_inds': [1]}, {'functional_group': 'amide', 'smiles_inds': [14]}]",0.9999917797290042
17,top,c1cnc(nc1)c1nc(nc(n1)c1ncccn1)c1ncccn1,"[2, 7, 19]","[{'functional_group': 'carbonyl', 'smiles_inds': [15]}, {'functional_group': 'iodo', 'smiles_inds': [22]}, {'functional_group': 'carboxylate', 'smiles_inds': [0]}, {'functional_group': 'carboxylate', 'smiles_inds': [5]}, {'functional_group': 'cyano', 'smiles_inds': [20]}, {'functional_group': 'carboxylate', 'smiles_inds': [21]}, {'functional_group': 'carboxylate', 'smiles_inds': [16]}, {'functional_group': 'cyano', 'smiles_inds': [1]}, {'functional_group': 'cyano', 'smiles_inds': [14]}]",0.9999920463452696
17,top,c1cnc(nc1)c1nc(nc(n1)c1ncccn1)c1ncccn1,"[2, 7, 19]","[{'functional_group': 'carbonyl', 'smiles_inds': [15]}, {'functional_group': 'iodo', 'smiles_inds': [22]}, {'functional_group': 'carboxylate', 'smiles_inds': [0]}, {'functional_group': 'carboxylate', 'smiles_inds': [5]}, {'functional_group': 'cyano', 'smiles_inds': [20]}, {'functional_group': 'carboxylate', 'smiles_inds': [21]}, {'functional_group': 'carboxylate', 'smiles_inds': [16]}, {'functional_group': 'cyano', 'smiles_inds': [1]}, {'functional_group': 'bromo', 'smiles_inds': [14]}]",0.9999926765568251
17,top,c1cnc(nc1)c1nc(nc(n1)c1ncccn1)c1ncccn1,"[2, 7, 19]","[{'functional_group': 'carbonyl', 'smiles_inds': [15]}, {'functional_group': 'iodo', 'smiles_inds': [22]}, {'functional_group': 'carboxylate', 'smiles_inds': [0]}, {'functional_group': 'carboxylate', 'smiles_inds': [5]}, {'functional_group': 'cyano', 'smiles_inds': [20]}, {'functional_group': 'carboxylate', 'smiles_inds': [21]}, {'functional_group': 'methyl_ester', 'smiles_inds': [14]}, {'functional_group': 'carboxylate', 'smiles_inds': [1]}]",0.9999928760313205
17,top,c1cnc(nc1)c1nc(nc(n1)c1ncccn1)c1ncccn1,"[2, 7, 19]","[{'functional_group': 'carbonyl', 'smiles_inds': [15]}, {'functional_group': 'iodo', 'smiles_inds': [22]}, {'functional_group': 'carboxylate', 'smiles_inds': [0]}, {'functional_group': 'carboxylate', 'smiles_inds': [5]}, {'functional_group': 'cyano', 'smiles_inds': [20]}, {'functional_group': 'carboxylate', 'smiles_inds': [21]}, {'functional_group': 'carboxylate', 'smiles_inds': [16]}, {'functional_group': 'cyano', 'smiles_inds': [1]}, {'functional_group': 'carboxyllic_acid', 'smiles_inds': [14]}]",0.9999929377014477
17,top,c1cnc(nc1)c1nc(nc(n1)c1ncccn1)c1ncccn1,"[2, 7, 19]","[{'functional_group': 'carbonyl', 'smiles_inds': [15]}, {'functional_group': 'iodo', 'smiles_inds': [22]}, {'functional_group': 'carboxylate', 'smiles_inds': [0]}, {'functional_group': 'carboxylate', 'smiles_inds': [5]}, {'functional_group': 'cyano', 'smiles_inds': [20]}, {'functional_group': 'carboxylate', 'smiles_inds': [21]}, {'functional_group': 'carboxylate', 'smiles_inds': [16]}, {'functional_group': 'cyano', 'smiles_inds': [1]}, {'functional_group': 'carboxyl', 'smiles_inds': [14]}]",0.9999929377014477
17,top,c1cnc(nc1)c1nc(nc(n1)c1ncccn1)c1ncccn1,"[2, 7, 19]","[{'functional_group': 'carbonyl', 'smiles_inds': [15]}, {'functional_group': 'iodo', 'smiles_inds': [22]}, {'functional_group': 'carboxylate', 'smiles_inds': [0]}, {'functional_group': 'carboxylate', 'smiles_inds': [5]}, {'functional_group': 'cyano', 'smiles_inds': [20]}, {'functional_group': 'carboxylate', 'smiles_inds': [21]}, {'functional_group': 'carboxylate', 'smiles_inds': [16]}, {'functional_group': 'cyano', 'smiles_inds': [1]}, {'functional_group': 'phosphonate', 'smiles_inds': [14]}]",0.9999932132391107
17,top,c1cnc(nc1)c1nc(nc(n1)c1ncccn1)c1ncccn1,"[2, 7, 19]","[{'functional_group': 'carbonyl', 'smiles_inds': [15]}, {'functional_group': 'iodo', 'smiles_inds': [22]}, {'functional_group': 'carboxylate', 'smiles_inds': [0]}, {'functional_group': 'carboxylate', 'smiles_inds': [5]}, {'functional_group': 'cyano', 'smiles_inds': [20]}, {'functional_group': 'carboxylate', 'smiles_inds': [21]}, {'functional_group': 'carboxylate', 'smiles_inds': [16]}, {'functional_group': 'cyano', 'smiles_inds': [1]}, {'functional_group': 'trichloro', 'smiles_inds': [14]}]",0.9999941440269684
17,top,c1cnc(nc1)c1nc(nc(n1)c1ncccn1)c1ncccn1,"[2, 7, 19]","[{'functional_group': 'carbonyl', 'smiles_inds': [15]}, {'functional_group': 'iodo', 'smiles_inds': [22]}, {'functional_group': 'carboxylate', 'smiles_inds': [0]}, {'functional_group': 'carboxylate', 'smiles_inds': [5]}, {'functional_group': 'cyano', 'smiles_inds': [20]}, {'functional_group': 'carboxylate', 'smiles_inds': [21]}, {'functional_group': 'aldehyde', 'smiles_inds': [1]}]",0.9999942068772671
17,top,c1cnc(nc1)c1nc(nc(n1)c1ncccn1)c1ncccn1,"[2, 7, 19]","[{'functional_group': 'carbonyl', 'smiles_inds': [15]}, {'functional_group': 'iodo', 'smiles_inds': [22]}, {'functional_group': 'carboxylate', 'smiles_inds': [0]}, {'functional_group': 'carboxylate', 'smiles_inds': [5]}, {'functional_group': 'cyano', 'smiles_inds': [20]}, {'functional_group': 'carboxylate', 'smiles_inds': [21]}, {'functional_group': 'carboxylate', 'smiles_inds': [16]}, {'functional_group': 'cyano', 'smiles_inds': [1]}, {'functional_group': 'tribromo', 'smiles_inds': [14]}]",0.9999947923611381
17,top,c1cnc(nc1)c1nc(nc(n1)c1ncccn1)c1ncccn1,"[2, 7, 19]","[{'functional_group': 'carbonyl', 'smiles_inds': [15]}, {'functional_group': 'iodo', 'smiles_inds': [22]}, {'functional_group': 'carboxylate', 'smiles_inds': [0]}, {'functional_group': 'carboxylate', 'smiles_inds': [5]}, {'functional_group': 'cyano', 'smiles_inds': [20]}, {'functional_group': 'carboxylate', 'smiles_inds': [21]}, {'functional_group': 'carboxylate', 'smiles_inds': [16]}, {'functional_group': 'cyano', 'smiles_inds': [1]}, {'functional_group': 'ketone', 'smiles_inds': [14]}]",0.9999948083713415
17,top,c1cnc(nc1)c1nc(nc(n1)c1ncccn1)c1ncccn1,"[2, 7, 19]","[{'functional_group': 'carbonyl', 'smiles_inds': [15]}, {'functional_group': 'iodo', 'smiles_inds': [22]}, {'functional_group': 'carboxylate', 'smiles_inds': [0]}, {'functional_group': 'carboxylate', 'smiles_inds': [5]}, {'functional_group': 'cyano', 'smiles_inds': [20]}, {'functional_group': 'carboxylate', 'smiles_inds': [21]}, {'functional_group': 'carboxylate', 'smiles_inds': [16]}, {'functional_group': 'cyano', 'smiles_inds': [1]}, {'functional_group': '2-hydroxypyridine', 'smiles_inds': [14]}]",0.9999948692714178
17,top,c1cnc(nc1)c1nc(nc(n1)c1ncccn1)c1ncccn1,"[2, 7, 19]","[{'functional_group': 'carbonyl', 'smiles_inds': [15]}, {'functional_group': 'iodo', 'smiles_inds': [22]}, {'functional_group': 'carboxylate', 'smiles_inds': [0]}, {'functional_group': 'carboxylate', 'smiles_inds': [5]}, {'functional_group': 'cyano', 'smiles_inds': [20]}, {'functional_group': 'carboxylate', 'smiles_inds': [21]}, {'functional_group': 'carboxylate', 'smiles_inds': [16]}, {'functional_group': 'cyano', 'smiles_inds': [1]}, {'functional_group': 'aldehyde', 'smiles_inds': [14]}]",0.9999960364904927
17,top,c1cnc(nc1)c1nc(nc(n1)c1ncccn1)c1ncccn1,"[2, 7, 19]","[{'functional_group': 'carbonyl', 'smiles_inds': [15]}, {'functional_group': 'iodo', 'smiles_inds': [22]}, {'functional_group': 'carboxylate', 'smiles_inds': [0]}, {'functional_group': 'carboxylate', 'smiles_inds': [5]}, {'functional_group': 'cyano', 'smiles_inds': [20]}, {'functional_group': 'carboxylate', 'smiles_inds': [21]}, {'functional_group': 'carboxylate', 'smiles_inds': [14]}]",0.9999967562196076
17,top,c1cnc(nc1)c1nc(nc(n1)c1ncccn1)c1ncccn1,"[2, 7, 19]","[{'functional_group': 'carbonyl', 'smiles_inds': [15]}, {'functional_group': 'iodo', 'smiles_inds': [22]}, {'functional_group': 'carboxylate', 'smiles_inds': [0]}, {'functional_group': 'carboxylate', 'smiles_inds': [5]}, {'functional_group': 'cyano', 'smiles_inds': [20]}, {'functional_group': 'carboxylate', 'smiles_inds': [21]}, {'functional_group': 'carboxylate', 'smiles_inds': [1]}]",0.9999971530843411
18,bottom,C[Si](C)(CCC(F)(F)C(F)(F)C(F)(F)C(F)(F)C(F)(F)C(F)(F)F)c1ccc(cc1)P(CCP(c1ccc(cc1)[Si](C)(C)CCC(F)(F)C(F)(F)C(F)(F)C(F)(F)C(F)(F)C(F)(F)F)c1ccc(cc1)[Si](C)(C)CCC(F)(F)C(F)(F)C(F)(F)C(F)(F)C(F)(F)C(F)(F)F)c1ccc(cc1)[Si](C)(C)CCC(F)(F)C(F)(F)C(F)(F)C(F)(F)C(F)(F)C(F)(F)F,"[30, 33]","[{'functional_group': 'cyanimide', 'smiles_inds': [41]}, {'functional_group': 'ethyl', 'smiles_inds': [74]}]",6.448294057189738e-16
18,bottom,CP(CCP(C)c1c(cc(cc1C([Si](C)(C)C)[Si](C)(C)C)C([Si](C)(C)C)([Si](C)(C)C)[Si](C)(C)C)C([Si](C)(C)C)[Si](C)(C)C)c1c(cc(cc1C([Si](C)(C)C)[Si](C)(C)C)C([Si](C)(C)C)([Si](C)(C)C)[Si](C)(C)C)C([Si-](C)C)[Si](C)(C)C,"[4, 72, 1]","[{'functional_group': 'cyanimide', 'smiles_inds': [45]}]",8.44483190184688e-15
18,bottom,CP(CCP(C)c1c(cc(cc1C([Si](C)(C)C)[Si](C)(C)C)C([Si](C)(C)C)([Si](C)(C)C)[Si](C)(C)C)C([Si](C)(C)C)[Si](C)(C)C)c1c(cc(cc1C([Si](C)(C)C)[Si](C)(C)C)C([Si](C)(C)C)([Si](C)(C)C)[Si](C)(C)C)C([Si-](C)C)[Si](C)(C)C,"[4, 72, 1]",[],1.7636470915377243e-14
18,bottom,C[Si](C)(C)c1cc(cc(c1)[Si](C)(C)C)C(C(=O)Nc1cccc(NC(=O)C(c2cc(cc(c2)[Si](C)(C)C)[Si](C)(C)C)(c2cc(cc(c2)[Si](C)(C)C)[Si](C)(C)C)c2cc(cc(c2)[Si](C)(C)C)[Si](C)(C)C)c1[S-])(c1cc(cc(c1)[Si](C)(C)C)[Si](C)(C)C)c1cc(cc(c1)[Si](C)(C)C)[Si](C)(C)C,"[70, 16]","[{'functional_group': 'thiol', 'smiles_inds': [32]}]",7.984645159555754e-14
18,bottom,C[Si](C)(C)C(c1cc(C([Si](C)(C)C)[Si](C)(C)C)c(Sc2ccccc2Sc2ccccc2Sc2ccccc2Sc2c(cc(cc2C([Si](C)(C)C)[Si](C)(C)C)C([Si](C)(C)C)[Si](C)(C)C)C([Si](C)(C)C)[Si](C)(C)C)c(c1)C([Si](C)(C)C)[Si](C)(C)C)[Si](C)(C)C,"[25, 32]",[],1.2646854523177812e-12
18,bottom,C[Si](C)(C)C(c1cc(C([Si](C)(C)C)[Si](C)(C)C)c([Se]c2ccccc2Sc2ccccc2Sc2ccccc2[Se]c2c(cc(cc2C([Si](C)(C)C)[Si](C)(C)C)C([Si](C)(C)C)[Si](C)(C)C)C([Si](C)(C)C)[Si](C)(C)C)c(c1)C([Si](C)(C)C)[Si](C)(C)C)[Si](C)(C)C,"[25, 32]",[],2.1336389117574915e-12
18,bottom,C[Si](C)(C)C(c1cc(C([Si](C)(C)C)[Si](C)(C)C)c(Sc2ccccc2[Se]c2ccccc2[Se]c2ccccc2Sc2c(cc(cc2C([Si](C)(C)C)[Si](C)(C)C)C([Si](C)(C)C)[Si](C)(C)C)C([Si](C)(C)C)[Si](C)(C)C)c(c1)C([Si](C)(C)C)[Si](C)(C)C)[Si](C)(C)C,"[25, 32]","[{'functional_group': '2-hydroxypyridine', 'smiles_inds': [52]}]",3.942092472115816e-12
18,bottom,CC(C)(C)[Si]([SiH]1[Si]2(CC[Si]3(OCCOCCOCCOCCOCCO3)[Si]12[Si](C(C)(C)C)(C(C)(C)C)C(C)(C)C)[Si](C(C)(C)C)(C(C)(C)C)C(C)(C)C)(C(C)(C)C)C(C)(C)C,"[22, 19, 16]","[{'functional_group': 'phenyl', 'smiles_inds': [5]}]",1.2253609435613918e-11
18,bottom,CC(C)(C)c1cc2c(OP(Oc3c2cc(cc3C(C)(C)C)C(C)(C)C)O[Si]2(O[Si]3(O[Si](OP4Oc5c(cc(cc5C(C)(C)C)C(C)(C)C)c5cc(cc(c5O4)C(C)(C)C)C(C)(C)C)(O[Si]4(O[Si](O3)(O[Si](O2)(O[Si](O4)(O[Si](C)(c2ccccc2)c2ccccc2)C2CCCC2)C2CCCC2)C2CCCC2)C2CCCC2)C2CCCC2)C2CCCC2)C2CCCC2)c(c1)C(C)(C)C,"[9, 32]","[{'functional_group': 'ether', 'smiles_inds': [41]}, {'functional_group': 'thiol', 'smiles_inds': [117]}]",2.4420107149503097e-11
18,bottom,CCCCCC1c2cc3C(CCCCC)c4cc5C(CCCCC)c6cc7C(CCCCC)c8cc1c1OCOc2cc3OCOc4c(P(c2ccccc2)c2ccccc2)c5OCOc6cc7OCOc8c1OCc1cccc(COc2c3OCOc4cc5OCOc6c7cc8C(CCCCC)c9cc%10C(CCCCC)c(cc3C(CCCCC)c4cc5C7CCCCC)c2OCOc%10cc9OCOc8c6P(c2ccccc2)c2ccccc2)c1,"[48, 142]","[{'functional_group': '2-hydroxypyridine', 'smiles_inds': [122]}]",5.455413160918289e-11
18,bottom,CCCCCC1c2cc3C(CCCCC)c4cc5C(CCCCC)c6cc7C(CCCCC)c8cc1c1OCOc2cc3OCOc4c(P(c2ccccc2)c2ccccc2)c5OCOc6cc7OCOc8c1OCc1cccc(COc2c3OCOc4cc5OCOc6c7cc8C(CCCCC)c9cc%10C(CCCCC)c(cc3C(CCCCC)c4cc5C7CCCCC)c2OCOc%10cc9OCOc8c6P(c2ccccc2)c2ccccc2)c1,"[48, 142]",[],1.0577833977960456e-10
18,bottom,CC(C)(C)[Si](C)([Si]12[Ge][Si]1([Si](C)(C(C)(C)C)C(C)(C)C)[Si]2([Si](C)(C(C)(C)C)C(C)(C)C)[Si](C)(C(C)(C)C)C(C)(C)C)C(C)(C)C,[7],[],3.256119920534095e-10
18,bottom,C[Si]([Ge]1[Si]2([Ge]([Si]12[Si](C)(C(C)(C)C)C(C)(C)C)[Si](C)(C(C)(C)C)C(C)(C)C)[Si](C)(C(C)(C)C)C(C)(C)C)(C(C)(C)C)C(C)(C)C,"[2, 4]",[],3.3035992420401957e-10
18,bottom,Cc1cc(C(c2ccc(cc2)C2CCCCC2)c2ccc(cc2)C2CCCCC2)c(N=C(C)C(C)=Nc2c(cc(C)cc2C(c2ccc(cc2)C2CCCCC2)c2ccc(cc2)C2CCCCC2)C(c2ccc(cc2)C2CCCCC2)c2ccc(cc2)C2CCCCC2)c(c1)C(c1ccc(cc1)C1CCCCC1)c1ccc(cc1)C1CCCCC1,"[30, 35]","[{'functional_group': 'trifluro', 'smiles_inds': [86]}, {'functional_group': 'trifluro', 'smiles_inds': [105]}]",5.803204483057145e-10
18,bottom,FC(F)(F)C(F)(F)C(F)(F)C(F)(F)C(F)(F)C(F)(F)c1ccc(cc1)P(CCP(c1ccc(cc1)C(F)(F)C(F)(F)C(F)(F)C(F)(F)C(F)(F)C(F)(F)F)c1ccc(cc1)C(F)(F)C(F)(F)C(F)(F)C(F)(F)C(F)(F)C(F)(F)F)c1ccc(cc1)C(F)(F)C(F)(F)C(F)(F)C(F)(F)C(F)(F)C(F)(F)F,"[25, 28]",[],6.237736400866891e-10
18,bottom,C1CCCP(CCCCCCC=CCCCCCCP(CCCCCCC=CCCCCCCP(CCCCCCC=CCC1)c1ccccc1)c1ccccc1)c1ccccc1,"[4, 34, 19]","[{'functional_group': 'iodo', 'smiles_inds': [52]}, {'functional_group': 'ether', 'smiles_inds': [47]}]",7.170191833200436e-10
18,bottom,C1CCCP(CCCCCCC=CCCCCCCP(CCCCCCC=CCCCCCCP(CCCCCCC=CCC1)c1ccccc1)c1ccccc1)c1ccccc1,"[4, 34, 19]",[],7.293779297163492e-10
18,bottom,Cc1cc(C)c(B(CCCP(CCCB(c2c(C)cc(C)cc2C)c2c(C)cc(C)cc2C)CCP(CCCB(c2c(C)cc(C)cc2C)c2c(C)cc(C)cc2C)CCCB(c2c(C)cc(C)cc2C)c2c(C)cc(C)cc2C)c2c(C)cc(C)cc2C)c(C)c1,"[35, 10]","[{'functional_group': 'amino', 'smiles_inds': [27]}]",8.132739979398366e-10
18,bottom,Cc1cc(C)c(B(CCCP(CCCB(c2c(C)cc(C)cc2C)c2c(C)cc(C)cc2C)CCP(CCCB(c2c(C)cc(C)cc2C)c2c(C)cc(C)cc2C)CCCB(c2c(C)cc(C)cc2C)c2c(C)cc(C)cc2C)c2c(C)cc(C)cc2C)c(C)c1,"[35, 10]",[],9.801817174943612e-10
18,bottom,C[Si](C)(C)c1cc(cc(c1)[Si](C)(C)C)P(c1cc(cc(c1)[Si](C)(C)C)[Si](C)(C)C)c1ccccc1P(c1cc(cc(c1)[Si](C)(C)C)[Si](C)(C)C)c1cc(cc(c1)[Si](C)(C)C)[Si](C)(C)C,"[35, 14]",[],1.1031172016598909e-09
18,median,CCCCCCCCCCSC(N)=NN=Cc1ccccc1[O-],"[22, 14, 12]","[{'functional_group': 'ether', 'smiles_inds': [1]}]",0.47602928433346836
18,median,CC(C=NNc1ccccc1)=NNc1ccccn1,"[3, 11, 18]","[{'functional_group': 'ketone', 'smiles_inds': [4]}]",0.47608140451496817
18,median,[NH3+]CCNC(=O)c1ccnc(c1)c1cc(C)ccn1,"[18, 9]","[{'functional_group': 'phosphonate', 'smiles_inds': [7]}]",0.476097248604095
18,median,COC(=O)C(N)Cc1ccc(O)c[c-]1,"[5, 13]","[{'functional_group': 'cyanimide', 'smiles_inds': [0]}]",0.4761544145934684
18,median,CC1(C)OCCN1C([S-])=NC(=O)c1ccccc1Cl,"[8, 11]","[{'functional_group': 'cyanimide', 'smiles_inds': [5]}]",0.47621794104550313
18,median,CC1N=C(OC1c1ccccc1)c1ccccc1[O-],"[18, 2]","[{'functional_group': 'trichloro', 'smiles_inds': [5]}, {'functional_group': 'phenyl', 'smiles_inds': [11]}]",0.4762735438585313
18,median,O=CNC1CCCCC1,[0],[],0.4762758408354756
18,median,CCCCCCCCCCN=Cc1c([O-])ccc2cc(O)ccc12,"[14, 10]","[{'functional_group': 'carboxylate', 'smiles_inds': [4]}]",0.4762882025859223
18,median,CC1=CC(=NC1)C,[4],[],0.47630880401524583
18,median,CCNC(=S)NN=C1CCCC1,[4],[],0.47630911980570384
18,median,CN(C)CCNC(CC(C)=O)c1[c-]c(F)c(F)c(F)c1F,"[12, 5, 1]","[{'functional_group': 'fluoro', 'smiles_inds': [0]}]",0.4763099533150116
18,median,CCO[B-]Nc1cccc2cccnc12,"[3, 13]",[],0.47634366190271277
18,median,CC(C=C([O-])c1ccc(Cl)cc1Cl)=Nc1ccccc1,"[4, 13]",[],0.4764053843128111
18,median,CCC(C)N1CCCC1=O,[9],[],0.47643102831090917
18,median,C1CNCc2cccc(CNCCCNCc3cccc(CNC1)n3)n2,"[25, 10, 2, 14, 22, 24]",[],0.47643460429665274
18,median,Cc1ccc2N=C3N(c4ccccc4N4c5cc(C)ccc5N=C34)c2c1,"[22, 5]","[{'functional_group': 'cyano', 'smiles_inds': [25]}]",0.4764782708679044
18,median,CC(C=C([O-])c1ccccc1)=NCCN1CCOCC1,"[11, 4]",[],0.47652232280262014
18,median,CC(O)c1cccc(n1)c1cccc(n1)C(C)O,"[2, 8, 14]",[],0.47655982885633863
18,median,COC(=O)Cc1ccncc1,[8],"[{'functional_group': 'amide', 'smiles_inds': [0]}]",0.4766212395328996
18,median,FC(F)(F)c1cccc(c1P)C(F)(F)F,"[10, 0]","[{'functional_group': 'trichloro', 'smiles_inds': [6]}]",0.4766288877811795
18,top,c1cnc(nc1)c1nc(nc(n1)c1ncccn1)c1ncccn1,"[2, 7, 19]","[{'functional_group': 'carbonyl', 'smiles_inds': [15]}, {'functional_group': 'iodo', 'smiles_inds': [22]}, {'functional_group': 'carboxylate', 'smiles_inds': [0]}, {'functional_group': 'carboxylate', 'smiles_inds': [5]}, {'functional_group': 'cyano', 'smiles_inds': [20]}, {'functional_group': 'carboxylate', 'smiles_inds': [21]}, {'functional_group': 'ethyl', 'smiles_inds': [16]}, {'functional_group': 'carboxylate', 'smiles_inds': [1]}]",0.9999935770250273
18,top,c1cnc(nc1)c1nc(nc(n1)c1ncccn1)c1ncccn1,"[2, 7, 19]","[{'functional_group': 'carbonyl', 'smiles_inds': [15]}, {'functional_group': 'iodo', 'smiles_inds': [22]}, {'functional_group': 'carboxylate', 'smiles_inds': [0]}, {'functional_group': 'carboxylate', 'smiles_inds': [5]}, {'functional_group': 'cyano', 'smiles_inds': [20]}, {'functional_group': 'carboxylate', 'smiles_inds': [21]}, {'functional_group': 'ethyl', 'smiles_inds': [16]}, {'functional_group': 'carboxylate', 'smiles_inds': [14]}]",0.9999935909342653
18,top,c1cnc(nc1)c1nc(nc(n1)c1ncccn1)c1ncccn1,"[2, 7, 19]","[{'functional_group': 'carbonyl', 'smiles_inds': [15]}, {'functional_group': 'iodo', 'smiles_inds': [22]}, {'functional_group': 'carboxylate', 'smiles_inds': [0]}, {'functional_group': 'carboxylate', 'smiles_inds': [5]}, {'functional_group': 'cyano', 'smiles_inds': [20]}, {'functional_group': 'carboxylate', 'smiles_inds': [21]}, {'functional_group': 'carboxylate', 'smiles_inds': [16]}, {'functional_group': 'cyano', 'smiles_inds': [1]}, {'functional_group': 'chloro', 'smiles_inds': [14]}]",0.9999941471856738
18,top,c1cnc(nc1)c1nc(nc(n1)c1ncccn1)c1ncccn1,"[2, 7, 19]","[{'functional_group': 'carbonyl', 'smiles_inds': [15]}, {'functional_group': 'iodo', 'smiles_inds': [22]}, {'functional_group': 'carboxylate', 'smiles_inds': [0]}, {'functional_group': 'carboxylate', 'smiles_inds': [5]}, {'functional_group': 'cyano', 'smiles_inds': [20]}, {'functional_group': 'carboxylate', 'smiles_inds': [21]}, {'functional_group': 'carboxylate', 'smiles_inds': [16]}, {'functional_group': 'cyano', 'smiles_inds': [1]}, {'functional_group': 'thiol', 'smiles_inds': [14]}]",0.9999943519327129
18,top,c1cnc(nc1)c1nc(nc(n1)c1ncccn1)c1ncccn1,"[2, 7, 19]","[{'functional_group': 'carbonyl', 'smiles_inds': [15]}, {'functional_group': 'iodo', 'smiles_inds': [22]}, {'functional_group': 'carboxylate', 'smiles_inds': [0]}, {'functional_group': 'carboxylate', 'smiles_inds': [5]}, {'functional_group': 'cyano', 'smiles_inds': [20]}, {'functional_group': 'carboxylate', 'smiles_inds': [21]}, {'functional_group': 'ketone', 'smiles_inds': [14]}]",0.9999944615182129
18,top,c1cnc(nc1)c1nc(nc(n1)c1ncccn1)c1ncccn1,"[2, 7, 19]","[{'functional_group': 'carbonyl', 'smiles_inds': [15]}, {'functional_group': 'iodo', 'smiles_inds': [22]}, {'functional_group': 'carboxylate', 'smiles_inds': [0]}, {'functional_group': 'carboxylate', 'smiles_inds': [5]}, {'functional_group': 'cyano', 'smiles_inds': [20]}, {'functional_group': 'carboxylate', 'smiles_inds': [21]}, {'functional_group': 'carboxylate', 'smiles_inds': [16]}, {'functional_group': 'cyano', 'smiles_inds': [1]}, {'functional_group': 'amide', 'smiles_inds': [14]}]",0.9999949408040615
18,top,c1cnc(nc1)c1nc(nc(n1)c1ncccn1)c1ncccn1,"[2, 7, 19]","[{'functional_group': 'carbonyl', 'smiles_inds': [15]}, {'functional_group': 'iodo', 'smiles_inds': [22]}, {'functional_group': 'carboxylate', 'smiles_inds': [0]}, {'functional_group': 'carboxylate', 'smiles_inds': [5]}, {'functional_group': 'cyano', 'smiles_inds': [20]}, {'functional_group': 'carboxylate', 'smiles_inds': [21]}, {'functional_group': 'carboxylate', 'smiles_inds': [16]}, {'functional_group': 'cyano', 'smiles_inds': [1]}, {'functional_group': 'amino', 'smiles_inds': [14]}]",0.9999950404571822
18,top,c1cnc(nc1)c1nc(nc(n1)c1ncccn1)c1ncccn1,"[2, 7, 19]","[{'functional_group': 'carbonyl', 'smiles_inds': [15]}, {'functional_group': 'iodo', 'smiles_inds': [22]}, {'functional_group': 'carboxylate', 'smiles_inds': [0]}, {'functional_group': 'carboxylate', 'smiles_inds': [5]}, {'functional_group': 'cyano', 'smiles_inds': [20]}, {'functional_group': 'carboxylate', 'smiles_inds': [21]}, {'functional_group': 'carboxylate', 'smiles_inds': [16]}, {'functional_group': 'cyano', 'smiles_inds': [1]}, {'functional_group': 'bromo', 'smiles_inds': [14]}]",0.9999951864751513
18,top,c1cnc(nc1)c1nc(nc(n1)c1ncccn1)c1ncccn1,"[2, 7, 19]","[{'functional_group': 'carbonyl', 'smiles_inds': [15]}, {'functional_group': 'iodo', 'smiles_inds': [22]}, {'functional_group': 'carboxylate', 'smiles_inds': [0]}, {'functional_group': 'carboxylate', 'smiles_inds': [5]}, {'functional_group': 'cyano', 'smiles_inds': [20]}, {'functional_group': 'carboxylate', 'smiles_inds': [21]}, {'functional_group': '2-hydroxypyridine', 'smiles_inds': [14]}, {'functional_group': 'aldehyde', 'smiles_inds': [16]}]",0.9999953535347669
18,top,c1cnc(nc1)c1nc(nc(n1)c1ncccn1)c1ncccn1,"[2, 7, 19]","[{'functional_group': 'carbonyl', 'smiles_inds': [15]}, {'functional_group': 'iodo', 'smiles_inds': [22]}, {'functional_group': 'carboxylate', 'smiles_inds': [0]}, {'functional_group': 'carboxylate', 'smiles_inds': [5]}, {'functional_group': 'cyano', 'smiles_inds': [20]}, {'functional_group': 'carboxylate', 'smiles_inds': [21]}, {'functional_group': 'carboxylate', 'smiles_inds': [16]}, {'functional_group': 'cyano', 'smiles_inds': [1]}, {'functional_group': 'phosphonate', 'smiles_inds': [14]}]",0.9999955085077716
18,top,c1cnc(nc1)c1nc(nc(n1)c1ncccn1)c1ncccn1,"[2, 7, 19]","[{'functional_group': 'carbonyl', 'smiles_inds': [15]}, {'functional_group': 'iodo', 'smiles_inds': [22]}, {'functional_group': 'carboxylate', 'smiles_inds': [0]}, {'functional_group': 'carboxylate', 'smiles_inds': [5]}, {'functional_group': 'cyano', 'smiles_inds': [20]}, {'functional_group': 'carboxylate', 'smiles_inds': [21]}, {'functional_group': 'carboxylate', 'smiles_inds': [16]}, {'functional_group': 'cyano', 'smiles_inds': [1]}, {'functional_group': 'carboxyllic_acid', 'smiles_inds': [14]}]",0.9999955392087947
18,top,c1cnc(nc1)c1nc(nc(n1)c1ncccn1)c1ncccn1,"[2, 7, 19]","[{'functional_group': 'carbonyl', 'smiles_inds': [15]}, {'functional_group': 'iodo', 'smiles_inds': [22]}, {'functional_group': 'carboxylate', 'smiles_inds': [0]}, {'functional_group': 'carboxylate', 'smiles_inds': [5]}, {'functional_group': 'cyano', 'smiles_inds': [20]}, {'functional_group': 'carboxylate', 'smiles_inds': [21]}, {'functional_group': 'carboxylate', 'smiles_inds': [16]}, {'functional_group': 'cyano', 'smiles_inds': [1]}, {'functional_group': 'iodo', 'smiles_inds': [14]}]",0.9999956634148084
18,top,c1cnc(nc1)c1nc(nc(n1)c1ncccn1)c1ncccn1,"[2, 7, 19]","[{'functional_group': 'carbonyl', 'smiles_inds': [15]}, {'functional_group': 'iodo', 'smiles_inds': [22]}, {'functional_group': 'carboxylate', 'smiles_inds': [0]}, {'functional_group': 'carboxylate', 'smiles_inds': [5]}, {'functional_group': 'cyano', 'smiles_inds': [20]}, {'functional_group': 'carboxylate', 'smiles_inds': [21]}, {'functional_group': 'carboxylate', 'smiles_inds': [16]}, {'functional_group': 'cyano', 'smiles_inds': [1]}, {'functional_group': 'trichloro', 'smiles_inds': [14]}]",0.9999962164099092
18,top,c1cnc(nc1)c1nc(nc(n1)c1ncccn1)c1ncccn1,"[2, 7, 19]","[{'functional_group': 'carbonyl', 'smiles_inds': [15]}, {'functional_group': 'iodo', 'smiles_inds': [22]}, {'functional_group': 'carboxylate', 'smiles_inds': [0]}, {'functional_group': 'carboxylate', 'smiles_inds': [5]}, {'functional_group': 'cyano', 'smiles_inds': [20]}, {'functional_group': 'carboxylate', 'smiles_inds': [21]}, {'functional_group': 'carboxylate', 'smiles_inds': [16]}, {'functional_group': 'cyano', 'smiles_inds': [1]}, {'functional_group': '2-hydroxypyridine', 'smiles_inds': [14]}]",0.9999964970369345
18,top,c1cnc(nc1)c1nc(nc(n1)c1ncccn1)c1ncccn1,"[2, 7, 19]","[{'functional_group': 'carbonyl', 'smiles_inds': [15]}, {'functional_group': 'iodo', 'smiles_inds': [22]}, {'functional_group': 'carboxylate', 'smiles_inds': [0]}, {'functional_group': 'carboxylate', 'smiles_inds': [5]}, {'functional_group': 'cyano', 'smiles_inds': [20]}, {'functional_group': 'carboxylate', 'smiles_inds': [21]}, {'functional_group': 'carboxylate', 'smiles_inds': [16]}, {'functional_group': 'cyano', 'smiles_inds': [1]}, {'functional_group': 'tribromo', 'smiles_inds': [14]}]",0.9999966491666215
18,top,c1cnc(nc1)c1nc(nc(n1)c1ncccn1)c1ncccn1,"[2, 7, 19]","[{'functional_group': 'carbonyl', 'smiles_inds': [15]}, {'functional_group': 'iodo', 'smiles_inds': [22]}, {'functional_group': 'carboxylate', 'smiles_inds': [0]}, {'functional_group': 'carboxylate', 'smiles_inds': [5]}, {'functional_group': 'cyano', 'smiles_inds': [20]}, {'functional_group': 'carboxylate', 'smiles_inds': [21]}, {'functional_group': 'carboxylate', 'smiles_inds': [16]}, {'functional_group': 'cyano', 'smiles_inds': [1]}, {'functional_group': 'carbonyl', 'smiles_inds': [14]}]",0.9999966626787631
18,top,c1cnc(nc1)c1nc(nc(n1)c1ncccn1)c1ncccn1,"[2, 7, 19]","[{'functional_group': 'carbonyl', 'smiles_inds': [15]}, {'functional_group': 'iodo', 'smiles_inds': [22]}, {'functional_group': 'carboxylate', 'smiles_inds': [0]}, {'functional_group': 'carboxylate', 'smiles_inds': [5]}, {'functional_group': 'cyano', 'smiles_inds': [20]}, {'functional_group': 'carboxylate', 'smiles_inds': [21]}, {'functional_group': 'carboxylate', 'smiles_inds': [16]}, {'functional_group': 'cyano', 'smiles_inds': [1]}, {'functional_group': 'ketone', 'smiles_inds': [14]}]",0.9999968231915604
18,top,c1cnc(nc1)c1nc(nc(n1)c1ncccn1)c1ncccn1,"[2, 7, 19]","[{'functional_group': 'carbonyl', 'smiles_inds': [15]}, {'functional_group': 'iodo', 'smiles_inds': [22]}, {'functional_group': 'carboxylate', 'smiles_inds': [0]}, {'functional_group': 'carboxylate', 'smiles_inds': [5]}, {'functional_group': 'cyano', 'smiles_inds': [20]}, {'functional_group': 'carboxylate', 'smiles_inds': [21]}, {'functional_group': 'phosphonate', 'smiles_inds': [14]}, {'functional_group': 'carboxylate', 'smiles_inds': [16]}]",0.9999971543551267
18,top,c1cnc(nc1)c1nc(nc(n1)c1ncccn1)c1ncccn1,"[2, 7, 19]","[{'functional_group': 'carbonyl', 'smiles_inds': [15]}, {'functional_group': 'iodo', 'smiles_inds': [22]}, {'functional_group': 'carboxylate', 'smiles_inds': [0]}, {'functional_group': 'carboxylate', 'smiles_inds': [5]}, {'functional_group': 'cyano', 'smiles_inds': [20]}, {'functional_group': 'carboxylate', 'smiles_inds': [21]}, {'functional_group': 'carboxylate', 'smiles_inds': [16]}, {'functional_group': 'cyano', 'smiles_inds': [1]}, {'functional_group': 'aldehyde', 'smiles_inds': [14]}]",0.9999974797227575
18,top,c1cnc(nc1)c1nc(nc(n1)c1ncccn1)c1ncccn1,"[2, 7, 19]","[{'functional_group': 'carbonyl', 'smiles_inds': [15]}, {'functional_group': 'iodo', 'smiles_inds': [22]}, {'functional_group': 'carboxylate', 'smiles_inds': [0]}, {'functional_group': 'carboxylate', 'smiles_inds': [5]}, {'functional_group': 'cyano', 'smiles_inds': [20]}, {'functional_group': 'carboxylate', 'smiles_inds': [21]}, {'functional_group': 'carboxylate', 'smiles_inds': [16]}]",0.9999979012972399
19,bottom,C[Si](C)(C)c1cc(cc(c1)[Si](C#CP(C#C[Si](c1cc(cc(c1)[Si](C)(C)C)[Si](C)(C)C)(c1cc(cc(c1)[Si](C)(C)C)[Si](C)(C)C)c1cc(cc(c1)[Si](C)(C)C)[Si](C)(C)C)C#C[Si](c1cc(cc(c1)[Si](C)(C)C)[Si](C)(C)C)(c1cc(cc(c1)[Si](C)(C)C)[Si](C)(C)C)c1cc(cc(c1)[Si](C)(C)C)[Si](C)(C)C)(c1cc(cc(c1)[Si](C)(C)C)[Si](C)(C)C)c1cc(cc(c1)[Si](C)(C)C)[Si](C)(C)C)[Si](C)(C)C,[13],"[{'functional_group': 'tribromo', 'smiles_inds': [89]}, {'functional_group': 'ketone', 'smiles_inds': [5]}]",3.3970515251055584e-37
19,bottom,C[Si](C)(CCC(F)(F)C(F)(F)C(F)(F)C(F)(F)C(F)(F)C(F)(F)F)c1ccc(cc1)P(CCP(c1ccc(cc1)[Si](C)(C)CCC(F)(F)C(F)(F)C(F)(F)C(F)(F)C(F)(F)C(F)(F)F)c1ccc(cc1)[Si](C)(C)CCC(F)(F)C(F)(F)C(F)(F)C(F)(F)C(F)(F)C(F)(F)F)c1ccc(cc1)[Si](C)(C)CCC(F)(F)C(F)(F)C(F)(F)C(F)(F)C(F)(F)C(F)(F)F,"[30, 33]","[{'functional_group': 'trichloro', 'smiles_inds': [69]}]",4.8360829595609315e-27
19,bottom,C[Si](C)(C)c1cc(cc(c1)[Si](C)(C)C)C(C(=O)Nc1cccc(NC(=O)C(c2cc(cc(c2)[Si](C)(C)C)[Si](C)(C)C)(c2cc(cc(c2)[Si](C)(C)C)[Si](C)(C)C)c2cc(cc(c2)[Si](C)(C)C)[Si](C)(C)C)c1[S-])(c1cc(cc(c1)[Si](C)(C)C)[Si](C)(C)C)c1cc(cc(c1)[Si](C)(C)C)[Si](C)(C)C,"[70, 16]","[{'functional_group': 'trichloro', 'smiles_inds': [62]}]",4.971401068296195e-26
19,bottom,CC(C)(C)[Si]([SiH]1[Si]2(CC[Si]3(OCCOCCOCCOCCOCCO3)[Si]12[Si](C(C)(C)C)(C(C)(C)C)C(C)(C)C)[Si](C(C)(C)C)(C(C)(C)C)C(C)(C)C)(C(C)(C)C)C(C)(C)C,"[22, 19, 16]","[{'functional_group': 'carboxyllic_acid', 'smiles_inds': [17]}]",5.115219054182804e-19
19,bottom,N=P(c1ccccc1c1cc(cc(c1)c1ccccc1P(=[N-])(C12CC3CC(CC(C3)C1)C2)C12CC3CC(CC(C3)C1)C2)c1ccccc1P(=[N-])(C12CC3CC(CC(C3)C1)C2)C12CC3CC(CC(C3)C1)C2)(C12CC3CC(CC(C3)C1)C2)C12CC3CC(CC(C3)C1)C2,"[0, 21, 49]","[{'functional_group': 'trifluro', 'smiles_inds': [77]}, {'functional_group': 'thiol', 'smiles_inds': [44]}]",1.5889157626655395e-17
19,bottom,FC(F)(F)C(F)(F)C(F)(F)C(F)(F)C(F)(F)C(F)(F)C(F)(F)C(F)(F)CCP(CCC(F)(F)C(F)(F)C(F)(F)C(F)(F)C(F)(F)C(F)(F)C(F)(F)C(F)(F)F)CCC(F)(F)C(F)(F)C(F)(F)C(F)(F)C(F)(F)C(F)(F)C(F)(F)C(F)(F)F,[27],"[{'functional_group': '2-methylbenzoic_acid', 'smiles_inds': [25]}, {'functional_group': 'cyanimide', 'smiles_inds': [56]}]",2.0732786440705966e-17
19,bottom,C[Si](C)(C)c1cc(cc(c1)[Si](C)(C)C)P(c1cc(cc(c1)[Si](C)(C)C)[Si](C)(C)C)c1ccccc1P(c1cc(cc(c1)[Si](C)(C)C)[Si](C)(C)C)c1cc(cc(c1)[Si](C)(C)C)[Si](C)(C)C,"[35, 14]","[{'functional_group': 'amide', 'smiles_inds': [32]}]",3.089360268076614e-17
19,bottom,FC(F)(F)C(F)(F)C(F)(F)C(F)(F)C(F)(F)C(F)(F)C(F)(F)C(F)(F)CCc1ccc(cc1)P(c1ccc(CCC(F)(F)C(F)(F)C(F)(F)C(F)(F)C(F)(F)C(F)(F)C(F)(F)C(F)(F)F)cc1)c1ccc(CCC(F)(F)C(F)(F)C(F)(F)C(F)(F)C(F)(F)C(F)(F)C(F)(F)C(F)(F)F)cc1,[33],"[{'functional_group': 'trifluro', 'smiles_inds': [32]}, {'functional_group': 'trifluro', 'smiles_inds': [36]}]",3.139636800551577e-17
19,bottom,CC(C)(C)[Si](C)([Si]12[Ge][Si]1([Si](C)(C(C)(C)C)C(C)(C)C)[Si]2([Si](C)(C(C)(C)C)C(C)(C)C)[Si](C)(C(C)(C)C)C(C)(C)C)C(C)(C)C,[7],"[{'functional_group': 'carboxyl', 'smiles_inds': [27]}]",4.0863944492436433e-17
19,bottom,C[Si]([Ge]1[Si]2([Ge]([Si]12[Si](C)(C(C)(C)C)C(C)(C)C)[Si](C)(C(C)(C)C)C(C)(C)C)[Si](C)(C(C)(C)C)C(C)(C)C)(C(C)(C)C)C(C)(C)C,"[2, 4]",[],4.973993836264415e-17
19,bottom,FC(F)(F)C(F)(F)C(F)(F)C(F)(F)C(F)(F)C(F)(F)C(F)(F)C(F)(F)CCCP(CCCC(F)(F)C(F)(F)C(F)(F)C(F)(F)C(F)(F)C(F)(F)C(F)(F)C(F)(F)F)CCCC(F)(F)C(F)(F)C(F)(F)C(F)(F)C(F)(F)C(F)(F)C(F)(F)C(F)(F)F,[28],[],6.356112424465938e-17
19,bottom,FC(F)(F)C(F)(F)C(F)(F)C(F)(F)C(F)(F)C(F)(F)c1ccc(cc1)P(CCP(c1ccc(cc1)C(F)(F)C(F)(F)C(F)(F)C(F)(F)C(F)(F)C(F)(F)F)c1ccc(cc1)C(F)(F)C(F)(F)C(F)(F)C(F)(F)C(F)(F)C(F)(F)F)c1ccc(cc1)C(F)(F)C(F)(F)C(F)(F)C(F)(F)C(F)(F)C(F)(F)F,"[25, 28]","[{'functional_group': 'methyl', 'smiles_inds': [20]}]",8.160077037864299e-17
19,bottom,FC(F)(F)C(F)(F)C(F)(F)C(F)(F)C(F)(F)C(F)(F)C(F)(F)C(F)(F)c1cc(cc(c1)C(F)(F)C(F)(F)C(F)(F)C(F)(F)C(F)(F)C(F)(F)C(F)(F)C(F)(F)F)c1cccc(c2cc(cc(c2)C(F)(F)C(F)(F)C(F)(F)C(F)(F)C(F)(F)C(F)(F)C(F)(F)C(F)(F)F)C(F)(F)C(F)(F)C(F)(F)C(F)(F)C(F)(F)C(F)(F)C(F)(F)C(F)(F)F)c1N=Cc1cc(I)cc(I)c1[O-],"[118, 128]","[{'functional_group': 'fluoro', 'smiles_inds': [28]}]",8.33569502782081e-17
19,bottom,CC(C)(C)P(CCCP(CCCP(C(C)(C)C)C(C)(C)C)CCCP(C(C)(C)C)C(C)(C)C)C(C)(C)C,"[4, 8, 12]","[{'functional_group': 'cyanimide', 'smiles_inds': [6]}]",9.474911119579772e-17
19,bottom,FC(F)(F)C(F)(F)C(F)(F)C(F)(F)C(F)(F)C(F)(F)c1ccc(cc1)P(CCCP(c1ccc(cc1)C(F)(F)C(F)(F)C(F)(F)C(F)(F)C(F)(F)C(F)(F)F)c1ccc(cc1)C(F)(F)C(F)(F)C(F)(F)C(F)(F)C(F)(F)C(F)(F)F)c1ccc(cc1)C(F)(F)C(F)(F)C(F)(F)C(F)(F)C(F)(F)C(F)(F)F,"[25, 29]","[{'functional_group': 'iodo', 'smiles_inds': [56]}]",1.434857327463801e-16
19,bottom,FC(F)(F)C(F)(F)C(F)(F)C(F)(F)C(F)(F)C(F)(F)c1ccc(cc1)P(CCP(c1ccc(cc1)C(F)(F)C(F)(F)C(F)(F)C(F)(F)C(F)(F)C(F)(F)F)c1ccc(cc1)C(F)(F)C(F)(F)C(F)(F)C(F)(F)C(F)(F)C(F)(F)F)c1ccc(cc1)C(F)(F)C(F)(F)C(F)(F)C(F)(F)C(F)(F)C(F)(F)F,"[25, 28]",[],1.8679081589756665e-16
19,bottom,FC(F)(F)C(F)(F)C(F)(F)C(F)(F)C(F)(F)C(F)(F)C(F)(F)C(F)(F)CCP(CCC(F)(F)C(F)(F)C(F)(F)C(F)(F)C(F)(F)C(F)(F)C(F)(F)C(F)(F)F)CCC(F)(F)C(F)(F)C(F)(F)C(F)(F)C(F)(F)C(F)(F)C(F)(F)C(F)(F)F,[27],[],2.4724331871290667e-16
19,bottom,C[Si](C)(C)C(c1cc(C([Si](C)(C)C)[Si](C)(C)C)c([Se]c2ccccc2Sc2ccccc2Sc2ccccc2[Se]c2c(cc(cc2C([Si](C)(C)C)[Si](C)(C)C)C([Si](C)(C)C)[Si](C)(C)C)C([Si](C)(C)C)[Si](C)(C)C)c(c1)C([Si](C)(C)C)[Si](C)(C)C)[Si](C)(C)C,"[25, 32]",[],1.8626034508906276e-15
19,bottom,CC(C)(C)P(CCP(CCP(C(C)(C)C)C(C)(C)C)CCP(C(C)(C)C)C(C)(C)C)C(C)(C)C,"[4, 7, 10]",[],2.364200191736907e-15
19,bottom,COc1c2Cc3cc(cc(Cc4cc(cc(Cc5cc(cc(Cc6cc(cc(Cc7cc(cc(Cc1cc(c2)N(C)C)c7OCC1=NC=CN1C)C(C)(C)C)c6OC)N(C)C)c5OCC1=NC=CN1C)C(C)(C)C)c4OC)N(C)C)c3OCC1=NC=CN1C)C(C)(C)C,"[84, 65, 46]","[{'functional_group': 'ethyl_ester', 'smiles_inds': [20]}, {'functional_group': 'trifluro', 'smiles_inds': [78]}, {'functional_group': 'cyanimide', 'smiles_inds': [52]}]",7.839434765286495e-15
19,median,Fc1ccc(CN=Cc2cc(Br)cc(Br)c2[O-])cc1,"[16, 6]","[{'functional_group': 'hydroxyl', 'smiles_inds': [5]}, {'functional_group': '2-hydroxypyridine', 'smiles_inds': [9]}]",0.38879254976367406
19,median,CC1C(CC2CC1C2(C)C)N=Cc1ccccn1,"[17, 10]","[{'functional_group': 'methyl_ester', 'smiles_inds': [0]}]",0.3888643396111168
19,median,COc1ccccc1NC([S-])=NN=C(C)C,"[10, 12]","[{'functional_group': 'aldehyde', 'smiles_inds': [3]}]",0.3889061759035724
19,median,CC(C)(C)c1cccc(C=Nc2ccc(F)c(F)c2)c1[O-],"[20, 10]","[{'functional_group': 'phenyl', 'smiles_inds': [9]}]",0.3889106409748039
19,median,CC(=NN)C1=NC=CS1,"[2, 5]",[],0.3889458335825978
19,median,CCCCOc1cc(OCCCC)cc(c1)C1=CC(=NN1)c1cc2ccccc2cn1,"[30, 19]","[{'functional_group': 'chloro', 'smiles_inds': [25]}]",0.3890337754112496
19,median,Brc1cccc(n1)c1cccc(Br)n1,"[13, 6]","[{'functional_group': 'amide', 'smiles_inds': [9]}, {'functional_group': 'carbonyl', 'smiles_inds': [4]}]",0.38911225954220147
19,median,Cc1cc(C)nc(NN=CC2=C(C)NN(c3ccccc3)C2=O)n1,"[22, 5, 8]",[],0.3891282513210307
19,median,Cc1ccc(cc1)[N-]c1ccccc1N=Nc1ccccn1,"[7, 14, 21]","[{'functional_group': 'phosphonate', 'smiles_inds': [9]}]",0.38915738692336005
19,median,Nc1ccccc1[Se]c1ccccc1,"[7, 0]","[{'functional_group': 'chloro', 'smiles_inds': [5]}]",0.3891652566003165
19,median,c1ccc(cc1)C=Cc1ccc(cc1)c1cc(nc(c1)c1ccccn1)c1ccccn1,"[31, 25, 17]",[],0.38932644688537704
19,median,S1C2C3C2N3C1=C1SC2C3C2N13,"[12, 15]","[{'functional_group': 'tribromo', 'smiles_inds': [1]}, {'functional_group': 'iodo', 'smiles_inds': [9]}]",0.3893333273737909
19,median,C(N1c2ccccc2N=C1c1ccc2ccccc2n1)c1ccc2ccccc2n1,"[1, 8]",[],0.38934134439405144
19,median,Nc1[nH+]c2N=CNc2c(N)n1,[4],"[{'functional_group': 'thiol', 'smiles_inds': [6]}]",0.38936039006996326
19,median,CC(C)(C)C(=O)C(Oc1ccc(Cl)cc1)N1C=NC=N1,[17],[],0.38953289701150373
19,median,Brc1ccc([O-])c(C=Nc2ccccc2P(c2ccccc2)c2ccccc2)c1,"[15, 8, 5]",[],0.3896755537400062
19,median,CN1C(CCC1=O)c1cccnc1,[11],"[{'functional_group': 'ether', 'smiles_inds': [2]}, {'functional_group': 'phenyl', 'smiles_inds': [10]}]",0.389687840545318
19,median,CN1N=NC(=N1)NN(=O)=O,[3],"[{'functional_group': 'ether', 'smiles_inds': [6]}]",0.38969066797632096
19,median,ONc1cccc(Br)c1,[1],[],0.3897038369337645
19,median,Cc1ccnc(Nc2ccc3ccccc3n2)c1,"[16, 4]","[{'functional_group': 'phosphonate', 'smiles_inds': [6]}]",0.3898596046018259
19,top,c1cnc(nc1)c1nc(nc(n1)c1ncccn1)c1ncccn1,"[2, 7, 19]","[{'functional_group': 'carbonyl', 'smiles_inds': [15]}, {'functional_group': 'iodo', 'smiles_inds': [22]}, {'functional_group': 'carboxylate', 'smiles_inds': [0]}, {'functional_group': 'carboxylate', 'smiles_inds': [5]}, {'functional_group': 'cyano', 'smiles_inds': [20]}, {'functional_group': 'carboxylate', 'smiles_inds': [21]}, {'functional_group': 'chloro', 'smiles_inds': [1]}, {'functional_group': 'aldehyde', 'smiles_inds': [14]}]",0.9999999272765283
19,top,c1cnc(nc1)c1nc(nc(n1)c1ncccn1)c1ncccn1,"[2, 7, 19]","[{'functional_group': 'carbonyl', 'smiles_inds': [15]}, {'functional_group': 'iodo', 'smiles_inds': [22]}, {'functional_group': 'carboxylate', 'smiles_inds': [0]}, {'functional_group': 'carboxylate', 'smiles_inds': [5]}, {'functional_group': 'cyano', 'smiles_inds': [20]}, {'functional_group': 'carboxylate', 'smiles_inds': [21]}, {'functional_group': 'carboxylate', 'smiles_inds': [16]}, {'functional_group': 'cyano', 'smiles_inds': [1]}, {'functional_group': 'phosphonate', 'smiles_inds': [14]}]",0.9999999336276106
19,top,c1cnc(nc1)c1nc(nc(n1)c1ncccn1)c1ncccn1,"[2, 7, 19]","[{'functional_group': 'carbonyl', 'smiles_inds': [15]}, {'functional_group': 'iodo', 'smiles_inds': [22]}, {'functional_group': 'carboxylate', 'smiles_inds': [0]}, {'functional_group': 'fluoro', 'smiles_inds': [21]}, {'functional_group': 'carboxylate', 'smiles_inds': [16]}]",0.999999937458863
19,top,c1cnc(nc1)c1nc(nc(n1)c1ncccn1)c1ncccn1,"[2, 7, 19]","[{'functional_group': 'carbonyl', 'smiles_inds': [15]}, {'functional_group': 'iodo', 'smiles_inds': [22]}, {'functional_group': 'carboxylate', 'smiles_inds': [0]}, {'functional_group': 'carboxylate', 'smiles_inds': [5]}, {'functional_group': 'cyano', 'smiles_inds': [20]}, {'functional_group': 'carboxylate', 'smiles_inds': [21]}, {'functional_group': 'iodo', 'smiles_inds': [14]}, {'functional_group': 'methyl', 'smiles_inds': [1]}]",0.9999999439051603
19,top,c1cnc(nc1)c1nc(nc(n1)c1ncccn1)c1ncccn1,"[2, 7, 19]","[{'functional_group': 'carbonyl', 'smiles_inds': [15]}, {'functional_group': 'iodo', 'smiles_inds': [22]}, {'functional_group': 'carboxylate', 'smiles_inds': [0]}, {'functional_group': 'carboxylate', 'smiles_inds': [5]}, {'functional_group': 'cyano', 'smiles_inds': [20]}, {'functional_group': 'carboxylate', 'smiles_inds': [21]}, {'functional_group': 'carboxylate', 'smiles_inds': [16]}, {'functional_group': 'cyano', 'smiles_inds': [1]}, {'functional_group': 'trifluro', 'smiles_inds': [14]}]",0.9999999489312513
19,top,c1cnc(nc1)c1nc(nc(n1)c1ncccn1)c1ncccn1,"[2, 7, 19]","[{'functional_group': 'carbonyl', 'smiles_inds': [15]}, {'functional_group': 'iodo', 'smiles_inds': [22]}, {'functional_group': 'carboxylate', 'smiles_inds': [0]}, {'functional_group': 'carboxylate', 'smiles_inds': [5]}, {'functional_group': 'cyano', 'smiles_inds': [20]}, {'functional_group': 'carboxylate', 'smiles_inds': [21]}, {'functional_group': 'trifluro', 'smiles_inds': [16]}]",0.9999999594424737
19,top,c1cnc(nc1)c1nc(nc(n1)c1ncccn1)c1ncccn1,"[2, 7, 19]","[{'functional_group': 'carbonyl', 'smiles_inds': [15]}, {'functional_group': 'iodo', 'smiles_inds': [22]}, {'functional_group': 'carboxylate', 'smiles_inds': [0]}, {'functional_group': 'carboxylate', 'smiles_inds': [5]}, {'functional_group': 'cyano', 'smiles_inds': [20]}, {'functional_group': 'carboxylate', 'smiles_inds': [21]}, {'functional_group': 'carboxyllic_acid', 'smiles_inds': [1]}]",0.9999999595398547
19,top,c1cnc(nc1)c1nc(nc(n1)c1ncccn1)c1ncccn1,"[2, 7, 19]","[{'functional_group': 'carbonyl', 'smiles_inds': [15]}, {'functional_group': 'iodo', 'smiles_inds': [22]}, {'functional_group': 'carboxylate', 'smiles_inds': [0]}, {'functional_group': 'carboxylate', 'smiles_inds': [5]}, {'functional_group': 'cyano', 'smiles_inds': [20]}, {'functional_group': 'carboxylate', 'smiles_inds': [21]}, {'functional_group': 'hydroxyl', 'smiles_inds': [1]}]",0.9999999612043133
19,top,c1cnc(nc1)c1nc(nc(n1)c1ncccn1)c1ncccn1,"[2, 7, 19]","[{'functional_group': 'carbonyl', 'smiles_inds': [15]}, {'functional_group': 'iodo', 'smiles_inds': [22]}, {'functional_group': 'carboxylate', 'smiles_inds': [0]}, {'functional_group': 'carboxylate', 'smiles_inds': [5]}, {'functional_group': 'cyano', 'smiles_inds': [20]}, {'functional_group': 'carboxylate', 'smiles_inds': [21]}, {'functional_group': 'carboxylate', 'smiles_inds': [16]}, {'functional_group': 'cyano', 'smiles_inds': [1]}, {'functional_group': 'methyl', 'smiles_inds': [14]}]",0.9999999650238963
19,top,c1cnc(nc1)c1nc(nc(n1)c1ncccn1)c1ncccn1,"[2, 7, 19]","[{'functional_group': 'carbonyl', 'smiles_inds': [15]}, {'functional_group': 'iodo', 'smiles_inds': [22]}, {'functional_group': 'carboxylate', 'smiles_inds': [0]}, {'functional_group': 'carboxylate', 'smiles_inds': [5]}, {'functional_group': 'cyano', 'smiles_inds': [20]}, {'functional_group': 'carboxylate', 'smiles_inds': [21]}, {'functional_group': 'carboxylate', 'smiles_inds': [16]}, {'functional_group': 'cyano', 'smiles_inds': [1]}, {'functional_group': 'amide', 'smiles_inds': [14]}]",0.9999999654870714
19,top,c1cnc(nc1)c1nc(nc(n1)c1ncccn1)c1ncccn1,"[2, 7, 19]","[{'functional_group': 'carbonyl', 'smiles_inds': [15]}, {'functional_group': 'iodo', 'smiles_inds': [22]}, {'functional_group': 'carboxylate', 'smiles_inds': [0]}, {'functional_group': 'carboxylate', 'smiles_inds': [5]}, {'functional_group': 'cyano', 'smiles_inds': [20]}, {'functional_group': 'carboxylate', 'smiles_inds': [21]}, {'functional_group': 'bromo', 'smiles_inds': [1]}]",0.99999996650734
19,top,c1cnc(nc1)c1nc(nc(n1)c1ncccn1)c1ncccn1,"[2, 7, 19]","[{'functional_group': 'carbonyl', 'smiles_inds': [15]}, {'functional_group': 'iodo', 'smiles_inds': [22]}, {'functional_group': 'carboxylate', 'smiles_inds': [0]}, {'functional_group': 'carboxylate', 'smiles_inds': [5]}, {'functional_group': 'cyano', 'smiles_inds': [20]}, {'functional_group': 'carboxylate', 'smiles_inds': [21]}, {'functional_group': 'carboxylate', 'smiles_inds': [16]}, {'functional_group': 'cyano', 'smiles_inds': [1]}, {'functional_group': 'trichloro', 'smiles_inds': [14]}]",0.9999999713868714
19,top,c1cnc(nc1)c1nc(nc(n1)c1ncccn1)c1ncccn1,"[2, 7, 19]","[{'functional_group': 'carbonyl', 'smiles_inds': [15]}, {'functional_group': 'iodo', 'smiles_inds': [22]}, {'functional_group': 'carboxylate', 'smiles_inds': [0]}, {'functional_group': 'carboxylate', 'smiles_inds': [5]}, {'functional_group': 'cyano', 'smiles_inds': [20]}, {'functional_group': 'carboxylate', 'smiles_inds': [21]}, {'functional_group': 'carboxylate', 'smiles_inds': [16]}, {'functional_group': 'cyano', 'smiles_inds': [1]}, {'functional_group': 'carbonyl', 'smiles_inds': [14]}]",0.9999999749057058
19,top,c1cnc(nc1)c1nc(nc(n1)c1ncccn1)c1ncccn1,"[2, 7, 19]","[{'functional_group': 'carbonyl', 'smiles_inds': [15]}, {'functional_group': 'iodo', 'smiles_inds': [22]}, {'functional_group': 'carboxylate', 'smiles_inds': [0]}, {'functional_group': 'carboxylate', 'smiles_inds': [5]}, {'functional_group': 'cyano', 'smiles_inds': [20]}, {'functional_group': 'carboxylate', 'smiles_inds': [21]}, {'functional_group': 'carboxylate', 'smiles_inds': [16]}, {'functional_group': 'cyano', 'smiles_inds': [1]}, {'functional_group': 'ketone', 'smiles_inds': [14]}]",0.9999999776832091
19,top,c1cnc(nc1)c1nc(nc(n1)c1ncccn1)c1ncccn1,"[2, 7, 19]","[{'functional_group': 'carbonyl', 'smiles_inds': [15]}, {'functional_group': 'iodo', 'smiles_inds': [22]}, {'functional_group': 'carboxylate', 'smiles_inds': [0]}, {'functional_group': 'carboxylate', 'smiles_inds': [5]}, {'functional_group': 'cyano', 'smiles_inds': [20]}, {'functional_group': 'carboxylate', 'smiles_inds': [21]}, {'functional_group': 'carbonyl', 'smiles_inds': [14]}]",0.9999999800707375
19,top,c1cnc(nc1)c1nc(nc(n1)c1ncccn1)c1ncccn1,"[2, 7, 19]","[{'functional_group': 'carbonyl', 'smiles_inds': [15]}, {'functional_group': 'iodo', 'smiles_inds': [22]}, {'functional_group': 'carboxylate', 'smiles_inds': [0]}, {'functional_group': 'carboxylate', 'smiles_inds': [5]}, {'functional_group': 'cyano', 'smiles_inds': [20]}, {'functional_group': 'carboxylate', 'smiles_inds': [21]}, {'functional_group': 'tribromo', 'smiles_inds': [14]}]",0.9999999815519042
19,top,c1cnc(nc1)c1nc(nc(n1)c1ncccn1)c1ncccn1,"[2, 7, 19]","[{'functional_group': 'carbonyl', 'smiles_inds': [15]}, {'functional_group': 'iodo', 'smiles_inds': [22]}, {'functional_group': 'carboxylate', 'smiles_inds': [0]}, {'functional_group': 'carboxylate', 'smiles_inds': [5]}, {'functional_group': 'cyano', 'smiles_inds': [20]}, {'functional_group': 'carboxylate', 'smiles_inds': [21]}, {'functional_group': 'ketone', 'smiles_inds': [16]}]",0.9999999822765616
19,top,c1cnc(nc1)c1nc(nc(n1)c1ncccn1)c1ncccn1,"[2, 7, 19]","[{'functional_group': 'carbonyl', 'smiles_inds': [15]}, {'functional_group': 'iodo', 'smiles_inds': [22]}, {'functional_group': 'carboxylate', 'smiles_inds': [0]}, {'functional_group': 'carboxylate', 'smiles_inds': [5]}, {'functional_group': 'cyano', 'smiles_inds': [20]}, {'functional_group': 'carboxylate', 'smiles_inds': [21]}, {'functional_group': 'chloro', 'smiles_inds': [1]}, {'functional_group': 'carboxylate', 'smiles_inds': [16]}]",0.9999999825688953
19,top,c1cnc(nc1)c1nc(nc(n1)c1ncccn1)c1ncccn1,"[2, 7, 19]","[{'functional_group': 'carbonyl', 'smiles_inds': [15]}, {'functional_group': 'iodo', 'smiles_inds': [22]}, {'functional_group': 'carboxylate', 'smiles_inds': [0]}, {'functional_group': 'carboxylate', 'smiles_inds': [5]}, {'functional_group': 'cyano', 'smiles_inds': [20]}, {'functional_group': 'carboxylate', 'smiles_inds': [21]}, {'functional_group': 'methyl', 'smiles_inds': [1]}]",0.9999999835264537
19,top,c1cnc(nc1)c1nc(nc(n1)c1ncccn1)c1ncccn1,"[2, 7, 19]","[{'functional_group': 'carbonyl', 'smiles_inds': [15]}, {'functional_group': 'iodo', 'smiles_inds': [22]}, {'functional_group': 'carboxylate', 'smiles_inds': [0]}, {'functional_group': 'carboxylate', 'smiles_inds': [5]}, {'functional_group': 'cyano', 'smiles_inds': [20]}, {'functional_group': 'carboxylate', 'smiles_inds': [21]}, {'functional_group': 'tribromo', 'smiles_inds': [1]}]",0.9999999890591521
20,bottom,C[Si](C)(C)c1cc(cc(c1)[Si](C)(C)C)C(C(=O)Nc1cccc(NC(=O)C(c2cc(cc(c2)[Si](C)(C)C)[Si](C)(C)C)(c2cc(cc(c2)[Si](C)(C)C)[Si](C)(C)C)c2cc(cc(c2)[Si](C)(C)C)[Si](C)(C)C)c1[S-])(c1cc(cc(c1)[Si](C)(C)C)[Si](C)(C)C)c1cc(cc(c1)[Si](C)(C)C)[Si](C)(C)C,"[70, 16]","[{'functional_group': 'carboxyl', 'smiles_inds': [0]}]",5.586584924980466e-26
20,bottom,CP(CCP(C)c1c(cc(cc1C([Si](C)(C)C)[Si](C)(C)C)C([Si](C)(C)C)([Si](C)(C)C)[Si](C)(C)C)C([Si](C)(C)C)[Si](C)(C)C)c1c(cc(cc1C([Si](C)(C)C)[Si](C)(C)C)C([Si](C)(C)C)([Si](C)(C)C)[Si](C)(C)C)C([Si-](C)C)[Si](C)(C)C,"[4, 72, 1]","[{'functional_group': 'trifluro', 'smiles_inds': [65]}]",1.0346329660094866e-20
20,bottom,CC(C)(C)[Si]([SiH]1[Si]2(CC[Si]3(OCCOCCOCCOCCOCCO3)[Si]12[Si](C(C)(C)C)(C(C)(C)C)C(C)(C)C)[Si](C(C)(C)C)(C(C)(C)C)C(C)(C)C)(C(C)(C)C)C(C)(C)C,"[22, 19, 16]","[{'functional_group': 'ethyl_ester', 'smiles_inds': [11]}]",9.437764253184218e-20
20,bottom,CC(C)(C)[Si]([SiH]1[Si]2(CC[Si]3(OCCOCCOCCOCCOCCO3)[Si]12[Si](C(C)(C)C)(C(C)(C)C)C(C)(C)C)[Si](C(C)(C)C)(C(C)(C)C)C(C)(C)C)(C(C)(C)C)C(C)(C)C,"[22, 19, 16]","[{'functional_group': 'ether', 'smiles_inds': [8]}]",1.6367558662327462e-19
20,bottom,CC(C)(C)[Si]([SiH]1[Si]2(CC[Si]3(OCCOCCOCCOCCOCCO3)[Si]12[Si](C(C)(C)C)(C(C)(C)C)C(C)(C)C)[Si](C(C)(C)C)(C(C)(C)C)C(C)(C)C)(C(C)(C)C)C(C)(C)C,"[22, 19, 16]","[{'functional_group': 'carboxylate', 'smiles_inds': [8]}]",4.2270910669550695e-19
20,bottom,CCCC[P](CCCC)(CCCC)CCP(CCP(CCP(CC[P](CCCC)(CCCC)CCCC)CC[P](CCCC)(CCCC)CCCC)c1ccccc1)CC[P](CCCC)(CCCC)CCCC,"[15, 18, 21]","[{'functional_group': 'hydroxyl', 'smiles_inds': [11]}]",3.2149351801806652e-18
20,bottom,C[Si]([Ge]1[Si]2([Ge]([Si]12[Si](C)(C(C)(C)C)C(C)(C)C)[Si](C)(C(C)(C)C)C(C)(C)C)[Si](C)(C(C)(C)C)C(C)(C)C)(C(C)(C)C)C(C)(C)C,"[2, 4]","[{'functional_group': 'ethyl_ester', 'smiles_inds': [25]}, {'functional_group': 'amide', 'smiles_inds': [13]}]",3.575689980314031e-18
20,bottom,CN(C)P(=NP(N=P(N(C)C)(N(C)C)N(C)C)N=P(N(C)C)(N(C)C)N(C)C)(N=P(N(C)C)(N(C)C)N(C)C)N(C)C,[5],"[{'functional_group': 'ethyl_ester', 'smiles_inds': [38]}]",8.840159758950427e-17
20,bottom,C[Si](C)(CCC(F)(F)C(F)(F)C(F)(F)C(F)(F)C(F)(F)C(F)(F)F)c1ccc(cc1)P(CCP(c1ccc(cc1)[Si](C)(C)CCC(F)(F)C(F)(F)C(F)(F)C(F)(F)C(F)(F)C(F)(F)F)c1ccc(cc1)[Si](C)(C)CCC(F)(F)C(F)(F)C(F)(F)C(F)(F)C(F)(F)C(F)(F)F)c1ccc(cc1)[Si](C)(C)CCC(F)(F)C(F)(F)C(F)(F)C(F)(F)C(F)(F)C(F)(F)F,"[30, 33]","[{'functional_group': 'carboxyllic_acid', 'smiles_inds': [31]}]",9.997996694065176e-17
20,bottom,CC(C)(C)P(CCCP(CCCP(C(C)(C)C)C(C)(C)C)CCCP(C(C)(C)C)C(C)(C)C)C(C)(C)C,"[4, 8, 12]","[{'functional_group': 'ketone', 'smiles_inds': [30]}]",2.0071852938032164e-16
20,bottom,C1CCN(C1)P(=Nc1ccc2ccccc2c1c1c(ccc2ccccc12)N=P(N=P(N1CCCC1)(N1CCCC1)N1CCCC1)(N1CCCC1)N1CCCC1)(N=P(N1CCCC1)(N1CCCC1)N1CCCC1)N1CCCC1,"[6, 27]",[],4.679102609013702e-16
20,bottom,CN(C)P(=NP(N=P(N(C)C)(N(C)C)N(C)C)N=P(N(C)C)(N(C)C)N(C)C)(N=P(N(C)C)(N(C)C)N(C)C)N(C)C,[5],"[{'functional_group': 'chloro', 'smiles_inds': [34]}, {'functional_group': 'aldehyde', 'smiles_inds': [32]}]",6.169950164167883e-16
20,bottom,C[Si](C)(C)C(c1cc(C([Si](C)(C)C)[Si](C)(C)C)c([Se]c2ccccc2Sc2ccccc2Sc2ccccc2[Se]c2c(cc(cc2C([Si](C)(C)C)[Si](C)(C)C)C([Si](C)(C)C)[Si](C)(C)C)C([Si](C)(C)C)[Si](C)(C)C)c(c1)C([Si](C)(C)C)[Si](C)(C)C)[Si](C)(C)C,"[25, 32]",[],1.0577645598183873e-15
20,bottom,C[Si](C)(C)C(c1cc(C([Si](C)(C)C)[Si](C)(C)C)c(Sc2ccccc2[Se]c2ccccc2[Se]c2ccccc2Sc2c(cc(cc2C([Si](C)(C)C)[Si](C)(C)C)C([Si](C)(C)C)[Si](C)(C)C)C([Si](C)(C)C)[Si](C)(C)C)c(c1)C([Si](C)(C)C)[Si](C)(C)C)[Si](C)(C)C,"[25, 32]","[{'functional_group': '2-hydroxypyridine', 'smiles_inds': [6]}]",1.1037478116829232e-15
20,bottom,CC(C)(C)P(P1P(P(P1C(C)(C)C)C(C)(C)C)C(C)(C)C)P1P(P(P1C(C)(C)C)C(C)(C)C)C(C)(C)C,[4],"[{'functional_group': 'ethyl', 'smiles_inds': [19]}]",2.077760677980758e-15
20,bottom,CN(C)P(=NP(N=P(N(C)C)(N(C)C)N(C)C)N=P(N(C)C)(N(C)C)N(C)C)(N=P(N(C)C)(N(C)C)N(C)C)N(C)C,[5],"[{'functional_group': 'carboxylate', 'smiles_inds': [41]}]",2.440266427764637e-15
20,bottom,CC(C)(C)P(P1P(P(P1C(C)(C)C)C(C)(C)C)C(C)(C)C)P1P(P(P1C(C)(C)C)C(C)(C)C)C(C)(C)C,[4],[],2.551546606949334e-15
20,bottom,Cc1cc(c2ccc(cc2)N(c2ccccc2)c2ccccc2)c(N=C(C)C(C)=Nc2c(cc(C)cc2c2ccc(cc2)N(c2ccccc2)c2ccccc2)c2ccc(cc2)N(c2ccccc2)c2ccccc2)c(c1)c1ccc(cc1)N(c1ccccc1)c1ccccc1,"[24, 29]","[{'functional_group': 'chloro', 'smiles_inds': [73]}, {'functional_group': 'carbonyl', 'smiles_inds': [82]}]",4.734379188069885e-15
20,bottom,Cc1cc(c2ccc(cc2)N(c2ccccc2)c2ccccc2)c(N=C(C)C(C)=Nc2c(cc(C)cc2c2ccc(cc2)N(c2ccccc2)c2ccccc2)c2ccc(cc2)N(c2ccccc2)c2ccccc2)c(c1)c1ccc(cc1)N(c1ccccc1)c1ccccc1,"[24, 29]",[],4.900534389610305e-15
20,bottom,CC(C)(C)[Si](C)(C)N[Si]1(N([Si](C)(C)C(C)(C)C)[Si](N[Si](C)(C)C(C)(C)C)(N1[Si](C)(C)C(C)(C)C)C(C)(C)C)C(C)(C)C,"[7, 18]",[],6.0257355090923784e-15
20,median,NC([S-])=NN=C1CCCC2=C1[N-]c1ccccc21,"[2, 11, 4]","[{'functional_group': 'carboxyllic_acid', 'smiles_inds': [0]}, {'functional_group': '2-methylbenzoic_acid', 'smiles_inds': [7]}, {'functional_group': 'ketone', 'smiles_inds': [6]}]",0.407696903901333
20,median,C(N1C=CN(Cc2ccccn2)[CH-]1)N1N=Nc2ccccc12,"[13, 12]","[{'functional_group': 'amide', 'smiles_inds': [3]}, {'functional_group': 'cyanimide', 'smiles_inds': [17]}]",0.40776248477282867
20,median,Oc1ccccc1C=NCc1cccc(CN=Cc2ccccc2O)c1,"[0, 24]",[],0.40776836390847643
20,median,[NH3+]C12C[NH2+]CC[NH2+]CC(C)(CNCC[NH2+]C1)CSCCNC2,"[17, 6, 11, 20, 3, 14]","[{'functional_group': 'phosphonate', 'smiles_inds': [10]}, {'functional_group': 'methyl', 'smiles_inds': [0]}]",0.40780201857289017
20,median,CNCCCN=Cc1ccccc1[O-],"[13, 1, 5]","[{'functional_group': 'ethyl', 'smiles_inds': [0]}, {'functional_group': 'trifluro', 'smiles_inds': [11]}, {'functional_group': 'ether', 'smiles_inds': [8]}]",0.4078162538101839
20,median,C(CN=Cc1c2ccccc2cc2ccc[c-]c12)N=Cc1c2ccccc2cc2ccccc12,"[2, 18, 16]",[],0.4079134084478195
20,median,COc1ccccc1C(=O)N[N-]C(=S)SCc1ccccc1,"[9, 11]","[{'functional_group': 'ether', 'smiles_inds': [18]}, {'functional_group': 'methyl_ester', 'smiles_inds': [10]}]",0.4079176913864044
20,median,CN1C=Nc2cc(C)c(C)cc12,[3],"[{'functional_group': 'carbonyl', 'smiles_inds': [5]}]",0.4079198480770773
20,median,CO[C-]=C1C=CC=CC1=N,"[9, 2]",[],0.4080119729348403
20,median,O=C(NNC(=O)c1ccncc1)c1ccccc1,[9],"[{'functional_group': 'cyano', 'smiles_inds': [8]}]",0.40805046999182387
20,median,O=C(Nc1ccncc1)c1cccnc1,[6],[],0.40807746285138674
20,median,CNC(=S)NN=C(C)C1=CC=CS1,[3],"[{'functional_group': 'amino', 'smiles_inds': [4]}]",0.40822476778615757
20,median,Oc1cccc(c1)N=Cc1c([O-])ccc2ccccc12,"[11, 7]","[{'functional_group': 'thiol', 'smiles_inds': [3]}]",0.40827787794018633
20,median,C[NH2+]C(C1=NC=CN1)C1=NC=CN1,"[4, 9]","[{'functional_group': '2-methylbenzoic_acid', 'smiles_inds': [7]}]",0.40830057758676336
20,median,C[NH2+]C(C1=NC=CN1)C1=NC=CN1,"[4, 9]","[{'functional_group': '2-methylbenzoic_acid', 'smiles_inds': [12]}]",0.4083005775867641
20,median,NC(=O)N=NCc1[nH+]cccc1,[2],[],0.40832521288200635
20,median,FC(F)(F)c1cc2[N-]C(=Nc2c(c1)C(F)(F)F)c1cccc(n1)C1=Nc2c(cc(cc2C(F)(F)F)C(F)(F)F)[N-]1,"[39, 22, 7]","[{'functional_group': 'carboxyl', 'smiles_inds': [18]}, {'functional_group': 'bromo', 'smiles_inds': [19]}]",0.40838502897665124
20,median,Cc1cc(C)c(N2C=CN([CH-]2)C2=Nc3ccccc3O2)c(C)c1,"[12, 10]","[{'functional_group': 'carboxylate', 'smiles_inds': [15]}]",0.40839897037787115
20,median,CSCc1ccc2ccc3ccc(CSC)nc3c2n1,"[19, 16]","[{'functional_group': 'methyl_ester', 'smiles_inds': [11]}, {'functional_group': 'trifluro', 'smiles_inds': [5]}]",0.4084510521742434
20,median,CCC1(CC)C(=NC(=NN(C)C)c2ccccc12)N,"[6, 9]","[{'functional_group': 'chloro', 'smiles_inds': [10]}, {'functional_group': 'carbonyl', 'smiles_inds': [13]}]",0.40854273203614927
20,top,c1cnc(nc1)c1nc(nc(n1)c1ncccn1)c1ncccn1,"[2, 7, 19]","[{'functional_group': 'carbonyl', 'smiles_inds': [15]}, {'functional_group': 'iodo', 'smiles_inds': [22]}, {'functional_group': 'carboxylate', 'smiles_inds': [0]}, {'functional_group': 'carboxylate', 'smiles_inds': [5]}, {'functional_group': 'cyano', 'smiles_inds': [20]}, {'functional_group': 'carboxylate', 'smiles_inds': [21]}, {'functional_group': 'ketone', 'smiles_inds': [16]}, {'functional_group': 'trichloro', 'smiles_inds': [1]}]",0.9999999733893528
20,top,c1cnc(nc1)c1nc(nc(n1)c1ncccn1)c1ncccn1,"[2, 7, 19]","[{'functional_group': 'carbonyl', 'smiles_inds': [15]}, {'functional_group': 'iodo', 'smiles_inds': [22]}, {'functional_group': 'carboxylate', 'smiles_inds': [0]}, {'functional_group': 'carboxylate', 'smiles_inds': [5]}, {'functional_group': 'cyano', 'smiles_inds': [20]}, {'functional_group': 'carboxylate', 'smiles_inds': [21]}, {'functional_group': 'ketone', 'smiles_inds': [14]}, {'functional_group': 'carbonyl', 'smiles_inds': [16]}]",0.9999999742389003
20,top,c1cnc(nc1)c1nc(nc(n1)c1ncccn1)c1ncccn1,"[2, 7, 19]","[{'functional_group': 'carbonyl', 'smiles_inds': [15]}, {'functional_group': 'iodo', 'smiles_inds': [22]}, {'functional_group': 'carboxylate', 'smiles_inds': [0]}, {'functional_group': 'carboxylate', 'smiles_inds': [5]}, {'functional_group': 'cyano', 'smiles_inds': [20]}, {'functional_group': 'carboxylate', 'smiles_inds': [21]}, {'functional_group': 'carboxylate', 'smiles_inds': [16]}, {'functional_group': 'cyano', 'smiles_inds': [1]}, {'functional_group': 'amide', 'smiles_inds': [14]}]",0.9999999743904224
20,top,c1cnc(nc1)c1nc(nc(n1)c1ncccn1)c1ncccn1,"[2, 7, 19]","[{'functional_group': 'carbonyl', 'smiles_inds': [15]}, {'functional_group': 'iodo', 'smiles_inds': [22]}, {'functional_group': 'carboxylate', 'smiles_inds': [0]}, {'functional_group': 'carboxylate', 'smiles_inds': [5]}, {'functional_group': 'cyano', 'smiles_inds': [20]}, {'functional_group': 'carboxylate', 'smiles_inds': [21]}, {'functional_group': 'carboxylate', 'smiles_inds': [16]}, {'functional_group': 'cyano', 'smiles_inds': [1]}, {'functional_group': 'methyl', 'smiles_inds': [14]}]",0.9999999751620845
20,top,c1cnc(nc1)c1nc(nc(n1)c1ncccn1)c1ncccn1,"[2, 7, 19]","[{'functional_group': 'carbonyl', 'smiles_inds': [15]}, {'functional_group': 'iodo', 'smiles_inds': [22]}, {'functional_group': 'carboxylate', 'smiles_inds': [0]}, {'functional_group': 'carboxylate', 'smiles_inds': [5]}, {'functional_group': 'cyano', 'smiles_inds': [20]}, {'functional_group': 'carboxylate', 'smiles_inds': [21]}, {'functional_group': 'carboxylate', 'smiles_inds': [16]}, {'functional_group': 'cyano', 'smiles_inds': [1]}, {'functional_group': 'carbonyl', 'smiles_inds': [14]}]",0.9999999798689627
20,top,c1cnc(nc1)c1nc(nc(n1)c1ncccn1)c1ncccn1,"[2, 7, 19]","[{'functional_group': 'carbonyl', 'smiles_inds': [15]}, {'functional_group': 'iodo', 'smiles_inds': [22]}, {'functional_group': 'carboxylate', 'smiles_inds': [0]}, {'functional_group': 'carboxylate', 'smiles_inds': [5]}, {'functional_group': 'cyano', 'smiles_inds': [20]}, {'functional_group': 'carboxylate', 'smiles_inds': [21]}, {'functional_group': 'carboxylate', 'smiles_inds': [16]}, {'functional_group': 'cyano', 'smiles_inds': [1]}, {'functional_group': 'tribromo', 'smiles_inds': [14]}]",0.9999999813828898
20,top,c1cnc(nc1)c1nc(nc(n1)c1ncccn1)c1ncccn1,"[2, 7, 19]","[{'functional_group': 'carbonyl', 'smiles_inds': [15]}, {'functional_group': 'iodo', 'smiles_inds': [22]}, {'functional_group': 'carboxylate', 'smiles_inds': [0]}, {'functional_group': 'carboxylate', 'smiles_inds': [5]}, {'functional_group': 'cyano', 'smiles_inds': [20]}, {'functional_group': 'carboxylate', 'smiles_inds': [21]}, {'functional_group': 'amide', 'smiles_inds': [16]}]",0.9999999814707748
20,top,c1cnc(nc1)c1nc(nc(n1)c1ncccn1)c1ncccn1,"[2, 7, 19]","[{'functional_group': 'carbonyl', 'smiles_inds': [15]}, {'functional_group': 'iodo', 'smiles_inds': [22]}, {'functional_group': 'carboxylate', 'smiles_inds': [0]}, {'functional_group': 'carboxylate', 'smiles_inds': [5]}, {'functional_group': 'cyano', 'smiles_inds': [20]}, {'functional_group': 'carboxylate', 'smiles_inds': [21]}, {'functional_group': 'amide', 'smiles_inds': [14]}]",0.9999999814707748
20,top,c1cnc(nc1)c1nc(nc(n1)c1ncccn1)c1ncccn1,"[2, 7, 19]","[{'functional_group': 'carbonyl', 'smiles_inds': [15]}, {'functional_group': 'iodo', 'smiles_inds': [22]}, {'functional_group': 'carboxylate', 'smiles_inds': [0]}, {'functional_group': 'carboxylate', 'smiles_inds': [5]}, {'functional_group': 'cyano', 'smiles_inds': [20]}, {'functional_group': 'carboxylate', 'smiles_inds': [21]}, {'functional_group': 'amide', 'smiles_inds': [14]}, {'functional_group': 'aldehyde', 'smiles_inds': [1]}]",0.9999999834702293
20,top,c1cnc(nc1)c1nc(nc(n1)c1ncccn1)c1ncccn1,"[2, 7, 19]","[{'functional_group': 'carbonyl', 'smiles_inds': [15]}, {'functional_group': 'iodo', 'smiles_inds': [22]}, {'functional_group': 'carboxylate', 'smiles_inds': [0]}, {'functional_group': 'carboxylate', 'smiles_inds': [5]}, {'functional_group': 'cyano', 'smiles_inds': [20]}, {'functional_group': 'carboxylate', 'smiles_inds': [21]}, {'functional_group': 'chloro', 'smiles_inds': [1]}, {'functional_group': 'carboxylate', 'smiles_inds': [16]}]",0.9999999851484513
20,top,c1cnc(nc1)c1nc(nc(n1)c1ncccn1)c1ncccn1,"[2, 7, 19]","[{'functional_group': 'carbonyl', 'smiles_inds': [15]}, {'functional_group': 'iodo', 'smiles_inds': [22]}, {'functional_group': 'carboxylate', 'smiles_inds': [0]}, {'functional_group': 'carboxylate', 'smiles_inds': [5]}, {'functional_group': 'cyano', 'smiles_inds': [20]}, {'functional_group': 'carboxylate', 'smiles_inds': [21]}, {'functional_group': 'tribromo', 'smiles_inds': [14]}]",0.9999999865300151
20,top,c1cnc(nc1)c1nc(nc(n1)c1ncccn1)c1ncccn1,"[2, 7, 19]","[{'functional_group': 'carbonyl', 'smiles_inds': [15]}, {'functional_group': 'iodo', 'smiles_inds': [22]}, {'functional_group': 'carboxylate', 'smiles_inds': [0]}, {'functional_group': 'carboxylate', 'smiles_inds': [5]}, {'functional_group': 'cyano', 'smiles_inds': [20]}, {'functional_group': 'carboxylate', 'smiles_inds': [21]}, {'functional_group': 'carboxylate', 'smiles_inds': [16]}, {'functional_group': 'cyano', 'smiles_inds': [1]}, {'functional_group': 'aldehyde', 'smiles_inds': [14]}]",0.9999999870663254
20,top,c1cnc(nc1)c1nc(nc(n1)c1ncccn1)c1ncccn1,"[2, 7, 19]","[{'functional_group': 'carbonyl', 'smiles_inds': [15]}, {'functional_group': 'iodo', 'smiles_inds': [22]}, {'functional_group': 'carboxylate', 'smiles_inds': [0]}, {'functional_group': 'carboxylate', 'smiles_inds': [5]}, {'functional_group': 'cyano', 'smiles_inds': [20]}, {'functional_group': 'carboxylate', 'smiles_inds': [21]}, {'functional_group': 'methyl', 'smiles_inds': [1]}]",0.9999999875978361
20,top,c1cnc(nc1)c1nc(nc(n1)c1ncccn1)c1ncccn1,"[2, 7, 19]","[{'functional_group': 'carbonyl', 'smiles_inds': [15]}, {'functional_group': 'iodo', 'smiles_inds': [22]}, {'functional_group': 'carboxylate', 'smiles_inds': [0]}, {'functional_group': 'carboxylate', 'smiles_inds': [5]}, {'functional_group': 'cyano', 'smiles_inds': [20]}, {'functional_group': 'carboxylate', 'smiles_inds': [21]}, {'functional_group': 'ethyl', 'smiles_inds': [16]}, {'functional_group': 'carboxylate', 'smiles_inds': [14]}]",0.9999999884770957
20,top,c1cnc(nc1)c1nc(nc(n1)c1ncccn1)c1ncccn1,"[2, 7, 19]","[{'functional_group': 'carbonyl', 'smiles_inds': [15]}, {'functional_group': 'iodo', 'smiles_inds': [22]}, {'functional_group': 'carboxylate', 'smiles_inds': [0]}, {'functional_group': 'carboxylate', 'smiles_inds': [5]}, {'functional_group': 'cyano', 'smiles_inds': [20]}, {'functional_group': 'carboxylate', 'smiles_inds': [21]}, {'functional_group': 'ketone', 'smiles_inds': [1]}]",0.9999999888287255
20,top,c1cnc(nc1)c1nc(nc(n1)c1ncccn1)c1ncccn1,"[2, 7, 19]","[{'functional_group': 'carbonyl', 'smiles_inds': [15]}, {'functional_group': 'iodo', 'smiles_inds': [22]}, {'functional_group': 'carboxylate', 'smiles_inds': [0]}, {'functional_group': 'carboxylate', 'smiles_inds': [5]}, {'functional_group': 'cyano', 'smiles_inds': [20]}, {'functional_group': 'carboxylate', 'smiles_inds': [21]}, {'functional_group': 'carbonyl', 'smiles_inds': [1]}]",0.9999999899480928
20,top,c1cnc(nc1)c1nc(nc(n1)c1ncccn1)c1ncccn1,"[2, 7, 19]","[{'functional_group': 'carbonyl', 'smiles_inds': [15]}, {'functional_group': 'iodo', 'smiles_inds': [22]}, {'functional_group': 'carboxylate', 'smiles_inds': [0]}, {'functional_group': 'carboxylate', 'smiles_inds': [5]}, {'functional_group': 'cyano', 'smiles_inds': [20]}, {'functional_group': 'carboxylate', 'smiles_inds': [21]}, {'functional_group': 'aldehyde', 'smiles_inds': [16]}]",0.9999999906421352
20,top,c1cnc(nc1)c1nc(nc(n1)c1ncccn1)c1ncccn1,"[2, 7, 19]","[{'functional_group': 'carbonyl', 'smiles_inds': [15]}, {'functional_group': 'iodo', 'smiles_inds': [22]}, {'functional_group': 'carboxylate', 'smiles_inds': [0]}, {'functional_group': 'carboxylate', 'smiles_inds': [5]}, {'functional_group': 'cyano', 'smiles_inds': [20]}, {'functional_group': 'carboxylate', 'smiles_inds': [21]}, {'functional_group': 'tribromo', 'smiles_inds': [1]}]",0.9999999907040328
20,top,c1cnc(nc1)c1nc(nc(n1)c1ncccn1)c1ncccn1,"[2, 7, 19]","[{'functional_group': 'carbonyl', 'smiles_inds': [15]}, {'functional_group': 'iodo', 'smiles_inds': [22]}, {'functional_group': 'carboxylate', 'smiles_inds': [0]}, {'functional_group': 'carboxylate', 'smiles_inds': [5]}, {'functional_group': 'cyano', 'smiles_inds': [20]}, {'functional_group': 'carboxylate', 'smiles_inds': [21]}, {'functional_group': 'iodo', 'smiles_inds': [1]}, {'functional_group': 'carboxylate', 'smiles_inds': [14]}]",0.9999999934394939
20,top,c1cnc(nc1)c1nc(nc(n1)c1ncccn1)c1ncccn1,"[2, 7, 19]","[{'functional_group': 'carbonyl', 'smiles_inds': [15]}, {'functional_group': 'iodo', 'smiles_inds': [22]}, {'functional_group': 'carboxylate', 'smiles_inds': [0]}, {'functional_group': 'carboxylate', 'smiles_inds': [5]}, {'functional_group': 'cyano', 'smiles_inds': [20]}, {'functional_group': 'carboxylate', 'smiles_inds': [21]}, {'functional_group': 'carboxylate', 'smiles_inds': [1]}]",0.9999999983686527
21,bottom,C[Si](C)(C)c1cc(cc(c1)[Si](C#CP(C#C[Si](c1cc(cc(c1)[Si](C)(C)C)[Si](C)(C)C)(c1cc(cc(c1)[Si](C)(C)C)[Si](C)(C)C)c1cc(cc(c1)[Si](C)(C)C)[Si](C)(C)C)C#C[Si](c1cc(cc(c1)[Si](C)(C)C)[Si](C)(C)C)(c1cc(cc(c1)[Si](C)(C)C)[Si](C)(C)C)c1cc(cc(c1)[Si](C)(C)C)[Si](C)(C)C)(c1cc(cc(c1)[Si](C)(C)C)[Si](C)(C)C)c1cc(cc(c1)[Si](C)(C)C)[Si](C)(C)C)[Si](C)(C)C,[13],"[{'functional_group': 'iodo', 'smiles_inds': [57]}]",2.205447743237623e-38
21,bottom,C[Si](C)(C)c1cc(cc(c1)[Si](C)(C)C)C(C(=O)Nc1cccc(NC(=O)C(c2cc(cc(c2)[Si](C)(C)C)[Si](C)(C)C)(c2cc(cc(c2)[Si](C)(C)C)[Si](C)(C)C)c2cc(cc(c2)[Si](C)(C)C)[Si](C)(C)C)c1[S-])(c1cc(cc(c1)[Si](C)(C)C)[Si](C)(C)C)c1cc(cc(c1)[Si](C)(C)C)[Si](C)(C)C,"[70, 16]",[],3.770673724088339e-27
21,bottom,CC(C)(C)[Si]([SiH]1[Si]2(CC[Si]3(OCCOCCOCCOCCOCCO3)[Si]12[Si](C(C)(C)C)(C(C)(C)C)C(C)(C)C)[Si](C(C)(C)C)(C(C)(C)C)C(C)(C)C)(C(C)(C)C)C(C)(C)C,"[22, 19, 16]",[],4.940893275024516e-19
21,bottom,CC(C)(C)[Si]([SiH]1[Si]2(CC[Si]3(OCCOCCOCCOCCOCCO3)[Si]12[Si](C(C)(C)C)(C(C)(C)C)C(C)(C)C)[Si](C(C)(C)C)(C(C)(C)C)C(C)(C)C)(C(C)(C)C)C(C)(C)C,"[22, 19, 16]","[{'functional_group': 'carboxylate', 'smiles_inds': [7]}]",2.5846409732412885e-18
21,bottom,CC1=C(C)C[Ge]2([Ge]([Ge]2(C1)[Si](C(C)(C)C)(C(C)(C)C)C(C)(C)C)[Si](C(C)(C)C)(C(C)(C)C)C(C)(C)C)[Si](C(C)(C)C)(C(C)(C)C)C(C)(C)C,[6],"[{'functional_group': 'iodo', 'smiles_inds': [34]}]",3.3400592474498237e-18
21,bottom,CCCC[P](CCCC)(CCCC)CCP(CCP(CCP(CC[P](CCCC)(CCCC)CCCC)CC[P](CCCC)(CCCC)CCCC)c1ccccc1)CC[P](CCCC)(CCCC)CCCC,"[15, 18, 21]","[{'functional_group': 'thiol', 'smiles_inds': [48]}]",3.522498398497623e-18
21,bottom,CC1=C(C)C[Ge]2([Ge]([Ge]2(C1)[Si](C(C)(C)C)(C(C)(C)C)C(C)(C)C)[Si](C(C)(C)C)(C(C)(C)C)C(C)(C)C)[Si](C(C)(C)C)(C(C)(C)C)C(C)(C)C,[6],"[{'functional_group': 'bromo', 'smiles_inds': [33]}]",3.852505606127469e-18
21,bottom,C[Si](C)(CCC(F)(F)C(F)(F)C(F)(F)C(F)(F)C(F)(F)C(F)(F)F)c1ccc(cc1)P(CCP(c1ccc(cc1)[Si](C)(C)CCC(F)(F)C(F)(F)C(F)(F)C(F)(F)C(F)(F)C(F)(F)F)c1ccc(cc1)[Si](C)(C)CCC(F)(F)C(F)(F)C(F)(F)C(F)(F)C(F)(F)C(F)(F)F)c1ccc(cc1)[Si](C)(C)CCC(F)(F)C(F)(F)C(F)(F)C(F)(F)C(F)(F)C(F)(F)F,"[30, 33]","[{'functional_group': 'ether', 'smiles_inds': [98]}]",6.490402284921331e-17
21,bottom,C[Si](C)(CCC(F)(F)C(F)(F)C(F)(F)C(F)(F)C(F)(F)C(F)(F)F)c1ccc(cc1)P(CCP(c1ccc(cc1)[Si](C)(C)CCC(F)(F)C(F)(F)C(F)(F)C(F)(F)C(F)(F)C(F)(F)F)c1ccc(cc1)[Si](C)(C)CCC(F)(F)C(F)(F)C(F)(F)C(F)(F)C(F)(F)C(F)(F)F)c1ccc(cc1)[Si](C)(C)CCC(F)(F)C(F)(F)C(F)(F)C(F)(F)C(F)(F)C(F)(F)F,"[30, 33]","[{'functional_group': 'ethyl_ester', 'smiles_inds': [0]}]",7.407877843827561e-17
21,bottom,C[Si](C)(C)C(c1cc(C([Si](C)(C)C)[Si](C)(C)C)c([Se]c2ccccc2Sc2ccccc2Sc2ccccc2[Se]c2c(cc(cc2C([Si](C)(C)C)[Si](C)(C)C)C([Si](C)(C)C)[Si](C)(C)C)C([Si](C)(C)C)[Si](C)(C)C)c(c1)C([Si](C)(C)C)[Si](C)(C)C)[Si](C)(C)C,"[25, 32]","[{'functional_group': 'fluoro', 'smiles_inds': [29]}, {'functional_group': '2-methylbenzoic_acid', 'smiles_inds': [71]}]",1.2806514048648553e-16
21,bottom,CC(C)(C)C(=O)Nc1cccc(NC(=O)C(c2cc(cc(c2)[Si](C)(C)C)[Si](C)(C)C)(c2cc(cc(c2)[Si](C)(C)C)[Si](C)(C)C)c2cc(cc(c2)[Si](C)(C)C)[Si](C)(C)C)c1[S-],"[5, 59]","[{'functional_group': 'phosphonate', 'smiles_inds': [45]}]",2.09321446737748e-15
21,bottom,N=P(c1ccccc1c1cc(cc(c1)c1ccccc1P(=[N-])(C12CC3CC(CC(C3)C1)C2)C12CC3CC(CC(C3)C1)C2)c1ccccc1P(=[N-])(C12CC3CC(CC(C3)C1)C2)C12CC3CC(CC(C3)C1)C2)(C12CC3CC(CC(C3)C1)C2)C12CC3CC(CC(C3)C1)C2,"[0, 21, 49]","[{'functional_group': 'hydroxyl', 'smiles_inds': [67]}, {'functional_group': 'carboxyllic_acid', 'smiles_inds': [86]}]",2.3022902907048773e-15
21,bottom,C[Si](C)(C)C(c1cc(C([Si](C)(C)C)[Si](C)(C)C)c([Se]c2ccccc2Sc2ccccc2Sc2ccccc2[Se]c2c(cc(cc2C([Si](C)(C)C)[Si](C)(C)C)C([Si](C)(C)C)[Si](C)(C)C)C([Si](C)(C)C)[Si](C)(C)C)c(c1)C([Si](C)(C)C)[Si](C)(C)C)[Si](C)(C)C,"[25, 32]","[{'functional_group': 'cyano', 'smiles_inds': [67]}]",2.960843505417424e-15
21,bottom,CC(C)(C)P(CCP(CCP(C(C)(C)C)C(C)(C)C)CCP(C(C)(C)C)C(C)(C)C)C(C)(C)C,"[4, 7, 10]",[],8.265170455131374e-15
21,bottom,C[Si](C)(C)[NH]([Si](C)(C)C)[Ge]([S-])(OSO[Ge]([S-])([NH]([Si](C)(C)C)[Si](C)(C)C)[NH]([Si](C)(C)C)[Si](C)(C)C)[NH]([Si](C)(C)C)[Si](C)(C)C,"[12, 10, 15]",[],1.5854809895582617e-14
21,bottom,CC(C)(C)[Si](C)(C)N[Si]1(N([Si](C)(C)C(C)(C)C)[Si](N[Si](C)(C)C(C)(C)C)(N1[Si](C)(C)C(C)(C)C)C(C)(C)C)C(C)(C)C,"[7, 18]",[],2.3195398959423134e-14
21,bottom,CC(C)(C)P(P1P2P3P2P(P1P3P(C(C)(C)C)C(C)(C)C)P(C(C)(C)C)C(C)(C)C)C(C)(C)C,[6],[],3.474387371232422e-14
21,bottom,CC(C)(C)c1cc(C(c2cc(cc(c2OCCNC(=O)CP(=O)(c2ccccc2)c2ccccc2)C(C)(C)C)C(C)(C)C)c2cc(cc(c2OCCNC(=O)CP(=O)(c2ccccc2)c2ccccc2)C(C)(C)C)C(C)(C)C)c(OCCNC(=O)CP(=O)(c2ccccc2)c2ccccc2)c(c1)C(C)(C)C,"[19, 22, 54, 57, 84, 87]","[{'functional_group': 'cyanimide', 'smiles_inds': [90]}]",3.615951369188729e-14
21,bottom,Cc1cc(c2ccc(cc2)N(c2ccccc2)c2ccccc2)c(N=C(C)C(C)=Nc2c(cc(C)cc2c2ccc(cc2)N(c2ccccc2)c2ccccc2)c2ccc(cc2)N(c2ccccc2)c2ccccc2)c(c1)c1ccc(cc1)N(c1ccccc1)c1ccccc1,"[24, 29]","[{'functional_group': 'carboxyl', 'smiles_inds': [14]}]",3.824156186644369e-14
21,bottom,CC(C)(C)P(C[Si](C)(C)N[Si](C)(C)CP(=O)(C(C)(C)C)C(C)(C)C)C(C)(C)C,"[4, 15, 9]","[{'functional_group': 'trifluro', 'smiles_inds': [3]}, {'functional_group': 'trifluro', 'smiles_inds': [8]}, {'functional_group': 'cyanimide', 'smiles_inds': [18]}]",9.543464953168252e-14
21,median,C1CC2NC1C=C2,[3],[],0.41217681241021287
21,median,C1CNCCN(CCN1)Cc1c2ccccc2nc2ccccc12,"[8, 2, 5]",[],0.41220051521313006
21,median,Nc1nc(Nc2ccccc2)nc(n1)c1ccncc1,[17],[],0.41220799602343866
21,median,CCO[S](=O)=O,[3],[],0.41226560397704004
21,median,[CH2-]CCP(c1ccccc1)c1ccccc1,"[3, 0]",[],0.41236480423409866
21,median,CCCCOCCOCCOCCOCCOCCOCCOC,"[22, 19, 16, 13, 10, 7]",[],0.4123715555776065
21,median,C(N(Cc1ccccc1)Cc1ccccn1)c1ccccc1,"[15, 1]","[{'functional_group': 'ethyl', 'smiles_inds': [20]}, {'functional_group': 'aldehyde', 'smiles_inds': [12]}]",0.41238513339612576
21,median,[S-]CCN1CCC2(CC1)OCCO2,"[3, 0]",[],0.41242889327361515
21,median,CN1C=CN([CH-]1)c1nc(cc(n1)C(C)(C)C)C(C)(C)C,"[1, 5]","[{'functional_group': 'iodo', 'smiles_inds': [15]}, {'functional_group': 'carboxylate', 'smiles_inds': [13]}]",0.4124703341791228
21,median,O=C1NC(=O)c2c(nc3ccccc3c12)c1cccc[c-]1,"[7, 20]","[{'functional_group': 'cyanimide', 'smiles_inds': [16]}, {'functional_group': 'phosphonate', 'smiles_inds': [10]}]",0.41262983748431886
21,median,CC(=N)C(C)=NN=C([S-])SCc1ccc(C)cc1,"[8, 2, 5]","[{'functional_group': 'cyano', 'smiles_inds': [10]}]",0.41268714730700934
21,median,Cc1[nH+]cc(CO)c(C=NCCC2=CNC=N2)c1[O-],"[18, 16, 9]",[],0.4127842465283901
21,median,Cc1cccc(n1)N=C(Nc1ccc(Cl)cc1)[N-]c1cccc(C)n1,"[17, 6]","[{'functional_group': 'methyl_ester', 'smiles_inds': [2]}, {'functional_group': 'hydroxyl', 'smiles_inds': [16]}]",0.4128145297418922
21,median,Cc1cccc(C=Nc2cccc(c2)C(O)=O)n1,"[17, 7]",[],0.41286543364514794
21,median,FC(F)(F)[C-]=NC(=N)C(F)(F)F,"[4, 7]",[],0.4129454143873494
21,median,O=C([N-]c1cccc2cccnc12)C([CH-]c1ccccc1)N1C(=O)c2ccccc2C1=O,"[11, 2, 14]",[],0.41298788303697437
21,median,C(N1C=CC(=N1)c1ccccn1)c1cccnc1,"[1, 5]","[{'functional_group': 'fluoro', 'smiles_inds': [15]}]",0.4130374662868974
21,median,C1CN=C(N1)NN=Cc1c2ccccc2cc2ccccc12,"[2, 6]",[],0.41307369205634087
21,median,CCCN(CCC)C([S-])=NC(=O)c1cc(cc(c1)N(=O)=O)N(=O)=O,"[8, 11]","[{'functional_group': 'bromo', 'smiles_inds': [17]}, {'functional_group': 'fluoro', 'smiles_inds': [4]}, {'functional_group': 'bromo', 'smiles_inds': [2]}]",0.4130997153213118
21,median,Nc1ccccc1C(=O)c1ccccc1,[0],[],0.41311341650422373
21,top,c1cnc(nc1)c1nc(nc(n1)c1ncccn1)c1ncccn1,"[2, 7, 19]","[{'functional_group': 'carbonyl', 'smiles_inds': [15]}, {'functional_group': 'iodo', 'smiles_inds': [22]}, {'functional_group': 'carboxylate', 'smiles_inds': [0]}, {'functional_group': 'carboxylate', 'smiles_inds': [5]}, {'functional_group': 'cyano', 'smiles_inds': [20]}, {'functional_group': 'carboxylate', 'smiles_inds': [21]}, {'functional_group': 'carbonyl', 'smiles_inds': [16]}, {'functional_group': 'hydroxyl', 'smiles_inds': [1]}]",0.9999998503863259
21,top,c1cnc(nc1)c1nc(nc(n1)c1ncccn1)c1ncccn1,"[2, 7, 19]","[{'functional_group': 'carbonyl', 'smiles_inds': [15]}, {'functional_group': 'iodo', 'smiles_inds': [22]}, {'functional_group': 'carboxylate', 'smiles_inds': [0]}, {'functional_group': 'carboxylate', 'smiles_inds': [5]}, {'functional_group': 'cyano', 'smiles_inds': [20]}, {'functional_group': 'carboxylate', 'smiles_inds': [21]}, {'functional_group': 'ethyl', 'smiles_inds': [14]}, {'functional_group': 'aldehyde', 'smiles_inds': [16]}]",0.9999998546963205
21,top,c1cnc(nc1)c1nc(nc(n1)c1ncccn1)c1ncccn1,"[2, 7, 19]","[{'functional_group': 'carbonyl', 'smiles_inds': [15]}, {'functional_group': 'iodo', 'smiles_inds': [22]}, {'functional_group': 'carboxylate', 'smiles_inds': [0]}, {'functional_group': 'carboxylate', 'smiles_inds': [5]}, {'functional_group': 'cyano', 'smiles_inds': [20]}, {'functional_group': 'carboxylate', 'smiles_inds': [21]}, {'functional_group': 'amide', 'smiles_inds': [1]}, {'functional_group': 'iodo', 'smiles_inds': [14]}]",0.9999998583009003
21,top,c1cnc(nc1)c1nc(nc(n1)c1ncccn1)c1ncccn1,"[2, 7, 19]","[{'functional_group': 'carbonyl', 'smiles_inds': [15]}, {'functional_group': 'iodo', 'smiles_inds': [22]}, {'functional_group': 'carboxylate', 'smiles_inds': [0]}, {'functional_group': 'carboxylate', 'smiles_inds': [5]}, {'functional_group': 'cyano', 'smiles_inds': [20]}, {'functional_group': 'carboxylate', 'smiles_inds': [21]}, {'functional_group': 'carboxylate', 'smiles_inds': [16]}, {'functional_group': 'cyano', 'smiles_inds': [1]}, {'functional_group': 'iodo', 'smiles_inds': [14]}]",0.9999998619873947
21,top,c1cnc(nc1)c1nc(nc(n1)c1ncccn1)c1ncccn1,"[2, 7, 19]","[{'functional_group': 'carbonyl', 'smiles_inds': [15]}, {'functional_group': 'iodo', 'smiles_inds': [22]}, {'functional_group': 'carboxylate', 'smiles_inds': [0]}, {'functional_group': 'carboxylate', 'smiles_inds': [5]}, {'functional_group': 'cyano', 'smiles_inds': [20]}, {'functional_group': 'carboxylate', 'smiles_inds': [21]}, {'functional_group': 'carboxylate', 'smiles_inds': [16]}, {'functional_group': 'cyano', 'smiles_inds': [1]}, {'functional_group': 'trichloro', 'smiles_inds': [14]}]",0.9999998942212583
21,top,c1cnc(nc1)c1nc(nc(n1)c1ncccn1)c1ncccn1,"[2, 7, 19]","[{'functional_group': 'carbonyl', 'smiles_inds': [15]}, {'functional_group': 'iodo', 'smiles_inds': [22]}, {'functional_group': 'carboxylate', 'smiles_inds': [0]}, {'functional_group': 'carboxylate', 'smiles_inds': [5]}, {'functional_group': 'cyano', 'smiles_inds': [20]}, {'functional_group': 'carboxylate', 'smiles_inds': [21]}, {'functional_group': 'carboxylate', 'smiles_inds': [16]}, {'functional_group': 'cyano', 'smiles_inds': [1]}, {'functional_group': '2-hydroxypyridine', 'smiles_inds': [14]}]",0.9999999007340236
21,top,c1cnc(nc1)c1nc(nc(n1)c1ncccn1)c1ncccn1,"[2, 7, 19]","[{'functional_group': 'carbonyl', 'smiles_inds': [15]}, {'functional_group': 'iodo', 'smiles_inds': [22]}, {'functional_group': 'carboxylate', 'smiles_inds': [0]}, {'functional_group': 'carboxylate', 'smiles_inds': [5]}, {'functional_group': 'cyano', 'smiles_inds': [20]}, {'functional_group': 'carboxylate', 'smiles_inds': [21]}, {'functional_group': 'trifluro', 'smiles_inds': [16]}]",0.9999999058596438
21,top,c1cnc(nc1)c1nc(nc(n1)c1ncccn1)c1ncccn1,"[2, 7, 19]","[{'functional_group': 'carbonyl', 'smiles_inds': [15]}, {'functional_group': 'iodo', 'smiles_inds': [22]}, {'functional_group': 'carboxylate', 'smiles_inds': [0]}, {'functional_group': 'carboxylate', 'smiles_inds': [5]}, {'functional_group': 'cyano', 'smiles_inds': [20]}, {'functional_group': 'carboxylate', 'smiles_inds': [21]}, {'functional_group': 'carboxylate', 'smiles_inds': [16]}, {'functional_group': 'cyano', 'smiles_inds': [1]}, {'functional_group': 'methyl', 'smiles_inds': [14]}]",0.9999999066796288
21,top,c1cnc(nc1)c1nc(nc(n1)c1ncccn1)c1ncccn1,"[2, 7, 19]","[{'functional_group': 'carbonyl', 'smiles_inds': [15]}, {'functional_group': 'iodo', 'smiles_inds': [22]}, {'functional_group': 'carboxylate', 'smiles_inds': [0]}, {'functional_group': 'carboxylate', 'smiles_inds': [5]}, {'functional_group': 'cyano', 'smiles_inds': [20]}, {'functional_group': 'carboxylate', 'smiles_inds': [21]}, {'functional_group': 'carboxylate', 'smiles_inds': [16]}, {'functional_group': 'cyano', 'smiles_inds': [1]}, {'functional_group': 'ketone', 'smiles_inds': [14]}]",0.9999999164916177
21,top,c1cnc(nc1)c1nc(nc(n1)c1ncccn1)c1ncccn1,"[2, 7, 19]","[{'functional_group': 'carbonyl', 'smiles_inds': [15]}, {'functional_group': 'iodo', 'smiles_inds': [22]}, {'functional_group': 'carboxylate', 'smiles_inds': [0]}, {'functional_group': 'carboxylate', 'smiles_inds': [5]}, {'functional_group': 'cyano', 'smiles_inds': [20]}, {'functional_group': 'carboxylate', 'smiles_inds': [21]}, {'functional_group': 'iodo', 'smiles_inds': [16]}]",0.9999999234118716
21,top,c1cnc(nc1)c1nc(nc(n1)c1ncccn1)c1ncccn1,"[2, 7, 19]","[{'functional_group': 'carbonyl', 'smiles_inds': [15]}, {'functional_group': 'iodo', 'smiles_inds': [22]}, {'functional_group': 'carboxylate', 'smiles_inds': [0]}, {'functional_group': 'carboxylate', 'smiles_inds': [5]}, {'functional_group': 'cyano', 'smiles_inds': [20]}, {'functional_group': 'carboxylate', 'smiles_inds': [21]}, {'functional_group': 'methyl', 'smiles_inds': [14]}]",0.9999999483431861
21,top,c1cnc(nc1)c1nc(nc(n1)c1ncccn1)c1ncccn1,"[2, 7, 19]","[{'functional_group': 'carbonyl', 'smiles_inds': [15]}, {'functional_group': 'iodo', 'smiles_inds': [22]}, {'functional_group': 'carboxylate', 'smiles_inds': [0]}, {'functional_group': 'carboxylate', 'smiles_inds': [5]}, {'functional_group': 'cyano', 'smiles_inds': [20]}, {'functional_group': 'carboxylate', 'smiles_inds': [21]}, {'functional_group': 'ketone', 'smiles_inds': [16]}]",0.9999999537745413
21,top,c1cnc(nc1)c1nc(nc(n1)c1ncccn1)c1ncccn1,"[2, 7, 19]","[{'functional_group': 'carbonyl', 'smiles_inds': [15]}, {'functional_group': 'iodo', 'smiles_inds': [22]}, {'functional_group': 'carboxylate', 'smiles_inds': [0]}, {'functional_group': 'carboxylate', 'smiles_inds': [5]}, {'functional_group': 'cyano', 'smiles_inds': [20]}, {'functional_group': 'carboxylate', 'smiles_inds': [21]}, {'functional_group': 'carboxylate', 'smiles_inds': [16]}, {'functional_group': 'cyano', 'smiles_inds': [1]}, {'functional_group': 'aldehyde', 'smiles_inds': [14]}]",0.9999999559935396
21,top,c1cnc(nc1)c1nc(nc(n1)c1ncccn1)c1ncccn1,"[2, 7, 19]","[{'functional_group': 'carbonyl', 'smiles_inds': [15]}, {'functional_group': 'iodo', 'smiles_inds': [22]}, {'functional_group': 'carboxylate', 'smiles_inds': [0]}, {'functional_group': 'carboxylate', 'smiles_inds': [5]}, {'functional_group': 'cyano', 'smiles_inds': [20]}, {'functional_group': 'carboxylate', 'smiles_inds': [21]}, {'functional_group': 'chloro', 'smiles_inds': [1]}, {'functional_group': 'carboxylate', 'smiles_inds': [14]}]",0.99999995706042
21,top,c1cnc(nc1)c1nc(nc(n1)c1ncccn1)c1ncccn1,"[2, 7, 19]","[{'functional_group': 'carbonyl', 'smiles_inds': [15]}, {'functional_group': 'iodo', 'smiles_inds': [22]}, {'functional_group': 'carboxylate', 'smiles_inds': [0]}, {'functional_group': 'carboxylate', 'smiles_inds': [5]}, {'functional_group': 'cyano', 'smiles_inds': [20]}, {'functional_group': 'carboxylate', 'smiles_inds': [21]}, {'functional_group': 'ethyl', 'smiles_inds': [16]}, {'functional_group': 'carboxylate', 'smiles_inds': [14]}]",0.9999999591838699
21,top,c1cnc(nc1)c1nc(nc(n1)c1ncccn1)c1ncccn1,"[2, 7, 19]","[{'functional_group': 'carbonyl', 'smiles_inds': [15]}, {'functional_group': 'iodo', 'smiles_inds': [22]}, {'functional_group': 'carboxylate', 'smiles_inds': [0]}, {'functional_group': 'carboxylate', 'smiles_inds': [5]}, {'functional_group': 'cyano', 'smiles_inds': [20]}, {'functional_group': 'carboxylate', 'smiles_inds': [21]}, {'functional_group': '2-hydroxypyridine', 'smiles_inds': [1]}]",0.9999999600024976
21,top,c1cnc(nc1)c1nc(nc(n1)c1ncccn1)c1ncccn1,"[2, 7, 19]","[{'functional_group': 'carbonyl', 'smiles_inds': [15]}, {'functional_group': 'iodo', 'smiles_inds': [22]}, {'functional_group': 'carboxylate', 'smiles_inds': [0]}, {'functional_group': 'carboxylate', 'smiles_inds': [5]}, {'functional_group': 'cyano', 'smiles_inds': [20]}, {'functional_group': 'carboxylate', 'smiles_inds': [21]}, {'functional_group': 'carbonyl', 'smiles_inds': [1]}]",0.9999999645514629
21,top,c1cnc(nc1)c1nc(nc(n1)c1ncccn1)c1ncccn1,"[2, 7, 19]","[{'functional_group': 'carbonyl', 'smiles_inds': [15]}, {'functional_group': 'iodo', 'smiles_inds': [22]}, {'functional_group': 'carboxylate', 'smiles_inds': [0]}, {'functional_group': 'carboxylate', 'smiles_inds': [5]}, {'functional_group': 'cyano', 'smiles_inds': [20]}, {'functional_group': 'carboxylate', 'smiles_inds': [21]}, {'functional_group': 'ketone', 'smiles_inds': [1]}]",0.999999966776028
21,top,c1cnc(nc1)c1nc(nc(n1)c1ncccn1)c1ncccn1,"[2, 7, 19]","[{'functional_group': 'carbonyl', 'smiles_inds': [15]}, {'functional_group': 'iodo', 'smiles_inds': [22]}, {'functional_group': 'carboxylate', 'smiles_inds': [0]}, {'functional_group': 'carboxylate', 'smiles_inds': [5]}, {'functional_group': 'cyano', 'smiles_inds': [20]}, {'functional_group': 'carboxylate', 'smiles_inds': [21]}, {'functional_group': 'aldehyde', 'smiles_inds': [14]}]",0.9999999756405439
21,top,c1cnc(nc1)c1nc(nc(n1)c1ncccn1)c1ncccn1,"[2, 7, 19]","[{'functional_group': 'carbonyl', 'smiles_inds': [15]}, {'functional_group': 'iodo', 'smiles_inds': [22]}, {'functional_group': 'carboxylate', 'smiles_inds': [0]}, {'functional_group': 'carboxylate', 'smiles_inds': [5]}, {'functional_group': 'cyano', 'smiles_inds': [20]}, {'functional_group': 'carboxylate', 'smiles_inds': [21]}, {'functional_group': 'carboxylate', 'smiles_inds': [16]}, {'functional_group': 'carboxylate', 'smiles_inds': [1]}]",0.9999999983731238
22,bottom,C[Si](C)(C)c1cc(cc(c1)[Si](C)(C)C)C(C(=O)Nc1cccc(NC(=O)C(c2cc(cc(c2)[Si](C)(C)C)[Si](C)(C)C)(c2cc(cc(c2)[Si](C)(C)C)[Si](C)(C)C)c2cc(cc(c2)[Si](C)(C)C)[Si](C)(C)C)c1[S-])(c1cc(cc(c1)[Si](C)(C)C)[Si](C)(C)C)c1cc(cc(c1)[Si](C)(C)C)[Si](C)(C)C,"[70, 16]",[],9.793178684618555e-27
22,bottom,CC1=C(C)C[Ge]2([Ge]([Ge]2(C1)[Si](C(C)(C)C)(C(C)(C)C)C(C)(C)C)[Si](C(C)(C)C)(C(C)(C)C)C(C)(C)C)[Si](C(C)(C)C)(C(C)(C)C)C(C)(C)C,[6],"[{'functional_group': 'ether', 'smiles_inds': [15]}, {'functional_group': 'carboxyl', 'smiles_inds': [47]}]",5.624631201269345e-19
22,bottom,C[Si](C)(C)C(c1cc(C([Si](C)(C)C)[Si](C)(C)C)c(Sc2ccccc2Sc2ccccc2Sc2ccccc2Sc2c(cc(cc2C([Si](C)(C)C)[Si](C)(C)C)C([Si](C)(C)C)[Si](C)(C)C)C([Si](C)(C)C)[Si](C)(C)C)c(c1)C([Si](C)(C)C)[Si](C)(C)C)[Si](C)(C)C,"[25, 32]","[{'functional_group': 'cyanimide', 'smiles_inds': [46]}]",7.483495312667424e-17
22,bottom,CC(C)(C)[Si](C)([Si]12[Ge][Si]1([Si](C)(C(C)(C)C)C(C)(C)C)[Si]2([Si](C)(C(C)(C)C)C(C)(C)C)[Si](C)(C(C)(C)C)C(C)(C)C)C(C)(C)C,[7],[],9.114946936234445e-17
22,bottom,CC(C)(C)[Si](C)([Si]12[Ge][Si]1([Si](C)(C(C)(C)C)C(C)(C)C)[Si]2([Si](C)(C(C)(C)C)C(C)(C)C)[Si](C)(C(C)(C)C)C(C)(C)C)C(C)(C)C,[7],"[{'functional_group': 'carboxyl', 'smiles_inds': [10]}]",1.4956612868476923e-16
22,bottom,N=P(c1ccccc1c1cc(cc(c1)c1ccccc1P(=[N-])(C12CC3CC(CC(C3)C1)C2)C12CC3CC(CC(C3)C1)C2)c1ccccc1P(=[N-])(C12CC3CC(CC(C3)C1)C2)C12CC3CC(CC(C3)C1)C2)(C12CC3CC(CC(C3)C1)C2)C12CC3CC(CC(C3)C1)C2,"[0, 21, 49]","[{'functional_group': 'trichloro', 'smiles_inds': [15]}, {'functional_group': 'ketone', 'smiles_inds': [37]}]",3.904683845233879e-16
22,bottom,C[Si]([Ge]1[Si]2([Ge]([Si]12[Si](C)(C(C)(C)C)C(C)(C)C)[Si](C)(C(C)(C)C)C(C)(C)C)[Si](C)(C(C)(C)C)C(C)(C)C)(C(C)(C)C)C(C)(C)C,"[2, 4]","[{'functional_group': 'thiol', 'smiles_inds': [41]}, {'functional_group': 'phosphonate', 'smiles_inds': [20]}]",8.92690920395709e-16
22,bottom,CC(C)(C)P(CCP(CCP(C(C)(C)C)C(C)(C)C)CCP(C(C)(C)C)C(C)(C)C)C(C)(C)C,"[4, 7, 10]","[{'functional_group': 'phenyl', 'smiles_inds': [9]}, {'functional_group': 'carboxyl', 'smiles_inds': [32]}]",4.134534096839787e-15
22,bottom,CC(C)(C)c1cc2c(OP(OC3C(CO[Si](c4ccccc4)(c4ccccc4)C(C)(C)C)OC(CO[Si](c4ccccc4)(c4ccccc4)C(C)(C)C)C3OP3Oc4c(cc(cc4C(C)(C)C)C(C)(C)C)c4cc(cc(c4O3)C(C)(C)C)C(C)(C)C)Oc3c2cc(cc3C(C)(C)C)C(C)(C)C)c(c1)C(C)(C)C,"[9, 55]",[],4.867021987195618e-15
22,bottom,C[Si](C)(C)C(c1cc(C([Si](C)(C)C)[Si](C)(C)C)c([Se]c2ccccc2Sc2ccccc2Sc2ccccc2[Se]c2c(cc(cc2C([Si](C)(C)C)[Si](C)(C)C)C([Si](C)(C)C)[Si](C)(C)C)C([Si](C)(C)C)[Si](C)(C)C)c(c1)C([Si](C)(C)C)[Si](C)(C)C)[Si](C)(C)C,"[25, 32]","[{'functional_group': 'thiol', 'smiles_inds': [63]}]",6.9907321961278545e-15
22,bottom,CC(C)(C)C(=O)Nc1cccc(NC(=O)C(c2cc(cc(c2)[Si](C)(C)C)[Si](C)(C)C)(c2cc(cc(c2)[Si](C)(C)C)[Si](C)(C)C)c2cc(cc(c2)[Si](C)(C)C)[Si](C)(C)C)c1[S-],"[5, 59]",[],7.689717107908055e-15
22,bottom,CC(C)(C)[Si](C)(C)N[Si]1(N([Si](C)(C)C(C)(C)C)[Si](N[Si](C)(C)C(C)(C)C)(N1[Si](C)(C)C(C)(C)C)C(C)(C)C)C(C)(C)C,"[7, 18]",[],1.3477542346274275e-14
22,bottom,CC(C)(C)P(CCP(CCP(C(C)(C)C)C(C)(C)C)CCP(C(C)(C)C)C(C)(C)C)C(C)(C)C,"[4, 7, 10]","[{'functional_group': 'aldehyde', 'smiles_inds': [20]}, {'functional_group': 'tribromo', 'smiles_inds': [12]}]",1.5888725445103635e-14
22,bottom,C1CCCP(CCCCCCC=CCCCCCCP(CCCCCCC=CCCCCCCP(CCCCCCC=CCC1)c1ccccc1)c1ccccc1)c1ccccc1,"[4, 34, 19]",[],3.278737358029248e-14
22,bottom,C[Si](C)(C)C(c1cc(C([Si](C)(C)C)[Si](C)(C)C)c(Sc2ccccc2[Se]c2ccccc2[Se]c2ccccc2Sc2c(cc(cc2C([Si](C)(C)C)[Si](C)(C)C)C([Si](C)(C)C)[Si](C)(C)C)C([Si](C)(C)C)[Si](C)(C)C)c(c1)C([Si](C)(C)C)[Si](C)(C)C)[Si](C)(C)C,"[25, 32]","[{'functional_group': 'carboxyl', 'smiles_inds': [79]}]",3.4148752562137405e-14
22,bottom,CC(C)(C)P(P1P2P3P2P(P1P3P(C(C)(C)C)C(C)(C)C)P(C(C)(C)C)C(C)(C)C)C(C)(C)C,[6],[],3.992499221105875e-14
22,bottom,C[Si](C)(C)[Si]1([Sb][Si]([Si](C)(C)C)([Si](C)(C)[Si]1(C)C)[Si]([Si](C)(C)C)([Si](C)(C)C)[Si](C)(C)C)[Si](C)(C)C,[5],[],1.304545094178824e-13
22,bottom,CCC(C)(C)c1cc(C(c2cc(cc(c2OCCN(C)C(=O)CP(=O)(c2ccccc2)c2ccccc2)C(C)(C)CC)C(C)(C)CC)c2cc(cc(c2OCCN(C)C(=O)CP(=O)(c2ccccc2)c2ccccc2)C(C)(C)CC)C(C)(C)CC)c(OCCN(C)C(=O)CP(=O)(c2ccccc2)c2ccccc2)c(c1)C(C)(C)CC,"[21, 24, 59, 62, 92, 95]","[{'functional_group': 'ethyl_ester', 'smiles_inds': [76]}, {'functional_group': 'methyl_ester', 'smiles_inds': [64]}]",2.314285873274229e-13
22,bottom,CC(C)c1cc(C(C)C)c(P(CCP(c2c(cc(cc2C(C)C)C(C)C)C(C)C)c2c(cc(cc2C(C)C)C(C)C)C(C)C)c2c(cc(cc2C(C)C)C(C)C)C(C)C)c(c1)C(C)C,"[10, 13]","[{'functional_group': '2-methylbenzoic_acid', 'smiles_inds': [57]}]",3.283699876368338e-13
22,bottom,C[NH+](C)c1ccccc1C([O-])(c1cccc(n1)C([O-])(c1ccccc1[NH+](C)C)c1ccccc1N(C)C)c1ccccc1N(C)C,"[10, 18, 16]","[{'functional_group': 'cyanimide', 'smiles_inds': [20]}, {'functional_group': 'carboxyl', 'smiles_inds': [45]}]",4.451817174487538e-13
22,median,CN1CCCN(CCC1)Cc1ccccn1,"[5, 1, 15]",[],0.4072636065957836
22,median,CON=C(C)c1ccc(cc1)N=Cc1cccc(Br)c1[O-],"[20, 11]",[],0.407318986184633
22,median,Cc1cccc(C)c1N=C(C)c1ccc2OCOc2[c-]1,"[8, 19]",[],0.40738699103905474
22,median,CSC(=S)N(C)[N-]C(=O)C([N-]C(=O)OCc1ccccc1)C(C)C,"[3, 6, 10]","[{'functional_group': '2-hydroxypyridine', 'smiles_inds': [21]}, {'functional_group': 'aldehyde', 'smiles_inds': [17]}]",0.40750258814130735
22,median,C1CC(=[C-]c2ccccc2)c2ncccc12,"[11, 3]",[],0.40758097899417783
22,median,CNC(=S)NCC[N-]C(=S)NC,"[9, 3, 7]","[{'functional_group': 'carbonyl', 'smiles_inds': [5]}, {'functional_group': 'fluoro', 'smiles_inds': [10]}]",0.40764230500922266
22,median,Cc1ccc(N=Cc2ccccn2)c(C)c1,"[5, 12]",[],0.407663795637788
22,median,COc1cccc(C=NC(CCSC)C(=O)[O-])c1OCCOc1c(OC)cccc1C=NC(CCSC)C(=O)[O-],"[8, 31, 16, 18, 39, 21]",[],0.4077091726206817
22,median,CC(=NN)c1cnccn1,"[9, 2]","[{'functional_group': 'iodo', 'smiles_inds': [5]}, {'functional_group': '2-methylbenzoic_acid', 'smiles_inds': [3]}]",0.407756637911335
22,median,ClC1=NC=CN1,[2],"[{'functional_group': 'tribromo', 'smiles_inds': [4]}, {'functional_group': 'methyl_ester', 'smiles_inds': [3]}]",0.40777250626641515
22,median,CSCCN=C(Nc1cccc[c-]1)c1ccccc1,"[1, 12, 4]","[{'functional_group': 'trifluro', 'smiles_inds': [9]}]",0.40777352165930114
22,median,COc1cccc2ccc[c-]c12,"[1, 10]","[{'functional_group': 'ethyl_ester', 'smiles_inds': [5]}]",0.4077831657003344
22,median,CCCN(CCC)C([S-])=NC(=O)c1cc(cc(c1)N(=O)=O)N(=O)=O,"[8, 11]","[{'functional_group': 'hydroxyl', 'smiles_inds': [5]}, {'functional_group': 'tribromo', 'smiles_inds': [2]}, {'functional_group': 'hydroxyl', 'smiles_inds': [0]}, {'functional_group': 'amide', 'smiles_inds': [17]}]",0.40779641161654123
22,median,CON=C1NC=NC2=C1N=CN2Cc1ccccn1,"[6, 11]",[],0.40784606687297115
22,median,C1CC(N(N=Cc2ccccn2)C(C1)c1ccccc1)c1ccccc1,"[3, 4]",[],0.4078933044551013
22,median,O=C1N2c3ccccc3C(=O)C2=Nc2ccccc12,[12],"[{'functional_group': 'trichloro', 'smiles_inds': [15]}, {'functional_group': 'trichloro', 'smiles_inds': [7]}]",0.40794093501734474
22,median,CSc1ccccc1N=Cc1c(C)cc(C)cc1C,"[1, 8]",[],0.4079819469888221
22,median,FC(F)(F)c1ccccc1N1C=C(N=N1)c1ccccn1,"[13, 10]",[],0.40799262410564757
22,median,Cc1cc(C)c(c(C)c1)S(=O)(=O)N=C1[N-]C=CC=C1C,"[14, 10]",[],0.4080488904195013
22,median,c1ccc(cc1)N(c1ccccn1)c1cccc(n1)c1cccc[c-]1,"[12, 6, 24]",[],0.40807730754766364
22,top,c1cnc(nc1)c1nc(nc(n1)c1ncccn1)c1ncccn1,"[2, 7, 19]","[{'functional_group': 'carbonyl', 'smiles_inds': [15]}, {'functional_group': 'iodo', 'smiles_inds': [22]}, {'functional_group': 'carboxylate', 'smiles_inds': [0]}, {'functional_group': 'carboxylate', 'smiles_inds': [5]}, {'functional_group': 'cyano', 'smiles_inds': [20]}, {'functional_group': 'carboxylate', 'smiles_inds': [21]}, {'functional_group': 'carboxyllic_acid', 'smiles_inds': [14]}]",0.9999996687070655
22,top,c1cnc(nc1)c1nc(nc(n1)c1ncccn1)c1ncccn1,"[2, 7, 19]","[{'functional_group': 'carbonyl', 'smiles_inds': [15]}, {'functional_group': 'iodo', 'smiles_inds': [22]}, {'functional_group': 'carboxylate', 'smiles_inds': [0]}, {'functional_group': 'carboxylate', 'smiles_inds': [5]}, {'functional_group': 'cyano', 'smiles_inds': [20]}, {'functional_group': 'carboxylate', 'smiles_inds': [21]}, {'functional_group': 'carboxylate', 'smiles_inds': [16]}, {'functional_group': 'cyano', 'smiles_inds': [1]}, {'functional_group': 'phosphonate', 'smiles_inds': [14]}]",0.9999996909382753
22,top,c1cnc(nc1)c1nc(nc(n1)c1ncccn1)c1ncccn1,"[2, 7, 19]","[{'functional_group': 'carbonyl', 'smiles_inds': [15]}, {'functional_group': 'iodo', 'smiles_inds': [22]}, {'functional_group': 'carboxylate', 'smiles_inds': [0]}, {'functional_group': 'carboxylate', 'smiles_inds': [5]}, {'functional_group': 'cyano', 'smiles_inds': [20]}, {'functional_group': 'carboxylate', 'smiles_inds': [21]}, {'functional_group': 'chloro', 'smiles_inds': [1]}, {'functional_group': 'aldehyde', 'smiles_inds': [14]}]",0.999999726108872
22,top,c1cnc(nc1)c1nc(nc(n1)c1ncccn1)c1ncccn1,"[2, 7, 19]","[{'functional_group': 'carbonyl', 'smiles_inds': [15]}, {'functional_group': 'iodo', 'smiles_inds': [22]}, {'functional_group': 'carboxylate', 'smiles_inds': [0]}, {'functional_group': 'carboxylate', 'smiles_inds': [5]}, {'functional_group': 'cyano', 'smiles_inds': [20]}, {'functional_group': 'carboxylate', 'smiles_inds': [21]}, {'functional_group': 'bromo', 'smiles_inds': [16]}]",0.99999974680009
22,top,c1cnc(nc1)c1nc(nc(n1)c1ncccn1)c1ncccn1,"[2, 7, 19]","[{'functional_group': 'carbonyl', 'smiles_inds': [15]}, {'functional_group': 'iodo', 'smiles_inds': [22]}, {'functional_group': 'carboxylate', 'smiles_inds': [0]}, {'functional_group': 'carboxylate', 'smiles_inds': [5]}, {'functional_group': 'cyano', 'smiles_inds': [20]}, {'functional_group': 'carboxylate', 'smiles_inds': [21]}, {'functional_group': 'fluoro', 'smiles_inds': [1]}]",0.9999997508500068
22,top,c1cnc(nc1)c1nc(nc(n1)c1ncccn1)c1ncccn1,"[2, 7, 19]","[{'functional_group': 'carbonyl', 'smiles_inds': [15]}, {'functional_group': 'iodo', 'smiles_inds': [22]}, {'functional_group': 'carboxylate', 'smiles_inds': [0]}, {'functional_group': 'carboxylate', 'smiles_inds': [5]}, {'functional_group': 'cyano', 'smiles_inds': [20]}, {'functional_group': 'carboxylate', 'smiles_inds': [21]}, {'functional_group': 'carboxylate', 'smiles_inds': [16]}, {'functional_group': 'cyano', 'smiles_inds': [1]}, {'functional_group': 'trifluro', 'smiles_inds': [14]}]",0.9999997509567312
22,top,c1cnc(nc1)c1nc(nc(n1)c1ncccn1)c1ncccn1,"[2, 7, 19]","[{'functional_group': 'carbonyl', 'smiles_inds': [15]}, {'functional_group': 'iodo', 'smiles_inds': [22]}, {'functional_group': 'carboxylate', 'smiles_inds': [0]}, {'functional_group': 'carboxylate', 'smiles_inds': [5]}, {'functional_group': 'cyano', 'smiles_inds': [20]}, {'functional_group': 'carboxylate', 'smiles_inds': [21]}, {'functional_group': 'amino', 'smiles_inds': [1]}]",0.9999997597729586
22,top,c1cnc(nc1)c1nc(nc(n1)c1ncccn1)c1ncccn1,"[2, 7, 19]","[{'functional_group': 'carbonyl', 'smiles_inds': [15]}, {'functional_group': 'iodo', 'smiles_inds': [22]}, {'functional_group': 'carboxylate', 'smiles_inds': [0]}, {'functional_group': 'carboxylate', 'smiles_inds': [5]}, {'functional_group': 'cyano', 'smiles_inds': [20]}, {'functional_group': 'carboxylate', 'smiles_inds': [21]}, {'functional_group': 'carboxyl', 'smiles_inds': [1]}]",0.9999997730868895
22,top,c1cnc(nc1)c1nc(nc(n1)c1ncccn1)c1ncccn1,"[2, 7, 19]","[{'functional_group': 'carbonyl', 'smiles_inds': [15]}, {'functional_group': 'iodo', 'smiles_inds': [22]}, {'functional_group': 'carboxylate', 'smiles_inds': [0]}, {'functional_group': 'carboxylate', 'smiles_inds': [5]}, {'functional_group': 'cyano', 'smiles_inds': [20]}, {'functional_group': 'carboxylate', 'smiles_inds': [21]}, {'functional_group': 'phosphonate', 'smiles_inds': [16]}]",0.9999997997664295
22,top,c1cnc(nc1)c1nc(nc(n1)c1ncccn1)c1ncccn1,"[2, 7, 19]","[{'functional_group': 'carbonyl', 'smiles_inds': [15]}, {'functional_group': 'iodo', 'smiles_inds': [22]}, {'functional_group': 'carboxylate', 'smiles_inds': [0]}, {'functional_group': 'carboxylate', 'smiles_inds': [5]}, {'functional_group': 'cyano', 'smiles_inds': [20]}, {'functional_group': 'carboxylate', 'smiles_inds': [21]}, {'functional_group': 'ethyl', 'smiles_inds': [16]}, {'functional_group': 'aldehyde', 'smiles_inds': [1]}]",0.9999998013551271
22,top,c1cnc(nc1)c1nc(nc(n1)c1ncccn1)c1ncccn1,"[2, 7, 19]","[{'functional_group': 'carbonyl', 'smiles_inds': [15]}, {'functional_group': 'iodo', 'smiles_inds': [22]}, {'functional_group': 'carboxylate', 'smiles_inds': [0]}, {'functional_group': 'carboxylate', 'smiles_inds': [5]}, {'functional_group': 'cyano', 'smiles_inds': [20]}, {'functional_group': 'carboxylate', 'smiles_inds': [21]}, {'functional_group': 'carboxylate', 'smiles_inds': [16]}, {'functional_group': 'cyano', 'smiles_inds': [1]}, {'functional_group': 'trichloro', 'smiles_inds': [14]}]",0.9999998424349208
22,top,c1cnc(nc1)c1nc(nc(n1)c1ncccn1)c1ncccn1,"[2, 7, 19]","[{'functional_group': 'carbonyl', 'smiles_inds': [15]}, {'functional_group': 'iodo', 'smiles_inds': [22]}, {'functional_group': 'carboxylate', 'smiles_inds': [0]}, {'functional_group': 'carboxylate', 'smiles_inds': [5]}, {'functional_group': 'cyano', 'smiles_inds': [20]}, {'functional_group': 'carboxylate', 'smiles_inds': [21]}, {'functional_group': 'hydroxyl', 'smiles_inds': [16]}]",0.999999844718971
22,top,c1cnc(nc1)c1nc(nc(n1)c1ncccn1)c1ncccn1,"[2, 7, 19]","[{'functional_group': 'carbonyl', 'smiles_inds': [15]}, {'functional_group': 'iodo', 'smiles_inds': [22]}, {'functional_group': 'carboxylate', 'smiles_inds': [0]}, {'functional_group': 'carboxylate', 'smiles_inds': [5]}, {'functional_group': 'cyano', 'smiles_inds': [20]}, {'functional_group': 'carboxylate', 'smiles_inds': [21]}, {'functional_group': 'hydroxyl', 'smiles_inds': [14]}]",0.999999844718971
22,top,c1cnc(nc1)c1nc(nc(n1)c1ncccn1)c1ncccn1,"[2, 7, 19]","[{'functional_group': 'carbonyl', 'smiles_inds': [15]}, {'functional_group': 'iodo', 'smiles_inds': [22]}, {'functional_group': 'carboxylate', 'smiles_inds': [0]}, {'functional_group': 'carboxylate', 'smiles_inds': [5]}, {'functional_group': 'cyano', 'smiles_inds': [20]}, {'functional_group': 'carboxylate', 'smiles_inds': [21]}, {'functional_group': 'iodo', 'smiles_inds': [16]}]",0.9999998450488718
22,top,c1cnc(nc1)c1nc(nc(n1)c1ncccn1)c1ncccn1,"[2, 7, 19]","[{'functional_group': 'carbonyl', 'smiles_inds': [15]}, {'functional_group': 'iodo', 'smiles_inds': [22]}, {'functional_group': 'carboxylate', 'smiles_inds': [0]}, {'functional_group': 'carboxylate', 'smiles_inds': [5]}, {'functional_group': 'cyano', 'smiles_inds': [20]}, {'functional_group': 'carboxylate', 'smiles_inds': [21]}, {'functional_group': 'carboxylate', 'smiles_inds': [16]}, {'functional_group': 'cyano', 'smiles_inds': [1]}, {'functional_group': 'methyl', 'smiles_inds': [14]}]",0.9999998539530364
22,top,c1cnc(nc1)c1nc(nc(n1)c1ncccn1)c1ncccn1,"[2, 7, 19]","[{'functional_group': 'carbonyl', 'smiles_inds': [15]}, {'functional_group': 'iodo', 'smiles_inds': [22]}, {'functional_group': 'carboxylate', 'smiles_inds': [0]}, {'functional_group': 'carboxylate', 'smiles_inds': [5]}, {'functional_group': 'cyano', 'smiles_inds': [20]}, {'functional_group': 'carboxylate', 'smiles_inds': [21]}, {'functional_group': 'carboxylate', 'smiles_inds': [16]}, {'functional_group': 'cyano', 'smiles_inds': [1]}, {'functional_group': 'carbonyl', 'smiles_inds': [14]}]",0.9999998657899425
22,top,O=C(NCCN(CCNC(=O)C1=C([O-])C(=O)C=CO1)CCNC(=O)C1=C([O-])C(=O)C=CO1)C1=C([O-])C(=O)C=CO1,"[34, 36, 13, 15, 26, 28]","[{'functional_group': 'iodo', 'smiles_inds': [20]}, {'functional_group': 'aldehyde', 'smiles_inds': [21]}]",0.9999998766399659
22,top,c1cnc(nc1)c1nc(nc(n1)c1ncccn1)c1ncccn1,"[2, 7, 19]","[{'functional_group': 'carbonyl', 'smiles_inds': [15]}, {'functional_group': 'iodo', 'smiles_inds': [22]}, {'functional_group': 'carboxylate', 'smiles_inds': [0]}, {'functional_group': 'carboxylate', 'smiles_inds': [5]}, {'functional_group': 'cyano', 'smiles_inds': [20]}, {'functional_group': 'carboxylate', 'smiles_inds': [21]}, {'functional_group': 'carboxylate', 'smiles_inds': [16]}, {'functional_group': 'cyano', 'smiles_inds': [1]}, {'functional_group': 'ketone', 'smiles_inds': [14]}]",0.9999998766960537
22,top,c1cnc(nc1)c1nc(nc(n1)c1ncccn1)c1ncccn1,"[2, 7, 19]","[{'functional_group': 'carbonyl', 'smiles_inds': [15]}, {'functional_group': 'iodo', 'smiles_inds': [22]}, {'functional_group': 'carboxylate', 'smiles_inds': [0]}, {'functional_group': 'carboxylate', 'smiles_inds': [5]}, {'functional_group': 'cyano', 'smiles_inds': [20]}, {'functional_group': 'carboxylate', 'smiles_inds': [21]}, {'functional_group': 'trichloro', 'smiles_inds': [1]}]",0.9999999266012746
22,top,c1cnc(nc1)c1nc(nc(n1)c1ncccn1)c1ncccn1,"[2, 7, 19]","[{'functional_group': 'carbonyl', 'smiles_inds': [15]}, {'functional_group': 'iodo', 'smiles_inds': [22]}, {'functional_group': 'carboxylate', 'smiles_inds': [0]}, {'functional_group': 'carboxylate', 'smiles_inds': [5]}, {'functional_group': 'cyano', 'smiles_inds': [20]}, {'functional_group': 'carboxylate', 'smiles_inds': [21]}, {'functional_group': 'amide', 'smiles_inds': [1]}]",0.9999999358349131
23,bottom,CCCC[P](CCCC)(CCCC)CCP(CCP(CCP(CC[P](CCCC)(CCCC)CCCC)CC[P](CCCC)(CCCC)CCCC)c1ccccc1)CC[P](CCCC)(CCCC)CCCC,"[15, 18, 21]","[{'functional_group': 'fluoro', 'smiles_inds': [32]}, {'functional_group': 'amide', 'smiles_inds': [67]}]",1.332755603722199e-19
23,bottom,CC(C)(C)[Si]([SiH]1[Si]2(CC[Si]3(OCCOCCOCCOCCOCCO3)[Si]12[Si](C(C)(C)C)(C(C)(C)C)C(C)(C)C)[Si](C(C)(C)C)(C(C)(C)C)C(C)(C)C)(C(C)(C)C)C(C)(C)C,"[22, 19, 16]","[{'functional_group': 'iodo', 'smiles_inds': [20]}]",9.449648807009271e-19
23,bottom,CC(C)(C)c1cc2c(OP(Oc3c2cc(cc3C(C)(C)C)C(C)(C)C)O[Si]2(O[Si]3(O[Si](OP4Oc5c(cc(cc5C(C)(C)C)C(C)(C)C)c5cc(cc(c5O4)C(C)(C)C)C(C)(C)C)(O[Si]4(O[Si](O3)(O[Si](O2)(O[Si](O4)(O[Si](C)(c2ccccc2)c2ccccc2)C2CCCC2)C2CCCC2)C2CCCC2)C2CCCC2)C2CCCC2)C2CCCC2)C2CCCC2)c(c1)C(C)(C)C,"[9, 32]","[{'functional_group': 'cyanimide', 'smiles_inds': [38]}]",1.1946696975198136e-18
23,bottom,CP(CCP(C)c1c(cc(cc1C([Si](C)(C)C)[Si](C)(C)C)C([Si](C)(C)C)([Si](C)(C)C)[Si](C)(C)C)C([Si](C)(C)C)[Si](C)(C)C)c1c(cc(cc1C([Si](C)(C)C)[Si](C)(C)C)C([Si](C)(C)C)([Si](C)(C)C)[Si](C)(C)C)C([Si-](C)C)[Si](C)(C)C,"[4, 72, 1]",[],1.6552370073194023e-18
23,bottom,CP(CCP(C)c1c(cc(cc1C([Si](C)(C)C)[Si](C)(C)C)C([Si](C)(C)C)([Si](C)(C)C)[Si](C)(C)C)C([Si](C)(C)C)[Si](C)(C)C)c1c(cc(cc1C([Si](C)(C)C)[Si](C)(C)C)C([Si](C)(C)C)([Si](C)(C)C)[Si](C)(C)C)C([Si-](C)C)[Si](C)(C)C,"[4, 72, 1]","[{'functional_group': 'amide', 'smiles_inds': [33]}]",1.6736289803658468e-18
23,bottom,CC(C)(C)[Si]([SiH]1[Si]2(CC[Si]3(OCCOCCOCCOCCOCCO3)[Si]12[Si](C(C)(C)C)(C(C)(C)C)C(C)(C)C)[Si](C(C)(C)C)(C(C)(C)C)C(C)(C)C)(C(C)(C)C)C(C)(C)C,"[22, 19, 16]","[{'functional_group': 'tribromo', 'smiles_inds': [15]}]",1.6791935699233073e-18
23,bottom,CP(CCP(C)c1c(cc(cc1C([Si](C)(C)C)[Si](C)(C)C)C([Si](C)(C)C)([Si](C)(C)C)[Si](C)(C)C)C([Si](C)(C)C)[Si](C)(C)C)c1c(cc(cc1C([Si](C)(C)C)[Si](C)(C)C)C([Si](C)(C)C)([Si](C)(C)C)[Si](C)(C)C)C([Si-](C)C)[Si](C)(C)C,"[4, 72, 1]","[{'functional_group': 'chloro', 'smiles_inds': [20]}, {'functional_group': 'hydroxyl', 'smiles_inds': [0]}]",3.1272718168561264e-18
23,bottom,CP(CCP(C)c1c(cc(cc1C([Si](C)(C)C)[Si](C)(C)C)C([Si](C)(C)C)([Si](C)(C)C)[Si](C)(C)C)C([Si](C)(C)C)[Si](C)(C)C)c1c(cc(cc1C([Si](C)(C)C)[Si](C)(C)C)C([Si](C)(C)C)([Si](C)(C)C)[Si](C)(C)C)C([Si-](C)C)[Si](C)(C)C,"[4, 72, 1]","[{'functional_group': 'carboxyllic_acid', 'smiles_inds': [37]}, {'functional_group': 'cyano', 'smiles_inds': [12]}]",1.4619180369294685e-17
23,bottom,C[Si](C)(C)c1cc(cc(c1)[Si](C)(C)C)P(c1cc(cc(c1)[Si](C)(C)C)[Si](C)(C)C)c1ccccc1P(c1cc(cc(c1)[Si](C)(C)C)[Si](C)(C)C)c1cc(cc(c1)[Si](C)(C)C)[Si](C)(C)C,"[35, 14]",[],5.012773109682989e-17
23,bottom,CC(C)(C)c1cc2c(OP(Oc3c2cc(cc3C(C)(C)C)C(C)(C)C)O[Si]2(O[Si]3(O[Si](OP4Oc5c(cc(cc5C(C)(C)C)C(C)(C)C)c5cc(cc(c5O4)C(C)(C)C)C(C)(C)C)(O[Si]4(O[Si](O3)(O[Si](O2)(O[Si](O4)(O[Si](C)(c2ccccc2)c2ccccc2)C2CCCC2)C2CCCC2)C2CCCC2)C2CCCC2)C2CCCC2)C2CCCC2)C2CCCC2)c(c1)C(C)(C)C,"[9, 32]","[{'functional_group': 'fluoro', 'smiles_inds': [94]}]",1.0172845765039406e-16
23,bottom,N=P(c1ccccc1c1cc(cc(c1)c1ccccc1P(=[N-])(C12CC3CC(CC(C3)C1)C2)C12CC3CC(CC(C3)C1)C2)c1ccccc1P(=[N-])(C12CC3CC(CC(C3)C1)C2)C12CC3CC(CC(C3)C1)C2)(C12CC3CC(CC(C3)C1)C2)C12CC3CC(CC(C3)C1)C2,"[0, 21, 49]","[{'functional_group': 'tribromo', 'smiles_inds': [68]}]",6.878669089892965e-16
23,bottom,C1CCN(C1)P(=Nc1ccc2ccccc2c1c1c(ccc2ccccc12)N=P(N=P(N1CCCC1)(N1CCCC1)N1CCCC1)(N1CCCC1)N1CCCC1)(N=P(N1CCCC1)(N1CCCC1)N1CCCC1)N1CCCC1,"[6, 27]",[],7.741061153142989e-16
23,bottom,C1CCN(C1)P(=Nc1ccc2ccccc2c1c1c(ccc2ccccc12)N=P(N=P(N1CCCC1)(N1CCCC1)N1CCCC1)(N1CCCC1)N1CCCC1)(N=P(N1CCCC1)(N1CCCC1)N1CCCC1)N1CCCC1,"[6, 27]","[{'functional_group': 'chloro', 'smiles_inds': [2]}]",1.5000955821159368e-15
23,bottom,CC(C)(C)P(CCCP(CCCP(C(C)(C)C)C(C)(C)C)CCCP(C(C)(C)C)C(C)(C)C)C(C)(C)C,"[4, 8, 12]","[{'functional_group': 'tribromo', 'smiles_inds': [11]}]",2.021263527683023e-15
23,bottom,CC(C)(C)P(P1P(P(P1C(C)(C)C)C(C)(C)C)C(C)(C)C)P1P(P(P1C(C)(C)C)C(C)(C)C)C(C)(C)C,[4],"[{'functional_group': '2-methylbenzoic_acid', 'smiles_inds': [28]}]",2.578722126737379e-15
23,bottom,CC(C)(C)P(CCCP(CCCP(C(C)(C)C)C(C)(C)C)CCCP(C(C)(C)C)C(C)(C)C)C(C)(C)C,"[4, 8, 12]","[{'functional_group': 'bromo', 'smiles_inds': [22]}, {'functional_group': 'bromo', 'smiles_inds': [3]}]",3.20730604475457e-15
23,bottom,CC(C)(C)c1cc2c(OP(OC3C(CO[Si](c4ccccc4)(c4ccccc4)C(C)(C)C)OC(CO[Si](c4ccccc4)(c4ccccc4)C(C)(C)C)C3OP3Oc4c(cc(cc4C(C)(C)C)C(C)(C)C)c4cc(cc(c4O3)C(C)(C)C)C(C)(C)C)Oc3c2cc(cc3C(C)(C)C)C(C)(C)C)c(c1)C(C)(C)C,"[9, 55]",[],3.3423953706126677e-15
23,bottom,C[Si](C)(C)C(c1cc(C([Si](C)(C)C)[Si](C)(C)C)c([Se]c2ccccc2Sc2ccccc2Sc2ccccc2[Se]c2c(cc(cc2C([Si](C)(C)C)[Si](C)(C)C)C([Si](C)(C)C)[Si](C)(C)C)C([Si](C)(C)C)[Si](C)(C)C)c(c1)C([Si](C)(C)C)[Si](C)(C)C)[Si](C)(C)C,"[25, 32]","[{'functional_group': 'aldehyde', 'smiles_inds': [77]}]",4.553256042030954e-15
23,bottom,C[Si]([Ge]1[Si]2([Ge]([Si]12[Si](C)(C(C)(C)C)C(C)(C)C)[Si](C)(C(C)(C)C)C(C)(C)C)[Si](C)(C(C)(C)C)C(C)(C)C)(C(C)(C)C)C(C)(C)C,"[2, 4]",[],5.033890662125984e-15
23,bottom,C1CCCP(CCCCCCC=CCCCCCCP(CCCCCCC=CCCCCCCP(CCCCCCC=CCC1)c1ccccc1)c1ccccc1)c1ccccc1,"[4, 34, 19]","[{'functional_group': 'ethyl_ester', 'smiles_inds': [23]}]",5.485062580735737e-15
23,median,N1c2ccccc2c2ccnc(C3=Nc4ccccc4S3)c12,"[13, 10]","[{'functional_group': 'amide', 'smiles_inds': [3]}, {'functional_group': 'trifluro', 'smiles_inds': [4]}, {'functional_group': 'carbonyl', 'smiles_inds': [18]}]",0.42257941304591645
23,median,CCN1CCN=C1,[5],"[{'functional_group': 'trichloro', 'smiles_inds': [4]}]",0.42262130036624423
23,median,O=C([O-])CCNCN(CNCCC(=O)[O-])CNCCC(=O)[O-],"[2, 14, 21, 5, 9, 16]","[{'functional_group': 'bromo', 'smiles_inds': [15]}, {'functional_group': '2-hydroxypyridine', 'smiles_inds': [6]}]",0.42263817164007284
23,median,CCOC(=O)CNN=C(C)c1ccccn1,"[15, 7]",[],0.42279681929156543
23,median,NC1CCCCC1N=Cc1cccc(CC=C)c1[O-],"[18, 7, 0]",[],0.4228552794558786
23,median,N1C=CN=C1c1ccccc1,[3],"[{'functional_group': 'phosphonate', 'smiles_inds': [10]}]",0.4229145179757533
23,median,CC12CCC3C(CCc4cc(O)ccc34)C1CCC2(O)C#Cc1ccncc1,[25],"[{'functional_group': 'phosphonate', 'smiles_inds': [24]}, {'functional_group': 'ethyl', 'smiles_inds': [27]}, {'functional_group': 'thiol', 'smiles_inds': [17]}]",0.4229295157494591
23,median,CC1=NON=C1CN,"[4, 7]",[],0.42293430613272737
23,median,C1Cc2ccc(P(c3ccccc3)c3ccccc3)c3[c-]ccc1c23,"[6, 20]","[{'functional_group': 'bromo', 'smiles_inds': [15]}]",0.42301482343179975
23,median,CC1=NNC(=S)N(N=CC2=CC=CO2)C1=O,"[5, 7]","[{'functional_group': 'ethyl_ester', 'smiles_inds': [3]}]",0.4230399397903278
23,median,c1cnc(nc1)N1[C-]=Cc2ccccc12,"[2, 7]","[{'functional_group': 'trifluro', 'smiles_inds': [10]}]",0.4230593435978742
23,median,C1CCC23CCCCC2(C1)OCCOCCOC12CCCCC1(CCCC2)OCCOCCO3,"[10, 13, 16, 27, 30, 33]","[{'functional_group': 'carbonyl', 'smiles_inds': [29]}]",0.42309348552712417
23,median,CC(C)CNC(C)=N,[7],[],0.4230988657325766
23,median,Clc1ccc([O-])c(C=NCc2ccccc2)c1,"[8, 5]","[{'functional_group': 'methyl_ester', 'smiles_inds': [7]}, {'functional_group': '2-methylbenzoic_acid', 'smiles_inds': [11]}]",0.42315360854883627
23,median,CCN(CC)Cc1ccccn1,"[11, 2]","[{'functional_group': 'chloro', 'smiles_inds': [8]}, {'functional_group': 'carboxyl', 'smiles_inds': [1]}]",0.4232160298687688
23,median,CCNc1cc2OC3=CC(=[NH+]CC)C(=CC3=C(c2cc1C)c1ccccc1C([O-])=NN=Cc1cc(ccc1[O-])C(O)=O)C,"[28, 38, 30]",[],0.4232358693994525
23,median,O=C1CC(=O)OCCOCCOCCOCCO1,[0],[],0.4232487254515783
23,median,O=N(=O)c1ccc(cc1)N=Nc1c([O-])ccc2ccccc12,"[13, 9]","[{'functional_group': 'ether', 'smiles_inds': [15]}]",0.42335239517330037
23,median,CC(C)(C)C(N=Cc1cc(cc(c1[O-])C(C)(C)C)C(C)(C)C)C(=O)[O-],"[24, 13, 5]",[],0.42336582837399384
23,median,CC(=O)NC12CC3CC(CC(C3)C1)C2,[2],[],0.42337546524053454
23,top,c1cnc(nc1)c1nc(nc(n1)c1ncccn1)c1ncccn1,"[2, 7, 19]","[{'functional_group': 'carbonyl', 'smiles_inds': [15]}, {'functional_group': 'iodo', 'smiles_inds': [22]}, {'functional_group': 'carboxylate', 'smiles_inds': [0]}, {'functional_group': 'carboxylate', 'smiles_inds': [5]}, {'functional_group': 'cyano', 'smiles_inds': [20]}, {'functional_group': 'carboxylate', 'smiles_inds': [21]}, {'functional_group': 'amino', 'smiles_inds': [16]}]",0.9999997591339768
23,top,c1cnc(nc1)c1nc(nc(n1)c1ncccn1)c1ncccn1,"[2, 7, 19]","[{'functional_group': 'carbonyl', 'smiles_inds': [15]}, {'functional_group': 'iodo', 'smiles_inds': [22]}, {'functional_group': 'carboxylate', 'smiles_inds': [0]}, {'functional_group': 'carboxylate', 'smiles_inds': [5]}, {'functional_group': 'cyano', 'smiles_inds': [20]}, {'functional_group': 'carboxylate', 'smiles_inds': [21]}, {'functional_group': 'amino', 'smiles_inds': [1]}]",0.9999997620596319
23,top,c1cnc(nc1)c1nc(nc(n1)c1ncccn1)c1ncccn1,"[2, 7, 19]","[{'functional_group': 'carbonyl', 'smiles_inds': [15]}, {'functional_group': 'iodo', 'smiles_inds': [22]}, {'functional_group': 'carboxylate', 'smiles_inds': [0]}, {'functional_group': 'carboxylate', 'smiles_inds': [5]}, {'functional_group': 'cyano', 'smiles_inds': [20]}, {'functional_group': 'carboxylate', 'smiles_inds': [21]}, {'functional_group': 'fluoro', 'smiles_inds': [14]}]",0.9999997956272464
23,top,c1cnc(nc1)c1nc(nc(n1)c1ncccn1)c1ncccn1,"[2, 7, 19]","[{'functional_group': 'carbonyl', 'smiles_inds': [15]}, {'functional_group': 'iodo', 'smiles_inds': [22]}, {'functional_group': 'carboxylate', 'smiles_inds': [0]}, {'functional_group': 'carboxylate', 'smiles_inds': [5]}, {'functional_group': 'cyano', 'smiles_inds': [20]}, {'functional_group': 'carboxylate', 'smiles_inds': [21]}, {'functional_group': 'carboxylate', 'smiles_inds': [16]}, {'functional_group': 'cyano', 'smiles_inds': [1]}, {'functional_group': 'amide', 'smiles_inds': [14]}]",0.999999808462293
23,top,c1cnc(nc1)c1nc(nc(n1)c1ncccn1)c1ncccn1,"[2, 7, 19]","[{'functional_group': 'carbonyl', 'smiles_inds': [15]}, {'functional_group': 'iodo', 'smiles_inds': [22]}, {'functional_group': 'carboxylate', 'smiles_inds': [0]}, {'functional_group': 'carboxylate', 'smiles_inds': [5]}, {'functional_group': 'cyano', 'smiles_inds': [20]}, {'functional_group': 'carboxylate', 'smiles_inds': [21]}, {'functional_group': 'carboxylate', 'smiles_inds': [16]}, {'functional_group': 'cyano', 'smiles_inds': [1]}, {'functional_group': 'trichloro', 'smiles_inds': [14]}]",0.9999998135795608
23,top,c1cnc(nc1)c1nc(nc(n1)c1ncccn1)c1ncccn1,"[2, 7, 19]","[{'functional_group': 'carbonyl', 'smiles_inds': [15]}, {'functional_group': 'iodo', 'smiles_inds': [22]}, {'functional_group': 'carboxylate', 'smiles_inds': [0]}, {'functional_group': 'carboxylate', 'smiles_inds': [5]}, {'functional_group': 'cyano', 'smiles_inds': [20]}, {'functional_group': 'carboxylate', 'smiles_inds': [21]}, {'functional_group': 'carboxylate', 'smiles_inds': [16]}, {'functional_group': 'cyano', 'smiles_inds': [1]}, {'functional_group': '2-hydroxypyridine', 'smiles_inds': [14]}]",0.9999998148014607
23,top,c1cnc(nc1)c1nc(nc(n1)c1ncccn1)c1ncccn1,"[2, 7, 19]","[{'functional_group': 'carbonyl', 'smiles_inds': [15]}, {'functional_group': 'iodo', 'smiles_inds': [22]}, {'functional_group': 'carboxylate', 'smiles_inds': [0]}, {'functional_group': 'carboxylate', 'smiles_inds': [5]}, {'functional_group': 'cyano', 'smiles_inds': [20]}, {'functional_group': 'carboxylate', 'smiles_inds': [21]}, {'functional_group': 'phosphonate', 'smiles_inds': [16]}]",0.999999816403258
23,top,c1cnc(nc1)c1nc(nc(n1)c1ncccn1)c1ncccn1,"[2, 7, 19]","[{'functional_group': 'carbonyl', 'smiles_inds': [15]}, {'functional_group': 'iodo', 'smiles_inds': [22]}, {'functional_group': 'carboxylate', 'smiles_inds': [0]}, {'functional_group': 'carboxylate', 'smiles_inds': [5]}, {'functional_group': 'cyano', 'smiles_inds': [20]}, {'functional_group': 'carboxylate', 'smiles_inds': [21]}, {'functional_group': 'carboxylate', 'smiles_inds': [16]}, {'functional_group': 'cyano', 'smiles_inds': [1]}, {'functional_group': 'carbonyl', 'smiles_inds': [14]}]",0.999999833356878
23,top,c1cnc(nc1)c1nc(nc(n1)c1ncccn1)c1ncccn1,"[2, 7, 19]","[{'functional_group': 'carbonyl', 'smiles_inds': [15]}, {'functional_group': 'iodo', 'smiles_inds': [22]}, {'functional_group': 'carboxylate', 'smiles_inds': [0]}, {'functional_group': 'carboxylate', 'smiles_inds': [5]}, {'functional_group': 'cyano', 'smiles_inds': [20]}, {'functional_group': 'carboxylate', 'smiles_inds': [21]}, {'functional_group': 'carboxylate', 'smiles_inds': [16]}, {'functional_group': 'cyano', 'smiles_inds': [1]}, {'functional_group': 'ketone', 'smiles_inds': [14]}]",0.9999998620609006
23,top,c1cnc(nc1)c1nc(nc(n1)c1ncccn1)c1ncccn1,"[2, 7, 19]","[{'functional_group': 'carbonyl', 'smiles_inds': [15]}, {'functional_group': 'iodo', 'smiles_inds': [22]}, {'functional_group': 'carboxylate', 'smiles_inds': [0]}, {'functional_group': 'carboxylate', 'smiles_inds': [5]}, {'functional_group': 'cyano', 'smiles_inds': [20]}, {'functional_group': 'carboxylate', 'smiles_inds': [21]}, {'functional_group': 'carbonyl', 'smiles_inds': [1]}, {'functional_group': 'ketone', 'smiles_inds': [14]}]",0.9999998796888727
23,top,c1cnc(nc1)c1nc(nc(n1)c1ncccn1)c1ncccn1,"[2, 7, 19]","[{'functional_group': 'carbonyl', 'smiles_inds': [15]}, {'functional_group': 'iodo', 'smiles_inds': [22]}, {'functional_group': 'carboxylate', 'smiles_inds': [0]}, {'functional_group': 'carboxylate', 'smiles_inds': [5]}, {'functional_group': 'cyano', 'smiles_inds': [20]}, {'functional_group': 'carboxylate', 'smiles_inds': [21]}, {'functional_group': 'hydroxyl', 'smiles_inds': [1]}]",0.9999998797585798
23,top,c1cnc(nc1)c1nc(nc(n1)c1ncccn1)c1ncccn1,"[2, 7, 19]","[{'functional_group': 'carbonyl', 'smiles_inds': [15]}, {'functional_group': 'iodo', 'smiles_inds': [22]}, {'functional_group': 'carboxylate', 'smiles_inds': [0]}, {'functional_group': 'carboxylate', 'smiles_inds': [5]}, {'functional_group': 'cyano', 'smiles_inds': [20]}, {'functional_group': 'carboxylate', 'smiles_inds': [21]}, {'functional_group': '2-hydroxypyridine', 'smiles_inds': [14]}]",0.999999887363058
23,top,c1cnc(nc1)c1nc(nc(n1)c1ncccn1)c1ncccn1,"[2, 7, 19]","[{'functional_group': 'carbonyl', 'smiles_inds': [15]}, {'functional_group': 'iodo', 'smiles_inds': [22]}, {'functional_group': 'carboxylate', 'smiles_inds': [0]}, {'functional_group': 'carboxylate', 'smiles_inds': [5]}, {'functional_group': 'cyano', 'smiles_inds': [20]}, {'functional_group': 'carboxylate', 'smiles_inds': [21]}, {'functional_group': 'amide', 'smiles_inds': [16]}]",0.9999998903732905
23,top,c1cnc(nc1)c1nc(nc(n1)c1ncccn1)c1ncccn1,"[2, 7, 19]","[{'functional_group': 'carbonyl', 'smiles_inds': [15]}, {'functional_group': 'iodo', 'smiles_inds': [22]}, {'functional_group': 'carboxylate', 'smiles_inds': [0]}, {'functional_group': 'carboxylate', 'smiles_inds': [5]}, {'functional_group': 'cyano', 'smiles_inds': [20]}, {'functional_group': 'carboxylate', 'smiles_inds': [21]}, {'functional_group': 'tribromo', 'smiles_inds': [14]}, {'functional_group': 'aldehyde', 'smiles_inds': [16]}, {'functional_group': '2-hydroxypyridine', 'smiles_inds': [1]}]",0.9999998933014115
23,top,c1cnc(nc1)c1nc(nc(n1)c1ncccn1)c1ncccn1,"[2, 7, 19]","[{'functional_group': 'carbonyl', 'smiles_inds': [15]}, {'functional_group': 'iodo', 'smiles_inds': [22]}, {'functional_group': 'carboxylate', 'smiles_inds': [0]}, {'functional_group': 'carboxylate', 'smiles_inds': [5]}, {'functional_group': 'cyano', 'smiles_inds': [20]}, {'functional_group': 'carboxylate', 'smiles_inds': [21]}, {'functional_group': 'methyl', 'smiles_inds': [16]}]",0.9999999071657752
23,top,c1cnc(nc1)c1nc(nc(n1)c1ncccn1)c1ncccn1,"[2, 7, 19]","[{'functional_group': 'carbonyl', 'smiles_inds': [15]}, {'functional_group': 'iodo', 'smiles_inds': [22]}, {'functional_group': 'carboxylate', 'smiles_inds': [0]}, {'functional_group': 'carboxylate', 'smiles_inds': [5]}, {'functional_group': 'cyano', 'smiles_inds': [20]}, {'functional_group': 'carboxylate', 'smiles_inds': [21]}, {'functional_group': 'tribromo', 'smiles_inds': [14]}]",0.999999914634609
23,top,c1cnc(nc1)c1nc(nc(n1)c1ncccn1)c1ncccn1,"[2, 7, 19]","[{'functional_group': 'carbonyl', 'smiles_inds': [15]}, {'functional_group': 'iodo', 'smiles_inds': [22]}, {'functional_group': 'carboxylate', 'smiles_inds': [0]}, {'functional_group': 'carboxylate', 'smiles_inds': [5]}, {'functional_group': 'cyano', 'smiles_inds': [20]}, {'functional_group': 'carboxylate', 'smiles_inds': [21]}, {'functional_group': 'ketone', 'smiles_inds': [14]}]",0.9999999210504842
23,top,c1cnc(nc1)c1nc(nc(n1)c1ncccn1)c1ncccn1,"[2, 7, 19]","[{'functional_group': 'carbonyl', 'smiles_inds': [15]}, {'functional_group': 'iodo', 'smiles_inds': [22]}, {'functional_group': 'carboxylate', 'smiles_inds': [0]}, {'functional_group': 'carboxylate', 'smiles_inds': [5]}, {'functional_group': 'cyano', 'smiles_inds': [20]}, {'functional_group': 'carboxylate', 'smiles_inds': [21]}, {'functional_group': '2-hydroxypyridine', 'smiles_inds': [1]}]",0.9999999353984248
23,top,c1cnc(nc1)c1nc(nc(n1)c1ncccn1)c1ncccn1,"[2, 7, 19]","[{'functional_group': 'carbonyl', 'smiles_inds': [15]}, {'functional_group': 'iodo', 'smiles_inds': [22]}, {'functional_group': 'carboxylate', 'smiles_inds': [0]}, {'functional_group': 'carboxylate', 'smiles_inds': [5]}, {'functional_group': 'cyano', 'smiles_inds': [20]}, {'functional_group': 'carboxylate', 'smiles_inds': [21]}, {'functional_group': 'ethyl', 'smiles_inds': [16]}, {'functional_group': 'carboxylate', 'smiles_inds': [1]}]",0.9999999372046644
23,top,c1cnc(nc1)c1nc(nc(n1)c1ncccn1)c1ncccn1,"[2, 7, 19]","[{'functional_group': 'carbonyl', 'smiles_inds': [15]}, {'functional_group': 'iodo', 'smiles_inds': [22]}, {'functional_group': 'carboxylate', 'smiles_inds': [0]}, {'functional_group': 'carboxylate', 'smiles_inds': [5]}, {'functional_group': 'cyano', 'smiles_inds': [20]}, {'functional_group': 'carboxylate', 'smiles_inds': [21]}, {'functional_group': 'ketone', 'smiles_inds': [14]}, {'functional_group': 'aldehyde', 'smiles_inds': [16]}]",0.9999999383462934
24,bottom,C[Si](C)(C)c1cc(cc(c1)[Si](C#CP(C#C[Si](c1cc(cc(c1)[Si](C)(C)C)[Si](C)(C)C)(c1cc(cc(c1)[Si](C)(C)C)[Si](C)(C)C)c1cc(cc(c1)[Si](C)(C)C)[Si](C)(C)C)C#C[Si](c1cc(cc(c1)[Si](C)(C)C)[Si](C)(C)C)(c1cc(cc(c1)[Si](C)(C)C)[Si](C)(C)C)c1cc(cc(c1)[Si](C)(C)C)[Si](C)(C)C)(c1cc(cc(c1)[Si](C)(C)C)[Si](C)(C)C)c1cc(cc(c1)[Si](C)(C)C)[Si](C)(C)C)[Si](C)(C)C,[13],"[{'functional_group': 'trichloro', 'smiles_inds': [95]}]",5.4574668362695165e-39
24,bottom,C[Si](C)(C)c1cc(cc(c1)[Si](C)(C)C)C(C(=O)Nc1cccc(NC(=O)C(c2cc(cc(c2)[Si](C)(C)C)[Si](C)(C)C)(c2cc(cc(c2)[Si](C)(C)C)[Si](C)(C)C)c2cc(cc(c2)[Si](C)(C)C)[Si](C)(C)C)c1[S-])(c1cc(cc(c1)[Si](C)(C)C)[Si](C)(C)C)c1cc(cc(c1)[Si](C)(C)C)[Si](C)(C)C,"[70, 16]",[],1.7435872557035203e-26
24,bottom,CCCC[P](CCCC)(CCCC)CCP(CCP(CCP(CC[P](CCCC)(CCCC)CCCC)CC[P](CCCC)(CCCC)CCCC)c1ccccc1)CC[P](CCCC)(CCCC)CCCC,"[15, 18, 21]","[{'functional_group': 'amino', 'smiles_inds': [34]}, {'functional_group': 'aldehyde', 'smiles_inds': [42]}, {'functional_group': 'trifluro', 'smiles_inds': [12]}]",5.521701118863661e-19
24,bottom,CCCC[P](CCCC)(CCCC)CCP(CCP(CCP(CC[P](CCCC)(CCCC)CCCC)CC[P](CCCC)(CCCC)CCCC)c1ccccc1)CC[P](CCCC)(CCCC)CCCC,"[15, 18, 21]","[{'functional_group': 'methyl', 'smiles_inds': [38]}]",3.1277101184286583e-18
24,bottom,CC1=C(C)C[Ge]2([Ge]([Ge]2(C1)[Si](C(C)(C)C)(C(C)(C)C)C(C)(C)C)[Si](C(C)(C)C)(C(C)(C)C)C(C)(C)C)[Si](C(C)(C)C)(C(C)(C)C)C(C)(C)C,[6],"[{'functional_group': 'amino', 'smiles_inds': [24]}, {'functional_group': '2-methylbenzoic_acid', 'smiles_inds': [3]}]",3.342302379517532e-18
24,bottom,CP(CCP(C)c1c(cc(cc1C([Si](C)(C)C)[Si](C)(C)C)C([Si](C)(C)C)([Si](C)(C)C)[Si](C)(C)C)C([Si](C)(C)C)[Si](C)(C)C)c1c(cc(cc1C([Si](C)(C)C)[Si](C)(C)C)C([Si](C)(C)C)([Si](C)(C)C)[Si](C)(C)C)C([Si-](C)C)[Si](C)(C)C,"[4, 72, 1]",[],3.4093521183853823e-18
24,bottom,CC1=C(C)C[Ge]2([Ge]([Ge]2(C1)[Si](C(C)(C)C)(C(C)(C)C)C(C)(C)C)[Si](C(C)(C)C)(C(C)(C)C)C(C)(C)C)[Si](C(C)(C)C)(C(C)(C)C)C(C)(C)C,[6],[],4.8046527393984604e-18
24,bottom,CCCC[P](CCCC)(CCCC)CCP(CCP(CCP(CC[P](CCCC)(CCCC)CCCC)CC[P](CCCC)(CCCC)CCCC)c1ccccc1)CC[P](CCCC)(CCCC)CCCC,"[15, 18, 21]","[{'functional_group': 'hydroxyl', 'smiles_inds': [17]}, {'functional_group': 'methyl_ester', 'smiles_inds': [2]}]",1.3239566417052844e-17
24,bottom,C[Si](C)(C)c1cc(cc(c1)[Si](C)(C)C)P(c1cc(cc(c1)[Si](C)(C)C)[Si](C)(C)C)c1ccccc1P(c1cc(cc(c1)[Si](C)(C)C)[Si](C)(C)C)c1cc(cc(c1)[Si](C)(C)C)[Si](C)(C)C,"[35, 14]",[],4.3443976106233886e-17
24,bottom,C1CCN(C1)P(=Nc1ccc2ccccc2c1c1c(ccc2ccccc12)N=P(N=P(N1CCCC1)(N1CCCC1)N1CCCC1)(N1CCCC1)N1CCCC1)(N=P(N1CCCC1)(N1CCCC1)N1CCCC1)N1CCCC1,"[6, 27]","[{'functional_group': 'phenyl', 'smiles_inds': [19]}]",2.695786088575375e-16
24,bottom,C[Si](C)(C)C(c1cc(C([Si](C)(C)C)[Si](C)(C)C)c(Sc2ccccc2Sc2ccccc2Sc2ccccc2Sc2c(cc(cc2C([Si](C)(C)C)[Si](C)(C)C)C([Si](C)(C)C)[Si](C)(C)C)C([Si](C)(C)C)[Si](C)(C)C)c(c1)C([Si](C)(C)C)[Si](C)(C)C)[Si](C)(C)C,"[25, 32]",[],2.8741694296132586e-16
24,bottom,CC(C)(C)c1cc2c(OP(OC3C(CO[Si](c4ccccc4)(c4ccccc4)C(C)(C)C)OC(CO[Si](c4ccccc4)(c4ccccc4)C(C)(C)C)C3OP3Oc4c(cc(cc4C(C)(C)C)C(C)(C)C)c4cc(cc(c4O3)C(C)(C)C)C(C)(C)C)Oc3c2cc(cc3C(C)(C)C)C(C)(C)C)c(c1)C(C)(C)C,"[9, 55]",[],4.604104895045895e-15
24,bottom,C[Si](C)(C)[NH]([Si](C)(C)C)[Ge]([S-])(OSO[Ge]([S-])([NH]([Si](C)(C)C)[Si](C)(C)C)[NH]([Si](C)(C)C)[Si](C)(C)C)[NH]([Si](C)(C)C)[Si](C)(C)C,"[12, 10, 15]","[{'functional_group': 'amino', 'smiles_inds': [16]}]",1.0004948328527702e-14
24,bottom,CC(C)(C)P(P1P(P(P1C(C)(C)C)C(C)(C)C)C(C)(C)C)P1P(P(P1C(C)(C)C)C(C)(C)C)C(C)(C)C,[4],"[{'functional_group': 'trichloro', 'smiles_inds': [34]}]",1.0863513154499343e-14
24,bottom,CC(C)(C)C(=O)Nc1cccc(NC(=O)C(c2cc(cc(c2)[Si](C)(C)C)[Si](C)(C)C)(c2cc(cc(c2)[Si](C)(C)C)[Si](C)(C)C)c2cc(cc(c2)[Si](C)(C)C)[Si](C)(C)C)c1[S-],"[5, 59]",[],1.1794414969999902e-14
24,bottom,C[Si](C)(C)C(c1cc(C([Si](C)(C)C)[Si](C)(C)C)c(Sc2ccccc2[Se]c2ccccc2[Se]c2ccccc2Sc2c(cc(cc2C([Si](C)(C)C)[Si](C)(C)C)C([Si](C)(C)C)[Si](C)(C)C)C([Si](C)(C)C)[Si](C)(C)C)c(c1)C([Si](C)(C)C)[Si](C)(C)C)[Si](C)(C)C,"[25, 32]","[{'functional_group': 'bromo', 'smiles_inds': [22]}]",1.9355712292726278e-14
24,bottom,C1CCC(CC1)B(CCCP(CCCB(C1CCCCC1)C1CCCCC1)CCP(CCCB(C1CCCCC1)C1CCCCC1)CCCB(C1CCCCC1)C1CCCCC1)C1CCCCC1,"[10, 29]","[{'functional_group': 'amide', 'smiles_inds': [66]}]",2.9365140071779435e-14
24,bottom,C1CCCP(CCCCCCC=CCCCCCCP(CCCCCCC=CCCCCCCP(CCCCCCC=CCC1)c1ccccc1)c1ccccc1)c1ccccc1,"[4, 34, 19]","[{'functional_group': 'hydroxyl', 'smiles_inds': [35]}]",3.410497751891788e-14
24,bottom,C1CCCCCCCCCCCP2CCCCCCCCCCCCCCCCCCCCCCP(CCCCCCCCCC1)CCCCCCCCCCCCCCCCCCCCCC2,"[12, 35]","[{'functional_group': 'methyl', 'smiles_inds': [23]}]",5.921658214940197e-14
24,bottom,CC(C)(C)P(c1cc(cc2c1Oc1c(cc(cc1C2(C)C)C(C)(C)C)P(C(C)(C)C)C(C)(C)C)C(C)(C)C)C(C)(C)C,"[4, 25, 11]","[{'functional_group': 'ethyl_ester', 'smiles_inds': [24]}, {'functional_group': 'ethyl_ester', 'smiles_inds': [23]}]",9.416375828110656e-14
24,median,C(NCc1ccccn1)c1ccccn1,"[14, 1, 8]","[{'functional_group': 'ketone', 'smiles_inds': [7]}, {'functional_group': 'cyano', 'smiles_inds': [6]}, {'functional_group': 'trichloro', 'smiles_inds': [4]}]",0.42148957783632185
24,median,NCCc1cc2OCOc2c[c-]1,"[0, 11]","[{'functional_group': 'cyanimide', 'smiles_inds': [10]}, {'functional_group': 'ketone', 'smiles_inds': [4]}]",0.421529558086817
24,median,Cc1cc(nn1B(n1nc(cc1C)c1ccccc1)n1nc(cc1C)c1ccccc1)c1ccccc1,"[8, 20, 4]","[{'functional_group': 'thiol', 'smiles_inds': [12]}]",0.421537672755568
24,median,N(c1ccncc1)c1cccnc1,[11],[],0.42155447696067205
24,median,CCC1SCCC1N1[CH-]Sc2ccccc12,"[3, 8]",[],0.4216213890950987
24,median,Cc1ccc(cc1)N=S=O,[8],[],0.42168332408950016
24,median,O=C([O-])c1c[nH+]c2ccccc2c1,[2],"[{'functional_group': 'cyanimide', 'smiles_inds': [7]}, {'functional_group': '2-hydroxypyridine', 'smiles_inds': [5]}, {'functional_group': 'thiol', 'smiles_inds': [9]}]",0.42175246521414017
24,median,CN(C)CCCN=Cc1cc(Br)ccc1[O-],"[15, 1, 6]","[{'functional_group': 'bromo', 'smiles_inds': [9]}]",0.4218885734985543
24,median,CC(C)N=O,[3],[],0.42193767410174693
24,median,O=C1N(Cc2ccc(CN(Cc3ccccn3)Cc3ccccn3)cc2)C(=O)c2ccccc12,"[9, 16, 23]","[{'functional_group': '2-hydroxypyridine', 'smiles_inds': [22]}]",0.42196734194374275
24,median,N1c2ccccc2N=C1c1nccc2c1Nc1ccccc21,"[7, 10]","[{'functional_group': '2-hydroxypyridine', 'smiles_inds': [19]}]",0.42206926531087513
24,median,C(CC1=CC=CS1)[Te]CCC1=CC=CS1,[7],"[{'functional_group': 'thiol', 'smiles_inds': [13]}]",0.42207113189572765
24,median,OC(=O)c1cc(Cl)ccc1O,[2],[],0.42209241033537226
24,median,CCCCCN1N=NC(=N1)c1ccc2ccc3cccnc3c2n1,"[23, 5, 7]","[{'functional_group': 'carbonyl', 'smiles_inds': [18]}, {'functional_group': 'carboxyl', 'smiles_inds': [19]}]",0.4221785486076431
24,median,CC(=NCC(=O)[O-])c1cc(ccc1[O-])N(=O)=O,"[13, 6, 2]","[{'functional_group': 'trichloro', 'smiles_inds': [3]}, {'functional_group': 'trifluro', 'smiles_inds': [0]}, {'functional_group': '2-methylbenzoic_acid', 'smiles_inds': [10]}]",0.42222068154435166
24,median,O=[C-]c1cccnc1P(c1ccccc1)c1ccccc1,"[8, 1]",[],0.42224258025148076
24,median,Nc1ncc2N=CN(CCC(O)=O)c2n1,[5],[],0.4222786211592708
24,median,Clc1nc2ccccc2nc1N1C=CC(=N1)C1=CC=CS1,"[11, 15]","[{'functional_group': 'ethyl_ester', 'smiles_inds': [13]}]",0.42229132516050166
24,median,COc1cc(COc2cc(nc(c2)c2ccccn2)c2ccccn2)cc(OC)c1OC,"[18, 10, 24]",[],0.42234262328960653
24,median,[Se]1N=C2c3cccnc3c3ncccc3C2=N1,"[7, 10]","[{'functional_group': 'fluoro', 'smiles_inds': [11]}, {'functional_group': 'methyl_ester', 'smiles_inds': [4]}]",0.422348811355487
24,top,c1cnc(nc1)c1nc(nc(n1)c1ncccn1)c1ncccn1,"[2, 7, 19]","[{'functional_group': 'carbonyl', 'smiles_inds': [15]}, {'functional_group': 'iodo', 'smiles_inds': [22]}, {'functional_group': 'carboxylate', 'smiles_inds': [0]}, {'functional_group': 'carboxylate', 'smiles_inds': [5]}, {'functional_group': 'cyano', 'smiles_inds': [20]}, {'functional_group': 'carboxylate', 'smiles_inds': [21]}, {'functional_group': 'chloro', 'smiles_inds': [1]}, {'functional_group': 'aldehyde', 'smiles_inds': [14]}]",0.9999997011214566
24,top,c1cnc(nc1)c1nc(nc(n1)c1ncccn1)c1ncccn1,"[2, 7, 19]","[{'functional_group': 'carbonyl', 'smiles_inds': [15]}, {'functional_group': 'iodo', 'smiles_inds': [22]}, {'functional_group': 'carboxylate', 'smiles_inds': [0]}, {'functional_group': 'carboxylate', 'smiles_inds': [5]}, {'functional_group': 'cyano', 'smiles_inds': [20]}, {'functional_group': 'carboxylate', 'smiles_inds': [21]}, {'functional_group': 'carboxyllic_acid', 'smiles_inds': [16]}]",0.9999997258552974
24,top,c1cnc(nc1)c1nc(nc(n1)c1ncccn1)c1ncccn1,"[2, 7, 19]","[{'functional_group': 'carbonyl', 'smiles_inds': [15]}, {'functional_group': 'iodo', 'smiles_inds': [22]}, {'functional_group': 'carboxylate', 'smiles_inds': [0]}, {'functional_group': 'carboxylate', 'smiles_inds': [5]}, {'functional_group': 'cyano', 'smiles_inds': [20]}, {'functional_group': 'carboxylate', 'smiles_inds': [21]}, {'functional_group': 'thiol', 'smiles_inds': [1]}]",0.9999997429899593
24,top,c1cnc(nc1)c1nc(nc(n1)c1ncccn1)c1ncccn1,"[2, 7, 19]","[{'functional_group': 'carbonyl', 'smiles_inds': [15]}, {'functional_group': 'iodo', 'smiles_inds': [22]}, {'functional_group': 'carboxylate', 'smiles_inds': [0]}, {'functional_group': 'carboxylate', 'smiles_inds': [5]}, {'functional_group': 'cyano', 'smiles_inds': [20]}, {'functional_group': 'carboxylate', 'smiles_inds': [21]}, {'functional_group': 'phosphonate', 'smiles_inds': [16]}]",0.9999997846579254
24,top,c1cnc(nc1)c1nc(nc(n1)c1ncccn1)c1ncccn1,"[2, 7, 19]","[{'functional_group': 'carbonyl', 'smiles_inds': [15]}, {'functional_group': 'iodo', 'smiles_inds': [22]}, {'functional_group': 'carboxylate', 'smiles_inds': [0]}, {'functional_group': 'carboxylate', 'smiles_inds': [5]}, {'functional_group': 'cyano', 'smiles_inds': [20]}, {'functional_group': 'carboxylate', 'smiles_inds': [21]}, {'functional_group': 'carboxyllic_acid', 'smiles_inds': [1]}]",0.9999998265827231
24,top,c1cnc(nc1)c1nc(nc(n1)c1ncccn1)c1ncccn1,"[2, 7, 19]","[{'functional_group': 'carbonyl', 'smiles_inds': [15]}, {'functional_group': 'iodo', 'smiles_inds': [22]}, {'functional_group': 'carboxylate', 'smiles_inds': [0]}, {'functional_group': 'carboxylate', 'smiles_inds': [5]}, {'functional_group': 'cyano', 'smiles_inds': [20]}, {'functional_group': 'carboxylate', 'smiles_inds': [21]}, {'functional_group': 'carboxylate', 'smiles_inds': [16]}, {'functional_group': 'cyano', 'smiles_inds': [1]}, {'functional_group': 'trichloro', 'smiles_inds': [14]}]",0.9999998464904374
24,top,C[NH+](C)Cc1ccc(nc1)c1ccc(C[NH+](C)C)cn1,"[8, 19]","[{'functional_group': 'methyl_ester', 'smiles_inds': [14]}, {'functional_group': 'methyl', 'smiles_inds': [15]}, {'functional_group': 'carboxylate', 'smiles_inds': [1]}]",0.9999998472700371
24,top,c1cnc(nc1)c1nc(nc(n1)c1ncccn1)c1ncccn1,"[2, 7, 19]","[{'functional_group': 'carbonyl', 'smiles_inds': [15]}, {'functional_group': 'iodo', 'smiles_inds': [22]}, {'functional_group': 'carboxylate', 'smiles_inds': [0]}, {'functional_group': 'carboxylate', 'smiles_inds': [5]}, {'functional_group': 'cyano', 'smiles_inds': [20]}, {'functional_group': 'carboxylate', 'smiles_inds': [21]}, {'functional_group': 'hydroxyl', 'smiles_inds': [1]}]",0.999999854873507
24,top,c1cnc(nc1)c1nc(nc(n1)c1ncccn1)c1ncccn1,"[2, 7, 19]","[{'functional_group': 'carbonyl', 'smiles_inds': [15]}, {'functional_group': 'iodo', 'smiles_inds': [22]}, {'functional_group': 'carboxylate', 'smiles_inds': [0]}, {'functional_group': 'carboxylate', 'smiles_inds': [5]}, {'functional_group': 'cyano', 'smiles_inds': [20]}, {'functional_group': 'carboxylate', 'smiles_inds': [21]}, {'functional_group': 'carboxylate', 'smiles_inds': [16]}, {'functional_group': 'cyano', 'smiles_inds': [1]}, {'functional_group': 'carbonyl', 'smiles_inds': [14]}]",0.9999998553222945
24,top,c1cnc(nc1)c1nc(nc(n1)c1ncccn1)c1ncccn1,"[2, 7, 19]","[{'functional_group': 'carbonyl', 'smiles_inds': [15]}, {'functional_group': 'iodo', 'smiles_inds': [22]}, {'functional_group': 'carboxylate', 'smiles_inds': [0]}, {'functional_group': 'carboxylate', 'smiles_inds': [5]}, {'functional_group': 'cyano', 'smiles_inds': [20]}, {'functional_group': 'carboxylate', 'smiles_inds': [21]}, {'functional_group': 'carboxylate', 'smiles_inds': [16]}, {'functional_group': 'cyano', 'smiles_inds': [1]}, {'functional_group': 'tribromo', 'smiles_inds': [14]}]",0.9999998694496925
24,top,c1cnc(nc1)c1nc(nc(n1)c1ncccn1)c1ncccn1,"[2, 7, 19]","[{'functional_group': 'carbonyl', 'smiles_inds': [15]}, {'functional_group': 'iodo', 'smiles_inds': [22]}, {'functional_group': 'carboxylate', 'smiles_inds': [0]}, {'functional_group': 'carboxylate', 'smiles_inds': [5]}, {'functional_group': 'cyano', 'smiles_inds': [20]}, {'functional_group': 'carboxylate', 'smiles_inds': [21]}, {'functional_group': 'carboxylate', 'smiles_inds': [16]}, {'functional_group': 'cyano', 'smiles_inds': [1]}, {'functional_group': 'ketone', 'smiles_inds': [14]}]",0.999999882051087
24,top,c1cnc(nc1)c1nc(nc(n1)c1ncccn1)c1ncccn1,"[2, 7, 19]","[{'functional_group': 'carbonyl', 'smiles_inds': [15]}, {'functional_group': 'iodo', 'smiles_inds': [22]}, {'functional_group': 'carboxylate', 'smiles_inds': [0]}, {'functional_group': 'carboxylate', 'smiles_inds': [5]}, {'functional_group': 'cyano', 'smiles_inds': [20]}, {'functional_group': 'carboxylate', 'smiles_inds': [21]}, {'functional_group': 'methyl', 'smiles_inds': [16]}]",0.9999998908402564
24,top,c1cnc(nc1)c1nc(nc(n1)c1ncccn1)c1ncccn1,"[2, 7, 19]","[{'functional_group': 'carbonyl', 'smiles_inds': [15]}, {'functional_group': 'iodo', 'smiles_inds': [22]}, {'functional_group': 'carboxylate', 'smiles_inds': [0]}, {'functional_group': 'carboxylate', 'smiles_inds': [5]}, {'functional_group': 'cyano', 'smiles_inds': [20]}, {'functional_group': 'carboxylate', 'smiles_inds': [21]}, {'functional_group': 'tribromo', 'smiles_inds': [14]}]",0.9999999041570616
24,top,O=C(NCCN(CCNC(=O)C1=C([O-])C(=O)C=CO1)CCNC(=O)C1=C([O-])C(=O)C=CO1)C1=C([O-])C(=O)C=CO1,"[34, 36, 13, 15, 26, 28]","[{'functional_group': 'carboxyllic_acid', 'smiles_inds': [21]}]",0.9999999289348876
24,top,c1cnc(nc1)c1nc(nc(n1)c1ncccn1)c1ncccn1,"[2, 7, 19]","[{'functional_group': 'carbonyl', 'smiles_inds': [15]}, {'functional_group': 'iodo', 'smiles_inds': [22]}, {'functional_group': 'carboxylate', 'smiles_inds': [0]}, {'functional_group': 'carboxylate', 'smiles_inds': [5]}, {'functional_group': 'cyano', 'smiles_inds': [20]}, {'functional_group': 'carboxylate', 'smiles_inds': [21]}, {'functional_group': 'methyl', 'smiles_inds': [1]}]",0.9999999309482032
24,top,c1cnc(nc1)c1nc(nc(n1)c1ncccn1)c1ncccn1,"[2, 7, 19]","[{'functional_group': 'carbonyl', 'smiles_inds': [15]}, {'functional_group': 'iodo', 'smiles_inds': [22]}, {'functional_group': 'carboxylate', 'smiles_inds': [0]}, {'functional_group': 'carboxylate', 'smiles_inds': [5]}, {'functional_group': 'cyano', 'smiles_inds': [20]}, {'functional_group': 'carboxylate', 'smiles_inds': [21]}, {'functional_group': 'ethyl', 'smiles_inds': [16]}, {'functional_group': 'carboxylate', 'smiles_inds': [1]}]",0.9999999363442962
24,top,c1cnc(nc1)c1nc(nc(n1)c1ncccn1)c1ncccn1,"[2, 7, 19]","[{'functional_group': 'carbonyl', 'smiles_inds': [15]}, {'functional_group': 'iodo', 'smiles_inds': [22]}, {'functional_group': 'carboxylate', 'smiles_inds': [0]}, {'functional_group': 'carboxylate', 'smiles_inds': [5]}, {'functional_group': 'cyano', 'smiles_inds': [20]}, {'functional_group': 'carboxylate', 'smiles_inds': [21]}, {'functional_group': 'carboxylate', 'smiles_inds': [16]}, {'functional_group': 'cyano', 'smiles_inds': [1]}, {'functional_group': 'aldehyde', 'smiles_inds': [14]}]",0.9999999373942566
24,top,c1cnc(nc1)c1nc(nc(n1)c1ncccn1)c1ncccn1,"[2, 7, 19]","[{'functional_group': 'carbonyl', 'smiles_inds': [15]}, {'functional_group': 'iodo', 'smiles_inds': [22]}, {'functional_group': 'carboxylate', 'smiles_inds': [0]}, {'functional_group': 'carboxylate', 'smiles_inds': [5]}, {'functional_group': 'cyano', 'smiles_inds': [20]}, {'functional_group': 'carboxylate', 'smiles_inds': [21]}, {'functional_group': 'thiol', 'smiles_inds': [16]}, {'functional_group': 'carboxylate', 'smiles_inds': [1]}]",0.9999999531972068
24,top,c1cnc(nc1)c1nc(nc(n1)c1ncccn1)c1ncccn1,"[2, 7, 19]","[{'functional_group': 'carbonyl', 'smiles_inds': [15]}, {'functional_group': 'iodo', 'smiles_inds': [22]}, {'functional_group': 'carboxylate', 'smiles_inds': [0]}, {'functional_group': 'carboxylate', 'smiles_inds': [5]}, {'functional_group': 'cyano', 'smiles_inds': [20]}, {'functional_group': 'carboxylate', 'smiles_inds': [21]}, {'functional_group': 'aldehyde', 'smiles_inds': [14]}]",0.9999999540382677
24,top,c1cnc(nc1)c1nc(nc(n1)c1ncccn1)c1ncccn1,"[2, 7, 19]","[{'functional_group': 'carbonyl', 'smiles_inds': [15]}, {'functional_group': 'iodo', 'smiles_inds': [22]}, {'functional_group': 'carboxylate', 'smiles_inds': [0]}, {'functional_group': 'carboxylate', 'smiles_inds': [5]}, {'functional_group': 'cyano', 'smiles_inds': [20]}, {'functional_group': 'carboxylate', 'smiles_inds': [21]}, {'functional_group': 'carboxylate', 'smiles_inds': [1]}]",0.9999999901312774
25,bottom,CC(C)(C)[Si]([SiH]1[Si]2(CC[Si]3(OCCOCCOCCOCCOCCO3)[Si]12[Si](C(C)(C)C)(C(C)(C)C)C(C)(C)C)[Si](C(C)(C)C)(C(C)(C)C)C(C)(C)C)(C(C)(C)C)C(C)(C)C,"[22, 19, 16]",[],1.4302374468065717e-19
25,bottom,CC(C)(C)[Si]([SiH]1[Si]2(CC[Si]3(OCCOCCOCCOCCOCCO3)[Si]12[Si](C(C)(C)C)(C(C)(C)C)C(C)(C)C)[Si](C(C)(C)C)(C(C)(C)C)C(C)(C)C)(C(C)(C)C)C(C)(C)C,"[22, 19, 16]","[{'functional_group': '2-hydroxypyridine', 'smiles_inds': [48]}]",2.516921248342429e-19
25,bottom,CP(CCP(C)c1c(cc(cc1C([Si](C)(C)C)[Si](C)(C)C)C([Si](C)(C)C)([Si](C)(C)C)[Si](C)(C)C)C([Si](C)(C)C)[Si](C)(C)C)c1c(cc(cc1C([Si](C)(C)C)[Si](C)(C)C)C([Si](C)(C)C)([Si](C)(C)C)[Si](C)(C)C)C([Si-](C)C)[Si](C)(C)C,"[4, 72, 1]","[{'functional_group': 'carboxylate', 'smiles_inds': [36]}]",5.563991913771289e-17
25,bottom,CC(C)(C)c1cc2c(OP(Oc3c2cc(cc3C(C)(C)C)C(C)(C)C)O[Si]2(O[Si]3(O[Si](OP4Oc5c(cc(cc5C(C)(C)C)C(C)(C)C)c5cc(cc(c5O4)C(C)(C)C)C(C)(C)C)(O[Si]4(O[Si](O3)(O[Si](O2)(O[Si](O4)(O[Si](C)(c2ccccc2)c2ccccc2)C2CCCC2)C2CCCC2)C2CCCC2)C2CCCC2)C2CCCC2)C2CCCC2)C2CCCC2)c(c1)C(C)(C)C,"[9, 32]","[{'functional_group': 'methyl', 'smiles_inds': [76]}, {'functional_group': '2-hydroxypyridine', 'smiles_inds': [47]}]",7.200649564602068e-17
25,bottom,N=P(c1ccccc1c1cc(cc(c1)c1ccccc1P(=[N-])(C12CC3CC(CC(C3)C1)C2)C12CC3CC(CC(C3)C1)C2)c1ccccc1P(=[N-])(C12CC3CC(CC(C3)C1)C2)C12CC3CC(CC(C3)C1)C2)(C12CC3CC(CC(C3)C1)C2)C12CC3CC(CC(C3)C1)C2,"[0, 21, 49]","[{'functional_group': 'ethyl', 'smiles_inds': [3]}]",1.7469432707915197e-16
25,bottom,CC(C)(C)P(CCCP(CCCP(C(C)(C)C)C(C)(C)C)CCCP(C(C)(C)C)C(C)(C)C)C(C)(C)C,"[4, 8, 12]","[{'functional_group': '2-methylbenzoic_acid', 'smiles_inds': [21]}, {'functional_group': 'trichloro', 'smiles_inds': [19]}]",3.0412528322844174e-16
25,bottom,CC(C)(C)c1cc2c(OP(OC3C(CO[Si](c4ccccc4)(c4ccccc4)C(C)(C)C)OC(CO[Si](c4ccccc4)(c4ccccc4)C(C)(C)C)C3OP3Oc4c(cc(cc4C(C)(C)C)C(C)(C)C)c4cc(cc(c4O3)C(C)(C)C)C(C)(C)C)Oc3c2cc(cc3C(C)(C)C)C(C)(C)C)c(c1)C(C)(C)C,"[9, 55]","[{'functional_group': 'methyl_ester', 'smiles_inds': [98]}]",3.901572319511832e-16
25,bottom,C[Si](C)(C)C(c1cc(C([Si](C)(C)C)[Si](C)(C)C)c([Se]c2ccccc2Sc2ccccc2Sc2ccccc2[Se]c2c(cc(cc2C([Si](C)(C)C)[Si](C)(C)C)C([Si](C)(C)C)[Si](C)(C)C)C([Si](C)(C)C)[Si](C)(C)C)c(c1)C([Si](C)(C)C)[Si](C)(C)C)[Si](C)(C)C,"[25, 32]","[{'functional_group': 'carboxyl', 'smiles_inds': [29]}, {'functional_group': 'tribromo', 'smiles_inds': [44]}]",6.302611059413797e-16
25,bottom,C[Si](C)(C)C(c1cc(C([Si](C)(C)C)[Si](C)(C)C)c(Sc2ccccc2Sc2ccccc2Sc2ccccc2Sc2c(cc(cc2C([Si](C)(C)C)[Si](C)(C)C)C([Si](C)(C)C)[Si](C)(C)C)C([Si](C)(C)C)[Si](C)(C)C)c(c1)C([Si](C)(C)C)[Si](C)(C)C)[Si](C)(C)C,"[25, 32]","[{'functional_group': 'ketone', 'smiles_inds': [34]}, {'functional_group': 'aldehyde', 'smiles_inds': [4]}]",7.373930918673628e-16
25,bottom,C1CCN(C1)P(=Nc1ccc2ccccc2c1c1c(ccc2ccccc12)N=P(N=P(N1CCCC1)(N1CCCC1)N1CCCC1)(N1CCCC1)N1CCCC1)(N=P(N1CCCC1)(N1CCCC1)N1CCCC1)N1CCCC1,"[6, 27]",[],1.148584353303442e-15
25,bottom,C[Si](C)(C)C(c1cc(C([Si](C)(C)C)[Si](C)(C)C)c(Sc2ccccc2[Se]c2ccccc2[Se]c2ccccc2Sc2c(cc(cc2C([Si](C)(C)C)[Si](C)(C)C)C([Si](C)(C)C)[Si](C)(C)C)C([Si](C)(C)C)[Si](C)(C)C)c(c1)C([Si](C)(C)C)[Si](C)(C)C)[Si](C)(C)C,"[25, 32]","[{'functional_group': 'bromo', 'smiles_inds': [36]}]",1.0876948305650602e-14
25,bottom,C[Si](C)(C)[NH]([Si](C)(C)C)[Ge]([S-])(OSO[Ge]([S-])([NH]([Si](C)(C)C)[Si](C)(C)C)[NH]([Si](C)(C)C)[Si](C)(C)C)[NH]([Si](C)(C)C)[Si](C)(C)C,"[12, 10, 15]",[],1.2437738974502768e-14
25,bottom,CC(C)(C)C(=O)Nc1cccc(NC(=O)C(c2cc(cc(c2)[Si](C)(C)C)[Si](C)(C)C)(c2cc(cc(c2)[Si](C)(C)C)[Si](C)(C)C)c2cc(cc(c2)[Si](C)(C)C)[Si](C)(C)C)c1[S-],"[5, 59]",[],1.5061689215917957e-14
25,bottom,CC(C)(C)P(P1P(P(P1C(C)(C)C)C(C)(C)C)C(C)(C)C)P1P(P(P1C(C)(C)C)C(C)(C)C)C(C)(C)C,[4],"[{'functional_group': 'phenyl', 'smiles_inds': [15]}]",1.9349141581867077e-14
25,bottom,CCOC(=O)C12C(=O)OCc3ccc4OCCOCCOc5cc(COC(=O)C6(C(=O)OCC)C78c9c%10c%11c%12c%13c%14C%15=C%16c%17c%18c%19c%15c%13c%10c7c%19c7c%18c%10c%13c%17c%15C%16=C%16c%14c%14c%12c%12c%11c%11c%17c%18c%12c%12c%19c%18c%18c%20c%21c%22c(c%13c%13c(c%18%22)c%19C1(c%15%13)C2%16c%14%12)c%10c1c%21c(c(c%17%20)c9%11)C68c71)ccc5OCCOCCOc4c3,"[17, 20, 97, 100, 103, 14]","[{'functional_group': '2-methylbenzoic_acid', 'smiles_inds': [15]}]",2.750070587290048e-14
25,bottom,CC(C)(C)[Si](C)(C)N[Si]1(N([Si](C)(C)C(C)(C)C)[Si](N[Si](C)(C)C(C)(C)C)(N1[Si](C)(C)C(C)(C)C)C(C)(C)C)C(C)(C)C,"[7, 18]",[],9.761342871013977e-14
25,bottom,C[Si](C)(C)[Si]1([Sb][Si]([Si](C)(C)C)([Si](C)(C)[Si]1(C)C)[Si]([Si](C)(C)C)([Si](C)(C)C)[Si](C)(C)C)[Si](C)(C)C,[5],[],1.4577689212361495e-13
25,bottom,COc1c(cc(cc1C12CC3CC(CC(C3)C1)C2)P(c1cc(c(OC)c(c1)C12CC3CC(CC(C3)C1)C2)C12CC3CC(CC(C3)C1)C2)c1ccccc1CNc1cccc2CCC3(CCc4cccc(P(c5cc(cc(c5)C(C)(C)C)C(C)(C)C)c5cc(cc(c5)C(C)(C)C)C(C)(C)C)c34)c12)C12CC3CC(CC(C3)C1)C2,"[70, 18, 54]","[{'functional_group': 'carboxyllic_acid', 'smiles_inds': [88]}]",2.759021904717261e-13
25,bottom,C[Si](C)(C)C(c1cc(C([Si](C)(C)C)[Si](C)(C)C)c([Se]c2ccccc2[Se]c2ccccc2[Se]c2ccccc2[Se]c2c(cc(cc2C([Si](C)(C)C)[Si](C)(C)C)C([Si](C)(C)C)[Si](C)(C)C)C([Si](C)(C)C)[Si](C)(C)C)c(c1)C([Si](C)(C)C)[Si](C)(C)C)[Si](C)(C)C,"[25, 32]",[],3.2816886453356664e-13
25,bottom,CCCCCC1c2cc3C(CCCCC)c4cc5C(CCCCC)c6cc7C(CCCCC)c8cc1c1OCOc2cc3OCOc4c(P(c2ccccc2)c2ccccc2)c5OCOc6cc7OCOc8c1OCc1cccc(COc2c3OCOc4cc5OCOc6c7cc8C(CCCCC)c9cc%10C(CCCCC)c(cc3C(CCCCC)c4cc5C7CCCCC)c2OCOc%10cc9OCOc8c6P(c2ccccc2)c2ccccc2)c1,"[48, 142]",[],4.2504811692676985e-13
25,median,CN(N=CC1=CNC=N1)C1=Nc2ccccc2O1,"[10, 2, 8]",[],0.41455015616081864
25,median,OC1C2(CN(Cc3ccccn3)CC1(C(N(Cc1ccccn1)C2c1ccccn1)c1ccccn1)C(O)=O)C(O)=O,"[15, 4, 22, 35, 11, 29]","[{'functional_group': 'ethyl', 'smiles_inds': [1]}, {'functional_group': '2-methylbenzoic_acid', 'smiles_inds': [9]}]",0.414622174289039
25,median,OCCCCCCOc1cc(nc(c1)c1ccccn1)c1ccccn1,"[19, 11, 25]",[],0.414767013198767
25,median,Cc1cccc(C=Nc2ccccc2)n1,"[14, 7]","[{'functional_group': 'ether', 'smiles_inds': [10]}, {'functional_group': 'methyl', 'smiles_inds': [6]}]",0.41485163828964305
25,median,CC(C)Oc1ccccc1N=C(Cc1ccccn1)[Si](C)(C)C,"[18, 10]",[],0.4148762731909034
25,median,COCC(N1C=CC=N1)(N1C=CC=N1)N1C=CC=N1,"[13, 18, 8]","[{'functional_group': 'iodo', 'smiles_inds': [15]}]",0.41502609912931787
25,median,NC([S-])=NN=CC1=CN(N=C1c1ccccc1)c1ccccc1,"[2, 3]","[{'functional_group': 'fluoro', 'smiles_inds': [21]}]",0.4150898433617155
25,median,C1NCC2=C1OC(=N2)c1ccccn1,"[7, 13]","[{'functional_group': 'phenyl', 'smiles_inds': [0]}, {'functional_group': 'carboxyllic_acid', 'smiles_inds': [2]}, {'functional_group': 'trichloro', 'smiles_inds': [12]}, {'functional_group': 'carbonyl', 'smiles_inds': [10]}, {'functional_group': 'phenyl', 'smiles_inds': [9]}, {'functional_group': 'cyano', 'smiles_inds': [11]}]",0.41516257329010486
25,median,NC1=NC2=C(N=CN2C2CC(O)C(CO)O2)C(=O)N1,[2],[],0.41523922864381413
25,median,Fc1ccc(cc1)C(N1CCN(CC1)CC(=O)[O-])c1ccc(F)cc1,"[17, 11]",[],0.4152782180767438
25,median,CN1C(CCC1=O)c1cccnc1,[11],"[{'functional_group': 'bromo', 'smiles_inds': [10]}, {'functional_group': 'carboxyl', 'smiles_inds': [9]}]",0.41529027775719285
25,median,N=C1C=CC=CC1[N-]c1ccccc1,"[0, 7]","[{'functional_group': 'phosphonate', 'smiles_inds': [10]}, {'functional_group': '2-hydroxypyridine', 'smiles_inds': [2]}, {'functional_group': 'carboxyllic_acid', 'smiles_inds': [9]}]",0.41530601690597246
25,median,[O-]c1ccccc1C=NCCC1=Nc2ccccc2N1,"[0, 12, 8]","[{'functional_group': 'carboxyl', 'smiles_inds': [17]}]",0.41540708906162005
25,median,c1ccc(cc1)[C-](c1ccccn1)c1ccccn1,"[12, 18]","[{'functional_group': 'trichloro', 'smiles_inds': [4]}, {'functional_group': 'phenyl', 'smiles_inds': [15]}]",0.4154141498867426
25,median,COc1ccc(cc1)C=Cc1ccncc1,[13],"[{'functional_group': 'trichloro', 'smiles_inds': [0]}]",0.4155533444258727
25,median,CN(CCc1ccccn1)CC(=O)[O-],"[9, 1, 13]","[{'functional_group': 'thiol', 'smiles_inds': [7]}, {'functional_group': 'methyl_ester', 'smiles_inds': [6]}]",0.41556744663523626
25,median,CC(C)(C)c1cc(C=NNC(=O)c2ccccc2O)c([O-])c(c1)C(C)(C)C,"[11, 20, 8]",[],0.4156788330847308
25,median,C1NCC2=C1OC(=N2)c1ccccn1,"[7, 13]","[{'functional_group': 'carbonyl', 'smiles_inds': [11]}, {'functional_group': 'phenyl', 'smiles_inds': [2]}, {'functional_group': 'chloro', 'smiles_inds': [12]}, {'functional_group': 'carboxyllic_acid', 'smiles_inds': [0]}, {'functional_group': 'fluoro', 'smiles_inds': [10]}, {'functional_group': 'ether', 'smiles_inds': [1]}]",0.415726141655834
25,median,[NH2+]=C([S-])N=Nc1ccc2ccccc2c1[O-],"[2, 4, 15]",[],0.415740897110482
25,median,O=C([O-])CN1CCCNCc2ccccc2OCCOc2ccccc2C1,"[2, 8, 4]",[],0.41578612363145573
25,top,c1cnc(nc1)c1nc(nc(n1)c1ncccn1)c1ncccn1,"[2, 7, 19]","[{'functional_group': 'carbonyl', 'smiles_inds': [15]}, {'functional_group': 'iodo', 'smiles_inds': [22]}, {'functional_group': 'carboxylate', 'smiles_inds': [0]}, {'functional_group': 'carboxylate', 'smiles_inds': [5]}, {'functional_group': 'cyano', 'smiles_inds': [20]}, {'functional_group': 'carboxylate', 'smiles_inds': [21]}, {'functional_group': 'carboxylate', 'smiles_inds': [16]}, {'functional_group': 'cyano', 'smiles_inds': [1]}, {'functional_group': 'ketone', 'smiles_inds': [14]}]",0.9999999370733257
25,top,c1cnc(nc1)c1nc(nc(n1)c1ncccn1)c1ncccn1,"[2, 7, 19]","[{'functional_group': 'carbonyl', 'smiles_inds': [15]}, {'functional_group': 'iodo', 'smiles_inds': [22]}, {'functional_group': 'carboxylate', 'smiles_inds': [0]}, {'functional_group': 'carboxylate', 'smiles_inds': [5]}, {'functional_group': 'cyano', 'smiles_inds': [20]}, {'functional_group': 'carboxylate', 'smiles_inds': [21]}, {'functional_group': 'carboxylate', 'smiles_inds': [1]}, {'functional_group': 'ether', 'smiles_inds': [14]}]",0.9999999398414191
25,top,c1cnc(nc1)c1nc(nc(n1)c1ncccn1)c1ncccn1,"[2, 7, 19]","[{'functional_group': 'carbonyl', 'smiles_inds': [15]}, {'functional_group': 'iodo', 'smiles_inds': [22]}, {'functional_group': 'carboxylate', 'smiles_inds': [0]}, {'functional_group': 'carboxylate', 'smiles_inds': [5]}, {'functional_group': 'cyano', 'smiles_inds': [20]}, {'functional_group': 'carboxylate', 'smiles_inds': [21]}, {'functional_group': 'chloro', 'smiles_inds': [1]}, {'functional_group': 'carboxylate', 'smiles_inds': [16]}]",0.9999999492236601
25,top,c1cnc(nc1)c1nc(nc(n1)c1ncccn1)c1ncccn1,"[2, 7, 19]","[{'functional_group': 'carbonyl', 'smiles_inds': [15]}, {'functional_group': 'iodo', 'smiles_inds': [22]}, {'functional_group': 'carboxylate', 'smiles_inds': [0]}, {'functional_group': 'carboxylate', 'smiles_inds': [5]}, {'functional_group': 'cyano', 'smiles_inds': [20]}, {'functional_group': 'carboxylate', 'smiles_inds': [21]}, {'functional_group': 'carbonyl', 'smiles_inds': [16]}]",0.9999999540569035
25,top,c1cnc(nc1)c1nc(nc(n1)c1ncccn1)c1ncccn1,"[2, 7, 19]","[{'functional_group': 'carbonyl', 'smiles_inds': [15]}, {'functional_group': 'iodo', 'smiles_inds': [22]}, {'functional_group': 'carboxylate', 'smiles_inds': [0]}, {'functional_group': 'carboxylate', 'smiles_inds': [5]}, {'functional_group': 'cyano', 'smiles_inds': [20]}, {'functional_group': 'carboxylate', 'smiles_inds': [21]}, {'functional_group': 'carboxylate', 'smiles_inds': [1]}, {'functional_group': 'cyano', 'smiles_inds': [14]}]",0.9999999549747529
25,top,c1cnc(nc1)c1nc(nc(n1)c1ncccn1)c1ncccn1,"[2, 7, 19]","[{'functional_group': 'carbonyl', 'smiles_inds': [15]}, {'functional_group': 'iodo', 'smiles_inds': [22]}, {'functional_group': 'carboxylate', 'smiles_inds': [0]}, {'functional_group': 'carboxylate', 'smiles_inds': [5]}, {'functional_group': 'cyano', 'smiles_inds': [20]}, {'functional_group': 'carboxylate', 'smiles_inds': [21]}, {'functional_group': 'carboxylate', 'smiles_inds': [16]}, {'functional_group': 'cyano', 'smiles_inds': [1]}, {'functional_group': 'aldehyde', 'smiles_inds': [14]}]",0.9999999565091536
25,top,c1cnc(nc1)c1nc(nc(n1)c1ncccn1)c1ncccn1,"[2, 7, 19]","[{'functional_group': 'carbonyl', 'smiles_inds': [15]}, {'functional_group': 'iodo', 'smiles_inds': [22]}, {'functional_group': 'carboxylate', 'smiles_inds': [0]}, {'functional_group': 'carboxylate', 'smiles_inds': [5]}, {'functional_group': 'cyano', 'smiles_inds': [20]}, {'functional_group': 'carboxylate', 'smiles_inds': [21]}, {'functional_group': 'carboxylate', 'smiles_inds': [1]}, {'functional_group': 'methyl_ester', 'smiles_inds': [14]}]",0.9999999585466487
25,top,c1cnc(nc1)c1nc(nc(n1)c1ncccn1)c1ncccn1,"[2, 7, 19]","[{'functional_group': 'carbonyl', 'smiles_inds': [15]}, {'functional_group': 'iodo', 'smiles_inds': [22]}, {'functional_group': 'carboxylate', 'smiles_inds': [0]}, {'functional_group': 'carboxylate', 'smiles_inds': [5]}, {'functional_group': 'cyano', 'smiles_inds': [20]}, {'functional_group': 'carboxylate', 'smiles_inds': [21]}, {'functional_group': 'ethyl', 'smiles_inds': [16]}, {'functional_group': 'carboxylate', 'smiles_inds': [14]}]",0.999999962457189
25,top,c1cnc(nc1)c1nc(nc(n1)c1ncccn1)c1ncccn1,"[2, 7, 19]","[{'functional_group': 'carbonyl', 'smiles_inds': [15]}, {'functional_group': 'iodo', 'smiles_inds': [22]}, {'functional_group': 'carboxylate', 'smiles_inds': [0]}, {'functional_group': 'carboxylate', 'smiles_inds': [5]}, {'functional_group': 'cyano', 'smiles_inds': [20]}, {'functional_group': 'carboxylate', 'smiles_inds': [21]}, {'functional_group': 'carboxylate', 'smiles_inds': [1]}, {'functional_group': 'amino', 'smiles_inds': [16]}]",0.9999999647222916
25,top,c1cnc(nc1)c1nc(nc(n1)c1ncccn1)c1ncccn1,"[2, 7, 19]","[{'functional_group': 'carbonyl', 'smiles_inds': [15]}, {'functional_group': 'iodo', 'smiles_inds': [22]}, {'functional_group': 'carboxylate', 'smiles_inds': [0]}, {'functional_group': 'carboxylate', 'smiles_inds': [5]}, {'functional_group': 'cyano', 'smiles_inds': [20]}, {'functional_group': 'carboxylate', 'smiles_inds': [21]}, {'functional_group': 'methyl', 'smiles_inds': [1]}]",0.9999999680320145
25,top,c1cnc(nc1)c1nc(nc(n1)c1ncccn1)c1ncccn1,"[2, 7, 19]","[{'functional_group': 'carbonyl', 'smiles_inds': [15]}, {'functional_group': 'iodo', 'smiles_inds': [22]}, {'functional_group': 'carboxylate', 'smiles_inds': [0]}, {'functional_group': 'carboxylate', 'smiles_inds': [5]}, {'functional_group': 'cyano', 'smiles_inds': [20]}, {'functional_group': 'carboxylate', 'smiles_inds': [21]}, {'functional_group': 'carboxylate', 'smiles_inds': [1]}, {'functional_group': 'ethyl', 'smiles_inds': [14]}]",0.9999999681554684
25,top,c1cnc(nc1)c1nc(nc(n1)c1ncccn1)c1ncccn1,"[2, 7, 19]","[{'functional_group': 'carbonyl', 'smiles_inds': [15]}, {'functional_group': 'iodo', 'smiles_inds': [22]}, {'functional_group': 'carboxylate', 'smiles_inds': [0]}, {'functional_group': 'carboxylate', 'smiles_inds': [5]}, {'functional_group': 'cyano', 'smiles_inds': [20]}, {'functional_group': 'carboxylate', 'smiles_inds': [21]}, {'functional_group': 'carboxylate', 'smiles_inds': [1]}, {'functional_group': 'bromo', 'smiles_inds': [14]}]",0.9999999689165148
25,top,c1cnc(nc1)c1nc(nc(n1)c1ncccn1)c1ncccn1,"[2, 7, 19]","[{'functional_group': 'carbonyl', 'smiles_inds': [15]}, {'functional_group': 'iodo', 'smiles_inds': [22]}, {'functional_group': 'carboxylate', 'smiles_inds': [0]}, {'functional_group': 'carboxylate', 'smiles_inds': [5]}, {'functional_group': 'cyano', 'smiles_inds': [20]}, {'functional_group': 'carboxylate', 'smiles_inds': [21]}, {'functional_group': 'carboxylate', 'smiles_inds': [1]}, {'functional_group': 'fluoro', 'smiles_inds': [14]}]",0.9999999753317327
25,top,c1cnc(nc1)c1nc(nc(n1)c1ncccn1)c1ncccn1,"[2, 7, 19]","[{'functional_group': 'carbonyl', 'smiles_inds': [15]}, {'functional_group': 'iodo', 'smiles_inds': [22]}, {'functional_group': 'carboxylate', 'smiles_inds': [0]}, {'functional_group': 'carboxylate', 'smiles_inds': [5]}, {'functional_group': 'cyano', 'smiles_inds': [20]}, {'functional_group': 'carboxylate', 'smiles_inds': [21]}, {'functional_group': 'carboxylate', 'smiles_inds': [1]}, {'functional_group': 'phosphonate', 'smiles_inds': [14]}]",0.9999999794101742
25,top,c1cnc(nc1)c1nc(nc(n1)c1ncccn1)c1ncccn1,"[2, 7, 19]","[{'functional_group': 'carbonyl', 'smiles_inds': [15]}, {'functional_group': 'iodo', 'smiles_inds': [22]}, {'functional_group': 'carboxylate', 'smiles_inds': [0]}, {'functional_group': 'carboxylate', 'smiles_inds': [5]}, {'functional_group': 'cyano', 'smiles_inds': [20]}, {'functional_group': 'carboxylate', 'smiles_inds': [21]}, {'functional_group': 'carboxylate', 'smiles_inds': [1]}, {'functional_group': 'trifluro', 'smiles_inds': [14]}]",0.9999999803978704
25,top,c1cnc(nc1)c1nc(nc(n1)c1ncccn1)c1ncccn1,"[2, 7, 19]","[{'functional_group': 'carbonyl', 'smiles_inds': [15]}, {'functional_group': 'iodo', 'smiles_inds': [22]}, {'functional_group': 'carboxylate', 'smiles_inds': [0]}, {'functional_group': 'carboxylate', 'smiles_inds': [5]}, {'functional_group': 'cyano', 'smiles_inds': [20]}, {'functional_group': 'carboxylate', 'smiles_inds': [21]}, {'functional_group': 'carboxylate', 'smiles_inds': [1]}, {'functional_group': 'iodo', 'smiles_inds': [16]}]",0.9999999805475618
25,top,c1cnc(nc1)c1nc(nc(n1)c1ncccn1)c1ncccn1,"[2, 7, 19]","[{'functional_group': 'carbonyl', 'smiles_inds': [15]}, {'functional_group': 'iodo', 'smiles_inds': [22]}, {'functional_group': 'carboxylate', 'smiles_inds': [0]}, {'functional_group': 'carboxylate', 'smiles_inds': [5]}, {'functional_group': 'cyano', 'smiles_inds': [20]}, {'functional_group': 'carboxylate', 'smiles_inds': [21]}, {'functional_group': 'carboxylate', 'smiles_inds': [1]}, {'functional_group': 'hydroxyl', 'smiles_inds': [14]}]",0.999999983137157
25,top,c1cnc(nc1)c1nc(nc(n1)c1ncccn1)c1ncccn1,"[2, 7, 19]","[{'functional_group': 'carbonyl', 'smiles_inds': [15]}, {'functional_group': 'iodo', 'smiles_inds': [22]}, {'functional_group': 'carboxylate', 'smiles_inds': [0]}, {'functional_group': 'carboxylate', 'smiles_inds': [5]}, {'functional_group': 'cyano', 'smiles_inds': [20]}, {'functional_group': 'carboxylate', 'smiles_inds': [21]}, {'functional_group': 'carboxylate', 'smiles_inds': [1]}, {'functional_group': 'carbonyl', 'smiles_inds': [14]}]",0.9999999886363672
25,top,c1cnc(nc1)c1nc(nc(n1)c1ncccn1)c1ncccn1,"[2, 7, 19]","[{'functional_group': 'carbonyl', 'smiles_inds': [15]}, {'functional_group': 'iodo', 'smiles_inds': [22]}, {'functional_group': 'carboxylate', 'smiles_inds': [0]}, {'functional_group': 'carboxylate', 'smiles_inds': [5]}, {'functional_group': 'cyano', 'smiles_inds': [20]}, {'functional_group': 'carboxylate', 'smiles_inds': [21]}, {'functional_group': 'carboxylate', 'smiles_inds': [1]}, {'functional_group': 'tribromo', 'smiles_inds': [14]}]",0.999999989961117
25,top,c1cnc(nc1)c1nc(nc(n1)c1ncccn1)c1ncccn1,"[2, 7, 19]","[{'functional_group': 'carbonyl', 'smiles_inds': [15]}, {'functional_group': 'iodo', 'smiles_inds': [22]}, {'functional_group': 'carboxylate', 'smiles_inds': [0]}, {'functional_group': 'carboxylate', 'smiles_inds': [5]}, {'functional_group': 'cyano', 'smiles_inds': [20]}, {'functional_group': 'carboxylate', 'smiles_inds': [21]}, {'functional_group': 'carboxylate', 'smiles_inds': [1]}, {'functional_group': 'carboxylate', 'smiles_inds': [14]}]",0.9999999982886549
26,bottom,C[Si](C)(C)c1cc(cc(c1)[Si](C#CP(C#C[Si](c1cc(cc(c1)[Si](C)(C)C)[Si](C)(C)C)(c1cc(cc(c1)[Si](C)(C)C)[Si](C)(C)C)c1cc(cc(c1)[Si](C)(C)C)[Si](C)(C)C)C#C[Si](c1cc(cc(c1)[Si](C)(C)C)[Si](C)(C)C)(c1cc(cc(c1)[Si](C)(C)C)[Si](C)(C)C)c1cc(cc(c1)[Si](C)(C)C)[Si](C)(C)C)(c1cc(cc(c1)[Si](C)(C)C)[Si](C)(C)C)c1cc(cc(c1)[Si](C)(C)C)[Si](C)(C)C)[Si](C)(C)C,[13],"[{'functional_group': 'hydroxyl', 'smiles_inds': [56]}]",1.4059628182689686e-38
26,bottom,C[Si](C)(C)c1cc(cc(c1)[Si](C)(C)C)C(C(=O)Nc1cccc(NC(=O)C(c2cc(cc(c2)[Si](C)(C)C)[Si](C)(C)C)(c2cc(cc(c2)[Si](C)(C)C)[Si](C)(C)C)c2cc(cc(c2)[Si](C)(C)C)[Si](C)(C)C)c1[S-])(c1cc(cc(c1)[Si](C)(C)C)[Si](C)(C)C)c1cc(cc(c1)[Si](C)(C)C)[Si](C)(C)C,"[70, 16]",[],4.4099740944997413e-26
26,bottom,CC1=C(C)C[Ge]2([Ge]([Ge]2(C1)[Si](C(C)(C)C)(C(C)(C)C)C(C)(C)C)[Si](C(C)(C)C)(C(C)(C)C)C(C)(C)C)[Si](C(C)(C)C)(C(C)(C)C)C(C)(C)C,[6],[],1.3009873995302466e-18
26,bottom,CP(CCP(C)c1c(cc(cc1C([Si](C)(C)C)[Si](C)(C)C)C([Si](C)(C)C)([Si](C)(C)C)[Si](C)(C)C)C([Si](C)(C)C)[Si](C)(C)C)c1c(cc(cc1C([Si](C)(C)C)[Si](C)(C)C)C([Si](C)(C)C)([Si](C)(C)C)[Si](C)(C)C)C([Si-](C)C)[Si](C)(C)C,"[4, 72, 1]","[{'functional_group': 'ethyl', 'smiles_inds': [33]}]",1.76427147059747e-18
26,bottom,CP(CCP(C)c1c(cc(cc1C([Si](C)(C)C)[Si](C)(C)C)C([Si](C)(C)C)([Si](C)(C)C)[Si](C)(C)C)C([Si](C)(C)C)[Si](C)(C)C)c1c(cc(cc1C([Si](C)(C)C)[Si](C)(C)C)C([Si](C)(C)C)([Si](C)(C)C)[Si](C)(C)C)C([Si-](C)C)[Si](C)(C)C,"[4, 72, 1]","[{'functional_group': 'chloro', 'smiles_inds': [49]}]",4.8517355193794025e-18
26,bottom,C[Si](C)(C)c1cc(cc(c1)[Si](C)(C)C)P(c1cc(cc(c1)[Si](C)(C)C)[Si](C)(C)C)c1ccccc1P(c1cc(cc(c1)[Si](C)(C)C)[Si](C)(C)C)c1cc(cc(c1)[Si](C)(C)C)[Si](C)(C)C,"[35, 14]","[{'functional_group': 'trifluro', 'smiles_inds': [41]}]",1.0198940100245534e-17
26,bottom,C[Si](C)(C)c1cc(cc(c1)[Si](C)(C)C)P(c1cc(cc(c1)[Si](C)(C)C)[Si](C)(C)C)c1ccccc1P(c1cc(cc(c1)[Si](C)(C)C)[Si](C)(C)C)c1cc(cc(c1)[Si](C)(C)C)[Si](C)(C)C,"[35, 14]",[],4.7754172750955993e-17
26,bottom,CC(C)(C)c1cc2c(OP(Oc3c2cc(cc3C(C)(C)C)C(C)(C)C)O[Si]2(O[Si]3(O[Si](OP4Oc5c(cc(cc5C(C)(C)C)C(C)(C)C)c5cc(cc(c5O4)C(C)(C)C)C(C)(C)C)(O[Si]4(O[Si](O3)(O[Si](O2)(O[Si](O4)(O[Si](C)(c2ccccc2)c2ccccc2)C2CCCC2)C2CCCC2)C2CCCC2)C2CCCC2)C2CCCC2)C2CCCC2)C2CCCC2)c(c1)C(C)(C)C,"[9, 32]","[{'functional_group': 'carboxyllic_acid', 'smiles_inds': [93]}]",2.639266653859788e-16
26,bottom,C1CCN(C1)P(=Nc1ccc2ccccc2c1c1c(ccc2ccccc12)N=P(N=P(N1CCCC1)(N1CCCC1)N1CCCC1)(N1CCCC1)N1CCCC1)(N=P(N1CCCC1)(N1CCCC1)N1CCCC1)N1CCCC1,"[6, 27]","[{'functional_group': 'tribromo', 'smiles_inds': [55]}, {'functional_group': 'ethyl_ester', 'smiles_inds': [35]}, {'functional_group': 'ether', 'smiles_inds': [67]}]",3.1225044933342004e-16
26,bottom,CC(C)(C)[Si](C)([Si]12[Ge][Si]1([Si](C)(C(C)(C)C)C(C)(C)C)[Si]2([Si](C)(C(C)(C)C)C(C)(C)C)[Si](C)(C(C)(C)C)C(C)(C)C)C(C)(C)C,[7],"[{'functional_group': 'methyl', 'smiles_inds': [24]}]",4.390542124419819e-15
26,bottom,CC(C)(C)[Si](C)([Si]12[Ge][Si]1([Si](C)(C(C)(C)C)C(C)(C)C)[Si]2([Si](C)(C(C)(C)C)C(C)(C)C)[Si](C)(C(C)(C)C)C(C)(C)C)C(C)(C)C,[7],"[{'functional_group': 'ether', 'smiles_inds': [14]}]",4.5143896415281494e-15
26,bottom,CC(C)(C)c1cc2c(OP(OC3C(CO[Si](c4ccccc4)(c4ccccc4)C(C)(C)C)OC(CO[Si](c4ccccc4)(c4ccccc4)C(C)(C)C)C3OP3Oc4c(cc(cc4C(C)(C)C)C(C)(C)C)c4cc(cc(c4O3)C(C)(C)C)C(C)(C)C)Oc3c2cc(cc3C(C)(C)C)C(C)(C)C)c(c1)C(C)(C)C,"[9, 55]",[],5.037291452823066e-15
26,bottom,CC(C)(C)C(=O)Nc1cccc(NC(=O)C(c2cc(cc(c2)[Si](C)(C)C)[Si](C)(C)C)(c2cc(cc(c2)[Si](C)(C)C)[Si](C)(C)C)c2cc(cc(c2)[Si](C)(C)C)[Si](C)(C)C)c1[S-],"[5, 59]","[{'functional_group': 'ketone', 'smiles_inds': [45]}]",5.402298268178068e-15
26,bottom,CC(C)(C)C(=O)Nc1cccc(NC(=O)C(c2cc(cc(c2)[Si](C)(C)C)[Si](C)(C)C)(c2cc(cc(c2)[Si](C)(C)C)[Si](C)(C)C)c2cc(cc(c2)[Si](C)(C)C)[Si](C)(C)C)c1[S-],"[5, 59]","[{'functional_group': 'hydroxyl', 'smiles_inds': [37]}]",1.1203421978743942e-14
26,bottom,C[Si](C)(C)[NH]([Si](C)(C)C)[Ge]([S-])(OSO[Ge]([S-])([NH]([Si](C)(C)C)[Si](C)(C)C)[NH]([Si](C)(C)C)[Si](C)(C)C)[NH]([Si](C)(C)C)[Si](C)(C)C,"[12, 10, 15]",[],1.6578781259095172e-14
26,bottom,CC(C)(C)P(P1P(P(P1C(C)(C)C)C(C)(C)C)C(C)(C)C)P1P(P(P1C(C)(C)C)C(C)(C)C)C(C)(C)C,[4],[],2.7396778468856404e-14
26,bottom,CC(C)(C)P(P1P(P(P1C(C)(C)C)C(C)(C)C)C(C)(C)C)P1P(P(P1C(C)(C)C)C(C)(C)C)C(C)(C)C,[4],"[{'functional_group': 'methyl', 'smiles_inds': [14]}]",3.626316295788085e-14
26,bottom,CC(C)(C)P(CCP(CCP(C(C)(C)C)C(C)(C)C)CCP(C(C)(C)C)C(C)(C)C)C(C)(C)C,"[4, 7, 10]",[],4.2899205693218144e-14
26,bottom,CCC(C)(C)c1cc(C(c2cc(cc(c2OCCCNC(=O)CP(=S)(c2ccccc2)c2ccccc2)C(C)(C)CC)C(C)(C)CC)c2cc(cc(c2OCCCNC(=O)CP(=S)(c2ccccc2)c2ccccc2)C(C)(C)CC)C(C)(C)CC)c(OCCCNC(=O)CP(=S)(c2ccccc2)c2ccccc2)c(c1)C(C)(C)CC,"[21, 59, 92]","[{'functional_group': 'amide', 'smiles_inds': [34]}, {'functional_group': 'phosphonate', 'smiles_inds': [72]}, {'functional_group': 'methyl_ester', 'smiles_inds': [8]}]",1.7152372982299388e-13
26,bottom,CC(C)(C)c1cc(C(c2cc(cc(c2OCCNC(=O)CP(=O)(c2ccccc2)c2ccccc2)C(C)(C)C)C(C)(C)C)c2cc(cc(c2OCCNC(=O)CP(=O)(c2ccccc2)c2ccccc2)C(C)(C)C)C(C)(C)C)c(OCCNC(=O)CP(=O)(c2ccccc2)c2ccccc2)c(c1)C(C)(C)C,"[19, 22, 54, 57, 84, 87]",[],1.7689434527349809e-13
26,median,Nc1ccccc1Nc1ccccc1,"[0, 7]",[],0.41987648686367873
26,median,c1ccc(cc1)N=Nc1nccc2ccccc12,"[6, 9]",[],0.41988717473853754
26,median,C1CNCc2cccc(CNCCCNCc3cccc(CNC1)n3)n2,"[25, 10, 2, 14, 22, 24]","[{'functional_group': 'ketone', 'smiles_inds': [17]}]",0.41997228817141846
26,median,CC(C)(C)c1cc(C=NCCN2CCOCC2)c([O-])c(c1)C(C)(C)C,"[18, 8, 11]","[{'functional_group': 'hydroxyl', 'smiles_inds': [22]}]",0.41999177531789345
26,median,CN(C)c1ccc(cc1)C=NN=Cc1cccc2ccccc12,[10],[],0.4200211350949435
26,median,Fc1ccc([O-])c(C=NCCCN2CCOCC2)c1,"[8, 5]","[{'functional_group': '2-hydroxypyridine', 'smiles_inds': [18]}]",0.42002345060831175
26,median,COC(=O)CNCc1ccccn1,"[12, 5]",[],0.420062732901365
26,median,CN(C(=N)N=N[O-])c1ccccc1,"[5, 3]","[{'functional_group': 'thiol', 'smiles_inds': [11]}, {'functional_group': 'cyano', 'smiles_inds': [0]}]",0.4201068507800298
26,median,CCC(CC)(CN)CNCC(CC)(CC)CN,"[6, 8, 16]","[{'functional_group': 'trifluro', 'smiles_inds': [14]}]",0.4201715709071466
26,median,Cc1cc(C)nc(c1)N=Nc1ccccc1,"[5, 9]",[],0.4201919853507129
26,median,CCN1C=CN=C1N=Nc1ccc(C)cc1,"[5, 8]",[],0.42023314058625705
26,median,CCC(NCCN)C(C)=NO,"[9, 3, 6]","[{'functional_group': 'carboxyllic_acid', 'smiles_inds': [1]}, {'functional_group': 'carboxyl', 'smiles_inds': [4]}]",0.4202563923641362
26,median,O=C(NN=Cc1cccc(C=NNC(=O)c2ccccc2)c1)c1ccccc1,"[0, 3]",[],0.4203617071207154
26,median,C(CN1C=CC=N1)OCCN1C=CC=N1,"[7, 6, 14]","[{'functional_group': 'aldehyde', 'smiles_inds': [1]}]",0.42042066187381333
26,median,C[NH+]1CCN(CC1)c1c(F)cc2C(=O)C(=CN3C(C)COc1c23)C(=O)[O-],"[25, 13]","[{'functional_group': 'ethyl', 'smiles_inds': [1]}, {'functional_group': 'trichloro', 'smiles_inds': [19]}, {'functional_group': 'tribromo', 'smiles_inds': [18]}, {'functional_group': 'carboxyl', 'smiles_inds': [2]}, {'functional_group': 'methyl', 'smiles_inds': [0]}, {'functional_group': 'trifluro', 'smiles_inds': [17]}, {'functional_group': 'methyl', 'smiles_inds': [15]}]",0.42046015696805367
26,median,[O-]c1c(cccc1C1CCCCC1)C=Nc1ccccc1,"[0, 14]","[{'functional_group': 'ketone', 'smiles_inds': [9]}]",0.4205099258472534
26,median,Cc1ccc(CN(CC(=O)[O-])CC(=O)[O-])cc1,"[10, 14, 6]","[{'functional_group': 'phosphonate', 'smiles_inds': [5]}, {'functional_group': 'amide', 'smiles_inds': [16]}]",0.4205289956692911
26,median,Cc1cccc2N=C(Nc12)c1ccc2cccnc2n1,[17],[],0.42055915651883113
26,median,N(c1ccccc1)c1ccc(cc1)N=Nc1ccccn1,"[20, 13]",[],0.42065559275337244
26,median,CC(C)[S]=O,[3],"[{'functional_group': 'carboxyllic_acid', 'smiles_inds': [2]}]",0.42071942148245906
26,top,O=C(NCCN(CCNC(=O)C1=C([O-])C(=O)C=CO1)CCNC(=O)C1=C([O-])C(=O)C=CO1)C1=C([O-])C(=O)C=CO1,"[34, 36, 13, 15, 26, 28]","[{'functional_group': 'ketone', 'smiles_inds': [16]}]",0.9999999396904321
26,top,c1cnc(nc1)c1nc(nc(n1)c1ncccn1)c1ncccn1,"[2, 7, 19]","[{'functional_group': 'carbonyl', 'smiles_inds': [15]}, {'functional_group': 'iodo', 'smiles_inds': [22]}, {'functional_group': 'carboxylate', 'smiles_inds': [0]}, {'functional_group': 'carboxylate', 'smiles_inds': [5]}, {'functional_group': 'cyano', 'smiles_inds': [20]}, {'functional_group': 'carboxylate', 'smiles_inds': [21]}, {'functional_group': 'carboxylate', 'smiles_inds': [1]}, {'functional_group': 'ethyl_ester', 'smiles_inds': [14]}]",0.9999999459375748
26,top,c1cnc(nc1)c1nc(nc(n1)c1ncccn1)c1ncccn1,"[2, 7, 19]","[{'functional_group': 'carbonyl', 'smiles_inds': [15]}, {'functional_group': 'iodo', 'smiles_inds': [22]}, {'functional_group': 'carboxylate', 'smiles_inds': [0]}, {'functional_group': 'carboxylate', 'smiles_inds': [5]}, {'functional_group': 'cyano', 'smiles_inds': [20]}, {'functional_group': 'carboxylate', 'smiles_inds': [21]}, {'functional_group': 'trifluro', 'smiles_inds': [16]}]",0.999999951502503
26,top,c1cnc(nc1)c1nc(nc(n1)c1ncccn1)c1ncccn1,"[2, 7, 19]","[{'functional_group': 'carbonyl', 'smiles_inds': [15]}, {'functional_group': 'iodo', 'smiles_inds': [22]}, {'functional_group': 'carboxylate', 'smiles_inds': [0]}, {'functional_group': 'carboxylate', 'smiles_inds': [5]}, {'functional_group': 'cyano', 'smiles_inds': [20]}, {'functional_group': 'carboxylate', 'smiles_inds': [21]}, {'functional_group': 'chloro', 'smiles_inds': [1]}, {'functional_group': 'carboxylate', 'smiles_inds': [14]}]",0.9999999607211056
26,top,c1cnc(nc1)c1nc(nc(n1)c1ncccn1)c1ncccn1,"[2, 7, 19]","[{'functional_group': 'carbonyl', 'smiles_inds': [15]}, {'functional_group': 'iodo', 'smiles_inds': [22]}, {'functional_group': 'carboxylate', 'smiles_inds': [0]}, {'functional_group': 'carboxylate', 'smiles_inds': [5]}, {'functional_group': 'cyano', 'smiles_inds': [20]}, {'functional_group': 'carboxylate', 'smiles_inds': [21]}, {'functional_group': 'carboxylate', 'smiles_inds': [1]}, {'functional_group': 'aldehyde', 'smiles_inds': [14]}, {'functional_group': 'cyano', 'smiles_inds': [16]}]",0.9999999621386705
26,top,c1cnc(nc1)c1nc(nc(n1)c1ncccn1)c1ncccn1,"[2, 7, 19]","[{'functional_group': 'carbonyl', 'smiles_inds': [15]}, {'functional_group': 'iodo', 'smiles_inds': [22]}, {'functional_group': 'carboxylate', 'smiles_inds': [0]}, {'functional_group': 'carboxylate', 'smiles_inds': [5]}, {'functional_group': 'cyano', 'smiles_inds': [20]}, {'functional_group': 'carboxylate', 'smiles_inds': [21]}, {'functional_group': 'carboxylate', 'smiles_inds': [16]}, {'functional_group': 'cyano', 'smiles_inds': [1]}, {'functional_group': 'aldehyde', 'smiles_inds': [14]}]",0.9999999621386705
26,top,c1cnc(nc1)c1nc(nc(n1)c1ncccn1)c1ncccn1,"[2, 7, 19]","[{'functional_group': 'carbonyl', 'smiles_inds': [15]}, {'functional_group': 'iodo', 'smiles_inds': [22]}, {'functional_group': 'carboxylate', 'smiles_inds': [0]}, {'functional_group': 'carboxylate', 'smiles_inds': [5]}, {'functional_group': 'cyano', 'smiles_inds': [20]}, {'functional_group': 'carboxylate', 'smiles_inds': [21]}, {'functional_group': 'carboxylate', 'smiles_inds': [1]}, {'functional_group': 'methyl_ester', 'smiles_inds': [16]}]",0.9999999662907451
26,top,c1cnc(nc1)c1nc(nc(n1)c1ncccn1)c1ncccn1,"[2, 7, 19]","[{'functional_group': 'carbonyl', 'smiles_inds': [15]}, {'functional_group': 'iodo', 'smiles_inds': [22]}, {'functional_group': 'carboxylate', 'smiles_inds': [0]}, {'functional_group': 'carboxylate', 'smiles_inds': [5]}, {'functional_group': 'cyano', 'smiles_inds': [20]}, {'functional_group': 'carboxylate', 'smiles_inds': [21]}, {'functional_group': 'carboxylate', 'smiles_inds': [1]}, {'functional_group': 'amino', 'smiles_inds': [14]}]",0.9999999664065882
26,top,c1cnc(nc1)c1nc(nc(n1)c1ncccn1)c1ncccn1,"[2, 7, 19]","[{'functional_group': 'carbonyl', 'smiles_inds': [15]}, {'functional_group': 'iodo', 'smiles_inds': [22]}, {'functional_group': 'carboxylate', 'smiles_inds': [0]}, {'functional_group': 'carboxylate', 'smiles_inds': [5]}, {'functional_group': 'cyano', 'smiles_inds': [20]}, {'functional_group': 'carboxylate', 'smiles_inds': [21]}, {'functional_group': 'ethyl', 'smiles_inds': [16]}, {'functional_group': 'carboxylate', 'smiles_inds': [14]}]",0.999999971630715
26,top,c1cnc(nc1)c1nc(nc(n1)c1ncccn1)c1ncccn1,"[2, 7, 19]","[{'functional_group': 'carbonyl', 'smiles_inds': [15]}, {'functional_group': 'iodo', 'smiles_inds': [22]}, {'functional_group': 'carboxylate', 'smiles_inds': [0]}, {'functional_group': 'carboxylate', 'smiles_inds': [5]}, {'functional_group': 'cyano', 'smiles_inds': [20]}, {'functional_group': 'carboxylate', 'smiles_inds': [21]}, {'functional_group': 'carboxylate', 'smiles_inds': [1]}, {'functional_group': 'ethyl', 'smiles_inds': [16]}]",0.9999999754007235
26,top,c1cnc(nc1)c1nc(nc(n1)c1ncccn1)c1ncccn1,"[2, 7, 19]","[{'functional_group': 'carbonyl', 'smiles_inds': [15]}, {'functional_group': 'iodo', 'smiles_inds': [22]}, {'functional_group': 'carboxylate', 'smiles_inds': [0]}, {'functional_group': 'carboxylate', 'smiles_inds': [5]}, {'functional_group': 'cyano', 'smiles_inds': [20]}, {'functional_group': 'carboxylate', 'smiles_inds': [21]}, {'functional_group': 'carboxylate', 'smiles_inds': [1]}, {'functional_group': 'fluoro', 'smiles_inds': [16]}]",0.9999999813287014
26,top,c1cnc(nc1)c1nc(nc(n1)c1ncccn1)c1ncccn1,"[2, 7, 19]","[{'functional_group': 'carbonyl', 'smiles_inds': [15]}, {'functional_group': 'iodo', 'smiles_inds': [22]}, {'functional_group': 'carboxylate', 'smiles_inds': [0]}, {'functional_group': 'carboxylate', 'smiles_inds': [5]}, {'functional_group': 'cyano', 'smiles_inds': [20]}, {'functional_group': 'carboxylate', 'smiles_inds': [21]}, {'functional_group': 'carboxylate', 'smiles_inds': [1]}, {'functional_group': 'amide', 'smiles_inds': [14]}]",0.999999983902895
26,top,c1cnc(nc1)c1nc(nc(n1)c1ncccn1)c1ncccn1,"[2, 7, 19]","[{'functional_group': 'carbonyl', 'smiles_inds': [15]}, {'functional_group': 'iodo', 'smiles_inds': [22]}, {'functional_group': 'carboxylate', 'smiles_inds': [0]}, {'functional_group': 'carboxylate', 'smiles_inds': [5]}, {'functional_group': 'cyano', 'smiles_inds': [20]}, {'functional_group': 'carboxylate', 'smiles_inds': [21]}, {'functional_group': 'carboxylate', 'smiles_inds': [1]}, {'functional_group': 'amide', 'smiles_inds': [16]}]",0.999999983902895
26,top,c1cnc(nc1)c1nc(nc(n1)c1ncccn1)c1ncccn1,"[2, 7, 19]","[{'functional_group': 'carbonyl', 'smiles_inds': [15]}, {'functional_group': 'iodo', 'smiles_inds': [22]}, {'functional_group': 'carboxylate', 'smiles_inds': [0]}, {'functional_group': 'carboxylate', 'smiles_inds': [5]}, {'functional_group': 'cyano', 'smiles_inds': [20]}, {'functional_group': 'carboxylate', 'smiles_inds': [21]}, {'functional_group': 'carboxylate', 'smiles_inds': [1]}, {'functional_group': 'hydroxyl', 'smiles_inds': [14]}]",0.9999999846377643
26,top,c1cnc(nc1)c1nc(nc(n1)c1ncccn1)c1ncccn1,"[2, 7, 19]","[{'functional_group': 'carbonyl', 'smiles_inds': [15]}, {'functional_group': 'iodo', 'smiles_inds': [22]}, {'functional_group': 'carboxylate', 'smiles_inds': [0]}, {'functional_group': 'carboxylate', 'smiles_inds': [5]}, {'functional_group': 'cyano', 'smiles_inds': [20]}, {'functional_group': 'carboxylate', 'smiles_inds': [21]}, {'functional_group': 'carboxylate', 'smiles_inds': [1]}, {'functional_group': 'trichloro', 'smiles_inds': [16]}]",0.9999999906510698
26,top,c1cnc(nc1)c1nc(nc(n1)c1ncccn1)c1ncccn1,"[2, 7, 19]","[{'functional_group': 'carbonyl', 'smiles_inds': [15]}, {'functional_group': 'iodo', 'smiles_inds': [22]}, {'functional_group': 'carboxylate', 'smiles_inds': [0]}, {'functional_group': 'carboxylate', 'smiles_inds': [5]}, {'functional_group': 'cyano', 'smiles_inds': [20]}, {'functional_group': 'carboxylate', 'smiles_inds': [21]}, {'functional_group': 'carboxylate', 'smiles_inds': [1]}, {'functional_group': 'methyl', 'smiles_inds': [16]}]",0.9999999908924045
26,top,c1cnc(nc1)c1nc(nc(n1)c1ncccn1)c1ncccn1,"[2, 7, 19]","[{'functional_group': 'carbonyl', 'smiles_inds': [15]}, {'functional_group': 'iodo', 'smiles_inds': [22]}, {'functional_group': 'carboxylate', 'smiles_inds': [0]}, {'functional_group': 'carboxylate', 'smiles_inds': [5]}, {'functional_group': 'cyano', 'smiles_inds': [20]}, {'functional_group': 'carboxylate', 'smiles_inds': [21]}, {'functional_group': 'carboxylate', 'smiles_inds': [1]}, {'functional_group': 'carbonyl', 'smiles_inds': [14]}]",0.9999999913117993
26,top,c1cnc(nc1)c1nc(nc(n1)c1ncccn1)c1ncccn1,"[2, 7, 19]","[{'functional_group': 'carbonyl', 'smiles_inds': [15]}, {'functional_group': 'iodo', 'smiles_inds': [22]}, {'functional_group': 'carboxylate', 'smiles_inds': [0]}, {'functional_group': 'carboxylate', 'smiles_inds': [5]}, {'functional_group': 'cyano', 'smiles_inds': [20]}, {'functional_group': 'carboxylate', 'smiles_inds': [21]}, {'functional_group': 'carboxylate', 'smiles_inds': [1]}, {'functional_group': 'aldehyde', 'smiles_inds': [14]}]",0.999999995323472
26,top,c1cnc(nc1)c1nc(nc(n1)c1ncccn1)c1ncccn1,"[2, 7, 19]","[{'functional_group': 'carbonyl', 'smiles_inds': [15]}, {'functional_group': 'iodo', 'smiles_inds': [22]}, {'functional_group': 'carboxylate', 'smiles_inds': [0]}, {'functional_group': 'carboxylate', 'smiles_inds': [5]}, {'functional_group': 'cyano', 'smiles_inds': [20]}, {'functional_group': 'carboxylate', 'smiles_inds': [21]}, {'functional_group': 'carboxylate', 'smiles_inds': [1]}, {'functional_group': 'carboxylate', 'smiles_inds': [14]}]",0.9999999986453818
26,top,c1cnc(nc1)c1nc(nc(n1)c1ncccn1)c1ncccn1,"[2, 7, 19]","[{'functional_group': 'carbonyl', 'smiles_inds': [15]}, {'functional_group': 'iodo', 'smiles_inds': [22]}, {'functional_group': 'carboxylate', 'smiles_inds': [0]}, {'functional_group': 'carboxylate', 'smiles_inds': [5]}, {'functional_group': 'cyano', 'smiles_inds': [20]}, {'functional_group': 'carboxylate', 'smiles_inds': [21]}, {'functional_group': 'carboxylate', 'smiles_inds': [1]}, {'functional_group': 'carboxylate', 'smiles_inds': [16]}]",0.9999999986453818
27,bottom,C[Si](C)(C)c1cc(cc(c1)[Si](C#CP(C#C[Si](c1cc(cc(c1)[Si](C)(C)C)[Si](C)(C)C)(c1cc(cc(c1)[Si](C)(C)C)[Si](C)(C)C)c1cc(cc(c1)[Si](C)(C)C)[Si](C)(C)C)C#C[Si](c1cc(cc(c1)[Si](C)(C)C)[Si](C)(C)C)(c1cc(cc(c1)[Si](C)(C)C)[Si](C)(C)C)c1cc(cc(c1)[Si](C)(C)C)[Si](C)(C)C)(c1cc(cc(c1)[Si](C)(C)C)[Si](C)(C)C)c1cc(cc(c1)[Si](C)(C)C)[Si](C)(C)C)[Si](C)(C)C,[13],"[{'functional_group': 'thiol', 'smiles_inds': [113]}]",2.860594293099751e-37
27,bottom,C[Si](C)(C)c1cc(cc(c1)[Si](C)(C)C)C(C(=O)Nc1cccc(NC(=O)C(c2cc(cc(c2)[Si](C)(C)C)[Si](C)(C)C)(c2cc(cc(c2)[Si](C)(C)C)[Si](C)(C)C)c2cc(cc(c2)[Si](C)(C)C)[Si](C)(C)C)c1[S-])(c1cc(cc(c1)[Si](C)(C)C)[Si](C)(C)C)c1cc(cc(c1)[Si](C)(C)C)[Si](C)(C)C,"[70, 16]",[],1.1770587445841293e-25
27,bottom,CCCCCC1c2cc3C(CCCCC)c4cc5C(CCCCC)c6cc7C(CCCCC)c8cc1c1OCOc2cc3OCOc4c(P(c2ccccc2)c2ccccc2)c5OCOc6cc7OCOc8c1OCc1cccc(COc2c3OCOc4cc5OCOc6c7cc8C(CCCCC)c9cc%10C(CCCCC)c(cc3C(CCCCC)c4cc5C7CCCCC)c2OCOc%10cc9OCOc8c6P(c2ccccc2)c2ccccc2)c1,"[48, 142]","[{'functional_group': 'trifluro', 'smiles_inds': [146]}]",5.561717796206658e-21
27,bottom,CC1=C(C)C[Ge]2([Ge]([Ge]2(C1)[Si](C(C)(C)C)(C(C)(C)C)C(C)(C)C)[Si](C(C)(C)C)(C(C)(C)C)C(C)(C)C)[Si](C(C)(C)C)(C(C)(C)C)C(C)(C)C,[6],"[{'functional_group': 'amide', 'smiles_inds': [34]}, {'functional_group': 'ketone', 'smiles_inds': [13]}]",1.334949091388087e-18
27,bottom,CC(C)(C)[Si]([SiH]1[Si]2(CC[Si]3(OCCOCCOCCOCCOCCO3)[Si]12[Si](C(C)(C)C)(C(C)(C)C)C(C)(C)C)[Si](C(C)(C)C)(C(C)(C)C)C(C)(C)C)(C(C)(C)C)C(C)(C)C,"[22, 19, 16]",[],2.9322562842168425e-18
27,bottom,CC1=C(C)C[Ge]2([Ge]([Ge]2(C1)[Si](C(C)(C)C)(C(C)(C)C)C(C)(C)C)[Si](C(C)(C)C)(C(C)(C)C)C(C)(C)C)[Si](C(C)(C)C)(C(C)(C)C)C(C)(C)C,[6],[],3.5515435200551964e-18
27,bottom,CCCC[P](CCCC)(CCCC)CCP(CCP(CCP(CC[P](CCCC)(CCCC)CCCC)CC[P](CCCC)(CCCC)CCCC)c1ccccc1)CC[P](CCCC)(CCCC)CCCC,"[15, 18, 21]","[{'functional_group': 'methyl', 'smiles_inds': [42]}]",1.6727154590255416e-17
27,bottom,CCCC[P](CCCC)(CCCC)CCP(CCP(CCP(CC[P](CCCC)(CCCC)CCCC)CC[P](CCCC)(CCCC)CCCC)c1ccccc1)CC[P](CCCC)(CCCC)CCCC,"[15, 18, 21]","[{'functional_group': 'carboxyl', 'smiles_inds': [25]}]",2.8047830612944526e-17
27,bottom,C1CCN(C1)P(=Nc1ccc2ccccc2c1c1c(ccc2ccccc12)N=P(N=P(N1CCCC1)(N1CCCC1)N1CCCC1)(N1CCCC1)N1CCCC1)(N=P(N1CCCC1)(N1CCCC1)N1CCCC1)N1CCCC1,"[6, 27]","[{'functional_group': '2-hydroxypyridine', 'smiles_inds': [55]}]",1.1364867337466634e-16
27,bottom,C1CCN(C1)P(=Nc1ccc2ccccc2c1c1c(ccc2ccccc12)N=P(N=P(N1CCCC1)(N1CCCC1)N1CCCC1)(N1CCCC1)N1CCCC1)(N=P(N1CCCC1)(N1CCCC1)N1CCCC1)N1CCCC1,"[6, 27]","[{'functional_group': 'tribromo', 'smiles_inds': [24]}, {'functional_group': 'cyano', 'smiles_inds': [62]}]",4.877127074768016e-16
27,bottom,CCCCCC1c2cc3C(CCCCC)c4cc5C(CCCCC)c6cc7C(CCCCC)c8cc1c1OCOc2cc3OCOc4c(COCC2=NC=CN2C)c5OCOc6c(COCC2=NC=CN2C)c7OCOc8c1COCC1=NC=CN1C,"[52, 67, 82]","[{'functional_group': 'ethyl', 'smiles_inds': [59]}]",3.4434005488615532e-15
27,bottom,C[Si]([Ge]1[Si]2([Ge]([Si]12[Si](C)(C(C)(C)C)C(C)(C)C)[Si](C)(C(C)(C)C)C(C)(C)C)[Si](C)(C(C)(C)C)C(C)(C)C)(C(C)(C)C)C(C)(C)C,"[2, 4]","[{'functional_group': 'carboxyl', 'smiles_inds': [10]}]",6.851633683978171e-15
27,bottom,CCCCCC1c2cc3C(CCCCC)c4cc5C(CCCCC)c6cc7C(CCCCC)c8cc1c1OCOc2cc3OCOc4c(COCC2=NC=CN2C)c5OCOc6c(COCC2=NC=CN2C)c7OCOc8c1COCC1=NC=CN1C,"[52, 67, 82]",[],7.326294322322038e-15
27,bottom,CC(C)(C)c1cc2c(OP(OC3C(CO[Si](c4ccccc4)(c4ccccc4)C(C)(C)C)OC(CO[Si](c4ccccc4)(c4ccccc4)C(C)(C)C)C3OP3Oc4c(cc(cc4C(C)(C)C)C(C)(C)C)c4cc(cc(c4O3)C(C)(C)C)C(C)(C)C)Oc3c2cc(cc3C(C)(C)C)C(C)(C)C)c(c1)C(C)(C)C,"[9, 55]",[],7.371490123656206e-15
27,bottom,COc1cc(P2C3(C)CC4(C)OC(C)(CC2(C)O4)O3)c(cc1OC)P1C2(C)CC3(C)OC(C)(CC1(C)O3)O2,"[5, 24]","[{'functional_group': 'amide', 'smiles_inds': [3]}]",1.409877262882799e-14
27,bottom,CC12CC3(OC(C)(CC(O1)(P3CCCP1C3(CC4(C)OC(C)(CC1(O4)C(F)(F)F)O3)C(F)(F)F)C(F)(F)F)O2)C(F)(F)F,"[10, 14]","[{'functional_group': '2-methylbenzoic_acid', 'smiles_inds': [21]}, {'functional_group': 'carbonyl', 'smiles_inds': [16]}]",2.9875574857369956e-14
27,bottom,COc1cc(P2C3(C)CC4(C)OC(C)(CC2(C)O4)O3)c(cc1OC)P1C2(C)CC3(C)OC(C)(CC1(C)O3)O2,"[5, 24]","[{'functional_group': 'amide', 'smiles_inds': [16]}]",4.2303344532980054e-14
27,bottom,COc1c2Cc3cc(cc(Cc4cc(cc(Cc5cc(cc(Cc6cc(cc(Cc7cc(cc(Cc1cc(c2)N(C)C)c7OCC1=NC=CN1C)C(C)(C)C)c6OC)N(C)C)c5OCC1=NC=CN1C)C(C)(C)C)c4OC)N(C)C)c3OCC1=NC=CN1C)C(C)(C)C,"[84, 65, 46]","[{'functional_group': 'ethyl_ester', 'smiles_inds': [32]}]",4.505065789992196e-14
27,bottom,Cc1cc(C)c(B(CCCP(CCCB(c2c(C)cc(C)cc2C)c2c(C)cc(C)cc2C)CCP(CCCB(c2c(C)cc(C)cc2C)c2c(C)cc(C)cc2C)CCCB(c2c(C)cc(C)cc2C)c2c(C)cc(C)cc2C)c2c(C)cc(C)cc2C)c(C)c1,"[35, 10]",[],4.55586562676691e-14
27,bottom,CC12CC3(C)OC(C)(CC(C)(O1)P3OCc1ccccc1COP1C3(C)CC4(C)OC(C)(CC1(C)O4)O3)O2,"[12, 23]","[{'functional_group': 'cyanimide', 'smiles_inds': [17]}]",9.064620721013354e-14
27,median,CC(C)(C)c1cc(N)c([O-])c(c1)C(C)(C)C,"[9, 7]",[],0.4294039991088461
27,median,N1C(=Nc2c1c1ccccc1c1ccccc21)c1ccc(cc1)c1cc(nc(c1)c1ccccn1)c1ccccn1,"[34, 26, 40]","[{'functional_group': 'methyl', 'smiles_inds': [12]}]",0.4294467630723191
27,median,O=C(NC(=S)Nc1ncccn1)c1ccccc1,"[11, 4]","[{'functional_group': 'aldehyde', 'smiles_inds': [8]}]",0.4294525554195676
27,median,Brc1ccc(cc1)C#Cc1cccnc1,[13],"[{'functional_group': 'trifluro', 'smiles_inds': [14]}]",0.42947913442724756
27,median,CCCN(CCC)C([S-])=NC(=O)c1ccc(Cl)cc1,"[8, 11]","[{'functional_group': 'bromo', 'smiles_inds': [18]}]",0.42952767065369196
27,median,CC(=O)Nc1cccc2cccnc12,[12],"[{'functional_group': 'phosphonate', 'smiles_inds': [11]}, {'functional_group': 'methyl', 'smiles_inds': [6]}]",0.42959074699105193
27,median,S=C(N1CCOCC1)C(=S)N1CCOCC1,"[0, 9]","[{'functional_group': 'hydroxyl', 'smiles_inds': [14]}]",0.4295910682514024
27,median,CC([O-])=CC(C)=NCC1CCCO1,"[2, 12, 6]","[{'functional_group': '2-hydroxypyridine', 'smiles_inds': [8]}]",0.4296500326170371
27,median,N=C(N1N=Cc2ccccc12)c1ccccc1,"[3, 0]",[],0.42969091759711625
27,median,C(NCc1ccccn1)C1=CNC=N1,"[8, 1, 13]","[{'functional_group': '2-hydroxypyridine', 'smiles_inds': [6]}]",0.42974947636900324
27,median,CCC(N)=N,[4],[],0.42976213445826245
27,median,CC(C)(C)c1cc(N)c2ncc3ccccc3c2c1,"[9, 7]",[],0.42977428718634736
27,median,C(CSCC1=CC=CS1)OCCSCC1=CC=CS1,"[2, 9, 12]","[{'functional_group': 'ether', 'smiles_inds': [11]}]",0.4297871703064222
27,median,C=CCCOc1ccc(nc1)c1ccc(OCCC=C)cn1,"[9, 21]",[],0.4297902567919198
27,median,Cc1ccnc(c1)P(=S)(c1cc(C)ccn1)c1cc(C)ccn1,"[4, 15, 22]","[{'functional_group': 'thiol', 'smiles_inds': [10]}, {'functional_group': 'carboxyl', 'smiles_inds': [0]}]",0.4297983046262718
27,median,CN1C=NN(CCSc2ccccc2)[CH-]1,"[7, 14]",[],0.42989816084710564
27,median,Cc1ccc(nc1)N=Cc1cc(cc(c1[O-])C(C)(C)C)C(C)(C)C,"[7, 15, 5]",[],0.4299603320250111
27,median,COC(=O)C([C-]=O)=C(P1C=C(C)C(=C1)C)C(=O)OC,"[8, 5]","[{'functional_group': 'amino', 'smiles_inds': [0]}]",0.4300151262446009
27,median,C1CC2OC32OC13,[4],"[{'functional_group': 'tribromo', 'smiles_inds': [6]}]",0.4300247915112984
27,median,[S-]c1ccccc1P1c2ccccc2SSc2ccccc2P(c2ccccc2[S-])c2ccccc2SSc2ccccc12,"[37, 0, 15, 29, 7, 22]",[],0.4300300999480069
27,top,c1cnc(nc1)c1nc(nc(n1)c1ncccn1)c1ncccn1,"[2, 7, 19]","[{'functional_group': 'carbonyl', 'smiles_inds': [15]}, {'functional_group': 'iodo', 'smiles_inds': [22]}, {'functional_group': 'carboxylate', 'smiles_inds': [0]}, {'functional_group': 'carboxylate', 'smiles_inds': [5]}, {'functional_group': 'cyano', 'smiles_inds': [20]}, {'functional_group': 'carboxylate', 'smiles_inds': [21]}, {'functional_group': 'carboxylate', 'smiles_inds': [1]}, {'functional_group': 'chloro', 'smiles_inds': [14]}]",0.9999999609788093
27,top,c1cnc(nc1)c1nc(nc(n1)c1ncccn1)c1ncccn1,"[2, 7, 19]","[{'functional_group': 'carbonyl', 'smiles_inds': [15]}, {'functional_group': 'iodo', 'smiles_inds': [22]}, {'functional_group': 'carboxylate', 'smiles_inds': [0]}, {'functional_group': 'carboxylate', 'smiles_inds': [5]}, {'functional_group': 'cyano', 'smiles_inds': [20]}, {'functional_group': 'carboxylate', 'smiles_inds': [21]}, {'functional_group': 'phosphonate', 'smiles_inds': [1]}]",0.9999999658935272
27,top,c1cnc(nc1)c1nc(nc(n1)c1ncccn1)c1ncccn1,"[2, 7, 19]","[{'functional_group': 'carbonyl', 'smiles_inds': [15]}, {'functional_group': 'iodo', 'smiles_inds': [22]}, {'functional_group': 'carboxylate', 'smiles_inds': [0]}, {'functional_group': 'carboxylate', 'smiles_inds': [5]}, {'functional_group': 'cyano', 'smiles_inds': [20]}, {'functional_group': 'carboxylate', 'smiles_inds': [21]}, {'functional_group': 'carboxylate', 'smiles_inds': [1]}, {'functional_group': 'cyano', 'smiles_inds': [16]}]",0.9999999666298434
27,top,c1cnc(nc1)c1nc(nc(n1)c1ncccn1)c1ncccn1,"[2, 7, 19]","[{'functional_group': 'carbonyl', 'smiles_inds': [15]}, {'functional_group': 'iodo', 'smiles_inds': [22]}, {'functional_group': 'carboxylate', 'smiles_inds': [0]}, {'functional_group': 'carboxylate', 'smiles_inds': [5]}, {'functional_group': 'cyano', 'smiles_inds': [20]}, {'functional_group': 'carboxylate', 'smiles_inds': [21]}, {'functional_group': 'chloro', 'smiles_inds': [1]}, {'functional_group': 'carboxylate', 'smiles_inds': [16]}]",0.9999999681845252
27,top,c1cnc(nc1)c1nc(nc(n1)c1ncccn1)c1ncccn1,"[2, 7, 19]","[{'functional_group': 'carbonyl', 'smiles_inds': [15]}, {'functional_group': 'iodo', 'smiles_inds': [22]}, {'functional_group': 'carboxylate', 'smiles_inds': [0]}, {'functional_group': 'carboxylate', 'smiles_inds': [5]}, {'functional_group': 'cyano', 'smiles_inds': [20]}, {'functional_group': 'carboxylate', 'smiles_inds': [21]}, {'functional_group': 'carboxylate', 'smiles_inds': [1]}, {'functional_group': 'amino', 'smiles_inds': [14]}]",0.9999999684152744
27,top,c1cnc(nc1)c1nc(nc(n1)c1ncccn1)c1ncccn1,"[2, 7, 19]","[{'functional_group': 'carbonyl', 'smiles_inds': [15]}, {'functional_group': 'iodo', 'smiles_inds': [22]}, {'functional_group': 'carboxylate', 'smiles_inds': [0]}, {'functional_group': 'carboxylate', 'smiles_inds': [5]}, {'functional_group': 'cyano', 'smiles_inds': [20]}, {'functional_group': 'carboxylate', 'smiles_inds': [21]}, {'functional_group': 'carboxylate', 'smiles_inds': [1]}, {'functional_group': 'carboxyllic_acid', 'smiles_inds': [16]}]",0.9999999707247624
27,top,c1cnc(nc1)c1nc(nc(n1)c1ncccn1)c1ncccn1,"[2, 7, 19]","[{'functional_group': 'carbonyl', 'smiles_inds': [15]}, {'functional_group': 'iodo', 'smiles_inds': [22]}, {'functional_group': 'carboxylate', 'smiles_inds': [0]}, {'functional_group': 'carboxylate', 'smiles_inds': [5]}, {'functional_group': 'cyano', 'smiles_inds': [20]}, {'functional_group': 'carboxylate', 'smiles_inds': [21]}, {'functional_group': 'carboxylate', 'smiles_inds': [1]}, {'functional_group': 'carboxyl', 'smiles_inds': [14]}]",0.9999999707247624
27,top,c1cnc(nc1)c1nc(nc(n1)c1ncccn1)c1ncccn1,"[2, 7, 19]","[{'functional_group': 'carbonyl', 'smiles_inds': [15]}, {'functional_group': 'iodo', 'smiles_inds': [22]}, {'functional_group': 'carboxylate', 'smiles_inds': [0]}, {'functional_group': 'carboxylate', 'smiles_inds': [5]}, {'functional_group': 'cyano', 'smiles_inds': [20]}, {'functional_group': 'carboxylate', 'smiles_inds': [21]}, {'functional_group': 'carbonyl', 'smiles_inds': [16]}]",0.9999999723647536
27,top,c1cnc(nc1)c1nc(nc(n1)c1ncccn1)c1ncccn1,"[2, 7, 19]","[{'functional_group': 'carbonyl', 'smiles_inds': [15]}, {'functional_group': 'iodo', 'smiles_inds': [22]}, {'functional_group': 'carboxylate', 'smiles_inds': [0]}, {'functional_group': 'carboxylate', 'smiles_inds': [5]}, {'functional_group': 'cyano', 'smiles_inds': [20]}, {'functional_group': 'carboxylate', 'smiles_inds': [21]}, {'functional_group': 'trichloro', 'smiles_inds': [16]}]",0.9999999743119998
27,top,c1cnc(nc1)c1nc(nc(n1)c1ncccn1)c1ncccn1,"[2, 7, 19]","[{'functional_group': 'carbonyl', 'smiles_inds': [15]}, {'functional_group': 'iodo', 'smiles_inds': [22]}, {'functional_group': 'carboxylate', 'smiles_inds': [0]}, {'functional_group': 'carboxylate', 'smiles_inds': [5]}, {'functional_group': 'cyano', 'smiles_inds': [20]}, {'functional_group': 'carboxylate', 'smiles_inds': [21]}, {'functional_group': 'carboxylate', 'smiles_inds': [1]}, {'functional_group': 'bromo', 'smiles_inds': [16]}]",0.9999999792836516
27,top,c1cnc(nc1)c1nc(nc(n1)c1ncccn1)c1ncccn1,"[2, 7, 19]","[{'functional_group': 'carbonyl', 'smiles_inds': [15]}, {'functional_group': 'iodo', 'smiles_inds': [22]}, {'functional_group': 'carboxylate', 'smiles_inds': [0]}, {'functional_group': 'carboxylate', 'smiles_inds': [5]}, {'functional_group': 'cyano', 'smiles_inds': [20]}, {'functional_group': 'carboxylate', 'smiles_inds': [21]}, {'functional_group': 'trichloro', 'smiles_inds': [1]}]",0.9999999819212068
27,top,c1cnc(nc1)c1nc(nc(n1)c1ncccn1)c1ncccn1,"[2, 7, 19]","[{'functional_group': 'carbonyl', 'smiles_inds': [15]}, {'functional_group': 'iodo', 'smiles_inds': [22]}, {'functional_group': 'carboxylate', 'smiles_inds': [0]}, {'functional_group': 'carboxylate', 'smiles_inds': [5]}, {'functional_group': 'cyano', 'smiles_inds': [20]}, {'functional_group': 'carboxylate', 'smiles_inds': [21]}, {'functional_group': 'carboxylate', 'smiles_inds': [1]}, {'functional_group': 'hydroxyl', 'smiles_inds': [16]}]",0.9999999860000492
27,top,c1cnc(nc1)c1nc(nc(n1)c1ncccn1)c1ncccn1,"[2, 7, 19]","[{'functional_group': 'carbonyl', 'smiles_inds': [15]}, {'functional_group': 'iodo', 'smiles_inds': [22]}, {'functional_group': 'carboxylate', 'smiles_inds': [0]}, {'functional_group': 'carboxylate', 'smiles_inds': [5]}, {'functional_group': 'cyano', 'smiles_inds': [20]}, {'functional_group': 'carboxylate', 'smiles_inds': [21]}, {'functional_group': 'carboxylate', 'smiles_inds': [1]}, {'functional_group': 'amide', 'smiles_inds': [16]}]",0.9999999867528957
27,top,c1cnc(nc1)c1nc(nc(n1)c1ncccn1)c1ncccn1,"[2, 7, 19]","[{'functional_group': 'carbonyl', 'smiles_inds': [15]}, {'functional_group': 'iodo', 'smiles_inds': [22]}, {'functional_group': 'carboxylate', 'smiles_inds': [0]}, {'functional_group': 'carboxylate', 'smiles_inds': [5]}, {'functional_group': 'cyano', 'smiles_inds': [20]}, {'functional_group': 'carboxylate', 'smiles_inds': [21]}, {'functional_group': 'aldehyde', 'smiles_inds': [1]}]",0.9999999894932438
27,top,c1cnc(nc1)c1nc(nc(n1)c1ncccn1)c1ncccn1,"[2, 7, 19]","[{'functional_group': 'carbonyl', 'smiles_inds': [15]}, {'functional_group': 'iodo', 'smiles_inds': [22]}, {'functional_group': 'carboxylate', 'smiles_inds': [0]}, {'functional_group': 'carboxylate', 'smiles_inds': [5]}, {'functional_group': 'cyano', 'smiles_inds': [20]}, {'functional_group': 'carboxylate', 'smiles_inds': [21]}, {'functional_group': 'carboxylate', 'smiles_inds': [1]}, {'functional_group': 'carbonyl', 'smiles_inds': [16]}]",0.9999999915623362
27,top,c1cnc(nc1)c1nc(nc(n1)c1ncccn1)c1ncccn1,"[2, 7, 19]","[{'functional_group': 'carbonyl', 'smiles_inds': [15]}, {'functional_group': 'iodo', 'smiles_inds': [22]}, {'functional_group': 'carboxylate', 'smiles_inds': [0]}, {'functional_group': 'carboxylate', 'smiles_inds': [5]}, {'functional_group': 'cyano', 'smiles_inds': [20]}, {'functional_group': 'carboxylate', 'smiles_inds': [21]}, {'functional_group': 'carboxylate', 'smiles_inds': [1]}, {'functional_group': 'methyl', 'smiles_inds': [16]}]",0.9999999917492294
27,top,c1cnc(nc1)c1nc(nc(n1)c1ncccn1)c1ncccn1,"[2, 7, 19]","[{'functional_group': 'carbonyl', 'smiles_inds': [15]}, {'functional_group': 'iodo', 'smiles_inds': [22]}, {'functional_group': 'carboxylate', 'smiles_inds': [0]}, {'functional_group': 'carboxylate', 'smiles_inds': [5]}, {'functional_group': 'cyano', 'smiles_inds': [20]}, {'functional_group': 'carboxylate', 'smiles_inds': [21]}, {'functional_group': 'carboxylate', 'smiles_inds': [1]}, {'functional_group': 'trichloro', 'smiles_inds': [16]}]",0.9999999921568744
27,top,c1cnc(nc1)c1nc(nc(n1)c1ncccn1)c1ncccn1,"[2, 7, 19]","[{'functional_group': 'carbonyl', 'smiles_inds': [15]}, {'functional_group': 'iodo', 'smiles_inds': [22]}, {'functional_group': 'carboxylate', 'smiles_inds': [0]}, {'functional_group': 'carboxylate', 'smiles_inds': [5]}, {'functional_group': 'cyano', 'smiles_inds': [20]}, {'functional_group': 'carboxylate', 'smiles_inds': [21]}, {'functional_group': 'carboxylate', 'smiles_inds': [1]}, {'functional_group': 'tribromo', 'smiles_inds': [16]}]",0.9999999926557845
27,top,c1cnc(nc1)c1nc(nc(n1)c1ncccn1)c1ncccn1,"[2, 7, 19]","[{'functional_group': 'carbonyl', 'smiles_inds': [15]}, {'functional_group': 'iodo', 'smiles_inds': [22]}, {'functional_group': 'carboxylate', 'smiles_inds': [0]}, {'functional_group': 'carboxylate', 'smiles_inds': [5]}, {'functional_group': 'cyano', 'smiles_inds': [20]}, {'functional_group': 'carboxylate', 'smiles_inds': [21]}, {'functional_group': 'carboxylate', 'smiles_inds': [1]}, {'functional_group': 'aldehyde', 'smiles_inds': [16]}]",0.9999999954418524
27,top,c1cnc(nc1)c1nc(nc(n1)c1ncccn1)c1ncccn1,"[2, 7, 19]","[{'functional_group': 'carbonyl', 'smiles_inds': [15]}, {'functional_group': 'iodo', 'smiles_inds': [22]}, {'functional_group': 'carboxylate', 'smiles_inds': [0]}, {'functional_group': 'carboxylate', 'smiles_inds': [5]}, {'functional_group': 'cyano', 'smiles_inds': [20]}, {'functional_group': 'carboxylate', 'smiles_inds': [21]}, {'functional_group': 'carboxylate', 'smiles_inds': [1]}, {'functional_group': 'carboxylate', 'smiles_inds': [14]}]",0.999999998717515
28,bottom,CC1=C(C)C[Ge]2([Ge]([Ge]2(C1)[Si](C(C)(C)C)(C(C)(C)C)C(C)(C)C)[Si](C(C)(C)C)(C(C)(C)C)C(C)(C)C)[Si](C(C)(C)C)(C(C)(C)C)C(C)(C)C,[6],"[{'functional_group': 'methyl', 'smiles_inds': [43]}, {'functional_group': '2-methylbenzoic_acid', 'smiles_inds': [0]}]",5.226794969946004e-19
28,bottom,CC1=C(C)C[Ge]2([Ge]([Ge]2(C1)[Si](C(C)(C)C)(C(C)(C)C)C(C)(C)C)[Si](C(C)(C)C)(C(C)(C)C)C(C)(C)C)[Si](C(C)(C)C)(C(C)(C)C)C(C)(C)C,[6],[],2.1940299078069685e-18
28,bottom,CC(C)(C)[Si]([SiH]1[Si]2(CC[Si]3(OCCOCCOCCOCCOCCO3)[Si]12[Si](C(C)(C)C)(C(C)(C)C)C(C)(C)C)[Si](C(C)(C)C)(C(C)(C)C)C(C)(C)C)(C(C)(C)C)C(C)(C)C,"[22, 19, 16]",[],2.2111985415414705e-18
28,bottom,CP(CCP(C)c1c(cc(cc1C([Si](C)(C)C)[Si](C)(C)C)C([Si](C)(C)C)([Si](C)(C)C)[Si](C)(C)C)C([Si](C)(C)C)[Si](C)(C)C)c1c(cc(cc1C([Si](C)(C)C)[Si](C)(C)C)C([Si](C)(C)C)([Si](C)(C)C)[Si](C)(C)C)C([Si-](C)C)[Si](C)(C)C,"[4, 72, 1]","[{'functional_group': 'hydroxyl', 'smiles_inds': [24]}]",4.342623148056437e-18
28,bottom,C1CCN(C1)P(=Nc1ccc2ccccc2c1c1c(ccc2ccccc12)N=P(N=P(N1CCCC1)(N1CCCC1)N1CCCC1)(N1CCCC1)N1CCCC1)(N=P(N1CCCC1)(N1CCCC1)N1CCCC1)N1CCCC1,"[6, 27]","[{'functional_group': 'ethyl_ester', 'smiles_inds': [12]}]",7.095416970256922e-18
28,bottom,C1CCN(C1)P(=Nc1ccc2ccccc2c1c1c(ccc2ccccc12)N=P(N=P(N1CCCC1)(N1CCCC1)N1CCCC1)(N1CCCC1)N1CCCC1)(N=P(N1CCCC1)(N1CCCC1)N1CCCC1)N1CCCC1,"[6, 27]",[],1.5468211873962762e-17
28,bottom,C[Si](C)(C)c1cc(cc(c1)[Si](C)(C)C)P(c1cc(cc(c1)[Si](C)(C)C)[Si](C)(C)C)c1ccccc1P(c1cc(cc(c1)[Si](C)(C)C)[Si](C)(C)C)c1cc(cc(c1)[Si](C)(C)C)[Si](C)(C)C,"[35, 14]",[],1.8381040956235354e-17
28,bottom,CP(CCP(C)c1c(cc(cc1C([Si](C)(C)C)[Si](C)(C)C)C([Si](C)(C)C)([Si](C)(C)C)[Si](C)(C)C)C([Si](C)(C)C)[Si](C)(C)C)c1c(cc(cc1C([Si](C)(C)C)[Si](C)(C)C)C([Si](C)(C)C)([Si](C)(C)C)[Si](C)(C)C)C([Si-](C)C)[Si](C)(C)C,"[4, 72, 1]","[{'functional_group': 'carboxyl', 'smiles_inds': [51]}, {'functional_group': 'cyano', 'smiles_inds': [3]}]",2.2375133234022584e-17
28,bottom,C[Si](C)(C)c1cc(cc(c1)[Si](C)(C)C)P(c1cc(cc(c1)[Si](C)(C)C)[Si](C)(C)C)c1ccccc1P(c1cc(cc(c1)[Si](C)(C)C)[Si](C)(C)C)c1cc(cc(c1)[Si](C)(C)C)[Si](C)(C)C,"[35, 14]","[{'functional_group': 'iodo', 'smiles_inds': [23]}]",2.9489590539709726e-17
28,bottom,C[Si](C)(C)c1cc(cc(c1)[Si](C)(C)C)P(c1cc(cc(c1)[Si](C)(C)C)[Si](C)(C)C)c1ccccc1P(c1cc(cc(c1)[Si](C)(C)C)[Si](C)(C)C)c1cc(cc(c1)[Si](C)(C)C)[Si](C)(C)C,"[35, 14]","[{'functional_group': 'trichloro', 'smiles_inds': [22]}]",7.695228499220507e-17
28,bottom,C[Si](C)(C)C(c1cc(C([Si](C)(C)C)[Si](C)(C)C)c([Se]c2ccccc2Sc2ccccc2Sc2ccccc2[Se]c2c(cc(cc2C([Si](C)(C)C)[Si](C)(C)C)C([Si](C)(C)C)[Si](C)(C)C)C([Si](C)(C)C)[Si](C)(C)C)c(c1)C([Si](C)(C)C)[Si](C)(C)C)[Si](C)(C)C,"[25, 32]","[{'functional_group': 'cyano', 'smiles_inds': [27]}]",3.5456353304932156e-16
28,bottom,C[Si](C)(C)C(c1cc(C([Si](C)(C)C)[Si](C)(C)C)c([Se]c2ccccc2Sc2ccccc2Sc2ccccc2[Se]c2c(cc(cc2C([Si](C)(C)C)[Si](C)(C)C)C([Si](C)(C)C)[Si](C)(C)C)C([Si](C)(C)C)[Si](C)(C)C)c(c1)C([Si](C)(C)C)[Si](C)(C)C)[Si](C)(C)C,"[25, 32]","[{'functional_group': 'hydroxyl', 'smiles_inds': [85]}]",6.760695916268234e-16
28,bottom,C[Si]([Ge]1[Si]2([Ge]([Si]12[Si](C)(C(C)(C)C)C(C)(C)C)[Si](C)(C(C)(C)C)C(C)(C)C)[Si](C)(C(C)(C)C)C(C)(C)C)(C(C)(C)C)C(C)(C)C,"[2, 4]","[{'functional_group': 'ethyl_ester', 'smiles_inds': [42]}, {'functional_group': 'methyl_ester', 'smiles_inds': [35]}]",1.3063713217472276e-15
28,bottom,CCCCCC1c2cc3C(CCCCC)c4cc5C(CCCCC)c6cc7C(CCCCC)c8cc1c1OCOc2cc3OCOc4c(COCC2=NC=CN2C)c5OCOc6c(COCC2=NC=CN2C)c7OCOc8c1COCC1=NC=CN1C,"[52, 67, 82]","[{'functional_group': 'ketone', 'smiles_inds': [5]}]",1.78208990923879e-15
28,bottom,CC(C)(C)c1cc(C(c2cc(cc(c2OCCNC(=O)CP(=O)(c2ccccc2)c2ccccc2)C(C)(C)C)C(C)(C)C)c2cc(cc(c2OCCNC(=O)CP(=O)(c2ccccc2)c2ccccc2)C(C)(C)C)C(C)(C)C)c(OCCNC(=O)CP(=O)(c2ccccc2)c2ccccc2)c(c1)C(C)(C)C,"[19, 22, 54, 57, 84, 87]","[{'functional_group': '2-methylbenzoic_acid', 'smiles_inds': [52]}, {'functional_group': 'cyano', 'smiles_inds': [7]}]",3.266083140924198e-15
28,bottom,CCCCCC1c2cc3C(CCCCC)c4cc5C(CCCCC)c6cc7C(CCCCC)c8cc1c1OCOc2cc3OCOc4c(COCC2=NC=CN2C)c5OCOc6c(COCC2=NC=CN2C)c7OCOc8c1COCC1=NC=CN1C,"[52, 67, 82]","[{'functional_group': 'amino', 'smiles_inds': [54]}]",3.974410604731044e-15
28,bottom,C[Si](C)(C)C(c1cc(C([Si](C)(C)C)[Si](C)(C)C)c(Sc2ccccc2[Se]c2ccccc2[Se]c2ccccc2Sc2c(cc(cc2C([Si](C)(C)C)[Si](C)(C)C)C([Si](C)(C)C)[Si](C)(C)C)C([Si](C)(C)C)[Si](C)(C)C)c(c1)C([Si](C)(C)C)[Si](C)(C)C)[Si](C)(C)C,"[25, 32]",[],6.1694592166671006e-15
28,bottom,CN(C)P(=NP(N=P(N(C)C)(N(C)C)N(C)C)N=P(N(C)C)(N(C)C)N(C)C)(N=P(N(C)C)(N(C)C)N(C)C)N(C)C,[5],"[{'functional_group': 'ethyl_ester', 'smiles_inds': [2]}, {'functional_group': 'methyl_ester', 'smiles_inds': [32]}]",6.8086550082846186e-15
28,bottom,C[Si]([Ge]1[Si]2([Ge]([Si]12[Si](C)(C(C)(C)C)C(C)(C)C)[Si](C)(C(C)(C)C)C(C)(C)C)[Si](C)(C(C)(C)C)C(C)(C)C)(C(C)(C)C)C(C)(C)C,"[2, 4]","[{'functional_group': 'hydroxyl', 'smiles_inds': [24]}]",9.229907565603801e-15
28,bottom,CCCCCC1c2cc3C(CCCCC)c4cc5C(CCCCC)c6cc7C(CCCCC)c8cc1c1OCOc2cc3OCOc4c(COCC2=NC=CN2C)c5OCOc6c(COCC2=NC=CN2C)c7OCOc8c1COCC1=NC=CN1C,"[52, 67, 82]","[{'functional_group': 'fluoro', 'smiles_inds': [28]}, {'functional_group': 'ketone', 'smiles_inds': [63]}]",9.567729662388257e-15
28,median,Cc1cccc(c1)N=C(C)C=C([O-])c1ccccc1,"[12, 7]","[{'functional_group': 'methyl_ester', 'smiles_inds': [2]}]",0.4394038631357301
28,median,CN1C=C(C=NCCc2ccccn2)N=N1,"[1, 5, 14]","[{'functional_group': 'methyl', 'smiles_inds': [2]}, {'functional_group': 'amino', 'smiles_inds': [10]}]",0.43954541040479833
28,median,CCNC(=S)NN=CC1=Cc2ccccc2NC1=O,"[4, 6, 18]",[],0.4396240648350025
28,median,C(NCc1ccccn1)C1=CNC=N1,"[8, 1, 13]","[{'functional_group': 'cyano', 'smiles_inds': [12]}]",0.4397794444126151
28,median,Cc1cccc(C(=O)[O-])c1N=NC1=C([O-])N(N=C1C)c1ccc(Br)cc1,"[14, 8, 10]","[{'functional_group': 'carboxylate', 'smiles_inds': [4]}]",0.4397963087972556
28,median,CC(=NNc1c(F)c(F)c(F)c(F)c1F)c1ccccn1,"[20, 2]","[{'functional_group': '2-hydroxypyridine', 'smiles_inds': [17]}, {'functional_group': 'chloro', 'smiles_inds': [0]}]",0.43980801834511773
28,median,c1ccc(nc1)N=Nc1ccccc1c1cccc[c-]1,"[19, 4, 7]","[{'functional_group': 'hydroxyl', 'smiles_inds': [5]}]",0.4399123148847571
28,median,Nc1ncnc2N(Cc3ccc(nc3)c3ccccn3)C=Nc12,"[4, 19]",[],0.4399149300255958
28,median,C(N1C=CC(=N1)c1ccccn1)c1cccnc1,"[1, 5]",[],0.439956825164626
28,median,CCCN(CCC)C([S-])=NC(=O)c1cc(cc(c1)N(=O)=O)N(=O)=O,"[8, 11]","[{'functional_group': 'carbonyl', 'smiles_inds': [6]}]",0.4399902202982767
28,median,O=C([N-]CC1=CC=CO1)c1ccccn1,"[14, 2]","[{'functional_group': 'hydroxyl', 'smiles_inds': [13]}]",0.44007403757619057
28,median,O=C(C1=NC=CN1)C1=NC=CN1,"[3, 8]","[{'functional_group': 'cyano', 'smiles_inds': [10]}, {'functional_group': 'ether', 'smiles_inds': [9]}]",0.44008037439323067
28,median,CCN(CC)c1ccc2N=C(Oc2c1)c1cc(Br)cc(Br)c1[O-],"[22, 9]","[{'functional_group': 'trifluro', 'smiles_inds': [0]}, {'functional_group': 'cyano', 'smiles_inds': [13]}]",0.4401074685343533
28,median,CNC([S-])=NN=C(C)C=Cc1ccccc1,"[5, 3]","[{'functional_group': 'chloro', 'smiles_inds': [8]}]",0.44012555552236615
28,median,NC1=NN=NN1C=C,[2],"[{'functional_group': 'cyanimide', 'smiles_inds': [7]}]",0.44014152357906805
28,median,Fc1ccc(cc1)C1=NC(=NN1)c1ccccn1,"[8, 17]","[{'functional_group': 'trifluro', 'smiles_inds': [14]}, {'functional_group': 'cyanimide', 'smiles_inds': [3]}, {'functional_group': 'amino', 'smiles_inds': [15]}]",0.44014382840106064
28,median,CC(=O)Nc1ccccn1,[9],"[{'functional_group': 'tribromo', 'smiles_inds': [0]}, {'functional_group': 'trifluro', 'smiles_inds': [6]}]",0.440227818208807
28,median,S=P(c1ccccn1)(c1ccccn1)c1ccccn1,"[7, 13, 19]","[{'functional_group': 'fluoro', 'smiles_inds': [6]}]",0.440239297973434
28,median,Oc1ccccc1C([O-])NN=CC(Br)=Cc1ccccc1,"[10, 8, 13]",[],0.440284102604175
28,median,O=C(C=Cc1ccccc1)N1CCc2cccnc12,"[0, 17]","[{'functional_group': 'aldehyde', 'smiles_inds': [16]}]",0.4403183828580876
28,top,c1cnc(nc1)c1nc(nc(n1)c1ncccn1)c1ncccn1,"[2, 7, 19]","[{'functional_group': 'carbonyl', 'smiles_inds': [15]}, {'functional_group': 'iodo', 'smiles_inds': [22]}, {'functional_group': 'carboxylate', 'smiles_inds': [0]}, {'functional_group': 'carboxylate', 'smiles_inds': [5]}, {'functional_group': 'cyano', 'smiles_inds': [20]}, {'functional_group': 'carboxylate', 'smiles_inds': [21]}, {'functional_group': 'chloro', 'smiles_inds': [1]}, {'functional_group': 'carboxylate', 'smiles_inds': [16]}]",0.999999986482935
28,top,c1cnc(nc1)c1nc(nc(n1)c1ncccn1)c1ncccn1,"[2, 7, 19]","[{'functional_group': 'carbonyl', 'smiles_inds': [15]}, {'functional_group': 'iodo', 'smiles_inds': [22]}, {'functional_group': 'carboxylate', 'smiles_inds': [0]}, {'functional_group': 'carboxylate', 'smiles_inds': [5]}, {'functional_group': 'cyano', 'smiles_inds': [20]}, {'functional_group': 'carboxylate', 'smiles_inds': [21]}, {'functional_group': 'carboxylate', 'smiles_inds': [1]}, {'functional_group': 'carboxyl', 'smiles_inds': [16]}]",0.9999999891875871
28,top,c1cnc(nc1)c1nc(nc(n1)c1ncccn1)c1ncccn1,"[2, 7, 19]","[{'functional_group': 'carbonyl', 'smiles_inds': [15]}, {'functional_group': 'iodo', 'smiles_inds': [22]}, {'functional_group': 'carboxylate', 'smiles_inds': [0]}, {'functional_group': 'carboxylate', 'smiles_inds': [5]}, {'functional_group': 'cyano', 'smiles_inds': [20]}, {'functional_group': 'carboxylate', 'smiles_inds': [21]}, {'functional_group': 'ethyl', 'smiles_inds': [16]}, {'functional_group': 'carboxylate', 'smiles_inds': [14]}]",0.9999999902893019
28,top,c1cnc(nc1)c1nc(nc(n1)c1ncccn1)c1ncccn1,"[2, 7, 19]","[{'functional_group': 'carbonyl', 'smiles_inds': [15]}, {'functional_group': 'iodo', 'smiles_inds': [22]}, {'functional_group': 'carboxylate', 'smiles_inds': [0]}, {'functional_group': 'carboxylate', 'smiles_inds': [20]}]",0.9999999904356843
28,top,c1cnc(nc1)c1nc(nc(n1)c1ncccn1)c1ncccn1,"[2, 7, 19]","[{'functional_group': 'carbonyl', 'smiles_inds': [15]}, {'functional_group': 'iodo', 'smiles_inds': [22]}, {'functional_group': 'carboxylate', 'smiles_inds': [0]}, {'functional_group': 'carboxylate', 'smiles_inds': [5]}, {'functional_group': 'cyano', 'smiles_inds': [20]}, {'functional_group': 'carboxylate', 'smiles_inds': [21]}, {'functional_group': 'carboxylate', 'smiles_inds': [1]}, {'functional_group': 'bromo', 'smiles_inds': [16]}]",0.9999999913097569
28,top,c1cnc(nc1)c1nc(nc(n1)c1ncccn1)c1ncccn1,"[2, 7, 19]","[{'functional_group': 'carbonyl', 'smiles_inds': [15]}, {'functional_group': 'iodo', 'smiles_inds': [22]}, {'functional_group': 'carboxylate', 'smiles_inds': [0]}, {'functional_group': 'carboxylate', 'smiles_inds': [5]}, {'functional_group': 'cyano', 'smiles_inds': [20]}, {'functional_group': 'carboxylate', 'smiles_inds': [21]}, {'functional_group': 'carboxylate', 'smiles_inds': [1]}, {'functional_group': 'thiol', 'smiles_inds': [16]}]",0.9999999927215599
28,top,c1cnc(nc1)c1nc(nc(n1)c1ncccn1)c1ncccn1,"[2, 7, 19]","[{'functional_group': 'carbonyl', 'smiles_inds': [15]}, {'functional_group': 'iodo', 'smiles_inds': [22]}, {'functional_group': 'carboxylate', 'smiles_inds': [0]}, {'functional_group': 'carboxylate', 'smiles_inds': [5]}, {'functional_group': 'cyano', 'smiles_inds': [20]}, {'functional_group': 'carboxylate', 'smiles_inds': [21]}, {'functional_group': 'aldehyde', 'smiles_inds': [14]}]",0.9999999929481453
28,top,c1cnc(nc1)c1nc(nc(n1)c1ncccn1)c1ncccn1,"[2, 7, 19]","[{'functional_group': 'carbonyl', 'smiles_inds': [15]}, {'functional_group': 'iodo', 'smiles_inds': [22]}, {'functional_group': 'carboxylate', 'smiles_inds': [0]}, {'functional_group': 'carboxylate', 'smiles_inds': [5]}, {'functional_group': 'cyano', 'smiles_inds': [20]}, {'functional_group': 'carboxylate', 'smiles_inds': [21]}, {'functional_group': 'aldehyde', 'smiles_inds': [16]}]",0.9999999929481453
28,top,c1cnc(nc1)c1nc(nc(n1)c1ncccn1)c1ncccn1,"[2, 7, 19]","[{'functional_group': 'carbonyl', 'smiles_inds': [15]}, {'functional_group': 'iodo', 'smiles_inds': [22]}, {'functional_group': 'carboxylate', 'smiles_inds': [0]}, {'functional_group': 'carboxylate', 'smiles_inds': [5]}, {'functional_group': 'cyano', 'smiles_inds': [20]}, {'functional_group': 'carboxylate', 'smiles_inds': [21]}, {'functional_group': 'carboxylate', 'smiles_inds': [14]}, {'functional_group': 'amide', 'smiles_inds': [16]}]",0.9999999937269366
28,top,c1cnc(nc1)c1nc(nc(n1)c1ncccn1)c1ncccn1,"[2, 7, 19]","[{'functional_group': 'carbonyl', 'smiles_inds': [15]}, {'functional_group': 'iodo', 'smiles_inds': [22]}, {'functional_group': 'carboxylate', 'smiles_inds': [0]}, {'functional_group': 'carboxylate', 'smiles_inds': [5]}, {'functional_group': 'cyano', 'smiles_inds': [20]}, {'functional_group': 'carboxylate', 'smiles_inds': [21]}, {'functional_group': 'carboxylate', 'smiles_inds': [1]}, {'functional_group': 'hydroxyl', 'smiles_inds': [14]}]",0.9999999939251392
28,top,c1cnc(nc1)c1nc(nc(n1)c1ncccn1)c1ncccn1,"[2, 7, 19]","[{'functional_group': 'carbonyl', 'smiles_inds': [15]}, {'functional_group': 'iodo', 'smiles_inds': [22]}, {'functional_group': 'carboxylate', 'smiles_inds': [0]}, {'functional_group': 'carboxylate', 'smiles_inds': [5]}, {'functional_group': 'cyano', 'smiles_inds': [20]}, {'functional_group': 'carboxylate', 'smiles_inds': [21]}, {'functional_group': 'ketone', 'smiles_inds': [1]}]",0.9999999941091386
28,top,c1cnc(nc1)c1nc(nc(n1)c1ncccn1)c1ncccn1,"[2, 7, 19]","[{'functional_group': 'carbonyl', 'smiles_inds': [15]}, {'functional_group': 'iodo', 'smiles_inds': [22]}, {'functional_group': 'carboxylate', 'smiles_inds': [0]}, {'functional_group': 'carboxylate', 'smiles_inds': [5]}, {'functional_group': 'cyano', 'smiles_inds': [20]}, {'functional_group': 'carboxylate', 'smiles_inds': [21]}, {'functional_group': 'carboxylate', 'smiles_inds': [1]}, {'functional_group': 'phosphonate', 'smiles_inds': [16]}]",0.9999999945017424
28,top,c1cnc(nc1)c1nc(nc(n1)c1ncccn1)c1ncccn1,"[2, 7, 19]","[{'functional_group': 'carbonyl', 'smiles_inds': [15]}, {'functional_group': 'iodo', 'smiles_inds': [22]}, {'functional_group': 'carboxylate', 'smiles_inds': [0]}, {'functional_group': 'carboxylate', 'smiles_inds': [5]}, {'functional_group': 'cyano', 'smiles_inds': [20]}, {'functional_group': 'carboxylate', 'smiles_inds': [21]}, {'functional_group': 'carboxylate', 'smiles_inds': [1]}, {'functional_group': 'amide', 'smiles_inds': [16]}]",0.9999999945076898
28,top,c1cnc(nc1)c1nc(nc(n1)c1ncccn1)c1ncccn1,"[2, 7, 19]","[{'functional_group': 'carbonyl', 'smiles_inds': [15]}, {'functional_group': 'iodo', 'smiles_inds': [22]}, {'functional_group': 'carboxylate', 'smiles_inds': [0]}, {'functional_group': 'carboxylate', 'smiles_inds': [5]}, {'functional_group': 'cyano', 'smiles_inds': [20]}, {'functional_group': 'carboxylate', 'smiles_inds': [21]}, {'functional_group': 'trifluro', 'smiles_inds': [14]}, {'functional_group': 'carboxylate', 'smiles_inds': [1]}]",0.9999999948953233
28,top,c1cnc(nc1)c1nc(nc(n1)c1ncccn1)c1ncccn1,"[2, 7, 19]","[{'functional_group': 'carbonyl', 'smiles_inds': [15]}, {'functional_group': 'iodo', 'smiles_inds': [22]}, {'functional_group': 'carboxylate', 'smiles_inds': [0]}, {'functional_group': 'carboxylate', 'smiles_inds': [5]}, {'functional_group': 'cyano', 'smiles_inds': [20]}, {'functional_group': 'carboxylate', 'smiles_inds': [21]}, {'functional_group': 'carboxylate', 'smiles_inds': [1]}, {'functional_group': '2-hydroxypyridine', 'smiles_inds': [14]}]",0.9999999958355075
28,top,c1cnc(nc1)c1nc(nc(n1)c1ncccn1)c1ncccn1,"[2, 7, 19]","[{'functional_group': 'carbonyl', 'smiles_inds': [15]}, {'functional_group': 'iodo', 'smiles_inds': [22]}, {'functional_group': 'carboxylate', 'smiles_inds': [0]}, {'functional_group': 'carboxylate', 'smiles_inds': [5]}, {'functional_group': 'cyano', 'smiles_inds': [20]}, {'functional_group': 'carboxylate', 'smiles_inds': [21]}, {'functional_group': 'carboxylate', 'smiles_inds': [1]}, {'functional_group': 'tribromo', 'smiles_inds': [16]}]",0.9999999968676483
28,top,c1cnc(nc1)c1nc(nc(n1)c1ncccn1)c1ncccn1,"[2, 7, 19]","[{'functional_group': 'carbonyl', 'smiles_inds': [15]}, {'functional_group': 'iodo', 'smiles_inds': [22]}, {'functional_group': 'carboxylate', 'smiles_inds': [0]}, {'functional_group': 'carboxylate', 'smiles_inds': [5]}, {'functional_group': 'cyano', 'smiles_inds': [20]}, {'functional_group': 'carboxylate', 'smiles_inds': [21]}, {'functional_group': 'carboxylate', 'smiles_inds': [1]}, {'functional_group': 'ketone', 'smiles_inds': [14]}]",0.9999999977826282
28,top,c1cnc(nc1)c1nc(nc(n1)c1ncccn1)c1ncccn1,"[2, 7, 19]","[{'functional_group': 'carbonyl', 'smiles_inds': [15]}, {'functional_group': 'iodo', 'smiles_inds': [22]}, {'functional_group': 'carboxylate', 'smiles_inds': [0]}, {'functional_group': 'carboxylate', 'smiles_inds': [5]}, {'functional_group': 'cyano', 'smiles_inds': [20]}, {'functional_group': 'carboxylate', 'smiles_inds': [21]}, {'functional_group': 'carboxylate', 'smiles_inds': [1]}, {'functional_group': 'ketone', 'smiles_inds': [16]}]",0.9999999977826282
28,top,c1cnc(nc1)c1nc(nc(n1)c1ncccn1)c1ncccn1,"[2, 7, 19]","[{'functional_group': 'carbonyl', 'smiles_inds': [15]}, {'functional_group': 'iodo', 'smiles_inds': [22]}, {'functional_group': 'carboxylate', 'smiles_inds': [0]}, {'functional_group': 'carboxylate', 'smiles_inds': [5]}, {'functional_group': 'cyano', 'smiles_inds': [20]}, {'functional_group': 'carboxylate', 'smiles_inds': [21]}, {'functional_group': 'carboxylate', 'smiles_inds': [1]}, {'functional_group': 'carboxylate', 'smiles_inds': [14]}]",0.9999999994682918
28,top,c1cnc(nc1)c1nc(nc(n1)c1ncccn1)c1ncccn1,"[2, 7, 19]","[{'functional_group': 'carbonyl', 'smiles_inds': [15]}, {'functional_group': 'iodo', 'smiles_inds': [22]}, {'functional_group': 'carboxylate', 'smiles_inds': [0]}, {'functional_group': 'carboxylate', 'smiles_inds': [5]}, {'functional_group': 'cyano', 'smiles_inds': [20]}, {'functional_group': 'carboxylate', 'smiles_inds': [21]}, {'functional_group': 'carboxylate', 'smiles_inds': [1]}, {'functional_group': 'carboxylate', 'smiles_inds': [16]}]",0.9999999994682918
29,bottom,CC(C)(C)[Si]([SiH]1[Si]2(CC[Si]3(OCCOCCOCCOCCOCCO3)[Si]12[Si](C(C)(C)C)(C(C)(C)C)C(C)(C)C)[Si](C(C)(C)C)(C(C)(C)C)C(C)(C)C)(C(C)(C)C)C(C)(C)C,"[22, 19, 16]","[{'functional_group': 'ethyl_ester', 'smiles_inds': [14]}]",3.5817984265777716e-36
29,bottom,CC1=C(C)C[Ge]2([Ge]([Ge]2(C1)[Si](C(C)(C)C)(C(C)(C)C)C(C)(C)C)[Si](C(C)(C)C)(C(C)(C)C)C(C)(C)C)[Si](C(C)(C)C)(C(C)(C)C)C(C)(C)C,[6],"[{'functional_group': 'fluoro', 'smiles_inds': [20]}, {'functional_group': 'ether', 'smiles_inds': [41]}]",1.5467996440462863e-34
29,bottom,O=C1N2CN3C(=O)N4CN5C(=O)N6CN7C(=O)N8CN9C(=O)N%10CN%11C(=O)N%12CN1C1%13CCCCC21N1CN2C(=O)N(CN%14C(=O)N(CN%15C(=O)N(CN%16C(=O)N(CN%17C(=O)N(CN%13C1=O)C1%12CCCCC%11%171)C1%10CCCCC9%161)C18CCCCC7%151)C16CCCCC5%141)C14CCCCC321,"[26, 0, 6]","[{'functional_group': 'cyanimide', 'smiles_inds': [52]}, {'functional_group': 'aldehyde', 'smiles_inds': [47]}, {'functional_group': 'carboxylate', 'smiles_inds': [94]}]",3.113842511064389e-33
29,bottom,C1CCN(C1)P(=Nc1ccc2ccccc2c1c1c(ccc2ccccc12)N=P(N=P(N1CCCC1)(N1CCCC1)N1CCCC1)(N1CCCC1)N1CCCC1)(N=P(N1CCCC1)(N1CCCC1)N1CCCC1)N1CCCC1,"[6, 27]",[],1.119033040491625e-32
29,bottom,CC(C)(C)P(P1P(P(P1C(C)(C)C)C(C)(C)C)C(C)(C)C)P1P(P(P1C(C)(C)C)C(C)(C)C)C(C)(C)C,[4],"[{'functional_group': 'carboxyl', 'smiles_inds': [12]}, {'functional_group': 'fluoro', 'smiles_inds': [11]}, {'functional_group': 'fluoro', 'smiles_inds': [18]}]",3.132983170772995e-32
29,bottom,O=C1N2CN3C(=O)N4CN5C(=O)N6CN7C(=O)N8CN9C(=O)N%10CN%11C(=O)N%12CN1C1%13CCCC21N1CN2C(=O)N(CN%14C(=O)N(CN%15C(=O)N(CN%16C(=O)N(CN%17C(=O)N(CN%13C1=O)C1%12CCCC%11%171)C1%10CCCC9%161)C18CCCC7%151)C16CCCC5%141)C14CCCC321,"[54, 59]","[{'functional_group': 'iodo', 'smiles_inds': [31]}, {'functional_group': 'carbonyl', 'smiles_inds': [77]}]",2.003980124143179e-30
29,bottom,C1CCN(C1)P(=Nc1ccc2ccccc2c1c1c(ccc2ccccc12)N=P(N=P(N1CCCC1)(N1CCCC1)N1CCCC1)(N1CCCC1)N1CCCC1)(N=P(N1CCCC1)(N1CCCC1)N1CCCC1)N1CCCC1,"[6, 27]","[{'functional_group': 'ether', 'smiles_inds': [39]}, {'functional_group': 'trichloro', 'smiles_inds': [42]}]",3.2761280968491004e-30
29,bottom,O=C1N2CN3C(=O)N4CN5C(=O)N6CN7C(=O)N8CN9C(=O)N%10CN%11C(=O)N%12CN1C1%13CCCC21N1CN2C(=O)N(CN%14C(=O)N(CN%15C(=O)N(CN%16C(=O)N(CN%17C(=O)N(CN%13C1=O)C1%12CCCC%11%171)C1%10CCCC9%161)C18CCCC7%151)C16CCCC5%141)C14CCCC321,"[54, 59]","[{'functional_group': '2-hydroxypyridine', 'smiles_inds': [72]}, {'functional_group': 'aldehyde', 'smiles_inds': [33]}]",3.5045536839358145e-30
29,bottom,C[Si](C)(C)c1cc(cc(c1)[Si](C)(C)C)P(c1cc(cc(c1)[Si](C)(C)C)[Si](C)(C)C)c1ccccc1P(c1cc(cc(c1)[Si](C)(C)C)[Si](C)(C)C)c1cc(cc(c1)[Si](C)(C)C)[Si](C)(C)C,"[35, 14]","[{'functional_group': 'ether', 'smiles_inds': [2]}, {'functional_group': 'carbonyl', 'smiles_inds': [28]}]",6.458917251716039e-30
29,bottom,CP(CCP(C)c1c(cc(cc1C([Si](C)(C)C)[Si](C)(C)C)C([Si](C)(C)C)([Si](C)(C)C)[Si](C)(C)C)C([Si](C)(C)C)[Si](C)(C)C)c1c(cc(cc1C([Si](C)(C)C)[Si](C)(C)C)C([Si](C)(C)C)([Si](C)(C)C)[Si](C)(C)C)C([Si-](C)C)[Si](C)(C)C,"[4, 72, 1]","[{'functional_group': 'ethyl', 'smiles_inds': [41]}, {'functional_group': 'methyl_ester', 'smiles_inds': [10]}, {'functional_group': 'carboxyllic_acid', 'smiles_inds': [70]}]",8.459669692222888e-30
29,bottom,C[Si](C)(CCC(F)(F)C(F)(F)C(F)(F)C(F)(F)C(F)(F)C(F)(F)F)c1ccc(cc1)P(CCP(c1ccc(cc1)[Si](C)(C)CCC(F)(F)C(F)(F)C(F)(F)C(F)(F)C(F)(F)C(F)(F)F)c1ccc(cc1)[Si](C)(C)CCC(F)(F)C(F)(F)C(F)(F)C(F)(F)C(F)(F)C(F)(F)F)c1ccc(cc1)[Si](C)(C)CCC(F)(F)C(F)(F)C(F)(F)C(F)(F)C(F)(F)C(F)(F)F,"[30, 33]","[{'functional_group': 'thiol', 'smiles_inds': [43]}]",2.8203445270861996e-29
29,bottom,COc1cc(P2C3(C)CC4(C)OC(C)(CC2(C)O4)O3)c(cc1OC)P1C2(C)CC3(C)OC(C)(CC1(C)O3)O2,"[5, 24]",[],5.0465139509687004e-29
29,bottom,CC(C)(C)P1P(P2P(P(P2C(C)(C)C)C(C)(C)C)C(C)(C)C)P(P1C(C)(C)C)C(C)(C)C,"[7, 4]",[],1.4207248952268945e-28
29,bottom,CC(C)(C)[Si](C)([Si]12[Ge][Si]1([Si](C)(C(C)(C)C)C(C)(C)C)[Si]2([Si](C)(C(C)(C)C)C(C)(C)C)[Si](C)(C(C)(C)C)C(C)(C)C)C(C)(C)C,[7],[],3.5235484908236614e-28
29,bottom,CC12CC3(C)OC(C)(CC(C)(O1)P3Cc1ccccc1P1C3(C)CC4(C)OC(C)(CC1(C)O4)O3)O2,"[12, 20]","[{'functional_group': 'cyano', 'smiles_inds': [7]}]",3.575595543066347e-28
29,bottom,CC12CC3(C)OC(C)(CC(C)(O1)P3c1ccccc1P1C3(C)CC4(C)OC(C)(CC1(C)O4)O3)O2,"[12, 19]","[{'functional_group': 'fluoro', 'smiles_inds': [17]}]",1.503590503078072e-27
29,bottom,CC12CC3(C)OC(C)(CC(C)(O1)P3c1cccnc1P1C3(C)CC4(C)OC(C)(CC1(C)O4)O3)O2,"[19, 12]","[{'functional_group': 'ethyl_ester', 'smiles_inds': [24]}]",1.859097510118212e-27
29,bottom,CC12CC3(C)OC(C)(CC(C)(O1)P3OCc1ccccc1COP1C3(C)CC4(C)OC(C)(CC1(C)O4)O3)O2,"[12, 23]",[],1.951084492524606e-27
29,bottom,CC12CC3(C)OC(C)(CC(C)(O1)P3Cc1ccccc1P1C3(C)CC4(C)OC(C)(CC1(C)O4)O3)O2,"[12, 20]",[],2.8618000308848932e-27
29,bottom,C[C-](CCP(C(C)(C)C)C(C)(C)C)CCP(C(C)(C)C)C(C)(C)C,"[4, 15, 1]","[{'functional_group': 'cyano', 'smiles_inds': [14]}, {'functional_group': 'cyanimide', 'smiles_inds': [19]}]",6.0049808694647e-27
29,median,CC(C)(C)C1=CC=NN1,[7],"[{'functional_group': 'ethyl', 'smiles_inds': [3]}, {'functional_group': 'trichloro', 'smiles_inds': [0]}]",0.3446611244311767
29,median,CCOC(=O)c1ccc(CO)nc1,"[10, 11]","[{'functional_group': 'ketone', 'smiles_inds': [7]}, {'functional_group': 'methyl', 'smiles_inds': [0]}]",0.34466461151573535
29,median,O1C=CC=C1C=Cc1cc(nc(c1)C1=NC=CS1)C1=NC=CS1,"[14, 10]",[],0.3448121738219778
29,median,N#CC=Cc1ccccc1,[0],[],0.3448792609891647
29,median,CCN(CC)CCN(Cc1cc(C)cc(Cl)c1[O-])Cc1cc(C)cc(Cl)c1[O-],"[17, 27, 7]","[{'functional_group': 'tribromo', 'smiles_inds': [6]}]",0.3448979436560888
29,median,CC(C)(C)c1cc(C=NCCC2=CNC=N2)c([O-])c(c1)C(C)(C)C,"[17, 15, 8]",[],0.3450271052997414
29,median,CCC1=CC(=C([S-])S1)C=Nc1ccccn1,"[9, 15, 6]","[{'functional_group': 'amide', 'smiles_inds': [3]}, {'functional_group': 'thiol', 'smiles_inds': [0]}]",0.34505562984790794
29,median,CCOc1ccc(CNCCNCCNCc2ccc(OCC)cc2)cc1,"[11, 14, 8]",[],0.3450928496923382
29,median,CC1CCC(C)N1Cc1ccccn1,"[13, 6]","[{'functional_group': 'methyl_ester', 'smiles_inds': [0]}, {'functional_group': '2-hydroxypyridine', 'smiles_inds': [1]}]",0.3451028155899673
29,median,[CH2-]Oc1ccccc1P(c1ccccc1)c1ccccc1,"[0, 8]","[{'functional_group': 'aldehyde', 'smiles_inds': [12]}, {'functional_group': 'amino', 'smiles_inds': [16]}]",0.34513215715191853
29,median,c1ccc(cc1)P(c1ccccc1)c1nc2ccccc2nc1P(c1ccccc1)c1ccccc1,"[6, 23]","[{'functional_group': 'carboxylate', 'smiles_inds': [10]}]",0.3451825967765254
29,median,NNC1=NN=CN1N,"[0, 3]","[{'functional_group': 'ketone', 'smiles_inds': [7]}]",0.34525285370646863
29,median,CCOC(=O)CNC(=O)C[S-],"[10, 8]",[],0.3456213084063604
29,median,COc1cccc(C=NC2CC(C)(C)N(O)C2(C)C)c1[O-],"[20, 8]","[{'functional_group': 'amide', 'smiles_inds': [15]}, {'functional_group': 'fluoro', 'smiles_inds': [5]}]",0.3458183035714345
29,median,CC(=NN=C1Sc2ccccc2[N-]1)c1ccccn1,"[18, 2, 12]","[{'functional_group': 'methyl', 'smiles_inds': [14]}, {'functional_group': '2-methylbenzoic_acid', 'smiles_inds': [0]}]",0.34591819453308853
29,median,CC(NCC=C)c1ccccc1,[2],"[{'functional_group': 'chloro', 'smiles_inds': [5]}]",0.34604104782156675
29,median,CC(C)(C)c1ccc([O-])c(C=Nc2cccc3ccccc23)c1,"[11, 8]",[],0.346111269636611
29,median,CC(=NO)C(C)=NCc1ccccn1,"[6, 2]","[{'functional_group': 'ether', 'smiles_inds': [12]}, {'functional_group': 'aldehyde', 'smiles_inds': [9]}]",0.3463666980388543
29,median,[O-]c1ccccc1C=NC(c1ccccc1)c1ccccn1,"[0, 21, 8]",[],0.3463738062105546
29,median,Nc1ccccc1[N-]c1ccccc1N,"[0, 7]","[{'functional_group': 'ethyl_ester', 'smiles_inds': [4]}]",0.34655179949165404
29,top,c1cnc(nc1)c1nc(nc(n1)c1ncccn1)c1ncccn1,"[2, 7, 19]","[{'functional_group': 'carbonyl', 'smiles_inds': [15]}, {'functional_group': 'iodo', 'smiles_inds': [22]}, {'functional_group': 'carboxylate', 'smiles_inds': [0]}, {'functional_group': 'carboxylate', 'smiles_inds': [5]}, {'functional_group': 'cyano', 'smiles_inds': [20]}, {'functional_group': 'carboxylate', 'smiles_inds': [21]}, {'functional_group': 'carboxylate', 'smiles_inds': [1]}, {'functional_group': 'trichloro', 'smiles_inds': [14]}]",0.9999999999987881
29,top,CC1C(=O)C(=NO)C(=O)C(=NO)C1=O,"[8, 10]","[{'functional_group': 'carboxylate', 'smiles_inds': [1]}, {'functional_group': 'bromo', 'smiles_inds': [0]}, {'functional_group': 'bromo', 'smiles_inds': [6]}, {'functional_group': 'amide', 'smiles_inds': [11]}]",0.9999999999989815
29,top,c1cnc(nc1)c1nc(nc(n1)c1ncccn1)c1ncccn1,"[2, 7, 19]","[{'functional_group': 'carbonyl', 'smiles_inds': [15]}, {'functional_group': 'iodo', 'smiles_inds': [22]}, {'functional_group': 'carboxylate', 'smiles_inds': [0]}, {'functional_group': 'carboxylate', 'smiles_inds': [5]}, {'functional_group': 'cyano', 'smiles_inds': [20]}, {'functional_group': 'carboxylate', 'smiles_inds': [21]}, {'functional_group': 'carboxylate', 'smiles_inds': [1]}, {'functional_group': 'aldehyde', 'smiles_inds': [16]}]",0.9999999999990243
29,top,C[NH+]1CCN(CC1)c1c(F)cc2C(=O)C(=CN3C(C)COc1c23)C(=O)[O-],"[25, 13]","[{'functional_group': 'ethyl', 'smiles_inds': [1]}, {'functional_group': 'trichloro', 'smiles_inds': [19]}, {'functional_group': 'tribromo', 'smiles_inds': [18]}, {'functional_group': 'carboxyl', 'smiles_inds': [2]}, {'functional_group': 'methyl', 'smiles_inds': [0]}, {'functional_group': 'carboxylate', 'smiles_inds': [5]}, {'functional_group': 'carbonyl', 'smiles_inds': [3]}, {'functional_group': 'carboxylate', 'smiles_inds': [10]}, {'functional_group': 'trichloro', 'smiles_inds': [6]}, {'functional_group': 'ether', 'smiles_inds': [17]}]",0.9999999999991045
29,top,C[NH+]1CCN(CC1)c1c(F)cc2C(=O)C(=CN3C(C)COc1c23)C(=O)[O-],"[25, 13]","[{'functional_group': 'methyl', 'smiles_inds': [2]}, {'functional_group': 'aldehyde', 'smiles_inds': [19]}, {'functional_group': 'carboxyllic_acid', 'smiles_inds': [1]}, {'functional_group': 'aldehyde', 'smiles_inds': [5]}, {'functional_group': 'methyl', 'smiles_inds': [18]}]",0.9999999999991123
29,top,C[NH+]1CCN(CC1)c1c(F)cc2C(=O)C(=CN3C(C)COc1c23)C(=O)[O-],"[25, 13]","[{'functional_group': 'methyl', 'smiles_inds': [2]}, {'functional_group': 'aldehyde', 'smiles_inds': [19]}, {'functional_group': 'carboxyllic_acid', 'smiles_inds': [1]}, {'functional_group': 'carboxyllic_acid', 'smiles_inds': [3]}]",0.9999999999995275
29,top,C[NH+]1CCN(CC1)c1c(F)cc2C(=O)C(=CN3C(C)COc1c23)C(=O)[O-],"[25, 13]","[{'functional_group': 'carboxylate', 'smiles_inds': [19]}, {'functional_group': 'amide', 'smiles_inds': [1]}, {'functional_group': 'cyanimide', 'smiles_inds': [0]}, {'functional_group': 'hydroxyl', 'smiles_inds': [18]}, {'functional_group': 'cyano', 'smiles_inds': [3]}]",0.9999999999996236
29,top,C[NH+]1CCN(CC1)c1c(F)cc2C(=O)C(=CN3C(C)COc1c23)C(=O)[O-],"[25, 13]","[{'functional_group': 'methyl', 'smiles_inds': [2]}, {'functional_group': 'aldehyde', 'smiles_inds': [19]}, {'functional_group': 'carboxyllic_acid', 'smiles_inds': [1]}, {'functional_group': 'aldehyde', 'smiles_inds': [5]}, {'functional_group': 'tribromo', 'smiles_inds': [6]}, {'functional_group': 'carboxyllic_acid', 'smiles_inds': [3]}]",0.9999999999996945
29,top,C[NH+]1CCN(CC1)c1c(F)cc2C(=O)C(=CN3C(C)COc1c23)C(=O)[O-],"[25, 13]","[{'functional_group': 'methyl', 'smiles_inds': [2]}, {'functional_group': 'aldehyde', 'smiles_inds': [19]}, {'functional_group': 'carboxyllic_acid', 'smiles_inds': [1]}, {'functional_group': 'aldehyde', 'smiles_inds': [5]}, {'functional_group': 'iodo', 'smiles_inds': [18]}, {'functional_group': 'cyano', 'smiles_inds': [3]}, {'functional_group': 'chloro', 'smiles_inds': [15]}, {'functional_group': 'methyl', 'smiles_inds': [10]}]",0.999999999999712
29,top,C[NH+]1CCN(CC1)c1c(F)cc2C(=O)C(=CN3C(C)COc1c23)C(=O)[O-],"[25, 13]","[{'functional_group': 'methyl', 'smiles_inds': [2]}, {'functional_group': 'aldehyde', 'smiles_inds': [19]}, {'functional_group': 'carboxyllic_acid', 'smiles_inds': [1]}, {'functional_group': 'aldehyde', 'smiles_inds': [5]}, {'functional_group': 'iodo', 'smiles_inds': [18]}, {'functional_group': 'cyano', 'smiles_inds': [3]}, {'functional_group': 'phosphonate', 'smiles_inds': [10]}]",0.9999999999997482
29,top,C[NH+]1CCN(CC1)c1c(F)cc2C(=O)C(=CN3C(C)COc1c23)C(=O)[O-],"[25, 13]","[{'functional_group': 'ethyl', 'smiles_inds': [1]}, {'functional_group': 'trichloro', 'smiles_inds': [19]}, {'functional_group': 'tribromo', 'smiles_inds': [18]}, {'functional_group': 'carboxyl', 'smiles_inds': [2]}, {'functional_group': 'tribromo', 'smiles_inds': [0]}, {'functional_group': 'carboxylate', 'smiles_inds': [10]}, {'functional_group': 'carboxylate', 'smiles_inds': [5]}, {'functional_group': 'carbonyl', 'smiles_inds': [3]}, {'functional_group': 'amino', 'smiles_inds': [6]}]",0.999999999999754
29,top,C[NH+]1CCN(CC1)c1c(F)cc2C(=O)C(=CN3C(C)COc1c23)C(=O)[O-],"[25, 13]","[{'functional_group': 'methyl', 'smiles_inds': [2]}, {'functional_group': 'aldehyde', 'smiles_inds': [19]}, {'functional_group': 'carboxyllic_acid', 'smiles_inds': [1]}, {'functional_group': 'aldehyde', 'smiles_inds': [5]}, {'functional_group': 'iodo', 'smiles_inds': [18]}, {'functional_group': 'cyano', 'smiles_inds': [3]}, {'functional_group': 'bromo', 'smiles_inds': [0]}]",0.9999999999998017
29,top,c1cnc(nc1)c1nc(nc(n1)c1ncccn1)c1ncccn1,"[2, 7, 19]","[{'functional_group': 'carbonyl', 'smiles_inds': [15]}, {'functional_group': 'iodo', 'smiles_inds': [22]}, {'functional_group': 'carboxylate', 'smiles_inds': [0]}, {'functional_group': 'carboxylate', 'smiles_inds': [5]}, {'functional_group': 'cyano', 'smiles_inds': [20]}, {'functional_group': 'carboxylate', 'smiles_inds': [21]}, {'functional_group': 'carboxylate', 'smiles_inds': [1]}, {'functional_group': 'carboxylate', 'smiles_inds': [16]}]",0.9999999999998415
29,top,c1cnc(nc1)c1nc(nc(n1)c1ncccn1)c1ncccn1,"[2, 7, 19]","[{'functional_group': 'carbonyl', 'smiles_inds': [15]}, {'functional_group': 'iodo', 'smiles_inds': [22]}, {'functional_group': 'carboxylate', 'smiles_inds': [0]}, {'functional_group': 'carboxylate', 'smiles_inds': [5]}, {'functional_group': 'cyano', 'smiles_inds': [20]}, {'functional_group': 'carboxylate', 'smiles_inds': [21]}, {'functional_group': 'carboxylate', 'smiles_inds': [1]}, {'functional_group': 'carboxylate', 'smiles_inds': [14]}]",0.9999999999998415
29,top,C[NH+]1CCN(CC1)c1c(F)cc2C(=O)C(=CN3C(C)COc1c23)C(=O)[O-],"[25, 13]","[{'functional_group': 'methyl', 'smiles_inds': [2]}, {'functional_group': 'aldehyde', 'smiles_inds': [19]}, {'functional_group': 'carboxyllic_acid', 'smiles_inds': [1]}, {'functional_group': 'cyano', 'smiles_inds': [17]}, {'functional_group': 'cyano', 'smiles_inds': [5]}]",0.999999999999869
29,top,C[NH+]1CCN(CC1)c1c(F)cc2C(=O)C(=CN3C(C)COc1c23)C(=O)[O-],"[25, 13]","[{'functional_group': 'ethyl', 'smiles_inds': [1]}, {'functional_group': 'trichloro', 'smiles_inds': [19]}, {'functional_group': 'ether', 'smiles_inds': [5]}]",0.9999999999999087
29,top,C[NH+]1CCN(CC1)c1c(F)cc2C(=O)C(=CN3C(C)COc1c23)C(=O)[O-],"[25, 13]","[{'functional_group': 'methyl', 'smiles_inds': [2]}, {'functional_group': 'aldehyde', 'smiles_inds': [19]}, {'functional_group': 'carboxyllic_acid', 'smiles_inds': [1]}, {'functional_group': 'aldehyde', 'smiles_inds': [5]}, {'functional_group': 'iodo', 'smiles_inds': [18]}, {'functional_group': 'cyano', 'smiles_inds': [3]}, {'functional_group': 'fluoro', 'smiles_inds': [17]}, {'functional_group': 'thiol', 'smiles_inds': [6]}]",0.999999999999919
29,top,C[NH+]1CCN(CC1)c1c(F)cc2C(=O)C(=CN3C(C)COc1c23)C(=O)[O-],"[25, 13]","[{'functional_group': 'methyl', 'smiles_inds': [2]}, {'functional_group': 'aldehyde', 'smiles_inds': [19]}, {'functional_group': 'carboxyllic_acid', 'smiles_inds': [1]}, {'functional_group': 'aldehyde', 'smiles_inds': [5]}, {'functional_group': 'carbonyl', 'smiles_inds': [3]}, {'functional_group': 'thiol', 'smiles_inds': [18]}]",0.9999999999999638
29,top,C[NH+]1CCN(CC1)c1c(F)cc2C(=O)C(=CN3C(C)COc1c23)C(=O)[O-],"[25, 13]","[{'functional_group': 'methyl', 'smiles_inds': [2]}, {'functional_group': 'aldehyde', 'smiles_inds': [19]}, {'functional_group': 'carboxyllic_acid', 'smiles_inds': [1]}, {'functional_group': 'aldehyde', 'smiles_inds': [5]}, {'functional_group': 'iodo', 'smiles_inds': [18]}, {'functional_group': 'cyano', 'smiles_inds': [3]}, {'functional_group': '2-hydroxypyridine', 'smiles_inds': [10]}]",0.9999999999999725
29,top,C[NH+]1CCN(CC1)c1c(F)cc2C(=O)C(=CN3C(C)COc1c23)C(=O)[O-],"[25, 13]","[{'functional_group': 'methyl', 'smiles_inds': [2]}, {'functional_group': 'aldehyde', 'smiles_inds': [19]}, {'functional_group': 'carboxyllic_acid', 'smiles_inds': [1]}, {'functional_group': 'aldehyde', 'smiles_inds': [5]}, {'functional_group': 'iodo', 'smiles_inds': [18]}, {'functional_group': 'cyano', 'smiles_inds': [3]}, {'functional_group': 'chloro', 'smiles_inds': [10]}]",0.9999999999999936
30,bottom,C[Si](C)(C)c1cc(cc(c1)[Si](C)(C)C)C(C(=O)Nc1cccc(NC(=O)C(c2cc(cc(c2)[Si](C)(C)C)[Si](C)(C)C)(c2cc(cc(c2)[Si](C)(C)C)[Si](C)(C)C)c2cc(cc(c2)[Si](C)(C)C)[Si](C)(C)C)c1[S-])(c1cc(cc(c1)[Si](C)(C)C)[Si](C)(C)C)c1cc(cc(c1)[Si](C)(C)C)[Si](C)(C)C,"[70, 16]","[{'functional_group': 'phenyl', 'smiles_inds': [78]}, {'functional_group': 'bromo', 'smiles_inds': [17]}]",7.578703820473351e-43
30,bottom,CC(C)(C)[Si]([SiH]1[Si]2(CC[Si]3(OCCOCCOCCOCCOCCO3)[Si]12[Si](C(C)(C)C)(C(C)(C)C)C(C)(C)C)[Si](C(C)(C)C)(C(C)(C)C)C(C)(C)C)(C(C)(C)C)C(C)(C)C,"[22, 19, 16]","[{'functional_group': 'phenyl', 'smiles_inds': [54]}, {'functional_group': 'cyanimide', 'smiles_inds': [46]}, {'functional_group': 'phosphonate', 'smiles_inds': [34]}]",7.611916332707093e-33
30,bottom,CCCC[P](CCCC)(CCCC)CCP(CCP(CCP(CC[P](CCCC)(CCCC)CCCC)CC[P](CCCC)(CCCC)CCCC)c1ccccc1)CC[P](CCCC)(CCCC)CCCC,"[15, 18, 21]","[{'functional_group': 'hydroxyl', 'smiles_inds': [57]}]",2.3286663672803486e-32
30,bottom,CC(C)(C)[Si]([SiH]1[Si]2(CC[Si]3(OCCOCCOCCOCCOCCO3)[Si]12[Si](C(C)(C)C)(C(C)(C)C)C(C)(C)C)[Si](C(C)(C)C)(C(C)(C)C)C(C)(C)C)(C(C)(C)C)C(C)(C)C,"[22, 19, 16]","[{'functional_group': '2-hydroxypyridine', 'smiles_inds': [31]}, {'functional_group': 'tribromo', 'smiles_inds': [46]}]",7.657474003809291e-32
30,bottom,CC1=C(C)C[Ge]2([Ge]([Ge]2(C1)[Si](C(C)(C)C)(C(C)(C)C)C(C)(C)C)[Si](C(C)(C)C)(C(C)(C)C)C(C)(C)C)[Si](C(C)(C)C)(C(C)(C)C)C(C)(C)C,[6],[],1.3759664855085136e-31
30,bottom,CP(CCP(C)c1c(cc(cc1C([Si](C)(C)C)[Si](C)(C)C)C([Si](C)(C)C)([Si](C)(C)C)[Si](C)(C)C)C([Si](C)(C)C)[Si](C)(C)C)c1c(cc(cc1C([Si](C)(C)C)[Si](C)(C)C)C([Si](C)(C)C)([Si](C)(C)C)[Si](C)(C)C)C([Si-](C)C)[Si](C)(C)C,"[4, 72, 1]",[],9.555403122246936e-29
30,bottom,CC(C)(C)P(P1P2P3P2P(P1P3P(C(C)(C)C)C(C)(C)C)P(C(C)(C)C)C(C)(C)C)C(C)(C)C,[6],[],1.9110742202409397e-28
30,bottom,O=C1N2CN3C4C5N(CN6C7C8N(CN9C%10C%11N(CN%12C%13C%14N(CN%15C%16C%17N(CN1C1C2N2CN4C(=O)N5CN7C(=O)N8CN%10C(=O)N%11C4OC(N%13C(=O)N%14CN%16C(=O)N%17CN1C2=O)c1ccccc41)C%15=O)C%12=O)C9=O)C6=O)C3=O,"[75, 73]","[{'functional_group': 'methyl', 'smiles_inds': [21]}]",8.621034926236594e-27
30,bottom,C1CCN(C1)P(=Nc1ccc2ccccc2c1c1c(ccc2ccccc12)N=P(N=P(N1CCCC1)(N1CCCC1)N1CCCC1)(N1CCCC1)N1CCCC1)(N=P(N1CCCC1)(N1CCCC1)N1CCCC1)N1CCCC1,"[6, 27]","[{'functional_group': 'amide', 'smiles_inds': [0]}]",1.3590927456448933e-26
30,bottom,C1CCN(C1)P(=Nc1ccc2ccccc2c1c1c(ccc2ccccc12)N=P(N=P(N1CCCC1)(N1CCCC1)N1CCCC1)(N1CCCC1)N1CCCC1)(N=P(N1CCCC1)(N1CCCC1)N1CCCC1)N1CCCC1,"[6, 27]",[],2.016984549713793e-26
30,bottom,COc1cc(P2C3(C)CC4(C)OC(C)(CC2(C)O4)O3)c(cc1OC)P1C2(C)CC3(C)OC(C)(CC1(C)O3)O2,"[5, 24]","[{'functional_group': 'ketone', 'smiles_inds': [8]}, {'functional_group': 'hydroxyl', 'smiles_inds': [14]}]",2.5033875339882643e-26
30,bottom,COc1cc(P2C3(C)CC4(C)OC(C)(CC2(C)O4)O3)c(cc1OC)P1C2(C)CC3(C)OC(C)(CC1(C)O3)O2,"[5, 24]","[{'functional_group': 'ethyl_ester', 'smiles_inds': [27]}]",2.7600059605643086e-26
30,bottom,CC(C)(C)[Si](C)([Si]12[Ge][Si]1([Si](C)(C(C)(C)C)C(C)(C)C)[Si]2([Si](C)(C(C)(C)C)C(C)(C)C)[Si](C)(C(C)(C)C)C(C)(C)C)C(C)(C)C,[7],"[{'functional_group': 'ketone', 'smiles_inds': [5]}]",7.03820286572858e-26
30,bottom,C[Si](C)(C)c1cc(cc(c1)[Si](C)(C)C)P(c1cc(cc(c1)[Si](C)(C)C)[Si](C)(C)C)c1ccccc1P(c1cc(cc(c1)[Si](C)(C)C)[Si](C)(C)C)c1cc(cc(c1)[Si](C)(C)C)[Si](C)(C)C,"[35, 14]","[{'functional_group': 'trichloro', 'smiles_inds': [62]}, {'functional_group': 'thiol', 'smiles_inds': [12]}]",8.779702975521837e-26
30,bottom,CC(C)(C)P1P(P2P(P(P2C(C)(C)C)C(C)(C)C)C(C)(C)C)P(P1C(C)(C)C)C(C)(C)C,"[7, 4]",[],1.1524652266458709e-25
30,bottom,O=C1N2CN3C4C5N(CN6C7C8N(CN9C%10C%11N(CN%12C%13C%14N(CN%15C%16C%17N(CN1C1C2N2CN4C(=O)N5CN7C(=O)N8CN%10C(=O)N%11CN%13C(=O)N%14CN%16C(=O)N%17CN1C2=O)C%15=O)C%12=O)C9=O)C6=O)C3=O,"[65, 67, 69]",[],2.507643041772985e-25
30,bottom,CC(C)(C)[Si](C)([Si]12[Ge][Si]1([Si](C)(C(C)(C)C)C(C)(C)C)[Si]2([Si](C)(C(C)(C)C)C(C)(C)C)[Si](C)(C(C)(C)C)C(C)(C)C)C(C)(C)C,[7],[],4.109105451997524e-25
30,bottom,C[Si]([Ge]1[Si]2([Ge]([Si]12[Si](C)(C(C)(C)C)C(C)(C)C)[Si](C)(C(C)(C)C)C(C)(C)C)[Si](C)(C(C)(C)C)C(C)(C)C)(C(C)(C)C)C(C)(C)C,"[2, 4]",[],5.2120686522720265e-25
30,bottom,CC12CC3(C)OC(C)(CC(C)(O1)P3Cc1ccccc1P1C3(C)CC4(C)OC(C)(CC1(C)O4)O3)O2,"[12, 20]",[],5.276499288618761e-25
30,bottom,CC12CC3(C)OC(C)(CC(C)(O1)P3c1cccnc1P1C3(C)CC4(C)OC(C)(CC1(C)O4)O3)O2,"[19, 12]","[{'functional_group': '2-methylbenzoic_acid', 'smiles_inds': [4]}]",1.0651641473488832e-24
30,median,Cc1ccc(nc1)c1ccc(Oc2ccccc2)c[c-]1,"[5, 19]",[],0.36816594179578677
30,median,CN1OC(=NC1c1ccc(C)cc1)CCl,[4],[],0.3682279387083858
30,median,Fc1ccc([O-])c(C=NC(c2ccccc2)c2ccccn2)c1,"[8, 21, 5]","[{'functional_group': 'fluoro', 'smiles_inds': [11]}]",0.3684011574790028
30,median,CC(C)(C)NCCN(C(=N)c1ccccc1)C(C)(C)C,"[7, 9]","[{'functional_group': 'amide', 'smiles_inds': [18]}, {'functional_group': 'amino', 'smiles_inds': [6]}]",0.3684756584660519
30,median,CN(CCN)CC[N-]S(=O)(=O)c1c(C)cc(C)cc1C,"[7, 4, 1]",[],0.3686382639227448
30,median,CC(C)(C)c1cc(c2cccc(n2)c2[c-]c(Cl)ccc2Cl)c([O-])c(c1)C(C)(C)C,"[22, 12, 14]",[],0.3687124270725951
30,median,CCCN1C=Nc2ccccc12,[5],[],0.3687163535407923
30,median,Clc1ccc([c-]c1)C1=Nc2c3ccccc3c3ccccc3c2N1c1ccccc1,"[5, 8]","[{'functional_group': 'fluoro', 'smiles_inds': [29]}]",0.36902479207080413
30,median,c1ccc(cc1)c1nnc(nc1c1ccccc1)c1nnc(c2ccccc2)c(n1)c1ccccc1,"[8, 19]","[{'functional_group': 'fluoro', 'smiles_inds': [31]}]",0.3690815880815343
30,median,COc1ccc(cc1)N=C(c1ccccc1)c1ccccn1,"[21, 8]","[{'functional_group': 'ethyl_ester', 'smiles_inds': [3]}]",0.3691134939585537
30,median,c1ccc(nc1)C1=NN=C2C=CC=CN12,"[14, 7]","[{'functional_group': 'hydroxyl', 'smiles_inds': [13]}]",0.36913493841610834
30,median,C1OC(=NC1Cc1ccccc1)c1ccc2ccccc2n1,"[3, 21]","[{'functional_group': 'ketone', 'smiles_inds': [17]}, {'functional_group': 'phenyl', 'smiles_inds': [11]}]",0.36921122512610516
30,median,CC(NCc1cc(ccc1[O-])N(=O)=O)c1ccccc1,"[10, 2]",[],0.3694370173027507
30,median,O=C1N(Cc2ccc(CN(Cc3ccccn3)Cc3ccccn3)cc2)C(=O)c2ccccc12,"[9, 16, 23]","[{'functional_group': '2-hydroxypyridine', 'smiles_inds': [30]}, {'functional_group': 'carbonyl', 'smiles_inds': [12]}]",0.369525600631282
30,median,CCCCCCOc1ccc(cc1)C(=O)Oc1ccc(C=NCC)c([O-])c1,"[25, 21]",[],0.3697542799799003
30,median,COC1Oc2ccccc2C(=C1C=NN=C([S-])NC1CCCCC1)[O-],"[13, 24, 16]",[],0.3698821232109008
30,median,CC(NC(=O)c1cccc(n1)C(=O)NC(C)c1ccccc1)c1ccccc1,"[12, 4, 10]","[{'functional_group': 'phosphonate', 'smiles_inds': [1]}]",0.37001520186005005
30,median,CN1c2ccccc2N=C1c1ccccc1[O-],"[16, 8]",[],0.3701612960710836
30,median,O=C1Nc2ccc(cc2C2=C1c1ccccc1N2)N=Cc1ccccn1,"[25, 18]",[],0.3702044325009574
30,median,BrCCN=Cc1c([O-])ccc2ccccc12,"[7, 3]","[{'functional_group': 'phosphonate', 'smiles_inds': [12]}]",0.37024889656309556
30,top,c1cnc(nc1)c1nc(nc(n1)c1ncccn1)c1ncccn1,"[2, 7, 19]","[{'functional_group': 'carbonyl', 'smiles_inds': [15]}, {'functional_group': 'iodo', 'smiles_inds': [22]}, {'functional_group': 'carboxylate', 'smiles_inds': [0]}, {'functional_group': 'carboxylate', 'smiles_inds': [21]}]",0.9999999999975648
30,top,c1cnc(nc1)c1nc(nc(n1)c1ncccn1)c1ncccn1,"[2, 7, 19]","[{'functional_group': 'carbonyl', 'smiles_inds': [15]}, {'functional_group': 'iodo', 'smiles_inds': [22]}, {'functional_group': 'carboxylate', 'smiles_inds': [0]}, {'functional_group': 'carboxylate', 'smiles_inds': [5]}, {'functional_group': 'cyano', 'smiles_inds': [20]}, {'functional_group': 'carboxylate', 'smiles_inds': [21]}, {'functional_group': 'carboxylate', 'smiles_inds': [1]}, {'functional_group': 'trichloro', 'smiles_inds': [16]}]",0.9999999999976925
30,top,c1cnc(nc1)c1nc(nc(n1)c1ncccn1)c1ncccn1,"[2, 7, 19]","[{'functional_group': 'carbonyl', 'smiles_inds': [15]}, {'functional_group': 'iodo', 'smiles_inds': [22]}, {'functional_group': 'carboxylate', 'smiles_inds': [0]}, {'functional_group': 'carboxylate', 'smiles_inds': [5]}, {'functional_group': 'cyano', 'smiles_inds': [20]}, {'functional_group': 'carboxylate', 'smiles_inds': [21]}, {'functional_group': 'carboxylate', 'smiles_inds': [1]}, {'functional_group': 'ketone', 'smiles_inds': [14]}]",0.9999999999977098
30,top,c1cnc(nc1)c1nc(nc(n1)c1ncccn1)c1ncccn1,"[2, 7, 19]","[{'functional_group': 'carbonyl', 'smiles_inds': [15]}, {'functional_group': 'iodo', 'smiles_inds': [22]}, {'functional_group': 'carboxylate', 'smiles_inds': [0]}, {'functional_group': 'carboxylate', 'smiles_inds': [5]}, {'functional_group': 'cyano', 'smiles_inds': [20]}, {'functional_group': 'carboxylate', 'smiles_inds': [21]}, {'functional_group': 'carboxylate', 'smiles_inds': [1]}, {'functional_group': 'carboxylate', 'smiles_inds': [16]}, {'functional_group': 'ethyl', 'smiles_inds': [14]}]",0.999999999998098
30,top,C[NH+]1CCN(CC1)c1c(F)cc2C(=O)C(=CN3C(C)COc1c23)C(=O)[O-],"[25, 13]","[{'functional_group': 'methyl', 'smiles_inds': [2]}, {'functional_group': 'aldehyde', 'smiles_inds': [19]}, {'functional_group': 'carboxyllic_acid', 'smiles_inds': [1]}, {'functional_group': 'aldehyde', 'smiles_inds': [5]}, {'functional_group': 'iodo', 'smiles_inds': [18]}, {'functional_group': 'cyano', 'smiles_inds': [3]}, {'functional_group': 'phosphonate', 'smiles_inds': [0]}]",0.9999999999983706
30,top,c1cnc(nc1)c1nc(nc(n1)c1ncccn1)c1ncccn1,"[2, 7, 19]","[{'functional_group': 'carbonyl', 'smiles_inds': [15]}, {'functional_group': 'iodo', 'smiles_inds': [22]}, {'functional_group': 'carboxylate', 'smiles_inds': [0]}, {'functional_group': 'carboxylate', 'smiles_inds': [5]}, {'functional_group': 'cyano', 'smiles_inds': [20]}, {'functional_group': 'carboxylate', 'smiles_inds': [21]}, {'functional_group': 'carboxylate', 'smiles_inds': [1]}, {'functional_group': 'methyl', 'smiles_inds': [16]}]",0.9999999999983953
30,top,c1cnc(nc1)c1nc(nc(n1)c1ncccn1)c1ncccn1,"[2, 7, 19]","[{'functional_group': 'carbonyl', 'smiles_inds': [15]}, {'functional_group': 'iodo', 'smiles_inds': [22]}, {'functional_group': 'carboxylate', 'smiles_inds': [0]}, {'functional_group': 'carboxylate', 'smiles_inds': [5]}, {'functional_group': 'cyano', 'smiles_inds': [20]}, {'functional_group': 'carboxylate', 'smiles_inds': [21]}, {'functional_group': 'carboxylate', 'smiles_inds': [1]}, {'functional_group': 'methyl', 'smiles_inds': [14]}]",0.9999999999983953
30,top,C[NH+]1CCN(CC1)c1c(F)cc2C(=O)C(=CN3C(C)COc1c23)C(=O)[O-],"[25, 13]","[{'functional_group': 'ethyl', 'smiles_inds': [1]}, {'functional_group': 'trichloro', 'smiles_inds': [19]}, {'functional_group': 'tribromo', 'smiles_inds': [18]}, {'functional_group': 'carboxyl', 'smiles_inds': [2]}, {'functional_group': 'tribromo', 'smiles_inds': [0]}, {'functional_group': 'carboxylate', 'smiles_inds': [10]}, {'functional_group': 'carboxylate', 'smiles_inds': [5]}, {'functional_group': 'carboxylate', 'smiles_inds': [3]}]",0.9999999999984666
30,top,C[NH+]1CCN(CC1)c1c(F)cc2C(=O)C(=CN3C(C)COc1c23)C(=O)[O-],"[25, 13]","[{'functional_group': 'ethyl', 'smiles_inds': [1]}, {'functional_group': 'trichloro', 'smiles_inds': [19]}, {'functional_group': 'ether', 'smiles_inds': [5]}]",0.9999999999985534
30,top,C[NH+]1CCN(CC1)c1c(F)cc2C(=O)C(=CN3C(C)COc1c23)C(=O)[O-],"[25, 13]","[{'functional_group': 'ethyl', 'smiles_inds': [1]}, {'functional_group': 'trichloro', 'smiles_inds': [19]}, {'functional_group': 'amino', 'smiles_inds': [2]}]",0.9999999999987073
30,top,C[NH+]1CCN(CC1)c1c(F)cc2C(=O)C(=CN3C(C)COc1c23)C(=O)[O-],"[25, 13]","[{'functional_group': 'ethyl', 'smiles_inds': [1]}, {'functional_group': 'trichloro', 'smiles_inds': [19]}, {'functional_group': 'tribromo', 'smiles_inds': [18]}, {'functional_group': 'carboxyl', 'smiles_inds': [2]}, {'functional_group': 'methyl', 'smiles_inds': [0]}, {'functional_group': 'carboxylate', 'smiles_inds': [5]}, {'functional_group': 'carbonyl', 'smiles_inds': [3]}, {'functional_group': 'carboxylate', 'smiles_inds': [10]}, {'functional_group': 'amino', 'smiles_inds': [6]}]",0.9999999999988067
30,top,C[NH+]1CCN(CC1)c1c(F)cc2C(=O)C(=CN3C(C)COc1c23)C(=O)[O-],"[25, 13]","[{'functional_group': 'methyl', 'smiles_inds': [2]}, {'functional_group': 'aldehyde', 'smiles_inds': [19]}, {'functional_group': 'carboxyllic_acid', 'smiles_inds': [1]}, {'functional_group': 'aldehyde', 'smiles_inds': [5]}, {'functional_group': 'iodo', 'smiles_inds': [18]}, {'functional_group': 'cyano', 'smiles_inds': [3]}, {'functional_group': 'carbonyl', 'smiles_inds': [17]}]",0.9999999999988713
30,top,c1cnc(nc1)c1nc(nc(n1)c1ncccn1)c1ncccn1,"[2, 7, 19]","[{'functional_group': 'carbonyl', 'smiles_inds': [15]}, {'functional_group': 'iodo', 'smiles_inds': [22]}, {'functional_group': 'carboxylate', 'smiles_inds': [0]}, {'functional_group': 'carboxylate', 'smiles_inds': [5]}, {'functional_group': 'cyano', 'smiles_inds': [20]}, {'functional_group': 'carboxylate', 'smiles_inds': [21]}, {'functional_group': 'carboxylate', 'smiles_inds': [1]}, {'functional_group': 'carboxylate', 'smiles_inds': [16]}, {'functional_group': '2-hydroxypyridine', 'smiles_inds': [14]}]",0.9999999999990523
30,top,c1cnc(nc1)c1nc(nc(n1)c1ncccn1)c1ncccn1,"[2, 7, 19]","[{'functional_group': 'carbonyl', 'smiles_inds': [15]}, {'functional_group': 'iodo', 'smiles_inds': [22]}, {'functional_group': 'carboxylate', 'smiles_inds': [0]}, {'functional_group': 'carboxylate', 'smiles_inds': [5]}, {'functional_group': 'cyano', 'smiles_inds': [20]}, {'functional_group': 'carboxylate', 'smiles_inds': [21]}, {'functional_group': 'carboxylate', 'smiles_inds': [1]}, {'functional_group': 'carboxylate', 'smiles_inds': [16]}, {'functional_group': 'trichloro', 'smiles_inds': [14]}]",0.9999999999993892
30,top,c1cnc(nc1)c1nc(nc(n1)c1ncccn1)c1ncccn1,"[2, 7, 19]","[{'functional_group': 'carbonyl', 'smiles_inds': [15]}, {'functional_group': 'iodo', 'smiles_inds': [22]}, {'functional_group': 'carboxylate', 'smiles_inds': [0]}, {'functional_group': 'carboxylate', 'smiles_inds': [5]}, {'functional_group': 'cyano', 'smiles_inds': [20]}, {'functional_group': 'carboxylate', 'smiles_inds': [21]}, {'functional_group': 'carboxylate', 'smiles_inds': [1]}, {'functional_group': 'carboxylate', 'smiles_inds': [16]}, {'functional_group': 'ketone', 'smiles_inds': [14]}]",0.9999999999993938
30,top,C[NH+]1CCN(CC1)c1c(F)cc2C(=O)C(=CN3C(C)COc1c23)C(=O)[O-],"[25, 13]","[{'functional_group': 'methyl', 'smiles_inds': [2]}, {'functional_group': 'aldehyde', 'smiles_inds': [19]}, {'functional_group': 'carboxyllic_acid', 'smiles_inds': [1]}, {'functional_group': 'trichloro', 'smiles_inds': [18]}, {'functional_group': 'tribromo', 'smiles_inds': [10]}, {'functional_group': 'methyl_ester', 'smiles_inds': [5]}]",0.9999999999994993
30,top,C[NH+]1CCN(CC1)c1c(F)cc2C(=O)C(=CN3C(C)COc1c23)C(=O)[O-],"[25, 13]","[{'functional_group': 'methyl', 'smiles_inds': [2]}, {'functional_group': 'aldehyde', 'smiles_inds': [19]}, {'functional_group': 'carboxyllic_acid', 'smiles_inds': [1]}, {'functional_group': 'aldehyde', 'smiles_inds': [5]}, {'functional_group': 'iodo', 'smiles_inds': [18]}, {'functional_group': 'cyano', 'smiles_inds': [3]}, {'functional_group': 'carbonyl', 'smiles_inds': [10]}, {'functional_group': 'chloro', 'smiles_inds': [17]}]",0.9999999999997329
30,top,C[NH+]1CCN(CC1)c1c(F)cc2C(=O)C(=CN3C(C)COc1c23)C(=O)[O-],"[25, 13]","[{'functional_group': 'carboxylate', 'smiles_inds': [19]}, {'functional_group': 'amide', 'smiles_inds': [1]}, {'functional_group': 'cyanimide', 'smiles_inds': [0]}, {'functional_group': 'carboxylate', 'smiles_inds': [5]}, {'functional_group': 'amino', 'smiles_inds': [6]}, {'functional_group': 'carboxyllic_acid', 'smiles_inds': [18]}]",0.999999999999756
30,top,C[NH+]1CCN(CC1)c1c(F)cc2C(=O)C(=CN3C(C)COc1c23)C(=O)[O-],"[25, 13]","[{'functional_group': 'methyl', 'smiles_inds': [2]}, {'functional_group': 'aldehyde', 'smiles_inds': [19]}, {'functional_group': 'carboxyllic_acid', 'smiles_inds': [1]}, {'functional_group': 'aldehyde', 'smiles_inds': [5]}, {'functional_group': 'iodo', 'smiles_inds': [18]}, {'functional_group': 'cyano', 'smiles_inds': [3]}, {'functional_group': 'thiol', 'smiles_inds': [10]}]",0.9999999999998421
30,top,C[NH+]1CCN(CC1)c1c(F)cc2C(=O)C(=CN3C(C)COc1c23)C(=O)[O-],"[25, 13]","[{'functional_group': 'methyl', 'smiles_inds': [2]}, {'functional_group': 'aldehyde', 'smiles_inds': [19]}, {'functional_group': 'carboxyllic_acid', 'smiles_inds': [1]}, {'functional_group': 'aldehyde', 'smiles_inds': [5]}, {'functional_group': 'iodo', 'smiles_inds': [18]}, {'functional_group': 'cyano', 'smiles_inds': [3]}, {'functional_group': 'ether', 'smiles_inds': [10]}]",0.999999999999877
31,bottom,CC1=C(C)C[Ge]2([Ge]([Ge]2(C1)[Si](C(C)(C)C)(C(C)(C)C)C(C)(C)C)[Si](C(C)(C)C)(C(C)(C)C)C(C)(C)C)[Si](C(C)(C)C)(C(C)(C)C)C(C)(C)C,[6],[],1.6266451117177187e-37
31,bottom,COc1cc(P2C3(C)CC4(C)OC(C)(CC2(C)O4)O3)c(cc1OC)P1C2(C)CC3(C)OC(C)(CC1(C)O3)O2,"[5, 24]","[{'functional_group': 'thiol', 'smiles_inds': [13]}]",8.326460042579012e-34
31,bottom,CP(CCP(C)c1c(cc(cc1C([Si](C)(C)C)[Si](C)(C)C)C([Si](C)(C)C)([Si](C)(C)C)[Si](C)(C)C)C([Si](C)(C)C)[Si](C)(C)C)c1c(cc(cc1C([Si](C)(C)C)[Si](C)(C)C)C([Si](C)(C)C)([Si](C)(C)C)[Si](C)(C)C)C([Si-](C)C)[Si](C)(C)C,"[4, 72, 1]","[{'functional_group': 'cyanimide', 'smiles_inds': [66]}]",1.834317432647708e-33
31,bottom,CP(CCP(C)c1c(cc(cc1C([Si](C)(C)C)[Si](C)(C)C)C([Si](C)(C)C)([Si](C)(C)C)[Si](C)(C)C)C([Si](C)(C)C)[Si](C)(C)C)c1c(cc(cc1C([Si](C)(C)C)[Si](C)(C)C)C([Si](C)(C)C)([Si](C)(C)C)[Si](C)(C)C)C([Si-](C)C)[Si](C)(C)C,"[4, 72, 1]","[{'functional_group': 'ethyl', 'smiles_inds': [12]}, {'functional_group': 'iodo', 'smiles_inds': [70]}]",3.0227608117666915e-32
31,bottom,CC(C)(C)P(CCP(CCP(C(C)(C)C)C(C)(C)C)CCP(C(C)(C)C)C(C)(C)C)C(C)(C)C,"[4, 7, 10]",[],7.633856011306994e-32
31,bottom,CC(C)(C)P(P1P(P(P1C(C)(C)C)C(C)(C)C)C(C)(C)C)P1P(P(P1C(C)(C)C)C(C)(C)C)C(C)(C)C,[4],"[{'functional_group': 'methyl_ester', 'smiles_inds': [0]}, {'functional_group': 'carbonyl', 'smiles_inds': [32]}]",7.977563131111722e-32
31,bottom,CC12CC3(C)OC(C)(CC(C)(O1)P3OCc1ccccc1COP1C3(C)CC4(C)OC(C)(CC1(C)O4)O3)O2,"[12, 23]",[],6.4979912248145565e-31
31,bottom,C[Si](C)(CCC(F)(F)C(F)(F)C(F)(F)C(F)(F)C(F)(F)C(F)(F)F)c1ccc(cc1)P(CCP(c1ccc(cc1)[Si](C)(C)CCC(F)(F)C(F)(F)C(F)(F)C(F)(F)C(F)(F)C(F)(F)F)c1ccc(cc1)[Si](C)(C)CCC(F)(F)C(F)(F)C(F)(F)C(F)(F)C(F)(F)C(F)(F)F)c1ccc(cc1)[Si](C)(C)CCC(F)(F)C(F)(F)C(F)(F)C(F)(F)C(F)(F)C(F)(F)F,"[30, 33]","[{'functional_group': 'amide', 'smiles_inds': [104]}, {'functional_group': 'amide', 'smiles_inds': [29]}]",7.688924679431954e-31
31,bottom,CC12CC3(C)OC(C)(CC(C)(O1)P3c1cccnc1P1C3(C)CC4(C)OC(C)(CC1(C)O4)O3)O2,"[19, 12]","[{'functional_group': 'chloro', 'smiles_inds': [15]}]",2.9969063338258605e-30
31,bottom,CC12CC3(C)OC(C)(CC(C)(O1)P3Cc1ccccc1P1C3(C)CC4(C)OC(C)(CC1(C)O4)O3)O2,"[12, 20]","[{'functional_group': 'phenyl', 'smiles_inds': [8]}, {'functional_group': 'carboxyllic_acid', 'smiles_inds': [28]}]",4.925915474015844e-30
31,bottom,N=P(c1ccccc1c1cc(cc(c1)c1ccccc1P(=[N-])(C12CC3CC(CC(C3)C1)C2)C12CC3CC(CC(C3)C1)C2)c1ccccc1P(=[N-])(C12CC3CC(CC(C3)C1)C2)C12CC3CC(CC(C3)C1)C2)(C12CC3CC(CC(C3)C1)C2)C12CC3CC(CC(C3)C1)C2,"[0, 21, 49]","[{'functional_group': 'carboxyllic_acid', 'smiles_inds': [79]}]",9.752038404469267e-30
31,bottom,CC12CC3(C)OC(C)(CC(C)(O1)P3c1nc3ccccc3nc1P1C3(C)CC4(C)OC(C)(CC1(C)O4)O3)O2,"[12, 23]","[{'functional_group': 'carboxyllic_acid', 'smiles_inds': [34]}]",8.754526468708095e-29
31,bottom,CC(C)(C)[Si](C)([Si]12[Ge][Si]1([Si](C)(C(C)(C)C)C(C)(C)C)[Si]2([Si](C)(C(C)(C)C)C(C)(C)C)[Si](C)(C(C)(C)C)C(C)(C)C)C(C)(C)C,[7],[],2.706457050961345e-28
31,bottom,O=C1N2CN3C4C5N(CN6C7C8N(CN9C%10C%11N(CN%12C%13C%14N(CN%15C%16C%17N(CN%18C%19C%20N(CN1C1C2N2CN4C(=O)N5CN7C(=O)N8CN%10C(=O)N%11CN%13C(=O)N%14CN%16C(=O)N%17CN%19C(=O)N%20CN1C2=O)C%18=O)C%15=O)C%12=O)C9=O)C6=O)C3=O,"[0, 73]","[{'functional_group': 'bromo', 'smiles_inds': [48]}]",7.887975839044242e-28
31,bottom,O=C1N2CN3C4C5N(CN6C7C8N(CN9C%10C%11N(CN%12C%13C%14N(CN%15C%16C%17N(CN%18C%19C%20N(CN1C1C2N2CN4C(=O)N5CN7C(=O)N8CN%10C(=O)N%11CN%13C(=O)N%14CN%16C(=O)N%17CN%19C(=O)N%20CN1C2=O)C%18=O)C%15=O)C%12=O)C9=O)C6=O)C3=O,"[0, 73]","[{'functional_group': 'bromo', 'smiles_inds': [3]}]",7.887975839044242e-28
31,bottom,CC(C)(C)P(=O)(c1cccc2c1Oc1c(cccc1P(=O)(C(C)(C)C)C(C)(C)C)C2(C)C)C(C)(C)C,"[5, 20]","[{'functional_group': 'amide', 'smiles_inds': [7]}, {'functional_group': 'trifluro', 'smiles_inds': [30]}]",2.5671808311210503e-27
31,bottom,O=C1N2CN3C4C5N(CN6C7C8N(CN9C%10C%11N(CN%12C%13C%14N(CN%15C%16C%17N(CN%18C%19C%20N(CN1C1C2N2CN4C(=O)N5CN7C(=O)N8CN%10C(=O)N%11CN%13C(=O)N%14CN%16C(=O)N%17CN%19C(=O)N%20CN1C2=O)C%18=O)C%15=O)C%12=O)C9=O)C6=O)C3=O,"[0, 73]","[{'functional_group': 'cyanimide', 'smiles_inds': [20]}]",6.543079178885802e-27
31,bottom,C1CCN(C1)P(=Nc1ccc2ccccc2c1c1c(ccc2ccccc12)N=P(N=P(N1CCCC1)(N1CCCC1)N1CCCC1)(N1CCCC1)N1CCCC1)(N=P(N1CCCC1)(N1CCCC1)N1CCCC1)N1CCCC1,"[6, 27]","[{'functional_group': 'carboxyl', 'smiles_inds': [25]}, {'functional_group': 'methyl', 'smiles_inds': [53]}, {'functional_group': 'carboxylate', 'smiles_inds': [66]}]",1.885723748469186e-26
31,bottom,Cc1cc(C)c(B(CCCP(CCCB(c2c(C)cc(C)cc2C)c2c(C)cc(C)cc2C)CCP(CCCB(c2c(C)cc(C)cc2C)c2c(C)cc(C)cc2C)CCCB(c2c(C)cc(C)cc2C)c2c(C)cc(C)cc2C)c2c(C)cc(C)cc2C)c(C)c1,"[35, 10]","[{'functional_group': 'ethyl', 'smiles_inds': [4]}, {'functional_group': 'methyl_ester', 'smiles_inds': [21]}]",1.704701856566051e-25
31,bottom,CC(C)(C)P(Cc1ccccc1P1C2(C)CC3(C)OC(C)(CC1(C)O3)O2)C(C)(C)C,"[4, 12]","[{'functional_group': 'ketone', 'smiles_inds': [0]}, {'functional_group': 'carbonyl', 'smiles_inds': [29]}]",1.836493451367685e-25
31,median,CC1(C)NC(=[NH+]C1(C)C)c1ccncc1,[12],[],0.3439702384474255
31,median,CCOC(=O)C([S-])=CC1=CC=CO1,"[6, 4]","[{'functional_group': 'phosphonate', 'smiles_inds': [7]}]",0.34397928378299414
31,median,[O-]c1ccccc1C=Nc1ccccn1,"[8, 0]","[{'functional_group': 'cyanimide', 'smiles_inds': [2]}]",0.34405749036078487
31,median,Brc1cccc(n1)c1ccccn1,"[6, 12]","[{'functional_group': 'methyl_ester', 'smiles_inds': [10]}, {'functional_group': 'ethyl', 'smiles_inds': [4]}, {'functional_group': '2-methylbenzoic_acid', 'smiles_inds': [8]}]",0.3441623576174077
31,median,OC(=O)CN1N=CN=N1,[7],[],0.3442051516220166
31,median,CC(=O)CC(C)=O,[2],[],0.3442195830154598
31,median,CC(N=CC1=NC=CN1CC=C)c1ccc(Cl)cc1,"[5, 2]",[],0.34423425200207775
31,median,Oc1cccc2ccc(C=NNc3ccccn3)nc12,"[18, 17, 10]","[{'functional_group': 'methyl', 'smiles_inds': [13]}]",0.3442753713233728
31,median,Cc1cc(C)cc(c1)C#N,[9],[],0.34429902150619707
31,median,CC(C)C(C)N1CCCC1=O,[10],"[{'functional_group': 'phenyl', 'smiles_inds': [4]}, {'functional_group': 'chloro', 'smiles_inds': [6]}]",0.34430948056029237
31,median,COC(=O)C[C-]1C(=O)N(C(C)C)C(C=NC(C)C)C1([CH-]C(=O)OC)C(=O)OC,"[19, 14, 5]","[{'functional_group': 'carboxylate', 'smiles_inds': [9]}, {'functional_group': 'methyl_ester', 'smiles_inds': [13]}, {'functional_group': 'amino', 'smiles_inds': [23]}]",0.344377442261079
31,median,Oc1ccc(cc1)C([O-])=NN=CC1=CC=C(S1)C1=CC=CS1,"[10, 8]","[{'functional_group': 'cyanimide', 'smiles_inds': [0]}, {'functional_group': 'tribromo', 'smiles_inds': [18]}, {'functional_group': 'methyl_ester', 'smiles_inds': [13]}]",0.3444228730019086
31,median,C(N1C=Nc2ccccc12)c1cccnc1,[3],"[{'functional_group': 'ethyl', 'smiles_inds': [7]}, {'functional_group': 'ethyl', 'smiles_inds': [6]}]",0.3444300492479735
31,median,NCC1CCCCC1,[0],[],0.34446890445540357
31,median,COc1ccc(cc1)c1cc(C)cc2N=C(Nc12)C1=Nc2cc(C)cc(c2N1)c1ccc(OC)cc1,"[14, 19]","[{'functional_group': 'iodo', 'smiles_inds': [4]}, {'functional_group': 'thiol', 'smiles_inds': [29]}]",0.34450042956305466
31,median,COc1ccc(cc1)N=Cc1ccc(C=Nc2ccc(OC)cc2)nn1,"[25, 8]",[],0.3445614634918892
31,median,ON=C1CCCCCC1=NO,"[9, 1]","[{'functional_group': 'carboxyllic_acid', 'smiles_inds': [5]}]",0.34460263836455457
31,median,C1CCC(CC1)N=Cc1cccc(C=NC2CCCCC2)[c-]1,"[14, 21, 6]",[],0.3446336983671147
31,median,Clc1cccc(C=Cc2ccc3cccc([O-])c3n2)c1Cl,"[16, 18]","[{'functional_group': 'ketone', 'smiles_inds': [4]}]",0.34470639425261784
31,median,Cc1cc(C)c(C=NCc2cccc[c-]2)c(C)c1,"[7, 14]","[{'functional_group': 'phenyl', 'smiles_inds': [11]}, {'functional_group': 'phosphonate', 'smiles_inds': [12]}]",0.3447403917842242
31,top,C[NH+]1CCN(CC1)c1c(F)cc2C(=O)C(=CN3C(C)COc1c23)C(=O)[O-],"[25, 13]","[{'functional_group': 'ethyl', 'smiles_inds': [1]}, {'functional_group': 'trichloro', 'smiles_inds': [19]}, {'functional_group': 'tribromo', 'smiles_inds': [18]}, {'functional_group': 'carboxyl', 'smiles_inds': [2]}, {'functional_group': 'methyl', 'smiles_inds': [6]}, {'functional_group': 'chloro', 'smiles_inds': [10]}, {'functional_group': 'carboxylate', 'smiles_inds': [5]}]",0.9999999999930997
31,top,C[NH+]1CCN(CC1)c1c(F)cc2C(=O)C(=CN3C(C)COc1c23)C(=O)[O-],"[25, 13]","[{'functional_group': 'ethyl', 'smiles_inds': [1]}, {'functional_group': 'trichloro', 'smiles_inds': [19]}, {'functional_group': 'cyanimide', 'smiles_inds': [5]}]",0.9999999999941542
31,top,C[NH+]1CCN(CC1)c1c(F)cc2C(=O)C(=CN3C(C)COc1c23)C(=O)[O-],"[25, 13]","[{'functional_group': 'ethyl', 'smiles_inds': [1]}, {'functional_group': 'trichloro', 'smiles_inds': [19]}, {'functional_group': 'aldehyde', 'smiles_inds': [5]}]",0.9999999999946032
31,top,C[NH+]1CCN(CC1)c1c(F)cc2C(=O)C(=CN3C(C)COc1c23)C(=O)[O-],"[25, 13]","[{'functional_group': 'methyl', 'smiles_inds': [2]}, {'functional_group': 'aldehyde', 'smiles_inds': [19]}, {'functional_group': 'carboxyllic_acid', 'smiles_inds': [1]}, {'functional_group': 'aldehyde', 'smiles_inds': [5]}, {'functional_group': 'carboxyllic_acid', 'smiles_inds': [3]}]",0.9999999999957736
31,top,C[NH+]1CCN(CC1)c1c(F)cc2C(=O)C(=CN3C(C)COc1c23)C(=O)[O-],"[25, 13]","[{'functional_group': 'methyl', 'smiles_inds': [2]}, {'functional_group': 'aldehyde', 'smiles_inds': [19]}, {'functional_group': 'carboxyllic_acid', 'smiles_inds': [1]}, {'functional_group': 'aldehyde', 'smiles_inds': [5]}, {'functional_group': 'iodo', 'smiles_inds': [18]}, {'functional_group': 'cyano', 'smiles_inds': [3]}, {'functional_group': 'bromo', 'smiles_inds': [17]}]",0.9999999999964186
31,top,C[NH+]1CCN(CC1)c1c(F)cc2C(=O)C(=CN3C(C)COc1c23)C(=O)[O-],"[25, 13]","[{'functional_group': 'methyl', 'smiles_inds': [2]}, {'functional_group': 'aldehyde', 'smiles_inds': [19]}, {'functional_group': 'methyl', 'smiles_inds': [1]}]",0.999999999997012
31,top,C[NH+]1CCN(CC1)c1c(F)cc2C(=O)C(=CN3C(C)COc1c23)C(=O)[O-],"[25, 13]","[{'functional_group': 'methyl', 'smiles_inds': [2]}, {'functional_group': 'aldehyde', 'smiles_inds': [19]}, {'functional_group': 'carboxyllic_acid', 'smiles_inds': [1]}, {'functional_group': 'aldehyde', 'smiles_inds': [5]}, {'functional_group': 'iodo', 'smiles_inds': [18]}, {'functional_group': 'cyano', 'smiles_inds': [3]}, {'functional_group': 'bromo', 'smiles_inds': [6]}]",0.9999999999986049
31,top,CC1C(=O)C(=NO)C(=O)C(=NO)C1=O,"[8, 10]","[{'functional_group': 'carboxylate', 'smiles_inds': [1]}, {'functional_group': 'bromo', 'smiles_inds': [0]}, {'functional_group': 'bromo', 'smiles_inds': [6]}, {'functional_group': 'amide', 'smiles_inds': [11]}]",0.9999999999990328
31,top,O=C(NCCN(CCNC(=O)C1=C([O-])C(=O)C=CO1)CCNC(=O)C1=C([O-])C(=O)C=CO1)C1=C([O-])C(=O)C=CO1,"[34, 36, 13, 15, 26, 28]","[{'functional_group': 'phenyl', 'smiles_inds': [16]}, {'functional_group': 'methyl', 'smiles_inds': [3]}]",0.9999999999991811
31,top,C[NH+]1CCN(CC1)c1c(F)cc2C(=O)C(=CN3C(C)COc1c23)C(=O)[O-],"[25, 13]","[{'functional_group': 'methyl', 'smiles_inds': [2]}, {'functional_group': 'aldehyde', 'smiles_inds': [19]}, {'functional_group': 'carboxyllic_acid', 'smiles_inds': [1]}, {'functional_group': 'aldehyde', 'smiles_inds': [5]}, {'functional_group': 'iodo', 'smiles_inds': [18]}, {'functional_group': 'cyano', 'smiles_inds': [3]}, {'functional_group': 'thiol', 'smiles_inds': [10]}]",0.9999999999992475
31,top,O=C(NCCN(CCNC(=O)C1=C([O-])C(=O)C=CO1)CCNC(=O)C1=C([O-])C(=O)C=CO1)C1=C([O-])C(=O)C=CO1,"[34, 36, 13, 15, 26, 28]","[{'functional_group': '2-hydroxypyridine', 'smiles_inds': [7]}]",0.9999999999993139
31,top,C[NH+]1CCN(CC1)c1c(F)cc2C(=O)C(=CN3C(C)COc1c23)C(=O)[O-],"[25, 13]","[{'functional_group': 'methyl', 'smiles_inds': [2]}, {'functional_group': 'aldehyde', 'smiles_inds': [19]}, {'functional_group': 'carboxyllic_acid', 'smiles_inds': [1]}, {'functional_group': 'aldehyde', 'smiles_inds': [5]}, {'functional_group': 'iodo', 'smiles_inds': [18]}, {'functional_group': 'cyano', 'smiles_inds': [3]}, {'functional_group': 'bromo', 'smiles_inds': [10]}]",0.99999999999941
31,top,C[NH+]1CCN(CC1)c1c(F)cc2C(=O)C(=CN3C(C)COc1c23)C(=O)[O-],"[25, 13]","[{'functional_group': 'methyl', 'smiles_inds': [2]}, {'functional_group': 'aldehyde', 'smiles_inds': [19]}, {'functional_group': 'methyl_ester', 'smiles_inds': [5]}, {'functional_group': 'methyl', 'smiles_inds': [1]}]",0.9999999999995797
31,top,C[NH+]1CCN(CC1)c1c(F)cc2C(=O)C(=CN3C(C)COc1c23)C(=O)[O-],"[25, 13]","[{'functional_group': 'methyl', 'smiles_inds': [2]}, {'functional_group': 'aldehyde', 'smiles_inds': [19]}, {'functional_group': 'carboxyllic_acid', 'smiles_inds': [1]}, {'functional_group': 'aldehyde', 'smiles_inds': [5]}, {'functional_group': 'iodo', 'smiles_inds': [18]}, {'functional_group': 'cyano', 'smiles_inds': [3]}, {'functional_group': 'hydroxyl', 'smiles_inds': [17]}]",0.9999999999996723
31,top,C[NH+]1CCN(CC1)c1c(F)cc2C(=O)C(=CN3C(C)COc1c23)C(=O)[O-],"[25, 13]","[{'functional_group': 'carboxylate', 'smiles_inds': [19]}, {'functional_group': 'amide', 'smiles_inds': [1]}, {'functional_group': 'cyanimide', 'smiles_inds': [0]}, {'functional_group': 'tribromo', 'smiles_inds': [3]}, {'functional_group': 'trichloro', 'smiles_inds': [5]}]",0.9999999999997855
31,top,C[NH+]1CCN(CC1)c1c(F)cc2C(=O)C(=CN3C(C)COc1c23)C(=O)[O-],"[25, 13]","[{'functional_group': 'methyl', 'smiles_inds': [2]}, {'functional_group': 'aldehyde', 'smiles_inds': [19]}, {'functional_group': 'carboxyllic_acid', 'smiles_inds': [1]}, {'functional_group': 'aldehyde', 'smiles_inds': [5]}, {'functional_group': 'trichloro', 'smiles_inds': [3]}]",0.9999999999997897
31,top,C[NH+]1CCN(CC1)c1c(F)cc2C(=O)C(=CN3C(C)COc1c23)C(=O)[O-],"[25, 13]","[{'functional_group': 'methyl', 'smiles_inds': [1]}, {'functional_group': 'trichloro', 'smiles_inds': [5]}, {'functional_group': 'tribromo', 'smiles_inds': [2]}]",0.9999999999998601
31,top,C[NH+]1CCN(CC1)c1c(F)cc2C(=O)C(=CN3C(C)COc1c23)C(=O)[O-],"[25, 13]","[{'functional_group': 'methyl', 'smiles_inds': [1]}, {'functional_group': 'trichloro', 'smiles_inds': [3]}]",0.9999999999998794
31,top,O=C(NCCN(CCNC(=O)C1=C([O-])C(=O)C=CO1)CCNC(=O)C1=C([O-])C(=O)C=CO1)C1=C([O-])C(=O)C=CO1,"[34, 36, 13, 15, 26, 28]","[{'functional_group': 'ethyl', 'smiles_inds': [29]}]",0.9999999999999376
31,top,C[NH+]1CCN(CC1)c1c(F)cc2C(=O)C(=CN3C(C)COc1c23)C(=O)[O-],"[25, 13]","[{'functional_group': 'ethyl', 'smiles_inds': [1]}, {'functional_group': 'trichloro', 'smiles_inds': [19]}, {'functional_group': 'trichloro', 'smiles_inds': [3]}]",0.9999999999999476
32,bottom,CC(C)(C)[Si]([SiH]1[Si]2(CC[Si]3(OCCOCCOCCOCCOCCO3)[Si]12[Si](C(C)(C)C)(C(C)(C)C)C(C)(C)C)[Si](C(C)(C)C)(C(C)(C)C)C(C)(C)C)(C(C)(C)C)C(C)(C)C,"[22, 19, 16]",[],1.095146475318221e-39
32,bottom,CC1=C(C)C[Ge]2([Ge]([Ge]2(C1)[Si](C(C)(C)C)(C(C)(C)C)C(C)(C)C)[Si](C(C)(C)C)(C(C)(C)C)C(C)(C)C)[Si](C(C)(C)C)(C(C)(C)C)C(C)(C)C,[6],"[{'functional_group': 'cyano', 'smiles_inds': [37]}, {'functional_group': 'cyano', 'smiles_inds': [30]}]",2.6114509000408016e-37
32,bottom,COc1cc(P2C3(C)CC4(C)OC(C)(CC2(C)O4)O3)c(cc1OC)P1C2(C)CC3(C)OC(C)(CC1(C)O3)O2,"[5, 24]",[],7.198967016944994e-32
32,bottom,CC12CC3(C)OC(C)(CC(C)(O1)P3OCc1ccccc1COP1C3(C)CC4(C)OC(C)(CC1(C)O4)O3)O2,"[12, 23]","[{'functional_group': 'fluoro', 'smiles_inds': [0]}, {'functional_group': '2-methylbenzoic_acid', 'smiles_inds': [18]}]",1.4783289223211006e-31
32,bottom,CP(CCP(C)c1c(cc(cc1C([Si](C)(C)C)[Si](C)(C)C)C([Si](C)(C)C)([Si](C)(C)C)[Si](C)(C)C)C([Si](C)(C)C)[Si](C)(C)C)c1c(cc(cc1C([Si](C)(C)C)[Si](C)(C)C)C([Si](C)(C)C)([Si](C)(C)C)[Si](C)(C)C)C([Si-](C)C)[Si](C)(C)C,"[4, 72, 1]","[{'functional_group': 'ethyl', 'smiles_inds': [73]}]",1.702639777609862e-31
32,bottom,CC(C)(C)P(CCCP(CCCP(C(C)(C)C)C(C)(C)C)CCCP(C(C)(C)C)C(C)(C)C)C(C)(C)C,"[4, 8, 12]","[{'functional_group': 'iodo', 'smiles_inds': [18]}, {'functional_group': 'ethyl_ester', 'smiles_inds': [7]}, {'functional_group': 'phenyl', 'smiles_inds': [15]}]",1.9020360402234934e-31
32,bottom,CC(C)(C)P(CCCP(CCCP(C(C)(C)C)C(C)(C)C)CCCP(C(C)(C)C)C(C)(C)C)C(C)(C)C,"[4, 8, 12]","[{'functional_group': 'carbonyl', 'smiles_inds': [27]}, {'functional_group': '2-hydroxypyridine', 'smiles_inds': [23]}]",2.427187426557214e-31
32,bottom,CC(C)(C)P(P1P(P(P1C(C)(C)C)C(C)(C)C)C(C)(C)C)P1P(P(P1C(C)(C)C)C(C)(C)C)C(C)(C)C,[4],[],6.427140381890409e-31
32,bottom,COc1cc(P2C3(C)CC4(C)OC(C)(CC2(C)O4)O3)c(cc1OC)P1C2(C)CC3(C)OC(C)(CC1(C)O3)O2,"[5, 24]","[{'functional_group': 'amino', 'smiles_inds': [23]}]",1.255772496317824e-30
32,bottom,C[Si](C)(CCC(F)(F)C(F)(F)C(F)(F)C(F)(F)C(F)(F)C(F)(F)F)c1ccc(cc1)P(CCP(c1ccc(cc1)[Si](C)(C)CCC(F)(F)C(F)(F)C(F)(F)C(F)(F)C(F)(F)C(F)(F)F)c1ccc(cc1)[Si](C)(C)CCC(F)(F)C(F)(F)C(F)(F)C(F)(F)C(F)(F)C(F)(F)F)c1ccc(cc1)[Si](C)(C)CCC(F)(F)C(F)(F)C(F)(F)C(F)(F)C(F)(F)C(F)(F)F,"[30, 33]","[{'functional_group': 'tribromo', 'smiles_inds': [96]}]",4.841395002518398e-30
32,bottom,C[Si](C)(C)c1cc(cc(c1)[Si](C)(C)C)P(c1cc(cc(c1)[Si](C)(C)C)[Si](C)(C)C)c1ccccc1P(c1cc(cc(c1)[Si](C)(C)C)[Si](C)(C)C)c1cc(cc(c1)[Si](C)(C)C)[Si](C)(C)C,"[35, 14]",[],1.3289372625677996e-29
32,bottom,C[Si](C)(C)c1cc(cc(c1)[Si](C)(C)C)P(c1cc(cc(c1)[Si](C)(C)C)[Si](C)(C)C)c1ccccc1P(c1cc(cc(c1)[Si](C)(C)C)[Si](C)(C)C)c1cc(cc(c1)[Si](C)(C)C)[Si](C)(C)C,"[35, 14]","[{'functional_group': 'fluoro', 'smiles_inds': [57]}]",1.5671018781672695e-29
32,bottom,Cc1cc(c2ccc(cc2)N(c2ccccc2)c2ccccc2)c(N=C(C)C(C)=Nc2c(cc(C)cc2c2ccc(cc2)N(c2ccccc2)c2ccccc2)c2ccc(cc2)N(c2ccccc2)c2ccccc2)c(c1)c1ccc(cc1)N(c1ccccc1)c1ccccc1,"[24, 29]",[],1.2485982934678639e-27
32,bottom,Cc1cc(c2ccc(cc2)N(c2ccccc2)c2ccccc2)c(N=C(C)C(C)=Nc2c(cc(C)cc2c2ccc(cc2)N(c2ccccc2)c2ccccc2)c2ccc(cc2)N(c2ccccc2)c2ccccc2)c(c1)c1ccc(cc1)N(c1ccccc1)c1ccccc1,"[24, 29]","[{'functional_group': 'chloro', 'smiles_inds': [73]}]",2.267106708243243e-27
32,bottom,C[Si]([Ge]1[Si]2([Ge]([Si]12[Si](C)(C(C)(C)C)C(C)(C)C)[Si](C)(C(C)(C)C)C(C)(C)C)[Si](C)(C(C)(C)C)C(C)(C)C)(C(C)(C)C)C(C)(C)C,"[2, 4]","[{'functional_group': 'thiol', 'smiles_inds': [38]}, {'functional_group': '2-methylbenzoic_acid', 'smiles_inds': [20]}, {'functional_group': 'bromo', 'smiles_inds': [30]}]",1.1995099252582718e-26
32,bottom,CC(C)(C)P1P(P2P(P(P2C(C)(C)C)C(C)(C)C)C(C)(C)C)P(P1C(C)(C)C)C(C)(C)C,"[7, 4]",[],1.501869113441131e-26
32,bottom,CCCCCC1c2cc3C(CCCCC)c4cc5C(CCCCC)c6cc7C(CCCCC)c8cc1c1OCOc2cc3OCOc4c(P(c2ccccc2)c2ccccc2)c5OCOc6cc7OCOc8c1OCc1cccc(COc2c3OCOc4cc5OCOc6c7cc8C(CCCCC)c9cc%10C(CCCCC)c(cc3C(CCCCC)c4cc5C7CCCCC)c2OCOc%10cc9OCOc8c6P(c2ccccc2)c2ccccc2)c1,"[48, 142]","[{'functional_group': 'fluoro', 'smiles_inds': [78]}, {'functional_group': 'trichloro', 'smiles_inds': [12]}]",1.84040957250984e-26
32,bottom,C[Si](C)(C)C(c1cc(C([Si](C)(C)C)[Si](C)(C)C)c(Sc2ccccc2Sc2ccccc2Sc2ccccc2Sc2c(cc(cc2C([Si](C)(C)C)[Si](C)(C)C)C([Si](C)(C)C)[Si](C)(C)C)C([Si](C)(C)C)[Si](C)(C)C)c(c1)C([Si](C)(C)C)[Si](C)(C)C)[Si](C)(C)C,"[25, 32]",[],2.401324527907574e-26
32,bottom,CC(C)(C)c1cc2c(OP(Oc3c2cc(cc3C(C)(C)C)C(C)(C)C)O[Si]2(O[Si]3(O[Si](OP4Oc5c(cc(cc5C(C)(C)C)C(C)(C)C)c5cc(cc(c5O4)C(C)(C)C)C(C)(C)C)(O[Si]4(O[Si](O3)(O[Si](O2)(O[Si](O4)(O[Si](C)(c2ccccc2)c2ccccc2)C2CCCC2)C2CCCC2)C2CCCC2)C2CCCC2)C2CCCC2)C2CCCC2)C2CCCC2)c(c1)C(C)(C)C,"[9, 32]","[{'functional_group': 'tribromo', 'smiles_inds': [90]}]",4.0772094196479175e-25
32,bottom,Cc1cc(C)c(B(CCCP(CCCB(c2c(C)cc(C)cc2C)c2c(C)cc(C)cc2C)CCP(CCCB(c2c(C)cc(C)cc2C)c2c(C)cc(C)cc2C)CCCB(c2c(C)cc(C)cc2C)c2c(C)cc(C)cc2C)c2c(C)cc(C)cc2C)c(C)c1,"[35, 10]",[],5.22914834626129e-25
32,median,CCOC(CN=Cc1ccccc1[O-])OCC,"[5, 13]","[{'functional_group': 'tribromo', 'smiles_inds': [6]}]",0.33160647952631694
32,median,Cc1cccc(c1)[N-]C(c1ccccc1)=C1C(=NN(c2ccccc2)C1=O)C,"[7, 26]","[{'functional_group': '2-methylbenzoic_acid', 'smiles_inds': [22]}]",0.3317755722022899
32,median,CC(C)(C)CC(C)(C)N=Cc1ccccn1,"[15, 8]",[],0.33190647702791337
32,median,CCOCCCN=Cc1cccc(OC)c1[O-],"[6, 16]","[{'functional_group': 'hydroxyl', 'smiles_inds': [1]}]",0.33198654049922044
32,median,CCCC[PH+](CCCC)CCCC,[4],"[{'functional_group': 'aldehyde', 'smiles_inds': [9]}, {'functional_group': 'chloro', 'smiles_inds': [7]}]",0.332221504492857
32,median,CCOC(=O)C(=Cc1cc(C)cc(C=Nc2ccccc2N=Nc2ccc(C)cc2)c1[O-])C#N,"[14, 31, 21]","[{'functional_group': 'trichloro', 'smiles_inds': [1]}, {'functional_group': 'aldehyde', 'smiles_inds': [17]}]",0.33246165476190986
32,median,Oc1ccccc1C[NH2+]CCC(=O)[O-],[13],"[{'functional_group': 'chloro', 'smiles_inds': [5]}, {'functional_group': 'trichloro', 'smiles_inds': [4]}]",0.33249675574547277
32,median,CO,[1],"[{'functional_group': 'fluoro', 'smiles_inds': [0]}]",0.33249904725535306
32,median,Oc1cccc(c1)C1=N[N-]C(=N1)c1ccccn1,"[9, 17]","[{'functional_group': 'carboxylate', 'smiles_inds': [16]}, {'functional_group': 'iodo', 'smiles_inds': [14]}, {'functional_group': 'tribromo', 'smiles_inds': [0]}, {'functional_group': 'amide', 'smiles_inds': [3]}, {'functional_group': 'carboxyllic_acid', 'smiles_inds': [6]}, {'functional_group': 'methyl_ester', 'smiles_inds': [15]}]",0.332743030114704
32,median,CN(C)N=C([O-])c1ccc(cc1)C(C)(C)C,"[5, 1]",[],0.3327931130636194
32,median,S=C(NCCc1ccccc1)NN=Cc1ccccn1,"[0, 19, 12]","[{'functional_group': 'bromo', 'smiles_inds': [18]}, {'functional_group': '2-methylbenzoic_acid', 'smiles_inds': [11]}, {'functional_group': 'carbonyl', 'smiles_inds': [4]}]",0.3328682617822024
32,median,Brc1ccc([O-])c(C=Nc2ccccc2C2=Nc3ccccc3N2)c1,"[5, 8, 16]",[],0.3329251191921538
32,median,COc1ccc(cc1)C(=O)c1ccc(OC)cc1,[9],"[{'functional_group': 'chloro', 'smiles_inds': [16]}, {'functional_group': 'bromo', 'smiles_inds': [0]}]",0.3330052832897208
32,median,CC(C)(N)C(C)(C)N,"[3, 7]","[{'functional_group': 'phenyl', 'smiles_inds': [6]}]",0.3330658618330821
32,median,CNC([S-])=NN=C(C)C=Cc1ccccc1,"[5, 3]",[],0.33307704316873193
32,median,COC(NCCN(CCN=Cc1ccccc1[O-])CCN1N=C(C)C=C1C)c1ccccc1[O-],"[33, 17, 21, 3, 6, 9]","[{'functional_group': 'iodo', 'smiles_inds': [4]}, {'functional_group': 'methyl', 'smiles_inds': [10]}]",0.3331382556985153
32,median,Cc1ccc(cc1)S(=O)(=O)N=C1Sc2cc(C)c(C)cc2[N-]1,"[8, 21]","[{'functional_group': 'carboxyl', 'smiles_inds': [0]}]",0.3331825227834993
32,median,COC(=O)C[O-],"[5, 3]","[{'functional_group': 'methyl', 'smiles_inds': [0]}]",0.33333046574656233
32,median,Cc1ccccc1N=Cc1cccc(O)c1[O-],"[16, 7]",[],0.33339943840402725
32,median,CC(=O)c1cccc(n1)C(C)=NCCCN(CCCN)CCCN,"[2, 15, 11, 8, 19, 23]","[{'functional_group': 'methyl', 'smiles_inds': [18]}]",0.33349546140335823
32,top,C[NH+]1CCN(CC1)c1c(F)cc2C(=O)C(=CN3C(C)COc1c23)C(=O)[O-],"[25, 13]","[{'functional_group': 'ethyl', 'smiles_inds': [1]}, {'functional_group': 'trichloro', 'smiles_inds': [19]}, {'functional_group': 'tribromo', 'smiles_inds': [18]}, {'functional_group': 'carboxyl', 'smiles_inds': [2]}, {'functional_group': 'methyl', 'smiles_inds': [0]}, {'functional_group': 'carboxylate', 'smiles_inds': [5]}, {'functional_group': 'ethyl', 'smiles_inds': [6]}, {'functional_group': 'carboxylate', 'smiles_inds': [3]}, {'functional_group': 'trichloro', 'smiles_inds': [17]}, {'functional_group': 'chloro', 'smiles_inds': [10]}]",0.99999999999607
32,top,C[NH+]1CCN(CC1)c1c(F)cc2C(=O)C(=CN3C(C)COc1c23)C(=O)[O-],"[25, 13]","[{'functional_group': 'ethyl', 'smiles_inds': [1]}, {'functional_group': 'trichloro', 'smiles_inds': [19]}, {'functional_group': 'tribromo', 'smiles_inds': [18]}, {'functional_group': 'carboxyl', 'smiles_inds': [2]}, {'functional_group': 'aldehyde', 'smiles_inds': [6]}, {'functional_group': 'carboxylate', 'smiles_inds': [10]}, {'functional_group': 'methyl_ester', 'smiles_inds': [5]}, {'functional_group': 'carboxylate', 'smiles_inds': [3]}, {'functional_group': 'ether', 'smiles_inds': [17]}]",0.9999999999962135
32,top,C[NH+]1CCN(CC1)c1c(F)cc2C(=O)C(=CN3C(C)COc1c23)C(=O)[O-],"[25, 13]","[{'functional_group': 'methyl', 'smiles_inds': [2]}, {'functional_group': 'aldehyde', 'smiles_inds': [19]}, {'functional_group': 'carboxyllic_acid', 'smiles_inds': [1]}, {'functional_group': 'carboxyl', 'smiles_inds': [6]}, {'functional_group': 'thiol', 'smiles_inds': [10]}, {'functional_group': 'cyano', 'smiles_inds': [3]}, {'functional_group': 'carbonyl', 'smiles_inds': [5]}]",0.9999999999965143
32,top,C[NH+]1CCN(CC1)c1c(F)cc2C(=O)C(=CN3C(C)COc1c23)C(=O)[O-],"[25, 13]","[{'functional_group': 'ethyl', 'smiles_inds': [1]}, {'functional_group': 'trichloro', 'smiles_inds': [19]}, {'functional_group': 'tribromo', 'smiles_inds': [18]}, {'functional_group': 'carboxyl', 'smiles_inds': [2]}, {'functional_group': 'methyl', 'smiles_inds': [0]}, {'functional_group': 'carboxylate', 'smiles_inds': [5]}, {'functional_group': 'ethyl', 'smiles_inds': [6]}, {'functional_group': 'carboxylate', 'smiles_inds': [3]}, {'functional_group': 'iodo', 'smiles_inds': [10]}]",0.9999999999965496
32,top,C[NH+]1CCN(CC1)c1c(F)cc2C(=O)C(=CN3C(C)COc1c23)C(=O)[O-],"[25, 13]","[{'functional_group': 'carboxyl', 'smiles_inds': [5]}, {'functional_group': 'methyl', 'smiles_inds': [1]}]",0.9999999999974176
32,top,C[NH+]1CCN(CC1)c1c(F)cc2C(=O)C(=CN3C(C)COc1c23)C(=O)[O-],"[25, 13]","[{'functional_group': 'carboxylate', 'smiles_inds': [1]}, {'functional_group': 'trichloro', 'smiles_inds': [19]}]",0.9999999999976354
32,top,C[NH+]1CCN(CC1)c1c(F)cc2C(=O)C(=CN3C(C)COc1c23)C(=O)[O-],"[25, 13]","[{'functional_group': 'ethyl', 'smiles_inds': [1]}, {'functional_group': 'trichloro', 'smiles_inds': [19]}, {'functional_group': 'tribromo', 'smiles_inds': [18]}, {'functional_group': 'carboxyl', 'smiles_inds': [2]}, {'functional_group': 'tribromo', 'smiles_inds': [0]}, {'functional_group': 'carboxylate', 'smiles_inds': [10]}, {'functional_group': 'carboxylate', 'smiles_inds': [5]}, {'functional_group': 'carboxylate', 'smiles_inds': [3]}, {'functional_group': 'chloro', 'smiles_inds': [17]}, {'functional_group': 'cyano', 'smiles_inds': [6]}]",0.9999999999976839
32,top,C[NH+]1CCN(CC1)c1c(F)cc2C(=O)C(=CN3C(C)COc1c23)C(=O)[O-],"[25, 13]","[{'functional_group': 'ethyl', 'smiles_inds': [1]}, {'functional_group': 'trichloro', 'smiles_inds': [19]}, {'functional_group': 'tribromo', 'smiles_inds': [18]}, {'functional_group': 'carboxyl', 'smiles_inds': [2]}, {'functional_group': 'methyl', 'smiles_inds': [0]}, {'functional_group': 'carboxylate', 'smiles_inds': [5]}, {'functional_group': 'ethyl', 'smiles_inds': [6]}, {'functional_group': 'carboxylate', 'smiles_inds': [3]}, {'functional_group': 'hydroxyl', 'smiles_inds': [10]}]",0.9999999999977109
32,top,C[NH+]1CCN(CC1)c1c(F)cc2C(=O)C(=CN3C(C)COc1c23)C(=O)[O-],"[25, 13]","[{'functional_group': 'methyl', 'smiles_inds': [2]}, {'functional_group': 'aldehyde', 'smiles_inds': [19]}, {'functional_group': 'carboxyllic_acid', 'smiles_inds': [1]}, {'functional_group': 'aldehyde', 'smiles_inds': [5]}, {'functional_group': 'carboxyl', 'smiles_inds': [3]}]",0.9999999999982037
32,top,C[NH+]1CCN(CC1)c1c(F)cc2C(=O)C(=CN3C(C)COc1c23)C(=O)[O-],"[25, 13]","[{'functional_group': 'ethyl', 'smiles_inds': [1]}, {'functional_group': 'trichloro', 'smiles_inds': [19]}, {'functional_group': 'tribromo', 'smiles_inds': [18]}, {'functional_group': 'carboxyl', 'smiles_inds': [2]}, {'functional_group': 'methyl', 'smiles_inds': [0]}, {'functional_group': 'carboxylate', 'smiles_inds': [5]}, {'functional_group': 'ethyl', 'smiles_inds': [6]}, {'functional_group': 'carboxylate', 'smiles_inds': [3]}, {'functional_group': 'ether', 'smiles_inds': [17]}]",0.9999999999986395
32,top,C[NH+]1CCN(CC1)c1c(F)cc2C(=O)C(=CN3C(C)COc1c23)C(=O)[O-],"[25, 13]","[{'functional_group': 'ethyl', 'smiles_inds': [1]}, {'functional_group': 'trichloro', 'smiles_inds': [19]}, {'functional_group': 'tribromo', 'smiles_inds': [18]}, {'functional_group': 'carboxyl', 'smiles_inds': [2]}, {'functional_group': 'tribromo', 'smiles_inds': [0]}, {'functional_group': 'carboxylate', 'smiles_inds': [10]}, {'functional_group': 'carboxylate', 'smiles_inds': [5]}, {'functional_group': 'carboxylate', 'smiles_inds': [3]}, {'functional_group': 'chloro', 'smiles_inds': [17]}, {'functional_group': 'amino', 'smiles_inds': [6]}]",0.9999999999991622
32,top,C[NH+]1CCN(CC1)c1c(F)cc2C(=O)C(=CN3C(C)COc1c23)C(=O)[O-],"[25, 13]","[{'functional_group': 'ethyl', 'smiles_inds': [1]}, {'functional_group': 'trichloro', 'smiles_inds': [19]}, {'functional_group': 'tribromo', 'smiles_inds': [18]}, {'functional_group': 'carboxyl', 'smiles_inds': [2]}, {'functional_group': 'tribromo', 'smiles_inds': [0]}, {'functional_group': 'carboxylate', 'smiles_inds': [10]}, {'functional_group': 'carboxylate', 'smiles_inds': [5]}, {'functional_group': 'carboxylate', 'smiles_inds': [3]}, {'functional_group': 'chloro', 'smiles_inds': [17]}, {'functional_group': 'trichloro', 'smiles_inds': [6]}]",0.9999999999994515
32,top,C[NH+]1CCN(CC1)c1c(F)cc2C(=O)C(=CN3C(C)COc1c23)C(=O)[O-],"[25, 13]","[{'functional_group': 'methyl', 'smiles_inds': [2]}, {'functional_group': 'aldehyde', 'smiles_inds': [19]}, {'functional_group': 'carboxyllic_acid', 'smiles_inds': [1]}, {'functional_group': 'aldehyde', 'smiles_inds': [5]}, {'functional_group': 'iodo', 'smiles_inds': [18]}, {'functional_group': 'cyano', 'smiles_inds': [3]}, {'functional_group': 'aldehyde', 'smiles_inds': [10]}]",0.9999999999995373
32,top,C[NH+]1CCN(CC1)c1c(F)cc2C(=O)C(=CN3C(C)COc1c23)C(=O)[O-],"[25, 13]","[{'functional_group': 'ethyl', 'smiles_inds': [1]}, {'functional_group': 'trichloro', 'smiles_inds': [19]}, {'functional_group': 'tribromo', 'smiles_inds': [18]}, {'functional_group': 'carboxyl', 'smiles_inds': [2]}, {'functional_group': 'methyl', 'smiles_inds': [6]}, {'functional_group': 'chloro', 'smiles_inds': [10]}, {'functional_group': 'amino', 'smiles_inds': [5]}]",0.9999999999995566
32,top,C[NH+]1CCN(CC1)c1c(F)cc2C(=O)C(=CN3C(C)COc1c23)C(=O)[O-],"[25, 13]","[{'functional_group': 'amino', 'smiles_inds': [5]}, {'functional_group': 'methyl', 'smiles_inds': [1]}]",0.9999999999996829
32,top,CC1C(=O)C(=NO)C(=O)C(=NO)C1=O,"[8, 10]","[{'functional_group': 'carboxylate', 'smiles_inds': [1]}, {'functional_group': 'bromo', 'smiles_inds': [0]}, {'functional_group': 'bromo', 'smiles_inds': [6]}, {'functional_group': 'amide', 'smiles_inds': [11]}]",0.9999999999996891
32,top,C[NH+]1CCN(CC1)c1c(F)cc2C(=O)C(=CN3C(C)COc1c23)C(=O)[O-],"[25, 13]","[{'functional_group': 'ethyl', 'smiles_inds': [1]}, {'functional_group': 'trichloro', 'smiles_inds': [19]}, {'functional_group': 'tribromo', 'smiles_inds': [18]}, {'functional_group': 'carboxyl', 'smiles_inds': [2]}, {'functional_group': 'methyl', 'smiles_inds': [0]}, {'functional_group': 'carboxylate', 'smiles_inds': [5]}, {'functional_group': 'ethyl', 'smiles_inds': [6]}, {'functional_group': 'carboxylate', 'smiles_inds': [3]}, {'functional_group': 'carboxylate', 'smiles_inds': [10]}, {'functional_group': 'ether', 'smiles_inds': [17]}]",0.9999999999996971
32,top,C[NH+]1CCN(CC1)c1c(F)cc2C(=O)C(=CN3C(C)COc1c23)C(=O)[O-],"[25, 13]","[{'functional_group': 'methyl', 'smiles_inds': [2]}, {'functional_group': 'aldehyde', 'smiles_inds': [19]}, {'functional_group': 'carboxyllic_acid', 'smiles_inds': [1]}, {'functional_group': 'aldehyde', 'smiles_inds': [5]}, {'functional_group': 'iodo', 'smiles_inds': [18]}, {'functional_group': 'cyano', 'smiles_inds': [3]}, {'functional_group': 'trichloro', 'smiles_inds': [17]}]",0.9999999999997136
32,top,C[NH+]1CCN(CC1)c1c(F)cc2C(=O)C(=CN3C(C)COc1c23)C(=O)[O-],"[25, 13]","[{'functional_group': 'methyl', 'smiles_inds': [2]}, {'functional_group': 'aldehyde', 'smiles_inds': [19]}, {'functional_group': 'carboxyllic_acid', 'smiles_inds': [1]}, {'functional_group': 'aldehyde', 'smiles_inds': [5]}, {'functional_group': 'iodo', 'smiles_inds': [18]}, {'functional_group': 'cyano', 'smiles_inds': [3]}, {'functional_group': 'carbonyl', 'smiles_inds': [10]}, {'functional_group': 'carboxyl', 'smiles_inds': [17]}]",0.9999999999997307
32,top,O=C(NCCN(CCNC(=O)C1=C([O-])C(=O)C=CO1)CCNC(=O)C1=C([O-])C(=O)C=CO1)C1=C([O-])C(=O)C=CO1,"[34, 36, 13, 15, 26, 28]","[{'functional_group': 'fluoro', 'smiles_inds': [20]}, {'functional_group': 'bromo', 'smiles_inds': [3]}, {'functional_group': 'iodo', 'smiles_inds': [2]}]",0.9999999999999225
33,bottom,C[Si](C)(C)c1cc(cc(c1)[Si](C)(C)C)C(C(=O)Nc1cccc(NC(=O)C(c2cc(cc(c2)[Si](C)(C)C)[Si](C)(C)C)(c2cc(cc(c2)[Si](C)(C)C)[Si](C)(C)C)c2cc(cc(c2)[Si](C)(C)C)[Si](C)(C)C)c1[S-])(c1cc(cc(c1)[Si](C)(C)C)[Si](C)(C)C)c1cc(cc(c1)[Si](C)(C)C)[Si](C)(C)C,"[70, 16]","[{'functional_group': 'carbonyl', 'smiles_inds': [13]}, {'functional_group': 'carboxylate', 'smiles_inds': [83]}]",1.2146438856187773e-41
33,bottom,CP(CCP(C)c1c(cc(cc1C([Si](C)(C)C)[Si](C)(C)C)C([Si](C)(C)C)([Si](C)(C)C)[Si](C)(C)C)C([Si](C)(C)C)[Si](C)(C)C)c1c(cc(cc1C([Si](C)(C)C)[Si](C)(C)C)C([Si](C)(C)C)([Si](C)(C)C)[Si](C)(C)C)C([Si-](C)C)[Si](C)(C)C,"[4, 72, 1]",[],1.3623102039530414e-34
33,bottom,CC(C)(C)[Si]([SiH]1[Si]2(CC[Si]3(OCCOCCOCCOCCOCCO3)[Si]12[Si](C(C)(C)C)(C(C)(C)C)C(C)(C)C)[Si](C(C)(C)C)(C(C)(C)C)C(C)(C)C)(C(C)(C)C)C(C)(C)C,"[22, 19, 16]","[{'functional_group': 'carboxyllic_acid', 'smiles_inds': [47]}, {'functional_group': 'iodo', 'smiles_inds': [11]}]",1.6796085926830703e-32
33,bottom,CC(C)(C)P(P1P(P(P1C(C)(C)C)C(C)(C)C)C(C)(C)C)P1P(P(P1C(C)(C)C)C(C)(C)C)C(C)(C)C,[4],[],1.7359385082335667e-32
33,bottom,C[Si](C)(CCC(F)(F)C(F)(F)C(F)(F)C(F)(F)C(F)(F)C(F)(F)F)c1ccc(cc1)P(CCP(c1ccc(cc1)[Si](C)(C)CCC(F)(F)C(F)(F)C(F)(F)C(F)(F)C(F)(F)C(F)(F)F)c1ccc(cc1)[Si](C)(C)CCC(F)(F)C(F)(F)C(F)(F)C(F)(F)C(F)(F)C(F)(F)F)c1ccc(cc1)[Si](C)(C)CCC(F)(F)C(F)(F)C(F)(F)C(F)(F)C(F)(F)C(F)(F)F,"[30, 33]","[{'functional_group': 'methyl', 'smiles_inds': [25]}]",1.806447179705614e-31
33,bottom,CC1=C(C)C[Ge]2([Ge]([Ge]2(C1)[Si](C(C)(C)C)(C(C)(C)C)C(C)(C)C)[Si](C(C)(C)C)(C(C)(C)C)C(C)(C)C)[Si](C(C)(C)C)(C(C)(C)C)C(C)(C)C,[6],"[{'functional_group': 'hydroxyl', 'smiles_inds': [12]}, {'functional_group': 'cyanimide', 'smiles_inds': [3]}, {'functional_group': 'thiol', 'smiles_inds': [37]}]",2.2957087849200204e-31
33,bottom,CC(C)(C)P(P1P2P3P2P(P1P3P(C(C)(C)C)C(C)(C)C)P(C(C)(C)C)C(C)(C)C)C(C)(C)C,[6],"[{'functional_group': 'phenyl', 'smiles_inds': [29]}]",1.7120119293493205e-30
33,bottom,C[Si](C)(CCC(F)(F)C(F)(F)C(F)(F)C(F)(F)C(F)(F)C(F)(F)F)c1ccc(cc1)P(CCP(c1ccc(cc1)[Si](C)(C)CCC(F)(F)C(F)(F)C(F)(F)C(F)(F)C(F)(F)C(F)(F)F)c1ccc(cc1)[Si](C)(C)CCC(F)(F)C(F)(F)C(F)(F)C(F)(F)C(F)(F)C(F)(F)F)c1ccc(cc1)[Si](C)(C)CCC(F)(F)C(F)(F)C(F)(F)C(F)(F)C(F)(F)C(F)(F)F,"[30, 33]","[{'functional_group': 'iodo', 'smiles_inds': [68]}, {'functional_group': 'ketone', 'smiles_inds': [72]}]",2.2239563373375436e-30
33,bottom,COc1cc(P2C3(C)CC4(C)OC(C)(CC2(C)O4)O3)c(cc1OC)P1C2(C)CC3(C)OC(C)(CC1(C)O3)O2,"[5, 24]","[{'functional_group': 'fluoro', 'smiles_inds': [26]}]",2.5916138343389117e-30
33,bottom,CC(C)(C)P(CCP(CCP(C(C)(C)C)C(C)(C)C)CCP(C(C)(C)C)C(C)(C)C)C(C)(C)C,"[4, 7, 10]","[{'functional_group': 'thiol', 'smiles_inds': [0]}, {'functional_group': 'ethyl', 'smiles_inds': [16]}, {'functional_group': 'phosphonate', 'smiles_inds': [24]}]",7.897052803585218e-30
33,bottom,CC12CC3(C)OC(C)(CC(C)(O1)P3OCc1ccccc1COP1C3(C)CC4(C)OC(C)(CC1(C)O4)O3)O2,"[12, 23]","[{'functional_group': 'phenyl', 'smiles_inds': [16]}, {'functional_group': 'ketone', 'smiles_inds': [32]}]",1.4049954600742837e-29
33,bottom,C[Si](C)(C)c1cc(cc(c1)[Si](C)(C)C)P(c1cc(cc(c1)[Si](C)(C)C)[Si](C)(C)C)c1ccccc1P(c1cc(cc(c1)[Si](C)(C)C)[Si](C)(C)C)c1cc(cc(c1)[Si](C)(C)C)[Si](C)(C)C,"[35, 14]","[{'functional_group': 'chloro', 'smiles_inds': [18]}]",2.0196416207019686e-29
33,bottom,C[Si](C)(C)c1cc(cc(c1)[Si](C)(C)C)P(c1cc(cc(c1)[Si](C)(C)C)[Si](C)(C)C)c1ccccc1P(c1cc(cc(c1)[Si](C)(C)C)[Si](C)(C)C)c1cc(cc(c1)[Si](C)(C)C)[Si](C)(C)C,"[35, 14]",[],3.089317614863714e-29
33,bottom,CC12CC3(C)OC(C)(CC(C)(O1)P3Cc1ccccc1P1C3(C)CC4(C)OC(C)(CC1(C)O4)O3)O2,"[12, 20]",[],1.1682079663271177e-28
33,bottom,C[Si](C)(C)C(c1cc(C([Si](C)(C)C)[Si](C)(C)C)c([Se]c2ccccc2Sc2ccccc2Sc2ccccc2[Se]c2c(cc(cc2C([Si](C)(C)C)[Si](C)(C)C)C([Si](C)(C)C)[Si](C)(C)C)C([Si](C)(C)C)[Si](C)(C)C)c(c1)C([Si](C)(C)C)[Si](C)(C)C)[Si](C)(C)C,"[25, 32]",[],2.3979739356360494e-28
33,bottom,CC(C)(C)P1P(P2P(P(P2C(C)(C)C)C(C)(C)C)C(C)(C)C)P(P1C(C)(C)C)C(C)(C)C,"[7, 4]",[],6.856234864610355e-28
33,bottom,CC12CC3(C)OC(C)(CC(C)(O1)P3c1nc3ccccc3nc1P1C3(C)CC4(C)OC(C)(CC1(C)O4)O3)O2,"[12, 23]",[],4.3159100782527846e-27
33,bottom,Cc1cc(c2ccc(cc2)N(c2ccccc2)c2ccccc2)c(N=C(C)C(C)=Nc2c(cc(C)cc2c2ccc(cc2)N(c2ccccc2)c2ccccc2)c2ccc(cc2)N(c2ccccc2)c2ccccc2)c(c1)c1ccc(cc1)N(c1ccccc1)c1ccccc1,"[24, 29]",[],2.888246306799119e-26
33,bottom,C[Si](C)(C)C(c1cc(C([Si](C)(C)C)[Si](C)(C)C)c(Sc2ccccc2[Se]c2ccccc2[Se]c2ccccc2Sc2c(cc(cc2C([Si](C)(C)C)[Si](C)(C)C)C([Si](C)(C)C)[Si](C)(C)C)C([Si](C)(C)C)[Si](C)(C)C)c(c1)C([Si](C)(C)C)[Si](C)(C)C)[Si](C)(C)C,"[25, 32]",[],4.359710192852378e-26
33,bottom,CC(C)(C)P(C[Si](C)(C)N[Si](C)(C)CP(=O)(C(C)(C)C)C(C)(C)C)C(C)(C)C,"[4, 15, 9]","[{'functional_group': 'trifluro', 'smiles_inds': [25]}]",3.492603117424454e-25
33,median,CCCCCCOc1ccc(cc1)C(=O)Oc1ccc(C=NCC)c([O-])c1,"[25, 21]",[],0.35488268293478337
33,median,CC(=NO)C1=NC=CS1,"[5, 2]",[],0.35492679898961793
33,median,Cc1ccc(cc1)N1C(=NN=C1c1ncccn1)c1ccccc1,"[7, 10]","[{'functional_group': 'chloro', 'smiles_inds': [19]}]",0.3549571616410484
33,median,CCCN(CCC)C([S-])=NC(=O)c1cc(cc(c1)N(=O)=O)N(=O)=O,"[8, 11]","[{'functional_group': 'trifluro', 'smiles_inds': [15]}, {'functional_group': 'carboxyl', 'smiles_inds': [4]}]",0.35496479250512347
33,median,CC(C)(C)C1COC(=N1)c1cccc([c-]1)C1=NC2C(Cc3ccccc23)O1,"[16, 8, 14]","[{'functional_group': 'phenyl', 'smiles_inds': [2]}, {'functional_group': 'ethyl', 'smiles_inds': [17]}]",0.35498485267985563
33,median,O=C(NCc1cccnc1)Nc1ccccc1,[8],"[{'functional_group': '2-hydroxypyridine', 'smiles_inds': [14]}, {'functional_group': 'tribromo', 'smiles_inds': [10]}]",0.3551158799596472
33,median,NC1=CNc2ccccc12,[0],"[{'functional_group': 'cyano', 'smiles_inds': [5]}, {'functional_group': 'bromo', 'smiles_inds': [7]}]",0.3553035233948241
33,median,Nc1nc(N)nc(n1)c1ccc(cc1)c1ccncc1,[17],[],0.3553066845336556
33,median,CCCCCCCCCCNCc1ccccn1,"[17, 10]","[{'functional_group': 'aldehyde', 'smiles_inds': [15]}]",0.355606236997491
33,median,CC(C)=NCCC1=CNC=N1,"[10, 3]",[],0.35561583502111477
33,median,CCOC(=O)c1ccncc1O,[8],[],0.3557428326394871
33,median,COc1cc2c([O-])c3nccc4C(=C(OC)C(=O)c(c2cc1OC)c34)Cl,"[6, 8]",[],0.35574357652854005
33,median,c1ccc(cc1)C1=CN(N=C1)c1ccccn1,"[9, 8]",[],0.35578329243018886
33,median,O1c2cccc3cccc(c23)[P]21Oc1cccc3cccc2c13,[11],[],0.3558967707484778
33,median,C[NH+]1CCN(CC1)c1c(F)cc2C(=O)C(=CN3C(C)COc1c23)C(=O)[O-],"[25, 13]","[{'functional_group': 'thiol', 'smiles_inds': [17]}, {'functional_group': 'ketone', 'smiles_inds': [15]}]",0.35609968273122355
33,median,CC1=C2C=Cc3c(nc(nc3c3ccccn3)c3ccccn3)N2N=N1,"[23, 22, 9]","[{'functional_group': '2-hydroxypyridine', 'smiles_inds': [12]}, {'functional_group': '2-methylbenzoic_acid', 'smiles_inds': [14]}]",0.35611897062975395
33,median,CC(C)(C)c1cc(nc(c1)c1cc(cc(n1)c1cccc[c-]1)C(C)(C)C)C1CCCC1,"[7, 15, 21]",[],0.35614654220289277
33,median,[NH3+]C12CNC3CCCCC3NCC([NH3+])(CNC3CCCCC3NC1)C(=O)[N-]c1ccccc1[N-]C2=O,"[26, 15, 10, 33, 3, 22]","[{'functional_group': '2-methylbenzoic_acid', 'smiles_inds': [30]}]",0.35618226566416344
33,median,COc1cc(C)cc(C=[NH+]c2ccccc2O)c1[O-],"[18, 1]","[{'functional_group': 'carboxyl', 'smiles_inds': [16]}, {'functional_group': 'bromo', 'smiles_inds': [9]}]",0.3562852772294276
33,median,CC1=CC(=O)N([N-]1)C1=Nc2ccccc2S1,"[8, 6]","[{'functional_group': 'thiol', 'smiles_inds': [12]}, {'functional_group': 'aldehyde', 'smiles_inds': [10]}]",0.3563370572553503
33,top,C[NH+]1CCN(CC1)c1c(F)cc2C(=O)C(=CN3C(C)COc1c23)C(=O)[O-],"[25, 13]","[{'functional_group': 'ethyl', 'smiles_inds': [1]}, {'functional_group': 'trichloro', 'smiles_inds': [19]}, {'functional_group': 'aldehyde', 'smiles_inds': [3]}]",0.9999999999962108
33,top,C[NH+]1CCN(CC1)c1c(F)cc2C(=O)C(=CN3C(C)COc1c23)C(=O)[O-],"[25, 13]","[{'functional_group': 'methyl', 'smiles_inds': [2]}, {'functional_group': 'aldehyde', 'smiles_inds': [19]}, {'functional_group': 'carboxyllic_acid', 'smiles_inds': [1]}, {'functional_group': 'aldehyde', 'smiles_inds': [5]}, {'functional_group': 'iodo', 'smiles_inds': [18]}, {'functional_group': 'cyano', 'smiles_inds': [3]}, {'functional_group': 'trifluro', 'smiles_inds': [10]}]",0.9999999999963329
33,top,CC1C(=O)C(=NO)C(=O)C(=NO)C1=O,"[8, 10]","[{'functional_group': 'carboxylate', 'smiles_inds': [1]}, {'functional_group': 'bromo', 'smiles_inds': [0]}, {'functional_group': 'bromo', 'smiles_inds': [6]}, {'functional_group': 'carboxylate', 'smiles_inds': [11]}]",0.9999999999971216
33,top,CC1C(=O)C(=NO)C(=O)C(=NO)C1=O,"[8, 10]","[{'functional_group': 'carboxylate', 'smiles_inds': [1]}, {'functional_group': 'bromo', 'smiles_inds': [0]}, {'functional_group': 'amide', 'smiles_inds': [6]}]",0.9999999999978122
33,top,C[NH+]1CCN(CC1)c1c(F)cc2C(=O)C(=CN3C(C)COc1c23)C(=O)[O-],"[25, 13]","[{'functional_group': 'methyl', 'smiles_inds': [2]}, {'functional_group': 'aldehyde', 'smiles_inds': [19]}, {'functional_group': 'carboxyllic_acid', 'smiles_inds': [1]}, {'functional_group': 'methyl', 'smiles_inds': [5]}, {'functional_group': 'tribromo', 'smiles_inds': [3]}]",0.9999999999984153
33,top,C[NH+]1CCN(CC1)c1c(F)cc2C(=O)C(=CN3C(C)COc1c23)C(=O)[O-],"[25, 13]","[{'functional_group': 'methyl', 'smiles_inds': [2]}, {'functional_group': 'aldehyde', 'smiles_inds': [19]}, {'functional_group': 'carboxyllic_acid', 'smiles_inds': [1]}, {'functional_group': '2-hydroxypyridine', 'smiles_inds': [18]}, {'functional_group': 'amino', 'smiles_inds': [5]}]",0.999999999998467
33,top,C[NH+]1CCN(CC1)c1c(F)cc2C(=O)C(=CN3C(C)COc1c23)C(=O)[O-],"[25, 13]","[{'functional_group': 'chloro', 'smiles_inds': [19]}, {'functional_group': 'methyl', 'smiles_inds': [1]}]",0.999999999998481
33,top,C[NH+]1CCN(CC1)c1c(F)cc2C(=O)C(=CN3C(C)COc1c23)C(=O)[O-],"[25, 13]","[{'functional_group': 'ethyl', 'smiles_inds': [1]}, {'functional_group': 'trichloro', 'smiles_inds': [19]}, {'functional_group': 'tribromo', 'smiles_inds': [18]}, {'functional_group': 'carboxyl', 'smiles_inds': [2]}, {'functional_group': 'methyl', 'smiles_inds': [0]}, {'functional_group': 'carboxylate', 'smiles_inds': [5]}, {'functional_group': 'ethyl', 'smiles_inds': [6]}, {'functional_group': 'carboxylate', 'smiles_inds': [3]}, {'functional_group': 'chloro', 'smiles_inds': [10]}]",0.9999999999986804
33,top,C[NH+]1CCN(CC1)c1c(F)cc2C(=O)C(=CN3C(C)COc1c23)C(=O)[O-],"[25, 13]","[{'functional_group': 'methyl', 'smiles_inds': [2]}, {'functional_group': 'aldehyde', 'smiles_inds': [19]}, {'functional_group': 'carboxyllic_acid', 'smiles_inds': [1]}, {'functional_group': 'aldehyde', 'smiles_inds': [5]}, {'functional_group': 'iodo', 'smiles_inds': [18]}, {'functional_group': 'cyano', 'smiles_inds': [3]}, {'functional_group': 'aldehyde', 'smiles_inds': [10]}]",0.999999999998977
33,top,CC1C(=O)C(=NO)C(=O)C(=NO)C1=O,"[8, 10]","[{'functional_group': 'carboxylate', 'smiles_inds': [1]}, {'functional_group': 'bromo', 'smiles_inds': [0]}, {'functional_group': 'bromo', 'smiles_inds': [6]}, {'functional_group': 'amide', 'smiles_inds': [11]}]",0.9999999999990876
33,top,C[NH+]1CCN(CC1)c1c(F)cc2C(=O)C(=CN3C(C)COc1c23)C(=O)[O-],"[25, 13]","[{'functional_group': 'methyl', 'smiles_inds': [2]}, {'functional_group': 'aldehyde', 'smiles_inds': [19]}, {'functional_group': 'carboxyllic_acid', 'smiles_inds': [1]}, {'functional_group': 'aldehyde', 'smiles_inds': [5]}, {'functional_group': 'iodo', 'smiles_inds': [18]}, {'functional_group': 'cyano', 'smiles_inds': [3]}, {'functional_group': 'cyano', 'smiles_inds': [6]}]",0.9999999999991735
33,top,C[NH+]1CCN(CC1)c1c(F)cc2C(=O)C(=CN3C(C)COc1c23)C(=O)[O-],"[25, 13]","[{'functional_group': 'methyl', 'smiles_inds': [2]}, {'functional_group': 'aldehyde', 'smiles_inds': [19]}, {'functional_group': 'carboxyllic_acid', 'smiles_inds': [1]}, {'functional_group': 'aldehyde', 'smiles_inds': [5]}, {'functional_group': 'iodo', 'smiles_inds': [18]}, {'functional_group': 'cyano', 'smiles_inds': [3]}, {'functional_group': 'ethyl', 'smiles_inds': [6]}]",0.9999999999993812
33,top,C[NH+]1CCN(CC1)c1c(F)cc2C(=O)C(=CN3C(C)COc1c23)C(=O)[O-],"[25, 13]","[{'functional_group': 'methyl', 'smiles_inds': [2]}, {'functional_group': 'aldehyde', 'smiles_inds': [19]}, {'functional_group': 'carboxyllic_acid', 'smiles_inds': [1]}, {'functional_group': 'aldehyde', 'smiles_inds': [5]}, {'functional_group': 'iodo', 'smiles_inds': [18]}, {'functional_group': 'cyano', 'smiles_inds': [3]}, {'functional_group': 'amino', 'smiles_inds': [6]}]",0.9999999999994174
33,top,C[NH+]1CCN(CC1)c1c(F)cc2C(=O)C(=CN3C(C)COc1c23)C(=O)[O-],"[25, 13]","[{'functional_group': 'methyl', 'smiles_inds': [2]}, {'functional_group': 'aldehyde', 'smiles_inds': [19]}, {'functional_group': 'carboxyllic_acid', 'smiles_inds': [1]}, {'functional_group': 'aldehyde', 'smiles_inds': [5]}, {'functional_group': 'iodo', 'smiles_inds': [18]}, {'functional_group': 'cyano', 'smiles_inds': [3]}, {'functional_group': 'iodo', 'smiles_inds': [10]}]",0.9999999999996065
33,top,C[NH+]1CCN(CC1)c1c(F)cc2C(=O)C(=CN3C(C)COc1c23)C(=O)[O-],"[25, 13]","[{'functional_group': 'methyl', 'smiles_inds': [2]}, {'functional_group': 'aldehyde', 'smiles_inds': [19]}, {'functional_group': 'carboxyllic_acid', 'smiles_inds': [1]}, {'functional_group': 'aldehyde', 'smiles_inds': [5]}, {'functional_group': 'carboxylate', 'smiles_inds': [3]}]",0.9999999999996216
33,top,C[NH+]1CCN(CC1)c1c(F)cc2C(=O)C(=CN3C(C)COc1c23)C(=O)[O-],"[25, 13]","[{'functional_group': 'carbonyl', 'smiles_inds': [19]}, {'functional_group': 'cyanimide', 'smiles_inds': [5]}, {'functional_group': 'methyl', 'smiles_inds': [1]}]",0.9999999999997167
33,top,O=C(NCCN(CCNC(=O)C1=C([O-])C(=O)C=CO1)CCNC(=O)C1=C([O-])C(=O)C=CO1)C1=C([O-])C(=O)C=CO1,"[34, 36, 13, 15, 26, 28]",[],0.9999999999998077
33,top,C[NH+]1CCN(CC1)c1c(F)cc2C(=O)C(=CN3C(C)COc1c23)C(=O)[O-],"[25, 13]","[{'functional_group': 'ethyl', 'smiles_inds': [1]}, {'functional_group': 'trichloro', 'smiles_inds': [19]}, {'functional_group': 'tribromo', 'smiles_inds': [18]}, {'functional_group': 'carboxyl', 'smiles_inds': [2]}, {'functional_group': 'methyl', 'smiles_inds': [6]}, {'functional_group': 'chloro', 'smiles_inds': [10]}, {'functional_group': 'amino', 'smiles_inds': [5]}, {'functional_group': 'carbonyl', 'smiles_inds': [3]}]",0.999999999999879
33,top,O=C(NCCN(CCNC(=O)C1=C([O-])C(=O)C=CO1)CCNC(=O)C1=C([O-])C(=O)C=CO1)C1=C([O-])C(=O)C=CO1,"[34, 36, 13, 15, 26, 28]","[{'functional_group': 'trichloro', 'smiles_inds': [21]}, {'functional_group': 'fluoro', 'smiles_inds': [38]}]",0.9999999999998939
33,top,C[NH+]1CCN(CC1)c1c(F)cc2C(=O)C(=CN3C(C)COc1c23)C(=O)[O-],"[25, 13]","[{'functional_group': 'ethyl', 'smiles_inds': [1]}, {'functional_group': 'trichloro', 'smiles_inds': [19]}, {'functional_group': 'trichloro', 'smiles_inds': [5]}]",0.9999999999999514
34,bottom,C[Si](C)(C)C(c1cc(C([Si](C)(C)C)[Si](C)(C)C)c(Sc2ccccc2Sc2ccccc2Sc2ccccc2Sc2c(cc(cc2C([Si](C)(C)C)[Si](C)(C)C)C([Si](C)(C)C)[Si](C)(C)C)C([Si](C)(C)C)[Si](C)(C)C)c(c1)C([Si](C)(C)C)[Si](C)(C)C)[Si](C)(C)C,"[25, 32]",[],3.044872430957983e-37
34,bottom,C[Si](C)(C)c1cc(cc(c1)[Si](C)(C)C)P(c1cc(cc(c1)[Si](C)(C)C)[Si](C)(C)C)c1ccccc1P(c1cc(cc(c1)[Si](C)(C)C)[Si](C)(C)C)c1cc(cc(c1)[Si](C)(C)C)[Si](C)(C)C,"[35, 14]","[{'functional_group': 'fluoro', 'smiles_inds': [61]}, {'functional_group': '2-hydroxypyridine', 'smiles_inds': [41]}]",1.1907269429770048e-33
34,bottom,CC(C)(C)[Si]([SiH]1[Si]2(CC[Si]3(OCCOCCOCCOCCOCCO3)[Si]12[Si](C(C)(C)C)(C(C)(C)C)C(C)(C)C)[Si](C(C)(C)C)(C(C)(C)C)C(C)(C)C)(C(C)(C)C)C(C)(C)C,"[22, 19, 16]",[],1.861647016376707e-33
34,bottom,C[Si](C)(C)c1cc(cc(c1)[Si](C)(C)C)P(c1cc(cc(c1)[Si](C)(C)C)[Si](C)(C)C)c1ccccc1P(c1cc(cc(c1)[Si](C)(C)C)[Si](C)(C)C)c1cc(cc(c1)[Si](C)(C)C)[Si](C)(C)C,"[35, 14]",[],1.3573217713531567e-32
34,bottom,CCCC[P](CCCC)(CCCC)CCP(CCP(CCP(CC[P](CCCC)(CCCC)CCCC)CC[P](CCCC)(CCCC)CCCC)c1ccccc1)CC[P](CCCC)(CCCC)CCCC,"[15, 18, 21]","[{'functional_group': 'hydroxyl', 'smiles_inds': [17]}, {'functional_group': 'hydroxyl', 'smiles_inds': [11]}]",1.831117730022809e-31
34,bottom,CC(C)(C)P(P1P2P3P2P(P1P3P(C(C)(C)C)C(C)(C)C)P(C(C)(C)C)C(C)(C)C)C(C)(C)C,[6],"[{'functional_group': 'trifluro', 'smiles_inds': [3]}, {'functional_group': 'ketone', 'smiles_inds': [23]}]",2.3896527379523162e-31
34,bottom,CC12CC3(C)OC(C)(CC(C)(O1)P3OCc1ccccc1COP1C3(C)CC4(C)OC(C)(CC1(C)O4)O3)O2,"[12, 23]","[{'functional_group': 'iodo', 'smiles_inds': [0]}, {'functional_group': 'cyanimide', 'smiles_inds': [19]}]",5.3331875714540355e-31
34,bottom,Cc1cc(c2ccc(cc2)N(c2ccccc2)c2ccccc2)c(N=C(C)C(C)=Nc2c(cc(C)cc2c2ccc(cc2)N(c2ccccc2)c2ccccc2)c2ccc(cc2)N(c2ccccc2)c2ccccc2)c(c1)c1ccc(cc1)N(c1ccccc1)c1ccccc1,"[24, 29]","[{'functional_group': '2-methylbenzoic_acid', 'smiles_inds': [65]}]",1.596414973019254e-30
34,bottom,Cc1cc(c2ccc(cc2)N(c2ccccc2)c2ccccc2)c(N=C(C)C(C)=Nc2c(cc(C)cc2c2ccc(cc2)N(c2ccccc2)c2ccccc2)c2ccc(cc2)N(c2ccccc2)c2ccccc2)c(c1)c1ccc(cc1)N(c1ccccc1)c1ccccc1,"[24, 29]","[{'functional_group': 'carboxyl', 'smiles_inds': [2]}]",7.483539427049856e-30
34,bottom,O=C1N2CN3C4C5N(CN6C7C8N(CN9C%10C%11N(CN%12C%13C%14N(CN%15C%16C%17N(CN%18C%19C%20N(CN1C1C2N2CN4C(=O)N5CN7C(=O)N8CN%10C(=O)N%11CN%13C(=O)N%14CN%16C(=O)N%17CN%19C(=O)N%20CN1C2=O)C%18=O)C%15=O)C%12=O)C9=O)C6=O)C3=O,"[0, 73]","[{'functional_group': 'phenyl', 'smiles_inds': [8]}, {'functional_group': 'carboxyllic_acid', 'smiles_inds': [38]}]",1.9702704567198617e-29
34,bottom,CC12CC3(C)OC(C)(CC(C)(O1)P3c1ccccc1P1C3(C)CC4(C)OC(C)(CC1(C)O4)O3)O2,"[12, 19]","[{'functional_group': 'ethyl_ester', 'smiles_inds': [27]}]",3.286286415841475e-29
34,bottom,CC12CC3(C)OC(C)(CC(C)(O1)P3c1ccccc1P1C3(C)CC4(C)OC(C)(CC1(C)O4)O3)O2,"[12, 19]","[{'functional_group': 'ether', 'smiles_inds': [16]}]",2.70772878104661e-28
34,bottom,CC12CC3(C)OC(C)(CC(C)(O1)P3c1ccccc1P1C3(C)CC4(C)OC(C)(CC1(C)O4)O3)O2,"[12, 19]",[],5.860119095894229e-28
34,bottom,CC(C)(C)P1P(P2P(P(P2C(C)(C)C)C(C)(C)C)C(C)(C)C)P(P1C(C)(C)C)C(C)(C)C,"[7, 4]",[],6.496177233760671e-27
34,bottom,CC12CC3(C)OC(C)(CC(C)(O1)P3c1cccnc1P1C3(C)CC4(C)OC(C)(CC1(C)O4)O3)O2,"[19, 12]",[],2.3778026895860863e-26
34,bottom,CC(C)(C)C(=O)Nc1cccc(NC(=O)C(c2cc(cc(c2)[Si](C)(C)C)[Si](C)(C)C)(c2cc(cc(c2)[Si](C)(C)C)[Si](C)(C)C)c2cc(cc(c2)[Si](C)(C)C)[Si](C)(C)C)c1[S-],"[5, 59]",[],4.0710170623594197e-26
34,bottom,O=C1N2CN3C4C5N(CN6C7C8N(CN9C%10C%11N(CN%12C%13C%14N(CN%15C%16C%17N(CN1C1C2N2CN4C(=O)N5CN7C(=O)N8CN%10C(=O)N%11CN%13C(=O)N%14CN%16C(=O)N%17CN1C2=O)C%15=O)C%12=O)C9=O)C6=O)C3=O,"[65, 67, 69]","[{'functional_group': 'amide', 'smiles_inds': [21]}]",9.075085530692916e-26
34,bottom,Cc1cc(C)c(B(CCCP(CCCB(c2c(C)cc(C)cc2C)c2c(C)cc(C)cc2C)CCP(CCCB(c2c(C)cc(C)cc2C)c2c(C)cc(C)cc2C)CCCB(c2c(C)cc(C)cc2C)c2c(C)cc(C)cc2C)c2c(C)cc(C)cc2C)c(C)c1,"[35, 10]","[{'functional_group': 'iodo', 'smiles_inds': [32]}]",2.118365853513334e-25
34,bottom,C[Si](C)(C)[NH]([Si](C)(C)C)[Ge]([S-])(OSO[Ge]([S-])([NH]([Si](C)(C)C)[Si](C)(C)C)[NH]([Si](C)(C)C)[Si](C)(C)C)[NH]([Si](C)(C)C)[Si](C)(C)C,"[12, 10, 15]",[],6.6620546176241565e-25
34,bottom,CC(C)P(C(C)C)c1cc(C)ccc1N(c1ccc(C)cc1P(C(C)C)C(C)C)c1ccc(C)cc1P(C(C)C)C(C)C,"[3, 22, 36]","[{'functional_group': 'ethyl_ester', 'smiles_inds': [19]}]",9.365409062987114e-25
34,median,COC(=O)CC(=N)ON=C(C)C,[6],[],0.3248206261451564
34,median,CC(C)C([O-])(c1ccccc1)c1ccccn1,"[4, 16]","[{'functional_group': 'ether', 'smiles_inds': [8]}]",0.3248678537344849
34,median,C1CN=C(O1)c1ccccn1,"[10, 2]","[{'functional_group': 'trichloro', 'smiles_inds': [0]}, {'functional_group': 'iodo', 'smiles_inds': [9]}, {'functional_group': 'cyano', 'smiles_inds': [1]}, {'functional_group': 'fluoro', 'smiles_inds': [8]}, {'functional_group': 'cyanimide', 'smiles_inds': [7]}]",0.3248891383025091
34,median,CC(C)(C)N1C=C(CN(Cc2ccccn2)Cc2ccccn2)N=N1,"[8, 15, 4]","[{'functional_group': 'thiol', 'smiles_inds': [11]}, {'functional_group': 'cyano', 'smiles_inds': [0]}]",0.32491566657380877
34,median,O=C1N(Cc2ccc(CN(Cc3ccccn3)Cc3ccccn3)cc2)C(=O)c2ccccc12,"[9, 16, 23]","[{'functional_group': 'ketone', 'smiles_inds': [25]}]",0.32496227479015904
34,median,CNC([S-])=NC,"[4, 3]",[],0.32498903121976663
34,median,NCCN1CCCC1,"[3, 0]","[{'functional_group': 'phenyl', 'smiles_inds': [7]}]",0.3250097237906773
34,median,Oc1cccc(n1)P(c1ccccc1)c1ccccc1,[7],[],0.3250440239620983
34,median,COc1c2COCCOCCOCCOCCOCc1ccc2,"[1, 5, 8]","[{'functional_group': 'carboxyl', 'smiles_inds': [12]}]",0.32539587123953123
34,median,CC1=C([O-])C(=C[N-]NC(=O)c2cccc(F)c2)C(=CN1)CO,"[9, 6, 3]","[{'functional_group': 'trichloro', 'smiles_inds': [19]}]",0.3254126249803891
34,median,CN(C)N=C([O-])C(C)(C)C,"[5, 1]","[{'functional_group': 'trifluro', 'smiles_inds': [9]}, {'functional_group': 'bromo', 'smiles_inds': [7]}]",0.32543420194335126
34,median,CC(C)(C)c1cc([Se]CCl)c([O-])c(c1)C(C)(C)C,"[7, 11]","[{'functional_group': 'methyl_ester', 'smiles_inds': [8]}]",0.3255113993778054
34,median,COC=C=COC,"[1, 5]",[],0.3256791281152046
34,median,Cc1cc(C=[NH+]c2ccccc2)c([O-])c(c1)[C-]=O,"[13, 16]","[{'functional_group': 'hydroxyl', 'smiles_inds': [5]}]",0.3257730608669117
34,median,CN(C)P(F)F,[3],"[{'functional_group': 'thiol', 'smiles_inds': [0]}]",0.3258408583502047
34,median,[NH3+]CCNC(=O)c1ccnc(c1)c1cc(C)ccn1,"[18, 9]","[{'functional_group': 'aldehyde', 'smiles_inds': [1]}, {'functional_group': 'iodo', 'smiles_inds': [0]}, {'functional_group': 'amino', 'smiles_inds': [15]}]",0.32592712454475103
34,median,O=P(c1ccccc1)(c1ccccc1)c1ccc2c3ccccc3c3ccccc3c2c1,[0],"[{'functional_group': 'thiol', 'smiles_inds': [25]}, {'functional_group': 'tribromo', 'smiles_inds': [20]}]",0.3259853081555135
34,median,CC1=NN(C=C1)c1ccc2ccc3cccnc3c2n1,"[19, 3, 2]",[],0.32599039542403313
34,median,CCCCN(CCCC)C([S-])=NC(=O)c1ccc(cc1)N(=O)=O,"[10, 13]","[{'functional_group': 'carboxyllic_acid', 'smiles_inds': [16]}]",0.32600793277505624
34,median,NN=C([S-])c1ccccc1,"[3, 0]","[{'functional_group': 'carbonyl', 'smiles_inds': [9]}]",0.32610994774143465
34,top,C[NH+]1CCN(CC1)c1c(F)cc2C(=O)C(=CN3C(C)COc1c23)C(=O)[O-],"[25, 13]","[{'functional_group': 'ethyl', 'smiles_inds': [1]}, {'functional_group': 'trichloro', 'smiles_inds': [19]}, {'functional_group': 'carbonyl', 'smiles_inds': [0]}, {'functional_group': 'carboxylate', 'smiles_inds': [3]}, {'functional_group': 'carbonyl', 'smiles_inds': [5]}]",0.9999999999939846
34,top,C[NH+]1CCN(CC1)c1c(F)cc2C(=O)C(=CN3C(C)COc1c23)C(=O)[O-],"[25, 13]","[{'functional_group': 'ethyl', 'smiles_inds': [1]}, {'functional_group': 'trichloro', 'smiles_inds': [19]}, {'functional_group': 'tribromo', 'smiles_inds': [18]}, {'functional_group': 'carboxyl', 'smiles_inds': [2]}, {'functional_group': 'trichloro', 'smiles_inds': [5]}]",0.9999999999941047
34,top,C[NH+]1CCN(CC1)c1c(F)cc2C(=O)C(=CN3C(C)COc1c23)C(=O)[O-],"[25, 13]","[{'functional_group': 'trichloro', 'smiles_inds': [1]}, {'functional_group': 'carboxylate', 'smiles_inds': [5]}]",0.9999999999944451
34,top,C[NH+]1CCN(CC1)c1c(F)cc2C(=O)C(=CN3C(C)COc1c23)C(=O)[O-],"[25, 13]","[{'functional_group': 'ethyl', 'smiles_inds': [1]}, {'functional_group': 'trichloro', 'smiles_inds': [19]}, {'functional_group': 'carboxyl', 'smiles_inds': [18]}]",0.9999999999946505
34,top,C[NH+]1CCN(CC1)c1c(F)cc2C(=O)C(=CN3C(C)COc1c23)C(=O)[O-],"[25, 13]","[{'functional_group': 'methyl', 'smiles_inds': [2]}, {'functional_group': 'aldehyde', 'smiles_inds': [19]}, {'functional_group': 'carboxyllic_acid', 'smiles_inds': [1]}, {'functional_group': 'aldehyde', 'smiles_inds': [5]}, {'functional_group': 'iodo', 'smiles_inds': [18]}, {'functional_group': 'cyano', 'smiles_inds': [3]}, {'functional_group': 'ethyl', 'smiles_inds': [6]}, {'functional_group': 'carbonyl', 'smiles_inds': [10]}]",0.9999999999954008
34,top,C[NH+]1CCN(CC1)c1c(F)cc2C(=O)C(=CN3C(C)COc1c23)C(=O)[O-],"[25, 13]","[{'functional_group': 'ethyl', 'smiles_inds': [1]}, {'functional_group': 'trichloro', 'smiles_inds': [19]}, {'functional_group': 'tribromo', 'smiles_inds': [18]}, {'functional_group': 'carboxyl', 'smiles_inds': [2]}, {'functional_group': 'tribromo', 'smiles_inds': [0]}, {'functional_group': 'carboxylate', 'smiles_inds': [10]}, {'functional_group': 'carboxylate', 'smiles_inds': [5]}, {'functional_group': 'carboxylate', 'smiles_inds': [3]}, {'functional_group': 'chloro', 'smiles_inds': [17]}, {'functional_group': 'amino', 'smiles_inds': [6]}]",0.9999999999954405
34,top,C[NH+]1CCN(CC1)c1c(F)cc2C(=O)C(=CN3C(C)COc1c23)C(=O)[O-],"[25, 13]","[{'functional_group': 'ethyl', 'smiles_inds': [1]}, {'functional_group': 'trichloro', 'smiles_inds': [19]}, {'functional_group': 'methyl_ester', 'smiles_inds': [3]}]",0.9999999999956886
34,top,C[NH+]1CCN(CC1)c1c(F)cc2C(=O)C(=CN3C(C)COc1c23)C(=O)[O-],"[25, 13]","[{'functional_group': 'iodo', 'smiles_inds': [10]}, {'functional_group': 'methyl', 'smiles_inds': [1]}]",0.9999999999959026
34,top,C[NH+]1CCN(CC1)c1c(F)cc2C(=O)C(=CN3C(C)COc1c23)C(=O)[O-],"[25, 13]","[{'functional_group': 'methyl', 'smiles_inds': [2]}, {'functional_group': 'aldehyde', 'smiles_inds': [19]}, {'functional_group': 'carboxyllic_acid', 'smiles_inds': [1]}, {'functional_group': 'aldehyde', 'smiles_inds': [5]}, {'functional_group': 'iodo', 'smiles_inds': [18]}, {'functional_group': 'cyano', 'smiles_inds': [3]}, {'functional_group': 'fluoro', 'smiles_inds': [10]}]",0.9999999999962323
34,top,C[NH+]1CCN(CC1)c1c(F)cc2C(=O)C(=CN3C(C)COc1c23)C(=O)[O-],"[25, 13]","[{'functional_group': 'methyl', 'smiles_inds': [2]}, {'functional_group': 'aldehyde', 'smiles_inds': [19]}, {'functional_group': 'carboxyllic_acid', 'smiles_inds': [1]}, {'functional_group': 'aldehyde', 'smiles_inds': [5]}, {'functional_group': 'iodo', 'smiles_inds': [18]}, {'functional_group': 'cyano', 'smiles_inds': [3]}, {'functional_group': 'ethyl', 'smiles_inds': [6]}, {'functional_group': 'aldehyde', 'smiles_inds': [10]}]",0.9999999999968536
34,top,C[NH+]1CCN(CC1)c1c(F)cc2C(=O)C(=CN3C(C)COc1c23)C(=O)[O-],"[25, 13]","[{'functional_group': 'methyl', 'smiles_inds': [2]}, {'functional_group': 'aldehyde', 'smiles_inds': [19]}, {'functional_group': 'carboxyllic_acid', 'smiles_inds': [1]}, {'functional_group': 'aldehyde', 'smiles_inds': [5]}, {'functional_group': 'iodo', 'smiles_inds': [18]}, {'functional_group': 'cyano', 'smiles_inds': [3]}, {'functional_group': 'ethyl', 'smiles_inds': [6]}, {'functional_group': 'chloro', 'smiles_inds': [17]}]",0.9999999999968734
34,top,C[NH+]1CCN(CC1)c1c(F)cc2C(=O)C(=CN3C(C)COc1c23)C(=O)[O-],"[25, 13]","[{'functional_group': 'methyl', 'smiles_inds': [2]}, {'functional_group': 'aldehyde', 'smiles_inds': [19]}, {'functional_group': 'carboxyllic_acid', 'smiles_inds': [1]}, {'functional_group': 'aldehyde', 'smiles_inds': [5]}, {'functional_group': 'iodo', 'smiles_inds': [18]}, {'functional_group': 'cyano', 'smiles_inds': [3]}, {'functional_group': 'ethyl', 'smiles_inds': [6]}, {'functional_group': 'thiol', 'smiles_inds': [10]}]",0.9999999999979119
34,top,C[NH+]1CCN(CC1)c1c(F)cc2C(=O)C(=CN3C(C)COc1c23)C(=O)[O-],"[25, 13]","[{'functional_group': 'methyl', 'smiles_inds': [2]}, {'functional_group': 'aldehyde', 'smiles_inds': [19]}, {'functional_group': 'methyl_ester', 'smiles_inds': [5]}, {'functional_group': 'bromo', 'smiles_inds': [15]}, {'functional_group': 'methyl', 'smiles_inds': [1]}]",0.9999999999980591
34,top,C[NH+](C)Cc1ccc(nc1)c1ccc(C[NH+](C)C)cn1,"[8, 19]","[{'functional_group': 'ethyl_ester', 'smiles_inds': [15]}, {'functional_group': 'trifluro', 'smiles_inds': [18]}, {'functional_group': 'cyano', 'smiles_inds': [1]}]",0.9999999999984002
34,top,C[NH+]1CCN(CC1)c1c(F)cc2C(=O)C(=CN3C(C)COc1c23)C(=O)[O-],"[25, 13]","[{'functional_group': 'methyl', 'smiles_inds': [2]}, {'functional_group': 'aldehyde', 'smiles_inds': [19]}, {'functional_group': 'carboxyllic_acid', 'smiles_inds': [1]}, {'functional_group': 'aldehyde', 'smiles_inds': [5]}, {'functional_group': 'iodo', 'smiles_inds': [18]}, {'functional_group': 'cyano', 'smiles_inds': [3]}, {'functional_group': 'carboxyl', 'smiles_inds': [17]}]",0.9999999999988376
34,top,C[NH+]1CCN(CC1)c1c(F)cc2C(=O)C(=CN3C(C)COc1c23)C(=O)[O-],"[25, 13]","[{'functional_group': 'ethyl', 'smiles_inds': [1]}, {'functional_group': 'trichloro', 'smiles_inds': [19]}, {'functional_group': 'hydroxyl', 'smiles_inds': [5]}]",0.9999999999990685
34,top,C[NH+]1CCN(CC1)c1c(F)cc2C(=O)C(=CN3C(C)COc1c23)C(=O)[O-],"[25, 13]","[{'functional_group': 'cyanimide', 'smiles_inds': [5]}, {'functional_group': 'methyl', 'smiles_inds': [1]}]",0.9999999999991402
34,top,C[NH+]1CCN(CC1)c1c(F)cc2C(=O)C(=CN3C(C)COc1c23)C(=O)[O-],"[25, 13]","[{'functional_group': 'methyl', 'smiles_inds': [2]}, {'functional_group': 'aldehyde', 'smiles_inds': [19]}, {'functional_group': 'carboxyllic_acid', 'smiles_inds': [1]}, {'functional_group': 'aldehyde', 'smiles_inds': [5]}, {'functional_group': 'iodo', 'smiles_inds': [18]}, {'functional_group': 'cyano', 'smiles_inds': [3]}, {'functional_group': 'fluoro', 'smiles_inds': [10]}, {'functional_group': 'ether', 'smiles_inds': [17]}]",0.9999999999996056
34,top,O=C(NCCN(CCNC(=O)C1=C([O-])C(=O)C=CO1)CCNC(=O)C1=C([O-])C(=O)C=CO1)C1=C([O-])C(=O)C=CO1,"[34, 36, 13, 15, 26, 28]","[{'functional_group': 'fluoro', 'smiles_inds': [4]}]",0.9999999999999067
34,top,O=C(NCCN(CCNC(=O)C1=C([O-])C(=O)C=CO1)CCNC(=O)C1=C([O-])C(=O)C=CO1)C1=C([O-])C(=O)C=CO1,"[34, 36, 13, 15, 26, 28]",[],0.9999999999999172
35,bottom,C[Si](C)(C)c1cc(cc(c1)[Si](C#CP(C#C[Si](c1cc(cc(c1)[Si](C)(C)C)[Si](C)(C)C)(c1cc(cc(c1)[Si](C)(C)C)[Si](C)(C)C)c1cc(cc(c1)[Si](C)(C)C)[Si](C)(C)C)C#C[Si](c1cc(cc(c1)[Si](C)(C)C)[Si](C)(C)C)(c1cc(cc(c1)[Si](C)(C)C)[Si](C)(C)C)c1cc(cc(c1)[Si](C)(C)C)[Si](C)(C)C)(c1cc(cc(c1)[Si](C)(C)C)[Si](C)(C)C)c1cc(cc(c1)[Si](C)(C)C)[Si](C)(C)C)[Si](C)(C)C,[13],"[{'functional_group': 'carboxyllic_acid', 'smiles_inds': [75]}]",4.1133778016032e-73
35,bottom,C[Si](C)(C)c1cc(cc(c1)[Si](C#CP(C#C[Si](c1cc(cc(c1)[Si](C)(C)C)[Si](C)(C)C)(c1cc(cc(c1)[Si](C)(C)C)[Si](C)(C)C)c1cc(cc(c1)[Si](C)(C)C)[Si](C)(C)C)C#C[Si](c1cc(cc(c1)[Si](C)(C)C)[Si](C)(C)C)(c1cc(cc(c1)[Si](C)(C)C)[Si](C)(C)C)c1cc(cc(c1)[Si](C)(C)C)[Si](C)(C)C)(c1cc(cc(c1)[Si](C)(C)C)[Si](C)(C)C)c1cc(cc(c1)[Si](C)(C)C)[Si](C)(C)C)[Si](C)(C)C,[13],"[{'functional_group': 'thiol', 'smiles_inds': [28]}]",6.113246259204673e-73
35,bottom,CP(CCP(C)c1c(cc(cc1C([Si](C)(C)C)[Si](C)(C)C)C([Si](C)(C)C)([Si](C)(C)C)[Si](C)(C)C)C([Si](C)(C)C)[Si](C)(C)C)c1c(cc(cc1C([Si](C)(C)C)[Si](C)(C)C)C([Si](C)(C)C)([Si](C)(C)C)[Si](C)(C)C)C([Si-](C)C)[Si](C)(C)C,"[4, 72, 1]","[{'functional_group': 'iodo', 'smiles_inds': [73]}]",1.6803582686425867e-41
35,bottom,CP(CCP(C)c1c(cc(cc1C([Si](C)(C)C)[Si](C)(C)C)C([Si](C)(C)C)([Si](C)(C)C)[Si](C)(C)C)C([Si](C)(C)C)[Si](C)(C)C)c1c(cc(cc1C([Si](C)(C)C)[Si](C)(C)C)C([Si](C)(C)C)([Si](C)(C)C)[Si](C)(C)C)C([Si-](C)C)[Si](C)(C)C,"[4, 72, 1]",[],2.8388297004601697e-41
35,bottom,C[Si](C)(C)C(c1cc(C([Si](C)(C)C)[Si](C)(C)C)c(Sc2ccccc2Sc2ccccc2Sc2ccccc2Sc2c(cc(cc2C([Si](C)(C)C)[Si](C)(C)C)C([Si](C)(C)C)[Si](C)(C)C)C([Si](C)(C)C)[Si](C)(C)C)c(c1)C([Si](C)(C)C)[Si](C)(C)C)[Si](C)(C)C,"[25, 32]",[],3.297958617266598e-36
35,bottom,C[Si](C)(C)C(c1cc(C([Si](C)(C)C)[Si](C)(C)C)c(Sc2ccccc2[Se]c2ccccc2[Se]c2ccccc2Sc2c(cc(cc2C([Si](C)(C)C)[Si](C)(C)C)C([Si](C)(C)C)[Si](C)(C)C)C([Si](C)(C)C)[Si](C)(C)C)c(c1)C([Si](C)(C)C)[Si](C)(C)C)[Si](C)(C)C,"[25, 32]",[],2.7887797505998956e-33
35,bottom,C[Si](C)(C)C(c1cc(C([Si](C)(C)C)[Si](C)(C)C)c([Se]c2ccccc2[Se]c2ccccc2[Se]c2ccccc2[Se]c2c(cc(cc2C([Si](C)(C)C)[Si](C)(C)C)C([Si](C)(C)C)[Si](C)(C)C)C([Si](C)(C)C)[Si](C)(C)C)c(c1)C([Si](C)(C)C)[Si](C)(C)C)[Si](C)(C)C,"[25, 32]","[{'functional_group': 'cyanimide', 'smiles_inds': [63]}, {'functional_group': 'phenyl', 'smiles_inds': [37]}]",6.747533132422295e-32
35,bottom,C[Si](C)(C)c1cc(cc(c1)[Si](C)(C)C)P(c1cc(cc(c1)[Si](C)(C)C)[Si](C)(C)C)c1ccccc1P(c1cc(cc(c1)[Si](C)(C)C)[Si](C)(C)C)c1cc(cc(c1)[Si](C)(C)C)[Si](C)(C)C,"[35, 14]",[],7.803833541806053e-32
35,bottom,C[Si](C)(C)C(c1cc(C([Si](C)(C)C)[Si](C)(C)C)c([Se]c2ccccc2[Se]c2ccccc2[Se]c2ccccc2[Se]c2c(cc(cc2C([Si](C)(C)C)[Si](C)(C)C)C([Si](C)(C)C)[Si](C)(C)C)C([Si](C)(C)C)[Si](C)(C)C)c(c1)C([Si](C)(C)C)[Si](C)(C)C)[Si](C)(C)C,"[25, 32]",[],1.8908386512365632e-30
35,bottom,CC(C)(C)P(CCP(CCP(C(C)(C)C)C(C)(C)C)CCP(C(C)(C)C)C(C)(C)C)C(C)(C)C,"[4, 7, 10]","[{'functional_group': 'phenyl', 'smiles_inds': [24]}, {'functional_group': 'cyanimide', 'smiles_inds': [2]}]",1.6993221863151817e-29
35,bottom,Cc1cc(c2ccc(cc2)N(c2ccccc2)c2ccccc2)c(N=C(C)C(C)=Nc2c(cc(C)cc2c2ccc(cc2)N(c2ccccc2)c2ccccc2)c2ccc(cc2)N(c2ccccc2)c2ccccc2)c(c1)c1ccc(cc1)N(c1ccccc1)c1ccccc1,"[24, 29]",[],2.620372964451264e-29
35,bottom,CC(C)(C)P(P1P(P(P1C(C)(C)C)C(C)(C)C)C(C)(C)C)P1P(P(P1C(C)(C)C)C(C)(C)C)C(C)(C)C,[4],[],8.074747036821682e-29
35,bottom,CC(C)(C)P(P1P2P3P2P(P1P3P(C(C)(C)C)C(C)(C)C)P(C(C)(C)C)C(C)(C)C)C(C)(C)C,[6],"[{'functional_group': 'phenyl', 'smiles_inds': [29]}]",1.6094475549315176e-27
35,bottom,CC(C)(C)P(P1P2P3P2P(P1P3P(C(C)(C)C)C(C)(C)C)P(C(C)(C)C)C(C)(C)C)C(C)(C)C,[6],"[{'functional_group': 'carboxyllic_acid', 'smiles_inds': [33]}]",2.21920297332143e-27
35,bottom,CC(C)(C)P(P1P2P3P2P(P1P3P(C(C)(C)C)C(C)(C)C)P(C(C)(C)C)C(C)(C)C)C(C)(C)C,[6],"[{'functional_group': 'chloro', 'smiles_inds': [23]}]",7.121237857309539e-27
35,bottom,CC12CC3(C)OC(C)(CC(C)(O1)P3OCc1ccccc1COP1C3(C)CC4(C)OC(C)(CC1(C)O4)O3)O2,"[12, 23]",[],9.725414870953988e-27
35,bottom,CC12CC3(C)OC(C)(CC(C)(O1)P3Cc1ccccc1P1C3(C)CC4(C)OC(C)(CC1(C)O4)O3)O2,"[12, 20]",[],1.3489903906263316e-26
35,bottom,Cc1cc(C)c(B(CCCP(CCCB(c2c(C)cc(C)cc2C)c2c(C)cc(C)cc2C)CCP(CCCB(c2c(C)cc(C)cc2C)c2c(C)cc(C)cc2C)CCCB(c2c(C)cc(C)cc2C)c2c(C)cc(C)cc2C)c2c(C)cc(C)cc2C)c(C)c1,"[35, 10]","[{'functional_group': 'methyl', 'smiles_inds': [36]}]",3.0835953434545546e-26
35,bottom,CC12CC3(C)OC(C)(CC(C)(O1)P3c1cccnc1P1C3(C)CC4(C)OC(C)(CC1(C)O4)O3)O2,"[19, 12]","[{'functional_group': 'bromo', 'smiles_inds': [24]}]",1.1094841128416391e-25
35,bottom,Cc1cc(C)c(B(CCCP(CCCB(c2c(C)cc(C)cc2C)c2c(C)cc(C)cc2C)CCP(CCCB(c2c(C)cc(C)cc2C)c2c(C)cc(C)cc2C)CCCB(c2c(C)cc(C)cc2C)c2c(C)cc(C)cc2C)c2c(C)cc(C)cc2C)c(C)c1,"[35, 10]",[],1.4215494231214318e-25
35,median,CC(C)N=C1C2CCC(C)(C1=O)C2(C)C,[3],[],0.34102504283479235
35,median,C1CN(CCN(CCN1CC1=NNC=C1)CC1=NNC=C1)CC1=NNC=C1,"[8, 11, 23, 2, 5, 17]","[{'functional_group': 'ethyl_ester', 'smiles_inds': [0]}, {'functional_group': '2-hydroxypyridine', 'smiles_inds': [18]}]",0.3410898456268583
35,median,Oc1ccc(NCc2cccnc2)c2C(=O)c3ccccc3C(=O)c12,[11],"[{'functional_group': 'ketone', 'smiles_inds': [9]}, {'functional_group': 'carbonyl', 'smiles_inds': [5]}]",0.3410907313144562
35,median,C[NH2+]CCCN=Cc1ccccc1[O-],"[13, 5]","[{'functional_group': 'carboxylate', 'smiles_inds': [8]}]",0.34119224953987837
35,median,COc1cccc(C=NCC2CCCCN2)c1[O-],"[17, 15, 8]",[],0.3412277986337992
35,median,COC(=O)c1ccc(nc1c1ccc(F)cc1)c1ccc(C(=O)OC)c(n1)c1ccc(F)c[c-]1,"[8, 33, 26]","[{'functional_group': 'chloro', 'smiles_inds': [0]}, {'functional_group': 'aldehyde', 'smiles_inds': [11]}]",0.3413271244500255
35,median,O=C1N(N=Cc2cccc3cccnc23)C(Nc2ccccc12)c1cccc2cccnc12,"[0, 3, 13]",[],0.34137332706523726
35,median,C1CN=C(O1)c1ccccn1,"[10, 2]","[{'functional_group': 'iodo', 'smiles_inds': [7]}, {'functional_group': 'aldehyde', 'smiles_inds': [0]}, {'functional_group': 'methyl_ester', 'smiles_inds': [1]}, {'functional_group': 'fluoro', 'smiles_inds': [9]}, {'functional_group': 'carboxylate', 'smiles_inds': [6]}, {'functional_group': 'cyanimide', 'smiles_inds': [8]}]",0.3414636741006467
35,median,C(c1ccccc1)c1cccc(n1)c1ccccn1,"[18, 12]",[],0.3415443369339907
35,median,NCCc1ccc(Cl)c[c-]1,"[0, 9]","[{'functional_group': 'carboxyllic_acid', 'smiles_inds': [4]}]",0.34163117205217386
35,median,CCCCC1=C(Br)SC(=N1)C1=NC(=C(Br)S1)CCCC,"[9, 11]","[{'functional_group': 'iodo', 'smiles_inds': [18]}]",0.3417663632331714
35,median,O=S(=O)(N(Cc1ccccn1)Cc1ccccn1)c1cccc2cccnc12,"[3, 10]","[{'functional_group': 'iodo', 'smiles_inds': [7]}, {'functional_group': 'aldehyde', 'smiles_inds': [20]}]",0.3417823963633707
35,median,OC1=CC(=NN1c1c(Br)cc(Br)cc1Br)c1cccc(n1)C1=NN(C(=C1)O)c1c(Br)cc(Br)cc1Br,"[5, 4, 22]","[{'functional_group': 'methyl_ester', 'smiles_inds': [9]}]",0.34201489283524994
35,median,[O-]c1ccccc1CNCCNCCCNCCNCc1ccccc1[O-],"[0, 26, 8, 11, 18, 15]","[{'functional_group': 'amide', 'smiles_inds': [2]}]",0.3420857922105066
35,median,CCC1=NC(=C(N1)C(O)=O)C(=O)[O-],"[3, 12]","[{'functional_group': 'amino', 'smiles_inds': [1]}, {'functional_group': 'hydroxyl', 'smiles_inds': [8]}]",0.3420964609067735
35,median,Cc1ccncc1,[4],"[{'functional_group': 'phenyl', 'smiles_inds': [2]}]",0.3422243474785579
35,median,C1CCC2=C(C1)NN=C2,[7],"[{'functional_group': 'ketone', 'smiles_inds': [5]}]",0.34230338139586813
35,median,O=C1C=C(CNP(=O)(Oc2ccccc2)Oc2ccccc2)OC=C1[O-],"[0, 25]","[{'functional_group': '2-methylbenzoic_acid', 'smiles_inds': [18]}]",0.34232994303260816
35,median,CN1C(=O)C(O)(C[O-])N=C(c2ccccn2)c2cc(Br)ccc12,"[7, 8, 15]",[],0.3423483235922251
35,median,C(N1C=CC(=N1)c1ccccn1)c1cccc2ccc[nH+]c12,"[1, 5]",[],0.3424060861593487
35,top,C[NH+]1CCN(CC1)c1c(F)cc2C(=O)C(=CN3C(C)COc1c23)C(=O)[O-],"[25, 13]","[{'functional_group': 'ethyl', 'smiles_inds': [1]}, {'functional_group': 'trichloro', 'smiles_inds': [19]}, {'functional_group': 'tribromo', 'smiles_inds': [18]}, {'functional_group': 'carboxyl', 'smiles_inds': [2]}, {'functional_group': 'tribromo', 'smiles_inds': [0]}, {'functional_group': 'carboxylate', 'smiles_inds': [10]}, {'functional_group': 'carboxylate', 'smiles_inds': [5]}, {'functional_group': 'trichloro', 'smiles_inds': [3]}]",0.9999999999929041
35,top,C[NH+]1CCN(CC1)c1c(F)cc2C(=O)C(=CN3C(C)COc1c23)C(=O)[O-],"[25, 13]","[{'functional_group': 'ethyl', 'smiles_inds': [1]}, {'functional_group': 'trichloro', 'smiles_inds': [19]}, {'functional_group': 'tribromo', 'smiles_inds': [18]}, {'functional_group': 'carboxyl', 'smiles_inds': [2]}, {'functional_group': 'tribromo', 'smiles_inds': [0]}, {'functional_group': 'carboxylate', 'smiles_inds': [10]}, {'functional_group': 'carboxylate', 'smiles_inds': [5]}, {'functional_group': 'carbonyl', 'smiles_inds': [3]}, {'functional_group': 'chloro', 'smiles_inds': [6]}, {'functional_group': 'ether', 'smiles_inds': [17]}]",0.9999999999929376
35,top,C[NH+]1CCN(CC1)c1c(F)cc2C(=O)C(=CN3C(C)COc1c23)C(=O)[O-],"[25, 13]","[{'functional_group': 'ethyl', 'smiles_inds': [1]}, {'functional_group': 'trichloro', 'smiles_inds': [19]}, {'functional_group': 'tribromo', 'smiles_inds': [18]}, {'functional_group': 'carboxyl', 'smiles_inds': [2]}, {'functional_group': 'methyl', 'smiles_inds': [0]}, {'functional_group': 'carboxylate', 'smiles_inds': [5]}, {'functional_group': 'ethyl', 'smiles_inds': [6]}, {'functional_group': 'carboxylate', 'smiles_inds': [3]}, {'functional_group': 'hydroxyl', 'smiles_inds': [10]}, {'functional_group': 'hydroxyl', 'smiles_inds': [17]}]",0.9999999999931788
35,top,C[NH+]1CCN(CC1)c1c(F)cc2C(=O)C(=CN3C(C)COc1c23)C(=O)[O-],"[25, 13]","[{'functional_group': 'trichloro', 'smiles_inds': [1]}, {'functional_group': 'amino', 'smiles_inds': [3]}]",0.999999999994341
35,top,C[NH+]1CCN(CC1)c1c(F)cc2C(=O)C(=CN3C(C)COc1c23)C(=O)[O-],"[25, 13]","[{'functional_group': 'ethyl', 'smiles_inds': [1]}, {'functional_group': 'trichloro', 'smiles_inds': [19]}, {'functional_group': 'tribromo', 'smiles_inds': [18]}, {'functional_group': 'carboxyl', 'smiles_inds': [2]}, {'functional_group': 'methyl', 'smiles_inds': [6]}, {'functional_group': 'chloro', 'smiles_inds': [10]}, {'functional_group': 'ether', 'smiles_inds': [3]}, {'functional_group': 'ether', 'smiles_inds': [17]}]",0.9999999999943536
35,top,C[NH+]1CCN(CC1)c1c(F)cc2C(=O)C(=CN3C(C)COc1c23)C(=O)[O-],"[25, 13]","[{'functional_group': 'ethyl', 'smiles_inds': [1]}, {'functional_group': 'trichloro', 'smiles_inds': [19]}, {'functional_group': 'carboxyl', 'smiles_inds': [17]}, {'functional_group': 'cyano', 'smiles_inds': [5]}]",0.9999999999948854
35,top,CC1C(=O)C(=NO)C(=O)C(=NO)C1=O,"[8, 10]","[{'functional_group': 'carboxylate', 'smiles_inds': [1]}, {'functional_group': 'bromo', 'smiles_inds': [0]}, {'functional_group': 'bromo', 'smiles_inds': [6]}, {'functional_group': 'carboxylate', 'smiles_inds': [11]}]",0.9999999999948901
35,top,C[NH+]1CCN(CC1)c1c(F)cc2C(=O)C(=CN3C(C)COc1c23)C(=O)[O-],"[25, 13]","[{'functional_group': 'trichloro', 'smiles_inds': [3]}, {'functional_group': 'trichloro', 'smiles_inds': [1]}]",0.9999999999951428
35,top,C[NH+]1CCN(CC1)c1c(F)cc2C(=O)C(=CN3C(C)COc1c23)C(=O)[O-],"[25, 13]","[{'functional_group': 'ethyl', 'smiles_inds': [1]}, {'functional_group': 'trichloro', 'smiles_inds': [19]}, {'functional_group': 'tribromo', 'smiles_inds': [18]}, {'functional_group': 'carboxyl', 'smiles_inds': [2]}, {'functional_group': 'amino', 'smiles_inds': [3]}]",0.9999999999953602
35,top,C[NH+]1CCN(CC1)c1c(F)cc2C(=O)C(=CN3C(C)COc1c23)C(=O)[O-],"[25, 13]","[{'functional_group': 'trichloro', 'smiles_inds': [5]}, {'functional_group': 'carboxyllic_acid', 'smiles_inds': [1]}]",0.9999999999954647
35,top,C[NH+]1CCN(CC1)c1c(F)cc2C(=O)C(=CN3C(C)COc1c23)C(=O)[O-],"[25, 13]","[{'functional_group': 'methyl', 'smiles_inds': [2]}, {'functional_group': 'aldehyde', 'smiles_inds': [19]}, {'functional_group': 'carboxyllic_acid', 'smiles_inds': [1]}, {'functional_group': 'aldehyde', 'smiles_inds': [5]}, {'functional_group': 'iodo', 'smiles_inds': [18]}, {'functional_group': 'cyano', 'smiles_inds': [3]}, {'functional_group': 'amino', 'smiles_inds': [0]}]",0.999999999996142
35,top,C[NH+]1CCN(CC1)c1c(F)cc2C(=O)C(=CN3C(C)COc1c23)C(=O)[O-],"[25, 13]","[{'functional_group': 'methyl', 'smiles_inds': [2]}, {'functional_group': 'aldehyde', 'smiles_inds': [19]}, {'functional_group': 'carboxyllic_acid', 'smiles_inds': [1]}, {'functional_group': 'aldehyde', 'smiles_inds': [5]}, {'functional_group': 'iodo', 'smiles_inds': [18]}, {'functional_group': 'cyano', 'smiles_inds': [3]}, {'functional_group': 'ethyl', 'smiles_inds': [6]}, {'functional_group': 'aldehyde', 'smiles_inds': [10]}]",0.9999999999964087
35,top,C[NH+]1CCN(CC1)c1c(F)cc2C(=O)C(=CN3C(C)COc1c23)C(=O)[O-],"[25, 13]","[{'functional_group': 'ethyl', 'smiles_inds': [1]}, {'functional_group': 'trichloro', 'smiles_inds': [19]}, {'functional_group': 'tribromo', 'smiles_inds': [18]}, {'functional_group': 'carboxyl', 'smiles_inds': [2]}, {'functional_group': 'tribromo', 'smiles_inds': [0]}, {'functional_group': 'carboxylate', 'smiles_inds': [10]}, {'functional_group': 'carboxylate', 'smiles_inds': [5]}, {'functional_group': 'carboxylate', 'smiles_inds': [3]}, {'functional_group': 'trichloro', 'smiles_inds': [6]}]",0.999999999997065
35,top,CC1C(=O)C(=NO)C(=O)C(=NO)C1=O,"[8, 10]","[{'functional_group': 'carboxylate', 'smiles_inds': [1]}, {'functional_group': 'bromo', 'smiles_inds': [0]}, {'functional_group': 'bromo', 'smiles_inds': [6]}, {'functional_group': 'amide', 'smiles_inds': [11]}]",0.999999999998074
35,top,CSC1=NCCN=C(SC)c2cccc(n2)C(=NCCN=C(SC)c2cccc1n2)SC,"[29, 3, 6, 15, 17, 20]","[{'functional_group': 'carboxylate', 'smiles_inds': [27]}, {'functional_group': 'bromo', 'smiles_inds': [4]}]",0.9999999999981821
35,top,C[NH+]1CCN(CC1)c1c(F)cc2C(=O)C(=CN3C(C)COc1c23)C(=O)[O-],"[25, 13]","[{'functional_group': 'methyl', 'smiles_inds': [2]}, {'functional_group': 'aldehyde', 'smiles_inds': [19]}, {'functional_group': 'carboxyllic_acid', 'smiles_inds': [1]}, {'functional_group': 'aldehyde', 'smiles_inds': [5]}, {'functional_group': 'iodo', 'smiles_inds': [18]}, {'functional_group': 'cyano', 'smiles_inds': [3]}, {'functional_group': 'ethyl', 'smiles_inds': [6]}, {'functional_group': 'hydroxyl', 'smiles_inds': [10]}]",0.9999999999989715
35,top,C[NH+]1CCN(CC1)c1c(F)cc2C(=O)C(=CN3C(C)COc1c23)C(=O)[O-],"[25, 13]","[{'functional_group': 'methyl', 'smiles_inds': [2]}, {'functional_group': 'aldehyde', 'smiles_inds': [19]}, {'functional_group': 'carboxyllic_acid', 'smiles_inds': [1]}, {'functional_group': 'aldehyde', 'smiles_inds': [5]}, {'functional_group': 'iodo', 'smiles_inds': [18]}, {'functional_group': 'cyano', 'smiles_inds': [3]}, {'functional_group': 'ether', 'smiles_inds': [10]}]",0.9999999999992475
35,top,C[NH+]1CCN(CC1)c1c(F)cc2C(=O)C(=CN3C(C)COc1c23)C(=O)[O-],"[25, 13]","[{'functional_group': 'carboxyllic_acid', 'smiles_inds': [3]}, {'functional_group': 'methyl', 'smiles_inds': [1]}]",0.9999999999993416
35,top,C[NH+]1CCN(CC1)c1c(F)cc2C(=O)C(=CN3C(C)COc1c23)C(=O)[O-],"[25, 13]","[{'functional_group': 'carboxyllic_acid', 'smiles_inds': [19]}, {'functional_group': 'methyl', 'smiles_inds': [1]}]",0.9999999999998259
35,top,C[NH+]1CCN(CC1)c1c(F)cc2C(=O)C(=CN3C(C)COc1c23)C(=O)[O-],"[25, 13]","[{'functional_group': 'amino', 'smiles_inds': [3]}, {'functional_group': 'methyl', 'smiles_inds': [1]}]",0.9999999999999492
36,bottom,C[Si](C)(C)c1cc(cc(c1)[Si](C#CP(C#C[Si](c1cc(cc(c1)[Si](C)(C)C)[Si](C)(C)C)(c1cc(cc(c1)[Si](C)(C)C)[Si](C)(C)C)c1cc(cc(c1)[Si](C)(C)C)[Si](C)(C)C)C#C[Si](c1cc(cc(c1)[Si](C)(C)C)[Si](C)(C)C)(c1cc(cc(c1)[Si](C)(C)C)[Si](C)(C)C)c1cc(cc(c1)[Si](C)(C)C)[Si](C)(C)C)(c1cc(cc(c1)[Si](C)(C)C)[Si](C)(C)C)c1cc(cc(c1)[Si](C)(C)C)[Si](C)(C)C)[Si](C)(C)C,[13],"[{'functional_group': 'hydroxyl', 'smiles_inds': [102]}]",1.2480367629361493e-75
36,bottom,CP(CCP(C)c1c(cc(cc1C([Si](C)(C)C)[Si](C)(C)C)C([Si](C)(C)C)([Si](C)(C)C)[Si](C)(C)C)C([Si](C)(C)C)[Si](C)(C)C)c1c(cc(cc1C([Si](C)(C)C)[Si](C)(C)C)C([Si](C)(C)C)([Si](C)(C)C)[Si](C)(C)C)C([Si-](C)C)[Si](C)(C)C,"[4, 72, 1]",[],1.9912322504646896e-40
36,bottom,CP(CCP(C)c1c(cc(cc1C([Si](C)(C)C)[Si](C)(C)C)C([Si](C)(C)C)([Si](C)(C)C)[Si](C)(C)C)C([Si](C)(C)C)[Si](C)(C)C)c1c(cc(cc1C([Si](C)(C)C)[Si](C)(C)C)C([Si](C)(C)C)([Si](C)(C)C)[Si](C)(C)C)C([Si-](C)C)[Si](C)(C)C,"[4, 72, 1]","[{'functional_group': 'phosphonate', 'smiles_inds': [25]}]",2.037857126067859e-40
36,bottom,CP(CCP(C)c1c(cc(cc1C([Si](C)(C)C)[Si](C)(C)C)C([Si](C)(C)C)([Si](C)(C)C)[Si](C)(C)C)C([Si](C)(C)C)[Si](C)(C)C)c1c(cc(cc1C([Si](C)(C)C)[Si](C)(C)C)C([Si](C)(C)C)([Si](C)(C)C)[Si](C)(C)C)C([Si-](C)C)[Si](C)(C)C,"[4, 72, 1]","[{'functional_group': 'carboxyl', 'smiles_inds': [61]}]",7.60663264694869e-39
36,bottom,CC1=C(C)C[Ge]2([Ge]([Ge]2(C1)[Si](C(C)(C)C)(C(C)(C)C)C(C)(C)C)[Si](C(C)(C)C)(C(C)(C)C)C(C)(C)C)[Si](C(C)(C)C)(C(C)(C)C)C(C)(C)C,[6],"[{'functional_group': 'carbonyl', 'smiles_inds': [8]}, {'functional_group': 'amide', 'smiles_inds': [43]}]",9.517281510086824e-33
36,bottom,CCCC[P](CCCC)(CCCC)CCP(CCP(CCP(CC[P](CCCC)(CCCC)CCCC)CC[P](CCCC)(CCCC)CCCC)c1ccccc1)CC[P](CCCC)(CCCC)CCCC,"[15, 18, 21]","[{'functional_group': 'ketone', 'smiles_inds': [5]}, {'functional_group': 'carboxyl', 'smiles_inds': [32]}]",1.3753462566445304e-31
36,bottom,CC1=C(C)C[Ge]2([Ge]([Ge]2(C1)[Si](C(C)(C)C)(C(C)(C)C)C(C)(C)C)[Si](C(C)(C)C)(C(C)(C)C)C(C)(C)C)[Si](C(C)(C)C)(C(C)(C)C)C(C)(C)C,[6],"[{'functional_group': 'carboxyl', 'smiles_inds': [11]}]",2.2616035221896035e-31
36,bottom,CC1=C(C)C[Ge]2([Ge]([Ge]2(C1)[Si](C(C)(C)C)(C(C)(C)C)C(C)(C)C)[Si](C(C)(C)C)(C(C)(C)C)C(C)(C)C)[Si](C(C)(C)C)(C(C)(C)C)C(C)(C)C,[6],"[{'functional_group': 'amino', 'smiles_inds': [24]}]",3.25278418207976e-31
36,bottom,CC1=C(C)C[Ge]2([Ge]([Ge]2(C1)[Si](C(C)(C)C)(C(C)(C)C)C(C)(C)C)[Si](C(C)(C)C)(C(C)(C)C)C(C)(C)C)[Si](C(C)(C)C)(C(C)(C)C)C(C)(C)C,[6],"[{'functional_group': 'thiol', 'smiles_inds': [21]}]",3.989594373498369e-30
36,bottom,C[Si](C)(C)C(c1cc(C([Si](C)(C)C)[Si](C)(C)C)c([Se]c2ccccc2[Se]c2ccccc2[Se]c2ccccc2[Se]c2c(cc(cc2C([Si](C)(C)C)[Si](C)(C)C)C([Si](C)(C)C)[Si](C)(C)C)C([Si](C)(C)C)[Si](C)(C)C)c(c1)C([Si](C)(C)C)[Si](C)(C)C)[Si](C)(C)C,"[25, 32]","[{'functional_group': '2-hydroxypyridine', 'smiles_inds': [29]}]",2.592113051454149e-29
36,bottom,C[Si](C)(C)C(c1cc(C([Si](C)(C)C)[Si](C)(C)C)c([Se]c2ccccc2[Se]c2ccccc2[Se]c2ccccc2[Se]c2c(cc(cc2C([Si](C)(C)C)[Si](C)(C)C)C([Si](C)(C)C)[Si](C)(C)C)C([Si](C)(C)C)[Si](C)(C)C)c(c1)C([Si](C)(C)C)[Si](C)(C)C)[Si](C)(C)C,"[25, 32]",[],2.6637672943807766e-29
36,bottom,N=P(c1ccccc1c1cc(cc(c1)c1ccccc1P(=[N-])(C12CC3CC(CC(C3)C1)C2)C12CC3CC(CC(C3)C1)C2)c1ccccc1P(=[N-])(C12CC3CC(CC(C3)C1)C2)C12CC3CC(CC(C3)C1)C2)(C12CC3CC(CC(C3)C1)C2)C12CC3CC(CC(C3)C1)C2,"[0, 21, 49]","[{'functional_group': 'methyl', 'smiles_inds': [5]}]",6.94810560566248e-29
36,bottom,C[Si](C)(C)C(c1cc(C([Si](C)(C)C)[Si](C)(C)C)c([Se]c2ccccc2[Se]c2ccccc2[Se]c2ccccc2[Se]c2c(cc(cc2C([Si](C)(C)C)[Si](C)(C)C)C([Si](C)(C)C)[Si](C)(C)C)C([Si](C)(C)C)[Si](C)(C)C)c(c1)C([Si](C)(C)C)[Si](C)(C)C)[Si](C)(C)C,"[25, 32]","[{'functional_group': 'cyanimide', 'smiles_inds': [61]}, {'functional_group': 'trichloro', 'smiles_inds': [48]}]",9.5369903079839e-29
36,bottom,O=C1N2CN3C4C5N(CN6C7C8N(CN9C%10C%11N(CN%12C%13C%14N(CN%15C%16C%17N(CN1C1C2N2CN4C(=O)N5CN7C(=O)N8CN%10C(=O)N%11C4OC(N%13C(=O)N%14CN%16C(=O)N%17CN1C2=O)c1ccccc41)C%15=O)C%12=O)C9=O)C6=O)C3=O,"[75, 73]","[{'functional_group': 'cyanimide', 'smiles_inds': [65]}, {'functional_group': 'carboxyl', 'smiles_inds': [33]}]",1.0086704506094488e-28
36,bottom,Cc1cc(c2ccc(cc2)N(c2ccccc2)c2ccccc2)c(N=C(C)C(C)=Nc2c(cc(C)cc2c2ccc(cc2)N(c2ccccc2)c2ccccc2)c2ccc(cc2)N(c2ccccc2)c2ccccc2)c(c1)c1ccc(cc1)N(c1ccccc1)c1ccccc1,"[24, 29]",[],1.2688850628036273e-28
36,bottom,CC(C)(C)P(P1P2P3P2P(P1P3P(C(C)(C)C)C(C)(C)C)P(C(C)(C)C)C(C)(C)C)C(C)(C)C,[6],"[{'functional_group': 'thiol', 'smiles_inds': [33]}, {'functional_group': 'amino', 'smiles_inds': [31]}]",1.6244527406278089e-26
36,bottom,Cc1cc(C)c(B(CCCP(CCCB(c2c(C)cc(C)cc2C)c2c(C)cc(C)cc2C)CCP(CCCB(c2c(C)cc(C)cc2C)c2c(C)cc(C)cc2C)CCCB(c2c(C)cc(C)cc2C)c2c(C)cc(C)cc2C)c2c(C)cc(C)cc2C)c(C)c1,"[35, 10]",[],1.0973830708864048e-25
36,bottom,CC(C)(C)P1P(P2P(P(P2C(C)(C)C)C(C)(C)C)C(C)(C)C)P(P1C(C)(C)C)C(C)(C)C,"[7, 4]",[],1.127636737585915e-25
36,bottom,CC(C)(C)P1P(P2P(P(P2C(C)(C)C)C(C)(C)C)C(C)(C)C)P(P1C(C)(C)C)C(C)(C)C,"[7, 4]","[{'functional_group': 'bromo', 'smiles_inds': [12]}, {'functional_group': 'carboxyl', 'smiles_inds': [3]}]",1.5820464154915044e-24
36,bottom,CC(C)(C)P(C[Si](C)(C)N[Si](C)(C)CP(=O)(C(C)(C)C)C(C)(C)C)C(C)(C)C,"[4, 15, 9]","[{'functional_group': 'phenyl', 'smiles_inds': [25]}, {'functional_group': 'trifluro', 'smiles_inds': [23]}]",8.466177597535824e-24
36,median,[NH2+]1C2[NH2+]C1C1C34OC1(O3)C24,"[0, 2]","[{'functional_group': 'iodo', 'smiles_inds': [1]}, {'functional_group': 'ethyl', 'smiles_inds': [9]}, {'functional_group': 'carboxyl', 'smiles_inds': [4]}]",0.31833070481006237
36,median,CN1C=CN([CH-]1)c1nc(cc(n1)C(C)(C)C)C(C)(C)C,"[1, 5]","[{'functional_group': 'bromo', 'smiles_inds': [13]}, {'functional_group': 'chloro', 'smiles_inds': [17]}]",0.31834603863691024
36,median,Nc1ccccc1C=Nc1ccccc1N,"[15, 8, 0]",[],0.3183790585771624
36,median,CCN(CC)C(=O)N1C=CC=N1,"[6, 11]",[],0.31847550108221895
36,median,NCC[NH+](CCN)CCN,[0],[],0.31855755197012836
36,median,c1ccc(nc1)C1=NN=C[N-]1,"[4, 10]","[{'functional_group': 'trifluro', 'smiles_inds': [9]}, {'functional_group': 'tribromo', 'smiles_inds': [1]}, {'functional_group': 'cyanimide', 'smiles_inds': [2]}]",0.31859646818396875
36,median,Nc1cc(F)c(F)cc1F,[0],[],0.31866116499750596
36,median,CCCNc1nc[nH+]c2[N-]C=[NH+]c12,[9],[],0.31876901476053104
36,median,COc1cc2c([O-])c3nccc4C(=C(OC)C(=O)c(c2cc1OC)c34)Cl,"[6, 8]",[],0.3189666075864368
36,median,O=N(=O)c1ccc(NN=Cc2ccccn2)c(c1)N(=O)=O,"[15, 8]",[],0.31923103203084424
36,median,CCc1ccnc(c1)c1cc(CC)cc(n1)c1cc(CC)ccn1,"[5, 15, 23]","[{'functional_group': 'ethyl_ester', 'smiles_inds': [17]}]",0.31923999702348055
36,median,C1OC=NC1c1ccccc1,[3],"[{'functional_group': 'amide', 'smiles_inds': [2]}]",0.3192544735263017
36,median,CCOC(=O)C1=C(N)NN=C1,[9],"[{'functional_group': 'carboxyllic_acid', 'smiles_inds': [10]}]",0.31930293157636447
36,median,S1C=NC(=C1)C1=Nc2ccccc2[N-]1,"[13, 2]","[{'functional_group': 'phenyl', 'smiles_inds': [4]}]",0.31946422430725263
36,median,CN(C)c1ccnc2c([O-])ccnc12,"[9, 12]","[{'functional_group': 'ketone', 'smiles_inds': [2]}]",0.3194811488075586
36,median,O=N(=O)c1ccc([O-])c(CNCCc2ccccn2)c1,"[10, 18, 7]","[{'functional_group': 'ether', 'smiles_inds': [14]}]",0.31954490921577466
36,median,CCN(CC)Cc1cc(cc(CN(CC)CC)n1)N(=O)=O,"[2, 17, 12]","[{'functional_group': 'ketone', 'smiles_inds': [1]}]",0.31957426275390816
36,median,COc1ccc(cc1)N=Nc1ccc([O-])c2ncccc12,"[14, 16]",[],0.3198485603484727
36,median,Fc1c2CN3CCOCCOCCOCCN(Cc1ccc2)Cc1cccc(C3)c1F,"[0, 30, 7, 10, 13, 16]","[{'functional_group': 'hydroxyl', 'smiles_inds': [20]}, {'functional_group': 'ethyl', 'smiles_inds': [11]}]",0.31990907340949387
36,median,COc1cccc(C)c1N=Cc1ccccc1,"[1, 9]","[{'functional_group': '2-hydroxypyridine', 'smiles_inds': [10]}]",0.3199576560660043
36,top,C[NH+]1CCN(CC1)c1c(F)cc2C(=O)C(=CN3C(C)COc1c23)C(=O)[O-],"[25, 13]","[{'functional_group': 'ketone', 'smiles_inds': [1]}, {'functional_group': 'hydroxyl', 'smiles_inds': [5]}]",0.9999999999858646
36,top,C[NH+]1CCN(CC1)c1c(F)cc2C(=O)C(=CN3C(C)COc1c23)C(=O)[O-],"[25, 13]","[{'functional_group': 'methyl', 'smiles_inds': [2]}, {'functional_group': 'aldehyde', 'smiles_inds': [19]}, {'functional_group': 'carboxyllic_acid', 'smiles_inds': [1]}, {'functional_group': 'aldehyde', 'smiles_inds': [5]}, {'functional_group': 'iodo', 'smiles_inds': [18]}, {'functional_group': 'cyano', 'smiles_inds': [3]}, {'functional_group': 'ethyl', 'smiles_inds': [6]}, {'functional_group': 'cyano', 'smiles_inds': [17]}]",0.9999999999870506
36,top,C[NH+]1CCN(CC1)c1c(F)cc2C(=O)C(=CN3C(C)COc1c23)C(=O)[O-],"[25, 13]","[{'functional_group': 'methyl', 'smiles_inds': [2]}, {'functional_group': 'aldehyde', 'smiles_inds': [19]}, {'functional_group': 'carbonyl', 'smiles_inds': [1]}, {'functional_group': 'tribromo', 'smiles_inds': [5]}]",0.999999999989168
36,top,C[NH+]1CCN(CC1)c1c(F)cc2C(=O)C(=CN3C(C)COc1c23)C(=O)[O-],"[25, 13]","[{'functional_group': 'cyano', 'smiles_inds': [5]}, {'functional_group': 'ethyl_ester', 'smiles_inds': [1]}, {'functional_group': 'bromo', 'smiles_inds': [19]}]",0.9999999999901015
36,top,C[NH+]1CCN(CC1)c1c(F)cc2C(=O)C(=CN3C(C)COc1c23)C(=O)[O-],"[25, 13]","[{'functional_group': 'methyl', 'smiles_inds': [2]}, {'functional_group': 'aldehyde', 'smiles_inds': [19]}, {'functional_group': 'carboxyllic_acid', 'smiles_inds': [1]}, {'functional_group': 'aldehyde', 'smiles_inds': [5]}, {'functional_group': 'iodo', 'smiles_inds': [18]}, {'functional_group': 'cyano', 'smiles_inds': [3]}, {'functional_group': 'ethyl', 'smiles_inds': [6]}, {'functional_group': 'trifluro', 'smiles_inds': [10]}]",0.9999999999908589
36,top,C[NH+]1CCN(CC1)c1c(F)cc2C(=O)C(=CN3C(C)COc1c23)C(=O)[O-],"[25, 13]","[{'functional_group': 'ethyl', 'smiles_inds': [1]}, {'functional_group': 'trichloro', 'smiles_inds': [19]}, {'functional_group': 'tribromo', 'smiles_inds': [18]}, {'functional_group': 'carboxyl', 'smiles_inds': [2]}, {'functional_group': 'methyl', 'smiles_inds': [0]}, {'functional_group': 'carboxylate', 'smiles_inds': [5]}, {'functional_group': 'ethyl', 'smiles_inds': [6]}, {'functional_group': 'carboxylate', 'smiles_inds': [3]}, {'functional_group': 'chloro', 'smiles_inds': [10]}]",0.9999999999917435
36,top,C[NH+]1CCN(CC1)c1c(F)cc2C(=O)C(=CN3C(C)COc1c23)C(=O)[O-],"[25, 13]","[{'functional_group': 'methyl', 'smiles_inds': [1]}, {'functional_group': 'ketone', 'smiles_inds': [10]}]",0.9999999999919134
36,top,C[NH+]1CCN(CC1)c1c(F)cc2C(=O)C(=CN3C(C)COc1c23)C(=O)[O-],"[25, 13]","[{'functional_group': 'methyl', 'smiles_inds': [2]}, {'functional_group': 'aldehyde', 'smiles_inds': [19]}, {'functional_group': 'carboxyllic_acid', 'smiles_inds': [1]}, {'functional_group': 'aldehyde', 'smiles_inds': [5]}, {'functional_group': 'iodo', 'smiles_inds': [10]}, {'functional_group': 'methyl_ester', 'smiles_inds': [18]}]",0.9999999999924216
36,top,C[NH+]1CCN(CC1)c1c(F)cc2C(=O)C(=CN3C(C)COc1c23)C(=O)[O-],"[25, 13]","[{'functional_group': 'carboxylate', 'smiles_inds': [5]}, {'functional_group': 'cyano', 'smiles_inds': [1]}]",0.999999999992758
36,top,C[NH+]1CCN(CC1)c1c(F)cc2C(=O)C(=CN3C(C)COc1c23)C(=O)[O-],"[25, 13]","[{'functional_group': 'methyl', 'smiles_inds': [2]}, {'functional_group': 'aldehyde', 'smiles_inds': [19]}, {'functional_group': 'carboxyllic_acid', 'smiles_inds': [1]}, {'functional_group': 'aldehyde', 'smiles_inds': [5]}, {'functional_group': 'iodo', 'smiles_inds': [18]}, {'functional_group': 'cyano', 'smiles_inds': [3]}, {'functional_group': 'carbonyl', 'smiles_inds': [6]}]",0.9999999999928952
36,top,C[NH+]1CCN(CC1)c1c(F)cc2C(=O)C(=CN3C(C)COc1c23)C(=O)[O-],"[25, 13]","[{'functional_group': 'methyl', 'smiles_inds': [2]}, {'functional_group': 'aldehyde', 'smiles_inds': [19]}, {'functional_group': 'carbonyl', 'smiles_inds': [1]}, {'functional_group': 'methyl', 'smiles_inds': [3]}, {'functional_group': 'chloro', 'smiles_inds': [10]}]",0.9999999999947411
36,top,CC1C(=O)C(=NO)C(=O)C(=NO)C1=O,"[8, 10]","[{'functional_group': 'carboxylate', 'smiles_inds': [1]}, {'functional_group': 'bromo', 'smiles_inds': [0]}, {'functional_group': 'bromo', 'smiles_inds': [6]}, {'functional_group': 'amide', 'smiles_inds': [11]}]",0.999999999995359
36,top,C[NH+]1CCN(CC1)c1c(F)cc2C(=O)C(=CN3C(C)COc1c23)C(=O)[O-],"[25, 13]","[{'functional_group': 'methyl', 'smiles_inds': [2]}, {'functional_group': 'aldehyde', 'smiles_inds': [19]}, {'functional_group': 'carboxyllic_acid', 'smiles_inds': [1]}, {'functional_group': 'aldehyde', 'smiles_inds': [5]}, {'functional_group': 'iodo', 'smiles_inds': [18]}, {'functional_group': 'cyano', 'smiles_inds': [3]}, {'functional_group': 'ethyl', 'smiles_inds': [6]}, {'functional_group': 'aldehyde', 'smiles_inds': [10]}, {'functional_group': 'amino', 'smiles_inds': [0]}]",0.999999999995407
36,top,C[NH+]1CCN(CC1)c1c(F)cc2C(=O)C(=CN3C(C)COc1c23)C(=O)[O-],"[25, 13]","[{'functional_group': 'methyl', 'smiles_inds': [2]}, {'functional_group': 'aldehyde', 'smiles_inds': [19]}, {'functional_group': 'carboxyllic_acid', 'smiles_inds': [1]}, {'functional_group': 'aldehyde', 'smiles_inds': [5]}, {'functional_group': 'iodo', 'smiles_inds': [18]}, {'functional_group': 'cyano', 'smiles_inds': [3]}, {'functional_group': 'ethyl', 'smiles_inds': [6]}, {'functional_group': 'carboxylate', 'smiles_inds': [17]}]",0.9999999999968627
36,top,C[NH+]1CCN(CC1)c1c(F)cc2C(=O)C(=CN3C(C)COc1c23)C(=O)[O-],"[25, 13]","[{'functional_group': 'methyl', 'smiles_inds': [1]}]",0.9999999999969365
36,top,C[NH+]1CCN(CC1)c1c(F)cc2C(=O)C(=CN3C(C)COc1c23)C(=O)[O-],"[25, 13]","[{'functional_group': 'methyl', 'smiles_inds': [1]}, {'functional_group': '2-hydroxypyridine', 'smiles_inds': [6]}]",0.9999999999978455
36,top,C[NH+]1CCN(CC1)c1c(F)cc2C(=O)C(=CN3C(C)COc1c23)C(=O)[O-],"[25, 13]","[{'functional_group': 'methyl', 'smiles_inds': [2]}, {'functional_group': 'aldehyde', 'smiles_inds': [19]}, {'functional_group': 'carboxyllic_acid', 'smiles_inds': [1]}, {'functional_group': 'aldehyde', 'smiles_inds': [5]}, {'functional_group': 'iodo', 'smiles_inds': [18]}, {'functional_group': 'cyano', 'smiles_inds': [3]}, {'functional_group': 'carboxylate', 'smiles_inds': [17]}]",0.9999999999983382
36,top,C[NH+]1CCN(CC1)c1c(F)cc2C(=O)C(=CN3C(C)COc1c23)C(=O)[O-],"[25, 13]","[{'functional_group': 'ethyl', 'smiles_inds': [10]}, {'functional_group': 'methyl', 'smiles_inds': [1]}]",0.9999999999985021
36,top,C[NH+]1CCN(CC1)c1c(F)cc2C(=O)C(=CN3C(C)COc1c23)C(=O)[O-],"[25, 13]","[{'functional_group': 'methyl', 'smiles_inds': [2]}, {'functional_group': 'aldehyde', 'smiles_inds': [19]}, {'functional_group': 'carboxyllic_acid', 'smiles_inds': [1]}, {'functional_group': 'aldehyde', 'smiles_inds': [5]}, {'functional_group': 'iodo', 'smiles_inds': [18]}, {'functional_group': 'cyano', 'smiles_inds': [3]}, {'functional_group': 'thiol', 'smiles_inds': [10]}]",0.9999999999993339
36,top,C[NH+]1CCN(CC1)c1c(F)cc2C(=O)C(=CN3C(C)COc1c23)C(=O)[O-],"[25, 13]","[{'functional_group': 'methyl', 'smiles_inds': [2]}, {'functional_group': 'aldehyde', 'smiles_inds': [19]}, {'functional_group': 'carboxyllic_acid', 'smiles_inds': [1]}, {'functional_group': 'aldehyde', 'smiles_inds': [5]}, {'functional_group': 'iodo', 'smiles_inds': [18]}, {'functional_group': 'cyano', 'smiles_inds': [3]}, {'functional_group': 'methyl', 'smiles_inds': [10]}]",0.9999999999994236
37,bottom,C[Si](C)(C)c1cc(cc(c1)[Si](C#CP(C#C[Si](c1cc(cc(c1)[Si](C)(C)C)[Si](C)(C)C)(c1cc(cc(c1)[Si](C)(C)C)[Si](C)(C)C)c1cc(cc(c1)[Si](C)(C)C)[Si](C)(C)C)C#C[Si](c1cc(cc(c1)[Si](C)(C)C)[Si](C)(C)C)(c1cc(cc(c1)[Si](C)(C)C)[Si](C)(C)C)c1cc(cc(c1)[Si](C)(C)C)[Si](C)(C)C)(c1cc(cc(c1)[Si](C)(C)C)[Si](C)(C)C)c1cc(cc(c1)[Si](C)(C)C)[Si](C)(C)C)[Si](C)(C)C,[13],"[{'functional_group': 'ketone', 'smiles_inds': [102]}, {'functional_group': 'hydroxyl', 'smiles_inds': [133]}]",1.3148135124779316e-64
37,bottom,C[Si](C)(C)c1cc(cc(c1)[Si](C#CP(C#C[Si](c1cc(cc(c1)[Si](C)(C)C)[Si](C)(C)C)(c1cc(cc(c1)[Si](C)(C)C)[Si](C)(C)C)c1cc(cc(c1)[Si](C)(C)C)[Si](C)(C)C)C#C[Si](c1cc(cc(c1)[Si](C)(C)C)[Si](C)(C)C)(c1cc(cc(c1)[Si](C)(C)C)[Si](C)(C)C)c1cc(cc(c1)[Si](C)(C)C)[Si](C)(C)C)(c1cc(cc(c1)[Si](C)(C)C)[Si](C)(C)C)c1cc(cc(c1)[Si](C)(C)C)[Si](C)(C)C)[Si](C)(C)C,[13],"[{'functional_group': 'ketone', 'smiles_inds': [102]}]",5.7067739405959976e-64
37,bottom,C[Si](C)(C)c1cc(cc(c1)[Si](C#CP(C#C[Si](c1cc(cc(c1)[Si](C)(C)C)[Si](C)(C)C)(c1cc(cc(c1)[Si](C)(C)C)[Si](C)(C)C)c1cc(cc(c1)[Si](C)(C)C)[Si](C)(C)C)C#C[Si](c1cc(cc(c1)[Si](C)(C)C)[Si](C)(C)C)(c1cc(cc(c1)[Si](C)(C)C)[Si](C)(C)C)c1cc(cc(c1)[Si](C)(C)C)[Si](C)(C)C)(c1cc(cc(c1)[Si](C)(C)C)[Si](C)(C)C)c1cc(cc(c1)[Si](C)(C)C)[Si](C)(C)C)[Si](C)(C)C,[13],"[{'functional_group': 'carboxylate', 'smiles_inds': [95]}, {'functional_group': 'cyano', 'smiles_inds': [79]}]",9.052252085315657e-64
37,bottom,C[Si](C)(C)c1cc(cc(c1)[Si](C)(C)C)C(C(=O)Nc1cccc(NC(=O)C(c2cc(cc(c2)[Si](C)(C)C)[Si](C)(C)C)(c2cc(cc(c2)[Si](C)(C)C)[Si](C)(C)C)c2cc(cc(c2)[Si](C)(C)C)[Si](C)(C)C)c1[S-])(c1cc(cc(c1)[Si](C)(C)C)[Si](C)(C)C)c1cc(cc(c1)[Si](C)(C)C)[Si](C)(C)C,"[70, 16]","[{'functional_group': 'bromo', 'smiles_inds': [11]}]",1.5028754493127e-42
37,bottom,C[Si](C)(C)c1cc(cc(c1)[Si](C)(C)C)C(C(=O)Nc1cccc(NC(=O)C(c2cc(cc(c2)[Si](C)(C)C)[Si](C)(C)C)(c2cc(cc(c2)[Si](C)(C)C)[Si](C)(C)C)c2cc(cc(c2)[Si](C)(C)C)[Si](C)(C)C)c1[S-])(c1cc(cc(c1)[Si](C)(C)C)[Si](C)(C)C)c1cc(cc(c1)[Si](C)(C)C)[Si](C)(C)C,"[70, 16]","[{'functional_group': 'aldehyde', 'smiles_inds': [60]}]",2.4644777322296405e-42
37,bottom,CCCC[P](CCCC)(CCCC)CCP(CCP(CCP(CC[P](CCCC)(CCCC)CCCC)CC[P](CCCC)(CCCC)CCCC)c1ccccc1)CC[P](CCCC)(CCCC)CCCC,"[15, 18, 21]","[{'functional_group': '2-methylbenzoic_acid', 'smiles_inds': [30]}, {'functional_group': 'bromo', 'smiles_inds': [12]}, {'functional_group': 'phenyl', 'smiles_inds': [57]}]",8.55069468997661e-34
37,bottom,C[Si](C)(C)C(c1cc(C([Si](C)(C)C)[Si](C)(C)C)c([Se]c2ccccc2Sc2ccccc2Sc2ccccc2[Se]c2c(cc(cc2C([Si](C)(C)C)[Si](C)(C)C)C([Si](C)(C)C)[Si](C)(C)C)C([Si](C)(C)C)[Si](C)(C)C)c(c1)C([Si](C)(C)C)[Si](C)(C)C)[Si](C)(C)C,"[25, 32]","[{'functional_group': 'amide', 'smiles_inds': [49]}]",7.83948125758625e-33
37,bottom,C[Si](C)(C)C(c1cc(C([Si](C)(C)C)[Si](C)(C)C)c([Se]c2ccccc2Sc2ccccc2Sc2ccccc2[Se]c2c(cc(cc2C([Si](C)(C)C)[Si](C)(C)C)C([Si](C)(C)C)[Si](C)(C)C)C([Si](C)(C)C)[Si](C)(C)C)c(c1)C([Si](C)(C)C)[Si](C)(C)C)[Si](C)(C)C,"[25, 32]","[{'functional_group': 'cyano', 'smiles_inds': [85]}, {'functional_group': 'iodo', 'smiles_inds': [75]}]",8.073588948705416e-32
37,bottom,N=P(c1ccccc1c1cc(cc(c1)c1ccccc1P(=[N-])(C12CC3CC(CC(C3)C1)C2)C12CC3CC(CC(C3)C1)C2)c1ccccc1P(=[N-])(C12CC3CC(CC(C3)C1)C2)C12CC3CC(CC(C3)C1)C2)(C12CC3CC(CC(C3)C1)C2)C12CC3CC(CC(C3)C1)C2,"[0, 21, 49]","[{'functional_group': 'amide', 'smiles_inds': [15]}, {'functional_group': 'trifluro', 'smiles_inds': [34]}]",6.6268106946088505e-31
37,bottom,CC(C)(C)P(CCP(CCP(C(C)(C)C)C(C)(C)C)CCP(C(C)(C)C)C(C)(C)C)C(C)(C)C,"[4, 7, 10]",[],7.156638695993995e-29
37,bottom,Cc1cc(c2ccc(cc2)N(c2ccccc2)c2ccccc2)c(N=C(C)C(C)=Nc2c(cc(C)cc2c2ccc(cc2)N(c2ccccc2)c2ccccc2)c2ccc(cc2)N(c2ccccc2)c2ccccc2)c(c1)c1ccc(cc1)N(c1ccccc1)c1ccccc1,"[24, 29]","[{'functional_group': 'amide', 'smiles_inds': [46]}]",1.166622049623223e-28
37,bottom,CC(C)(C)P(P1P(P(P1C(C)(C)C)C(C)(C)C)C(C)(C)C)P1P(P(P1C(C)(C)C)C(C)(C)C)C(C)(C)C,[4],"[{'functional_group': 'carboxyllic_acid', 'smiles_inds': [16]}, {'functional_group': '2-methylbenzoic_acid', 'smiles_inds': [32]}]",1.8759652125206107e-28
37,bottom,C[Si](C)(C)C(c1cc(C([Si](C)(C)C)[Si](C)(C)C)c([Se]c2ccccc2Sc2ccccc2Sc2ccccc2[Se]c2c(cc(cc2C([Si](C)(C)C)[Si](C)(C)C)C([Si](C)(C)C)[Si](C)(C)C)C([Si](C)(C)C)[Si](C)(C)C)c(c1)C([Si](C)(C)C)[Si](C)(C)C)[Si](C)(C)C,"[25, 32]","[{'functional_group': 'thiol', 'smiles_inds': [15]}, {'functional_group': 'tribromo', 'smiles_inds': [46]}]",3.484701694051624e-28
37,bottom,Cc1cc(c2ccc(cc2)N(c2ccccc2)c2ccccc2)c(N=C(C)C(C)=Nc2c(cc(C)cc2c2ccc(cc2)N(c2ccccc2)c2ccccc2)c2ccc(cc2)N(c2ccccc2)c2ccccc2)c(c1)c1ccc(cc1)N(c1ccccc1)c1ccccc1,"[24, 29]","[{'functional_group': 'trifluro', 'smiles_inds': [87]}]",1.5267939186750317e-27
37,bottom,C[Si](C)(C)C(c1cc(C([Si](C)(C)C)[Si](C)(C)C)c([Se]c2ccccc2[Se]c2ccccc2[Se]c2ccccc2[Se]c2c(cc(cc2C([Si](C)(C)C)[Si](C)(C)C)C([Si](C)(C)C)[Si](C)(C)C)C([Si](C)(C)C)[Si](C)(C)C)c(c1)C([Si](C)(C)C)[Si](C)(C)C)[Si](C)(C)C,"[25, 32]","[{'functional_group': 'ketone', 'smiles_inds': [37]}]",3.944675933857977e-27
37,bottom,Cc1cc(C)c(B(CCCP(CCCB(c2c(C)cc(C)cc2C)c2c(C)cc(C)cc2C)CCP(CCCB(c2c(C)cc(C)cc2C)c2c(C)cc(C)cc2C)CCCB(c2c(C)cc(C)cc2C)c2c(C)cc(C)cc2C)c2c(C)cc(C)cc2C)c(C)c1,"[35, 10]","[{'functional_group': 'amino', 'smiles_inds': [74]}]",5.546447566717118e-27
37,bottom,CC(C)(C)P1P(P2P(P(P2C(C)(C)C)C(C)(C)C)C(C)(C)C)P(P1C(C)(C)C)C(C)(C)C,"[7, 4]",[],2.5918443304662373e-24
37,bottom,CN1C(=NC(=C1c1ccccc1)c1ccccc1)P(C1=NC(=C(N1C)c1ccccc1)c1ccccc1)C1=NC(=C(N1C)c1ccccc1)c1ccccc1,"[3, 20, 38]","[{'functional_group': 'phenyl', 'smiles_inds': [36]}]",7.18964048176017e-24
37,bottom,CC(C)P(C(C)C)c1cc(C)ccc1N(c1ccc(C)cc1P(C(C)C)C(C)C)c1ccc(C)cc1P(C(C)C)C(C)C,"[3, 22, 36]",[],3.1143363683423744e-23
37,bottom,CN1C(=NC(=C1c1ccccc1)c1ccccc1)P(C1=NC(=C(N1C)c1ccccc1)c1ccccc1)C1=NC(=C(N1C)c1ccccc1)c1ccccc1,"[3, 20, 38]",[],4.4975691413542164e-23
37,median,Nc1ccc(cc1Cl)N(=O)=O,[0],"[{'functional_group': 'ketone', 'smiles_inds': [5]}]",0.3554475184553644
37,median,Cc1nc2c(ccc3cc(c(C)nc23)c2ccc(cc2)C(O)=O)cc1c1ccc(cc1)C(O)=O,"[12, 2]","[{'functional_group': 'carboxyllic_acid', 'smiles_inds': [6]}, {'functional_group': 'methyl_ester', 'smiles_inds': [32]}]",0.3554676141220793
37,median,Fc1ccc(cc1)C1=N[N-]C(=N1)c1ccccn1,"[17, 9]","[{'functional_group': 'chloro', 'smiles_inds': [13]}, {'functional_group': 'phosphonate', 'smiles_inds': [5]}]",0.3555999037209661
37,median,N1C=Nc2c[nH+]cnc12,[2],"[{'functional_group': 'cyano', 'smiles_inds': [6]}]",0.3556433608251274
37,median,CN(C)Cc1cccc(CN(C)C)[c-]1,"[1, 13, 10]",[],0.3560566611080253
37,median,OC(CN1CCN(CCN(CCN(CC1)CC([O-])Cc1ccccc1)CC(O)Cc1ccccc1)CC([O-])Cc1ccccc1)Cc1ccccc1,"[3, 12, 9, 6, 17, 37]","[{'functional_group': 'carbonyl', 'smiles_inds': [35]}, {'functional_group': 'ketone', 'smiles_inds': [33]}]",0.35609987323500636
37,median,O=C(CCCCCN1C(=O)C=CC1=O)Nc1ccc(cc1)c1cc(nc(c1)c1ccccn1)c1ccccn1,"[32, 24, 38]","[{'functional_group': 'fluoro', 'smiles_inds': [11]}]",0.3561529166372235
37,median,CC(C)CC=O,[5],[],0.3562478547466416
37,median,CC(C)(C)c1ccc(cc1)c1ccnc(c1)C1=NC(=N[N-]1)c1ccc(cc1)C(C)(C)C,"[20, 13]",[],0.35628951674663023
37,median,CSc1ccccc1P(c1ccccc1)c1ccccc1[S-],"[21, 8]","[{'functional_group': 'iodo', 'smiles_inds': [11]}]",0.3564209583310876
37,median,COC(=O)C1COC(=N1)c1ccccc1[O-],"[15, 8]",[],0.3564365245840549
37,median,[NH3+]CCNC(=O)c1ccnc(c1)c1cc(C)ccn1,"[18, 9]","[{'functional_group': 'phosphonate', 'smiles_inds': [8]}, {'functional_group': 'ether', 'smiles_inds': [13]}]",0.356475262610712
37,median,Fc1cccc(F)c1NC(=O)c1cnccn1,[13],[],0.35652015633118855
37,median,C#Cc1ccccn1,[7],"[{'functional_group': 'carboxyllic_acid', 'smiles_inds': [6]}, {'functional_group': 'methyl', 'smiles_inds': [3]}]",0.3566374030595258
37,median,CCN1CCNCCN(CC1)C(C)C,"[2, 8, 5]","[{'functional_group': 'iodo', 'smiles_inds': [3]}]",0.3566548453370127
37,median,CN(C)CC[Te-],"[5, 1]",[],0.3566988634462983
37,median,CC1(C)CCc2c(O1)c1ccccc1c1nc3c4cccnc4c4ncccc4c3nc21,"[21, 24]","[{'functional_group': 'iodo', 'smiles_inds': [2]}, {'functional_group': 'fluoro', 'smiles_inds': [0]}]",0.3567026369255875
37,median,O=C(CCCCCCC(=O)Nc1ccccc1)N[O-],"[0, 18]",[],0.35677949204209986
37,median,[S-]C(NCCc1ccccc1)=NN=Cc1ccccn1,"[0, 12, 19]","[{'functional_group': 'cyanimide', 'smiles_inds': [9]}, {'functional_group': 'amide', 'smiles_inds': [4]}]",0.356822717881195
37,median,Cc1ccc(cc1)N=Nc1cccc(c1)c1ccnc(c1)c1ccccn1,"[18, 26]","[{'functional_group': 'amino', 'smiles_inds': [5]}, {'functional_group': 'cyano', 'smiles_inds': [3]}, {'functional_group': '2-hydroxypyridine', 'smiles_inds': [10]}]",0.3569351274643821
37,top,C[NH+]1CCN(CC1)c1c(F)cc2C(=O)C(=CN3C(C)COc1c23)C(=O)[O-],"[25, 13]","[{'functional_group': 'amino', 'smiles_inds': [3]}, {'functional_group': 'cyano', 'smiles_inds': [1]}]",0.9999999999731861
37,top,C[NH+]1CCN(CC1)c1c(F)cc2C(=O)C(=CN3C(C)COc1c23)C(=O)[O-],"[25, 13]","[{'functional_group': 'methyl', 'smiles_inds': [1]}]",0.9999999999744267
37,top,C[NH+]1CCN(CC1)c1c(F)cc2C(=O)C(=CN3C(C)COc1c23)C(=O)[O-],"[25, 13]","[{'functional_group': 'ethyl', 'smiles_inds': [19]}, {'functional_group': 'methyl', 'smiles_inds': [1]}]",0.9999999999752578
37,top,C[NH+]1CCN(CC1)c1c(F)cc2C(=O)C(=CN3C(C)COc1c23)C(=O)[O-],"[25, 13]","[{'functional_group': 'methyl', 'smiles_inds': [2]}, {'functional_group': 'aldehyde', 'smiles_inds': [19]}, {'functional_group': 'carboxyllic_acid', 'smiles_inds': [1]}, {'functional_group': 'aldehyde', 'smiles_inds': [5]}, {'functional_group': 'iodo', 'smiles_inds': [18]}, {'functional_group': 'cyano', 'smiles_inds': [3]}, {'functional_group': 'ethyl', 'smiles_inds': [6]}, {'functional_group': '2-hydroxypyridine', 'smiles_inds': [10]}]",0.9999999999783704
37,top,C[NH+]1CCN(CC1)c1c(F)cc2C(=O)C(=CN3C(C)COc1c23)C(=O)[O-],"[25, 13]","[{'functional_group': 'amino', 'smiles_inds': [3]}, {'functional_group': 'carbonyl', 'smiles_inds': [1]}]",0.9999999999834728
37,top,C[NH+]1CCN(CC1)c1c(F)cc2C(=O)C(=CN3C(C)COc1c23)C(=O)[O-],"[25, 13]","[{'functional_group': 'methyl', 'smiles_inds': [2]}, {'functional_group': 'aldehyde', 'smiles_inds': [19]}, {'functional_group': 'carboxyllic_acid', 'smiles_inds': [1]}, {'functional_group': 'aldehyde', 'smiles_inds': [5]}, {'functional_group': 'iodo', 'smiles_inds': [18]}, {'functional_group': 'cyano', 'smiles_inds': [3]}, {'functional_group': 'ethyl', 'smiles_inds': [6]}, {'functional_group': 'methyl_ester', 'smiles_inds': [17]}]",0.99999999998362
37,top,C[NH+]1CCN(CC1)c1c(F)cc2C(=O)C(=CN3C(C)COc1c23)C(=O)[O-],"[25, 13]","[{'functional_group': 'methyl', 'smiles_inds': [1]}, {'functional_group': 'ether', 'smiles_inds': [2]}]",0.9999999999864322
37,top,C[NH+]1CCN(CC1)c1c(F)cc2C(=O)C(=CN3C(C)COc1c23)C(=O)[O-],"[25, 13]","[{'functional_group': 'methyl', 'smiles_inds': [2]}, {'functional_group': 'aldehyde', 'smiles_inds': [19]}, {'functional_group': 'carboxyllic_acid', 'smiles_inds': [1]}, {'functional_group': 'aldehyde', 'smiles_inds': [5]}, {'functional_group': 'iodo', 'smiles_inds': [18]}, {'functional_group': 'cyano', 'smiles_inds': [3]}, {'functional_group': 'trichloro', 'smiles_inds': [10]}]",0.999999999987184
37,top,C[NH+]1CCN(CC1)c1c(F)cc2C(=O)C(=CN3C(C)COc1c23)C(=O)[O-],"[25, 13]","[{'functional_group': 'ethyl', 'smiles_inds': [1]}, {'functional_group': 'trichloro', 'smiles_inds': [19]}, {'functional_group': 'tribromo', 'smiles_inds': [18]}, {'functional_group': 'carboxyl', 'smiles_inds': [2]}, {'functional_group': 'tribromo', 'smiles_inds': [0]}, {'functional_group': 'carboxylate', 'smiles_inds': [10]}, {'functional_group': 'carboxylate', 'smiles_inds': [5]}, {'functional_group': 'carboxylate', 'smiles_inds': [3]}, {'functional_group': 'methyl', 'smiles_inds': [6]}, {'functional_group': 'ether', 'smiles_inds': [17]}]",0.9999999999873359
37,top,CC1C(=O)C(=NO)C(=O)C(=NO)C1=O,"[8, 10]","[{'functional_group': 'carboxylate', 'smiles_inds': [1]}, {'functional_group': 'bromo', 'smiles_inds': [0]}, {'functional_group': 'bromo', 'smiles_inds': [6]}, {'functional_group': 'amide', 'smiles_inds': [11]}]",0.9999999999873601
37,top,C[NH+]1CCN(CC1)c1c(F)cc2C(=O)C(=CN3C(C)COc1c23)C(=O)[O-],"[25, 13]","[{'functional_group': 'methyl', 'smiles_inds': [2]}, {'functional_group': 'aldehyde', 'smiles_inds': [19]}, {'functional_group': 'carboxyllic_acid', 'smiles_inds': [1]}, {'functional_group': 'aldehyde', 'smiles_inds': [5]}, {'functional_group': 'iodo', 'smiles_inds': [18]}, {'functional_group': 'cyano', 'smiles_inds': [3]}, {'functional_group': 'ethyl', 'smiles_inds': [6]}, {'functional_group': 'thiol', 'smiles_inds': [10]}]",0.999999999987419
37,top,C[NH+]1CCN(CC1)c1c(F)cc2C(=O)C(=CN3C(C)COc1c23)C(=O)[O-],"[25, 13]","[{'functional_group': 'ketone', 'smiles_inds': [5]}, {'functional_group': 'methyl', 'smiles_inds': [1]}]",0.9999999999885159
37,top,C[NH+]1CCN(CC1)c1c(F)cc2C(=O)C(=CN3C(C)COc1c23)C(=O)[O-],"[25, 13]","[{'functional_group': 'methyl', 'smiles_inds': [1]}, {'functional_group': 'ethyl', 'smiles_inds': [6]}]",0.9999999999897939
37,top,C[NH+]1CCN(CC1)c1c(F)cc2C(=O)C(=CN3C(C)COc1c23)C(=O)[O-],"[25, 13]","[{'functional_group': 'methyl', 'smiles_inds': [1]}, {'functional_group': 'chloro', 'smiles_inds': [18]}]",0.9999999999905507
37,top,O=C(NCCN(CCNC(=O)C1=C([O-])C(=O)C=CO1)CCNC(=O)C1=C([O-])C(=O)C=CO1)C1=C([O-])C(=O)C=CO1,"[34, 36, 13, 15, 26, 28]","[{'functional_group': 'hydroxyl', 'smiles_inds': [17]}]",0.9999999999918587
37,top,O=C(NCCN(CCNC(=O)C1=C([O-])C(=O)C=CO1)CCNC(=O)C1=C([O-])C(=O)C=CO1)C1=C([O-])C(=O)C=CO1,"[34, 36, 13, 15, 26, 28]",[],0.9999999999923002
37,top,C[NH+]1CCN(CC1)c1c(F)cc2C(=O)C(=CN3C(C)COc1c23)C(=O)[O-],"[25, 13]","[{'functional_group': 'methyl', 'smiles_inds': [2]}, {'functional_group': 'aldehyde', 'smiles_inds': [19]}, {'functional_group': 'carboxyllic_acid', 'smiles_inds': [1]}, {'functional_group': 'aldehyde', 'smiles_inds': [5]}, {'functional_group': 'iodo', 'smiles_inds': [18]}, {'functional_group': 'cyano', 'smiles_inds': [3]}, {'functional_group': 'iodo', 'smiles_inds': [10]}]",0.9999999999948421
37,top,C[NH+]1CCN(CC1)c1c(F)cc2C(=O)C(=CN3C(C)COc1c23)C(=O)[O-],"[25, 13]","[{'functional_group': 'trichloro', 'smiles_inds': [19]}, {'functional_group': 'methyl', 'smiles_inds': [1]}]",0.9999999999981772
37,top,C[NH+]1CCN(CC1)c1c(F)cc2C(=O)C(=CN3C(C)COc1c23)C(=O)[O-],"[25, 13]","[{'functional_group': 'ethyl', 'smiles_inds': [1]}, {'functional_group': 'trichloro', 'smiles_inds': [19]}, {'functional_group': 'amino', 'smiles_inds': [6]}, {'functional_group': 'carbonyl', 'smiles_inds': [5]}]",0.9999999999987645
37,top,C[NH+]1CCN(CC1)c1c(F)cc2C(=O)C(=CN3C(C)COc1c23)C(=O)[O-],"[25, 13]","[{'functional_group': 'ethyl', 'smiles_inds': [1]}, {'functional_group': 'trichloro', 'smiles_inds': [19]}, {'functional_group': 'amino', 'smiles_inds': [3]}]",0.9999999999987679
38,bottom,C[Si](C)(C)c1cc(cc(c1)[Si](C)(C)C)C(C(=O)Nc1cccc(NC(=O)C(c2cc(cc(c2)[Si](C)(C)C)[Si](C)(C)C)(c2cc(cc(c2)[Si](C)(C)C)[Si](C)(C)C)c2cc(cc(c2)[Si](C)(C)C)[Si](C)(C)C)c1[S-])(c1cc(cc(c1)[Si](C)(C)C)[Si](C)(C)C)c1cc(cc(c1)[Si](C)(C)C)[Si](C)(C)C,"[70, 16]","[{'functional_group': 'hydroxyl', 'smiles_inds': [3]}, {'functional_group': 'hydroxyl', 'smiles_inds': [35]}]",1.4289000035512511e-52
38,bottom,C[Si](C)(C)c1cc(cc(c1)[Si](C)(C)C)C(C(=O)Nc1cccc(NC(=O)C(c2cc(cc(c2)[Si](C)(C)C)[Si](C)(C)C)(c2cc(cc(c2)[Si](C)(C)C)[Si](C)(C)C)c2cc(cc(c2)[Si](C)(C)C)[Si](C)(C)C)c1[S-])(c1cc(cc(c1)[Si](C)(C)C)[Si](C)(C)C)c1cc(cc(c1)[Si](C)(C)C)[Si](C)(C)C,"[70, 16]","[{'functional_group': 'bromo', 'smiles_inds': [96]}]",2.2258031402354457e-51
38,bottom,C[Si](C)(C)C(c1cc(C([Si](C)(C)C)[Si](C)(C)C)c(Sc2ccccc2Sc2ccccc2Sc2ccccc2Sc2c(cc(cc2C([Si](C)(C)C)[Si](C)(C)C)C([Si](C)(C)C)[Si](C)(C)C)C([Si](C)(C)C)[Si](C)(C)C)c(c1)C([Si](C)(C)C)[Si](C)(C)C)[Si](C)(C)C,"[25, 32]","[{'functional_group': 'ethyl', 'smiles_inds': [46]}, {'functional_group': '2-hydroxypyridine', 'smiles_inds': [0]}]",4.0950165720368734e-35
38,bottom,C[Si](C)(C)C(c1cc(C([Si](C)(C)C)[Si](C)(C)C)c([Se]c2ccccc2Sc2ccccc2Sc2ccccc2[Se]c2c(cc(cc2C([Si](C)(C)C)[Si](C)(C)C)C([Si](C)(C)C)[Si](C)(C)C)C([Si](C)(C)C)[Si](C)(C)C)c(c1)C([Si](C)(C)C)[Si](C)(C)C)[Si](C)(C)C,"[25, 32]","[{'functional_group': 'ether', 'smiles_inds': [34]}]",1.07121341305176e-34
38,bottom,C[Si](C)(C)c1cc(cc(c1)[Si](C)(C)C)P(c1cc(cc(c1)[Si](C)(C)C)[Si](C)(C)C)c1ccccc1P(c1cc(cc(c1)[Si](C)(C)C)[Si](C)(C)C)c1cc(cc(c1)[Si](C)(C)C)[Si](C)(C)C,"[35, 14]",[],5.643302834808671e-33
38,bottom,CC1=C(C)C[Ge]2([Ge]([Ge]2(C1)[Si](C(C)(C)C)(C(C)(C)C)C(C)(C)C)[Si](C(C)(C)C)(C(C)(C)C)C(C)(C)C)[Si](C(C)(C)C)(C(C)(C)C)C(C)(C)C,[6],"[{'functional_group': '2-methylbenzoic_acid', 'smiles_inds': [8]}]",5.7621822335178664e-33
38,bottom,C[Si](C)(C)C(c1cc(C([Si](C)(C)C)[Si](C)(C)C)c(Sc2ccccc2[Se]c2ccccc2[Se]c2ccccc2Sc2c(cc(cc2C([Si](C)(C)C)[Si](C)(C)C)C([Si](C)(C)C)[Si](C)(C)C)C([Si](C)(C)C)[Si](C)(C)C)c(c1)C([Si](C)(C)C)[Si](C)(C)C)[Si](C)(C)C,"[25, 32]","[{'functional_group': 'hydroxyl', 'smiles_inds': [22]}]",5.950842063447897e-33
38,bottom,CC(C)(C)P(CCCP(CCCP(C(C)(C)C)C(C)(C)C)CCCP(C(C)(C)C)C(C)(C)C)C(C)(C)C,"[4, 8, 12]","[{'functional_group': 'ethyl', 'smiles_inds': [36]}, {'functional_group': 'trichloro', 'smiles_inds': [18]}]",2.4088145232524957e-31
38,bottom,CC(C)(C)P(CCCP(CCCP(C(C)(C)C)C(C)(C)C)CCCP(C(C)(C)C)C(C)(C)C)C(C)(C)C,"[4, 8, 12]","[{'functional_group': 'ethyl', 'smiles_inds': [23]}, {'functional_group': 'amino', 'smiles_inds': [16]}, {'functional_group': 'tribromo', 'smiles_inds': [19]}]",6.235617899748749e-31
38,bottom,O=C1N2CN3C4C5N(CN6C7C8N(CN9C%10C%11N(CN%12C%13C%14N(CN%15C%16C%17N(CN1C1C2N2CN4C(=O)N5CN7C(=O)N8CN%10C(=O)N%11C4OC(N%13C(=O)N%14CN%16C(=O)N%17CN1C2=O)c1ccccc41)C%15=O)C%12=O)C9=O)C6=O)C3=O,"[75, 73]","[{'functional_group': 'chloro', 'smiles_inds': [6]}]",2.338221409541478e-28
38,bottom,CC(C)(C)C(=O)Nc1cccc(NC(=O)C(c2cc(cc(c2)[Si](C)(C)C)[Si](C)(C)C)(c2cc(cc(c2)[Si](C)(C)C)[Si](C)(C)C)c2cc(cc(c2)[Si](C)(C)C)[Si](C)(C)C)c1[S-],"[5, 59]",[],9.280769679275887e-27
38,bottom,O=C1N2CN3C4C5N(CN6C7C8N(CN9C%10C%11N(CN%12C%13C%14N(CN%15C%16C%17N(CN1C1C2N2CN4C(=O)N5CN7C(=O)N8CN%10C(=O)N%11CN%13C(=O)N%14CN%16C(=O)N%17CN1C2=O)C%15=O)C%12=O)C9=O)C6=O)C3=O,"[65, 67, 69]","[{'functional_group': 'fluoro', 'smiles_inds': [25]}]",4.019828796583438e-26
38,bottom,O=C1N2CN3C4C5N(CN6C7C8N(CN9C%10C%11N(CN%12C%13C%14N(CN%15C%16C%17N(CN1C1C2N2CN4C(=O)N5CN7C(=O)N8CN%10C(=O)N%11CN%13C(=O)N%14CN%16C(=O)N%17CN1C2=O)C%15=O)C%12=O)C9=O)C6=O)C3=O,"[65, 67, 69]",[],8.585959679997789e-26
38,bottom,Cc1cc(C)c(B(CCCP(CCCB(c2c(C)cc(C)cc2C)c2c(C)cc(C)cc2C)CCP(CCCB(c2c(C)cc(C)cc2C)c2c(C)cc(C)cc2C)CCCB(c2c(C)cc(C)cc2C)c2c(C)cc(C)cc2C)c2c(C)cc(C)cc2C)c(C)c1,"[35, 10]","[{'functional_group': 'iodo', 'smiles_inds': [73]}]",3.5924934287082787e-25
38,bottom,C[Si](C)(C)[NH]([Si](C)(C)C)[Ge]([S-])(OSO[Ge]([S-])([NH]([Si](C)(C)C)[Si](C)(C)C)[NH]([Si](C)(C)C)[Si](C)(C)C)[NH]([Si](C)(C)C)[Si](C)(C)C,"[12, 10, 15]",[],4.354107698158815e-25
38,bottom,CC(C)(C)c1cc2c(OP(OC3C(CO[Si](c4ccccc4)(c4ccccc4)C(C)(C)C)OC(CO[Si](c4ccccc4)(c4ccccc4)C(C)(C)C)C3OP3Oc4c(cc(cc4C(C)(C)C)C(C)(C)C)c4cc(cc(c4O3)C(C)(C)C)C(C)(C)C)Oc3c2cc(cc3C(C)(C)C)C(C)(C)C)c(c1)C(C)(C)C,"[9, 55]","[{'functional_group': 'phosphonate', 'smiles_inds': [72]}]",8.495488618863144e-25
38,bottom,C[NH+]1CCN2CCN(C)Cc3cccc(c3)C(=O)Nc3ccccc3C3=C4NC(=C(C5=NC(=C(C6=NC(=C(C7=CC=C([N-]7)C(=C7NC(=C(C8=CC=C3N8)c3c(F)c(F)c(F)c(F)c3F)C=C7)c3ccccc3NC(=O)c3cccc(CN(C)CC2)c3)c2c(F)c(F)c(F)c(F)c2F)C=C6)c2ccccc2NC(=O)c2cccc(C1)c2)C=C5)c1c(F)c(F)c(F)c(F)c1F)C=C4,"[42, 35]","[{'functional_group': 'thiol', 'smiles_inds': [69]}]",1.742578162573132e-24
38,bottom,O=C1N2CN3C(=O)N4CN5C(=O)N6CN7C(=O)N8CN9C(=O)N%10CN%11C(=O)N%12CN1C1%13CCCCC21N1CN2C(=O)N(CN%14C(=O)N(CN%15C(=O)N(CN%16C(=O)N(CN%17C(=O)N(CN%13C1=O)C1%12CCCCC%11%171)C1%10CCCCC9%161)C18CCCCC7%151)C16CCCCC5%141)C14CCCCC321,"[26, 0, 6]","[{'functional_group': 'hydroxyl', 'smiles_inds': [13]}, {'functional_group': 'methyl', 'smiles_inds': [82]}]",2.528022291184892e-24
38,bottom,CC(C)(C)P(C(O[Si](C)(C)C)c1cccc(n1)C(O[Si](C)(C)C)P(C(C)(C)C)C(C)(C)C)C(C)(C)C,"[4, 23, 16]","[{'functional_group': 'ethyl', 'smiles_inds': [31]}]",3.39648962525826e-24
38,bottom,Cc1cc(C)c(B(CCCP(CCCB(c2c(C)cc(C)cc2C)c2c(C)cc(C)cc2C)CCP(CCCB(c2c(C)cc(C)cc2C)c2c(C)cc(C)cc2C)CCCB(c2c(C)cc(C)cc2C)c2c(C)cc(C)cc2C)c2c(C)cc(C)cc2C)c(C)c1,"[35, 10]","[{'functional_group': 'bromo', 'smiles_inds': [34]}, {'functional_group': 'thiol', 'smiles_inds': [54]}, {'functional_group': 'amino', 'smiles_inds': [4]}]",5.178741149017354e-24
38,median,COc1cccc(C=NNC(=O)c2ccc(O)cc2)c1[O-],"[8, 20, 11]","[{'functional_group': 'amide', 'smiles_inds': [14]}]",0.3218287560658801
38,median,CSc1ccccc1N,"[1, 8]","[{'functional_group': 'ethyl_ester', 'smiles_inds': [6]}]",0.3219250311495913
38,median,CN1C(=O)CN=C(c2ccccc2)c2cc(Cl)ccc12,[5],"[{'functional_group': 'hydroxyl', 'smiles_inds': [9]}]",0.3219422018690268
38,median,C1CN=C(O1)c1ccccn1,"[10, 2]","[{'functional_group': 'phosphonate', 'smiles_inds': [6]}, {'functional_group': 'amide', 'smiles_inds': [7]}]",0.3219466483156918
38,median,ON=CC1(Cc2ccccc2)[CH-]C2CC1C=C2,"[1, 11]",[],0.3219581018622
38,median,c1ccc(cc1)N=Nc1ccc(cc1)c1ccc([c-]c1)c1ccccn1,"[25, 18]",[],0.32205574632006967
38,median,CC1(CN(CCN)C1)c1ccccn1,"[13, 3, 6]",[],0.3222181587831818
38,median,CC(C)(C)c1cc(C2=NCCO2)c2[N-]c3c(cc(cc3c2c1)C(C)(C)C)C1=NCCO1,"[8, 13, 27]",[],0.3222529127620771
38,median,N1C(=Nc2c1c1ccccc1c1ccccc21)c1ccc(cc1)c1cc(nc(c1)c1ccccn1)c1ccccn1,"[34, 26, 40]","[{'functional_group': 'carbonyl', 'smiles_inds': [30]}, {'functional_group': 'ketone', 'smiles_inds': [22]}]",0.3222608810446477
38,median,CC(C)(C)C(=O)N=C([S-])N1CCCC1,"[5, 8]",[],0.32232915855423433
38,median,CN1OC(=NC1c1ccc(C)cc1)N1CCCCC1,[4],"[{'functional_group': 'hydroxyl', 'smiles_inds': [16]}]",0.3223405952286157
38,median,CCOC(=O)CCN1Cc2cccc(CN(CCC(=O)OCC)Cc3cccc(C1)n3)n2,"[31, 30, 7]",[],0.3224072705867582
38,median,[OH+]1C=C1,[0],"[{'functional_group': 'ethyl', 'smiles_inds': [2]}]",0.3224436563118146
38,median,O=C1CCCN1,[0],[],0.3225436647133065
38,median,CC(C)(C)c1cc(cc(c1)C(C)(C)C)c1cc(nc(c1)c1ccccn1)c1ccccn1,"[25, 31, 17]","[{'functional_group': 'ethyl_ester', 'smiles_inds': [23]}, {'functional_group': 'fluoro', 'smiles_inds': [5]}]",0.3226187532893111
38,median,Fc1ccc(cc1)C1=N[N-]C(=N1)c1ccccn1,"[17, 9]","[{'functional_group': 'tribromo', 'smiles_inds': [3]}, {'functional_group': 'chloro', 'smiles_inds': [13]}]",0.3226416159301815
38,median,Fc1ccc(cc1)c1cc(cc(n1)c1ccccn1)c1ccccc1,"[12, 18]","[{'functional_group': 'tribromo', 'smiles_inds': [24]}]",0.32266488615161737
38,median,C(C1[CH-]C(=Cc2ccccn2)c2ccccc12)c1ccccn1,"[2, 10, 22]","[{'functional_group': '2-methylbenzoic_acid', 'smiles_inds': [20]}]",0.3226887355500359
38,median,C(N=Cc1ccccc1)c1ccccn1,"[14, 1]",[],0.32269568758746564
38,median,CSc1ccccc1[As](C)C,[8],[],0.322907883720838
38,top,C[NH+]1CCN(CC1)c1c(F)cc2C(=O)C(=CN3C(C)COc1c23)C(=O)[O-],"[25, 13]","[{'functional_group': 'methyl', 'smiles_inds': [2]}, {'functional_group': 'aldehyde', 'smiles_inds': [19]}, {'functional_group': 'methyl_ester', 'smiles_inds': [5]}, {'functional_group': 'bromo', 'smiles_inds': [15]}, {'functional_group': 'aldehyde', 'smiles_inds': [18]}, {'functional_group': 'carboxylate', 'smiles_inds': [1]}, {'functional_group': 'carbonyl', 'smiles_inds': [3]}]",0.9999999999708107
38,top,C[NH+]1CCN(CC1)c1c(F)cc2C(=O)C(=CN3C(C)COc1c23)C(=O)[O-],"[25, 13]","[{'functional_group': 'carboxylate', 'smiles_inds': [1]}, {'functional_group': 'methyl_ester', 'smiles_inds': [3]}]",0.9999999999711575
38,top,C[NH+]1CCN(CC1)c1c(F)cc2C(=O)C(=CN3C(C)COc1c23)C(=O)[O-],"[25, 13]","[{'functional_group': 'methyl', 'smiles_inds': [2]}, {'functional_group': 'aldehyde', 'smiles_inds': [19]}, {'functional_group': 'carboxyllic_acid', 'smiles_inds': [1]}, {'functional_group': 'aldehyde', 'smiles_inds': [5]}, {'functional_group': 'iodo', 'smiles_inds': [18]}, {'functional_group': 'cyano', 'smiles_inds': [3]}, {'functional_group': 'bromo', 'smiles_inds': [6]}]",0.9999999999720732
38,top,C[NH+]1CCN(CC1)c1c(F)cc2C(=O)C(=CN3C(C)COc1c23)C(=O)[O-],"[25, 13]","[{'functional_group': 'methyl', 'smiles_inds': [2]}, {'functional_group': 'aldehyde', 'smiles_inds': [19]}, {'functional_group': 'carboxyllic_acid', 'smiles_inds': [1]}, {'functional_group': 'aldehyde', 'smiles_inds': [5]}, {'functional_group': 'iodo', 'smiles_inds': [18]}, {'functional_group': 'cyano', 'smiles_inds': [3]}, {'functional_group': 'ether', 'smiles_inds': [6]}]",0.9999999999752907
38,top,C[NH+]1CCN(CC1)c1c(F)cc2C(=O)C(=CN3C(C)COc1c23)C(=O)[O-],"[25, 13]","[{'functional_group': 'cyano', 'smiles_inds': [3]}, {'functional_group': 'amide', 'smiles_inds': [1]}]",0.99999999997839
38,top,C[NH+]1CCN(CC1)c1c(F)cc2C(=O)C(=CN3C(C)COc1c23)C(=O)[O-],"[25, 13]","[{'functional_group': 'methyl', 'smiles_inds': [2]}, {'functional_group': 'aldehyde', 'smiles_inds': [19]}, {'functional_group': 'amide', 'smiles_inds': [1]}, {'functional_group': 'fluoro', 'smiles_inds': [10]}, {'functional_group': 'cyano', 'smiles_inds': [5]}]",0.9999999999790989
38,top,CC1C(=O)C(=NO)C(=O)C(=NO)C1=O,"[8, 10]","[{'functional_group': 'carboxylate', 'smiles_inds': [1]}, {'functional_group': 'bromo', 'smiles_inds': [0]}, {'functional_group': 'amide', 'smiles_inds': [6]}]",0.9999999999812299
38,top,O=C(NCCN(CCNC(=O)C1=C([O-])C(=O)C=CO1)CCNC(=O)C1=C([O-])C(=O)C=CO1)C1=C([O-])C(=O)C=CO1,"[34, 36, 13, 15, 26, 28]",[],0.9999999999875546
38,top,C[NH+]1CCN(CC1)c1c(F)cc2C(=O)C(=CN3C(C)COc1c23)C(=O)[O-],"[25, 13]","[{'functional_group': 'carboxylate', 'smiles_inds': [3]}, {'functional_group': 'methyl_ester', 'smiles_inds': [1]}]",0.99999999999033
38,top,C[NH+]1CCN(CC1)c1c(F)cc2C(=O)C(=CN3C(C)COc1c23)C(=O)[O-],"[25, 13]","[{'functional_group': 'methyl', 'smiles_inds': [1]}, {'functional_group': 'methyl', 'smiles_inds': [18]}]",0.9999999999913749
38,top,C[NH+]1CCN(CC1)c1c(F)cc2C(=O)C(=CN3C(C)COc1c23)C(=O)[O-],"[25, 13]","[{'functional_group': 'ethyl', 'smiles_inds': [1]}, {'functional_group': 'trichloro', 'smiles_inds': [19]}, {'functional_group': 'ether', 'smiles_inds': [3]}]",0.9999999999923532
38,top,C[NH+]1CCN(CC1)c1c(F)cc2C(=O)C(=CN3C(C)COc1c23)C(=O)[O-],"[25, 13]","[{'functional_group': 'amino', 'smiles_inds': [0]}, {'functional_group': 'methyl', 'smiles_inds': [1]}]",0.9999999999945426
38,top,C[NH+]1CCN(CC1)c1c(F)cc2C(=O)C(=CN3C(C)COc1c23)C(=O)[O-],"[25, 13]","[{'functional_group': 'methyl', 'smiles_inds': [1]}]",0.9999999999945937
38,top,C[NH+](C)Cc1ccc(nc1)c1ccc(C[NH+](C)C)cn1,"[8, 19]","[{'functional_group': 'carboxylate', 'smiles_inds': [3]}, {'functional_group': 'ethyl', 'smiles_inds': [15]}, {'functional_group': 'carboxylate', 'smiles_inds': [1]}]",0.9999999999957969
38,top,C[NH+]1CCN(CC1)c1c(F)cc2C(=O)C(=CN3C(C)COc1c23)C(=O)[O-],"[25, 13]","[{'functional_group': 'carboxylate', 'smiles_inds': [5]}, {'functional_group': 'aldehyde', 'smiles_inds': [1]}]",0.9999999999969345
38,top,C[NH+]1CCN(CC1)c1c(F)cc2C(=O)C(=CN3C(C)COc1c23)C(=O)[O-],"[25, 13]","[{'functional_group': 'methyl', 'smiles_inds': [1]}, {'functional_group': 'phosphonate', 'smiles_inds': [17]}, {'functional_group': 'carboxyl', 'smiles_inds': [19]}]",0.9999999999971623
38,top,C[NH+]1CCN(CC1)c1c(F)cc2C(=O)C(=CN3C(C)COc1c23)C(=O)[O-],"[25, 13]","[{'functional_group': 'methyl', 'smiles_inds': [2]}, {'functional_group': 'aldehyde', 'smiles_inds': [19]}, {'functional_group': 'carboxyllic_acid', 'smiles_inds': [1]}, {'functional_group': 'aldehyde', 'smiles_inds': [5]}, {'functional_group': 'iodo', 'smiles_inds': [18]}, {'functional_group': 'cyano', 'smiles_inds': [3]}, {'functional_group': 'ethyl', 'smiles_inds': [6]}, {'functional_group': 'ether', 'smiles_inds': [17]}]",0.9999999999978133
38,top,C[NH+](C)Cc1ccc(nc1)c1ccc(C[NH+](C)C)cn1,"[8, 19]","[{'functional_group': 'methyl_ester', 'smiles_inds': [14]}, {'functional_group': 'ethyl_ester', 'smiles_inds': [15]}, {'functional_group': 'methyl', 'smiles_inds': [1]}, {'functional_group': 'iodo', 'smiles_inds': [3]}]",0.9999999999992712
38,top,C[NH+]1CCN(CC1)c1c(F)cc2C(=O)C(=CN3C(C)COc1c23)C(=O)[O-],"[25, 13]","[{'functional_group': 'carboxyllic_acid', 'smiles_inds': [19]}, {'functional_group': 'carboxylate', 'smiles_inds': [1]}, {'functional_group': 'carboxyllic_acid', 'smiles_inds': [5]}]",0.9999999999996909
38,top,C[NH+]1CCN(CC1)c1c(F)cc2C(=O)C(=CN3C(C)COc1c23)C(=O)[O-],"[25, 13]","[{'functional_group': 'methyl', 'smiles_inds': [2]}, {'functional_group': 'aldehyde', 'smiles_inds': [19]}, {'functional_group': 'methyl_ester', 'smiles_inds': [5]}, {'functional_group': 'methyl', 'smiles_inds': [1]}, {'functional_group': 'carboxylate', 'smiles_inds': [3]}]",0.9999999999999951
39,bottom,C[Si](C)(C)c1cc(cc(c1)[Si](C#CP(C#C[Si](c1cc(cc(c1)[Si](C)(C)C)[Si](C)(C)C)(c1cc(cc(c1)[Si](C)(C)C)[Si](C)(C)C)c1cc(cc(c1)[Si](C)(C)C)[Si](C)(C)C)C#C[Si](c1cc(cc(c1)[Si](C)(C)C)[Si](C)(C)C)(c1cc(cc(c1)[Si](C)(C)C)[Si](C)(C)C)c1cc(cc(c1)[Si](C)(C)C)[Si](C)(C)C)(c1cc(cc(c1)[Si](C)(C)C)[Si](C)(C)C)c1cc(cc(c1)[Si](C)(C)C)[Si](C)(C)C)[Si](C)(C)C,[13],"[{'functional_group': 'cyano', 'smiles_inds': [123]}, {'functional_group': 'cyanimide', 'smiles_inds': [22]}]",8.418781589096466e-125
39,bottom,C[Si](C)(C)c1cc(cc(c1)[Si](C)(C)C)C(C(=O)Nc1cccc(NC(=O)C(c2cc(cc(c2)[Si](C)(C)C)[Si](C)(C)C)(c2cc(cc(c2)[Si](C)(C)C)[Si](C)(C)C)c2cc(cc(c2)[Si](C)(C)C)[Si](C)(C)C)c1[S-])(c1cc(cc(c1)[Si](C)(C)C)[Si](C)(C)C)c1cc(cc(c1)[Si](C)(C)C)[Si](C)(C)C,"[70, 16]",[],3.1830015030849735e-81
39,bottom,C[Si](C)(CCC(F)(F)C(F)(F)C(F)(F)C(F)(F)C(F)(F)C(F)(F)F)c1ccc(cc1)P(CCP(c1ccc(cc1)[Si](C)(C)CCC(F)(F)C(F)(F)C(F)(F)C(F)(F)C(F)(F)C(F)(F)F)c1ccc(cc1)[Si](C)(C)CCC(F)(F)C(F)(F)C(F)(F)C(F)(F)C(F)(F)C(F)(F)F)c1ccc(cc1)[Si](C)(C)CCC(F)(F)C(F)(F)C(F)(F)C(F)(F)C(F)(F)C(F)(F)F,"[30, 33]","[{'functional_group': 'chloro', 'smiles_inds': [73]}, {'functional_group': 'aldehyde', 'smiles_inds': [43]}]",6.342178839291688e-60
39,bottom,C[Si](C)(C)c1cc(cc(c1)[Si](C)(C)C)P(c1cc(cc(c1)[Si](C)(C)C)[Si](C)(C)C)c1ccccc1P(c1cc(cc(c1)[Si](C)(C)C)[Si](C)(C)C)c1cc(cc(c1)[Si](C)(C)C)[Si](C)(C)C,"[35, 14]",[],3.0532440399670386e-50
39,bottom,CC(C)(C)P(P1P(P(P1C(C)(C)C)C(C)(C)C)C(C)(C)C)P1P(P(P1C(C)(C)C)C(C)(C)C)C(C)(C)C,[4],[],8.675185797227522e-50
39,bottom,CC(C)(C)P(CCP(CCP(C(C)(C)C)C(C)(C)C)CCP(C(C)(C)C)C(C)(C)C)C(C)(C)C,"[4, 7, 10]",[],1.0094738362733789e-49
39,bottom,Cc1cc(c2ccc(cc2)N(c2ccccc2)c2ccccc2)c(N=C(C)C(C)=Nc2c(cc(C)cc2c2ccc(cc2)N(c2ccccc2)c2ccccc2)c2ccc(cc2)N(c2ccccc2)c2ccccc2)c(c1)c1ccc(cc1)N(c1ccccc1)c1ccccc1,"[24, 29]","[{'functional_group': 'phenyl', 'smiles_inds': [73]}]",1.6232027297979822e-49
39,bottom,CC(C)(C)P(CCCP(CCCP(C(C)(C)C)C(C)(C)C)CCCP(C(C)(C)C)C(C)(C)C)C(C)(C)C,"[4, 8, 12]","[{'functional_group': 'phosphonate', 'smiles_inds': [31]}, {'functional_group': 'hydroxyl', 'smiles_inds': [10]}]",2.643043704135388e-49
39,bottom,CC(C)(C)P(P1P(P(P1C(C)(C)C)C(C)(C)C)C(C)(C)C)P1P(P(P1C(C)(C)C)C(C)(C)C)C(C)(C)C,[4],"[{'functional_group': 'bromo', 'smiles_inds': [11]}]",5.0045043202421114e-49
39,bottom,Cc1cc(c2ccc(cc2)N(c2ccccc2)c2ccccc2)c(N=C(C)C(C)=Nc2c(cc(C)cc2c2ccc(cc2)N(c2ccccc2)c2ccccc2)c2ccc(cc2)N(c2ccccc2)c2ccccc2)c(c1)c1ccc(cc1)N(c1ccccc1)c1ccccc1,"[24, 29]",[],2.185680276781643e-48
39,bottom,C[Si](C)(C)c1cc(cc(c1)[Si](C)(C)C)P(c1cc(cc(c1)[Si](C)(C)C)[Si](C)(C)C)c1ccccc1P(c1cc(cc(c1)[Si](C)(C)C)[Si](C)(C)C)c1cc(cc(c1)[Si](C)(C)C)[Si](C)(C)C,"[35, 14]","[{'functional_group': 'amino', 'smiles_inds': [48]}, {'functional_group': 'fluoro', 'smiles_inds': [39]}]",3.3276927768840497e-48
39,bottom,C[Si](C)(C)c1cc(cc(c1)[Si](C)(C)C)P(c1cc(cc(c1)[Si](C)(C)C)[Si](C)(C)C)c1ccccc1P(c1cc(cc(c1)[Si](C)(C)C)[Si](C)(C)C)c1cc(cc(c1)[Si](C)(C)C)[Si](C)(C)C,"[35, 14]","[{'functional_group': 'carboxyl', 'smiles_inds': [44]}, {'functional_group': 'tribromo', 'smiles_inds': [27]}]",4.0053590061109837e-48
39,bottom,CC(C)(C)c1cc2c(OP(Oc3c2cc(cc3C(C)(C)C)C(C)(C)C)O[Si]2(O[Si]3(O[Si](OP4Oc5c(cc(cc5C(C)(C)C)C(C)(C)C)c5cc(cc(c5O4)C(C)(C)C)C(C)(C)C)(O[Si]4(O[Si](O3)(O[Si](O2)(O[Si](O4)(O[Si](C)(c2ccccc2)c2ccccc2)C2CCCC2)C2CCCC2)C2CCCC2)C2CCCC2)C2CCCC2)C2CCCC2)C2CCCC2)c(c1)C(C)(C)C,"[9, 32]","[{'functional_group': 'aldehyde', 'smiles_inds': [109]}]",1.225921801145516e-44
39,bottom,O=C1N2CN3C(=O)N4CN5C(=O)N6CN7C(=O)N8CN9C(=O)N%10CN%11C(=O)N%12CN1C1%13CCCCC21N1CN2C(=O)N(CN%14C(=O)N(CN%15C(=O)N(CN%16C(=O)N(CN%17C(=O)N(CN%13C1=O)C1%12CCCCC%11%171)C1%10CCCCC9%161)C18CCCCC7%151)C16CCCCC5%141)C14CCCCC321,"[26, 0, 6]","[{'functional_group': 'cyanimide', 'smiles_inds': [47]}, {'functional_group': '2-methylbenzoic_acid', 'smiles_inds': [23]}]",2.5795957787071074e-43
39,bottom,O=C1N2CN3C4C5N(CN6C7C8N(CN9C%10C%11N(CN%12C%13C%14N(CN%15C%16C%17N(CN1C1C2N2CN4C(=O)N5CN7C(=O)N8CN%10C(=O)N%11CN%13C(=O)N%14CN%16C(=O)N%17CN1C2=O)C%15=O)C%12=O)C9=O)C6=O)C3=O,"[65, 67, 69]","[{'functional_group': 'phenyl', 'smiles_inds': [43]}, {'functional_group': 'thiol', 'smiles_inds': [21]}]",2.4678439312411043e-41
39,bottom,CC(C)(C)C(=O)Nc1cccc(NC(=O)C(c2cc(cc(c2)[Si](C)(C)C)[Si](C)(C)C)(c2cc(cc(c2)[Si](C)(C)C)[Si](C)(C)C)c2cc(cc(c2)[Si](C)(C)C)[Si](C)(C)C)c1[S-],"[5, 59]","[{'functional_group': 'methyl', 'smiles_inds': [9]}]",2.5784193669052224e-41
39,bottom,CC(C)(C)C(=O)Nc1cccc(NC(=O)C(c2cc(cc(c2)[Si](C)(C)C)[Si](C)(C)C)(c2cc(cc(c2)[Si](C)(C)C)[Si](C)(C)C)c2cc(cc(c2)[Si](C)(C)C)[Si](C)(C)C)c1[S-],"[5, 59]",[],3.441026847962069e-41
39,bottom,Cc1cc(C)c(B(CCCP(CCCB(c2c(C)cc(C)cc2C)c2c(C)cc(C)cc2C)CCP(CCCB(c2c(C)cc(C)cc2C)c2c(C)cc(C)cc2C)CCCB(c2c(C)cc(C)cc2C)c2c(C)cc(C)cc2C)c2c(C)cc(C)cc2C)c(C)c1,"[35, 10]",[],1.9195622943168296e-40
39,bottom,O=C1N2CN3C4C5N(CN6C7C8N(CN9C%10C%11N(CN%12C%13C%14N(CN%15C%16C%17N(CN1C1C2N2CN4C(=O)N5CN7C(=O)N8CN%10C(=O)N%11CN%13C(=O)N%14CN%16C(=O)N%17CN1C2=O)C%15=O)C%12=O)C9=O)C6=O)C3=O,"[65, 67, 69]",[],5.2075117605268495e-40
39,bottom,CN1C(=NC(=C1c1ccccc1)c1ccccc1)P(C1=NC(=C(N1C)c1ccccc1)c1ccccc1)C1=NC(=C(N1C)c1ccccc1)c1ccccc1,"[3, 20, 38]","[{'functional_group': '2-methylbenzoic_acid', 'smiles_inds': [27]}]",1.6364219214055647e-39
39,median,C(N1c2ccccc2N=C1c1ccccn1)c1cccc2ccccc12,"[8, 1]",[],0.18583135075132665
39,median,Clc1cccnc1,[5],[],0.18593360355801922
39,median,C1NCC2=C1OC(=N2)c1ccccn1,"[7, 13]","[{'functional_group': 'carbonyl', 'smiles_inds': [11]}, {'functional_group': 'phenyl', 'smiles_inds': [2]}, {'functional_group': 'chloro', 'smiles_inds': [12]}, {'functional_group': 'amide', 'smiles_inds': [0]}]",0.18601155617424356
39,median,C(N1C=NC=N1)c1ccccn1,[3],[],0.18617126204607592
39,median,CN(C)C(C)=O,[5],[],0.18619088243906068
39,median,Cc1ccc2cccnc2n1,"[8, 10]","[{'functional_group': 'carbonyl', 'smiles_inds': [5]}, {'functional_group': 'methyl_ester', 'smiles_inds': [7]}, {'functional_group': 'thiol', 'smiles_inds': [0]}]",0.1862551497410278
39,median,O=S(=O)([O-])c1c(ccc2ccccc12)P(c1ccccc1)c1ccccc1,"[14, 3]","[{'functional_group': 'amino', 'smiles_inds': [22]}, {'functional_group': 'bromo', 'smiles_inds': [6]}]",0.18627363291772028
39,median,CC(C)C[S](=O)=O,[4],"[{'functional_group': 'phenyl', 'smiles_inds': [0]}]",0.18628110174252357
39,median,CC(C)(C)c1ccc(cc1)C#Cc1ccc(cc1)C#Cc1ccnc(c1)c1cccc[c-]1,"[23, 31]","[{'functional_group': 'tribromo', 'smiles_inds': [3]}]",0.18645103783761124
39,median,ON(O)NN(O)O,[3],"[{'functional_group': 'methyl_ester', 'smiles_inds': [2]}]",0.18650973226947248
39,median,FC(F)(F)c1ccc([c-]c1)c1ccc2ccccc2n1,"[19, 8]","[{'functional_group': 'amide', 'smiles_inds': [17]}]",0.1866579876322859
39,median,C[NH+]1CCN(CC1)c1c(F)cc2C(=O)C(=CN3C(C)COc1c23)C(=O)[O-],"[25, 13]","[{'functional_group': 'ethyl_ester', 'smiles_inds': [0]}, {'functional_group': 'thiol', 'smiles_inds': [2]}]",0.186944653945781
39,median,CC(=N)C1=C([O-])N(N=C1C)C1=Nc2ccccc2S1,"[5, 2]",[],0.18698389274365043
39,median,CC(C)NC(c1ccccc1)c1cccc(n1)c1[c-]ccc2ccccc12,"[16, 3, 18]","[{'functional_group': 'hydroxyl', 'smiles_inds': [19]}]",0.18712417907110832
39,median,Clc1ccc(N[CH-]Nc2ccccn2)cc1,"[6, 13]","[{'functional_group': 'thiol', 'smiles_inds': [9]}, {'functional_group': 'hydroxyl', 'smiles_inds': [3]}]",0.18714273363786607
39,median,CC(C)(C)c1cc(C=NC(C[O-])c2ccccc2)c([O-])c(c1)C(C)(C)C,"[8, 19, 11]",[],0.1871725620665425
39,median,C(c1ccccc1)c1ccncc1,[10],"[{'functional_group': 'ether', 'smiles_inds': [12]}]",0.1872662423115363
39,median,OCCSCCSCCO,"[3, 6]","[{'functional_group': 'carboxylate', 'smiles_inds': [8]}]",0.18755432680546788
39,median,OCc1ccc(cc1)N=Cc1ccccc1[O-],"[16, 8]",[],0.18769871201236318
39,median,CCCN1c2ccccc2N=C1c1cccc(n1)C1=Nc2ccccc2[N-]1,"[26, 3, 10]","[{'functional_group': 'chloro', 'smiles_inds': [23]}]",0.18781541509039876
39,top,CC1C(=O)C(=NO)C(=O)C(=NO)C1=O,"[8, 10]","[{'functional_group': 'carboxylate', 'smiles_inds': [1]}, {'functional_group': 'bromo', 'smiles_inds': [0]}, {'functional_group': 'bromo', 'smiles_inds': [6]}, {'functional_group': 'trichloro', 'smiles_inds': [11]}]",1.0
39,top,C[NH+]1CCN(CC1)c1c(F)cc2C(=O)C(=CN3C(C)COc1c23)C(=O)[O-],"[25, 13]","[{'functional_group': 'aldehyde', 'smiles_inds': [3]}, {'functional_group': 'methyl', 'smiles_inds': [1]}]",1.0
39,top,C[NH+]1CCN(CC1)c1c(F)cc2C(=O)C(=CN3C(C)COc1c23)C(=O)[O-],"[25, 13]","[{'functional_group': 'methyl', 'smiles_inds': [1]}, {'functional_group': 'cyanimide', 'smiles_inds': [6]}]",1.0
39,top,C[NH+]1CCN(CC1)c1c(F)cc2C(=O)C(=CN3C(C)COc1c23)C(=O)[O-],"[25, 13]","[{'functional_group': 'chloro', 'smiles_inds': [6]}, {'functional_group': 'carboxyl', 'smiles_inds': [1]}, {'functional_group': 'amino', 'smiles_inds': [3]}]",1.0
39,top,O=C(NCCN(CCNC(=O)C1=C([O-])C(=O)C=CO1)CCNC(=O)C1=C([O-])C(=O)C=CO1)C1=C([O-])C(=O)C=CO1,"[34, 36, 13, 15, 26, 28]","[{'functional_group': 'carboxylate', 'smiles_inds': [38]}]",1.0
39,top,C[NH+]1CCN(CC1)c1c(F)cc2C(=O)C(=CN3C(C)COc1c23)C(=O)[O-],"[25, 13]","[{'functional_group': 'methyl', 'smiles_inds': [2]}, {'functional_group': 'aldehyde', 'smiles_inds': [19]}, {'functional_group': 'carboxyllic_acid', 'smiles_inds': [1]}, {'functional_group': 'aldehyde', 'smiles_inds': [5]}, {'functional_group': 'hydroxyl', 'smiles_inds': [17]}, {'functional_group': 'aldehyde', 'smiles_inds': [18]}, {'functional_group': 'cyano', 'smiles_inds': [3]}]",1.0
39,top,C[NH+]1CCN(CC1)c1c(F)cc2C(=O)C(=CN3C(C)COc1c23)C(=O)[O-],"[25, 13]","[{'functional_group': 'ethyl', 'smiles_inds': [1]}, {'functional_group': 'trichloro', 'smiles_inds': [19]}, {'functional_group': 'tribromo', 'smiles_inds': [18]}, {'functional_group': 'carboxyl', 'smiles_inds': [2]}, {'functional_group': 'methyl', 'smiles_inds': [6]}, {'functional_group': 'chloro', 'smiles_inds': [10]}, {'functional_group': 'amino', 'smiles_inds': [5]}]",1.0
39,top,CC1C(=O)C(=NO)C(=O)C(=NO)C1=O,"[8, 10]","[{'functional_group': 'carboxylate', 'smiles_inds': [1]}, {'functional_group': 'bromo', 'smiles_inds': [0]}, {'functional_group': 'bromo', 'smiles_inds': [6]}, {'functional_group': 'tribromo', 'smiles_inds': [11]}]",1.0
39,top,CC1C(=O)C(=NO)C(=O)C(=NO)C1=O,"[8, 10]","[{'functional_group': 'carboxylate', 'smiles_inds': [1]}, {'functional_group': 'bromo', 'smiles_inds': [0]}, {'functional_group': 'amide', 'smiles_inds': [11]}]",1.0
39,top,NC(=NN=C([O-])c1cc(Cl)cc(n1)C([O-])=NN=C(N)c1ccccn1)c1ccccn1,"[12, 5, 14]","[{'functional_group': 'hydroxyl', 'smiles_inds': [22]}]",1.0
39,top,C[NH+]1CCN(CC1)c1c(F)cc2C(=O)C(=CN3C(C)COc1c23)C(=O)[O-],"[25, 13]","[{'functional_group': 'ketone', 'smiles_inds': [6]}, {'functional_group': 'tribromo', 'smiles_inds': [5]}, {'functional_group': 'methyl', 'smiles_inds': [1]}]",1.0
39,top,C[NH+]1CCN(CC1)c1c(F)cc2C(=O)C(=CN3C(C)COc1c23)C(=O)[O-],"[25, 13]","[{'functional_group': 'methyl', 'smiles_inds': [2]}, {'functional_group': 'aldehyde', 'smiles_inds': [19]}, {'functional_group': 'carboxyllic_acid', 'smiles_inds': [1]}, {'functional_group': 'aldehyde', 'smiles_inds': [5]}, {'functional_group': 'iodo', 'smiles_inds': [18]}, {'functional_group': 'cyano', 'smiles_inds': [3]}, {'functional_group': 'carboxylate', 'smiles_inds': [10]}]",1.0
39,top,CC1C(=O)C(=NO)C(=O)C(=NO)C1=O,"[8, 10]","[{'functional_group': 'carboxylate', 'smiles_inds': [1]}, {'functional_group': 'bromo', 'smiles_inds': [0]}, {'functional_group': '2-hydroxypyridine', 'smiles_inds': [6]}]",1.0
39,top,CC1C(=O)C(=NO)C(=O)C(=NO)C1=O,"[8, 10]","[{'functional_group': 'carboxylate', 'smiles_inds': [1]}, {'functional_group': 'bromo', 'smiles_inds': [0]}, {'functional_group': 'bromo', 'smiles_inds': [6]}, {'functional_group': 'carbonyl', 'smiles_inds': [11]}]",1.0
39,top,CC1C(=O)C(=NO)C(=O)C(=NO)C1=O,"[8, 10]","[{'functional_group': 'carboxylate', 'smiles_inds': [1]}, {'functional_group': 'bromo', 'smiles_inds': [0]}, {'functional_group': 'bromo', 'smiles_inds': [6]}, {'functional_group': 'ketone', 'smiles_inds': [11]}]",1.0
39,top,O=C(NCCN(CCNC(=O)C1=C([O-])C(=O)C=CO1)CCNC(=O)C1=C([O-])C(=O)C=CO1)C1=C([O-])C(=O)C=CO1,"[34, 36, 13, 15, 26, 28]","[{'functional_group': 'thiol', 'smiles_inds': [21]}]",1.0
39,top,C[NH+]1CCN(CC1)c1c(F)cc2C(=O)C(=CN3C(C)COc1c23)C(=O)[O-],"[25, 13]","[{'functional_group': 'ethyl', 'smiles_inds': [1]}, {'functional_group': 'trichloro', 'smiles_inds': [19]}, {'functional_group': 'carboxylate', 'smiles_inds': [3]}, {'functional_group': 'phosphonate', 'smiles_inds': [5]}]",1.0
39,top,CC1C(=O)C(=NO)C(=O)C(=NO)C1=O,"[8, 10]","[{'functional_group': 'carboxylate', 'smiles_inds': [1]}, {'functional_group': 'bromo', 'smiles_inds': [0]}, {'functional_group': 'ketone', 'smiles_inds': [6]}]",1.0
39,top,C[NH+]1CCN(CC1)c1c(F)cc2C(=O)C(=CN3C(C)COc1c23)C(=O)[O-],"[25, 13]","[{'functional_group': 'methyl', 'smiles_inds': [2]}, {'functional_group': 'aldehyde', 'smiles_inds': [19]}, {'functional_group': 'carboxyllic_acid', 'smiles_inds': [1]}, {'functional_group': 'aldehyde', 'smiles_inds': [5]}, {'functional_group': 'iodo', 'smiles_inds': [18]}, {'functional_group': 'cyano', 'smiles_inds': [3]}, {'functional_group': 'ethyl', 'smiles_inds': [6]}, {'functional_group': 'ether', 'smiles_inds': [17]}]",1.0
39,top,CC1C(=O)C(=NO)C(=O)C(=NO)C1=O,"[8, 10]","[{'functional_group': 'carboxylate', 'smiles_inds': [1]}, {'functional_group': 'bromo', 'smiles_inds': [0]}, {'functional_group': 'thiol', 'smiles_inds': [6]}, {'functional_group': 'tribromo', 'smiles_inds': [11]}]",1.0
