generation,section,smiles,coordList,functionalization,success_prob
0,bottom,CCOP(=O)(OCC)C1=C2CCc3ccc(OC)c(NC1=O)c23,"[21, 4]","[{'functional_group': 'cyanimide', 'smiles_inds': [19]}]",0.0
0,bottom,CC(C)c1cccc(C(C)C)c1N=CC1=C([O-])CCCC1,"[12, 16]",[],0.0
0,bottom,Fc1c[c-]c(cc1C(F)(F)F)c1ccccn1,"[3, 16]","[{'functional_group': 'tribromo', 'smiles_inds': [12]}]",0.0
0,bottom,Oc1ccc(nc1)C(=O)[N-][NH+]=Cc1ccc(O)cc1O,"[9, 5]","[{'functional_group': 'ethyl_ester', 'smiles_inds': [16]}]",0.0
0,bottom,CCOC(=O)CC#N,[7],[],0.0
0,bottom,Clc1ccccc1C([O-])=NN=Cc1ccccc1[O-],"[10, 18, 8]","[{'functional_group': 'thiol', 'smiles_inds': [4]}]",0.0
0,bottom,O[P](O)=O,[1],"[{'functional_group': 'thiol', 'smiles_inds': [0]}]",0.0
0,bottom,[NH3+]CCCCC(N)C(=O)[O-],"[9, 6]","[{'functional_group': 'thiol', 'smiles_inds': [2]}]",0.0
0,bottom,CN(C)CC[N-]c1ccccc1C1=NC(C)(C)CO1,"[13, 5]","[{'functional_group': 'ketone', 'smiles_inds': [7]}]",0.0
0,bottom,[NH3+]C12CNCCNCC([NH2+]Cc3ccccc3O)(CNCCNC1)CNCCNC2,"[6, 3, 19, 22, 25, 28]","[{'functional_group': 'ethyl_ester', 'smiles_inds': [15]}]",0.0
0,bottom,CC(C)c1cccc(C(C)C)c1N=CC1=CC=CC1=C[N-]c1c(cccc1C(C)C)C(C)C,"[20, 12]","[{'functional_group': 'aldehyde', 'smiles_inds': [2]}, {'functional_group': 'aldehyde', 'smiles_inds': [15]}, {'functional_group': 'carboxyllic_acid', 'smiles_inds': [17]}]",0.0
0,bottom,Cc1cccc(n1)c1cc(cc(C)n1)C#C,"[13, 6]","[{'functional_group': 'carboxyllic_acid', 'smiles_inds': [8]}]",0.0
0,bottom,NCCNCC(=O)NCc1ccccc1,"[0, 3]","[{'functional_group': 'carboxyllic_acid', 'smiles_inds': [4]}]",0.0
0,bottom,FC(F)(P(Sc1ccccc1)Sc1ccccc1)P(Sc1ccccc1)Sc1ccccc1,"[3, 18]",[],0.0
0,bottom,CC(=O)OC(c1ccccn1)(c1ccccn1)c1ccccn1,"[10, 16, 22]",[],0.0
0,bottom,CC(C)(C)P(c1cc(cc(c1O)C(C)(C)C)C(C)(C)C)c1cc(cc(c1[O-])C(C)(C)C)C(C)(C)C,"[26, 4]","[{'functional_group': 'trichloro', 'smiles_inds': [8]}]",0.0
0,bottom,C[Ge](c1ccccc1P(c1ccc(OC)cc1)c1ccc(OC)cc1)c1ccccc1P(c1ccc(OC)cc1)c1ccc(OC)cc1,"[8, 31, 1]","[{'functional_group': 'tribromo', 'smiles_inds': [29]}]",0.0
0,bottom,CC(O)c1ccncc1,[6],"[{'functional_group': 'ethyl', 'smiles_inds': [7]}]",0.0
0,bottom,CC(C)NC(C)(C)C(C)=N[O-],"[9, 3]",[],0.0
0,bottom,CC(=NN=C([S-])SCc1ccccc1)c1cccc(O)c1,"[5, 2]",[],0.0
0,median,CC(C)P(Oc1cccc(CN2CCOCC2)[c-]1)C(C)C,"[3, 11, 17]",[],0.0
0,median,O=C([O-])CN(CC(=O)[O-])Cc1ccc(cc1)N(=O)=O,"[2, 8, 4]","[{'functional_group': 'ethyl', 'smiles_inds': [15]}, {'functional_group': 'methyl', 'smiles_inds': [9]}]",0.0
0,median,C1CCC(CC1)N=Cc1ccccc1c1cccc([c-]1)c1ccccc1C=NC1CCCCC1,"[6, 19, 27]",[],0.0
0,median,CCCCc1ccc2cccc([N-][Si](C)(C)C(C)(C)C)c2n1,"[21, 12]",[],0.0
0,median,CC(=O)NC1CCCN([O-])C(=O)C=C(C)CCOC(=O)C(CCCN([O-])C(=O)C=C(C)CCOC(=O)C(CCCN([O-])C(=O)C=C(C)CCOC1=O)NC(C)=O)NC(C)=O,"[41, 43, 9, 11, 25, 27]",[],0.0
0,median,Oc1cccc(NCc2ccccn2)c1,"[13, 6]","[{'functional_group': 'carbonyl', 'smiles_inds': [4]}]",0.0
0,median,CNC,[1],"[{'functional_group': 'hydroxyl', 'smiles_inds': [0]}]",0.0
0,median,COc1ccc(CNC(=S)NN=Cc2ccccn2)cc1,"[9, 11]","[{'functional_group': 'carbonyl', 'smiles_inds': [17]}]",0.0
0,median,CCOc1cccc(n1)c1ccccn1,"[8, 14]",[],0.0
0,median,O(c1ccccc1N=P(c1ccccc1)(c1ccccc1)c1ccccc1)c1ccccc1N=P(c1ccccc1)(c1ccccc1)c1ccccc1,"[7, 33]","[{'functional_group': 'thiol', 'smiles_inds': [20]}, {'functional_group': 'ethyl', 'smiles_inds': [36]}]",0.0
0,median,Fc1ccc([c-]c1)c1ccc(F)cc1I,"[14, 5]",[],0.0
0,median,Oc1cccc2ccc(CN3CCSCc4cccc(CSCC3)n4)nc12,"[21, 13, 0, 24, 10, 25]","[{'functional_group': 'ketone', 'smiles_inds': [16]}, {'functional_group': 'amide', 'smiles_inds': [14]}]",0.0
0,median,NC(=S)NCC=C,[2],[],0.0
0,median,OC(O)C1(CCCN1)C(=O)[O-],"[7, 10]","[{'functional_group': 'phenyl', 'smiles_inds': [6]}, {'functional_group': 'methyl', 'smiles_inds': [0]}]",0.0
0,median,CC(C)(C)c1cccc(C=Nc2ccccc2S(=O)(=O)c2ccccc2)c1[O-],"[27, 10]",[],0.0
0,median,c1cnc2c(c1)ccc1ccc3cccnc3c21,"[15, 2]","[{'functional_group': 'methyl_ester', 'smiles_inds': [7]}, {'functional_group': 'ethyl', 'smiles_inds': [5]}, {'functional_group': 'bromo', 'smiles_inds': [6]}]",0.0
0,median,O=C1C2([O-])CC3CC(CC(C3)C31C1CC4CC(C1)CC3C4)C2,"[0, 3]","[{'functional_group': 'thiol', 'smiles_inds': [17]}]",0.0
0,median,CC1CCCN1,[5],[],0.0
0,median,CNC(=S)NN=Cc1c2ccccc2cc2ccccc12,"[3, 5]","[{'functional_group': 'bromo', 'smiles_inds': [18]}]",0.0
0,median,CCNCCN=Cc1ccccn1,"[12, 5, 2]",[],0.0
0,top,C1c2ccccc2c2ccc(cc12)N=Cc1ccccn1,"[13, 20]","[{'functional_group': 'trichloro', 'smiles_inds': [14]}]",0.0
0,top,CC(C)CCOC(=N)NC(N)=N,"[11, 7]","[{'functional_group': 'methyl_ester', 'smiles_inds': [8]}, {'functional_group': 'amino', 'smiles_inds': [10]}]",0.0
0,top,Cc1cc(N=C(c2ccccc2)c2ccccc2)c2[N-]c3c(cc(C)cc3C(C)(C)c2c1)[N-]C1(N(c2cc(C)cc3c2[N-]c2c(cc(C)cc2C3(C)C)N=C(c2ccccc2)c2ccccc2)C(c2ccccc2)(c2ccccc2)c2ccccc12)c1ccccc1,"[19, 4, 32, 42, 53, 34]","[{'functional_group': 'trichloro', 'smiles_inds': [16]}]",0.0
0,top,Fc1c[c-]c(cc1C(F)(F)F)c1ccccn1,"[3, 16]","[{'functional_group': 'tribromo', 'smiles_inds': [5]}, {'functional_group': 'phenyl', 'smiles_inds': [12]}]",0.0
0,top,CC1=NN(C(=C1)C)c1ccccc1N1C=CN(Cc2ccccc2)[CH-]1,"[2, 24]","[{'functional_group': 'thiol', 'smiles_inds': [10]}, {'functional_group': 'cyano', 'smiles_inds': [11]}, {'functional_group': 'cyanimide', 'smiles_inds': [8]}]",0.0
0,top,Cc1cc(C)c(c(C)c1)[Ge]([C-]=CC(C)(C)C)(N(C=O)c1ccccc1)c1c(C)cc(C)cc1C,"[18, 10]","[{'functional_group': 'trichloro', 'smiles_inds': [14]}, {'functional_group': 'chloro', 'smiles_inds': [15]}]",0.0
0,top,Oc1ccc(OP2Oc3ccccc3c3ccccc3O2)c(Sc2ccccc2)c1,"[22, 6]","[{'functional_group': 'aldehyde', 'smiles_inds': [25]}, {'functional_group': 'amino', 'smiles_inds': [0]}]",0.0
0,top,CC(C)(O)Cc1ccccn1,"[3, 10]","[{'functional_group': 'trichloro', 'smiles_inds': [6]}]",0.0
0,top,NCCCNCCN1CCNCc2cccc(CNCC1)n2,"[21, 10, 7, 18, 4, 0]","[{'functional_group': 'aldehyde', 'smiles_inds': [19]}, {'functional_group': 'hydroxyl', 'smiles_inds': [14]}, {'functional_group': 'ketone', 'smiles_inds': [15]}]",0.0
0,top,COc1ccc(C=NN=C([O-])c2ccc(N)cc2)c([O-])c1,"[10, 19, 7]","[{'functional_group': 'carbonyl', 'smiles_inds': [0]}]",0.0
0,top,Cc1cccc(N=CNc2nccc(C)n2)n1,"[16, 6]","[{'functional_group': 'carboxylate', 'smiles_inds': [8]}]",0.0
0,top,CCCCCCNCCN,"[9, 6]",[],0.0
0,top,CC(C)NC(=O)c1cccc2C(=O)N([Se]c12)C(C)C,[14],[],0.0
0,top,P(c1ccccc1P(c1ccccc1)c1ccccc1)c1ccccc1P(c1ccccc1)c1ccccc1,"[7, 0, 26]",[],0.0
0,top,C1COCCOCC[NH+](CCOCCOCCN1)Cc1ccc(cc1)c1cc(nc(c1)c1ccccn1)c1ccccn1,"[42, 36, 28]",[],0.0
0,top,c1ccc(cc1)C=CC=NN(c1ccccc1)c1cccc(n1)N(N=CC=Cc1ccccc1)c1ccccc1,"[24, 23, 9]","[{'functional_group': 'ether', 'smiles_inds': [8]}, {'functional_group': 'iodo', 'smiles_inds': [25]}]",0.0
0,top,CCSC(=NO)C(SCC)=NO,"[4, 10]","[{'functional_group': 'cyanimide', 'smiles_inds': [11]}]",0.0
0,top,C[Te]c1ccccc1[Te]C,"[1, 8]",[],0.0
0,top,CC(C)(C)c1cc2cc(c1)C1=C(I)N(Cc3ccc(COCCOCCOCCOCc4ccc(CN5N=NC2=C5I)cc4)cc3)N=N1,"[20, 23, 26]","[{'functional_group': 'tribromo', 'smiles_inds': [16]}, {'functional_group': 'tribromo', 'smiles_inds': [21]}]",0.0
0,top,CC1(C)OC(=O)C(=C([O-])O1)N=Nc1ccccc1[O-],"[11, 18, 8]","[{'functional_group': 'fluoro', 'smiles_inds': [15]}]",0.0
1,bottom,OCC(N=Cc1cc(ccc1[O-])N(=O)=O)c1ccccc1,"[11, 0, 3]","[{'functional_group': 'iodo', 'smiles_inds': [16]}]",0.0
1,bottom,COC(=O)c1ccc([O-])c(c1)C1=Nc2ccccc2O1,"[12, 8]","[{'functional_group': 'cyanimide', 'smiles_inds': [10]}]",0.0
1,bottom,CC(C[O-])N=Cc1ccccc1P(c1ccccc1)c1ccccc1,"[12, 3, 4]",[],0.0
1,bottom,Brc1ccccc1C=NCCNCCN=Cc1ccccc1Br,"[8, 11, 14]",[],0.0
1,bottom,O=C(NC(c1ccccn1)c1ccccn1)c1ccccc1,"[15, 9]","[{'functional_group': 'ethyl', 'smiles_inds': [7]}]",0.0
1,bottom,Cc1ccc(cc1)N1C(=NN=C1c1cnccn1)c1ccccc1,"[7, 10]",[],0.0
1,bottom,CC(C)P(C(C)C)C1=C(Cc2ccccc12)N(C)C,"[3, 16]",[],0.0
1,bottom,Fc1c[c-]c(cc1C(F)(F)F)c1ccccn1,"[3, 16]","[{'functional_group': 'carboxyl', 'smiles_inds': [15]}]",0.0
1,bottom,C1CCC(CC1)P1CN(CP(CN(C1)Cc1cccnn1)C1CCCCC1)Cc1cccnn1,"[6, 10]","[{'functional_group': 'trifluro', 'smiles_inds': [27]}]",0.0
1,bottom,CC1CCC(C(C)C)C(C1)N1CCN(CCN(CC1)C(C)(C)C)C(C)(C)C,"[13, 10, 16]","[{'functional_group': 'ethyl_ester', 'smiles_inds': [25]}]",0.0
1,bottom,C(N1C=CC(=N1)c1ccccn1)c1cccnc1,"[1, 5]","[{'functional_group': 'carboxyl', 'smiles_inds': [0]}, {'functional_group': 'chloro', 'smiles_inds': [9]}]",0.0
1,bottom,CC(CN=CC1=NNC=C1)(CN=CC1=NNC=C1)CN=CC1=NNC=C1,"[19, 3, 22, 6, 11, 14]","[{'functional_group': 'carbonyl', 'smiles_inds': [8]}]",0.0
1,bottom,COc1cc([O-])c(C=NCCCNCCNCCCN=Cc2c([O-])cc(OC)cc2OC)c(OC)c1,"[12, 5, 15, 23, 19, 8]","[{'functional_group': 'cyano', 'smiles_inds': [14]}, {'functional_group': 'thiol', 'smiles_inds': [31]}]",0.0
1,bottom,CC=CC=O,[4],[],0.0
1,bottom,Oc1cccc(n1)C1=NCCN1,"[8, 6]","[{'functional_group': 'carboxyllic_acid', 'smiles_inds': [2]}, {'functional_group': '2-hydroxypyridine', 'smiles_inds': [0]}]",0.0
1,bottom,C[C-]=C(C)C([N-]c1ccccn1)c1ccccc1,"[5, 11, 1]","[{'functional_group': 'iodo', 'smiles_inds': [16]}]",0.0
1,bottom,CCN(CC)OC(C)=N,[8],[],0.0
1,bottom,C1CN=Cc2ccccc2[Se]c2ccccc2C=NCCCN=Cc2ccccc2[Se]c2ccccc2C=NC1,"[10, 2, 38, 22, 30, 18]","[{'functional_group': '2-methylbenzoic_acid', 'smiles_inds': [13]}]",0.0
1,bottom,CC(C)(C)S(=O)CC(N)c1ccccc1,"[4, 8]",[],0.0
1,bottom,CCc1cccc(CC)c1N=C(C)c1cccc(n1)C(C)=Nc1c(cc(cc1C(c1ccc(F)cc1)c1ccc(F)cc1)N(=O)=O)C(c1ccc(F)cc1)c1ccc(F)cc1,"[21, 18, 10]",[],0.0
1,median,CN(c1ccc(C)cn1)c1cccc(n1)N(C)c1ccc(C)cn1,"[15, 1, 14]","[{'functional_group': 'ketone', 'smiles_inds': [16]}]",0.0
1,median,FC(F)(F)c1ccc(N=Nc2ccc(cc2[O-])C(F)(F)F)c([O-])c1,"[9, 16, 22]",[],0.0
1,median,COC(=O)C1=C(N=NN1C)C(=O)[O-],"[12, 6]",[],0.0
1,median,[CH2-]CP(=S)(c1ccccc1)c1ccccc1,"[3, 0]","[{'functional_group': 'carboxyl', 'smiles_inds': [14]}]",0.0
1,median,N=C(N1N=Cc2ccccc12)c1ccccc1,"[3, 0]","[{'functional_group': 'ethyl_ester', 'smiles_inds': [14]}, {'functional_group': 'ethyl_ester', 'smiles_inds': [4]}]",0.0
1,median,CC(C)(C)c1cc(C=NCCN2CCCCC2)c([O-])c(c1)C(C)(C)C,"[8, 11, 18]",[],0.0
1,median,CC(C)(C)N1CC1C(=O)c1ccccc1,"[8, 4]","[{'functional_group': 'cyano', 'smiles_inds': [12]}, {'functional_group': 'amino', 'smiles_inds': [11]}]",0.0
1,median,C(CN=Cc1ccc2ccccc2n1)CP(c1ccccc1)c1ccccc1,"[15, 13, 2]",[],0.0
1,median,CC(=NO)C([O-])NN=C(C)c1ccccn1,"[5, 15, 7]",[],0.0
1,median,[O-]CCN=Cc1ccccc1[O-],"[11, 0, 3]","[{'functional_group': 'carboxyl', 'smiles_inds': [8]}, {'functional_group': 'carbonyl', 'smiles_inds': [9]}]",0.0
1,median,CCNC([S-])=NN=CC1=CNc2ccccc12,"[4, 6]","[{'functional_group': '2-hydroxypyridine', 'smiles_inds': [7]}]",0.0
1,median,CC(C)(C)c1cc(c(P=POC([C-]=O)(C(F)(F)F)C(F)(F)F)c(c1)C(C)(C)C)C(C)(C)C,"[9, 12]","[{'functional_group': 'trifluro', 'smiles_inds': [23]}]",0.0
1,median,CCP(=S)(CC)C(=[C-]C(=O)OC1CCCCC1)C(=O)OC1CCCCC1,"[3, 7]","[{'functional_group': 'phosphonate', 'smiles_inds': [21]}]",0.0
1,median,CC1CCNC1C,[4],"[{'functional_group': '2-hydroxypyridine', 'smiles_inds': [5]}, {'functional_group': 'carboxyllic_acid', 'smiles_inds': [6]}]",0.0
1,median,CC(=O)NO,"[4, 2]",[],0.0
1,median,Cc1cc(C)c(c(C)c1)C1=CC(=NN1)c1cccc(n1)C1=Nc2ccccc2N1,"[21, 19, 12]",[],0.0
1,median,COc1cc(CCN)c(cc1OC)c1cccc[c-]1,"[7, 18]",[],0.0
1,median,O[B-]Nc1ccccn1,"[1, 8]","[{'functional_group': 'trichloro', 'smiles_inds': [4]}]",0.0
1,median,CC1(C)C2CCC1(C)C(C2)NCC1CCCN1,"[10, 16]",[],0.0
1,median,Cc1ccc([O-])c(C=NC(c2ccccc2)c2ccccc2)c1,"[8, 5]",[],0.0
1,top,Cl[Sb]1N(C(C)(C)C)[Sb](Cl)([N-2]C(C)(C)C)N1C(C)(C)C,"[14, 9, 2]","[{'functional_group': 'ether', 'smiles_inds': [6]}, {'functional_group': 'ethyl', 'smiles_inds': [4]}]",0.0
1,top,Nc1ccccc1N(=O)=O,[0],[],0.0
1,top,CC(C)c1cccc(C(C)C)c1[N-]Cc1cccc(n1)C1=[C-]C=CS1,"[21, 19, 12]",[],0.0
1,top,CC(C)(C)N1=CC=N([Ge]1)C(C)(C)C,[8],"[{'functional_group': 'cyano', 'smiles_inds': [5]}]",0.0
1,top,CN1N=C(C=C1C)C(C)(C)O,"[2, 10]","[{'functional_group': 'cyano', 'smiles_inds': [6]}, {'functional_group': 'carboxyl', 'smiles_inds': [4]}]",0.0
1,top,CCNC(=S)NN=CC1=CC=C(O1)N(=O)=O,"[6, 4]","[{'functional_group': 'ether', 'smiles_inds': [5]}, {'functional_group': 'phenyl', 'smiles_inds': [2]}]",0.0
1,top,C([N-]c1ccccc1)N(CP(c1ccccc1)c1ccccc1)c1ccccc1,"[10, 1, 8]",[],0.0
1,top,CC(C)(C)c1cc(cc(c1)C(C)(C)C)c1cc[c-]c(c1)C1=Nc2ccccc2S1,"[21, 17]",[],0.0
1,top,N#CC1=CC=CN1P(c1ccccc1)c1ccccc1,[7],"[{'functional_group': 'tribromo', 'smiles_inds': [13]}, {'functional_group': 'ketone', 'smiles_inds': [15]}]",0.0
1,top,O(P(Oc1cccc2cccnc12)Oc1cccc2cccnc12)c1cccc2cccnc12,"[1, 22]",[],0.0
1,top,CCN(CC)C(=O)C(Br)C(=O)N(CC)CC,"[10, 6]",[],0.0
1,top,[O-]c1cc2ccccc2cc1C=NC1CCCCCCC1,"[0, 12]",[],0.0
1,top,COC(=O)C(P(C1CCCCC1)C1CCCCC1)=C(P1C2(C)CC3(C)OC(C)(CC1(C)O3)O2)C(=O)OC,"[19, 5]","[{'functional_group': 'carboxyl', 'smiles_inds': [15]}, {'functional_group': 'carboxylate', 'smiles_inds': [27]}]",0.0
1,top,CC(O)CN1CCCCCN(CCN(CC1)CC(C)O)CC(C)O,"[19, 23, 2, 13, 10, 4]","[{'functional_group': '2-hydroxypyridine', 'smiles_inds': [20]}, {'functional_group': 'chloro', 'smiles_inds': [7]}, {'functional_group': 'phenyl', 'smiles_inds': [12]}]",0.0
1,top,OC(=O)c1ccc(C=O)cc1,[8],"[{'functional_group': 'ether', 'smiles_inds': [5]}, {'functional_group': 'ethyl', 'smiles_inds': [0]}]",0.0
1,top,C1OC(=NC1Cc1ccccc1)c1cccc(n1)c1cccc[c-]1,"[17, 3, 23]","[{'functional_group': 'aldehyde', 'smiles_inds': [10]}]",0.0
1,top,CC1=NN(c2ccccc2)C(=C1C=NNc1nncc2ccccc12)[O-],"[25, 2, 3]","[{'functional_group': 'carbonyl', 'smiles_inds': [23]}, {'functional_group': '2-methylbenzoic_acid', 'smiles_inds': [9]}]",0.0
1,top,C[NH2+]CCN=Cc1cc(Br)ccc1[O-],"[13, 4]","[{'functional_group': 'ethyl_ester', 'smiles_inds': [1]}]",0.0
1,top,O=C([O-])C1=COC(=N1)C1[NH2+]CCC1,"[2, 7]","[{'functional_group': 'carboxyl', 'smiles_inds': [4]}]",0.0
1,top,CSC1=NN=C(SC)S1,[3],[],0.0
2,bottom,CC(C)C1NC(=O)C2=C(C)N(Cc3ccc([c-]c3)c3ccccn3)C(=N2)C(NC(=O)C2=C(C)N(Cc3ccc([c-]c3)c3ccccn3)C(=N2)C(NC(=O)C2=C(C)N(Cc3ccc([c-]c3)c3ccccn3)C1=N2)C(C)C)C(C)C,"[62, 4, 16, 39, 50, 27]",[],0.0
2,bottom,Cc1cccc(C)c1N=C(C)N(C(C)=Nc1c(C)cccc1C)c1c(C)cccc1C,"[8, 14]",[],0.0
2,bottom,CC1(C)C2CC1c1ccc(nc1C2)c1cccc(n1)c1ccc2C3CC(Cc2n1)C3(C)C,"[18, 10, 28]",[],0.0
2,bottom,CC(O)CN1CCCN(CCN(CCCN(CC1)CC(C)O)CC(C)O)CC(C)O,"[2, 21, 4, 8, 11, 15]",[],0.0
2,bottom,[O-]CCOCCOCCOCCOCC[O-],"[0, 3, 6, 9, 12, 15]","[{'functional_group': 'bromo', 'smiles_inds': [1]}, {'functional_group': 'carboxyl', 'smiles_inds': [14]}]",0.0
2,bottom,O=C([O-])C1CSCN1,"[2, 7]","[{'functional_group': 'ethyl', 'smiles_inds': [3]}]",0.0
2,bottom,N=C(S[N-]c1ccccc1)N=P(c1ccccc1)(c1ccccc1)c1ccccc1,"[3, 0]","[{'functional_group': 'phenyl', 'smiles_inds': [8]}, {'functional_group': 'ketone', 'smiles_inds': [19]}, {'functional_group': 'fluoro', 'smiles_inds': [29]}]",0.0
2,bottom,O=C([O-])c1ccccc1[NH+]=Cc1ccccc1[O-],"[2, 17]",[],0.0
2,bottom,C1CCN(C1)P(=Nc1cccc2cccc(N=P(N3CCCC3)(N3CCCC3)N3CCCC3)c12)(N1CCCC1)N1CCCC1,"[6, 16]","[{'functional_group': 'cyano', 'smiles_inds': [12]}, {'functional_group': 'amino', 'smiles_inds': [41]}, {'functional_group': 'thiol', 'smiles_inds': [20]}]",0.0
2,bottom,C1CCC(CC1)P(Nc1cccc(n1)c1ccccn1)C1CCCCC1,"[6, 19, 13]","[{'functional_group': 'iodo', 'smiles_inds': [7]}, {'functional_group': 'cyano', 'smiles_inds': [11]}]",0.0
2,bottom,[NH-]C=CN=CC1=CC=CS1,"[0, 3]","[{'functional_group': 'bromo', 'smiles_inds': [6]}, {'functional_group': 'phenyl', 'smiles_inds': [1]}]",0.0
2,bottom,O=C1c2cccc3cccc(C1=Nc1ccccc1)c23,"[0, 12]","[{'functional_group': 'tribromo', 'smiles_inds': [18]}, {'functional_group': 'methyl_ester', 'smiles_inds': [5]}, {'functional_group': 'ethyl_ester', 'smiles_inds': [16]}, {'functional_group': 'ethyl_ester', 'smiles_inds': [8]}]",0.0
2,bottom,COc1cccc(c1)C([O-])=NN=Cc1cc(OC)ccc1[O-],"[21, 9, 11]","[{'functional_group': 'hydroxyl', 'smiles_inds': [7]}]",0.0
2,bottom,Nc1ncc(cn1)c1ccc(nc1)c1ccccn1,"[11, 18]","[{'functional_group': 'ethyl', 'smiles_inds': [16]}, {'functional_group': 'carboxylate', 'smiles_inds': [8]}]",0.0
2,bottom,CC(C)C1(C)[NH+]=C([N-]C1=O)c1ncccc1C(=O)[O-],"[7, 11]","[{'functional_group': 'methyl_ester', 'smiles_inds': [2]}, {'functional_group': 'aldehyde', 'smiles_inds': [5]}]",0.0
2,bottom,C1CC[Te]C1,[3],[],0.0
2,bottom,CCCCCCCN=Cc1c([O-])cc2ccc3cccc4ccc1c2c34,"[7, 11]",[],0.0
2,bottom,CC(C)P(C(C)C)C(C)=C,[3],"[{'functional_group': 'chloro', 'smiles_inds': [5]}, {'functional_group': 'cyanimide', 'smiles_inds': [0]}]",0.0
2,bottom,CCc1cccc(CC)c1N=C(C)c1cccc(n1)C(C)=Nc1c(cc(cc1C(c1ccccc1)c1ccccc1)C(C)(C)C)C(c1ccccc1)c1ccccc1,"[21, 10, 18]",[],0.0
2,bottom,CN1C(=C(O)c2ccccc2S1(=O)=O)C(=O)Nc1ccccn1,[22],[],0.0
2,median,C[Se]C[Se]C,"[1, 3]","[{'functional_group': 'methyl_ester', 'smiles_inds': [0]}]",0.0
2,median,C[Si](C)(C)N=[P](c1cc(cc(c1)C(F)(F)F)C(F)(F)F)c1cc(cc(c1)C(F)(F)F)C(F)(F)F,[5],[],0.0
2,median,Cc1cccc(C)c1N=C1c2cccc3cccc(C1=NCCN1CCOCC1)c23,"[20, 8, 23]","[{'functional_group': 'trichloro', 'smiles_inds': [2]}, {'functional_group': 'iodo', 'smiles_inds': [25]}]",0.0
2,median,COC(=O)c1cc(nc2c(C)cccc12)c1cccc(C)n1,"[7, 21]","[{'functional_group': 'bromo', 'smiles_inds': [11]}]",0.0
2,median,Clc1ccc(N[CH-]Nc2ccccn2)cc1,"[6, 13]","[{'functional_group': 'carboxyl', 'smiles_inds': [3]}]",0.0
2,median,CC1=CC=C(O1)C=NNC(N)=S,"[11, 7]","[{'functional_group': 'tribromo', 'smiles_inds': [2]}]",0.0
2,median,CCN(CC)c1nc(nc(n1)N1N=C(C)C=C1C)N1N=C(C)C=C1C,"[19, 12, 18]","[{'functional_group': 'ethyl', 'smiles_inds': [4]}, {'functional_group': 'methyl_ester', 'smiles_inds': [15]}]",0.0
2,median,Cc1cc(C)c(N2C=CN=C2C(=N)C(C)(C)C)c(C)c1,"[12, 9]","[{'functional_group': 'methyl_ester', 'smiles_inds': [18]}, {'functional_group': 'trifluro', 'smiles_inds': [7]}]",0.0
2,median,CC(C)(C)C1=NN(C=C1)C(C)(N1C=CC(=N1)C(C)(C)C)N1C=CC(=N1)C(C)(C)C,"[15, 24, 5]",[],0.0
2,median,CCOP(=O)(C[Si](C)(C)[CH2-])OCC,"[9, 4]","[{'functional_group': 'cyanimide', 'smiles_inds': [12]}]",0.0
2,median,[O-]c1ccccc1N=NC(=N[N-]c1ccccc1)c1ccccc1,"[8, 11, 0]","[{'functional_group': 'hydroxyl', 'smiles_inds': [5]}, {'functional_group': 'phosphonate', 'smiles_inds': [20]}]",0.0
2,median,C1Cc2cccnc2N1C1=[C-]c2ccccc2C1,"[8, 10]",[],0.0
2,median,Oc1cccc(n1)C(=O)[O-],"[6, 9]","[{'functional_group': 'trichloro', 'smiles_inds': [3]}]",0.0
2,median,CCN1C(=Nc2ccccc12)CN1[CH-]N(Cc2cccc(C)n2)c2ccccc12,"[13, 4]",[],0.0
2,median,C(CN(Cc1nccc2ccccc12)Cc1nccc2ccccc12)N(Cc1nccc2ccccc12)Cc1nccc2ccccc12,"[2, 5, 16, 25, 28, 39]","[{'functional_group': 'aldehyde', 'smiles_inds': [20]}, {'functional_group': 'aldehyde', 'smiles_inds': [35]}, {'functional_group': 'aldehyde', 'smiles_inds': [6]}]",0.0
2,median,Clc1ccc(cc1)N=Cc1cc(Cl)cc(Br)c1[O-],"[17, 7]","[{'functional_group': 'phenyl', 'smiles_inds': [13]}, {'functional_group': 'fluoro', 'smiles_inds': [8]}]",0.0
2,median,CC(C)c1cccc(C(C)C)c1N=C(N1N=C(C)C=C1C)c1c(C)cc(C)cc1C,"[12, 15]","[{'functional_group': 'ether', 'smiles_inds': [9]}]",0.0
2,median,CC(C)(C)c1cc(C=N[N-]C(N)=NN=Cc2cc(cc(c2[O-])C(C)(C)C)C(C)(C)C)c(O)c(c1)C(C)(C)C,"[21, 9, 13]","[{'functional_group': 'ketone', 'smiles_inds': [25]}]",0.0
2,median,c1ccc(cc1)P(c1ccccc1)c1ccccc1C1=CC(=CC(=P1)c1ccccc1P(c1ccccc1)c1ccccc1)c1ccccc1,"[6, 24, 31]","[{'functional_group': 'amino', 'smiles_inds': [39]}, {'functional_group': 'methyl', 'smiles_inds': [49]}]",0.0
2,median,Oc1ccccc1C([O-])=NN=C(c1ccccc1)c1ccccc1,"[8, 10]","[{'functional_group': 'methyl', 'smiles_inds': [2]}]",0.0
2,top,COc1cccc(C=NN=C([O-])c2ccc(Cl)cc2)c1[O-],"[11, 20, 8]",[],0.0
2,top,c1ccc(cc1)N(c1ccccn1)c1ccc2ccccc2n1,"[6, 12]","[{'functional_group': 'trichloro', 'smiles_inds': [8]}]",0.0
2,top,CC(C)(C)c1cc(c2cccc([c-]2)c2cc(cc3c4ccccc4cnc23)C(C)(C)C)c2ncc3ccccc3c2c1,"[12, 25, 32]",[],0.0
2,top,CC(C)C1COC(=N1)C1=C(C2C3CCC2C2CCC3C12)C1=NC(CO1)C(C)C,"[21, 7]","[{'functional_group': 'hydroxyl', 'smiles_inds': [12]}]",0.0
2,top,COC(=O)C(C(P(c1ccccc1)c1ccccc1)c1[c-]ccc2ccccc12)C(=O)OC,"[20, 6]","[{'functional_group': 'trichloro', 'smiles_inds': [21]}]",0.0
2,top,CN1C(=C(N=Cc2ccccc2N)C(=O)N(C)C1=O)N,"[12, 4, 19]",[],0.0
2,top,CC(C)OP(OC(C)=C)OC(C)=C,[4],"[{'functional_group': 'trichloro', 'smiles_inds': [1]}, {'functional_group': 'ethyl_ester', 'smiles_inds': [0]}]",0.0
2,top,CC(C)Oc1ccc(cc1[CH2-])C(F)(F)C(F)(F)C(F)(F)C(F)(F)C(F)(F)C(F)(F)F,"[3, 10]","[{'functional_group': 'ethyl', 'smiles_inds': [2]}]",0.0
2,top,C1Cc2ccccc2N=C2c3cccc4cccc(C2=Nc2ccccc2CCc2cccc1n2)c34,"[8, 20]","[{'functional_group': 'amino', 'smiles_inds': [0]}]",0.0
2,top,Cc1[nH+]cc(CO)c(C(=O)[O-])c1[O-],"[12, 10]",[],0.0
2,top,PCC(CP)C(=O)Nc1ccccc1,"[0, 4]",[],0.0
2,top,CC([As](c1ccccc1)c1ccccc1)c1cccc2ccccc12,[2],"[{'functional_group': 'carbonyl', 'smiles_inds': [12]}, {'functional_group': 'ketone', 'smiles_inds': [18]}]",0.0
2,top,CCNC(=S)NN=CC1=CC=C(O1)N(=O)=O,"[6, 4]","[{'functional_group': 'cyano', 'smiles_inds': [7]}, {'functional_group': 'cyano', 'smiles_inds': [1]}]",0.0
2,top,CC(C)C1COC(=N1)c1c([O-])ccc2ccccc12,"[10, 7]",[],0.0
2,top,CN(C)c1ccc(cc1)N=Nc1ccc(NC([S-])=NN=C(C)c2ccccn2)cc1,"[17, 1, 18]",[],0.0
2,top,CN(C)c1ccc(C=CC=NNC(=O)c2ccccn2)cc1,"[10, 13]","[{'functional_group': 'cyano', 'smiles_inds': [21]}]",0.0
2,top,N1C=NC(=C1c1ccccn1)c1ccccn1,[2],"[{'functional_group': 'tribromo', 'smiles_inds': [1]}]",0.0
2,top,CC1=NN(C(N2N=C(C)C=C2C)C(=O)[O-])C(=C1)C,"[2, 14, 6]",[],0.0
2,top,O=N(=O)C12CNCCN3CCN(CCNC1)CCN(CCNC2)CC3,"[14, 8, 11, 21, 18, 5]","[{'functional_group': 'ethyl', 'smiles_inds': [19]}, {'functional_group': 'methyl', 'smiles_inds': [12]}]",0.0
2,top,CNC([S-])=NN=C(C)c1ccc(c[c-]1)c1ccc(cc1)C(C)=O,"[3, 5, 13]","[{'functional_group': 'thiol', 'smiles_inds': [12]}]",0.0
3,bottom,CN(C)C(=NCc1ccccn1)N1CCOCC1,"[4, 12]","[{'functional_group': 'carbonyl', 'smiles_inds': [14]}]",0.0
3,bottom,Cc1cccc([S-])n1,"[6, 7]","[{'functional_group': 'bromo', 'smiles_inds': [3]}]",0.0
3,bottom,COC(=NC(=C(C)C)c1ccccc1)c1ccccc1,[3],"[{'functional_group': 'ethyl', 'smiles_inds': [9]}, {'functional_group': 'chloro', 'smiles_inds': [17]}]",0.0
3,bottom,N#CNC#N,[0],"[{'functional_group': 'ether', 'smiles_inds': [2]}]",0.0
3,bottom,CC(C)P(Nc1cccc(OP(C(C)C)C(C)C)[c-]1)C(C)C,"[11, 3, 18]",[],0.0
3,bottom,CN(C)c1ccnc(c1)C([O-])c1ccc(C)cc1,"[1, 10]",[],0.0
3,bottom,COCCOCCN1c2ccccc2c2cc(C=Cc3ccc(cc3)c3cc(nc(c3)c3ccccn3)c3ccccn3)ccc12,"[28, 36, 7]",[],0.0
3,bottom,c1cnc(nc1)N1[C-]=Cc2ccccc12,"[2, 7]",[],0.0
3,bottom,CS(=O)c1ccccc1C(=O)[N-]c1cccc2cccnc12,"[1, 11, 20]",[],0.0
3,bottom,CC1=C2CCc3ccccc3C2=NC1=C(C1=C(C)C2=C([N-]1)c1ccccc1CC2)c1c(F)c(F)c(F)c(F)c1F,"[12, 20]",[],0.0
3,bottom,Oc1ccccc1C(=O)NN=CC=Cc1ccccc1,"[8, 10]","[{'functional_group': 'carboxyl', 'smiles_inds': [12]}]",0.0
3,bottom,O=Cc1cccc(n1)c1cccc(C=O)n1,"[7, 15]",[],0.0
3,bottom,CC(=O)c1cncc(c1)C(C)=O,[5],"[{'functional_group': 'amide', 'smiles_inds': [4]}]",0.0
3,bottom,Fc1c[c-]c(cc1C(F)(F)F)c1ccccn1,"[3, 16]","[{'functional_group': 'bromo', 'smiles_inds': [14]}]",0.0
3,bottom,CN(C)CCN(C)Cc1cc(C)cc(C)c1[O-],"[1, 5, 16]","[{'functional_group': 'methyl_ester', 'smiles_inds': [9]}]",0.0
3,bottom,N1C=C(N=N1)c1ccccn1,"[3, 10]",[],0.0
3,bottom,CC1=NN(C(=C1)C)C(=S)N1CCOCC1,"[2, 8]",[],0.0
3,bottom,NC(=NN1C(Nc2ccccc2C1=O)C1=NC=CN1)c1ccccn1,"[24, 2, 15]","[{'functional_group': '2-methylbenzoic_acid', 'smiles_inds': [0]}]",0.0
3,bottom,Cc1cc(C=[NH+]c2ccccc2)c([O-])c(c1)C(=[CH-])c1ccccc1,"[13, 17]",[],0.0
3,bottom,CC(C)CNC(=S)c1ccccc1,[6],"[{'functional_group': 'ether', 'smiles_inds': [12]}, {'functional_group': 'carboxylate', 'smiles_inds': [9]}]",0.0
3,median,CP(C)P(P(C)C)C(C)(C)C,"[1, 4]",[],0.0
3,median,COC(=O)c1nc(C)c(nc1C)C(=O)[O-],"[9, 14]","[{'functional_group': 'phenyl', 'smiles_inds': [0]}, {'functional_group': 'iodo', 'smiles_inds': [7]}]",0.0
3,median,COC(=N)NC(=N)OC,"[3, 6]",[],0.0
3,median,O=C1C(=O)c2cccc3cccc1c23,"[3, 0]",[],0.0
3,median,C(N1C=NC=N1)c1ccccn1,[3],[],0.0
3,median,CCN1C=C(N=N1)C1=CN(CC)N=N1,"[5, 13]",[],0.0
3,median,ON=C(C#N)C(=O)c1ccccc1,"[6, 4]",[],0.0
3,median,COC(=O)c1cccc[c-]1,"[1, 9]","[{'functional_group': 'bromo', 'smiles_inds': [0]}]",0.0
3,median,Cc1cccc(N=CNc2nccc(C)n2)n1,"[16, 6]","[{'functional_group': 'methyl_ester', 'smiles_inds': [2]}, {'functional_group': 'cyanimide', 'smiles_inds': [3]}]",0.0
3,median,CC(=NN=C([O-])c1ccccc1)C1=Cc2ccc([O-])cc2OC1=O,"[23, 5, 2]","[{'functional_group': 'ethyl', 'smiles_inds': [8]}]",0.0
3,median,[NH3+]C12CNCCSCC(CO)(CSCCNC1)CSCCNC2,"[6, 12, 18, 3, 15, 21]","[{'functional_group': 'chloro', 'smiles_inds': [9]}, {'functional_group': 'chloro', 'smiles_inds': [0]}]",0.0
3,median,O=S(=O)([O-])c1ccccc1P1Cc2ccc3ccccc3c2c2c(C1)ccc1ccccc21,"[10, 3]","[{'functional_group': 'carboxyllic_acid', 'smiles_inds': [29]}]",0.0
3,median,C[Si](C)(C)N=Nc1ccccc1,[4],"[{'functional_group': 'ethyl_ester', 'smiles_inds': [10]}, {'functional_group': 'chloro', 'smiles_inds': [9]}, {'functional_group': 'iodo', 'smiles_inds': [11]}]",0.0
3,median,CC(=NNc1nc2ccccc2c2c1Nc1ccc(Br)cc21)c1ccc(CN2CCOCC2)cn1,"[34, 5, 2]",[],0.0
3,median,ON=Cc1ccccn1,"[8, 1]","[{'functional_group': 'trifluro', 'smiles_inds': [2]}]",0.0
3,median,CC12CNCCNCC([NH2+]CC3=CSC=C3)(CNCCNC1)CNCCNC2,"[17, 26, 20, 6, 23, 3]","[{'functional_group': 'phosphonate', 'smiles_inds': [0]}]",0.0
3,median,COc1ccccc1P(CP(C(C)(C)C)C(C)(C)C)c1ccccc1OC,"[10, 8]","[{'functional_group': 'carboxyllic_acid', 'smiles_inds': [16]}]",0.0
3,median,[NH3+]C12CNCCNCC([NH2+]Cc3ccccc3O)(CNCCNC1)CNCCNC2,"[6, 3, 19, 22, 25, 28]","[{'functional_group': 'trichloro', 'smiles_inds': [2]}]",0.0
3,median,COCCN=C(C)CC([O-])(C(F)(F)F)C(F)(F)F,"[9, 4]",[],0.0
3,median,COCC1(C)COC1,[6],"[{'functional_group': 'thiol', 'smiles_inds': [5]}, {'functional_group': 'chloro', 'smiles_inds': [2]}]",0.0
3,top,CN(C)C(=S)S[CH-]C=C(c1ccccc1)c1ccccc1,"[4, 6]","[{'functional_group': 'cyano', 'smiles_inds': [12]}]",0.0
3,top,OC(=O)c1ccc(cc1)N1CP(CCP(C1)c1ccccc1)c1ccccc1,"[14, 11]","[{'functional_group': 'trichloro', 'smiles_inds': [0]}]",0.0
3,top,CCOP(=O)(CCP(c1ccccc1)c1ccccc1)OCC,[7],[],0.0
3,top,COc1ccc(CNC(=S)NN=Cc2ccccn2)cc1,"[9, 11]","[{'functional_group': 'trichloro', 'smiles_inds': [12]}]",0.0
3,top,C[Si](C)(c1ccccc1)C1=Cc2cccc3C=C(P(P1c1ccccc1)c23)[Si](C)(C)c1ccccc1,[18],"[{'functional_group': 'hydroxyl', 'smiles_inds': [5]}]",0.0
3,top,OCC(N=Cc1cc(ccc1[O-])N(=O)=O)c1ccccc1,"[11, 0, 3]","[{'functional_group': 'carboxylate', 'smiles_inds': [19]}, {'functional_group': 'thiol', 'smiles_inds': [8]}, {'functional_group': 'phenyl', 'smiles_inds': [4]}]",0.0
3,top,CC(CN=CC1=NNC=C1)(CN=CC1=NNC=C1)CN=CC1=NNC=C1,"[19, 3, 22, 6, 11, 14]","[{'functional_group': 'fluoro', 'smiles_inds': [0]}, {'functional_group': 'trifluro', 'smiles_inds': [4]}]",0.0
3,top,C1COCCOCCOCCNCc2cccc(CN1)n2,"[20, 19, 11]",[],0.0
3,top,Cc1ccc(cc1)S(=O)(=O)NCCN(CC[N-]S(=O)(=O)c1ccc(C)cc1)CC[N-]S(=O)(=O)c1ccc(C)cc1,"[13, 16, 29]",[],0.0
3,top,[NH3+]C12CNCCNCC([NH2+]Cc3ccccc3O)(CNCCNC1)CNCCNC2,"[6, 3, 19, 22, 25, 28]","[{'functional_group': 'aldehyde', 'smiles_inds': [12]}]",0.0
3,top,CN1N=NC(=N1)CC(O)=O,[3],"[{'functional_group': 'aldehyde', 'smiles_inds': [0]}]",0.0
3,top,O1P(Oc2ccccc2c2ccccc12)C1=CC=CS1,[1],[],0.0
3,top,Cc1cc(C)cc(c1)c1cccc(c2cc(C)cc(C)c2)c1N=Cc1cc(cc(C=Nc2c(cccc2c2cc(C)cc(C)c2)c2cc(C)cc(C)c2)c1[O-])C(C)(C)C,"[54, 22]","[{'functional_group': 'phosphonate', 'smiles_inds': [48]}, {'functional_group': 'chloro', 'smiles_inds': [27]}]",0.0
3,top,C(CN(Cc1nccc2ccccc12)Cc1nccc2ccccc12)N(Cc1nccc2ccccc12)Cc1nccc2ccccc12,"[2, 5, 16, 25, 28, 39]","[{'functional_group': 'aldehyde', 'smiles_inds': [0]}]",0.0
3,top,O=C([O-])c1ccnc(n1)c1ccccn1,"[14, 6]","[{'functional_group': 'thiol', 'smiles_inds': [4]}, {'functional_group': 'ethyl_ester', 'smiles_inds': [11]}]",0.0
3,top,C[Si](C)(C)P1PP2PP(P1P2[Si](C)(C)C)[Si](C)(C)C,"[7, 5]","[{'functional_group': 'fluoro', 'smiles_inds': [14]}]",0.0
3,top,CC(C)(C)c1cc(C[NH+]2CCCCC2)c([O-])c(C=NCCNCCNCCN=Cc2cc(cc(C[NH+]3CCCCC3)c2[O-])C(C)(C)C)c1,"[15, 27, 24, 18, 21, 42]","[{'functional_group': 'carboxyl', 'smiles_inds': [17]}]",0.0
3,top,CN=C(C)CC([O-])(C(F)(F)F)C(F)(F)F,"[6, 1]",[],0.0
3,top,CCOC(=O)C(=CP=C(N(C)C)C(C)(C)C)[C-]=O,"[16, 7]","[{'functional_group': 'phosphonate', 'smiles_inds': [11]}]",0.0
3,top,O=C([O-])C1CSC(N1)C(=O)[O-],"[2, 10, 7]",[],0.0
4,bottom,CCCCSC(N)=NN=Cc1ccccc1[O-],"[16, 8, 6]","[{'functional_group': 'carboxyllic_acid', 'smiles_inds': [9]}]",0.0
4,bottom,[CH6+3][O-],[1],"[{'functional_group': 'carboxylate', 'smiles_inds': [0]}]",0.0
4,bottom,Cc1cccc(N=CNc2nccc(C)n2)n1,"[16, 6]","[{'functional_group': 'methyl_ester', 'smiles_inds': [2]}, {'functional_group': 'cyano', 'smiles_inds': [0]}]",0.0
4,bottom,CCN(CC)c1ccc(cc1)N=Cc1ccccc1[O-],"[19, 11]",[],0.0
4,bottom,O=N(=O)C1=C([N-]C(=N1)c1ccccn1)N(=O)=O,"[5, 13]",[],0.0
4,bottom,c1ccc(cc1)N=Cc1cc2ccccc2c[c-]1,"[6, 17]",[],0.0
4,bottom,C1Nc2ccccc2OCc2cccc(COc3ccccc3NCc3cccc1n3)n2,"[31, 1, 23, 30, 8, 16]",[],0.0
4,bottom,CC1=C(C)N([O-])C(=[NH+]1)C1=NC=CN1,"[9, 5]",[],0.0
4,bottom,CC(C)P(NCCP(c1ccccc1)c1ccccc1)C(C)C,"[7, 3]",[],0.0
4,bottom,CC(C)c1cccc(C(C)C)c1N=C(OCc1ccccc1)c1cccc(n1)C(OCc1ccccc1)=Nc1c(cccc1C(C)C)C(C)C,"[12, 27, 29]",[],0.0
4,bottom,COc1cccc(C=NCC=C)c1[O-],"[13, 8]","[{'functional_group': 'aldehyde', 'smiles_inds': [7]}, {'functional_group': 'phosphonate', 'smiles_inds': [0]}]",0.0
4,bottom,C(C1=CC=CN1P(c1ccccc1)c1ccccc1)C1=CC=CN1P(c1ccccc1)c1ccccc1,"[24, 6]",[],0.0
4,bottom,NC(=NN1C(Nc2ccccc2C1=O)C1=NC=CN1)c1ccccn1,"[24, 2, 15]","[{'functional_group': 'trichloro', 'smiles_inds': [5]}]",0.0
4,bottom,CC(C)NC(=NC(C)C)C#Cc1ccccc1,[5],[],0.0
4,bottom,Oc1ccc(Br)cc1C=NCS(=O)(=O)[O-],"[9, 0]",[],0.0
4,bottom,COc1ccccc1P(c1ccccc1OC)c1ccccc1S(=O)(=O)[N-]c1ccccc1,"[26, 8]",[],0.0
4,bottom,CN1C=CN=C1C(N)=O,"[4, 1]",[],0.0
4,bottom,Cc1cccc(n1)C(C([CH-]C(=O)c1ccccc1)c1ccccc1)P(C(C)(C)C)C(C)(C)C,"[24, 6, 9]",[],0.0
4,bottom,CC(C)c1cccc(C(C)C)c1N=CC1=CC=C([N-]1)c1c2ccccc2cc2ccccc12,"[18, 12]",[],0.0
4,bottom,Cc1cc2N[CH-]N(CCP(C3CCCCC3)C3CCCCC3)c2cc1C,"[9, 5]",[],0.0
4,median,CC1=CC=C(O1)C=NNC(N)=S,"[11, 7]","[{'functional_group': '2-methylbenzoic_acid', 'smiles_inds': [10]}]",0.0
4,median,CC(C)CCCC(C)C1CCC2C3CC=C4CC(CCC4(C)C3CCC12C)P(C)C,[27],[],0.0
4,median,C=CCc1cccc(C=NC23CC4CC(CC(C4)C2)C3)c1[O-],"[21, 9]",[],0.0
4,median,CC1CCC(C)P1c1ccccc1P1(=O)C(C)CCC1C,"[6, 14]","[{'functional_group': '2-methylbenzoic_acid', 'smiles_inds': [0]}, {'functional_group': 'trichloro', 'smiles_inds': [5]}]",0.0
4,median,[O-]c1ccccc1C=NCCCP(c1ccccc1)c1ccccc1,"[12, 0, 8]",[],0.0
4,median,COc1ccc(cc1)c1ccc2ccc3ccc(nc3c2n1)c1ccc(OC)cc1,"[21, 18]",[],0.0
4,median,[nH+]1ccc(cc1)c1ccnc(c1)c1cc(ccn1)c1ccncc1,"[17, 9]","[{'functional_group': 'iodo', 'smiles_inds': [22]}]",0.0
4,median,CC(C)C1(C)[NH+]=C([N-]C1=O)c1ncccc1C(=O)[O-],"[7, 11]","[{'functional_group': 'phosphonate', 'smiles_inds': [1]}]",0.0
4,median,CCOC(=O)c1ccc(nc1)c1ccc(cn1)C(=O)OCC,"[9, 16]","[{'functional_group': 'aldehyde', 'smiles_inds': [10]}]",0.0
4,median,COCC[P]([O-])(C(C)C)C(C)C,"[1, 5]",[],0.0
4,median,CSc1cccc(NC(=O)Nc2ccccn2)c1,[1],[],0.0
4,median,CC(C)(C)c1cc(C=NN=C([O-])Cc2ccccc2)c([O-])c(c1)C(C)(C)C,"[20, 8, 11]",[],0.0
4,median,c1ccc(cc1)c1ccn(n1)C(n1ccc(n1)c1ccccc1)n1ccc(n1)c1ccccc1,"[10, 16, 27]",[],0.0
4,median,CC1(C)COC(=N1)C(C)(C)P(c1ccccc1)c1ccccc1,"[10, 6]",[],0.0
4,median,[O-]c1ccccc1C=NC(c1ccccn1)(c1ccccn1)c1ccccn1,"[27, 8, 0]",[],0.0
4,median,CN1C(=O)C(=C(C)C(=C1[O-])N=Nc1cccc(OS(=O)(=O)c2ccccc2)c1)C#N,"[9, 11]",[],0.0
4,median,[NH3+]C12CNCCNCC([NH2+]CCCCCCCCCCCCC)(CNCCNC1)CNCCNC2,"[6, 3, 24, 27, 30, 33]","[{'functional_group': 'amino', 'smiles_inds': [28]}, {'functional_group': 'ethyl_ester', 'smiles_inds': [13]}, {'functional_group': 'ether', 'smiles_inds': [9]}]",0.0
4,median,CCCCCCOc1ccc(nc1)C1=CN(CN2C=C(N=N2)c2ccc(OCCCCCC)cn2)N=N1,"[36, 15]","[{'functional_group': 'phenyl', 'smiles_inds': [32]}]",0.0
4,median,NC(=NNC(=O)c1ccccc1Cl)c1ccccn1,"[18, 5, 2]",[],0.0
4,median,CCNC(=S)NN=CC1=CC=C(O1)N(=O)=O,"[6, 4]","[{'functional_group': 'tribromo', 'smiles_inds': [0]}]",0.0
4,top,CC1(C)COC(=N1)c1cc(Br)cc(n1)C1=NC(C)(C)CO1,"[13, 6, 15]",[],0.0
4,top,CC12CNCCNCC([NH2+]CC3=CSC=C3)(CNCCNC1)CNCCNC2,"[17, 26, 20, 6, 23, 3]","[{'functional_group': 'ethyl', 'smiles_inds': [18]}]",0.0
4,top,c1ccc(cc1)[C-]=C(c1ccccc1)c1ccccn1,"[19, 6]","[{'functional_group': 'chloro', 'smiles_inds': [9]}]",0.0
4,top,O=C(C1CCCCC1)N1C(C(N=C1c1ccccc1P(C1CCCCC1)C1CCCCC1)c1ccccc1)c1ccccc1,"[19, 11]","[{'functional_group': 'amide', 'smiles_inds': [20]}]",0.0
4,top,CC(C)C1(C)[NH+]=C([N-]C1=O)c1ncccc1C(=O)[O-],"[7, 11]","[{'functional_group': 'iodo', 'smiles_inds': [5]}, {'functional_group': 'chloro', 'smiles_inds': [2]}]",0.0
4,top,CCOC(=O)c1cc(nc2ccccc12)c1cc(C(=O)OCC)c2ccccc2n1,"[8, 29]",[],0.0
4,top,[nH+]1c2ccccc2nc2c1c1cccnc1c1ncccc21,"[14, 17]","[{'functional_group': '2-hydroxypyridine', 'smiles_inds': [5]}, {'functional_group': 'methyl_ester', 'smiles_inds': [19]}]",0.0
4,top,OC(=O)CN1N=Nc2ccccc12,[6],[],0.0
4,top,Cc1cc(C)c(N=C(C)c2cccc(n2)C2=NC(CO2)C(C)(C)C)c(C)c1,"[6, 14, 16]","[{'functional_group': 'phenyl', 'smiles_inds': [23]}, {'functional_group': 'carboxylate', 'smiles_inds': [18]}]",0.0
4,top,CC1=CC=C(O1)C=NNC(N)=S,"[11, 7]","[{'functional_group': 'carboxylate', 'smiles_inds': [2]}, {'functional_group': 'cyanimide', 'smiles_inds': [8]}, {'functional_group': 'ketone', 'smiles_inds': [3]}, {'functional_group': 'hydroxyl', 'smiles_inds': [6]}]",0.0
4,top,CCCc1ccc2cccnc2c1[O-],"[13, 10]",[],0.0
4,top,CCNC([S-])=NN=Cc1ccccc1O,"[4, 5]","[{'functional_group': 'carbonyl', 'smiles_inds': [9]}]",0.0
4,top,CC(C)N=C(Cc1cccc(C)c1[N-]C(CP(c1ccccc1)c1ccccc1)c1ccccc1)[N-]C(C)C,"[16, 13, 35]","[{'functional_group': '2-hydroxypyridine', 'smiles_inds': [22]}, {'functional_group': 'hydroxyl', 'smiles_inds': [1]}]",0.0
4,top,C1CCCCCCCP2CCCCCCCCCCCCCCP(CCCCCC1)CCCCCCCCCCCCCC2,"[8, 23]","[{'functional_group': 'ketone', 'smiles_inds': [13]}]",0.0
4,top,CC(=O)C([CH-]c1ccccn1)=C(C)[O-],"[13, 10, 4]","[{'functional_group': 'carboxyllic_acid', 'smiles_inds': [9]}]",0.0
4,top,NC(=O)CN(CC(N)=O)Cc1ccccc1,"[2, 8, 4]",[],0.0
4,top,CC1=C(C)C(=C(C)C1P(c1ccccc1)c1ccccc1)C,[8],[],0.0
4,top,COc1ccc(CNC(=S)NN=Cc2ccccn2)cc1,"[9, 11]","[{'functional_group': 'ethyl', 'smiles_inds': [6]}]",0.0
4,top,c1ccc(nc1)N(c1ccccn1)c1ccccn1,"[6, 12]",[],0.0
4,top,CC12CNCCNCC(CNCCNC1)(CNCCNC2)N(CC(=O)[O-])CC(=O)[O-],"[6, 3, 10, 13, 16, 19]","[{'functional_group': 'ketone', 'smiles_inds': [26]}]",0.0
5,bottom,CNC([S-])=NN=Cc1c(O)cc(OC)cc1OC,"[3, 5]",[],0.0
5,bottom,O=P(c1ccccc1)(c1ccccc1)c1cc2ccccc2c2ccccc12,[0],[],0.0
5,bottom,CCN(CC)C(=O)COc1c2Cc3cc(cc(Cc4cc(cc(Cc5cc(cc(Cc1cc(c2)C(C)(C)C)c5OCP(=O)(c1ccccc1)c1ccccc1)C(C)(C)C)c4OCC(=O)N(CC)CC)C(C)(C)C)c3OCP(=O)(c1ccccc1)c1ccccc1)C(C)(C)C,"[8, 6, 39, 60, 63, 74]",[],0.0
5,bottom,S=P(Cc1ccccc1[S-])(c1ccccc1)c1ccccc1,"[9, 0]","[{'functional_group': 'phenyl', 'smiles_inds': [6]}, {'functional_group': 'ketone', 'smiles_inds': [12]}]",0.0
5,bottom,CCCCN(CCP(c1ccccc1)c1ccccc1)CCP(c1ccccc1)c1ccccc1,"[7, 4, 22]","[{'functional_group': 'ethyl', 'smiles_inds': [30]}]",0.0
5,bottom,CC(C)C(N=Cc1ccc(Cl)c[c-]1)C(=O)[O-],"[15, 4, 12]","[{'functional_group': 'ethyl', 'smiles_inds': [11]}, {'functional_group': 'aldehyde', 'smiles_inds': [8]}, {'functional_group': 'carboxyl', 'smiles_inds': [3]}]",0.0
5,bottom,N1N=CC=C1C1=CC=CS1,[1],[],0.0
5,bottom,C(Oc1ccccc1C[Se]Cc1ccccc1OCc1ccccc1)c1ccccc1,[9],[],0.0
5,bottom,[nH+]1ccccc1C(c1ccccn1)c1ccccn1,"[18, 12]","[{'functional_group': 'carboxyl', 'smiles_inds': [11]}, {'functional_group': 'aldehyde', 'smiles_inds': [17]}, {'functional_group': 'carbonyl', 'smiles_inds': [9]}]",0.0
5,bottom,CCC1=C(C2=CSC(=N2)C([N-]c2c(cccc2C(C)C)C(C)C)c2ccccc2C(C)C)c2c(O1)cccc2C(=[N-])C(C)C,"[8, 40, 10]","[{'functional_group': 'carbonyl', 'smiles_inds': [35]}, {'functional_group': 'cyanimide', 'smiles_inds': [36]}, {'functional_group': 'methyl_ester', 'smiles_inds': [26]}]",0.0
5,bottom,CCCCP(C(C)(C)C)C(C)(C)C,[4],[],0.0
5,bottom,CCNC(=S)NN=CC1=CC=C(O1)N(=O)=O,"[6, 4]","[{'functional_group': '2-methylbenzoic_acid', 'smiles_inds': [10]}]",0.0
5,bottom,Nc1ncc(Br)cc1Br,[2],[],0.0
5,bottom,[NH3+]C12CNCCNCC([NH2+]CCCCCCCCCCCCC)(CNCCNC1)CNCCNC2,"[6, 3, 24, 27, 30, 33]","[{'functional_group': '2-methylbenzoic_acid', 'smiles_inds': [34]}, {'functional_group': 'phenyl', 'smiles_inds': [0]}, {'functional_group': '2-hydroxypyridine', 'smiles_inds': [23]}, {'functional_group': '2-methylbenzoic_acid', 'smiles_inds': [29]}, {'functional_group': 'phenyl', 'smiles_inds': [20]}, {'functional_group': '2-hydroxypyridine', 'smiles_inds': [31]}, {'functional_group': '2-methylbenzoic_acid', 'smiles_inds': [32]}, {'functional_group': 'carboxylate', 'smiles_inds': [28]}]",0.0
5,bottom,C(CN(Cc1nccc2ccccc12)Cc1nccc2ccccc12)N(Cc1nccc2ccccc12)Cc1nccc2ccccc12,"[2, 5, 16, 25, 28, 39]","[{'functional_group': 'phosphonate', 'smiles_inds': [0]}]",0.0
5,bottom,CSc1ccccc1P(c1ccccc1)c1ccccc1SC,"[21, 8]","[{'functional_group': 'thiol', 'smiles_inds': [13]}, {'functional_group': 'methyl_ester', 'smiles_inds': [17]}, {'functional_group': 'carbonyl', 'smiles_inds': [5]}]",0.0
5,bottom,O=C([N-]CCON(=O)=O)c1ccccn1,"[14, 2]","[{'functional_group': 'phenyl', 'smiles_inds': [10]}, {'functional_group': 'ethyl_ester', 'smiles_inds': [11]}, {'functional_group': 'ethyl_ester', 'smiles_inds': [12]}]",0.0
5,bottom,CN(C)c1ccc2C=C(C(=O)Oc2c1)C1=Nc2ccccc2S1,[15],"[{'functional_group': 'chloro', 'smiles_inds': [7]}]",0.0
5,bottom,CN1C=CN(CC(=O)[N-]c2ccccc2C2=Nc3ccccc3O2)[CH-]1,"[24, 16, 1]",[],0.0
5,bottom,CC(C)(C)C1=CC([N-]c2ccccc2C(F)(F)F)C(=O)C(=C1)C(C)(C)C,"[19, 7]","[{'functional_group': 'tribromo', 'smiles_inds': [5]}]",0.0
5,median,O=C(NCC(=O)[N-]c1ccccc1P(c1ccccc1)c1ccccc1)OCc1ccccc1,"[13, 6]",[],0.0
5,median,Brc1ccccc1P(c1ccccc1)c1ccccc1,"[0, 7]","[{'functional_group': 'carbonyl', 'smiles_inds': [18]}, {'functional_group': 'aldehyde', 'smiles_inds': [9]}]",0.0
5,median,CC(C)c1cccc(C(C)C)c1[N-]Cc1cccc(n1)C1=[C-]C=CS1,"[21, 19, 12]",[],0.0
5,median,CCCN(CCP(=Nc1ccc(OC)cc1)(c1ccccc1)c1ccccc1)CCP(=Nc1ccc(OC)cc1)(c1ccccc1)c1ccccc1,"[7, 31, 3]","[{'functional_group': 'trifluro', 'smiles_inds': [33]}]",0.0
5,median,O=C([O-])c1ccnc(n1)c1ccccn1,"[14, 6]","[{'functional_group': 'carboxyllic_acid', 'smiles_inds': [5]}]",0.0
5,median,CCCCN1C=NN(Cc2cccc(CN3N=CN(CCCC)C3=S)n2)C1=S,"[16, 25, 6]",[],0.0
5,median,OCC(N=Cc1cc(ccc1[O-])N(=O)=O)c1ccccc1,"[11, 0, 3]","[{'functional_group': 'aldehyde', 'smiles_inds': [6]}, {'functional_group': 'amide', 'smiles_inds': [20]}, {'functional_group': 'aldehyde', 'smiles_inds': [19]}]",0.0
5,median,ClC(c1ccccn1)[C-]1CC1,"[8, 7]","[{'functional_group': 'carbonyl', 'smiles_inds': [10]}]",0.0
5,median,c1cnc2c(c1)c1nc3c4cccnc4c4ncccc4c3nc1c1cccnc21,"[2, 28]","[{'functional_group': 'trifluro', 'smiles_inds': [27]}, {'functional_group': 'carboxylate', 'smiles_inds': [0]}]",0.0
5,median,CC12CNCN(CNC1)CC1(C)CNCC(CNC2)(CNC1)N(=O)=O,"[3, 17, 7, 5, 13, 20]","[{'functional_group': 'ether', 'smiles_inds': [19]}, {'functional_group': 'fluoro', 'smiles_inds': [4]}]",0.0
5,median,[NH3+]C12CNCCNCC([NH2+]Cc3ccccc3O)(CNCCNC1)CNCCNC2,"[6, 3, 19, 22, 25, 28]","[{'functional_group': 'amino', 'smiles_inds': [5]}, {'functional_group': '2-methylbenzoic_acid', 'smiles_inds': [24]}]",0.0
5,median,N1C=C(C=N1)C1=NC(=NN1)c1ccncc1,[4],"[{'functional_group': 'carbonyl', 'smiles_inds': [12]}]",0.0
5,median,CNC([S-])=NN=Cc1c([O-])c(C)ncc1CO,"[3, 9, 5]","[{'functional_group': 'cyano', 'smiles_inds': [15]}]",0.0
5,median,CCP(C)CC,[2],"[{'functional_group': 'bromo', 'smiles_inds': [4]}]",0.0
5,median,CC(C)c1cccc(C(C)C)c1N=C(C)c1cccc(C)n1,"[12, 21]",[],0.0
5,median,CC(C)(C)N[PH+](NC(C)(C)C)c1ccccc1,"[6, 4]","[{'functional_group': 'iodo', 'smiles_inds': [2]}]",0.0
5,median,COC1C(N=C)C(OC)C(N=C)C(OC)C1N=C,"[16, 4, 10]","[{'functional_group': 'carbonyl', 'smiles_inds': [12]}]",0.0
5,median,Cc1cc(Oc2ccccn2)[c-]c(Oc2ccccn2)c1,"[11, 10, 19]","[{'functional_group': 'trifluro', 'smiles_inds': [7]}, {'functional_group': 'trichloro', 'smiles_inds': [6]}]",0.0
5,median,COC(=O)C=CC,[3],[],0.0
5,median,c1ccc(cc1)P(c1ccccc1)c1ccccc1C1c2ccccc2c2ccccc12,[6],"[{'functional_group': '2-hydroxypyridine', 'smiles_inds': [30]}]",0.0
5,top,CC(C)(N)C[O-],"[5, 3]","[{'functional_group': 'hydroxyl', 'smiles_inds': [2]}]",0.0
5,top,CCN1C=NC(=C1C)C,[4],"[{'functional_group': 'tribromo', 'smiles_inds': [3]}, {'functional_group': 'ketone', 'smiles_inds': [7]}, {'functional_group': 'tribromo', 'smiles_inds': [8]}]",0.0
5,top,CC(C)(C)P(C1=NC=CN1P(c1ccccc1)c1ccccc1)C(C)(C)C,"[10, 4]","[{'functional_group': 'fluoro', 'smiles_inds': [8]}]",0.0
5,top,[Se]([Se]c1ccccc1)c1ccccc1,[0],[],0.0
5,top,O=C1C=CC(=O)N1c1ccc2C=NNc2c1,[12],"[{'functional_group': 'thiol', 'smiles_inds': [9]}, {'functional_group': 'cyanimide', 'smiles_inds': [15]}, {'functional_group': 'amino', 'smiles_inds': [2]}, {'functional_group': 'trifluro', 'smiles_inds': [3]}]",0.0
5,top,CC(=C)C(=C[N-]C(C)(C)C)[P-]P(=Nc1ccccc1)(c1ccccc1)c1ccccc1,"[5, 10, 12]","[{'functional_group': 'carboxyllic_acid', 'smiles_inds': [24]}]",0.0
5,top,FC(F)(F)c1ccc([O-])c(c1)P(c1ccccc1)c1ccccc1,"[11, 8]",[],0.0
5,top,CC1=N[N-]C(=C1)C=NCC(O)CN,"[3, 7, 12]","[{'functional_group': 'aldehyde', 'smiles_inds': [8]}]",0.0
5,top,CC(C)(C)C1=PC(=PS1)C(C)(C)C,[7],"[{'functional_group': 'amino', 'smiles_inds': [12]}, {'functional_group': 'hydroxyl', 'smiles_inds': [0]}]",0.0
5,top,CC12CNCN(CNC1)CC1(C)CNCC(CNC2)(CNC1)N(=O)=O,"[3, 17, 7, 5, 13, 20]","[{'functional_group': 'methyl_ester', 'smiles_inds': [8]}]",0.0
5,top,O=C([N-]CCON(=O)=O)c1ccccn1,"[14, 2]","[{'functional_group': 'hydroxyl', 'smiles_inds': [3]}]",0.0
5,top,Cc1ccc([NH+]=Cc2ccccc2[O-])cc1,[13],[],0.0
5,top,[O-]C(=NN=C(c1ccccn1)c1ccccn1)c1ccccc1,"[10, 3, 0]","[{'functional_group': 'cyanimide', 'smiles_inds': [12]}]",0.0
5,top,NNc1[c-]cccc1N(=O)=O,"[0, 3]","[{'functional_group': 'aldehyde', 'smiles_inds': [6]}, {'functional_group': 'amide', 'smiles_inds': [4]}, {'functional_group': 'ketone', 'smiles_inds': [5]}]",0.0
5,top,[NH3+]C12CNCCNCC([NH2+]CCCCCCCCCCCCC)(CNCCNC1)CNCCNC2,"[6, 3, 24, 27, 30, 33]","[{'functional_group': 'carbonyl', 'smiles_inds': [15]}, {'functional_group': 'phenyl', 'smiles_inds': [26]}, {'functional_group': 'phosphonate', 'smiles_inds': [19]}]",0.0
5,top,[O-]C(=CC(=NCCSC1CCCCC1)c1ccccc1)c1ccccc1,"[7, 4, 0]","[{'functional_group': '2-hydroxypyridine', 'smiles_inds': [16]}]",0.0
5,top,CS(=O)c1ccccc1,[2],[],0.0
5,top,[NH3+]C12CNCCNCC([NH2+]CCCCCCCCCCCCC)(CNCCNC1)CNCCNC2,"[6, 3, 24, 27, 30, 33]","[{'functional_group': '2-methylbenzoic_acid', 'smiles_inds': [34]}, {'functional_group': 'phenyl', 'smiles_inds': [0]}, {'functional_group': '2-hydroxypyridine', 'smiles_inds': [23]}, {'functional_group': '2-methylbenzoic_acid', 'smiles_inds': [29]}, {'functional_group': 'phenyl', 'smiles_inds': [20]}, {'functional_group': 'ketone', 'smiles_inds': [13]}, {'functional_group': 'ethyl_ester', 'smiles_inds': [17]}, {'functional_group': '2-methylbenzoic_acid', 'smiles_inds': [9]}]",0.0
5,top,O=C(c1ccccn1)c1ccccn1,"[13, 7]","[{'functional_group': 'thiol', 'smiles_inds': [11]}, {'functional_group': 'carbonyl', 'smiles_inds': [10]}, {'functional_group': 'bromo', 'smiles_inds': [3]}]",0.0
5,top,O=P(C1=CN(N=N1)c1ccccc1)(C1=CN(N=N1)c1ccccc1)C1=CN(N=N1)c1ccccc1,"[6, 17]",[],0.0
6,bottom,[NH3+]C12CNCCNCC([NH2+]CCCCCCCCCCCCC)(CNCCNC1)CNCCNC2,"[6, 3, 24, 27, 30, 33]","[{'functional_group': '2-methylbenzoic_acid', 'smiles_inds': [34]}, {'functional_group': 'phenyl', 'smiles_inds': [0]}, {'functional_group': '2-hydroxypyridine', 'smiles_inds': [23]}, {'functional_group': 'bromo', 'smiles_inds': [11]}]",0.0
6,bottom,CC(C)([S-])CNCC[O-],"[3, 8, 5]",[],0.0
6,bottom,CN(C)C=C1C=CC(=N1)C1([O-])c2ccccc2c2ccccc12,"[10, 8]","[{'functional_group': 'carboxyllic_acid', 'smiles_inds': [15]}, {'functional_group': 'carbonyl', 'smiles_inds': [12]}, {'functional_group': 'amide', 'smiles_inds': [6]}]",0.0
6,bottom,[O-]c1ccc2ccccc2c1C1=NNC=C1,"[0, 12]","[{'functional_group': 'trifluro', 'smiles_inds': [15]}]",0.0
6,bottom,CC(C)c1ccc(cc1)N=P(c1ccccc1)(c1ccccc1)c1cccc2c1Oc1c2cccc1P(=Nc1ccc(cc1)C(C)C)(c1ccccc1)c1ccccc1,"[29, 9, 37]","[{'functional_group': 'chloro', 'smiles_inds': [24]}]",0.0
6,bottom,C[Ge](C)(Cl)[P](NC(C)(C)C)(NC(C)(C)C)c1ccccc1,"[5, 10]","[{'functional_group': 'ketone', 'smiles_inds': [9]}]",0.0
6,bottom,CC1(C)NC1(CC=C)c1ccccc1,[3],"[{'functional_group': 'methyl', 'smiles_inds': [7]}]",0.0
6,bottom,NNC(=O)c1cc[nH+]cc1,"[0, 3]",[],0.0
6,bottom,COC(=O)NC1=Nc2cc(ccc2N1)C(=O)c1ccccc1,[6],[],0.0
6,bottom,[NH3+]C12CNCCNCC([NH2+]CCCCCCCCCCCCC)(CNCCNC1)CNCCNC2,"[6, 3, 24, 27, 30, 33]","[{'functional_group': '2-methylbenzoic_acid', 'smiles_inds': [34]}, {'functional_group': 'amino', 'smiles_inds': [31]}]",0.0
6,bottom,[NH3+]C12CNCCNCC([NH2+]CCCCCCCCCCCCC)(CNCCNC1)CNCCNC2,"[6, 3, 24, 27, 30, 33]","[{'functional_group': '2-methylbenzoic_acid', 'smiles_inds': [34]}, {'functional_group': 'phenyl', 'smiles_inds': [0]}, {'functional_group': '2-hydroxypyridine', 'smiles_inds': [23]}, {'functional_group': 'methyl_ester', 'smiles_inds': [32]}, {'functional_group': 'methyl_ester', 'smiles_inds': [22]}, {'functional_group': 'amino', 'smiles_inds': [17]}]",0.0
6,bottom,c1ccc(cc1)[C-]=Cc1ccccc1c1ccccn1,"[19, 6]","[{'functional_group': 'iodo', 'smiles_inds': [4]}, {'functional_group': 'phenyl', 'smiles_inds': [7]}]",0.0
6,bottom,NCCN=C(c1ccccc1)c1ccccn1,"[16, 3, 0]",[],0.0
6,bottom,[NH3+]C12CNCCSCC(CO)(CSCCNC1)CSCCNC2,"[6, 12, 18, 3, 15, 21]","[{'functional_group': 'chloro', 'smiles_inds': [9]}, {'functional_group': 'thiol', 'smiles_inds': [13]}]",0.0
6,bottom,[NH3+]C12CNCCNCC([NH2+]CCCCCCCCCCCCC)(CNCCNC1)CNCCNC2,"[6, 3, 24, 27, 30, 33]","[{'functional_group': 'aldehyde', 'smiles_inds': [26]}, {'functional_group': 'ketone', 'smiles_inds': [29]}]",0.0
6,bottom,N1[B-]N(c2ccccn2)c2ccccc12,"[2, 1]",[],0.0
6,bottom,Cc1ccc(cc1)S(C)=O,[7],"[{'functional_group': 'chloro', 'smiles_inds': [6]}, {'functional_group': 'hydroxyl', 'smiles_inds': [3]}]",0.0
6,bottom,CC([O-])=CC(C)=NC1CCCCC1,"[6, 2]",[],0.0
6,bottom,CC(C)c1cccc(C(C)C)c1N=C1CCCc2cc3ccccc3nc12,"[12, 25]","[{'functional_group': 'cyanimide', 'smiles_inds': [10]}]",0.0
6,bottom,CC(C)c1cccc(C(C)C)c1N=Cc1nc2ccccc2c2ncccc12,"[15, 12]","[{'functional_group': '2-methylbenzoic_acid', 'smiles_inds': [18]}]",0.0
6,median,Clc1ccc([O-])c(C=NN=C([O-])c2ccccc2)c1,"[8, 5, 11]","[{'functional_group': 'ketone', 'smiles_inds': [15]}]",0.0
6,median,CC1CCC(C(C)C)C([O-])(C1)c1cccc(n1)C1([O-])CC(C)CCC1C(C)C,"[9, 18, 16]",[],0.0
6,median,Cc1cc(Oc2ccccn2)[c-]c(Oc2ccccn2)c1,"[11, 10, 19]","[{'functional_group': 'thiol', 'smiles_inds': [2]}]",0.0
6,median,COC(=O)c1ccccc1N=Cc1ccccn1,"[3, 17, 10]","[{'functional_group': 'ketone', 'smiles_inds': [13]}, {'functional_group': 'trifluro', 'smiles_inds': [15]}, {'functional_group': 'ether', 'smiles_inds': [11]}]",0.0
6,median,CC(Cc1ccccc1)NO,[9],[],0.0
6,median,Nc1ncc(cn1)c1ccc(nc1)c1ccccn1,"[11, 18]","[{'functional_group': 'phosphonate', 'smiles_inds': [9]}, {'functional_group': 'carbonyl', 'smiles_inds': [16]}, {'functional_group': '2-methylbenzoic_acid', 'smiles_inds': [3]}]",0.0
6,median,Cc1cc(C)c(c(C)c1)c1ccccc1P(C(C)(C)C)C(C)(C)C,[15],[],0.0
6,median,CC12CNCN(CNC1)CC1(C)CNCC(CNC2)(CNC1)N(=O)=O,"[3, 17, 7, 5, 13, 20]","[{'functional_group': 'ethyl', 'smiles_inds': [6]}, {'functional_group': 'cyanimide', 'smiles_inds': [16]}]",0.0
6,median,CC(C)(C)[Si](C)(C)N[Si]1(N([Si](C)(C)C(C)(C)C)[Si](N[Si](C)(C)C(C)(C)C)(N1[Si](C)(C)C(C)(C)C)C(C)(C)C)C(C)(C)C,"[7, 18]",[],0.0
6,median,CN1c2ccccc2N=C1c1cnc(C)cn1,"[12, 8]","[{'functional_group': 'ethyl', 'smiles_inds': [3]}, {'functional_group': 'aldehyde', 'smiles_inds': [4]}]",0.0
6,median,OCCOCC(=O)[O-],"[7, 3]","[{'functional_group': 'hydroxyl', 'smiles_inds': [0]}, {'functional_group': 'carboxylate', 'smiles_inds': [1]}]",0.0
6,median,c1ccc2nc3ccccc3nc2c1,[11],"[{'functional_group': 'carboxyl', 'smiles_inds': [2]}]",0.0
6,median,Oc1ccc(CCN=Cc2ccccn2)cc1,"[7, 14]","[{'functional_group': 'ether', 'smiles_inds': [2]}]",0.0
6,median,Oc1ccccc1C(=O)NN=Cc1ccccc1[O-],"[18, 8, 10]","[{'functional_group': 'fluoro', 'smiles_inds': [16]}]",0.0
6,median,CN(C)c1ccccc1CC([O-])=Nc1ccccc1,"[12, 11]",[],0.0
6,median,OCP(CO)c1ccccc1,[2],"[{'functional_group': 'phosphonate', 'smiles_inds': [3]}, {'functional_group': 'bromo', 'smiles_inds': [6]}]",0.0
6,median,O=C(N=C(Nc1ccccc1)c1ccccn1)c1ccccn1,"[22, 0]","[{'functional_group': 'thiol', 'smiles_inds': [20]}, {'functional_group': 'trichloro', 'smiles_inds': [7]}]",0.0
6,median,CSCC(F)(F)SC,"[6, 1]","[{'functional_group': 'trichloro', 'smiles_inds': [7]}]",0.0
6,median,C[Si](C)(C)[N-]c1ccccc1P(c1ccccc1)c1ccccc1,"[4, 11]",[],0.0
6,median,[NH3+]C12CNCCNCC([NH2+]CCCCCCCCCCCCC)(CNCCNC1)CNCCNC2,"[6, 3, 24, 27, 30, 33]","[{'functional_group': '2-methylbenzoic_acid', 'smiles_inds': [34]}, {'functional_group': 'phenyl', 'smiles_inds': [0]}, {'functional_group': '2-hydroxypyridine', 'smiles_inds': [23]}, {'functional_group': '2-hydroxypyridine', 'smiles_inds': [2]}, {'functional_group': 'amide', 'smiles_inds': [29]}, {'functional_group': 'phosphonate', 'smiles_inds': [31]}]",0.0
6,top,COCCP1CCCP(CCCP(CCC1)CCOC)CCOC,"[4, 12, 8]","[{'functional_group': 'bromo', 'smiles_inds': [16]}]",0.0
6,top,CN(C)P1Oc2ccc3ccccc3c2c2c(O1)ccc1ccccc21,[3],"[{'functional_group': 'cyano', 'smiles_inds': [18]}]",0.0
6,top,Clc1cc(Cl)c([O-])c(C=Nc2ccccc2)c1,"[6, 9]","[{'functional_group': 'ethyl', 'smiles_inds': [16]}]",0.0
6,top,CC(=O)C=C(C)[N-]C(=O)c1ccccn1,"[14, 6]","[{'functional_group': 'methyl', 'smiles_inds': [3]}, {'functional_group': 'phenyl', 'smiles_inds': [5]}]",0.0
6,top,CC(C)c1nn(B(n2nc(C(C)C)c(Br)c2C(C)C)n2nc(C(C)C)c(Br)c2C(C)C)c(C(C)C)c1Br,"[4, 8]",[],0.0
6,top,CN(C)CCNCCC(N)=O,"[10, 1, 5]",[],0.0
6,top,CC(NCC(=O)[O-])C(C)=N[O-],"[2, 6, 9]","[{'functional_group': 'carboxyl', 'smiles_inds': [3]}]",0.0
6,top,COc1ccc([Te]CC(Cc2ccccc2)N=Cc2ccccc2[O-])cc1,"[6, 24, 16]","[{'functional_group': 'phosphonate', 'smiles_inds': [4]}, {'functional_group': 'aldehyde', 'smiles_inds': [20]}]",0.0
6,top,Cc1cc(c2cc(F)cc(F)c2)c(N=C2c3cccc4cccc(C2=Nc2c(cc(C)cc2c2cc(F)cc(F)c2)c2cc(F)cc(F)c2)c34)c(c1)c1cc(F)cc(F)c1,"[25, 13]",[],0.0
6,top,COc1ccc(cc1)N1CP(CCP(C1)c1ccccc1)c1ccccc1,"[10, 13]","[{'functional_group': 'cyano', 'smiles_inds': [11]}, {'functional_group': '2-methylbenzoic_acid', 'smiles_inds': [23]}]",0.0
6,top,[O-]c1ccccc1C=NCCN1C=CN(Cc2ccccc2)[CH-]1,"[0, 8, 22]","[{'functional_group': 'cyanimide', 'smiles_inds': [5]}]",0.0
6,top,CNCc1cccc(CNC)n1,"[1, 9, 11]",[],0.0
6,top,O(c1ccccc1)c1ccnc2ccccc12,[10],"[{'functional_group': 'aldehyde', 'smiles_inds': [5]}]",0.0
6,top,NC(=N)c1ccccn1,"[2, 8]",[],0.0
6,top,C(CN(Cc1nccc2ccccc12)Cc1nccc2ccccc12)N(Cc1nccc2ccccc12)Cc1nccc2ccccc12,"[2, 5, 16, 25, 28, 39]","[{'functional_group': 'ether', 'smiles_inds': [43]}]",0.0
6,top,CCC1=NN=C(CC)N1N,[4],"[{'functional_group': 'carboxyllic_acid', 'smiles_inds': [0]}, {'functional_group': 'trichloro', 'smiles_inds': [9]}]",0.0
6,top,CC(C)(C)c1cc2C=NCCN=Cc3cc(cc(C=NCCN=Cc(c1)n2)n3)C(C)(C)C,"[8, 26, 22, 19, 27, 11]","[{'functional_group': 'ether', 'smiles_inds': [25]}]",0.0
6,top,[NH3+]C12CNCCNCC([NH2+]CCCCCCCCCCCCC)(CNCCNC1)CNCCNC2,"[6, 3, 24, 27, 30, 33]","[{'functional_group': 'phenyl', 'smiles_inds': [23]}]",0.0
6,top,Clc1ccc([O-])c(C=NN=C([S-])c2ccccc2)c1,"[11, 5, 8]","[{'functional_group': 'phosphonate', 'smiles_inds': [3]}]",0.0
6,top,O=C([O-])CC1=NN=NN1,"[2, 5]","[{'functional_group': 'tribromo', 'smiles_inds': [8]}]",0.0
7,bottom,O=C1NN=C([O-])c2ncccc12,"[7, 5]",[],0.0
7,bottom,N#CC1=CC=CN1P(c1ccccc1)c1ccccc1,[7],[],0.0
7,bottom,Nc1ncnc2N(Cc3ccc(nc3)c3ccccn3)C=Nc12,"[4, 19]",[],0.0
7,bottom,N(N=NC1=NN=N[N-]1)C1=NN=N[N-]1,"[1, 12, 7]","[{'functional_group': 'chloro', 'smiles_inds': [0]}]",0.0
7,bottom,CC(C)(C)CN1C2CCCCC2N(CC(C)(C)C)P1c1ccccc1,[18],[],0.0
7,bottom,CCOC(=O)c1ccc(nc1)c1ccc(cn1)C(=O)OCC,"[9, 16]","[{'functional_group': 'bromo', 'smiles_inds': [13]}, {'functional_group': 'chloro', 'smiles_inds': [6]}, {'functional_group': 'ethyl', 'smiles_inds': [21]}]",0.0
7,bottom,Cc1cc(C)c(c(C)c1)[Ge]([C-]=CC(C)(C)C)(N(C=O)c1ccccc1)c1c(C)cc(C)cc1C,"[18, 10]","[{'functional_group': '2-hydroxypyridine', 'smiles_inds': [8]}, {'functional_group': 'ketone', 'smiles_inds': [2]}]",0.0
7,bottom,N(N=NC1=NN=N[N-]1)C1=NN=N[N-]1,"[1, 12, 7]","[{'functional_group': 'methyl_ester', 'smiles_inds': [0]}]",0.0
7,bottom,CC(=O)c1cncc(c1)C(C)=O,[5],"[{'functional_group': 'aldehyde', 'smiles_inds': [8]}]",0.0
7,bottom,CC(C)N1C=CN(Cc2cccc(CC3=CN=C(C(C)C)N3[S-])n2)C1=S,"[22, 25, 3]",[],0.0
7,bottom,COC(=O)C[CH2-],"[3, 5]","[{'functional_group': 'tribromo', 'smiles_inds': [0]}]",0.0
7,bottom,[O-]c1ccccc1C=Nc1ccccc1[O-],"[15, 0, 8]",[],0.0
7,bottom,[NH3+]C12CNCCNCC([NH2+]CCCCCCCCCCCCC)(CNCCNC1)CNCCNC2,"[6, 3, 24, 27, 30, 33]","[{'functional_group': 'carboxylate', 'smiles_inds': [16]}, {'functional_group': 'hydroxyl', 'smiles_inds': [19]}]",0.0
7,bottom,c1ccc(cc1)c1c2ccccc2cnc1c1cccc[c-]1,"[14, 21]","[{'functional_group': 'tribromo', 'smiles_inds': [5]}, {'functional_group': 'phenyl', 'smiles_inds': [20]}]",0.0
7,bottom,NCc1cccc(N)c1,[0],[],0.0
7,bottom,N1C2=NON=C2NC2=NON=C12,[2],"[{'functional_group': 'amino', 'smiles_inds': [6]}]",0.0
7,bottom,CSC([CH2-])CP(C(C)C)C(C)C,"[5, 1, 3]",[],0.0
7,bottom,Cc1cccc(C)c1N=CC1=C(CCC1)P(C1CCCCC1)C1CCCCC1,"[15, 8]",[],0.0
7,bottom,FC(F)(F)[C-]=NC(=N)C(F)(F)F,"[4, 7]",[],0.0
7,bottom,COP1Oc2cccc3cccc(O1)c23,[2],"[{'functional_group': 'methyl', 'smiles_inds': [7]}]",0.0
7,median,CC(C)N1C=NC(=C1c1ccccc1)c1cccc[c-]1,"[5, 19]",[],0.0
7,median,CC(=[N-])N1N=C(C)C=C1C,"[3, 4]","[{'functional_group': 'amino', 'smiles_inds': [9]}, {'functional_group': 'trifluro', 'smiles_inds': [7]}]",0.0
7,median,NCC(=O)[N-]C(CC1=CNc2ccccc12)C(=O)[O-],"[18, 0, 4]","[{'functional_group': 'tribromo', 'smiles_inds': [6]}]",0.0
7,median,ClCCP(c1ccccc1)c1ccccc1,"[3, 0]","[{'functional_group': 'fluoro', 'smiles_inds': [11]}, {'functional_group': '2-methylbenzoic_acid', 'smiles_inds': [13]}, {'functional_group': 'carboxyl', 'smiles_inds': [1]}]",0.0
7,median,Cc1ccc(N=CC=Nc2ccc(C)cc2C)c(C)c1,"[8, 5]",[],0.0
7,median,COC(=O)[C-]1C(c2ccccc2CN(C)C)C1(C)C,"[13, 4]","[{'functional_group': 'tribromo', 'smiles_inds': [17]}]",0.0
7,median,COC(=O)N(C)C(c1ccccc1)C(=O)C1=NC=CN1c1ccccc1C,"[14, 16]",[],0.0
7,median,c1ccc(cc1)c1cc(ncn1)c1cc(ncn1)c1ccccc1,"[9, 17]",[],0.0
7,median,[NH3+]C12CNCCNCC([NH2+]CCCCCCCCCCCCC)(CNCCNC1)CNCCNC2,"[6, 3, 24, 27, 30, 33]","[{'functional_group': 'aldehyde', 'smiles_inds': [17]}, {'functional_group': 'aldehyde', 'smiles_inds': [21]}]",0.0
7,median,CN(C)P(C)C(c1ccccc1)(c1ccccc1)c1ccccc1,[3],"[{'functional_group': 'ketone', 'smiles_inds': [15]}, {'functional_group': 'phenyl', 'smiles_inds': [9]}]",0.0
7,median,Cc1cccc(n1)[As](c1cccc(C)n1)c1cccc(C)n1,"[14, 21]",[],0.0
7,median,COc1ccccc1P(c1ccccc1OC)c1ccccc1[N-]S(=O)(=O)c1ccc(C)cc1,"[8, 23]","[{'functional_group': 'carboxylate', 'smiles_inds': [3]}]",0.0
7,median,C(CN(Cc1nccc2ccccc12)Cc1nccc2ccccc12)N(Cc1nccc2ccccc12)Cc1nccc2ccccc12,"[2, 5, 16, 25, 28, 39]","[{'functional_group': 'aldehyde', 'smiles_inds': [20]}, {'functional_group': 'aldehyde', 'smiles_inds': [35]}, {'functional_group': 'amino', 'smiles_inds': [32]}, {'functional_group': 'phosphonate', 'smiles_inds': [26]}]",0.0
7,median,CC(C)[Si](NCCCN[Si](C(C)C)(C(C)C)C(C)C)(C(C)C)C(C)C,"[4, 8]",[],0.0
7,median,CC(C)C(C)=NN(C)c1ccccc1,[5],"[{'functional_group': 'thiol', 'smiles_inds': [12]}, {'functional_group': 'ether', 'smiles_inds': [2]}]",0.0
7,median,Cc1cc(C=O)c([O-])c(C=Nc2ccccc2N=Nc2ccccc2)c1,"[17, 10, 7]","[{'functional_group': 'trichloro', 'smiles_inds': [22]}]",0.0
7,median,Cc1cc(C)c(c(C)c1)C1=C(P(C2CCCCC2)C2CCCCC2)c2ccccc2C1,[11],"[{'functional_group': 'trifluro', 'smiles_inds': [8]}]",0.0
7,median,CC(C)(C)c1ccc(cc1)C([O-])(c1ccc(cc1)C(C)(C)C)c1ccccn1,"[11, 27]","[{'functional_group': 'carboxyllic_acid', 'smiles_inds': [13]}]",0.0
7,median,O=C([O-])CN(CCN(CC(=O)[O-])Cc1ccccc1[O-])Cc1ccccn1,"[11, 2, 19, 7, 4, 26]","[{'functional_group': 'fluoro', 'smiles_inds': [25]}]",0.0
7,median,ONC(=O)c1ccc(cc1)C(=O)[O-],"[3, 0]",[],0.0
7,top,C(COCCOCCOc1ccccc1[As]1c2ccccc2c2ccccc12)OCCOCCOc1ccccc1[As]1c2ccccc2c2ccccc12,"[15, 41]","[{'functional_group': 'hydroxyl', 'smiles_inds': [43]}]",0.0
7,top,C=CCCCCCCCCCP(CCCCCCCCCC=C)CCCCCCCCCC=C,[11],"[{'functional_group': 'methyl', 'smiles_inds': [18]}, {'functional_group': 'ketone', 'smiles_inds': [25]}, {'functional_group': 'phenyl', 'smiles_inds': [6]}]",0.0
7,top,CN(C)C=O,[4],[],0.0
7,top,N1C2=CC=C1C(=C1NC(=C(C3=CC=C(N3)C(=C3NC(=C2c2cc[nH+]cc2)C=C3)c2ccncc2)c2ccncc2)C=C1)c1ccncc1,[31],"[{'functional_group': 'ether', 'smiles_inds': [44]}]",0.0
7,top,CNC([S-])=NN=C(C)c1cc(OC)ccc1[O-],"[3, 16, 5]","[{'functional_group': 'carboxylate', 'smiles_inds': [1]}]",0.0
7,top,COCCN(CCOC)Cc1cc(C)cc(C)c1[O-],"[18, 1, 4]","[{'functional_group': 'carboxylate', 'smiles_inds': [2]}]",0.0
7,top,N(Nc1ccccn1)Nc1ccccn1,"[7, 0, 14]","[{'functional_group': 'carboxyllic_acid', 'smiles_inds': [10]}]",0.0
7,top,[NH3+]C12CNCCNCC([NH2+]Cc3ccccc3O)(CNCCNC1)CNCCNC2,"[6, 3, 19, 22, 25, 28]","[{'functional_group': '2-hydroxypyridine', 'smiles_inds': [15]}]",0.0
7,top,c1ccc2nc(ccc2c1)c1ccc2ccccc2n1,"[19, 4]","[{'functional_group': 'carboxylate', 'smiles_inds': [1]}]",0.0
7,top,COc1cccc2ccc[c-]c12,"[1, 10]","[{'functional_group': 'cyanimide', 'smiles_inds': [3]}]",0.0
7,top,Cc1ccc(cc1)C=C(P(c1ccccc1)c1ccccc1)c1ccc(C)cc1,[9],[],0.0
7,top,N#CCN=P(CCP(c1ccccc1)c1ccccc1)(c1ccccc1)c1ccccc1,"[7, 3]","[{'functional_group': 'trifluro', 'smiles_inds': [10]}]",0.0
7,top,C(CN(Cc1nccc2ccccc12)Cc1nccc2ccccc12)N(Cc1nccc2ccccc12)Cc1nccc2ccccc12,"[2, 5, 16, 25, 28, 39]","[{'functional_group': '2-methylbenzoic_acid', 'smiles_inds': [12]}, {'functional_group': 'phenyl', 'smiles_inds': [0]}, {'functional_group': '2-methylbenzoic_acid', 'smiles_inds': [41]}, {'functional_group': 'methyl_ester', 'smiles_inds': [44]}]",0.0
7,top,C1CC[Se]C1,[3],"[{'functional_group': 'carboxyllic_acid', 'smiles_inds': [0]}]",0.0
7,top,Cc1cc(C)c(N=C(C)c2cccc(CP(C(C)(C)C)C(C)(C)C)n2)c(C)c1,"[15, 24, 6]",[],0.0
7,top,O=C1c2cccc3cccc(C1=Nc1ccccc1)c23,"[0, 12]","[{'functional_group': 'carbonyl', 'smiles_inds': [9]}, {'functional_group': 'ether', 'smiles_inds': [17]}]",0.0
7,top,C1COC(CP(c2ccccc2)c2ccccc2)O1,[5],"[{'functional_group': 'ether', 'smiles_inds': [0]}, {'functional_group': 'cyanimide', 'smiles_inds': [8]}]",0.0
7,top,NC1CC(O)C(O)CC1N,"[0, 9]",[],0.0
7,top,Cc1cc(C=NN=C([O-])C(C)(C)C)c([O-])c(c1)C(O)=O,"[14, 5, 8]","[{'functional_group': 'methyl', 'smiles_inds': [16]}, {'functional_group': 'trifluro', 'smiles_inds': [11]}]",0.0
7,top,CC(C=NNC(=O)Nc1ccccc1)=NNC(=O)Nc1ccccc1,"[17, 14, 3]","[{'functional_group': 'carbonyl', 'smiles_inds': [21]}]",0.0
8,bottom,Cc1ccnc(c1)[N-]Cc1ccccc1,"[7, 4]",[],0.0
8,bottom,[NH3+]C12CNCCNCC([NH2+]CCCCCCCCCCCCC)(CNCCNC1)CNCCNC2,"[6, 3, 24, 27, 30, 33]","[{'functional_group': '2-methylbenzoic_acid', 'smiles_inds': [34]}, {'functional_group': 'phenyl', 'smiles_inds': [0]}, {'functional_group': '2-hydroxypyridine', 'smiles_inds': [23]}, {'functional_group': '2-methylbenzoic_acid', 'smiles_inds': [29]}, {'functional_group': 'phenyl', 'smiles_inds': [20]}, {'functional_group': '2-hydroxypyridine', 'smiles_inds': [31]}, {'functional_group': '2-methylbenzoic_acid', 'smiles_inds': [32]}, {'functional_group': 'ethyl', 'smiles_inds': [22]}, {'functional_group': 'amide', 'smiles_inds': [26]}, {'functional_group': 'ethyl_ester', 'smiles_inds': [18]}, {'functional_group': 'phenyl', 'smiles_inds': [28]}, {'functional_group': 'thiol', 'smiles_inds': [2]}, {'functional_group': 'phenyl', 'smiles_inds': [25]}, {'functional_group': 'tribromo', 'smiles_inds': [21]}]",0.0
8,bottom,O=C([O-])C1CC[NH2+]CC1,[2],[],0.0
8,bottom,CC(C)(C)c1ccc(cc1)C(=O)NN,[13],[],0.0
8,bottom,CPc1c(C)cc(C)cc1C,[1],[],0.0
8,bottom,CC1(C)C2=CC=C(N2)C2(C)CN3C=C(COCCOCCOCCOCC4=CN(CC(C)(C5=CC=C1N5)C1=CC=C(N1)C(C)(C)C1=CC=C2N1)N=N4)N=N3,[52],[],0.0
8,bottom,CC1(C)COP(OC1)O[Si](C)(C)OP1OCC(C)(C)CO1,"[5, 13]",[],0.0
8,bottom,COc1ccc(cc1)C1=C(Cc2ccccc2)N=C(N=C([O-])c2ccccc2F)N1C,"[21, 17]","[{'functional_group': 'cyanimide', 'smiles_inds': [23]}, {'functional_group': 'methyl_ester', 'smiles_inds': [6]}]",0.0
8,bottom,CCCCc1ccc(cc1)N1C(=NC(=C1c1ccccc1)c1ccccc1)c1ccccc1[O-],"[33, 12]","[{'functional_group': 'fluoro', 'smiles_inds': [31]}, {'functional_group': 'hydroxyl', 'smiles_inds': [20]}]",0.0
8,bottom,O=C(NCC1=CC=CS1)c1ccccn1,"[14, 0]","[{'functional_group': 'cyanimide', 'smiles_inds': [5]}]",0.0
8,bottom,C1CCC2(C1)COP(CCP1OCC3(CCCC3)CO1)OC2,"[7, 10]",[],0.0
8,bottom,S=C1NC(CS1)Cc1ccccc1,[0],[],0.0
8,bottom,NC1CCCCCC1,[0],"[{'functional_group': 'amide', 'smiles_inds': [3]}, {'functional_group': 'fluoro', 'smiles_inds': [6]}]",0.0
8,bottom,CNC([S-])=NN=Cc1cc(Cl)ccc1[O-],"[5, 14, 3]","[{'functional_group': 'aldehyde', 'smiles_inds': [6]}, {'functional_group': 'carboxylate', 'smiles_inds': [1]}]",0.0
8,bottom,CC1(C)N=C(c2ccccn2)C(C)(C)N1O,"[10, 3]",[],0.0
8,bottom,O=C(NC(=S)Nc1cnccn1)c1ccccc1,"[4, 11]","[{'functional_group': 'ethyl', 'smiles_inds': [14]}]",0.0
8,bottom,COc1ccccc1[N-]c1ccccc1N1C=CC=N1,"[1, 19, 8]",[],0.0
8,bottom,CC(C)c1cc2ccccc2nc1c1nc2ccccc2c[c-]1,"[11, 22]","[{'functional_group': 'iodo', 'smiles_inds': [4]}]",0.0
8,bottom,CC(C)(C)P1CCCP(C1)C(C)(C)C,"[8, 4]","[{'functional_group': 'fluoro', 'smiles_inds': [3]}]",0.0
8,bottom,Cc1cccnc1P(=O)([O-])c1ccccc1,"[9, 5]","[{'functional_group': 'iodo', 'smiles_inds': [3]}]",0.0
8,median,CON=C1NC=NC2=C1N=CN2Cc1ccccn1,"[6, 11]",[],0.0
8,median,CCC(CO)N=Cc1cccc(C=NC(CC)CO)n1,"[5, 19, 13]",[],0.0
8,median,[NH3+]C12CNCCNCC([NH2+]CCCCCCCCCCCCC)(CNCCNC1)CNCCNC2,"[6, 3, 24, 27, 30, 33]","[{'functional_group': '2-methylbenzoic_acid', 'smiles_inds': [20]}]",0.0
8,median,[CH2-]CCOc1ccccc1,"[0, 3]","[{'functional_group': 'phenyl', 'smiles_inds': [8]}, {'functional_group': 'iodo', 'smiles_inds': [2]}]",0.0
8,median,O=C(NNC(=S)Nc1ccccc1)c1ccccc1,[5],[],0.0
8,median,COc1ccc(C=NCC2CCC3CC2C3(C)C)[c-]c1,"[7, 18]","[{'functional_group': 'phosphonate', 'smiles_inds': [9]}]",0.0
8,median,CN([C-]=O)c1ccccn1,"[9, 2]","[{'functional_group': 'cyanimide', 'smiles_inds': [7]}]",0.0
8,median,[NH3+]C12CNCCNCC([NH2+]CCCCCCCCCCCCC)(CNCCNC1)CNCCNC2,"[6, 3, 24, 27, 30, 33]","[{'functional_group': 'bromo', 'smiles_inds': [22]}, {'functional_group': 'hydroxyl', 'smiles_inds': [28]}]",0.0
8,median,CCC1=NN(P=C1C)[Si](C)(C)N1N=C(CC)C(=P1)C,"[5, 17]","[{'functional_group': 'carboxyllic_acid', 'smiles_inds': [10]}, {'functional_group': 'ethyl_ester', 'smiles_inds': [1]}]",0.0
8,median,O=P(Oc1ccccc1)(Oc1ccccc1)Oc1cccnc1NCP(c1ccccc1)c1ccccc1,[25],[],0.0
8,median,CCN(CC)c1ccc(C=NN=C([O-])C2=CC=C(O2)c2ccc(cc2)N(=O)=O)c([O-])c1,"[29, 13, 10]","[{'functional_group': 'thiol', 'smiles_inds': [21]}, {'functional_group': 'thiol', 'smiles_inds': [30]}]",0.0
8,median,CN(C)c1cc(O)nc(c1)c1cc(cc(O)n1)N(C)C,"[1, 17]","[{'functional_group': 'phosphonate', 'smiles_inds': [9]}, {'functional_group': 'carboxylate', 'smiles_inds': [15]}]",0.0
8,median,Cc1ccc(cc1)N=Nc1ccc(C)c[c-]1,"[7, 15]",[],0.0
8,median,CC([CH2-])=C(C)CP[P](c1ccccc1)(c1ccccc1)c1cccc[c-]1,"[6, 2, 25]",[],0.0
8,median,C1CSCCNCCSC1,"[8, 2, 5]","[{'functional_group': 'amide', 'smiles_inds': [7]}]",0.0
8,median,O=C1N2Cc3nc4ccccc4nc3CN3C(=O)N4Cc5nc6ccccc6nc5CN1C14c4cccnc4c4ncccc4C231,"[37, 40]",[],0.0
8,median,CCN(CC)C(=O)C(CC1=CN(N=N1)c1ccccc1)P(=O)(c1ccccc1)c1ccccc1,[13],"[{'functional_group': 'hydroxyl', 'smiles_inds': [8]}]",0.0
8,median,Fc1ccc(NC(=O)c2cccnc2)cc1,[12],"[{'functional_group': 'cyano', 'smiles_inds': [5]}]",0.0
8,median,N1C(=Nc2c1c1cccnc1c1ncccc21)c1cccnc1,"[12, 9]",[],0.0
8,median,CC([O-])=CC(C)=Nc1ccccc1F,"[6, 2]","[{'functional_group': 'fluoro', 'smiles_inds': [0]}, {'functional_group': 'amino', 'smiles_inds': [8]}, {'functional_group': '2-methylbenzoic_acid', 'smiles_inds': [9]}]",0.0
8,top,O=C([S-])N1CCOCC1,"[2, 0]",[],0.0
8,top,CCC1CN2CCC1CC2C[O-],"[11, 4]","[{'functional_group': 'amide', 'smiles_inds': [8]}, {'functional_group': 'trifluro', 'smiles_inds': [1]}]",0.0
8,top,CCP(=O)(CC)CC,[3],"[{'functional_group': 'carboxyllic_acid', 'smiles_inds': [6]}]",0.0
8,top,[NH3+]C12CNCCSCC(CO)(CSCCNC1)CSCCNC2,"[6, 12, 18, 3, 15, 21]","[{'functional_group': 'phenyl', 'smiles_inds': [10]}]",0.0
8,top,O=C(Oc1ccc2ccccc2c1)c1ccncc1,[16],"[{'functional_group': 'fluoro', 'smiles_inds': [8]}]",0.0
8,top,Cc1ccc(nc1)c1ccc(c[c-]1)C#N,"[5, 12]","[{'functional_group': 'ethyl_ester', 'smiles_inds': [6]}, {'functional_group': 'ketone', 'smiles_inds': [11]}]",0.0
8,top,CCOc1ccccc1P(C=C([O-])c1ccccc1)c1ccccc1OCC,"[12, 9]","[{'functional_group': 'carboxyl', 'smiles_inds': [17]}, {'functional_group': 'fluoro', 'smiles_inds': [20]}, {'functional_group': 'phenyl', 'smiles_inds': [1]}]",0.0
8,top,[NH3+]C12CNCCNCC([NH2+]CCCCCCCCCCCCC)(CNCCNC1)CNCCNC2,"[6, 3, 24, 27, 30, 33]","[{'functional_group': '2-methylbenzoic_acid', 'smiles_inds': [34]}, {'functional_group': 'phenyl', 'smiles_inds': [0]}, {'functional_group': '2-hydroxypyridine', 'smiles_inds': [23]}, {'functional_group': 'methyl_ester', 'smiles_inds': [21]}, {'functional_group': 'tribromo', 'smiles_inds': [16]}, {'functional_group': 'tribromo', 'smiles_inds': [9]}, {'functional_group': '2-methylbenzoic_acid', 'smiles_inds': [18]}]",0.0
8,top,C1CNCCNCCNCCCNCc2cccc(CNC1)n2,"[12, 8, 5, 2, 22, 20]","[{'functional_group': 'amino', 'smiles_inds': [0]}]",0.0
8,top,C(CN(Cc1nccc2ccccc12)Cc1nccc2ccccc12)N(Cc1nccc2ccccc12)Cc1nccc2ccccc12,"[2, 5, 16, 25, 28, 39]","[{'functional_group': '2-methylbenzoic_acid', 'smiles_inds': [12]}, {'functional_group': 'phenyl', 'smiles_inds': [0]}, {'functional_group': '2-methylbenzoic_acid', 'smiles_inds': [41]}, {'functional_group': 'cyanimide', 'smiles_inds': [22]}, {'functional_group': 'carboxylate', 'smiles_inds': [37]}]",0.0
8,top,COC(=N)C1=N[Se]N=C1C#N,"[3, 5]","[{'functional_group': '2-methylbenzoic_acid', 'smiles_inds': [0]}]",0.0
8,top,CC(C)c1cccc(C(C)C)c1N=C1c2cccc3cccc(C1=Nc1c(cc(cc1C(c1ccccc1)c1ccccc1)C(c1ccccc1)c1ccccc1)C(c1ccccc1)c1ccccc1)c23,"[24, 12]",[],0.0
8,top,CCOP1CC(=NN1c1ccccc1)C,[3],"[{'functional_group': 'ethyl_ester', 'smiles_inds': [4]}, {'functional_group': 'trichloro', 'smiles_inds': [0]}]",0.0
8,top,C[As](F)c1ccccc1,[1],"[{'functional_group': '2-methylbenzoic_acid', 'smiles_inds': [7]}, {'functional_group': 'thiol', 'smiles_inds': [0]}]",0.0
8,top,C1COCCOc2cc3nc4c5cccnc5c5ncccc5c4nc3cc2OCCOCCO1,"[18, 15]",[],0.0
8,top,OCCSCCCN=Cc1ccccc1[O-],"[7, 15, 3]","[{'functional_group': '2-methylbenzoic_acid', 'smiles_inds': [10]}]",0.0
8,top,C([N-]c1ccccc1)c1ccccn1,"[1, 13]",[],0.0
8,top,CC(C)P(c1ccccc1)c1ccccc1c1ccccc1,[3],[],0.0
8,top,c1ccc(nc1)c1nc(nc(n1)c1cc2ccccc2c2ccccc12)c1ccccn1,"[4, 7, 31]","[{'functional_group': 'phenyl', 'smiles_inds': [22]}, {'functional_group': 'thiol', 'smiles_inds': [13]}]",0.0
8,top,Cc1ccc(NP(c2ccccc2)c2ccccc2)c(NP(c2ccccc2)c2ccccc2)c1,"[6, 21]","[{'functional_group': 'amino', 'smiles_inds': [2]}, {'functional_group': 'cyano', 'smiles_inds': [14]}]",0.0
9,bottom,[NH3+]C12CNCCNCC([NH2+]CCCCCCCCCCCCC)(CNCCNC1)CNCCNC2,"[6, 3, 24, 27, 30, 33]","[{'functional_group': '2-methylbenzoic_acid', 'smiles_inds': [34]}, {'functional_group': 'phenyl', 'smiles_inds': [0]}, {'functional_group': '2-hydroxypyridine', 'smiles_inds': [23]}, {'functional_group': '2-methylbenzoic_acid', 'smiles_inds': [29]}, {'functional_group': 'phenyl', 'smiles_inds': [20]}, {'functional_group': '2-hydroxypyridine', 'smiles_inds': [31]}, {'functional_group': '2-methylbenzoic_acid', 'smiles_inds': [32]}, {'functional_group': 'phenyl', 'smiles_inds': [21]}, {'functional_group': 'ketone', 'smiles_inds': [2]}, {'functional_group': 'ethyl_ester', 'smiles_inds': [13]}, {'functional_group': 'ethyl', 'smiles_inds': [28]}, {'functional_group': 'cyano', 'smiles_inds': [14]}]",0.0
9,bottom,NCCNc1cccc2ccccc12,"[3, 0]",[],0.0
9,bottom,CCOC(=O)COc1c(OCC(=O)OCC)c2cccnc2c2ncccc12,"[23, 20]","[{'functional_group': 'chloro', 'smiles_inds': [5]}, {'functional_group': 'bromo', 'smiles_inds': [17]}, {'functional_group': 'fluoro', 'smiles_inds': [15]}]",0.0
9,bottom,CC(C)c1cccc(C(C)C)c1[N-]C(=O)c1cccc(n1)C(=O)[N-]c1c(cccc1C(C)C)C(C)C,"[23, 20, 12]",[],0.0
9,bottom,C(c1ccccc1)c1cccc(n1)c1ccccn1,"[18, 12]",[],0.0
9,bottom,C1OC2=CSC=C2OC1CP(c1ccccc1)c1ccccc1,[10],[],0.0
9,bottom,CC(C)[Si-](Cc1ccccc1P(c1ccccc1C[Si-](C(C)C)C(C)C)c1ccccc1C[Si](Cl)(C(C)C)C(C)C)C(C)C,"[11, 3, 19]",[],0.0
9,bottom,COC(=N)C1=N[Se]N=C1C#N,"[3, 5]","[{'functional_group': 'carboxylate', 'smiles_inds': [0]}]",0.0
9,bottom,O=C(Nc1ccnc(c1)c1cc(NC(=O)C2=CC=CS2)ccn1)C1=CC=CS1,"[6, 22]","[{'functional_group': 'chloro', 'smiles_inds': [5]}]",0.0
9,bottom,CC1CCN(CC1)C([S-])=NN=Cc1cc(Cl)ccc1[O-],"[8, 19, 10]","[{'functional_group': 'carboxyllic_acid', 'smiles_inds': [11]}, {'functional_group': 'hydroxyl', 'smiles_inds': [5]}]",0.0
9,bottom,COC1OC(CO)C(O)C(O)C1[N-]C(=O)c1ccccn1,"[20, 12]",[],0.0
9,bottom,CC(=CC(=O)c1ccccc1)[N-]c1ncccc1[O-],"[11, 18, 4]","[{'functional_group': 'methyl_ester', 'smiles_inds': [14]}, {'functional_group': 'aldehyde', 'smiles_inds': [16]}, {'functional_group': 'aldehyde', 'smiles_inds': [15]}]",0.0
9,bottom,Cc1cc(C)c(SC2=C([S-])SC(=S)S2)c(C)c1,"[6, 9]",[],0.0
9,bottom,C(CN(Cc1nccc2ccccc12)Cc1nccc2ccccc12)N(Cc1nccc2ccccc12)Cc1nccc2ccccc12,"[2, 5, 16, 25, 28, 39]","[{'functional_group': 'methyl_ester', 'smiles_inds': [0]}]",0.0
9,bottom,CN1C(=[NH+]c2ccccc12)c1cccc([c-]1)C1=Nc2ccccc2N1C,"[17, 15]","[{'functional_group': 'aldehyde', 'smiles_inds': [22]}]",0.0
9,bottom,CCN(CC)c1ccc2C=C(C(=O)NN=Cc3ccc(Br)cc3)C(=O)Oc2c1,"[12, 14]","[{'functional_group': 'hydroxyl', 'smiles_inds': [0]}]",0.0
9,bottom,Cc1cc(C)c(c(C)c1)C1=NC(=C2C=CC=CN12)c1ccccn1,"[17, 10]",[],0.0
9,bottom,CC(C)(C)C1=CC(=C2Oc3c(cc(c([O-])c3N=C2C1[O-])C(C)(C)C)C(C)(C)C)C(C)(C)C,"[16, 14, 19]","[{'functional_group': 'ketone', 'smiles_inds': [31]}]",0.0
9,bottom,CN(C)Cc1cccc([c-]1)N(C)C=O,"[13, 1, 9]",[],0.0
9,bottom,Brc1ccc(C[O-])nc1,"[7, 6]","[{'functional_group': 'aldehyde', 'smiles_inds': [8]}, {'functional_group': 'carboxylate', 'smiles_inds': [2]}, {'functional_group': 'ether', 'smiles_inds': [3]}]",0.0
9,median,Oc1ccc([O-])c(CN2CCCNCCN(CCCNCC2)Cc2cc(O)ccc2[O-])c1,"[5, 30, 8, 15, 19, 12]",[],0.0
9,median,CN1C=CN=C1C(=O)[N-]C(Cc1ccccc1)C(=O)[O-],"[4, 1, 19]","[{'functional_group': 'ketone', 'smiles_inds': [3]}]",0.0
9,median,[O-]c1ccccc1C=Nc1ccccc1SCCSc1ccccc1N=Cc1ccccc1[O-],"[18, 0, 25, 8, 33, 15]",[],0.0
9,median,C1CSc2ccccc2SCCNCCSc2ccccc2SCCN1,"[2, 9, 25, 15, 22, 12]",[],0.0
9,median,CN(C)N=O,[4],"[{'functional_group': 'carboxyl', 'smiles_inds': [0]}, {'functional_group': '2-methylbenzoic_acid', 'smiles_inds': [2]}]",0.0
9,median,ON=C(C#N)C(=O)N1CCOCC1,"[6, 1]","[{'functional_group': 'ethyl_ester', 'smiles_inds': [12]}]",0.0
9,median,CCN(CC)C(C)(C)C=Nc1ccccc1,"[9, 2]","[{'functional_group': 'carbonyl', 'smiles_inds': [12]}]",0.0
9,median,C(Nc1cccnc1)c1c2ccccc2cc2ccccc12,[6],[],0.0
9,median,NC(=N)c1ccccc1,[2],"[{'functional_group': 'chloro', 'smiles_inds': [8]}]",0.0
9,median,C1CCCCCCP(CCCCCCCCCCCCP(CCCCC1)c1ccccc1)c1ccccc1,"[7, 20]",[],0.0
9,median,COc1cccc([c-]1)C(C)=O,"[10, 7]",[],0.0
9,median,F[C-](F)C(F)(F)C(F)(F)[C-](F)[P](c1ccccc1)(c1ccccc1)c1ccccc1Nc1ccccc1,"[1, 30, 9]","[{'functional_group': 'thiol', 'smiles_inds': [25]}]",0.0
9,median,C(N=Cc1ccccc1P(c1ccccc1)c1ccccc1)C1=CC=CS1,"[9, 1]",[],0.0
9,median,COc1cc(OC)cc(c1)c1cc(nnc1c1ccccn1)c1ccccn1,"[21, 14]",[],0.0
9,median,Brc1cnc(cn1)N1C=CC=N1,"[11, 6]",[],0.0
9,median,COC1CSCCCSC1,"[8, 4, 1]","[{'functional_group': 'thiol', 'smiles_inds': [5]}]",0.0
9,median,[O-]c1ccc2ccccc2c1C1=Nc2ccccc2O1,"[0, 12]",[],0.0
9,median,CCOCN1C=CN=C1C1(OC(=O)c2cccc3cccc1c23)C1=NC=CN1COCC,"[24, 7]","[{'functional_group': 'thiol', 'smiles_inds': [19]}]",0.0
9,median,CCOC(=O)CC,[4],"[{'functional_group': 'amino', 'smiles_inds': [1]}]",0.0
9,median,CCNc1cc2OC3=CC(=[NH+]CC)C(=CC3=C(c2cc1C)c1ccccc1C([O-])=[NH+]N=Cc1cc(cc(OC)c1[O-])N=Nc1ccc(C)cc1)C,"[28, 40, 30]",[],0.0
9,top,C1C(=NN=C1c1ccccn1)c1ccccc1,"[10, 3]","[{'functional_group': 'methyl', 'smiles_inds': [12]}, {'functional_group': 'ketone', 'smiles_inds': [9]}]",0.0
9,top,O=C1C(=C1c1ccccc1)c1ccccc1,[0],[],0.0
9,top,CSC([NH-])=NN=Cc1ccccc1[O-],"[3, 5, 13]",[],0.0
9,top,O=S=NP(c1ccccc1)c1ccccc1,[3],[],0.0
9,top,S1C=CC=C1C1=CC=C(S1)c1ccc(nc1)c1ccc(cn1)C1=CC=C(S1)C1=CC=CS1,"[14, 21]","[{'functional_group': 'carboxyllic_acid', 'smiles_inds': [2]}, {'functional_group': 'aldehyde', 'smiles_inds': [6]}]",0.0
9,top,CC(=O)c1cncc(c1)C(C)=O,[5],"[{'functional_group': 'cyanimide', 'smiles_inds': [4]}, {'functional_group': 'trifluro', 'smiles_inds': [0]}]",0.0
9,top,COCC1OC2OC3C(COC)OC(OC4C5CP(CC6OC(OC7C(COC)OC(OC8C(COC)OC(OC1C(OC)C2OC)C(OC)C8OC)C(OC)C7OC)C(OC)C(OC)C6OC(O5)C(OC)C4OC)c1ccccc1N(C)C)C(OC)C3OC,"[81, 18]",[],0.0
9,top,Cc1cc(C)c(B(c2ccc([c-]c2)c2ccccn2)c2c(C)cc(C)cc2C)c(C)c1,"[18, 11]","[{'functional_group': 'methyl', 'smiles_inds': [12]}, {'functional_group': 'fluoro', 'smiles_inds': [14]}]",0.0
9,top,ClP(C1CCCCC1)C1CCCCC1,[1],[],0.0
9,top,FC(F)(F)c1cc([c-]c(n1)C(F)(F)F)c1ncccn1,"[15, 7]",[],0.0
9,top,c1ccc(cc1)P(C=P(c1ccccc1)(c1ccccc1)[C-]1c2ccccc2c2ccccc12)c1ccccc1,"[6, 21]","[{'functional_group': 'bromo', 'smiles_inds': [16]}]",0.0
9,top,O=C([O-])CN(CCC#N)CCC#N,"[4, 2]",[],0.0
9,top,CC1=CN(N=C1)c1nnc(N2C=C(C)C=N2)c(C)c1C,"[4, 3]",[],0.0
9,top,NC([S-])=CN=Cc1ccc2ccccc2n1,"[2, 4, 15]","[{'functional_group': 'amide', 'smiles_inds': [3]}, {'functional_group': 'amide', 'smiles_inds': [10]}]",0.0
9,top,Cc1ccc(c2ccccc2)c(N=C([O-])C(C)(C)C)c1c1c(C)ccc(c2ccccc2)c1N=C([O-])C(C)(C)C,"[35, 14, 33]","[{'functional_group': '2-methylbenzoic_acid', 'smiles_inds': [10]}]",0.0
9,top,O=C([O-])c1ccc2ncc(C#N)c([O-])c2n1,"[2, 13, 15]","[{'functional_group': 'trifluro', 'smiles_inds': [5]}, {'functional_group': 'thiol', 'smiles_inds': [8]}, {'functional_group': 'aldehyde', 'smiles_inds': [4]}]",0.0
9,top,N#Cc1ccc(C=Cc2cc(nc(c2)N2C=CC=N2)N2C=CC=N2)cc1,"[23, 14, 18]","[{'functional_group': 'trifluro', 'smiles_inds': [15]}]",0.0
9,top,CCOC(=O)[CH-]c1ccccc1N(C)C,"[12, 5]","[{'functional_group': 'ethyl_ester', 'smiles_inds': [14]}]",0.0
9,top,CC(C)(C)PP1P(P(P1C(C)(C)C)C(C)(C)C)C(C)(C)C,"[4, 6]","[{'functional_group': 'trifluro', 'smiles_inds': [20]}, {'functional_group': 'tribromo', 'smiles_inds': [14]}]",0.0
9,top,CC(=NC(Cc1ccccc1)C(=O)[O-])c1ccccc1[O-],"[2, 20, 13]","[{'functional_group': 'methyl_ester', 'smiles_inds': [15]}]",0.0
10,bottom,CC1=NC(=CN1)C=NC1CCCCC1N,"[2, 7, 14]","[{'functional_group': '2-hydroxypyridine', 'smiles_inds': [12]}, {'functional_group': 'iodo', 'smiles_inds': [9]}]",0.0
10,bottom,CC(=[N-])NC1=NC=CS1,"[2, 5]","[{'functional_group': 'trichloro', 'smiles_inds': [6]}]",0.0
10,bottom,Nc1ncc(cn1)c1ccc(nc1)c1ccccn1,"[11, 18]","[{'functional_group': 'amino', 'smiles_inds': [8]}]",0.0
10,bottom,N1C=NC(=N1)C1=NN=N[N-]1,"[2, 9]","[{'functional_group': 'chloro', 'smiles_inds': [0]}]",0.0
10,bottom,Fc1c[c-]c(cc1C(F)(F)F)c1ccccn1,"[3, 16]","[{'functional_group': 'chloro', 'smiles_inds': [15]}, {'functional_group': 'carboxylate', 'smiles_inds': [14]}]",0.0
10,bottom,Cc1ccc(cc1)N=Nc1ccccc1[S-],"[15, 7]",[],0.0
10,bottom,OS(=O)(=O)C(F)(F)F,[2],[],0.0
10,bottom,C=CC1CCCCN1,[7],[],0.0
10,bottom,CC1(C)COC(=N1)C1=[C-]N(CCN2CCOCC2)c2ccccc12,"[6, 8]",[],0.0
10,bottom,NC([S-])=NN=Cc1cc(Cl)ccc1[O-],"[4, 13, 2]","[{'functional_group': 'bromo', 'smiles_inds': [5]}]",0.0
10,bottom,CCOC(=O)c1ccc(nc1)c1ccc(cn1)C(=O)OCC,"[9, 16]","[{'functional_group': 'carboxyl', 'smiles_inds': [15]}]",0.0
10,bottom,CC(=O)C[Se]c1c(C)cc(C)cc1C,[4],[],0.0
10,bottom,[NH3+]C12CNCCSCC(CO)(CSCCNC1)CSCCNC2,"[6, 12, 18, 3, 15, 21]","[{'functional_group': 'chloro', 'smiles_inds': [9]}, {'functional_group': 'phosphonate', 'smiles_inds': [2]}]",0.0
10,bottom,CC(C)C1CCC(C)CC1SCCC(=O)[N-]c1ccccc1P(=S)(c1ccccc1)c1ccccc1,"[10, 15, 23]","[{'functional_group': 'phenyl', 'smiles_inds': [9]}]",0.0
10,bottom,O=C([O-])C1=CC=CN2N=NN=C12,"[2, 10]",[],0.0
10,bottom,FC(F)(F)c1ccc2N=C(Sc2c1)c1cccc[c-]1,"[18, 8]","[{'functional_group': 'carboxyllic_acid', 'smiles_inds': [15]}]",0.0
10,bottom,[NH3+]C12CNCCNCC([NH2+]CCCCCCCCCCCCC)(CNCCNC1)CNCCNC2,"[6, 3, 24, 27, 30, 33]","[{'functional_group': '2-methylbenzoic_acid', 'smiles_inds': [22]}, {'functional_group': 'methyl', 'smiles_inds': [21]}]",0.0
10,bottom,Cc1ccc(cc1)C([O-])=Cc1ccc2ccccc2n1,"[8, 19]","[{'functional_group': 'carboxyl', 'smiles_inds': [16]}, {'functional_group': '2-hydroxypyridine', 'smiles_inds': [12]}]",0.0
10,bottom,CC(NC(=O)c1cccc(n1)C1=CN(N=N1)c1ccccc1c1ccc(cc1)c1ccccc1N1C=C(N=N1)c1cccc(n1)C(=O)NC(C)c1cccc2ccccc12)c1cccc2ccccc12,"[15, 37, 2, 46, 4, 47]","[{'functional_group': 'carboxylate', 'smiles_inds': [20]}]",0.0
10,bottom,CN(C)C(=O)[N-]c1ccccc1,"[4, 5]","[{'functional_group': 'trichloro', 'smiles_inds': [9]}]",0.0
10,median,CO[Te](F)(OC)(c1ccccc1P(c1ccccc1)c1ccccc1)c1ccccc1P(c1ccccc1)c1ccccc1,"[2, 31, 12]",[],0.0
10,median,Oc1ccc(Cl)cc1C([O-])=NN=Cc1c([O-])ccc2ccccc12,"[11, 15, 9]","[{'functional_group': 'carbonyl', 'smiles_inds': [21]}, {'functional_group': 'phenyl', 'smiles_inds': [19]}]",0.0
10,median,NCN=C,"[0, 2]",[],0.0
10,median,CC1=CC=C(S1)C1=CC=C(CNC2CCCCC2NCC2=CC=C(S2)C2=CC=C(C)S2)S1,"[18, 11]","[{'functional_group': 'amino', 'smiles_inds': [13]}, {'functional_group': 'carbonyl', 'smiles_inds': [3]}]",0.0
10,median,[NH3+]C12CNCCNCC([NH2+]CCCCCCCCCCCCC)(CNCCNC1)CNCCNC2,"[6, 3, 24, 27, 30, 33]","[{'functional_group': 'ether', 'smiles_inds': [32]}]",0.0
10,median,N1N=NN=C1c1ccnc(c1)C1=NN=N[N-]1,"[15, 8]","[{'functional_group': 'amide', 'smiles_inds': [0]}]",0.0
10,median,FC(F)(F)Sc1ccccc1[CH2-],"[4, 11]","[{'functional_group': 'ethyl', 'smiles_inds': [7]}]",0.0
10,median,CN1N=C(C=C1N=Cc1c([O-])ccc2ccccc12)c1ccccc1,"[10, 6]","[{'functional_group': 'bromo', 'smiles_inds': [11]}, {'functional_group': 'ethyl', 'smiles_inds': [4]}, {'functional_group': 'cyano', 'smiles_inds': [0]}]",0.0
10,median,Cc1cccc(n1)C1=NN(C=C1)c1ccccc1C,"[8, 9]","[{'functional_group': 'ketone', 'smiles_inds': [13]}]",0.0
10,median,OCCN=Cc1cc(Cl)cc(Cl)c1[O-],"[13, 3]","[{'functional_group': 'ethyl_ester', 'smiles_inds': [2]}, {'functional_group': 'tribromo', 'smiles_inds': [0]}]",0.0
10,median,CC(N=CC1=NC=CN1)c1ccccc1,"[2, 5]","[{'functional_group': 'trifluro', 'smiles_inds': [1]}]",0.0
10,median,CC(C)C1(C)[NH+]=C([N-]C1=O)c1ncccc1C(=O)[O-],"[7, 11]","[{'functional_group': '2-methylbenzoic_acid', 'smiles_inds': [5]}]",0.0
10,median,[NH3+]C12CNCCNCC([NH2+]CCCCCCCCCCCCC)(CNCCNC1)CNCCNC2,"[6, 3, 24, 27, 30, 33]","[{'functional_group': '2-methylbenzoic_acid', 'smiles_inds': [34]}, {'functional_group': 'phenyl', 'smiles_inds': [0]}, {'functional_group': '2-hydroxypyridine', 'smiles_inds': [23]}, {'functional_group': '2-methylbenzoic_acid', 'smiles_inds': [29]}, {'functional_group': 'phenyl', 'smiles_inds': [20]}, {'functional_group': '2-hydroxypyridine', 'smiles_inds': [31]}, {'functional_group': '2-methylbenzoic_acid', 'smiles_inds': [32]}, {'functional_group': 'phenyl', 'smiles_inds': [21]}, {'functional_group': 'ketone', 'smiles_inds': [2]}, {'functional_group': 'ethyl_ester', 'smiles_inds': [13]}, {'functional_group': 'ethyl', 'smiles_inds': [28]}, {'functional_group': '2-hydroxypyridine', 'smiles_inds': [22]}]",0.0
10,median,C1OCc2cccc(P(c3ccccc3)c3ccccc3)c2c2c1cccc2P(c1ccccc1)c1ccccc1,"[8, 28]","[{'functional_group': 'amino', 'smiles_inds': [10]}, {'functional_group': 'aldehyde', 'smiles_inds': [4]}]",0.0
10,median,NC(=NO)c1ncccn1,"[2, 9]",[],0.0
10,median,NC(=O)CN1CCCN2CCN(CCCN(CC2)CC(N)=O)CC1,"[2, 11, 4, 15, 8, 21]","[{'functional_group': 'iodo', 'smiles_inds': [23]}, {'functional_group': 'cyano', 'smiles_inds': [12]}]",0.0
10,median,COC(=N)NC(=N)OC,"[3, 6]",[],0.0
10,median,COc1cccc(C=NN=C([S-])NC(c2ccccc2)(c2ccccc2)c2ccccc2)c1[O-],"[11, 33, 8]",[],0.0
10,median,O=S(=O)([N-]c1cccc2cccnc12)c1cccc2cccnc12,"[22, 3, 12]",[],0.0
10,median,C1OCC=C1,[1],[],0.0
10,top,CC(C)c1cccc(C(C)C)c1NP(c1ccccc1)[P](NC(C)(C)C)(NC(C)(C)C)c1ccccc1,"[21, 26]",[],0.0
10,top,CC(N=Cc1cc(cc(c1[O-])C(C)(C)C)C(C)(C)C)C1CCCCC1,"[10, 2]","[{'functional_group': 'cyano', 'smiles_inds': [14]}]",0.0
10,top,CNCCCN=Cc1c([O-])ccc2ccccc12,"[9, 1, 5]","[{'functional_group': 'ethyl_ester', 'smiles_inds': [11]}, {'functional_group': 'cyano', 'smiles_inds': [0]}]",0.0
10,top,CP(C)[C-](P(C)C)[Si](C)(C)C,"[1, 4]","[{'functional_group': 'carboxyl', 'smiles_inds': [10]}, {'functional_group': 'phosphonate', 'smiles_inds': [6]}, {'functional_group': 'aldehyde', 'smiles_inds': [0]}]",0.0
10,top,O=N(=O)c1ccc(cc1)N=Cc1ccccn1,"[16, 9]",[],0.0
10,top,CC1=NC=CN1C(c1ccccc1)(c1ccccc1)c1ccccc1,[2],[],0.0
10,top,c1cnc2c(c1)ccc1ncccc21,[9],"[{'functional_group': 'fluoro', 'smiles_inds': [0]}, {'functional_group': 'methyl', 'smiles_inds': [7]}]",0.0
10,top,OC(=CC(=O)c1cccc(n1)C(=O)[O-])C1=CC=CN1,"[10, 13, 4]",[],0.0
10,top,CC(C)(C)c1cc(C[NH+]2CCCCC2)c([O-])c(C=NCCNCCNCCN=Cc2cc(cc(C[NH+]3CCCCC3)c2[O-])C(C)(C)C)c1,"[15, 27, 24, 18, 21, 42]","[{'functional_group': 'ethyl_ester', 'smiles_inds': [45]}]",0.0
10,top,CCCCOc1cc(OCCCC)c([c-]c1C1=Nc2ccccc2N1c1ccccc1)C1=Nc2ccccc2N1c1ccccc1,"[17, 32, 14]","[{'functional_group': 'hydroxyl', 'smiles_inds': [0]}]",0.0
10,top,NC([S-])=NN=CC1=NC=CN1,"[2, 4, 7]","[{'functional_group': 'phenyl', 'smiles_inds': [10]}]",0.0
10,top,CCCN(CC(N)=O)CC(N)=O,"[7, 3, 11]","[{'functional_group': 'iodo', 'smiles_inds': [4]}]",0.0
10,top,CN1C(=[Se])Nc2ccccc12,[3],[],0.0
10,top,NC(=S)NN=Cc1ccccc1[S-],"[2, 12, 4]","[{'functional_group': 'ether', 'smiles_inds': [3]}, {'functional_group': 'aldehyde', 'smiles_inds': [0]}]",0.0
10,top,[NH3+]C12CNCCNCC([NH2+]CCCCCCCCCCCCC)(CNCCNC1)CNCCNC2,"[6, 3, 24, 27, 30, 33]","[{'functional_group': '2-methylbenzoic_acid', 'smiles_inds': [34]}, {'functional_group': 'phenyl', 'smiles_inds': [0]}, {'functional_group': '2-hydroxypyridine', 'smiles_inds': [23]}, {'functional_group': 'ethyl', 'smiles_inds': [5]}, {'functional_group': 'cyanimide', 'smiles_inds': [19]}, {'functional_group': 'tribromo', 'smiles_inds': [21]}]",0.0
10,top,CC(C)C1(C)[NH+]=C([N-]C1=O)c1ncccc1C(=O)[O-],"[7, 11]","[{'functional_group': 'cyanimide', 'smiles_inds': [12]}, {'functional_group': 'tribromo', 'smiles_inds': [5]}]",0.0
10,top,C1CC(N(N=Cc2ccccc2P(c2ccccc2)c2ccccc2)C1c1ccccc1)c1ccccc1,"[12, 4]","[{'functional_group': 'cyanimide', 'smiles_inds': [34]}]",0.0
10,top,CCO[C-]=CC(=O)OCC,"[3, 6]",[],0.0
10,top,CC(C)NCc1cccc(NP(C(C)C)C(C)C)n1,"[11, 18, 3]",[],0.0
10,top,CC(C)(C)c1cc(C=NN=C([O-])Cc2ccccc2)c([O-])c(c1)C(C)(C)C,"[20, 8, 11]",[],0.0
11,bottom,Oc1cccc(n1)c1cccc(n1)c1cccc(O)n1,"[12, 6, 19]","[{'functional_group': 'thiol', 'smiles_inds': [8]}, {'functional_group': 'trichloro', 'smiles_inds': [9]}]",0.0
11,bottom,Oc1ccnc(c1)c1cc([O-])ccn1,"[13, 4]",[],0.0
11,bottom,C1OC(=NC1c1ccccc1)c1ccccn1,"[16, 3]",[],0.0
11,bottom,CC12CCC(C1)C(C)(C)C2([O-])c1ccccc1c1cccc(n1)c1ccccc1,"[10, 22]","[{'functional_group': 'trifluro', 'smiles_inds': [24]}, {'functional_group': 'phenyl', 'smiles_inds': [3]}]",0.0
11,bottom,CNCCCN=Cc1c([O-])ccc2ccccc12,"[9, 1, 5]","[{'functional_group': 'amino', 'smiles_inds': [2]}]",0.0
11,bottom,COc1ccc2nccc(C(Oc3cccc(n3)c3ccccn3)C3CC4CCN3CC4C=C)c2c1,"[23, 17, 29]","[{'functional_group': '2-hydroxypyridine', 'smiles_inds': [22]}]",0.0
11,bottom,Brc1cc(Br)c([O-])c(C=NCCCNC2CCCCC2)c1,"[6, 9, 13]","[{'functional_group': 'carbonyl', 'smiles_inds': [16]}]",0.0
11,bottom,Cc1cc(C)c(N=Cc2ccccc2[O-])c(c1)C(c1ccccc1)c1ccccc1,"[14, 6]",[],0.0
11,bottom,S1C=CC(=C1P(c1ccccc1)c1ccccc1)N1c2ccccc2N=C1P(c1ccccc1)c1ccccc1,"[27, 5]","[{'functional_group': 'bromo', 'smiles_inds': [22]}]",0.0
11,bottom,CSCCC(=O)[N-]CCc1ccccn1,"[1, 6, 14]","[{'functional_group': 'trichloro', 'smiles_inds': [2]}]",0.0
11,bottom,Cc1cc(Cl)cc(C(c2ccccc2)c2ccccc2)c1N=C(C)c1cccc(n1)C(C)=Nc1c(C)cc(Cl)cc1C(c1ccccc1)c1ccccc1,"[29, 21, 32]","[{'functional_group': 'phosphonate', 'smiles_inds': [44]}]",0.0
11,bottom,FC(F)(F)C1=CNC(=N1)c1ccccn1,"[14, 8]","[{'functional_group': 'phenyl', 'smiles_inds': [13]}, {'functional_group': 'ketone', 'smiles_inds': [12]}]",0.0
11,bottom,CC(C)(C)C1=CC(=O)C(=C(C1)C(C)(C)C)[O-],"[15, 7]",[],0.0
11,bottom,FC(F)(F)C(F)(F)C(F)(F)C1=N[N-]C(=N1)c1ccccn1,"[20, 12]",[],0.0
11,bottom,CC1=CP(C=C1C)c1cccc2c1Oc1c(cccc1C2(C)C)P1C=C(C)C(=C1)C,"[3, 23]",[],0.0
11,bottom,COC(=O)c1ccccc1[S-],"[10, 3]",[],0.0
11,bottom,ICCN(Cc1ccccc1)c1cccc[c-]1,"[3, 16]",[],0.0
11,bottom,COc1cc(Br)cc(C=NCCO)c1[O-],"[9, 14, 12]",[],0.0
11,bottom,OC(=N)C=N,"[2, 4]","[{'functional_group': 'ethyl', 'smiles_inds': [3]}, {'functional_group': 'aldehyde', 'smiles_inds': [0]}]",0.0
11,bottom,Fc1ccc(cc1)c1cc(nc(c1)c1cccc[c-]1)c1cccc[c-]1,"[18, 24, 10]",[],0.0
11,median,COc1ccccc1C([O-])=NN=Cc1cc(C)ccc1[O-],"[11, 20, 9]","[{'functional_group': 'carboxyl', 'smiles_inds': [18]}]",0.0
11,median,CCN(c1ccc(C)cc1)C(=O)c1ccc2ccc3ccc(nc3c2n1)C(=O)N(CC)c1ccc(C)cc1,"[25, 11, 22]","[{'functional_group': 'amide', 'smiles_inds': [1]}]",0.0
11,median,CCN(CC)CC(C)(C)[O-],"[9, 2]","[{'functional_group': 'tribromo', 'smiles_inds': [8]}]",0.0
11,median,CCOC(=O)c1ccc(nc1)c1ccc(cn1)C(=O)OCC,"[9, 16]","[{'functional_group': 'hydroxyl', 'smiles_inds': [10]}]",0.0
11,median,CC1C=C(C)C(=NC1C(=O)[O-])C,"[10, 6]",[],0.0
11,median,COc1cccc(C=NNC(=O)c2ccccc2NC(=O)c2ccccc2)c1[O-],"[11, 28, 8]","[{'functional_group': 'phenyl', 'smiles_inds': [23]}, {'functional_group': '2-hydroxypyridine', 'smiles_inds': [25]}, {'functional_group': 'hydroxyl', 'smiles_inds': [0]}]",0.0
11,median,Cc1cc(N)c(N[CH-]Nc2c(C)cccc2Cl)cc1C,"[7, 4]",[],0.0
11,median,COc1ccc(C)c(c1P(C(C)(C)C)C(C)(C)C)c1c(cc(cc1C(C)C)C(C)C)C(C)C,"[9, 18]","[{'functional_group': 'carboxyl', 'smiles_inds': [3]}]",0.0
11,median,N1N=CC=C1C1=CC=CO1,[1],"[{'functional_group': 'methyl', 'smiles_inds': [6]}]",0.0
11,median,[NH3+]C12CNCCNCC([NH2+]CCCCCCCCCCCCC)(CNCCNC1)CNCCNC2,"[6, 3, 24, 27, 30, 33]","[{'functional_group': '2-methylbenzoic_acid', 'smiles_inds': [34]}, {'functional_group': 'phenyl', 'smiles_inds': [0]}, {'functional_group': '2-hydroxypyridine', 'smiles_inds': [23]}, {'functional_group': '2-methylbenzoic_acid', 'smiles_inds': [29]}, {'functional_group': 'phenyl', 'smiles_inds': [20]}, {'functional_group': 'ethyl_ester', 'smiles_inds': [4]}, {'functional_group': '2-methylbenzoic_acid', 'smiles_inds': [17]}, {'functional_group': 'amide', 'smiles_inds': [2]}, {'functional_group': 'ethyl_ester', 'smiles_inds': [11]}]",0.0
11,median,CC(C)c1cccc(C(C)C)c1N=P(c1ccccc1)(c1ccccc1)c1cccc(n1)c1ccccc1,"[12, 31]",[],0.0
11,median,Clc1ccc(cc1)C=NN=C([O-])c1ccccc1,"[11, 8]","[{'functional_group': 'ether', 'smiles_inds': [3]}]",0.0
11,median,CCNC(=S)C(=S)NCC,"[4, 6]","[{'functional_group': 'cyanimide', 'smiles_inds': [1]}, {'functional_group': 'cyanimide', 'smiles_inds': [2]}]",0.0
11,median,NC1=CC(=NN1)c1ccccn1,"[11, 4]","[{'functional_group': 'methyl', 'smiles_inds': [9]}]",0.0
11,median,C(CN(Cc1ccccn1)Cc1cccnn1)CN(Cc1ccccn1)Cc1cccnn1,"[2, 32, 16, 25, 9, 18]","[{'functional_group': 'carboxylate', 'smiles_inds': [29]}]",0.0
11,median,CCC(C[O-])N=Cc1c([O-])ccc2ccccc12,"[9, 4, 5]",[],0.0
11,median,CC1=NC=C(N1)N(=O)=O,[2],"[{'functional_group': 'chloro', 'smiles_inds': [3]}, {'functional_group': 'cyano', 'smiles_inds': [0]}]",0.0
11,median,NN(c1cccc(n1)c1ccccn1)c1cccc(n1)c1ccccn1,"[25, 13]","[{'functional_group': 'bromo', 'smiles_inds': [15]}]",0.0
11,median,c1cc(ccn1)c1cncc(c1)c1ccncc1,[8],"[{'functional_group': 'methyl_ester', 'smiles_inds': [13]}]",0.0
11,median,Oc1ccncn1,[4],[],0.0
11,top,Cc1cc(C)c(N2C=CN=C2C(=N)C(C)(C)C)c(C)c1,"[12, 9]","[{'functional_group': 'methyl_ester', 'smiles_inds': [8]}]",0.0
11,top,Cc1cc(C)c(N=CC2=CC=CC2=C[N-]c2c(C)cc(C)cc2C)c(C)c1,"[14, 6]","[{'functional_group': 'cyano', 'smiles_inds': [21]}, {'functional_group': 'cyanimide', 'smiles_inds': [11]}]",0.0
11,top,Cc1cc(C)c(N2C=CN([CH-]2)c2ncccn2)c(C)c1,"[10, 9]","[{'functional_group': 'aldehyde', 'smiles_inds': [19]}]",0.0
11,top,Cc1ccc(cc1)S(=O)(=O)CC([O-])c1ccccc1,"[12, 8]","[{'functional_group': 'methyl', 'smiles_inds': [14]}]",0.0
11,top,CN1[NH+]=CC(=C1N)C(=O)NN,"[10, 8]","[{'functional_group': '2-methylbenzoic_acid', 'smiles_inds': [9]}, {'functional_group': 'trifluro', 'smiles_inds': [2]}]",0.0
11,top,CN1C=CN(CC[Se]c2ccccc2N2N=C(C)C=C2C)[CH-]1,"[7, 21, 15]",[],0.0
11,top,CC(C)(C)P(Cc1cccc(CP(C2CCCCC2)C2CCCCC2)n1)C(C)(C)C,"[4, 12, 25]","[{'functional_group': 'carboxyl', 'smiles_inds': [14]}]",0.0
11,top,NCCN=NO,"[0, 4]","[{'functional_group': 'chloro', 'smiles_inds': [2]}]",0.0
11,top,O=C([O-])c1ccccc1N=Cc1ccccc1[O-],"[17, 2, 9]","[{'functional_group': 'ethyl_ester', 'smiles_inds': [13]}, {'functional_group': 'ethyl', 'smiles_inds': [5]}, {'functional_group': 'ethyl_ester', 'smiles_inds': [14]}]",0.0
11,top,CC[S](=O)([O-])c1ccccc1N=Nc1[c-]cc(OC)c2ccccc12,"[14, 4, 11]","[{'functional_group': 'trifluro', 'smiles_inds': [6]}]",0.0
11,top,CC(C)(C)[N-]C(=S)N1C(C)(C)CCCC1(C)C,"[7, 4]","[{'functional_group': 'cyano', 'smiles_inds': [3]}]",0.0
11,top,[NH3+]C12CNCCNCC([NH2+]CCCCCCCCCCCCC)(CNCCNC1)CNCCNC2,"[6, 3, 24, 27, 30, 33]","[{'functional_group': 'ether', 'smiles_inds': [19]}, {'functional_group': 'phosphonate', 'smiles_inds': [28]}]",0.0
11,top,CC(C)(C)P(CC1=C(c2ccccc2)C(=C(CP(C(C)(C)C)C(C)(C)C)[N-]1)c1ccccc1)C(C)(C)C,"[4, 17, 26]","[{'functional_group': 'methyl_ester', 'smiles_inds': [25]}, {'functional_group': 'trichloro', 'smiles_inds': [29]}]",0.0
11,top,CC(C)P(CP(C(C)(C)C)C(C)(C)C)C(C)C,"[5, 3]",[],0.0
11,top,CC(=NNC1=NC(=CS1)c1ccc(cc1)C#N)c1cnccn1,"[22, 2, 5]","[{'functional_group': 'ethyl_ester', 'smiles_inds': [20]}]",0.0
11,top,CCC(COP(OC(C)C)OC(C)C)N=Cc1ccccc1,"[5, 14]","[{'functional_group': 'fluoro', 'smiles_inds': [8]}]",0.0
11,top,N1c2ccccc2N=C1c1cccc(n1)C1=Nc2ccccc2[N-]1,"[23, 14, 7]","[{'functional_group': 'carboxyl', 'smiles_inds': [2]}, {'functional_group': '2-hydroxypyridine', 'smiles_inds': [19]}]",0.0
11,top,Oc1ccccc1C=NCCSCCSCCN=Cc1ccccc1[O-],"[14, 17, 0, 25, 11, 8]","[{'functional_group': 'cyanimide', 'smiles_inds': [23]}]",0.0
11,top,C1CCCP(CC1)CCCP1CCCCCC1,"[4, 10]","[{'functional_group': 'phenyl', 'smiles_inds': [11]}]",0.0
11,top,C(N1C=NN=N1)N1N=CN=N1,[3],"[{'functional_group': 'carboxyllic_acid', 'smiles_inds': [0]}]",0.0
12,bottom,CC(C)(C)C1=CC(=NN1)CN1[CH-]N(CC2=NNC(=C2)C(C)(C)C)c2cccc3cccc1c23,"[11, 7, 15]","[{'functional_group': 'carbonyl', 'smiles_inds': [3]}]",0.0
12,bottom,COC(=N)C(C#N)=[C-]C(c1ccccc1)=C(C#N)C#N,"[7, 3]",[],0.0
12,bottom,CC(C)(C)C(=C)C=C([CH2-])C(C)(C)C,"[5, 8]",[],0.0
12,bottom,CCOC(=O)[C-]=C(Oc1cccc(OC)c1P(c1ccccc1)c1ccccc1)C(=O)OCC,"[16, 5]",[],0.0
12,bottom,O=N(=O)c1ccc(cc1)C([O-])=NN=Cc1ccccc1[O-],"[10, 20, 12]","[{'functional_group': 'phenyl', 'smiles_inds': [7]}]",0.0
12,bottom,O=C(CC(=O)c1ccccc1)c1ccccc1,"[4, 0]",[],0.0
12,bottom,Fc1ccc(cc1)[As](c1ccc(F)cc1)c1ccc(F)cc1,[7],[],0.0
12,bottom,Cc1[nH+]c(N=C2[N-]C(=Nc3cccc(C)n3)c3ccccc23)[c-]cc1,"[6, 15, 22]","[{'functional_group': 'phosphonate', 'smiles_inds': [17]}]",0.0
12,bottom,CC(=Nc1cc(ccc1[O-])N(=O)=O)c1ccccn1,"[9, 18, 2]","[{'functional_group': 'tribromo', 'smiles_inds': [4]}]",0.0
12,bottom,CC(C)CC1COC(=N1)c1ccccc1[N-]C(C)c1cccc[c-]1,"[8, 15, 23]","[{'functional_group': 'carboxyl', 'smiles_inds': [3]}]",0.0
12,bottom,c1cnc2c(c1)ccc1ccc3cccnc3c21,"[15, 2]","[{'functional_group': 'methyl_ester', 'smiles_inds': [7]}, {'functional_group': 'ethyl', 'smiles_inds': [5]}, {'functional_group': 'fluoro', 'smiles_inds': [6]}, {'functional_group': 'chloro', 'smiles_inds': [14]}]",0.0
12,bottom,CC(C)(C)C1=CC(=Nc2ccccc2C(F)(F)F)C([O-])C(=C1)C(C)(C)C,"[19, 7]","[{'functional_group': 'bromo', 'smiles_inds': [10]}]",0.0
12,bottom,N1C=NC(=N1)C1=NN=N[N-]1,"[2, 9]","[{'functional_group': 'cyano', 'smiles_inds': [0]}, {'functional_group': 'fluoro', 'smiles_inds': [1]}]",0.0
12,bottom,CC1(C)CCCC(C)(C)N1P=PN1C(C)(C)CCCC1(C)C,[10],"[{'functional_group': 'amino', 'smiles_inds': [2]}]",0.0
12,bottom,NNc1[c-]ccc(Cl)c1N=O,"[3, 0]","[{'functional_group': 'iodo', 'smiles_inds': [1]}]",0.0
12,bottom,O=C([O-])c1cc(cc(n1)c1ccccn1)c1ccccc1,"[2, 14, 8]","[{'functional_group': 'fluoro', 'smiles_inds': [17]}]",0.0
12,bottom,Clc1ccc(C=Nc2ccccc2[S-])c(Cl)c1,"[13, 6]","[{'functional_group': 'phenyl', 'smiles_inds': [9]}, {'functional_group': 'thiol', 'smiles_inds': [3]}]",0.0
12,bottom,O=N(=O)CN1C=NN=N1,[6],"[{'functional_group': 'bromo', 'smiles_inds': [3]}, {'functional_group': 'carboxyllic_acid', 'smiles_inds': [5]}]",0.0
12,bottom,COC(=O)CC[N-]C(=O)CN,"[6, 10]",[],0.0
12,bottom,Cc1ccc([N-]c2ccccc2P(c2ccccc2)c2ccccc2)c(c1)N1C=CC=N1,"[12, 5, 31]","[{'functional_group': 'hydroxyl', 'smiles_inds': [15]}]",0.0
12,median,Cc1cc(nc(c1)C(C)(C)C)C(C)(C)C,[4],"[{'functional_group': 'ether', 'smiles_inds': [6]}, {'functional_group': 'ether', 'smiles_inds': [10]}]",0.0
12,median,N([CH-]c1ccccc1P(c1ccccc1)c1ccccc1)c1ccccn1,"[1, 26, 8]",[],0.0
12,median,NC([S-])=NN=CC1=CNC(=O)N=C1[O-],"[2, 13, 4]","[{'functional_group': 'bromo', 'smiles_inds': [8]}, {'functional_group': 'amide', 'smiles_inds': [5]}, {'functional_group': 'phosphonate', 'smiles_inds': [7]}, {'functional_group': 'carboxylate', 'smiles_inds': [0]}]",0.0
12,median,Oc1ccc(C=NN=C([S-])Nc2ccccc2)c([O-])c1O,"[9, 18, 6]",[],0.0
12,median,CCN(CC)CC(=O)[N-]c1cccc2cccnc12,"[8, 17, 2]",[],0.0
12,median,CCOP(=O)(OCC)C(Nc1ccccc1)c1ccc2ccccc2n1,"[25, 9]","[{'functional_group': 'methyl', 'smiles_inds': [20]}, {'functional_group': 'tribromo', 'smiles_inds': [23]}]",0.0
12,median,CP1C2C3CCC(C3)C12,[1],[],0.0
12,median,Nc1ccccc1S(=O)(=O)NCC(=O)[O-],"[14, 0]",[],0.0
12,median,CCOC(=O)C(C(=N)c1c(F)c(F)c(F)c(F)c1F)=P(c1ccccc1)(c1ccccc1)c1ccccc1,[7],"[{'functional_group': 'methyl_ester', 'smiles_inds': [28]}]",0.0
12,median,[NH3+]C12CNCCNCC([NH2+]CCCCCCCCCCCCC)(CNCCNC1)CNCCNC2,"[6, 3, 24, 27, 30, 33]","[{'functional_group': '2-methylbenzoic_acid', 'smiles_inds': [34]}, {'functional_group': 'phenyl', 'smiles_inds': [0]}, {'functional_group': '2-hydroxypyridine', 'smiles_inds': [23]}, {'functional_group': '2-methylbenzoic_acid', 'smiles_inds': [29]}, {'functional_group': 'phenyl', 'smiles_inds': [20]}, {'functional_group': 'ketone', 'smiles_inds': [13]}, {'functional_group': 'ethyl_ester', 'smiles_inds': [17]}, {'functional_group': 'phenyl', 'smiles_inds': [18]}, {'functional_group': 'methyl_ester', 'smiles_inds': [21]}]",0.0
12,median,N1C=NC(=N1)C1=NN=N[N-]1,"[2, 9]","[{'functional_group': 'carbonyl', 'smiles_inds': [1]}, {'functional_group': 'ketone', 'smiles_inds': [0]}]",0.0
12,median,O=N(=O)CN1C=NN=N1,[6],"[{'functional_group': 'carboxyl', 'smiles_inds': [3]}]",0.0
12,median,FS(F)(F)(F)(F)c1ccc([c-]c1)N1C=CC=N1,"[10, 16]",[],0.0
12,median,CCN(CC)CC[O-],"[2, 7]",[],0.0
12,median,CCCCN1N=C(C)N=C1c1ccccn1,"[4, 8]",[],0.0
12,median,C[Si](C)(O)[Si](C)(C)O,"[7, 3]",[],0.0
12,median,COc1ccc2ccccc2c1c1ccccc1P(c1ccccc1)c1ccccc1,[18],"[{'functional_group': 'phosphonate', 'smiles_inds': [23]}, {'functional_group': 'ethyl_ester', 'smiles_inds': [30]}]",0.0
12,median,CC1=NC=C(N1)N(=O)=O,[2],"[{'functional_group': 'chloro', 'smiles_inds': [3]}, {'functional_group': 'phenyl', 'smiles_inds': [0]}]",0.0
12,median,CC(=N)C=N,"[2, 4]","[{'functional_group': 'ketone', 'smiles_inds': [3]}]",0.0
12,median,CN(C)Cc1cc(C)cc(c1[O-])C(C)(C)C,"[1, 11]",[],0.0
12,top,CO,[1],"[{'functional_group': 'chloro', 'smiles_inds': [0]}]",0.0
12,top,CC1=NN=C(SCc2nc3ccccc3nc2CSC2=NN=C(C)S2)S1,[2],[],0.0
12,top,CC(C)(C)c1cc(c2cccc(n2)c2cccc[c-]2)c([O-])c(c1)C(C)(C)C,"[20, 12, 18]","[{'functional_group': 'phenyl', 'smiles_inds': [26]}, {'functional_group': 'aldehyde', 'smiles_inds': [16]}]",0.0
12,top,[NH3+]C12CNCCNCC([NH2+]CCCCCCCCCCCCC)(CNCCNC1)CNCCNC2,"[6, 3, 24, 27, 30, 33]","[{'functional_group': 'trifluro', 'smiles_inds': [20]}, {'functional_group': 'ethyl_ester', 'smiles_inds': [28]}]",0.0
12,top,CC(C)(C)[P](=O)c1ccccc1,[4],"[{'functional_group': '2-hydroxypyridine', 'smiles_inds': [3]}]",0.0
12,top,CC(C)NC1=PP1C([Si](C)(C)C)[Si](C)(C)C,[6],"[{'functional_group': 'ethyl', 'smiles_inds': [2]}]",0.0
12,top,Cc1cccnc1C1=NC(=N[N-]1)c1ccncc1,"[11, 5]","[{'functional_group': '2-hydroxypyridine', 'smiles_inds': [17]}]",0.0
12,top,CC1=C(C)N=C(O1)C=C([O-])C(F)(F)F,"[9, 4]","[{'functional_group': 'chloro', 'smiles_inds': [0]}, {'functional_group': 'ketone', 'smiles_inds': [7]}]",0.0
12,top,PC1CCCCC1,[0],"[{'functional_group': 'carboxyl', 'smiles_inds': [2]}, {'functional_group': '2-methylbenzoic_acid', 'smiles_inds': [5]}]",0.0
12,top,Cc1cc(cc(C)c1O)N=[NH+]c1ccccc1C(=O)[O-],[19],"[{'functional_group': 'hydroxyl', 'smiles_inds': [4]}]",0.0
12,top,CCN1C=CN=C1N=Nc1ccccc1,"[5, 8]",[],0.0
12,top,OC(=O)CCCc1ccncc1,[9],"[{'functional_group': 'carboxyl', 'smiles_inds': [4]}]",0.0
12,top,O=[S](=O)CC=Cc1ccccc1,[1],"[{'functional_group': 'trichloro', 'smiles_inds': [11]}]",0.0
12,top,ONC(=NO)c1ccncc1,[8],"[{'functional_group': 'phenyl', 'smiles_inds': [9]}]",0.0
12,top,C(C=Cc1ccncc1)=Cc1ccncc1,[6],"[{'functional_group': 'bromo', 'smiles_inds': [14]}]",0.0
12,top,C1COc2cccnc2c2ncccc2OC1,"[7, 10]",[],0.0
12,top,COc1ccc([O-])c(CN(CCN(Cc2ccccn2)Cc2cc(OC)ccc2[O-])Cc2ccccn2)c1,"[6, 36, 9, 29, 19, 12]","[{'functional_group': '2-methylbenzoic_acid', 'smiles_inds': [37]}, {'functional_group': 'cyano', 'smiles_inds': [16]}]",0.0
12,top,Cc1ccc(nc1)c1ccccc1NCc1ccccn1,"[20, 13, 5]","[{'functional_group': 'carbonyl', 'smiles_inds': [10]}, {'functional_group': 'amide', 'smiles_inds': [3]}]",0.0
12,top,CCCCNc1ccc(cc1N(=O)=O)C(=C1C=CC=N1)C1=CC=C[N-]1,"[24, 19]","[{'functional_group': 'ketone', 'smiles_inds': [3]}]",0.0
12,top,Nc1[nH+]cnc2N(C=Nc12)C1OC(COP(=O)([O-])OP(=O)([O-])OP(O)(=O)[O-])C(O)C1O,"[17, 21, 26]","[{'functional_group': 'amide', 'smiles_inds': [12]}, {'functional_group': 'phosphonate', 'smiles_inds': [3]}]",0.0
13,bottom,NNc1[c-]ccc(Cl)c1N=O,"[3, 0]","[{'functional_group': 'methyl_ester', 'smiles_inds': [5]}]",0.0
13,bottom,O=C1Oc2ccccc2C=C1[S-],"[11, 0]","[{'functional_group': 'carbonyl', 'smiles_inds': [4]}, {'functional_group': 'carboxylate', 'smiles_inds': [7]}]",0.0
13,bottom,CC(C)(C)C1=NN(Cc2ccccn2)C=C1,"[6, 5]","[{'functional_group': 'carboxylate', 'smiles_inds': [7]}, {'functional_group': 'hydroxyl', 'smiles_inds': [0]}, {'functional_group': 'aldehyde', 'smiles_inds': [15]}]",0.0
13,bottom,CCOc1cc2ccccc2c(C=NCC(C)(C)CNCCNCC(C)(C)CN=Cc2c([O-])c(OCC)cc3ccccc23)c1[O-],"[45, 19, 13, 32, 22, 28]",[],0.0
13,bottom,CCC1COC(=N1)C1=CN(Cc2ccccc2)N=N1,"[6, 18]","[{'functional_group': 'trichloro', 'smiles_inds': [0]}]",0.0
13,bottom,CC(=Nc1c(cc(C(c2ccccc2)c2ccccc2)c2ccccc12)C(c1ccccc1)c1ccccc1)C(C)=Nc1c(cc(C(c2ccccc2)c2ccccc2)c2ccccc12)C(c1ccccc1)c1ccccc1,"[2, 41]",[],0.0
13,bottom,N1C=NC(=N1)C1=NN=N[N-]1,"[2, 9]","[{'functional_group': 'carboxylate', 'smiles_inds': [0]}, {'functional_group': 'amide', 'smiles_inds': [1]}]",0.0
13,bottom,CCO[P](=O)OCC,[3],[],0.0
13,bottom,Cc1cccc(C)c1N=C1c2cccc3cccc(C1=Nc1c(cc(cc1C(c1ccccc1)c1ccccc1)C(c1ccccc1)c1ccccc1)C(c1ccccc1)c1ccccc1)c23,"[8, 20]",[],0.0
13,bottom,CNC(=O)c1ccccc1C(=[C-]C(=O)OC)c1ccccc1,"[11, 3]",[],0.0
13,bottom,CCC(=N)NC(=Nc1ccccc1)c1ccccc1,"[3, 6]",[],0.0
13,bottom,CC(C)NC(=[NH+]C(C)C)[P](=O)C(c1ccccc1)(c1ccccc1)c1ccccc1,[9],"[{'functional_group': 'amino', 'smiles_inds': [28]}]",0.0
13,bottom,CN1c2ccccc2C2=C1C([CH2-])CN(CC=C)C2,"[13, 11]","[{'functional_group': 'aldehyde', 'smiles_inds': [10]}]",0.0
13,bottom,[NH3+]C12CNCCNCC([NH2+]CCCCCCCCCCCCC)(CNCCNC1)CNCCNC2,"[6, 3, 24, 27, 30, 33]","[{'functional_group': '2-methylbenzoic_acid', 'smiles_inds': [34]}, {'functional_group': 'phenyl', 'smiles_inds': [0]}, {'functional_group': '2-hydroxypyridine', 'smiles_inds': [23]}, {'functional_group': '2-methylbenzoic_acid', 'smiles_inds': [29]}, {'functional_group': 'phenyl', 'smiles_inds': [20]}, {'functional_group': '2-hydroxypyridine', 'smiles_inds': [31]}, {'functional_group': '2-methylbenzoic_acid', 'smiles_inds': [32]}, {'functional_group': 'phenyl', 'smiles_inds': [21]}, {'functional_group': 'ketone', 'smiles_inds': [2]}, {'functional_group': '2-methylbenzoic_acid', 'smiles_inds': [19]}, {'functional_group': 'methyl_ester', 'smiles_inds': [9]}, {'functional_group': 'ethyl', 'smiles_inds': [25]}, {'functional_group': 'ether', 'smiles_inds': [4]}, {'functional_group': 'ethyl', 'smiles_inds': [17]}]",0.0
13,bottom,N1C=NC(=N1)C1=NN=N[N-]1,"[2, 9]","[{'functional_group': 'carbonyl', 'smiles_inds': [0]}]",0.0
13,bottom,Fc1c(F)c(F)c(c2ccccn2)c([C-]=C(c2ccccc2)C(=O)c2ccccc2)c1F,"[23, 12, 14]","[{'functional_group': 'cyano', 'smiles_inds': [18]}]",0.0
13,bottom,CC(C)c1cccc(C(C)C)c1N=CC1=CC=CO1,"[12, 18]","[{'functional_group': 'phenyl', 'smiles_inds': [5]}]",0.0
13,bottom,OC(=O)c1cc(nc(c1)c1cccc[c-]1)c1ccccn1,"[6, 20, 14]",[],0.0
13,bottom,COC(=O)C1=C(C(=O)OC)C(=NP1C([Si](C)(C)C)[Si](C)(C)C)N(C)C,[12],[],0.0
13,bottom,COC1(C)C(=NC2CCCCC2)C(=NC2CCCCC2)C1(C)OC,"[5, 13]",[],0.0
13,median,N1C=NC(=N1)C1=NN=N[N-]1,"[2, 9]","[{'functional_group': 'carboxylate', 'smiles_inds': [0]}, {'functional_group': 'phosphonate', 'smiles_inds': [1]}]",0.0
13,median,CC1(C)COC(=N1)c1cc(ccc1[S-])N(=O)=O,"[13, 6]",[],0.0
13,median,COc1ccc(cc1)c1ccc(N)cc1,[12],"[{'functional_group': 'methyl', 'smiles_inds': [7]}, {'functional_group': 'fluoro', 'smiles_inds': [9]}]",0.0
13,median,c1ccc(nc1)c1cccc(n1)c1cc(ncn1)c1ccccn1,"[23, 15]",[],0.0
13,median,ONC(=NO)c1ccncc1,[8],"[{'functional_group': 'ether', 'smiles_inds': [6]}, {'functional_group': 'amino', 'smiles_inds': [10]}]",0.0
13,median,CC(C)(C)[Sb](C(C)(C)C)C(C)(C)C,[4],"[{'functional_group': 'ethyl_ester', 'smiles_inds': [6]}, {'functional_group': 'carboxyl', 'smiles_inds': [10]}]",0.0
13,median,CC(C)(C)NC(C(NC(C)(C)C)c1ccccc1)C(=O)NC(C)(C)C,"[4, 7]","[{'functional_group': 'trifluro', 'smiles_inds': [17]}, {'functional_group': 'phenyl', 'smiles_inds': [15]}]",0.0
13,median,Cc1[nH+][c-]ccc1,[3],"[{'functional_group': 'carbonyl', 'smiles_inds': [5]}, {'functional_group': 'methyl', 'smiles_inds': [4]}, {'functional_group': 'trifluro', 'smiles_inds': [6]}]",0.0
13,median,CC1=NN(C(N2N=C(C)C=C2C)C(=NC2CCCCC2)[N-]C2CCCCC2)C(=C1)C,"[6, 2, 20]","[{'functional_group': 'carboxyl', 'smiles_inds': [18]}]",0.0
13,median,C1Cc2cccnc2N1C1=[C-]c2ccccc2C1,"[8, 10]","[{'functional_group': 'amide', 'smiles_inds': [3]}]",0.0
13,median,Cc1cccc(C)c1N=C(C)C(C)=Nc1cc(cc(c1)C(F)(F)F)C(F)(F)F,"[8, 13]",[],0.0
13,median,C(N1Cc2ccc3ccccc3c2c2c(C1)ccc1ccccc21)c1ccccc1P(c1ccccc1)c1ccccc1,"[30, 1]",[],0.0
13,median,COP(C1CCCCC1)C1CCCCC1,[2],"[{'functional_group': 'trifluro', 'smiles_inds': [5]}]",0.0
13,median,CCOC(=O)c1ccc([c-]c1)c1ccc(F)cn1,"[17, 9]",[],0.0
13,median,CC(N)CN,"[4, 2]",[],0.0
13,median,C[Sb](C)C,[1],"[{'functional_group': 'iodo', 'smiles_inds': [3]}]",0.0
13,median,O=C1NC(=O)c2cnccc12,[7],"[{'functional_group': 'ethyl', 'smiles_inds': [2]}, {'functional_group': 'amide', 'smiles_inds': [6]}]",0.0
13,median,CC(=NNC(N)=S)C(C)(C)NO,"[6, 10, 2]","[{'functional_group': 'carboxyllic_acid', 'smiles_inds': [9]}]",0.0
13,median,IC1=C(N=NN1Cc1ccc2ccc3cccc4ccc1c2c34)c1ccccn1,"[5, 3]",[],0.0
13,median,COc1ccc(C)cc1[N-]c1cccc(C)c1c1c(C)cccc1[N-]c1cc(cc(c1)C(C)(C)C)C(C)(C)C,"[9, 1, 24]","[{'functional_group': 'trifluro', 'smiles_inds': [7]}]",0.0
13,top,Cc1ccc(cc1)C=CC(C=Cc1ccc(C)cc1)=NN=C([S-])SCc1ccccc1,"[22, 19]","[{'functional_group': 'ethyl', 'smiles_inds': [7]}]",0.0
13,top,CC1(CCCN1)c1ccccc1,[5],[],0.0
13,top,Cc1cc(C)c(N=Cc2ccccc2P(c2ccccc2)c2ccccc2)c(C)c1,"[14, 6]","[{'functional_group': 'bromo', 'smiles_inds': [11]}]",0.0
13,top,NCCN=NO,"[0, 4]","[{'functional_group': 'methyl', 'smiles_inds': [1]}, {'functional_group': 'cyano', 'smiles_inds': [5]}, {'functional_group': 'cyanimide', 'smiles_inds': [2]}]",0.0
13,top,CC(C)(C)P(CCCCP(C(C)(C)C)C(C)(C)C)C(C)(C)C,"[4, 9]","[{'functional_group': 'trifluro', 'smiles_inds': [13]}]",0.0
13,top,CN(CCO)c1ccc(cc1)C=NN=C([S-])SCc1ccccc1,"[15, 12]",[],0.0
13,top,O=C1C=CC=CC1=C1Oc2ccccc2C(=O)[N-]1,"[0, 17]",[],0.0
13,top,CCCN1C(=Nc2ccccc12)CN1N=C(C)C=C1C,"[5, 14]",[],0.0
13,top,CC(C)(C)P1P(P(P1c1ccccn1)C(C)(C)C)c1ccccn1,"[4, 13]",[],0.0
13,top,CC(C)C1COC(=N1)Cc1cccc(CC2=NC(CO2)C(C)C)[c-]1,"[7, 16, 23]","[{'functional_group': 'hydroxyl', 'smiles_inds': [20]}]",0.0
13,top,C1C=C(P(C2C=Cc3ccccc23)C2C=Cc3ccccc23)c2ccccc12,[3],"[{'functional_group': 'chloro', 'smiles_inds': [19]}]",0.0
13,top,FC(F)(F)C1=CC=NN1,[7],"[{'functional_group': 'carboxylate', 'smiles_inds': [6]}, {'functional_group': 'amide', 'smiles_inds': [8]}]",0.0
13,top,CN(C)C(=S)C(C)(C)C,[4],"[{'functional_group': '2-hydroxypyridine', 'smiles_inds': [7]}]",0.0
13,top,CN1C(=N)C(=N)C(=O)N(C)C1=O,"[3, 5]","[{'functional_group': 'hydroxyl', 'smiles_inds': [0]}, {'functional_group': 'carboxylate', 'smiles_inds': [9]}]",0.0
13,top,CCOP(OCC)(O[Si-](c1ccccc1)c1ccccc1)=Nc1c(C)cccc1C,"[8, 21]","[{'functional_group': 'ether', 'smiles_inds': [19]}, {'functional_group': 'carboxyllic_acid', 'smiles_inds': [12]}]",0.0
13,top,FC(F)(F)C(OP(OC1CCCC1OP(OC(C(F)(F)F)C(F)(F)F)OC(C(F)(F)F)C(F)(F)F)OC(C(F)(F)F)C(F)(F)F)C(F)(F)F,"[6, 14]",[],0.0
13,top,COC(=O)C(CC1=CNC=N1)N=Cc1ccccc1[O-],"[19, 11, 10]","[{'functional_group': 'ketone', 'smiles_inds': [8]}]",0.0
13,top,O=C([O-])CC1=Nc2ccccc2N1,"[2, 5]","[{'functional_group': 'methyl_ester', 'smiles_inds': [10]}, {'functional_group': 'hydroxyl', 'smiles_inds': [9]}, {'functional_group': 'cyano', 'smiles_inds': [12]}]",0.0
13,top,CC(C)NCCCN,"[3, 7]",[],0.0
13,top,NNC(=O)C1=CC=CN1,"[3, 0]","[{'functional_group': 'methyl', 'smiles_inds': [5]}]",0.0
14,bottom,CC(=N)NC1=NN=CS1,"[5, 2]","[{'functional_group': 'amide', 'smiles_inds': [3]}]",0.0
14,bottom,CC(C)c1cc(C(C)C)c(c(c1)C(C)C)[Si](F)([C-]=C(c1ccccc1)C(C)(C)C)c1c(cc(cc1C(C)C)C(C)C)C(C)C,"[17, 16]","[{'functional_group': 'fluoro', 'smiles_inds': [37]}, {'functional_group': 'trifluro', 'smiles_inds': [33]}]",0.0
14,bottom,CC(CN(C)CCc1ccccn1)S(=O)(=O)[O-],"[16, 12, 3]","[{'functional_group': 'ethyl', 'smiles_inds': [1]}]",0.0
14,bottom,c1ccc2c(c1)c1cccnc1c1ncccc21,"[10, 13]","[{'functional_group': 'phenyl', 'smiles_inds': [9]}]",0.0
14,bottom,CC(C=C([O-])c1ccccc1)=NN=C([S-])c1ccccc1,"[14, 4, 11]","[{'functional_group': 'chloro', 'smiles_inds': [20]}]",0.0
14,bottom,CCC(C)c1ccc2ccc3c(C)cc(nc3c2n1)C(C)CC,"[15, 18]","[{'functional_group': 'iodo', 'smiles_inds': [6]}]",0.0
14,bottom,CC1CC(C)(C)NCCN(Cc2cc(C)cc(C=O)c2[O-])C(C)CC(C)(C)NCCN1Cc1cc(C)cc(C=O)c1[O-],"[41, 20, 30, 6, 9, 27]","[{'functional_group': 'chloro', 'smiles_inds': [2]}, {'functional_group': 'phenyl', 'smiles_inds': [35]}]",0.0
14,bottom,[NH3+]C12CNCCNCC([NH2+]CCCCCCCCCCCCC)(CNCCNC1)CNCCNC2,"[6, 3, 24, 27, 30, 33]","[{'functional_group': '2-methylbenzoic_acid', 'smiles_inds': [34]}, {'functional_group': 'phenyl', 'smiles_inds': [0]}, {'functional_group': '2-hydroxypyridine', 'smiles_inds': [23]}, {'functional_group': '2-methylbenzoic_acid', 'smiles_inds': [29]}, {'functional_group': 'phenyl', 'smiles_inds': [20]}, {'functional_group': '2-hydroxypyridine', 'smiles_inds': [31]}, {'functional_group': '2-methylbenzoic_acid', 'smiles_inds': [32]}, {'functional_group': 'phenyl', 'smiles_inds': [21]}, {'functional_group': 'ketone', 'smiles_inds': [2]}, {'functional_group': 'ethyl_ester', 'smiles_inds': [13]}, {'functional_group': 'ethyl', 'smiles_inds': [28]}, {'functional_group': 'phenyl', 'smiles_inds': [22]}, {'functional_group': '2-hydroxypyridine', 'smiles_inds': [26]}, {'functional_group': 'methyl_ester', 'smiles_inds': [5]}, {'functional_group': '2-methylbenzoic_acid', 'smiles_inds': [12]}, {'functional_group': 'phenyl', 'smiles_inds': [15]}, {'functional_group': '2-methylbenzoic_acid', 'smiles_inds': [17]}, {'functional_group': 'ethyl_ester', 'smiles_inds': [4]}, {'functional_group': 'ethyl_ester', 'smiles_inds': [10]}, {'functional_group': 'phosphonate', 'smiles_inds': [9]}]",0.0
14,bottom,IC(P(c1ccccc1)c1ccccc1)=C([O-])c1ccccc1,"[2, 16]","[{'functional_group': 'hydroxyl', 'smiles_inds': [4]}]",0.0
14,bottom,Cc1ccc(Sc2cc(ccc2Nc2ccc(cc2S(=O)c2ccc(C)cc2)C(C)(C)C)C(C)(C)C)cc1,"[19, 5, 12]",[],0.0
14,bottom,Oc1cc(ncc1N(=O)=O)C(=O)[O-],"[12, 4]","[{'functional_group': 'iodo', 'smiles_inds': [5]}]",0.0
14,bottom,N1C=NC(=C1C1=NNN=N1)C1=NN=NN1,"[2, 11]","[{'functional_group': 'methyl_ester', 'smiles_inds': [14]}, {'functional_group': 'carboxyllic_acid', 'smiles_inds': [1]}]",0.0
14,bottom,O=Cc1ccc(cc1)C1=Nc2c(N1)c1cccnc1c1ncccc21,"[20, 17]",[],0.0
14,bottom,CC1=NN(C(=C1C(=NNc1ccc(cc1N(=O)=O)N(=O)=O)c1ccccc1)[O-])c1ccccc1,"[2, 27]","[{'functional_group': 'thiol', 'smiles_inds': [31]}]",0.0
14,bottom,S1C=CN=C1N1C=NN=N1,[7],"[{'functional_group': 'chloro', 'smiles_inds': [6]}, {'functional_group': 'amino', 'smiles_inds': [2]}, {'functional_group': 'fluoro', 'smiles_inds': [1]}]",0.0
14,bottom,CC(C)C1=NN(C(N2N=C(C=C2C(C)C)C(C)C)c2ccccc2Sc2ccccc2)C(=C1)C(C)C,"[4, 8]",[],0.0
14,bottom,CC1=NC=C(N1CCCl)N(=O)=O,[2],"[{'functional_group': 'chloro', 'smiles_inds': [3]}]",0.0
14,bottom,C1CC(OP(c2ccccc2)c2ccccc2)C2=Nc3ccccc3N2C1,"[4, 18]","[{'functional_group': 'bromo', 'smiles_inds': [0]}, {'functional_group': 'trichloro', 'smiles_inds': [8]}]",0.0
14,bottom,[O-]c1ccc(N=Nc2ccccn2)c([O-])c1,"[14, 12, 5]","[{'functional_group': 'ethyl_ester', 'smiles_inds': [11]}]",0.0
14,bottom,[NH3+]C12CNCCNCC([NH2+]CCCCCCCCCCCCC)(CNCCNC1)CNCCNC2,"[6, 3, 24, 27, 30, 33]","[{'functional_group': '2-methylbenzoic_acid', 'smiles_inds': [34]}, {'functional_group': 'phenyl', 'smiles_inds': [0]}, {'functional_group': '2-hydroxypyridine', 'smiles_inds': [23]}, {'functional_group': '2-methylbenzoic_acid', 'smiles_inds': [29]}, {'functional_group': 'phenyl', 'smiles_inds': [20]}, {'functional_group': '2-hydroxypyridine', 'smiles_inds': [31]}, {'functional_group': '2-methylbenzoic_acid', 'smiles_inds': [32]}, {'functional_group': 'phenyl', 'smiles_inds': [21]}, {'functional_group': 'ketone', 'smiles_inds': [2]}, {'functional_group': '2-methylbenzoic_acid', 'smiles_inds': [19]}, {'functional_group': 'methyl_ester', 'smiles_inds': [9]}, {'functional_group': 'ethyl', 'smiles_inds': [25]}, {'functional_group': 'ether', 'smiles_inds': [4]}, {'functional_group': 'cyanimide', 'smiles_inds': [11]}]",0.0
14,median,CC(C)P(CC([CH2-])[P](C)(c1ccccc1)c1ccccc1)C(C)C,"[6, 3]","[{'functional_group': 'tribromo', 'smiles_inds': [4]}]",0.0
14,median,Oc1c2ccccc2c([O-])c2ccc3nc4c5cccnc5c5ncccc5c4nc3c12,"[23, 20]","[{'functional_group': 'phenyl', 'smiles_inds': [18]}, {'functional_group': 'amino', 'smiles_inds': [24]}, {'functional_group': 'hydroxyl', 'smiles_inds': [3]}]",0.0
14,median,Cc1ccc(cc1)N1CP(CN(CP(C1)c1ccccc1)c1ccc(C)cc1)c1ccccc1,"[13, 9]","[{'functional_group': 'thiol', 'smiles_inds': [19]}]",0.0
14,median,C[Si](C)(C)C(P(Cl)Oc1ccccc1)[Si](C)(C)C,[5],"[{'functional_group': 'carbonyl', 'smiles_inds': [9]}]",0.0
14,median,O=C(NCCN(Cc1ccccn1)Cc1ccccn1)c1ccccc1,"[12, 5, 19]","[{'functional_group': 'methyl', 'smiles_inds': [10]}, {'functional_group': 'methyl', 'smiles_inds': [4]}, {'functional_group': 'cyano', 'smiles_inds': [9]}]",0.0
14,median,CC(=NN)C(C)=NN,"[2, 6]","[{'functional_group': 'ether', 'smiles_inds': [0]}, {'functional_group': 'trifluro', 'smiles_inds': [7]}]",0.0
14,median,Clc1ccc(Cl)c(c1)N=Cc1ccccn1,"[15, 8]",[],0.0
14,median,CSCC12CCC(CC1OP1N3CCCC3CN1c1ccccc1)C2(C)C,"[10, 1]","[{'functional_group': 'cyanimide', 'smiles_inds': [12]}, {'functional_group': 'methyl_ester', 'smiles_inds': [15]}]",0.0
14,median,CC1=CC=C(O1)C=NNC(N)=S,"[11, 7]",[],0.0
14,median,[NH3+]C12CNCCNCC([NH2+]CCCCCCCCCCCCC)(CNCCNC1)CNCCNC2,"[6, 3, 24, 27, 30, 33]","[{'functional_group': 'amide', 'smiles_inds': [10]}, {'functional_group': 'tribromo', 'smiles_inds': [22]}]",0.0
14,median,CC1=NC(=CN1)C=NC1CCCCC1N,"[2, 7, 14]","[{'functional_group': 'tribromo', 'smiles_inds': [9]}]",0.0
14,median,CC(=NNC(=O)c1ccccn1)c1ccccn1,"[5, 17, 2]","[{'functional_group': 'cyanimide', 'smiles_inds': [3]}]",0.0
14,median,CC(CP(c1ccccc1)c1ccccc1)c1ccccc1NCP(c1ccccc1)c1ccccc1,"[24, 3]",[],0.0
14,median,c1ccc(nc1)c1cc(cc(n1)c1ccccn1)C#Cc1ccncc1,"[4, 17, 11]","[{'functional_group': 'fluoro', 'smiles_inds': [14]}]",0.0
14,median,COc1ccc([O-])c(c1)C(C)=NN=C([O-])c1ccccc1N,"[6, 14, 11]","[{'functional_group': 'trichloro', 'smiles_inds': [21]}]",0.0
14,median,CCCN=Cc1c([O-])ccc2ccccc12,"[3, 7]",[],0.0
14,median,CN(C)C(=S)SSC(=S)N(C)C,"[4, 8]","[{'functional_group': 'thiol', 'smiles_inds': [11]}]",0.0
14,median,CCCCSC(N)=NN=Cc1c([O-])ccc2ccccc12,"[12, 8, 6]",[],0.0
14,median,FC(F)(F)C(C=C([O-])c1ccccc1c1ccccc1)=Nc1ccccc1,"[7, 20]","[{'functional_group': 'carbonyl', 'smiles_inds': [16]}, {'functional_group': 'carboxyl', 'smiles_inds': [22]}, {'functional_group': 'chloro', 'smiles_inds': [5]}]",0.0
14,median,N=CC(=O)N(Cc1ccccc1)Cc1ccccc1,"[3, 0]","[{'functional_group': '2-hydroxypyridine', 'smiles_inds': [12]}]",0.0
14,top,CCN1c2ccccc2N=C1c1cccc(n1)C1=Nc2ccccc2[N-]1,"[9, 2, 25]","[{'functional_group': 'chloro', 'smiles_inds': [14]}]",0.0
14,top,Cc1cc(C)nc(NN=C(C)c2ccc(O)cc2[O-])n1,"[8, 18, 19]","[{'functional_group': 'methyl', 'smiles_inds': [13]}]",0.0
14,top,CCN(CC)C(=O)COCC(=O)[O-],"[12, 8, 6]","[{'functional_group': 'amino', 'smiles_inds': [1]}]",0.0
14,top,CCc1ccc(NC2=CC(=Nc3ccc(CC)cc3)C(C=C2Nc2ccc(CC)cc2)=Nc2ccc(CC)cc2)cc1,"[31, 10]","[{'functional_group': 'hydroxyl', 'smiles_inds': [8]}]",0.0
14,top,NNCC(F)(F)F,[0],"[{'functional_group': 'ethyl_ester', 'smiles_inds': [1]}]",0.0
14,top,CN(C)CCCP(c1ccccc1)c1ccccc1,"[6, 1]","[{'functional_group': '2-methylbenzoic_acid', 'smiles_inds': [14]}, {'functional_group': 'carboxyllic_acid', 'smiles_inds': [17]}]",0.0
14,top,[NH3+]C12CNCCNCC([NH2+]CCCCCCCCCCCCC)(CNCCNC1)CNCCNC2,"[6, 3, 24, 27, 30, 33]","[{'functional_group': '2-methylbenzoic_acid', 'smiles_inds': [34]}, {'functional_group': 'phenyl', 'smiles_inds': [0]}, {'functional_group': '2-hydroxypyridine', 'smiles_inds': [23]}, {'functional_group': '2-methylbenzoic_acid', 'smiles_inds': [29]}, {'functional_group': 'phenyl', 'smiles_inds': [20]}, {'functional_group': '2-hydroxypyridine', 'smiles_inds': [31]}, {'functional_group': '2-methylbenzoic_acid', 'smiles_inds': [32]}, {'functional_group': 'phenyl', 'smiles_inds': [21]}, {'functional_group': 'ketone', 'smiles_inds': [2]}, {'functional_group': 'fluoro', 'smiles_inds': [7]}, {'functional_group': 'ethyl_ester', 'smiles_inds': [26]}]",0.0
14,top,CC1=C(C)SC(S1)=CP(c1ccccc1)c1ccccc1,[8],"[{'functional_group': 'aldehyde', 'smiles_inds': [10]}, {'functional_group': 'trichloro', 'smiles_inds': [13]}]",0.0
14,top,S=C([S-])C1=CNC=N1,"[2, 7]","[{'functional_group': '2-hydroxypyridine', 'smiles_inds': [6]}, {'functional_group': 'carboxyllic_acid', 'smiles_inds': [5]}]",0.0
14,top,CC1=C(C)N([O-])C(=[NH+]1)C1=NC=CN1,"[9, 5]",[],0.0
14,top,COc1cccc(CNCCP(c2ccccc2)c2ccccc2)n1,"[24, 8, 11]","[{'functional_group': 'amide', 'smiles_inds': [9]}]",0.0
14,top,NC([S-])=NN=CC1=CNC(=O)N=C1[O-],"[2, 13, 4]","[{'functional_group': 'bromo', 'smiles_inds': [8]}, {'functional_group': 'cyanimide', 'smiles_inds': [7]}]",0.0
14,top,CCSCCCl,[2],"[{'functional_group': 'amino', 'smiles_inds': [1]}, {'functional_group': 'thiol', 'smiles_inds': [4]}]",0.0
14,top,Fc1c[c-]c(CN2C=CC=N2)c(F)c1,"[10, 3]","[{'functional_group': 'bromo', 'smiles_inds': [2]}, {'functional_group': 'trifluro', 'smiles_inds': [7]}]",0.0
14,top,Cc1cc(CN2C=CC(=N2)c2ccccn2)cc(CN2C=CC(=N2)c2ccccn2)c1,"[5, 9]","[{'functional_group': '2-methylbenzoic_acid', 'smiles_inds': [28]}]",0.0
14,top,CP(C1CN(CC1P(C)c1ccccc1)C(=O)OC(C)(C)C)c1ccccc1,"[7, 1]","[{'functional_group': 'tribromo', 'smiles_inds': [5]}, {'functional_group': 'carboxyl', 'smiles_inds': [24]}]",0.0
14,top,CC1(C)COC(=N1)c1ccccc1[N-]c1ccccc1Sc1ccccc1,"[20, 13, 6]",[],0.0
14,top,Fc1cccc(F)c1C1=Nc2ccccc2N1,[9],"[{'functional_group': 'carboxylate', 'smiles_inds': [16]}]",0.0
14,top,CC1=NN(c2ccccc2)C(=C1C(=O)c1ccccc1)O,[2],[],0.0
14,top,CC(C)(C)N[P](NC(C)(C)C)(P(Cl)C(C)(C)C)c1ccccc1,"[6, 4]",[],0.0
15,bottom,Fc1ccccc1c1nc2ccccc2cc1N=Cc1c(F)cccc1[O-],"[26, 17]",[],0.0
15,bottom,c1cnc2c(c1)c(C#Cc1ccc3ccc4cccc5ccc1c3c45)c(C#Cc1ccc3ccc4cccc5ccc1c3c45)c1cccnc21,"[2, 48]","[{'functional_group': 'ethyl', 'smiles_inds': [45]}, {'functional_group': 'cyanimide', 'smiles_inds': [21]}, {'functional_group': 'iodo', 'smiles_inds': [32]}]",0.0
15,bottom,Cc1cc(C)c(N=C2N([Ge](OS(=O)(=O)C(F)(F)F)N(C2=Nc2c(C)cc(C)cc2C)c2c(C)cc(C)cc2C)c2c(C)cc(C)cc2C)c(C)c1,"[6, 20]",[],0.0
15,bottom,CC(C)(C)c1cc(cc(c1[O-])C(C)(C)C)N=Nc1nncc2ccccc12,"[15, 18]",[],0.0
15,bottom,COc1ccc(C(=O)c2ccccc2)c([O-])c1,"[7, 15]","[{'functional_group': '2-hydroxypyridine', 'smiles_inds': [4]}]",0.0
15,bottom,[O-]c1ccccc1C=Nc1ccccc1C#N,"[8, 0]","[{'functional_group': 'fluoro', 'smiles_inds': [10]}]",0.0
15,bottom,CC(C)c1cccc(C(C)C)c1N=C([O-])N(C)C(C)c1ccccc1,"[14, 12]",[],0.0
15,bottom,CC(C)N1C=Nc2c(NCc3ccccc3)[nH+]c(NCCCO)nc12,[5],[],0.0
15,bottom,CC(C)C(N)C(N)=O,"[6, 4]",[],0.0
15,bottom,O=S(=O)(C1=NC=CS1)C1=NC=CS1,"[4, 9]","[{'functional_group': 'iodo', 'smiles_inds': [5]}, {'functional_group': 'hydroxyl', 'smiles_inds': [6]}, {'functional_group': 'carboxyl', 'smiles_inds': [11]}, {'functional_group': 'trichloro', 'smiles_inds': [10]}]",0.0
15,bottom,Cc1ccc(O)c(CN(CCN(Cc2ccccn2)Cc2ccccn2)Cc2ccccn2)c1,"[18, 11, 25, 8, 32, 5]",[],0.0
15,bottom,O=C1OCCCCCCCCCCCCOC(=O)c2cncc(c2)C(=O)OCCCCCCCCCCCCOC(=O)c2cncc1c2,"[44, 20]","[{'functional_group': 'carboxyllic_acid', 'smiles_inds': [13]}]",0.0
15,bottom,COC(=O)C(=Nc1c(C)cccc1C)C(=Nc1c(C)cccc1C)C(=O)OC,"[5, 15]","[{'functional_group': 'tribromo', 'smiles_inds': [19]}]",0.0
15,bottom,[NH3+]C12CNCCNCC([NH2+]CCCCCCCCCCCCC)(CNCCNC1)CNCCNC2,"[6, 3, 24, 27, 30, 33]","[{'functional_group': '2-methylbenzoic_acid', 'smiles_inds': [34]}, {'functional_group': 'phenyl', 'smiles_inds': [0]}, {'functional_group': '2-hydroxypyridine', 'smiles_inds': [23]}, {'functional_group': '2-methylbenzoic_acid', 'smiles_inds': [29]}, {'functional_group': 'phenyl', 'smiles_inds': [20]}, {'functional_group': 'ethyl_ester', 'smiles_inds': [4]}, {'functional_group': 'ethyl_ester', 'smiles_inds': [2]}, {'functional_group': 'ethyl', 'smiles_inds': [7]}, {'functional_group': 'ethyl_ester', 'smiles_inds': [25]}, {'functional_group': 'cyanimide', 'smiles_inds': [10]}]",0.0
15,bottom,COc1ccccc1P(C1CCCC1S(=O)(=O)[O-])c1ccccc1OC,"[8, 17]","[{'functional_group': 'methyl_ester', 'smiles_inds': [19]}]",0.0
15,bottom,CN1C=NC(=C1P(c1ccccc1)c1ccccc1)P(c1ccccc1)c1ccccc1,"[6, 19]",[],0.0
15,bottom,O=C1CSCCN1,[3],"[{'functional_group': 'carbonyl', 'smiles_inds': [6]}, {'functional_group': '2-hydroxypyridine', 'smiles_inds': [2]}]",0.0
15,bottom,N1C=NC(=N1)C1=NN=N[N-]1,"[2, 9]","[{'functional_group': 'cyano', 'smiles_inds': [1]}]",0.0
15,bottom,OC(=N)C=N,"[2, 4]","[{'functional_group': 'ethyl', 'smiles_inds': [0]}]",0.0
15,bottom,Fc1ccc(NC(=O)c2ccccc2P(c2ccccc2)c2ccccc2)cc1,"[14, 7]","[{'functional_group': 'methyl', 'smiles_inds': [25]}, {'functional_group': 'ether', 'smiles_inds': [11]}]",0.0
15,median,NNc1[c-]ccc(Cl)c1N=O,"[3, 0]","[{'functional_group': 'thiol', 'smiles_inds': [1]}]",0.0
15,median,O=C(CNC(=O)OCc1ccccc1)Nc1ccccc1P(c1ccccc1)c1ccccc1,[21],"[{'functional_group': 'aldehyde', 'smiles_inds': [18]}]",0.0
15,median,CC1=C([O-])C(=S)C=CO1,"[5, 3]","[{'functional_group': '2-methylbenzoic_acid', 'smiles_inds': [0]}]",0.0
15,median,Cc1cc(C)c(N=Cc2cc(Cl)cc(C=O)c2[O-])c(C)c1,"[6, 17]","[{'functional_group': 'cyano', 'smiles_inds': [4]}]",0.0
15,median,CN1c2ccccc2N2N=CN=C12,[11],[],0.0
15,median,[O-]c1ccccc1C=Nc1ccccc1[O-],"[15, 0, 8]",[],0.0
15,median,F[Sb](F)(c1ccccc1P(c1ccccc1)c1ccccc1)(c1ccccc1P(c1ccccc1)c1ccccc1)c1ccccc1P(c1ccccc1)c1ccccc1,"[9, 28, 47]","[{'functional_group': 'methyl_ester', 'smiles_inds': [36]}]",0.0
15,median,CCN(Cc1ccccc1)Cc1cc(C)cc(c1[O-])C(C)(C)C,"[2, 18]","[{'functional_group': 'methyl_ester', 'smiles_inds': [9]}, {'functional_group': 'methyl_ester', 'smiles_inds': [10]}]",0.0
15,median,COCC(C)=C([CH-]C(F)(F)F)C(F)(F)F,"[6, 1]",[],0.0
15,median,ONC(=NO)c1ccncc1,[8],"[{'functional_group': 'bromo', 'smiles_inds': [7]}]",0.0
15,median,c1ccc(cc1)c1cccc(n1)c1ccccc1,[11],"[{'functional_group': 'ethyl_ester', 'smiles_inds': [8]}, {'functional_group': 'cyanimide', 'smiles_inds': [17]}]",0.0
15,median,Clc1cccc(Cl)c1N=Nc1ccc2ccc3cccnc3c2n1,"[20, 23]",[],0.0
15,median,CC(C)CN(CC(C)C)C(=O)N(CC(C)C)CC(C)C,[10],"[{'functional_group': 'aldehyde', 'smiles_inds': [3]}]",0.0
15,median,CC(=O)OCc1cccc(P(c2ccccc2)c2ccccc2)c1N1CCc2ccccc12,[10],"[{'functional_group': 'tribromo', 'smiles_inds': [16]}, {'functional_group': 'carboxyllic_acid', 'smiles_inds': [26]}]",0.0
15,median,Fc1ccccc1C([O-])=NN=C(c1[nH+]cccc1)c1ccccn1,"[8, 23, 10]","[{'functional_group': 'amide', 'smiles_inds': [16]}, {'functional_group': 'cyanimide', 'smiles_inds': [17]}]",0.0
15,median,CCOC(=O)c1ccc(nc1)c1ccc(c[c-]1)C(=O)OCC,"[16, 9]","[{'functional_group': 'phosphonate', 'smiles_inds': [6]}]",0.0
15,median,Cc1cc(C(c2ccccc2)c2ccccc2)c(N=C2CCCCc3cc4CCCCC(=O)c4nc23)c(c1)C(c1ccccc1)c1ccccc1,"[34, 32, 18]",[],0.0
15,median,CN(C)CCNC1CCc2c1c([O-])c(cc2C(C)(C)C)C(C)(C)C,"[12, 5]","[{'functional_group': 'phenyl', 'smiles_inds': [7]}, {'functional_group': 'ketone', 'smiles_inds': [17]}]",0.0
15,median,Clc1ccc2N=C(OCc2c1)c1ccc2ccccc2n1,"[20, 5]","[{'functional_group': 'aldehyde', 'smiles_inds': [13]}, {'functional_group': '2-hydroxypyridine', 'smiles_inds': [10]}]",0.0
15,median,CC(C)N(C(C)C)[P+](=N)N(C(C)C)C(C)C,[3],"[{'functional_group': 'ethyl', 'smiles_inds': [6]}]",0.0
15,top,CC(CN=CC1=NNC=C1)(CN=CC1=NNC=C1)CN=CC1=NNC=C1,"[19, 3, 22, 6, 11, 14]","[{'functional_group': 'ether', 'smiles_inds': [17]}]",0.0
15,top,CC(=NN=C([O-])c1ccccc1)C1=CC=C[N-]1,"[5, 16, 2]","[{'functional_group': 'phenyl', 'smiles_inds': [11]}]",0.0
15,top,O=C(c1ccccc1)c1cccc[c-]1,"[0, 13]",[],0.0
15,top,O=C(NC12CNCCNCC(CNCCNC1)(CNCCNC2)NC(=O)c1ccccc1S(=O)(=O)[O-])c1ccccc1S(=O)(=O)[O-],"[15, 12, 5, 21, 18, 8]",[],0.0
15,top,OC1=CC(=NN1c1c(Cl)cccc1Cl)c1cccc(n1)C1=NN(C(=C1)O)c1c(Cl)cccc1Cl,"[5, 4, 21]","[{'functional_group': 'amide', 'smiles_inds': [24]}]",0.0
15,top,CC(C)N(C(C)C)P1C(C=CC1c1ccccc1)c1ccccc1,[7],[],0.0
15,top,NNC(=O)C1=CC=CN1,"[3, 0]","[{'functional_group': 'fluoro', 'smiles_inds': [1]}]",0.0
15,top,CN(P(C1CCCCC1)C1CCCCC1)P(C1CCCCC1)C1CCCCC1,"[2, 15]",[],0.0
15,top,CC(CN=Cc1ccccc1O)(CN=Cc1ccccc1[O-])CN=Cc1ccccc1[O-],"[21, 31, 11, 13, 23, 3]","[{'functional_group': 'amide', 'smiles_inds': [28]}]",0.0
15,top,O=C1CSCCSCCSC1,"[3, 6, 9]","[{'functional_group': 'thiol', 'smiles_inds': [8]}, {'functional_group': 'iodo', 'smiles_inds': [2]}]",0.0
15,top,Oc1cc(ncc1N(=O)=O)C(=O)[O-],"[12, 4]","[{'functional_group': 'phosphonate', 'smiles_inds': [0]}, {'functional_group': 'aldehyde', 'smiles_inds': [5]}]",0.0
15,top,CCN(CC)c1ccc(C=Nc2cc(ccc2[O-])N(=O)=O)c([O-])c1,"[17, 10, 22]","[{'functional_group': 'thiol', 'smiles_inds': [15]}]",0.0
15,top,CC1=NC=CN1C(c1ccccc1)(c1ccccc1)c1ccccc1,[2],"[{'functional_group': 'chloro', 'smiles_inds': [23]}]",0.0
15,top,CCCCCN1c2ccccc2N=C1c1cc(cc([c-]1)C1=Nc2ccccc2N1CCCCC)C(C)(C)C,"[12, 21, 19]","[{'functional_group': 'bromo', 'smiles_inds': [25]}]",0.0
15,top,FC(F)(F)C([O-])=CC(=Nc1ccccc1P(c1ccccc1)c1ccccc1)c1ccccc1,"[15, 5, 8]","[{'functional_group': 'phenyl', 'smiles_inds': [26]}, {'functional_group': 'ether', 'smiles_inds': [27]}]",0.0
15,top,Oc1ccc(C=NCC(=O)[O-])c([O-])c1,"[12, 10, 6]","[{'functional_group': 'carboxyl', 'smiles_inds': [13]}, {'functional_group': 'carboxyl', 'smiles_inds': [2]}]",0.0
15,top,CC(=NN=C([S-])Nc1ccccc1)c1ccc(Cl)c[c-]1,"[2, 5, 19]","[{'functional_group': 'bromo', 'smiles_inds': [9]}]",0.0
15,top,FC(F)(F)c1cc[c-]c(C=NCc2ccccc2)c1,"[10, 7]",[],0.0
15,top,[NH3+]C12CNCCNCC([NH2+]CCCCCCCCCCCCC)(CNCCNC1)CNCCNC2,"[6, 3, 24, 27, 30, 33]","[{'functional_group': 'carboxyl', 'smiles_inds': [23]}]",0.0
15,top,FC(F)(F)c1ccc(cc1)c1cccc2cccc(N=C3c4cccc5cccc(C3=Nc3cccc6cccc(c7ccc(cc7)C(F)(F)F)c36)c45)c12,"[19, 31]",[],0.0
16,bottom,[NH3+]C12CNCCNCC([NH2+]CCCCCCCCCCCCC)(CNCCNC1)CNCCNC2,"[6, 3, 24, 27, 30, 33]","[{'functional_group': '2-methylbenzoic_acid', 'smiles_inds': [34]}, {'functional_group': 'phenyl', 'smiles_inds': [0]}, {'functional_group': '2-hydroxypyridine', 'smiles_inds': [23]}, {'functional_group': '2-methylbenzoic_acid', 'smiles_inds': [29]}, {'functional_group': 'phenyl', 'smiles_inds': [20]}, {'functional_group': '2-hydroxypyridine', 'smiles_inds': [31]}, {'functional_group': '2-methylbenzoic_acid', 'smiles_inds': [32]}, {'functional_group': 'phenyl', 'smiles_inds': [21]}, {'functional_group': 'ketone', 'smiles_inds': [2]}, {'functional_group': '2-methylbenzoic_acid', 'smiles_inds': [19]}, {'functional_group': 'methyl_ester', 'smiles_inds': [9]}, {'functional_group': '2-methylbenzoic_acid', 'smiles_inds': [11]}, {'functional_group': 'ethyl_ester', 'smiles_inds': [4]}, {'functional_group': 'aldehyde', 'smiles_inds': [28]}, {'functional_group': 'amide', 'smiles_inds': [17]}, {'functional_group': 'amide', 'smiles_inds': [7]}, {'functional_group': 'phenyl', 'smiles_inds': [26]}, {'functional_group': 'phenyl', 'smiles_inds': [13]}, {'functional_group': 'amide', 'smiles_inds': [15]}, {'functional_group': 'iodo', 'smiles_inds': [18]}, {'functional_group': 'hydroxyl', 'smiles_inds': [25]}]",0.0
16,bottom,c1ccc(cc1)c1cc(nc(c1)c1cccc[c-]1)c1ccccn1,"[9, 17, 23]","[{'functional_group': 'phenyl', 'smiles_inds': [19]}, {'functional_group': 'trifluro', 'smiles_inds': [22]}]",0.0
16,bottom,CC(C)P(Cc1cccc(n1)c1c(cccc1C(C)C)C(C)C)C(C)C,"[3, 10]","[{'functional_group': 'amino', 'smiles_inds': [23]}]",0.0
16,bottom,CC(C)(C)c1cc(CN2CCN(CC2)c2ccccc2)c([O-])c(c1)C(C)(C)C,"[21, 8]",[],0.0
16,bottom,FC(F)(F)c1cc2[N-]C(=Nc2c(c1)C(F)(F)F)c1cccc(n1)C1=Nc2c(cc(cc2C(F)(F)F)C(F)(F)F)[N-]1,"[39, 22, 7]","[{'functional_group': 'trichloro', 'smiles_inds': [27]}, {'functional_group': 'methyl', 'smiles_inds': [20]}]",0.0
16,bottom,COC(=O)C1=C(SC(S1)=C1Sc2c(S1)c1cccnc1c1ncccc21)C(=O)OC,"[18, 21]",[],0.0
16,bottom,O=Cc1cccc(C=O)c1c1ccnc(c1)c1cccc(n1)c1cc(ccn1)c1c(C=O)cccc1C=O,"[27, 13, 21]","[{'functional_group': 'chloro', 'smiles_inds': [26]}]",0.0
16,bottom,N=C(NC(=S)N1CCOCC1)c1ccccc1,[4],[],0.0
16,bottom,NCCNCCCN1C=Nc2c(N)ncnc12,"[0, 13, 7]","[{'functional_group': 'carboxyllic_acid', 'smiles_inds': [3]}]",0.0
16,bottom,Cc1ccc([O-])c(C=Nc2ccc(F)cc2)c1,"[8, 5]",[],0.0
16,bottom,NC(=[NH2+])NCCCC(N=Cc1c([O-])ccc2ccccc12)C(=O)[O-],"[23, 12, 8]",[],0.0
16,bottom,C=C(P(c1ccccc1)c1ccccc1)P(=O)(c1ccccc1)c1ccccc1,"[16, 2]","[{'functional_group': 'thiol', 'smiles_inds': [26]}, {'functional_group': 'fluoro', 'smiles_inds': [24]}]",0.0
16,bottom,I[Sb]C1(C)C(=C(C)C(=C1C)C)C,[1],[],0.0
16,bottom,Oc1cc2ccccc2cc1C([O-])=NN=Cc1ccccn1,"[12, 21, 14]",[],0.0
16,bottom,CC(C)C1NC(=O)C(C)OC(=O)C(NC(=O)C(OC(=O)C(NC(=O)C(C)OC(=O)C(NC(=O)C(OC(=O)C(NC(=O)C(C)OC(=O)C(NC(=O)C(OC1=O)C(C)C)C(C)C)C(C)C)C(C)C)C(C)C)C(C)C)C(C)C)C(C)C,"[45, 28, 11]","[{'functional_group': 'ethyl_ester', 'smiles_inds': [13]}]",0.0
16,bottom,CN1CCNCc2cccc(CN(C)CCNCc3cccc(C1)n3)n2,"[25, 12, 16, 24, 1, 4]",[],0.0
16,bottom,Brc1ccccc1C([O-])=NN=Cc1ccccn1,"[17, 10, 8]","[{'functional_group': 'thiol', 'smiles_inds': [4]}, {'functional_group': 'ethyl', 'smiles_inds': [16]}]",0.0
16,bottom,CC(C)[P-]c1ccccc1C(N(C)C)c1ccccc1CN(C)C,"[3, 11]",[],0.0
16,bottom,NCC([O-])CN,"[3, 0, 5]","[{'functional_group': 'cyano', 'smiles_inds': [4]}]",0.0
16,bottom,Cc1cccc(O)n1,[7],[],0.0
16,median,CN1C(=NC=C1N(=O)=O)C,[3],[],0.0
16,median,CC1CC(C)(C)NCCN(Cc2cc(C)cc(C=O)c2[O-])C(C)CC(C)(C)NCCN1Cc1cc(C)cc(C=O)c1[O-],"[41, 20, 30, 6, 9, 27]","[{'functional_group': 'carboxylate', 'smiles_inds': [22]}]",0.0
16,median,CC(C)(C)P(C[Si](C)(C)N[Si](C)(C)CP(C(C)(C)C)C(C)(C)C)C(C)(C)C,"[4, 9, 14]","[{'functional_group': 'iodo', 'smiles_inds': [26]}]",0.0
16,median,CC(=NN=C([O-])C1=CC=CS1)C1=CC=CS1,"[5, 2]",[],0.0
16,median,FC(F)C(F)(F)C(F)(F)c1ccc(cc1)N1C(=NN=C1c1ccccn1)c1ccccn1,"[15, 18]","[{'functional_group': 'cyanimide', 'smiles_inds': [22]}, {'functional_group': 'phenyl', 'smiles_inds': [28]}]",0.0
16,median,CN(C)C1=NN=C(N1)c1ccccc1,[5],"[{'functional_group': 'amino', 'smiles_inds': [0]}, {'functional_group': 'ethyl_ester', 'smiles_inds': [9]}]",0.0
16,median,CC(=N)N1CCN2CCN=C12,"[2, 9]",[],0.0
16,median,Fc1ccc(nc1)c1cc2ccccc2c2ccc[c-]c12,"[5, 19]","[{'functional_group': 'aldehyde', 'smiles_inds': [13]}, {'functional_group': 'ethyl_ester', 'smiles_inds': [18]}]",0.0
16,median,COC(=N)C(=NO)C#N,"[3, 5]","[{'functional_group': 'chloro', 'smiles_inds': [0]}]",0.0
16,median,FP(c1ccccc1)c1ccccc1,[1],[],0.0
16,median,N1C=NC=C1c1ccccc1,[2],"[{'functional_group': 'fluoro', 'smiles_inds': [1]}]",0.0
16,median,Nc1[nH+]ccnc1C(=O)[O-],"[9, 5]","[{'functional_group': 'trichloro', 'smiles_inds': [0]}]",0.0
16,median,CCCCN(CCCC)C(=O)CSCCSCC(=O)N(CCCC)CCCC,"[10, 18]",[],0.0
16,median,CC(C)P(N=P([Te-])(C(C)C)C(C)C)C(C)C,"[6, 3]","[{'functional_group': 'hydroxyl', 'smiles_inds': [10]}, {'functional_group': 'cyano', 'smiles_inds': [15]}]",0.0
16,median,CC(C)P(Oc1cc(F)cc(OP(C(C)C)C(C)C)[c-]1)C(C)C,"[3, 12, 19]",[],0.0
16,median,CC(C)c1cccc(C(C)C)c1N=C(C)c1ccccn1,"[20, 12]",[],0.0
16,median,C1CC[NH+](CC1)Cc1ccncc1,[10],"[{'functional_group': 'methyl_ester', 'smiles_inds': [12]}]",0.0
16,median,CC(C)C1COC(=N1)c1cc(C)cc(C#N)c1[O-],"[17, 7]",[],0.0
16,median,OCC(N1C=CC=N1)(N1C=CC=N1)N1C=CC=N1,"[12, 17, 7]","[{'functional_group': 'ketone', 'smiles_inds': [4]}, {'functional_group': 'hydroxyl', 'smiles_inds': [14]}]",0.0
16,median,CC[CH-]c1ccccc1c1ccccn1,"[14, 2]","[{'functional_group': 'fluoro', 'smiles_inds': [7]}]",0.0
16,top,C1CCN(CC1)P(C1CCCC1P(N1CCCCC1)N1CCCCC1)N1CCCCC1,"[6, 12]","[{'functional_group': 'fluoro', 'smiles_inds': [28]}]",0.0
16,top,[NH3+]C12CNCCNCC([NH2+]CCCCCCCCCCCCC)(CNCCNC1)CNCCNC2,"[6, 3, 24, 27, 30, 33]","[{'functional_group': '2-methylbenzoic_acid', 'smiles_inds': [34]}, {'functional_group': 'phenyl', 'smiles_inds': [0]}, {'functional_group': '2-hydroxypyridine', 'smiles_inds': [23]}, {'functional_group': '2-methylbenzoic_acid', 'smiles_inds': [29]}, {'functional_group': 'phenyl', 'smiles_inds': [20]}, {'functional_group': '2-hydroxypyridine', 'smiles_inds': [31]}, {'functional_group': '2-methylbenzoic_acid', 'smiles_inds': [32]}, {'functional_group': 'ethyl', 'smiles_inds': [22]}, {'functional_group': 'amide', 'smiles_inds': [26]}, {'functional_group': 'ethyl_ester', 'smiles_inds': [18]}, {'functional_group': 'phenyl', 'smiles_inds': [28]}, {'functional_group': 'thiol', 'smiles_inds': [2]}, {'functional_group': 'ketone', 'smiles_inds': [10]}, {'functional_group': 'ether', 'smiles_inds': [11]}]",0.0
16,top,COc1ccc(C(C)=NN=C([O-])c2cc3ccccc3cc2O)c([O-])c1,"[11, 8, 24]",[],0.0
16,top,Brc1ccc([O-])c(C=Nc2c(Br)cc(Br)cc2Br)c1,"[5, 8]",[],0.0
16,top,COc1cccc(OC)c1c1ccccc1P(C(C)(C)C)C(C)(C)C,[16],[],0.0
16,top,CC(C)(C)C(N)c1cccc(n1)c1cccc[c-]1,"[11, 5, 17]","[{'functional_group': 'thiol', 'smiles_inds': [15]}, {'functional_group': 'hydroxyl', 'smiles_inds': [2]}]",0.0
16,top,Clc1cc(c([O-])c2ncccc12)N(=O)=O,"[5, 7]",[],0.0
16,top,Fc1ccc([O-])c(C=NC(Cc2ccccc2)C([O-])(c2ccccc2)c2ccccc2)c1,"[18, 8, 5]","[{'functional_group': '2-hydroxypyridine', 'smiles_inds': [16]}, {'functional_group': 'ether', 'smiles_inds': [10]}]",0.0
16,top,Cc1cc([c-]c(c1)C1=Nc2ccccc2S1)C1=Nc2ccccc2S1,"[8, 17, 4]","[{'functional_group': 'tribromo', 'smiles_inds': [0]}, {'functional_group': 'carboxyl', 'smiles_inds': [10]}]",0.0
16,top,CC1(C)C(O)C(C)(C)c2c3cccnc3c3ncccc3c12,"[16, 13]","[{'functional_group': 'carboxyl', 'smiles_inds': [17]}, {'functional_group': 'iodo', 'smiles_inds': [19]}, {'functional_group': 'tribromo', 'smiles_inds': [12]}]",0.0
16,top,CCNC1=CC(=NCC)C(=CC1=O)[O-],"[13, 6]","[{'functional_group': 'tribromo', 'smiles_inds': [2]}]",0.0
16,top,NCCN=NO,"[0, 4]","[{'functional_group': 'carboxylate', 'smiles_inds': [5]}]",0.0
16,top,N(c1cccc(n1)[N-]C(c1ccccc1)(c1ccccc1)c1ccccc1)C(c1ccccc1)(c1ccccc1)c1ccccc1,"[7, 6]","[{'functional_group': 'hydroxyl', 'smiles_inds': [35]}, {'functional_group': 'trifluro', 'smiles_inds': [13]}]",0.0
16,top,Cc1cccc(C)c1[NH+]=[C-]N=C1[N-]C(=O)c2cc(Cl)c(Cl)cc12,"[9, 12]","[{'functional_group': 'iodo', 'smiles_inds': [0]}]",0.0
16,top,CC(C)CC(NCc1ccccc1O)C(=O)[O-],"[16, 5]","[{'functional_group': 'cyanimide', 'smiles_inds': [13]}]",0.0
16,top,CC[NH+]=C(c1ccccc1)c1ccc(OC)cc1[O-],[18],"[{'functional_group': 'phenyl', 'smiles_inds': [11]}, {'functional_group': 'phenyl', 'smiles_inds': [15]}, {'functional_group': 'tribromo', 'smiles_inds': [9]}]",0.0
16,top,O=C1C=CC(=O)N1c1ccc2C=NNc2c1,[12],"[{'functional_group': 'thiol', 'smiles_inds': [9]}, {'functional_group': 'cyanimide', 'smiles_inds': [15]}, {'functional_group': 'amino', 'smiles_inds': [11]}]",0.0
16,top,OCCNCc1ccccn1,"[10, 3, 0]",[],0.0
16,top,[NH3+]N=C(N)NN,"[1, 5]","[{'functional_group': 'chloro', 'smiles_inds': [3]}]",0.0
16,top,CC(C)(CN1CCCNCC1)[S](=O)=O,"[11, 4, 8]","[{'functional_group': 'hydroxyl', 'smiles_inds': [5]}]",0.0
17,bottom,C1CP(CCSCc2ccc(CS1)cc2)c1ccccc1,"[5, 2]",[],0.0
17,bottom,COC(=O)C1=C(C(=O)OC)C(=NP1C([Si](C)(C)C)[Si](C)(C)C)C1=CC=C(C)N1C,[12],[],0.0
17,bottom,[O-]c1cccc2ccc3cccnc3c12,"[12, 0]","[{'functional_group': 'phenyl', 'smiles_inds': [9]}]",0.0
17,bottom,CC1(C)NC(=NC(=N)N1)N,[7],"[{'functional_group': 'ether', 'smiles_inds': [3]}]",0.0
17,bottom,CN(C)c1ccnc(c1)C([O-])c1ccc(C)cc1,"[1, 10]",[],0.0
17,bottom,Brc1c2OCOc2cc2c1ccnc2c1ccccn1,"[19, 12]",[],0.0
17,bottom,CC12CCC(O)CC1CCC1C2CCC2(C)C1C[C-]=C2c1ccccn1,"[18, 25]","[{'functional_group': 'amide', 'smiles_inds': [10]}, {'functional_group': 'ether', 'smiles_inds': [17]}]",0.0
17,bottom,Cc1ccc(c([O-])c1)C1=Nc2ccccc2S1,"[6, 9]",[],0.0
17,bottom,c1ccc(cc1)P(C1=C(C2c3ccccc3C1c1ccccc21)c1ccccc1)C1=C(C2c3ccccc3C1c1ccccc21)c1ccccc1,[6],[],0.0
17,bottom,[NH3+]C12CNCCNCC([NH2+]Cc3ccccc3O)(CNCCNC1)CNCCNC2,"[6, 3, 19, 22, 25, 28]","[{'functional_group': 'carbonyl', 'smiles_inds': [10]}, {'functional_group': 'ethyl_ester', 'smiles_inds': [14]}]",0.0
17,bottom,CC(C)(C)P(Cc1cc(cc(CP(C(C)(C)C)C(C)(C)C)n1)c1cc(cc(c1)C(F)(F)F)C(F)(F)F)C(C)(C)C,"[4, 12, 21]","[{'functional_group': 'cyano', 'smiles_inds': [38]}]",0.0
17,bottom,CC(C)(C)c1cc(c(N=PP(C=Pc2c(cc(cc2C(C)(C)C)C(C)(C)C)C(C)(C)C)c2c(cc(cc2C(C)(C)C)C(C)(C)C)C(C)(C)C)c(c1)C(C)(C)C)C(C)(C)C,"[9, 12]","[{'functional_group': 'amide', 'smiles_inds': [58]}, {'functional_group': 'hydroxyl', 'smiles_inds': [22]}]",0.0
17,bottom,Cc1cccc(C)c1c1cccc(n1)N([C-]=O)c1ccccc1,"[15, 13]","[{'functional_group': 'ether', 'smiles_inds': [6]}]",0.0
17,bottom,CC(=N)C=N,"[2, 4]","[{'functional_group': 'tribromo', 'smiles_inds': [0]}]",0.0
17,bottom,Cc1cccnc1CNC1CC(CC(C1)NCc1ncccc1C)NCc1ncccc1C,"[8, 15, 24, 5, 18, 27]","[{'functional_group': 'carboxyllic_acid', 'smiles_inds': [29]}, {'functional_group': 'phenyl', 'smiles_inds': [32]}]",0.0
17,bottom,COCCCP1CCCP(CCCOC)CCCP(CCCOC)CCC1,"[5, 9, 18]",[],0.0
17,bottom,C(CN(Cc1nccc2ccccc12)Cc1nccc2ccccc12)N(Cc1nccc2ccccc12)Cc1nccc2ccccc12,"[2, 5, 16, 25, 28, 39]","[{'functional_group': 'amide', 'smiles_inds': [10]}, {'functional_group': 'carbonyl', 'smiles_inds': [32]}, {'functional_group': 'thiol', 'smiles_inds': [41]}]",0.0
17,bottom,CN(c1ccccc1)c1ccccc1,[1],"[{'functional_group': 'chloro', 'smiles_inds': [10]}]",0.0
17,bottom,CC(C)(C)c1cc(C=NN=Cc2ccc(Cl)cc2)c([O-])c(c1)C(C)(C)C,"[19, 8]",[],0.0
17,bottom,O=N(=O)c1ccc2N=C([S-])Sc2c1,"[7, 9]","[{'functional_group': 'carboxylate', 'smiles_inds': [5]}, {'functional_group': 'cyano', 'smiles_inds': [4]}]",0.0
17,median,CCOC(=O)c1ccc(cc1)c1c(F)cc([c-]c1F)c1ccc(cn1)C(F)(F)F,"[16, 24]","[{'functional_group': 'methyl_ester', 'smiles_inds': [23]}]",0.0
17,median,CCP(CC)CCCP(CC)CC,"[2, 8]","[{'functional_group': 'trichloro', 'smiles_inds': [7]}, {'functional_group': 'ethyl', 'smiles_inds': [0]}]",0.0
17,median,O=N(=O)CN1C=NN=N1,[6],"[{'functional_group': 'iodo', 'smiles_inds': [3]}, {'functional_group': 'carboxylate', 'smiles_inds': [5]}]",0.0
17,median,Cc1ccc(cc1)S(=O)(=O)C(P(c1ccccc1)c1ccccc1)=P(c1ccccc1)(c1ccccc1)c1ccccc1,"[11, 8]",[],0.0
17,median,FC(P(CCP(C(F)=C(F)C(F)(F)F)C(F)=C(F)C(F)(F)F)C(F)=C(F)C(F)(F)F)=C(F)C(F)(F)F,"[2, 5]","[{'functional_group': 'hydroxyl', 'smiles_inds': [4]}]",0.0
17,median,CCOc1cc(nc2c(NC(=O)OC(C)(C)C)cccc12)C(=O)Nc1cccc2c(OCC(C)C)cc(nc12)C(=O)Nc1cccc2c(cc(nc12)C(=O)Nc1cccc2c(OCC(C)C)cc(nc12)C(=O)Nc1cccc2c(OCC(C)C)cc(nc12)C(=O)OC)C#Cc1c2ccccc2nc2ccccc12,[101],"[{'functional_group': 'ethyl', 'smiles_inds': [74]}]",0.0
17,median,OC(=N)C=N,"[2, 4]","[{'functional_group': 'chloro', 'smiles_inds': [3]}, {'functional_group': 'carboxylate', 'smiles_inds': [0]}]",0.0
17,median,c1ccc(nc1)N1N=Nc2ccccc12,[8],"[{'functional_group': 'methyl', 'smiles_inds': [2]}, {'functional_group': 'trifluro', 'smiles_inds': [13]}]",0.0
17,median,ON1CCNCC2(CNCCNCC(CNCCN([O-])C2)(C1)N(=O)=O)N(=O)=O,"[4, 1, 18, 15, 8, 11]",[],0.0
17,median,OP(O)(=O)c1ccccc1P(c1ccccc1)c1ccccc1,"[10, 3]",[],0.0
17,median,O=C1N(c2ccccc2)C(=NC1=Cc1ccccn1)N1CCCCC1,"[2, 10]","[{'functional_group': 'carboxyllic_acid', 'smiles_inds': [20]}]",0.0
17,median,CC(=N)NCCN,[2],"[{'functional_group': 'iodo', 'smiles_inds': [3]}, {'functional_group': 'iodo', 'smiles_inds': [6]}]",0.0
17,median,COc1cccc(CC2N=C(OC2C(C)C)C(Cc2ccc(cc2)C(F)(F)F)(Cc2ccc(cc2)C(F)(F)F)C2=NC(Cc3cccc(OC)c3OC)C(O2)C(C)C)c1OC,"[9, 40]",[],0.0
17,median,CCC(N)=NOC(=N)N(C)C,"[7, 4]",[],0.0
17,median,Cc1ccc2Sc3ccc(C)cc3c2c1,[5],"[{'functional_group': 'ethyl', 'smiles_inds': [0]}]",0.0
17,median,FC(F)(F)COC(=O)c1ccccc1C(=N)O[CH-]C(=O)c1ccccc1,"[15, 17]",[],0.0
17,median,CN1C=CN=C1C(Nc1ccc(C)cc1)c1ccccn1,"[20, 4, 1]","[{'functional_group': '2-hydroxypyridine', 'smiles_inds': [16]}]",0.0
17,median,CCC1=C([O-])C(=O)OC=C1,"[4, 6]",[],0.0
17,median,CCC1=C(CC)C(=CC2=C(CC)C(=C(C=C3N=C(Cl)C(=C3CC)CC)[N-]2)CC)N=C1Cl,"[25, 28, 16]",[],0.0
17,median,ClC(Cl)(Cl)C([O-])=NP(=O)(N1CCCC1)N1CCCC1,"[5, 8]","[{'functional_group': 'fluoro', 'smiles_inds': [17]}]",0.0
17,top,Cc1cc(C)nc(NN=C(C)c2ccc(O)cc2[O-])n1,"[8, 18, 19]","[{'functional_group': 'ketone', 'smiles_inds': [13]}]",0.0
17,top,FC(F)(F)c1cc(c(P(OCc2ccccn2)c2c(cc(cc2C(F)(F)F)C(F)(F)F)C(F)(F)F)c(c1)C(F)(F)F)C(F)(F)F,"[8, 16]","[{'functional_group': 'ethyl_ester', 'smiles_inds': [15]}, {'functional_group': 'phosphonate', 'smiles_inds': [13]}]",0.0
17,top,Cc1ccc2Sc3ccc(C)cc3c2c1,[5],[],0.0
17,top,C(P(c1ccccc1)c1ccccc1)P(c1ccccc1)c1ccccc1c1ccccc1,"[14, 1]",[],0.0
17,top,N(c1cc[nH+]cc1)c1ccncc1,[10],"[{'functional_group': 'carbonyl', 'smiles_inds': [11]}, {'functional_group': 'ethyl', 'smiles_inds': [12]}, {'functional_group': 'trifluro', 'smiles_inds': [4]}]",0.0
17,top,[NH3+]C12CNCCNCC(N)(CNCCNC1)CNCCNC2,"[6, 11, 17, 14, 20, 3]","[{'functional_group': 'hydroxyl', 'smiles_inds': [16]}, {'functional_group': 'hydroxyl', 'smiles_inds': [5]}]",0.0
17,top,C[Se]CCC[Se]C,"[1, 5]","[{'functional_group': 'amide', 'smiles_inds': [6]}, {'functional_group': 'chloro', 'smiles_inds': [0]}]",0.0
17,top,CC(=NN=C([S-])N1CCCCCC1)c1ccccn1,"[2, 6, 5]",[],0.0
17,top,CN1[CH-]N(CCS(=O)c2ccccc2)c2ccccc12,"[2, 6]","[{'functional_group': 'amide', 'smiles_inds': [13]}]",0.0
17,top,Nc1[nH+]cnc2[N-]N=Nc12,[6],"[{'functional_group': 'carboxyllic_acid', 'smiles_inds': [0]}, {'functional_group': 'methyl_ester', 'smiles_inds': [3]}]",0.0
17,top,CN(C)c1ccccc1[N-]c1ccccc1C,"[1, 9]","[{'functional_group': 'tribromo', 'smiles_inds': [12]}, {'functional_group': 'trichloro', 'smiles_inds': [16]}]",0.0
17,top,FC(F)(F)c1cccc(c1)C(F)(c1ccccn1)c1ccccn1,"[17, 23]",[],0.0
17,top,O1c2ccccc2[As](c2ccccc2)c2ccccc12,[7],[],0.0
17,top,[S-]C(SCc1ccccc1)=NN=C1c2cccnc2c2ncccc12,"[0, 11]","[{'functional_group': 'ethyl', 'smiles_inds': [8]}]",0.0
17,top,CC(C)(C)P(=NN=NCSc1ccccc1)(C(C)(C)C)C(C)(C)C,[7],"[{'functional_group': 'ketone', 'smiles_inds': [11]}]",0.0
17,top,CC(C)(C1=NC(CO1)C(O)c1ccccc1)C1=NC(CO1)C(O)c1ccccc1,"[4, 17]","[{'functional_group': 'thiol', 'smiles_inds': [9]}, {'functional_group': 'phosphonate', 'smiles_inds': [24]}]",0.0
17,top,N1C=CN=C1C1=NC=C[N-]1,"[3, 9]","[{'functional_group': 'chloro', 'smiles_inds': [0]}]",0.0
17,top,C(Oc1cccc2cccnc12)c1cccc(COc2cccc3cccnc23)n1,"[10, 1]",[],0.0
17,top,Clc1ccc([S-])nc1,"[5, 6]","[{'functional_group': 'fluoro', 'smiles_inds': [3]}]",0.0
17,top,c1ccc(nc1)C1=NN=N[N-]1,"[4, 10]","[{'functional_group': 'iodo', 'smiles_inds': [5]}, {'functional_group': 'cyanimide', 'smiles_inds': [2]}]",0.0
18,bottom,O=Cc1cnc2ccccc2c1,[4],[],0.0
18,bottom,O=C([N-]CP(=O)(c1ccccc1)c1ccccc1)c1ccccn1,"[23, 2]","[{'functional_group': 'cyanimide', 'smiles_inds': [7]}, {'functional_group': '2-hydroxypyridine', 'smiles_inds': [16]}, {'functional_group': 'bromo', 'smiles_inds': [3]}]",0.0
18,bottom,C(N1C=NN=N1)N1N=CN=N1,[3],"[{'functional_group': 'ethyl_ester', 'smiles_inds': [8]}, {'functional_group': 'amide', 'smiles_inds': [2]}]",0.0
18,bottom,Cc1cc(C)c2ccc(nc2n1)N1C=CN(Cc2ccccn2)[CH-]1,"[15, 23]","[{'functional_group': 'carboxyl', 'smiles_inds': [18]}]",0.0
18,bottom,[S-]CCNCCN1CCCC1,"[0, 3, 6]","[{'functional_group': 'ketone', 'smiles_inds': [9]}]",0.0
18,bottom,Fc1ccc(nc1)c1[c-]cc(F)nc1F,"[5, 8]","[{'functional_group': 'trifluro', 'smiles_inds': [9]}]",0.0
18,bottom,O=C([O-])C(Cc1ccccc1)N=Cc1c([O-])ccc2ccccc12,"[15, 2, 11]",[],0.0
18,bottom,N1C=CN=C1,[3],"[{'functional_group': 'ethyl_ester', 'smiles_inds': [2]}, {'functional_group': 'trifluro', 'smiles_inds': [4]}]",0.0
18,bottom,COc1c[c-]c(c(F)c1)c1ccccn1,"[14, 4]",[],0.0
18,bottom,[O-]CCCN1CCN(CCC[O-])CCN(CCC[O-])CC1,"[4, 7, 14, 0, 11, 18]","[{'functional_group': 'methyl_ester', 'smiles_inds': [3]}, {'functional_group': 'ether', 'smiles_inds': [5]}]",0.0
18,bottom,CC(C)(C)NP1([SH+][SH+]1)(NC(C)(C)C)NC(C)(C)C,"[4, 26]","[{'functional_group': 'methyl_ester', 'smiles_inds': [12]}, {'functional_group': 'methyl', 'smiles_inds': [13]}]",0.0
18,bottom,FC(F)(F)C1=CC=NN1,[7],"[{'functional_group': 'trichloro', 'smiles_inds': [8]}]",0.0
18,bottom,CC1CCC(C)P2C(=C(C)C(=C2C2=C(C)C(=C(P12)c1ccccc1)C)C)c1ccccc1,"[17, 6]","[{'functional_group': 'thiol', 'smiles_inds': [0]}, {'functional_group': 'amino', 'smiles_inds': [5]}]",0.0
18,bottom,CC1=NN(C(=C1)C)c1nc(cc(n1)c1ccccc1)c1ccccc1,"[2, 12]",[],0.0
18,bottom,C[C-]=CC(C)=Nc1c(cccc1C(C)C)C(C)C,"[5, 1]",[],0.0
18,bottom,Cc1ccc(cc1)C([O-])=Cc1ccc2ccccc2n1,"[8, 19]","[{'functional_group': 'iodo', 'smiles_inds': [5]}]",0.0
18,bottom,[NH2+](CCCc1ccccc1)C12CNCCNCC([NH2+]CCCc3ccccc3)(CNCCNC1)CNCCNC2,"[15, 35, 32, 12, 29, 38]","[{'functional_group': '2-methylbenzoic_acid', 'smiles_inds': [34]}, {'functional_group': '2-hydroxypyridine', 'smiles_inds': [39]}]",0.0
18,bottom,N#CC(N=NC1=NNC=N1)=N[N-]C1=NN=C[N-]1,"[3, 11, 9]","[{'functional_group': 'trichloro', 'smiles_inds': [8]}]",0.0
18,bottom,CC(C)P(C(C)C)c1ccccc1[SiH-]c1ccccc1P(C(C)C)C(C)C,"[3, 13, 20]","[{'functional_group': 'tribromo', 'smiles_inds': [25]}, {'functional_group': '2-methylbenzoic_acid', 'smiles_inds': [2]}]",0.0
18,bottom,COc1c[c-]c(cc1Cl)c1cccc(n1)c1ccccn1,"[20, 14, 4]","[{'functional_group': 'carboxyllic_acid', 'smiles_inds': [16]}]",0.0
18,median,ClC1=CC(=N)C=C(Cl)C1=O,[4],"[{'functional_group': 'tribromo', 'smiles_inds': [2]}]",0.0
18,median,Cc1ccc(N[P]([CH-]P(=S)(c2ccccc2)c2ccccc2)(c2ccccc2)c2ccccc2)cc1,"[7, 9]","[{'functional_group': 'aldehyde', 'smiles_inds': [0]}]",0.0
18,median,CN([O-])C(=O)c1ccc(F)cc1,"[2, 4]",[],0.0
18,median,CC1(N)C=CC1(C)N,"[2, 7]","[{'functional_group': 'ethyl', 'smiles_inds': [4]}]",0.0
18,median,Cc1cc(C)c(c(C)c1)C1=Nc2c(O1)c1ccccc1c1ccccc21,[10],[],0.0
18,median,O=C([O-])CN(CC(=O)[O-])Cc1ccc(cc1)N(=O)=O,"[2, 8, 4]","[{'functional_group': 'carboxyl', 'smiles_inds': [12]}, {'functional_group': 'cyanimide', 'smiles_inds': [3]}]",0.0
18,median,O=C([O-])CNC1CCCCC1,"[2, 4]",[],0.0
18,median,COc1ccc2ccccc2c1c1c(ccc2ccccc12)P(c1ccccc1)c1ccccc1,"[11, 22]","[{'functional_group': 'cyano', 'smiles_inds': [8]}]",0.0
18,median,CC1=NC(=S)N(C(=C1)C)c1ccccc1,"[4, 2]",[],0.0
18,median,Oc1ccc(C=Nc2ccc(Cl)cc2)c([O-])c1,"[15, 6]",[],0.0
18,median,[O-]C(=NN=CC1=CC=CS1)c1ccccc1,"[0, 3]",[],0.0
18,median,CSCCCN(CN1C=CC=N1)CN1C=CC=N1,"[11, 5, 17]","[{'functional_group': 'tribromo', 'smiles_inds': [10]}]",0.0
18,median,CC(C)(C)P(c1ccccc1[S-])C(C)(C)C,"[11, 4]","[{'functional_group': 'fluoro', 'smiles_inds': [3]}]",0.0
18,median,[S+]12C3C4[S+]5C4C15C23,[5],"[{'functional_group': 'ether', 'smiles_inds': [1]}, {'functional_group': 'methyl', 'smiles_inds': [2]}]",0.0
18,median,COCC(OP1Oc2c(cc(cc2C(C)(C)C)C(C)(C)C)c2cc(cc(c2O1)C(C)(C)C)C(C)(C)C)C(SC(C)(C)C)c1ccccc1,"[5, 37]","[{'functional_group': 'chloro', 'smiles_inds': [20]}, {'functional_group': 'ether', 'smiles_inds': [35]}]",0.0
18,median,CN1[C-]=[NH+]C2=C1C(=O)N(C)C(=O)N2C,[2],[],0.0
18,median,CC1=C(P(c2ccccc2)c2ccccc2)C(=C(C)S1)C1=C(C)SC(=C1P(c1ccccc1)c1ccccc1)C,"[3, 26]","[{'functional_group': 'amino', 'smiles_inds': [8]}]",0.0
18,median,NNC(=O)c1cc[nH+]cc1,"[0, 3]","[{'functional_group': 'ether', 'smiles_inds': [9]}]",0.0
18,median,CC(C)(C)C1=CC2([As](N=C2C(=C1)C(C)(C)C)c1ccccc1)C(C)(C)C,[8],[],0.0
18,median,CC1=NN(c2ccccc2)C(=O)C1=N[N-]c1ccccc1C(=O)[O-],"[11, 23, 14]","[{'functional_group': 'amino', 'smiles_inds': [19]}]",0.0
18,top,COC(=O)CC(CP(c1ccccc1)c1ccccc1)P(c1ccccc1)c1ccccc1,"[20, 7]","[{'functional_group': 'trichloro', 'smiles_inds': [10]}]",0.0
18,top,[NH3+]C12CNCCNCC([NH2+]CCCCCCCCCCCCC)(CNCCNC1)CNCCNC2,"[6, 3, 24, 27, 30, 33]","[{'functional_group': '2-methylbenzoic_acid', 'smiles_inds': [34]}, {'functional_group': 'phenyl', 'smiles_inds': [0]}, {'functional_group': '2-hydroxypyridine', 'smiles_inds': [23]}, {'functional_group': '2-methylbenzoic_acid', 'smiles_inds': [29]}, {'functional_group': 'phenyl', 'smiles_inds': [20]}, {'functional_group': '2-hydroxypyridine', 'smiles_inds': [31]}, {'functional_group': '2-methylbenzoic_acid', 'smiles_inds': [32]}, {'functional_group': 'phenyl', 'smiles_inds': [21]}, {'functional_group': 'ketone', 'smiles_inds': [2]}, {'functional_group': 'ethyl_ester', 'smiles_inds': [13]}, {'functional_group': 'ethyl', 'smiles_inds': [28]}, {'functional_group': 'phenyl', 'smiles_inds': [22]}, {'functional_group': '2-hydroxypyridine', 'smiles_inds': [26]}, {'functional_group': 'methyl_ester', 'smiles_inds': [5]}, {'functional_group': '2-methylbenzoic_acid', 'smiles_inds': [12]}, {'functional_group': 'ketone', 'smiles_inds': [15]}]",0.0
18,top,c1ccc(nc1)C1=NN=N[N-]1,"[4, 10]","[{'functional_group': '2-methylbenzoic_acid', 'smiles_inds': [0]}, {'functional_group': 'ketone', 'smiles_inds': [5]}]",0.0
18,top,CC1(CO)C(O)CCC2(C)C(CC(C3=CCOC3=O)S(=O)(=O)[O-])C(=C)CCC12,"[5, 3]","[{'functional_group': 'carbonyl', 'smiles_inds': [12]}]",0.0
18,top,CC(C)(C)c1ccc([O-])c(c1)N=Nc1cc(ccc1[O-])C(C)(C)C,"[8, 19, 11]",[],0.0
18,top,ClCC(=N)NC(=N)CCl,"[6, 3]","[{'functional_group': 'bromo', 'smiles_inds': [4]}, {'functional_group': 'thiol', 'smiles_inds': [1]}]",0.0
18,top,COC(=O)c1ccc(C)cc1,[3],"[{'functional_group': 'methyl', 'smiles_inds': [6]}, {'functional_group': 'fluoro', 'smiles_inds': [5]}]",0.0
18,top,CC12CNCCN3CC(C)(CNCCN(C1)C(N2)C(=O)[O-])NC3C(=O)[O-],"[6, 3, 11, 20, 25, 14]","[{'functional_group': 'trichloro', 'smiles_inds': [12]}, {'functional_group': 'amide', 'smiles_inds': [15]}]",0.0
18,top,CN(CCC(O)=O)c1ccncc1,[1],"[{'functional_group': 'carboxyllic_acid', 'smiles_inds': [11]}, {'functional_group': 'aldehyde', 'smiles_inds': [12]}]",0.0
18,top,CC(=NCCN=C(C)c1ccccc1)c1ccccc1,"[2, 5]","[{'functional_group': 'ketone', 'smiles_inds': [4]}]",0.0
18,top,Oc1c2ccccc2c([O-])c2ccc3nc4c5cccnc5c5ncccc5c4nc3c12,"[23, 20]","[{'functional_group': 'phenyl', 'smiles_inds': [18]}, {'functional_group': 'amino', 'smiles_inds': [24]}, {'functional_group': 'phosphonate', 'smiles_inds': [11]}]",0.0
18,top,Brc1ccccc1C=NCCN=Cc1cccc[c-]1,"[8, 11, 18]",[],0.0
18,top,CC(C)(C)C1=CC(=Nc2ccccc2c2ccccc2)C([O-])C(=C1)C(C)(C)C,"[21, 7]",[],0.0
18,top,CN(C)C([S-])=NN=C(c1ccc(C)cc1)c1ccccn1,"[1, 6, 4]","[{'functional_group': 'carboxyllic_acid', 'smiles_inds': [13]}]",0.0
18,top,S1C=CC=C1C1=NN(C=C1)[C-](N1C=CC(=N1)C1=CC=CS1)N1C=CC(=N1)C1=CC=CS1,"[25, 10, 6]","[{'functional_group': '2-hydroxypyridine', 'smiles_inds': [9]}, {'functional_group': 'amino', 'smiles_inds': [28]}]",0.0
18,top,Oc1cccc(n1)c1cccc(n1)c1cccc(O)n1,"[12, 6, 19]","[{'functional_group': 'carboxyl', 'smiles_inds': [3]}, {'functional_group': 'carboxylate', 'smiles_inds': [10]}]",0.0
18,top,Nc1cccc(N)c1,[6],"[{'functional_group': 'carboxyl', 'smiles_inds': [4]}, {'functional_group': 'carboxylate', 'smiles_inds': [7]}, {'functional_group': '2-hydroxypyridine', 'smiles_inds': [2]}]",0.0
18,top,CC(C)c1cccc(C(C)C)c1N=CC=C([O-])c1ccccc1,"[16, 12]","[{'functional_group': '2-methylbenzoic_acid', 'smiles_inds': [19]}, {'functional_group': 'phosphonate', 'smiles_inds': [1]}]",0.0
18,top,[O-]c1ccc2ccccc2c1C=NCCN1CCOCC1,"[0, 12, 15]",[],0.0
18,top,OCCN1CCOC1c1ccccn1,"[0, 3, 13]","[{'functional_group': 'carbonyl', 'smiles_inds': [7]}, {'functional_group': 'methyl', 'smiles_inds': [9]}]",0.0
19,bottom,[NH3+]C12CNCCNCC([NH2+]CCCCCCCCCCCCC)(CNCCNC1)CNCCNC2,"[6, 3, 24, 27, 30, 33]","[{'functional_group': 'carboxyl', 'smiles_inds': [23]}]",0.0
19,bottom,N1C=NC(=N1)C1=NN=N[N-]1,"[2, 9]","[{'functional_group': 'phenyl', 'smiles_inds': [1]}]",0.0
19,bottom,O=C1C(=O)c2ccccc2c2ccccc12,"[3, 0]",[],0.0
19,bottom,CC(C)C1CCC(C)CC1P(CP(C)(C)=O)C1CC(C)CCC1C(C)C,"[10, 15]","[{'functional_group': 'phenyl', 'smiles_inds': [5]}]",0.0
19,bottom,CNc1cccc(n1)c1cccc(n1)c1cccc(NC)n1,"[13, 21, 7]","[{'functional_group': '2-hydroxypyridine', 'smiles_inds': [17]}, {'functional_group': 'tribromo', 'smiles_inds': [9]}, {'functional_group': 'tribromo', 'smiles_inds': [11]}]",0.0
19,bottom,Fc1c(nc(N2C=CC(=N2)c2ccccc2)c(F)c1N1CCCC1)N1C=CC(=N1)c1ccccc1,"[19, 9, 28]","[{'functional_group': 'trichloro', 'smiles_inds': [22]}]",0.0
19,bottom,C(CN(Cc1nccc2ccccc12)Cc1nccc2ccccc12)N(Cc1nccc2ccccc12)Cc1nccc2ccccc12,"[2, 5, 16, 25, 28, 39]","[{'functional_group': 'amino', 'smiles_inds': [32]}, {'functional_group': 'bromo', 'smiles_inds': [0]}]",0.0
19,bottom,Nc1ccc(cc1)N=Cc1cccc(C=Nc2ccc(N)cc2)n1,"[7, 23, 15]",[],0.0
19,bottom,CN1C=CN(Cc2ccccn2)C1=[Se],"[13, 1]",[],0.0
19,bottom,CC(CC(C)=Nc1c(Cl)cccc1Cl)=Nc1c(Cl)cccc1Cl,"[5, 14]","[{'functional_group': 'trifluro', 'smiles_inds': [2]}]",0.0
19,bottom,[S-]C(Nc1ccccc1)=NN=CC1=CC=CS1,"[0, 10]",[],0.0
19,bottom,CC(C)N(Cc1cccc([c-]1)C(CC(=O)c1ccccc1)P(c1ccccc1)c1ccccc1)C(C)C,"[3, 10, 21]",[],0.0
19,bottom,ClCc1ccnc(c1)c1cc(CCl)ccn1,"[5, 15]","[{'functional_group': 'amino', 'smiles_inds': [14]}]",0.0
19,bottom,Fc1ccc([c-]c1)C(=O)c1ccccc1F,"[5, 8]","[{'functional_group': 'amino', 'smiles_inds': [3]}]",0.0
19,bottom,COc1ccc(C=Nc2ccccc2)[c-]c1OP(c1ccccc1)c1ccccc1,"[17, 14, 7]",[],0.0
19,bottom,O=P(C(Cc1ccccn1)c1ccccn1)(c1ccccc1)c1ccccc1,[0],"[{'functional_group': 'aldehyde', 'smiles_inds': [23]}]",0.0
19,bottom,Clc1ccc(nc1)N=C1[N-]C(=Nc2ccc(Cl)cn2)c2cc(Cl)c(Cl)cc12,"[5, 18, 9]",[],0.0
19,bottom,[NH3+]C12CNCCNCC([NH2+]CCCCCCCCCCCCC)(CNCCNC1)CNCCNC2,"[6, 3, 24, 27, 30, 33]","[{'functional_group': '2-methylbenzoic_acid', 'smiles_inds': [34]}, {'functional_group': 'phenyl', 'smiles_inds': [0]}, {'functional_group': '2-hydroxypyridine', 'smiles_inds': [23]}, {'functional_group': '2-methylbenzoic_acid', 'smiles_inds': [29]}, {'functional_group': 'phenyl', 'smiles_inds': [20]}, {'functional_group': '2-hydroxypyridine', 'smiles_inds': [31]}, {'functional_group': '2-methylbenzoic_acid', 'smiles_inds': [32]}, {'functional_group': 'phenyl', 'smiles_inds': [21]}, {'functional_group': 'ketone', 'smiles_inds': [2]}, {'functional_group': '2-methylbenzoic_acid', 'smiles_inds': [19]}, {'functional_group': 'methyl_ester', 'smiles_inds': [9]}, {'functional_group': '2-methylbenzoic_acid', 'smiles_inds': [11]}, {'functional_group': 'ethyl_ester', 'smiles_inds': [4]}, {'functional_group': 'aldehyde', 'smiles_inds': [28]}, {'functional_group': 'amide', 'smiles_inds': [17]}, {'functional_group': 'amide', 'smiles_inds': [7]}, {'functional_group': 'phenyl', 'smiles_inds': [26]}, {'functional_group': 'phenyl', 'smiles_inds': [13]}, {'functional_group': 'phenyl', 'smiles_inds': [18]}, {'functional_group': 'carboxylate', 'smiles_inds': [5]}, {'functional_group': 'tribromo', 'smiles_inds': [15]}, {'functional_group': 'ketone', 'smiles_inds': [16]}]",0.0
19,bottom,CNC([S-])=NN=Cc1ccccc1P(c1ccccc1)c1ccccc1,"[3, 13, 5]",[],0.0
19,bottom,COc1ccc(C(=O)c2ccccc2)c([O-])c1,"[7, 15]",[],0.0
19,median,CC(N=CC1=[C-]Sc2ccccc12)c1cccc2ccccc12,"[2, 5]","[{'functional_group': 'ether', 'smiles_inds': [16]}]",0.0
19,median,[NH3+]C12CNCCNCC([NH2+]CCCCCCCCCCCCC)(CNCCNC1)CNCCNC2,"[6, 3, 24, 27, 30, 33]","[{'functional_group': 'hydroxyl', 'smiles_inds': [19]}]",0.0
19,median,COc1ccnc(c1)c1cccc[c-]1,"[5, 13]","[{'functional_group': 'ether', 'smiles_inds': [0]}, {'functional_group': 'fluoro', 'smiles_inds': [3]}, {'functional_group': 'methyl', 'smiles_inds': [11]}]",0.0
19,median,Fc1ccccc1C1=NC(=NN1)c1ccccn1,"[17, 8]","[{'functional_group': 'amide', 'smiles_inds': [5]}]",0.0
19,median,CCOP(=O)(Cc1ccncc1)OCC,[9],[],0.0
19,median,S=C([S-])C1=CNC=N1,"[2, 7]","[{'functional_group': 'thiol', 'smiles_inds': [6]}, {'functional_group': 'thiol', 'smiles_inds': [4]}, {'functional_group': 'carboxylate', 'smiles_inds': [5]}]",0.0
19,median,Cc1cc(C)c(c(C)c1)S(=O)(=O)[N-]Cc1ccccn1,"[19, 12]","[{'functional_group': 'methyl_ester', 'smiles_inds': [16]}]",0.0
19,median,CC(C)c1cc(cc(C(c2ccccc2)c2ccccc2)c1N=C(C)c1ccc2ccc3cccnc3c2n1)C(c1ccccc1)c1ccccc1,"[35, 38, 22]",[],0.0
19,median,Cc1cc(C=Nc2ccccc2)cc(n1)c1cc(C=Nc2ccccc2)cc(C)n1,"[14, 29]","[{'functional_group': 'thiol', 'smiles_inds': [12]}, {'functional_group': 'fluoro', 'smiles_inds': [26]}]",0.0
19,median,CCN(CC)C(=S)N[S](=O)=O,"[8, 6]",[],0.0
19,median,CC1=NC=C(N1)N(=O)=O,[2],"[{'functional_group': 'phosphonate', 'smiles_inds': [5]}]",0.0
19,median,O=Cc1ccncc1,[5],"[{'functional_group': '2-hydroxypyridine', 'smiles_inds': [6]}, {'functional_group': '2-hydroxypyridine', 'smiles_inds': [4]}, {'functional_group': 'phenyl', 'smiles_inds': [1]}]",0.0
19,median,Cc1cc(C)cc(c1)P(c1cc(C)cc(C)c1)c1cccc2cc3cccc(P(c4cc(C)cc(C)c4)c4cc(C)cc(C)c4)c3[c-]c12,"[8, 46, 28]","[{'functional_group': 'carboxylate', 'smiles_inds': [33]}]",0.0
19,median,NCCN=Cc1cc(cc(c1[O-])N(=O)=O)N(=O)=O,"[0, 3, 11]",[],0.0
19,median,Cc1cc(C)c(Pc2c(C)cc(C)cc2C)c(C)c1,[6],[],0.0
19,median,CSCCN=C(C=C([O-])c1ccc(C)cc1)c1ccc(C)cc1,"[1, 4, 8]","[{'functional_group': '2-methylbenzoic_acid', 'smiles_inds': [13]}, {'functional_group': 'cyanimide', 'smiles_inds': [6]}]",0.0
19,median,CCCCCCCCCCOc1ccc(C=NN=C([O-])c2cc3ccccc3cc2O)c([O-])c1,"[19, 32, 16]",[],0.0
19,median,COC(=O)C(NC(=O)C(C)[N-]C(=O)OC(C)(C)C)C(C)C,"[12, 10, 7]","[{'functional_group': 'ethyl', 'smiles_inds': [9]}, {'functional_group': 'phenyl', 'smiles_inds': [20]}]",0.0
19,median,CCN(CC)Cc1ccc2CCCC(=Nc3ccccc3)c2n1,"[2, 14, 22]","[{'functional_group': 'amino', 'smiles_inds': [0]}]",0.0
19,median,Cc1ccc2OC(=Nc2c1)c1ccccn1,"[15, 7]",[],0.0
19,top,O=C(C=Cc1ccc(cc1)N(=O)=O)N1C=CC(=N1)c1ccccn1,"[23, 17]","[{'functional_group': 'cyano', 'smiles_inds': [14]}]",0.0
19,top,Cc1cccc(C=NNC(=O)CCc2ccccc2)c1[O-],"[7, 10, 20]","[{'functional_group': 'trichloro', 'smiles_inds': [4]}, {'functional_group': '2-methylbenzoic_acid', 'smiles_inds': [14]}]",0.0
19,top,Cc1cc(C)c(CN(Cc2ccccn2)Cc2ccccn2)c(C)c1,"[14, 7, 21]","[{'functional_group': 'hydroxyl', 'smiles_inds': [17]}, {'functional_group': 'iodo', 'smiles_inds': [24]}]",0.0
19,top,C[NH+](C)CCCN=Cc1cc(Cl)cc(Cl)c1[O-],"[16, 6]",[],0.0
19,top,Cc1ccc(cc1)S(=O)(=O)[N-]Cc1ccccn1,"[17, 10]","[{'functional_group': 'ethyl_ester', 'smiles_inds': [11]}]",0.0
19,top,CN(C)Cc1cc(cc(CN(C)C)[c-]1)C(=O)ON1C(=O)CCC1=O,"[13, 1, 10]","[{'functional_group': 'fluoro', 'smiles_inds': [21]}]",0.0
19,top,CCN(CC)C(=NO)C(=NO)N(CC)CC,"[6, 9]","[{'functional_group': 'ether', 'smiles_inds': [13]}, {'functional_group': '2-methylbenzoic_acid', 'smiles_inds': [15]}]",0.0
19,top,OC1=C(N(c2ccccc2)c2ccccc2)C(=O)C1=O,[17],"[{'functional_group': 'cyano', 'smiles_inds': [15]}]",0.0
19,top,c1ccc(nc1)c1ccc(cn1)c1ccncc1,"[4, 11]","[{'functional_group': 'carboxyl', 'smiles_inds': [0]}]",0.0
19,top,CN(C)C(=O)c1cc(Br)cc(n1)C(=O)N(C)C,"[11, 4, 13]",[],0.0
19,top,COc1ccc([Te]c2ccc(OC)cc2)cc1,[6],"[{'functional_group': 'hydroxyl', 'smiles_inds': [12]}]",0.0
19,top,[NH2+](CCCc1ccccc1)C12CNCCNCC([NH2+]CCCc3ccccc3)(CNCCNC1)CNCCNC2,"[15, 35, 32, 12, 29, 38]","[{'functional_group': 'tribromo', 'smiles_inds': [27]}]",0.0
19,top,c1ccc2c(c1)c1ccc[c-]c1c1nccnc21,"[13, 10]","[{'functional_group': 'aldehyde', 'smiles_inds': [5]}]",0.0
19,top,NCCNCc1c2ccccc2cc2ccccc12,"[3, 0]","[{'functional_group': 'methyl', 'smiles_inds': [9]}]",0.0
19,top,Brc1cc(Br)c([O-])c(C=NCCN2CCOCC2)c1,"[9, 6]","[{'functional_group': 'thiol', 'smiles_inds': [8]}, {'functional_group': 'phenyl', 'smiles_inds': [2]}]",0.0
19,top,CS(=O)CCC(N)C(O)O,"[1, 6]","[{'functional_group': 'ketone', 'smiles_inds': [5]}]",0.0
19,top,C1CN(CCN1CC#Cc1ccccc1)CC#Cc1ccccc1,"[2, 5]","[{'functional_group': 'chloro', 'smiles_inds': [0]}]",0.0
19,top,CCc1cccc(CC)c1NC(=S)Nc1c(CC)cccc1CC,[12],"[{'functional_group': 'fluoro', 'smiles_inds': [3]}]",0.0
19,top,C[Si](C)(C)N=P([CH-]P(=N[Si](C)(C)C)(c1ccccc1)c1ccccc1)(c1ccccc1)c1ccccc1,"[8, 4, 6]","[{'functional_group': 'methyl', 'smiles_inds': [0]}]",0.0
19,top,CNN=Cc1ccc(OC)cc1[O-],"[12, 2]","[{'functional_group': '2-hydroxypyridine', 'smiles_inds': [3]}, {'functional_group': 'cyanimide', 'smiles_inds': [5]}]",0.0
20,bottom,[O-]c1ccc2ccccc2c1N=NC1=NC=CS1,"[0, 11, 14]","[{'functional_group': 'carboxylate', 'smiles_inds': [6]}]",0.0
20,bottom,[CH6+3]C1(C)c2cccc(P(C(C)C)C(C)C)c2Oc2c(cccc12)P(C(C)C)C(C)C,"[23, 8, 16]","[{'functional_group': '2-methylbenzoic_acid', 'smiles_inds': [26]}]",0.0
20,bottom,S=P(c1ccccc1)(c1ccccc1)c1ccccn1,"[0, 19]",[],0.0
20,bottom,CN(C)CCOP1OCCN1C(C)(C)C,"[6, 1]",[],0.0
20,bottom,CC(C)(C)C1=CC(=Nc2ccccc2)C(=C([O-])C1=O)C(C)(C)C,"[16, 18]",[],0.0
20,bottom,CN1C=Nc2c1ncnc2C1=[C-]C=CO1,"[11, 3]",[],0.0
20,bottom,O=Cc1ccncc1,[5],"[{'functional_group': '2-hydroxypyridine', 'smiles_inds': [6]}, {'functional_group': 'tribromo', 'smiles_inds': [3]}, {'functional_group': 'carbonyl', 'smiles_inds': [4]}]",0.0
20,bottom,COc1cc(cc(OC)c1OC)c1cnc(c2CCCc12)c1cccc(n1)c1ncc(c2CCCc12)c1cc(OC)c(OC)c(OC)c1,"[28, 26, 14]",[],0.0
20,bottom,Brc1cc(Br)c([O-])c(C=NCCN2CCOCC2)c1,"[9, 6]",[],0.0
20,bottom,N1N=C(N=C1c1ccncc1)c1cccnc1,[15],"[{'functional_group': 'carboxyllic_acid', 'smiles_inds': [6]}]",0.0
20,bottom,NC([S-])=NN=CC1=CNC(=O)NC1=O,"[2, 13, 4]","[{'functional_group': 'ethyl', 'smiles_inds': [5]}, {'functional_group': 'ketone', 'smiles_inds': [8]}]",0.0
20,bottom,COC(=O)C1=CC(C)(C)N=N1,[9],[],0.0
20,bottom,CC(=NN=C([S-])Nc1ccccc1)c1ccc(Cl)c[c-]1,"[2, 5, 19]","[{'functional_group': 'aldehyde', 'smiles_inds': [6]}]",0.0
20,bottom,Cc1cc(C)c(N=C(C)c2cccc(n2)C2=Nc3ccccc3N2)c(C)c1,"[14, 6, 16]","[{'functional_group': 'trichloro', 'smiles_inds': [0]}]",0.0
20,bottom,c1ccc(cc1)[N-]c1ccccc1N1C=CC=N1,"[17, 6]","[{'functional_group': 'tribromo', 'smiles_inds': [11]}, {'functional_group': 'trichloro', 'smiles_inds': [2]}]",0.0
20,bottom,COC(=O)c1ccc([O-])c(c1)C1=Nc2ccccc2O1,"[12, 8]","[{'functional_group': 'phenyl', 'smiles_inds': [17]}, {'functional_group': 'thiol', 'smiles_inds': [14]}]",0.0
20,bottom,C[NH+](C)CCNC1=CC(=NCCN(C)C)C(=CC1=O)[O-],"[12, 19, 9]",[],0.0
20,bottom,Cc1ccc(cc1)S(=O)(=O)[N-]c1cccc2NC=Nc12,"[18, 10]",[],0.0
20,bottom,CC(=O)C(N=Nc1ccccc1S(=O)(=O)[O-])=C(C)[O-],"[15, 18, 5]",[],0.0
20,bottom,CC(P(c1ccccc1)c1ccccc1)P(c1ccccc1)c1ccccc1,"[2, 15]","[{'functional_group': 'hydroxyl', 'smiles_inds': [20]}, {'functional_group': 'bromo', 'smiles_inds': [0]}]",0.0
20,median,c1cc(nc(c1)C1=NN=N[N-]1)C1=NN=N[N-]1,"[10, 3, 15]","[{'functional_group': 'carboxyl', 'smiles_inds': [1]}]",0.0
20,median,CCCNCCNCc1cc(Cl)ccc1[O-],"[15, 6, 3]",[],0.0
20,median,OC(N1CCN(C1c1ccccn1)c1ccccc1)c1ccccn1,"[2, 5, 12]","[{'functional_group': 'methyl_ester', 'smiles_inds': [9]}]",0.0
20,median,C(N(P(c1ccccc1)c1ccccc1)P(c1ccccc1)c1ccccc1)C1=CC=CS1,"[2, 15]",[],0.0
20,median,Cc1cccc(n1)C(=C=C(c1cccc(C)n1)C(C)(C)C)c1ccccc1,"[6, 16]","[{'functional_group': 'iodo', 'smiles_inds': [23]}]",0.0
20,median,[Sb+][Si]([Si](C)(C)C)([Si](C)(C)C)[Si](C)(C)C,[1],"[{'functional_group': 'ethyl_ester', 'smiles_inds': [12]}]",0.0
20,median,CCCCCCCCCC[NH2+]C12CNCCNCC(C)(CNCCNC1)CNCCNC2,"[30, 13, 16, 27, 24, 21]","[{'functional_group': 'ethyl_ester', 'smiles_inds': [8]}, {'functional_group': 'trifluro', 'smiles_inds': [25]}, {'functional_group': 'ketone', 'smiles_inds': [19]}, {'functional_group': 'methyl_ester', 'smiles_inds': [31]}]",0.0
20,median,CN=Cc1cc(Br)ccc1[O-],"[10, 1]",[],0.0
20,median,Cc1ccc(N=Cc2cc(C)cc(C)c2[O-])c(c1)C(c1ccccc1)c1ccccc1,"[15, 5]",[],0.0
20,median,O=C1c2ccccc2C(=O)C1=C1Nc2ccccc2[N-]1,"[0, 19]",[],0.0
20,median,O=C([N-]CCON(=O)=O)c1ccccn1,"[14, 2]","[{'functional_group': 'phenyl', 'smiles_inds': [10]}, {'functional_group': 'methyl_ester', 'smiles_inds': [3]}, {'functional_group': 'ethyl', 'smiles_inds': [4]}]",0.0
20,median,Cc1ccc(nc1)N1CCNC1=O,"[12, 5]","[{'functional_group': 'methyl', 'smiles_inds': [8]}]",0.0
20,median,O=C(NC1CCC(CC1)NC(=O)Nc1cccnc1)Nc1cccnc1,[24],[],0.0
20,median,Fc1ccc(cc1)N(CN1C=CC=N1)CN1C=CC=N1,"[13, 19]","[{'functional_group': 'amino', 'smiles_inds': [18]}, {'functional_group': '2-methylbenzoic_acid', 'smiles_inds': [16]}, {'functional_group': 'carboxyl', 'smiles_inds': [6]}]",0.0
20,median,NCc1cc(Cl)ccn1,"[0, 8]",[],0.0
20,median,COC(=O)CC[CH-]CC(=O)OC,"[9, 3, 6]","[{'functional_group': 'carboxyllic_acid', 'smiles_inds': [0]}]",0.0
20,median,CCCCCCCCN=Cc1cc(ccc1[O-])N=Nc1ccc(cc1)c1ccc(OCCCCCCC)cc1,"[16, 8]","[{'functional_group': 'hydroxyl', 'smiles_inds': [1]}, {'functional_group': 'amino', 'smiles_inds': [5]}]",0.0
20,median,CC(=NN=C([O-])c1ccccc1O)c1cc(Cl)ccc1[O-],"[5, 20, 2]",[],0.0
20,median,O=N(=O)c1cc(N=Nc2ccccc2)[c-]c(c1)N(=O)=O,"[14, 7]","[{'functional_group': 'bromo', 'smiles_inds': [4]}]",0.0
20,median,CP(c1ccccc1)c1cc2ccccc2c2ccc[c-]c12,"[1, 20]",[],0.0
20,top,C([C-]=Nc1ccccn1)c1ccccc1,"[8, 1]",[],0.0
20,top,[NH3+]CC(N)C(=O)[O-],"[3, 6]","[{'functional_group': 'phenyl', 'smiles_inds': [1]}, {'functional_group': 'fluoro', 'smiles_inds': [2]}]",0.0
20,top,C[Ge](C)C,[1],"[{'functional_group': 'amino', 'smiles_inds': [2]}]",0.0
20,top,C(CNCCNCc1ccccn1)CNCCNCc1ccccn1,"[12, 5, 2, 14, 17, 24]","[{'functional_group': 'amino', 'smiles_inds': [18]}]",0.0
20,top,OCCN1C=NN=N1,[5],"[{'functional_group': 'bromo', 'smiles_inds': [1]}, {'functional_group': 'ethyl_ester', 'smiles_inds': [4]}]",0.0
20,top,Ic1c2ccccc2c(I)c(P(c2ccccc2)c2ccccc2)c1P(c1ccccc1)c1ccccc1,"[11, 25]","[{'functional_group': 'hydroxyl', 'smiles_inds': [36]}]",0.0
20,top,CC(C)C1=CC=C([O-])C(=O)C=C1,"[7, 9]",[],0.0
20,top,O=S(=O)([O-])c1ccc2ccc3cccnc3c2n1,"[3, 14, 17]","[{'functional_group': 'ethyl_ester', 'smiles_inds': [11]}]",0.0
20,top,CCOC(=O)C12N3Cc4cccc(C#Cc5ccncc5)c4CN1C(=O)N1Cc4c(OC)ccc(OC)c4CN(C3=O)C21C(=O)OCC,[18],"[{'functional_group': 'cyanimide', 'smiles_inds': [1]}]",0.0
20,top,Brc1ccc(CC(C=[C-]c2ccc(Br)cc2)=Nc2ccccc2)cc1,"[16, 8]",[],0.0
20,top,c1ccc(cc1)N=Nc1ccc(cc1)c1cc(nc(c1)c1ccccn1)c1ccccn1,"[17, 25, 31]",[],0.0
20,top,COc1ccccc1N=Cc1ccccn1,"[15, 8]","[{'functional_group': 'tribromo', 'smiles_inds': [4]}]",0.0
20,top,Fc1cc(F)c(cc1F)N=Cc1cccc(C=Nc2cc(F)c(F)cc2F)n1,"[9, 17, 27]",[],0.0
20,top,CC(C)NC(=S)Nc1ccccc1NC(=S)NC(C)C,"[5, 15]",[],0.0
20,top,COc1ccc(C(C)=NCCN=C(C)c2ccc(OC)cc2O)c(O)c1,"[24, 22]",[],0.0
20,top,CCC(C)C(N=Cc1cccc(OC)c1[O-])C(=O)[O-],"[5, 18, 15]",[],0.0
20,top,Cc1cc2N[CH-]N(CCP(C3CCCCC3)C3CCCCC3)c2cc1C,"[9, 5]","[{'functional_group': '2-methylbenzoic_acid', 'smiles_inds': [15]}]",0.0
20,top,CC(N)(C(O)O)C(=O)[O-],"[8, 2]",[],0.0
20,top,CC1(C)C2=CC=C(O2)C=NCCNCCN=CC2=CC=C1O2,"[15, 9, 12]",[],0.0
20,top,Fc1c(F)c(F)c(CCN2CCOCCOCCN(CCOCCOCC2)CCc2c(F)c(F)c(F)c(F)c2F)c(F)c1F,"[24, 15, 18, 9, 21, 12]","[{'functional_group': 'amino', 'smiles_inds': [19]}, {'functional_group': 'fluoro', 'smiles_inds': [14]}]",0.0
21,bottom,Cc1ccc(cc1)S(=O)(=O)NCCN(Cc1ccccn1)Cc1ccccn1,"[20, 13, 27]","[{'functional_group': 'ether', 'smiles_inds': [2]}]",0.0
21,bottom,CC(C)N=C([O-])C(C)C,"[5, 3]",[],0.0
21,bottom,S(C(Sc1ccccc1)=CN=C(c1ccccc1)c1ccccc1)c1ccccc1,"[10, 2]","[{'functional_group': '2-hydroxypyridine', 'smiles_inds': [16]}]",0.0
21,bottom,CC(C)(C)c1ccc(cc1)C1=C2C=NC(=C2)C(=C2NC(=C(c3ccc(cc3)C(C)(C)C)C3=NC(=C(C4=CC=C1N4)c1ccc(cc1)C(C)(C)C)C=C3)C=C2)c1ccc(c[c-]1)C(C)(C)C,"[13, 59]",[],0.0
21,bottom,CC(O)=N,[3],"[{'functional_group': 'bromo', 'smiles_inds': [0]}]",0.0
21,bottom,COC(=O)c1ccc[nH+]c1[S-],[10],"[{'functional_group': 'amino', 'smiles_inds': [5]}, {'functional_group': 'carboxyl', 'smiles_inds': [6]}, {'functional_group': 'amide', 'smiles_inds': [8]}, {'functional_group': 'methyl_ester', 'smiles_inds': [7]}]",0.0
21,bottom,COC(=O)CC1=NN(N=N1)C(C)(C)C,[9],[],0.0
21,bottom,CN(P(c1ccccc1)C(C)(C)C)C(=O)N(C)P(c1ccccc1)C(C)(C)C,"[2, 14]","[{'functional_group': 'cyanimide', 'smiles_inds': [27]}, {'functional_group': 'trifluro', 'smiles_inds': [21]}]",0.0
21,bottom,CC(=NNC(=O)c1cccnc1)c1ccncc1,[10],"[{'functional_group': 'cyano', 'smiles_inds': [16]}, {'functional_group': '2-methylbenzoic_acid', 'smiles_inds': [11]}]",0.0
21,bottom,O=C(Nc1ccccc1)P(c1ccccc1)c1ccccc1,[9],[],0.0
21,bottom,CC(=Nc1ccc(Cl)cc1)c1ccccn1,"[2, 15]","[{'functional_group': '2-hydroxypyridine', 'smiles_inds': [9]}]",0.0
21,bottom,CN(C)P(=O)(N(C)C)c1ccccc1,[4],[],0.0
21,bottom,Cc1[nH+][c-]ccc1,[3],"[{'functional_group': 'carbonyl', 'smiles_inds': [5]}, {'functional_group': 'methyl', 'smiles_inds': [4]}, {'functional_group': 'cyanimide', 'smiles_inds': [6]}, {'functional_group': 'carbonyl', 'smiles_inds': [0]}]",0.0
21,bottom,CCN=C1N(CC)C(=O)N(CC)P1C([Si](C)(C)C)[Si](C)(C)C,[12],"[{'functional_group': 'methyl_ester', 'smiles_inds': [5]}, {'functional_group': 'iodo', 'smiles_inds': [20]}]",0.0
21,bottom,S1C=CC=C1C1=CC=C(S1)c1ccncc1,[13],"[{'functional_group': 'cyanimide', 'smiles_inds': [3]}, {'functional_group': '2-methylbenzoic_acid', 'smiles_inds': [7]}]",0.0
21,bottom,O1B(Oc2ccccc12)C=[C-]c1ccccc1,"[2, 10]","[{'functional_group': 'ether', 'smiles_inds': [9]}, {'functional_group': 'iodo', 'smiles_inds': [13]}]",0.0
21,bottom,CC(C)P(Nc1cccc(NP2OC(C3OC(C)(C)OC3C(O2)(c2ccccc2)c2ccccc2)(c2ccccc2)c2ccccc2)n1)C(C)C,"[3, 47]",[],0.0
21,bottom,Brc1ccccc1C(=O)NN=C(c1ccccn1)c1ccccn1,"[10, 23, 8]",[],0.0
21,bottom,CN1C=CN(CC[Se]c2ccccc2N2N=C(C)C=C2C)[CH-]1,"[7, 21, 15]","[{'functional_group': 'amino', 'smiles_inds': [0]}, {'functional_group': 'hydroxyl', 'smiles_inds': [12]}, {'functional_group': 'carboxylate', 'smiles_inds': [20]}]",0.0
21,bottom,COc1cccc(C=Nc2ccccc2C(C)=NO)c1[O-],"[20, 17, 8]",[],0.0
21,median,C1CN(CCO1)CCN=CC1=CC=CN1,"[8, 2]",[],0.0
21,median,O1c2ccccc2N=C1c1cccc[c-]1,"[14, 7]","[{'functional_group': 'carboxylate', 'smiles_inds': [12]}]",0.0
21,median,CC(C)(C)c1cc(C[NH+]2CCCCC2)c([O-])c(C=NCCNCCNCCN=Cc2cc(cc(C[NH+]3CCCCC3)c2[O-])C(C)(C)C)c1,"[15, 27, 24, 18, 21, 42]","[{'functional_group': 'methyl', 'smiles_inds': [13]}, {'functional_group': 'tribromo', 'smiles_inds': [0]}]",0.0
21,median,CC(=O)NC(c1ccccn1)(c1ccccn1)c1ccccn1,"[22, 16, 10]","[{'functional_group': 'ether', 'smiles_inds': [21]}]",0.0
21,median,c1ccc(cc1)N(c1cccc(n1)N1C=CC=N1)c1cccc[c-]1,"[6, 17, 23]",[],0.0
21,median,CC1(C)C2CCC1(CSCc1ccccc1P(c1ccccc1)c1ccccc1)C(O)C2,"[8, 16]","[{'functional_group': 'amino', 'smiles_inds': [29]}]",0.0
21,median,[NH3+]C12CNCCNCC([NH2+]CCCCCCCCCCCCC)(CNCCNC1)CNCCNC2,"[6, 3, 24, 27, 30, 33]","[{'functional_group': 'methyl_ester', 'smiles_inds': [34]}, {'functional_group': 'phosphonate', 'smiles_inds': [26]}]",0.0
21,median,CSc1ccccc1[N-]c1ccccc1N=Nc1ccccn1,"[8, 15, 22]",[],0.0
21,median,CC1(C)N=C(N(O)C1(C)C)C(C#N)=C([O-])C(F)(F)F,"[14, 3]","[{'functional_group': 'ethyl_ester', 'smiles_inds': [0]}, {'functional_group': 'carbonyl', 'smiles_inds': [6]}]",0.0
21,median,CC(C)c1cccc(C(C)C)c1N1CCN(P1)c1c(cccc1C(C)C)C(C)C,[16],"[{'functional_group': 'trichloro', 'smiles_inds': [28]}, {'functional_group': 'cyanimide', 'smiles_inds': [14]}]",0.0
21,median,Cc1ccc([O-])c(C=NNc2ccccn2)c1,"[5, 8, 15]",[],0.0
21,median,[C-]#Cc1cc([nH+]c2ccccc12)c1ccccc1,[0],"[{'functional_group': 'bromo', 'smiles_inds': [13]}, {'functional_group': 'trichloro', 'smiles_inds': [7]}]",0.0
21,median,CC(C)(C)[Sb](C(C)(C)C)C(C)(C)C,[4],[],0.0
21,median,S1C=CC=C1C1=CC=C(S1)c1ccncc1,[13],"[{'functional_group': 'phosphonate', 'smiles_inds': [14]}]",0.0
21,median,CC(C)(C)N1C=CN(Cc2ccccc2P(c2ccccc2)c2ccccc2)[CH-]1,"[28, 15]","[{'functional_group': 'ether', 'smiles_inds': [20]}]",0.0
21,median,CN(C)C(=Nc1ncccc1C)N(C)C,[1],"[{'functional_group': 'trifluro', 'smiles_inds': [2]}, {'functional_group': 'methyl', 'smiles_inds': [0]}]",0.0
21,median,CC(O)c1ccccc1,[2],"[{'functional_group': 'carboxyllic_acid', 'smiles_inds': [4]}, {'functional_group': 'fluoro', 'smiles_inds': [6]}]",0.0
21,median,CN(C)C(=NCc1ccccn1)N1CCOCC1,"[4, 12]",[],0.0
21,median,CC(C)(C)c1cc(C=Nc2cccnc2)c(O)c(c1)C(C)(C)C,[13],"[{'functional_group': 'ketone', 'smiles_inds': [5]}, {'functional_group': 'iodo', 'smiles_inds': [10]}]",0.0
21,median,CC(C)N1N=C([N-]N(C(C)C)C1=O)c1cc2CC3CC(c2cn1)C3(C)C,"[22, 6]",[],0.0
21,top,CSC([S-])=NN=C(C)c1ccccn1,"[3, 13, 5]","[{'functional_group': 'methyl_ester', 'smiles_inds': [10]}, {'functional_group': 'phenyl', 'smiles_inds': [11]}]",0.0
21,top,CCC(CC)(C1=NC(CO1)c1ccccc1)C1=NC(CO1)c1ccccc1,"[6, 17]","[{'functional_group': 'amino', 'smiles_inds': [18]}]",0.0
21,top,c1ccc(cc1)N(N=Cc1ccc2ccccc2c1)c1ccccn1,"[6, 7]","[{'functional_group': 'carbonyl', 'smiles_inds': [16]}, {'functional_group': 'bromo', 'smiles_inds': [5]}]",0.0
21,top,CC(C)C1CN(c2ccc(C)cc2)C(=N1)c1cccc([c-]1)c1ccccn1,"[5, 20, 14]","[{'functional_group': 'carboxyllic_acid', 'smiles_inds': [18]}, {'functional_group': '2-hydroxypyridine', 'smiles_inds': [4]}]",0.0
21,top,CC(C)C1=C(Br)C=NN1,[7],"[{'functional_group': 'thiol', 'smiles_inds': [6]}, {'functional_group': 'fluoro', 'smiles_inds': [8]}]",0.0
21,top,Cc1ccc(nc1)N(c1ccc(C)cn1)c1ccc(C)cn1,"[7, 5]","[{'functional_group': 'hydroxyl', 'smiles_inds': [16]}, {'functional_group': 'tribromo', 'smiles_inds': [19]}]",0.0
21,top,CC(=O)c1cc([c-]c(c1)c1ccccn1)c1ccccn1,"[14, 20, 6]","[{'functional_group': 'carbonyl', 'smiles_inds': [19]}, {'functional_group': 'amide', 'smiles_inds': [18]}]",0.0
21,top,C1CN(CCS1)Cc1cccc(CN2CCSCC2)n1,"[2, 13, 19]",[],0.0
21,top,[NH2+]1C2[NH2+]C1C1C34OC1(O3)C24,"[0, 2]","[{'functional_group': 'hydroxyl', 'smiles_inds': [4]}]",0.0
21,top,Cc1ccc([c-]c1)c1cccc(Cl)c1C=NCc1ccc(Cl)cc1,"[15, 5]","[{'functional_group': 'ketone', 'smiles_inds': [18]}]",0.0
21,top,C(C1=C2C=CC=CN2C(=N1)c1ccccn1)C1=C2C=CC=CN2C(=N1)c1ccccn1,"[24, 7]","[{'functional_group': 'amino', 'smiles_inds': [14]}]",0.0
21,top,S=C([S-])C1=CNC=N1,"[2, 7]","[{'functional_group': 'cyano', 'smiles_inds': [4]}]",0.0
21,top,CC(C)c1cccc(C(C)C)c1N(C(=O)Nc1ccccc1)C(=O)[N-]c1ccccn1,"[30, 24, 14]",[],0.0
21,top,C(Nc1ccccc1)c1cccc(CP(c2ccccc2)c2ccccc2)n1,"[14, 27, 1]",[],0.0
21,top,CN1C(N(C)c2ccccc12)C1=Nc2ccccc2N1C,[12],"[{'functional_group': 'ethyl', 'smiles_inds': [6]}]",0.0
21,top,C(CN1CCOCCOCCOCCN(CC1)Cc1ccccc1)NCc1ccccc1,"[8, 11, 14, 5, 2, 24]",[],0.0
21,top,CN1c2ccccc2N=C1c1ccccc1C1=Nc2ccccc2N1C,"[8, 17]","[{'functional_group': 'hydroxyl', 'smiles_inds': [22]}]",0.0
21,top,O=Cc1ccc(cc1)C(=C1C=CC=N1)C1=CC=C[N-]1,"[18, 13]",[],0.0
21,top,CSC(=S)C=C([O-])c1ccc(Br)cc1,"[6, 3]",[],0.0
21,top,CC(=N)N(N=Cc1ccccn1)c1ccccc1,"[3, 4, 2]","[{'functional_group': 'hydroxyl', 'smiles_inds': [16]}]",0.0
22,bottom,CC1=NN(C(=C1)C)c1cccc(C=P([N-]c2ccccc2)(c2ccccc2)c2ccccc2)n1,"[3, 2, 14]",[],0.0
22,bottom,CN1P(Oc2ccccc2P(c2ccccc2)C(C)(C)C)N(C)c2ccc3ccccc3c2c2c1ccc1ccccc21,"[2, 10]","[{'functional_group': 'amide', 'smiles_inds': [0]}, {'functional_group': 'methyl', 'smiles_inds': [24]}]",0.0
22,bottom,Cc1cc(C)c(N=Cc2cc(C)cc(C=Nc3c(C)cc(C)cc3C)c2[O-])c(C)c1,"[26, 15]","[{'functional_group': 'methyl_ester', 'smiles_inds': [4]}]",0.0
22,bottom,CC(C)C1=NC2C(OC3COC(OC3C2OP(c2ccccc2)c2ccccc2)c2ccccc2)O1,"[16, 4]",[],0.0
22,bottom,C1=CN(C=N1)c1ccc2ccc(cc2c1)N1C=CN=C1,[18],[],0.0
22,bottom,C1CCCCCCCN2C=CN(Cc3cccc(CN4C=CN(CCCCCC1)[CH-]4)n3)[CH-]2,"[22, 31, 29]",[],0.0
22,bottom,CC1(C)COC(=N1)C1=NC(C)(C)CO1,"[6, 8]",[],0.0
22,bottom,CN(Cc1cccc(C)[c-]1)Cc1cccc(C)[c-]1,"[1, 9, 17]",[],0.0
22,bottom,O=C(NN=CC1=Cc2ccccc2NC1=O)c1ccccc1,"[15, 0, 3]",[],0.0
22,bottom,CC(C)c1cccc(C(C)C)c1N=C1CC(C)c2c(Cl)ccc([O-])c12,"[12, 23]","[{'functional_group': 'carboxylate', 'smiles_inds': [9]}, {'functional_group': 'iodo', 'smiles_inds': [1]}]",0.0
22,bottom,C[NH+](C)Cc1ccc(cc1[Si-](O)c1cc(ccc1CN(C)C)C(C)(C)C)C(C)(C)C,[10],[],0.0
22,bottom,[NH3+]C12CNCCNCC([NH2+]CCCCCCCCCCCCC)(CNCCNC1)CNCCNC2,"[6, 3, 24, 27, 30, 33]","[{'functional_group': '2-methylbenzoic_acid', 'smiles_inds': [34]}, {'functional_group': 'phenyl', 'smiles_inds': [0]}, {'functional_group': '2-hydroxypyridine', 'smiles_inds': [23]}, {'functional_group': '2-methylbenzoic_acid', 'smiles_inds': [29]}, {'functional_group': 'phenyl', 'smiles_inds': [20]}, {'functional_group': '2-hydroxypyridine', 'smiles_inds': [31]}, {'functional_group': '2-methylbenzoic_acid', 'smiles_inds': [32]}, {'functional_group': 'phenyl', 'smiles_inds': [21]}, {'functional_group': 'ketone', 'smiles_inds': [2]}, {'functional_group': '2-methylbenzoic_acid', 'smiles_inds': [19]}, {'functional_group': 'methyl_ester', 'smiles_inds': [9]}, {'functional_group': '2-methylbenzoic_acid', 'smiles_inds': [11]}, {'functional_group': 'ethyl_ester', 'smiles_inds': [4]}, {'functional_group': 'aldehyde', 'smiles_inds': [28]}, {'functional_group': 'amide', 'smiles_inds': [17]}, {'functional_group': 'amide', 'smiles_inds': [7]}, {'functional_group': 'phenyl', 'smiles_inds': [26]}, {'functional_group': 'phenyl', 'smiles_inds': [13]}, {'functional_group': 'amide', 'smiles_inds': [15]}, {'functional_group': 'ethyl', 'smiles_inds': [18]}, {'functional_group': '2-hydroxypyridine', 'smiles_inds': [22]}, {'functional_group': 'aldehyde', 'smiles_inds': [10]}, {'functional_group': 'cyanimide', 'smiles_inds': [12]}, {'functional_group': 'thiol', 'smiles_inds': [5]}]",0.0
22,bottom,CCOC(=O)C1=C(N)N(N=C1)c1ccc(OC)cc1,[9],[],0.0
22,bottom,CCC(Cl)=O,[4],"[{'functional_group': 'iodo', 'smiles_inds': [0]}, {'functional_group': 'carboxylate', 'smiles_inds': [1]}]",0.0
22,bottom,ON=CC1=NC=CN1,"[1, 4]","[{'functional_group': 'ethyl', 'smiles_inds': [5]}, {'functional_group': 'hydroxyl', 'smiles_inds': [7]}, {'functional_group': '2-methylbenzoic_acid', 'smiles_inds': [6]}]",0.0
22,bottom,CCC1=C([O-])C([O-])(N2C=CC=N2)c2ccccc2C1=O,"[6, 11, 4]",[],0.0
22,bottom,Nc1nc([O-])c2nccnc2n1,"[4, 6]",[],0.0
22,bottom,S1C=CN=C1c1cc(cc(n1)C1=NC=CS1)c1ccccc1,"[12, 3, 10]","[{'functional_group': 'thiol', 'smiles_inds': [20]}]",0.0
22,bottom,CCCCCCCCCCOC(=O)c1ccncc1,[16],[],0.0
22,bottom,C1CCCC2=CNN=C(C2CC1)c1ccccn1,"[17, 7]",[],0.0
22,median,[NH3+]C12CNCCNCC([NH2+]CCCCCCCCCCCCC)(CNCCNC1)CNCCNC2,"[6, 3, 24, 27, 30, 33]","[{'functional_group': '2-methylbenzoic_acid', 'smiles_inds': [34]}, {'functional_group': 'phenyl', 'smiles_inds': [0]}, {'functional_group': '2-hydroxypyridine', 'smiles_inds': [23]}, {'functional_group': '2-methylbenzoic_acid', 'smiles_inds': [29]}, {'functional_group': 'phenyl', 'smiles_inds': [20]}, {'functional_group': '2-hydroxypyridine', 'smiles_inds': [31]}, {'functional_group': '2-methylbenzoic_acid', 'smiles_inds': [32]}, {'functional_group': 'phenyl', 'smiles_inds': [21]}, {'functional_group': 'ketone', 'smiles_inds': [2]}, {'functional_group': 'ethyl_ester', 'smiles_inds': [13]}, {'functional_group': 'ethyl', 'smiles_inds': [28]}, {'functional_group': 'phenyl', 'smiles_inds': [22]}, {'functional_group': '2-hydroxypyridine', 'smiles_inds': [26]}, {'functional_group': 'ethyl', 'smiles_inds': [7]}, {'functional_group': 'ethyl', 'smiles_inds': [14]}, {'functional_group': 'cyanimide', 'smiles_inds': [25]}, {'functional_group': '2-methylbenzoic_acid', 'smiles_inds': [16]}, {'functional_group': 'amide', 'smiles_inds': [9]}, {'functional_group': 'methyl_ester', 'smiles_inds': [15]}, {'functional_group': 'ethyl', 'smiles_inds': [18]}]",0.0
22,median,O=S(=O)(N(Cc1ccccn1)Cc1ccccn1)c1cccc2cccnc12,"[3, 10]","[{'functional_group': 'ether', 'smiles_inds': [15]}, {'functional_group': 'trichloro', 'smiles_inds': [9]}]",0.0
22,median,CCCCN1C=CN(Cc2cccc(n2)N2C=CN(CCCC)[CH-]2)[CH-]1,"[15, 24, 23]","[{'functional_group': 'ethyl', 'smiles_inds': [21]}, {'functional_group': 'amide', 'smiles_inds': [17]}]",0.0
22,median,S=C1C=CC=CN1BN1C=CC=CC1=S,"[14, 0, 7]",[],0.0
22,median,N1C=CN=C1P(C1=NC=CN1)C1=NC=CN1,[5],"[{'functional_group': 'phosphonate', 'smiles_inds': [9]}, {'functional_group': 'ether', 'smiles_inds': [14]}, {'functional_group': 'fluoro', 'smiles_inds': [13]}]",0.0
22,median,C[Si](C)(C)C(P1N=C(N=C1C1=CC=CS1)C1=CC=CS1)[Si](C)(C)C,[5],"[{'functional_group': 'hydroxyl', 'smiles_inds': [22]}]",0.0
22,median,CNCCCN=Cc1c([O-])ccc2ccccc12,"[9, 1, 5]","[{'functional_group': 'ether', 'smiles_inds': [13]}, {'functional_group': 'chloro', 'smiles_inds': [14]}]",0.0
22,median,CN(C)C(=S)N(C)N=Cc1ccccc1[S-],"[15, 4, 7]","[{'functional_group': 'trifluro', 'smiles_inds': [13]}]",0.0
22,median,CC(C)N1C=CN(C)C1=S,[9],"[{'functional_group': 'aldehyde', 'smiles_inds': [1]}, {'functional_group': 'carboxyllic_acid', 'smiles_inds': [5]}, {'functional_group': 'amino', 'smiles_inds': [4]}]",0.0
22,median,CC(C)(C)NP([Se-])(=NC(C)(C)C)c1ccccc1,"[6, 7]",[],0.0
22,median,[O-]C(=NN=Cc1c2ccccc2cc2ccccc12)C1=CC=CS1,"[0, 3]","[{'functional_group': 'methyl', 'smiles_inds': [20]}]",0.0
22,median,CC(C)(C)N=CC1=Cc2ccccc2[N-]1,"[14, 4]",[],0.0
22,median,CN(C)C([S-])=NN=CC1=NC=CS1,"[4, 6]",[],0.0
22,median,COC(=O)c1ccccc1N=C1N(C)CCN1C,"[10, 3]",[],0.0
22,median,O1C23OC12C=C3,"[0, 2]","[{'functional_group': 'bromo', 'smiles_inds': [4]}]",0.0
22,median,COC(=N)c1cnccn1,"[9, 3]","[{'functional_group': 'amide', 'smiles_inds': [7]}, {'functional_group': 'carboxyl', 'smiles_inds': [5]}]",0.0
22,median,CC(NNC(=O)c1ccccc1)=C1C(=O)OC(=CC1=O)C,[19],[],0.0
22,median,CNC(=S)N(C)c1c2ccccc2nc2ccccc12,[3],"[{'functional_group': 'fluoro', 'smiles_inds': [11]}, {'functional_group': 'aldehyde', 'smiles_inds': [1]}, {'functional_group': 'aldehyde', 'smiles_inds': [17]}]",0.0
22,median,CN(C)C([S-])=NN=C(C)c1ccc(cc1)N(=O)=O,"[4, 5]",[],0.0
22,median,C[Si](C)(O)CP(c1ccccc1)c1ccccc1,[5],[],0.0
22,top,CN(C)c1ccc(cc1)C=NN(Cc1ccccn1)c1ccccc1,"[1, 10]",[],0.0
22,top,ONC(=NO)c1ccncc1,[8],"[{'functional_group': 'ethyl', 'smiles_inds': [10]}]",0.0
22,top,CC(C)P(C(C)C)c1ccccc1c1cc(cc(c1)C(C)(C)C)c1ccccc1P(C(C)C)C(C)C,"[3, 29, 14]","[{'functional_group': 'aldehyde', 'smiles_inds': [24]}]",0.0
22,top,CCOP(=O)(OCC)C(NCc1ccc(OC)c(OC)c1)c1ccccn1,"[9, 26]","[{'functional_group': 'methyl', 'smiles_inds': [8]}, {'functional_group': 'amide', 'smiles_inds': [10]}]",0.0
22,top,CNc1ccccc1P(=S)(c1ccccc1)c1ccccc1,"[1, 9]","[{'functional_group': 'tribromo', 'smiles_inds': [6]}, {'functional_group': 'methyl', 'smiles_inds': [14]}]",0.0
22,top,CCC(CC)c1cccc(C)c1N=C(C)c1cccc(n1)C(C)=Nc1c(C)cccc1C(CC)CC,"[12, 23, 20]","[{'functional_group': 'chloro', 'smiles_inds': [29]}]",0.0
22,top,COc1ccc(C(=O)C=Cc2ccc(cc2)N(C)C)c([O-])c1,"[20, 7]","[{'functional_group': 'methyl', 'smiles_inds': [9]}]",0.0
22,top,Cc1cc(C)c(P(N=NN[Si](C)(C)C)[C-]=CC(C)(C)C)c(C)c1,"[14, 7]","[{'functional_group': 'phenyl', 'smiles_inds': [18]}]",0.0
22,top,c1nncnn1,[2],"[{'functional_group': 'fluoro', 'smiles_inds': [0]}, {'functional_group': 'phosphonate', 'smiles_inds': [3]}]",0.0
22,top,CN1N(C(=O)C(=C1C)[NH+]=C1NC(C)(C)Cc2cc(C)c(C)cc12)c1ccccc1,[4],[],0.0
22,top,Cc1ccc(cc1)C1=NC(CO1)C(C)(C)OP1Oc2c(cc(cc2C(C)(C)C)C(C)(C)C)c2cc(cc(c2O1)C(C)(C)C)C(C)(C)C,"[16, 8]","[{'functional_group': 'carboxyllic_acid', 'smiles_inds': [10]}, {'functional_group': 'amino', 'smiles_inds': [40]}]",0.0
22,top,O=C1C=CC(=CC=C1[O-])C#Cc1ccccc1,"[0, 8]",[],0.0
22,top,S=P(Nc1ccccn1)(c1ccccc1)c1ccccc1,[8],"[{'functional_group': 'cyanimide', 'smiles_inds': [20]}]",0.0
22,top,CCCN(CC[S-])CC[S-],"[6, 9, 3]","[{'functional_group': 'ethyl_ester', 'smiles_inds': [5]}, {'functional_group': 'phosphonate', 'smiles_inds': [1]}, {'functional_group': 'carbonyl', 'smiles_inds': [8]}]",0.0
22,top,CC(C)N(CCN=Cc1cc(cc(c1[O-])C(C)(C)C)C(C)(C)C)C(C)C,"[14, 6]",[],0.0
22,top,CN1CC2C(CN(C)P1c1ccccc1)P2c1ccccc1,"[8, 15]",[],0.0
22,top,CC12CNCCNCC([NH2+]CC3=CSC=C3)(CNCCNC1)CNCCNC2,"[17, 26, 20, 6, 23, 3]","[{'functional_group': 'ether', 'smiles_inds': [16]}]",0.0
22,top,CC1CC(C)(C)NCCN(Cc2cc(C)cc(C=O)c2[O-])C(C)CC(C)(C)NCCN1Cc1cc(C)cc(C=O)c1[O-],"[41, 20, 30, 6, 9, 27]","[{'functional_group': '2-methylbenzoic_acid', 'smiles_inds': [33]}, {'functional_group': 'fluoro', 'smiles_inds': [0]}]",0.0
22,top,Cc1cccnc1N[CH-]Nc1ncccc1C,"[8, 5, 11]",[],0.0
22,top,N=C(S[N-]c1ccccc1)N=P(c1ccccc1)(c1ccccc1)c1ccccc1,"[3, 0]","[{'functional_group': 'ketone', 'smiles_inds': [8]}]",0.0
23,bottom,Cc1cc(C)c(c(C)c1)c1ccnc(c1)c1[c-]cc(F)c(C#N)c1F,"[12, 16]","[{'functional_group': 'ethyl_ester', 'smiles_inds': [0]}]",0.0
23,bottom,CCCOc1c2Cc3cc(cc(Cc4cccc(Cc5cc(cc(Cc1ccc2)c5OCCC)c1cccc(c1)c1cc2Cc5cccc(Cc6cc(cc(Cc7cccc(Cc(c1)c2OCCC)c7OCCC)c6OCCC)P(c1ccccc1)c1ccccc1)c5OCCC)c4OCCC)c3OCCC)P(c1ccccc1)c1ccccc1,"[107, 79]","[{'functional_group': 'bromo', 'smiles_inds': [105]}, {'functional_group': 'bromo', 'smiles_inds': [20]}]",0.0
23,bottom,Nc1nccnc1C(=O)[O-],"[9, 5]","[{'functional_group': '2-methylbenzoic_acid', 'smiles_inds': [4]}]",0.0
23,bottom,O=C([O-])c1ccnc(n1)c1ccccn1,"[14, 6]","[{'functional_group': 'ethyl_ester', 'smiles_inds': [4]}]",0.0
23,bottom,CC(C)C[NH+](Cc1cc(C)cc(c1[S-])c1cc(cc(c1)C(F)(F)F)C(F)(F)F)Cc1cc(C)cc(c1[S-])c1cc(cc(c1)C(F)(F)F)C(F)(F)F,"[36, 13]",[],0.0
23,bottom,[NH3+]C12CNCCNCC([NH2+]CCCCCCCCCCCCC)(CNCCNC1)CNCCNC2,"[6, 3, 24, 27, 30, 33]","[{'functional_group': '2-methylbenzoic_acid', 'smiles_inds': [34]}, {'functional_group': 'phenyl', 'smiles_inds': [0]}, {'functional_group': '2-hydroxypyridine', 'smiles_inds': [23]}, {'functional_group': '2-methylbenzoic_acid', 'smiles_inds': [29]}, {'functional_group': 'phenyl', 'smiles_inds': [20]}, {'functional_group': 'ketone', 'smiles_inds': [13]}, {'functional_group': 'ethyl_ester', 'smiles_inds': [17]}, {'functional_group': 'phenyl', 'smiles_inds': [18]}, {'functional_group': '2-methylbenzoic_acid', 'smiles_inds': [14]}, {'functional_group': 'fluoro', 'smiles_inds': [26]}]",0.0
23,bottom,Brc1ccc(nc1)C1=[C-]c2ccccc2S1,"[5, 8]",[],0.0
23,bottom,O[P](C1CCCCC1)(C1CCCCC1)C1CCCCC1,[0],"[{'functional_group': 'ether', 'smiles_inds': [2]}, {'functional_group': 'cyanimide', 'smiles_inds': [15]}]",0.0
23,bottom,CC1=C([O-])C(=O)C=CO1,"[3, 5]",[],0.0
23,bottom,CCN(CC)C([S-])=NC(=O)c1ccc(F)cc1,"[6, 9]","[{'functional_group': 'hydroxyl', 'smiles_inds': [11]}, {'functional_group': 'ether', 'smiles_inds': [3]}]",0.0
23,bottom,N1C=NC(=N1)C1=NN=N[N-]1,"[2, 9]","[{'functional_group': 'methyl_ester', 'smiles_inds': [1]}]",0.0
23,bottom,COCCN[Si](C)(C)N[SiH](C)C,"[8, 4, 1]","[{'functional_group': 'ether', 'smiles_inds': [9]}]",0.0
23,bottom,O=N(=O)c1ccncc1,[6],"[{'functional_group': 'tribromo', 'smiles_inds': [8]}]",0.0
23,bottom,N1C=NC(=N1)C1=NN=N[N-]1,"[2, 9]","[{'functional_group': 'bromo', 'smiles_inds': [0]}]",0.0
23,bottom,O=N(=O)C1=CN=CN1,[5],"[{'functional_group': 'ethyl_ester', 'smiles_inds': [4]}, {'functional_group': 'cyanimide', 'smiles_inds': [7]}]",0.0
23,bottom,Cc1ccc(c(O)c1)C(=O)NN=C(c1ccccc1)C1=C([O-])N(N=C1C)c1ccccc1,"[21, 9, 11]","[{'functional_group': 'phenyl', 'smiles_inds': [14]}]",0.0
23,bottom,c1ccc(cc1)c1cccc(n1)c1cccc[c-]1,"[11, 17]","[{'functional_group': 'chloro', 'smiles_inds': [2]}]",0.0
23,bottom,CCCCCCCCCC=NN=C([S-])NC,"[13, 10]","[{'functional_group': 'phenyl', 'smiles_inds': [8]}]",0.0
23,bottom,S=C([S-])C1=CNC=N1,"[2, 7]","[{'functional_group': 'iodo', 'smiles_inds': [4]}, {'functional_group': 'fluoro', 'smiles_inds': [5]}]",0.0
23,bottom,CP=O,[2],"[{'functional_group': 'trichloro', 'smiles_inds': [0]}]",0.0
23,median,OC1=C(O)C(=O)C1=O,[7],"[{'functional_group': 'ethyl', 'smiles_inds': [0]}]",0.0
23,median,CC(C)[NH2+]Cc1ccc2ccc3ccc(CNC(C)C)nc3c2n1,"[20, 23, 3]",[],0.0
23,median,CC(C)(C)N1C=CN(Cc2ccccc2P(c2ccccc2)c2ccccc2)[CH-]1,"[28, 15]",[],0.0
23,median,ClCc1ccncc1,[5],"[{'functional_group': 'bromo', 'smiles_inds': [6]}]",0.0
23,median,c1cc2cccc3[As]4[As](c(c1)c23)c1cccc2cccc4c12,[7],"[{'functional_group': 'phenyl', 'smiles_inds': [17]}, {'functional_group': 'amide', 'smiles_inds': [1]}]",0.0
23,median,CP(=O)([N-]c1cccc2cccnc12)c1cccc[c-]1,"[19, 12, 3]","[{'functional_group': 'carbonyl', 'smiles_inds': [10]}, {'functional_group': 'ketone', 'smiles_inds': [6]}]",0.0
23,median,[NH2+]=C([S-])N=Nc1ccc2ccccc2c1[O-],"[2, 4, 15]",[],0.0
23,median,NC(=N)NN=O,"[4, 2]","[{'functional_group': 'chloro', 'smiles_inds': [0]}, {'functional_group': 'ketone', 'smiles_inds': [3]}]",0.0
23,median,c1cc(nc(c1)C1=NN=N[N-]1)C1=NN=N[N-]1,"[10, 3, 15]","[{'functional_group': 'carboxylate', 'smiles_inds': [1]}, {'functional_group': 'iodo', 'smiles_inds': [5]}]",0.0
23,median,COc1ccc(cc1)C(=O)NC(c1ccccn1)c1ccccn1,"[23, 9, 17]","[{'functional_group': 'amino', 'smiles_inds': [10]}, {'functional_group': 'bromo', 'smiles_inds': [15]}, {'functional_group': 'ethyl', 'smiles_inds': [3]}]",0.0
23,median,CN1C=C(C=C1C(=O)NN=Cc1ccccn1)N(=O)=O,"[7, 9, 8]","[{'functional_group': 'methyl', 'smiles_inds': [10]}]",0.0
23,median,c1ccc(nc1)N(c1ccccn1)c1ccccn1,"[6, 12]","[{'functional_group': 'cyano', 'smiles_inds': [2]}, {'functional_group': 'fluoro', 'smiles_inds': [17]}]",0.0
23,median,CN(c1ccncc1)C(=O)C1=CC=C(S1)C(=O)N(C)c1ccncc1,"[5, 22]","[{'functional_group': 'phenyl', 'smiles_inds': [20]}]",0.0
23,median,FC(F)(F)c1ccc(cc1)c1nc2ccccc2c(n1)c1c(ccc2ccccc12)P(c1ccccc1)c1ccccc1,"[19, 30]","[{'functional_group': 'tribromo', 'smiles_inds': [36]}]",0.0
23,median,CC(=[N-])N1N=C(C)C=C1C,"[3, 4]",[],0.0
23,median,OCCNCCNC1CCCCC1[O-],"[13, 6, 3]","[{'functional_group': '2-methylbenzoic_acid', 'smiles_inds': [12]}, {'functional_group': 'ethyl', 'smiles_inds': [10]}, {'functional_group': 'trichloro', 'smiles_inds': [7]}]",0.0
23,median,Cc1cccc(C)c1[N-]C(=CP(=Nc1ccccc1)(c1ccccc1)c1ccccc1)c1ccccc1,"[8, 12]","[{'functional_group': 'hydroxyl', 'smiles_inds': [22]}]",0.0
23,median,CC(C)C1=NN(c2cccc(n2)N2N=C(C=C2C(C)C)C(C)C)C(=C1)C(C)C,"[13, 4, 12]",[],0.0
23,median,O=C([N-]c1ccccc1)c1cccc(n1)C(=O)[N-]c1ccccc1,"[14, 2, 17]","[{'functional_group': 'fluoro', 'smiles_inds': [8]}]",0.0
23,median,N1C=NC=C1c1ccccc1,[2],"[{'functional_group': 'carboxyl', 'smiles_inds': [10]}, {'functional_group': 'hydroxyl', 'smiles_inds': [8]}]",0.0
23,top,O=C1CCCC(=O)SCCSCCS1,"[10, 13, 7]","[{'functional_group': 'aldehyde', 'smiles_inds': [8]}, {'functional_group': 'phenyl', 'smiles_inds': [11]}]",0.0
23,top,Nc1[nH+][c-]ccc1,[3],"[{'functional_group': 'ether', 'smiles_inds': [5]}, {'functional_group': 'trifluro', 'smiles_inds': [6]}]",0.0
23,top,CC(=NCCCN)c1ccccc1[O-],"[2, 13, 6]","[{'functional_group': 'trichloro', 'smiles_inds': [8]}, {'functional_group': 'phenyl', 'smiles_inds': [10]}, {'functional_group': 'carboxylate', 'smiles_inds': [11]}]",0.0
23,top,Nc1ccccc1Oc1ccccc1N,"[0, 14]","[{'functional_group': 'carboxyl', 'smiles_inds': [5]}]",0.0
23,top,CSC([S-])=NN=Cc1cc(C)cc(c1[O-])C(C)(C)C,"[3, 14, 5]","[{'functional_group': 'amino', 'smiles_inds': [18]}, {'functional_group': 'carbonyl', 'smiles_inds': [0]}]",0.0
23,top,CC(C)(C)NC(=O)CN1CCNCCN(CC(=O)NC(C)(C)C)Cc2cccc(C1)n2,"[14, 6, 17, 30, 8, 11]","[{'functional_group': 'amino', 'smiles_inds': [22]}]",0.0
23,top,Nc1[nH+][c-]ccc1,[3],"[{'functional_group': 'amino', 'smiles_inds': [0]}]",0.0
23,top,N1C=NC(=N1)c1cnccn1,"[2, 10]","[{'functional_group': 'bromo', 'smiles_inds': [8]}]",0.0
23,top,CC(=[N-])NC1=NC=CS1,"[2, 5]","[{'functional_group': 'carbonyl', 'smiles_inds': [3]}, {'functional_group': 'bromo', 'smiles_inds': [6]}]",0.0
23,top,CC(C)(C)N[S]([N-]C(C)(C)C)c1c2ccccc2c(Br)c2ccccc12,"[4, 6]","[{'functional_group': 'methyl_ester', 'smiles_inds': [3]}]",0.0
23,top,O=N(=O)C1=CN2C=CN=C2C=C1,[8],"[{'functional_group': 'methyl_ester', 'smiles_inds': [4]}, {'functional_group': 'carboxyl', 'smiles_inds': [7]}]",0.0
23,top,COc1c(F)c(F)c([Se-])c(F)c1F,"[8, 6]","[{'functional_group': 'ethyl_ester', 'smiles_inds': [0]}]",0.0
23,top,COC(=O)c1cccc(n1)C(C)=Nc1c(C)cccc1C,"[9, 12]","[{'functional_group': 'cyano', 'smiles_inds': [7]}, {'functional_group': 'amide', 'smiles_inds': [0]}, {'functional_group': 'phosphonate', 'smiles_inds': [16]}]",0.0
23,top,CC(C)c1cc(C(C)C)c(c(c1)C(C)C)c1cccc(c2c(cc(cc2C(C)C)C(C)C)C(C)C)c1[Si](F)(F)P[Si](C)(C)C,"[39, 37]",[],0.0
23,top,COc1ccc([NH+]=Cc2cc(SC)cc(C=Nc3ccc(OC)cc3)c2[O-])cc1,"[26, 16]","[{'functional_group': 'ethyl_ester', 'smiles_inds': [4]}]",0.0
23,top,CC1(C)OC2OC(C(COCc3ccccn3)OCc3ccccn3)C(OCc3ccccn3)C2O1,"[26, 17, 9, 33, 24, 16]","[{'functional_group': 'methyl_ester', 'smiles_inds': [13]}, {'functional_group': 'amino', 'smiles_inds': [32]}]",0.0
23,top,CC(C=C([O-])c1ccccc1)=NCCN1CC[NH2+]CC1,"[4, 11, 14]","[{'functional_group': 'carbonyl', 'smiles_inds': [8]}]",0.0
23,top,COc1cccc(OC)c1CP(C(C)(C)C)C(C)(C)C,"[11, 7]","[{'functional_group': 'ethyl_ester', 'smiles_inds': [19]}]",0.0
23,top,CC(=NN=Cc1ccccc1O)C1=NC=CS1,"[13, 2]",[],0.0
23,top,CCOC(=O)C(CNC(C)(C)C)NC(C)(C)C,"[12, 7]","[{'functional_group': 'hydroxyl', 'smiles_inds': [0]}]",0.0
24,bottom,CCOC(=O)c1ccc2N=C(N(c3cc(c(O)c(c3)C(C)(C)C)C(C)(C)C)c2c1)c1ccccc1[O-],"[35, 9]","[{'functional_group': 'carbonyl', 'smiles_inds': [30]}, {'functional_group': 'aldehyde', 'smiles_inds': [18]}, {'functional_group': 'carboxyl', 'smiles_inds': [31]}]",0.0
24,bottom,Fc1ccc(cc1)N1CN(NC(=N1)c1ccncc1)c1ccccc1,[7],[],0.0
24,bottom,Cc1cc(cc(C[NH+](CCCO)Cc2cc(cc(C)c2[O-])C(C)(C)C)c1[O-])C(C)(C)C,"[26, 20]","[{'functional_group': 'methyl_ester', 'smiles_inds': [8]}]",0.0
24,bottom,C(N1C=Cc2cccnc12)N1C=Cc2cccnc12,"[1, 10]","[{'functional_group': 'amide', 'smiles_inds': [0]}]",0.0
24,bottom,CC(=O)c1cc(C)cc(c1[O-])C(C)(C)C,"[10, 2]","[{'functional_group': 'thiol', 'smiles_inds': [13]}]",0.0
24,bottom,COCCP(c1ccc(C)cc1)c1ccc(C)cc1,"[4, 1]","[{'functional_group': 'ketone', 'smiles_inds': [17]}, {'functional_group': 'amide', 'smiles_inds': [11]}, {'functional_group': 'phenyl', 'smiles_inds': [0]}]",0.0
24,bottom,CC(=NO)C(C)=NCCSCCSCCN=C(C)C(C)=NO,"[9, 12, 2, 6, 15, 20]","[{'functional_group': 'ethyl_ester', 'smiles_inds': [8]}, {'functional_group': 'ketone', 'smiles_inds': [17]}, {'functional_group': 'hydroxyl', 'smiles_inds': [10]}]",0.0
24,bottom,CNC(=S)NN=C(C)C1=CC=C(Br)S1,[3],[],0.0
24,bottom,CC1=CC(=NN1)C([O-])=NN=C(C)c1ccccc1[O-],"[18, 7, 9]",[],0.0
24,bottom,[NH3+]C12CNCCNCC([NH2+]CCCCCCCCCCCCC)(CNCCNC1)CNCCNC2,"[6, 3, 24, 27, 30, 33]","[{'functional_group': '2-methylbenzoic_acid', 'smiles_inds': [34]}, {'functional_group': 'phenyl', 'smiles_inds': [0]}, {'functional_group': '2-hydroxypyridine', 'smiles_inds': [23]}, {'functional_group': '2-hydroxypyridine', 'smiles_inds': [2]}, {'functional_group': 'amide', 'smiles_inds': [29]}, {'functional_group': 'aldehyde', 'smiles_inds': [22]}]",0.0
24,bottom,COC(=O)C([C-]=O)=C(P(c1ccccc1)c1ccccc1)C(=O)OC,"[5, 8]",[],0.0
24,bottom,COc1ccccc1P(N(C)P(c1ccccc1OC)c1ccccc1OC)c1ccccc1OC,"[8, 11, 1]","[{'functional_group': 'trifluro', 'smiles_inds': [22]}]",0.0
24,bottom,NCC(=O)NCC(=O)[O-],"[0, 3]","[{'functional_group': 'trichloro', 'smiles_inds': [1]}, {'functional_group': 'fluoro', 'smiles_inds': [4]}, {'functional_group': 'hydroxyl', 'smiles_inds': [5]}]",0.0
24,bottom,[NH3+]C12CNCCNCC([NH2+]CCCCCCCCCCCCC)(CNCCNC1)CNCCNC2,"[6, 3, 24, 27, 30, 33]","[{'functional_group': '2-methylbenzoic_acid', 'smiles_inds': [34]}, {'functional_group': 'phenyl', 'smiles_inds': [0]}, {'functional_group': '2-hydroxypyridine', 'smiles_inds': [23]}, {'functional_group': '2-methylbenzoic_acid', 'smiles_inds': [29]}, {'functional_group': 'phenyl', 'smiles_inds': [20]}, {'functional_group': '2-hydroxypyridine', 'smiles_inds': [31]}, {'functional_group': '2-methylbenzoic_acid', 'smiles_inds': [32]}, {'functional_group': 'phenyl', 'smiles_inds': [21]}, {'functional_group': 'ketone', 'smiles_inds': [2]}, {'functional_group': '2-methylbenzoic_acid', 'smiles_inds': [19]}, {'functional_group': 'methyl_ester', 'smiles_inds': [9]}, {'functional_group': '2-methylbenzoic_acid', 'smiles_inds': [11]}, {'functional_group': 'ethyl_ester', 'smiles_inds': [4]}, {'functional_group': 'aldehyde', 'smiles_inds': [28]}, {'functional_group': 'amide', 'smiles_inds': [17]}, {'functional_group': 'amide', 'smiles_inds': [7]}, {'functional_group': 'phenyl', 'smiles_inds': [26]}, {'functional_group': 'phenyl', 'smiles_inds': [13]}, {'functional_group': 'amide', 'smiles_inds': [15]}, {'functional_group': 'iodo', 'smiles_inds': [18]}, {'functional_group': 'hydroxyl', 'smiles_inds': [14]}, {'functional_group': 'ketone', 'smiles_inds': [5]}]",0.0
24,bottom,CSc1ccccc1P(c1c(F)c(F)c(F)c(F)c1F)c1c(F)c(F)c(F)c(F)c1F,"[8, 1]","[{'functional_group': 'methyl', 'smiles_inds': [6]}, {'functional_group': 'thiol', 'smiles_inds': [3]}, {'functional_group': 'bromo', 'smiles_inds': [4]}]",0.0
24,bottom,C1CSCc2ccccc2CSCCS1,"[2, 14, 11]","[{'functional_group': 'carboxylate', 'smiles_inds': [1]}]",0.0
24,bottom,COc1cccc(C=NNc2ccccn2)c1[O-],"[17, 8, 15]",[],0.0
24,bottom,FC(F)(F)c1ccc(cc1)C1=C2N3C=CC=CC3=C3C=CC=CC3=C2N=C1c1ccccn1,"[25, 12]","[{'functional_group': 'hydroxyl', 'smiles_inds': [22]}]",0.0
24,bottom,[NH3+]C12CNCCNCC([NH2+]CCCCCCCCCCCCC)(CNCCNC1)CNCCNC2,"[6, 3, 24, 27, 30, 33]","[{'functional_group': '2-methylbenzoic_acid', 'smiles_inds': [34]}, {'functional_group': 'phenyl', 'smiles_inds': [0]}, {'functional_group': '2-hydroxypyridine', 'smiles_inds': [23]}, {'functional_group': '2-methylbenzoic_acid', 'smiles_inds': [29]}, {'functional_group': 'phenyl', 'smiles_inds': [20]}, {'functional_group': '2-hydroxypyridine', 'smiles_inds': [31]}, {'functional_group': '2-methylbenzoic_acid', 'smiles_inds': [32]}, {'functional_group': 'phenyl', 'smiles_inds': [21]}, {'functional_group': 'ketone', 'smiles_inds': [2]}, {'functional_group': '2-methylbenzoic_acid', 'smiles_inds': [19]}, {'functional_group': 'methyl_ester', 'smiles_inds': [9]}, {'functional_group': '2-methylbenzoic_acid', 'smiles_inds': [11]}, {'functional_group': 'ethyl_ester', 'smiles_inds': [4]}, {'functional_group': 'aldehyde', 'smiles_inds': [28]}, {'functional_group': 'amide', 'smiles_inds': [17]}, {'functional_group': 'amide', 'smiles_inds': [7]}, {'functional_group': 'phenyl', 'smiles_inds': [26]}, {'functional_group': 'phenyl', 'smiles_inds': [13]}, {'functional_group': 'amide', 'smiles_inds': [15]}, {'functional_group': 'ethyl', 'smiles_inds': [18]}, {'functional_group': '2-hydroxypyridine', 'smiles_inds': [22]}, {'functional_group': 'aldehyde', 'smiles_inds': [10]}, {'functional_group': 'cyanimide', 'smiles_inds': [12]}, {'functional_group': 'iodo', 'smiles_inds': [16]}]",0.0
24,bottom,C[NH+](C)CC(=O)[O-],[6],[],0.0
24,median,CC(C)(C)c1cc(c(P=C=C=C(c2ccccc2)c2ccccc2)c(c1)C(C)(C)C)C(C)(C)C,[8],"[{'functional_group': 'ethyl_ester', 'smiles_inds': [29]}, {'functional_group': 'methyl', 'smiles_inds': [5]}]",0.0
24,median,Cc1cc2ccccc2c(c1N)c1c(N)c(C)cc2ccccc12,"[11, 14]","[{'functional_group': 'carboxyllic_acid', 'smiles_inds': [21]}]",0.0
24,median,CC(C)(C)c1cc(cc(c1)C(C)(C)C)N1C=C(N=N1)c1cccc(n1)c1cc(cc(c1)C(C)(C)C)C(C)(C)C,"[17, 14]","[{'functional_group': 'methyl', 'smiles_inds': [2]}, {'functional_group': 'phosphonate', 'smiles_inds': [32]}]",0.0
24,median,CC1=CC=C([O-])C(=S)N1,"[7, 5]","[{'functional_group': 'chloro', 'smiles_inds': [2]}, {'functional_group': 'ether', 'smiles_inds': [0]}]",0.0
24,median,CC(=NN)c1cccc(n1)C(C)=NN,"[9, 2, 12]","[{'functional_group': 'ketone', 'smiles_inds': [0]}]",0.0
24,median,CC(C)(C)Pc1ccccc1,[4],[],0.0
24,median,C[Si](C)(C#Cc1ccccc1)[C-]=C(c1ccccc1)C(=N)C(c1ccccc1)c1ccccc1,"[11, 20]","[{'functional_group': 'ethyl_ester', 'smiles_inds': [9]}]",0.0
24,median,O=N(=O)c1ccc(CN2C=C(N=N2)c2ccccn2)cc1,"[8, 11]","[{'functional_group': 'carbonyl', 'smiles_inds': [4]}, {'functional_group': 'methyl_ester', 'smiles_inds': [20]}]",0.0
24,median,S1C=CC=C1c1ccc(cc1)c1cc(nc(c1)c1cccc2cccnc12)c1cccc2cccnc12,"[25, 14, 35]",[],0.0
24,median,Fc1cccc(n1)c1ccccn1,"[12, 6]",[],0.0
24,median,CC(C)(C)C#CP(c1ccccc1)C(c1ccccc1)=C(P(c1ccccc1)c1ccccc1)c1ccccc1,"[6, 21]",[],0.0
24,median,CC(C)c1cccc(C(C)C)c1N1C=CN=C1c1cccc[c-]1,"[15, 22]",[],0.0
24,median,CCCCN1C=CN([CH-]1)c1ccccc1[N-]c1cccc2cccnc12,"[7, 15, 8]","[{'functional_group': 'phenyl', 'smiles_inds': [0]}]",0.0
24,median,CN(C)CCN1[C-]=C(CN(C)C)c2ccccc12,"[9, 5, 6]","[{'functional_group': 'iodo', 'smiles_inds': [2]}]",0.0
24,median,OCCC(N1C=CC=N1)(N1C=CC=N1)N1C=CC=N1,"[8, 13, 18]",[],0.0
24,median,c1ccc(cc1)P(N(P(c1ccccc1)c1ccccc1)c1cccc2ccccc12)c1ccccc1,"[6, 8]","[{'functional_group': 'phenyl', 'smiles_inds': [13]}, {'functional_group': 'ether', 'smiles_inds': [33]}]",0.0
24,median,[S-]C(=NN=Cc1c2ccccc2cc2ccc[c-]c12)c1ccccc1,"[0, 3, 17]",[],0.0
24,median,CC(=NN=C([O-])Nc1ccccc1)c1ccccc1[O-],"[19, 5, 2]","[{'functional_group': 'phenyl', 'smiles_inds': [0]}, {'functional_group': '2-hydroxypyridine', 'smiles_inds': [16]}, {'functional_group': 'thiol', 'smiles_inds': [8]}]",0.0
24,median,[O-]c1ccccc1[Se]c1ccccc1[O-],"[7, 0, 14]",[],0.0
24,median,[S-]c1ccccc1C=NN(c1ccccc1)c1ccccc1,"[0, 8]","[{'functional_group': 'carbonyl', 'smiles_inds': [4]}]",0.0
24,top,Oc1ccccc1CNC(C(NCc1ccccc1[O-])c1ccccc1)c1ccccc1,"[19, 8, 11]",[],0.0
24,top,CN1C(P1C([Si](C)(C)C)[Si](C)(C)C)C1=CC=CO1,[3],"[{'functional_group': 'phosphonate', 'smiles_inds': [7]}]",0.0
24,top,Cc1cc2C(=NCC(O)CN=C(C)c3cc(C)cc(C(=NCC(O)CN=C(C)c(c1)c2O)C)c3O)C,"[31, 23, 5, 34, 8, 20]","[{'functional_group': 'ethyl', 'smiles_inds': [21]}, {'functional_group': 'methyl', 'smiles_inds': [29]}]",0.0
24,top,[Se]=P(c1ccccc1)(c1ccccc1)c1cccc(n1)P(=[Se])(c1ccccc1)c1ccccc1,"[21, 0, 19]",[],0.0
24,top,Cc1cccc(C=Nc2cccc(c2)C(O)=O)n1,"[17, 7]","[{'functional_group': 'carboxyl', 'smiles_inds': [6]}]",0.0
24,top,c1ccc(N2C=CC=N2)c(c1)[N-]c1ccccc1N1C=CC=N1,"[11, 8, 22]","[{'functional_group': 'methyl_ester', 'smiles_inds': [2]}, {'functional_group': 'ether', 'smiles_inds': [6]}]",0.0
24,top,[S-]c1ccccc1N=C(c1ccccn1)c1ccccn1,"[0, 14, 7]","[{'functional_group': 'iodo', 'smiles_inds': [18]}]",0.0
24,top,CN(CC[O-])Cc1cc(cc(c1[O-])C(C)(C)C)C(C)(C)C,"[12, 4, 1]","[{'functional_group': 'amino', 'smiles_inds': [7]}, {'functional_group': 'amino', 'smiles_inds': [9]}]",0.0
24,top,COC(=O)C([N-]C(c1ccc(Cl)cc1)=C1C(=NN(c2ccccc2)C1=O)C)C(C)C,"[25, 3, 5]",[],0.0
24,top,CC(C)N1NC(=NN(C(C)C)C1=O)c1ccccn1,"[6, 18]","[{'functional_group': 'carboxylate', 'smiles_inds': [15]}, {'functional_group': '2-methylbenzoic_acid', 'smiles_inds': [10]}]",0.0
24,top,FC(F)(F)Oc1ccc([c-]c1)c1ccccn1,"[9, 16]",[],0.0
24,top,CC(N(CCN(C(C)c1ccccc1)P(c1ccccc1)c1ccccc1)P(c1ccccc1)c1ccccc1)c1ccccc1,"[27, 14]","[{'functional_group': 'chloro', 'smiles_inds': [29]}, {'functional_group': 'thiol', 'smiles_inds': [33]}]",0.0
24,top,COc1ccc(cc1)C1=C2C=CC(=N2)C(C)(C)C2=C3CCCC3=C(P2c2ccccc2)C(C)(C)C2=NC(=C(C3=CC=C1S3)c1ccc(OC)cc1)C=C2,"[24, 13]","[{'functional_group': 'thiol', 'smiles_inds': [20]}]",0.0
24,top,CN(C)C([Se-])=NN=C(C)c1ccccn1,"[4, 1, 6]","[{'functional_group': 'trifluro', 'smiles_inds': [11]}]",0.0
24,top,CC(O)C1=Nc2ccccc2N1,"[2, 4]","[{'functional_group': 'carbonyl', 'smiles_inds': [0]}]",0.0
24,top,CCCCCCCCN=Cc1c([O-])ccc2ccccc12,"[12, 8]",[],0.0
24,top,CC(=NCCN1CCOCC1)c1ccccn1,"[16, 2, 5]","[{'functional_group': 'ethyl_ester', 'smiles_inds': [4]}]",0.0
24,top,CC(C)c1cc(C(C)C)n(CCOCCn2nc(cc2C(C)C)C(C)C)n1,"[12, 26, 16]",[],0.0
24,top,CC(=NNC(=S)NC1CCCCC1)c1cnccn1,"[2, 5, 18]",[],0.0
24,top,COP(=O)(CC(=C)P(=O)(OC)OC)OC,"[8, 3]","[{'functional_group': '2-hydroxypyridine', 'smiles_inds': [0]}]",0.0
25,bottom,C(N1C(=NC(=C1c1ccccc1)c1ccccc1)c1ccccn1)c1ccccn1,"[29, 3]",[],0.0
25,bottom,ON=C1C=Cc2ccccc2C1=O,"[12, 1]",[],0.0
25,bottom,[O-]c1ccc(N=Nc2ccccn2)c([O-])c1,"[14, 12, 5]",[],0.0
25,bottom,CN(C)c1ccc(N)cc1,[1],[],0.0
25,bottom,C(CP(c1ccccc1)c1ccccc1)N1C=CN(Cc2ccccc2)[CH-]1,"[26, 2]","[{'functional_group': 'ethyl', 'smiles_inds': [7]}, {'functional_group': '2-methylbenzoic_acid', 'smiles_inds': [0]}]",0.0
25,bottom,Cc1ccc(cc1)N=C1NC2CCCCC2NC1=Nc1ccc(C)cc1,"[7, 18]",[],0.0
25,bottom,N1C=NC(=N1)C1=NN=NN1,"[6, 2]","[{'functional_group': 'methyl', 'smiles_inds': [1]}]",0.0
25,bottom,CC(C=C([O-])c1ccccc1)=Nc1c(C)cccc1C,"[4, 11]",[],0.0
25,bottom,O=C(NP(=O)(N1CCCC1)N1CCCC1)c1ccccc1,[4],"[{'functional_group': 'trifluro', 'smiles_inds': [17]}, {'functional_group': 'trifluro', 'smiles_inds': [14]}]",0.0
25,bottom,CC(C)N(CC(O)=O)CC(=O)[O-],"[3, 11]","[{'functional_group': 'carboxyllic_acid', 'smiles_inds': [6]}]",0.0
25,bottom,CN(C)CCC(N)=O,"[1, 6]","[{'functional_group': 'amide', 'smiles_inds': [0]}, {'functional_group': 'trifluro', 'smiles_inds': [3]}]",0.0
25,bottom,CN1C(=NC(=Cc2ccccn2)C1=O)C,"[11, 3]","[{'functional_group': '2-methylbenzoic_acid', 'smiles_inds': [5]}]",0.0
25,bottom,CC1=CC=C(S1)C=NN=C([S-])Nc1ccccc1,"[10, 7]",[],0.0
25,bottom,Nc1cc(Cl)ccc1N(=O)=O,[0],"[{'functional_group': 'amino', 'smiles_inds': [5]}]",0.0
25,bottom,O=C1Nc2ccccc2N1c1ncccn1,"[15, 0]","[{'functional_group': 'phenyl', 'smiles_inds': [6]}]",0.0
25,bottom,N1C=CN=C1c1cccc([c-]1)C1=NC=CN1,"[3, 12, 10]","[{'functional_group': 'methyl', 'smiles_inds': [0]}]",0.0
25,bottom,CC(C)(C)C1=CC(=NN1)Cc1cccc[c-]1,"[7, 15]",[],0.0
25,bottom,CC1(C)C2CC1c1cnc(cc1C2)c1cccc[c-]1,"[18, 8]",[],0.0
25,bottom,COc1cccc(C=NC(CO)(CO)C[O-])c1[O-],"[17, 15, 8]","[{'functional_group': 'tribromo', 'smiles_inds': [14]}, {'functional_group': 'phosphonate', 'smiles_inds': [4]}]",0.0
25,bottom,Cc1ncc(CO)c(C=NN=C([O-])c2ccccc2)c1[O-],"[9, 12, 20]",[],0.0
25,median,c1ccc(cc1)c1cccc(n1)c1cccc(n1)c1cccc[c-]1,"[17, 11, 23]",[],0.0
25,median,CCCCCCOc1ccc(cc1)N=Cc1ccc(CCCCCC)c[c-]1,"[26, 13]",[],0.0
25,median,CC(C)N(C(C)C)P1(=O)C(C)C=CN1N(C)C,[8],"[{'functional_group': 'methyl', 'smiles_inds': [11]}, {'functional_group': 'tribromo', 'smiles_inds': [10]}]",0.0
25,median,c1ccc2nccnc2c1,[4],"[{'functional_group': 'amino', 'smiles_inds': [0]}, {'functional_group': 'trichloro', 'smiles_inds': [6]}, {'functional_group': 'cyano', 'smiles_inds': [1]}]",0.0
25,median,COc1ccccc1c1ccccc1N=Cc1cc(C)cc(c1[O-])C12CC3CC(CC(C3)C1)C2,"[14, 23]",[],0.0
25,median,CC(C)c1cccc(C(C)C)c1N(C1=C(C2CCC1C2)P1N(C(C)(C)C)[Si](C)(C)N1C(C)(C)C)[Si-](Cl)Cl,"[34, 20]","[{'functional_group': 'phenyl', 'smiles_inds': [10]}, {'functional_group': 'hydroxyl', 'smiles_inds': [33]}]",0.0
25,median,C1CCC(CC1)N(CP(c1ccccc1)c1ccccc1)CP(c1ccccc1)c1ccccc1,"[8, 22]","[{'functional_group': 'bromo', 'smiles_inds': [16]}]",0.0
25,median,Fc1ccccc1CNCCNCc1ccccc1F,"[8, 11]",[],0.0
25,median,CC(C)(C)P(C[Si](C)(CP(c1ccccc1)C(C)(C)C)CP(c1ccccc1)C(C)(C)C)c1ccccc1,"[9, 21, 4]",[],0.0
25,median,COC(=N)C1=NC(C)(C)OC1=O,"[3, 5]","[{'functional_group': 'chloro', 'smiles_inds': [8]}, {'functional_group': 'ether', 'smiles_inds': [0]}]",0.0
25,median,Oc1ccc(O)c(CN(CCN(Cc2ccccn2)Cc2cc(O)ccc2O)Cc2ccccn2)c1,"[34, 5, 8, 18, 27, 11]","[{'functional_group': 'ether', 'smiles_inds': [33]}]",0.0
25,median,CC(C)P(=S)(C(C)C)[C-]1C(=Cc2ccccc12)N(C)C,"[4, 8]","[{'functional_group': 'aldehyde', 'smiles_inds': [15]}, {'functional_group': 'thiol', 'smiles_inds': [12]}]",0.0
25,median,O=N(=O)c1ccccc1C[NH2+]C12CNCCNCC([NH2+]Cc3ccccc3N(=O)=O)(CNCCNC1)CNCCNC2,"[34, 31, 40, 16, 37, 13]","[{'functional_group': '2-methylbenzoic_acid', 'smiles_inds': [20]}, {'functional_group': 'cyanimide', 'smiles_inds': [22]}, {'functional_group': 'fluoro', 'smiles_inds': [32]}]",0.0
25,median,CC(C)NCCNC(C)C,"[3, 6]","[{'functional_group': 'thiol', 'smiles_inds': [2]}]",0.0
25,median,CC(CN=CC1=NNC=C1)(CN=CC1=NNC=C1)CN=CC1=NNC=C1,"[19, 3, 22, 6, 11, 14]","[{'functional_group': 'chloro', 'smiles_inds': [24]}, {'functional_group': 'aldehyde', 'smiles_inds': [0]}, {'functional_group': 'phenyl', 'smiles_inds': [20]}, {'functional_group': 'tribromo', 'smiles_inds': [7]}]",0.0
25,median,[NH3+]C12CNCCNCC([NH2+]CCCCCCCCCCCCC)(CNCCNC1)CNCCNC2,"[6, 3, 24, 27, 30, 33]","[{'functional_group': 'ketone', 'smiles_inds': [9]}, {'functional_group': 'methyl', 'smiles_inds': [12]}]",0.0
25,median,COc1ccc(cc1)N1CCN=C1c1cc(cc[c-]1)N(=O)=O,"[11, 18]",[],0.0
25,median,N1C=CC=N1,[4],"[{'functional_group': 'carbonyl', 'smiles_inds': [0]}, {'functional_group': 'ethyl_ester', 'smiles_inds': [3]}]",0.0
25,median,CC1=NN(CC(O)CN2N=C(C)C=C2C)C(=C1)C,"[2, 9]","[{'functional_group': 'methyl_ester', 'smiles_inds': [14]}, {'functional_group': 'ketone', 'smiles_inds': [6]}]",0.0
25,median,c1cc(nc(c1)C1=NN=N[N-]1)C1=NN=N[N-]1,"[10, 3, 15]","[{'functional_group': 'trichloro', 'smiles_inds': [5]}, {'functional_group': 'carboxyllic_acid', 'smiles_inds': [0]}]",0.0
25,top,CCC(C)(C)c1cc(C(c2cc(cc(c2OCCNC(=O)CP(=O)(c2ccccc2)c2ccccc2)C(C)(C)CC)C(C)(C)CC)c2cc(cc(c2OCCNC(=O)CP(=O)(c2ccccc2)c2ccccc2)C(C)(C)CC)C(C)(C)CC)c(OCCNC(=O)CP(=O)(c2ccccc2)c2ccccc2)c(c1)C(C)(C)CC,"[20, 23, 57, 60, 89, 92]","[{'functional_group': 'ketone', 'smiles_inds': [28]}]",0.0
25,top,Brc1ccc(C=O)c([O-])c1,"[8, 6]",[],0.0
25,top,O=P(Nc1ccccc1)(N1CCOCC1)N1CCOCC1,[0],"[{'functional_group': 'ether', 'smiles_inds': [2]}, {'functional_group': 'cyanimide', 'smiles_inds': [11]}]",0.0
25,top,C(CN(Cc1nccc2ccccc12)Cc1nccc2ccccc12)N(Cc1nccc2ccccc12)Cc1nccc2ccccc12,"[2, 5, 16, 25, 28, 39]","[{'functional_group': '2-hydroxypyridine', 'smiles_inds': [33]}, {'functional_group': 'carbonyl', 'smiles_inds': [1]}]",0.0
25,top,Fc1c(F)c(F)c(c2ccccn2)c([C-]=C(c2ccccc2)C(=O)c2ccccc2)c1F,"[23, 12, 14]","[{'functional_group': 'cyano', 'smiles_inds': [11]}]",0.0
25,top,CC1=NN(CN(CN2N=C(C)C=C2C)Cc2ccccc2)C(=C1)C,"[2, 8]","[{'functional_group': 'carboxylate', 'smiles_inds': [18]}, {'functional_group': 'cyano', 'smiles_inds': [16]}]",0.0
25,top,CPc1c(C)cc(C)cc1C,[1],"[{'functional_group': 'methyl', 'smiles_inds': [8]}, {'functional_group': 'ether', 'smiles_inds': [0]}]",0.0
25,top,Clc1ccnc(c1)C(=O)[N-]c1ccccc1P(=S)(c1ccccc1)c1ccccc1,"[17, 9, 4]",[],0.0
25,top,CCCCCCSCc1cccc(CSCCCCCC)n1,"[6, 14, 21]","[{'functional_group': 'ether', 'smiles_inds': [15]}]",0.0
25,top,Cc1ccnc(c1)[N-][Si](C)(C)C([Si](C)(C)[N-]c1cc(C)ccn1)[Si](C)(C)[N-]c1cc(C)ccn1,"[15, 22, 7, 4, 26, 33]","[{'functional_group': 'chloro', 'smiles_inds': [13]}]",0.0
25,top,CC1=C(CNCCN2CCCCC2)SC=C1,"[4, 7]","[{'functional_group': 'ethyl_ester', 'smiles_inds': [5]}]",0.0
25,top,NC([S-])=NN=CC1=CNC(=O)NC1=O,"[2, 13, 4]","[{'functional_group': '2-methylbenzoic_acid', 'smiles_inds': [0]}]",0.0
25,top,CN(C)c1ccccc1[N-]c1ccccc1N(C)C,"[1, 9, 16]","[{'functional_group': 'chloro', 'smiles_inds': [18]}]",0.0
25,top,S=C([S-])C1=CNC=N1,"[2, 7]","[{'functional_group': 'iodo', 'smiles_inds': [5]}, {'functional_group': 'cyano', 'smiles_inds': [6]}]",0.0
25,top,CC(CN=CC1=NNC=C1)(CN=CC1=NNC=C1)CN=CC1=NNC=C1,"[19, 3, 22, 6, 11, 14]","[{'functional_group': 'chloro', 'smiles_inds': [24]}, {'functional_group': 'bromo', 'smiles_inds': [10]}]",0.0
25,top,CC(C)c1cccc(C(C)C)c1N1CN(C=C1)P(=O)(C(C)(C)C)C(C)(C)C,[18],"[{'functional_group': 'chloro', 'smiles_inds': [16]}, {'functional_group': 'thiol', 'smiles_inds': [21]}]",0.0
25,top,CC(C)N1NC(=NN(C1=O)c1ccccn1)c1ccccn1,"[15, 21, 6]","[{'functional_group': 'phosphonate', 'smiles_inds': [18]}]",0.0
25,top,C(Sc1c(SCc2ccccc2)c2cccnc2c2ncccc12)c1ccccc1,"[19, 16]","[{'functional_group': '2-methylbenzoic_acid', 'smiles_inds': [27]}, {'functional_group': 'ether', 'smiles_inds': [10]}]",0.0
25,top,CC(C)(C)NC([S-])=NN=CC1=NC=CS1,"[6, 8]",[],0.0
25,top,CC(C)N1C=CN(c2ccccn2)C1=S,"[14, 12]","[{'functional_group': '2-hydroxypyridine', 'smiles_inds': [9]}]",0.0
26,bottom,N(N=NC1=NN=N[N-]1)C1=NN=N[N-]1,"[1, 12, 7]","[{'functional_group': 'aldehyde', 'smiles_inds': [0]}]",0.0
26,bottom,[NH3+]C12CNCCNCC([NH2+]CCCCCCCCCCCCC)(CNCCNC1)CNCCNC2,"[6, 3, 24, 27, 30, 33]","[{'functional_group': '2-methylbenzoic_acid', 'smiles_inds': [34]}, {'functional_group': 'phenyl', 'smiles_inds': [0]}, {'functional_group': '2-hydroxypyridine', 'smiles_inds': [23]}, {'functional_group': '2-methylbenzoic_acid', 'smiles_inds': [29]}, {'functional_group': 'phenyl', 'smiles_inds': [20]}, {'functional_group': '2-hydroxypyridine', 'smiles_inds': [31]}, {'functional_group': '2-methylbenzoic_acid', 'smiles_inds': [32]}, {'functional_group': 'phenyl', 'smiles_inds': [21]}, {'functional_group': 'ketone', 'smiles_inds': [2]}, {'functional_group': 'ethyl_ester', 'smiles_inds': [13]}, {'functional_group': 'ethyl', 'smiles_inds': [28]}, {'functional_group': 'phenyl', 'smiles_inds': [22]}, {'functional_group': '2-hydroxypyridine', 'smiles_inds': [26]}, {'functional_group': 'ethyl', 'smiles_inds': [7]}, {'functional_group': 'ethyl', 'smiles_inds': [14]}, {'functional_group': 'cyanimide', 'smiles_inds': [25]}, {'functional_group': '2-methylbenzoic_acid', 'smiles_inds': [16]}, {'functional_group': 'amide', 'smiles_inds': [9]}, {'functional_group': 'phenyl', 'smiles_inds': [17]}, {'functional_group': 'thiol', 'smiles_inds': [11]}]",0.0
26,bottom,CCCCC1=C(SC(=N1)C1=NC(=C(S1)C1=CC=CS1)CCCC)C1=CC=CS1,"[8, 10]","[{'functional_group': 'chloro', 'smiles_inds': [16]}, {'functional_group': '2-methylbenzoic_acid', 'smiles_inds': [15]}]",0.0
26,bottom,CC(C)OP(=S)(OC(C)C)N=C([S-])Nc1cc(C)ccc1C,"[5, 12]",[],0.0
26,bottom,CN(C)CC[C-](C)C,"[1, 5]","[{'functional_group': 'carboxylate', 'smiles_inds': [3]}, {'functional_group': 'thiol', 'smiles_inds': [6]}]",0.0
26,bottom,Cc1ccc(nc1)c1ccc(F)c[c-]1,"[5, 13]",[],0.0
26,bottom,CO[P](=O)C(C)(C)C,[2],[],0.0
26,bottom,NC1CCCCC1NCc1ccc2ccccc2c1,"[7, 0]",[],0.0
26,bottom,O1c2c(cccc2c2cccc(P(c3ccccc3)c3ccccc3)c12)P(c1ccccc1)c1ccccc1,"[0, 12, 26]",[],0.0
26,bottom,[NH3+]C12CNCCNCC([NH2+]CCCCCCCCCCCCC)(CNCCNC1)CNCCNC2,"[6, 3, 24, 27, 30, 33]","[{'functional_group': '2-methylbenzoic_acid', 'smiles_inds': [34]}, {'functional_group': 'phenyl', 'smiles_inds': [0]}, {'functional_group': '2-hydroxypyridine', 'smiles_inds': [23]}, {'functional_group': '2-methylbenzoic_acid', 'smiles_inds': [29]}, {'functional_group': 'phenyl', 'smiles_inds': [20]}, {'functional_group': '2-hydroxypyridine', 'smiles_inds': [31]}, {'functional_group': '2-methylbenzoic_acid', 'smiles_inds': [32]}, {'functional_group': 'phenyl', 'smiles_inds': [21]}, {'functional_group': 'ketone', 'smiles_inds': [2]}, {'functional_group': '2-methylbenzoic_acid', 'smiles_inds': [19]}, {'functional_group': 'methyl_ester', 'smiles_inds': [9]}, {'functional_group': '2-methylbenzoic_acid', 'smiles_inds': [11]}, {'functional_group': 'ethyl_ester', 'smiles_inds': [4]}, {'functional_group': 'aldehyde', 'smiles_inds': [28]}, {'functional_group': 'amide', 'smiles_inds': [17]}, {'functional_group': 'amide', 'smiles_inds': [7]}, {'functional_group': 'phenyl', 'smiles_inds': [26]}, {'functional_group': 'phenyl', 'smiles_inds': [13]}, {'functional_group': 'phenyl', 'smiles_inds': [18]}, {'functional_group': 'carboxylate', 'smiles_inds': [5]}, {'functional_group': 'tribromo', 'smiles_inds': [15]}, {'functional_group': 'hydroxyl', 'smiles_inds': [10]}]",0.0
26,bottom,ON=CC1=NC=CN1,"[1, 4]","[{'functional_group': 'trichloro', 'smiles_inds': [6]}]",0.0
26,bottom,S1C=CC=C1C(C1=CC=CS1)=C(c1ccccn1)c1ccccn1,"[17, 23]",[],0.0
26,bottom,COCC(OP1Oc2c(cc(cc2C(C)(C)C)C(C)(C)C)c2cc(cc(c2O1)C(C)(C)C)C(C)(C)C)C(SC(C)(C)C)c1ccccc1,"[5, 37]",[],0.0
26,bottom,CCC(=NO)C(C)=N[O-],"[7, 3]","[{'functional_group': 'iodo', 'smiles_inds': [4]}, {'functional_group': 'carbonyl', 'smiles_inds': [0]}]",0.0
26,bottom,O=N(=O)c1ccc2N=C([S-])Sc2c1,"[7, 9]","[{'functional_group': 'bromo', 'smiles_inds': [5]}, {'functional_group': 'chloro', 'smiles_inds': [12]}]",0.0
26,bottom,COc1ccccc1[N-]C(=O)C(C)N(C)CCN(C)C(C)C(=O)[N-]c1ccccc1OC,"[8, 23, 13, 1, 30, 17]","[{'functional_group': 'ketone', 'smiles_inds': [11]}]",0.0
26,bottom,C[NH+](C)CCO,[5],"[{'functional_group': 'trifluro', 'smiles_inds': [0]}, {'functional_group': 'carbonyl', 'smiles_inds': [4]}]",0.0
26,bottom,CC1=NN(C(N)=O)C(C)(C)C1,"[6, 2]",[],0.0
26,bottom,Cc1ccnc(O[Si-](C)C)c1,"[7, 4]","[{'functional_group': 'chloro', 'smiles_inds': [8]}, {'functional_group': 'phosphonate', 'smiles_inds': [0]}]",0.0
26,bottom,Cc1ccc(cc1)S(=O)(=O)[N-]OC[CH-]Cc1ccccc1c1ccccn1,"[13, 26, 10]","[{'functional_group': 'carboxyllic_acid', 'smiles_inds': [14]}]",0.0
26,median,CC(C)(C)NCc1cccc[c-]1,"[4, 11]","[{'functional_group': 'bromo', 'smiles_inds': [0]}, {'functional_group': 'iodo', 'smiles_inds': [10]}, {'functional_group': 'trifluro', 'smiles_inds': [5]}]",0.0
26,median,CCOC(=O)[C-]=C(Oc1cccc(OC)c1P(c1ccccc1)c1ccccc1)C(=O)OCC,"[16, 5]","[{'functional_group': 'chloro', 'smiles_inds': [14]}]",0.0
26,median,CC(C)c1cc(C(C)C)n(CCOCCn2nc(cc2C(C)C)C(C)C)n1,"[12, 26, 16]",[],0.0
26,median,C(CN=CC1=CC=CO1)N=CC1=CC=CO1,"[2, 9]","[{'functional_group': 'carboxylate', 'smiles_inds': [14]}, {'functional_group': 'trifluro', 'smiles_inds': [10]}]",0.0
26,median,CP(c1ccccc1N)c1ccccc1Cl,"[1, 8]",[],0.0
26,median,CC(=NNC1=NCCc2ccccc2C2=C1Nc1ccccc21)c1ccccn1,"[5, 2, 28]","[{'functional_group': 'carboxylate', 'smiles_inds': [9]}]",0.0
26,median,CC(C)C1COC(=N1)c1cccc(CC[O-])n1,"[7, 16, 15]","[{'functional_group': 'trifluro', 'smiles_inds': [2]}]",0.0
26,median,[NH3+]C12CNCCNCC([NH2+]CCCCCCCCCCCCC)(CNCCNC1)CNCCNC2,"[6, 3, 24, 27, 30, 33]","[{'functional_group': 'chloro', 'smiles_inds': [17]}]",0.0
26,median,CC(C)N=CC(N([C-]=Nc1c(C)cccc1C)C(C)C)C(=S)[S-],"[22, 3, 7]","[{'functional_group': 'hydroxyl', 'smiles_inds': [18]}]",0.0
26,median,[S-]C=C([S-])c1cc[nH+]cc1,"[3, 0]","[{'functional_group': 'iodo', 'smiles_inds': [7]}, {'functional_group': '2-hydroxypyridine', 'smiles_inds': [5]}]",0.0
26,median,S=C([S-])C1=CNC=N1,"[2, 7]","[{'functional_group': 'phosphonate', 'smiles_inds': [6]}, {'functional_group': 'trifluro', 'smiles_inds': [5]}]",0.0
26,median,O=C([N-]CCON(=O)=O)c1ccccn1,"[14, 2]","[{'functional_group': 'cyano', 'smiles_inds': [10]}, {'functional_group': 'bromo', 'smiles_inds': [4]}]",0.0
26,median,Nc1ccc2cccc([O-])c2n1,"[9, 11]","[{'functional_group': 'amino', 'smiles_inds': [5]}]",0.0
26,median,[O-]Sc1ccccn1,"[0, 7]","[{'functional_group': 'phosphonate', 'smiles_inds': [3]}]",0.0
26,median,Cc1cc2NC(CC(=Nc2cc1C)c1ccccc1O)c1ccccc1P(c1ccccc1)c1ccccc1,[26],"[{'functional_group': 'iodo', 'smiles_inds': [15]}]",0.0
26,median,CC(C)CN=Cc1c([O-])ccc2ccccc12,"[4, 8]",[],0.0
26,median,CC(C)NC(=NC(C)C)C#Cc1ccccc1,[5],[],0.0
26,median,c1ccc(nc1)c1nc(nc(n1)c1ccccn1)c1ccncc1,"[4, 17, 11]","[{'functional_group': 'amide', 'smiles_inds': [0]}]",0.0
26,median,COC(=O)C(=C(C(=O)OC)[C-](C(=O)OC)[P](c1ccccc1)(c1ccccc1)c1cccc2ccc(C)nc12)[C-](I)C(=O)OC,"[37, 10, 39]",[],0.0
26,median,Brc1cc2OCOc2[c-]c1C=NC1CCCCC1,"[11, 8]","[{'functional_group': 'carboxylate', 'smiles_inds': [17]}]",0.0
26,top,[O-]c1ccc(cc1C=Nc1ccccc1[O-])N=Nc1ccccc1,"[15, 0, 8]","[{'functional_group': 'fluoro', 'smiles_inds': [22]}, {'functional_group': '2-hydroxypyridine', 'smiles_inds': [20]}]",0.0
26,top,NC(c1ccccc1)=C1C=CC=C([N-]1)c1ccccn1,"[19, 13, 0]","[{'functional_group': 'ketone', 'smiles_inds': [5]}]",0.0
26,top,CC(=O)C1=N[N-]C(=N1)C(C)=NN=C([S-])Nc1ccc(Cl)cc1,"[5, 13, 10]","[{'functional_group': '2-hydroxypyridine', 'smiles_inds': [9]}]",0.0
26,top,C(N1C=C(N=N1)N1C=Nc2ccccc12)c1ccccc1,[8],"[{'functional_group': 'tribromo', 'smiles_inds': [0]}]",0.0
26,top,Cc1ccnc(c1)c1cc(CCC=C)ccn1,"[4, 16]","[{'functional_group': 'carboxyl', 'smiles_inds': [12]}, {'functional_group': 'amide', 'smiles_inds': [6]}]",0.0
26,top,COC(=N)C1=NC(C)(C)OC1=O,"[3, 5]","[{'functional_group': 'thiol', 'smiles_inds': [7]}, {'functional_group': 'ether', 'smiles_inds': [0]}, {'functional_group': 'phenyl', 'smiles_inds': [8]}]",0.0
26,top,Cc1cc(C(c2ccccc2)c2ccccc2)c(N(CP(c2ccccc2)c2ccccc2)CP(c2ccccc2)c2ccccc2)c(c1)C(c1ccccc1)c1ccccc1,"[20, 34]","[{'functional_group': '2-methylbenzoic_acid', 'smiles_inds': [13]}]",0.0
26,top,CC(CSc1ccccc1)(CP(c1ccccc1)c1ccccc1)CP(c1ccccc1)c1ccccc1,"[25, 11]","[{'functional_group': 'methyl', 'smiles_inds': [0]}, {'functional_group': 'carboxyllic_acid', 'smiles_inds': [21]}]",0.0
26,top,c1cnc2c(c1)ccc1ccc3cccnc3c21,"[15, 2]","[{'functional_group': 'methyl_ester', 'smiles_inds': [7]}, {'functional_group': 'ethyl', 'smiles_inds': [5]}, {'functional_group': 'trifluro', 'smiles_inds': [9]}, {'functional_group': 'iodo', 'smiles_inds': [6]}]",0.0
26,top,OCC(N=Cc1cc(ccc1[O-])N(=O)=O)c1ccccc1,"[11, 0, 3]","[{'functional_group': 'carbonyl', 'smiles_inds': [9]}, {'functional_group': 'phosphonate', 'smiles_inds': [1]}]",0.0
26,top,OCCCN=Cc1c([O-])ccc2ccccc12,"[8, 4]",[],0.0
26,top,c1ccc(cc1)[As]([As](c1ccccc1)c1ccccc1)c1ccccc1,[6],"[{'functional_group': 'phenyl', 'smiles_inds': [15]}, {'functional_group': 'ether', 'smiles_inds': [21]}]",0.0
26,top,c1ccc(cc1)c1ccnc2c1ccc1c(ccnc21)c1ccccc1,"[9, 18]","[{'functional_group': 'chloro', 'smiles_inds': [25]}, {'functional_group': 'trifluro', 'smiles_inds': [4]}]",0.0
26,top,O=C1NC(=CC=C1)P(N1C=CC=C1)N1C=CC=C1,[7],[],0.0
26,top,Cc1cc(C)c(c(C)c1)c1ccnc(c1)c1[c-]cc(F)cc1F,"[12, 16]",[],0.0
26,top,CC(C)c1cccc(C(C)C)c1NC(=S)c1cccc(n1)C(=S)Nc1c(cccc1C(C)C)C(C)C,"[14, 22, 20]","[{'functional_group': 'ether', 'smiles_inds': [30]}]",0.0
26,top,Cc1ccccc1OP(Oc1ccccc1C)Oc1[c-]c(Cl)c(Cl)c(Cl)c1C,"[19, 8]","[{'functional_group': 'amide', 'smiles_inds': [4]}]",0.0
26,top,[NH3+]C12CNCCNCC([NH2+]CCCCCCCCCCCCC)(CNCCNC1)CNCCNC2,"[6, 3, 24, 27, 30, 33]","[{'functional_group': 'carboxyl', 'smiles_inds': [21]}]",0.0
26,top,Ic1cc[c-]c(c1)C1=Nc2c3ccccc3c3ccccc3c2N1c1ccccc1,"[8, 4]",[],0.0
26,top,Cc1ccc([O-])c(C=NCCN2CCOCC2)c1,"[8, 11, 5]","[{'functional_group': 'methyl', 'smiles_inds': [17]}]",0.0
27,bottom,c1ccc2c(c1)cccc2N=CC1=CC=C[N-]1,"[10, 16]","[{'functional_group': '2-hydroxypyridine', 'smiles_inds': [14]}, {'functional_group': 'fluoro', 'smiles_inds': [15]}]",0.0
27,bottom,[O-]CCN=Cc1cc(ccc1[O-])N=Nc1ccccc1,"[0, 11, 3]",[],0.0
27,bottom,Nc1[nH+][c-]ccc1,[3],"[{'functional_group': 'amide', 'smiles_inds': [6]}]",0.0
27,bottom,COC(=O)[C-]=C(CC=C)C(=O)OC,"[10, 4]","[{'functional_group': 'ethyl_ester', 'smiles_inds': [6]}]",0.0
27,bottom,CC1(C)C2CCC1(C)C1=NN(P(c3ccccc3)c3ccccc3)C(=C21)C1=NN(c2ccccc2)C2=C1C1CCC2(C)C1(C)C,"[11, 27]","[{'functional_group': 'fluoro', 'smiles_inds': [39]}, {'functional_group': 'ether', 'smiles_inds': [44]}]",0.0
27,bottom,CN1C(C2=CC=CO2)C2(C)C(=C(C)C3(C)P1C23C)C,[15],[],0.0
27,bottom,CC(C)(C)P(CC1=CC=CC(=CP(C(C)(C)C)C(C)(C)C)[N-]1)C(C)(C)C,"[4, 12, 21]",[],0.0
27,bottom,CCP(C1CCCCC1)C1CCCCC1,[2],[],0.0
27,bottom,CC(C)c1cccc(C(C)C)c1C1=NN(CCC2c3ccccc3c3ccccc23)C=C1,[13],"[{'functional_group': 'bromo', 'smiles_inds': [31]}]",0.0
27,bottom,CC1=C[Se]N=N1,[4],"[{'functional_group': 'ether', 'smiles_inds': [2]}]",0.0
27,bottom,Cc1cc(C)c(N=P23CC(=C(C)CP2(CC(=C(C)C3)C)=Nc2c(C)cc(C)cc2C)C)c(C)c1,"[6, 20]","[{'functional_group': 'hydroxyl', 'smiles_inds': [17]}, {'functional_group': 'carboxyl', 'smiles_inds': [18]}]",0.0
27,bottom,CC(C)N(B(PB(N(C(C)C)C(C)C)N(C(C)C)C(C)C)N(C(C)C)C(C)C)C(C)C,[5],"[{'functional_group': 'iodo', 'smiles_inds': [19]}]",0.0
27,bottom,Clc1ccc(Cl)c(c1)[N-]C(=O)c1ccccn1,"[16, 8]","[{'functional_group': 'tribromo', 'smiles_inds': [13]}]",0.0
27,bottom,Nc1ncc2N=CNc2n1,[5],[],0.0
27,bottom,CC1(C)C2CCC1([N-]S(=O)(=O)C(F)(F)F)C(C2)=NO,"[17, 7]",[],0.0
27,bottom,[O-]c1ccc(cc1)C#Cc1cc2cccnc2c2ncccc12,"[18, 15]","[{'functional_group': 'ketone', 'smiles_inds': [19]}, {'functional_group': 'cyanimide', 'smiles_inds': [21]}]",0.0
27,bottom,NC(=N)NN=O,"[4, 2]","[{'functional_group': 'carbonyl', 'smiles_inds': [3]}]",0.0
27,bottom,FC(F)(F)C(F)(F)C(F)(F)C(F)(F)C(F)(F)C(F)(F)c1ccc(OP(Oc2ccc(cc2)C(F)(F)C(F)(F)C(F)(F)C(F)(F)C(F)(F)C(F)(F)F)Oc2ccc(cc2)C(F)(F)C(F)(F)C(F)(F)C(F)(F)C(F)(F)C(F)(F)F)cc1,[24],"[{'functional_group': 'thiol', 'smiles_inds': [78]}, {'functional_group': 'ketone', 'smiles_inds': [56]}]",0.0
27,bottom,Nc1cnc(cn1)c1ccccc1,[6],[],0.0
27,bottom,[NH3+]CC(N)C(=O)[O-],"[3, 6]","[{'functional_group': 'hydroxyl', 'smiles_inds': [1]}, {'functional_group': 'carboxyl', 'smiles_inds': [2]}, {'functional_group': 'tribromo', 'smiles_inds': [0]}]",0.0
27,median,C1COCCOCCCOc2ccc(P(c3ccccc3)c3ccccc3)c(c2)c2cc(OC1)ccc2P(c1ccccc1)c1ccccc1,"[37, 14]",[],0.0
27,median,CN(C)C(=Nc1ccccc1[N-]c1ccccc1N=C(N(C)C)N(C)C)N(C)C,"[11, 4, 18]","[{'functional_group': 'ether', 'smiles_inds': [15]}, {'functional_group': 'ethyl_ester', 'smiles_inds': [16]}]",0.0
27,median,CN1c2ccccc2c2c1ccc(P(c1ccccc1)c1ccccc1)c2c1c(ccc2N(C)c3ccccc3c12)P(c1ccccc1)c1ccccc1,"[13, 41]","[{'functional_group': 'cyanimide', 'smiles_inds': [29]}, {'functional_group': 'amino', 'smiles_inds': [50]}]",0.0
27,median,[NH3+]C12CNCCNCC([NH2+]CCCCCCCCCCCCC)(CNCCNC1)CNCCNC2,"[6, 3, 24, 27, 30, 33]","[{'functional_group': 'ethyl', 'smiles_inds': [15]}, {'functional_group': 'cyanimide', 'smiles_inds': [28]}, {'functional_group': 'trichloro', 'smiles_inds': [5]}, {'functional_group': 'methyl_ester', 'smiles_inds': [10]}]",0.0
27,median,NCC(=O)NCC(=O)[O-],"[0, 3]","[{'functional_group': 'thiol', 'smiles_inds': [4]}]",0.0
27,median,CC=CCP1c2ccccc2c2ccccc12,[4],[],0.0
27,median,Cc1nnc(N)nc1C,[3],"[{'functional_group': 'phosphonate', 'smiles_inds': [8]}]",0.0
27,median,OC(c1ccccn1)c1ccccn1,"[7, 13]",[],0.0
27,median,CCCCNC(=S)NCCCC,[6],"[{'functional_group': 'cyano', 'smiles_inds': [9]}, {'functional_group': 'thiol', 'smiles_inds': [8]}]",0.0
27,median,[O-]C(=Nc1ccccc1)P(C1CCCCC1)C1CCCCC1,"[0, 2]","[{'functional_group': 'bromo', 'smiles_inds': [6]}, {'functional_group': 'cyano', 'smiles_inds': [19]}]",0.0
27,median,Cc1cccc(C)c1N=C(C)c1cccc(n1)C1=Nc2cc(Cl)ccc2N1,"[8, 16, 18]","[{'functional_group': 'carboxyllic_acid', 'smiles_inds': [6]}]",0.0
27,median,COC,[1],"[{'functional_group': 'trifluro', 'smiles_inds': [2]}]",0.0
27,median,COC1=CC=CC(=Nc2ccccc2Sc2ccccc2)C1=N,"[22, 14, 7]",[],0.0
27,median,OC(C1=CC=CS1)C(=[CH-])[P](c1ccccc1)(c1ccccc1)c1ccccc1,"[0, 8]","[{'functional_group': 'hydroxyl', 'smiles_inds': [14]}, {'functional_group': 'aldehyde', 'smiles_inds': [3]}]",0.0
27,median,Cc1ccc(SCc2ccccc2c2cccc([c-]2)c2ccccc2CSc2ccc(C)cc2)cc1,"[5, 26, 18]","[{'functional_group': 'methyl_ester', 'smiles_inds': [0]}, {'functional_group': 'carboxylate', 'smiles_inds': [20]}]",0.0
27,median,CC(C)(C)c1cc(C=Nc2c(F)c(F)c(F)c(F)c2F)c([O-])c(c1)C(C)(C)C,"[21, 8]",[],0.0
27,median,I[Sb]C1(C)C(=C(C)C(=C1C)C)C,[1],[],0.0
27,median,COC1C(OP(c2ccccc2)c2ccccc2)C2OC3(CCCC3)OC2C2OC3(CCCC3)OC12,"[5, 1]","[{'functional_group': 'carbonyl', 'smiles_inds': [3]}]",0.0
27,median,CC(C)(C)[Si](OC(CP(c1ccccc1)c1ccccc1)c1ccc2ccccc2n1)(c1ccccc1)c1ccccc1,"[30, 8]",[],0.0
27,median,OC1=C(O)C(=O)C1=O,[7],"[{'functional_group': 'thiol', 'smiles_inds': [3]}, {'functional_group': 'ethyl_ester', 'smiles_inds': [0]}]",0.0
27,top,CC1=CC=C(C)N1CCNCCN1C(=CC=C1C)C,[9],[],0.0
27,top,C[NH+](C)C(C)c1ccccc1P(c1ccccc1C(C)N(C)C)c1ccccc1C(C)N(C)C,"[11, 20]",[],0.0
27,top,N1C=NC(=N1)c1cnccn1,"[2, 10]","[{'functional_group': 'trifluro', 'smiles_inds': [8]}, {'functional_group': 'aldehyde', 'smiles_inds': [9]}]",0.0
27,top,C1CSCc2ccccc2OCCOc2ccccc2CSC1,"[2, 21]","[{'functional_group': 'carboxyllic_acid', 'smiles_inds': [7]}, {'functional_group': 'phosphonate', 'smiles_inds': [6]}]",0.0
27,top,OC1C[Se]CCC[Se]C1,"[7, 3, 0]","[{'functional_group': 'ethyl_ester', 'smiles_inds': [1]}]",0.0
27,top,C1CCC(CN=Cc2ccccn2)NC1,"[5, 12, 13]","[{'functional_group': 'chloro', 'smiles_inds': [4]}]",0.0
27,top,CN1CCCN(CC1)CC(C)(C)[S-],"[12, 5, 1]","[{'functional_group': 'methyl', 'smiles_inds': [2]}]",0.0
27,top,C1Cc2ccc(CCc3ccc1cc3)c(c2)P(c1ccccc1)c1ccccc1,[16],"[{'functional_group': 'methyl', 'smiles_inds': [26]}, {'functional_group': 'methyl_ester', 'smiles_inds': [25]}]",0.0
27,top,O=C(CNC(=O)OCc1ccccc1)Nc1ccccc1P(c1ccccc1)c1ccccc1,[21],"[{'functional_group': 'carbonyl', 'smiles_inds': [10]}, {'functional_group': '2-methylbenzoic_acid', 'smiles_inds': [23]}]",0.0
27,top,Oc1c(Br)c(Br)c(Br)c(Br)c1[O-],"[9, 11]","[{'functional_group': 'carboxyllic_acid', 'smiles_inds': [0]}]",0.0
27,top,CN1C=CN(Cc2ccccn2)[CH-]1,"[1, 12]",[],0.0
27,top,Cc1ccc(NC(=S)Nc2ccc(C)cc2C)c(C)c1,[7],"[{'functional_group': 'methyl', 'smiles_inds': [0]}, {'functional_group': 'phenyl', 'smiles_inds': [13]}]",0.0
27,top,Cc1ccc(cc1)S(=O)(=O)[N-]Cc1ccccc1N,"[18, 10]",[],0.0
27,top,CC1CNCc2ccccc2OCCOc2ccccc2CNC(C)CN1,"[3, 22, 26]","[{'functional_group': 'ethyl_ester', 'smiles_inds': [16]}, {'functional_group': 'tribromo', 'smiles_inds': [6]}]",0.0
27,top,CC(C)(C)CN1P(C2C(P(c3ccccc3)c3ccccc3)C(=O)N(C2=O)c2ccccc2)N(CC(C)(C)C)c2ccccc12,"[6, 9]","[{'functional_group': 'chloro', 'smiles_inds': [13]}]",0.0
27,top,CC(C)(C)P(CCCP(CCc1ccccn1)c1ccccc1)C(C)(C)C,"[4, 8, 16]","[{'functional_group': 'carbonyl', 'smiles_inds': [15]}]",0.0
27,top,Cc1cc(C)n(n1)[Si](C)(C)n1nc(C)cc1C,"[6, 11]","[{'functional_group': 'amide', 'smiles_inds': [13]}]",0.0
27,top,Fc1cc([c-]c(F)c1F)c1ccccn1,"[14, 4]","[{'functional_group': 'chloro', 'smiles_inds': [10]}]",0.0
27,top,CCc1cc(C)cc(CC)c1N=C(C)c1ccc2cccc([O-])c2n1,"[22, 24, 11]",[],0.0
27,top,CC(C)(C)OC(=O)[N-]c1ccccc1,"[6, 7]",[],0.0
28,bottom,Cc1cc(C)cc(c1)P(c1cc(C)cc(C)c1)c1ccc2ccccc2c1c1c(ccc2ccccc12)P(c1cc(C)cc(C)c1)c1cc(C)cc(C)c1,"[37, 8]",[],0.0
28,bottom,S=C([S-])C1=CNC=N1,"[2, 7]","[{'functional_group': 'methyl_ester', 'smiles_inds': [4]}]",0.0
28,bottom,CC(=NCC(=O)[O-])C1=C([O-])c2ccccc2OC1=O,"[2, 6, 9]","[{'functional_group': 'carboxylate', 'smiles_inds': [0]}, {'functional_group': 'cyanimide', 'smiles_inds': [12]}]",0.0
28,bottom,CC(C)N(C(C)C)P(=S)(c1ccccc1)c1cccc[c-]1,"[8, 20]",[],0.0
28,bottom,[O-]c1c(cccc1c1c2ccccc2cc2ccccc12)C=Nc1c(Oc2ccccc2)cccc1Oc1ccccc1,"[0, 22]","[{'functional_group': 'iodo', 'smiles_inds': [30]}]",0.0
28,bottom,[O-]c1ccc2ccccc2c1N=Nc1cccc2cccnc12,"[0, 21, 12]",[],0.0
28,bottom,Nc1ccc(F)cc1N,"[8, 0]","[{'functional_group': 'carbonyl', 'smiles_inds': [2]}]",0.0
28,bottom,NC(=N)NN=O,"[4, 2]","[{'functional_group': 'trichloro', 'smiles_inds': [0]}]",0.0
28,bottom,O=S(=O)([O-])C1(CCc2cccnc12)c1cccc(n1)c1cccc[c-]1,"[11, 18, 24]","[{'functional_group': 'ethyl', 'smiles_inds': [9]}]",0.0
28,bottom,CCCP(CCC)Nc1cccc(NP(CCC)CCC)n1,"[3, 21, 14]",[],0.0
28,bottom,Cc1ccc(cc1)S(=O)(=O)[N-]CCc1ccccn1,"[18, 10]",[],0.0
28,bottom,COc1ccc([Te]CCC2=CC=CS2)cc1,[6],[],0.0
28,bottom,NN1C(=S)NN=C1c1[nH+]cccc1,"[3, 0]","[{'functional_group': 'amino', 'smiles_inds': [10]}]",0.0
28,bottom,CON=C1c2ccccc2N=C1c1cccc[c-]1,"[10, 17]","[{'functional_group': 'carboxylate', 'smiles_inds': [8]}]",0.0
28,bottom,ICCN(Cc1ccccc1)c1cccc[c-]1,"[3, 16]",[],0.0
28,bottom,O=C(NCc1ccccn1)C(c1ccccc1)(c1ccccc1)c1ccccc1,"[0, 9]",[],0.0
28,bottom,OC1(CCSCC1)Cc1ccccn1,"[0, 13]","[{'functional_group': 'trichloro', 'smiles_inds': [11]}]",0.0
28,bottom,CC(=Nc1ccc(Br)cc1)c1cccc(n1)C(C)=Nc1ccc(Br)cc1,"[2, 15, 18]",[],0.0
28,bottom,CCN(CC)C(=O)C(Cc1ccccc1)P(=O)(c1ccccc1)c1ccccc1,"[6, 16]","[{'functional_group': 'methyl_ester', 'smiles_inds': [4]}]",0.0
28,bottom,CC(C)(C)c1cc(C=NC2CCCCC2N)c([O-])c(c1)C(C)(C)C,"[17, 15, 8]","[{'functional_group': 'hydroxyl', 'smiles_inds': [14]}, {'functional_group': 'phenyl', 'smiles_inds': [7]}]",0.0
28,median,C1CN(CCO1)N(P(c1ccccc1)c1ccccc1)P(c1ccccc1)c1ccccc1,"[20, 7]",[],0.0
28,median,CC(C)N=C(Cc1cccc(C)c1[N-]C(CP(c1ccccc1)c1ccccc1)c1ccccc1)[N-]C(C)C,"[16, 13, 35]","[{'functional_group': 'phosphonate', 'smiles_inds': [31]}]",0.0
28,median,C[Si](C)(C)CP=C(c1ccccc1)c1ccccn1,"[5, 18]",[],0.0
28,median,[NH3+]CC(C)(N)C(=O)[O-],"[4, 7]","[{'functional_group': 'phenyl', 'smiles_inds': [0]}]",0.0
28,median,NC1=Nc2ccc(cc2S1)N(=O)=O,[2],[],0.0
28,median,C1CSc2ccc(SCCSCCSc3ccc(SCCS1)nn3)nn2,"[22, 24]","[{'functional_group': 'bromo', 'smiles_inds': [9]}]",0.0
28,median,O=C([N-]CCON(=O)=O)c1ccccn1,"[14, 2]","[{'functional_group': 'ethyl_ester', 'smiles_inds': [3]}]",0.0
28,median,FC(F)(F)c1ccc(N=Nc2ccc(cc2[O-])C(F)(F)F)c([O-])c1,"[9, 16, 22]",[],0.0
28,median,Oc1cccc(C=Nc2ccccc2Cl)c1[O-],"[16, 7]","[{'functional_group': 'methyl_ester', 'smiles_inds': [3]}]",0.0
28,median,C1COc2c(OCCOCCOc3c(OCCO1)c1cccnc1c1ncccc31)c1cccnc1c1ncccc21,"[25, 22]","[{'functional_group': 'bromo', 'smiles_inds': [39]}, {'functional_group': 'iodo', 'smiles_inds': [1]}]",0.0
28,median,[NH3+]C12CNCCNCC([NH2+]CCCCCCCCCCCCC)(CNCCNC1)CNCCNC2,"[6, 3, 24, 27, 30, 33]","[{'functional_group': 'phosphonate', 'smiles_inds': [22]}]",0.0
28,median,COc1ccc(c2cc(nc(c2)c2ccccn2)c2ccccn2)c(OC)c1OC,"[17, 9, 23]","[{'functional_group': 'iodo', 'smiles_inds': [29]}]",0.0
28,median,[NH3+]C12CNCCNCC([NH2+]CCCCCCCCCCCCC)(CNCCNC1)CNCCNC2,"[6, 3, 24, 27, 30, 33]","[{'functional_group': '2-methylbenzoic_acid', 'smiles_inds': [34]}, {'functional_group': 'phenyl', 'smiles_inds': [0]}, {'functional_group': '2-hydroxypyridine', 'smiles_inds': [23]}, {'functional_group': '2-methylbenzoic_acid', 'smiles_inds': [29]}, {'functional_group': 'phenyl', 'smiles_inds': [20]}, {'functional_group': '2-hydroxypyridine', 'smiles_inds': [31]}, {'functional_group': '2-methylbenzoic_acid', 'smiles_inds': [32]}, {'functional_group': 'ethyl', 'smiles_inds': [22]}, {'functional_group': 'amide', 'smiles_inds': [26]}, {'functional_group': 'ethyl_ester', 'smiles_inds': [18]}, {'functional_group': 'phenyl', 'smiles_inds': [28]}, {'functional_group': 'thiol', 'smiles_inds': [2]}, {'functional_group': 'phenyl', 'smiles_inds': [25]}, {'functional_group': '2-methylbenzoic_acid', 'smiles_inds': [19]}, {'functional_group': 'cyano', 'smiles_inds': [14]}, {'functional_group': '2-methylbenzoic_acid', 'smiles_inds': [13]}, {'functional_group': 'amide', 'smiles_inds': [11]}, {'functional_group': 'ether', 'smiles_inds': [10]}, {'functional_group': 'carboxyl', 'smiles_inds': [9]}, {'functional_group': 'aldehyde', 'smiles_inds': [16]}]",0.0
28,median,[O-]c1ccccc1N(Cc1ccccc1)Cc1ccccn1,"[0, 21, 7]",[],0.0
28,median,CC(C)P(Oc1cccc2cccnc12)C(C)C,"[3, 13]","[{'functional_group': 'tribromo', 'smiles_inds': [17]}]",0.0
28,median,CN1N=C(N=C1C)c1ccc2ccc3cccnc3c2n1,"[1, 20, 4]",[],0.0
28,median,CC(N=CC1=CNC=N1)C(=O)[O-],"[11, 8, 2]",[],0.0
28,median,CC(Nc1ccccc1)=Nc1ccccc1,[9],"[{'functional_group': 'cyano', 'smiles_inds': [7]}]",0.0
28,median,Cc1cc(C)c(C(=O)[Sb]C(=O)c2c(C)cc(C)cc2C)c(C)c1,[8],"[{'functional_group': 'ethyl', 'smiles_inds': [2]}]",0.0
28,median,Oc1cccc(C=Nc2ccccc2[O-])c1[O-],"[16, 7, 14]",[],0.0
28,top,S=C([S-])C(N1N=C(C=C1c1ccccc1)c1ccccc1)N1N=C(C=C1c1ccccc1)c1ccccc1,"[5, 22]",[],0.0
28,top,CC(C)N(C(C)C)C(=O)[N-]c1ccccc1,"[9, 3]","[{'functional_group': '2-methylbenzoic_acid', 'smiles_inds': [0]}, {'functional_group': 'methyl', 'smiles_inds': [11]}, {'functional_group': 'hydroxyl', 'smiles_inds': [2]}]",0.0
28,top,CP(N[Si](C)(C)C)c1ccccn1,"[2, 12]","[{'functional_group': '2-hydroxypyridine', 'smiles_inds': [6]}, {'functional_group': '2-hydroxypyridine', 'smiles_inds': [5]}]",0.0
28,top,Cc1cc(C)c(N=C(C)C(C)(O[O-])C(C)=Nc2c(C)cc(C)cc2C)c(C)c1,"[15, 6, 12]","[{'functional_group': 'carbonyl', 'smiles_inds': [27]}, {'functional_group': 'ether', 'smiles_inds': [19]}]",0.0
28,top,CC(C)NC(=CN1C=CN([CH-]1)c1c(C)cc(C)cc1C)C(C)(C)C,"[9, 10]","[{'functional_group': 'methyl_ester', 'smiles_inds': [23]}]",0.0
28,top,FC(F)(F)c1cc(cc(c1)C(F)(F)F)P(Cc1ccccc1c1ccccc1CP(c1cc(cc(c1)C(F)(F)F)C(F)(F)F)c1cc(cc(c1)C(F)(F)F)C(F)(F)F)c1cc(cc(c1)C(F)(F)F)C(F)(F)F,"[14, 29]",[],0.0
28,top,CC(C)(C)C1CC=C(N=C1)c1ccccn1,"[15, 8]","[{'functional_group': 'thiol', 'smiles_inds': [12]}]",0.0
28,top,CC(C)c1cccc(C(C)C)c1N=Cc1cccc(c1[O-])N(=O)=O,"[20, 12]",[],0.0
28,top,FC(F)(F)C1=CC(=NCCN1)c1ccccc1[O-],"[7, 17]","[{'functional_group': 'carboxylate', 'smiles_inds': [10]}, {'functional_group': 'cyano', 'smiles_inds': [5]}]",0.0
28,top,C1CCC(CC1)P(N1CCCCC1)N1CCCCC1,[6],"[{'functional_group': 'phosphonate', 'smiles_inds': [2]}]",0.0
28,top,CCNCCNCc1ccc2ccc3ccc(CNCCNCC)nc3c2n1,"[27, 24, 18, 21, 5, 2]",[],0.0
28,top,CCCCNC(=O)c1cccc(n1)C(C)=Nc1c(cccc1C(C)C)C(C)C,"[12, 6, 15]",[],0.0
28,top,c1ccc(cc1)N(P(c1ccccc1)c1ccccc1)c1cccc(n1)N(P(c1ccccc1)c1ccccc1)c1ccccc1,"[27, 7, 26]","[{'functional_group': 'carboxyl', 'smiles_inds': [9]}]",0.0
28,top,CC(=O)NC1=NN=C(S1)S(N)(=O)=O,"[6, 10]","[{'functional_group': 'ethyl', 'smiles_inds': [3]}]",0.0
28,top,COc1c(C)cnc(C(CSC)N2C=CC(=N2)c2ccccc2SC)c1C,"[12, 23, 16]","[{'functional_group': 'methyl', 'smiles_inds': [24]}]",0.0
28,top,O=S(CCCS(=O)c1ccccc1)c1ccccc1,"[5, 1]","[{'functional_group': 'carboxylate', 'smiles_inds': [4]}]",0.0
28,top,c1cc(nc(c1)C1=NN=N[N-]1)C1=NN=N[N-]1,"[10, 3, 15]","[{'functional_group': 'methyl', 'smiles_inds': [0]}, {'functional_group': 'phenyl', 'smiles_inds': [1]}]",0.0
28,top,CN1C=CN=C1CC([O-])(C1=NC=CN1C)C1=NC=CN1C,"[8, 4, 16]","[{'functional_group': 'carboxylate', 'smiles_inds': [17]}]",0.0
28,top,C1CN(C(N1)=Nc1ccccc1)C1=Nc2ccccc2S1,"[13, 5]",[],0.0
28,top,CCC1C[NH+]2CCC1CC2C(O)c1ccnc2ccccc12,[15],"[{'functional_group': 'cyanimide', 'smiles_inds': [4]}, {'functional_group': 'cyano', 'smiles_inds': [6]}]",0.0
