generation,E_at,E_at_percentile,zvpe,zvpe_percentile,e_gap,e_gap_percentile,C_v,C_v_percentile,SMILES,coordList,functionalization
1,1013.730888,0.0,0.075677,0.0,0.255500,50.0,18.016000,0.0,OC1=NC=CN1,,[]
1,1405.032618,4.0,0.108668,12.0,0.254000,48.0,25.739000,6.0,CN1C(=N)COC1=O,,[]
1,1437.147925,6.0,0.097499,2.0,0.236100,36.0,32.430000,58.0,OC(C#C)C(=O)OC=N,,[]
1,1451.506597,8.0,0.104059,8.0,0.196500,14.0,26.296000,8.0,NC1=NCC2=C1ON=C2,,[]
1,1456.123184,10.0,0.099198,4.0,0.219800,26.0,29.801000,40.0,OC1C2C(C#C)N2C1=O,,[]
1,1483.182648,12.0,0.099560,6.0,0.190300,6.0,28.352000,20.0,O=C(C#N)C12CCC1O2,,[]
1,1485.946200,14.0,0.109220,14.0,0.247000,46.0,23.084000,2.0,O=C1OC2CC=CC12,,[]
1,1514.733824,16.0,0.121973,28.0,0.193700,10.0,28.000000,16.0,NC1=CC(N)=CN=C1,,[]
1,1515.546449,18.0,0.112577,16.0,0.174000,4.0,29.555000,38.0,CC1=C(O)C(=N)ON=C1,,[]
1,1543.552197,22.0,0.112988,20.0,0.173100,2.0,29.402000,32.0,CNC1=NC=C(O1)C=O,,[]
1,1588.782452,28.0,0.128620,34.0,0.152500,0.0,28.933000,24.0,O=CC(=O)CC1CC1,,[]
2,966.378395,0.0,0.072700,2.7,0.276700,86.0,21.164000,2.7,NC(=O)OC=N,,[]
2,1013.730888,0.7,0.075677,4.0,0.255500,79.3,18.016000,0.0,OC1=NC=CN1,,[]
2,1036.378960,1.3,0.063240,0.7,0.197600,27.3,19.775000,2.0,N1N=CC2=C1N=NO2,,[]
2,1071.702095,2.0,0.060965,0.0,0.202700,30.0,22.133000,3.3,O=C1NC=NOC1=O,,[]
2,1135.889412,2.7,0.073434,3.3,0.183000,16.7,23.535000,7.3,NC1=NC=NOC1=O,,[]
2,1180.270020,3.3,0.081975,4.7,0.214600,38.7,19.027000,1.3,OC1=NC=CC=N1,,[]
2,1223.755171,4.7,0.072117,2.0,0.189200,20.0,24.694000,11.3,OC1=C(OC=N1)C#C,,[]
2,1236.973658,5.3,0.097695,22.0,0.193800,24.0,18.812000,0.7,O=C1CCC=C1,,[]
2,1304.086424,9.3,0.096723,18.0,0.165600,8.7,23.986000,8.7,OCC1=NC=CN=N1,,[]
2,1325.938186,10.7,0.087664,6.7,0.170400,10.7,27.845000,36.0,OCC1=NC(=O)ON=C1,,[]
2,1336.160316,11.3,0.092722,12.0,0.177200,12.7,24.099000,9.3,C1NC=NC2=C1N=NO2,,[]
2,1351.915824,14.7,0.096079,16.7,0.148900,2.7,24.169000,10.7,O=C1CC2NC2C1=O,,[]
2,1380.152495,19.3,0.103025,33.3,0.132200,0.0,27.550000,32.7,NC1=[NH+]C2=C(C1)N=N[N-]2,,[]
2,1420.723492,27.3,0.089976,10.0,0.146700,1.3,26.689000,22.7,O=CC(=O)C1=CNC=N1,,[]
2,1588.857753,66.7,0.115369,60.0,0.142100,0.7,27.049000,28.7,OC1=CC=CC=NC1=N,,[]
3,843.073411,0.0,0.034056,0.0,0.208300,45.2,21.261000,4.0,O=C1ON=NOC1=O,,[]
3,956.530889,0.8,0.079045,20.0,0.323700,97.6,18.636000,1.2,OCCC#N,,[]
3,966.378395,1.2,0.072700,10.0,0.276700,90.0,21.164000,3.2,NC(=O)OC=N,,[]
3,1000.304695,1.6,0.070937,6.8,0.182100,21.2,20.460000,2.8,COC(=O)C=O,,[]
3,1010.486036,2.0,0.061015,2.4,0.195100,33.6,21.905000,5.6,OC1=NN(C=O)N=N1,,[]
3,1013.730888,2.4,0.075677,15.2,0.255500,84.8,18.016000,0.4,OC1=NC=CN1,,[]
3,1029.352109,2.8,0.071099,7.2,0.149600,4.0,23.237000,11.2,CN1N=NC(=O)N=N1,,[]
3,1036.378960,3.6,0.063240,3.6,0.197600,36.0,19.775000,2.4,N1N=CC2=C1N=NO2,,[]
3,1066.616759,4.4,0.070515,6.0,0.223800,62.0,17.897000,0.0,OC1=NC=NC=N1,,[]
3,1071.702095,5.2,0.060965,2.0,0.202700,40.0,22.133000,6.4,O=C1NC=NOC1=O,,[]
3,1091.105316,6.0,0.060241,1.2,0.200200,38.4,23.389000,12.0,OC1=NOC(=N1)C#C,,[]
3,1119.951926,6.8,0.073088,10.8,0.168600,14.0,23.135000,10.8,NC1=NN=C(F)N=C1,,[]
3,1122.850393,7.2,0.063909,4.4,0.204500,42.0,18.438000,0.8,O1C=NC2=C1N=CO2,,[]
3,1146.017415,8.8,0.053769,0.8,0.160700,8.8,24.384000,18.8,O=C1ON=C(C=N1)C#N,,[]
3,1161.555805,10.0,0.065892,5.2,0.194700,33.2,23.786000,14.8,CC#CC#CC#N,,[]
3,1180.212916,11.6,0.068228,5.6,0.169900,14.8,21.644000,4.8,O1N=CC2=NC=NC2=N1,,[]
3,1190.402415,13.2,0.062714,2.8,0.154600,5.6,26.827000,38.8,O=C1ON=NC(=O)C=C1,,[]
3,1236.973658,17.6,0.097695,47.2,0.193800,30.8,18.812000,1.6,O=C1CCC=C1,,[]
3,1280.413629,23.6,0.077650,18.0,0.144800,2.0,24.611000,20.4,O1N=NC2=CC=CC2=N1,,[]
3,1288.456418,25.6,0.080255,20.4,0.143300,1.6,25.589000,28.4,N=C1NN=C(C=N1)C#N,,[]
3,1351.915824,38.4,0.096079,41.6,0.148900,3.6,24.169000,17.6,O=C1CC2NC2C1=O,,[]
3,1380.152495,43.6,0.103025,58.0,0.132200,0.4,27.550000,47.2,NC1=[NH+]C2=C(C1)N=N[N-]2,,[]
3,1389.473521,46.0,0.101609,53.6,0.124200,0.0,29.395000,67.6,NC=[NH+]C1=C([O-])ON=C1,,[]
3,1588.857753,79.2,0.115369,75.2,0.142100,1.2,27.049000,42.0,OC1=CC=CC=NC1=N,,[]
4,478.904563,0.0,0.017147,0.0,0.622100,99.7,12.639000,0.0,FC(F)(F)F,,[]
4,843.073411,0.3,0.034056,0.3,0.208300,46.6,21.261000,7.1,O=C1ON=NOC1=O,,[]
4,857.027967,0.6,0.043532,1.1,0.284200,91.1,18.291000,1.7,OC1=NOC(=O)O1,,[]
4,966.378395,1.4,0.072700,18.6,0.276700,89.1,21.164000,6.3,NC(=O)OC=N,,[]
4,972.556226,1.7,0.053420,1.7,0.159300,8.9,22.913000,15.4,O=N(=O)C1=NC=NN=N1,,[]
4,974.680346,2.0,0.058518,2.9,0.241100,74.9,17.891000,0.9,N#CC1=NNN=C1,,[]
4,986.710957,2.3,0.060159,3.4,0.161200,9.4,22.590000,13.1,OC1=NC(=N)ON=N1,,[]
4,1000.304695,2.6,0.070937,14.3,0.182100,22.6,20.460000,5.1,COC(=O)C=O,,[]
4,1001.107280,2.9,0.060817,4.3,0.209500,48.0,20.741000,6.0,O=N(=O)C1=CON=C1,,[]
4,1010.486036,3.1,0.061015,4.9,0.195100,35.4,21.905000,10.3,OC1=NN(C=O)N=N1,,[]
4,1014.399813,3.7,0.088443,41.7,0.227100,64.9,20.344000,4.9,CC(O)C=O,,[]
4,1023.059444,4.3,0.062395,5.1,0.171400,16.3,21.482000,8.0,OC1=NC(=O)NN=N1,,[]
4,1029.352109,5.4,0.071099,14.6,0.149600,3.7,23.237000,18.3,CN1N=NC(=O)N=N1,,[]
4,1034.642013,5.7,0.091787,51.1,0.346800,98.9,15.427000,0.3,C1CC2OC12,,[]
4,1036.378960,6.3,0.063240,6.6,0.197600,37.4,19.775000,4.0,N1N=CC2=C1N=NO2,,[]
4,1041.946851,6.6,0.069709,12.9,0.166900,13.4,18.485000,2.3,O=C1NN=CN=C1,,[]
4,1066.616759,7.7,0.070515,13.7,0.223800,62.6,17.897000,1.1,OC1=NC=NC=N1,,[]
4,1071.702095,8.6,0.060965,4.6,0.202700,41.4,22.133000,11.7,O=C1NC=NOC1=O,,[]
4,1077.773250,9.1,0.069424,12.6,0.153600,5.1,24.516000,27.7,CC1=NON=NC1=O,,[]
4,1092.122509,10.3,0.062567,5.4,0.212400,50.0,20.679000,5.4,FC1=NC(=O)NC=N1,,[]
4,1092.337744,10.6,0.059613,3.1,0.186800,26.9,21.880000,10.0,FC1=CC(=O)ON=C1,,[]
4,1094.357070,11.1,0.052174,1.4,0.176700,18.3,24.814000,31.7,O=CC#CC1=NON=N1,,[]
4,1118.749618,12.9,0.063494,7.4,0.221100,58.9,18.771000,3.1,O1C=NC2=C1OC=N2,,[]
4,1122.850393,14.0,0.063909,8.0,0.204500,43.4,18.438000,2.0,O1C=NC2=C1N=CO2,,[]
4,1180.212916,18.9,0.068228,12.0,0.169900,15.1,21.644000,8.6,O1N=CC2=NC=NC2=N1,,[]
4,1187.807663,20.3,0.073821,21.7,0.159200,8.6,21.655000,8.9,O=C1C=NC=NC=N1,,[]
4,1189.895387,21.1,0.065071,9.1,0.154100,5.4,26.017000,41.7,N=C1ON=NC(=C1)C#N,,[]
4,1190.402415,21.4,0.062714,5.7,0.154600,5.7,26.827000,50.0,O=C1ON=NC(=O)C=C1,,[]
4,1238.041052,30.0,0.063181,6.3,0.141900,1.1,29.848000,78.9,NC(=O)C(=O)C(=O)C#N,,[]
4,1248.761424,31.1,0.116471,82.6,0.266100,85.7,17.052000,0.6,C1CC=CC1,,[]
4,1280.413629,36.9,0.077650,28.6,0.144800,2.3,24.611000,28.6,O1N=NC2=CC=CC2=N1,,[]
4,1288.456418,38.9,0.080255,32.0,0.143300,1.7,25.589000,38.6,N=C1NN=C(C=N1)C#N,,[]
4,1291.963568,39.4,0.066639,10.3,0.155200,6.6,24.798000,31.1,O=C1OC=CN=C1C#N,,[]
4,1351.915824,50.9,0.096079,56.0,0.148900,3.4,24.169000,24.9,O=C1CC2NC2C1=O,,[]
4,1380.152495,56.3,0.103025,69.4,0.132200,0.3,27.550000,57.7,NC1=[NH+]C2=C(C1)N=N[N-]2,,[]
4,1389.473521,58.3,0.101609,66.0,0.124200,0.0,29.395000,75.7,NC=[NH+]C1=C([O-])ON=C1,,[]
4,1405.946272,63.1,0.077211,26.3,0.139200,0.9,26.783000,49.1,O=C1CC=C(C#N)C1=O,,[]
5,478.904563,0.0,0.017147,0.0,0.622100,99.8,12.639000,0.0,FC(F)(F)F,,[]
5,761.150167,0.2,0.079754,33.3,0.341700,96.2,13.546000,0.2,CCO,,[]
5,818.179483,0.4,0.043872,1.3,0.167200,13.1,16.536000,1.3,FC1=NC=NN=N1,,[]
5,843.073411,0.7,0.034056,0.2,0.208300,44.0,21.261000,10.0,O=C1ON=NOC1=O,,[]
5,857.027967,0.9,0.043532,1.1,0.284200,86.4,18.291000,3.1,OC1=NOC(=O)O1,,[]
5,877.305308,1.3,0.069125,15.1,0.285100,86.9,15.572000,0.9,N#CC1CN1,,[]
5,941.625029,2.0,0.036958,0.4,0.215200,49.6,20.279000,7.1,O=C1ON=C(O1)C#N,,[]
5,956.906767,2.7,0.081779,35.8,0.272000,83.6,14.168000,0.4,C1CN=CO1,,[]
5,972.556226,3.1,0.053420,2.2,0.159300,8.7,22.913000,17.6,O=N(=O)C1=NC=NN=N1,,[]
5,986.710957,4.2,0.060159,3.8,0.161200,9.1,22.590000,15.3,OC1=NC(=N)ON=N1,,[]
5,1029.352109,6.7,0.071099,17.3,0.149600,3.3,23.237000,20.0,CN1N=NC(=O)N=N1,,[]
5,1041.946851,7.8,0.069709,15.6,0.166900,12.9,18.485000,3.8,O=C1NN=CN=C1,,[]
5,1077.773250,10.0,0.069424,15.3,0.153600,4.7,24.516000,28.9,CC1=NON=NC1=O,,[]
5,1110.252512,13.8,0.064174,9.3,0.157600,7.3,27.099000,56.4,NC1=NON=C(F)C1=O,,[]
5,1177.616910,20.4,0.068751,14.9,0.148200,2.9,27.313000,57.8,OCC(=O)C(=O)C#N,,[]
5,1182.442457,22.0,0.062988,6.7,0.142100,1.1,26.550000,46.9,O=C1ON=NC=CC1=O,,[]
5,1187.807663,22.7,0.073821,23.6,0.159200,8.4,21.655000,11.6,O=C1C=NC=NC=N1,,[]
5,1189.895387,23.3,0.065071,10.7,0.154100,4.9,26.017000,42.9,N=C1ON=NC(=C1)C#N,,[]
5,1190.402415,23.6,0.062714,6.4,0.154600,5.3,26.827000,51.6,O=C1ON=NC(=O)C=C1,,[]
5,1238.041052,32.7,0.063181,7.1,0.141900,0.9,29.848000,80.7,NC(=O)C(=O)C(=O)C#N,,[]
5,1280.413629,39.8,0.077650,30.0,0.144800,2.0,24.611000,29.8,O1N=NC2=CC=CC2=N1,,[]
5,1288.456418,41.3,0.080255,33.6,0.143300,1.6,25.589000,39.8,N=C1NN=C(C=N1)C#N,,[]
5,1291.963568,41.8,0.066639,12.4,0.155200,6.2,24.798000,32.7,O=C1OC=CN=C1C#N,,[]
5,1351.915824,53.3,0.096079,56.0,0.148900,3.1,24.169000,26.2,O=C1CC2NC2C1=O,,[]
5,1354.850058,54.0,0.080882,34.4,0.150400,3.8,22.801000,16.7,O=C1C=CC2=NC=NN12,,[]
5,1380.152495,58.2,0.103025,67.3,0.132200,0.2,27.550000,60.2,NC1=[NH+]C2=C(C1)N=N[N-]2,,[]
5,1389.473521,59.8,0.101609,64.7,0.124200,0.0,29.395000,77.8,NC=[NH+]C1=C([O-])ON=C1,,[]
5,1405.946272,64.0,0.077211,27.8,0.139200,0.7,26.783000,50.9,O=C1CC=C(C#N)C1=O,,[]
6,478.904563,0.0,0.017147,0.0,0.622100,99.8,12.639000,0.0,FC(F)(F)F,,[]
6,756.104363,0.2,0.060632,5.3,0.287200,88.5,15.855000,1.5,OCC#C,,[]
6,761.150167,0.4,0.079754,35.5,0.341700,96.7,13.546000,0.2,CCO,,[]
6,783.223440,0.5,0.027023,0.2,0.211300,46.7,17.827000,3.8,N#CC#CC#N,,[]
6,795.631812,0.7,0.042706,1.1,0.172100,16.7,17.150000,2.7,FC1=CN=NN=N1,,[]
6,807.956098,0.9,0.033974,0.4,0.158400,9.1,21.297000,13.3,FC1=NON=NC1=O,,[]
6,818.179483,1.1,0.043872,1.6,0.167200,14.4,16.536000,2.0,FC1=NC=NN=N1,,[]
6,843.073411,1.3,0.034056,0.5,0.208300,45.1,21.261000,12.9,O=C1ON=NOC1=O,,[]
6,855.199404,1.6,0.045968,1.8,0.115100,0.0,18.951000,6.9,O=CC(=O)C=O,,[]
6,877.305308,2.2,0.069125,16.7,0.285100,87.8,15.572000,1.1,N#CC1CN1,,[]
6,921.603712,2.5,0.084175,40.2,0.229500,64.7,15.954000,1.6,CCC=O,,[]
6,932.691177,2.7,0.075306,26.7,0.266200,81.8,16.511000,1.8,CN1N=CN=N1,,[]
6,956.906767,3.6,0.081779,38.0,0.272000,84.4,14.168000,0.4,C1CN=CO1,,[]
6,1041.946851,8.7,0.069709,17.5,0.166900,14.2,18.485000,5.8,O=C1NN=CN=C1,,[]
6,1060.036694,10.0,0.092218,55.1,0.249100,76.2,15.461000,0.9,C1OCC=C1,,[]
7,478.904563,0.0,0.017147,0.0,0.622100,99.8,12.639000,0.0,FC(F)(F)F,,[]
7,662.444181,0.2,0.038285,0.9,0.222700,56.2,14.948000,0.6,OC1=NON=N1,,[]
7,761.150167,0.5,0.079754,33.4,0.341700,96.9,13.546000,0.2,CCO,,[]
7,783.223440,0.6,0.027023,0.2,0.211300,44.8,17.827000,4.0,N#CC#CC#N,,[]
7,795.631812,0.8,0.042706,1.1,0.172100,16.5,17.150000,3.1,FC1=CN=NN=N1,,[]
7,807.956098,0.9,0.033974,0.3,0.158400,8.9,21.297000,12.9,FC1=NON=NC1=O,,[]
7,818.179483,1.1,0.043872,1.7,0.167200,13.7,16.536000,2.0,FC1=NC=NN=N1,,[]
7,843.073411,1.4,0.034056,0.5,0.208300,43.4,21.261000,12.6,O=C1ON=NOC1=O,,[]
7,855.199404,1.7,0.045968,1.8,0.115100,0.0,18.951000,6.9,O=CC(=O)C=O,,[]
7,956.906767,4.2,0.081779,35.5,0.272000,82.9,14.168000,0.3,C1CN=CO1,,[]
7,1041.946851,9.4,0.069709,16.8,0.166900,13.5,18.485000,6.0,O=C1NN=CN=C1,,[]
8,478.904563,0.0,0.017147,0.0,0.622100,99.9,12.639000,0.0,FC(F)(F)F,,[]
8,662.444181,0.1,0.038285,0.9,0.222700,53.6,14.948000,0.7,OC1=NON=N1,,[]
8,724.694376,0.3,0.033373,0.3,0.318800,91.3,18.453000,6.1,FC(F)(F)C#C,,[]
8,761.150167,0.5,0.079754,30.1,0.341700,96.5,13.546000,0.1,CCO,,[]
8,783.223440,0.7,0.027023,0.1,0.211300,42.3,17.827000,4.1,N#CC#CC#N,,[]
8,795.631812,0.8,0.042706,1.1,0.172100,15.5,17.150000,3.2,FC1=CN=NN=N1,,[]
8,806.469528,0.9,0.056288,4.3,0.166800,12.7,18.324000,5.7,N=C1N=NNN=N1,,[]
8,807.956098,1.1,0.033974,0.4,0.158400,8.4,21.297000,12.7,FC1=NON=NC1=O,,[]
8,818.179483,1.2,0.043872,1.6,0.167200,12.9,16.536000,2.0,FC1=NC=NN=N1,,[]
8,843.073411,1.5,0.034056,0.5,0.208300,40.8,21.261000,12.4,O=C1ON=NOC1=O,,[]
8,855.199404,1.7,0.045968,1.7,0.115100,0.0,18.951000,7.2,O=CC(=O)C=O,,[]
8,956.906767,4.0,0.081779,32.0,0.272000,79.7,14.168000,0.3,C1CN=CO1,,[]
9,478.904563,0.0,0.017147,0.0,0.622100,99.9,12.639000,0.2,FC(F)(F)F,,[]
9,612.158710,0.1,0.036943,0.6,0.155500,7.5,12.147000,0.1,O=CC=O,,[]
9,617.059559,0.2,0.057289,4.6,0.372400,98.8,9.176000,0.0,C1CO1,,[]
9,724.694376,0.5,0.033373,0.2,0.318800,90.8,18.453000,6.4,FC(F)(F)C#C,,[]
9,783.223440,0.9,0.027023,0.1,0.211300,40.7,17.827000,4.5,N#CC#CC#N,,[]
9,807.956098,1.4,0.033974,0.4,0.158400,8.7,21.297000,12.2,FC1=NON=NC1=O,,[]
9,843.073411,1.8,0.034056,0.5,0.208300,39.2,21.261000,12.0,O=C1ON=NOC1=O,,[]
9,855.199404,2.0,0.045968,1.8,0.115100,0.0,18.951000,7.3,O=CC(=O)C=O,,[]
10,478.904563,0.0,0.017147,0.0,0.622100,99.9,12.639000,0.3,FC(F)(F)F,,[]
10,612.158710,0.1,0.036943,0.6,0.155500,7.5,12.147000,0.2,O=CC=O,,[]
10,617.059559,0.2,0.057289,4.5,0.372400,98.8,9.176000,0.0,C1CO1,,[]
10,724.694376,0.4,0.033373,0.2,0.318800,90.7,18.453000,6.0,FC(F)(F)C#C,,[]
10,783.223440,0.8,0.027023,0.1,0.211300,40.1,17.827000,4.3,N#CC#CC#N,,[]
10,807.956098,1.4,0.033974,0.3,0.158400,8.6,21.297000,11.8,FC1=NON=NC1=O,,[]
10,831.650856,1.7,0.036304,0.5,0.194700,28.4,18.651000,6.4,O=C(C#C)C#N,,[]
10,843.073411,1.8,0.034056,0.4,0.208300,38.3,21.261000,11.6,O=C1ON=NOC1=O,,[]
10,855.199404,2.0,0.045968,1.8,0.115100,0.1,18.951000,7.1,O=CC(=O)C=O,,[]
10,1745.757085,74.1,0.147999,76.3,0.106400,0.0,28.812000,63.1,CC12C3C1N1CC2=CC31,,[]
11,478.904563,0.0,0.017147,0.0,0.622100,99.9,12.639000,0.7,FC(F)(F)F,,[]
11,551.957961,0.1,0.026540,0.1,0.206600,35.1,11.329000,0.3,O=CC#N,,[]
11,612.158710,0.2,0.036943,0.7,0.155500,7.2,12.147000,0.5,O=CC=O,,[]
11,617.059559,0.3,0.057289,4.5,0.372400,98.8,9.176000,0.0,C1CO1,,[]
11,807.956098,1.7,0.033974,0.4,0.158400,8.5,21.297000,11.9,FC1=NON=NC1=O,,[]
11,831.650856,2.0,0.036304,0.6,0.194700,27.3,18.651000,6.6,O=C(C#C)C#N,,[]
11,855.199404,2.3,0.045968,1.8,0.115100,0.1,18.951000,7.1,O=CC(=O)C=O,,[]
11,1745.757085,72.4,0.147999,75.0,0.106400,0.0,28.812000,61.8,CC12C3C1N1CC2=CC31,,[]
12,213.087785,0.0,0.021375,0.1,0.361500,98.3,6.002000,0.0,O,,[]
12,478.904563,0.1,0.017147,0.0,0.622100,99.9,12.639000,0.7,FC(F)(F)F,,[]
12,551.957961,0.2,0.026540,0.2,0.206600,34.7,11.329000,0.3,O=CC#N,,[]
12,612.158710,0.3,0.036943,0.8,0.155500,7.4,12.147000,0.5,O=CC=O,,[]
12,807.956098,1.7,0.033974,0.4,0.158400,8.7,21.297000,12.1,FC1=NON=NC1=O,,[]
12,831.650856,2.1,0.036304,0.7,0.194700,27.0,18.651000,6.3,O=C(C#C)C#N,,[]
12,848.879756,2.3,0.035271,0.6,0.166200,11.8,20.219000,8.5,FC1=NC(=O)ON=N1,,[]
12,855.199404,2.4,0.045968,1.9,0.115100,0.1,18.951000,7.0,O=CC(=O)C=O,,[]
12,1745.757085,72.1,0.147999,75.0,0.106400,0.0,28.812000,61.7,CC12C3C1N1CC2=CC31,,[]
13,213.087785,0.0,0.021375,0.1,0.361500,98.5,6.002000,0.0,O,,[]
13,478.904563,0.1,0.017147,0.0,0.622100,99.9,12.639000,0.6,FC(F)(F)F,,[]
13,551.957961,0.2,0.026540,0.2,0.206600,35.2,11.329000,0.3,O=CC#N,,[]
13,612.158710,0.2,0.036943,0.7,0.155500,7.4,12.147000,0.5,O=CC=O,,[]
13,807.956098,1.8,0.033974,0.4,0.158400,8.6,21.297000,12.0,FC1=NON=NC1=O,,[]
13,831.650856,2.2,0.036304,0.6,0.194700,27.0,18.651000,6.2,O=C(C#C)C#N,,[]
13,848.879756,2.4,0.035271,0.6,0.166200,11.6,20.219000,8.6,FC1=NC(=O)ON=N1,,[]
13,855.199404,2.6,0.045968,1.9,0.115100,0.2,18.951000,6.9,O=CC(=O)C=O,,[]
13,1745.757085,71.0,0.147999,73.8,0.106400,0.1,28.812000,61.2,CC12C3C1N1CC2=CC31,,[]
13,1746.193204,71.2,0.148111,73.9,0.105400,0.0,28.766000,61.0,CC12C3C1C1=CC2N3C1,,[]
14,213.087785,0.0,0.021375,0.1,0.361500,98.4,6.002000,0.0,O,,[]
14,478.904563,0.1,0.017147,0.0,0.622100,99.9,12.639000,0.7,FC(F)(F)F,,[]
14,551.957961,0.2,0.026540,0.1,0.206600,35.2,11.329000,0.4,O=CC#N,,[]
14,612.158710,0.3,0.036943,0.8,0.155500,7.6,12.147000,0.5,O=CC=O,,[]
14,660.735473,0.4,0.028773,0.3,0.148500,4.5,18.268000,5.3,O=C1N=NON=N1,,[]
14,855.199404,2.6,0.045968,2.0,0.115100,0.3,18.951000,6.7,O=CC(=O)C=O,,[]
14,1723.113405,67.9,0.137517,65.9,0.115000,0.2,24.578000,25.0,C1=C2C3C4C1C1C4C3C21,,[]
14,1745.757085,69.8,0.147999,72.5,0.106400,0.1,28.812000,60.2,CC12C3C1N1CC2=CC31,,[]
14,1746.193204,69.9,0.148111,72.7,0.105400,0.0,28.766000,60.0,CC12C3C1C1=CC2N3C1,,[]
14,1747.432535,70.1,0.148080,72.6,0.106500,0.1,28.759000,59.9,CC12C3C1C1=CC3N2C1,,[]
15,213.087785,0.0,0.021375,0.1,0.361500,98.4,6.002000,0.0,O,,[]
15,478.904563,0.1,0.017147,0.0,0.622100,99.9,12.639000,0.8,FC(F)(F)F,,[]
15,551.957961,0.2,0.026540,0.2,0.206600,35.1,11.329000,0.4,O=CC#N,,[]
15,605.972721,0.3,0.025718,0.1,0.246900,64.5,13.622000,1.0,O=C1ON=NO1,,[]
15,612.158710,0.3,0.036943,0.8,0.155500,8.0,12.147000,0.6,O=CC=O,,[]
15,660.735473,0.5,0.028773,0.3,0.148500,5.0,18.268000,5.4,O=C1N=NON=N1,,[]
15,855.199404,2.7,0.045968,1.9,0.115100,0.3,18.951000,6.8,O=CC(=O)C=O,,[]
15,1723.113405,67.2,0.137517,65.0,0.115000,0.2,24.578000,24.5,C1=C2C3C4C1C1C4C3C21,,[]
15,1745.757085,69.2,0.147999,71.6,0.106400,0.1,28.812000,59.6,CC12C3C1N1CC2=CC31,,[]
15,1746.193204,69.3,0.148111,71.8,0.105400,0.0,28.766000,59.4,CC12C3C1C1=CC2N3C1,,[]
15,1747.432535,69.5,0.148080,71.7,0.106500,0.1,28.759000,59.3,CC12C3C1C1=CC3N2C1,,[]
16,213.087785,0.0,0.021375,0.1,0.361500,98.5,6.002000,0.0,O,,[]
16,478.904563,0.1,0.017147,0.0,0.622100,99.9,12.639000,0.8,FC(F)(F)F,,[]
16,481.107121,0.2,0.051208,2.5,0.343700,96.5,8.751000,0.1,CO,,[]
16,551.957961,0.3,0.026540,0.2,0.206600,35.6,11.329000,0.5,O=CC#N,,[]
16,605.972721,0.3,0.025718,0.1,0.246900,65.0,13.622000,1.1,O=C1ON=NO1,,[]
16,612.158710,0.4,0.036943,0.8,0.155500,8.5,12.147000,0.6,O=CC=O,,[]
16,660.735473,0.5,0.028773,0.3,0.148500,5.1,18.268000,5.5,O=C1N=NON=N1,,[]
16,855.199404,2.7,0.045968,1.9,0.115100,0.3,18.951000,6.8,O=CC(=O)C=O,,[]
16,1723.113405,67.2,0.137517,65.2,0.115000,0.2,24.578000,24.6,C1=C2C3C4C1C1C4C3C21,,[]
16,1745.757085,69.4,0.147999,72.0,0.106400,0.1,28.812000,60.3,CC12C3C1N1CC2=CC31,,[]
16,1746.193204,69.5,0.148111,72.2,0.105400,0.0,28.766000,60.1,CC12C3C1C1=CC2N3C1,,[]
16,1747.432535,69.7,0.148080,72.1,0.106500,0.1,28.759000,59.9,CC12C3C1C1=CC3N2C1,,[]
17,213.087785,0.0,0.021375,0.1,0.361500,98.5,6.002000,0.0,O,,[]
17,478.904563,0.1,0.017147,0.0,0.622100,99.9,12.639000,0.8,FC(F)(F)F,,[]
17,481.107121,0.2,0.051208,2.4,0.343700,96.4,8.751000,0.1,CO,,[]
17,551.957961,0.2,0.026540,0.2,0.206600,35.3,11.329000,0.4,O=CC#N,,[]
17,605.972721,0.3,0.025718,0.1,0.246900,64.4,13.622000,1.1,O=C1ON=NO1,,[]
17,612.158710,0.4,0.036943,0.7,0.155500,8.7,12.147000,0.6,O=CC=O,,[]
17,660.735473,0.5,0.028773,0.3,0.148500,5.3,18.268000,5.5,O=C1N=NON=N1,,[]
17,855.199404,2.7,0.045968,1.8,0.115100,0.3,18.951000,6.7,O=CC(=O)C=O,,[]
17,1723.113405,66.3,0.137517,64.3,0.115000,0.2,24.578000,24.4,C1=C2C3C4C1C1C4C3C21,,[]
17,1745.757085,68.5,0.147999,71.3,0.106400,0.1,28.812000,59.0,CC12C3C1N1CC2=CC31,,[]
17,1746.193204,68.6,0.148111,71.4,0.105400,0.0,28.766000,58.8,CC12C3C1C1=CC2N3C1,,[]
17,1747.432535,68.9,0.148080,71.4,0.106500,0.1,28.759000,58.7,CC12C3C1C1=CC3N2C1,,[]
18,213.087785,0.0,0.021375,0.1,0.361500,98.5,6.002000,0.0,O,,[]
18,478.904563,0.1,0.017147,0.0,0.622100,99.9,12.639000,0.9,FC(F)(F)F,,[]
18,481.107121,0.2,0.051208,2.5,0.343700,96.2,8.751000,0.1,CO,,[]
18,551.957961,0.2,0.026540,0.2,0.206600,34.9,11.329000,0.5,O=CC#N,,[]
18,562.327555,0.3,0.033459,0.5,0.256300,68.7,10.694000,0.2,O1N=CN=N1,,[]
18,605.972721,0.3,0.025718,0.1,0.246900,63.9,13.622000,1.1,O=C1ON=NO1,,[]
18,612.158710,0.4,0.036943,0.8,0.155500,8.8,12.147000,0.7,O=CC=O,,[]
18,645.328861,0.6,0.055355,4.3,0.234200,57.9,11.219000,0.5,CC=O,,[]
18,660.735473,0.6,0.028773,0.3,0.148500,5.5,18.268000,5.5,O=C1N=NON=N1,,[]
18,855.199404,2.8,0.045968,1.9,0.115100,0.3,18.951000,6.7,O=CC(=O)C=O,,[]
18,1355.687155,32.6,0.096036,32.4,0.111100,0.2,26.008000,34.3,[NH2+]=C1O[CH-]C(=O)C=C1,,[]
18,1723.113405,65.3,0.137517,63.2,0.115000,0.2,24.578000,23.8,C1=C2C3C4C1C1C4C3C21,,[]
18,1745.757085,67.5,0.147999,70.2,0.106400,0.1,28.812000,58.1,CC12C3C1N1CC2=CC31,,[]
18,1746.193204,67.6,0.148111,70.4,0.105400,0.0,28.766000,57.9,CC12C3C1C1=CC2N3C1,,[]
18,1747.432535,67.9,0.148080,70.3,0.106500,0.1,28.759000,57.8,CC12C3C1C1=CC3N2C1,,[]
19,213.087785,0.0,0.021375,0.1,0.361500,98.5,6.002000,0.0,O,,[]
19,478.904563,0.1,0.017147,0.0,0.622100,99.9,12.639000,0.9,FC(F)(F)F,,[]
19,481.107121,0.2,0.051208,2.5,0.343700,96.3,8.751000,0.1,CO,,[]
19,551.957961,0.2,0.026540,0.2,0.206600,34.2,11.329000,0.5,O=CC#N,,[]
19,562.327555,0.3,0.033459,0.5,0.256300,68.2,10.694000,0.2,O1N=CN=N1,,[]
19,605.972721,0.3,0.025718,0.1,0.246900,63.7,13.622000,1.2,O=C1ON=NO1,,[]
19,612.158710,0.4,0.036943,0.9,0.155500,8.6,12.147000,0.7,O=CC=O,,[]
19,645.328861,0.5,0.055355,4.3,0.234200,57.4,11.219000,0.5,CC=O,,[]
19,660.735473,0.6,0.028773,0.3,0.148500,5.5,18.268000,5.5,O=C1N=NON=N1,,[]
19,855.199404,3.0,0.045968,1.9,0.115100,0.4,18.951000,6.7,O=CC(=O)C=O,,[]
19,1355.687155,31.6,0.096036,31.5,0.111100,0.2,26.008000,33.6,[NH2+]=C1O[CH-]C(=O)C=C1,,[]
19,1723.113405,64.3,0.137517,62.0,0.115000,0.3,24.578000,23.4,C1=C2C3C4C1C1C4C3C21,,[]
19,1745.757085,66.8,0.147999,69.2,0.106400,0.1,28.812000,57.3,CC12C3C1N1CC2=CC31,,[]
19,1746.193204,66.9,0.148111,69.3,0.105400,0.0,28.766000,57.0,CC12C3C1C1=CC2N3C1,,[]
19,1747.432535,67.2,0.148080,69.3,0.106500,0.2,28.759000,56.9,CC12C3C1C1=CC3N2C1,,[]
20,213.087785,0.0,0.021375,0.1,0.361500,98.6,6.002000,0.0,O,,[]
20,478.904563,0.1,0.017147,0.0,0.622100,99.9,12.639000,0.8,FC(F)(F)F,,[]
20,481.107121,0.2,0.051208,2.6,0.343700,96.4,8.751000,0.1,CO,,[]
20,551.957961,0.2,0.026540,0.2,0.206600,34.0,11.329000,0.5,O=CC#N,,[]
20,562.327555,0.3,0.033459,0.6,0.256300,68.2,10.694000,0.2,O1N=CN=N1,,[]
20,605.972721,0.4,0.025718,0.1,0.246900,63.7,13.622000,1.2,O=C1ON=NO1,,[]
20,612.158710,0.5,0.036943,0.9,0.155500,8.6,12.147000,0.7,O=CC=O,,[]
20,645.328861,0.6,0.055355,4.3,0.234200,57.1,11.219000,0.5,CC=O,,[]
20,660.735473,0.7,0.028773,0.4,0.148500,5.4,18.268000,5.5,O=C1N=NON=N1,,[]
20,855.199404,3.0,0.045968,2.0,0.115100,0.4,18.951000,6.6,O=CC(=O)C=O,,[]
20,1355.687155,31.1,0.096036,30.6,0.111100,0.3,26.008000,33.3,[NH2+]=C1O[CH-]C(=O)C=C1,,[]
20,1646.564152,56.9,0.138452,62.2,0.096000,0.0,29.938000,64.9,O=C1[CH-]NC2=C1C[NH2+]C2,,[]
20,1723.113405,63.8,0.137517,61.3,0.115000,0.3,24.578000,23.5,C1=C2C3C4C1C1C4C3C21,,[]
20,1745.757085,66.5,0.147999,68.6,0.106400,0.2,28.812000,56.7,CC12C3C1N1CC2=CC31,,[]
20,1746.193204,66.6,0.148111,68.7,0.105400,0.1,28.766000,56.5,CC12C3C1C1=CC2N3C1,,[]
20,1747.432535,66.8,0.148080,68.7,0.106500,0.2,28.759000,56.4,CC12C3C1C1=CC3N2C1,,[]
21,213.087785,0.0,0.021375,0.0,0.361500,98.5,6.002000,0.0,O,,[]
21,478.904563,0.1,0.017147,0.0,0.622100,100.0,12.639000,0.9,FC(F)(F)F,,[]
21,481.107121,0.1,0.051208,2.6,0.343700,96.5,8.751000,0.1,CO,,[]
21,551.957961,0.2,0.026540,0.2,0.206600,33.4,11.329000,0.5,O=CC#N,,[]
21,562.327555,0.2,0.033459,0.6,0.256300,67.8,10.694000,0.2,O1N=CN=N1,,[]
21,605.972721,0.3,0.025718,0.1,0.246900,63.2,13.622000,1.2,O=C1ON=NO1,,[]
21,612.158710,0.4,0.036943,0.9,0.155500,8.6,12.147000,0.7,O=CC=O,,[]
21,645.328861,0.6,0.055355,4.2,0.234200,56.5,11.219000,0.5,CC=O,,[]
21,660.735473,0.6,0.028773,0.4,0.148500,5.4,18.268000,5.5,O=C1N=NON=N1,,[]
21,855.199404,3.0,0.045968,2.0,0.115100,0.4,18.951000,6.6,O=CC(=O)C=O,,[]
21,1051.290467,8.5,0.045232,1.9,0.116900,0.5,24.735000,24.2,O=CC(=O)C(=O)C#N,,[]
21,1355.687155,30.4,0.096036,30.0,0.111100,0.3,26.008000,33.0,[NH2+]=C1O[CH-]C(=O)C=C1,,[]
21,1646.564152,56.4,0.138452,62.0,0.096000,0.0,29.938000,64.8,O=C1[CH-]NC2=C1C[NH2+]C2,,[]
21,1723.113405,63.5,0.137517,61.1,0.115000,0.3,24.578000,23.3,C1=C2C3C4C1C1C4C3C21,,[]
21,1745.757085,66.3,0.147999,68.3,0.106400,0.1,28.812000,56.5,CC12C3C1N1CC2=CC31,,[]
21,1746.193204,66.5,0.148111,68.6,0.105400,0.0,28.766000,56.2,CC12C3C1C1=CC2N3C1,,[]
21,1747.432535,66.7,0.148080,68.5,0.106500,0.2,28.759000,56.1,CC12C3C1C1=CC3N2C1,,[]
22,213.087785,0.0,0.021375,0.0,0.361500,98.5,6.002000,0.0,O,,[]
22,478.904563,0.1,0.017147,0.0,0.622100,100.0,12.639000,0.9,FC(F)(F)F,,[]
22,481.107121,0.1,0.051208,2.6,0.343700,96.5,8.751000,0.1,CO,,[]
22,551.957961,0.2,0.026540,0.2,0.206600,33.0,11.329000,0.5,O=CC#N,,[]
22,562.327555,0.2,0.033459,0.6,0.256300,67.2,10.694000,0.2,O1N=CN=N1,,[]
22,605.972721,0.3,0.025718,0.1,0.246900,62.7,13.622000,1.3,O=C1ON=NO1,,[]
22,612.158710,0.4,0.036943,0.9,0.155500,8.6,12.147000,0.7,O=CC=O,,[]
22,645.328861,0.6,0.055355,4.2,0.234200,55.9,11.219000,0.5,CC=O,,[]
22,660.735473,0.7,0.028773,0.4,0.148500,5.4,18.268000,5.4,O=C1N=NON=N1,,[]
22,855.199404,3.1,0.045968,2.0,0.115100,0.5,18.951000,6.5,O=CC(=O)C=O,,[]
22,1051.290467,8.5,0.045232,1.9,0.116900,0.5,24.735000,23.8,O=CC(=O)C(=O)C#N,,[]
22,1355.687155,29.7,0.096036,29.3,0.111100,0.3,26.008000,32.4,[NH2+]=C1O[CH-]C(=O)C=C1,,[]
22,1646.564152,55.6,0.138452,61.3,0.096000,0.0,29.938000,64.1,O=C1[CH-]NC2=C1C[NH2+]C2,,[]
22,1723.113405,62.7,0.137517,60.3,0.115000,0.3,24.578000,23.0,C1=C2C3C4C1C1C4C3C21,,[]
22,1745.757085,65.5,0.147999,67.7,0.106400,0.1,28.812000,55.7,CC12C3C1N1CC2=CC31,,[]
22,1746.193204,65.7,0.148111,67.9,0.105400,0.0,28.766000,55.4,CC12C3C1C1=CC2N3C1,,[]
22,1747.432535,66.0,0.148080,67.8,0.106500,0.2,28.759000,55.3,CC12C3C1C1=CC3N2C1,,[]
23,213.087785,0.0,0.021375,0.1,0.361500,98.5,6.002000,0.0,O,,[]
23,478.904563,0.1,0.017147,0.0,0.622100,99.9,12.639000,0.9,FC(F)(F)F,,[]
23,481.107121,0.2,0.051208,2.8,0.343700,96.6,8.751000,0.1,CO,,[]
23,551.957961,0.2,0.026540,0.2,0.206600,33.7,11.329000,0.5,O=CC#N,,[]
23,562.327555,0.3,0.033459,0.6,0.256300,68.1,10.694000,0.2,O1N=CN=N1,,[]
23,605.972721,0.4,0.025718,0.1,0.246900,63.7,13.622000,1.3,O=C1ON=NO1,,[]
23,612.158710,0.5,0.036943,0.9,0.155500,8.5,12.147000,0.7,O=CC=O,,[]
23,645.328861,0.7,0.055355,4.4,0.234200,56.9,11.219000,0.4,CC=O,,[]
23,660.735473,0.7,0.028773,0.4,0.148500,5.5,18.268000,5.6,O=C1N=NON=N1,,[]
23,855.199404,3.1,0.045968,2.0,0.115100,0.5,18.951000,6.6,O=CC(=O)C=O,,[]
23,1051.290467,8.6,0.045232,2.0,0.116900,0.6,24.735000,24.6,O=CC(=O)C(=O)C#N,,[]
23,1355.687155,30.4,0.096036,30.1,0.111100,0.4,26.008000,33.2,[NH2+]=C1O[CH-]C(=O)C=C1,,[]
23,1599.184049,51.8,0.126135,52.6,0.103500,0.0,23.509000,19.0,C1=C2C3C4C1C1C2C3N41,,[]
23,1646.564152,57.0,0.138452,62.7,0.096000,0.0,29.938000,65.0,O=C1[CH-]NC2=C1C[NH2+]C2,,[]
24,213.087785,0.0,0.021375,0.1,0.361500,98.5,6.002000,0.0,O,,[]
24,478.904563,0.1,0.017147,0.0,0.622100,99.9,12.639000,1.0,FC(F)(F)F,,[]
24,481.107121,0.2,0.051208,2.8,0.343700,96.7,8.751000,0.1,CO,,[]
24,551.957961,0.2,0.026540,0.2,0.206600,33.3,11.329000,0.6,O=CC#N,,[]
24,562.327555,0.3,0.033459,0.6,0.256300,67.4,10.694000,0.2,O1N=CN=N1,,[]
24,605.972721,0.4,0.025718,0.1,0.246900,62.9,13.622000,1.4,O=C1ON=NO1,,[]
24,612.158710,0.5,0.036943,0.9,0.155500,8.4,12.147000,0.7,O=CC=O,,[]
24,645.328861,0.7,0.055355,4.4,0.234200,56.2,11.219000,0.5,CC=O,,[]
24,660.735473,0.7,0.028773,0.4,0.148500,5.4,18.268000,5.6,O=C1N=NON=N1,,[]
24,826.149481,2.7,0.042699,1.5,0.154300,7.6,17.906000,5.1,O=C1ON=NC=N1,,[]
24,855.199404,3.1,0.045968,2.1,0.115100,0.6,18.951000,6.6,O=CC(=O)C=O,,[]
24,1051.290467,8.6,0.045232,2.0,0.116900,0.6,24.735000,24.2,O=CC(=O)C(=O)C#N,,[]
24,1355.687155,29.8,0.096036,29.3,0.111100,0.4,26.008000,32.8,[NH2+]=C1O[CH-]C(=O)C=C1,,[]
24,1559.876228,46.8,0.124445,49.9,0.102700,0.0,27.646000,46.2,OC12C3C1C1=CC2N3C1,,[]
24,1599.184049,51.1,0.126135,51.9,0.103500,0.1,23.509000,18.7,C1=C2C3C4C1C1C2C3N41,,[]
24,1646.564152,56.2,0.138452,62.0,0.096000,0.0,29.938000,64.4,O=C1[CH-]NC2=C1C[NH2+]C2,,[]
25,213.087785,0.0,0.021375,0.1,0.361500,98.5,6.002000,0.0,O,,[]
25,478.904563,0.1,0.017147,0.0,0.622100,99.9,12.639000,0.9,FC(F)(F)F,,[]
25,481.107121,0.2,0.051208,2.8,0.343700,96.7,8.751000,0.1,CO,,[]
25,551.957961,0.2,0.026540,0.2,0.206600,33.1,11.329000,0.5,O=CC#N,,[]
25,562.327555,0.2,0.033459,0.6,0.256300,67.1,10.694000,0.2,O1N=CN=N1,,[]
25,605.972721,0.4,0.025718,0.1,0.246900,62.5,13.622000,1.3,O=C1ON=NO1,,[]
25,612.158710,0.5,0.036943,0.9,0.155500,8.6,12.147000,0.7,O=CC=O,,[]
25,645.328861,0.7,0.055355,4.4,0.234200,55.8,11.219000,0.5,CC=O,,[]
25,660.735473,0.7,0.028773,0.4,0.148500,5.6,18.268000,5.6,O=C1N=NON=N1,,[]
25,826.149481,2.7,0.042699,1.5,0.154300,7.8,17.906000,5.1,O=C1ON=NC=N1,,[]
25,855.199404,3.0,0.045968,2.1,0.115100,0.6,18.951000,6.6,O=CC(=O)C=O,,[]
25,1051.290467,8.5,0.045232,2.0,0.116900,0.7,24.735000,23.9,O=CC(=O)C(=O)C#N,,[]
25,1355.687155,29.2,0.096036,28.8,0.111100,0.4,26.008000,32.3,[NH2+]=C1O[CH-]C(=O)C=C1,,[]
25,1559.876228,46.1,0.124445,49.1,0.102700,0.0,27.646000,45.8,OC12C3C1C1=CC2N3C1,,[]
25,1599.184049,50.4,0.126135,51.2,0.103500,0.1,23.509000,18.6,C1=C2C3C4C1C1C2C3N41,,[]
25,1646.564152,55.4,0.138452,61.2,0.096000,0.0,29.938000,63.7,O=C1[CH-]NC2=C1C[NH2+]C2,,[]
26,213.087785,0.0,0.021375,0.1,0.361500,98.5,6.002000,0.0,O,,[]
26,478.904563,0.1,0.017147,0.0,0.622100,99.9,12.639000,0.9,FC(F)(F)F,,[]
26,481.107121,0.2,0.051208,2.8,0.343700,96.7,8.751000,0.1,CO,,[]
26,551.957961,0.2,0.026540,0.3,0.206600,32.9,11.329000,0.5,O=CC#N,,[]
26,562.327555,0.2,0.033459,0.7,0.256300,66.9,10.694000,0.2,O1N=CN=N1,,[]
26,605.972721,0.4,0.025718,0.2,0.246900,62.2,13.622000,1.3,O=C1ON=NO1,,[]
26,612.158710,0.5,0.036943,0.9,0.155500,8.6,12.147000,0.7,O=CC=O,,[]
26,645.328861,0.7,0.055355,4.4,0.234200,55.5,11.219000,0.5,CC=O,,[]
26,660.735473,0.7,0.028773,0.5,0.148500,5.5,18.268000,5.6,O=C1N=NON=N1,,[]
26,740.670140,1.4,0.025540,0.1,0.197700,26.5,16.955000,3.6,O=C(C#N)C#N,,[]
26,826.149481,2.7,0.042699,1.5,0.154300,7.7,17.906000,5.1,O=C1ON=NC=N1,,[]
26,855.199404,3.0,0.045968,2.1,0.115100,0.6,18.951000,6.6,O=CC(=O)C=O,,[]
26,1051.290467,8.5,0.045232,2.0,0.116900,0.7,24.735000,23.9,O=CC(=O)C(=O)C#N,,[]
26,1355.687155,28.8,0.096036,28.4,0.111100,0.4,26.008000,32.0,[NH2+]=C1O[CH-]C(=O)C=C1,,[]
26,1559.876228,45.4,0.124445,48.5,0.102700,0.0,27.646000,45.4,OC12C3C1C1=CC2N3C1,,[]
26,1599.184049,49.9,0.126135,50.6,0.103500,0.1,23.509000,18.5,C1=C2C3C4C1C1C2C3N41,,[]
26,1646.564152,54.8,0.138452,60.7,0.096000,0.0,29.938000,63.2,O=C1[CH-]NC2=C1C[NH2+]C2,,[]
27,213.087785,0.0,0.021375,0.1,0.361500,98.5,6.002000,0.0,O,,[]
27,478.904563,0.1,0.017147,0.0,0.622100,99.9,12.639000,0.9,FC(F)(F)F,,[]
27,481.107121,0.2,0.051208,2.8,0.343700,96.8,8.751000,0.1,CO,,[]
27,551.957961,0.2,0.026540,0.3,0.206600,32.6,11.329000,0.5,O=CC#N,,[]
27,562.327555,0.2,0.033459,0.6,0.256300,66.5,10.694000,0.2,O1N=CN=N1,,[]
27,605.972721,0.4,0.025718,0.2,0.246900,61.7,13.622000,1.3,O=C1ON=NO1,,[]
27,612.158710,0.5,0.036943,0.9,0.155500,8.5,12.147000,0.7,O=CC=O,,[]
27,645.328861,0.6,0.055355,4.3,0.234200,54.8,11.219000,0.5,CC=O,,[]
27,660.735473,0.7,0.028773,0.5,0.148500,5.5,18.268000,5.7,O=C1N=NON=N1,,[]
27,740.670140,1.4,0.025540,0.1,0.197700,26.2,16.955000,3.7,O=C(C#N)C#N,,[]
27,826.149481,2.6,0.042699,1.5,0.154300,7.7,17.906000,5.1,O=C1ON=NC=N1,,[]
27,855.199404,3.0,0.045968,2.1,0.115100,0.6,18.951000,6.7,O=CC(=O)C=O,,[]
27,1051.290467,8.6,0.045232,1.9,0.116900,0.7,24.735000,23.7,O=CC(=O)C(=O)C#N,,[]
27,1355.687155,28.5,0.096036,28.1,0.111100,0.5,26.008000,31.8,[NH2+]=C1O[CH-]C(=O)C=C1,,[]
27,1559.876228,44.9,0.124445,47.8,0.102700,0.0,27.646000,45.0,OC12C3C1C1=CC2N3C1,,[]
27,1599.184049,49.3,0.126135,49.8,0.103500,0.1,23.509000,18.5,C1=C2C3C4C1C1C2C3N41,,[]
27,1646.564152,54.2,0.138452,60.1,0.096000,0.0,29.938000,62.7,O=C1[CH-]NC2=C1C[NH2+]C2,,[]
28,213.087785,0.0,0.021375,0.1,0.361500,98.5,6.002000,0.0,O,,[]
28,478.904563,0.1,0.017147,0.0,0.622100,99.9,12.639000,0.9,FC(F)(F)F,,[]
28,481.107121,0.1,0.051208,2.8,0.343700,96.9,8.751000,0.1,CO,,[]
28,551.957961,0.2,0.026540,0.3,0.206600,32.6,11.329000,0.5,O=CC#N,,[]
28,562.327555,0.2,0.033459,0.7,0.256300,66.1,10.694000,0.2,O1N=CN=N1,,[]
28,605.972721,0.4,0.025718,0.1,0.246900,61.5,13.622000,1.3,O=C1ON=NO1,,[]
28,612.158710,0.5,0.036943,0.9,0.155500,8.6,12.147000,0.7,O=CC=O,,[]
28,645.328861,0.7,0.055355,4.3,0.234200,54.6,11.219000,0.4,CC=O,,[]
28,660.735473,0.7,0.028773,0.5,0.148500,5.5,18.268000,5.7,O=C1N=NON=N1,,[]
28,740.670140,1.4,0.025540,0.1,0.197700,26.3,16.955000,3.7,O=C(C#N)C#N,,[]
28,826.149481,2.6,0.042699,1.5,0.154300,7.8,17.906000,5.2,O=C1ON=NC=N1,,[]
28,855.199404,2.9,0.045968,2.1,0.115100,0.7,18.951000,6.8,O=CC(=O)C=O,,[]
28,1051.290467,8.6,0.045232,1.9,0.116900,0.7,24.735000,23.8,O=CC(=O)C(=O)C#N,,[]
28,1355.687155,28.2,0.096036,27.6,0.111100,0.4,26.008000,31.7,[NH2+]=C1O[CH-]C(=O)C=C1,,[]
28,1559.876228,44.5,0.124445,47.4,0.102700,0.0,27.646000,44.8,OC12C3C1C1=CC2N3C1,,[]
28,1599.184049,48.8,0.126135,49.4,0.103500,0.1,23.509000,18.4,C1=C2C3C4C1C1C2C3N41,,[]
28,1646.564152,53.9,0.138452,59.8,0.096000,0.0,29.938000,62.2,O=C1[CH-]NC2=C1C[NH2+]C2,,[]
29,213.087785,0.0,0.021375,0.1,0.361500,98.6,6.002000,0.0,O,,[]
29,478.904563,0.1,0.017147,0.0,0.622100,99.9,12.639000,0.9,FC(F)(F)F,,[]
29,481.107121,0.1,0.051208,2.7,0.343700,96.9,8.751000,0.1,CO,,[]
29,551.957961,0.2,0.026540,0.2,0.206600,32.2,11.329000,0.5,O=CC#N,,[]
29,562.327555,0.2,0.033459,0.7,0.256300,65.6,10.694000,0.2,O1N=CN=N1,,[]
29,605.972721,0.4,0.025718,0.1,0.246900,60.9,13.622000,1.3,O=C1ON=NO1,,[]
29,612.158710,0.5,0.036943,0.9,0.155500,8.5,12.147000,0.6,O=CC=O,,[]
29,645.328861,0.7,0.055355,4.2,0.234200,54.1,11.219000,0.4,CC=O,,[]
29,660.735473,0.7,0.028773,0.5,0.148500,5.3,18.268000,5.7,O=C1N=NON=N1,,[]
29,740.670140,1.4,0.025540,0.1,0.197700,25.9,16.955000,3.7,O=C(C#N)C#N,,[]
29,826.149481,2.6,0.042699,1.5,0.154300,7.7,17.906000,5.2,O=C1ON=NC=N1,,[]
29,855.199404,2.9,0.045968,2.1,0.115100,0.6,18.951000,6.7,O=CC(=O)C=O,,[]
29,1051.290467,8.5,0.045232,1.9,0.116900,0.7,24.735000,23.4,O=CC(=O)C(=O)C#N,,[]
29,1355.687155,27.7,0.096036,27.1,0.111100,0.4,26.008000,31.3,[NH2+]=C1O[CH-]C(=O)C=C1,,[]
29,1559.876228,43.8,0.124445,46.7,0.102700,0.0,27.646000,44.2,OC12C3C1C1=CC2N3C1,,[]
29,1599.184049,48.2,0.126135,48.7,0.103500,0.1,23.509000,18.1,C1=C2C3C4C1C1C2C3N41,,[]
29,1646.564152,53.3,0.138452,59.2,0.096000,0.0,29.938000,61.7,O=C1[CH-]NC2=C1C[NH2+]C2,,[]
30,213.087785,0.0,0.021375,0.1,0.361500,98.6,6.002000,0.0,O,,[]
30,478.904563,0.1,0.017147,0.0,0.622100,99.9,12.639000,0.9,FC(F)(F)F,,[]
30,481.107121,0.1,0.051208,2.7,0.343700,97.0,8.751000,0.1,CO,,[]
30,551.957961,0.2,0.026540,0.2,0.206600,32.0,11.329000,0.5,O=CC#N,,[]
30,562.327555,0.2,0.033459,0.7,0.256300,65.3,10.694000,0.2,O1N=CN=N1,,[]
30,605.972721,0.4,0.025718,0.1,0.246900,60.6,13.622000,1.3,O=C1ON=NO1,,[]
30,612.158710,0.5,0.036943,0.9,0.155500,8.5,12.147000,0.6,O=CC=O,,[]
30,645.328861,0.7,0.055355,4.2,0.234200,53.8,11.219000,0.4,CC=O,,[]
30,660.735473,0.7,0.028773,0.5,0.148500,5.4,18.268000,5.7,O=C1N=NON=N1,,[]
30,740.670140,1.4,0.025540,0.1,0.197700,25.9,16.955000,3.7,O=C(C#N)C#N,,[]
30,826.149481,2.5,0.042699,1.5,0.154300,7.8,17.906000,5.2,O=C1ON=NC=N1,,[]
30,855.199404,2.8,0.045968,2.1,0.115100,0.6,18.951000,6.7,O=CC(=O)C=O,,[]
30,1051.290467,8.4,0.045232,1.9,0.116900,0.6,24.735000,23.2,O=CC(=O)C(=O)C#N,,[]
30,1355.687155,27.2,0.096036,26.6,0.111100,0.4,26.008000,31.0,[NH2+]=C1O[CH-]C(=O)C=C1,,[]
30,1559.876228,43.4,0.124445,46.4,0.102700,0.0,27.646000,43.9,OC12C3C1C1=CC2N3C1,,[]
30,1599.184049,47.8,0.126135,48.3,0.103500,0.1,23.509000,17.9,C1=C2C3C4C1C1C2C3N41,,[]
30,1646.564152,53.0,0.138452,58.8,0.096000,0.0,29.938000,61.3,O=C1[CH-]NC2=C1C[NH2+]C2,,[]
31,213.087785,0.0,0.021375,0.1,0.361500,98.7,6.002000,0.0,O,,[]
31,478.904563,0.1,0.017147,0.0,0.622100,99.9,12.639000,0.9,FC(F)(F)F,,[]
31,481.107121,0.1,0.051208,2.7,0.343700,97.0,8.751000,0.1,CO,,[]
31,551.957961,0.2,0.026540,0.2,0.206600,32.0,11.329000,0.5,O=CC#N,,[]
31,562.327555,0.2,0.033459,0.7,0.256300,64.9,10.694000,0.2,O1N=CN=N1,,[]
31,605.972721,0.4,0.025718,0.1,0.246900,60.3,13.622000,1.3,O=C1ON=NO1,,[]
31,612.158710,0.5,0.036943,0.9,0.155500,8.5,12.147000,0.7,O=CC=O,,[]
31,645.328861,0.7,0.055355,4.2,0.234200,53.6,11.219000,0.4,CC=O,,[]
31,660.735473,0.8,0.028773,0.5,0.148500,5.4,18.268000,5.6,O=C1N=NON=N1,,[]
31,740.670140,1.4,0.025540,0.1,0.197700,25.9,16.955000,3.7,O=C(C#N)C#N,,[]
31,826.149481,2.5,0.042699,1.4,0.154300,7.8,17.906000,5.1,O=C1ON=NC=N1,,[]
31,855.199404,2.8,0.045968,2.0,0.115100,0.6,18.951000,6.6,O=CC(=O)C=O,,[]
31,1051.290467,8.2,0.045232,1.9,0.116900,0.6,24.735000,22.9,O=CC(=O)C(=O)C#N,,[]
31,1355.687155,26.7,0.096036,26.1,0.111100,0.4,26.008000,30.6,[NH2+]=C1O[CH-]C(=O)C=C1,,[]
31,1559.876228,42.9,0.124445,45.8,0.102700,0.0,27.646000,43.3,OC12C3C1C1=CC2N3C1,,[]
31,1599.184049,47.3,0.126135,47.9,0.103500,0.1,23.509000,17.6,C1=C2C3C4C1C1C2C3N41,,[]
31,1646.564152,52.6,0.138452,58.3,0.096000,0.0,29.938000,60.7,O=C1[CH-]NC2=C1C[NH2+]C2,,[]
32,213.087785,0.0,0.021375,0.1,0.361500,98.6,6.002000,0.0,O,,[]
32,478.904563,0.1,0.017147,0.0,0.622100,99.9,12.639000,1.0,FC(F)(F)F,,[]
32,481.107121,0.2,0.051208,2.8,0.343700,97.0,8.751000,0.1,CO,,[]
32,551.957961,0.2,0.026540,0.2,0.206600,31.6,11.329000,0.6,O=CC#N,,[]
32,562.327555,0.3,0.033459,0.7,0.256300,64.6,10.694000,0.2,O1N=CN=N1,,[]
32,605.972721,0.4,0.025718,0.1,0.246900,60.0,13.622000,1.3,O=C1ON=NO1,,[]
32,612.158710,0.5,0.036943,0.9,0.155500,8.6,12.147000,0.8,O=CC=O,,[]
32,645.328861,0.7,0.055355,4.2,0.234200,53.3,11.219000,0.5,CC=O,,[]
32,660.735473,0.8,0.028773,0.4,0.148500,5.4,18.268000,5.7,O=C1N=NON=N1,,[]
32,740.670140,1.4,0.025540,0.1,0.197700,25.7,16.955000,3.7,O=C(C#N)C#N,,[]
32,826.149481,2.6,0.042699,1.5,0.154300,7.8,17.906000,5.1,O=C1ON=NC=N1,,[]
32,855.199404,2.9,0.045968,2.1,0.115100,0.6,18.951000,6.6,O=CC(=O)C=O,,[]
32,1051.290467,8.2,0.045232,1.9,0.116900,0.6,24.735000,22.6,O=CC(=O)C(=O)C#N,,[]
32,1355.687155,26.3,0.096036,25.6,0.111100,0.4,26.008000,30.3,[NH2+]=C1O[CH-]C(=O)C=C1,,[]
32,1559.876228,42.4,0.124445,45.4,0.102700,0.0,27.646000,43.0,OC12C3C1C1=CC2N3C1,,[]
32,1599.184049,46.8,0.126135,47.3,0.103500,0.1,23.509000,17.4,C1=C2C3C4C1C1C2C3N41,,[]
32,1646.564152,51.9,0.138452,57.8,0.096000,0.0,29.938000,60.3,O=C1[CH-]NC2=C1C[NH2+]C2,,[]
33,213.087785,0.0,0.021375,0.1,0.361500,98.6,6.002000,0.0,O,,[]
33,427.706065,0.1,0.020349,0.1,0.259800,66.0,10.401000,0.2,O1N=NN=N1,,[]
33,478.904563,0.1,0.017147,0.0,0.622100,99.9,12.639000,1.0,FC(F)(F)F,,[]
33,481.107121,0.2,0.051208,2.8,0.343700,97.0,8.751000,0.1,CO,,[]
33,551.957961,0.2,0.026540,0.3,0.206600,31.5,11.329000,0.6,O=CC#N,,[]
33,562.327555,0.3,0.033459,0.7,0.256300,64.4,10.694000,0.3,O1N=CN=N1,,[]
33,605.972721,0.4,0.025718,0.2,0.246900,59.8,13.622000,1.4,O=C1ON=NO1,,[]
33,612.158710,0.5,0.036943,1.0,0.155500,8.4,12.147000,0.8,O=CC=O,,[]
33,645.328861,0.7,0.055355,4.2,0.234200,53.3,11.219000,0.5,CC=O,,[]
33,660.735473,0.8,0.028773,0.5,0.148500,5.4,18.268000,5.8,O=C1N=NON=N1,,[]
33,740.670140,1.4,0.025540,0.1,0.197700,25.6,16.955000,3.8,O=C(C#N)C#N,,[]
33,826.149481,2.6,0.042699,1.5,0.154300,7.7,17.906000,5.2,O=C1ON=NC=N1,,[]
33,855.199404,2.9,0.045968,2.2,0.115100,0.6,18.951000,6.7,O=CC(=O)C=O,,[]
33,1051.290467,8.2,0.045232,2.0,0.116900,0.6,24.735000,22.7,O=CC(=O)C(=O)C#N,,[]
33,1355.687155,26.2,0.096036,25.5,0.111100,0.4,26.008000,30.1,[NH2+]=C1O[CH-]C(=O)C=C1,,[]
33,1559.876228,42.2,0.124445,45.1,0.102700,0.0,27.646000,42.5,OC12C3C1C1=CC2N3C1,,[]
33,1599.184049,46.5,0.126135,47.1,0.103500,0.1,23.509000,17.5,C1=C2C3C4C1C1C2C3N41,,[]
33,1646.564152,51.6,0.138452,57.7,0.096000,0.0,29.938000,60.0,O=C1[CH-]NC2=C1C[NH2+]C2,,[]
34,213.087785,0.0,0.021375,0.1,0.361500,98.5,6.002000,0.0,O,,[]
34,427.706065,0.1,0.020349,0.1,0.259800,65.7,10.401000,0.3,O1N=NN=N1,,[]
34,478.904563,0.1,0.017147,0.0,0.622100,99.9,12.639000,1.0,FC(F)(F)F,,[]
34,481.107121,0.2,0.051208,2.8,0.343700,97.0,8.751000,0.1,CO,,[]
34,494.017501,0.2,0.015951,0.0,0.277000,72.6,10.398000,0.2,N#CC#N,,[]
34,551.957961,0.2,0.026540,0.3,0.206600,31.4,11.329000,0.6,O=CC#N,,[]
34,562.327555,0.3,0.033459,0.7,0.256300,64.2,10.694000,0.3,O1N=CN=N1,,[]
34,605.972721,0.4,0.025718,0.2,0.246900,59.5,13.622000,1.4,O=C1ON=NO1,,[]
34,612.158710,0.5,0.036943,1.0,0.155500,8.5,12.147000,0.8,O=CC=O,,[]
34,645.328861,0.7,0.055355,4.2,0.234200,53.0,11.219000,0.5,CC=O,,[]
34,660.735473,0.8,0.028773,0.5,0.148500,5.5,18.268000,5.8,O=C1N=NON=N1,,[]
34,740.670140,1.5,0.025540,0.1,0.197700,25.4,16.955000,3.8,O=C(C#N)C#N,,[]
34,826.149481,2.6,0.042699,1.5,0.154300,7.8,17.906000,5.3,O=C1ON=NC=N1,,[]
34,855.199404,2.9,0.045968,2.2,0.115100,0.6,18.951000,6.7,O=CC(=O)C=O,,[]
34,1051.290467,8.2,0.045232,2.0,0.116900,0.6,24.735000,22.5,O=CC(=O)C(=O)C#N,,[]
34,1355.687155,25.9,0.096036,25.1,0.111100,0.4,26.008000,29.7,[NH2+]=C1O[CH-]C(=O)C=C1,,[]
34,1559.876228,41.7,0.124445,44.7,0.102700,0.1,27.646000,42.1,OC12C3C1C1=CC2N3C1,,[]
34,1599.184049,46.1,0.126135,46.7,0.103500,0.1,23.509000,17.4,C1=C2C3C4C1C1C2C3N41,,[]
34,1646.564152,51.3,0.138452,57.3,0.096000,0.0,29.938000,59.5,O=C1[CH-]NC2=C1C[NH2+]C2,,[]
35,213.087785,0.0,0.021375,0.1,0.361500,98.5,6.002000,0.0,O,,[]
35,427.706065,0.1,0.020349,0.1,0.259800,65.5,10.401000,0.3,O1N=NN=N1,,[]
35,478.904563,0.1,0.017147,0.0,0.622100,99.9,12.639000,1.0,FC(F)(F)F,,[]
35,481.107121,0.2,0.051208,2.8,0.343700,97.0,8.751000,0.1,CO,,[]
35,494.017501,0.2,0.015951,0.0,0.277000,72.5,10.398000,0.3,N#CC#N,,[]
35,551.957961,0.3,0.026540,0.3,0.206600,31.0,11.329000,0.6,O=CC#N,,[]
35,562.327555,0.3,0.033459,0.7,0.256300,63.9,10.694000,0.3,O1N=CN=N1,,[]
35,605.972721,0.5,0.025718,0.2,0.246900,59.1,13.622000,1.4,O=C1ON=NO1,,[]
35,612.158710,0.6,0.036943,0.9,0.155500,8.5,12.147000,0.8,O=CC=O,,[]
35,645.328861,0.7,0.055355,4.1,0.234200,52.5,11.219000,0.6,CC=O,,[]
35,660.735473,0.8,0.028773,0.5,0.148500,5.5,18.268000,5.7,O=C1N=NON=N1,,[]
35,740.670140,1.5,0.025540,0.1,0.197700,25.2,16.955000,3.8,O=C(C#N)C#N,,[]
35,826.149481,2.6,0.042699,1.5,0.154300,7.8,17.906000,5.2,O=C1ON=NC=N1,,[]
35,855.199404,2.9,0.045968,2.1,0.115100,0.6,18.951000,6.6,O=CC(=O)C=O,,[]
35,1051.290467,8.1,0.045232,2.0,0.116900,0.6,24.735000,22.2,O=CC(=O)C(=O)C#N,,[]
35,1355.687155,25.5,0.096036,24.7,0.111100,0.4,26.008000,29.5,[NH2+]=C1O[CH-]C(=O)C=C1,,[]
35,1559.876228,41.5,0.124445,44.5,0.102700,0.1,27.646000,41.8,OC12C3C1C1=CC2N3C1,,[]
35,1599.184049,45.8,0.126135,46.4,0.103500,0.1,23.509000,17.2,C1=C2C3C4C1C1C2C3N41,,[]
35,1646.564152,51.1,0.138452,57.0,0.096000,0.0,29.938000,59.0,O=C1[CH-]NC2=C1C[NH2+]C2,,[]
36,213.087785,0.0,0.021375,0.1,0.361500,98.4,6.002000,0.0,O,,[]
36,301.820762,0.0,0.016601,0.0,0.379600,99.0,6.278000,0.0,C#N,,[]
36,427.706065,0.1,0.020349,0.1,0.259800,65.1,10.401000,0.3,O1N=NN=N1,,[]
36,481.107121,0.2,0.051208,2.8,0.343700,96.9,8.751000,0.1,CO,,[]
36,494.017501,0.3,0.015951,0.0,0.277000,72.2,10.398000,0.3,N#CC#N,,[]
36,551.957961,0.3,0.026540,0.3,0.206600,30.7,11.329000,0.7,O=CC#N,,[]
36,562.327555,0.3,0.033459,0.7,0.256300,63.6,10.694000,0.4,O1N=CN=N1,,[]
36,605.972721,0.5,0.025718,0.2,0.246900,59.0,13.622000,1.4,O=C1ON=NO1,,[]
36,612.158710,0.6,0.036943,1.0,0.155500,8.5,12.147000,0.8,O=CC=O,,[]
36,645.328861,0.7,0.055355,4.1,0.234200,52.1,11.219000,0.6,CC=O,,[]
36,660.735473,0.8,0.028773,0.5,0.148500,5.5,18.268000,5.7,O=C1N=NON=N1,,[]
36,740.670140,1.5,0.025540,0.2,0.197700,25.0,16.955000,3.8,O=C(C#N)C#N,,[]
36,826.149481,2.6,0.042699,1.6,0.154300,7.8,17.906000,5.2,O=C1ON=NC=N1,,[]
36,855.199404,2.9,0.045968,2.1,0.115100,0.6,18.951000,6.5,O=CC(=O)C=O,,[]
36,1051.290467,8.0,0.045232,2.0,0.116900,0.6,24.735000,22.1,O=CC(=O)C(=O)C#N,,[]
36,1355.687155,25.1,0.096036,24.3,0.111100,0.4,26.008000,29.2,[NH2+]=C1O[CH-]C(=O)C=C1,,[]
36,1559.876228,41.1,0.124445,44.2,0.102700,0.1,27.646000,41.5,OC12C3C1C1=CC2N3C1,,[]
36,1599.184049,45.5,0.126135,46.0,0.103500,0.1,23.509000,17.1,C1=C2C3C4C1C1C2C3N41,,[]
36,1646.564152,50.7,0.138452,56.6,0.096000,0.0,29.938000,58.8,O=C1[CH-]NC2=C1C[NH2+]C2,,[]
37,213.087785,0.0,0.021375,0.1,0.361500,98.4,6.002000,0.0,O,,[]
37,301.820762,0.1,0.016601,0.0,0.379600,99.0,6.278000,0.1,C#N,,[]
37,427.706065,0.1,0.020349,0.1,0.259800,64.8,10.401000,0.4,O1N=NN=N1,,[]
37,481.107121,0.2,0.051208,2.8,0.343700,96.8,8.751000,0.1,CO,,[]
37,494.017501,0.3,0.015951,0.0,0.277000,71.9,10.398000,0.4,N#CC#N,,[]
37,551.957961,0.3,0.026540,0.3,0.206600,30.5,11.329000,0.7,O=CC#N,,[]
37,562.327555,0.4,0.033459,0.7,0.256300,63.2,10.694000,0.4,O1N=CN=N1,,[]
37,605.972721,0.5,0.025718,0.2,0.246900,58.6,13.622000,1.4,O=C1ON=NO1,,[]
37,612.158710,0.6,0.036943,1.0,0.155500,8.4,12.147000,0.9,O=CC=O,,[]
37,645.328861,0.7,0.055355,4.1,0.234200,51.8,11.219000,0.6,CC=O,,[]
37,660.735473,0.8,0.028773,0.5,0.148500,5.5,18.268000,5.8,O=C1N=NON=N1,,[]
37,740.670140,1.6,0.025540,0.2,0.197700,24.8,16.955000,3.9,O=C(C#N)C#N,,[]
37,826.149481,2.7,0.042699,1.5,0.154300,7.7,17.906000,5.3,O=C1ON=NC=N1,,[]
37,855.199404,3.0,0.045968,2.1,0.115100,0.6,18.951000,6.6,O=CC(=O)C=O,,[]
37,1051.290467,8.1,0.045232,2.0,0.116900,0.6,24.735000,21.9,O=CC(=O)C(=O)C#N,,[]
37,1355.687155,24.8,0.096036,24.1,0.111100,0.4,26.008000,29.0,[NH2+]=C1O[CH-]C(=O)C=C1,,[]
37,1559.876228,40.7,0.124445,43.6,0.102700,0.1,27.646000,41.2,OC12C3C1C1=CC2N3C1,,[]
37,1599.184049,45.1,0.126135,45.6,0.103500,0.1,23.509000,16.9,C1=C2C3C4C1C1C2C3N41,,[]
37,1646.564152,50.3,0.138452,56.3,0.096000,0.0,29.938000,58.3,O=C1[CH-]NC2=C1C[NH2+]C2,,[]
38,213.087785,0.0,0.021375,0.1,0.361500,98.3,6.002000,0.0,O,,[]
38,301.820762,0.1,0.016601,0.0,0.379600,99.0,6.278000,0.1,C#N,,[]
38,427.706065,0.2,0.020349,0.1,0.259800,64.5,10.401000,0.4,O1N=NN=N1,,[]
38,481.107121,0.2,0.051208,2.8,0.343700,96.8,8.751000,0.2,CO,,[]
38,494.017501,0.3,0.015951,0.0,0.277000,71.7,10.398000,0.4,N#CC#N,,[]
38,551.957961,0.3,0.026540,0.3,0.206600,30.3,11.329000,0.7,O=CC#N,,[]
38,562.327555,0.4,0.033459,0.7,0.256300,62.9,10.694000,0.4,O1N=CN=N1,,[]
38,605.972721,0.5,0.025718,0.2,0.246900,58.2,13.622000,1.4,O=C1ON=NO1,,[]
38,612.158710,0.6,0.036943,0.9,0.155500,8.4,12.147000,0.9,O=CC=O,,[]
38,645.328861,0.7,0.055355,4.1,0.234200,51.5,11.219000,0.6,CC=O,,[]
38,660.735473,0.8,0.028773,0.5,0.148500,5.5,18.268000,5.8,O=C1N=NON=N1,,[]
38,740.670140,1.5,0.025540,0.2,0.197700,24.7,16.955000,3.9,O=C(C#N)C#N,,[]
38,826.149481,2.7,0.042699,1.5,0.154300,7.7,17.906000,5.3,O=C1ON=NC=N1,,[]
38,855.199404,3.0,0.045968,2.2,0.115100,0.6,18.951000,6.6,O=CC(=O)C=O,,[]
38,1051.290467,8.1,0.045232,2.0,0.116900,0.6,24.735000,21.8,O=CC(=O)C(=O)C#N,,[]
38,1355.687155,24.7,0.096036,23.8,0.111100,0.4,26.008000,29.0,[NH2+]=C1O[CH-]C(=O)C=C1,,[]
38,1559.876228,40.4,0.124445,43.4,0.102700,0.1,27.646000,41.1,OC12C3C1C1=CC2N3C1,,[]
38,1599.184049,44.9,0.126135,45.3,0.103500,0.1,23.509000,16.9,C1=C2C3C4C1C1C2C3N41,,[]
38,1646.564152,50.0,0.138452,56.0,0.096000,0.0,29.938000,58.1,O=C1[CH-]NC2=C1C[NH2+]C2,,[]
39,213.087785,0.0,0.021375,0.2,0.361500,98.3,6.002000,0.0,O,,[]
39,301.820762,0.1,0.016601,0.0,0.379600,99.0,6.278000,0.1,C#N,,[]
39,427.706065,0.2,0.020349,0.1,0.259800,64.4,10.401000,0.4,O1N=NN=N1,,[]
39,481.107121,0.3,0.051208,2.8,0.343700,96.8,8.751000,0.2,CO,,[]
39,494.017501,0.3,0.015951,0.0,0.277000,71.5,10.398000,0.4,N#CC#N,,[]
39,551.957961,0.3,0.026540,0.3,0.206600,30.1,11.329000,0.7,O=CC#N,,[]
39,562.327555,0.4,0.033459,0.8,0.256300,62.8,10.694000,0.4,O1N=CN=N1,,[]
39,605.972721,0.5,0.025718,0.3,0.246900,58.1,13.622000,1.4,O=C1ON=NO1,,[]
39,612.158710,0.6,0.036943,1.0,0.155500,8.3,12.147000,0.9,O=CC=O,,[]
39,645.328861,0.8,0.055355,4.2,0.234200,51.2,11.219000,0.6,CC=O,,[]
39,660.735473,0.9,0.028773,0.5,0.148500,5.5,18.268000,5.8,O=C1N=NON=N1,,[]
39,740.670140,1.6,0.025540,0.2,0.197700,24.5,16.955000,4.0,O=C(C#N)C#N,,[]
39,826.149481,2.7,0.042699,1.5,0.154300,7.7,17.906000,5.3,O=C1ON=NC=N1,,[]
39,855.199404,3.0,0.045968,2.2,0.115100,0.5,18.951000,6.7,O=CC(=O)C=O,,[]
39,1051.290467,8.1,0.045232,2.0,0.116900,0.6,24.735000,21.8,O=CC(=O)C(=O)C#N,,[]
39,1355.687155,24.5,0.096036,23.6,0.111100,0.4,26.008000,29.0,[NH2+]=C1O[CH-]C(=O)C=C1,,[]
39,1559.876228,40.3,0.124445,43.0,0.102700,0.1,27.646000,41.1,OC12C3C1C1=CC2N3C1,,[]
39,1599.184049,44.7,0.126135,45.0,0.103500,0.1,23.509000,16.9,C1=C2C3C4C1C1C2C3N41,,[]
39,1646.564152,49.8,0.138452,55.7,0.096000,0.0,29.938000,57.9,O=C1[CH-]NC2=C1C[NH2+]C2,,[]
40,213.087785,0.0,0.021375,0.2,0.361500,98.4,6.002000,0.0,O,,[]
40,301.820762,0.1,0.016601,0.0,0.379600,99.0,6.278000,0.1,C#N,,[]
40,427.706065,0.2,0.020349,0.1,0.259800,64.2,10.401000,0.4,O1N=NN=N1,,[]
40,481.107121,0.3,0.051208,2.8,0.343700,96.8,8.751000,0.2,CO,,[]
40,494.017501,0.3,0.015951,0.0,0.277000,71.5,10.398000,0.4,N#CC#N,,[]
40,551.957961,0.3,0.026540,0.3,0.206600,30.0,11.329000,0.7,O=CC#N,,[]
40,562.327555,0.4,0.033459,0.7,0.256300,62.6,10.694000,0.5,O1N=CN=N1,,[]
40,605.972721,0.5,0.025718,0.3,0.246900,57.9,13.622000,1.4,O=C1ON=NO1,,[]
40,612.158710,0.6,0.036943,0.9,0.155500,8.3,12.147000,0.9,O=CC=O,,[]
40,645.328861,0.8,0.055355,4.2,0.234200,51.1,11.219000,0.7,CC=O,,[]
40,660.735473,0.8,0.028773,0.5,0.148500,5.4,18.268000,5.9,O=C1N=NON=N1,,[]
40,740.670140,1.6,0.025540,0.2,0.197700,24.5,16.955000,4.0,O=C(C#N)C#N,,[]
40,826.149481,2.7,0.042699,1.6,0.154300,7.6,17.906000,5.3,O=C1ON=NC=N1,,[]
40,855.199404,3.0,0.045968,2.2,0.115100,0.5,18.951000,6.7,O=CC(=O)C=O,,[]
40,1051.290467,8.1,0.045232,2.0,0.116900,0.6,24.735000,21.8,O=CC(=O)C(=O)C#N,,[]
40,1355.687155,24.4,0.096036,23.5,0.111100,0.4,26.008000,28.9,[NH2+]=C1O[CH-]C(=O)C=C1,,[]
40,1559.876228,40.1,0.124445,42.8,0.102700,0.1,27.646000,40.9,OC12C3C1C1=CC2N3C1,,[]
40,1599.184049,44.4,0.126135,44.9,0.103500,0.1,23.509000,17.0,C1=C2C3C4C1C1C2C3N41,,[]
40,1646.564152,49.6,0.138452,55.6,0.096000,0.0,29.938000,57.8,O=C1[CH-]NC2=C1C[NH2+]C2,,[]
41,213.087785,0.0,0.021375,0.1,0.361500,98.3,6.002000,0.0,O,,[]
41,301.820762,0.0,0.016601,0.0,0.379600,98.9,6.278000,0.0,C#N,,[]
41,427.706065,0.2,0.020349,0.1,0.259800,64.1,10.401000,0.4,O1N=NN=N1,,[]
41,481.107121,0.3,0.051208,2.8,0.343700,96.8,8.751000,0.2,CO,,[]
41,494.017501,0.3,0.015951,0.0,0.277000,71.4,10.398000,0.4,N#CC#N,,[]
41,551.957961,0.3,0.026540,0.3,0.206600,29.9,11.329000,0.7,O=CC#N,,[]
41,562.327555,0.4,0.033459,0.7,0.256300,62.5,10.694000,0.5,O1N=CN=N1,,[]
41,605.972721,0.5,0.025718,0.2,0.246900,57.8,13.622000,1.4,O=C1ON=NO1,,[]
41,612.158710,0.6,0.036943,0.9,0.155500,8.3,12.147000,0.9,O=CC=O,,[]
41,645.328861,0.8,0.055355,4.1,0.234200,50.8,11.219000,0.7,CC=O,,[]
41,660.735473,0.8,0.028773,0.5,0.148500,5.5,18.268000,5.8,O=C1N=NON=N1,,[]
41,740.670140,1.6,0.025540,0.2,0.197700,24.4,16.955000,4.0,O=C(C#N)C#N,,[]
41,826.149481,2.7,0.042699,1.6,0.154300,7.6,17.906000,5.3,O=C1ON=NC=N1,,[]
41,855.199404,3.0,0.045968,2.2,0.115100,0.5,18.951000,6.7,O=CC(=O)C=O,,[]
41,1051.290467,8.0,0.045232,2.0,0.116900,0.6,24.735000,21.5,O=CC(=O)C(=O)C#N,,[]
41,1108.489211,10.7,0.055740,4.3,0.098300,0.0,25.564000,26.0,O=CC(=O)C(=O)C=O,,[]
41,1599.184049,44.0,0.126135,44.6,0.103500,0.1,23.509000,16.8,C1=C2C3C4C1C1C2C3N41,,[]
41,1646.564152,49.3,0.138452,55.3,0.096000,0.0,29.938000,57.5,O=C1[CH-]NC2=C1C[NH2+]C2,,[]
42,213.087785,0.0,0.021375,0.1,0.361500,98.3,6.002000,0.0,O,,[]
42,301.820762,0.0,0.016601,0.0,0.379600,98.9,6.278000,0.0,C#N,,[]
42,427.706065,0.2,0.020349,0.1,0.259800,63.9,10.401000,0.4,O1N=NN=N1,,[]
42,481.107121,0.3,0.051208,2.9,0.343700,96.8,8.751000,0.2,CO,,[]
42,494.017501,0.3,0.015951,0.0,0.277000,71.3,10.398000,0.4,N#CC#N,,[]
42,551.957961,0.3,0.026540,0.3,0.206600,29.7,11.329000,0.7,O=CC#N,,[]
42,562.327555,0.4,0.033459,0.7,0.256300,62.3,10.694000,0.5,O1N=CN=N1,,[]
42,605.972721,0.5,0.025718,0.2,0.246900,57.4,13.622000,1.4,O=C1ON=NO1,,[]
42,612.158710,0.6,0.036943,1.0,0.155500,8.2,12.147000,0.9,O=CC=O,,[]
42,645.328861,0.7,0.055355,4.2,0.234200,50.4,11.219000,0.7,CC=O,,[]
42,660.735473,0.8,0.028773,0.5,0.148500,5.5,18.268000,5.8,O=C1N=NON=N1,,[]
42,740.670140,1.6,0.025540,0.2,0.197700,24.2,16.955000,4.0,O=C(C#N)C#N,,[]
42,800.856456,2.2,0.035739,0.9,0.147500,5.1,18.042000,5.5,O=CC(=O)C#N,,[]
42,826.149481,2.7,0.042699,1.6,0.154300,7.6,17.906000,5.3,O=C1ON=NC=N1,,[]
42,855.199404,3.0,0.045968,2.2,0.115100,0.5,18.951000,6.7,O=CC(=O)C=O,,[]
42,1051.290467,8.1,0.045232,2.1,0.116900,0.6,24.735000,21.4,O=CC(=O)C(=O)C#N,,[]
42,1108.489211,10.7,0.055740,4.4,0.098300,0.0,25.564000,25.8,O=CC(=O)C(=O)C=O,,[]
42,1599.184049,43.8,0.126135,44.3,0.103500,0.1,23.509000,16.8,C1=C2C3C4C1C1C2C3N41,,[]
42,1646.564152,49.1,0.138452,55.0,0.096000,0.0,29.938000,57.2,O=C1[CH-]NC2=C1C[NH2+]C2,,[]
43,213.087785,0.0,0.021375,0.1,0.361500,98.4,6.002000,0.0,O,,[]
43,301.820762,0.0,0.016601,0.0,0.379600,98.9,6.278000,0.0,C#N,,[]
43,358.757206,0.1,0.026603,0.4,0.226300,45.6,6.413000,0.1,C=O,,[]
43,427.706065,0.2,0.020349,0.1,0.259800,63.8,10.401000,0.4,O1N=NN=N1,,[]
43,494.017501,0.3,0.015951,0.0,0.277000,71.2,10.398000,0.4,N#CC#N,,[]
43,551.957961,0.4,0.026540,0.3,0.206600,29.5,11.329000,0.8,O=CC#N,,[]
43,605.972721,0.5,0.025718,0.2,0.246900,57.2,13.622000,1.4,O=C1ON=NO1,,[]
43,612.158710,0.6,0.036943,1.0,0.155500,8.2,12.147000,0.9,O=CC=O,,[]
43,660.735473,0.8,0.028773,0.5,0.148500,5.5,18.268000,5.8,O=C1N=NON=N1,,[]
43,740.670140,1.6,0.025540,0.2,0.197700,24.1,16.955000,3.9,O=C(C#N)C#N,,[]
43,800.856456,2.2,0.035739,0.9,0.147500,5.1,18.042000,5.5,O=CC(=O)C#N,,[]
43,826.149481,2.7,0.042699,1.6,0.154300,7.6,17.906000,5.3,O=C1ON=NC=N1,,[]
43,855.199404,3.0,0.045968,2.2,0.115100,0.6,18.951000,6.7,O=CC(=O)C=O,,[]
43,1051.290467,8.1,0.045232,2.1,0.116900,0.6,24.735000,21.2,O=CC(=O)C(=O)C#N,,[]
43,1108.489211,10.6,0.055740,4.3,0.098300,0.1,25.564000,25.6,O=CC(=O)C(=O)C=O,,[]
43,1599.184049,43.4,0.126135,44.0,0.103500,0.1,23.509000,16.6,C1=C2C3C4C1C1C2C3N41,,[]
43,1646.564152,48.7,0.138452,54.6,0.096000,0.0,29.938000,56.9,O=C1[CH-]NC2=C1C[NH2+]C2,,[]
44,213.087785,0.0,0.021375,0.1,0.361500,98.4,6.002000,0.0,O,,[]
44,301.820762,0.1,0.016601,0.0,0.379600,98.9,6.278000,0.1,C#N,,[]
44,358.757206,0.1,0.026603,0.4,0.226300,45.1,6.413000,0.1,C=O,,[]
44,427.706065,0.2,0.020349,0.1,0.259800,63.4,10.401000,0.5,O1N=NN=N1,,[]
44,494.017501,0.3,0.015951,0.0,0.277000,71.0,10.398000,0.4,N#CC#N,,[]
44,551.957961,0.4,0.026540,0.3,0.206600,29.3,11.329000,0.8,O=CC#N,,[]
44,605.972721,0.6,0.025718,0.3,0.246900,56.8,13.622000,1.4,O=C1ON=NO1,,[]
44,612.158710,0.6,0.036943,1.0,0.155500,8.1,12.147000,0.9,O=CC=O,,[]
44,660.735473,0.9,0.028773,0.5,0.148500,5.5,18.268000,5.9,O=C1N=NON=N1,,[]
44,740.670140,1.6,0.025540,0.2,0.197700,23.9,16.955000,4.0,O=C(C#N)C#N,,[]
44,800.856456,2.2,0.035739,0.9,0.147500,5.0,18.042000,5.6,O=CC(=O)C#N,,[]
44,826.149481,2.7,0.042699,1.6,0.154300,7.5,17.906000,5.4,O=C1ON=NC=N1,,[]
44,855.199404,3.0,0.045968,2.2,0.115100,0.6,18.951000,6.7,O=CC(=O)C=O,,[]
44,1051.290467,8.1,0.045232,2.1,0.116900,0.6,24.735000,21.0,O=CC(=O)C(=O)C#N,,[]
44,1108.489211,10.6,0.055740,4.3,0.098300,0.1,25.564000,25.3,O=CC(=O)C(=O)C=O,,[]
44,1599.184049,43.0,0.126135,43.6,0.103500,0.1,23.509000,16.6,C1=C2C3C4C1C1C2C3N41,,[]
44,1646.564152,48.3,0.138452,54.1,0.096000,0.0,29.938000,56.4,O=C1[CH-]NC2=C1C[NH2+]C2,,[]
45,213.087785,0.0,0.021375,0.2,0.361500,98.4,6.002000,0.0,O,,[]
45,301.820762,0.1,0.016601,0.0,0.379600,99.0,6.278000,0.1,C#N,,[]
45,358.757206,0.1,0.026603,0.4,0.226300,44.9,6.413000,0.1,C=O,,[]
45,427.706065,0.2,0.020349,0.1,0.259800,63.1,10.401000,0.5,O1N=NN=N1,,[]
45,494.017501,0.3,0.015951,0.0,0.277000,70.6,10.398000,0.4,N#CC#N,,[]
45,551.957961,0.4,0.026540,0.3,0.206600,29.0,11.329000,0.8,O=CC#N,,[]
45,605.972721,0.6,0.025718,0.3,0.246900,56.4,13.622000,1.4,O=C1ON=NO1,,[]
45,612.158710,0.6,0.036943,1.0,0.155500,8.1,12.147000,0.9,O=CC=O,,[]
45,660.735473,0.9,0.028773,0.6,0.148500,5.5,18.268000,5.8,O=C1N=NON=N1,,[]
45,740.670140,1.6,0.025540,0.2,0.197700,23.7,16.955000,3.9,O=C(C#N)C#N,,[]
45,800.856456,2.2,0.035739,0.9,0.147500,5.0,18.042000,5.5,O=CC(=O)C#N,,[]
45,826.149481,2.7,0.042699,1.6,0.154300,7.5,17.906000,5.3,O=C1ON=NC=N1,,[]
45,855.199404,2.9,0.045968,2.2,0.115100,0.6,18.951000,6.6,O=CC(=O)C=O,,[]
45,1051.290467,8.0,0.045232,2.1,0.116900,0.6,24.735000,20.8,O=CC(=O)C(=O)C#N,,[]
45,1108.489211,10.5,0.055740,4.2,0.098300,0.1,25.564000,25.1,O=CC(=O)C(=O)C=O,,[]
45,1599.184049,42.4,0.126135,43.0,0.103500,0.1,23.509000,16.3,C1=C2C3C4C1C1C2C3N41,,[]
45,1646.564152,47.7,0.138452,53.5,0.096000,0.0,29.938000,55.9,O=C1[CH-]NC2=C1C[NH2+]C2,,[]
46,213.087785,0.0,0.021375,0.2,0.361500,98.4,6.002000,0.0,O,,[]
46,301.820762,0.1,0.016601,0.0,0.379600,99.0,6.278000,0.1,C#N,,[]
46,358.757206,0.1,0.026603,0.4,0.226300,44.5,6.413000,0.1,C=O,,[]
46,427.706065,0.2,0.020349,0.1,0.259800,62.6,10.401000,0.5,O1N=NN=N1,,[]
46,494.017501,0.4,0.015951,0.0,0.277000,70.2,10.398000,0.4,N#CC#N,,[]
46,551.957961,0.4,0.026540,0.4,0.206600,28.8,11.329000,0.8,O=CC#N,,[]
46,605.972721,0.6,0.025718,0.3,0.246900,56.0,13.622000,1.5,O=C1ON=NO1,,[]
46,612.158710,0.6,0.036943,1.0,0.155500,8.0,12.147000,0.9,O=CC=O,,[]
46,660.735473,0.9,0.028773,0.6,0.148500,5.5,18.268000,5.8,O=C1N=NON=N1,,[]
46,740.670140,1.5,0.025540,0.2,0.197700,23.6,16.955000,3.9,O=C(C#N)C#N,,[]
46,800.856456,2.2,0.035739,0.9,0.147500,5.0,18.042000,5.5,O=CC(=O)C#N,,[]
46,826.149481,2.7,0.042699,1.6,0.154300,7.4,17.906000,5.3,O=C1ON=NC=N1,,[]
46,855.199404,2.9,0.045968,2.2,0.115100,0.6,18.951000,6.6,O=CC(=O)C=O,,[]
46,1051.290467,7.9,0.045232,2.0,0.116900,0.6,24.735000,20.6,O=CC(=O)C(=O)C#N,,[]
46,1108.489211,10.4,0.055740,4.2,0.098300,0.1,25.564000,24.9,O=CC(=O)C(=O)C=O,,[]
46,1599.184049,42.0,0.126135,42.5,0.103500,0.1,23.509000,16.2,C1=C2C3C4C1C1C2C3N41,,[]
46,1646.564152,47.3,0.138452,53.1,0.096000,0.0,29.938000,55.6,O=C1[CH-]NC2=C1C[NH2+]C2,,[]
47,213.087785,0.0,0.021375,0.2,0.361500,98.4,6.002000,0.0,O,,[]
47,301.820762,0.1,0.016601,0.0,0.379600,99.0,6.278000,0.1,C#N,,[]
47,358.757206,0.1,0.026603,0.4,0.226300,44.4,6.413000,0.1,C=O,,[]
47,427.706065,0.3,0.020349,0.1,0.259800,62.5,10.401000,0.5,O1N=NN=N1,,[]
47,494.017501,0.4,0.015951,0.0,0.277000,70.1,10.398000,0.5,N#CC#N,,[]
47,551.957961,0.4,0.026540,0.3,0.206600,28.7,11.329000,0.8,O=CC#N,,[]
47,605.972721,0.6,0.025718,0.3,0.246900,55.9,13.622000,1.5,O=C1ON=NO1,,[]
47,612.158710,0.6,0.036943,1.0,0.155500,8.0,12.147000,0.9,O=CC=O,,[]
47,660.735473,0.9,0.028773,0.6,0.148500,5.4,18.268000,5.8,O=C1N=NON=N1,,[]
47,740.670140,1.5,0.025540,0.2,0.197700,23.5,16.955000,4.0,O=C(C#N)C#N,,[]
47,800.856456,2.2,0.035739,0.9,0.147500,5.0,18.042000,5.5,O=CC(=O)C#N,,[]
47,826.149481,2.7,0.042699,1.6,0.154300,7.4,17.906000,5.3,O=C1ON=NC=N1,,[]
47,855.199404,2.9,0.045968,2.2,0.115100,0.6,18.951000,6.6,O=CC(=O)C=O,,[]
47,1051.290467,7.9,0.045232,2.0,0.116900,0.6,24.735000,20.5,O=CC(=O)C(=O)C#N,,[]
47,1108.489211,10.4,0.055740,4.2,0.098300,0.1,25.564000,24.8,O=CC(=O)C(=O)C=O,,[]
47,1599.184049,41.8,0.126135,42.3,0.103500,0.1,23.509000,16.2,C1=C2C3C4C1C1C2C3N41,,[]
47,1646.564152,47.1,0.138452,53.0,0.096000,0.0,29.938000,55.4,O=C1[CH-]NC2=C1C[NH2+]C2,,[]
48,213.087785,0.0,0.021375,0.1,0.361500,98.4,6.002000,0.0,O,,[]
48,301.820762,0.1,0.016601,0.0,0.379600,99.0,6.278000,0.1,C#N,,[]
48,358.757206,0.1,0.026603,0.4,0.226300,44.1,6.413000,0.1,C=O,,[]
48,427.706065,0.3,0.020349,0.1,0.259800,62.2,10.401000,0.5,O1N=NN=N1,,[]
48,494.017501,0.4,0.015951,0.0,0.277000,69.8,10.398000,0.5,N#CC#N,,[]
48,551.957961,0.4,0.026540,0.3,0.206600,28.4,11.329000,0.8,O=CC#N,,[]
48,605.972721,0.6,0.025718,0.3,0.246900,55.6,13.622000,1.5,O=C1ON=NO1,,[]
48,612.158710,0.6,0.036943,1.0,0.155500,7.9,12.147000,0.9,O=CC=O,,[]
48,660.735473,0.9,0.028773,0.6,0.148500,5.3,18.268000,5.8,O=C1N=NON=N1,,[]
48,740.670140,1.6,0.025540,0.2,0.197700,23.3,16.955000,4.0,O=C(C#N)C#N,,[]
48,800.856456,2.3,0.035739,1.0,0.147500,4.9,18.042000,5.5,O=CC(=O)C#N,,[]
48,826.149481,2.7,0.042699,1.6,0.154300,7.3,17.906000,5.3,O=C1ON=NC=N1,,[]
48,855.199404,3.0,0.045968,2.2,0.115100,0.5,18.951000,6.6,O=CC(=O)C=O,,[]
48,1051.290467,8.0,0.045232,2.0,0.116900,0.6,24.735000,20.5,O=CC(=O)C(=O)C#N,,[]
48,1108.489211,10.4,0.055740,4.2,0.098300,0.1,25.564000,24.7,O=CC(=O)C(=O)C=O,,[]
48,1599.184049,41.4,0.126135,42.0,0.103500,0.1,23.509000,16.2,C1=C2C3C4C1C1C2C3N41,,[]
48,1646.564152,46.7,0.138452,52.6,0.096000,0.0,29.938000,55.1,O=C1[CH-]NC2=C1C[NH2+]C2,,[]
49,213.087785,0.0,0.021375,0.1,0.361500,98.4,6.002000,0.0,O,,[]
49,301.820762,0.1,0.016601,0.0,0.379600,99.0,6.278000,0.1,C#N,,[]
49,358.757206,0.1,0.026603,0.4,0.226300,43.9,6.413000,0.1,C=O,,[]
49,427.706065,0.2,0.020349,0.1,0.259800,62.0,10.401000,0.5,O1N=NN=N1,,[]
49,494.017501,0.4,0.015951,0.0,0.277000,69.6,10.398000,0.5,N#CC#N,,[]
49,551.957961,0.4,0.026540,0.3,0.206600,28.1,11.329000,0.8,O=CC#N,,[]
49,605.972721,0.6,0.025718,0.3,0.246900,55.4,13.622000,1.5,O=C1ON=NO1,,[]
49,612.158710,0.6,0.036943,1.0,0.155500,7.8,12.147000,0.9,O=CC=O,,[]
49,660.735473,0.8,0.028773,0.6,0.148500,5.3,18.268000,5.8,O=C1N=NON=N1,,[]
49,740.670140,1.5,0.025540,0.2,0.197700,23.0,16.955000,4.0,O=C(C#N)C#N,,[]
49,800.856456,2.2,0.035739,0.9,0.147500,4.9,18.042000,5.6,O=CC(=O)C#N,,[]
49,826.149481,2.7,0.042699,1.6,0.154300,7.2,17.906000,5.3,O=C1ON=NC=N1,,[]
49,855.199404,3.0,0.045968,2.1,0.115100,0.5,18.951000,6.6,O=CC(=O)C=O,,[]
49,1051.290467,8.0,0.045232,2.0,0.116900,0.6,24.735000,20.5,O=CC(=O)C(=O)C#N,,[]
49,1108.489211,10.4,0.055740,4.2,0.098300,0.1,25.564000,24.6,O=CC(=O)C(=O)C=O,,[]
49,1599.184049,41.1,0.126135,41.7,0.103500,0.1,23.509000,16.2,C1=C2C3C4C1C1C2C3N41,,[]
49,1646.564152,46.4,0.138452,52.3,0.096000,0.0,29.938000,54.7,O=C1[CH-]NC2=C1C[NH2+]C2,,[]
50,213.087785,0.0,0.021375,0.1,0.361500,98.4,6.002000,0.0,O,,[]
50,301.820762,0.1,0.016601,0.0,0.379600,99.0,6.278000,0.1,C#N,,[]
50,358.757206,0.1,0.026603,0.4,0.226300,43.6,6.413000,0.1,C=O,,[]
50,427.706065,0.3,0.020349,0.1,0.259800,61.7,10.401000,0.5,O1N=NN=N1,,[]
50,494.017501,0.4,0.015951,0.0,0.277000,69.5,10.398000,0.5,N#CC#N,,[]
50,551.957961,0.4,0.026540,0.3,0.206600,28.0,11.329000,0.8,O=CC#N,,[]
50,605.972721,0.6,0.025718,0.3,0.246900,55.1,13.622000,1.5,O=C1ON=NO1,,[]
50,612.158710,0.6,0.036943,1.0,0.155500,7.7,12.147000,0.9,O=CC=O,,[]
50,660.735473,0.8,0.028773,0.6,0.148500,5.3,18.268000,5.9,O=C1N=NON=N1,,[]
50,740.670140,1.5,0.025540,0.2,0.197700,22.9,16.955000,4.1,O=C(C#N)C#N,,[]
50,800.856456,2.2,0.035739,1.0,0.147500,4.9,18.042000,5.6,O=CC(=O)C#N,,[]
50,826.149481,2.7,0.042699,1.6,0.154300,7.1,17.906000,5.4,O=C1ON=NC=N1,,[]
50,855.199404,3.0,0.045968,2.1,0.115100,0.5,18.951000,6.7,O=CC(=O)C=O,,[]
50,1051.290467,8.0,0.045232,2.0,0.116900,0.6,24.735000,20.5,O=CC(=O)C(=O)C#N,,[]
50,1108.489211,10.5,0.055740,4.2,0.098300,0.1,25.564000,24.7,O=CC(=O)C(=O)C=O,,[]
50,1599.184049,40.9,0.126135,41.5,0.103500,0.1,23.509000,16.3,C1=C2C3C4C1C1C2C3N41,,[]
50,1646.564152,46.1,0.138452,52.0,0.096000,0.0,29.938000,54.5,O=C1[CH-]NC2=C1C[NH2+]C2,,[]
51,213.087785,0.0,0.021375,0.1,0.361500,98.4,6.002000,0.0,O,,[]
51,301.820762,0.1,0.016601,0.0,0.379600,99.0,6.278000,0.1,C#N,,[]
51,358.757206,0.1,0.026603,0.4,0.226300,43.5,6.413000,0.1,C=O,,[]
51,427.706065,0.3,0.020349,0.1,0.259800,61.6,10.401000,0.5,O1N=NN=N1,,[]
51,494.017501,0.4,0.015951,0.0,0.277000,69.4,10.398000,0.5,N#CC#N,,[]
51,551.957961,0.4,0.026540,0.3,0.206600,27.8,11.329000,0.8,O=CC#N,,[]
51,605.972721,0.6,0.025718,0.3,0.246900,55.0,13.622000,1.5,O=C1ON=NO1,,[]
51,612.158710,0.7,0.036943,1.0,0.155500,7.7,12.147000,1.0,O=CC=O,,[]
51,660.735473,0.9,0.028773,0.6,0.148500,5.2,18.268000,5.9,O=C1N=NON=N1,,[]
51,740.670140,1.5,0.025540,0.2,0.197700,22.7,16.955000,4.0,O=C(C#N)C#N,,[]
51,800.856456,2.2,0.035739,1.0,0.147500,4.8,18.042000,5.6,O=CC(=O)C#N,,[]
51,826.149481,2.7,0.042699,1.6,0.154300,7.1,17.906000,5.4,O=C1ON=NC=N1,,[]
51,855.199404,3.0,0.045968,2.1,0.115100,0.5,18.951000,6.7,O=CC(=O)C=O,,[]
51,1051.290467,7.9,0.045232,2.0,0.116900,0.6,24.735000,20.4,O=CC(=O)C(=O)C#N,,[]
51,1108.489211,10.4,0.055740,4.2,0.098300,0.1,25.564000,24.5,O=CC(=O)C(=O)C=O,,[]
51,1599.184049,40.6,0.126135,41.3,0.103500,0.1,23.509000,16.2,C1=C2C3C4C1C1C2C3N41,,[]
51,1646.564152,45.9,0.138452,51.8,0.096000,0.0,29.938000,54.3,O=C1[CH-]NC2=C1C[NH2+]C2,,[]
52,213.087785,0.0,0.021375,0.1,0.361500,98.4,6.002000,0.0,O,,[]
52,301.820762,0.1,0.016601,0.0,0.379600,99.0,6.278000,0.1,C#N,,[]
52,358.757206,0.1,0.026603,0.4,0.226300,43.4,6.413000,0.1,C=O,,[]
52,427.706065,0.3,0.020349,0.1,0.259800,61.4,10.401000,0.5,O1N=NN=N1,,[]
52,494.017501,0.4,0.015951,0.0,0.277000,69.3,10.398000,0.5,N#CC#N,,[]
52,551.957961,0.4,0.026540,0.3,0.206600,27.7,11.329000,0.8,O=CC#N,,[]
52,605.972721,0.6,0.025718,0.3,0.246900,54.8,13.622000,1.5,O=C1ON=NO1,,[]
52,612.158710,0.7,0.036943,1.0,0.155500,7.7,12.147000,1.0,O=CC=O,,[]
52,660.735473,0.9,0.028773,0.6,0.148500,5.2,18.268000,5.8,O=C1N=NON=N1,,[]
52,740.670140,1.5,0.025540,0.2,0.197700,22.6,16.955000,4.0,O=C(C#N)C#N,,[]
52,800.856456,2.2,0.035739,1.0,0.147500,4.8,18.042000,5.6,O=CC(=O)C#N,,[]
52,826.149481,2.6,0.042699,1.6,0.154300,7.1,17.906000,5.3,O=C1ON=NC=N1,,[]
52,855.199404,2.9,0.045968,2.1,0.115100,0.5,18.951000,6.6,O=CC(=O)C=O,,[]
52,1051.290467,7.9,0.045232,2.0,0.116900,0.6,24.735000,20.2,O=CC(=O)C(=O)C#N,,[]
52,1108.489211,10.3,0.055740,4.2,0.098300,0.1,25.564000,24.3,O=CC(=O)C(=O)C=O,,[]
52,1599.184049,40.3,0.126135,41.0,0.103500,0.1,23.509000,16.1,C1=C2C3C4C1C1C2C3N41,,[]
52,1646.564152,45.6,0.138452,51.4,0.096000,0.0,29.938000,54.1,O=C1[CH-]NC2=C1C[NH2+]C2,,[]
53,213.087785,0.0,0.021375,0.1,0.361500,98.4,6.002000,0.0,O,,[]
53,301.820762,0.1,0.016601,0.0,0.379600,99.0,6.278000,0.1,C#N,,[]
53,358.757206,0.1,0.026603,0.4,0.226300,43.1,6.413000,0.1,C=O,,[]
53,427.706065,0.3,0.020349,0.1,0.259800,61.2,10.401000,0.5,O1N=NN=N1,,[]
53,494.017501,0.4,0.015951,0.0,0.277000,69.0,10.398000,0.5,N#CC#N,,[]
53,551.957961,0.4,0.026540,0.3,0.206600,27.4,11.329000,0.8,O=CC#N,,[]
53,605.972721,0.6,0.025718,0.3,0.246900,54.5,13.622000,1.4,O=C1ON=NO1,,[]
53,612.158710,0.6,0.036943,1.0,0.155500,7.6,12.147000,0.9,O=CC=O,,[]
53,660.735473,0.9,0.028773,0.6,0.148500,5.1,18.268000,5.8,O=C1N=NON=N1,,[]
53,740.670140,1.5,0.025540,0.2,0.197700,22.4,16.955000,4.0,O=C(C#N)C#N,,[]
53,800.856456,2.2,0.035739,1.0,0.147500,4.7,18.042000,5.5,O=CC(=O)C#N,,[]
53,826.149481,2.6,0.042699,1.6,0.154300,7.0,17.906000,5.3,O=C1ON=NC=N1,,[]
53,855.199404,2.9,0.045968,2.1,0.115100,0.5,18.951000,6.5,O=CC(=O)C=O,,[]
53,1051.290467,7.8,0.045232,2.0,0.116900,0.6,24.735000,20.2,O=CC(=O)C(=O)C#N,,[]
53,1108.489211,10.3,0.055740,4.1,0.098300,0.1,25.564000,24.2,O=CC(=O)C(=O)C=O,,[]
53,1599.184049,40.1,0.126135,40.7,0.103500,0.1,23.509000,16.1,C1=C2C3C4C1C1C2C3N41,,[]
53,1646.564152,45.3,0.138452,51.0,0.096000,0.0,29.938000,53.8,O=C1[CH-]NC2=C1C[NH2+]C2,,[]
54,213.087785,0.0,0.021375,0.1,0.361500,98.4,6.002000,0.0,O,,[]
54,301.820762,0.1,0.016601,0.1,0.379600,99.0,6.278000,0.1,C#N,,[]
54,358.757206,0.1,0.026603,0.4,0.226300,42.8,6.413000,0.1,C=O,,[]
54,427.706065,0.3,0.020349,0.1,0.259800,61.0,10.401000,0.5,O1N=NN=N1,,[]
54,494.017501,0.4,0.015951,0.0,0.277000,68.9,10.398000,0.5,N#CC#N,,[]
54,551.957961,0.4,0.026540,0.3,0.206600,27.2,11.329000,0.8,O=CC#N,,[]
54,605.972721,0.6,0.025718,0.3,0.246900,54.3,13.622000,1.5,O=C1ON=NO1,,[]
54,612.158710,0.7,0.036943,1.0,0.155500,7.6,12.147000,1.0,O=CC=O,,[]
54,660.735473,0.9,0.028773,0.6,0.148500,5.1,18.268000,5.8,O=C1N=NON=N1,,[]
54,740.670140,1.5,0.025540,0.2,0.197700,22.2,16.955000,4.1,O=C(C#N)C#N,,[]
54,800.856456,2.2,0.035739,1.0,0.147500,4.7,18.042000,5.6,O=CC(=O)C#N,,[]
54,826.149481,2.6,0.042699,1.6,0.154300,7.0,17.906000,5.3,O=C1ON=NC=N1,,[]
54,855.199404,2.9,0.045968,2.2,0.115100,0.5,18.951000,6.6,O=CC(=O)C=O,,[]
54,1051.290467,7.9,0.045232,2.0,0.116900,0.6,24.735000,20.2,O=CC(=O)C(=O)C#N,,[]
54,1108.489211,10.3,0.055740,4.1,0.098300,0.1,25.564000,24.1,O=CC(=O)C(=O)C=O,,[]
54,1599.184049,39.8,0.126135,40.4,0.103500,0.1,23.509000,16.1,C1=C2C3C4C1C1C2C3N41,,[]
54,1646.564152,45.0,0.138452,50.7,0.096000,0.0,29.938000,53.5,O=C1[CH-]NC2=C1C[NH2+]C2,,[]
55,213.087785,0.0,0.021375,0.1,0.361500,98.4,6.002000,0.0,O,,[]
55,301.820762,0.1,0.016601,0.1,0.379600,99.0,6.278000,0.1,C#N,,[]
55,358.757206,0.1,0.026603,0.4,0.226300,42.7,6.413000,0.1,C=O,,[]
55,427.706065,0.3,0.020349,0.1,0.259800,60.9,10.401000,0.5,O1N=NN=N1,,[]
55,494.017501,0.4,0.015951,0.0,0.277000,68.8,10.398000,0.5,N#CC#N,,[]
55,551.957961,0.4,0.026540,0.3,0.206600,27.1,11.329000,0.8,O=CC#N,,[]
55,605.972721,0.6,0.025718,0.3,0.246900,54.1,13.622000,1.5,O=C1ON=NO1,,[]
55,612.158710,0.7,0.036943,1.0,0.155500,7.5,12.147000,1.0,O=CC=O,,[]
55,660.735473,0.9,0.028773,0.6,0.148500,5.1,18.268000,5.8,O=C1N=NON=N1,,[]
55,740.670140,1.5,0.025540,0.2,0.197700,22.1,16.955000,4.0,O=C(C#N)C#N,,[]
55,800.856456,2.2,0.035739,1.0,0.147500,4.7,18.042000,5.6,O=CC(=O)C#N,,[]
55,826.149481,2.6,0.042699,1.6,0.154300,6.9,17.906000,5.3,O=C1ON=NC=N1,,[]
55,855.199404,2.9,0.045968,2.1,0.115100,0.5,18.951000,6.6,O=CC(=O)C=O,,[]
55,1051.290467,7.8,0.045232,2.0,0.116900,0.6,24.735000,20.0,O=CC(=O)C(=O)C#N,,[]
55,1108.489211,10.2,0.055740,4.1,0.098300,0.1,25.564000,23.9,O=CC(=O)C(=O)C=O,,[]
55,1599.184049,39.5,0.126135,40.1,0.103500,0.1,23.509000,16.0,C1=C2C3C4C1C1C2C3N41,,[]
55,1646.564152,44.7,0.138452,50.5,0.096000,0.0,29.938000,53.3,O=C1[CH-]NC2=C1C[NH2+]C2,,[]
56,213.087785,0.0,0.021375,0.1,0.361500,98.4,6.002000,0.0,O,,[]
56,301.820762,0.1,0.016601,0.1,0.379600,99.1,6.278000,0.1,C#N,,[]
56,358.757206,0.1,0.026603,0.4,0.226300,42.4,6.413000,0.1,C=O,,[]
56,427.706065,0.3,0.020349,0.1,0.259800,60.7,10.401000,0.5,O1N=NN=N1,,[]
56,494.017501,0.4,0.015951,0.0,0.277000,68.6,10.398000,0.5,N#CC#N,,[]
56,551.957961,0.4,0.026540,0.3,0.206600,27.0,11.329000,0.8,O=CC#N,,[]
56,605.972721,0.6,0.025718,0.3,0.246900,53.9,13.622000,1.5,O=C1ON=NO1,,[]
56,612.158710,0.7,0.036943,1.0,0.155500,7.5,12.147000,1.0,O=CC=O,,[]
56,660.735473,0.9,0.028773,0.6,0.148500,5.1,18.268000,5.7,O=C1N=NON=N1,,[]
56,740.670140,1.5,0.025540,0.2,0.197700,21.9,16.955000,4.0,O=C(C#N)C#N,,[]
56,800.856456,2.2,0.035739,1.0,0.147500,4.7,18.042000,5.5,O=CC(=O)C#N,,[]
56,826.149481,2.6,0.042699,1.6,0.154300,6.9,17.906000,5.3,O=C1ON=NC=N1,,[]
56,855.199404,2.9,0.045968,2.1,0.115100,0.5,18.951000,6.5,O=CC(=O)C=O,,[]
56,1051.290467,7.8,0.045232,2.0,0.116900,0.6,24.735000,19.9,O=CC(=O)C(=O)C#N,,[]
56,1108.489211,10.1,0.055740,4.1,0.098300,0.1,25.564000,23.8,O=CC(=O)C(=O)C=O,,[]
56,1599.184049,39.3,0.126135,39.7,0.103500,0.1,23.509000,15.9,C1=C2C3C4C1C1C2C3N41,,[]
56,1646.564152,44.5,0.138452,50.2,0.096000,0.0,29.938000,53.0,O=C1[CH-]NC2=C1C[NH2+]C2,,[]
57,213.087785,0.0,0.021375,0.1,0.361500,98.5,6.002000,0.0,O,,[]
57,301.820762,0.1,0.016601,0.1,0.379600,99.1,6.278000,0.1,C#N,,[]
57,358.757206,0.1,0.026603,0.4,0.226300,42.2,6.413000,0.1,C=O,,[]
57,427.706065,0.3,0.020349,0.1,0.259800,60.5,10.401000,0.5,O1N=NN=N1,,[]
57,494.017501,0.4,0.015951,0.0,0.277000,68.5,10.398000,0.5,N#CC#N,,[]
57,551.957961,0.4,0.026540,0.3,0.206600,26.8,11.329000,0.8,O=CC#N,,[]
57,605.972721,0.6,0.025718,0.3,0.246900,53.6,13.622000,1.5,O=C1ON=NO1,,[]
57,612.158710,0.7,0.036943,1.0,0.155500,7.4,12.147000,1.0,O=CC=O,,[]
57,660.735473,0.9,0.028773,0.6,0.148500,5.0,18.268000,5.8,O=C1N=NON=N1,,[]
57,740.670140,1.5,0.025540,0.2,0.197700,21.9,16.955000,4.0,O=C(C#N)C#N,,[]
57,800.856456,2.2,0.035739,1.0,0.147500,4.6,18.042000,5.5,O=CC(=O)C#N,,[]
57,826.149481,2.6,0.042699,1.6,0.154300,6.9,17.906000,5.3,O=C1ON=NC=N1,,[]
57,855.199404,2.9,0.045968,2.1,0.115100,0.5,18.951000,6.5,O=CC(=O)C=O,,[]
57,1051.290467,7.7,0.045232,2.0,0.116900,0.5,24.735000,19.8,O=CC(=O)C(=O)C#N,,[]
57,1108.489211,10.1,0.055740,4.0,0.098300,0.1,25.564000,23.6,O=CC(=O)C(=O)C=O,,[]
57,1599.184049,39.0,0.126135,39.5,0.103500,0.1,23.509000,15.8,C1=C2C3C4C1C1C2C3N41,,[]
57,1646.564152,44.3,0.138452,49.9,0.096000,0.0,29.938000,52.8,O=C1[CH-]NC2=C1C[NH2+]C2,,[]
58,213.087785,0.0,0.021375,0.2,0.361500,98.5,6.002000,0.0,O,,[]
58,301.820762,0.1,0.016601,0.1,0.379600,99.0,6.278000,0.1,C#N,,[]
58,358.757206,0.1,0.026603,0.4,0.226300,42.2,6.413000,0.1,C=O,,[]
58,427.706065,0.3,0.020349,0.1,0.259800,60.5,10.401000,0.5,O1N=NN=N1,,[]
58,494.017501,0.4,0.015951,0.0,0.277000,68.4,10.398000,0.5,N#CC#N,,[]
58,551.957961,0.5,0.026540,0.3,0.206600,26.8,11.329000,0.8,O=CC#N,,[]
58,605.972721,0.6,0.025718,0.3,0.246900,53.5,13.622000,1.5,O=C1ON=NO1,,[]
58,612.158710,0.7,0.036943,1.0,0.155500,7.4,12.147000,1.0,O=CC=O,,[]
58,660.735473,0.9,0.028773,0.6,0.148500,5.0,18.268000,5.8,O=C1N=NON=N1,,[]
58,740.670140,1.5,0.025540,0.2,0.197700,21.9,16.955000,4.1,O=C(C#N)C#N,,[]
58,800.856456,2.2,0.035739,1.0,0.147500,4.6,18.042000,5.6,O=CC(=O)C#N,,[]
58,826.149481,2.6,0.042699,1.6,0.154300,6.8,17.906000,5.3,O=C1ON=NC=N1,,[]
58,855.199404,2.9,0.045968,2.1,0.115100,0.5,18.951000,6.5,O=CC(=O)C=O,,[]
58,1051.290467,7.7,0.045232,2.0,0.116900,0.6,24.735000,19.8,O=CC(=O)C(=O)C#N,,[]
58,1108.489211,10.1,0.055740,4.0,0.098300,0.1,25.564000,23.6,O=CC(=O)C(=O)C=O,,[]
58,1599.184049,38.8,0.126135,39.3,0.103500,0.1,23.509000,15.8,C1=C2C3C4C1C1C2C3N41,,[]
58,1646.564152,44.1,0.138452,49.8,0.096000,0.0,29.938000,52.6,O=C1[CH-]NC2=C1C[NH2+]C2,,[]
59,213.087785,0.0,0.021375,0.2,0.361500,98.5,6.002000,0.0,O,,[]
59,301.820762,0.1,0.016601,0.1,0.379600,99.1,6.278000,0.1,C#N,,[]
59,358.757206,0.1,0.026603,0.4,0.226300,41.9,6.413000,0.1,C=O,,[]
59,427.706065,0.3,0.020349,0.1,0.259800,60.2,10.401000,0.5,O1N=NN=N1,,[]
59,494.017501,0.4,0.015951,0.0,0.277000,68.2,10.398000,0.5,N#CC#N,,[]
59,551.957961,0.4,0.026540,0.3,0.206600,26.6,11.329000,0.8,O=CC#N,,[]
59,605.972721,0.6,0.025718,0.3,0.246900,53.3,13.622000,1.5,O=C1ON=NO1,,[]
59,612.158710,0.7,0.036943,1.0,0.155500,7.3,12.147000,1.0,O=CC=O,,[]
59,660.735473,0.9,0.028773,0.6,0.148500,5.0,18.268000,5.8,O=C1N=NON=N1,,[]
59,740.670140,1.5,0.025540,0.2,0.197700,21.7,16.955000,4.1,O=C(C#N)C#N,,[]
59,800.856456,2.2,0.035739,1.0,0.147500,4.6,18.042000,5.6,O=CC(=O)C#N,,[]
59,826.149481,2.6,0.042699,1.6,0.154300,6.8,17.906000,5.3,O=C1ON=NC=N1,,[]
59,855.199404,2.9,0.045968,2.1,0.115100,0.5,18.951000,6.5,O=CC(=O)C=O,,[]
59,1051.290467,7.7,0.045232,2.0,0.116900,0.6,24.735000,19.8,O=CC(=O)C(=O)C#N,,[]
59,1108.489211,10.1,0.055740,4.0,0.098300,0.1,25.564000,23.5,O=CC(=O)C(=O)C=O,,[]
59,1599.184049,38.6,0.126135,39.1,0.103500,0.1,23.509000,15.8,C1=C2C3C4C1C1C2C3N41,,[]
59,1646.564152,43.9,0.138452,49.6,0.096000,0.0,29.938000,52.4,O=C1[CH-]NC2=C1C[NH2+]C2,,[]
60,213.087785,0.0,0.021375,0.2,0.361500,98.5,6.002000,0.0,O,,[]
60,301.820762,0.1,0.016601,0.1,0.379600,99.1,6.278000,0.1,C#N,,[]
60,358.757206,0.1,0.026603,0.4,0.226300,41.9,6.413000,0.1,C=O,,[]
60,427.706065,0.3,0.020349,0.2,0.259800,60.2,10.401000,0.5,O1N=NN=N1,,[]
60,494.017501,0.4,0.015951,0.0,0.277000,68.3,10.398000,0.5,N#CC#N,,[]
60,551.957961,0.5,0.026540,0.3,0.206600,26.7,11.329000,0.8,O=CC#N,,[]
60,605.972721,0.6,0.025718,0.3,0.246900,53.2,13.622000,1.4,O=C1ON=NO1,,[]
60,612.158710,0.7,0.036943,1.1,0.155500,7.3,12.147000,1.0,O=CC=O,,[]
60,660.735473,0.9,0.028773,0.6,0.148500,5.0,18.268000,5.7,O=C1N=NON=N1,,[]
60,740.670140,1.5,0.025540,0.3,0.197700,21.7,16.955000,4.0,O=C(C#N)C#N,,[]
60,800.856456,2.1,0.035739,1.0,0.147500,4.6,18.042000,5.5,O=CC(=O)C#N,,[]
60,826.149481,2.6,0.042699,1.6,0.154300,6.8,17.906000,5.3,O=C1ON=NC=N1,,[]
60,855.199404,2.9,0.045968,2.1,0.115100,0.5,18.951000,6.5,O=CC(=O)C=O,,[]
60,1051.290467,7.7,0.045232,2.0,0.116900,0.6,24.735000,19.6,O=CC(=O)C(=O)C#N,,[]
60,1108.489211,10.0,0.055740,4.0,0.098300,0.1,25.564000,23.4,O=CC(=O)C(=O)C=O,,[]
60,1599.184049,38.4,0.126135,38.9,0.103500,0.1,23.509000,15.7,C1=C2C3C4C1C1C2C3N41,,[]
60,1646.564152,43.6,0.138452,49.4,0.096000,0.0,29.938000,52.3,O=C1[CH-]NC2=C1C[NH2+]C2,,[]
61,213.087785,0.0,0.021375,0.2,0.361500,98.5,6.002000,0.0,O,,[]
61,301.820762,0.1,0.016601,0.0,0.379600,99.1,6.278000,0.1,C#N,,[]
61,358.757206,0.1,0.026603,0.4,0.226300,41.8,6.413000,0.1,C=O,,[]
61,427.706065,0.3,0.020349,0.1,0.259800,60.1,10.401000,0.5,O1N=NN=N1,,[]
61,494.017501,0.4,0.015951,0.0,0.277000,68.2,10.398000,0.5,N#CC#N,,[]
61,551.957961,0.5,0.026540,0.3,0.206600,26.5,11.329000,0.8,O=CC#N,,[]
61,605.972721,0.6,0.025718,0.3,0.246900,53.1,13.622000,1.4,O=C1ON=NO1,,[]
61,612.158710,0.7,0.036943,1.1,0.155500,7.3,12.147000,1.0,O=CC=O,,[]
61,660.735473,0.9,0.028773,0.6,0.148500,5.0,18.268000,5.7,O=C1N=NON=N1,,[]
61,740.670140,1.5,0.025540,0.3,0.197700,21.5,16.955000,4.0,O=C(C#N)C#N,,[]
61,800.856456,2.1,0.035739,1.0,0.147500,4.6,18.042000,5.5,O=CC(=O)C#N,,[]
61,826.149481,2.6,0.042699,1.6,0.154300,6.7,17.906000,5.3,O=C1ON=NC=N1,,[]
61,855.199404,2.9,0.045968,2.1,0.115100,0.5,18.951000,6.4,O=CC(=O)C=O,,[]
61,1051.290467,7.7,0.045232,2.0,0.116900,0.6,24.735000,19.5,O=CC(=O)C(=O)C#N,,[]
61,1108.489211,10.0,0.055740,4.0,0.098300,0.0,25.564000,23.2,O=CC(=O)C(=O)C=O,,[]
61,1599.184049,38.2,0.126135,38.7,0.103500,0.1,23.509000,15.6,C1=C2C3C4C1C1C2C3N41,,[]
61,1646.564152,43.4,0.138452,49.2,0.096000,0.0,29.938000,52.1,O=C1[CH-]NC2=C1C[NH2+]C2,,[]
62,213.087785,0.0,0.021375,0.2,0.361500,98.5,6.002000,0.0,O,,[]
62,301.820762,0.1,0.016601,0.0,0.379600,99.1,6.278000,0.1,C#N,,[]
62,358.757206,0.1,0.026603,0.4,0.226300,41.7,6.413000,0.1,C=O,,[]
62,427.706065,0.3,0.020349,0.1,0.259800,60.0,10.401000,0.5,O1N=NN=N1,,[]
62,494.017501,0.4,0.015951,0.0,0.277000,68.1,10.398000,0.5,N#CC#N,,[]
62,551.957961,0.5,0.026540,0.3,0.206600,26.4,11.329000,0.8,O=CC#N,,[]
62,605.972721,0.6,0.025718,0.3,0.246900,53.0,13.622000,1.4,O=C1ON=NO1,,[]
62,612.158710,0.7,0.036943,1.1,0.155500,7.2,12.147000,1.0,O=CC=O,,[]
62,660.735473,0.9,0.028773,0.6,0.148500,4.9,18.268000,5.7,O=C1N=NON=N1,,[]
62,740.670140,1.5,0.025540,0.3,0.197700,21.4,16.955000,4.0,O=C(C#N)C#N,,[]
62,788.113621,2.0,0.051463,2.7,0.135500,1.7,14.117000,1.5,C1=NN=CN=N1,,[]
62,800.856456,2.1,0.035739,1.0,0.147500,4.6,18.042000,5.5,O=CC(=O)C#N,,[]
62,826.149481,2.6,0.042699,1.6,0.154300,6.7,17.906000,5.2,O=C1ON=NC=N1,,[]
62,855.199404,2.9,0.045968,2.1,0.115100,0.5,18.951000,6.4,O=CC(=O)C=O,,[]
62,1051.290467,7.6,0.045232,2.0,0.116900,0.6,24.735000,19.5,O=CC(=O)C(=O)C#N,,[]
62,1108.489211,9.9,0.055740,4.0,0.098300,0.0,25.564000,23.1,O=CC(=O)C(=O)C=O,,[]
62,1599.184049,37.9,0.126135,38.4,0.103500,0.1,23.509000,15.5,C1=C2C3C4C1C1C2C3N41,,[]
62,1646.564152,43.1,0.138452,49.0,0.096000,0.0,29.938000,51.8,O=C1[CH-]NC2=C1C[NH2+]C2,,[]
63,213.087785,0.0,0.021375,0.2,0.361500,98.5,6.002000,0.0,O,,[]
63,301.820762,0.1,0.016601,0.0,0.379600,99.1,6.278000,0.1,C#N,,[]
63,358.757206,0.1,0.026603,0.4,0.226300,41.6,6.413000,0.1,C=O,,[]
63,427.706065,0.3,0.020349,0.1,0.259800,60.1,10.401000,0.5,O1N=NN=N1,,[]
63,494.017501,0.4,0.015951,0.0,0.277000,68.1,10.398000,0.5,N#CC#N,,[]
63,551.957961,0.5,0.026540,0.4,0.206600,26.2,11.329000,0.8,O=CC#N,,[]
63,605.972721,0.7,0.025718,0.3,0.246900,52.9,13.622000,1.5,O=C1ON=NO1,,[]
63,612.158710,0.7,0.036943,1.1,0.155500,7.2,12.147000,1.0,O=CC=O,,[]
63,660.735473,0.9,0.028773,0.6,0.148500,4.9,18.268000,5.7,O=C1N=NON=N1,,[]
63,740.670140,1.5,0.025540,0.3,0.197700,21.2,16.955000,4.0,O=C(C#N)C#N,,[]
63,788.113621,2.0,0.051463,2.7,0.135500,1.7,14.117000,1.6,C1=NN=CN=N1,,[]
63,800.856456,2.2,0.035739,1.0,0.147500,4.5,18.042000,5.5,O=CC(=O)C#N,,[]
63,826.149481,2.6,0.042699,1.6,0.154300,6.6,17.906000,5.2,O=C1ON=NC=N1,,[]
63,855.199404,2.9,0.045968,2.1,0.115100,0.5,18.951000,6.4,O=CC(=O)C=O,,[]
63,1051.290467,7.6,0.045232,2.0,0.116900,0.5,24.735000,19.3,O=CC(=O)C(=O)C#N,,[]
63,1108.489211,9.8,0.055740,4.0,0.098300,0.0,25.564000,22.9,O=CC(=O)C(=O)C=O,,[]
63,1599.184049,37.7,0.126135,38.2,0.103500,0.1,23.509000,15.4,C1=C2C3C4C1C1C2C3N41,,[]
63,1646.564152,42.9,0.138452,48.8,0.096000,0.0,29.938000,51.5,O=C1[CH-]NC2=C1C[NH2+]C2,,[]
64,213.087785,0.0,0.021375,0.2,0.361500,98.5,6.002000,0.0,O,,[]
64,301.820762,0.1,0.016601,0.0,0.379600,99.1,6.278000,0.1,C#N,,[]
64,358.757206,0.1,0.026603,0.4,0.226300,41.5,6.413000,0.1,C=O,,[]
64,427.706065,0.3,0.020349,0.1,0.259800,59.8,10.401000,0.5,O1N=NN=N1,,[]
64,494.017501,0.4,0.015951,0.0,0.277000,68.0,10.398000,0.5,N#CC#N,,[]
64,551.957961,0.5,0.026540,0.3,0.206600,26.1,11.329000,0.8,O=CC#N,,[]
64,605.972721,0.7,0.025718,0.3,0.246900,52.7,13.622000,1.5,O=C1ON=NO1,,[]
64,612.158710,0.7,0.036943,1.1,0.155500,7.2,12.147000,1.0,O=CC=O,,[]
64,660.735473,0.9,0.028773,0.6,0.148500,4.9,18.268000,5.6,O=C1N=NON=N1,,[]
64,740.670140,1.5,0.025540,0.3,0.197700,21.1,16.955000,4.0,O=C(C#N)C#N,,[]
64,788.113621,2.0,0.051463,2.7,0.135500,1.7,14.117000,1.5,C1=NN=CN=N1,,[]
64,800.856456,2.2,0.035739,1.0,0.147500,4.5,18.042000,5.4,O=CC(=O)C#N,,[]
64,826.149481,2.6,0.042699,1.6,0.154300,6.6,17.906000,5.2,O=C1ON=NC=N1,,[]
64,855.199404,2.9,0.045968,2.1,0.115100,0.5,18.951000,6.3,O=CC(=O)C=O,,[]
64,1051.290467,7.5,0.045232,2.0,0.116900,0.6,24.735000,19.2,O=CC(=O)C(=O)C#N,,[]
64,1108.489211,9.8,0.055740,4.0,0.098300,0.0,25.564000,22.8,O=CC(=O)C(=O)C=O,,[]
64,1599.184049,37.5,0.126135,37.9,0.103500,0.1,23.509000,15.4,C1=C2C3C4C1C1C2C3N41,,[]
64,1646.564152,42.7,0.138452,48.6,0.096000,0.0,29.938000,51.4,O=C1[CH-]NC2=C1C[NH2+]C2,,[]
65,213.087785,0.0,0.021375,0.2,0.361500,98.6,6.002000,0.0,O,,[]
65,301.820762,0.1,0.016601,0.0,0.379600,99.1,6.278000,0.1,C#N,,[]
65,358.757206,0.1,0.026603,0.4,0.226300,41.3,6.413000,0.1,C=O,,[]
65,427.706065,0.3,0.020349,0.1,0.259800,59.7,10.401000,0.5,O1N=NN=N1,,[]
65,494.017501,0.4,0.015951,0.0,0.277000,67.8,10.398000,0.5,N#CC#N,,[]
65,551.957961,0.5,0.026540,0.3,0.206600,25.9,11.329000,0.8,O=CC#N,,[]
65,605.972721,0.7,0.025718,0.3,0.246900,52.5,13.622000,1.5,O=C1ON=NO1,,[]
65,612.158710,0.7,0.036943,1.1,0.155500,7.2,12.147000,1.0,O=CC=O,,[]
65,660.735473,0.9,0.028773,0.6,0.148500,4.9,18.268000,5.6,O=C1N=NON=N1,,[]
65,740.670140,1.5,0.025540,0.3,0.197700,21.0,16.955000,4.0,O=C(C#N)C#N,,[]
65,788.113621,2.0,0.051463,2.7,0.135500,1.8,14.117000,1.5,C1=NN=CN=N1,,[]
65,800.856456,2.2,0.035739,1.0,0.147500,4.5,18.042000,5.4,O=CC(=O)C#N,,[]
65,826.149481,2.6,0.042699,1.6,0.154300,6.7,17.906000,5.2,O=C1ON=NC=N1,,[]
65,855.199404,2.9,0.045968,2.1,0.115100,0.5,18.951000,6.3,O=CC(=O)C=O,,[]
65,1051.290467,7.5,0.045232,2.0,0.116900,0.6,24.735000,19.1,O=CC(=O)C(=O)C#N,,[]
65,1108.489211,9.7,0.055740,4.0,0.098300,0.0,25.564000,22.6,O=CC(=O)C(=O)C=O,,[]
65,1599.184049,37.2,0.126135,37.7,0.103500,0.1,23.509000,15.2,C1=C2C3C4C1C1C2C3N41,,[]
65,1646.564152,42.4,0.138452,48.3,0.096000,0.0,29.938000,51.1,O=C1[CH-]NC2=C1C[NH2+]C2,,[]
66,213.087785,0.0,0.021375,0.2,0.361500,98.5,6.002000,0.0,O,,[]
66,301.820762,0.1,0.016601,0.0,0.379600,99.1,6.278000,0.1,C#N,,[]
66,358.757206,0.1,0.026603,0.4,0.226300,41.2,6.413000,0.1,C=O,,[]
66,427.706065,0.3,0.020349,0.1,0.259800,59.5,10.401000,0.5,O1N=NN=N1,,[]
66,494.017501,0.4,0.015951,0.0,0.277000,67.7,10.398000,0.5,N#CC#N,,[]
66,551.957961,0.5,0.026540,0.3,0.206600,25.7,11.329000,0.8,O=CC#N,,[]
66,605.972721,0.7,0.025718,0.3,0.246900,52.4,13.622000,1.5,O=C1ON=NO1,,[]
66,612.158710,0.7,0.036943,1.1,0.155500,7.1,12.147000,0.9,O=CC=O,,[]
66,660.735473,0.9,0.028773,0.6,0.148500,4.9,18.268000,5.5,O=C1N=NON=N1,,[]
66,740.670140,1.5,0.025540,0.3,0.197700,20.9,16.955000,4.0,O=C(C#N)C#N,,[]
66,788.113621,2.0,0.051463,2.7,0.135500,1.8,14.117000,1.5,C1=NN=CN=N1,,[]
66,800.856456,2.1,0.035739,1.0,0.147500,4.5,18.042000,5.3,O=CC(=O)C#N,,[]
66,826.149481,2.6,0.042699,1.6,0.154300,6.6,17.906000,5.1,O=C1ON=NC=N1,,[]
66,855.199404,2.9,0.045968,2.1,0.115100,0.5,18.951000,6.2,O=CC(=O)C=O,,[]
66,1051.290467,7.4,0.045232,2.0,0.116900,0.5,24.735000,18.9,O=CC(=O)C(=O)C#N,,[]
66,1108.489211,9.6,0.055740,3.9,0.098300,0.0,25.564000,22.4,O=CC(=O)C(=O)C=O,,[]
66,1599.184049,36.9,0.126135,37.4,0.103500,0.1,23.509000,15.1,C1=C2C3C4C1C1C2C3N41,,[]
66,1646.564152,42.2,0.138452,48.0,0.096000,0.0,29.938000,50.9,O=C1[CH-]NC2=C1C[NH2+]C2,,[]
67,213.087785,0.0,0.021375,0.2,0.361500,98.5,6.002000,0.0,O,,[]
67,301.820762,0.1,0.016601,0.0,0.379600,99.1,6.278000,0.1,C#N,,[]
67,358.757206,0.1,0.026603,0.4,0.226300,41.0,6.413000,0.1,C=O,,[]
67,427.706065,0.3,0.020349,0.1,0.259800,59.3,10.401000,0.5,O1N=NN=N1,,[]
67,494.017501,0.4,0.015951,0.0,0.277000,67.5,10.398000,0.5,N#CC#N,,[]
67,551.957961,0.5,0.026540,0.3,0.206600,25.6,11.329000,0.8,O=CC#N,,[]
67,605.972721,0.6,0.025718,0.3,0.246900,52.2,13.622000,1.4,O=C1ON=NO1,,[]
67,612.158710,0.7,0.036943,1.1,0.155500,7.1,12.147000,0.9,O=CC=O,,[]
67,660.735473,0.9,0.028773,0.6,0.148500,4.9,18.268000,5.6,O=C1N=NON=N1,,[]
67,740.670140,1.5,0.025540,0.3,0.197700,20.8,16.955000,4.0,O=C(C#N)C#N,,[]
67,788.113621,2.0,0.051463,2.7,0.135500,1.8,14.117000,1.5,C1=NN=CN=N1,,[]
67,800.856456,2.1,0.035739,1.0,0.147500,4.5,18.042000,5.4,O=CC(=O)C#N,,[]
67,826.149481,2.6,0.042699,1.6,0.154300,6.6,17.906000,5.1,O=C1ON=NC=N1,,[]
67,855.199404,2.9,0.045968,2.1,0.115100,0.5,18.951000,6.3,O=CC(=O)C=O,,[]
67,1051.290467,7.4,0.045232,2.0,0.116900,0.5,24.735000,18.9,O=CC(=O)C(=O)C#N,,[]
67,1108.489211,9.6,0.055740,3.9,0.098300,0.0,25.564000,22.3,O=CC(=O)C(=O)C=O,,[]
67,1599.184049,36.7,0.126135,37.3,0.103500,0.1,23.509000,15.1,C1=C2C3C4C1C1C2C3N41,,[]
67,1646.564152,42.0,0.138452,47.8,0.096000,0.0,29.938000,50.8,O=C1[CH-]NC2=C1C[NH2+]C2,,[]
68,213.087785,0.0,0.021375,0.2,0.361500,98.5,6.002000,0.0,O,,[]
68,301.820762,0.1,0.016601,0.0,0.379600,99.1,6.278000,0.1,C#N,,[]
68,358.757206,0.1,0.026603,0.4,0.226300,41.0,6.413000,0.1,C=O,,[]
68,427.706065,0.3,0.020349,0.1,0.259800,59.2,10.401000,0.5,O1N=NN=N1,,[]
68,494.017501,0.4,0.015951,0.0,0.277000,67.4,10.398000,0.5,N#CC#N,,[]
68,551.957961,0.4,0.026540,0.3,0.206600,25.6,11.329000,0.8,O=CC#N,,[]
68,605.972721,0.6,0.025718,0.3,0.246900,52.1,13.622000,1.4,O=C1ON=NO1,,[]
68,612.158710,0.7,0.036943,1.1,0.155500,7.1,12.147000,0.9,O=CC=O,,[]
68,660.735473,0.9,0.028773,0.6,0.148500,4.8,18.268000,5.5,O=C1N=NON=N1,,[]
68,740.670140,1.5,0.025540,0.3,0.197700,20.7,16.955000,3.9,O=C(C#N)C#N,,[]
68,788.113621,1.9,0.051463,2.7,0.135500,1.8,14.117000,1.5,C1=NN=CN=N1,,[]
68,800.856456,2.1,0.035739,1.0,0.147500,4.5,18.042000,5.3,O=CC(=O)C#N,,[]
68,826.149481,2.5,0.042699,1.6,0.154300,6.6,17.906000,5.1,O=C1ON=NC=N1,,[]
68,855.199404,2.8,0.045968,2.1,0.115100,0.5,18.951000,6.2,O=CC(=O)C=O,,[]
68,1051.290467,7.4,0.045232,2.0,0.116900,0.5,24.735000,18.8,O=CC(=O)C(=O)C#N,,[]
68,1108.489211,9.6,0.055740,3.9,0.098300,0.0,25.564000,22.2,O=CC(=O)C(=O)C=O,,[]
68,1599.184049,36.6,0.126135,37.1,0.103500,0.1,23.509000,15.0,C1=C2C3C4C1C1C2C3N41,,[]
68,1646.564152,41.8,0.138452,47.7,0.096000,0.0,29.938000,50.7,O=C1[CH-]NC2=C1C[NH2+]C2,,[]
69,213.087785,0.0,0.021375,0.2,0.361500,98.6,6.002000,0.0,O,,[]
69,301.820762,0.1,0.016601,0.0,0.379600,99.2,6.278000,0.1,C#N,,[]
69,358.757206,0.1,0.026603,0.4,0.226300,40.9,6.413000,0.1,C=O,,[]
69,427.706065,0.3,0.020349,0.1,0.259800,59.2,10.401000,0.5,O1N=NN=N1,,[]
69,494.017501,0.4,0.015951,0.0,0.277000,67.3,10.398000,0.5,N#CC#N,,[]
69,551.957961,0.4,0.026540,0.3,0.206600,25.4,11.329000,0.8,O=CC#N,,[]
69,605.972721,0.6,0.025718,0.3,0.246900,52.0,13.622000,1.4,O=C1ON=NO1,,[]
69,612.158710,0.7,0.036943,1.1,0.155500,7.0,12.147000,0.9,O=CC=O,,[]
69,660.735473,0.9,0.028773,0.6,0.148500,4.8,18.268000,5.5,O=C1N=NON=N1,,[]
69,740.670140,1.5,0.025540,0.2,0.197700,20.6,16.955000,3.9,O=C(C#N)C#N,,[]
69,788.113621,1.9,0.051463,2.7,0.135500,1.8,14.117000,1.5,C1=NN=CN=N1,,[]
69,800.856456,2.1,0.035739,1.0,0.147500,4.4,18.042000,5.3,O=CC(=O)C#N,,[]
69,826.149481,2.5,0.042699,1.6,0.154300,6.5,17.906000,5.1,O=C1ON=NC=N1,,[]
69,855.199404,2.8,0.045968,2.1,0.115100,0.5,18.951000,6.2,O=CC(=O)C=O,,[]
69,1051.290467,7.4,0.045232,2.0,0.116900,0.5,24.735000,18.6,O=CC(=O)C(=O)C#N,,[]
69,1108.489211,9.5,0.055740,3.9,0.098300,0.0,25.564000,22.1,O=CC(=O)C(=O)C=O,,[]
69,1599.184049,36.4,0.126135,37.0,0.103500,0.1,23.509000,14.9,C1=C2C3C4C1C1C2C3N41,,[]
69,1646.564152,41.7,0.138452,47.5,0.096000,0.0,29.938000,50.4,O=C1[CH-]NC2=C1C[NH2+]C2,,[]
70,213.087785,0.0,0.021375,0.2,0.361500,98.5,6.002000,0.0,O,,[]
70,301.820762,0.1,0.016601,0.0,0.379600,99.2,6.278000,0.1,C#N,,[]
70,358.757206,0.1,0.026603,0.4,0.226300,40.7,6.413000,0.1,C=O,,[]
70,427.706065,0.3,0.020349,0.1,0.259800,59.0,10.401000,0.5,O1N=NN=N1,,[]
70,494.017501,0.4,0.015951,0.0,0.277000,67.3,10.398000,0.5,N#CC#N,,[]
70,551.957961,0.4,0.026540,0.3,0.206600,25.3,11.329000,0.8,O=CC#N,,[]
70,605.972721,0.6,0.025718,0.3,0.246900,51.8,13.622000,1.4,O=C1ON=NO1,,[]
70,612.158710,0.7,0.036943,1.1,0.155500,7.0,12.147000,0.9,O=CC=O,,[]
70,660.735473,0.9,0.028773,0.6,0.148500,4.8,18.268000,5.4,O=C1N=NON=N1,,[]
70,740.670140,1.5,0.025540,0.3,0.197700,20.4,16.955000,3.9,O=C(C#N)C#N,,[]
70,788.113621,2.0,0.051463,2.7,0.135500,1.8,14.117000,1.5,C1=NN=CN=N1,,[]
70,800.856456,2.1,0.035739,1.0,0.147500,4.4,18.042000,5.3,O=CC(=O)C#N,,[]
70,826.149481,2.5,0.042699,1.6,0.154300,6.5,17.906000,5.0,O=C1ON=NC=N1,,[]
70,855.199404,2.8,0.045968,2.1,0.115100,0.5,18.951000,6.1,O=CC(=O)C=O,,[]
70,1051.290467,7.3,0.045232,2.0,0.116900,0.6,24.735000,18.5,O=CC(=O)C(=O)C#N,,[]
70,1108.489211,9.4,0.055740,3.9,0.098300,0.0,25.564000,21.9,O=CC(=O)C(=O)C=O,,[]
70,1599.184049,36.2,0.126135,36.8,0.103500,0.1,23.509000,14.8,C1=C2C3C4C1C1C2C3N41,,[]
70,1646.564152,41.5,0.138452,47.3,0.096000,0.0,29.938000,50.3,O=C1[CH-]NC2=C1C[NH2+]C2,,[]
71,213.087785,0.0,0.021375,0.2,0.361500,98.6,6.002000,0.0,O,,[]
71,301.820762,0.1,0.016601,0.0,0.379600,99.1,6.278000,0.1,C#N,,[]
71,358.757206,0.1,0.026603,0.4,0.226300,40.7,6.413000,0.1,C=O,,[]
71,427.706065,0.3,0.020349,0.1,0.259800,59.0,10.401000,0.5,O1N=NN=N1,,[]
71,494.017501,0.4,0.015951,0.0,0.277000,67.3,10.398000,0.5,N#CC#N,,[]
71,551.957961,0.4,0.026540,0.3,0.206600,25.3,11.329000,0.8,O=CC#N,,[]
71,605.972721,0.6,0.025718,0.3,0.246900,51.8,13.622000,1.4,O=C1ON=NO1,,[]
71,612.158710,0.7,0.036943,1.1,0.155500,7.0,12.147000,0.9,O=CC=O,,[]
71,660.735473,0.9,0.028773,0.6,0.148500,4.8,18.268000,5.4,O=C1N=NON=N1,,[]
71,740.670140,1.5,0.025540,0.3,0.197700,20.3,16.955000,3.9,O=C(C#N)C#N,,[]
71,788.113621,1.9,0.051463,2.7,0.135500,1.8,14.117000,1.5,C1=NN=CN=N1,,[]
71,800.856456,2.2,0.035739,1.0,0.147500,4.4,18.042000,5.2,O=CC(=O)C#N,,[]
71,826.149481,2.6,0.042699,1.6,0.154300,6.5,17.906000,5.0,O=C1ON=NC=N1,,[]
71,855.199404,2.9,0.045968,2.1,0.115100,0.5,18.951000,6.1,O=CC(=O)C=O,,[]
71,1051.290467,7.3,0.045232,2.0,0.116900,0.6,24.735000,18.4,O=CC(=O)C(=O)C#N,,[]
71,1108.489211,9.4,0.055740,3.9,0.098300,0.0,25.564000,21.8,O=CC(=O)C(=O)C=O,,[]
71,1599.184049,36.1,0.126135,36.6,0.103500,0.1,23.509000,14.7,C1=C2C3C4C1C1C2C3N41,,[]
71,1646.564152,41.3,0.138452,47.1,0.096000,0.0,29.938000,50.0,O=C1[CH-]NC2=C1C[NH2+]C2,,[]
72,213.087785,0.0,0.021375,0.2,0.361500,98.6,6.002000,0.0,O,,[]
72,301.820762,0.1,0.016601,0.0,0.379600,99.2,6.278000,0.1,C#N,,[]
72,358.757206,0.1,0.026603,0.4,0.226300,40.6,6.413000,0.1,C=O,,[]
72,427.706065,0.3,0.020349,0.1,0.259800,58.9,10.401000,0.5,O1N=NN=N1,,[]
72,494.017501,0.4,0.015951,0.0,0.277000,67.2,10.398000,0.5,N#CC#N,,[]
72,551.957961,0.4,0.026540,0.3,0.206600,25.2,11.329000,0.8,O=CC#N,,[]
72,605.972721,0.6,0.025718,0.3,0.246900,51.8,13.622000,1.4,O=C1ON=NO1,,[]
72,612.158710,0.7,0.036943,1.1,0.155500,7.0,12.147000,0.9,O=CC=O,,[]
72,660.735473,0.9,0.028773,0.6,0.148500,4.9,18.268000,5.4,O=C1N=NON=N1,,[]
72,740.670140,1.5,0.025540,0.3,0.197700,20.4,16.955000,3.8,O=C(C#N)C#N,,[]
72,788.113621,1.9,0.051463,2.7,0.135500,1.8,14.117000,1.5,C1=NN=CN=N1,,[]
72,800.856456,2.2,0.035739,1.0,0.147500,4.5,18.042000,5.2,O=CC(=O)C#N,,[]
72,826.149481,2.5,0.042699,1.7,0.154300,6.5,17.906000,5.0,O=C1ON=NC=N1,,[]
72,855.199404,2.8,0.045968,2.1,0.115100,0.5,18.951000,6.1,O=CC(=O)C=O,,[]
72,1051.290467,7.3,0.045232,2.0,0.116900,0.5,24.735000,18.3,O=CC(=O)C(=O)C#N,,[]
72,1108.489211,9.3,0.055740,3.9,0.098300,0.0,25.564000,21.6,O=CC(=O)C(=O)C=O,,[]
72,1599.184049,35.9,0.126135,36.5,0.103500,0.1,23.509000,14.6,C1=C2C3C4C1C1C2C3N41,,[]
72,1646.564152,41.1,0.138452,47.0,0.096000,0.0,29.938000,49.8,O=C1[CH-]NC2=C1C[NH2+]C2,,[]
73,213.087785,0.0,0.021375,0.2,0.361500,98.6,6.002000,0.0,O,,[]
73,301.820762,0.1,0.016601,0.0,0.379600,99.2,6.278000,0.1,C#N,,[]
73,358.757206,0.1,0.026603,0.4,0.226300,40.5,6.413000,0.1,C=O,,[]
73,427.706065,0.3,0.020349,0.1,0.259800,58.8,10.401000,0.5,O1N=NN=N1,,[]
73,494.017501,0.4,0.015951,0.0,0.277000,67.1,10.398000,0.5,N#CC#N,,[]
73,551.957961,0.4,0.026540,0.3,0.206600,25.1,11.329000,0.8,O=CC#N,,[]
73,605.972721,0.6,0.025718,0.3,0.246900,51.6,13.622000,1.4,O=C1ON=NO1,,[]
73,612.158710,0.6,0.036943,1.1,0.155500,7.0,12.147000,0.9,O=CC=O,,[]
73,660.735473,0.9,0.028773,0.6,0.148500,4.8,18.268000,5.3,O=C1N=NON=N1,,[]
73,740.670140,1.4,0.025540,0.2,0.197700,20.3,16.955000,3.8,O=C(C#N)C#N,,[]
73,788.113621,1.9,0.051463,2.7,0.135500,1.8,14.117000,1.4,C1=NN=CN=N1,,[]
73,800.856456,2.2,0.035739,1.0,0.147500,4.5,18.042000,5.1,O=CC(=O)C#N,,[]
73,826.149481,2.5,0.042699,1.7,0.154300,6.5,17.906000,4.9,O=C1ON=NC=N1,,[]
73,855.199404,2.8,0.045968,2.1,0.115100,0.5,18.951000,6.0,O=CC(=O)C=O,,[]
73,1051.290467,7.2,0.045232,2.0,0.116900,0.5,24.735000,18.2,O=CC(=O)C(=O)C#N,,[]
73,1108.489211,9.3,0.055740,3.9,0.098300,0.0,25.564000,21.5,O=CC(=O)C(=O)C=O,,[]
73,1599.184049,35.8,0.126135,36.4,0.103500,0.1,23.509000,14.5,C1=C2C3C4C1C1C2C3N41,,[]
73,1646.564152,41.0,0.138452,46.9,0.096000,0.0,29.938000,49.6,O=C1[CH-]NC2=C1C[NH2+]C2,,[]
74,213.087785,0.0,0.021375,0.2,0.361500,98.6,6.002000,0.0,O,,[]
74,301.820762,0.1,0.016601,0.0,0.379600,99.2,6.278000,0.1,C#N,,[]
74,358.757206,0.1,0.026603,0.4,0.226300,40.4,6.413000,0.1,C=O,,[]
74,427.706065,0.3,0.020349,0.1,0.259800,58.7,10.401000,0.5,O1N=NN=N1,,[]
74,494.017501,0.4,0.015951,0.0,0.277000,67.0,10.398000,0.4,N#CC#N,,[]
74,551.957961,0.4,0.026540,0.3,0.206600,25.0,11.329000,0.8,O=CC#N,,[]
74,605.972721,0.6,0.025718,0.3,0.246900,51.5,13.622000,1.4,O=C1ON=NO1,,[]
74,612.158710,0.7,0.036943,1.1,0.155500,7.0,12.147000,0.9,O=CC=O,,[]
74,660.735473,0.9,0.028773,0.6,0.148500,4.8,18.268000,5.3,O=C1N=NON=N1,,[]
74,740.670140,1.5,0.025540,0.3,0.197700,20.2,16.955000,3.8,O=C(C#N)C#N,,[]
74,788.113621,1.9,0.051463,2.7,0.135500,1.8,14.117000,1.5,C1=NN=CN=N1,,[]
74,800.856456,2.2,0.035739,1.0,0.147500,4.5,18.042000,5.1,O=CC(=O)C#N,,[]
74,826.149481,2.5,0.042699,1.7,0.154300,6.5,17.906000,4.9,O=C1ON=NC=N1,,[]
74,855.199404,2.8,0.045968,2.1,0.115100,0.5,18.951000,6.0,O=CC(=O)C=O,,[]
74,1051.290467,7.2,0.045232,2.0,0.116900,0.5,24.735000,18.2,O=CC(=O)C(=O)C#N,,[]
74,1108.489211,9.2,0.055740,3.9,0.098300,0.0,25.564000,21.4,O=CC(=O)C(=O)C=O,,[]
74,1599.184049,35.7,0.126135,36.3,0.103500,0.1,23.509000,14.5,C1=C2C3C4C1C1C2C3N41,,[]
74,1646.564152,40.9,0.138452,46.8,0.096000,0.0,29.938000,49.5,O=C1[CH-]NC2=C1C[NH2+]C2,,[]
75,213.087785,0.0,0.021375,0.2,0.361500,98.6,6.002000,0.0,O,,[]
75,301.820762,0.1,0.016601,0.0,0.379600,99.2,6.278000,0.1,C#N,,[]
75,358.757206,0.1,0.026603,0.4,0.226300,40.3,6.413000,0.1,C=O,,[]
75,427.706065,0.3,0.020349,0.1,0.259800,58.6,10.401000,0.5,O1N=NN=N1,,[]
75,494.017501,0.4,0.015951,0.0,0.277000,66.9,10.398000,0.5,N#CC#N,,[]
75,551.957961,0.4,0.026540,0.3,0.206600,24.9,11.329000,0.8,O=CC#N,,[]
75,605.972721,0.6,0.025718,0.3,0.246900,51.4,13.622000,1.4,O=C1ON=NO1,,[]
75,612.158710,0.6,0.036943,1.1,0.155500,6.9,12.147000,0.9,O=CC=O,,[]
75,660.735473,0.8,0.028773,0.6,0.148500,4.8,18.268000,5.3,O=C1N=NON=N1,,[]
75,740.670140,1.5,0.025540,0.3,0.197700,20.1,16.955000,3.8,O=C(C#N)C#N,,[]
75,788.113621,1.9,0.051463,2.7,0.135500,1.8,14.117000,1.5,C1=NN=CN=N1,,[]
75,800.856456,2.1,0.035739,1.0,0.147500,4.4,18.042000,5.1,O=CC(=O)C#N,,[]
75,826.149481,2.5,0.042699,1.7,0.154300,6.5,17.906000,4.9,O=C1ON=NC=N1,,[]
75,855.199404,2.8,0.045968,2.1,0.115100,0.5,18.951000,6.0,O=CC(=O)C=O,,[]
75,1051.290467,7.2,0.045232,2.0,0.116900,0.6,24.735000,18.1,O=CC(=O)C(=O)C#N,,[]
75,1108.489211,9.2,0.055740,3.9,0.098300,0.1,25.564000,21.4,O=CC(=O)C(=O)C=O,,[]
75,1577.996192,33.3,0.126623,36.5,0.095500,0.0,28.254000,37.5,[O-]C1=COC2=C1C[NH2+]C2,,[]
75,1599.184049,35.5,0.126135,36.1,0.103500,0.1,23.509000,14.4,C1=C2C3C4C1C1C2C3N41,,[]
76,213.087785,0.0,0.021375,0.2,0.361500,98.6,6.002000,0.0,O,,[]
76,301.820762,0.1,0.016601,0.0,0.379600,99.2,6.278000,0.1,C#N,,[]
76,358.757206,0.1,0.026603,0.4,0.226300,40.2,6.413000,0.1,C=O,,[]
76,427.706065,0.3,0.020349,0.1,0.259800,58.4,10.401000,0.5,O1N=NN=N1,,[]
76,494.017501,0.4,0.015951,0.0,0.277000,66.9,10.398000,0.5,N#CC#N,,[]
76,551.957961,0.4,0.026540,0.3,0.206600,24.8,11.329000,0.8,O=CC#N,,[]
76,605.972721,0.6,0.025718,0.3,0.246900,51.3,13.622000,1.4,O=C1ON=NO1,,[]
76,612.158710,0.6,0.036943,1.1,0.155500,6.9,12.147000,0.9,O=CC=O,,[]
76,660.735473,0.8,0.028773,0.6,0.148500,4.8,18.268000,5.3,O=C1N=NON=N1,,[]
76,740.670140,1.4,0.025540,0.3,0.197700,20.0,16.955000,3.8,O=C(C#N)C#N,,[]
76,788.113621,1.9,0.051463,2.6,0.135500,1.8,14.117000,1.5,C1=NN=CN=N1,,[]
76,800.856456,2.1,0.035739,1.0,0.147500,4.4,18.042000,5.1,O=CC(=O)C#N,,[]
76,826.149481,2.5,0.042699,1.7,0.154300,6.4,17.906000,4.9,O=C1ON=NC=N1,,[]
76,855.199404,2.8,0.045968,2.1,0.115100,0.5,18.951000,5.9,O=CC(=O)C=O,,[]
76,1051.290467,7.1,0.045232,2.0,0.116900,0.6,24.735000,18.0,O=CC(=O)C(=O)C#N,,[]
76,1108.489211,9.1,0.055740,3.9,0.098300,0.1,25.564000,21.3,O=CC(=O)C(=O)C=O,,[]
76,1577.996192,33.0,0.126623,36.3,0.095500,0.0,28.254000,37.4,[O-]C1=COC2=C1C[NH2+]C2,,[]
76,1599.184049,35.4,0.126135,35.9,0.103500,0.1,23.509000,14.3,C1=C2C3C4C1C1C2C3N41,,[]
77,213.087785,0.0,0.021375,0.2,0.361500,98.6,6.002000,0.0,O,,[]
77,301.820762,0.1,0.016601,0.0,0.379600,99.2,6.278000,0.1,C#N,,[]
77,358.757206,0.1,0.026603,0.4,0.226300,40.1,6.413000,0.1,C=O,,[]
77,427.706065,0.3,0.020349,0.1,0.259800,58.3,10.401000,0.5,O1N=NN=N1,,[]
77,494.017501,0.4,0.015951,0.0,0.277000,66.8,10.398000,0.4,N#CC#N,,[]
77,551.957961,0.4,0.026540,0.3,0.206600,24.7,11.329000,0.8,O=CC#N,,[]
77,605.972721,0.6,0.025718,0.3,0.246900,51.2,13.622000,1.4,O=C1ON=NO1,,[]
77,612.158710,0.7,0.036943,1.1,0.155500,6.9,12.147000,0.9,O=CC=O,,[]
77,660.735473,0.9,0.028773,0.6,0.148500,4.8,18.268000,5.2,O=C1N=NON=N1,,[]
77,740.670140,1.5,0.025540,0.2,0.197700,20.0,16.955000,3.8,O=C(C#N)C#N,,[]
77,788.113621,1.9,0.051463,2.7,0.135500,1.8,14.117000,1.5,C1=NN=CN=N1,,[]
77,800.856456,2.1,0.035739,1.0,0.147500,4.4,18.042000,5.1,O=CC(=O)C#N,,[]
77,826.149481,2.5,0.042699,1.7,0.154300,6.4,17.906000,4.9,O=C1ON=NC=N1,,[]
77,855.199404,2.8,0.045968,2.1,0.115100,0.5,18.951000,5.9,O=CC(=O)C=O,,[]
77,1051.290467,7.1,0.045232,2.0,0.116900,0.6,24.735000,17.9,O=CC(=O)C(=O)C#N,,[]
77,1108.489211,9.1,0.055740,3.8,0.098300,0.1,25.564000,21.2,O=CC(=O)C(=O)C=O,,[]
77,1577.996192,32.8,0.126623,36.1,0.095500,0.0,28.254000,37.2,[O-]C1=COC2=C1C[NH2+]C2,,[]
77,1599.184049,35.2,0.126135,35.7,0.103500,0.1,23.509000,14.2,C1=C2C3C4C1C1C2C3N41,,[]
78,213.087785,0.0,0.021375,0.2,0.361500,98.6,6.002000,0.0,O,,[]
78,301.820762,0.1,0.016601,0.0,0.379600,99.2,6.278000,0.1,C#N,,[]
78,358.757206,0.1,0.026603,0.4,0.226300,40.1,6.413000,0.1,C=O,,[]
78,427.706065,0.3,0.020349,0.1,0.259800,58.2,10.401000,0.5,O1N=NN=N1,,[]
78,494.017501,0.4,0.015951,0.0,0.277000,66.8,10.398000,0.4,N#CC#N,,[]
78,551.957961,0.4,0.026540,0.3,0.206600,24.7,11.329000,0.8,O=CC#N,,[]
78,605.972721,0.6,0.025718,0.3,0.246900,51.1,13.622000,1.4,O=C1ON=NO1,,[]
78,612.158710,0.6,0.036943,1.1,0.155500,6.9,12.147000,0.9,O=CC=O,,[]
78,660.735473,0.9,0.028773,0.6,0.148500,4.8,18.268000,5.2,O=C1N=NON=N1,,[]
78,740.670140,1.4,0.025540,0.2,0.197700,19.9,16.955000,3.8,O=C(C#N)C#N,,[]
78,788.113621,1.9,0.051463,2.6,0.135500,1.8,14.117000,1.5,C1=NN=CN=N1,,[]
78,800.856456,2.1,0.035739,1.0,0.147500,4.4,18.042000,5.0,O=CC(=O)C#N,,[]
78,826.149481,2.5,0.042699,1.7,0.154300,6.4,17.906000,4.8,O=C1ON=NC=N1,,[]
78,855.199404,2.7,0.045968,2.1,0.115100,0.5,18.951000,5.9,O=CC(=O)C=O,,[]
78,1051.290467,7.1,0.045232,2.0,0.116900,0.6,24.735000,17.8,O=CC(=O)C(=O)C#N,,[]
78,1108.489211,9.0,0.055740,3.8,0.098300,0.1,25.564000,21.1,O=CC(=O)C(=O)C=O,,[]
78,1577.996192,32.7,0.126623,36.0,0.095500,0.0,28.254000,37.1,[O-]C1=COC2=C1C[NH2+]C2,,[]
78,1599.184049,35.0,0.126135,35.6,0.103500,0.1,23.509000,14.1,C1=C2C3C4C1C1C2C3N41,,[]
79,213.087785,0.0,0.021375,0.2,0.361500,98.6,6.002000,0.0,O,,[]
79,301.820762,0.1,0.016601,0.0,0.379600,99.2,6.278000,0.1,C#N,,[]
79,358.757206,0.1,0.026603,0.4,0.226300,39.9,6.413000,0.1,C=O,,[]
79,427.706065,0.3,0.020349,0.1,0.259800,58.1,10.401000,0.5,O1N=NN=N1,,[]
79,494.017501,0.4,0.015951,0.0,0.277000,66.7,10.398000,0.4,N#CC#N,,[]
79,551.957961,0.4,0.026540,0.3,0.206600,24.5,11.329000,0.8,O=CC#N,,[]
79,605.972721,0.6,0.025718,0.3,0.246900,51.0,13.622000,1.4,O=C1ON=NO1,,[]
79,612.158710,0.6,0.036943,1.1,0.155500,6.8,12.147000,0.9,O=CC=O,,[]
79,660.735473,0.9,0.028773,0.6,0.148500,4.7,18.268000,5.2,O=C1N=NON=N1,,[]
79,740.670140,1.5,0.025540,0.2,0.197700,19.8,16.955000,3.8,O=C(C#N)C#N,,[]
79,788.113621,1.9,0.051463,2.6,0.135500,1.8,14.117000,1.5,C1=NN=CN=N1,,[]
79,800.856456,2.1,0.035739,1.0,0.147500,4.3,18.042000,5.0,O=CC(=O)C#N,,[]
79,826.149481,2.5,0.042699,1.6,0.154300,6.3,17.906000,4.8,O=C1ON=NC=N1,,[]
79,855.199404,2.8,0.045968,2.1,0.115100,0.5,18.951000,5.9,O=CC(=O)C=O,,[]
79,1051.290467,7.0,0.045232,1.9,0.116900,0.6,24.735000,17.7,O=CC(=O)C(=O)C#N,,[]
79,1108.489211,9.0,0.055740,3.8,0.098300,0.1,25.564000,21.0,O=CC(=O)C(=O)C=O,,[]
79,1577.996192,32.5,0.126623,35.9,0.095500,0.0,28.254000,36.9,[O-]C1=COC2=C1C[NH2+]C2,,[]
79,1599.184049,34.8,0.126135,35.4,0.103500,0.1,23.509000,14.1,C1=C2C3C4C1C1C2C3N41,,[]
80,213.087785,0.0,0.021375,0.2,0.361500,98.6,6.002000,0.0,O,,[]
80,301.820762,0.1,0.016601,0.0,0.379600,99.2,6.278000,0.1,C#N,,[]
80,358.757206,0.1,0.026603,0.4,0.226300,39.8,6.413000,0.1,C=O,,[]
80,427.706065,0.3,0.020349,0.1,0.259800,58.1,10.401000,0.5,O1N=NN=N1,,[]
80,494.017501,0.4,0.015951,0.0,0.277000,66.6,10.398000,0.4,N#CC#N,,[]
80,551.957961,0.4,0.026540,0.3,0.206600,24.4,11.329000,0.8,O=CC#N,,[]
80,605.972721,0.6,0.025718,0.3,0.246900,51.0,13.622000,1.4,O=C1ON=NO1,,[]
80,612.158710,0.7,0.036943,1.1,0.155500,6.7,12.147000,0.9,O=CC=O,,[]
80,660.735473,0.9,0.028773,0.6,0.148500,4.7,18.268000,5.2,O=C1N=NON=N1,,[]
80,740.670140,1.5,0.025540,0.3,0.197700,19.7,16.955000,3.7,O=C(C#N)C#N,,[]
80,788.113621,1.9,0.051463,2.6,0.135500,1.8,14.117000,1.5,C1=NN=CN=N1,,[]
80,800.856456,2.1,0.035739,1.0,0.147500,4.3,18.042000,5.0,O=CC(=O)C#N,,[]
80,826.149481,2.5,0.042699,1.6,0.154300,6.3,17.906000,4.8,O=C1ON=NC=N1,,[]
80,855.199404,2.7,0.045968,2.1,0.115100,0.5,18.951000,5.9,O=CC(=O)C=O,,[]
80,1051.290467,7.0,0.045232,2.0,0.116900,0.6,24.735000,17.6,O=CC(=O)C(=O)C#N,,[]
80,1108.489211,8.9,0.055740,3.8,0.098300,0.1,25.564000,20.8,O=CC(=O)C(=O)C=O,,[]
80,1577.996192,32.3,0.126623,35.7,0.095500,0.0,28.254000,36.8,[O-]C1=COC2=C1C[NH2+]C2,,[]
80,1599.184049,34.7,0.126135,35.3,0.103500,0.1,23.509000,14.0,C1=C2C3C4C1C1C2C3N41,,[]
81,213.087785,0.0,0.021375,0.1,0.361500,98.6,6.002000,0.0,O,,[]
81,301.820762,0.1,0.016601,0.0,0.379600,99.2,6.278000,0.1,C#N,,[]
81,358.757206,0.1,0.026603,0.4,0.226300,39.7,6.413000,0.1,C=O,,[]
81,427.706065,0.3,0.020349,0.1,0.259800,58.0,10.401000,0.5,O1N=NN=N1,,[]
81,494.017501,0.4,0.015951,0.0,0.277000,66.5,10.398000,0.4,N#CC#N,,[]
81,551.957961,0.4,0.026540,0.3,0.206600,24.3,11.329000,0.8,O=CC#N,,[]
81,605.972721,0.6,0.025718,0.3,0.246900,50.8,13.622000,1.4,O=C1ON=NO1,,[]
81,612.158710,0.6,0.036943,1.1,0.155500,6.7,12.147000,0.9,O=CC=O,,[]
81,660.735473,0.9,0.028773,0.6,0.148500,4.7,18.268000,5.2,O=C1N=NON=N1,,[]
81,740.670140,1.5,0.025540,0.2,0.197700,19.6,16.955000,3.8,O=C(C#N)C#N,,[]
81,788.113621,1.9,0.051463,2.6,0.135500,1.8,14.117000,1.5,C1=NN=CN=N1,,[]
81,800.856456,2.1,0.035739,1.0,0.147500,4.3,18.042000,5.0,O=CC(=O)C#N,,[]
81,826.149481,2.5,0.042699,1.6,0.154300,6.3,17.906000,4.8,O=C1ON=NC=N1,,[]
81,855.199404,2.7,0.045968,2.1,0.115100,0.5,18.951000,5.9,O=CC(=O)C=O,,[]
81,1051.290467,6.9,0.045232,1.9,0.116900,0.6,24.735000,17.5,O=CC(=O)C(=O)C#N,,[]
81,1108.489211,8.9,0.055740,3.8,0.098300,0.0,25.564000,20.8,O=CC(=O)C(=O)C=O,,[]
81,1577.996192,32.2,0.126623,35.6,0.095500,0.0,28.254000,36.7,[O-]C1=COC2=C1C[NH2+]C2,,[]
81,1599.184049,34.5,0.126135,35.2,0.103500,0.1,23.509000,14.0,C1=C2C3C4C1C1C2C3N41,,[]
82,213.087785,0.0,0.021375,0.1,0.361500,98.6,6.002000,0.0,O,,[]
82,301.820762,0.1,0.016601,0.0,0.379600,99.2,6.278000,0.1,C#N,,[]
82,358.757206,0.1,0.026603,0.4,0.226300,39.7,6.413000,0.1,C=O,,[]
82,427.706065,0.3,0.020349,0.1,0.259800,58.0,10.401000,0.5,O1N=NN=N1,,[]
82,494.017501,0.4,0.015951,0.0,0.277000,66.5,10.398000,0.5,N#CC#N,,[]
82,551.957961,0.4,0.026540,0.3,0.206600,24.3,11.329000,0.8,O=CC#N,,[]
82,605.972721,0.6,0.025718,0.3,0.246900,50.8,13.622000,1.4,O=C1ON=NO1,,[]
82,612.158710,0.7,0.036943,1.1,0.155500,6.7,12.147000,0.9,O=CC=O,,[]
82,660.735473,0.9,0.028773,0.6,0.148500,4.7,18.268000,5.2,O=C1N=NON=N1,,[]
82,740.670140,1.5,0.025540,0.2,0.197700,19.5,16.955000,3.8,O=C(C#N)C#N,,[]
82,788.113621,1.9,0.051463,2.6,0.135500,1.8,14.117000,1.5,C1=NN=CN=N1,,[]
82,800.856456,2.1,0.035739,1.0,0.147500,4.3,18.042000,5.0,O=CC(=O)C#N,,[]
82,826.149481,2.5,0.042699,1.6,0.154300,6.2,17.906000,4.8,O=C1ON=NC=N1,,[]
82,855.199404,2.7,0.045968,2.1,0.115100,0.5,18.951000,5.8,O=CC(=O)C=O,,[]
82,1051.290467,6.9,0.045232,1.9,0.116900,0.6,24.735000,17.5,O=CC(=O)C(=O)C#N,,[]
82,1108.489211,8.9,0.055740,3.8,0.098300,0.0,25.564000,20.7,O=CC(=O)C(=O)C=O,,[]
82,1577.996192,32.1,0.126623,35.5,0.095500,0.0,28.254000,36.5,[O-]C1=COC2=C1C[NH2+]C2,,[]
82,1599.184049,34.5,0.126135,35.1,0.103500,0.1,23.509000,13.9,C1=C2C3C4C1C1C2C3N41,,[]
83,213.087785,0.0,0.021375,0.1,0.361500,98.6,6.002000,0.0,O,,[]
83,301.820762,0.1,0.016601,0.0,0.379600,99.2,6.278000,0.1,C#N,,[]
83,358.757206,0.1,0.026603,0.4,0.226300,39.5,6.413000,0.1,C=O,,[]
83,427.706065,0.3,0.020349,0.1,0.259800,57.9,10.401000,0.5,O1N=NN=N1,,[]
83,494.017501,0.4,0.015951,0.0,0.277000,66.5,10.398000,0.4,N#CC#N,,[]
83,551.957961,0.4,0.026540,0.3,0.206600,24.2,11.329000,0.8,O=CC#N,,[]
83,605.972721,0.6,0.025718,0.3,0.246900,50.7,13.622000,1.4,O=C1ON=NO1,,[]
83,612.158710,0.6,0.036943,1.1,0.155500,6.7,12.147000,0.9,O=CC=O,,[]
83,660.735473,0.9,0.028773,0.5,0.148500,4.7,18.268000,5.1,O=C1N=NON=N1,,[]
83,740.670140,1.5,0.025540,0.2,0.197700,19.4,16.955000,3.7,O=C(C#N)C#N,,[]
83,788.113621,1.9,0.051463,2.6,0.135500,1.8,14.117000,1.5,C1=NN=CN=N1,,[]
83,800.856456,2.1,0.035739,1.0,0.147500,4.3,18.042000,5.0,O=CC(=O)C#N,,[]
83,826.149481,2.5,0.042699,1.6,0.154300,6.2,17.906000,4.8,O=C1ON=NC=N1,,[]
83,855.199404,2.7,0.045968,2.1,0.115100,0.5,18.951000,5.8,O=CC(=O)C=O,,[]
83,1051.290467,6.9,0.045232,1.9,0.116900,0.6,24.735000,17.4,O=CC(=O)C(=O)C#N,,[]
83,1108.489211,8.8,0.055740,3.8,0.098300,0.0,25.564000,20.6,O=CC(=O)C(=O)C=O,,[]
83,1577.996192,32.0,0.126623,35.3,0.095500,0.0,28.254000,36.4,[O-]C1=COC2=C1C[NH2+]C2,,[]
83,1599.184049,34.3,0.126135,34.9,0.103500,0.1,23.509000,13.8,C1=C2C3C4C1C1C2C3N41,,[]
84,213.087785,0.0,0.021375,0.1,0.361500,98.6,6.002000,0.0,O,,[]
84,301.820762,0.1,0.016601,0.0,0.379600,99.2,6.278000,0.1,C#N,,[]
84,358.757206,0.1,0.026603,0.4,0.226300,39.5,6.413000,0.1,C=O,,[]
84,427.706065,0.3,0.020349,0.1,0.259800,57.8,10.401000,0.5,O1N=NN=N1,,[]
84,494.017501,0.4,0.015951,0.0,0.277000,66.4,10.398000,0.5,N#CC#N,,[]
84,551.957961,0.4,0.026540,0.3,0.206600,24.2,11.329000,0.8,O=CC#N,,[]
84,605.972721,0.6,0.025718,0.3,0.246900,50.7,13.622000,1.4,O=C1ON=NO1,,[]
84,612.158710,0.6,0.036943,1.1,0.155500,6.6,12.147000,0.9,O=CC=O,,[]
84,660.735473,0.9,0.028773,0.6,0.148500,4.6,18.268000,5.1,O=C1N=NON=N1,,[]
84,740.670140,1.5,0.025540,0.2,0.197700,19.4,16.955000,3.7,O=C(C#N)C#N,,[]
84,788.113621,1.9,0.051463,2.6,0.135500,1.8,14.117000,1.4,C1=NN=CN=N1,,[]
84,800.856456,2.1,0.035739,1.0,0.147500,4.3,18.042000,4.9,O=CC(=O)C#N,,[]
84,826.149481,2.5,0.042699,1.7,0.154300,6.2,17.906000,4.7,O=C1ON=NC=N1,,[]
84,855.199404,2.7,0.045968,2.1,0.115100,0.5,18.951000,5.7,O=CC(=O)C=O,,[]
84,1051.290467,6.8,0.045232,1.9,0.116900,0.6,24.735000,17.3,O=CC(=O)C(=O)C#N,,[]
84,1108.489211,8.8,0.055740,3.8,0.098300,0.0,25.564000,20.6,O=CC(=O)C(=O)C=O,,[]
84,1577.996192,31.9,0.126623,35.2,0.095500,0.0,28.254000,36.3,[O-]C1=COC2=C1C[NH2+]C2,,[]
84,1599.184049,34.2,0.126135,34.7,0.103500,0.1,23.509000,13.8,C1=C2C3C4C1C1C2C3N41,,[]
85,213.087785,0.0,0.021375,0.1,0.361500,98.6,6.002000,0.0,O,,[]
85,276.861573,0.1,0.034358,0.9,0.339900,96.4,6.316000,0.1,N,,[]
85,301.820762,0.1,0.016601,0.0,0.379600,99.2,6.278000,0.1,C#N,,[]
85,358.757206,0.1,0.026603,0.4,0.226300,39.4,6.413000,0.1,C=O,,[]
85,427.706065,0.3,0.020349,0.1,0.259800,57.7,10.401000,0.5,O1N=NN=N1,,[]
85,494.017501,0.4,0.015951,0.0,0.277000,66.3,10.398000,0.5,N#CC#N,,[]
85,551.957961,0.4,0.026540,0.3,0.206600,24.0,11.329000,0.8,O=CC#N,,[]
85,605.972721,0.6,0.025718,0.3,0.246900,50.6,13.622000,1.4,O=C1ON=NO1,,[]
85,612.158710,0.7,0.036943,1.1,0.155500,6.6,12.147000,0.9,O=CC=O,,[]
85,660.735473,0.9,0.028773,0.5,0.148500,4.6,18.268000,5.1,O=C1N=NON=N1,,[]
85,740.670140,1.5,0.025540,0.2,0.197700,19.3,16.955000,3.7,O=C(C#N)C#N,,[]
85,788.113621,1.9,0.051463,2.6,0.135500,1.8,14.117000,1.5,C1=NN=CN=N1,,[]
85,800.856456,2.1,0.035739,1.0,0.147500,4.2,18.042000,4.9,O=CC(=O)C#N,,[]
85,826.149481,2.5,0.042699,1.6,0.154300,6.1,17.906000,4.8,O=C1ON=NC=N1,,[]
85,855.199404,2.7,0.045968,2.1,0.115100,0.5,18.951000,5.8,O=CC(=O)C=O,,[]
85,1051.290467,6.8,0.045232,1.9,0.116900,0.6,24.735000,17.3,O=CC(=O)C(=O)C#N,,[]
85,1108.489211,8.7,0.055740,3.8,0.098300,0.0,25.564000,20.5,O=CC(=O)C(=O)C=O,,[]
85,1577.996192,31.8,0.126623,35.1,0.095500,0.0,28.254000,36.2,[O-]C1=COC2=C1C[NH2+]C2,,[]
85,1599.184049,34.1,0.126135,34.6,0.103500,0.1,23.509000,13.7,C1=C2C3C4C1C1C2C3N41,,[]
86,213.087785,0.0,0.021375,0.1,0.361500,98.7,6.002000,0.0,O,,[]
86,276.861573,0.1,0.034358,0.9,0.339900,96.4,6.316000,0.1,N,,[]
86,301.820762,0.1,0.016601,0.0,0.379600,99.2,6.278000,0.1,C#N,,[]
86,358.757206,0.1,0.026603,0.4,0.226300,39.3,6.413000,0.1,C=O,,[]
86,427.706065,0.3,0.020349,0.1,0.259800,57.6,10.401000,0.5,O1N=NN=N1,,[]
86,494.017501,0.4,0.015951,0.0,0.277000,66.3,10.398000,0.5,N#CC#N,,[]
86,551.957961,0.4,0.026540,0.3,0.206600,23.9,11.329000,0.8,O=CC#N,,[]
86,605.972721,0.6,0.025718,0.3,0.246900,50.5,13.622000,1.4,O=C1ON=NO1,,[]
86,612.158710,0.6,0.036943,1.1,0.155500,6.6,12.147000,0.9,O=CC=O,,[]
86,660.735473,0.9,0.028773,0.5,0.148500,4.6,18.268000,5.1,O=C1N=NON=N1,,[]
86,740.670140,1.5,0.025540,0.2,0.197700,19.2,16.955000,3.7,O=C(C#N)C#N,,[]
86,788.113621,1.9,0.051463,2.6,0.135500,1.8,14.117000,1.5,C1=NN=CN=N1,,[]
86,800.856456,2.1,0.035739,1.0,0.147500,4.2,18.042000,4.9,O=CC(=O)C#N,,[]
86,826.149481,2.5,0.042699,1.6,0.154300,6.1,17.906000,4.7,O=C1ON=NC=N1,,[]
86,855.199404,2.7,0.045968,2.0,0.115100,0.5,18.951000,5.8,O=CC(=O)C=O,,[]
86,1051.290467,6.8,0.045232,1.9,0.116900,0.5,24.735000,17.2,O=CC(=O)C(=O)C#N,,[]
86,1108.489211,8.7,0.055740,3.8,0.098300,0.0,25.564000,20.4,O=CC(=O)C(=O)C=O,,[]
86,1577.996192,31.6,0.126623,34.9,0.095500,0.0,28.254000,36.0,[O-]C1=COC2=C1C[NH2+]C2,,[]
86,1599.184049,33.9,0.126135,34.4,0.103500,0.1,23.509000,13.7,C1=C2C3C4C1C1C2C3N41,,[]
87,213.087785,0.0,0.021375,0.1,0.361500,98.6,6.002000,0.0,O,,[]
87,276.861573,0.1,0.034358,0.8,0.339900,96.4,6.316000,0.1,N,,[]
87,301.820762,0.1,0.016601,0.0,0.379600,99.2,6.278000,0.1,C#N,,[]
87,358.757206,0.2,0.026603,0.3,0.226300,39.3,6.413000,0.2,C=O,,[]
87,427.706065,0.3,0.020349,0.1,0.259800,57.5,10.401000,0.5,O1N=NN=N1,,[]
87,494.017501,0.4,0.015951,0.0,0.277000,66.2,10.398000,0.5,N#CC#N,,[]
87,551.957961,0.4,0.026540,0.3,0.206600,23.9,11.329000,0.8,O=CC#N,,[]
87,605.972721,0.6,0.025718,0.3,0.246900,50.4,13.622000,1.4,O=C1ON=NO1,,[]
87,612.158710,0.6,0.036943,1.1,0.155500,6.5,12.147000,0.9,O=CC=O,,[]
87,660.735473,0.9,0.028773,0.5,0.148500,4.5,18.268000,5.1,O=C1N=NON=N1,,[]
87,740.670140,1.5,0.025540,0.2,0.197700,19.1,16.955000,3.7,O=C(C#N)C#N,,[]
87,788.113621,1.9,0.051463,2.6,0.135500,1.7,14.117000,1.5,C1=NN=CN=N1,,[]
87,800.856456,2.1,0.035739,1.0,0.147500,4.2,18.042000,4.9,O=CC(=O)C#N,,[]
87,826.149481,2.5,0.042699,1.6,0.154300,6.1,17.906000,4.7,O=C1ON=NC=N1,,[]
87,855.199404,2.8,0.045968,2.0,0.115100,0.5,18.951000,5.7,O=CC(=O)C=O,,[]
87,1051.290467,6.8,0.045232,1.9,0.116900,0.5,24.735000,17.1,O=CC(=O)C(=O)C#N,,[]
87,1108.489211,8.7,0.055740,3.7,0.098300,0.0,25.564000,20.3,O=CC(=O)C(=O)C=O,,[]
87,1577.996192,31.5,0.126623,34.7,0.095500,0.0,28.254000,35.8,[O-]C1=COC2=C1C[NH2+]C2,,[]
87,1599.184049,33.7,0.126135,34.3,0.103500,0.1,23.509000,13.6,C1=C2C3C4C1C1C2C3N41,,[]
88,213.087785,0.0,0.021375,0.1,0.361500,98.6,6.002000,0.0,O,,[]
88,276.861573,0.1,0.034358,0.8,0.339900,96.4,6.316000,0.1,N,,[]
88,301.820762,0.1,0.016601,0.0,0.379600,99.2,6.278000,0.1,C#N,,[]
88,358.757206,0.1,0.026603,0.3,0.226300,39.2,6.413000,0.1,C=O,,[]
88,427.706065,0.3,0.020349,0.1,0.259800,57.4,10.401000,0.5,O1N=NN=N1,,[]
88,494.017501,0.4,0.015951,0.0,0.277000,66.1,10.398000,0.5,N#CC#N,,[]
88,551.957961,0.4,0.026540,0.3,0.206600,23.8,11.329000,0.8,O=CC#N,,[]
88,605.972721,0.6,0.025718,0.3,0.246900,50.2,13.622000,1.4,O=C1ON=NO1,,[]
88,612.158710,0.6,0.036943,1.1,0.155500,6.5,12.147000,0.9,O=CC=O,,[]
88,660.735473,0.9,0.028773,0.5,0.148500,4.5,18.268000,5.1,O=C1N=NON=N1,,[]
88,740.670140,1.5,0.025540,0.2,0.197700,19.1,16.955000,3.7,O=C(C#N)C#N,,[]
88,788.113621,1.9,0.051463,2.6,0.135500,1.7,14.117000,1.5,C1=NN=CN=N1,,[]
88,800.856456,2.1,0.035739,1.0,0.147500,4.1,18.042000,4.9,O=CC(=O)C#N,,[]
88,826.149481,2.5,0.042699,1.6,0.154300,6.1,17.906000,4.7,O=C1ON=NC=N1,,[]
88,855.199404,2.8,0.045968,2.0,0.115100,0.5,18.951000,5.7,O=CC(=O)C=O,,[]
88,1051.290467,6.8,0.045232,1.9,0.116900,0.5,24.735000,17.0,O=CC(=O)C(=O)C#N,,[]
88,1108.489211,8.6,0.055740,3.7,0.098300,0.0,25.564000,20.2,O=CC(=O)C(=O)C=O,,[]
88,1577.996192,31.3,0.126623,34.5,0.095500,0.0,28.254000,35.7,[O-]C1=COC2=C1C[NH2+]C2,,[]
88,1599.184049,33.6,0.126135,34.1,0.103500,0.1,23.509000,13.5,C1=C2C3C4C1C1C2C3N41,,[]
89,213.087785,0.0,0.021375,0.1,0.361500,98.7,6.002000,0.0,O,,[]
89,276.861573,0.1,0.034358,0.8,0.339900,96.4,6.316000,0.1,N,,[]
89,301.820762,0.1,0.016601,0.0,0.379600,99.2,6.278000,0.1,C#N,,[]
89,358.757206,0.1,0.026603,0.4,0.226300,39.1,6.413000,0.1,C=O,,[]
89,427.706065,0.3,0.020349,0.1,0.259800,57.3,10.401000,0.5,O1N=NN=N1,,[]
89,494.017501,0.4,0.015951,0.0,0.277000,66.1,10.398000,0.5,N#CC#N,,[]
89,551.957961,0.4,0.026540,0.3,0.206600,23.7,11.329000,0.8,O=CC#N,,[]
89,605.972721,0.6,0.025718,0.2,0.246900,50.1,13.622000,1.4,O=C1ON=NO1,,[]
89,612.158710,0.6,0.036943,1.1,0.155500,6.5,12.147000,0.9,O=CC=O,,[]
89,660.735473,0.9,0.028773,0.5,0.148500,4.5,18.268000,5.0,O=C1N=NON=N1,,[]
89,740.670140,1.5,0.025540,0.2,0.197700,19.0,16.955000,3.7,O=C(C#N)C#N,,[]
89,788.113621,1.9,0.051463,2.6,0.135500,1.7,14.117000,1.5,C1=NN=CN=N1,,[]
89,800.856456,2.1,0.035739,1.0,0.147500,4.1,18.042000,4.9,O=CC(=O)C#N,,[]
89,826.149481,2.5,0.042699,1.6,0.154300,6.0,17.906000,4.7,O=C1ON=NC=N1,,[]
89,855.199404,2.7,0.045968,2.0,0.115100,0.5,18.951000,5.7,O=CC(=O)C=O,,[]
89,1051.290467,6.7,0.045232,1.9,0.116900,0.5,24.735000,16.9,O=CC(=O)C(=O)C#N,,[]
89,1108.489211,8.6,0.055740,3.7,0.098300,0.0,25.564000,20.1,O=CC(=O)C(=O)C=O,,[]
89,1577.996192,31.2,0.126623,34.4,0.095500,0.0,28.254000,35.5,[O-]C1=COC2=C1C[NH2+]C2,,[]
89,1599.184049,33.5,0.126135,34.0,0.103500,0.1,23.509000,13.4,C1=C2C3C4C1C1C2C3N41,,[]
90,213.087785,0.0,0.021375,0.1,0.361500,98.6,6.002000,0.0,O,,[]
90,276.861573,0.1,0.034358,0.8,0.339900,96.4,6.316000,0.1,N,,[]
90,301.820762,0.1,0.016601,0.0,0.379600,99.2,6.278000,0.1,C#N,,[]
90,358.757206,0.1,0.026603,0.3,0.226300,38.9,6.413000,0.1,C=O,,[]
90,427.706065,0.3,0.020349,0.1,0.259800,57.2,10.401000,0.5,O1N=NN=N1,,[]
90,494.017501,0.4,0.015951,0.0,0.277000,66.0,10.398000,0.5,N#CC#N,,[]
90,551.957961,0.4,0.026540,0.3,0.206600,23.6,11.329000,0.8,O=CC#N,,[]
90,605.972721,0.6,0.025718,0.2,0.246900,50.0,13.622000,1.4,O=C1ON=NO1,,[]
90,612.158710,0.6,0.036943,1.1,0.155500,6.5,12.147000,0.9,O=CC=O,,[]
90,660.735473,0.9,0.028773,0.5,0.148500,4.5,18.268000,5.0,O=C1N=NON=N1,,[]
90,740.670140,1.5,0.025540,0.2,0.197700,18.9,16.955000,3.7,O=C(C#N)C#N,,[]
90,788.113621,1.9,0.051463,2.6,0.135500,1.7,14.117000,1.5,C1=NN=CN=N1,,[]
90,800.856456,2.1,0.035739,1.0,0.147500,4.1,18.042000,4.9,O=CC(=O)C#N,,[]
90,826.149481,2.5,0.042699,1.6,0.154300,6.0,17.906000,4.7,O=C1ON=NC=N1,,[]
90,855.199404,2.7,0.045968,2.0,0.115100,0.5,18.951000,5.7,O=CC(=O)C=O,,[]
90,1051.290467,6.7,0.045232,1.9,0.116900,0.5,24.735000,16.9,O=CC(=O)C(=O)C#N,,[]
90,1108.489211,8.6,0.055740,3.7,0.098300,0.0,25.564000,20.0,O=CC(=O)C(=O)C=O,,[]
90,1577.996192,31.1,0.126623,34.3,0.095500,0.0,28.254000,35.4,[O-]C1=COC2=C1C[NH2+]C2,,[]
90,1599.184049,33.3,0.126135,33.8,0.103500,0.1,23.509000,13.4,C1=C2C3C4C1C1C2C3N41,,[]
91,213.087785,0.0,0.021375,0.1,0.361500,98.7,6.002000,0.0,O,,[]
91,276.861573,0.1,0.034358,0.9,0.339900,96.4,6.316000,0.1,N,,[]
91,301.820762,0.1,0.016601,0.0,0.379600,99.2,6.278000,0.1,C#N,,[]
91,358.757206,0.1,0.026603,0.4,0.226300,38.8,6.413000,0.1,C=O,,[]
91,427.706065,0.3,0.020349,0.1,0.259800,57.2,10.401000,0.5,O1N=NN=N1,,[]
91,494.017501,0.4,0.015951,0.0,0.277000,66.0,10.398000,0.5,N#CC#N,,[]
91,551.957961,0.4,0.026540,0.3,0.206600,23.5,11.329000,0.8,O=CC#N,,[]
91,605.972721,0.6,0.025718,0.2,0.246900,50.0,13.622000,1.4,O=C1ON=NO1,,[]
91,612.158710,0.7,0.036943,1.1,0.155500,6.5,12.147000,0.9,O=CC=O,,[]
91,660.735473,0.9,0.028773,0.5,0.148500,4.5,18.268000,5.0,O=C1N=NON=N1,,[]
91,740.670140,1.5,0.025540,0.2,0.197700,18.8,16.955000,3.7,O=C(C#N)C#N,,[]
91,788.113621,1.9,0.051463,2.6,0.135500,1.7,14.117000,1.5,C1=NN=CN=N1,,[]
91,800.856456,2.1,0.035739,1.0,0.147500,4.1,18.042000,4.8,O=CC(=O)C#N,,[]
91,826.149481,2.5,0.042699,1.6,0.154300,6.0,17.906000,4.7,O=C1ON=NC=N1,,[]
91,855.199404,2.7,0.045968,2.0,0.115100,0.5,18.951000,5.6,O=CC(=O)C=O,,[]
91,1051.290467,6.7,0.045232,1.9,0.116900,0.5,24.735000,16.7,O=CC(=O)C(=O)C#N,,[]
91,1108.489211,8.5,0.055740,3.7,0.098300,0.0,25.564000,19.9,O=CC(=O)C(=O)C=O,,[]
91,1577.996192,30.9,0.126623,34.1,0.095500,0.0,28.254000,35.3,[O-]C1=COC2=C1C[NH2+]C2,,[]
91,1599.184049,33.2,0.126135,33.7,0.103500,0.1,23.509000,13.3,C1=C2C3C4C1C1C2C3N41,,[]
92,213.087785,0.0,0.021375,0.1,0.361500,98.6,6.002000,0.0,O,,[]
92,276.861573,0.1,0.034358,0.9,0.339900,96.4,6.316000,0.1,N,,[]
92,301.820762,0.1,0.016601,0.0,0.379600,99.3,6.278000,0.1,C#N,,[]
92,358.757206,0.1,0.026603,0.3,0.226300,38.8,6.413000,0.1,C=O,,[]
92,427.706065,0.3,0.020349,0.1,0.259800,57.1,10.401000,0.5,O1N=NN=N1,,[]
92,494.017501,0.4,0.015951,0.0,0.277000,65.9,10.398000,0.5,N#CC#N,,[]
92,551.957961,0.4,0.026540,0.3,0.206600,23.4,11.329000,0.8,O=CC#N,,[]
92,605.972721,0.6,0.025718,0.2,0.246900,49.9,13.622000,1.4,O=C1ON=NO1,,[]
92,612.158710,0.7,0.036943,1.1,0.155500,6.4,12.147000,0.9,O=CC=O,,[]
92,660.735473,0.9,0.028773,0.5,0.148500,4.5,18.268000,5.0,O=C1N=NON=N1,,[]
92,740.670140,1.5,0.025540,0.2,0.197700,18.7,16.955000,3.6,O=C(C#N)C#N,,[]
92,788.113621,1.9,0.051463,2.6,0.135500,1.7,14.117000,1.5,C1=NN=CN=N1,,[]
92,800.856456,2.1,0.035739,1.0,0.147500,4.1,18.042000,4.8,O=CC(=O)C#N,,[]
92,826.149481,2.5,0.042699,1.6,0.154300,6.0,17.906000,4.6,O=C1ON=NC=N1,,[]
92,855.199404,2.7,0.045968,2.0,0.115100,0.5,18.951000,5.6,O=CC(=O)C=O,,[]
92,1051.290467,6.7,0.045232,1.9,0.116900,0.5,24.735000,16.7,O=CC(=O)C(=O)C#N,,[]
92,1108.489211,8.5,0.055740,3.7,0.098300,0.0,25.564000,19.9,O=CC(=O)C(=O)C=O,,[]
92,1577.996192,30.8,0.126623,34.0,0.095500,0.0,28.254000,35.1,[O-]C1=COC2=C1C[NH2+]C2,,[]
92,1599.184049,33.0,0.126135,33.5,0.103500,0.1,23.509000,13.3,C1=C2C3C4C1C1C2C3N41,,[]
93,213.087785,0.0,0.021375,0.1,0.361500,98.7,6.002000,0.0,O,,[]
93,276.861573,0.1,0.034358,0.9,0.339900,96.4,6.316000,0.1,N,,[]
93,301.820762,0.1,0.016601,0.0,0.379600,99.3,6.278000,0.1,C#N,,[]
93,358.757206,0.1,0.026603,0.4,0.226300,38.8,6.413000,0.1,C=O,,[]
93,427.706065,0.3,0.020349,0.1,0.259800,57.1,10.401000,0.5,O1N=NN=N1,,[]
93,494.017501,0.4,0.015951,0.0,0.277000,66.0,10.398000,0.5,N#CC#N,,[]
93,551.957961,0.4,0.026540,0.3,0.206600,23.3,11.329000,0.8,O=CC#N,,[]
93,605.972721,0.6,0.025718,0.2,0.246900,49.9,13.622000,1.4,O=C1ON=NO1,,[]
93,612.158710,0.7,0.036943,1.1,0.155500,6.4,12.147000,0.9,O=CC=O,,[]
93,660.735473,0.9,0.028773,0.5,0.148500,4.5,18.268000,5.0,O=C1N=NON=N1,,[]
93,740.670140,1.5,0.025540,0.2,0.197700,18.7,16.955000,3.6,O=C(C#N)C#N,,[]
93,788.113621,1.9,0.051463,2.6,0.135500,1.7,14.117000,1.5,C1=NN=CN=N1,,[]
93,800.856456,2.1,0.035739,1.0,0.147500,4.1,18.042000,4.8,O=CC(=O)C#N,,[]
93,826.149481,2.5,0.042699,1.6,0.154300,6.0,17.906000,4.6,O=C1ON=NC=N1,,[]
93,855.199404,2.7,0.045968,2.0,0.115100,0.5,18.951000,5.6,O=CC(=O)C=O,,[]
93,1051.290467,6.7,0.045232,1.9,0.116900,0.5,24.735000,16.7,O=CC(=O)C(=O)C#N,,[]
93,1108.489211,8.5,0.055740,3.7,0.098300,0.0,25.564000,19.8,O=CC(=O)C(=O)C=O,,[]
93,1577.996192,30.7,0.126623,33.9,0.095500,0.0,28.254000,35.0,[O-]C1=COC2=C1C[NH2+]C2,,[]
93,1599.184049,33.0,0.126135,33.4,0.103500,0.1,23.509000,13.3,C1=C2C3C4C1C1C2C3N41,,[]
94,213.087785,0.0,0.021375,0.1,0.361500,98.7,6.002000,0.0,O,,[]
94,276.861573,0.1,0.034358,0.8,0.339900,96.4,6.316000,0.1,N,,[]
94,301.820762,0.1,0.016601,0.0,0.379600,99.3,6.278000,0.1,C#N,,[]
94,358.757206,0.1,0.026603,0.4,0.226300,38.7,6.413000,0.1,C=O,,[]
94,427.706065,0.3,0.020349,0.1,0.259800,57.0,10.401000,0.5,O1N=NN=N1,,[]
94,494.017501,0.4,0.015951,0.0,0.277000,66.0,10.398000,0.5,N#CC#N,,[]
94,551.957961,0.4,0.026540,0.3,0.206600,23.2,11.329000,0.8,O=CC#N,,[]
94,605.972721,0.6,0.025718,0.2,0.246900,49.8,13.622000,1.4,O=C1ON=NO1,,[]
94,612.158710,0.7,0.036943,1.0,0.155500,6.4,12.147000,0.9,O=CC=O,,[]
94,660.735473,0.9,0.028773,0.5,0.148500,4.5,18.268000,5.0,O=C1N=NON=N1,,[]
94,740.670140,1.5,0.025540,0.2,0.197700,18.6,16.955000,3.7,O=C(C#N)C#N,,[]
94,788.113621,1.9,0.051463,2.6,0.135500,1.7,14.117000,1.5,C1=NN=CN=N1,,[]
94,800.856456,2.1,0.035739,1.0,0.147500,4.1,18.042000,4.8,O=CC(=O)C#N,,[]
94,826.149481,2.5,0.042699,1.6,0.154300,5.9,17.906000,4.6,O=C1ON=NC=N1,,[]
94,855.199404,2.7,0.045968,2.0,0.115100,0.5,18.951000,5.6,O=CC(=O)C=O,,[]
94,1051.290467,6.6,0.045232,1.9,0.116900,0.5,24.735000,16.6,O=CC(=O)C(=O)C#N,,[]
94,1108.489211,8.5,0.055740,3.7,0.098300,0.0,25.564000,19.8,O=CC(=O)C(=O)C=O,,[]
94,1577.996192,30.5,0.126623,33.7,0.095500,0.0,28.254000,34.9,[O-]C1=COC2=C1C[NH2+]C2,,[]
94,1599.184049,32.8,0.126135,33.3,0.103500,0.1,23.509000,13.3,C1=C2C3C4C1C1C2C3N41,,[]
95,213.087785,0.0,0.021375,0.1,0.361500,98.7,6.002000,0.0,O,,[]
95,276.861573,0.1,0.034358,0.8,0.339900,96.4,6.316000,0.1,N,,[]
95,301.820762,0.1,0.016601,0.0,0.379600,99.3,6.278000,0.1,C#N,,[]
95,358.757206,0.1,0.026603,0.4,0.226300,38.6,6.413000,0.1,C=O,,[]
95,427.706065,0.3,0.020349,0.1,0.259800,57.0,10.401000,0.5,O1N=NN=N1,,[]
95,494.017501,0.4,0.015951,0.0,0.277000,65.9,10.398000,0.5,N#CC#N,,[]
95,551.957961,0.4,0.026540,0.3,0.206600,23.1,11.329000,0.8,O=CC#N,,[]
95,605.972721,0.6,0.025718,0.3,0.246900,49.7,13.622000,1.4,O=C1ON=NO1,,[]
95,612.158710,0.7,0.036943,1.0,0.155500,6.3,12.147000,0.9,O=CC=O,,[]
95,660.735473,0.9,0.028773,0.5,0.148500,4.4,18.268000,5.0,O=C1N=NON=N1,,[]
95,740.670140,1.5,0.025540,0.2,0.197700,18.4,16.955000,3.6,O=C(C#N)C#N,,[]
95,788.113621,1.9,0.051463,2.6,0.135500,1.7,14.117000,1.5,C1=NN=CN=N1,,[]
95,800.856456,2.1,0.035739,1.0,0.147500,4.1,18.042000,4.8,O=CC(=O)C#N,,[]
95,826.149481,2.4,0.042699,1.6,0.154300,5.9,17.906000,4.6,O=C1ON=NC=N1,,[]
95,855.199404,2.7,0.045968,2.0,0.115100,0.5,18.951000,5.6,O=CC(=O)C=O,,[]
95,1051.290467,6.6,0.045232,1.9,0.116900,0.6,24.735000,16.6,O=CC(=O)C(=O)C#N,,[]
95,1108.489211,8.4,0.055740,3.7,0.098300,0.0,25.564000,19.7,O=CC(=O)C(=O)C=O,,[]
95,1577.996192,30.4,0.126623,33.6,0.095500,0.0,28.254000,34.8,[O-]C1=COC2=C1C[NH2+]C2,,[]
95,1599.184049,32.7,0.126135,33.1,0.103500,0.1,23.509000,13.2,C1=C2C3C4C1C1C2C3N41,,[]
96,213.087785,0.0,0.021375,0.1,0.361500,98.7,6.002000,0.0,O,,[]
96,276.861573,0.1,0.034358,0.8,0.339900,96.4,6.316000,0.1,N,,[]
96,301.820762,0.1,0.016601,0.0,0.379600,99.3,6.278000,0.1,C#N,,[]
96,358.757206,0.1,0.026603,0.4,0.226300,38.5,6.413000,0.1,C=O,,[]
96,427.706065,0.3,0.020349,0.1,0.259800,57.0,10.401000,0.5,O1N=NN=N1,,[]
96,494.017501,0.4,0.015951,0.0,0.277000,65.9,10.398000,0.5,N#CC#N,,[]
96,551.957961,0.4,0.026540,0.3,0.206600,23.1,11.329000,0.8,O=CC#N,,[]
96,605.972721,0.6,0.025718,0.3,0.246900,49.7,13.622000,1.4,O=C1ON=NO1,,[]
96,612.158710,0.7,0.036943,1.0,0.155500,6.3,12.147000,0.9,O=CC=O,,[]
96,660.735473,0.9,0.028773,0.5,0.148500,4.4,18.268000,5.0,O=C1N=NON=N1,,[]
96,740.670140,1.5,0.025540,0.2,0.197700,18.4,16.955000,3.6,O=C(C#N)C#N,,[]
96,788.113621,1.9,0.051463,2.5,0.135500,1.7,14.117000,1.5,C1=NN=CN=N1,,[]
96,800.856456,2.1,0.035739,1.0,0.147500,4.0,18.042000,4.8,O=CC(=O)C#N,,[]
96,826.149481,2.5,0.042699,1.6,0.154300,5.9,17.906000,4.6,O=C1ON=NC=N1,,[]
96,855.199404,2.7,0.045968,2.0,0.115100,0.5,18.951000,5.6,O=CC(=O)C=O,,[]
96,1051.290467,6.7,0.045232,1.9,0.116900,0.5,24.735000,16.5,O=CC(=O)C(=O)C#N,,[]
96,1108.489211,8.4,0.055740,3.7,0.098300,0.0,25.564000,19.7,O=CC(=O)C(=O)C=O,,[]
96,1577.996192,30.3,0.126623,33.5,0.095500,0.0,28.254000,34.8,[O-]C1=COC2=C1C[NH2+]C2,,[]
96,1599.184049,32.6,0.126135,33.1,0.103500,0.1,23.509000,13.2,C1=C2C3C4C1C1C2C3N41,,[]
97,213.087785,0.0,0.021375,0.1,0.361500,98.7,6.002000,0.0,O,,[]
97,276.861573,0.1,0.034358,0.8,0.339900,96.4,6.316000,0.1,N,,[]
97,301.820762,0.1,0.016601,0.0,0.379600,99.3,6.278000,0.1,C#N,,[]
97,358.757206,0.1,0.026603,0.4,0.226300,38.4,6.413000,0.1,C=O,,[]
97,427.706065,0.3,0.020349,0.1,0.259800,56.9,10.401000,0.5,O1N=NN=N1,,[]
97,494.017501,0.4,0.015951,0.0,0.277000,65.9,10.398000,0.5,N#CC#N,,[]
97,551.957961,0.4,0.026540,0.3,0.206600,23.0,11.329000,0.8,O=CC#N,,[]
97,605.972721,0.6,0.025718,0.3,0.246900,49.6,13.622000,1.4,O=C1ON=NO1,,[]
97,612.158710,0.7,0.036943,1.0,0.155500,6.3,12.147000,0.9,O=CC=O,,[]
97,660.735473,0.9,0.028773,0.5,0.148500,4.4,18.268000,5.0,O=C1N=NON=N1,,[]
97,740.670140,1.5,0.025540,0.2,0.197700,18.3,16.955000,3.6,O=C(C#N)C#N,,[]
97,788.113621,1.9,0.051463,2.5,0.135500,1.7,14.117000,1.5,C1=NN=CN=N1,,[]
97,800.856456,2.1,0.035739,1.0,0.147500,4.0,18.042000,4.8,O=CC(=O)C#N,,[]
97,826.149481,2.5,0.042699,1.6,0.154300,5.9,17.906000,4.6,O=C1ON=NC=N1,,[]
97,855.199404,2.7,0.045968,2.0,0.115100,0.5,18.951000,5.6,O=CC(=O)C=O,,[]
97,1051.290467,6.7,0.045232,1.9,0.116900,0.5,24.735000,16.5,O=CC(=O)C(=O)C#N,,[]
97,1108.489211,8.4,0.055740,3.6,0.098300,0.0,25.564000,19.6,O=CC(=O)C(=O)C=O,,[]
97,1577.996192,30.2,0.126623,33.4,0.095500,0.0,28.254000,34.7,[O-]C1=COC2=C1C[NH2+]C2,,[]
97,1599.184049,32.5,0.126135,32.9,0.103500,0.1,23.509000,13.1,C1=C2C3C4C1C1C2C3N41,,[]
98,213.087785,0.0,0.021375,0.1,0.361500,98.7,6.002000,0.0,O,,[]
98,276.861573,0.1,0.034358,0.8,0.339900,96.4,6.316000,0.1,N,,[]
98,301.820762,0.1,0.016601,0.0,0.379600,99.3,6.278000,0.1,C#N,,[]
98,358.757206,0.1,0.026603,0.4,0.226300,38.4,6.413000,0.1,C=O,,[]
98,427.706065,0.3,0.020349,0.1,0.259800,56.9,10.401000,0.5,O1N=NN=N1,,[]
98,494.017501,0.4,0.015951,0.0,0.277000,65.9,10.398000,0.5,N#CC#N,,[]
98,551.957961,0.4,0.026540,0.3,0.206600,22.9,11.329000,0.8,O=CC#N,,[]
98,605.972721,0.6,0.025718,0.3,0.246900,49.6,13.622000,1.4,O=C1ON=NO1,,[]
98,612.158710,0.7,0.036943,1.0,0.155500,6.3,12.147000,0.9,O=CC=O,,[]
98,660.735473,0.9,0.028773,0.5,0.148500,4.4,18.268000,4.9,O=C1N=NON=N1,,[]
98,740.670140,1.5,0.025540,0.2,0.197700,18.2,16.955000,3.6,O=C(C#N)C#N,,[]
98,788.113621,1.9,0.051463,2.5,0.135500,1.7,14.117000,1.5,C1=NN=CN=N1,,[]
98,800.856456,2.1,0.035739,0.9,0.147500,4.0,18.042000,4.8,O=CC(=O)C#N,,[]
98,826.149481,2.4,0.042699,1.6,0.154300,5.8,17.906000,4.6,O=C1ON=NC=N1,,[]
98,855.199404,2.7,0.045968,2.0,0.115100,0.5,18.951000,5.5,O=CC(=O)C=O,,[]
98,1051.290467,6.6,0.045232,1.8,0.116900,0.5,24.735000,16.4,O=CC(=O)C(=O)C#N,,[]
98,1108.489211,8.4,0.055740,3.6,0.098300,0.0,25.564000,19.6,O=CC(=O)C(=O)C=O,,[]
98,1577.996192,30.2,0.126623,33.4,0.095500,0.0,28.254000,34.6,[O-]C1=COC2=C1C[NH2+]C2,,[]
98,1599.184049,32.5,0.126135,32.9,0.103500,0.1,23.509000,13.1,C1=C2C3C4C1C1C2C3N41,,[]
99,213.087785,0.0,0.021375,0.1,0.361500,98.7,6.002000,0.0,O,,[]
99,276.861573,0.1,0.034358,0.8,0.339900,96.4,6.316000,0.1,N,,[]
99,301.820762,0.1,0.016601,0.0,0.379600,99.3,6.278000,0.1,C#N,,[]
99,358.757206,0.2,0.026603,0.4,0.226300,38.3,6.413000,0.2,C=O,,[]
99,427.706065,0.3,0.020349,0.1,0.259800,56.8,10.401000,0.5,O1N=NN=N1,,[]
99,494.017501,0.4,0.015951,0.0,0.277000,65.9,10.398000,0.5,N#CC#N,,[]
99,551.957961,0.4,0.026540,0.3,0.206600,22.9,11.329000,0.8,O=CC#N,,[]
99,605.972721,0.6,0.025718,0.3,0.246900,49.5,13.622000,1.4,O=C1ON=NO1,,[]
99,612.158710,0.7,0.036943,1.0,0.155500,6.3,12.147000,0.9,O=CC=O,,[]
99,660.735473,0.9,0.028773,0.5,0.148500,4.4,18.268000,4.9,O=C1N=NON=N1,,[]
99,740.670140,1.5,0.025540,0.2,0.197700,18.2,16.955000,3.6,O=C(C#N)C#N,,[]
99,788.113621,1.9,0.051463,2.5,0.135500,1.7,14.117000,1.5,C1=NN=CN=N1,,[]
99,800.856456,2.1,0.035739,0.9,0.147500,4.0,18.042000,4.8,O=CC(=O)C#N,,[]
99,826.149481,2.4,0.042699,1.6,0.154300,5.8,17.906000,4.6,O=C1ON=NC=N1,,[]
99,855.199404,2.7,0.045968,2.0,0.115100,0.5,18.951000,5.5,O=CC(=O)C=O,,[]
99,1051.290467,6.6,0.045232,1.8,0.116900,0.5,24.735000,16.4,O=CC(=O)C(=O)C#N,,[]
99,1108.489211,8.4,0.055740,3.6,0.098300,0.0,25.564000,19.5,O=CC(=O)C(=O)C=O,,[]
99,1577.996192,30.1,0.126623,33.2,0.095500,0.0,28.254000,34.5,[O-]C1=COC2=C1C[NH2+]C2,,[]
99,1599.184049,32.4,0.126135,32.7,0.103500,0.1,23.509000,13.0,C1=C2C3C4C1C1C2C3N41,,[]
100,213.087785,0.0,0.021375,0.1,0.361500,98.7,6.002000,0.0,O,,[]
100,276.861573,0.1,0.034358,0.8,0.339900,96.4,6.316000,0.1,N,,[]
100,301.820762,0.1,0.016601,0.0,0.379600,99.3,6.278000,0.1,C#N,,[]
100,358.757206,0.2,0.026603,0.4,0.226300,38.3,6.413000,0.2,C=O,,[]
100,427.706065,0.3,0.020349,0.1,0.259800,56.8,10.401000,0.5,O1N=NN=N1,,[]
100,494.017501,0.4,0.015951,0.0,0.277000,65.9,10.398000,0.5,N#CC#N,,[]
100,551.957961,0.4,0.026540,0.3,0.206600,22.9,11.329000,0.8,O=CC#N,,[]
100,605.972721,0.6,0.025718,0.3,0.246900,49.5,13.622000,1.4,O=C1ON=NO1,,[]
100,612.158710,0.7,0.036943,1.0,0.155500,6.2,12.147000,0.9,O=CC=O,,[]
100,660.735473,0.9,0.028773,0.5,0.148500,4.4,18.268000,4.9,O=C1N=NON=N1,,[]
100,740.670140,1.5,0.025540,0.2,0.197700,18.1,16.955000,3.6,O=C(C#N)C#N,,[]
100,788.113621,1.9,0.051463,2.5,0.135500,1.7,14.117000,1.5,C1=NN=CN=N1,,[]
100,800.856456,2.1,0.035739,0.9,0.147500,4.0,18.042000,4.7,O=CC(=O)C#N,,[]
100,826.149481,2.4,0.042699,1.6,0.154300,5.8,17.906000,4.6,O=C1ON=NC=N1,,[]
100,855.199404,2.7,0.045968,2.0,0.115100,0.5,18.951000,5.5,O=CC(=O)C=O,,[]
100,1051.290467,6.6,0.045232,1.8,0.116900,0.5,24.735000,16.3,O=CC(=O)C(=O)C#N,,[]
100,1108.489211,8.3,0.055740,3.6,0.098300,0.0,25.564000,19.5,O=CC(=O)C(=O)C=O,,[]
100,1577.996192,30.0,0.126623,33.2,0.095500,0.0,28.254000,34.4,[O-]C1=COC2=C1C[NH2+]C2,,[]
100,1599.184049,32.3,0.126135,32.7,0.103500,0.1,23.509000,13.0,C1=C2C3C4C1C1C2C3N41,,[]
101,213.087785,0.0,0.021375,0.1,0.361500,98.7,6.002000,0.0,O,,[]
101,276.861573,0.1,0.034358,0.8,0.339900,96.4,6.316000,0.1,N,,[]
101,301.820762,0.1,0.016601,0.0,0.379600,99.3,6.278000,0.1,C#N,,[]
101,358.757206,0.1,0.026603,0.4,0.226300,38.1,6.413000,0.1,C=O,,[]
101,427.706065,0.3,0.020349,0.1,0.259800,56.7,10.401000,0.5,O1N=NN=N1,,[]
101,494.017501,0.4,0.015951,0.0,0.277000,65.8,10.398000,0.5,N#CC#N,,[]
101,551.957961,0.4,0.026540,0.3,0.206600,22.7,11.329000,0.8,O=CC#N,,[]
101,605.972721,0.6,0.025718,0.3,0.246900,49.3,13.622000,1.4,O=C1ON=NO1,,[]
101,612.158710,0.7,0.036943,1.0,0.155500,6.2,12.147000,0.9,O=CC=O,,[]
101,660.735473,0.9,0.028773,0.5,0.148500,4.3,18.268000,4.9,O=C1N=NON=N1,,[]
101,740.670140,1.5,0.025540,0.2,0.197700,18.0,16.955000,3.6,O=C(C#N)C#N,,[]
101,788.113621,1.9,0.051463,2.5,0.135500,1.7,14.117000,1.5,C1=NN=CN=N1,,[]
101,800.856456,2.1,0.035739,0.9,0.147500,4.0,18.042000,4.7,O=CC(=O)C#N,,[]
101,826.149481,2.4,0.042699,1.6,0.154300,5.8,17.906000,4.5,O=C1ON=NC=N1,,[]
101,855.199404,2.7,0.045968,2.0,0.115100,0.5,18.951000,5.4,O=CC(=O)C=O,,[]
101,1051.290467,6.5,0.045232,1.8,0.116900,0.5,24.735000,16.3,O=CC(=O)C(=O)C#N,,[]
101,1108.489211,8.3,0.055740,3.6,0.098300,0.0,25.564000,19.3,O=CC(=O)C(=O)C=O,,[]
101,1577.996192,29.9,0.126623,33.0,0.095500,0.0,28.254000,34.3,[O-]C1=COC2=C1C[NH2+]C2,,[]
101,1599.184049,32.2,0.126135,32.5,0.103500,0.1,23.509000,12.9,C1=C2C3C4C1C1C2C3N41,,[]
