generation,E_at,E_at_percentile,zvpe,zvpe_percentile,e_gap,e_gap_percentile,C_v,C_v_percentile,SMILES,coordList,functionalization
1,1111.285393,0.0,0.079569,0.0,0.239200,42.0,20.600000,2.0,CN1N=COC1=O,,[]
1,1216.111478,2.0,0.109407,6.0,0.291700,76.0,18.623000,0.0,C1C2C1N1CC21,,[]
1,1403.766931,10.0,0.115068,12.0,0.148400,0.0,31.092000,46.0,NC1=C(N)C(=N)N=NN1,,[]
1,1510.415304,16.0,0.119915,14.0,0.223600,30.0,27.063000,14.0,CC1=CNC(=O)OC1,,[]
1,1548.456183,18.0,0.129951,20.0,0.212200,16.0,28.820000,24.0,CN=C1OC=CN1C,,[]
1,1608.231481,28.0,0.127031,16.0,0.199000,12.0,30.357000,34.0,NC1=CC(=O)NC=NC1,,[]
1,1693.132885,36.0,0.136646,40.0,0.205300,14.0,29.183000,28.0,CC12COC(OC1)C2=O,,[]
1,1782.175225,54.0,0.149309,50.0,0.190200,4.0,30.717000,40.0,ON=C1C=CCC2CC12,,[]
2,213.087785,0.0,0.021375,0.0,0.361500,99.3,6.002000,0.0,O,,[]
2,1111.229545,0.7,0.096396,12.7,0.283400,84.7,23.603000,6.7,NC(CO)C#N,,[]
2,1111.285393,1.3,0.079569,3.3,0.239200,60.0,20.600000,2.7,CN1N=COC1=O,,[]
2,1132.994083,2.0,0.072412,0.7,0.187000,14.7,24.105000,7.3,NC1=NC(C=O)=NO1,,[]
2,1154.458045,2.7,0.097425,13.3,0.287800,87.3,20.503000,2.0,N#CCC1CN1,,[]
2,1201.915331,3.3,0.085671,5.3,0.183900,12.7,24.209000,8.0,NC1=NN(C=O)N=C1,,[]
2,1216.111478,4.0,0.109407,25.3,0.291700,88.7,18.623000,0.7,C1C2C1N1CC21,,[]
2,1247.614964,5.3,0.074701,2.0,0.178900,7.3,27.218000,23.3,CC1=C(F)N=NOC1=O,,[]
2,1257.619975,6.7,0.089197,8.0,0.218400,38.0,21.241000,3.3,N1C=NC2=C1C=NN2,,[]
2,1314.358127,10.0,0.105329,20.7,0.256900,74.7,19.696000,1.3,C1CC2=CN=CN12,,[]
2,1319.909703,11.3,0.087317,6.0,0.174900,6.7,28.458000,34.0,OCC1=CN=NOC1=O,,[]
2,1325.586781,12.0,0.095061,11.3,0.207700,30.7,22.655000,4.7,O=CC12C3C4C1N4C23,,[]
2,1381.174080,16.0,0.100775,16.7,0.156500,2.0,28.127000,31.3,COC1=NOC(=N)C=N1,,[]
2,1403.766931,20.7,0.115068,41.3,0.148400,0.7,31.092000,68.0,NC1=C(N)C(=N)N=NN1,,[]
2,1422.186217,24.0,0.107868,24.0,0.160700,3.3,25.306000,12.0,CN=C1OC=CN=C1,,[]
2,1437.886504,26.0,0.092302,10.0,0.145500,0.0,23.467000,6.0,O1C=CC2=CC=NC2=N1,,[]
3,213.087785,0.0,0.021375,0.0,0.361500,99.2,6.002000,0.0,O,,[]
3,756.104363,0.4,0.060632,3.2,0.287200,91.2,15.855000,0.4,OCC#C,,[]
3,901.820848,0.8,0.064276,4.4,0.242100,72.8,16.736000,0.8,O=C1NC=NN1,,[]
3,922.371783,1.2,0.033003,0.4,0.248800,77.6,23.497000,9.6,FC(F)(F)C#CC#N,,[]
3,942.474049,1.6,0.047857,1.6,0.221500,58.0,21.031000,4.0,O=CN1N=NOC1=O,,[]
3,972.657883,2.0,0.039131,0.8,0.180100,21.2,24.118000,11.6,FC1=C(F)C(=O)ON=N1,,[]
3,1023.841948,2.4,0.060068,2.8,0.159000,9.2,21.797000,5.6,FC1=NOC(=N)C=N1,,[]
3,1030.167871,2.8,0.041399,1.2,0.234400,67.2,22.647000,7.2,FC1=NC(=O)N=C(F)O1,,[]
3,1111.285393,4.4,0.079569,14.8,0.239200,71.6,20.600000,3.2,CN1N=COC1=O,,[]
3,1173.966687,8.0,0.081528,17.2,0.201300,42.4,19.287000,1.6,OC1=CN=CC=N1,,[]
3,1178.565704,8.4,0.075479,10.4,0.227000,62.4,19.678000,2.0,O1C=CN2C=NN=C12,,[]
3,1187.514616,9.2,0.064207,4.0,0.146400,4.4,25.048000,17.6,O=CC(=O)C1=NON=C1,,[]
3,1252.181350,15.6,0.058203,2.4,0.160900,11.2,27.635000,39.2,C#CC#CC#CC#C,,[]
3,1252.590486,16.0,0.080839,16.8,0.129500,0.4,22.789000,8.0,N1N=NC2=CN=CC2=N1,,[]
3,1285.209056,20.0,0.092027,31.2,0.193400,36.0,20.718000,3.6,O=CN1C=CC=C1,,[]
3,1295.492054,20.8,0.079728,15.6,0.153000,6.4,22.813000,8.4,O1N=CC2=CC=NC2=N1,,[]
3,1315.069095,24.4,0.074803,9.6,0.143200,2.8,28.281000,46.8,O=C(C#N)C(=O)C1CO1,,[]
3,1380.613087,34.8,0.100759,40.4,0.081400,0.0,30.409000,73.2,NC=[NH+]C1=NOC([O-])=C1,,[]
3,1399.754636,42.0,0.077335,12.4,0.139900,2.0,26.592000,30.0,O=C1C=CC(C#N)C1=O,,[]
4,213.087785,0.0,0.021375,0.0,0.361500,99.4,6.002000,0.0,O,,[]
4,670.268597,0.3,0.055410,2.6,0.322200,98.9,12.482000,0.6,CC#C,,[]
4,756.104363,0.6,0.060632,5.4,0.287200,91.1,15.855000,1.1,OCC#C,,[]
4,784.640984,0.9,0.059116,3.7,0.271500,85.1,12.360000,0.3,N1C=NN=C1,,[]
4,820.149863,1.1,0.064539,8.6,0.219400,55.4,16.955000,2.6,NC1=NNN=N1,,[]
4,873.688343,1.4,0.063735,6.6,0.228400,62.9,16.777000,2.3,OC1=CNN=N1,,[]
4,877.401317,1.7,0.044413,1.1,0.235500,67.4,17.407000,3.1,N#CC1=NON=C1,,[]
4,901.820848,2.0,0.064276,8.0,0.242100,72.0,16.736000,2.0,O=C1NC=NN1,,[]
4,922.371783,2.3,0.033003,0.3,0.248800,75.7,23.497000,19.4,FC(F)(F)C#CC#N,,[]
4,942.474049,2.9,0.047857,1.7,0.221500,58.0,21.031000,9.4,O=CN1N=NOC1=O,,[]
4,942.772116,3.1,0.079595,27.4,0.254200,79.1,16.197000,1.4,O=CN1CC1,,[]
4,958.075190,4.3,0.066349,10.9,0.188500,28.9,22.620000,15.4,NC1=C(O)N=NO1,,[]
4,962.767706,4.6,0.046718,1.4,0.190000,30.9,21.875000,13.1,C#CC#CC#C,,[]
4,972.657883,4.9,0.039131,0.6,0.180100,20.0,24.118000,22.0,FC1=C(F)C(=O)ON=N1,,[]
4,979.719874,5.1,0.057617,2.9,0.225100,60.9,16.669000,1.7,FC1=NC=NC=N1,,[]
4,1023.597219,6.0,0.061327,6.3,0.200800,40.9,20.514000,7.7,O=N(=O)C1=COC=N1,,[]
4,1023.841948,6.3,0.060068,4.6,0.159000,7.7,21.797000,12.6,FC1=NOC(=N)C=N1,,[]
4,1028.867044,6.6,0.068221,12.9,0.203700,43.4,19.066000,5.4,O=CC1=CNN=N1,,[]
4,1030.167871,6.9,0.041399,0.9,0.234400,66.0,22.647000,15.7,FC1=NC(=O)N=C(F)O1,,[]
4,1066.232095,7.4,0.052846,2.3,0.145500,2.6,25.132000,28.6,N=C1ON=NC(=N1)C#N,,[]
4,1083.134063,8.6,0.060067,4.3,0.191000,33.4,21.673000,12.0,FC1=NOC=CC1=O,,[]
4,1085.508559,8.9,0.068855,13.4,0.206900,46.3,18.010000,4.3,FC1=CN=CN=C1,,[]
4,1088.221282,9.4,0.060107,4.9,0.187500,27.7,21.078000,10.0,FC1=NN=C(F)C=C1,,[]
4,1091.232073,10.6,0.063859,6.9,0.150100,4.9,23.724000,20.3,CC(=O)C(=O)C#N,,[]
4,1107.653368,12.6,0.060824,5.7,0.201500,42.0,20.724000,8.6,FC1=CN=C(F)C=N1,,[]
4,1173.966687,19.1,0.081528,29.4,0.201300,41.4,19.287000,5.7,OC1=CN=CC=N1,,[]
4,1181.136610,20.3,0.079159,26.6,0.172900,15.1,19.642000,6.0,O=C1C=CC2OC12,,[]
4,1187.514616,20.9,0.064207,7.7,0.146400,3.4,25.048000,27.1,O=CC(=O)C1=NON=C1,,[]
4,1252.590486,28.9,0.080839,29.1,0.129500,0.3,22.789000,16.9,N1N=NC2=CN=CC2=N1,,[]
4,1295.492054,34.6,0.079728,28.0,0.153000,5.1,22.813000,17.1,O1N=CC2=CC=NC2=N1,,[]
4,1315.069095,38.0,0.074803,18.3,0.143200,2.0,28.281000,58.9,O=C(C#N)C(=O)C1CO1,,[]
4,1380.613087,50.3,0.100759,56.6,0.081400,0.0,30.409000,78.3,NC=[NH+]C1=NOC([O-])=C1,,[]
4,1399.754636,56.9,0.077335,22.0,0.139900,1.4,26.592000,40.9,O=C1C=CC(C#N)C1=O,,[]
5,213.087785,0.0,0.021375,0.0,0.361500,99.1,6.002000,0.0,O,,[]
5,670.268597,0.2,0.055410,2.7,0.322200,97.8,12.482000,0.4,CC#C,,[]
5,756.104363,0.4,0.060632,6.0,0.287200,91.1,15.855000,1.8,OCC#C,,[]
5,784.640984,0.7,0.059116,4.0,0.271500,85.8,12.360000,0.2,N1C=NN=C1,,[]
5,820.149863,0.9,0.064539,9.3,0.219400,57.3,16.955000,3.1,NC1=NNN=N1,,[]
5,860.051307,1.1,0.055030,2.4,0.302200,94.2,17.258000,3.6,C#CCC#N,,[]
5,873.688343,1.3,0.063735,7.6,0.228400,64.4,16.777000,2.9,OC1=CNN=N1,,[]
5,877.401317,1.6,0.044413,0.9,0.235500,69.6,17.407000,3.8,N#CC1=NON=C1,,[]
5,901.820848,1.8,0.064276,8.9,0.242100,73.3,16.736000,2.7,O=C1NC=NN1,,[]
5,922.371783,2.0,0.033003,0.2,0.248800,76.7,23.497000,26.9,FC(F)(F)C#CC#N,,[]
5,928.346929,2.2,0.059833,4.4,0.234000,67.6,19.861000,9.3,OC(C=O)C#N,,[]
5,942.474049,2.9,0.047857,1.6,0.221500,59.8,21.031000,12.9,O=CN1N=NOC1=O,,[]
5,942.772116,3.1,0.079595,33.1,0.254200,79.8,16.197000,2.2,O=CN1CC1,,[]
5,947.807880,3.6,0.049482,1.8,0.173400,16.7,19.145000,7.1,O1C=C2ON=NC2=N1,,[]
5,952.090005,4.0,0.062716,7.3,0.247800,76.4,15.897000,2.0,O=C1CN=CO1,,[]
5,961.520844,5.3,0.055700,2.9,0.188900,30.7,17.899000,4.2,O=CC1=NC=NO1,,[]
5,962.767706,5.6,0.046718,1.1,0.190000,32.0,21.875000,17.3,C#CC#CC#C,,[]
5,972.657883,5.8,0.039131,0.4,0.180100,21.6,24.118000,29.1,FC1=C(F)C(=O)ON=N1,,[]
5,979.719874,6.2,0.057617,3.3,0.225100,62.4,16.669000,2.4,FC1=NC=NC=N1,,[]
5,1004.244827,6.9,0.067602,13.6,0.159400,9.6,19.151000,7.6,N=C1ON=CC=N1,,[]
5,1022.511000,8.4,0.082433,36.2,0.252800,78.7,14.821000,0.9,N1C=CC=C1,,[]
5,1023.841948,9.1,0.060068,4.9,0.159000,9.1,21.797000,16.4,FC1=NOC(=N)C=N1,,[]
5,1030.167871,9.6,0.041399,0.7,0.234400,68.2,22.647000,21.6,FC1=NC(=O)N=C(F)O1,,[]
5,1031.040737,9.8,0.065376,10.7,0.156600,7.3,25.865000,39.8,NC1=NON=C1N(=O)=O,,[]
5,1066.232095,11.1,0.052846,2.2,0.145500,2.7,25.132000,35.3,N=C1ON=NC(=N1)C#N,,[]
5,1073.861983,12.0,0.060159,5.3,0.156600,7.3,22.178000,19.6,C#CC1=NC=NN=N1,,[]
5,1091.232073,14.4,0.063859,8.0,0.150100,5.1,23.724000,27.8,CC(=O)C(=O)C#N,,[]
5,1127.712964,19.1,0.047464,1.3,0.166100,13.8,24.540000,31.3,O=CC#CC#CC#N,,[]
5,1187.514616,26.4,0.064207,8.7,0.146400,3.8,25.048000,34.0,O=CC(=O)C1=NON=C1,,[]
5,1252.590486,36.0,0.080839,34.7,0.129500,0.4,22.789000,23.1,N1N=NC2=CN=CC2=N1,,[]
5,1261.424565,37.8,0.084029,37.6,0.118200,0.2,25.763000,39.3,NC1=NCC(=O)C1=O,,[]
5,1289.421528,41.3,0.079356,32.4,0.135300,1.1,23.189000,25.8,O1N=CC2=CN=CC2=N1,,[]
5,1295.492054,42.0,0.079728,33.6,0.153000,5.3,22.813000,23.3,O1N=CC2=CC=NC2=N1,,[]
5,1315.069095,46.2,0.074803,21.8,0.143200,2.2,28.281000,63.8,O=C(C#N)C(=O)C1CO1,,[]
5,1380.613087,58.7,0.100759,63.8,0.081400,0.0,30.409000,82.2,NC=[NH+]C1=NOC([O-])=C1,,[]
5,1399.754636,64.4,0.077335,26.4,0.139900,1.6,26.592000,47.8,O=C1C=CC(C#N)C1=O,,[]
6,213.087785,0.0,0.021375,0.0,0.361500,98.5,6.002000,0.0,O,,[]
6,670.268597,0.2,0.055410,3.1,0.322200,94.0,12.482000,0.4,CC#C,,[]
6,756.104363,0.4,0.060632,6.5,0.287200,87.5,15.855000,1.5,OCC#C,,[]
6,784.640984,0.5,0.059116,4.2,0.271500,82.7,12.360000,0.2,N1C=NN=C1,,[]
6,820.149863,0.7,0.064539,9.8,0.219400,54.5,16.955000,2.7,NC1=NNN=N1,,[]
6,839.487194,0.9,0.054510,2.7,0.211800,48.4,16.963000,2.9,CC(=O)C#N,,[]
6,848.879756,1.1,0.035271,0.5,0.166200,13.8,20.219000,9.6,FC1=NC(=O)ON=N1,,[]
6,873.688343,1.5,0.063735,8.2,0.228400,62.5,16.777000,2.4,OC1=CNN=N1,,[]
6,877.401317,1.6,0.044413,1.1,0.235500,67.3,17.407000,3.5,N#CC1=NON=C1,,[]
6,901.820848,1.8,0.064276,9.5,0.242100,70.5,16.736000,2.2,O=C1NC=NN1,,[]
6,922.371783,2.0,0.033003,0.2,0.248800,73.6,23.497000,27.1,FC(F)(F)C#CC#N,,[]
6,936.198955,3.1,0.044521,1.3,0.165400,13.1,25.306000,38.0,N=C1N=NON=NC1=O,,[]
6,942.772116,3.5,0.079595,33.8,0.254200,76.9,16.197000,1.8,O=CN1CC1,,[]
6,947.807880,3.8,0.049482,2.0,0.173400,16.7,19.145000,6.9,O1C=C2ON=NC2=N1,,[]
6,952.090005,4.2,0.062716,7.8,0.247800,73.3,15.897000,1.6,O=C1CN=CO1,,[]
6,961.520844,5.5,0.055700,3.3,0.188900,29.6,17.899000,4.0,O=CC1=NC=NO1,,[]
6,979.719874,6.4,0.057617,3.6,0.225100,60.0,16.669000,2.0,FC1=NC=NC=N1,,[]
6,1004.244827,6.9,0.067602,14.0,0.159400,9.5,19.151000,7.3,N=C1ON=CC=N1,,[]
6,1016.725990,8.2,0.052048,2.2,0.160100,10.2,24.066000,28.5,O=CC(=O)N1N=NN=N1,,[]
6,1022.511000,8.5,0.082433,36.5,0.252800,76.0,14.821000,0.7,N1C=CC=C1,,[]
6,1023.841948,9.1,0.060068,4.9,0.159000,8.9,21.797000,16.4,FC1=NOC(=N)C=N1,,[]
6,1031.040737,9.8,0.065376,11.5,0.156600,6.9,25.865000,41.3,NC1=NON=C1N(=O)=O,,[]
6,1066.232095,11.8,0.052846,2.5,0.145500,3.1,25.132000,36.2,N=C1ON=NC(=N1)C#N,,[]
6,1073.861983,13.1,0.060159,5.3,0.156600,6.9,22.178000,19.1,C#CC1=NC=NN=N1,,[]
6,1091.232073,15.5,0.063859,8.5,0.150100,5.1,23.724000,28.0,CC(=O)C(=O)C#N,,[]
6,1127.712964,19.8,0.047464,1.6,0.166100,13.6,24.540000,31.8,O=CC#CC#CC#N,,[]
6,1175.807172,25.6,0.074476,21.6,0.130800,0.9,29.775000,77.8,NC1=C(F)C(=N)N=NO1,,[]
6,1187.514616,26.9,0.064207,9.3,0.146400,4.0,25.048000,34.9,O=CC(=O)C1=NON=C1,,[]
6,1238.041052,34.0,0.063181,8.0,0.141900,2.2,29.848000,78.5,NC(=O)C(=O)C(=O)C#N,,[]
6,1252.590486,36.5,0.080839,35.1,0.129500,0.5,22.789000,22.9,N1N=NC2=CN=CC2=N1,,[]
6,1261.424565,38.4,0.084029,37.8,0.118200,0.2,25.763000,40.9,NC1=NCC(=O)C1=O,,[]
6,1289.421528,41.6,0.079356,33.3,0.135300,1.3,23.189000,25.6,O1N=CC2=CN=CC2=N1,,[]
6,1295.492054,42.4,0.079728,34.2,0.153000,5.3,22.813000,23.1,O1N=CC2=CC=NC2=N1,,[]
6,1315.069095,46.2,0.074803,22.2,0.143200,2.5,28.281000,65.5,O=C(C#N)C(=O)C1CO1,,[]
6,1336.210516,50.2,0.101832,63.8,0.143400,2.7,22.671000,22.2,O=C1CCCC1=O,,[]
6,1380.613087,57.1,0.100759,61.5,0.081400,0.0,30.409000,83.3,NC=[NH+]C1=NOC([O-])=C1,,[]
6,1399.754636,62.0,0.077335,26.7,0.139900,1.8,26.592000,48.5,O=C1C=CC(C#N)C1=O,,[]
7,213.087785,0.0,0.021375,0.2,0.361500,98.5,6.002000,0.0,O,,[]
7,494.017501,0.2,0.015951,0.0,0.277000,84.9,10.398000,0.2,N#CC#N,,[]
7,784.640984,0.6,0.059116,5.1,0.271500,82.9,12.360000,0.3,N1C=NN=C1,,[]
7,820.149863,0.8,0.064539,11.2,0.219400,54.8,16.955000,2.6,NC1=NNN=N1,,[]
7,820.976292,0.9,0.054731,3.7,0.235200,67.4,18.527000,6.5,NC(=O)C#C,,[]
7,839.487194,1.1,0.054510,3.5,0.211800,48.3,16.963000,2.8,CC(=O)C#N,,[]
7,848.879756,1.2,0.035271,0.6,0.166200,13.1,20.219000,10.6,FC1=NC(=O)ON=N1,,[]
7,857.729522,1.4,0.062456,8.9,0.196500,34.8,17.458000,3.7,NC1=CON=N1,,[]
7,873.688343,1.7,0.063735,9.8,0.228400,62.6,16.777000,2.3,OC1=CNN=N1,,[]
7,877.401317,1.8,0.044413,1.2,0.235500,67.5,17.407000,3.5,N#CC1=NON=C1,,[]
7,882.797898,2.0,0.048818,2.3,0.196900,35.1,19.710000,8.9,O=N(=O)C1=NC=NO1,,[]
7,900.920999,2.2,0.045022,1.5,0.242200,70.9,17.121000,2.9,N#CC1=NOC=N1,,[]
7,901.820848,2.3,0.064276,10.9,0.242100,70.8,16.736000,2.2,O=C1NC=NN1,,[]
7,922.371783,2.5,0.033003,0.3,0.248800,73.8,23.497000,29.8,FC(F)(F)C#CC#N,,[]
7,936.198955,3.5,0.044521,1.4,0.165400,12.3,25.306000,42.3,N=C1N=NON=NC1=O,,[]
7,942.772116,3.8,0.079595,36.9,0.254200,77.1,16.197000,1.8,O=CN1CC1,,[]
7,947.807880,4.2,0.049482,2.5,0.173400,15.7,19.145000,7.5,O1C=C2ON=NC2=N1,,[]
7,952.090005,4.5,0.062716,9.2,0.247800,73.5,15.897000,1.7,O=C1CN=CO1,,[]
7,961.520844,5.5,0.055700,4.2,0.188900,28.5,17.899000,4.2,O=CC1=NC=NO1,,[]
7,979.719874,6.5,0.057617,4.6,0.225100,59.8,16.669000,2.0,FC1=NC=NC=N1,,[]
7,985.434603,6.9,0.049541,2.6,0.155600,6.3,20.332000,11.2,N#CC1=NC=NN=N1,,[]
7,1004.244827,7.4,0.067602,16.0,0.159400,9.2,19.151000,7.8,N=C1ON=CC=N1,,[]
7,1022.511000,9.4,0.082433,40.2,0.252800,76.3,14.821000,0.8,N1C=CC=C1,,[]
7,1066.232095,13.2,0.052846,3.1,0.145500,3.2,25.132000,40.3,N=C1ON=NC(=N1)C#N,,[]
7,1077.773250,15.1,0.069424,18.2,0.153600,5.4,24.516000,35.2,CC1=NON=NC1=O,,[]
7,1091.232073,17.1,0.063859,10.2,0.150100,4.9,23.724000,31.1,CC(=O)C(=O)C#N,,[]
7,1127.712964,21.8,0.047464,1.8,0.166100,12.9,24.540000,35.5,O=CC#CC#CC#N,,[]
7,1175.807172,27.7,0.074476,24.3,0.130800,0.8,29.775000,80.3,NC1=C(F)C(=N)N=NO1,,[]
7,1187.514616,29.2,0.064207,10.8,0.146400,4.0,25.048000,38.9,O=CC(=O)C1=NON=C1,,[]
7,1238.041052,37.7,0.063181,9.5,0.141900,2.0,29.848000,80.9,NC(=O)C(=O)C(=O)C#N,,[]
7,1252.590486,41.2,0.080839,38.3,0.129500,0.5,22.789000,25.5,N1N=NC2=CN=CC2=N1,,[]
7,1261.424565,42.8,0.084029,41.8,0.118200,0.2,25.763000,45.1,NC1=NCC(=O)C1=O,,[]
7,1280.413629,44.5,0.077650,31.7,0.144800,2.9,24.611000,36.5,O1N=NC2=CC=CC2=N1,,[]
7,1289.421528,46.0,0.079356,36.5,0.135300,1.1,23.189000,28.5,O1N=CC2=CN=CC2=N1,,[]
7,1295.492054,46.6,0.079728,37.2,0.153000,5.1,22.813000,25.7,O1N=CC2=CC=NC2=N1,,[]
7,1315.069095,50.6,0.074803,24.8,0.143200,2.5,28.281000,68.9,O=C(C#N)C(=O)C1CO1,,[]
7,1336.210516,54.6,0.101832,67.4,0.143400,2.6,22.671000,24.5,O=C1CCCC1=O,,[]
7,1380.613087,61.5,0.100759,65.1,0.081400,0.0,30.409000,85.5,NC=[NH+]C1=NOC([O-])=C1,,[]
7,1399.754636,65.8,0.077335,29.8,0.139900,1.7,26.592000,52.6,O=C1C=CC(C#N)C1=O,,[]
7,1405.946272,66.9,0.077211,29.4,0.139200,1.4,26.783000,54.6,O=C1CC=C(C#N)C1=O,,[]
8,213.087785,0.0,0.021375,0.3,0.361500,98.3,6.002000,0.0,O,,[]
8,478.904563,0.1,0.017147,0.1,0.622100,99.9,12.639000,0.5,FC(F)(F)F,,[]
8,494.017501,0.3,0.015951,0.0,0.277000,85.6,10.398000,0.1,N#CC#N,,[]
8,734.216833,0.5,0.035547,0.8,0.200400,39.2,19.569000,9.5,O=N(=O)C1=NON=N1,,[]
8,784.640984,0.9,0.059116,5.3,0.271500,83.6,12.360000,0.3,N1C=NN=C1,,[]
8,818.179483,1.1,0.043872,1.3,0.167200,14.3,16.536000,2.4,FC1=NC=NN=N1,,[]
8,848.879756,1.6,0.035271,0.7,0.166200,13.9,20.219000,12.0,FC1=NC(=O)ON=N1,,[]
8,922.371783,3.1,0.033003,0.4,0.248800,75.1,23.497000,30.8,FC(F)(F)C#CC#N,,[]
8,936.198955,4.3,0.044521,1.6,0.165400,13.2,25.306000,44.0,N=C1N=NON=NC1=O,,[]
8,942.772116,4.5,0.079595,38.7,0.254200,78.0,16.197000,2.3,O=CN1CC1,,[]
8,952.090005,5.2,0.062716,9.3,0.247800,74.8,15.897000,2.1,O=C1CN=CO1,,[]
8,985.434603,7.7,0.049541,2.7,0.155600,6.9,20.332000,12.5,N#CC1=NC=NN=N1,,[]
8,1004.244827,8.1,0.067602,16.8,0.159400,10.0,19.151000,8.7,N=C1ON=CC=N1,,[]
8,1022.511000,9.9,0.082433,42.0,0.252800,77.2,14.821000,1.1,N1C=CC=C1,,[]
8,1066.232095,13.7,0.052846,3.3,0.145500,3.2,25.132000,42.3,N=C1ON=NC(=N1)C#N,,[]
8,1077.773250,15.3,0.069424,19.5,0.153600,6.0,24.516000,36.9,CC1=NON=NC1=O,,[]
8,1091.232073,17.6,0.063859,10.4,0.150100,5.5,23.724000,32.1,CC(=O)C(=O)C#N,,[]
8,1127.712964,22.3,0.047464,2.0,0.166100,13.7,24.540000,37.2,O=CC#CC#CC#N,,[]
8,1175.807172,28.3,0.074476,25.7,0.130800,0.8,29.775000,82.5,NC1=C(F)C(=N)N=NO1,,[]
8,1187.514616,30.0,0.064207,11.1,0.146400,3.9,25.048000,40.7,O=CC(=O)C1=NON=C1,,[]
8,1238.041052,38.8,0.063181,9.6,0.141900,2.1,29.848000,83.1,NC(=O)C(=O)C(=O)C#N,,[]
8,1252.590486,42.4,0.080839,40.3,0.129500,0.5,22.789000,26.0,N1N=NC2=CN=CC2=N1,,[]
8,1261.424565,44.0,0.084029,43.5,0.118200,0.3,25.763000,46.7,NC1=NCC(=O)C1=O,,[]
8,1280.413629,46.1,0.077650,32.9,0.144800,2.9,24.611000,38.0,O1N=NC2=CC=CC2=N1,,[]
8,1289.421528,47.5,0.079356,38.0,0.135300,1.1,23.189000,28.9,O1N=CC2=CN=CC2=N1,,[]
8,1295.492054,48.1,0.079728,38.9,0.153000,5.7,22.813000,26.1,O1N=CC2=CC=NC2=N1,,[]
8,1315.069095,52.3,0.074803,26.1,0.143200,2.5,28.281000,71.2,O=C(C#N)C(=O)C1CO1,,[]
8,1336.210516,56.5,0.101832,69.1,0.143400,2.7,22.671000,25.1,O=C1CCCC1=O,,[]
8,1380.613087,64.3,0.100759,66.7,0.081400,0.0,30.409000,87.1,NC=[NH+]C1=NOC([O-])=C1,,[]
8,1399.754636,68.1,0.077335,31.1,0.139900,1.6,26.592000,54.7,O=C1C=CC(C#N)C1=O,,[]
8,1405.946272,69.2,0.077211,30.7,0.139200,1.3,26.783000,57.1,O=C1CC=C(C#N)C1=O,,[]
8,1599.184049,84.3,0.126135,84.3,0.103500,0.1,23.509000,31.2,C1=C2C3C4C1C1C2C3N41,,[]
9,213.087785,0.0,0.021375,0.2,0.361500,98.4,6.002000,0.0,O,,[]
9,478.904563,0.1,0.017147,0.1,0.622100,99.9,12.639000,0.5,FC(F)(F)F,,[]
9,494.017501,0.2,0.015951,0.0,0.277000,85.4,10.398000,0.1,N#CC#N,,[]
9,672.823188,0.5,0.037354,0.8,0.238600,70.8,15.312000,1.2,C#CC#C,,[]
9,734.216833,0.6,0.035547,0.7,0.200400,38.2,19.569000,10.4,O=N(=O)C1=NON=N1,,[]
9,784.640984,0.9,0.059116,5.9,0.271500,83.5,12.360000,0.2,N1C=NN=C1,,[]
9,795.631812,1.1,0.042706,1.2,0.172100,16.1,17.150000,4.4,FC1=CN=NN=N1,,[]
9,798.442427,1.2,0.055704,4.9,0.219100,54.6,15.692000,2.1,O=CNC=O,,[]
9,818.179483,1.3,0.043872,1.4,0.167200,13.5,16.536000,2.9,FC1=NC=NN=N1,,[]
9,848.879756,1.8,0.035271,0.6,0.166200,13.2,20.219000,12.9,FC1=NC(=O)ON=N1,,[]
9,922.371783,3.5,0.033003,0.4,0.248800,74.9,23.497000,31.4,FC(F)(F)C#CC#N,,[]
9,936.198955,4.8,0.044521,1.6,0.165400,12.6,25.306000,44.8,N=C1N=NON=NC1=O,,[]
9,985.434603,8.2,0.049541,2.9,0.155600,6.7,20.332000,13.4,N#CC1=NC=NN=N1,,[]
9,1004.244827,8.6,0.067602,17.5,0.159400,9.5,19.151000,9.6,N=C1ON=CC=N1,,[]
9,1022.511000,10.1,0.082433,41.6,0.252800,77.3,14.821000,1.1,N1C=CC=C1,,[]
9,1066.232095,14.4,0.052846,3.8,0.145500,3.1,25.132000,43.1,N=C1ON=NC(=N1)C#N,,[]
9,1077.773250,15.9,0.069424,20.2,0.153600,5.8,24.516000,37.8,CC1=NON=NC1=O,,[]
9,1091.232073,18.1,0.063859,11.3,0.150100,5.1,23.724000,32.8,CC(=O)C(=O)C#N,,[]
9,1127.712964,23.2,0.047464,2.0,0.166100,13.1,24.540000,38.0,O=CC#CC#CC#N,,[]
9,1130.026591,23.8,0.052025,3.2,0.153300,5.5,24.494000,37.4,FC1=C(F)N=CC(=O)O1,,[]
9,1175.807172,28.9,0.074476,26.1,0.130800,0.8,29.775000,82.7,NC1=C(F)C(=N)N=NO1,,[]
9,1182.442457,30.1,0.062988,10.5,0.142100,2.2,26.550000,54.6,O=C1ON=NC=CC1=O,,[]
9,1187.514616,30.6,0.064207,12.0,0.146400,3.6,25.048000,41.6,O=CC(=O)C1=NON=C1,,[]
9,1238.041052,39.6,0.063181,10.6,0.141900,2.0,29.848000,83.2,NC(=O)C(=O)C(=O)C#N,,[]
9,1252.590486,43.1,0.080839,40.0,0.129500,0.6,22.789000,26.9,N1N=NC2=CN=CC2=N1,,[]
9,1261.424565,44.5,0.084029,43.1,0.118200,0.4,25.763000,47.5,NC1=NCC(=O)C1=O,,[]
9,1280.413629,46.6,0.077650,33.2,0.144800,2.8,24.611000,38.8,O1N=NC2=CC=CC2=N1,,[]
9,1289.421528,48.0,0.079356,37.9,0.135300,1.1,23.189000,29.6,O1N=CC2=CN=CC2=N1,,[]
9,1295.492054,48.8,0.079728,38.7,0.153000,5.4,22.813000,27.2,O1N=CC2=CC=NC2=N1,,[]
9,1324.122174,54.5,0.101065,67.5,0.082100,0.1,30.002000,84.4,NC=[NH+]C1=N[N-]C(=N)O1,,[]
9,1336.210516,56.8,0.101832,68.9,0.143400,2.6,22.671000,26.0,O=C1CCCC1=O,,[]
9,1380.613087,64.1,0.100759,66.6,0.081400,0.0,30.409000,87.1,NC=[NH+]C1=NOC([O-])=C1,,[]
9,1399.754636,67.5,0.077335,31.5,0.139900,1.5,26.592000,55.4,O=C1C=CC(C#N)C1=O,,[]
9,1405.946272,68.6,0.077211,31.2,0.139200,1.3,26.783000,57.6,O=C1CC=C(C#N)C1=O,,[]
9,1599.184049,83.4,0.126135,83.3,0.103500,0.2,23.509000,31.8,C1=C2C3C4C1C1C2C3N41,,[]
10,213.087785,0.0,0.021375,0.2,0.361500,98.5,6.002000,0.0,O,,[]
10,478.904563,0.1,0.017147,0.1,0.622100,99.9,12.639000,0.5,FC(F)(F)F,,[]
10,494.017501,0.2,0.015951,0.0,0.277000,84.7,10.398000,0.1,N#CC#N,,[]
10,662.444181,0.3,0.038285,0.8,0.222700,57.3,14.948000,1.2,OC1=NON=N1,,[]
10,672.823188,0.5,0.037354,0.7,0.238600,70.2,15.312000,1.3,C#CC#C,,[]
10,695.742344,0.6,0.045382,1.8,0.242200,71.5,11.821000,0.2,O1C=CN=N1,,[]
10,734.216833,0.7,0.035547,0.6,0.200400,38.0,19.569000,10.1,O=N(=O)C1=NON=N1,,[]
10,795.631812,1.2,0.042706,1.2,0.172100,15.6,17.150000,4.4,FC1=CN=NN=N1,,[]
10,798.442427,1.3,0.055704,5.5,0.219100,54.2,15.692000,2.1,O=CNC=O,,[]
10,818.179483,1.4,0.043872,1.4,0.167200,13.1,16.536000,2.9,FC1=NC=NN=N1,,[]
10,848.879756,1.9,0.035271,0.5,0.166200,12.7,20.219000,12.6,FC1=NC(=O)ON=N1,,[]
10,922.371783,3.7,0.033003,0.3,0.248800,74.5,23.497000,31.2,FC(F)(F)C#CC#N,,[]
10,936.198955,4.9,0.044521,1.6,0.165400,12.1,25.306000,44.6,N=C1N=NON=NC1=O,,[]
10,985.434603,8.2,0.049541,3.2,0.155600,6.4,20.332000,13.1,N#CC1=NC=NN=N1,,[]
10,1004.244827,8.9,0.067602,17.4,0.159400,9.2,19.151000,9.4,N=C1ON=CC=N1,,[]
10,1066.232095,14.6,0.052846,4.1,0.145500,2.9,25.132000,42.9,N=C1ON=NC(=N1)C#N,,[]
10,1077.773250,16.0,0.069424,19.9,0.153600,5.6,24.516000,37.4,CC1=NON=NC1=O,,[]
10,1091.232073,18.0,0.063859,11.5,0.150100,4.7,23.724000,32.6,CC(=O)C(=O)C#N,,[]
10,1127.712964,23.3,0.047464,2.2,0.166100,12.5,24.540000,37.7,O=CC#CC#CC#N,,[]
10,1130.026591,23.8,0.052025,3.5,0.153300,5.3,24.494000,36.9,FC1=C(F)N=CC(=O)O1,,[]
10,1175.807172,29.3,0.074476,26.0,0.130800,0.8,29.775000,81.5,NC1=C(F)C(=N)N=NO1,,[]
10,1182.442457,30.3,0.062988,10.7,0.142100,2.1,26.550000,54.5,O=C1ON=NC=CC1=O,,[]
10,1187.514616,30.7,0.064207,12.1,0.146400,3.5,25.048000,41.5,O=CC(=O)C1=NON=C1,,[]
10,1238.041052,39.5,0.063181,10.8,0.141900,1.9,29.848000,81.9,NC(=O)C(=O)C(=O)C#N,,[]
10,1252.590486,42.5,0.080839,39.8,0.129500,0.6,22.789000,26.6,N1N=NC2=CN=CC2=N1,,[]
10,1261.424565,44.1,0.084029,43.1,0.118200,0.4,25.763000,47.6,NC1=NCC(=O)C1=O,,[]
10,1280.413629,46.3,0.077650,32.9,0.144800,2.7,24.611000,38.4,O1N=NC2=CC=CC2=N1,,[]
10,1289.421528,47.6,0.079356,37.5,0.135300,1.1,23.189000,29.4,O1N=CC2=CN=CC2=N1,,[]
10,1295.492054,48.3,0.079728,38.3,0.153000,5.2,22.813000,26.9,O1N=CC2=CC=NC2=N1,,[]
10,1324.122174,53.9,0.101065,66.6,0.082100,0.1,30.002000,82.9,NC=[NH+]C1=N[N-]C(=N)O1,,[]
10,1336.210516,56.2,0.101832,68.0,0.143400,2.5,22.671000,25.6,O=C1CCCC1=O,,[]
10,1380.613087,63.1,0.100759,65.8,0.081400,0.0,30.409000,85.7,NC=[NH+]C1=NOC([O-])=C1,,[]
10,1399.754636,66.3,0.077335,31.4,0.139900,1.5,26.592000,55.3,O=C1C=CC(C#N)C1=O,,[]
10,1405.946272,67.4,0.077211,30.9,0.139200,1.3,26.783000,57.5,O=C1CC=C(C#N)C1=O,,[]
10,1599.184049,81.9,0.126135,81.8,0.103500,0.2,23.509000,31.5,C1=C2C3C4C1C1C2C3N41,,[]
11,213.087785,0.0,0.021375,0.2,0.361500,98.6,6.002000,0.0,O,,[]
11,478.904563,0.1,0.017147,0.1,0.622100,99.9,12.639000,0.6,FC(F)(F)F,,[]
11,494.017501,0.2,0.015951,0.0,0.277000,85.0,10.398000,0.1,N#CC#N,,[]
11,662.444181,0.4,0.038285,0.9,0.222700,58.0,14.948000,1.3,OC1=NON=N1,,[]
11,672.823188,0.6,0.037354,0.8,0.238600,70.7,15.312000,1.4,C#CC#C,,[]
11,695.742344,0.7,0.045382,1.8,0.242200,71.8,11.821000,0.3,O1C=CN=N1,,[]
11,734.216833,0.9,0.035547,0.7,0.200400,38.8,19.569000,10.6,O=N(=O)C1=NON=N1,,[]
11,795.021873,1.3,0.051491,3.1,0.162700,11.4,14.143000,0.8,C1=NN=NC=N1,,[]
11,795.631812,1.4,0.042706,1.1,0.172100,16.2,17.150000,4.6,FC1=CN=NN=N1,,[]
11,818.179483,1.6,0.043872,1.3,0.167200,13.7,16.536000,3.1,FC1=NC=NN=N1,,[]
11,848.879756,2.1,0.035271,0.6,0.166200,13.3,20.219000,13.3,FC1=NC(=O)ON=N1,,[]
11,922.371783,3.8,0.033003,0.3,0.248800,75.0,23.497000,31.7,FC(F)(F)C#CC#N,,[]
11,936.198955,5.0,0.044521,1.5,0.165400,12.8,25.306000,45.6,N=C1N=NON=NC1=O,,[]
11,985.434603,8.0,0.049541,3.0,0.155600,6.9,20.332000,13.7,N#CC1=NC=NN=N1,,[]
11,1004.244827,8.9,0.067602,18.1,0.159400,9.5,19.151000,9.9,N=C1ON=CC=N1,,[]
11,1066.232095,14.7,0.052846,4.1,0.145500,3.4,25.132000,43.7,N=C1ON=NC(=N1)C#N,,[]
11,1077.773250,16.0,0.069424,20.7,0.153600,6.1,24.516000,37.9,CC1=NON=NC1=O,,[]
11,1091.232073,18.1,0.063859,11.7,0.150100,5.2,23.724000,33.1,CC(=O)C(=O)C#N,,[]
11,1127.712964,23.5,0.047464,2.2,0.166100,13.1,24.540000,38.2,O=CC#CC#CC#N,,[]
11,1130.026591,24.4,0.052025,3.4,0.153300,5.8,24.494000,37.5,FC1=C(F)N=CC(=O)O1,,[]
11,1140.561220,26.0,0.055968,5.7,0.119400,0.6,26.397000,53.9,O=CC(=O)C(=O)C#C,,[]
11,1150.575016,27.0,0.082193,42.1,0.144200,3.0,24.691000,39.9,CN=C1ON=NC=N1,,[]
11,1187.514616,31.5,0.064207,12.6,0.146400,3.9,25.048000,42.3,O=CC(=O)C1=NON=C1,,[]
11,1199.060163,33.5,0.063924,12.1,0.137800,1.4,25.667000,47.8,O=CC1=CN=NOC1=O,,[]
11,1252.590486,43.9,0.080839,40.7,0.129500,0.9,22.789000,27.0,N1N=NC2=CN=CC2=N1,,[]
11,1261.424565,45.4,0.084029,44.1,0.118200,0.5,25.763000,48.6,NC1=NCC(=O)C1=O,,[]
11,1280.413629,47.9,0.077650,33.6,0.144800,3.1,24.611000,39.0,O1N=NC2=CC=CC2=N1,,[]
11,1289.421528,49.2,0.079356,38.2,0.135300,1.3,23.189000,29.9,O1N=CC2=CN=CC2=N1,,[]
11,1295.492054,50.0,0.079728,39.1,0.153000,5.7,22.813000,27.3,O1N=CC2=CC=NC2=N1,,[]
11,1324.122174,55.2,0.101065,67.9,0.082100,0.1,30.002000,84.1,NC=[NH+]C1=N[N-]C(=N)O1,,[]
11,1336.210516,57.5,0.101832,69.2,0.143400,2.9,22.671000,26.0,O=C1CCCC1=O,,[]
11,1380.613087,64.4,0.100759,67.1,0.081400,0.0,30.409000,86.7,NC=[NH+]C1=NOC([O-])=C1,,[]
11,1599.184049,82.9,0.126135,83.0,0.103500,0.2,23.509000,32.0,C1=C2C3C4C1C1C2C3N41,,[]
12,213.087785,0.0,0.021375,0.2,0.361500,98.6,6.002000,0.0,O,,[]
12,478.904563,0.1,0.017147,0.1,0.622100,99.9,12.639000,0.7,FC(F)(F)F,,[]
12,494.017501,0.2,0.015951,0.0,0.277000,83.7,10.398000,0.2,N#CC#N,,[]
12,612.158710,0.3,0.036943,0.7,0.155500,6.8,12.147000,0.4,O=CC=O,,[]
12,695.742344,0.8,0.045382,1.9,0.242200,69.8,11.821000,0.3,O1C=CN=N1,,[]
12,734.216833,1.0,0.035547,0.6,0.200400,37.7,19.569000,10.7,O=N(=O)C1=NON=N1,,[]
12,848.879756,2.3,0.035271,0.5,0.166200,13.1,20.219000,13.2,FC1=NC(=O)ON=N1,,[]
12,922.371783,4.1,0.033003,0.3,0.248800,73.0,23.497000,31.6,FC(F)(F)C#CC#N,,[]
12,1066.232095,14.6,0.052846,4.1,0.145500,3.3,25.132000,43.1,N=C1ON=NC(=N1)C#N,,[]
12,1077.773250,16.0,0.069424,20.4,0.153600,5.9,24.516000,37.5,CC1=NON=NC1=O,,[]
12,1091.232073,17.9,0.063859,11.5,0.150100,5.1,23.724000,33.0,CC(=O)C(=O)C#N,,[]
12,1130.026591,23.9,0.052025,3.5,0.153300,5.7,24.494000,37.1,FC1=C(F)N=CC(=O)O1,,[]
12,1140.561220,25.5,0.055968,5.8,0.119400,0.5,26.397000,53.5,O=CC(=O)C(=O)C#C,,[]
12,1150.575016,26.4,0.082193,40.8,0.144200,2.9,24.691000,39.4,CN=C1ON=NC=N1,,[]
12,1187.514616,30.8,0.064207,12.3,0.146400,3.7,25.048000,41.7,O=CC(=O)C1=NON=C1,,[]
12,1199.060163,32.9,0.063924,11.8,0.137800,1.4,25.667000,47.3,O=CC1=CN=NOC1=O,,[]
12,1252.590486,43.0,0.080839,39.4,0.129500,0.8,22.789000,26.7,N1N=NC2=CN=CC2=N1,,[]
12,1261.424565,44.3,0.084029,42.6,0.118200,0.4,25.763000,48.1,NC1=NCC(=O)C1=O,,[]
12,1280.413629,46.6,0.077650,32.5,0.144800,3.0,24.611000,38.4,O1N=NC2=CC=CC2=N1,,[]
12,1289.421528,47.9,0.079356,37.0,0.135300,1.2,23.189000,29.7,O1N=CC2=CN=CC2=N1,,[]
12,1295.492054,48.6,0.079728,37.9,0.153000,5.6,22.813000,27.0,O1N=CC2=CC=NC2=N1,,[]
12,1324.122174,53.5,0.101065,65.5,0.082100,0.1,30.002000,82.6,NC=[NH+]C1=N[N-]C(=N)O1,,[]
12,1336.210516,55.7,0.101832,66.7,0.143400,2.8,22.671000,25.7,O=C1CCCC1=O,,[]
12,1380.613087,62.1,0.100759,64.7,0.081400,0.0,30.409000,85.0,NC=[NH+]C1=NOC([O-])=C1,,[]
12,1599.184049,80.7,0.126135,80.7,0.103500,0.2,23.509000,31.8,C1=C2C3C4C1C1C2C3N41,,[]
13,213.087785,0.0,0.021375,0.2,0.361500,98.6,6.002000,0.0,O,,[]
13,478.904563,0.1,0.017147,0.1,0.622100,99.9,12.639000,0.8,FC(F)(F)F,,[]
13,494.017501,0.2,0.015951,0.0,0.277000,83.0,10.398000,0.2,N#CC#N,,[]
13,585.659612,0.3,0.027259,0.2,0.255900,75.8,12.930000,0.9,C#CC#N,,[]
13,612.158710,0.4,0.036943,0.8,0.155500,6.6,12.147000,0.6,O=CC=O,,[]
13,695.742344,0.8,0.045382,2.0,0.242200,69.4,11.821000,0.5,O1C=CN=N1,,[]
13,709.174812,0.9,0.046608,2.1,0.271900,81.5,11.003000,0.3,O1C=NC=N1,,[]
13,734.216833,1.0,0.035547,0.6,0.200400,37.0,19.569000,10.6,O=N(=O)C1=NON=N1,,[]
13,831.650856,2.3,0.036304,0.7,0.194700,32.6,18.651000,8.8,O=C(C#C)C#N,,[]
13,848.879756,2.5,0.035271,0.6,0.166200,13.4,20.219000,13.1,FC1=NC(=O)ON=N1,,[]
13,922.371783,4.3,0.033003,0.3,0.248800,72.6,23.497000,31.4,FC(F)(F)C#CC#N,,[]
13,1066.232095,14.5,0.052846,4.2,0.145500,3.2,25.132000,43.0,N=C1ON=NC(=N1)C#N,,[]
13,1077.773250,16.0,0.069424,20.3,0.153600,5.8,24.516000,37.3,CC1=NON=NC1=O,,[]
13,1091.232073,17.8,0.063859,11.5,0.150100,5.0,23.724000,32.8,CC(=O)C(=O)C#N,,[]
13,1130.026591,23.8,0.052025,3.7,0.153300,5.6,24.494000,37.0,FC1=C(F)N=CC(=O)O1,,[]
13,1140.561220,25.2,0.055968,5.9,0.119400,0.6,26.397000,53.8,O=CC(=O)C(=O)C#C,,[]
13,1150.575016,26.2,0.082193,40.6,0.144200,2.8,24.691000,39.0,CN=C1ON=NC=N1,,[]
13,1187.514616,30.4,0.064207,12.3,0.146400,3.6,25.048000,41.6,O=CC(=O)C1=NON=C1,,[]
13,1199.060163,32.5,0.063924,11.8,0.137800,1.4,25.667000,47.5,O=CC1=CN=NOC1=O,,[]
13,1207.800743,34.5,0.090604,54.2,0.126000,0.7,21.993000,22.0,O=C1CNCC1=O,,[]
13,1252.590486,42.5,0.080839,39.2,0.129500,0.9,22.789000,26.9,N1N=NC2=CN=CC2=N1,,[]
13,1261.424565,43.8,0.084029,42.3,0.118200,0.5,25.763000,48.2,NC1=NCC(=O)C1=O,,[]
13,1280.413629,45.9,0.077650,32.6,0.144800,3.0,24.611000,38.2,O1N=NC2=CC=CC2=N1,,[]
13,1289.421528,47.3,0.079356,36.9,0.135300,1.3,23.189000,29.7,O1N=CC2=CN=CC2=N1,,[]
13,1295.492054,47.9,0.079728,37.8,0.153000,5.5,22.813000,27.2,O1N=CC2=CC=NC2=N1,,[]
13,1324.122174,52.6,0.101065,64.4,0.082100,0.1,30.002000,82.4,NC=[NH+]C1=N[N-]C(=N)O1,,[]
13,1355.687155,58.3,0.096036,59.7,0.111100,0.2,26.008000,50.6,[NH2+]=C1O[CH-]C(=O)C=C1,,[]
13,1380.613087,61.5,0.100759,63.7,0.081400,0.0,30.409000,84.6,NC=[NH+]C1=NOC([O-])=C1,,[]
13,1599.184049,79.5,0.126135,79.5,0.103500,0.2,23.509000,31.7,C1=C2C3C4C1C1C2C3N41,,[]
14,213.087785,0.0,0.021375,0.1,0.361500,98.4,6.002000,0.0,O,,[]
14,478.904563,0.1,0.017147,0.1,0.622100,99.9,12.639000,0.8,FC(F)(F)F,,[]
14,494.017501,0.1,0.015951,0.0,0.277000,82.0,10.398000,0.1,N#CC#N,,[]
14,585.659612,0.3,0.027259,0.2,0.255900,75.0,12.930000,0.9,C#CC#N,,[]
14,612.158710,0.4,0.036943,0.7,0.155500,6.5,12.147000,0.6,O=CC=O,,[]
14,695.742344,0.8,0.045382,2.1,0.242200,68.6,11.821000,0.5,O1C=CN=N1,,[]
14,709.174812,0.9,0.046608,2.1,0.271900,80.5,11.003000,0.3,O1C=NC=N1,,[]
14,734.216833,1.1,0.035547,0.6,0.200400,36.5,19.569000,11.0,O=N(=O)C1=NON=N1,,[]
14,831.650856,2.5,0.036304,0.7,0.194700,32.1,18.651000,9.1,O=C(C#C)C#N,,[]
14,848.879756,2.7,0.035271,0.5,0.166200,13.3,20.219000,13.5,FC1=NC(=O)ON=N1,,[]
14,922.371783,4.5,0.033003,0.3,0.248800,71.9,23.497000,31.3,FC(F)(F)C#CC#N,,[]
14,1066.232095,14.5,0.052846,4.3,0.145500,3.2,25.132000,43.0,N=C1ON=NC(=N1)C#N,,[]
14,1077.773250,15.9,0.069424,19.9,0.153600,5.8,24.516000,37.5,CC1=NON=NC1=O,,[]
14,1091.232073,17.6,0.063859,11.5,0.150100,4.8,23.724000,32.8,CC(=O)C(=O)C#N,,[]
14,1130.026591,23.3,0.052025,3.8,0.153300,5.6,24.494000,37.2,FC1=C(F)N=CC(=O)O1,,[]
14,1140.561220,24.8,0.055968,6.0,0.119400,0.7,26.397000,53.8,O=CC(=O)C(=O)C#C,,[]
14,1150.575016,25.8,0.082193,39.8,0.144200,2.8,24.691000,39.2,CN=C1ON=NC=N1,,[]
14,1187.514616,30.1,0.064207,12.2,0.146400,3.6,25.048000,41.6,O=CC(=O)C1=NON=C1,,[]
14,1199.060163,32.1,0.063924,11.8,0.137800,1.5,25.667000,47.4,O=CC1=CN=NOC1=O,,[]
14,1207.800743,33.9,0.090604,52.9,0.126000,0.8,21.993000,22.1,O=C1CNCC1=O,,[]
14,1252.590486,41.6,0.080839,38.4,0.129500,1.0,22.789000,26.8,N1N=NC2=CN=CC2=N1,,[]
14,1261.424565,42.9,0.084029,41.6,0.118200,0.6,25.763000,48.3,NC1=NCC(=O)C1=O,,[]
14,1280.413629,45.0,0.077650,32.0,0.144800,3.0,24.611000,38.4,O1N=NC2=CC=CC2=N1,,[]
14,1289.421528,46.3,0.079356,36.1,0.135300,1.3,23.189000,29.7,O1N=CC2=CN=CC2=N1,,[]
14,1295.492054,46.9,0.079728,37.1,0.153000,5.5,22.813000,27.2,O1N=CC2=CC=NC2=N1,,[]
14,1324.122174,51.6,0.101065,63.0,0.082100,0.1,30.002000,81.8,NC=[NH+]C1=N[N-]C(=N)O1,,[]
14,1355.687155,57.4,0.096036,58.2,0.111100,0.4,26.008000,50.7,[NH2+]=C1O[CH-]C(=O)C=C1,,[]
14,1380.613087,60.5,0.100759,62.4,0.081400,0.0,30.409000,83.8,NC=[NH+]C1=NOC([O-])=C1,,[]
14,1392.890310,62.2,0.101131,63.2,0.102800,0.1,23.524000,31.9,O1C2C3C1C1N=C3OC21,,[]
14,1599.184049,77.9,0.126135,77.6,0.103500,0.2,23.509000,31.6,C1=C2C3C4C1C1C2C3N41,,[]
15,213.087785,0.0,0.021375,0.1,0.361500,98.5,6.002000,0.0,O,,[]
15,478.904563,0.1,0.017147,0.1,0.622100,99.9,12.639000,0.8,FC(F)(F)F,,[]
15,494.017501,0.1,0.015951,0.0,0.277000,82.0,10.398000,0.1,N#CC#N,,[]
15,585.659612,0.3,0.027259,0.2,0.255900,74.7,12.930000,0.9,C#CC#N,,[]
15,612.158710,0.3,0.036943,0.8,0.155500,6.4,12.147000,0.6,O=CC=O,,[]
15,695.742344,0.8,0.045382,2.2,0.242200,68.6,11.821000,0.5,O1C=CN=N1,,[]
15,709.174812,0.8,0.046608,2.3,0.271900,80.5,11.003000,0.3,O1C=NC=N1,,[]
15,734.216833,1.0,0.035547,0.7,0.200400,36.1,19.569000,10.9,O=N(=O)C1=NON=N1,,[]
15,807.956098,2.2,0.033974,0.5,0.158400,8.8,21.297000,18.4,FC1=NON=NC1=O,,[]
15,831.650856,2.6,0.036304,0.8,0.194700,31.7,18.651000,9.0,O=C(C#C)C#N,,[]
15,848.879756,2.7,0.035271,0.6,0.166200,13.2,20.219000,13.4,FC1=NC(=O)ON=N1,,[]
15,922.371783,4.7,0.033003,0.3,0.248800,71.9,23.497000,31.4,FC(F)(F)C#CC#N,,[]
15,1066.232095,14.7,0.052846,4.4,0.145500,3.1,25.132000,43.2,N=C1ON=NC(=N1)C#N,,[]
15,1077.773250,16.1,0.069424,20.0,0.153600,5.7,24.516000,37.7,CC1=NON=NC1=O,,[]
15,1091.232073,17.9,0.063859,11.8,0.150100,4.6,23.724000,32.9,CC(=O)C(=O)C#N,,[]
15,1130.026591,23.4,0.052025,3.9,0.153300,5.3,24.494000,37.4,FC1=C(F)N=CC(=O)O1,,[]
15,1140.561220,25.0,0.055968,6.3,0.119400,0.6,26.397000,54.3,O=CC(=O)C(=O)C#C,,[]
15,1150.575016,26.1,0.082193,39.4,0.144200,2.8,24.691000,39.6,CN=C1ON=NC=N1,,[]
15,1187.514616,30.3,0.064207,12.5,0.146400,3.4,25.048000,42.0,O=CC(=O)C1=NON=C1,,[]
15,1199.060163,32.1,0.063924,12.1,0.137800,1.5,25.667000,47.8,O=CC1=CN=NOC1=O,,[]
15,1207.800743,33.8,0.090604,52.3,0.126000,0.8,21.993000,22.2,O=C1CNCC1=O,,[]
15,1252.590486,41.6,0.080839,38.2,0.129500,1.0,22.789000,26.7,N1N=NC2=CN=CC2=N1,,[]
15,1261.424565,42.8,0.084029,41.2,0.118200,0.6,25.763000,48.7,NC1=NCC(=O)C1=O,,[]
15,1280.413629,44.8,0.077650,31.9,0.144800,2.9,24.611000,38.7,O1N=NC2=CC=CC2=N1,,[]
15,1289.421528,46.1,0.079356,35.9,0.135300,1.4,23.189000,29.6,O1N=CC2=CN=CC2=N1,,[]
15,1295.492054,46.8,0.079728,37.0,0.153000,5.2,22.813000,27.0,O1N=CC2=CC=NC2=N1,,[]
15,1324.122174,51.4,0.101065,62.3,0.082100,0.1,30.002000,82.3,NC=[NH+]C1=N[N-]C(=N)O1,,[]
15,1355.687155,56.9,0.096036,57.7,0.111100,0.3,26.008000,51.0,[NH2+]=C1O[CH-]C(=O)C=C1,,[]
15,1380.613087,59.9,0.100759,61.7,0.081400,0.0,30.409000,84.4,NC=[NH+]C1=NOC([O-])=C1,,[]
15,1392.890310,61.7,0.101131,62.4,0.102800,0.1,23.524000,31.9,O1C2C3C1C1N=C3OC21,,[]
15,1599.184049,77.3,0.126135,77.1,0.103500,0.2,23.509000,31.6,C1=C2C3C4C1C1C2C3N41,,[]
16,213.087785,0.0,0.021375,0.1,0.361500,98.5,6.002000,0.0,O,,[]
16,478.904563,0.1,0.017147,0.1,0.622100,99.9,12.639000,0.9,FC(F)(F)F,,[]
16,494.017501,0.1,0.015951,0.0,0.277000,81.7,10.398000,0.1,N#CC#N,,[]
16,585.659612,0.3,0.027259,0.2,0.255900,74.2,12.930000,1.0,C#CC#N,,[]
16,612.158710,0.3,0.036943,0.8,0.155500,6.2,12.147000,0.6,O=CC=O,,[]
16,695.742344,0.7,0.045382,2.2,0.242200,68.0,11.821000,0.5,O1C=CN=N1,,[]
16,709.174812,0.8,0.046608,2.3,0.271900,80.1,11.003000,0.3,O1C=NC=N1,,[]
16,734.216833,1.1,0.035547,0.6,0.200400,35.2,19.569000,11.2,O=N(=O)C1=NON=N1,,[]
16,807.956098,2.3,0.033974,0.5,0.158400,8.5,21.297000,18.8,FC1=NON=NC1=O,,[]
16,831.650856,2.6,0.036304,0.7,0.194700,30.8,18.651000,9.2,O=C(C#C)C#N,,[]
16,848.879756,2.9,0.035271,0.5,0.166200,12.6,20.219000,13.7,FC1=NC(=O)ON=N1,,[]
16,922.371783,4.8,0.033003,0.3,0.248800,71.2,23.497000,31.4,FC(F)(F)C#CC#N,,[]
16,1066.232095,14.7,0.052846,4.5,0.145500,3.1,25.132000,43.3,N=C1ON=NC(=N1)C#N,,[]
16,1077.773250,16.2,0.069424,19.7,0.153600,5.5,24.516000,37.9,CC1=NON=NC1=O,,[]
16,1091.232073,17.8,0.063859,11.9,0.150100,4.5,23.724000,33.0,CC(=O)C(=O)C#N,,[]
16,1130.026591,23.2,0.052025,3.9,0.153300,5.2,24.494000,37.5,FC1=C(F)N=CC(=O)O1,,[]
16,1140.561220,24.7,0.055968,6.4,0.119400,0.6,26.397000,53.9,O=CC(=O)C(=O)C#C,,[]
16,1150.575016,25.7,0.082193,38.6,0.144200,2.8,24.691000,39.7,CN=C1ON=NC=N1,,[]
16,1187.514616,29.9,0.064207,12.5,0.146400,3.4,25.048000,42.1,O=CC(=O)C1=NON=C1,,[]
16,1199.060163,31.7,0.063924,12.1,0.137800,1.5,25.667000,47.7,O=CC1=CN=NOC1=O,,[]
16,1207.800743,33.4,0.090604,51.1,0.126000,0.9,21.993000,22.5,O=C1CNCC1=O,,[]
16,1252.590486,40.9,0.080839,37.4,0.129500,1.1,22.789000,26.7,N1N=NC2=CN=CC2=N1,,[]
16,1261.424565,42.0,0.084029,40.3,0.118200,0.6,25.763000,48.5,NC1=NCC(=O)C1=O,,[]
16,1280.413629,44.2,0.077650,31.2,0.144800,2.9,24.611000,38.8,O1N=NC2=CC=CC2=N1,,[]
16,1289.421528,45.4,0.079356,35.2,0.135300,1.4,23.189000,29.5,O1N=CC2=CN=CC2=N1,,[]
16,1295.492054,46.0,0.079728,36.1,0.153000,5.1,22.813000,27.0,O1N=CC2=CC=NC2=N1,,[]
16,1324.122174,50.6,0.101065,60.9,0.082100,0.1,30.002000,81.2,NC=[NH+]C1=N[N-]C(=N)O1,,[]
16,1355.687155,55.9,0.096036,56.4,0.111100,0.3,26.008000,50.8,[NH2+]=C1O[CH-]C(=O)C=C1,,[]
16,1380.613087,58.9,0.100759,60.3,0.081400,0.0,30.409000,83.2,NC=[NH+]C1=NOC([O-])=C1,,[]
16,1392.890310,60.6,0.101131,61.0,0.102800,0.1,23.524000,31.9,O1C2C3C1C1N=C3OC21,,[]
16,1599.184049,76.0,0.126135,75.7,0.103500,0.2,23.509000,31.6,C1=C2C3C4C1C1C2C3N41,,[]
17,213.087785,0.0,0.021375,0.1,0.361500,98.5,6.002000,0.0,O,,[]
17,478.904563,0.1,0.017147,0.1,0.622100,99.9,12.639000,0.8,FC(F)(F)F,,[]
17,494.017501,0.1,0.015951,0.0,0.277000,81.3,10.398000,0.1,N#CC#N,,[]
17,585.659612,0.2,0.027259,0.2,0.255900,73.9,12.930000,0.9,C#CC#N,,[]
17,612.158710,0.3,0.036943,0.8,0.155500,6.2,12.147000,0.5,O=CC=O,,[]
17,660.735473,0.4,0.028773,0.2,0.148500,4.1,18.268000,7.7,O=C1N=NON=N1,,[]
17,695.742344,0.7,0.045382,2.1,0.242200,67.6,11.821000,0.4,O1C=CN=N1,,[]
17,709.174812,0.8,0.046608,2.2,0.271900,79.5,11.003000,0.2,O1C=NC=N1,,[]
17,855.199404,3.0,0.045968,2.2,0.115100,0.5,18.951000,9.4,O=CC(=O)C=O,,[]
17,1324.122174,49.5,0.101065,59.4,0.082100,0.1,30.002000,80.2,NC=[NH+]C1=N[N-]C(=N)O1,,[]
17,1355.687155,54.5,0.096036,54.9,0.111100,0.3,26.008000,50.2,[NH2+]=C1O[CH-]C(=O)C=C1,,[]
17,1380.613087,57.7,0.100759,58.8,0.081400,0.0,30.409000,82.2,NC=[NH+]C1=NOC([O-])=C1,,[]
17,1392.890310,59.4,0.101131,59.5,0.102800,0.1,23.524000,31.6,O1C2C3C1C1N=C3OC21,,[]
17,1599.184049,74.7,0.126135,74.2,0.103500,0.2,23.509000,31.3,C1=C2C3C4C1C1C2C3N41,,[]
18,213.087785,0.0,0.021375,0.1,0.361500,98.6,6.002000,0.0,O,,[]
18,478.904563,0.1,0.017147,0.1,0.622100,99.9,12.639000,0.9,FC(F)(F)F,,[]
18,494.017501,0.1,0.015951,0.0,0.277000,80.2,10.398000,0.1,N#CC#N,,[]
18,585.659612,0.2,0.027259,0.2,0.255900,72.7,12.930000,1.0,C#CC#N,,[]
18,605.972721,0.3,0.025718,0.2,0.246900,68.7,13.622000,1.2,O=C1ON=NO1,,[]
18,612.158710,0.3,0.036943,0.8,0.155500,6.3,12.147000,0.6,O=CC=O,,[]
18,660.735473,0.5,0.028773,0.3,0.148500,4.2,18.268000,7.7,O=C1N=NON=N1,,[]
18,695.742344,0.7,0.045382,2.1,0.242200,66.2,11.821000,0.5,O1C=CN=N1,,[]
18,709.174812,0.8,0.046608,2.2,0.271900,78.5,11.003000,0.2,O1C=NC=N1,,[]
18,855.199404,3.1,0.045968,2.1,0.115100,0.5,18.951000,9.3,O=CC(=O)C=O,,[]
18,1324.122174,47.3,0.101065,56.6,0.082100,0.1,30.002000,78.1,NC=[NH+]C1=N[N-]C(=N)O1,,[]
18,1355.687155,52.0,0.096036,52.3,0.111100,0.3,26.008000,48.3,[NH2+]=C1O[CH-]C(=O)C=C1,,[]
18,1380.613087,55.0,0.100759,56.1,0.081400,0.0,30.409000,80.3,NC=[NH+]C1=NOC([O-])=C1,,[]
18,1392.890310,56.6,0.101131,56.7,0.102800,0.1,23.524000,30.4,O1C2C3C1C1N=C3OC21,,[]
18,1599.184049,71.7,0.126135,71.4,0.103500,0.2,23.509000,30.1,C1=C2C3C4C1C1C2C3N41,,[]
19,213.087785,0.0,0.021375,0.1,0.361500,98.6,6.002000,0.0,O,,[]
19,385.502288,0.1,0.026841,0.3,0.335100,96.1,8.574000,0.1,C#C,,[]
19,478.904563,0.1,0.017147,0.1,0.622100,99.9,12.639000,0.9,FC(F)(F)F,,[]
19,494.017501,0.2,0.015951,0.0,0.277000,79.4,10.398000,0.2,N#CC#N,,[]
19,585.659612,0.3,0.027259,0.3,0.255900,71.6,12.930000,1.0,C#CC#N,,[]
19,605.972721,0.3,0.025718,0.2,0.246900,67.5,13.622000,1.2,O=C1ON=NO1,,[]
19,612.158710,0.4,0.036943,0.9,0.155500,6.3,12.147000,0.6,O=CC=O,,[]
19,660.735473,0.5,0.028773,0.4,0.148500,4.2,18.268000,7.5,O=C1N=NON=N1,,[]
19,695.742344,0.8,0.045382,2.2,0.242200,65.0,11.821000,0.5,O1C=CN=N1,,[]
19,709.174812,0.9,0.046608,2.3,0.271900,77.6,11.003000,0.3,O1C=NC=N1,,[]
19,855.199404,3.1,0.045968,2.2,0.115100,0.5,18.951000,9.0,O=CC(=O)C=O,,[]
19,1324.122174,45.4,0.101065,54.4,0.082100,0.1,30.002000,76.3,NC=[NH+]C1=N[N-]C(=N)O1,,[]
19,1355.687155,49.8,0.096036,50.2,0.111100,0.3,26.008000,46.6,[NH2+]=C1O[CH-]C(=O)C=C1,,[]
19,1380.613087,52.8,0.100759,53.9,0.081400,0.0,30.409000,78.4,NC=[NH+]C1=NOC([O-])=C1,,[]
19,1392.890310,54.3,0.101131,54.5,0.102800,0.1,23.524000,29.3,O1C2C3C1C1N=C3OC21,,[]
19,1599.184049,69.1,0.126135,68.9,0.103500,0.2,23.509000,29.0,C1=C2C3C4C1C1C2C3N41,,[]
20,213.087785,0.0,0.021375,0.1,0.361500,98.7,6.002000,0.0,O,,[]
20,385.502288,0.1,0.026841,0.3,0.335100,96.2,8.574000,0.1,C#C,,[]
20,478.904563,0.1,0.017147,0.1,0.622100,99.9,12.639000,0.9,FC(F)(F)F,,[]
20,494.017501,0.2,0.015951,0.0,0.277000,78.8,10.398000,0.2,N#CC#N,,[]
20,585.659612,0.3,0.027259,0.3,0.255900,70.8,12.930000,1.0,C#CC#N,,[]
20,605.972721,0.3,0.025718,0.2,0.246900,66.5,13.622000,1.2,O=C1ON=NO1,,[]
20,612.158710,0.4,0.036943,0.8,0.155500,6.2,12.147000,0.6,O=CC=O,,[]
20,660.735473,0.6,0.028773,0.4,0.148500,4.1,18.268000,7.2,O=C1N=NON=N1,,[]
20,695.742344,0.8,0.045382,2.2,0.242200,64.0,11.821000,0.5,O1C=CN=N1,,[]
20,709.174812,0.9,0.046608,2.3,0.271900,77.0,11.003000,0.3,O1C=NC=N1,,[]
20,855.199404,3.1,0.045968,2.3,0.115100,0.5,18.951000,8.8,O=CC(=O)C=O,,[]
20,1324.122174,43.6,0.101065,52.2,0.082100,0.1,30.002000,74.5,NC=[NH+]C1=N[N-]C(=N)O1,,[]
20,1355.687155,47.8,0.096036,48.2,0.111100,0.3,26.008000,45.3,[NH2+]=C1O[CH-]C(=O)C=C1,,[]
20,1380.613087,50.8,0.100759,51.7,0.081400,0.0,30.409000,76.6,NC=[NH+]C1=NOC([O-])=C1,,[]
20,1392.890310,52.2,0.101131,52.3,0.102800,0.1,23.524000,28.2,O1C2C3C1C1N=C3OC21,,[]
20,1599.184049,66.8,0.126135,66.9,0.103500,0.2,23.509000,27.9,C1=C2C3C4C1C1C2C3N41,,[]
21,213.087785,0.0,0.021375,0.1,0.361500,98.6,6.002000,0.0,O,,[]
21,385.502288,0.0,0.026841,0.2,0.335100,96.0,8.574000,0.0,C#C,,[]
21,478.904563,0.1,0.017147,0.0,0.622100,100.0,12.639000,0.9,FC(F)(F)F,,[]
21,494.017501,0.1,0.015951,0.0,0.277000,78.1,10.398000,0.1,N#CC#N,,[]
21,562.327555,0.2,0.033459,0.5,0.256300,70.2,10.694000,0.2,O1N=CN=N1,,[]
21,585.659612,0.3,0.027259,0.3,0.255900,70.0,12.930000,1.0,C#CC#N,,[]
21,605.972721,0.3,0.025718,0.1,0.246900,65.4,13.622000,1.2,O=C1ON=NO1,,[]
21,612.158710,0.4,0.036943,0.9,0.155500,6.1,12.147000,0.6,O=CC=O,,[]
21,660.735473,0.6,0.028773,0.3,0.148500,4.0,18.268000,7.3,O=C1N=NON=N1,,[]
21,695.742344,0.8,0.045382,2.2,0.242200,62.9,11.821000,0.5,O1C=CN=N1,,[]
21,855.199404,3.0,0.045968,2.2,0.115100,0.5,18.951000,8.8,O=CC(=O)C=O,,[]
21,1324.122174,42.1,0.101065,50.3,0.082100,0.0,30.002000,72.9,NC=[NH+]C1=N[N-]C(=N)O1,,[]
21,1355.687155,46.1,0.096036,46.3,0.111100,0.3,26.008000,44.0,[NH2+]=C1O[CH-]C(=O)C=C1,,[]
21,1380.613087,49.0,0.100759,49.9,0.081400,0.0,30.409000,75.0,NC=[NH+]C1=NOC([O-])=C1,,[]
21,1392.890310,50.3,0.101131,50.4,0.102800,0.1,23.524000,27.5,O1C2C3C1C1N=C3OC21,,[]
21,1599.184049,65.0,0.126135,65.2,0.103500,0.1,23.509000,27.3,C1=C2C3C4C1C1C2C3N41,,[]
22,213.087785,0.0,0.021375,0.1,0.361500,98.7,6.002000,0.0,O,,[]
22,385.502288,0.0,0.026841,0.2,0.335100,95.9,8.574000,0.0,C#C,,[]
22,478.904563,0.1,0.017147,0.0,0.622100,100.0,12.639000,0.9,FC(F)(F)F,,[]
22,494.017501,0.1,0.015951,0.0,0.277000,77.0,10.398000,0.1,N#CC#N,,[]
22,562.327555,0.2,0.033459,0.6,0.256300,69.0,10.694000,0.2,O1N=CN=N1,,[]
22,585.659612,0.3,0.027259,0.3,0.255900,68.8,12.930000,0.9,C#CC#N,,[]
22,605.972721,0.3,0.025718,0.1,0.246900,64.3,13.622000,1.2,O=C1ON=NO1,,[]
22,612.158710,0.4,0.036943,0.9,0.155500,5.9,12.147000,0.6,O=CC=O,,[]
22,660.735473,0.6,0.028773,0.4,0.148500,3.9,18.268000,7.2,O=C1N=NON=N1,,[]
22,695.742344,0.8,0.045382,2.1,0.242200,61.8,11.821000,0.5,O1C=CN=N1,,[]
22,783.223440,1.5,0.027023,0.3,0.211300,39.0,17.827000,5.7,N#CC#CC#N,,[]
22,855.199404,3.0,0.045968,2.2,0.115100,0.5,18.951000,8.6,O=CC(=O)C=O,,[]
22,1324.122174,40.7,0.101065,48.6,0.082100,0.0,30.002000,71.4,NC=[NH+]C1=N[N-]C(=N)O1,,[]
22,1355.687155,44.7,0.096036,44.6,0.111100,0.3,26.008000,43.0,[NH2+]=C1O[CH-]C(=O)C=C1,,[]
22,1380.613087,47.3,0.100759,48.1,0.081400,0.0,30.409000,73.6,NC=[NH+]C1=NOC([O-])=C1,,[]
22,1392.890310,48.7,0.101131,48.7,0.102800,0.1,23.524000,26.7,O1C2C3C1C1N=C3OC21,,[]
22,1599.184049,63.1,0.126135,63.4,0.103500,0.1,23.509000,26.5,C1=C2C3C4C1C1C2C3N41,,[]
23,213.087785,0.0,0.021375,0.1,0.361500,98.7,6.002000,0.0,O,,[]
23,385.502288,0.0,0.026841,0.3,0.335100,95.9,8.574000,0.0,C#C,,[]
23,478.904563,0.1,0.017147,0.0,0.622100,100.0,12.639000,0.8,FC(F)(F)F,,[]
23,494.017501,0.1,0.015951,0.0,0.277000,76.7,10.398000,0.1,N#CC#N,,[]
23,562.327555,0.2,0.033459,0.6,0.256300,68.6,10.694000,0.2,O1N=CN=N1,,[]
23,585.659612,0.3,0.027259,0.4,0.255900,68.4,12.930000,0.9,C#CC#N,,[]
23,605.972721,0.4,0.025718,0.1,0.246900,64.0,13.622000,1.2,O=C1ON=NO1,,[]
23,612.158710,0.5,0.036943,0.9,0.155500,5.9,12.147000,0.6,O=CC=O,,[]
23,660.735473,0.6,0.028773,0.4,0.148500,3.8,18.268000,7.0,O=C1N=NON=N1,,[]
23,695.742344,0.8,0.045382,2.1,0.242200,61.5,11.821000,0.4,O1C=CN=N1,,[]
23,783.223440,1.6,0.027023,0.3,0.211300,38.5,17.827000,5.6,N#CC#CC#N,,[]
23,855.199404,3.0,0.045968,2.2,0.115100,0.5,18.951000,8.4,O=CC(=O)C=O,,[]
23,1324.122174,39.5,0.101065,47.0,0.082100,0.0,30.002000,70.1,NC=[NH+]C1=N[N-]C(=N)O1,,[]
23,1355.687155,43.4,0.096036,43.2,0.111100,0.3,26.008000,42.2,[NH2+]=C1O[CH-]C(=O)C=C1,,[]
23,1380.613087,46.0,0.100759,46.6,0.081400,0.0,30.409000,72.3,NC=[NH+]C1=NOC([O-])=C1,,[]
23,1392.890310,47.2,0.101131,47.1,0.102800,0.1,23.524000,26.2,O1C2C3C1C1N=C3OC21,,[]
23,1599.184049,61.5,0.126135,61.9,0.103500,0.1,23.509000,26.0,C1=C2C3C4C1C1C2C3N41,,[]
24,213.087785,0.0,0.021375,0.1,0.361500,98.6,6.002000,0.0,O,,[]
24,385.502288,0.0,0.026841,0.3,0.335100,95.7,8.574000,0.0,C#C,,[]
24,478.904563,0.1,0.017147,0.0,0.622100,100.0,12.639000,0.9,FC(F)(F)F,,[]
24,494.017501,0.1,0.015951,0.0,0.277000,76.1,10.398000,0.1,N#CC#N,,[]
24,562.327555,0.2,0.033459,0.6,0.256300,67.9,10.694000,0.2,O1N=CN=N1,,[]
24,585.659612,0.3,0.027259,0.3,0.255900,67.7,12.930000,0.9,C#CC#N,,[]
24,605.972721,0.3,0.025718,0.1,0.246900,63.2,13.622000,1.1,O=C1ON=NO1,,[]
24,612.158710,0.5,0.036943,0.9,0.155500,6.0,12.147000,0.6,O=CC=O,,[]
24,660.735473,0.6,0.028773,0.4,0.148500,3.8,18.268000,6.9,O=C1N=NON=N1,,[]
24,695.742344,0.8,0.045382,2.2,0.242200,60.8,11.821000,0.5,O1C=CN=N1,,[]
24,783.223440,1.5,0.027023,0.3,0.211300,38.0,17.827000,5.5,N#CC#CC#N,,[]
24,855.199404,2.9,0.045968,2.2,0.115100,0.5,18.951000,8.2,O=CC(=O)C=O,,[]
24,1051.290467,11.1,0.045232,2.1,0.116900,0.6,24.735000,32.4,O=CC(=O)C(=O)C#N,,[]
24,1324.122174,38.3,0.101065,45.7,0.082100,0.0,30.002000,69.4,NC=[NH+]C1=N[N-]C(=N)O1,,[]
24,1355.687155,42.1,0.096036,41.8,0.111100,0.3,26.008000,41.3,[NH2+]=C1O[CH-]C(=O)C=C1,,[]
24,1380.613087,44.6,0.100759,45.3,0.081400,0.0,30.409000,71.7,NC=[NH+]C1=NOC([O-])=C1,,[]
24,1392.890310,45.8,0.101131,45.8,0.102800,0.1,23.524000,25.6,O1C2C3C1C1N=C3OC21,,[]
24,1599.184049,60.3,0.126135,60.8,0.103500,0.1,23.509000,25.4,C1=C2C3C4C1C1C2C3N41,,[]
25,213.087785,0.0,0.021375,0.1,0.361500,98.6,6.002000,0.0,O,,[]
25,385.502288,0.0,0.026841,0.2,0.335100,95.7,8.574000,0.0,C#C,,[]
25,478.904563,0.1,0.017147,0.0,0.622100,100.0,12.639000,0.8,FC(F)(F)F,,[]
25,494.017501,0.1,0.015951,0.0,0.277000,75.6,10.398000,0.1,N#CC#N,,[]
25,562.327555,0.2,0.033459,0.6,0.256300,67.3,10.694000,0.2,O1N=CN=N1,,[]
25,585.659612,0.2,0.027259,0.4,0.255900,67.0,12.930000,0.9,C#CC#N,,[]
25,605.972721,0.3,0.025718,0.1,0.246900,62.6,13.622000,1.1,O=C1ON=NO1,,[]
25,612.158710,0.4,0.036943,1.0,0.155500,6.0,12.147000,0.6,O=CC=O,,[]
25,660.735473,0.6,0.028773,0.4,0.148500,3.9,18.268000,6.8,O=C1N=NON=N1,,[]
25,695.742344,0.8,0.045382,2.2,0.242200,60.1,11.821000,0.4,O1C=CN=N1,,[]
25,783.223440,1.4,0.027023,0.3,0.211300,37.4,17.827000,5.5,N#CC#CC#N,,[]
25,855.199404,2.9,0.045968,2.2,0.115100,0.5,18.951000,8.1,O=CC(=O)C=O,,[]
25,1051.290467,10.9,0.045232,2.1,0.116900,0.6,24.735000,32.0,O=CC(=O)C(=O)C#N,,[]
25,1324.122174,37.3,0.101065,44.5,0.082100,0.0,30.002000,68.6,NC=[NH+]C1=N[N-]C(=N)O1,,[]
25,1355.687155,41.0,0.096036,40.6,0.111100,0.3,26.008000,40.6,[NH2+]=C1O[CH-]C(=O)C=C1,,[]
25,1380.613087,43.5,0.100759,44.1,0.081400,0.0,30.409000,70.9,NC=[NH+]C1=NOC([O-])=C1,,[]
25,1392.890310,44.7,0.101131,44.6,0.102800,0.1,23.524000,25.2,O1C2C3C1C1N=C3OC21,,[]
25,1599.184049,59.2,0.126135,59.6,0.103500,0.1,23.509000,25.0,C1=C2C3C4C1C1C2C3N41,,[]
26,213.087785,0.0,0.021375,0.1,0.361500,98.6,6.002000,0.0,O,,[]
26,385.502288,0.0,0.026841,0.2,0.335100,95.7,8.574000,0.0,C#C,,[]
26,478.904563,0.1,0.017147,0.0,0.622100,100.0,12.639000,0.8,FC(F)(F)F,,[]
26,494.017501,0.1,0.015951,0.0,0.277000,75.4,10.398000,0.1,N#CC#N,,[]
26,562.327555,0.2,0.033459,0.6,0.256300,66.6,10.694000,0.2,O1N=CN=N1,,[]
26,585.659612,0.2,0.027259,0.4,0.255900,66.4,12.930000,0.8,C#CC#N,,[]
26,605.972721,0.3,0.025718,0.1,0.246900,61.9,13.622000,1.1,O=C1ON=NO1,,[]
26,612.158710,0.4,0.036943,1.0,0.155500,5.9,12.147000,0.5,O=CC=O,,[]
26,660.735473,0.5,0.028773,0.4,0.148500,3.9,18.268000,6.7,O=C1N=NON=N1,,[]
26,695.742344,0.7,0.045382,2.2,0.242200,59.2,11.821000,0.4,O1C=CN=N1,,[]
26,783.223440,1.4,0.027023,0.3,0.211300,36.9,17.827000,5.4,N#CC#CC#N,,[]
26,855.199404,2.8,0.045968,2.2,0.115100,0.6,18.951000,7.9,O=CC(=O)C=O,,[]
26,1051.290467,10.7,0.045232,2.1,0.116900,0.6,24.735000,31.2,O=CC(=O)C(=O)C#N,,[]
26,1108.489211,15.4,0.055740,5.2,0.098300,0.1,25.564000,36.4,O=CC(=O)C(=O)C=O,,[]
26,1324.122174,36.3,0.101065,43.4,0.082100,0.0,30.002000,67.5,NC=[NH+]C1=N[N-]C(=N)O1,,[]
26,1380.613087,42.3,0.100759,43.0,0.081400,0.0,30.409000,69.9,NC=[NH+]C1=NOC([O-])=C1,,[]
26,1392.890310,43.5,0.101131,43.5,0.102800,0.1,23.524000,24.7,O1C2C3C1C1N=C3OC21,,[]
26,1599.184049,57.9,0.126135,58.4,0.103500,0.2,23.509000,24.4,C1=C2C3C4C1C1C2C3N41,,[]
27,213.087785,0.0,0.021375,0.1,0.361500,98.6,6.002000,0.0,O,,[]
27,385.502288,0.0,0.026841,0.2,0.335100,95.7,8.574000,0.0,C#C,,[]
27,478.904563,0.1,0.017147,0.0,0.622100,100.0,12.639000,0.8,FC(F)(F)F,,[]
27,494.017501,0.1,0.015951,0.0,0.277000,75.0,10.398000,0.2,N#CC#N,,[]
27,562.327555,0.2,0.033459,0.6,0.256300,66.2,10.694000,0.2,O1N=CN=N1,,[]
27,585.659612,0.2,0.027259,0.3,0.255900,66.0,12.930000,0.8,C#CC#N,,[]
27,605.972721,0.3,0.025718,0.1,0.246900,61.5,13.622000,1.1,O=C1ON=NO1,,[]
27,612.158710,0.5,0.036943,0.9,0.155500,5.8,12.147000,0.6,O=CC=O,,[]
27,660.735473,0.6,0.028773,0.4,0.148500,3.8,18.268000,6.6,O=C1N=NON=N1,,[]
27,695.742344,0.8,0.045382,2.1,0.242200,58.8,11.821000,0.5,O1C=CN=N1,,[]
27,783.223440,1.4,0.027023,0.3,0.211300,36.4,17.827000,5.4,N#CC#CC#N,,[]
27,855.199404,2.9,0.045968,2.2,0.115100,0.6,18.951000,7.9,O=CC(=O)C=O,,[]
27,1051.290467,10.6,0.045232,2.0,0.116900,0.6,24.735000,30.8,O=CC(=O)C(=O)C#N,,[]
27,1108.489211,15.1,0.055740,5.1,0.098300,0.1,25.564000,36.0,O=CC(=O)C(=O)C=O,,[]
27,1324.122174,35.4,0.101065,42.2,0.082100,0.0,30.002000,66.8,NC=[NH+]C1=N[N-]C(=N)O1,,[]
27,1380.613087,41.2,0.100759,41.8,0.081400,0.0,30.409000,69.3,NC=[NH+]C1=NOC([O-])=C1,,[]
27,1392.890310,42.4,0.101131,42.3,0.102800,0.2,23.524000,24.4,O1C2C3C1C1N=C3OC21,,[]
27,1599.184049,56.9,0.126135,57.3,0.103500,0.2,23.509000,24.2,C1=C2C3C4C1C1C2C3N41,,[]
28,213.087785,0.0,0.021375,0.1,0.361500,98.6,6.002000,0.0,O,,[]
28,385.502288,0.0,0.026841,0.3,0.335100,95.6,8.574000,0.0,C#C,,[]
28,478.904563,0.1,0.017147,0.0,0.622100,99.9,12.639000,0.8,FC(F)(F)F,,[]
28,494.017501,0.2,0.015951,0.0,0.277000,74.3,10.398000,0.2,N#CC#N,,[]
28,562.327555,0.3,0.033459,0.6,0.256300,65.6,10.694000,0.2,O1N=CN=N1,,[]
28,585.659612,0.3,0.027259,0.4,0.255900,65.4,12.930000,0.9,C#CC#N,,[]
28,605.972721,0.4,0.025718,0.1,0.246900,60.9,13.622000,1.1,O=C1ON=NO1,,[]
28,612.158710,0.5,0.036943,1.0,0.155500,6.0,12.147000,0.6,O=CC=O,,[]
28,660.735473,0.6,0.028773,0.4,0.148500,4.0,18.268000,6.5,O=C1N=NON=N1,,[]
28,695.742344,0.8,0.045382,2.1,0.242200,58.2,11.821000,0.5,O1C=CN=N1,,[]
28,783.223440,1.5,0.027023,0.3,0.211300,36.0,17.827000,5.3,N#CC#CC#N,,[]
28,855.199404,2.9,0.045968,2.2,0.115100,0.7,18.951000,7.8,O=CC(=O)C=O,,[]
28,1051.290467,10.3,0.045232,2.0,0.116900,0.7,24.735000,30.2,O=CC(=O)C(=O)C#N,,[]
28,1108.489211,14.8,0.055740,5.0,0.098300,0.1,25.564000,35.3,O=CC(=O)C(=O)C=O,,[]
28,1324.122174,34.7,0.101065,41.2,0.082100,0.0,30.002000,66.1,NC=[NH+]C1=N[N-]C(=N)O1,,[]
28,1380.613087,40.4,0.100759,40.9,0.081400,0.0,30.409000,68.6,NC=[NH+]C1=NOC([O-])=C1,,[]
28,1392.890310,41.6,0.101131,41.3,0.102800,0.1,23.524000,24.0,O1C2C3C1C1N=C3OC21,,[]
28,1599.184049,55.9,0.126135,56.3,0.103500,0.2,23.509000,23.7,C1=C2C3C4C1C1C2C3N41,,[]
29,213.087785,0.0,0.021375,0.1,0.361500,98.6,6.002000,0.0,O,,[]
29,385.502288,0.0,0.026841,0.3,0.335100,95.6,8.574000,0.0,C#C,,[]
29,478.904563,0.1,0.017147,0.0,0.622100,99.9,12.639000,0.8,FC(F)(F)F,,[]
29,494.017501,0.2,0.015951,0.0,0.277000,73.8,10.398000,0.2,N#CC#N,,[]
29,562.327555,0.2,0.033459,0.7,0.256300,65.2,10.694000,0.2,O1N=CN=N1,,[]
29,585.659612,0.3,0.027259,0.4,0.255900,65.0,12.930000,0.9,C#CC#N,,[]
29,605.972721,0.4,0.025718,0.2,0.246900,60.5,13.622000,1.1,O=C1ON=NO1,,[]
29,612.158710,0.5,0.036943,1.0,0.155500,5.9,12.147000,0.6,O=CC=O,,[]
29,660.735473,0.6,0.028773,0.5,0.148500,3.9,18.268000,6.5,O=C1N=NON=N1,,[]
29,695.742344,0.8,0.045382,2.1,0.242200,57.8,11.821000,0.5,O1C=CN=N1,,[]
29,740.670140,1.2,0.025540,0.1,0.197700,25.4,16.955000,4.0,O=C(C#N)C#N,,[]
29,855.199404,2.9,0.045968,2.2,0.115100,0.7,18.951000,7.9,O=CC(=O)C=O,,[]
29,1051.290467,10.2,0.045232,2.0,0.116900,0.7,24.735000,29.7,O=CC(=O)C(=O)C#N,,[]
29,1108.489211,14.6,0.055740,4.9,0.098300,0.1,25.564000,34.6,O=CC(=O)C(=O)C=O,,[]
29,1324.122174,33.9,0.101065,40.2,0.082100,0.0,30.002000,65.2,NC=[NH+]C1=N[N-]C(=N)O1,,[]
29,1380.613087,39.4,0.100759,39.9,0.081400,0.0,30.409000,67.8,NC=[NH+]C1=NOC([O-])=C1,,[]
29,1392.890310,40.6,0.101131,40.3,0.102800,0.1,23.524000,23.6,O1C2C3C1C1N=C3OC21,,[]
29,1599.184049,54.8,0.126135,55.2,0.103500,0.2,23.509000,23.3,C1=C2C3C4C1C1C2C3N41,,[]
30,213.087785,0.0,0.021375,0.1,0.361500,98.6,6.002000,0.0,O,,[]
30,385.502288,0.0,0.026841,0.3,0.335100,95.6,8.574000,0.0,C#C,,[]
30,478.904563,0.1,0.017147,0.0,0.622100,99.9,12.639000,0.8,FC(F)(F)F,,[]
30,494.017501,0.2,0.015951,0.0,0.277000,73.5,10.398000,0.2,N#CC#N,,[]
30,562.327555,0.2,0.033459,0.6,0.256300,64.7,10.694000,0.2,O1N=CN=N1,,[]
30,585.659612,0.3,0.027259,0.4,0.255900,64.5,12.930000,0.9,C#CC#N,,[]
30,605.972721,0.4,0.025718,0.2,0.246900,59.9,13.622000,1.1,O=C1ON=NO1,,[]
30,612.158710,0.5,0.036943,1.0,0.155500,5.9,12.147000,0.6,O=CC=O,,[]
30,645.328861,0.6,0.055355,4.7,0.234200,53.0,11.219000,0.4,CC=O,,[]
30,660.735473,0.6,0.028773,0.5,0.148500,3.9,18.268000,6.5,O=C1N=NON=N1,,[]
30,695.742344,0.8,0.045382,2.1,0.242200,57.3,11.821000,0.5,O1C=CN=N1,,[]
30,740.670140,1.2,0.025540,0.1,0.197700,25.0,16.955000,4.0,O=C(C#N)C#N,,[]
30,855.199404,2.9,0.045968,2.2,0.115100,0.7,18.951000,7.8,O=CC(=O)C=O,,[]
30,1051.290467,10.1,0.045232,2.0,0.116900,0.7,24.735000,29.2,O=CC(=O)C(=O)C#N,,[]
30,1108.489211,14.4,0.055740,4.9,0.098300,0.1,25.564000,34.3,O=CC(=O)C(=O)C=O,,[]
30,1324.122174,33.2,0.101065,39.3,0.082100,0.0,30.002000,64.5,NC=[NH+]C1=N[N-]C(=N)O1,,[]
30,1380.613087,38.6,0.100759,38.9,0.081400,0.0,30.409000,67.1,NC=[NH+]C1=NOC([O-])=C1,,[]
30,1392.890310,39.7,0.101131,39.4,0.102800,0.1,23.524000,23.2,O1C2C3C1C1N=C3OC21,,[]
30,1599.184049,53.9,0.126135,54.2,0.103500,0.2,23.509000,23.0,C1=C2C3C4C1C1C2C3N41,,[]
31,213.087785,0.0,0.021375,0.1,0.361500,98.6,6.002000,0.0,O,,[]
31,385.502288,0.0,0.026841,0.3,0.335100,95.6,8.574000,0.0,C#C,,[]
31,478.904563,0.1,0.017147,0.0,0.622100,99.9,12.639000,0.8,FC(F)(F)F,,[]
31,494.017501,0.2,0.015951,0.0,0.277000,73.1,10.398000,0.2,N#CC#N,,[]
31,562.327555,0.2,0.033459,0.7,0.256300,64.3,10.694000,0.2,O1N=CN=N1,,[]
31,585.659612,0.3,0.027259,0.4,0.255900,64.0,12.930000,0.9,C#CC#N,,[]
31,605.972721,0.4,0.025718,0.2,0.246900,59.5,13.622000,1.1,O=C1ON=NO1,,[]
31,612.158710,0.5,0.036943,1.0,0.155500,5.9,12.147000,0.6,O=CC=O,,[]
31,645.328861,0.6,0.055355,4.6,0.234200,52.4,11.219000,0.4,CC=O,,[]
31,660.735473,0.7,0.028773,0.5,0.148500,3.9,18.268000,6.4,O=C1N=NON=N1,,[]
31,695.742344,0.9,0.045382,2.1,0.242200,56.8,11.821000,0.5,O1C=CN=N1,,[]
31,740.670140,1.2,0.025540,0.1,0.197700,24.8,16.955000,4.0,O=C(C#N)C#N,,[]
31,855.199404,2.9,0.045968,2.2,0.115100,0.7,18.951000,7.7,O=CC(=O)C=O,,[]
31,1051.290467,9.9,0.045232,1.9,0.116900,0.8,24.735000,28.9,O=CC(=O)C(=O)C#N,,[]
31,1108.489211,14.1,0.055740,4.8,0.098300,0.1,25.564000,33.8,O=CC(=O)C(=O)C=O,,[]
31,1324.122174,32.4,0.101065,38.4,0.082100,0.0,30.002000,63.9,NC=[NH+]C1=N[N-]C(=N)O1,,[]
31,1380.613087,37.8,0.100759,38.1,0.081400,0.0,30.409000,66.5,NC=[NH+]C1=NOC([O-])=C1,,[]
31,1392.890310,38.9,0.101131,38.5,0.102800,0.1,23.524000,22.8,O1C2C3C1C1N=C3OC21,,[]
31,1599.184049,53.1,0.126135,53.4,0.103500,0.2,23.509000,22.6,C1=C2C3C4C1C1C2C3N41,,[]
32,213.087785,0.0,0.021375,0.1,0.361500,98.7,6.002000,0.0,O,,[]
32,385.502288,0.0,0.026841,0.3,0.335100,95.6,8.574000,0.0,C#C,,[]
32,478.904563,0.1,0.017147,0.0,0.622100,99.9,12.639000,0.8,FC(F)(F)F,,[]
32,494.017501,0.2,0.015951,0.0,0.277000,72.9,10.398000,0.2,N#CC#N,,[]
32,562.327555,0.2,0.033459,0.6,0.256300,63.9,10.694000,0.2,O1N=CN=N1,,[]
32,585.659612,0.3,0.027259,0.4,0.255900,63.7,12.930000,0.9,C#CC#N,,[]
32,605.972721,0.4,0.025718,0.2,0.246900,59.1,13.622000,1.1,O=C1ON=NO1,,[]
32,612.158710,0.5,0.036943,1.0,0.155500,5.8,12.147000,0.6,O=CC=O,,[]
32,645.328861,0.6,0.055355,4.5,0.234200,52.2,11.219000,0.4,CC=O,,[]
32,660.735473,0.7,0.028773,0.5,0.148500,3.8,18.268000,6.3,O=C1N=NON=N1,,[]
32,695.742344,0.9,0.045382,2.1,0.242200,56.5,11.821000,0.4,O1C=CN=N1,,[]
32,740.670140,1.2,0.025540,0.1,0.197700,24.4,16.955000,4.0,O=C(C#N)C#N,,[]
32,855.199404,2.8,0.045968,2.1,0.115100,0.7,18.951000,7.6,O=CC(=O)C=O,,[]
32,1051.290467,9.7,0.045232,1.9,0.116900,0.7,24.735000,28.2,O=CC(=O)C(=O)C#N,,[]
32,1108.489211,13.8,0.055740,4.7,0.098300,0.1,25.564000,33.3,O=CC(=O)C(=O)C=O,,[]
32,1324.122174,31.7,0.101065,37.5,0.082100,0.0,30.002000,63.1,NC=[NH+]C1=N[N-]C(=N)O1,,[]
32,1380.613087,37.0,0.100759,37.2,0.081400,0.0,30.409000,65.7,NC=[NH+]C1=NOC([O-])=C1,,[]
32,1392.890310,38.0,0.101131,37.6,0.102800,0.1,23.524000,22.2,O1C2C3C1C1N=C3OC21,,[]
32,1599.184049,52.0,0.126135,52.3,0.103500,0.2,23.509000,22.0,C1=C2C3C4C1C1C2C3N41,,[]
33,213.087785,0.0,0.021375,0.1,0.361500,98.7,6.002000,0.0,O,,[]
33,385.502288,0.0,0.026841,0.3,0.335100,95.6,8.574000,0.0,C#C,,[]
33,478.904563,0.1,0.017147,0.0,0.622100,99.9,12.639000,0.8,FC(F)(F)F,,[]
33,494.017501,0.2,0.015951,0.0,0.277000,72.6,10.398000,0.2,N#CC#N,,[]
33,551.957961,0.2,0.026540,0.3,0.206600,30.7,11.329000,0.5,O=CC#N,,[]
33,562.327555,0.2,0.033459,0.6,0.256300,63.4,10.694000,0.2,O1N=CN=N1,,[]
33,605.972721,0.4,0.025718,0.2,0.246900,58.6,13.622000,1.1,O=C1ON=NO1,,[]
33,612.158710,0.5,0.036943,1.0,0.155500,5.8,12.147000,0.6,O=CC=O,,[]
33,645.328861,0.6,0.055355,4.5,0.234200,51.6,11.219000,0.4,CC=O,,[]
33,660.735473,0.7,0.028773,0.5,0.148500,3.8,18.268000,6.4,O=C1N=NON=N1,,[]
33,740.670140,1.2,0.025540,0.1,0.197700,24.0,16.955000,4.0,O=C(C#N)C#N,,[]
33,800.856456,1.9,0.035739,0.9,0.147500,3.5,18.042000,5.9,O=CC(=O)C#N,,[]
33,855.199404,2.8,0.045968,2.1,0.115100,0.6,18.951000,7.6,O=CC(=O)C=O,,[]
33,1051.290467,9.6,0.045232,1.9,0.116900,0.7,24.735000,27.9,O=CC(=O)C(=O)C#N,,[]
33,1108.489211,13.6,0.055740,4.7,0.098300,0.1,25.564000,32.9,O=CC(=O)C(=O)C=O,,[]
33,1324.122174,31.1,0.101065,36.8,0.082100,0.0,30.002000,62.6,NC=[NH+]C1=N[N-]C(=N)O1,,[]
33,1380.613087,36.4,0.100759,36.5,0.081400,0.0,30.409000,65.3,NC=[NH+]C1=NOC([O-])=C1,,[]
33,1392.890310,37.4,0.101131,36.9,0.102800,0.1,23.524000,21.9,O1C2C3C1C1N=C3OC21,,[]
33,1599.184049,51.4,0.126135,51.7,0.103500,0.2,23.509000,21.7,C1=C2C3C4C1C1C2C3N41,,[]
34,213.087785,0.0,0.021375,0.1,0.361500,98.7,6.002000,0.0,O,,[]
34,385.502288,0.0,0.026841,0.3,0.335100,95.6,8.574000,0.0,C#C,,[]
34,478.904563,0.1,0.017147,0.0,0.622100,99.9,12.639000,0.8,FC(F)(F)F,,[]
34,494.017501,0.1,0.015951,0.0,0.277000,72.4,10.398000,0.1,N#CC#N,,[]
34,551.957961,0.2,0.026540,0.3,0.206600,30.3,11.329000,0.5,O=CC#N,,[]
34,562.327555,0.2,0.033459,0.6,0.256300,63.3,10.694000,0.2,O1N=CN=N1,,[]
34,605.972721,0.4,0.025718,0.1,0.246900,58.4,13.622000,1.1,O=C1ON=NO1,,[]
34,612.158710,0.5,0.036943,1.0,0.155500,5.7,12.147000,0.6,O=CC=O,,[]
34,645.328861,0.6,0.055355,4.4,0.234200,51.3,11.219000,0.4,CC=O,,[]
34,660.735473,0.7,0.028773,0.5,0.148500,3.8,18.268000,6.3,O=C1N=NON=N1,,[]
34,740.670140,1.2,0.025540,0.1,0.197700,23.6,16.955000,4.0,O=C(C#N)C#N,,[]
34,800.856456,1.9,0.035739,0.9,0.147500,3.5,18.042000,5.9,O=CC(=O)C#N,,[]
34,855.199404,2.8,0.045968,2.1,0.115100,0.6,18.951000,7.5,O=CC(=O)C=O,,[]
34,1051.290467,9.5,0.045232,1.9,0.116900,0.7,24.735000,27.6,O=CC(=O)C(=O)C#N,,[]
34,1108.489211,13.3,0.055740,4.7,0.098300,0.1,25.564000,32.6,O=CC(=O)C(=O)C=O,,[]
34,1324.122174,30.5,0.101065,36.1,0.082100,0.0,30.002000,61.9,NC=[NH+]C1=N[N-]C(=N)O1,,[]
34,1380.613087,35.8,0.100759,35.8,0.081400,0.0,30.409000,64.7,NC=[NH+]C1=NOC([O-])=C1,,[]
34,1392.890310,36.8,0.101131,36.2,0.102800,0.1,23.524000,21.5,O1C2C3C1C1N=C3OC21,,[]
34,1599.184049,50.7,0.126135,51.0,0.103500,0.1,23.509000,21.3,C1=C2C3C4C1C1C2C3N41,,[]
35,213.087785,0.0,0.021375,0.1,0.361500,98.7,6.002000,0.0,O,,[]
35,385.502288,0.0,0.026841,0.3,0.335100,95.6,8.574000,0.1,C#C,,[]
35,478.904563,0.1,0.017147,0.0,0.622100,99.9,12.639000,0.9,FC(F)(F)F,,[]
35,494.017501,0.2,0.015951,0.0,0.277000,72.1,10.398000,0.2,N#CC#N,,[]
35,551.957961,0.2,0.026540,0.3,0.206600,29.9,11.329000,0.5,O=CC#N,,[]
35,562.327555,0.3,0.033459,0.6,0.256300,62.9,10.694000,0.2,O1N=CN=N1,,[]
35,605.972721,0.4,0.025718,0.1,0.246900,58.0,13.622000,1.2,O=C1ON=NO1,,[]
35,612.158710,0.5,0.036943,1.0,0.155500,5.8,12.147000,0.7,O=CC=O,,[]
35,645.328861,0.6,0.055355,4.4,0.234200,51.2,11.219000,0.4,CC=O,,[]
35,660.735473,0.7,0.028773,0.5,0.148500,3.9,18.268000,6.3,O=C1N=NON=N1,,[]
35,740.670140,1.2,0.025540,0.1,0.197700,23.4,16.955000,4.0,O=C(C#N)C#N,,[]
35,800.856456,2.0,0.035739,0.9,0.147500,3.6,18.042000,5.9,O=CC(=O)C#N,,[]
35,855.199404,2.9,0.045968,2.1,0.115100,0.6,18.951000,7.5,O=CC(=O)C=O,,[]
35,1051.290467,9.4,0.045232,1.9,0.116900,0.7,24.735000,27.2,O=CC(=O)C(=O)C#N,,[]
35,1108.489211,13.2,0.055740,4.7,0.098300,0.1,25.564000,32.1,O=CC(=O)C(=O)C=O,,[]
35,1324.122174,30.0,0.101065,35.4,0.082100,0.0,30.002000,61.4,NC=[NH+]C1=N[N-]C(=N)O1,,[]
35,1380.613087,35.2,0.100759,35.1,0.081400,0.0,30.409000,64.2,NC=[NH+]C1=NOC([O-])=C1,,[]
35,1392.890310,36.2,0.101131,35.5,0.102800,0.1,23.524000,21.3,O1C2C3C1C1N=C3OC21,,[]
35,1599.184049,50.1,0.126135,50.3,0.103500,0.1,23.509000,21.1,C1=C2C3C4C1C1C2C3N41,,[]
36,213.087785,0.0,0.021375,0.1,0.361500,98.6,6.002000,0.0,O,,[]
36,385.502288,0.1,0.026841,0.4,0.335100,95.5,8.574000,0.1,C#C,,[]
36,427.706065,0.1,0.020349,0.1,0.259800,64.1,10.401000,0.3,O1N=NN=N1,,[]
36,478.904563,0.1,0.017147,0.0,0.622100,99.9,12.639000,0.9,FC(F)(F)F,,[]
36,494.017501,0.2,0.015951,0.0,0.277000,71.7,10.398000,0.3,N#CC#N,,[]
36,551.957961,0.3,0.026540,0.3,0.206600,29.5,11.329000,0.6,O=CC#N,,[]
36,562.327555,0.3,0.033459,0.7,0.256300,62.5,10.694000,0.3,O1N=CN=N1,,[]
36,605.972721,0.5,0.025718,0.2,0.246900,57.6,13.622000,1.2,O=C1ON=NO1,,[]
36,612.158710,0.6,0.036943,1.0,0.155500,5.7,12.147000,0.7,O=CC=O,,[]
36,645.328861,0.7,0.055355,4.4,0.234200,50.8,11.219000,0.5,CC=O,,[]
36,660.735473,0.8,0.028773,0.5,0.148500,3.9,18.268000,6.3,O=C1N=NON=N1,,[]
36,740.670140,1.3,0.025540,0.2,0.197700,23.0,16.955000,4.0,O=C(C#N)C#N,,[]
36,800.856456,2.0,0.035739,1.0,0.147500,3.5,18.042000,5.8,O=CC(=O)C#N,,[]
36,855.199404,2.9,0.045968,2.1,0.115100,0.6,18.951000,7.4,O=CC(=O)C=O,,[]
36,1051.290467,9.2,0.045232,1.9,0.116900,0.6,24.735000,26.8,O=CC(=O)C(=O)C#N,,[]
36,1108.489211,13.0,0.055740,4.6,0.098300,0.1,25.564000,31.6,O=CC(=O)C(=O)C=O,,[]
36,1324.122174,29.4,0.101065,34.8,0.082100,0.0,30.002000,60.6,NC=[NH+]C1=N[N-]C(=N)O1,,[]
36,1380.613087,34.5,0.100759,34.5,0.081400,0.0,30.409000,63.5,NC=[NH+]C1=NOC([O-])=C1,,[]
36,1392.890310,35.5,0.101131,34.8,0.102800,0.1,23.524000,21.0,O1C2C3C1C1N=C3OC21,,[]
36,1599.184049,49.2,0.126135,49.4,0.103500,0.1,23.509000,20.8,C1=C2C3C4C1C1C2C3N41,,[]
37,213.087785,0.0,0.021375,0.1,0.361500,98.6,6.002000,0.0,O,,[]
37,385.502288,0.1,0.026841,0.4,0.335100,95.5,8.574000,0.1,C#C,,[]
37,427.706065,0.1,0.020349,0.1,0.259800,64.1,10.401000,0.3,O1N=NN=N1,,[]
37,478.904563,0.1,0.017147,0.1,0.622100,99.9,12.639000,0.9,FC(F)(F)F,,[]
37,494.017501,0.2,0.015951,0.0,0.277000,71.6,10.398000,0.2,N#CC#N,,[]
37,551.957961,0.3,0.026540,0.4,0.206600,29.3,11.329000,0.6,O=CC#N,,[]
37,562.327555,0.3,0.033459,0.7,0.256300,62.3,10.694000,0.3,O1N=CN=N1,,[]
37,605.972721,0.5,0.025718,0.2,0.246900,57.6,13.622000,1.2,O=C1ON=NO1,,[]
37,612.158710,0.6,0.036943,1.0,0.155500,5.7,12.147000,0.7,O=CC=O,,[]
37,645.328861,0.7,0.055355,4.3,0.234200,50.6,11.219000,0.5,CC=O,,[]
37,660.735473,0.8,0.028773,0.5,0.148500,3.8,18.268000,6.2,O=C1N=NON=N1,,[]
37,740.670140,1.3,0.025540,0.2,0.197700,22.9,16.955000,4.0,O=C(C#N)C#N,,[]
37,800.856456,2.0,0.035739,1.0,0.147500,3.5,18.042000,5.8,O=CC(=O)C#N,,[]
37,855.199404,2.8,0.045968,2.1,0.115100,0.6,18.951000,7.3,O=CC(=O)C=O,,[]
37,1051.290467,9.1,0.045232,1.9,0.116900,0.6,24.735000,26.5,O=CC(=O)C(=O)C#N,,[]
37,1108.489211,12.8,0.055740,4.5,0.098300,0.1,25.564000,31.2,O=CC(=O)C(=O)C=O,,[]
37,1324.122174,29.0,0.101065,34.2,0.082100,0.0,30.002000,60.4,NC=[NH+]C1=N[N-]C(=N)O1,,[]
37,1380.613087,34.0,0.100759,33.9,0.081400,0.0,30.409000,63.2,NC=[NH+]C1=NOC([O-])=C1,,[]
37,1392.890310,35.0,0.101131,34.3,0.102800,0.1,23.524000,20.7,O1C2C3C1C1N=C3OC21,,[]
37,1599.184049,48.8,0.126135,49.1,0.103500,0.1,23.509000,20.5,C1=C2C3C4C1C1C2C3N41,,[]
38,213.087785,0.0,0.021375,0.1,0.361500,98.6,6.002000,0.0,O,,[]
38,385.502288,0.1,0.026841,0.4,0.335100,95.5,8.574000,0.1,C#C,,[]
38,427.706065,0.1,0.020349,0.1,0.259800,63.8,10.401000,0.3,O1N=NN=N1,,[]
38,478.904563,0.1,0.017147,0.1,0.622100,99.9,12.639000,0.9,FC(F)(F)F,,[]
38,494.017501,0.2,0.015951,0.0,0.277000,71.4,10.398000,0.3,N#CC#N,,[]
38,551.957961,0.3,0.026540,0.3,0.206600,29.0,11.329000,0.6,O=CC#N,,[]
38,562.327555,0.3,0.033459,0.7,0.256300,62.0,10.694000,0.3,O1N=CN=N1,,[]
38,605.972721,0.5,0.025718,0.2,0.246900,57.1,13.622000,1.2,O=C1ON=NO1,,[]
38,612.158710,0.6,0.036943,1.0,0.155500,5.7,12.147000,0.7,O=CC=O,,[]
38,645.328861,0.7,0.055355,4.2,0.234200,50.1,11.219000,0.5,CC=O,,[]
38,660.735473,0.8,0.028773,0.5,0.148500,3.8,18.268000,6.2,O=C1N=NON=N1,,[]
38,740.670140,1.3,0.025540,0.2,0.197700,22.6,16.955000,4.0,O=C(C#N)C#N,,[]
38,800.856456,2.0,0.035739,1.0,0.147500,3.5,18.042000,5.8,O=CC(=O)C#N,,[]
38,855.199404,2.8,0.045968,2.1,0.115100,0.6,18.951000,7.3,O=CC(=O)C=O,,[]
38,1051.290467,9.0,0.045232,1.9,0.116900,0.6,24.735000,26.2,O=CC(=O)C(=O)C#N,,[]
38,1108.489211,12.7,0.055740,4.5,0.098300,0.1,25.564000,30.9,O=CC(=O)C(=O)C=O,,[]
38,1324.122174,28.6,0.101065,33.6,0.082100,0.0,30.002000,59.9,NC=[NH+]C1=N[N-]C(=N)O1,,[]
38,1380.613087,33.6,0.100759,33.3,0.081400,0.0,30.409000,62.7,NC=[NH+]C1=NOC([O-])=C1,,[]
38,1392.890310,34.6,0.101131,33.7,0.102800,0.1,23.524000,20.6,O1C2C3C1C1N=C3OC21,,[]
38,1599.184049,48.4,0.126135,48.5,0.103500,0.1,23.509000,20.4,C1=C2C3C4C1C1C2C3N41,,[]
39,213.087785,0.0,0.021375,0.2,0.361500,98.6,6.002000,0.0,O,,[]
39,301.820762,0.1,0.016601,0.1,0.379600,99.1,6.278000,0.1,C#N,,[]
39,385.502288,0.1,0.026841,0.4,0.335100,95.5,8.574000,0.1,C#C,,[]
39,427.706065,0.1,0.020349,0.1,0.259800,63.2,10.401000,0.4,O1N=NN=N1,,[]
39,494.017501,0.3,0.015951,0.0,0.277000,70.8,10.398000,0.3,N#CC#N,,[]
39,551.957961,0.3,0.026540,0.4,0.206600,28.6,11.329000,0.6,O=CC#N,,[]
39,562.327555,0.4,0.033459,0.7,0.256300,61.5,10.694000,0.4,O1N=CN=N1,,[]
39,605.972721,0.5,0.025718,0.3,0.246900,56.6,13.622000,1.2,O=C1ON=NO1,,[]
39,612.158710,0.6,0.036943,1.0,0.155500,5.7,12.147000,0.8,O=CC=O,,[]
39,645.328861,0.8,0.055355,4.2,0.234200,49.7,11.219000,0.6,CC=O,,[]
39,660.735473,0.8,0.028773,0.5,0.148500,3.8,18.268000,6.2,O=C1N=NON=N1,,[]
39,740.670140,1.3,0.025540,0.2,0.197700,22.4,16.955000,4.0,O=C(C#N)C#N,,[]
39,800.856456,2.0,0.035739,1.0,0.147500,3.5,18.042000,5.8,O=CC(=O)C#N,,[]
39,855.199404,2.8,0.045968,2.0,0.115100,0.6,18.951000,7.3,O=CC(=O)C=O,,[]
39,1051.290467,9.0,0.045232,1.8,0.116900,0.6,24.735000,25.9,O=CC(=O)C(=O)C#N,,[]
39,1108.489211,12.5,0.055740,4.4,0.098300,0.1,25.564000,30.5,O=CC(=O)C(=O)C=O,,[]
39,1324.122174,28.2,0.101065,33.1,0.082100,0.0,30.002000,59.4,NC=[NH+]C1=N[N-]C(=N)O1,,[]
39,1380.613087,33.0,0.100759,32.8,0.081400,0.0,30.409000,62.2,NC=[NH+]C1=NOC([O-])=C1,,[]
39,1392.890310,34.0,0.101131,33.1,0.102800,0.1,23.524000,20.3,O1C2C3C1C1N=C3OC21,,[]
39,1599.184049,47.7,0.126135,47.8,0.103500,0.1,23.509000,20.1,C1=C2C3C4C1C1C2C3N41,,[]
40,213.087785,0.0,0.021375,0.2,0.361500,98.5,6.002000,0.0,O,,[]
40,301.820762,0.1,0.016601,0.1,0.379600,99.1,6.278000,0.1,C#N,,[]
40,385.502288,0.1,0.026841,0.4,0.335100,95.4,8.574000,0.1,C#C,,[]
40,427.706065,0.2,0.020349,0.1,0.259800,62.8,10.401000,0.4,O1N=NN=N1,,[]
40,494.017501,0.3,0.015951,0.0,0.277000,70.5,10.398000,0.4,N#CC#N,,[]
40,551.957961,0.4,0.026540,0.4,0.206600,28.3,11.329000,0.7,O=CC#N,,[]
40,562.327555,0.4,0.033459,0.7,0.256300,61.1,10.694000,0.4,O1N=CN=N1,,[]
40,605.972721,0.5,0.025718,0.3,0.246900,56.2,13.622000,1.3,O=C1ON=NO1,,[]
40,612.158710,0.6,0.036943,1.0,0.155500,5.6,12.147000,0.8,O=CC=O,,[]
40,645.328861,0.8,0.055355,4.1,0.234200,49.2,11.219000,0.6,CC=O,,[]
40,660.735473,0.8,0.028773,0.6,0.148500,3.8,18.268000,6.2,O=C1N=NON=N1,,[]
40,740.670140,1.3,0.025540,0.2,0.197700,22.2,16.955000,4.0,O=C(C#N)C#N,,[]
40,800.856456,2.1,0.035739,1.0,0.147500,3.5,18.042000,5.8,O=CC(=O)C#N,,[]
40,855.199404,2.9,0.045968,2.0,0.115100,0.6,18.951000,7.3,O=CC(=O)C=O,,[]
40,1051.290467,8.9,0.045232,1.8,0.116900,0.6,24.735000,25.5,O=CC(=O)C(=O)C#N,,[]
40,1108.489211,12.4,0.055740,4.3,0.098300,0.1,25.564000,30.1,O=CC(=O)C(=O)C=O,,[]
40,1324.122174,27.7,0.101065,32.5,0.082100,0.0,30.002000,58.9,NC=[NH+]C1=N[N-]C(=N)O1,,[]
40,1380.613087,32.5,0.100759,32.2,0.081400,0.0,30.409000,61.6,NC=[NH+]C1=NOC([O-])=C1,,[]
40,1392.890310,33.4,0.101131,32.6,0.102800,0.1,23.524000,20.0,O1C2C3C1C1N=C3OC21,,[]
40,1599.184049,47.1,0.126135,47.2,0.103500,0.1,23.509000,19.8,C1=C2C3C4C1C1C2C3N41,,[]
41,213.087785,0.0,0.021375,0.1,0.361500,98.5,6.002000,0.0,O,,[]
41,301.820762,0.1,0.016601,0.0,0.379600,99.0,6.278000,0.1,C#N,,[]
41,385.502288,0.1,0.026841,0.4,0.335100,95.4,8.574000,0.1,C#C,,[]
41,427.706065,0.2,0.020349,0.1,0.259800,62.4,10.401000,0.4,O1N=NN=N1,,[]
41,494.017501,0.3,0.015951,0.0,0.277000,70.2,10.398000,0.4,N#CC#N,,[]
41,551.957961,0.4,0.026540,0.4,0.206600,28.1,11.329000,0.7,O=CC#N,,[]
41,562.327555,0.4,0.033459,0.7,0.256300,60.7,10.694000,0.4,O1N=CN=N1,,[]
41,605.972721,0.5,0.025718,0.3,0.246900,55.9,13.622000,1.3,O=C1ON=NO1,,[]
41,612.158710,0.6,0.036943,1.0,0.155500,5.6,12.147000,0.8,O=CC=O,,[]
41,645.328861,0.8,0.055355,4.1,0.234200,48.9,11.219000,0.6,CC=O,,[]
41,660.735473,0.8,0.028773,0.5,0.148500,3.8,18.268000,6.2,O=C1N=NON=N1,,[]
41,740.670140,1.3,0.025540,0.2,0.197700,22.0,16.955000,4.0,O=C(C#N)C#N,,[]
41,788.113621,1.9,0.051463,2.8,0.135500,1.4,14.117000,1.4,C1=NN=CN=N1,,[]
41,800.856456,2.1,0.035739,0.9,0.147500,3.5,18.042000,5.8,O=CC(=O)C#N,,[]
41,855.199404,2.9,0.045968,2.0,0.115100,0.5,18.951000,7.3,O=CC(=O)C=O,,[]
41,1051.290467,8.8,0.045232,1.8,0.116900,0.6,24.735000,25.3,O=CC(=O)C(=O)C#N,,[]
41,1108.489211,12.3,0.055740,4.3,0.098300,0.0,25.564000,29.8,O=CC(=O)C(=O)C=O,,[]
41,1324.122174,27.3,0.101065,32.0,0.082100,0.0,30.002000,58.6,NC=[NH+]C1=N[N-]C(=N)O1,,[]
41,1380.613087,32.1,0.100759,31.8,0.081400,0.0,30.409000,61.3,NC=[NH+]C1=NOC([O-])=C1,,[]
41,1392.890310,33.0,0.101131,32.1,0.102800,0.1,23.524000,19.9,O1C2C3C1C1N=C3OC21,,[]
41,1599.184049,46.6,0.126135,46.7,0.103500,0.1,23.509000,19.7,C1=C2C3C4C1C1C2C3N41,,[]
42,213.087785,0.0,0.021375,0.1,0.361500,98.5,6.002000,0.0,O,,[]
42,301.820762,0.1,0.016601,0.0,0.379600,99.0,6.278000,0.1,C#N,,[]
42,385.502288,0.1,0.026841,0.4,0.335100,95.4,8.574000,0.1,C#C,,[]
42,427.706065,0.2,0.020349,0.1,0.259800,62.2,10.401000,0.4,O1N=NN=N1,,[]
42,494.017501,0.3,0.015951,0.0,0.277000,70.0,10.398000,0.4,N#CC#N,,[]
42,551.957961,0.4,0.026540,0.4,0.206600,28.0,11.329000,0.7,O=CC#N,,[]
42,562.327555,0.4,0.033459,0.7,0.256300,60.5,10.694000,0.4,O1N=CN=N1,,[]
42,605.972721,0.5,0.025718,0.3,0.246900,55.6,13.622000,1.3,O=C1ON=NO1,,[]
42,612.158710,0.6,0.036943,1.0,0.155500,5.6,12.147000,0.8,O=CC=O,,[]
42,645.328861,0.8,0.055355,4.1,0.234200,48.8,11.219000,0.6,CC=O,,[]
42,660.735473,0.8,0.028773,0.6,0.148500,3.8,18.268000,6.2,O=C1N=NON=N1,,[]
42,740.670140,1.3,0.025540,0.2,0.197700,21.9,16.955000,4.0,O=C(C#N)C#N,,[]
42,788.113621,1.9,0.051463,2.8,0.135500,1.4,14.117000,1.4,C1=NN=CN=N1,,[]
42,800.856456,2.0,0.035739,0.9,0.147500,3.5,18.042000,5.8,O=CC(=O)C#N,,[]
42,855.199404,2.8,0.045968,2.0,0.115100,0.5,18.951000,7.2,O=CC(=O)C=O,,[]
42,1051.290467,8.7,0.045232,1.8,0.116900,0.6,24.735000,25.1,O=CC(=O)C(=O)C#N,,[]
42,1108.489211,12.1,0.055740,4.3,0.098300,0.0,25.564000,29.6,O=CC(=O)C(=O)C=O,,[]
42,1324.122174,26.9,0.101065,31.6,0.082100,0.0,30.002000,58.4,NC=[NH+]C1=N[N-]C(=N)O1,,[]
42,1380.613087,31.7,0.100759,31.3,0.081400,0.0,30.409000,61.1,NC=[NH+]C1=NOC([O-])=C1,,[]
42,1392.890310,32.6,0.101131,31.7,0.102800,0.1,23.524000,19.8,O1C2C3C1C1N=C3OC21,,[]
42,1599.184049,46.2,0.126135,46.3,0.103500,0.1,23.509000,19.6,C1=C2C3C4C1C1C2C3N41,,[]
43,213.087785,0.0,0.021375,0.1,0.361500,98.5,6.002000,0.0,O,,[]
43,301.820762,0.1,0.016601,0.0,0.379600,99.0,6.278000,0.1,C#N,,[]
43,385.502288,0.1,0.026841,0.4,0.335100,95.4,8.574000,0.1,C#C,,[]
43,427.706065,0.2,0.020349,0.1,0.259800,62.0,10.401000,0.4,O1N=NN=N1,,[]
43,494.017501,0.3,0.015951,0.0,0.277000,69.9,10.398000,0.4,N#CC#N,,[]
43,551.957961,0.4,0.026540,0.4,0.206600,27.9,11.329000,0.7,O=CC#N,,[]
43,562.327555,0.4,0.033459,0.7,0.256300,60.2,10.694000,0.4,O1N=CN=N1,,[]
43,605.972721,0.5,0.025718,0.3,0.246900,55.4,13.622000,1.3,O=C1ON=NO1,,[]
43,612.158710,0.6,0.036943,1.0,0.155500,5.6,12.147000,0.8,O=CC=O,,[]
43,645.328861,0.8,0.055355,4.0,0.234200,48.6,11.219000,0.6,CC=O,,[]
43,660.735473,0.8,0.028773,0.5,0.148500,3.8,18.268000,6.1,O=C1N=NON=N1,,[]
43,740.670140,1.3,0.025540,0.2,0.197700,21.7,16.955000,4.0,O=C(C#N)C#N,,[]
43,788.113621,1.9,0.051463,2.8,0.135500,1.4,14.117000,1.4,C1=NN=CN=N1,,[]
43,800.856456,2.0,0.035739,0.9,0.147500,3.5,18.042000,5.7,O=CC(=O)C#N,,[]
43,855.199404,2.8,0.045968,2.0,0.115100,0.5,18.951000,7.2,O=CC(=O)C=O,,[]
43,1051.290467,8.6,0.045232,1.8,0.116900,0.6,24.735000,24.8,O=CC(=O)C(=O)C#N,,[]
43,1108.489211,12.0,0.055740,4.3,0.098300,0.0,25.564000,29.2,O=CC(=O)C(=O)C=O,,[]
43,1324.122174,26.5,0.101065,31.1,0.082100,0.0,30.002000,57.9,NC=[NH+]C1=N[N-]C(=N)O1,,[]
43,1380.613087,31.2,0.100759,30.8,0.081400,0.0,30.409000,60.6,NC=[NH+]C1=NOC([O-])=C1,,[]
43,1392.890310,32.1,0.101131,31.2,0.102800,0.1,23.524000,19.5,O1C2C3C1C1N=C3OC21,,[]
43,1599.184049,45.6,0.126135,45.8,0.103500,0.1,23.509000,19.3,C1=C2C3C4C1C1C2C3N41,,[]
44,213.087785,0.0,0.021375,0.1,0.361500,98.5,6.002000,0.0,O,,[]
44,301.820762,0.1,0.016601,0.0,0.379600,99.0,6.278000,0.1,C#N,,[]
44,385.502288,0.1,0.026841,0.4,0.335100,95.4,8.574000,0.2,C#C,,[]
44,427.706065,0.2,0.020349,0.1,0.259800,61.9,10.401000,0.4,O1N=NN=N1,,[]
44,494.017501,0.3,0.015951,0.0,0.277000,69.7,10.398000,0.4,N#CC#N,,[]
44,551.957961,0.4,0.026540,0.3,0.206600,27.8,11.329000,0.7,O=CC#N,,[]
44,562.327555,0.4,0.033459,0.7,0.256300,60.1,10.694000,0.5,O1N=CN=N1,,[]
44,605.972721,0.5,0.025718,0.3,0.246900,55.3,13.622000,1.3,O=C1ON=NO1,,[]
44,612.158710,0.6,0.036943,0.9,0.155500,5.5,12.147000,0.8,O=CC=O,,[]
44,645.328861,0.8,0.055355,4.0,0.234200,48.4,11.219000,0.6,CC=O,,[]
44,660.735473,0.8,0.028773,0.5,0.148500,3.8,18.268000,6.0,O=C1N=NON=N1,,[]
44,740.670140,1.3,0.025540,0.2,0.197700,21.7,16.955000,4.0,O=C(C#N)C#N,,[]
44,788.113621,1.8,0.051463,2.8,0.135500,1.4,14.117000,1.4,C1=NN=CN=N1,,[]
44,800.856456,2.0,0.035739,0.9,0.147500,3.5,18.042000,5.6,O=CC(=O)C#N,,[]
44,855.199404,2.8,0.045968,2.0,0.115100,0.6,18.951000,7.0,O=CC(=O)C=O,,[]
44,1051.290467,8.5,0.045232,1.8,0.116900,0.6,24.735000,24.5,O=CC(=O)C(=O)C#N,,[]
44,1108.489211,11.8,0.055740,4.2,0.098300,0.0,25.564000,28.8,O=CC(=O)C(=O)C=O,,[]
44,1324.122174,26.1,0.101065,30.6,0.082100,0.0,30.002000,57.5,NC=[NH+]C1=N[N-]C(=N)O1,,[]
44,1380.613087,30.8,0.100759,30.4,0.081400,0.0,30.409000,60.1,NC=[NH+]C1=NOC([O-])=C1,,[]
44,1392.890310,31.7,0.101131,30.7,0.102800,0.1,23.524000,19.3,O1C2C3C1C1N=C3OC21,,[]
44,1599.184049,45.1,0.126135,45.4,0.103500,0.1,23.509000,19.1,C1=C2C3C4C1C1C2C3N41,,[]
45,213.087785,0.0,0.021375,0.1,0.361500,98.5,6.002000,0.0,O,,[]
45,276.861573,0.1,0.034358,0.8,0.339900,96.1,6.316000,0.1,N,,[]
45,301.820762,0.1,0.016601,0.0,0.379600,99.0,6.278000,0.1,C#N,,[]
45,385.502288,0.1,0.026841,0.4,0.335100,95.3,8.574000,0.2,C#C,,[]
45,427.706065,0.2,0.020349,0.1,0.259800,61.7,10.401000,0.4,O1N=NN=N1,,[]
45,494.017501,0.3,0.015951,0.0,0.277000,69.6,10.398000,0.4,N#CC#N,,[]
45,551.957961,0.4,0.026540,0.3,0.206600,27.6,11.329000,0.7,O=CC#N,,[]
45,562.327555,0.4,0.033459,0.7,0.256300,60.0,10.694000,0.5,O1N=CN=N1,,[]
45,605.972721,0.5,0.025718,0.2,0.246900,55.1,13.622000,1.3,O=C1ON=NO1,,[]
45,612.158710,0.6,0.036943,1.0,0.155500,5.5,12.147000,0.9,O=CC=O,,[]
45,645.328861,0.8,0.055355,4.0,0.234200,48.2,11.219000,0.7,CC=O,,[]
45,660.735473,0.8,0.028773,0.5,0.148500,3.8,18.268000,6.0,O=C1N=NON=N1,,[]
45,740.670140,1.3,0.025540,0.2,0.197700,21.5,16.955000,4.0,O=C(C#N)C#N,,[]
45,788.113621,1.9,0.051463,2.8,0.135500,1.4,14.117000,1.4,C1=NN=CN=N1,,[]
45,800.856456,2.0,0.035739,0.9,0.147500,3.5,18.042000,5.6,O=CC(=O)C#N,,[]
45,855.199404,2.8,0.045968,2.0,0.115100,0.5,18.951000,7.0,O=CC(=O)C=O,,[]
45,1051.290467,8.5,0.045232,1.8,0.116900,0.6,24.735000,24.2,O=CC(=O)C(=O)C#N,,[]
45,1108.489211,11.7,0.055740,4.2,0.098300,0.0,25.564000,28.5,O=CC(=O)C(=O)C=O,,[]
45,1324.122174,25.8,0.101065,30.2,0.082100,0.0,30.002000,57.2,NC=[NH+]C1=N[N-]C(=N)O1,,[]
45,1380.613087,30.3,0.100759,30.0,0.081400,0.0,30.409000,59.8,NC=[NH+]C1=NOC([O-])=C1,,[]
45,1392.890310,31.2,0.101131,30.3,0.102800,0.1,23.524000,19.1,O1C2C3C1C1N=C3OC21,,[]
45,1599.184049,44.6,0.126135,44.9,0.103500,0.1,23.509000,18.9,C1=C2C3C4C1C1C2C3N41,,[]
46,213.087785,0.0,0.021375,0.1,0.361500,98.5,6.002000,0.0,O,,[]
46,276.861573,0.1,0.034358,0.8,0.339900,96.1,6.316000,0.1,N,,[]
46,301.820762,0.1,0.016601,0.0,0.379600,99.0,6.278000,0.1,C#N,,[]
46,358.757206,0.1,0.026603,0.4,0.226300,43.0,6.413000,0.1,C=O,,[]
46,427.706065,0.2,0.020349,0.1,0.259800,61.5,10.401000,0.5,O1N=NN=N1,,[]
46,494.017501,0.3,0.015951,0.0,0.277000,69.4,10.398000,0.4,N#CC#N,,[]
46,551.957961,0.4,0.026540,0.3,0.206600,27.5,11.329000,0.7,O=CC#N,,[]
46,605.972721,0.5,0.025718,0.2,0.246900,54.9,13.622000,1.3,O=C1ON=NO1,,[]
46,612.158710,0.6,0.036943,1.0,0.155500,5.5,12.147000,0.9,O=CC=O,,[]
46,660.735473,0.8,0.028773,0.5,0.148500,3.8,18.268000,6.0,O=C1N=NON=N1,,[]
46,740.670140,1.3,0.025540,0.2,0.197700,21.4,16.955000,3.9,O=C(C#N)C#N,,[]
46,788.113621,1.9,0.051463,2.8,0.135500,1.4,14.117000,1.4,C1=NN=CN=N1,,[]
46,800.856456,2.0,0.035739,0.9,0.147500,3.5,18.042000,5.6,O=CC(=O)C#N,,[]
46,855.199404,2.8,0.045968,2.0,0.115100,0.5,18.951000,6.9,O=CC(=O)C=O,,[]
46,1051.290467,8.4,0.045232,1.8,0.116900,0.6,24.735000,24.1,O=CC(=O)C(=O)C#N,,[]
46,1108.489211,11.6,0.055740,4.2,0.098300,0.0,25.564000,28.4,O=CC(=O)C(=O)C=O,,[]
46,1324.122174,25.4,0.101065,29.9,0.082100,0.0,30.002000,56.9,NC=[NH+]C1=N[N-]C(=N)O1,,[]
46,1380.613087,30.0,0.100759,29.7,0.081400,0.0,30.409000,59.5,NC=[NH+]C1=NOC([O-])=C1,,[]
46,1392.890310,30.9,0.101131,30.0,0.102800,0.1,23.524000,18.9,O1C2C3C1C1N=C3OC21,,[]
46,1599.184049,44.3,0.126135,44.5,0.103500,0.2,23.509000,18.7,C1=C2C3C4C1C1C2C3N41,,[]
47,213.087785,0.0,0.021375,0.1,0.361500,98.5,6.002000,0.0,O,,[]
47,276.861573,0.1,0.034358,0.8,0.339900,96.1,6.316000,0.1,N,,[]
47,301.820762,0.1,0.016601,0.0,0.379600,99.0,6.278000,0.1,C#N,,[]
47,358.757206,0.1,0.026603,0.4,0.226300,42.8,6.413000,0.1,C=O,,[]
47,427.706065,0.2,0.020349,0.1,0.259800,61.4,10.401000,0.5,O1N=NN=N1,,[]
47,494.017501,0.4,0.015951,0.0,0.277000,69.2,10.398000,0.5,N#CC#N,,[]
47,551.957961,0.4,0.026540,0.3,0.206600,27.4,11.329000,0.8,O=CC#N,,[]
47,605.972721,0.6,0.025718,0.3,0.246900,54.7,13.622000,1.3,O=C1ON=NO1,,[]
47,612.158710,0.7,0.036943,1.0,0.155500,5.5,12.147000,0.9,O=CC=O,,[]
47,660.735473,0.9,0.028773,0.5,0.148500,3.7,18.268000,5.9,O=C1N=NON=N1,,[]
47,740.670140,1.4,0.025540,0.2,0.197700,21.3,16.955000,3.9,O=C(C#N)C#N,,[]
47,788.113621,1.9,0.051463,2.8,0.135500,1.4,14.117000,1.4,C1=NN=CN=N1,,[]
47,800.856456,2.0,0.035739,0.9,0.147500,3.4,18.042000,5.5,O=CC(=O)C#N,,[]
47,855.199404,2.8,0.045968,2.0,0.115100,0.5,18.951000,6.8,O=CC(=O)C=O,,[]
47,1051.290467,8.3,0.045232,1.8,0.116900,0.6,24.735000,23.8,O=CC(=O)C(=O)C#N,,[]
47,1108.489211,11.4,0.055740,4.2,0.098300,0.0,25.564000,28.2,O=CC(=O)C(=O)C=O,,[]
47,1324.122174,25.1,0.101065,29.6,0.082100,0.0,30.002000,56.6,NC=[NH+]C1=N[N-]C(=N)O1,,[]
47,1380.613087,29.7,0.100759,29.3,0.081400,0.0,30.409000,59.3,NC=[NH+]C1=NOC([O-])=C1,,[]
47,1392.890310,30.5,0.101131,29.7,0.102800,0.1,23.524000,18.7,O1C2C3C1C1N=C3OC21,,[]
47,1599.184049,44.0,0.126135,44.2,0.103500,0.2,23.509000,18.6,C1=C2C3C4C1C1C2C3N41,,[]
48,213.087785,0.0,0.021375,0.1,0.361500,98.5,6.002000,0.0,O,,[]
48,276.861573,0.1,0.034358,0.8,0.339900,96.0,6.316000,0.1,N,,[]
48,301.820762,0.1,0.016601,0.1,0.379600,99.1,6.278000,0.1,C#N,,[]
48,358.757206,0.1,0.026603,0.4,0.226300,42.5,6.413000,0.1,C=O,,[]
48,427.706065,0.2,0.020349,0.1,0.259800,61.1,10.401000,0.5,O1N=NN=N1,,[]
48,494.017501,0.4,0.015951,0.0,0.277000,68.9,10.398000,0.4,N#CC#N,,[]
48,551.957961,0.4,0.026540,0.4,0.206600,27.1,11.329000,0.8,O=CC#N,,[]
48,605.972721,0.6,0.025718,0.3,0.246900,54.4,13.622000,1.3,O=C1ON=NO1,,[]
48,612.158710,0.7,0.036943,1.0,0.155500,5.5,12.147000,0.9,O=CC=O,,[]
48,660.735473,0.9,0.028773,0.5,0.148500,3.7,18.268000,5.8,O=C1N=NON=N1,,[]
48,740.670140,1.4,0.025540,0.2,0.197700,21.1,16.955000,3.9,O=C(C#N)C#N,,[]
48,788.113621,1.9,0.051463,2.8,0.135500,1.4,14.117000,1.4,C1=NN=CN=N1,,[]
48,800.856456,2.0,0.035739,0.9,0.147500,3.4,18.042000,5.4,O=CC(=O)C#N,,[]
48,855.199404,2.7,0.045968,2.0,0.115100,0.5,18.951000,6.7,O=CC(=O)C=O,,[]
48,1051.290467,8.2,0.045232,1.8,0.116900,0.6,24.735000,23.5,O=CC(=O)C(=O)C#N,,[]
48,1108.489211,11.3,0.055740,4.1,0.098300,0.0,25.564000,27.8,O=CC(=O)C(=O)C=O,,[]
48,1324.122174,24.8,0.101065,29.2,0.082100,0.0,30.002000,56.2,NC=[NH+]C1=N[N-]C(=N)O1,,[]
48,1380.613087,29.3,0.100759,28.9,0.081400,0.0,30.409000,58.9,NC=[NH+]C1=NOC([O-])=C1,,[]
48,1392.890310,30.1,0.101131,29.2,0.102800,0.1,23.524000,18.5,O1C2C3C1C1N=C3OC21,,[]
48,1599.184049,43.5,0.126135,43.7,0.103500,0.1,23.509000,18.3,C1=C2C3C4C1C1C2C3N41,,[]
49,213.087785,0.0,0.021375,0.1,0.361500,98.5,6.002000,0.0,O,,[]
49,276.861573,0.1,0.034358,0.8,0.339900,96.0,6.316000,0.1,N,,[]
49,301.820762,0.1,0.016601,0.1,0.379600,99.1,6.278000,0.1,C#N,,[]
49,358.757206,0.1,0.026603,0.4,0.226300,42.2,6.413000,0.1,C=O,,[]
49,427.706065,0.2,0.020349,0.1,0.259800,60.8,10.401000,0.5,O1N=NN=N1,,[]
49,494.017501,0.4,0.015951,0.0,0.277000,68.7,10.398000,0.5,N#CC#N,,[]
49,551.957961,0.5,0.026540,0.4,0.206600,26.9,11.329000,0.8,O=CC#N,,[]
49,605.972721,0.6,0.025718,0.3,0.246900,54.1,13.622000,1.3,O=C1ON=NO1,,[]
49,612.158710,0.7,0.036943,1.0,0.155500,5.6,12.147000,0.9,O=CC=O,,[]
49,660.735473,0.9,0.028773,0.6,0.148500,3.8,18.268000,5.8,O=C1N=NON=N1,,[]
49,740.670140,1.4,0.025540,0.2,0.197700,21.0,16.955000,3.9,O=C(C#N)C#N,,[]
49,788.113621,1.9,0.051463,2.8,0.135500,1.4,14.117000,1.4,C1=NN=CN=N1,,[]
49,800.856456,2.1,0.035739,0.9,0.147500,3.5,18.042000,5.4,O=CC(=O)C#N,,[]
49,855.199404,2.7,0.045968,2.0,0.115100,0.5,18.951000,6.7,O=CC(=O)C=O,,[]
49,1051.290467,8.1,0.045232,1.8,0.116900,0.6,24.735000,23.4,O=CC(=O)C(=O)C#N,,[]
49,1108.489211,11.2,0.055740,4.1,0.098300,0.0,25.564000,27.6,O=CC(=O)C(=O)C=O,,[]
49,1324.122174,24.5,0.101065,28.8,0.082100,0.0,30.002000,56.1,NC=[NH+]C1=N[N-]C(=N)O1,,[]
49,1380.613087,29.0,0.100759,28.6,0.081400,0.0,30.409000,58.8,NC=[NH+]C1=NOC([O-])=C1,,[]
49,1392.890310,29.8,0.101131,28.9,0.102800,0.1,23.524000,18.4,O1C2C3C1C1N=C3OC21,,[]
49,1599.184049,43.2,0.126135,43.4,0.103500,0.1,23.509000,18.2,C1=C2C3C4C1C1C2C3N41,,[]
50,213.087785,0.0,0.021375,0.1,0.361500,98.5,6.002000,0.0,O,,[]
50,276.861573,0.1,0.034358,0.8,0.339900,96.0,6.316000,0.1,N,,[]
50,301.820762,0.1,0.016601,0.1,0.379600,99.1,6.278000,0.1,C#N,,[]
50,358.757206,0.1,0.026603,0.4,0.226300,42.0,6.413000,0.1,C=O,,[]
50,427.706065,0.3,0.020349,0.1,0.259800,60.5,10.401000,0.5,O1N=NN=N1,,[]
50,494.017501,0.4,0.015951,0.0,0.277000,68.4,10.398000,0.5,N#CC#N,,[]
50,551.957961,0.5,0.026540,0.4,0.206600,26.7,11.329000,0.8,O=CC#N,,[]
50,605.972721,0.6,0.025718,0.3,0.246900,53.7,13.622000,1.4,O=C1ON=NO1,,[]
50,612.158710,0.7,0.036943,1.0,0.155500,5.5,12.147000,0.9,O=CC=O,,[]
50,660.735473,0.9,0.028773,0.6,0.148500,3.7,18.268000,5.7,O=C1N=NON=N1,,[]
50,740.670140,1.4,0.025540,0.2,0.197700,20.8,16.955000,3.8,O=C(C#N)C#N,,[]
50,788.113621,1.9,0.051463,2.7,0.135500,1.4,14.117000,1.4,C1=NN=CN=N1,,[]
50,800.856456,2.1,0.035739,0.9,0.147500,3.4,18.042000,5.4,O=CC(=O)C#N,,[]
50,855.199404,2.7,0.045968,2.0,0.115100,0.5,18.951000,6.6,O=CC(=O)C=O,,[]
50,1051.290467,8.0,0.045232,1.8,0.116900,0.6,24.735000,23.1,O=CC(=O)C(=O)C#N,,[]
50,1108.489211,11.1,0.055740,4.0,0.098300,0.0,25.564000,27.3,O=CC(=O)C(=O)C=O,,[]
50,1324.122174,24.1,0.101065,28.4,0.082100,0.0,30.002000,55.7,NC=[NH+]C1=N[N-]C(=N)O1,,[]
50,1380.613087,28.6,0.100759,28.1,0.081400,0.0,30.409000,58.4,NC=[NH+]C1=NOC([O-])=C1,,[]
50,1392.890310,29.4,0.101131,28.5,0.102800,0.1,23.524000,18.1,O1C2C3C1C1N=C3OC21,,[]
50,1599.184049,42.7,0.126135,42.9,0.103500,0.1,23.509000,18.0,C1=C2C3C4C1C1C2C3N41,,[]
51,213.087785,0.0,0.021375,0.1,0.361500,98.5,6.002000,0.0,O,,[]
51,276.861573,0.1,0.034358,0.8,0.339900,95.9,6.316000,0.1,N,,[]
51,301.820762,0.1,0.016601,0.1,0.379600,99.0,6.278000,0.1,C#N,,[]
51,358.757206,0.1,0.026603,0.4,0.226300,41.6,6.413000,0.1,C=O,,[]
51,427.706065,0.3,0.020349,0.1,0.259800,60.2,10.401000,0.5,O1N=NN=N1,,[]
51,494.017501,0.4,0.015951,0.0,0.277000,68.1,10.398000,0.5,N#CC#N,,[]
51,551.957961,0.5,0.026540,0.4,0.206600,26.3,11.329000,0.8,O=CC#N,,[]
51,605.972721,0.6,0.025718,0.3,0.246900,53.3,13.622000,1.4,O=C1ON=NO1,,[]
51,612.158710,0.7,0.036943,1.0,0.155500,5.4,12.147000,0.9,O=CC=O,,[]
51,660.735473,0.9,0.028773,0.6,0.148500,3.7,18.268000,5.7,O=C1N=NON=N1,,[]
51,740.670140,1.4,0.025540,0.2,0.197700,20.6,16.955000,3.9,O=C(C#N)C#N,,[]
51,788.113621,1.9,0.051463,2.7,0.135500,1.4,14.117000,1.4,C1=NN=CN=N1,,[]
51,800.856456,2.1,0.035739,1.0,0.147500,3.4,18.042000,5.4,O=CC(=O)C#N,,[]
51,855.199404,2.8,0.045968,2.0,0.115100,0.5,18.951000,6.6,O=CC(=O)C=O,,[]
51,1051.290467,8.0,0.045232,1.8,0.116900,0.6,24.735000,22.9,O=CC(=O)C(=O)C#N,,[]
51,1108.489211,11.1,0.055740,4.0,0.098300,0.0,25.564000,27.0,O=CC(=O)C(=O)C=O,,[]
51,1324.122174,23.9,0.101065,28.1,0.082100,0.0,30.002000,55.4,NC=[NH+]C1=N[N-]C(=N)O1,,[]
51,1380.613087,28.3,0.100759,27.8,0.081400,0.0,30.409000,58.1,NC=[NH+]C1=NOC([O-])=C1,,[]
51,1392.890310,29.1,0.101131,28.2,0.102800,0.1,23.524000,17.9,O1C2C3C1C1N=C3OC21,,[]
51,1599.184049,42.3,0.126135,42.6,0.103500,0.1,23.509000,17.8,C1=C2C3C4C1C1C2C3N41,,[]
52,213.087785,0.0,0.021375,0.1,0.361500,98.5,6.002000,0.0,O,,[]
52,276.861573,0.1,0.034358,0.8,0.339900,95.9,6.316000,0.1,N,,[]
52,301.820762,0.1,0.016601,0.1,0.379600,99.1,6.278000,0.1,C#N,,[]
52,358.757206,0.1,0.026603,0.4,0.226300,41.4,6.413000,0.1,C=O,,[]
52,427.706065,0.3,0.020349,0.1,0.259800,60.0,10.401000,0.5,O1N=NN=N1,,[]
52,494.017501,0.4,0.015951,0.0,0.277000,68.0,10.398000,0.5,N#CC#N,,[]
52,551.957961,0.4,0.026540,0.3,0.206600,26.1,11.329000,0.8,O=CC#N,,[]
52,605.972721,0.6,0.025718,0.3,0.246900,53.2,13.622000,1.3,O=C1ON=NO1,,[]
52,612.158710,0.7,0.036943,1.0,0.155500,5.4,12.147000,0.9,O=CC=O,,[]
52,660.735473,0.9,0.028773,0.5,0.148500,3.7,18.268000,5.7,O=C1N=NON=N1,,[]
52,740.670140,1.4,0.025540,0.2,0.197700,20.4,16.955000,3.9,O=C(C#N)C#N,,[]
52,788.113621,1.9,0.051463,2.7,0.135500,1.4,14.117000,1.4,C1=NN=CN=N1,,[]
52,800.856456,2.1,0.035739,0.9,0.147500,3.4,18.042000,5.4,O=CC(=O)C#N,,[]
52,855.199404,2.8,0.045968,2.0,0.115100,0.5,18.951000,6.6,O=CC(=O)C=O,,[]
52,1051.290467,8.0,0.045232,1.8,0.116900,0.6,24.735000,22.8,O=CC(=O)C(=O)C#N,,[]
52,1108.489211,11.0,0.055740,4.0,0.098300,0.0,25.564000,26.9,O=CC(=O)C(=O)C=O,,[]
52,1324.122174,23.7,0.101065,27.9,0.082100,0.0,30.002000,55.2,NC=[NH+]C1=N[N-]C(=N)O1,,[]
52,1380.613087,28.1,0.100759,27.6,0.081400,0.0,30.409000,57.9,NC=[NH+]C1=NOC([O-])=C1,,[]
52,1392.890310,28.9,0.101131,27.9,0.102800,0.1,23.524000,17.9,O1C2C3C1C1N=C3OC21,,[]
52,1599.184049,42.2,0.126135,42.3,0.103500,0.1,23.509000,17.7,C1=C2C3C4C1C1C2C3N41,,[]
53,213.087785,0.0,0.021375,0.1,0.361500,98.5,6.002000,0.0,O,,[]
53,276.861573,0.1,0.034358,0.8,0.339900,96.0,6.316000,0.1,N,,[]
53,301.820762,0.1,0.016601,0.1,0.379600,99.1,6.278000,0.1,C#N,,[]
53,358.757206,0.1,0.026603,0.4,0.226300,41.1,6.413000,0.1,C=O,,[]
53,427.706065,0.3,0.020349,0.1,0.259800,59.8,10.401000,0.5,O1N=NN=N1,,[]
53,494.017501,0.4,0.015951,0.0,0.277000,67.9,10.398000,0.5,N#CC#N,,[]
53,551.957961,0.5,0.026540,0.3,0.206600,25.9,11.329000,0.8,O=CC#N,,[]
53,605.972721,0.6,0.025718,0.3,0.246900,52.9,13.622000,1.4,O=C1ON=NO1,,[]
53,612.158710,0.7,0.036943,1.0,0.155500,5.4,12.147000,0.9,O=CC=O,,[]
53,660.735473,0.9,0.028773,0.6,0.148500,3.6,18.268000,5.7,O=C1N=NON=N1,,[]
53,740.670140,1.4,0.025540,0.2,0.197700,20.2,16.955000,3.9,O=C(C#N)C#N,,[]
53,788.113621,1.9,0.051463,2.7,0.135500,1.4,14.117000,1.4,C1=NN=CN=N1,,[]
53,800.856456,2.1,0.035739,1.0,0.147500,3.3,18.042000,5.3,O=CC(=O)C#N,,[]
53,855.199404,2.7,0.045968,2.0,0.115100,0.5,18.951000,6.5,O=CC(=O)C=O,,[]
53,1051.290467,7.9,0.045232,1.8,0.116900,0.6,24.735000,22.6,O=CC(=O)C(=O)C#N,,[]
53,1108.489211,10.9,0.055740,4.0,0.098300,0.0,25.564000,26.7,O=CC(=O)C(=O)C=O,,[]
53,1324.122174,23.4,0.101065,27.5,0.082100,0.0,30.002000,55.0,NC=[NH+]C1=N[N-]C(=N)O1,,[]
53,1380.613087,27.7,0.100759,27.2,0.081400,0.0,30.409000,57.6,NC=[NH+]C1=NOC([O-])=C1,,[]
53,1392.890310,28.5,0.101131,27.6,0.102800,0.1,23.524000,17.7,O1C2C3C1C1N=C3OC21,,[]
53,1599.184049,41.8,0.126135,41.9,0.103500,0.1,23.509000,17.5,C1=C2C3C4C1C1C2C3N41,,[]
54,213.087785,0.0,0.021375,0.1,0.361500,98.5,6.002000,0.0,O,,[]
54,276.861573,0.1,0.034358,0.8,0.339900,96.0,6.316000,0.1,N,,[]
54,301.820762,0.1,0.016601,0.1,0.379600,99.1,6.278000,0.1,C#N,,[]
54,358.757206,0.1,0.026603,0.4,0.226300,41.0,6.413000,0.1,C=O,,[]
54,427.706065,0.3,0.020349,0.1,0.259800,59.7,10.401000,0.6,O1N=NN=N1,,[]
54,494.017501,0.4,0.015951,0.0,0.277000,67.9,10.398000,0.5,N#CC#N,,[]
54,551.957961,0.5,0.026540,0.3,0.206600,25.8,11.329000,0.8,O=CC#N,,[]
54,605.972721,0.6,0.025718,0.3,0.246900,52.7,13.622000,1.4,O=C1ON=NO1,,[]
54,612.158710,0.7,0.036943,1.0,0.155500,5.3,12.147000,0.9,O=CC=O,,[]
54,660.735473,0.9,0.028773,0.6,0.148500,3.6,18.268000,5.7,O=C1N=NON=N1,,[]
54,740.670140,1.4,0.025540,0.2,0.197700,20.1,16.955000,3.9,O=C(C#N)C#N,,[]
54,788.113621,1.9,0.051463,2.7,0.135500,1.4,14.117000,1.5,C1=NN=CN=N1,,[]
54,800.856456,2.1,0.035739,1.0,0.147500,3.3,18.042000,5.3,O=CC(=O)C#N,,[]
54,855.199404,2.7,0.045968,2.0,0.115100,0.5,18.951000,6.5,O=CC(=O)C=O,,[]
54,1051.290467,7.8,0.045232,1.8,0.116900,0.5,24.735000,22.5,O=CC(=O)C(=O)C#N,,[]
54,1108.489211,10.8,0.055740,3.9,0.098300,0.0,25.564000,26.5,O=CC(=O)C(=O)C=O,,[]
54,1324.122174,23.2,0.101065,27.2,0.082100,0.0,30.002000,54.7,NC=[NH+]C1=N[N-]C(=N)O1,,[]
54,1380.613087,27.5,0.100759,26.9,0.081400,0.0,30.409000,57.3,NC=[NH+]C1=NOC([O-])=C1,,[]
54,1392.890310,28.2,0.101131,27.3,0.102800,0.1,23.524000,17.6,O1C2C3C1C1N=C3OC21,,[]
54,1599.184049,41.5,0.126135,41.7,0.103500,0.1,23.509000,17.5,C1=C2C3C4C1C1C2C3N41,,[]
55,213.087785,0.0,0.021375,0.1,0.361500,98.6,6.002000,0.0,O,,[]
55,276.861573,0.1,0.034358,0.8,0.339900,96.0,6.316000,0.1,N,,[]
55,301.820762,0.1,0.016601,0.1,0.379600,99.1,6.278000,0.1,C#N,,[]
55,358.757206,0.1,0.026603,0.4,0.226300,40.9,6.413000,0.1,C=O,,[]
55,427.706065,0.3,0.020349,0.1,0.259800,59.5,10.401000,0.6,O1N=NN=N1,,[]
55,494.017501,0.4,0.015951,0.0,0.277000,67.8,10.398000,0.5,N#CC#N,,[]
55,551.957961,0.5,0.026540,0.3,0.206600,25.6,11.329000,0.8,O=CC#N,,[]
55,605.972721,0.6,0.025718,0.3,0.246900,52.5,13.622000,1.4,O=C1ON=NO1,,[]
55,612.158710,0.7,0.036943,1.0,0.155500,5.3,12.147000,0.9,O=CC=O,,[]
55,660.735473,0.9,0.028773,0.6,0.148500,3.6,18.268000,5.6,O=C1N=NON=N1,,[]
55,740.670140,1.4,0.025540,0.2,0.197700,19.9,16.955000,3.8,O=C(C#N)C#N,,[]
55,788.113621,1.9,0.051463,2.7,0.135500,1.4,14.117000,1.4,C1=NN=CN=N1,,[]
55,800.856456,2.1,0.035739,0.9,0.147500,3.2,18.042000,5.3,O=CC(=O)C#N,,[]
55,855.199404,2.7,0.045968,1.9,0.115100,0.5,18.951000,6.4,O=CC(=O)C=O,,[]
55,1051.290467,7.7,0.045232,1.8,0.116900,0.6,24.735000,22.2,O=CC(=O)C(=O)C#N,,[]
55,1108.489211,10.7,0.055740,3.9,0.098300,0.0,25.564000,26.2,O=CC(=O)C(=O)C=O,,[]
55,1324.122174,22.8,0.101065,26.8,0.082100,0.0,30.002000,54.4,NC=[NH+]C1=N[N-]C(=N)O1,,[]
55,1380.613087,27.1,0.100759,26.5,0.081400,0.0,30.409000,57.0,NC=[NH+]C1=NOC([O-])=C1,,[]
55,1392.890310,27.9,0.101131,26.9,0.102800,0.1,23.524000,17.4,O1C2C3C1C1N=C3OC21,,[]
55,1599.184049,41.1,0.126135,41.3,0.103500,0.1,23.509000,17.3,C1=C2C3C4C1C1C2C3N41,,[]
56,213.087785,0.0,0.021375,0.1,0.361500,98.6,6.002000,0.0,O,,[]
56,276.861573,0.1,0.034358,0.8,0.339900,96.0,6.316000,0.1,N,,[]
56,301.820762,0.1,0.016601,0.1,0.379600,99.1,6.278000,0.1,C#N,,[]
56,358.757206,0.1,0.026603,0.4,0.226300,40.8,6.413000,0.1,C=O,,[]
56,427.706065,0.3,0.020349,0.1,0.259800,59.5,10.401000,0.6,O1N=NN=N1,,[]
56,494.017501,0.4,0.015951,0.0,0.277000,67.7,10.398000,0.5,N#CC#N,,[]
56,551.957961,0.5,0.026540,0.3,0.206600,25.5,11.329000,0.8,O=CC#N,,[]
56,605.972721,0.6,0.025718,0.3,0.246900,52.5,13.622000,1.3,O=C1ON=NO1,,[]
56,612.158710,0.7,0.036943,1.0,0.155500,5.3,12.147000,0.9,O=CC=O,,[]
56,660.735473,0.9,0.028773,0.6,0.148500,3.5,18.268000,5.5,O=C1N=NON=N1,,[]
56,740.670140,1.4,0.025540,0.2,0.197700,19.8,16.955000,3.8,O=C(C#N)C#N,,[]
56,788.113621,1.9,0.051463,2.7,0.135500,1.4,14.117000,1.4,C1=NN=CN=N1,,[]
56,800.856456,2.0,0.035739,0.9,0.147500,3.2,18.042000,5.2,O=CC(=O)C#N,,[]
56,855.199404,2.7,0.045968,1.9,0.115100,0.5,18.951000,6.4,O=CC(=O)C=O,,[]
56,1051.290467,7.7,0.045232,1.8,0.116900,0.6,24.735000,22.1,O=CC(=O)C(=O)C#N,,[]
56,1108.489211,10.6,0.055740,3.9,0.098300,0.0,25.564000,26.1,O=CC(=O)C(=O)C=O,,[]
56,1324.122174,22.6,0.101065,26.6,0.082100,0.0,30.002000,54.1,NC=[NH+]C1=N[N-]C(=N)O1,,[]
56,1380.613087,26.9,0.100759,26.3,0.081400,0.0,30.409000,56.7,NC=[NH+]C1=NOC([O-])=C1,,[]
56,1392.890310,27.6,0.101131,26.6,0.102800,0.1,23.524000,17.3,O1C2C3C1C1N=C3OC21,,[]
56,1599.184049,40.8,0.126135,41.0,0.103500,0.1,23.509000,17.2,C1=C2C3C4C1C1C2C3N41,,[]
57,213.087785,0.0,0.021375,0.1,0.361500,98.6,6.002000,0.0,O,,[]
57,276.861573,0.1,0.034358,0.8,0.339900,96.0,6.316000,0.1,N,,[]
57,301.820762,0.1,0.016601,0.1,0.379600,99.1,6.278000,0.1,C#N,,[]
57,358.757206,0.1,0.026603,0.4,0.226300,40.7,6.413000,0.1,C=O,,[]
57,427.706065,0.3,0.020349,0.1,0.259800,59.5,10.401000,0.6,O1N=NN=N1,,[]
57,494.017501,0.4,0.015951,0.0,0.277000,67.7,10.398000,0.5,N#CC#N,,[]
57,551.957961,0.5,0.026540,0.4,0.206600,25.5,11.329000,0.8,O=CC#N,,[]
57,605.972721,0.6,0.025718,0.3,0.246900,52.4,13.622000,1.3,O=C1ON=NO1,,[]
57,612.158710,0.7,0.036943,1.0,0.155500,5.3,12.147000,0.9,O=CC=O,,[]
57,660.735473,0.9,0.028773,0.6,0.148500,3.5,18.268000,5.5,O=C1N=NON=N1,,[]
57,740.670140,1.4,0.025540,0.2,0.197700,19.8,16.955000,3.8,O=C(C#N)C#N,,[]
57,788.113621,1.9,0.051463,2.7,0.135500,1.3,14.117000,1.4,C1=NN=CN=N1,,[]
57,800.856456,2.0,0.035739,0.9,0.147500,3.2,18.042000,5.2,O=CC(=O)C#N,,[]
57,855.199404,2.7,0.045968,1.9,0.115100,0.5,18.951000,6.3,O=CC(=O)C=O,,[]
57,1051.290467,7.6,0.045232,1.8,0.116900,0.5,24.735000,21.9,O=CC(=O)C(=O)C#N,,[]
57,1108.489211,10.5,0.055740,3.9,0.098300,0.0,25.564000,25.9,O=CC(=O)C(=O)C=O,,[]
57,1324.122174,22.4,0.101065,26.3,0.082100,0.0,30.002000,53.7,NC=[NH+]C1=N[N-]C(=N)O1,,[]
57,1380.613087,26.5,0.100759,26.0,0.081400,0.0,30.409000,56.4,NC=[NH+]C1=NOC([O-])=C1,,[]
57,1392.890310,27.3,0.101131,26.3,0.102800,0.1,23.524000,17.2,O1C2C3C1C1N=C3OC21,,[]
57,1599.184049,40.5,0.126135,40.7,0.103500,0.1,23.509000,17.0,C1=C2C3C4C1C1C2C3N41,,[]
58,213.087785,0.0,0.021375,0.1,0.361500,98.6,6.002000,0.0,O,,[]
58,276.861573,0.1,0.034358,0.8,0.339900,96.1,6.316000,0.1,N,,[]
58,301.820762,0.1,0.016601,0.1,0.379600,99.1,6.278000,0.1,C#N,,[]
58,358.757206,0.1,0.026603,0.4,0.226300,40.5,6.413000,0.1,C=O,,[]
58,427.706065,0.3,0.020349,0.1,0.259800,59.3,10.401000,0.6,O1N=NN=N1,,[]
58,494.017501,0.4,0.015951,0.0,0.277000,67.5,10.398000,0.5,N#CC#N,,[]
58,551.957961,0.5,0.026540,0.3,0.206600,25.3,11.329000,0.8,O=CC#N,,[]
58,605.972721,0.6,0.025718,0.3,0.246900,52.1,13.622000,1.4,O=C1ON=NO1,,[]
58,612.158710,0.7,0.036943,1.0,0.155500,5.3,12.147000,0.9,O=CC=O,,[]
58,660.735473,0.9,0.028773,0.6,0.148500,3.5,18.268000,5.5,O=C1N=NON=N1,,[]
58,740.670140,1.4,0.025540,0.2,0.197700,19.6,16.955000,3.8,O=C(C#N)C#N,,[]
58,788.113621,1.9,0.051463,2.6,0.135500,1.4,14.117000,1.4,C1=NN=CN=N1,,[]
58,800.856456,2.0,0.035739,0.9,0.147500,3.2,18.042000,5.2,O=CC(=O)C#N,,[]
58,855.199404,2.6,0.045968,1.9,0.115100,0.5,18.951000,6.3,O=CC(=O)C=O,,[]
58,1051.290467,7.5,0.045232,1.8,0.116900,0.5,24.735000,21.8,O=CC(=O)C(=O)C#N,,[]
58,1108.489211,10.4,0.055740,3.8,0.098300,0.0,25.564000,25.7,O=CC(=O)C(=O)C=O,,[]
58,1324.122174,22.2,0.101065,26.0,0.082100,0.0,30.002000,53.5,NC=[NH+]C1=N[N-]C(=N)O1,,[]
58,1380.613087,26.3,0.100759,25.7,0.081400,0.0,30.409000,56.2,NC=[NH+]C1=NOC([O-])=C1,,[]
58,1392.890310,27.1,0.101131,26.1,0.102800,0.1,23.524000,17.1,O1C2C3C1C1N=C3OC21,,[]
58,1599.184049,40.2,0.126135,40.5,0.103500,0.1,23.509000,16.9,C1=C2C3C4C1C1C2C3N41,,[]
59,213.087785,0.0,0.021375,0.1,0.361500,98.6,6.002000,0.0,O,,[]
59,276.861573,0.1,0.034358,0.8,0.339900,96.1,6.316000,0.1,N,,[]
59,301.820762,0.1,0.016601,0.1,0.379600,99.1,6.278000,0.1,C#N,,[]
59,358.757206,0.1,0.026603,0.4,0.226300,40.3,6.413000,0.1,C=O,,[]
59,427.706065,0.3,0.020349,0.1,0.259800,59.1,10.401000,0.6,O1N=NN=N1,,[]
59,494.017501,0.4,0.015951,0.0,0.277000,67.4,10.398000,0.5,N#CC#N,,[]
59,551.957961,0.5,0.026540,0.3,0.206600,25.2,11.329000,0.8,O=CC#N,,[]
59,605.972721,0.6,0.025718,0.3,0.246900,51.9,13.622000,1.4,O=C1ON=NO1,,[]
59,612.158710,0.7,0.036943,1.0,0.155500,5.2,12.147000,0.9,O=CC=O,,[]
59,660.735473,0.9,0.028773,0.6,0.148500,3.5,18.268000,5.4,O=C1N=NON=N1,,[]
59,740.670140,1.4,0.025540,0.2,0.197700,19.5,16.955000,3.8,O=C(C#N)C#N,,[]
59,788.113621,1.8,0.051463,2.6,0.135500,1.4,14.117000,1.4,C1=NN=CN=N1,,[]
59,800.856456,2.0,0.035739,0.9,0.147500,3.2,18.042000,5.1,O=CC(=O)C#N,,[]
59,855.199404,2.6,0.045968,1.9,0.115100,0.5,18.951000,6.2,O=CC(=O)C=O,,[]
59,1051.290467,7.5,0.045232,1.8,0.116900,0.5,24.735000,21.6,O=CC(=O)C(=O)C#N,,[]
59,1108.489211,10.3,0.055740,3.8,0.098300,0.0,25.564000,25.5,O=CC(=O)C(=O)C=O,,[]
59,1324.122174,21.9,0.101065,25.7,0.082100,0.0,30.002000,53.2,NC=[NH+]C1=N[N-]C(=N)O1,,[]
59,1380.613087,26.1,0.100759,25.4,0.081400,0.0,30.409000,55.9,NC=[NH+]C1=NOC([O-])=C1,,[]
59,1392.890310,26.8,0.101131,25.8,0.102800,0.1,23.524000,16.9,O1C2C3C1C1N=C3OC21,,[]
59,1599.184049,39.9,0.126135,40.1,0.103500,0.1,23.509000,16.8,C1=C2C3C4C1C1C2C3N41,,[]
60,213.087785,0.0,0.021375,0.1,0.361500,98.6,6.002000,0.0,O,,[]
60,276.861573,0.1,0.034358,0.8,0.339900,96.1,6.316000,0.1,N,,[]
60,301.820762,0.1,0.016601,0.1,0.379600,99.1,6.278000,0.1,C#N,,[]
60,358.757206,0.1,0.026603,0.4,0.226300,40.3,6.413000,0.1,C=O,,[]
60,427.706065,0.3,0.020349,0.1,0.259800,59.1,10.401000,0.6,O1N=NN=N1,,[]
60,494.017501,0.4,0.015951,0.0,0.277000,67.3,10.398000,0.5,N#CC#N,,[]
60,551.957961,0.5,0.026540,0.3,0.206600,25.2,11.329000,0.8,O=CC#N,,[]
60,605.972721,0.6,0.025718,0.3,0.246900,51.9,13.622000,1.3,O=C1ON=NO1,,[]
60,612.158710,0.7,0.036943,1.0,0.155500,5.2,12.147000,0.9,O=CC=O,,[]
60,660.735473,0.9,0.028773,0.6,0.148500,3.5,18.268000,5.4,O=C1N=NON=N1,,[]
60,740.670140,1.4,0.025540,0.2,0.197700,19.5,16.955000,3.8,O=C(C#N)C#N,,[]
60,788.113621,1.8,0.051463,2.7,0.135500,1.3,14.117000,1.4,C1=NN=CN=N1,,[]
60,800.856456,2.0,0.035739,0.9,0.147500,3.2,18.042000,5.1,O=CC(=O)C#N,,[]
60,855.199404,2.6,0.045968,1.9,0.115100,0.5,18.951000,6.3,O=CC(=O)C=O,,[]
60,1051.290467,7.4,0.045232,1.8,0.116900,0.5,24.735000,21.4,O=CC(=O)C(=O)C#N,,[]
60,1108.489211,10.3,0.055740,3.8,0.098300,0.0,25.564000,25.3,O=CC(=O)C(=O)C=O,,[]
60,1324.122174,21.8,0.101065,25.5,0.082100,0.0,30.002000,53.0,NC=[NH+]C1=N[N-]C(=N)O1,,[]
60,1380.613087,25.8,0.100759,25.2,0.081400,0.0,30.409000,55.7,NC=[NH+]C1=NOC([O-])=C1,,[]
60,1392.890310,26.6,0.101131,25.5,0.102800,0.1,23.524000,16.8,O1C2C3C1C1N=C3OC21,,[]
60,1599.184049,39.7,0.126135,39.9,0.103500,0.1,23.509000,16.7,C1=C2C3C4C1C1C2C3N41,,[]
61,213.087785,0.0,0.021375,0.1,0.361500,98.6,6.002000,0.0,O,,[]
61,276.861573,0.1,0.034358,0.8,0.339900,96.1,6.316000,0.1,N,,[]
61,301.820762,0.1,0.016601,0.1,0.379600,99.1,6.278000,0.1,C#N,,[]
61,358.757206,0.1,0.026603,0.4,0.226300,40.1,6.413000,0.1,C=O,,[]
61,427.706065,0.3,0.020349,0.1,0.259800,59.0,10.401000,0.6,O1N=NN=N1,,[]
61,494.017501,0.4,0.015951,0.0,0.277000,67.2,10.398000,0.5,N#CC#N,,[]
61,551.957961,0.5,0.026540,0.3,0.206600,25.1,11.329000,0.8,O=CC#N,,[]
61,605.972721,0.6,0.025718,0.3,0.246900,51.8,13.622000,1.3,O=C1ON=NO1,,[]
61,612.158710,0.7,0.036943,1.0,0.155500,5.2,12.147000,0.9,O=CC=O,,[]
61,660.735473,0.9,0.028773,0.6,0.148500,3.5,18.268000,5.5,O=C1N=NON=N1,,[]
61,740.670140,1.4,0.025540,0.2,0.197700,19.4,16.955000,3.8,O=C(C#N)C#N,,[]
61,788.113621,1.8,0.051463,2.6,0.135500,1.4,14.117000,1.4,C1=NN=CN=N1,,[]
61,800.856456,2.0,0.035739,0.9,0.147500,3.2,18.042000,5.2,O=CC(=O)C#N,,[]
61,855.199404,2.6,0.045968,2.0,0.115100,0.5,18.951000,6.3,O=CC(=O)C=O,,[]
61,1051.290467,7.5,0.045232,1.8,0.116900,0.5,24.735000,21.5,O=CC(=O)C(=O)C#N,,[]
61,1108.489211,10.2,0.055740,3.8,0.098300,0.0,25.564000,25.3,O=CC(=O)C(=O)C=O,,[]
61,1324.122174,21.7,0.101065,25.3,0.082100,0.0,30.002000,52.9,NC=[NH+]C1=N[N-]C(=N)O1,,[]
61,1380.613087,25.8,0.100759,25.1,0.081400,0.0,30.409000,55.6,NC=[NH+]C1=NOC([O-])=C1,,[]
61,1392.890310,26.5,0.101131,25.4,0.102800,0.1,23.524000,16.9,O1C2C3C1C1N=C3OC21,,[]
61,1599.184049,39.5,0.126135,39.8,0.103500,0.1,23.509000,16.7,C1=C2C3C4C1C1C2C3N41,,[]
62,213.087785,0.0,0.021375,0.1,0.361500,98.6,6.002000,0.0,O,,[]
62,276.861573,0.1,0.034358,0.8,0.339900,96.1,6.316000,0.1,N,,[]
62,301.820762,0.1,0.016601,0.1,0.379600,99.1,6.278000,0.1,C#N,,[]
62,358.757206,0.1,0.026603,0.4,0.226300,39.9,6.413000,0.1,C=O,,[]
62,427.706065,0.3,0.020349,0.1,0.259800,58.8,10.401000,0.6,O1N=NN=N1,,[]
62,494.017501,0.4,0.015951,0.0,0.277000,67.2,10.398000,0.5,N#CC#N,,[]
62,551.957961,0.5,0.026540,0.3,0.206600,24.9,11.329000,0.8,O=CC#N,,[]
62,605.972721,0.6,0.025718,0.3,0.246900,51.6,13.622000,1.3,O=C1ON=NO1,,[]
62,612.158710,0.7,0.036943,1.0,0.155500,5.2,12.147000,0.9,O=CC=O,,[]
62,660.735473,0.9,0.028773,0.6,0.148500,3.5,18.268000,5.4,O=C1N=NON=N1,,[]
62,740.670140,1.4,0.025540,0.2,0.197700,19.3,16.955000,3.8,O=C(C#N)C#N,,[]
62,788.113621,1.8,0.051463,2.6,0.135500,1.3,14.117000,1.4,C1=NN=CN=N1,,[]
62,800.856456,2.0,0.035739,1.0,0.147500,3.2,18.042000,5.2,O=CC(=O)C#N,,[]
62,855.199404,2.6,0.045968,2.0,0.115100,0.5,18.951000,6.3,O=CC(=O)C=O,,[]
62,1051.290467,7.4,0.045232,1.8,0.116900,0.6,24.735000,21.3,O=CC(=O)C(=O)C#N,,[]
62,1108.489211,10.2,0.055740,3.8,0.098300,0.0,25.564000,25.1,O=CC(=O)C(=O)C=O,,[]
62,1324.122174,21.6,0.101065,25.1,0.082100,0.0,30.002000,52.7,NC=[NH+]C1=N[N-]C(=N)O1,,[]
62,1380.613087,25.5,0.100759,24.8,0.081400,0.0,30.409000,55.4,NC=[NH+]C1=NOC([O-])=C1,,[]
62,1392.890310,26.2,0.101131,25.1,0.102800,0.1,23.524000,16.8,O1C2C3C1C1N=C3OC21,,[]
62,1599.184049,39.3,0.126135,39.5,0.103500,0.1,23.509000,16.6,C1=C2C3C4C1C1C2C3N41,,[]
63,213.087785,0.0,0.021375,0.2,0.361500,98.6,6.002000,0.0,O,,[]
63,276.861573,0.1,0.034358,0.8,0.339900,96.2,6.316000,0.1,N,,[]
63,301.820762,0.1,0.016601,0.1,0.379600,99.1,6.278000,0.1,C#N,,[]
63,358.757206,0.1,0.026603,0.4,0.226300,39.9,6.413000,0.1,C=O,,[]
63,427.706065,0.3,0.020349,0.1,0.259800,58.8,10.401000,0.6,O1N=NN=N1,,[]
63,494.017501,0.4,0.015951,0.0,0.277000,67.2,10.398000,0.5,N#CC#N,,[]
63,551.957961,0.5,0.026540,0.4,0.206600,24.8,11.329000,0.8,O=CC#N,,[]
63,605.972721,0.6,0.025718,0.3,0.246900,51.6,13.622000,1.3,O=C1ON=NO1,,[]
63,612.158710,0.7,0.036943,1.0,0.155500,5.2,12.147000,0.9,O=CC=O,,[]
63,660.735473,0.9,0.028773,0.6,0.148500,3.5,18.268000,5.4,O=C1N=NON=N1,,[]
63,740.670140,1.4,0.025540,0.3,0.197700,19.2,16.955000,3.7,O=C(C#N)C#N,,[]
63,788.113621,1.8,0.051463,2.6,0.135500,1.4,14.117000,1.4,C1=NN=CN=N1,,[]
63,800.856456,2.0,0.035739,1.0,0.147500,3.2,18.042000,5.1,O=CC(=O)C#N,,[]
63,855.199404,2.6,0.045968,2.0,0.115100,0.5,18.951000,6.3,O=CC(=O)C=O,,[]
63,1051.290467,7.4,0.045232,1.8,0.116900,0.5,24.735000,21.2,O=CC(=O)C(=O)C#N,,[]
63,1108.489211,10.1,0.055740,3.8,0.098300,0.0,25.564000,24.9,O=CC(=O)C(=O)C=O,,[]
63,1324.122174,21.4,0.101065,24.8,0.082100,0.0,30.002000,52.5,NC=[NH+]C1=N[N-]C(=N)O1,,[]
63,1380.613087,25.3,0.100759,24.6,0.081400,0.0,30.409000,55.1,NC=[NH+]C1=NOC([O-])=C1,,[]
63,1392.890310,26.0,0.101131,24.9,0.102800,0.1,23.524000,16.7,O1C2C3C1C1N=C3OC21,,[]
63,1599.184049,39.0,0.126135,39.2,0.103500,0.1,23.509000,16.5,C1=C2C3C4C1C1C2C3N41,,[]
64,213.087785,0.0,0.021375,0.2,0.361500,98.6,6.002000,0.0,O,,[]
64,276.861573,0.1,0.034358,0.8,0.339900,96.1,6.316000,0.1,N,,[]
64,301.820762,0.1,0.016601,0.1,0.379600,99.1,6.278000,0.1,C#N,,[]
64,358.757206,0.1,0.026603,0.4,0.226300,39.8,6.413000,0.1,C=O,,[]
64,427.706065,0.3,0.020349,0.1,0.259800,58.6,10.401000,0.6,O1N=NN=N1,,[]
64,494.017501,0.4,0.015951,0.0,0.277000,67.0,10.398000,0.5,N#CC#N,,[]
64,551.957961,0.5,0.026540,0.3,0.206600,24.7,11.329000,0.8,O=CC#N,,[]
64,605.972721,0.6,0.025718,0.3,0.246900,51.4,13.622000,1.3,O=C1ON=NO1,,[]
64,612.158710,0.7,0.036943,1.0,0.155500,5.1,12.147000,0.9,O=CC=O,,[]
64,660.735473,0.9,0.028773,0.6,0.148500,3.5,18.268000,5.4,O=C1N=NON=N1,,[]
64,740.670140,1.4,0.025540,0.3,0.197700,19.1,16.955000,3.7,O=C(C#N)C#N,,[]
64,788.113621,1.8,0.051463,2.6,0.135500,1.4,14.117000,1.4,C1=NN=CN=N1,,[]
64,800.856456,2.0,0.035739,0.9,0.147500,3.2,18.042000,5.1,O=CC(=O)C#N,,[]
64,855.199404,2.6,0.045968,1.9,0.115100,0.5,18.951000,6.2,O=CC(=O)C=O,,[]
64,1051.290467,7.4,0.045232,1.8,0.116900,0.5,24.735000,21.0,O=CC(=O)C(=O)C#N,,[]
64,1108.489211,10.0,0.055740,3.8,0.098300,0.0,25.564000,24.7,O=CC(=O)C(=O)C=O,,[]
64,1324.122174,21.2,0.101065,24.6,0.082100,0.0,30.002000,52.2,NC=[NH+]C1=N[N-]C(=N)O1,,[]
64,1380.613087,25.1,0.100759,24.4,0.081400,0.0,30.409000,54.8,NC=[NH+]C1=NOC([O-])=C1,,[]
64,1392.890310,25.7,0.101131,24.7,0.102800,0.1,23.524000,16.6,O1C2C3C1C1N=C3OC21,,[]
64,1599.184049,38.8,0.126135,39.0,0.103500,0.1,23.509000,16.4,C1=C2C3C4C1C1C2C3N41,,[]
65,213.087785,0.0,0.021375,0.2,0.361500,98.6,6.002000,0.0,O,,[]
65,276.861573,0.1,0.034358,0.8,0.339900,96.2,6.316000,0.1,N,,[]
65,301.820762,0.1,0.016601,0.1,0.379600,99.2,6.278000,0.1,C#N,,[]
65,358.757206,0.1,0.026603,0.4,0.226300,39.7,6.413000,0.1,C=O,,[]
65,427.706065,0.3,0.020349,0.1,0.259800,58.6,10.401000,0.6,O1N=NN=N1,,[]
65,494.017501,0.4,0.015951,0.0,0.277000,67.0,10.398000,0.5,N#CC#N,,[]
65,551.957961,0.5,0.026540,0.3,0.206600,24.6,11.329000,0.8,O=CC#N,,[]
65,605.972721,0.6,0.025718,0.3,0.246900,51.4,13.622000,1.3,O=C1ON=NO1,,[]
65,612.158710,0.7,0.036943,1.0,0.155500,5.1,12.147000,0.9,O=CC=O,,[]
65,660.735473,0.9,0.028773,0.6,0.148500,3.5,18.268000,5.4,O=C1N=NON=N1,,[]
65,740.670140,1.4,0.025540,0.2,0.197700,19.1,16.955000,3.7,O=C(C#N)C#N,,[]
65,788.113621,1.8,0.051463,2.6,0.135500,1.3,14.117000,1.4,C1=NN=CN=N1,,[]
65,800.856456,1.9,0.035739,0.9,0.147500,3.2,18.042000,5.1,O=CC(=O)C#N,,[]
65,855.199404,2.6,0.045968,1.9,0.115100,0.5,18.951000,6.2,O=CC(=O)C=O,,[]
65,1051.290467,7.3,0.045232,1.8,0.116900,0.5,24.735000,20.9,O=CC(=O)C(=O)C#N,,[]
65,1108.489211,9.9,0.055740,3.8,0.098300,0.0,25.564000,24.6,O=CC(=O)C(=O)C=O,,[]
65,1324.122174,21.0,0.101065,24.4,0.082100,0.0,30.002000,52.1,NC=[NH+]C1=N[N-]C(=N)O1,,[]
65,1380.613087,24.9,0.100759,24.2,0.081400,0.0,30.409000,54.7,NC=[NH+]C1=NOC([O-])=C1,,[]
65,1392.890310,25.6,0.101131,24.5,0.102800,0.1,23.524000,16.5,O1C2C3C1C1N=C3OC21,,[]
65,1599.184049,38.6,0.126135,38.8,0.103500,0.1,23.509000,16.3,C1=C2C3C4C1C1C2C3N41,,[]
66,213.087785,0.0,0.021375,0.2,0.361500,98.6,6.002000,0.0,O,,[]
66,276.861573,0.1,0.034358,0.8,0.339900,96.2,6.316000,0.1,N,,[]
66,301.820762,0.1,0.016601,0.1,0.379600,99.2,6.278000,0.1,C#N,,[]
66,358.757206,0.2,0.026603,0.4,0.226300,39.6,6.413000,0.2,C=O,,[]
66,427.706065,0.3,0.020349,0.1,0.259800,58.5,10.401000,0.6,O1N=NN=N1,,[]
66,494.017501,0.4,0.015951,0.0,0.277000,66.9,10.398000,0.5,N#CC#N,,[]
66,551.957961,0.5,0.026540,0.4,0.206600,24.5,11.329000,0.8,O=CC#N,,[]
66,605.972721,0.6,0.025718,0.3,0.246900,51.2,13.622000,1.3,O=C1ON=NO1,,[]
66,612.158710,0.7,0.036943,1.0,0.155500,5.1,12.147000,0.9,O=CC=O,,[]
66,660.735473,0.9,0.028773,0.6,0.148500,3.5,18.268000,5.3,O=C1N=NON=N1,,[]
66,740.670140,1.4,0.025540,0.3,0.197700,18.9,16.955000,3.7,O=C(C#N)C#N,,[]
66,788.113621,1.8,0.051463,2.6,0.135500,1.4,14.117000,1.4,C1=NN=CN=N1,,[]
66,800.856456,2.0,0.035739,0.9,0.147500,3.2,18.042000,5.1,O=CC(=O)C#N,,[]
66,855.199404,2.6,0.045968,1.9,0.115100,0.5,18.951000,6.2,O=CC(=O)C=O,,[]
66,1051.290467,7.2,0.045232,1.8,0.116900,0.5,24.735000,20.8,O=CC(=O)C(=O)C#N,,[]
66,1108.489211,9.9,0.055740,3.8,0.098300,0.0,25.564000,24.5,O=CC(=O)C(=O)C=O,,[]
66,1324.122174,20.9,0.101065,24.2,0.082100,0.0,30.002000,51.7,NC=[NH+]C1=N[N-]C(=N)O1,,[]
66,1380.613087,24.7,0.100759,24.0,0.081400,0.0,30.409000,54.4,NC=[NH+]C1=NOC([O-])=C1,,[]
66,1392.890310,25.4,0.101131,24.3,0.102800,0.1,23.524000,16.4,O1C2C3C1C1N=C3OC21,,[]
66,1599.184049,38.3,0.126135,38.5,0.103500,0.1,23.509000,16.3,C1=C2C3C4C1C1C2C3N41,,[]
67,213.087785,0.0,0.021375,0.2,0.361500,98.7,6.002000,0.0,O,,[]
67,276.861573,0.1,0.034358,0.8,0.339900,96.2,6.316000,0.1,N,,[]
67,301.820762,0.1,0.016601,0.1,0.379600,99.2,6.278000,0.1,C#N,,[]
67,358.757206,0.2,0.026603,0.4,0.226300,39.4,6.413000,0.2,C=O,,[]
67,427.706065,0.3,0.020349,0.1,0.259800,58.3,10.401000,0.6,O1N=NN=N1,,[]
67,494.017501,0.4,0.015951,0.0,0.277000,66.8,10.398000,0.5,N#CC#N,,[]
67,551.957961,0.5,0.026540,0.3,0.206600,24.3,11.329000,0.8,O=CC#N,,[]
67,605.972721,0.7,0.025718,0.3,0.246900,51.1,13.622000,1.3,O=C1ON=NO1,,[]
67,612.158710,0.7,0.036943,1.0,0.155500,5.1,12.147000,0.9,O=CC=O,,[]
67,660.735473,0.9,0.028773,0.6,0.148500,3.5,18.268000,5.3,O=C1N=NON=N1,,[]
67,740.670140,1.4,0.025540,0.3,0.197700,18.8,16.955000,3.7,O=C(C#N)C#N,,[]
67,788.113621,1.8,0.051463,2.6,0.135500,1.4,14.117000,1.4,C1=NN=CN=N1,,[]
67,800.856456,2.0,0.035739,0.9,0.147500,3.2,18.042000,5.0,O=CC(=O)C#N,,[]
67,855.199404,2.6,0.045968,1.9,0.115100,0.5,18.951000,6.1,O=CC(=O)C=O,,[]
67,1051.290467,7.2,0.045232,1.8,0.116900,0.5,24.735000,20.7,O=CC(=O)C(=O)C#N,,[]
67,1108.489211,9.8,0.055740,3.8,0.098300,0.0,25.564000,24.3,O=CC(=O)C(=O)C=O,,[]
67,1324.122174,20.7,0.101065,24.1,0.082100,0.0,30.002000,51.6,NC=[NH+]C1=N[N-]C(=N)O1,,[]
67,1380.613087,24.5,0.100759,23.8,0.081400,0.0,30.409000,54.4,NC=[NH+]C1=NOC([O-])=C1,,[]
67,1392.890310,25.1,0.101131,24.1,0.102800,0.1,23.524000,16.3,O1C2C3C1C1N=C3OC21,,[]
67,1599.184049,38.1,0.126135,38.3,0.103500,0.1,23.509000,16.2,C1=C2C3C4C1C1C2C3N41,,[]
68,213.087785,0.0,0.021375,0.1,0.361500,98.7,6.002000,0.0,O,,[]
68,276.861573,0.1,0.034358,0.8,0.339900,96.2,6.316000,0.1,N,,[]
68,301.820762,0.1,0.016601,0.1,0.379600,99.2,6.278000,0.1,C#N,,[]
68,358.757206,0.1,0.026603,0.4,0.226300,39.3,6.413000,0.1,C=O,,[]
68,427.706065,0.3,0.020349,0.1,0.259800,58.3,10.401000,0.6,O1N=NN=N1,,[]
68,494.017501,0.4,0.015951,0.0,0.277000,66.6,10.398000,0.5,N#CC#N,,[]
68,551.957961,0.5,0.026540,0.3,0.206600,24.2,11.329000,0.8,O=CC#N,,[]
68,605.972721,0.7,0.025718,0.3,0.246900,51.0,13.622000,1.3,O=C1ON=NO1,,[]
68,612.158710,0.7,0.036943,1.0,0.155500,5.1,12.147000,0.9,O=CC=O,,[]
68,660.735473,0.9,0.028773,0.6,0.148500,3.5,18.268000,5.3,O=C1N=NON=N1,,[]
68,740.670140,1.4,0.025540,0.3,0.197700,18.7,16.955000,3.7,O=C(C#N)C#N,,[]
68,788.113621,1.8,0.051463,2.6,0.135500,1.4,14.117000,1.4,C1=NN=CN=N1,,[]
68,800.856456,2.0,0.035739,1.0,0.147500,3.2,18.042000,5.1,O=CC(=O)C#N,,[]
68,855.199404,2.6,0.045968,1.9,0.115100,0.5,18.951000,6.1,O=CC(=O)C=O,,[]
68,1051.290467,7.2,0.045232,1.8,0.116900,0.5,24.735000,20.6,O=CC(=O)C(=O)C#N,,[]
68,1108.489211,9.8,0.055740,3.7,0.098300,0.0,25.564000,24.2,O=CC(=O)C(=O)C=O,,[]
68,1324.122174,20.5,0.101065,23.8,0.082100,0.0,30.002000,51.5,NC=[NH+]C1=N[N-]C(=N)O1,,[]
68,1380.613087,24.3,0.100759,23.6,0.081400,0.0,30.409000,54.2,NC=[NH+]C1=NOC([O-])=C1,,[]
68,1392.890310,24.9,0.101131,23.9,0.102800,0.1,23.524000,16.2,O1C2C3C1C1N=C3OC21,,[]
68,1599.184049,37.8,0.126135,38.1,0.103500,0.1,23.509000,16.1,C1=C2C3C4C1C1C2C3N41,,[]
69,213.087785,0.0,0.021375,0.1,0.361500,98.7,6.002000,0.0,O,,[]
69,276.861573,0.1,0.034358,0.8,0.339900,96.1,6.316000,0.1,N,,[]
69,301.820762,0.1,0.016601,0.1,0.379600,99.2,6.278000,0.1,C#N,,[]
69,358.757206,0.1,0.026603,0.4,0.226300,39.2,6.413000,0.1,C=O,,[]
69,427.706065,0.3,0.020349,0.1,0.259800,58.1,10.401000,0.6,O1N=NN=N1,,[]
69,494.017501,0.4,0.015951,0.0,0.277000,66.4,10.398000,0.5,N#CC#N,,[]
69,551.957961,0.5,0.026540,0.3,0.206600,24.1,11.329000,0.8,O=CC#N,,[]
69,605.972721,0.7,0.025718,0.3,0.246900,50.9,13.622000,1.3,O=C1ON=NO1,,[]
69,612.158710,0.7,0.036943,1.0,0.155500,5.1,12.147000,0.9,O=CC=O,,[]
69,660.735473,0.9,0.028773,0.6,0.148500,3.5,18.268000,5.2,O=C1N=NON=N1,,[]
69,740.670140,1.4,0.025540,0.2,0.197700,18.6,16.955000,3.6,O=C(C#N)C#N,,[]
69,788.113621,1.8,0.051463,2.6,0.135500,1.4,14.117000,1.4,C1=NN=CN=N1,,[]
69,800.856456,2.0,0.035739,1.0,0.147500,3.2,18.042000,5.0,O=CC(=O)C#N,,[]
69,855.199404,2.6,0.045968,1.9,0.115100,0.5,18.951000,6.1,O=CC(=O)C=O,,[]
69,1051.290467,7.1,0.045232,1.8,0.116900,0.5,24.735000,20.5,O=CC(=O)C(=O)C#N,,[]
69,1108.489211,9.7,0.055740,3.7,0.098300,0.0,25.564000,24.0,O=CC(=O)C(=O)C=O,,[]
69,1324.122174,20.4,0.101065,23.7,0.082100,0.0,30.002000,51.3,NC=[NH+]C1=N[N-]C(=N)O1,,[]
69,1380.613087,24.1,0.100759,23.4,0.081400,0.0,30.409000,54.1,NC=[NH+]C1=NOC([O-])=C1,,[]
69,1392.890310,24.8,0.101131,23.7,0.102800,0.1,23.524000,16.1,O1C2C3C1C1N=C3OC21,,[]
69,1599.184049,37.6,0.126135,37.9,0.103500,0.1,23.509000,16.0,C1=C2C3C4C1C1C2C3N41,,[]
70,213.087785,0.0,0.021375,0.1,0.361500,98.6,6.002000,0.0,O,,[]
70,276.861573,0.1,0.034358,0.8,0.339900,96.1,6.316000,0.1,N,,[]
70,301.820762,0.1,0.016601,0.1,0.379600,99.2,6.278000,0.1,C#N,,[]
70,358.757206,0.1,0.026603,0.4,0.226300,39.1,6.413000,0.1,C=O,,[]
70,427.706065,0.3,0.020349,0.1,0.259800,57.9,10.401000,0.5,O1N=NN=N1,,[]
70,494.017501,0.4,0.015951,0.0,0.277000,66.4,10.398000,0.5,N#CC#N,,[]
70,551.957961,0.5,0.026540,0.3,0.206600,24.0,11.329000,0.8,O=CC#N,,[]
70,605.972721,0.6,0.025718,0.3,0.246900,50.7,13.622000,1.3,O=C1ON=NO1,,[]
70,612.158710,0.7,0.036943,1.0,0.155500,5.1,12.147000,0.9,O=CC=O,,[]
70,660.735473,0.9,0.028773,0.6,0.148500,3.5,18.268000,5.2,O=C1N=NON=N1,,[]
70,740.670140,1.4,0.025540,0.2,0.197700,18.4,16.955000,3.6,O=C(C#N)C#N,,[]
70,788.113621,1.8,0.051463,2.6,0.135500,1.4,14.117000,1.4,C1=NN=CN=N1,,[]
70,800.856456,2.0,0.035739,0.9,0.147500,3.2,18.042000,5.0,O=CC(=O)C#N,,[]
70,855.199404,2.6,0.045968,1.9,0.115100,0.4,18.951000,6.0,O=CC(=O)C=O,,[]
70,1051.290467,7.1,0.045232,1.8,0.116900,0.5,24.735000,20.3,O=CC(=O)C(=O)C#N,,[]
70,1108.489211,9.6,0.055740,3.7,0.098300,0.0,25.564000,23.9,O=CC(=O)C(=O)C=O,,[]
70,1324.122174,20.2,0.101065,23.5,0.082100,0.0,30.002000,51.1,NC=[NH+]C1=N[N-]C(=N)O1,,[]
70,1380.613087,24.0,0.100759,23.2,0.081400,0.0,30.409000,53.8,NC=[NH+]C1=NOC([O-])=C1,,[]
70,1392.890310,24.6,0.101131,23.5,0.102800,0.1,23.524000,16.0,O1C2C3C1C1N=C3OC21,,[]
70,1599.184049,37.5,0.126135,37.7,0.103500,0.1,23.509000,15.9,C1=C2C3C4C1C1C2C3N41,,[]
71,213.087785,0.0,0.021375,0.1,0.361500,98.7,6.002000,0.0,O,,[]
71,276.861573,0.1,0.034358,0.8,0.339900,96.1,6.316000,0.1,N,,[]
71,301.820762,0.1,0.016601,0.1,0.379600,99.2,6.278000,0.1,C#N,,[]
71,358.757206,0.1,0.026603,0.4,0.226300,39.0,6.413000,0.1,C=O,,[]
71,427.706065,0.3,0.020349,0.1,0.259800,57.9,10.401000,0.5,O1N=NN=N1,,[]
71,494.017501,0.4,0.015951,0.0,0.277000,66.3,10.398000,0.5,N#CC#N,,[]
71,551.957961,0.5,0.026540,0.3,0.206600,23.9,11.329000,0.8,O=CC#N,,[]
71,605.972721,0.6,0.025718,0.3,0.246900,50.6,13.622000,1.3,O=C1ON=NO1,,[]
71,612.158710,0.7,0.036943,1.0,0.155500,5.1,12.147000,0.9,O=CC=O,,[]
71,660.735473,0.9,0.028773,0.6,0.148500,3.5,18.268000,5.2,O=C1N=NON=N1,,[]
71,740.670140,1.3,0.025540,0.2,0.197700,18.4,16.955000,3.6,O=C(C#N)C#N,,[]
71,788.113621,1.8,0.051463,2.6,0.135500,1.4,14.117000,1.3,C1=NN=CN=N1,,[]
71,800.856456,1.9,0.035739,1.0,0.147500,3.2,18.042000,5.0,O=CC(=O)C#N,,[]
71,855.199404,2.6,0.045968,1.9,0.115100,0.4,18.951000,6.0,O=CC(=O)C=O,,[]
71,1051.290467,7.1,0.045232,1.8,0.116900,0.5,24.735000,20.2,O=CC(=O)C(=O)C#N,,[]
71,1108.489211,9.6,0.055740,3.7,0.098300,0.0,25.564000,23.8,O=CC(=O)C(=O)C=O,,[]
71,1324.122174,20.1,0.101065,23.3,0.082100,0.0,30.002000,51.0,NC=[NH+]C1=N[N-]C(=N)O1,,[]
71,1380.613087,23.8,0.100759,23.1,0.081400,0.0,30.409000,53.7,NC=[NH+]C1=NOC([O-])=C1,,[]
71,1392.890310,24.5,0.101131,23.4,0.102800,0.1,23.524000,16.0,O1C2C3C1C1N=C3OC21,,[]
71,1599.184049,37.4,0.126135,37.6,0.103500,0.1,23.509000,15.8,C1=C2C3C4C1C1C2C3N41,,[]
72,213.087785,0.0,0.021375,0.1,0.361500,98.7,6.002000,0.0,O,,[]
72,276.861573,0.1,0.034358,0.8,0.339900,96.1,6.316000,0.1,N,,[]
72,301.820762,0.1,0.016601,0.1,0.379600,99.2,6.278000,0.1,C#N,,[]
72,358.757206,0.1,0.026603,0.4,0.226300,39.0,6.413000,0.1,C=O,,[]
72,427.706065,0.3,0.020349,0.1,0.259800,57.9,10.401000,0.5,O1N=NN=N1,,[]
72,494.017501,0.4,0.015951,0.0,0.277000,66.3,10.398000,0.5,N#CC#N,,[]
72,551.957961,0.5,0.026540,0.3,0.206600,23.8,11.329000,0.8,O=CC#N,,[]
72,605.972721,0.6,0.025718,0.3,0.246900,50.6,13.622000,1.3,O=C1ON=NO1,,[]
72,612.158710,0.7,0.036943,1.0,0.155500,5.0,12.147000,0.9,O=CC=O,,[]
72,660.735473,0.9,0.028773,0.5,0.148500,3.5,18.268000,5.2,O=C1N=NON=N1,,[]
72,740.670140,1.4,0.025540,0.2,0.197700,18.4,16.955000,3.6,O=C(C#N)C#N,,[]
72,788.113621,1.8,0.051463,2.6,0.135500,1.4,14.117000,1.3,C1=NN=CN=N1,,[]
72,800.856456,1.9,0.035739,1.0,0.147500,3.2,18.042000,4.9,O=CC(=O)C#N,,[]
72,855.199404,2.6,0.045968,1.9,0.115100,0.4,18.951000,6.0,O=CC(=O)C=O,,[]
72,1051.290467,7.1,0.045232,1.8,0.116900,0.5,24.735000,20.1,O=CC(=O)C(=O)C#N,,[]
72,1108.489211,9.6,0.055740,3.7,0.098300,0.0,25.564000,23.7,O=CC(=O)C(=O)C=O,,[]
72,1324.122174,20.0,0.101065,23.2,0.082100,0.0,30.002000,50.8,NC=[NH+]C1=N[N-]C(=N)O1,,[]
72,1380.613087,23.7,0.100759,22.9,0.081400,0.0,30.409000,53.6,NC=[NH+]C1=NOC([O-])=C1,,[]
72,1392.890310,24.3,0.101131,23.2,0.102800,0.1,23.524000,15.9,O1C2C3C1C1N=C3OC21,,[]
72,1599.184049,37.2,0.126135,37.5,0.103500,0.1,23.509000,15.7,C1=C2C3C4C1C1C2C3N41,,[]
73,213.087785,0.0,0.021375,0.1,0.361500,98.7,6.002000,0.0,O,,[]
73,276.861573,0.1,0.034358,0.8,0.339900,96.2,6.316000,0.1,N,,[]
73,301.820762,0.1,0.016601,0.1,0.379600,99.2,6.278000,0.1,C#N,,[]
73,358.757206,0.2,0.026603,0.4,0.226300,38.9,6.413000,0.2,C=O,,[]
73,427.706065,0.3,0.020349,0.1,0.259800,57.8,10.401000,0.6,O1N=NN=N1,,[]
73,494.017501,0.4,0.015951,0.0,0.277000,66.3,10.398000,0.5,N#CC#N,,[]
73,551.957961,0.5,0.026540,0.3,0.206600,23.7,11.329000,0.8,O=CC#N,,[]
73,605.972721,0.6,0.025718,0.3,0.246900,50.5,13.622000,1.3,O=C1ON=NO1,,[]
73,612.158710,0.7,0.036943,1.0,0.155500,5.0,12.147000,0.9,O=CC=O,,[]
73,660.735473,0.9,0.028773,0.6,0.148500,3.5,18.268000,5.1,O=C1N=NON=N1,,[]
73,740.670140,1.4,0.025540,0.2,0.197700,18.3,16.955000,3.6,O=C(C#N)C#N,,[]
73,788.113621,1.8,0.051463,2.6,0.135500,1.4,14.117000,1.3,C1=NN=CN=N1,,[]
73,800.856456,1.9,0.035739,1.0,0.147500,3.2,18.042000,4.9,O=CC(=O)C#N,,[]
73,855.199404,2.6,0.045968,1.9,0.115100,0.4,18.951000,5.9,O=CC(=O)C=O,,[]
73,1051.290467,7.0,0.045232,1.8,0.116900,0.5,24.735000,20.0,O=CC(=O)C(=O)C#N,,[]
73,1108.489211,9.5,0.055740,3.7,0.098300,0.0,25.564000,23.5,O=CC(=O)C(=O)C=O,,[]
73,1324.122174,19.8,0.101065,22.9,0.082100,0.0,30.002000,50.5,NC=[NH+]C1=N[N-]C(=N)O1,,[]
73,1380.613087,23.4,0.100759,22.7,0.081400,0.0,30.409000,53.3,NC=[NH+]C1=NOC([O-])=C1,,[]
73,1392.890310,24.0,0.101131,23.0,0.102800,0.1,23.524000,15.7,O1C2C3C1C1N=C3OC21,,[]
73,1599.184049,37.0,0.126135,37.2,0.103500,0.1,23.509000,15.6,C1=C2C3C4C1C1C2C3N41,,[]
74,213.087785,0.0,0.021375,0.1,0.361500,98.7,6.002000,0.0,O,,[]
74,276.861573,0.1,0.034358,0.8,0.339900,96.2,6.316000,0.1,N,,[]
74,301.820762,0.1,0.016601,0.1,0.379600,99.2,6.278000,0.1,C#N,,[]
74,358.757206,0.1,0.026603,0.4,0.226300,38.8,6.413000,0.1,C=O,,[]
74,427.706065,0.3,0.020349,0.1,0.259800,57.8,10.401000,0.5,O1N=NN=N1,,[]
74,494.017501,0.4,0.015951,0.0,0.277000,66.3,10.398000,0.5,N#CC#N,,[]
74,551.957961,0.5,0.026540,0.3,0.206600,23.7,11.329000,0.7,O=CC#N,,[]
74,605.972721,0.6,0.025718,0.3,0.246900,50.5,13.622000,1.3,O=C1ON=NO1,,[]
74,612.158710,0.7,0.036943,1.0,0.155500,5.0,12.147000,0.9,O=CC=O,,[]
74,660.735473,0.8,0.028773,0.5,0.148500,3.5,18.268000,5.1,O=C1N=NON=N1,,[]
74,740.670140,1.3,0.025540,0.2,0.197700,18.3,16.955000,3.5,O=C(C#N)C#N,,[]
74,788.113621,1.8,0.051463,2.6,0.135500,1.4,14.117000,1.3,C1=NN=CN=N1,,[]
74,800.856456,1.9,0.035739,1.0,0.147500,3.2,18.042000,4.8,O=CC(=O)C#N,,[]
74,855.199404,2.6,0.045968,1.9,0.115100,0.4,18.951000,5.9,O=CC(=O)C=O,,[]
74,1051.290467,7.0,0.045232,1.8,0.116900,0.5,24.735000,19.9,O=CC(=O)C(=O)C#N,,[]
74,1108.489211,9.4,0.055740,3.7,0.098300,0.0,25.564000,23.3,O=CC(=O)C(=O)C=O,,[]
74,1324.122174,19.6,0.101065,22.8,0.082100,0.0,30.002000,50.3,NC=[NH+]C1=N[N-]C(=N)O1,,[]
74,1380.613087,23.3,0.100759,22.5,0.081400,0.0,30.409000,53.1,NC=[NH+]C1=NOC([O-])=C1,,[]
74,1392.890310,23.9,0.101131,22.8,0.102800,0.1,23.524000,15.7,O1C2C3C1C1N=C3OC21,,[]
74,1599.184049,36.8,0.126135,37.0,0.103500,0.1,23.509000,15.6,C1=C2C3C4C1C1C2C3N41,,[]
75,213.087785,0.0,0.021375,0.1,0.361500,98.7,6.002000,0.0,O,,[]
75,276.861573,0.1,0.034358,0.8,0.339900,96.2,6.316000,0.1,N,,[]
75,301.820762,0.1,0.016601,0.1,0.379600,99.2,6.278000,0.1,C#N,,[]
75,358.757206,0.1,0.026603,0.4,0.226300,38.7,6.413000,0.1,C=O,,[]
75,427.706065,0.3,0.020349,0.1,0.259800,57.7,10.401000,0.5,O1N=NN=N1,,[]
75,494.017501,0.4,0.015951,0.0,0.277000,66.2,10.398000,0.5,N#CC#N,,[]
75,551.957961,0.5,0.026540,0.3,0.206600,23.6,11.329000,0.7,O=CC#N,,[]
75,605.972721,0.6,0.025718,0.3,0.246900,50.4,13.622000,1.2,O=C1ON=NO1,,[]
75,612.158710,0.7,0.036943,1.0,0.155500,5.0,12.147000,0.9,O=CC=O,,[]
75,660.735473,0.8,0.028773,0.6,0.148500,3.5,18.268000,5.1,O=C1N=NON=N1,,[]
75,740.670140,1.3,0.025540,0.2,0.197700,18.2,16.955000,3.5,O=C(C#N)C#N,,[]
75,788.113621,1.8,0.051463,2.6,0.135500,1.4,14.117000,1.3,C1=NN=CN=N1,,[]
75,800.856456,1.9,0.035739,1.0,0.147500,3.2,18.042000,4.8,O=CC(=O)C#N,,[]
75,855.199404,2.6,0.045968,1.9,0.115100,0.4,18.951000,5.9,O=CC(=O)C=O,,[]
75,1051.290467,7.0,0.045232,1.8,0.116900,0.5,24.735000,19.7,O=CC(=O)C(=O)C#N,,[]
75,1108.489211,9.3,0.055740,3.7,0.098300,0.0,25.564000,23.2,O=CC(=O)C(=O)C=O,,[]
75,1324.122174,19.4,0.101065,22.6,0.082100,0.0,30.002000,50.1,NC=[NH+]C1=N[N-]C(=N)O1,,[]
75,1380.613087,23.1,0.100759,22.4,0.081400,0.0,30.409000,52.8,NC=[NH+]C1=NOC([O-])=C1,,[]
75,1392.890310,23.7,0.101131,22.6,0.102800,0.1,23.524000,15.6,O1C2C3C1C1N=C3OC21,,[]
75,1599.184049,36.6,0.126135,36.8,0.103500,0.1,23.509000,15.4,C1=C2C3C4C1C1C2C3N41,,[]
76,213.087785,0.0,0.021375,0.1,0.361500,98.7,6.002000,0.0,O,,[]
76,276.861573,0.1,0.034358,0.8,0.339900,96.2,6.316000,0.1,N,,[]
76,301.820762,0.1,0.016601,0.1,0.379600,99.2,6.278000,0.1,C#N,,[]
76,358.757206,0.1,0.026603,0.4,0.226300,38.5,6.413000,0.1,C=O,,[]
76,427.706065,0.3,0.020349,0.1,0.259800,57.5,10.401000,0.5,O1N=NN=N1,,[]
76,494.017501,0.4,0.015951,0.0,0.277000,66.1,10.398000,0.5,N#CC#N,,[]
76,551.957961,0.5,0.026540,0.3,0.206600,23.5,11.329000,0.7,O=CC#N,,[]
76,605.972721,0.6,0.025718,0.3,0.246900,50.3,13.622000,1.2,O=C1ON=NO1,,[]
76,612.158710,0.7,0.036943,1.0,0.155500,5.0,12.147000,0.8,O=CC=O,,[]
76,660.735473,0.8,0.028773,0.5,0.148500,3.5,18.268000,5.0,O=C1N=NON=N1,,[]
76,740.670140,1.3,0.025540,0.2,0.197700,18.1,16.955000,3.5,O=C(C#N)C#N,,[]
76,788.113621,1.8,0.051463,2.6,0.135500,1.4,14.117000,1.3,C1=NN=CN=N1,,[]
76,800.856456,1.9,0.035739,1.0,0.147500,3.2,18.042000,4.8,O=CC(=O)C#N,,[]
76,855.199404,2.5,0.045968,1.9,0.115100,0.4,18.951000,5.8,O=CC(=O)C=O,,[]
76,1051.290467,7.0,0.045232,1.7,0.116900,0.5,24.735000,19.6,O=CC(=O)C(=O)C#N,,[]
76,1108.489211,9.3,0.055740,3.7,0.098300,0.0,25.564000,23.1,O=CC(=O)C(=O)C=O,,[]
76,1324.122174,19.3,0.101065,22.5,0.082100,0.0,30.002000,49.9,NC=[NH+]C1=N[N-]C(=N)O1,,[]
76,1380.613087,23.0,0.100759,22.2,0.081400,0.0,30.409000,52.6,NC=[NH+]C1=NOC([O-])=C1,,[]
76,1392.890310,23.6,0.101131,22.5,0.102800,0.1,23.524000,15.5,O1C2C3C1C1N=C3OC21,,[]
76,1599.184049,36.4,0.126135,36.6,0.103500,0.1,23.509000,15.4,C1=C2C3C4C1C1C2C3N41,,[]
77,213.087785,0.0,0.021375,0.1,0.361500,98.7,6.002000,0.0,O,,[]
77,276.861573,0.1,0.034358,0.8,0.339900,96.2,6.316000,0.1,N,,[]
77,301.820762,0.1,0.016601,0.1,0.379600,99.2,6.278000,0.1,C#N,,[]
77,358.757206,0.1,0.026603,0.4,0.226300,38.4,6.413000,0.1,C=O,,[]
77,427.706065,0.3,0.020349,0.1,0.259800,57.5,10.401000,0.5,O1N=NN=N1,,[]
77,494.017501,0.4,0.015951,0.0,0.277000,66.1,10.398000,0.5,N#CC#N,,[]
77,551.957961,0.5,0.026540,0.3,0.206600,23.4,11.329000,0.7,O=CC#N,,[]
77,605.972721,0.6,0.025718,0.3,0.246900,50.2,13.622000,1.2,O=C1ON=NO1,,[]
77,612.158710,0.7,0.036943,1.1,0.155500,5.0,12.147000,0.8,O=CC=O,,[]
77,660.735473,0.8,0.028773,0.5,0.148500,3.4,18.268000,5.0,O=C1N=NON=N1,,[]
77,740.670140,1.3,0.025540,0.2,0.197700,18.1,16.955000,3.5,O=C(C#N)C#N,,[]
77,788.113621,1.8,0.051463,2.6,0.135500,1.4,14.117000,1.3,C1=NN=CN=N1,,[]
77,800.856456,1.9,0.035739,1.0,0.147500,3.1,18.042000,4.8,O=CC(=O)C#N,,[]
77,855.199404,2.6,0.045968,1.9,0.115100,0.4,18.951000,5.8,O=CC(=O)C=O,,[]
77,1051.290467,7.0,0.045232,1.8,0.116900,0.5,24.735000,19.6,O=CC(=O)C(=O)C#N,,[]
77,1108.489211,9.3,0.055740,3.7,0.098300,0.0,25.564000,23.0,O=CC(=O)C(=O)C=O,,[]
77,1324.122174,19.3,0.101065,22.4,0.082100,0.0,30.002000,49.8,NC=[NH+]C1=N[N-]C(=N)O1,,[]
77,1380.613087,22.8,0.100759,22.1,0.081400,0.0,30.409000,52.6,NC=[NH+]C1=NOC([O-])=C1,,[]
77,1392.890310,23.5,0.101131,22.4,0.102800,0.1,23.524000,15.5,O1C2C3C1C1N=C3OC21,,[]
77,1599.184049,36.3,0.126135,36.6,0.103500,0.1,23.509000,15.4,C1=C2C3C4C1C1C2C3N41,,[]
78,213.087785,0.0,0.021375,0.1,0.361500,98.7,6.002000,0.0,O,,[]
78,276.861573,0.1,0.034358,0.8,0.339900,96.2,6.316000,0.1,N,,[]
78,301.820762,0.1,0.016601,0.1,0.379600,99.2,6.278000,0.1,C#N,,[]
78,358.757206,0.1,0.026603,0.4,0.226300,38.3,6.413000,0.1,C=O,,[]
78,427.706065,0.3,0.020349,0.1,0.259800,57.5,10.401000,0.5,O1N=NN=N1,,[]
78,494.017501,0.4,0.015951,0.0,0.277000,66.1,10.398000,0.5,N#CC#N,,[]
78,551.957961,0.5,0.026540,0.3,0.206600,23.3,11.329000,0.7,O=CC#N,,[]
78,605.972721,0.6,0.025718,0.3,0.246900,50.1,13.622000,1.2,O=C1ON=NO1,,[]
78,612.158710,0.7,0.036943,1.1,0.155500,5.0,12.147000,0.8,O=CC=O,,[]
78,660.735473,0.8,0.028773,0.5,0.148500,3.4,18.268000,5.0,O=C1N=NON=N1,,[]
78,740.670140,1.3,0.025540,0.2,0.197700,18.0,16.955000,3.5,O=C(C#N)C#N,,[]
78,788.113621,1.8,0.051463,2.6,0.135500,1.4,14.117000,1.3,C1=NN=CN=N1,,[]
78,800.856456,1.9,0.035739,1.0,0.147500,3.1,18.042000,4.8,O=CC(=O)C#N,,[]
78,855.199404,2.6,0.045968,1.9,0.115100,0.4,18.951000,5.8,O=CC(=O)C=O,,[]
78,1051.290467,7.0,0.045232,1.8,0.116900,0.5,24.735000,19.5,O=CC(=O)C(=O)C#N,,[]
78,1108.489211,9.3,0.055740,3.7,0.098300,0.0,25.564000,23.0,O=CC(=O)C(=O)C=O,,[]
78,1324.122174,19.1,0.101065,22.2,0.082100,0.0,30.002000,49.7,NC=[NH+]C1=N[N-]C(=N)O1,,[]
78,1380.613087,22.8,0.100759,22.0,0.081400,0.0,30.409000,52.5,NC=[NH+]C1=NOC([O-])=C1,,[]
78,1392.890310,23.4,0.101131,22.3,0.102800,0.1,23.524000,15.4,O1C2C3C1C1N=C3OC21,,[]
78,1599.184049,36.2,0.126135,36.5,0.103500,0.1,23.509000,15.3,C1=C2C3C4C1C1C2C3N41,,[]
79,213.087785,0.0,0.021375,0.1,0.361500,98.7,6.002000,0.0,O,,[]
79,276.861573,0.1,0.034358,0.8,0.339900,96.3,6.316000,0.1,N,,[]
79,301.820762,0.1,0.016601,0.1,0.379600,99.2,6.278000,0.1,C#N,,[]
79,358.757206,0.1,0.026603,0.4,0.226300,38.2,6.413000,0.1,C=O,,[]
79,427.706065,0.3,0.020349,0.1,0.259800,57.3,10.401000,0.5,O1N=NN=N1,,[]
79,494.017501,0.4,0.015951,0.0,0.277000,66.0,10.398000,0.5,N#CC#N,,[]
79,551.957961,0.4,0.026540,0.3,0.206600,23.3,11.329000,0.7,O=CC#N,,[]
79,605.972721,0.6,0.025718,0.3,0.246900,50.0,13.622000,1.2,O=C1ON=NO1,,[]
79,612.158710,0.6,0.036943,1.1,0.155500,5.0,12.147000,0.8,O=CC=O,,[]
79,660.735473,0.8,0.028773,0.5,0.148500,3.4,18.268000,5.0,O=C1N=NON=N1,,[]
79,740.670140,1.3,0.025540,0.2,0.197700,18.0,16.955000,3.5,O=C(C#N)C#N,,[]
79,788.113621,1.8,0.051463,2.6,0.135500,1.4,14.117000,1.3,C1=NN=CN=N1,,[]
79,800.856456,1.9,0.035739,0.9,0.147500,3.1,18.042000,4.8,O=CC(=O)C#N,,[]
79,855.199404,2.6,0.045968,1.9,0.115100,0.4,18.951000,5.8,O=CC(=O)C=O,,[]
79,1051.290467,6.9,0.045232,1.8,0.116900,0.5,24.735000,19.5,O=CC(=O)C(=O)C#N,,[]
79,1108.489211,9.3,0.055740,3.7,0.098300,0.0,25.564000,22.9,O=CC(=O)C(=O)C=O,,[]
79,1324.122174,19.0,0.101065,22.1,0.082100,0.0,30.002000,49.5,NC=[NH+]C1=N[N-]C(=N)O1,,[]
79,1380.613087,22.6,0.100759,21.8,0.081400,0.0,30.409000,52.3,NC=[NH+]C1=NOC([O-])=C1,,[]
79,1392.890310,23.2,0.101131,22.1,0.102800,0.1,23.524000,15.4,O1C2C3C1C1N=C3OC21,,[]
79,1599.184049,36.0,0.126135,36.3,0.103500,0.1,23.509000,15.3,C1=C2C3C4C1C1C2C3N41,,[]
80,213.087785,0.0,0.021375,0.1,0.361500,98.7,6.002000,0.0,O,,[]
80,276.861573,0.1,0.034358,0.8,0.339900,96.3,6.316000,0.1,N,,[]
80,301.820762,0.1,0.016601,0.1,0.379600,99.2,6.278000,0.1,C#N,,[]
80,358.757206,0.1,0.026603,0.4,0.226300,38.2,6.413000,0.1,C=O,,[]
80,427.706065,0.3,0.020349,0.1,0.259800,57.3,10.401000,0.5,O1N=NN=N1,,[]
80,494.017501,0.4,0.015951,0.0,0.277000,66.0,10.398000,0.5,N#CC#N,,[]
80,551.957961,0.4,0.026540,0.3,0.206600,23.2,11.329000,0.7,O=CC#N,,[]
80,605.972721,0.6,0.025718,0.3,0.246900,49.9,13.622000,1.2,O=C1ON=NO1,,[]
80,612.158710,0.7,0.036943,1.1,0.155500,4.9,12.147000,0.8,O=CC=O,,[]
80,660.735473,0.8,0.028773,0.5,0.148500,3.4,18.268000,5.0,O=C1N=NON=N1,,[]
80,740.670140,1.3,0.025540,0.2,0.197700,18.0,16.955000,3.5,O=C(C#N)C#N,,[]
80,788.113621,1.8,0.051463,2.6,0.135500,1.4,14.117000,1.3,C1=NN=CN=N1,,[]
80,800.856456,1.9,0.035739,0.9,0.147500,3.1,18.042000,4.7,O=CC(=O)C#N,,[]
80,855.199404,2.5,0.045968,1.9,0.115100,0.4,18.951000,5.8,O=CC(=O)C=O,,[]
80,1051.290467,6.9,0.045232,1.8,0.116900,0.5,24.735000,19.4,O=CC(=O)C(=O)C#N,,[]
80,1108.489211,9.2,0.055740,3.6,0.098300,0.0,25.564000,22.8,O=CC(=O)C(=O)C=O,,[]
80,1324.122174,18.9,0.101065,21.9,0.082100,0.0,30.002000,49.3,NC=[NH+]C1=N[N-]C(=N)O1,,[]
80,1380.613087,22.5,0.100759,21.7,0.081400,0.0,30.409000,52.1,NC=[NH+]C1=NOC([O-])=C1,,[]
80,1392.890310,23.1,0.101131,21.9,0.102800,0.1,23.524000,15.3,O1C2C3C1C1N=C3OC21,,[]
80,1599.184049,35.8,0.126135,36.0,0.103500,0.1,23.509000,15.2,C1=C2C3C4C1C1C2C3N41,,[]
81,213.087785,0.0,0.021375,0.1,0.361500,98.7,6.002000,0.0,O,,[]
81,276.861573,0.1,0.034358,0.8,0.339900,96.3,6.316000,0.1,N,,[]
81,301.820762,0.1,0.016601,0.0,0.379600,99.2,6.278000,0.1,C#N,,[]
81,358.757206,0.1,0.026603,0.4,0.226300,38.1,6.413000,0.1,C=O,,[]
81,427.706065,0.3,0.020349,0.1,0.259800,57.3,10.401000,0.5,O1N=NN=N1,,[]
81,494.017501,0.4,0.015951,0.0,0.277000,66.0,10.398000,0.5,N#CC#N,,[]
81,551.957961,0.4,0.026540,0.3,0.206600,23.1,11.329000,0.7,O=CC#N,,[]
81,605.972721,0.6,0.025718,0.3,0.246900,49.9,13.622000,1.2,O=C1ON=NO1,,[]
81,612.158710,0.6,0.036943,1.1,0.155500,4.9,12.147000,0.8,O=CC=O,,[]
81,660.735473,0.8,0.028773,0.5,0.148500,3.4,18.268000,5.0,O=C1N=NON=N1,,[]
81,740.670140,1.3,0.025540,0.2,0.197700,17.9,16.955000,3.5,O=C(C#N)C#N,,[]
81,788.113621,1.8,0.051463,2.5,0.135500,1.4,14.117000,1.3,C1=NN=CN=N1,,[]
81,800.856456,1.9,0.035739,0.9,0.147500,3.1,18.042000,4.7,O=CC(=O)C#N,,[]
81,855.199404,2.5,0.045968,1.9,0.115100,0.4,18.951000,5.7,O=CC(=O)C=O,,[]
81,1051.290467,6.9,0.045232,1.8,0.116900,0.5,24.735000,19.3,O=CC(=O)C(=O)C#N,,[]
81,1108.489211,9.2,0.055740,3.6,0.098300,0.0,25.564000,22.6,O=CC(=O)C(=O)C=O,,[]
81,1324.122174,18.7,0.101065,21.8,0.082100,0.0,30.002000,49.1,NC=[NH+]C1=N[N-]C(=N)O1,,[]
81,1380.613087,22.3,0.100759,21.5,0.081400,0.0,30.409000,52.0,NC=[NH+]C1=NOC([O-])=C1,,[]
81,1392.890310,22.9,0.101131,21.8,0.102800,0.1,23.524000,15.2,O1C2C3C1C1N=C3OC21,,[]
81,1599.184049,35.6,0.126135,35.9,0.103500,0.1,23.509000,15.1,C1=C2C3C4C1C1C2C3N41,,[]
82,213.087785,0.0,0.021375,0.1,0.361500,98.8,6.002000,0.0,O,,[]
82,276.861573,0.1,0.034358,0.8,0.339900,96.3,6.316000,0.1,N,,[]
82,301.820762,0.1,0.016601,0.0,0.379600,99.3,6.278000,0.1,C#N,,[]
82,358.757206,0.1,0.026603,0.4,0.226300,37.9,6.413000,0.1,C=O,,[]
82,427.706065,0.3,0.020349,0.1,0.259800,57.2,10.401000,0.5,O1N=NN=N1,,[]
82,494.017501,0.4,0.015951,0.0,0.277000,65.9,10.398000,0.5,N#CC#N,,[]
82,551.957961,0.4,0.026540,0.3,0.206600,23.0,11.329000,0.7,O=CC#N,,[]
82,605.972721,0.6,0.025718,0.3,0.246900,49.7,13.622000,1.2,O=C1ON=NO1,,[]
82,612.158710,0.7,0.036943,1.1,0.155500,4.9,12.147000,0.8,O=CC=O,,[]
82,660.735473,0.8,0.028773,0.5,0.148500,3.4,18.268000,5.0,O=C1N=NON=N1,,[]
82,740.670140,1.3,0.025540,0.2,0.197700,17.8,16.955000,3.5,O=C(C#N)C#N,,[]
82,788.113621,1.8,0.051463,2.5,0.135500,1.4,14.117000,1.3,C1=NN=CN=N1,,[]
82,800.856456,1.9,0.035739,0.9,0.147500,3.0,18.042000,4.7,O=CC(=O)C#N,,[]
82,855.199404,2.5,0.045968,1.9,0.115100,0.4,18.951000,5.7,O=CC(=O)C=O,,[]
82,1051.290467,6.9,0.045232,1.8,0.116900,0.5,24.735000,19.2,O=CC(=O)C(=O)C#N,,[]
82,1108.489211,9.1,0.055740,3.6,0.098300,0.0,25.564000,22.6,O=CC(=O)C(=O)C=O,,[]
82,1324.122174,18.6,0.101065,21.6,0.082100,0.0,30.002000,49.0,NC=[NH+]C1=N[N-]C(=N)O1,,[]
82,1380.613087,22.2,0.100759,21.4,0.081400,0.0,30.409000,51.9,NC=[NH+]C1=NOC([O-])=C1,,[]
82,1392.890310,22.7,0.101131,21.7,0.102800,0.1,23.524000,15.2,O1C2C3C1C1N=C3OC21,,[]
82,1599.184049,35.4,0.126135,35.7,0.103500,0.1,23.509000,15.0,C1=C2C3C4C1C1C2C3N41,,[]
83,213.087785,0.0,0.021375,0.1,0.361500,98.8,6.002000,0.0,O,,[]
83,276.861573,0.1,0.034358,0.8,0.339900,96.4,6.316000,0.1,N,,[]
83,301.820762,0.1,0.016601,0.0,0.379600,99.3,6.278000,0.1,C#N,,[]
83,358.757206,0.1,0.026603,0.4,0.226300,37.8,6.413000,0.1,C=O,,[]
83,427.706065,0.3,0.020349,0.1,0.259800,57.1,10.401000,0.5,O1N=NN=N1,,[]
83,494.017501,0.4,0.015951,0.0,0.277000,65.9,10.398000,0.5,N#CC#N,,[]
83,551.957961,0.4,0.026540,0.3,0.206600,22.9,11.329000,0.7,O=CC#N,,[]
83,605.972721,0.6,0.025718,0.3,0.246900,49.6,13.622000,1.2,O=C1ON=NO1,,[]
83,612.158710,0.7,0.036943,1.1,0.155500,4.8,12.147000,0.8,O=CC=O,,[]
83,660.735473,0.8,0.028773,0.5,0.148500,3.3,18.268000,4.9,O=C1N=NON=N1,,[]
83,740.670140,1.3,0.025540,0.2,0.197700,17.7,16.955000,3.5,O=C(C#N)C#N,,[]
83,788.113621,1.8,0.051463,2.5,0.135500,1.4,14.117000,1.3,C1=NN=CN=N1,,[]
83,800.856456,1.9,0.035739,0.9,0.147500,3.0,18.042000,4.7,O=CC(=O)C#N,,[]
83,855.199404,2.5,0.045968,1.9,0.115100,0.4,18.951000,5.7,O=CC(=O)C=O,,[]
83,1051.290467,6.8,0.045232,1.8,0.116900,0.5,24.735000,19.1,O=CC(=O)C(=O)C#N,,[]
83,1108.489211,9.1,0.055740,3.6,0.098300,0.0,25.564000,22.4,O=CC(=O)C(=O)C=O,,[]
83,1324.122174,18.5,0.101065,21.5,0.082100,0.0,30.002000,48.9,NC=[NH+]C1=N[N-]C(=N)O1,,[]
83,1380.613087,22.0,0.100759,21.3,0.081400,0.0,30.409000,51.7,NC=[NH+]C1=NOC([O-])=C1,,[]
83,1392.890310,22.6,0.101131,21.5,0.102800,0.1,23.524000,15.1,O1C2C3C1C1N=C3OC21,,[]
83,1599.184049,35.2,0.126135,35.5,0.103500,0.1,23.509000,14.9,C1=C2C3C4C1C1C2C3N41,,[]
84,213.087785,0.0,0.021375,0.1,0.361500,98.7,6.002000,0.0,O,,[]
84,276.861573,0.1,0.034358,0.8,0.339900,96.4,6.316000,0.1,N,,[]
84,301.820762,0.1,0.016601,0.0,0.379600,99.2,6.278000,0.1,C#N,,[]
84,358.757206,0.1,0.026603,0.4,0.226300,37.7,6.413000,0.1,C=O,,[]
84,427.706065,0.3,0.020349,0.1,0.259800,57.2,10.401000,0.5,O1N=NN=N1,,[]
84,494.017501,0.4,0.015951,0.0,0.277000,65.9,10.398000,0.5,N#CC#N,,[]
84,551.957961,0.4,0.026540,0.3,0.206600,22.8,11.329000,0.7,O=CC#N,,[]
84,605.972721,0.6,0.025718,0.3,0.246900,49.7,13.622000,1.2,O=C1ON=NO1,,[]
84,612.158710,0.6,0.036943,1.1,0.155500,4.9,12.147000,0.8,O=CC=O,,[]
84,660.735473,0.8,0.028773,0.5,0.148500,3.4,18.268000,4.9,O=C1N=NON=N1,,[]
84,740.670140,1.3,0.025540,0.2,0.197700,17.6,16.955000,3.5,O=C(C#N)C#N,,[]
84,788.113621,1.8,0.051463,2.5,0.135500,1.4,14.117000,1.3,C1=NN=CN=N1,,[]
84,800.856456,1.9,0.035739,0.9,0.147500,3.1,18.042000,4.7,O=CC(=O)C#N,,[]
84,855.199404,2.6,0.045968,1.9,0.115100,0.4,18.951000,5.7,O=CC(=O)C=O,,[]
84,1051.290467,6.8,0.045232,1.8,0.116900,0.5,24.735000,19.0,O=CC(=O)C(=O)C#N,,[]
84,1108.489211,9.0,0.055740,3.6,0.098300,0.0,25.564000,22.3,O=CC(=O)C(=O)C=O,,[]
84,1324.122174,18.4,0.101065,21.4,0.082100,0.0,30.002000,48.8,NC=[NH+]C1=N[N-]C(=N)O1,,[]
84,1380.613087,21.9,0.100759,21.1,0.081400,0.0,30.409000,51.7,NC=[NH+]C1=NOC([O-])=C1,,[]
84,1392.890310,22.4,0.101131,21.4,0.102800,0.1,23.524000,15.0,O1C2C3C1C1N=C3OC21,,[]
84,1599.184049,35.1,0.126135,35.4,0.103500,0.1,23.509000,14.9,C1=C2C3C4C1C1C2C3N41,,[]
85,213.087785,0.0,0.021375,0.1,0.361500,98.7,6.002000,0.0,O,,[]
85,276.861573,0.1,0.034358,0.8,0.339900,96.4,6.316000,0.1,N,,[]
85,301.820762,0.1,0.016601,0.0,0.379600,99.2,6.278000,0.1,C#N,,[]
85,358.757206,0.1,0.026603,0.4,0.226300,37.6,6.413000,0.1,C=O,,[]
85,427.706065,0.3,0.020349,0.1,0.259800,57.0,10.401000,0.5,O1N=NN=N1,,[]
85,494.017501,0.4,0.015951,0.0,0.277000,65.8,10.398000,0.5,N#CC#N,,[]
85,551.957961,0.4,0.026540,0.3,0.206600,22.8,11.329000,0.7,O=CC#N,,[]
85,605.972721,0.6,0.025718,0.3,0.246900,49.5,13.622000,1.2,O=C1ON=NO1,,[]
85,612.158710,0.7,0.036943,1.1,0.155500,4.9,12.147000,0.8,O=CC=O,,[]
85,660.735473,0.8,0.028773,0.5,0.148500,3.3,18.268000,4.9,O=C1N=NON=N1,,[]
85,740.670140,1.3,0.025540,0.2,0.197700,17.6,16.955000,3.5,O=C(C#N)C#N,,[]
85,788.113621,1.8,0.051463,2.5,0.135500,1.4,14.117000,1.3,C1=NN=CN=N1,,[]
85,800.856456,2.0,0.035739,0.9,0.147500,3.0,18.042000,4.7,O=CC(=O)C#N,,[]
85,855.199404,2.6,0.045968,1.9,0.115100,0.4,18.951000,5.7,O=CC(=O)C=O,,[]
85,1051.290467,6.8,0.045232,1.8,0.116900,0.5,24.735000,18.9,O=CC(=O)C(=O)C#N,,[]
85,1108.489211,9.0,0.055740,3.6,0.098300,0.0,25.564000,22.2,O=CC(=O)C(=O)C=O,,[]
85,1324.122174,18.2,0.101065,21.2,0.082100,0.0,30.002000,48.6,NC=[NH+]C1=N[N-]C(=N)O1,,[]
85,1380.613087,21.7,0.100759,21.0,0.081400,0.0,30.409000,51.5,NC=[NH+]C1=NOC([O-])=C1,,[]
85,1392.890310,22.3,0.101131,21.3,0.102800,0.1,23.524000,14.9,O1C2C3C1C1N=C3OC21,,[]
85,1599.184049,34.9,0.126135,35.2,0.103500,0.1,23.509000,14.8,C1=C2C3C4C1C1C2C3N41,,[]
86,213.087785,0.0,0.021375,0.1,0.361500,98.7,6.002000,0.0,O,,[]
86,276.861573,0.1,0.034358,0.7,0.339900,96.4,6.316000,0.1,N,,[]
86,301.820762,0.1,0.016601,0.0,0.379600,99.3,6.278000,0.1,C#N,,[]
86,358.757206,0.1,0.026603,0.4,0.226300,37.6,6.413000,0.1,C=O,,[]
86,427.706065,0.3,0.020349,0.1,0.259800,57.0,10.401000,0.5,O1N=NN=N1,,[]
86,494.017501,0.4,0.015951,0.0,0.277000,65.8,10.398000,0.5,N#CC#N,,[]
86,551.957961,0.4,0.026540,0.3,0.206600,22.7,11.329000,0.7,O=CC#N,,[]
86,605.972721,0.6,0.025718,0.3,0.246900,49.5,13.622000,1.3,O=C1ON=NO1,,[]
86,612.158710,0.6,0.036943,1.1,0.155500,4.9,12.147000,0.8,O=CC=O,,[]
86,660.735473,0.8,0.028773,0.5,0.148500,3.3,18.268000,4.9,O=C1N=NON=N1,,[]
86,740.670140,1.3,0.025540,0.2,0.197700,17.5,16.955000,3.5,O=C(C#N)C#N,,[]
86,788.113621,1.8,0.051463,2.5,0.135500,1.4,14.117000,1.3,C1=NN=CN=N1,,[]
86,800.856456,1.9,0.035739,0.9,0.147500,3.0,18.042000,4.7,O=CC(=O)C#N,,[]
86,855.199404,2.5,0.045968,1.9,0.115100,0.4,18.951000,5.6,O=CC(=O)C=O,,[]
86,1051.290467,6.7,0.045232,1.8,0.116900,0.5,24.735000,18.8,O=CC(=O)C(=O)C#N,,[]
86,1108.489211,9.0,0.055740,3.6,0.098300,0.0,25.564000,22.2,O=CC(=O)C(=O)C=O,,[]
86,1324.122174,18.1,0.101065,21.1,0.082100,0.0,30.002000,48.4,NC=[NH+]C1=N[N-]C(=N)O1,,[]
86,1380.613087,21.6,0.100759,20.9,0.081400,0.0,30.409000,51.4,NC=[NH+]C1=NOC([O-])=C1,,[]
86,1392.890310,22.1,0.101131,21.1,0.102800,0.1,23.524000,14.9,O1C2C3C1C1N=C3OC21,,[]
86,1599.184049,34.7,0.126135,35.0,0.103500,0.1,23.509000,14.7,C1=C2C3C4C1C1C2C3N41,,[]
87,213.087785,0.0,0.021375,0.1,0.361500,98.8,6.002000,0.0,O,,[]
87,276.861573,0.1,0.034358,0.8,0.339900,96.3,6.316000,0.1,N,,[]
87,301.820762,0.1,0.016601,0.0,0.379600,99.3,6.278000,0.1,C#N,,[]
87,358.757206,0.1,0.026603,0.3,0.226300,37.6,6.413000,0.1,C=O,,[]
87,427.706065,0.3,0.020349,0.1,0.259800,57.0,10.401000,0.5,O1N=NN=N1,,[]
87,494.017501,0.4,0.015951,0.0,0.277000,65.8,10.398000,0.5,N#CC#N,,[]
87,551.957961,0.4,0.026540,0.3,0.206600,22.7,11.329000,0.7,O=CC#N,,[]
87,605.972721,0.6,0.025718,0.3,0.246900,49.5,13.622000,1.2,O=C1ON=NO1,,[]
87,612.158710,0.6,0.036943,1.1,0.155500,4.9,12.147000,0.8,O=CC=O,,[]
87,660.735473,0.8,0.028773,0.5,0.148500,3.3,18.268000,4.9,O=C1N=NON=N1,,[]
87,740.670140,1.3,0.025540,0.2,0.197700,17.4,16.955000,3.5,O=C(C#N)C#N,,[]
87,788.113621,1.8,0.051463,2.5,0.135500,1.4,14.117000,1.3,C1=NN=CN=N1,,[]
87,800.856456,1.9,0.035739,0.9,0.147500,3.0,18.042000,4.6,O=CC(=O)C#N,,[]
87,855.199404,2.5,0.045968,1.9,0.115100,0.4,18.951000,5.6,O=CC(=O)C=O,,[]
87,1051.290467,6.7,0.045232,1.8,0.116900,0.5,24.735000,18.8,O=CC(=O)C(=O)C#N,,[]
87,1108.489211,8.9,0.055740,3.6,0.098300,0.0,25.564000,22.1,O=CC(=O)C(=O)C=O,,[]
87,1324.122174,18.0,0.101065,20.9,0.082100,0.0,30.002000,48.3,NC=[NH+]C1=N[N-]C(=N)O1,,[]
87,1380.613087,21.5,0.100759,20.7,0.081400,0.0,30.409000,51.3,NC=[NH+]C1=NOC([O-])=C1,,[]
87,1392.890310,22.0,0.101131,21.0,0.102800,0.1,23.524000,14.8,O1C2C3C1C1N=C3OC21,,[]
87,1599.184049,34.5,0.126135,34.8,0.103500,0.1,23.509000,14.7,C1=C2C3C4C1C1C2C3N41,,[]
88,213.087785,0.0,0.021375,0.1,0.361500,98.8,6.002000,0.0,O,,[]
88,276.861573,0.1,0.034358,0.7,0.339900,96.3,6.316000,0.1,N,,[]
88,301.820762,0.1,0.016601,0.0,0.379600,99.3,6.278000,0.1,C#N,,[]
88,358.757206,0.1,0.026603,0.3,0.226300,37.5,6.413000,0.1,C=O,,[]
88,427.706065,0.3,0.020349,0.1,0.259800,56.9,10.401000,0.5,O1N=NN=N1,,[]
88,494.017501,0.4,0.015951,0.0,0.277000,65.7,10.398000,0.5,N#CC#N,,[]
88,551.957961,0.4,0.026540,0.3,0.206600,22.6,11.329000,0.7,O=CC#N,,[]
88,605.972721,0.6,0.025718,0.3,0.246900,49.4,13.622000,1.3,O=C1ON=NO1,,[]
88,612.158710,0.7,0.036943,1.1,0.155500,4.8,12.147000,0.8,O=CC=O,,[]
88,660.735473,0.8,0.028773,0.5,0.148500,3.3,18.268000,4.9,O=C1N=NON=N1,,[]
88,740.670140,1.3,0.025540,0.2,0.197700,17.4,16.955000,3.5,O=C(C#N)C#N,,[]
88,788.113621,1.8,0.051463,2.5,0.135500,1.4,14.117000,1.3,C1=NN=CN=N1,,[]
88,800.856456,1.9,0.035739,0.9,0.147500,3.0,18.042000,4.7,O=CC(=O)C#N,,[]
88,855.199404,2.5,0.045968,1.9,0.115100,0.4,18.951000,5.6,O=CC(=O)C=O,,[]
88,1051.290467,6.7,0.045232,1.8,0.116900,0.5,24.735000,18.7,O=CC(=O)C(=O)C#N,,[]
88,1108.489211,8.9,0.055740,3.5,0.098300,0.0,25.564000,22.0,O=CC(=O)C(=O)C=O,,[]
88,1324.122174,17.9,0.101065,20.8,0.082100,0.0,30.002000,48.1,NC=[NH+]C1=N[N-]C(=N)O1,,[]
88,1380.613087,21.3,0.100759,20.6,0.081400,0.0,30.409000,51.1,NC=[NH+]C1=NOC([O-])=C1,,[]
88,1392.890310,21.9,0.101131,20.8,0.102800,0.1,23.524000,14.8,O1C2C3C1C1N=C3OC21,,[]
88,1599.184049,34.4,0.126135,34.7,0.103500,0.1,23.509000,14.6,C1=C2C3C4C1C1C2C3N41,,[]
89,213.087785,0.0,0.021375,0.1,0.361500,98.8,6.002000,0.0,O,,[]
89,276.861573,0.1,0.034358,0.7,0.339900,96.4,6.316000,0.1,N,,[]
89,301.820762,0.1,0.016601,0.0,0.379600,99.3,6.278000,0.1,C#N,,[]
89,358.757206,0.1,0.026603,0.3,0.226300,37.4,6.413000,0.1,C=O,,[]
89,427.706065,0.3,0.020349,0.1,0.259800,56.8,10.401000,0.5,O1N=NN=N1,,[]
89,494.017501,0.4,0.015951,0.0,0.277000,65.7,10.398000,0.5,N#CC#N,,[]
89,551.957961,0.4,0.026540,0.3,0.206600,22.5,11.329000,0.7,O=CC#N,,[]
89,605.972721,0.6,0.025718,0.2,0.246900,49.3,13.622000,1.3,O=C1ON=NO1,,[]
89,612.158710,0.6,0.036943,1.0,0.155500,4.8,12.147000,0.8,O=CC=O,,[]
89,660.735473,0.8,0.028773,0.5,0.148500,3.3,18.268000,4.9,O=C1N=NON=N1,,[]
89,740.670140,1.3,0.025540,0.2,0.197700,17.3,16.955000,3.5,O=C(C#N)C#N,,[]
89,788.113621,1.8,0.051463,2.5,0.135500,1.4,14.117000,1.3,C1=NN=CN=N1,,[]
89,800.856456,1.9,0.035739,0.9,0.147500,3.0,18.042000,4.7,O=CC(=O)C#N,,[]
89,855.199404,2.5,0.045968,1.9,0.115100,0.4,18.951000,5.6,O=CC(=O)C=O,,[]
89,1051.290467,6.7,0.045232,1.8,0.116900,0.5,24.735000,18.6,O=CC(=O)C(=O)C#N,,[]
89,1108.489211,8.9,0.055740,3.5,0.098300,0.0,25.564000,21.9,O=CC(=O)C(=O)C=O,,[]
89,1324.122174,17.8,0.101065,20.6,0.082100,0.0,30.002000,48.0,NC=[NH+]C1=N[N-]C(=N)O1,,[]
89,1380.613087,21.2,0.100759,20.4,0.081400,0.0,30.409000,51.0,NC=[NH+]C1=NOC([O-])=C1,,[]
89,1392.890310,21.7,0.101131,20.7,0.102800,0.1,23.524000,14.7,O1C2C3C1C1N=C3OC21,,[]
89,1599.184049,34.2,0.126135,34.5,0.103500,0.1,23.509000,14.5,C1=C2C3C4C1C1C2C3N41,,[]
90,213.087785,0.0,0.021375,0.1,0.361500,98.8,6.002000,0.0,O,,[]
90,276.861573,0.1,0.034358,0.7,0.339900,96.4,6.316000,0.1,N,,[]
90,301.820762,0.1,0.016601,0.0,0.379600,99.3,6.278000,0.1,C#N,,[]
90,358.757206,0.2,0.026603,0.3,0.226300,37.3,6.413000,0.2,C=O,,[]
90,427.706065,0.3,0.020349,0.1,0.259800,56.8,10.401000,0.5,O1N=NN=N1,,[]
90,494.017501,0.4,0.015951,0.0,0.277000,65.6,10.398000,0.5,N#CC#N,,[]
90,551.957961,0.4,0.026540,0.3,0.206600,22.5,11.329000,0.7,O=CC#N,,[]
90,605.972721,0.6,0.025718,0.2,0.246900,49.2,13.622000,1.3,O=C1ON=NO1,,[]
90,612.158710,0.6,0.036943,1.0,0.155500,4.8,12.147000,0.8,O=CC=O,,[]
90,660.735473,0.8,0.028773,0.5,0.148500,3.3,18.268000,4.9,O=C1N=NON=N1,,[]
90,740.670140,1.3,0.025540,0.2,0.197700,17.3,16.955000,3.5,O=C(C#N)C#N,,[]
90,788.113621,1.8,0.051463,2.5,0.135500,1.4,14.117000,1.3,C1=NN=CN=N1,,[]
90,800.856456,1.9,0.035739,0.9,0.147500,2.9,18.042000,4.6,O=CC(=O)C#N,,[]
90,855.199404,2.5,0.045968,1.9,0.115100,0.4,18.951000,5.6,O=CC(=O)C=O,,[]
90,1051.290467,6.7,0.045232,1.8,0.116900,0.5,24.735000,18.5,O=CC(=O)C(=O)C#N,,[]
90,1108.489211,8.9,0.055740,3.5,0.098300,0.0,25.564000,21.8,O=CC(=O)C(=O)C=O,,[]
90,1324.122174,17.7,0.101065,20.5,0.082100,0.0,30.002000,47.9,NC=[NH+]C1=N[N-]C(=N)O1,,[]
90,1380.613087,21.1,0.100759,20.3,0.081400,0.0,30.409000,50.9,NC=[NH+]C1=NOC([O-])=C1,,[]
90,1392.890310,21.6,0.101131,20.6,0.102800,0.1,23.524000,14.6,O1C2C3C1C1N=C3OC21,,[]
90,1599.184049,34.0,0.126135,34.4,0.103500,0.1,23.509000,14.5,C1=C2C3C4C1C1C2C3N41,,[]
91,213.087785,0.0,0.021375,0.1,0.361500,98.8,6.002000,0.0,O,,[]
91,276.861573,0.1,0.034358,0.7,0.339900,96.4,6.316000,0.1,N,,[]
91,301.820762,0.1,0.016601,0.0,0.379600,99.3,6.278000,0.1,C#N,,[]
91,358.757206,0.2,0.026603,0.3,0.226300,37.3,6.413000,0.2,C=O,,[]
91,427.706065,0.3,0.020349,0.1,0.259800,56.7,10.401000,0.5,O1N=NN=N1,,[]
91,494.017501,0.4,0.015951,0.0,0.277000,65.5,10.398000,0.5,N#CC#N,,[]
91,551.957961,0.4,0.026540,0.3,0.206600,22.4,11.329000,0.7,O=CC#N,,[]
91,605.972721,0.6,0.025718,0.2,0.246900,49.1,13.622000,1.2,O=C1ON=NO1,,[]
91,612.158710,0.6,0.036943,1.0,0.155500,4.8,12.147000,0.8,O=CC=O,,[]
91,660.735473,0.8,0.028773,0.5,0.148500,3.3,18.268000,4.8,O=C1N=NON=N1,,[]
91,740.670140,1.3,0.025540,0.2,0.197700,17.2,16.955000,3.4,O=C(C#N)C#N,,[]
91,788.113621,1.8,0.051463,2.5,0.135500,1.4,14.117000,1.3,C1=NN=CN=N1,,[]
91,800.856456,1.9,0.035739,0.9,0.147500,2.9,18.042000,4.6,O=CC(=O)C#N,,[]
91,855.199404,2.5,0.045968,1.9,0.115100,0.4,18.951000,5.5,O=CC(=O)C=O,,[]
91,1051.290467,6.6,0.045232,1.8,0.116900,0.5,24.735000,18.4,O=CC(=O)C(=O)C#N,,[]
91,1108.489211,8.8,0.055740,3.5,0.098300,0.0,25.564000,21.6,O=CC(=O)C(=O)C=O,,[]
91,1324.122174,17.6,0.101065,20.4,0.082100,0.0,30.002000,47.8,NC=[NH+]C1=N[N-]C(=N)O1,,[]
91,1380.613087,21.0,0.100759,20.2,0.081400,0.0,30.409000,50.8,NC=[NH+]C1=NOC([O-])=C1,,[]
91,1392.890310,21.5,0.101131,20.5,0.102800,0.1,23.524000,14.5,O1C2C3C1C1N=C3OC21,,[]
91,1599.184049,33.9,0.126135,34.3,0.103500,0.1,23.509000,14.4,C1=C2C3C4C1C1C2C3N41,,[]
92,213.087785,0.0,0.021375,0.1,0.361500,98.8,6.002000,0.0,O,,[]
92,276.861573,0.1,0.034358,0.7,0.339900,96.4,6.316000,0.1,N,,[]
92,301.820762,0.1,0.016601,0.0,0.379600,99.3,6.278000,0.1,C#N,,[]
92,358.757206,0.2,0.026603,0.3,0.226300,37.2,6.413000,0.2,C=O,,[]
92,427.706065,0.3,0.020349,0.1,0.259800,56.6,10.401000,0.5,O1N=NN=N1,,[]
92,494.017501,0.4,0.015951,0.0,0.277000,65.6,10.398000,0.5,N#CC#N,,[]
92,551.957961,0.4,0.026540,0.3,0.206600,22.3,11.329000,0.7,O=CC#N,,[]
92,605.972721,0.6,0.025718,0.2,0.246900,49.0,13.622000,1.2,O=C1ON=NO1,,[]
92,612.158710,0.6,0.036943,1.0,0.155500,4.8,12.147000,0.8,O=CC=O,,[]
92,660.735473,0.8,0.028773,0.5,0.148500,3.3,18.268000,4.8,O=C1N=NON=N1,,[]
92,740.670140,1.3,0.025540,0.2,0.197700,17.1,16.955000,3.4,O=C(C#N)C#N,,[]
92,788.113621,1.7,0.051463,2.5,0.135500,1.3,14.117000,1.3,C1=NN=CN=N1,,[]
92,800.856456,1.9,0.035739,0.9,0.147500,2.9,18.042000,4.6,O=CC(=O)C#N,,[]
92,855.199404,2.5,0.045968,1.9,0.115100,0.4,18.951000,5.5,O=CC(=O)C=O,,[]
92,1051.290467,6.6,0.045232,1.8,0.116900,0.5,24.735000,18.2,O=CC(=O)C(=O)C#N,,[]
92,1108.489211,8.7,0.055740,3.5,0.098300,0.0,25.564000,21.5,O=CC(=O)C(=O)C=O,,[]
92,1324.122174,17.5,0.101065,20.3,0.082100,0.0,30.002000,47.7,NC=[NH+]C1=N[N-]C(=N)O1,,[]
92,1380.613087,20.8,0.100759,20.1,0.081400,0.0,30.409000,50.6,NC=[NH+]C1=NOC([O-])=C1,,[]
92,1392.890310,21.3,0.101131,20.3,0.102800,0.1,23.524000,14.4,O1C2C3C1C1N=C3OC21,,[]
92,1599.184049,33.7,0.126135,34.0,0.103500,0.1,23.509000,14.3,C1=C2C3C4C1C1C2C3N41,,[]
93,213.087785,0.0,0.021375,0.1,0.361500,98.8,6.002000,0.0,O,,[]
93,276.861573,0.1,0.034358,0.7,0.339900,96.4,6.316000,0.1,N,,[]
93,301.820762,0.1,0.016601,0.0,0.379600,99.3,6.278000,0.1,C#N,,[]
93,358.757206,0.2,0.026603,0.3,0.226300,37.1,6.413000,0.2,C=O,,[]
93,427.706065,0.3,0.020349,0.1,0.259800,56.5,10.401000,0.5,O1N=NN=N1,,[]
93,494.017501,0.4,0.015951,0.0,0.277000,65.5,10.398000,0.5,N#CC#N,,[]
93,551.957961,0.4,0.026540,0.3,0.206600,22.2,11.329000,0.7,O=CC#N,,[]
93,605.972721,0.6,0.025718,0.2,0.246900,48.9,13.622000,1.3,O=C1ON=NO1,,[]
93,612.158710,0.6,0.036943,1.0,0.155500,4.8,12.147000,0.8,O=CC=O,,[]
93,660.735473,0.8,0.028773,0.5,0.148500,3.3,18.268000,4.8,O=C1N=NON=N1,,[]
93,740.670140,1.3,0.025540,0.2,0.197700,17.0,16.955000,3.4,O=C(C#N)C#N,,[]
93,788.113621,1.8,0.051463,2.5,0.135500,1.4,14.117000,1.3,C1=NN=CN=N1,,[]
93,800.856456,1.9,0.035739,0.9,0.147500,3.0,18.042000,4.6,O=CC(=O)C#N,,[]
93,855.199404,2.5,0.045968,1.9,0.115100,0.4,18.951000,5.5,O=CC(=O)C=O,,[]
93,1051.290467,6.6,0.045232,1.8,0.116900,0.5,24.735000,18.2,O=CC(=O)C(=O)C#N,,[]
93,1108.489211,8.7,0.055740,3.5,0.098300,0.0,25.564000,21.4,O=CC(=O)C(=O)C=O,,[]
93,1324.122174,17.4,0.101065,20.2,0.082100,0.0,30.002000,47.6,NC=[NH+]C1=N[N-]C(=N)O1,,[]
93,1380.613087,20.7,0.100759,20.0,0.081400,0.0,30.409000,50.6,NC=[NH+]C1=NOC([O-])=C1,,[]
93,1392.890310,21.2,0.101131,20.2,0.102800,0.1,23.524000,14.4,O1C2C3C1C1N=C3OC21,,[]
93,1599.184049,33.5,0.126135,33.9,0.103500,0.1,23.509000,14.2,C1=C2C3C4C1C1C2C3N41,,[]
94,213.087785,0.0,0.021375,0.1,0.361500,98.8,6.002000,0.0,O,,[]
94,276.861573,0.1,0.034358,0.7,0.339900,96.4,6.316000,0.1,N,,[]
94,301.820762,0.1,0.016601,0.0,0.379600,99.3,6.278000,0.1,C#N,,[]
94,358.757206,0.1,0.026603,0.3,0.226300,37.0,6.413000,0.1,C=O,,[]
94,427.706065,0.3,0.020349,0.1,0.259800,56.5,10.401000,0.5,O1N=NN=N1,,[]
94,494.017501,0.4,0.015951,0.0,0.277000,65.5,10.398000,0.5,N#CC#N,,[]
94,551.957961,0.4,0.026540,0.3,0.206600,22.1,11.329000,0.7,O=CC#N,,[]
94,605.972721,0.6,0.025718,0.2,0.246900,48.9,13.622000,1.3,O=C1ON=NO1,,[]
94,612.158710,0.7,0.036943,1.1,0.155500,4.7,12.147000,0.8,O=CC=O,,[]
94,660.735473,0.8,0.028773,0.5,0.148500,3.3,18.268000,4.8,O=C1N=NON=N1,,[]
94,740.670140,1.3,0.025540,0.2,0.197700,16.9,16.955000,3.4,O=C(C#N)C#N,,[]
94,788.113621,1.8,0.051463,2.5,0.135500,1.3,14.117000,1.3,C1=NN=CN=N1,,[]
94,800.856456,1.9,0.035739,0.9,0.147500,2.9,18.042000,4.6,O=CC(=O)C#N,,[]
94,855.199404,2.5,0.045968,1.9,0.115100,0.4,18.951000,5.5,O=CC(=O)C=O,,[]
94,1051.290467,6.5,0.045232,1.8,0.116900,0.5,24.735000,18.1,O=CC(=O)C(=O)C#N,,[]
94,1108.489211,8.7,0.055740,3.5,0.098300,0.0,25.564000,21.3,O=CC(=O)C(=O)C=O,,[]
94,1324.122174,17.3,0.101065,20.1,0.082100,0.0,30.002000,47.4,NC=[NH+]C1=N[N-]C(=N)O1,,[]
94,1380.613087,20.6,0.100759,19.9,0.081400,0.0,30.409000,50.4,NC=[NH+]C1=NOC([O-])=C1,,[]
94,1392.890310,21.1,0.101131,20.1,0.102800,0.1,23.524000,14.3,O1C2C3C1C1N=C3OC21,,[]
94,1599.184049,33.4,0.126135,33.8,0.103500,0.1,23.509000,14.1,C1=C2C3C4C1C1C2C3N41,,[]
95,213.087785,0.0,0.021375,0.1,0.361500,98.8,6.002000,0.0,O,,[]
95,276.861573,0.1,0.034358,0.8,0.339900,96.4,6.316000,0.1,N,,[]
95,301.820762,0.1,0.016601,0.0,0.379600,99.3,6.278000,0.1,C#N,,[]
95,358.757206,0.1,0.026603,0.3,0.226300,37.0,6.413000,0.1,C=O,,[]
95,427.706065,0.3,0.020349,0.1,0.259800,56.5,10.401000,0.5,O1N=NN=N1,,[]
95,494.017501,0.4,0.015951,0.0,0.277000,65.4,10.398000,0.5,N#CC#N,,[]
95,551.957961,0.4,0.026540,0.3,0.206600,22.1,11.329000,0.7,O=CC#N,,[]
95,605.972721,0.6,0.025718,0.2,0.246900,48.9,13.622000,1.3,O=C1ON=NO1,,[]
95,612.158710,0.7,0.036943,1.1,0.155500,4.7,12.147000,0.8,O=CC=O,,[]
95,660.735473,0.8,0.028773,0.5,0.148500,3.3,18.268000,4.8,O=C1N=NON=N1,,[]
95,740.670140,1.3,0.025540,0.2,0.197700,16.9,16.955000,3.4,O=C(C#N)C#N,,[]
95,788.113621,1.7,0.051463,2.5,0.135500,1.3,14.117000,1.3,C1=NN=CN=N1,,[]
95,800.856456,1.9,0.035739,0.9,0.147500,2.9,18.042000,4.5,O=CC(=O)C#N,,[]
95,855.199404,2.5,0.045968,1.9,0.115100,0.4,18.951000,5.5,O=CC(=O)C=O,,[]
95,1051.290467,6.5,0.045232,1.8,0.116900,0.5,24.735000,18.0,O=CC(=O)C(=O)C#N,,[]
95,1108.489211,8.6,0.055740,3.4,0.098300,0.0,25.564000,21.3,O=CC(=O)C(=O)C=O,,[]
95,1324.122174,17.2,0.101065,20.0,0.082100,0.0,30.002000,47.3,NC=[NH+]C1=N[N-]C(=N)O1,,[]
95,1380.613087,20.5,0.100759,19.8,0.081400,0.0,30.409000,50.3,NC=[NH+]C1=NOC([O-])=C1,,[]
95,1392.890310,21.0,0.101131,20.0,0.102800,0.1,23.524000,14.2,O1C2C3C1C1N=C3OC21,,[]
95,1599.184049,33.3,0.126135,33.7,0.103500,0.1,23.509000,14.1,C1=C2C3C4C1C1C2C3N41,,[]
96,213.087785,0.0,0.021375,0.1,0.361500,98.8,6.002000,0.0,O,,[]
96,276.861573,0.1,0.034358,0.8,0.339900,96.4,6.316000,0.1,N,,[]
96,301.820762,0.1,0.016601,0.0,0.379600,99.3,6.278000,0.1,C#N,,[]
96,358.757206,0.1,0.026603,0.3,0.226300,37.0,6.413000,0.1,C=O,,[]
96,427.706065,0.3,0.020349,0.1,0.259800,56.5,10.401000,0.5,O1N=NN=N1,,[]
96,494.017501,0.4,0.015951,0.0,0.277000,65.4,10.398000,0.5,N#CC#N,,[]
96,551.957961,0.4,0.026540,0.3,0.206600,22.0,11.329000,0.7,O=CC#N,,[]
96,605.972721,0.6,0.025718,0.2,0.246900,48.9,13.622000,1.3,O=C1ON=NO1,,[]
96,612.158710,0.7,0.036943,1.1,0.155500,4.7,12.147000,0.8,O=CC=O,,[]
96,660.735473,0.8,0.028773,0.5,0.148500,3.2,18.268000,4.8,O=C1N=NON=N1,,[]
96,740.670140,1.3,0.025540,0.2,0.197700,16.8,16.955000,3.4,O=C(C#N)C#N,,[]
96,788.113621,1.7,0.051463,2.5,0.135500,1.3,14.117000,1.3,C1=NN=CN=N1,,[]
96,800.856456,1.9,0.035739,0.9,0.147500,2.9,18.042000,4.5,O=CC(=O)C#N,,[]
96,855.199404,2.5,0.045968,1.9,0.115100,0.4,18.951000,5.5,O=CC(=O)C=O,,[]
96,1051.290467,6.5,0.045232,1.8,0.116900,0.5,24.735000,17.9,O=CC(=O)C(=O)C#N,,[]
96,1108.489211,8.6,0.055740,3.4,0.098300,0.0,25.564000,21.2,O=CC(=O)C(=O)C=O,,[]
96,1324.122174,17.1,0.101065,19.9,0.082100,0.0,30.002000,47.3,NC=[NH+]C1=N[N-]C(=N)O1,,[]
96,1380.613087,20.3,0.100759,19.7,0.081400,0.0,30.409000,50.3,NC=[NH+]C1=NOC([O-])=C1,,[]
96,1392.890310,20.9,0.101131,19.9,0.102800,0.1,23.524000,14.2,O1C2C3C1C1N=C3OC21,,[]
96,1599.184049,33.3,0.126135,33.6,0.103500,0.1,23.509000,14.0,C1=C2C3C4C1C1C2C3N41,,[]
97,213.087785,0.0,0.021375,0.1,0.361500,98.8,6.002000,0.0,O,,[]
97,276.861573,0.1,0.034358,0.7,0.339900,96.4,6.316000,0.1,N,,[]
97,301.820762,0.1,0.016601,0.0,0.379600,99.3,6.278000,0.1,C#N,,[]
97,358.757206,0.1,0.026603,0.3,0.226300,36.9,6.413000,0.1,C=O,,[]
97,427.706065,0.3,0.020349,0.1,0.259800,56.4,10.401000,0.5,O1N=NN=N1,,[]
97,494.017501,0.4,0.015951,0.0,0.277000,65.3,10.398000,0.5,N#CC#N,,[]
97,551.957961,0.4,0.026540,0.3,0.206600,21.9,11.329000,0.7,O=CC#N,,[]
97,605.972721,0.6,0.025718,0.2,0.246900,48.8,13.622000,1.3,O=C1ON=NO1,,[]
97,612.158710,0.7,0.036943,1.0,0.155500,4.7,12.147000,0.8,O=CC=O,,[]
97,660.735473,0.8,0.028773,0.5,0.148500,3.2,18.268000,4.7,O=C1N=NON=N1,,[]
97,740.670140,1.3,0.025540,0.2,0.197700,16.7,16.955000,3.4,O=C(C#N)C#N,,[]
97,788.113621,1.7,0.051463,2.5,0.135500,1.3,14.117000,1.4,C1=NN=CN=N1,,[]
97,800.856456,1.9,0.035739,0.9,0.147500,2.9,18.042000,4.5,O=CC(=O)C#N,,[]
97,855.199404,2.5,0.045968,1.9,0.115100,0.4,18.951000,5.4,O=CC(=O)C=O,,[]
97,1051.290467,6.4,0.045232,1.8,0.116900,0.5,24.735000,17.8,O=CC(=O)C(=O)C#N,,[]
97,1108.489211,8.6,0.055740,3.4,0.098300,0.0,25.564000,21.0,O=CC(=O)C(=O)C=O,,[]
97,1324.122174,17.0,0.101065,19.8,0.082100,0.0,30.002000,47.1,NC=[NH+]C1=N[N-]C(=N)O1,,[]
97,1380.613087,20.2,0.100759,19.6,0.081400,0.0,30.409000,50.1,NC=[NH+]C1=NOC([O-])=C1,,[]
97,1392.890310,20.8,0.101131,19.8,0.102800,0.1,23.524000,14.1,O1C2C3C1C1N=C3OC21,,[]
97,1599.184049,33.1,0.126135,33.5,0.103500,0.1,23.509000,13.9,C1=C2C3C4C1C1C2C3N41,,[]
98,213.087785,0.0,0.021375,0.1,0.361500,98.8,6.002000,0.0,O,,[]
98,276.861573,0.1,0.034358,0.7,0.339900,96.4,6.316000,0.1,N,,[]
98,301.820762,0.1,0.016601,0.0,0.379600,99.3,6.278000,0.1,C#N,,[]
98,358.757206,0.1,0.026603,0.3,0.226300,36.8,6.413000,0.1,C=O,,[]
98,427.706065,0.3,0.020349,0.1,0.259800,56.3,10.401000,0.5,O1N=NN=N1,,[]
98,494.017501,0.4,0.015951,0.0,0.277000,65.3,10.398000,0.5,N#CC#N,,[]
98,551.957961,0.4,0.026540,0.3,0.206600,21.9,11.329000,0.7,O=CC#N,,[]
98,605.972721,0.6,0.025718,0.2,0.246900,48.7,13.622000,1.3,O=C1ON=NO1,,[]
98,612.158710,0.7,0.036943,1.0,0.155500,4.6,12.147000,0.8,O=CC=O,,[]
98,660.735473,0.8,0.028773,0.5,0.148500,3.2,18.268000,4.7,O=C1N=NON=N1,,[]
98,740.670140,1.3,0.025540,0.2,0.197700,16.6,16.955000,3.4,O=C(C#N)C#N,,[]
98,788.113621,1.7,0.051463,2.5,0.135500,1.3,14.117000,1.4,C1=NN=CN=N1,,[]
98,800.856456,1.9,0.035739,0.9,0.147500,2.9,18.042000,4.5,O=CC(=O)C#N,,[]
98,855.199404,2.5,0.045968,1.8,0.115100,0.4,18.951000,5.4,O=CC(=O)C=O,,[]
98,1051.290467,6.4,0.045232,1.7,0.116900,0.5,24.735000,17.8,O=CC(=O)C(=O)C#N,,[]
98,1108.489211,8.5,0.055740,3.4,0.098300,0.0,25.564000,21.0,O=CC(=O)C(=O)C=O,,[]
98,1324.122174,17.0,0.101065,19.7,0.082100,0.0,30.002000,47.1,NC=[NH+]C1=N[N-]C(=N)O1,,[]
98,1380.613087,20.1,0.100759,19.5,0.081400,0.0,30.409000,50.1,NC=[NH+]C1=NOC([O-])=C1,,[]
98,1392.890310,20.6,0.101131,19.7,0.102800,0.1,23.524000,14.1,O1C2C3C1C1N=C3OC21,,[]
98,1599.184049,33.0,0.126135,33.4,0.103500,0.1,23.509000,13.9,C1=C2C3C4C1C1C2C3N41,,[]
99,213.087785,0.0,0.021375,0.1,0.361500,98.8,6.002000,0.0,O,,[]
99,276.861573,0.1,0.034358,0.8,0.339900,96.4,6.316000,0.1,N,,[]
99,301.820762,0.1,0.016601,0.0,0.379600,99.3,6.278000,0.1,C#N,,[]
99,358.757206,0.2,0.026603,0.4,0.226300,36.8,6.413000,0.2,C=O,,[]
99,427.706065,0.3,0.020349,0.1,0.259800,56.3,10.401000,0.5,O1N=NN=N1,,[]
99,494.017501,0.4,0.015951,0.0,0.277000,65.3,10.398000,0.5,N#CC#N,,[]
99,551.957961,0.4,0.026540,0.3,0.206600,21.9,11.329000,0.7,O=CC#N,,[]
99,605.972721,0.6,0.025718,0.3,0.246900,48.7,13.622000,1.3,O=C1ON=NO1,,[]
99,612.158710,0.7,0.036943,1.1,0.155500,4.7,12.147000,0.8,O=CC=O,,[]
99,660.735473,0.8,0.028773,0.5,0.148500,3.2,18.268000,4.7,O=C1N=NON=N1,,[]
99,740.670140,1.3,0.025540,0.2,0.197700,16.7,16.955000,3.4,O=C(C#N)C#N,,[]
99,788.113621,1.7,0.051463,2.5,0.135500,1.3,14.117000,1.4,C1=NN=CN=N1,,[]
99,800.856456,1.9,0.035739,0.9,0.147500,2.9,18.042000,4.5,O=CC(=O)C#N,,[]
99,855.199404,2.5,0.045968,1.8,0.115100,0.4,18.951000,5.4,O=CC(=O)C=O,,[]
99,1051.290467,6.4,0.045232,1.7,0.116900,0.5,24.735000,17.7,O=CC(=O)C(=O)C#N,,[]
99,1108.489211,8.5,0.055740,3.4,0.098300,0.0,25.564000,20.9,O=CC(=O)C(=O)C=O,,[]
99,1324.122174,16.9,0.101065,19.6,0.082100,0.0,30.002000,47.1,NC=[NH+]C1=N[N-]C(=N)O1,,[]
99,1380.613087,20.1,0.100759,19.4,0.081400,0.0,30.409000,50.1,NC=[NH+]C1=NOC([O-])=C1,,[]
99,1392.890310,20.6,0.101131,19.6,0.102800,0.1,23.524000,14.0,O1C2C3C1C1N=C3OC21,,[]
99,1599.184049,33.0,0.126135,33.4,0.103500,0.1,23.509000,13.8,C1=C2C3C4C1C1C2C3N41,,[]
100,213.087785,0.0,0.021375,0.1,0.361500,98.8,6.002000,0.0,O,,[]
100,276.861573,0.1,0.034358,0.8,0.339900,96.4,6.316000,0.1,N,,[]
100,301.820762,0.1,0.016601,0.0,0.379600,99.3,6.278000,0.1,C#N,,[]
100,358.757206,0.2,0.026603,0.4,0.226300,36.7,6.413000,0.2,C=O,,[]
100,427.706065,0.3,0.020349,0.1,0.259800,56.2,10.401000,0.5,O1N=NN=N1,,[]
100,494.017501,0.4,0.015951,0.0,0.277000,65.2,10.398000,0.5,N#CC#N,,[]
100,551.957961,0.4,0.026540,0.3,0.206600,21.8,11.329000,0.7,O=CC#N,,[]
100,605.972721,0.6,0.025718,0.3,0.246900,48.6,13.622000,1.3,O=C1ON=NO1,,[]
100,612.158710,0.7,0.036943,1.1,0.155500,4.7,12.147000,0.8,O=CC=O,,[]
100,660.735473,0.8,0.028773,0.5,0.148500,3.2,18.268000,4.7,O=C1N=NON=N1,,[]
100,740.670140,1.3,0.025540,0.2,0.197700,16.6,16.955000,3.4,O=C(C#N)C#N,,[]
100,788.113621,1.7,0.051463,2.5,0.135500,1.3,14.117000,1.3,C1=NN=CN=N1,,[]
100,800.856456,1.9,0.035739,0.9,0.147500,2.9,18.042000,4.5,O=CC(=O)C#N,,[]
100,855.199404,2.5,0.045968,1.8,0.115100,0.4,18.951000,5.4,O=CC(=O)C=O,,[]
100,1051.290467,6.4,0.045232,1.7,0.116900,0.5,24.735000,17.7,O=CC(=O)C(=O)C#N,,[]
100,1108.489211,8.5,0.055740,3.4,0.098300,0.0,25.564000,20.8,O=CC(=O)C(=O)C=O,,[]
100,1324.122174,16.8,0.101065,19.5,0.082100,0.0,30.002000,47.0,NC=[NH+]C1=N[N-]C(=N)O1,,[]
100,1380.613087,20.0,0.100759,19.3,0.081400,0.0,30.409000,50.0,NC=[NH+]C1=NOC([O-])=C1,,[]
100,1392.890310,20.5,0.101131,19.6,0.102800,0.1,23.524000,14.0,O1C2C3C1C1N=C3OC21,,[]
100,1599.184049,32.8,0.126135,33.2,0.103500,0.1,23.509000,13.8,C1=C2C3C4C1C1C2C3N41,,[]
101,213.087785,0.0,0.021375,0.1,0.361500,98.8,6.002000,0.0,O,,[]
101,276.861573,0.1,0.034358,0.8,0.339900,96.4,6.316000,0.1,N,,[]
101,301.820762,0.1,0.016601,0.0,0.379600,99.3,6.278000,0.1,C#N,,[]
101,358.757206,0.1,0.026603,0.3,0.226300,36.7,6.413000,0.1,C=O,,[]
101,427.706065,0.3,0.020349,0.1,0.259800,56.2,10.401000,0.5,O1N=NN=N1,,[]
101,494.017501,0.4,0.015951,0.0,0.277000,65.2,10.398000,0.5,N#CC#N,,[]
101,551.957961,0.4,0.026540,0.3,0.206600,21.8,11.329000,0.7,O=CC#N,,[]
101,605.972721,0.6,0.025718,0.2,0.246900,48.6,13.622000,1.3,O=C1ON=NO1,,[]
101,612.158710,0.7,0.036943,1.0,0.155500,4.7,12.147000,0.8,O=CC=O,,[]
101,660.735473,0.8,0.028773,0.5,0.148500,3.2,18.268000,4.7,O=C1N=NON=N1,,[]
101,740.670140,1.3,0.025540,0.2,0.197700,16.6,16.955000,3.4,O=C(C#N)C#N,,[]
101,788.113621,1.7,0.051463,2.5,0.135500,1.3,14.117000,1.3,C1=NN=CN=N1,,[]
101,800.856456,1.9,0.035739,0.9,0.147500,2.9,18.042000,4.5,O=CC(=O)C#N,,[]
101,855.199404,2.4,0.045968,1.9,0.115100,0.4,18.951000,5.4,O=CC(=O)C=O,,[]
101,1051.290467,6.4,0.045232,1.7,0.116900,0.5,24.735000,17.6,O=CC(=O)C(=O)C#N,,[]
101,1108.489211,8.4,0.055740,3.4,0.098300,0.0,25.564000,20.8,O=CC(=O)C(=O)C=O,,[]
101,1324.122174,16.7,0.101065,19.5,0.082100,0.0,30.002000,46.9,NC=[NH+]C1=N[N-]C(=N)O1,,[]
101,1380.613087,19.9,0.100759,19.3,0.081400,0.0,30.409000,49.9,NC=[NH+]C1=NOC([O-])=C1,,[]
101,1392.890310,20.4,0.101131,19.5,0.102800,0.1,23.524000,13.9,O1C2C3C1C1N=C3OC21,,[]
101,1599.184049,32.8,0.126135,33.2,0.103500,0.1,23.509000,13.7,C1=C2C3C4C1C1C2C3N41,,[]
