generation,E_at,E_at_percentile,zvpe,zvpe_percentile,e_gap,e_gap_percentile,C_v,C_v_percentile,SMILES,coordList,functionalization
1,1217.320061,0.0,0.103211,8.0,0.229700,40.0,24.268000,0.0,CC1=C(N)NN=N1,,[]
1,1310.743672,2.0,0.077297,0.0,0.190200,4.0,26.322000,4.0,O=C(C#C)N1C=CN=N1,,[]
1,1350.033923,4.0,0.101295,4.0,0.162200,0.0,28.325000,20.0,CNC1=NN(C=O)N=N1,,[]
1,1380.487585,8.0,0.096143,2.0,0.178600,2.0,25.675000,2.0,OC1=CN(C=O)C=C1,,[]
2,901.820848,0.0,0.064276,0.0,0.242100,40.0,16.736000,0.0,O=C1NC=NN1,,[]
2,1115.305219,1.3,0.073164,0.7,0.221000,24.0,22.249000,1.3,O=CNC1=NON=C1,,[]
2,1268.531110,2.7,0.081350,2.0,0.199300,10.0,24.579000,3.3,O=CC12OC1CC2=O,,[]
2,1310.743672,3.3,0.077297,1.3,0.190200,6.7,26.322000,8.0,O=C(C#C)N1C=CN=N1,,[]
2,1350.033923,4.7,0.101295,6.0,0.162200,1.3,28.325000,19.3,CNC1=NN(C=O)N=N1,,[]
2,1361.709364,6.0,0.111761,12.0,0.178800,4.7,27.651000,14.7,CCC(=O)C(N)=O,,[]
2,1367.712747,7.3,0.099763,5.3,0.170400,2.0,28.877000,24.7,COC1=CN=NOC1=N,,[]
2,1380.487585,8.0,0.096143,4.0,0.178600,4.0,25.675000,6.7,OC1=CN(C=O)C=C1,,[]
2,1604.419988,22.0,0.125128,19.3,0.148100,0.0,30.731000,42.7,CNC1=CNC(C=O)=N1,,[]
3,901.820848,0.0,0.064276,0.4,0.242100,39.6,16.736000,0.0,O=C1NC=NN1,,[]
3,1103.042429,0.8,0.052646,0.0,0.190300,6.8,25.291000,4.8,OC1=NOC(=O)C(=O)O1,,[]
3,1115.305219,1.2,0.073164,1.6,0.221000,23.2,22.249000,0.8,O=CNC1=NON=C1,,[]
3,1168.680547,1.6,0.072288,1.2,0.236600,38.4,22.850000,1.2,N#CCC1=CN=NO1,,[]
3,1268.531110,2.8,0.081350,2.8,0.199300,8.8,24.579000,3.2,O=CC12OC1CC2=O,,[]
3,1310.743672,3.2,0.077297,2.4,0.190200,6.4,26.322000,7.6,O=C(C#C)N1C=CN=N1,,[]
3,1350.033923,4.0,0.101295,6.4,0.162200,1.6,28.325000,18.0,CNC1=NN(C=O)N=N1,,[]
3,1361.709364,4.8,0.111761,10.8,0.178800,4.4,27.651000,12.4,CCC(=O)C(N)=O,,[]
3,1367.712747,5.6,0.099763,5.6,0.170400,2.4,28.877000,22.4,COC1=CN=NOC1=N,,[]
3,1380.487585,6.8,0.096143,4.0,0.178600,4.0,25.675000,6.8,OC1=CN(C=O)C=C1,,[]
3,1479.339780,12.0,0.114826,14.0,0.158000,0.4,31.222000,46.8,NC1=CC(=N)NN=C1O,,[]
3,1604.419988,24.4,0.125128,20.4,0.148100,0.0,30.731000,41.6,CNC1=CNC(C=O)=N1,,[]
4,901.820848,0.0,0.064276,0.3,0.242100,40.6,16.736000,0.0,O=C1NC=NN1,,[]
4,1103.042429,0.9,0.052646,0.0,0.190300,6.6,25.291000,6.6,OC1=NOC(=O)C(=O)O1,,[]
4,1110.789661,1.1,0.066388,0.9,0.142700,0.0,23.317000,1.7,O=N(=O)C1=CN=NC=N1,,[]
4,1115.305219,1.4,0.073164,1.4,0.221000,23.1,22.249000,0.9,O=CNC1=NON=C1,,[]
4,1168.680547,1.7,0.072288,1.1,0.236600,38.9,22.850000,1.4,N#CCC1=CN=NO1,,[]
4,1289.845724,3.4,0.098699,6.3,0.227100,29.7,22.235000,0.6,C1CC2=C(NN=N2)O1,,[]
5,901.820848,0.0,0.064276,0.2,0.242100,40.9,16.736000,0.0,O=C1NC=NN1,,[]
5,1103.042429,0.9,0.052646,0.0,0.190300,7.6,25.291000,6.4,OC1=NOC(=O)C(=O)O1,,[]
5,1110.789661,1.1,0.066388,0.7,0.142700,0.0,23.317000,2.0,O=N(=O)C1=CN=NC=N1,,[]
5,1115.305219,1.3,0.073164,1.3,0.221000,24.4,22.249000,1.1,O=CNC1=NON=C1,,[]
5,1168.680547,1.6,0.072288,1.1,0.236600,38.7,22.850000,1.8,N#CCC1=CN=NO1,,[]
5,1242.728548,2.7,0.086283,3.8,0.167200,2.2,22.483000,1.3,N=C1C=NC=NC=N1,,[]
5,1289.845724,3.3,0.098699,6.7,0.227100,30.4,22.235000,0.7,C1CC2=C(NN=N2)O1,,[]
6,901.820848,0.0,0.064276,0.2,0.242100,42.0,16.736000,0.0,O=C1NC=NN1,,[]
6,1103.042429,0.7,0.052646,0.0,0.190300,8.4,25.291000,6.4,OC1=NOC(=O)C(=O)O1,,[]
6,1110.789661,0.9,0.066388,0.7,0.142700,0.2,23.317000,2.0,O=N(=O)C1=CN=NC=N1,,[]
6,1115.305219,1.1,0.073164,1.5,0.221000,26.2,22.249000,1.1,O=CNC1=NON=C1,,[]
6,1155.049159,1.3,0.068631,0.9,0.220000,24.7,22.707000,1.5,OC1=NN2C=NOC2=N1,,[]
6,1240.162661,2.4,0.064439,0.4,0.181200,6.0,26.042000,9.1,O=CC1=NC(=NO1)C#C,,[]
6,1242.728548,2.7,0.086283,4.2,0.167200,2.7,22.483000,1.3,N=C1C=NC=NC=N1,,[]
6,1289.845724,3.3,0.098699,7.1,0.227100,31.8,22.235000,0.7,C1CC2=C(NN=N2)O1,,[]
6,1299.853245,4.0,0.083182,3.5,0.173800,4.0,21.627000,0.4,N1C=NC2=NC=NC2=N1,,[]
6,1380.919311,7.6,0.089055,4.5,0.141900,0.0,26.812000,11.5,N=C1ON=CC=C1C=O,,[]
7,901.820848,0.0,0.064276,0.2,0.242100,43.2,16.736000,0.0,O=C1NC=NN1,,[]
7,1103.042429,0.6,0.052646,0.0,0.190300,8.2,25.291000,5.8,OC1=NOC(=O)C(=O)O1,,[]
7,1110.789661,0.8,0.066388,0.8,0.142700,0.2,23.317000,2.0,O=N(=O)C1=CN=NC=N1,,[]
7,1115.305219,0.9,0.073164,1.7,0.221000,26.5,22.249000,1.1,O=CNC1=NON=C1,,[]
7,1155.049159,1.1,0.068631,0.9,0.220000,25.1,22.707000,1.4,OC1=NN2C=NOC2=N1,,[]
7,1160.067352,1.2,0.080965,3.2,0.200300,11.1,19.679000,0.3,O=CC1=CC=NN1,,[]
7,1240.162661,2.2,0.064439,0.3,0.181200,5.7,26.042000,8.6,O=CC1=NC(=NO1)C#C,,[]
7,1242.728548,2.5,0.086283,4.3,0.167200,2.6,22.483000,1.2,N=C1C=NC=NC=N1,,[]
7,1299.853245,4.2,0.083182,3.7,0.173800,3.7,21.627000,0.5,N1C=NC2=NC=NC2=N1,,[]
7,1380.919311,7.4,0.089055,4.6,0.141900,0.0,26.812000,11.4,N=C1ON=CC=C1C=O,,[]
8,901.820848,0.0,0.064276,0.1,0.242100,42.5,16.736000,0.0,O=C1NC=NN1,,[]
8,1103.042429,0.5,0.052646,0.0,0.190300,8.0,25.291000,5.6,OC1=NOC(=O)C(=O)O1,,[]
8,1110.789661,0.7,0.066388,0.7,0.142700,0.3,23.317000,1.9,O=N(=O)C1=CN=NC=N1,,[]
8,1115.305219,0.8,0.073164,1.5,0.221000,26.3,22.249000,1.1,O=CNC1=NON=C1,,[]
8,1155.049159,0.9,0.068631,0.8,0.220000,24.9,22.707000,1.3,OC1=NN2C=NOC2=N1,,[]
8,1160.067352,1.1,0.080965,2.9,0.200300,11.1,19.679000,0.3,O=CC1=CC=NN1,,[]
8,1204.246529,1.5,0.074087,1.6,0.203500,12.7,21.909000,0.5,FC1=NC=CC(=O)N1,,[]
8,1240.162661,2.0,0.064439,0.3,0.181200,5.5,26.042000,8.3,O=CC1=NC(=NO1)C#C,,[]
8,1242.728548,2.3,0.086283,4.0,0.167200,2.5,22.483000,1.2,N=C1C=NC=NC=N1,,[]
8,1299.853245,3.9,0.083182,3.3,0.173800,3.6,21.627000,0.4,N1C=NC2=NC=NC2=N1,,[]
8,1380.919311,6.8,0.089055,4.3,0.141900,0.1,26.812000,11.2,N=C1ON=CC=C1C=O,,[]
8,1468.365267,12.0,0.103828,10.0,0.133400,0.0,26.847000,11.5,N=C1NC=CN=CC1=O,,[]
9,901.820848,0.0,0.064276,0.1,0.242100,43.3,16.736000,0.0,O=C1NC=NN1,,[]
9,1103.042429,0.5,0.052646,0.0,0.190300,8.5,25.291000,5.2,OC1=NOC(=O)C(=O)O1,,[]
9,1110.789661,0.6,0.066388,0.6,0.142700,0.2,23.317000,1.6,O=N(=O)C1=CN=NC=N1,,[]
9,1115.305219,0.7,0.073164,1.3,0.221000,26.7,22.249000,0.9,O=CNC1=NON=C1,,[]
9,1155.049159,0.8,0.068631,0.7,0.220000,25.2,22.707000,1.2,OC1=NN2C=NOC2=N1,,[]
9,1160.067352,0.9,0.080965,2.7,0.200300,11.6,19.679000,0.2,O=CC1=CC=NN1,,[]
9,1204.246529,1.3,0.074087,1.4,0.203500,13.2,21.909000,0.5,FC1=NC=CC(=O)N1,,[]
9,1240.162661,1.8,0.064439,0.2,0.181200,5.9,26.042000,7.9,O=CC1=NC(=NO1)C#C,,[]
9,1242.728548,2.0,0.086283,3.6,0.167200,2.5,22.483000,1.1,N=C1C=NC=NC=N1,,[]
9,1299.853245,3.6,0.083182,3.1,0.173800,3.9,21.627000,0.4,N1C=NC2=NC=NC2=N1,,[]
9,1380.919311,6.6,0.089055,4.0,0.141900,0.1,26.812000,10.9,N=C1ON=CC=C1C=O,,[]
9,1468.365267,11.5,0.103828,9.6,0.133400,0.0,26.847000,11.2,N=C1NC=CN=CC1=O,,[]
10,901.820848,0.0,0.064276,0.1,0.242100,42.8,16.736000,0.0,O=C1NC=NN1,,[]
10,1103.042429,0.5,0.052646,0.0,0.190300,8.4,25.291000,5.2,OC1=NOC(=O)C(=O)O1,,[]
10,1110.789661,0.6,0.066388,0.5,0.142700,0.2,23.317000,1.7,O=N(=O)C1=CN=NC=N1,,[]
10,1115.305219,0.7,0.073164,1.2,0.221000,26.4,22.249000,0.9,O=CNC1=NON=C1,,[]
10,1155.049159,0.8,0.068631,0.6,0.220000,25.1,22.707000,1.2,OC1=NN2C=NOC2=N1,,[]
10,1160.067352,0.9,0.080965,2.6,0.200300,11.8,19.679000,0.2,O=CC1=CC=NN1,,[]
10,1204.246529,1.3,0.074087,1.3,0.203500,13.3,21.909000,0.5,FC1=NC=CC(=O)N1,,[]
10,1240.162661,1.7,0.064439,0.2,0.181200,6.0,26.042000,7.7,O=CC1=NC(=NO1)C#C,,[]
10,1242.728548,1.9,0.086283,3.5,0.167200,2.3,22.483000,1.1,N=C1C=NC=NC=N1,,[]
10,1299.853245,3.6,0.083182,2.9,0.173800,3.9,21.627000,0.4,N1C=NC2=NC=NC2=N1,,[]
10,1380.919311,6.5,0.089055,4.0,0.141900,0.1,26.812000,10.7,N=C1ON=CC=C1C=O,,[]
10,1468.365267,11.4,0.103828,9.4,0.133400,0.0,26.847000,10.9,N=C1NC=CN=CC1=O,,[]
11,901.820848,0.0,0.064276,0.1,0.242100,43.4,16.736000,0.0,O=C1NC=NN1,,[]
11,1103.042429,0.5,0.052646,0.0,0.190300,8.5,25.291000,5.2,OC1=NOC(=O)C(=O)O1,,[]
11,1110.789661,0.6,0.066388,0.5,0.142700,0.3,23.317000,1.6,O=N(=O)C1=CN=NC=N1,,[]
11,1115.305219,0.7,0.073164,1.0,0.221000,27.0,22.249000,0.9,O=CNC1=NON=C1,,[]
11,1155.049159,0.8,0.068631,0.6,0.220000,25.7,22.707000,1.0,OC1=NN2C=NOC2=N1,,[]
11,1160.067352,0.9,0.080965,2.5,0.200300,11.8,19.679000,0.2,O=CC1=CC=NN1,,[]
11,1204.246529,1.1,0.074087,1.1,0.203500,13.3,21.909000,0.5,FC1=NC=CC(=O)N1,,[]
11,1240.162661,1.5,0.064439,0.2,0.181200,6.0,26.042000,7.7,O=CC1=NC(=NO1)C#C,,[]
11,1242.728548,1.7,0.086283,3.2,0.167200,2.4,22.483000,1.0,N=C1C=NC=NC=N1,,[]
11,1299.853245,3.2,0.083182,2.8,0.173800,4.1,21.627000,0.4,N1C=NC2=NC=NC2=N1,,[]
11,1380.919311,6.4,0.089055,3.7,0.141900,0.2,26.812000,11.0,N=C1ON=CC=C1C=O,,[]
11,1426.734406,8.5,0.135678,33.4,0.138300,0.1,29.041000,26.7,CC(C[NH3+])C([O-])=O,,[]
11,1468.365267,11.7,0.103828,9.4,0.133400,0.0,26.847000,11.1,N=C1NC=CN=CC1=O,,[]
12,901.820848,0.0,0.064276,0.2,0.242100,42.7,16.736000,0.0,O=C1NC=NN1,,[]
12,1023.799905,0.3,0.051185,0.0,0.161600,1.7,25.222000,4.7,FC1=C(F)C(=N)ON=N1,,[]
12,1083.162928,0.5,0.067764,0.6,0.177400,4.8,24.115000,2.3,NC1=NN2N=NOC2=N1,,[]
12,1110.789661,0.8,0.066388,0.5,0.142700,0.3,23.317000,1.6,O=N(=O)C1=CN=NC=N1,,[]
12,1115.305219,0.9,0.073164,1.1,0.221000,26.3,22.249000,0.9,O=CNC1=NON=C1,,[]
12,1155.049159,1.0,0.068631,0.7,0.220000,25.2,22.707000,1.0,OC1=NN2C=NOC2=N1,,[]
12,1160.067352,1.0,0.080965,2.5,0.200300,11.7,19.679000,0.3,O=CC1=CC=NN1,,[]
12,1204.246529,1.3,0.074087,1.2,0.203500,13.3,21.909000,0.5,FC1=NC=CC(=O)N1,,[]
12,1242.728548,1.8,0.086283,3.2,0.167200,2.3,22.483000,1.0,N=C1C=NC=NC=N1,,[]
12,1299.853245,3.2,0.083182,2.8,0.173800,4.0,21.627000,0.4,N1C=NC2=NC=NC2=N1,,[]
12,1380.919311,6.3,0.089055,3.7,0.141900,0.2,26.812000,10.5,N=C1ON=CC=C1C=O,,[]
12,1426.734406,8.3,0.135678,33.0,0.138300,0.1,29.041000,26.4,CC(C[NH3+])C([O-])=O,,[]
12,1468.365267,11.4,0.103828,9.4,0.133400,0.0,26.847000,10.7,N=C1NC=CN=CC1=O,,[]
13,901.820848,0.0,0.064276,0.2,0.242100,42.7,16.736000,0.0,O=C1NC=NN1,,[]
13,1023.799905,0.2,0.051185,0.0,0.161600,1.8,25.222000,5.0,FC1=C(F)C(=N)ON=N1,,[]
13,1083.162928,0.5,0.067764,0.6,0.177400,5.0,24.115000,2.6,NC1=NN2N=NOC2=N1,,[]
13,1110.789661,0.7,0.066388,0.6,0.142700,0.2,23.317000,1.7,O=N(=O)C1=CN=NC=N1,,[]
13,1115.305219,0.8,0.073164,1.1,0.221000,26.4,22.249000,0.8,O=CNC1=NON=C1,,[]
13,1137.036499,0.9,0.052971,0.2,0.159200,1.1,24.934000,4.4,O=C1ON=NC(=C1)C#N,,[]
13,1155.049159,1.0,0.068631,0.7,0.220000,25.3,22.707000,1.1,OC1=NN2C=NOC2=N1,,[]
13,1160.067352,1.0,0.080965,2.5,0.200300,11.8,19.679000,0.2,O=CC1=CC=NN1,,[]
13,1189.710272,1.3,0.073433,1.2,0.167100,2.6,22.351000,0.9,FC1=CNC(=O)N=C1,,[]
13,1204.246529,1.4,0.074087,1.3,0.203500,13.4,21.909000,0.5,FC1=NC=CC(=O)N1,,[]
13,1299.853245,3.2,0.083182,2.7,0.173800,4.2,21.627000,0.4,N1C=NC2=NC=NC2=N1,,[]
13,1380.919311,6.2,0.089055,3.7,0.141900,0.2,26.812000,10.6,N=C1ON=CC=C1C=O,,[]
13,1426.734406,8.2,0.135678,32.6,0.138300,0.1,29.041000,26.6,CC(C[NH3+])C([O-])=O,,[]
13,1468.365267,11.2,0.103828,9.3,0.133400,0.0,26.847000,10.9,N=C1NC=CN=CC1=O,,[]
14,901.820848,0.0,0.064276,0.2,0.242100,43.4,16.736000,0.0,O=C1NC=NN1,,[]
14,1004.244827,0.2,0.067602,0.7,0.159400,1.3,19.151000,0.2,N=C1ON=CC=N1,,[]
14,1023.799905,0.3,0.051185,0.0,0.161600,2.1,25.222000,5.2,FC1=C(F)C(=N)ON=N1,,[]
14,1110.789661,0.8,0.066388,0.6,0.142700,0.3,23.317000,1.8,O=N(=O)C1=CN=NC=N1,,[]
14,1137.036499,1.0,0.052971,0.1,0.159200,1.3,24.934000,4.5,O=C1ON=NC(=C1)C#N,,[]
14,1380.919311,6.4,0.089055,3.8,0.141900,0.2,26.812000,10.6,N=C1ON=CC=C1C=O,,[]
14,1426.734406,8.5,0.135678,33.0,0.138300,0.1,29.041000,26.8,CC(C[NH3+])C([O-])=O,,[]
14,1468.365267,11.5,0.103828,9.4,0.133400,0.0,26.847000,10.9,N=C1NC=CN=CC1=O,,[]
15,901.820848,0.0,0.064276,0.3,0.242100,43.3,16.736000,0.0,O=C1NC=NN1,,[]
15,1004.244827,0.2,0.067602,0.7,0.159400,1.4,19.151000,0.2,N=C1ON=CC=N1,,[]
15,1023.799905,0.3,0.051185,0.0,0.161600,2.2,25.222000,5.3,FC1=C(F)C(=N)ON=N1,,[]
15,1045.742028,0.3,0.060138,0.2,0.145000,0.4,21.190000,0.5,O=CC1=NC=NN=N1,,[]
15,1110.789661,0.8,0.066388,0.6,0.142700,0.3,23.317000,1.8,O=N(=O)C1=CN=NC=N1,,[]
15,1137.036499,1.0,0.052971,0.1,0.159200,1.4,24.934000,4.7,O=C1ON=NC(=C1)C#N,,[]
15,1380.919311,6.4,0.089055,3.7,0.141900,0.2,26.812000,10.9,N=C1ON=CC=C1C=O,,[]
15,1426.734406,8.5,0.135678,33.3,0.138300,0.1,29.041000,26.8,CC(C[NH3+])C([O-])=O,,[]
15,1468.365267,11.3,0.103828,9.2,0.133400,0.0,26.847000,11.2,N=C1NC=CN=CC1=O,,[]
16,901.820848,0.0,0.064276,0.3,0.242100,43.3,16.736000,0.0,O=C1NC=NN1,,[]
16,1004.244827,0.2,0.067602,0.6,0.159400,1.4,19.151000,0.2,N=C1ON=CC=N1,,[]
16,1023.799905,0.3,0.051185,0.0,0.161600,2.3,25.222000,5.2,FC1=C(F)C(=N)ON=N1,,[]
16,1045.742028,0.3,0.060138,0.2,0.145000,0.4,21.190000,0.5,O=CC1=NC=NN=N1,,[]
16,1110.789661,0.8,0.066388,0.6,0.142700,0.3,23.317000,1.8,O=N(=O)C1=CN=NC=N1,,[]
16,1137.036499,0.9,0.052971,0.1,0.159200,1.4,24.934000,4.6,O=C1ON=NC(=C1)C#N,,[]
16,1380.919311,6.4,0.089055,3.7,0.141900,0.2,26.812000,10.8,N=C1ON=CC=C1C=O,,[]
16,1426.734406,8.6,0.135678,33.0,0.138300,0.1,29.041000,26.4,CC(C[NH3+])C([O-])=O,,[]
16,1468.365267,11.4,0.103828,9.4,0.133400,0.0,26.847000,11.1,N=C1NC=CN=CC1=O,,[]
17,901.820848,0.0,0.064276,0.4,0.242100,43.6,16.736000,0.0,O=C1NC=NN1,,[]
17,950.085112,0.2,0.058452,0.2,0.222900,28.7,22.920000,1.6,N=C1ON=NOC1=N,,[]
17,1004.244827,0.2,0.067602,0.7,0.159400,1.3,19.151000,0.2,N=C1ON=CC=N1,,[]
17,1023.799905,0.3,0.051185,0.0,0.161600,2.1,25.222000,5.1,FC1=C(F)C(=N)ON=N1,,[]
17,1045.742028,0.4,0.060138,0.2,0.145000,0.4,21.190000,0.5,O=CC1=NC=NN=N1,,[]
17,1110.789661,0.8,0.066388,0.7,0.142700,0.2,23.317000,1.8,O=N(=O)C1=CN=NC=N1,,[]
17,1137.036499,0.9,0.052971,0.1,0.159200,1.3,24.934000,4.5,O=C1ON=NC(=C1)C#N,,[]
17,1380.919311,6.3,0.089055,3.7,0.141900,0.2,26.812000,10.6,N=C1ON=CC=C1C=O,,[]
17,1426.734406,8.4,0.135678,32.8,0.138300,0.1,29.041000,25.8,CC(C[NH3+])C([O-])=O,,[]
17,1468.365267,11.3,0.103828,9.2,0.133400,0.0,26.847000,11.0,N=C1NC=CN=CC1=O,,[]
18,901.820848,0.0,0.064276,0.3,0.242100,43.4,16.736000,0.0,O=C1NC=NN1,,[]
18,950.085112,0.2,0.058452,0.2,0.222900,28.6,22.920000,1.5,N=C1ON=NOC1=N,,[]
18,1004.244827,0.2,0.067602,0.7,0.159400,1.3,19.151000,0.2,N=C1ON=CC=N1,,[]
18,1023.799905,0.3,0.051185,0.0,0.161600,2.1,25.222000,5.1,FC1=C(F)C(=N)ON=N1,,[]
18,1045.742028,0.3,0.060138,0.2,0.145000,0.3,21.190000,0.5,O=CC1=NC=NN=N1,,[]
18,1110.789661,0.7,0.066388,0.6,0.142700,0.2,23.317000,1.8,O=N(=O)C1=CN=NC=N1,,[]
18,1137.036499,0.9,0.052971,0.1,0.159200,1.2,24.934000,4.6,O=C1ON=NC(=C1)C#N,,[]
18,1380.919311,6.1,0.089055,3.5,0.141900,0.2,26.812000,10.6,N=C1ON=CC=C1C=O,,[]
18,1426.734406,8.1,0.135678,32.8,0.138300,0.1,29.041000,26.0,CC(C[NH3+])C([O-])=O,,[]
18,1468.365267,11.1,0.103828,9.0,0.133400,0.0,26.847000,10.9,N=C1NC=CN=CC1=O,,[]
19,901.820848,0.0,0.064276,0.4,0.242100,43.2,16.736000,0.0,O=C1NC=NN1,,[]
19,950.085112,0.2,0.058452,0.2,0.222900,28.4,22.920000,1.6,N=C1ON=NOC1=N,,[]
19,1004.244827,0.2,0.067602,0.8,0.159400,1.3,19.151000,0.2,N=C1ON=CC=N1,,[]
19,1009.222232,0.3,0.049066,0.0,0.217900,23.7,20.133000,0.3,FC1=NC(=O)N=CO1,,[]
19,1023.799905,0.3,0.051185,0.1,0.161600,2.1,25.222000,5.1,FC1=C(F)C(=N)ON=N1,,[]
19,1045.742028,0.4,0.060138,0.3,0.145000,0.3,21.190000,0.5,O=CC1=NC=NN=N1,,[]
19,1110.789661,0.8,0.066388,0.6,0.142700,0.2,23.317000,1.8,O=N(=O)C1=CN=NC=N1,,[]
19,1137.036499,0.9,0.052971,0.2,0.159200,1.2,24.934000,4.6,O=C1ON=NC(=C1)C#N,,[]
19,1380.919311,6.0,0.089055,3.5,0.141900,0.2,26.812000,10.7,N=C1ON=CC=C1C=O,,[]
19,1426.734406,8.1,0.135678,33.0,0.138300,0.1,29.041000,25.9,CC(C[NH3+])C([O-])=O,,[]
19,1468.365267,11.0,0.103828,8.9,0.133400,0.0,26.847000,11.0,N=C1NC=CN=CC1=O,,[]
20,724.694376,0.0,0.033373,0.0,0.318800,91.5,18.453000,0.1,FC(F)(F)C#C,,[]
20,901.820848,0.1,0.064276,0.4,0.242100,43.1,16.736000,0.0,O=C1NC=NN1,,[]
20,950.085112,0.2,0.058452,0.3,0.222900,28.5,22.920000,1.5,N=C1ON=NOC1=N,,[]
20,1004.244827,0.3,0.067602,0.8,0.159400,1.3,19.151000,0.2,N=C1ON=CC=N1,,[]
20,1009.222232,0.3,0.049066,0.1,0.217900,24.0,20.133000,0.3,FC1=NC(=O)N=CO1,,[]
20,1023.799905,0.4,0.051185,0.1,0.161600,2.1,25.222000,5.2,FC1=C(F)C(=N)ON=N1,,[]
20,1045.742028,0.4,0.060138,0.3,0.145000,0.3,21.190000,0.5,O=CC1=NC=NN=N1,,[]
20,1110.789661,0.8,0.066388,0.7,0.142700,0.2,23.317000,1.8,O=N(=O)C1=CN=NC=N1,,[]
20,1137.036499,0.9,0.052971,0.2,0.159200,1.3,24.934000,4.6,O=C1ON=NC(=C1)C#N,,[]
20,1380.919311,5.9,0.089055,3.5,0.141900,0.2,26.812000,10.8,N=C1ON=CC=C1C=O,,[]
20,1426.734406,8.0,0.135678,33.1,0.138300,0.1,29.041000,25.9,CC(C[NH3+])C([O-])=O,,[]
20,1468.365267,10.9,0.103828,8.9,0.133400,0.0,26.847000,11.1,N=C1NC=CN=CC1=O,,[]
21,724.694376,0.0,0.033373,0.0,0.318800,91.7,18.453000,0.1,FC(F)(F)C#C,,[]
21,901.820848,0.0,0.064276,0.4,0.242100,43.4,16.736000,0.0,O=C1NC=NN1,,[]
21,950.085112,0.2,0.058452,0.2,0.222900,28.8,22.920000,1.6,N=C1ON=NOC1=N,,[]
21,1004.244827,0.2,0.067602,0.8,0.159400,1.5,19.151000,0.2,N=C1ON=CC=N1,,[]
21,1009.222232,0.3,0.049066,0.0,0.217900,24.3,20.133000,0.3,FC1=NC(=O)N=CO1,,[]
21,1023.799905,0.3,0.051185,0.1,0.161600,2.2,25.222000,5.2,FC1=C(F)C(=N)ON=N1,,[]
21,1045.742028,0.4,0.060138,0.3,0.145000,0.4,21.190000,0.5,O=CC1=NC=NN=N1,,[]
21,1110.789661,0.7,0.066388,0.6,0.142700,0.3,23.317000,1.8,O=N(=O)C1=CN=NC=N1,,[]
21,1137.036499,0.8,0.052971,0.2,0.159200,1.4,24.934000,4.6,O=C1ON=NC(=C1)C#N,,[]
21,1380.919311,6.0,0.089055,3.5,0.141900,0.2,26.812000,10.9,N=C1ON=CC=C1C=O,,[]
21,1402.986937,7.2,0.100842,6.7,0.082500,0.0,30.327000,36.4,NC=[NH+]C1=COC([O-])=N1,,[]
21,1426.734406,8.2,0.135678,33.4,0.138300,0.2,29.041000,26.2,CC(C[NH3+])C([O-])=O,,[]
21,1468.365267,11.2,0.103828,9.0,0.133400,0.1,26.847000,11.2,N=C1NC=CN=CC1=O,,[]
22,724.694376,0.0,0.033373,0.0,0.318800,91.6,18.453000,0.1,FC(F)(F)C#C,,[]
22,784.640984,0.0,0.059116,0.3,0.271500,61.8,12.360000,0.0,N1C=NN=C1,,[]
22,901.820848,0.1,0.064276,0.4,0.242100,43.3,16.736000,0.0,O=C1NC=NN1,,[]
22,950.085112,0.2,0.058452,0.2,0.222900,28.9,22.920000,1.7,N=C1ON=NOC1=N,,[]
22,1004.244827,0.3,0.067602,0.9,0.159400,1.6,19.151000,0.2,N=C1ON=CC=N1,,[]
22,1009.222232,0.3,0.049066,0.0,0.217900,24.4,20.133000,0.3,FC1=NC(=O)N=CO1,,[]
22,1023.799905,0.4,0.051185,0.1,0.161600,2.3,25.222000,5.3,FC1=C(F)C(=N)ON=N1,,[]
22,1042.231113,0.4,0.065000,0.6,0.151100,0.8,26.116000,8.5,NC1=C(ON=N1)N(=O)=O,,[]
22,1045.742028,0.5,0.060138,0.3,0.145000,0.5,21.190000,0.5,O=CC1=NC=NN=N1,,[]
22,1110.789661,0.8,0.066388,0.7,0.142700,0.4,23.317000,1.9,O=N(=O)C1=CN=NC=N1,,[]
22,1137.036499,0.9,0.052971,0.2,0.159200,1.6,24.934000,4.7,O=C1ON=NC(=C1)C#N,,[]
22,1380.919311,6.3,0.089055,3.6,0.141900,0.3,26.812000,11.1,N=C1ON=CC=C1C=O,,[]
22,1402.986937,7.3,0.100842,6.8,0.082500,0.0,30.327000,36.7,NC=[NH+]C1=COC([O-])=N1,,[]
22,1426.734406,8.4,0.135678,33.5,0.138300,0.2,29.041000,26.3,CC(C[NH3+])C([O-])=O,,[]
22,1468.365267,11.2,0.103828,9.1,0.133400,0.1,26.847000,11.3,N=C1NC=CN=CC1=O,,[]
22,1483.077226,12.1,0.092805,4.4,0.141200,0.3,23.718000,2.6,O=C1C=CC2=CN=CN12,,[]
23,724.694376,0.0,0.033373,0.0,0.318800,91.5,18.453000,0.1,FC(F)(F)C#C,,[]
23,784.640984,0.0,0.059116,0.3,0.271500,61.3,12.360000,0.0,N1C=NN=C1,,[]
23,901.820848,0.1,0.064276,0.4,0.242100,42.9,16.736000,0.0,O=C1NC=NN1,,[]
23,950.085112,0.2,0.058452,0.2,0.222900,28.7,22.920000,1.6,N=C1ON=NOC1=N,,[]
23,1004.244827,0.3,0.067602,0.8,0.159400,1.6,19.151000,0.2,N=C1ON=CC=N1,,[]
23,1009.222232,0.3,0.049066,0.0,0.217900,24.2,20.133000,0.3,FC1=NC(=O)N=CO1,,[]
23,1023.799905,0.4,0.051185,0.1,0.161600,2.3,25.222000,5.2,FC1=C(F)C(=N)ON=N1,,[]
23,1042.231113,0.4,0.065000,0.5,0.151100,0.8,26.116000,8.2,NC1=C(ON=N1)N(=O)=O,,[]
23,1045.742028,0.4,0.060138,0.3,0.145000,0.4,21.190000,0.5,O=CC1=NC=NN=N1,,[]
23,1110.789661,0.8,0.066388,0.7,0.142700,0.4,23.317000,1.8,O=N(=O)C1=CN=NC=N1,,[]
23,1137.036499,0.9,0.052971,0.2,0.159200,1.6,24.934000,4.5,O=C1ON=NC(=C1)C#N,,[]
23,1380.919311,6.1,0.089055,3.6,0.141900,0.3,26.812000,11.1,N=C1ON=CC=C1C=O,,[]
23,1402.986937,7.2,0.100842,6.8,0.082500,0.0,30.327000,36.8,NC=[NH+]C1=COC([O-])=N1,,[]
23,1426.734406,8.2,0.135678,33.4,0.138300,0.2,29.041000,26.2,CC(C[NH3+])C([O-])=O,,[]
23,1468.365267,11.2,0.103828,9.2,0.133400,0.1,26.847000,11.4,N=C1NC=CN=CC1=O,,[]
23,1483.077226,12.1,0.092805,4.4,0.141200,0.3,23.718000,2.5,O=C1C=CC2=CN=CN12,,[]
24,724.694376,0.0,0.033373,0.0,0.318800,91.6,18.453000,0.2,FC(F)(F)C#C,,[]
24,784.640984,0.0,0.059116,0.3,0.271500,61.7,12.360000,0.0,N1C=NN=C1,,[]
24,847.509276,0.1,0.061106,0.3,0.250000,48.4,16.782000,0.1,CC1=NON=N1,,[]
24,901.820848,0.1,0.064276,0.4,0.242100,43.2,16.736000,0.0,O=C1NC=NN1,,[]
24,950.085112,0.3,0.058452,0.2,0.222900,29.0,22.920000,1.7,N=C1ON=NOC1=N,,[]
24,1004.244827,0.3,0.067602,0.9,0.159400,1.7,19.151000,0.3,N=C1ON=CC=N1,,[]
24,1009.222232,0.3,0.049066,0.0,0.217900,24.4,20.133000,0.3,FC1=NC(=O)N=CO1,,[]
24,1023.799905,0.4,0.051185,0.1,0.161600,2.3,25.222000,5.1,FC1=C(F)C(=N)ON=N1,,[]
24,1042.231113,0.4,0.065000,0.6,0.151100,0.8,26.116000,8.1,NC1=C(ON=N1)N(=O)=O,,[]
24,1045.742028,0.5,0.060138,0.3,0.145000,0.4,21.190000,0.5,O=CC1=NC=NN=N1,,[]
24,1110.789661,0.8,0.066388,0.7,0.142700,0.3,23.317000,1.9,O=N(=O)C1=CN=NC=N1,,[]
24,1137.036499,0.9,0.052971,0.2,0.159200,1.6,24.934000,4.5,O=C1ON=NC(=C1)C#N,,[]
24,1380.919311,6.2,0.089055,3.6,0.141900,0.3,26.812000,10.9,N=C1ON=CC=C1C=O,,[]
24,1402.986937,7.2,0.100842,7.0,0.082500,0.0,30.327000,36.7,NC=[NH+]C1=COC([O-])=N1,,[]
24,1426.734406,8.3,0.135678,33.6,0.138300,0.2,29.041000,26.2,CC(C[NH3+])C([O-])=O,,[]
24,1468.365267,11.3,0.103828,9.3,0.133400,0.1,26.847000,11.2,N=C1NC=CN=CC1=O,,[]
24,1483.077226,12.3,0.092805,4.4,0.141200,0.3,23.718000,2.5,O=C1C=CC2=CN=CN12,,[]
25,724.694376,0.0,0.033373,0.0,0.318800,91.6,18.453000,0.2,FC(F)(F)C#C,,[]
25,784.640984,0.0,0.059116,0.2,0.271500,61.8,12.360000,0.0,N1C=NN=C1,,[]
25,847.509276,0.1,0.061106,0.3,0.250000,48.3,16.782000,0.1,CC1=NON=N1,,[]
25,901.820848,0.1,0.064276,0.4,0.242100,43.2,16.736000,0.0,O=C1NC=NN1,,[]
25,929.847931,0.2,0.083382,2.7,0.234400,38.2,16.893000,0.2,CC(C)=O,,[]
25,950.085112,0.3,0.058452,0.2,0.222900,28.9,22.920000,1.8,N=C1ON=NOC1=N,,[]
25,1004.244827,0.3,0.067602,0.8,0.159400,1.6,19.151000,0.3,N=C1ON=CC=N1,,[]
25,1009.222232,0.4,0.049066,0.0,0.217900,24.2,20.133000,0.4,FC1=NC(=O)N=CO1,,[]
25,1023.799905,0.4,0.051185,0.1,0.161600,2.2,25.222000,5.1,FC1=C(F)C(=N)ON=N1,,[]
25,1042.231113,0.4,0.065000,0.5,0.151100,0.8,26.116000,8.1,NC1=C(ON=N1)N(=O)=O,,[]
25,1045.742028,0.5,0.060138,0.3,0.145000,0.4,21.190000,0.5,O=CC1=NC=NN=N1,,[]
25,1110.789661,0.8,0.066388,0.7,0.142700,0.3,23.317000,2.0,O=N(=O)C1=CN=NC=N1,,[]
25,1137.036499,0.9,0.052971,0.2,0.159200,1.6,24.934000,4.6,O=C1ON=NC(=C1)C#N,,[]
25,1380.919311,6.1,0.089055,3.6,0.141900,0.3,26.812000,10.9,N=C1ON=CC=C1C=O,,[]
25,1402.986937,7.1,0.100842,6.9,0.082500,0.0,30.327000,36.9,NC=[NH+]C1=COC([O-])=N1,,[]
25,1426.734406,8.2,0.135678,33.6,0.138300,0.2,29.041000,26.3,CC(C[NH3+])C([O-])=O,,[]
25,1468.365267,11.3,0.103828,9.2,0.133400,0.1,26.847000,11.2,N=C1NC=CN=CC1=O,,[]
25,1483.077226,12.2,0.092805,4.4,0.141200,0.2,23.718000,2.6,O=C1C=CC2=CN=CN12,,[]
26,724.694376,0.0,0.033373,0.0,0.318800,91.8,18.453000,0.2,FC(F)(F)C#C,,[]
26,784.640984,0.0,0.059116,0.2,0.271500,62.0,12.360000,0.0,N1C=NN=C1,,[]
26,847.509276,0.1,0.061106,0.3,0.250000,48.4,16.782000,0.1,CC1=NON=N1,,[]
26,901.820848,0.1,0.064276,0.4,0.242100,43.3,16.736000,0.0,O=C1NC=NN1,,[]
26,929.847931,0.2,0.083382,2.7,0.234400,38.3,16.893000,0.2,CC(C)=O,,[]
26,950.085112,0.3,0.058452,0.2,0.222900,28.9,22.920000,1.8,N=C1ON=NOC1=N,,[]
26,1004.244827,0.3,0.067602,0.9,0.159400,1.6,19.151000,0.3,N=C1ON=CC=N1,,[]
26,1009.222232,0.4,0.049066,0.0,0.217900,24.2,20.133000,0.4,FC1=NC(=O)N=CO1,,[]
26,1023.799905,0.4,0.051185,0.1,0.161600,2.2,25.222000,5.3,FC1=C(F)C(=N)ON=N1,,[]
26,1042.231113,0.4,0.065000,0.5,0.151100,0.7,26.116000,8.3,NC1=C(ON=N1)N(=O)=O,,[]
26,1045.742028,0.5,0.060138,0.3,0.145000,0.4,21.190000,0.5,O=CC1=NC=NN=N1,,[]
26,1110.789661,0.8,0.066388,0.7,0.142700,0.3,23.317000,2.0,O=N(=O)C1=CN=NC=N1,,[]
26,1121.094621,0.9,0.067428,0.8,0.201300,12.7,20.134000,0.4,C#CC1=NC=CO1,,[]
26,1137.036499,0.9,0.052971,0.2,0.159200,1.6,24.934000,4.7,O=C1ON=NC(=C1)C#N,,[]
26,1380.919311,6.3,0.089055,3.7,0.141900,0.3,26.812000,11.2,N=C1ON=CC=C1C=O,,[]
26,1402.986937,7.3,0.100842,7.0,0.082500,0.0,30.327000,37.0,NC=[NH+]C1=COC([O-])=N1,,[]
26,1426.734406,8.4,0.135678,33.6,0.138300,0.2,29.041000,26.4,CC(C[NH3+])C([O-])=O,,[]
26,1468.365267,11.5,0.103828,9.2,0.133400,0.1,26.847000,11.5,N=C1NC=CN=CC1=O,,[]
26,1483.077226,12.4,0.092805,4.5,0.141200,0.2,23.718000,2.7,O=C1C=CC2=CN=CN12,,[]
27,724.694376,0.0,0.033373,0.0,0.318800,91.9,18.453000,0.2,FC(F)(F)C#C,,[]
27,784.640984,0.0,0.059116,0.2,0.271500,62.0,12.360000,0.0,N1C=NN=C1,,[]
27,847.509276,0.1,0.061106,0.3,0.250000,48.3,16.782000,0.1,CC1=NON=N1,,[]
27,901.820848,0.1,0.064276,0.4,0.242100,43.2,16.736000,0.0,O=C1NC=NN1,,[]
27,929.847931,0.2,0.083382,2.7,0.234400,38.2,16.893000,0.2,CC(C)=O,,[]
27,950.085112,0.3,0.058452,0.2,0.222900,28.9,22.920000,1.8,N=C1ON=NOC1=N,,[]
27,1004.244827,0.3,0.067602,0.9,0.159400,1.5,19.151000,0.3,N=C1ON=CC=N1,,[]
27,1009.222232,0.3,0.049066,0.0,0.217900,24.2,20.133000,0.3,FC1=NC(=O)N=CO1,,[]
27,1020.916499,0.4,0.061061,0.3,0.210600,18.7,21.959000,0.9,O=CN1N=NNC1=O,,[]
27,1023.799905,0.4,0.051185,0.1,0.161600,2.1,25.222000,5.2,FC1=C(F)C(=N)ON=N1,,[]
27,1042.231113,0.5,0.065000,0.5,0.151100,0.7,26.116000,8.2,NC1=C(ON=N1)N(=O)=O,,[]
27,1045.742028,0.5,0.060138,0.3,0.145000,0.4,21.190000,0.5,O=CC1=NC=NN=N1,,[]
27,1110.789661,0.8,0.066388,0.7,0.142700,0.3,23.317000,2.0,O=N(=O)C1=CN=NC=N1,,[]
27,1121.094621,0.9,0.067428,0.8,0.201300,12.6,20.134000,0.4,C#CC1=NC=CO1,,[]
27,1137.036499,0.9,0.052971,0.2,0.159200,1.5,24.934000,4.7,O=C1ON=NC(=C1)C#N,,[]
27,1380.919311,6.2,0.089055,3.7,0.141900,0.3,26.812000,11.1,N=C1ON=CC=C1C=O,,[]
27,1402.986937,7.3,0.100842,6.9,0.082500,0.0,30.327000,36.9,NC=[NH+]C1=COC([O-])=N1,,[]
27,1426.734406,8.3,0.135678,33.7,0.138300,0.2,29.041000,26.0,CC(C[NH3+])C([O-])=O,,[]
27,1468.365267,11.3,0.103828,9.1,0.133400,0.1,26.847000,11.3,N=C1NC=CN=CC1=O,,[]
27,1483.077226,12.2,0.092805,4.5,0.141200,0.2,23.718000,2.6,O=C1C=CC2=CN=CN12,,[]
28,724.694376,0.0,0.033373,0.0,0.318800,92.0,18.453000,0.2,FC(F)(F)C#C,,[]
28,784.640984,0.0,0.059116,0.2,0.271500,62.3,12.360000,0.0,N1C=NN=C1,,[]
28,847.509276,0.1,0.061106,0.3,0.250000,48.7,16.782000,0.1,CC1=NON=N1,,[]
28,901.820848,0.1,0.064276,0.4,0.242100,43.5,16.736000,0.0,O=C1NC=NN1,,[]
28,929.847931,0.2,0.083382,2.7,0.234400,38.5,16.893000,0.1,CC(C)=O,,[]
28,950.085112,0.3,0.058452,0.2,0.222900,29.3,22.920000,1.8,N=C1ON=NOC1=N,,[]
28,1004.244827,0.3,0.067602,0.8,0.159400,1.7,19.151000,0.3,N=C1ON=CC=N1,,[]
28,1009.222232,0.3,0.049066,0.0,0.217900,24.4,20.133000,0.3,FC1=NC(=O)N=CO1,,[]
28,1020.916499,0.4,0.061061,0.3,0.210600,18.6,21.959000,0.8,O=CN1N=NNC1=O,,[]
28,1023.799905,0.4,0.051185,0.1,0.161600,2.3,25.222000,5.2,FC1=C(F)C(=N)ON=N1,,[]
28,1042.231113,0.4,0.065000,0.5,0.151100,0.8,26.116000,8.2,NC1=C(ON=N1)N(=O)=O,,[]
28,1045.742028,0.5,0.060138,0.3,0.145000,0.4,21.190000,0.5,O=CC1=NC=NN=N1,,[]
28,1110.789661,0.8,0.066388,0.7,0.142700,0.4,23.317000,2.0,O=N(=O)C1=CN=NC=N1,,[]
28,1121.094621,0.8,0.067428,0.8,0.201300,12.5,20.134000,0.4,C#CC1=NC=CO1,,[]
28,1137.036499,0.9,0.052971,0.1,0.159200,1.7,24.934000,4.6,O=C1ON=NC(=C1)C#N,,[]
28,1380.919311,6.2,0.089055,3.7,0.141900,0.3,26.812000,11.1,N=C1ON=CC=C1C=O,,[]
28,1402.986937,7.3,0.100842,7.0,0.082500,0.0,30.327000,37.0,NC=[NH+]C1=COC([O-])=N1,,[]
28,1426.734406,8.4,0.135678,33.8,0.138300,0.3,29.041000,25.9,CC(C[NH3+])C([O-])=O,,[]
28,1440.675156,9.3,0.098364,5.9,0.133200,0.1,29.747000,31.7,O=CC(=O)C(=O)C1CN1,,[]
28,1465.099707,11.1,0.087865,3.4,0.118300,0.1,27.533000,14.6,O=CC1=CC(=O)C(=O)C1,,[]
28,1468.365267,11.4,0.103828,9.2,0.133400,0.1,26.847000,11.3,N=C1NC=CN=CC1=O,,[]
28,1483.077226,12.3,0.092805,4.6,0.141200,0.3,23.718000,2.5,O=C1C=CC2=CN=CN12,,[]
29,724.694376,0.0,0.033373,0.0,0.318800,92.1,18.453000,0.2,FC(F)(F)C#C,,[]
29,784.640984,0.0,0.059116,0.2,0.271500,62.4,12.360000,0.0,N1C=NN=C1,,[]
29,847.509276,0.1,0.061106,0.3,0.250000,48.6,16.782000,0.1,CC1=NON=N1,,[]
29,901.820848,0.1,0.064276,0.4,0.242100,43.4,16.736000,0.1,O=C1NC=NN1,,[]
29,929.847931,0.2,0.083382,2.7,0.234400,38.5,16.893000,0.2,CC(C)=O,,[]
29,942.772116,0.2,0.079595,2.2,0.254200,51.9,16.197000,0.0,O=CN1CC1,,[]
29,950.085112,0.3,0.058452,0.2,0.222900,29.4,22.920000,1.9,N=C1ON=NOC1=N,,[]
29,1004.244827,0.3,0.067602,0.8,0.159400,1.6,19.151000,0.3,N=C1ON=CC=N1,,[]
29,1009.222232,0.4,0.049066,0.0,0.217900,24.5,20.133000,0.4,FC1=NC(=O)N=CO1,,[]
29,1020.916499,0.4,0.061061,0.3,0.210600,18.7,21.959000,0.9,O=CN1N=NNC1=O,,[]
29,1023.799905,0.4,0.051185,0.1,0.161600,2.2,25.222000,5.3,FC1=C(F)C(=N)ON=N1,,[]
29,1042.231113,0.5,0.065000,0.5,0.151100,0.7,26.116000,8.3,NC1=C(ON=N1)N(=O)=O,,[]
29,1045.742028,0.5,0.060138,0.2,0.145000,0.4,21.190000,0.6,O=CC1=NC=NN=N1,,[]
29,1110.789661,0.8,0.066388,0.6,0.142700,0.4,23.317000,2.0,O=N(=O)C1=CN=NC=N1,,[]
29,1121.094621,0.8,0.067428,0.7,0.201300,12.6,20.134000,0.4,C#CC1=NC=CO1,,[]
29,1137.036499,0.9,0.052971,0.1,0.159200,1.6,24.934000,4.7,O=C1ON=NC(=C1)C#N,,[]
29,1380.919311,6.4,0.089055,3.7,0.141900,0.3,26.812000,11.3,N=C1ON=CC=C1C=O,,[]
29,1402.986937,7.5,0.100842,7.2,0.082500,0.0,30.327000,37.3,NC=[NH+]C1=COC([O-])=N1,,[]
29,1426.734406,8.6,0.135678,34.1,0.138300,0.2,29.041000,26.1,CC(C[NH3+])C([O-])=O,,[]
29,1440.675156,9.5,0.098364,6.0,0.133200,0.1,29.747000,32.0,O=CC(=O)C(=O)C1CN1,,[]
29,1465.099707,11.3,0.087865,3.4,0.118300,0.1,27.533000,14.8,O=CC1=CC(=O)C(=O)C1,,[]
29,1468.365267,11.6,0.103828,9.3,0.133400,0.1,26.847000,11.5,N=C1NC=CN=CC1=O,,[]
29,1483.077226,12.5,0.092805,4.6,0.141200,0.3,23.718000,2.6,O=C1C=CC2=CN=CN12,,[]
30,724.694376,0.0,0.033373,0.0,0.318800,91.9,18.453000,0.2,FC(F)(F)C#C,,[]
30,784.640984,0.0,0.059116,0.2,0.271500,62.4,12.360000,0.0,N1C=NN=C1,,[]
30,847.509276,0.1,0.061106,0.3,0.250000,48.8,16.782000,0.1,CC1=NON=N1,,[]
30,901.820848,0.1,0.064276,0.4,0.242100,43.5,16.736000,0.1,O=C1NC=NN1,,[]
30,929.847931,0.2,0.083382,2.8,0.234400,38.4,16.893000,0.2,CC(C)=O,,[]
30,935.041827,0.2,0.066444,0.7,0.225700,32.0,20.149000,0.4,OCC1=NON=N1,,[]
30,942.772116,0.3,0.079595,2.3,0.254200,52.1,16.197000,0.0,O=CN1CC1,,[]
30,950.085112,0.3,0.058452,0.2,0.222900,29.5,22.920000,1.9,N=C1ON=NOC1=N,,[]
30,1004.244827,0.3,0.067602,0.9,0.159400,1.6,19.151000,0.3,N=C1ON=CC=N1,,[]
30,1009.222232,0.4,0.049066,0.0,0.217900,24.7,20.133000,0.4,FC1=NC(=O)N=CO1,,[]
30,1020.916499,0.4,0.061061,0.3,0.210600,18.9,21.959000,1.0,O=CN1N=NNC1=O,,[]
30,1023.799905,0.5,0.051185,0.1,0.161600,2.1,25.222000,5.4,FC1=C(F)C(=N)ON=N1,,[]
30,1042.231113,0.5,0.065000,0.5,0.151100,0.7,26.116000,8.3,NC1=C(ON=N1)N(=O)=O,,[]
30,1045.742028,0.5,0.060138,0.2,0.145000,0.4,21.190000,0.6,O=CC1=NC=NN=N1,,[]
30,1110.789661,0.8,0.066388,0.6,0.142700,0.3,23.317000,2.1,O=N(=O)C1=CN=NC=N1,,[]
30,1121.094621,0.9,0.067428,0.8,0.201300,12.7,20.134000,0.4,C#CC1=NC=CO1,,[]
30,1122.942009,0.9,0.067576,0.9,0.203000,13.7,20.117000,0.3,C#CC1=CN=CO1,,[]
30,1137.036499,0.9,0.052971,0.1,0.159200,1.6,24.934000,4.8,O=C1ON=NC(=C1)C#N,,[]
30,1380.919311,6.5,0.089055,3.8,0.141900,0.3,26.812000,11.3,N=C1ON=CC=C1C=O,,[]
30,1402.986937,7.7,0.100842,7.3,0.082500,0.0,30.327000,37.5,NC=[NH+]C1=COC([O-])=N1,,[]
30,1426.734406,8.8,0.135678,34.2,0.138300,0.2,29.041000,26.2,CC(C[NH3+])C([O-])=O,,[]
30,1440.675156,9.6,0.098364,6.1,0.133200,0.1,29.747000,32.1,O=CC(=O)C(=O)C1CN1,,[]
30,1465.099707,11.4,0.087865,3.5,0.118300,0.1,27.533000,14.8,O=CC1=CC(=O)C(=O)C1,,[]
30,1468.365267,11.7,0.103828,9.5,0.133400,0.1,26.847000,11.5,N=C1NC=CN=CC1=O,,[]
30,1483.077226,12.7,0.092805,4.7,0.141200,0.3,23.718000,2.7,O=C1C=CC2=CN=CN12,,[]
31,724.694376,0.0,0.033373,0.0,0.318800,91.9,18.453000,0.2,FC(F)(F)C#C,,[]
31,784.640984,0.0,0.059116,0.2,0.271500,62.3,12.360000,0.0,N1C=NN=C1,,[]
31,847.509276,0.1,0.061106,0.3,0.250000,48.8,16.782000,0.1,CC1=NON=N1,,[]
31,901.820848,0.1,0.064276,0.4,0.242100,43.4,16.736000,0.1,O=C1NC=NN1,,[]
31,929.847931,0.2,0.083382,2.8,0.234400,38.5,16.893000,0.2,CC(C)=O,,[]
31,935.041827,0.2,0.066444,0.7,0.225700,32.2,20.149000,0.4,OCC1=NON=N1,,[]
31,942.772116,0.3,0.079595,2.3,0.254200,52.0,16.197000,0.0,O=CN1CC1,,[]
31,950.085112,0.3,0.058452,0.2,0.222900,29.6,22.920000,1.9,N=C1ON=NOC1=N,,[]
31,1004.244827,0.3,0.067602,0.9,0.159400,1.6,19.151000,0.3,N=C1ON=CC=N1,,[]
31,1009.222232,0.4,0.049066,0.0,0.217900,24.9,20.133000,0.4,FC1=NC(=O)N=CO1,,[]
31,1020.916499,0.4,0.061061,0.3,0.210600,19.1,21.959000,1.0,O=CN1N=NNC1=O,,[]
31,1023.799905,0.5,0.051185,0.1,0.161600,2.1,25.222000,5.3,FC1=C(F)C(=N)ON=N1,,[]
31,1042.231113,0.5,0.065000,0.5,0.151100,0.7,26.116000,8.3,NC1=C(ON=N1)N(=O)=O,,[]
31,1045.742028,0.5,0.060138,0.2,0.145000,0.4,21.190000,0.6,O=CC1=NC=NN=N1,,[]
31,1110.789661,0.8,0.066388,0.7,0.142700,0.3,23.317000,2.0,O=N(=O)C1=CN=NC=N1,,[]
31,1121.094621,0.9,0.067428,0.8,0.201300,12.8,20.134000,0.4,C#CC1=NC=CO1,,[]
31,1122.942009,0.9,0.067576,0.9,0.203000,13.7,20.117000,0.3,C#CC1=CN=CO1,,[]
31,1137.036499,0.9,0.052971,0.1,0.159200,1.6,24.934000,4.7,O=C1ON=NC(=C1)C#N,,[]
31,1380.919311,6.4,0.089055,3.7,0.141900,0.3,26.812000,11.2,N=C1ON=CC=C1C=O,,[]
31,1402.986937,7.5,0.100842,7.1,0.082500,0.0,30.327000,37.3,NC=[NH+]C1=COC([O-])=N1,,[]
31,1426.734406,8.6,0.135678,34.3,0.138300,0.2,29.041000,25.9,CC(C[NH3+])C([O-])=O,,[]
31,1440.675156,9.4,0.098364,5.9,0.133200,0.1,29.747000,31.8,O=CC(=O)C(=O)C1CN1,,[]
31,1465.099707,11.2,0.087865,3.4,0.118300,0.1,27.533000,14.7,O=CC1=CC(=O)C(=O)C1,,[]
31,1468.365267,11.5,0.103828,9.3,0.133400,0.1,26.847000,11.4,N=C1NC=CN=CC1=O,,[]
31,1483.077226,12.5,0.092805,4.6,0.141200,0.3,23.718000,2.6,O=C1C=CC2=CN=CN12,,[]
32,724.694376,0.0,0.033373,0.0,0.318800,92.0,18.453000,0.2,FC(F)(F)C#C,,[]
32,784.640984,0.0,0.059116,0.2,0.271500,62.6,12.360000,0.0,N1C=NN=C1,,[]
32,847.509276,0.1,0.061106,0.3,0.250000,49.0,16.782000,0.1,CC1=NON=N1,,[]
32,901.820848,0.1,0.064276,0.4,0.242100,43.7,16.736000,0.1,O=C1NC=NN1,,[]
32,929.847931,0.2,0.083382,2.8,0.234400,38.7,16.893000,0.2,CC(C)=O,,[]
32,935.041827,0.2,0.066444,0.7,0.225700,32.4,20.149000,0.4,OCC1=NON=N1,,[]
32,942.772116,0.3,0.079595,2.3,0.254200,52.2,16.197000,0.0,O=CN1CC1,,[]
32,950.085112,0.3,0.058452,0.2,0.222900,29.8,22.920000,1.8,N=C1ON=NOC1=N,,[]
32,1004.244827,0.3,0.067602,0.9,0.159400,1.6,19.151000,0.3,N=C1ON=CC=N1,,[]
32,1009.222232,0.3,0.049066,0.0,0.217900,25.0,20.133000,0.3,FC1=NC(=O)N=CO1,,[]
32,1020.916499,0.4,0.061061,0.3,0.210600,19.2,21.959000,0.9,O=CN1N=NNC1=O,,[]
32,1023.799905,0.4,0.051185,0.1,0.161600,2.1,25.222000,5.4,FC1=C(F)C(=N)ON=N1,,[]
32,1042.231113,0.5,0.065000,0.5,0.151100,0.7,26.116000,8.3,NC1=C(ON=N1)N(=O)=O,,[]
32,1045.742028,0.5,0.060138,0.3,0.145000,0.4,21.190000,0.6,O=CC1=NC=NN=N1,,[]
32,1067.736863,0.5,0.052118,0.1,0.194000,9.6,24.782000,4.3,FC1=NOC(=N)C(=O)O1,,[]
32,1110.789661,0.8,0.066388,0.7,0.142700,0.3,23.317000,2.0,O=N(=O)C1=CN=NC=N1,,[]
32,1121.094621,0.9,0.067428,0.8,0.201300,12.8,20.134000,0.4,C#CC1=NC=CO1,,[]
32,1122.942009,0.9,0.067576,0.9,0.203000,13.8,20.117000,0.3,C#CC1=CN=CO1,,[]
32,1137.036499,1.0,0.052971,0.2,0.159200,1.6,24.934000,4.8,O=C1ON=NC(=C1)C#N,,[]
32,1380.919311,6.3,0.089055,3.7,0.141900,0.3,26.812000,11.2,N=C1ON=CC=C1C=O,,[]
32,1402.986937,7.5,0.100842,7.1,0.082500,0.0,30.327000,37.4,NC=[NH+]C1=COC([O-])=N1,,[]
32,1426.734406,8.6,0.135678,34.5,0.138300,0.2,29.041000,26.2,CC(C[NH3+])C([O-])=O,,[]
32,1440.675156,9.4,0.098364,5.9,0.133200,0.1,29.747000,32.0,O=CC(=O)C(=O)C1CN1,,[]
32,1465.099707,11.2,0.087865,3.4,0.118300,0.1,27.533000,14.7,O=CC1=CC(=O)C(=O)C1,,[]
32,1468.365267,11.5,0.103828,9.3,0.133400,0.1,26.847000,11.4,N=C1NC=CN=CC1=O,,[]
32,1483.077226,12.4,0.092805,4.6,0.141200,0.3,23.718000,2.6,O=C1C=CC2=CN=CN12,,[]
33,724.694376,0.0,0.033373,0.0,0.318800,91.9,18.453000,0.2,FC(F)(F)C#C,,[]
33,784.640984,0.0,0.059116,0.2,0.271500,62.5,12.360000,0.0,N1C=NN=C1,,[]
33,847.509276,0.1,0.061106,0.3,0.250000,49.0,16.782000,0.1,CC1=NON=N1,,[]
33,901.820848,0.1,0.064276,0.4,0.242100,43.5,16.736000,0.1,O=C1NC=NN1,,[]
33,929.847931,0.2,0.083382,2.8,0.234400,38.6,16.893000,0.2,CC(C)=O,,[]
33,935.041827,0.2,0.066444,0.7,0.225700,32.3,20.149000,0.4,OCC1=NON=N1,,[]
33,942.772116,0.2,0.079595,2.3,0.254200,52.1,16.197000,0.0,O=CN1CC1,,[]
33,950.085112,0.3,0.058452,0.2,0.222900,29.6,22.920000,1.8,N=C1ON=NOC1=N,,[]
33,1004.244827,0.3,0.067602,0.9,0.159400,1.5,19.151000,0.3,N=C1ON=CC=N1,,[]
33,1009.222232,0.3,0.049066,0.0,0.217900,24.8,20.133000,0.4,FC1=NC(=O)N=CO1,,[]
33,1020.916499,0.4,0.061061,0.3,0.210600,19.0,21.959000,0.9,O=CN1N=NNC1=O,,[]
33,1023.799905,0.4,0.051185,0.1,0.161600,2.0,25.222000,5.4,FC1=C(F)C(=N)ON=N1,,[]
33,1042.231113,0.5,0.065000,0.5,0.151100,0.7,26.116000,8.4,NC1=C(ON=N1)N(=O)=O,,[]
33,1045.742028,0.5,0.060138,0.2,0.145000,0.4,21.190000,0.6,O=CC1=NC=NN=N1,,[]
33,1067.736863,0.5,0.052118,0.1,0.194000,9.4,24.782000,4.3,FC1=NOC(=N)C(=O)O1,,[]
33,1110.789661,0.8,0.066388,0.7,0.142700,0.3,23.317000,2.0,O=N(=O)C1=CN=NC=N1,,[]
33,1121.094621,0.9,0.067428,0.8,0.201300,12.6,20.134000,0.4,C#CC1=NC=CO1,,[]
33,1122.942009,0.9,0.067576,0.9,0.203000,13.6,20.117000,0.3,C#CC1=CN=CO1,,[]
33,1137.036499,0.9,0.052971,0.2,0.159200,1.5,24.934000,4.7,O=C1ON=NC(=C1)C#N,,[]
33,1380.919311,6.4,0.089055,3.7,0.141900,0.3,26.812000,11.2,N=C1ON=CC=C1C=O,,[]
33,1402.986937,7.5,0.100842,7.1,0.082500,0.0,30.327000,37.6,NC=[NH+]C1=COC([O-])=N1,,[]
33,1426.734406,8.6,0.135678,34.4,0.138300,0.2,29.041000,26.4,CC(C[NH3+])C([O-])=O,,[]
33,1440.675156,9.4,0.098364,5.9,0.133200,0.1,29.747000,32.3,O=CC(=O)C(=O)C1CN1,,[]
33,1465.099707,11.1,0.087865,3.4,0.118300,0.1,27.533000,14.7,O=CC1=CC(=O)C(=O)C1,,[]
33,1468.365267,11.4,0.103828,9.3,0.133400,0.1,26.847000,11.4,N=C1NC=CN=CC1=O,,[]
33,1483.077226,12.4,0.092805,4.6,0.141200,0.2,23.718000,2.5,O=C1C=CC2=CN=CN12,,[]
34,724.694376,0.0,0.033373,0.0,0.318800,91.7,18.453000,0.2,FC(F)(F)C#C,,[]
34,784.640984,0.0,0.059116,0.2,0.271500,62.4,12.360000,0.0,N1C=NN=C1,,[]
34,847.509276,0.1,0.061106,0.3,0.250000,49.0,16.782000,0.1,CC1=NON=N1,,[]
34,901.820848,0.1,0.064276,0.4,0.242100,43.3,16.736000,0.1,O=C1NC=NN1,,[]
34,929.847931,0.2,0.083382,2.7,0.234400,38.4,16.893000,0.1,CC(C)=O,,[]
34,935.041827,0.2,0.066444,0.7,0.225700,32.1,20.149000,0.4,OCC1=NON=N1,,[]
34,942.772116,0.2,0.079595,2.2,0.254200,52.1,16.197000,0.0,O=CN1CC1,,[]
34,950.085112,0.3,0.058452,0.2,0.222900,29.5,22.920000,1.8,N=C1ON=NOC1=N,,[]
34,1004.244827,0.3,0.067602,0.9,0.159400,1.5,19.151000,0.3,N=C1ON=CC=N1,,[]
34,1009.222232,0.3,0.049066,0.0,0.217900,24.8,20.133000,0.4,FC1=NC(=O)N=CO1,,[]
34,1020.916499,0.4,0.061061,0.3,0.210600,19.0,21.959000,0.9,O=CN1N=NNC1=O,,[]
34,1023.799905,0.4,0.051185,0.1,0.161600,1.9,25.222000,5.4,FC1=C(F)C(=N)ON=N1,,[]
34,1042.231113,0.4,0.065000,0.5,0.151100,0.7,26.116000,8.4,NC1=C(ON=N1)N(=O)=O,,[]
34,1045.742028,0.5,0.060138,0.2,0.145000,0.4,21.190000,0.6,O=CC1=NC=NN=N1,,[]
34,1067.736863,0.5,0.052118,0.1,0.194000,9.3,24.782000,4.2,FC1=NOC(=N)C(=O)O1,,[]
34,1110.789661,0.8,0.066388,0.7,0.142700,0.3,23.317000,2.0,O=N(=O)C1=CN=NC=N1,,[]
34,1121.094621,0.8,0.067428,0.8,0.201300,12.6,20.134000,0.4,C#CC1=NC=CO1,,[]
34,1122.942009,0.9,0.067576,0.9,0.203000,13.5,20.117000,0.3,C#CC1=CN=CO1,,[]
34,1137.036499,0.9,0.052971,0.1,0.159200,1.5,24.934000,4.7,O=C1ON=NC(=C1)C#N,,[]
34,1380.919311,6.4,0.089055,3.6,0.141900,0.3,26.812000,11.2,N=C1ON=CC=C1C=O,,[]
34,1402.986937,7.5,0.100842,7.1,0.082500,0.0,30.327000,37.8,NC=[NH+]C1=COC([O-])=N1,,[]
34,1426.734406,8.6,0.135678,34.0,0.138300,0.2,29.041000,26.5,CC(C[NH3+])C([O-])=O,,[]
34,1440.675156,9.3,0.098364,5.8,0.133200,0.1,29.747000,32.4,O=CC(=O)C(=O)C1CN1,,[]
34,1465.099707,11.1,0.087865,3.3,0.118300,0.1,27.533000,14.7,O=CC1=CC(=O)C(=O)C1,,[]
34,1468.365267,11.4,0.103828,9.2,0.133400,0.1,26.847000,11.4,N=C1NC=CN=CC1=O,,[]
34,1483.077226,12.3,0.092805,4.5,0.141200,0.2,23.718000,2.5,O=C1C=CC2=CN=CN12,,[]
35,724.694376,0.0,0.033373,0.0,0.318800,91.7,18.453000,0.2,FC(F)(F)C#C,,[]
35,784.640984,0.0,0.059116,0.2,0.271500,62.4,12.360000,0.0,N1C=NN=C1,,[]
35,847.509276,0.1,0.061106,0.3,0.250000,49.0,16.782000,0.1,CC1=NON=N1,,[]
35,901.820848,0.1,0.064276,0.4,0.242100,43.4,16.736000,0.1,O=C1NC=NN1,,[]
35,929.847931,0.2,0.083382,2.7,0.234400,38.5,16.893000,0.1,CC(C)=O,,[]
35,935.041827,0.2,0.066444,0.7,0.225700,32.2,20.149000,0.4,OCC1=NON=N1,,[]
35,942.772116,0.2,0.079595,2.2,0.254200,52.1,16.197000,0.0,O=CN1CC1,,[]
35,950.085112,0.3,0.058452,0.2,0.222900,29.6,22.920000,1.8,N=C1ON=NOC1=N,,[]
35,1004.244827,0.3,0.067602,0.9,0.159400,1.5,19.151000,0.3,N=C1ON=CC=N1,,[]
35,1009.222232,0.3,0.049066,0.0,0.217900,24.9,20.133000,0.3,FC1=NC(=O)N=CO1,,[]
35,1020.916499,0.4,0.061061,0.3,0.210600,18.9,21.959000,0.9,O=CN1N=NNC1=O,,[]
35,1023.799905,0.4,0.051185,0.1,0.161600,1.9,25.222000,5.4,FC1=C(F)C(=N)ON=N1,,[]
35,1042.231113,0.4,0.065000,0.5,0.151100,0.7,26.116000,8.3,NC1=C(ON=N1)N(=O)=O,,[]
35,1045.742028,0.5,0.060138,0.2,0.145000,0.4,21.190000,0.6,O=CC1=NC=NN=N1,,[]
35,1067.736863,0.5,0.052118,0.1,0.194000,9.4,24.782000,4.3,FC1=NOC(=N)C(=O)O1,,[]
35,1110.789661,0.8,0.066388,0.6,0.142700,0.3,23.317000,2.0,O=N(=O)C1=CN=NC=N1,,[]
35,1121.094621,0.8,0.067428,0.8,0.201300,12.5,20.134000,0.4,C#CC1=NC=CO1,,[]
35,1122.942009,0.9,0.067576,0.9,0.203000,13.5,20.117000,0.3,C#CC1=CN=CO1,,[]
35,1137.036499,0.9,0.052971,0.1,0.159200,1.5,24.934000,4.7,O=C1ON=NC(=C1)C#N,,[]
35,1380.919311,6.3,0.089055,3.6,0.141900,0.3,26.812000,11.2,N=C1ON=CC=C1C=O,,[]
35,1402.986937,7.3,0.100842,7.0,0.082500,0.0,30.327000,37.6,NC=[NH+]C1=COC([O-])=N1,,[]
35,1426.734406,8.4,0.135678,33.8,0.138300,0.2,29.041000,26.3,CC(C[NH3+])C([O-])=O,,[]
35,1440.675156,9.2,0.098364,5.8,0.133200,0.1,29.747000,32.1,O=CC(=O)C(=O)C1CN1,,[]
35,1465.099707,11.0,0.087865,3.3,0.118300,0.1,27.533000,14.7,O=CC1=CC(=O)C(=O)C1,,[]
35,1468.365267,11.2,0.103828,9.1,0.133400,0.1,26.847000,11.4,N=C1NC=CN=CC1=O,,[]
35,1483.077226,12.2,0.092805,4.5,0.141200,0.2,23.718000,2.5,O=C1C=CC2=CN=CN12,,[]
36,724.694376,0.0,0.033373,0.0,0.318800,91.7,18.453000,0.2,FC(F)(F)C#C,,[]
36,784.640984,0.0,0.059116,0.2,0.271500,62.8,12.360000,0.0,N1C=NN=C1,,[]
36,847.509276,0.1,0.061106,0.3,0.250000,49.3,16.782000,0.1,CC1=NON=N1,,[]
36,901.820848,0.1,0.064276,0.4,0.242100,43.6,16.736000,0.1,O=C1NC=NN1,,[]
36,929.847931,0.2,0.083382,2.7,0.234400,38.7,16.893000,0.1,CC(C)=O,,[]
36,935.041827,0.2,0.066444,0.7,0.225700,32.4,20.149000,0.4,OCC1=NON=N1,,[]
36,942.772116,0.2,0.079595,2.2,0.254200,52.5,16.197000,0.0,O=CN1CC1,,[]
36,950.085112,0.3,0.058452,0.2,0.222900,29.8,22.920000,1.8,N=C1ON=NOC1=N,,[]
36,1004.244827,0.3,0.067602,0.9,0.159400,1.5,19.151000,0.3,N=C1ON=CC=N1,,[]
36,1009.222232,0.3,0.049066,0.0,0.217900,25.0,20.133000,0.3,FC1=NC(=O)N=CO1,,[]
36,1020.916499,0.4,0.061061,0.3,0.210600,19.0,21.959000,0.9,O=CN1N=NNC1=O,,[]
36,1023.799905,0.4,0.051185,0.1,0.161600,2.0,25.222000,5.5,FC1=C(F)C(=N)ON=N1,,[]
36,1042.231113,0.4,0.065000,0.5,0.151100,0.7,26.116000,8.4,NC1=C(ON=N1)N(=O)=O,,[]
36,1045.742028,0.5,0.060138,0.2,0.145000,0.4,21.190000,0.6,O=CC1=NC=NN=N1,,[]
36,1067.736863,0.5,0.052118,0.1,0.194000,9.5,24.782000,4.4,FC1=NOC(=N)C(=O)O1,,[]
36,1110.789661,0.7,0.066388,0.6,0.142700,0.3,23.317000,2.0,O=N(=O)C1=CN=NC=N1,,[]
36,1121.094621,0.8,0.067428,0.8,0.201300,12.5,20.134000,0.4,C#CC1=NC=CO1,,[]
36,1122.942009,0.8,0.067576,0.9,0.203000,13.5,20.117000,0.3,C#CC1=CN=CO1,,[]
36,1137.036499,0.9,0.052971,0.1,0.159200,1.5,24.934000,4.8,O=C1ON=NC(=C1)C#N,,[]
36,1380.919311,6.4,0.089055,3.7,0.141900,0.3,26.812000,11.2,N=C1ON=CC=C1C=O,,[]
36,1402.986937,7.5,0.100842,7.2,0.082500,0.0,30.327000,37.7,NC=[NH+]C1=COC([O-])=N1,,[]
36,1418.839709,8.1,0.089499,3.8,0.126600,0.1,27.770000,16.3,N=C1NC(C=O)=CC1=O,,[]
36,1465.099707,11.1,0.087865,3.4,0.118300,0.1,27.533000,14.8,O=CC1=CC(=O)C(=O)C1,,[]
36,1468.365267,11.4,0.103828,9.2,0.133400,0.1,26.847000,11.4,N=C1NC=CN=CC1=O,,[]
36,1483.077226,12.3,0.092805,4.6,0.141200,0.3,23.718000,2.6,O=C1C=CC2=CN=CN12,,[]
37,481.107121,0.0,0.051208,0.1,0.343700,98.8,8.751000,0.0,CO,,[]
37,724.694376,0.0,0.033373,0.0,0.318800,91.5,18.453000,0.2,FC(F)(F)C#C,,[]
37,784.640984,0.1,0.059116,0.2,0.271500,62.6,12.360000,0.0,N1C=NN=C1,,[]
37,847.509276,0.1,0.061106,0.3,0.250000,49.3,16.782000,0.1,CC1=NON=N1,,[]
37,901.820848,0.1,0.064276,0.4,0.242100,43.6,16.736000,0.1,O=C1NC=NN1,,[]
37,929.847931,0.2,0.083382,2.8,0.234400,38.7,16.893000,0.2,CC(C)=O,,[]
37,935.041827,0.2,0.066444,0.8,0.225700,32.2,20.149000,0.4,OCC1=NON=N1,,[]
37,942.772116,0.2,0.079595,2.3,0.254200,52.4,16.197000,0.1,O=CN1CC1,,[]
37,950.085112,0.3,0.058452,0.2,0.222900,29.7,22.920000,1.8,N=C1ON=NOC1=N,,[]
37,1004.244827,0.3,0.067602,1.0,0.159400,1.5,19.151000,0.3,N=C1ON=CC=N1,,[]
37,1009.222232,0.3,0.049066,0.0,0.217900,25.0,20.133000,0.4,FC1=NC(=O)N=CO1,,[]
37,1020.916499,0.4,0.061061,0.3,0.210600,18.9,21.959000,0.9,O=CN1N=NNC1=O,,[]
37,1023.799905,0.4,0.051185,0.1,0.161600,2.0,25.222000,5.5,FC1=C(F)C(=N)ON=N1,,[]
37,1042.231113,0.4,0.065000,0.5,0.151100,0.7,26.116000,8.3,NC1=C(ON=N1)N(=O)=O,,[]
37,1045.742028,0.5,0.060138,0.3,0.145000,0.4,21.190000,0.6,O=CC1=NC=NN=N1,,[]
37,1067.736863,0.5,0.052118,0.1,0.194000,9.4,24.782000,4.4,FC1=NOC(=N)C(=O)O1,,[]
37,1110.789661,0.8,0.066388,0.7,0.142700,0.3,23.317000,2.0,O=N(=O)C1=CN=NC=N1,,[]
37,1121.094621,0.8,0.067428,0.9,0.201300,12.6,20.134000,0.4,C#CC1=NC=CO1,,[]
37,1122.942009,0.9,0.067576,1.0,0.203000,13.6,20.117000,0.3,C#CC1=CN=CO1,,[]
37,1137.036499,0.9,0.052971,0.2,0.159200,1.5,24.934000,4.8,O=C1ON=NC(=C1)C#N,,[]
37,1230.854813,2.0,0.055825,0.2,0.194000,9.4,23.988000,2.7,N#CC1=C(N=CO1)C#N,,[]
37,1380.919311,6.3,0.089055,3.7,0.141900,0.3,26.812000,11.2,N=C1ON=CC=C1C=O,,[]
37,1402.986937,7.4,0.100842,7.2,0.082500,0.0,30.327000,37.4,NC=[NH+]C1=COC([O-])=N1,,[]
37,1418.839709,8.0,0.089499,3.9,0.126600,0.1,27.770000,16.2,N=C1NC(C=O)=CC1=O,,[]
37,1465.099707,11.0,0.087865,3.5,0.118300,0.1,27.533000,14.7,O=CC1=CC(=O)C(=O)C1,,[]
37,1468.365267,11.2,0.103828,9.2,0.133400,0.1,26.847000,11.4,N=C1NC=CN=CC1=O,,[]
37,1483.077226,12.2,0.092805,4.7,0.141200,0.3,23.718000,2.5,O=C1C=CC2=CN=CN12,,[]
38,481.107121,0.0,0.051208,0.1,0.343700,98.8,8.751000,0.0,CO,,[]
38,724.694376,0.0,0.033373,0.0,0.318800,91.5,18.453000,0.2,FC(F)(F)C#C,,[]
38,784.640984,0.1,0.059116,0.2,0.271500,62.7,12.360000,0.0,N1C=NN=C1,,[]
38,847.509276,0.1,0.061106,0.3,0.250000,49.3,16.782000,0.1,CC1=NON=N1,,[]
38,901.820848,0.1,0.064276,0.4,0.242100,43.7,16.736000,0.1,O=C1NC=NN1,,[]
38,929.847931,0.2,0.083382,2.7,0.234400,38.9,16.893000,0.2,CC(C)=O,,[]
38,935.041827,0.2,0.066444,0.7,0.225700,32.5,20.149000,0.4,OCC1=NON=N1,,[]
38,942.772116,0.2,0.079595,2.2,0.254200,52.5,16.197000,0.1,O=CN1CC1,,[]
38,950.085112,0.3,0.058452,0.2,0.222900,29.9,22.920000,1.8,N=C1ON=NOC1=N,,[]
38,1004.244827,0.3,0.067602,1.0,0.159400,1.6,19.151000,0.3,N=C1ON=CC=N1,,[]
38,1009.222232,0.3,0.049066,0.0,0.217900,25.1,20.133000,0.3,FC1=NC(=O)N=CO1,,[]
38,1020.916499,0.4,0.061061,0.3,0.210600,19.0,21.959000,0.9,O=CN1N=NNC1=O,,[]
38,1023.799905,0.4,0.051185,0.1,0.161600,2.1,25.222000,5.5,FC1=C(F)C(=N)ON=N1,,[]
38,1042.231113,0.4,0.065000,0.5,0.151100,0.7,26.116000,8.4,NC1=C(ON=N1)N(=O)=O,,[]
38,1045.742028,0.5,0.060138,0.3,0.145000,0.5,21.190000,0.6,O=CC1=NC=NN=N1,,[]
38,1067.736863,0.5,0.052118,0.1,0.194000,9.5,24.782000,4.5,FC1=NOC(=N)C(=O)O1,,[]
38,1110.789661,0.7,0.066388,0.7,0.142700,0.3,23.317000,1.9,O=N(=O)C1=CN=NC=N1,,[]
38,1121.094621,0.8,0.067428,0.9,0.201300,12.6,20.134000,0.4,C#CC1=NC=CO1,,[]
38,1122.942009,0.9,0.067576,0.9,0.203000,13.6,20.117000,0.3,C#CC1=CN=CO1,,[]
38,1137.036499,0.9,0.052971,0.2,0.159200,1.5,24.934000,4.8,O=C1ON=NC(=C1)C#N,,[]
38,1230.854813,2.0,0.055825,0.2,0.194000,9.5,23.988000,2.8,N#CC1=C(N=CO1)C#N,,[]
38,1380.919311,6.3,0.089055,3.7,0.141900,0.3,26.812000,11.3,N=C1ON=CC=C1C=O,,[]
38,1402.986937,7.4,0.100842,7.2,0.082500,0.0,30.327000,37.5,NC=[NH+]C1=COC([O-])=N1,,[]
38,1418.839709,8.0,0.089499,3.8,0.126600,0.1,27.770000,16.3,N=C1NC(C=O)=CC1=O,,[]
38,1461.079254,10.6,0.102639,8.5,0.141600,0.3,27.571000,15.0,OC1=CC(=N)C=NC=N1,,[]
38,1465.099707,11.0,0.087865,3.4,0.118300,0.1,27.533000,14.8,O=CC1=CC(=O)C(=O)C1,,[]
38,1468.365267,11.3,0.103828,9.2,0.133400,0.1,26.847000,11.4,N=C1NC=CN=CC1=O,,[]
38,1483.077226,12.2,0.092805,4.6,0.141200,0.3,23.718000,2.5,O=C1C=CC2=CN=CN12,,[]
39,481.107121,0.0,0.051208,0.1,0.343700,98.8,8.751000,0.0,CO,,[]
39,724.694376,0.0,0.033373,0.0,0.318800,91.5,18.453000,0.2,FC(F)(F)C#C,,[]
39,784.640984,0.1,0.059116,0.2,0.271500,62.8,12.360000,0.0,N1C=NN=C1,,[]
39,847.509276,0.1,0.061106,0.3,0.250000,49.3,16.782000,0.1,CC1=NON=N1,,[]
39,901.820848,0.1,0.064276,0.4,0.242100,43.7,16.736000,0.1,O=C1NC=NN1,,[]
39,929.847931,0.2,0.083382,2.6,0.234400,38.9,16.893000,0.2,CC(C)=O,,[]
39,935.041827,0.2,0.066444,0.7,0.225700,32.5,20.149000,0.4,OCC1=NON=N1,,[]
39,942.772116,0.2,0.079595,2.2,0.254200,52.5,16.197000,0.1,O=CN1CC1,,[]
39,950.085112,0.3,0.058452,0.2,0.222900,30.0,22.920000,1.7,N=C1ON=NOC1=N,,[]
39,1004.244827,0.3,0.067602,0.9,0.159400,1.5,19.151000,0.3,N=C1ON=CC=N1,,[]
39,1009.222232,0.3,0.049066,0.0,0.217900,25.2,20.133000,0.3,FC1=NC(=O)N=CO1,,[]
39,1020.916499,0.4,0.061061,0.3,0.210600,19.0,21.959000,0.9,O=CN1N=NNC1=O,,[]
39,1023.799905,0.4,0.051185,0.1,0.161600,2.0,25.222000,5.5,FC1=C(F)C(=N)ON=N1,,[]
39,1042.231113,0.4,0.065000,0.5,0.151100,0.7,26.116000,8.4,NC1=C(ON=N1)N(=O)=O,,[]
39,1045.742028,0.4,0.060138,0.3,0.145000,0.4,21.190000,0.5,O=CC1=NC=NN=N1,,[]
39,1067.736863,0.5,0.052118,0.1,0.194000,9.6,24.782000,4.4,FC1=NOC(=N)C(=O)O1,,[]
39,1110.789661,0.7,0.066388,0.7,0.142700,0.3,23.317000,1.9,O=N(=O)C1=CN=NC=N1,,[]
39,1121.094621,0.8,0.067428,0.8,0.201300,12.7,20.134000,0.4,C#CC1=NC=CO1,,[]
39,1122.942009,0.8,0.067576,0.9,0.203000,13.7,20.117000,0.3,C#CC1=CN=CO1,,[]
39,1137.036499,0.9,0.052971,0.2,0.159200,1.5,24.934000,4.8,O=C1ON=NC(=C1)C#N,,[]
39,1230.854813,2.0,0.055825,0.2,0.194000,9.6,23.988000,2.8,N#CC1=C(N=CO1)C#N,,[]
39,1380.919311,6.3,0.089055,3.6,0.141900,0.3,26.812000,11.2,N=C1ON=CC=C1C=O,,[]
39,1402.986937,7.4,0.100842,7.2,0.082500,0.0,30.327000,37.5,NC=[NH+]C1=COC([O-])=N1,,[]
39,1418.839709,8.0,0.089499,3.8,0.126600,0.1,27.770000,16.3,N=C1NC(C=O)=CC1=O,,[]
39,1461.079254,10.6,0.102639,8.5,0.141600,0.3,27.571000,15.0,OC1=CC(=N)C=NC=N1,,[]
39,1465.099707,11.0,0.087865,3.3,0.118300,0.1,27.533000,14.8,O=CC1=CC(=O)C(=O)C1,,[]
39,1468.365267,11.3,0.103828,9.2,0.133400,0.1,26.847000,11.4,N=C1NC=CN=CC1=O,,[]
39,1483.077226,12.3,0.092805,4.6,0.141200,0.3,23.718000,2.5,O=C1C=CC2=CN=CN12,,[]
40,481.107121,0.0,0.051208,0.1,0.343700,98.8,8.751000,0.0,CO,,[]
40,724.694376,0.0,0.033373,0.0,0.318800,91.6,18.453000,0.2,FC(F)(F)C#C,,[]
40,784.640984,0.1,0.059116,0.2,0.271500,63.1,12.360000,0.0,N1C=NN=C1,,[]
40,847.509276,0.1,0.061106,0.3,0.250000,49.4,16.782000,0.1,CC1=NON=N1,,[]
40,901.820848,0.1,0.064276,0.4,0.242100,43.8,16.736000,0.1,O=C1NC=NN1,,[]
40,929.847931,0.2,0.083382,2.6,0.234400,38.9,16.893000,0.2,CC(C)=O,,[]
40,935.041827,0.2,0.066444,0.7,0.225700,32.5,20.149000,0.4,OCC1=NON=N1,,[]
40,942.772116,0.2,0.079595,2.2,0.254200,52.6,16.197000,0.1,O=CN1CC1,,[]
40,950.085112,0.3,0.058452,0.2,0.222900,30.0,22.920000,1.7,N=C1ON=NOC1=N,,[]
40,1004.244827,0.3,0.067602,0.9,0.159400,1.6,19.151000,0.3,N=C1ON=CC=N1,,[]
40,1009.222232,0.3,0.049066,0.0,0.217900,25.2,20.133000,0.3,FC1=NC(=O)N=CO1,,[]
40,1020.916499,0.4,0.061061,0.3,0.210600,19.0,21.959000,0.9,O=CN1N=NNC1=O,,[]
40,1023.799905,0.4,0.051185,0.1,0.161600,2.1,25.222000,5.5,FC1=C(F)C(=N)ON=N1,,[]
40,1042.231113,0.4,0.065000,0.5,0.151100,0.8,26.116000,8.4,NC1=C(ON=N1)N(=O)=O,,[]
40,1045.742028,0.4,0.060138,0.3,0.145000,0.5,21.190000,0.6,O=CC1=NC=NN=N1,,[]
40,1067.736863,0.5,0.052118,0.1,0.194000,9.7,24.782000,4.4,FC1=NOC(=N)C(=O)O1,,[]
40,1110.789661,0.7,0.066388,0.7,0.142700,0.4,23.317000,1.9,O=N(=O)C1=CN=NC=N1,,[]
40,1121.094621,0.8,0.067428,0.8,0.201300,12.8,20.134000,0.4,C#CC1=NC=CO1,,[]
40,1122.942009,0.8,0.067576,0.9,0.203000,13.7,20.117000,0.3,C#CC1=CN=CO1,,[]
40,1137.036499,0.9,0.052971,0.2,0.159200,1.6,24.934000,4.8,O=C1ON=NC(=C1)C#N,,[]
40,1230.854813,1.9,0.055825,0.2,0.194000,9.7,23.988000,2.8,N#CC1=C(N=CO1)C#N,,[]
40,1380.919311,6.2,0.089055,3.6,0.141900,0.4,26.812000,11.2,N=C1ON=CC=C1C=O,,[]
40,1402.986937,7.3,0.100842,7.2,0.082500,0.0,30.327000,37.4,NC=[NH+]C1=COC([O-])=N1,,[]
40,1418.839709,7.9,0.089499,3.7,0.126600,0.1,27.770000,16.4,N=C1NC(C=O)=CC1=O,,[]
40,1461.079254,10.6,0.102639,8.5,0.141600,0.3,27.571000,15.1,OC1=CC(=N)C=NC=N1,,[]
40,1465.099707,10.9,0.087865,3.3,0.118300,0.1,27.533000,14.9,O=CC1=CC(=O)C(=O)C1,,[]
40,1468.365267,11.2,0.103828,9.2,0.133400,0.2,26.847000,11.4,N=C1NC=CN=CC1=O,,[]
40,1483.077226,12.2,0.092805,4.6,0.141200,0.3,23.718000,2.5,O=C1C=CC2=CN=CN12,,[]
41,481.107121,0.0,0.051208,0.1,0.343700,98.8,8.751000,0.0,CO,,[]
41,724.694376,0.0,0.033373,0.0,0.318800,91.5,18.453000,0.2,FC(F)(F)C#C,,[]
41,784.640984,0.0,0.059116,0.2,0.271500,62.9,12.360000,0.0,N1C=NN=C1,,[]
41,847.509276,0.1,0.061106,0.3,0.250000,49.2,16.782000,0.1,CC1=NON=N1,,[]
41,901.820848,0.1,0.064276,0.4,0.242100,43.6,16.736000,0.1,O=C1NC=NN1,,[]
41,929.847931,0.2,0.083382,2.5,0.234400,38.7,16.893000,0.1,CC(C)=O,,[]
41,935.041827,0.2,0.066444,0.7,0.225700,32.3,20.149000,0.4,OCC1=NON=N1,,[]
41,942.772116,0.2,0.079595,2.1,0.254200,52.4,16.197000,0.0,O=CN1CC1,,[]
41,950.085112,0.2,0.058452,0.2,0.222900,29.9,22.920000,1.7,N=C1ON=NOC1=N,,[]
41,1004.244827,0.3,0.067602,0.9,0.159400,1.6,19.151000,0.2,N=C1ON=CC=N1,,[]
41,1009.222232,0.3,0.049066,0.0,0.217900,25.1,20.133000,0.3,FC1=NC(=O)N=CO1,,[]
41,1020.916499,0.3,0.061061,0.3,0.210600,18.9,21.959000,0.9,O=CN1N=NNC1=O,,[]
41,1023.799905,0.4,0.051185,0.0,0.161600,2.0,25.222000,5.4,FC1=C(F)C(=N)ON=N1,,[]
41,1042.231113,0.4,0.065000,0.4,0.151100,0.8,26.116000,8.4,NC1=C(ON=N1)N(=O)=O,,[]
41,1045.742028,0.4,0.060138,0.2,0.145000,0.5,21.190000,0.5,O=CC1=NC=NN=N1,,[]
41,1067.736863,0.5,0.052118,0.1,0.194000,9.6,24.782000,4.4,FC1=NOC(=N)C(=O)O1,,[]
41,1110.789661,0.7,0.066388,0.6,0.142700,0.4,23.317000,1.9,O=N(=O)C1=CN=NC=N1,,[]
41,1121.094621,0.8,0.067428,0.8,0.201300,12.7,20.134000,0.3,C#CC1=NC=CO1,,[]
41,1122.942009,0.8,0.067576,0.9,0.203000,13.7,20.117000,0.3,C#CC1=CN=CO1,,[]
41,1137.036499,0.8,0.052971,0.1,0.159200,1.6,24.934000,4.7,O=C1ON=NC(=C1)C#N,,[]
41,1230.854813,1.9,0.055825,0.2,0.194000,9.6,23.988000,2.8,N#CC1=C(N=CO1)C#N,,[]
41,1380.919311,6.1,0.089055,3.5,0.141900,0.3,26.812000,11.2,N=C1ON=CC=C1C=O,,[]
41,1402.986937,7.2,0.100842,7.1,0.082500,0.0,30.327000,37.2,NC=[NH+]C1=COC([O-])=N1,,[]
41,1418.839709,7.9,0.089499,3.7,0.126600,0.1,27.770000,16.4,N=C1NC(C=O)=CC1=O,,[]
41,1461.079254,10.5,0.102639,8.4,0.141600,0.3,27.571000,15.1,OC1=CC(=N)C=NC=N1,,[]
41,1465.099707,10.9,0.087865,3.2,0.118300,0.1,27.533000,14.9,O=CC1=CC(=O)C(=O)C1,,[]
41,1468.365267,11.2,0.103828,9.1,0.133400,0.1,26.847000,11.4,N=C1NC=CN=CC1=O,,[]
41,1483.077226,12.1,0.092805,4.5,0.141200,0.3,23.718000,2.5,O=C1C=CC2=CN=CN12,,[]
42,481.107121,0.0,0.051208,0.1,0.343700,98.8,8.751000,0.0,CO,,[]
42,724.694376,0.0,0.033373,0.0,0.318800,91.5,18.453000,0.2,FC(F)(F)C#C,,[]
42,784.640984,0.0,0.059116,0.2,0.271500,63.0,12.360000,0.0,N1C=NN=C1,,[]
42,847.509276,0.1,0.061106,0.3,0.250000,49.2,16.782000,0.1,CC1=NON=N1,,[]
42,901.820848,0.1,0.064276,0.4,0.242100,43.5,16.736000,0.1,O=C1NC=NN1,,[]
42,929.847931,0.2,0.083382,2.5,0.234400,38.7,16.893000,0.1,CC(C)=O,,[]
42,935.041827,0.2,0.066444,0.7,0.225700,32.4,20.149000,0.4,OCC1=NON=N1,,[]
42,942.772116,0.2,0.079595,2.1,0.254200,52.4,16.197000,0.0,O=CN1CC1,,[]
42,950.085112,0.2,0.058452,0.2,0.222900,30.0,22.920000,1.8,N=C1ON=NOC1=N,,[]
42,1004.244827,0.3,0.067602,0.9,0.159400,1.5,19.151000,0.3,N=C1ON=CC=N1,,[]
42,1009.222232,0.3,0.049066,0.0,0.217900,25.1,20.133000,0.3,FC1=NC(=O)N=CO1,,[]
42,1020.916499,0.3,0.061061,0.3,0.210600,19.0,21.959000,1.0,O=CN1N=NNC1=O,,[]
42,1023.799905,0.4,0.051185,0.0,0.161600,2.0,25.222000,5.4,FC1=C(F)C(=N)ON=N1,,[]
42,1042.231113,0.4,0.065000,0.4,0.151100,0.8,26.116000,8.4,NC1=C(ON=N1)N(=O)=O,,[]
42,1045.742028,0.4,0.060138,0.2,0.145000,0.5,21.190000,0.6,O=CC1=NC=NN=N1,,[]
42,1067.736863,0.5,0.052118,0.1,0.194000,9.5,24.782000,4.3,FC1=NOC(=N)C(=O)O1,,[]
42,1110.789661,0.7,0.066388,0.6,0.142700,0.4,23.317000,1.9,O=N(=O)C1=CN=NC=N1,,[]
42,1121.094621,0.8,0.067428,0.8,0.201300,12.7,20.134000,0.4,C#CC1=NC=CO1,,[]
42,1122.942009,0.8,0.067576,0.8,0.203000,13.7,20.117000,0.3,C#CC1=CN=CO1,,[]
42,1137.036499,0.9,0.052971,0.1,0.159200,1.5,24.934000,4.7,O=C1ON=NC(=C1)C#N,,[]
42,1230.854813,1.9,0.055825,0.2,0.194000,9.5,23.988000,2.8,N#CC1=C(N=CO1)C#N,,[]
42,1380.919311,6.1,0.089055,3.5,0.141900,0.3,26.812000,11.2,N=C1ON=CC=C1C=O,,[]
42,1402.986937,7.2,0.100842,7.1,0.082500,0.0,30.327000,37.2,NC=[NH+]C1=COC([O-])=N1,,[]
42,1418.839709,7.8,0.089499,3.7,0.126600,0.1,27.770000,16.4,N=C1NC(C=O)=CC1=O,,[]
42,1461.079254,10.5,0.102639,8.4,0.141600,0.3,27.571000,15.2,OC1=CC(=N)C=NC=N1,,[]
42,1465.099707,10.9,0.087865,3.2,0.118300,0.1,27.533000,15.0,O=CC1=CC(=O)C(=O)C1,,[]
42,1468.365267,11.2,0.103828,9.1,0.133400,0.1,26.847000,11.3,N=C1NC=CN=CC1=O,,[]
42,1483.077226,12.1,0.092805,4.5,0.141200,0.3,23.718000,2.5,O=C1C=CC2=CN=CN12,,[]
43,481.107121,0.0,0.051208,0.1,0.343700,98.8,8.751000,0.0,CO,,[]
43,724.694376,0.0,0.033373,0.0,0.318800,91.6,18.453000,0.2,FC(F)(F)C#C,,[]
43,784.640984,0.0,0.059116,0.2,0.271500,63.0,12.360000,0.0,N1C=NN=C1,,[]
43,847.509276,0.1,0.061106,0.3,0.250000,49.1,16.782000,0.1,CC1=NON=N1,,[]
43,901.820848,0.1,0.064276,0.4,0.242100,43.5,16.736000,0.1,O=C1NC=NN1,,[]
43,929.847931,0.2,0.083382,2.4,0.234400,38.7,16.893000,0.1,CC(C)=O,,[]
43,935.041827,0.2,0.066444,0.7,0.225700,32.4,20.149000,0.4,OCC1=NON=N1,,[]
43,942.772116,0.2,0.079595,2.0,0.254200,52.3,16.197000,0.0,O=CN1CC1,,[]
43,950.085112,0.2,0.058452,0.2,0.222900,29.9,22.920000,1.8,N=C1ON=NOC1=N,,[]
43,1004.244827,0.3,0.067602,0.9,0.159400,1.6,19.151000,0.3,N=C1ON=CC=N1,,[]
43,1009.222232,0.3,0.049066,0.0,0.217900,25.1,20.133000,0.3,FC1=NC(=O)N=CO1,,[]
43,1020.916499,0.3,0.061061,0.3,0.210600,19.0,21.959000,1.0,O=CN1N=NNC1=O,,[]
43,1023.799905,0.4,0.051185,0.0,0.161600,2.0,25.222000,5.5,FC1=C(F)C(=N)ON=N1,,[]
43,1042.231113,0.4,0.065000,0.4,0.151100,0.8,26.116000,8.4,NC1=C(ON=N1)N(=O)=O,,[]
43,1045.742028,0.4,0.060138,0.3,0.145000,0.5,21.190000,0.6,O=CC1=NC=NN=N1,,[]
43,1067.736863,0.4,0.052118,0.1,0.194000,9.5,24.782000,4.4,FC1=NOC(=N)C(=O)O1,,[]
43,1110.789661,0.7,0.066388,0.6,0.142700,0.4,23.317000,1.9,O=N(=O)C1=CN=NC=N1,,[]
43,1121.094621,0.8,0.067428,0.8,0.201300,12.7,20.134000,0.4,C#CC1=NC=CO1,,[]
43,1122.942009,0.8,0.067576,0.8,0.203000,13.6,20.117000,0.3,C#CC1=CN=CO1,,[]
43,1127.183973,0.8,0.059940,0.2,0.187600,7.6,21.896000,0.9,FC1=CC=NC(=O)O1,,[]
43,1137.036499,0.9,0.052971,0.1,0.159200,1.5,24.934000,4.7,O=C1ON=NC(=C1)C#N,,[]
43,1230.854813,1.9,0.055825,0.2,0.194000,9.5,23.988000,2.8,N#CC1=C(N=CO1)C#N,,[]
43,1380.919311,6.1,0.089055,3.5,0.141900,0.3,26.812000,11.1,N=C1ON=CC=C1C=O,,[]
43,1402.986937,7.2,0.100842,7.0,0.082500,0.0,30.327000,37.1,NC=[NH+]C1=COC([O-])=N1,,[]
43,1418.839709,7.8,0.089499,3.6,0.126600,0.1,27.770000,16.4,N=C1NC(C=O)=CC1=O,,[]
43,1461.079254,10.5,0.102639,8.3,0.141600,0.3,27.571000,15.1,OC1=CC(=N)C=NC=N1,,[]
43,1465.099707,10.8,0.087865,3.2,0.118300,0.1,27.533000,14.9,O=CC1=CC(=O)C(=O)C1,,[]
43,1468.365267,11.1,0.103828,9.1,0.133400,0.1,26.847000,11.3,N=C1NC=CN=CC1=O,,[]
43,1483.077226,12.1,0.092805,4.4,0.141200,0.3,23.718000,2.5,O=C1C=CC2=CN=CN12,,[]
44,481.107121,0.0,0.051208,0.1,0.343700,98.9,8.751000,0.0,CO,,[]
44,724.694376,0.0,0.033373,0.0,0.318800,91.6,18.453000,0.2,FC(F)(F)C#C,,[]
44,784.640984,0.0,0.059116,0.2,0.271500,63.0,12.360000,0.0,N1C=NN=C1,,[]
44,847.509276,0.1,0.061106,0.3,0.250000,49.1,16.782000,0.1,CC1=NON=N1,,[]
44,901.820848,0.1,0.064276,0.4,0.242100,43.5,16.736000,0.1,O=C1NC=NN1,,[]
44,929.847931,0.2,0.083382,2.4,0.234400,38.8,16.893000,0.1,CC(C)=O,,[]
44,935.041827,0.2,0.066444,0.7,0.225700,32.7,20.149000,0.4,OCC1=NON=N1,,[]
44,942.772116,0.2,0.079595,2.0,0.254200,52.2,16.197000,0.0,O=CN1CC1,,[]
44,950.085112,0.2,0.058452,0.2,0.222900,30.1,22.920000,1.7,N=C1ON=NOC1=N,,[]
44,1004.244827,0.3,0.067602,0.9,0.159400,1.6,19.151000,0.3,N=C1ON=CC=N1,,[]
44,1009.222232,0.3,0.049066,0.0,0.217900,25.2,20.133000,0.3,FC1=NC(=O)N=CO1,,[]
44,1020.916499,0.3,0.061061,0.3,0.210600,19.0,21.959000,1.0,O=CN1N=NNC1=O,,[]
44,1023.799905,0.3,0.051185,0.0,0.161600,2.0,25.222000,5.5,FC1=C(F)C(=N)ON=N1,,[]
44,1042.231113,0.4,0.065000,0.5,0.151100,0.8,26.116000,8.4,NC1=C(ON=N1)N(=O)=O,,[]
44,1045.742028,0.4,0.060138,0.3,0.145000,0.5,21.190000,0.6,O=CC1=NC=NN=N1,,[]
44,1067.736863,0.4,0.052118,0.1,0.194000,9.5,24.782000,4.4,FC1=NOC(=N)C(=O)O1,,[]
44,1110.789661,0.7,0.066388,0.6,0.142700,0.3,23.317000,1.9,O=N(=O)C1=CN=NC=N1,,[]
44,1121.094621,0.8,0.067428,0.8,0.201300,12.6,20.134000,0.3,C#CC1=NC=CO1,,[]
44,1122.942009,0.8,0.067576,0.9,0.203000,13.6,20.117000,0.3,C#CC1=CN=CO1,,[]
44,1127.183973,0.8,0.059940,0.2,0.187600,7.7,21.896000,0.9,FC1=CC=NC(=O)O1,,[]
44,1137.036499,0.9,0.052971,0.1,0.159200,1.5,24.934000,4.7,O=C1ON=NC(=C1)C#N,,[]
44,1230.854813,1.9,0.055825,0.2,0.194000,9.5,23.988000,2.8,N#CC1=C(N=CO1)C#N,,[]
44,1380.919311,6.1,0.089055,3.4,0.141900,0.3,26.812000,11.1,N=C1ON=CC=C1C=O,,[]
44,1402.986937,7.2,0.100842,7.1,0.082500,0.0,30.327000,37.0,NC=[NH+]C1=COC([O-])=N1,,[]
44,1418.839709,7.8,0.089499,3.7,0.126600,0.1,27.770000,16.4,N=C1NC(C=O)=CC1=O,,[]
44,1461.079254,10.6,0.102639,8.4,0.141600,0.3,27.571000,15.1,OC1=CC(=N)C=NC=N1,,[]
44,1465.099707,10.9,0.087865,3.1,0.118300,0.1,27.533000,14.9,O=CC1=CC(=O)C(=O)C1,,[]
44,1468.365267,11.2,0.103828,9.1,0.133400,0.1,26.847000,11.3,N=C1NC=CN=CC1=O,,[]
44,1483.077226,12.2,0.092805,4.5,0.141200,0.3,23.718000,2.5,O=C1C=CC2=CN=CN12,,[]
45,481.107121,0.0,0.051208,0.1,0.343700,98.9,8.751000,0.0,CO,,[]
45,724.694376,0.0,0.033373,0.0,0.318800,91.6,18.453000,0.2,FC(F)(F)C#C,,[]
45,753.387875,0.0,0.079534,2.0,0.343500,98.9,12.934000,0.0,COC,,[]
45,784.640984,0.1,0.059116,0.2,0.271500,63.0,12.360000,0.0,N1C=NN=C1,,[]
45,847.509276,0.1,0.061106,0.3,0.250000,49.0,16.782000,0.1,CC1=NON=N1,,[]
45,901.820848,0.1,0.064276,0.4,0.242100,43.4,16.736000,0.1,O=C1NC=NN1,,[]
45,929.847931,0.2,0.083382,2.4,0.234400,38.7,16.893000,0.2,CC(C)=O,,[]
45,935.041827,0.2,0.066444,0.7,0.225700,32.6,20.149000,0.4,OCC1=NON=N1,,[]
45,942.772116,0.2,0.079595,2.0,0.254200,52.1,16.197000,0.1,O=CN1CC1,,[]
45,950.085112,0.2,0.058452,0.2,0.222900,30.0,22.920000,1.7,N=C1ON=NOC1=N,,[]
45,1004.244827,0.3,0.067602,0.9,0.159400,1.6,19.151000,0.3,N=C1ON=CC=N1,,[]
45,1009.222232,0.3,0.049066,0.0,0.217900,25.2,20.133000,0.3,FC1=NC(=O)N=CO1,,[]
45,1020.916499,0.3,0.061061,0.3,0.210600,18.9,21.959000,1.0,O=CN1N=NNC1=O,,[]
45,1023.799905,0.4,0.051185,0.0,0.161600,2.0,25.222000,5.4,FC1=C(F)C(=N)ON=N1,,[]
45,1042.231113,0.4,0.065000,0.4,0.151100,0.8,26.116000,8.4,NC1=C(ON=N1)N(=O)=O,,[]
45,1045.742028,0.4,0.060138,0.2,0.145000,0.4,21.190000,0.6,O=CC1=NC=NN=N1,,[]
45,1067.736863,0.4,0.052118,0.1,0.194000,9.4,24.782000,4.4,FC1=NOC(=N)C(=O)O1,,[]
45,1110.789661,0.7,0.066388,0.6,0.142700,0.3,23.317000,1.9,O=N(=O)C1=CN=NC=N1,,[]
45,1121.094621,0.8,0.067428,0.8,0.201300,12.6,20.134000,0.4,C#CC1=NC=CO1,,[]
45,1122.942009,0.8,0.067576,0.8,0.203000,13.5,20.117000,0.3,C#CC1=CN=CO1,,[]
45,1127.183973,0.8,0.059940,0.2,0.187600,7.6,21.896000,0.9,FC1=CC=NC(=O)O1,,[]
45,1137.036499,0.9,0.052971,0.1,0.159200,1.5,24.934000,4.7,O=C1ON=NC(=C1)C#N,,[]
45,1230.854813,1.9,0.055825,0.2,0.194000,9.4,23.988000,2.8,N#CC1=C(N=CO1)C#N,,[]
45,1380.919311,6.1,0.089055,3.5,0.141900,0.3,26.812000,11.1,N=C1ON=CC=C1C=O,,[]
45,1402.986937,7.2,0.100842,7.1,0.082500,0.0,30.327000,37.1,NC=[NH+]C1=COC([O-])=N1,,[]
45,1418.839709,7.8,0.089499,3.7,0.126600,0.1,27.770000,16.3,N=C1NC(C=O)=CC1=O,,[]
45,1461.079254,10.6,0.102639,8.4,0.141600,0.3,27.571000,15.1,OC1=CC(=N)C=NC=N1,,[]
45,1465.099707,11.0,0.087865,3.1,0.118300,0.1,27.533000,14.9,O=CC1=CC(=O)C(=O)C1,,[]
45,1468.365267,11.3,0.103828,9.1,0.133400,0.1,26.847000,11.2,N=C1NC=CN=CC1=O,,[]
45,1483.077226,12.3,0.092805,4.5,0.141200,0.3,23.718000,2.5,O=C1C=CC2=CN=CN12,,[]
46,481.107121,0.0,0.051208,0.1,0.343700,98.9,8.751000,0.0,CO,,[]
46,724.694376,0.0,0.033373,0.0,0.318800,91.5,18.453000,0.2,FC(F)(F)C#C,,[]
46,753.387875,0.0,0.079534,2.0,0.343500,98.9,12.934000,0.0,COC,,[]
46,784.640984,0.1,0.059116,0.2,0.271500,63.0,12.360000,0.0,N1C=NN=C1,,[]
46,847.509276,0.1,0.061106,0.3,0.250000,48.9,16.782000,0.1,CC1=NON=N1,,[]
46,901.820848,0.1,0.064276,0.4,0.242100,43.2,16.736000,0.1,O=C1NC=NN1,,[]
46,929.847931,0.2,0.083382,2.4,0.234400,38.5,16.893000,0.2,CC(C)=O,,[]
46,935.041827,0.2,0.066444,0.7,0.225700,32.5,20.149000,0.4,OCC1=NON=N1,,[]
46,942.772116,0.2,0.079595,2.0,0.254200,52.0,16.197000,0.1,O=CN1CC1,,[]
46,950.085112,0.2,0.058452,0.2,0.222900,30.0,22.920000,1.7,N=C1ON=NOC1=N,,[]
46,1004.244827,0.3,0.067602,0.8,0.159400,1.6,19.151000,0.3,N=C1ON=CC=N1,,[]
46,1009.222232,0.3,0.049066,0.0,0.217900,25.1,20.133000,0.3,FC1=NC(=O)N=CO1,,[]
46,1020.916499,0.3,0.061061,0.3,0.210600,18.8,21.959000,1.0,O=CN1N=NNC1=O,,[]
46,1023.799905,0.4,0.051185,0.0,0.161600,2.0,25.222000,5.5,FC1=C(F)C(=N)ON=N1,,[]
46,1042.231113,0.4,0.065000,0.4,0.151100,0.7,26.116000,8.3,NC1=C(ON=N1)N(=O)=O,,[]
46,1045.742028,0.4,0.060138,0.2,0.145000,0.4,21.190000,0.5,O=CC1=NC=NN=N1,,[]
46,1067.736863,0.4,0.052118,0.1,0.194000,9.4,24.782000,4.4,FC1=NOC(=N)C(=O)O1,,[]
46,1110.789661,0.7,0.066388,0.6,0.142700,0.3,23.317000,1.9,O=N(=O)C1=CN=NC=N1,,[]
46,1121.094621,0.7,0.067428,0.7,0.201300,12.6,20.134000,0.4,C#CC1=NC=CO1,,[]
46,1122.942009,0.8,0.067576,0.8,0.203000,13.5,20.117000,0.3,C#CC1=CN=CO1,,[]
46,1127.183973,0.8,0.059940,0.2,0.187600,7.6,21.896000,0.9,FC1=CC=NC(=O)O1,,[]
46,1137.036499,0.8,0.052971,0.1,0.159200,1.5,24.934000,4.7,O=C1ON=NC(=C1)C#N,,[]
46,1230.854813,1.8,0.055825,0.2,0.194000,9.4,23.988000,2.8,N#CC1=C(N=CO1)C#N,,[]
46,1380.919311,6.1,0.089055,3.5,0.141900,0.3,26.812000,11.1,N=C1ON=CC=C1C=O,,[]
46,1402.986937,7.2,0.100842,7.1,0.082500,0.0,30.327000,37.1,NC=[NH+]C1=COC([O-])=N1,,[]
46,1418.839709,7.8,0.089499,3.7,0.126600,0.1,27.770000,16.3,N=C1NC(C=O)=CC1=O,,[]
46,1461.079254,10.6,0.102639,8.3,0.141600,0.3,27.571000,15.1,OC1=CC(=N)C=NC=N1,,[]
46,1465.099707,10.9,0.087865,3.1,0.118300,0.1,27.533000,14.9,O=CC1=CC(=O)C(=O)C1,,[]
46,1468.365267,11.2,0.103828,9.1,0.133400,0.1,26.847000,11.3,N=C1NC=CN=CC1=O,,[]
46,1483.077226,12.2,0.092805,4.5,0.141200,0.3,23.718000,2.5,O=C1C=CC2=CN=CN12,,[]
47,481.107121,0.0,0.051208,0.1,0.343700,98.9,8.751000,0.0,CO,,[]
47,724.694376,0.0,0.033373,0.0,0.318800,91.5,18.453000,0.2,FC(F)(F)C#C,,[]
47,753.387875,0.0,0.079534,2.1,0.343500,98.9,12.934000,0.0,COC,,[]
47,784.640984,0.1,0.059116,0.2,0.271500,63.0,12.360000,0.0,N1C=NN=C1,,[]
47,847.509276,0.1,0.061106,0.3,0.250000,49.0,16.782000,0.1,CC1=NON=N1,,[]
47,882.797898,0.1,0.048818,0.0,0.196900,10.4,19.710000,0.3,O=N(=O)C1=NC=NO1,,[]
47,901.820848,0.1,0.064276,0.4,0.242100,43.2,16.736000,0.1,O=C1NC=NN1,,[]
47,929.847931,0.2,0.083382,2.5,0.234400,38.5,16.893000,0.2,CC(C)=O,,[]
47,942.772116,0.2,0.079595,2.1,0.254200,52.1,16.197000,0.1,O=CN1CC1,,[]
47,1004.244827,0.3,0.067602,0.9,0.159400,1.6,19.151000,0.3,N=C1ON=CC=N1,,[]
47,1023.799905,0.4,0.051185,0.1,0.161600,2.0,25.222000,5.6,FC1=C(F)C(=N)ON=N1,,[]
47,1042.231113,0.4,0.065000,0.5,0.151100,0.7,26.116000,8.4,NC1=C(ON=N1)N(=O)=O,,[]
47,1045.742028,0.5,0.060138,0.3,0.145000,0.4,21.190000,0.6,O=CC1=NC=NN=N1,,[]
47,1067.736863,0.5,0.052118,0.1,0.194000,9.5,24.782000,4.5,FC1=NOC(=N)C(=O)O1,,[]
47,1110.789661,0.8,0.066388,0.7,0.142700,0.3,23.317000,2.0,O=N(=O)C1=CN=NC=N1,,[]
47,1127.183973,0.9,0.059940,0.2,0.187600,7.7,21.896000,1.0,FC1=CC=NC(=O)O1,,[]
47,1137.036499,0.9,0.052971,0.2,0.159200,1.5,24.934000,4.8,O=C1ON=NC(=C1)C#N,,[]
47,1230.854813,1.9,0.055825,0.2,0.194000,9.5,23.988000,2.9,N#CC1=C(N=CO1)C#N,,[]
47,1380.919311,6.2,0.089055,3.6,0.141900,0.3,26.812000,11.2,N=C1ON=CC=C1C=O,,[]
47,1402.986937,7.2,0.100842,7.2,0.082500,0.0,30.327000,37.3,NC=[NH+]C1=COC([O-])=N1,,[]
47,1418.839709,7.9,0.089499,3.8,0.126600,0.1,27.770000,16.5,N=C1NC(C=O)=CC1=O,,[]
47,1461.079254,10.7,0.102639,8.5,0.141600,0.3,27.571000,15.3,OC1=CC(=N)C=NC=N1,,[]
47,1465.099707,11.1,0.087865,3.2,0.118300,0.1,27.533000,15.1,O=CC1=CC(=O)C(=O)C1,,[]
47,1468.365267,11.4,0.103828,9.2,0.133400,0.1,26.847000,11.4,N=C1NC=CN=CC1=O,,[]
47,1483.077226,12.4,0.092805,4.6,0.141200,0.3,23.718000,2.6,O=C1C=CC2=CN=CN12,,[]
48,481.107121,0.0,0.051208,0.1,0.343700,98.9,8.751000,0.0,CO,,[]
48,724.694376,0.0,0.033373,0.0,0.318800,91.5,18.453000,0.2,FC(F)(F)C#C,,[]
48,753.387875,0.0,0.079534,2.1,0.343500,98.9,12.934000,0.0,COC,,[]
48,784.640984,0.1,0.059116,0.2,0.271500,63.0,12.360000,0.0,N1C=NN=C1,,[]
48,847.509276,0.1,0.061106,0.3,0.250000,48.8,16.782000,0.1,CC1=NON=N1,,[]
48,882.797898,0.1,0.048818,0.0,0.196900,10.4,19.710000,0.3,O=N(=O)C1=NC=NO1,,[]
48,901.820848,0.1,0.064276,0.4,0.242100,43.1,16.736000,0.1,O=C1NC=NN1,,[]
48,929.847931,0.2,0.083382,2.5,0.234400,38.4,16.893000,0.1,CC(C)=O,,[]
48,942.772116,0.2,0.079595,2.1,0.254200,51.9,16.197000,0.1,O=CN1CC1,,[]
48,1004.244827,0.3,0.067602,0.9,0.159400,1.6,19.151000,0.3,N=C1ON=CC=N1,,[]
48,1023.799905,0.4,0.051185,0.1,0.161600,2.0,25.222000,5.6,FC1=C(F)C(=N)ON=N1,,[]
48,1042.231113,0.4,0.065000,0.5,0.151100,0.7,26.116000,8.4,NC1=C(ON=N1)N(=O)=O,,[]
48,1045.742028,0.4,0.060138,0.3,0.145000,0.4,21.190000,0.6,O=CC1=NC=NN=N1,,[]
48,1067.736863,0.5,0.052118,0.1,0.194000,9.5,24.782000,4.5,FC1=NOC(=N)C(=O)O1,,[]
48,1110.789661,0.8,0.066388,0.7,0.142700,0.3,23.317000,2.0,O=N(=O)C1=CN=NC=N1,,[]
48,1127.183973,0.9,0.059940,0.2,0.187600,7.7,21.896000,1.0,FC1=CC=NC(=O)O1,,[]
48,1137.036499,0.9,0.052971,0.1,0.159200,1.6,24.934000,4.9,O=C1ON=NC(=C1)C#N,,[]
48,1230.854813,1.9,0.055825,0.2,0.194000,9.5,23.988000,2.9,N#CC1=C(N=CO1)C#N,,[]
48,1380.919311,6.2,0.089055,3.6,0.141900,0.3,26.812000,11.3,N=C1ON=CC=C1C=O,,[]
48,1402.986937,7.2,0.100842,7.2,0.082500,0.0,30.327000,37.4,NC=[NH+]C1=COC([O-])=N1,,[]
48,1418.839709,7.9,0.089499,3.8,0.126600,0.1,27.770000,16.6,N=C1NC(C=O)=CC1=O,,[]
48,1461.079254,10.7,0.102639,8.5,0.141600,0.3,27.571000,15.3,OC1=CC(=N)C=NC=N1,,[]
48,1465.099707,11.1,0.087865,3.2,0.118300,0.1,27.533000,15.1,O=CC1=CC(=O)C(=O)C1,,[]
48,1468.365267,11.4,0.103828,9.3,0.133400,0.1,26.847000,11.4,N=C1NC=CN=CC1=O,,[]
48,1483.077226,12.4,0.092805,4.6,0.141200,0.3,23.718000,2.6,O=C1C=CC2=CN=CN12,,[]
49,481.107121,0.0,0.051208,0.1,0.343700,98.9,8.751000,0.0,CO,,[]
49,724.694376,0.0,0.033373,0.0,0.318800,91.4,18.453000,0.2,FC(F)(F)C#C,,[]
49,753.387875,0.0,0.079534,2.1,0.343500,98.8,12.934000,0.0,COC,,[]
49,784.640984,0.1,0.059116,0.2,0.271500,62.9,12.360000,0.0,N1C=NN=C1,,[]
49,847.509276,0.1,0.061106,0.3,0.250000,48.7,16.782000,0.1,CC1=NON=N1,,[]
49,882.797898,0.1,0.048818,0.0,0.196900,10.6,19.710000,0.3,O=N(=O)C1=NC=NO1,,[]
49,901.820848,0.1,0.064276,0.4,0.242100,43.0,16.736000,0.1,O=C1NC=NN1,,[]
49,929.847931,0.2,0.083382,2.5,0.234400,38.3,16.893000,0.1,CC(C)=O,,[]
49,942.772116,0.2,0.079595,2.1,0.254200,51.8,16.197000,0.1,O=CN1CC1,,[]
49,1004.244827,0.3,0.067602,0.9,0.159400,1.7,19.151000,0.3,N=C1ON=CC=N1,,[]
49,1023.799905,0.4,0.051185,0.1,0.161600,2.1,25.222000,5.6,FC1=C(F)C(=N)ON=N1,,[]
49,1042.231113,0.4,0.065000,0.5,0.151100,0.8,26.116000,8.4,NC1=C(ON=N1)N(=O)=O,,[]
49,1045.742028,0.5,0.060138,0.3,0.145000,0.5,21.190000,0.6,O=CC1=NC=NN=N1,,[]
49,1067.736863,0.5,0.052118,0.1,0.194000,9.7,24.782000,4.5,FC1=NOC(=N)C(=O)O1,,[]
49,1110.789661,0.8,0.066388,0.7,0.142700,0.4,23.317000,2.0,O=N(=O)C1=CN=NC=N1,,[]
49,1127.183973,0.9,0.059940,0.2,0.187600,7.9,21.896000,1.0,FC1=CC=NC(=O)O1,,[]
49,1137.036499,0.9,0.052971,0.2,0.159200,1.6,24.934000,4.9,O=C1ON=NC(=C1)C#N,,[]
49,1142.469476,1.0,0.052885,0.1,0.191600,9.1,24.020000,3.0,FC1=NC=C(F)C(=O)O1,,[]
49,1230.854813,2.0,0.055825,0.2,0.194000,9.7,23.988000,2.9,N#CC1=C(N=CO1)C#N,,[]
49,1380.919311,6.2,0.089055,3.6,0.141900,0.4,26.812000,11.3,N=C1ON=CC=C1C=O,,[]
49,1402.986937,7.3,0.100842,7.3,0.082500,0.0,30.327000,37.4,NC=[NH+]C1=COC([O-])=N1,,[]
49,1418.839709,8.0,0.089499,3.8,0.126600,0.1,27.770000,16.7,N=C1NC(C=O)=CC1=O,,[]
49,1461.079254,10.8,0.102639,8.5,0.141600,0.4,27.571000,15.4,OC1=CC(=N)C=NC=N1,,[]
49,1465.099707,11.2,0.087865,3.2,0.118300,0.1,27.533000,15.2,O=CC1=CC(=O)C(=O)C1,,[]
49,1468.365267,11.5,0.103828,9.4,0.133400,0.1,26.847000,11.4,N=C1NC=CN=CC1=O,,[]
49,1483.077226,12.5,0.092805,4.6,0.141200,0.3,23.718000,2.6,O=C1C=CC2=CN=CN12,,[]
50,481.107121,0.0,0.051208,0.1,0.343700,98.8,8.751000,0.0,CO,,[]
50,724.694376,0.0,0.033373,0.0,0.318800,91.3,18.453000,0.2,FC(F)(F)C#C,,[]
50,753.387875,0.0,0.079534,2.1,0.343500,98.8,12.934000,0.0,COC,,[]
50,784.640984,0.1,0.059116,0.2,0.271500,62.7,12.360000,0.0,N1C=NN=C1,,[]
50,847.509276,0.1,0.061106,0.3,0.250000,48.6,16.782000,0.1,CC1=NON=N1,,[]
50,882.797898,0.1,0.048818,0.0,0.196900,10.6,19.710000,0.3,O=N(=O)C1=NC=NO1,,[]
50,901.820848,0.1,0.064276,0.4,0.242100,42.9,16.736000,0.1,O=C1NC=NN1,,[]
50,929.847931,0.2,0.083382,2.5,0.234400,38.1,16.893000,0.1,CC(C)=O,,[]
50,942.772116,0.2,0.079595,2.1,0.254200,51.6,16.197000,0.1,O=CN1CC1,,[]
50,1004.244827,0.3,0.067602,0.8,0.159400,1.7,19.151000,0.3,N=C1ON=CC=N1,,[]
50,1023.799905,0.4,0.051185,0.1,0.161600,2.1,25.222000,5.5,FC1=C(F)C(=N)ON=N1,,[]
50,1042.231113,0.4,0.065000,0.5,0.151100,0.8,26.116000,8.3,NC1=C(ON=N1)N(=O)=O,,[]
50,1045.742028,0.4,0.060138,0.3,0.145000,0.5,21.190000,0.6,O=CC1=NC=NN=N1,,[]
50,1067.736863,0.5,0.052118,0.1,0.194000,9.6,24.782000,4.5,FC1=NOC(=N)C(=O)O1,,[]
50,1110.789661,0.7,0.066388,0.6,0.142700,0.4,23.317000,2.0,O=N(=O)C1=CN=NC=N1,,[]
50,1127.183973,0.9,0.059940,0.2,0.187600,7.8,21.896000,1.0,FC1=CC=NC(=O)O1,,[]
50,1137.036499,0.9,0.052971,0.2,0.159200,1.6,24.934000,4.8,O=C1ON=NC(=C1)C#N,,[]
50,1142.469476,1.0,0.052885,0.1,0.191600,9.0,24.020000,2.9,FC1=NC=C(F)C(=O)O1,,[]
50,1230.854813,1.9,0.055825,0.2,0.194000,9.6,23.988000,2.8,N#CC1=C(N=CO1)C#N,,[]
50,1380.919311,6.1,0.089055,3.6,0.141900,0.4,26.812000,11.3,N=C1ON=CC=C1C=O,,[]
50,1402.986937,7.3,0.100842,7.2,0.082500,0.0,30.327000,37.4,NC=[NH+]C1=COC([O-])=N1,,[]
50,1418.839709,7.9,0.089499,3.8,0.126600,0.1,27.770000,16.6,N=C1NC(C=O)=CC1=O,,[]
50,1461.079254,10.7,0.102639,8.5,0.141600,0.3,27.571000,15.4,OC1=CC(=N)C=NC=N1,,[]
50,1465.099707,11.1,0.087865,3.2,0.118300,0.1,27.533000,15.1,O=CC1=CC(=O)C(=O)C1,,[]
50,1468.365267,11.4,0.103828,9.3,0.133400,0.1,26.847000,11.4,N=C1NC=CN=CC1=O,,[]
50,1483.077226,12.4,0.092805,4.6,0.141200,0.3,23.718000,2.6,O=C1C=CC2=CN=CN12,,[]
51,481.107121,0.0,0.051208,0.1,0.343700,98.9,8.751000,0.0,CO,,[]
51,724.694376,0.0,0.033373,0.0,0.318800,91.3,18.453000,0.2,FC(F)(F)C#C,,[]
51,753.387875,0.0,0.079534,2.1,0.343500,98.8,12.934000,0.0,COC,,[]
51,784.640984,0.1,0.059116,0.2,0.271500,62.9,12.360000,0.0,N1C=NN=C1,,[]
51,847.509276,0.1,0.061106,0.3,0.250000,48.8,16.782000,0.1,CC1=NON=N1,,[]
51,882.797898,0.1,0.048818,0.0,0.196900,10.6,19.710000,0.3,O=N(=O)C1=NC=NO1,,[]
51,901.820848,0.1,0.064276,0.4,0.242100,43.1,16.736000,0.1,O=C1NC=NN1,,[]
51,929.847931,0.2,0.083382,2.5,0.234400,38.4,16.893000,0.1,CC(C)=O,,[]
51,942.772116,0.2,0.079595,2.1,0.254200,51.8,16.197000,0.1,O=CN1CC1,,[]
51,1004.244827,0.3,0.067602,0.8,0.159400,1.7,19.151000,0.3,N=C1ON=CC=N1,,[]
51,1023.799905,0.4,0.051185,0.1,0.161600,2.1,25.222000,5.4,FC1=C(F)C(=N)ON=N1,,[]
51,1042.231113,0.4,0.065000,0.5,0.151100,0.8,26.116000,8.2,NC1=C(ON=N1)N(=O)=O,,[]
51,1045.742028,0.4,0.060138,0.3,0.145000,0.5,21.190000,0.6,O=CC1=NC=NN=N1,,[]
51,1067.736863,0.5,0.052118,0.1,0.194000,9.6,24.782000,4.4,FC1=NOC(=N)C(=O)O1,,[]
51,1110.789661,0.7,0.066388,0.6,0.142700,0.4,23.317000,2.0,O=N(=O)C1=CN=NC=N1,,[]
51,1127.183973,0.9,0.059940,0.2,0.187600,7.8,21.896000,1.0,FC1=CC=NC(=O)O1,,[]
51,1137.036499,0.9,0.052971,0.2,0.159200,1.6,24.934000,4.8,O=C1ON=NC(=C1)C#N,,[]
51,1142.469476,1.0,0.052885,0.1,0.191600,9.0,24.020000,2.9,FC1=NC=C(F)C(=O)O1,,[]
51,1230.854813,1.9,0.055825,0.2,0.194000,9.6,23.988000,2.8,N#CC1=C(N=CO1)C#N,,[]
51,1380.919311,6.0,0.089055,3.6,0.141900,0.4,26.812000,11.2,N=C1ON=CC=C1C=O,,[]
51,1402.986937,7.1,0.100842,7.1,0.082500,0.0,30.327000,37.2,NC=[NH+]C1=COC([O-])=N1,,[]
51,1418.839709,7.9,0.089499,3.8,0.126600,0.1,27.770000,16.6,N=C1NC(C=O)=CC1=O,,[]
51,1461.079254,10.6,0.102639,8.4,0.141600,0.3,27.571000,15.3,OC1=CC(=N)C=NC=N1,,[]
51,1465.099707,11.0,0.087865,3.2,0.118300,0.1,27.533000,15.1,O=CC1=CC(=O)C(=O)C1,,[]
51,1468.365267,11.3,0.103828,9.2,0.133400,0.1,26.847000,11.3,N=C1NC=CN=CC1=O,,[]
51,1483.077226,12.3,0.092805,4.6,0.141200,0.3,23.718000,2.5,O=C1C=CC2=CN=CN12,,[]
52,481.107121,0.0,0.051208,0.1,0.343700,98.9,8.751000,0.0,CO,,[]
52,724.694376,0.0,0.033373,0.0,0.318800,91.3,18.453000,0.2,FC(F)(F)C#C,,[]
52,753.387875,0.0,0.079534,2.1,0.343500,98.8,12.934000,0.0,COC,,[]
52,784.640984,0.1,0.059116,0.2,0.271500,63.0,12.360000,0.0,N1C=NN=C1,,[]
52,847.509276,0.1,0.061106,0.3,0.250000,48.9,16.782000,0.1,CC1=NON=N1,,[]
52,882.797898,0.1,0.048818,0.0,0.196900,10.7,19.710000,0.3,O=N(=O)C1=NC=NO1,,[]
52,901.820848,0.1,0.064276,0.4,0.242100,43.2,16.736000,0.1,O=C1NC=NN1,,[]
52,929.847931,0.2,0.083382,2.4,0.234400,38.4,16.893000,0.1,CC(C)=O,,[]
52,942.772116,0.2,0.079595,2.1,0.254200,51.9,16.197000,0.1,O=CN1CC1,,[]
52,1004.244827,0.3,0.067602,0.8,0.159400,1.7,19.151000,0.3,N=C1ON=CC=N1,,[]
52,1023.799905,0.4,0.051185,0.1,0.161600,2.1,25.222000,5.4,FC1=C(F)C(=N)ON=N1,,[]
52,1042.231113,0.4,0.065000,0.4,0.151100,0.8,26.116000,8.2,NC1=C(ON=N1)N(=O)=O,,[]
52,1045.742028,0.4,0.060138,0.3,0.145000,0.5,21.190000,0.6,O=CC1=NC=NN=N1,,[]
52,1067.736863,0.5,0.052118,0.1,0.194000,9.7,24.782000,4.3,FC1=NOC(=N)C(=O)O1,,[]
52,1110.789661,0.7,0.066388,0.6,0.142700,0.4,23.317000,1.9,O=N(=O)C1=CN=NC=N1,,[]
52,1127.183973,0.9,0.059940,0.2,0.187600,7.9,21.896000,1.0,FC1=CC=NC(=O)O1,,[]
52,1137.036499,0.9,0.052971,0.2,0.159200,1.6,24.934000,4.7,O=C1ON=NC(=C1)C#N,,[]
52,1142.469476,0.9,0.052885,0.1,0.191600,9.1,24.020000,2.9,FC1=NC=C(F)C(=O)O1,,[]
52,1230.854813,1.9,0.055825,0.2,0.194000,9.7,23.988000,2.8,N#CC1=C(N=CO1)C#N,,[]
52,1380.919311,6.0,0.089055,3.6,0.141900,0.4,26.812000,11.1,N=C1ON=CC=C1C=O,,[]
52,1402.986937,7.1,0.100842,7.1,0.082500,0.0,30.327000,37.2,NC=[NH+]C1=COC([O-])=N1,,[]
52,1418.839709,7.8,0.089499,3.7,0.126600,0.1,27.770000,16.6,N=C1NC(C=O)=CC1=O,,[]
52,1461.079254,10.6,0.102639,8.4,0.141600,0.3,27.571000,15.3,OC1=CC(=N)C=NC=N1,,[]
52,1465.099707,11.0,0.087865,3.2,0.118300,0.1,27.533000,15.0,O=CC1=CC(=O)C(=O)C1,,[]
52,1468.365267,11.2,0.103828,9.2,0.133400,0.1,26.847000,11.3,N=C1NC=CN=CC1=O,,[]
52,1483.077226,12.3,0.092805,4.6,0.141200,0.3,23.718000,2.5,O=C1C=CC2=CN=CN12,,[]
52,1739.327623,46.0,0.157507,58.8,0.042000,0.0,36.191000,87.4,[O-]C(=O)CCCNC=[NH2+],,[]
53,481.107121,0.0,0.051208,0.1,0.343700,98.9,8.751000,0.0,CO,,[]
53,724.694376,0.0,0.033373,0.0,0.318800,91.2,18.453000,0.2,FC(F)(F)C#C,,[]
53,753.387875,0.0,0.079534,2.0,0.343500,98.8,12.934000,0.0,COC,,[]
53,784.640984,0.1,0.059116,0.2,0.271500,62.8,12.360000,0.0,N1C=NN=C1,,[]
53,847.509276,0.1,0.061106,0.3,0.250000,48.7,16.782000,0.1,CC1=NON=N1,,[]
53,882.797898,0.1,0.048818,0.0,0.196900,10.7,19.710000,0.3,O=N(=O)C1=NC=NO1,,[]
53,901.820848,0.1,0.064276,0.4,0.242100,43.0,16.736000,0.1,O=C1NC=NN1,,[]
53,929.847931,0.2,0.083382,2.4,0.234400,38.3,16.893000,0.1,CC(C)=O,,[]
53,942.772116,0.2,0.079595,2.1,0.254200,51.8,16.197000,0.1,O=CN1CC1,,[]
53,1004.244827,0.3,0.067602,0.8,0.159400,1.7,19.151000,0.2,N=C1ON=CC=N1,,[]
53,1023.799905,0.4,0.051185,0.1,0.161600,2.1,25.222000,5.4,FC1=C(F)C(=N)ON=N1,,[]
53,1042.231113,0.4,0.065000,0.4,0.151100,0.8,26.116000,8.2,NC1=C(ON=N1)N(=O)=O,,[]
53,1045.742028,0.4,0.060138,0.2,0.145000,0.5,21.190000,0.6,O=CC1=NC=NN=N1,,[]
53,1067.736863,0.5,0.052118,0.1,0.194000,9.7,24.782000,4.4,FC1=NOC(=N)C(=O)O1,,[]
53,1110.789661,0.7,0.066388,0.6,0.142700,0.4,23.317000,2.0,O=N(=O)C1=CN=NC=N1,,[]
53,1127.183973,0.9,0.059940,0.2,0.187600,7.8,21.896000,1.0,FC1=CC=NC(=O)O1,,[]
53,1137.036499,0.9,0.052971,0.2,0.159200,1.6,24.934000,4.7,O=C1ON=NC(=C1)C#N,,[]
53,1142.469476,0.9,0.052885,0.1,0.191600,9.0,24.020000,2.9,FC1=NC=C(F)C(=O)O1,,[]
53,1230.854813,1.9,0.055825,0.2,0.194000,9.7,23.988000,2.8,N#CC1=C(N=CO1)C#N,,[]
53,1380.919311,6.0,0.089055,3.6,0.141900,0.4,26.812000,11.1,N=C1ON=CC=C1C=O,,[]
53,1402.986937,7.2,0.100842,7.1,0.082500,0.0,30.327000,37.3,NC=[NH+]C1=COC([O-])=N1,,[]
53,1418.839709,7.9,0.089499,3.8,0.126600,0.1,27.770000,16.5,N=C1NC(C=O)=CC1=O,,[]
53,1461.079254,10.6,0.102639,8.4,0.141600,0.4,27.571000,15.2,OC1=CC(=N)C=NC=N1,,[]
53,1465.099707,11.0,0.087865,3.2,0.118300,0.1,27.533000,15.0,O=CC1=CC(=O)C(=O)C1,,[]
53,1468.365267,11.3,0.103828,9.2,0.133400,0.1,26.847000,11.3,N=C1NC=CN=CC1=O,,[]
53,1483.077226,12.3,0.092805,4.6,0.141200,0.3,23.718000,2.5,O=C1C=CC2=CN=CN12,,[]
53,1483.342035,12.3,0.087706,3.1,0.137000,0.2,28.617000,22.7,O=C1C=CC(C#C)C1=O,,[]
53,1739.327623,46.0,0.157507,58.7,0.042000,0.0,36.191000,87.4,[O-]C(=O)CCCNC=[NH2+],,[]
54,481.107121,0.0,0.051208,0.1,0.343700,98.9,8.751000,0.0,CO,,[]
54,724.694376,0.0,0.033373,0.0,0.318800,91.2,18.453000,0.2,FC(F)(F)C#C,,[]
54,753.387875,0.0,0.079534,2.1,0.343500,98.8,12.934000,0.0,COC,,[]
54,784.640984,0.1,0.059116,0.2,0.271500,62.8,12.360000,0.0,N1C=NN=C1,,[]
54,847.509276,0.1,0.061106,0.3,0.250000,48.8,16.782000,0.1,CC1=NON=N1,,[]
54,882.797898,0.1,0.048818,0.0,0.196900,10.7,19.710000,0.3,O=N(=O)C1=NC=NO1,,[]
54,901.820848,0.1,0.064276,0.4,0.242100,43.1,16.736000,0.1,O=C1NC=NN1,,[]
54,929.847931,0.2,0.083382,2.4,0.234400,38.4,16.893000,0.1,CC(C)=O,,[]
54,942.772116,0.2,0.079595,2.1,0.254200,51.8,16.197000,0.1,O=CN1CC1,,[]
54,1004.244827,0.3,0.067602,0.8,0.159400,1.7,19.151000,0.2,N=C1ON=CC=N1,,[]
54,1023.799905,0.4,0.051185,0.1,0.161600,2.1,25.222000,5.4,FC1=C(F)C(=N)ON=N1,,[]
54,1042.231113,0.4,0.065000,0.4,0.151100,0.8,26.116000,8.2,NC1=C(ON=N1)N(=O)=O,,[]
54,1045.742028,0.4,0.060138,0.2,0.145000,0.5,21.190000,0.6,O=CC1=NC=NN=N1,,[]
54,1067.736863,0.4,0.052118,0.1,0.194000,9.7,24.782000,4.4,FC1=NOC(=N)C(=O)O1,,[]
54,1110.789661,0.7,0.066388,0.6,0.142700,0.4,23.317000,2.0,O=N(=O)C1=CN=NC=N1,,[]
54,1127.183973,0.9,0.059940,0.2,0.187600,7.8,21.896000,1.0,FC1=CC=NC(=O)O1,,[]
54,1137.036499,0.9,0.052971,0.1,0.159200,1.6,24.934000,4.7,O=C1ON=NC(=C1)C#N,,[]
54,1142.469476,1.0,0.052885,0.1,0.191600,9.0,24.020000,2.9,FC1=NC=C(F)C(=O)O1,,[]
54,1230.854813,1.9,0.055825,0.2,0.194000,9.7,23.988000,2.8,N#CC1=C(N=CO1)C#N,,[]
54,1349.214395,4.8,0.088549,3.4,0.131500,0.1,29.221000,27.5,OC1=C(O)N=CC(=N)O1,,[]
54,1360.695309,5.1,0.077080,1.7,0.134000,0.2,26.971000,12.0,O=CC1=CNC(=O)C1=O,,[]
54,1380.919311,6.1,0.089055,3.6,0.141900,0.4,26.812000,11.2,N=C1ON=CC=C1C=O,,[]
54,1402.986937,7.2,0.100842,7.1,0.082500,0.0,30.327000,37.4,NC=[NH+]C1=COC([O-])=N1,,[]
54,1418.839709,7.9,0.089499,3.8,0.126600,0.1,27.770000,16.5,N=C1NC(C=O)=CC1=O,,[]
54,1465.099707,11.0,0.087865,3.2,0.118300,0.1,27.533000,15.0,O=CC1=CC(=O)C(=O)C1,,[]
54,1468.365267,11.3,0.103828,9.2,0.133400,0.1,26.847000,11.3,N=C1NC=CN=CC1=O,,[]
54,1483.077226,12.3,0.092805,4.6,0.141200,0.4,23.718000,2.5,O=C1C=CC2=CN=CN12,,[]
54,1739.327623,46.1,0.157507,58.8,0.042000,0.0,36.191000,87.4,[O-]C(=O)CCCNC=[NH2+],,[]
55,481.107121,0.0,0.051208,0.1,0.343700,98.8,8.751000,0.0,CO,,[]
55,724.694376,0.0,0.033373,0.0,0.318800,91.2,18.453000,0.2,FC(F)(F)C#C,,[]
55,753.387875,0.0,0.079534,2.1,0.343500,98.8,12.934000,0.0,COC,,[]
55,784.640984,0.1,0.059116,0.2,0.271500,63.1,12.360000,0.0,N1C=NN=C1,,[]
55,847.509276,0.1,0.061106,0.3,0.250000,48.9,16.782000,0.1,CC1=NON=N1,,[]
55,882.797898,0.1,0.048818,0.0,0.196900,10.6,19.710000,0.3,O=N(=O)C1=NC=NO1,,[]
55,901.820848,0.1,0.064276,0.4,0.242100,43.2,16.736000,0.1,O=C1NC=NN1,,[]
55,929.847931,0.2,0.083382,2.5,0.234400,38.5,16.893000,0.1,CC(C)=O,,[]
55,942.772116,0.2,0.079595,2.1,0.254200,52.0,16.197000,0.1,O=CN1CC1,,[]
55,1004.244827,0.3,0.067602,0.8,0.159400,1.7,19.151000,0.3,N=C1ON=CC=N1,,[]
55,1023.799905,0.4,0.051185,0.1,0.161600,2.1,25.222000,5.5,FC1=C(F)C(=N)ON=N1,,[]
55,1042.231113,0.4,0.065000,0.4,0.151100,0.8,26.116000,8.3,NC1=C(ON=N1)N(=O)=O,,[]
55,1045.742028,0.4,0.060138,0.2,0.145000,0.6,21.190000,0.6,O=CC1=NC=NN=N1,,[]
55,1067.736863,0.4,0.052118,0.1,0.194000,9.6,24.782000,4.4,FC1=NOC(=N)C(=O)O1,,[]
55,1110.789661,0.7,0.066388,0.6,0.142700,0.5,23.317000,2.0,O=N(=O)C1=CN=NC=N1,,[]
55,1127.183973,0.8,0.059940,0.2,0.187600,7.7,21.896000,1.0,FC1=CC=NC(=O)O1,,[]
55,1137.036499,0.9,0.052971,0.1,0.159200,1.6,24.934000,4.8,O=C1ON=NC(=C1)C#N,,[]
55,1142.469476,0.9,0.052885,0.1,0.191600,9.0,24.020000,2.9,FC1=NC=C(F)C(=O)O1,,[]
55,1180.270020,1.3,0.081975,2.3,0.214600,22.2,19.027000,0.2,OC1=NC=CC=N1,,[]
55,1230.854813,1.9,0.055825,0.2,0.194000,9.6,23.988000,2.8,N#CC1=C(N=CO1)C#N,,[]
55,1349.214395,4.8,0.088549,3.5,0.131500,0.1,29.221000,27.5,OC1=C(O)N=CC(=N)O1,,[]
55,1360.695309,5.2,0.077080,1.7,0.134000,0.2,26.971000,12.1,O=CC1=CNC(=O)C1=O,,[]
55,1380.919311,6.2,0.089055,3.7,0.141900,0.4,26.812000,11.2,N=C1ON=CC=C1C=O,,[]
55,1402.986937,7.3,0.100842,7.2,0.082500,0.0,30.327000,37.4,NC=[NH+]C1=COC([O-])=N1,,[]
55,1418.839709,8.0,0.089499,3.8,0.126600,0.1,27.770000,16.6,N=C1NC(C=O)=CC1=O,,[]
55,1465.099707,11.0,0.087865,3.2,0.118300,0.1,27.533000,15.1,O=CC1=CC(=O)C(=O)C1,,[]
55,1468.365267,11.3,0.103828,9.2,0.133400,0.1,26.847000,11.3,N=C1NC=CN=CC1=O,,[]
55,1483.077226,12.3,0.092805,4.7,0.141200,0.4,23.718000,2.6,O=C1C=CC2=CN=CN12,,[]
55,1739.327623,46.2,0.157507,59.0,0.042000,0.0,36.191000,87.5,[O-]C(=O)CCCNC=[NH2+],,[]
56,481.107121,0.0,0.051208,0.1,0.343700,98.8,8.751000,0.0,CO,,[]
56,724.694376,0.0,0.033373,0.0,0.318800,91.3,18.453000,0.2,FC(F)(F)C#C,,[]
56,753.387875,0.0,0.079534,2.1,0.343500,98.8,12.934000,0.0,COC,,[]
56,784.640984,0.1,0.059116,0.2,0.271500,63.0,12.360000,0.0,N1C=NN=C1,,[]
56,847.509276,0.1,0.061106,0.3,0.250000,48.9,16.782000,0.1,CC1=NON=N1,,[]
56,882.797898,0.1,0.048818,0.0,0.196900,10.7,19.710000,0.3,O=N(=O)C1=NC=NO1,,[]
56,901.820848,0.1,0.064276,0.4,0.242100,43.2,16.736000,0.1,O=C1NC=NN1,,[]
56,929.847931,0.2,0.083382,2.5,0.234400,38.5,16.893000,0.1,CC(C)=O,,[]
56,942.772116,0.2,0.079595,2.1,0.254200,51.9,16.197000,0.1,O=CN1CC1,,[]
56,1004.244827,0.3,0.067602,0.8,0.159400,1.7,19.151000,0.3,N=C1ON=CC=N1,,[]
56,1023.799905,0.4,0.051185,0.1,0.161600,2.1,25.222000,5.5,FC1=C(F)C(=N)ON=N1,,[]
56,1042.231113,0.4,0.065000,0.4,0.151100,0.9,26.116000,8.3,NC1=C(ON=N1)N(=O)=O,,[]
56,1045.742028,0.4,0.060138,0.2,0.145000,0.6,21.190000,0.7,O=CC1=NC=NN=N1,,[]
56,1067.736863,0.4,0.052118,0.1,0.194000,9.7,24.782000,4.4,FC1=NOC(=N)C(=O)O1,,[]
56,1110.789661,0.7,0.066388,0.6,0.142700,0.5,23.317000,2.0,O=N(=O)C1=CN=NC=N1,,[]
56,1122.229158,0.8,0.062463,0.3,0.151000,0.8,20.753000,0.6,N#CC1=CN=NC=N1,,[]
56,1127.183973,0.8,0.059940,0.2,0.187600,7.7,21.896000,1.0,FC1=CC=NC(=O)O1,,[]
56,1137.036499,0.9,0.052971,0.1,0.159200,1.7,24.934000,4.8,O=C1ON=NC(=C1)C#N,,[]
56,1142.469476,0.9,0.052885,0.1,0.191600,9.0,24.020000,2.9,FC1=NC=C(F)C(=O)O1,,[]
56,1180.270020,1.3,0.081975,2.3,0.214600,22.3,19.027000,0.2,OC1=NC=CC=N1,,[]
56,1230.854813,1.9,0.055825,0.2,0.194000,9.7,23.988000,2.8,N#CC1=C(N=CO1)C#N,,[]
56,1349.214395,4.8,0.088549,3.5,0.131500,0.1,29.221000,27.5,OC1=C(O)N=CC(=N)O1,,[]
56,1360.695309,5.2,0.077080,1.7,0.134000,0.2,26.971000,12.1,O=CC1=CNC(=O)C1=O,,[]
56,1380.919311,6.1,0.089055,3.6,0.141900,0.4,26.812000,11.2,N=C1ON=CC=C1C=O,,[]
56,1402.986937,7.3,0.100842,7.1,0.082500,0.0,30.327000,37.5,NC=[NH+]C1=COC([O-])=N1,,[]
56,1418.839709,7.9,0.089499,3.8,0.126600,0.1,27.770000,16.6,N=C1NC(C=O)=CC1=O,,[]
56,1465.099707,11.0,0.087865,3.2,0.118300,0.1,27.533000,15.1,O=CC1=CC(=O)C(=O)C1,,[]
56,1468.365267,11.2,0.103828,9.1,0.133400,0.1,26.847000,11.4,N=C1NC=CN=CC1=O,,[]
56,1483.077226,12.3,0.092805,4.7,0.141200,0.4,23.718000,2.6,O=C1C=CC2=CN=CN12,,[]
56,1739.327623,46.2,0.157507,59.0,0.042000,0.0,36.191000,87.6,[O-]C(=O)CCCNC=[NH2+],,[]
57,395.999894,0.0,0.044749,0.0,0.504800,100.0,6.469000,0.0,C,,[]
57,481.107121,0.0,0.051208,0.1,0.343700,98.8,8.751000,0.0,CO,,[]
57,724.694376,0.0,0.033373,0.0,0.318800,91.4,18.453000,0.2,FC(F)(F)C#C,,[]
57,753.387875,0.1,0.079534,2.1,0.343500,98.8,12.934000,0.1,COC,,[]
57,784.640984,0.1,0.059116,0.2,0.271500,63.0,12.360000,0.0,N1C=NN=C1,,[]
57,847.509276,0.1,0.061106,0.3,0.250000,48.9,16.782000,0.1,CC1=NON=N1,,[]
57,882.797898,0.1,0.048818,0.0,0.196900,10.8,19.710000,0.3,O=N(=O)C1=NC=NO1,,[]
57,901.820848,0.1,0.064276,0.4,0.242100,43.2,16.736000,0.1,O=C1NC=NN1,,[]
57,929.847931,0.2,0.083382,2.5,0.234400,38.5,16.893000,0.1,CC(C)=O,,[]
57,942.772116,0.2,0.079595,2.1,0.254200,52.0,16.197000,0.1,O=CN1CC1,,[]
57,1004.244827,0.3,0.067602,0.8,0.159400,1.7,19.151000,0.3,N=C1ON=CC=N1,,[]
57,1023.799905,0.4,0.051185,0.1,0.161600,2.1,25.222000,5.6,FC1=C(F)C(=N)ON=N1,,[]
57,1042.231113,0.4,0.065000,0.4,0.151100,0.8,26.116000,8.4,NC1=C(ON=N1)N(=O)=O,,[]
57,1045.742028,0.4,0.060138,0.2,0.145000,0.5,21.190000,0.7,O=CC1=NC=NN=N1,,[]
57,1067.736863,0.4,0.052118,0.1,0.194000,9.8,24.782000,4.5,FC1=NOC(=N)C(=O)O1,,[]
57,1110.789661,0.7,0.066388,0.6,0.142700,0.5,23.317000,2.1,O=N(=O)C1=CN=NC=N1,,[]
57,1122.229158,0.8,0.062463,0.4,0.151000,0.8,20.753000,0.6,N#CC1=CN=NC=N1,,[]
57,1127.183973,0.8,0.059940,0.2,0.187600,7.8,21.896000,1.0,FC1=CC=NC(=O)O1,,[]
57,1137.036499,0.9,0.052971,0.2,0.159200,1.7,24.934000,4.9,O=C1ON=NC(=C1)C#N,,[]
57,1142.469476,0.9,0.052885,0.1,0.191600,9.1,24.020000,3.0,FC1=NC=C(F)C(=O)O1,,[]
57,1180.270020,1.3,0.081975,2.3,0.214600,22.3,19.027000,0.2,OC1=NC=CC=N1,,[]
57,1230.854813,1.9,0.055825,0.2,0.194000,9.8,23.988000,2.9,N#CC1=C(N=CO1)C#N,,[]
57,1349.214395,4.8,0.088549,3.5,0.131500,0.1,29.221000,27.6,OC1=C(O)N=CC(=N)O1,,[]
57,1360.695309,5.2,0.077080,1.6,0.134000,0.2,26.971000,12.2,O=CC1=CNC(=O)C1=O,,[]
57,1380.919311,6.1,0.089055,3.6,0.141900,0.4,26.812000,11.3,N=C1ON=CC=C1C=O,,[]
57,1402.986937,7.3,0.100842,7.0,0.082500,0.0,30.327000,37.6,NC=[NH+]C1=COC([O-])=N1,,[]
57,1418.839709,8.0,0.089499,3.8,0.126600,0.1,27.770000,16.7,N=C1NC(C=O)=CC1=O,,[]
57,1465.099707,11.0,0.087865,3.2,0.118300,0.1,27.533000,15.2,O=CC1=CC(=O)C(=O)C1,,[]
57,1468.365267,11.2,0.103828,9.1,0.133400,0.1,26.847000,11.5,N=C1NC=CN=CC1=O,,[]
57,1483.077226,12.2,0.092805,4.6,0.141200,0.4,23.718000,2.6,O=C1C=CC2=CN=CN12,,[]
57,1739.327623,46.4,0.157507,59.0,0.042000,0.0,36.191000,87.6,[O-]C(=O)CCCNC=[NH2+],,[]
58,395.999894,0.0,0.044749,0.0,0.504800,100.0,6.469000,0.0,C,,[]
58,481.107121,0.0,0.051208,0.1,0.343700,98.8,8.751000,0.0,CO,,[]
58,724.694376,0.0,0.033373,0.0,0.318800,91.3,18.453000,0.2,FC(F)(F)C#C,,[]
58,753.387875,0.1,0.079534,2.1,0.343500,98.7,12.934000,0.1,COC,,[]
58,784.640984,0.1,0.059116,0.2,0.271500,63.0,12.360000,0.0,N1C=NN=C1,,[]
58,847.509276,0.1,0.061106,0.3,0.250000,48.8,16.782000,0.1,CC1=NON=N1,,[]
58,882.797898,0.1,0.048818,0.1,0.196900,10.8,19.710000,0.3,O=N(=O)C1=NC=NO1,,[]
58,901.820848,0.1,0.064276,0.4,0.242100,43.1,16.736000,0.1,O=C1NC=NN1,,[]
58,929.847931,0.2,0.083382,2.5,0.234400,38.5,16.893000,0.1,CC(C)=O,,[]
58,942.772116,0.2,0.079595,2.1,0.254200,51.9,16.197000,0.1,O=CN1CC1,,[]
58,1004.244827,0.3,0.067602,0.8,0.159400,1.7,19.151000,0.3,N=C1ON=CC=N1,,[]
58,1023.799905,0.4,0.051185,0.1,0.161600,2.1,25.222000,5.6,FC1=C(F)C(=N)ON=N1,,[]
58,1042.231113,0.4,0.065000,0.5,0.151100,0.9,26.116000,8.3,NC1=C(ON=N1)N(=O)=O,,[]
58,1045.742028,0.4,0.060138,0.3,0.145000,0.5,21.190000,0.7,O=CC1=NC=NN=N1,,[]
58,1067.736863,0.4,0.052118,0.1,0.194000,9.8,24.782000,4.5,FC1=NOC(=N)C(=O)O1,,[]
58,1073.449709,0.5,0.037484,0.0,0.174400,4.4,23.324000,2.1,N#CC#CC#CC#N,,[]
58,1110.789661,0.7,0.066388,0.6,0.142700,0.5,23.317000,2.1,O=N(=O)C1=CN=NC=N1,,[]
58,1122.229158,0.8,0.062463,0.4,0.151000,0.8,20.753000,0.6,N#CC1=CN=NC=N1,,[]
58,1127.183973,0.9,0.059940,0.2,0.187600,7.9,21.896000,1.0,FC1=CC=NC(=O)O1,,[]
58,1137.036499,0.9,0.052971,0.2,0.159200,1.7,24.934000,4.9,O=C1ON=NC(=C1)C#N,,[]
58,1180.270020,1.3,0.081975,2.3,0.214600,22.3,19.027000,0.2,OC1=NC=CC=N1,,[]
58,1349.214395,4.9,0.088549,3.5,0.131500,0.1,29.221000,27.5,OC1=C(O)N=CC(=N)O1,,[]
58,1360.695309,5.1,0.077080,1.7,0.134000,0.2,26.971000,12.1,O=CC1=CNC(=O)C1=O,,[]
58,1380.919311,6.1,0.089055,3.6,0.141900,0.4,26.812000,11.3,N=C1ON=CC=C1C=O,,[]
58,1402.986937,7.2,0.100842,7.0,0.082500,0.0,30.327000,37.5,NC=[NH+]C1=COC([O-])=N1,,[]
58,1418.839709,7.9,0.089499,3.8,0.126600,0.1,27.770000,16.7,N=C1NC(C=O)=CC1=O,,[]
58,1465.099707,10.9,0.087865,3.3,0.118300,0.1,27.533000,15.1,O=CC1=CC(=O)C(=O)C1,,[]
58,1468.365267,11.2,0.103828,9.1,0.133400,0.1,26.847000,11.5,N=C1NC=CN=CC1=O,,[]
58,1483.077226,12.2,0.092805,4.6,0.141200,0.4,23.718000,2.6,O=C1C=CC2=CN=CN12,,[]
58,1739.327623,46.4,0.157507,59.1,0.042000,0.0,36.191000,87.6,[O-]C(=O)CCCNC=[NH2+],,[]
59,395.999894,0.0,0.044749,0.0,0.504800,100.0,6.469000,0.0,C,,[]
59,481.107121,0.0,0.051208,0.1,0.343700,98.8,8.751000,0.0,CO,,[]
59,724.694376,0.0,0.033373,0.0,0.318800,91.3,18.453000,0.2,FC(F)(F)C#C,,[]
59,753.387875,0.1,0.079534,2.2,0.343500,98.7,12.934000,0.1,COC,,[]
59,784.640984,0.1,0.059116,0.2,0.271500,63.1,12.360000,0.0,N1C=NN=C1,,[]
59,847.509276,0.1,0.061106,0.3,0.250000,48.9,16.782000,0.1,CC1=NON=N1,,[]
59,882.797898,0.1,0.048818,0.1,0.196900,10.9,19.710000,0.3,O=N(=O)C1=NC=NO1,,[]
59,901.820848,0.1,0.064276,0.4,0.242100,43.3,16.736000,0.1,O=C1NC=NN1,,[]
59,929.847931,0.2,0.083382,2.5,0.234400,38.6,16.893000,0.1,CC(C)=O,,[]
59,942.772116,0.2,0.079595,2.2,0.254200,52.0,16.197000,0.1,O=CN1CC1,,[]
59,1004.244827,0.3,0.067602,0.8,0.159400,1.8,19.151000,0.3,N=C1ON=CC=N1,,[]
59,1023.799905,0.4,0.051185,0.1,0.161600,2.2,25.222000,5.6,FC1=C(F)C(=N)ON=N1,,[]
59,1042.231113,0.4,0.065000,0.5,0.151100,0.9,26.116000,8.4,NC1=C(ON=N1)N(=O)=O,,[]
59,1045.742028,0.4,0.060138,0.3,0.145000,0.6,21.190000,0.7,O=CC1=NC=NN=N1,,[]
59,1067.736863,0.4,0.052118,0.1,0.194000,9.9,24.782000,4.5,FC1=NOC(=N)C(=O)O1,,[]
59,1073.449709,0.5,0.037484,0.0,0.174400,4.4,23.324000,2.1,N#CC#CC#CC#N,,[]
59,1110.789661,0.7,0.066388,0.6,0.142700,0.5,23.317000,2.0,O=N(=O)C1=CN=NC=N1,,[]
59,1122.229158,0.8,0.062463,0.4,0.151000,0.9,20.753000,0.6,N#CC1=CN=NC=N1,,[]
59,1127.183973,0.8,0.059940,0.2,0.187600,8.0,21.896000,1.0,FC1=CC=NC(=O)O1,,[]
59,1137.036499,0.9,0.052971,0.2,0.159200,1.7,24.934000,4.9,O=C1ON=NC(=C1)C#N,,[]
59,1180.270020,1.3,0.081975,2.3,0.214600,22.5,19.027000,0.2,OC1=NC=CC=N1,,[]
59,1293.309576,3.2,0.078619,2.0,0.130800,0.1,25.387000,6.0,O=CC1=NC=NNC1=O,,[]
59,1302.223348,3.5,0.074528,1.4,0.121000,0.1,28.899000,25.2,O=CNC(=O)C(=O)C=O,,[]
59,1360.695309,5.2,0.077080,1.7,0.134000,0.2,26.971000,12.1,O=CC1=CNC(=O)C1=O,,[]
59,1402.986937,7.2,0.100842,7.0,0.082500,0.0,30.327000,37.7,NC=[NH+]C1=COC([O-])=N1,,[]
59,1418.839709,8.0,0.089499,3.8,0.126600,0.1,27.770000,16.7,N=C1NC(C=O)=CC1=O,,[]
59,1465.099707,11.0,0.087865,3.3,0.118300,0.1,27.533000,15.1,O=CC1=CC(=O)C(=O)C1,,[]
59,1483.077226,12.3,0.092805,4.7,0.141200,0.4,23.718000,2.6,O=C1C=CC2=CN=CN12,,[]
59,1739.327623,46.5,0.157507,59.1,0.042000,0.0,36.191000,87.7,[O-]C(=O)CCCNC=[NH2+],,[]
60,395.999894,0.0,0.044749,0.0,0.504800,100.0,6.469000,0.0,C,,[]
60,481.107121,0.0,0.051208,0.1,0.343700,98.8,8.751000,0.0,CO,,[]
60,724.694376,0.0,0.033373,0.0,0.318800,91.3,18.453000,0.2,FC(F)(F)C#C,,[]
60,753.387875,0.1,0.079534,2.1,0.343500,98.8,12.934000,0.1,COC,,[]
60,784.640984,0.1,0.059116,0.2,0.271500,63.1,12.360000,0.0,N1C=NN=C1,,[]
60,847.509276,0.1,0.061106,0.3,0.250000,48.9,16.782000,0.1,CC1=NON=N1,,[]
60,882.797898,0.1,0.048818,0.1,0.196900,11.0,19.710000,0.3,O=N(=O)C1=NC=NO1,,[]
60,901.820848,0.1,0.064276,0.4,0.242100,43.3,16.736000,0.1,O=C1NC=NN1,,[]
60,929.847931,0.2,0.083382,2.5,0.234400,38.7,16.893000,0.1,CC(C)=O,,[]
60,942.772116,0.2,0.079595,2.1,0.254200,52.1,16.197000,0.1,O=CN1CC1,,[]
60,1004.244827,0.3,0.067602,0.8,0.159400,1.8,19.151000,0.3,N=C1ON=CC=N1,,[]
60,1023.799905,0.4,0.051185,0.1,0.161600,2.2,25.222000,5.5,FC1=C(F)C(=N)ON=N1,,[]
60,1042.231113,0.4,0.065000,0.5,0.151100,0.9,26.116000,8.3,NC1=C(ON=N1)N(=O)=O,,[]
60,1045.742028,0.4,0.060138,0.3,0.145000,0.6,21.190000,0.7,O=CC1=NC=NN=N1,,[]
60,1067.736863,0.4,0.052118,0.1,0.194000,10.0,24.782000,4.5,FC1=NOC(=N)C(=O)O1,,[]
60,1073.449709,0.5,0.037484,0.0,0.174400,4.4,23.324000,2.0,N#CC#CC#CC#N,,[]
60,1110.789661,0.7,0.066388,0.6,0.142700,0.5,23.317000,2.0,O=N(=O)C1=CN=NC=N1,,[]
60,1122.229158,0.8,0.062463,0.4,0.151000,0.9,20.753000,0.6,N#CC1=CN=NC=N1,,[]
60,1127.183973,0.8,0.059940,0.2,0.187600,8.0,21.896000,1.0,FC1=CC=NC(=O)O1,,[]
60,1137.036499,0.9,0.052971,0.2,0.159200,1.7,24.934000,4.9,O=C1ON=NC(=C1)C#N,,[]
60,1180.270020,1.3,0.081975,2.3,0.214600,22.5,19.027000,0.2,OC1=NC=CC=N1,,[]
60,1293.309576,3.2,0.078619,2.0,0.130800,0.1,25.387000,6.0,O=CC1=NC=NNC1=O,,[]
60,1302.223348,3.5,0.074528,1.3,0.121000,0.1,28.899000,25.1,O=CNC(=O)C(=O)C=O,,[]
60,1360.695309,5.1,0.077080,1.6,0.134000,0.2,26.971000,12.0,O=CC1=CNC(=O)C1=O,,[]
60,1402.986937,7.2,0.100842,7.0,0.082500,0.0,30.327000,37.6,NC=[NH+]C1=COC([O-])=N1,,[]
60,1418.839709,7.9,0.089499,3.8,0.126600,0.1,27.770000,16.6,N=C1NC(C=O)=CC1=O,,[]
60,1465.099707,10.9,0.087865,3.2,0.118300,0.1,27.533000,15.1,O=CC1=CC(=O)C(=O)C1,,[]
60,1483.077226,12.2,0.092805,4.6,0.141200,0.4,23.718000,2.6,O=C1C=CC2=CN=CN12,,[]
60,1739.327623,46.5,0.157507,59.1,0.042000,0.0,36.191000,87.7,[O-]C(=O)CCCNC=[NH2+],,[]
61,395.999894,0.0,0.044749,0.0,0.504800,100.0,6.469000,0.0,C,,[]
61,481.107121,0.0,0.051208,0.1,0.343700,98.8,8.751000,0.0,CO,,[]
61,724.694376,0.0,0.033373,0.0,0.318800,91.3,18.453000,0.2,FC(F)(F)C#C,,[]
61,753.387875,0.0,0.079534,2.1,0.343500,98.8,12.934000,0.0,COC,,[]
61,784.640984,0.1,0.059116,0.2,0.271500,63.2,12.360000,0.0,N1C=NN=C1,,[]
61,847.509276,0.1,0.061106,0.3,0.250000,49.1,16.782000,0.1,CC1=NON=N1,,[]
61,882.797898,0.1,0.048818,0.0,0.196900,10.9,19.710000,0.3,O=N(=O)C1=NC=NO1,,[]
61,901.820848,0.1,0.064276,0.4,0.242100,43.4,16.736000,0.1,O=C1NC=NN1,,[]
61,929.847931,0.2,0.083382,2.4,0.234400,38.7,16.893000,0.1,CC(C)=O,,[]
61,942.772116,0.2,0.079595,2.1,0.254200,52.2,16.197000,0.1,O=CN1CC1,,[]
61,1004.244827,0.3,0.067602,0.8,0.159400,1.7,19.151000,0.3,N=C1ON=CC=N1,,[]
61,1023.799905,0.3,0.051185,0.1,0.161600,2.1,25.222000,5.5,FC1=C(F)C(=N)ON=N1,,[]
61,1042.231113,0.4,0.065000,0.4,0.151100,0.9,26.116000,8.3,NC1=C(ON=N1)N(=O)=O,,[]
61,1045.742028,0.4,0.060138,0.2,0.145000,0.6,21.190000,0.7,O=CC1=NC=NN=N1,,[]
61,1067.736863,0.4,0.052118,0.1,0.194000,9.9,24.782000,4.5,FC1=NOC(=N)C(=O)O1,,[]
61,1073.449709,0.5,0.037484,0.0,0.174400,4.3,23.324000,2.0,N#CC#CC#CC#N,,[]
61,1110.789661,0.7,0.066388,0.6,0.142700,0.5,23.317000,2.0,O=N(=O)C1=CN=NC=N1,,[]
61,1122.229158,0.8,0.062463,0.3,0.151000,0.8,20.753000,0.6,N#CC1=CN=NC=N1,,[]
61,1127.183973,0.8,0.059940,0.2,0.187600,7.9,21.896000,1.0,FC1=CC=NC(=O)O1,,[]
61,1137.036499,0.8,0.052971,0.2,0.159200,1.7,24.934000,4.9,O=C1ON=NC(=C1)C#N,,[]
61,1180.270020,1.3,0.081975,2.3,0.214600,22.4,19.027000,0.2,OC1=NC=CC=N1,,[]
61,1293.309576,3.2,0.078619,2.0,0.130800,0.1,25.387000,6.0,O=CC1=NC=NNC1=O,,[]
61,1302.223348,3.4,0.074528,1.3,0.121000,0.1,28.899000,25.0,O=CNC(=O)C(=O)C=O,,[]
61,1360.695309,5.1,0.077080,1.6,0.134000,0.2,26.971000,12.0,O=CC1=CNC(=O)C1=O,,[]
61,1402.986937,7.2,0.100842,7.0,0.082500,0.0,30.327000,37.6,NC=[NH+]C1=COC([O-])=N1,,[]
61,1418.839709,7.9,0.089499,3.8,0.126600,0.1,27.770000,16.6,N=C1NC(C=O)=CC1=O,,[]
61,1465.099707,10.9,0.087865,3.2,0.118300,0.1,27.533000,15.0,O=CC1=CC(=O)C(=O)C1,,[]
61,1483.077226,12.2,0.092805,4.6,0.141200,0.4,23.718000,2.5,O=C1C=CC2=CN=CN12,,[]
61,1739.327623,46.6,0.157507,59.3,0.042000,0.0,36.191000,87.7,[O-]C(=O)CCCNC=[NH2+],,[]
62,395.999894,0.0,0.044749,0.0,0.504800,100.0,6.469000,0.0,C,,[]
62,481.107121,0.0,0.051208,0.1,0.343700,98.8,8.751000,0.0,CO,,[]
62,724.694376,0.0,0.033373,0.0,0.318800,91.4,18.453000,0.2,FC(F)(F)C#C,,[]
62,753.387875,0.0,0.079534,2.1,0.343500,98.8,12.934000,0.0,COC,,[]
62,784.640984,0.1,0.059116,0.2,0.271500,63.3,12.360000,0.0,N1C=NN=C1,,[]
62,847.509276,0.1,0.061106,0.3,0.250000,49.1,16.782000,0.1,CC1=NON=N1,,[]
62,882.797898,0.1,0.048818,0.0,0.196900,10.9,19.710000,0.3,O=N(=O)C1=NC=NO1,,[]
62,901.820848,0.1,0.064276,0.4,0.242100,43.5,16.736000,0.1,O=C1NC=NN1,,[]
62,929.847931,0.2,0.083382,2.4,0.234400,38.8,16.893000,0.1,CC(C)=O,,[]
62,942.772116,0.2,0.079595,2.1,0.254200,52.2,16.197000,0.1,O=CN1CC1,,[]
62,1004.244827,0.3,0.067602,0.8,0.159400,1.7,19.151000,0.3,N=C1ON=CC=N1,,[]
62,1023.799905,0.3,0.051185,0.1,0.161600,2.1,25.222000,5.5,FC1=C(F)C(=N)ON=N1,,[]
62,1042.231113,0.4,0.065000,0.4,0.151100,0.9,26.116000,8.2,NC1=C(ON=N1)N(=O)=O,,[]
62,1045.742028,0.4,0.060138,0.2,0.145000,0.6,21.190000,0.7,O=CC1=NC=NN=N1,,[]
62,1067.736863,0.4,0.052118,0.1,0.194000,9.9,24.782000,4.5,FC1=NOC(=N)C(=O)O1,,[]
62,1073.449709,0.5,0.037484,0.0,0.174400,4.4,23.324000,2.0,N#CC#CC#CC#N,,[]
62,1110.789661,0.7,0.066388,0.6,0.142700,0.5,23.317000,2.0,O=N(=O)C1=CN=NC=N1,,[]
62,1122.229158,0.7,0.062463,0.3,0.151000,0.9,20.753000,0.6,N#CC1=CN=NC=N1,,[]
62,1127.183973,0.8,0.059940,0.2,0.187600,7.9,21.896000,1.0,FC1=CC=NC(=O)O1,,[]
62,1137.036499,0.8,0.052971,0.2,0.159200,1.7,24.934000,4.8,O=C1ON=NC(=C1)C#N,,[]
62,1180.270020,1.3,0.081975,2.3,0.214600,22.5,19.027000,0.2,OC1=NC=CC=N1,,[]
62,1293.309576,3.1,0.078619,1.9,0.130800,0.1,25.387000,6.0,O=CC1=NC=NNC1=O,,[]
62,1302.223348,3.4,0.074528,1.3,0.121000,0.1,28.899000,25.0,O=CNC(=O)C(=O)C=O,,[]
62,1360.695309,5.1,0.077080,1.6,0.134000,0.2,26.971000,12.0,O=CC1=CNC(=O)C1=O,,[]
62,1402.986937,7.2,0.100842,7.0,0.082500,0.0,30.327000,37.6,NC=[NH+]C1=COC([O-])=N1,,[]
62,1418.839709,7.8,0.089499,3.7,0.126600,0.1,27.770000,16.6,N=C1NC(C=O)=CC1=O,,[]
62,1465.099707,10.8,0.087865,3.2,0.118300,0.1,27.533000,15.0,O=CC1=CC(=O)C(=O)C1,,[]
62,1483.077226,12.1,0.092805,4.6,0.141200,0.4,23.718000,2.5,O=C1C=CC2=CN=CN12,,[]
62,1739.327623,46.5,0.157507,59.2,0.042000,0.0,36.191000,87.8,[O-]C(=O)CCCNC=[NH2+],,[]
63,395.999894,0.0,0.044749,0.0,0.504800,100.0,6.469000,0.0,C,,[]
63,481.107121,0.0,0.051208,0.1,0.343700,98.8,8.751000,0.0,CO,,[]
63,724.694376,0.0,0.033373,0.0,0.318800,91.5,18.453000,0.2,FC(F)(F)C#C,,[]
63,753.387875,0.0,0.079534,2.1,0.343500,98.8,12.934000,0.0,COC,,[]
63,784.640984,0.1,0.059116,0.2,0.271500,63.4,12.360000,0.0,N1C=NN=C1,,[]
63,847.509276,0.1,0.061106,0.3,0.250000,49.2,16.782000,0.1,CC1=NON=N1,,[]
63,882.797898,0.1,0.048818,0.1,0.196900,10.9,19.710000,0.3,O=N(=O)C1=NC=NO1,,[]
63,901.820848,0.1,0.064276,0.4,0.242100,43.6,16.736000,0.1,O=C1NC=NN1,,[]
63,929.847931,0.2,0.083382,2.4,0.234400,38.9,16.893000,0.1,CC(C)=O,,[]
63,931.604330,0.2,0.046864,0.0,0.190200,8.7,21.926000,1.1,N=C1OC(=O)ON=N1,,[]
63,942.772116,0.2,0.079595,2.1,0.254200,52.4,16.197000,0.1,O=CN1CC1,,[]
63,1004.244827,0.3,0.067602,0.8,0.159400,1.7,19.151000,0.3,N=C1ON=CC=N1,,[]
63,1023.799905,0.4,0.051185,0.1,0.161600,2.1,25.222000,5.6,FC1=C(F)C(=N)ON=N1,,[]
63,1042.231113,0.4,0.065000,0.5,0.151100,0.9,26.116000,8.4,NC1=C(ON=N1)N(=O)=O,,[]
63,1045.742028,0.4,0.060138,0.3,0.145000,0.6,21.190000,0.7,O=CC1=NC=NN=N1,,[]
63,1073.449709,0.5,0.037484,0.0,0.174400,4.4,23.324000,2.0,N#CC#CC#CC#N,,[]
63,1110.789661,0.7,0.066388,0.6,0.142700,0.5,23.317000,2.0,O=N(=O)C1=CN=NC=N1,,[]
63,1122.229158,0.8,0.062463,0.4,0.151000,0.9,20.753000,0.6,N#CC1=CN=NC=N1,,[]
63,1127.183973,0.8,0.059940,0.2,0.187600,7.9,21.896000,1.0,FC1=CC=NC(=O)O1,,[]
63,1137.036499,0.8,0.052971,0.2,0.159200,1.7,24.934000,4.9,O=C1ON=NC(=C1)C#N,,[]
63,1180.270020,1.2,0.081975,2.3,0.214600,22.5,19.027000,0.2,OC1=NC=CC=N1,,[]
63,1293.309576,3.2,0.078619,1.9,0.130800,0.1,25.387000,6.1,O=CC1=NC=NNC1=O,,[]
63,1302.223348,3.5,0.074528,1.3,0.121000,0.1,28.899000,25.1,O=CNC(=O)C(=O)C=O,,[]
63,1360.695309,5.2,0.077080,1.6,0.134000,0.2,26.971000,12.0,O=CC1=CNC(=O)C1=O,,[]
63,1402.986937,7.2,0.100842,7.0,0.082500,0.0,30.327000,37.6,NC=[NH+]C1=COC([O-])=N1,,[]
63,1418.839709,7.9,0.089499,3.7,0.126600,0.1,27.770000,16.7,N=C1NC(C=O)=CC1=O,,[]
63,1465.099707,10.9,0.087865,3.2,0.118300,0.1,27.533000,15.1,O=CC1=CC(=O)C(=O)C1,,[]
63,1483.077226,12.2,0.092805,4.6,0.141200,0.4,23.718000,2.6,O=C1C=CC2=CN=CN12,,[]
63,1739.327623,46.5,0.157507,59.3,0.042000,0.0,36.191000,87.8,[O-]C(=O)CCCNC=[NH2+],,[]
64,395.999894,0.0,0.044749,0.0,0.504800,100.0,6.469000,0.0,C,,[]
64,481.107121,0.0,0.051208,0.1,0.343700,98.9,8.751000,0.0,CO,,[]
64,724.694376,0.0,0.033373,0.0,0.318800,91.6,18.453000,0.2,FC(F)(F)C#C,,[]
64,753.387875,0.0,0.079534,2.1,0.343500,98.8,12.934000,0.0,COC,,[]
64,784.640984,0.1,0.059116,0.2,0.271500,63.5,12.360000,0.0,N1C=NN=C1,,[]
64,847.509276,0.1,0.061106,0.3,0.250000,49.4,16.782000,0.1,CC1=NON=N1,,[]
64,882.797898,0.1,0.048818,0.1,0.196900,10.9,19.710000,0.3,O=N(=O)C1=NC=NO1,,[]
64,901.820848,0.1,0.064276,0.4,0.242100,43.6,16.736000,0.1,O=C1NC=NN1,,[]
64,929.847931,0.2,0.083382,2.4,0.234400,38.9,16.893000,0.1,CC(C)=O,,[]
64,931.604330,0.2,0.046864,0.0,0.190200,8.7,21.926000,1.1,N=C1OC(=O)ON=N1,,[]
64,942.772116,0.2,0.079595,2.1,0.254200,52.5,16.197000,0.1,O=CN1CC1,,[]
64,1004.244827,0.3,0.067602,0.8,0.159400,1.7,19.151000,0.3,N=C1ON=CC=N1,,[]
64,1023.799905,0.3,0.051185,0.1,0.161600,2.1,25.222000,5.5,FC1=C(F)C(=N)ON=N1,,[]
64,1042.231113,0.4,0.065000,0.5,0.151100,0.9,26.116000,8.3,NC1=C(ON=N1)N(=O)=O,,[]
64,1045.742028,0.4,0.060138,0.3,0.145000,0.6,21.190000,0.6,O=CC1=NC=NN=N1,,[]
64,1073.449709,0.5,0.037484,0.0,0.174400,4.3,23.324000,2.0,N#CC#CC#CC#N,,[]
64,1110.789661,0.7,0.066388,0.6,0.142700,0.5,23.317000,2.0,O=N(=O)C1=CN=NC=N1,,[]
64,1122.229158,0.7,0.062463,0.3,0.151000,0.9,20.753000,0.6,N#CC1=CN=NC=N1,,[]
64,1127.183973,0.8,0.059940,0.2,0.187600,7.9,21.896000,1.0,FC1=CC=NC(=O)O1,,[]
64,1137.036499,0.8,0.052971,0.2,0.159200,1.7,24.934000,4.9,O=C1ON=NC(=C1)C#N,,[]
64,1180.270020,1.2,0.081975,2.3,0.214600,22.5,19.027000,0.2,OC1=NC=CC=N1,,[]
64,1293.309576,3.1,0.078619,1.9,0.130800,0.1,25.387000,6.0,O=CC1=NC=NNC1=O,,[]
64,1302.223348,3.4,0.074528,1.3,0.121000,0.1,28.899000,25.1,O=CNC(=O)C(=O)C=O,,[]
64,1360.695309,5.1,0.077080,1.6,0.134000,0.2,26.971000,12.0,O=CC1=CNC(=O)C1=O,,[]
64,1402.986937,7.2,0.100842,7.0,0.082500,0.0,30.327000,37.6,NC=[NH+]C1=COC([O-])=N1,,[]
64,1418.839709,7.9,0.089499,3.7,0.126600,0.1,27.770000,16.7,N=C1NC(C=O)=CC1=O,,[]
64,1465.099707,10.9,0.087865,3.2,0.118300,0.1,27.533000,15.1,O=CC1=CC(=O)C(=O)C1,,[]
64,1483.077226,12.2,0.092805,4.6,0.141200,0.4,23.718000,2.5,O=C1C=CC2=CN=CN12,,[]
64,1739.327623,46.5,0.157507,59.3,0.042000,0.0,36.191000,87.9,[O-]C(=O)CCCNC=[NH2+],,[]
65,395.999894,0.0,0.044749,0.0,0.504800,100.0,6.469000,0.0,C,,[]
65,481.107121,0.0,0.051208,0.1,0.343700,98.9,8.751000,0.0,CO,,[]
65,724.694376,0.0,0.033373,0.0,0.318800,91.6,18.453000,0.2,FC(F)(F)C#C,,[]
65,753.387875,0.0,0.079534,2.1,0.343500,98.8,12.934000,0.0,COC,,[]
65,784.640984,0.1,0.059116,0.2,0.271500,63.5,12.360000,0.0,N1C=NN=C1,,[]
65,847.509276,0.1,0.061106,0.3,0.250000,49.5,16.782000,0.1,CC1=NON=N1,,[]
65,882.797898,0.1,0.048818,0.1,0.196900,10.9,19.710000,0.3,O=N(=O)C1=NC=NO1,,[]
65,901.820848,0.1,0.064276,0.4,0.242100,43.7,16.736000,0.1,O=C1NC=NN1,,[]
65,929.847931,0.2,0.083382,2.5,0.234400,38.9,16.893000,0.1,CC(C)=O,,[]
65,931.604330,0.2,0.046864,0.0,0.190200,8.7,21.926000,1.1,N=C1OC(=O)ON=N1,,[]
65,941.424226,0.2,0.076571,1.5,0.224100,31.0,18.020000,0.1,NC1=NNN=C1,,[]
65,941.780024,0.2,0.060480,0.3,0.248000,48.2,19.572000,0.3,COC(=O)C#N,,[]
65,942.772116,0.2,0.079595,2.2,0.254200,52.6,16.197000,0.1,O=CN1CC1,,[]
65,1004.244827,0.3,0.067602,0.8,0.159400,1.7,19.151000,0.3,N=C1ON=CC=N1,,[]
65,1023.799905,0.4,0.051185,0.1,0.161600,2.1,25.222000,5.5,FC1=C(F)C(=N)ON=N1,,[]
65,1029.352109,0.4,0.071099,0.9,0.149600,0.8,23.237000,2.0,CN1N=NC(=O)N=N1,,[]
65,1042.231113,0.4,0.065000,0.5,0.151100,0.9,26.116000,8.3,NC1=C(ON=N1)N(=O)=O,,[]
65,1045.742028,0.4,0.060138,0.2,0.145000,0.6,21.190000,0.7,O=CC1=NC=NN=N1,,[]
65,1073.449709,0.5,0.037484,0.0,0.174400,4.4,23.324000,2.1,N#CC#CC#CC#N,,[]
65,1110.789661,0.7,0.066388,0.6,0.142700,0.5,23.317000,2.0,O=N(=O)C1=CN=NC=N1,,[]
65,1122.229158,0.8,0.062463,0.4,0.151000,0.9,20.753000,0.6,N#CC1=CN=NC=N1,,[]
65,1127.183973,0.8,0.059940,0.2,0.187600,7.9,21.896000,1.0,FC1=CC=NC(=O)O1,,[]
65,1137.036499,0.9,0.052971,0.2,0.159200,1.7,24.934000,4.9,O=C1ON=NC(=C1)C#N,,[]
65,1180.270020,1.3,0.081975,2.3,0.214600,22.4,19.027000,0.2,OC1=NC=CC=N1,,[]
65,1293.309576,3.1,0.078619,2.0,0.130800,0.1,25.387000,6.0,O=CC1=NC=NNC1=O,,[]
65,1302.223348,3.4,0.074528,1.3,0.121000,0.1,28.899000,24.9,O=CNC(=O)C(=O)C=O,,[]
65,1360.695309,5.1,0.077080,1.6,0.134000,0.2,26.971000,12.0,O=CC1=CNC(=O)C1=O,,[]
65,1402.986937,7.2,0.100842,7.0,0.082500,0.0,30.327000,37.4,NC=[NH+]C1=COC([O-])=N1,,[]
65,1418.839709,7.8,0.089499,3.8,0.126600,0.1,27.770000,16.6,N=C1NC(C=O)=CC1=O,,[]
65,1465.099707,10.8,0.087865,3.2,0.118300,0.1,27.533000,15.0,O=CC1=CC(=O)C(=O)C1,,[]
65,1483.077226,12.1,0.092805,4.6,0.141200,0.4,23.718000,2.6,O=C1C=CC2=CN=CN12,,[]
65,1739.327623,46.4,0.157507,59.1,0.042000,0.0,36.191000,87.8,[O-]C(=O)CCCNC=[NH2+],,[]
66,395.999894,0.0,0.044749,0.0,0.504800,100.0,6.469000,0.0,C,,[]
66,481.107121,0.0,0.051208,0.1,0.343700,98.9,8.751000,0.0,CO,,[]
66,724.694376,0.0,0.033373,0.0,0.318800,91.7,18.453000,0.2,FC(F)(F)C#C,,[]
66,753.387875,0.0,0.079534,2.1,0.343500,98.9,12.934000,0.0,COC,,[]
66,784.640984,0.1,0.059116,0.2,0.271500,63.5,12.360000,0.0,N1C=NN=C1,,[]
66,847.509276,0.1,0.061106,0.3,0.250000,49.5,16.782000,0.1,CC1=NON=N1,,[]
66,882.797898,0.1,0.048818,0.1,0.196900,10.9,19.710000,0.3,O=N(=O)C1=NC=NO1,,[]
66,901.820848,0.1,0.064276,0.4,0.242100,43.7,16.736000,0.1,O=C1NC=NN1,,[]
66,929.847931,0.2,0.083382,2.5,0.234400,39.0,16.893000,0.1,CC(C)=O,,[]
66,931.604330,0.2,0.046864,0.0,0.190200,8.7,21.926000,1.1,N=C1OC(=O)ON=N1,,[]
66,941.424226,0.2,0.076571,1.5,0.224100,31.0,18.020000,0.1,NC1=NNN=C1,,[]
66,941.780024,0.2,0.060480,0.3,0.248000,48.2,19.572000,0.3,COC(=O)C#N,,[]
66,942.772116,0.2,0.079595,2.2,0.254200,52.6,16.197000,0.1,O=CN1CC1,,[]
66,1004.244827,0.3,0.067602,0.8,0.159400,1.7,19.151000,0.3,N=C1ON=CC=N1,,[]
66,1023.799905,0.4,0.051185,0.1,0.161600,2.1,25.222000,5.5,FC1=C(F)C(=N)ON=N1,,[]
66,1029.352109,0.4,0.071099,0.9,0.149600,0.8,23.237000,2.0,CN1N=NC(=O)N=N1,,[]
66,1042.231113,0.4,0.065000,0.5,0.151100,0.9,26.116000,8.3,NC1=C(ON=N1)N(=O)=O,,[]
66,1045.742028,0.4,0.060138,0.2,0.145000,0.6,21.190000,0.7,O=CC1=NC=NN=N1,,[]
66,1073.449709,0.5,0.037484,0.0,0.174400,4.4,23.324000,2.1,N#CC#CC#CC#N,,[]
66,1110.789661,0.7,0.066388,0.6,0.142700,0.5,23.317000,2.0,O=N(=O)C1=CN=NC=N1,,[]
66,1122.229158,0.8,0.062463,0.4,0.151000,0.9,20.753000,0.6,N#CC1=CN=NC=N1,,[]
66,1127.183973,0.8,0.059940,0.2,0.187600,8.0,21.896000,1.0,FC1=CC=NC(=O)O1,,[]
66,1137.036499,0.9,0.052971,0.2,0.159200,1.7,24.934000,4.9,O=C1ON=NC(=C1)C#N,,[]
66,1180.270020,1.3,0.081975,2.3,0.214600,22.5,19.027000,0.2,OC1=NC=CC=N1,,[]
66,1293.309576,3.1,0.078619,1.9,0.130800,0.1,25.387000,6.0,O=CC1=NC=NNC1=O,,[]
66,1302.223348,3.4,0.074528,1.3,0.121000,0.1,28.899000,25.0,O=CNC(=O)C(=O)C=O,,[]
66,1360.695309,5.1,0.077080,1.6,0.134000,0.2,26.971000,11.9,O=CC1=CNC(=O)C1=O,,[]
66,1402.986937,7.2,0.100842,7.0,0.082500,0.0,30.327000,37.6,NC=[NH+]C1=COC([O-])=N1,,[]
66,1418.839709,7.8,0.089499,3.7,0.126600,0.1,27.770000,16.5,N=C1NC(C=O)=CC1=O,,[]
66,1465.099707,10.8,0.087865,3.2,0.118300,0.1,27.533000,15.0,O=CC1=CC(=O)C(=O)C1,,[]
66,1483.077226,12.1,0.092805,4.6,0.141200,0.4,23.718000,2.6,O=C1C=CC2=CN=CN12,,[]
66,1503.732328,13.9,0.111447,12.4,0.070900,0.0,32.179000,56.5,NC=[NH+]C1=COC([O-])=C1,,[]
66,1739.327623,46.4,0.157507,59.1,0.042000,0.0,36.191000,87.8,[O-]C(=O)CCCNC=[NH2+],,[]
67,395.999894,0.0,0.044749,0.0,0.504800,100.0,6.469000,0.0,C,,[]
67,481.107121,0.0,0.051208,0.1,0.343700,98.9,8.751000,0.0,CO,,[]
67,724.694376,0.0,0.033373,0.0,0.318800,91.7,18.453000,0.2,FC(F)(F)C#C,,[]
67,753.387875,0.0,0.079534,2.1,0.343500,98.9,12.934000,0.0,COC,,[]
67,784.640984,0.1,0.059116,0.2,0.271500,63.4,12.360000,0.0,N1C=NN=C1,,[]
67,847.509276,0.1,0.061106,0.3,0.250000,49.4,16.782000,0.1,CC1=NON=N1,,[]
67,882.797898,0.1,0.048818,0.1,0.196900,10.9,19.710000,0.3,O=N(=O)C1=NC=NO1,,[]
67,901.820848,0.1,0.064276,0.4,0.242100,43.7,16.736000,0.1,O=C1NC=NN1,,[]
67,929.847931,0.2,0.083382,2.4,0.234400,39.0,16.893000,0.1,CC(C)=O,,[]
67,931.604330,0.2,0.046864,0.0,0.190200,8.8,21.926000,1.1,N=C1OC(=O)ON=N1,,[]
67,941.424226,0.2,0.076571,1.5,0.224100,31.1,18.020000,0.1,NC1=NNN=C1,,[]
67,941.780024,0.2,0.060480,0.3,0.248000,48.1,19.572000,0.3,COC(=O)C#N,,[]
67,942.772116,0.2,0.079595,2.1,0.254200,52.5,16.197000,0.1,O=CN1CC1,,[]
67,1004.244827,0.3,0.067602,0.8,0.159400,1.7,19.151000,0.3,N=C1ON=CC=N1,,[]
67,1023.799905,0.4,0.051185,0.1,0.161600,2.1,25.222000,5.5,FC1=C(F)C(=N)ON=N1,,[]
67,1029.352109,0.4,0.071099,0.9,0.149600,0.8,23.237000,2.0,CN1N=NC(=O)N=N1,,[]
67,1042.231113,0.4,0.065000,0.5,0.151100,0.9,26.116000,8.3,NC1=C(ON=N1)N(=O)=O,,[]
67,1045.742028,0.4,0.060138,0.2,0.145000,0.6,21.190000,0.7,O=CC1=NC=NN=N1,,[]
67,1073.449709,0.5,0.037484,0.0,0.174400,4.4,23.324000,2.1,N#CC#CC#CC#N,,[]
67,1110.789661,0.7,0.066388,0.6,0.142700,0.5,23.317000,2.1,O=N(=O)C1=CN=NC=N1,,[]
67,1122.229158,0.8,0.062463,0.3,0.151000,0.9,20.753000,0.6,N#CC1=CN=NC=N1,,[]
67,1127.183973,0.8,0.059940,0.2,0.187600,8.0,21.896000,1.0,FC1=CC=NC(=O)O1,,[]
67,1137.036499,0.8,0.052971,0.2,0.159200,1.7,24.934000,4.9,O=C1ON=NC(=C1)C#N,,[]
67,1180.270020,1.2,0.081975,2.3,0.214600,22.4,19.027000,0.2,OC1=NC=CC=N1,,[]
67,1293.309576,3.1,0.078619,1.9,0.130800,0.2,25.387000,6.0,O=CC1=NC=NNC1=O,,[]
67,1302.223348,3.4,0.074528,1.3,0.121000,0.1,28.899000,24.9,O=CNC(=O)C(=O)C=O,,[]
67,1360.695309,5.1,0.077080,1.6,0.134000,0.2,26.971000,11.9,O=CC1=CNC(=O)C1=O,,[]
67,1402.986937,7.2,0.100842,7.0,0.082500,0.0,30.327000,37.5,NC=[NH+]C1=COC([O-])=N1,,[]
67,1418.839709,7.9,0.089499,3.7,0.126600,0.1,27.770000,16.5,N=C1NC(C=O)=CC1=O,,[]
67,1465.099707,10.8,0.087865,3.2,0.118300,0.1,27.533000,15.0,O=CC1=CC(=O)C(=O)C1,,[]
67,1483.077226,12.1,0.092805,4.6,0.141200,0.5,23.718000,2.6,O=C1C=CC2=CN=CN12,,[]
67,1503.732328,13.8,0.111447,12.4,0.070900,0.0,32.179000,56.5,NC=[NH+]C1=COC([O-])=C1,,[]
67,1739.327623,46.3,0.157507,59.1,0.042000,0.0,36.191000,87.9,[O-]C(=O)CCCNC=[NH2+],,[]
68,395.999894,0.0,0.044749,0.0,0.504800,100.0,6.469000,0.0,C,,[]
68,481.107121,0.0,0.051208,0.1,0.343700,98.9,8.751000,0.0,CO,,[]
68,724.694376,0.0,0.033373,0.0,0.318800,91.7,18.453000,0.2,FC(F)(F)C#C,,[]
68,753.387875,0.0,0.079534,2.1,0.343500,98.9,12.934000,0.0,COC,,[]
68,784.640984,0.1,0.059116,0.2,0.271500,63.5,12.360000,0.0,N1C=NN=C1,,[]
68,847.509276,0.1,0.061106,0.3,0.250000,49.5,16.782000,0.1,CC1=NON=N1,,[]
68,882.797898,0.1,0.048818,0.1,0.196900,10.9,19.710000,0.3,O=N(=O)C1=NC=NO1,,[]
68,901.820848,0.1,0.064276,0.4,0.242100,43.7,16.736000,0.1,O=C1NC=NN1,,[]
68,929.847931,0.1,0.083382,2.4,0.234400,39.0,16.893000,0.1,CC(C)=O,,[]
68,931.604330,0.2,0.046864,0.0,0.190200,8.7,21.926000,1.1,N=C1OC(=O)ON=N1,,[]
68,941.424226,0.2,0.076571,1.5,0.224100,31.1,18.020000,0.1,NC1=NNN=C1,,[]
68,941.780024,0.2,0.060480,0.3,0.248000,48.1,19.572000,0.3,COC(=O)C#N,,[]
68,942.772116,0.2,0.079595,2.1,0.254200,52.5,16.197000,0.1,O=CN1CC1,,[]
68,1000.304695,0.3,0.070937,0.9,0.182100,6.3,20.460000,0.6,COC(=O)C=O,,[]
68,1004.244827,0.3,0.067602,0.8,0.159400,1.7,19.151000,0.3,N=C1ON=CC=N1,,[]
68,1023.799905,0.4,0.051185,0.1,0.161600,2.1,25.222000,5.5,FC1=C(F)C(=N)ON=N1,,[]
68,1029.352109,0.4,0.071099,0.9,0.149600,0.8,23.237000,2.0,CN1N=NC(=O)N=N1,,[]
68,1042.231113,0.4,0.065000,0.5,0.151100,0.9,26.116000,8.3,NC1=C(ON=N1)N(=O)=O,,[]
68,1045.742028,0.4,0.060138,0.3,0.145000,0.6,21.190000,0.7,O=CC1=NC=NN=N1,,[]
68,1073.449709,0.5,0.037484,0.0,0.174400,4.4,23.324000,2.1,N#CC#CC#CC#N,,[]
68,1110.789661,0.7,0.066388,0.6,0.142700,0.5,23.317000,2.1,O=N(=O)C1=CN=NC=N1,,[]
68,1122.229158,0.8,0.062463,0.4,0.151000,0.9,20.753000,0.6,N#CC1=CN=NC=N1,,[]
68,1127.183973,0.8,0.059940,0.2,0.187600,8.0,21.896000,1.0,FC1=CC=NC(=O)O1,,[]
68,1137.036499,0.9,0.052971,0.2,0.159200,1.7,24.934000,4.9,O=C1ON=NC(=C1)C#N,,[]
68,1180.270020,1.2,0.081975,2.3,0.214600,22.4,19.027000,0.2,OC1=NC=CC=N1,,[]
68,1293.309576,3.1,0.078619,1.9,0.130800,0.1,25.387000,6.0,O=CC1=NC=NNC1=O,,[]
68,1302.223348,3.4,0.074528,1.3,0.121000,0.1,28.899000,25.0,O=CNC(=O)C(=O)C=O,,[]
68,1360.695309,5.1,0.077080,1.6,0.134000,0.2,26.971000,11.9,O=CC1=CNC(=O)C1=O,,[]
68,1402.986937,7.2,0.100842,7.0,0.082500,0.0,30.327000,37.7,NC=[NH+]C1=COC([O-])=N1,,[]
68,1418.839709,7.9,0.089499,3.7,0.126600,0.1,27.770000,16.5,N=C1NC(C=O)=CC1=O,,[]
68,1465.099707,10.9,0.087865,3.2,0.118300,0.1,27.533000,15.0,O=CC1=CC(=O)C(=O)C1,,[]
68,1483.077226,12.2,0.092805,4.6,0.141200,0.4,23.718000,2.6,O=C1C=CC2=CN=CN12,,[]
68,1503.732328,13.9,0.111447,12.4,0.070900,0.0,32.179000,56.6,NC=[NH+]C1=COC([O-])=C1,,[]
68,1739.327623,46.3,0.157507,59.1,0.042000,0.0,36.191000,87.9,[O-]C(=O)CCCNC=[NH2+],,[]
69,395.999894,0.0,0.044749,0.0,0.504800,100.0,6.469000,0.0,C,,[]
69,481.107121,0.0,0.051208,0.1,0.343700,98.9,8.751000,0.0,CO,,[]
69,724.694376,0.0,0.033373,0.0,0.318800,91.6,18.453000,0.2,FC(F)(F)C#C,,[]
69,753.387875,0.0,0.079534,2.1,0.343500,98.8,12.934000,0.0,COC,,[]
69,784.640984,0.1,0.059116,0.2,0.271500,63.4,12.360000,0.0,N1C=NN=C1,,[]
69,847.509276,0.1,0.061106,0.3,0.250000,49.4,16.782000,0.1,CC1=NON=N1,,[]
69,882.797898,0.1,0.048818,0.1,0.196900,11.0,19.710000,0.3,O=N(=O)C1=NC=NO1,,[]
69,901.820848,0.1,0.064276,0.4,0.242100,43.7,16.736000,0.1,O=C1NC=NN1,,[]
69,929.847931,0.1,0.083382,2.5,0.234400,39.0,16.893000,0.1,CC(C)=O,,[]
69,931.604330,0.2,0.046864,0.0,0.190200,8.8,21.926000,1.1,N=C1OC(=O)ON=N1,,[]
69,941.424226,0.2,0.076571,1.5,0.224100,31.1,18.020000,0.1,NC1=NNN=C1,,[]
69,941.780024,0.2,0.060480,0.3,0.248000,48.1,19.572000,0.3,COC(=O)C#N,,[]
69,942.772116,0.2,0.079595,2.1,0.254200,52.5,16.197000,0.1,O=CN1CC1,,[]
69,961.520844,0.3,0.055700,0.2,0.188900,8.4,17.899000,0.1,O=CC1=NC=NO1,,[]
69,1000.304695,0.3,0.070937,0.9,0.182100,6.3,20.460000,0.6,COC(=O)C=O,,[]
69,1004.244827,0.3,0.067602,0.8,0.159400,1.8,19.151000,0.3,N=C1ON=CC=N1,,[]
69,1023.799905,0.4,0.051185,0.1,0.161600,2.1,25.222000,5.5,FC1=C(F)C(=N)ON=N1,,[]
69,1029.352109,0.4,0.071099,0.9,0.149600,0.8,23.237000,2.1,CN1N=NC(=O)N=N1,,[]
69,1042.231113,0.4,0.065000,0.5,0.151100,0.9,26.116000,8.3,NC1=C(ON=N1)N(=O)=O,,[]
69,1045.742028,0.4,0.060138,0.3,0.145000,0.6,21.190000,0.7,O=CC1=NC=NN=N1,,[]
69,1073.449709,0.5,0.037484,0.0,0.174400,4.4,23.324000,2.1,N#CC#CC#CC#N,,[]
69,1110.789661,0.7,0.066388,0.6,0.142700,0.5,23.317000,2.1,O=N(=O)C1=CN=NC=N1,,[]
69,1122.229158,0.8,0.062463,0.4,0.151000,0.9,20.753000,0.6,N#CC1=CN=NC=N1,,[]
69,1127.183973,0.8,0.059940,0.2,0.187600,8.0,21.896000,1.1,FC1=CC=NC(=O)O1,,[]
69,1137.036499,0.9,0.052971,0.2,0.159200,1.7,24.934000,4.9,O=C1ON=NC(=C1)C#N,,[]
69,1293.309576,3.2,0.078619,1.9,0.130800,0.2,25.387000,6.0,O=CC1=NC=NNC1=O,,[]
69,1302.223348,3.4,0.074528,1.3,0.121000,0.1,28.899000,25.2,O=CNC(=O)C(=O)C=O,,[]
69,1360.695309,5.2,0.077080,1.6,0.134000,0.2,26.971000,12.0,O=CC1=CNC(=O)C1=O,,[]
69,1402.986937,7.2,0.100842,7.0,0.082500,0.0,30.327000,37.8,NC=[NH+]C1=COC([O-])=N1,,[]
69,1418.839709,7.9,0.089499,3.7,0.126600,0.1,27.770000,16.7,N=C1NC(C=O)=CC1=O,,[]
69,1465.099707,10.9,0.087865,3.2,0.118300,0.1,27.533000,15.1,O=CC1=CC(=O)C(=O)C1,,[]
69,1483.077226,12.3,0.092805,4.7,0.141200,0.5,23.718000,2.6,O=C1C=CC2=CN=CN12,,[]
69,1503.732328,14.1,0.111447,12.5,0.070900,0.0,32.179000,56.7,NC=[NH+]C1=COC([O-])=C1,,[]
69,1739.327623,46.4,0.157507,59.2,0.042000,0.0,36.191000,87.9,[O-]C(=O)CCCNC=[NH2+],,[]
70,395.999894,0.0,0.044749,0.0,0.504800,100.0,6.469000,0.0,C,,[]
70,481.107121,0.0,0.051208,0.1,0.343700,98.9,8.751000,0.0,CO,,[]
70,724.694376,0.0,0.033373,0.0,0.318800,91.7,18.453000,0.2,FC(F)(F)C#C,,[]
70,753.387875,0.0,0.079534,2.1,0.343500,98.8,12.934000,0.0,COC,,[]
70,784.640984,0.1,0.059116,0.2,0.271500,63.5,12.360000,0.0,N1C=NN=C1,,[]
70,847.509276,0.1,0.061106,0.3,0.250000,49.5,16.782000,0.1,CC1=NON=N1,,[]
70,882.797898,0.1,0.048818,0.1,0.196900,11.0,19.710000,0.3,O=N(=O)C1=NC=NO1,,[]
70,901.820848,0.1,0.064276,0.4,0.242100,43.7,16.736000,0.1,O=C1NC=NN1,,[]
70,929.847931,0.1,0.083382,2.4,0.234400,39.1,16.893000,0.1,CC(C)=O,,[]
70,931.604330,0.2,0.046864,0.0,0.190200,8.8,21.926000,1.1,N=C1OC(=O)ON=N1,,[]
70,941.424226,0.2,0.076571,1.5,0.224100,31.1,18.020000,0.1,NC1=NNN=C1,,[]
70,941.780024,0.2,0.060480,0.3,0.248000,48.2,19.572000,0.3,COC(=O)C#N,,[]
70,942.772116,0.2,0.079595,2.1,0.254200,52.6,16.197000,0.1,O=CN1CC1,,[]
70,961.520844,0.3,0.055700,0.2,0.188900,8.4,17.899000,0.1,O=CC1=NC=NO1,,[]
70,1000.304695,0.3,0.070937,0.9,0.182100,6.3,20.460000,0.6,COC(=O)C=O,,[]
70,1004.244827,0.3,0.067602,0.8,0.159400,1.7,19.151000,0.3,N=C1ON=CC=N1,,[]
70,1009.482021,0.4,0.061051,0.3,0.183300,6.7,22.012000,1.2,N=C1NN=NC(=O)O1,,[]
70,1023.799905,0.4,0.051185,0.1,0.161600,2.1,25.222000,5.6,FC1=C(F)C(=N)ON=N1,,[]
70,1029.352109,0.4,0.071099,0.9,0.149600,0.8,23.237000,2.1,CN1N=NC(=O)N=N1,,[]
70,1042.231113,0.4,0.065000,0.5,0.151100,0.9,26.116000,8.4,NC1=C(ON=N1)N(=O)=O,,[]
70,1045.742028,0.4,0.060138,0.3,0.145000,0.6,21.190000,0.7,O=CC1=NC=NN=N1,,[]
70,1073.449709,0.5,0.037484,0.0,0.174400,4.4,23.324000,2.1,N#CC#CC#CC#N,,[]
70,1110.789661,0.7,0.066388,0.6,0.142700,0.5,23.317000,2.1,O=N(=O)C1=CN=NC=N1,,[]
70,1122.229158,0.8,0.062463,0.4,0.151000,0.9,20.753000,0.6,N#CC1=CN=NC=N1,,[]
70,1127.183973,0.8,0.059940,0.2,0.187600,8.0,21.896000,1.1,FC1=CC=NC(=O)O1,,[]
70,1137.036499,0.9,0.052971,0.2,0.159200,1.7,24.934000,4.9,O=C1ON=NC(=C1)C#N,,[]
70,1293.309576,3.2,0.078619,1.9,0.130800,0.2,25.387000,6.1,O=CC1=NC=NNC1=O,,[]
70,1302.223348,3.4,0.074528,1.3,0.121000,0.1,28.899000,25.3,O=CNC(=O)C(=O)C=O,,[]
70,1360.695309,5.1,0.077080,1.6,0.134000,0.2,26.971000,12.0,O=CC1=CNC(=O)C1=O,,[]
70,1402.986937,7.2,0.100842,7.0,0.082500,0.0,30.327000,37.9,NC=[NH+]C1=COC([O-])=N1,,[]
70,1418.839709,7.9,0.089499,3.8,0.126600,0.1,27.770000,16.7,N=C1NC(C=O)=CC1=O,,[]
70,1465.099707,10.9,0.087865,3.2,0.118300,0.1,27.533000,15.1,O=CC1=CC(=O)C(=O)C1,,[]
70,1483.077226,12.3,0.092805,4.7,0.141200,0.4,23.718000,2.6,O=C1C=CC2=CN=CN12,,[]
70,1503.732328,14.1,0.111447,12.4,0.070900,0.0,32.179000,56.7,NC=[NH+]C1=COC([O-])=C1,,[]
70,1739.327623,46.4,0.157507,59.3,0.042000,0.0,36.191000,87.8,[O-]C(=O)CCCNC=[NH2+],,[]
71,395.999894,0.0,0.044749,0.0,0.504800,100.0,6.469000,0.0,C,,[]
71,481.107121,0.0,0.051208,0.1,0.343700,98.9,8.751000,0.0,CO,,[]
71,724.694376,0.0,0.033373,0.0,0.318800,91.7,18.453000,0.2,FC(F)(F)C#C,,[]
71,753.387875,0.0,0.079534,2.1,0.343500,98.9,12.934000,0.0,COC,,[]
71,784.640984,0.1,0.059116,0.2,0.271500,63.5,12.360000,0.0,N1C=NN=C1,,[]
71,847.509276,0.1,0.061106,0.3,0.250000,49.5,16.782000,0.1,CC1=NON=N1,,[]
71,882.797898,0.1,0.048818,0.1,0.196900,10.9,19.710000,0.3,O=N(=O)C1=NC=NO1,,[]
71,901.820848,0.1,0.064276,0.4,0.242100,43.7,16.736000,0.1,O=C1NC=NN1,,[]
71,929.847931,0.1,0.083382,2.4,0.234400,39.0,16.893000,0.1,CC(C)=O,,[]
71,931.604330,0.2,0.046864,0.0,0.190200,8.8,21.926000,1.1,N=C1OC(=O)ON=N1,,[]
71,941.424226,0.2,0.076571,1.5,0.224100,31.0,18.020000,0.1,NC1=NNN=C1,,[]
71,941.780024,0.2,0.060480,0.3,0.248000,48.1,19.572000,0.3,COC(=O)C#N,,[]
71,942.772116,0.2,0.079595,2.1,0.254200,52.5,16.197000,0.1,O=CN1CC1,,[]
71,961.520844,0.3,0.055700,0.2,0.188900,8.3,17.899000,0.1,O=CC1=NC=NO1,,[]
71,1000.304695,0.3,0.070937,0.9,0.182100,6.3,20.460000,0.6,COC(=O)C=O,,[]
71,1004.244827,0.3,0.067602,0.8,0.159400,1.7,19.151000,0.3,N=C1ON=CC=N1,,[]
71,1009.482021,0.4,0.061051,0.3,0.183300,6.7,22.012000,1.2,N=C1NN=NC(=O)O1,,[]
71,1023.799905,0.4,0.051185,0.1,0.161600,2.1,25.222000,5.6,FC1=C(F)C(=N)ON=N1,,[]
71,1029.352109,0.4,0.071099,1.0,0.149600,0.8,23.237000,2.1,CN1N=NC(=O)N=N1,,[]
71,1042.231113,0.4,0.065000,0.5,0.151100,0.9,26.116000,8.4,NC1=C(ON=N1)N(=O)=O,,[]
71,1045.742028,0.4,0.060138,0.3,0.145000,0.6,21.190000,0.7,O=CC1=NC=NN=N1,,[]
71,1073.449709,0.5,0.037484,0.0,0.174400,4.4,23.324000,2.1,N#CC#CC#CC#N,,[]
71,1110.789661,0.7,0.066388,0.6,0.142700,0.5,23.317000,2.1,O=N(=O)C1=CN=NC=N1,,[]
71,1122.229158,0.8,0.062463,0.4,0.151000,0.9,20.753000,0.6,N#CC1=CN=NC=N1,,[]
71,1127.183973,0.8,0.059940,0.2,0.187600,8.0,21.896000,1.1,FC1=CC=NC(=O)O1,,[]
71,1137.036499,0.9,0.052971,0.2,0.159200,1.7,24.934000,5.0,O=C1ON=NC(=C1)C#N,,[]
71,1293.309576,3.2,0.078619,1.9,0.130800,0.2,25.387000,6.1,O=CC1=NC=NNC1=O,,[]
71,1302.223348,3.4,0.074528,1.3,0.121000,0.1,28.899000,25.2,O=CNC(=O)C(=O)C=O,,[]
71,1360.695309,5.1,0.077080,1.6,0.134000,0.3,26.971000,12.0,O=CC1=CNC(=O)C1=O,,[]
71,1402.986937,7.2,0.100842,7.0,0.082500,0.0,30.327000,37.9,NC=[NH+]C1=COC([O-])=N1,,[]
71,1418.839709,7.9,0.089499,3.7,0.126600,0.1,27.770000,16.7,N=C1NC(C=O)=CC1=O,,[]
71,1465.099707,10.9,0.087865,3.2,0.118300,0.1,27.533000,15.1,O=CC1=CC(=O)C(=O)C1,,[]
71,1483.077226,12.2,0.092805,4.7,0.141200,0.5,23.718000,2.7,O=C1C=CC2=CN=CN12,,[]
71,1503.732328,14.0,0.111447,12.4,0.070900,0.0,32.179000,56.7,NC=[NH+]C1=COC([O-])=C1,,[]
71,1739.327623,46.3,0.157507,59.1,0.042000,0.0,36.191000,87.8,[O-]C(=O)CCCNC=[NH2+],,[]
72,395.999894,0.0,0.044749,0.0,0.504800,100.0,6.469000,0.0,C,,[]
72,481.107121,0.0,0.051208,0.1,0.343700,98.9,8.751000,0.0,CO,,[]
72,724.694376,0.0,0.033373,0.0,0.318800,91.7,18.453000,0.2,FC(F)(F)C#C,,[]
72,753.387875,0.0,0.079534,2.1,0.343500,98.8,12.934000,0.0,COC,,[]
72,784.640984,0.1,0.059116,0.2,0.271500,63.5,12.360000,0.0,N1C=NN=C1,,[]
72,847.509276,0.1,0.061106,0.3,0.250000,49.5,16.782000,0.1,CC1=NON=N1,,[]
72,882.797898,0.1,0.048818,0.1,0.196900,11.0,19.710000,0.3,O=N(=O)C1=NC=NO1,,[]
72,901.820848,0.1,0.064276,0.4,0.242100,43.7,16.736000,0.1,O=C1NC=NN1,,[]
72,929.847931,0.1,0.083382,2.4,0.234400,39.0,16.893000,0.1,CC(C)=O,,[]
72,931.604330,0.2,0.046864,0.0,0.190200,8.8,21.926000,1.1,N=C1OC(=O)ON=N1,,[]
72,941.424226,0.2,0.076571,1.5,0.224100,31.0,18.020000,0.1,NC1=NNN=C1,,[]
72,941.780024,0.2,0.060480,0.3,0.248000,48.1,19.572000,0.3,COC(=O)C#N,,[]
72,942.772116,0.2,0.079595,2.1,0.254200,52.5,16.197000,0.1,O=CN1CC1,,[]
72,961.520844,0.3,0.055700,0.2,0.188900,8.4,17.899000,0.1,O=CC1=NC=NO1,,[]
72,1000.304695,0.3,0.070937,0.9,0.182100,6.4,20.460000,0.6,COC(=O)C=O,,[]
72,1004.244827,0.3,0.067602,0.8,0.159400,1.8,19.151000,0.3,N=C1ON=CC=N1,,[]
72,1009.482021,0.3,0.061051,0.3,0.183300,6.8,22.012000,1.2,N=C1NN=NC(=O)O1,,[]
72,1023.799905,0.4,0.051185,0.1,0.161600,2.1,25.222000,5.6,FC1=C(F)C(=N)ON=N1,,[]
72,1029.352109,0.4,0.071099,1.0,0.149600,0.8,23.237000,2.1,CN1N=NC(=O)N=N1,,[]
72,1042.231113,0.4,0.065000,0.5,0.151100,1.0,26.116000,8.3,NC1=C(ON=N1)N(=O)=O,,[]
72,1045.742028,0.4,0.060138,0.3,0.145000,0.6,21.190000,0.8,O=CC1=NC=NN=N1,,[]
72,1073.449709,0.5,0.037484,0.0,0.174400,4.4,23.324000,2.1,N#CC#CC#CC#N,,[]
72,1110.789661,0.7,0.066388,0.6,0.142700,0.5,23.317000,2.1,O=N(=O)C1=CN=NC=N1,,[]
72,1122.229158,0.8,0.062463,0.4,0.151000,0.9,20.753000,0.7,N#CC1=CN=NC=N1,,[]
72,1127.183973,0.8,0.059940,0.2,0.187600,8.0,21.896000,1.1,FC1=CC=NC(=O)O1,,[]
72,1137.036499,0.9,0.052971,0.2,0.159200,1.7,24.934000,5.0,O=C1ON=NC(=C1)C#N,,[]
72,1293.309576,3.2,0.078619,1.9,0.130800,0.2,25.387000,6.1,O=CC1=NC=NNC1=O,,[]
72,1302.223348,3.5,0.074528,1.3,0.121000,0.1,28.899000,25.2,O=CNC(=O)C(=O)C=O,,[]
72,1360.695309,5.2,0.077080,1.6,0.134000,0.3,26.971000,12.0,O=CC1=CNC(=O)C1=O,,[]
72,1402.986937,7.2,0.100842,7.0,0.082500,0.0,30.327000,38.0,NC=[NH+]C1=COC([O-])=N1,,[]
72,1418.839709,7.9,0.089499,3.8,0.126600,0.2,27.770000,16.7,N=C1NC(C=O)=CC1=O,,[]
72,1465.099707,11.0,0.087865,3.2,0.118300,0.1,27.533000,15.1,O=CC1=CC(=O)C(=O)C1,,[]
72,1483.077226,12.3,0.092805,4.7,0.141200,0.5,23.718000,2.6,O=C1C=CC2=CN=CN12,,[]
72,1503.732328,14.0,0.111447,12.4,0.070900,0.0,32.179000,56.8,NC=[NH+]C1=COC([O-])=C1,,[]
72,1739.327623,46.4,0.157507,59.2,0.042000,0.0,36.191000,87.8,[O-]C(=O)CCCNC=[NH2+],,[]
73,395.999894,0.0,0.044749,0.0,0.504800,100.0,6.469000,0.0,C,,[]
73,481.107121,0.0,0.051208,0.1,0.343700,98.9,8.751000,0.0,CO,,[]
73,724.694376,0.0,0.033373,0.0,0.318800,91.7,18.453000,0.2,FC(F)(F)C#C,,[]
73,753.387875,0.0,0.079534,2.1,0.343500,98.8,12.934000,0.0,COC,,[]
73,784.640984,0.1,0.059116,0.2,0.271500,63.5,12.360000,0.0,N1C=NN=C1,,[]
73,847.509276,0.1,0.061106,0.3,0.250000,49.5,16.782000,0.1,CC1=NON=N1,,[]
73,882.797898,0.1,0.048818,0.1,0.196900,10.9,19.710000,0.3,O=N(=O)C1=NC=NO1,,[]
73,901.820848,0.1,0.064276,0.4,0.242100,43.7,16.736000,0.1,O=C1NC=NN1,,[]
73,929.847931,0.1,0.083382,2.4,0.234400,39.0,16.893000,0.1,CC(C)=O,,[]
73,931.604330,0.2,0.046864,0.0,0.190200,8.8,21.926000,1.2,N=C1OC(=O)ON=N1,,[]
73,941.424226,0.2,0.076571,1.5,0.224100,31.0,18.020000,0.1,NC1=NNN=C1,,[]
73,941.780024,0.2,0.060480,0.3,0.248000,48.1,19.572000,0.3,COC(=O)C#N,,[]
73,942.772116,0.2,0.079595,2.1,0.254200,52.5,16.197000,0.1,O=CN1CC1,,[]
73,961.520844,0.3,0.055700,0.2,0.188900,8.4,17.899000,0.1,O=CC1=NC=NO1,,[]
73,1000.304695,0.3,0.070937,0.9,0.182100,6.4,20.460000,0.6,COC(=O)C=O,,[]
73,1004.244827,0.3,0.067602,0.8,0.159400,1.8,19.151000,0.3,N=C1ON=CC=N1,,[]
73,1009.482021,0.3,0.061051,0.3,0.183300,6.7,22.012000,1.2,N=C1NN=NC(=O)O1,,[]
73,1023.799905,0.4,0.051185,0.1,0.161600,2.1,25.222000,5.6,FC1=C(F)C(=N)ON=N1,,[]
73,1029.352109,0.4,0.071099,0.9,0.149600,0.8,23.237000,2.1,CN1N=NC(=O)N=N1,,[]
73,1042.231113,0.4,0.065000,0.5,0.151100,1.0,26.116000,8.4,NC1=C(ON=N1)N(=O)=O,,[]
73,1045.742028,0.4,0.060138,0.2,0.145000,0.6,21.190000,0.7,O=CC1=NC=NN=N1,,[]
73,1073.449709,0.5,0.037484,0.0,0.174400,4.4,23.324000,2.2,N#CC#CC#CC#N,,[]
73,1110.789661,0.7,0.066388,0.6,0.142700,0.5,23.317000,2.1,O=N(=O)C1=CN=NC=N1,,[]
73,1122.229158,0.8,0.062463,0.4,0.151000,1.0,20.753000,0.6,N#CC1=CN=NC=N1,,[]
73,1127.183973,0.8,0.059940,0.2,0.187600,8.0,21.896000,1.1,FC1=CC=NC(=O)O1,,[]
73,1137.036499,0.9,0.052971,0.2,0.159200,1.7,24.934000,5.0,O=C1ON=NC(=C1)C#N,,[]
73,1293.309576,3.2,0.078619,1.9,0.130800,0.2,25.387000,6.1,O=CC1=NC=NNC1=O,,[]
73,1302.223348,3.4,0.074528,1.3,0.121000,0.1,28.899000,25.2,O=CNC(=O)C(=O)C=O,,[]
73,1360.695309,5.2,0.077080,1.6,0.134000,0.3,26.971000,12.0,O=CC1=CNC(=O)C1=O,,[]
73,1402.986937,7.2,0.100842,7.0,0.082500,0.0,30.327000,38.0,NC=[NH+]C1=COC([O-])=N1,,[]
73,1418.839709,7.9,0.089499,3.8,0.126600,0.2,27.770000,16.6,N=C1NC(C=O)=CC1=O,,[]
73,1465.099707,10.9,0.087865,3.2,0.118300,0.1,27.533000,15.1,O=CC1=CC(=O)C(=O)C1,,[]
73,1483.077226,12.2,0.092805,4.7,0.141200,0.5,23.718000,2.7,O=C1C=CC2=CN=CN12,,[]
73,1503.732328,14.0,0.111447,12.4,0.070900,0.0,32.179000,56.8,NC=[NH+]C1=COC([O-])=C1,,[]
73,1739.327623,46.4,0.157507,59.3,0.042000,0.0,36.191000,87.9,[O-]C(=O)CCCNC=[NH2+],,[]
74,395.999894,0.0,0.044749,0.0,0.504800,100.0,6.469000,0.0,C,,[]
74,481.107121,0.0,0.051208,0.1,0.343700,98.9,8.751000,0.0,CO,,[]
74,724.694376,0.0,0.033373,0.0,0.318800,91.7,18.453000,0.2,FC(F)(F)C#C,,[]
74,753.387875,0.0,0.079534,2.1,0.343500,98.8,12.934000,0.0,COC,,[]
74,784.640984,0.1,0.059116,0.2,0.271500,63.5,12.360000,0.0,N1C=NN=C1,,[]
74,847.509276,0.1,0.061106,0.3,0.250000,49.4,16.782000,0.1,CC1=NON=N1,,[]
74,882.797898,0.1,0.048818,0.1,0.196900,10.9,19.710000,0.4,O=N(=O)C1=NC=NO1,,[]
74,901.820848,0.1,0.064276,0.4,0.242100,43.6,16.736000,0.1,O=C1NC=NN1,,[]
74,929.847931,0.1,0.083382,2.4,0.234400,39.0,16.893000,0.1,CC(C)=O,,[]
74,931.604330,0.1,0.046864,0.0,0.190200,8.8,21.926000,1.2,N=C1OC(=O)ON=N1,,[]
74,941.424226,0.2,0.076571,1.5,0.224100,31.0,18.020000,0.1,NC1=NNN=C1,,[]
74,941.780024,0.2,0.060480,0.3,0.248000,48.0,19.572000,0.3,COC(=O)C#N,,[]
74,942.772116,0.2,0.079595,2.1,0.254200,52.4,16.197000,0.1,O=CN1CC1,,[]
74,961.520844,0.3,0.055700,0.2,0.188900,8.4,17.899000,0.1,O=CC1=NC=NO1,,[]
74,1000.304695,0.3,0.070937,0.9,0.182100,6.3,20.460000,0.6,COC(=O)C=O,,[]
74,1004.244827,0.3,0.067602,0.8,0.159400,1.7,19.151000,0.3,N=C1ON=CC=N1,,[]
74,1009.482021,0.4,0.061051,0.3,0.183300,6.7,22.012000,1.2,N=C1NN=NC(=O)O1,,[]
74,1023.799905,0.4,0.051185,0.1,0.161600,2.1,25.222000,5.6,FC1=C(F)C(=N)ON=N1,,[]
74,1029.352109,0.4,0.071099,0.9,0.149600,0.8,23.237000,2.1,CN1N=NC(=O)N=N1,,[]
74,1042.231113,0.4,0.065000,0.5,0.151100,1.0,26.116000,8.4,NC1=C(ON=N1)N(=O)=O,,[]
74,1045.742028,0.4,0.060138,0.2,0.145000,0.6,21.190000,0.7,O=CC1=NC=NN=N1,,[]
74,1073.449709,0.5,0.037484,0.0,0.174400,4.4,23.324000,2.2,N#CC#CC#CC#N,,[]
74,1110.789661,0.7,0.066388,0.6,0.142700,0.5,23.317000,2.1,O=N(=O)C1=CN=NC=N1,,[]
74,1122.229158,0.8,0.062463,0.4,0.151000,0.9,20.753000,0.7,N#CC1=CN=NC=N1,,[]
74,1127.183973,0.8,0.059940,0.2,0.187600,8.0,21.896000,1.1,FC1=CC=NC(=O)O1,,[]
74,1137.036499,0.9,0.052971,0.1,0.159200,1.7,24.934000,5.0,O=C1ON=NC(=C1)C#N,,[]
74,1293.309576,3.2,0.078619,1.9,0.130800,0.2,25.387000,6.1,O=CC1=NC=NNC1=O,,[]
74,1302.223348,3.4,0.074528,1.3,0.121000,0.1,28.899000,25.3,O=CNC(=O)C(=O)C=O,,[]
74,1360.695309,5.2,0.077080,1.6,0.134000,0.3,26.971000,12.0,O=CC1=CNC(=O)C1=O,,[]
74,1402.986937,7.2,0.100842,7.0,0.082500,0.0,30.327000,38.1,NC=[NH+]C1=COC([O-])=N1,,[]
74,1418.839709,7.9,0.089499,3.8,0.126600,0.1,27.770000,16.7,N=C1NC(C=O)=CC1=O,,[]
74,1465.099707,10.9,0.087865,3.2,0.118300,0.1,27.533000,15.1,O=CC1=CC(=O)C(=O)C1,,[]
74,1483.077226,12.3,0.092805,4.7,0.141200,0.4,23.718000,2.7,O=C1C=CC2=CN=CN12,,[]
74,1503.732328,14.0,0.111447,12.4,0.070900,0.0,32.179000,56.7,NC=[NH+]C1=COC([O-])=C1,,[]
74,1739.327623,46.5,0.157507,59.2,0.042000,0.0,36.191000,87.9,[O-]C(=O)CCCNC=[NH2+],,[]
75,395.999894,0.0,0.044749,0.0,0.504800,100.0,6.469000,0.0,C,,[]
75,481.107121,0.0,0.051208,0.1,0.343700,98.9,8.751000,0.0,CO,,[]
75,724.694376,0.0,0.033373,0.0,0.318800,91.7,18.453000,0.2,FC(F)(F)C#C,,[]
75,753.387875,0.0,0.079534,2.1,0.343500,98.9,12.934000,0.0,COC,,[]
75,784.640984,0.1,0.059116,0.2,0.271500,63.5,12.360000,0.0,N1C=NN=C1,,[]
75,847.509276,0.1,0.061106,0.3,0.250000,49.4,16.782000,0.1,CC1=NON=N1,,[]
75,882.797898,0.1,0.048818,0.1,0.196900,10.9,19.710000,0.3,O=N(=O)C1=NC=NO1,,[]
75,901.820848,0.1,0.064276,0.4,0.242100,43.5,16.736000,0.1,O=C1NC=NN1,,[]
75,929.847931,0.1,0.083382,2.4,0.234400,39.0,16.893000,0.1,CC(C)=O,,[]
75,931.604330,0.1,0.046864,0.0,0.190200,8.8,21.926000,1.2,N=C1OC(=O)ON=N1,,[]
75,941.424226,0.2,0.076571,1.5,0.224100,31.1,18.020000,0.1,NC1=NNN=C1,,[]
75,941.780024,0.2,0.060480,0.3,0.248000,48.0,19.572000,0.3,COC(=O)C#N,,[]
75,942.772116,0.2,0.079595,2.1,0.254200,52.4,16.197000,0.1,O=CN1CC1,,[]
75,961.520844,0.3,0.055700,0.2,0.188900,8.3,17.899000,0.1,O=CC1=NC=NO1,,[]
75,1000.304695,0.3,0.070937,0.9,0.182100,6.3,20.460000,0.6,COC(=O)C=O,,[]
75,1004.244827,0.3,0.067602,0.8,0.159400,1.7,19.151000,0.3,N=C1ON=CC=N1,,[]
75,1009.482021,0.3,0.061051,0.3,0.183300,6.7,22.012000,1.2,N=C1NN=NC(=O)O1,,[]
75,1023.799905,0.4,0.051185,0.1,0.161600,2.1,25.222000,5.6,FC1=C(F)C(=N)ON=N1,,[]
75,1029.352109,0.4,0.071099,0.9,0.149600,0.8,23.237000,2.1,CN1N=NC(=O)N=N1,,[]
75,1042.231113,0.4,0.065000,0.5,0.151100,1.0,26.116000,8.3,NC1=C(ON=N1)N(=O)=O,,[]
75,1045.742028,0.4,0.060138,0.2,0.145000,0.6,21.190000,0.8,O=CC1=NC=NN=N1,,[]
75,1073.449709,0.5,0.037484,0.0,0.174400,4.4,23.324000,2.2,N#CC#CC#CC#N,,[]
75,1110.789661,0.7,0.066388,0.6,0.142700,0.5,23.317000,2.1,O=N(=O)C1=CN=NC=N1,,[]
75,1122.229158,0.8,0.062463,0.3,0.151000,0.9,20.753000,0.7,N#CC1=CN=NC=N1,,[]
75,1127.183973,0.8,0.059940,0.2,0.187600,8.0,21.896000,1.1,FC1=CC=NC(=O)O1,,[]
75,1137.036499,0.9,0.052971,0.1,0.159200,1.7,24.934000,5.0,O=C1ON=NC(=C1)C#N,,[]
75,1293.309576,3.1,0.078619,1.9,0.130800,0.2,25.387000,6.1,O=CC1=NC=NNC1=O,,[]
75,1302.223348,3.4,0.074528,1.3,0.121000,0.1,28.899000,25.2,O=CNC(=O)C(=O)C=O,,[]
75,1360.695309,5.1,0.077080,1.6,0.134000,0.3,26.971000,12.0,O=CC1=CNC(=O)C1=O,,[]
75,1402.986937,7.2,0.100842,6.9,0.082500,0.0,30.327000,38.1,NC=[NH+]C1=COC([O-])=N1,,[]
75,1418.839709,7.8,0.089499,3.7,0.126600,0.1,27.770000,16.6,N=C1NC(C=O)=CC1=O,,[]
75,1465.099707,10.9,0.087865,3.2,0.118300,0.1,27.533000,15.0,O=CC1=CC(=O)C(=O)C1,,[]
75,1483.077226,12.2,0.092805,4.6,0.141200,0.5,23.718000,2.7,O=C1C=CC2=CN=CN12,,[]
75,1503.732328,13.9,0.111447,12.3,0.070900,0.0,32.179000,56.8,NC=[NH+]C1=COC([O-])=C1,,[]
75,1739.327623,46.4,0.157507,59.2,0.042000,0.0,36.191000,87.9,[O-]C(=O)CCCNC=[NH2+],,[]
76,395.999894,0.0,0.044749,0.0,0.504800,100.0,6.469000,0.0,C,,[]
76,481.107121,0.0,0.051208,0.1,0.343700,98.9,8.751000,0.0,CO,,[]
76,724.694376,0.0,0.033373,0.0,0.318800,91.7,18.453000,0.2,FC(F)(F)C#C,,[]
76,753.387875,0.0,0.079534,2.1,0.343500,98.9,12.934000,0.0,COC,,[]
76,784.640984,0.1,0.059116,0.2,0.271500,63.6,12.360000,0.0,N1C=NN=C1,,[]
76,847.509276,0.1,0.061106,0.3,0.250000,49.5,16.782000,0.1,CC1=NON=N1,,[]
76,882.797898,0.1,0.048818,0.1,0.196900,10.8,19.710000,0.3,O=N(=O)C1=NC=NO1,,[]
76,901.820848,0.1,0.064276,0.4,0.242100,43.6,16.736000,0.1,O=C1NC=NN1,,[]
76,929.847931,0.1,0.083382,2.4,0.234400,39.0,16.893000,0.1,CC(C)=O,,[]
76,931.604330,0.1,0.046864,0.0,0.190200,8.7,21.926000,1.2,N=C1OC(=O)ON=N1,,[]
76,941.424226,0.2,0.076571,1.5,0.224100,31.0,18.020000,0.1,NC1=NNN=C1,,[]
76,941.780024,0.2,0.060480,0.3,0.248000,48.1,19.572000,0.3,COC(=O)C#N,,[]
76,942.772116,0.2,0.079595,2.1,0.254200,52.4,16.197000,0.1,O=CN1CC1,,[]
76,961.520844,0.3,0.055700,0.2,0.188900,8.3,17.899000,0.1,O=CC1=NC=NO1,,[]
76,1000.304695,0.3,0.070937,0.9,0.182100,6.3,20.460000,0.6,COC(=O)C=O,,[]
76,1004.244827,0.3,0.067602,0.8,0.159400,1.7,19.151000,0.3,N=C1ON=CC=N1,,[]
76,1009.482021,0.3,0.061051,0.3,0.183300,6.7,22.012000,1.2,N=C1NN=NC(=O)O1,,[]
76,1023.799905,0.4,0.051185,0.1,0.161600,2.1,25.222000,5.6,FC1=C(F)C(=N)ON=N1,,[]
76,1029.352109,0.4,0.071099,1.0,0.149600,0.8,23.237000,2.1,CN1N=NC(=O)N=N1,,[]
76,1042.231113,0.4,0.065000,0.5,0.151100,1.0,26.116000,8.3,NC1=C(ON=N1)N(=O)=O,,[]
76,1045.742028,0.4,0.060138,0.3,0.145000,0.6,21.190000,0.8,O=CC1=NC=NN=N1,,[]
76,1073.449709,0.5,0.037484,0.0,0.174400,4.4,23.324000,2.2,N#CC#CC#CC#N,,[]
76,1110.789661,0.7,0.066388,0.6,0.142700,0.5,23.317000,2.1,O=N(=O)C1=CN=NC=N1,,[]
76,1122.229158,0.8,0.062463,0.4,0.151000,1.0,20.753000,0.7,N#CC1=CN=NC=N1,,[]
76,1127.183973,0.8,0.059940,0.2,0.187600,7.9,21.896000,1.1,FC1=CC=NC(=O)O1,,[]
76,1137.036499,0.9,0.052971,0.2,0.159200,1.7,24.934000,4.9,O=C1ON=NC(=C1)C#N,,[]
76,1293.309576,3.2,0.078619,1.9,0.130800,0.2,25.387000,6.1,O=CC1=NC=NNC1=O,,[]
76,1302.223348,3.4,0.074528,1.3,0.121000,0.1,28.899000,25.2,O=CNC(=O)C(=O)C=O,,[]
76,1360.695309,5.1,0.077080,1.6,0.134000,0.3,26.971000,12.0,O=CC1=CNC(=O)C1=O,,[]
76,1402.986937,7.2,0.100842,6.9,0.082500,0.0,30.327000,38.1,NC=[NH+]C1=COC([O-])=N1,,[]
76,1418.839709,7.8,0.089499,3.7,0.126600,0.1,27.770000,16.6,N=C1NC(C=O)=CC1=O,,[]
76,1465.099707,10.9,0.087865,3.2,0.118300,0.1,27.533000,15.1,O=CC1=CC(=O)C(=O)C1,,[]
76,1483.077226,12.2,0.092805,4.6,0.141200,0.5,23.718000,2.6,O=C1C=CC2=CN=CN12,,[]
76,1503.732328,13.9,0.111447,12.3,0.070900,0.0,32.179000,56.7,NC=[NH+]C1=COC([O-])=C1,,[]
76,1739.327623,46.4,0.157507,59.2,0.042000,0.0,36.191000,87.8,[O-]C(=O)CCCNC=[NH2+],,[]
77,395.999894,0.0,0.044749,0.0,0.504800,100.0,6.469000,0.0,C,,[]
77,481.107121,0.0,0.051208,0.1,0.343700,98.9,8.751000,0.0,CO,,[]
77,724.694376,0.0,0.033373,0.0,0.318800,91.7,18.453000,0.2,FC(F)(F)C#C,,[]
77,753.387875,0.0,0.079534,2.1,0.343500,98.8,12.934000,0.0,COC,,[]
77,784.640984,0.1,0.059116,0.2,0.271500,63.5,12.360000,0.0,N1C=NN=C1,,[]
77,847.509276,0.1,0.061106,0.3,0.250000,49.5,16.782000,0.1,CC1=NON=N1,,[]
77,882.797898,0.1,0.048818,0.1,0.196900,10.9,19.710000,0.3,O=N(=O)C1=NC=NO1,,[]
77,901.820848,0.1,0.064276,0.4,0.242100,43.7,16.736000,0.1,O=C1NC=NN1,,[]
77,929.847931,0.1,0.083382,2.4,0.234400,39.1,16.893000,0.1,CC(C)=O,,[]
77,931.604330,0.1,0.046864,0.0,0.190200,8.7,21.926000,1.2,N=C1OC(=O)ON=N1,,[]
77,941.424226,0.2,0.076571,1.5,0.224100,31.1,18.020000,0.1,NC1=NNN=C1,,[]
77,941.780024,0.2,0.060480,0.3,0.248000,48.1,19.572000,0.3,COC(=O)C#N,,[]
77,942.772116,0.2,0.079595,2.1,0.254200,52.4,16.197000,0.1,O=CN1CC1,,[]
77,961.520844,0.2,0.055700,0.2,0.188900,8.3,17.899000,0.1,O=CC1=NC=NO1,,[]
77,1000.304695,0.3,0.070937,0.9,0.182100,6.3,20.460000,0.6,COC(=O)C=O,,[]
77,1004.244827,0.3,0.067602,0.8,0.159400,1.7,19.151000,0.3,N=C1ON=CC=N1,,[]
77,1009.482021,0.3,0.061051,0.3,0.183300,6.6,22.012000,1.2,N=C1NN=NC(=O)O1,,[]
77,1023.799905,0.4,0.051185,0.1,0.161600,2.1,25.222000,5.6,FC1=C(F)C(=N)ON=N1,,[]
77,1029.352109,0.4,0.071099,1.0,0.149600,0.8,23.237000,2.1,CN1N=NC(=O)N=N1,,[]
77,1042.231113,0.4,0.065000,0.5,0.151100,1.0,26.116000,8.3,NC1=C(ON=N1)N(=O)=O,,[]
77,1045.742028,0.4,0.060138,0.2,0.145000,0.6,21.190000,0.7,O=CC1=NC=NN=N1,,[]
77,1073.449709,0.5,0.037484,0.0,0.174400,4.4,23.324000,2.2,N#CC#CC#CC#N,,[]
77,1110.789661,0.7,0.066388,0.6,0.142700,0.5,23.317000,2.1,O=N(=O)C1=CN=NC=N1,,[]
77,1122.229158,0.8,0.062463,0.4,0.151000,0.9,20.753000,0.7,N#CC1=CN=NC=N1,,[]
77,1127.183973,0.8,0.059940,0.2,0.187600,7.9,21.896000,1.1,FC1=CC=NC(=O)O1,,[]
77,1137.036499,0.9,0.052971,0.2,0.159200,1.7,24.934000,5.0,O=C1ON=NC(=C1)C#N,,[]
77,1293.309576,3.2,0.078619,1.9,0.130800,0.2,25.387000,6.1,O=CC1=NC=NNC1=O,,[]
77,1302.223348,3.4,0.074528,1.3,0.121000,0.1,28.899000,25.3,O=CNC(=O)C(=O)C=O,,[]
77,1360.695309,5.2,0.077080,1.6,0.134000,0.2,26.971000,12.0,O=CC1=CNC(=O)C1=O,,[]
77,1402.986937,7.2,0.100842,6.9,0.082500,0.0,30.327000,38.2,NC=[NH+]C1=COC([O-])=N1,,[]
77,1418.839709,7.9,0.089499,3.8,0.126600,0.1,27.770000,16.7,N=C1NC(C=O)=CC1=O,,[]
77,1465.099707,10.9,0.087865,3.2,0.118300,0.1,27.533000,15.1,O=CC1=CC(=O)C(=O)C1,,[]
77,1483.077226,12.2,0.092805,4.7,0.141200,0.5,23.718000,2.7,O=C1C=CC2=CN=CN12,,[]
77,1503.732328,13.9,0.111447,12.3,0.070900,0.0,32.179000,56.7,NC=[NH+]C1=COC([O-])=C1,,[]
77,1739.327623,46.4,0.157507,59.3,0.042000,0.0,36.191000,87.8,[O-]C(=O)CCCNC=[NH2+],,[]
78,395.999894,0.0,0.044749,0.0,0.504800,100.0,6.469000,0.0,C,,[]
78,481.107121,0.0,0.051208,0.1,0.343700,98.9,8.751000,0.0,CO,,[]
78,724.694376,0.0,0.033373,0.0,0.318800,91.7,18.453000,0.2,FC(F)(F)C#C,,[]
78,753.387875,0.0,0.079534,2.1,0.343500,98.8,12.934000,0.0,COC,,[]
78,784.640984,0.1,0.059116,0.2,0.271500,63.6,12.360000,0.0,N1C=NN=C1,,[]
78,847.509276,0.1,0.061106,0.3,0.250000,49.5,16.782000,0.1,CC1=NON=N1,,[]
78,882.797898,0.1,0.048818,0.1,0.196900,10.9,19.710000,0.3,O=N(=O)C1=NC=NO1,,[]
78,901.820848,0.1,0.064276,0.4,0.242100,43.6,16.736000,0.1,O=C1NC=NN1,,[]
78,929.847931,0.1,0.083382,2.4,0.234400,39.0,16.893000,0.1,CC(C)=O,,[]
78,931.604330,0.1,0.046864,0.0,0.190200,8.7,21.926000,1.1,N=C1OC(=O)ON=N1,,[]
78,941.424226,0.2,0.076571,1.5,0.224100,31.0,18.020000,0.1,NC1=NNN=C1,,[]
78,941.780024,0.2,0.060480,0.3,0.248000,48.0,19.572000,0.3,COC(=O)C#N,,[]
78,942.772116,0.2,0.079595,2.1,0.254200,52.4,16.197000,0.1,O=CN1CC1,,[]
78,961.520844,0.2,0.055700,0.2,0.188900,8.3,17.899000,0.1,O=CC1=NC=NO1,,[]
78,1000.304695,0.3,0.070937,1.0,0.182100,6.3,20.460000,0.6,COC(=O)C=O,,[]
78,1004.244827,0.3,0.067602,0.8,0.159400,1.7,19.151000,0.3,N=C1ON=CC=N1,,[]
78,1009.482021,0.3,0.061051,0.3,0.183300,6.6,22.012000,1.2,N=C1NN=NC(=O)O1,,[]
78,1023.799905,0.4,0.051185,0.1,0.161600,2.1,25.222000,5.6,FC1=C(F)C(=N)ON=N1,,[]
78,1029.352109,0.4,0.071099,1.0,0.149600,0.8,23.237000,2.1,CN1N=NC(=O)N=N1,,[]
78,1042.231113,0.4,0.065000,0.5,0.151100,1.0,26.116000,8.2,NC1=C(ON=N1)N(=O)=O,,[]
78,1045.742028,0.4,0.060138,0.3,0.145000,0.6,21.190000,0.7,O=CC1=NC=NN=N1,,[]
78,1073.449709,0.5,0.037484,0.0,0.174400,4.4,23.324000,2.1,N#CC#CC#CC#N,,[]
78,1110.789661,0.7,0.066388,0.6,0.142700,0.5,23.317000,2.1,O=N(=O)C1=CN=NC=N1,,[]
78,1122.229158,0.8,0.062463,0.4,0.151000,0.9,20.753000,0.6,N#CC1=CN=NC=N1,,[]
78,1127.183973,0.9,0.059940,0.2,0.187600,7.9,21.896000,1.1,FC1=CC=NC(=O)O1,,[]
78,1137.036499,0.9,0.052971,0.2,0.159200,1.7,24.934000,4.9,O=C1ON=NC(=C1)C#N,,[]
78,1293.309576,3.1,0.078619,1.9,0.130800,0.2,25.387000,6.0,O=CC1=NC=NNC1=O,,[]
78,1302.223348,3.4,0.074528,1.3,0.121000,0.1,28.899000,25.2,O=CNC(=O)C(=O)C=O,,[]
78,1360.695309,5.1,0.077080,1.6,0.134000,0.2,26.971000,11.9,O=CC1=CNC(=O)C1=O,,[]
78,1402.986937,7.1,0.100842,6.9,0.082500,0.0,30.327000,38.2,NC=[NH+]C1=COC([O-])=N1,,[]
78,1418.839709,7.8,0.089499,3.7,0.126600,0.1,27.770000,16.6,N=C1NC(C=O)=CC1=O,,[]
78,1465.099707,10.9,0.087865,3.2,0.118300,0.1,27.533000,15.0,O=CC1=CC(=O)C(=O)C1,,[]
78,1483.077226,12.2,0.092805,4.6,0.141200,0.5,23.718000,2.6,O=C1C=CC2=CN=CN12,,[]
78,1503.732328,13.9,0.111447,12.3,0.070900,0.0,32.179000,56.7,NC=[NH+]C1=COC([O-])=C1,,[]
78,1739.327623,46.5,0.157507,59.3,0.042000,0.0,36.191000,87.9,[O-]C(=O)CCCNC=[NH2+],,[]
79,395.999894,0.0,0.044749,0.0,0.504800,100.0,6.469000,0.0,C,,[]
79,481.107121,0.0,0.051208,0.1,0.343700,98.9,8.751000,0.0,CO,,[]
79,724.694376,0.0,0.033373,0.0,0.318800,91.8,18.453000,0.2,FC(F)(F)C#C,,[]
79,753.387875,0.0,0.079534,2.1,0.343500,98.9,12.934000,0.0,COC,,[]
79,784.640984,0.1,0.059116,0.2,0.271500,63.7,12.360000,0.0,N1C=NN=C1,,[]
79,847.509276,0.1,0.061106,0.3,0.250000,49.6,16.782000,0.1,CC1=NON=N1,,[]
79,882.797898,0.1,0.048818,0.1,0.196900,11.0,19.710000,0.3,O=N(=O)C1=NC=NO1,,[]
79,885.161099,0.1,0.055581,0.2,0.174900,4.6,18.347000,0.2,OC1=CN=NN=N1,,[]
79,901.820848,0.1,0.064276,0.4,0.242100,43.8,16.736000,0.1,O=C1NC=NN1,,[]
79,929.847931,0.1,0.083382,2.4,0.234400,39.2,16.893000,0.1,CC(C)=O,,[]
79,931.604330,0.2,0.046864,0.0,0.190200,8.8,21.926000,1.1,N=C1OC(=O)ON=N1,,[]
79,941.424226,0.2,0.076571,1.6,0.224100,31.3,18.020000,0.1,NC1=NNN=C1,,[]
79,942.772116,0.2,0.079595,2.1,0.254200,52.5,16.197000,0.1,O=CN1CC1,,[]
79,961.520844,0.3,0.055700,0.2,0.188900,8.4,17.899000,0.1,O=CC1=NC=NO1,,[]
79,1004.244827,0.3,0.067602,0.8,0.159400,1.8,19.151000,0.3,N=C1ON=CC=N1,,[]
79,1023.799905,0.4,0.051185,0.1,0.161600,2.1,25.222000,5.6,FC1=C(F)C(=N)ON=N1,,[]
79,1029.352109,0.4,0.071099,1.0,0.149600,0.8,23.237000,2.1,CN1N=NC(=O)N=N1,,[]
79,1042.231113,0.4,0.065000,0.5,0.151100,1.0,26.116000,8.3,NC1=C(ON=N1)N(=O)=O,,[]
79,1045.742028,0.4,0.060138,0.3,0.145000,0.6,21.190000,0.7,O=CC1=NC=NN=N1,,[]
79,1073.449709,0.5,0.037484,0.0,0.174400,4.4,23.324000,2.2,N#CC#CC#CC#N,,[]
79,1110.789661,0.7,0.066388,0.6,0.142700,0.5,23.317000,2.1,O=N(=O)C1=CN=NC=N1,,[]
79,1122.229158,0.8,0.062463,0.4,0.151000,0.9,20.753000,0.6,N#CC1=CN=NC=N1,,[]
79,1137.036499,0.9,0.052971,0.2,0.159200,1.7,24.934000,4.9,O=C1ON=NC(=C1)C#N,,[]
79,1293.309576,3.2,0.078619,1.9,0.130800,0.2,25.387000,6.1,O=CC1=NC=NNC1=O,,[]
79,1302.223348,3.4,0.074528,1.3,0.121000,0.1,28.899000,25.3,O=CNC(=O)C(=O)C=O,,[]
79,1360.695309,5.2,0.077080,1.7,0.134000,0.2,26.971000,12.0,O=CC1=CNC(=O)C1=O,,[]
79,1402.986937,7.2,0.100842,7.0,0.082500,0.0,30.327000,38.3,NC=[NH+]C1=COC([O-])=N1,,[]
79,1418.839709,7.9,0.089499,3.8,0.126600,0.1,27.770000,16.6,N=C1NC(C=O)=CC1=O,,[]
79,1465.099707,10.9,0.087865,3.3,0.118300,0.1,27.533000,15.0,O=CC1=CC(=O)C(=O)C1,,[]
79,1483.077226,12.2,0.092805,4.7,0.141200,0.5,23.718000,2.6,O=C1C=CC2=CN=CN12,,[]
79,1503.732328,14.0,0.111447,12.4,0.070900,0.0,32.179000,56.9,NC=[NH+]C1=COC([O-])=C1,,[]
79,1739.327623,46.6,0.157507,59.4,0.042000,0.0,36.191000,87.8,[O-]C(=O)CCCNC=[NH2+],,[]
80,395.999894,0.0,0.044749,0.0,0.504800,100.0,6.469000,0.0,C,,[]
80,481.107121,0.0,0.051208,0.1,0.343700,98.9,8.751000,0.0,CO,,[]
80,724.694376,0.0,0.033373,0.0,0.318800,91.8,18.453000,0.2,FC(F)(F)C#C,,[]
80,753.387875,0.0,0.079534,2.1,0.343500,98.9,12.934000,0.0,COC,,[]
80,784.640984,0.1,0.059116,0.2,0.271500,63.6,12.360000,0.0,N1C=NN=C1,,[]
80,847.509276,0.1,0.061106,0.3,0.250000,49.5,16.782000,0.1,CC1=NON=N1,,[]
80,882.797898,0.1,0.048818,0.1,0.196900,11.0,19.710000,0.4,O=N(=O)C1=NC=NO1,,[]
80,885.161099,0.1,0.055581,0.2,0.174900,4.7,18.347000,0.2,OC1=CN=NN=N1,,[]
80,901.820848,0.1,0.064276,0.4,0.242100,43.7,16.736000,0.1,O=C1NC=NN1,,[]
80,929.847931,0.1,0.083382,2.4,0.234400,39.1,16.893000,0.1,CC(C)=O,,[]
80,931.604330,0.2,0.046864,0.0,0.190200,8.8,21.926000,1.2,N=C1OC(=O)ON=N1,,[]
80,941.424226,0.2,0.076571,1.5,0.224100,31.3,18.020000,0.1,NC1=NNN=C1,,[]
80,942.772116,0.2,0.079595,2.1,0.254200,52.4,16.197000,0.1,O=CN1CC1,,[]
80,961.520844,0.3,0.055700,0.2,0.188900,8.4,17.899000,0.1,O=CC1=NC=NO1,,[]
80,1004.244827,0.3,0.067602,0.8,0.159400,1.8,19.151000,0.3,N=C1ON=CC=N1,,[]
80,1023.799905,0.4,0.051185,0.1,0.161600,2.1,25.222000,5.6,FC1=C(F)C(=N)ON=N1,,[]
80,1029.352109,0.4,0.071099,1.0,0.149600,0.9,23.237000,2.1,CN1N=NC(=O)N=N1,,[]
80,1042.231113,0.4,0.065000,0.5,0.151100,1.0,26.116000,8.2,NC1=C(ON=N1)N(=O)=O,,[]
80,1045.742028,0.4,0.060138,0.3,0.145000,0.6,21.190000,0.8,O=CC1=NC=NN=N1,,[]
80,1073.449709,0.6,0.037484,0.0,0.174400,4.5,23.324000,2.2,N#CC#CC#CC#N,,[]
80,1110.789661,0.8,0.066388,0.6,0.142700,0.5,23.317000,2.2,O=N(=O)C1=CN=NC=N1,,[]
80,1122.229158,0.8,0.062463,0.4,0.151000,1.0,20.753000,0.7,N#CC1=CN=NC=N1,,[]
80,1137.036499,0.9,0.052971,0.2,0.159200,1.8,24.934000,4.9,O=C1ON=NC(=C1)C#N,,[]
80,1293.309576,3.2,0.078619,1.9,0.130800,0.2,25.387000,6.0,O=CC1=NC=NNC1=O,,[]
80,1302.223348,3.4,0.074528,1.3,0.121000,0.1,28.899000,25.4,O=CNC(=O)C(=O)C=O,,[]
80,1360.695309,5.2,0.077080,1.6,0.134000,0.3,26.971000,11.9,O=CC1=CNC(=O)C1=O,,[]
80,1402.986937,7.2,0.100842,7.0,0.082500,0.0,30.327000,38.3,NC=[NH+]C1=COC([O-])=N1,,[]
80,1418.839709,7.9,0.089499,3.8,0.126600,0.2,27.770000,16.6,N=C1NC(C=O)=CC1=O,,[]
80,1460.695846,10.6,0.113228,14.4,0.119800,0.1,26.155000,8.3,OC12C3C1N1CC3N=C21,,[]
80,1465.099707,11.0,0.087865,3.2,0.118300,0.1,27.533000,15.0,O=CC1=CC(=O)C(=O)C1,,[]
80,1483.077226,12.2,0.092805,4.7,0.141200,0.5,23.718000,2.7,O=C1C=CC2=CN=CN12,,[]
80,1503.732328,14.0,0.111447,12.4,0.070900,0.0,32.179000,56.9,NC=[NH+]C1=COC([O-])=C1,,[]
80,1739.327623,46.7,0.157507,59.5,0.042000,0.0,36.191000,87.8,[O-]C(=O)CCCNC=[NH2+],,[]
81,395.999894,0.0,0.044749,0.0,0.504800,100.0,6.469000,0.0,C,,[]
81,481.107121,0.0,0.051208,0.1,0.343700,98.9,8.751000,0.0,CO,,[]
81,724.694376,0.0,0.033373,0.0,0.318800,91.8,18.453000,0.2,FC(F)(F)C#C,,[]
81,753.387875,0.0,0.079534,2.1,0.343500,98.9,12.934000,0.0,COC,,[]
81,784.640984,0.0,0.059116,0.2,0.271500,63.5,12.360000,0.0,N1C=NN=C1,,[]
81,847.509276,0.1,0.061106,0.3,0.250000,49.5,16.782000,0.1,CC1=NON=N1,,[]
81,882.797898,0.1,0.048818,0.0,0.196900,11.1,19.710000,0.4,O=N(=O)C1=NC=NO1,,[]
81,885.161099,0.1,0.055581,0.2,0.174900,4.7,18.347000,0.2,OC1=CN=NN=N1,,[]
81,901.820848,0.1,0.064276,0.4,0.242100,43.7,16.736000,0.1,O=C1NC=NN1,,[]
81,929.847931,0.1,0.083382,2.4,0.234400,39.1,16.893000,0.1,CC(C)=O,,[]
81,931.604330,0.1,0.046864,0.0,0.190200,8.8,21.926000,1.2,N=C1OC(=O)ON=N1,,[]
81,941.424226,0.2,0.076571,1.5,0.224100,31.3,18.020000,0.1,NC1=NNN=C1,,[]
81,942.772116,0.2,0.079595,2.1,0.254200,52.4,16.197000,0.0,O=CN1CC1,,[]
81,961.520844,0.2,0.055700,0.2,0.188900,8.4,17.899000,0.1,O=CC1=NC=NO1,,[]
81,1004.244827,0.3,0.067602,0.8,0.159400,1.8,19.151000,0.3,N=C1ON=CC=N1,,[]
81,1023.799905,0.4,0.051185,0.1,0.161600,2.1,25.222000,5.6,FC1=C(F)C(=N)ON=N1,,[]
81,1029.352109,0.4,0.071099,1.0,0.149600,0.9,23.237000,2.1,CN1N=NC(=O)N=N1,,[]
81,1042.231113,0.4,0.065000,0.5,0.151100,1.0,26.116000,8.2,NC1=C(ON=N1)N(=O)=O,,[]
81,1045.742028,0.4,0.060138,0.3,0.145000,0.6,21.190000,0.8,O=CC1=NC=NN=N1,,[]
81,1073.449709,0.5,0.037484,0.0,0.174400,4.5,23.324000,2.2,N#CC#CC#CC#N,,[]
81,1110.789661,0.7,0.066388,0.6,0.142700,0.5,23.317000,2.1,O=N(=O)C1=CN=NC=N1,,[]
81,1122.229158,0.8,0.062463,0.4,0.151000,1.0,20.753000,0.7,N#CC1=CN=NC=N1,,[]
81,1137.036499,0.9,0.052971,0.1,0.159200,1.8,24.934000,4.9,O=C1ON=NC(=C1)C#N,,[]
81,1293.309576,3.1,0.078619,1.9,0.130800,0.2,25.387000,6.0,O=CC1=NC=NNC1=O,,[]
81,1302.223348,3.4,0.074528,1.3,0.121000,0.1,28.899000,25.4,O=CNC(=O)C(=O)C=O,,[]
81,1360.695309,5.2,0.077080,1.6,0.134000,0.2,26.971000,12.0,O=CC1=CNC(=O)C1=O,,[]
81,1402.986937,7.2,0.100842,6.9,0.082500,0.0,30.327000,38.3,NC=[NH+]C1=COC([O-])=N1,,[]
81,1418.839709,7.9,0.089499,3.8,0.126600,0.1,27.770000,16.6,N=C1NC(C=O)=CC1=O,,[]
81,1460.695846,10.5,0.113228,14.3,0.119800,0.1,26.155000,8.3,OC12C3C1N1CC3N=C21,,[]
81,1465.099707,10.9,0.087865,3.2,0.118300,0.1,27.533000,15.0,O=CC1=CC(=O)C(=O)C1,,[]
81,1483.077226,12.1,0.092805,4.6,0.141200,0.5,23.718000,2.7,O=C1C=CC2=CN=CN12,,[]
81,1503.732328,13.9,0.111447,12.3,0.070900,0.0,32.179000,56.9,NC=[NH+]C1=COC([O-])=C1,,[]
81,1739.327623,46.6,0.157507,59.5,0.042000,0.0,36.191000,87.8,[O-]C(=O)CCCNC=[NH2+],,[]
82,395.999894,0.0,0.044749,0.0,0.504800,100.0,6.469000,0.0,C,,[]
82,481.107121,0.0,0.051208,0.1,0.343700,98.9,8.751000,0.0,CO,,[]
82,724.694376,0.0,0.033373,0.0,0.318800,91.7,18.453000,0.2,FC(F)(F)C#C,,[]
82,753.387875,0.0,0.079534,2.1,0.343500,98.9,12.934000,0.0,COC,,[]
82,784.640984,0.0,0.059116,0.2,0.271500,63.5,12.360000,0.0,N1C=NN=C1,,[]
82,847.509276,0.1,0.061106,0.3,0.250000,49.5,16.782000,0.1,CC1=NON=N1,,[]
82,882.797898,0.1,0.048818,0.0,0.196900,11.0,19.710000,0.4,O=N(=O)C1=NC=NO1,,[]
82,885.161099,0.1,0.055581,0.2,0.174900,4.6,18.347000,0.2,OC1=CN=NN=N1,,[]
82,901.820848,0.1,0.064276,0.4,0.242100,43.7,16.736000,0.1,O=C1NC=NN1,,[]
82,929.847931,0.1,0.083382,2.4,0.234400,39.1,16.893000,0.1,CC(C)=O,,[]
82,931.604330,0.1,0.046864,0.0,0.190200,8.8,21.926000,1.2,N=C1OC(=O)ON=N1,,[]
82,941.424226,0.2,0.076571,1.5,0.224100,31.3,18.020000,0.1,NC1=NNN=C1,,[]
82,942.772116,0.2,0.079595,2.1,0.254200,52.4,16.197000,0.0,O=CN1CC1,,[]
82,961.520844,0.2,0.055700,0.2,0.188900,8.4,17.899000,0.1,O=CC1=NC=NO1,,[]
82,1004.244827,0.3,0.067602,0.8,0.159400,1.8,19.151000,0.3,N=C1ON=CC=N1,,[]
82,1023.799905,0.4,0.051185,0.1,0.161600,2.1,25.222000,5.6,FC1=C(F)C(=N)ON=N1,,[]
82,1029.352109,0.4,0.071099,1.0,0.149600,0.9,23.237000,2.1,CN1N=NC(=O)N=N1,,[]
82,1042.231113,0.4,0.065000,0.5,0.151100,1.0,26.116000,8.2,NC1=C(ON=N1)N(=O)=O,,[]
82,1045.742028,0.4,0.060138,0.3,0.145000,0.6,21.190000,0.7,O=CC1=NC=NN=N1,,[]
82,1073.449709,0.5,0.037484,0.0,0.174400,4.4,23.324000,2.2,N#CC#CC#CC#N,,[]
82,1110.789661,0.7,0.066388,0.6,0.142700,0.5,23.317000,2.2,O=N(=O)C1=CN=NC=N1,,[]
82,1122.229158,0.8,0.062463,0.4,0.151000,1.0,20.753000,0.7,N#CC1=CN=NC=N1,,[]
82,1137.036499,0.9,0.052971,0.1,0.159200,1.8,24.934000,4.9,O=C1ON=NC(=C1)C#N,,[]
82,1293.309576,3.2,0.078619,1.9,0.130800,0.2,25.387000,6.0,O=CC1=NC=NNC1=O,,[]
82,1302.223348,3.4,0.074528,1.3,0.121000,0.1,28.899000,25.4,O=CNC(=O)C(=O)C=O,,[]
82,1360.695309,5.2,0.077080,1.6,0.134000,0.2,26.971000,11.9,O=CC1=CNC(=O)C1=O,,[]
82,1402.986937,7.1,0.100842,6.9,0.082500,0.0,30.327000,38.3,NC=[NH+]C1=COC([O-])=N1,,[]
82,1418.839709,7.9,0.089499,3.7,0.126600,0.1,27.770000,16.6,N=C1NC(C=O)=CC1=O,,[]
82,1458.391631,10.4,0.092863,4.7,0.142600,0.5,23.221000,2.1,O1C=CN=C2N=CC=C12,,[]
82,1460.695846,10.5,0.113228,14.3,0.119800,0.1,26.155000,8.3,OC12C3C1N1CC3N=C21,,[]
82,1465.099707,10.9,0.087865,3.2,0.118300,0.1,27.533000,15.0,O=CC1=CC(=O)C(=O)C1,,[]
82,1483.077226,12.2,0.092805,4.6,0.141200,0.5,23.718000,2.7,O=C1C=CC2=CN=CN12,,[]
82,1503.732328,13.9,0.111447,12.3,0.070900,0.0,32.179000,56.8,NC=[NH+]C1=COC([O-])=C1,,[]
82,1739.327623,46.6,0.157507,59.4,0.042000,0.0,36.191000,87.7,[O-]C(=O)CCCNC=[NH2+],,[]
83,395.999894,0.0,0.044749,0.0,0.504800,100.0,6.469000,0.0,C,,[]
83,481.107121,0.0,0.051208,0.1,0.343700,98.9,8.751000,0.0,CO,,[]
83,724.694376,0.0,0.033373,0.0,0.318800,91.7,18.453000,0.2,FC(F)(F)C#C,,[]
83,753.387875,0.0,0.079534,2.1,0.343500,98.9,12.934000,0.0,COC,,[]
83,784.640984,0.0,0.059116,0.2,0.271500,63.6,12.360000,0.0,N1C=NN=C1,,[]
83,847.509276,0.1,0.061106,0.3,0.250000,49.5,16.782000,0.1,CC1=NON=N1,,[]
83,882.797898,0.1,0.048818,0.0,0.196900,11.0,19.710000,0.4,O=N(=O)C1=NC=NO1,,[]
83,885.161099,0.1,0.055581,0.2,0.174900,4.7,18.347000,0.2,OC1=CN=NN=N1,,[]
83,901.820848,0.1,0.064276,0.4,0.242100,43.7,16.736000,0.1,O=C1NC=NN1,,[]
83,929.847931,0.1,0.083382,2.4,0.234400,39.1,16.893000,0.1,CC(C)=O,,[]
83,931.604330,0.1,0.046864,0.0,0.190200,8.8,21.926000,1.1,N=C1OC(=O)ON=N1,,[]
83,941.424226,0.2,0.076571,1.6,0.224100,31.3,18.020000,0.1,NC1=NNN=C1,,[]
83,942.772116,0.2,0.079595,2.1,0.254200,52.4,16.197000,0.0,O=CN1CC1,,[]
83,961.520844,0.2,0.055700,0.2,0.188900,8.4,17.899000,0.1,O=CC1=NC=NO1,,[]
83,966.584846,0.3,0.059052,0.2,0.159400,1.8,24.021000,3.1,NC1=NON=NC1=O,,[]
83,1004.244827,0.3,0.067602,0.8,0.159400,1.8,19.151000,0.3,N=C1ON=CC=N1,,[]
83,1023.799905,0.4,0.051185,0.1,0.161600,2.1,25.222000,5.6,FC1=C(F)C(=N)ON=N1,,[]
83,1029.352109,0.4,0.071099,1.0,0.149600,0.9,23.237000,2.1,CN1N=NC(=O)N=N1,,[]
83,1042.231113,0.4,0.065000,0.5,0.151100,1.0,26.116000,8.3,NC1=C(ON=N1)N(=O)=O,,[]
83,1045.742028,0.4,0.060138,0.3,0.145000,0.6,21.190000,0.7,O=CC1=NC=NN=N1,,[]
83,1073.449709,0.5,0.037484,0.0,0.174400,4.5,23.324000,2.2,N#CC#CC#CC#N,,[]
83,1110.789661,0.7,0.066388,0.6,0.142700,0.5,23.317000,2.2,O=N(=O)C1=CN=NC=N1,,[]
83,1122.229158,0.8,0.062463,0.4,0.151000,1.0,20.753000,0.7,N#CC1=CN=NC=N1,,[]
83,1137.036499,0.9,0.052971,0.1,0.159200,1.8,24.934000,5.0,O=C1ON=NC(=C1)C#N,,[]
83,1293.309576,3.2,0.078619,1.9,0.130800,0.2,25.387000,6.1,O=CC1=NC=NNC1=O,,[]
83,1302.223348,3.4,0.074528,1.3,0.121000,0.1,28.899000,25.3,O=CNC(=O)C(=O)C=O,,[]
83,1360.695309,5.1,0.077080,1.6,0.134000,0.2,26.971000,11.9,O=CC1=CNC(=O)C1=O,,[]
83,1402.986937,7.1,0.100842,6.9,0.082500,0.0,30.327000,38.2,NC=[NH+]C1=COC([O-])=N1,,[]
83,1418.839709,7.8,0.089499,3.7,0.126600,0.1,27.770000,16.6,N=C1NC(C=O)=CC1=O,,[]
83,1458.391631,10.3,0.092863,4.7,0.142600,0.5,23.221000,2.1,O1C=CN=C2N=CC=C12,,[]
83,1460.695846,10.5,0.113228,14.3,0.119800,0.1,26.155000,8.3,OC12C3C1N1CC3N=C21,,[]
83,1465.099707,10.8,0.087865,3.2,0.118300,0.1,27.533000,15.0,O=CC1=CC(=O)C(=O)C1,,[]
83,1483.077226,12.1,0.092805,4.6,0.141200,0.5,23.718000,2.7,O=C1C=CC2=CN=CN12,,[]
83,1503.732328,13.9,0.111447,12.2,0.070900,0.0,32.179000,56.8,NC=[NH+]C1=COC([O-])=C1,,[]
83,1739.327623,46.6,0.157507,59.4,0.042000,0.0,36.191000,87.8,[O-]C(=O)CCCNC=[NH2+],,[]
84,395.999894,0.0,0.044749,0.0,0.504800,100.0,6.469000,0.0,C,,[]
84,481.107121,0.0,0.051208,0.1,0.343700,98.9,8.751000,0.0,CO,,[]
84,724.694376,0.0,0.033373,0.0,0.318800,91.7,18.453000,0.2,FC(F)(F)C#C,,[]
84,753.387875,0.0,0.079534,2.1,0.343500,98.9,12.934000,0.0,COC,,[]
84,784.640984,0.0,0.059116,0.2,0.271500,63.5,12.360000,0.0,N1C=NN=C1,,[]
84,847.509276,0.1,0.061106,0.3,0.250000,49.5,16.782000,0.1,CC1=NON=N1,,[]
84,882.797898,0.1,0.048818,0.0,0.196900,11.0,19.710000,0.4,O=N(=O)C1=NC=NO1,,[]
84,885.161099,0.1,0.055581,0.2,0.174900,4.6,18.347000,0.2,OC1=CN=NN=N1,,[]
84,901.820848,0.1,0.064276,0.4,0.242100,43.7,16.736000,0.1,O=C1NC=NN1,,[]
84,929.847931,0.1,0.083382,2.4,0.234400,39.1,16.893000,0.1,CC(C)=O,,[]
84,931.604330,0.1,0.046864,0.0,0.190200,8.8,21.926000,1.1,N=C1OC(=O)ON=N1,,[]
84,941.424226,0.2,0.076571,1.5,0.224100,31.3,18.020000,0.1,NC1=NNN=C1,,[]
84,942.772116,0.2,0.079595,2.1,0.254200,52.4,16.197000,0.0,O=CN1CC1,,[]
84,961.520844,0.2,0.055700,0.2,0.188900,8.4,17.899000,0.1,O=CC1=NC=NO1,,[]
84,966.584846,0.3,0.059052,0.2,0.159400,1.8,24.021000,3.1,NC1=NON=NC1=O,,[]
84,1004.244827,0.3,0.067602,0.8,0.159400,1.8,19.151000,0.3,N=C1ON=CC=N1,,[]
84,1023.799905,0.4,0.051185,0.1,0.161600,2.1,25.222000,5.6,FC1=C(F)C(=N)ON=N1,,[]
84,1029.352109,0.4,0.071099,1.0,0.149600,0.9,23.237000,2.1,CN1N=NC(=O)N=N1,,[]
84,1042.231113,0.4,0.065000,0.5,0.151100,1.0,26.116000,8.2,NC1=C(ON=N1)N(=O)=O,,[]
84,1045.742028,0.4,0.060138,0.3,0.145000,0.6,21.190000,0.7,O=CC1=NC=NN=N1,,[]
84,1073.449709,0.5,0.037484,0.0,0.174400,4.5,23.324000,2.2,N#CC#CC#CC#N,,[]
84,1110.789661,0.7,0.066388,0.6,0.142700,0.5,23.317000,2.2,O=N(=O)C1=CN=NC=N1,,[]
84,1122.229158,0.8,0.062463,0.4,0.151000,1.0,20.753000,0.7,N#CC1=CN=NC=N1,,[]
84,1137.036499,0.9,0.052971,0.1,0.159200,1.8,24.934000,4.9,O=C1ON=NC(=C1)C#N,,[]
84,1293.309576,3.1,0.078619,1.9,0.130800,0.2,25.387000,6.0,O=CC1=NC=NNC1=O,,[]
84,1302.223348,3.4,0.074528,1.3,0.121000,0.1,28.899000,25.2,O=CNC(=O)C(=O)C=O,,[]
84,1360.695309,5.1,0.077080,1.7,0.134000,0.2,26.971000,11.9,O=CC1=CNC(=O)C1=O,,[]
84,1402.986937,7.1,0.100842,6.9,0.082500,0.0,30.327000,38.2,NC=[NH+]C1=COC([O-])=N1,,[]
84,1418.839709,7.8,0.089499,3.7,0.126600,0.1,27.770000,16.6,N=C1NC(C=O)=CC1=O,,[]
84,1458.391631,10.3,0.092863,4.6,0.142600,0.5,23.221000,2.1,O1C=CN=C2N=CC=C12,,[]
84,1460.695846,10.4,0.113228,14.2,0.119800,0.1,26.155000,8.3,OC12C3C1N1CC3N=C21,,[]
84,1465.099707,10.8,0.087865,3.2,0.118300,0.1,27.533000,14.9,O=CC1=CC(=O)C(=O)C1,,[]
84,1483.077226,12.1,0.092805,4.6,0.141200,0.5,23.718000,2.7,O=C1C=CC2=CN=CN12,,[]
84,1503.732328,13.8,0.111447,12.2,0.070900,0.0,32.179000,56.8,NC=[NH+]C1=COC([O-])=C1,,[]
84,1739.327623,46.4,0.157507,59.2,0.042000,0.0,36.191000,87.7,[O-]C(=O)CCCNC=[NH2+],,[]
85,395.999894,0.0,0.044749,0.0,0.504800,100.0,6.469000,0.0,C,,[]
85,481.107121,0.0,0.051208,0.1,0.343700,98.9,8.751000,0.0,CO,,[]
85,724.694376,0.0,0.033373,0.0,0.318800,91.7,18.453000,0.2,FC(F)(F)C#C,,[]
85,753.387875,0.0,0.079534,2.1,0.343500,98.9,12.934000,0.0,COC,,[]
85,784.640984,0.0,0.059116,0.2,0.271500,63.5,12.360000,0.0,N1C=NN=C1,,[]
85,847.509276,0.1,0.061106,0.3,0.250000,49.6,16.782000,0.1,CC1=NON=N1,,[]
85,882.797898,0.1,0.048818,0.0,0.196900,11.1,19.710000,0.4,O=N(=O)C1=NC=NO1,,[]
85,885.161099,0.1,0.055581,0.2,0.174900,4.6,18.347000,0.2,OC1=CN=NN=N1,,[]
85,901.820848,0.1,0.064276,0.4,0.242100,43.7,16.736000,0.1,O=C1NC=NN1,,[]
85,929.847931,0.1,0.083382,2.4,0.234400,39.1,16.893000,0.1,CC(C)=O,,[]
85,931.604330,0.1,0.046864,0.0,0.190200,8.8,21.926000,1.1,N=C1OC(=O)ON=N1,,[]
85,941.424226,0.2,0.076571,1.6,0.224100,31.3,18.020000,0.1,NC1=NNN=C1,,[]
85,942.772116,0.2,0.079595,2.1,0.254200,52.4,16.197000,0.0,O=CN1CC1,,[]
85,961.520844,0.2,0.055700,0.2,0.188900,8.4,17.899000,0.1,O=CC1=NC=NO1,,[]
85,966.584846,0.2,0.059052,0.2,0.159400,1.8,24.021000,3.1,NC1=NON=NC1=O,,[]
85,1004.244827,0.3,0.067602,0.8,0.159400,1.8,19.151000,0.3,N=C1ON=CC=N1,,[]
85,1023.799905,0.4,0.051185,0.1,0.161600,2.1,25.222000,5.6,FC1=C(F)C(=N)ON=N1,,[]
85,1029.352109,0.4,0.071099,1.0,0.149600,0.9,23.237000,2.1,CN1N=NC(=O)N=N1,,[]
85,1042.231113,0.4,0.065000,0.5,0.151100,1.0,26.116000,8.2,NC1=C(ON=N1)N(=O)=O,,[]
85,1045.742028,0.4,0.060138,0.3,0.145000,0.6,21.190000,0.7,O=CC1=NC=NN=N1,,[]
85,1073.449709,0.5,0.037484,0.0,0.174400,4.5,23.324000,2.2,N#CC#CC#CC#N,,[]
85,1110.789661,0.7,0.066388,0.6,0.142700,0.5,23.317000,2.1,O=N(=O)C1=CN=NC=N1,,[]
85,1122.229158,0.8,0.062463,0.4,0.151000,1.0,20.753000,0.7,N#CC1=CN=NC=N1,,[]
85,1137.036499,0.9,0.052971,0.1,0.159200,1.8,24.934000,4.9,O=C1ON=NC(=C1)C#N,,[]
85,1293.309576,3.1,0.078619,1.9,0.130800,0.2,25.387000,6.0,O=CC1=NC=NNC1=O,,[]
85,1302.223348,3.4,0.074528,1.3,0.121000,0.1,28.899000,25.2,O=CNC(=O)C(=O)C=O,,[]
85,1360.695309,5.1,0.077080,1.7,0.134000,0.2,26.971000,11.9,O=CC1=CNC(=O)C1=O,,[]
85,1402.986937,7.1,0.100842,6.9,0.082500,0.0,30.327000,38.1,NC=[NH+]C1=COC([O-])=N1,,[]
85,1418.839709,7.8,0.089499,3.7,0.126600,0.1,27.770000,16.5,N=C1NC(C=O)=CC1=O,,[]
85,1458.391631,10.3,0.092863,4.6,0.142600,0.5,23.221000,2.1,O1C=CN=C2N=CC=C12,,[]
85,1460.695846,10.4,0.113228,14.2,0.119800,0.1,26.155000,8.2,OC12C3C1N1CC3N=C21,,[]
85,1465.099707,10.8,0.087865,3.2,0.118300,0.1,27.533000,14.9,O=CC1=CC(=O)C(=O)C1,,[]
85,1483.077226,12.0,0.092805,4.6,0.141200,0.5,23.718000,2.6,O=C1C=CC2=CN=CN12,,[]
85,1503.732328,13.8,0.111447,12.2,0.070900,0.0,32.179000,56.7,NC=[NH+]C1=COC([O-])=C1,,[]
85,1739.327623,46.4,0.157507,59.2,0.042000,0.0,36.191000,87.8,[O-]C(=O)CCCNC=[NH2+],,[]
86,395.999894,0.0,0.044749,0.0,0.504800,100.0,6.469000,0.0,C,,[]
86,481.107121,0.0,0.051208,0.1,0.343700,99.0,8.751000,0.0,CO,,[]
86,724.694376,0.0,0.033373,0.0,0.318800,91.7,18.453000,0.2,FC(F)(F)C#C,,[]
86,753.387875,0.0,0.079534,2.1,0.343500,98.9,12.934000,0.0,COC,,[]
86,784.640984,0.0,0.059116,0.2,0.271500,63.5,12.360000,0.0,N1C=NN=C1,,[]
86,847.509276,0.1,0.061106,0.3,0.250000,49.5,16.782000,0.1,CC1=NON=N1,,[]
86,882.797898,0.1,0.048818,0.0,0.196900,11.1,19.710000,0.4,O=N(=O)C1=NC=NO1,,[]
86,885.161099,0.1,0.055581,0.2,0.174900,4.6,18.347000,0.2,OC1=CN=NN=N1,,[]
86,901.820848,0.1,0.064276,0.4,0.242100,43.6,16.736000,0.1,O=C1NC=NN1,,[]
86,929.847931,0.1,0.083382,2.4,0.234400,39.0,16.893000,0.1,CC(C)=O,,[]
86,931.604330,0.1,0.046864,0.0,0.190200,8.8,21.926000,1.1,N=C1OC(=O)ON=N1,,[]
86,941.424226,0.2,0.076571,1.5,0.224100,31.3,18.020000,0.1,NC1=NNN=C1,,[]
86,942.772116,0.2,0.079595,2.1,0.254200,52.4,16.197000,0.0,O=CN1CC1,,[]
86,961.520844,0.2,0.055700,0.2,0.188900,8.4,17.899000,0.1,O=CC1=NC=NO1,,[]
86,966.584846,0.2,0.059052,0.2,0.159400,1.8,24.021000,3.1,NC1=NON=NC1=O,,[]
86,1004.244827,0.3,0.067602,0.8,0.159400,1.8,19.151000,0.3,N=C1ON=CC=N1,,[]
86,1023.799905,0.4,0.051185,0.1,0.161600,2.1,25.222000,5.6,FC1=C(F)C(=N)ON=N1,,[]
86,1029.352109,0.4,0.071099,1.0,0.149600,0.9,23.237000,2.1,CN1N=NC(=O)N=N1,,[]
86,1042.231113,0.4,0.065000,0.5,0.151100,1.0,26.116000,8.1,NC1=C(ON=N1)N(=O)=O,,[]
86,1045.742028,0.4,0.060138,0.3,0.145000,0.6,21.190000,0.7,O=CC1=NC=NN=N1,,[]
86,1073.449709,0.5,0.037484,0.0,0.174400,4.5,23.324000,2.2,N#CC#CC#CC#N,,[]
86,1110.789661,0.7,0.066388,0.6,0.142700,0.5,23.317000,2.1,O=N(=O)C1=CN=NC=N1,,[]
86,1122.229158,0.8,0.062463,0.4,0.151000,1.0,20.753000,0.6,N#CC1=CN=NC=N1,,[]
86,1137.036499,0.9,0.052971,0.1,0.159200,1.8,24.934000,4.9,O=C1ON=NC(=C1)C#N,,[]
86,1293.309576,3.1,0.078619,1.9,0.130800,0.2,25.387000,6.0,O=CC1=NC=NNC1=O,,[]
86,1302.223348,3.3,0.074528,1.3,0.121000,0.1,28.899000,25.2,O=CNC(=O)C(=O)C=O,,[]
86,1360.695309,5.1,0.077080,1.6,0.134000,0.2,26.971000,11.9,O=CC1=CNC(=O)C1=O,,[]
86,1402.986937,7.0,0.100842,6.9,0.082500,0.0,30.327000,38.1,NC=[NH+]C1=COC([O-])=N1,,[]
86,1418.839709,7.8,0.089499,3.7,0.126600,0.1,27.770000,16.5,N=C1NC(C=O)=CC1=O,,[]
86,1458.391631,10.3,0.092863,4.6,0.142600,0.5,23.221000,2.1,O1C=CN=C2N=CC=C12,,[]
86,1460.695846,10.4,0.113228,14.2,0.119800,0.1,26.155000,8.2,OC12C3C1N1CC3N=C21,,[]
86,1465.099707,10.8,0.087865,3.2,0.118300,0.1,27.533000,14.9,O=CC1=CC(=O)C(=O)C1,,[]
86,1483.077226,12.0,0.092805,4.6,0.141200,0.5,23.718000,2.6,O=C1C=CC2=CN=CN12,,[]
86,1503.732328,13.8,0.111447,12.2,0.070900,0.0,32.179000,56.6,NC=[NH+]C1=COC([O-])=C1,,[]
86,1739.327623,46.3,0.157507,59.2,0.042000,0.0,36.191000,87.7,[O-]C(=O)CCCNC=[NH2+],,[]
87,276.861573,0.0,0.034358,0.0,0.339900,98.3,6.316000,0.0,N,,[]
87,724.694376,0.0,0.033373,0.0,0.318800,91.7,18.453000,0.2,FC(F)(F)C#C,,[]
87,784.640984,0.1,0.059116,0.2,0.271500,63.5,12.360000,0.0,N1C=NN=C1,,[]
87,847.509276,0.1,0.061106,0.3,0.250000,49.6,16.782000,0.1,CC1=NON=N1,,[]
87,882.797898,0.1,0.048818,0.1,0.196900,11.1,19.710000,0.4,O=N(=O)C1=NC=NO1,,[]
87,885.161099,0.1,0.055581,0.2,0.174900,4.6,18.347000,0.2,OC1=CN=NN=N1,,[]
87,901.820848,0.1,0.064276,0.4,0.242100,43.7,16.736000,0.1,O=C1NC=NN1,,[]
87,929.847931,0.1,0.083382,2.4,0.234400,39.1,16.893000,0.1,CC(C)=O,,[]
87,931.604330,0.2,0.046864,0.0,0.190200,8.8,21.926000,1.1,N=C1OC(=O)ON=N1,,[]
87,941.424226,0.2,0.076571,1.5,0.224100,31.3,18.020000,0.1,NC1=NNN=C1,,[]
87,942.772116,0.2,0.079595,2.1,0.254200,52.5,16.197000,0.1,O=CN1CC1,,[]
87,961.520844,0.2,0.055700,0.2,0.188900,8.4,17.899000,0.1,O=CC1=NC=NO1,,[]
87,966.584846,0.3,0.059052,0.2,0.159400,1.8,24.021000,3.0,NC1=NON=NC1=O,,[]
87,1004.244827,0.3,0.067602,0.8,0.159400,1.8,19.151000,0.3,N=C1ON=CC=N1,,[]
87,1023.799905,0.4,0.051185,0.1,0.161600,2.1,25.222000,5.5,FC1=C(F)C(=N)ON=N1,,[]
87,1029.352109,0.4,0.071099,1.0,0.149600,0.9,23.237000,2.1,CN1N=NC(=O)N=N1,,[]
87,1042.231113,0.4,0.065000,0.5,0.151100,1.0,26.116000,8.2,NC1=C(ON=N1)N(=O)=O,,[]
87,1045.742028,0.4,0.060138,0.3,0.145000,0.6,21.190000,0.7,O=CC1=NC=NN=N1,,[]
87,1073.449709,0.5,0.037484,0.0,0.174400,4.4,23.324000,2.2,N#CC#CC#CC#N,,[]
87,1110.789661,0.7,0.066388,0.6,0.142700,0.5,23.317000,2.1,O=N(=O)C1=CN=NC=N1,,[]
87,1122.229158,0.8,0.062463,0.4,0.151000,1.0,20.753000,0.6,N#CC1=CN=NC=N1,,[]
87,1137.036499,0.9,0.052971,0.2,0.159200,1.8,24.934000,4.9,O=C1ON=NC(=C1)C#N,,[]
87,1293.309576,3.1,0.078619,1.9,0.130800,0.2,25.387000,6.0,O=CC1=NC=NNC1=O,,[]
87,1302.223348,3.3,0.074528,1.3,0.121000,0.1,28.899000,25.2,O=CNC(=O)C(=O)C=O,,[]
87,1360.695309,5.0,0.077080,1.6,0.134000,0.2,26.971000,11.9,O=CC1=CNC(=O)C1=O,,[]
87,1402.986937,7.0,0.100842,6.9,0.082500,0.0,30.327000,38.1,NC=[NH+]C1=COC([O-])=N1,,[]
87,1418.839709,7.7,0.089499,3.7,0.126600,0.1,27.770000,16.5,N=C1NC(C=O)=CC1=O,,[]
87,1458.391631,10.3,0.092863,4.6,0.142600,0.5,23.221000,2.0,O1C=CN=C2N=CC=C12,,[]
87,1460.695846,10.4,0.113228,14.3,0.119800,0.1,26.155000,8.2,OC12C3C1N1CC3N=C21,,[]
87,1465.099707,10.8,0.087865,3.1,0.118300,0.1,27.533000,14.9,O=CC1=CC(=O)C(=O)C1,,[]
87,1483.077226,12.0,0.092805,4.6,0.141200,0.5,23.718000,2.6,O=C1C=CC2=CN=CN12,,[]
87,1503.732328,13.8,0.111447,12.2,0.070900,0.0,32.179000,56.6,NC=[NH+]C1=COC([O-])=C1,,[]
87,1739.327623,46.3,0.157507,59.2,0.042000,0.0,36.191000,87.7,[O-]C(=O)CCCNC=[NH2+],,[]
88,276.861573,0.0,0.034358,0.0,0.339900,98.3,6.316000,0.0,N,,[]
88,724.694376,0.0,0.033373,0.0,0.318800,91.7,18.453000,0.2,FC(F)(F)C#C,,[]
88,784.640984,0.1,0.059116,0.2,0.271500,63.4,12.360000,0.0,N1C=NN=C1,,[]
88,847.509276,0.1,0.061106,0.3,0.250000,49.5,16.782000,0.1,CC1=NON=N1,,[]
88,882.797898,0.1,0.048818,0.1,0.196900,11.0,19.710000,0.4,O=N(=O)C1=NC=NO1,,[]
88,885.161099,0.1,0.055581,0.2,0.174900,4.6,18.347000,0.2,OC1=CN=NN=N1,,[]
88,901.820848,0.1,0.064276,0.4,0.242100,43.6,16.736000,0.1,O=C1NC=NN1,,[]
88,929.847931,0.1,0.083382,2.4,0.234400,39.0,16.893000,0.1,CC(C)=O,,[]
88,931.604330,0.1,0.046864,0.0,0.190200,8.7,21.926000,1.1,N=C1OC(=O)ON=N1,,[]
88,941.424226,0.2,0.076571,1.5,0.224100,31.2,18.020000,0.1,NC1=NNN=C1,,[]
88,942.772116,0.2,0.079595,2.1,0.254200,52.3,16.197000,0.1,O=CN1CC1,,[]
88,961.520844,0.2,0.055700,0.2,0.188900,8.4,17.899000,0.1,O=CC1=NC=NO1,,[]
88,966.584846,0.3,0.059052,0.2,0.159400,1.8,24.021000,3.0,NC1=NON=NC1=O,,[]
88,1004.244827,0.3,0.067602,0.8,0.159400,1.8,19.151000,0.3,N=C1ON=CC=N1,,[]
88,1023.799905,0.4,0.051185,0.1,0.161600,2.1,25.222000,5.6,FC1=C(F)C(=N)ON=N1,,[]
88,1029.352109,0.4,0.071099,1.0,0.149600,0.9,23.237000,2.1,CN1N=NC(=O)N=N1,,[]
88,1042.231113,0.4,0.065000,0.5,0.151100,1.0,26.116000,8.1,NC1=C(ON=N1)N(=O)=O,,[]
88,1045.742028,0.4,0.060138,0.3,0.145000,0.6,21.190000,0.7,O=CC1=NC=NN=N1,,[]
88,1073.449709,0.5,0.037484,0.0,0.174400,4.4,23.324000,2.1,N#CC#CC#CC#N,,[]
88,1110.789661,0.7,0.066388,0.6,0.142700,0.5,23.317000,2.1,O=N(=O)C1=CN=NC=N1,,[]
88,1122.229158,0.8,0.062463,0.4,0.151000,1.0,20.753000,0.6,N#CC1=CN=NC=N1,,[]
88,1137.036499,0.9,0.052971,0.1,0.159200,1.8,24.934000,4.9,O=C1ON=NC(=C1)C#N,,[]
88,1293.309576,3.1,0.078619,1.9,0.130800,0.2,25.387000,6.0,O=CC1=NC=NNC1=O,,[]
88,1302.223348,3.3,0.074528,1.3,0.121000,0.1,28.899000,25.1,O=CNC(=O)C(=O)C=O,,[]
88,1360.695309,5.0,0.077080,1.6,0.134000,0.3,26.971000,11.9,O=CC1=CNC(=O)C1=O,,[]
88,1402.986937,6.9,0.100842,6.8,0.082500,0.0,30.327000,38.1,NC=[NH+]C1=COC([O-])=N1,,[]
88,1418.839709,7.7,0.089499,3.6,0.126600,0.1,27.770000,16.5,N=C1NC(C=O)=CC1=O,,[]
88,1458.391631,10.2,0.092863,4.5,0.142600,0.5,23.221000,2.0,O1C=CN=C2N=CC=C12,,[]
88,1460.695846,10.4,0.113228,14.2,0.119800,0.1,26.155000,8.2,OC12C3C1N1CC3N=C21,,[]
88,1465.099707,10.7,0.087865,3.1,0.118300,0.1,27.533000,14.9,O=CC1=CC(=O)C(=O)C1,,[]
88,1483.077226,12.0,0.092805,4.5,0.141200,0.5,23.718000,2.6,O=C1C=CC2=CN=CN12,,[]
88,1503.732328,13.8,0.111447,12.2,0.070900,0.0,32.179000,56.6,NC=[NH+]C1=COC([O-])=C1,,[]
88,1739.327623,46.3,0.157507,59.1,0.042000,0.0,36.191000,87.6,[O-]C(=O)CCCNC=[NH2+],,[]
89,276.861573,0.0,0.034358,0.0,0.339900,98.4,6.316000,0.0,N,,[]
89,724.694376,0.0,0.033373,0.0,0.318800,91.7,18.453000,0.2,FC(F)(F)C#C,,[]
89,784.640984,0.1,0.059116,0.3,0.271500,63.3,12.360000,0.0,N1C=NN=C1,,[]
89,811.831597,0.1,0.036614,0.0,0.179100,5.6,18.857000,0.3,O1N=C2ON=NC2=N1,,[]
89,847.509276,0.1,0.061106,0.3,0.250000,49.4,16.782000,0.1,CC1=NON=N1,,[]
89,885.161099,0.1,0.055581,0.2,0.174900,4.7,18.347000,0.2,OC1=CN=NN=N1,,[]
89,901.820848,0.1,0.064276,0.4,0.242100,43.6,16.736000,0.1,O=C1NC=NN1,,[]
89,929.847931,0.1,0.083382,2.4,0.234400,39.0,16.893000,0.1,CC(C)=O,,[]
89,941.424226,0.2,0.076571,1.5,0.224100,31.3,18.020000,0.1,NC1=NNN=C1,,[]
89,942.772116,0.2,0.079595,2.1,0.254200,52.3,16.197000,0.1,O=CN1CC1,,[]
89,961.520844,0.2,0.055700,0.2,0.188900,8.4,17.899000,0.1,O=CC1=NC=NO1,,[]
89,966.584846,0.3,0.059052,0.2,0.159400,1.8,24.021000,3.0,NC1=NON=NC1=O,,[]
89,1004.244827,0.3,0.067602,0.8,0.159400,1.8,19.151000,0.3,N=C1ON=CC=N1,,[]
89,1023.799905,0.4,0.051185,0.1,0.161600,2.1,25.222000,5.5,FC1=C(F)C(=N)ON=N1,,[]
89,1029.352109,0.4,0.071099,1.0,0.149600,0.9,23.237000,2.1,CN1N=NC(=O)N=N1,,[]
89,1042.231113,0.4,0.065000,0.5,0.151100,1.0,26.116000,8.2,NC1=C(ON=N1)N(=O)=O,,[]
89,1045.742028,0.4,0.060138,0.3,0.145000,0.6,21.190000,0.7,O=CC1=NC=NN=N1,,[]
89,1073.449709,0.5,0.037484,0.0,0.174400,4.5,23.324000,2.1,N#CC#CC#CC#N,,[]
89,1110.789661,0.7,0.066388,0.6,0.142700,0.5,23.317000,2.1,O=N(=O)C1=CN=NC=N1,,[]
89,1122.229158,0.8,0.062463,0.4,0.151000,1.0,20.753000,0.7,N#CC1=CN=NC=N1,,[]
89,1137.036499,0.9,0.052971,0.2,0.159200,1.8,24.934000,4.8,O=C1ON=NC(=C1)C#N,,[]
89,1293.309576,3.1,0.078619,1.9,0.130800,0.2,25.387000,6.0,O=CC1=NC=NNC1=O,,[]
89,1302.223348,3.3,0.074528,1.3,0.121000,0.1,28.899000,25.1,O=CNC(=O)C(=O)C=O,,[]
89,1360.695309,5.0,0.077080,1.6,0.134000,0.2,26.971000,11.9,O=CC1=CNC(=O)C1=O,,[]
89,1402.986937,7.0,0.100842,6.9,0.082500,0.0,30.327000,38.1,NC=[NH+]C1=COC([O-])=N1,,[]
89,1418.839709,7.8,0.089499,3.7,0.126600,0.1,27.770000,16.5,N=C1NC(C=O)=CC1=O,,[]
89,1458.391631,10.3,0.092863,4.6,0.142600,0.5,23.221000,2.0,O1C=CN=C2N=CC=C12,,[]
89,1460.695846,10.4,0.113228,14.3,0.119800,0.1,26.155000,8.2,OC12C3C1N1CC3N=C21,,[]
89,1465.099707,10.8,0.087865,3.1,0.118300,0.1,27.533000,14.8,O=CC1=CC(=O)C(=O)C1,,[]
89,1483.077226,12.0,0.092805,4.5,0.141200,0.5,23.718000,2.6,O=C1C=CC2=CN=CN12,,[]
89,1503.732328,13.8,0.111447,12.2,0.070900,0.0,32.179000,56.6,NC=[NH+]C1=COC([O-])=C1,,[]
89,1739.327623,46.3,0.157507,59.2,0.042000,0.0,36.191000,87.6,[O-]C(=O)CCCNC=[NH2+],,[]
90,276.861573,0.0,0.034358,0.0,0.339900,98.4,6.316000,0.0,N,,[]
90,724.694376,0.0,0.033373,0.0,0.318800,91.6,18.453000,0.2,FC(F)(F)C#C,,[]
90,784.640984,0.1,0.059116,0.3,0.271500,63.3,12.360000,0.0,N1C=NN=C1,,[]
90,811.831597,0.1,0.036614,0.0,0.179100,5.6,18.857000,0.3,O1N=C2ON=NC2=N1,,[]
90,847.509276,0.1,0.061106,0.3,0.250000,49.3,16.782000,0.1,CC1=NON=N1,,[]
90,885.161099,0.1,0.055581,0.2,0.174900,4.6,18.347000,0.2,OC1=CN=NN=N1,,[]
90,901.820848,0.1,0.064276,0.4,0.242100,43.5,16.736000,0.1,O=C1NC=NN1,,[]
90,929.847931,0.1,0.083382,2.4,0.234400,38.9,16.893000,0.1,CC(C)=O,,[]
90,941.424226,0.2,0.076571,1.5,0.224100,31.2,18.020000,0.1,NC1=NNN=C1,,[]
90,942.772116,0.2,0.079595,2.1,0.254200,52.2,16.197000,0.1,O=CN1CC1,,[]
90,961.520844,0.2,0.055700,0.2,0.188900,8.4,17.899000,0.1,O=CC1=NC=NO1,,[]
90,966.584846,0.3,0.059052,0.2,0.159400,1.8,24.021000,3.0,NC1=NON=NC1=O,,[]
90,1004.244827,0.3,0.067602,0.8,0.159400,1.8,19.151000,0.3,N=C1ON=CC=N1,,[]
90,1023.799905,0.4,0.051185,0.1,0.161600,2.1,25.222000,5.6,FC1=C(F)C(=N)ON=N1,,[]
90,1029.352109,0.4,0.071099,1.0,0.149600,0.8,23.237000,2.1,CN1N=NC(=O)N=N1,,[]
90,1042.231113,0.4,0.065000,0.5,0.151100,1.0,26.116000,8.2,NC1=C(ON=N1)N(=O)=O,,[]
90,1045.742028,0.4,0.060138,0.3,0.145000,0.6,21.190000,0.7,O=CC1=NC=NN=N1,,[]
90,1073.449709,0.5,0.037484,0.0,0.174400,4.5,23.324000,2.1,N#CC#CC#CC#N,,[]
90,1110.789661,0.7,0.066388,0.6,0.142700,0.5,23.317000,2.1,O=N(=O)C1=CN=NC=N1,,[]
90,1122.229158,0.8,0.062463,0.4,0.151000,1.0,20.753000,0.7,N#CC1=CN=NC=N1,,[]
90,1137.036499,0.9,0.052971,0.2,0.159200,1.8,24.934000,4.9,O=C1ON=NC(=C1)C#N,,[]
90,1293.309576,3.1,0.078619,1.9,0.130800,0.2,25.387000,6.0,O=CC1=NC=NNC1=O,,[]
90,1302.223348,3.3,0.074528,1.3,0.121000,0.1,28.899000,25.1,O=CNC(=O)C(=O)C=O,,[]
90,1360.695309,5.0,0.077080,1.6,0.134000,0.2,26.971000,11.9,O=CC1=CNC(=O)C1=O,,[]
90,1402.986937,7.0,0.100842,6.9,0.082500,0.0,30.327000,38.0,NC=[NH+]C1=COC([O-])=N1,,[]
90,1418.839709,7.8,0.089499,3.7,0.126600,0.1,27.770000,16.5,N=C1NC(C=O)=CC1=O,,[]
90,1458.391631,10.3,0.092863,4.6,0.142600,0.5,23.221000,2.0,O1C=CN=C2N=CC=C12,,[]
90,1460.695846,10.5,0.113228,14.4,0.119800,0.1,26.155000,8.3,OC12C3C1N1CC3N=C21,,[]
90,1465.099707,10.8,0.087865,3.1,0.118300,0.1,27.533000,14.9,O=CC1=CC(=O)C(=O)C1,,[]
90,1483.077226,12.1,0.092805,4.5,0.141200,0.4,23.718000,2.6,O=C1C=CC2=CN=CN12,,[]
90,1503.732328,13.8,0.111447,12.3,0.070900,0.0,32.179000,56.6,NC=[NH+]C1=COC([O-])=C1,,[]
90,1739.327623,46.2,0.157507,59.2,0.042000,0.0,36.191000,87.6,[O-]C(=O)CCCNC=[NH2+],,[]
91,276.861573,0.0,0.034358,0.0,0.339900,98.4,6.316000,0.0,N,,[]
91,724.694376,0.0,0.033373,0.0,0.318800,91.6,18.453000,0.2,FC(F)(F)C#C,,[]
91,784.640984,0.1,0.059116,0.3,0.271500,63.2,12.360000,0.0,N1C=NN=C1,,[]
91,811.831597,0.1,0.036614,0.0,0.179100,5.5,18.857000,0.3,O1N=C2ON=NC2=N1,,[]
91,847.509276,0.1,0.061106,0.3,0.250000,49.3,16.782000,0.1,CC1=NON=N1,,[]
91,885.161099,0.1,0.055581,0.2,0.174900,4.6,18.347000,0.2,OC1=CN=NN=N1,,[]
91,901.820848,0.1,0.064276,0.4,0.242100,43.5,16.736000,0.1,O=C1NC=NN1,,[]
91,929.847931,0.1,0.083382,2.4,0.234400,38.8,16.893000,0.1,CC(C)=O,,[]
91,941.424226,0.2,0.076571,1.5,0.224100,31.1,18.020000,0.1,NC1=NNN=C1,,[]
91,942.772116,0.2,0.079595,2.1,0.254200,52.1,16.197000,0.1,O=CN1CC1,,[]
91,961.520844,0.2,0.055700,0.2,0.188900,8.3,17.899000,0.1,O=CC1=NC=NO1,,[]
91,966.584846,0.3,0.059052,0.2,0.159400,1.8,24.021000,3.0,NC1=NON=NC1=O,,[]
91,1004.244827,0.3,0.067602,0.8,0.159400,1.8,19.151000,0.3,N=C1ON=CC=N1,,[]
91,1023.799905,0.4,0.051185,0.1,0.161600,2.1,25.222000,5.6,FC1=C(F)C(=N)ON=N1,,[]
91,1029.352109,0.4,0.071099,1.0,0.149600,0.8,23.237000,2.0,CN1N=NC(=O)N=N1,,[]
91,1042.231113,0.4,0.065000,0.5,0.151100,1.0,26.116000,8.2,NC1=C(ON=N1)N(=O)=O,,[]
91,1045.742028,0.4,0.060138,0.3,0.145000,0.6,21.190000,0.7,O=CC1=NC=NN=N1,,[]
91,1073.449709,0.5,0.037484,0.0,0.174400,4.4,23.324000,2.1,N#CC#CC#CC#N,,[]
91,1110.789661,0.7,0.066388,0.6,0.142700,0.5,23.317000,2.1,O=N(=O)C1=CN=NC=N1,,[]
91,1122.229158,0.8,0.062463,0.4,0.151000,1.0,20.753000,0.7,N#CC1=CN=NC=N1,,[]
91,1137.036499,0.9,0.052971,0.2,0.159200,1.7,24.934000,4.9,O=C1ON=NC(=C1)C#N,,[]
91,1293.309576,3.0,0.078619,1.9,0.130800,0.2,25.387000,6.0,O=CC1=NC=NNC1=O,,[]
91,1302.223348,3.3,0.074528,1.3,0.121000,0.1,28.899000,25.1,O=CNC(=O)C(=O)C=O,,[]
91,1360.695309,5.0,0.077080,1.6,0.134000,0.2,26.971000,11.9,O=CC1=CNC(=O)C1=O,,[]
91,1402.986937,7.0,0.100842,6.9,0.082500,0.0,30.327000,38.0,NC=[NH+]C1=COC([O-])=N1,,[]
91,1418.839709,7.7,0.089499,3.6,0.126600,0.1,27.770000,16.5,N=C1NC(C=O)=CC1=O,,[]
91,1458.391631,10.3,0.092863,4.5,0.142600,0.5,23.221000,2.0,O1C=CN=C2N=CC=C12,,[]
91,1460.695846,10.4,0.113228,14.3,0.119800,0.1,26.155000,8.2,OC12C3C1N1CC3N=C21,,[]
91,1465.099707,10.8,0.087865,3.1,0.118300,0.1,27.533000,14.9,O=CC1=CC(=O)C(=O)C1,,[]
91,1483.077226,12.1,0.092805,4.5,0.141200,0.4,23.718000,2.6,O=C1C=CC2=CN=CN12,,[]
91,1503.732328,13.8,0.111447,12.3,0.070900,0.0,32.179000,56.6,NC=[NH+]C1=COC([O-])=C1,,[]
91,1739.327623,46.2,0.157507,59.0,0.042000,0.0,36.191000,87.6,[O-]C(=O)CCCNC=[NH2+],,[]
92,276.861573,0.0,0.034358,0.0,0.339900,98.4,6.316000,0.0,N,,[]
92,724.694376,0.0,0.033373,0.0,0.318800,91.5,18.453000,0.2,FC(F)(F)C#C,,[]
92,784.640984,0.1,0.059116,0.3,0.271500,63.3,12.360000,0.0,N1C=NN=C1,,[]
92,811.831597,0.1,0.036614,0.0,0.179100,5.6,18.857000,0.3,O1N=C2ON=NC2=N1,,[]
92,847.509276,0.1,0.061106,0.3,0.250000,49.3,16.782000,0.1,CC1=NON=N1,,[]
92,885.161099,0.1,0.055581,0.2,0.174900,4.6,18.347000,0.2,OC1=CN=NN=N1,,[]
92,901.820848,0.1,0.064276,0.4,0.242100,43.5,16.736000,0.1,O=C1NC=NN1,,[]
92,929.847931,0.1,0.083382,2.4,0.234400,38.8,16.893000,0.1,CC(C)=O,,[]
92,941.424226,0.2,0.076571,1.5,0.224100,31.1,18.020000,0.1,NC1=NNN=C1,,[]
92,942.772116,0.2,0.079595,2.1,0.254200,52.1,16.197000,0.1,O=CN1CC1,,[]
92,961.520844,0.2,0.055700,0.2,0.188900,8.3,17.899000,0.1,O=CC1=NC=NO1,,[]
92,966.584846,0.3,0.059052,0.2,0.159400,1.8,24.021000,3.0,NC1=NON=NC1=O,,[]
92,1004.244827,0.3,0.067602,0.8,0.159400,1.8,19.151000,0.3,N=C1ON=CC=N1,,[]
92,1023.799905,0.4,0.051185,0.1,0.161600,2.1,25.222000,5.6,FC1=C(F)C(=N)ON=N1,,[]
92,1029.352109,0.4,0.071099,1.0,0.149600,0.8,23.237000,2.1,CN1N=NC(=O)N=N1,,[]
92,1042.231113,0.4,0.065000,0.5,0.151100,1.0,26.116000,8.2,NC1=C(ON=N1)N(=O)=O,,[]
92,1045.742028,0.4,0.060138,0.3,0.145000,0.6,21.190000,0.7,O=CC1=NC=NN=N1,,[]
92,1073.449709,0.5,0.037484,0.0,0.174400,4.4,23.324000,2.1,N#CC#CC#CC#N,,[]
92,1110.789661,0.7,0.066388,0.6,0.142700,0.5,23.317000,2.1,O=N(=O)C1=CN=NC=N1,,[]
92,1122.229158,0.8,0.062463,0.4,0.151000,1.0,20.753000,0.6,N#CC1=CN=NC=N1,,[]
92,1137.036499,0.9,0.052971,0.2,0.159200,1.7,24.934000,4.9,O=C1ON=NC(=C1)C#N,,[]
92,1293.309576,3.1,0.078619,1.9,0.130800,0.2,25.387000,6.0,O=CC1=NC=NNC1=O,,[]
92,1302.223348,3.3,0.074528,1.3,0.121000,0.1,28.899000,25.1,O=CNC(=O)C(=O)C=O,,[]
92,1360.695309,5.0,0.077080,1.6,0.134000,0.3,26.971000,12.0,O=CC1=CNC(=O)C1=O,,[]
92,1402.986937,7.0,0.100842,6.9,0.082500,0.0,30.327000,38.0,NC=[NH+]C1=COC([O-])=N1,,[]
92,1418.839709,7.8,0.089499,3.6,0.126600,0.1,27.770000,16.6,N=C1NC(C=O)=CC1=O,,[]
92,1458.391631,10.4,0.092863,4.6,0.142600,0.5,23.221000,2.0,O1C=CN=C2N=CC=C12,,[]
92,1460.695846,10.5,0.113228,14.4,0.119800,0.1,26.155000,8.3,OC12C3C1N1CC3N=C21,,[]
92,1465.099707,10.9,0.087865,3.1,0.118300,0.1,27.533000,15.0,O=CC1=CC(=O)C(=O)C1,,[]
92,1483.077226,12.1,0.092805,4.5,0.141200,0.4,23.718000,2.6,O=C1C=CC2=CN=CN12,,[]
92,1503.732328,13.8,0.111447,12.3,0.070900,0.0,32.179000,56.6,NC=[NH+]C1=COC([O-])=C1,,[]
92,1739.327623,46.2,0.157507,59.1,0.042000,0.0,36.191000,87.6,[O-]C(=O)CCCNC=[NH2+],,[]
93,276.861573,0.0,0.034358,0.0,0.339900,98.4,6.316000,0.0,N,,[]
93,724.694376,0.0,0.033373,0.0,0.318800,91.5,18.453000,0.2,FC(F)(F)C#C,,[]
93,784.640984,0.1,0.059116,0.3,0.271500,63.2,12.360000,0.0,N1C=NN=C1,,[]
93,811.831597,0.1,0.036614,0.0,0.179100,5.6,18.857000,0.3,O1N=C2ON=NC2=N1,,[]
93,847.509276,0.1,0.061106,0.3,0.250000,49.2,16.782000,0.1,CC1=NON=N1,,[]
93,860.051307,0.1,0.055030,0.2,0.302200,81.0,17.258000,0.1,C#CCC#N,,[]
93,885.161099,0.1,0.055581,0.2,0.174900,4.6,18.347000,0.2,OC1=CN=NN=N1,,[]
93,901.820848,0.1,0.064276,0.5,0.242100,43.4,16.736000,0.1,O=C1NC=NN1,,[]
93,929.847931,0.2,0.083382,2.4,0.234400,38.8,16.893000,0.1,CC(C)=O,,[]
93,941.424226,0.2,0.076571,1.5,0.224100,31.1,18.020000,0.1,NC1=NNN=C1,,[]
93,942.772116,0.2,0.079595,2.1,0.254200,52.1,16.197000,0.1,O=CN1CC1,,[]
93,961.520844,0.2,0.055700,0.2,0.188900,8.3,17.899000,0.1,O=CC1=NC=NO1,,[]
93,966.584846,0.3,0.059052,0.3,0.159400,1.8,24.021000,3.0,NC1=NON=NC1=O,,[]
93,1004.244827,0.3,0.067602,0.8,0.159400,1.8,19.151000,0.3,N=C1ON=CC=N1,,[]
93,1023.799905,0.4,0.051185,0.1,0.161600,2.1,25.222000,5.6,FC1=C(F)C(=N)ON=N1,,[]
93,1029.352109,0.4,0.071099,1.0,0.149600,0.8,23.237000,2.1,CN1N=NC(=O)N=N1,,[]
93,1042.231113,0.4,0.065000,0.5,0.151100,1.0,26.116000,8.2,NC1=C(ON=N1)N(=O)=O,,[]
93,1045.742028,0.4,0.060138,0.3,0.145000,0.6,21.190000,0.7,O=CC1=NC=NN=N1,,[]
93,1073.449709,0.5,0.037484,0.0,0.174400,4.5,23.324000,2.1,N#CC#CC#CC#N,,[]
93,1103.498000,0.7,0.058887,0.2,0.157000,1.5,26.568000,10.0,N=C1N=NOC=NC1=O,,[]
93,1110.789661,0.7,0.066388,0.6,0.142700,0.5,23.317000,2.1,O=N(=O)C1=CN=NC=N1,,[]
93,1122.229158,0.8,0.062463,0.4,0.151000,1.0,20.753000,0.6,N#CC1=CN=NC=N1,,[]
93,1137.036499,0.9,0.052971,0.2,0.159200,1.7,24.934000,4.9,O=C1ON=NC(=C1)C#N,,[]
93,1293.309576,3.1,0.078619,1.9,0.130800,0.2,25.387000,6.0,O=CC1=NC=NNC1=O,,[]
93,1302.223348,3.3,0.074528,1.3,0.121000,0.1,28.899000,25.1,O=CNC(=O)C(=O)C=O,,[]
93,1360.695309,5.1,0.077080,1.7,0.134000,0.2,26.971000,12.0,O=CC1=CNC(=O)C1=O,,[]
93,1402.986937,7.0,0.100842,7.0,0.082500,0.0,30.327000,38.0,NC=[NH+]C1=COC([O-])=N1,,[]
93,1418.839709,7.8,0.089499,3.6,0.126600,0.1,27.770000,16.6,N=C1NC(C=O)=CC1=O,,[]
93,1458.391631,10.4,0.092863,4.6,0.142600,0.5,23.221000,2.0,O1C=CN=C2N=CC=C12,,[]
93,1460.695846,10.5,0.113228,14.4,0.119800,0.1,26.155000,8.3,OC12C3C1N1CC3N=C21,,[]
93,1465.099707,10.9,0.087865,3.1,0.118300,0.1,27.533000,15.0,O=CC1=CC(=O)C(=O)C1,,[]
93,1483.077226,12.1,0.092805,4.6,0.141200,0.4,23.718000,2.6,O=C1C=CC2=CN=CN12,,[]
93,1503.732328,13.8,0.111447,12.3,0.070900,0.0,32.179000,56.5,NC=[NH+]C1=COC([O-])=C1,,[]
93,1739.327623,46.2,0.157507,59.0,0.042000,0.0,36.191000,87.6,[O-]C(=O)CCCNC=[NH2+],,[]
94,276.861573,0.0,0.034358,0.0,0.339900,98.4,6.316000,0.0,N,,[]
94,724.694376,0.0,0.033373,0.0,0.318800,91.5,18.453000,0.2,FC(F)(F)C#C,,[]
94,784.640984,0.1,0.059116,0.3,0.271500,63.3,12.360000,0.0,N1C=NN=C1,,[]
94,811.831597,0.1,0.036614,0.0,0.179100,5.6,18.857000,0.3,O1N=C2ON=NC2=N1,,[]
94,847.509276,0.1,0.061106,0.4,0.250000,49.3,16.782000,0.1,CC1=NON=N1,,[]
94,860.051307,0.1,0.055030,0.2,0.302200,81.1,17.258000,0.1,C#CCC#N,,[]
94,885.161099,0.1,0.055581,0.2,0.174900,4.6,18.347000,0.2,OC1=CN=NN=N1,,[]
94,901.820848,0.1,0.064276,0.5,0.242100,43.5,16.736000,0.1,O=C1NC=NN1,,[]
94,929.847931,0.1,0.083382,2.4,0.234400,38.8,16.893000,0.1,CC(C)=O,,[]
94,941.424226,0.2,0.076571,1.6,0.224100,31.1,18.020000,0.1,NC1=NNN=C1,,[]
94,942.772116,0.2,0.079595,2.1,0.254200,52.1,16.197000,0.1,O=CN1CC1,,[]
94,961.520844,0.2,0.055700,0.2,0.188900,8.3,17.899000,0.1,O=CC1=NC=NO1,,[]
94,966.584846,0.3,0.059052,0.3,0.159400,1.8,24.021000,3.0,NC1=NON=NC1=O,,[]
94,1004.244827,0.3,0.067602,0.9,0.159400,1.8,19.151000,0.3,N=C1ON=CC=N1,,[]
94,1023.799905,0.4,0.051185,0.1,0.161600,2.1,25.222000,5.6,FC1=C(F)C(=N)ON=N1,,[]
94,1029.352109,0.4,0.071099,1.0,0.149600,0.8,23.237000,2.1,CN1N=NC(=O)N=N1,,[]
94,1042.231113,0.4,0.065000,0.5,0.151100,1.0,26.116000,8.2,NC1=C(ON=N1)N(=O)=O,,[]
94,1045.742028,0.4,0.060138,0.3,0.145000,0.6,21.190000,0.7,O=CC1=NC=NN=N1,,[]
94,1073.449709,0.5,0.037484,0.0,0.174400,4.4,23.324000,2.1,N#CC#CC#CC#N,,[]
94,1103.498000,0.7,0.058887,0.3,0.157000,1.5,26.568000,10.0,N=C1N=NOC=NC1=O,,[]
94,1110.789661,0.7,0.066388,0.7,0.142700,0.5,23.317000,2.1,O=N(=O)C1=CN=NC=N1,,[]
94,1122.229158,0.8,0.062463,0.4,0.151000,1.0,20.753000,0.6,N#CC1=CN=NC=N1,,[]
94,1137.036499,0.9,0.052971,0.1,0.159200,1.7,24.934000,4.9,O=C1ON=NC(=C1)C#N,,[]
94,1293.309576,3.1,0.078619,1.9,0.130800,0.2,25.387000,6.0,O=CC1=NC=NNC1=O,,[]
94,1302.223348,3.3,0.074528,1.3,0.121000,0.1,28.899000,25.1,O=CNC(=O)C(=O)C=O,,[]
94,1360.695309,5.0,0.077080,1.7,0.134000,0.2,26.971000,12.0,O=CC1=CNC(=O)C1=O,,[]
94,1402.986937,7.0,0.100842,7.0,0.082500,0.0,30.327000,38.0,NC=[NH+]C1=COC([O-])=N1,,[]
94,1418.839709,7.8,0.089499,3.7,0.126600,0.1,27.770000,16.6,N=C1NC(C=O)=CC1=O,,[]
94,1458.391631,10.4,0.092863,4.6,0.142600,0.5,23.221000,2.0,O1C=CN=C2N=CC=C12,,[]
94,1460.695846,10.5,0.113228,14.4,0.119800,0.1,26.155000,8.3,OC12C3C1N1CC3N=C21,,[]
94,1465.099707,10.9,0.087865,3.1,0.118300,0.1,27.533000,15.0,O=CC1=CC(=O)C(=O)C1,,[]
94,1483.077226,12.1,0.092805,4.6,0.141200,0.4,23.718000,2.6,O=C1C=CC2=CN=CN12,,[]
94,1503.732328,13.8,0.111447,12.3,0.070900,0.0,32.179000,56.5,NC=[NH+]C1=COC([O-])=C1,,[]
94,1739.327623,46.2,0.157507,59.1,0.042000,0.0,36.191000,87.6,[O-]C(=O)CCCNC=[NH2+],,[]
95,276.861573,0.0,0.034358,0.0,0.339900,98.3,6.316000,0.0,N,,[]
95,724.694376,0.0,0.033373,0.0,0.318800,91.4,18.453000,0.2,FC(F)(F)C#C,,[]
95,784.640984,0.1,0.059116,0.3,0.271500,63.3,12.360000,0.0,N1C=NN=C1,,[]
95,811.831597,0.1,0.036614,0.0,0.179100,5.5,18.857000,0.3,O1N=C2ON=NC2=N1,,[]
95,847.509276,0.1,0.061106,0.3,0.250000,49.3,16.782000,0.1,CC1=NON=N1,,[]
95,860.051307,0.1,0.055030,0.2,0.302200,81.1,17.258000,0.1,C#CCC#N,,[]
95,885.161099,0.1,0.055581,0.2,0.174900,4.6,18.347000,0.2,OC1=CN=NN=N1,,[]
95,901.820848,0.1,0.064276,0.5,0.242100,43.5,16.736000,0.1,O=C1NC=NN1,,[]
95,929.847931,0.1,0.083382,2.4,0.234400,38.8,16.893000,0.1,CC(C)=O,,[]
95,941.424226,0.2,0.076571,1.5,0.224100,31.1,18.020000,0.1,NC1=NNN=C1,,[]
95,942.772116,0.2,0.079595,2.1,0.254200,52.1,16.197000,0.1,O=CN1CC1,,[]
95,961.520844,0.2,0.055700,0.2,0.188900,8.3,17.899000,0.1,O=CC1=NC=NO1,,[]
95,966.584846,0.3,0.059052,0.3,0.159400,1.7,24.021000,3.0,NC1=NON=NC1=O,,[]
95,1004.244827,0.3,0.067602,0.8,0.159400,1.7,19.151000,0.3,N=C1ON=CC=N1,,[]
95,1023.799905,0.4,0.051185,0.1,0.161600,2.0,25.222000,5.5,FC1=C(F)C(=N)ON=N1,,[]
95,1029.352109,0.4,0.071099,1.0,0.149600,0.8,23.237000,2.0,CN1N=NC(=O)N=N1,,[]
95,1042.231113,0.4,0.065000,0.5,0.151100,1.0,26.116000,8.2,NC1=C(ON=N1)N(=O)=O,,[]
95,1045.742028,0.4,0.060138,0.3,0.145000,0.6,21.190000,0.7,O=CC1=NC=NN=N1,,[]
95,1073.449709,0.5,0.037484,0.0,0.174400,4.4,23.324000,2.1,N#CC#CC#CC#N,,[]
95,1103.498000,0.7,0.058887,0.3,0.157000,1.5,26.568000,10.0,N=C1N=NOC=NC1=O,,[]
95,1110.789661,0.7,0.066388,0.7,0.142700,0.5,23.317000,2.1,O=N(=O)C1=CN=NC=N1,,[]
95,1122.229158,0.8,0.062463,0.4,0.151000,0.9,20.753000,0.6,N#CC1=CN=NC=N1,,[]
95,1137.036499,0.9,0.052971,0.1,0.159200,1.7,24.934000,4.8,O=C1ON=NC(=C1)C#N,,[]
95,1293.309576,3.0,0.078619,1.9,0.130800,0.2,25.387000,6.0,O=CC1=NC=NNC1=O,,[]
95,1302.223348,3.3,0.074528,1.3,0.121000,0.1,28.899000,25.1,O=CNC(=O)C(=O)C=O,,[]
95,1360.695309,5.0,0.077080,1.7,0.134000,0.2,26.971000,12.0,O=CC1=CNC(=O)C1=O,,[]
95,1402.986937,7.0,0.100842,6.9,0.082500,0.0,30.327000,37.9,NC=[NH+]C1=COC([O-])=N1,,[]
95,1418.839709,7.8,0.089499,3.6,0.126600,0.1,27.770000,16.6,N=C1NC(C=O)=CC1=O,,[]
95,1458.391631,10.4,0.092863,4.6,0.142600,0.5,23.221000,2.0,O1C=CN=C2N=CC=C12,,[]
95,1460.695846,10.5,0.113228,14.3,0.119800,0.1,26.155000,8.2,OC12C3C1N1CC3N=C21,,[]
95,1465.099707,10.9,0.087865,3.1,0.118300,0.1,27.533000,15.0,O=CC1=CC(=O)C(=O)C1,,[]
95,1483.077226,12.1,0.092805,4.5,0.141200,0.4,23.718000,2.6,O=C1C=CC2=CN=CN12,,[]
95,1503.732328,13.8,0.111447,12.3,0.070900,0.0,32.179000,56.5,NC=[NH+]C1=COC([O-])=C1,,[]
95,1739.327623,46.2,0.157507,59.2,0.042000,0.0,36.191000,87.6,[O-]C(=O)CCCNC=[NH2+],,[]
96,276.861573,0.0,0.034358,0.0,0.339900,98.3,6.316000,0.0,N,,[]
96,724.694376,0.0,0.033373,0.0,0.318800,91.4,18.453000,0.2,FC(F)(F)C#C,,[]
96,784.640984,0.1,0.059116,0.3,0.271500,63.3,12.360000,0.0,N1C=NN=C1,,[]
96,811.831597,0.1,0.036614,0.0,0.179100,5.5,18.857000,0.3,O1N=C2ON=NC2=N1,,[]
96,847.509276,0.1,0.061106,0.3,0.250000,49.4,16.782000,0.1,CC1=NON=N1,,[]
96,860.051307,0.1,0.055030,0.2,0.302200,81.1,17.258000,0.1,C#CCC#N,,[]
96,885.161099,0.1,0.055581,0.2,0.174900,4.6,18.347000,0.2,OC1=CN=NN=N1,,[]
96,901.820848,0.1,0.064276,0.5,0.242100,43.6,16.736000,0.1,O=C1NC=NN1,,[]
96,929.847931,0.1,0.083382,2.4,0.234400,38.9,16.893000,0.1,CC(C)=O,,[]
96,941.424226,0.2,0.076571,1.5,0.224100,31.2,18.020000,0.1,NC1=NNN=C1,,[]
96,942.772116,0.2,0.079595,2.1,0.254200,52.2,16.197000,0.1,O=CN1CC1,,[]
96,961.520844,0.2,0.055700,0.2,0.188900,8.3,17.899000,0.1,O=CC1=NC=NO1,,[]
96,966.584846,0.3,0.059052,0.3,0.159400,1.7,24.021000,3.0,NC1=NON=NC1=O,,[]
96,1004.244827,0.3,0.067602,0.8,0.159400,1.7,19.151000,0.3,N=C1ON=CC=N1,,[]
96,1023.799905,0.4,0.051185,0.1,0.161600,2.0,25.222000,5.5,FC1=C(F)C(=N)ON=N1,,[]
96,1029.352109,0.4,0.071099,1.0,0.149600,0.8,23.237000,2.0,CN1N=NC(=O)N=N1,,[]
96,1042.231113,0.4,0.065000,0.5,0.151100,0.9,26.116000,8.2,NC1=C(ON=N1)N(=O)=O,,[]
96,1045.742028,0.4,0.060138,0.3,0.145000,0.6,21.190000,0.7,O=CC1=NC=NN=N1,,[]
96,1073.449709,0.5,0.037484,0.0,0.174400,4.4,23.324000,2.1,N#CC#CC#CC#N,,[]
96,1103.498000,0.7,0.058887,0.3,0.157000,1.5,26.568000,9.9,N=C1N=NOC=NC1=O,,[]
96,1110.789661,0.7,0.066388,0.7,0.142700,0.5,23.317000,2.1,O=N(=O)C1=CN=NC=N1,,[]
96,1122.229158,0.8,0.062463,0.4,0.151000,0.9,20.753000,0.6,N#CC1=CN=NC=N1,,[]
96,1137.036499,0.8,0.052971,0.1,0.159200,1.7,24.934000,4.8,O=C1ON=NC(=C1)C#N,,[]
96,1293.309576,3.1,0.078619,1.9,0.130800,0.2,25.387000,6.0,O=CC1=NC=NNC1=O,,[]
96,1302.223348,3.3,0.074528,1.3,0.121000,0.1,28.899000,25.1,O=CNC(=O)C(=O)C=O,,[]
96,1360.695309,5.0,0.077080,1.6,0.134000,0.2,26.971000,12.0,O=CC1=CNC(=O)C1=O,,[]
96,1402.986937,7.0,0.100842,6.9,0.082500,0.0,30.327000,37.9,NC=[NH+]C1=COC([O-])=N1,,[]
96,1418.839709,7.8,0.089499,3.6,0.126600,0.1,27.770000,16.5,N=C1NC(C=O)=CC1=O,,[]
96,1458.391631,10.3,0.092863,4.6,0.142600,0.5,23.221000,2.0,O1C=CN=C2N=CC=C12,,[]
96,1460.695846,10.5,0.113228,14.3,0.119800,0.1,26.155000,8.2,OC12C3C1N1CC3N=C21,,[]
96,1465.099707,10.8,0.087865,3.1,0.118300,0.1,27.533000,14.9,O=CC1=CC(=O)C(=O)C1,,[]
96,1483.077226,12.1,0.092805,4.5,0.141200,0.4,23.718000,2.6,O=C1C=CC2=CN=CN12,,[]
96,1503.732328,13.8,0.111447,12.3,0.070900,0.0,32.179000,56.5,NC=[NH+]C1=COC([O-])=C1,,[]
96,1739.327623,46.2,0.157507,59.2,0.042000,0.0,36.191000,87.6,[O-]C(=O)CCCNC=[NH2+],,[]
97,276.861573,0.0,0.034358,0.0,0.339900,98.4,6.316000,0.0,N,,[]
97,724.694376,0.0,0.033373,0.0,0.318800,91.4,18.453000,0.2,FC(F)(F)C#C,,[]
97,784.640984,0.1,0.059116,0.3,0.271500,63.4,12.360000,0.0,N1C=NN=C1,,[]
97,811.831597,0.1,0.036614,0.0,0.179100,5.5,18.857000,0.3,O1N=C2ON=NC2=N1,,[]
97,847.509276,0.1,0.061106,0.3,0.250000,49.4,16.782000,0.1,CC1=NON=N1,,[]
97,860.051307,0.1,0.055030,0.2,0.302200,81.1,17.258000,0.1,C#CCC#N,,[]
97,885.161099,0.1,0.055581,0.2,0.174900,4.5,18.347000,0.2,OC1=CN=NN=N1,,[]
97,901.820848,0.1,0.064276,0.4,0.242100,43.6,16.736000,0.1,O=C1NC=NN1,,[]
97,929.847931,0.1,0.083382,2.4,0.234400,39.0,16.893000,0.1,CC(C)=O,,[]
97,941.424226,0.2,0.076571,1.5,0.224100,31.2,18.020000,0.1,NC1=NNN=C1,,[]
97,942.772116,0.2,0.079595,2.1,0.254200,52.2,16.197000,0.1,O=CN1CC1,,[]
97,961.520844,0.2,0.055700,0.2,0.188900,8.3,17.899000,0.1,O=CC1=NC=NO1,,[]
97,966.584846,0.2,0.059052,0.3,0.159400,1.7,24.021000,3.0,NC1=NON=NC1=O,,[]
97,1004.244827,0.3,0.067602,0.8,0.159400,1.7,19.151000,0.3,N=C1ON=CC=N1,,[]
97,1023.799905,0.4,0.051185,0.1,0.161600,2.0,25.222000,5.5,FC1=C(F)C(=N)ON=N1,,[]
97,1029.352109,0.4,0.071099,1.0,0.149600,0.8,23.237000,2.0,CN1N=NC(=O)N=N1,,[]
97,1042.231113,0.4,0.065000,0.5,0.151100,0.9,26.116000,8.1,NC1=C(ON=N1)N(=O)=O,,[]
97,1045.742028,0.4,0.060138,0.3,0.145000,0.6,21.190000,0.7,O=CC1=NC=NN=N1,,[]
97,1073.449709,0.5,0.037484,0.0,0.174400,4.4,23.324000,2.1,N#CC#CC#CC#N,,[]
97,1103.498000,0.7,0.058887,0.2,0.157000,1.5,26.568000,9.9,N=C1N=NOC=NC1=O,,[]
97,1110.789661,0.7,0.066388,0.7,0.142700,0.5,23.317000,2.1,O=N(=O)C1=CN=NC=N1,,[]
97,1122.229158,0.8,0.062463,0.4,0.151000,0.9,20.753000,0.6,N#CC1=CN=NC=N1,,[]
97,1137.036499,0.8,0.052971,0.1,0.159200,1.7,24.934000,4.8,O=C1ON=NC(=C1)C#N,,[]
97,1293.309576,3.0,0.078619,1.9,0.130800,0.2,25.387000,5.9,O=CC1=NC=NNC1=O,,[]
97,1302.223348,3.3,0.074528,1.3,0.121000,0.1,28.899000,25.1,O=CNC(=O)C(=O)C=O,,[]
97,1360.695309,5.0,0.077080,1.6,0.134000,0.2,26.971000,11.9,O=CC1=CNC(=O)C1=O,,[]
97,1402.986937,7.0,0.100842,6.9,0.082500,0.0,30.327000,37.9,NC=[NH+]C1=COC([O-])=N1,,[]
97,1418.839709,7.8,0.089499,3.6,0.126600,0.1,27.770000,16.5,N=C1NC(C=O)=CC1=O,,[]
97,1458.391631,10.3,0.092863,4.5,0.142600,0.5,23.221000,2.0,O1C=CN=C2N=CC=C12,,[]
97,1460.695846,10.5,0.113228,14.3,0.119800,0.1,26.155000,8.2,OC12C3C1N1CC3N=C21,,[]
97,1465.099707,10.8,0.087865,3.1,0.118300,0.1,27.533000,14.9,O=CC1=CC(=O)C(=O)C1,,[]
97,1483.077226,12.0,0.092805,4.5,0.141200,0.4,23.718000,2.6,O=C1C=CC2=CN=CN12,,[]
97,1503.732328,13.7,0.111447,12.3,0.070900,0.0,32.179000,56.5,NC=[NH+]C1=COC([O-])=C1,,[]
97,1739.327623,46.2,0.157507,59.2,0.042000,0.0,36.191000,87.6,[O-]C(=O)CCCNC=[NH2+],,[]
98,276.861573,0.0,0.034358,0.0,0.339900,98.4,6.316000,0.0,N,,[]
98,724.694376,0.0,0.033373,0.0,0.318800,91.5,18.453000,0.2,FC(F)(F)C#C,,[]
98,784.640984,0.1,0.059116,0.3,0.271500,63.4,12.360000,0.0,N1C=NN=C1,,[]
98,811.831597,0.1,0.036614,0.0,0.179100,5.5,18.857000,0.3,O1N=C2ON=NC2=N1,,[]
98,847.509276,0.1,0.061106,0.3,0.250000,49.4,16.782000,0.1,CC1=NON=N1,,[]
98,860.051307,0.1,0.055030,0.2,0.302200,81.1,17.258000,0.1,C#CCC#N,,[]
98,885.161099,0.1,0.055581,0.2,0.174900,4.5,18.347000,0.2,OC1=CN=NN=N1,,[]
98,901.820848,0.1,0.064276,0.4,0.242100,43.6,16.736000,0.1,O=C1NC=NN1,,[]
98,929.847931,0.1,0.083382,2.4,0.234400,38.9,16.893000,0.1,CC(C)=O,,[]
98,941.424226,0.2,0.076571,1.5,0.224100,31.1,18.020000,0.1,NC1=NNN=C1,,[]
98,942.772116,0.2,0.079595,2.1,0.254200,52.2,16.197000,0.1,O=CN1CC1,,[]
98,961.520844,0.2,0.055700,0.2,0.188900,8.3,17.899000,0.1,O=CC1=NC=NO1,,[]
98,966.584846,0.2,0.059052,0.3,0.159400,1.7,24.021000,3.0,NC1=NON=NC1=O,,[]
98,1004.244827,0.3,0.067602,0.8,0.159400,1.7,19.151000,0.3,N=C1ON=CC=N1,,[]
98,1023.799905,0.4,0.051185,0.1,0.161600,2.0,25.222000,5.5,FC1=C(F)C(=N)ON=N1,,[]
98,1029.352109,0.4,0.071099,1.0,0.149600,0.8,23.237000,2.0,CN1N=NC(=O)N=N1,,[]
98,1042.231113,0.4,0.065000,0.5,0.151100,0.9,26.116000,8.1,NC1=C(ON=N1)N(=O)=O,,[]
98,1045.742028,0.4,0.060138,0.3,0.145000,0.6,21.190000,0.7,O=CC1=NC=NN=N1,,[]
98,1073.449709,0.5,0.037484,0.0,0.174400,4.3,23.324000,2.1,N#CC#CC#CC#N,,[]
98,1103.498000,0.7,0.058887,0.2,0.157000,1.5,26.568000,9.9,N=C1N=NOC=NC1=O,,[]
98,1110.789661,0.7,0.066388,0.7,0.142700,0.5,23.317000,2.1,O=N(=O)C1=CN=NC=N1,,[]
98,1122.229158,0.8,0.062463,0.4,0.151000,0.9,20.753000,0.6,N#CC1=CN=NC=N1,,[]
98,1137.036499,0.8,0.052971,0.1,0.159200,1.7,24.934000,4.8,O=C1ON=NC(=C1)C#N,,[]
98,1293.309576,3.0,0.078619,1.9,0.130800,0.2,25.387000,5.9,O=CC1=NC=NNC1=O,,[]
98,1302.223348,3.3,0.074528,1.3,0.121000,0.1,28.899000,25.1,O=CNC(=O)C(=O)C=O,,[]
98,1356.661050,4.9,0.087309,2.9,0.116100,0.1,29.533000,30.5,N=C(NC=O)C(=O)C=O,,[]
98,1360.695309,5.0,0.077080,1.6,0.134000,0.2,26.971000,11.9,O=CC1=CNC(=O)C1=O,,[]
98,1402.986937,7.0,0.100842,6.9,0.082500,0.0,30.327000,37.9,NC=[NH+]C1=COC([O-])=N1,,[]
98,1418.839709,7.8,0.089499,3.6,0.126600,0.1,27.770000,16.5,N=C1NC(C=O)=CC1=O,,[]
98,1458.391631,10.3,0.092863,4.5,0.142600,0.5,23.221000,2.0,O1C=CN=C2N=CC=C12,,[]
98,1460.695846,10.5,0.113228,14.3,0.119800,0.1,26.155000,8.2,OC12C3C1N1CC3N=C21,,[]
98,1465.099707,10.8,0.087865,3.1,0.118300,0.1,27.533000,14.9,O=CC1=CC(=O)C(=O)C1,,[]
98,1483.077226,12.0,0.092805,4.5,0.141200,0.4,23.718000,2.6,O=C1C=CC2=CN=CN12,,[]
98,1503.732328,13.8,0.111447,12.3,0.070900,0.0,32.179000,56.4,NC=[NH+]C1=COC([O-])=C1,,[]
98,1739.327623,46.2,0.157507,59.1,0.042000,0.0,36.191000,87.6,[O-]C(=O)CCCNC=[NH2+],,[]
99,276.861573,0.0,0.034358,0.0,0.339900,98.4,6.316000,0.0,N,,[]
99,724.694376,0.0,0.033373,0.0,0.318800,91.5,18.453000,0.2,FC(F)(F)C#C,,[]
99,784.640984,0.1,0.059116,0.3,0.271500,63.4,12.360000,0.0,N1C=NN=C1,,[]
99,811.831597,0.1,0.036614,0.0,0.179100,5.5,18.857000,0.3,O1N=C2ON=NC2=N1,,[]
99,847.509276,0.1,0.061106,0.3,0.250000,49.3,16.782000,0.1,CC1=NON=N1,,[]
99,860.051307,0.1,0.055030,0.2,0.302200,81.1,17.258000,0.1,C#CCC#N,,[]
99,885.161099,0.1,0.055581,0.2,0.174900,4.5,18.347000,0.2,OC1=CN=NN=N1,,[]
99,901.820848,0.1,0.064276,0.4,0.242100,43.6,16.736000,0.1,O=C1NC=NN1,,[]
99,929.847931,0.1,0.083382,2.4,0.234400,38.9,16.893000,0.1,CC(C)=O,,[]
99,941.424226,0.2,0.076571,1.5,0.224100,31.1,18.020000,0.1,NC1=NNN=C1,,[]
99,942.772116,0.2,0.079595,2.1,0.254200,52.2,16.197000,0.1,O=CN1CC1,,[]
99,961.520844,0.2,0.055700,0.2,0.188900,8.3,17.899000,0.1,O=CC1=NC=NO1,,[]
99,966.584846,0.2,0.059052,0.3,0.159400,1.7,24.021000,3.0,NC1=NON=NC1=O,,[]
99,1004.244827,0.3,0.067602,0.8,0.159400,1.7,19.151000,0.3,N=C1ON=CC=N1,,[]
99,1023.799905,0.4,0.051185,0.1,0.161600,2.0,25.222000,5.5,FC1=C(F)C(=N)ON=N1,,[]
99,1029.352109,0.4,0.071099,1.0,0.149600,0.8,23.237000,2.1,CN1N=NC(=O)N=N1,,[]
99,1042.231113,0.4,0.065000,0.5,0.151100,1.0,26.116000,8.1,NC1=C(ON=N1)N(=O)=O,,[]
99,1045.742028,0.4,0.060138,0.3,0.145000,0.6,21.190000,0.7,O=CC1=NC=NN=N1,,[]
99,1073.449709,0.5,0.037484,0.0,0.174400,4.4,23.324000,2.1,N#CC#CC#CC#N,,[]
99,1103.498000,0.7,0.058887,0.2,0.157000,1.5,26.568000,9.9,N=C1N=NOC=NC1=O,,[]
99,1110.789661,0.7,0.066388,0.7,0.142700,0.5,23.317000,2.1,O=N(=O)C1=CN=NC=N1,,[]
99,1122.229158,0.8,0.062463,0.4,0.151000,0.9,20.753000,0.6,N#CC1=CN=NC=N1,,[]
99,1137.036499,0.9,0.052971,0.1,0.159200,1.7,24.934000,4.8,O=C1ON=NC(=C1)C#N,,[]
99,1293.309576,3.1,0.078619,1.9,0.130800,0.2,25.387000,5.9,O=CC1=NC=NNC1=O,,[]
99,1302.223348,3.3,0.074528,1.3,0.121000,0.1,28.899000,25.0,O=CNC(=O)C(=O)C=O,,[]
99,1356.661050,4.9,0.087309,3.0,0.116100,0.1,29.533000,30.5,N=C(NC=O)C(=O)C=O,,[]
99,1360.695309,5.1,0.077080,1.6,0.134000,0.2,26.971000,12.0,O=CC1=CNC(=O)C1=O,,[]
99,1402.986937,7.0,0.100842,7.0,0.082500,0.0,30.327000,37.9,NC=[NH+]C1=COC([O-])=N1,,[]
99,1418.839709,7.8,0.089499,3.6,0.126600,0.1,27.770000,16.5,N=C1NC(C=O)=CC1=O,,[]
99,1458.391631,10.3,0.092863,4.6,0.142600,0.5,23.221000,2.0,O1C=CN=C2N=CC=C12,,[]
99,1460.695846,10.5,0.113228,14.3,0.119800,0.1,26.155000,8.2,OC12C3C1N1CC3N=C21,,[]
99,1465.099707,10.8,0.087865,3.1,0.118300,0.1,27.533000,14.9,O=CC1=CC(=O)C(=O)C1,,[]
99,1483.077226,12.0,0.092805,4.6,0.141200,0.4,23.718000,2.6,O=C1C=CC2=CN=CN12,,[]
99,1503.732328,13.8,0.111447,12.3,0.070900,0.0,32.179000,56.4,NC=[NH+]C1=COC([O-])=C1,,[]
99,1739.327623,46.1,0.157507,59.1,0.042000,0.0,36.191000,87.6,[O-]C(=O)CCCNC=[NH2+],,[]
100,276.861573,0.0,0.034358,0.0,0.339900,98.4,6.316000,0.0,N,,[]
100,724.694376,0.0,0.033373,0.0,0.318800,91.4,18.453000,0.2,FC(F)(F)C#C,,[]
100,784.640984,0.1,0.059116,0.3,0.271500,63.3,12.360000,0.0,N1C=NN=C1,,[]
100,811.831597,0.1,0.036614,0.0,0.179100,5.5,18.857000,0.3,O1N=C2ON=NC2=N1,,[]
100,847.509276,0.1,0.061106,0.3,0.250000,49.3,16.782000,0.1,CC1=NON=N1,,[]
100,860.051307,0.1,0.055030,0.2,0.302200,81.1,17.258000,0.1,C#CCC#N,,[]
100,885.161099,0.1,0.055581,0.2,0.174900,4.5,18.347000,0.2,OC1=CN=NN=N1,,[]
100,901.820848,0.1,0.064276,0.4,0.242100,43.5,16.736000,0.1,O=C1NC=NN1,,[]
100,929.847931,0.1,0.083382,2.4,0.234400,38.8,16.893000,0.1,CC(C)=O,,[]
100,941.424226,0.2,0.076571,1.5,0.224100,31.1,18.020000,0.1,NC1=NNN=C1,,[]
100,942.772116,0.2,0.079595,2.1,0.254200,52.1,16.197000,0.1,O=CN1CC1,,[]
100,961.520844,0.2,0.055700,0.2,0.188900,8.3,17.899000,0.1,O=CC1=NC=NO1,,[]
100,966.584846,0.2,0.059052,0.3,0.159400,1.7,24.021000,3.0,NC1=NON=NC1=O,,[]
100,1004.244827,0.3,0.067602,0.8,0.159400,1.7,19.151000,0.3,N=C1ON=CC=N1,,[]
100,1023.799905,0.4,0.051185,0.1,0.161600,2.0,25.222000,5.5,FC1=C(F)C(=N)ON=N1,,[]
100,1029.352109,0.4,0.071099,1.0,0.149600,0.8,23.237000,2.1,CN1N=NC(=O)N=N1,,[]
100,1042.231113,0.4,0.065000,0.5,0.151100,1.0,26.116000,8.1,NC1=C(ON=N1)N(=O)=O,,[]
100,1045.742028,0.4,0.060138,0.3,0.145000,0.6,21.190000,0.7,O=CC1=NC=NN=N1,,[]
100,1073.449709,0.5,0.037484,0.0,0.174400,4.3,23.324000,2.1,N#CC#CC#CC#N,,[]
100,1103.498000,0.7,0.058887,0.2,0.157000,1.5,26.568000,9.9,N=C1N=NOC=NC1=O,,[]
100,1110.789661,0.7,0.066388,0.7,0.142700,0.5,23.317000,2.1,O=N(=O)C1=CN=NC=N1,,[]
100,1122.229158,0.8,0.062463,0.4,0.151000,0.9,20.753000,0.6,N#CC1=CN=NC=N1,,[]
100,1137.036499,0.9,0.052971,0.1,0.159200,1.7,24.934000,4.8,O=C1ON=NC(=C1)C#N,,[]
100,1293.309576,3.0,0.078619,1.9,0.130800,0.2,25.387000,5.9,O=CC1=NC=NNC1=O,,[]
100,1302.223348,3.3,0.074528,1.3,0.121000,0.1,28.899000,25.0,O=CNC(=O)C(=O)C=O,,[]
100,1356.661050,4.9,0.087309,3.0,0.116100,0.1,29.533000,30.4,N=C(NC=O)C(=O)C=O,,[]
100,1360.695309,5.1,0.077080,1.6,0.134000,0.2,26.971000,12.0,O=CC1=CNC(=O)C1=O,,[]
100,1402.986937,7.0,0.100842,6.9,0.082500,0.0,30.327000,37.9,NC=[NH+]C1=COC([O-])=N1,,[]
100,1418.839709,7.8,0.089499,3.6,0.126600,0.1,27.770000,16.5,N=C1NC(C=O)=CC1=O,,[]
100,1458.391631,10.3,0.092863,4.6,0.142600,0.5,23.221000,2.0,O1C=CN=C2N=CC=C12,,[]
100,1460.695846,10.5,0.113228,14.3,0.119800,0.1,26.155000,8.2,OC12C3C1N1CC3N=C21,,[]
100,1465.099707,10.8,0.087865,3.1,0.118300,0.1,27.533000,14.9,O=CC1=CC(=O)C(=O)C1,,[]
100,1483.077226,12.0,0.092805,4.5,0.141200,0.4,23.718000,2.6,O=C1C=CC2=CN=CN12,,[]
100,1503.732328,13.7,0.111447,12.3,0.070900,0.0,32.179000,56.4,NC=[NH+]C1=COC([O-])=C1,,[]
100,1739.327623,46.1,0.157507,59.0,0.042000,0.0,36.191000,87.5,[O-]C(=O)CCCNC=[NH2+],,[]
101,276.861573,0.0,0.034358,0.0,0.339900,98.4,6.316000,0.0,N,,[]
101,724.694376,0.0,0.033373,0.0,0.318800,91.4,18.453000,0.2,FC(F)(F)C#C,,[]
101,784.640984,0.0,0.059116,0.3,0.271500,63.2,12.360000,0.0,N1C=NN=C1,,[]
101,811.831597,0.1,0.036614,0.0,0.179100,5.5,18.857000,0.3,O1N=C2ON=NC2=N1,,[]
101,847.509276,0.1,0.061106,0.3,0.250000,49.2,16.782000,0.1,CC1=NON=N1,,[]
101,860.051307,0.1,0.055030,0.2,0.302200,81.0,17.258000,0.1,C#CCC#N,,[]
101,885.161099,0.1,0.055581,0.2,0.174900,4.5,18.347000,0.2,OC1=CN=NN=N1,,[]
101,901.820848,0.1,0.064276,0.4,0.242100,43.4,16.736000,0.1,O=C1NC=NN1,,[]
101,929.847931,0.1,0.083382,2.4,0.234400,38.8,16.893000,0.1,CC(C)=O,,[]
101,941.424226,0.2,0.076571,1.5,0.224100,31.0,18.020000,0.1,NC1=NNN=C1,,[]
101,942.772116,0.2,0.079595,2.1,0.254200,52.0,16.197000,0.0,O=CN1CC1,,[]
101,961.520844,0.2,0.055700,0.2,0.188900,8.3,17.899000,0.1,O=CC1=NC=NO1,,[]
101,966.584846,0.2,0.059052,0.2,0.159400,1.8,24.021000,3.0,NC1=NON=NC1=O,,[]
101,1004.244827,0.3,0.067602,0.8,0.159400,1.8,19.151000,0.3,N=C1ON=CC=N1,,[]
101,1023.799905,0.4,0.051185,0.1,0.161600,2.0,25.222000,5.5,FC1=C(F)C(=N)ON=N1,,[]
101,1029.352109,0.4,0.071099,1.0,0.149600,0.8,23.237000,2.0,CN1N=NC(=O)N=N1,,[]
101,1042.231113,0.4,0.065000,0.5,0.151100,1.0,26.116000,8.1,NC1=C(ON=N1)N(=O)=O,,[]
101,1045.742028,0.4,0.060138,0.3,0.145000,0.6,21.190000,0.7,O=CC1=NC=NN=N1,,[]
101,1073.449709,0.5,0.037484,0.0,0.174400,4.3,23.324000,2.1,N#CC#CC#CC#N,,[]
101,1103.498000,0.7,0.058887,0.2,0.157000,1.5,26.568000,9.9,N=C1N=NOC=NC1=O,,[]
101,1110.789661,0.7,0.066388,0.7,0.142700,0.5,23.317000,2.1,O=N(=O)C1=CN=NC=N1,,[]
101,1122.229158,0.8,0.062463,0.4,0.151000,1.0,20.753000,0.6,N#CC1=CN=NC=N1,,[]
101,1137.036499,0.8,0.052971,0.1,0.159200,1.7,24.934000,4.8,O=C1ON=NC(=C1)C#N,,[]
101,1293.309576,3.0,0.078619,1.9,0.130800,0.2,25.387000,5.9,O=CC1=NC=NNC1=O,,[]
101,1302.223348,3.3,0.074528,1.3,0.121000,0.1,28.899000,25.0,O=CNC(=O)C(=O)C=O,,[]
101,1356.661050,4.9,0.087309,3.0,0.116100,0.1,29.533000,30.4,N=C(NC=O)C(=O)C=O,,[]
101,1360.695309,5.1,0.077080,1.6,0.134000,0.2,26.971000,11.9,O=CC1=CNC(=O)C1=O,,[]
101,1402.986937,7.0,0.100842,6.9,0.082500,0.0,30.327000,37.8,NC=[NH+]C1=COC([O-])=N1,,[]
101,1418.839709,7.8,0.089499,3.6,0.126600,0.1,27.770000,16.5,N=C1NC(C=O)=CC1=O,,[]
101,1458.391631,10.3,0.092863,4.5,0.142600,0.5,23.221000,2.0,O1C=CN=C2N=CC=C12,,[]
101,1460.695846,10.4,0.113228,14.3,0.119800,0.1,26.155000,8.2,OC12C3C1N1CC3N=C21,,[]
101,1465.099707,10.8,0.087865,3.1,0.118300,0.1,27.533000,14.9,O=CC1=CC(=O)C(=O)C1,,[]
101,1483.077226,12.0,0.092805,4.5,0.141200,0.4,23.718000,2.6,O=C1C=CC2=CN=CN12,,[]
101,1503.732328,13.8,0.111447,12.3,0.070900,0.0,32.179000,56.3,NC=[NH+]C1=COC([O-])=C1,,[]
101,1739.327623,46.1,0.157507,59.0,0.042000,0.0,36.191000,87.5,[O-]C(=O)CCCNC=[NH2+],,[]
