generation,section,smiles,coordList,functionalization,success_prob
0,bottom,C[Si](C)(C)c1cc(cc(c1)[Si](C#CP(C#C[Si](c1cc(cc(c1)[Si](C)(C)C)[Si](C)(C)C)(c1cc(cc(c1)[Si](C)(C)C)[Si](C)(C)C)c1cc(cc(c1)[Si](C)(C)C)[Si](C)(C)C)C#C[Si](c1cc(cc(c1)[Si](C)(C)C)[Si](C)(C)C)(c1cc(cc(c1)[Si](C)(C)C)[Si](C)(C)C)c1cc(cc(c1)[Si](C)(C)C)[Si](C)(C)C)(c1cc(cc(c1)[Si](C)(C)C)[Si](C)(C)C)c1cc(cc(c1)[Si](C)(C)C)[Si](C)(C)C)[Si](C)(C)C,[13],"[{'functional_group': 'thiol', 'smiles_inds': [98]}]",1.127016941487072e-19
0,bottom,CP(CCP(C)c1c(cc(cc1C([Si](C)(C)C)[Si](C)(C)C)C([Si](C)(C)C)([Si](C)(C)C)[Si](C)(C)C)C([Si](C)(C)C)[Si](C)(C)C)c1c(cc(cc1C([Si](C)(C)C)[Si](C)(C)C)C([Si](C)(C)C)([Si](C)(C)C)[Si](C)(C)C)C([Si-](C)C)[Si](C)(C)C,"[4, 72, 1]",[],3.840457706536839e-15
0,bottom,C[Si](C)(C)C(c1cc(C([Si](C)(C)C)[Si](C)(C)C)c(Sc2ccccc2Sc2ccccc2Sc2ccccc2Sc2c(cc(cc2C([Si](C)(C)C)[Si](C)(C)C)C([Si](C)(C)C)[Si](C)(C)C)C([Si](C)(C)C)[Si](C)(C)C)c(c1)C([Si](C)(C)C)[Si](C)(C)C)[Si](C)(C)C,"[25, 32]","[{'functional_group': 'chloro', 'smiles_inds': [74]}, {'functional_group': 'carbonyl', 'smiles_inds': [16]}, {'functional_group': 'trifluro', 'smiles_inds': [61]}]",7.308466086864376e-14
0,bottom,C[Si](C)(C)C(c1cc(C([Si](C)(C)C)[Si](C)(C)C)c(Sc2ccccc2Sc2ccccc2Sc2ccccc2Sc2c(cc(cc2C([Si](C)(C)C)[Si](C)(C)C)C([Si](C)(C)C)[Si](C)(C)C)C([Si](C)(C)C)[Si](C)(C)C)c(c1)C([Si](C)(C)C)[Si](C)(C)C)[Si](C)(C)C,"[25, 32]","[{'functional_group': '2-hydroxypyridine', 'smiles_inds': [2]}]",7.343131006083933e-14
0,bottom,C[Si](C)(C)C(c1cc(C([Si](C)(C)C)[Si](C)(C)C)c([Se]c2ccccc2Sc2ccccc2Sc2ccccc2[Se]c2c(cc(cc2C([Si](C)(C)C)[Si](C)(C)C)C([Si](C)(C)C)[Si](C)(C)C)C([Si](C)(C)C)[Si](C)(C)C)c(c1)C([Si](C)(C)C)[Si](C)(C)C)[Si](C)(C)C,"[25, 32]","[{'functional_group': 'ether', 'smiles_inds': [54]}, {'functional_group': 'bromo', 'smiles_inds': [21]}]",1.5511154863889436e-13
0,bottom,CCCC[P](CCCC)(CCCC)CCP(CCP(CCP(CC[P](CCCC)(CCCC)CCCC)CC[P](CCCC)(CCCC)CCCC)c1ccccc1)CC[P](CCCC)(CCCC)CCCC,"[15, 18, 21]","[{'functional_group': 'iodo', 'smiles_inds': [70]}]",3.542127965421001e-13
0,bottom,C[Si](C)(C)C(c1cc(C([Si](C)(C)C)[Si](C)(C)C)c([Se]c2ccccc2[Se]c2ccccc2[Se]c2ccccc2[Se]c2c(cc(cc2C([Si](C)(C)C)[Si](C)(C)C)C([Si](C)(C)C)[Si](C)(C)C)C([Si](C)(C)C)[Si](C)(C)C)c(c1)C([Si](C)(C)C)[Si](C)(C)C)[Si](C)(C)C,"[25, 32]","[{'functional_group': 'bromo', 'smiles_inds': [49]}]",4.4979969396724127e-13
0,bottom,COCC1OC2OC3C(COC)OC(OC4C(COC)OC(OC5C(COC)OC(OC6C(COC)OC(OC7C(COC)OC(OC8C(COC)OC(OC1C(OC)C2OC)C(OC)C8OC)C(OC)C7OC)C(OC)C6OCc1cncc(COC2C(OC)C6OC(COC)C2OC2OC(COC)C(OC7OC(COC)C(OC8OC(COC)C(OC9OC(COC)C(OC%10OC(COC)C(OC%11OC(COC)C(O6)C(OC)C%11OC)C(OC)C%10OC)C(OC)C9OC)C(OC)C8OC)C(OC)C7OC)C(OC)C2OC)c1)C(OC)C5OC)C(OC)C4OC)C(OC)C3OC,[82],"[{'functional_group': 'bromo', 'smiles_inds': [187]}]",1.959356526670208e-12
0,bottom,C[Si](C)(CCC(F)(F)C(F)(F)C(F)(F)C(F)(F)C(F)(F)C(F)(F)F)c1ccc(cc1)P(CCP(c1ccc(cc1)[Si](C)(C)CCC(F)(F)C(F)(F)C(F)(F)C(F)(F)C(F)(F)C(F)(F)F)c1ccc(cc1)[Si](C)(C)CCC(F)(F)C(F)(F)C(F)(F)C(F)(F)C(F)(F)C(F)(F)F)c1ccc(cc1)[Si](C)(C)CCC(F)(F)C(F)(F)C(F)(F)C(F)(F)C(F)(F)C(F)(F)F,"[30, 33]",[],7.343756445878744e-11
0,bottom,CC(C)(C)c1cc2c3cc(cc4c5cc(cc6c7cc(cc8c9cc(cc%10c%11cc(cc%12c(c1)c2c1c(c34)c(c56)c(c78)c(c9%10)c1c%11%12)C(C)(C)C)C(C)(C)C)C(C)(C)C)C(C)(C)C)P(c1cc2c3cc(cc4c5cc(cc6c7cc(cc8c9cc(cc%10c%11cc(cc%12c(c1)c2c1c(c34)c(c56)c(c78)c(c9%10)c1c%11%12)C(C)(C)C)C(C)(C)C)C(C)(C)C)C(C)(C)C)C(C)(C)C)c1cc2c3cc(cc4c5cc(cc6c7cc(cc8c9cc(cc%10c%11cc(cc%12c(c1)c2c1c(c34)c(c56)c(c78)c(c9%10)c1c%11%12)C(C)(C)C)C(C)(C)C)C(C)(C)C)C(C)(C)C)C(C)(C)C,[62],[],1.9261834575547754e-10
0,bottom,CC(C)(C)c1cc2c3cc(cc4c5cc(cc6c7cc(cc8c9cc(cc%10c%11cc(cc%12c(c1)c2c1c(c34)c(c56)c(c78)c(c9%10)c1c%11%12)C(C)(C)C)C(C)(C)C)C(C)(C)C)C(C)(C)C)P(c1cc2c3cc(cc4c5cc(cc6c7cc(cc8c9cc(cc%10c%11cc(cc%12c(c1)c2c1c(c34)c(c56)c(c78)c(c9%10)c1c%11%12)C(C)(C)C)C(C)(C)C)C(C)(C)C)C(C)(C)C)C(C)(C)C)c1cc2c3cc(cc4c5cc(cc6c7cc(cc8c9cc(cc%10c%11cc(cc%12c(c1)c2c1c(c34)c(c56)c(c78)c(c9%10)c1c%11%12)C(C)(C)C)C(C)(C)C)C(C)(C)C)C(C)(C)C)C(C)(C)C,[62],"[{'functional_group': 'chloro', 'smiles_inds': [23]}]",2.345935176209806e-10
0,bottom,C[Si](C)(C)C(S[Ge](SC([Si](C)(C)C)([Si](C)(C)C)[Si](C)(C)C)SC([Si](C)(C)C)([Si](C)(C)C)[Si](C)(C)C)([Si](C)(C)C)[Si](C)(C)C,"[5, 7, 21]","[{'functional_group': 'phenyl', 'smiles_inds': [12]}]",1.6430772291021272e-09
0,bottom,C1CCCCCCCCCCCP2CCCCCCCCCCCCCCCCCCCCCCP(CCCCCCCCCC1)CCCCCCCCCCCCCCCCCCCCCC2,"[12, 35]","[{'functional_group': 'carbonyl', 'smiles_inds': [9]}, {'functional_group': 'iodo', 'smiles_inds': [4]}]",2.628913566889471e-09
0,bottom,CCC(C)(C)c1cc(C(c2cc(cc(c2OCCN(C)C(=O)CP(=O)(c2ccccc2)c2ccccc2)C(C)(C)CC)C(C)(C)CC)c2cc(cc(c2OCCN(C)C(=O)CP(=O)(c2ccccc2)c2ccccc2)C(C)(C)CC)C(C)(C)CC)c(OCCN(C)C(=O)CP(=O)(c2ccccc2)c2ccccc2)c(c1)C(C)(C)CC,"[21, 24, 59, 62, 92, 95]","[{'functional_group': 'chloro', 'smiles_inds': [57]}]",3.0030546985347547e-09
0,bottom,C[Si](C)(C)C(P([Ge](P(C([Si](C)(C)C)[Si](C)(C)C)c1ccccc1)P(C([Si](C)(C)C)[Si](C)(C)C)c1ccccc1)c1ccccc1)[Si](C)(C)C,"[5, 7, 23]","[{'functional_group': 'trifluro', 'smiles_inds': [31]}]",1.4921192656931543e-08
0,bottom,CCCCCCCCCCCC1c2cc3C(CCCCCCCCCCC)c4cc5C(CCCCCCCCCCC)c6cc(C(CCCCCCCCCCC)c7cc1c(OCCOCCOCCOCCOc3cc2OC)cc7OC)c(OCCOCCOCCOCCOc5cc4OC)cc6OC,"[87, 90, 102]","[{'functional_group': 'iodo', 'smiles_inds': [0]}, {'functional_group': 'chloro', 'smiles_inds': [79]}]",2.2537267506841144e-08
0,bottom,FC(F)(F)C(F)(F)C(F)(F)C(F)(F)C(F)(F)C(F)(F)C(F)(F)C(F)(F)CCP(CCC(F)(F)C(F)(F)C(F)(F)C(F)(F)C(F)(F)C(F)(F)C(F)(F)C(F)(F)F)Cc1cccc(CP(CCC(F)(F)C(F)(F)C(F)(F)C(F)(F)C(F)(F)C(F)(F)C(F)(F)C(F)(F)F)CCC(F)(F)C(F)(F)C(F)(F)C(F)(F)C(F)(F)C(F)(F)C(F)(F)C(F)(F)F)[c-]1,"[27, 62, 117]","[{'functional_group': 'tribromo', 'smiles_inds': [28]}, {'functional_group': 'trifluro', 'smiles_inds': [61]}]",2.5477804666908647e-08
0,bottom,C[Si](C)(C)C(P([Ge](P(C([Si](C)(C)C)[Si](C)(C)C)c1ccccc1)P(C([Si](C)(C)C)[Si](C)(C)C)c1ccccc1)c1ccccc1)[Si](C)(C)C,"[5, 7, 23]","[{'functional_group': 'methyl', 'smiles_inds': [26]}, {'functional_group': 'amino', 'smiles_inds': [22]}]",2.8146451494297803e-08
0,bottom,C1CCCP(CCCCCCC=CCCCCCCP(CCCCCCC=CCCCCCCP(CCCCCCC=CCC1)c1ccccc1)c1ccccc1)c1ccccc1,"[4, 34, 19]","[{'functional_group': 'ethyl_ester', 'smiles_inds': [3]}]",3.6896523555756415e-08
0,bottom,FC(F)(F)C(F)(F)C(F)(F)C(F)(F)C(F)(F)C(F)(F)C(F)(F)C(F)(F)CCP(CCC(F)(F)C(F)(F)C(F)(F)C(F)(F)C(F)(F)C(F)(F)C(F)(F)C(F)(F)F)Cc1cccc(CP(CCC(F)(F)C(F)(F)C(F)(F)C(F)(F)C(F)(F)C(F)(F)C(F)(F)C(F)(F)F)CCC(F)(F)C(F)(F)C(F)(F)C(F)(F)C(F)(F)C(F)(F)C(F)(F)C(F)(F)F)[c-]1,"[27, 62, 117]","[{'functional_group': '2-hydroxypyridine', 'smiles_inds': [55]}, {'functional_group': 'bromo', 'smiles_inds': [58]}]",4.269355906731102e-08
0,median,CC(N=Cc1ccccc1[O-])C1CCCCC1,"[10, 2]",[],0.388466561335074
0,median,O=C(CN1c2ccccc2N=C1C1=CSC=N1)Nc1ccccc1,"[10, 16]","[{'functional_group': 'carboxyl', 'smiles_inds': [23]}]",0.38847296820069227
0,median,OCCN1C=C(N=N1)c1ccccn1,"[3, 6]",[],0.38849985420311245
0,median,CC(=O)[C-](Sc1ccccn1)C(C)=O,"[3, 10]","[{'functional_group': 'thiol', 'smiles_inds': [9]}]",0.38851263824751336
0,median,FC(F)(F)c1ccc([c-]c1)c1ccc2cccc(N3CCCCC3)c2n1,"[8, 25, 18]","[{'functional_group': 'iodo', 'smiles_inds': [19]}]",0.3885168501981264
0,median,COc1ccc(C=Nc2ccc(cc2)C(C)=NOCc2ccccc2)c([O-])c1,"[7, 26]","[{'functional_group': 'cyanimide', 'smiles_inds': [27]}]",0.3885519754625941
0,median,CC1(C)COC(=N1)C(C)(C1c2ccccc2c2ccccc12)C1=NC(C)(C)CO1,"[6, 23]","[{'functional_group': 'carboxylate', 'smiles_inds': [0]}]",0.38858620824950924
0,median,C1CCC(=CC1)CCN=CC1=CC=C[N-]1,"[14, 8]","[{'functional_group': 'cyano', 'smiles_inds': [6]}, {'functional_group': '2-hydroxypyridine', 'smiles_inds': [4]}]",0.3885959857744332
0,median,C1OC(=NC1Cc1ccccc1)C1=NC(CO1)Cc1ccccc1,"[13, 3]","[{'functional_group': 'chloro', 'smiles_inds': [8]}]",0.38860303071025293
0,median,Cc1c[c-]c(cc1C)C(=O)C12CC3CC(CC(C3)C1)C2,"[9, 3]","[{'functional_group': 'cyano', 'smiles_inds': [16]}]",0.3886164783769123
0,median,O=C(NN=C(c1ccccc1)c1ccccn1)c1ccccc1,"[16, 3]","[{'functional_group': 'carboxyllic_acid', 'smiles_inds': [20]}, {'functional_group': '2-methylbenzoic_acid', 'smiles_inds': [14]}]",0.38862321238265973
0,median,C[NH+](C)CCCN=Cc1ccccc1[S-],"[14, 6]","[{'functional_group': 'carbonyl', 'smiles_inds': [5]}]",0.38863842793293896
0,median,NN(c1cccc(n1)c1ccccn1)c1cccc(n1)c1ccccn1,"[25, 13]","[{'functional_group': 'trifluro', 'smiles_inds': [0]}, {'functional_group': 'chloro', 'smiles_inds': [23]}]",0.38866735098255106
0,median,CC(CC(C)(C)[CH2-])=NOC(C)(C)C(=O)[O-],"[14, 7, 6]","[{'functional_group': 'ether', 'smiles_inds': [4]}, {'functional_group': 'tribromo', 'smiles_inds': [0]}]",0.3886806455973505
0,median,Clc1ccc(cc1)C=Nc1ccccc1[S-],"[15, 8]","[{'functional_group': '2-hydroxypyridine', 'smiles_inds': [12]}, {'functional_group': 'amide', 'smiles_inds': [3]}]",0.38872495154282627
0,median,Cc1cccc(C)c1C(=C1N=C(C)C(=C1C)I)C1=C(C)C(=C(C)[N-]1)I,"[23, 10]",[],0.3887267735659179
0,median,C1CN=C2N(C1)CCCN2c1ccc2ccc3cccnc3c2n1,"[2, 9, 4]",[],0.3887321471479712
0,median,COc1cccc(C=NN=C([S-])NC(c2ccccc2)(c2ccccc2)c2ccccc2)c1[O-],"[11, 33, 8]",[],0.3888407717560858
0,median,COc1ccc([O-])c(C=NN=C([S-])NC(c2ccccc2)(c2ccccc2)c2ccccc2)c1,"[12, 6, 9]",[],0.38884077175608606
0,median,Cc1ccc(NC(Nc2ccc(C)c[c-]2)=Nc2ccc(C)cc2)cc1,"[15, 14]",[],0.38889286457108163
0,top,[NH3+]C1C([O-])C([NH3+])C([O-])C([NH3+])C1[O-],"[3, 7, 11]","[{'functional_group': 'trichloro', 'smiles_inds': [5]}, {'functional_group': 'iodo', 'smiles_inds': [1]}]",0.9780520209235318
0,top,Oc1cccc(n1)C(=O)[O-],"[6, 9]","[{'functional_group': 'carboxylate', 'smiles_inds': [2]}, {'functional_group': 'aldehyde', 'smiles_inds': [3]}, {'functional_group': 'carboxylate', 'smiles_inds': [4]}]",0.9782284960376254
0,top,O=C1N2CN3C4C5N(CN6C7C8N(CN9C%10C%11N(CN%12C%13C%14N(CN1C1C2N2CN4C(=O)N5CN7C(=O)N8CN%10C(=O)N%11CN%13C(=O)N%14CN1C2=O)C%12=O)C9=O)C6=O)C3=O,"[0, 59]","[{'functional_group': 'methyl_ester', 'smiles_inds': [26]}]",0.9802412766189842
0,top,N1C(c2ccccn2)C23C4=C5C6=C7C8=C9c%10c%11c%12c%13c%14c%10c8c8c%10c%14c%14c%13c%13c%15c%12c%12c%11c%11C9=C6C6=C4C4=C9c(c%12c%12c%15c%15c%13c%13c%14c%14c%10c%10c8c7c5c5c%10c7c%14c%13c8c%15c(c9%12)C(=C24)c8c7C35C1c1ccccn1)c%116,[0],[],0.9814375793343064
0,top,O=C1NC2NC(=O)N3CN4C5C6N(C7N8C9C%10N(CN%11C%12C(NC%11=O)NC(=O)N%12CN%10C(=O)N9C(N6C4=O)c4ccccc74)C8=O)C(=O)N5CN1C23,[24],"[{'functional_group': 'trifluro', 'smiles_inds': [8]}]",0.9837420464778666
0,top,O=C1N2CN3C4C5N(CN6C7C8N(CN9C%10C%11N(CN%12C%13C%14N(CN1C1C2N2CN4C(=O)N5CN7C(=O)N8CN%10C(=O)N%11CN%13C(=O)N%14CN1C2=O)C%12=O)C9=O)C6=O)C3=O,"[0, 59]",[],0.9855662653767812
0,top,O=C1c2[c-]c3c4c5[c-]c6C(=O)C7(c8ccccc8)C(=NC8(c9ccccn9)c9c1c1c2c2c3c3c%10c4c4c%11c5c5c6c6c%12C%13=C%14C%15=C%16C%17=C%18C(=C%19C3=C2C2=C3C%19=C%18C%18=C%16c%16c%14c%12c(c%12c%16c%18c3c(c12)c9%12)c8c76)C%10=C4C%17=C%15C%11=C5%13)c1ccccc1,"[7, 3, 10]","[{'functional_group': 'phenyl', 'smiles_inds': [81]}, {'functional_group': 'chloro', 'smiles_inds': [13]}]",0.9866052314784112
0,top,O=C1N2CN3C4C5N(CN6C7C8N(CN9C%10C%11N(CN%12C%13C%14N(CN1C1C2N2CN4C(=O)N5CN7C(=O)N8CN%10C(=O)N%11CN%13C(=O)N%14CN1C2=O)C%12=O)C9=O)C6=O)C3=O,"[0, 59]","[{'functional_group': 'phosphonate', 'smiles_inds': [15]}]",0.9872265843111241
0,top,O=C(NCCNC(=O)c1ccc(C(=O)NCCNC(=O)C2=C([O-])C(=O)C=CO2)c([O-])c1[O-])C1=C([O-])C(=O)C=CO1,"[36, 34, 31, 29, 22, 24]","[{'functional_group': 'methyl', 'smiles_inds': [9]}, {'functional_group': 'carboxyllic_acid', 'smiles_inds': [16]}]",0.9874061789303002
0,top,O=C1c2[c-]c3c4c5[c-]c6C(=O)C7(c8ccccc8)C(=NC8(c9ccccn9)c9c1c1c2c2c3c3c%10c4c4c%11c5c5c6c6c%12C%13=C%14C%15=C%16C%17=C%18C(=C%19C3=C2C2=C3C%19=C%18C%18=C%16c%16c%14c%12c(c%12c%16c%18c3c(c12)c9%12)c8c76)C%10=C4C%17=C%15C%11=C5%13)c1ccccc1,"[7, 3, 10]","[{'functional_group': 'ketone', 'smiles_inds': [17]}]",0.9874152204681844
0,top,O=C1N2CN3C4C5N(CN6C7C8N(CN9C%10C%11N(CN%12C%13C%14N(CN%15C%16C%17N(CN%18C%19C%20N(CN1C1C2N2CN4C(=O)N5CN7C(=O)N8CN%10C(=O)N%11CN%13C(=O)N%14CN%16C(=O)N%17CN%19C(=O)N%20CN1C2=O)C%18=O)C%15=O)C%12=O)C9=O)C6=O)C3=O,"[0, 73]","[{'functional_group': 'trifluro', 'smiles_inds': [11]}, {'functional_group': 'amide', 'smiles_inds': [23]}]",0.9875773302231063
0,top,O=C(NCCNC(=O)c1ccc(C(=O)NCCNC(=O)C2=C([O-])C(=O)C=CO2)c([O-])c1[O-])C1=C([O-])C(=O)C=CO1,"[36, 34, 31, 29, 22, 24]",[],0.9891730485106595
0,top,NC(=NN=C([O-])C(=NNC(=O)c1cccc(n1)C(=O)NN=C(C([O-])=NN=C(N)c1ccccn1)c1ccccc1)c1ccccc1)c1ccccn1,"[23, 5, 51, 2, 25, 33]","[{'functional_group': 'aldehyde', 'smiles_inds': [13]}, {'functional_group': 'amino', 'smiles_inds': [39]}]",0.9895399996755923
0,top,O=C1N2CN3C4C5N(CN6C7C8N(CN9C%10C%11N(CN%12C%13C%14N(CN%15C%16C%17N(CN1C1C2N2CN4C(=O)N5CN7C(=O)N8CN%10C(=O)N%11C4OC(N%13C(=O)N%14CN%16C(=O)N%17CN1C2=O)c1ccccc41)C%15=O)C%12=O)C9=O)C6=O)C3=O,"[75, 73]",[],0.9895754848922294
0,top,O=C1c2[c-]c3c4c5[c-]c6C(=O)C7(c8ccccc8)C(=NC8(c9ccccn9)c9c1c1c2c2c3c3c%10c4c4c%11c5c5c6c6c%12C%13=C%14C%15=C%16C%17=C%18C(=C%19C3=C2C2=C3C%19=C%18C%18=C%16c%16c%14c%12c(c%12c%16c%18c3c(c12)c9%12)c8c76)C%10=C4C%17=C%15C%11=C5%13)c1ccccc1,"[7, 3, 10]",[],0.989622333298453
0,top,N1C(c2ccccn2)C23C4=C5C6=C7C8=C9c%10c%11c%12c%13c%14c%10c8c8c%10c%14c%14c%13c%13c%15c%12c%12c%11c%11C9=C6C6=C4C4=C9c(c%12c%12c%15c%15c%13c%13c%14c%14c%10c%10c8c7c5c5c%10c7c%14c%13c8c%15c(c9%12)C(=C24)c8c7C35C1c1ccccn1)c%116,[0],"[{'functional_group': 'chloro', 'smiles_inds': [69]}, {'functional_group': 'chloro', 'smiles_inds': [71]}, {'functional_group': 'tribromo', 'smiles_inds': [70]}]",0.9896481079230198
0,top,O=C1c2[c-]c3c4c5[c-]c6C(=O)C7(c8ccccc8)C(=NC8(c9ccccn9)c9c1c1c2c2c3c3c%10c4c4c%11c5c5c6c6c%12C%13=C%14C%15=C%16C%17=C%18C(=C%19C3=C2C2=C3C%19=C%18C%18=C%16c%16c%14c%12c(c%12c%16c%18c3c(c12)c9%12)c8c76)C%10=C4C%17=C%15C%11=C5%13)c1ccccc1,"[7, 3, 10]","[{'functional_group': 'cyano', 'smiles_inds': [14]}]",0.9906249198840887
0,top,O=C1c2[c-]c3c4c5[c-]c6C(=O)C7(c8ccccc8)C(=NC8(c9ccccn9)c9c1c1c2c2c3c3c%10c4c4c%11c5c5c6c6c%12C%13=C%14C%15=C%16C%17=C%18C(=C%19C3=C2C2=C3C%19=C%18C%18=C%16c%16c%14c%12c(c%12c%16c%18c3c(c12)c9%12)c8c76)C%10=C4C%17=C%15C%11=C5%13)c1ccccc1,"[7, 3, 10]","[{'functional_group': 'cyano', 'smiles_inds': [25]}]",0.9906249198840887
0,top,CC1(N=C(c2ccccc2)C23C4=C5C6=C7C8=C9C%10=C%11C%12=C%13C%14=C%11C8=C6C6=C4C4=C8C%11=C%15C%16=C(C%17=C%12C%12=C%10C%10=C9C9=C7C7=C5C2=C2C5=C%18C%19=C%20C(=C%12C%17=C%12C%20=C%17C(=C%16%12)C%11=C(C2=C%18%17)C138)C%10=C%19C9=C75)C%13=C%15C4=C%146)C(=O)[O-],"[72, 2]","[{'functional_group': 'chloro', 'smiles_inds': [9]}]",0.991134891844903
0,top,O=C1N2CN3C4C5N(CN6C7C8N(CN9C%10C%11N(CN%12C%13C%14N(CN%15C%16C%17N(CN1C1C2N2CN4C(=O)N5CN7C(=O)N8CN%10C(=O)N%11CN%13C(=O)N%14CN%16C(=O)N%17CN1C2=O)C%15=O)C%12=O)C9=O)C6=O)C3=O,"[65, 67, 69]",[],0.9918278329882029
1,bottom,CP(CCP(C)c1c(cc(cc1C([Si](C)(C)C)[Si](C)(C)C)C([Si](C)(C)C)([Si](C)(C)C)[Si](C)(C)C)C([Si](C)(C)C)[Si](C)(C)C)c1c(cc(cc1C([Si](C)(C)C)[Si](C)(C)C)C([Si](C)(C)C)([Si](C)(C)C)[Si](C)(C)C)C([Si-](C)C)[Si](C)(C)C,"[4, 72, 1]","[{'functional_group': 'amino', 'smiles_inds': [25]}]",3.3521897856882743e-16
1,bottom,C[Si](C)(C)C(c1cc(C([Si](C)(C)C)[Si](C)(C)C)c(Sc2ccccc2Sc2ccccc2Sc2ccccc2Sc2c(cc(cc2C([Si](C)(C)C)[Si](C)(C)C)C([Si](C)(C)C)[Si](C)(C)C)C([Si](C)(C)C)[Si](C)(C)C)c(c1)C([Si](C)(C)C)[Si](C)(C)C)[Si](C)(C)C,"[25, 32]",[],2.6120708432110655e-15
1,bottom,C[Si](C)(C)C(c1cc(C([Si](C)(C)C)[Si](C)(C)C)c([Se]c2ccccc2Sc2ccccc2Sc2ccccc2[Se]c2c(cc(cc2C([Si](C)(C)C)[Si](C)(C)C)C([Si](C)(C)C)[Si](C)(C)C)C([Si](C)(C)C)[Si](C)(C)C)c(c1)C([Si](C)(C)C)[Si](C)(C)C)[Si](C)(C)C,"[25, 32]",[],8.427133378894835e-15
1,bottom,C[Si](C)(C)C(c1cc(C([Si](C)(C)C)[Si](C)(C)C)c(Sc2ccccc2[Se]c2ccccc2[Se]c2ccccc2Sc2c(cc(cc2C([Si](C)(C)C)[Si](C)(C)C)C([Si](C)(C)C)[Si](C)(C)C)C([Si](C)(C)C)[Si](C)(C)C)c(c1)C([Si](C)(C)C)[Si](C)(C)C)[Si](C)(C)C,"[25, 32]","[{'functional_group': 'phosphonate', 'smiles_inds': [55]}]",1.0603173656303505e-14
1,bottom,CCCC[P](CCCC)(CCCC)CCP(CCP(CCP(CC[P](CCCC)(CCCC)CCCC)CC[P](CCCC)(CCCC)CCCC)c1ccccc1)CC[P](CCCC)(CCCC)CCCC,"[15, 18, 21]","[{'functional_group': 'ethyl', 'smiles_inds': [38]}, {'functional_group': 'amide', 'smiles_inds': [37]}]",1.5641781083774618e-13
1,bottom,C[Si](C)(C)c1cc(cc(c1)[Si](C)(C)C)C(C(=O)Nc1cccc(NC(=O)C(c2cc(cc(c2)[Si](C)(C)C)[Si](C)(C)C)(c2cc(cc(c2)[Si](C)(C)C)[Si](C)(C)C)c2cc(cc(c2)[Si](C)(C)C)[Si](C)(C)C)c1[S-])(c1cc(cc(c1)[Si](C)(C)C)[Si](C)(C)C)c1cc(cc(c1)[Si](C)(C)C)[Si](C)(C)C,"[70, 16]",[],3.2828853288883515e-13
1,bottom,CC(C)(C)c1cc2c(OP(Oc3c2cc(cc3C(C)(C)C)C(C)(C)C)O[Si]2(O[Si]3(O[Si](OP4Oc5c(cc(cc5C(C)(C)C)C(C)(C)C)c5cc(cc(c5O4)C(C)(C)C)C(C)(C)C)(O[Si]4(O[Si](O3)(O[Si](O2)(O[Si](O4)(O[Si](C)(c2ccccc2)c2ccccc2)C2CCCC2)C2CCCC2)C2CCCC2)C2CCCC2)C2CCCC2)C2CCCC2)C2CCCC2)c(c1)C(C)(C)C,"[9, 32]","[{'functional_group': 'cyano', 'smiles_inds': [114]}]",1.3421368561959082e-10
1,bottom,C[Si](C)(C)c1cc(cc(c1)[Si](C)(C)C)P(c1cc(cc(c1)[Si](C)(C)C)[Si](C)(C)C)c1ccccc1P(c1cc(cc(c1)[Si](C)(C)C)[Si](C)(C)C)c1cc(cc(c1)[Si](C)(C)C)[Si](C)(C)C,"[35, 14]",[],4.0714970587299035e-10
1,bottom,CCC(C)(C)c1cc(C(c2cc(cc(c2OCCN(C)C(=O)CP(=O)(c2ccccc2)c2ccccc2)C(C)(C)CC)C(C)(C)CC)c2cc(cc(c2OCCN(C)C(=O)CP(=O)(c2ccccc2)c2ccccc2)C(C)(C)CC)C(C)(C)CC)c(OCCN(C)C(=O)CP(=O)(c2ccccc2)c2ccccc2)c(c1)C(C)(C)CC,"[21, 24, 59, 62, 92, 95]","[{'functional_group': 'ethyl_ester', 'smiles_inds': [101]}, {'functional_group': 'tribromo', 'smiles_inds': [77]}]",6.647962691913758e-10
1,bottom,CCC(C)(C)c1cc(C(c2cc(cc(c2OCCCNC(=O)CP(=S)(c2ccccc2)c2ccccc2)C(C)(C)CC)C(C)(C)CC)c2cc(cc(c2OCCCNC(=O)CP(=S)(c2ccccc2)c2ccccc2)C(C)(C)CC)C(C)(C)CC)c(OCCCNC(=O)CP(=S)(c2ccccc2)c2ccccc2)c(c1)C(C)(C)CC,"[21, 59, 92]","[{'functional_group': 'carboxyl', 'smiles_inds': [56]}]",2.7636281185055305e-09
1,bottom,CC(C)(C)c1cc2c3cc(cc4c5cc(cc6c7cc(cc8c9cc(cc%10c%11cc(cc%12c(c1)c2c1c(c34)c(c56)c(c78)c(c9%10)c1c%11%12)C(C)(C)C)C(C)(C)C)C(C)(C)C)C(C)(C)C)P(c1cc2c3cc(cc4c5cc(cc6c7cc(cc8c9cc(cc%10c%11cc(cc%12c(c1)c2c1c(c34)c(c56)c(c78)c(c9%10)c1c%11%12)C(C)(C)C)C(C)(C)C)C(C)(C)C)C(C)(C)C)C(C)(C)C)c1cc2c3cc(cc4c5cc(cc6c7cc(cc8c9cc(cc%10c%11cc(cc%12c(c1)c2c1c(c34)c(c56)c(c78)c(c9%10)c1c%11%12)C(C)(C)C)C(C)(C)C)C(C)(C)C)C(C)(C)C)C(C)(C)C,[62],[],3.4776424571470613e-09
1,bottom,CC(C)(C)c1cc2c3cc(cc4c5cc(cc6c7cc(cc8c9cc(cc%10c%11cc(cc%12c(c1)c2c1c(c34)c(c56)c(c78)c(c9%10)c1c%11%12)C(C)(C)C)C(C)(C)C)C(C)(C)C)C(C)(C)C)P(c1cc2c3cc(cc4c5cc(cc6c7cc(cc8c9cc(cc%10c%11cc(cc%12c(c1)c2c1c(c34)c(c56)c(c78)c(c9%10)c1c%11%12)C(C)(C)C)C(C)(C)C)C(C)(C)C)C(C)(C)C)C(C)(C)C)c1cc2c3cc(cc4c5cc(cc6c7cc(cc8c9cc(cc%10c%11cc(cc%12c(c1)c2c1c(c34)c(c56)c(c78)c(c9%10)c1c%11%12)C(C)(C)C)C(C)(C)C)C(C)(C)C)C(C)(C)C)C(C)(C)C,[62],"[{'functional_group': '2-hydroxypyridine', 'smiles_inds': [107]}]",3.5156093341530904e-09
1,bottom,C1CCCCCCCCCCCP2CCCCCCCCCCCCCCCCCCCCCCP(CCCCCCCCCC1)CCCCCCCCCCCCCCCCCCCCCC2,"[12, 35]",[],3.949965072424384e-09
1,bottom,C[Si](C)(CCC(F)(F)C(F)(F)C(F)(F)C(F)(F)C(F)(F)C(F)(F)F)c1ccc(cc1)P(CCP(c1ccc(cc1)[Si](C)(C)CCC(F)(F)C(F)(F)C(F)(F)C(F)(F)C(F)(F)C(F)(F)F)c1ccc(cc1)[Si](C)(C)CCC(F)(F)C(F)(F)C(F)(F)C(F)(F)C(F)(F)C(F)(F)F)c1ccc(cc1)[Si](C)(C)CCC(F)(F)C(F)(F)C(F)(F)C(F)(F)C(F)(F)C(F)(F)F,"[30, 33]",[],6.490086255352225e-09
1,bottom,I[Te]1(O[Te]2(O[Te](O[Te]3(O[Te](I)(O[Te]4(O[Te](I)(O[Te]5(O[Te](O[Te]6(O[Te](I)(O[Te](O1)(O[Te]1(O[Te](O2)(O[Te](O3)(O[Te](O4)(O[Te](O5)(O[Te](O6)(O1)c1ccccc1)c1ccccc1)c1ccccc1)c1ccccc1)c1ccccc1)c1ccccc1)c1ccccc1)c1ccccc1)c1ccccc1)c1ccccc1)c1ccccc1)c1ccccc1)c1ccccc1)c1ccccc1)c1ccccc1)c1ccccc1)c1ccccc1)c1ccccc1,"[33, 39, 42, 30, 36, 45]",[],1.2424682178026076e-08
1,bottom,CP(C)c1c(cc(cc1C([Si](C)(C)C)[Si](C)(C)C)C([Si](C)(C)C)([Si](C)(C)C)[Si](C)(C)C)C([Si](C)(C)C)[Si](C)(C)C,[1],"[{'functional_group': 'bromo', 'smiles_inds': [25]}]",1.298285798748186e-08
1,bottom,CC(C)(C)c1cc2c(OP(OC3C(CO[Si](c4ccccc4)(c4ccccc4)C(C)(C)C)OC(CO[Si](c4ccccc4)(c4ccccc4)C(C)(C)C)C3OP3Oc4c(cc(cc4C(C)(C)C)C(C)(C)C)c4cc(cc(c4O3)C(C)(C)C)C(C)(C)C)Oc3c2cc(cc3C(C)(C)C)C(C)(C)C)c(c1)C(C)(C)C,"[9, 55]","[{'functional_group': 'phenyl', 'smiles_inds': [105]}]",1.4985542694527063e-08
1,bottom,I[Te]1(O[Te]2(O[Te](O[Te]3(O[Te](I)(O[Te]4(O[Te](I)(O[Te]5(O[Te](O[Te]6(O[Te](I)(O[Te](O1)(O[Te]1(O[Te](O2)(O[Te](O3)(O[Te](O4)(O[Te](O5)(O[Te](O6)(O1)c1ccccc1)c1ccccc1)c1ccccc1)c1ccccc1)c1ccccc1)c1ccccc1)c1ccccc1)c1ccccc1)c1ccccc1)c1ccccc1)c1ccccc1)c1ccccc1)c1ccccc1)c1ccccc1)c1ccccc1)c1ccccc1)c1ccccc1)c1ccccc1,"[33, 39, 42, 30, 36, 45]","[{'functional_group': 'bromo', 'smiles_inds': [141]}]",1.600297917039968e-08
1,bottom,CC(C)(C)c1cc(C(c2cc(cc(c2OCCNC(=O)CP(=O)(c2ccccc2)c2ccccc2)C(C)(C)C)C(C)(C)C)c2cc(cc(c2OCCNC(=O)CP(=O)(c2ccccc2)c2ccccc2)C(C)(C)C)C(C)(C)C)c(OCCNC(=O)CP(=O)(c2ccccc2)c2ccccc2)c(c1)C(C)(C)C,"[19, 22, 54, 57, 84, 87]","[{'functional_group': 'aldehyde', 'smiles_inds': [9]}, {'functional_group': 'ethyl_ester', 'smiles_inds': [104]}]",1.923283944769583e-08
1,bottom,I[Te]1(O[Te]2(O[Te](O[Te]3(O[Te](I)(O[Te]4(O[Te](I)(O[Te]5(O[Te](O[Te]6(O[Te](I)(O[Te](O1)(O[Te]1(O[Te](O2)(O[Te](O3)(O[Te](O4)(O[Te](O5)(O[Te](O6)(O1)c1ccccc1)c1ccccc1)c1ccccc1)c1ccccc1)c1ccccc1)c1ccccc1)c1ccccc1)c1ccccc1)c1ccccc1)c1ccccc1)c1ccccc1)c1ccccc1)c1ccccc1)c1ccccc1)c1ccccc1)c1ccccc1)c1ccccc1)c1ccccc1,"[33, 39, 42, 30, 36, 45]","[{'functional_group': 'amino', 'smiles_inds': [95]}]",1.9771499867349743e-08
1,median,CC([O-])=CC(C)=Nc1ccc2ccccc2c1,"[2, 6]",[],0.4252602639377725
1,median,CC(=O)NCc1ccnc(c1)c1cc(CNC(C)=O)ccn1,"[8, 21]","[{'functional_group': 'carboxyl', 'smiles_inds': [15]}, {'functional_group': 'ether', 'smiles_inds': [19]}]",0.42528881489155057
1,median,CC(=O)NCc1ccnc(c1)c1cc(CNC(C)=O)ccn1,"[8, 21]","[{'functional_group': 'carboxyl', 'smiles_inds': [15]}, {'functional_group': 'ether', 'smiles_inds': [20]}]",0.42528881489155057
1,median,CSC1=C([S-])SCCS1,"[1, 4]",[],0.4253005933233649
1,median,CCSCCN,"[2, 5]","[{'functional_group': '2-methylbenzoic_acid', 'smiles_inds': [1]}, {'functional_group': 'tribromo', 'smiles_inds': [0]}, {'functional_group': '2-hydroxypyridine', 'smiles_inds': [3]}]",0.42530122351759003
1,median,CC(C)([S-])CSCC[S-],"[3, 5, 8]","[{'functional_group': 'amino', 'smiles_inds': [0]}, {'functional_group': 'trifluro', 'smiles_inds': [4]}]",0.4253114005135159
1,median,Fc1ccc(NC([S-])=NC(=O)c2ccccc2)cc1,"[7, 10]","[{'functional_group': 'methyl', 'smiles_inds': [3]}]",0.42533856009782967
1,median,Clc1cccc(Cl)c1N=Cc1ccccn1,"[8, 15]","[{'functional_group': '2-methylbenzoic_acid', 'smiles_inds': [3]}]",0.42533981766345313
1,median,CCSCCN,"[2, 5]","[{'functional_group': '2-methylbenzoic_acid', 'smiles_inds': [1]}, {'functional_group': 'chloro', 'smiles_inds': [0]}]",0.42534666409872357
1,median,CCSCCN,"[2, 5]","[{'functional_group': '2-methylbenzoic_acid', 'smiles_inds': [1]}, {'functional_group': 'chloro', 'smiles_inds': [4]}]",0.4253466640987237
1,median,O=Pc1ccccc1,[0],"[{'functional_group': 'methyl_ester', 'smiles_inds': [3]}]",0.4253695673560349
1,median,c1ccc(nc1)c1cc(cc(n1)c1ccccn1)c1ccc2ccc3cccc4ccc1c2c34,"[17, 11, 4]","[{'functional_group': 'carboxyllic_acid', 'smiles_inds': [2]}, {'functional_group': 'ethyl', 'smiles_inds': [20]}, {'functional_group': 'iodo', 'smiles_inds': [15]}]",0.42538545596210914
1,median,CC[NH+]=C(c1ccccc1)c1ccc(OC)cc1[O-],[18],"[{'functional_group': 'chloro', 'smiles_inds': [5]}]",0.4254015915690606
1,median,c1ccc2c(c1)cc1ccccc1c2c1cccc(n1)C1=CC=C([N-]1)c1cccc(n1)c1c2ccccc2cc2ccccc12,"[19, 24, 30]","[{'functional_group': 'phosphonate', 'smiles_inds': [33]}, {'functional_group': 'iodo', 'smiles_inds': [21]}]",0.4254161375044392
1,median,CC(C)(C)C1=CC(=N)C([O-])C(=C1)C(C)(C)C,"[9, 7]","[{'functional_group': 'hydroxyl', 'smiles_inds': [0]}, {'functional_group': 'phosphonate', 'smiles_inds': [3]}]",0.4254381710833435
1,median,CC1(C)COC(N1O)(c1ccccn1)c1ccccn1,"[6, 13, 19]",[],0.42557496199437234
1,median,C1N(c2ccccn2)C(=Nc2ccccn2)c2ccccc12,[7],[],0.4255973921442427
1,median,CC(CN(CCN(CC(C)=NO)CC(C)=NO)CC(C)=NO)=NO,"[22, 20, 3, 10, 15, 6]","[{'functional_group': 'cyano', 'smiles_inds': [2]}, {'functional_group': 'carboxyllic_acid', 'smiles_inds': [23]}]",0.4257102433832449
1,median,Cc1cccc(n1)C1=NC(CO1)C(C)(C)C,"[8, 6]",[],0.4257270431854098
1,median,O=N(=O)c1ccc(cc1)C=NCCCN1C=CN=C1,[17],"[{'functional_group': 'thiol', 'smiles_inds': [15]}]",0.4257322249409149
1,top,NCCN=C(N)NC(N)=N,"[0, 3, 9]",[],0.9784584934739876
1,top,NC([S-])=NN=CC(=O)[O-],"[2, 4, 8]","[{'functional_group': 'carboxylate', 'smiles_inds': [5]}]",0.9788144133107395
1,top,[NH3+]C1C(O)C([NH3+])C([O-])C(N)C1[O-],"[7, 11, 9]","[{'functional_group': 'carboxylate', 'smiles_inds': [0]}]",0.9789564267837749
1,top,[NH3+]C1C(O)C([NH3+])C([O-])C(N)C1[O-],"[7, 11, 9]","[{'functional_group': 'carboxylate', 'smiles_inds': [5]}]",0.9789564267837749
1,top,O=N(=O)c1ccc([O-])c(C=NN=C([O-])c2ccncc2)c1,"[13, 10, 7]","[{'functional_group': 'carboxylate', 'smiles_inds': [4]}, {'functional_group': 'cyano', 'smiles_inds': [16]}, {'functional_group': 'fluoro', 'smiles_inds': [5]}]",0.9793003785625878
1,top,O=C1NC2NC(=O)N3CN4C5C6N(CN7C8C9N(CN%10C%11C(NC%10=O)NC(=O)N%11CN9C(=O)N8CN6C4=O)C7=O)C(=O)N5CN1C23,"[41, 39]",[],0.9795173501696226
1,top,[NH3+]C1C(O)C([NH3+])C([O-])C(N)C1[O-],"[7, 11, 9]","[{'functional_group': 'amino', 'smiles_inds': [8]}]",0.9800995817945217
1,top,[NH3+]C1C(O)C([NH3+])C([O-])C(N)C1[O-],"[7, 11, 9]","[{'functional_group': 'amino', 'smiles_inds': [4]}]",0.9800995817945217
1,top,CCOC(=O)C12C(=O)OCc3ccc4OCCOCCOc5cc(COC(=O)C6(C(=O)OCC)C78c9c%10c%11c%12c%13c%14C%15=C%16c%17c%18c%19c%15c%13c%10c7c%19c7c%18c%10c%13c%17c%15C%16=C%16c%14c%14c%12c%12c%11c%11c%17c%18c%12c%12c%19c%18c%18c%20c%21c%22c(c%13c%13c(c%18%22)c%19C1(c%15%13)C2%16c%14%12)c%10c1c%21c(c(c%17%20)c9%11)C68c71)ccc5OCCOCCOc4c3,"[17, 20, 97, 100, 103, 14]","[{'functional_group': 'thiol', 'smiles_inds': [105]}, {'functional_group': 'ethyl', 'smiles_inds': [15]}]",0.9811257583140545
1,top,CN(N)C(=N)N=C(N)N,"[2, 4]","[{'functional_group': 'carboxylate', 'smiles_inds': [8]}]",0.9838024995845297
1,top,Nc1nc(N)nc(n1)c1cccc(n1)c1nc(N)nc(N)n1,"[13, 5, 15]",[],0.9838215953494439
1,top,O=C1N2CN3C4C5N(CN6C7C8N(CN9C%10C%11N(CN%12C%13C%14N(CN%15C%16C%17N(CN%18C%19C%20N(CN1C1C2N2CN4C(=O)N5CN7C(=O)N8CN%10C(=O)N%11CN%13C(=O)N%14CN%16C(=O)N%17CN%19C(=O)N%20CN1C2=O)C%18=O)C%15=O)C%12=O)C9=O)C6=O)C3=O,"[0, 73]","[{'functional_group': 'methyl_ester', 'smiles_inds': [20]}, {'functional_group': 'trichloro', 'smiles_inds': [21]}]",0.9842020642814674
1,top,[NH3+]C1C(O)C([NH3+])C([O-])C(N)C1[O-],"[7, 11, 9]","[{'functional_group': 'cyanimide', 'smiles_inds': [8]}, {'functional_group': 'amino', 'smiles_inds': [10]}]",0.9854237749719575
1,top,O=C1N2CN3C4C5N(CN6C7C8N(CN9C%10C%11N(CN%12C%13C%14N(CN%15C%16C%17N(CN%18C%19C%20N(CN1C1C2N2CN4C(=O)N5CN7C(=O)N8CN%10C(=O)N%11CN%13C(=O)N%14CN%16C(=O)N%17CN%19C(=O)N%20CN1C2=O)C%18=O)C%15=O)C%12=O)C9=O)C6=O)C3=O,"[0, 73]",[],0.9856930194921096
1,top,NC(=NN=C([O-])c1cc(Cl)cc(n1)C([O-])=NN=C(N)c1ccccn1)c1ccccn1,"[12, 5, 14]",[],0.9913558293826399
1,top,CCOC(=O)C1=C(OC23c4c5c6c7c8c9c%10C%11=C%12C%13=C%14C%15=C%16C%17=C%18C%19=C%20C%21=C(c4c4c6c8c6c%10C(=C%19c6c%214)C%17=C%11%15)C4=C6C%20=C%18C8=C%16c%10c%14c%11c%13c%13c(c9%12)c7c7c%13c9c%11c%11c%10c8c6c(c%11c9c2c57)C134)c1ccncc1,[71],"[{'functional_group': 'iodo', 'smiles_inds': [72]}, {'functional_group': 'carboxyllic_acid', 'smiles_inds': [0]}, {'functional_group': 'phenyl', 'smiles_inds': [70]}]",0.9982138189164375
1,top,Cc1ccc(N)c(c1)C1=C2C(=O)C3=C4C5=C6C7=C8C9=C%10C%11=C%12C%13=C%10C%10=C8C8=C6C4(OOC(C)(C)C)C2=C(O1)C8(O)C%10=C1C(=O)OC2=C4OC(=O)C6=C([O-])c8c3c3c%10c%14c8C8=C%15C%16=C(C4=C68)C(=C%12C%16=C4C(=C%14%15)C6=C%10C(=C53)C7=C9C6=C%114)C2=C%131,"[5, 49, 52]",[],0.998313160464501
1,top,CCOC(=O)C1=C(OC23c4c5c6c7c8c9c%10C%11=C%12C%13=C%14C%15=C%16C%17=C%18C%19=C%20C%21=C(c4c4c6c8c6c%10C(=C%19c6c%214)C%17=C%11%15)C4=C6C%20=C%18C8=C%16c%10c%14c%11c%13c%13c(c9%12)c7c7c%13c9c%11c%11c%10c8c6c(c%11c9c2c57)C134)c1ccncc1,[71],[],0.998340631958299
1,top,C1N(CC23c4c5c6c7c8c9c%10c%11c%12c%13c%14c%10c%10c%15c%14c%14c%16c%13c%13c%12c%12c%17c%11c9c9c%11c%17c%17c%12c%12c%13c%13c%16c%16c%14c%14c%15c(c6c8%10)c4c%14c4c%16c6c%13c%12c8c%17c%10c%11c(c79)c5c2c%10c8c6C134)c1ccncc1,[1],"[{'functional_group': '2-hydroxypyridine', 'smiles_inds': [65]}, {'functional_group': 'methyl', 'smiles_inds': [0]}]",0.9985061255293223
1,top,O=C1c2[c-]c3c4c5[c-]c6C(=O)C7(c8ccccc8)C(=NC8(c9ccccn9)c9c1c1c2c2c3c3c%10c4c4c%11c5c5c6c6c%12C%13=C%14C%15=C%16C%17=C%18C(=C%19C3=C2C2=C3C%19=C%18C%18=C%16c%16c%14c%12c(c%12c%16c%18c3c(c12)c9%12)c8c76)C%10=C4C%17=C%15C%11=C5%13)c1ccccc1,"[7, 3, 10]",[],0.9995495391202055
2,bottom,C[Si](C)(C)c1cc(cc(c1)[Si](C#CP(C#C[Si](c1cc(cc(c1)[Si](C)(C)C)[Si](C)(C)C)(c1cc(cc(c1)[Si](C)(C)C)[Si](C)(C)C)c1cc(cc(c1)[Si](C)(C)C)[Si](C)(C)C)C#C[Si](c1cc(cc(c1)[Si](C)(C)C)[Si](C)(C)C)(c1cc(cc(c1)[Si](C)(C)C)[Si](C)(C)C)c1cc(cc(c1)[Si](C)(C)C)[Si](C)(C)C)(c1cc(cc(c1)[Si](C)(C)C)[Si](C)(C)C)c1cc(cc(c1)[Si](C)(C)C)[Si](C)(C)C)[Si](C)(C)C,[13],"[{'functional_group': 'trifluro', 'smiles_inds': [88]}]",4.502287560742035e-18
2,bottom,C[Si](C)(C)c1cc(cc(c1)[Si](C#CP(C#C[Si](c1cc(cc(c1)[Si](C)(C)C)[Si](C)(C)C)(c1cc(cc(c1)[Si](C)(C)C)[Si](C)(C)C)c1cc(cc(c1)[Si](C)(C)C)[Si](C)(C)C)C#C[Si](c1cc(cc(c1)[Si](C)(C)C)[Si](C)(C)C)(c1cc(cc(c1)[Si](C)(C)C)[Si](C)(C)C)c1cc(cc(c1)[Si](C)(C)C)[Si](C)(C)C)(c1cc(cc(c1)[Si](C)(C)C)[Si](C)(C)C)c1cc(cc(c1)[Si](C)(C)C)[Si](C)(C)C)[Si](C)(C)C,[13],[],5.3779883603435956e-18
2,bottom,CP(CCP(C)c1c(cc(cc1C([Si](C)(C)C)[Si](C)(C)C)C([Si](C)(C)C)([Si](C)(C)C)[Si](C)(C)C)C([Si](C)(C)C)[Si](C)(C)C)c1c(cc(cc1C([Si](C)(C)C)[Si](C)(C)C)C([Si](C)(C)C)([Si](C)(C)C)[Si](C)(C)C)C([Si-](C)C)[Si](C)(C)C,"[4, 72, 1]","[{'functional_group': '2-methylbenzoic_acid', 'smiles_inds': [66]}]",6.807024135520453e-15
2,bottom,C[Si](C)(C)C(c1cc(C([Si](C)(C)C)[Si](C)(C)C)c(Sc2ccccc2[Se]c2ccccc2[Se]c2ccccc2Sc2c(cc(cc2C([Si](C)(C)C)[Si](C)(C)C)C([Si](C)(C)C)[Si](C)(C)C)C([Si](C)(C)C)[Si](C)(C)C)c(c1)C([Si](C)(C)C)[Si](C)(C)C)[Si](C)(C)C,"[25, 32]",[],2.749081092305428e-13
2,bottom,CCCC[P](CCCC)(CCCC)CCP(CCP(CCP(CC[P](CCCC)(CCCC)CCCC)CC[P](CCCC)(CCCC)CCCC)c1ccccc1)CC[P](CCCC)(CCCC)CCCC,"[15, 18, 21]","[{'functional_group': '2-hydroxypyridine', 'smiles_inds': [54]}]",1.0636409810133238e-12
2,bottom,C[Si](C)(C)C(c1cc(C([Si](C)(C)C)[Si](C)(C)C)c([Se]c2ccccc2[Se]c2ccccc2[Se]c2ccccc2[Se]c2c(cc(cc2C([Si](C)(C)C)[Si](C)(C)C)C([Si](C)(C)C)[Si](C)(C)C)C([Si](C)(C)C)[Si](C)(C)C)c(c1)C([Si](C)(C)C)[Si](C)(C)C)[Si](C)(C)C,"[25, 32]",[],1.5099053679765564e-12
2,bottom,CCC(C)(C)c1cc(C(c2cc(cc(c2OCCNC(=O)CP(=O)(c2ccccc2)c2ccccc2)C(C)(C)CC)C(C)(C)CC)c2cc(cc(c2OCCNC(=O)CP(=O)(c2ccccc2)c2ccccc2)C(C)(C)CC)C(C)(C)CC)c(OCCNC(=O)CP(=O)(c2ccccc2)c2ccccc2)c(c1)C(C)(C)CC,"[20, 23, 57, 60, 89, 92]","[{'functional_group': 'ketone', 'smiles_inds': [42]}, {'functional_group': 'phenyl', 'smiles_inds': [55]}]",1.1884130958252238e-09
2,bottom,CCC(C)(C)c1cc(C(c2cc(cc(c2OCCN(C)C(=O)CP(=O)(c2ccccc2)c2ccccc2)C(C)(C)CC)C(C)(C)CC)c2cc(cc(c2OCCN(C)C(=O)CP(=O)(c2ccccc2)c2ccccc2)C(C)(C)CC)C(C)(C)CC)c(OCCN(C)C(=O)CP(=O)(c2ccccc2)c2ccccc2)c(c1)C(C)(C)CC,"[21, 24, 59, 62, 92, 95]",[],1.3004692993115261e-09
2,bottom,COCC1OC2OC3C(COC)OC(OC4C(COC)OC(OC5C(COC)OC(OC6C(COC)OC(OC7C(COC)OC(OC8C(COC)OC(OC1C(OC)C2OC)C(OC)C8OC)C(OC)C7OC)C(OC)C6OCc1cncc(COC2C(OC)C6OC(COC)C2OC2OC(COC)C(OC7OC(COC)C(OC8OC(COC)C(OC9OC(COC)C(OC%10OC(COC)C(OC%11OC(COC)C(O6)C(OC)C%11OC)C(OC)C%10OC)C(OC)C9OC)C(OC)C8OC)C(OC)C7OC)C(OC)C2OC)c1)C(OC)C5OC)C(OC)C4OC)C(OC)C3OC,[82],[],1.1959293009606332e-08
2,bottom,C[Si](C)(C)C(S[Ge](SC([Si](C)(C)C)([Si](C)(C)C)[Si](C)(C)C)SC([Si](C)(C)C)([Si](C)(C)C)[Si](C)(C)C)([Si](C)(C)C)[Si](C)(C)C,"[5, 7, 21]",[],2.14926688408807e-08
2,bottom,CCCCCC1c2cc3C(CCCCC)c4cc5C(CCCCC)c6cc7C(CCCCC)c8cc1c1OCOc2cc3OCOc4c(P(c2ccccc2)c2ccccc2)c5OCOc6cc7OCOc8c1OCc1cccc(COc2c3OCOc4cc5OCOc6c7cc8C(CCCCC)c9cc%10C(CCCCC)c(cc3C(CCCCC)c4cc5C7CCCCC)c2OCOc%10cc9OCOc8c6P(c2ccccc2)c2ccccc2)c1,"[48, 142]","[{'functional_group': 'aldehyde', 'smiles_inds': [100]}, {'functional_group': 'ethyl', 'smiles_inds': [80]}]",3.082891789967221e-08
2,bottom,CC(C)(C)c1cc(C(c2cc(cc(c2OCCNC(=O)CP(=O)(c2ccccc2)c2ccccc2)C(C)(C)C)C(C)(C)C)c2cc(cc(c2OCCNC(=O)CP(=O)(c2ccccc2)c2ccccc2)C(C)(C)C)C(C)(C)C)c(OCCNC(=O)CP(=O)(c2ccccc2)c2ccccc2)c(c1)C(C)(C)C,"[19, 22, 54, 57, 84, 87]",[],3.426886997664463e-08
2,bottom,CCCCCC1c2cc3C(CCCCC)c4cc5C(CCCCC)c6cc7C(CCCCC)c8cc1c1OCOc2cc3OCOc4c(P(c2ccccc2)c2ccccc2)c5OCOc6cc7OCOc8c1OCc1cccc(COc2c3OCOc4cc5OCOc6c7cc8C(CCCCC)c9cc%10C(CCCCC)c(cc3C(CCCCC)c4cc5C7CCCCC)c2OCOc%10cc9OCOc8c6P(c2ccccc2)c2ccccc2)c1,"[48, 142]",[],5.6620468965994255e-08
2,bottom,Cc1cc(C(c2ccc(cc2)C2CCCCC2)c2ccc(cc2)C2CCCCC2)c(N=C(C)C(C)=Nc2c(cc(C)cc2C(c2ccc(cc2)C2CCCCC2)c2ccc(cc2)C2CCCCC2)C(c2ccc(cc2)C2CCCCC2)c2ccc(cc2)C2CCCCC2)c(c1)C(c1ccc(cc1)C1CCCCC1)c1ccc(cc1)C1CCCCC1,"[30, 35]",[],6.252324425337517e-08
2,bottom,C1CCC(CC1)B(CCCP(CCCB(C1CCCCC1)C1CCCCC1)CCP(CCCB(C1CCCCC1)C1CCCCC1)CCCB(C1CCCCC1)C1CCCCC1)C1CCCCC1,"[10, 29]",[],6.430825008452157e-08
2,bottom,Cc1cc(C(c2ccc(cc2)C(C)(C)C)c2ccc(cc2)C(C)(C)C)c(N=C2c3cccc4cccc(C2=Nc2c(cc(C)cc2C(c2ccc(cc2)C(C)(C)C)c2ccc(cc2)C(C)(C)C)C(c2ccc(cc2)C(C)(C)C)c2ccc(cc2)C(C)(C)C)c34)c(c1)C(c1ccc(cc1)C(C)(C)C)c1ccc(cc1)C(C)(C)C,"[38, 26]","[{'functional_group': 'ketone', 'smiles_inds': [43]}]",6.78685066601529e-08
2,bottom,CC(C)(C)c1ccc(cc1)C(c1ccc(cc1)C(C)(C)C)c1cc(F)cc(C(c2ccc(cc2)C(C)(C)C)c2ccc(cc2)C(C)(C)C)c1N=C1c2cccc3cccc(C1=Nc1c(cc(F)cc1C(c1ccc(cc1)C(C)(C)C)c1ccc(cc1)C(C)(C)C)C(c1ccc(cc1)C(C)(C)C)c1ccc(cc1)C(C)(C)C)c23,"[61, 49]","[{'functional_group': 'phenyl', 'smiles_inds': [36]}, {'functional_group': 'fluoro', 'smiles_inds': [69]}]",1.0007050796976154e-07
2,bottom,C1CCCP(CCCCCCC=CCCCCCCP(CCCCCCC=CCCCCCCP(CCCCCCC=CCC1)c1ccccc1)c1ccccc1)c1ccccc1,"[4, 34, 19]",[],1.018178158331921e-07
2,bottom,COc1c(cc(cc1C12CC3CC(CC(C3)C1)C2)P(c1cc(c(OC)c(c1)C12CC3CC(CC(C3)C1)C2)C12CC3CC(CC(C3)C1)C2)c1ccccc1CNc1cccc2CCC3(CCc4cccc(P(c5cc(cc(c5)C(C)(C)C)C(C)(C)C)c5cc(cc(c5)C(C)(C)C)C(C)(C)C)c34)c12)C12CC3CC(CC(C3)C1)C2,"[70, 18, 54]",[],1.409111202521266e-07
2,bottom,CC(C)(C)c1ccc(cc1)C(c1ccc(cc1)C(C)(C)C)c1cc(F)cc(C(c2ccc(cc2)C(C)(C)C)c2ccc(cc2)C(C)(C)C)c1N=C1c2cccc3cccc(C1=Nc1c(cc(F)cc1C(c1ccc(cc1)C(C)(C)C)c1ccc(cc1)C(C)(C)C)C(c1ccc(cc1)C(C)(C)C)c1ccc(cc1)C(C)(C)C)c23,"[61, 49]",[],2.1272680517731955e-07
2,median,[O-]c1ccc2ccccc2c1C=Nc1ncccc1OCc1ccccc1,"[0, 19, 12]",[],0.4650881285636809
2,median,COC(=O)[C-]=C(C(=O)OC)c1cccc2ccc3cccnc3c12,"[21, 4]","[{'functional_group': 'hydroxyl', 'smiles_inds': [16]}]",0.465095554166132
2,median,N(N=CN=Nc1ccccc1)c1ccccc1,"[1, 4]","[{'functional_group': 'iodo', 'smiles_inds': [16]}]",0.4651044394423972
2,median,COc1ccc(NC(C)=O)cc1,[9],[],0.46511119839292137
2,median,[NH3+]C12CNCCSCC(CO)(CSCCNC1)CSCCNC2,"[6, 12, 18, 3, 15, 21]","[{'functional_group': 'cyanimide', 'smiles_inds': [9]}, {'functional_group': 'carboxyl', 'smiles_inds': [11]}, {'functional_group': 'cyanimide', 'smiles_inds': [10]}]",0.4651369026999842
2,median,[NH3+]C12CNCCSCC(CO)(CSCCNC1)CSCCNC2,"[6, 12, 18, 3, 15, 21]","[{'functional_group': 'cyanimide', 'smiles_inds': [20]}, {'functional_group': 'carboxyllic_acid', 'smiles_inds': [7]}, {'functional_group': 'cyanimide', 'smiles_inds': [10]}]",0.4651369026999843
2,median,CC1=CC=C(O1)C=NNC(N)=S,"[11, 7]","[{'functional_group': 'amide', 'smiles_inds': [0]}, {'functional_group': '2-methylbenzoic_acid', 'smiles_inds': [10]}]",0.46515402624750696
2,median,Fc1ccc(CN=Cc2cccc(C=NCc3ccc(F)cc3)n2)cc1,"[23, 6, 14]","[{'functional_group': 'ethyl', 'smiles_inds': [9]}, {'functional_group': 'hydroxyl', 'smiles_inds': [24]}, {'functional_group': 'bromo', 'smiles_inds': [5]}]",0.4651792889538168
2,median,CC(N=Cc1ccccn1)c1ccc(F)cc1,"[9, 2]","[{'functional_group': 'cyanimide', 'smiles_inds': [6]}]",0.4651897633217892
2,median,CC(N=Cc1ccccn1)c1ccc(F)cc1,"[9, 2]","[{'functional_group': 'cyanimide', 'smiles_inds': [5]}]",0.4651897633217892
2,median,CC(N=Cc1ccccn1)c1ccc(F)cc1,"[9, 2]","[{'functional_group': 'cyanimide', 'smiles_inds': [16]}]",0.46518976332178924
2,median,Nc1ccc(cc1)c1ccnc(c1)c1ccccn1,"[18, 10]","[{'functional_group': 'amide', 'smiles_inds': [9]}, {'functional_group': 'methyl_ester', 'smiles_inds': [14]}]",0.4652226778712959
2,median,CC1=CC=CC(=S)N1,[6],"[{'functional_group': 'cyano', 'smiles_inds': [7]}]",0.4652567598485139
2,median,c1cc(ccn1)N=Nc1ccncc1,[5],"[{'functional_group': 'cyano', 'smiles_inds': [4]}]",0.46528432466991937
2,median,CC(N=CC1=NC=CN1CC(C)=C)c1ccc(Cl)cc1,"[5, 2]","[{'functional_group': 'tribromo', 'smiles_inds': [9]}, {'functional_group': 'tribromo', 'smiles_inds': [1]}, {'functional_group': 'bromo', 'smiles_inds': [6]}]",0.4652851108316493
2,median,Cc1cc(C)c(NC(=O)c2cccc3ccc(nc23)C2=Nc3ccccc3N2)c(C)c1,"[8, 17, 20]","[{'functional_group': 'iodo', 'smiles_inds': [2]}]",0.4653191534929743
2,median,[NH3+]C12CNCCSCC(CO)(CSCCNC1)CSCCNC2,"[6, 12, 18, 3, 15, 21]","[{'functional_group': 'carboxyllic_acid', 'smiles_inds': [19]}, {'functional_group': '2-hydroxypyridine', 'smiles_inds': [9]}, {'functional_group': 'carbonyl', 'smiles_inds': [7]}]",0.4653650594548418
2,median,c1ccc(nc1)c1cc(cc(n1)c1ccccn1)c1ccc(cc1)c1cc(nc(c1)c1ccccn1)c1ccccn1,"[17, 11, 4]","[{'functional_group': 'cyano', 'smiles_inds': [7]}, {'functional_group': 'cyano', 'smiles_inds': [9]}]",0.4654024156065345
2,median,CC(C)c1cccc(n1)c1ccccn1,"[14, 8]",[],0.46546382228464334
2,median,Cc1cc2NC(=Nc2cc1C)COCC1=Nc2ccccc2N1,"[12, 15, 6]","[{'functional_group': 'amide', 'smiles_inds': [8]}, {'functional_group': 'thiol', 'smiles_inds': [17]}]",0.4655219956571207
2,top,Nc1nc(N)nc(n1)c1cccc(n1)c1nc(N)nc(N)n1,"[13, 5, 15]",[],0.979794125011532
2,top,NC([S-])=NN=CC1=CNC(=O)N=C1[O-],"[2, 13, 4]","[{'functional_group': 'iodo', 'smiles_inds': [5]}]",0.9809873202098187
2,top,CC(=NNC(N)=S)c1cc[c-]c(n1)C(C)=NN=C(N)[S-],"[19, 15, 10]","[{'functional_group': 'methyl', 'smiles_inds': [9]}]",0.9822159560478962
2,top,O=C1Nc2nc3ccccc3nc2C(=N1)[O-],"[11, 15]","[{'functional_group': 'carboxylate', 'smiles_inds': [7]}, {'functional_group': 'bromo', 'smiles_inds': [9]}]",0.9833872452039059
2,top,O=C1N2CN3C4C5N(CN6C7C8N(CN9C%10C%11N(CN%12C%13C%14N(CN%15C%16C%17N(CN1C1C2N2CN4C(=O)N5CN7C(=O)N8CN%10C(=O)N%11CN%13C(=O)N%14CN%16C(=O)N%17CN1C2=O)C%15=O)C%12=O)C9=O)C6=O)C3=O,"[65, 67, 69]",[],0.9841289775624728
2,top,OC(=O)c1cc(cc(n1)C(O)=O)C#Cc1cc(nc(c1)C(=O)[O-])C(=O)[O-],"[17, 22, 25]","[{'functional_group': 'carboxylate', 'smiles_inds': [15]}, {'functional_group': 'carboxylate', 'smiles_inds': [10]}]",0.984247121427441
2,top,NC([S-])=NN=Cc1ccc(Cl)c[c-]1,"[2, 12, 4]","[{'functional_group': 'carboxylate', 'smiles_inds': [7]}]",0.9842756536270749
2,top,O=C([O-])C1=CSC(=N1)c1ccccn1,"[13, 7]","[{'functional_group': 'carboxylate', 'smiles_inds': [9]}, {'functional_group': 'phosphonate', 'smiles_inds': [4]}, {'functional_group': '2-hydroxypyridine', 'smiles_inds': [11]}, {'functional_group': '2-hydroxypyridine', 'smiles_inds': [12]}]",0.9844238903648896
2,top,CC(=NNC(N)=S)c1cc[c-]c(n1)C(C)=NN=C(N)[S-],"[19, 15, 10]",[],0.9849965825467799
2,top,NC(=NN=C([O-])c1cc(Cl)cc(n1)C([O-])=NN=C(N)c1ccccn1)c1ccccn1,"[12, 5, 14]",[],0.9861701528481347
2,top,Nc1nc([O-])c2nc(cnc2n1)C(=O)[O-],"[4, 14, 6]","[{'functional_group': 'bromo', 'smiles_inds': [8]}]",0.987305958116994
2,top,Fc1c(F)c(F)c(c(F)c1F)C1=C2C=CC(=N2)C(=C2C=C(N=C2C2=C(C=CN2)[C-](C2=CC=C1N2)c1c(F)c(F)c(F)c(F)c1F)C(=C1C=CC=N1)c1c(F)c(F)c(F)c(F)c1F)c1c(F)c(F)c(F)c(F)c1F,"[50, 21, 29]","[{'functional_group': '2-hydroxypyridine', 'smiles_inds': [13]}]",0.988339944683182
2,top,Fc1c(F)c(F)c(c(F)c1F)C1=C2C=CC(=N2)C(=C2C=C(N=C2C2=C(C=CN2)[C-](C2=CC=C1N2)c1c(F)c(F)c(F)c(F)c1F)C(=C1C=CC=N1)c1c(F)c(F)c(F)c(F)c1F)c1c(F)c(F)c(F)c(F)c1F,"[50, 21, 29]","[{'functional_group': 'trichloro', 'smiles_inds': [13]}]",0.9893868618234268
2,top,CCOC(=O)C1=C(OC23c4c5c6c7c8c9c%10C%11=C%12C%13=C%14C%15=C%16C%17=C%18C%19=C%20C%21=C(c4c4c6c8c6c%10C(=C%19c6c%214)C%17=C%11%15)C4=C6C%20=C%18C8=C%16c%10c%14c%11c%13c%13c(c9%12)c7c7c%13c9c%11c%11c%10c8c6c(c%11c9c2c57)C134)c1ccncc1,[71],[],0.9989817105401404
2,top,Cc1ccc(N)c(c1)C1=C2C(=O)C3=C4C5=C6C7=C8C9=C%10C%11=C%12C%13=C%10C%10=C8C8=C6C4(OOC(C)(C)C)C2=C(O1)C8(O)C%10=C1C(=O)OC2=C4OC(=O)C6=C([O-])c8c3c3c%10c%14c8C8=C%15C%16=C(C4=C68)C(=C%12C%16=C4C(=C%14%15)C6=C%10C(=C53)C7=C9C6=C%114)C2=C%131,"[5, 49, 52]",[],0.9990738414044066
2,top,CN1CC23c4c5c6c7c8c9c%10c%11c%12c%13c%14c%10c%10c%15c%14c%14c%16c%13c%13c%12c%12c%17c%11c9c9c%11c%17c%17c%12c%12c%13c%13c%16c%16c%14c%14c%15c(c6c8%10)c4c%14c4c%16c6c%13c%12c8c%17c%10c%11c(c79)c5c2c%10c8c6C34C1c1ccncc1,[67],"[{'functional_group': 'carbonyl', 'smiles_inds': [0]}]",0.9992512191110001
2,top,C1N(CC23c4c5c6c7c8c9c%10c%11c%12c%13c%14c%10c%10c%15c%14c%14c%16c%13c%13c%12c%12c%17c%11c9c9c%11c%17c%17c%12c%12c%13c%13c%16c%16c%14c%14c%15c(c6c8%10)c4c%14c4c%16c6c%13c%12c8c%17c%10c%11c(c79)c5c2c%10c8c6C134)c1ccncc1,[1],"[{'functional_group': 'bromo', 'smiles_inds': [67]}, {'functional_group': 'trichloro', 'smiles_inds': [65]}]",0.9994466935574098
2,top,CC1(N=C(c2ccccc2)C23C4=C5C6=C7C8=C9C%10=C%11C%12=C%13C%14=C%11C8=C6C6=C4C4=C8C%11=C%15C%16=C(C%17=C%12C%12=C%10C%10=C9C9=C7C7=C5C2=C2C5=C%18C%19=C%20C(=C%12C%17=C%12C%20=C%17C(=C%16%12)C%11=C(C2=C%18%17)C138)C%10=C%19C9=C75)C%13=C%15C4=C%146)C(=O)[O-],"[72, 2]",[],0.9996336634477726
2,top,O=C1c2[c-]c3c4c5[c-]c6C(=O)C7(c8ccccc8)C(=NC8(c9ccccn9)c9c1c1c2c2c3c3c%10c4c4c%11c5c5c6c6c%12C%13=C%14C%15=C%16C%17=C%18C(=C%19C3=C2C2=C3C%19=C%18C%18=C%16c%16c%14c%12c(c%12c%16c%18c3c(c12)c9%12)c8c76)C%10=C4C%17=C%15C%11=C5%13)c1ccccc1,"[7, 3, 10]","[{'functional_group': 'cyano', 'smiles_inds': [23]}]",0.9997232228458968
2,top,O=C1c2[c-]c3c4c5[c-]c6C(=O)C7(c8ccccc8)C(=NC8(c9ccccn9)c9c1c1c2c2c3c3c%10c4c4c%11c5c5c6c6c%12C%13=C%14C%15=C%16C%17=C%18C(=C%19C3=C2C2=C3C%19=C%18C%18=C%16c%16c%14c%12c(c%12c%16c%18c3c(c12)c9%12)c8c76)C%10=C4C%17=C%15C%11=C5%13)c1ccccc1,"[7, 3, 10]","[{'functional_group': 'phosphonate', 'smiles_inds': [25]}]",0.9998585644156699
3,bottom,C[Si](C)(C)c1cc(cc(c1)[Si](C#CP(C#C[Si](c1cc(cc(c1)[Si](C)(C)C)[Si](C)(C)C)(c1cc(cc(c1)[Si](C)(C)C)[Si](C)(C)C)c1cc(cc(c1)[Si](C)(C)C)[Si](C)(C)C)C#C[Si](c1cc(cc(c1)[Si](C)(C)C)[Si](C)(C)C)(c1cc(cc(c1)[Si](C)(C)C)[Si](C)(C)C)c1cc(cc(c1)[Si](C)(C)C)[Si](C)(C)C)(c1cc(cc(c1)[Si](C)(C)C)[Si](C)(C)C)c1cc(cc(c1)[Si](C)(C)C)[Si](C)(C)C)[Si](C)(C)C,[13],"[{'functional_group': 'ethyl_ester', 'smiles_inds': [53]}]",1.1551473755546584e-19
3,bottom,C[Si](C)(C)c1cc(cc(c1)[Si](C#CP(C#C[Si](c1cc(cc(c1)[Si](C)(C)C)[Si](C)(C)C)(c1cc(cc(c1)[Si](C)(C)C)[Si](C)(C)C)c1cc(cc(c1)[Si](C)(C)C)[Si](C)(C)C)C#C[Si](c1cc(cc(c1)[Si](C)(C)C)[Si](C)(C)C)(c1cc(cc(c1)[Si](C)(C)C)[Si](C)(C)C)c1cc(cc(c1)[Si](C)(C)C)[Si](C)(C)C)(c1cc(cc(c1)[Si](C)(C)C)[Si](C)(C)C)c1cc(cc(c1)[Si](C)(C)C)[Si](C)(C)C)[Si](C)(C)C,[13],"[{'functional_group': 'tribromo', 'smiles_inds': [133]}, {'functional_group': 'ketone', 'smiles_inds': [26]}]",1.5712508802935262e-19
3,bottom,CP(CCP(C)c1c(cc(cc1C([Si](C)(C)C)[Si](C)(C)C)C([Si](C)(C)C)([Si](C)(C)C)[Si](C)(C)C)C([Si](C)(C)C)[Si](C)(C)C)c1c(cc(cc1C([Si](C)(C)C)[Si](C)(C)C)C([Si](C)(C)C)([Si](C)(C)C)[Si](C)(C)C)C([Si-](C)C)[Si](C)(C)C,"[4, 72, 1]","[{'functional_group': 'trichloro', 'smiles_inds': [77]}]",8.85995779561952e-16
3,bottom,C[Si](C)(C)C(c1cc(C([Si](C)(C)C)[Si](C)(C)C)c(Sc2ccccc2Sc2ccccc2Sc2ccccc2Sc2c(cc(cc2C([Si](C)(C)C)[Si](C)(C)C)C([Si](C)(C)C)[Si](C)(C)C)C([Si](C)(C)C)[Si](C)(C)C)c(c1)C([Si](C)(C)C)[Si](C)(C)C)[Si](C)(C)C,"[25, 32]","[{'functional_group': 'methyl', 'smiles_inds': [21]}, {'functional_group': 'cyano', 'smiles_inds': [49]}, {'functional_group': 'trichloro', 'smiles_inds': [67]}]",5.09086951179765e-15
3,bottom,C[Si](C)(C)C(c1cc(C([Si](C)(C)C)[Si](C)(C)C)c(Sc2ccccc2Sc2ccccc2Sc2ccccc2Sc2c(cc(cc2C([Si](C)(C)C)[Si](C)(C)C)C([Si](C)(C)C)[Si](C)(C)C)C([Si](C)(C)C)[Si](C)(C)C)c(c1)C([Si](C)(C)C)[Si](C)(C)C)[Si](C)(C)C,"[25, 32]","[{'functional_group': 'bromo', 'smiles_inds': [4]}, {'functional_group': 'methyl_ester', 'smiles_inds': [23]}]",8.54636348834493e-15
3,bottom,C[Si](C)(C)C(c1cc(C([Si](C)(C)C)[Si](C)(C)C)c([Se]c2ccccc2Sc2ccccc2Sc2ccccc2[Se]c2c(cc(cc2C([Si](C)(C)C)[Si](C)(C)C)C([Si](C)(C)C)[Si](C)(C)C)C([Si](C)(C)C)[Si](C)(C)C)c(c1)C([Si](C)(C)C)[Si](C)(C)C)[Si](C)(C)C,"[25, 32]",[],3.44702695522784e-14
3,bottom,C[Si](C)(C)C(c1cc(C([Si](C)(C)C)[Si](C)(C)C)c([Se]c2ccccc2[Se]c2ccccc2[Se]c2ccccc2[Se]c2c(cc(cc2C([Si](C)(C)C)[Si](C)(C)C)C([Si](C)(C)C)[Si](C)(C)C)C([Si](C)(C)C)[Si](C)(C)C)c(c1)C([Si](C)(C)C)[Si](C)(C)C)[Si](C)(C)C,"[25, 32]","[{'functional_group': 'thiol', 'smiles_inds': [15]}]",1.6534441466424936e-13
3,bottom,CCCC[P](CCCC)(CCCC)CCP(CCP(CCP(CC[P](CCCC)(CCCC)CCCC)CC[P](CCCC)(CCCC)CCCC)c1ccccc1)CC[P](CCCC)(CCCC)CCCC,"[15, 18, 21]",[],3.804924514779924e-13
3,bottom,C[Si](C)(C)c1cc(cc(c1)[Si](C)(C)C)C(C(=O)Nc1cccc(NC(=O)C(c2cc(cc(c2)[Si](C)(C)C)[Si](C)(C)C)(c2cc(cc(c2)[Si](C)(C)C)[Si](C)(C)C)c2cc(cc(c2)[Si](C)(C)C)[Si](C)(C)C)c1[S-])(c1cc(cc(c1)[Si](C)(C)C)[Si](C)(C)C)c1cc(cc(c1)[Si](C)(C)C)[Si](C)(C)C,"[70, 16]",[],1.919092702074149e-12
3,bottom,CCC(C)(C)c1cc(C(c2cc(cc(c2OCCN(C)C(=O)CP(=O)(c2ccccc2)c2ccccc2)C(C)(C)CC)C(C)(C)CC)c2cc(cc(c2OCCN(C)C(=O)CP(=O)(c2ccccc2)c2ccccc2)C(C)(C)CC)C(C)(C)CC)c(OCCN(C)C(=O)CP(=O)(c2ccccc2)c2ccccc2)c(c1)C(C)(C)CC,"[21, 24, 59, 62, 92, 95]",[],5.140398702499625e-10
3,bottom,CCC(C)(C)c1cc(C(c2cc(cc(c2OCCN(C)C(=O)CP(=O)(c2ccccc2)c2ccccc2)C(C)(C)CC)C(C)(C)CC)c2cc(cc(c2OCCN(C)C(=O)CP(=O)(c2ccccc2)c2ccccc2)C(C)(C)CC)C(C)(C)CC)c(OCCN(C)C(=O)CP(=O)(c2ccccc2)c2ccccc2)c(c1)C(C)(C)CC,"[21, 24, 59, 62, 92, 95]","[{'functional_group': 'thiol', 'smiles_inds': [19]}]",6.380316321282906e-10
3,bottom,CCC(C)(C)c1cc(C(c2cc(cc(c2OCCCNC(=O)CP(=S)(c2ccccc2)c2ccccc2)C(C)(C)CC)C(C)(C)CC)c2cc(cc(c2OCCCNC(=O)CP(=S)(c2ccccc2)c2ccccc2)C(C)(C)CC)C(C)(C)CC)c(OCCCNC(=O)CP(=S)(c2ccccc2)c2ccccc2)c(c1)C(C)(C)CC,"[21, 59, 92]",[],1.1534399760146548e-09
3,bottom,C[Si](C)(C)c1cc(cc(c1)[Si](C)(C)C)P(c1cc(cc(c1)[Si](C)(C)C)[Si](C)(C)C)c1ccccc1P(c1cc(cc(c1)[Si](C)(C)C)[Si](C)(C)C)c1cc(cc(c1)[Si](C)(C)C)[Si](C)(C)C,"[35, 14]",[],1.3090367036208827e-09
3,bottom,CCC(C)(C)c1cc(C(c2cc(cc(c2OCCNC(=O)CP(=O)(c2ccccc2)c2ccccc2)C(C)(C)CC)C(C)(C)CC)c2cc(cc(c2OCCNC(=O)CP(=O)(c2ccccc2)c2ccccc2)C(C)(C)CC)C(C)(C)CC)c(OCCNC(=O)CP(=O)(c2ccccc2)c2ccccc2)c(c1)C(C)(C)CC,"[20, 23, 57, 60, 89, 92]","[{'functional_group': 'phenyl', 'smiles_inds': [66]}, {'functional_group': 'cyano', 'smiles_inds': [42]}]",1.4977289290116457e-09
3,bottom,CCC(C)(C)c1cc(C(c2cc(cc(c2OCCNC(=O)CP(=O)(c2ccccc2)c2ccccc2)C(C)(C)CC)C(C)(C)CC)c2cc(cc(c2OCCNC(=O)CP(=O)(c2ccccc2)c2ccccc2)C(C)(C)CC)C(C)(C)CC)c(OCCNC(=O)CP(=O)(c2ccccc2)c2ccccc2)c(c1)C(C)(C)CC,"[20, 23, 57, 60, 89, 92]",[],2.9693128915834415e-09
3,bottom,C[Si](C)(C)C(S[Ge](SC([Si](C)(C)C)([Si](C)(C)C)[Si](C)(C)C)SC([Si](C)(C)C)([Si](C)(C)C)[Si](C)(C)C)([Si](C)(C)C)[Si](C)(C)C,"[5, 7, 21]",[],5.326403615676776e-09
3,bottom,Cc1cc(C)c(B(CCCP(CCCB(c2c(C)cc(C)cc2C)c2c(C)cc(C)cc2C)CCP(CCCB(c2c(C)cc(C)cc2C)c2c(C)cc(C)cc2C)CCCB(c2c(C)cc(C)cc2C)c2c(C)cc(C)cc2C)c2c(C)cc(C)cc2C)c(C)c1,"[35, 10]","[{'functional_group': 'methyl', 'smiles_inds': [2]}]",5.6236685912275096e-09
3,bottom,Cc1cc(C)c(B(CCCP(CCCB(c2c(C)cc(C)cc2C)c2c(C)cc(C)cc2C)CCP(CCCB(c2c(C)cc(C)cc2C)c2c(C)cc(C)cc2C)CCCB(c2c(C)cc(C)cc2C)c2c(C)cc(C)cc2C)c2c(C)cc(C)cc2C)c(C)c1,"[35, 10]","[{'functional_group': 'trichloro', 'smiles_inds': [33]}]",5.810485370881165e-09
3,bottom,C[Si](C)(CCC(F)(F)C(F)(F)C(F)(F)C(F)(F)C(F)(F)C(F)(F)F)c1ccc(cc1)P(CCP(c1ccc(cc1)[Si](C)(C)CCC(F)(F)C(F)(F)C(F)(F)C(F)(F)C(F)(F)C(F)(F)F)c1ccc(cc1)[Si](C)(C)CCC(F)(F)C(F)(F)C(F)(F)C(F)(F)C(F)(F)C(F)(F)F)c1ccc(cc1)[Si](C)(C)CCC(F)(F)C(F)(F)C(F)(F)C(F)(F)C(F)(F)C(F)(F)F,"[30, 33]",[],6.985124541809255e-09
3,bottom,C1CCCCCCCCCCCP2CCCCCCCCCCCCCCCCCCCCCCP(CCCCCCCCCC1)CCCCCCCCCCCCCCCCCCCCCC2,"[12, 35]","[{'functional_group': '2-hydroxypyridine', 'smiles_inds': [55]}, {'functional_group': 'carbonyl', 'smiles_inds': [39]}]",1.2863536999848743e-08
3,median,CN(C)CCCNCCCN=Cc1ccccc1[O-],"[18, 10, 6]","[{'functional_group': 'ether', 'smiles_inds': [16]}]",0.45660351210315897
3,median,CCCCc1cnc(nc1)c1cccc(n1)N(C)[CH2-],"[18, 6, 16]","[{'functional_group': 'amino', 'smiles_inds': [5]}, {'functional_group': 'methyl_ester', 'smiles_inds': [12]}, {'functional_group': 'carboxyl', 'smiles_inds': [9]}]",0.4566160014744591
3,median,CC(C)(C)C1=CC(=N)C([O-])C(=C1)C(C)(C)C,"[9, 7]",[],0.45663475094764255
3,median,[nH+]1c2ccccc2nc2c1c1cccnc1c1ncccc21,"[14, 17]","[{'functional_group': 'ethyl', 'smiles_inds': [18]}, {'functional_group': 'phenyl', 'smiles_inds': [2]}]",0.45663489298802074
3,median,[nH+]1c2ccccc2nc2c1c1cccnc1c1ncccc21,"[14, 17]","[{'functional_group': 'ethyl', 'smiles_inds': [18]}, {'functional_group': 'phenyl', 'smiles_inds': [20]}]",0.4566348929880208
3,median,[nH+]1c2ccccc2nc2c1c1cccnc1c1ncccc21,"[14, 17]","[{'functional_group': 'ethyl', 'smiles_inds': [18]}, {'functional_group': 'phenyl', 'smiles_inds': [19]}]",0.4566348929880208
3,median,CC12CNCCNCC([NH2+]CC3=CSC=C3)(CNCCNC1)CNCCNC2,"[17, 26, 20, 6, 23, 3]","[{'functional_group': 'carboxylate', 'smiles_inds': [9]}, {'functional_group': '2-methylbenzoic_acid', 'smiles_inds': [16]}, {'functional_group': 'phosphonate', 'smiles_inds': [2]}]",0.45663973980000266
3,median,NC(CC1=CNc2ccccc12)C(=O)OCc1ccccc1,"[13, 0]",[],0.45665683816556896
3,median,CC(N=CC1=NC=CN1CC(C)=C)c1ccc(Cl)cc1,"[5, 2]","[{'functional_group': 'phosphonate', 'smiles_inds': [0]}, {'functional_group': 'trichloro', 'smiles_inds': [15]}, {'functional_group': 'cyanimide', 'smiles_inds': [9]}, {'functional_group': '2-hydroxypyridine', 'smiles_inds': [18]}]",0.45665937662583034
3,median,CC1=NN(C=C1)c1ccccn1,"[3, 2]",[],0.4566911651939492
3,median,Cc1ccc(cc1)N1C=NN=C1,[9],[],0.45669116519394926
3,median,Cc1cccc(n1)N1C=CC=N1,"[7, 11]",[],0.45669116519394937
3,median,COc1cccc(n1)C(OC)(c1ccccn1)c1ccccn1,"[7, 16, 22]","[{'functional_group': 'carbonyl', 'smiles_inds': [3]}]",0.45669861759469355
3,median,CC(N=Cc1ccccn1)c1ccc(F)cc1,"[9, 2]","[{'functional_group': 'fluoro', 'smiles_inds': [3]}]",0.4568605493421351
3,median,CCOC(=O)[C-](Cc1ccc2cccc([O-])c2n1)C(=O)OCC,"[5, 15, 17]","[{'functional_group': 'aldehyde', 'smiles_inds': [0]}]",0.45686429690770597
3,median,CCOC1=CC(=S)C2CCCC12,[6],"[{'functional_group': 'methyl', 'smiles_inds': [10]}]",0.4568657790473008
3,median,O=N(=O)c1ccc([O-])c(CN(CCC2=CNc3ccccc23)Cc2ccccn2)c1,"[7, 28, 10]","[{'functional_group': 'carbonyl', 'smiles_inds': [27]}]",0.45689321515324854
3,median,O=Cc1ccncc1,[5],"[{'functional_group': 'ethyl_ester', 'smiles_inds': [6]}, {'functional_group': 'ketone', 'smiles_inds': [4]}]",0.45690791400770614
3,median,COc1cc(nc2ccccc12)c1cc(OC)c2ccccc2n1,"[5, 23]","[{'functional_group': 'aldehyde', 'smiles_inds': [8]}, {'functional_group': 'thiol', 'smiles_inds': [7]}]",0.45691402967496436
3,median,CCN(C)CCN(C)CC,"[2, 6]","[{'functional_group': 'hydroxyl', 'smiles_inds': [1]}, {'functional_group': 'carboxylate', 'smiles_inds': [7]}, {'functional_group': 'ether', 'smiles_inds': [9]}]",0.45692101678273966
3,top,Cc1nc2nc(N)nc([O-])c2nc1C(=O)[O-],"[15, 9, 11]",[],0.9833390290001893
3,top,Cc1cc(C=NNC(N)=S)c([O-])c(C=NN=C(N)[S-])c1,"[18, 11, 14]",[],0.9843531616208638
3,top,NC(=S)NN=CC1=CNC(=O)N=C1[O-],"[2, 13, 4]",[],0.984841227591324
3,top,CC1=CC=C(O1)C=NNC(N)=S,"[11, 7]","[{'functional_group': 'phosphonate', 'smiles_inds': [10]}, {'functional_group': 'phosphonate', 'smiles_inds': [2]}, {'functional_group': 'amino', 'smiles_inds': [0]}, {'functional_group': 'amino', 'smiles_inds': [6]}]",0.985148277497166
3,top,CC1=CC=C(O1)C=NNC(N)=S,"[11, 7]","[{'functional_group': 'phosphonate', 'smiles_inds': [10]}, {'functional_group': 'phosphonate', 'smiles_inds': [2]}, {'functional_group': 'amino', 'smiles_inds': [0]}, {'functional_group': 'carbonyl', 'smiles_inds': [6]}, {'functional_group': 'fluoro', 'smiles_inds': [3]}, {'functional_group': 'carboxylate', 'smiles_inds': [8]}]",0.9856137278500702
3,top,Nc1nc([O-])c2nc(cnc2n1)C(=O)[O-],"[4, 14, 6]",[],0.9863681424961925
3,top,CC1=CC=C(O1)C=NNC(N)=S,"[11, 7]","[{'functional_group': 'phosphonate', 'smiles_inds': [10]}, {'functional_group': 'phosphonate', 'smiles_inds': [2]}, {'functional_group': 'amino', 'smiles_inds': [0]}, {'functional_group': 'carboxylate', 'smiles_inds': [6]}]",0.986444584700445
3,top,NC([S-])=NN=CC1=CNC(=O)N=C1[O-],"[2, 13, 4]",[],0.9872014852848454
3,top,NC(=NN=C([O-])c1cc(Cl)cc(n1)C([O-])=NN=C(N)c1ccccn1)c1ccccn1,"[12, 5, 14]",[],0.987446567835092
3,top,O=C(NCCNC(=O)c1ccc(C(=O)NCCNC(=O)C2=C([O-])C(=O)C=CO2)c([O-])c1[O-])C1=C([O-])C(=O)C=CO1,"[36, 34, 31, 29, 22, 24]",[],0.9893158616655658
3,top,COc1ccc2[C-]=C(C(C)=NN=C(N)[S-])C(=O)Oc2c1,"[14, 6, 10]","[{'functional_group': 'carboxylate', 'smiles_inds': [4]}, {'functional_group': 'iodo', 'smiles_inds': [9]}]",0.9896013804374798
3,top,Nc1nc([O-])c2nc(cnc2n1)C(=O)[O-],"[4, 14, 6]","[{'functional_group': 'bromo', 'smiles_inds': [8]}]",0.9904576322869832
3,top,CC(=NNC(N)=S)c1cc[c-]c(n1)C(C)=NN=C(N)[S-],"[19, 15, 10]","[{'functional_group': 'thiol', 'smiles_inds': [8]}]",0.9917763003831082
3,top,[NH2+]=C(NN=C([O-])c1cccc(n1)C([O-])=NNC(=[NH2+])c1cnccn1)c1cnccn1,"[5, 11, 13]","[{'functional_group': 'amino', 'smiles_inds': [9]}, {'functional_group': 'carboxylate', 'smiles_inds': [21]}]",0.993900012732565
3,top,N1C(c2ccccn2)C23C4=C5C6=C7C8=C9c%10c%11c%12c%13c%14c%10c8c8c%10c%14c%14c%13c%13c%15c%12c%12c%11c%11C9=C6C6=C4C4=C9c(c%12c%12c%15c%15c%13c%13c%14c%14c%10c%10c8c7c5c5c%10c7c%14c%13c8c%15c(c9%12)C(=C24)c8c7C35C1c1ccccn1)c%116,[0],"[{'functional_group': 'aldehyde', 'smiles_inds': [70]}, {'functional_group': 'trifluro', 'smiles_inds': [4]}]",0.9981263510347805
3,top,N1C(c2ccccn2)C23C4=C5C6=C7C8=C9c%10c%11c%12c%13c%14c%10c8c8c%10c%14c%14c%13c%13c%15c%12c%12c%11c%11C9=C6C6=C4C4=C9c(c%12c%12c%15c%15c%13c%13c%14c%14c%10c%10c8c7c5c5c%10c7c%14c%13c8c%15c(c9%12)C(=C24)c8c7C35C1c1ccccn1)c%116,[0],"[{'functional_group': 'thiol', 'smiles_inds': [70]}]",0.9982479468815835
3,top,Cc1ccc(N)c(c1)C1=C2C(=O)C3=C4C5=C6C7=C8C9=C%10C%11=C%12C%13=C%10C%10=C8C8=C6C4(OOC(C)(C)C)C2=C(O1)C8(O)C%10=C1C(=O)OC2=C4OC(=O)C6=C([O-])c8c3c3c%10c%14c8C8=C%15C%16=C(C4=C68)C(=C%12C%16=C4C(=C%14%15)C6=C%10C(=C53)C7=C9C6=C%114)C2=C%131,"[5, 49, 52]",[],0.9986407346783225
3,top,CC1(N=C(c2ccccc2)C23C4=C5C6=C7C8=C9C%10=C%11C%12=C%13C%14=C%11C8=C6C6=C4C4=C8C%11=C%15C%16=C(C%17=C%12C%12=C%10C%10=C9C9=C7C7=C5C2=C2C5=C%18C%19=C%20C(=C%12C%17=C%12C%20=C%17C(=C%16%12)C%11=C(C2=C%18%17)C138)C%10=C%19C9=C75)C%13=C%15C4=C%146)C(=O)[O-],"[72, 2]",[],0.999044410331505
3,top,CC1(N=C(c2ccccc2)C23C4=C5C6=C7C8=C9C%10=C%11C%12=C%13C%14=C%11C8=C6C6=C4C4=C8C%11=C%15C%16=C(C%17=C%12C%12=C%10C%10=C9C9=C7C7=C5C2=C2C5=C%18C%19=C%20C(=C%12C%17=C%12C%20=C%17C(=C%16%12)C%11=C(C2=C%18%17)C138)C%10=C%19C9=C75)C%13=C%15C4=C%146)C(=O)[O-],"[72, 2]","[{'functional_group': 'cyano', 'smiles_inds': [7]}, {'functional_group': 'phosphonate', 'smiles_inds': [0]}, {'functional_group': 'hydroxyl', 'smiles_inds': [6]}]",0.9994703968093153
3,top,[O-]c1ccccc1C1=NOC23c4c5c6c7c8c9c%10c%11c%12c%13c%14c%10c%10c%15c%14c%14c%16c%13c%13c%12c%12c%17c%11c9c9c%11c%17c%17c%12c%12c%13c%13c%16c%16c%14c%14c%15c(c6c8%10)c4c%14c4c%16c6c%13c%12c8c%17c%10c%11c(c79)c5c2c%10c8c6C134,"[8, 0]","[{'functional_group': 'ketone', 'smiles_inds': [2]}]",0.9994747063063542
4,bottom,C[Si](C)(C)c1cc(cc(c1)[Si](C#CP(C#C[Si](c1cc(cc(c1)[Si](C)(C)C)[Si](C)(C)C)(c1cc(cc(c1)[Si](C)(C)C)[Si](C)(C)C)c1cc(cc(c1)[Si](C)(C)C)[Si](C)(C)C)C#C[Si](c1cc(cc(c1)[Si](C)(C)C)[Si](C)(C)C)(c1cc(cc(c1)[Si](C)(C)C)[Si](C)(C)C)c1cc(cc(c1)[Si](C)(C)C)[Si](C)(C)C)(c1cc(cc(c1)[Si](C)(C)C)[Si](C)(C)C)c1cc(cc(c1)[Si](C)(C)C)[Si](C)(C)C)[Si](C)(C)C,[13],"[{'functional_group': 'hydroxyl', 'smiles_inds': [67]}, {'functional_group': 'cyanimide', 'smiles_inds': [116]}]",5.094880933017537e-18
4,bottom,C[Si](C)(C)C(c1cc(C([Si](C)(C)C)[Si](C)(C)C)c(Sc2ccccc2Sc2ccccc2Sc2ccccc2Sc2c(cc(cc2C([Si](C)(C)C)[Si](C)(C)C)C([Si](C)(C)C)[Si](C)(C)C)C([Si](C)(C)C)[Si](C)(C)C)c(c1)C([Si](C)(C)C)[Si](C)(C)C)[Si](C)(C)C,"[25, 32]","[{'functional_group': 'ethyl', 'smiles_inds': [78]}, {'functional_group': '2-methylbenzoic_acid', 'smiles_inds': [3]}]",1.4897573341917462e-14
4,bottom,C[Si](C)(C)C(c1cc(C([Si](C)(C)C)[Si](C)(C)C)c(Sc2ccccc2Sc2ccccc2Sc2ccccc2Sc2c(cc(cc2C([Si](C)(C)C)[Si](C)(C)C)C([Si](C)(C)C)[Si](C)(C)C)C([Si](C)(C)C)[Si](C)(C)C)c(c1)C([Si](C)(C)C)[Si](C)(C)C)[Si](C)(C)C,"[25, 32]","[{'functional_group': 'ethyl', 'smiles_inds': [35]}, {'functional_group': 'ether', 'smiles_inds': [54]}]",3.39022508852276e-14
4,bottom,C[Si](C)(C)C(c1cc(C([Si](C)(C)C)[Si](C)(C)C)c([Se]c2ccccc2Sc2ccccc2Sc2ccccc2[Se]c2c(cc(cc2C([Si](C)(C)C)[Si](C)(C)C)C([Si](C)(C)C)[Si](C)(C)C)C([Si](C)(C)C)[Si](C)(C)C)c(c1)C([Si](C)(C)C)[Si](C)(C)C)[Si](C)(C)C,"[25, 32]","[{'functional_group': 'methyl', 'smiles_inds': [62]}, {'functional_group': 'fluoro', 'smiles_inds': [68]}, {'functional_group': 'iodo', 'smiles_inds': [55]}]",4.205175288620721e-13
4,bottom,C[Si](C)(C)C(c1cc(C([Si](C)(C)C)[Si](C)(C)C)c([Se]c2ccccc2Sc2ccccc2Sc2ccccc2[Se]c2c(cc(cc2C([Si](C)(C)C)[Si](C)(C)C)C([Si](C)(C)C)[Si](C)(C)C)C([Si](C)(C)C)[Si](C)(C)C)c(c1)C([Si](C)(C)C)[Si](C)(C)C)[Si](C)(C)C,"[25, 32]","[{'functional_group': 'cyanimide', 'smiles_inds': [36]}, {'functional_group': 'fluoro', 'smiles_inds': [77]}]",4.730732477871144e-13
4,bottom,C[Si](C)(C)C(c1cc(C([Si](C)(C)C)[Si](C)(C)C)c([Se]c2ccccc2Sc2ccccc2Sc2ccccc2[Se]c2c(cc(cc2C([Si](C)(C)C)[Si](C)(C)C)C([Si](C)(C)C)[Si](C)(C)C)C([Si](C)(C)C)[Si](C)(C)C)c(c1)C([Si](C)(C)C)[Si](C)(C)C)[Si](C)(C)C,"[25, 32]","[{'functional_group': 'chloro', 'smiles_inds': [59]}]",5.217324502777527e-13
4,bottom,CCCC[P](CCCC)(CCCC)CCP(CCP(CCP(CC[P](CCCC)(CCCC)CCCC)CC[P](CCCC)(CCCC)CCCC)c1ccccc1)CC[P](CCCC)(CCCC)CCCC,"[15, 18, 21]",[],2.7297943714140613e-12
4,bottom,CCCC[P](CCCC)(CCCC)CCP(CCP(CCP(CC[P](CCCC)(CCCC)CCCC)CC[P](CCCC)(CCCC)CCCC)c1ccccc1)CC[P](CCCC)(CCCC)CCCC,"[15, 18, 21]","[{'functional_group': 'carboxylate', 'smiles_inds': [40]}]",5.6774106892535455e-12
4,bottom,C[Si](C)(C)c1cc(cc(c1)[Si](C)(C)C)C(C(=O)Nc1cccc(NC(=O)C(c2cc(cc(c2)[Si](C)(C)C)[Si](C)(C)C)(c2cc(cc(c2)[Si](C)(C)C)[Si](C)(C)C)c2cc(cc(c2)[Si](C)(C)C)[Si](C)(C)C)c1[S-])(c1cc(cc(c1)[Si](C)(C)C)[Si](C)(C)C)c1cc(cc(c1)[Si](C)(C)C)[Si](C)(C)C,"[70, 16]","[{'functional_group': 'methyl_ester', 'smiles_inds': [97]}]",6.680159303608413e-12
4,bottom,C[Si](C)(C)c1cc(cc(c1)[Si](C)(C)C)C(C(=O)Nc1cccc(NC(=O)C(c2cc(cc(c2)[Si](C)(C)C)[Si](C)(C)C)(c2cc(cc(c2)[Si](C)(C)C)[Si](C)(C)C)c2cc(cc(c2)[Si](C)(C)C)[Si](C)(C)C)c1[S-])(c1cc(cc(c1)[Si](C)(C)C)[Si](C)(C)C)c1cc(cc(c1)[Si](C)(C)C)[Si](C)(C)C,"[70, 16]",[],8.165412378419264e-12
4,bottom,CCC(C)(C)c1cc(C(c2cc(cc(c2OCCN(C)C(=O)CP(=O)(c2ccccc2)c2ccccc2)C(C)(C)CC)C(C)(C)CC)c2cc(cc(c2OCCN(C)C(=O)CP(=O)(c2ccccc2)c2ccccc2)C(C)(C)CC)C(C)(C)CC)c(OCCN(C)C(=O)CP(=O)(c2ccccc2)c2ccccc2)c(c1)C(C)(C)CC,"[21, 24, 59, 62, 92, 95]","[{'functional_group': 'tribromo', 'smiles_inds': [77]}]",3.3857815436482717e-10
4,bottom,CC(C)(C)c1cc2c(OP(Oc3c2cc(cc3C(C)(C)C)C(C)(C)C)O[Si]2(O[Si]3(O[Si](OP4Oc5c(cc(cc5C(C)(C)C)C(C)(C)C)c5cc(cc(c5O4)C(C)(C)C)C(C)(C)C)(O[Si]4(O[Si](O3)(O[Si](O2)(O[Si](O4)(O[Si](C)(c2ccccc2)c2ccccc2)C2CCCC2)C2CCCC2)C2CCCC2)C2CCCC2)C2CCCC2)C2CCCC2)C2CCCC2)c(c1)C(C)(C)C,"[9, 32]",[],7.093522164949361e-10
4,bottom,CCC(C)(C)c1cc(C(c2cc(cc(c2OCCNC(=O)CP(=O)(c2ccccc2)c2ccccc2)C(C)(C)CC)C(C)(C)CC)c2cc(cc(c2OCCNC(=O)CP(=O)(c2ccccc2)c2ccccc2)C(C)(C)CC)C(C)(C)CC)c(OCCNC(=O)CP(=O)(c2ccccc2)c2ccccc2)c(c1)C(C)(C)CC,"[20, 23, 57, 60, 89, 92]","[{'functional_group': 'tribromo', 'smiles_inds': [16]}, {'functional_group': 'cyano', 'smiles_inds': [95]}]",1.3774398425728963e-09
4,bottom,C[Si](C)(C)c1cc(cc(c1)[Si](C)(C)C)P(c1cc(cc(c1)[Si](C)(C)C)[Si](C)(C)C)c1ccccc1P(c1cc(cc(c1)[Si](C)(C)C)[Si](C)(C)C)c1cc(cc(c1)[Si](C)(C)C)[Si](C)(C)C,"[35, 14]",[],3.284658129261631e-09
4,bottom,Cc1cc(C)c(B(CCCP(CCCB(c2c(C)cc(C)cc2C)c2c(C)cc(C)cc2C)CCP(CCCB(c2c(C)cc(C)cc2C)c2c(C)cc(C)cc2C)CCCB(c2c(C)cc(C)cc2C)c2c(C)cc(C)cc2C)c2c(C)cc(C)cc2C)c(C)c1,"[35, 10]",[],4.3327503371603814e-09
4,bottom,Cc1cc(C)c(B(CCCP(CCCB(c2c(C)cc(C)cc2C)c2c(C)cc(C)cc2C)CCP(CCCB(c2c(C)cc(C)cc2C)c2c(C)cc(C)cc2C)CCCB(c2c(C)cc(C)cc2C)c2c(C)cc(C)cc2C)c2c(C)cc(C)cc2C)c(C)c1,"[35, 10]","[{'functional_group': '2-hydroxypyridine', 'smiles_inds': [79]}]",4.7083919576260005e-09
4,bottom,CCCOc1c2Cc3cc(cc(Cc4cccc(Cc5cc(cc(Cc1ccc2)c5OCCC)c1cccc(c1)c1cc2Cc5cccc(Cc6cc(cc(Cc7cccc(Cc(c1)c2OCCC)c7OCCC)c6OCCC)P(c1ccccc1)c1ccccc1)c5OCCC)c4OCCC)c3OCCC)P(c1ccccc1)c1ccccc1,"[107, 79]","[{'functional_group': 'aldehyde', 'smiles_inds': [110]}, {'functional_group': 'ethyl_ester', 'smiles_inds': [47]}]",1.2798616265515094e-08
4,bottom,CCCOc1c2Cc3cc(cc(Cc4cccc(Cc5cc(cc(Cc1ccc2)c5OCCC)c1cccc(c1)c1cc2Cc5cccc(Cc6cc(cc(Cc7cccc(Cc(c1)c2OCCC)c7OCCC)c6OCCC)P(c1ccccc1)c1ccccc1)c5OCCC)c4OCCC)c3OCCC)P(c1ccccc1)c1ccccc1,"[107, 79]",[],2.2184275093195872e-08
4,bottom,C[Si](O[Si]1(O[Si]2(O[Si](OP(c3ccccc3)c3ccccc3)(O[Si]3(O[Si](OP(c4ccccc4)c4ccccc4)(O[Si](O[Si](O3)(O2)C2CCCC2)(O1)C1CCCC1)C1CCCC1)C1CCCC1)C1CCCC1)C1CCCC1)C1CCCC1)(c1ccccc1)c1ccccc1,"[27, 9]",[],2.6052944010168618e-08
4,bottom,C1CCCCCCCCCCP2CCCCCCCCCCCCCCCCCCCCP(CCCCCCCCC1)CCCCCCCCCCCCCCCCCCCC2,"[11, 32]","[{'functional_group': 'ethyl', 'smiles_inds': [53]}, {'functional_group': 'phenyl', 'smiles_inds': [56]}]",2.630566203622058e-08
4,median,Clc1ccc(N=Cc2c([O-])ccc3ccccc23)c(Cl)c1,"[9, 5]","[{'functional_group': 'methyl_ester', 'smiles_inds': [16]}]",0.4648927332140366
4,median,CN(Cc1cccc(Br)n1)Cc1cccc(Br)n1,"[9, 17, 1]",[],0.46491856377186147
4,median,O=C([N-]c1cccc2cccnc12)C1CC[CH-]1,"[16, 11, 2]","[{'functional_group': 'aldehyde', 'smiles_inds': [4]}]",0.46493816991536513
4,median,CCSCCN,"[2, 5]","[{'functional_group': '2-methylbenzoic_acid', 'smiles_inds': [1]}, {'functional_group': 'chloro', 'smiles_inds': [4]}]",0.4649419923764911
4,median,NC1CCCCCCC1,[0],"[{'functional_group': 'ether', 'smiles_inds': [6]}, {'functional_group': 'trichloro', 'smiles_inds': [8]}]",0.4649653859410381
4,median,BrCc1cccc(n1)c1ccccn1,"[13, 7]","[{'functional_group': 'tribromo', 'smiles_inds': [9]}, {'functional_group': 'phenyl', 'smiles_inds': [10]}]",0.46500225425114533
4,median,[nH+]1c2ccccc2nc2c1c1cccnc1c1ncccc21,"[14, 17]","[{'functional_group': 'ethyl', 'smiles_inds': [18]}, {'functional_group': 'cyano', 'smiles_inds': [3]}, {'functional_group': 'methyl', 'smiles_inds': [5]}, {'functional_group': 'methyl_ester', 'smiles_inds': [20]}, {'functional_group': 'iodo', 'smiles_inds': [11]}]",0.4650222852734021
4,median,CN(Cc1cccc(Br)n1)Cc1cccc(Br)n1,"[9, 17, 1]","[{'functional_group': 'trichloro', 'smiles_inds': [5]}, {'functional_group': '2-hydroxypyridine', 'smiles_inds': [2]}]",0.4650366162215391
4,median,Cc1cnc(cn1)C(=O)[N-]c1cccc2cccnc12,"[3, 18, 9]","[{'functional_group': 'thiol', 'smiles_inds': [15]}, {'functional_group': 'amide', 'smiles_inds': [0]}]",0.46507212741527754
4,median,NC(=O)CCN1N=C(C=C1C(F)(F)F)C(F)(F)F,[6],[],0.4650789636508389
4,median,COc1ccccc1P(F)F,[8],"[{'functional_group': '2-hydroxypyridine', 'smiles_inds': [3]}]",0.46508617927932294
4,median,CC1(CC2CC1C=C2)C=O,[9],[],0.465099181351132
4,median,O=N(=O)c1cccc(c1)N=CC1=CC=C[N-]1,"[15, 9]","[{'functional_group': 'methyl_ester', 'smiles_inds': [10]}]",0.46510097758999064
4,median,CC(=NO)C(C)=NNC1=Nc2ccccc2N1,"[6, 2, 9]","[{'functional_group': 'phenyl', 'smiles_inds': [16]}, {'functional_group': 'amide', 'smiles_inds': [14]}, {'functional_group': 'thiol', 'smiles_inds': [5]}]",0.465176622044285
4,median,CC(=O)Nc1cccc(NC(C)=O)n1,"[2, 12, 13]",[],0.4652192093774641
4,median,CC(=O)[C-]=Cc1ccccc1,"[2, 3]","[{'functional_group': 'carboxyl', 'smiles_inds': [4]}]",0.46524074137018917
4,median,CC12CNCCNCC([NH2+]CC3=CSC=C3)(CNCCNC1)CNCCNC2,"[17, 26, 20, 6, 23, 3]","[{'functional_group': 'ether', 'smiles_inds': [16]}, {'functional_group': 'aldehyde', 'smiles_inds': [14]}]",0.4652817659826701
4,median,Nc1ccc(cc1)c1ccnc(c1)c1ccccn1,"[18, 10]","[{'functional_group': 'bromo', 'smiles_inds': [5]}, {'functional_group': '2-hydroxypyridine', 'smiles_inds': [0]}, {'functional_group': 'carboxyl', 'smiles_inds': [8]}, {'functional_group': 'ketone', 'smiles_inds': [2]}]",0.4653178007911777
4,median,O=C(CNCc1ccccn1)Nc1cccc2cccnc12,"[0, 3, 10]","[{'functional_group': 'tribromo', 'smiles_inds': [4]}, {'functional_group': 'hydroxyl', 'smiles_inds': [6]}]",0.46533396867537785
4,median,Cc1ccc(nc1)N([O-])C(C)(C)C,"[8, 7]",[],0.4653738559894625
4,top,O=C([O-])C1=C(NC=N1)C1=Nc2ccccc2N1,"[2, 7]","[{'functional_group': 'carboxylate', 'smiles_inds': [14]}]",0.984283359080478
4,top,NC(CN(CCN(CC(N)=NO)CC(N)=NO)CC(N)=NO)=NO,"[22, 20, 10, 15, 3, 6]","[{'functional_group': 'carboxyl', 'smiles_inds': [16]}, {'functional_group': 'trifluro', 'smiles_inds': [4]}, {'functional_group': 'ketone', 'smiles_inds': [11]}]",0.9845252534420227
4,top,NC([S-])=NN=CC1=[C-]C=CS1,"[2, 4, 7]",[],0.9846199521874256
4,top,OC1(C(=O)NC(=O)NC1=O)C1=C([O-])NC(=O)NC1=O,"[18, 0, 9]",[],0.9847469635508915
4,top,C(CN(CCN=CC1=NC=CN1)CCN=CC1=NC=CN1)N=CC1=NC=CN1,"[5, 8, 14, 17, 21, 24]","[{'functional_group': 'carboxylate', 'smiles_inds': [19]}]",0.9850233004509702
4,top,Cc1ncc(CO)c(C=NN=C([O-])C(N)=O)c1[O-],"[9, 12, 17]","[{'functional_group': 'carbonyl', 'smiles_inds': [5]}, {'functional_group': 'amino', 'smiles_inds': [3]}]",0.985366806498782
4,top,CC1(N=C(c2ccccc2)C23C4=C5C6=C7C8=C9C%10=C%11C%12=C%13C%14=C%11C8=C6C6=C4C4=C8C%11=C%15C%16=C(C%17=C%12C%12=C%10C%10=C9C9=C7C7=C5C2=C2C5=C%18C%19=C%20C(=C%12C%17=C%12C%20=C%17C(=C%16%12)C%11=C(C2=C%18%17)C138)C%10=C%19C9=C75)C%13=C%15C4=C%146)C(=O)[O-],"[72, 2]",[],0.9876491483377926
4,top,Cc1ncc(CO)c(C=NCN(CN=Cc2c(CO)cnc(C)c2[O-])CN=Cc2c(CO)cnc(C)c2[O-])c1[O-],"[39, 9, 37, 26, 24, 13]","[{'functional_group': 'amino', 'smiles_inds': [18]}]",0.987732088065286
4,top,CC1=CC=C(O1)C=NNC(N)=S,"[11, 7]","[{'functional_group': 'phosphonate', 'smiles_inds': [10]}, {'functional_group': 'phosphonate', 'smiles_inds': [2]}, {'functional_group': 'amino', 'smiles_inds': [0]}, {'functional_group': 'amino', 'smiles_inds': [8]}, {'functional_group': 'phosphonate', 'smiles_inds': [6]}]",0.989227152315875
4,top,Nc1nc(N)nc(n1)c1cccc(n1)c1nc(N)nc(N)n1,"[13, 5, 15]",[],0.9894648633608208
4,top,CC1=CC=C(O1)C=NNC(N)=S,"[11, 7]","[{'functional_group': 'phosphonate', 'smiles_inds': [10]}, {'functional_group': 'phosphonate', 'smiles_inds': [2]}, {'functional_group': 'amino', 'smiles_inds': [0]}, {'functional_group': 'carboxylate', 'smiles_inds': [3]}]",0.9897272960387753
4,top,O=C(NCCNC(=O)c1ccc(C(=O)NCCNC(=O)C2=C([O-])C(=O)C=CO2)c([O-])c1[O-])C1=C([O-])C(=O)C=CO1,"[36, 34, 31, 29, 22, 24]",[],0.9898011928439028
4,top,NC1C(O)C(N)C([O-])C(NCCNC2C(O)C(N)C(O)C(N)C2[O-])C1O,"[12, 9, 21, 5, 23, 7]","[{'functional_group': 'trifluro', 'smiles_inds': [18]}, {'functional_group': 'trichloro', 'smiles_inds': [1]}]",0.990287620260178
4,top,O=C1N2CN3C4C5N(CN6C7C8N(CN9C%10C%11N(CN%12C%13C%14N(CN%15C%16C%17N(CN%18C%19C%20N(CN1C1C2N2CN4C(=O)N5CN7C(=O)N8CN%10C(=O)N%11CN%13C(=O)N%14CN%16C(=O)N%17CN%19C(=O)N%20CN1C2=O)C%18=O)C%15=O)C%12=O)C9=O)C6=O)C3=O,"[0, 73]",[],0.9904994996981347
4,top,OCC(CN=CC1=CNC=N1)(CN=CC1=CNC=N1)CN=CC1=CNC=N1,"[10, 4, 12, 18, 20, 26]","[{'functional_group': 'carboxylate', 'smiles_inds': [19]}]",0.9908548249828307
4,top,Cc1ccc(N)c(c1)C1=C2C(=O)C3=C4C5=C6C7=C8C9=C%10C%11=C%12C%13=C%10C%10=C8C8=C6C4(OOC(C)(C)C)C2=C(O1)C8(O)C%10=C1C(=O)OC2=C4OC(=O)C6=C([O-])c8c3c3c%10c%14c8C8=C%15C%16=C(C4=C68)C(=C%12C%16=C4C(=C%14%15)C6=C%10C(=C53)C7=C9C6=C%114)C2=C%131,"[5, 49, 52]","[{'functional_group': 'trifluro', 'smiles_inds': [2]}]",0.9908625178740923
4,top,NC1C(O)C(N)C([O-])C(NCCNC2C(O)C(N)C(O)C(N)C2[O-])C1O,"[12, 9, 21, 5, 23, 7]",[],0.9923916253202972
4,top,OCC1OC2OC3C(CO)OC(OC4C(CO)OC(OC5C(CO)OC(OC6C(CNCCC7=CNC=N7)OC(OC7C(CO)OC(OC8C(CO)OC(OC1C(O)C2O)C(O)C8O)C(O)C7O)C(O)C6O)C(O)C5O)C(O)C4O)C(O)C3O,"[37, 30]",[],0.9934908867342568
4,top,Cc1ccc(N)c(c1)C1=C2C(=O)C3=C4C5=C6C7=C8C9=C%10C%11=C%12C%13=C%10C%10=C8C8=C6C4(OOC(C)(C)C)C2=C(O1)C8(O)C%10=C1C(=O)OC2=C4OC(=O)C6=C([O-])c8c3c3c%10c%14c8C8=C%15C%16=C(C4=C68)C(=C%12C%16=C4C(=C%14%15)C6=C%10C(=C53)C7=C9C6=C%114)C2=C%131,"[5, 49, 52]","[{'functional_group': 'cyanimide', 'smiles_inds': [33]}]",0.9935824754138396
4,top,[O-]c1ccccc1C1=NOC23c4c5c6c7c8c9c%10c%11c%12c%13c%14c%10c%10c%15c%14c%14c%16c%13c%13c%12c%12c%17c%11c9c9c%11c%17c%17c%12c%12c%13c%13c%16c%16c%14c%14c%15c(c6c8%10)c4c%14c4c%16c6c%13c%12c8c%17c%10c%11c(c79)c5c2c%10c8c6C134,"[8, 0]",[],0.9953276169973496
5,bottom,C[Si](C)(C)C(c1cc(C([Si](C)(C)C)[Si](C)(C)C)c(Sc2ccccc2Sc2ccccc2Sc2ccccc2Sc2c(cc(cc2C([Si](C)(C)C)[Si](C)(C)C)C([Si](C)(C)C)[Si](C)(C)C)C([Si](C)(C)C)[Si](C)(C)C)c(c1)C([Si](C)(C)C)[Si](C)(C)C)[Si](C)(C)C,"[25, 32]",[],3.729679239956481e-14
5,bottom,C[Si](C)(C)C(c1cc(C([Si](C)(C)C)[Si](C)(C)C)c(Sc2ccccc2[Se]c2ccccc2[Se]c2ccccc2Sc2c(cc(cc2C([Si](C)(C)C)[Si](C)(C)C)C([Si](C)(C)C)[Si](C)(C)C)C([Si](C)(C)C)[Si](C)(C)C)c(c1)C([Si](C)(C)C)[Si](C)(C)C)[Si](C)(C)C,"[25, 32]","[{'functional_group': 'amino', 'smiles_inds': [81]}, {'functional_group': 'methyl_ester', 'smiles_inds': [72]}]",3.869270404558721e-13
5,bottom,C[Si](C)(C)C(c1cc(C([Si](C)(C)C)[Si](C)(C)C)c([Se]c2ccccc2[Se]c2ccccc2[Se]c2ccccc2[Se]c2c(cc(cc2C([Si](C)(C)C)[Si](C)(C)C)C([Si](C)(C)C)[Si](C)(C)C)C([Si](C)(C)C)[Si](C)(C)C)c(c1)C([Si](C)(C)C)[Si](C)(C)C)[Si](C)(C)C,"[25, 32]",[],1.4122597405131338e-12
5,bottom,CCCC[P](CCCC)(CCCC)CCP(CCP(CCP(CC[P](CCCC)(CCCC)CCCC)CC[P](CCCC)(CCCC)CCCC)c1ccccc1)CC[P](CCCC)(CCCC)CCCC,"[15, 18, 21]",[],5.1821142810858296e-12
5,bottom,CC(C)(C)c1cc2c3cc(cc4c5cc(cc6c7cc(cc8c9cc(cc%10c%11cc(cc%12c(c1)c2c1c(c34)c(c56)c(c78)c(c9%10)c1c%11%12)C(C)(C)C)C(C)(C)C)C(C)(C)C)C(C)(C)C)P(c1cc2c3cc(cc4c5cc(cc6c7cc(cc8c9cc(cc%10c%11cc(cc%12c(c1)c2c1c(c34)c(c56)c(c78)c(c9%10)c1c%11%12)C(C)(C)C)C(C)(C)C)C(C)(C)C)C(C)(C)C)C(C)(C)C)c1cc2c3cc(cc4c5cc(cc6c7cc(cc8c9cc(cc%10c%11cc(cc%12c(c1)c2c1c(c34)c(c56)c(c78)c(c9%10)c1c%11%12)C(C)(C)C)C(C)(C)C)C(C)(C)C)C(C)(C)C)C(C)(C)C,[62],"[{'functional_group': 'ketone', 'smiles_inds': [89]}]",6.176984889263252e-11
5,bottom,CC(C)(C)c1cc2c(OP(Oc3c2cc(cc3C(C)(C)C)C(C)(C)C)O[Si]2(O[Si]3(O[Si](OP4Oc5c(cc(cc5C(C)(C)C)C(C)(C)C)c5cc(cc(c5O4)C(C)(C)C)C(C)(C)C)(O[Si]4(O[Si](O3)(O[Si](O2)(O[Si](O4)(O[Si](C)(c2ccccc2)c2ccccc2)C2CCCC2)C2CCCC2)C2CCCC2)C2CCCC2)C2CCCC2)C2CCCC2)C2CCCC2)c(c1)C(C)(C)C,"[9, 32]","[{'functional_group': 'phenyl', 'smiles_inds': [41]}]",3.384945566909092e-10
5,bottom,CC(C)(C)c1cc2c(OP(Oc3c2cc(cc3C(C)(C)C)C(C)(C)C)O[Si]2(O[Si]3(O[Si](OP4Oc5c(cc(cc5C(C)(C)C)C(C)(C)C)c5cc(cc(c5O4)C(C)(C)C)C(C)(C)C)(O[Si]4(O[Si](O3)(O[Si](O2)(O[Si](O4)(O[Si](C)(c2ccccc2)c2ccccc2)C2CCCC2)C2CCCC2)C2CCCC2)C2CCCC2)C2CCCC2)C2CCCC2)C2CCCC2)c(c1)C(C)(C)C,"[9, 32]",[],7.958115027793777e-10
5,bottom,CCC(C)(C)c1cc(C(c2cc(cc(c2OCCCNC(=O)CP(=S)(c2ccccc2)c2ccccc2)C(C)(C)CC)C(C)(C)CC)c2cc(cc(c2OCCCNC(=O)CP(=S)(c2ccccc2)c2ccccc2)C(C)(C)CC)C(C)(C)CC)c(OCCCNC(=O)CP(=S)(c2ccccc2)c2ccccc2)c(c1)C(C)(C)CC,"[21, 59, 92]","[{'functional_group': 'cyano', 'smiles_inds': [109]}, {'functional_group': 'iodo', 'smiles_inds': [98]}]",1.0173435955846392e-09
5,bottom,CCC(C)(C)c1cc(C(c2cc(cc(c2OCCCNC(=O)CP(=S)(c2ccccc2)c2ccccc2)C(C)(C)CC)C(C)(C)CC)c2cc(cc(c2OCCCNC(=O)CP(=S)(c2ccccc2)c2ccccc2)C(C)(C)CC)C(C)(C)CC)c(OCCCNC(=O)CP(=S)(c2ccccc2)c2ccccc2)c(c1)C(C)(C)CC,"[21, 59, 92]",[],1.1214537680559408e-09
5,bottom,CCC(C)(C)c1cc(C(c2cc(cc(c2OCCNC(=O)CP(=O)(c2ccccc2)c2ccccc2)C(C)(C)CC)C(C)(C)CC)c2cc(cc(c2OCCNC(=O)CP(=O)(c2ccccc2)c2ccccc2)C(C)(C)CC)C(C)(C)CC)c(OCCNC(=O)CP(=O)(c2ccccc2)c2ccccc2)c(c1)C(C)(C)CC,"[20, 23, 57, 60, 89, 92]","[{'functional_group': 'trifluro', 'smiles_inds': [71]}, {'functional_group': 'phenyl', 'smiles_inds': [79]}]",1.2946751764731312e-09
5,bottom,CCC(C)(C)c1cc(C(c2cc(cc(c2OCCCNC(=O)CP(=S)(c2ccccc2)c2ccccc2)C(C)(C)CC)C(C)(C)CC)c2cc(cc(c2OCCCNC(=O)CP(=S)(c2ccccc2)c2ccccc2)C(C)(C)CC)C(C)(C)CC)c(OCCCNC(=O)CP(=S)(c2ccccc2)c2ccccc2)c(c1)C(C)(C)CC,"[21, 59, 92]","[{'functional_group': 'carboxyl', 'smiles_inds': [34]}]",1.3606281773458217e-09
5,bottom,CCC(C)(C)c1cc(C(c2cc(cc(c2OCCNC(=O)CP(=O)(c2ccccc2)c2ccccc2)C(C)(C)CC)C(C)(C)CC)c2cc(cc(c2OCCNC(=O)CP(=O)(c2ccccc2)c2ccccc2)C(C)(C)CC)C(C)(C)CC)c(OCCNC(=O)CP(=O)(c2ccccc2)c2ccccc2)c(c1)C(C)(C)CC,"[20, 23, 57, 60, 89, 92]","[{'functional_group': 'ethyl', 'smiles_inds': [74]}]",1.926779257208678e-09
5,bottom,I[Te]1(O[Te]2(O[Te](O[Te]3(O[Te](I)(O[Te]4(O[Te](I)(O[Te]5(O[Te](O[Te]6(O[Te](I)(O[Te](O1)(O[Te]1(O[Te](O2)(O[Te](O3)(O[Te](O4)(O[Te](O5)(O[Te](O6)(O1)c1ccccc1)c1ccccc1)c1ccccc1)c1ccccc1)c1ccccc1)c1ccccc1)c1ccccc1)c1ccccc1)c1ccccc1)c1ccccc1)c1ccccc1)c1ccccc1)c1ccccc1)c1ccccc1)c1ccccc1)c1ccccc1)c1ccccc1)c1ccccc1,"[33, 39, 42, 30, 36, 45]",[],2.0686350338765153e-09
5,bottom,CCC(C)(C)c1cc(C(c2cc(cc(c2OCCNC(=O)CP(=O)(c2ccccc2)c2ccccc2)C(C)(C)CC)C(C)(C)CC)c2cc(cc(c2OCCNC(=O)CP(=O)(c2ccccc2)c2ccccc2)C(C)(C)CC)C(C)(C)CC)c(OCCNC(=O)CP(=O)(c2ccccc2)c2ccccc2)c(c1)C(C)(C)CC,"[20, 23, 57, 60, 89, 92]","[{'functional_group': 'ethyl_ester', 'smiles_inds': [90]}]",2.1229820339672436e-09
5,bottom,C[Si](C)(C)c1cc(cc(c1)[Si](C)(C)C)P(c1cc(cc(c1)[Si](C)(C)C)[Si](C)(C)C)c1ccccc1P(c1cc(cc(c1)[Si](C)(C)C)[Si](C)(C)C)c1cc(cc(c1)[Si](C)(C)C)[Si](C)(C)C,"[35, 14]","[{'functional_group': 'iodo', 'smiles_inds': [16]}, {'functional_group': 'phosphonate', 'smiles_inds': [43]}]",2.3877498911391165e-09
5,bottom,CCC(C)(C)c1cc(C(c2cc(cc(c2OCCNC(=O)CP(=O)(c2ccccc2)c2ccccc2)C(C)(C)CC)C(C)(C)CC)c2cc(cc(c2OCCNC(=O)CP(=O)(c2ccccc2)c2ccccc2)C(C)(C)CC)C(C)(C)CC)c(OCCNC(=O)CP(=O)(c2ccccc2)c2ccccc2)c(c1)C(C)(C)CC,"[20, 23, 57, 60, 89, 92]",[],3.159290556578693e-09
5,bottom,CCC(C)(C)c1cc(C(c2cc(cc(c2OCCNC(=O)CP(=O)(c2ccccc2)c2ccccc2)C(C)(C)CC)C(C)(C)CC)c2cc(cc(c2OCCNC(=O)CP(=O)(c2ccccc2)c2ccccc2)C(C)(C)CC)C(C)(C)CC)c(OCCNC(=O)CP(=O)(c2ccccc2)c2ccccc2)c(c1)C(C)(C)CC,"[20, 23, 57, 60, 89, 92]","[{'functional_group': 'amino', 'smiles_inds': [62]}]",4.349640084796531e-09
5,bottom,C[Si](C)(C)C(S[Ge](SC([Si](C)(C)C)([Si](C)(C)C)[Si](C)(C)C)SC([Si](C)(C)C)([Si](C)(C)C)[Si](C)(C)C)([Si](C)(C)C)[Si](C)(C)C,"[5, 7, 21]","[{'functional_group': 'phenyl', 'smiles_inds': [2]}]",6.430900822263276e-09
5,bottom,C[Si](C)(C)C(P([Ge](P(C([Si](C)(C)C)[Si](C)(C)C)c1ccccc1)P(C([Si](C)(C)C)[Si](C)(C)C)c1ccccc1)c1ccccc1)[Si](C)(C)C,"[5, 7, 23]","[{'functional_group': '2-methylbenzoic_acid', 'smiles_inds': [2]}]",6.7521015403061306e-09
5,bottom,C[Si](C)(C)C(S[Ge](SC([Si](C)(C)C)([Si](C)(C)C)[Si](C)(C)C)SC([Si](C)(C)C)([Si](C)(C)C)[Si](C)(C)C)([Si](C)(C)C)[Si](C)(C)C,"[5, 7, 21]",[],1.511925289285827e-08
5,median,Fc1ccc(CN=Cc2cccc(C=NCc3ccc(F)cc3)n2)cc1,"[23, 6, 14]","[{'functional_group': 'amino', 'smiles_inds': [9]}]",0.4764963181842392
5,median,C1C2CC3CC1CC(C2)(C3)C1=CNN=C1,[13],[],0.47654963252662697
5,median,[NH3+]C12CNCCSCC(CO)(CSCCNC1)CSCCNC2,"[6, 12, 18, 3, 15, 21]","[{'functional_group': 'amide', 'smiles_inds': [7]}, {'functional_group': 'chloro', 'smiles_inds': [13]}]",0.47656043681481025
5,median,[NH3+]C12CNCCSCC(CO)(CSCCNC1)CSCCNC2,"[6, 12, 18, 3, 15, 21]","[{'functional_group': 'amide', 'smiles_inds': [7]}, {'functional_group': 'chloro', 'smiles_inds': [22]}]",0.47656043681481025
5,median,[NH3+]C12CNCCSCC(CO)(CSCCNC1)CSCCNC2,"[6, 12, 18, 3, 15, 21]","[{'functional_group': 'amide', 'smiles_inds': [7]}, {'functional_group': 'chloro', 'smiles_inds': [4]}]",0.47656043681481025
5,median,[NH3+]C12CNCCSCC(CO)(CSCCNC1)CSCCNC2,"[6, 12, 18, 3, 15, 21]","[{'functional_group': 'amide', 'smiles_inds': [7]}, {'functional_group': 'chloro', 'smiles_inds': [14]}]",0.4765604368148105
5,median,CC1(C)OB(OC1(C)C)c1ccc(cc1)N=Cc1cc(ccc1[O-])N(=O)=O,"[15, 23]","[{'functional_group': 'methyl', 'smiles_inds': [11]}, {'functional_group': 'carboxylate', 'smiles_inds': [18]}]",0.4766015813293463
5,median,[nH+]1c2ccccc2nc2c1c1cccnc1c1ncccc21,"[14, 17]","[{'functional_group': '2-methylbenzoic_acid', 'smiles_inds': [20]}, {'functional_group': 'ketone', 'smiles_inds': [4]}]",0.4766599201687204
5,median,[nH+]1c2ccccc2nc2c1c1cccnc1c1ncccc21,"[14, 17]","[{'functional_group': 'ketone', 'smiles_inds': [4]}, {'functional_group': '2-methylbenzoic_acid', 'smiles_inds': [13]}]",0.4766599201687204
5,median,Cc1cnc(C)cn1,[3],"[{'functional_group': 'phenyl', 'smiles_inds': [6]}, {'functional_group': 'ethyl', 'smiles_inds': [5]}]",0.4767002997428894
5,median,C1=CN(N=C1)c1nc(nc(n1)N1C=CC=N1)N1C=CC=N1,"[3, 2, 15]",[],0.4767200150382964
5,median,CC1=C(N=NN1c1ccc(I)cc1)C(=O)[O-],"[3, 15]",[],0.47673963428791133
5,median,CCCCOC(=O)C[CH2-],"[6, 8]",[],0.47677416596946043
5,median,CC(N=CC1=NC=CN1CC(C)=C)c1ccc(Cl)cc1,"[5, 2]","[{'functional_group': 'phosphonate', 'smiles_inds': [0]}, {'functional_group': 'trichloro', 'smiles_inds': [15]}, {'functional_group': 'amino', 'smiles_inds': [6]}, {'functional_group': 'chloro', 'smiles_inds': [9]}]",0.4767908110199001
5,median,Cc1ccc([O-])c(c1)N=Nc1ccccc1C(O)=O,"[5, 8]","[{'functional_group': 'trifluro', 'smiles_inds': [3]}]",0.4768244173252578
5,median,c1ccc(nc1)c1nncnn1,"[4, 7]","[{'functional_group': '2-methylbenzoic_acid', 'smiles_inds': [5]}, {'functional_group': 'methyl', 'smiles_inds': [1]}, {'functional_group': 'amide', 'smiles_inds': [9]}]",0.476836664371329
5,median,CN(C)C(=Nc1ccccc1N=C(N(C)C)c1ccccc1[O-])c1ccccc1[O-],"[29, 22, 4]","[{'functional_group': 'cyanimide', 'smiles_inds': [7]}]",0.4768907110301839
5,median,N#CCCC#N,[0],[],0.47689846781124245
5,median,CC(C)C1=NC(=CN1)P(C1=CNC(=N1)C(C)C)C1=CNC(=N1)C(C)C,"[21, 4, 13]",[],0.47692810716770073
5,median,Fc1c(F)c(F)c(c(F)c1F)C(=C1C=CC=N1)C1=CC=C[N-]1,"[16, 21]","[{'functional_group': 'phenyl', 'smiles_inds': [19]}]",0.4769424500141128
5,top,c1cnc(nc1)c1nc(nc(n1)c1ncccn1)c1ncccn1,"[2, 7, 19]",[],0.9866279219523998
5,top,C(CN(CCN=CC1=NC=CN1)CCN=CC1=NC=CN1)N=CC1=NC=CN1,"[5, 8, 14, 17, 21, 24]","[{'functional_group': 'carboxylate', 'smiles_inds': [3]}]",0.9869455557116348
5,top,NC(=NO)C(N)=N[O-],"[2, 6]","[{'functional_group': 'carbonyl', 'smiles_inds': [3]}]",0.9870758060069421
5,top,[NH3+]C1C([O-])C([NH3+])C([O-])C(N)C1[O-],"[7, 11, 3]",[],0.9871758016780218
5,top,NC(=NN=C([O-])C(=NNC(=O)c1cccc(n1)C(=O)NN=C(C([O-])=NN=C(N)c1ccccn1)c1ccccc1)c1ccccc1)c1ccccn1,"[23, 5, 51, 2, 25, 33]",[],0.9880833284169219
5,top,NC([S-])=NN=CC1=[C-]C=CS1,"[2, 4, 7]",[],0.9886432319010432
5,top,NC(=S)NN=CC1=CNC(=O)N=C1[O-],"[2, 13, 4]",[],0.9891449095963545
5,top,[NH2+]=C(NN=C([O-])c1cccc(n1)C([O-])=NNC(=[NH2+])c1cnccn1)c1cnccn1,"[5, 11, 13]",[],0.9891990115910738
5,top,N=C=Nc1[nH+]c(N=C=N)nc([nH+]1)N=C=[N-],[14],[],0.9893538951386255
5,top,N1C=NC(=C1)C=NN=CC1=CNC=N1,"[2, 6, 13]","[{'functional_group': 'amino', 'smiles_inds': [10]}, {'functional_group': 'carboxylate', 'smiles_inds': [1]}]",0.9896642882009862
5,top,NC(=S)NN=Cc1cc(C=NNC(N)=S)cc(C=NNC(N)=S)c1,[14],"[{'functional_group': 'tribromo', 'smiles_inds': [15]}]",0.9900479826078552
5,top,NC(=NN=C([O-])c1cc(Cl)cc(n1)C([O-])=NN=C(N)c1ccccn1)c1ccccn1,"[12, 5, 14]","[{'functional_group': 'fluoro', 'smiles_inds': [27]}, {'functional_group': 'ethyl', 'smiles_inds': [22]}]",0.9902510248464604
5,top,OCC1OC2OC3C(CO)OC(OC4C(CO)OC(OC5C(CO)OC(OC6C(CNCCC7=CNC=N7)OC(OC7C(CO)OC(OC8C(CO)OC(OC1C(O)C2O)C(O)C8O)C(O)C7O)C(O)C6O)C(O)C5O)C(O)C4O)C(O)C3O,"[37, 30]","[{'functional_group': 'methyl', 'smiles_inds': [28]}]",0.9903427431685315
5,top,[O-]c1ccccc1C1=NOC23c4c5c6c7c8c9c%10c%11c%12c%13c%14c%10c%10c%15c%14c%14c%16c%13c%13c%12c%12c%17c%11c9c9c%11c%17c%17c%12c%12c%13c%13c%16c%16c%14c%14c%15c(c6c8%10)c4c%14c4c%16c6c%13c%12c8c%17c%10c%11c(c79)c5c2c%10c8c6C134,"[8, 0]",[],0.9905920104341711
5,top,Cc1ncc(CO)c(C=NCN(CN=Cc2c(CO)cnc(C)c2[O-])CN=Cc2c(CO)cnc(C)c2[O-])c1[O-],"[39, 9, 37, 26, 24, 13]","[{'functional_group': 'trichloro', 'smiles_inds': [6]}, {'functional_group': 'carboxylate', 'smiles_inds': [10]}]",0.9920043147781814
5,top,NC1C(O)C(N)C([O-])C(NCCNC2C(O)C(N)C(O)C(N)C2[O-])C1O,"[12, 9, 21, 5, 23, 7]","[{'functional_group': 'carbonyl', 'smiles_inds': [8]}]",0.99273909960723
5,top,NC([S-])=NN=CC1=CNC(=O)N=C1[O-],"[2, 13, 4]",[],0.9927401903377563
5,top,NC([S-])=NN=CC1=CNC(=O)N=C1[O-],"[2, 13, 4]","[{'functional_group': 'carbonyl', 'smiles_inds': [7]}]",0.9936702134303754
5,top,CC(=NNC(N)=S)c1cc[c-]c(n1)C(C)=NN=C(N)[S-],"[19, 15, 10]","[{'functional_group': 'fluoro', 'smiles_inds': [3]}]",0.9943856963988095
5,top,NCC1OC2OC3C(O)C(O)C(OC3CN)OC3C(O)C(O)C(OC3CO)OC3C(O)C(O)C(OC3CO)OC3C(O)C(O)C(OC3CO)OC3C(O)C(O)C(OC3CO)OC3C(O)C(O)C(OC3CO)OC1C(O)C2O,"[15, 0]",[],0.9943950482508689
6,bottom,CP(CCP(C)c1c(cc(cc1C([Si](C)(C)C)[Si](C)(C)C)C([Si](C)(C)C)([Si](C)(C)C)[Si](C)(C)C)C([Si](C)(C)C)[Si](C)(C)C)c1c(cc(cc1C([Si](C)(C)C)[Si](C)(C)C)C([Si](C)(C)C)([Si](C)(C)C)[Si](C)(C)C)C([Si-](C)C)[Si](C)(C)C,"[4, 72, 1]",[],4.619842736625643e-13
6,bottom,C[Si](C)(C)C(c1cc(C([Si](C)(C)C)[Si](C)(C)C)c(Sc2ccccc2[Se]c2ccccc2[Se]c2ccccc2Sc2c(cc(cc2C([Si](C)(C)C)[Si](C)(C)C)C([Si](C)(C)C)[Si](C)(C)C)C([Si](C)(C)C)[Si](C)(C)C)c(c1)C([Si](C)(C)C)[Si](C)(C)C)[Si](C)(C)C,"[25, 32]","[{'functional_group': 'ethyl_ester', 'smiles_inds': [77]}, {'functional_group': 'trifluro', 'smiles_inds': [81]}]",5.982597239988957e-12
6,bottom,C[Si](C)(C)C(c1cc(C([Si](C)(C)C)[Si](C)(C)C)c([Se]c2ccccc2Sc2ccccc2Sc2ccccc2[Se]c2c(cc(cc2C([Si](C)(C)C)[Si](C)(C)C)C([Si](C)(C)C)[Si](C)(C)C)C([Si](C)(C)C)[Si](C)(C)C)c(c1)C([Si](C)(C)C)[Si](C)(C)C)[Si](C)(C)C,"[25, 32]","[{'functional_group': 'tribromo', 'smiles_inds': [78]}, {'functional_group': 'fluoro', 'smiles_inds': [8]}]",8.604389134988793e-12
6,bottom,C[Si](C)(C)C(c1cc(C([Si](C)(C)C)[Si](C)(C)C)c([Se]c2ccccc2Sc2ccccc2Sc2ccccc2[Se]c2c(cc(cc2C([Si](C)(C)C)[Si](C)(C)C)C([Si](C)(C)C)[Si](C)(C)C)C([Si](C)(C)C)[Si](C)(C)C)c(c1)C([Si](C)(C)C)[Si](C)(C)C)[Si](C)(C)C,"[25, 32]",[],9.415782308375153e-12
6,bottom,C[Si](C)(C)C(c1cc(C([Si](C)(C)C)[Si](C)(C)C)c([Se]c2ccccc2Sc2ccccc2Sc2ccccc2[Se]c2c(cc(cc2C([Si](C)(C)C)[Si](C)(C)C)C([Si](C)(C)C)[Si](C)(C)C)C([Si](C)(C)C)[Si](C)(C)C)c(c1)C([Si](C)(C)C)[Si](C)(C)C)[Si](C)(C)C,"[25, 32]","[{'functional_group': 'hydroxyl', 'smiles_inds': [44]}]",1.1872576188798158e-11
6,bottom,C[Si](C)(C)C(c1cc(C([Si](C)(C)C)[Si](C)(C)C)c([Se]c2ccccc2[Se]c2ccccc2[Se]c2ccccc2[Se]c2c(cc(cc2C([Si](C)(C)C)[Si](C)(C)C)C([Si](C)(C)C)[Si](C)(C)C)C([Si](C)(C)C)[Si](C)(C)C)c(c1)C([Si](C)(C)C)[Si](C)(C)C)[Si](C)(C)C,"[25, 32]",[],4.6900813853011206e-11
6,bottom,C[Si](C)(C)c1cc(cc(c1)[Si](C)(C)C)C(C(=O)Nc1cccc(NC(=O)C(c2cc(cc(c2)[Si](C)(C)C)[Si](C)(C)C)(c2cc(cc(c2)[Si](C)(C)C)[Si](C)(C)C)c2cc(cc(c2)[Si](C)(C)C)[Si](C)(C)C)c1[S-])(c1cc(cc(c1)[Si](C)(C)C)[Si](C)(C)C)c1cc(cc(c1)[Si](C)(C)C)[Si](C)(C)C,"[70, 16]",[],8.148648434620049e-11
6,bottom,C[Si](C)(C)c1cc(cc(c1)[Si](C)(C)C)C(C(=O)Nc1cccc(NC(=O)C(c2cc(cc(c2)[Si](C)(C)C)[Si](C)(C)C)(c2cc(cc(c2)[Si](C)(C)C)[Si](C)(C)C)c2cc(cc(c2)[Si](C)(C)C)[Si](C)(C)C)c1[S-])(c1cc(cc(c1)[Si](C)(C)C)[Si](C)(C)C)c1cc(cc(c1)[Si](C)(C)C)[Si](C)(C)C,"[70, 16]","[{'functional_group': 'carbonyl', 'smiles_inds': [84]}]",8.656494029268939e-11
6,bottom,C[Si](C)(C)c1cc(cc(c1)[Si](C)(C)C)C(C(=O)Nc1cccc(NC(=O)C(c2cc(cc(c2)[Si](C)(C)C)[Si](C)(C)C)(c2cc(cc(c2)[Si](C)(C)C)[Si](C)(C)C)c2cc(cc(c2)[Si](C)(C)C)[Si](C)(C)C)c1[S-])(c1cc(cc(c1)[Si](C)(C)C)[Si](C)(C)C)c1cc(cc(c1)[Si](C)(C)C)[Si](C)(C)C,"[70, 16]","[{'functional_group': 'amino', 'smiles_inds': [62]}]",1.6123905583084873e-10
6,bottom,CCC(C)(C)c1cc(C(c2cc(cc(c2OCCN(C)C(=O)CP(=O)(c2ccccc2)c2ccccc2)C(C)(C)CC)C(C)(C)CC)c2cc(cc(c2OCCN(C)C(=O)CP(=O)(c2ccccc2)c2ccccc2)C(C)(C)CC)C(C)(C)CC)c(OCCN(C)C(=O)CP(=O)(c2ccccc2)c2ccccc2)c(c1)C(C)(C)CC,"[21, 24, 59, 62, 92, 95]","[{'functional_group': 'amide', 'smiles_inds': [104]}]",6.54393365747253e-10
6,bottom,I[Te]1(O[Te]2(O[Te](O[Te]3(O[Te](I)(O[Te]4(O[Te](I)(O[Te]5(O[Te](O[Te]6(O[Te](I)(O[Te](O1)(O[Te]1(O[Te](O2)(O[Te](O3)(O[Te](O4)(O[Te](O5)(O[Te](O6)(O1)c1ccccc1)c1ccccc1)c1ccccc1)c1ccccc1)c1ccccc1)c1ccccc1)c1ccccc1)c1ccccc1)c1ccccc1)c1ccccc1)c1ccccc1)c1ccccc1)c1ccccc1)c1ccccc1)c1ccccc1)c1ccccc1)c1ccccc1)c1ccccc1,"[33, 39, 42, 30, 36, 45]","[{'functional_group': 'phenyl', 'smiles_inds': [91]}, {'functional_group': 'ethyl', 'smiles_inds': [127]}]",1.1431392805398527e-09
6,bottom,CCC(C)(C)c1cc(C(c2cc(cc(c2OCCN(C)C(=O)CP(=O)(c2ccccc2)c2ccccc2)C(C)(C)CC)C(C)(C)CC)c2cc(cc(c2OCCN(C)C(=O)CP(=O)(c2ccccc2)c2ccccc2)C(C)(C)CC)C(C)(C)CC)c(OCCN(C)C(=O)CP(=O)(c2ccccc2)c2ccccc2)c(c1)C(C)(C)CC,"[21, 24, 59, 62, 92, 95]",[],1.146506595566191e-09
6,bottom,CCC(C)(C)c1cc(C(c2cc(cc(c2OCCN(C)C(=O)CP(=O)(c2ccccc2)c2ccccc2)C(C)(C)CC)C(C)(C)CC)c2cc(cc(c2OCCN(C)C(=O)CP(=O)(c2ccccc2)c2ccccc2)C(C)(C)CC)C(C)(C)CC)c(OCCN(C)C(=O)CP(=O)(c2ccccc2)c2ccccc2)c(c1)C(C)(C)CC,"[21, 24, 59, 62, 92, 95]","[{'functional_group': 'phosphonate', 'smiles_inds': [54]}, {'functional_group': 'chloro', 'smiles_inds': [67]}]",1.8251265374354156e-09
6,bottom,CC(C)(C)c1cc2c(OP(Oc3c2cc(cc3C(C)(C)C)C(C)(C)C)O[Si]2(O[Si]3(O[Si](OP4Oc5c(cc(cc5C(C)(C)C)C(C)(C)C)c5cc(cc(c5O4)C(C)(C)C)C(C)(C)C)(O[Si]4(O[Si](O3)(O[Si](O2)(O[Si](O4)(O[Si](C)(c2ccccc2)c2ccccc2)C2CCCC2)C2CCCC2)C2CCCC2)C2CCCC2)C2CCCC2)C2CCCC2)C2CCCC2)c(c1)C(C)(C)C,"[9, 32]",[],2.625622324629414e-09
6,bottom,I[Te]1(O[Te]2(O[Te](O[Te]3(O[Te](I)(O[Te]4(O[Te](I)(O[Te]5(O[Te](O[Te]6(O[Te](I)(O[Te](O1)(O[Te]1(O[Te](O2)(O[Te](O3)(O[Te](O4)(O[Te](O5)(O[Te](O6)(O1)c1ccccc1)c1ccccc1)c1ccccc1)c1ccccc1)c1ccccc1)c1ccccc1)c1ccccc1)c1ccccc1)c1ccccc1)c1ccccc1)c1ccccc1)c1ccccc1)c1ccccc1)c1ccccc1)c1ccccc1)c1ccccc1)c1ccccc1)c1ccccc1,"[33, 39, 42, 30, 36, 45]",[],2.9893130164413893e-09
6,bottom,CCC(C)(C)c1cc(C(c2cc(cc(c2OCCCNC(=O)CP(=S)(c2ccccc2)c2ccccc2)C(C)(C)CC)C(C)(C)CC)c2cc(cc(c2OCCCNC(=O)CP(=S)(c2ccccc2)c2ccccc2)C(C)(C)CC)C(C)(C)CC)c(OCCCNC(=O)CP(=S)(c2ccccc2)c2ccccc2)c(c1)C(C)(C)CC,"[21, 59, 92]",[],5.981567935335997e-09
6,bottom,CCC(C)(C)c1cc(C(c2cc(cc(c2OCCNC(=O)CP(=O)(c2ccccc2)c2ccccc2)C(C)(C)CC)C(C)(C)CC)c2cc(cc(c2OCCNC(=O)CP(=O)(c2ccccc2)c2ccccc2)C(C)(C)CC)C(C)(C)CC)c(OCCNC(=O)CP(=O)(c2ccccc2)c2ccccc2)c(c1)C(C)(C)CC,"[20, 23, 57, 60, 89, 92]",[],6.201337495850385e-09
6,bottom,CCC(C)(C)c1cc(C(c2cc(cc(c2OCCCNC(=O)CP(=S)(c2ccccc2)c2ccccc2)C(C)(C)CC)C(C)(C)CC)c2cc(cc(c2OCCCNC(=O)CP(=S)(c2ccccc2)c2ccccc2)C(C)(C)CC)C(C)(C)CC)c(OCCCNC(=O)CP(=S)(c2ccccc2)c2ccccc2)c(c1)C(C)(C)CC,"[21, 59, 92]","[{'functional_group': 'iodo', 'smiles_inds': [64]}, {'functional_group': '2-hydroxypyridine', 'smiles_inds': [41]}]",7.405007208372104e-09
6,bottom,CCC(C)(C)c1cc(C(c2cc(cc(c2OCCCNC(=O)CP(=S)(c2ccccc2)c2ccccc2)C(C)(C)CC)C(C)(C)CC)c2cc(cc(c2OCCCNC(=O)CP(=S)(c2ccccc2)c2ccccc2)C(C)(C)CC)C(C)(C)CC)c(OCCCNC(=O)CP(=S)(c2ccccc2)c2ccccc2)c(c1)C(C)(C)CC,"[21, 59, 92]","[{'functional_group': 'carboxyllic_acid', 'smiles_inds': [28]}]",7.463174783439647e-09
6,bottom,Cc1cc(C)c(B(CCCP(CCCB(c2c(C)cc(C)cc2C)c2c(C)cc(C)cc2C)CCP(CCCB(c2c(C)cc(C)cc2C)c2c(C)cc(C)cc2C)CCCB(c2c(C)cc(C)cc2C)c2c(C)cc(C)cc2C)c2c(C)cc(C)cc2C)c(C)c1,"[35, 10]",[],8.834152029611023e-09
6,median,c1cc(ccn1)C#Cc1cnc2c(ccc3cc(cnc23)C#Cc2ccncc2)c1,"[10, 19]","[{'functional_group': 'tribromo', 'smiles_inds': [27]}]",0.48625066081522994
6,median,S(c1ccccn1)c1ccccn1,"[6, 12]",[],0.4862692245346493
6,median,[nH+]1c2ccccc2nc2c1c1cccnc1c1ncccc21,"[14, 17]","[{'functional_group': 'phenyl', 'smiles_inds': [3]}, {'functional_group': 'methyl_ester', 'smiles_inds': [0]}]",0.48631166795275177
6,median,CCC(N1CC(CC1=O)C=C(F)F)C(N)=O,[8],[],0.48633254537612775
6,median,FP(F)OCC=C,[1],[],0.48634935023360654
6,median,CC(=O)CC(C)(C)NCCN,"[2, 7, 10]",[],0.4863830519663873
6,median,CC(C=C([O-])C(F)(F)F)=Nc1cccc2ccccc12,"[9, 4]",[],0.48638694989651615
6,median,Cn1ccnc1S(C)=O,"[8, 4]",[],0.48639172079587334
6,median,Clc1ccc([O-])c(C=Nc2ccc3ncccc3c2)c1,"[5, 8]","[{'functional_group': 'ethyl', 'smiles_inds': [18]}, {'functional_group': 'cyano', 'smiles_inds': [2]}]",0.48640353102004935
6,median,Cc1cccnc1c1ccccc1,[5],[],0.4864128719014118
6,median,Cc1cc(C=O)c([O-])c(C=[NH+]CCc2ccccn2)c1,"[5, 7]",[],0.48645011200595295
6,median,[nH+]1c2ccccc2nc2c1c1cccnc1c1ncccc21,"[14, 17]","[{'functional_group': 'ethyl', 'smiles_inds': [18]}, {'functional_group': '2-methylbenzoic_acid', 'smiles_inds': [12]}]",0.4864553498361439
6,median,[nH+]1c2ccccc2nc2c1c1cccnc1c1ncccc21,"[14, 17]","[{'functional_group': 'ethyl', 'smiles_inds': [18]}, {'functional_group': '2-methylbenzoic_acid', 'smiles_inds': [3]}]",0.486455349836144
6,median,c1ccc(C=Nc2ccc3ccc4cccc5ccc2c3c45)[c-]c1,"[22, 5]","[{'functional_group': 'ketone', 'smiles_inds': [18]}]",0.48646446248999964
6,median,CCOc1cccc(C=NCCCNC(C)=CC(C)=O)c1[O-],"[21, 19, 9]",[],0.48655257748683806
6,median,CCOC(=O)C([Se-])=C(C)N=NC(C)=C([Se-])C(=O)OCC,"[6, 14, 9]","[{'functional_group': 'cyanimide', 'smiles_inds': [19]}]",0.48655461260403116
6,median,Cc1cccc(C=Nc2c(C)cccc2C)c1[O-],"[17, 7]","[{'functional_group': 'carbonyl', 'smiles_inds': [2]}, {'functional_group': 'bromo', 'smiles_inds': [3]}]",0.48659066309836596
6,median,[NH3+]C12CNCCSCC(CO)(CSCCNC1)CSCCNC2,"[6, 12, 18, 3, 15, 21]","[{'functional_group': '2-methylbenzoic_acid', 'smiles_inds': [10]}]",0.48660744253723875
6,median,CC(NCc1[c-]c(CNC(C)c2ccccc2)c(C)cc1C)c1ccccc1,"[5, 8, 2]","[{'functional_group': 'carboxyllic_acid', 'smiles_inds': [7]}, {'functional_group': 'phosphonate', 'smiles_inds': [23]}, {'functional_group': 'trifluro', 'smiles_inds': [26]}]",0.4866101020254605
6,median,[NH2+](CC1=CC=CS1)C12CNCCNCC([NH2+]CC3=CC=CS3)(CNCCNC1)CNCCNC2,"[26, 29, 23, 9, 32, 12]","[{'functional_group': '2-methylbenzoic_acid', 'smiles_inds': [33]}, {'functional_group': 'chloro', 'smiles_inds': [25]}]",0.4866306049689323
6,top,[NH3+]C1C([O-])C([NH3+])C([O-])C(N)C1[O-],"[7, 11, 3]",[],0.9888080228969076
6,top,Cc1ncc(CO)c(C=NCN(CN=Cc2c(CO)cnc(C)c2[O-])CN=Cc2c(CO)cnc(C)c2[O-])c1[O-],"[39, 9, 37, 26, 24, 13]","[{'functional_group': 'carbonyl', 'smiles_inds': [14]}]",0.9891460712258819
6,top,O=C(NCCNC(=O)c1ccc(C(=O)NCCNC(=O)C2=C([O-])C(=O)C=CO2)c([O-])c1[O-])C1=C([O-])C(=O)C=CO1,"[36, 34, 31, 29, 22, 24]","[{'functional_group': 'iodo', 'smiles_inds': [4]}, {'functional_group': 'hydroxyl', 'smiles_inds': [16]}]",0.9897829474972936
6,top,CC(=N[O-])C(C)=NN=C([O-])c1ccncc1,"[9, 2, 6]","[{'functional_group': 'ethyl', 'smiles_inds': [14]}, {'functional_group': 'cyanimide', 'smiles_inds': [0]}, {'functional_group': 'amino', 'smiles_inds': [15]}, {'functional_group': 'phosphonate', 'smiles_inds': [11]}, {'functional_group': 'phosphonate', 'smiles_inds': [12]}]",0.9899149196193204
6,top,Cc1ncc(CO)c(C=NCN(CN=Cc2c(CO)cnc(C)c2[O-])CN=Cc2c(CO)cnc(C)c2[O-])c1[O-],"[39, 9, 37, 26, 24, 13]","[{'functional_group': 'iodo', 'smiles_inds': [19]}, {'functional_group': 'bromo', 'smiles_inds': [8]}]",0.9899669103286952
6,top,CC(=N[O-])C(C)=NN=C([O-])c1ccncc1,"[9, 2, 6]","[{'functional_group': 'phosphonate', 'smiles_inds': [12]}, {'functional_group': 'carboxylate', 'smiles_inds': [11]}]",0.9902712568915475
6,top,[NH2+]=C(NN=C([O-])c1cccc(n1)C([O-])=NNC(=[NH2+])c1cnccn1)c1cnccn1,"[5, 11, 13]","[{'functional_group': 'cyano', 'smiles_inds': [8]}]",0.990409470538729
6,top,O=C1NC(=S)NC(=C1SC1=C([O-])NC(=S)NC1=O)[O-],"[18, 11, 8]",[],0.9908268152896376
6,top,NC1=NN=C(N)C1=NO,[3],"[{'functional_group': 'amino', 'smiles_inds': [8]}]",0.9911987643787434
6,top,O=C1c2[c-]c3c4c5[c-]c6C(=O)C7(c8ccccc8)C(=NC8(c9ccccn9)c9c1c1c2c2c3c3c%10c4c4c%11c5c5c6c6c%12C%13=C%14C%15=C%16C%17=C%18C(=C%19C3=C2C2=C3C%19=C%18C%18=C%16c%16c%14c%12c(c%12c%16c%18c3c(c12)c9%12)c8c76)C%10=C4C%17=C%15C%11=C5%13)c1ccccc1,"[7, 3, 10]","[{'functional_group': 'amino', 'smiles_inds': [82]}]",0.9914187363389254
6,top,NC([S-])=NN=Cc1ncccc1[O-],"[2, 12, 4]","[{'functional_group': 'amino', 'smiles_inds': [0]}, {'functional_group': 'phosphonate', 'smiles_inds': [9]}]",0.9916160259231164
6,top,NC1C(O)C(N)C([O-])C(NCCNC2C(O)C(N)C(O)C(N)C2[O-])C1O,"[12, 9, 21, 5, 23, 7]",[],0.9918402475785273
6,top,NC1C(O)C(N)C([O-])C(NCCNC2C(O)C(N)C(O)C(N)C2[O-])C1O,"[12, 9, 21, 5, 23, 7]","[{'functional_group': 'ether', 'smiles_inds': [6]}]",0.9922153759957939
6,top,NC1C(O)C(N)C([O-])C(NCCNC2C(O)C(N)C(O)C(N)C2[O-])C1O,"[12, 9, 21, 5, 23, 7]","[{'functional_group': 'fluoro', 'smiles_inds': [18]}]",0.9923244825677492
6,top,NC(=NN=C(N)c1cccc(n1)c1cccc(n1)C(N)=NN=C(N)c1ccccn1)c1ccccn1,"[11, 17, 3]",[],0.9925173778268466
6,top,[NH2+]=C(NN=C([O-])c1cccc(n1)C([O-])=NNC(=[NH2+])c1cnccn1)c1cnccn1,"[5, 11, 13]","[{'functional_group': 'carbonyl', 'smiles_inds': [21]}]",0.9926298066765777
6,top,C123C45C61C24S16C24C61C12C46S21C14C67C1(C246)S357,"[14, 4, 9]",[],0.9931365310803143
6,top,NC(CN(CCN(CC(N)=NO)CC(N)=NO)CC(N)=NO)=NO,"[22, 20, 10, 15, 3, 6]","[{'functional_group': 'bromo', 'smiles_inds': [0]}]",0.9931488479755375
6,top,NC(CN(CCN(CC(N)=NO)CC(N)=NO)CC(N)=NO)=NO,"[22, 20, 10, 15, 3, 6]","[{'functional_group': 'carbonyl', 'smiles_inds': [5]}, {'functional_group': 'carbonyl', 'smiles_inds': [12]}]",0.9954416692239283
6,top,NCC1OC2OC3C(O)C(O)C(OC3CN)OC3C(O)C(O)C(OC3CO)OC3C(O)C(O)C(OC3CO)OC3C(O)C(O)C(OC3CO)OC3C(O)C(O)C(OC3CO)OC3C(O)C(O)C(OC3CO)OC1C(O)C2O,"[15, 0]","[{'functional_group': 'carboxyl', 'smiles_inds': [20]}, {'functional_group': 'aldehyde', 'smiles_inds': [63]}, {'functional_group': 'cyanimide', 'smiles_inds': [9]}]",0.9969265197332114
7,bottom,C[Si](C)(C)c1cc(cc(c1)[Si](C#CP(C#C[Si](c1cc(cc(c1)[Si](C)(C)C)[Si](C)(C)C)(c1cc(cc(c1)[Si](C)(C)C)[Si](C)(C)C)c1cc(cc(c1)[Si](C)(C)C)[Si](C)(C)C)C#C[Si](c1cc(cc(c1)[Si](C)(C)C)[Si](C)(C)C)(c1cc(cc(c1)[Si](C)(C)C)[Si](C)(C)C)c1cc(cc(c1)[Si](C)(C)C)[Si](C)(C)C)(c1cc(cc(c1)[Si](C)(C)C)[Si](C)(C)C)c1cc(cc(c1)[Si](C)(C)C)[Si](C)(C)C)[Si](C)(C)C,[13],"[{'functional_group': 'ethyl', 'smiles_inds': [44]}, {'functional_group': 'methyl_ester', 'smiles_inds': [101]}]",1.2052150599232944e-17
7,bottom,C[Si](C)(C)c1cc(cc(c1)[Si](C#CP(C#C[Si](c1cc(cc(c1)[Si](C)(C)C)[Si](C)(C)C)(c1cc(cc(c1)[Si](C)(C)C)[Si](C)(C)C)c1cc(cc(c1)[Si](C)(C)C)[Si](C)(C)C)C#C[Si](c1cc(cc(c1)[Si](C)(C)C)[Si](C)(C)C)(c1cc(cc(c1)[Si](C)(C)C)[Si](C)(C)C)c1cc(cc(c1)[Si](C)(C)C)[Si](C)(C)C)(c1cc(cc(c1)[Si](C)(C)C)[Si](C)(C)C)c1cc(cc(c1)[Si](C)(C)C)[Si](C)(C)C)[Si](C)(C)C,[13],"[{'functional_group': 'ethyl_ester', 'smiles_inds': [81]}]",1.647187394305137e-17
7,bottom,CP(CCP(C)c1c(cc(cc1C([Si](C)(C)C)[Si](C)(C)C)C([Si](C)(C)C)([Si](C)(C)C)[Si](C)(C)C)C([Si](C)(C)C)[Si](C)(C)C)c1c(cc(cc1C([Si](C)(C)C)[Si](C)(C)C)C([Si](C)(C)C)([Si](C)(C)C)[Si](C)(C)C)C([Si-](C)C)[Si](C)(C)C,"[4, 72, 1]",[],3.6071609149548003e-13
7,bottom,CCCC[P](CCCC)(CCCC)CCP(CCP(CCP(CC[P](CCCC)(CCCC)CCCC)CC[P](CCCC)(CCCC)CCCC)c1ccccc1)CC[P](CCCC)(CCCC)CCCC,"[15, 18, 21]","[{'functional_group': 'iodo', 'smiles_inds': [63]}]",1.128779147999844e-12
7,bottom,C[Si](C)(C)C(c1cc(C([Si](C)(C)C)[Si](C)(C)C)c(Sc2ccccc2Sc2ccccc2Sc2ccccc2Sc2c(cc(cc2C([Si](C)(C)C)[Si](C)(C)C)C([Si](C)(C)C)[Si](C)(C)C)C([Si](C)(C)C)[Si](C)(C)C)c(c1)C([Si](C)(C)C)[Si](C)(C)C)[Si](C)(C)C,"[25, 32]",[],5.782738475949505e-12
7,bottom,C[Si](C)(C)C(c1cc(C([Si](C)(C)C)[Si](C)(C)C)c(Sc2ccccc2Sc2ccccc2Sc2ccccc2Sc2c(cc(cc2C([Si](C)(C)C)[Si](C)(C)C)C([Si](C)(C)C)[Si](C)(C)C)C([Si](C)(C)C)[Si](C)(C)C)c(c1)C([Si](C)(C)C)[Si](C)(C)C)[Si](C)(C)C,"[25, 32]","[{'functional_group': 'carboxylate', 'smiles_inds': [87]}]",1.2376709763382743e-11
7,bottom,C[Si](C)(C)C(c1cc(C([Si](C)(C)C)[Si](C)(C)C)c(Sc2ccccc2[Se]c2ccccc2[Se]c2ccccc2Sc2c(cc(cc2C([Si](C)(C)C)[Si](C)(C)C)C([Si](C)(C)C)[Si](C)(C)C)C([Si](C)(C)C)[Si](C)(C)C)c(c1)C([Si](C)(C)C)[Si](C)(C)C)[Si](C)(C)C,"[25, 32]",[],1.553517397799848e-11
7,bottom,C[Si](C)(C)C(c1cc(C([Si](C)(C)C)[Si](C)(C)C)c([Se]c2ccccc2Sc2ccccc2Sc2ccccc2[Se]c2c(cc(cc2C([Si](C)(C)C)[Si](C)(C)C)C([Si](C)(C)C)[Si](C)(C)C)C([Si](C)(C)C)[Si](C)(C)C)c(c1)C([Si](C)(C)C)[Si](C)(C)C)[Si](C)(C)C,"[25, 32]",[],1.553517397799848e-11
7,bottom,C[Si](C)(C)C(c1cc(C([Si](C)(C)C)[Si](C)(C)C)c([Se]c2ccccc2[Se]c2ccccc2[Se]c2ccccc2[Se]c2c(cc(cc2C([Si](C)(C)C)[Si](C)(C)C)C([Si](C)(C)C)[Si](C)(C)C)C([Si](C)(C)C)[Si](C)(C)C)c(c1)C([Si](C)(C)C)[Si](C)(C)C)[Si](C)(C)C,"[25, 32]","[{'functional_group': '2-methylbenzoic_acid', 'smiles_inds': [53]}]",1.8146982775152964e-11
7,bottom,C[Si](C)(C)C(c1cc(C([Si](C)(C)C)[Si](C)(C)C)c([Se]c2ccccc2[Se]c2ccccc2[Se]c2ccccc2[Se]c2c(cc(cc2C([Si](C)(C)C)[Si](C)(C)C)C([Si](C)(C)C)[Si](C)(C)C)C([Si](C)(C)C)[Si](C)(C)C)c(c1)C([Si](C)(C)C)[Si](C)(C)C)[Si](C)(C)C,"[25, 32]",[],4.1734834028282087e-11
7,bottom,CCC(C)(C)c1cc(C(c2cc(cc(c2OCCN(C)C(=O)CP(=O)(c2ccccc2)c2ccccc2)C(C)(C)CC)C(C)(C)CC)c2cc(cc(c2OCCN(C)C(=O)CP(=O)(c2ccccc2)c2ccccc2)C(C)(C)CC)C(C)(C)CC)c(OCCN(C)C(=O)CP(=O)(c2ccccc2)c2ccccc2)c(c1)C(C)(C)CC,"[21, 24, 59, 62, 92, 95]","[{'functional_group': 'ether', 'smiles_inds': [54]}, {'functional_group': 'cyanimide', 'smiles_inds': [45]}]",2.0227756919065073e-09
7,bottom,I[Te]1(O[Te]2(O[Te](O[Te]3(O[Te](I)(O[Te]4(O[Te](I)(O[Te]5(O[Te](O[Te]6(O[Te](I)(O[Te](O1)(O[Te]1(O[Te](O2)(O[Te](O3)(O[Te](O4)(O[Te](O5)(O[Te](O6)(O1)c1ccccc1)c1ccccc1)c1ccccc1)c1ccccc1)c1ccccc1)c1ccccc1)c1ccccc1)c1ccccc1)c1ccccc1)c1ccccc1)c1ccccc1)c1ccccc1)c1ccccc1)c1ccccc1)c1ccccc1)c1ccccc1)c1ccccc1)c1ccccc1,"[33, 39, 42, 30, 36, 45]","[{'functional_group': 'ether', 'smiles_inds': [72]}]",3.0985300847793077e-09
7,bottom,CC(C)(C)c1cc2c(OP(Oc3c2cc(cc3C(C)(C)C)C(C)(C)C)O[Si]2(O[Si]3(O[Si](OP4Oc5c(cc(cc5C(C)(C)C)C(C)(C)C)c5cc(cc(c5O4)C(C)(C)C)C(C)(C)C)(O[Si]4(O[Si](O3)(O[Si](O2)(O[Si](O4)(O[Si](C)(c2ccccc2)c2ccccc2)C2CCCC2)C2CCCC2)C2CCCC2)C2CCCC2)C2CCCC2)C2CCCC2)C2CCCC2)c(c1)C(C)(C)C,"[9, 32]",[],3.236136580104e-09
7,bottom,CCC(C)(C)c1cc(C(c2cc(cc(c2OCCCNC(=O)CP(=S)(c2ccccc2)c2ccccc2)C(C)(C)CC)C(C)(C)CC)c2cc(cc(c2OCCCNC(=O)CP(=S)(c2ccccc2)c2ccccc2)C(C)(C)CC)C(C)(C)CC)c(OCCCNC(=O)CP(=S)(c2ccccc2)c2ccccc2)c(c1)C(C)(C)CC,"[21, 59, 92]","[{'functional_group': 'methyl_ester', 'smiles_inds': [103]}]",5.338849131684667e-09
7,bottom,Cc1cc(C)c(B(CCCP(CCCB(c2c(C)cc(C)cc2C)c2c(C)cc(C)cc2C)CCP(CCCB(c2c(C)cc(C)cc2C)c2c(C)cc(C)cc2C)CCCB(c2c(C)cc(C)cc2C)c2c(C)cc(C)cc2C)c2c(C)cc(C)cc2C)c(C)c1,"[35, 10]",[],5.650983128402587e-09
7,bottom,CCC(C)(C)c1cc(C(c2cc(cc(c2OCCCNC(=O)CP(=S)(c2ccccc2)c2ccccc2)C(C)(C)CC)C(C)(C)CC)c2cc(cc(c2OCCCNC(=O)CP(=S)(c2ccccc2)c2ccccc2)C(C)(C)CC)C(C)(C)CC)c(OCCCNC(=O)CP(=S)(c2ccccc2)c2ccccc2)c(c1)C(C)(C)CC,"[21, 59, 92]",[],5.9284214306298054e-09
7,bottom,CCC(C)(C)c1cc(C(c2cc(cc(c2OCCNC(=O)CP(=O)(c2ccccc2)c2ccccc2)C(C)(C)CC)C(C)(C)CC)c2cc(cc(c2OCCNC(=O)CP(=O)(c2ccccc2)c2ccccc2)C(C)(C)CC)C(C)(C)CC)c(OCCNC(=O)CP(=O)(c2ccccc2)c2ccccc2)c(c1)C(C)(C)CC,"[20, 23, 57, 60, 89, 92]",[],7.699822878170665e-09
7,bottom,CCCCCC1c2cc3C(CCCCC)c4cc5C(CCCCC)c6cc7C(CCCCC)c8cc1c1OCOc2cc3OCOc4c(P(c2ccccc2)c2ccccc2)c5OCOc6cc7OCOc8c1OCc1cccc(COc2c3OCOc4cc5OCOc6c7cc8C(CCCCC)c9cc%10C(CCCCC)c(cc3C(CCCCC)c4cc5C7CCCCC)c2OCOc%10cc9OCOc8c6P(c2ccccc2)c2ccccc2)c1,"[48, 142]","[{'functional_group': 'thiol', 'smiles_inds': [102]}]",1.5114823786318347e-08
7,bottom,CC(C)COc1cc(nc2nc(NC(=O)c3cc(OCC(C)C)c4ccc(NC(=O)c5cc(OCC(C)C)c6cc(OCC(C)C)c(cc6n5)C(=O)NNC(=O)c5ccc(nn5)c5cccc(n5)c5ccc(nn5)C(=O)NNC(=O)c5cc6nc(cc(OCC(C)C)c6cc5OCC(C)C)C(=O)Nc5ccc6c(OCC(C)C)cc(nc6n5)C(=O)Nc5ccc6c(OCC(C)C)cc(nc6n5)C(=O)Nc5cccc(NC(=O)c6cc(OCC(C)C)c7cccc(NC(=O)c8cc(OCC(C)C)c9cccc(NC(=O)c%10cc(OCC(C)C)c%11cccc(c%11n%10)N(=O)=O)c9n8)c7n6)n5)nc4n3)ccc12)C(=O)Nc1cccc(NC(=O)c2cc(OCC(C)C)c3cccc(NC(=O)c4cc(OCC(C)C)c5cccc(NC(=O)c6cc(OCC(C)C)c7cccc(c7n6)N(=O)=O)c5n4)c3n2)n1,"[60, 67, 73]","[{'functional_group': 'amide', 'smiles_inds': [3]}]",2.9059312322165196e-08
7,bottom,CC(C)(C)c1cc(C(c2cc(cc(c2OCCNC(=O)CP(=O)(c2ccccc2)c2ccccc2)C(C)(C)C)C(C)(C)C)c2cc(cc(c2OCCNC(=O)CP(=O)(c2ccccc2)c2ccccc2)C(C)(C)C)C(C)(C)C)c(OCCNC(=O)CP(=O)(c2ccccc2)c2ccccc2)c(c1)C(C)(C)C,"[19, 22, 54, 57, 84, 87]",[],3.5878330255190604e-08
7,median,Fc1ccc(NC(=O)c2cc(nc3ccccc23)c2cccc[c-]2)cc1,"[23, 11]","[{'functional_group': 'fluoro', 'smiles_inds': [16]}, {'functional_group': 'ketone', 'smiles_inds': [13]}]",0.49092437630925806
7,median,CC(N=Cc1ccccn1)c1ccc(F)cc1,"[9, 2]","[{'functional_group': 'carbonyl', 'smiles_inds': [12]}]",0.4909348817820049
7,median,CSCCC[NH2+]CCc1cccnc1,[12],[],0.4909403904456795
7,median,Cc1ccnc(c1)c1ccccn1,"[4, 12]","[{'functional_group': 'ethyl', 'smiles_inds': [11]}, {'functional_group': 'methyl', 'smiles_inds': [2]}]",0.4910422649317203
7,median,Brc1ccnc(c1)c1cc(Br)ccn1,"[4, 13]","[{'functional_group': 'ethyl', 'smiles_inds': [11]}, {'functional_group': 'ethyl', 'smiles_inds': [2]}, {'functional_group': 'aldehyde', 'smiles_inds': [12]}]",0.4910673482418215
7,median,Cc1cc(nc2CCCc12)N=C1[N-]C(=Nc2cc(C)c3CCCc3n2)c2ccccc12,"[12, 4]",[],0.49109738338201436
7,median,CN1N=C(C)C(=O)N(N)C1=S,"[8, 10]","[{'functional_group': 'ethyl', 'smiles_inds': [4]}, {'functional_group': 'cyano', 'smiles_inds': [0]}]",0.49118019172675725
7,median,C=CCOC(=O)C[CH2-],"[5, 7]",[],0.4911958718194261
7,median,COc1cc(cc(OC)c1OC)C1=NN=C(O1)c1cc(OC)c(OC)c(OC)c1,[13],"[{'functional_group': 'cyano', 'smiles_inds': [11]}]",0.49120570632949995
7,median,O=C1N(C(=O)c2ccc(c3cccc1c23)N(=O)=O)c1cc2cccnc2c2ncccc12,"[24, 27]","[{'functional_group': 'trifluro', 'smiles_inds': [23]}, {'functional_group': 'carboxylate', 'smiles_inds': [11]}]",0.49122381042392543
7,median,Cc1cc(C)c(c(C)c1)C(N)=O,[10],[],0.4912447113443529
7,median,CC(C)(C)NC(=O)c1ccccn1,"[6, 12]","[{'functional_group': 'ether', 'smiles_inds': [0]}]",0.49128422551851947
7,median,[nH+]1c2ccccc2nc2c1c1cccnc1c1ncccc21,"[14, 17]","[{'functional_group': 'ethyl', 'smiles_inds': [18]}, {'functional_group': 'hydroxyl', 'smiles_inds': [0]}, {'functional_group': '2-methylbenzoic_acid', 'smiles_inds': [13]}]",0.4912995457277342
7,median,CN(C)c1ccc2ccc3cccnc3c2n1,"[1, 16]","[{'functional_group': 'tribromo', 'smiles_inds': [12]}]",0.4913036740630966
7,median,CN1C(=NN=C1c1ccccn1)C,"[4, 1]","[{'functional_group': 'amide', 'smiles_inds': [12]}, {'functional_group': 'bromo', 'smiles_inds': [10]}]",0.4913381165056332
7,median,CC(C)(C)c1cc(cc(c1)C(C)(C)C)c1cc(nc(c1)c1cccc[c-]1)C1=Nc2ccccc2S1,"[27, 17, 25]","[{'functional_group': 'tribromo', 'smiles_inds': [24]}]",0.49134621011760243
7,median,COCC1OC2OC3C(CN)OC(OC4C(COC)OC(OC5C(COC)OC(OC6C(CN)OC(OC7C(COC)OC(OC1C(OC)C2OC)C(OC)C7OC)C(OC)C6OC)C(OC)C5OC)C(OC)C4OC)C(OC)C3OC,"[33, 10]","[{'functional_group': 'carboxylate', 'smiles_inds': [28]}, {'functional_group': 'amide', 'smiles_inds': [49]}]",0.4913637664060296
7,median,CCCc1ccc2cccc(C3=Nc4ccccc4S3)c2n1,"[21, 12]",[],0.4913792447917702
7,median,O(c1ccccc1)c1ccccn1,[12],[],0.49138740571420236
7,median,[O-]c1c2ccccc2c2ccccc2c1N=NC1=Nc2ccccc2S1,"[0, 18, 15]",[],0.4914284794797999
7,top,Cc1nc2nc(N)nc([O-])c2nc1C(=O)[O-],"[15, 9, 11]",[],0.9872553015729238
7,top,NC(=S)NN=CC1=CNC(=O)N=C1[O-],"[2, 13, 4]","[{'functional_group': 'amino', 'smiles_inds': [3]}, {'functional_group': 'thiol', 'smiles_inds': [0]}]",0.9872602021548017
7,top,NC(=NN=C([O-])C(=NNC(=O)c1cccc(n1)C(=O)NN=C(C([O-])=NN=C(N)c1ccccn1)c1ccccc1)c1ccccc1)c1ccccn1,"[23, 5, 51, 2, 25, 33]",[],0.9872684872843686
7,top,[O-]c1ccccc1C1=NOC23c4c5c6c7c8c9c%10c%11c%12c%13c%14c%10c%10c%15c%14c%14c%16c%13c%13c%12c%12c%17c%11c9c9c%11c%17c%17c%12c%12c%13c%13c%16c%16c%14c%14c%15c(c6c8%10)c4c%14c4c%16c6c%13c%12c8c%17c%10c%11c(c79)c5c2c%10c8c6C134,"[8, 0]","[{'functional_group': 'trifluro', 'smiles_inds': [5]}]",0.9876160049010285
7,top,O=C1c2[c-]c3c4c5[c-]c6C(=O)C7(c8ccccc8)C(=NC8(c9ccccn9)c9c1c1c2c2c3c3c%10c4c4c%11c5c5c6c6c%12C%13=C%14C%15=C%16C%17=C%18C(=C%19C3=C2C2=C3C%19=C%18C%18=C%16c%16c%14c%12c(c%12c%16c%18c3c(c12)c9%12)c8c76)C%10=C4C%17=C%15C%11=C5%13)c1ccccc1,"[7, 3, 10]",[],0.9876184545418661
7,top,NC(=S)NN=CC1=CNC(=O)N=C1[O-],"[2, 13, 4]",[],0.9877605170808997
7,top,C1=NC2(C3=[S]42C1C34)C12N=CC3C4C1=[S]234,"[1, 8]","[{'functional_group': 'cyano', 'smiles_inds': [5]}, {'functional_group': 'amino', 'smiles_inds': [9]}]",0.9881196883433818
7,top,Cc1cc(C=NNC(N)=S)c([O-])c(C=NN=C(N)[S-])c1,"[18, 11, 14]","[{'functional_group': 'fluoro', 'smiles_inds': [0]}, {'functional_group': 'ether', 'smiles_inds': [6]}]",0.9881233902067594
7,top,CC1(C)OC2OC(C=NN=C(N)[O-])C(O)C2O1,"[8, 12]","[{'functional_group': 'thiol', 'smiles_inds': [15]}, {'functional_group': 'amino', 'smiles_inds': [6]}]",0.988326148933808
7,top,NC(=NN=C([O-])C(=NNC(=O)c1cccc(n1)C(=O)NN=C(C([O-])=NN=C(N)c1ccccn1)c1ccccc1)c1ccccc1)c1ccccn1,"[23, 5, 51, 2, 25, 33]","[{'functional_group': 'carbonyl', 'smiles_inds': [49]}]",0.9888384054858321
7,top,[NH3+]C1C([O-])C([NH3+])C([O-])C([NH3+])C1[O-],"[3, 7, 11]","[{'functional_group': 'carbonyl', 'smiles_inds': [1]}]",0.9890510512700702
7,top,NC(=NN=C([O-])c1cc(Cl)cc(n1)C([O-])=NN=C(N)c1ccccn1)c1ccccn1,"[12, 5, 14]","[{'functional_group': 'ether', 'smiles_inds': [18]}, {'functional_group': 'methyl_ester', 'smiles_inds': [20]}]",0.9904029077368006
7,top,Nc1nc(N)nc(n1)c1cccc(n1)c1nc(N)nc(N)n1,"[13, 5, 15]",[],0.9905943722570814
7,top,[NH2+]=C(NN=C([O-])c1cccc(n1)C([O-])=NNC(=[NH2+])c1cnccn1)c1cnccn1,"[5, 11, 13]",[],0.9915408183593216
7,top,NC(=NN=C(N)c1cccc(n1)c1cccc(n1)C(N)=NN=C(N)c1ccccn1)c1ccccn1,"[11, 17, 3]",[],0.9916414683500167
7,top,O=C1NC(=S)NC(=C1SC1=C([O-])NC(=S)NC1=O)[O-],"[18, 11, 8]",[],0.9926194636709047
7,top,NC(=S)NN=Cc1cc(C=NNC(N)=S)cc(C=NNC(N)=S)c1,[14],[],0.9933576896038049
7,top,C1=CN2C(=N1)N1C=CN=C1N1C=CN=C21,[4],"[{'functional_group': 'ether', 'smiles_inds': [12]}, {'functional_group': 'phosphonate', 'smiles_inds': [6]}, {'functional_group': 'carboxylate', 'smiles_inds': [0]}]",0.9935415713115805
7,top,NC(CN(CCN(CC(N)=NO)CC(N)=NO)CC(N)=NO)=NO,"[22, 20, 10, 15, 3, 6]",[],0.9951539832376602
7,top,NC(=S)NN=Cc1cc(C=NNC(N)=S)cc(C=NNC(N)=S)c1,[14],"[{'functional_group': 'amino', 'smiles_inds': [0]}, {'functional_group': 'carboxylate', 'smiles_inds': [13]}]",0.9963077974311755
8,bottom,CP(CCP(C)c1c(cc(cc1C([Si](C)(C)C)[Si](C)(C)C)C([Si](C)(C)C)([Si](C)(C)C)[Si](C)(C)C)C([Si](C)(C)C)[Si](C)(C)C)c1c(cc(cc1C([Si](C)(C)C)[Si](C)(C)C)C([Si](C)(C)C)([Si](C)(C)C)[Si](C)(C)C)C([Si-](C)C)[Si](C)(C)C,"[4, 72, 1]",[],1.0836837144004502e-13
8,bottom,C[Si](C)(C)C(c1cc(C([Si](C)(C)C)[Si](C)(C)C)c(Sc2ccccc2Sc2ccccc2Sc2ccccc2Sc2c(cc(cc2C([Si](C)(C)C)[Si](C)(C)C)C([Si](C)(C)C)[Si](C)(C)C)C([Si](C)(C)C)[Si](C)(C)C)c(c1)C([Si](C)(C)C)[Si](C)(C)C)[Si](C)(C)C,"[25, 32]",[],6.315273898261708e-13
8,bottom,C[Si](C)(C)C(c1cc(C([Si](C)(C)C)[Si](C)(C)C)c([Se]c2ccccc2Sc2ccccc2Sc2ccccc2[Se]c2c(cc(cc2C([Si](C)(C)C)[Si](C)(C)C)C([Si](C)(C)C)[Si](C)(C)C)C([Si](C)(C)C)[Si](C)(C)C)c(c1)C([Si](C)(C)C)[Si](C)(C)C)[Si](C)(C)C,"[25, 32]","[{'functional_group': 'thiol', 'smiles_inds': [21]}, {'functional_group': 'methyl', 'smiles_inds': [2]}]",2.378532624453988e-12
8,bottom,C[Si](C)(C)C(c1cc(C([Si](C)(C)C)[Si](C)(C)C)c([Se]c2ccccc2Sc2ccccc2Sc2ccccc2[Se]c2c(cc(cc2C([Si](C)(C)C)[Si](C)(C)C)C([Si](C)(C)C)[Si](C)(C)C)C([Si](C)(C)C)[Si](C)(C)C)c(c1)C([Si](C)(C)C)[Si](C)(C)C)[Si](C)(C)C,"[25, 32]","[{'functional_group': 'chloro', 'smiles_inds': [75]}, {'functional_group': 'iodo', 'smiles_inds': [66]}]",2.9993082684586197e-12
8,bottom,C[Si](C)(C)c1cc(cc(c1)[Si](C)(C)C)C(C(=O)Nc1cccc(NC(=O)C(c2cc(cc(c2)[Si](C)(C)C)[Si](C)(C)C)(c2cc(cc(c2)[Si](C)(C)C)[Si](C)(C)C)c2cc(cc(c2)[Si](C)(C)C)[Si](C)(C)C)c1[S-])(c1cc(cc(c1)[Si](C)(C)C)[Si](C)(C)C)c1cc(cc(c1)[Si](C)(C)C)[Si](C)(C)C,"[70, 16]","[{'functional_group': '2-hydroxypyridine', 'smiles_inds': [39]}, {'functional_group': 'phenyl', 'smiles_inds': [11]}, {'functional_group': 'bromo', 'smiles_inds': [52]}]",1.1911374901704887e-11
8,bottom,CC(C)(C)c1cc2c3cc(cc4c5cc(cc6c7cc(cc8c9cc(cc%10c%11cc(cc%12c(c1)c2c1c(c34)c(c56)c(c78)c(c9%10)c1c%11%12)C(C)(C)C)C(C)(C)C)C(C)(C)C)C(C)(C)C)P(c1cc2c3cc(cc4c5cc(cc6c7cc(cc8c9cc(cc%10c%11cc(cc%12c(c1)c2c1c(c34)c(c56)c(c78)c(c9%10)c1c%11%12)C(C)(C)C)C(C)(C)C)C(C)(C)C)C(C)(C)C)C(C)(C)C)c1cc2c3cc(cc4c5cc(cc6c7cc(cc8c9cc(cc%10c%11cc(cc%12c(c1)c2c1c(c34)c(c56)c(c78)c(c9%10)c1c%11%12)C(C)(C)C)C(C)(C)C)C(C)(C)C)C(C)(C)C)C(C)(C)C,[62],[],4.9184786513260144e-11
8,bottom,I[Te]1(O[Te]2(O[Te](O[Te]3(O[Te](I)(O[Te]4(O[Te](I)(O[Te]5(O[Te](O[Te]6(O[Te](I)(O[Te](O1)(O[Te]1(O[Te](O2)(O[Te](O3)(O[Te](O4)(O[Te](O5)(O[Te](O6)(O1)c1ccccc1)c1ccccc1)c1ccccc1)c1ccccc1)c1ccccc1)c1ccccc1)c1ccccc1)c1ccccc1)c1ccccc1)c1ccccc1)c1ccccc1)c1ccccc1)c1ccccc1)c1ccccc1)c1ccccc1)c1ccccc1)c1ccccc1)c1ccccc1,"[33, 39, 42, 30, 36, 45]","[{'functional_group': 'amide', 'smiles_inds': [97]}]",5.887972778395512e-10
8,bottom,I[Te]1(O[Te]2(O[Te](O[Te]3(O[Te](I)(O[Te]4(O[Te](I)(O[Te]5(O[Te](O[Te]6(O[Te](I)(O[Te](O1)(O[Te]1(O[Te](O2)(O[Te](O3)(O[Te](O4)(O[Te](O5)(O[Te](O6)(O1)c1ccccc1)c1ccccc1)c1ccccc1)c1ccccc1)c1ccccc1)c1ccccc1)c1ccccc1)c1ccccc1)c1ccccc1)c1ccccc1)c1ccccc1)c1ccccc1)c1ccccc1)c1ccccc1)c1ccccc1)c1ccccc1)c1ccccc1)c1ccccc1,"[33, 39, 42, 30, 36, 45]","[{'functional_group': 'ethyl_ester', 'smiles_inds': [111]}]",6.933898146944044e-10
8,bottom,Cc1cc(C)c(B(CCCP(CCCB(c2c(C)cc(C)cc2C)c2c(C)cc(C)cc2C)CCP(CCCB(c2c(C)cc(C)cc2C)c2c(C)cc(C)cc2C)CCCB(c2c(C)cc(C)cc2C)c2c(C)cc(C)cc2C)c2c(C)cc(C)cc2C)c(C)c1,"[35, 10]",[],1.405712077462386e-09
8,bottom,Cc1cc(C)c(B(CCCP(CCCB(c2c(C)cc(C)cc2C)c2c(C)cc(C)cc2C)CCP(CCCB(c2c(C)cc(C)cc2C)c2c(C)cc(C)cc2C)CCCB(c2c(C)cc(C)cc2C)c2c(C)cc(C)cc2C)c2c(C)cc(C)cc2C)c(C)c1,"[35, 10]","[{'functional_group': 'hydroxyl', 'smiles_inds': [33]}, {'functional_group': 'tribromo', 'smiles_inds': [76]}]",2.783351729391171e-09
8,bottom,CCC(C)(C)c1cc(C(c2cc(cc(c2OCCNC(=O)CP(=O)(c2ccccc2)c2ccccc2)C(C)(C)CC)C(C)(C)CC)c2cc(cc(c2OCCNC(=O)CP(=O)(c2ccccc2)c2ccccc2)C(C)(C)CC)C(C)(C)CC)c(OCCNC(=O)CP(=O)(c2ccccc2)c2ccccc2)c(c1)C(C)(C)CC,"[20, 23, 57, 60, 89, 92]",[],4.022811558421401e-09
8,bottom,C1CCCCCCCCCCCP2CCCCCCCCCCCCCCCCCCCCCCP(CCCCCCCCCC1)CCCCCCCCCCCCCCCCCCCCCC2,"[12, 35]","[{'functional_group': 'iodo', 'smiles_inds': [31]}]",9.496876674508237e-09
8,bottom,CC(C)COc1cc(nc2nc(NC(=O)c3cc(OCC(C)C)c4ccc(NC(=O)c5cc(OCC(C)C)c6cc(OCC(C)C)c(cc6n5)C(=O)NNC(=O)c5ccc(nn5)c5cccc(n5)c5ccc(nn5)C(=O)NNC(=O)c5cc6nc(cc(OCC(C)C)c6cc5OCC(C)C)C(=O)Nc5ccc6c(OCC(C)C)cc(nc6n5)C(=O)Nc5ccc6c(OCC(C)C)cc(nc6n5)C(=O)Nc5cccc(NC(=O)c6cc(OCC(C)C)c7cccc(NC(=O)c8cc(OCC(C)C)c9cccc(NC(=O)c%10cc(OCC(C)C)c%11cccc(c%11n%10)N(=O)=O)c9n8)c7n6)n5)nc4n3)ccc12)C(=O)Nc1cccc(NC(=O)c2cc(OCC(C)C)c3cccc(NC(=O)c4cc(OCC(C)C)c5cccc(NC(=O)c6cc(OCC(C)C)c7cccc(c7n6)N(=O)=O)c5n4)c3n2)n1,"[60, 67, 73]",[],1.3290193036442617e-08
8,bottom,Cc1cc(C(c2ccc(cc2)C2CCCCC2)c2ccc(cc2)C2CCCCC2)c(N=C(C)C(C)=Nc2c(cc(C)cc2C(c2ccc(cc2)C2CCCCC2)c2ccc(cc2)C2CCCCC2)C(c2ccc(cc2)C2CCCCC2)c2ccc(cc2)C2CCCCC2)c(c1)C(c1ccc(cc1)C1CCCCC1)c1ccc(cc1)C1CCCCC1,"[30, 35]","[{'functional_group': 'methyl', 'smiles_inds': [24]}, {'functional_group': 'carboxyllic_acid', 'smiles_inds': [117]}]",1.7208359879078155e-08
8,bottom,C[Si](O[Si]1(O[Si]2(O[Si](OP(c3ccccc3)c3ccccc3)(O[Si]3(O[Si](OP(c4ccccc4)c4ccccc4)(O[Si](O[Si](O3)(O2)C2CCCC2)(O1)C1CCCC1)C1CCCC1)C1CCCC1)C1CCCC1)C1CCCC1)C1CCCC1)(c1ccccc1)c1ccccc1,"[27, 9]",[],1.7307059828983433e-08
8,bottom,CC(C)(C)c1cc(C(c2cc(cc(c2OCCNC(=O)CP(=O)(c2ccccc2)c2ccccc2)C(C)(C)C)C(C)(C)C)c2cc(cc(c2OCCNC(=O)CP(=O)(c2ccccc2)c2ccccc2)C(C)(C)C)C(C)(C)C)c(OCCNC(=O)CP(=O)(c2ccccc2)c2ccccc2)c(c1)C(C)(C)C,"[19, 22, 54, 57, 84, 87]",[],1.9586773237892213e-08
8,bottom,Cc1cc(C(c2ccc(cc2)C2CCCCC2)c2ccc(cc2)C2CCCCC2)c(N=C(C)C(C)=Nc2c(cc(C)cc2C(c2ccc(cc2)C2CCCCC2)c2ccc(cc2)C2CCCCC2)C(c2ccc(cc2)C2CCCCC2)c2ccc(cc2)C2CCCCC2)c(c1)C(c1ccc(cc1)C1CCCCC1)c1ccc(cc1)C1CCCCC1,"[30, 35]",[],1.9646470543508958e-08
8,bottom,CCCOc1c2Cc3cc(cc(Cc4cccc(Cc5cc(cc(Cc1ccc2)c5OCCC)c1cccc(c1)c1cc2Cc5cccc(Cc6cc(cc(Cc7cccc(Cc(c1)c2OCCC)c7OCCC)c6OCCC)P(c1ccccc1)c1ccccc1)c5OCCC)c4OCCC)c3OCCC)P(c1ccccc1)c1ccccc1,"[107, 79]","[{'functional_group': 'cyanimide', 'smiles_inds': [59]}]",2.4109214073363925e-08
8,bottom,CC(C)(C)c1cc2c3cc(cc4c5cc(cc6c7cc(cc8c9cc(cc%10c%11cc(cc%12c(c1)c2c1c(c34)c(c56)c(c78)c(c9%10)c1c%11%12)C(C)(C)C)C(C)(C)C)C(C)(C)C)C(C)(C)C)P(c1ccccc1)c1cc2c3cc(cc4c5cc(cc6c7cc(cc8c9cc(cc%10c%11cc(cc%12c(c1)c2c1c(c34)c(c56)c(c78)c(c9%10)c1c%11%12)C(C)(C)C)C(C)(C)C)C(C)(C)C)C(C)(C)C)C(C)(C)C,[62],"[{'functional_group': 'phenyl', 'smiles_inds': [122]}, {'functional_group': 'carbonyl', 'smiles_inds': [118]}]",2.699394551400183e-08
8,bottom,CCCOc1c2Cc3cc(cc(Cc4cccc(Cc5cc(cc(Cc1ccc2)c5OCCC)c1cccc(c1)c1cc2Cc5cccc(Cc6cc(cc(Cc7cccc(Cc(c1)c2OCCC)c7OCCC)c6OCCC)P(c1ccccc1)c1ccccc1)c5OCCC)c4OCCC)c3OCCC)P(c1ccccc1)c1ccccc1,"[107, 79]",[],2.9807309852001556e-08
8,median,Oc1cccc(C(=O)Nc2cc3cccnc3c3ncccc23)c1O,"[15, 18]","[{'functional_group': 'chloro', 'smiles_inds': [2]}]",0.4800287275992655
8,median,COC(=O)c1ccccc1N=Nc1ccc([O-])c2ncccc12,"[16, 18]","[{'functional_group': 'ether', 'smiles_inds': [14]}]",0.4800504240314104
8,median,CN(C)c1ccc(cc1)C1=NC(=C2C=CC=CN12)c1ccccn1,"[1, 10]",[],0.48008643326251166
8,median,CN1C(=O)N(C)c2nc3ccccc3nc2C1=O,"[17, 14]",[],0.4801247370090211
8,median,[CH2-]C1COCCOCCOCCOC1,"[3, 0]",[],0.4801757297503434
8,median,CSc1ccc(N)cc1,[6],[],0.48018050612201935
8,median,CSc1ccccc1N,"[1, 8]",[],0.48018050612201935
8,median,OC(=O)c1ccc(CN2C=CC=C(C(=O)[O-])C2=O)cc1,"[17, 15]",[],0.4801825312850449
8,median,CN1C=CN(C1=S)c1ncccn1,"[8, 6]","[{'functional_group': 'ketone', 'smiles_inds': [0]}, {'functional_group': 'chloro', 'smiles_inds': [9]}]",0.4801941812212009
8,median,Cc1ccc(cc1)C(O)=O,[9],"[{'functional_group': 'iodo', 'smiles_inds': [8]}]",0.4802116160346484
8,median,C1Cc2ccccc2S1,[8],[],0.4802175203702568
8,median,CCCCC1C=C[N-]C(=C1)c1ccccn1,"[7, 15]","[{'functional_group': 'bromo', 'smiles_inds': [1]}]",0.4802263596114778
8,median,CC(C)(C)c1cc(CNCC[O-])c([O-])c(c1)C(C)(C)C,"[13, 11, 8]",[],0.4802550698597336
8,median,CN(C)C(=NCc1cccc(CN=C(N(C)C)N(C)C)n1)N(C)C,"[1, 4, 12]","[{'functional_group': 'tribromo', 'smiles_inds': [16]}]",0.4802799975766634
8,median,Brc1cc(CN(CCN(Cc2ccccn2)Cc2cc(Br)cc(C=O)c2[O-])Cc2ccccn2)c([O-])c(C=O)c1,"[26, 35, 15, 33, 8, 5]","[{'functional_group': '2-hydroxypyridine', 'smiles_inds': [21]}, {'functional_group': 'phenyl', 'smiles_inds': [29]}, {'functional_group': 'fluoro', 'smiles_inds': [4]}]",0.48032132202571726
8,median,CC(=O)NCc1ccnc(c1)c1cc(CNC(C)=O)ccn1,"[8, 21]","[{'functional_group': '2-hydroxypyridine', 'smiles_inds': [7]}, {'functional_group': 'trichloro', 'smiles_inds': [17]}]",0.48037880852596726
8,median,CCCN1C=NC=N1,[5],"[{'functional_group': 'cyano', 'smiles_inds': [6]}, {'functional_group': 'iodo', 'smiles_inds': [1]}]",0.4804068477211217
8,median,c1ccc(cc1)B(N1C=Cc2cccnc12)N1C=Cc2cccnc12,"[7, 6, 16]",[],0.4804096770657212
8,median,CN(C)C(=N)N(C(=N)N(C(=N)N(C)C)c1ccccc1)c1ccccc1,"[4, 10]",[],0.4804688788772856
8,median,CC(=O)C(=N[N-]c1ccccc1C(=O)[O-])C(=O)Nc1ccccc1,"[14, 16, 5]",[],0.4804868980043548
8,top,NC(=S)[N-]N=C1C(Nc2ccccc12)=NN=C(N)[S-],"[18, 3, 14]",[],0.9867966574086638
8,top,NCCN=C(N)NC(N)=N,"[0, 3, 9]",[],0.9869834888474455
8,top,NC1C(O)C(N)C(O)C(NCCNC2C(O)C(N)C(O)C(N)C2O)C1O,"[0, 9, 12, 17, 21, 5]","[{'functional_group': 'tribromo', 'smiles_inds': [4]}]",0.987404323046346
8,top,CC1=C(C=NCC(CO)(CN=CC2=C(C)NC=N2)CN=CC2=C(C)NC=N2)N=CN1,"[17, 10, 26, 19, 27, 4]","[{'functional_group': 'iodo', 'smiles_inds': [16]}, {'functional_group': 'phosphonate', 'smiles_inds': [0]}, {'functional_group': 'amino', 'smiles_inds': [8]}]",0.9875146095999681
8,top,NC(=NN=CC(=O)[O-])c1ccccn1,"[7, 13, 2]","[{'functional_group': 'thiol', 'smiles_inds': [12]}, {'functional_group': 'carboxylate', 'smiles_inds': [10]}, {'functional_group': 'phosphonate', 'smiles_inds': [9]}]",0.9875417067888917
8,top,[O-]c1ccccc1C1=NOC23c4c5c6c7c8c9c%10c%11c%12c%13c%14c%10c%10c%15c%14c%14c%16c%13c%13c%12c%12c%17c%11c9c9c%11c%17c%17c%12c%12c%13c%13c%16c%16c%14c%14c%15c(c6c8%10)c4c%14c4c%16c6c%13c%12c8c%17c%10c%11c(c79)c5c2c%10c8c6C134,"[8, 0]",[],0.9877604386393675
8,top,O=C([O-])C1=C(NC=N1)C1=Nc2ccccc2N1,"[2, 7]","[{'functional_group': 'carboxylate', 'smiles_inds': [13]}, {'functional_group': 'phosphonate', 'smiles_inds': [5]}]",0.9885236561990312
8,top,Cc1ncc(CO)c(C=NCN(CN=Cc2c(CO)cnc(C)c2[O-])CN=Cc2c(CO)cnc(C)c2[O-])c1[O-],"[39, 9, 37, 26, 24, 13]",[],0.988892088532568
8,top,O=C(NCCNC(=O)c1ccc(C(=O)NCCNC(=O)C2=C([O-])C(=O)C=CO2)c([O-])c1[O-])C1=C([O-])C(=O)C=CO1,"[36, 34, 31, 29, 22, 24]",[],0.9890202170423263
8,top,c1cnc(nc1)c1nc(nc(n1)c1ncccn1)c1ncccn1,"[2, 7, 19]",[],0.9902949175143487
8,top,[NH3+]C1C([O-])C([NH3+])C([O-])C([NH3+])C1[O-],"[3, 7, 11]","[{'functional_group': 'methyl_ester', 'smiles_inds': [1]}, {'functional_group': 'fluoro', 'smiles_inds': [4]}]",0.9902949879215005
8,top,c1cnc(nc1)c1nc(nc(n1)c1ncccn1)c1ncccn1,"[2, 7, 19]","[{'functional_group': 'iodo', 'smiles_inds': [22]}]",0.9911868048089338
8,top,NC([S-])=NN=CC1=CNC(=O)N=C1[O-],"[2, 13, 4]","[{'functional_group': 'cyano', 'smiles_inds': [7]}, {'functional_group': 'fluoro', 'smiles_inds': [5]}]",0.9912687696168202
8,top,Cc1[nH+]cc(CO)c(C=NC(C(N=Cc2c(CO)c[nH+]c(C)c2[O-])c2c(CO)cnc(C)c2[O-])c2c(CO)cnc(C)c2[O-])c1[O-],"[9, 45, 12, 23, 33, 43]",[],0.9913400621132252
8,top,CCNC([S-])=NN=Cc1c([O-])c(C)[nH+]cc1CO,"[4, 10, 6]","[{'functional_group': 'carboxylate', 'smiles_inds': [14]}, {'functional_group': 'amino', 'smiles_inds': [12]}, {'functional_group': 'tribromo', 'smiles_inds': [16]}]",0.9920389901098136
8,top,NC(=S)NN=Cc1cc(C=NNC(N)=S)cc(C=NNC(N)=S)c1,[14],[],0.9926223637139683
8,top,NCC1OC2OC3C(O)C(O)C(OC3CN)OC3C(O)C(O)C(OC3CO)OC3C(O)C(O)C(OC3CO)OC3C(O)C(O)C(OC3CO)OC3C(O)C(O)C(OC3CO)OC3C(O)C(O)C(OC3CO)OC1C(O)C2O,"[15, 0]",[],0.993694256496842
8,top,NC1C(O)C(N)C([O-])C(NCCNC2C(O)C(N)C(O)C(N)C2[O-])C1O,"[12, 9, 21, 5, 23, 7]",[],0.995275310587856
8,top,NC(=NN=C([O-])c1cc(Cl)cc(n1)C([O-])=NN=C(N)c1ccccn1)c1ccccn1,"[12, 5, 14]","[{'functional_group': 'amino', 'smiles_inds': [26]}]",0.9960416885634692
8,top,C123C45C61C24S16C24C61C12C46S21C14C67C1(C246)S357,"[14, 4, 9]",[],0.996264288793523
9,bottom,CCCC[P](CCCC)(CCCC)CCP(CCP(CCP(CC[P](CCCC)(CCCC)CCCC)CC[P](CCCC)(CCCC)CCCC)c1ccccc1)CC[P](CCCC)(CCCC)CCCC,"[15, 18, 21]",[],9.841707136109022e-13
9,bottom,C[Si](C)(C)C(c1cc(C([Si](C)(C)C)[Si](C)(C)C)c(Sc2ccccc2[Se]c2ccccc2[Se]c2ccccc2Sc2c(cc(cc2C([Si](C)(C)C)[Si](C)(C)C)C([Si](C)(C)C)[Si](C)(C)C)C([Si](C)(C)C)[Si](C)(C)C)c(c1)C([Si](C)(C)C)[Si](C)(C)C)[Si](C)(C)C,"[25, 32]","[{'functional_group': 'cyano', 'smiles_inds': [83]}]",1.52023746145637e-12
9,bottom,C[Si](C)(C)C(c1cc(C([Si](C)(C)C)[Si](C)(C)C)c([Se]c2ccccc2[Se]c2ccccc2[Se]c2ccccc2[Se]c2c(cc(cc2C([Si](C)(C)C)[Si](C)(C)C)C([Si](C)(C)C)[Si](C)(C)C)C([Si](C)(C)C)[Si](C)(C)C)c(c1)C([Si](C)(C)C)[Si](C)(C)C)[Si](C)(C)C,"[25, 32]","[{'functional_group': 'iodo', 'smiles_inds': [15]}, {'functional_group': 'carboxyllic_acid', 'smiles_inds': [61]}]",8.168741151487615e-12
9,bottom,C[Si](C)(C)C(c1cc(C([Si](C)(C)C)[Si](C)(C)C)c([Se]c2ccccc2[Se]c2ccccc2[Se]c2ccccc2[Se]c2c(cc(cc2C([Si](C)(C)C)[Si](C)(C)C)C([Si](C)(C)C)[Si](C)(C)C)C([Si](C)(C)C)[Si](C)(C)C)c(c1)C([Si](C)(C)C)[Si](C)(C)C)[Si](C)(C)C,"[25, 32]","[{'functional_group': 'fluoro', 'smiles_inds': [46]}]",8.213980628217194e-12
9,bottom,CC(C)(C)c1cc2c3cc(cc4c5cc(cc6c7cc(cc8c9cc(cc%10c%11cc(cc%12c(c1)c2c1c(c34)c(c56)c(c78)c(c9%10)c1c%11%12)C(C)(C)C)C(C)(C)C)C(C)(C)C)C(C)(C)C)P(c1cc2c3cc(cc4c5cc(cc6c7cc(cc8c9cc(cc%10c%11cc(cc%12c(c1)c2c1c(c34)c(c56)c(c78)c(c9%10)c1c%11%12)C(C)(C)C)C(C)(C)C)C(C)(C)C)C(C)(C)C)C(C)(C)C)c1cc2c3cc(cc4c5cc(cc6c7cc(cc8c9cc(cc%10c%11cc(cc%12c(c1)c2c1c(c34)c(c56)c(c78)c(c9%10)c1c%11%12)C(C)(C)C)C(C)(C)C)C(C)(C)C)C(C)(C)C)C(C)(C)C,[62],"[{'functional_group': 'iodo', 'smiles_inds': [144]}, {'functional_group': 'cyanimide', 'smiles_inds': [131]}]",1.4389011946505627e-11
9,bottom,CC(C)(C)c1cc2c(OP(Oc3c2cc(cc3C(C)(C)C)C(C)(C)C)O[Si]2(O[Si]3(O[Si](OP4Oc5c(cc(cc5C(C)(C)C)C(C)(C)C)c5cc(cc(c5O4)C(C)(C)C)C(C)(C)C)(O[Si]4(O[Si](O3)(O[Si](O2)(O[Si](O4)(O[Si](C)(c2ccccc2)c2ccccc2)C2CCCC2)C2CCCC2)C2CCCC2)C2CCCC2)C2CCCC2)C2CCCC2)C2CCCC2)c(c1)C(C)(C)C,"[9, 32]",[],1.0109379873070269e-10
9,bottom,I[Te]1(O[Te]2(O[Te](O[Te]3(O[Te](I)(O[Te]4(O[Te](I)(O[Te]5(O[Te](O[Te]6(O[Te](I)(O[Te](O1)(O[Te]1(O[Te](O2)(O[Te](O3)(O[Te](O4)(O[Te](O5)(O[Te](O6)(O1)c1ccccc1)c1ccccc1)c1ccccc1)c1ccccc1)c1ccccc1)c1ccccc1)c1ccccc1)c1ccccc1)c1ccccc1)c1ccccc1)c1ccccc1)c1ccccc1)c1ccccc1)c1ccccc1)c1ccccc1)c1ccccc1)c1ccccc1)c1ccccc1,"[33, 39, 42, 30, 36, 45]","[{'functional_group': 'ethyl', 'smiles_inds': [113]}]",2.2217949551143375e-10
9,bottom,I[Te]1(O[Te]2(O[Te](O[Te]3(O[Te](I)(O[Te]4(O[Te](I)(O[Te]5(O[Te](O[Te]6(O[Te](I)(O[Te](O1)(O[Te]1(O[Te](O2)(O[Te](O3)(O[Te](O4)(O[Te](O5)(O[Te](O6)(O1)c1ccccc1)c1ccccc1)c1ccccc1)c1ccccc1)c1ccccc1)c1ccccc1)c1ccccc1)c1ccccc1)c1ccccc1)c1ccccc1)c1ccccc1)c1ccccc1)c1ccccc1)c1ccccc1)c1ccccc1)c1ccccc1)c1ccccc1)c1ccccc1,"[33, 39, 42, 30, 36, 45]","[{'functional_group': 'methyl', 'smiles_inds': [139]}, {'functional_group': 'amino', 'smiles_inds': [141]}]",3.813684902394782e-10
9,bottom,Cc1cc(C)c(B(CCCP(CCCB(c2c(C)cc(C)cc2C)c2c(C)cc(C)cc2C)CCP(CCCB(c2c(C)cc(C)cc2C)c2c(C)cc(C)cc2C)CCCB(c2c(C)cc(C)cc2C)c2c(C)cc(C)cc2C)c2c(C)cc(C)cc2C)c(C)c1,"[35, 10]","[{'functional_group': 'phenyl', 'smiles_inds': [58]}, {'functional_group': 'ethyl', 'smiles_inds': [43]}]",4.756738882910663e-10
9,bottom,C1CCCCCCCCCCCP2CCCCCCCCCCCCCCCCCCCCCCP(CCCCCCCCCC1)CCCCCCCCCCCCCCCCCCCCCC2,"[12, 35]","[{'functional_group': '2-methylbenzoic_acid', 'smiles_inds': [60]}, {'functional_group': '2-methylbenzoic_acid', 'smiles_inds': [11]}]",1.6866942988432016e-09
9,bottom,Cc1cc(C)c(B(CCCP(CCCB(c2c(C)cc(C)cc2C)c2c(C)cc(C)cc2C)CCP(CCCB(c2c(C)cc(C)cc2C)c2c(C)cc(C)cc2C)CCCB(c2c(C)cc(C)cc2C)c2c(C)cc(C)cc2C)c2c(C)cc(C)cc2C)c(C)c1,"[35, 10]",[],1.723881982710157e-09
9,bottom,Cc1cc(C(c2ccc(cc2)C2CCCCC2)c2ccc(cc2)C2CCCCC2)c(N=C(C)C(C)=Nc2c(cc(C)cc2C(c2ccc(cc2)C2CCCCC2)c2ccc(cc2)C2CCCCC2)C(c2ccc(cc2)C2CCCCC2)c2ccc(cc2)C2CCCCC2)c(c1)C(c1ccc(cc1)C1CCCCC1)c1ccc(cc1)C1CCCCC1,"[30, 35]","[{'functional_group': 'trichloro', 'smiles_inds': [101]}]",8.274915738516169e-09
9,bottom,C[Si](O[Si]1(O[Si]2(O[Si](OP(c3ccccc3)c3ccccc3)(O[Si]3(O[Si](OP(c4ccccc4)c4ccccc4)(O[Si](O[Si](O3)(O2)C2CCCC2)(O1)C1CCCC1)C1CCCC1)C1CCCC1)C1CCCC1)C1CCCC1)C1CCCC1)(c1ccccc1)c1ccccc1,"[27, 9]","[{'functional_group': 'iodo', 'smiles_inds': [21]}]",8.931488315199837e-09
9,bottom,C1CCCCCCCCCCCP2CCCCCCCCCCCCCCCCCCCCCCP(CCCCCCCCCC1)CCCCCCCCCCCCCCCCCCCCCC2,"[12, 35]",[],9.262503525638619e-09
9,bottom,CCCOc1c2Cc3cc(cc(Cc4cccc(Cc5cc(cc(Cc1ccc2)c5OCCC)c1cccc(c1)c1cc2Cc5cccc(Cc6cc(cc(Cc7cccc(Cc(c1)c2OCCC)c7OCCC)c6OCCC)P(c1ccccc1)c1ccccc1)c5OCCC)c4OCCC)c3OCCC)P(c1ccccc1)c1ccccc1,"[107, 79]","[{'functional_group': '2-methylbenzoic_acid', 'smiles_inds': [14]}, {'functional_group': 'trifluro', 'smiles_inds': [32]}]",1.298286765985431e-08
9,bottom,CCCOc1c2Cc3cc(cc(Cc4cccc(Cc5cc(cc(Cc1ccc2)c5OCCC)c1cccc(c1)c1cc2Cc5cccc(Cc6cc(cc(Cc7cccc(Cc(c1)c2OCCC)c7OCCC)c6OCCC)P(c1ccccc1)c1ccccc1)c5OCCC)c4OCCC)c3OCCC)P(c1ccccc1)c1ccccc1,"[107, 79]","[{'functional_group': 'cyanimide', 'smiles_inds': [28]}]",1.7907306277393693e-08
9,bottom,CC(C)(C)c1cc2c3cc(cc4c5cc(cc6c7cc(cc8c9cc(cc%10c%11cc(cc%12c(c1)c2c1c(c34)c(c56)c(c78)c(c9%10)c1c%11%12)C(C)(C)C)C(C)(C)C)C(C)(C)C)C(C)(C)C)P(c1ccccc1)c1cc2c3cc(cc4c5cc(cc6c7cc(cc8c9cc(cc%10c%11cc(cc%12c(c1)c2c1c(c34)c(c56)c(c78)c(c9%10)c1c%11%12)C(C)(C)C)C(C)(C)C)C(C)(C)C)C(C)(C)C)C(C)(C)C,[62],"[{'functional_group': 'hydroxyl', 'smiles_inds': [124]}, {'functional_group': 'methyl_ester', 'smiles_inds': [67]}]",3.1967150619369085e-08
9,bottom,CC(C)(C)c1ccc(cc1)C(c1ccc(cc1)C(C)(C)C)c1cc(F)cc(C(c2ccc(cc2)C(C)(C)C)c2ccc(cc2)C(C)(C)C)c1N=C1c2cccc3cccc(C1=Nc1c(cc(F)cc1C(c1ccc(cc1)C(C)(C)C)c1ccc(cc1)C(C)(C)C)C(c1ccc(cc1)C(C)(C)C)c1ccc(cc1)C(C)(C)C)c23,"[61, 49]","[{'functional_group': 'hydroxyl', 'smiles_inds': [69]}, {'functional_group': 'ethyl_ester', 'smiles_inds': [39]}]",3.4662360035548846e-08
9,bottom,CC(C)(C)c1ccc(cc1)C(c1ccc(cc1)C(C)(C)C)c1cc(F)cc(C(c2ccc(cc2)C(C)(C)C)c2ccc(cc2)C(C)(C)C)c1N=C1c2cccc3cccc(C1=Nc1c(cc(F)cc1C(c1ccc(cc1)C(C)(C)C)c1ccc(cc1)C(C)(C)C)C(c1ccc(cc1)C(C)(C)C)c1ccc(cc1)C(C)(C)C)c23,"[61, 49]",[],3.729950669020051e-08
9,bottom,CC(C)(C)c1ccc(cc1)C(c1ccc(cc1)C(C)(C)C)c1cc(F)cc(C(c2ccc(cc2)C(C)(C)C)c2ccc(cc2)C(C)(C)C)c1N=C1c2cccc3cccc(C1=Nc1c(cc(F)cc1C(c1ccc(cc1)C(C)(C)C)c1ccc(cc1)C(C)(C)C)C(c1ccc(cc1)C(C)(C)C)c1ccc(cc1)C(C)(C)C)c23,"[61, 49]","[{'functional_group': 'iodo', 'smiles_inds': [15]}, {'functional_group': 'carboxyl', 'smiles_inds': [99]}]",4.1813750740196125e-08
9,median,COc1ccc(cc1)N=Cc1ccc(OC(=O)c2ccc(OC)cc2)c[c-]1,"[8, 26]",[],0.48337507466520085
9,median,Cc1ccc2cc(c3ccccc3)c3ccc(C)nc3c2n1,"[21, 18]","[{'functional_group': 'amino', 'smiles_inds': [12]}]",0.48337574036033143
9,median,O=C(CC1=CSC=C1)Nc1ccccn1,"[0, 14]",[],0.48341634169569053
9,median,CC1=C(C)[N-]C(S1)=NN=C(N=Nc1ccccc1)c1ccccc1,"[11, 8, 4]","[{'functional_group': 'bromo', 'smiles_inds': [23]}]",0.48343903070720473
9,median,CCN1C=C(C(=O)[O-])C(=S)c2ccc(C)nc12,"[9, 7]","[{'functional_group': 'ethyl_ester', 'smiles_inds': [14]}]",0.48346652617277097
9,median,OCCN1C=C(N=N1)c1ccccn1,"[3, 6]",[],0.48348687030522025
9,median,CC(=[NH+]CCC1=CNc2ccccc12)c1ccccc1[O-],[20],[],0.48349377892992945
9,median,CC(C)c1cccc(C(C)C)c1N=Cc1ccc2OCOc2[c-]1,"[12, 22]","[{'functional_group': 'ether', 'smiles_inds': [4]}]",0.48350457269816005
9,median,Cc1ccnc(c1)C(=O)[N-]C(=O)c1cc(C)ccn1,"[4, 9, 18]","[{'functional_group': 'phenyl', 'smiles_inds': [2]}]",0.48351554037509004
9,median,c1ccc(cc1)N1C(=Nc2c3ccccc3c3ccccc3c12)c1ccccn1,"[8, 6]","[{'functional_group': 'carbonyl', 'smiles_inds': [5]}, {'functional_group': 'phosphonate', 'smiles_inds': [26]}]",0.4835393262145523
9,median,CC(=O)c1ccc(cc1)c1ccncc1,[12],"[{'functional_group': 'hydroxyl', 'smiles_inds': [11]}]",0.4835852248979743
9,median,CC(C)NC(=O)c1ccc(cc1)C(=C1C=CC=N1)C1=CC=C[N-]1,"[22, 17]","[{'functional_group': 'carboxyllic_acid', 'smiles_inds': [2]}]",0.4836633197958885
9,median,FC(F)(F)c1ccnc(Sc2cccc(Sc3cc(ccn3)C(F)(F)F)n2)c1,"[7, 26, 21]",[],0.48366383421491815
9,median,Clc1ccc2N=C(Sc2c1)N=NC1=Nc2ccc(Cl)cc2S1,"[5, 11]","[{'functional_group': 'cyanimide', 'smiles_inds': [9]}, {'functional_group': 'cyano', 'smiles_inds': [2]}]",0.48369046185640174
9,median,CC(N=Cc1cccc(C)n1)c1ccccc1,"[10, 2]","[{'functional_group': 'carboxyl', 'smiles_inds': [15]}]",0.48370155507356954
9,median,CC(=O)C(N=Nc1ccc(Br)cc1)=Nc1cccc2cccnc12,"[22, 5, 13]","[{'functional_group': 'phosphonate', 'smiles_inds': [20]}]",0.48374782055260057
9,median,CC(C)SC(SC(C)C)=CN=C(c1ccccc1)c1cccc[c-]1,"[3, 10, 23]","[{'functional_group': 'amide', 'smiles_inds': [8]}, {'functional_group': 'thiol', 'smiles_inds': [1]}]",0.48375194530221444
9,median,Cc1ccccc1C(O)=O,[8],"[{'functional_group': 'cyanimide', 'smiles_inds': [4]}, {'functional_group': 'carboxyllic_acid', 'smiles_inds': [3]}]",0.4837811841415523
9,median,C[Si](C)(C)Cl,[4],"[{'functional_group': 'carboxylate', 'smiles_inds': [2]}]",0.48382871823313495
9,median,N1C=CN=C1c1ccccn1,"[10, 3]","[{'functional_group': 'ethyl_ester', 'smiles_inds': [2]}, {'functional_group': 'amide', 'smiles_inds': [0]}]",0.48383560575806756
9,top,[NH3+]C1C([O-])C([NH3+])C([O-])C([NH3+])C1[O-],"[3, 7, 11]",[],0.9916500063203141
9,top,O=C(NCCNC(=O)c1ccc(C(=O)NCCNC(=O)C2=C([O-])C(=O)C=CO2)c([O-])c1[O-])C1=C([O-])C(=O)C=CO1,"[36, 34, 31, 29, 22, 24]",[],0.9918627398120172
9,top,NC(=S)[N-]N=C1C(Nc2ccccc12)=NN=C(N)[S-],"[18, 3, 14]","[{'functional_group': 'amino', 'smiles_inds': [11]}]",0.9919983575152171
9,top,NC([S-])=NN=Cc1cccc[c-]1,"[11, 2, 4]","[{'functional_group': 'ether', 'smiles_inds': [9]}, {'functional_group': 'carboxylate', 'smiles_inds': [8]}]",0.9921146270375937
9,top,Cc1nc2nc(N)nc([O-])c2nc1C(=O)[O-],"[15, 9, 11]","[{'functional_group': 'carbonyl', 'smiles_inds': [0]}]",0.9923137533069336
9,top,c1cnc(nc1)c1nc(nc(n1)c1ncccn1)c1ncccn1,"[2, 7, 19]",[],0.9923282056373336
9,top,C1=CN2C(=N1)N1C=CN=C1N1C(=CN=C21)c1ccncc1,[10],"[{'functional_group': 'carboxylate', 'smiles_inds': [12]}]",0.9926849995942261
9,top,NC1=NN=C(N)C1=NO,[3],"[{'functional_group': 'hydroxyl', 'smiles_inds': [5]}, {'functional_group': 'phosphonate', 'smiles_inds': [8]}]",0.9927094599266463
9,top,[NH2+]=C(NN=C([O-])c1cccc(n1)C([O-])=NNC(=[NH2+])c1cnccn1)c1cnccn1,"[5, 11, 13]","[{'functional_group': 'methyl_ester', 'smiles_inds': [2]}, {'functional_group': 'trifluro', 'smiles_inds': [22]}]",0.9930312732499583
9,top,N=C=Nc1[nH+]c(N=C=N)nc([nH+]1)N=C=[N-],[14],"[{'functional_group': 'tribromo', 'smiles_inds': [0]}]",0.9934070393596616
9,top,NCC1OC2OC3C(O)C(O)C(OC3CN)OC3C(O)C(O)C(OC3CO)OC3C(O)C(O)C(OC3CO)OC3C(O)C(O)C(OC3CO)OC3C(O)C(O)C(OC3CO)OC3C(O)C(O)C(OC3CO)OC1C(O)C2O,"[15, 0]","[{'functional_group': 'ketone', 'smiles_inds': [75]}]",0.9935243891300919
9,top,NC(=S)NN=CC1=CNC(=O)N=C1[O-],"[2, 13, 4]","[{'functional_group': 'phosphonate', 'smiles_inds': [7]}, {'functional_group': 'ether', 'smiles_inds': [5]}]",0.9936927055384239
9,top,OCC1OC2OC3C(CO)OC(OC4C(CO)OC(OC5C(CO)OC(OC6C(CNCCC7=CNC=N7)OC(OC7C(CO)OC(OC8C(CO)OC(OC1C(O)C2O)C(O)C8O)C(O)C7O)C(O)C6O)C(O)C5O)C(O)C4O)C(O)C3O,"[37, 30]","[{'functional_group': 'iodo', 'smiles_inds': [42]}]",0.9938593204209026
9,top,Cc1ncc(CO)c(C=NCN(CN=Cc2c(CO)cnc(C)c2[O-])CN=Cc2c(CO)cnc(C)c2[O-])c1[O-],"[39, 9, 37, 26, 24, 13]",[],0.9941780312428968
9,top,NC(=NN=C(N)c1cccc(n1)c1cccc(n1)C(N)=NN=C(N)c1ccccn1)c1ccccn1,"[11, 17, 3]","[{'functional_group': 'carboxyllic_acid', 'smiles_inds': [23]}]",0.9942734903522675
9,top,[NH3+]C1C([O-])C([NH3+])C([O-])C(N)C1[O-],"[7, 11, 3]","[{'functional_group': 'tribromo', 'smiles_inds': [8]}]",0.9955712090390822
9,top,NCC1OC2OC3C(O)C(O)C(OC3CN)OC3C(O)C(O)C(OC3CO)OC3C(O)C(O)C(OC3CO)OC3C(O)C(O)C(OC3CO)OC3C(O)C(O)C(OC3CO)OC3C(O)C(O)C(OC3CO)OC1C(O)C2O,"[15, 0]",[],0.996031061384044
9,top,C123C45C61C24S16C24C61C12C46S21C14C67C1(C246)S357,"[14, 4, 9]",[],0.9961748467662799
9,top,NC(=NN=C(N)c1cccc(n1)c1cccc(n1)C(N)=NN=C(N)c1ccccn1)c1ccccn1,"[11, 17, 3]","[{'functional_group': 'amino', 'smiles_inds': [26]}]",0.9965136673590718
9,top,Cc1[nH+]cc(CO)c(C=NC(C(N=Cc2c(CO)c[nH+]c(C)c2[O-])c2c(CO)cnc(C)c2[O-])c2c(CO)cnc(C)c2[O-])c1[O-],"[9, 45, 12, 23, 33, 43]","[{'functional_group': 'carboxyllic_acid', 'smiles_inds': [13]}, {'functional_group': 'carboxyllic_acid', 'smiles_inds': [41]}]",0.9975499359270436
10,bottom,C[Si](C)(C)c1cc(cc(c1)[Si](C#CP(C#C[Si](c1cc(cc(c1)[Si](C)(C)C)[Si](C)(C)C)(c1cc(cc(c1)[Si](C)(C)C)[Si](C)(C)C)c1cc(cc(c1)[Si](C)(C)C)[Si](C)(C)C)C#C[Si](c1cc(cc(c1)[Si](C)(C)C)[Si](C)(C)C)(c1cc(cc(c1)[Si](C)(C)C)[Si](C)(C)C)c1cc(cc(c1)[Si](C)(C)C)[Si](C)(C)C)(c1cc(cc(c1)[Si](C)(C)C)[Si](C)(C)C)c1cc(cc(c1)[Si](C)(C)C)[Si](C)(C)C)[Si](C)(C)C,[13],"[{'functional_group': 'methyl', 'smiles_inds': [52]}, {'functional_group': 'ether', 'smiles_inds': [135]}, {'functional_group': 'carbonyl', 'smiles_inds': [57]}]",1.333689729913803e-17
10,bottom,C[Si](C)(C)c1cc(cc(c1)[Si](C#CP(C#C[Si](c1cc(cc(c1)[Si](C)(C)C)[Si](C)(C)C)(c1cc(cc(c1)[Si](C)(C)C)[Si](C)(C)C)c1cc(cc(c1)[Si](C)(C)C)[Si](C)(C)C)C#C[Si](c1cc(cc(c1)[Si](C)(C)C)[Si](C)(C)C)(c1cc(cc(c1)[Si](C)(C)C)[Si](C)(C)C)c1cc(cc(c1)[Si](C)(C)C)[Si](C)(C)C)(c1cc(cc(c1)[Si](C)(C)C)[Si](C)(C)C)c1cc(cc(c1)[Si](C)(C)C)[Si](C)(C)C)[Si](C)(C)C,[13],[],1.6481963027803578e-17
10,bottom,CP(CCP(C)c1c(cc(cc1C([Si](C)(C)C)[Si](C)(C)C)C([Si](C)(C)C)([Si](C)(C)C)[Si](C)(C)C)C([Si](C)(C)C)[Si](C)(C)C)c1c(cc(cc1C([Si](C)(C)C)[Si](C)(C)C)C([Si](C)(C)C)([Si](C)(C)C)[Si](C)(C)C)C([Si-](C)C)[Si](C)(C)C,"[4, 72, 1]",[],1.8489432236594656e-12
10,bottom,CP(CCP(C)c1c(cc(cc1C([Si](C)(C)C)[Si](C)(C)C)C([Si](C)(C)C)([Si](C)(C)C)[Si](C)(C)C)C([Si](C)(C)C)[Si](C)(C)C)c1c(cc(cc1C([Si](C)(C)C)[Si](C)(C)C)C([Si](C)(C)C)([Si](C)(C)C)[Si](C)(C)C)C([Si-](C)C)[Si](C)(C)C,"[4, 72, 1]","[{'functional_group': 'carbonyl', 'smiles_inds': [37]}]",1.9696009178401073e-12
10,bottom,CC(C)(C)c1cc2c3cc(cc4c5cc(cc6c7cc(cc8c9cc(cc%10c%11cc(cc%12c(c1)c2c1c(c34)c(c56)c(c78)c(c9%10)c1c%11%12)C(C)(C)C)C(C)(C)C)C(C)(C)C)C(C)(C)C)P(c1cc2c3cc(cc4c5cc(cc6c7cc(cc8c9cc(cc%10c%11cc(cc%12c(c1)c2c1c(c34)c(c56)c(c78)c(c9%10)c1c%11%12)C(C)(C)C)C(C)(C)C)C(C)(C)C)C(C)(C)C)C(C)(C)C)c1cc2c3cc(cc4c5cc(cc6c7cc(cc8c9cc(cc%10c%11cc(cc%12c(c1)c2c1c(c34)c(c56)c(c78)c(c9%10)c1c%11%12)C(C)(C)C)C(C)(C)C)C(C)(C)C)C(C)(C)C)C(C)(C)C,[62],"[{'functional_group': 'ethyl', 'smiles_inds': [123]}]",9.129654090824498e-12
10,bottom,C[Si](C)(C)C(c1cc(C([Si](C)(C)C)[Si](C)(C)C)c(Sc2ccccc2Sc2ccccc2Sc2ccccc2Sc2c(cc(cc2C([Si](C)(C)C)[Si](C)(C)C)C([Si](C)(C)C)[Si](C)(C)C)C([Si](C)(C)C)[Si](C)(C)C)c(c1)C([Si](C)(C)C)[Si](C)(C)C)[Si](C)(C)C,"[25, 32]","[{'functional_group': 'bromo', 'smiles_inds': [70]}]",1.2456577092000238e-11
10,bottom,CC(C)(C)c1cc2c3cc(cc4c5cc(cc6c7cc(cc8c9cc(cc%10c%11cc(cc%12c(c1)c2c1c(c34)c(c56)c(c78)c(c9%10)c1c%11%12)C(C)(C)C)C(C)(C)C)C(C)(C)C)C(C)(C)C)P(c1cc2c3cc(cc4c5cc(cc6c7cc(cc8c9cc(cc%10c%11cc(cc%12c(c1)c2c1c(c34)c(c56)c(c78)c(c9%10)c1c%11%12)C(C)(C)C)C(C)(C)C)C(C)(C)C)C(C)(C)C)C(C)(C)C)c1cc2c3cc(cc4c5cc(cc6c7cc(cc8c9cc(cc%10c%11cc(cc%12c(c1)c2c1c(c34)c(c56)c(c78)c(c9%10)c1c%11%12)C(C)(C)C)C(C)(C)C)C(C)(C)C)C(C)(C)C)C(C)(C)C,[62],"[{'functional_group': 'cyano', 'smiles_inds': [177]}]",1.3631504425222045e-11
10,bottom,C[Si](C)(C)C(c1cc(C([Si](C)(C)C)[Si](C)(C)C)c([Se]c2ccccc2Sc2ccccc2Sc2ccccc2[Se]c2c(cc(cc2C([Si](C)(C)C)[Si](C)(C)C)C([Si](C)(C)C)[Si](C)(C)C)C([Si](C)(C)C)[Si](C)(C)C)c(c1)C([Si](C)(C)C)[Si](C)(C)C)[Si](C)(C)C,"[25, 32]","[{'functional_group': 'methyl_ester', 'smiles_inds': [6]}, {'functional_group': 'ethyl', 'smiles_inds': [27]}, {'functional_group': 'tribromo', 'smiles_inds': [16]}]",2.7696098824403488e-11
10,bottom,C[Si](C)(C)C(c1cc(C([Si](C)(C)C)[Si](C)(C)C)c(Sc2ccccc2[Se]c2ccccc2[Se]c2ccccc2Sc2c(cc(cc2C([Si](C)(C)C)[Si](C)(C)C)C([Si](C)(C)C)[Si](C)(C)C)C([Si](C)(C)C)[Si](C)(C)C)c(c1)C([Si](C)(C)C)[Si](C)(C)C)[Si](C)(C)C,"[25, 32]","[{'functional_group': 'tribromo', 'smiles_inds': [6]}, {'functional_group': 'ketone', 'smiles_inds': [63]}]",3.5020782108524834e-11
10,bottom,CC(C)(C)c1cc2c(OP(Oc3c2cc(cc3C(C)(C)C)C(C)(C)C)O[Si]2(O[Si]3(O[Si](OP4Oc5c(cc(cc5C(C)(C)C)C(C)(C)C)c5cc(cc(c5O4)C(C)(C)C)C(C)(C)C)(O[Si]4(O[Si](O3)(O[Si](O2)(O[Si](O4)(O[Si](C)(c2ccccc2)c2ccccc2)C2CCCC2)C2CCCC2)C2CCCC2)C2CCCC2)C2CCCC2)C2CCCC2)C2CCCC2)c(c1)C(C)(C)C,"[9, 32]",[],6.917109687761988e-11
10,bottom,CCC(C)(C)c1cc(C(c2cc(cc(c2OCCN(C)C(=O)CP(=O)(c2ccccc2)c2ccccc2)C(C)(C)CC)C(C)(C)CC)c2cc(cc(c2OCCN(C)C(=O)CP(=O)(c2ccccc2)c2ccccc2)C(C)(C)CC)C(C)(C)CC)c(OCCN(C)C(=O)CP(=O)(c2ccccc2)c2ccccc2)c(c1)C(C)(C)CC,"[21, 24, 59, 62, 92, 95]",[],6.345815846307533e-10
10,bottom,I[Te]1(O[Te]2(O[Te](O[Te]3(O[Te](I)(O[Te]4(O[Te](I)(O[Te]5(O[Te](O[Te]6(O[Te](I)(O[Te](O1)(O[Te]1(O[Te](O2)(O[Te](O3)(O[Te](O4)(O[Te](O5)(O[Te](O6)(O1)c1ccccc1)c1ccccc1)c1ccccc1)c1ccccc1)c1ccccc1)c1ccccc1)c1ccccc1)c1ccccc1)c1ccccc1)c1ccccc1)c1ccccc1)c1ccccc1)c1ccccc1)c1ccccc1)c1ccccc1)c1ccccc1)c1ccccc1)c1ccccc1,"[33, 39, 42, 30, 36, 45]","[{'functional_group': 'fluoro', 'smiles_inds': [90]}]",7.327109788106629e-10
10,bottom,CCCCCC1c2cc3C(CCCCC)c4cc5C(CCCCC)c6cc7C(CCCCC)c8cc1c1OCOc2cc3OCOc4c(P(c2ccccc2)c2ccccc2)c5OCOc6cc7OCOc8c1OCc1cccc(COc2c3OCOc4cc5OCOc6c7cc8C(CCCCC)c9cc%10C(CCCCC)c(cc3C(CCCCC)c4cc5C7CCCCC)c2OCOc%10cc9OCOc8c6P(c2ccccc2)c2ccccc2)c1,"[48, 142]",[],8.154347483609467e-10
10,bottom,CCC(C)(C)c1cc(C(c2cc(cc(c2OCCCNC(=O)CP(=S)(c2ccccc2)c2ccccc2)C(C)(C)CC)C(C)(C)CC)c2cc(cc(c2OCCCNC(=O)CP(=S)(c2ccccc2)c2ccccc2)C(C)(C)CC)C(C)(C)CC)c(OCCCNC(=O)CP(=S)(c2ccccc2)c2ccccc2)c(c1)C(C)(C)CC,"[21, 59, 92]",[],1.8505627152317585e-09
10,bottom,C1CCCCCCCCCCCP2CCCCCCCCCCCCCCCCCCCCCCP(CCCCCCCCCC1)CCCCCCCCCCCCCCCCCCCCCC2,"[12, 35]","[{'functional_group': 'cyano', 'smiles_inds': [65]}]",4.992526816812888e-09
10,bottom,C[Si](O[Si]1(O[Si]2(O[Si](OP(c3ccccc3)c3ccccc3)(O[Si]3(O[Si](OP(c4ccccc4)c4ccccc4)(O[Si](O[Si](O3)(O2)C2CCCC2)(O1)C1CCCC1)C1CCCC1)C1CCCC1)C1CCCC1)C1CCCC1)C1CCCC1)(c1ccccc1)c1ccccc1,"[27, 9]","[{'functional_group': 'iodo', 'smiles_inds': [12]}]",9.68003245105981e-09
10,bottom,C[Si](O[Si]1(O[Si]2(O[Si](OP(c3ccccc3)c3ccccc3)(O[Si]3(O[Si](OP(c4ccccc4)c4ccccc4)(O[Si](O[Si](O3)(O2)C2CCCC2)(O1)C1CCCC1)C1CCCC1)C1CCCC1)C1CCCC1)C1CCCC1)C1CCCC1)(c1ccccc1)c1ccccc1,"[27, 9]",[],9.708708792269078e-09
10,bottom,C[Si](C)(C)c1cc(cc(c1)[Si](C)(C)C)P(c1cc(cc(c1)[Si](C)(C)C)[Si](C)(C)C)c1ccccc1P(c1cc(cc(c1)[Si](C)(C)C)[Si](C)(C)C)c1cc(cc(c1)[Si](C)(C)C)[Si](C)(C)C,"[35, 14]","[{'functional_group': 'ethyl_ester', 'smiles_inds': [18]}]",9.94581783999791e-09
10,bottom,Cc1cc(C(c2ccc(cc2)C(C)(C)C)c2ccc(cc2)C(C)(C)C)c(N=C2c3cccc4cccc(C2=Nc2c(cc(C)cc2C(c2ccc(cc2)C(C)(C)C)c2ccc(cc2)C(C)(C)C)C(c2ccc(cc2)C(C)(C)C)c2ccc(cc2)C(C)(C)C)c34)c(c1)C(c1ccc(cc1)C(C)(C)C)c1ccc(cc1)C(C)(C)C,"[38, 26]","[{'functional_group': 'ketone', 'smiles_inds': [58]}]",1.0226967682709152e-08
10,bottom,C1CCC(CC1)B(CCCP(CCCB(C1CCCCC1)C1CCCCC1)CCP(CCCB(C1CCCCC1)C1CCCCC1)CCCB(C1CCCCC1)C1CCCCC1)C1CCCCC1,"[10, 29]","[{'functional_group': 'trichloro', 'smiles_inds': [59]}, {'functional_group': 'carboxyl', 'smiles_inds': [31]}]",1.1560137071739379e-08
10,median,COc1ccc(CC[NH+]2Cc3cc(Cl)cc(C=NCCOCCOCCN=Cc4cc(Cl)cc(C2)c4[O-])c3[O-])cc1OC,"[38, 36, 20, 23, 17, 26]","[{'functional_group': 'carboxyllic_acid', 'smiles_inds': [14]}]",0.48241424381973985
10,median,C[Si](O)(c1ccccn1)c1ccccn1,"[14, 2, 8]",[],0.48241833435560577
10,median,C1=CN(N=C1)c1ccc(cc1)C(=C1C=CC=N1)C1=CC=C[N-]1,"[21, 16]","[{'functional_group': 'carbonyl', 'smiles_inds': [18]}, {'functional_group': 'trifluro', 'smiles_inds': [9]}]",0.48247575508245794
10,median,CCCOCN1C=CN=C1,[8],"[{'functional_group': 'cyanimide', 'smiles_inds': [7]}]",0.4825541041760908
10,median,Oc1ccc(Cl)cc1CNCCN(CCNCc1cc(Cl)ccc1[O-])CCNCc1cc(Cl)ccc1[O-],"[24, 36, 12, 15, 27, 9]","[{'functional_group': 'methyl', 'smiles_inds': [10]}, {'functional_group': 'tribromo', 'smiles_inds': [11]}]",0.4825546659655134
10,median,CN(C)C(=Nc1ncccc1C)N(C)C,[1],"[{'functional_group': 'fluoro', 'smiles_inds': [13]}]",0.48265002418486413
10,median,CCCCC1(CCCC)c2ccccc2c2c[c-]c(cc12)c1cc(cc(n1)c1cccc[c-]1)c1ccccc1,"[26, 32, 17]",[],0.4827029978326452
10,median,Nc1ccc(cc1)c1ccnc(c1)c1ccccn1,"[18, 10]","[{'functional_group': 'aldehyde', 'smiles_inds': [15]}, {'functional_group': 'amide', 'smiles_inds': [12]}]",0.4827078163344289
10,median,N1c2ccccc2N=C1N1C=CC=N1,"[7, 13]","[{'functional_group': 'carbonyl', 'smiles_inds': [0]}]",0.48272712798105955
10,median,CCOC(=O)C1=C(C)C(=CC2=C(OC)C=C([N-]2)C2=CC=C([N-]2)C(C)=O)N=C1C,"[25, 16, 21]",[],0.4827296136839952
10,median,CN(C)c1ccc(cc1)N=NC1=NC=C[N-]1,"[15, 9]","[{'functional_group': 'hydroxyl', 'smiles_inds': [5]}]",0.48274372196971554
10,median,CC1=NN(CCN(CCN)CCCNC(N)=[NH2+])C(=C1)C,"[2, 6, 9]",[],0.4827441962336593
10,median,CC(C(=O)[O-])S(=O)c1ccccc1,"[4, 5]",[],0.4827754572326695
10,median,CC(=O)NCc1ccnc(c1)c1cc(CNC(C)=O)ccn1,"[8, 21]","[{'functional_group': 'ethyl', 'smiles_inds': [4]}]",0.48278163441807026
10,median,CCCNC(=O)c1ccc(nc1)c1ccc(cn1)C(=O)NCCC,"[10, 17]",[],0.48278163441807037
10,median,O=N(=O)c1ccc([O-])c(CN(Cc2cc(ccc2[O-])N(=O)=O)c2ccccc2)c1,"[10, 7, 18]",[],0.48278440373216663
10,median,CN(C)N=C(NC(=N)N(C)C)c1ccc(cc1)N(=O)=O,"[7, 3]","[{'functional_group': 'methyl', 'smiles_inds': [0]}, {'functional_group': 'ketone', 'smiles_inds': [9]}]",0.4828021379490007
10,median,CC(CN=CC1=NNC=C1)(CN=CC1=NNC=C1)CN=CC1=NNC=C1,"[19, 3, 22, 6, 11, 14]","[{'functional_group': 'bromo', 'smiles_inds': [7]}, {'functional_group': 'amide', 'smiles_inds': [18]}, {'functional_group': 'phenyl', 'smiles_inds': [9]}]",0.4829038048240945
10,median,Cc1ccnc(c1)c1ccccn1,"[4, 12]","[{'functional_group': 'trichloro', 'smiles_inds': [2]}]",0.4829310041367319
10,median,c1ccc(cc1)C#Cc1ccc2ccc3cccnc3c2n1,"[21, 18]","[{'functional_group': 'carboxyllic_acid', 'smiles_inds': [13]}]",0.4829398291654365
10,top,Cc1[nH+]cc(CO)c(C=NCCN(CCN=Cc2c(CO)c[nH+]c(C)c2[O-])CCN=Cc2c(CO)cnc(C)c2[O-])c1[O-],"[40, 42, 26, 9, 29, 15]","[{'functional_group': 'carboxyllic_acid', 'smiles_inds': [33]}, {'functional_group': 'phosphonate', 'smiles_inds': [21]}]",0.9909571961892657
10,top,c1cc(ccn1)c1nc2nc(nc3[N-]C(=Nc(n1)c23)c1ccncc1)c1ccncc1,"[13, 11]","[{'functional_group': 'phosphonate', 'smiles_inds': [4]}]",0.9912591964166113
10,top,OCC1OC2OC3C(CO)OC(OC4C(CO)OC(OC5C(CO)OC(OC6C(CNCCC7=CNC=N7)OC(OC7C(CO)OC(OC8C(CO)OC(OC1C(O)C2O)C(O)C8O)C(O)C7O)C(O)C6O)C(O)C5O)C(O)C4O)C(O)C3O,"[37, 30]",[],0.9922838660840325
10,top,NCC1OC2OC3C(O)C(O)C(OC3CN)OC3C(O)C(O)C(OC3CO)OC3C(O)C(O)C(OC3CO)OC3C(O)C(O)C(OC3CO)OC3C(O)C(O)C(OC3CO)OC3C(O)C(O)C(OC3CO)OC1C(O)C2O,"[15, 0]","[{'functional_group': 'chloro', 'smiles_inds': [55]}, {'functional_group': 'methyl', 'smiles_inds': [61]}]",0.992291766500355
10,top,NC([S-])=NN=CC1=CNC(=O)N=C1[O-],"[2, 13, 4]",[],0.9930763940710158
10,top,O=C(NCCNC(=O)c1ccc(C(=O)NCCNC(=O)C2=C([O-])C(=O)C=CO2)c([O-])c1[O-])C1=C([O-])C(=O)C=CO1,"[36, 34, 31, 29, 22, 24]",[],0.9931864298065731
10,top,N1C=NC(=N1)C1=NC(=N[N-]1)c1cc[nH+]cc1,"[9, 2]","[{'functional_group': 'phosphonate', 'smiles_inds': [1]}, {'functional_group': 'carboxylate', 'smiles_inds': [14]}, {'functional_group': 'amino', 'smiles_inds': [15]}]",0.9933590926891036
10,top,Nc1nc(N)nc(n1)c1cccc(n1)c1nc(N)nc(N)n1,"[13, 5, 15]","[{'functional_group': 'methyl', 'smiles_inds': [10]}, {'functional_group': 'ether', 'smiles_inds': [9]}]",0.9935352544539645
10,top,NC1C(O)C(N)C([O-])C(NCCNC2C(O)C(N)C(O)C(N)C2[O-])C1O,"[12, 9, 21, 5, 23, 7]","[{'functional_group': 'amide', 'smiles_inds': [10]}]",0.9942566106608682
10,top,NC([S-])=NN=CC1=CNC(=O)N=C1[O-],"[2, 13, 4]","[{'functional_group': 'phosphonate', 'smiles_inds': [0]}]",0.9949083395241778
10,top,NCC1OC2OC3C(O)C(O)C(OC3CN)OC3C(O)C(O)C(OC3CO)OC3C(O)C(O)C(OC3CO)OC3C(O)C(O)C(OC3CO)OC3C(O)C(O)C(OC3CO)OC3C(O)C(O)C(OC3CO)OC1C(O)C2O,"[15, 0]",[],0.9951199711889204
10,top,O=C(NCCNC(=O)c1ccc(C(=O)NCCNC(=O)C2=C([O-])C(=O)C=CO2)c([O-])c1[O-])C1=C([O-])C(=O)C=CO1,"[36, 34, 31, 29, 22, 24]","[{'functional_group': 'thiol', 'smiles_inds': [4]}]",0.9951266566189978
10,top,O=C(NCCNC(=O)c1ccc(C(=O)NCCNC(=O)C2=C([O-])C(=O)C=CO2)c([O-])c1[O-])C1=C([O-])C(=O)C=CO1,"[36, 34, 31, 29, 22, 24]","[{'functional_group': 'cyanimide', 'smiles_inds': [4]}]",0.9951725999126125
10,top,Cc1[nH+]cc(CO)c(C=NC(C(N=Cc2c(CO)c[nH+]c(C)c2[O-])c2c(CO)cnc(C)c2[O-])c2c(CO)cnc(C)c2[O-])c1[O-],"[9, 45, 12, 23, 33, 43]",[],0.9952907355520105
10,top,Nc1nc(N)nc(n1)c1cccc(n1)c1nc(N)nc(N)n1,"[13, 5, 15]",[],0.9955643811176864
10,top,C123C45C61C24S16C24C61C12C46S21C14C67C1(C246)S357,"[14, 4, 9]",[],0.9957501000809519
10,top,NC1C(O)C(N)C([O-])C(NCCNC2C(O)C(N)C(O)C(N)C2[O-])C1O,"[12, 9, 21, 5, 23, 7]","[{'functional_group': 'methyl', 'smiles_inds': [3]}, {'functional_group': 'thiol', 'smiles_inds': [2]}]",0.9967683414160997
10,top,CC(=NNC(N)=S)c1cc[c-]c(n1)C(C)=NN=C(N)[S-],"[19, 15, 10]","[{'functional_group': 'bromo', 'smiles_inds': [9]}]",0.9970250993742089
10,top,NC(=NN=C(N)c1cccc(n1)c1cccc(n1)C(N)=NN=C(N)c1ccccn1)c1ccccn1,"[11, 17, 3]","[{'functional_group': 'phosphonate', 'smiles_inds': [7]}, {'functional_group': 'ketone', 'smiles_inds': [14]}]",0.9970821203053285
10,top,NC(CN(CCN(CC(N)=NO)CC(N)=NO)CC(N)=NO)=NO,"[22, 20, 10, 15, 3, 6]",[],0.997982376117512
11,bottom,C[Si](C)(C)c1cc(cc(c1)[Si](C#CP(C#C[Si](c1cc(cc(c1)[Si](C)(C)C)[Si](C)(C)C)(c1cc(cc(c1)[Si](C)(C)C)[Si](C)(C)C)c1cc(cc(c1)[Si](C)(C)C)[Si](C)(C)C)C#C[Si](c1cc(cc(c1)[Si](C)(C)C)[Si](C)(C)C)(c1cc(cc(c1)[Si](C)(C)C)[Si](C)(C)C)c1cc(cc(c1)[Si](C)(C)C)[Si](C)(C)C)(c1cc(cc(c1)[Si](C)(C)C)[Si](C)(C)C)c1cc(cc(c1)[Si](C)(C)C)[Si](C)(C)C)[Si](C)(C)C,[13],"[{'functional_group': 'amide', 'smiles_inds': [89]}]",4.033622871254031e-18
11,bottom,C[Si](C)(C)c1cc(cc(c1)[Si](C#CP(C#C[Si](c1cc(cc(c1)[Si](C)(C)C)[Si](C)(C)C)(c1cc(cc(c1)[Si](C)(C)C)[Si](C)(C)C)c1cc(cc(c1)[Si](C)(C)C)[Si](C)(C)C)C#C[Si](c1cc(cc(c1)[Si](C)(C)C)[Si](C)(C)C)(c1cc(cc(c1)[Si](C)(C)C)[Si](C)(C)C)c1cc(cc(c1)[Si](C)(C)C)[Si](C)(C)C)(c1cc(cc(c1)[Si](C)(C)C)[Si](C)(C)C)c1cc(cc(c1)[Si](C)(C)C)[Si](C)(C)C)[Si](C)(C)C,[13],"[{'functional_group': 'cyano', 'smiles_inds': [2]}]",5.557596993850868e-18
11,bottom,CP(CCP(C)c1c(cc(cc1C([Si](C)(C)C)[Si](C)(C)C)C([Si](C)(C)C)([Si](C)(C)C)[Si](C)(C)C)C([Si](C)(C)C)[Si](C)(C)C)c1c(cc(cc1C([Si](C)(C)C)[Si](C)(C)C)C([Si](C)(C)C)([Si](C)(C)C)[Si](C)(C)C)C([Si-](C)C)[Si](C)(C)C,"[4, 72, 1]",[],6.025049366561082e-13
11,bottom,CCCC[P](CCCC)(CCCC)CCP(CCP(CCP(CC[P](CCCC)(CCCC)CCCC)CC[P](CCCC)(CCCC)CCCC)c1ccccc1)CC[P](CCCC)(CCCC)CCCC,"[15, 18, 21]",[],1.7775401128974033e-12
11,bottom,C[Si](C)(C)C(c1cc(C([Si](C)(C)C)[Si](C)(C)C)c(Sc2ccccc2[Se]c2ccccc2[Se]c2ccccc2Sc2c(cc(cc2C([Si](C)(C)C)[Si](C)(C)C)C([Si](C)(C)C)[Si](C)(C)C)C([Si](C)(C)C)[Si](C)(C)C)c(c1)C([Si](C)(C)C)[Si](C)(C)C)[Si](C)(C)C,"[25, 32]","[{'functional_group': 'cyanimide', 'smiles_inds': [35]}, {'functional_group': 'phenyl', 'smiles_inds': [48]}, {'functional_group': 'fluoro', 'smiles_inds': [59]}]",7.566328754212627e-12
11,bottom,CC(C)(C)c1cc2c3cc(cc4c5cc(cc6c7cc(cc8c9cc(cc%10c%11cc(cc%12c(c1)c2c1c(c34)c(c56)c(c78)c(c9%10)c1c%11%12)C(C)(C)C)C(C)(C)C)C(C)(C)C)C(C)(C)C)P(c1cc2c3cc(cc4c5cc(cc6c7cc(cc8c9cc(cc%10c%11cc(cc%12c(c1)c2c1c(c34)c(c56)c(c78)c(c9%10)c1c%11%12)C(C)(C)C)C(C)(C)C)C(C)(C)C)C(C)(C)C)C(C)(C)C)c1cc2c3cc(cc4c5cc(cc6c7cc(cc8c9cc(cc%10c%11cc(cc%12c(c1)c2c1c(c34)c(c56)c(c78)c(c9%10)c1c%11%12)C(C)(C)C)C(C)(C)C)C(C)(C)C)C(C)(C)C)C(C)(C)C,[62],[],4.171207706043032e-11
11,bottom,C[Si](C)(C)c1cc(cc(c1)[Si](C)(C)C)C(C(=O)Nc1cccc(NC(=O)C(c2cc(cc(c2)[Si](C)(C)C)[Si](C)(C)C)(c2cc(cc(c2)[Si](C)(C)C)[Si](C)(C)C)c2cc(cc(c2)[Si](C)(C)C)[Si](C)(C)C)c1[S-])(c1cc(cc(c1)[Si](C)(C)C)[Si](C)(C)C)c1cc(cc(c1)[Si](C)(C)C)[Si](C)(C)C,"[70, 16]","[{'functional_group': 'fluoro', 'smiles_inds': [53]}]",5.468062453612325e-11
11,bottom,CC(C)(C)c1cc2c(OP(Oc3c2cc(cc3C(C)(C)C)C(C)(C)C)O[Si]2(O[Si]3(O[Si](OP4Oc5c(cc(cc5C(C)(C)C)C(C)(C)C)c5cc(cc(c5O4)C(C)(C)C)C(C)(C)C)(O[Si]4(O[Si](O3)(O[Si](O2)(O[Si](O4)(O[Si](C)(c2ccccc2)c2ccccc2)C2CCCC2)C2CCCC2)C2CCCC2)C2CCCC2)C2CCCC2)C2CCCC2)C2CCCC2)c(c1)C(C)(C)C,"[9, 32]",[],5.5967555783278446e-11
11,bottom,C[Si](C)(C)C(c1cc(C([Si](C)(C)C)[Si](C)(C)C)c([Se]c2ccccc2[Se]c2ccccc2[Se]c2ccccc2[Se]c2c(cc(cc2C([Si](C)(C)C)[Si](C)(C)C)C([Si](C)(C)C)[Si](C)(C)C)C([Si](C)(C)C)[Si](C)(C)C)c(c1)C([Si](C)(C)C)[Si](C)(C)C)[Si](C)(C)C,"[25, 32]",[],8.536645680257899e-11
11,bottom,CCCCCC1c2cc3C(CCCCC)c4cc5C(CCCCC)c6cc7C(CCCCC)c8cc1c1OCOc2cc3OCOc4c(P(c2ccccc2)c2ccccc2)c5OCOc6cc7OCOc8c1OCc1cccc(COc2c3OCOc4cc5OCOc6c7cc8C(CCCCC)c9cc%10C(CCCCC)c(cc3C(CCCCC)c4cc5C7CCCCC)c2OCOc%10cc9OCOc8c6P(c2ccccc2)c2ccccc2)c1,"[48, 142]",[],4.552949321312938e-10
11,bottom,CCC(C)(C)c1cc(C(c2cc(cc(c2OCCCNC(=O)CP(=S)(c2ccccc2)c2ccccc2)C(C)(C)CC)C(C)(C)CC)c2cc(cc(c2OCCCNC(=O)CP(=S)(c2ccccc2)c2ccccc2)C(C)(C)CC)C(C)(C)CC)c(OCCCNC(=O)CP(=S)(c2ccccc2)c2ccccc2)c(c1)C(C)(C)CC,"[21, 59, 92]","[{'functional_group': '2-methylbenzoic_acid', 'smiles_inds': [104]}]",9.764272339622834e-10
11,bottom,CCC(C)(C)c1cc(C(c2cc(cc(c2OCCCNC(=O)CP(=S)(c2ccccc2)c2ccccc2)C(C)(C)CC)C(C)(C)CC)c2cc(cc(c2OCCCNC(=O)CP(=S)(c2ccccc2)c2ccccc2)C(C)(C)CC)C(C)(C)CC)c(OCCCNC(=O)CP(=S)(c2ccccc2)c2ccccc2)c(c1)C(C)(C)CC,"[21, 59, 92]",[],1.8557020487206216e-09
11,bottom,C[Si](O[Si]1(O[Si]2(O[Si](OP(c3ccccc3)c3ccccc3)(O[Si]3(O[Si](OP(c4ccccc4)c4ccccc4)(O[Si](O[Si](O3)(O2)C2CCCC2)(O1)C1CCCC1)C1CCCC1)C1CCCC1)C1CCCC1)C1CCCC1)C1CCCC1)(c1ccccc1)c1ccccc1,"[27, 9]","[{'functional_group': 'trichloro', 'smiles_inds': [64]}]",2.6158698800831795e-09
11,bottom,C[Si](C)(C)c1cc(cc(c1)[Si](C)(C)C)P(c1cc(cc(c1)[Si](C)(C)C)[Si](C)(C)C)c1ccccc1P(c1cc(cc(c1)[Si](C)(C)C)[Si](C)(C)C)c1cc(cc(c1)[Si](C)(C)C)[Si](C)(C)C,"[35, 14]",[],8.050865437223973e-09
11,bottom,C1CCCCCCCCCCCP2CCCCCCCCCCCCCCCCCCCCCCP(CCCCCCCCCC1)CCCCCCCCCCCCCCCCCCCCCC2,"[12, 35]","[{'functional_group': 'thiol', 'smiles_inds': [56]}]",8.311393940467848e-09
11,bottom,COc1c(cc(cc1C12CC3CC(CC(C3)C1)C2)P(c1cc(c(OC)c(c1)C12CC3CC(CC(C3)C1)C2)C12CC3CC(CC(C3)C1)C2)c1ccccc1CNc1cccc2CCC3(CCc4cccc(P(c5cc(cc(c5)C(C)(C)C)C(C)(C)C)c5cc(cc(c5)C(C)(C)C)C(C)(C)C)c34)c12)C12CC3CC(CC(C3)C1)C2,"[70, 18, 54]",[],8.853476200258282e-09
11,bottom,C[Si](C)(C)c1cc(cc(c1)[Si](C)(C)C)P(c1cc(cc(c1)[Si](C)(C)C)[Si](C)(C)C)c1ccccc1P(c1cc(cc(c1)[Si](C)(C)C)[Si](C)(C)C)c1cc(cc(c1)[Si](C)(C)C)[Si](C)(C)C,"[35, 14]","[{'functional_group': 'carboxyllic_acid', 'smiles_inds': [12]}, {'functional_group': 'carbonyl', 'smiles_inds': [53]}]",9.995324919640403e-09
11,bottom,Cc1cc(C(c2ccc(cc2)C(C)(C)C)c2ccc(cc2)C(C)(C)C)c(N=C(C)C(C)=Nc2c(cc(C)cc2C(c2ccc(cc2)C(C)(C)C)c2ccc(cc2)C(C)(C)C)C(c2ccc(cc2)C(C)(C)C)c2ccc(cc2)C(C)(C)C)c(c1)C(c1ccc(cc1)C(C)(C)C)c1ccc(cc1)C(C)(C)C,"[26, 31]","[{'functional_group': 'amide', 'smiles_inds': [88]}, {'functional_group': 'aldehyde', 'smiles_inds': [76]}]",1.1356313346885335e-08
11,bottom,CC(C)COc1cc(nc2nc(NC(=O)c3cc(OCC(C)C)c4ccc(NC(=O)c5cc(OCC(C)C)c6cc(OCC(C)C)c(cc6n5)C(=O)NNC(=O)c5ccc(nn5)c5cccc(n5)c5ccc(nn5)C(=O)NNC(=O)c5cc6nc(cc(OCC(C)C)c6cc5OCC(C)C)C(=O)Nc5ccc6c(OCC(C)C)cc(nc6n5)C(=O)Nc5ccc6c(OCC(C)C)cc(nc6n5)C(=O)Nc5cccc(NC(=O)c6cc(OCC(C)C)c7cccc(NC(=O)c8cc(OCC(C)C)c9cccc(NC(=O)c%10cc(OCC(C)C)c%11cccc(c%11n%10)N(=O)=O)c9n8)c7n6)n5)nc4n3)ccc12)C(=O)Nc1cccc(NC(=O)c2cc(OCC(C)C)c3cccc(NC(=O)c4cc(OCC(C)C)c5cccc(NC(=O)c6cc(OCC(C)C)c7cccc(c7n6)N(=O)=O)c5n4)c3n2)n1,"[60, 67, 73]","[{'functional_group': 'phenyl', 'smiles_inds': [93]}]",2.1249175450918585e-08
11,bottom,C1CCC(CC1)B(CCCP(CCCB(C1CCCCC1)C1CCCCC1)CCP(CCCB(C1CCCCC1)C1CCCCC1)CCCB(C1CCCCC1)C1CCCCC1)C1CCCCC1,"[10, 29]",[],2.1819165728064673e-08
11,median,CC(C=NNC(=O)Nc1ccccc1)=NNC(=O)Nc1ccccc1,"[17, 14, 3]",[],0.48518611694574515
11,median,OP(C(F)(F)C(F)(F)F)C(F)(F)C(F)(F)F,[1],"[{'functional_group': 'bromo', 'smiles_inds': [0]}]",0.4852114067523426
11,median,CCOCN1C=C[N-]C1C(O)(C1=NC=CN1COCC)C1=NC=CN1COCC,"[21, 7, 12]","[{'functional_group': 'ethyl_ester', 'smiles_inds': [1]}, {'functional_group': 'trifluro', 'smiles_inds': [18]}]",0.4852872429298162
11,median,c1ccc(cc1)N1c2ccccc2N=C1c1[c-]ccc2C3c4ccccc4C(c4ccccc34)c12,"[13, 16]","[{'functional_group': 'bromo', 'smiles_inds': [25]}, {'functional_group': 'cyanimide', 'smiles_inds': [18]}, {'functional_group': 'thiol', 'smiles_inds': [27]}]",0.4852915264891142
11,median,CC(=Nc1cc(ccc1Cl)C(F)(F)F)c1ccccn1,"[19, 2]","[{'functional_group': 'carboxyl', 'smiles_inds': [17]}]",0.48529593405718036
11,median,C([N-]c1ccccc1)c1ccccn1,"[1, 13]","[{'functional_group': 'thiol', 'smiles_inds': [12]}, {'functional_group': 'ethyl_ester', 'smiles_inds': [9]}]",0.4853390347846941
11,median,O=N(=O)c1ccc(cc1)C1NCCCO1,[10],"[{'functional_group': 'ether', 'smiles_inds': [9]}, {'functional_group': 'thiol', 'smiles_inds': [5]}]",0.4853642124433002
11,median,COC(c1ccccc1[O-])(C1=Nc2ccccc2N1C)C1=Nc2ccccc2N1C,"[9, 11, 21]","[{'functional_group': 'cyanimide', 'smiles_inds': [6]}]",0.4854276167329771
11,median,Oc1ccccc1C(=O)NNC(=O)c1ccncc1,[16],"[{'functional_group': 'ethyl', 'smiles_inds': [18]}]",0.48543791089094485
11,median,CCC(N1CC(CC1=O)C=C(F)F)C(N)=O,[8],"[{'functional_group': 'ether', 'smiles_inds': [6]}, {'functional_group': 'carboxyl', 'smiles_inds': [14]}]",0.4854470827457863
11,median,NCCN1N=C(C=C1C(F)(F)F)c1ccccc1,[0],[],0.4855076732872048
11,median,CN(C)C=CC(=O)c1ccncc1,[1],"[{'functional_group': 'fluoro', 'smiles_inds': [3]}]",0.48556570429967894
11,median,CC1(COC(=O)[N-]1)CN1CCN(CCN(CC1)Cc1ccccn1)Cc1ccccn1,"[23, 30, 14, 8, 6, 11]",[],0.48557992104147346
11,median,CCC[NH+]=Cc1ccccc1[O-],[11],[],0.4856615386308468
11,median,Cc1ccc(cc1)N=CC1=CC=C[N-]1,"[13, 7]","[{'functional_group': 'bromo', 'smiles_inds': [12]}]",0.48567572067152315
11,median,Cc1ccc(N=Cc2c([O-])ccc3ccccc23)c(Br)c1,"[5, 9]",[],0.48570781082913944
11,median,CC1(C)OB(OC1(C)C)c1ccc(cc1)N=Cc1cc(ccc1[O-])N(=O)=O,"[15, 23]","[{'functional_group': 'carboxylate', 'smiles_inds': [13]}, {'functional_group': 'fluoro', 'smiles_inds': [10]}, {'functional_group': 'ether', 'smiles_inds': [0]}]",0.48577311813741614
11,median,BrCCCCc1ccc(nc1)c1ccccn1,"[16, 9]","[{'functional_group': 'thiol', 'smiles_inds': [10]}]",0.4858188298076964
11,median,CN(C)CCN(C)Cc1cc(ccc1[O-])N(=O)=O,"[5, 14, 1]","[{'functional_group': 'trifluro', 'smiles_inds': [0]}, {'functional_group': 'aldehyde', 'smiles_inds': [12]}]",0.48582217579550707
11,median,CC([O-])=CC1=NC(=NN(C1=O)c1ccc(Cl)cc1)c1ccccn1,"[23, 2, 5]","[{'functional_group': 'aldehyde', 'smiles_inds': [0]}]",0.4858922390247681
11,top,CN(N)C(=N)N=C(N)N,"[2, 4]","[{'functional_group': 'carboxylate', 'smiles_inds': [8]}]",0.9921464820529133
11,top,NC([S-])=NN=C(N)[S-],"[2, 7, 3]","[{'functional_group': 'amino', 'smiles_inds': [6]}]",0.9922009230076009
11,top,c1cnc(nc1)c1nc(nc(n1)c1ncccn1)c1ncccn1,"[2, 7, 19]",[],0.9928467301043244
11,top,N=C=Nc1[nH+]c(N=C=N)nc([nH+]1)N=C=[N-],[14],"[{'functional_group': 'carboxyllic_acid', 'smiles_inds': [0]}]",0.9930127668572427
11,top,CC(=N[O-])C(C)=NN=C([O-])c1ccncc1,"[9, 2, 6]","[{'functional_group': 'hydroxyl', 'smiles_inds': [14]}, {'functional_group': 'phosphonate', 'smiles_inds': [12]}, {'functional_group': 'carboxylate', 'smiles_inds': [11]}]",0.9930726610744601
11,top,O=C1N2CN3C4C5N(CN6C7C8N(CN9C%10C%11N(CN%12C%13C%14N(CN%15C%16C%17N(CN1C1C2N2CN4C(=O)N5CN7C(=O)N8CN%10C(=O)N%11C4OC(N%13C(=O)N%14CN%16C(=O)N%17CN1C2=O)c1ccccc41)C%15=O)C%12=O)C9=O)C6=O)C3=O,"[75, 73]",[],0.9931632335491849
11,top,O=C1NC2NC(=O)N3CN4C5C6N(CN7C8C9N(CN%10C%11C(NC%10=O)NC(=O)N%11CN9C(=O)N8CN6C4=O)C7=O)C(=O)N5CN1C23,"[41, 39]","[{'functional_group': 'carboxyllic_acid', 'smiles_inds': [21]}, {'functional_group': 'iodo', 'smiles_inds': [10]}]",0.9932339451811133
11,top,NC([S-])=NN=CC1=CNC(=O)N=C1[O-],"[2, 13, 4]",[],0.9935595494785395
11,top,[NH2+]=C(NN=C([O-])c1cccc(n1)C([O-])=NNC(=[NH2+])c1cnccn1)c1cnccn1,"[5, 11, 13]",[],0.9937164371629131
11,top,O=C(NCCNC(=O)c1ccc(C(=O)NCCNC(=O)C2=C([O-])C(=O)C=CO2)c([O-])c1[O-])C1=C([O-])C(=O)C=CO1,"[36, 34, 31, 29, 22, 24]",[],0.99452056928552
11,top,OCC1OC2OC3C(CO)OC(OC4C(CO)OC(OC5C(CO)OC(OC6C(CNCCC7=CNC=N7)OC(OC7C(CO)OC(OC8C(CO)OC(OC1C(O)C2O)C(O)C8O)C(O)C7O)C(O)C6O)C(O)C5O)C(O)C4O)C(O)C3O,"[37, 30]","[{'functional_group': 'carboxyllic_acid', 'smiles_inds': [77]}]",0.9947432309347967
11,top,[NH3+]CCCCC(NC(=O)c1cccc([O-])c1[O-])C(=O)NCCN(CCNC(=O)C(CCCC[NH3+])NC(=O)c1cccc([O-])c1[O-])CCNC(=O)C(CCCC[NH3+])NC(=O)c1cccc([O-])c1[O-],"[14, 16, 42, 44, 64, 66]","[{'functional_group': 'phosphonate', 'smiles_inds': [4]}]",0.9954830933414823
11,top,O=C1N2CN3C4C5N(CN6C7C8N(CN9C%10C%11N(CN%12C%13C%14N(CN%15C%16C%17N(CN1C1C2N2CN4C(=O)N5CN7C(=O)N8CN%10C(=O)N%11CN%13C(=O)N%14CN%16C(=O)N%17CN1C2=O)C%15=O)C%12=O)C9=O)C6=O)C3=O,"[65, 67, 69]","[{'functional_group': 'carboxyllic_acid', 'smiles_inds': [58]}]",0.9957655340381405
11,top,O=C(NCCNC(=O)c1ccc(C(=O)NCCNC(=O)C2=C([O-])C(=O)C=CO2)c([O-])c1[O-])C1=C([O-])C(=O)C=CO1,"[36, 34, 31, 29, 22, 24]","[{'functional_group': 'tribromo', 'smiles_inds': [9]}]",0.9959590021137362
11,top,Cc1[nH+]cc(CO)c(C=NC(C(N=Cc2c(CO)c[nH+]c(C)c2[O-])c2c(CO)cnc(C)c2[O-])c2c(CO)cnc(C)c2[O-])c1[O-],"[9, 45, 12, 23, 33, 43]",[],0.9969183751123027
11,top,CC(=NNC(N)=S)c1cc[c-]c(n1)C(C)=NN=C(N)[S-],"[19, 15, 10]",[],0.9971423851904154
11,top,NC(=NN=C([O-])c1cc(Cl)cc(n1)C([O-])=NN=C(N)c1ccccn1)c1ccccn1,"[12, 5, 14]","[{'functional_group': 'carboxyl', 'smiles_inds': [21]}]",0.9972083063159465
11,top,O=C1N2CN3C4C5N(CN6C7C8N(CN9C%10C%11N(CN%12C%13C%14N(CN%15C%16C%17N(CN%18C%19C%20N(CN1C1C2N2CN4C(=O)N5CN7C(=O)N8CN%10C(=O)N%11CN%13C(=O)N%14CN%16C(=O)N%17CN%19C(=O)N%20CN1C2=O)C%18=O)C%15=O)C%12=O)C9=O)C6=O)C3=O,"[0, 73]",[],0.9974741258584094
11,top,CC(=NNC(N)=S)c1cc[c-]c(n1)C(C)=NN=C(N)[S-],"[19, 15, 10]","[{'functional_group': '2-hydroxypyridine', 'smiles_inds': [9]}]",0.9979857286142063
11,top,NC1C(O)C(N)C([O-])C(NCCNC2C(O)C(N)C(O)C(N)C2[O-])C1O,"[12, 9, 21, 5, 23, 7]","[{'functional_group': 'phosphonate', 'smiles_inds': [16]}, {'functional_group': '2-hydroxypyridine', 'smiles_inds': [22]}]",0.9985862412102134
12,bottom,CP(CCP(C)c1c(cc(cc1C([Si](C)(C)C)[Si](C)(C)C)C([Si](C)(C)C)([Si](C)(C)C)[Si](C)(C)C)C([Si](C)(C)C)[Si](C)(C)C)c1c(cc(cc1C([Si](C)(C)C)[Si](C)(C)C)C([Si](C)(C)C)([Si](C)(C)C)[Si](C)(C)C)C([Si-](C)C)[Si](C)(C)C,"[4, 72, 1]","[{'functional_group': 'methyl', 'smiles_inds': [29]}]",5.873360740634687e-14
12,bottom,CP(CCP(C)c1c(cc(cc1C([Si](C)(C)C)[Si](C)(C)C)C([Si](C)(C)C)([Si](C)(C)C)[Si](C)(C)C)C([Si](C)(C)C)[Si](C)(C)C)c1c(cc(cc1C([Si](C)(C)C)[Si](C)(C)C)C([Si](C)(C)C)([Si](C)(C)C)[Si](C)(C)C)C([Si-](C)C)[Si](C)(C)C,"[4, 72, 1]",[],7.714065727749217e-14
12,bottom,C[Si](C)(C)C(c1cc(C([Si](C)(C)C)[Si](C)(C)C)c(Sc2ccccc2Sc2ccccc2Sc2ccccc2Sc2c(cc(cc2C([Si](C)(C)C)[Si](C)(C)C)C([Si](C)(C)C)[Si](C)(C)C)C([Si](C)(C)C)[Si](C)(C)C)c(c1)C([Si](C)(C)C)[Si](C)(C)C)[Si](C)(C)C,"[25, 32]",[],5.243782739462875e-13
12,bottom,C[Si](C)(C)C(c1cc(C([Si](C)(C)C)[Si](C)(C)C)c(Sc2ccccc2[Se]c2ccccc2[Se]c2ccccc2Sc2c(cc(cc2C([Si](C)(C)C)[Si](C)(C)C)C([Si](C)(C)C)[Si](C)(C)C)C([Si](C)(C)C)[Si](C)(C)C)c(c1)C([Si](C)(C)C)[Si](C)(C)C)[Si](C)(C)C,"[25, 32]",[],2.712657072780833e-12
12,bottom,C[Si](C)(C)C(c1cc(C([Si](C)(C)C)[Si](C)(C)C)c([Se]c2ccccc2[Se]c2ccccc2[Se]c2ccccc2[Se]c2c(cc(cc2C([Si](C)(C)C)[Si](C)(C)C)C([Si](C)(C)C)[Si](C)(C)C)C([Si](C)(C)C)[Si](C)(C)C)c(c1)C([Si](C)(C)C)[Si](C)(C)C)[Si](C)(C)C,"[25, 32]","[{'functional_group': '2-hydroxypyridine', 'smiles_inds': [0]}, {'functional_group': 'bromo', 'smiles_inds': [44]}]",1.4531150059517925e-11
12,bottom,CC(C)(C)c1cc2c3cc(cc4c5cc(cc6c7cc(cc8c9cc(cc%10c%11cc(cc%12c(c1)c2c1c(c34)c(c56)c(c78)c(c9%10)c1c%11%12)C(C)(C)C)C(C)(C)C)C(C)(C)C)C(C)(C)C)P(c1cc2c3cc(cc4c5cc(cc6c7cc(cc8c9cc(cc%10c%11cc(cc%12c(c1)c2c1c(c34)c(c56)c(c78)c(c9%10)c1c%11%12)C(C)(C)C)C(C)(C)C)C(C)(C)C)C(C)(C)C)C(C)(C)C)c1cc2c3cc(cc4c5cc(cc6c7cc(cc8c9cc(cc%10c%11cc(cc%12c(c1)c2c1c(c34)c(c56)c(c78)c(c9%10)c1c%11%12)C(C)(C)C)C(C)(C)C)C(C)(C)C)C(C)(C)C)C(C)(C)C,[62],"[{'functional_group': 'phosphonate', 'smiles_inds': [131]}]",4.0510388640740534e-11
12,bottom,CC(C)(C)c1cc2c(OP(Oc3c2cc(cc3C(C)(C)C)C(C)(C)C)O[Si]2(O[Si]3(O[Si](OP4Oc5c(cc(cc5C(C)(C)C)C(C)(C)C)c5cc(cc(c5O4)C(C)(C)C)C(C)(C)C)(O[Si]4(O[Si](O3)(O[Si](O2)(O[Si](O4)(O[Si](C)(c2ccccc2)c2ccccc2)C2CCCC2)C2CCCC2)C2CCCC2)C2CCCC2)C2CCCC2)C2CCCC2)C2CCCC2)c(c1)C(C)(C)C,"[9, 32]","[{'functional_group': 'methyl_ester', 'smiles_inds': [47]}]",4.621886945201918e-11
12,bottom,CC(C)(C)c1cc2c(OP(Oc3c2cc(cc3C(C)(C)C)C(C)(C)C)O[Si]2(O[Si]3(O[Si](OP4Oc5c(cc(cc5C(C)(C)C)C(C)(C)C)c5cc(cc(c5O4)C(C)(C)C)C(C)(C)C)(O[Si]4(O[Si](O3)(O[Si](O2)(O[Si](O4)(O[Si](C)(c2ccccc2)c2ccccc2)C2CCCC2)C2CCCC2)C2CCCC2)C2CCCC2)C2CCCC2)C2CCCC2)C2CCCC2)c(c1)C(C)(C)C,"[9, 32]","[{'functional_group': '2-hydroxypyridine', 'smiles_inds': [87]}]",8.150170982765476e-11
12,bottom,CCCCCC1c2cc3C(CCCCC)c4cc5C(CCCCC)c6cc7C(CCCCC)c8cc1c1OCOc2cc3OCOc4c(P(c2ccccc2)c2ccccc2)c5OCOc6cc7OCOc8c1OCc1cccc(COc2c3OCOc4cc5OCOc6c7cc8C(CCCCC)c9cc%10C(CCCCC)c(cc3C(CCCCC)c4cc5C7CCCCC)c2OCOc%10cc9OCOc8c6P(c2ccccc2)c2ccccc2)c1,"[48, 142]","[{'functional_group': 'chloro', 'smiles_inds': [91]}]",1.911032366364978e-10
12,bottom,Cc1cc(C)c(B(CCCP(CCCB(c2c(C)cc(C)cc2C)c2c(C)cc(C)cc2C)CCP(CCCB(c2c(C)cc(C)cc2C)c2c(C)cc(C)cc2C)CCCB(c2c(C)cc(C)cc2C)c2c(C)cc(C)cc2C)c2c(C)cc(C)cc2C)c(C)c1,"[35, 10]","[{'functional_group': 'ethyl', 'smiles_inds': [18]}, {'functional_group': 'ethyl_ester', 'smiles_inds': [76]}]",6.025049138757659e-10
12,bottom,CCC(C)(C)c1cc(C(c2cc(cc(c2OCCCNC(=O)CP(=S)(c2ccccc2)c2ccccc2)C(C)(C)CC)C(C)(C)CC)c2cc(cc(c2OCCCNC(=O)CP(=S)(c2ccccc2)c2ccccc2)C(C)(C)CC)C(C)(C)CC)c(OCCCNC(=O)CP(=S)(c2ccccc2)c2ccccc2)c(c1)C(C)(C)CC,"[21, 59, 92]","[{'functional_group': 'cyanimide', 'smiles_inds': [38]}]",2.561498523955106e-09
12,bottom,CCC(C)(C)c1cc(C(c2cc(cc(c2OCCNC(=O)CP(=O)(c2ccccc2)c2ccccc2)C(C)(C)CC)C(C)(C)CC)c2cc(cc(c2OCCNC(=O)CP(=O)(c2ccccc2)c2ccccc2)C(C)(C)CC)C(C)(C)CC)c(OCCNC(=O)CP(=O)(c2ccccc2)c2ccccc2)c(c1)C(C)(C)CC,"[20, 23, 57, 60, 89, 92]",[],2.8863677874841493e-09
12,bottom,C1CCCCCCCCCCCP2CCCCCCCCCCCCCCCCCCCCCCP(CCCCCCCCCC1)CCCCCCCCCCCCCCCCCCCCCC2,"[12, 35]",[],6.144804941188898e-09
12,bottom,CCCOc1c2Cc3cc(cc(Cc4cccc(Cc5cc(cc(Cc1ccc2)c5OCCC)c1cccc(c1)c1cc2Cc5cccc(Cc6cc(cc(Cc7cccc(Cc(c1)c2OCCC)c7OCCC)c6OCCC)P(c1ccccc1)c1ccccc1)c5OCCC)c4OCCC)c3OCCC)P(c1ccccc1)c1ccccc1,"[107, 79]",[],6.6538649363569e-09
12,bottom,Cc1cc(C(c2ccc(cc2)C2CCCCC2)c2ccc(cc2)C2CCCCC2)c(N=C(C)C(C)=Nc2c(cc(C)cc2C(c2ccc(cc2)C2CCCCC2)c2ccc(cc2)C2CCCCC2)C(c2ccc(cc2)C2CCCCC2)c2ccc(cc2)C2CCCCC2)c(c1)C(c1ccc(cc1)C1CCCCC1)c1ccc(cc1)C1CCCCC1,"[30, 35]",[],9.922391767740152e-09
12,bottom,COc1c(cc(cc1C12CC3CC(CC(C3)C1)C2)P(c1cc(c(OC)c(c1)C12CC3CC(CC(C3)C1)C2)C12CC3CC(CC(C3)C1)C2)c1ccccc1CNc1cccc2CCC3(CCc4cccc(P(c5cc(cc(c5)C(C)(C)C)C(C)(C)C)c5cc(cc(c5)C(C)(C)C)C(C)(C)C)c34)c12)C12CC3CC(CC(C3)C1)C2,"[70, 18, 54]","[{'functional_group': 'carboxyl', 'smiles_inds': [50]}]",1.1060236855462216e-08
12,bottom,CC(C)(C)c1cc(C(c2cc(cc(c2OCCNC(=O)CP(=O)(c2ccccc2)c2ccccc2)C(C)(C)C)C(C)(C)C)c2cc(cc(c2OCCNC(=O)CP(=O)(c2ccccc2)c2ccccc2)C(C)(C)C)C(C)(C)C)c(OCCNC(=O)CP(=O)(c2ccccc2)c2ccccc2)c(c1)C(C)(C)C,"[19, 22, 54, 57, 84, 87]","[{'functional_group': 'methyl_ester', 'smiles_inds': [89]}, {'functional_group': 'fluoro', 'smiles_inds': [20]}]",1.3723581335010909e-08
12,bottom,Cc1cc(C(c2ccc(cc2)C(C)(C)C)c2ccc(cc2)C(C)(C)C)c(N=C(C)C(C)=Nc2c(cc(C)cc2C(c2ccc(cc2)C(C)(C)C)c2ccc(cc2)C(C)(C)C)C(c2ccc(cc2)C(C)(C)C)c2ccc(cc2)C(C)(C)C)c(c1)C(c1ccc(cc1)C(C)(C)C)c1ccc(cc1)C(C)(C)C,"[26, 31]",[],2.477007935299097e-08
12,bottom,C1CCCCCCCCCCP2CCCCCCCCCCCCCCCCCCCCP(CCCCCCCCC1)CCCCCCCCCCCCCCCCCCCC2,"[11, 32]",[],3.154191407930098e-08
12,bottom,C1CCCCCCCOc2ccc(cc2)P2c3ccc(OCCCCCCCCCCCCCCOc4ccc(cc4)P(c4ccc(OCCCCCC1)cc4)c1ccc(OCCCCCCCCCCCCCCOc4ccc2cc4)cc1)cc3,"[15, 42]","[{'functional_group': 'ether', 'smiles_inds': [77]}]",3.5013833492954827e-08
12,median,CCOC(=O)CC(=O)C(F)(F)F,"[7, 4]",[],0.4884199786768312
12,median,COc1ccc(CNC(=S)NN=C(C)c2ccc(O)c(OC)c2)cc1,"[9, 11]","[{'functional_group': 'carboxyl', 'smiles_inds': [24]}]",0.48842374517199333
12,median,C([Se]c1ccccc1)c1ccccn1,"[1, 13]","[{'functional_group': 'carbonyl', 'smiles_inds': [5]}]",0.48842513983931085
12,median,CN(C)Cc1cccc(c1[O-])C(C)(C)C,"[1, 10]","[{'functional_group': 'carboxyllic_acid', 'smiles_inds': [3]}]",0.4884489668720007
12,median,Clc1ccc(C=S)cc1,[6],[],0.4884617258752985
12,median,Brc1ccccp1,[6],"[{'functional_group': 'carboxyl', 'smiles_inds': [5]}]",0.4884675402461223
12,median,Clc1cccc(CN(Cc2cccc(Cl)n2)Cc2cccc(Cl)n2)n1,"[7, 15, 23]","[{'functional_group': 'cyanimide', 'smiles_inds': [6]}, {'functional_group': 'methyl_ester', 'smiles_inds': [18]}]",0.488506754468118
12,median,CCOC(=O)C(Cc1cccc[c-]1)N=Cc1c(C)cc(C)cc1C,"[13, 12]","[{'functional_group': 'fluoro', 'smiles_inds': [14]}, {'functional_group': 'iodo', 'smiles_inds': [17]}]",0.4885561939967964
12,median,Nc1ccc(cc1)c1ccnc(c1)c1ccccn1,"[18, 10]","[{'functional_group': 'carboxyl', 'smiles_inds': [0]}, {'functional_group': 'ethyl', 'smiles_inds': [9]}, {'functional_group': 'bromo', 'smiles_inds': [6]}]",0.48863205582252855
12,median,COc1ccc(C=Nc2ccc(C)cc2CSC)c([O-])c1,"[16, 19, 7]",[],0.4886541165988868
12,median,CN([O-])N=Nc1ccccc1c1ccccc1,"[2, 4]",[],0.4886831638905721
12,median,CCON=C(c1ccccc1)C1=C([O-])N(N=C1C)c1ccccc1,"[3, 13]",[],0.4888338909428931
12,median,Brc1ccccc1,[0],[],0.4888690198954949
12,median,O=C1NCCOc2ccc(OCCOCCOCCOCCOc3ccc(OCCNC(=O)c4cc1c([c-]c4c1ccccn1)c1ccccn1)cc3)cc2,"[37, 44, 50]","[{'functional_group': 'amide', 'smiles_inds': [46]}, {'functional_group': 'carboxyllic_acid', 'smiles_inds': [53]}, {'functional_group': 'amino', 'smiles_inds': [15]}]",0.4888823176474222
12,median,[NH3+]C12CNCCSCC(CO)(CSCCNC1)CSCCNC2,"[6, 12, 18, 3, 15, 21]","[{'functional_group': 'ethyl', 'smiles_inds': [16]}, {'functional_group': 'ketone', 'smiles_inds': [20]}]",0.4889425932434235
12,median,Cc1ccnc(NC(=O)C2=CC=CS2)c1,"[8, 4]",[],0.48894895656260556
12,median,CC1(C)Cc2ccccc2C(=N1)N=Nc1c([O-])c2ccccc2c2ccccc12,"[16, 11, 13]",[],0.48896216845407353
12,median,Clc1ccc(C=NC2CC(CC(C2)N=Cc2ccc(Cl)cn2)N=Cc2ccc(Cl)cn2)nc1,"[31, 6, 21, 13, 30, 22]","[{'functional_group': 'phenyl', 'smiles_inds': [5]}]",0.4889832868005122
12,median,CN1CCN(C)C1=NCc1ccccc1N=C1N(C)CCN1C,"[7, 15]",[],0.4889881463306993
12,median,C=CN1C=CN=C1C(CC(=O)[O-])C1=NC=CN1C=C,"[13, 5, 11]","[{'functional_group': 'ketone', 'smiles_inds': [0]}]",0.4889895566251969
12,top,NC(=NO)C(N)=N[O-],"[2, 6]","[{'functional_group': 'tribromo', 'smiles_inds': [5]}, {'functional_group': 'bromo', 'smiles_inds': [0]}, {'functional_group': 'phosphonate', 'smiles_inds': [3]}]",0.9935093806852879
12,top,N1C=NC(=N1)C1=NC(=N[N-]1)c1cc[nH+]cc1,"[9, 2]","[{'functional_group': 'phosphonate', 'smiles_inds': [1]}, {'functional_group': 'carboxylate', 'smiles_inds': [12]}]",0.9935549394723687
12,top,NC([S-])=NN=CC1=CNC(=O)N=C1[O-],"[2, 13, 4]",[],0.9936801869438293
12,top,Cc1cc(C=NNC(N)=S)c([O-])c(C=NN=C(N)[S-])c1,"[18, 11, 14]",[],0.9939176498296631
12,top,O=C1N2CN3C4C5N(CN6C7C8N(CN9C%10C%11N(CN%12C%13C%14N(CN%15C%16C%17N(CN1C1C2N2CN4C(=O)N5CN7C(=O)N8CN%10C(=O)N%11C4OC(N%13C(=O)N%14CN%16C(=O)N%17CN1C2=O)c1ccccc41)C%15=O)C%12=O)C9=O)C6=O)C3=O,"[75, 73]",[],0.993952823278382
12,top,NCC1OC2OC3C(O)C(O)C(OC3CN)OC3C(O)C(O)C(OC3CO)OC3C(O)C(O)C(OC3CO)OC3C(O)C(O)C(OC3CO)OC3C(O)C(O)C(OC3CO)OC3C(O)C(O)C(OC3CO)OC1C(O)C2O,"[15, 0]","[{'functional_group': 'hydroxyl', 'smiles_inds': [19]}]",0.993960941514838
12,top,Nc1nc([O-])c2nc(cnc2n1)C(=O)[O-],"[4, 14, 6]",[],0.9941571004841168
12,top,NC(=NO)C(N)=N[O-],"[2, 6]","[{'functional_group': 'carboxylate', 'smiles_inds': [5]}, {'functional_group': 'trifluro', 'smiles_inds': [3]}]",0.9943367840242465
12,top,Cc1cc(C=NNC(N)=S)c([O-])c(C=NN=C(N)[S-])c1,"[18, 11, 14]","[{'functional_group': 'carboxyllic_acid', 'smiles_inds': [4]}]",0.9948023665136766
12,top,NC(=NO)C(N)=N[O-],"[2, 6]","[{'functional_group': 'carboxylate', 'smiles_inds': [3]}]",0.995513060757117
12,top,NC([S-])=NN=CC1=CNC(=O)N=C1[O-],"[2, 13, 4]","[{'functional_group': 'hydroxyl', 'smiles_inds': [5]}]",0.9956114388884943
12,top,Cc1ncc(CO)c(C=NCN(CN=Cc2c(CO)cnc(C)c2[O-])CN=Cc2c(CO)cnc(C)c2[O-])c1[O-],"[39, 9, 37, 26, 24, 13]",[],0.9959068013127702
12,top,CC(=NNC(N)=S)c1cc[c-]c(n1)C(C)=NN=C(N)[S-],"[19, 15, 10]","[{'functional_group': 'trifluro', 'smiles_inds': [9]}, {'functional_group': 'fluoro', 'smiles_inds': [5]}]",0.9962016864358352
12,top,O=C(NCCNC(=O)c1ccc(C(=O)NCCNC(=O)C2=C([O-])C(=O)C=CO2)c([O-])c1[O-])C1=C([O-])C(=O)C=CO1,"[36, 34, 31, 29, 22, 24]",[],0.9962911037137158
12,top,CC(=NNC(N)=S)c1cc[c-]c(n1)C(C)=NN=C(N)[S-],"[19, 15, 10]","[{'functional_group': 'aldehyde', 'smiles_inds': [8]}, {'functional_group': 'carboxyl', 'smiles_inds': [14]}]",0.9970795741837878
12,top,CC(=NNC(N)=S)c1cc[c-]c(n1)C(C)=NN=C(N)[S-],"[19, 15, 10]",[],0.9971455628602065
12,top,NC(=NO)C(N)=N[O-],"[2, 6]","[{'functional_group': 'carboxylate', 'smiles_inds': [5]}, {'functional_group': 'carboxylate', 'smiles_inds': [3]}]",0.9973077903685157
12,top,[NH2+]=C(NN=C([O-])c1cccc(n1)C([O-])=NNC(=[NH2+])c1cnccn1)c1cnccn1,"[5, 11, 13]","[{'functional_group': 'tribromo', 'smiles_inds': [27]}, {'functional_group': '2-hydroxypyridine', 'smiles_inds': [19]}, {'functional_group': 'amino', 'smiles_inds': [2]}]",0.9973812511004011
12,top,NC(=NN=C(N)c1cccc(n1)c1cccc(n1)C(N)=NN=C(N)c1ccccn1)c1ccccn1,"[11, 17, 3]","[{'functional_group': 'iodo', 'smiles_inds': [14]}, {'functional_group': 'carbonyl', 'smiles_inds': [15]}, {'functional_group': 'carbonyl', 'smiles_inds': [13]}]",0.9976736757160531
12,top,NC(=NN=C([O-])C(=NNC(=O)c1cccc(n1)C(=O)NN=C(C([O-])=NN=C(N)c1ccccn1)c1ccccc1)c1ccccc1)c1ccccn1,"[23, 5, 51, 2, 25, 33]","[{'functional_group': 'phosphonate', 'smiles_inds': [14]}]",0.9978059640007939
13,bottom,C[Si](C)(C)c1cc(cc(c1)[Si](C#CP(C#C[Si](c1cc(cc(c1)[Si](C)(C)C)[Si](C)(C)C)(c1cc(cc(c1)[Si](C)(C)C)[Si](C)(C)C)c1cc(cc(c1)[Si](C)(C)C)[Si](C)(C)C)C#C[Si](c1cc(cc(c1)[Si](C)(C)C)[Si](C)(C)C)(c1cc(cc(c1)[Si](C)(C)C)[Si](C)(C)C)c1cc(cc(c1)[Si](C)(C)C)[Si](C)(C)C)(c1cc(cc(c1)[Si](C)(C)C)[Si](C)(C)C)c1cc(cc(c1)[Si](C)(C)C)[Si](C)(C)C)[Si](C)(C)C,[13],[],8.746915620010896e-19
13,bottom,C[Si](C)(C)C(c1cc(C([Si](C)(C)C)[Si](C)(C)C)c(Sc2ccccc2Sc2ccccc2Sc2ccccc2Sc2c(cc(cc2C([Si](C)(C)C)[Si](C)(C)C)C([Si](C)(C)C)[Si](C)(C)C)C([Si](C)(C)C)[Si](C)(C)C)c(c1)C([Si](C)(C)C)[Si](C)(C)C)[Si](C)(C)C,"[25, 32]",[],2.0853853819276836e-13
13,bottom,CCCC[P](CCCC)(CCCC)CCP(CCP(CCP(CC[P](CCCC)(CCCC)CCCC)CC[P](CCCC)(CCCC)CCCC)c1ccccc1)CC[P](CCCC)(CCCC)CCCC,"[15, 18, 21]",[],6.393638824872279e-13
13,bottom,C[Si](C)(C)C(c1cc(C([Si](C)(C)C)[Si](C)(C)C)c(Sc2ccccc2[Se]c2ccccc2[Se]c2ccccc2Sc2c(cc(cc2C([Si](C)(C)C)[Si](C)(C)C)C([Si](C)(C)C)[Si](C)(C)C)C([Si](C)(C)C)[Si](C)(C)C)c(c1)C([Si](C)(C)C)[Si](C)(C)C)[Si](C)(C)C,"[25, 32]",[],1.3517485716218806e-12
13,bottom,C[Si](C)(C)C(c1cc(C([Si](C)(C)C)[Si](C)(C)C)c(Sc2ccccc2[Se]c2ccccc2[Se]c2ccccc2Sc2c(cc(cc2C([Si](C)(C)C)[Si](C)(C)C)C([Si](C)(C)C)[Si](C)(C)C)C([Si](C)(C)C)[Si](C)(C)C)c(c1)C([Si](C)(C)C)[Si](C)(C)C)[Si](C)(C)C,"[25, 32]","[{'functional_group': 'phosphonate', 'smiles_inds': [37]}, {'functional_group': 'methyl', 'smiles_inds': [28]}]",2.6434329665201162e-12
13,bottom,CC(C)(C)c1cc2c3cc(cc4c5cc(cc6c7cc(cc8c9cc(cc%10c%11cc(cc%12c(c1)c2c1c(c34)c(c56)c(c78)c(c9%10)c1c%11%12)C(C)(C)C)C(C)(C)C)C(C)(C)C)C(C)(C)C)P(c1cc2c3cc(cc4c5cc(cc6c7cc(cc8c9cc(cc%10c%11cc(cc%12c(c1)c2c1c(c34)c(c56)c(c78)c(c9%10)c1c%11%12)C(C)(C)C)C(C)(C)C)C(C)(C)C)C(C)(C)C)C(C)(C)C)c1cc2c3cc(cc4c5cc(cc6c7cc(cc8c9cc(cc%10c%11cc(cc%12c(c1)c2c1c(c34)c(c56)c(c78)c(c9%10)c1c%11%12)C(C)(C)C)C(C)(C)C)C(C)(C)C)C(C)(C)C)C(C)(C)C,[62],"[{'functional_group': 'ketone', 'smiles_inds': [141]}, {'functional_group': 'amide', 'smiles_inds': [178]}]",3.5100789883201546e-12
13,bottom,C[Si](C)(C)C(c1cc(C([Si](C)(C)C)[Si](C)(C)C)c([Se]c2ccccc2[Se]c2ccccc2[Se]c2ccccc2[Se]c2c(cc(cc2C([Si](C)(C)C)[Si](C)(C)C)C([Si](C)(C)C)[Si](C)(C)C)C([Si](C)(C)C)[Si](C)(C)C)c(c1)C([Si](C)(C)C)[Si](C)(C)C)[Si](C)(C)C,"[25, 32]","[{'functional_group': 'amide', 'smiles_inds': [68]}]",5.09945768692777e-12
13,bottom,C[Si](C)(C)C(c1cc(C([Si](C)(C)C)[Si](C)(C)C)c([Se]c2ccccc2[Se]c2ccccc2[Se]c2ccccc2[Se]c2c(cc(cc2C([Si](C)(C)C)[Si](C)(C)C)C([Si](C)(C)C)[Si](C)(C)C)C([Si](C)(C)C)[Si](C)(C)C)c(c1)C([Si](C)(C)C)[Si](C)(C)C)[Si](C)(C)C,"[25, 32]","[{'functional_group': 'fluoro', 'smiles_inds': [6]}]",7.493159197448002e-12
13,bottom,CC(C)(C)c1cc2c3cc(cc4c5cc(cc6c7cc(cc8c9cc(cc%10c%11cc(cc%12c(c1)c2c1c(c34)c(c56)c(c78)c(c9%10)c1c%11%12)C(C)(C)C)C(C)(C)C)C(C)(C)C)C(C)(C)C)P(c1cc2c3cc(cc4c5cc(cc6c7cc(cc8c9cc(cc%10c%11cc(cc%12c(c1)c2c1c(c34)c(c56)c(c78)c(c9%10)c1c%11%12)C(C)(C)C)C(C)(C)C)C(C)(C)C)C(C)(C)C)C(C)(C)C)c1cc2c3cc(cc4c5cc(cc6c7cc(cc8c9cc(cc%10c%11cc(cc%12c(c1)c2c1c(c34)c(c56)c(c78)c(c9%10)c1c%11%12)C(C)(C)C)C(C)(C)C)C(C)(C)C)C(C)(C)C)C(C)(C)C,[62],"[{'functional_group': 'bromo', 'smiles_inds': [123]}]",1.2315870262139177e-11
13,bottom,CC(C)(C)c1cc2c(OP(Oc3c2cc(cc3C(C)(C)C)C(C)(C)C)O[Si]2(O[Si]3(O[Si](OP4Oc5c(cc(cc5C(C)(C)C)C(C)(C)C)c5cc(cc(c5O4)C(C)(C)C)C(C)(C)C)(O[Si]4(O[Si](O3)(O[Si](O2)(O[Si](O4)(O[Si](C)(c2ccccc2)c2ccccc2)C2CCCC2)C2CCCC2)C2CCCC2)C2CCCC2)C2CCCC2)C2CCCC2)C2CCCC2)c(c1)C(C)(C)C,"[9, 32]",[],6.926005919189731e-11
13,bottom,CCCCCC1c2cc3C(CCCCC)c4cc5C(CCCCC)c6cc7C(CCCCC)c8cc1c1OCOc2cc3OCOc4c(P(c2ccccc2)c2ccccc2)c5OCOc6cc7OCOc8c1OCc1cccc(COc2c3OCOc4cc5OCOc6c7cc8C(CCCCC)c9cc%10C(CCCCC)c(cc3C(CCCCC)c4cc5C7CCCCC)c2OCOc%10cc9OCOc8c6P(c2ccccc2)c2ccccc2)c1,"[48, 142]","[{'functional_group': 'ketone', 'smiles_inds': [113]}]",1.5897569953421437e-10
13,bottom,C[Si](C)(C)c1cc(cc(c1)[Si](C)(C)C)P(c1cc(cc(c1)[Si](C)(C)C)[Si](C)(C)C)c1ccccc1P(c1cc(cc(c1)[Si](C)(C)C)[Si](C)(C)C)c1cc(cc(c1)[Si](C)(C)C)[Si](C)(C)C,"[35, 14]","[{'functional_group': 'trichloro', 'smiles_inds': [11]}]",7.185199983364122e-10
13,bottom,Cc1cc(C)c(B(CCCP(CCCB(c2c(C)cc(C)cc2C)c2c(C)cc(C)cc2C)CCP(CCCB(c2c(C)cc(C)cc2C)c2c(C)cc(C)cc2C)CCCB(c2c(C)cc(C)cc2C)c2c(C)cc(C)cc2C)c2c(C)cc(C)cc2C)c(C)c1,"[35, 10]",[],1.0114633928057966e-09
13,bottom,C[Si](O[Si]1(O[Si]2(O[Si](OP(c3ccccc3)c3ccccc3)(O[Si]3(O[Si](OP(c4ccccc4)c4ccccc4)(O[Si](O[Si](O3)(O2)C2CCCC2)(O1)C1CCCC1)C1CCCC1)C1CCCC1)C1CCCC1)C1CCCC1)C1CCCC1)(c1ccccc1)c1ccccc1,"[27, 9]","[{'functional_group': 'bromo', 'smiles_inds': [63]}, {'functional_group': 'ethyl', 'smiles_inds': [90]}]",4.1441444460943976e-09
13,bottom,C[Si](O[Si]1(O[Si]2(O[Si](OP(c3ccccc3)c3ccccc3)(O[Si]3(O[Si](OP(c4ccccc4)c4ccccc4)(O[Si](O[Si](O3)(O2)C2CCCC2)(O1)C1CCCC1)C1CCCC1)C1CCCC1)C1CCCC1)C1CCCC1)C1CCCC1)(c1ccccc1)c1ccccc1,"[27, 9]",[],5.624475298902698e-09
13,bottom,CCCOc1c2Cc3cc(cc(Cc4cccc(Cc5cc(cc(Cc1ccc2)c5OCCC)c1cccc(c1)c1cc2Cc5cccc(Cc6cc(cc(Cc7cccc(Cc(c1)c2OCCC)c7OCCC)c6OCCC)P(c1ccccc1)c1ccccc1)c5OCCC)c4OCCC)c3OCCC)P(c1ccccc1)c1ccccc1,"[107, 79]",[],6.8967684225906014e-09
13,bottom,C1CCCCCCCCCCCP2CCCCCCCCCCCCCCCCCCCCCCP(CCCCCCCCCC1)CCCCCCCCCCCCCCCCCCCCCC2,"[12, 35]",[],7.25887146516759e-09
13,bottom,COc1c(cc(cc1C12CC3CC(CC(C3)C1)C2)P(c1cc(c(OC)c(c1)C12CC3CC(CC(C3)C1)C2)C12CC3CC(CC(C3)C1)C2)c1ccccc1CNc1cccc2CCC3(CCc4cccc(P(c5cc(cc(c5)C(C)(C)C)C(C)(C)C)c5cc(cc(c5)C(C)(C)C)C(C)(C)C)c34)c12)C12CC3CC(CC(C3)C1)C2,"[70, 18, 54]","[{'functional_group': 'aldehyde', 'smiles_inds': [106]}]",7.271919623800736e-09
13,bottom,Cc1cc(C(c2ccc(cc2)C2CCCCC2)c2ccc(cc2)C2CCCCC2)c(N=C(C)C(C)=Nc2c(cc(C)cc2C(c2ccc(cc2)C2CCCCC2)c2ccc(cc2)C2CCCCC2)C(c2ccc(cc2)C2CCCCC2)c2ccc(cc2)C2CCCCC2)c(c1)C(c1ccc(cc1)C1CCCCC1)c1ccc(cc1)C1CCCCC1,"[30, 35]","[{'functional_group': 'cyano', 'smiles_inds': [14]}, {'functional_group': 'cyano', 'smiles_inds': [107]}]",9.655041057907754e-09
13,bottom,C1CCC(CC1)B(CCCP(CCCB(C1CCCCC1)C1CCCCC1)CCP(CCCB(C1CCCCC1)C1CCCCC1)CCCB(C1CCCCC1)C1CCCCC1)C1CCCCC1,"[10, 29]","[{'functional_group': '2-methylbenzoic_acid', 'smiles_inds': [26]}]",9.947617178243975e-09
13,median,CC(=O)NCc1ccnc(c1)c1cc(CNC(C)=O)ccn1,"[8, 21]","[{'functional_group': 'carboxyl', 'smiles_inds': [15]}, {'functional_group': 'methyl', 'smiles_inds': [17]}, {'functional_group': 'cyano', 'smiles_inds': [12]}]",0.4906157326174205
13,median,CC(C)N1Cc2cccc(CCc3cccc(C1)n3)n2,"[19, 3, 18]","[{'functional_group': 'tribromo', 'smiles_inds': [10]}]",0.49062967002097163
13,median,O=C1c2ccncc2C(=O)c2ccncc12,[5],"[{'functional_group': 'ethyl_ester', 'smiles_inds': [6]}, {'functional_group': 'methyl', 'smiles_inds': [12]}]",0.4906967482438749
13,median,COC(=O)CCCCN(CCN)CCN,"[8, 11, 14]","[{'functional_group': 'fluoro', 'smiles_inds': [9]}, {'functional_group': 'ethyl_ester', 'smiles_inds': [4]}]",0.49072085985778446
13,median,CC(C)([O-])N1N=Cc2ccccc12,"[3, 5]","[{'functional_group': 'fluoro', 'smiles_inds': [10]}]",0.49074516704821936
13,median,CC(C)(C)N1C=C(N=C1[S-])C(C)(C)C,"[9, 7]",[],0.49076819578433867
13,median,CC([O-])=CC(C)=Nc1ccccc1F,"[6, 2]",[],0.4908251498855735
13,median,CC1=NN(C(=C1C(=NNC(=S)Nc1ccccc1)c1ccccc1)[O-])c1ccccc1,"[10, 24, 7]","[{'functional_group': 'hydroxyl', 'smiles_inds': [16]}]",0.4908436375545064
13,median,C(Nc1ccc2ccc(NCc3ccccc3)nc2n1)c1ccccc1,[17],"[{'functional_group': 'phosphonate', 'smiles_inds': [10]}]",0.4908618472832457
13,median,O=C(N=C([S-])N(c1ccccc1)c1ccccc1)C1=CC=CO1,"[0, 4]","[{'functional_group': 'tribromo', 'smiles_inds': [8]}, {'functional_group': 'aldehyde', 'smiles_inds': [17]}]",0.49086696054894513
13,median,CN1C(=O)N(C)C2=C(N(CC=C)[C-]=[NH+]2)C1=O,[12],"[{'functional_group': 'amino', 'smiles_inds': [9]}]",0.4908747752131129
13,median,CC(C)N=Cc1cc(cc(c1[O-])C(C)(C)C)N(=O)=O,"[3, 11]","[{'functional_group': 'iodo', 'smiles_inds': [4]}]",0.4908778057164074
13,median,CN1C(=O)c2c3cccnc3c3[N-]c4ccccc4c3c2C1=O,"[9, 12]","[{'functional_group': 'methyl', 'smiles_inds': [14]}, {'functional_group': 'methyl_ester', 'smiles_inds': [8]}]",0.4908815442801373
13,median,CCN1C(=O)C2OC3(C)C=C(C)C=NC3C2C1=O,[13],"[{'functional_group': 'methyl', 'smiles_inds': [0]}, {'functional_group': '2-hydroxypyridine', 'smiles_inds': [11]}]",0.49096740700646535
13,median,CCN(CC)CCN=Cc1ccccn1,"[2, 7, 14]",[],0.49098474419128857
13,median,[Se](c1ccccc1)c1cccc(n1)c1cccc([Se]c2ccccc2)n1,"[12, 25]","[{'functional_group': 'carbonyl', 'smiles_inds': [23]}]",0.4909895395089783
13,median,CC(C)C1(C)NC(C)(NC1=O)c1ccccn1,"[5, 16]","[{'functional_group': 'chloro', 'smiles_inds': [13]}, {'functional_group': 'ethyl_ester', 'smiles_inds': [12]}, {'functional_group': 'cyanimide', 'smiles_inds': [1]}]",0.49099448656856276
13,median,O=C([O-])c1cccc(CN(CCCN2C=CN=C2N(=O)=O)CCN(CCCN2C=CN=C2N(=O)=O)Cc2cccc(n2)C(=O)[O-])n1,"[44, 2, 13, 23, 9, 27]","[{'functional_group': 'trifluro', 'smiles_inds': [39]}]",0.491033040285727
13,median,CSCCS(C)=O,"[1, 4]",[],0.49112122738244157
13,median,[nH+]1c2ccccc2nc2c1c1cccnc1c1ncccc21,"[14, 17]","[{'functional_group': 'thiol', 'smiles_inds': [11]}, {'functional_group': 'phenyl', 'smiles_inds': [3]}, {'functional_group': 'cyano', 'smiles_inds': [13]}, {'functional_group': 'aldehyde', 'smiles_inds': [0]}]",0.49117018994007683
13,top,O=C1NC2NC(=O)N3CN4C5C6N(CN7C8C9N(CN%10C%11C(NC%10=O)NC(=O)N%11CN9C(=O)N8CN6C4=O)C7=O)C(=O)N5CN1C23,"[41, 39]","[{'functional_group': 'trifluro', 'smiles_inds': [18]}]",0.9923493386688197
13,top,N1C=NC(=N1)C1=NC(=N[N-]1)c1cc[nH+]cc1,"[9, 2]","[{'functional_group': 'phosphonate', 'smiles_inds': [1]}, {'functional_group': 'amino', 'smiles_inds': [15]}, {'functional_group': 'amino', 'smiles_inds': [12]}]",0.9927068207904484
13,top,NC([S-])=NN=Cc1cc(Cl)cc(Cl)c1[O-],"[2, 14, 4]","[{'functional_group': 'ether', 'smiles_inds': [10]}, {'functional_group': 'carboxylate', 'smiles_inds': [7]}, {'functional_group': 'amino', 'smiles_inds': [5]}]",0.9933651352777968
13,top,Cc1cc(C=NNC(N)=S)c([O-])c(C=NN=C(N)[S-])c1,"[18, 11, 14]",[],0.9935069932862528
13,top,Cc1ncc(CO)c(C=NN=C(N)[O-])c1[O-],"[9, 15, 13]","[{'functional_group': 'bromo', 'smiles_inds': [5]}, {'functional_group': 'carboxyl', 'smiles_inds': [8]}]",0.9935205663033204
13,top,NC([S-])=NN=CC1=CNC(=O)N=C1[O-],"[2, 13, 4]",[],0.9939527847353192
13,top,[NH3+]C1C(O)C([NH3+])C([O-])C(N)C1[O-],"[7, 11, 9]","[{'functional_group': 'phosphonate', 'smiles_inds': [6]}]",0.9941519684247698
13,top,O=C(NCCNC(=O)c1ccc(C(=O)NCCNC(=O)C2=C([O-])C(=O)C=CO2)c([O-])c1[O-])C1=C([O-])C(=O)C=CO1,"[36, 34, 31, 29, 22, 24]","[{'functional_group': 'amide', 'smiles_inds': [16]}]",0.9944905915473615
13,top,NC(=NO)C(N)=N[O-],"[2, 6]","[{'functional_group': 'carboxylate', 'smiles_inds': [5]}]",0.9946207770054237
13,top,NC(=NO)C(N)=N[O-],"[2, 6]","[{'functional_group': 'phosphonate', 'smiles_inds': [3]}]",0.9951246744657211
13,top,NC([S-])=NN=CC1=CNC(=O)N=C1[O-],"[2, 13, 4]","[{'functional_group': 'fluoro', 'smiles_inds': [8]}, {'functional_group': 'hydroxyl', 'smiles_inds': [5]}]",0.9953496221965079
13,top,OCC1OC2OC3C(CO)OC(OC4C(CO)OC(OC5C(CO)OC(OC6C(CNCCC7=CNC=N7)OC(OC7C(CO)OC(OC8C(CO)OC(OC1C(O)C2O)C(O)C8O)C(O)C7O)C(O)C6O)C(O)C5O)C(O)C4O)C(O)C3O,"[37, 30]",[],0.9967788374155993
13,top,NC(=NO)C(N)=N[O-],"[2, 6]","[{'functional_group': 'amino', 'smiles_inds': [3]}, {'functional_group': 'phosphonate', 'smiles_inds': [5]}]",0.9968784079027102
13,top,O=C1N2CN3C4C5N(CN6C7C8N(CN9C%10C%11N(CN%12C%13C%14N(CN%15C%16C%17N(CN%18C%19C%20N(CN1C1C2N2CN4C(=O)N5CN7C(=O)N8CN%10C(=O)N%11CN%13C(=O)N%14CN%16C(=O)N%17CN%19C(=O)N%20CN1C2=O)C%18=O)C%15=O)C%12=O)C9=O)C6=O)C3=O,"[0, 73]",[],0.9971387180128892
13,top,O=C1N2CN3C4C5N(CN6C7C8N(CN9C%10C%11N(CN%12C%13C%14N(CN%15C%16C%17N(CN%18C%19C%20N(CN1C1C2N2CN4C(=O)N5CN7C(=O)N8CN%10C(=O)N%11CN%13C(=O)N%14CN%16C(=O)N%17CN%19C(=O)N%20CN1C2=O)C%18=O)C%15=O)C%12=O)C9=O)C6=O)C3=O,"[0, 73]","[{'functional_group': 'fluoro', 'smiles_inds': [31]}]",0.9974537154347719
13,top,O=C(NCCNC(=O)c1ccc(C(=O)NCCNC(=O)C2=C([O-])C(=O)C=CO2)c([O-])c1[O-])C1=C([O-])C(=O)C=CO1,"[36, 34, 31, 29, 22, 24]","[{'functional_group': 'carboxylate', 'smiles_inds': [9]}, {'functional_group': 'phenyl', 'smiles_inds': [10]}]",0.9976119714101191
13,top,NC(CN(CCN(CC(N)=NO)CC(N)=NO)CC(N)=NO)=NO,"[22, 20, 10, 15, 3, 6]",[],0.9982488823166275
13,top,Cc1[nH+]cc(CO)c(C=NC(C(N=Cc2c(CO)c[nH+]c(C)c2[O-])c2c(CO)cnc(C)c2[O-])c2c(CO)cnc(C)c2[O-])c1[O-],"[9, 45, 12, 23, 33, 43]",[],0.9982724614272872
13,top,NC(=NN=C([O-])c1cc(Cl)cc(n1)C([O-])=NN=C(N)c1ccccn1)c1ccccn1,"[12, 5, 14]","[{'functional_group': 'phosphonate', 'smiles_inds': [26]}]",0.9986321064613342
13,top,O=C1N2CN3C4C5N(CN6C7C8N(CN9C%10C%11N(CN%12C%13C%14N(CN%15C%16C%17N(CN%18C%19C%20N(CN1C1C2N2CN4C(=O)N5CN7C(=O)N8CN%10C(=O)N%11CN%13C(=O)N%14CN%16C(=O)N%17CN%19C(=O)N%20CN1C2=O)C%18=O)C%15=O)C%12=O)C9=O)C6=O)C3=O,"[0, 73]","[{'functional_group': '2-hydroxypyridine', 'smiles_inds': [63]}, {'functional_group': 'carboxylate', 'smiles_inds': [53]}]",0.9989562634076542
14,bottom,C[Si](C)(C)c1cc(cc(c1)[Si](C#CP(C#C[Si](c1cc(cc(c1)[Si](C)(C)C)[Si](C)(C)C)(c1cc(cc(c1)[Si](C)(C)C)[Si](C)(C)C)c1cc(cc(c1)[Si](C)(C)C)[Si](C)(C)C)C#C[Si](c1cc(cc(c1)[Si](C)(C)C)[Si](C)(C)C)(c1cc(cc(c1)[Si](C)(C)C)[Si](C)(C)C)c1cc(cc(c1)[Si](C)(C)C)[Si](C)(C)C)(c1cc(cc(c1)[Si](C)(C)C)[Si](C)(C)C)c1cc(cc(c1)[Si](C)(C)C)[Si](C)(C)C)[Si](C)(C)C,[13],"[{'functional_group': 'ketone', 'smiles_inds': [28]}, {'functional_group': 'fluoro', 'smiles_inds': [107]}, {'functional_group': 'iodo', 'smiles_inds': [71]}]",2.4508760537415513e-18
14,bottom,C[Si](C)(C)c1cc(cc(c1)[Si](C#CP(C#C[Si](c1cc(cc(c1)[Si](C)(C)C)[Si](C)(C)C)(c1cc(cc(c1)[Si](C)(C)C)[Si](C)(C)C)c1cc(cc(c1)[Si](C)(C)C)[Si](C)(C)C)C#C[Si](c1cc(cc(c1)[Si](C)(C)C)[Si](C)(C)C)(c1cc(cc(c1)[Si](C)(C)C)[Si](C)(C)C)c1cc(cc(c1)[Si](C)(C)C)[Si](C)(C)C)(c1cc(cc(c1)[Si](C)(C)C)[Si](C)(C)C)c1cc(cc(c1)[Si](C)(C)C)[Si](C)(C)C)[Si](C)(C)C,[13],[],4.572874648374376e-18
14,bottom,C[Si](C)(C)C(c1cc(C([Si](C)(C)C)[Si](C)(C)C)c(Sc2ccccc2Sc2ccccc2Sc2ccccc2Sc2c(cc(cc2C([Si](C)(C)C)[Si](C)(C)C)C([Si](C)(C)C)[Si](C)(C)C)C([Si](C)(C)C)[Si](C)(C)C)c(c1)C([Si](C)(C)C)[Si](C)(C)C)[Si](C)(C)C,"[25, 32]","[{'functional_group': 'ethyl', 'smiles_inds': [37]}]",1.904399451438131e-12
14,bottom,C[Si](C)(C)C(c1cc(C([Si](C)(C)C)[Si](C)(C)C)c(Sc2ccccc2[Se]c2ccccc2[Se]c2ccccc2Sc2c(cc(cc2C([Si](C)(C)C)[Si](C)(C)C)C([Si](C)(C)C)[Si](C)(C)C)C([Si](C)(C)C)[Si](C)(C)C)c(c1)C([Si](C)(C)C)[Si](C)(C)C)[Si](C)(C)C,"[25, 32]","[{'functional_group': '2-methylbenzoic_acid', 'smiles_inds': [2]}, {'functional_group': 'carbonyl', 'smiles_inds': [42]}]",5.799456922270627e-12
14,bottom,C[Si](C)(C)C(c1cc(C([Si](C)(C)C)[Si](C)(C)C)c(Sc2ccccc2Sc2ccccc2Sc2ccccc2Sc2c(cc(cc2C([Si](C)(C)C)[Si](C)(C)C)C([Si](C)(C)C)[Si](C)(C)C)C([Si](C)(C)C)[Si](C)(C)C)c(c1)C([Si](C)(C)C)[Si](C)(C)C)[Si](C)(C)C,"[25, 32]","[{'functional_group': 'amino', 'smiles_inds': [72]}, {'functional_group': 'carboxylate', 'smiles_inds': [70]}]",1.804918290822584e-11
14,bottom,CC(C)(C)c1cc2c(OP(Oc3c2cc(cc3C(C)(C)C)C(C)(C)C)O[Si]2(O[Si]3(O[Si](OP4Oc5c(cc(cc5C(C)(C)C)C(C)(C)C)c5cc(cc(c5O4)C(C)(C)C)C(C)(C)C)(O[Si]4(O[Si](O3)(O[Si](O2)(O[Si](O4)(O[Si](C)(c2ccccc2)c2ccccc2)C2CCCC2)C2CCCC2)C2CCCC2)C2CCCC2)C2CCCC2)C2CCCC2)C2CCCC2)c(c1)C(C)(C)C,"[9, 32]",[],7.128013248294273e-11
14,bottom,CCC(C)(C)c1cc(C(c2cc(cc(c2OCCNC(=O)CP(=O)(c2ccccc2)c2ccccc2)C(C)(C)CC)C(C)(C)CC)c2cc(cc(c2OCCNC(=O)CP(=O)(c2ccccc2)c2ccccc2)C(C)(C)CC)C(C)(C)CC)c(OCCNC(=O)CP(=O)(c2ccccc2)c2ccccc2)c(c1)C(C)(C)CC,"[20, 23, 57, 60, 89, 92]","[{'functional_group': '2-methylbenzoic_acid', 'smiles_inds': [17]}]",1.5666537082699523e-09
14,bottom,CCC(C)(C)c1cc(C(c2cc(cc(c2OCCCNC(=O)CP(=S)(c2ccccc2)c2ccccc2)C(C)(C)CC)C(C)(C)CC)c2cc(cc(c2OCCCNC(=O)CP(=S)(c2ccccc2)c2ccccc2)C(C)(C)CC)C(C)(C)CC)c(OCCCNC(=O)CP(=S)(c2ccccc2)c2ccccc2)c(c1)C(C)(C)CC,"[21, 59, 92]",[],1.6253130082559317e-09
14,bottom,CCC(C)(C)c1cc(C(c2cc(cc(c2OCCNC(=O)CP(=O)(c2ccccc2)c2ccccc2)C(C)(C)CC)C(C)(C)CC)c2cc(cc(c2OCCNC(=O)CP(=O)(c2ccccc2)c2ccccc2)C(C)(C)CC)C(C)(C)CC)c(OCCNC(=O)CP(=O)(c2ccccc2)c2ccccc2)c(c1)C(C)(C)CC,"[20, 23, 57, 60, 89, 92]","[{'functional_group': 'amide', 'smiles_inds': [33]}, {'functional_group': 'thiol', 'smiles_inds': [94]}]",1.9871491261758164e-09
14,bottom,C[Si](C)(C)c1cc(cc(c1)[Si](C)(C)C)P(c1cc(cc(c1)[Si](C)(C)C)[Si](C)(C)C)c1ccccc1P(c1cc(cc(c1)[Si](C)(C)C)[Si](C)(C)C)c1cc(cc(c1)[Si](C)(C)C)[Si](C)(C)C,"[35, 14]",[],3.974984341251219e-09
14,bottom,CC(C)COc1cc(nc2nc(NC(=O)c3cc(OCC(C)C)c4ccc(NC(=O)c5cc(OCC(C)C)c6cc(OCC(C)C)c(cc6n5)C(=O)NNC(=O)c5ccc(nn5)c5cccc(n5)c5ccc(nn5)C(=O)NNC(=O)c5cc6nc(cc(OCC(C)C)c6cc5OCC(C)C)C(=O)Nc5ccc6c(OCC(C)C)cc(nc6n5)C(=O)Nc5ccc6c(OCC(C)C)cc(nc6n5)C(=O)Nc5cccc(NC(=O)c6cc(OCC(C)C)c7cccc(NC(=O)c8cc(OCC(C)C)c9cccc(NC(=O)c%10cc(OCC(C)C)c%11cccc(c%11n%10)N(=O)=O)c9n8)c7n6)n5)nc4n3)ccc12)C(=O)Nc1cccc(NC(=O)c2cc(OCC(C)C)c3cccc(NC(=O)c4cc(OCC(C)C)c5cccc(NC(=O)c6cc(OCC(C)C)c7cccc(c7n6)N(=O)=O)c5n4)c3n2)n1,"[60, 67, 73]",[],2.5226179411215356e-08
14,bottom,Cc1cc(C(c2ccc(cc2)C(C)(C)C)c2ccc(cc2)C(C)(C)C)c(N=C2c3cccc4cccc(C2=Nc2c(cc(C)cc2C(c2ccc(cc2)C(C)(C)C)c2ccc(cc2)C(C)(C)C)C(c2ccc(cc2)C(C)(C)C)c2ccc(cc2)C(C)(C)C)c34)c(c1)C(c1ccc(cc1)C(C)(C)C)c1ccc(cc1)C(C)(C)C,"[38, 26]","[{'functional_group': 'trifluro', 'smiles_inds': [56]}]",2.7038567715907247e-08
14,bottom,CC(C)(C)c1ccc(cc1)C(c1ccc(cc1)C(C)(C)C)c1cc(F)cc(C(c2ccc(cc2)C(C)(C)C)c2ccc(cc2)C(C)(C)C)c1N=C1c2cccc3cccc(C1=Nc1c(cc(F)cc1C(c1ccc(cc1)C(C)(C)C)c1ccc(cc1)C(C)(C)C)C(c1ccc(cc1)C(C)(C)C)c1ccc(cc1)C(C)(C)C)c23,"[61, 49]",[],3.136332756904334e-08
14,bottom,C1CCCCCCCCCCP2CCCCCCCCCCCCCCCCCCCCP(CCCCCCCCC1)CCCCCCCCCCCCCCCCCCCC2,"[11, 32]",[],4.300447734179969e-08
14,bottom,Cc1cc(C(c2ccc(cc2)C(C)(C)C)c2ccc(cc2)C(C)(C)C)c(N=C2c3cccc4cccc(C2=Nc2c(cc(C)cc2C(c2ccc(cc2)C(C)(C)C)c2ccc(cc2)C(C)(C)C)C(c2ccc(cc2)C(C)(C)C)c2ccc(cc2)C(C)(C)C)c34)c(c1)C(c1ccc(cc1)C(C)(C)C)c1ccc(cc1)C(C)(C)C,"[38, 26]","[{'functional_group': 'amino', 'smiles_inds': [109]}]",5.6508727305300124e-08
14,bottom,Cc1cc(C(c2ccc(cc2)C(C)(C)C)c2ccc(cc2)C(C)(C)C)c(N=C2c3cccc4cccc(C2=Nc2c(cc(C)cc2C(c2ccc(cc2)C(C)(C)C)c2ccc(cc2)C(C)(C)C)C(c2ccc(cc2)C(C)(C)C)c2ccc(cc2)C(C)(C)C)c34)c(c1)C(c1ccc(cc1)C(C)(C)C)c1ccc(cc1)C(C)(C)C,"[38, 26]","[{'functional_group': 'amino', 'smiles_inds': [64]}]",5.6508727305300124e-08
14,bottom,CC(C)(C)c1cc2c(OP(OC3C(CO[Si](c4ccccc4)(c4ccccc4)C(C)(C)C)OC(CO[Si](c4ccccc4)(c4ccccc4)C(C)(C)C)C3OP3Oc4c(cc(cc4C(C)(C)C)C(C)(C)C)c4cc(cc(c4O3)C(C)(C)C)C(C)(C)C)Oc3c2cc(cc3C(C)(C)C)C(C)(C)C)c(c1)C(C)(C)C,"[9, 55]",[],6.095672536938828e-08
14,bottom,C1CCCP(CCCCCCC=CCCCCCCP(CCCCCCC=CCCCCCCP(CCCCCCC=CCC1)c1ccccc1)c1ccccc1)c1ccccc1,"[4, 34, 19]","[{'functional_group': 'thiol', 'smiles_inds': [55]}]",6.108900023210192e-08
14,bottom,CC(CP(c1ccc(cc1)C(C)(C)C)c1ccc(cc1)C(C)(C)C)(CP(c1ccc(cc1)C(C)(C)C)c1ccc(cc1)C(C)(C)C)CP(c1ccc(cc1)C(C)(C)C)c1ccc(cc1)C(C)(C)C,"[3, 25, 47]","[{'functional_group': 'amide', 'smiles_inds': [13]}, {'functional_group': 'hydroxyl', 'smiles_inds': [40]}]",7.719451697834593e-08
14,bottom,CCN(CC)C(=O)COc1c2Cc3cc(cc(Cc4cc(cc(Cc5cc(cc(Cc1cc(c2)C(C)(C)C)c5OCP(c1ccccc1)c1ccccc1)C(C)(C)C)c4OCC(=O)N(CC)CC)C(C)(C)C)c3OCP(c1ccccc1)c1ccccc1)C(C)(C)C,"[41, 75]","[{'functional_group': 'ether', 'smiles_inds': [81]}, {'functional_group': 'carbonyl', 'smiles_inds': [57]}]",9.23079145262569e-08
14,median,Nc1ccc(cc1)c1ccnc(c1)c1ccccn1,"[18, 10]","[{'functional_group': 'amino', 'smiles_inds': [6]}, {'functional_group': 'ethyl', 'smiles_inds': [2]}, {'functional_group': 'methyl', 'smiles_inds': [8]}, {'functional_group': 'methyl_ester', 'smiles_inds': [12]}]",0.5018699653645095
14,median,Cc1cc(C)c2cccc(N)c2n1,"[12, 10]","[{'functional_group': 'fluoro', 'smiles_inds': [2]}]",0.5019375021978189
14,median,CC1=CC(=NN1c1ccccn1)CC1=Nc2ccccc2N1,"[14, 5, 4]",[],0.5019623276315737
14,median,CN1N=CN=N1,[4],[],0.5020109663663029
14,median,N1SNSNSNS1,[7],[],0.5020405668446827
14,median,O1c2ccccc2c2c1ccnc2c1cccnc1,[17],"[{'functional_group': '2-methylbenzoic_acid', 'smiles_inds': [3]}, {'functional_group': 'phenyl', 'smiles_inds': [5]}]",0.5020406655005625
14,median,O=[S](=O)c1cccc2cccc([S-])c12,"[1, 12]","[{'functional_group': 'bromo', 'smiles_inds': [8]}, {'functional_group': 'chloro', 'smiles_inds': [10]}]",0.5020682406410564
14,median,OC([N-]c1ccc2ccccc2c1N=Nc1ccccc1)c1ccccn1,"[26, 2, 14]","[{'functional_group': 'tribromo', 'smiles_inds': [18]}]",0.5021164400949704
14,median,CCOC(=O)C(C=C([O-])C(C)(C)C)=NN=C([O-])c1ccccc1,"[8, 13, 16]","[{'functional_group': 'trichloro', 'smiles_inds': [11]}, {'functional_group': 'ether', 'smiles_inds': [10]}]",0.5021175051427126
14,median,c1ccc(cc1)[PH+](c1ccccc1)c1cccc[c-]1,[18],[],0.5021280439045038
14,median,Cc1ccnc(c1)c1ccccn1,"[4, 12]","[{'functional_group': 'ether', 'smiles_inds': [9]}, {'functional_group': 'phenyl', 'smiles_inds': [6]}]",0.5021472115725816
14,median,CN(C)c1ccc(cc1)C=NN=C([O-])c1ccc(Cl)cc1,"[10, 13]","[{'functional_group': 'cyano', 'smiles_inds': [4]}]",0.5021711885253586
14,median,CCCCCCN1N=NC(=[C-]1)c1ccccn1,"[6, 10]","[{'functional_group': 'hydroxyl', 'smiles_inds': [12]}]",0.5022304534772787
14,median,Cc1cccc(c1)[N-]c1ccccc1N=Nc1ncccn1,"[17, 14, 7]",[],0.5022835986741329
14,median,COC(=O)C(NC(=O)c1ccncc1)C(C)C,[11],"[{'functional_group': 'iodo', 'smiles_inds': [10]}, {'functional_group': 'chloro', 'smiles_inds': [14]}, {'functional_group': 'carboxyllic_acid', 'smiles_inds': [13]}, {'functional_group': 'carboxyllic_acid', 'smiles_inds': [0]}]",0.5022877162674765
14,median,CC(C)C[N-]C(=O)C(N)CC(C)C,"[8, 4]",[],0.5022951174866288
14,median,NCCN(CCCO)CCSCSCCN(CCN)CCCO,"[3, 0, 15, 18, 10, 12]","[{'functional_group': 'chloro', 'smiles_inds': [5]}]",0.5023332970913097
14,median,Brc1ccc(cc1)c1cc(nc(c1)c1ccccn1)c1ccccn1,"[18, 10, 24]","[{'functional_group': '2-methylbenzoic_acid', 'smiles_inds': [12]}]",0.5023613771744108
14,median,NC(CSc1ccccc1)c1ccccc1,"[3, 0]","[{'functional_group': 'tribromo', 'smiles_inds': [8]}]",0.5023779777387831
14,median,CC(C)=NNC(=O)c1ccccc1,[3],[],0.5023819172288001
14,top,[NH3+]CCCCC(NC(=O)c1cccc([O-])c1[O-])C(=O)NCCN(CCNC(=O)C(CCCC[NH3+])NC(=O)c1cccc([O-])c1[O-])CCNC(=O)C(CCCC[NH3+])NC(=O)c1cccc([O-])c1[O-],"[14, 16, 42, 44, 64, 66]","[{'functional_group': 'ethyl', 'smiles_inds': [30]}]",0.9927530548547819
14,top,[NH2+]=C(NN=C([O-])c1cccc(n1)C([O-])=NNC(=[NH2+])c1cnccn1)c1cnccn1,"[5, 11, 13]",[],0.9929452849925378
14,top,NC(=NO)C(N)=N[O-],"[2, 6]","[{'functional_group': 'cyano', 'smiles_inds': [3]}, {'functional_group': 'phosphonate', 'smiles_inds': [5]}]",0.9930287266545138
14,top,Cc1[nH+]cc(C[O-])c(C=NN=C([O-])c2cc[nH+]cc2)c1[O-],"[20, 9, 12]","[{'functional_group': 'cyano', 'smiles_inds': [16]}, {'functional_group': 'carboxylate', 'smiles_inds': [8]}]",0.9933958917326606
14,top,Nc1nc(N)nc(Nc2nc(N)nc(N)n2)n1,"[9, 5]","[{'functional_group': 'phosphonate', 'smiles_inds': [4]}, {'functional_group': 'carboxylate', 'smiles_inds': [0]}]",0.9940351600071792
14,top,O=C1c2[c-]c3c4c5[c-]c6C(=O)C7(c8ccccc8)C(=NC8(c9ccccn9)c9c1c1c2c2c3c3c%10c4c4c%11c5c5c6c6c%12C%13=C%14C%15=C%16C%17=C%18C(=C%19C3=C2C2=C3C%19=C%18C%18=C%16c%16c%14c%12c(c%12c%16c%18c3c(c12)c9%12)c8c76)C%10=C4C%17=C%15C%11=C5%13)c1ccccc1,"[7, 3, 10]","[{'functional_group': 'phosphonate', 'smiles_inds': [15]}, {'functional_group': 'phosphonate', 'smiles_inds': [17]}]",0.9941273148488095
14,top,CC(=N[O-])C(C)=NN=C([O-])c1ccncc1,"[9, 2, 6]","[{'functional_group': 'hydroxyl', 'smiles_inds': [14]}, {'functional_group': 'carboxylate', 'smiles_inds': [11]}, {'functional_group': 'phosphonate', 'smiles_inds': [5]}]",0.994387687045081
14,top,NC(=NO)C(N)=N[O-],"[2, 6]","[{'functional_group': 'phosphonate', 'smiles_inds': [0]}]",0.9944071457541009
14,top,N=C=Nc1[nH+]c(N=C=N)nc([nH+]1)N=C=[N-],[14],[],0.9944143296725877
14,top,CC(=N[O-])C(C)=NN=C([O-])c1ccncc1,"[9, 2, 6]","[{'functional_group': 'ethyl', 'smiles_inds': [14]}, {'functional_group': 'cyanimide', 'smiles_inds': [0]}, {'functional_group': 'amino', 'smiles_inds': [15]}, {'functional_group': 'carboxylate', 'smiles_inds': [12]}, {'functional_group': 'carboxylate', 'smiles_inds': [5]}, {'functional_group': 'cyano', 'smiles_inds': [11]}]",0.9947330678720661
14,top,NC([S-])=NN=Cc1ncccc1[O-],"[2, 12, 4]","[{'functional_group': 'carboxylate', 'smiles_inds': [8]}]",0.9952947791580558
14,top,NCC1OC2OC3C(O)C(O)C(OC3CN)OC3C(O)C(O)C(OC3CO)OC3C(O)C(O)C(OC3CO)OC3C(O)C(O)C(OC3CO)OC3C(O)C(O)C(OC3CO)OC3C(O)C(O)C(OC3CO)OC1C(O)C2O,"[15, 0]","[{'functional_group': 'ethyl', 'smiles_inds': [50]}, {'functional_group': 'phenyl', 'smiles_inds': [2]}]",0.9958379526938507
14,top,CC(=NNC(N)=S)c1cc[c-]c(n1)C(C)=NN=C(N)[S-],"[19, 15, 10]","[{'functional_group': 'chloro', 'smiles_inds': [14]}]",0.9966904364632229
14,top,NC([S-])=NN=CC1=CNC(=O)N=C1[O-],"[2, 13, 4]","[{'functional_group': 'phosphonate', 'smiles_inds': [5]}, {'functional_group': 'carbonyl', 'smiles_inds': [7]}]",0.9973003026766105
14,top,NC1C(O)C(N)C([O-])C(NCCNC2C(O)C(N)C(O)C(N)C2[O-])C1O,"[12, 9, 21, 5, 23, 7]","[{'functional_group': 'trichloro', 'smiles_inds': [6]}, {'functional_group': 'amino', 'smiles_inds': [22]}]",0.9980841585337559
14,top,NCC1OC2OC3C(O)C(O)C(OC3CN)OC3C(O)C(O)C(OC3CO)OC3C(O)C(O)C(OC3CO)OC3C(O)C(O)C(OC3CO)OC3C(O)C(O)C(OC3CO)OC3C(O)C(O)C(OC3CO)OC1C(O)C2O,"[15, 0]","[{'functional_group': 'ethyl_ester', 'smiles_inds': [9]}]",0.9981229415913493
14,top,Cc1[nH+]cc(CO)c(C=NC(C(N=Cc2c(CO)c[nH+]c(C)c2[O-])c2c(CO)cnc(C)c2[O-])c2c(CO)cnc(C)c2[O-])c1[O-],"[9, 45, 12, 23, 33, 43]",[],0.9982030613307684
14,top,NC1C(O)C(N)C([O-])C(NCCNC2C(O)C(N)C(O)C(N)C2[O-])C1O,"[12, 9, 21, 5, 23, 7]",[],0.9982332532839805
14,top,Cc1[nH+]cc(CO)c(C=NC(C(N=Cc2c(CO)c[nH+]c(C)c2[O-])c2c(CO)cnc(C)c2[O-])c2c(CO)cnc(C)c2[O-])c1[O-],"[9, 45, 12, 23, 33, 43]","[{'functional_group': 'trifluro', 'smiles_inds': [36]}]",0.9983955565832927
14,top,CC(=NNC(N)=S)c1cc[c-]c(n1)C(C)=NN=C(N)[S-],"[19, 15, 10]","[{'functional_group': 'amino', 'smiles_inds': [14]}, {'functional_group': 'chloro', 'smiles_inds': [9]}]",0.9987118625122685
15,bottom,C[Si](C)(C)c1cc(cc(c1)[Si](C#CP(C#C[Si](c1cc(cc(c1)[Si](C)(C)C)[Si](C)(C)C)(c1cc(cc(c1)[Si](C)(C)C)[Si](C)(C)C)c1cc(cc(c1)[Si](C)(C)C)[Si](C)(C)C)C#C[Si](c1cc(cc(c1)[Si](C)(C)C)[Si](C)(C)C)(c1cc(cc(c1)[Si](C)(C)C)[Si](C)(C)C)c1cc(cc(c1)[Si](C)(C)C)[Si](C)(C)C)(c1cc(cc(c1)[Si](C)(C)C)[Si](C)(C)C)c1cc(cc(c1)[Si](C)(C)C)[Si](C)(C)C)[Si](C)(C)C,[13],[],2.187766437435243e-17
15,bottom,CCCC[P](CCCC)(CCCC)CCP(CCP(CCP(CC[P](CCCC)(CCCC)CCCC)CC[P](CCCC)(CCCC)CCCC)c1ccccc1)CC[P](CCCC)(CCCC)CCCC,"[15, 18, 21]","[{'functional_group': 'phenyl', 'smiles_inds': [31]}]",1.9006640261883028e-13
15,bottom,CC(C)(C)c1cc2c3cc(cc4c5cc(cc6c7cc(cc8c9cc(cc%10c%11cc(cc%12c(c1)c2c1c(c34)c(c56)c(c78)c(c9%10)c1c%11%12)C(C)(C)C)C(C)(C)C)C(C)(C)C)C(C)(C)C)P(c1cc2c3cc(cc4c5cc(cc6c7cc(cc8c9cc(cc%10c%11cc(cc%12c(c1)c2c1c(c34)c(c56)c(c78)c(c9%10)c1c%11%12)C(C)(C)C)C(C)(C)C)C(C)(C)C)C(C)(C)C)C(C)(C)C)c1cc2c3cc(cc4c5cc(cc6c7cc(cc8c9cc(cc%10c%11cc(cc%12c(c1)c2c1c(c34)c(c56)c(c78)c(c9%10)c1c%11%12)C(C)(C)C)C(C)(C)C)C(C)(C)C)C(C)(C)C)C(C)(C)C,[62],"[{'functional_group': 'carboxyllic_acid', 'smiles_inds': [136]}]",4.4755758336384214e-12
15,bottom,CC(C)(C)c1cc2c(OP(Oc3c2cc(cc3C(C)(C)C)C(C)(C)C)O[Si]2(O[Si]3(O[Si](OP4Oc5c(cc(cc5C(C)(C)C)C(C)(C)C)c5cc(cc(c5O4)C(C)(C)C)C(C)(C)C)(O[Si]4(O[Si](O3)(O[Si](O2)(O[Si](O4)(O[Si](C)(c2ccccc2)c2ccccc2)C2CCCC2)C2CCCC2)C2CCCC2)C2CCCC2)C2CCCC2)C2CCCC2)C2CCCC2)c(c1)C(C)(C)C,"[9, 32]",[],5.531599849350911e-11
15,bottom,C[Si](C)(C)C(c1cc(C([Si](C)(C)C)[Si](C)(C)C)c([Se]c2ccccc2Sc2ccccc2Sc2ccccc2[Se]c2c(cc(cc2C([Si](C)(C)C)[Si](C)(C)C)C([Si](C)(C)C)[Si](C)(C)C)C([Si](C)(C)C)[Si](C)(C)C)c(c1)C([Si](C)(C)C)[Si](C)(C)C)[Si](C)(C)C,"[25, 32]","[{'functional_group': 'ketone', 'smiles_inds': [70]}]",6.642212264083424e-11
15,bottom,C[Si](C)(C)c1cc(cc(c1)[Si](C)(C)C)C(C(=O)Nc1cccc(NC(=O)C(c2cc(cc(c2)[Si](C)(C)C)[Si](C)(C)C)(c2cc(cc(c2)[Si](C)(C)C)[Si](C)(C)C)c2cc(cc(c2)[Si](C)(C)C)[Si](C)(C)C)c1[S-])(c1cc(cc(c1)[Si](C)(C)C)[Si](C)(C)C)c1cc(cc(c1)[Si](C)(C)C)[Si](C)(C)C,"[70, 16]","[{'functional_group': 'amide', 'smiles_inds': [93]}]",6.660054649996049e-11
15,bottom,C[Si](C)(C)C(c1cc(C([Si](C)(C)C)[Si](C)(C)C)c([Se]c2ccccc2Sc2ccccc2Sc2ccccc2[Se]c2c(cc(cc2C([Si](C)(C)C)[Si](C)(C)C)C([Si](C)(C)C)[Si](C)(C)C)C([Si](C)(C)C)[Si](C)(C)C)c(c1)C([Si](C)(C)C)[Si](C)(C)C)[Si](C)(C)C,"[25, 32]","[{'functional_group': 'methyl', 'smiles_inds': [50]}, {'functional_group': 'iodo', 'smiles_inds': [12]}]",8.600762835160441e-11
15,bottom,C[Si](C)(C)C(c1cc(C([Si](C)(C)C)[Si](C)(C)C)c(Sc2ccccc2[Se]c2ccccc2[Se]c2ccccc2Sc2c(cc(cc2C([Si](C)(C)C)[Si](C)(C)C)C([Si](C)(C)C)[Si](C)(C)C)C([Si](C)(C)C)[Si](C)(C)C)c(c1)C([Si](C)(C)C)[Si](C)(C)C)[Si](C)(C)C,"[25, 32]",[],1.0985472889488775e-10
15,bottom,C[Si](C)(C)C(c1cc(C([Si](C)(C)C)[Si](C)(C)C)c([Se]c2ccccc2Sc2ccccc2Sc2ccccc2[Se]c2c(cc(cc2C([Si](C)(C)C)[Si](C)(C)C)C([Si](C)(C)C)[Si](C)(C)C)C([Si](C)(C)C)[Si](C)(C)C)c(c1)C([Si](C)(C)C)[Si](C)(C)C)[Si](C)(C)C,"[25, 32]",[],1.0985472889488815e-10
15,bottom,CCCCCC1c2cc3C(CCCCC)c4cc5C(CCCCC)c6cc7C(CCCCC)c8cc1c1OCOc2cc3OCOc4c(P(c2ccccc2)c2ccccc2)c5OCOc6cc7OCOc8c1OCc1cccc(COc2c3OCOc4cc5OCOc6c7cc8C(CCCCC)c9cc%10C(CCCCC)c(cc3C(CCCCC)c4cc5C7CCCCC)c2OCOc%10cc9OCOc8c6P(c2ccccc2)c2ccccc2)c1,"[48, 142]",[],2.6448567387419535e-10
15,bottom,CCC(C)(C)c1cc(C(c2cc(cc(c2OCCN(C)C(=O)CP(=O)(c2ccccc2)c2ccccc2)C(C)(C)CC)C(C)(C)CC)c2cc(cc(c2OCCN(C)C(=O)CP(=O)(c2ccccc2)c2ccccc2)C(C)(C)CC)C(C)(C)CC)c(OCCN(C)C(=O)CP(=O)(c2ccccc2)c2ccccc2)c(c1)C(C)(C)CC,"[21, 24, 59, 62, 92, 95]",[],6.932517839313009e-10
15,bottom,C[Si](C)(C)C(c1cc(C([Si](C)(C)C)[Si](C)(C)C)c([Se]c2ccccc2[Se]c2ccccc2[Se]c2ccccc2[Se]c2c(cc(cc2C([Si](C)(C)C)[Si](C)(C)C)C([Si](C)(C)C)[Si](C)(C)C)C([Si](C)(C)C)[Si](C)(C)C)c(c1)C([Si](C)(C)C)[Si](C)(C)C)[Si](C)(C)C,"[25, 32]","[{'functional_group': 'phosphonate', 'smiles_inds': [44]}]",7.759620818013018e-10
15,bottom,CCC(C)(C)c1cc(C(c2cc(cc(c2OCCCNC(=O)CP(=S)(c2ccccc2)c2ccccc2)C(C)(C)CC)C(C)(C)CC)c2cc(cc(c2OCCCNC(=O)CP(=S)(c2ccccc2)c2ccccc2)C(C)(C)CC)C(C)(C)CC)c(OCCCNC(=O)CP(=S)(c2ccccc2)c2ccccc2)c(c1)C(C)(C)CC,"[21, 59, 92]",[],1.4955448043338954e-09
15,bottom,C1CCCCCCCCCCCP2CCCCCCCCCCCCCCCCCCCCCCP(CCCCCCCCCC1)CCCCCCCCCCCCCCCCCCCCCC2,"[12, 35]","[{'functional_group': 'trichloro', 'smiles_inds': [18]}]",2.944883821809669e-09
15,bottom,CCCOc1c2Cc3cc(cc(Cc4cccc(Cc5cc(cc(Cc1ccc2)c5OCCC)c1cccc(c1)c1cc2Cc5cccc(Cc6cc(cc(Cc7cccc(Cc(c1)c2OCCC)c7OCCC)c6OCCC)P(c1ccccc1)c1ccccc1)c5OCCC)c4OCCC)c3OCCC)P(c1ccccc1)c1ccccc1,"[107, 79]","[{'functional_group': 'ethyl_ester', 'smiles_inds': [118]}]",3.949178141876422e-09
15,bottom,CCC(C)(C)c1cc(C(c2cc(cc(c2OCCNC(=O)CP(=O)(c2ccccc2)c2ccccc2)C(C)(C)CC)C(C)(C)CC)c2cc(cc(c2OCCNC(=O)CP(=O)(c2ccccc2)c2ccccc2)C(C)(C)CC)C(C)(C)CC)c(OCCNC(=O)CP(=O)(c2ccccc2)c2ccccc2)c(c1)C(C)(C)CC,"[20, 23, 57, 60, 89, 92]",[],4.12449772392287e-09
15,bottom,C1CCCCCCCCCCCP2CCCCCCCCCCCCCCCCCCCCCCP(CCCCCCCCCC1)CCCCCCCCCCCCCCCCCCCCCC2,"[12, 35]",[],7.544280600402046e-09
15,bottom,COc1c(cc(cc1C12CC3CC(CC(C3)C1)C2)P(c1cc(c(OC)c(c1)C12CC3CC(CC(C3)C1)C2)C12CC3CC(CC(C3)C1)C2)c1ccccc1CNc1cccc2CCC3(CCc4cccc(P(c5cc(cc(c5)C(C)(C)C)C(C)(C)C)c5cc(cc(c5)C(C)(C)C)C(C)(C)C)c34)c12)C12CC3CC(CC(C3)C1)C2,"[70, 18, 54]",[],7.886383176008235e-09
15,bottom,CC(C)(C)c1cc2c3cc(cc4c5cc(cc6c7cc(cc8c9cc(cc%10c%11cc(cc%12c(c1)c2c1c(c34)c(c56)c(c78)c(c9%10)c1c%11%12)C(C)(C)C)C(C)(C)C)C(C)(C)C)C(C)(C)C)P(c1ccccc1)c1cc2c3cc(cc4c5cc(cc6c7cc(cc8c9cc(cc%10c%11cc(cc%12c(c1)c2c1c(c34)c(c56)c(c78)c(c9%10)c1c%11%12)C(C)(C)C)C(C)(C)C)C(C)(C)C)C(C)(C)C)C(C)(C)C,[62],[],8.972683925218305e-09
15,bottom,C[Si](O[Si]1(O[Si]2(O[Si](OP(c3ccccc3)c3ccccc3)(O[Si]3(O[Si](OP(c4ccccc4)c4ccccc4)(O[Si](O[Si](O3)(O2)C2CCCC2)(O1)C1CCCC1)C1CCCC1)C1CCCC1)C1CCCC1)C1CCCC1)C1CCCC1)(c1ccccc1)c1ccccc1,"[27, 9]",[],9.518292366424895e-09
15,median,O=[P]1Oc2ccccc2O1,[1],[],0.5002092615064031
15,median,Cc1cccc(n1)C1=NC(=C2C=CC=C(C)N12)C1=C2C=CC=C(C)N2C(=N1)c1cccc(C)n1,"[8, 26]","[{'functional_group': 'trichloro', 'smiles_inds': [19]}, {'functional_group': 'methyl_ester', 'smiles_inds': [29]}]",0.5002245079004617
15,median,N=C(N1N=Cc2ccccc12)c1ccccc1,"[3, 0]",[],0.5002347980718823
15,median,Oc1ccc(cc1)N=Nc1ccc(Br)cn1,"[15, 7]",[],0.5002623786118002
15,median,Cc1cc(C)cc(N)c1,[7],"[{'functional_group': '2-hydroxypyridine', 'smiles_inds': [4]}]",0.5002743184915074
15,median,OP(O)(=O)c1ccnc(c1)c1cc(ccn1)P(O)(=O)[O-],"[15, 7]","[{'functional_group': '2-hydroxypyridine', 'smiles_inds': [17]}, {'functional_group': 'trichloro', 'smiles_inds': [13]}]",0.5003298084538605
15,median,COCC(C)=C([CH-]C(F)(F)F)C(F)(F)F,"[6, 1]",[],0.500337315270473
15,median,CC12CNCCCNCC(CNCCCNC1)(CNCCCNC2)N(=O)=O,"[3, 7, 15, 11, 22, 18]","[{'functional_group': 'phenyl', 'smiles_inds': [12]}, {'functional_group': 'iodo', 'smiles_inds': [14]}]",0.5003457207357515
15,median,CCCCC(CCCC)=NN=C([O-])c1ccccc1O,"[9, 12]",[],0.5003512469313599
15,median,Fc1ccc(C=NCCN(CCN=Cc2ccc(F)cn2)CCN=Cc2ccc(F)cn2)nc1,"[32, 6, 20, 12, 31, 23]","[{'functional_group': 'amide', 'smiles_inds': [24]}]",0.5004130635239298
15,median,Cc1cc(C)c(c(C)c1)c1ccnc(c1)c1cccc[c-]1,"[12, 20]","[{'functional_group': '2-methylbenzoic_acid', 'smiles_inds': [16]}]",0.5005032212277041
15,median,Fc1cc(F)cc(c1)c1ccccn1,[13],[],0.5005297327329101
15,median,COC(=O)C(NC(=O)c1ccncc1)C(C)C,[11],"[{'functional_group': 'iodo', 'smiles_inds': [10]}, {'functional_group': 'carboxyllic_acid', 'smiles_inds': [12]}]",0.5006175890970438
15,median,COC(=O)CSC1=NN=C(N1c1ccccc1)c1ccccn1,"[10, 8]","[{'functional_group': 'hydroxyl', 'smiles_inds': [12]}, {'functional_group': 'carbonyl', 'smiles_inds': [15]}]",0.5006252090547528
15,median,CC1CC(C)(C)NCCN(CC(=O)[O-])C(C)CC(C)(CO)NCCN1,"[20, 13, 9, 6, 24, 21]",[],0.5006347668476722
15,median,CC(=C)CC1=CN=C(O1)c1ccccc1,[6],[],0.5006381144675841
15,median,Cc1ccc(NCC(=O)[N-]N=C(C)C(C)=NO)cc1,"[5, 9, 15]","[{'functional_group': 'bromo', 'smiles_inds': [6]}, {'functional_group': 'trichloro', 'smiles_inds': [12]}]",0.500653188230354
15,median,COC(=O)C1CCC([N-]1)=C(C#N)C(C)=O,"[14, 8]",[],0.5006540753077715
15,median,CCC1(CC)C=C(N=N1)C(=O)OC,[8],[],0.500654188014085
15,median,CC1C(CC2CC1C2(C)C)N=Cc1ccccn1,"[17, 10]","[{'functional_group': 'cyanimide', 'smiles_inds': [3]}]",0.5006578589889606
15,top,O=C1N2CN3C4C5N(CN6C7C8N(CN9C%10C%11N(CN%12C%13C%14N(CN%15C%16C%17N(CN1C1C2N2CN4C(=O)N5CN7C(=O)N8CN%10C(=O)N%11CN%13C(=O)N%14CN%16C(=O)N%17CN1C2=O)C%15=O)C%12=O)C9=O)C6=O)C3=O,"[65, 67, 69]",[],0.9944271556540365
15,top,N1C=NC(=C2NN=N[N-]2)C1=C1N=NN=N1,"[8, 2]","[{'functional_group': 'bromo', 'smiles_inds': [1]}]",0.9944387868490844
15,top,Nc1nc(N)nc(n1)c1cccc(n1)c1nc(N)nc(N)n1,"[13, 5, 15]",[],0.9945397563917054
15,top,Cc1cc(C=NNC(N)=S)c([O-])c(C=NN=C(N)[S-])c1,"[18, 11, 14]",[],0.9946432082721726
15,top,O=C1N2CN3C4C5N(CN6C7C8N(CN9C%10C%11N(CN%12C%13C%14N(CN1C1C2N2CN4C(=O)N5CN7C(=O)N8CN%10C(=O)N%11CN%13C(=O)N%14CN1C2=O)C%12=O)C9=O)C6=O)C3=O,"[0, 59]","[{'functional_group': 'phosphonate', 'smiles_inds': [15]}]",0.9948594160117815
15,top,NC(=NN=C([O-])C(=NNC(=O)c1cccc(n1)C(=O)NN=C(C([O-])=NN=C(N)c1ccccn1)c1ccccc1)c1ccccc1)c1ccccn1,"[23, 5, 51, 2, 25, 33]","[{'functional_group': 'methyl', 'smiles_inds': [35]}]",0.9950046087788479
15,top,N1C=NC(=N1)C1=NC(=N[N-]1)c1cc[nH+]cc1,"[9, 2]","[{'functional_group': 'phosphonate', 'smiles_inds': [1]}, {'functional_group': 'carboxylate', 'smiles_inds': [14]}]",0.995347306892188
15,top,FC(F)(F)C1=N[N-]C(=N1)c1cccc(n1)C1=NC(=N[N-]1)C(F)(F)F,"[6, 19, 14]","[{'functional_group': 'tribromo', 'smiles_inds': [12]}, {'functional_group': 'tribromo', 'smiles_inds': [10]}]",0.995642475142341
15,top,CC(=N[O-])C(C)=NN=C([O-])c1ccncc1,"[9, 2, 6]","[{'functional_group': 'hydroxyl', 'smiles_inds': [14]}, {'functional_group': 'phosphonate', 'smiles_inds': [12]}, {'functional_group': 'carboxylate', 'smiles_inds': [15]}]",0.9958074543790495
15,top,Nc1nc(N)nc(n1)c1cccc(n1)c1nc(N)nc(N)n1,"[13, 5, 15]","[{'functional_group': 'aldehyde', 'smiles_inds': [0]}, {'functional_group': 'carboxylate', 'smiles_inds': [9]}]",0.9959000602201766
15,top,O=C(NCCNC(=O)c1ccc(C(=O)NCCNC(=O)C2=C([O-])C(=O)C=CO2)c([O-])c1[O-])C1=C([O-])C(=O)C=CO1,"[36, 34, 31, 29, 22, 24]","[{'functional_group': 'trifluro', 'smiles_inds': [26]}]",0.9960586424617174
15,top,NC(=NN=C([O-])c1cc(Cl)cc(n1)C([O-])=NN=C(N)c1ccccn1)c1ccccn1,"[12, 5, 14]","[{'functional_group': 'carbonyl', 'smiles_inds': [22]}, {'functional_group': 'methyl', 'smiles_inds': [29]}]",0.9967019785493597
15,top,O=C1N2CN3C4C5N(CN6C7C8N(CN9C%10C%11N(CN%12C%13C%14N(CN%15C%16C%17N(CN%18C%19C%20N(CN1C1C2N2CN4C(=O)N5CN7C(=O)N8CN%10C(=O)N%11CN%13C(=O)N%14CN%16C(=O)N%17CN%19C(=O)N%20CN1C2=O)C%18=O)C%15=O)C%12=O)C9=O)C6=O)C3=O,"[0, 73]",[],0.9971229420510246
15,top,NC(=NN=C([O-])c1cc(Cl)cc(n1)C([O-])=NN=C(N)c1ccccn1)c1ccccn1,"[12, 5, 14]",[],0.9974512648551822
15,top,Cc1[nH+]cc(CO)c(C=NC(C(N=Cc2c(CO)c[nH+]c(C)c2[O-])c2c(CO)cnc(C)c2[O-])c2c(CO)cnc(C)c2[O-])c1[O-],"[9, 45, 12, 23, 33, 43]","[{'functional_group': 'methyl_ester', 'smiles_inds': [10]}]",0.9974750850104674
15,top,NC(=S)NN=Cc1cc(C=NNC(N)=S)cc(C=NNC(N)=S)c1,[14],"[{'functional_group': '2-hydroxypyridine', 'smiles_inds': [23]}, {'functional_group': 'phosphonate', 'smiles_inds': [9]}]",0.9974824950339982
15,top,Cc1ncc(CO)c(C=NCN(CN=Cc2c(CO)cnc(C)c2[O-])CN=Cc2c(CO)cnc(C)c2[O-])c1[O-],"[39, 9, 37, 26, 24, 13]","[{'functional_group': 'carboxylate', 'smiles_inds': [19]}]",0.9980854235159585
15,top,NC(CN(CCN(CC(N)=NO)CC(N)=NO)CC(N)=NO)=NO,"[22, 20, 10, 15, 3, 6]",[],0.9988119692775033
15,top,OCC1OC2OC3C(CO)OC(OC4C(CO)OC(OC5C(CO)OC(OC6C(CNCCC7=CNC=N7)OC(OC7C(CO)OC(OC8C(CO)OC(OC1C(O)C2O)C(O)C8O)C(O)C7O)C(O)C6O)C(O)C5O)C(O)C4O)C(O)C3O,"[37, 30]","[{'functional_group': 'carboxylate', 'smiles_inds': [65]}, {'functional_group': 'carbonyl', 'smiles_inds': [68]}]",0.9990623036463506
15,top,NC1C(O)C(N)C([O-])C(NCCNC2C(O)C(N)C(O)C(N)C2[O-])C1O,"[12, 9, 21, 5, 23, 7]","[{'functional_group': 'carboxylate', 'smiles_inds': [3]}]",0.9993808397487217
16,bottom,C[Si](C)(C)c1cc(cc(c1)[Si](C#CP(C#C[Si](c1cc(cc(c1)[Si](C)(C)C)[Si](C)(C)C)(c1cc(cc(c1)[Si](C)(C)C)[Si](C)(C)C)c1cc(cc(c1)[Si](C)(C)C)[Si](C)(C)C)C#C[Si](c1cc(cc(c1)[Si](C)(C)C)[Si](C)(C)C)(c1cc(cc(c1)[Si](C)(C)C)[Si](C)(C)C)c1cc(cc(c1)[Si](C)(C)C)[Si](C)(C)C)(c1cc(cc(c1)[Si](C)(C)C)[Si](C)(C)C)c1cc(cc(c1)[Si](C)(C)C)[Si](C)(C)C)[Si](C)(C)C,[13],[],1.916873996891404e-18
16,bottom,CCCC[P](CCCC)(CCCC)CCP(CCP(CCP(CC[P](CCCC)(CCCC)CCCC)CC[P](CCCC)(CCCC)CCCC)c1ccccc1)CC[P](CCCC)(CCCC)CCCC,"[15, 18, 21]","[{'functional_group': 'bromo', 'smiles_inds': [40]}]",3.532073820836983e-13
16,bottom,CC(C)(C)c1cc2c3cc(cc4c5cc(cc6c7cc(cc8c9cc(cc%10c%11cc(cc%12c(c1)c2c1c(c34)c(c56)c(c78)c(c9%10)c1c%11%12)C(C)(C)C)C(C)(C)C)C(C)(C)C)C(C)(C)C)P(c1cc2c3cc(cc4c5cc(cc6c7cc(cc8c9cc(cc%10c%11cc(cc%12c(c1)c2c1c(c34)c(c56)c(c78)c(c9%10)c1c%11%12)C(C)(C)C)C(C)(C)C)C(C)(C)C)C(C)(C)C)C(C)(C)C)c1cc2c3cc(cc4c5cc(cc6c7cc(cc8c9cc(cc%10c%11cc(cc%12c(c1)c2c1c(c34)c(c56)c(c78)c(c9%10)c1c%11%12)C(C)(C)C)C(C)(C)C)C(C)(C)C)C(C)(C)C)C(C)(C)C,[62],"[{'functional_group': 'amino', 'smiles_inds': [123]}]",9.867136999030899e-12
16,bottom,CC(C)(C)c1cc2c(OP(Oc3c2cc(cc3C(C)(C)C)C(C)(C)C)O[Si]2(O[Si]3(O[Si](OP4Oc5c(cc(cc5C(C)(C)C)C(C)(C)C)c5cc(cc(c5O4)C(C)(C)C)C(C)(C)C)(O[Si]4(O[Si](O3)(O[Si](O2)(O[Si](O4)(O[Si](C)(c2ccccc2)c2ccccc2)C2CCCC2)C2CCCC2)C2CCCC2)C2CCCC2)C2CCCC2)C2CCCC2)C2CCCC2)c(c1)C(C)(C)C,"[9, 32]",[],5.229816020397214e-11
16,bottom,C[Si](C)(C)C(c1cc(C([Si](C)(C)C)[Si](C)(C)C)c([Se]c2ccccc2[Se]c2ccccc2[Se]c2ccccc2[Se]c2c(cc(cc2C([Si](C)(C)C)[Si](C)(C)C)C([Si](C)(C)C)[Si](C)(C)C)C([Si](C)(C)C)[Si](C)(C)C)c(c1)C([Si](C)(C)C)[Si](C)(C)C)[Si](C)(C)C,"[25, 32]",[],8.975334184081912e-11
16,bottom,CCC(C)(C)c1cc(C(c2cc(cc(c2OCCN(C)C(=O)CP(=O)(c2ccccc2)c2ccccc2)C(C)(C)CC)C(C)(C)CC)c2cc(cc(c2OCCN(C)C(=O)CP(=O)(c2ccccc2)c2ccccc2)C(C)(C)CC)C(C)(C)CC)c(OCCN(C)C(=O)CP(=O)(c2ccccc2)c2ccccc2)c(c1)C(C)(C)CC,"[21, 24, 59, 62, 92, 95]","[{'functional_group': 'cyano', 'smiles_inds': [50]}, {'functional_group': 'aldehyde', 'smiles_inds': [73]}]",4.152875364657387e-10
16,bottom,CCC(C)(C)c1cc(C(c2cc(cc(c2OCCN(C)C(=O)CP(=O)(c2ccccc2)c2ccccc2)C(C)(C)CC)C(C)(C)CC)c2cc(cc(c2OCCN(C)C(=O)CP(=O)(c2ccccc2)c2ccccc2)C(C)(C)CC)C(C)(C)CC)c(OCCN(C)C(=O)CP(=O)(c2ccccc2)c2ccccc2)c(c1)C(C)(C)CC,"[21, 24, 59, 62, 92, 95]",[],6.105476669188348e-10
16,bottom,CCC(C)(C)c1cc(C(c2cc(cc(c2OCCNC(=O)CP(=O)(c2ccccc2)c2ccccc2)C(C)(C)CC)C(C)(C)CC)c2cc(cc(c2OCCNC(=O)CP(=O)(c2ccccc2)c2ccccc2)C(C)(C)CC)C(C)(C)CC)c(OCCNC(=O)CP(=O)(c2ccccc2)c2ccccc2)c(c1)C(C)(C)CC,"[20, 23, 57, 60, 89, 92]",[],3.757262244558049e-09
16,bottom,CCCOc1c2Cc3cc(cc(Cc4cccc(Cc5cc(cc(Cc1ccc2)c5OCCC)c1cccc(c1)c1cc2Cc5cccc(Cc6cc(cc(Cc7cccc(Cc(c1)c2OCCC)c7OCCC)c6OCCC)P(c1ccccc1)c1ccccc1)c5OCCC)c4OCCC)c3OCCC)P(c1ccccc1)c1ccccc1,"[107, 79]",[],6.046610635260373e-09
16,bottom,C1CCCCCCCCCCCP2CCCCCCCCCCCCCCCCCCCCCCP(CCCCCCCCCC1)CCCCCCCCCCCCCCCCCCCCCC2,"[12, 35]",[],7.685155561887472e-09
16,bottom,CC(C)(C)c1cc(C(c2cc(cc(c2OCCNC(=O)CP(=O)(c2ccccc2)c2ccccc2)C(C)(C)C)C(C)(C)C)c2cc(cc(c2OCCNC(=O)CP(=O)(c2ccccc2)c2ccccc2)C(C)(C)C)C(C)(C)C)c(OCCNC(=O)CP(=O)(c2ccccc2)c2ccccc2)c(c1)C(C)(C)C,"[19, 22, 54, 57, 84, 87]","[{'functional_group': 'ketone', 'smiles_inds': [98]}, {'functional_group': 'aldehyde', 'smiles_inds': [37]}]",7.850075406926241e-09
16,bottom,C[Si](O[Si]1(O[Si]2(O[Si](OP(c3ccccc3)c3ccccc3)(O[Si]3(O[Si](OP(c4ccccc4)c4ccccc4)(O[Si](O[Si](O3)(O2)C2CCCC2)(O1)C1CCCC1)C1CCCC1)C1CCCC1)C1CCCC1)C1CCCC1)C1CCCC1)(c1ccccc1)c1ccccc1,"[27, 9]",[],8.081204276864882e-09
16,bottom,CC(C)(C)c1cc2c3cc(cc4c5cc(cc6c7cc(cc8c9cc(cc%10c%11cc(cc%12c(c1)c2c1c(c34)c(c56)c(c78)c(c9%10)c1c%11%12)C(C)(C)C)C(C)(C)C)C(C)(C)C)C(C)(C)C)P(c1ccccc1)c1cc2c3cc(cc4c5cc(cc6c7cc(cc8c9cc(cc%10c%11cc(cc%12c(c1)c2c1c(c34)c(c56)c(c78)c(c9%10)c1c%11%12)C(C)(C)C)C(C)(C)C)C(C)(C)C)C(C)(C)C)C(C)(C)C,[62],[],9.000027467643944e-09
16,bottom,CC(C)(C)c1cc(C(c2cc(cc(c2OCCNC(=O)CP(=O)(c2ccccc2)c2ccccc2)C(C)(C)C)C(C)(C)C)c2cc(cc(c2OCCNC(=O)CP(=O)(c2ccccc2)c2ccccc2)C(C)(C)C)C(C)(C)C)c(OCCNC(=O)CP(=O)(c2ccccc2)c2ccccc2)c(c1)C(C)(C)C,"[19, 22, 54, 57, 84, 87]",[],1.775507530527271e-08
16,bottom,CC(C)(C)c1cc2c(OP(OC3C(CO[Si](c4ccccc4)(c4ccccc4)C(C)(C)C)OC(CO[Si](c4ccccc4)(c4ccccc4)C(C)(C)C)C3OP3Oc4c(cc(cc4C(C)(C)C)C(C)(C)C)c4cc(cc(c4O3)C(C)(C)C)C(C)(C)C)Oc3c2cc(cc3C(C)(C)C)C(C)(C)C)c(c1)C(C)(C)C,"[9, 55]","[{'functional_group': 'ethyl_ester', 'smiles_inds': [2]}]",1.9057823539412876e-08
16,bottom,Cc1cc(C(c2ccc(cc2)C(C)(C)C)c2ccc(cc2)C(C)(C)C)c(N=C2c3cccc4cccc(C2=Nc2c(cc(C)cc2C(c2ccc(cc2)C(C)(C)C)c2ccc(cc2)C(C)(C)C)C(c2ccc(cc2)C(C)(C)C)c2ccc(cc2)C(C)(C)C)c34)c(c1)C(c1ccc(cc1)C(C)(C)C)c1ccc(cc1)C(C)(C)C,"[38, 26]",[],2.305729895008325e-08
16,bottom,C[Si](C)(C)C(P([Ge](P(C([Si](C)(C)C)[Si](C)(C)C)c1ccccc1)P(C([Si](C)(C)C)[Si](C)(C)C)c1ccccc1)c1ccccc1)[Si](C)(C)C,"[5, 7, 23]","[{'functional_group': 'amide', 'smiles_inds': [20]}, {'functional_group': 'trichloro', 'smiles_inds': [43]}]",2.3511944829040162e-08
16,bottom,CC(C)COc1cc(nc2nc(NC(=O)c3cc(OCC(C)C)c4ccc(NC(=O)c5cc(OCC(C)C)c6cc(OCC(C)C)c(cc6n5)C(=O)NNC(=O)c5ccc(nn5)c5cccc(n5)c5ccc(nn5)C(=O)NNC(=O)c5cc6nc(cc(OCC(C)C)c6cc5OCC(C)C)C(=O)Nc5ccc6c(OCC(C)C)cc(nc6n5)C(=O)Nc5ccc6c(OCC(C)C)cc(nc6n5)C(=O)Nc5cccc(NC(=O)c6cc(OCC(C)C)c7cccc(NC(=O)c8cc(OCC(C)C)c9cccc(NC(=O)c%10cc(OCC(C)C)c%11cccc(c%11n%10)N(=O)=O)c9n8)c7n6)n5)nc4n3)ccc12)C(=O)Nc1cccc(NC(=O)c2cc(OCC(C)C)c3cccc(NC(=O)c4cc(OCC(C)C)c5cccc(NC(=O)c6cc(OCC(C)C)c7cccc(c7n6)N(=O)=O)c5n4)c3n2)n1,"[60, 67, 73]","[{'functional_group': 'methyl_ester', 'smiles_inds': [226]}]",2.767813070393104e-08
16,bottom,CCOC(=O)C(CCC(=O)CCCOc1ccc(cc1)C(c1ccc(cc1)C(C)(C)C)(c1ccc(cc1)C(C)(C)C)c1ccc(cc1)C(C)(C)C)(CCC(=O)CCCOc1ccc(cc1)C(c1ccc(cc1)C(C)(C)C)(c1ccc(cc1)C(C)(C)C)c1ccc(cc1)C(C)(C)C)C#N,[97],"[{'functional_group': 'ethyl', 'smiles_inds': [33]}, {'functional_group': 'ethyl', 'smiles_inds': [57]}, {'functional_group': 'amide', 'smiles_inds': [73]}]",3.0437074844642356e-08
16,bottom,C1CCCCCCCCCCP2CCCCCCCCCCCCCCCCCCCCP(CCCCCCCCC1)CCCCCCCCCCCCCCCCCCCC2,"[11, 32]",[],3.631647323391708e-08
16,median,COc1ccc(cc1)c1cccc(c1)c1cc(nc(c1)c1ccccn1)c1ccccn1,"[25, 31, 17]",[],0.49878817031163686
16,median,COc1ccccc1c1cccc(n1)c1cc(cc(n1)c1ccccn1)c1ccccc1,"[25, 19]",[],0.49878817031163686
16,median,Clc1cc(Br)c([O-])c(C=NNS(=O)(=O)c2ccccc2)c1,"[6, 9]",[],0.49879148234978826
16,median,COc1ccc(cc1)N1N=NC(=C1C)C(=O)[O-],"[10, 16]",[],0.4989173182701962
16,median,N1C=CN=C1c1ccccn1,"[10, 3]","[{'functional_group': 'trichloro', 'smiles_inds': [7]}, {'functional_group': 'ethyl_ester', 'smiles_inds': [1]}]",0.49892495158105854
16,median,C1CCC(OCc2cccc(n2)c2ccccn2)C(C1)OCc1cccc(n1)c1ccccn1,"[4, 20, 11, 17, 27, 33]",[],0.4989610789911095
16,median,c1ccc(cc1)C=Nc1ccccn1,"[13, 7]",[],0.4989664525638333
16,median,CC(N=C(C(=O)c1ccccc1)c1cccc[c-]1)c1ccccc1,"[17, 2]","[{'functional_group': 'fluoro', 'smiles_inds': [8]}]",0.4989793895847133
16,median,[CH2-]C1COCCOCCOCCOC1,"[3, 0]","[{'functional_group': 'methyl', 'smiles_inds': [5]}, {'functional_group': '2-hydroxypyridine', 'smiles_inds': [13]}]",0.4989795829478749
16,median,FC(F)(F)c1ccc(SCc2cccc(CSc3ccc(cc3)C(F)(F)F)[c-]2)cc1,"[8, 16, 27]",[],0.49902668071270334
16,median,N#Cc1ccc(CN2C=NC=N2)cc1,[9],"[{'functional_group': 'thiol', 'smiles_inds': [13]}]",0.4990331606244827
16,median,Brc1ccc(cc1)C([O-])=NC(SCc1ccccc1)=NCc1ccccn1,"[26, 8, 19]","[{'functional_group': 'trichloro', 'smiles_inds': [3]}, {'functional_group': 'cyanimide', 'smiles_inds': [25]}]",0.4990340332245042
16,median,c1ccc(cc1)C(=NN=C(c1ccccc1)c1ccccn1)c1ccccn1,"[27, 8, 21]",[],0.49904012657493535
16,median,[NH3+]C12CNCCSCC(CO)(CSCCNC1)CSCCNC2,"[6, 12, 18, 3, 15, 21]","[{'functional_group': 'chloro', 'smiles_inds': [19]}, {'functional_group': '2-methylbenzoic_acid', 'smiles_inds': [10]}, {'functional_group': 'cyanimide', 'smiles_inds': [9]}]",0.4990646159769131
16,median,C=CN1C=NN=N1,[4],[],0.4991006453327477
16,median,C(c1ccccc1)c1cccc(n1)c1ccccn1,"[18, 12]",[],0.49911525984166
16,median,CCOC(=O)c1c(C)nc(C=NN=C([O-])c2ccccc2O)c(C(=O)OCC)c1c1ccc(cc1)N(=O)=O,"[8, 11, 14]",[],0.49912733289077443
16,median,C[Te]c1ccccc1[Te]C,"[1, 8]","[{'functional_group': 'fluoro', 'smiles_inds': [9]}, {'functional_group': 'bromo', 'smiles_inds': [4]}]",0.49917819639687644
16,median,c1ccc(cc1)c1cc(nc(c1)c1ccccn1)c1ccccn1,"[17, 9, 23]","[{'functional_group': '2-methylbenzoic_acid', 'smiles_inds': [0]}]",0.4991871375148451
16,median,CN1C=CC=N1,[5],[],0.49918832499743526
16,top,[NH2+]=C(NN=C([O-])c1cccc(n1)C([O-])=NNC(=[NH2+])c1cnccn1)c1cnccn1,"[5, 11, 13]",[],0.9935842021295558
16,top,c1cnc(nc1)c1nc(nc(n1)c1ncccn1)c1ncccn1,"[2, 7, 19]","[{'functional_group': 'iodo', 'smiles_inds': [16]}, {'functional_group': 'bromo', 'smiles_inds': [15]}]",0.9935859824660364
16,top,N=C=Nc1[nH+]c(N=C=N)nc([nH+]1)N=C=[N-],[14],[],0.9935974617700437
16,top,Cc1ncc(CO)c(C=NCCNCCNCCN=Cc2c(CO)cnc(C)c2[O-])c1[O-],"[15, 12, 9, 31, 18, 29]","[{'functional_group': 'amino', 'smiles_inds': [14]}, {'functional_group': 'hydroxyl', 'smiles_inds': [13]}]",0.9936749052632543
16,top,CNC1C(O)C2NCC(C=NC3C(O)C(NC)C(O)C(NCC(C=NC(C1O)C2O)=N(=O)[O-])C3O)=N(=O)[O-],"[1, 24, 6, 15, 10, 20]","[{'functional_group': '2-hydroxypyridine', 'smiles_inds': [21]}]",0.9937885012188769
16,top,C123C45C61C24S16C24C61C12C46S21C14C67C1(C246)S357,"[14, 4, 9]",[],0.9938432894798362
16,top,NC(=NO)C(N)=N[O-],"[2, 6]","[{'functional_group': 'tribromo', 'smiles_inds': [5]}]",0.9942098768811957
16,top,Cc1cc(C=NNC(N)=S)c([O-])c(C=NN=C(N)[S-])c1,"[18, 11, 14]",[],0.9942929972675127
16,top,NC1C(O)C(N)C([O-])C(NCCNC2C(O)C(N)C(O)C(N)C2[O-])C1O,"[12, 9, 21, 5, 23, 7]","[{'functional_group': 'phenyl', 'smiles_inds': [1]}, {'functional_group': '2-methylbenzoic_acid', 'smiles_inds': [4]}]",0.9945851138784565
16,top,Nc1nc(N)nc(n1)c1cccc(n1)c1nc(N)nc(N)n1,"[13, 5, 15]",[],0.9947268512364681
16,top,NC([S-])=NN=Cc1cccc[c-]1,"[11, 2, 4]","[{'functional_group': 'phosphonate', 'smiles_inds': [10]}]",0.994789444467428
16,top,NC1C(O)C(N)C(O)C(NCCNC2C(O)C(N)C(O)C(N)C2O)C1O,"[0, 9, 12, 17, 21, 5]",[],0.9948034054576431
16,top,NC1C(O)C2NCCNC3C(O)C(N)C(O)C(NCCNC(C1O)C2O)C3O,"[0, 5, 8, 20, 13, 17]","[{'functional_group': 'bromo', 'smiles_inds': [6]}, {'functional_group': 'cyanimide', 'smiles_inds': [18]}]",0.995044607339237
16,top,NC(=NO)C(N)=N[O-],"[2, 6]","[{'functional_group': 'phosphonate', 'smiles_inds': [5]}]",0.9952546897022863
16,top,O=C(NCCNC(=O)c1ccc(C(=O)NCCNC(=O)C2=C([O-])C(=O)C=CO2)c([O-])c1[O-])C1=C([O-])C(=O)C=CO1,"[36, 34, 31, 29, 22, 24]",[],0.995867622389405
16,top,N1C=NC(=C2NN=N[N-]2)C1=C1N=NN=N1,"[8, 2]",[],0.9960463732345513
16,top,NC(=NO)C(N)=N[O-],"[2, 6]","[{'functional_group': 'carboxylate', 'smiles_inds': [3]}]",0.9961705447538777
16,top,CC(=NNC(N)=S)c1cc[c-]c(n1)C(C)=NN=C(N)[S-],"[19, 15, 10]","[{'functional_group': 'carboxyl', 'smiles_inds': [3]}, {'functional_group': 'cyanimide', 'smiles_inds': [18]}]",0.9963872987124823
16,top,NC(=NN=C(N)c1cccc(n1)c1cccc(n1)C(N)=NN=C(N)c1ccccn1)c1ccccn1,"[11, 17, 3]",[],0.9970559798049276
16,top,O=C(NCCNC(=O)c1ccc(C(=O)NCCNC(=O)C2=C([O-])C(=O)C=CO2)c([O-])c1[O-])C1=C([O-])C(=O)C=CO1,"[36, 34, 31, 29, 22, 24]","[{'functional_group': 'carboxyl', 'smiles_inds': [26]}, {'functional_group': 'tribromo', 'smiles_inds': [5]}]",0.9973673292361761
17,bottom,C[Si](C)(C)c1cc(cc(c1)[Si](C#CP(C#C[Si](c1cc(cc(c1)[Si](C)(C)C)[Si](C)(C)C)(c1cc(cc(c1)[Si](C)(C)C)[Si](C)(C)C)c1cc(cc(c1)[Si](C)(C)C)[Si](C)(C)C)C#C[Si](c1cc(cc(c1)[Si](C)(C)C)[Si](C)(C)C)(c1cc(cc(c1)[Si](C)(C)C)[Si](C)(C)C)c1cc(cc(c1)[Si](C)(C)C)[Si](C)(C)C)(c1cc(cc(c1)[Si](C)(C)C)[Si](C)(C)C)c1cc(cc(c1)[Si](C)(C)C)[Si](C)(C)C)[Si](C)(C)C,[13],"[{'functional_group': 'aldehyde', 'smiles_inds': [5]}, {'functional_group': 'thiol', 'smiles_inds': [65]}]",2.591744499095006e-18
17,bottom,CP(CCP(C)c1c(cc(cc1C([Si](C)(C)C)[Si](C)(C)C)C([Si](C)(C)C)([Si](C)(C)C)[Si](C)(C)C)C([Si](C)(C)C)[Si](C)(C)C)c1c(cc(cc1C([Si](C)(C)C)[Si](C)(C)C)C([Si](C)(C)C)([Si](C)(C)C)[Si](C)(C)C)C([Si-](C)C)[Si](C)(C)C,"[4, 72, 1]","[{'functional_group': 'trifluro', 'smiles_inds': [74]}, {'functional_group': 'trifluro', 'smiles_inds': [49]}]",4.984025880288312e-13
17,bottom,CC(C)(C)c1cc2c3cc(cc4c5cc(cc6c7cc(cc8c9cc(cc%10c%11cc(cc%12c(c1)c2c1c(c34)c(c56)c(c78)c(c9%10)c1c%11%12)C(C)(C)C)C(C)(C)C)C(C)(C)C)C(C)(C)C)P(c1cc2c3cc(cc4c5cc(cc6c7cc(cc8c9cc(cc%10c%11cc(cc%12c(c1)c2c1c(c34)c(c56)c(c78)c(c9%10)c1c%11%12)C(C)(C)C)C(C)(C)C)C(C)(C)C)C(C)(C)C)C(C)(C)C)c1cc2c3cc(cc4c5cc(cc6c7cc(cc8c9cc(cc%10c%11cc(cc%12c(c1)c2c1c(c34)c(c56)c(c78)c(c9%10)c1c%11%12)C(C)(C)C)C(C)(C)C)C(C)(C)C)C(C)(C)C)C(C)(C)C,[62],[],1.2413160482548434e-11
17,bottom,C[Si](C)(C)C(c1cc(C([Si](C)(C)C)[Si](C)(C)C)c(Sc2ccccc2Sc2ccccc2Sc2ccccc2Sc2c(cc(cc2C([Si](C)(C)C)[Si](C)(C)C)C([Si](C)(C)C)[Si](C)(C)C)C([Si](C)(C)C)[Si](C)(C)C)c(c1)C([Si](C)(C)C)[Si](C)(C)C)[Si](C)(C)C,"[25, 32]",[],2.1259394535504462e-11
17,bottom,C[Si](C)(C)C(c1cc(C([Si](C)(C)C)[Si](C)(C)C)c(Sc2ccccc2[Se]c2ccccc2[Se]c2ccccc2Sc2c(cc(cc2C([Si](C)(C)C)[Si](C)(C)C)C([Si](C)(C)C)[Si](C)(C)C)C([Si](C)(C)C)[Si](C)(C)C)c(c1)C([Si](C)(C)C)[Si](C)(C)C)[Si](C)(C)C,"[25, 32]","[{'functional_group': 'ethyl_ester', 'smiles_inds': [14]}]",2.7553554049184865e-11
17,bottom,C[Si](C)(C)C(c1cc(C([Si](C)(C)C)[Si](C)(C)C)c([Se]c2ccccc2Sc2ccccc2Sc2ccccc2[Se]c2c(cc(cc2C([Si](C)(C)C)[Si](C)(C)C)C([Si](C)(C)C)[Si](C)(C)C)C([Si](C)(C)C)[Si](C)(C)C)c(c1)C([Si](C)(C)C)[Si](C)(C)C)[Si](C)(C)C,"[25, 32]",[],4.693400866118249e-11
17,bottom,CC(C)(C)c1cc2c(OP(Oc3c2cc(cc3C(C)(C)C)C(C)(C)C)O[Si]2(O[Si]3(O[Si](OP4Oc5c(cc(cc5C(C)(C)C)C(C)(C)C)c5cc(cc(c5O4)C(C)(C)C)C(C)(C)C)(O[Si]4(O[Si](O3)(O[Si](O2)(O[Si](O4)(O[Si](C)(c2ccccc2)c2ccccc2)C2CCCC2)C2CCCC2)C2CCCC2)C2CCCC2)C2CCCC2)C2CCCC2)C2CCCC2)c(c1)C(C)(C)C,"[9, 32]","[{'functional_group': 'carboxyl', 'smiles_inds': [120]}, {'functional_group': 'ethyl_ester', 'smiles_inds': [127]}]",5.272103363643962e-11
17,bottom,C[Si](C)(C)c1cc(cc(c1)[Si](C)(C)C)C(C(=O)Nc1cccc(NC(=O)C(c2cc(cc(c2)[Si](C)(C)C)[Si](C)(C)C)(c2cc(cc(c2)[Si](C)(C)C)[Si](C)(C)C)c2cc(cc(c2)[Si](C)(C)C)[Si](C)(C)C)c1[S-])(c1cc(cc(c1)[Si](C)(C)C)[Si](C)(C)C)c1cc(cc(c1)[Si](C)(C)C)[Si](C)(C)C,"[70, 16]","[{'functional_group': '2-hydroxypyridine', 'smiles_inds': [54]}, {'functional_group': 'tribromo', 'smiles_inds': [82]}]",1.1510624529860017e-10
17,bottom,CCCCCC1c2cc3C(CCCCC)c4cc5C(CCCCC)c6cc7C(CCCCC)c8cc1c1OCOc2cc3OCOc4c(P(c2ccccc2)c2ccccc2)c5OCOc6cc7OCOc8c1OCc1cccc(COc2c3OCOc4cc5OCOc6c7cc8C(CCCCC)c9cc%10C(CCCCC)c(cc3C(CCCCC)c4cc5C7CCCCC)c2OCOc%10cc9OCOc8c6P(c2ccccc2)c2ccccc2)c1,"[48, 142]",[],2.7992427603565093e-10
17,bottom,CCC(C)(C)c1cc(C(c2cc(cc(c2OCCN(C)C(=O)CP(=O)(c2ccccc2)c2ccccc2)C(C)(C)CC)C(C)(C)CC)c2cc(cc(c2OCCN(C)C(=O)CP(=O)(c2ccccc2)c2ccccc2)C(C)(C)CC)C(C)(C)CC)c(OCCN(C)C(=O)CP(=O)(c2ccccc2)c2ccccc2)c(c1)C(C)(C)CC,"[21, 24, 59, 62, 92, 95]","[{'functional_group': 'chloro', 'smiles_inds': [30]}, {'functional_group': 'carbonyl', 'smiles_inds': [82]}]",5.558267559372756e-10
17,bottom,Cc1cc(C)c(B(CCCP(CCCB(c2c(C)cc(C)cc2C)c2c(C)cc(C)cc2C)CCP(CCCB(c2c(C)cc(C)cc2C)c2c(C)cc(C)cc2C)CCCB(c2c(C)cc(C)cc2C)c2c(C)cc(C)cc2C)c2c(C)cc(C)cc2C)c(C)c1,"[35, 10]","[{'functional_group': 'cyanimide', 'smiles_inds': [88]}]",6.55837904791577e-10
17,bottom,CCC(C)(C)c1cc(C(c2cc(cc(c2OCCN(C)C(=O)CP(=O)(c2ccccc2)c2ccccc2)C(C)(C)CC)C(C)(C)CC)c2cc(cc(c2OCCN(C)C(=O)CP(=O)(c2ccccc2)c2ccccc2)C(C)(C)CC)C(C)(C)CC)c(OCCN(C)C(=O)CP(=O)(c2ccccc2)c2ccccc2)c(c1)C(C)(C)CC,"[21, 24, 59, 62, 92, 95]","[{'functional_group': 'cyanimide', 'smiles_inds': [4]}]",1.0145951168508328e-09
17,bottom,CCC(C)(C)c1cc(C(c2cc(cc(c2OCCCNC(=O)CP(=S)(c2ccccc2)c2ccccc2)C(C)(C)CC)C(C)(C)CC)c2cc(cc(c2OCCCNC(=O)CP(=S)(c2ccccc2)c2ccccc2)C(C)(C)CC)C(C)(C)CC)c(OCCCNC(=O)CP(=S)(c2ccccc2)c2ccccc2)c(c1)C(C)(C)CC,"[21, 59, 92]",[],1.7636178147987544e-09
17,bottom,C[Si](C)(C)c1cc(cc(c1)[Si](C)(C)C)P(c1cc(cc(c1)[Si](C)(C)C)[Si](C)(C)C)c1ccccc1P(c1cc(cc(c1)[Si](C)(C)C)[Si](C)(C)C)c1cc(cc(c1)[Si](C)(C)C)[Si](C)(C)C,"[35, 14]","[{'functional_group': 'methyl_ester', 'smiles_inds': [43]}]",2.590478933130622e-09
17,bottom,CC(C)(C)c1cc(C(c2cc(cc(c2OCCNC(=O)CP(=O)(c2ccccc2)c2ccccc2)C(C)(C)C)C(C)(C)C)c2cc(cc(c2OCCNC(=O)CP(=O)(c2ccccc2)c2ccccc2)C(C)(C)C)C(C)(C)C)c(OCCNC(=O)CP(=O)(c2ccccc2)c2ccccc2)c(c1)C(C)(C)C,"[19, 22, 54, 57, 84, 87]","[{'functional_group': 'trichloro', 'smiles_inds': [34]}, {'functional_group': 'ethyl', 'smiles_inds': [20]}]",2.6125082182921024e-09
17,bottom,C[Si](C)(C)c1cc(cc(c1)[Si](C)(C)C)P(c1cc(cc(c1)[Si](C)(C)C)[Si](C)(C)C)c1ccccc1P(c1cc(cc(c1)[Si](C)(C)C)[Si](C)(C)C)c1cc(cc(c1)[Si](C)(C)C)[Si](C)(C)C,"[35, 14]",[],3.404079167445472e-09
17,bottom,CCC(C)(C)c1cc(C(c2cc(cc(c2OCCNC(=O)CP(=O)(c2ccccc2)c2ccccc2)C(C)(C)CC)C(C)(C)CC)c2cc(cc(c2OCCNC(=O)CP(=O)(c2ccccc2)c2ccccc2)C(C)(C)CC)C(C)(C)CC)c(OCCNC(=O)CP(=O)(c2ccccc2)c2ccccc2)c(c1)C(C)(C)CC,"[20, 23, 57, 60, 89, 92]","[{'functional_group': 'cyanimide', 'smiles_inds': [79]}]",5.704442600575283e-09
17,bottom,COc1c(cc(cc1C12CC3CC(CC(C3)C1)C2)P(c1cc(c(OC)c(c1)C12CC3CC(CC(C3)C1)C2)C12CC3CC(CC(C3)C1)C2)c1ccccc1CNc1cccc2CCC3(CCc4cccc(P(c5cc(cc(c5)C(C)(C)C)C(C)(C)C)c5cc(cc(c5)C(C)(C)C)C(C)(C)C)c34)c12)C12CC3CC(CC(C3)C1)C2,"[70, 18, 54]",[],6.327166912215462e-09
17,bottom,C1CCCCCCCCCCCP2CCCCCCCCCCCCCCCCCCCCCCP(CCCCCCCCCC1)CCCCCCCCCCCCCCCCCCCCCC2,"[12, 35]",[],6.781586827424322e-09
17,bottom,Cc1cc(C(c2ccc(cc2)C2CCCCC2)c2ccc(cc2)C2CCCCC2)c(N=C(C)C(C)=Nc2c(cc(C)cc2C(c2ccc(cc2)C2CCCCC2)c2ccc(cc2)C2CCCCC2)C(c2ccc(cc2)C2CCCCC2)c2ccc(cc2)C2CCCCC2)c(c1)C(c1ccc(cc1)C1CCCCC1)c1ccc(cc1)C1CCCCC1,"[30, 35]",[],1.1682310410578637e-08
17,median,O(c1ccccc1)c1ccc2ccc3cccnc3c2n1,"[20, 17]",[],0.4983077331157021
17,median,S=C(NN=Cc1ccccc1)Nc1ccccc1,"[0, 3]",[],0.4983142719464637
17,median,COc1cccc(n1)C(OC)(c1cccc(OC)n1)c1cccc(OC)n1,"[7, 18, 26]","[{'functional_group': 'carboxyllic_acid', 'smiles_inds': [22]}]",0.4983370050257271
17,median,C(C[Se]c1ccccn1)C[Se]c1ccccn1,"[2, 8]",[],0.4983569894456809
17,median,SC1CCCCC1,[0],[],0.49835817622740713
17,median,CCNC(=S)NN=Cc1cc(C)nc(SC)n1,"[4, 16, 6]","[{'functional_group': 'phenyl', 'smiles_inds': [5]}]",0.4984089731883115
17,median,Cc1ccnc(c1)c1ccccn1,"[4, 12]","[{'functional_group': 'ethyl', 'smiles_inds': [3]}, {'functional_group': 'chloro', 'smiles_inds': [8]}]",0.49845230841558463
17,median,Cc1ccnc(c1)c1ccccn1,"[4, 12]","[{'functional_group': 'ethyl', 'smiles_inds': [3]}, {'functional_group': 'chloro', 'smiles_inds': [10]}]",0.49845230841558474
17,median,CN1C(=S)Nc2ccccc12,[3],"[{'functional_group': 'ether', 'smiles_inds': [7]}]",0.49847217142023503
17,median,O=N(=O)c1cccnc1,[7],"[{'functional_group': 'cyanimide', 'smiles_inds': [5]}, {'functional_group': '2-methylbenzoic_acid', 'smiles_inds': [4]}]",0.4984886362242785
17,median,O=N(=O)c1cccnc1,[7],"[{'functional_group': 'cyanimide', 'smiles_inds': [5]}, {'functional_group': '2-methylbenzoic_acid', 'smiles_inds': [8]}]",0.4984886362242785
17,median,O=C([N-]c1ccccc1SCCSc1ccccc1[N-]C(=O)c1ccccn1)c1ccccn1,"[12, 9, 33, 27, 2, 19]",[],0.49850822363828623
17,median,COC(=O)c1ccc(nc1c1ccc(F)cc1)c1ccccn1,"[22, 8]",[],0.4985417350054341
17,median,CCN(CC)CCN=C(C)c1ccc2ccccc2c1[O-],"[20, 7, 2]",[],0.4985815699821591
17,median,CC12CNCCNCC([NH2+]CC3=CSC=C3)(CNCCNC1)CNCCNC2,"[17, 26, 20, 6, 23, 3]","[{'functional_group': 'iodo', 'smiles_inds': [14]}, {'functional_group': 'carbonyl', 'smiles_inds': [0]}, {'functional_group': 'aldehyde', 'smiles_inds': [9]}]",0.4986072808804897
17,median,Clc1cc(ncn1)N(c1ccccn1)c1ccccn1,"[6, 13]","[{'functional_group': 'trifluro', 'smiles_inds': [16]}]",0.49865778603409355
17,median,[nH+]1c2ccccc2nc2c1c1cccnc1c1ncccc21,"[14, 17]","[{'functional_group': 'carboxyl', 'smiles_inds': [20]}, {'functional_group': 'trichloro', 'smiles_inds': [13]}, {'functional_group': 'ethyl_ester', 'smiles_inds': [5]}, {'functional_group': 'trifluro', 'smiles_inds': [3]}, {'functional_group': 'trifluro', 'smiles_inds': [2]}]",0.49866654267250304
17,median,CC(C)(C)c1cccc(C=NCCCNCCNCCCN=Cc2cccc(c2[O-])C(C)(C)C)c1[O-],"[29, 35, 14, 17, 10, 21]",[],0.4987101808417272
17,median,COc1cccc(C=Nc2ccccc2c2ccccc2)c1[O-],"[22, 8]",[],0.49872264345790246
17,median,C1CCN(CC1)Cc1cccc(CN2CCCCC2)[c-]1,"[3, 13, 19]","[{'functional_group': 'trifluro', 'smiles_inds': [2]}]",0.49872461010720553
17,top,Cc1ncc(CO)c(C=NCN(CN=Cc2c(CO)cnc(C)c2[O-])CN=Cc2c(CO)cnc(C)c2[O-])c1[O-],"[39, 9, 37, 26, 24, 13]","[{'functional_group': 'carboxyl', 'smiles_inds': [3]}]",0.9959895316797371
17,top,NC(=NO)C(N)=N[O-],"[2, 6]","[{'functional_group': 'amino', 'smiles_inds': [3]}, {'functional_group': 'amino', 'smiles_inds': [0]}]",0.9960043505097186
17,top,c1ccc2C3=NC45N=C6N=C(N=C7[N-]C(=NC8(N=C9[N-]C(=NC(=N3)c2c1)c1ccccc91)[N-]C(=NC(=N4)c1ccccc51)c1ccccc81)c1ccccc71)c1ccccc61,"[32, 13, 9, 36, 23, 19]",[],0.9960415396941985
17,top,OCC1OC2OC3C(CO)OC(OC4C(CO)OC(OC5C(CO)OC(OC6C(CNCCC7=CNC=N7)OC(OC7C(CO)OC(OC8C(CO)OC(OC1C(O)C2O)C(O)C8O)C(O)C7O)C(O)C6O)C(O)C5O)C(O)C4O)C(O)C3O,"[37, 30]","[{'functional_group': 'thiol', 'smiles_inds': [57]}, {'functional_group': 'fluoro', 'smiles_inds': [69]}]",0.9960989335536649
17,top,N1C=NC(=N1)C1=NC(=N[N-]1)c1cc[nH+]cc1,"[9, 2]","[{'functional_group': 'phosphonate', 'smiles_inds': [1]}, {'functional_group': 'carboxylate', 'smiles_inds': [14]}]",0.9965939104532409
17,top,NC(=NN=C([O-])C(=NNC(=O)c1cccc(n1)C(=O)NN=C(C([O-])=NN=C(N)c1ccccn1)c1ccccc1)c1ccccc1)c1ccccn1,"[23, 5, 51, 2, 25, 33]",[],0.9966615465012277
17,top,N1C=NC(=C2NN=N[N-]2)C1=C1N=NN=N1,"[8, 2]",[],0.9967570712862328
17,top,NC(=NN=C([O-])c1cc(Cl)cc(n1)C([O-])=NN=C(N)c1ccccn1)c1ccccn1,"[12, 5, 14]","[{'functional_group': 'methyl_ester', 'smiles_inds': [22]}]",0.9968001100234645
17,top,NC(=NN=C(N)c1cccc(n1)c1cccc(n1)C(N)=NN=C(N)c1ccccn1)c1ccccn1,"[11, 17, 3]",[],0.9968144804138497
17,top,N1C=NC(=N1)C1=NC(=N[N-]1)c1cc[nH+]cc1,"[9, 2]","[{'functional_group': 'phosphonate', 'smiles_inds': [1]}, {'functional_group': 'phosphonate', 'smiles_inds': [11]}]",0.9970012185109164
17,top,O=C(NCCNC(=O)c1ccc(C(=O)NCCNC(=O)C2=C([O-])C(=O)C=CO2)c([O-])c1[O-])C1=C([O-])C(=O)C=CO1,"[36, 34, 31, 29, 22, 24]",[],0.9971028096696426
17,top,O=C(NCCN(CCNC(=O)C1=C([O-])C(=O)C=CO1)CCNC(=O)C1=C([O-])C(=O)C=CO1)C1=C([O-])C(=O)C=CO1,"[34, 36, 13, 15, 26, 28]","[{'functional_group': 'hydroxyl', 'smiles_inds': [16]}, {'functional_group': 'carboxylate', 'smiles_inds': [4]}]",0.9971491695097193
17,top,NC(=NN=C([O-])c1cc(Cl)cc(n1)C([O-])=NN=C(N)c1ccccn1)c1ccccn1,"[12, 5, 14]",[],0.9976525073979999
17,top,O=C1N2CN3C4C5N(CN6C7C8N(CN9C%10C%11N(CN%12C%13C%14N(CN%15C%16C%17N(CN1C1C2N2CN4C(=O)N5CN7C(=O)N8CN%10C(=O)N%11CN%13C(=O)N%14CN%16C(=O)N%17CN1C2=O)C%15=O)C%12=O)C9=O)C6=O)C3=O,"[65, 67, 69]","[{'functional_group': 'carboxylate', 'smiles_inds': [21]}, {'functional_group': '2-hydroxypyridine', 'smiles_inds': [33]}]",0.9979008795475355
17,top,Cc1[nH+]cc(CO)c(C=NC(C(N=Cc2c(CO)c[nH+]c(C)c2[O-])c2c(CO)cnc(C)c2[O-])c2c(CO)cnc(C)c2[O-])c1[O-],"[9, 45, 12, 23, 33, 43]",[],0.9983207380489824
17,top,NC(=NN=C(N)c1cccc(n1)c1cccc(n1)C(N)=NN=C(N)c1ccccn1)c1ccccn1,"[11, 17, 3]","[{'functional_group': 'tribromo', 'smiles_inds': [31]}]",0.9984139613346806
17,top,OCC1OC2OC3C(CO)OC(OC4C(CO)OC(OC5C(CO)OC(OC6C(CNCCC7=CNC=N7)OC(OC7C(CO)OC(OC8C(CO)OC(OC1C(O)C2O)C(O)C8O)C(O)C7O)C(O)C6O)C(O)C5O)C(O)C4O)C(O)C3O,"[37, 30]","[{'functional_group': 'tribromo', 'smiles_inds': [42]}]",0.9987242014232378
17,top,NCC1OC2OC3C(O)C(O)C(OC3CN)OC3C(O)C(O)C(OC3CO)OC3C(O)C(O)C(OC3CO)OC3C(O)C(O)C(OC3CO)OC3C(O)C(O)C(OC3CO)OC3C(O)C(O)C(OC3CO)OC1C(O)C2O,"[15, 0]","[{'functional_group': 'hydroxyl', 'smiles_inds': [1]}]",0.9988850979799319
17,top,NC(=NN=C([O-])c1cc(Cl)cc(n1)C([O-])=NN=C(N)c1ccccn1)c1ccccn1,"[12, 5, 14]","[{'functional_group': 'hydroxyl', 'smiles_inds': [0]}, {'functional_group': 'carboxylate', 'smiles_inds': [23]}]",0.9990124319611744
17,top,NC(CN(CCN(CC(N)=NO)CC(N)=NO)CC(N)=NO)=NO,"[22, 20, 10, 15, 3, 6]","[{'functional_group': 'phosphonate', 'smiles_inds': [9]}]",0.9990659904306403
18,bottom,C[Si](C)(C)c1cc(cc(c1)[Si](C#CP(C#C[Si](c1cc(cc(c1)[Si](C)(C)C)[Si](C)(C)C)(c1cc(cc(c1)[Si](C)(C)C)[Si](C)(C)C)c1cc(cc(c1)[Si](C)(C)C)[Si](C)(C)C)C#C[Si](c1cc(cc(c1)[Si](C)(C)C)[Si](C)(C)C)(c1cc(cc(c1)[Si](C)(C)C)[Si](C)(C)C)c1cc(cc(c1)[Si](C)(C)C)[Si](C)(C)C)(c1cc(cc(c1)[Si](C)(C)C)[Si](C)(C)C)c1cc(cc(c1)[Si](C)(C)C)[Si](C)(C)C)[Si](C)(C)C,[13],[],8.558003982549791e-19
18,bottom,C[Si](C)(C)C(c1cc(C([Si](C)(C)C)[Si](C)(C)C)c([Se]c2ccccc2Sc2ccccc2Sc2ccccc2[Se]c2c(cc(cc2C([Si](C)(C)C)[Si](C)(C)C)C([Si](C)(C)C)[Si](C)(C)C)C([Si](C)(C)C)[Si](C)(C)C)c(c1)C([Si](C)(C)C)[Si](C)(C)C)[Si](C)(C)C,"[25, 32]",[],1.620070093174163e-11
18,bottom,C[Si](C)(C)c1cc(cc(c1)[Si](C)(C)C)C(C(=O)Nc1cccc(NC(=O)C(c2cc(cc(c2)[Si](C)(C)C)[Si](C)(C)C)(c2cc(cc(c2)[Si](C)(C)C)[Si](C)(C)C)c2cc(cc(c2)[Si](C)(C)C)[Si](C)(C)C)c1[S-])(c1cc(cc(c1)[Si](C)(C)C)[Si](C)(C)C)c1cc(cc(c1)[Si](C)(C)C)[Si](C)(C)C,"[70, 16]","[{'functional_group': 'carboxyl', 'smiles_inds': [49]}]",2.4150563067829034e-11
18,bottom,C[Si](C)(C)c1cc(cc(c1)[Si](C)(C)C)C(C(=O)Nc1cccc(NC(=O)C(c2cc(cc(c2)[Si](C)(C)C)[Si](C)(C)C)(c2cc(cc(c2)[Si](C)(C)C)[Si](C)(C)C)c2cc(cc(c2)[Si](C)(C)C)[Si](C)(C)C)c1[S-])(c1cc(cc(c1)[Si](C)(C)C)[Si](C)(C)C)c1cc(cc(c1)[Si](C)(C)C)[Si](C)(C)C,"[70, 16]","[{'functional_group': 'carboxylate', 'smiles_inds': [82]}]",5.374780050072274e-11
18,bottom,Cc1cc(C)c(B(CCCP(CCCB(c2c(C)cc(C)cc2C)c2c(C)cc(C)cc2C)CCP(CCCB(c2c(C)cc(C)cc2C)c2c(C)cc(C)cc2C)CCCB(c2c(C)cc(C)cc2C)c2c(C)cc(C)cc2C)c2c(C)cc(C)cc2C)c(C)c1,"[35, 10]","[{'functional_group': 'ethyl', 'smiles_inds': [23]}, {'functional_group': 'methyl_ester', 'smiles_inds': [32]}]",1.3584196042782287e-10
18,bottom,CCCCCC1c2cc3C(CCCCC)c4cc5C(CCCCC)c6cc7C(CCCCC)c8cc1c1OCOc2cc3OCOc4c(P(c2ccccc2)c2ccccc2)c5OCOc6cc7OCOc8c1OCc1cccc(COc2c3OCOc4cc5OCOc6c7cc8C(CCCCC)c9cc%10C(CCCCC)c(cc3C(CCCCC)c4cc5C7CCCCC)c2OCOc%10cc9OCOc8c6P(c2ccccc2)c2ccccc2)c1,"[48, 142]",[],2.837683334705295e-10
18,bottom,Cc1cc(C)c(B(CCCP(CCCB(c2c(C)cc(C)cc2C)c2c(C)cc(C)cc2C)CCP(CCCB(c2c(C)cc(C)cc2C)c2c(C)cc(C)cc2C)CCCB(c2c(C)cc(C)cc2C)c2c(C)cc(C)cc2C)c2c(C)cc(C)cc2C)c(C)c1,"[35, 10]",[],3.051016833957829e-10
18,bottom,Cc1cc(C)c(B(CCCP(CCCB(c2c(C)cc(C)cc2C)c2c(C)cc(C)cc2C)CCP(CCCB(c2c(C)cc(C)cc2C)c2c(C)cc(C)cc2C)CCCB(c2c(C)cc(C)cc2C)c2c(C)cc(C)cc2C)c2c(C)cc(C)cc2C)c(C)c1,"[35, 10]","[{'functional_group': 'tribromo', 'smiles_inds': [83]}]",6.020741708736452e-10
18,bottom,CCC(C)(C)c1cc(C(c2cc(cc(c2OCCCNC(=O)CP(=S)(c2ccccc2)c2ccccc2)C(C)(C)CC)C(C)(C)CC)c2cc(cc(c2OCCCNC(=O)CP(=S)(c2ccccc2)c2ccccc2)C(C)(C)CC)C(C)(C)CC)c(OCCCNC(=O)CP(=S)(c2ccccc2)c2ccccc2)c(c1)C(C)(C)CC,"[21, 59, 92]","[{'functional_group': 'amino', 'smiles_inds': [68]}, {'functional_group': 'ethyl_ester', 'smiles_inds': [55]}]",1.3033295124935976e-09
18,bottom,CCC(C)(C)c1cc(C(c2cc(cc(c2OCCNC(=O)CP(=O)(c2ccccc2)c2ccccc2)C(C)(C)CC)C(C)(C)CC)c2cc(cc(c2OCCNC(=O)CP(=O)(c2ccccc2)c2ccccc2)C(C)(C)CC)C(C)(C)CC)c(OCCNC(=O)CP(=O)(c2ccccc2)c2ccccc2)c(c1)C(C)(C)CC,"[20, 23, 57, 60, 89, 92]",[],4.088867180268134e-09
18,bottom,CCCOc1c2Cc3cc(cc(Cc4cccc(Cc5cc(cc(Cc1ccc2)c5OCCC)c1cccc(c1)c1cc2Cc5cccc(Cc6cc(cc(Cc7cccc(Cc(c1)c2OCCC)c7OCCC)c6OCCC)P(c1ccccc1)c1ccccc1)c5OCCC)c4OCCC)c3OCCC)P(c1ccccc1)c1ccccc1,"[107, 79]","[{'functional_group': 'methyl_ester', 'smiles_inds': [82]}]",4.576643308229995e-09
18,bottom,C[Si](C)(C)c1cc(cc(c1)[Si](C)(C)C)P(c1cc(cc(c1)[Si](C)(C)C)[Si](C)(C)C)c1ccccc1P(c1cc(cc(c1)[Si](C)(C)C)[Si](C)(C)C)c1cc(cc(c1)[Si](C)(C)C)[Si](C)(C)C,"[35, 14]","[{'functional_group': 'carboxylate', 'smiles_inds': [30]}]",4.963200324208939e-09
18,bottom,C[Si](O[Si]1(O[Si]2(O[Si](OP(c3ccccc3)c3ccccc3)(O[Si]3(O[Si](OP(c4ccccc4)c4ccccc4)(O[Si](O[Si](O3)(O2)C2CCCC2)(O1)C1CCCC1)C1CCCC1)C1CCCC1)C1CCCC1)C1CCCC1)C1CCCC1)(c1ccccc1)c1ccccc1,"[27, 9]","[{'functional_group': 'cyano', 'smiles_inds': [92]}]",5.224541236594677e-09
18,bottom,C1CCC(CC1)B(CCCP(CCCB(C1CCCCC1)C1CCCCC1)CCP(CCCB(C1CCCCC1)C1CCCCC1)CCCB(C1CCCCC1)C1CCCCC1)C1CCCCC1,"[10, 29]",[],1.2434334492973053e-08
18,bottom,CC(C)(C)c1cc(C(c2cc(cc(c2OCCNC(=O)CP(=O)(c2ccccc2)c2ccccc2)C(C)(C)C)C(C)(C)C)c2cc(cc(c2OCCNC(=O)CP(=O)(c2ccccc2)c2ccccc2)C(C)(C)C)C(C)(C)C)c(OCCNC(=O)CP(=O)(c2ccccc2)c2ccccc2)c(c1)C(C)(C)C,"[19, 22, 54, 57, 84, 87]",[],1.9133787718625683e-08
18,bottom,C1CCCCCCCCCCP2CCCCCCCCCCCCCCCCCCCCP(CCCCCCCCC1)CCCCCCCCCCCCCCCCCCCC2,"[11, 32]","[{'functional_group': 'carboxyl', 'smiles_inds': [18]}, {'functional_group': 'ketone', 'smiles_inds': [44]}]",2.271533181050355e-08
18,bottom,C[Si](C)(C)C(P([Ge](P(C([Si](C)(C)C)[Si](C)(C)C)c1ccccc1)P(C([Si](C)(C)C)[Si](C)(C)C)c1ccccc1)c1ccccc1)[Si](C)(C)C,"[5, 7, 23]","[{'functional_group': 'ketone', 'smiles_inds': [24]}]",5.0210040363311017e-08
18,bottom,CC(C)(C)c1cc2c(OP(OC3C(CO[Si](c4ccccc4)(c4ccccc4)C(C)(C)C)OC(CO[Si](c4ccccc4)(c4ccccc4)C(C)(C)C)C3OP3Oc4c(cc(cc4C(C)(C)C)C(C)(C)C)c4cc(cc(c4O3)C(C)(C)C)C(C)(C)C)Oc3c2cc(cc3C(C)(C)C)C(C)(C)C)c(c1)C(C)(C)C,"[9, 55]",[],5.1341351929291426e-08
18,bottom,C1CCCCCCCCCP2CCCCCCCCCCCCCCCCCCP(CCCCCCCC1)CCCCCCCCCCCCCCCCCC2,"[10, 29]","[{'functional_group': '2-methylbenzoic_acid', 'smiles_inds': [15]}]",6.21811695650297e-08
18,bottom,C1CCCCCCCCCCP2CCCCCCCCCCCCCCCCCCCCP(CCCCCCCCC1)CCCCCCCCCCCCCCCCCCCC2,"[11, 32]","[{'functional_group': 'amino', 'smiles_inds': [30]}, {'functional_group': 'aldehyde', 'smiles_inds': [12]}]",6.366481002551182e-08
18,median,Cc1ccnc(c1)c1cc(C)cc(n1)C#N,"[4, 13]","[{'functional_group': 'methyl_ester', 'smiles_inds': [8]}, {'functional_group': 'trifluro', 'smiles_inds': [6]}]",0.4830701258378362
18,median,Oc1c(CN(Cc2ccccn2)Cc2ccccn2)cc(Cl)c2cccnc12,"[4, 11, 18]",[],0.4830930320240776
18,median,c1ccc(cc1)N=Nc1ncccn1,"[6, 9]","[{'functional_group': 'tribromo', 'smiles_inds': [0]}, {'functional_group': 'trichloro', 'smiles_inds': [11]}]",0.48310042814623505
18,median,O=N(=O)c1ccc(CN=NC(=S)SCc2ccccc2)cc1,"[11, 8]","[{'functional_group': 'trifluro', 'smiles_inds': [13]}]",0.4831383962598603
18,median,Cc1ccnc(c1)c1ccccn1,"[4, 12]","[{'functional_group': 'ethyl', 'smiles_inds': [11]}, {'functional_group': 'carbonyl', 'smiles_inds': [0]}, {'functional_group': 'ether', 'smiles_inds': [8]}]",0.48316866187938645
18,median,COc1ccccc1c1cccc(n1)c1cc(cc(n1)c1ccccn1)c1ccccc1,"[25, 19]","[{'functional_group': 'carbonyl', 'smiles_inds': [27]}, {'functional_group': 'carbonyl', 'smiles_inds': [17]}]",0.4831721062932952
18,median,CCCCCCCCCCOc1ccc(C=NN=C([O-])c2cc3ccccc3cc2O)c([O-])c1,"[19, 32, 16]",[],0.4831882808433757
18,median,COP(=S)(OC)N(C)N,"[3, 8]",[],0.48321941655799894
18,median,CCCCOC(=O)c1ccc2ccc3ccc(nc3c2n1)C(=O)[O-],"[17, 20, 23]","[{'functional_group': 'amide', 'smiles_inds': [15]}]",0.4832584061590559
18,median,CC1(C=C(c2ccccn2)c2ccc3cccnc3c2[N-]1)c1ccccn1,"[20, 26, 17]","[{'functional_group': 'amide', 'smiles_inds': [23]}]",0.483278958020496
18,median,Clc1ccccc1C=CC(=O)c1ccccc1[O-],"[10, 17]","[{'functional_group': 'thiol', 'smiles_inds': [14]}]",0.48328172712331363
18,median,CCCCCCCC1=NN=C(N)S1,[9],"[{'functional_group': 'fluoro', 'smiles_inds': [5]}]",0.48331685679842995
18,median,c1ccc(cc1)N1c2ccccc2c2cc([c-]cc12)c1ccc2ccccc2n1,"[6, 16]","[{'functional_group': 'methyl', 'smiles_inds': [2]}]",0.48334141353961263
18,median,Cc1ccc(cc1)C1=NC(=C2C=CC=CN12)C([O-])(c1ccccc1)c1ccccc1,"[17, 8]",[],0.4833650133381346
18,median,CC(=O)NCc1ccnc(c1)c1cc(CNC(C)=O)ccn1,"[8, 21]","[{'functional_group': 'trifluro', 'smiles_inds': [0]}, {'functional_group': 'ethyl_ester', 'smiles_inds': [14]}]",0.4834073811595818
18,median,CCN(CC)c1ccc(C=NN=C(c2ccccc2)c2ccccn2)c([O-])c1,"[2, 26, 10]",[],0.4834214646803186
18,median,Nc1ccccc1C=Nc1ccccc1N,"[15, 8, 0]","[{'functional_group': 'cyanimide', 'smiles_inds': [4]}]",0.48344912310056765
18,median,C1COC(C1)C[Te]C1=CC=CS1,[6],[],0.4834724069546884
18,median,CCCCCN=Cc1ccccn1,"[12, 5]",[],0.4834752864697729
18,median,CC(C)(C)N=C=NC(C)(C)C,[4],[],0.4834906298775424
18,top,NC([S-])=NN=CC1=CNC(=O)N=C1[O-],"[2, 13, 4]","[{'functional_group': 'carbonyl', 'smiles_inds': [0]}]",0.9937144386746767
18,top,c1cc(ccn1)c1nc2nc(nc3[N-]C(=Nc(n1)c23)c1ccncc1)c1ccncc1,"[13, 11]","[{'functional_group': 'phosphonate', 'smiles_inds': [27]}, {'functional_group': 'carboxyl', 'smiles_inds': [20]}]",0.9941723148912197
18,top,[NH3+]C1C([O-])C([NH3+])C([O-])C(N)C1[O-],"[7, 11, 3]",[],0.9942560402664498
18,top,NC([S-])=NN=C(N)[S-],"[2, 7, 3]","[{'functional_group': 'hydroxyl', 'smiles_inds': [0]}]",0.9942795145150369
18,top,NC([S-])=NN=Cc1cc(ccc1[O-])N(=O)=O,"[2, 12, 4]","[{'functional_group': 'carboxylate', 'smiles_inds': [9]}, {'functional_group': 'hydroxyl', 'smiles_inds': [5]}]",0.9944119253519484
18,top,N1C=NC(=N1)C1=NC(=N[N-]1)c1cc[nH+]cc1,"[9, 2]","[{'functional_group': 'phosphonate', 'smiles_inds': [1]}, {'functional_group': '2-hydroxypyridine', 'smiles_inds': [11]}]",0.9951886602530029
18,top,O=C1N2CN3C4C5N(CN6C7C8N(CN9C%10C%11N(CN%12C%13C%14N(CN%15C%16C%17N(CN%18C%19C%20N(CN1C1C2N2CN4C(=O)N5CN7C(=O)N8CN%10C(=O)N%11CN%13C(=O)N%14CN%16C(=O)N%17CN%19C(=O)N%20CN1C2=O)C%18=O)C%15=O)C%12=O)C9=O)C6=O)C3=O,"[0, 73]","[{'functional_group': 'tribromo', 'smiles_inds': [30]}]",0.995275132668038
18,top,FC(F)(F)C1=N[N-]C(=N1)c1cccc(n1)C1=NC(=N[N-]1)C(F)(F)F,"[6, 19, 14]","[{'functional_group': 'bromo', 'smiles_inds': [11]}, {'functional_group': 'phosphonate', 'smiles_inds': [10]}]",0.9953529814805965
18,top,NC(=NN=C([O-])C(=NNC(=O)c1cccc(n1)C(=O)NN=C(C([O-])=NN=C(N)c1ccccn1)c1ccccc1)c1ccccc1)c1ccccn1,"[23, 5, 51, 2, 25, 33]",[],0.9963530920629465
18,top,[NH3+]C1C([O-])C([NH3+])C([O-])C(N)C1[O-],"[7, 11, 3]","[{'functional_group': 'cyanimide', 'smiles_inds': [6]}]",0.9965367192947621
18,top,NC(=NO)C(N)=N[O-],"[2, 6]","[{'functional_group': 'tribromo', 'smiles_inds': [3]}, {'functional_group': 'phosphonate', 'smiles_inds': [5]}, {'functional_group': 'carbonyl', 'smiles_inds': [0]}]",0.9966246851354676
18,top,O=C(NCCNC(=O)c1ccc(C(=O)NCCNC(=O)C2=C([O-])C(=O)C=CO2)c([O-])c1[O-])C1=C([O-])C(=O)C=CO1,"[36, 34, 31, 29, 22, 24]",[],0.99671540148981
18,top,NCC1OC2OC3C(O)C(O)C(OC3CN)OC3C(O)C(O)C(OC3CO)OC3C(O)C(O)C(OC3CO)OC3C(O)C(O)C(OC3CO)OC3C(O)C(O)C(OC3CO)OC3C(O)C(O)C(OC3CO)OC1C(O)C2O,"[15, 0]",[],0.9968739152711457
18,top,N1C=NC(=N1)C1=NC(=N[N-]1)c1cc[nH+]cc1,"[9, 2]","[{'functional_group': 'phosphonate', 'smiles_inds': [1]}, {'functional_group': 'carboxylate', 'smiles_inds': [15]}]",0.9969129735380222
18,top,Cc1[nH+]cc(CO)c(C=NC(C(N=Cc2c(CO)c[nH+]c(C)c2[O-])c2c(CO)cnc(C)c2[O-])c2c(CO)cnc(C)c2[O-])c1[O-],"[9, 45, 12, 23, 33, 43]","[{'functional_group': 'chloro', 'smiles_inds': [5]}]",0.9971502518983774
18,top,N1C=NC(=N1)C1=NC(=N[N-]1)c1cc[nH+]cc1,"[9, 2]","[{'functional_group': 'phosphonate', 'smiles_inds': [1]}, {'functional_group': 'phosphonate', 'smiles_inds': [15]}]",0.9972675411639794
18,top,CC(=NNC(N)=S)c1cc[c-]c(n1)C(C)=NN=C(N)[S-],"[19, 15, 10]",[],0.9974746159166846
18,top,NC(=NN=C([O-])c1cc(Cl)cc(n1)C([O-])=NN=C(N)c1ccccn1)c1ccccn1,"[12, 5, 14]",[],0.997657848527818
18,top,OCC1OC2OC3C(CO)OC(OC4C(CO)OC(OC5C(CO)OC(OC6C(CNCCC7=CNC=N7)OC(OC7C(CO)OC(OC8C(CO)OC(OC1C(O)C2O)C(O)C8O)C(O)C7O)C(O)C6O)C(O)C5O)C(O)C4O)C(O)C3O,"[37, 30]","[{'functional_group': 'amino', 'smiles_inds': [48]}]",0.9977820567407052
18,top,N1C=NC(=C2NN=N[N-]2)C1=C1N=NN=N1,"[8, 2]","[{'functional_group': 'phosphonate', 'smiles_inds': [1]}]",0.9988618750537588
19,bottom,C[Si](C)(C)c1cc(cc(c1)[Si](C#CP(C#C[Si](c1cc(cc(c1)[Si](C)(C)C)[Si](C)(C)C)(c1cc(cc(c1)[Si](C)(C)C)[Si](C)(C)C)c1cc(cc(c1)[Si](C)(C)C)[Si](C)(C)C)C#C[Si](c1cc(cc(c1)[Si](C)(C)C)[Si](C)(C)C)(c1cc(cc(c1)[Si](C)(C)C)[Si](C)(C)C)c1cc(cc(c1)[Si](C)(C)C)[Si](C)(C)C)(c1cc(cc(c1)[Si](C)(C)C)[Si](C)(C)C)c1cc(cc(c1)[Si](C)(C)C)[Si](C)(C)C)[Si](C)(C)C,[13],"[{'functional_group': 'carboxylate', 'smiles_inds': [29]}]",2.482811274580438e-28
19,bottom,Cc1cc(C)c(B(CCCP(CCCB(c2c(C)cc(C)cc2C)c2c(C)cc(C)cc2C)CCP(CCCB(c2c(C)cc(C)cc2C)c2c(C)cc(C)cc2C)CCCB(c2c(C)cc(C)cc2C)c2c(C)cc(C)cc2C)c2c(C)cc(C)cc2C)c(C)c1,"[35, 10]",[],2.1665179038759673e-23
19,bottom,I[Te]1(O[Te]2(O[Te](O[Te]3(O[Te](I)(O[Te]4(O[Te](I)(O[Te]5(O[Te](O[Te]6(O[Te](I)(O[Te](O1)(O[Te]1(O[Te](O2)(O[Te](O3)(O[Te](O4)(O[Te](O5)(O[Te](O6)(O1)c1ccccc1)c1ccccc1)c1ccccc1)c1ccccc1)c1ccccc1)c1ccccc1)c1ccccc1)c1ccccc1)c1ccccc1)c1ccccc1)c1ccccc1)c1ccccc1)c1ccccc1)c1ccccc1)c1ccccc1)c1ccccc1)c1ccccc1)c1ccccc1,"[33, 39, 42, 30, 36, 45]","[{'functional_group': 'ketone', 'smiles_inds': [63]}]",1.846877867432094e-22
19,bottom,C[Si](C)(C)N(B1PB(PB(P1)N([Si](C)(C)C)[Si](C)(C)C)N([Si](C)(C)C)[Si](C)(C)C)[Si](C)(C)C,[10],"[{'functional_group': 'aldehyde', 'smiles_inds': [8]}]",1.822914982604061e-20
19,bottom,CP(CCP(C)c1c(cc(cc1C([Si](C)(C)C)[Si](C)(C)C)C([Si](C)(C)C)([Si](C)(C)C)[Si](C)(C)C)C([Si](C)(C)C)[Si](C)(C)C)c1c(cc(cc1C([Si](C)(C)C)[Si](C)(C)C)C([Si](C)(C)C)([Si](C)(C)C)[Si](C)(C)C)C([Si-](C)C)[Si](C)(C)C,"[4, 72, 1]","[{'functional_group': 'tribromo', 'smiles_inds': [74]}]",1.956422008560083e-19
19,bottom,CC(C)(C)P(P1P(P(P1C(C)(C)C)C(C)(C)C)C(C)(C)C)P1P(P(P1C(C)(C)C)C(C)(C)C)C(C)(C)C,[4],"[{'functional_group': 'phenyl', 'smiles_inds': [2]}]",1.0141423150742352e-17
19,bottom,CC(C)(C)P1P(P2P(P(P2C(C)(C)C)C(C)(C)C)C(C)(C)C)P(P1C(C)(C)C)C(C)(C)C,"[7, 4]","[{'functional_group': 'carbonyl', 'smiles_inds': [21]}, {'functional_group': 'trichloro', 'smiles_inds': [26]}]",1.0272848091783998e-17
19,bottom,CC(C)(C)P(P1P(P(P1C(C)(C)C)C(C)(C)C)C(C)(C)C)P1P(P(P1C(C)(C)C)C(C)(C)C)C(C)(C)C,[4],[],2.071718947024907e-17
19,bottom,CC(C)(C)P(P1P2P3P2P(P1P3P(C(C)(C)C)C(C)(C)C)P(C(C)(C)C)C(C)(C)C)C(C)(C)C,[6],[],3.199952665262726e-17
19,bottom,CC(C)N(B1P2B(N(C(C)C)C(C)C)P1B2N1C(C)(C)CCCC1(C)C)C(C)C,[5],"[{'functional_group': 'fluoro', 'smiles_inds': [12]}]",1.1275922700750896e-16
19,bottom,CC(C)N(B1P2B(N(C(C)C)C(C)C)P1B2N1C(C)(C)CCCC1(C)C)C(C)C,[5],"[{'functional_group': 'hydroxyl', 'smiles_inds': [2]}]",1.4100664307669986e-16
19,bottom,CC(C)N(B1P2B(N(C(C)C)C(C)C)P1B2N1C(C)(C)CCCC1(C)C)C(C)C,[5],"[{'functional_group': 'amino', 'smiles_inds': [0]}, {'functional_group': 'chloro', 'smiles_inds': [26]}]",1.4596976100211617e-16
19,bottom,C[Si](C)(C)C(c1cc(C([Si](C)(C)C)[Si](C)(C)C)c(Sc2ccccc2[Se]c2ccccc2[Se]c2ccccc2Sc2c(cc(cc2C([Si](C)(C)C)[Si](C)(C)C)C([Si](C)(C)C)[Si](C)(C)C)C([Si](C)(C)C)[Si](C)(C)C)c(c1)C([Si](C)(C)C)[Si](C)(C)C)[Si](C)(C)C,"[25, 32]","[{'functional_group': 'ketone', 'smiles_inds': [11]}]",1.9312154465029186e-16
19,bottom,C[Si](C)(C)c1cc(cc(c1)[Si](C)(C)C)C(C(=O)Nc1cccc(NC(=O)C(c2cc(cc(c2)[Si](C)(C)C)[Si](C)(C)C)(c2cc(cc(c2)[Si](C)(C)C)[Si](C)(C)C)c2cc(cc(c2)[Si](C)(C)C)[Si](C)(C)C)c1[S-])(c1cc(cc(c1)[Si](C)(C)C)[Si](C)(C)C)c1cc(cc(c1)[Si](C)(C)C)[Si](C)(C)C,"[70, 16]","[{'functional_group': 'bromo', 'smiles_inds': [79]}]",2.9632443052609547e-16
19,bottom,C[Si](C)(C)C(c1cc(C([Si](C)(C)C)[Si](C)(C)C)c([Se]c2ccccc2Sc2ccccc2Sc2ccccc2[Se]c2c(cc(cc2C([Si](C)(C)C)[Si](C)(C)C)C([Si](C)(C)C)[Si](C)(C)C)C([Si](C)(C)C)[Si](C)(C)C)c(c1)C([Si](C)(C)C)[Si](C)(C)C)[Si](C)(C)C,"[25, 32]",[],3.265989501474052e-16
19,bottom,CC(C)(C)P1P2P(P(P1C(C)(C)C)C(C)(C)C)P(P(P2C(C)(C)C)C(C)(C)C)C(C)(C)C,"[17, 4]","[{'functional_group': 'cyano', 'smiles_inds': [21]}]",1.6707121259087757e-15
19,bottom,CC(C)C[Si]12O[Si]3(CCCN4C=C(N=N4)c4ccccn4)O[Si]4(CC(C)C)O[Si](CC(C)C)(O1)O[Si]1(CC(C)C)O[Si](CC(C)C)(O2)O[Si](CC(C)C)(O3)O[Si](CC(C)C)(O4)O1,"[10, 13]","[{'functional_group': 'carbonyl', 'smiles_inds': [39]}]",3.5328405059779583e-15
19,bottom,CC(C)C[Si]12O[Si]3(CCC[NH+]=Cc4ccccc4[O-])O[Si]4(CC(C)C)O[Si](CC(C)C)(O1)O[Si]1(CC(C)C)O[Si](CC(C)C)(O2)O[Si](CC(C)C)(O3)O[Si](CC(C)C)(O4)O1,[18],[],4.9538591152462845e-15
19,bottom,C[Si](C)(C)P1PP2PP(P1P2[Si](C)(C)C)[Si](C)(C)C,"[7, 5]","[{'functional_group': 'methyl_ester', 'smiles_inds': [14]}]",1.2960422605412159e-14
19,bottom,CC(C)C[Si]12O[Si]3(CCCN=Cc4ccccc4[O-])O[Si]4(CC(C)C)O[Si](CC(C)C)(O1)O[Si]1(CC(C)C)O[Si](CC(C)C)(O2)O[Si](CC(C)C)(O3)O[Si](CC(C)C)(O4)O1,"[18, 10]","[{'functional_group': 'phosphonate', 'smiles_inds': [55]}]",1.6342438408078064e-14
19,median,CN=CNc1ccccc1,[1],"[{'functional_group': 'amide', 'smiles_inds': [0]}]",0.39379361589345724
19,median,c1ccc(nc1)c1nc2ccccc2c2c1ccc1ccc3ccc4ccccc4c3c21,"[4, 7]",[],0.39381030588358046
19,median,Brc1ccc2NC3=C(CC(Nc4ccccc34)=NCc3ccccn3)c2c1,"[17, 24]","[{'functional_group': 'ethyl', 'smiles_inds': [18]}, {'functional_group': 'iodo', 'smiles_inds': [22]}, {'functional_group': '2-hydroxypyridine', 'smiles_inds': [13]}]",0.3938278808615353
19,median,OCCN(CCO)c1ccc2ccc3cccnc3c2n1,"[3, 20, 6]","[{'functional_group': 'ethyl_ester', 'smiles_inds': [14]}]",0.3938376391051272
19,median,CCN(CC)c1ccc(C=Nc2ccccc2C2=Nc3ccccc3N2)c([O-])c1,"[18, 10, 27]",[],0.3938514980046968
19,median,CN1CCCC1=S,[6],"[{'functional_group': 'ethyl', 'smiles_inds': [4]}]",0.39386018099571235
19,median,CC(C)N(c1ccccc1)C([S-])=NC(=O)c1cccc2ccccc12,"[14, 11]","[{'functional_group': 'cyano', 'smiles_inds': [2]}, {'functional_group': '2-hydroxypyridine', 'smiles_inds': [17]}]",0.393866075460645
19,median,Nc1ccc(cc1)c1ccnc(c1)c1ccccn1,"[18, 10]","[{'functional_group': 'carboxyl', 'smiles_inds': [0]}, {'functional_group': 'ethyl', 'smiles_inds': [9]}, {'functional_group': 'trifluro', 'smiles_inds': [14]}, {'functional_group': 'ether', 'smiles_inds': [3]}, {'functional_group': 'fluoro', 'smiles_inds': [16]}]",0.3938809068362348
19,median,[O-]c1ccc2ccccc2c1C=Nc1ccccc1OCCOc1ccccc1N=Cc1c([O-])ccc2ccccc12,"[12, 29, 0, 19, 22, 33]",[],0.3938914604575161
19,median,CN1CCCC1=O,[6],"[{'functional_group': 'cyano', 'smiles_inds': [4]}]",0.39392571942469223
19,median,CC(C)(C)c1cccc(C=Nc2ccccc2)c1[O-],"[10, 18]",[],0.39400235398019545
19,median,Nc1ccc(cc1)c1ccnc(c1)c1ccccn1,"[18, 10]","[{'functional_group': 'amide', 'smiles_inds': [17]}, {'functional_group': 'ethyl_ester', 'smiles_inds': [3]}]",0.3940502288953299
19,median,C1CC[NH+](CC1)Cc1cccc[c-]1,[12],"[{'functional_group': 'methyl', 'smiles_inds': [4]}]",0.39410147139585555
19,median,CN(C)c1cc(nc(c1)c1ccccn1)c1ccccn1,"[14, 1, 6]","[{'functional_group': 'hydroxyl', 'smiles_inds': [4]}, {'functional_group': '2-methylbenzoic_acid', 'smiles_inds': [13]}]",0.39411327571404164
19,median,ClC1=CNC(=O)C=C1,[5],"[{'functional_group': 'carbonyl', 'smiles_inds': [6]}, {'functional_group': 'tribromo', 'smiles_inds': [7]}]",0.394123701442635
19,median,COC(=O)C(=NNc1nc(C)cc(C)n1)c1ccccc1,"[14, 5]","[{'functional_group': 'methyl_ester', 'smiles_inds': [13]}]",0.39415092861916345
19,median,CC(N)(C[Si](C)(C)C)C(=O)[O-],"[10, 2]",[],0.39416669407830185
19,median,CSc1ccc(cc1)c1cc(nc(c1)c1ccccn1)c1ccccn1,"[11, 19, 25]","[{'functional_group': '2-methylbenzoic_acid', 'smiles_inds': [6]}]",0.39417018560063244
19,median,CC(C)(C1=NC(CO1)c1ccccc1)C1=NC(CO1)c1ccccc1,"[15, 4]","[{'functional_group': 'trifluro', 'smiles_inds': [24]}]",0.39417101076423916
19,median,CC(C)(C)c1cc(c(N2P=NN=P2)c(c1)C(C)(C)C)C(C)(C)C,[11],[],0.3942624494559392
19,top,[Se-]C1=C(CCCC1)N=NC1=C([Se-])CCCC1,"[0, 11, 7]","[{'functional_group': 'trifluro', 'smiles_inds': [3]}, {'functional_group': 'methyl', 'smiles_inds': [6]}]",0.9998914494923173
19,top,C[Si](C)(C)[Si](P)([Si](C)(C)C)[Si](C)(C)C,[5],"[{'functional_group': '2-methylbenzoic_acid', 'smiles_inds': [9]}, {'functional_group': 'aldehyde', 'smiles_inds': [0]}]",0.9999071937466741
19,top,N#CC(c1ccccn1)=C1[N-]C(c2ccccc12)=C(C#N)c1ccccn1,"[10, 8, 26]","[{'functional_group': 'carboxylate', 'smiles_inds': [13]}]",0.9999163442892058
19,top,C[Te]Cc1ccccc1C[Te]C,"[1, 10]","[{'functional_group': 'ketone', 'smiles_inds': [0]}]",0.999963298062469
19,top,C1COCC[Te]CCOCCOCC[Te]CCO1,"[5, 14]",[],0.9999740187792936
19,top,C[Si](C)(C)[Si](N)([Si](C)(C)C)[Si](C)(C)C,[5],"[{'functional_group': 'cyano', 'smiles_inds': [2]}]",0.9999752526399237
19,top,C[Si](C)(C)[Si](C([O-])c1ccccn1)([Si](C)(C)C)[Si](C)(C)C,"[6, 12]",[],0.9999812073821307
19,top,C[Te]CC1(CC1)C[Te]C,"[1, 7]",[],0.9999829493932877
19,top,CC(C)[Si](C(C)C)(C(C)C)[Si](F)([Si](C)(C)C)[Si](F)([Si](C)(C)C)[Si](C(C)C)(C(C)C)C(C)C,"[17, 11]","[{'functional_group': 'amide', 'smiles_inds': [26]}]",0.9999984407688411
19,top,C[Te]CC(C)(C[Te]C)C[Te]C,"[1, 6, 9]",[],0.9999999260563689
19,top,C[Te]CC(C)(C[Te]C)C[Te]C,"[1, 6, 9]","[{'functional_group': 'tribromo', 'smiles_inds': [4]}]",0.9999999860314577
19,top,Cc1ccccc1C(=O)[Si-]1[Si](C)(C)[Si](C)(C)[Si]([Si](C)(C)C)([Si](C)(C)C)[Si](C)(C)[Si]1(C)C,"[8, 6]",[],0.9999999969100879
19,top,CC(C)(C)[Si]([SiH]1[Si]2(CC[Si]3(OCCOCCOCCOCCOCCO3)[Si]12[Si](C(C)(C)C)(C(C)(C)C)C(C)(C)C)[Si](C(C)(C)C)(C(C)(C)C)C(C)(C)C)(C(C)(C)C)C(C)(C)C,"[22, 19, 16]","[{'functional_group': 'thiol', 'smiles_inds': [11]}, {'functional_group': 'carboxylate', 'smiles_inds': [51]}]",0.9999999996711317
19,top,CC(C)(C)[Si](C)([Si]12[Ge][Si]1([Si](C)(C(C)(C)C)C(C)(C)C)[Si]2([Si](C)(C(C)(C)C)C(C)(C)C)[Si](C)(C(C)(C)C)C(C)(C)C)C(C)(C)C,[7],"[{'functional_group': '2-methylbenzoic_acid', 'smiles_inds': [0]}]",0.9999999997306894
19,top,C[Si](C)(C)[Si]1([Ge][Si]([Si](C)(C)C)([Si](C)(C)C)[Si]1(C)C)[Si](C)(C)C,[5],[],0.9999999998404969
19,top,C[Si](C)(C)[Si]1([Ge][Si]([Si](C)(C)C)([Si](C)(C)C)[Si]1(C)C)[Si](C)(C)C,[5],"[{'functional_group': 'hydroxyl', 'smiles_inds': [9]}, {'functional_group': 'carboxylate', 'smiles_inds': [12]}]",0.999999999962834
19,top,C[Te](C)CC(C)(C[Te](C)C)C[Te](C)C,"[1, 7, 11]",[],0.9999999999779381
19,top,C[Si](C)(C)[Si]1([Sb][Si]([Si](C)(C)C)([Si](C)(C)C)[Si](C)(C)[Si]1(C)C)[Si](C)(C)C,[5],"[{'functional_group': 'cyano', 'smiles_inds': [24]}]",0.9999999999956601
19,top,Cl[Si](Cl)(Cl)[Ge]([Si](Cl)(Cl)Cl)[Si](Cl)(Cl)Cl,[4],[],0.9999999999999558
19,top,C[Si](C)(C)[Si]([Si](C)(C)C)([Si](C)(C)C)[Si](C)(O)[Si](C)([O-])[Si]([Si](C)(C)C)([Si](C)(C)C)[Si](C)(C)C,"[15, 18]",[],0.9999999999999987
20,bottom,C[Si](C)(C)c1cc(cc(c1)[Si](C#CP(C#C[Si](c1cc(cc(c1)[Si](C)(C)C)[Si](C)(C)C)(c1cc(cc(c1)[Si](C)(C)C)[Si](C)(C)C)c1cc(cc(c1)[Si](C)(C)C)[Si](C)(C)C)C#C[Si](c1cc(cc(c1)[Si](C)(C)C)[Si](C)(C)C)(c1cc(cc(c1)[Si](C)(C)C)[Si](C)(C)C)c1cc(cc(c1)[Si](C)(C)C)[Si](C)(C)C)(c1cc(cc(c1)[Si](C)(C)C)[Si](C)(C)C)c1cc(cc(c1)[Si](C)(C)C)[Si](C)(C)C)[Si](C)(C)C,[13],[],1.8593699680319543e-29
20,bottom,C[Si](C)(C)c1cc(cc(c1)[Si](C#CP(C#C[Si](c1cc(cc(c1)[Si](C)(C)C)[Si](C)(C)C)(c1cc(cc(c1)[Si](C)(C)C)[Si](C)(C)C)c1cc(cc(c1)[Si](C)(C)C)[Si](C)(C)C)C#C[Si](c1cc(cc(c1)[Si](C)(C)C)[Si](C)(C)C)(c1cc(cc(c1)[Si](C)(C)C)[Si](C)(C)C)c1cc(cc(c1)[Si](C)(C)C)[Si](C)(C)C)(c1cc(cc(c1)[Si](C)(C)C)[Si](C)(C)C)c1cc(cc(c1)[Si](C)(C)C)[Si](C)(C)C)[Si](C)(C)C,[13],"[{'functional_group': 'trifluro', 'smiles_inds': [95]}]",1.9100082987873872e-29
20,bottom,I[Te]1(O[Te]2(O[Te](O[Te]3(O[Te](I)(O[Te]4(O[Te](I)(O[Te]5(O[Te](O[Te]6(O[Te](I)(O[Te](O1)(O[Te]1(O[Te](O2)(O[Te](O3)(O[Te](O4)(O[Te](O5)(O[Te](O6)(O1)c1ccccc1)c1ccccc1)c1ccccc1)c1ccccc1)c1ccccc1)c1ccccc1)c1ccccc1)c1ccccc1)c1ccccc1)c1ccccc1)c1ccccc1)c1ccccc1)c1ccccc1)c1ccccc1)c1ccccc1)c1ccccc1)c1ccccc1)c1ccccc1,"[33, 39, 42, 30, 36, 45]","[{'functional_group': 'cyano', 'smiles_inds': [104]}]",1.1081081937002265e-26
20,bottom,CC(C)(C)c1cc2c(OP(Oc3c2cc(cc3C(C)(C)C)C(C)(C)C)O[Si]2(O[Si]3(O[Si](OP4Oc5c(cc(cc5C(C)(C)C)C(C)(C)C)c5cc(cc(c5O4)C(C)(C)C)C(C)(C)C)(O[Si]4(O[Si](O3)(O[Si](O2)(O[Si](O4)(O[Si](C)(c2ccccc2)c2ccccc2)C2CCCC2)C2CCCC2)C2CCCC2)C2CCCC2)C2CCCC2)C2CCCC2)C2CCCC2)c(c1)C(C)(C)C,"[9, 32]",[],7.06400436620941e-25
20,bottom,CC(C)(C)c1cc2c(OP(Oc3c2cc(cc3C(C)(C)C)C(C)(C)C)O[Si]2(O[Si]3(O[Si](OP4Oc5c(cc(cc5C(C)(C)C)C(C)(C)C)c5cc(cc(c5O4)C(C)(C)C)C(C)(C)C)(O[Si]4(O[Si](O3)(O[Si](O2)(O[Si](O4)(O[Si](C)(c2ccccc2)c2ccccc2)C2CCCC2)C2CCCC2)C2CCCC2)C2CCCC2)C2CCCC2)C2CCCC2)C2CCCC2)c(c1)C(C)(C)C,"[9, 32]","[{'functional_group': 'tribromo', 'smiles_inds': [15]}]",1.000204008516698e-24
20,bottom,C1CCC(CC1)B(CCCP(CCCB(C1CCCCC1)C1CCCCC1)CCP(CCCB(C1CCCCC1)C1CCCCC1)CCCB(C1CCCCC1)C1CCCCC1)C1CCCCC1,"[10, 29]",[],1.1332295681477048e-24
20,bottom,Cc1cc(C)c(B(CCCP(CCCB(c2c(C)cc(C)cc2C)c2c(C)cc(C)cc2C)CCP(CCCB(c2c(C)cc(C)cc2C)c2c(C)cc(C)cc2C)CCCB(c2c(C)cc(C)cc2C)c2c(C)cc(C)cc2C)c2c(C)cc(C)cc2C)c(C)c1,"[35, 10]","[{'functional_group': 'phenyl', 'smiles_inds': [8]}]",1.6577425030127495e-24
20,bottom,C[Si](C)(C)N(B1PB(PB(P1)N([Si](C)(C)C)[Si](C)(C)C)N([Si](C)(C)C)[Si](C)(C)C)[Si](C)(C)C,[10],"[{'functional_group': 'trichloro', 'smiles_inds': [6]}]",3.8919985781649115e-23
20,bottom,C[Si](C)(C)N(B1PB(PB(P1)N([Si](C)(C)C)[Si](C)(C)C)N([Si](C)(C)C)[Si](C)(C)C)[Si](C)(C)C,[10],"[{'functional_group': 'trichloro', 'smiles_inds': [32]}]",1.6805400816298398e-22
20,bottom,CC(C)(C)c1cc2c(OP(Oc3c2cc(cc3C(C)(C)C)C(C)(C)C)O[Si]23O[Si]4(O[Si]5(O[Si](O2)(O[Si]2(O[Si](O3)(O[Si](O4)(O[Si](O5)(O2)C2CCCC2)C2CCCC2)C2CCCC2)C2CCCC2)C2CCCC2)C2CCCC2)C2CCCC2)c(c1)C(C)(C)C,[9],"[{'functional_group': 'cyanimide', 'smiles_inds': [80]}, {'functional_group': 'phosphonate', 'smiles_inds': [53]}]",7.580666854729756e-21
20,bottom,CC(C)(C)c1cc2c(OP(Oc3c2cc(cc3C(C)(C)C)C(C)(C)C)O[Si]23O[Si]4(O[Si]5(O[Si](O2)(O[Si]2(O[Si](O3)(O[Si](O4)(O[Si](O5)(O2)C2CCCC2)C2CCCC2)C2CCCC2)C2CCCC2)C2CCCC2)C2CCCC2)C2CCCC2)c(c1)C(C)(C)C,[9],[],1.0031081534075691e-19
20,bottom,CC(C)(C)P(P1P(P(P1C(C)(C)C)C(C)(C)C)C(C)(C)C)P1P(P(P1C(C)(C)C)C(C)(C)C)C(C)(C)C,[4],"[{'functional_group': 'ketone', 'smiles_inds': [3]}]",3.703975451888382e-18
20,bottom,CC(C)(C)P1P2P(P(P1C(C)(C)C)C(C)(C)C)P(P(P2C(C)(C)C)C(C)(C)C)C(C)(C)C,"[17, 4]","[{'functional_group': 'ethyl', 'smiles_inds': [16]}]",2.569772609453e-17
20,bottom,C[Si](C)(C)c1cc(cc(c1)[Si](C)(C)C)C(C(=O)Nc1cccc(NC(=O)C(c2cc(cc(c2)[Si](C)(C)C)[Si](C)(C)C)(c2cc(cc(c2)[Si](C)(C)C)[Si](C)(C)C)c2cc(cc(c2)[Si](C)(C)C)[Si](C)(C)C)c1[S-])(c1cc(cc(c1)[Si](C)(C)C)[Si](C)(C)C)c1cc(cc(c1)[Si](C)(C)C)[Si](C)(C)C,"[70, 16]",[],4.865954289309533e-17
20,bottom,C[Si](C)(C)c1cc(cc(c1)[Si](C)(C)C)C(C(=O)Nc1cccc(NC(=O)C(c2cc(cc(c2)[Si](C)(C)C)[Si](C)(C)C)(c2cc(cc(c2)[Si](C)(C)C)[Si](C)(C)C)c2cc(cc(c2)[Si](C)(C)C)[Si](C)(C)C)c1[S-])(c1cc(cc(c1)[Si](C)(C)C)[Si](C)(C)C)c1cc(cc(c1)[Si](C)(C)C)[Si](C)(C)C,"[70, 16]","[{'functional_group': '2-hydroxypyridine', 'smiles_inds': [7]}, {'functional_group': 'iodo', 'smiles_inds': [9]}]",5.749350262774687e-17
20,bottom,C[Si](C)(C)C(c1cc(C([Si](C)(C)C)[Si](C)(C)C)c([Se]c2ccccc2Sc2ccccc2Sc2ccccc2[Se]c2c(cc(cc2C([Si](C)(C)C)[Si](C)(C)C)C([Si](C)(C)C)[Si](C)(C)C)C([Si](C)(C)C)[Si](C)(C)C)c(c1)C([Si](C)(C)C)[Si](C)(C)C)[Si](C)(C)C,"[25, 32]","[{'functional_group': 'fluoro', 'smiles_inds': [81]}]",1.189180692003316e-16
20,bottom,C[Si](C)(C)C(c1cc(C([Si](C)(C)C)[Si](C)(C)C)c([Se]c2ccccc2[Se]c2ccccc2[Se]c2ccccc2[Se]c2c(cc(cc2C([Si](C)(C)C)[Si](C)(C)C)C([Si](C)(C)C)[Si](C)(C)C)C([Si](C)(C)C)[Si](C)(C)C)c(c1)C([Si](C)(C)C)[Si](C)(C)C)[Si](C)(C)C,"[25, 32]",[],3.3473679579080335e-16
20,bottom,C[Si](C)(C)P1PP2PP(P1P2[Si](C)(C)C)[Si](C)(C)C,"[7, 5]",[],3.515640422029507e-16
20,bottom,CC(C)C[Si]12O[Si]3(CCC[NH+]=Cc4ccccc4[O-])O[Si]4(CC(C)C)O[Si](CC(C)C)(O1)O[Si]1(CC(C)C)O[Si](CC(C)C)(O2)O[Si](CC(C)C)(O3)O[Si](CC(C)C)(O4)O1,[18],[],4.457811319204834e-16
20,bottom,CC(C)C[Si]12O[Si]3(CCCN4C=C(N=N4)c4ccccn4)O[Si]4(CC(C)C)O[Si](CC(C)C)(O1)O[Si]1(CC(C)C)O[Si](CC(C)C)(O2)O[Si](CC(C)C)(O3)O[Si](CC(C)C)(O4)O1,"[10, 13]","[{'functional_group': 'trichloro', 'smiles_inds': [58]}, {'functional_group': 'methyl', 'smiles_inds': [52]}]",6.433307665915848e-16
20,median,CC(C)N=C(N([S-])C(C)C)c1c(C)cc(C)cc1C,"[6, 3]",[],0.3810683121184975
20,median,CC1(C)OC(C(O1)C(=O)OCc1ccc(C=NNc2ccccn2)nc1)C(=O)OCc1ccc(C=NNc2ccccn2)nc1,"[23, 16, 24, 42, 35, 43]",[],0.38115410485946016
20,median,N1C=CN=C1c1ccccn1,"[10, 3]","[{'functional_group': 'aldehyde', 'smiles_inds': [9]}, {'functional_group': 'trichloro', 'smiles_inds': [7]}]",0.3811716621063143
20,median,O=[C-]N1C=CCc2ccc(nc12)c1ccccn1,"[1, 17, 10]","[{'functional_group': '2-methylbenzoic_acid', 'smiles_inds': [8]}, {'functional_group': '2-hydroxypyridine', 'smiles_inds': [13]}]",0.3811876979535534
20,median,COCCN1CCOC=COCCN(CCOC)CC1,"[7, 1, 4, 10, 16, 13]","[{'functional_group': 'amino', 'smiles_inds': [18]}]",0.38119044779776984
20,median,Oc1ccccc1C=NCc1cccc(CN=Cc2ccccc2O)c1,"[0, 24]","[{'functional_group': 'trifluro', 'smiles_inds': [13]}, {'functional_group': 'carboxyl', 'smiles_inds': [7]}]",0.3812803458255797
20,median,NS(=O)(=O)c1ccccn1,"[9, 0]","[{'functional_group': 'cyanimide', 'smiles_inds': [6]}, {'functional_group': 'iodo', 'smiles_inds': [7]}]",0.38128338359291064
20,median,Fc1ccc(C=O)cc1,[6],[],0.38128362996131265
20,median,N1[Se]Nc2c1c1cccnc1c1ncccc21,"[12, 9]","[{'functional_group': 'hydroxyl', 'smiles_inds': [2]}]",0.3812844201152304
20,median,CN1C2CC3CC(C2)CC(C3)C1=CN=C1C(=O)c2cccnc2c2ncccc12,"[1, 21]",[],0.38129405350811896
20,median,CCN(C)CCN(C)C,"[2, 6]","[{'functional_group': 'hydroxyl', 'smiles_inds': [4]}]",0.381326062091986
20,median,CC1C2CC(c3ccc(nc13)c1ccccn1)C2(C)C,"[9, 16]",[],0.3814241091141379
20,median,CC(=O)C(N=Nc1ccccc1)=Nc1ccc(Br)cc1,"[5, 12]",[],0.3814352650605182
20,median,Nc1ccc(cc1)c1ccnc(c1)c1ccccn1,"[18, 10]","[{'functional_group': '2-methylbenzoic_acid', 'smiles_inds': [8]}, {'functional_group': 'cyano', 'smiles_inds': [16]}]",0.3814852405186429
20,median,ON=CC1(Cc2ccccc2)[CH-]C2CC1C=C2,"[1, 11]",[],0.3815193812034369
20,median,CN1OC(CC1c1ccccc1)c1ccccn1,"[1, 17]","[{'functional_group': 'methyl', 'smiles_inds': [0]}]",0.38158433885618287
20,median,CC(C1=NC(CO1)c1ccccc1)(C1=NC(CO1)c1ccccc1)C1=NC(CO1)c1ccccc1,"[3, 14]",[],0.3815988418342054
20,median,Cc1cc2C[NH2+]CC[NH2+]Cc3cc(C)cc(CN(CCCN(Cc4ccccn4)Cc(c1)c2[O-])Cc1ccccn1)c3[O-],"[33, 42, 17, 21, 28, 40]","[{'functional_group': 'ethyl', 'smiles_inds': [39]}]",0.38162250614994475
20,median,N1C=CN=C1c1ccccn1,"[10, 3]","[{'functional_group': 'methyl', 'smiles_inds': [2]}, {'functional_group': 'trichloro', 'smiles_inds': [1]}]",0.3816665399358823
20,median,CCCCNC(=O)c1cccnc1,[11],"[{'functional_group': 'cyanimide', 'smiles_inds': [1]}, {'functional_group': '2-methylbenzoic_acid', 'smiles_inds': [12]}, {'functional_group': 'bromo', 'smiles_inds': [10]}]",0.3817031127476445
20,top,CC(C)(C)N1[Se][Se]N([Se]N([Se]1)C(C)(C)C)C(C)(C)C,"[8, 10]","[{'functional_group': 'aldehyde', 'smiles_inds': [12]}]",0.9999975269201576
20,top,C[Si](C)(C)[Si](P)([Si](C)(C)C)[Si](C)(C)C,[5],"[{'functional_group': 'carboxylate', 'smiles_inds': [7]}]",0.9999978431071644
20,top,CC=C1N=CC=NC1=C(C)[N-]N=C(N)[S-],"[14, 10, 6]","[{'functional_group': 'ethyl_ester', 'smiles_inds': [9]}, {'functional_group': 'cyano', 'smiles_inds': [5]}]",0.9999978519199184
20,top,CCC1=C(CC)C2=C3[N-]C(=C4N=C(C(=C4CC)CC)C4=NC(=C5[N-]C(=C6N=C(C(=C6CC)CC)C1=N2)C(=C5CC)CC)C(=C4CC)CC)C(=C3CC)CC,"[35, 8, 11, 20, 23, 26]","[{'functional_group': 'bromo', 'smiles_inds': [4]}]",0.9999993487556176
20,top,O=C(NCCN(CCNC(=O)C1=CC=CC(=S)N1[O-])CCNC(=O)C1=CC=CC(=S)N1[O-])C1=CC=CC(=S)N1[O-],"[37, 16, 29, 39, 18, 31]","[{'functional_group': 'thiol', 'smiles_inds': [6]}, {'functional_group': 'amino', 'smiles_inds': [27]}]",0.9999999164080279
20,top,CC(C)[Si](C(C)C)(C(C)C)[Si](F)([Si](C)(C)C)[Si](F)([Si](C)(C)C)[Si](C(C)C)(C(C)C)C(C)C,"[17, 11]",[],0.9999999414349668
20,top,C[Te]CC(C)(C[Te]C)C[Te]C,"[1, 6, 9]",[],0.9999999922295054
20,top,C[Si](C)(C)[Si]1([Si](C)(C)C)[Si](C)(C)[Si](C)(C)[Si-](C(=O)C23CC4CC(CC(C4)C2)C3)[Si](C)(C)[Si]1(C)C,"[17, 15]","[{'functional_group': 'carboxyllic_acid', 'smiles_inds': [24]}]",0.9999999997740148
20,top,Cc1ccccc1C(=O)[Si-]1[Si](C)(C)[Si](C)(C)[Si]([Si](C)(C)C)([Si](C)(C)C)[Si](C)(C)[Si]1(C)C,"[8, 6]",[],0.9999999998896962
20,top,CC(C)(C)[Si]([SiH]1[Si]2(CC[Si]3(OCCOCCOCCOCCOCCO3)[Si]12[Si](C(C)(C)C)(C(C)(C)C)C(C)(C)C)[Si](C(C)(C)C)(C(C)(C)C)C(C)(C)C)(C(C)(C)C)C(C)(C)C,"[22, 19, 16]","[{'functional_group': 'amino', 'smiles_inds': [60]}, {'functional_group': 'amino', 'smiles_inds': [43]}]",0.9999999999794671
20,top,C[Si](C)(C)[Si]1([Ge][Si]([Si](C)(C)C)([Si](C)(C)C)[Si]1(C)C)[Si](C)(C)C,[5],[],0.9999999999947551
20,top,C[Si](C)(C)[Si]1([Ge][Si]([Si](C)(C)C)([Si](C)(C)C)[Si](C)(C)[Si]1(C)C)[Si](C)(C)C,[5],"[{'functional_group': 'trichloro', 'smiles_inds': [22]}, {'functional_group': 'chloro', 'smiles_inds': [9]}]",0.999999999999226
20,top,C[Te](C)CC(C)(C[Te](C)C)C[Te](C)C,"[1, 7, 11]",[],0.9999999999994498
20,top,C[Te](C)CC(C)(C[Te](C)C)C[Te](C)C,"[1, 7, 11]","[{'functional_group': 'cyanimide', 'smiles_inds': [9]}]",0.9999999999995932
20,top,C[Si](C)(C)[Si]1([Ge][Si]([Si](C)(C)C)([Si](C)(C)C)[Si](C)(C)[Si]1(C)C)[Si](C)(C)C,[5],"[{'functional_group': 'ethyl', 'smiles_inds': [24]}, {'functional_group': '2-methylbenzoic_acid', 'smiles_inds': [8]}]",0.9999999999996614
20,top,C[Si](C)(C)[Si]1([Ge][Si]([Si](C)(C)C)([Si](C)(C)C)[Si](C)(C)[Si]1(C)C)[Si](C)(C)C,[5],"[{'functional_group': '2-methylbenzoic_acid', 'smiles_inds': [23]}]",0.9999999999998002
20,top,Cl[Si](Cl)(Cl)[Ge]([Si](Cl)(Cl)Cl)[Si](Cl)(Cl)Cl,[4],[],0.9999999999999964
20,top,C[Si](C)(C)[Si]([Si](C)(C)C)([Si](C)(C)C)[Si](C)(O)[Si](C)([O-])[Si]([Si](C)(C)C)([Si](C)(C)C)[Si](C)(C)C,"[15, 18]",[],1.0
20,top,C[Si](C)(C)[Si]([Si](C)(C)C)([Si](C)(C)C)[Si](C)(O)[Si](C)([O-])[Si]([Si](C)(C)C)([Si](C)(C)C)[Si](C)(C)C,"[15, 18]","[{'functional_group': 'fluoro', 'smiles_inds': [22]}, {'functional_group': 'bromo', 'smiles_inds': [27]}]",1.0
20,top,C[Si](C)(C)[Si]([Si](C)(C)C)([Si](C)(C)C)[Si](C)(O)[Si](C)([O-])[Si]([Si](C)(C)C)([Si](C)(C)C)[Si](C)(C)C,"[15, 18]","[{'functional_group': 'methyl', 'smiles_inds': [6]}]",1.0
21,bottom,C[Si](C)(C)c1cc(cc(c1)[Si](C#CP(C#C[Si](c1cc(cc(c1)[Si](C)(C)C)[Si](C)(C)C)(c1cc(cc(c1)[Si](C)(C)C)[Si](C)(C)C)c1cc(cc(c1)[Si](C)(C)C)[Si](C)(C)C)C#C[Si](c1cc(cc(c1)[Si](C)(C)C)[Si](C)(C)C)(c1cc(cc(c1)[Si](C)(C)C)[Si](C)(C)C)c1cc(cc(c1)[Si](C)(C)C)[Si](C)(C)C)(c1cc(cc(c1)[Si](C)(C)C)[Si](C)(C)C)c1cc(cc(c1)[Si](C)(C)C)[Si](C)(C)C)[Si](C)(C)C,[13],[],7.138233390435194e-31
21,bottom,CC(C)(C)c1cc2c(OP(Oc3c2cc(cc3C(C)(C)C)C(C)(C)C)O[Si]2(O[Si]3(O[Si](OP4Oc5c(cc(cc5C(C)(C)C)C(C)(C)C)c5cc(cc(c5O4)C(C)(C)C)C(C)(C)C)(O[Si]4(O[Si](O3)(O[Si](O2)(O[Si](O4)(O[Si](C)(c2ccccc2)c2ccccc2)C2CCCC2)C2CCCC2)C2CCCC2)C2CCCC2)C2CCCC2)C2CCCC2)C2CCCC2)c(c1)C(C)(C)C,"[9, 32]",[],4.200087812194618e-24
21,bottom,C[Si](O[Si]1(O[Si]2(O[Si](OP(c3ccccc3)c3ccccc3)(O[Si]3(O[Si](OP(c4ccccc4)c4ccccc4)(O[Si](O[Si](O3)(O2)C2CCCC2)(O1)C1CCCC1)C1CCCC1)C1CCCC1)C1CCCC1)C1CCCC1)C1CCCC1)(c1ccccc1)c1ccccc1,"[27, 9]","[{'functional_group': 'aldehyde', 'smiles_inds': [78]}, {'functional_group': 'phosphonate', 'smiles_inds': [38]}]",1.8722735457096866e-19
21,bottom,C[Si](C)(C)C(c1cc(C([Si](C)(C)C)[Si](C)(C)C)c(Sc2ccccc2Sc2ccccc2Sc2ccccc2Sc2c(cc(cc2C([Si](C)(C)C)[Si](C)(C)C)C([Si](C)(C)C)[Si](C)(C)C)C([Si](C)(C)C)[Si](C)(C)C)c(c1)C([Si](C)(C)C)[Si](C)(C)C)[Si](C)(C)C,"[25, 32]","[{'functional_group': 'aldehyde', 'smiles_inds': [12]}, {'functional_group': 'phosphonate', 'smiles_inds': [4]}]",1.0606590412546885e-18
21,bottom,C[Si](C)(C)C(c1cc(C([Si](C)(C)C)[Si](C)(C)C)c(Sc2ccccc2[Se]c2ccccc2[Se]c2ccccc2Sc2c(cc(cc2C([Si](C)(C)C)[Si](C)(C)C)C([Si](C)(C)C)[Si](C)(C)C)C([Si](C)(C)C)[Si](C)(C)C)c(c1)C([Si](C)(C)C)[Si](C)(C)C)[Si](C)(C)C,"[25, 32]","[{'functional_group': 'iodo', 'smiles_inds': [58]}]",3.607995367002918e-18
21,bottom,C[Si](C)(C)C(c1cc(C([Si](C)(C)C)[Si](C)(C)C)c([Se]c2ccccc2Sc2ccccc2Sc2ccccc2[Se]c2c(cc(cc2C([Si](C)(C)C)[Si](C)(C)C)C([Si](C)(C)C)[Si](C)(C)C)C([Si](C)(C)C)[Si](C)(C)C)c(c1)C([Si](C)(C)C)[Si](C)(C)C)[Si](C)(C)C,"[25, 32]","[{'functional_group': 'phosphonate', 'smiles_inds': [49]}, {'functional_group': 'carboxyl', 'smiles_inds': [2]}]",4.975876204710924e-18
21,bottom,CC(C)(C)P(P1P2P3P2P(P1P3P(C(C)(C)C)C(C)(C)C)P(C(C)(C)C)C(C)(C)C)C(C)(C)C,[6],[],7.05304918238506e-18
21,bottom,C[Si](C)(C)c1cc(cc(c1)[Si](C)(C)C)C(C(=O)Nc1cccc(NC(=O)C(c2cc(cc(c2)[Si](C)(C)C)[Si](C)(C)C)(c2cc(cc(c2)[Si](C)(C)C)[Si](C)(C)C)c2cc(cc(c2)[Si](C)(C)C)[Si](C)(C)C)c1[S-])(c1cc(cc(c1)[Si](C)(C)C)[Si](C)(C)C)c1cc(cc(c1)[Si](C)(C)C)[Si](C)(C)C,"[70, 16]",[],8.572801937440716e-18
21,bottom,C[Si](C)(C)c1cc(cc(c1)[Si](C)(C)C)C(C(=O)Nc1cccc(NC(=O)C(c2cc(cc(c2)[Si](C)(C)C)[Si](C)(C)C)(c2cc(cc(c2)[Si](C)(C)C)[Si](C)(C)C)c2cc(cc(c2)[Si](C)(C)C)[Si](C)(C)C)c1[S-])(c1cc(cc(c1)[Si](C)(C)C)[Si](C)(C)C)c1cc(cc(c1)[Si](C)(C)C)[Si](C)(C)C,"[70, 16]","[{'functional_group': 'carboxylate', 'smiles_inds': [93]}]",2.5566980642547142e-17
21,bottom,CC(C)N(B1P2B(N(C(C)C)C(C)C)P1B2N1C(C)(C)CCCC1(C)C)C(C)C,[5],"[{'functional_group': 'amino', 'smiles_inds': [1]}, {'functional_group': 'ethyl', 'smiles_inds': [8]}]",1.1022208782777773e-16
21,bottom,CC(C)(C)P1P2P(P(P1C(C)(C)C)C(C)(C)C)P(P(P2C(C)(C)C)C(C)(C)C)C(C)(C)C,"[17, 4]","[{'functional_group': 'phenyl', 'smiles_inds': [26]}]",1.1471846106632328e-16
21,bottom,CC(C)(C)P1P2P(P(P1C(C)(C)C)C(C)(C)C)P(P(P2C(C)(C)C)C(C)(C)C)C(C)(C)C,"[17, 4]",[],2.32359534084209e-16
21,bottom,CC(C)C[Si]12O[Si]3(CCC[NH+]=Cc4ccccc4[O-])O[Si]4(CC(C)C)O[Si](CC(C)C)(O1)O[Si]1(CC(C)C)O[Si](CC(C)C)(O2)O[Si](CC(C)C)(O3)O[Si](CC(C)C)(O4)O1,[18],"[{'functional_group': 'methyl_ester', 'smiles_inds': [57]}, {'functional_group': 'chloro', 'smiles_inds': [54]}]",3.37109183606238e-16
21,bottom,CC(C)C[Si]12O[Si]3(CCC[NH+]=Cc4ccccc4[O-])O[Si]4(CC(C)C)O[Si](CC(C)C)(O1)O[Si]1(CC(C)C)O[Si](CC(C)C)(O2)O[Si](CC(C)C)(O3)O[Si](CC(C)C)(O4)O1,[18],"[{'functional_group': 'carboxyl', 'smiles_inds': [1]}, {'functional_group': 'ketone', 'smiles_inds': [22]}]",5.573721152572561e-16
21,bottom,CC(C)C[Si]12O[Si]3(CCCNC(=O)OCCc4ccc(OC(C)C)c([CH2-])c4)O[Si]4(CC(C)C)O[Si](CC(C)C)(O1)O[Si]1(CC(C)C)O[Si](CC(C)C)(O2)O[Si](CC(C)C)(O3)O[Si](CC(C)C)(O4)O1,"[25, 20]","[{'functional_group': '2-methylbenzoic_acid', 'smiles_inds': [50]}, {'functional_group': 'ethyl', 'smiles_inds': [15]}]",7.833326822015588e-16
21,bottom,CC(C)C[Si]12O[Si]3(CCC[NH+]=Cc4ccccc4[O-])O[Si]4(CC(C)C)O[Si](CC(C)C)(O1)O[Si]1(CC(C)C)O[Si](CC(C)C)(O2)O[Si](CC(C)C)(O3)O[Si](CC(C)C)(O4)O1,[18],[],8.94935251457158e-16
21,bottom,CC(C)C[Si]12O[Si]3(CCCN=Cc4cc(cc(c4[O-])C(C)(C)C)C(C)(C)C)O[Si]4(CC(C)C)O[Si](CC(C)C)(O1)O[Si]1(CC(C)C)O[Si](CC(C)C)(O2)O[Si](CC(C)C)(O3)O[Si](CC(C)C)(O4)O1,"[18, 10]",[],3.2458825771904274e-15
21,bottom,CC(C)(C)P1P(P2P(P(P2C(C)(C)C)C(C)(C)C)C(C)(C)C)P(P1C(C)(C)C)C(C)(C)C,"[7, 4]",[],3.6094028152041266e-15
21,bottom,CC(C)C[Si]12O[Si]3(CCCNc4ccccc4)O[Si]4(CC(C)C)O[Si](CC(C)C)(O1)O[Si]1(CC(C)C)O[Si](CC(C)C)(O2)O[Si](CC(C)C)(O3)O[Si](CC(C)C)(O4)O1,[10],"[{'functional_group': 'cyanimide', 'smiles_inds': [3]}]",4.382739709794851e-15
21,bottom,C[Si](C)(C)P1PP2PP(P1P2[Si](C)(C)C)[Si](C)(C)C,"[7, 5]","[{'functional_group': 'amino', 'smiles_inds': [3]}]",4.639606774660612e-15
21,median,CC(C)(C)c1cccc2C=C(C(=N)Oc12)C1=Nc2ccccc2N1,"[12, 16]","[{'functional_group': 'carbonyl', 'smiles_inds': [3]}, {'functional_group': 'amino', 'smiles_inds': [19]}]",0.39551320828491127
21,median,CCNC([S-])=NN=C(C)C1=CC=CO1,"[4, 13, 6]","[{'functional_group': 'carbonyl', 'smiles_inds': [1]}, {'functional_group': 'cyanimide', 'smiles_inds': [11]}]",0.3955273226850847
21,median,CCN(CC)Cc1cccc(n1)C1N=CC=CN1C,"[17, 2, 13]",[],0.395560684084731
21,median,C[NH2+]C(C1=NC=CN1)C1=NC=CN1,"[4, 9]","[{'functional_group': 'trichloro', 'smiles_inds': [10]}]",0.3956004123119485
21,median,CC1CCc2cc(F)cc3C(=O)C(=CN1c23)C(=O)[O-],"[18, 11]",[],0.3957060754581647
21,median,N1C=CN=C1c1ccccn1,"[10, 3]","[{'functional_group': 'aldehyde', 'smiles_inds': [9]}, {'functional_group': 'cyano', 'smiles_inds': [2]}, {'functional_group': 'phosphonate', 'smiles_inds': [8]}]",0.39573588140797145
21,median,CSC(=[N-])N=Nc1ccccc1,"[5, 3]","[{'functional_group': 'amino', 'smiles_inds': [9]}, {'functional_group': 'phosphonate', 'smiles_inds': [0]}, {'functional_group': 'chloro', 'smiles_inds': [8]}]",0.3957713056639214
21,median,Cc1nccc2ccccc12,[2],"[{'functional_group': 'phenyl', 'smiles_inds': [0]}]",0.3958166982200406
21,median,C[CH-]C(C)N(C)C,"[4, 1]",[],0.39584069616119816
21,median,Nc1ccc2C(=O)N(CCN(Cc3ccccn3)Cc3ccccn3)C(=O)c2c1,"[17, 24, 10]",[],0.3958838517966635
21,median,C1CCC(N=Cc2ccc3ccc4ccccc4c3n2)C(C1)N=Cc1ccc2ccc3ccccc3c2n1,"[19, 22, 4]",[],0.39593358185607724
21,median,CC(=C=C)C([O-])c1ccccn1,"[5, 11]","[{'functional_group': 'phosphonate', 'smiles_inds': [9]}]",0.39599758589904677
21,median,PC12CC3CC(CC(C3)C1)C2,[0],"[{'functional_group': 'methyl_ester', 'smiles_inds': [9]}]",0.3960089989931117
21,median,COC(=O)C(C)=C,[3],[],0.3960112328770091
21,median,Cc1cccnc1N=C1[N-]C(=Nc2ncccc2C)c2ccccc12,"[9, 5, 13]","[{'functional_group': 'cyano', 'smiles_inds': [15]}, {'functional_group': 'ethyl_ester', 'smiles_inds': [16]}]",0.3960164390573719
21,median,CCC1=C([O-])C([O-])(N2C=CC=N2)c2ccccc2C1=O,"[6, 11, 4]","[{'functional_group': 'methyl_ester', 'smiles_inds': [9]}, {'functional_group': 'amide', 'smiles_inds': [8]}]",0.3960378542217692
21,median,CC(N=Cc1ccccc1[O-])c1ccccn1,"[10, 16, 2]","[{'functional_group': 'carbonyl', 'smiles_inds': [13]}, {'functional_group': 'amino', 'smiles_inds': [15]}]",0.39604243797729444
21,median,Cc1cccc(CN2CCNCCN(CCNCC2)Cc2cccc(C)n2)n1,"[27, 26, 10, 7, 13, 16]",[],0.39605949804527746
21,median,CN(C)c1nc(Sc2ccccn2)nc(n1)N(C)C,"[1, 13]","[{'functional_group': 'ethyl_ester', 'smiles_inds': [2]}]",0.3960721435124572
21,median,CCN1C(=S)N(CC)C(=C1C)C,[4],"[{'functional_group': 'carboxylate', 'smiles_inds': [0]}]",0.39617220793291885
21,top,C[Si](C)(C)[Si](N)([Si](C)(C)C)[Si](C)(C)C,[5],"[{'functional_group': 'ethyl', 'smiles_inds': [7]}]",0.999992546060921
21,top,O=C(NCCN(CCNC(=O)C1=CC=CC(=O)N1[O-])CCNC(=O)C1=CC=CC(=O)N1[O-])C1=CC=CC(=O)N1[O-],"[37, 39, 16, 18, 29, 31]",[],0.999993075980589
21,top,C[Si](C)(C)[Si](C([O-])c1ccccn1)([Si](C)(C)C)[Si](C)(C)C,"[6, 12]",[],0.9999941320913343
21,top,CC(C)(C)N1[Se][Se]N([Se]N([Se]1)C(C)(C)C)C(C)(C)C,"[8, 10]",[],0.9999949038882453
21,top,CCC1=C(CC)C2=C3[N-]C(=C4N=C(C(=C4CC)CC)C4=NC(=C5[N-]C(=C6N=C(C(=C6CC)CC)C1=N2)C(=C5CC)CC)C(=C4CC)CC)C(=C3CC)CC,"[35, 8, 11, 20, 23, 26]",[],0.9999959175344416
21,top,C[Si](C)(C)[Si](N)([Si](C)(C)C)[Si](C)(C)C,[5],"[{'functional_group': 'hydroxyl', 'smiles_inds': [0]}]",0.9999967648155869
21,top,C[Si](C)(C)[Si]([N-]c1cccc2cccnc12)([N-]c1cccc2cccnc12)[Si](C)(C)C,"[14, 5, 16]",[],0.9999974917878893
21,top,C[Te]CC(C)(C[Te]C)C[Te]C,"[1, 6, 9]","[{'functional_group': 'carbonyl', 'smiles_inds': [10]}]",0.9999992354353854
21,top,CC(C)[Si](C(C)C)(C(C)C)[Si](F)([Si](C)(C)C)[Si](F)([Si](C)(C)C)[Si](C(C)C)(C(C)C)C(C)C,"[17, 11]","[{'functional_group': 'ketone', 'smiles_inds': [13]}]",0.9999998601666993
21,top,N1C2=CC=C1C(=C1NC(=C(C3=CC=C(N3)C(=C3NC(=C2c2cc[nH+]cc2)C=C3)c2ccncc2)c2ccncc2)C=C1)c1ccncc1,[31],[],0.9999999139692762
21,top,CC(C)[Si](C(C)C)(C(C)C)[Si](F)([Si](C)(C)C)[Si](F)([Si](C)(C)C)[Si](C(C)C)(C(C)C)C(C)C,"[17, 11]",[],0.9999999172031364
21,top,C[Te]CC(C)(C[Te]C)C[Te]C,"[1, 6, 9]",[],0.999999936272053
21,top,C[Si](C)(C)[Si]1([Si](C)(C)C)[Si](C)(C)[Si](C)(C)[Si-](C(=O)C23CC4CC(CC(C4)C2)C3)[Si](C)(C)[Si]1(C)C,"[17, 15]",[],0.9999999996741256
21,top,C[Si](C)(C)[Si]1([Ge][Si]([Si](C)(C)C)([Si](C)(C)C)[Si]1(C)C)[Si](C)(C)C,[5],"[{'functional_group': 'cyano', 'smiles_inds': [2]}, {'functional_group': 'methyl', 'smiles_inds': [9]}]",0.9999999999803995
21,top,CC(C)(C)[Si](C)([Si]12[Ge][Si]1([Si](C)(C(C)(C)C)C(C)(C)C)[Si]2([Si](C)(C(C)(C)C)C(C)(C)C)[Si](C)(C(C)(C)C)C(C)(C)C)C(C)(C)C,[7],[],0.9999999999972968
21,top,CC(C)(C)[Si](C)([Si]12[Ge][Si]1([Si](C)(C(C)(C)C)C(C)(C)C)[Si]2([Si](C)(C(C)(C)C)C(C)(C)C)[Si](C)(C(C)(C)C)C(C)(C)C)C(C)(C)C,[7],"[{'functional_group': 'thiol', 'smiles_inds': [0]}, {'functional_group': 'ketone', 'smiles_inds': [35]}]",0.9999999999993894
21,top,C[Si](C)(C)[Si]1([Ge][Si]([Si](C)(C)C)([Si](C)(C)C)[Si](C)(C)[Si]1(C)C)[Si](C)(C)C,[5],[],0.9999999999998594
21,top,Cl[Si](Cl)(Cl)[Ge]([Si](Cl)(Cl)Cl)[Si](Cl)(Cl)Cl,[4],[],0.9999999999999976
21,top,C[Si](C)(C)[Si]([Si](C)(C)C)([Si](C)(C)C)[Si](C)(O)[Si](C)([O-])[Si]([Si](C)(C)C)([Si](C)(C)C)[Si](C)(C)C,"[15, 18]",[],1.0
21,top,C[Si](C)(C)[Si]1([Sb][Si]([Si](C)(C)C)([Si](C)(C)[Si]1(C)C)[Si]([Si](C)(C)C)([Si](C)(C)C)[Si](C)(C)C)[Si](C)(C)C,[5],[],1.0
22,bottom,C[Si](C)(C)c1cc(cc(c1)[Si](C#CP(C#C[Si](c1cc(cc(c1)[Si](C)(C)C)[Si](C)(C)C)(c1cc(cc(c1)[Si](C)(C)C)[Si](C)(C)C)c1cc(cc(c1)[Si](C)(C)C)[Si](C)(C)C)C#C[Si](c1cc(cc(c1)[Si](C)(C)C)[Si](C)(C)C)(c1cc(cc(c1)[Si](C)(C)C)[Si](C)(C)C)c1cc(cc(c1)[Si](C)(C)C)[Si](C)(C)C)(c1cc(cc(c1)[Si](C)(C)C)[Si](C)(C)C)c1cc(cc(c1)[Si](C)(C)C)[Si](C)(C)C)[Si](C)(C)C,[13],"[{'functional_group': '2-methylbenzoic_acid', 'smiles_inds': [111]}, {'functional_group': 'carboxyllic_acid', 'smiles_inds': [116]}, {'functional_group': 'chloro', 'smiles_inds': [134]}]",5.1563960844011155e-30
22,bottom,C[Si](C)(C)c1cc(cc(c1)[Si](C#CP(C#C[Si](c1cc(cc(c1)[Si](C)(C)C)[Si](C)(C)C)(c1cc(cc(c1)[Si](C)(C)C)[Si](C)(C)C)c1cc(cc(c1)[Si](C)(C)C)[Si](C)(C)C)C#C[Si](c1cc(cc(c1)[Si](C)(C)C)[Si](C)(C)C)(c1cc(cc(c1)[Si](C)(C)C)[Si](C)(C)C)c1cc(cc(c1)[Si](C)(C)C)[Si](C)(C)C)(c1cc(cc(c1)[Si](C)(C)C)[Si](C)(C)C)c1cc(cc(c1)[Si](C)(C)C)[Si](C)(C)C)[Si](C)(C)C,[13],"[{'functional_group': 'carboxylate', 'smiles_inds': [54]}]",8.144020767878664e-29
22,bottom,Cc1cc(C)c(B(CCCP(CCCB(c2c(C)cc(C)cc2C)c2c(C)cc(C)cc2C)CCP(CCCB(c2c(C)cc(C)cc2C)c2c(C)cc(C)cc2C)CCCB(c2c(C)cc(C)cc2C)c2c(C)cc(C)cc2C)c2c(C)cc(C)cc2C)c(C)c1,"[35, 10]","[{'functional_group': 'aldehyde', 'smiles_inds': [52]}, {'functional_group': 'iodo', 'smiles_inds': [86]}]",5.579121065603545e-23
22,bottom,CP(CCP(C)c1c(cc(cc1C([Si](C)(C)C)[Si](C)(C)C)C([Si](C)(C)C)([Si](C)(C)C)[Si](C)(C)C)C([Si](C)(C)C)[Si](C)(C)C)c1c(cc(cc1C([Si](C)(C)C)[Si](C)(C)C)C([Si](C)(C)C)([Si](C)(C)C)[Si](C)(C)C)C([Si-](C)C)[Si](C)(C)C,"[4, 72, 1]","[{'functional_group': 'aldehyde', 'smiles_inds': [19]}, {'functional_group': 'ethyl_ester', 'smiles_inds': [42]}]",4.022896769047628e-19
22,bottom,CC(C)(C)c1cc2c(OP(Oc3c2cc(cc3C(C)(C)C)C(C)(C)C)O[Si]2(O[Si]3(O[Si](OP4Oc5c(cc(cc5C(C)(C)C)C(C)(C)C)c5cc(cc(c5O4)C(C)(C)C)C(C)(C)C)(O[Si]4(O[Si](O3)(O[Si](O2)(O[Si](O4)(O[Si](C)(c2ccccc2)c2ccccc2)C2CCCC2)C2CCCC2)C2CCCC2)C2CCCC2)C2CCCC2)C2CCCC2)C2CCCC2)c(c1)C(C)(C)C,"[9, 32]",[],6.841553364733991e-19
22,bottom,CC(C)(C)c1cc2c(OP(Oc3c2cc(cc3C(C)(C)C)C(C)(C)C)O[Si]2(O[Si]3(O[Si](OP4Oc5c(cc(cc5C(C)(C)C)C(C)(C)C)c5cc(cc(c5O4)C(C)(C)C)C(C)(C)C)(O[Si]4(O[Si](O3)(O[Si](O2)(O[Si](O4)(O[Si](C)(c2ccccc2)c2ccccc2)C2CCCC2)C2CCCC2)C2CCCC2)C2CCCC2)C2CCCC2)C2CCCC2)C2CCCC2)c(c1)C(C)(C)C,"[9, 32]","[{'functional_group': 'carboxyl', 'smiles_inds': [56]}]",7.206054853908355e-19
22,bottom,CP(CCP(C)c1c(cc(cc1C([Si](C)(C)C)[Si](C)(C)C)C([Si](C)(C)C)([Si](C)(C)C)[Si](C)(C)C)C([Si](C)(C)C)[Si](C)(C)C)c1c(cc(cc1C([Si](C)(C)C)[Si](C)(C)C)C([Si](C)(C)C)([Si](C)(C)C)[Si](C)(C)C)C([Si-](C)C)[Si](C)(C)C,"[4, 72, 1]",[],9.571921434076305e-19
22,bottom,CP(CCP(C)c1c(cc(cc1C([Si](C)(C)C)[Si](C)(C)C)C([Si](C)(C)C)([Si](C)(C)C)[Si](C)(C)C)C([Si](C)(C)C)[Si](C)(C)C)c1c(cc(cc1C([Si](C)(C)C)[Si](C)(C)C)C([Si](C)(C)C)([Si](C)(C)C)[Si](C)(C)C)C([Si-](C)C)[Si](C)(C)C,"[4, 72, 1]","[{'functional_group': 'carboxyl', 'smiles_inds': [61]}]",1.0081890359403395e-18
22,bottom,CC(C)(C)P(P1P2P3P2P(P1P3P(C(C)(C)C)C(C)(C)C)P(C(C)(C)C)C(C)(C)C)C(C)(C)C,[6],[],1.895039098227156e-16
22,bottom,CC(C)N(B1P2B(N(C(C)C)C(C)C)P1B2N1C(C)(C)CCCC1(C)C)C(C)C,[5],"[{'functional_group': 'amide', 'smiles_inds': [25]}]",3.790590792328249e-16
22,bottom,CC(C)N(B1P2B(N(C(C)C)C(C)C)P1B2N1C(C)(C)CCCC1(C)C)C(C)C,[5],"[{'functional_group': 'tribromo', 'smiles_inds': [24]}, {'functional_group': '2-methylbenzoic_acid', 'smiles_inds': [18]}]",5.220465812181858e-16
22,bottom,CC(C)(C)P1P2P3P2P2P1P3P(P2C(C)(C)C)C(C)(C)C,[4],"[{'functional_group': 'ethyl_ester', 'smiles_inds': [0]}]",3.323504614396473e-15
22,bottom,C[Si](C)(C)C(c1cc(C([Si](C)(C)C)[Si](C)(C)C)c([Se]c2ccccc2Sc2ccccc2Sc2ccccc2[Se]c2c(cc(cc2C([Si](C)(C)C)[Si](C)(C)C)C([Si](C)(C)C)[Si](C)(C)C)C([Si](C)(C)C)[Si](C)(C)C)c(c1)C([Si](C)(C)C)[Si](C)(C)C)[Si](C)(C)C,"[25, 32]",[],5.005997754488974e-15
22,bottom,C[Si](C)(C)C(c1cc(C([Si](C)(C)C)[Si](C)(C)C)c([Se]c2ccccc2Sc2ccccc2Sc2ccccc2[Se]c2c(cc(cc2C([Si](C)(C)C)[Si](C)(C)C)C([Si](C)(C)C)[Si](C)(C)C)C([Si](C)(C)C)[Si](C)(C)C)c(c1)C([Si](C)(C)C)[Si](C)(C)C)[Si](C)(C)C,"[25, 32]","[{'functional_group': 'carboxyllic_acid', 'smiles_inds': [14]}]",5.272705260670312e-15
22,bottom,CC(C)(C)P1P2P3P2P2P1P3P(P2C(C)(C)C)C(C)(C)C,[4],[],6.147219333721307e-15
22,bottom,CC(C)C(C)B(CCCN1C=CN([CH-]1)c1cccc(n1)N1C=CN(CCCB(C(C)C(C)C)C(C)C(C)C)[CH-]1)C(C)C(C)C,"[12, 38, 13]","[{'functional_group': 'iodo', 'smiles_inds': [7]}, {'functional_group': 'trichloro', 'smiles_inds': [4]}, {'functional_group': 'ether', 'smiles_inds': [33]}]",8.49774682802672e-15
22,bottom,CC(C)(C)P(P1P(P(P1C(C)(C)C)C(C)(C)C)C(C)(C)C)P1P(P(P1C(C)(C)C)C(C)(C)C)C(C)(C)C,[4],"[{'functional_group': 'hydroxyl', 'smiles_inds': [26]}, {'functional_group': 'carboxyllic_acid', 'smiles_inds': [16]}]",1.3237751515135986e-14
22,bottom,C[Si](C)(C)P1PP2PP(P1P2[Si](C)(C)C)[Si](C)(C)C,"[7, 5]",[],1.831232895760613e-14
22,bottom,CCCC[P](CCCC)(CCCC)CCP(CCP(CCP(CC[P](CCCC)(CCCC)CCCC)CC[P](CCCC)(CCCC)CCCC)c1ccccc1)CC[P](CCCC)(CCCC)CCCC,"[15, 18, 21]","[{'functional_group': 'trichloro', 'smiles_inds': [46]}]",5.186511180764952e-14
22,bottom,IP(I)P1P(P(I)I)P1P(I)I,"[1, 5, 9]",[],6.775432120425332e-14
22,median,CC12CNCCNCC([NH2+]CC3=CSC=C3)(CNCCNC1)CNCCNC2,"[17, 26, 20, 6, 23, 3]","[{'functional_group': 'ethyl_ester', 'smiles_inds': [4]}, {'functional_group': 'methyl', 'smiles_inds': [22]}, {'functional_group': 'iodo', 'smiles_inds': [14]}]",0.3829155521659875
22,median,OC(=O)CSCCSCC(=O)[O-],"[7, 4]","[{'functional_group': '2-hydroxypyridine', 'smiles_inds': [0]}, {'functional_group': 'aldehyde', 'smiles_inds': [3]}, {'functional_group': 'phosphonate', 'smiles_inds': [8]}]",0.38291861047063547
22,median,Cc1cc2C[NH2+]CC[NH2+]Cc3cc(C)cc(CN(CCCN(Cc4ccccn4)Cc(c1)c2[O-])Cc1ccccn1)c3[O-],"[33, 42, 17, 21, 28, 40]","[{'functional_group': 'cyano', 'smiles_inds': [2]}]",0.3829497116280027
22,median,OP(=O)([O-])CN1CCCN(CCN(CCCN(CC1)CC(F)(F)F)CP(=O)([O-])[O-])CC(F)(F)F,"[5, 3, 16, 27, 12, 9]","[{'functional_group': 'trichloro', 'smiles_inds': [7]}]",0.38300238884666926
22,median,CC(C)(C)c1cc(C=Nc2ccccc2[O-])c([O-])c(c1)C(C)(C)C,"[8, 17, 15]","[{'functional_group': 'ketone', 'smiles_inds': [11]}]",0.3830798293013336
22,median,Brc1ccc(cc1)C1=Pc2ccccc2O1,[8],[],0.38310230868939193
22,median,FC(F)(F)c1ccc(cc1)C1=NN=C(O1)c1ccccc1[O-],"[12, 21]","[{'functional_group': 'amide', 'smiles_inds': [16]}, {'functional_group': 'phosphonate', 'smiles_inds': [9]}, {'functional_group': '2-methylbenzoic_acid', 'smiles_inds': [8]}, {'functional_group': 'chloro', 'smiles_inds': [5]}]",0.38312185650504854
22,median,CC(=N)N1C=CC=N1,"[7, 2]","[{'functional_group': 'ether', 'smiles_inds': [6]}, {'functional_group': 'ketone', 'smiles_inds': [0]}, {'functional_group': 'cyanimide', 'smiles_inds': [4]}]",0.3832016870943948
22,median,CSC(=S)N(C)[N-]C(=O)C([N-]C(=O)OCc1ccccc1)C(C)C,"[3, 6, 10]","[{'functional_group': 'methyl', 'smiles_inds': [18]}, {'functional_group': 'ethyl', 'smiles_inds': [21]}]",0.3832094928671484
22,median,COC(=O)NC1=Nc2cc(ccc2N1)C(=O)c1ccccc1,[6],[],0.3832478077112667
22,median,CCOC(=O)C1=C(c2ccccc2)C2=NC1=C1N=C(C3=CC=C(C=C4N=C5C6=C(c7ccccc7C5=C4C(C)C)C(=C(C=C4C=CC2=N4)[N-]6)C(C)C)[N-]3)C(=C1C(=O)OCC)c1ccccc1,"[14, 17, 52, 25, 48, 47]","[{'functional_group': 'thiol', 'smiles_inds': [11]}]",0.3832915036391136
22,median,[nH+]1c2ccccc2nc2c1c1cccnc1c1ncccc21,"[14, 17]","[{'functional_group': 'carboxyl', 'smiles_inds': [20]}, {'functional_group': 'trichloro', 'smiles_inds': [13]}, {'functional_group': 'ethyl_ester', 'smiles_inds': [5]}, {'functional_group': 'trifluro', 'smiles_inds': [2]}, {'functional_group': 'amino', 'smiles_inds': [3]}]",0.38332200280870177
22,median,N#Cc1ccc(cc1)N=Cc1ccccn1,"[8, 15]",[],0.3833309426522544
22,median,C1CCN(C1)c1ccncc1,[3],[],0.3833353264021785
22,median,Cc1ccnc(c1)c1ccccn1,"[4, 12]","[{'functional_group': 'ethyl', 'smiles_inds': [11]}, {'functional_group': 'trichloro', 'smiles_inds': [3]}, {'functional_group': 'aldehyde', 'smiles_inds': [2]}, {'functional_group': '2-hydroxypyridine', 'smiles_inds': [8]}, {'functional_group': 'tribromo', 'smiles_inds': [9]}, {'functional_group': '2-hydroxypyridine', 'smiles_inds': [10]}]",0.3833534152410393
22,median,C1Cc2cccc(Cc3cccc(Cc4[nH+]c1ccc4)n3)n2,"[20, 21]","[{'functional_group': 'carboxyllic_acid', 'smiles_inds': [17]}, {'functional_group': 'cyano', 'smiles_inds': [4]}]",0.3833910146600424
22,median,FC(F)(F)c1cc(cc(c1)C(F)(F)F)c1cnc2c(ccc3cc(cnc23)c2cc(cc(c2)C(F)(F)F)C(F)(F)F)c1,"[16, 25]","[{'functional_group': 'cyanimide', 'smiles_inds': [15]}]",0.38340417708788266
22,median,FC(F)(F)c1cc(cc(c1)C(F)(F)F)c1cnc2c(ccc3cc(cnc23)c2cc(cc(c2)C(F)(F)F)C(F)(F)F)c1,"[16, 25]","[{'functional_group': 'cyanimide', 'smiles_inds': [20]}]",0.3834041770878829
22,median,FC(F)(F)c1cc(cc(c1)C(F)(F)F)c1cnc2c(ccc3cc(cnc23)c2cc(cc(c2)C(F)(F)F)C(F)(F)F)c1,"[16, 25]","[{'functional_group': 'cyanimide', 'smiles_inds': [24]}]",0.38340417708788405
22,median,CN(C)Cc1cc(cc(CN(C)C)c1Br)c1cc(nc(c1)c1ccccn1)c1ccccn1,"[18, 26, 32]",[],0.3834819093304371
22,top,COC(=N)C1=N[Se]N=C1C#N,"[3, 5]",[],0.9996746371625793
22,top,CCOC(=O)C([Se-])=C(C)N=NC(C)=C([Se-])C(=O)OCC,"[6, 14, 9]","[{'functional_group': 'cyano', 'smiles_inds': [18]}]",0.9996776111252929
22,top,[Se-]C1=C(CCCC1)N=NC1=C([Se-])CCCC1,"[0, 11, 7]","[{'functional_group': 'ethyl', 'smiles_inds': [14]}]",0.99970515590684
22,top,Cc1ccc(cc1)C(N=NC(C)(C)C)=C1C=CC([N-]1)=C(N=NC(C)(C)C)c1ccc(C)cc1,"[9, 18, 21]",[],0.9997158087578719
22,top,[Se]1N=C2C=CC=NC2=N1,[6],[],0.999735060085428
22,top,NC(CN(CCN(CC(N)=NO)CC(N)=NO)CC(N)=NO)=NO,"[22, 20, 10, 15, 3, 6]","[{'functional_group': 'carboxylate', 'smiles_inds': [9]}, {'functional_group': 'amino', 'smiles_inds': [0]}]",0.9997506907656202
22,top,CCOC(=O)C([Se-])=C(C)N=NC(C)=C([Se-])C(=O)OCC,"[6, 14, 9]",[],0.9997774326574255
22,top,[Se]1N=C2c3cccnc3c3ncccc3C2=N1,"[7, 10]",[],0.9997931246875774
22,top,[Se-]C1=C(CCCC1)N=NC1=C([Se-])CCCC1,"[0, 11, 7]",[],0.9998226775853483
22,top,[NH3+]C1C([O-])C([NH3+])C([O-])C(N)C1[O-],"[7, 11, 3]","[{'functional_group': 'carboxylate', 'smiles_inds': [1]}]",0.9998544992280765
22,top,c1ccc2C3=NC45N=C6N=C(N=C7[N-]C(=NC8(N=C9[N-]C(=NC(=N3)c2c1)c1ccccc91)[N-]C(=NC(=N4)c1ccccc51)c1ccccc81)c1ccccc71)c1ccccc61,"[32, 13, 9, 36, 23, 19]",[],0.999956487882671
22,top,[NH3+]CCCCC(NC(=O)c1cccc([O-])c1[O-])C(=O)NCCN(CCNC(=O)C(CCCC[NH3+])NC(=O)c1cccc([O-])c1[O-])CCNC(=O)C(CCCC[NH3+])NC(=O)c1cccc([O-])c1[O-],"[14, 16, 42, 44, 64, 66]",[],0.9999573584395652
22,top,c1ccc2C3=NC45N=C6N=C(N=C7[N-]C(=NC8(N=C9[N-]C(=NC(=N3)c2c1)c1ccccc91)[N-]C(=NC(=N4)c1ccccc51)c1ccccc81)c1ccccc71)c1ccccc61,"[32, 13, 9, 36, 23, 19]","[{'functional_group': 'hydroxyl', 'smiles_inds': [56]}]",0.9999630131191447
22,top,C1COCC[Te]CCOCCOCC[Te]CCO1,"[5, 14]","[{'functional_group': 'trifluro', 'smiles_inds': [6]}, {'functional_group': 'methyl', 'smiles_inds': [4]}]",0.9999686051699329
22,top,CCC1=C(CC)C2=C3[N-]C(=C4N=C(C(=C4CC)CC)C4=NC(=C5[N-]C(=C6N=C(C(=C6CC)CC)C1=N2)C(=C5CC)CC)C(=C4CC)CC)C(=C3CC)CC,"[35, 8, 11, 20, 23, 26]","[{'functional_group': 'ether', 'smiles_inds': [5]}, {'functional_group': '2-hydroxypyridine', 'smiles_inds': [38]}, {'functional_group': 'cyano', 'smiles_inds': [17]}]",0.9999943821249503
22,top,C[Te]CC(C)(C[Te]C)C[Te]C,"[1, 6, 9]","[{'functional_group': 'ketone', 'smiles_inds': [4]}, {'functional_group': 'aldehyde', 'smiles_inds': [7]}]",0.9999998845488158
22,top,C[Te]CC(C)(C[Te]C)C[Te]C,"[1, 6, 9]",[],0.9999999458993021
22,top,C[Te]CC(C)(C[Te]C)C[Te]C,"[1, 6, 9]","[{'functional_group': 'amino', 'smiles_inds': [10]}]",0.999999981995659
22,top,C[Te](C)CC(C)(C[Te](C)C)C[Te](C)C,"[1, 7, 11]",[],0.9999999999885207
22,top,Cl[Si](Cl)(Cl)[Ge]([Si](Cl)(Cl)Cl)[Si](Cl)(Cl)Cl,[4],[],0.9999999999997433
23,bottom,C1CCC(CC1)B(CCCP(CCCB(C1CCCCC1)C1CCCCC1)CCP(CCCB(C1CCCCC1)C1CCCCC1)CCCB(C1CCCCC1)C1CCCCC1)C1CCCCC1,"[10, 29]",[],2.0941481566513895e-22
23,bottom,C1CCC(CC1)B(CCCP(CCCB(C1CCCCC1)C1CCCCC1)CCP(CCCB(C1CCCCC1)C1CCCCC1)CCCB(C1CCCCC1)C1CCCCC1)C1CCCCC1,"[10, 29]","[{'functional_group': 'carboxyl', 'smiles_inds': [42]}]",2.177155683184818e-22
23,bottom,CC(C)(C)c1cc2c(OP(Oc3c2cc(cc3C(C)(C)C)C(C)(C)C)O[Si]2(O[Si]3(O[Si](OP4Oc5c(cc(cc5C(C)(C)C)C(C)(C)C)c5cc(cc(c5O4)C(C)(C)C)C(C)(C)C)(O[Si]4(O[Si](O3)(O[Si](O2)(O[Si](O4)(O[Si](C)(c2ccccc2)c2ccccc2)C2CCCC2)C2CCCC2)C2CCCC2)C2CCCC2)C2CCCC2)C2CCCC2)C2CCCC2)c(c1)C(C)(C)C,"[9, 32]",[],3.7273358476420957e-19
23,bottom,CP(CCP(C)c1c(cc(cc1C([Si](C)(C)C)[Si](C)(C)C)C([Si](C)(C)C)([Si](C)(C)C)[Si](C)(C)C)C([Si](C)(C)C)[Si](C)(C)C)c1c(cc(cc1C([Si](C)(C)C)[Si](C)(C)C)C([Si](C)(C)C)([Si](C)(C)C)[Si](C)(C)C)C([Si-](C)C)[Si](C)(C)C,"[4, 72, 1]",[],1.5760372961462404e-18
23,bottom,C[Si](C)(C)c1cc(cc(c1)[Si](C)(C)C)C(C(=O)Nc1cccc(NC(=O)C(c2cc(cc(c2)[Si](C)(C)C)[Si](C)(C)C)(c2cc(cc(c2)[Si](C)(C)C)[Si](C)(C)C)c2cc(cc(c2)[Si](C)(C)C)[Si](C)(C)C)c1[S-])(c1cc(cc(c1)[Si](C)(C)C)[Si](C)(C)C)c1cc(cc(c1)[Si](C)(C)C)[Si](C)(C)C,"[70, 16]",[],2.534524607676456e-16
23,bottom,C[Si](C)(C)P1PP2PP(P1P2[Si](C)(C)C)[Si](C)(C)C,"[7, 5]","[{'functional_group': 'phosphonate', 'smiles_inds': [17]}, {'functional_group': 'trichloro', 'smiles_inds': [2]}, {'functional_group': 'cyanimide', 'smiles_inds': [12]}]",4.004616079546109e-15
23,bottom,CC(C)(C)P1P2P(P(P1C(C)(C)C)C(C)(C)C)P(P(P2C(C)(C)C)C(C)(C)C)C(C)(C)C,"[17, 4]","[{'functional_group': '2-methylbenzoic_acid', 'smiles_inds': [12]}]",4.377224671652956e-15
23,bottom,C[Si](C)(C)C(c1cc(C([Si](C)(C)C)[Si](C)(C)C)c([Se]c2ccccc2Sc2ccccc2Sc2ccccc2[Se]c2c(cc(cc2C([Si](C)(C)C)[Si](C)(C)C)C([Si](C)(C)C)[Si](C)(C)C)C([Si](C)(C)C)[Si](C)(C)C)c(c1)C([Si](C)(C)C)[Si](C)(C)C)[Si](C)(C)C,"[25, 32]",[],5.8525275622568176e-15
23,bottom,C[Si](C)(C)C(c1cc(C([Si](C)(C)C)[Si](C)(C)C)c(Sc2ccccc2[Se]c2ccccc2[Se]c2ccccc2Sc2c(cc(cc2C([Si](C)(C)C)[Si](C)(C)C)C([Si](C)(C)C)[Si](C)(C)C)C([Si](C)(C)C)[Si](C)(C)C)c(c1)C([Si](C)(C)C)[Si](C)(C)C)[Si](C)(C)C,"[25, 32]","[{'functional_group': 'carboxyllic_acid', 'smiles_inds': [79]}]",6.084509160774101e-15
23,bottom,C[Si](C)(C)C(c1cc(C([Si](C)(C)C)[Si](C)(C)C)c([Se]c2ccccc2[Se]c2ccccc2[Se]c2ccccc2[Se]c2c(cc(cc2C([Si](C)(C)C)[Si](C)(C)C)C([Si](C)(C)C)[Si](C)(C)C)C([Si](C)(C)C)[Si](C)(C)C)c(c1)C([Si](C)(C)C)[Si](C)(C)C)[Si](C)(C)C,"[25, 32]",[],1.6962970239942413e-14
23,bottom,C[Si](O[Si]1(O[Si]2(O[Si](OP(c3ccccc3)c3ccccc3)(O[Si]3(O[Si](OP(c4ccccc4)c4ccccc4)(O[Si](O[Si](O3)(O2)C2CCCC2)(O1)C1CCCC1)C1CCCC1)C1CCCC1)C1CCCC1)C1CCCC1)C1CCCC1)(c1ccccc1)c1ccccc1,"[27, 9]",[],4.344776140254077e-14
23,bottom,CC(C)(C)P1P2P3P2P2P1P3P(P2C(C)(C)C)C(C)(C)C,[4],"[{'functional_group': 'tribromo', 'smiles_inds': [0]}, {'functional_group': 'phenyl', 'smiles_inds': [15]}]",4.472095896537013e-14
23,bottom,C[Si](C)(C)c1cc(cc(c1)[Si](C)(C)C)P(c1cc(cc(c1)[Si](C)(C)C)[Si](C)(C)C)c1ccccc1P(c1cc(cc(c1)[Si](C)(C)C)[Si](C)(C)C)c1cc(cc(c1)[Si](C)(C)C)[Si](C)(C)C,"[35, 14]","[{'functional_group': 'methyl_ester', 'smiles_inds': [32]}]",1.0707885669434637e-13
23,bottom,C[Si](C)(C)c1cc(cc(c1)[Si](C)(C)C)P(c1cc(cc(c1)[Si](C)(C)C)[Si](C)(C)C)c1ccccc1P(c1cc(cc(c1)[Si](C)(C)C)[Si](C)(C)C)c1cc(cc(c1)[Si](C)(C)C)[Si](C)(C)C,"[35, 14]",[],1.698200456831195e-13
23,bottom,CC1(C)CCCC(C)(C)N1B1P2B(N3C(C)(C)CCCC3(C)C)P1[Si]2(C)C,[11],"[{'functional_group': 'phenyl', 'smiles_inds': [3]}, {'functional_group': 'trichloro', 'smiles_inds': [15]}]",1.864598761732552e-13
23,bottom,CCCC[P](CCCC)(CCCC)CCP(CCP(CCP(CC[P](CCCC)(CCCC)CCCC)CC[P](CCCC)(CCCC)CCCC)c1ccccc1)CC[P](CCCC)(CCCC)CCCC,"[15, 18, 21]","[{'functional_group': 'aldehyde', 'smiles_inds': [7]}]",2.0761866731070598e-13
23,bottom,CC(C)(C)c1cc2c(OP(Oc3c2cc(cc3C(C)(C)C)C(C)(C)C)O[Si]23O[Si]4(O[Si]5(O[Si](O2)(O[Si]2(O[Si](O3)(O[Si](O4)(O[Si](O5)(O2)C2CCCC2)C2CCCC2)C2CCCC2)C2CCCC2)C2CCCC2)C2CCCC2)C2CCCC2)c(c1)C(C)(C)C,[9],"[{'functional_group': 'tribromo', 'smiles_inds': [20]}]",3.0246326802159787e-13
23,bottom,CCCC[P](CCCC)(CCCC)CCP(CCP(CCP(CC[P](CCCC)(CCCC)CCCC)CC[P](CCCC)(CCCC)CCCC)c1ccccc1)CC[P](CCCC)(CCCC)CCCC,"[15, 18, 21]","[{'functional_group': '2-hydroxypyridine', 'smiles_inds': [64]}]",3.941483966708011e-13
23,bottom,CC(C)N(B1B(N(C)C)P(P1C(C)(C)C)C(C)(C)C)C(C)C,[9],"[{'functional_group': '2-methylbenzoic_acid', 'smiles_inds': [19]}, {'functional_group': 'carbonyl', 'smiles_inds': [1]}]",6.076118613228041e-13
23,bottom,CC(C)(C)c1cc2c3cc(cc4c5cc(cc6c7cc(cc8c9cc(cc%10c%11cc(cc%12c(c1)c2c1c(c34)c(c56)c(c78)c(c9%10)c1c%11%12)C(C)(C)C)C(C)(C)C)C(C)(C)C)C(C)(C)C)P(c1cc2c3cc(cc4c5cc(cc6c7cc(cc8c9cc(cc%10c%11cc(cc%12c(c1)c2c1c(c34)c(c56)c(c78)c(c9%10)c1c%11%12)C(C)(C)C)C(C)(C)C)C(C)(C)C)C(C)(C)C)C(C)(C)C)c1cc2c3cc(cc4c5cc(cc6c7cc(cc8c9cc(cc%10c%11cc(cc%12c(c1)c2c1c(c34)c(c56)c(c78)c(c9%10)c1c%11%12)C(C)(C)C)C(C)(C)C)C(C)(C)C)C(C)(C)C)C(C)(C)C,[62],[],6.538786806262827e-13
23,median,CCN(CC)c1ccc2C=C(C=NN=C([O-])c3ccc(C[NH+]4CCOCC4)cc3)C(=O)Oc2c1,"[30, 15, 12]","[{'functional_group': 'thiol', 'smiles_inds': [26]}]",0.40536477464815307
23,median,CCC(C)=O,[4],[],0.4053977575104718
23,median,O=C1C=CC(=O)N1c1cccnc1,[11],[],0.4054075816538676
23,median,NCCCNC1CCCCC1,"[4, 0]","[{'functional_group': '2-hydroxypyridine', 'smiles_inds': [1]}, {'functional_group': 'phosphonate', 'smiles_inds': [10]}]",0.40541831417691576
23,median,[O-]c1ccccc1[As]1c2ccccc2Oc2ccccc12,"[7, 0]",[],0.4054196572759506
23,median,CN1C=CN(C1=C)c1ccccn1,"[1, 6]",[],0.4054512168222447
23,median,NC(C([N-]S(=O)(=O)C1=CC=CO1)c1ccccc1)c1ccccc1,"[3, 0]","[{'functional_group': 'amino', 'smiles_inds': [2]}, {'functional_group': 'amide', 'smiles_inds': [8]}]",0.40546034640179346
23,median,Fc1ccc(NC(=O)c2cccnc2)cc1,[12],[],0.4054922085198246
23,median,Fc1cccc(NC(=O)c2ccccn2)c1,"[8, 14]",[],0.40549220851982504
23,median,CN(C)CCN=C1N(c2cccc[c-]2)C(=Nc2ccccc2)C1(C)C,"[15, 1, 13]",[],0.4055029150792381
23,median,CC(C)N=Cc1cc(cc(c1[O-])C(C)(C)C)N(=O)=O,"[3, 11]","[{'functional_group': 'fluoro', 'smiles_inds': [15]}, {'functional_group': 'ethyl_ester', 'smiles_inds': [14]}]",0.4055627587831527
23,median,[O-]c1ccccc1C1=Nc2ccccc2N1c1ccccc1,"[8, 0]","[{'functional_group': 'ethyl', 'smiles_inds': [20]}]",0.4055672464184743
23,median,O=C1c2ccccc2C(=O)c2c(cccc12)N=Nc1c([O-])ccc2ccccc12,"[20, 16]",[],0.4055989129505586
23,median,O=C([O-])CN(CC(=O)[O-])CC1=CN(N=N1)c1ccc2OS(=O)(=O)C=Cc2c1,"[4, 8, 2]","[{'functional_group': 'ethyl', 'smiles_inds': [24]}, {'functional_group': 'carboxyl', 'smiles_inds': [11]}, {'functional_group': 'carboxyllic_acid', 'smiles_inds': [26]}]",0.40560383158391533
23,median,CC1(C)OC(C(O1)C([O-])(c1ccccc1)c1ccccc1)C(O)(c1ccccc1)c1ccccc1,"[22, 8]","[{'functional_group': 'carboxylate', 'smiles_inds': [11]}, {'functional_group': 'amino', 'smiles_inds': [12]}, {'functional_group': 'trifluro', 'smiles_inds': [2]}]",0.4056236242293953
23,median,CC(=N)N1C=CC=N1,"[7, 2]","[{'functional_group': 'phenyl', 'smiles_inds': [0]}, {'functional_group': 'carboxyllic_acid', 'smiles_inds': [6]}, {'functional_group': 'cyano', 'smiles_inds': [4]}]",0.40564336013410257
23,median,CC(C)CSCCNCCSCC(C)C,"[4, 10, 7]","[{'functional_group': 'amino', 'smiles_inds': [3]}, {'functional_group': 'ether', 'smiles_inds': [1]}]",0.40565184028156187
23,median,CC1OC(=S)N(C1=O)c1cccc([c-]1)P(=S)(c1ccccc1)c1ccccc1,"[13, 15, 4]",[],0.4057148701779347
23,median,NN1C(=NN=C1c1ccncc1)c1ccncc1,[9],"[{'functional_group': '2-hydroxypyridine', 'smiles_inds': [16]}, {'functional_group': 'amino', 'smiles_inds': [8]}, {'functional_group': 'aldehyde', 'smiles_inds': [10]}, {'functional_group': 'fluoro', 'smiles_inds': [0]}]",0.4057292301229475
23,median,CC(N=Cc1cc(I)cc(I)c1[O-])c1ccccc1,"[2, 12]","[{'functional_group': 'phenyl', 'smiles_inds': [3]}]",0.40574880004626324
23,top,Nc1nc([O-])c2nc(cnc2n1)C(=O)[O-],"[4, 14, 6]","[{'functional_group': 'carboxylate', 'smiles_inds': [8]}]",0.999430101113116
23,top,NC1C(O)C(N)C([O-])C(NCCNC2C(O)C(N)C(O)C(N)C2[O-])C1O,"[12, 9, 21, 5, 23, 7]",[],0.9994434460874317
23,top,NC([Se-])=NN=Cc1ccccc1[O-],"[4, 12, 2]",[],0.9994448889990496
23,top,[Se]1N=C2C=CC=NC2=N1,[6],"[{'functional_group': 'methyl', 'smiles_inds': [5]}]",0.9994528786042426
23,top,O=C(NCCNC(=O)c1ccc(C(=O)NCCNC(=O)C2=C([O-])C(=O)C=CO2)c([O-])c1[O-])C1=C([O-])C(=O)C=CO1,"[36, 34, 31, 29, 22, 24]",[],0.9995136317786208
23,top,COC(=N)C1=N[Se]N=C1C#N,"[3, 5]",[],0.9995482100441178
23,top,[Se]1N=C2C=CC=NC2=N1,[6],[],0.9996089925702072
23,top,Cc1[nH+]cc(CO)c(C=NC(C(N=Cc2c(CO)c[nH+]c(C)c2[O-])c2c(CO)cnc(C)c2[O-])c2c(CO)cnc(C)c2[O-])c1[O-],"[9, 45, 12, 23, 33, 43]","[{'functional_group': 'hydroxyl', 'smiles_inds': [2]}, {'functional_group': 'phenyl', 'smiles_inds': [37]}]",0.9996442101130233
23,top,CNC1C(O)C2NCC(C=NC3C(O)C(NC)C(O)C(NCC(C=NC(C1O)C2O)=N(=O)[O-])C3O)=N(=O)[O-],"[1, 24, 6, 15, 10, 20]","[{'functional_group': 'hydroxyl', 'smiles_inds': [12]}]",0.9996508059765822
23,top,[Se]1N=C2c3cccnc3c3ncccc3C2=N1,"[7, 10]","[{'functional_group': 'bromo', 'smiles_inds': [12]}]",0.9996645551239147
23,top,[Se-]C1=C(CCCC1)N=NC1=C([Se-])CCCC1,"[0, 11, 7]",[],0.9998387163565132
23,top,ON1N=NN=C1N=N[N-]C1=NN=NN1[O-],"[14, 8, 4]","[{'functional_group': 'carboxyllic_acid', 'smiles_inds': [0]}]",0.9998398780345976
23,top,c1ccc(cc1)C1=C2C=CC(=C(c3ccccc3)C3=CC=C4[Te]3N3C(=C(c5ccccc5)c5cccc1c5)C=CC3=C4c1ccccc1)[N-]2,"[22, 48]",[],0.9998687293710787
23,top,N#CC(N=NC1=NNC=N1)=N[N-]C1=NN=C[N-]1,"[3, 11, 9]","[{'functional_group': 'thiol', 'smiles_inds': [7]}]",0.9998777850761864
23,top,[NH3+]CCCCC(NC(=O)c1cccc([O-])c1[O-])C(=O)NCCN(CCNC(=O)C(CCCC[NH3+])NC(=O)c1cccc([O-])c1[O-])CCNC(=O)C(CCCC[NH3+])NC(=O)c1cccc([O-])c1[O-],"[14, 16, 42, 44, 64, 66]",[],0.9998813808928272
23,top,c1ccc2C3=NC45N=C6N=C(N=C7[N-]C(=NC8(N=C9[N-]C(=NC(=N3)c2c1)c1ccccc91)[N-]C(=NC(=N4)c1ccccc51)c1ccccc81)c1ccccc71)c1ccccc61,"[32, 13, 9, 36, 23, 19]",[],0.9999452227628765
23,top,CC(C)(C)N1[Se][Se]N([Se]N([Se]1)C(C)(C)C)C(C)(C)C,"[8, 10]",[],0.9999756724948181
23,top,C[Te]CC1(CC1)C[Te]C,"[1, 7]","[{'functional_group': 'cyanimide', 'smiles_inds': [4]}]",0.9999805456396866
23,top,C[Te]CC(C)(C[Te]C)C[Te]C,"[1, 6, 9]",[],0.9999998276457638
23,top,Cl[Si](Cl)(Cl)[Ge]([Si](Cl)(Cl)Cl)[Si](Cl)(Cl)Cl,[4],[],0.9999999999955473
24,bottom,C[Si](C)(C)c1cc(cc(c1)[Si](C#CP(C#C[Si](c1cc(cc(c1)[Si](C)(C)C)[Si](C)(C)C)(c1cc(cc(c1)[Si](C)(C)C)[Si](C)(C)C)c1cc(cc(c1)[Si](C)(C)C)[Si](C)(C)C)C#C[Si](c1cc(cc(c1)[Si](C)(C)C)[Si](C)(C)C)(c1cc(cc(c1)[Si](C)(C)C)[Si](C)(C)C)c1cc(cc(c1)[Si](C)(C)C)[Si](C)(C)C)(c1cc(cc(c1)[Si](C)(C)C)[Si](C)(C)C)c1cc(cc(c1)[Si](C)(C)C)[Si](C)(C)C)[Si](C)(C)C,[13],[],6.54501548414337e-28
24,bottom,CC(C)(C)c1cc2c(OP(Oc3c2cc(cc3C(C)(C)C)C(C)(C)C)O[Si]2(O[Si]3(O[Si](OP4Oc5c(cc(cc5C(C)(C)C)C(C)(C)C)c5cc(cc(c5O4)C(C)(C)C)C(C)(C)C)(O[Si]4(O[Si](O3)(O[Si](O2)(O[Si](O4)(O[Si](C)(c2ccccc2)c2ccccc2)C2CCCC2)C2CCCC2)C2CCCC2)C2CCCC2)C2CCCC2)C2CCCC2)C2CCCC2)c(c1)C(C)(C)C,"[9, 32]","[{'functional_group': 'phosphonate', 'smiles_inds': [38]}]",1.2001332234988962e-19
24,bottom,CC(C)(C)c1cc2c(OP(Oc3c2cc(cc3C(C)(C)C)C(C)(C)C)O[Si]2(O[Si]3(O[Si](OP4Oc5c(cc(cc5C(C)(C)C)C(C)(C)C)c5cc(cc(c5O4)C(C)(C)C)C(C)(C)C)(O[Si]4(O[Si](O3)(O[Si](O2)(O[Si](O4)(O[Si](C)(c2ccccc2)c2ccccc2)C2CCCC2)C2CCCC2)C2CCCC2)C2CCCC2)C2CCCC2)C2CCCC2)C2CCCC2)c(c1)C(C)(C)C,"[9, 32]",[],2.2934583012601256e-19
24,bottom,CC(C)(C)c1cc2c(OP(Oc3c2cc(cc3C(C)(C)C)C(C)(C)C)O[Si]2(O[Si]3(O[Si](OP4Oc5c(cc(cc5C(C)(C)C)C(C)(C)C)c5cc(cc(c5O4)C(C)(C)C)C(C)(C)C)(O[Si]4(O[Si](O3)(O[Si](O2)(O[Si](O4)(O[Si](C)(c2ccccc2)c2ccccc2)C2CCCC2)C2CCCC2)C2CCCC2)C2CCCC2)C2CCCC2)C2CCCC2)C2CCCC2)c(c1)C(C)(C)C,"[9, 32]","[{'functional_group': 'amino', 'smiles_inds': [41]}]",7.424892068461977e-19
24,bottom,Cc1cc(C)c(B(CCCP(CCCB(c2c(C)cc(C)cc2C)c2c(C)cc(C)cc2C)CCP(CCCB(c2c(C)cc(C)cc2C)c2c(C)cc(C)cc2C)CCCB(c2c(C)cc(C)cc2C)c2c(C)cc(C)cc2C)c2c(C)cc(C)cc2C)c(C)c1,"[35, 10]",[],6.420423917128809e-18
24,bottom,CP(CCP(C)c1c(cc(cc1C([Si](C)(C)C)[Si](C)(C)C)C([Si](C)(C)C)([Si](C)(C)C)[Si](C)(C)C)C([Si](C)(C)C)[Si](C)(C)C)c1c(cc(cc1C([Si](C)(C)C)[Si](C)(C)C)C([Si](C)(C)C)([Si](C)(C)C)[Si](C)(C)C)C([Si-](C)C)[Si](C)(C)C,"[4, 72, 1]","[{'functional_group': 'ethyl', 'smiles_inds': [70]}]",2.2931087446772235e-17
24,bottom,C[Si](C)(C)C(c1cc(C([Si](C)(C)C)[Si](C)(C)C)c(Sc2ccccc2Sc2ccccc2Sc2ccccc2Sc2c(cc(cc2C([Si](C)(C)C)[Si](C)(C)C)C([Si](C)(C)C)[Si](C)(C)C)C([Si](C)(C)C)[Si](C)(C)C)c(c1)C([Si](C)(C)C)[Si](C)(C)C)[Si](C)(C)C,"[25, 32]","[{'functional_group': 'iodo', 'smiles_inds': [63]}, {'functional_group': 'trichloro', 'smiles_inds': [74]}]",3.400192697024997e-16
24,bottom,CC(C)(C)P1P(P2P(P(P2C(C)(C)C)C(C)(C)C)C(C)(C)C)P(P1C(C)(C)C)C(C)(C)C,"[7, 4]","[{'functional_group': 'trichloro', 'smiles_inds': [16]}]",5.315862992807774e-16
24,bottom,CC(C)(C)P1P2P(P(P1C(C)(C)C)C(C)(C)C)P(P(P2C(C)(C)C)C(C)(C)C)C(C)(C)C,"[17, 4]",[],1.3468821867376021e-15
24,bottom,CC(C)(C)P1P2P3P2P2P1P3P(P2C(C)(C)C)C(C)(C)C,[4],[],3.94760604829802e-15
24,bottom,C1CCC(CC1)B(CCCP(CCCB(C1CCCCC1)C1CCCCC1)CCP(CCCB(C1CCCCC1)C1CCCCC1)CCCB(C1CCCCC1)C1CCCCC1)C1CCCCC1,"[10, 29]",[],6.480788336904921e-15
24,bottom,C[Si](O[Si]1(O[Si]2(O[Si](OP(c3ccccc3)c3ccccc3)(O[Si]3(O[Si](OP(c4ccccc4)c4ccccc4)(O[Si](O[Si](O3)(O2)C2CCCC2)(O1)C1CCCC1)C1CCCC1)C1CCCC1)C1CCCC1)C1CCCC1)C1CCCC1)(c1ccccc1)c1ccccc1,"[27, 9]",[],7.395784999913593e-15
24,bottom,CC(C)(C)c1cc2c3cc(cc4c5cc(cc6c7cc(cc8c9cc(cc%10c%11cc(cc%12c(c1)c2c1c(c34)c(c56)c(c78)c(c9%10)c1c%11%12)C(C)(C)C)C(C)(C)C)C(C)(C)C)C(C)(C)C)P(c1cc2c3cc(cc4c5cc(cc6c7cc(cc8c9cc(cc%10c%11cc(cc%12c(c1)c2c1c(c34)c(c56)c(c78)c(c9%10)c1c%11%12)C(C)(C)C)C(C)(C)C)C(C)(C)C)C(C)(C)C)C(C)(C)C)c1cc2c3cc(cc4c5cc(cc6c7cc(cc8c9cc(cc%10c%11cc(cc%12c(c1)c2c1c(c34)c(c56)c(c78)c(c9%10)c1c%11%12)C(C)(C)C)C(C)(C)C)C(C)(C)C)C(C)(C)C)C(C)(C)C,[62],"[{'functional_group': 'cyanimide', 'smiles_inds': [82]}, {'functional_group': 'bromo', 'smiles_inds': [149]}]",1.8117481049665305e-13
24,bottom,CC(C)(C)c1cc2c(OP(OC3C(CO[Si](c4ccccc4)(c4ccccc4)C(C)(C)C)OC(CO[Si](c4ccccc4)(c4ccccc4)C(C)(C)C)C3OP3Oc4c(cc(cc4C(C)(C)C)C(C)(C)C)c4cc(cc(c4O3)C(C)(C)C)C(C)(C)C)Oc3c2cc(cc3C(C)(C)C)C(C)(C)C)c(c1)C(C)(C)C,"[9, 55]","[{'functional_group': 'cyano', 'smiles_inds': [3]}]",3.2753806944808206e-13
24,bottom,Cc1cc(C)c(c(C)c1)c1cccc(c1P1SP(SP(S1)c1c(cccc1c1c(C)cc(C)cc1C)c1c(C)cc(C)cc1C)c1c(cccc1c1c(C)cc(C)cc1C)c1c(C)cc(C)cc1C)c1c(C)cc(C)cc1C,"[15, 19, 17]",[],8.407059268320897e-13
24,bottom,C[Si](C)(C)C(c1cc(C([Si](C)(C)C)[Si](C)(C)C)c([Se]c2ccccc2[Se]c2ccccc2[Se]c2ccccc2[Se]c2c(cc(cc2C([Si](C)(C)C)[Si](C)(C)C)C([Si](C)(C)C)[Si](C)(C)C)C([Si](C)(C)C)[Si](C)(C)C)c(c1)C([Si](C)(C)C)[Si](C)(C)C)[Si](C)(C)C,"[25, 32]",[],1.0866568592740604e-12
24,bottom,CCCCCC1c2cc3C(CCCCC)c4cc5C(CCCCC)c6cc7C(CCCCC)c8cc1c1OCOc2cc3OCOc4c(P(c2ccccc2)c2ccccc2)c5OCOc6cc7OCOc8c1OCc1cccc(COc2c3OCOc4cc5OCOc6c7cc8C(CCCCC)c9cc%10C(CCCCC)c(cc3C(CCCCC)c4cc5C7CCCCC)c2OCOc%10cc9OCOc8c6P(c2ccccc2)c2ccccc2)c1,"[48, 142]",[],1.1665718662167315e-12
24,bottom,C[Si](C)(C)P(PP1PP1P([Si](C)(C)C)[Si](C)(C)C)[Si](C)(C)C,"[5, 7]","[{'functional_group': 'amino', 'smiles_inds': [12]}]",2.0384028538961563e-12
24,bottom,CC(C)C[Si]12O[Si]3(CCCN=Cc4cc(cc(c4[O-])C(C)(C)C)C(C)(C)C)O[Si]4(CC(C)C)O[Si](CC(C)C)(O1)O[Si]1(CC(C)C)O[Si](CC(C)C)(O2)O[Si](CC(C)C)(O3)O[Si](CC(C)C)(O4)O1,"[18, 10]","[{'functional_group': 'phenyl', 'smiles_inds': [31]}, {'functional_group': 'iodo', 'smiles_inds': [7]}]",2.096682430166797e-12
24,bottom,c1ccc(cc1)p1(np(pp(np(p1)(c1ccccc1)c1ccccc1)(c1ccccc1)c1ccccc1)(c1ccccc1)c1ccccc1)c1ccccc1,"[9, 13]","[{'functional_group': 'ether', 'smiles_inds': [53]}, {'functional_group': 'cyanimide', 'smiles_inds': [51]}, {'functional_group': 'cyanimide', 'smiles_inds': [39]}]",5.306597095989632e-12
24,median,C1CSC(=NC1)N1N=Cc2ccccc12,"[4, 7]","[{'functional_group': 'methyl_ester', 'smiles_inds': [0]}]",0.3965319858365396
24,median,C1COCCSCCSCCO1,"[8, 5]",[],0.3965817788399504
24,median,CCc1ccc(O)c(c1)P(O)(=O)[O-],"[12, 6]","[{'functional_group': 'ethyl', 'smiles_inds': [1]}, {'functional_group': 'ethyl_ester', 'smiles_inds': [8]}]",0.39659876750524886
24,median,Fc1ccc(cc1)C1=NC(=NN1)c1ccccn1,"[8, 17]","[{'functional_group': 'methyl_ester', 'smiles_inds': [11]}, {'functional_group': 'ethyl', 'smiles_inds': [5]}, {'functional_group': 'trifluro', 'smiles_inds': [16]}]",0.3966028594340357
24,median,CN1N=Nc2ccccc12,[3],"[{'functional_group': 'fluoro', 'smiles_inds': [7]}, {'functional_group': 'iodo', 'smiles_inds': [8]}]",0.3966395268708195
24,median,Cc1cccc(CN(CCC(O)=O)Cc2cccc(C)n2)n1,"[21, 7, 20]",[],0.3966577818439275
24,median,Cc1cccc(C)c1[N-]C1=CCCc2cccnc12,"[17, 8]",[],0.3966986312983325
24,median,Cc1ccc(cc1)C(O)=NN=C(c1ccccc1)C(=NN=C([O-])c1ccc(C)cc1)c1ccccc1,"[10, 22, 19]",[],0.3967037404529653
24,median,ON=C(c1cccc(F)c1)c1cccc(F)c1,[1],"[{'functional_group': 'carboxyl', 'smiles_inds': [9]}]",0.3967416580236736
24,median,CCNC=C1C=CC=N1,[8],"[{'functional_group': 'cyano', 'smiles_inds': [6]}, {'functional_group': 'ether', 'smiles_inds': [2]}]",0.396796212619479
24,median,Cc1ccccc1NC([S-])=NN=C(C)c1ccccn1,"[9, 19, 11]","[{'functional_group': 'fluoro', 'smiles_inds': [7]}]",0.3968915097009345
24,median,CCC1=NNC(=S)N1N=CC1=CC=CO1,[6],[],0.39693914871813796
24,median,Cc1cccc(n1)C#Cc1ccccc1C#Cc1cccc(C)n1,"[23, 6]","[{'functional_group': 'tribromo', 'smiles_inds': [0]}]",0.3969655611164125
24,median,CCOC=CC(=O)C=[C-]OCC,"[6, 8]","[{'functional_group': 'cyanimide', 'smiles_inds': [4]}, {'functional_group': 'ketone', 'smiles_inds': [10]}]",0.39699812359675324
24,median,Cc1ccnc(c1)c1ccccn1,"[4, 12]","[{'functional_group': 'ethyl', 'smiles_inds': [3]}, {'functional_group': 'aldehyde', 'smiles_inds': [10]}, {'functional_group': 'cyano', 'smiles_inds': [0]}]",0.3970958120191329
24,median,CN1CCN(C)C1=NCc1ccccc1N=C1N(C)CCN1C,"[7, 15]","[{'functional_group': 'tribromo', 'smiles_inds': [20]}, {'functional_group': 'methyl', 'smiles_inds': [11]}]",0.3970992790372941
24,median,ClCc1ccc2ccc3ccc(CCl)nc3c2n1,"[17, 14]",[],0.39713504100581
24,median,OC(=O)c1ccc(nc1)c1ccc(cn1)C(O)=O,"[7, 14]","[{'functional_group': 'iodo', 'smiles_inds': [0]}]",0.397198438919648
24,median,COC(=O)[C-]=C(CC=C)C(=O)OC,"[10, 4]","[{'functional_group': 'carboxyllic_acid', 'smiles_inds': [7]}]",0.39720561463661425
24,median,CSCC1=Nc2ccccc2N1C,"[1, 4]",[],0.3973514783371119
24,top,NC(=NN=C(N)c1cccc(n1)c1cccc(n1)C(N)=NN=C(N)c1ccccn1)c1ccccn1,"[11, 17, 3]",[],0.9992238560486383
24,top,NC1=C(N=C(C(=N)N1[O-])N(=O)=O)N(=O)=O,"[6, 8]","[{'functional_group': 'tribromo', 'smiles_inds': [0]}]",0.9992839999292213
24,top,NC1C(O)C(N)C([O-])C(NCCNC2C(O)C(N)C(O)C(N)C2[O-])C1O,"[12, 9, 21, 5, 23, 7]","[{'functional_group': 'aldehyde', 'smiles_inds': [16]}]",0.999335461638684
24,top,c1ccc2C3=NC45N=C6N=C(N=C7[N-]C(=NC8(N=C9[N-]C(=NC(=N3)c2c1)c1ccccc91)[N-]C(=NC(=N4)c1ccccc51)c1ccccc81)c1ccccc71)c1ccccc61,"[32, 13, 9, 36, 23, 19]","[{'functional_group': 'methyl_ester', 'smiles_inds': [39]}, {'functional_group': 'ketone', 'smiles_inds': [27]}]",0.9994927906048588
24,top,O=C(NCCNC(=O)c1ccc(C(=O)NCCNC(=O)C2=C([O-])C(=O)C=CO2)c([O-])c1[O-])C1=C([O-])C(=O)C=CO1,"[36, 34, 31, 29, 22, 24]",[],0.9995130437635596
24,top,[Se]1N=C2C=CC=NC2=N1,[6],"[{'functional_group': 'methyl', 'smiles_inds': [4]}]",0.999541605780727
24,top,NC(N)=C(N(=O)=O)N(=O)=O,[0],[],0.9995710601875153
24,top,CCOC(=O)C([Se-])=C(C)N=NC(C)=C([Se-])C(=O)OCC,"[6, 14, 9]",[],0.9995850774446605
24,top,CNC1CC2CC(C1)NCC1(CNC3CC(CC(C3)N=CC(CN2)N(=O)=O)NC1)N(=O)=O,"[19, 27, 12, 23, 8, 1]","[{'functional_group': 'thiol', 'smiles_inds': [9]}]",0.9995877727307705
24,top,c1ccc(cc1)C1=C2C=CC(=C(c3ccccc3)C3=CC=C4[Te]3N3C(=C(c5ccccc5)c5cccc1c5)C=CC3=C4c1ccccc1)[N-]2,"[22, 48]",[],0.9996660256330906
24,top,[Se]1N=C2c3cccnc3c3ncccc3C2=N1,"[7, 10]",[],0.9997371016897415
24,top,CNC1C(O)C2NCC(C=NC3C(O)C(NC)C(O)C(NCC(C=NC(C1O)C2O)=N(=O)[O-])C3O)=N(=O)[O-],"[1, 24, 6, 15, 10, 20]","[{'functional_group': 'bromo', 'smiles_inds': [13]}]",0.9998875505259234
24,top,C[Te]Cc1ccccc1C[Te]C,"[1, 10]",[],0.9999685617317435
24,top,C[Te]CCC[Te]C,"[1, 5]",[],0.9999821746684913
24,top,O=C(NCCN(CCNC(=O)C1=CC=CC(=O)N1[O-])CCNC(=O)C1=CC=CC(=O)N1[O-])C1=CC=CC(=O)N1[O-],"[37, 39, 16, 18, 29, 31]","[{'functional_group': 'bromo', 'smiles_inds': [27]}]",0.9999909055991792
24,top,C[Te]CCC[Te]C,"[1, 5]","[{'functional_group': 'amino', 'smiles_inds': [2]}]",0.999994493905395
24,top,O=C(NCCN(CCNC(=O)C1=CC=CC(=S)N1[O-])CCNC(=O)C1=CC=CC(=S)N1[O-])C1=CC=CC(=S)N1[O-],"[37, 16, 29, 39, 18, 31]",[],0.9999993872358812
24,top,C[Te]CC(C)(C[Te]C)C[Te]C,"[1, 6, 9]",[],0.9999998787425013
24,top,C[Te](C)CC(C)(C[Te](C)C)C[Te](C)C,"[1, 7, 11]",[],0.9999999999504079
24,top,Cl[Si](Cl)(Cl)[Ge]([Si](Cl)(Cl)Cl)[Si](Cl)(Cl)Cl,[4],[],0.9999999999915679
25,bottom,C[Si](C)(C)c1cc(cc(c1)[Si](C#CP(C#C[Si](c1cc(cc(c1)[Si](C)(C)C)[Si](C)(C)C)(c1cc(cc(c1)[Si](C)(C)C)[Si](C)(C)C)c1cc(cc(c1)[Si](C)(C)C)[Si](C)(C)C)C#C[Si](c1cc(cc(c1)[Si](C)(C)C)[Si](C)(C)C)(c1cc(cc(c1)[Si](C)(C)C)[Si](C)(C)C)c1cc(cc(c1)[Si](C)(C)C)[Si](C)(C)C)(c1cc(cc(c1)[Si](C)(C)C)[Si](C)(C)C)c1cc(cc(c1)[Si](C)(C)C)[Si](C)(C)C)[Si](C)(C)C,[13],[],6.7619465517176335e-28
25,bottom,C[Si](C)(C)c1cc(cc(c1)[Si](C#CP(C#C[Si](c1cc(cc(c1)[Si](C)(C)C)[Si](C)(C)C)(c1cc(cc(c1)[Si](C)(C)C)[Si](C)(C)C)c1cc(cc(c1)[Si](C)(C)C)[Si](C)(C)C)C#C[Si](c1cc(cc(c1)[Si](C)(C)C)[Si](C)(C)C)(c1cc(cc(c1)[Si](C)(C)C)[Si](C)(C)C)c1cc(cc(c1)[Si](C)(C)C)[Si](C)(C)C)(c1cc(cc(c1)[Si](C)(C)C)[Si](C)(C)C)c1cc(cc(c1)[Si](C)(C)C)[Si](C)(C)C)[Si](C)(C)C,[13],"[{'functional_group': 'trifluro', 'smiles_inds': [43]}, {'functional_group': 'amino', 'smiles_inds': [46]}]",1.0566152822733847e-27
25,bottom,CC(C)(C)c1cc2c(OP(Oc3c2cc(cc3C(C)(C)C)C(C)(C)C)O[Si]2(O[Si]3(O[Si](OP4Oc5c(cc(cc5C(C)(C)C)C(C)(C)C)c5cc(cc(c5O4)C(C)(C)C)C(C)(C)C)(O[Si]4(O[Si](O3)(O[Si](O2)(O[Si](O4)(O[Si](C)(c2ccccc2)c2ccccc2)C2CCCC2)C2CCCC2)C2CCCC2)C2CCCC2)C2CCCC2)C2CCCC2)C2CCCC2)c(c1)C(C)(C)C,"[9, 32]","[{'functional_group': 'bromo', 'smiles_inds': [81]}, {'functional_group': '2-methylbenzoic_acid', 'smiles_inds': [125]}, {'functional_group': 'phenyl', 'smiles_inds': [60]}]",9.86329057498584e-20
25,bottom,CC(C)(C)P1P2P3P2P2P1P3P(P2C(C)(C)C)C(C)(C)C,[4],"[{'functional_group': 'phenyl', 'smiles_inds': [2]}]",2.865514222475342e-17
25,bottom,CC(C)(C)P1P2P(P(P1C(C)(C)C)C(C)(C)C)P(P(P2C(C)(C)C)C(C)(C)C)C(C)(C)C,"[17, 4]","[{'functional_group': 'bromo', 'smiles_inds': [29]}]",5.969383639328004e-17
25,bottom,CC(C)(C)P1P2P3P2P2P1P3P(P2C(C)(C)C)C(C)(C)C,[4],[],6.1239139627781e-17
25,bottom,CP(CCP(C)c1c(cc(cc1C([Si](C)(C)C)[Si](C)(C)C)C([Si](C)(C)C)([Si](C)(C)C)[Si](C)(C)C)C([Si](C)(C)C)[Si](C)(C)C)c1c(cc(cc1C([Si](C)(C)C)[Si](C)(C)C)C([Si](C)(C)C)([Si](C)(C)C)[Si](C)(C)C)C([Si-](C)C)[Si](C)(C)C,"[4, 72, 1]","[{'functional_group': 'ethyl_ester', 'smiles_inds': [2]}, {'functional_group': 'cyano', 'smiles_inds': [57]}]",8.956418690742702e-17
25,bottom,CP(CCP(C)c1c(cc(cc1C([Si](C)(C)C)[Si](C)(C)C)C([Si](C)(C)C)([Si](C)(C)C)[Si](C)(C)C)C([Si](C)(C)C)[Si](C)(C)C)c1c(cc(cc1C([Si](C)(C)C)[Si](C)(C)C)C([Si](C)(C)C)([Si](C)(C)C)[Si](C)(C)C)C([Si-](C)C)[Si](C)(C)C,"[4, 72, 1]","[{'functional_group': 'methyl_ester', 'smiles_inds': [65]}]",1.7299235096892104e-16
25,bottom,CC(C)(C)P1P2P(P(P1C(C)(C)C)C(C)(C)C)P(P(P2C(C)(C)C)C(C)(C)C)C(C)(C)C,"[17, 4]","[{'functional_group': 'thiol', 'smiles_inds': [2]}]",2.9040198067740865e-16
25,bottom,C1CCC(CC1)B(CCCP(CCCB(C1CCCCC1)C1CCCCC1)CCP(CCCB(C1CCCCC1)C1CCCCC1)CCCB(C1CCCCC1)C1CCCCC1)C1CCCCC1,"[10, 29]","[{'functional_group': 'aldehyde', 'smiles_inds': [54]}]",1.0411540958220542e-15
25,bottom,C1CCC(CC1)B(CCCP(CCCB(C1CCCCC1)C1CCCCC1)CCP(CCCB(C1CCCCC1)C1CCCCC1)CCCB(C1CCCCC1)C1CCCCC1)C1CCCCC1,"[10, 29]",[],1.3601295000138973e-15
25,bottom,C[Si](C)(C)c1cc(cc(c1)[Si](C)(C)C)C(C(=O)Nc1cccc(NC(=O)C(c2cc(cc(c2)[Si](C)(C)C)[Si](C)(C)C)(c2cc(cc(c2)[Si](C)(C)C)[Si](C)(C)C)c2cc(cc(c2)[Si](C)(C)C)[Si](C)(C)C)c1[S-])(c1cc(cc(c1)[Si](C)(C)C)[Si](C)(C)C)c1cc(cc(c1)[Si](C)(C)C)[Si](C)(C)C,"[70, 16]",[],2.7447180364482525e-15
25,bottom,C[Si](C)(C)c1cc(cc(c1)[Si](C)(C)C)P(c1cc(cc(c1)[Si](C)(C)C)[Si](C)(C)C)c1ccccc1P(c1cc(cc(c1)[Si](C)(C)C)[Si](C)(C)C)c1cc(cc(c1)[Si](C)(C)C)[Si](C)(C)C,"[35, 14]","[{'functional_group': 'carbonyl', 'smiles_inds': [59]}]",2.3712219499510517e-14
25,bottom,CC(C)(C)c1cc2c(OP(OC3C(CO[Si](c4ccccc4)(c4ccccc4)C(C)(C)C)OC(CO[Si](c4ccccc4)(c4ccccc4)C(C)(C)C)C3OP3Oc4c(cc(cc4C(C)(C)C)C(C)(C)C)c4cc(cc(c4O3)C(C)(C)C)C(C)(C)C)Oc3c2cc(cc3C(C)(C)C)C(C)(C)C)c(c1)C(C)(C)C,"[9, 55]",[],1.313514279116831e-13
25,bottom,Cc1cc(C)c(c(C)c1)c1cccc(c1P1SP(SP(S1)c1c(cccc1c1c(C)cc(C)cc1C)c1c(C)cc(C)cc1C)c1c(cccc1c1c(C)cc(C)cc1C)c1c(C)cc(C)cc1C)c1c(C)cc(C)cc1C,"[15, 19, 17]",[],2.3578832039925914e-13
25,bottom,C[Si](C)(C)[Si]([P-]P1P2PP3P1P3P2[Si]([Si](C)(C)C)([Si](C)(C)C)[Si](C)(C)C)([Si](C)(C)C)[Si](C)(C)C,"[8, 5]","[{'functional_group': 'phenyl', 'smiles_inds': [31]}, {'functional_group': 'chloro', 'smiles_inds': [19]}]",2.5827716222714663e-13
25,bottom,CCP1P2P(CC)P3P1P3P2CC,[2],"[{'functional_group': 'chloro', 'smiles_inds': [0]}]",3.31137995523637e-13
25,bottom,CC(C)(C)c1cc2c3cc(cc4c5cc(cc6c7cc(cc8c9cc(cc%10c%11cc(cc%12c(c1)c2c1c(c34)c(c56)c(c78)c(c9%10)c1c%11%12)C(C)(C)C)C(C)(C)C)C(C)(C)C)C(C)(C)C)P(c1cc2c3cc(cc4c5cc(cc6c7cc(cc8c9cc(cc%10c%11cc(cc%12c(c1)c2c1c(c34)c(c56)c(c78)c(c9%10)c1c%11%12)C(C)(C)C)C(C)(C)C)C(C)(C)C)C(C)(C)C)C(C)(C)C)c1cc2c3cc(cc4c5cc(cc6c7cc(cc8c9cc(cc%10c%11cc(cc%12c(c1)c2c1c(c34)c(c56)c(c78)c(c9%10)c1c%11%12)C(C)(C)C)C(C)(C)C)C(C)(C)C)C(C)(C)C)C(C)(C)C,[62],"[{'functional_group': 'methyl', 'smiles_inds': [18]}]",3.7230697324975507e-13
25,bottom,CC(C)c1ccccc1[SiH]1P(C2CCCCC2)[SiH](P(C2CCCCC2)[SiH](P1C1CCCCC1)c1ccccc1C(C)C)c1ccccc1C(C)C,"[10, 18, 26]","[{'functional_group': 'fluoro', 'smiles_inds': [43]}]",4.259906067740661e-13
25,bottom,CC(C)c1ccccc1[SiH]1P(C2CCCCC2)[SiH](P(C2CCCCC2)[SiH](P1C1CCCCC1)c1ccccc1C(C)C)c1ccccc1C(C)C,"[10, 18, 26]","[{'functional_group': 'phenyl', 'smiles_inds': [25]}, {'functional_group': 'carboxyl', 'smiles_inds': [27]}, {'functional_group': 'aldehyde', 'smiles_inds': [7]}]",4.357534558780604e-13
25,median,CC1=NN(c2ccccn2)C2=C1C(=O)Oc1ccccc21,"[3, 2]","[{'functional_group': 'ether', 'smiles_inds': [16]}]",0.39567708043565886
25,median,O=S(=O)(N=C(C=Cc1ccccc1)c1ccccc1)c1ccccn1,"[24, 3]","[{'functional_group': 'thiol', 'smiles_inds': [11]}]",0.3956900588939176
25,median,C1N=C(OC1c1ccccc1)c1ccccc1,[1],[],0.39574361569633204
25,median,CC(C)(C)S(=O)CC(N)c1ccccc1,"[4, 8]","[{'functional_group': 'trifluro', 'smiles_inds': [13]}]",0.3958004817401376
25,median,CN1CCN(CC1)Cc1cccc(N)n1,"[4, 14]","[{'functional_group': 'methyl', 'smiles_inds': [6]}, {'functional_group': 'cyano', 'smiles_inds': [9]}]",0.3958104716124528
25,median,c1ccc(nc1)c1cc(cc(n1)c1ccccn1)c1cc(cc(c1)C#Cc1ccncc1)C#Cc1ccncc1,"[17, 4, 11]","[{'functional_group': 'amide', 'smiles_inds': [35]}]",0.3958337227408959
25,median,O1c2ccccc2N=C1C1=NSS[N-]1,"[13, 7]",[],0.39587687071416533
25,median,NN1C=NN=N1,[3],"[{'functional_group': 'cyanimide', 'smiles_inds': [0]}]",0.3959065007106522
25,median,Cc1ccccc1N=CC1=CC=C[N-]1,"[13, 7]","[{'functional_group': 'phenyl', 'smiles_inds': [5]}]",0.395908214566554
25,median,CC1CC(C)(C)NCCN1,"[6, 9]","[{'functional_group': 'ethyl', 'smiles_inds': [4]}, {'functional_group': 'ether', 'smiles_inds': [1]}]",0.39591321361657617
25,median,CCCCCN=Cc1cc(ccc1[O-])N=Nc1ccc(OCCC)cc1,"[13, 5]",[],0.39595488253699407
25,median,CN(C)c1ccccc1N=Cc1cc(F)ccc1[O-],"[18, 9, 1]","[{'functional_group': 'ethyl_ester', 'smiles_inds': [7]}, {'functional_group': 'carboxylate', 'smiles_inds': [6]}]",0.39598334115201417
25,median,N1C(C(N=C1C1=NC(C(N1)c1ccccc1)c1ccccc1)c1ccccc1)c1ccccc1,"[3, 6]",[],0.3960121459321188
25,median,CCSC1=NN=C(N1c1ccccc1)c1ccccc1[O-],"[20, 5]","[{'functional_group': 'methyl', 'smiles_inds': [18]}, {'functional_group': 'aldehyde', 'smiles_inds': [13]}]",0.39601676854500245
25,median,Cc1ccnc(c1)c1ccccn1,"[4, 12]","[{'functional_group': 'phosphonate', 'smiles_inds': [11]}]",0.39603484151332485
25,median,Cc1ccnc(c1)c1ccccn1,"[4, 12]","[{'functional_group': 'phosphonate', 'smiles_inds': [9]}]",0.39603484151332485
25,median,N1C=CN=C1c1ccccn1,"[10, 3]","[{'functional_group': 'cyano', 'smiles_inds': [8]}, {'functional_group': 'amide', 'smiles_inds': [2]}, {'functional_group': 'cyano', 'smiles_inds': [6]}, {'functional_group': 'ketone', 'smiles_inds': [7]}]",0.39608273764620144
25,median,O=[C-]NC(=S)c1ccccc1,"[4, 1]","[{'functional_group': 'amide', 'smiles_inds': [9]}]",0.39609639650814027
25,median,Clc1cc(Cl)c([O-])c(C=Nc2ccccc2Oc2ccccc2)c1,"[6, 9]",[],0.39610790877581886
25,median,CC(C)[S]=O,[3],"[{'functional_group': 'hydroxyl', 'smiles_inds': [1]}]",0.3961143707872964
25,top,[Se]1N=C2C=CC=CC2=N1,[1],[],0.9994971094638399
25,top,N1C23[CH4+3]4[CH4+3]2C134,[12],"[{'functional_group': 'methyl', 'smiles_inds': [2]}]",0.9995254615487839
25,top,NC(N)=C(N(=O)=O)N(=O)=O,[0],[],0.9995304621423686
25,top,O=C(NCCNC(=O)c1ccc(C(=O)NCCNC(=O)C2=C([O-])C(=O)C=CO2)c([O-])c1[O-])C1=C([O-])C(=O)C=CO1,"[36, 34, 31, 29, 22, 24]",[],0.9995523917326239
25,top,[nH+]1c2ccccc2nc2c1c1cccnc1c1ncccc21,"[14, 17]","[{'functional_group': 'thiol', 'smiles_inds': [0]}, {'functional_group': 'carboxylate', 'smiles_inds': [2]}, {'functional_group': 'methyl_ester', 'smiles_inds': [11]}, {'functional_group': 'thiol', 'smiles_inds': [3]}, {'functional_group': 'tribromo', 'smiles_inds': [4]}, {'functional_group': 'amide', 'smiles_inds': [18]}]",0.9996222030990711
25,top,[nH+]1c2ccccc2nc2c1c1cccnc1c1ncccc21,"[14, 17]","[{'functional_group': 'cyano', 'smiles_inds': [0]}, {'functional_group': 'carboxylate', 'smiles_inds': [13]}, {'functional_group': 'carboxylate', 'smiles_inds': [5]}, {'functional_group': 'carboxyllic_acid', 'smiles_inds': [3]}, {'functional_group': 'cyanimide', 'smiles_inds': [18]}, {'functional_group': 'thiol', 'smiles_inds': [12]}, {'functional_group': 'thiol', 'smiles_inds': [2]}]",0.9996786173851464
25,top,NC(N)=C(N(=O)=O)N(=O)=O,[0],"[{'functional_group': 'chloro', 'smiles_inds': [2]}]",0.9997033356851321
25,top,[NH3+][CH4+3]([NH3+])C(C)([CH4+3]([NH3+])[NH3+])[CH4+3]([NH3+])[NH3+],"[22, 35, 36, 21, 23, 37]",[],0.9997170682983819
25,top,c1cnc(nc1)c1nc(nc(n1)c1ncccn1)c1ncccn1,"[2, 7, 19]","[{'functional_group': 'tribromo', 'smiles_inds': [21]}]",0.9997273558845914
25,top,COC(=N)C1=N[Se]N=C1C#N,"[3, 5]",[],0.999737783611259
25,top,c1ccc(cc1)C1=C2C=CC(=C(c3ccccc3)C3=CC=C4[Te]3N3C(=C(c5ccccc5)c5cccc1c5)C=CC3=C4c1ccccc1)[N-]2,"[22, 48]",[],0.9997911526813622
25,top,c1ccc2C3=NC45N=C6N=C(N=C7[N-]C(=NC8(N=C9[N-]C(=NC(=N3)c2c1)c1ccccc91)[N-]C(=NC(=N4)c1ccccc51)c1ccccc81)c1ccccc71)c1ccccc61,"[32, 13, 9, 36, 23, 19]",[],0.9997943873251629
25,top,[NH3+][CH4+3]([NH3+])C(C)([CH4+3]([NH3+])[NH3+])[CH4+3]([NH3+])[NH3+],"[22, 35, 36, 21, 23, 37]","[{'functional_group': 'tribromo', 'smiles_inds': [9]}, {'functional_group': 'methyl_ester', 'smiles_inds': [1]}, {'functional_group': 'cyanimide', 'smiles_inds': [0]}]",0.9997969982551432
25,top,NC([Se-])=NN=Cc1c([O-])ccc2ccccc12,"[2, 8, 4]","[{'functional_group': 'carboxyllic_acid', 'smiles_inds': [15]}, {'functional_group': 'thiol', 'smiles_inds': [13]}, {'functional_group': '2-hydroxypyridine', 'smiles_inds': [5]}]",0.9999070534733258
25,top,CC(C)(C)N1[Se][Se]N([Se]N([Se]1)C(C)(C)C)C(C)(C)C,"[8, 10]","[{'functional_group': 'trichloro', 'smiles_inds': [3]}, {'functional_group': 'ethyl_ester', 'smiles_inds': [17]}]",0.9999588594022574
25,top,C[Te]Cc1ccccc1C[Te]C,"[1, 10]","[{'functional_group': 'methyl_ester', 'smiles_inds': [5]}, {'functional_group': 'ethyl_ester', 'smiles_inds': [0]}]",0.9999725609453831
25,top,C1COCC[Te]CCOCCOCC[Te]CCO1,"[5, 14]","[{'functional_group': 'thiol', 'smiles_inds': [6]}, {'functional_group': 'fluoro', 'smiles_inds': [10]}]",0.9999984987184344
25,top,C[Te]CC(C)(C[Te]C)C[Te]C,"[1, 6, 9]",[],0.9999999842096741
25,top,C[Te](C)CC(C)(C[Te](C)C)C[Te](C)C,"[1, 7, 11]","[{'functional_group': '2-methylbenzoic_acid', 'smiles_inds': [8]}]",0.9999999999918772
25,top,Cl[Si](Cl)(Cl)[Ge]([Si](Cl)(Cl)Cl)[Si](Cl)(Cl)Cl,[4],[],0.9999999999967668
26,bottom,C[Si](C)(C)c1cc(cc(c1)[Si](C#CP(C#C[Si](c1cc(cc(c1)[Si](C)(C)C)[Si](C)(C)C)(c1cc(cc(c1)[Si](C)(C)C)[Si](C)(C)C)c1cc(cc(c1)[Si](C)(C)C)[Si](C)(C)C)C#C[Si](c1cc(cc(c1)[Si](C)(C)C)[Si](C)(C)C)(c1cc(cc(c1)[Si](C)(C)C)[Si](C)(C)C)c1cc(cc(c1)[Si](C)(C)C)[Si](C)(C)C)(c1cc(cc(c1)[Si](C)(C)C)[Si](C)(C)C)c1cc(cc(c1)[Si](C)(C)C)[Si](C)(C)C)[Si](C)(C)C,[13],"[{'functional_group': 'fluoro', 'smiles_inds': [22]}]",1.2624767079048981e-28
26,bottom,I[Te]1(O[Te]2(O[Te](O[Te]3(O[Te](I)(O[Te]4(O[Te](I)(O[Te]5(O[Te](O[Te]6(O[Te](I)(O[Te](O1)(O[Te]1(O[Te](O2)(O[Te](O3)(O[Te](O4)(O[Te](O5)(O[Te](O6)(O1)c1ccccc1)c1ccccc1)c1ccccc1)c1ccccc1)c1ccccc1)c1ccccc1)c1ccccc1)c1ccccc1)c1ccccc1)c1ccccc1)c1ccccc1)c1ccccc1)c1ccccc1)c1ccccc1)c1ccccc1)c1ccccc1)c1ccccc1)c1ccccc1,"[33, 39, 42, 30, 36, 45]","[{'functional_group': 'trichloro', 'smiles_inds': [72]}]",3.732180671513367e-20
26,bottom,I[Te]1(O[Te]2(O[Te](O[Te]3(O[Te](I)(O[Te]4(O[Te](I)(O[Te]5(O[Te](O[Te]6(O[Te](I)(O[Te](O1)(O[Te]1(O[Te](O2)(O[Te](O3)(O[Te](O4)(O[Te](O5)(O[Te](O6)(O1)c1ccccc1)c1ccccc1)c1ccccc1)c1ccccc1)c1ccccc1)c1ccccc1)c1ccccc1)c1ccccc1)c1ccccc1)c1ccccc1)c1ccccc1)c1ccccc1)c1ccccc1)c1ccccc1)c1ccccc1)c1ccccc1)c1ccccc1)c1ccccc1,"[33, 39, 42, 30, 36, 45]","[{'functional_group': 'phenyl', 'smiles_inds': [91]}]",1.52960346946547e-19
26,bottom,CC(C)(C)c1cc2c(OP(Oc3c2cc(cc3C(C)(C)C)C(C)(C)C)O[Si]2(O[Si]3(O[Si](OP4Oc5c(cc(cc5C(C)(C)C)C(C)(C)C)c5cc(cc(c5O4)C(C)(C)C)C(C)(C)C)(O[Si]4(O[Si](O3)(O[Si](O2)(O[Si](O4)(O[Si](C)(c2ccccc2)c2ccccc2)C2CCCC2)C2CCCC2)C2CCCC2)C2CCCC2)C2CCCC2)C2CCCC2)C2CCCC2)c(c1)C(C)(C)C,"[9, 32]",[],2.5421432437515717e-19
26,bottom,Cc1cc(C)c(B(CCCP(CCCB(c2c(C)cc(C)cc2C)c2c(C)cc(C)cc2C)CCP(CCCB(c2c(C)cc(C)cc2C)c2c(C)cc(C)cc2C)CCCB(c2c(C)cc(C)cc2C)c2c(C)cc(C)cc2C)c2c(C)cc(C)cc2C)c(C)c1,"[35, 10]",[],1.0346598488136937e-17
26,bottom,C[Si](C)(C)c1cc(cc(c1)[Si](C)(C)C)C(C(=O)Nc1cccc(NC(=O)C(c2cc(cc(c2)[Si](C)(C)C)[Si](C)(C)C)(c2cc(cc(c2)[Si](C)(C)C)[Si](C)(C)C)c2cc(cc(c2)[Si](C)(C)C)[Si](C)(C)C)c1[S-])(c1cc(cc(c1)[Si](C)(C)C)[Si](C)(C)C)c1cc(cc(c1)[Si](C)(C)C)[Si](C)(C)C,"[70, 16]",[],7.120646960274214e-16
26,bottom,C1CCC(CC1)B(CCCP(CCCB(C1CCCCC1)C1CCCCC1)CCP(CCCB(C1CCCCC1)C1CCCCC1)CCCB(C1CCCCC1)C1CCCCC1)C1CCCCC1,"[10, 29]","[{'functional_group': 'iodo', 'smiles_inds': [11]}]",7.453921414822118e-16
26,bottom,CC(C)(C)P1P2P(P(P1C(C)(C)C)C(C)(C)C)P(P(P2C(C)(C)C)C(C)(C)C)C(C)(C)C,"[17, 4]",[],1.8282116786670076e-15
26,bottom,CC(C)(C)P1P2P(P(P1C(C)(C)C)C(C)(C)C)P(P(P2C(C)(C)C)C(C)(C)C)C(C)(C)C,"[17, 4]","[{'functional_group': 'carboxyllic_acid', 'smiles_inds': [2]}]",1.8487788569459966e-15
26,bottom,C[Si](O[Si]1(O[Si]2(O[Si](OP(c3ccccc3)c3ccccc3)(O[Si]3(O[Si](OP(c4ccccc4)c4ccccc4)(O[Si](O[Si](O3)(O2)C2CCCC2)(O1)C1CCCC1)C1CCCC1)C1CCCC1)C1CCCC1)C1CCCC1)C1CCCC1)(c1ccccc1)c1ccccc1,"[27, 9]",[],1.0777055416715496e-14
26,bottom,C1CCC(CC1)B(CCCP(CCCB(C1CCCCC1)C1CCCCC1)CCP(CCCB(C1CCCCC1)C1CCCCC1)CCCB(C1CCCCC1)C1CCCCC1)C1CCCCC1,"[10, 29]",[],1.0794364847910699e-14
26,bottom,C[Si](C)(C)P1PP2PP(P1P2[Si](C)(C)C)[Si](C)(C)C,"[7, 5]","[{'functional_group': 'ethyl_ester', 'smiles_inds': [12]}]",1.2676760907070343e-14
26,bottom,C[Si](C)(C)P1PP2PP(P1P2[Si](C)(C)C)[Si](C)(C)C,"[7, 5]",[],2.591187406516952e-14
26,bottom,C[Si](C)(C)C(c1cc(C([Si](C)(C)C)[Si](C)(C)C)c(Sc2ccccc2Sc2ccccc2Sc2ccccc2Sc2c(cc(cc2C([Si](C)(C)C)[Si](C)(C)C)C([Si](C)(C)C)[Si](C)(C)C)C([Si](C)(C)C)[Si](C)(C)C)c(c1)C([Si](C)(C)C)[Si](C)(C)C)[Si](C)(C)C,"[25, 32]",[],3.749973879497552e-14
26,bottom,CC(C)(C)c1cc2c(OP(Oc3c2cc(cc3C(C)(C)C)C(C)(C)C)O[Si]23O[Si]4(O[Si]5(O[Si](O2)(O[Si]2(O[Si](O3)(O[Si](O4)(O[Si](O5)(O2)C2CCCC2)C2CCCC2)C2CCCC2)C2CCCC2)C2CCCC2)C2CCCC2)C2CCCC2)c(c1)C(C)(C)C,[9],"[{'functional_group': 'hydroxyl', 'smiles_inds': [62]}]",4.051004498590154e-14
26,bottom,CC(C)(C)c1cc2c(OP(Oc3c2cc(cc3C(C)(C)C)C(C)(C)C)O[Si]23O[Si]4(O[Si]5(O[Si](O2)(O[Si]2(O[Si](O3)(O[Si](O4)(O[Si](O5)(O2)C2CCCC2)C2CCCC2)C2CCCC2)C2CCCC2)C2CCCC2)C2CCCC2)C2CCCC2)c(c1)C(C)(C)C,[9],"[{'functional_group': '2-hydroxypyridine', 'smiles_inds': [70]}]",4.611671951057095e-14
26,bottom,Cc1cc(C)c(c(C)c1)c1cccc(c1P1SP(SP(S1)c1c(cccc1c1c(C)cc(C)cc1C)c1c(C)cc(C)cc1C)c1c(cccc1c1c(C)cc(C)cc1C)c1c(C)cc(C)cc1C)c1c(C)cc(C)cc1C,"[15, 19, 17]","[{'functional_group': 'amide', 'smiles_inds': [65]}, {'functional_group': 'bromo', 'smiles_inds': [63]}, {'functional_group': 'trichloro', 'smiles_inds': [41]}]",6.563955590876234e-14
26,bottom,C1CCC(CC1)P1[SiH](P(C2CCCCC2)[SiH](P(C2CCCCC2)[SiH]1c1ccccc1)c1ccccc1)c1ccccc1,"[6, 8, 16]","[{'functional_group': 'trichloro', 'smiles_inds': [22]}, {'functional_group': 'trichloro', 'smiles_inds': [13]}, {'functional_group': 'trichloro', 'smiles_inds': [5]}]",1.2984097671651585e-13
26,bottom,CC(C)(C)c1cc2c(OP(OC3C(CO[Si](c4ccccc4)(c4ccccc4)C(C)(C)C)OC(CO[Si](c4ccccc4)(c4ccccc4)C(C)(C)C)C3OP3Oc4c(cc(cc4C(C)(C)C)C(C)(C)C)c4cc(cc(c4O3)C(C)(C)C)C(C)(C)C)Oc3c2cc(cc3C(C)(C)C)C(C)(C)C)c(c1)C(C)(C)C,"[9, 55]",[],2.608312656258401e-13
26,bottom,C[Si](C)(C)P(PP1PP1P([Si](C)(C)C)[Si](C)(C)C)[Si](C)(C)C,"[5, 7]",[],2.3231927384785513e-12
26,median,COc1ccc(cc1)C1C(Oc2ccccc2)C(=O)N1c1cc[c-]c(c1)c1ccccn1,"[31, 23]",[],0.38378783517207693
26,median,CN1C=CN(CN2C=CN(C)C2=S)C1=S,"[14, 12]","[{'functional_group': 'ether', 'smiles_inds': [10]}, {'functional_group': 'trifluro', 'smiles_inds': [2]}]",0.38381494979383
26,median,N1C=CN=C1c1ccccn1,"[10, 3]","[{'functional_group': 'cyano', 'smiles_inds': [0]}, {'functional_group': '2-methylbenzoic_acid', 'smiles_inds': [1]}]",0.3839054665157093
26,median,CC1=CC(=NN1)Cc1cccc[c-]1,"[4, 12]","[{'functional_group': 'trichloro', 'smiles_inds': [11]}]",0.3839538731044332
26,median,c1ccc(cc1)C#Cc1nc2c3cccnc3c3ncccc3c2nc1C#Cc1ccccc1,"[15, 18]","[{'functional_group': 'phenyl', 'smiles_inds': [2]}]",0.38396008134694676
26,median,Nc1ccc(cc1)c1ccnc(c1)c1ccccn1,"[18, 10]","[{'functional_group': 'fluoro', 'smiles_inds': [5]}, {'functional_group': '2-methylbenzoic_acid', 'smiles_inds': [15]}, {'functional_group': 'methyl', 'smiles_inds': [2]}]",0.3840448193381276
26,median,COc1cc([c-]c(c1)N1C=CN(C)C1=S)N1C=CN(C)C1=S,"[14, 21, 5]","[{'functional_group': 'amide', 'smiles_inds': [12]}]",0.38407696134295227
26,median,CC(C)(C)c1cc(C=NNc2nncc3ccccc23)c([O-])c(c1)C(C)(C)C,"[21, 11, 8]","[{'functional_group': 'trifluro', 'smiles_inds': [23]}]",0.3841753537926222
26,median,CC1(C)COC(=N1)c1ccccc1N=C(Nc1cccc[c-]1)c1ccccc1,"[21, 13, 6]","[{'functional_group': 'aldehyde', 'smiles_inds': [19]}]",0.3842200179170415
26,median,CSc1ccccc1N=Cc1cc(F)ccc1[O-],"[8, 17, 1]","[{'functional_group': 'ketone', 'smiles_inds': [4]}, {'functional_group': 'carboxyl', 'smiles_inds': [9]}]",0.38426403328362335
26,median,Cc1ccc(cc1)[N-]c1c(cc(c2cccnc12)N(=O)=O)N(=O)=O,"[7, 16]",[],0.38446575572561564
26,median,Fc1ccc(cc1)C1=NC(=NN1)c1ccccn1,"[8, 17]","[{'functional_group': 'carboxyl', 'smiles_inds': [15]}, {'functional_group': 'trichloro', 'smiles_inds': [6]}]",0.38452553707188647
26,median,C(N1C=C(N=N1)c1ccccc1)c1[nH+]cccc1,[4],[],0.384599935712988
26,median,Cc1cccc(N[C-]=O)n1,"[7, 9]","[{'functional_group': 'ethyl_ester', 'smiles_inds': [3]}]",0.384600768759332
26,median,Brc1ccc([O-])c(C=Nc2ccccc2SCc2ccccc2)c1,"[8, 5, 15]",[],0.3846007956924228
26,median,CC(C)(C)N(O)c1cccnc1,[4],[],0.38462987036859153
26,median,O(c1ccccn1)C1=Cc2ccccc2C=P1,[16],[],0.3846575244322447
26,median,COc1ccc(cc1)c1ccc2ccc3ccc(nc3c2n1)c1ccc(OC)cc1,"[21, 18]",[],0.3847197464019662
26,median,COc1ccc(cc1)c1cnc2c(ccc3cc(cnc23)c2ccc(OC)cc2)c1,"[19, 10]",[],0.3847197464019665
26,median,c1ccc(nc1)c1ccn(n1)B(n1ccc(n1)c1ccccn1)n1ccc(n1)c1ccccn1,"[27, 10, 16]",[],0.384729408388491
26,top,[NH3+]C1C([O-])C([NH3+])C([O-])C(N)C1[O-],"[7, 11, 3]",[],0.9991597893984087
26,top,[Se]1N=C2C=CC=CC2=N1,[1],"[{'functional_group': 'bromo', 'smiles_inds': [4]}]",0.999221134433728
26,top,NC(N)=C(N(=O)=O)N(=O)=O,[0],[],0.9992307635478539
26,top,NC1C(O)C(N)C([O-])C(NCCNC2C(O)C(N)C(O)C(N)C2[O-])C1O,"[12, 9, 21, 5, 23, 7]",[],0.9992532226672214
26,top,O[Cl](=O)(=O)=O,"[2, 4]","[{'functional_group': 'hydroxyl', 'smiles_inds': [0]}]",0.9993342568546032
26,top,C(N=C1N=CNC2=C1NC=N2)C1=CC=CO1,[10],"[{'functional_group': '2-methylbenzoic_acid', 'smiles_inds': [13]}, {'functional_group': 'thiol', 'smiles_inds': [0]}, {'functional_group': 'thiol', 'smiles_inds': [8]}]",0.9994197828742296
26,top,c1ccc(cc1)C1=C2C=CC(=C(c3ccccc3)C3=CC=C4[Te]3N3C(=C(c5ccccc5)c5cccc1c5)C=CC3=C4c1ccccc1)[N-]2,"[22, 48]",[],0.9995409901018165
26,top,N1C=NC(=C2NN=N[N-]2)C1=C1N=NN=N1,"[8, 2]","[{'functional_group': 'ethyl', 'smiles_inds': [0]}]",0.9996253879711515
26,top,c1ccc2C3=NC45N=C6N=C(N=C7[N-]C(=NC8(N=C9[N-]C(=NC(=N3)c2c1)c1ccccc91)[N-]C(=NC(=N4)c1ccccc51)c1ccccc81)c1ccccc71)c1ccccc61,"[32, 13, 9, 36, 23, 19]",[],0.9997448978902188
26,top,NNC(=O)C1=C(N)N[NH+]=C1,"[0, 3]","[{'functional_group': 'tribromo', 'smiles_inds': [8]}, {'functional_group': 'thiol', 'smiles_inds': [7]}]",0.999781482679075
26,top,CN(CC[Se-])CC[Se-],"[4, 7, 1]","[{'functional_group': 'amino', 'smiles_inds': [2]}]",0.9998343346676661
26,top,C1COCC[Te]CCOCCOCC[Te]CCO1,"[5, 14]","[{'functional_group': 'aldehyde', 'smiles_inds': [10]}, {'functional_group': 'carboxyl', 'smiles_inds': [16]}]",0.9998854153471859
26,top,C1COCC[Te]CCOCCOCC[Te]CCO1,"[5, 14]",[],0.9999098256780712
26,top,N1C=NC(=C2NN=N[N-]2)C1=C1N=NN=N1,"[8, 2]",[],0.9999148706173675
26,top,O=C(NCCN(CCNC(=O)C1=CC=CC(=O)N1[O-])CCNC(=O)C1=CC=CC(=O)N1[O-])C1=CC=CC(=O)N1[O-],"[37, 39, 16, 18, 29, 31]","[{'functional_group': 'phosphonate', 'smiles_inds': [34]}]",0.999928145716089
26,top,C[Te]CC1(CC1)C[Te]C,"[1, 7]",[],0.9999696323937074
26,top,O=C(NCCN(CCNC(=O)C1=CC=CC(=O)N1[O-])CCNC(=O)C1=CC=CC(=O)N1[O-])C1=CC=CC(=O)N1[O-],"[37, 39, 16, 18, 29, 31]","[{'functional_group': 'carboxyl', 'smiles_inds': [13]}]",0.9999718048074216
26,top,C[Te]CC(C)(C[Te]C)C[Te]C,"[1, 6, 9]","[{'functional_group': 'methyl_ester', 'smiles_inds': [2]}]",0.9999996998005247
26,top,C[Te](C)CC(C)(C[Te](C)C)C[Te](C)C,"[1, 7, 11]","[{'functional_group': 'carboxyl', 'smiles_inds': [9]}, {'functional_group': 'carboxyllic_acid', 'smiles_inds': [13]}]",0.9999999998862863
26,top,Cl[Si](Cl)(Cl)[Ge]([Si](Cl)(Cl)Cl)[Si](Cl)(Cl)Cl,[4],[],0.9999999999566871
27,bottom,Cc1cc(C)c(B(CCCP(CCCB(c2c(C)cc(C)cc2C)c2c(C)cc(C)cc2C)CCP(CCCB(c2c(C)cc(C)cc2C)c2c(C)cc(C)cc2C)CCCB(c2c(C)cc(C)cc2C)c2c(C)cc(C)cc2C)c2c(C)cc(C)cc2C)c(C)c1,"[35, 10]",[],2.947662651802661e-17
27,bottom,CP(CCP(C)c1c(cc(cc1C([Si](C)(C)C)[Si](C)(C)C)C([Si](C)(C)C)([Si](C)(C)C)[Si](C)(C)C)C([Si](C)(C)C)[Si](C)(C)C)c1c(cc(cc1C([Si](C)(C)C)[Si](C)(C)C)C([Si](C)(C)C)([Si](C)(C)C)[Si](C)(C)C)C([Si-](C)C)[Si](C)(C)C,"[4, 72, 1]","[{'functional_group': 'methyl', 'smiles_inds': [37]}, {'functional_group': 'ethyl', 'smiles_inds': [66]}]",5.5130039231366796e-17
27,bottom,CP(CCP(C)c1c(cc(cc1C([Si](C)(C)C)[Si](C)(C)C)C([Si](C)(C)C)([Si](C)(C)C)[Si](C)(C)C)C([Si](C)(C)C)[Si](C)(C)C)c1c(cc(cc1C([Si](C)(C)C)[Si](C)(C)C)C([Si](C)(C)C)([Si](C)(C)C)[Si](C)(C)C)C([Si-](C)C)[Si](C)(C)C,"[4, 72, 1]","[{'functional_group': 'cyanimide', 'smiles_inds': [24]}]",1.9079128524994905e-16
27,bottom,CC(C)(C)P(P1P2P3P2P(P1P3P(C(C)(C)C)C(C)(C)C)P(C(C)(C)C)C(C)(C)C)C(C)(C)C,[6],"[{'functional_group': '2-methylbenzoic_acid', 'smiles_inds': [0]}]",2.642861315796528e-16
27,bottom,C[Si](O[Si]1(O[Si]2(O[Si](OP(c3ccccc3)c3ccccc3)(O[Si]3(O[Si](OP(c4ccccc4)c4ccccc4)(O[Si](O[Si](O3)(O2)C2CCCC2)(O1)C1CCCC1)C1CCCC1)C1CCCC1)C1CCCC1)C1CCCC1)C1CCCC1)(c1ccccc1)c1ccccc1,"[27, 9]",[],5.191169683801639e-16
27,bottom,CC(C)(C)P(P1P2P3P2P(P1P3P(C(C)(C)C)C(C)(C)C)P(C(C)(C)C)C(C)(C)C)C(C)(C)C,[6],[],9.146141898598203e-16
27,bottom,CC(C)(C)P1P2P(P(P1C(C)(C)C)C(C)(C)C)P(P(P2C(C)(C)C)C(C)(C)C)C(C)(C)C,"[17, 4]","[{'functional_group': 'trichloro', 'smiles_inds': [23]}]",3.597563134497231e-15
27,bottom,CC(C)(C)P1P2P(P(P1C(C)(C)C)C(C)(C)C)P(P(P2C(C)(C)C)C(C)(C)C)C(C)(C)C,"[17, 4]","[{'functional_group': 'carboxyl', 'smiles_inds': [27]}, {'functional_group': 'chloro', 'smiles_inds': [15]}]",1.437980975154261e-14
27,bottom,C[Si](C)(C)C(c1cc(C([Si](C)(C)C)[Si](C)(C)C)c([Se]c2ccccc2Sc2ccccc2Sc2ccccc2[Se]c2c(cc(cc2C([Si](C)(C)C)[Si](C)(C)C)C([Si](C)(C)C)[Si](C)(C)C)C([Si](C)(C)C)[Si](C)(C)C)c(c1)C([Si](C)(C)C)[Si](C)(C)C)[Si](C)(C)C,"[25, 32]","[{'functional_group': 'iodo', 'smiles_inds': [14]}]",3.9648444462349044e-14
27,bottom,C[Si](C)(C)C(c1cc(C([Si](C)(C)C)[Si](C)(C)C)c([Se]c2ccccc2Sc2ccccc2Sc2ccccc2[Se]c2c(cc(cc2C([Si](C)(C)C)[Si](C)(C)C)C([Si](C)(C)C)[Si](C)(C)C)C([Si](C)(C)C)[Si](C)(C)C)c(c1)C([Si](C)(C)C)[Si](C)(C)C)[Si](C)(C)C,"[25, 32]","[{'functional_group': 'trichloro', 'smiles_inds': [53]}]",5.5116255875556783e-14
27,bottom,CCCC[P](CCCC)(CCCC)CCP(CCP(CCP(CC[P](CCCC)(CCCC)CCCC)CC[P](CCCC)(CCCC)CCCC)c1ccccc1)CC[P](CCCC)(CCCC)CCCC,"[15, 18, 21]","[{'functional_group': 'carboxyl', 'smiles_inds': [48]}]",8.405325485912627e-14
27,bottom,CC(C)C[Si]12O[Si]3(CCCN=Cc4cc(cc(c4[O-])C(C)(C)C)C(C)(C)C)O[Si]4(CC(C)C)O[Si](CC(C)C)(O1)O[Si]1(CC(C)C)O[Si](CC(C)C)(O2)O[Si](CC(C)C)(O3)O[Si](CC(C)C)(O4)O1,"[18, 10]","[{'functional_group': 'carbonyl', 'smiles_inds': [43]}]",1.3331107509322506e-13
27,bottom,C[Si](C)(C)P1PP2PP(P1P2[Si](C)(C)C)[Si](C)(C)C,"[7, 5]","[{'functional_group': 'methyl', 'smiles_inds': [3]}, {'functional_group': 'aldehyde', 'smiles_inds': [12]}]",1.5644461442318624e-13
27,bottom,C[Si](C)(C)P1PP2PP(P1P2[Si](C)(C)C)[Si](C)(C)C,"[7, 5]","[{'functional_group': 'cyano', 'smiles_inds': [3]}]",1.8091211473810612e-13
27,bottom,C[Si](C)(C)P1PP2PP(P1P2[Si](C)(C)C)[Si](C)(C)C,"[7, 5]",[],2.605270755560081e-13
27,bottom,CC(C)c1ccccc1[SiH]1P(C2CCCCC2)[SiH](P(C2CCCCC2)[SiH](P1C1CCCCC1)c1ccccc1C(C)C)c1ccccc1C(C)C,"[10, 18, 26]","[{'functional_group': 'carbonyl', 'smiles_inds': [41]}, {'functional_group': 'cyano', 'smiles_inds': [25]}]",7.453443889024817e-13
27,bottom,CC(C)(C)c1cc2c3cc(cc4c5cc(cc6c7cc(cc8c9cc(cc%10c%11cc(cc%12c(c1)c2c1c(c34)c(c56)c(c78)c(c9%10)c1c%11%12)C(C)(C)C)C(C)(C)C)C(C)(C)C)C(C)(C)C)P(c1cc2c3cc(cc4c5cc(cc6c7cc(cc8c9cc(cc%10c%11cc(cc%12c(c1)c2c1c(c34)c(c56)c(c78)c(c9%10)c1c%11%12)C(C)(C)C)C(C)(C)C)C(C)(C)C)C(C)(C)C)C(C)(C)C)c1cc2c3cc(cc4c5cc(cc6c7cc(cc8c9cc(cc%10c%11cc(cc%12c(c1)c2c1c(c34)c(c56)c(c78)c(c9%10)c1c%11%12)C(C)(C)C)C(C)(C)C)C(C)(C)C)C(C)(C)C)C(C)(C)C,[62],[],1.2649045167730038e-12
27,bottom,CC(C)(C)c1cc2c(OP(OC3C(CO[Si](c4ccccc4)(c4ccccc4)C(C)(C)C)OC(CO[Si](c4ccccc4)(c4ccccc4)C(C)(C)C)C3OP3Oc4c(cc(cc4C(C)(C)C)C(C)(C)C)c4cc(cc(c4O3)C(C)(C)C)C(C)(C)C)Oc3c2cc(cc3C(C)(C)C)C(C)(C)C)c(c1)C(C)(C)C,"[9, 55]",[],1.3262719121837024e-12
27,bottom,C[Si](C)(C)C(c1cc(C([Si](C)(C)C)[Si](C)(C)C)c([Se]c2ccccc2[Se]c2ccccc2[Se]c2ccccc2[Se]c2c(cc(cc2C([Si](C)(C)C)[Si](C)(C)C)C([Si](C)(C)C)[Si](C)(C)C)C([Si](C)(C)C)[Si](C)(C)C)c(c1)C([Si](C)(C)C)[Si](C)(C)C)[Si](C)(C)C,"[25, 32]",[],1.7503970780183354e-12
27,bottom,C[Si](C)(C)c1cc(cc(c1)[Si](C)(C)C)P(c1cc(cc(c1)[Si](C)(C)C)[Si](C)(C)C)c1ccccc1P(c1cc(cc(c1)[Si](C)(C)C)[Si](C)(C)C)c1cc(cc(c1)[Si](C)(C)C)[Si](C)(C)C,"[35, 14]",[],2.2713509526191686e-12
27,median,CC(C)(N)COCP(C)(C)=O,[3],[],0.39217850626641554
27,median,[nH+]1c2ccccc2nc2c1c1cccnc1c1ncccc21,"[14, 17]","[{'functional_group': 'ethyl', 'smiles_inds': [18]}, {'functional_group': 'cyano', 'smiles_inds': [3]}, {'functional_group': 'methyl', 'smiles_inds': [5]}, {'functional_group': 'ketone', 'smiles_inds': [2]}, {'functional_group': 'cyano', 'smiles_inds': [12]}]",0.39220176870370965
27,median,[nH+]1c2ccccc2nc2c1c1cccnc1c1ncccc21,"[14, 17]","[{'functional_group': 'ethyl', 'smiles_inds': [18]}, {'functional_group': 'cyano', 'smiles_inds': [3]}, {'functional_group': 'methyl', 'smiles_inds': [5]}, {'functional_group': 'ketone', 'smiles_inds': [2]}, {'functional_group': 'cyano', 'smiles_inds': [11]}]",0.39220176870370965
27,median,COC(=O)[C-]=C(C(=O)OC)c1ccccc1CC(C)=NO,"[19, 4]",[],0.39221018746225644
27,median,[nH+]1c2ccccc2nc2c1c1cccnc1c1ncccc21,"[14, 17]","[{'functional_group': 'trichloro', 'smiles_inds': [18]}, {'functional_group': 'iodo', 'smiles_inds': [0]}, {'functional_group': 'ketone', 'smiles_inds': [11]}, {'functional_group': 'bromo', 'smiles_inds': [12]}]",0.39229163139137324
27,median,c1ccc(cc1)N=NC1=NC(C=C1)=C(c1ccccc1)C1=CC=C(N=Nc2ccccc2)[N-]1,"[9, 32]","[{'functional_group': 'chloro', 'smiles_inds': [11]}]",0.3922957101419356
27,median,CC1=NN(CCN=Cc2ccccn2)C(=C1)C,"[3, 6]",[],0.39232506242517634
27,median,COC(=O)CC(=O)OC,"[6, 3]",[],0.39233019873516495
27,median,C1CCC(NCc2ccccn2)C(C1)NCc1ccccc1,"[11, 4, 14]","[{'functional_group': 'carboxyllic_acid', 'smiles_inds': [18]}]",0.3923539110789123
27,median,C[NH2+]CCc1ccccn1,[9],"[{'functional_group': 'phosphonate', 'smiles_inds': [8]}]",0.3923687600652223
27,median,ClCC#N,[3],[],0.3923942252465972
27,median,CC(C)OP(=S)(OC(C)C)N=C([S-])Nc1c(C)cc(C)cc1C,"[5, 12]",[],0.3924116299265233
27,median,OC(=O)C1=C(N=C(N1)c1ccccc1Cl)C(=O)[O-],"[17, 5]","[{'functional_group': 'trichloro', 'smiles_inds': [0]}]",0.3924747596064502
27,median,Nc1ccc(cc1)c1ccnc(c1)c1ccccn1,"[18, 10]","[{'functional_group': 'amide', 'smiles_inds': [9]}, {'functional_group': '2-hydroxypyridine', 'smiles_inds': [3]}, {'functional_group': '2-methylbenzoic_acid', 'smiles_inds': [12]}, {'functional_group': 'methyl', 'smiles_inds': [8]}]",0.39250270676052473
27,median,Fc1ccccc1c1nc2ccccc2cc1N=Cc1cc(Cl)c(Cl)cc1[O-],"[27, 17]","[{'functional_group': 'amide', 'smiles_inds': [5]}]",0.39254170488596946
27,median,C(CN1C=CN=C1)OCCN1C=CN=C1,"[5, 13]",[],0.3926029475225529
27,median,c1ccc2c(c1)N(c1ccc(cc1)C(=C1C=CC=N1)C1=CC=C[N-]1)c1ccccc21,"[18, 23]","[{'functional_group': 'tribromo', 'smiles_inds': [25]}, {'functional_group': 'hydroxyl', 'smiles_inds': [27]}]",0.3926043927073899
27,median,O=S(=O)([N-]Cc1ccccn1)c1ccccc1,"[10, 3]",[],0.39262945209778793
27,median,CS(=N)(=O)c1ccccc1,[2],[],0.39266431602953233
27,median,CC([O-])=CC(C)=NNC(=O)c1ccccc1,"[2, 9, 6]","[{'functional_group': 'phosphonate', 'smiles_inds': [0]}]",0.39267912170249675
27,top,CC1=CC(=O)C(=C(O1)C(=O)NCCN(CCNC(=O)C1=C([O-])C(=O)C=C(C)O1)CCNC(=O)C1=C([O-])C(=O)C=C(C)O1)[O-],"[35, 37, 23, 42, 4, 21]","[{'functional_group': 'thiol', 'smiles_inds': [24]}]",0.9986230264746586
27,top,Nc1nc([O-])c2nc(cnc2n1)C(=O)[O-],"[4, 14, 6]",[],0.998623179947579
27,top,N1C=CN=C1c1ccccn1,"[10, 3]","[{'functional_group': 'thiol', 'smiles_inds': [7]}, {'functional_group': 'carboxyllic_acid', 'smiles_inds': [2]}, {'functional_group': 'thiol', 'smiles_inds': [0]}, {'functional_group': 'carboxylate', 'smiles_inds': [8]}, {'functional_group': 'ethyl_ester', 'smiles_inds': [9]}]",0.9987230458590692
27,top,NCCCNCCNCCCNC(N)(C(=O)[O-])C(=O)[O-],"[19, 16, 0, 4, 11, 7]","[{'functional_group': 'thiol', 'smiles_inds': [6]}]",0.9988123623555344
27,top,NC(CN(CCN(CC(N)=NO)CC(N)=NO)CC(N)=NO)=NO,"[22, 20, 10, 15, 3, 6]",[],0.9989064046649614
27,top,[Se-]C1=C(CCCC1)N=NC1=C([Se-])CCCC1,"[0, 11, 7]",[],0.9989349566608207
27,top,Cc1[nH+]nc(nn1)c1cccc(n1)c1nnc(C)nn1,"[5, 12, 14]","[{'functional_group': 'bromo', 'smiles_inds': [2]}, {'functional_group': 'carboxyllic_acid', 'smiles_inds': [0]}]",0.9990405814513246
27,top,S=C1NC(=S)N=C([S-])N1,"[5, 7]","[{'functional_group': 'ether', 'smiles_inds': [8]}]",0.999078248382138
27,top,[S-]c1[nH+]cnc2NC=Nc12,[0],"[{'functional_group': 'thiol', 'smiles_inds': [7]}, {'functional_group': 'bromo', 'smiles_inds': [6]}]",0.9991712379712493
27,top,O=C1NC(=S)NC(=C1SC1=C([O-])NC(=S)NC1=O)[O-],"[18, 11, 8]",[],0.999227593168957
27,top,O=C(NCCN(CCNC(=O)C1=C([O-])C(=O)C=CO1)CCNC(=O)C1=C([O-])C(=O)C=CO1)C1=C([O-])C(=O)C=CO1,"[34, 36, 13, 15, 26, 28]","[{'functional_group': 'amino', 'smiles_inds': [7]}]",0.9992368275276523
27,top,O=C([O-])c1cc2ccccc2c(N=NC2=NNN=N2)c1[O-],"[20, 12, 15]","[{'functional_group': 'thiol', 'smiles_inds': [16]}, {'functional_group': '2-hydroxypyridine', 'smiles_inds': [9]}]",0.9992711425200169
27,top,[NH3+]C1C([O-])C([NH3+])C([O-])C([NH3+])C1[O-],"[3, 7, 11]",[],0.999415071225653
27,top,C1COCC[Te]CCOCCOCC[Te]CCO1,"[5, 14]",[],0.9995536304627717
27,top,[Se]1N=C2c3cccnc3c3ncccc3C2=N1,"[7, 10]",[],0.9995773477483609
27,top,c1ccc2C3=NC45N=C6N=C(N=C7[N-]C(=NC8(N=C9[N-]C(=NC(=N3)c2c1)c1ccccc91)[N-]C(=NC(=N4)c1ccccc51)c1ccccc81)c1ccccc71)c1ccccc61,"[32, 13, 9, 36, 23, 19]","[{'functional_group': 'trifluro', 'smiles_inds': [52]}, {'functional_group': 'thiol', 'smiles_inds': [59]}, {'functional_group': 'ketone', 'smiles_inds': [46]}]",0.9995780173414892
27,top,C[Te]CCC[Te]C,"[1, 5]",[],0.9998798273980285
27,top,O=C(NCCN(CCNC(=O)C1=CC=CC(=S)N1[O-])CCNC(=O)C1=CC=CC(=S)N1[O-])C1=CC=CC(=S)N1[O-],"[37, 16, 29, 39, 18, 31]",[],0.9999977454389872
27,top,O=C(NCCN(CCNC(=O)C1=CC=CC(=S)N1[O-])CCNC(=O)C1=CC=CC(=S)N1[O-])C1=CC=CC(=S)N1[O-],"[37, 16, 29, 39, 18, 31]","[{'functional_group': 'aldehyde', 'smiles_inds': [14]}, {'functional_group': 'amino', 'smiles_inds': [3]}]",0.9999989608652433
27,top,Cl[Si](Cl)(Cl)[Ge]([Si](Cl)(Cl)Cl)[Si](Cl)(Cl)Cl,[4],[],0.9999999987989121
28,bottom,I[Te]1(O[Te]2(O[Te](O[Te]3(O[Te](I)(O[Te]4(O[Te](I)(O[Te]5(O[Te](O[Te]6(O[Te](I)(O[Te](O1)(O[Te]1(O[Te](O2)(O[Te](O3)(O[Te](O4)(O[Te](O5)(O[Te](O6)(O1)c1ccccc1)c1ccccc1)c1ccccc1)c1ccccc1)c1ccccc1)c1ccccc1)c1ccccc1)c1ccccc1)c1ccccc1)c1ccccc1)c1ccccc1)c1ccccc1)c1ccccc1)c1ccccc1)c1ccccc1)c1ccccc1)c1ccccc1)c1ccccc1,"[33, 39, 42, 30, 36, 45]","[{'functional_group': 'amide', 'smiles_inds': [119]}]",1.3381572340779602e-32
28,bottom,Cc1cc(C)c(B(CCCP(CCCB(c2c(C)cc(C)cc2C)c2c(C)cc(C)cc2C)CCP(CCCB(c2c(C)cc(C)cc2C)c2c(C)cc(C)cc2C)CCCB(c2c(C)cc(C)cc2C)c2c(C)cc(C)cc2C)c2c(C)cc(C)cc2C)c(C)c1,"[35, 10]",[],4.851997414643307e-19
28,bottom,CC(C)(C)P1P2P(P(P1C(C)(C)C)C(C)(C)C)P(P(P2C(C)(C)C)C(C)(C)C)C(C)(C)C,"[17, 4]","[{'functional_group': 'amide', 'smiles_inds': [22]}, {'functional_group': 'fluoro', 'smiles_inds': [30]}]",6.944718039663065e-18
28,bottom,CC(C)(C)P1P2P3P2P2P1P3P(P2C(C)(C)C)C(C)(C)C,[4],[],1.2387198217069483e-17
28,bottom,CC(C)(C)P1P2P3P2P2P1P3P(P2C(C)(C)C)C(C)(C)C,[4],"[{'functional_group': 'amino', 'smiles_inds': [15]}, {'functional_group': 'methyl', 'smiles_inds': [18]}, {'functional_group': 'amide', 'smiles_inds': [14]}]",1.657733532696331e-17
28,bottom,C[Si](C)(C)P1PP2PP(P1P2[Si](C)(C)C)[Si](C)(C)C,"[7, 5]","[{'functional_group': 'ethyl', 'smiles_inds': [12]}]",9.064416652229984e-17
28,bottom,C[Si](C)(C)P1PP2PP(P1P2[Si](C)(C)C)[Si](C)(C)C,"[7, 5]",[],1.5105375960773494e-16
28,bottom,CP(CCP(C)c1c(cc(cc1C([Si](C)(C)C)[Si](C)(C)C)C([Si](C)(C)C)([Si](C)(C)C)[Si](C)(C)C)C([Si](C)(C)C)[Si](C)(C)C)c1c(cc(cc1C([Si](C)(C)C)[Si](C)(C)C)C([Si](C)(C)C)([Si](C)(C)C)[Si](C)(C)C)C([Si-](C)C)[Si](C)(C)C,"[4, 72, 1]","[{'functional_group': 'ethyl', 'smiles_inds': [38]}, {'functional_group': 'carboxylate', 'smiles_inds': [12]}]",1.5452503327895604e-15
28,bottom,C1CCC(CC1)B(CCCP(CCCB(C1CCCCC1)C1CCCCC1)CCP(CCCB(C1CCCCC1)C1CCCCC1)CCCB(C1CCCCC1)C1CCCCC1)C1CCCCC1,"[10, 29]",[],3.689558412565201e-15
28,bottom,S1P2SP3P1P3S2,[3],[],7.719693235794047e-14
28,bottom,C[Si](C)(C)P(PP1PP1P([Si](C)(C)C)[Si](C)(C)C)[Si](C)(C)C,"[5, 7]",[],8.829406023976615e-14
28,bottom,CCCC[P](CCCC)(CCCC)CCP(CCP(CCP(CC[P](CCCC)(CCCC)CCCC)CC[P](CCCC)(CCCC)CCCC)c1ccccc1)CC[P](CCCC)(CCCC)CCCC,"[15, 18, 21]",[],1.0892781294646103e-13
28,bottom,CC(C)(C)PP1P(P(P(P1C(C)(C)C)C(C)(C)C)C(C)(C)C)C(C)(C)C,"[4, 7]","[{'functional_group': 'fluoro', 'smiles_inds': [25]}, {'functional_group': 'iodo', 'smiles_inds': [20]}]",1.6540504423884654e-13
28,bottom,CCP1P2P(CC)P3P1P3P2CC,[2],[],1.6570469475730515e-13
28,bottom,C[Si](C)(C)[Si]([P-]P1P2PP3P1P3P2[Si]([Si](C)(C)C)([Si](C)(C)C)[Si](C)(C)C)([Si](C)(C)C)[Si](C)(C)C,"[8, 5]","[{'functional_group': 'chloro', 'smiles_inds': [24]}]",1.8224370817690818e-13
28,bottom,C[Si](C)(C)[Si]([P-]P1P2PP3P1P3P2[Si]([Si](C)(C)C)([Si](C)(C)C)[Si](C)(C)C)([Si](C)(C)C)[Si](C)(C)C,"[8, 5]","[{'functional_group': 'aldehyde', 'smiles_inds': [32]}]",2.1575990397860904e-13
28,bottom,C1CCC(CC1)[PH+](CCP(CCP(C1CCCCC1)C1CCCCC1)CCP(C1CCCCC1)C1CCCCC1)C1CCCCC1,"[12, 9, 27]","[{'functional_group': 'methyl_ester', 'smiles_inds': [0]}, {'functional_group': 'iodo', 'smiles_inds': [42]}]",2.7693657206263603e-13
28,bottom,C[Si](C)(C)N(B1PB(PB(P1)N([Si](C)(C)C)[Si](C)(C)C)N([Si](C)(C)C)[Si](C)(C)C)[Si](C)(C)C,[10],"[{'functional_group': 'carboxyllic_acid', 'smiles_inds': [30]}]",3.0633750005986256e-13
28,bottom,Cc1cc(C)c(c(C)c1)c1cccc(c1P1SP(SP(S1)c1c(cccc1c1c(C)cc(C)cc1C)c1c(C)cc(C)cc1C)c1c(cccc1c1c(C)cc(C)cc1C)c1c(C)cc(C)cc1C)c1c(C)cc(C)cc1C,"[15, 19, 17]","[{'functional_group': 'carboxylate', 'smiles_inds': [62]}, {'functional_group': 'carboxyllic_acid', 'smiles_inds': [8]}]",4.711189040014433e-13
28,bottom,CCc1ccc(cc1)C1=C(c2ccc(CC)cc2)C(P2P3P(P(C(C)C)C(C)C)P23)(c2ccc(CC)cc2)C(=C1c1ccc(CC)cc1)c1ccc(CC)cc1,[22],[],7.597123948085484e-13
28,median,C(CNCc1ccc2OCOc2c1)NCCNCc1ccc2OCOc2c1,"[2, 16, 13]",[],0.3979375773067424
28,median,S=[P](c1ccccc1)c1ccccc1,[1],"[{'functional_group': 'amino', 'smiles_inds': [7]}]",0.3979776109403031
28,median,OC(=O)c1ccc(cc1)[N-]C(=O)c1ccccn1,"[9, 17]","[{'functional_group': 'iodo', 'smiles_inds': [7]}, {'functional_group': 'ketone', 'smiles_inds': [4]}, {'functional_group': 'methyl', 'smiles_inds': [0]}]",0.3980479835225439
28,median,CC1CC(=Nc2ccc(Br)cc2)c2c([O-])ccc(C)c12,"[4, 14]","[{'functional_group': 'chloro', 'smiles_inds': [15]}]",0.3982206867913182
28,median,Ic1cc(I)c([O-])c(C=NC23CC4CC(CC(C4)C2)C3)c1,"[6, 9]","[{'functional_group': 'ethyl_ester', 'smiles_inds': [16]}]",0.39822926610496734
28,median,C1=CN2C(=CN=C2C2=CC=C[N-]2)C=C1,"[5, 11]",[],0.39826725382336414
28,median,Nc1ccc(cc1)c1ccnc(c1)c1ccccn1,"[18, 10]","[{'functional_group': 'cyano', 'smiles_inds': [14]}, {'functional_group': 'phosphonate', 'smiles_inds': [3]}, {'functional_group': 'fluoro', 'smiles_inds': [2]}, {'functional_group': 'amino', 'smiles_inds': [8]}]",0.3982844322987532
28,median,O=C(Nc1ccccc1[N-]C(=O)c1cc2ccccc2cn1)c1cc2ccccc2cn1,"[21, 9]","[{'functional_group': 'aldehyde', 'smiles_inds': [25]}]",0.39830608620877345
28,median,CC(c1ccccc1)C(=O)N(C)c1cccc[c-]1,"[17, 9]",[],0.39831391747151107
28,median,S=C(N1CCSCC1)c1ccncc1,[11],"[{'functional_group': 'ethyl_ester', 'smiles_inds': [4]}]",0.3984431618535027
28,median,COc1cccc(c1O)C(=NN=Cc1cccc(OC)c1[O-])[N-]N(c1cccc(Cl)n1)c1cccc(Cl)n1,"[21, 22, 11]","[{'functional_group': 'ethyl', 'smiles_inds': [15]}, {'functional_group': 'aldehyde', 'smiles_inds': [14]}]",0.3984807509360271
28,median,Nc1ccc(cc1)c1ccnc(c1)c1ccccn1,"[18, 10]","[{'functional_group': 'amino', 'smiles_inds': [17]}, {'functional_group': 'amino', 'smiles_inds': [6]}, {'functional_group': 'trichloro', 'smiles_inds': [16]}, {'functional_group': 'chloro', 'smiles_inds': [3]}, {'functional_group': 'cyano', 'smiles_inds': [14]}, {'functional_group': 'iodo', 'smiles_inds': [5]}]",0.3986083550542207
28,median,[nH+]1c2ccccc2nc2c1c1cccnc1c1ncccc21,"[14, 17]","[{'functional_group': 'ethyl', 'smiles_inds': [18]}, {'functional_group': 'cyano', 'smiles_inds': [3]}, {'functional_group': 'methyl', 'smiles_inds': [5]}, {'functional_group': 'cyanimide', 'smiles_inds': [12]}, {'functional_group': '2-methylbenzoic_acid', 'smiles_inds': [2]}, {'functional_group': 'iodo', 'smiles_inds': [20]}, {'functional_group': 'amide', 'smiles_inds': [0]}, {'functional_group': 'phenyl', 'smiles_inds': [19]}]",0.39863608439808157
28,median,C(CN=Cc1ccccc1)N=Cc1ccccc1,"[2, 10]","[{'functional_group': 'fluoro', 'smiles_inds': [8]}, {'functional_group': 'carboxyl', 'smiles_inds': [11]}]",0.398655984564858
28,median,C(CN=Cc1c2ccccc2cc2ccc[c-]c12)N=Cc1c2ccccc2cc2ccccc12,"[2, 18, 16]","[{'functional_group': 'ethyl', 'smiles_inds': [22]}]",0.39867466370942034
28,median,Cc1cccc(C=Nc2c(F)c(F)c(F)c(F)c2F)c1[O-],"[20, 7]",[],0.39873336504680545
28,median,CC1(C)C(=CC=O)[N-]c2ccccc12,"[6, 7]",[],0.3987640271150523
28,median,N=CC(=O)N(Cc1ccccc1)Cc1ccccc1,"[3, 0]",[],0.3987717230584744
28,median,NC1CCCCC1N=Cc1ccc(Br)cc1[O-],"[16, 7, 0]","[{'functional_group': 'trichloro', 'smiles_inds': [8]}, {'functional_group': 'tribromo', 'smiles_inds': [14]}, {'functional_group': 'chloro', 'smiles_inds': [11]}, {'functional_group': 'chloro', 'smiles_inds': [2]}, {'functional_group': 'trichloro', 'smiles_inds': [3]}]",0.3988148360599463
28,median,Clc1ccccp1,[6],[],0.3988159615757449
28,top,[Se-]C1=C(CCCC1)N=NC1=C([Se-])CCCC1,"[0, 11, 7]","[{'functional_group': 'cyanimide', 'smiles_inds': [15]}, {'functional_group': '2-methylbenzoic_acid', 'smiles_inds': [6]}]",0.999613615391884
28,top,[S-]Sc1nccc(n1)c1ccccn1,"[7, 13, 0]","[{'functional_group': 'tribromo', 'smiles_inds': [10]}, {'functional_group': '2-hydroxypyridine', 'smiles_inds': [4]}]",0.9996392116763875
28,top,[NH3+][CH4+3]([NH3+])C(C)([CH4+3]([NH3+])[NH3+])[CH4+3]([NH3+])[NH3+],"[22, 35, 36, 21, 23, 37]",[],0.9997112399566765
28,top,CCOC(=O)C([Se-])=C(C)N=NC(C)=C([Se-])C(=O)OCC,"[6, 14, 9]",[],0.9997212208435569
28,top,NC1C(O)C(N)C([O-])C(NCCNC2C(O)C(N)C(O)C(N)C2[O-])C1O,"[12, 9, 21, 5, 23, 7]","[{'functional_group': 'amino', 'smiles_inds': [13]}]",0.9997736505514886
28,top,COC(=N)C1=N[Se]N=C1C#N,"[3, 5]",[],0.9997815280067046
28,top,[S-]C1=C2N=CN=C2N=CN1,"[0, 3]","[{'functional_group': 'thiol', 'smiles_inds': [9]}, {'functional_group': 'carboxyl', 'smiles_inds': [8]}]",0.9998051777371133
28,top,N1C23[CH4+3]4[CH4+3]2C134,[12],[],0.9998132796458373
28,top,[Se-]C1=C(CCCC1)N=NC1=C([Se-])CCCC1,"[0, 11, 7]",[],0.9998163450660765
28,top,N1C=NC(=N1)C1=N[N-]C(=N1)c1cnccn1,"[7, 15]","[{'functional_group': 'thiol', 'smiles_inds': [0]}]",0.9998421212302736
28,top,[Se]1N=C2c3cccnc3c3ncccc3C2=N1,"[7, 10]","[{'functional_group': 'carboxyllic_acid', 'smiles_inds': [13]}]",0.9998749797768366
28,top,C1COCC[Te]CCOCCOCC[Te]CCO1,"[5, 14]","[{'functional_group': 'amide', 'smiles_inds': [1]}]",0.9999206810309847
28,top,ON1N=NN=C1N=N[N-]C1=NN=NN1[O-],"[14, 8, 4]","[{'functional_group': 'amino', 'smiles_inds': [0]}]",0.999927403999974
28,top,[NH3+]CCCCC(NC(=O)c1cccc([O-])c1[O-])C(=O)NCCN(CCNC(=O)C(CCCC[NH3+])NC(=O)c1cccc([O-])c1[O-])CCNC(=O)C(CCCC[NH3+])NC(=O)c1cccc([O-])c1[O-],"[14, 16, 42, 44, 64, 66]",[],0.9999275375262393
28,top,N1C=NC(=C2NN=N[N-]2)C1=C1N=NN=N1,"[8, 2]",[],0.9999461854948108
28,top,C1COCC[Te]CCOCCOCC[Te]CCO1,"[5, 14]",[],0.9999560084300355
28,top,[Se-]C1=C(CCCC1)N=NC1=C([Se-])CCCC1,"[0, 11, 7]","[{'functional_group': '2-hydroxypyridine', 'smiles_inds': [4]}, {'functional_group': 'amino', 'smiles_inds': [3]}]",0.9999610871797868
28,top,C[Te]Cc1ccccc1C[Te]C,"[1, 10]","[{'functional_group': 'fluoro', 'smiles_inds': [0]}]",0.9999801366919052
28,top,CCOC(=O)C([Se-])=C(C)N=NC(C)=C([Se-])C(=O)OCC,"[6, 14, 9]","[{'functional_group': 'thiol', 'smiles_inds': [0]}, {'functional_group': 'amino', 'smiles_inds': [12]}]",0.9999894742539372
28,top,Cl[Si](Cl)(Cl)[Ge]([Si](Cl)(Cl)Cl)[Si](Cl)(Cl)Cl,[4],[],0.9999999999756148
29,bottom,I[Te]1(O[Te]2(O[Te](O[Te]3(O[Te](I)(O[Te]4(O[Te](I)(O[Te]5(O[Te](O[Te]6(O[Te](I)(O[Te](O1)(O[Te]1(O[Te](O2)(O[Te](O3)(O[Te](O4)(O[Te](O5)(O[Te](O6)(O1)c1ccccc1)c1ccccc1)c1ccccc1)c1ccccc1)c1ccccc1)c1ccccc1)c1ccccc1)c1ccccc1)c1ccccc1)c1ccccc1)c1ccccc1)c1ccccc1)c1ccccc1)c1ccccc1)c1ccccc1)c1ccccc1)c1ccccc1)c1ccccc1,"[33, 39, 42, 30, 36, 45]","[{'functional_group': 'ether', 'smiles_inds': [151]}, {'functional_group': 'ethyl', 'smiles_inds': [47]}]",7.485623838434188e-33
29,bottom,CC(C)(C)P1P2P3P2P2P1P3P(P2C(C)(C)C)C(C)(C)C,[4],"[{'functional_group': 'trichloro', 'smiles_inds': [15]}]",1.7116934401343926e-22
29,bottom,CC(C)(C)P1P2P3P2P2P1P3P(P2C(C)(C)C)C(C)(C)C,[4],"[{'functional_group': 'methyl_ester', 'smiles_inds': [3]}]",4.656777079691397e-22
29,bottom,CC(C)(C)c1cc2c(OP(Oc3c2cc(cc3C(C)(C)C)C(C)(C)C)O[Si]2(O[Si]3(O[Si](OP4Oc5c(cc(cc5C(C)(C)C)C(C)(C)C)c5cc(cc(c5O4)C(C)(C)C)C(C)(C)C)(O[Si]4(O[Si](O3)(O[Si](O2)(O[Si](O4)(O[Si](C)(c2ccccc2)c2ccccc2)C2CCCC2)C2CCCC2)C2CCCC2)C2CCCC2)C2CCCC2)C2CCCC2)C2CCCC2)c(c1)C(C)(C)C,"[9, 32]","[{'functional_group': 'trifluro', 'smiles_inds': [116]}, {'functional_group': 'carboxyl', 'smiles_inds': [58]}]",1.482216975363044e-20
29,bottom,CC(C)(C)c1cc2c(OP(Oc3c2cc(cc3C(C)(C)C)C(C)(C)C)O[Si]2(O[Si]3(O[Si](OP4Oc5c(cc(cc5C(C)(C)C)C(C)(C)C)c5cc(cc(c5O4)C(C)(C)C)C(C)(C)C)(O[Si]4(O[Si](O3)(O[Si](O2)(O[Si](O4)(O[Si](C)(c2ccccc2)c2ccccc2)C2CCCC2)C2CCCC2)C2CCCC2)C2CCCC2)C2CCCC2)C2CCCC2)C2CCCC2)c(c1)C(C)(C)C,"[9, 32]","[{'functional_group': 'fluoro', 'smiles_inds': [58]}, {'functional_group': 'carboxylate', 'smiles_inds': [121]}]",4.819261321337863e-20
29,bottom,Cc1cc(C)c(B(CCCP(CCCB(c2c(C)cc(C)cc2C)c2c(C)cc(C)cc2C)CCP(CCCB(c2c(C)cc(C)cc2C)c2c(C)cc(C)cc2C)CCCB(c2c(C)cc(C)cc2C)c2c(C)cc(C)cc2C)c2c(C)cc(C)cc2C)c(C)c1,"[35, 10]",[],2.575813849445931e-19
29,bottom,CP(CCP(C)c1c(cc(cc1C([Si](C)(C)C)[Si](C)(C)C)C([Si](C)(C)C)([Si](C)(C)C)[Si](C)(C)C)C([Si](C)(C)C)[Si](C)(C)C)c1c(cc(cc1C([Si](C)(C)C)[Si](C)(C)C)C([Si](C)(C)C)([Si](C)(C)C)[Si](C)(C)C)C([Si-](C)C)[Si](C)(C)C,"[4, 72, 1]",[],1.7054102103946628e-17
29,bottom,IP(I)P1P(P(I)I)P1P(I)I,"[1, 5, 9]",[],8.814502274981033e-17
29,bottom,CCc1ccc(cc1)C1=C(c2ccc(CC)cc2)C(P2P3P(P(C(C)C)C(C)C)P23)(c2ccc(CC)cc2)C(=C1c1ccc(CC)cc1)c1ccc(CC)cc1,[22],"[{'functional_group': 'carbonyl', 'smiles_inds': [53]}]",5.147583940305765e-16
29,bottom,S1P2SP3P1P3S2,[3],[],1.16037986770175e-15
29,bottom,CC(C)(C)c1cc2c(OP(Oc3c2cc(cc3C(C)(C)C)C(C)(C)C)O[Si]23O[Si]4(O[Si]5(O[Si](O2)(O[Si]2(O[Si](O3)(O[Si](O4)(O[Si](O5)(O2)C2CCCC2)C2CCCC2)C2CCCC2)C2CCCC2)C2CCCC2)C2CCCC2)C2CCCC2)c(c1)C(C)(C)C,[9],"[{'functional_group': 'ether', 'smiles_inds': [72]}, {'functional_group': 'methyl_ester', 'smiles_inds': [75]}]",1.5332013336703961e-15
29,bottom,CC(C)(C)c1cc2c(OP(Oc3c2cc(cc3C(C)(C)C)C(C)(C)C)O[Si]23O[Si]4(O[Si]5(O[Si](O2)(O[Si]2(O[Si](O3)(O[Si](O4)(O[Si](O5)(O2)C2CCCC2)C2CCCC2)C2CCCC2)C2CCCC2)C2CCCC2)C2CCCC2)C2CCCC2)c(c1)C(C)(C)C,[9],"[{'functional_group': 'amide', 'smiles_inds': [24]}]",1.7048127531733031e-15
29,bottom,CC(C)(C)c1cc2c(OP(Oc3c2cc(cc3C(C)(C)C)C(C)(C)C)O[Si]23O[Si]4(O[Si]5(O[Si](O2)(O[Si]2(O[Si](O3)(O[Si](O4)(O[Si](O5)(O2)C2CCCC2)C2CCCC2)C2CCCC2)C2CCCC2)C2CCCC2)C2CCCC2)C2CCCC2)c(c1)C(C)(C)C,[9],[],3.0268802189823394e-15
29,bottom,C1CCC(CC1)B(CCCP(CCCB(C1CCCCC1)C1CCCCC1)CCP(CCCB(C1CCCCC1)C1CCCCC1)CCCB(C1CCCCC1)C1CCCCC1)C1CCCCC1,"[10, 29]",[],3.366869096740391e-15
29,bottom,C[Si](C)(C)C(c1cc(C([Si](C)(C)C)[Si](C)(C)C)c(Sc2ccccc2[Se]c2ccccc2[Se]c2ccccc2Sc2c(cc(cc2C([Si](C)(C)C)[Si](C)(C)C)C([Si](C)(C)C)[Si](C)(C)C)C([Si](C)(C)C)[Si](C)(C)C)c(c1)C([Si](C)(C)C)[Si](C)(C)C)[Si](C)(C)C,"[25, 32]","[{'functional_group': 'aldehyde', 'smiles_inds': [35]}, {'functional_group': 'carbonyl', 'smiles_inds': [59]}]",3.5356273779441428e-15
29,bottom,CC(C)(C)C12P3PP4PP3C1(P24)C(C)(C)C,"[8, 6]",[],4.011248670727106e-15
29,bottom,CCc1ccc(cc1)C1=C(c2ccc(CC)cc2)C(P2P3P(P(C(C)C)C(C)C)P23)(c2ccc(CC)cc2)C(=C1c1ccc(CC)cc1)c1ccc(CC)cc1,[22],"[{'functional_group': 'ketone', 'smiles_inds': [37]}]",5.895452021022206e-15
29,bottom,P1P2PP3P1P3[P-]2,"[0, 2]",[],6.970163702927149e-15
29,bottom,CC(C)c1ccccc1[SiH]1P(C2CCCCC2)[SiH](P(C2CCCCC2)[SiH](P1C1CCCCC1)c1ccccc1C(C)C)c1ccccc1C(C)C,"[10, 18, 26]","[{'functional_group': 'carbonyl', 'smiles_inds': [21]}]",1.0535202525461818e-14
29,bottom,CCc1ccc(cc1)C1=C(c2ccc(CC)cc2)C(P2P3P(P(C(C)C)C(C)C)P23)(c2ccc(CC)cc2)C(=C1c1ccc(CC)cc1)c1ccc(CC)cc1,[22],[],1.0990601092864387e-14
29,median,O=P(NP(=S)(c1ccccc1)c1ccccc1)(c1ccccc1)c1ccccc1,[0],"[{'functional_group': '2-hydroxypyridine', 'smiles_inds': [25]}, {'functional_group': 'carboxylate', 'smiles_inds': [22]}]",0.389354330801711
29,median,NC(CC1=CNc2ccccc12)C(=O)OCc1ccccc1,"[13, 0]",[],0.38943238795734775
29,median,CC(C)c1ccc2ccc3ccc(nc3c2n1)C(C)C,"[16, 13]",[],0.3894845335611385
29,median,Cc1ccnc(Sc2cccc(Sc3cc(C)ccn3)n2)c1,"[19, 4, 20]",[],0.3895107628660163
29,median,N1C=CN=C1c1ccccn1,"[10, 3]","[{'functional_group': 'bromo', 'smiles_inds': [0]}, {'functional_group': 'carbonyl', 'smiles_inds': [7]}, {'functional_group': 'carboxyllic_acid', 'smiles_inds': [1]}]",0.3895162411268585
29,median,N1C=CN=C1c1ccccn1,"[10, 3]","[{'functional_group': 'trichloro', 'smiles_inds': [0]}]",0.38953381188883757
29,median,CC(=O)[N-]C(=O)c1ccccc1,"[2, 3]","[{'functional_group': 'amide', 'smiles_inds': [11]}, {'functional_group': 'fluoro', 'smiles_inds': [10]}]",0.38960106317414833
29,median,CC1(C)C2CCC1(C)C1=NNC=C21,[9],"[{'functional_group': 'hydroxyl', 'smiles_inds': [5]}]",0.38961874418036996
29,median,CC(C)(C)C1=PN(Cc2ccccn2)N=N1,"[14, 6]",[],0.3896784152904535
29,median,CN(C)c1cc(O)nc(c1)c1cc(cc(O)n1)N(C)C,"[1, 17]",[],0.38972079186274194
29,median,CC(=O)C(N=Nc1ccc(cc1[O-])C(O)=O)=C(C)[O-],"[18, 5, 12]","[{'functional_group': 'iodo', 'smiles_inds': [0]}, {'functional_group': 'fluoro', 'smiles_inds': [7]}]",0.3897651646629234
29,median,CCOCN1C=CN=C1C,[7],[],0.3898751025300379
29,median,C1CN(CCSCCN(CCS1)Cc1ccccn1)Cc1ccccn1,"[11, 18, 8, 5, 25, 2]",[],0.38988133139124925
29,median,CN(C)CCNCc1cccc(C)n1,"[13, 1, 5]","[{'functional_group': 'methyl_ester', 'smiles_inds': [8]}]",0.38994791422173125
29,median,CC(C)(O)c1cccc(n1)C(C)(C)O,"[9, 3, 13]","[{'functional_group': 'ether', 'smiles_inds': [2]}]",0.3899889615827039
29,median,CSC1=CC=CC(=Nc2ccccc2SC)C1=N,"[17, 7]",[],0.3899945815854771
29,median,COc1ccc(cc1)N1CC(N=C1c1ccc(OC)c[c-]1)C(C)C,"[11, 20]",[],0.39000265383935373
29,median,CC(C)(N=O)C(=NO)c1ccccc1,"[6, 3]","[{'functional_group': 'aldehyde', 'smiles_inds': [11]}, {'functional_group': 'phosphonate', 'smiles_inds': [10]}]",0.3900067078995636
29,median,CC(=NNC(=S)N1CCCCC1)c1ccccn1,"[5, 17, 2]","[{'functional_group': 'aldehyde', 'smiles_inds': [3]}]",0.39005885444249055
29,median,[nH+]1c2ccccc2nc2c1c1cccnc1c1ncccc21,"[14, 17]","[{'functional_group': 'ethyl', 'smiles_inds': [18]}, {'functional_group': 'cyano', 'smiles_inds': [3]}, {'functional_group': 'methyl', 'smiles_inds': [5]}, {'functional_group': 'cyanimide', 'smiles_inds': [12]}, {'functional_group': '2-methylbenzoic_acid', 'smiles_inds': [2]}, {'functional_group': '2-hydroxypyridine', 'smiles_inds': [4]}, {'functional_group': 'iodo', 'smiles_inds': [0]}, {'functional_group': 'methyl_ester', 'smiles_inds': [11]}]",0.3900835314937394
29,top,NC([Se-])=NN=Cc1ccc2ccccc2n1,"[2, 4, 15]","[{'functional_group': 'carboxylate', 'smiles_inds': [11]}]",0.9995634084154011
29,top,NC([Se-])=NN=Cc1cccc2cccnc12,"[2, 14, 4]","[{'functional_group': 'carboxylate', 'smiles_inds': [8]}]",0.9995634084154011
29,top,NC([Se-])=NN=Cc1ccccc1[O-],"[4, 12, 2]",[],0.9995989677888947
29,top,c1ccc(cc1)C1=C2C=CC(=C(c3ccccc3)C3=CC=C4[Te]3N3C(=C(c5ccccc5)c5cccc1c5)C=CC3=C4c1ccccc1)[N-]2,"[22, 48]",[],0.999688668539202
29,top,[NH3+]CCCCC(NC(=O)c1cccc([O-])c1[O-])C(=O)NCCN(CCNC(=O)C(CCCC[NH3+])NC(=O)c1cccc([O-])c1[O-])CCNC(=O)C(CCCC[NH3+])NC(=O)c1cccc([O-])c1[O-],"[14, 16, 42, 44, 64, 66]","[{'functional_group': 'ether', 'smiles_inds': [61]}, {'functional_group': 'methyl', 'smiles_inds': [60]}]",0.9997541562125228
29,top,CN(CC[Se-])CC[Se-],"[4, 7, 1]",[],0.999852917752055
29,top,ON1N=NN=C1N=N[N-]C1=NN=NN1[O-],"[14, 8, 4]","[{'functional_group': 'phosphonate', 'smiles_inds': [0]}]",0.9998595065092115
29,top,[NH3+]CCCCC(NC(=O)c1cccc([O-])c1[O-])C(=O)NCCN(CCNC(=O)C(CCCC[NH3+])NC(=O)c1cccc([O-])c1[O-])CCNC(=O)C(CCCC[NH3+])NC(=O)c1cccc([O-])c1[O-],"[14, 16, 42, 44, 64, 66]",[],0.9998715398970707
29,top,NC([Se-])=NN=Cc1ccccc1[O-],"[4, 12, 2]","[{'functional_group': 'tribromo', 'smiles_inds': [9]}]",0.9998949552924254
29,top,ON1N=NN=C1N=N[N-]C1=NN=NN1[O-],"[14, 8, 4]","[{'functional_group': 'bromo', 'smiles_inds': [0]}]",0.9998964271333362
29,top,C[Te]Cc1ccccc1C[Te]C,"[1, 10]",[],0.9999744670899907
29,top,C[Te]CC1(CC1)C[Te]C,"[1, 7]","[{'functional_group': 'fluoro', 'smiles_inds': [4]}, {'functional_group': 'aldehyde', 'smiles_inds': [0]}]",0.9999794238327258
29,top,N1C23[CH4+3]4[CH4+3]2C134,[12],"[{'functional_group': 'carboxyl', 'smiles_inds': [3]}]",0.9999795209684873
29,top,C[Te]CC1(CC1)C[Te]C,"[1, 7]",[],0.999982660625263
29,top,CC(C)(C)N1[Se][Se]N([Se]N([Se]1)C(C)(C)C)C(C)(C)C,"[8, 10]","[{'functional_group': 'trichloro', 'smiles_inds': [18]}]",0.999992259315892
29,top,C[Te]CC1(CC1)C[Te]C,"[1, 7]","[{'functional_group': 'carboxylate', 'smiles_inds': [4]}]",0.9999941568781288
29,top,O=C(NCCN(CCNC(=O)C1=CC=CC(=S)N1[O-])CCNC(=O)C1=CC=CC(=S)N1[O-])C1=CC=CC(=S)N1[O-],"[37, 16, 29, 39, 18, 31]",[],0.9999994249807216
29,top,Cl[Si](Cl)(Cl)[Ge]([Si](Cl)(Cl)Cl)[Si](Cl)(Cl)Cl,[4],[],0.9999999999771094
29,top,C[Te](C)CC(C)(C[Te](C)C)C[Te](C)C,"[1, 7, 11]",[],0.9999999999997229
29,top,C[Te](C)CC(C)(C[Te](C)C)C[Te](C)C,"[1, 7, 11]","[{'functional_group': 'fluoro', 'smiles_inds': [13]}, {'functional_group': 'fluoro', 'smiles_inds': [2]}, {'functional_group': '2-hydroxypyridine', 'smiles_inds': [0]}]",0.9999999999998408
30,bottom,CC(C)(C)P1P2P(P(P1C(C)(C)C)C(C)(C)C)P(P(P2C(C)(C)C)C(C)(C)C)C(C)(C)C,"[17, 4]","[{'functional_group': 'trichloro', 'smiles_inds': [3]}]",1.6977237601640363e-20
30,bottom,CC(C)(C)P1P2P3P2P2P1P3P(P2C(C)(C)C)C(C)(C)C,[4],[],4.4679524845177306e-20
30,bottom,CC(C)(C)c1cc2c(OP(Oc3c2cc(cc3C(C)(C)C)C(C)(C)C)O[Si]2(O[Si]3(O[Si](OP4Oc5c(cc(cc5C(C)(C)C)C(C)(C)C)c5cc(cc(c5O4)C(C)(C)C)C(C)(C)C)(O[Si]4(O[Si](O3)(O[Si](O2)(O[Si](O4)(O[Si](C)(c2ccccc2)c2ccccc2)C2CCCC2)C2CCCC2)C2CCCC2)C2CCCC2)C2CCCC2)C2CCCC2)C2CCCC2)c(c1)C(C)(C)C,"[9, 32]","[{'functional_group': 'chloro', 'smiles_inds': [104]}]",1.2995671332110383e-19
30,bottom,CC(C)(C)c1cc2c(OP(Oc3c2cc(cc3C(C)(C)C)C(C)(C)C)O[Si]2(O[Si]3(O[Si](OP4Oc5c(cc(cc5C(C)(C)C)C(C)(C)C)c5cc(cc(c5O4)C(C)(C)C)C(C)(C)C)(O[Si]4(O[Si](O3)(O[Si](O2)(O[Si](O4)(O[Si](C)(c2ccccc2)c2ccccc2)C2CCCC2)C2CCCC2)C2CCCC2)C2CCCC2)C2CCCC2)C2CCCC2)C2CCCC2)c(c1)C(C)(C)C,"[9, 32]","[{'functional_group': 'ether', 'smiles_inds': [96]}, {'functional_group': 'tribromo', 'smiles_inds': [23]}]",9.717553202628805e-19
30,bottom,Cc1cc(C)c(B(CCCP(CCCB(c2c(C)cc(C)cc2C)c2c(C)cc(C)cc2C)CCP(CCCB(c2c(C)cc(C)cc2C)c2c(C)cc(C)cc2C)CCCB(c2c(C)cc(C)cc2C)c2c(C)cc(C)cc2C)c2c(C)cc(C)cc2C)c(C)c1,"[35, 10]","[{'functional_group': 'aldehyde', 'smiles_inds': [32]}]",1.1270142257912798e-18
30,bottom,C[Si](C)(C)P1PP2PP(P1P2[Si](C)(C)C)[Si](C)(C)C,"[7, 5]",[],1.4667294535439745e-18
30,bottom,CCP1P2P(CC)P3P1P3P2CC,[2],"[{'functional_group': 'methyl_ester', 'smiles_inds': [0]}]",1.3164461560435319e-15
30,bottom,C1CCC(CC1)B(CCCP(CCCB(C1CCCCC1)C1CCCCC1)CCP(CCCB(C1CCCCC1)C1CCCCC1)CCCB(C1CCCCC1)C1CCCCC1)C1CCCCC1,"[10, 29]","[{'functional_group': 'trichloro', 'smiles_inds': [27]}]",2.3143157086074713e-15
30,bottom,C[Si](C)(C)[Si]([P-]P1P2PP3P1P3P2[Si]([Si](C)(C)C)([Si](C)(C)C)[Si](C)(C)C)([Si](C)(C)C)[Si](C)(C)C,"[8, 5]",[],5.669975948449685e-15
30,bottom,C[Si](C)(C)P(PP1PP1P([Si](C)(C)C)[Si](C)(C)C)[Si](C)(C)C,"[5, 7]",[],9.557405129092943e-15
30,bottom,CC(C)(C)c1cc2c(OP(Oc3c2cc(cc3C(C)(C)C)C(C)(C)C)O[Si]23O[Si]4(O[Si]5(O[Si](O2)(O[Si]2(O[Si](O3)(O[Si](O4)(O[Si](O5)(O2)C2CCCC2)C2CCCC2)C2CCCC2)C2CCCC2)C2CCCC2)C2CCCC2)C2CCCC2)c(c1)C(C)(C)C,[9],"[{'functional_group': 'cyano', 'smiles_inds': [15]}, {'functional_group': 'trifluro', 'smiles_inds': [73]}]",1.9105653784803787e-14
30,bottom,S1P2SP3P1P3S2,[3],[],2.146391101380949e-14
30,bottom,CCc1ccc(cc1)C1=C(c2ccc(CC)cc2)C(P2P3P(P(C(C)C)C(C)C)P23)(c2ccc(CC)cc2)C(=C1c1ccc(CC)cc1)c1ccc(CC)cc1,[22],"[{'functional_group': 'carboxyllic_acid', 'smiles_inds': [55]}]",7.959273107975453e-14
30,bottom,CC(C)(C)C12P3PP4PP3C1(P24)C(C)(C)C,"[8, 6]","[{'functional_group': 'phosphonate', 'smiles_inds': [15]}, {'functional_group': 'tribromo', 'smiles_inds': [0]}]",9.395540856728269e-14
30,bottom,CC(C)(C)c1cc2c(OP(OC3C(CO[Si](c4ccccc4)(c4ccccc4)C(C)(C)C)OC(CO[Si](c4ccccc4)(c4ccccc4)C(C)(C)C)C3OP3Oc4c(cc(cc4C(C)(C)C)C(C)(C)C)c4cc(cc(c4O3)C(C)(C)C)C(C)(C)C)Oc3c2cc(cc3C(C)(C)C)C(C)(C)C)c(c1)C(C)(C)C,"[9, 55]","[{'functional_group': 'methyl_ester', 'smiles_inds': [65]}]",1.058696830756944e-13
30,bottom,CC(C)(C)PP1P(P(P(P1C(C)(C)C)C(C)(C)C)C(C)(C)C)C(C)(C)C,"[4, 7]",[],1.2197507166994267e-13
30,bottom,P1P2PP3P1P3[P-]2,"[0, 2]",[],1.3871296972369492e-13
30,bottom,CCCCCC1c2cc3C(CCCCC)c4cc5C(CCCCC)c6cc7C(CCCCC)c8cc1c1OCOc2cc3OCOc4c(P(c2ccccc2)c2ccccc2)c5OCOc6cc7OCOc8c1OCc1cccc(COc2c3OCOc4cc5OCOc6c7cc8C(CCCCC)c9cc%10C(CCCCC)c(cc3C(CCCCC)c4cc5C7CCCCC)c2OCOc%10cc9OCOc8c6P(c2ccccc2)c2ccccc2)c1,"[48, 142]",[],4.775382715913467e-13
30,bottom,c1ccc(cc1)P1P(P(P(P1c1ccccc1)c1ccccc1)c1ccccc1)c1ccccc1,"[8, 6]",[],7.407142075901763e-13
30,bottom,CC(C)(C)c1cc2c3cc(cc4c5cc(cc6c7cc(cc8c9cc(cc%10c%11cc(cc%12c(c1)c2c1c(c34)c(c56)c(c78)c(c9%10)c1c%11%12)C(C)(C)C)C(C)(C)C)C(C)(C)C)C(C)(C)C)P(c1cc2c3cc(cc4c5cc(cc6c7cc(cc8c9cc(cc%10c%11cc(cc%12c(c1)c2c1c(c34)c(c56)c(c78)c(c9%10)c1c%11%12)C(C)(C)C)C(C)(C)C)C(C)(C)C)C(C)(C)C)C(C)(C)C)c1cc2c3cc(cc4c5cc(cc6c7cc(cc8c9cc(cc%10c%11cc(cc%12c(c1)c2c1c(c34)c(c56)c(c78)c(c9%10)c1c%11%12)C(C)(C)C)C(C)(C)C)C(C)(C)C)C(C)(C)C)C(C)(C)C,[62],"[{'functional_group': 'cyanimide', 'smiles_inds': [114]}]",1.8230003933357245e-12
30,median,CC(C)(C)c1ccnc(c1)C1=Cc2c(F)c(F)c(F)c(F)c2[N-]1,"[22, 7]","[{'functional_group': 'ether', 'smiles_inds': [6]}]",0.3990496335406827
30,median,COC(=O)c1cc(nc2ccccc12)c1cc(C(=O)OC)c2ccccc2n1,"[27, 7]",[],0.39906498027455106
30,median,O=P(Cc1ccccc1)(Cc1ccccc1)C(=S)[S-],"[0, 18]","[{'functional_group': '2-hydroxypyridine', 'smiles_inds': [11]}, {'functional_group': 'fluoro', 'smiles_inds': [8]}]",0.3990734526013371
30,median,NCCN1c2ccccc2c2ccccc12,[0],[],0.3991577907478698
30,median,O=C(c1ccccc1)c1nccc2ccccc12,"[0, 9]",[],0.39919895684150847
30,median,[O-]c1ccccc1C(=NCCC[Se]c1ccccc1)c1ccccc1,"[12, 0, 8]","[{'functional_group': 'chloro', 'smiles_inds': [24]}]",0.39921833910400706
30,median,c1ccc(nc1)c1nc2ccccc2c2c1ccc1ccc3ccc4ccccc4c3c21,"[4, 7]","[{'functional_group': 'carboxyllic_acid', 'smiles_inds': [11]}]",0.3992280015944577
30,median,CN1C=C(C=N1)N(=O)=O,[5],[],0.3992293193343634
30,median,COCc1cccc(COC)c1[O-],"[12, 9]","[{'functional_group': 'tribromo', 'smiles_inds': [10]}, {'functional_group': 'carbonyl', 'smiles_inds': [6]}]",0.3992441457558684
30,median,[O-]c1ccccc1C1=NCCS1,"[0, 8]","[{'functional_group': '2-methylbenzoic_acid', 'smiles_inds': [10]}, {'functional_group': 'phosphonate', 'smiles_inds': [5]}]",0.39927602153992425
30,median,CSc1ccccc1N=Cc1cc(cc(c1[O-])N(=O)=O)C(C)(C)C,"[1, 8, 16]","[{'functional_group': 'bromo', 'smiles_inds': [23]}, {'functional_group': 'fluoro', 'smiles_inds': [21]}]",0.39928148545999204
30,median,COc1cccc(C(=O)Nc2cc3cccnc3c3ncccc23)c1OC,"[16, 19]",[],0.3993049242481741
30,median,CC[NH+](CC)CCN=Cc1cc(Cl)cc(Br)c1[O-],"[17, 7]","[{'functional_group': 'hydroxyl', 'smiles_inds': [10]}, {'functional_group': 'fluoro', 'smiles_inds': [4]}]",0.3993348758768675
30,median,CCCN1C=NN=N1,[5],"[{'functional_group': 'amide', 'smiles_inds': [2]}]",0.399350552462829
30,median,Oc1ccc(C=NNC(=O)N(Cc2ccccc2)Cc2ccccc2)c([O-])c1,"[26, 9, 6]","[{'functional_group': 'amide', 'smiles_inds': [2]}]",0.39941927157506874
30,median,CN(C)c1ccc(cc1)N=Cc1cccc[c-]1,"[9, 16]","[{'functional_group': 'aldehyde', 'smiles_inds': [2]}]",0.39945156517862757
30,median,O=N(=O)c1ccc([N-]N=C(c2ccccc2)c2ccccn2)c(c1)N(=O)=O,"[21, 7]",[],0.39949109035899116
30,median,NCC[N-]S(=O)(=O)c1ccc(C=C)cc1,"[3, 0]",[],0.3995025953612166
30,median,CN(N=Cc1ccccn1)c1ccc(nn1)C(C)(C)C,"[14, 2, 15]",[],0.39951079123332145
30,median,CN1(C)Cc2ccccc2[Sb]21S[Sb]1(S2)c2ccccc2CN1(C)C,[13],"[{'functional_group': '2-methylbenzoic_acid', 'smiles_inds': [18]}]",0.3995515752138214
30,top,N1C23[CH4+3]4[CH4+3]2C134,[12],[],0.9997389556914713
30,top,[Se]1N=C2C=CC=NC2=N1,[6],[],0.9997982425126688
30,top,NC(=NN=C([O-])c1cc(Cl)cc(n1)C([O-])=NN=C(N)c1ccccn1)c1ccccn1,"[12, 5, 14]","[{'functional_group': 'tribromo', 'smiles_inds': [7]}]",0.9998151639323891
30,top,ON1N=NN=C1N=N[N-]C1=NN=NN1[O-],"[14, 8, 4]","[{'functional_group': '2-hydroxypyridine', 'smiles_inds': [0]}]",0.9998225918032952
30,top,COC(=N)C1=N[Se]N=C1C#N,"[3, 5]","[{'functional_group': 'bromo', 'smiles_inds': [0]}]",0.9998332795573541
30,top,CN(CC[Se-])CC[Se-],"[4, 7, 1]","[{'functional_group': 'carboxylate', 'smiles_inds': [2]}]",0.9998476262019422
30,top,ON1N=NN=C1N=N[N-]C1=NN=NN1[O-],"[14, 8, 4]","[{'functional_group': 'phosphonate', 'smiles_inds': [0]}]",0.9998824796247756
30,top,[NH3+]CCCCC(NC(=O)c1cccc([O-])c1[O-])C(=O)NCCN(CCNC(=O)C(CCCC[NH3+])NC(=O)c1cccc([O-])c1[O-])CCNC(=O)C(CCCC[NH3+])NC(=O)c1cccc([O-])c1[O-],"[14, 16, 42, 44, 64, 66]",[],0.9999155607645149
30,top,N1C=NC(=C2NN=N[N-]2)C1=C1N=NN=N1,"[8, 2]",[],0.9999254105800786
30,top,C[Te]Cc1ccccc1C[Te]C,"[1, 10]",[],0.9999511236735825
30,top,C[Te]CCC[Te]C,"[1, 5]","[{'functional_group': 'chloro', 'smiles_inds': [2]}]",0.9999598987953993
30,top,C[Te]Cc1ccccc1C[Te]C,"[1, 10]","[{'functional_group': 'hydroxyl', 'smiles_inds': [9]}]",0.9999606031239606
30,top,C[Te]CC1(CC1)C[Te]C,"[1, 7]","[{'functional_group': 'carboxyllic_acid', 'smiles_inds': [6]}]",0.9999650588402825
30,top,c1ccc(cc1)C1=C2C=CC(=C(c3ccccc3)C3=CC=C4[Te]3N3C(=C(c5ccccc5)c5cccc1c5)C=CC3=C4c1ccccc1)[N-]2,"[22, 48]","[{'functional_group': 'tribromo', 'smiles_inds': [19]}]",0.9999673078718601
30,top,O=C(NCCN(CCNC(=O)C1=CC=CC(=O)N1[O-])CCNC(=O)C1=CC=CC(=O)N1[O-])C1=CC=CC(=O)N1[O-],"[37, 39, 16, 18, 29, 31]",[],0.9999785032740062
30,top,C[Te]CCC[Te]C,"[1, 5]","[{'functional_group': 'thiol', 'smiles_inds': [0]}]",0.9999963225674448
30,top,C[Te]CC(C)(C[Te]C)C[Te]C,"[1, 6, 9]",[],0.9999997745543419
30,top,C[Te]CC(C)(C[Te]C)C[Te]C,"[1, 6, 9]","[{'functional_group': '2-hydroxypyridine', 'smiles_inds': [0]}, {'functional_group': 'carboxylate', 'smiles_inds': [7]}]",0.9999999459789168
30,top,Cl[Si](Cl)(Cl)[Ge]([Si](Cl)(Cl)Cl)[Si](Cl)(Cl)Cl,[4],[],0.9999999998923814
30,top,C[Te](C)CC(C)(C[Te](C)C)C[Te](C)C,"[1, 7, 11]",[],0.9999999999983513
31,bottom,I[Te]1(O[Te]2(O[Te](O[Te]3(O[Te](I)(O[Te]4(O[Te](I)(O[Te]5(O[Te](O[Te]6(O[Te](I)(O[Te](O1)(O[Te]1(O[Te](O2)(O[Te](O3)(O[Te](O4)(O[Te](O5)(O[Te](O6)(O1)c1ccccc1)c1ccccc1)c1ccccc1)c1ccccc1)c1ccccc1)c1ccccc1)c1ccccc1)c1ccccc1)c1ccccc1)c1ccccc1)c1ccccc1)c1ccccc1)c1ccccc1)c1ccccc1)c1ccccc1)c1ccccc1)c1ccccc1)c1ccccc1,"[33, 39, 42, 30, 36, 45]","[{'functional_group': 'fluoro', 'smiles_inds': [117]}]",5.975411792037315e-32
31,bottom,CC(C)(C)P1P2P(P(P1C(C)(C)C)C(C)(C)C)P(P(P2C(C)(C)C)C(C)(C)C)C(C)(C)C,"[17, 4]",[],5.175152552939484e-22
31,bottom,C[Si](C)(C)P1PP2PP(P1P2[Si](C)(C)C)[Si](C)(C)C,"[7, 5]",[],1.8214257856810787e-20
31,bottom,CC(C)(C)c1cc2c(OP(Oc3c2cc(cc3C(C)(C)C)C(C)(C)C)O[Si]2(O[Si]3(O[Si](OP4Oc5c(cc(cc5C(C)(C)C)C(C)(C)C)c5cc(cc(c5O4)C(C)(C)C)C(C)(C)C)(O[Si]4(O[Si](O3)(O[Si](O2)(O[Si](O4)(O[Si](C)(c2ccccc2)c2ccccc2)C2CCCC2)C2CCCC2)C2CCCC2)C2CCCC2)C2CCCC2)C2CCCC2)C2CCCC2)c(c1)C(C)(C)C,"[9, 32]","[{'functional_group': 'cyano', 'smiles_inds': [61]}, {'functional_group': 'amino', 'smiles_inds': [79]}]",5.339042743111939e-20
31,bottom,CC(C)(C)c1cc2c(OP(Oc3c2cc(cc3C(C)(C)C)C(C)(C)C)O[Si]2(O[Si]3(O[Si](OP4Oc5c(cc(cc5C(C)(C)C)C(C)(C)C)c5cc(cc(c5O4)C(C)(C)C)C(C)(C)C)(O[Si]4(O[Si](O3)(O[Si](O2)(O[Si](O4)(O[Si](C)(c2ccccc2)c2ccccc2)C2CCCC2)C2CCCC2)C2CCCC2)C2CCCC2)C2CCCC2)C2CCCC2)C2CCCC2)c(c1)C(C)(C)C,"[9, 32]",[],5.666597660016072e-20
31,bottom,Cc1cc(C)c(B(CCCP(CCCB(c2c(C)cc(C)cc2C)c2c(C)cc(C)cc2C)CCP(CCCB(c2c(C)cc(C)cc2C)c2c(C)cc(C)cc2C)CCCB(c2c(C)cc(C)cc2C)c2c(C)cc(C)cc2C)c2c(C)cc(C)cc2C)c(C)c1,"[35, 10]",[],2.4224121297538983e-19
31,bottom,CP(CCP(C)c1c(cc(cc1C([Si](C)(C)C)[Si](C)(C)C)C([Si](C)(C)C)([Si](C)(C)C)[Si](C)(C)C)C([Si](C)(C)C)[Si](C)(C)C)c1c(cc(cc1C([Si](C)(C)C)[Si](C)(C)C)C([Si](C)(C)C)([Si](C)(C)C)[Si](C)(C)C)C([Si-](C)C)[Si](C)(C)C,"[4, 72, 1]","[{'functional_group': 'phosphonate', 'smiles_inds': [8]}, {'functional_group': '2-hydroxypyridine', 'smiles_inds': [32]}]",1.6299190746794185e-17
31,bottom,C[Si](C)(C)[Si]([P-]P1P2PP3P1P3P2[Si]([Si](C)(C)C)([Si](C)(C)C)[Si](C)(C)C)([Si](C)(C)C)[Si](C)(C)C,"[8, 5]","[{'functional_group': '2-methylbenzoic_acid', 'smiles_inds': [27]}]",2.3529730311515976e-17
31,bottom,IP(I)P1P(P(I)I)P1P(I)I,"[1, 5, 9]",[],6.871226525767436e-17
31,bottom,C[Si](C)(C)[Si]([P-]P1P2PP3P1P3P2[Si]([Si](C)(C)C)([Si](C)(C)C)[Si](C)(C)C)([Si](C)(C)C)[Si](C)(C)C,"[8, 5]",[],8.175395931621392e-17
31,bottom,CC(C)(C)c1cc2c(OP(Oc3c2cc(cc3C(C)(C)C)C(C)(C)C)O[Si]23O[Si]4(O[Si]5(O[Si](O2)(O[Si]2(O[Si](O3)(O[Si](O4)(O[Si](O5)(O2)C2CCCC2)C2CCCC2)C2CCCC2)C2CCCC2)C2CCCC2)C2CCCC2)C2CCCC2)c(c1)C(C)(C)C,[9],"[{'functional_group': 'trifluro', 'smiles_inds': [20]}, {'functional_group': 'iodo', 'smiles_inds': [3]}]",6.709300721967805e-16
31,bottom,CC(C)(C)C12P3PP4PP3C1(P24)C(C)(C)C,"[8, 6]","[{'functional_group': 'ethyl', 'smiles_inds': [2]}, {'functional_group': 'aldehyde', 'smiles_inds': [0]}]",1.0833978234099089e-15
31,bottom,CC(C)(C)PP1P(P(P(P1C(C)(C)C)C(C)(C)C)C(C)(C)C)C(C)(C)C,"[4, 7]","[{'functional_group': 'trichloro', 'smiles_inds': [19]}]",1.1802414131870927e-15
31,bottom,CC(C)(C)C12P3PP4PP3C1(P24)C(C)(C)C,"[8, 6]",[],2.2679645218713337e-15
31,bottom,CCc1ccc(cc1)C1=C(c2ccc(CC)cc2)C(P2P3P(P(C(C)C)C(C)C)P23)(c2ccc(CC)cc2)C(=C1c1ccc(CC)cc1)c1ccc(CC)cc1,[22],"[{'functional_group': 'amide', 'smiles_inds': [50]}, {'functional_group': 'ketone', 'smiles_inds': [45]}]",2.5447870751181704e-15
31,bottom,P1P2PP3P1P3[P-]2,"[0, 2]",[],3.2531620338913477e-15
31,bottom,C1CCC(CC1)B(CCCP(CCCB(C1CCCCC1)C1CCCCC1)CCP(CCCB(C1CCCCC1)C1CCCCC1)CCCB(C1CCCCC1)C1CCCCC1)C1CCCCC1,"[10, 29]",[],4.079701912888216e-15
31,bottom,CC(C)(C)PP1P(P(P(P1C(C)(C)C)C(C)(C)C)C(C)(C)C)C(C)(C)C,"[4, 7]","[{'functional_group': 'trifluro', 'smiles_inds': [3]}]",5.275473935411949e-15
31,bottom,CC(C)(C)PP1P(P(P(P1C(C)(C)C)C(C)(C)C)C(C)(C)C)C(C)(C)C,"[4, 7]","[{'functional_group': 'fluoro', 'smiles_inds': [0]}]",5.8029133731391036e-15
31,bottom,CC(C)(C)PP1P(P(P(P1C(C)(C)C)C(C)(C)C)C(C)(C)C)C(C)(C)C,"[4, 7]","[{'functional_group': 'cyanimide', 'smiles_inds': [15]}]",8.389669020707256e-15
31,median,CC(C)c1cccc(C(C)C)c1N=C[O-],"[14, 12]","[{'functional_group': 'cyanimide', 'smiles_inds': [10]}, {'functional_group': 'aldehyde', 'smiles_inds': [2]}]",0.3919842313907006
31,median,[nH+]1c2ccccc2nc2c1c1cccnc1c1ncccc21,"[14, 17]","[{'functional_group': 'carboxyl', 'smiles_inds': [20]}, {'functional_group': 'trichloro', 'smiles_inds': [13]}, {'functional_group': 'ethyl_ester', 'smiles_inds': [5]}, {'functional_group': 'trifluro', 'smiles_inds': [2]}, {'functional_group': 'methyl', 'smiles_inds': [0]}, {'functional_group': 'aldehyde', 'smiles_inds': [11]}, {'functional_group': 'ethyl_ester', 'smiles_inds': [4]}]",0.39201014872953605
31,median,Cc1ccccc1C(O)=O,[8],[],0.3920605130174886
31,median,CC1=NN(C(=C1)C)C([S-])=Nc1ccccc1,"[8, 2]","[{'functional_group': 'trifluro', 'smiles_inds': [5]}]",0.3920842814610556
31,median,S(Sc1ccncc1)c1ccncc1,[5],[],0.39211542736816757
31,median,OC1COc2ccccc2C=NCCNCCN=Cc2ccccc2OC1,"[3, 17, 11, 14, 0, 25]",[],0.39223926518857233
31,median,NC(C([N-]S(=O)(=O)C1=CC=CO1)c1ccccc1)c1ccccc1,"[3, 0]",[],0.39225399388575866
31,median,COc1ccc(cc1)N=CC1=NC=CN1,"[11, 8]","[{'functional_group': 'ketone', 'smiles_inds': [6]}]",0.3923497312970382
31,median,C(Sc1ccccn1)C1=CN(Cc2ccccn2)N=N1,"[10, 18]","[{'functional_group': 'phenyl', 'smiles_inds': [4]}]",0.39246557617657735
31,median,CC(C)=CCC1=C([O-])C([O-])(N2C=CC=N2)c2ccccc2C1=O,"[9, 14, 7]","[{'functional_group': 'bromo', 'smiles_inds': [3]}, {'functional_group': '2-methylbenzoic_acid', 'smiles_inds': [4]}]",0.3924760583241875
31,median,COc1cccc(C=Nc2ccccc2)n1,"[15, 8]","[{'functional_group': 'trifluro', 'smiles_inds': [4]}]",0.39251911978362114
31,median,CN(C)CCNCc1ccccc1[O-],"[13, 1, 5]","[{'functional_group': 'phosphonate', 'smiles_inds': [8]}, {'functional_group': 'iodo', 'smiles_inds': [10]}]",0.392548110487906
31,median,Cc1ccc2N=C(NC(=O)CN(Cc3ccccn3)Cc3ccccc3O)Sc2c1,"[11, 18]",[],0.3925495374100979
31,median,CC1=NN(C(=O)C1=C([N-]N=C([O-])c1ccccc1O)c1ccccc1)c1ccc(cc1)N(=O)=O,"[8, 11, 5]",[],0.3926218561513407
31,median,N1C=CN=C1c1ccccn1,"[10, 3]","[{'functional_group': 'amino', 'smiles_inds': [9]}, {'functional_group': 'ether', 'smiles_inds': [1]}, {'functional_group': 'carboxyllic_acid', 'smiles_inds': [0]}, {'functional_group': '2-methylbenzoic_acid', 'smiles_inds': [6]}, {'functional_group': 'methyl', 'smiles_inds': [2]}]",0.3926564618940519
31,median,Cc1cccc(C)c1[N-]Cc1ccccn1,"[15, 8]","[{'functional_group': 'cyano', 'smiles_inds': [13]}]",0.39266162070553284
31,median,CCN(CC)C(=S)SC,[6],[],0.39270958757282887
31,median,CN(CCCN=CC1=CC=C[N-]1)c1ccccc1,"[5, 11, 1]",[],0.39272524572931694
31,median,NCCN1CN1CCN,"[3, 0, 8]","[{'functional_group': 'phosphonate', 'smiles_inds': [4]}]",0.3927428213124576
31,median,CON=C1c2cc(OC)ccc2N=C1c1ccccc1,[12],"[{'functional_group': 'trifluro', 'smiles_inds': [17]}, {'functional_group': '2-hydroxypyridine', 'smiles_inds': [10]}]",0.3927519782286358
31,top,[nH+]1c2ccccc2nc2c1c1cccnc1c1ncccc21,"[14, 17]","[{'functional_group': 'thiol', 'smiles_inds': [0]}, {'functional_group': 'carboxylate', 'smiles_inds': [2]}, {'functional_group': 'methyl_ester', 'smiles_inds': [11]}, {'functional_group': '2-hydroxypyridine', 'smiles_inds': [5]}, {'functional_group': 'carboxylate', 'smiles_inds': [12]}]",0.9994391985893686
31,top,CNC(=O)c1ccc(C(=O)NCCN(CCNC(=O)C2=C([O-])C(=O)N(C)C=C2)CCNC(=O)C2=C([O-])C(=O)N(C)C=C2)c([O-])c1[O-],"[45, 43, 23, 35, 21, 37]","[{'functional_group': 'amino', 'smiles_inds': [39]}, {'functional_group': 'thiol', 'smiles_inds': [12]}]",0.9994922731689034
31,top,NC([Se-])=NN=Cc1ccccc1[O-],"[4, 12, 2]",[],0.9994988936727106
31,top,[nH+]1c2ccccc2nc2c1c1cccnc1c1ncccc21,"[14, 17]","[{'functional_group': 'thiol', 'smiles_inds': [0]}, {'functional_group': 'carboxylate', 'smiles_inds': [2]}, {'functional_group': 'methyl_ester', 'smiles_inds': [11]}, {'functional_group': 'thiol', 'smiles_inds': [20]}]",0.9995355445147633
31,top,NC(CN(CCN(CC(N)=NO)CC(N)=NO)CC(N)=NO)=NO,"[22, 20, 10, 15, 3, 6]","[{'functional_group': 'carboxylate', 'smiles_inds': [19]}]",0.9995530614585252
31,top,NC([Se-])=NN=Cc1ccc2ccccc2n1,"[2, 4, 15]","[{'functional_group': 'amino', 'smiles_inds': [5]}]",0.9995706224994326
31,top,O=C(NCCNC(=O)c1ccc(C(=O)NCCNC(=O)C2=C([O-])C(=O)C=CO2)c([O-])c1[O-])C1=C([O-])C(=O)C=CO1,"[36, 34, 31, 29, 22, 24]",[],0.9996047920358891
31,top,[O-]N1N=[NH+]c2ccccc12,[0],"[{'functional_group': 'amino', 'smiles_inds': [3]}]",0.9996250944972601
31,top,[Se]1N=C2C=CC=NC2=N1,[6],[],0.9997682383902392
31,top,ON1N=NN=C1N=N[N-]C1=NN=NN1[O-],"[14, 8, 4]",[],0.9998690986881905
31,top,[Se-]C1=C(CCCC1)N=NC1=C([Se-])CCCC1,"[0, 11, 7]",[],0.9998881582006994
31,top,[O-]N1N=Nc2cccnc12,"[0, 1]","[{'functional_group': 'thiol', 'smiles_inds': [6]}, {'functional_group': 'thiol', 'smiles_inds': [5]}]",0.9998944095779668
31,top,C1COCC[Te]CCOCCOCC[Te]CCO1,"[5, 14]",[],0.9999371084358275
31,top,C[Te]Cc1ccccc1C[Te]C,"[1, 10]","[{'functional_group': 'aldehyde', 'smiles_inds': [2]}, {'functional_group': 'cyanimide', 'smiles_inds': [4]}]",0.9999508477303386
31,top,C[Te]Cc1ccccc1C[Te]C,"[1, 10]","[{'functional_group': 'tribromo', 'smiles_inds': [6]}, {'functional_group': 'phenyl', 'smiles_inds': [2]}]",0.9999878449025531
31,top,O=C(NCCN(CCNC(=O)C1=CC=CC(=O)N1[O-])CCNC(=O)C1=CC=CC(=O)N1[O-])C1=CC=CC(=O)N1[O-],"[37, 39, 16, 18, 29, 31]",[],0.9999899784639693
31,top,CC(C)(C)N1[Se][Se]N([Se]N([Se]1)C(C)(C)C)C(C)(C)C,"[8, 10]",[],0.9999931307630348
31,top,Cl[Si](Cl)(Cl)[Ge]([Si](Cl)(Cl)Cl)[Si](Cl)(Cl)Cl,[4],[],0.9999999999713711
31,top,C[Te](C)CC(C)(C[Te](C)C)C[Te](C)C,"[1, 7, 11]",[],0.9999999999996942
31,top,C[Te](C)CC(C)(C[Te](C)C)C[Te](C)C,"[1, 7, 11]","[{'functional_group': 'hydroxyl', 'smiles_inds': [13]}, {'functional_group': 'trifluro', 'smiles_inds': [6]}]",0.9999999999997502
32,bottom,I[Te]1(O[Te]2(O[Te](O[Te]3(O[Te](I)(O[Te]4(O[Te](I)(O[Te]5(O[Te](O[Te]6(O[Te](I)(O[Te](O1)(O[Te]1(O[Te](O2)(O[Te](O3)(O[Te](O4)(O[Te](O5)(O[Te](O6)(O1)c1ccccc1)c1ccccc1)c1ccccc1)c1ccccc1)c1ccccc1)c1ccccc1)c1ccccc1)c1ccccc1)c1ccccc1)c1ccccc1)c1ccccc1)c1ccccc1)c1ccccc1)c1ccccc1)c1ccccc1)c1ccccc1)c1ccccc1)c1ccccc1,"[33, 39, 42, 30, 36, 45]","[{'functional_group': 'aldehyde', 'smiles_inds': [54]}]",2.1421999743601177e-31
32,bottom,CC(C)(C)P(P1P2P3P2P(P1P3P(C(C)(C)C)C(C)(C)C)P(C(C)(C)C)C(C)(C)C)C(C)(C)C,[6],[],1.276482231663556e-22
32,bottom,CC(C)(C)P(P1P2P3P2P(P1P3P(C(C)(C)C)C(C)(C)C)P(C(C)(C)C)C(C)(C)C)C(C)(C)C,[6],"[{'functional_group': 'ether', 'smiles_inds': [18]}, {'functional_group': 'tribromo', 'smiles_inds': [15]}]",3.550263711344034e-22
32,bottom,C[Si](C)(C)P1PP2PP(P1P2[Si](C)(C)C)[Si](C)(C)C,"[7, 5]",[],2.5729617089787953e-20
32,bottom,Cc1cc(C)c(B(CCCP(CCCB(c2c(C)cc(C)cc2C)c2c(C)cc(C)cc2C)CCP(CCCB(c2c(C)cc(C)cc2C)c2c(C)cc(C)cc2C)CCCB(c2c(C)cc(C)cc2C)c2c(C)cc(C)cc2C)c2c(C)cc(C)cc2C)c(C)c1,"[35, 10]","[{'functional_group': 'ethyl', 'smiles_inds': [60]}, {'functional_group': '2-methylbenzoic_acid', 'smiles_inds': [91]}, {'functional_group': 'trifluro', 'smiles_inds': [73]}]",4.016455388481182e-20
32,bottom,Cc1cc(C)c(B(CCCP(CCCB(c2c(C)cc(C)cc2C)c2c(C)cc(C)cc2C)CCP(CCCB(c2c(C)cc(C)cc2C)c2c(C)cc(C)cc2C)CCCB(c2c(C)cc(C)cc2C)c2c(C)cc(C)cc2C)c2c(C)cc(C)cc2C)c(C)c1,"[35, 10]",[],2.02775575639718e-19
32,bottom,CC(C)(C)c1cc2c(OP(Oc3c2cc(cc3C(C)(C)C)C(C)(C)C)O[Si]2(O[Si]3(O[Si](OP4Oc5c(cc(cc5C(C)(C)C)C(C)(C)C)c5cc(cc(c5O4)C(C)(C)C)C(C)(C)C)(O[Si]4(O[Si](O3)(O[Si](O2)(O[Si](O4)(O[Si](C)(c2ccccc2)c2ccccc2)C2CCCC2)C2CCCC2)C2CCCC2)C2CCCC2)C2CCCC2)C2CCCC2)C2CCCC2)c(c1)C(C)(C)C,"[9, 32]",[],3.246510785804659e-18
32,bottom,CCP1P2P(CC)P3P1P3P2CC,[2],[],5.381867873437943e-17
32,bottom,CP(CCP(C)c1c(cc(cc1C([Si](C)(C)C)[Si](C)(C)C)C([Si](C)(C)C)([Si](C)(C)C)[Si](C)(C)C)C([Si](C)(C)C)[Si](C)(C)C)c1c(cc(cc1C([Si](C)(C)C)[Si](C)(C)C)C([Si](C)(C)C)([Si](C)(C)C)[Si](C)(C)C)C([Si-](C)C)[Si](C)(C)C,"[4, 72, 1]",[],1.749287748210083e-16
32,bottom,C[Si](C)(C)P(PP1PP1P([Si](C)(C)C)[Si](C)(C)C)[Si](C)(C)C,"[5, 7]",[],9.721685064942809e-16
32,bottom,C1CCC(CC1)B(CCCP(CCCB(C1CCCCC1)C1CCCCC1)CCP(CCCB(C1CCCCC1)C1CCCCC1)CCCB(C1CCCCC1)C1CCCCC1)C1CCCCC1,"[10, 29]",[],4.273530941218895e-15
32,bottom,CC(C)(C)PP1P(P(P(P1C(C)(C)C)C(C)(C)C)C(C)(C)C)C(C)(C)C,"[4, 7]","[{'functional_group': 'carboxyllic_acid', 'smiles_inds': [2]}]",7.810172629783643e-15
32,bottom,CC(C)(C)PP1P(P(P(P1C(C)(C)C)C(C)(C)C)C(C)(C)C)C(C)(C)C,"[4, 7]",[],7.844774111671954e-15
32,bottom,C[Si](C)(C)C(c1cc(C([Si](C)(C)C)[Si](C)(C)C)c([Se]c2ccccc2Sc2ccccc2Sc2ccccc2[Se]c2c(cc(cc2C([Si](C)(C)C)[Si](C)(C)C)C([Si](C)(C)C)[Si](C)(C)C)C([Si](C)(C)C)[Si](C)(C)C)c(c1)C([Si](C)(C)C)[Si](C)(C)C)[Si](C)(C)C,"[25, 32]","[{'functional_group': 'carboxyllic_acid', 'smiles_inds': [36]}, {'functional_group': '2-methylbenzoic_acid', 'smiles_inds': [81]}, {'functional_group': 'trichloro', 'smiles_inds': [22]}]",3.8973693864648705e-14
32,bottom,CC(C)(C)c1cc2c(OP(OC3C(CO[Si](c4ccccc4)(c4ccccc4)C(C)(C)C)OC(CO[Si](c4ccccc4)(c4ccccc4)C(C)(C)C)C3OP3Oc4c(cc(cc4C(C)(C)C)C(C)(C)C)c4cc(cc(c4O3)C(C)(C)C)C(C)(C)C)Oc3c2cc(cc3C(C)(C)C)C(C)(C)C)c(c1)C(C)(C)C,"[9, 55]","[{'functional_group': 'aldehyde', 'smiles_inds': [44]}, {'functional_group': 'ketone', 'smiles_inds': [42]}]",5.4625040855215e-14
32,bottom,CC(C)(C)c1cc2c(OP(OC3C(CO[Si](c4ccccc4)(c4ccccc4)C(C)(C)C)OC(CO[Si](c4ccccc4)(c4ccccc4)C(C)(C)C)C3OP3Oc4c(cc(cc4C(C)(C)C)C(C)(C)C)c4cc(cc(c4O3)C(C)(C)C)C(C)(C)C)Oc3c2cc(cc3C(C)(C)C)C(C)(C)C)c(c1)C(C)(C)C,"[9, 55]","[{'functional_group': 'ether', 'smiles_inds': [52]}]",1.0822536081978514e-13
32,bottom,CC(C)(C)c1cc2c(OP(OC3C(CO[Si](c4ccccc4)(c4ccccc4)C(C)(C)C)OC(CO[Si](c4ccccc4)(c4ccccc4)C(C)(C)C)C3OP3Oc4c(cc(cc4C(C)(C)C)C(C)(C)C)c4cc(cc(c4O3)C(C)(C)C)C(C)(C)C)Oc3c2cc(cc3C(C)(C)C)C(C)(C)C)c(c1)C(C)(C)C,"[9, 55]",[],1.3567193927283915e-13
32,bottom,CCCC[P](CCCC)(CCCC)CCP(CCP(CCP(CC[P](CCCC)(CCCC)CCCC)CC[P](CCCC)(CCCC)CCCC)c1ccccc1)CC[P](CCCC)(CCCC)CCCC,"[15, 18, 21]","[{'functional_group': 'chloro', 'smiles_inds': [23]}]",1.5689887114282194e-13
32,bottom,CC(C)N(C(C)C)P(PP1PP1P(N(C(C)C)C(C)C)N(C(C)C)C(C)C)N(C(C)C)C(C)C,"[8, 10]",[],2.2825610207071863e-13
32,bottom,[OH2+]c1c2Sc3cc(cc(Sc4cc(cc(Sc5cc(cc(Sc1cc(c2)S(O)(=O)=O)c5[OH2+])S(O)(=O)=O)c4O)S(O)(=O)=O)c3[OH2+])S(O)(=O)=O,[40],"[{'functional_group': 'phenyl', 'smiles_inds': [11]}]",5.236899713125748e-13
32,median,COc1c(C)cnc(CSc2ccccc2C[C-]=O)c1C,"[6, 9, 17]",[],0.39852589564031665
32,median,CCN(CC)CC(C)[O-],"[2, 8]","[{'functional_group': 'ketone', 'smiles_inds': [5]}, {'functional_group': 'cyano', 'smiles_inds': [6]}]",0.3985380457167254
32,median,CC(C)(C)c1ccc(NC(=N)NC(=N)Nc2ccc(cc2)C(C)(C)C)cc1,"[10, 13]","[{'functional_group': 'bromo', 'smiles_inds': [16]}]",0.3985618719711346
32,median,CC(C)c1cccc(C(C)C)c1P,[12],[],0.398567041202828
32,median,Cc1cc(C)c(N=C2CCC(=C2[O-])C)c(C)c1,"[12, 6]","[{'functional_group': 'cyanimide', 'smiles_inds': [15]}]",0.3986245678639398
32,median,C1CN2CCCN3CCN4CCN(C1)C2C34,"[2, 6]",[],0.39864866176261327
32,median,C1CN2CCN3CCCN4CCN(C1)C2C34,"[12, 5]",[],0.39864866176261327
32,median,N#CC(=CN1C=CN=C1)c1ccccc1,[7],"[{'functional_group': 'tribromo', 'smiles_inds': [13]}, {'functional_group': 'ketone', 'smiles_inds': [14]}]",0.39866382495091823
32,median,CN(C)C(=Nc1cc(cc2cccnc12)N(=O)=O)N(C)C,"[4, 1]","[{'functional_group': 'carboxyllic_acid', 'smiles_inds': [12]}]",0.39870539487793677
32,median,OC(=O)c1ccc(CN2C=CC=C(C(=O)[O-])C2=O)cc1,"[17, 15]","[{'functional_group': 'trifluro', 'smiles_inds': [0]}]",0.39880463117514076
32,median,O=[C-]c1ccccc1[N-]S(=O)(=O)c1ccccn1,"[1, 8, 17]","[{'functional_group': '2-methylbenzoic_acid', 'smiles_inds': [3]}]",0.3988072744367168
32,median,CCCCN(CCCC)c1ccc(cc1)c1ccc(nc1c1ccccn1)c1cccc[c-]1,"[4, 26, 32]",[],0.3988184648562897
32,median,O=C(c1ccccn1)C1=[C-]N(c2ccccc12)P(=S)(c1ccccc1)c1ccccc1,"[9, 18, 10]",[],0.3988656693423306
32,median,Cc1ccnc(c1)c1ccccn1,"[4, 12]","[{'functional_group': 'ethyl', 'smiles_inds': [11]}, {'functional_group': 'amino', 'smiles_inds': [0]}, {'functional_group': '2-methylbenzoic_acid', 'smiles_inds': [2]}, {'functional_group': 'hydroxyl', 'smiles_inds': [9]}, {'functional_group': 'trifluro', 'smiles_inds': [6]}, {'functional_group': 'ethyl_ester', 'smiles_inds': [3]}]",0.39890553168534226
32,median,[nH+]1c2ccccc2nc2c1c1cccnc1c1ncccc21,"[14, 17]","[{'functional_group': 'fluoro', 'smiles_inds': [20]}, {'functional_group': 'methyl_ester', 'smiles_inds': [2]}, {'functional_group': 'carboxyl', 'smiles_inds': [12]}, {'functional_group': 'phosphonate', 'smiles_inds': [4]}, {'functional_group': 'trifluro', 'smiles_inds': [13]}]",0.39897618352643266
32,median,Cc1ccc(NC(=O)Nc2cccnc2)cc1,[13],[],0.3990176420421069
32,median,C(N1c2ccccc2N=C1c1ccc2ccc3cccc4c[c-]c1c2c34)c1ccccc1,"[22, 8]","[{'functional_group': 'aldehyde', 'smiles_inds': [18]}]",0.3990185478238638
32,median,CN(C)C(=N)ON=C(C)N,"[4, 6]","[{'functional_group': '2-methylbenzoic_acid', 'smiles_inds': [2]}, {'functional_group': 'fluoro', 'smiles_inds': [9]}]",0.39907264499039385
32,median,CC(=O)c1cccc(c1)N=Cc1cc(Br)cc(Br)c1[O-],"[9, 19]","[{'functional_group': 'ketone', 'smiles_inds': [4]}]",0.399119693152275
32,median,Oc1c2CN(CCC3=CC=CS3)Cc3cc(Cl)cc(C=NCCCN=Cc1cc(Cl)c2)c3[O-],"[20, 32]","[{'functional_group': 'chloro', 'smiles_inds': [21]}]",0.39925075996194187
32,top,CCN1C=C(C(=O)[O-])C(=O)C2=C1C1=N[Se]N=C1C=C2,"[7, 9]",[],0.9993997716299029
32,top,[NH3+][CH4+3]([NH3+])C(C)([CH4+3]([NH3+])[NH3+])[CH4+3]([NH3+])[NH3+],"[22, 35, 36, 21, 23, 37]",[],0.9994854758819985
32,top,CC1=C(C)N([O-])C(=[NH+]1)c1ccccn1,"[5, 4]","[{'functional_group': 'iodo', 'smiles_inds': [7]}, {'functional_group': 'thiol', 'smiles_inds': [11]}, {'functional_group': 'tribromo', 'smiles_inds': [10]}]",0.9995151778541201
32,top,N1C=NC(=N1)C1=NC(=N[N-]1)c1cc[nH+]cc1,"[9, 2]","[{'functional_group': 'ether', 'smiles_inds': [15]}, {'functional_group': 'cyanimide', 'smiles_inds': [13]}, {'functional_group': 'carboxylate', 'smiles_inds': [12]}, {'functional_group': 'hydroxyl', 'smiles_inds': [0]}]",0.9995439758467585
32,top,c1ccc2C3=NC45N=C6N=C(N=C7[N-]C(=NC8(N=C9[N-]C(=NC(=N3)c2c1)c1ccccc91)[N-]C(=NC(=N4)c1ccccc51)c1ccccc81)c1ccccc71)c1ccccc61,"[32, 13, 9, 36, 23, 19]",[],0.9995443469232587
32,top,C[Te]CCC[Te]C,"[1, 5]","[{'functional_group': 'iodo', 'smiles_inds': [4]}, {'functional_group': 'amide', 'smiles_inds': [0]}]",0.9995475821191382
32,top,Cc1[nH+]cc(CO)c(CN)c1[O-],"[11, 9]","[{'functional_group': 'thiol', 'smiles_inds': [3]}, {'functional_group': 'tribromo', 'smiles_inds': [8]}, {'functional_group': 'bromo', 'smiles_inds': [2]}]",0.9996162210195197
32,top,[nH+]1c2ccccc2nc2c1c1cccnc1c1ncccc21,"[14, 17]","[{'functional_group': 'thiol', 'smiles_inds': [0]}, {'functional_group': 'carboxylate', 'smiles_inds': [2]}, {'functional_group': 'methyl_ester', 'smiles_inds': [11]}, {'functional_group': 'carboxylate', 'smiles_inds': [5]}, {'functional_group': 'tribromo', 'smiles_inds': [3]}]",0.9997006223493273
32,top,CN1C=[NH+]N=C1[S-],[6],"[{'functional_group': 'tribromo', 'smiles_inds': [3]}, {'functional_group': 'thiol', 'smiles_inds': [0]}]",0.9997150061967324
32,top,N1C=NC(=N1)C1=NC(=N[N-]1)c1cc[nH+]cc1,"[9, 2]","[{'functional_group': 'thiol', 'smiles_inds': [12]}, {'functional_group': 'tribromo', 'smiles_inds': [13]}]",0.9998302253950693
32,top,ON1N=NN=C1N=N[N-]C1=NN=NN1[O-],"[14, 8, 4]","[{'functional_group': 'cyanimide', 'smiles_inds': [0]}]",0.9998988347701143
32,top,[NH3+]CCCCC(NC(=O)c1cccc([O-])c1[O-])C(=O)NCCN(CCNC(=O)C(CCCC[NH3+])NC(=O)c1cccc([O-])c1[O-])CCNC(=O)C(CCCC[NH3+])NC(=O)c1cccc([O-])c1[O-],"[14, 16, 42, 44, 64, 66]",[],0.9999149266202838
32,top,C[Te]Cc1ccccc1C[Te]C,"[1, 10]",[],0.9999743465356843
32,top,C[Te]CCC[Te]C,"[1, 5]","[{'functional_group': 'amide', 'smiles_inds': [4]}]",0.9999763474607932
32,top,C[Te]CCC[Te]C,"[1, 5]",[],0.9999859542741568
32,top,O=C(NCCN(CCNC(=O)C1=CC=CC(=O)N1[O-])CCNC(=O)C1=CC=CC(=O)N1[O-])C1=CC=CC(=O)N1[O-],"[37, 39, 16, 18, 29, 31]",[],0.999992732620448
32,top,Cl[Si](Cl)(Cl)[Ge]([Si](Cl)(Cl)Cl)[Si](Cl)(Cl)Cl,[4],[],0.9999999999491684
32,top,C[Te](C)CC(C)(C[Te](C)C)C[Te](C)C,"[1, 7, 11]","[{'functional_group': 'ethyl_ester', 'smiles_inds': [5]}, {'functional_group': 'cyano', 'smiles_inds': [6]}]",0.9999999999992306
32,top,C[Te](C)CC(C)(C[Te](C)C)C[Te](C)C,"[1, 7, 11]","[{'functional_group': 'ethyl_ester', 'smiles_inds': [12]}]",0.9999999999994622
32,top,C[Te](C)CC(C)(C[Te](C)C)C[Te](C)C,"[1, 7, 11]","[{'functional_group': 'fluoro', 'smiles_inds': [6]}]",0.9999999999997462
33,bottom,CC(C)(C)P1P2P(P(P1C(C)(C)C)C(C)(C)C)P(P(P2C(C)(C)C)C(C)(C)C)C(C)(C)C,"[17, 4]","[{'functional_group': 'carboxyllic_acid', 'smiles_inds': [21]}, {'functional_group': 'trichloro', 'smiles_inds': [26]}]",3.401534839776391e-21
33,bottom,CC(C)(C)P(P1P2P3P2P(P1P3P(C(C)(C)C)C(C)(C)C)P(C(C)(C)C)C(C)(C)C)C(C)(C)C,[6],"[{'functional_group': 'thiol', 'smiles_inds': [15]}]",7.62051700553822e-21
33,bottom,CC(C)(C)P1P2P3P2P2P1P3P(P2C(C)(C)C)C(C)(C)C,[4],[],9.8329404507876e-21
33,bottom,C[Si](C)(C)P1PP2PP(P1P2[Si](C)(C)C)[Si](C)(C)C,"[7, 5]","[{'functional_group': 'trichloro', 'smiles_inds': [16]}, {'functional_group': 'carboxyllic_acid', 'smiles_inds': [17]}]",1.2388462326876048e-19
33,bottom,C[Si](C)(C)[Si]([P-]P1P2PP3P1P3P2[Si]([Si](C)(C)C)([Si](C)(C)C)[Si](C)(C)C)([Si](C)(C)C)[Si](C)(C)C,"[8, 5]","[{'functional_group': 'ether', 'smiles_inds': [28]}, {'functional_group': 'chloro', 'smiles_inds': [31]}]",9.506351682681271e-17
33,bottom,C[Si](C)(C)[Si]([P-]P1P2PP3P1P3P2[Si]([Si](C)(C)C)([Si](C)(C)C)[Si](C)(C)C)([Si](C)(C)C)[Si](C)(C)C,"[8, 5]",[],1.8480756135149042e-16
33,bottom,CC(C)(C)PP1P(P(P(P1C(C)(C)C)C(C)(C)C)C(C)(C)C)C(C)(C)C,"[4, 7]",[],4.6268679653858714e-14
33,bottom,P1P2PP3P1P3[P-]2,"[0, 2]",[],5.067269334057609e-14
33,bottom,CCCCCC1c2cc3C(CCCCC)c4cc5C(CCCCC)c6cc7C(CCCCC)c8cc1c1OCOc2cc3OCOc4c(P(c2ccccc2)c2ccccc2)c5OCOc6cc7OCOc8c1OCc1cccc(COc2c3OCOc4cc5OCOc6c7cc8C(CCCCC)c9cc%10C(CCCCC)c(cc3C(CCCCC)c4cc5C7CCCCC)c2OCOc%10cc9OCOc8c6P(c2ccccc2)c2ccccc2)c1,"[48, 142]","[{'functional_group': 'iodo', 'smiles_inds': [18]}]",5.262636708529809e-14
33,bottom,c1ccc(cc1)P1P(P(P(P1c1ccccc1)c1ccccc1)c1ccccc1)c1ccccc1,"[8, 6]","[{'functional_group': 'chloro', 'smiles_inds': [30]}, {'functional_group': 'carboxyl', 'smiles_inds': [21]}]",1.4146494354342635e-13
33,bottom,CCc1ccc(cc1)C1=C(c2ccc(CC)cc2)C(P2P3P(P(C(C)C)C(C)C)P23)(c2ccc(CC)cc2)C(=C1c1ccc(CC)cc1)c1ccc(CC)cc1,[22],"[{'functional_group': 'amino', 'smiles_inds': [25]}]",1.4594201442062726e-13
33,bottom,CC(C)(C)c1cc2c(OP(Oc3c2cc(cc3C(C)(C)C)C(C)(C)C)O[Si]23O[Si]4(O[Si]5(O[Si](O2)(O[Si]2(O[Si](O3)(O[Si](O4)(O[Si](O5)(O2)C2CCCC2)C2CCCC2)C2CCCC2)C2CCCC2)C2CCCC2)C2CCCC2)C2CCCC2)c(c1)C(C)(C)C,[9],[],2.0561385482169087e-13
33,bottom,CC(C)(C)c1cc2c(OP(OC3C(CO[Si](c4ccccc4)(c4ccccc4)C(C)(C)C)OC(CO[Si](c4ccccc4)(c4ccccc4)C(C)(C)C)C3OP3Oc4c(cc(cc4C(C)(C)C)C(C)(C)C)c4cc(cc(c4O3)C(C)(C)C)C(C)(C)C)Oc3c2cc(cc3C(C)(C)C)C(C)(C)C)c(c1)C(C)(C)C,"[9, 55]",[],3.222453419775889e-13
33,bottom,CC(C)(C)c1cc2c(OP(OC3C(CO[Si](c4ccccc4)(c4ccccc4)C(C)(C)C)OC(CO[Si](c4ccccc4)(c4ccccc4)C(C)(C)C)C3OP3Oc4c(cc(cc4C(C)(C)C)C(C)(C)C)c4cc(cc(c4O3)C(C)(C)C)C(C)(C)C)Oc3c2cc(cc3C(C)(C)C)C(C)(C)C)c(c1)C(C)(C)C,"[9, 55]","[{'functional_group': 'cyano', 'smiles_inds': [12]}, {'functional_group': 'amide', 'smiles_inds': [23]}, {'functional_group': 'carboxylate', 'smiles_inds': [105]}]",3.3289440603271886e-13
33,bottom,C[Si](O[Si]1(O[Si]2(O[Si](OP(c3ccccc3)c3ccccc3)(O[Si]3(O[Si](OP(c4ccccc4)c4ccccc4)(O[Si](O[Si](O3)(O2)C2CCCC2)(O1)C1CCCC1)C1CCCC1)C1CCCC1)C1CCCC1)C1CCCC1)C1CCCC1)(c1ccccc1)c1ccccc1,"[27, 9]",[],3.502985929771849e-13
33,bottom,Cc1cc(C)c(P(P2P3PP23)c2c(C)cc(C)cc2C)c(C)c1,[9],"[{'functional_group': 'cyanimide', 'smiles_inds': [13]}, {'functional_group': 'trichloro', 'smiles_inds': [19]}, {'functional_group': 'methyl_ester', 'smiles_inds': [2]}]",4.541641033157247e-13
33,bottom,CC(C)(C)c1cc2c(OP(Oc3c2cc(cc3C(C)(C)C)C(C)(C)C)c2cccc3C4c5ccccc5C(c23)c2c4cccc2P2Oc3c(cc(cc3C(C)(C)C)C(C)(C)C)c3cc(cc(c3O2)C(C)(C)C)C(C)(C)C)c(c1)C(C)(C)C,"[9, 45]","[{'functional_group': 'carbonyl', 'smiles_inds': [54]}]",1.3512145158581344e-12
33,bottom,Cc1cc(C)c(P(P2P3PP23)c2c(C)cc(C)cc2C)c(C)c1,[9],"[{'functional_group': 'phenyl', 'smiles_inds': [14]}]",1.4338115589776669e-12
33,bottom,[OH2+]c1c2Sc3cc(cc(Sc4cc(cc(Sc5cc(cc(Sc1cc(c2)S(O)(=O)=O)c5[OH2+])S(O)(=O)=O)c4O)S(O)(=O)=O)c3[OH2+])S(O)(=O)=O,[40],[],2.454786811662668e-12
33,bottom,Cc1cc(C)c(P(P2P3PP23)c2c(C)cc(C)cc2C)c(C)c1,[9],[],2.524477057234749e-12
33,median,NC(C([N-]S(=O)(=O)C(F)(F)F)c1ccccc1)c1ccccc1,"[3, 0]",[],0.3967824767957742
33,median,c1ccc(cc1)C(c1ccccn1)c1ccccn1,"[12, 18]","[{'functional_group': 'methyl_ester', 'smiles_inds': [9]}]",0.39684032982919804
33,median,CC(C)(C)c1cc(cc(c1)C(C)(C)C)c1cc(nc(c1)c1cccc[c-]1)c1cc2ccccc2cn1,"[17, 35, 25]",[],0.39687812465559436
33,median,C1CCN(CC1)N=Cc1ccccn1,"[13, 6]","[{'functional_group': 'cyano', 'smiles_inds': [4]}]",0.397002756233385
33,median,CC(=Nc1ccc(F)cc1)c1cccc(n1)C(C)=Nc1ccc(F)cc1,"[18, 2, 15]","[{'functional_group': 'tribromo', 'smiles_inds': [5]}]",0.397028402475033
33,median,CCN(CC)C([S-])=NC(=O)c1c(C)cc(C)cc1C,"[9, 6]",[],0.39704027811746645
33,median,CCOc1cccc(C=NNC(=O)c2ccc(N)cc2)c1[O-],"[21, 12, 9]","[{'functional_group': 'phosphonate', 'smiles_inds': [15]}]",0.3970565446582363
33,median,Cc1ccc([O-])c(C=NCc2ccccc2)c1,"[8, 5]","[{'functional_group': 'cyanimide', 'smiles_inds': [11]}, {'functional_group': 'ethyl_ester', 'smiles_inds': [3]}, {'functional_group': 'carboxyl', 'smiles_inds': [15]}]",0.39712688880181474
33,median,Nc1ccc(cc1)c1ccnc(c1)c1ccccn1,"[18, 10]","[{'functional_group': 'carboxylate', 'smiles_inds': [0]}, {'functional_group': 'cyanimide', 'smiles_inds': [16]}, {'functional_group': 'ketone', 'smiles_inds': [12]}, {'functional_group': 'carboxyl', 'smiles_inds': [2]}, {'functional_group': 'cyano', 'smiles_inds': [17]}, {'functional_group': 'phenyl', 'smiles_inds': [15]}, {'functional_group': 'carboxyl', 'smiles_inds': [3]}]",0.3971362202557089
33,median,CC1CCC(C)N1Cc1ccccn1,"[13, 6]",[],0.39716540732325545
33,median,CN1OC(CC1c1ccccn1)c1ccccc1,"[1, 11]",[],0.39717250389286657
33,median,CC(O)c1ccccn1,"[8, 2]","[{'functional_group': 'phenyl', 'smiles_inds': [0]}, {'functional_group': 'cyanimide', 'smiles_inds': [5]}]",0.39718292478348743
33,median,CC1(C)C2CC1c1ccc(nc1C2)c1cccc([c-]1)c1ccc2C3CC(Cc2n1)C3(C)C,"[10, 28, 18]","[{'functional_group': 'methyl', 'smiles_inds': [4]}]",0.3972101535247456
33,median,Cc1cccc(n1)[As](=O)(c1cccc(C)n1)c1cccc(C)n1,"[8, 6]",[],0.39722356439758083
33,median,CC(C)Sc1nc(nc(n1)N1C=CC=N1)N1C=CC=N1,"[14, 9, 19]",[],0.3972776883244561
33,median,CC(C)(C)OC(=O)C(C#N)=C1[N-]N=NN1C(C)(C)C,"[6, 11]",[],0.3972872997005278
33,median,CC(=N)N1N=Cc2ccccc12,"[4, 2]","[{'functional_group': 'ethyl_ester', 'smiles_inds': [0]}, {'functional_group': 'trifluro', 'smiles_inds': [5]}]",0.3973576856400759
33,median,O=C1NCCOCCOCCNC(=O)c2ccccc12,"[0, 13]",[],0.39735925383973336
33,median,NC1CCCCC1N=Cc1ccc(Br)cc1[O-],"[16, 7, 0]","[{'functional_group': 'ethyl_ester', 'smiles_inds': [2]}, {'functional_group': 'aldehyde', 'smiles_inds': [6]}, {'functional_group': 'carbonyl', 'smiles_inds': [10]}, {'functional_group': 'tribromo', 'smiles_inds': [4]}]",0.3973771660743734
33,median,Nc1ccc(cc1)c1ccnc(c1)c1ccccn1,"[18, 10]","[{'functional_group': 'hydroxyl', 'smiles_inds': [12]}, {'functional_group': 'fluoro', 'smiles_inds': [14]}, {'functional_group': 'phenyl', 'smiles_inds': [16]}, {'functional_group': 'cyano', 'smiles_inds': [17]}, {'functional_group': 'methyl_ester', 'smiles_inds': [3]}]",0.39738249764622874
33,top,CC1=C(C)N([O-])C(=[NH+]1)C1=NC=CN1,"[9, 5]","[{'functional_group': 'hydroxyl', 'smiles_inds': [7]}]",0.9991698126362168
33,top,O=C([O-])C(Cc1ccccc1)N=CC1=CNC=N1,"[2, 17, 11]","[{'functional_group': 'ethyl', 'smiles_inds': [7]}, {'functional_group': 'thiol', 'smiles_inds': [10]}, {'functional_group': 'tribromo', 'smiles_inds': [4]}, {'functional_group': 'thiol', 'smiles_inds': [15]}]",0.9991934607920097
33,top,ON1CCNCC2(CNCCNCC(CNCCN([O-])C2)(C1)N(=O)=O)N(=O)=O,"[4, 1, 18, 15, 8, 11]","[{'functional_group': 'thiol', 'smiles_inds': [14]}, {'functional_group': 'trifluro', 'smiles_inds': [5]}]",0.9992574240655295
33,top,O=C([O-])CN(CCCCN(CC(=O)[O-])CC(=O)[O-])CC(=O)[O-],"[9, 4, 2, 13, 17, 21]","[{'functional_group': 'thiol', 'smiles_inds': [18]}, {'functional_group': 'tribromo', 'smiles_inds': [14]}, {'functional_group': 'bromo', 'smiles_inds': [3]}]",0.9992610758476741
33,top,[Se]1N=C2C=CC=NC2=N1,[6],"[{'functional_group': 'cyanimide', 'smiles_inds': [4]}]",0.999266767969938
33,top,[Se]1N=C2C=CC=NC2=N1,[6],[],0.9994559484633687
33,top,O=C(NCCNC(=O)c1ccc(C(=O)NCCNC(=O)C2=C([O-])C(=O)C=CO2)c([O-])c1[O-])C1=C([O-])C(=O)C=CO1,"[36, 34, 31, 29, 22, 24]",[],0.9996434767968737
33,top,[nH+]1c2ccccc2nc2c1c1cccnc1c1ncccc21,"[14, 17]","[{'functional_group': 'carboxyl', 'smiles_inds': [20]}, {'functional_group': 'carboxylate', 'smiles_inds': [11]}, {'functional_group': 'tribromo', 'smiles_inds': [3]}, {'functional_group': 'aldehyde', 'smiles_inds': [0]}, {'functional_group': 'thiol', 'smiles_inds': [18]}, {'functional_group': 'carboxylate', 'smiles_inds': [19]}]",0.9996652090365756
33,top,NC1CCCCC1N=Cc1ccc(Br)cc1[O-],"[16, 7, 0]","[{'functional_group': 'thiol', 'smiles_inds': [3]}, {'functional_group': 'cyanimide', 'smiles_inds': [1]}, {'functional_group': 'carboxyllic_acid', 'smiles_inds': [5]}, {'functional_group': 'thiol', 'smiles_inds': [8]}, {'functional_group': 'thiol', 'smiles_inds': [4]}]",0.9997518000384856
33,top,ON1N=NN=C1N=N[N-]C1=NN=NN1[O-],"[14, 8, 4]",[],0.9998427589273545
33,top,[Se]1N=C2c3cccnc3c3ncccc3C2=N1,"[7, 10]","[{'functional_group': 'tribromo', 'smiles_inds': [4]}]",0.9998853480714052
33,top,C1COCC[Te]CCOCCOCC[Te]CCO1,"[5, 14]","[{'functional_group': '2-hydroxypyridine', 'smiles_inds': [7]}, {'functional_group': 'chloro', 'smiles_inds': [13]}]",0.9998973225116237
33,top,[NH3+]CCCCC(NC(=O)c1cccc([O-])c1[O-])C(=O)NCCN(CCNC(=O)C(CCCC[NH3+])NC(=O)c1cccc([O-])c1[O-])CCNC(=O)C(CCCC[NH3+])NC(=O)c1cccc([O-])c1[O-],"[14, 16, 42, 44, 64, 66]",[],0.9999201125173957
33,top,C[Te]Cc1ccccc1C[Te]C,"[1, 10]",[],0.999955478031588
33,top,C[Te]CCC[Te]C,"[1, 5]","[{'functional_group': 'chloro', 'smiles_inds': [3]}]",0.9999602266957001
33,top,C[Te]Cc1ccccc1C[Te]C,"[1, 10]","[{'functional_group': 'amide', 'smiles_inds': [0]}, {'functional_group': 'carboxylate', 'smiles_inds': [9]}, {'functional_group': 'aldehyde', 'smiles_inds': [6]}]",0.9999637853392346
33,top,C[Te]CC1(CC1)C[Te]C,"[1, 7]",[],0.9999683981227065
33,top,C1COCC[Te]CCOCCOCC[Te]CCO1,"[5, 14]","[{'functional_group': 'thiol', 'smiles_inds': [1]}, {'functional_group': 'chloro', 'smiles_inds': [16]}]",0.9999788129907221
33,top,C[Te]CC(C)(C[Te]C)C[Te]C,"[1, 6, 9]",[],0.9999997987273018
33,top,Cl[Si](Cl)(Cl)[Ge]([Si](Cl)(Cl)Cl)[Si](Cl)(Cl)Cl,[4],[],0.9999999990818067
34,bottom,CC(C)(C)P(P1P2P3P2P(P1P3P(C(C)(C)C)C(C)(C)C)P(C(C)(C)C)C(C)(C)C)C(C)(C)C,[6],"[{'functional_group': 'ethyl_ester', 'smiles_inds': [25]}]",6.930349919194828e-23
34,bottom,CC(C)(C)P(P1P2P3P2P(P1P3P(C(C)(C)C)C(C)(C)C)P(C(C)(C)C)C(C)(C)C)C(C)(C)C,[6],[],1.3687149653699078e-22
34,bottom,CC(C)(C)P(P1P2P3P2P(P1P3P(C(C)(C)C)C(C)(C)C)P(C(C)(C)C)C(C)(C)C)C(C)(C)C,[6],"[{'functional_group': 'bromo', 'smiles_inds': [14]}]",2.6282737393101155e-22
34,bottom,C[Si](C)(C)c1cc(cc(c1)[Si](C#CP(C#C[Si](c1cc(cc(c1)[Si](C)(C)C)[Si](C)(C)C)(c1cc(cc(c1)[Si](C)(C)C)[Si](C)(C)C)c1cc(cc(c1)[Si](C)(C)C)[Si](C)(C)C)C#C[Si](c1cc(cc(c1)[Si](C)(C)C)[Si](C)(C)C)(c1cc(cc(c1)[Si](C)(C)C)[Si](C)(C)C)c1cc(cc(c1)[Si](C)(C)C)[Si](C)(C)C)(c1cc(cc(c1)[Si](C)(C)C)[Si](C)(C)C)c1cc(cc(c1)[Si](C)(C)C)[Si](C)(C)C)[Si](C)(C)C,[13],"[{'functional_group': 'bromo', 'smiles_inds': [9]}]",3.763982570218642e-22
34,bottom,C[Si](C)(C)c1cc(cc(c1)[Si](C#CP(C#C[Si](c1cc(cc(c1)[Si](C)(C)C)[Si](C)(C)C)(c1cc(cc(c1)[Si](C)(C)C)[Si](C)(C)C)c1cc(cc(c1)[Si](C)(C)C)[Si](C)(C)C)C#C[Si](c1cc(cc(c1)[Si](C)(C)C)[Si](C)(C)C)(c1cc(cc(c1)[Si](C)(C)C)[Si](C)(C)C)c1cc(cc(c1)[Si](C)(C)C)[Si](C)(C)C)(c1cc(cc(c1)[Si](C)(C)C)[Si](C)(C)C)c1cc(cc(c1)[Si](C)(C)C)[Si](C)(C)C)[Si](C)(C)C,[13],[],3.9058070057469736e-22
34,bottom,CC(C)(C)P1P2P(P(P1C(C)(C)C)C(C)(C)C)P(P(P2C(C)(C)C)C(C)(C)C)C(C)(C)C,"[17, 4]",[],6.639017254419586e-22
34,bottom,C[Si](C)(C)c1cc(cc(c1)[Si](C#CP(C#C[Si](c1cc(cc(c1)[Si](C)(C)C)[Si](C)(C)C)(c1cc(cc(c1)[Si](C)(C)C)[Si](C)(C)C)c1cc(cc(c1)[Si](C)(C)C)[Si](C)(C)C)C#C[Si](c1cc(cc(c1)[Si](C)(C)C)[Si](C)(C)C)(c1cc(cc(c1)[Si](C)(C)C)[Si](C)(C)C)c1cc(cc(c1)[Si](C)(C)C)[Si](C)(C)C)(c1cc(cc(c1)[Si](C)(C)C)[Si](C)(C)C)c1cc(cc(c1)[Si](C)(C)C)[Si](C)(C)C)[Si](C)(C)C,[13],"[{'functional_group': 'tribromo', 'smiles_inds': [67]}, {'functional_group': 'tribromo', 'smiles_inds': [112]}]",1.0427311671266284e-20
34,bottom,Cc1cc(C)c(B(CCCP(CCCB(c2c(C)cc(C)cc2C)c2c(C)cc(C)cc2C)CCP(CCCB(c2c(C)cc(C)cc2C)c2c(C)cc(C)cc2C)CCCB(c2c(C)cc(C)cc2C)c2c(C)cc(C)cc2C)c2c(C)cc(C)cc2C)c(C)c1,"[35, 10]","[{'functional_group': 'phosphonate', 'smiles_inds': [0]}]",1.4188254241871078e-20
34,bottom,C[Si](C)(C)P1PP2PP(P1P2[Si](C)(C)C)[Si](C)(C)C,"[7, 5]","[{'functional_group': 'ethyl_ester', 'smiles_inds': [3]}]",1.454123389253371e-20
34,bottom,C[Si](C)(C)P1PP2PP(P1P2[Si](C)(C)C)[Si](C)(C)C,"[7, 5]",[],2.871832544635337e-20
34,bottom,CCP1P2P(CC)P3P1P3P2CC,[2],"[{'functional_group': 'carboxyl', 'smiles_inds': [0]}, {'functional_group': 'hydroxyl', 'smiles_inds': [1]}]",5.0025045675486446e-17
34,bottom,CP(CCP(C)c1c(cc(cc1C([Si](C)(C)C)[Si](C)(C)C)C([Si](C)(C)C)([Si](C)(C)C)[Si](C)(C)C)C([Si](C)(C)C)[Si](C)(C)C)c1c(cc(cc1C([Si](C)(C)C)[Si](C)(C)C)C([Si](C)(C)C)([Si](C)(C)C)[Si](C)(C)C)C([Si-](C)C)[Si](C)(C)C,"[4, 72, 1]",[],1.1388132480143404e-16
34,bottom,CCP1P2P(CC)P3P1P3P2CC,[2],"[{'functional_group': 'carboxylate', 'smiles_inds': [5]}]",1.163129455449807e-16
34,bottom,CCP1P2P(CC)P3P1P3P2CC,[2],"[{'functional_group': 'tribromo', 'smiles_inds': [6]}, {'functional_group': 'ethyl', 'smiles_inds': [5]}]",1.3051804913054333e-16
34,bottom,C[Si](C)(C)P(PP1PP1P([Si](C)(C)C)[Si](C)(C)C)[Si](C)(C)C,"[5, 7]","[{'functional_group': 'ethyl', 'smiles_inds': [20]}, {'functional_group': 'ethyl', 'smiles_inds': [3]}]",4.585726326943691e-16
34,bottom,C1CCC(CC1)B(CCCP(CCCB(C1CCCCC1)C1CCCCC1)CCP(CCCB(C1CCCCC1)C1CCCCC1)CCCB(C1CCCCC1)C1CCCCC1)C1CCCCC1,"[10, 29]","[{'functional_group': '2-hydroxypyridine', 'smiles_inds': [39]}]",4.713161163827124e-15
34,bottom,CCCCCC1c2cc3C(CCCCC)c4cc5C(CCCCC)c6cc7C(CCCCC)c8cc1c1OCOc2cc3OCOc4c(P(c2ccccc2)c2ccccc2)c5OCOc6cc7OCOc8c1OCc1cccc(COc2c3OCOc4cc5OCOc6c7cc8C(CCCCC)c9cc%10C(CCCCC)c(cc3C(CCCCC)c4cc5C7CCCCC)c2OCOc%10cc9OCOc8c6P(c2ccccc2)c2ccccc2)c1,"[48, 142]","[{'functional_group': 'chloro', 'smiles_inds': [144]}, {'functional_group': 'carbonyl', 'smiles_inds': [78]}]",9.981051753714128e-15
34,bottom,IP(I)P1P(P(I)I)P1P(I)I,"[1, 5, 9]",[],3.8151207190943704e-14
34,bottom,C[Si](O[Si]1(O[Si]2(O[Si](OP(c3ccccc3)c3ccccc3)(O[Si]3(O[Si](OP(c4ccccc4)c4ccccc4)(O[Si](O[Si](O3)(O2)C2CCCC2)(O1)C1CCCC1)C1CCCC1)C1CCCC1)C1CCCC1)C1CCCC1)C1CCCC1)(c1ccccc1)c1ccccc1,"[27, 9]","[{'functional_group': 'carbonyl', 'smiles_inds': [30]}]",4.785088094178193e-14
34,bottom,Cc1cc(C)c(c(C)c1)c1cccc(c1P1SP(SP(S1)c1c(cccc1c1c(C)cc(C)cc1C)c1c(C)cc(C)cc1C)c1c(cccc1c1c(C)cc(C)cc1C)c1c(C)cc(C)cc1C)c1c(C)cc(C)cc1C,"[15, 19, 17]",[],7.807205625786695e-14
34,median,CCOc1ccc(cc1)C1=NCCO1,[10],"[{'functional_group': 'aldehyde', 'smiles_inds': [11]}]",0.3796778815886646
34,median,CC(C)C1COC(=N1)CC1=NC(CO1)C(C)C,"[7, 10]",[],0.3797013073483906
34,median,Fc1ccccc1C=NCCN=Cc1ccccc1F,"[8, 11]",[],0.3797022288871206
34,median,OCCN(CCO)c1ccc(cc1)c1cc(nc(c1)c1ccccn1)c1ccccn1,"[16, 3, 24]","[{'functional_group': 'methyl_ester', 'smiles_inds': [29]}]",0.37974738330043967
34,median,COc1ccc(cc1)N=C1C=C2N(c3ccc(OC)cc3)c3cc(OC)ccc3N=C2C2=C1[N-]c1ccc(OC)cc1O2,"[33, 8]","[{'functional_group': 'tribromo', 'smiles_inds': [35]}, {'functional_group': 'methyl', 'smiles_inds': [39]}, {'functional_group': 'tribromo', 'smiles_inds': [25]}]",0.37976997496726467
34,median,Cc1cc(CO)c([O-])c(C=Nc2ccc3c(Cc4ccccc34)c2)c1,"[10, 7]",[],0.379778871237823
34,median,Ic1ccccc1N=Cc1c([O-])ccc2ccccc12,"[11, 7]","[{'functional_group': 'ketone', 'smiles_inds': [4]}, {'functional_group': 'ketone', 'smiles_inds': [8]}]",0.3797873302370014
34,median,Nc1ccc(cc1)c1ccnc(c1)c1ccccn1,"[18, 10]","[{'functional_group': 'amino', 'smiles_inds': [5]}, {'functional_group': 'trichloro', 'smiles_inds': [16]}]",0.3797884680432582
34,median,Nc1ccc(cc1)c1ccnc(c1)c1ccccn1,"[18, 10]","[{'functional_group': 'amino', 'smiles_inds': [6]}, {'functional_group': 'trichloro', 'smiles_inds': [3]}]",0.37978846804325955
34,median,COC(=O)C12CN(Cc3ccccn3)CC(C(N(Cc3ccccn3)C1c1ccccn1)c1ccccn1)(C(=O)OC)C2(O)O,"[17, 6, 31, 37, 24, 13]","[{'functional_group': 'ether', 'smiles_inds': [27]}]",0.37980847837410386
34,median,COc1ccc(cc1)C1=NC(C(=O)O1)(c1ccccc1)C1(N=C(OC1=O)c1ccc(OC)cc1)c1ccccc1,"[21, 9]","[{'functional_group': 'tribromo', 'smiles_inds': [36]}]",0.3798206595133883
34,median,O=N(=O)c1cccc(c1)N=CC=Nc1cccc(c1)N(=O)=O,"[9, 12]","[{'functional_group': 'cyano', 'smiles_inds': [15]}, {'functional_group': 'chloro', 'smiles_inds': [10]}, {'functional_group': 'thiol', 'smiles_inds': [11]}]",0.3798282143289316
34,median,CC1=NC=C(N1)N(=O)=O,[2],"[{'functional_group': 'cyano', 'smiles_inds': [5]}]",0.3798504802284516
34,median,CCCCCCC(=O)OC(c1ccccn1)(c1ccccn1)c1ccccn1,"[15, 21, 27]","[{'functional_group': 'hydroxyl', 'smiles_inds': [18]}]",0.37989397967956057
34,median,O=C([O-])C1CSC(=N1)c1ccccc1,"[2, 7]","[{'functional_group': 'trichloro', 'smiles_inds': [3]}]",0.3798953442058581
34,median,Cc1ccc(cc1)[N-]CC(C)(C[N-]c1ccc(C)cc1)c1ccccn1,"[25, 7, 12]","[{'functional_group': 'carboxyl', 'smiles_inds': [6]}]",0.3799477838324712
34,median,CCOP(=O)(OCC)C(N)CCSC,"[12, 9]",[],0.37998051388742127
34,median,CC(C)(C)C1CC=C(N=C1)c1ccccn1,"[15, 8]","[{'functional_group': 'methyl', 'smiles_inds': [3]}]",0.3799816908340234
34,median,C[Ge](Cl)Cl,[1],"[{'functional_group': 'aldehyde', 'smiles_inds': [0]}]",0.3800262087342772
34,median,CC12CNCCNCC([NH2+]CC3=CSC=C3)(CNCCNC1)CNCCNC2,"[17, 26, 20, 6, 23, 3]","[{'functional_group': 'ethyl_ester', 'smiles_inds': [25]}, {'functional_group': 'ketone', 'smiles_inds': [19]}, {'functional_group': 'amide', 'smiles_inds': [2]}, {'functional_group': 'fluoro', 'smiles_inds': [12]}, {'functional_group': 'cyanimide', 'smiles_inds': [4]}]",0.3801203709140227
34,top,[nH+]1c2ccccc2nc2c1c1cccnc1c1ncccc21,"[14, 17]","[{'functional_group': 'carboxyl', 'smiles_inds': [20]}, {'functional_group': 'carboxylate', 'smiles_inds': [11]}, {'functional_group': 'tribromo', 'smiles_inds': [3]}, {'functional_group': 'aldehyde', 'smiles_inds': [0]}, {'functional_group': 'tribromo', 'smiles_inds': [18]}]",0.9994544672510597
34,top,[nH+]1c2ccccc2nc2c1c1cccnc1c1ncccc21,"[14, 17]","[{'functional_group': 'carboxyl', 'smiles_inds': [20]}, {'functional_group': 'carboxylate', 'smiles_inds': [11]}, {'functional_group': 'tribromo', 'smiles_inds': [3]}, {'functional_group': 'aldehyde', 'smiles_inds': [0]}, {'functional_group': 'tribromo', 'smiles_inds': [4]}]",0.9994544672510597
34,top,[Se]1N=C2C=CC=NC2=N1,[6],[],0.9995225968240291
34,top,[nH+]1c2ccccc2nc2c1c1cccnc1c1ncccc21,"[14, 17]","[{'functional_group': '2-hydroxypyridine', 'smiles_inds': [4]}, {'functional_group': 'tribromo', 'smiles_inds': [20]}, {'functional_group': 'ether', 'smiles_inds': [0]}, {'functional_group': 'thiol', 'smiles_inds': [19]}]",0.9995605932754077
34,top,C[Si](C)(C)[Si]([Si](C)(C)C)([Si](C)(C)C)[Si](C)(O)[Si](C)([O-])[Si]([Si](C)(C)C)([Si](C)(C)C)[Si](C)(C)C,"[15, 18]","[{'functional_group': 'amino', 'smiles_inds': [26]}]",0.9997038660036333
34,top,[NH3+][CH4+3]([NH3+])C(C)([CH4+3]([NH3+])[NH3+])[CH4+3]([NH3+])[NH3+],"[22, 35, 36, 21, 23, 37]","[{'functional_group': 'chloro', 'smiles_inds': [2]}]",0.999715505064899
34,top,O=C(NCCNC(=O)c1ccc(C(=O)NCCNC(=O)C2=C([O-])C(=O)C=CO2)c([O-])c1[O-])C1=C([O-])C(=O)C=CO1,"[36, 34, 31, 29, 22, 24]",[],0.9997722907818588
34,top,C1COCC[Te]CCOCCOCC[Te]CCO1,"[5, 14]",[],0.999845863678926
34,top,N1C23[CH4+3]4[CH4+3]2C134,[12],[],0.9998485634360218
34,top,C[Te]Cc1ccccc1C[Te]C,"[1, 10]","[{'functional_group': 'ethyl', 'smiles_inds': [4]}]",0.9998685274823681
34,top,C[Te]CCC[Te]C,"[1, 5]","[{'functional_group': 'amide', 'smiles_inds': [2]}, {'functional_group': 'chloro', 'smiles_inds': [0]}]",0.9998866198380271
34,top,O=C(NCCN(CCNC(=O)C1=CC=CC(=O)N1[O-])CCNC(=O)C1=CC=CC(=O)N1[O-])C1=CC=CC(=O)N1[O-],"[37, 39, 16, 18, 29, 31]","[{'functional_group': 'hydroxyl', 'smiles_inds': [35]}, {'functional_group': 'iodo', 'smiles_inds': [7]}]",0.9999191455593283
34,top,C[Te]Cc1ccccc1C[Te]C,"[1, 10]",[],0.9999299871480745
34,top,C[Te]CCC[Te]C,"[1, 5]","[{'functional_group': 'ethyl', 'smiles_inds': [4]}]",0.9999344528532628
34,top,I[Te](I)I[Te](I)(I)I,"[1, 4]",[],0.9999835553881227
34,top,C[Te]CC1(CC1)C[Te]C,"[1, 7]","[{'functional_group': 'thiol', 'smiles_inds': [6]}]",0.9999936503035796
34,top,O=C(NCCN(CCNC(=O)C1=CC=CC(=S)N1[O-])CCNC(=O)C1=CC=CC(=S)N1[O-])C1=CC=CC(=S)N1[O-],"[37, 16, 29, 39, 18, 31]",[],0.9999996668059206
34,top,I[Te](I)I([Te](I)I)[Te](I)I,"[1, 4, 7]",[],0.9999997662801243
34,top,C[Te](C)CC(C)(C[Te](C)C)C[Te](C)C,"[1, 7, 11]","[{'functional_group': '2-methylbenzoic_acid', 'smiles_inds': [10]}]",0.9999999999803699
34,top,C[Te](C)CC(C)(C[Te](C)C)C[Te](C)C,"[1, 7, 11]",[],0.9999999999940978
35,bottom,CC(C)(C)P1P2P3P2P2P1P3P(P2C(C)(C)C)C(C)(C)C,[4],"[{'functional_group': 'cyano', 'smiles_inds': [15]}]",5.3286269804268455e-21
35,bottom,CC(C)(C)P1P2P3P2P2P1P3P(P2C(C)(C)C)C(C)(C)C,[4],[],8.270730280179343e-21
35,bottom,CC(C)(C)P1P2P(P(P1C(C)(C)C)C(C)(C)C)P(P(P2C(C)(C)C)C(C)(C)C)C(C)(C)C,"[17, 4]",[],1.3172059224698383e-20
35,bottom,CC(C)(C)P1P2P3P2P2P1P3P(P2C(C)(C)C)C(C)(C)C,[4],"[{'functional_group': 'cyanimide', 'smiles_inds': [19]}]",1.3822784646307162e-20
35,bottom,CC(C)(C)P1P2P3P2P2P1P3P(P2C(C)(C)C)C(C)(C)C,[4],"[{'functional_group': 'thiol', 'smiles_inds': [2]}]",5.924500610812341e-20
35,bottom,Cc1cc(C)c(B(CCCP(CCCB(c2c(C)cc(C)cc2C)c2c(C)cc(C)cc2C)CCP(CCCB(c2c(C)cc(C)cc2C)c2c(C)cc(C)cc2C)CCCB(c2c(C)cc(C)cc2C)c2c(C)cc(C)cc2C)c2c(C)cc(C)cc2C)c(C)c1,"[35, 10]","[{'functional_group': 'methyl_ester', 'smiles_inds': [34]}, {'functional_group': 'ether', 'smiles_inds': [8]}]",3.987049044810721e-19
35,bottom,Cc1cc(C)c(B(CCCP(CCCB(c2c(C)cc(C)cc2C)c2c(C)cc(C)cc2C)CCP(CCCB(c2c(C)cc(C)cc2C)c2c(C)cc(C)cc2C)CCCB(c2c(C)cc(C)cc2C)c2c(C)cc(C)cc2C)c2c(C)cc(C)cc2C)c(C)c1,"[35, 10]",[],7.549367948580794e-19
35,bottom,C1CCC(CC1)B(CCCP(CCCB(C1CCCCC1)C1CCCCC1)CCP(CCCB(C1CCCCC1)C1CCCCC1)CCCB(C1CCCCC1)C1CCCCC1)C1CCCCC1,"[10, 29]",[],3.8464662041453026e-15
35,bottom,CP(CCP(C)c1c(cc(cc1C([Si](C)(C)C)[Si](C)(C)C)C([Si](C)(C)C)([Si](C)(C)C)[Si](C)(C)C)C([Si](C)(C)C)[Si](C)(C)C)c1c(cc(cc1C([Si](C)(C)C)[Si](C)(C)C)C([Si](C)(C)C)([Si](C)(C)C)[Si](C)(C)C)C([Si-](C)C)[Si](C)(C)C,"[4, 72, 1]","[{'functional_group': 'carboxylate', 'smiles_inds': [45]}, {'functional_group': 'cyanimide', 'smiles_inds': [69]}, {'functional_group': 'ethyl_ester', 'smiles_inds': [38]}]",6.5621698498333105e-15
35,bottom,C[Si](C)(C)P(PP1PP1P([Si](C)(C)C)[Si](C)(C)C)[Si](C)(C)C,"[5, 7]","[{'functional_group': 'carboxyl', 'smiles_inds': [11]}, {'functional_group': 'ether', 'smiles_inds': [2]}]",1.0649728820647461e-14
35,bottom,C[Si](C)(C)P(PP1PP1P([Si](C)(C)C)[Si](C)(C)C)[Si](C)(C)C,"[5, 7]",[],1.3270577484902048e-14
35,bottom,CC(C)(C)C12P3PP4PP3C1(P24)C(C)(C)C,"[8, 6]","[{'functional_group': 'cyano', 'smiles_inds': [14]}, {'functional_group': 'hydroxyl', 'smiles_inds': [2]}]",1.7978368289832204e-14
35,bottom,CCc1ccc(cc1)C1=C(c2ccc(CC)cc2)C(P2P3P(P(C(C)C)C(C)C)P23)(c2ccc(CC)cc2)C(=C1c1ccc(CC)cc1)c1ccc(CC)cc1,[22],"[{'functional_group': 'trifluro', 'smiles_inds': [49]}]",4.491068867583928e-14
35,bottom,CC(C)(C)PP1P(P(P(P1C(C)(C)C)C(C)(C)C)C(C)(C)C)C(C)(C)C,"[4, 7]",[],4.495699314512793e-14
35,bottom,c1ccc(cc1)P1P(P(P(P1c1ccccc1)c1ccccc1)c1ccccc1)c1ccccc1,"[8, 6]","[{'functional_group': '2-methylbenzoic_acid', 'smiles_inds': [33]}]",5.706252712853225e-14
35,bottom,CC(C)(C)c1cc2c(OP(OC3C(CO[Si](c4ccccc4)(c4ccccc4)C(C)(C)C)OC(CO[Si](c4ccccc4)(c4ccccc4)C(C)(C)C)C3OP3Oc4c(cc(cc4C(C)(C)C)C(C)(C)C)c4cc(cc(c4O3)C(C)(C)C)C(C)(C)C)Oc3c2cc(cc3C(C)(C)C)C(C)(C)C)c(c1)C(C)(C)C,"[9, 55]","[{'functional_group': 'amide', 'smiles_inds': [46]}]",1.1264621297859838e-13
35,bottom,[OH2+]c1c2Sc3cc(cc(Sc4cc(cc(Sc5cc(cc(Sc1cc(c2)S(O)(=O)=O)c5[OH2+])S(O)(=O)=O)c4O)S(O)(=O)=O)c3[OH2+])S(O)(=O)=O,[40],"[{'functional_group': 'fluoro', 'smiles_inds': [17]}, {'functional_group': 'aldehyde', 'smiles_inds': [27]}, {'functional_group': 'chloro', 'smiles_inds': [13]}]",1.3964673163798098e-13
35,bottom,c1ccc(cc1)P1P(P(P(P1c1ccccc1)c1ccccc1)c1ccccc1)c1ccccc1,"[8, 6]",[],1.6101987993315743e-13
35,bottom,CCCC[P](CCCC)(CCCC)CCP(CCP(CCP(CC[P](CCCC)(CCCC)CCCC)CC[P](CCCC)(CCCC)CCCC)c1ccccc1)CC[P](CCCC)(CCCC)CCCC,"[15, 18, 21]",[],2.366053203615608e-13
35,bottom,[OH2+]c1c2Sc3cc(cc(Sc4cc(cc(Sc5cc(cc(Sc1cc(c2)S(O)(=O)=O)c5[OH2+])S(O)(=O)=O)c4O)S(O)(=O)=O)c3[OH2+])S(O)(=O)=O,[40],[],2.6935254453553175e-13
35,median,CCN1c2ccc(cc2N=C1c1cccc(n1)C1=Nc2cc(ccc2N1CC)C(=O)OC)C(=O)OC,"[9, 2, 18]","[{'functional_group': 'fluoro', 'smiles_inds': [31]}, {'functional_group': 'tribromo', 'smiles_inds': [23]}]",0.40023420027359363
35,median,O=C(Nc1cccc2[nH+]cccc12)C1=CNC=N1,"[0, 17]","[{'functional_group': 'ethyl_ester', 'smiles_inds': [2]}]",0.4002777826347459
35,median,CC(=N)N1C=CC=N1,"[7, 2]","[{'functional_group': 'trichloro', 'smiles_inds': [6]}]",0.4002806980875748
35,median,Cc1ccccc1NC(=S)NC(=O)C1=CC=CS1,[9],[],0.4002811656715386
35,median,CC(C)NCc1cc(cc(CO)c1[S-])C(C)(C)C,"[13, 3]","[{'functional_group': 'ketone', 'smiles_inds': [6]}, {'functional_group': 'carboxyllic_acid', 'smiles_inds': [8]}]",0.4003020456722648
35,median,N1C=CN=C1c1ccccn1,"[10, 3]","[{'functional_group': 'phenyl', 'smiles_inds': [0]}, {'functional_group': 'carboxyllic_acid', 'smiles_inds': [2]}]",0.4003220463840599
35,median,CC(=NNC(=[Se])N1CC2CCC(CC2)C1)c1ccccn1,"[5, 6, 2]",[],0.4003231680798277
35,median,CC([Se-])CN(C)C,"[2, 4]","[{'functional_group': 'ethyl', 'smiles_inds': [0]}]",0.40033972258733785
35,median,Cc1cc(C)c(c(C)c1)C([S-])=NC(C)(C)C,"[10, 11]",[],0.40047665258525317
35,median,N1C=CN=C1c1ccccn1,"[10, 3]","[{'functional_group': 'ether', 'smiles_inds': [2]}, {'functional_group': 'trifluro', 'smiles_inds': [9]}, {'functional_group': 'methyl', 'smiles_inds': [8]}, {'functional_group': 'ethyl', 'smiles_inds': [0]}]",0.4004875014987651
35,median,CCSC(=N)Cc1ccccc1,[4],"[{'functional_group': 'methyl_ester', 'smiles_inds': [10]}, {'functional_group': 'ether', 'smiles_inds': [5]}]",0.4005208014590882
35,median,Nc1ccc(cc1)N=Nc1ccccc1,[0],"[{'functional_group': 'aldehyde', 'smiles_inds': [2]}]",0.40054383373568003
35,median,C1CSCC2=CC=C(CSCCS1)S2,"[2, 12]",[],0.40063439125650735
35,median,NCCNCCO,"[0, 3]","[{'functional_group': 'phosphonate', 'smiles_inds': [1]}]",0.40063619543503515
35,median,CCC(=[C-]c1ccccc1)C(C)=O,"[12, 3]",[],0.40071418154022065
35,median,CCCCCc1ccncc1,[8],[],0.40073505974692036
35,median,O=N(=O)c1ccc([O-])c(C=NN=C([O-])c2ccncc2)c1,"[13, 10, 7]","[{'functional_group': 'carbonyl', 'smiles_inds': [4]}]",0.4007861958390946
35,median,C=CN1C=CN=C1C(CC(=O)[O-])C1=NC=CN1C=C,"[13, 5, 11]","[{'functional_group': 'chloro', 'smiles_inds': [7]}]",0.400831205593874
35,median,CC(=NCCN1CCOCC1)c1ccccn1,"[16, 2, 5]","[{'functional_group': 'phenyl', 'smiles_inds': [12]}]",0.400832470835373
35,median,CC(=O)NC(=S)Nc1cccc2ccccc12,[5],[],0.400853495642801
35,top,[NH3+]C12CNCCNCC(N)(CNCCNC1)CNCCNC2,"[6, 11, 17, 14, 20, 3]","[{'functional_group': 'tribromo', 'smiles_inds': [16]}, {'functional_group': 'tribromo', 'smiles_inds': [2]}]",0.9992211839205948
35,top,[nH+]1c2ccccc2nc2c1c1cccnc1c1ncccc21,"[14, 17]","[{'functional_group': 'carboxyl', 'smiles_inds': [20]}, {'functional_group': 'carboxylate', 'smiles_inds': [11]}, {'functional_group': 'tribromo', 'smiles_inds': [3]}, {'functional_group': 'aldehyde', 'smiles_inds': [0]}, {'functional_group': 'thiol', 'smiles_inds': [18]}]",0.999223641240493
35,top,[nH+]1c2ccccc2nc2c1c1cccnc1c1ncccc21,"[14, 17]","[{'functional_group': 'carboxyl', 'smiles_inds': [20]}, {'functional_group': 'carboxylate', 'smiles_inds': [11]}, {'functional_group': 'tribromo', 'smiles_inds': [3]}, {'functional_group': 'aldehyde', 'smiles_inds': [0]}, {'functional_group': 'thiol', 'smiles_inds': [5]}]",0.999223641240493
35,top,[Se]1N=C2c3cccnc3c3ncccc3C2=N1,"[7, 10]",[],0.9994563242725477
35,top,O=C(NCCNC(=O)c1ccc(C(=O)NCCNC(=O)C2=C([O-])C(=O)C=CO2)c([O-])c1[O-])C1=C([O-])C(=O)C=CO1,"[36, 34, 31, 29, 22, 24]","[{'functional_group': 'amide', 'smiles_inds': [25]}, {'functional_group': 'fluoro', 'smiles_inds': [3]}]",0.9994819853429884
35,top,N1C=NC(=N1)C1=NC(=NN1)c1cnccn1,"[6, 15]","[{'functional_group': 'thiol', 'smiles_inds': [9]}]",0.9995961015399736
35,top,C[Te]CC1(CC1)C[Te]C,"[1, 7]",[],0.9996943236053809
35,top,O=C(NCCNC(=O)c1ccc(C(=O)NCCNC(=O)C2=C([O-])C(=O)C=CO2)c([O-])c1[O-])C1=C([O-])C(=O)C=CO1,"[36, 34, 31, 29, 22, 24]",[],0.9997020950318464
35,top,C[Te]CCC[Te]C,"[1, 5]",[],0.9997570301968685
35,top,CC(C)(C)N1[Se][Se]N([Se]N([Se]1)C(C)(C)C)C(C)(C)C,"[8, 10]",[],0.9997682855697717
35,top,ON1N=NN=C1N=N[N-]C1=NN=NN1[O-],"[14, 8, 4]",[],0.9997884083944633
35,top,CC(C)(C)N1[Se][Se]N([Se]N([Se]1)C(C)(C)C)C(C)(C)C,"[8, 10]","[{'functional_group': 'ether', 'smiles_inds': [12]}, {'functional_group': 'cyanimide', 'smiles_inds': [17]}]",0.9998283708954793
35,top,C1COCC[Te]CCOCCOCC[Te]CCO1,"[5, 14]","[{'functional_group': 'thiol', 'smiles_inds': [3]}]",0.9998703431955015
35,top,O=C(NCCN(CCNC(=O)C1=CC=CC(=O)N1[O-])CCNC(=O)C1=CC=CC(=O)N1[O-])C1=CC=CC(=O)N1[O-],"[37, 39, 16, 18, 29, 31]","[{'functional_group': 'aldehyde', 'smiles_inds': [19]}, {'functional_group': 'trifluro', 'smiles_inds': [35]}]",0.9999746245047078
35,top,O=C1NC(=S)NC(=C1SC1=C([O-])NC(=S)NC1=O)[O-],"[18, 11, 8]","[{'functional_group': 'chloro', 'smiles_inds': [2]}, {'functional_group': 'thiol', 'smiles_inds': [15]}]",0.999978071237347
35,top,O=C(NCCN(CCNC(=O)C1=CC=CC(=O)N1[O-])CCNC(=O)C1=CC=CC(=O)N1[O-])C1=CC=CC(=O)N1[O-],"[37, 39, 16, 18, 29, 31]",[],0.9999822197017669
35,top,O=C(NCCN(CCNC(=O)C1=CC=CC(=S)N1[O-])CCNC(=O)C1=CC=CC(=S)N1[O-])C1=CC=CC(=S)N1[O-],"[37, 16, 29, 39, 18, 31]",[],0.9999991628996059
35,top,I[Te](I)I([Te](I)I)[Te](I)I,"[1, 4, 7]",[],0.9999994502990588
35,top,C[Te](C)CC(C)(C[Te](C)C)C[Te](C)C,"[1, 7, 11]","[{'functional_group': 'phosphonate', 'smiles_inds': [9]}]",0.9999999953723089
35,top,C[Te](C)CC(C)(C[Te](C)C)C[Te](C)C,"[1, 7, 11]","[{'functional_group': 'carboxyllic_acid', 'smiles_inds': [10]}, {'functional_group': 'tribromo', 'smiles_inds': [8]}]",0.9999999998756774
36,bottom,C[Si](C)(C)c1cc(cc(c1)[Si](C#CP(C#C[Si](c1cc(cc(c1)[Si](C)(C)C)[Si](C)(C)C)(c1cc(cc(c1)[Si](C)(C)C)[Si](C)(C)C)c1cc(cc(c1)[Si](C)(C)C)[Si](C)(C)C)C#C[Si](c1cc(cc(c1)[Si](C)(C)C)[Si](C)(C)C)(c1cc(cc(c1)[Si](C)(C)C)[Si](C)(C)C)c1cc(cc(c1)[Si](C)(C)C)[Si](C)(C)C)(c1cc(cc(c1)[Si](C)(C)C)[Si](C)(C)C)c1cc(cc(c1)[Si](C)(C)C)[Si](C)(C)C)[Si](C)(C)C,[13],"[{'functional_group': 'iodo', 'smiles_inds': [28]}]",2.5612251372904354e-26
36,bottom,C[Si](C)(C)c1cc(cc(c1)[Si](C#CP(C#C[Si](c1cc(cc(c1)[Si](C)(C)C)[Si](C)(C)C)(c1cc(cc(c1)[Si](C)(C)C)[Si](C)(C)C)c1cc(cc(c1)[Si](C)(C)C)[Si](C)(C)C)C#C[Si](c1cc(cc(c1)[Si](C)(C)C)[Si](C)(C)C)(c1cc(cc(c1)[Si](C)(C)C)[Si](C)(C)C)c1cc(cc(c1)[Si](C)(C)C)[Si](C)(C)C)(c1cc(cc(c1)[Si](C)(C)C)[Si](C)(C)C)c1cc(cc(c1)[Si](C)(C)C)[Si](C)(C)C)[Si](C)(C)C,[13],"[{'functional_group': 'amide', 'smiles_inds': [84]}]",1.3119605457863942e-25
36,bottom,C[Si](C)(C)c1cc(cc(c1)[Si](C#CP(C#C[Si](c1cc(cc(c1)[Si](C)(C)C)[Si](C)(C)C)(c1cc(cc(c1)[Si](C)(C)C)[Si](C)(C)C)c1cc(cc(c1)[Si](C)(C)C)[Si](C)(C)C)C#C[Si](c1cc(cc(c1)[Si](C)(C)C)[Si](C)(C)C)(c1cc(cc(c1)[Si](C)(C)C)[Si](C)(C)C)c1cc(cc(c1)[Si](C)(C)C)[Si](C)(C)C)(c1cc(cc(c1)[Si](C)(C)C)[Si](C)(C)C)c1cc(cc(c1)[Si](C)(C)C)[Si](C)(C)C)[Si](C)(C)C,[13],"[{'functional_group': 'cyanimide', 'smiles_inds': [123]}]",1.5552818551549304e-25
36,bottom,I[Te]1(O[Te]2(O[Te](O[Te]3(O[Te](I)(O[Te]4(O[Te](I)(O[Te]5(O[Te](O[Te]6(O[Te](I)(O[Te](O1)(O[Te]1(O[Te](O2)(O[Te](O3)(O[Te](O4)(O[Te](O5)(O[Te](O6)(O1)c1ccccc1)c1ccccc1)c1ccccc1)c1ccccc1)c1ccccc1)c1ccccc1)c1ccccc1)c1ccccc1)c1ccccc1)c1ccccc1)c1ccccc1)c1ccccc1)c1ccccc1)c1ccccc1)c1ccccc1)c1ccccc1)c1ccccc1)c1ccccc1,"[33, 39, 42, 30, 36, 45]","[{'functional_group': '2-hydroxypyridine', 'smiles_inds': [55]}, {'functional_group': 'carboxyllic_acid', 'smiles_inds': [63]}]",2.473142733494843e-21
36,bottom,CC(C)(C)c1cc2c(OP(Oc3c2cc(cc3C(C)(C)C)C(C)(C)C)O[Si]2(O[Si]3(O[Si](OP4Oc5c(cc(cc5C(C)(C)C)C(C)(C)C)c5cc(cc(c5O4)C(C)(C)C)C(C)(C)C)(O[Si]4(O[Si](O3)(O[Si](O2)(O[Si](O4)(O[Si](C)(c2ccccc2)c2ccccc2)C2CCCC2)C2CCCC2)C2CCCC2)C2CCCC2)C2CCCC2)C2CCCC2)C2CCCC2)c(c1)C(C)(C)C,"[9, 32]",[],8.700601257543547e-18
36,bottom,Cc1cc(C)c(B(CCCP(CCCB(c2c(C)cc(C)cc2C)c2c(C)cc(C)cc2C)CCP(CCCB(c2c(C)cc(C)cc2C)c2c(C)cc(C)cc2C)CCCB(c2c(C)cc(C)cc2C)c2c(C)cc(C)cc2C)c2c(C)cc(C)cc2C)c(C)c1,"[35, 10]","[{'functional_group': 'carbonyl', 'smiles_inds': [13]}]",1.2456710367162696e-17
36,bottom,C1CCC(CC1)B(CCCP(CCCB(C1CCCCC1)C1CCCCC1)CCP(CCCB(C1CCCCC1)C1CCCCC1)CCCB(C1CCCCC1)C1CCCCC1)C1CCCCC1,"[10, 29]","[{'functional_group': 'aldehyde', 'smiles_inds': [18]}, {'functional_group': 'phenyl', 'smiles_inds': [0]}, {'functional_group': 'ethyl', 'smiles_inds': [38]}]",8.424704460679104e-17
36,bottom,CP(CCP(C)c1c(cc(cc1C([Si](C)(C)C)[Si](C)(C)C)C([Si](C)(C)C)([Si](C)(C)C)[Si](C)(C)C)C([Si](C)(C)C)[Si](C)(C)C)c1c(cc(cc1C([Si](C)(C)C)[Si](C)(C)C)C([Si](C)(C)C)([Si](C)(C)C)[Si](C)(C)C)C([Si-](C)C)[Si](C)(C)C,"[4, 72, 1]","[{'functional_group': 'carboxyl', 'smiles_inds': [5]}]",1.7429529533498165e-16
36,bottom,C1CCC(CC1)B(CCCP(CCCB(C1CCCCC1)C1CCCCC1)CCP(CCCB(C1CCCCC1)C1CCCCC1)CCCB(C1CCCCC1)C1CCCCC1)C1CCCCC1,"[10, 29]",[],3.5273837437017857e-16
36,bottom,C[Si](C)(C)c1cc(cc(c1)[Si](C)(C)C)C(C(=O)Nc1cccc(NC(=O)C(c2cc(cc(c2)[Si](C)(C)C)[Si](C)(C)C)(c2cc(cc(c2)[Si](C)(C)C)[Si](C)(C)C)c2cc(cc(c2)[Si](C)(C)C)[Si](C)(C)C)c1[S-])(c1cc(cc(c1)[Si](C)(C)C)[Si](C)(C)C)c1cc(cc(c1)[Si](C)(C)C)[Si](C)(C)C,"[70, 16]","[{'functional_group': 'cyanimide', 'smiles_inds': [3]}, {'functional_group': 'carbonyl', 'smiles_inds': [67]}, {'functional_group': 'ethyl', 'smiles_inds': [30]}]",6.396310585642523e-16
36,bottom,C[Si](C)(C)c1cc(cc(c1)[Si](C)(C)C)C(C(=O)Nc1cccc(NC(=O)C(c2cc(cc(c2)[Si](C)(C)C)[Si](C)(C)C)(c2cc(cc(c2)[Si](C)(C)C)[Si](C)(C)C)c2cc(cc(c2)[Si](C)(C)C)[Si](C)(C)C)c1[S-])(c1cc(cc(c1)[Si](C)(C)C)[Si](C)(C)C)c1cc(cc(c1)[Si](C)(C)C)[Si](C)(C)C,"[70, 16]","[{'functional_group': 'ethyl', 'smiles_inds': [36]}, {'functional_group': 'aldehyde', 'smiles_inds': [83]}]",1.689812732829864e-14
36,bottom,C[Si](C)(C)c1cc(cc(c1)[Si](C)(C)C)C(C(=O)Nc1cccc(NC(=O)C(c2cc(cc(c2)[Si](C)(C)C)[Si](C)(C)C)(c2cc(cc(c2)[Si](C)(C)C)[Si](C)(C)C)c2cc(cc(c2)[Si](C)(C)C)[Si](C)(C)C)c1[S-])(c1cc(cc(c1)[Si](C)(C)C)[Si](C)(C)C)c1cc(cc(c1)[Si](C)(C)C)[Si](C)(C)C,"[70, 16]","[{'functional_group': 'cyano', 'smiles_inds': [93]}]",2.3263421004206023e-14
36,bottom,C[Si](C)(C)N(B1PB(PB(P1)N([Si](C)(C)C)[Si](C)(C)C)N([Si](C)(C)C)[Si](C)(C)C)[Si](C)(C)C,[10],"[{'functional_group': 'aldehyde', 'smiles_inds': [19]}, {'functional_group': 'phenyl', 'smiles_inds': [24]}]",2.4558213806978192e-14
36,bottom,CC(C)c1ccccc1[SiH]1P(C2CCCCC2)[SiH](P(C2CCCCC2)[SiH](P1C1CCCCC1)c1ccccc1C(C)C)c1ccccc1C(C)C,"[10, 18, 26]","[{'functional_group': 'phenyl', 'smiles_inds': [5]}]",1.066079796553763e-13
36,bottom,CC(C)(C)P1P(P2P(P(P2C(C)(C)C)C(C)(C)C)C(C)(C)C)P(P1C(C)(C)C)C(C)(C)C,"[7, 4]",[],4.0051870289551277e-13
36,bottom,[OH2+]c1c2Sc3cc(cc(Sc4cc(cc(Sc5cc(cc(Sc1cc(c2)S(O)(=O)=O)c5[OH2+])S(O)(=O)=O)c4O)S(O)(=O)=O)c3[OH2+])S(O)(=O)=O,[40],[],4.438479231321462e-13
36,bottom,C1CCC(CC1)P1[SiH](P(C2CCCCC2)[SiH](P(C2CCCCC2)[SiH]1c1ccccc1)c1ccccc1)c1ccccc1,"[6, 8, 16]","[{'functional_group': 'ketone', 'smiles_inds': [31]}, {'functional_group': 'methyl', 'smiles_inds': [28]}]",1.0299056978432117e-12
36,bottom,CCCC[P](CCCC)(CCCC)CCP(CCP(CCP(CC[P](CCCC)(CCCC)CCCC)CC[P](CCCC)(CCCC)CCCC)c1ccccc1)CC[P](CCCC)(CCCC)CCCC,"[15, 18, 21]",[],1.102776864538489e-12
36,bottom,CCCC[P](CCCC)(CCCC)CCP(CCP(CCP(CC[P](CCCC)(CCCC)CCCC)CC[P](CCCC)(CCCC)CCCC)c1ccccc1)CC[P](CCCC)(CCCC)CCCC,"[15, 18, 21]","[{'functional_group': 'amino', 'smiles_inds': [31]}, {'functional_group': 'phenyl', 'smiles_inds': [68]}]",1.7571812014515762e-12
36,bottom,C[Si](O[Si]1(O[Si]2(O[Si](OP(c3ccccc3)c3ccccc3)(O[Si]3(O[Si](OP(c4ccccc4)c4ccccc4)(O[Si](O[Si](O3)(O2)C2CCCC2)(O1)C1CCCC1)C1CCCC1)C1CCCC1)C1CCCC1)C1CCCC1)C1CCCC1)(c1ccccc1)c1ccccc1,"[27, 9]",[],1.7728257251297538e-12
36,median,[O-]c1ccccc1C=Nc1ccc2ccc3cccc4ccc1c2c34,"[8, 0]","[{'functional_group': 'cyano', 'smiles_inds': [21]}]",0.3901769551042485
36,median,CN1N=C(C=C1c1ccccc1)c1ccccn1,"[2, 1]",[],0.3901874956180549
36,median,CCCCC1=C([O-])C(=O)c2ccccc2C1=O,"[6, 8]",[],0.39020902087275583
36,median,CC1=C(C)N(Cc2ccccn2)C=N1,[13],"[{'functional_group': 'cyano', 'smiles_inds': [12]}, {'functional_group': '2-hydroxypyridine', 'smiles_inds': [0]}]",0.3902596312705551
36,median,CC(=Nc1ccccc1N=C(C)c1ccccn1)c1ccccn1,"[2, 23]",[],0.3903996174482506
36,median,CC(C)(C)c1ccnc(c1)N1CCNC1=S,"[15, 7]",[],0.3904514611679275
36,median,CC1=CN=C(NC(=O)c2ccccc2)S1,[3],"[{'functional_group': 'methyl_ester', 'smiles_inds': [13]}]",0.3904747656187101
36,median,CCC[N-]S(=O)(=O)c1ccccn1,"[12, 3]",[],0.39049111615095483
36,median,CSC1=NC(=Cc2ccccn2)C(=O)N1c1ccccc1Br,"[11, 3]","[{'functional_group': 'aldehyde', 'smiles_inds': [0]}]",0.3904933052110603
36,median,COc1ccc(cc1)N=C(C)c1cc(F)cc(F)[c-]1,"[8, 18]","[{'functional_group': 'phenyl', 'smiles_inds': [4]}]",0.3905158766658416
36,median,CC(C)OP(=S)(NC(=S)c1ccccc1)OC(C)C,"[5, 8]","[{'functional_group': 'methyl_ester', 'smiles_inds': [14]}]",0.3905632573732695
36,median,CN(C)c1ccc(cc1)N=Cc1c([O-])ccc2ccccc12,"[9, 13]","[{'functional_group': 'hydroxyl', 'smiles_inds': [10]}]",0.3905730100783236
36,median,CN1C=CN=C1CN(CC1=NC=CN1C)CC1=NC=CN1C,"[4, 10, 17]","[{'functional_group': 'tribromo', 'smiles_inds': [21]}, {'functional_group': 'phenyl', 'smiles_inds': [0]}]",0.3905773162022388
36,median,Cc1ccc(S[S](=O)=O)cc1,[5],[],0.3906046119306719
36,median,Nc1ccc(cc1)c1ccnc(c1)c1ccccn1,"[18, 10]","[{'functional_group': 'fluoro', 'smiles_inds': [5]}, {'functional_group': 'tribromo', 'smiles_inds': [6]}, {'functional_group': 'iodo', 'smiles_inds': [2]}, {'functional_group': 'bromo', 'smiles_inds': [15]}, {'functional_group': 'phosphonate', 'smiles_inds': [3]}, {'functional_group': 'ethyl', 'smiles_inds': [8]}, {'functional_group': 'bromo', 'smiles_inds': [12]}, {'functional_group': '2-methylbenzoic_acid', 'smiles_inds': [14]}]",0.3906302954025677
36,median,CCCCC1(CCCC)c2ccccc2c2ccc(cc12)c1cc([c-]c(c1)c1ccccn1)c1ccccn1,"[38, 32, 24]","[{'functional_group': 'hydroxyl', 'smiles_inds': [0]}]",0.39070458807305886
36,median,O=C(Nc1cccc2[nH+]cccc12)C1=CNC=N1,"[0, 17]","[{'functional_group': 'ketone', 'smiles_inds': [2]}, {'functional_group': 'aldehyde', 'smiles_inds': [4]}]",0.39070787084604447
36,median,CC(C)C([NH2+]Cc1ccc(nc1)c1ccc(C[NH2+]C(C(C)C)C(=O)[O-])cn1)C(O)=O,"[10, 26]",[],0.39070933041198064
36,median,C1CNCc2ccccc2OCc2cccc(COc3ccccc3CNCCN1)n2,"[26, 29, 2]",[],0.3907213491929352
36,median,COc1ccc(cc1)N=Cc1ccc(OC(=O)c2ccc(OC)cc2)c[c-]1,"[8, 26]","[{'functional_group': 'hydroxyl', 'smiles_inds': [7]}]",0.3907513352098904
36,top,C[Te]CC1(CC1)C[Te]C,"[1, 7]",[],0.999592635721625
36,top,ON1CCNCC2(CNCCNCC(CNCCN([O-])C2)(C1)N(=O)=O)N(=O)=O,"[4, 1, 18, 15, 8, 11]","[{'functional_group': 'amino', 'smiles_inds': [20]}, {'functional_group': 'tribromo', 'smiles_inds': [7]}]",0.9996115202716983
36,top,C[Te]CCC[Te]C,"[1, 5]",[],0.9996826343751328
36,top,[NH3+]CCCCC(NC(=O)c1cccc([O-])c1[O-])C(=O)NCCN(CCNC(=O)C(CCCC[NH3+])NC(=O)c1cccc([O-])c1[O-])CCNC(=O)C(CCCC[NH3+])NC(=O)c1cccc([O-])c1[O-],"[14, 16, 42, 44, 64, 66]","[{'functional_group': 'fluoro', 'smiles_inds': [19]}]",0.9996996953088392
36,top,CC(C)(C)N1[Se][Se]N([Se]N([Se]1)C(C)(C)C)C(C)(C)C,"[8, 10]",[],0.9997183020584295
36,top,N1C23[CH4+3]4[CH4+3]2C134,[12],[],0.9997896645674765
36,top,ON1N=NN=C1N=N[N-]C1=NN=NN1[O-],"[14, 8, 4]","[{'functional_group': 'carboxyllic_acid', 'smiles_inds': [0]}]",0.9997959661214453
36,top,O=C1NC(=S)NC(=C1SC1=C([O-])NC(=S)NC1=O)[O-],"[18, 11, 8]","[{'functional_group': 'tribromo', 'smiles_inds': [15]}]",0.9997989765044707
36,top,ON1N=NN=C1N=N[N-]C1=NN=NN1[O-],"[14, 8, 4]",[],0.9998296419589002
36,top,ON1N=NN=C1N=N[N-]C1=NN=NN1[O-],"[14, 8, 4]","[{'functional_group': '2-hydroxypyridine', 'smiles_inds': [0]}]",0.9998684436484455
36,top,C[Te]CC1(CC1)C[Te]C,"[1, 7]","[{'functional_group': 'cyanimide', 'smiles_inds': [5]}, {'functional_group': 'bromo', 'smiles_inds': [4]}]",0.9998745404678688
36,top,I[Te](I)I[Te](I)(I)I,"[1, 4]",[],0.9999501658997079
36,top,O=C(NCCN(CCNC(=O)C1=CC=CC(=O)N1[O-])CCNC(=O)C1=CC=CC(=O)N1[O-])C1=CC=CC(=O)N1[O-],"[37, 39, 16, 18, 29, 31]",[],0.9999840033435057
36,top,C[Te]CC(C)(C[Te]C)C[Te]C,"[1, 6, 9]","[{'functional_group': 'carboxyl', 'smiles_inds': [10]}]",0.9999911371166321
36,top,I[Te](I)I([Te](I)I)[Te](I)I,"[1, 4, 7]",[],0.9999988779708773
36,top,O=C(NCCN(CCNC(=O)C1=CC=CC(=S)N1[O-])CCNC(=O)C1=CC=CC(=S)N1[O-])C1=CC=CC(=S)N1[O-],"[37, 16, 29, 39, 18, 31]","[{'functional_group': 'trifluro', 'smiles_inds': [34]}]",0.9999994633902904
36,top,O=C(NCCN(CCNC(=O)C1=CC=CC(=S)N1[O-])CCNC(=O)C1=CC=CC(=S)N1[O-])C1=CC=CC(=S)N1[O-],"[37, 16, 29, 39, 18, 31]",[],0.9999995359405696
36,top,O=C(NCCN(CCNC(=O)C1=CC=CC(=S)N1[O-])CCNC(=O)C1=CC=CC(=S)N1[O-])C1=CC=CC(=S)N1[O-],"[37, 16, 29, 39, 18, 31]","[{'functional_group': 'fluoro', 'smiles_inds': [7]}]",0.9999995706140813
36,top,C[Te](C)CC(C)(C[Te](C)C)C[Te](C)C,"[1, 7, 11]","[{'functional_group': 'carboxyllic_acid', 'smiles_inds': [12]}]",0.999999999390145
36,top,C[Te](C)CC(C)(C[Te](C)C)C[Te](C)C,"[1, 7, 11]","[{'functional_group': 'thiol', 'smiles_inds': [13]}]",0.9999999996322659
37,bottom,I[Te]1(O[Te]2(O[Te](O[Te]3(O[Te](I)(O[Te]4(O[Te](I)(O[Te]5(O[Te](O[Te]6(O[Te](I)(O[Te](O1)(O[Te]1(O[Te](O2)(O[Te](O3)(O[Te](O4)(O[Te](O5)(O[Te](O6)(O1)c1ccccc1)c1ccccc1)c1ccccc1)c1ccccc1)c1ccccc1)c1ccccc1)c1ccccc1)c1ccccc1)c1ccccc1)c1ccccc1)c1ccccc1)c1ccccc1)c1ccccc1)c1ccccc1)c1ccccc1)c1ccccc1)c1ccccc1)c1ccccc1,"[33, 39, 42, 30, 36, 45]","[{'functional_group': '2-methylbenzoic_acid', 'smiles_inds': [120]}, {'functional_group': 'bromo', 'smiles_inds': [126]}, {'functional_group': 'ethyl', 'smiles_inds': [99]}]",7.81083627861863e-18
37,bottom,CP(CCP(C)c1c(cc(cc1C([Si](C)(C)C)[Si](C)(C)C)C([Si](C)(C)C)([Si](C)(C)C)[Si](C)(C)C)C([Si](C)(C)C)[Si](C)(C)C)c1c(cc(cc1C([Si](C)(C)C)[Si](C)(C)C)C([Si](C)(C)C)([Si](C)(C)C)[Si](C)(C)C)C([Si-](C)C)[Si](C)(C)C,"[4, 72, 1]","[{'functional_group': 'carboxylate', 'smiles_inds': [33]}, {'functional_group': 'trifluro', 'smiles_inds': [70]}]",2.9591958945160107e-16
37,bottom,Cc1cc(C)c(B(CCCP(CCCB(c2c(C)cc(C)cc2C)c2c(C)cc(C)cc2C)CCP(CCCB(c2c(C)cc(C)cc2C)c2c(C)cc(C)cc2C)CCCB(c2c(C)cc(C)cc2C)c2c(C)cc(C)cc2C)c2c(C)cc(C)cc2C)c(C)c1,"[35, 10]","[{'functional_group': 'ethyl_ester', 'smiles_inds': [4]}, {'functional_group': 'iodo', 'smiles_inds': [54]}]",3.9230784241050216e-16
37,bottom,C[Si](C)(C)C(c1cc(C([Si](C)(C)C)[Si](C)(C)C)c(Sc2ccccc2Sc2ccccc2Sc2ccccc2Sc2c(cc(cc2C([Si](C)(C)C)[Si](C)(C)C)C([Si](C)(C)C)[Si](C)(C)C)C([Si](C)(C)C)[Si](C)(C)C)c(c1)C([Si](C)(C)C)[Si](C)(C)C)[Si](C)(C)C,"[25, 32]","[{'functional_group': 'carbonyl', 'smiles_inds': [30]}, {'functional_group': 'ketone', 'smiles_inds': [83]}]",1.0834780642469934e-15
37,bottom,Cc1cc(C)c(B(CCCP(CCCB(c2c(C)cc(C)cc2C)c2c(C)cc(C)cc2C)CCP(CCCB(c2c(C)cc(C)cc2C)c2c(C)cc(C)cc2C)CCCB(c2c(C)cc(C)cc2C)c2c(C)cc(C)cc2C)c2c(C)cc(C)cc2C)c(C)c1,"[35, 10]","[{'functional_group': 'hydroxyl', 'smiles_inds': [54]}, {'functional_group': 'bromo', 'smiles_inds': [55]}, {'functional_group': 'methyl', 'smiles_inds': [2]}]",1.276908847885253e-15
37,bottom,C1CCC(CC1)B(CCCP(CCCB(C1CCCCC1)C1CCCCC1)CCP(CCCB(C1CCCCC1)C1CCCCC1)CCCB(C1CCCCC1)C1CCCCC1)C1CCCCC1,"[10, 29]","[{'functional_group': '2-methylbenzoic_acid', 'smiles_inds': [67]}]",3.760903647034247e-15
37,bottom,C[Si](C)(C)C(c1cc(C([Si](C)(C)C)[Si](C)(C)C)c([Se]c2ccccc2Sc2ccccc2Sc2ccccc2[Se]c2c(cc(cc2C([Si](C)(C)C)[Si](C)(C)C)C([Si](C)(C)C)[Si](C)(C)C)C([Si](C)(C)C)[Si](C)(C)C)c(c1)C([Si](C)(C)C)[Si](C)(C)C)[Si](C)(C)C,"[25, 32]","[{'functional_group': 'carbonyl', 'smiles_inds': [15]}]",6.828352916267197e-15
37,bottom,C[Si](C)(C)c1cc(cc(c1)[Si](C)(C)C)C(C(=O)Nc1cccc(NC(=O)C(c2cc(cc(c2)[Si](C)(C)C)[Si](C)(C)C)(c2cc(cc(c2)[Si](C)(C)C)[Si](C)(C)C)c2cc(cc(c2)[Si](C)(C)C)[Si](C)(C)C)c1[S-])(c1cc(cc(c1)[Si](C)(C)C)[Si](C)(C)C)c1cc(cc(c1)[Si](C)(C)C)[Si](C)(C)C,"[70, 16]","[{'functional_group': 'ethyl_ester', 'smiles_inds': [12]}]",3.3820726644940544e-14
37,bottom,C[Si](C)(C)C(c1cc(C([Si](C)(C)C)[Si](C)(C)C)c([Se]c2ccccc2[Se]c2ccccc2[Se]c2ccccc2[Se]c2c(cc(cc2C([Si](C)(C)C)[Si](C)(C)C)C([Si](C)(C)C)[Si](C)(C)C)C([Si](C)(C)C)[Si](C)(C)C)c(c1)C([Si](C)(C)C)[Si](C)(C)C)[Si](C)(C)C,"[25, 32]","[{'functional_group': 'trichloro', 'smiles_inds': [85]}]",1.0034177850260229e-13
37,bottom,C[Si](C)(C)C(c1cc(C([Si](C)(C)C)[Si](C)(C)C)c(Sc2ccccc2[Se]c2ccccc2[Se]c2ccccc2Sc2c(cc(cc2C([Si](C)(C)C)[Si](C)(C)C)C([Si](C)(C)C)[Si](C)(C)C)C([Si](C)(C)C)[Si](C)(C)C)c(c1)C([Si](C)(C)C)[Si](C)(C)C)[Si](C)(C)C,"[25, 32]","[{'functional_group': 'carboxyl', 'smiles_inds': [49]}, {'functional_group': '2-hydroxypyridine', 'smiles_inds': [82]}]",1.780966010404956e-13
37,bottom,CCCC[P](CCCC)(CCCC)CCP(CCP(CCP(CC[P](CCCC)(CCCC)CCCC)CC[P](CCCC)(CCCC)CCCC)c1ccccc1)CC[P](CCCC)(CCCC)CCCC,"[15, 18, 21]",[],2.149901169028936e-13
37,bottom,CCCCCC1c2cc3C(CCCCC)c4cc5C(CCCCC)c6cc7C(CCCCC)c8cc1c1OCOc2cc3OCOc4c(P(c2ccccc2)c2ccccc2)c5OCOc6cc7OCOc8c1OCc1cccc(COc2c3OCOc4cc5OCOc6c7cc8C(CCCCC)c9cc%10C(CCCCC)c(cc3C(CCCCC)c4cc5C7CCCCC)c2OCOc%10cc9OCOc8c6P(c2ccccc2)c2ccccc2)c1,"[48, 142]","[{'functional_group': 'trichloro', 'smiles_inds': [13]}]",3.581939122294647e-13
37,bottom,C[Si](C)(C)C(c1cc(C([Si](C)(C)C)[Si](C)(C)C)c([Se]c2ccccc2[Se]c2ccccc2[Se]c2ccccc2[Se]c2c(cc(cc2C([Si](C)(C)C)[Si](C)(C)C)C([Si](C)(C)C)[Si](C)(C)C)C([Si](C)(C)C)[Si](C)(C)C)c(c1)C([Si](C)(C)C)[Si](C)(C)C)[Si](C)(C)C,"[25, 32]","[{'functional_group': 'phenyl', 'smiles_inds': [52]}, {'functional_group': 'carboxylate', 'smiles_inds': [49]}]",6.286435391163614e-13
37,bottom,CC(C)(C)c1cc2c3cc(cc4c5cc(cc6c7cc(cc8c9cc(cc%10c%11cc(cc%12c(c1)c2c1c(c34)c(c56)c(c78)c(c9%10)c1c%11%12)C(C)(C)C)C(C)(C)C)C(C)(C)C)C(C)(C)C)P(c1cc2c3cc(cc4c5cc(cc6c7cc(cc8c9cc(cc%10c%11cc(cc%12c(c1)c2c1c(c34)c(c56)c(c78)c(c9%10)c1c%11%12)C(C)(C)C)C(C)(C)C)C(C)(C)C)C(C)(C)C)C(C)(C)C)c1cc2c3cc(cc4c5cc(cc6c7cc(cc8c9cc(cc%10c%11cc(cc%12c(c1)c2c1c(c34)c(c56)c(c78)c(c9%10)c1c%11%12)C(C)(C)C)C(C)(C)C)C(C)(C)C)C(C)(C)C)C(C)(C)C,[62],[],2.087191231639594e-12
37,bottom,CC(C)(C)c1cc2c3cc(cc4c5cc(cc6c7cc(cc8c9cc(cc%10c%11cc(cc%12c(c1)c2c1c(c34)c(c56)c(c78)c(c9%10)c1c%11%12)C(C)(C)C)C(C)(C)C)C(C)(C)C)C(C)(C)C)P(c1cc2c3cc(cc4c5cc(cc6c7cc(cc8c9cc(cc%10c%11cc(cc%12c(c1)c2c1c(c34)c(c56)c(c78)c(c9%10)c1c%11%12)C(C)(C)C)C(C)(C)C)C(C)(C)C)C(C)(C)C)C(C)(C)C)c1cc2c3cc(cc4c5cc(cc6c7cc(cc8c9cc(cc%10c%11cc(cc%12c(c1)c2c1c(c34)c(c56)c(c78)c(c9%10)c1c%11%12)C(C)(C)C)C(C)(C)C)C(C)(C)C)C(C)(C)C)C(C)(C)C,[62],"[{'functional_group': 'carboxylate', 'smiles_inds': [169]}]",6.31882425341656e-12
37,bottom,C[Si](C)(C)c1cc(cc(c1)[Si](C)(C)C)P(c1cc(cc(c1)[Si](C)(C)C)[Si](C)(C)C)c1ccccc1P(c1cc(cc(c1)[Si](C)(C)C)[Si](C)(C)C)c1cc(cc(c1)[Si](C)(C)C)[Si](C)(C)C,"[35, 14]",[],7.126625918013155e-12
37,bottom,CC(C)(C)c1cc2c(OP(OC3C(CO[Si](c4ccccc4)(c4ccccc4)C(C)(C)C)OC(CO[Si](c4ccccc4)(c4ccccc4)C(C)(C)C)C3OP3Oc4c(cc(cc4C(C)(C)C)C(C)(C)C)c4cc(cc(c4O3)C(C)(C)C)C(C)(C)C)Oc3c2cc(cc3C(C)(C)C)C(C)(C)C)c(c1)C(C)(C)C,"[9, 55]","[{'functional_group': 'ketone', 'smiles_inds': [99]}, {'functional_group': 'fluoro', 'smiles_inds': [13]}, {'functional_group': 'cyanimide', 'smiles_inds': [46]}]",1.0271857640576263e-11
37,bottom,COCC1OC2OC3C(COC)OC(OC4C(COC)OC(OC5C(COC)OC(OC6C(COC)OC(OC7C(COC)OC(OC8C(COC)OC(OC1C(OC)C2OC)C(OC)C8OC)C(OC)C7OC)C(OC)C6OCc1cncc(COC2C(OC)C6OC(COC)C2OC2OC(COC)C(OC7OC(COC)C(OC8OC(COC)C(OC9OC(COC)C(OC%10OC(COC)C(OC%11OC(COC)C(O6)C(OC)C%11OC)C(OC)C%10OC)C(OC)C9OC)C(OC)C8OC)C(OC)C7OC)C(OC)C2OC)c1)C(OC)C5OC)C(OC)C4OC)C(OC)C3OC,[82],"[{'functional_group': 'bromo', 'smiles_inds': [45]}]",4.507850071341411e-11
37,bottom,Cc1cc(C)c(c(C)c1)c1cccc(c1P1SP(SP(S1)c1c(cccc1c1c(C)cc(C)cc1C)c1c(C)cc(C)cc1C)c1c(cccc1c1c(C)cc(C)cc1C)c1c(C)cc(C)cc1C)c1c(C)cc(C)cc1C,"[15, 19, 17]","[{'functional_group': 'methyl', 'smiles_inds': [33]}, {'functional_group': 'ketone', 'smiles_inds': [35]}]",4.826593408027286e-11
37,bottom,C[Si](C)(C)C(P([Ge](P(C([Si](C)(C)C)[Si](C)(C)C)c1ccccc1)P(C([Si](C)(C)C)[Si](C)(C)C)c1ccccc1)c1ccccc1)[Si](C)(C)C,"[5, 7, 23]","[{'functional_group': 'phosphonate', 'smiles_inds': [0]}]",5.189678129956321e-11
37,median,CSC(=S)Nc1ccccc1,[3],[],0.40850101668141225
37,median,CC(C)(C)c1ccnc(c1)C1=[C-]c2ccccc2S1,"[7, 11]","[{'functional_group': 'phosphonate', 'smiles_inds': [2]}]",0.40853589959770337
37,median,Cc1ccc(cc1)N=C1NC(=N)C2(CCCC2)c2ccccc12,[11],[],0.40855549792681717
37,median,CCN1C=Nc2c3cccnc3c3ncccc3c12,"[2, 10]","[{'functional_group': 'amide', 'smiles_inds': [16]}, {'functional_group': 'methyl_ester', 'smiles_inds': [14]}]",0.40856073927617254
37,median,[nH+]1c2ccccc2nc2c1c1cccnc1c1ncccc21,"[14, 17]","[{'functional_group': 'phosphonate', 'smiles_inds': [18]}, {'functional_group': '2-hydroxypyridine', 'smiles_inds': [20]}, {'functional_group': 'fluoro', 'smiles_inds': [13]}, {'functional_group': 'ethyl', 'smiles_inds': [3]}, {'functional_group': 'ketone', 'smiles_inds': [4]}, {'functional_group': 'amide', 'smiles_inds': [11]}]",0.4085859446934466
37,median,NC(=S)NN=Cc1ccc(O)cc1Cl,"[2, 4]","[{'functional_group': 'iodo', 'smiles_inds': [11]}, {'functional_group': 'ketone', 'smiles_inds': [8]}, {'functional_group': 'trifluro', 'smiles_inds': [0]}, {'functional_group': 'amino', 'smiles_inds': [3]}, {'functional_group': 'ethyl_ester', 'smiles_inds': [10]}]",0.40863469724811247
37,median,CC1=NN=NN1CC(=O)NC1CCCCC1,[2],"[{'functional_group': 'amino', 'smiles_inds': [9]}]",0.40865789260654783
37,median,[O-]N(C=Nc1ccccc1c1ccccc1)c1ccccc1c1ccccc1,"[0, 3]","[{'functional_group': 'ketone', 'smiles_inds': [7]}, {'functional_group': 'aldehyde', 'smiles_inds': [25]}, {'functional_group': 'tribromo', 'smiles_inds': [27]}]",0.40865910134972233
37,median,CCCCCCCCCCN=C(C)c1ccccc1[O-],"[19, 10]","[{'functional_group': 'amino', 'smiles_inds': [16]}, {'functional_group': 'trifluro', 'smiles_inds': [2]}]",0.40865967140967163
37,median,Oc1cccc2C=C(C(=O)Oc12)C1=Nc2ccccc2N1,[13],"[{'functional_group': 'ketone', 'smiles_inds': [20]}, {'functional_group': 'ether', 'smiles_inds': [18]}]",0.40877048995570986
37,median,COC(=O)c1ccc(O)c(c1)N=Cc1ccccn1,"[18, 11]",[],0.40877138624951354
37,median,COC(=O)c1ccc(N=Cc2ccccn2)c(O)c1,"[17, 15, 8]",[],0.40877138624951387
37,median,Fc1ccc(cc1)C1=NC(=NN1)c1ccccn1,"[8, 17]","[{'functional_group': 'methyl_ester', 'smiles_inds': [11]}, {'functional_group': 'methyl_ester', 'smiles_inds': [6]}]",0.4088343905043497
37,median,CN1C(=O)C(CO)N=C(c2ccccn2)c2cc(Br)ccc12,"[6, 7, 14]",[],0.40888157964071536
37,median,Oc1ccc(cc1)C=NNC(=O)c1ccncc1,[15],"[{'functional_group': 'phenyl', 'smiles_inds': [13]}, {'functional_group': 'amide', 'smiles_inds': [3]}, {'functional_group': 'hydroxyl', 'smiles_inds': [2]}]",0.4088913943527268
37,median,CN1C=CN=C1C(c1cc(C)cc(C)c1[O-])c1cc(C)cc(C)c1[O-],"[15, 4, 24]","[{'functional_group': 'amide', 'smiles_inds': [22]}]",0.40890952549389936
37,median,CC(C)(C)C1=PN(N=N1)c1ccccn1,"[7, 6]",[],0.40892312952357657
37,median,COC(=O)C12CN(Cc3ccc(cc3)C(F)(F)F)CC(C(N(C)C1c1ccncc1)c1ccncc1)(C(=O)OC)C2=O,[27],"[{'functional_group': 'fluoro', 'smiles_inds': [34]}, {'functional_group': 'tribromo', 'smiles_inds': [13]}]",0.40893875919477385
37,median,Clc1ccc(NC(=O)c2ccccn2)c(Cl)c1,"[7, 13]","[{'functional_group': 'bromo', 'smiles_inds': [3]}]",0.4089523047278188
37,median,O=C([O-])CN(CC(=O)[O-])CC1=CN(N=N1)c1ccc2OS(=O)(=O)C=Cc2c1,"[4, 8, 2]","[{'functional_group': 'cyano', 'smiles_inds': [3]}]",0.4089736065976652
37,top,[S-]SSSSS[S-],"[0, 3, 6]",[],0.9991650680654409
37,top,N1C=NC(=C2NN=N[N-]2)C1=C1N=NN=N1,"[8, 2]","[{'functional_group': 'trifluro', 'smiles_inds': [1]}]",0.9991786923056755
37,top,Nc1nc(N)nc(n1)c1cccc(n1)c1nc(N)nc(N)n1,"[13, 5, 15]",[],0.9991827697848991
37,top,O=C1[N-]c2ccccc2SSSc2ccccc2[N-]C(=O)c2cccc(n2)C(=O)[N-]c2ccccc2SSSc2ccccc2[N-]C(=O)c2cccc1n2,"[53, 18, 26, 2, 45, 29]","[{'functional_group': 'tribromo', 'smiles_inds': [16]}]",0.9992415999059951
37,top,NC1C(O)C(N)C([O-])C(NCCNC2C(O)C(N)C(O)C(N)C2[O-])C1O,"[12, 9, 21, 5, 23, 7]",[],0.9993148841044212
37,top,CC(=NNC(N)=S)c1cc[c-]c(n1)C(C)=NN=C(N)[S-],"[19, 15, 10]","[{'functional_group': 'bromo', 'smiles_inds': [14]}]",0.9993475605401863
37,top,Nc1[nH+]cnc2NC(=[NH+]c12)[S-],[10],"[{'functional_group': 'phenyl', 'smiles_inds': [2]}, {'functional_group': 'tribromo', 'smiles_inds': [8]}]",0.9994498690756722
37,top,O=C1NC(=S)NC(=C1SC1=C([O-])NC(=S)NC1=O)[O-],"[18, 11, 8]",[],0.9994803615344376
37,top,O=C1NC(=S)NC(=C1SC1=C([O-])NC(=S)NC1=O)[O-],"[18, 11, 8]","[{'functional_group': 'chloro', 'smiles_inds': [5]}]",0.999561091114441
37,top,Nc1nc(N)nc(n1)c1cccc(n1)c1nc(N)nc(N)n1,"[13, 5, 15]","[{'functional_group': 'ether', 'smiles_inds': [4]}, {'functional_group': 'tribromo', 'smiles_inds': [11]}]",0.9995920672299434
37,top,[NH3+]C(C1=NN=N[N-]1)C1=NN=N[N-]1,"[6, 11]","[{'functional_group': 'tribromo', 'smiles_inds': [1]}]",0.9996025210919246
37,top,[NH3+][CH4+3]([NH3+])C(C)([CH4+3]([NH3+])[NH3+])[CH4+3]([NH3+])[NH3+],"[22, 35, 36, 21, 23, 37]","[{'functional_group': 'cyanimide', 'smiles_inds': [9]}]",0.9997353915280035
37,top,NC(=NN=C(N)c1cccc(n1)c1cccc(n1)C(N)=NN=C(N)c1ccccn1)c1ccccn1,"[11, 17, 3]","[{'functional_group': 'tribromo', 'smiles_inds': [23]}]",0.9998105087722337
37,top,ON1N=NN=C1N=N[N-]C1=NN=NN1[O-],"[14, 8, 4]","[{'functional_group': 'carboxylate', 'smiles_inds': [0]}]",0.9998706715027246
37,top,[NH3+][CH4+3]([NH3+])C(C)([CH4+3]([NH3+])[NH3+])[CH4+3]([NH3+])[NH3+],"[22, 35, 36, 21, 23, 37]","[{'functional_group': 'amide', 'smiles_inds': [4]}, {'functional_group': 'phosphonate', 'smiles_inds': [1]}]",0.9998733098102075
37,top,C[Te]CC(C)(C[Te]C)C[Te]C,"[1, 6, 9]",[],0.9998925411475118
37,top,I[Te](I)I[Te](I)(I)I,"[1, 4]",[],0.9998936250328097
37,top,O=C(NCCN(CCNC(=O)C1=CC=CC(=O)N1[O-])CCNC(=O)C1=CC=CC(=O)N1[O-])C1=CC=CC(=O)N1[O-],"[37, 39, 16, 18, 29, 31]","[{'functional_group': 'iodo', 'smiles_inds': [34]}]",0.9999092441011268
37,top,I[Te](I)I([Te](I)I)[Te](I)I,"[1, 4, 7]",[],0.9999948301236958
37,top,C[Te](C)CC(C)(C[Te](C)C)C[Te](C)C,"[1, 7, 11]",[],0.9999999048393591
38,bottom,Cc1cc(C)c(B(CCCP(CCCB(c2c(C)cc(C)cc2C)c2c(C)cc(C)cc2C)CCP(CCCB(c2c(C)cc(C)cc2C)c2c(C)cc(C)cc2C)CCCB(c2c(C)cc(C)cc2C)c2c(C)cc(C)cc2C)c2c(C)cc(C)cc2C)c(C)c1,"[35, 10]",[],1.0889987713110681e-16
38,bottom,C1CCC(CC1)B(CCCP(CCCB(C1CCCCC1)C1CCCCC1)CCP(CCCB(C1CCCCC1)C1CCCCC1)CCCB(C1CCCCC1)C1CCCCC1)C1CCCCC1,"[10, 29]","[{'functional_group': 'hydroxyl', 'smiles_inds': [27]}, {'functional_group': 'fluoro', 'smiles_inds': [61]}]",1.1446964137626564e-15
38,bottom,CP(CCP(C)c1c(cc(cc1C([Si](C)(C)C)[Si](C)(C)C)C([Si](C)(C)C)([Si](C)(C)C)[Si](C)(C)C)C([Si](C)(C)C)[Si](C)(C)C)c1c(cc(cc1C([Si](C)(C)C)[Si](C)(C)C)C([Si](C)(C)C)([Si](C)(C)C)[Si](C)(C)C)C([Si-](C)C)[Si](C)(C)C,"[4, 72, 1]",[],1.8440381561648843e-15
38,bottom,CP(CCP(C)c1c(cc(cc1C([Si](C)(C)C)[Si](C)(C)C)C([Si](C)(C)C)([Si](C)(C)C)[Si](C)(C)C)C([Si](C)(C)C)[Si](C)(C)C)c1c(cc(cc1C([Si](C)(C)C)[Si](C)(C)C)C([Si](C)(C)C)([Si](C)(C)C)[Si](C)(C)C)C([Si-](C)C)[Si](C)(C)C,"[4, 72, 1]","[{'functional_group': 'carboxylate', 'smiles_inds': [33]}]",5.711034972151847e-15
38,bottom,CC(C)(C)c1cc2c(OP(Oc3c2cc(cc3C(C)(C)C)C(C)(C)C)O[Si]2(O[Si]3(O[Si](OP4Oc5c(cc(cc5C(C)(C)C)C(C)(C)C)c5cc(cc(c5O4)C(C)(C)C)C(C)(C)C)(O[Si]4(O[Si](O3)(O[Si](O2)(O[Si](O4)(O[Si](C)(c2ccccc2)c2ccccc2)C2CCCC2)C2CCCC2)C2CCCC2)C2CCCC2)C2CCCC2)C2CCCC2)C2CCCC2)c(c1)C(C)(C)C,"[9, 32]",[],6.65359063688024e-15
38,bottom,C[Si](C)(C)N(B1PB(PB(P1)N([Si](C)(C)C)[Si](C)(C)C)N([Si](C)(C)C)[Si](C)(C)C)[Si](C)(C)C,[10],"[{'functional_group': 'iodo', 'smiles_inds': [31]}, {'functional_group': '2-methylbenzoic_acid', 'smiles_inds': [27]}]",1.4048040710383446e-14
38,bottom,CC(C)(C)c1cc2c(OP(Oc3c2cc(cc3C(C)(C)C)C(C)(C)C)O[Si]2(O[Si]3(O[Si](OP4Oc5c(cc(cc5C(C)(C)C)C(C)(C)C)c5cc(cc(c5O4)C(C)(C)C)C(C)(C)C)(O[Si]4(O[Si](O3)(O[Si](O2)(O[Si](O4)(O[Si](C)(c2ccccc2)c2ccccc2)C2CCCC2)C2CCCC2)C2CCCC2)C2CCCC2)C2CCCC2)C2CCCC2)C2CCCC2)c(c1)C(C)(C)C,"[9, 32]","[{'functional_group': 'thiol', 'smiles_inds': [2]}, {'functional_group': 'carboxyllic_acid', 'smiles_inds': [100]}]",1.4378131231334552e-14
38,bottom,CC(C)(C)P(P1P(P(P1C(C)(C)C)C(C)(C)C)C(C)(C)C)P1P(P(P1C(C)(C)C)C(C)(C)C)C(C)(C)C,[4],[],2.1857460268473074e-14
38,bottom,CC(C)(C)P(P1P(P(P1C(C)(C)C)C(C)(C)C)C(C)(C)C)P1P(P(P1C(C)(C)C)C(C)(C)C)C(C)(C)C,[4],"[{'functional_group': 'thiol', 'smiles_inds': [19]}]",4.554196039197412e-14
38,bottom,CC(C)c1ccccc1[SiH]1P(C2CCCCC2)[SiH](P(C2CCCCC2)[SiH](P1C1CCCCC1)c1ccccc1C(C)C)c1ccccc1C(C)C,"[10, 18, 26]","[{'functional_group': 'chloro', 'smiles_inds': [15]}, {'functional_group': '2-methylbenzoic_acid', 'smiles_inds': [1]}]",8.713816335285445e-14
38,bottom,CCCC[P](CCCC)(CCCC)CCP(CCP(CCP(CC[P](CCCC)(CCCC)CCCC)CC[P](CCCC)(CCCC)CCCC)c1ccccc1)CC[P](CCCC)(CCCC)CCCC,"[15, 18, 21]",[],4.425909987029061e-13
38,bottom,CCCCCC1c2cc3C(CCCCC)c4cc5C(CCCCC)c6cc7C(CCCCC)c8cc1c1OCOc2cc3OCOc4c(P(c2ccccc2)c2ccccc2)c5OCOc6cc7OCOc8c1OCc1cccc(COc2c3OCOc4cc5OCOc6c7cc8C(CCCCC)c9cc%10C(CCCCC)c(cc3C(CCCCC)c4cc5C7CCCCC)c2OCOc%10cc9OCOc8c6P(c2ccccc2)c2ccccc2)c1,"[48, 142]",[],5.522719043529857e-13
38,bottom,CCCCCC1c2cc3C(CCCCC)c4cc5C(CCCCC)c6cc7C(CCCCC)c8cc1c1OCOc2cc3OCOc4c(P(c2ccccc2)c2ccccc2)c5OCOc6cc7OCOc8c1OCc1cccc(COc2c3OCOc4cc5OCOc6c7cc8C(CCCCC)c9cc%10C(CCCCC)c(cc3C(CCCCC)c4cc5C7CCCCC)c2OCOc%10cc9OCOc8c6P(c2ccccc2)c2ccccc2)c1,"[48, 142]","[{'functional_group': 'hydroxyl', 'smiles_inds': [106]}]",6.815830598697619e-13
38,bottom,CC(C)(C)c1cc2c(OP(OC3C(CO[Si](c4ccccc4)(c4ccccc4)C(C)(C)C)OC(CO[Si](c4ccccc4)(c4ccccc4)C(C)(C)C)C3OP3Oc4c(cc(cc4C(C)(C)C)C(C)(C)C)c4cc(cc(c4O3)C(C)(C)C)C(C)(C)C)Oc3c2cc(cc3C(C)(C)C)C(C)(C)C)c(c1)C(C)(C)C,"[9, 55]","[{'functional_group': 'methyl_ester', 'smiles_inds': [11]}]",1.8191549912157313e-12
38,bottom,C[Si](C)(C)c1cc(cc(c1)[Si](C)(C)C)C(C(=O)Nc1cccc(NC(=O)C(c2cc(cc(c2)[Si](C)(C)C)[Si](C)(C)C)(c2cc(cc(c2)[Si](C)(C)C)[Si](C)(C)C)c2cc(cc(c2)[Si](C)(C)C)[Si](C)(C)C)c1[S-])(c1cc(cc(c1)[Si](C)(C)C)[Si](C)(C)C)c1cc(cc(c1)[Si](C)(C)C)[Si](C)(C)C,"[70, 16]",[],2.3342314735162576e-12
38,bottom,C1CCC(CC1)[PH+](CCP(CCP(C1CCCCC1)C1CCCCC1)CCP(C1CCCCC1)C1CCCCC1)C1CCCCC1,"[12, 9, 27]","[{'functional_group': 'trichloro', 'smiles_inds': [23]}]",5.048546667621334e-12
38,bottom,C[Si](C)(C)C(c1cc(C([Si](C)(C)C)[Si](C)(C)C)c([Se]c2ccccc2Sc2ccccc2Sc2ccccc2[Se]c2c(cc(cc2C([Si](C)(C)C)[Si](C)(C)C)C([Si](C)(C)C)[Si](C)(C)C)C([Si](C)(C)C)[Si](C)(C)C)c(c1)C([Si](C)(C)C)[Si](C)(C)C)[Si](C)(C)C,"[25, 32]",[],8.269378500604376e-12
38,bottom,CCP(CC)[NH+]=P(BP(CC)(CC)=[NH+]P(CC)CC)(CC)CC,"[14, 2, 7]","[{'functional_group': '2-hydroxypyridine', 'smiles_inds': [17]}, {'functional_group': 'phenyl', 'smiles_inds': [5]}]",1.0434920138470617e-11
38,bottom,C[Si](C)(C)c1cc(cc(c1)[Si](C)(C)C)P(c1cc(cc(c1)[Si](C)(C)C)[Si](C)(C)C)c1ccccc1P(c1cc(cc(c1)[Si](C)(C)C)[Si](C)(C)C)c1cc(cc(c1)[Si](C)(C)C)[Si](C)(C)C,"[35, 14]","[{'functional_group': 'chloro', 'smiles_inds': [12]}, {'functional_group': 'aldehyde', 'smiles_inds': [2]}, {'functional_group': 'cyano', 'smiles_inds': [22]}]",2.078467848680725e-11
38,bottom,C1CCN(C1)P(=Nc1ccc2ccccc2c1c1c(ccc2ccccc12)N=P(N=P(N1CCCC1)(N1CCCC1)N1CCCC1)(N1CCCC1)N1CCCC1)(N=P(N1CCCC1)(N1CCCC1)N1CCCC1)N1CCCC1,"[6, 27]",[],3.108960249528414e-11
38,median,Brc1cnc2c(ccc3cccnc23)c1,"[3, 12]","[{'functional_group': 'phosphonate', 'smiles_inds': [9]}]",0.3957497310178606
38,median,CC(C)(N)c1cccc(n1)C(C)(C)N,"[9, 3, 13]","[{'functional_group': 'amide', 'smiles_inds': [11]}, {'functional_group': 'cyanimide', 'smiles_inds': [6]}, {'functional_group': '2-methylbenzoic_acid', 'smiles_inds': [12]}]",0.3957553891678808
38,median,CC1(C)OCC(O1)C1OC([O-])(C2OC(C)(C)OC12)c1ccccn1,"[10, 23]","[{'functional_group': 'chloro', 'smiles_inds': [17]}]",0.39577366300547984
38,median,CC(C)=Nc1cc(F)cc(F)c1,[3],"[{'functional_group': 'thiol', 'smiles_inds': [2]}, {'functional_group': 'chloro', 'smiles_inds': [5]}]",0.3957747529306187
38,median,Cc1ccc(c2ccccn2)c(c1)c1cc(C)ccc1c1ccccn1,"[25, 10]",[],0.3958017894942194
38,median,Cc1ccc(cc1)c1cc(nc(c1)c1ccccn1)c1ccccc1,"[18, 10]","[{'functional_group': 'methyl', 'smiles_inds': [3]}]",0.3958017894942209
38,median,Cc1ccccc1C(O)=O,[8],"[{'functional_group': 'trifluro', 'smiles_inds': [0]}]",0.39581148566011726
38,median,CCN(CC)c1ccc(C=NNc2cnccn2)c(O)c1,"[19, 2, 10]",[],0.3958525759579912
38,median,Cc1cc(CN2CCOCCOCCN(CCOCCOCC2)Cc2cc(C)cc(c2[O-])N(=O)=O)c([O-])c(c1)N(=O)=O,"[5, 11, 36, 14, 20, 31]","[{'functional_group': 'carboxylate', 'smiles_inds': [22]}]",0.39588309936853955
38,median,CC(CN=CC1=NNC=C1)(CN=CC1=NNC=C1)CN=CC1=NNC=C1,"[19, 3, 22, 6, 11, 14]","[{'functional_group': 'phosphonate', 'smiles_inds': [25]}, {'functional_group': 'amide', 'smiles_inds': [4]}]",0.3959709322424149
38,median,COc1ccc(CN=Cc2ccccn2)cc1,"[14, 7]","[{'functional_group': 'ketone', 'smiles_inds': [12]}]",0.3959722494122803
38,median,COC(=O)c1cccc(NCC2=Nc3ccccc3N2)c1,"[9, 12]",[],0.3960231470471339
38,median,CC1=NN(C(=C1)C)c1nnc(N)c2ccccc12,[2],[],0.39604255946896477
38,median,CC1=C(CSc2ccc(C)cc2)N=CN1,[12],[],0.3961254643017549
38,median,COc1cccc(n1)C1=Nc2ccc3C(=O)c4ccccc4C(=O)c3c2[N-]1,"[26, 7, 23]","[{'functional_group': 'trichloro', 'smiles_inds': [3]}]",0.39617940452325096
38,median,CC(=NO)C(C)=N[N-]C(=O)CNc1ccc(I)cc1,"[2, 11, 7]","[{'functional_group': 'ethyl', 'smiles_inds': [17]}]",0.39622295394578494
38,median,CNCC1CN1C,"[5, 1]","[{'functional_group': 'ethyl', 'smiles_inds': [2]}, {'functional_group': 'cyano', 'smiles_inds': [6]}]",0.39623696174199174
38,median,Oc1ccc(cc1)N=Cc1ccncc1,[12],"[{'functional_group': 'amide', 'smiles_inds': [13]}]",0.3962378989468937
38,median,C1CN=C(O1)c1cccc(n1)C1=NC(CO1)c1ccccc1,"[10, 2, 12]","[{'functional_group': '2-methylbenzoic_acid', 'smiles_inds': [7]}]",0.3962383892302532
38,median,CCC1(C)C2=CC=C(O2)C=NCCOCCN=CC2=CC=C1O2,"[13, 10, 16]",[],0.39624322511630555
38,top,NC(=NN=C(N)c1cccc(n1)c1cccc(n1)C(N)=NN=C(N)c1ccccn1)c1ccccn1,"[11, 17, 3]",[],0.9991896840084742
38,top,Cc1ccc(cc1)c1nc(nc(n1)c1ccc(C)c[c-]1)c1ccc(C)c[c-]1,"[10, 26, 19]","[{'functional_group': 'tribromo', 'smiles_inds': [25]}, {'functional_group': 'tribromo', 'smiles_inds': [15]}]",0.9992132215386741
38,top,[Se]1N=C2C=CC=NC2=N1,[6],[],0.999288431971093
38,top,[Se]1N=C2c3cccnc3c3ncccc3C2=N1,"[7, 10]","[{'functional_group': 'aldehyde', 'smiles_inds': [13]}]",0.9992914965826484
38,top,NC([S-])=NN=C(N)[S-],"[2, 7, 3]","[{'functional_group': 'tribromo', 'smiles_inds': [6]}]",0.9993094187387885
38,top,N1C=NC(=C1C1=NNN=N1)C1=NN=NN1,"[2, 11]","[{'functional_group': 'carboxyl', 'smiles_inds': [1]}, {'functional_group': 'thiol', 'smiles_inds': [0]}]",0.999379281713132
38,top,C[Te]CC1(CC1)C[Te]C,"[1, 7]","[{'functional_group': 'ether', 'smiles_inds': [2]}]",0.9994051283192796
38,top,[nH+]1c2ccccc2nc2c1c1cccnc1c1ncccc21,"[14, 17]","[{'functional_group': 'carboxyl', 'smiles_inds': [20]}, {'functional_group': 'carboxylate', 'smiles_inds': [11]}, {'functional_group': 'tribromo', 'smiles_inds': [2]}, {'functional_group': 'tribromo', 'smiles_inds': [0]}]",0.9995139884534329
38,top,NC1=NC(=NN1)CC1=NNC(=N1)N,"[2, 11]","[{'functional_group': 'carboxylate', 'smiles_inds': [6]}, {'functional_group': 'thiol', 'smiles_inds': [5]}]",0.9996055427431436
38,top,C[Te]CCC[Te]C,"[1, 5]",[],0.9996379516826285
38,top,C[As]1S[As](C)S[As](C)S[As](C)S[As](C)S1,"[6, 12, 2]",[],0.999652333570589
38,top,ON1N=NN=C1N=N[N-]C1=NN=NN1[O-],"[14, 8, 4]",[],0.9998001577471922
38,top,O=C(NCCN(CCNC(=O)C1=CC=CC(=O)N1[O-])CCNC(=O)C1=CC=CC(=O)N1[O-])C1=CC=CC(=O)N1[O-],"[37, 39, 16, 18, 29, 31]",[],0.9999729402306818
38,top,I[Te](I)I[Te](I)(I)I,"[1, 4]",[],0.9999881985850863
38,top,C[Te]CC(C)(C[Te]C)C[Te]C,"[1, 6, 9]",[],0.9999891276779035
38,top,CC[As]1S[As]([S-])S[As](CC)S[As](CC)S[As](CC)S[As]([S-])S[As](CC)S[As](CC)S1,"[2, 22, 15, 7, 5, 20]","[{'functional_group': 'methyl_ester', 'smiles_inds': [23]}]",0.9999910491576794
38,top,O=C(NCCN(CCNC(=O)C1=CC=CC(=S)N1[O-])CCNC(=O)C1=CC=CC(=S)N1[O-])C1=CC=CC(=S)N1[O-],"[37, 16, 29, 39, 18, 31]","[{'functional_group': 'carboxyl', 'smiles_inds': [35]}]",0.9999993354428458
38,top,O=C(NCCN(CCNC(=O)C1=CC=CC(=S)N1[O-])CCNC(=O)C1=CC=CC(=S)N1[O-])C1=CC=CC(=S)N1[O-],"[37, 16, 29, 39, 18, 31]",[],0.999999400264
38,top,I[Te](I)I([Te](I)I)[Te](I)I,"[1, 4, 7]",[],0.9999997716932473
38,top,Cl[Si](Cl)(Cl)[Ge]([Si](Cl)(Cl)Cl)[Si](Cl)(Cl)Cl,[4],[],0.9999999985873003
39,bottom,Cc1cc(C)c(B(CCCP(CCCB(c2c(C)cc(C)cc2C)c2c(C)cc(C)cc2C)CCP(CCCB(c2c(C)cc(C)cc2C)c2c(C)cc(C)cc2C)CCCB(c2c(C)cc(C)cc2C)c2c(C)cc(C)cc2C)c2c(C)cc(C)cc2C)c(C)c1,"[35, 10]",[],2.095085287530241e-15
39,bottom,C[Si](C)(C)c1cc(cc(c1)[Si](C)(C)C)C(C(=O)Nc1cccc(NC(=O)C(c2cc(cc(c2)[Si](C)(C)C)[Si](C)(C)C)(c2cc(cc(c2)[Si](C)(C)C)[Si](C)(C)C)c2cc(cc(c2)[Si](C)(C)C)[Si](C)(C)C)c1[S-])(c1cc(cc(c1)[Si](C)(C)C)[Si](C)(C)C)c1cc(cc(c1)[Si](C)(C)C)[Si](C)(C)C,"[70, 16]","[{'functional_group': 'fluoro', 'smiles_inds': [38]}, {'functional_group': 'trifluro', 'smiles_inds': [46]}]",2.6692045147273312e-14
39,bottom,CCCC[P](CCCC)(CCCC)CCP(CCP(CCP(CC[P](CCCC)(CCCC)CCCC)CC[P](CCCC)(CCCC)CCCC)c1ccccc1)CC[P](CCCC)(CCCC)CCCC,"[15, 18, 21]",[],6.638468021908926e-14
39,bottom,C1CCC(CC1)B(CCCP(CCCB(C1CCCCC1)C1CCCCC1)CCP(CCCB(C1CCCCC1)C1CCCCC1)CCCB(C1CCCCC1)C1CCCCC1)C1CCCCC1,"[10, 29]",[],1.016684892812578e-13
39,bottom,CC(C)(C)c1cc2c(OP(Oc3c2cc(cc3C(C)(C)C)C(C)(C)C)O[Si]2(O[Si]3(O[Si](OP4Oc5c(cc(cc5C(C)(C)C)C(C)(C)C)c5cc(cc(c5O4)C(C)(C)C)C(C)(C)C)(O[Si]4(O[Si](O3)(O[Si](O2)(O[Si](O4)(O[Si](C)(c2ccccc2)c2ccccc2)C2CCCC2)C2CCCC2)C2CCCC2)C2CCCC2)C2CCCC2)C2CCCC2)C2CCCC2)c(c1)C(C)(C)C,"[9, 32]",[],1.6007373436790202e-13
39,bottom,C[Si](C)(C)C(c1cc(C([Si](C)(C)C)[Si](C)(C)C)c(Sc2ccccc2[Se]c2ccccc2[Se]c2ccccc2Sc2c(cc(cc2C([Si](C)(C)C)[Si](C)(C)C)C([Si](C)(C)C)[Si](C)(C)C)C([Si](C)(C)C)[Si](C)(C)C)c(c1)C([Si](C)(C)C)[Si](C)(C)C)[Si](C)(C)C,"[25, 32]","[{'functional_group': 'aldehyde', 'smiles_inds': [53]}]",7.0288390796381e-13
39,bottom,C[Si](C)(C)C(c1cc(C([Si](C)(C)C)[Si](C)(C)C)c([Se]c2ccccc2Sc2ccccc2Sc2ccccc2[Se]c2c(cc(cc2C([Si](C)(C)C)[Si](C)(C)C)C([Si](C)(C)C)[Si](C)(C)C)C([Si](C)(C)C)[Si](C)(C)C)c(c1)C([Si](C)(C)C)[Si](C)(C)C)[Si](C)(C)C,"[25, 32]",[],8.458918576391591e-13
39,bottom,CC(C)(C)c1cc2c3cc(cc4c5cc(cc6c7cc(cc8c9cc(cc%10c%11cc(cc%12c(c1)c2c1c(c34)c(c56)c(c78)c(c9%10)c1c%11%12)C(C)(C)C)C(C)(C)C)C(C)(C)C)C(C)(C)C)P(c1cc2c3cc(cc4c5cc(cc6c7cc(cc8c9cc(cc%10c%11cc(cc%12c(c1)c2c1c(c34)c(c56)c(c78)c(c9%10)c1c%11%12)C(C)(C)C)C(C)(C)C)C(C)(C)C)C(C)(C)C)C(C)(C)C)c1cc2c3cc(cc4c5cc(cc6c7cc(cc8c9cc(cc%10c%11cc(cc%12c(c1)c2c1c(c34)c(c56)c(c78)c(c9%10)c1c%11%12)C(C)(C)C)C(C)(C)C)C(C)(C)C)C(C)(C)C)C(C)(C)C,[62],"[{'functional_group': 'cyano', 'smiles_inds': [131]}]",1.0678495020414715e-12
39,bottom,CC(C)(C)P1P(P2P(P(P2C(C)(C)C)C(C)(C)C)C(C)(C)C)P(P1C(C)(C)C)C(C)(C)C,"[7, 4]","[{'functional_group': 'trifluro', 'smiles_inds': [25]}, {'functional_group': 'amide', 'smiles_inds': [16]}, {'functional_group': 'carbonyl', 'smiles_inds': [15]}]",1.184077297409569e-12
39,bottom,CC(C)(C)P(P1P(P(P1C(C)(C)C)C(C)(C)C)C(C)(C)C)P1P(P(P1C(C)(C)C)C(C)(C)C)C(C)(C)C,[4],[],2.714466078022498e-12
39,bottom,CC(C)(C)c1cc2c(OP(OC3C(CO[Si](c4ccccc4)(c4ccccc4)C(C)(C)C)OC(CO[Si](c4ccccc4)(c4ccccc4)C(C)(C)C)C3OP3Oc4c(cc(cc4C(C)(C)C)C(C)(C)C)c4cc(cc(c4O3)C(C)(C)C)C(C)(C)C)Oc3c2cc(cc3C(C)(C)C)C(C)(C)C)c(c1)C(C)(C)C,"[9, 55]","[{'functional_group': 'trifluro', 'smiles_inds': [61]}]",1.4991720564731858e-11
39,bottom,CC(C)(C)P(P1P(P(P1C(C)(C)C)C(C)(C)C)C(C)(C)C)P1P(P(P1C(C)(C)C)C(C)(C)C)C(C)(C)C,[4],"[{'functional_group': 'bromo', 'smiles_inds': [28]}, {'functional_group': 'amino', 'smiles_inds': [3]}]",1.7913075473160872e-11
39,bottom,C[Si](C)(C)c1cc(cc(c1)[Si](C)(C)C)P(c1cc(cc(c1)[Si](C)(C)C)[Si](C)(C)C)c1ccccc1P(c1cc(cc(c1)[Si](C)(C)C)[Si](C)(C)C)c1cc(cc(c1)[Si](C)(C)C)[Si](C)(C)C,"[35, 14]","[{'functional_group': 'tribromo', 'smiles_inds': [63]}]",2.8084509535564136e-11
39,bottom,CC(C)(C)CN1c2ccccc2N(CC(C)(C)C)[Si]21P(N=C(P2C([Si](C)(C)C)[Si](C)(C)C)c1ccccc1)C([Si](C)(C)C)[Si](C)(C)C,[19],"[{'functional_group': 'amide', 'smiles_inds': [37]}, {'functional_group': 'carbonyl', 'smiles_inds': [16]}, {'functional_group': 'ethyl', 'smiles_inds': [25]}]",3.761362462651659e-11
39,bottom,CC(C)(C)P1P(P2P(P(P2C(C)(C)C)C(C)(C)C)C(C)(C)C)P(P1C(C)(C)C)C(C)(C)C,"[7, 4]","[{'functional_group': 'iodo', 'smiles_inds': [16]}]",4.159042094482003e-11
39,bottom,C1CCCCCCCCCP2CCCCCCCCCCCCCCCCCCP(CCCCCCCC1)CCCCCCCCCCCCCCCCCC2,"[10, 29]","[{'functional_group': 'carbonyl', 'smiles_inds': [38]}, {'functional_group': 'carbonyl', 'smiles_inds': [6]}, {'functional_group': '2-hydroxypyridine', 'smiles_inds': [32]}]",4.944906852913174e-11
39,bottom,C1CCN(C1)P(=Nc1ccc2ccccc2c1c1c(ccc2ccccc12)N=P(N=P(N1CCCC1)(N1CCCC1)N1CCCC1)(N1CCCC1)N1CCCC1)(N=P(N1CCCC1)(N1CCCC1)N1CCCC1)N1CCCC1,"[6, 27]",[],5.912802196381239e-11
39,bottom,CC(C)(C)P1P(P2P(P(P2C(C)(C)C)C(C)(C)C)C(C)(C)C)P(P1C(C)(C)C)C(C)(C)C,"[7, 4]",[],7.511762838229297e-11
39,bottom,COc1c(cc(cc1C12CC3CC(CC(C3)C1)C2)P(c1cc(c(OC)c(c1)C12CC3CC(CC(C3)C1)C2)C12CC3CC(CC(C3)C1)C2)c1ccccc1CNc1cccc2CCC3(CCc4cccc(P(c5cc(cc(c5)C(C)(C)C)C(C)(C)C)c5cc(cc(c5)C(C)(C)C)C(C)(C)C)c34)c12)C12CC3CC(CC(C3)C1)C2,"[70, 18, 54]","[{'functional_group': 'ether', 'smiles_inds': [20]}]",1.0153658860705124e-10
39,bottom,CCCOc1c2Cc3cc(cc(Cc4cccc(Cc5cc(cc(Cc1ccc2)c5OCCC)c1cccc(c1)c1cc2Cc5cccc(Cc6cc(cc(Cc7cccc(Cc(c1)c2OCCC)c7OCCC)c6OCCC)P(c1ccccc1)c1ccccc1)c5OCCC)c4OCCC)c3OCCC)P(c1ccccc1)c1ccccc1,"[107, 79]","[{'functional_group': 'thiol', 'smiles_inds': [27]}, {'functional_group': 'amide', 'smiles_inds': [63]}]",1.1083784939408143e-10
39,median,C(CN(Cc1nccc2ccccc12)Cc1nccc2ccccc12)N(Cc1ccccn1)Cc1ccccn1,"[2, 25, 5, 16, 32, 39]",[],0.4203919485432565
39,median,CCOc1nc(nc(n1)N1C=CC=N1)N1C=CC=N1,"[13, 8, 18]","[{'functional_group': 'fluoro', 'smiles_inds': [1]}, {'functional_group': 'methyl', 'smiles_inds': [0]}]",0.42046059876626923
39,median,Oc1ccccc1C(=O)C=Cc1cccnc1,[15],[],0.4204878399736384
39,median,CN(C)C([S-])=NSCc1ccccc1,"[6, 4]","[{'functional_group': 'ether', 'smiles_inds': [0]}]",0.4205454340812595
39,median,CC(C)CN=C(C)c1ccccc1[O-],"[4, 13]","[{'functional_group': 'carboxyllic_acid', 'smiles_inds': [3]}, {'functional_group': '2-methylbenzoic_acid', 'smiles_inds': [1]}]",0.4205938665774782
39,median,C(c1ccccc1)C1=CN(N=N1)c1ccccn1,"[9, 10]","[{'functional_group': '2-hydroxypyridine', 'smiles_inds': [5]}]",0.42061006088599956
39,median,CC(C)(C)c1cc(c([O-])c(c1)C(C)(C)C)c1cccc(n1)c1ccccn1,"[8, 26, 20]","[{'functional_group': 'amide', 'smiles_inds': [14]}]",0.42061529765601197
39,median,CN1C=C(N=N1)c1ccccc1,[4],[],0.4206479978273477
39,median,CCc1cnc(C2=[NH+]C(C)(C(C)C)C(=O)[N-]2)c(c1)C(=O)[O-],"[15, 4]","[{'functional_group': 'cyanimide', 'smiles_inds': [12]}]",0.4206922854792157
39,median,CC12CNCCNCC([NH2+]CC3=CSC=C3)(CNCCNC1)CNCCNC2,"[17, 26, 20, 6, 23, 3]","[{'functional_group': 'trichloro', 'smiles_inds': [4]}, {'functional_group': 'carboxyllic_acid', 'smiles_inds': [25]}]",0.42073416811998193
39,median,CC(N=CC(C)=NC(C)c1ccccc1)c1ccccc1,"[2, 6]","[{'functional_group': 'carboxylate', 'smiles_inds': [19]}, {'functional_group': 'methyl', 'smiles_inds': [11]}]",0.4208184022713618
39,median,NC(=O)CN1CCCN2CCN(CCCN(CC2)CC(N)=O)CC1,"[2, 11, 4, 15, 8, 21]","[{'functional_group': 'ethyl_ester', 'smiles_inds': [17]}]",0.42094958335742033
39,median,CC(C)(C)c1cc(CNCc2ccccn2)c([O-])c(c1)C(C)(C)C,"[17, 15, 8]",[],0.420963510644601
39,median,CN(C)CCNCCc1ccc2c(Cl)cc(Cl)c(N)c2n1,"[5, 1]","[{'functional_group': 'ether', 'smiles_inds': [3]}]",0.42102872559555704
39,median,C1CCN2C=CN=C2C2=NC=CN2C1,"[9, 6]",[],0.42104090224024354
39,median,COc1ccc(cc1)c1cccc(n1)c1cccc(n1)c1ccc(OC)cc1,"[19, 13]",[],0.4210606687955005
39,median,N(c1ccccn1)c1cccc(n1)C1=Nc2ccccc2S1,"[14, 12, 6]","[{'functional_group': 'trichloro', 'smiles_inds': [4]}]",0.42109844415823394
39,median,CC12CNCCNCC([NH2+]CC3=CSC=C3)(CNCCNC1)CNCCNC2,"[17, 26, 20, 6, 23, 3]","[{'functional_group': 'bromo', 'smiles_inds': [7]}, {'functional_group': 'iodo', 'smiles_inds': [27]}, {'functional_group': '2-methylbenzoic_acid', 'smiles_inds': [14]}, {'functional_group': 'ether', 'smiles_inds': [12]}]",0.4211153364546553
39,median,Fc1ccc(C=NCCN(CCN=Cc2ccc(F)cn2)CCN=Cc2ccc(F)cn2)nc1,"[32, 6, 20, 12, 31, 23]","[{'functional_group': 'aldehyde', 'smiles_inds': [10]}, {'functional_group': 'trichloro', 'smiles_inds': [8]}]",0.42111851758503227
39,median,c1ccc2c(c1)cccc2c1cc(ncn1)c1cc(ncn1)c1cccc2ccccc12,"[13, 21]","[{'functional_group': 'amide', 'smiles_inds': [27]}, {'functional_group': 'phosphonate', 'smiles_inds': [24]}, {'functional_group': 'methyl_ester', 'smiles_inds': [23]}]",0.4211665053473993
39,top,Nc1nc(N)nc(n1)c1cccc(n1)c1nc(N)nc(N)n1,"[13, 5, 15]",[],0.999097646428648
39,top,[NH3+]C1C([O-])C([NH3+])C([O-])C([NH3+])C1[O-],"[3, 7, 11]",[],0.9991167852714831
39,top,N1C=NC(=C2NN=N[N-]2)C1=C1N=NN=N1,"[8, 2]",[],0.999277360456511
39,top,c1cc(ccn1)c1nc2nc(nc3[N-]C(=Nc(n1)c23)c1ccncc1)c1ccncc1,"[13, 11]","[{'functional_group': 'tribromo', 'smiles_inds': [21]}, {'functional_group': 'iodo', 'smiles_inds': [27]}]",0.999291521763959
39,top,S=C1NC(=S)N=C([S-])N1,"[5, 7]","[{'functional_group': 'phosphonate', 'smiles_inds': [8]}]",0.999361487160903
39,top,C(CC(CCN=CC1=NC=C[N-]1)CCN=CC1=NC=C[N-]1)N=CC1=NC=C[N-]1,"[5, 11, 14, 21, 20, 27]","[{'functional_group': 'tribromo', 'smiles_inds': [25]}]",0.9994096515260729
39,top,CC[As]1S[As]([S-])S[As](CC)S[As](CC)S[As](CC)S[As]([S-])S[As](CC)S[As](CC)S1,"[2, 22, 15, 7, 5, 20]","[{'functional_group': 'methyl_ester', 'smiles_inds': [9]}]",0.9994580576930289
39,top,ON1N=NN=C1N=N[N-]C1=NN=NN1[O-],"[14, 8, 4]",[],0.999466290830514
39,top,I[Te](I)I[Te](I)(I)I,"[1, 4]",[],0.9997715930121605
39,top,O=C(NCCN(CCNC(=O)C1=CC=CC(=O)N1[O-])CCNC(=O)C1=CC=CC(=O)N1[O-])C1=CC=CC(=O)N1[O-],"[37, 39, 16, 18, 29, 31]","[{'functional_group': 'carboxyllic_acid', 'smiles_inds': [34]}]",0.9998082340319685
39,top,CC(C)(C)P1P2P3P2P2P1P3P(P2C(C)(C)C)C(C)(C)C,[4],"[{'functional_group': 'tribromo', 'smiles_inds': [15]}, {'functional_group': 'amino', 'smiles_inds': [20]}]",0.9998139999704395
39,top,[NH3+]CCCCC(NC(=O)c1cccc([O-])c1[O-])C(=O)NCCN(CCNC(=O)C(CCCC[NH3+])NC(=O)c1cccc([O-])c1[O-])CCNC(=O)C(CCCC[NH3+])NC(=O)c1cccc([O-])c1[O-],"[14, 16, 42, 44, 64, 66]","[{'functional_group': 'ketone', 'smiles_inds': [19]}]",0.9998452833975401
39,top,[NH3+][CH4+3]([NH3+])C(C)([CH4+3]([NH3+])[NH3+])[CH4+3]([NH3+])[NH3+],"[22, 35, 36, 21, 23, 37]",[],0.9998511544066856
39,top,C[Te]CC(C)(C[Te]C)C[Te]C,"[1, 6, 9]","[{'functional_group': 'amino', 'smiles_inds': [4]}]",0.9998968498586726
39,top,[NH3+]CCCCC(NC(=O)c1cccc([O-])c1[O-])C(=O)NCCN(CCNC(=O)C(CCCC[NH3+])NC(=O)c1cccc([O-])c1[O-])CCNC(=O)C(CCCC[NH3+])NC(=O)c1cccc([O-])c1[O-],"[14, 16, 42, 44, 64, 66]",[],0.9999388603937035
39,top,Cl[Si](Cl)(Cl)[Ge]([Si](Cl)(Cl)Cl)[Si](Cl)(Cl)Cl,[4],[],0.999974183682527
39,top,I[Te](I)I([Te](I)I)[Te](I)I,"[1, 4, 7]",[],0.999987052417506
39,top,C[Te](C)CC(C)(C[Te](C)C)C[Te](C)C,"[1, 7, 11]","[{'functional_group': 'ethyl', 'smiles_inds': [2]}]",0.9999973821634675
39,top,C[Te](C)CC(C)(C[Te](C)C)C[Te](C)C,"[1, 7, 11]",[],0.9999984365120038
39,top,C[Te](C)CC(C)(C[Te](C)C)C[Te](C)C,"[1, 7, 11]","[{'functional_group': 'thiol', 'smiles_inds': [9]}]",0.9999989249287202
