train_iteration,target,bootstrap,cosine_meta_base,mean_abs_delta,meta_gini,base_gini,norm_par,norm_perp,perp_over_par,topk_overlap_with_base
1,sco_kcal,0,0.08276104927062988,0.4564127027988434,0.49159290546083967,0.895096101098505,7.278468132019043,0.2433028370141983,0.03342775328559503,0.58
1,sco_kcal,1,0.050452135503292084,0.2690616548061371,0.4969453468258762,0.9024645046269693,4.392829895019531,0.05712901055812836,0.013005058680487411,0.54
1,water_gsolv_eV,0,0.9999999403953552,0.0,0.5085022505091463,0.5085022505091463,,,,1.0
1,water_gsolv_eV,1,0.9999999403953552,0.0,0.5085022505091463,0.5085022505091463,,,,1.0
1,water_hl_gap_eV,0,0.9999999403953552,0.0,0.7077830224697017,0.7077830224697017,,,,1.0
1,water_hl_gap_eV,1,0.9999999403953552,0.0,0.7077830224697017,0.7077830224697017,,,,1.0
1,water_dipole,0,1.0,0.0,0.5789656494837523,0.5789656494837523,,,,1.0
1,water_dipole,1,1.0,0.0,0.5789656494837523,0.5789656494837523,,,,1.0
1,acetone_gsolv_eV,0,1.0,0.0,0.4893493275856302,0.4893493275856302,,,,1.0
1,acetone_gsolv_eV,1,1.0,0.0,0.4893493275856302,0.4893493275856302,,,,1.0
1,acetone_hl_gap_eV,0,1.0,0.0,0.7020001880384661,0.7020001880384661,,,,1.0
1,acetone_hl_gap_eV,1,1.0,0.0,0.7020001880384661,0.7020001880384661,,,,1.0
1,acetone_dipole,0,0.9999998807907104,0.0,0.5154304245393739,0.5154304245393739,,,,1.0
1,acetone_dipole,1,0.9999998807907104,0.0,0.5154304245393739,0.5154304245393739,,,,1.0
1,octanol_gsolv_eV,0,0.10087694227695465,0.1640985906124115,0.48191784995047193,0.8946777482091324,2.5079636573791504,0.020101845264434814,0.008015205964125279,0.56
1,octanol_gsolv_eV,1,0.072505883872509,0.19692137837409973,0.4850608378946626,0.896237990736489,2.9955244064331055,0.024138161912560463,0.008058075527851488,0.54
1,octanol_hl_gap_eV,0,0.06813152134418488,0.030153295025229454,0.5501795628543422,0.8825008339995419,0.535687267780304,0.0006985430954955518,0.0013040128774948563,0.56
1,octanol_hl_gap_eV,1,-0.031272828578948975,0.024064620956778526,0.484215383165465,0.9161371177246542,0.4251154065132141,0.0020931586623191833,0.004923742189179211,0.62
1,octanol_dipole,0,0.07275638729333878,0.06371095776557922,0.4722658166807159,0.9106278936407295,0.8761931657791138,0.010985513217747211,0.012537775512068573,0.58
1,octanol_dipole,1,0.05028195679187775,0.04757975786924362,0.4777304642529794,0.9210739467724118,0.625626802444458,0.03466694802045822,0.055411545485274966,0.5
1,hexane_gsolv_eV,0,1.0,0.0,0.5589188617983101,0.5589188617983101,,,,1.0
1,hexane_gsolv_eV,1,1.0,0.0,0.5589188617983101,0.5589188617983101,,,,1.0
1,hexane_hl_gap_eV,0,1.0,0.0,0.677137805489552,0.677137805489552,,,,1.0
1,hexane_hl_gap_eV,1,1.0,0.0,0.677137805489552,0.677137805489552,,,,1.0
1,hexane_dipole,0,1.0,0.0,0.5268402788034983,0.5268402788034983,,,,1.0
1,hexane_dipole,1,1.0,0.0,0.5268402788034983,0.5268402788034983,,,,1.0
2,sco_kcal,0,0.28751179575920105,0.08499491214752197,0.4441426494506502,0.8852881787074893,1.52668035030365,0.14866508543491364,0.09737800411549465,0.48
2,sco_kcal,1,0.07526542246341705,0.07709989696741104,0.5220272078040016,0.9280859455462767,1.400471568107605,0.019044123589992523,0.013598365024808037,0.4
2,water_gsolv_eV,0,1.0,0.0,0.5250918591120624,0.5250918591120624,,,,1.0
2,water_gsolv_eV,1,1.0,0.0,0.5250918591120624,0.5250918591120624,,,,1.0
2,water_hl_gap_eV,0,1.0,0.0,0.643251055292898,0.643251055292898,,,,1.0
2,water_hl_gap_eV,1,1.0,0.0,0.643251055292898,0.643251055292898,,,,1.0
2,water_dipole,0,1.0000001192092896,0.0,0.5469237139076266,0.5469237139076266,,,,1.0
2,water_dipole,1,1.0000001192092896,0.0,0.5469237139076266,0.5469237139076266,,,,1.0
2,acetone_gsolv_eV,0,1.0,0.0,0.4838064958634547,0.4838064958634547,,,,1.0
2,acetone_gsolv_eV,1,1.0,0.0,0.4838064958634547,0.4838064958634547,,,,1.0
2,acetone_hl_gap_eV,0,1.0,0.0,0.6388366077132224,0.6388366077132224,,,,1.0
2,acetone_hl_gap_eV,1,1.0,0.0,0.6388366077132224,0.6388366077132224,,,,1.0
2,acetone_dipole,0,0.9999999403953552,0.0,0.5051476136203084,0.5051476136203084,,,,1.0
2,acetone_dipole,1,0.9999999403953552,0.0,0.5051476136203084,0.5051476136203084,,,,1.0
2,octanol_gsolv_eV,0,0.12331376224756241,0.36650192737579346,0.49734098304402874,0.9139947251190128,6.327645301818848,0.05833900719881058,0.00921970249850151,0.46
2,octanol_gsolv_eV,1,0.09082795679569244,0.40841272473335266,0.4991516036459429,0.9147936815837463,7.042812347412109,0.06771335750818253,0.009614533820862612,0.46
2,octanol_hl_gap_eV,0,0.15248848497867584,0.01658530905842781,0.448981515516232,0.8071751798432418,0.3114078938961029,0.02782677859067917,0.08935797433562555,0.52
2,octanol_hl_gap_eV,1,0.14137107133865356,0.02137860283255577,0.5002100850826647,0.9302569845973547,0.21503141522407532,0.0003197950136382133,0.0014872013622054627,0.58
2,octanol_dipole,0,0.0974024161696434,0.11448071897029877,0.4265593609203848,0.8939712326708302,1.5427594184875488,0.00458094896748662,0.0029693216664835364,0.5
2,octanol_dipole,1,0.41911232471466064,0.0462748259305954,0.4625359688755417,0.8493521495882614,0.6111284494400024,0.13453297317028046,0.22013861945644578,0.56
2,hexane_gsolv_eV,0,0.9999998807907104,0.0,0.4897842566171877,0.4897842566171877,,,,1.0
2,hexane_gsolv_eV,1,0.9999998807907104,0.0,0.4897842566171877,0.4897842566171877,,,,1.0
2,hexane_hl_gap_eV,0,1.0,0.0,0.5861105523888024,0.5861105523888024,,,,1.0
2,hexane_hl_gap_eV,1,1.0,0.0,0.5861105523888024,0.5861105523888024,,,,1.0
2,hexane_dipole,0,1.0000001192092896,0.0,0.5664695486662912,0.5664695486662912,,,,1.0
2,hexane_dipole,1,1.0000001192092896,0.0,0.5664695486662912,0.5664695486662912,,,,1.0
3,sco_kcal,0,0.07659024745225906,0.14726583659648895,0.5431301733592349,0.9446031714895384,2.9989430904388428,0.11383487284183502,0.0379583304547394,0.46
3,sco_kcal,1,0.1379605531692505,0.5737009048461914,0.5799648648999352,0.8278498746840379,11.69411563873291,0.29590240120887756,0.025303529599861166,0.38
3,water_gsolv_eV,0,1.0,0.0,0.5640485627246137,0.5640485627246137,,,,1.0
3,water_gsolv_eV,1,1.0,0.0,0.5640485627246137,0.5640485627246137,,,,1.0
3,water_hl_gap_eV,0,1.0000001192092896,0.0,0.6584417608083761,0.6584417608083761,,,,1.0
3,water_hl_gap_eV,1,1.0000001192092896,0.0,0.6584417608083761,0.6584417608083761,,,,1.0
3,water_dipole,0,1.0000001192092896,0.0,0.5404307031051709,0.5404307031051709,,,,1.0
3,water_dipole,1,1.0000001192092896,0.0,0.5404307031051709,0.5404307031051709,,,,1.0
3,acetone_gsolv_eV,0,0.9999999403953552,0.0,0.5476735033126607,0.5476735033126607,,,,1.0
3,acetone_gsolv_eV,1,0.9999999403953552,0.0,0.5476735033126607,0.5476735033126607,,,,1.0
3,acetone_hl_gap_eV,0,1.0000001192092896,0.0,0.6466083814942547,0.6466083814942547,,,,1.0
3,acetone_hl_gap_eV,1,1.0000001192092896,0.0,0.6466083814942547,0.6466083814942547,,,,1.0
3,acetone_dipole,0,0.9999999403953552,0.0,0.5140321605359843,0.5140321605359843,,,,1.0
3,acetone_dipole,1,0.9999999403953552,0.0,0.5140321605359843,0.5140321605359843,,,,1.0
3,octanol_gsolv_eV,0,0.17371180653572083,0.24083992838859558,0.525278044211474,0.8573950005206339,4.799612045288086,0.23663116991519928,0.04930214519056947,0.44
3,octanol_gsolv_eV,1,0.164290651679039,0.27532055974006653,0.5075712972570783,0.8107403267356552,4.968094825744629,0.13531900942325592,0.027237605997782865,0.58
3,octanol_hl_gap_eV,0,-0.020702892914414406,0.025752432644367218,0.5721844974071342,0.9247969601944832,0.36417943239212036,0.01822766475379467,0.050051329461594976,0.58
3,octanol_hl_gap_eV,1,0.0777224525809288,0.033311303704977036,0.5134009484156643,0.90937369157349,0.6101968288421631,0.00015607995737809688,0.00025578624797879666,0.52
3,octanol_dipole,0,0.038476310670375824,0.10843005031347275,0.5185450711948179,0.9208284059677014,2.059291124343872,0.018596936017274857,0.009030746453200095,0.44
3,octanol_dipole,1,0.1840512901544571,0.057530324906110764,0.5191923385353514,0.8642079936502938,0.9716671109199524,0.13323818147182465,0.13712328015885786,0.56
3,hexane_gsolv_eV,0,1.0,0.0,0.5760639663697782,0.5760639663697782,,,,1.0
3,hexane_gsolv_eV,1,1.0,0.0,0.5760639663697782,0.5760639663697782,,,,1.0
3,hexane_hl_gap_eV,0,1.0,0.0,0.6446528020763114,0.6446528020763114,,,,1.0
3,hexane_hl_gap_eV,1,1.0,0.0,0.6446528020763114,0.6446528020763114,,,,1.0
3,hexane_dipole,0,1.0,0.0,0.5080260553748983,0.5080260553748983,,,,1.0
3,hexane_dipole,1,1.0,0.0,0.5080260553748983,0.5080260553748983,,,,1.0
4,sco_kcal,0,0.28749537467956543,0.34507790207862854,0.5489644170998458,0.822723631994859,7.596473217010498,1.506798267364502,0.19835497662130697,0.56
4,sco_kcal,1,0.05855075269937515,0.391665518283844,0.5147838920736116,0.9169098264133104,7.313684463500977,0.054932739585638046,0.007510952907495598,0.48
4,water_gsolv_eV,0,0.9999999403953552,0.0,0.5494411047257504,0.5494411047257504,,,,1.0
4,water_gsolv_eV,1,0.9999999403953552,0.0,0.5494411047257504,0.5494411047257504,,,,1.0
4,water_hl_gap_eV,0,0.9999998807907104,0.0,0.6061003481482281,0.6061003481482281,,,,1.0
4,water_hl_gap_eV,1,0.9999998807907104,0.0,0.6061003481482281,0.6061003481482281,,,,1.0
4,water_dipole,0,1.0000001192092896,0.0,0.5460072443194897,0.5460072443194897,,,,1.0
4,water_dipole,1,1.0000001192092896,0.0,0.5460072443194897,0.5460072443194897,,,,1.0
4,acetone_gsolv_eV,0,1.0,0.0,0.5860627199664725,0.5860627199664725,,,,1.0
4,acetone_gsolv_eV,1,1.0,0.0,0.5860627199664725,0.5860627199664725,,,,1.0
4,acetone_hl_gap_eV,0,1.0,0.0,0.5989127980955613,0.5989127980955613,,,,1.0
4,acetone_hl_gap_eV,1,1.0,0.0,0.5989127980955613,0.5989127980955613,,,,1.0
4,acetone_dipole,0,0.9999999403953552,0.0,0.5277098597022578,0.5277098597022578,,,,1.0
4,acetone_dipole,1,0.9999999403953552,0.0,0.5277098597022578,0.5277098597022578,,,,1.0
4,octanol_gsolv_eV,0,0.21621380746364594,0.20592668652534485,0.5817104685430221,0.7750668017776008,4.676715850830078,0.39283421635627747,0.08399787989825225,0.56
4,octanol_gsolv_eV,1,0.06366316974163055,0.18212249875068665,0.531018993050393,0.914731225858679,3.5197255611419678,0.07796044647693634,0.022149581017800214,0.56
4,octanol_hl_gap_eV,0,-0.06810327619314194,0.03447236120700836,0.5198424481669481,0.8642093607021917,0.6450242400169373,0.0063138664700090885,0.009788572395113859,0.52
4,octanol_hl_gap_eV,1,0.043404124677181244,0.04688427969813347,0.5320946543411003,0.9250555301494408,0.8488113880157471,0.000296766753308475,0.00034962626267564807,0.4
4,octanol_dipole,0,0.4056988060474396,0.08246161043643951,0.5162969778478932,0.7709791685312328,1.3617817163467407,0.33415836095809937,0.24538320418528442,0.52
4,octanol_dipole,1,0.2418433129787445,0.05723296478390694,0.5211948320527238,0.8640018442138062,0.8787781000137329,0.10527651011943817,0.11979874113589424,0.56
4,hexane_gsolv_eV,0,1.0,0.0,0.5835007426608334,0.5835007426608334,,,,1.0
4,hexane_gsolv_eV,1,1.0,0.0,0.5835007426608334,0.5835007426608334,,,,1.0
4,hexane_hl_gap_eV,0,1.0,0.0,0.5861010423591697,0.5861010423591697,,,,1.0
4,hexane_hl_gap_eV,1,1.0,0.0,0.5861010423591697,0.5861010423591697,,,,1.0
4,hexane_dipole,0,1.0,0.0,0.47572196155156243,0.47572196155156243,,,,1.0
4,hexane_dipole,1,1.0,0.0,0.47572196155156243,0.47572196155156243,,,,1.0
5,sco_kcal,0,0.054787781089544296,0.4466676115989685,0.5046379973756294,0.9141602521446774,8.319930076599121,0.15875224769115448,0.019080959362587156,0.52
5,sco_kcal,1,0.08026787638664246,0.25924429297447205,0.48549601025892786,0.8606502915289653,4.6426239013671875,0.2432902306318283,0.05240360533192938,0.5
5,water_gsolv_eV,0,1.0,0.0,0.5442477620431563,0.5442477620431563,,,,1.0
5,water_gsolv_eV,1,1.0,0.0,0.5442477620431563,0.5442477620431563,,,,1.0
5,water_hl_gap_eV,0,1.0000001192092896,0.0,0.5402641971808493,0.5402641971808493,,,,1.0
5,water_hl_gap_eV,1,1.0000001192092896,0.0,0.5402641971808493,0.5402641971808493,,,,1.0
5,water_dipole,0,0.9999999403953552,0.0,0.5302255473054307,0.5302255473054307,,,,1.0
5,water_dipole,1,0.9999999403953552,0.0,0.5302255473054307,0.5302255473054307,,,,1.0
5,acetone_gsolv_eV,0,1.0,0.0,0.5369547172942934,0.5369547172942934,,,,1.0
5,acetone_gsolv_eV,1,1.0,0.0,0.5369547172942934,0.5369547172942934,,,,1.0
5,acetone_hl_gap_eV,0,0.9999999403953552,0.0,0.5361539649236231,0.5361539649236231,,,,1.0
5,acetone_hl_gap_eV,1,0.9999999403953552,0.0,0.5361539649236231,0.5361539649236231,,,,1.0
5,acetone_dipole,0,1.0,0.0,0.5018296143699268,0.5018296143699268,,,,1.0
5,acetone_dipole,1,1.0,0.0,0.5018296143699268,0.5018296143699268,,,,1.0
5,octanol_gsolv_eV,0,0.18056882917881012,0.42154940962791443,0.4959954944002867,0.8198580868107239,8.023780822753906,0.22666537761688232,0.0282491985541408,0.5
5,octanol_gsolv_eV,1,0.3255079388618469,0.38464564085006714,0.5065638109504558,0.8121619296628371,7.649028301239014,1.644963026046753,0.21505516272966288,0.54
5,octanol_hl_gap_eV,0,0.17884334921836853,0.03259886056184769,0.5433269544960095,0.7993415564993178,0.5160377025604248,0.023942116647958755,0.04639606084819991,0.36
5,octanol_hl_gap_eV,1,0.023973317816853523,0.031311359256505966,0.49762420310097566,0.9177485047557854,0.4267922043800354,0.00064616568852216,0.001514005368164561,0.48
5,octanol_dipole,0,0.29883071780204773,0.10602971166372299,0.5378262063388368,0.8076748953612052,1.8395637273788452,0.6357296705245972,0.34558719606329413,0.5
5,octanol_dipole,1,0.05695304647088051,0.13534444570541382,0.49806928522456184,0.8805233697586285,2.3809216022491455,0.03519036993384361,0.014780146435985507,0.48
5,hexane_gsolv_eV,0,0.9999998807907104,0.0,0.5920737176186215,0.5920737176186215,,,,1.0
5,hexane_gsolv_eV,1,0.9999998807907104,0.0,0.5920737176186215,0.5920737176186215,,,,1.0
5,hexane_hl_gap_eV,0,1.0,0.0,0.5232371229632065,0.5232371229632065,,,,1.0
5,hexane_hl_gap_eV,1,1.0,0.0,0.5232371229632065,0.5232371229632065,,,,1.0
5,hexane_dipole,0,1.0,0.0,0.46999300998157834,0.46999300998157834,,,,1.0
5,hexane_dipole,1,1.0,0.0,0.46999300998157834,0.46999300998157834,,,,1.0
6,sco_kcal,0,0.031519047915935516,0.8107607960700989,0.4934454020197485,0.9427069434214872,15.034939765930176,0.15182605385780334,0.010098214972689664,0.46
6,sco_kcal,1,0.06543387472629547,0.9477980136871338,0.5328530663392708,0.907506664230775,18.411527633666992,0.06388760358095169,0.0034699784207002982,0.38
6,water_gsolv_eV,0,1.0000001192092896,0.0,0.5118275269854438,0.5118275269854438,,,,1.0
6,water_gsolv_eV,1,1.0000001192092896,0.0,0.5118275269854438,0.5118275269854438,,,,1.0
6,water_hl_gap_eV,0,1.0,0.0,0.5630534836973686,0.5630534836973686,,,,1.0
6,water_hl_gap_eV,1,1.0,0.0,0.5630534836973686,0.5630534836973686,,,,1.0
6,water_dipole,0,0.9999999403953552,0.0,0.5049420953621273,0.5049420953621273,,,,1.0
6,water_dipole,1,0.9999999403953552,0.0,0.5049420953621273,0.5049420953621273,,,,1.0
6,acetone_gsolv_eV,0,0.9999999403953552,0.0,0.5174726228325857,0.5174726228325857,,,,1.0
6,acetone_gsolv_eV,1,0.9999999403953552,0.0,0.5174726228325857,0.5174726228325857,,,,1.0
6,acetone_hl_gap_eV,0,1.0,0.0,0.5568324320218145,0.5568324320218145,,,,1.0
6,acetone_hl_gap_eV,1,1.0,0.0,0.5568324320218145,0.5568324320218145,,,,1.0
6,acetone_dipole,0,1.0,0.0,0.4876214031949071,0.4876214031949071,,,,1.0
6,acetone_dipole,1,1.0,0.0,0.4876214031949071,0.4876214031949071,,,,1.0
6,octanol_gsolv_eV,0,0.11686601489782333,0.18051519989967346,0.5055951760105701,0.8933362654377577,3.3112738132476807,0.13030053675174713,0.039350577481826854,0.46
6,octanol_gsolv_eV,1,0.24121792614459991,0.19020189344882965,0.511477963856598,0.8217447330133774,3.5148088932037354,0.5517860054969788,0.15698890672659813,0.46
6,octanol_hl_gap_eV,0,0.008169472217559814,0.028075963258743286,0.5165060904060721,0.8747187977484667,0.4120219051837921,0.18123440444469452,0.43986594441829646,0.38
6,octanol_hl_gap_eV,1,0.01789463683962822,0.018187755718827248,0.44917603581832366,0.9238776938563922,0.28794243931770325,0.000746331992559135,0.0025919485655800274,0.44
6,octanol_dipole,0,0.11699126660823822,0.3161894679069519,0.49573341164989815,0.8623472415228175,5.830028533935547,0.11104903370141983,0.01904776847231937,0.44
6,octanol_dipole,1,0.1368183046579361,0.06876517832279205,0.5010622410873493,0.9335575661161339,1.1681218147277832,0.0127751799300313,0.010936513443170653,0.46
6,hexane_gsolv_eV,0,1.0,0.0,0.5347612671527275,0.5347612671527275,,,,1.0
6,hexane_gsolv_eV,1,1.0,0.0,0.5347612671527275,0.5347612671527275,,,,1.0
6,hexane_hl_gap_eV,0,1.0000001192092896,0.0,0.5465234132679375,0.5465234132679375,,,,1.0
6,hexane_hl_gap_eV,1,1.0000001192092896,0.0,0.5465234132679375,0.5465234132679375,,,,1.0
6,hexane_dipole,0,1.0,0.0,0.46710529934247136,0.46710529934247136,,,,1.0
6,hexane_dipole,1,1.0,0.0,0.46710529934247136,0.46710529934247136,,,,1.0
7,sco_kcal,0,0.12782405316829681,0.14430464804172516,0.4985936746003783,0.9254483263292719,2.7747771739959717,0.0804683119058609,0.028999918501555946,0.46
7,sco_kcal,1,0.15481238067150116,0.4285978376865387,0.47815843321011364,0.8256471672741534,7.631761074066162,0.16158899664878845,0.021173225298927588,0.44
7,water_gsolv_eV,0,1.0,0.0,0.5063019773188469,0.5063019773188469,,,,1.0
7,water_gsolv_eV,1,1.0,0.0,0.5063019773188469,0.5063019773188469,,,,1.0
7,water_hl_gap_eV,0,1.0,0.0,0.6383961788250123,0.6383961788250123,,,,1.0
7,water_hl_gap_eV,1,1.0,0.0,0.6383961788250123,0.6383961788250123,,,,1.0
7,water_dipole,0,1.0,0.0,0.5077585466446894,0.5077585466446894,,,,1.0
7,water_dipole,1,1.0,0.0,0.5077585466446894,0.5077585466446894,,,,1.0
7,acetone_gsolv_eV,0,0.9999999403953552,0.0,0.5071534287338448,0.5071534287338448,,,,1.0
7,acetone_gsolv_eV,1,0.9999999403953552,0.0,0.5071534287338448,0.5071534287338448,,,,1.0
7,acetone_hl_gap_eV,0,0.9999999403953552,0.0,0.5668325940871184,0.5668325940871184,,,,1.0
7,acetone_hl_gap_eV,1,0.9999999403953552,0.0,0.5668325940871184,0.5668325940871184,,,,1.0
7,acetone_dipole,0,1.0,0.0,0.4940021579644718,0.4940021579644718,,,,1.0
7,acetone_dipole,1,1.0,0.0,0.4940021579644718,0.4940021579644718,,,,1.0
7,octanol_gsolv_eV,0,0.18327683210372925,0.8013817667961121,0.48423029969892584,0.87249194066256,15.237168312072754,0.7111495137214661,0.046672025874913134,0.52
7,octanol_gsolv_eV,1,0.07696625590324402,0.4906492233276367,0.4890187464623501,0.9180524252478439,9.223899841308594,0.0009803521679714322,0.00010628391296932705,0.42
7,octanol_hl_gap_eV,0,0.012620258145034313,0.02942737191915512,0.502888184598856,0.9274250364178644,0.4913204312324524,0.0005168867064639926,0.0010520358479035941,0.4
7,octanol_hl_gap_eV,1,0.027974916622042656,0.018403535708785057,0.4299343047709483,0.8911387952926244,0.3703584671020508,0.00026081001851707697,0.0007042096824674777,0.38
7,octanol_dipole,0,0.0758313536643982,0.10998136550188065,0.4950250695590772,0.9117605652678984,2.0237112045288086,0.06001871079206467,0.029657744967636894,0.54
7,octanol_dipole,1,0.15897727012634277,0.08483593165874481,0.5050621507461108,0.8287747880379122,1.484914779663086,0.06315121054649353,0.042528508309966434,0.56
7,hexane_gsolv_eV,0,1.0,0.0,0.5729681017819357,0.5729681017819357,,,,1.0
7,hexane_gsolv_eV,1,1.0,0.0,0.5729681017819357,0.5729681017819357,,,,1.0
7,hexane_hl_gap_eV,0,0.9999999403953552,0.0,0.5545147063223703,0.5545147063223703,,,,1.0
7,hexane_hl_gap_eV,1,0.9999999403953552,0.0,0.5545147063223703,0.5545147063223703,,,,1.0
7,hexane_dipole,0,1.0,0.0,0.4986694238220519,0.4986694238220519,,,,1.0
7,hexane_dipole,1,1.0,0.0,0.4986694238220519,0.4986694238220519,,,,1.0
8,sco_kcal,0,0.07816741615533829,0.2763994336128235,0.5068918913513474,0.9010742923586599,5.808599472045898,0.07228752970695496,0.01244491551790434,0.38
8,sco_kcal,1,0.30103030800819397,0.0269281268119812,0.47052173087430993,0.9220070357674062,0.4881964325904846,0.051412977278232574,0.10531207081015172,0.36
8,water_gsolv_eV,0,1.0,0.0,0.53672337347565,0.53672337347565,,,,1.0
8,water_gsolv_eV,1,1.0,0.0,0.53672337347565,0.53672337347565,,,,1.0
8,water_hl_gap_eV,0,1.0000001192092896,0.0,0.583786915418181,0.583786915418181,,,,1.0
8,water_hl_gap_eV,1,1.0000001192092896,0.0,0.583786915418181,0.583786915418181,,,,1.0
8,water_dipole,0,1.0,0.0,0.5162408392439066,0.5162408392439066,,,,1.0
8,water_dipole,1,1.0,0.0,0.5162408392439066,0.5162408392439066,,,,1.0
8,acetone_gsolv_eV,0,1.0,0.0,0.5377677493998361,0.5377677493998361,,,,1.0
8,acetone_gsolv_eV,1,1.0,0.0,0.5377677493998361,0.5377677493998361,,,,1.0
8,acetone_hl_gap_eV,0,1.0,0.0,0.5839089248797271,0.5839089248797271,,,,1.0
8,acetone_hl_gap_eV,1,1.0,0.0,0.5839089248797271,0.5839089248797271,,,,1.0
8,acetone_dipole,0,0.9999999403953552,0.0,0.5101658346256821,0.5101658346256821,,,,1.0
8,acetone_dipole,1,0.9999999403953552,0.0,0.5101658346256821,0.5101658346256821,,,,1.0
8,octanol_gsolv_eV,0,0.30616655945777893,0.2981923520565033,0.5122056689916699,0.8204423682727058,6.395228385925293,0.7406358122825623,0.11581069003142465,0.46
8,octanol_gsolv_eV,1,0.2778621315956116,0.2712428867816925,0.5134400591711217,0.8250977089677853,5.767970561981201,0.3480604887008667,0.060343665932531,0.44
8,octanol_hl_gap_eV,0,0.08818415552377701,0.03687677159905434,0.48975741799889927,0.9003272320343254,0.69405198097229,0.0012338266242295504,0.0017777150099061684,0.38
8,octanol_hl_gap_eV,1,0.02584213763475418,0.027867836877703667,0.5705696336048727,0.9361260564096219,0.5120095610618591,0.0004630346957128495,0.0009043477523204051,0.32
8,octanol_dipole,0,0.06535345315933228,0.1203194260597229,0.5115555166517731,0.9065823665936241,2.3713152408599854,0.02123608998954296,0.008955405685260744,0.46
8,octanol_dipole,1,0.10058142989873886,0.08201999217271805,0.5281487512216627,0.9224801503004427,1.421836018562317,0.027613986283540726,0.01942135796465649,0.48
8,hexane_gsolv_eV,0,1.0,0.0,0.5812113084864925,0.5812113084864925,,,,1.0
8,hexane_gsolv_eV,1,1.0,0.0,0.5812113084864925,0.5812113084864925,,,,1.0
8,hexane_hl_gap_eV,0,1.0,0.0,0.5764714712866654,0.5764714712866654,,,,1.0
8,hexane_hl_gap_eV,1,1.0,0.0,0.5764714712866654,0.5764714712866654,,,,1.0
8,hexane_dipole,0,0.9999998807907104,0.0,0.510983767339533,0.510983767339533,,,,1.0
8,hexane_dipole,1,0.9999998807907104,0.0,0.510983767339533,0.510983767339533,,,,1.0
9,sco_kcal,0,0.06736066937446594,0.29179874062538147,0.5001860582168922,0.9113985896096914,5.9386467933654785,0.11663727462291718,0.01964037914381803,0.4
9,sco_kcal,1,0.09703730046749115,0.24153012037277222,0.5074384289773404,0.9230623550918216,5.011099338531494,0.2461179792881012,0.049114568014176754,0.48
9,water_gsolv_eV,0,0.9999999403953552,0.0,0.5134372731785357,0.5134372731785357,,,,1.0
9,water_gsolv_eV,1,0.9999999403953552,0.0,0.5134372731785357,0.5134372731785357,,,,1.0
9,water_hl_gap_eV,0,1.0,0.0,0.6649247469665134,0.6649247469665134,,,,1.0
9,water_hl_gap_eV,1,1.0,0.0,0.6649247469665134,0.6649247469665134,,,,1.0
9,water_dipole,0,0.9999999403953552,0.0,0.5184272918909445,0.5184272918909445,,,,1.0
9,water_dipole,1,0.9999999403953552,0.0,0.5184272918909445,0.5184272918909445,,,,1.0
9,acetone_gsolv_eV,0,1.0,0.0,0.5191735313640247,0.5191735313640247,,,,1.0
9,acetone_gsolv_eV,1,1.0,0.0,0.5191735313640247,0.5191735313640247,,,,1.0
9,acetone_hl_gap_eV,0,1.0,0.0,0.6276565015972888,0.6276565015972888,,,,1.0
9,acetone_hl_gap_eV,1,1.0,0.0,0.6276565015972888,0.6276565015972888,,,,1.0
9,acetone_dipole,0,1.0,0.0,0.505007262779885,0.505007262779885,,,,1.0
9,acetone_dipole,1,1.0,0.0,0.505007262779885,0.505007262779885,,,,1.0
9,octanol_gsolv_eV,0,0.522223949432373,0.30663591623306274,0.5032787754996957,0.7863613701492935,6.6437201499938965,1.846714735031128,0.2779639559370701,0.5
9,octanol_gsolv_eV,1,0.20524360239505768,0.19187100231647491,0.4936988091783556,0.8611922267392582,3.813898801803589,0.2246030569076538,0.058890670303427886,0.5
9,octanol_hl_gap_eV,0,0.21882739663124084,0.02553918957710266,0.5051478198264712,0.9497489447858538,0.4594980776309967,0.0023097579833120108,0.005026697816061113,0.6
9,octanol_hl_gap_eV,1,0.05086132138967514,0.022097522392868996,0.4893155917871086,0.9471744660959509,0.41831710934638977,0.0003307565348222852,0.0007906837359320162,0.38
9,octanol_dipole,0,0.05766492336988449,0.128061443567276,0.502310080303723,0.912099616233965,2.4766905307769775,0.04977024346590042,0.020095463218929778,0.4
9,octanol_dipole,1,0.09376172721385956,0.06769043952226639,0.5133889530964362,0.9252806423005484,1.2275375127792358,0.01130363717675209,0.009208384313372077,0.42
9,hexane_gsolv_eV,0,1.0000001192092896,0.0,0.575940830167341,0.575940830167341,,,,1.0
9,hexane_gsolv_eV,1,1.0000001192092896,0.0,0.575940830167341,0.575940830167341,,,,1.0
9,hexane_hl_gap_eV,0,1.0,0.0,0.6152795716383372,0.6152795716383372,,,,1.0
9,hexane_hl_gap_eV,1,1.0,0.0,0.6152795716383372,0.6152795716383372,,,,1.0
9,hexane_dipole,0,0.9999998807907104,0.0,0.4913666367136178,0.4913666367136178,,,,1.0
9,hexane_dipole,1,0.9999998807907104,0.0,0.4913666367136178,0.4913666367136178,,,,1.0
10,sco_kcal,0,0.4377521574497223,0.39136603474617004,0.5038539878214645,0.8405143784320721,7.992318630218506,3.8543701171875,0.4822593161656924,0.5
10,sco_kcal,1,0.07624713331460953,0.27039584517478943,0.5173244144636273,0.9221563250135794,5.049708366394043,0.03159981966018677,0.00625775141203886,0.48
10,water_gsolv_eV,0,1.0,0.0,0.5034377764514895,0.5034377764514895,,,,1.0
10,water_gsolv_eV,1,1.0,0.0,0.5034377764514895,0.5034377764514895,,,,1.0
10,water_hl_gap_eV,0,1.0,0.0,0.5769886278548728,0.5769886278548728,,,,1.0
10,water_hl_gap_eV,1,1.0,0.0,0.5769886278548728,0.5769886278548728,,,,1.0
10,water_dipole,0,1.0,0.0,0.5365644332287904,0.5365644332287904,,,,1.0
10,water_dipole,1,1.0,0.0,0.5365644332287904,0.5365644332287904,,,,1.0
10,acetone_gsolv_eV,0,1.0,0.0,0.5069726536846051,0.5069726536846051,,,,1.0
10,acetone_gsolv_eV,1,1.0,0.0,0.5069726536846051,0.5069726536846051,,,,1.0
10,acetone_hl_gap_eV,0,0.9999998807907104,0.0,0.5795412332643466,0.5795412332643466,,,,1.0
10,acetone_hl_gap_eV,1,0.9999998807907104,0.0,0.5795412332643466,0.5795412332643466,,,,1.0
10,acetone_dipole,0,1.0000001192092896,0.0,0.5096172938542505,0.5096172938542505,,,,1.0
10,acetone_dipole,1,1.0000001192092896,0.0,0.5096172938542505,0.5096172938542505,,,,1.0
10,octanol_gsolv_eV,0,0.24941393733024597,0.3502393066883087,0.4878777878140155,0.811663593205008,6.943088054656982,0.6130721569061279,0.0882996372910636,0.46
10,octanol_gsolv_eV,1,0.09908469766378403,0.2772865295410156,0.49286775797357363,0.8413065883130846,5.463411331176758,0.11738277226686478,0.021485252555857228,0.42
10,octanol_hl_gap_eV,0,0.1423364281654358,0.025375057011842728,0.5034250702178533,0.9401751893513233,0.4335485100746155,0.00535217672586441,0.01234504698203963,0.52
10,octanol_hl_gap_eV,1,0.04928135126829147,0.040099725127220154,0.5047124986299372,0.936858921020757,0.6819179654121399,0.00030870051705278456,0.0004526945068329606,0.34
10,octanol_dipole,0,0.3101831078529358,0.07146146893501282,0.4961475998245477,0.861734044355404,1.3509759902954102,0.25673383474349976,0.190035823425227,0.5
10,octanol_dipole,1,0.09605415910482407,0.22599725425243378,0.49508898225395015,0.8875214229020458,4.122622013092041,0.00987248308956623,0.002394709740115536,0.52
10,hexane_gsolv_eV,0,1.0000001192092896,0.0,0.5117355848846163,0.5117355848846163,,,,1.0
10,hexane_gsolv_eV,1,1.0000001192092896,0.0,0.5117355848846163,0.5117355848846163,,,,1.0
10,hexane_hl_gap_eV,0,1.0,0.0,0.5618317378669526,0.5618317378669526,,,,1.0
10,hexane_hl_gap_eV,1,1.0,0.0,0.5618317378669526,0.5618317378669526,,,,1.0
10,hexane_dipole,0,1.0000001192092896,0.0,0.4852285522424762,0.4852285522424762,,,,1.0
10,hexane_dipole,1,1.0000001192092896,0.0,0.4852285522424762,0.4852285522424762,,,,1.0
11,sco_kcal,0,0.1002759039402008,0.3080989122390747,0.4777101986453067,0.8920770675384591,5.947535991668701,0.2019841969013214,0.033960987740849415,0.36
11,sco_kcal,1,0.050543107092380524,0.5195783972740173,0.5139114870165373,0.9299367891910859,10.138531684875488,0.03284091502428055,0.0032392180687536975,0.44
11,water_gsolv_eV,0,1.0000001192092896,0.0,0.5051122200138174,0.5051122200138174,,,,1.0
11,water_gsolv_eV,1,1.0000001192092896,0.0,0.5051122200138174,0.5051122200138174,,,,1.0
11,water_hl_gap_eV,0,1.0,0.0,0.5407810877703676,0.5407810877703676,,,,1.0
11,water_hl_gap_eV,1,1.0,0.0,0.5407810877703676,0.5407810877703676,,,,1.0
11,water_dipole,0,0.9999999403953552,0.0,0.48147559208570545,0.48147559208570545,,,,1.0
11,water_dipole,1,0.9999999403953552,0.0,0.48147559208570545,0.48147559208570545,,,,1.0
11,acetone_gsolv_eV,0,1.0,0.0,0.5043324845172754,0.5043324845172754,,,,1.0
11,acetone_gsolv_eV,1,1.0,0.0,0.5043324845172754,0.5043324845172754,,,,1.0
11,acetone_hl_gap_eV,0,1.0,0.0,0.5454805812568513,0.5454805812568513,,,,1.0
11,acetone_hl_gap_eV,1,1.0,0.0,0.5454805812568513,0.5454805812568513,,,,1.0
11,acetone_dipole,0,1.0,0.0,0.5100880146363544,0.5100880146363544,,,,1.0
11,acetone_dipole,1,1.0,0.0,0.5100880146363544,0.5100880146363544,,,,1.0
11,octanol_gsolv_eV,0,0.17346929013729095,0.4679925739765167,0.5138374129319909,0.8441772043321696,9.579558372497559,0.36699777841567993,0.03831051120992305,0.42
11,octanol_gsolv_eV,1,0.05302411690354347,0.4104003608226776,0.5275226089000673,0.9121561983862236,8.40849494934082,0.00781303085386753,0.0009291830346499797,0.44
11,octanol_hl_gap_eV,0,0.04157422110438347,0.04734751954674721,0.5371174788426789,0.928759140607442,0.9058197736740112,0.0007569416193291545,0.0008356426314905824,0.4
11,octanol_hl_gap_eV,1,0.02776065096259117,0.028640838339924812,0.5407311515453628,0.8867588638139696,0.554843008518219,0.0025821076706051826,0.004653762651711229,0.36
11,octanol_dipole,0,0.07862911373376846,0.16546693444252014,0.5165744576975864,0.9014479923826673,3.233304500579834,0.024816196411848068,0.007675180734569768,0.32
11,octanol_dipole,1,0.06933259963989258,0.1308523267507553,0.49222946909022025,0.9189703452529483,2.238405227661133,0.02500711940228939,0.01117184640799774,0.38
11,hexane_gsolv_eV,0,1.0000001192092896,0.0,0.49703453355799554,0.49703453355799554,,,,1.0
11,hexane_gsolv_eV,1,1.0000001192092896,0.0,0.49703453355799554,0.49703453355799554,,,,1.0
11,hexane_hl_gap_eV,0,1.0000001192092896,0.0,0.56705882137756,0.56705882137756,,,,1.0
11,hexane_hl_gap_eV,1,1.0000001192092896,0.0,0.56705882137756,0.56705882137756,,,,1.0
11,hexane_dipole,0,1.0,0.0,0.49561348762537305,0.49561348762537305,,,,1.0
11,hexane_dipole,1,1.0,0.0,0.49561348762537305,0.49561348762537305,,,,1.0
12,sco_kcal,0,0.11303004622459412,0.12842707335948944,0.46513303584274657,0.9077708226213494,2.4284961223602295,0.11547180265188217,0.047548687267269074,0.26
12,sco_kcal,1,0.050142887979745865,1.6496970653533936,0.4747608098495759,0.9301315863326245,30.97637367248535,0.3510587215423584,0.011333112302108655,0.34
12,water_gsolv_eV,0,0.9999998807907104,0.0,0.47787275548603514,0.47787275548603514,,,,1.0
12,water_gsolv_eV,1,0.9999998807907104,0.0,0.47787275548603514,0.47787275548603514,,,,1.0
12,water_hl_gap_eV,0,1.0,0.0,0.5722078036838996,0.5722078036838996,,,,1.0
12,water_hl_gap_eV,1,1.0,0.0,0.5722078036838996,0.5722078036838996,,,,1.0
12,water_dipole,0,1.0000001192092896,0.0,0.5184699951570795,0.5184699951570795,,,,1.0
12,water_dipole,1,1.0000001192092896,0.0,0.5184699951570795,0.5184699951570795,,,,1.0
12,acetone_gsolv_eV,0,1.0000001192092896,0.0,0.49866688210062216,0.49866688210062216,,,,1.0
12,acetone_gsolv_eV,1,1.0000001192092896,0.0,0.49866688210062216,0.49866688210062216,,,,1.0
12,acetone_hl_gap_eV,0,1.0,0.0,0.5800069609793663,0.5800069609793663,,,,1.0
12,acetone_hl_gap_eV,1,1.0,0.0,0.5800069609793663,0.5800069609793663,,,,1.0
12,acetone_dipole,0,0.9999999403953552,0.0,0.5052413254922532,0.5052413254922532,,,,1.0
12,acetone_dipole,1,0.9999999403953552,0.0,0.5052413254922532,0.5052413254922532,,,,1.0
12,octanol_gsolv_eV,0,0.2764700651168823,0.38852331042289734,0.4683506919936429,0.8187182543595357,7.5007195472717285,0.6665065884590149,0.08885902002581159,0.46
12,octanol_gsolv_eV,1,0.044336382299661636,0.3593151867389679,0.46685341535608194,0.9227321603080769,6.611772537231445,0.046097904443740845,0.00697209472711889,0.3
12,octanol_hl_gap_eV,0,0.028511876240372658,0.055597659200429916,0.49710885156268336,0.9262022081475514,1.0984541177749634,0.0005957907414995134,0.0005423901935079013,0.32
12,octanol_hl_gap_eV,1,0.05610482767224312,0.054009538143873215,0.4953699771533575,0.9530575273525355,1.0370848178863525,0.0008033259073272347,0.000774600007128121,0.38
12,octanol_dipole,0,0.2979840338230133,0.08014746010303497,0.4972840463303261,0.8518343206630066,1.4902687072753906,0.2559807002544403,0.1717681509413436,0.5
12,octanol_dipole,1,0.2735385596752167,0.15699553489685059,0.5146556850475994,0.8054642942662373,3.115816831588745,0.26743635535240173,0.08583186041011172,0.4
12,hexane_gsolv_eV,0,1.0,0.0,0.4810217773353038,0.4810217773353038,,,,1.0
12,hexane_gsolv_eV,1,1.0,0.0,0.4810217773353038,0.4810217773353038,,,,1.0
12,hexane_hl_gap_eV,0,1.0,0.0,0.5633786356198571,0.5633786356198571,,,,1.0
12,hexane_hl_gap_eV,1,1.0,0.0,0.5633786356198571,0.5633786356198571,,,,1.0
12,hexane_dipole,0,1.0,0.0,0.488311564247355,0.488311564247355,,,,1.0
12,hexane_dipole,1,1.0,0.0,0.488311564247355,0.488311564247355,,,,1.0
13,sco_kcal,0,0.08739232271909714,0.3823278248310089,0.49260326034688373,0.9174231494917886,7.113464832305908,0.05473235622048378,0.007694190877547599,0.5
13,sco_kcal,1,0.08809178322553635,0.1773267686367035,0.48468990747969887,0.9451777359388567,3.408686399459839,0.23769235610961914,0.06973136518140399,0.42
13,water_gsolv_eV,0,1.0000001192092896,0.0,0.5031494022447027,0.5031494022447027,,,,1.0
13,water_gsolv_eV,1,1.0000001192092896,0.0,0.5031494022447027,0.5031494022447027,,,,1.0
13,water_hl_gap_eV,0,1.0,0.0,0.5632380215704555,0.5632380215704555,,,,1.0
13,water_hl_gap_eV,1,1.0,0.0,0.5632380215704555,0.5632380215704555,,,,1.0
13,water_dipole,0,1.0000001192092896,0.0,0.5063591398986875,0.5063591398986875,,,,1.0
13,water_dipole,1,1.0000001192092896,0.0,0.5063591398986875,0.5063591398986875,,,,1.0
13,acetone_gsolv_eV,0,1.0,0.0,0.4946578146389349,0.4946578146389349,,,,1.0
13,acetone_gsolv_eV,1,1.0,0.0,0.4946578146389349,0.4946578146389349,,,,1.0
13,acetone_hl_gap_eV,0,1.0,0.0,0.5751801377148613,0.5751801377148613,,,,1.0
13,acetone_hl_gap_eV,1,1.0,0.0,0.5751801377148613,0.5751801377148613,,,,1.0
13,acetone_dipole,0,1.0000001192092896,0.0,0.49960262666003463,0.49960262666003463,,,,1.0
13,acetone_dipole,1,1.0000001192092896,0.0,0.49960262666003463,0.49960262666003463,,,,1.0
13,octanol_gsolv_eV,0,0.35020777583122253,0.2684321701526642,0.47854751891295355,0.8008701634803028,5.271909236907959,0.6691567301750183,0.12692872735561114,0.52
13,octanol_gsolv_eV,1,0.19095179438591003,0.32523465156555176,0.49052902566227097,0.8579952496752403,6.312659740447998,0.17350132763385773,0.02748466332220603,0.48
13,octanol_hl_gap_eV,0,0.09482599049806595,0.04691703990101814,0.5133424068773773,0.8935338621263953,0.9102838039398193,0.002243576804175973,0.002464700343415426,0.46
13,octanol_hl_gap_eV,1,0.02388390526175499,0.03330856189131737,0.484330167386553,0.9312937648683466,0.6195797324180603,0.0006899380823597312,0.0011135581851057011,0.4
13,octanol_dipole,0,0.08668682724237442,0.09170553833246231,0.4896919383714784,0.9008779972145167,1.622162938117981,0.04541570320725441,0.02799700457954323,0.5
13,octanol_dipole,1,0.11304915696382523,0.14432378113269806,0.5119351617333396,0.8926408006141966,2.5922136306762695,0.025880375877022743,0.009983890050863958,0.52
13,hexane_gsolv_eV,0,1.0,0.0,0.5484422747541666,0.5484422747541666,,,,1.0
13,hexane_gsolv_eV,1,1.0,0.0,0.5484422747541666,0.5484422747541666,,,,1.0
13,hexane_hl_gap_eV,0,1.0,0.0,0.5628110930037742,0.5628110930037742,,,,1.0
13,hexane_hl_gap_eV,1,1.0,0.0,0.5628110930037742,0.5628110930037742,,,,1.0
13,hexane_dipole,0,1.0000001192092896,0.0,0.5559212889634704,0.5559212889634704,,,,1.0
13,hexane_dipole,1,1.0000001192092896,0.0,0.5559212889634704,0.5559212889634704,,,,1.0
14,sco_kcal,0,0.0741305947303772,0.1584063321352005,0.4650126166778996,0.9364760699624364,2.979534149169922,0.16897492110729218,0.056711859185895705,0.4
14,sco_kcal,1,0.05175214633345604,0.46671971678733826,0.4768949508373659,0.9419921788671202,8.789164543151855,0.20423008501529694,0.02323657544611841,0.46
14,water_gsolv_eV,0,1.0,0.0,0.49797228381365954,0.49797228381365954,,,,1.0
14,water_gsolv_eV,1,1.0,0.0,0.49797228381365954,0.49797228381365954,,,,1.0
14,water_hl_gap_eV,0,1.0000001192092896,0.0,0.5571299802218665,0.5571299802218665,,,,1.0
14,water_hl_gap_eV,1,1.0000001192092896,0.0,0.5571299802218665,0.5571299802218665,,,,1.0
14,water_dipole,0,1.0,0.0,0.5028952417909058,0.5028952417909058,,,,1.0
14,water_dipole,1,1.0,0.0,0.5028952417909058,0.5028952417909058,,,,1.0
14,acetone_gsolv_eV,0,1.0,0.0,0.48697990429167737,0.48697990429167737,,,,1.0
14,acetone_gsolv_eV,1,1.0,0.0,0.48697990429167737,0.48697990429167737,,,,1.0
14,acetone_hl_gap_eV,0,0.9999999403953552,0.0,0.5404211896465965,0.5404211896465965,,,,1.0
14,acetone_hl_gap_eV,1,0.9999999403953552,0.0,0.5404211896465965,0.5404211896465965,,,,1.0
14,acetone_dipole,0,1.0,0.0,0.47741476279900064,0.47741476279900064,,,,1.0
14,acetone_dipole,1,1.0,0.0,0.47741476279900064,0.47741476279900064,,,,1.0
14,octanol_gsolv_eV,0,0.3073907196521759,0.18960601091384888,0.48465618153366696,0.8537467559221072,3.6036295890808105,0.4817639887332916,0.13368854284942663,0.4
14,octanol_gsolv_eV,1,0.2540706992149353,0.5738080739974976,0.5016257013039744,0.8834608663651768,11.480408668518066,0.11604587733745575,0.010108166066917144,0.5
14,octanol_hl_gap_eV,0,0.04006410017609596,0.04847768321633339,0.49276360989128287,0.9666321122204049,0.8360006213188171,0.006043487228453159,0.007229046336017513,0.38
14,octanol_hl_gap_eV,1,0.04651319235563278,0.036690548062324524,0.5396803869499689,0.9181058356005853,0.6844194531440735,0.0077394708059728146,0.011308081280301686,0.32
14,octanol_dipole,0,0.07645505666732788,0.10365670174360275,0.4969774050264646,0.9301017430757337,1.8297499418258667,0.05569896847009659,0.03044075433308435,0.48
14,octanol_dipole,1,0.10370437800884247,0.0697997584939003,0.521339177781394,0.9135999589957349,1.3080854415893555,0.00660962238907814,0.0050528980592026845,0.44
14,hexane_gsolv_eV,0,1.0000001192092896,0.0,0.5466139940709434,0.5466139940709434,,,,1.0
14,hexane_gsolv_eV,1,1.0000001192092896,0.0,0.5466139940709434,0.5466139940709434,,,,1.0
14,hexane_hl_gap_eV,0,1.0,0.0,0.5375379347437463,0.5375379347437463,,,,1.0
14,hexane_hl_gap_eV,1,1.0,0.0,0.5375379347437463,0.5375379347437463,,,,1.0
14,hexane_dipole,0,0.9999999403953552,0.0,0.5429447316418898,0.5429447316418898,,,,1.0
14,hexane_dipole,1,0.9999999403953552,0.0,0.5429447316418898,0.5429447316418898,,,,1.0
15,sco_kcal,0,0.06467749923467636,0.3263700604438782,0.45281258222229837,0.9318329120436897,5.907337665557861,0.1930219978094101,0.03267495591708012,0.44
15,sco_kcal,1,0.0627792701125145,0.3426497280597687,0.482368789205319,0.9374442899386897,6.4082932472229,0.08408522605895996,0.013121313712570684,0.2
15,water_gsolv_eV,0,1.0000001192092896,0.0,0.49298737666805614,0.49298737666805614,,,,1.0
15,water_gsolv_eV,1,1.0000001192092896,0.0,0.49298737666805614,0.49298737666805614,,,,1.0
15,water_hl_gap_eV,0,0.9999999403953552,0.0,0.5322692523983628,0.5322692523983628,,,,1.0
15,water_hl_gap_eV,1,0.9999999403953552,0.0,0.5322692523983628,0.5322692523983628,,,,1.0
15,water_dipole,0,1.0,0.0,0.49426433034020945,0.49426433034020945,,,,1.0
15,water_dipole,1,1.0,0.0,0.49426433034020945,0.49426433034020945,,,,1.0
15,acetone_gsolv_eV,0,1.0,0.0,0.488912131597786,0.488912131597786,,,,1.0
15,acetone_gsolv_eV,1,1.0,0.0,0.488912131597786,0.488912131597786,,,,1.0
15,acetone_hl_gap_eV,0,0.9999999403953552,0.0,0.5410993285525949,0.5410993285525949,,,,1.0
15,acetone_hl_gap_eV,1,0.9999999403953552,0.0,0.5410993285525949,0.5410993285525949,,,,1.0
15,acetone_dipole,0,1.0000001192092896,0.0,0.47255745237281577,0.47255745237281577,,,,1.0
15,acetone_dipole,1,1.0000001192092896,0.0,0.47255745237281577,0.47255745237281577,,,,1.0
15,octanol_gsolv_eV,0,0.11202052235603333,0.4021950662136078,0.5331298544217626,0.8707778739143663,8.786940574645996,0.05672285333275795,0.006455358705443752,0.44
15,octanol_gsolv_eV,1,0.10410201549530029,0.44790107011795044,0.5123523312434226,0.8719666554236489,8.850055694580078,0.05687633156776428,0.006426663687845072,0.54
15,octanol_hl_gap_eV,0,0.044854871928691864,0.06055796891450882,0.49645530117273995,0.9671595612901513,1.100394368171692,0.005599033087491989,0.005088205873676723,0.36
15,octanol_hl_gap_eV,1,0.08886232227087021,0.05048646405339241,0.5286102900635381,0.9088418808527332,1.0018701553344727,0.0009842131985351443,0.0009823760028130257,0.38
15,octanol_dipole,0,0.08168435841798782,0.13280734419822693,0.5163445769767676,0.9201523669578398,2.6818573474884033,0.026414476335048676,0.00984932191109501,0.36
15,octanol_dipole,1,0.12758836150169373,0.10401574522256851,0.5037516838748397,0.8674572523790567,1.8440831899642944,0.06205948069691658,0.03365329776587692,0.42
15,hexane_gsolv_eV,0,1.0000001192092896,0.0,0.542921433778037,0.542921433778037,,,,1.0
15,hexane_gsolv_eV,1,1.0000001192092896,0.0,0.542921433778037,0.542921433778037,,,,1.0
15,hexane_hl_gap_eV,0,1.0,0.0,0.537532204301391,0.537532204301391,,,,1.0
15,hexane_hl_gap_eV,1,1.0,0.0,0.537532204301391,0.537532204301391,,,,1.0
15,hexane_dipole,0,1.0000001192092896,0.0,0.472043025354159,0.472043025354159,,,,1.0
15,hexane_dipole,1,1.0000001192092896,0.0,0.472043025354159,0.472043025354159,,,,1.0
16,sco_kcal,0,0.05433490127325058,0.3532197177410126,0.5026596208828051,0.9393446579226645,7.028997898101807,0.23003076016902924,0.03272596798345173,0.54
16,sco_kcal,1,0.07814529538154602,0.2913670837879181,0.48915146635436924,0.9069434332987671,5.721019268035889,0.12060969322919846,0.021081854050564237,0.42
16,water_gsolv_eV,0,1.0,0.0,0.5679956273259927,0.5679956273259927,,,,1.0
16,water_gsolv_eV,1,1.0,0.0,0.5679956273259927,0.5679956273259927,,,,1.0
16,water_hl_gap_eV,0,0.9999998807907104,0.0,0.5472439908366682,0.5472439908366682,,,,1.0
16,water_hl_gap_eV,1,0.9999998807907104,0.0,0.5472439908366682,0.5472439908366682,,,,1.0
16,water_dipole,0,1.0000001192092896,0.0,0.4946510199997147,0.4946510199997147,,,,1.0
16,water_dipole,1,1.0000001192092896,0.0,0.4946510199997147,0.4946510199997147,,,,1.0
16,acetone_gsolv_eV,0,1.0,0.0,0.48804227239721576,0.48804227239721576,,,,1.0
16,acetone_gsolv_eV,1,1.0,0.0,0.48804227239721576,0.48804227239721576,,,,1.0
16,acetone_hl_gap_eV,0,1.0,0.0,0.5585757143494627,0.5585757143494627,,,,1.0
16,acetone_hl_gap_eV,1,1.0,0.0,0.5585757143494627,0.5585757143494627,,,,1.0
16,acetone_dipole,0,1.0,0.0,0.48499050123548204,0.48499050123548204,,,,1.0
16,acetone_dipole,1,1.0,0.0,0.48499050123548204,0.48499050123548204,,,,1.0
16,octanol_gsolv_eV,0,0.13170142471790314,0.282610148191452,0.5004670214779303,0.8867109123919015,5.685428142547607,0.16667796671390533,0.029316695688500587,0.54
16,octanol_gsolv_eV,1,0.35952532291412354,0.40473422408103943,0.5158768798419491,0.8055578360976388,8.50173282623291,0.369331419467926,0.0434418990830103,0.52
16,octanol_hl_gap_eV,0,0.042993344366550446,0.040301136672496796,0.5018797362476624,0.9670147442686694,0.6351943612098694,0.005088981240987778,0.008011691462900705,0.36
16,octanol_hl_gap_eV,1,0.10641852021217346,0.03152987360954285,0.5578698879414201,0.9079882744398786,0.7142950296401978,0.0010683585423976183,0.001495682453419518,0.34
16,octanol_dipole,0,0.05428731441497803,0.13954010605812073,0.5088181118124417,0.9323772415337277,2.657819986343384,0.0443609282374382,0.01669071963691181,0.52
16,octanol_dipole,1,0.08545682579278946,0.09474637359380722,0.5011501154323621,0.8943147511757674,1.7539150714874268,0.00884994212538004,0.005045821356603516,0.44
16,hexane_gsolv_eV,0,0.9999999403953552,0.0,0.4895115856672554,0.4895115856672554,,,,1.0
16,hexane_gsolv_eV,1,0.9999999403953552,0.0,0.4895115856672554,0.4895115856672554,,,,1.0
16,hexane_hl_gap_eV,0,1.0000001192092896,0.0,0.551657853489911,0.551657853489911,,,,1.0
16,hexane_hl_gap_eV,1,1.0000001192092896,0.0,0.551657853489911,0.551657853489911,,,,1.0
16,hexane_dipole,0,1.0,0.0,0.48818471293381194,0.48818471293381194,,,,1.0
16,hexane_dipole,1,1.0,0.0,0.48818471293381194,0.48818471293381194,,,,1.0
17,sco_kcal,0,0.04284888133406639,0.26996225118637085,0.5080108062761439,0.9398775202043761,5.596327304840088,0.1271888166666031,0.022727194057538678,0.48
17,sco_kcal,1,0.528892457485199,0.25271618366241455,0.5088870742427387,0.7566509026000556,5.088884353637695,2.923821210861206,0.5745505316447536,0.56
17,water_gsolv_eV,0,1.0,0.0,0.5683308419734205,0.5683308419734205,,,,1.0
17,water_gsolv_eV,1,1.0,0.0,0.5683308419734205,0.5683308419734205,,,,1.0
17,water_hl_gap_eV,0,1.0,0.0,0.5531193157742511,0.5531193157742511,,,,1.0
17,water_hl_gap_eV,1,1.0,0.0,0.5531193157742511,0.5531193157742511,,,,1.0
17,water_dipole,0,1.0000001192092896,0.0,0.5031388544524111,0.5031388544524111,,,,1.0
17,water_dipole,1,1.0000001192092896,0.0,0.5031388544524111,0.5031388544524111,,,,1.0
17,acetone_gsolv_eV,0,0.9999998807907104,0.0,0.48300533192356343,0.48300533192356343,,,,1.0
17,acetone_gsolv_eV,1,0.9999998807907104,0.0,0.48300533192356343,0.48300533192356343,,,,1.0
17,acetone_hl_gap_eV,0,0.9999998807907104,0.0,0.5624749321535509,0.5624749321535509,,,,1.0
17,acetone_hl_gap_eV,1,0.9999998807907104,0.0,0.5624749321535509,0.5624749321535509,,,,1.0
17,acetone_dipole,0,1.0,0.0,0.5009304621284105,0.5009304621284105,,,,1.0
17,acetone_dipole,1,1.0,0.0,0.5009304621284105,0.5009304621284105,,,,1.0
17,octanol_gsolv_eV,0,0.20598332583904266,0.27229583263397217,0.49530603490851166,0.8564919489117562,5.570897102355957,0.3743721842765808,0.06720141790417511,0.54
17,octanol_gsolv_eV,1,0.08882796764373779,0.3701127767562866,0.5139480889466135,0.9122847286261733,7.688210964202881,0.010124672204256058,0.0013169087387686937,0.5
17,octanol_hl_gap_eV,0,0.04395731911063194,0.049955397844314575,0.5233675674967093,0.9669489220444303,0.9780192375183105,0.0031809615902602673,0.003252452986847013,0.34
17,octanol_hl_gap_eV,1,0.03482817858457565,0.03997492790222168,0.5054288303656513,0.9205649425371876,0.7743489742279053,0.000831307377666235,0.0010735565040234246,0.34
17,octanol_dipole,0,0.10189545899629593,0.12229002267122269,0.5014438851183451,0.9206865950215728,2.2523043155670166,0.035549577325582504,0.015783647475999668,0.46
17,octanol_dipole,1,0.6745999455451965,0.09742551296949387,0.5455819351155939,0.7633374132797681,2.034169912338257,1.0505188703536987,0.5164361462539471,0.52
17,hexane_gsolv_eV,0,0.9999999403953552,0.0,0.47943914437341895,0.47943914437341895,,,,1.0
17,hexane_gsolv_eV,1,0.9999999403953552,0.0,0.47943914437341895,0.47943914437341895,,,,1.0
17,hexane_hl_gap_eV,0,1.0000001192092896,0.0,0.556941077421619,0.556941077421619,,,,1.0
17,hexane_hl_gap_eV,1,1.0000001192092896,0.0,0.556941077421619,0.556941077421619,,,,1.0
17,hexane_dipole,0,0.9999999403953552,0.0,0.49685245431342606,0.49685245431342606,,,,1.0
17,hexane_dipole,1,0.9999999403953552,0.0,0.49685245431342606,0.49685245431342606,,,,1.0
18,sco_kcal,0,0.04735209792852402,0.2471010684967041,0.5049387660670075,0.93661555048997,5.098311424255371,0.11100668460130692,0.02177322555722847,0.64
18,sco_kcal,1,0.5972346663475037,0.9223448634147644,0.47633074286610855,0.7671848111947219,19.090198516845703,9.695284843444824,0.5078671567972143,0.5
18,water_gsolv_eV,0,0.9999999403953552,0.0,0.5681322226716479,0.5681322226716479,,,,1.0
18,water_gsolv_eV,1,0.9999999403953552,0.0,0.5681322226716479,0.5681322226716479,,,,1.0
18,water_hl_gap_eV,0,1.0000001192092896,0.0,0.5468640245162995,0.5468640245162995,,,,1.0
18,water_hl_gap_eV,1,1.0000001192092896,0.0,0.5468640245162995,0.5468640245162995,,,,1.0
18,water_dipole,0,1.0,0.0,0.512449514968945,0.512449514968945,,,,1.0
18,water_dipole,1,1.0,0.0,0.512449514968945,0.512449514968945,,,,1.0
18,acetone_gsolv_eV,0,1.0,0.0,0.48663946268130176,0.48663946268130176,,,,1.0
18,acetone_gsolv_eV,1,1.0,0.0,0.48663946268130176,0.48663946268130176,,,,1.0
18,acetone_hl_gap_eV,0,1.0,0.0,0.559765320626624,0.559765320626624,,,,1.0
18,acetone_hl_gap_eV,1,1.0,0.0,0.559765320626624,0.559765320626624,,,,1.0
18,acetone_dipole,0,1.0,0.0,0.5048163637996985,0.5048163637996985,,,,1.0
18,acetone_dipole,1,1.0,0.0,0.5048163637996985,0.5048163637996985,,,,1.0
18,octanol_gsolv_eV,0,0.24351567029953003,0.23066483438014984,0.4888391732932853,0.8647302091304017,4.700958251953125,0.451143354177475,0.09596838133800417,0.62
18,octanol_gsolv_eV,1,0.41604188084602356,0.14803625643253326,0.5040748748948063,0.8110459513475154,3.151416778564453,1.038814902305603,0.3296342487517022,0.56
18,octanol_hl_gap_eV,0,0.04564671963453293,0.04117864742875099,0.5454908910516605,0.9649702604066626,0.7818902730941772,0.002936924807727337,0.0037561853738185456,0.38
18,octanol_hl_gap_eV,1,0.07915674895048141,0.021382663398981094,0.5327621924491581,0.9448251257751867,0.3191288113594055,0.006894003599882126,0.021602573489104503,0.58
18,octanol_dipole,0,0.11063457280397415,0.11311275511980057,0.5171533502126715,0.9186484353697197,2.10394024848938,0.03111397475004196,0.014788430789506339,0.44
18,octanol_dipole,1,0.5527268052101135,0.15591077506542206,0.5101482315307844,0.7543679194386264,3.2690906524658203,1.7540490627288818,0.5365556508522735,0.54
18,hexane_gsolv_eV,0,0.9999999403953552,0.0,0.4809728377992335,0.4809728377992335,,,,1.0
18,hexane_gsolv_eV,1,0.9999999403953552,0.0,0.4809728377992335,0.4809728377992335,,,,1.0
18,hexane_hl_gap_eV,0,1.0,0.0,0.5546409359058426,0.5546409359058426,,,,1.0
18,hexane_hl_gap_eV,1,1.0,0.0,0.5546409359058426,0.5546409359058426,,,,1.0
18,hexane_dipole,0,0.9999999403953552,0.0,0.5702683321422157,0.5702683321422157,,,,1.0
18,hexane_dipole,1,0.9999999403953552,0.0,0.5702683321422157,0.5702683321422157,,,,1.0
19,sco_kcal,0,0.04458368569612503,0.2711106240749359,0.5148199752170857,0.9361431447400743,5.680756092071533,0.1358819156885147,0.02391968841580105,0.5
19,sco_kcal,1,0.08996101468801498,0.19223326444625854,0.5158443955771366,0.9000377399231527,4.100744724273682,0.16406075656414032,0.04000755169981924,0.4
19,water_gsolv_eV,0,1.0,0.0,0.5643932026765517,0.5643932026765517,,,,1.0
19,water_gsolv_eV,1,1.0,0.0,0.5643932026765517,0.5643932026765517,,,,1.0
19,water_hl_gap_eV,0,0.9999998807907104,0.0,0.5482588620264646,0.5482588620264646,,,,1.0
19,water_hl_gap_eV,1,0.9999998807907104,0.0,0.5482588620264646,0.5482588620264646,,,,1.0
19,water_dipole,0,1.0,0.0,0.5754874354777397,0.5754874354777397,,,,1.0
19,water_dipole,1,1.0,0.0,0.5754874354777397,0.5754874354777397,,,,1.0
19,acetone_gsolv_eV,0,1.0,0.0,0.4807262826036649,0.4807262826036649,,,,1.0
19,acetone_gsolv_eV,1,1.0,0.0,0.4807262826036649,0.4807262826036649,,,,1.0
19,acetone_hl_gap_eV,0,1.0,0.0,0.5586617117526345,0.5586617117526345,,,,1.0
19,acetone_hl_gap_eV,1,1.0,0.0,0.5586617117526345,0.5586617117526345,,,,1.0
19,acetone_dipole,0,1.0,0.0,0.5862798361439556,0.5862798361439556,,,,1.0
19,acetone_dipole,1,1.0,0.0,0.5862798361439556,0.5862798361439556,,,,1.0
19,octanol_gsolv_eV,0,0.17171989381313324,0.36173728108406067,0.5059684312764092,0.8949282418708804,7.451034069061279,0.259472519159317,0.03482369249078024,0.56
19,octanol_gsolv_eV,1,0.6710586547851562,0.3238508403301239,0.5114937763211647,0.7809329375170195,7.581794261932373,2.233581304550171,0.294597983984453,0.58
19,octanol_hl_gap_eV,0,0.02777501940727234,0.0338686965405941,0.52078099387991,0.9653212933146975,0.5373862981796265,0.005276970565319061,0.009819696898105846,0.38
19,octanol_hl_gap_eV,1,0.015927352011203766,0.025935035198926926,0.5356750496185729,0.9208466406988747,0.473568856716156,0.0005973330116830766,0.0012613435263144877,0.32
19,octanol_dipole,0,0.10968665778636932,0.10219500958919525,0.557182183255827,0.92136332579002,1.9755326509475708,0.03409282863140106,0.017257537411517,0.5
19,octanol_dipole,1,0.05918563902378082,0.13736411929130554,0.47721831505881096,0.9222509235819341,2.628737449645996,0.004408756271004677,0.0016771383051580105,0.3
19,hexane_gsolv_eV,0,0.9999999403953552,0.0,0.4786673742288803,0.4786673742288803,,,,1.0
19,hexane_gsolv_eV,1,0.9999999403953552,0.0,0.4786673742288803,0.4786673742288803,,,,1.0
19,hexane_hl_gap_eV,0,1.0,0.0,0.5526261798270109,0.5526261798270109,,,,1.0
19,hexane_hl_gap_eV,1,1.0,0.0,0.5526261798270109,0.5526261798270109,,,,1.0
19,hexane_dipole,0,1.0,0.0,0.5739864986124683,0.5739864986124683,,,,1.0
19,hexane_dipole,1,1.0,0.0,0.5739864986124683,0.5739864986124683,,,,1.0
20,sco_kcal,0,0.12752369046211243,0.17590384185314178,0.5230539092216768,0.9138997013738619,3.549816131591797,0.21610018610954285,0.06087644489142594,0.52
20,sco_kcal,1,0.23142538964748383,0.08081889152526855,0.5061909481452997,0.9169248678844535,1.7140734195709229,0.07595962285995483,0.04431526794165532,0.5
20,water_gsolv_eV,0,0.9999999403953552,0.0,0.5607114180379484,0.5607114180379484,,,,1.0
20,water_gsolv_eV,1,0.9999999403953552,0.0,0.5607114180379484,0.5607114180379484,,,,1.0
20,water_hl_gap_eV,0,1.0000001192092896,0.0,0.5523041930514692,0.5523041930514692,,,,1.0
20,water_hl_gap_eV,1,1.0000001192092896,0.0,0.5523041930514692,0.5523041930514692,,,,1.0
20,water_dipole,0,0.9999999403953552,0.0,0.5187075362783047,0.5187075362783047,,,,1.0
20,water_dipole,1,0.9999999403953552,0.0,0.5187075362783047,0.5187075362783047,,,,1.0
20,acetone_gsolv_eV,0,1.0,0.0,0.4738971434435528,0.4738971434435528,,,,1.0
20,acetone_gsolv_eV,1,1.0,0.0,0.4738971434435528,0.4738971434435528,,,,1.0
20,acetone_hl_gap_eV,0,1.0000001192092896,0.0,0.5605329172056723,0.5605329172056723,,,,1.0
20,acetone_hl_gap_eV,1,1.0000001192092896,0.0,0.5605329172056723,0.5605329172056723,,,,1.0
20,acetone_dipole,0,0.9999999403953552,0.0,0.5894379377429209,0.5894379377429209,,,,1.0
20,acetone_dipole,1,0.9999999403953552,0.0,0.5894379377429209,0.5894379377429209,,,,1.0
20,octanol_gsolv_eV,0,0.10369326919317245,0.3172427713871002,0.5067481175397242,0.9467144410047643,6.50322151184082,0.03233218193054199,0.004971717766598105,0.56
20,octanol_gsolv_eV,1,0.7357171177864075,0.2706240713596344,0.5242260680054673,0.8059871912273986,6.251385688781738,2.5725104808807373,0.41151044087667943,0.6
20,octanol_hl_gap_eV,0,0.038111504167318344,0.04427861049771309,0.5202389773559324,0.9613381292534386,0.909453272819519,0.0030712448060512543,0.0033770232048642513,0.32
20,octanol_hl_gap_eV,1,0.023826658725738525,0.046549972146749496,0.5222062128778875,0.9321697641542124,1.0650768280029297,0.0009289768058806658,0.0008722157702205784,0.24
20,octanol_dipole,0,0.12417000532150269,0.11221911013126373,0.5346368318568211,0.9138113377320543,2.258594036102295,0.02635425515472889,0.011668433872343436,0.48
20,octanol_dipole,1,0.6428826451301575,0.14385546743869781,0.5222483053401146,0.7569320134836517,3.329227924346924,1.6297920942306519,0.48954055753042475,0.52
20,hexane_gsolv_eV,0,1.0000001192092896,0.0,0.4736167242036231,0.4736167242036231,,,,1.0
20,hexane_gsolv_eV,1,1.0000001192092896,0.0,0.4736167242036231,0.4736167242036231,,,,1.0
20,hexane_hl_gap_eV,0,0.9999998807907104,0.0,0.5511596605950189,0.5511596605950189,,,,1.0
20,hexane_hl_gap_eV,1,0.9999998807907104,0.0,0.5511596605950189,0.5511596605950189,,,,1.0
20,hexane_dipole,0,1.0,0.0,0.5738115183289534,0.5738115183289534,,,,1.0
20,hexane_dipole,1,1.0,0.0,0.5738115183289534,0.5738115183289534,,,,1.0
21,sco_kcal,0,0.057397861033678055,0.3347635567188263,0.5268929266087758,0.941078265559258,7.016758918762207,0.022781455889344215,0.0032467206231681367,0.3
21,sco_kcal,1,0.11482322961091995,0.1554628610610962,0.5092057397704322,0.927124975277924,3.2702012062072754,0.1144195944070816,0.03498854877488824,0.54
21,water_gsolv_eV,0,1.0000001192092896,0.0,0.563689605728664,0.563689605728664,,,,1.0
21,water_gsolv_eV,1,1.0000001192092896,0.0,0.563689605728664,0.563689605728664,,,,1.0
21,water_hl_gap_eV,0,1.0,0.0,0.5484466094712843,0.5484466094712843,,,,1.0
21,water_hl_gap_eV,1,1.0,0.0,0.5484466094712843,0.5484466094712843,,,,1.0
21,water_dipole,0,1.0000001192092896,0.0,0.5255099620296708,0.5255099620296708,,,,1.0
21,water_dipole,1,1.0000001192092896,0.0,0.5255099620296708,0.5255099620296708,,,,1.0
21,acetone_gsolv_eV,0,0.9999998807907104,0.0,0.47526559994987116,0.47526559994987116,,,,1.0
21,acetone_gsolv_eV,1,0.9999998807907104,0.0,0.47526559994987116,0.47526559994987116,,,,1.0
21,acetone_hl_gap_eV,0,1.0000001192092896,0.0,0.5600069496637194,0.5600069496637194,,,,1.0
21,acetone_hl_gap_eV,1,1.0000001192092896,0.0,0.5600069496637194,0.5600069496637194,,,,1.0
21,acetone_dipole,0,0.9999999403953552,0.0,0.5078157919093846,0.5078157919093846,,,,1.0
21,acetone_dipole,1,0.9999999403953552,0.0,0.5078157919093846,0.5078157919093846,,,,1.0
21,octanol_gsolv_eV,0,0.1642378866672516,0.2142791748046875,0.4930264552240917,0.8683762958754795,4.261967658996582,0.24200859665870667,0.05678330199147594,0.54
21,octanol_gsolv_eV,1,0.41764265298843384,0.3024831712245941,0.5033683905974571,0.8316331499858982,6.355239391326904,0.7006996870040894,0.1102554355325065,0.52
21,octanol_hl_gap_eV,0,0.03210381790995598,0.0498788096010685,0.5081682891338863,0.9598263478669429,1.025504231452942,0.0029776019509881735,0.002903549161147278,0.24
21,octanol_hl_gap_eV,1,0.01855275221168995,0.03638813644647598,0.5205917762924523,0.9171710481995539,0.7316693663597107,0.0001775092532625422,0.0002426085625884647,0.34
21,octanol_dipole,0,0.11761408299207687,0.14646510779857635,0.5176945511233941,0.9052626813829614,2.842294931411743,0.02612709440290928,0.009192253102999476,0.48
21,octanol_dipole,1,0.047583021223545074,0.1099470779299736,0.5044459525208378,0.9273941295001413,2.0980947017669678,0.019191602244973183,0.009147157289330387,0.48
21,hexane_gsolv_eV,0,1.0,0.0,0.4736616539913949,0.4736616539913949,,,,1.0
21,hexane_gsolv_eV,1,1.0,0.0,0.4736616539913949,0.4736616539913949,,,,1.0
21,hexane_hl_gap_eV,0,1.0,0.0,0.5480893004703917,0.5480893004703917,,,,1.0
21,hexane_hl_gap_eV,1,1.0,0.0,0.5480893004703917,0.5480893004703917,,,,1.0
21,hexane_dipole,0,1.0,0.0,0.5635687339893085,0.5635687339893085,,,,1.0
21,hexane_dipole,1,1.0,0.0,0.5635687339893085,0.5635687339893085,,,,1.0
22,sco_kcal,0,0.10421878844499588,0.25427377223968506,0.5493786426634883,0.8926205610137303,5.598666191101074,0.1640220433473587,0.02929662847341519,0.3
22,sco_kcal,1,0.7828119397163391,0.19293347001075745,0.5369969015352214,0.7259351060957919,4.978874683380127,3.299311399459839,0.6626620690962957,0.64
22,water_gsolv_eV,0,0.9999998807907104,0.0,0.5704211465791162,0.5704211465791162,,,,1.0
22,water_gsolv_eV,1,0.9999998807907104,0.0,0.5704211465791162,0.5704211465791162,,,,1.0
22,water_hl_gap_eV,0,1.0000001192092896,0.0,0.5503281956960699,0.5503281956960699,,,,1.0
22,water_hl_gap_eV,1,1.0000001192092896,0.0,0.5503281956960699,0.5503281956960699,,,,1.0
22,water_dipole,0,1.0,0.0,0.5900336809397679,0.5900336809397679,,,,1.0
22,water_dipole,1,1.0,0.0,0.5900336809397679,0.5900336809397679,,,,1.0
22,acetone_gsolv_eV,0,1.0000001192092896,0.0,0.47803654377902527,0.47803654377902527,,,,1.0
22,acetone_gsolv_eV,1,1.0000001192092896,0.0,0.47803654377902527,0.47803654377902527,,,,1.0
22,acetone_hl_gap_eV,0,1.0,0.0,0.5630582876836443,0.5630582876836443,,,,1.0
22,acetone_hl_gap_eV,1,1.0,0.0,0.5630582876836443,0.5630582876836443,,,,1.0
22,acetone_dipole,0,1.0,0.0,0.5862756065540702,0.5862756065540702,,,,1.0
22,acetone_dipole,1,1.0,0.0,0.5862756065540702,0.5862756065540702,,,,1.0
22,octanol_gsolv_eV,0,0.25327181816101074,0.20900994539260864,0.49884880687168964,0.849956831155882,4.24275541305542,0.26570630073547363,0.06262588220802605,0.56
22,octanol_gsolv_eV,1,0.776796281337738,0.26446643471717834,0.5352209947897189,0.7907266424783552,6.357059001922607,3.3712470531463623,0.5303155204516387,0.64
22,octanol_hl_gap_eV,0,0.03473801910877228,0.046001873910427094,0.4982067364262335,0.9626629112533669,0.9319899082183838,0.0026443745009601116,0.0028373424193134955,0.34
22,octanol_hl_gap_eV,1,0.020577233284711838,0.02057844214141369,0.47139369302541567,0.909311923807758,0.3703959882259369,0.001504141720943153,0.004060901761240581,0.4
22,octanol_dipole,0,0.12037350237369537,0.10652871429920197,0.5567409007828996,0.9054970858260729,2.2116360664367676,0.030385544523596764,0.013738944207286245,0.46
22,octanol_dipole,1,0.34696513414382935,0.08307435363531113,0.5931482882838108,0.7970585229437106,1.8434100151062012,0.2803325355052948,0.15207280703047743,0.54
22,hexane_gsolv_eV,0,1.0,0.0,0.47995388111604687,0.47995388111604687,,,,1.0
22,hexane_gsolv_eV,1,1.0,0.0,0.47995388111604687,0.47995388111604687,,,,1.0
22,hexane_hl_gap_eV,0,1.0,0.0,0.5514054415138421,0.5514054415138421,,,,1.0
22,hexane_hl_gap_eV,1,1.0,0.0,0.5514054415138421,0.5514054415138421,,,,1.0
22,hexane_dipole,0,1.0,0.0,0.5719965848961894,0.5719965848961894,,,,1.0
22,hexane_dipole,1,1.0,0.0,0.5719965848961894,0.5719965848961894,,,,1.0
23,sco_kcal,0,0.11611930280923843,0.11446868628263474,0.5085285371271662,0.9314357895819421,2.4241678714752197,0.18270772695541382,0.07536925520105486,0.52
23,sco_kcal,1,0.14409838616847992,0.11458578705787659,0.5161990500845028,0.9302377272098328,2.4506032466888428,0.14359444379806519,0.05859554948035112,0.44
23,water_gsolv_eV,0,0.9999998807907104,0.0,0.5657656552252883,0.5657656552252883,,,,1.0
23,water_gsolv_eV,1,0.9999998807907104,0.0,0.5657656552252883,0.5657656552252883,,,,1.0
23,water_hl_gap_eV,0,0.9999998807907104,0.0,0.5502263500543401,0.5502263500543401,,,,1.0
23,water_hl_gap_eV,1,0.9999998807907104,0.0,0.5502263500543401,0.5502263500543401,,,,1.0
23,water_dipole,0,1.0,0.0,0.5192548691871346,0.5192548691871346,,,,1.0
23,water_dipole,1,1.0,0.0,0.5192548691871346,0.5192548691871346,,,,1.0
23,acetone_gsolv_eV,0,1.0,0.0,0.48043722220318186,0.48043722220318186,,,,1.0
23,acetone_gsolv_eV,1,1.0,0.0,0.48043722220318186,0.48043722220318186,,,,1.0
23,acetone_hl_gap_eV,0,0.9999998807907104,0.0,0.5651993800226707,0.5651993800226707,,,,1.0
23,acetone_hl_gap_eV,1,0.9999998807907104,0.0,0.5651993800226707,0.5651993800226707,,,,1.0
23,acetone_dipole,0,1.0,0.0,0.5886831669093171,0.5886831669093171,,,,1.0
23,acetone_dipole,1,1.0,0.0,0.5886831669093171,0.5886831669093171,,,,1.0
23,octanol_gsolv_eV,0,0.2915448546409607,0.6064947247505188,0.481369752943303,0.8577732007944496,11.950921058654785,0.29654380679130554,0.024813468797582786,0.4
23,octanol_gsolv_eV,1,0.22098925709724426,0.4222734570503235,0.49905471058011996,0.8275368734750905,8.709222793579102,0.6147338151931763,0.07058423349169463,0.28
23,octanol_hl_gap_eV,0,0.05305954068899155,0.043715279549360275,0.49489324523981915,0.9560631693292236,0.765025794506073,0.0012382419081404805,0.0016185622982032026,0.4
23,octanol_hl_gap_eV,1,0.01851760223507881,0.02662898600101471,0.5222628639762101,0.9387032787421632,0.4808380901813507,0.0001904473901959136,0.0003960738429105842,0.4
23,octanol_dipole,0,0.5410321354866028,0.13398325443267822,0.5417915263750301,0.8213787608610077,2.9156949520111084,0.7175435423851013,0.24609691829735952,0.54
23,octanol_dipole,1,0.5312761664390564,0.2651393413543701,0.5091888277095573,0.7632127611103159,6.264080047607422,1.3824794292449951,0.22069951513040387,0.44
23,hexane_gsolv_eV,0,0.9999999403953552,0.0,0.4791875060673192,0.4791875060673192,,,,1.0
23,hexane_gsolv_eV,1,0.9999999403953552,0.0,0.4791875060673192,0.4791875060673192,,,,1.0
23,hexane_hl_gap_eV,0,1.0000001192092896,0.0,0.5546880921272599,0.5546880921272599,,,,1.0
23,hexane_hl_gap_eV,1,1.0000001192092896,0.0,0.5546880921272599,0.5546880921272599,,,,1.0
23,hexane_dipole,0,1.0000001192092896,0.0,0.5704826624590702,0.5704826624590702,,,,1.0
23,hexane_dipole,1,1.0000001192092896,0.0,0.5704826624590702,0.5704826624590702,,,,1.0
24,sco_kcal,0,0.13413295149803162,0.13582858443260193,0.5112054748070913,0.9126405531977779,2.930717706680298,0.3039160668849945,0.10370021861615882,0.54
24,sco_kcal,1,0.9545256495475769,0.12164915353059769,0.6371533843028716,0.7545569037034987,3.0017383098602295,7.583638668060303,2.5264156582701647,0.86
24,water_gsolv_eV,0,1.0,0.0,0.5650998654157537,0.5650998654157537,,,,1.0
24,water_gsolv_eV,1,1.0,0.0,0.5650998654157537,0.5650998654157537,,,,1.0
24,water_hl_gap_eV,0,1.0,0.0,0.5561192971234206,0.5561192971234206,,,,1.0
24,water_hl_gap_eV,1,1.0,0.0,0.5561192971234206,0.5561192971234206,,,,1.0
24,water_dipole,0,1.0000001192092896,0.0,0.524380721595288,0.524380721595288,,,,1.0
24,water_dipole,1,1.0000001192092896,0.0,0.524380721595288,0.524380721595288,,,,1.0
24,acetone_gsolv_eV,0,1.0,0.0,0.4669786690163027,0.4669786690163027,,,,1.0
24,acetone_gsolv_eV,1,1.0,0.0,0.4669786690163027,0.4669786690163027,,,,1.0
24,acetone_hl_gap_eV,0,1.0,0.0,0.5699744206609614,0.5699744206609614,,,,1.0
24,acetone_hl_gap_eV,1,1.0,0.0,0.5699744206609614,0.5699744206609614,,,,1.0
24,acetone_dipole,0,0.9999999403953552,0.0,0.5180572835246551,0.5180572835246551,,,,1.0
24,acetone_dipole,1,0.9999999403953552,0.0,0.5180572835246551,0.5180572835246551,,,,1.0
24,octanol_gsolv_eV,0,0.5696393847465515,0.569084107875824,0.4792173467671963,0.8161189088881087,12.229436874389648,1.968066692352295,0.16092864394056722,0.46
24,octanol_gsolv_eV,1,0.48268720507621765,0.6911330223083496,0.49724900347125756,0.7722692729544911,14.414435386657715,1.9919947385787964,0.13819443392299818,0.48
24,octanol_hl_gap_eV,0,0.04782496765255928,0.03851555660367012,0.4590112341458261,0.9469979926435077,0.6443799734115601,0.001769165857695043,0.002745532031866999,0.3
24,octanol_hl_gap_eV,1,0.02022724598646164,0.03455694764852524,0.5413045385459905,0.9345516783394552,0.7037495374679565,0.0008423272520303726,0.0011969134005558417,0.44
24,octanol_dipole,0,0.4901074469089508,0.1639125645160675,0.5286253440399913,0.8340697961140424,3.50018572807312,0.7161978483200073,0.20461709862301505,0.5
24,octanol_dipole,1,0.03751607611775398,0.11412664502859116,0.5014635457807295,0.937307760503078,2.2725043296813965,0.04041003808379173,0.017782161096897533,0.56
24,hexane_gsolv_eV,0,1.0,0.0,0.4804165914769061,0.4804165914769061,,,,1.0
24,hexane_gsolv_eV,1,1.0,0.0,0.4804165914769061,0.4804165914769061,,,,1.0
24,hexane_hl_gap_eV,0,1.0,0.0,0.5603431131376224,0.5603431131376224,,,,1.0
24,hexane_hl_gap_eV,1,1.0,0.0,0.5603431131376224,0.5603431131376224,,,,1.0
24,hexane_dipole,0,1.0,0.0,0.506894165027558,0.506894165027558,,,,1.0
24,hexane_dipole,1,1.0,0.0,0.506894165027558,0.506894165027558,,,,1.0
25,sco_kcal,0,0.2537347972393036,0.7669435739517212,0.4872122552260423,0.8552592778408654,15.740344047546387,2.5082640647888184,0.15935255653956357,0.34
25,sco_kcal,1,0.19859476387500763,0.41397517919540405,0.5015106312645237,0.8421824712430617,8.260400772094727,0.38722261786460876,0.046876977104152576,0.42
25,water_gsolv_eV,0,1.0,0.0,0.5603974689881595,0.5603974689881595,,,,1.0
25,water_gsolv_eV,1,1.0,0.0,0.5603974689881595,0.5603974689881595,,,,1.0
25,water_hl_gap_eV,0,0.9999999403953552,0.0,0.5169127925113561,0.5169127925113561,,,,1.0
25,water_hl_gap_eV,1,0.9999999403953552,0.0,0.5169127925113561,0.5169127925113561,,,,1.0
25,water_dipole,0,0.9999998807907104,0.0,0.5185765297957348,0.5185765297957348,,,,1.0
25,water_dipole,1,0.9999998807907104,0.0,0.5185765297957348,0.5185765297957348,,,,1.0
25,acetone_gsolv_eV,0,1.0,0.0,0.46656595952845525,0.46656595952845525,,,,1.0
25,acetone_gsolv_eV,1,1.0,0.0,0.46656595952845525,0.46656595952845525,,,,1.0
25,acetone_hl_gap_eV,0,1.0,0.0,0.5533677451137209,0.5533677451137209,,,,1.0
25,acetone_hl_gap_eV,1,1.0,0.0,0.5533677451137209,0.5533677451137209,,,,1.0
25,acetone_dipole,0,1.0000001192092896,0.0,0.5145516944349582,0.5145516944349582,,,,1.0
25,acetone_dipole,1,1.0000001192092896,0.0,0.5145516944349582,0.5145516944349582,,,,1.0
25,octanol_gsolv_eV,0,0.22589385509490967,0.576515793800354,0.5102618708317046,0.878401080692601,12.068962097167969,0.12605389952659607,0.01044446892050271,0.44
25,octanol_gsolv_eV,1,0.08340688049793243,0.23778386414051056,0.5042081998603587,0.934905269173318,4.948542594909668,0.0371837243437767,0.007514075837606378,0.52
25,octanol_hl_gap_eV,0,0.02525477297604084,0.05254558473825455,0.47531099190922776,0.9586312524548661,1.0105468034744263,0.0026686242781579494,0.002640772568853595,0.38
25,octanol_hl_gap_eV,1,0.03030509129166603,0.032294854521751404,0.5049517405883956,0.9432516038500744,0.5834341049194336,0.0005153536912985146,0.0008833108777034552,0.26
25,octanol_dipole,0,0.07274822145700455,0.16046024858951569,0.5147361223019815,0.9267877677400336,3.2432117462158203,0.00838368572294712,0.002584994868968764,0.44
25,octanol_dipole,1,0.6433121562004089,0.10230425000190735,0.5257842342994328,0.7665984808974227,2.1602039337158203,1.3438551425933838,0.6220964241472263,0.54
25,hexane_gsolv_eV,0,1.0,0.0,0.5492652399093412,0.5492652399093412,,,,1.0
25,hexane_gsolv_eV,1,1.0,0.0,0.5492652399093412,0.5492652399093412,,,,1.0
25,hexane_hl_gap_eV,0,1.0000001192092896,0.0,0.5451593080094312,0.5451593080094312,,,,1.0
25,hexane_hl_gap_eV,1,1.0000001192092896,0.0,0.5451593080094312,0.5451593080094312,,,,1.0
25,hexane_dipole,0,0.9999998807907104,0.0,0.5018607116928822,0.5018607116928822,,,,1.0
25,hexane_dipole,1,0.9999998807907104,0.0,0.5018607116928822,0.5018607116928822,,,,1.0
26,sco_kcal,0,0.10432688146829605,0.5151212215423584,0.59858179037291,0.8515412692099864,20.46564483642578,2.188809633255005,0.10695043575461896,0.3
26,sco_kcal,1,0.015533008612692356,0.5956044793128967,0.5792618937005902,0.9329297766034768,20.94757080078125,0.06500235199928284,0.003103097376658994,0.26
26,water_gsolv_eV,0,1.0000001192092896,0.0,0.5992336406864545,0.5992336406864545,,,,1.0
26,water_gsolv_eV,1,1.0000001192092896,0.0,0.5992336406864545,0.5992336406864545,,,,1.0
26,water_hl_gap_eV,0,0.9999999403953552,0.0,0.5153013568291382,0.5153013568291382,,,,1.0
26,water_hl_gap_eV,1,0.9999999403953552,0.0,0.5153013568291382,0.5153013568291382,,,,1.0
26,water_dipole,0,1.0000001192092896,0.0,0.5273091083497887,0.5273091083497887,,,,1.0
26,water_dipole,1,1.0000001192092896,0.0,0.5273091083497887,0.5273091083497887,,,,1.0
26,acetone_gsolv_eV,0,0.9999999403953552,0.0,0.6281456891472761,0.6281456891472761,,,,1.0
26,acetone_gsolv_eV,1,0.9999999403953552,0.0,0.6281456891472761,0.6281456891472761,,,,1.0
26,acetone_hl_gap_eV,0,1.0000001192092896,0.0,0.5259441948846497,0.5259441948846497,,,,1.0
26,acetone_hl_gap_eV,1,1.0000001192092896,0.0,0.5259441948846497,0.5259441948846497,,,,1.0
26,acetone_dipole,0,1.0,0.0,0.5256662110290811,0.5256662110290811,,,,1.0
26,acetone_dipole,1,1.0,0.0,0.5256662110290811,0.5256662110290811,,,,1.0
26,octanol_gsolv_eV,0,0.05271841585636139,1.4466845989227295,0.6149438692489697,0.8707403137963072,58.76774978637695,0.4659023582935333,0.007927857710855128,0.26
26,octanol_gsolv_eV,1,0.010063916444778442,1.4882962703704834,0.6193805282485696,0.9349399523596473,61.25357437133789,0.02562357671558857,0.00041831969772491344,0.28
26,octanol_hl_gap_eV,0,0.0032086751889437437,0.03633035346865654,0.5506995391969598,0.9615379507651889,1.2844433784484863,0.0072179134003818035,0.005619487414930283,0.34
26,octanol_hl_gap_eV,1,0.02167908102273941,0.06846627593040466,0.5140337762665659,0.9494158300772353,1.411361575126648,0.0003238163481000811,0.00022943542874264772,0.16
26,octanol_dipole,0,0.5083503127098083,0.22054056823253632,0.5091832582977898,0.7824785555545779,5.114179611206055,1.899492859840393,0.37141692397315784,0.4
26,octanol_dipole,1,0.48840567469596863,0.19024646282196045,0.5233104425872397,0.7783198418105457,4.491483688354492,1.4758156538009644,0.3285808779908197,0.48
26,hexane_gsolv_eV,0,0.9999998807907104,0.0,0.6323514719039665,0.6323514719039665,,,,1.0
26,hexane_gsolv_eV,1,0.9999998807907104,0.0,0.6323514719039665,0.6323514719039665,,,,1.0
26,hexane_hl_gap_eV,0,1.0,0.0,0.5217887785985971,0.5217887785985971,,,,1.0
26,hexane_hl_gap_eV,1,1.0,0.0,0.5217887785985971,0.5217887785985971,,,,1.0
26,hexane_dipole,0,1.0,0.0,0.5184760112601356,0.5184760112601356,,,,1.0
26,hexane_dipole,1,1.0,0.0,0.5184760112601356,0.5184760112601356,,,,1.0
27,sco_kcal,0,0.021042386069893837,0.4527669847011566,0.6179233459827651,0.9086464309144586,19.5846004486084,0.3610244691371918,0.018434099285535573,0.32
27,sco_kcal,1,0.04359247535467148,2.038418769836426,0.6210523666075873,0.9001733278758808,87.00955200195312,0.05123224854469299,0.0005888117725688666,0.36
27,water_gsolv_eV,0,1.0,0.0,0.6462349729052501,0.6462349729052501,,,,1.0
27,water_gsolv_eV,1,1.0,0.0,0.6462349729052501,0.6462349729052501,,,,1.0
27,water_hl_gap_eV,0,1.0,0.0,0.5157221980647708,0.5157221980647708,,,,1.0
27,water_hl_gap_eV,1,1.0,0.0,0.5157221980647708,0.5157221980647708,,,,1.0
27,water_dipole,0,1.0,0.0,0.528070631278956,0.528070631278956,,,,1.0
27,water_dipole,1,1.0,0.0,0.528070631278956,0.528070631278956,,,,1.0
27,acetone_gsolv_eV,0,1.0000001192092896,0.0,0.6302606707746556,0.6302606707746556,,,,1.0
27,acetone_gsolv_eV,1,1.0000001192092896,0.0,0.6302606707746556,0.6302606707746556,,,,1.0
27,acetone_hl_gap_eV,0,1.0,0.0,0.5465508415024387,0.5465508415024387,,,,1.0
27,acetone_hl_gap_eV,1,1.0,0.0,0.5465508415024387,0.5465508415024387,,,,1.0
27,acetone_dipole,0,0.9999999403953552,0.0,0.5276753087183073,0.5276753087183073,,,,1.0
27,acetone_dipole,1,0.9999999403953552,0.0,0.5276753087183073,0.5276753087183073,,,,1.0
27,octanol_gsolv_eV,0,0.03848515823483467,2.3119659423828125,0.628603799930403,0.871998890193588,98.99639129638672,0.28868353366851807,0.0029161015860085676,0.24
27,octanol_gsolv_eV,1,0.011985491961240768,1.2276891469955444,0.6309260082180894,0.9318302235559939,54.39826583862305,0.007792957127094269,0.00014325745512205703,0.32
27,octanol_hl_gap_eV,0,0.033552855253219604,0.04332401230931282,0.4770295729840903,0.9599071998566753,0.7703021168708801,0.0017790136625990272,0.00230950119912137,0.3
27,octanol_hl_gap_eV,1,0.0071924165822565556,0.10198234766721725,0.5293455215712792,0.9449415355095288,2.707878828048706,0.0010495107853785157,0.00038757671669333585,0.1
27,octanol_dipole,0,0.48271307349205017,0.14810810983181,0.5366519017140521,0.8377092282629548,3.2509634494781494,0.6897875666618347,0.21217942846221807,0.48
27,octanol_dipole,1,0.028060415759682655,0.22079478204250336,0.5150321380900111,0.9256287012856155,6.216127872467041,0.009017953649163246,0.0014507349002755028,0.24
27,hexane_gsolv_eV,0,1.0,0.0,0.6490438471720177,0.6490438471720177,,,,1.0
27,hexane_gsolv_eV,1,1.0,0.0,0.6490438471720177,0.6490438471720177,,,,1.0
27,hexane_hl_gap_eV,0,1.0000001192092896,0.0,0.5164799411072967,0.5164799411072967,,,,1.0
27,hexane_hl_gap_eV,1,1.0000001192092896,0.0,0.5164799411072967,0.5164799411072967,,,,1.0
27,hexane_dipole,0,1.0000001192092896,0.0,0.5258844601775166,0.5258844601775166,,,,1.0
27,hexane_dipole,1,1.0000001192092896,0.0,0.5258844601775166,0.5258844601775166,,,,1.0
28,sco_kcal,0,0.05143442377448082,0.4096039831638336,0.6245530212509345,0.8483810513356684,18.165849685668945,0.9449416995048523,0.05201747872274412,0.36
28,sco_kcal,1,0.23995360732078552,0.7854387760162354,0.6457083647560296,0.7679301131145657,36.06511306762695,8.964702606201172,0.24856992932175603,0.52
28,water_gsolv_eV,0,1.0,0.0,0.6668024140288036,0.6668024140288036,,,,1.0
28,water_gsolv_eV,1,1.0,0.0,0.6668024140288036,0.6668024140288036,,,,1.0
28,water_hl_gap_eV,0,1.0000001192092896,0.0,0.5133415608663559,0.5133415608663559,,,,1.0
28,water_hl_gap_eV,1,1.0000001192092896,0.0,0.5133415608663559,0.5133415608663559,,,,1.0
28,water_dipole,0,1.0000001192092896,0.0,0.5329677508335635,0.5329677508335635,,,,1.0
28,water_dipole,1,1.0000001192092896,0.0,0.5329677508335635,0.5329677508335635,,,,1.0
28,acetone_gsolv_eV,0,1.0,0.0,0.6303786820818726,0.6303786820818726,,,,1.0
28,acetone_gsolv_eV,1,1.0,0.0,0.6303786820818726,0.6303786820818726,,,,1.0
28,acetone_hl_gap_eV,0,1.0000001192092896,0.0,0.5443322061981786,0.5443322061981786,,,,1.0
28,acetone_hl_gap_eV,1,1.0000001192092896,0.0,0.5443322061981786,0.5443322061981786,,,,1.0
28,acetone_dipole,0,0.9999999403953552,0.0,0.5293623849779645,0.5293623849779645,,,,1.0
28,acetone_dipole,1,0.9999999403953552,0.0,0.5293623849779645,0.5293623849779645,,,,1.0
28,octanol_gsolv_eV,0,0.055672332644462585,1.3287358283996582,0.6272226148085831,0.8620588257366537,59.63832473754883,0.42386388778686523,0.007107240011388125,0.28
28,octanol_gsolv_eV,1,0.013005713000893593,0.8381317257881165,0.6303153661325305,0.9168529700661219,36.81819534301758,0.018799057230353355,0.0005105914903001491,0.36
28,octanol_hl_gap_eV,0,0.028453325852751732,0.028259439393877983,0.526130352544629,0.9557030669481961,0.7491666078567505,0.0024074995890259743,0.0032135703377296236,0.38
28,octanol_hl_gap_eV,1,0.02512112259864807,0.12148158997297287,0.5015807186805001,0.9610235013822745,2.931195020675659,0.006695966236293316,0.0022843810081083766,0.1
28,octanol_dipole,0,0.34061506390571594,0.16458885371685028,0.5028781776590046,0.8399119618978437,3.818432569503784,0.6619014739990234,0.17334376395313414,0.42
28,octanol_dipole,1,0.09933388978242874,0.032502926886081696,0.609867262235867,0.9290187969469839,1.1618356704711914,0.019313499331474304,0.0166232624994562,0.42
28,hexane_gsolv_eV,0,1.0,0.0,0.6271953160887371,0.6271953160887371,,,,1.0
28,hexane_gsolv_eV,1,1.0,0.0,0.6271953160887371,0.6271953160887371,,,,1.0
28,hexane_hl_gap_eV,0,1.0000001192092896,0.0,0.5419429599277348,0.5419429599277348,,,,1.0
28,hexane_hl_gap_eV,1,1.0000001192092896,0.0,0.5419429599277348,0.5419429599277348,,,,1.0
28,hexane_dipole,0,1.0,0.0,0.5881032712724907,0.5881032712724907,,,,1.0
28,hexane_dipole,1,1.0,0.0,0.5881032712724907,0.5881032712724907,,,,1.0
29,sco_kcal,0,0.01455262117087841,0.3129160702228546,0.6295115867682479,0.941174329646554,13.897974014282227,0.06450065225362778,0.00464101114215236,0.38
29,sco_kcal,1,0.058511968702077866,0.3421567380428314,0.5281041641849147,0.9153767702768676,9.587985038757324,0.1110430359840393,0.011581477811570649,0.4
29,water_gsolv_eV,0,1.0,0.0,0.6650768464332857,0.6650768464332857,,,,1.0
29,water_gsolv_eV,1,1.0,0.0,0.6650768464332857,0.6650768464332857,,,,1.0
29,water_hl_gap_eV,0,0.9999999403953552,0.0,0.5161369070686925,0.5161369070686925,,,,1.0
29,water_hl_gap_eV,1,0.9999999403953552,0.0,0.5161369070686925,0.5161369070686925,,,,1.0
29,water_dipole,0,0.9999998807907104,0.0,0.5341271081819963,0.5341271081819963,,,,1.0
29,water_dipole,1,0.9999998807907104,0.0,0.5341271081819963,0.5341271081819963,,,,1.0
29,acetone_gsolv_eV,0,1.0000001192092896,0.0,0.6217612979418188,0.6217612979418188,,,,1.0
29,acetone_gsolv_eV,1,1.0000001192092896,0.0,0.6217612979418188,0.6217612979418188,,,,1.0
29,acetone_hl_gap_eV,0,0.9999999403953552,0.0,0.5445000432007927,0.5445000432007927,,,,1.0
29,acetone_hl_gap_eV,1,0.9999999403953552,0.0,0.5445000432007927,0.5445000432007927,,,,1.0
29,acetone_dipole,0,1.0000001192092896,0.0,0.528324463510971,0.528324463510971,,,,1.0
29,acetone_dipole,1,1.0000001192092896,0.0,0.528324463510971,0.528324463510971,,,,1.0
29,octanol_gsolv_eV,0,0.06204730644822121,1.0955545902252197,0.6354108906384037,0.871537364285982,49.355770111083984,0.5180293321609497,0.010495821076138253,0.32
29,octanol_gsolv_eV,1,0.01309711579233408,0.9488547444343567,0.6365245949837264,0.9474246112430313,42.57212829589844,0.03607631102204323,0.0008474161961388,0.28
29,octanol_hl_gap_eV,0,0.006825126241892576,0.1345323622226715,0.590451912285924,0.957312220090472,5.011468887329102,0.0005259446916170418,0.00010494821048312401,0.2
29,octanol_hl_gap_eV,1,0.016559544950723648,0.03975290060043335,0.4928797962739069,0.9461593185098671,0.8268506526947021,0.001398920314386487,0.0016918657678111672,0.22
29,octanol_dipole,0,0.3362363874912262,0.14868919551372528,0.5287857535374287,0.8555504376711476,3.13211989402771,0.3234568238258362,0.10327089471977108,0.5
29,octanol_dipole,1,0.04364736005663872,0.19170290231704712,0.5969293303823828,0.8742562690143159,7.0293049812316895,0.07123406231403351,0.010133869920885368,0.3
29,hexane_gsolv_eV,0,1.0,0.0,0.641547277435979,0.641547277435979,,,,1.0
29,hexane_gsolv_eV,1,1.0,0.0,0.641547277435979,0.641547277435979,,,,1.0
29,hexane_hl_gap_eV,0,1.0,0.0,0.5422054322606225,0.5422054322606225,,,,1.0
29,hexane_hl_gap_eV,1,1.0,0.0,0.5422054322606225,0.5422054322606225,,,,1.0
29,hexane_dipole,0,0.9999998807907104,0.0,0.5246239057918569,0.5246239057918569,,,,1.0
29,hexane_dipole,1,0.9999998807907104,0.0,0.5246239057918569,0.5246239057918569,,,,1.0
30,sco_kcal,0,0.08642186969518661,0.16592241823673248,0.5541715498528383,0.9389291832851656,4.648838520050049,0.09525153040885925,0.02048931792275585,0.34
30,sco_kcal,1,0.028271252289414406,0.8110578060150146,0.6399750360739291,0.8458847417502942,36.63194274902344,0.9360519647598267,0.02555288894102622,0.44
30,water_gsolv_eV,0,1.0,0.0,0.662467261313217,0.662467261313217,,,,1.0
30,water_gsolv_eV,1,1.0,0.0,0.662467261313217,0.662467261313217,,,,1.0
30,water_hl_gap_eV,0,1.0,0.0,0.5353027743040515,0.5353027743040515,,,,1.0
30,water_hl_gap_eV,1,1.0,0.0,0.5353027743040515,0.5353027743040515,,,,1.0
30,water_dipole,0,1.0,0.0,0.5333386339431496,0.5333386339431496,,,,1.0
30,water_dipole,1,1.0,0.0,0.5333386339431496,0.5333386339431496,,,,1.0
30,acetone_gsolv_eV,0,1.0,0.0,0.6547590577487536,0.6547590577487536,,,,1.0
30,acetone_gsolv_eV,1,1.0,0.0,0.6547590577487536,0.6547590577487536,,,,1.0
30,acetone_hl_gap_eV,0,0.9999999403953552,0.0,0.5410065619897217,0.5410065619897217,,,,1.0
30,acetone_hl_gap_eV,1,0.9999999403953552,0.0,0.5410065619897217,0.5410065619897217,,,,1.0
30,acetone_dipole,0,1.0000001192092896,0.0,0.5366842558336262,0.5366842558336262,,,,1.0
30,acetone_dipole,1,1.0000001192092896,0.0,0.5366842558336262,0.5366842558336262,,,,1.0
30,octanol_gsolv_eV,0,0.004772677551954985,1.8302035331726074,0.6458679843285373,0.943571334874568,85.44029998779297,0.0021949794609099627,2.5690212478462318e-05,0.28
30,octanol_gsolv_eV,1,0.09441358596086502,1.7212111949920654,0.6434748706622193,0.8022767921892515,84.00607299804688,1.661177396774292,0.019774491741959107,0.28
30,octanol_hl_gap_eV,0,0.010748080909252167,0.045931264758110046,0.5432739969848959,0.9513189211807598,1.2744113206863403,0.003951589111238718,0.0031007172073067987,0.3
30,octanol_hl_gap_eV,1,0.02209506556391716,0.10298982262611389,0.6471337608004484,0.8826766526231196,4.602512836456299,0.03155020624399185,0.006854995817520393,0.3
30,octanol_dipole,0,0.21059641242027283,0.22432002425193787,0.5535104184721029,0.8716710006410036,4.980245113372803,0.13557249307632446,0.02722205232675985,0.46
30,octanol_dipole,1,0.10373277217149734,0.11190613359212875,0.5050840938359409,0.9108362643087871,2.227851629257202,0.03031861037015915,0.013608900149363992,0.26
30,hexane_gsolv_eV,0,1.0,0.0,0.6403491527047493,0.6403491527047493,,,,1.0
30,hexane_gsolv_eV,1,1.0,0.0,0.6403491527047493,0.6403491527047493,,,,1.0
30,hexane_hl_gap_eV,0,1.0000001192092896,0.0,0.5406282394983017,0.5406282394983017,,,,1.0
30,hexane_hl_gap_eV,1,1.0000001192092896,0.0,0.5406282394983017,0.5406282394983017,,,,1.0
30,hexane_dipole,0,0.9999998807907104,0.0,0.5273958096651392,0.5273958096651392,,,,1.0
30,hexane_dipole,1,0.9999998807907104,0.0,0.5273958096651392,0.5273958096651392,,,,1.0
31,sco_kcal,0,0.10990148782730103,0.16011019051074982,0.478518648945661,0.9400798833273587,3.346971273422241,0.0844731554389,0.02523868552732666,0.38
31,sco_kcal,1,0.01937413029372692,0.6269351840019226,0.5797965694215472,0.9381119711183423,23.915645599365234,0.06852254271507263,0.002865176372946894,0.32
31,water_gsolv_eV,0,1.0,0.0,0.5963971006683366,0.5963971006683366,,,,1.0
31,water_gsolv_eV,1,1.0,0.0,0.5963971006683366,0.5963971006683366,,,,1.0
31,water_hl_gap_eV,0,1.0000001192092896,0.0,0.5399630738089976,0.5399630738089976,,,,1.0
31,water_hl_gap_eV,1,1.0000001192092896,0.0,0.5399630738089976,0.5399630738089976,,,,1.0
31,water_dipole,0,0.9999998807907104,0.0,0.49702379715498735,0.49702379715498735,,,,1.0
31,water_dipole,1,0.9999998807907104,0.0,0.49702379715498735,0.49702379715498735,,,,1.0
31,acetone_gsolv_eV,0,1.0,0.0,0.6505507248737112,0.6505507248737112,,,,1.0
31,acetone_gsolv_eV,1,1.0,0.0,0.6505507248737112,0.6505507248737112,,,,1.0
31,acetone_hl_gap_eV,0,1.0,0.0,0.5422483135386322,0.5422483135386322,,,,1.0
31,acetone_hl_gap_eV,1,1.0,0.0,0.5422483135386322,0.5422483135386322,,,,1.0
31,acetone_dipole,0,1.0000001192092896,0.0,0.49526252105356705,0.49526252105356705,,,,1.0
31,acetone_dipole,1,1.0000001192092896,0.0,0.49526252105356705,0.49526252105356705,,,,1.0
31,octanol_gsolv_eV,0,0.006441517733037472,1.2257230281829834,0.6242885310344699,0.9382132382794464,51.11659622192383,0.005884614307433367,0.00011512140366086161,0.22
31,octanol_gsolv_eV,1,0.04613000154495239,1.0271514654159546,0.6295536821518719,0.8056426169518294,44.98163604736328,0.2973453998565674,0.006610373165250779,0.28
31,octanol_hl_gap_eV,0,0.014482147060334682,0.0383320227265358,0.5428034647114917,0.9567978386829041,0.9227015376091003,0.003963837865740061,0.0042959046930940836,0.34
31,octanol_hl_gap_eV,1,0.024187838658690453,0.060006286948919296,0.47493493588528635,0.9558500723826151,1.2445614337921143,0.0009034884278662503,0.0007259492407002906,0.28
31,octanol_dipole,0,0.07677540183067322,0.26176002621650696,0.5028551967464272,0.9029769528518665,5.298916339874268,0.02070203609764576,0.003906843356227998,0.38
31,octanol_dipole,1,0.5480116009712219,0.2814648747444153,0.49966873811437584,0.7484564227669064,6.541367530822754,2.317411422729492,0.35427017543501566,0.34
31,hexane_gsolv_eV,0,0.9999999403953552,0.0,0.6753757030918452,0.6753757030918452,,,,1.0
31,hexane_gsolv_eV,1,0.9999999403953552,0.0,0.6753757030918452,0.6753757030918452,,,,1.0
31,hexane_hl_gap_eV,0,1.0,0.0,0.5414712577900045,0.5414712577900045,,,,1.0
31,hexane_hl_gap_eV,1,1.0,0.0,0.5414712577900045,0.5414712577900045,,,,1.0
31,hexane_dipole,0,1.0000001192092896,0.0,0.5225399437365588,0.5225399437365588,,,,1.0
31,hexane_dipole,1,1.0000001192092896,0.0,0.5225399437365588,0.5225399437365588,,,,1.0
32,sco_kcal,0,0.009224561043083668,3.023289203643799,0.5779683947395049,0.9345566480638989,87.79792785644531,0.02798561006784439,0.00031875023421512274,0.16
32,sco_kcal,1,0.046974342316389084,1.9521797895431519,0.5696975752940838,0.8115295261675319,64.17089080810547,2.1779465675354004,0.03393979014641172,0.2
32,water_gsolv_eV,0,1.0,0.0,0.596333224216012,0.596333224216012,,,,1.0
32,water_gsolv_eV,1,1.0,0.0,0.596333224216012,0.596333224216012,,,,1.0
32,water_hl_gap_eV,0,0.9999999403953552,0.0,0.5441116877034609,0.5441116877034609,,,,1.0
32,water_hl_gap_eV,1,0.9999999403953552,0.0,0.5441116877034609,0.5441116877034609,,,,1.0
32,water_dipole,0,1.0000001192092896,0.0,0.4972866001380647,0.4972866001380647,,,,1.0
32,water_dipole,1,1.0000001192092896,0.0,0.4972866001380647,0.4972866001380647,,,,1.0
32,acetone_gsolv_eV,0,1.0000001192092896,0.0,0.6535045645381741,0.6535045645381741,,,,1.0
32,acetone_gsolv_eV,1,1.0000001192092896,0.0,0.6535045645381741,0.6535045645381741,,,,1.0
32,acetone_hl_gap_eV,0,1.0,0.0,0.5473334046451606,0.5473334046451606,,,,1.0
32,acetone_hl_gap_eV,1,1.0,0.0,0.5473334046451606,0.5473334046451606,,,,1.0
32,acetone_dipole,0,1.0,0.0,0.4928233596249687,0.4928233596249687,,,,1.0
32,acetone_dipole,1,1.0,0.0,0.4928233596249687,0.4928233596249687,,,,1.0
32,octanol_gsolv_eV,0,0.013970514759421349,1.5229811668395996,0.6720693829480968,0.9343424660754354,76.28176879882812,0.006685028783977032,8.763599598230253e-05,0.38
32,octanol_gsolv_eV,1,0.14940935373306274,1.176371693611145,0.6118436011808814,0.7903063946679365,47.59907531738281,2.143916368484497,0.04504113481594369,0.3
32,octanol_hl_gap_eV,0,0.014773396775126457,0.06195594370365143,0.5602382616781243,0.9583274620098505,2.315019369125366,0.0007404393400065601,0.0003198415312984203,0.3
32,octanol_hl_gap_eV,1,0.012317949905991554,0.04111228883266449,0.5614675699328118,0.9495484108594192,1.3570398092269897,0.0009139932226389647,0.0006735198307554458,0.34
32,octanol_dipole,0,0.3118060827255249,0.28518393635749817,0.48901116551802404,0.8356002451952769,5.82208776473999,0.5699456930160522,0.09789369656496505,0.36
32,octanol_dipole,1,0.29105082154273987,0.20398545265197754,0.503337797733389,0.7919569992160811,4.378918170928955,0.31302541494369507,0.07148464591593157,0.38
32,hexane_gsolv_eV,0,0.9999999403953552,0.0,0.6767482698808687,0.6767482698808687,,,,1.0
32,hexane_gsolv_eV,1,0.9999999403953552,0.0,0.6767482698808687,0.6767482698808687,,,,1.0
32,hexane_hl_gap_eV,0,1.0000001192092896,0.0,0.5442831545640168,0.5442831545640168,,,,1.0
32,hexane_hl_gap_eV,1,1.0000001192092896,0.0,0.5442831545640168,0.5442831545640168,,,,1.0
32,hexane_dipole,0,1.0,0.0,0.4915489722287172,0.4915489722287172,,,,1.0
32,hexane_dipole,1,1.0,0.0,0.4915489722287172,0.4915489722287172,,,,1.0
33,sco_kcal,0,0.017986971884965897,0.518543004989624,0.5902650345080578,0.9174084286050352,19.84980583190918,0.24172759056091309,0.012177831491546807,0.26
33,sco_kcal,1,0.012585475109517574,1.3485326766967773,0.6024181062182794,0.9193727713838191,50.2063102722168,0.19304610788822174,0.0038450566640235604,0.3
33,water_gsolv_eV,0,1.0000001192092896,0.0,0.5918976796509665,0.5918976796509665,,,,1.0
33,water_gsolv_eV,1,1.0000001192092896,0.0,0.5918976796509665,0.5918976796509665,,,,1.0
33,water_hl_gap_eV,0,1.0000001192092896,0.0,0.5200449434160839,0.5200449434160839,,,,1.0
33,water_hl_gap_eV,1,1.0000001192092896,0.0,0.5200449434160839,0.5200449434160839,,,,1.0
33,water_dipole,0,0.9999998807907104,0.0,0.5358986442829623,0.5358986442829623,,,,1.0
33,water_dipole,1,0.9999998807907104,0.0,0.5358986442829623,0.5358986442829623,,,,1.0
33,acetone_gsolv_eV,0,1.0000001192092896,0.0,0.6194958892470199,0.6194958892470199,,,,1.0
33,acetone_gsolv_eV,1,1.0000001192092896,0.0,0.6194958892470199,0.6194958892470199,,,,1.0
33,acetone_hl_gap_eV,0,0.9999999403953552,0.0,0.5459984849335171,0.5459984849335171,,,,1.0
33,acetone_hl_gap_eV,1,0.9999999403953552,0.0,0.5459984849335171,0.5459984849335171,,,,1.0
33,acetone_dipole,0,1.0,0.0,0.49183507551417827,0.49183507551417827,,,,1.0
33,acetone_dipole,1,1.0,0.0,0.49183507551417827,0.49183507551417827,,,,1.0
33,octanol_gsolv_eV,0,0.11353009939193726,1.5841938257217407,0.5901272429022169,0.7947905050353425,60.72296142578125,3.342080593109131,0.05503816867024832,0.3
33,octanol_gsolv_eV,1,0.13235630095005035,1.2997015714645386,0.6113868703529173,0.7793059028986438,50.65932846069336,4.155331611633301,0.08202500384223269,0.34
33,octanol_hl_gap_eV,0,0.022899828851222992,0.06881261616945267,0.5214272680665044,0.9462793002004435,1.6937211751937866,0.0006121015758253634,0.0003613945345846727,0.3
33,octanol_hl_gap_eV,1,0.024530848488211632,0.10786659270524979,0.609805369300076,0.834088847234816,4.638318061828613,0.00919937901198864,0.0019833437227376924,0.24
33,octanol_dipole,0,0.34092235565185547,0.26340451836586,0.5233952828985362,0.7480734283876223,8.0223388671875,1.8435068130493164,0.22979667695034922,0.42
33,octanol_dipole,1,0.05935892462730408,0.2249964475631714,0.4860464709265595,0.9230505997926242,4.573265552520752,0.021816516295075417,0.004770445985374784,0.26
33,hexane_gsolv_eV,0,1.0,0.0,0.637475390169242,0.637475390169242,,,,1.0
33,hexane_gsolv_eV,1,1.0,0.0,0.637475390169242,0.637475390169242,,,,1.0
33,hexane_hl_gap_eV,0,1.0,0.0,0.5431975187130917,0.5431975187130917,,,,1.0
33,hexane_hl_gap_eV,1,1.0,0.0,0.5431975187130917,0.5431975187130917,,,,1.0
33,hexane_dipole,0,1.0000001192092896,0.0,0.521118267092112,0.521118267092112,,,,1.0
33,hexane_dipole,1,1.0000001192092896,0.0,0.521118267092112,0.521118267092112,,,,1.0
34,sco_kcal,0,0.015068178065121174,0.4748542606830597,0.5885813832265261,0.9324131438101229,18.060415267944336,0.10185250639915466,0.005639543990991945,0.26
34,sco_kcal,1,0.016483638435602188,1.6867986917495728,0.6110411625781409,0.9328739015616674,66.55018615722656,0.18393383920192719,0.002763836584429361,0.3
34,water_gsolv_eV,0,0.9999998807907104,0.0,0.5987609893320629,0.5987609893320629,,,,1.0
34,water_gsolv_eV,1,0.9999998807907104,0.0,0.5987609893320629,0.5987609893320629,,,,1.0
34,water_hl_gap_eV,0,1.0,0.0,0.5207185454367673,0.5207185454367673,,,,1.0
34,water_hl_gap_eV,1,1.0,0.0,0.5207185454367673,0.5207185454367673,,,,1.0
34,water_dipole,0,1.0000001192092896,0.0,0.49641513230504053,0.49641513230504053,,,,1.0
34,water_dipole,1,1.0000001192092896,0.0,0.49641513230504053,0.49641513230504053,,,,1.0
34,acetone_gsolv_eV,0,1.0000001192092896,0.0,0.6221284215545386,0.6221284215545386,,,,1.0
34,acetone_gsolv_eV,1,1.0000001192092896,0.0,0.6221284215545386,0.6221284215545386,,,,1.0
34,acetone_hl_gap_eV,0,1.0000001192092896,0.0,0.5269258363732454,0.5269258363732454,,,,1.0
34,acetone_hl_gap_eV,1,1.0000001192092896,0.0,0.5269258363732454,0.5269258363732454,,,,1.0
34,acetone_dipole,0,1.0,0.0,0.4930893548396016,0.4930893548396016,,,,1.0
34,acetone_dipole,1,1.0,0.0,0.4930893548396016,0.4930893548396016,,,,1.0
34,octanol_gsolv_eV,0,0.11014129966497421,1.5569908618927002,0.6056468771120354,0.8022175985569058,65.44432830810547,2.546353340148926,0.03890869393847156,0.26
34,octanol_gsolv_eV,1,0.030114255845546722,1.0607671737670898,0.6107241070342468,0.837378639376195,42.40388870239258,0.2111155390739441,0.004978683454143492,0.28
34,octanol_hl_gap_eV,0,0.007180896587669849,0.1067950651049614,0.5958568915507358,0.9589548976293736,4.292584419250488,0.0011641781311482191,0.00027120681096622247,0.24
34,octanol_hl_gap_eV,1,0.0069126863963902,0.1223919540643692,0.6100984182836082,0.9537377776916414,4.972357749938965,0.0012301814276725054,0.0002474040464380516,0.18
34,octanol_dipole,0,0.5195757150650024,0.19649897515773773,0.48188135907318164,0.8102868328067199,4.157654285430908,1.4964791536331177,0.3599335228224776,0.32
34,octanol_dipole,1,0.016510646790266037,0.3877014219760895,0.571762770569674,0.8967482032136989,14.36843204498291,0.031225912272930145,0.0021732303270928883,0.24
34,hexane_gsolv_eV,0,0.9999998807907104,0.0,0.6348609345312044,0.6348609345312044,,,,1.0
34,hexane_gsolv_eV,1,0.9999998807907104,0.0,0.6348609345312044,0.6348609345312044,,,,1.0
34,hexane_hl_gap_eV,0,1.0,0.0,0.5455830939084083,0.5455830939084083,,,,1.0
34,hexane_hl_gap_eV,1,1.0,0.0,0.5455830939084083,0.5455830939084083,,,,1.0
34,hexane_dipole,0,1.0,0.0,0.5195367651398093,0.5195367651398093,,,,1.0
34,hexane_dipole,1,1.0,0.0,0.5195367651398093,0.5195367651398093,,,,1.0
35,sco_kcal,0,0.0179214458912611,0.3671101927757263,0.6034274806626689,0.9301968266240785,15.1629638671875,0.1143571212887764,0.007541871252245351,0.3
35,sco_kcal,1,0.0320914089679718,2.3030855655670166,0.6228852453953704,0.9604462581485746,96.38182830810547,0.2058345228433609,0.002135615462547215,0.26
35,water_gsolv_eV,0,0.9999998807907104,0.0,0.6221414733993347,0.6221414733993347,,,,1.0
35,water_gsolv_eV,1,0.9999998807907104,0.0,0.6221414733993347,0.6221414733993347,,,,1.0
35,water_hl_gap_eV,0,1.0,0.0,0.660603944576047,0.660603944576047,,,,1.0
35,water_hl_gap_eV,1,1.0,0.0,0.660603944576047,0.660603944576047,,,,1.0
35,water_dipole,0,1.0000001192092896,0.0,0.48890101735994573,0.48890101735994573,,,,1.0
35,water_dipole,1,1.0000001192092896,0.0,0.48890101735994573,0.48890101735994573,,,,1.0
35,acetone_gsolv_eV,0,1.0000001192092896,0.0,0.6236066942884044,0.6236066942884044,,,,1.0
35,acetone_gsolv_eV,1,1.0000001192092896,0.0,0.6236066942884044,0.6236066942884044,,,,1.0
35,acetone_hl_gap_eV,0,1.0,0.0,0.6648201807374632,0.6648201807374632,,,,1.0
35,acetone_hl_gap_eV,1,1.0,0.0,0.6648201807374632,0.6648201807374632,,,,1.0
35,acetone_dipole,0,1.0,0.0,0.49069077073188905,0.49069077073188905,,,,1.0
35,acetone_dipole,1,1.0,0.0,0.49069077073188905,0.49069077073188905,,,,1.0
35,octanol_gsolv_eV,0,0.11926587671041489,1.3320319652557373,0.6176672602410938,0.805889341643693,58.51469039916992,2.4707558155059814,0.0422245388064299,0.32
35,octanol_gsolv_eV,1,0.0995587408542633,3.1037967205047607,0.6289888870503866,0.8298508245055867,137.2224884033203,5.732550621032715,0.04177559150642838,0.2
35,octanol_hl_gap_eV,0,0.007658983580768108,0.09293138235807419,0.6217963543924498,0.959246794758994,4.006434917449951,0.0009696013876236975,0.00024201101667735,0.32
35,octanol_hl_gap_eV,1,0.017313485965132713,0.06394241005182266,0.5357980470802228,0.9204553563641247,1.9030054807662964,0.0011181895388290286,0.000587591339137268,0.18
35,octanol_dipole,0,0.27951160073280334,0.3535366654396057,0.5377777931202952,0.8087507651975001,9.201436042785645,1.0916457176208496,0.11863862472605576,0.28
35,octanol_dipole,1,0.029001040384173393,0.24189016222953796,0.53962287933741,0.9098799313560149,7.297504901885986,0.02010813169181347,0.0027554803953083566,0.26
35,hexane_gsolv_eV,0,1.0000001192092896,0.0,0.6330104841402184,0.6330104841402184,,,,1.0
35,hexane_gsolv_eV,1,1.0000001192092896,0.0,0.6330104841402184,0.6330104841402184,,,,1.0
35,hexane_hl_gap_eV,0,1.0,0.0,0.651903566478943,0.651903566478943,,,,1.0
35,hexane_hl_gap_eV,1,1.0,0.0,0.651903566478943,0.651903566478943,,,,1.0
35,hexane_dipole,0,0.9999999403953552,0.0,0.4905721278574946,0.4905721278574946,,,,1.0
35,hexane_dipole,1,0.9999999403953552,0.0,0.4905721278574946,0.4905721278574946,,,,1.0
36,sco_kcal,0,0.017377475276589394,0.3771939277648926,0.601500016977655,0.9287446352114406,15.603243827819824,0.12197674810886383,0.00781739678331407,0.32
36,sco_kcal,1,0.03429039195179939,0.5213307738304138,0.5262662269469054,0.9131001117611193,16.15534782409668,0.06143205985426903,0.0038025835483801464,0.28
36,water_gsolv_eV,0,1.0000001192092896,0.0,0.6220290820586707,0.6220290820586707,,,,1.0
36,water_gsolv_eV,1,1.0000001192092896,0.0,0.6220290820586707,0.6220290820586707,,,,1.0
36,water_hl_gap_eV,0,0.9999999403953552,0.0,0.5991908217540354,0.5991908217540354,,,,1.0
36,water_hl_gap_eV,1,0.9999999403953552,0.0,0.5991908217540354,0.5991908217540354,,,,1.0
36,water_dipole,0,1.0,0.0,0.4919245602811173,0.4919245602811173,,,,1.0
36,water_dipole,1,1.0,0.0,0.4919245602811173,0.4919245602811173,,,,1.0
36,acetone_gsolv_eV,0,1.0,0.0,0.6264129193636176,0.6264129193636176,,,,1.0
36,acetone_gsolv_eV,1,1.0,0.0,0.6264129193636176,0.6264129193636176,,,,1.0
36,acetone_hl_gap_eV,0,0.9999999403953552,0.0,0.6039363780800593,0.6039363780800593,,,,1.0
36,acetone_hl_gap_eV,1,0.9999999403953552,0.0,0.6039363780800593,0.6039363780800593,,,,1.0
36,acetone_dipole,0,0.9999999403953552,0.0,0.4944416691130593,0.4944416691130593,,,,1.0
36,acetone_dipole,1,0.9999999403953552,0.0,0.4944416691130593,0.4944416691130593,,,,1.0
36,octanol_gsolv_eV,0,0.12341427803039551,1.2640491724014282,0.6188895185868231,0.8062179519304866,55.908538818359375,2.6794722080230713,0.04792599242717429,0.34
36,octanol_gsolv_eV,1,0.09096406400203705,1.303890347480774,0.6188870867835052,0.8169375061274531,56.56081771850586,1.5237994194030762,0.02694090150865184,0.26
36,octanol_hl_gap_eV,0,0.008998558856546879,0.0746430978178978,0.6365737608305835,0.9590208406972975,3.286564588546753,0.001053933403454721,0.0003206793522718345,0.32
36,octanol_hl_gap_eV,1,0.15372006595134735,0.033836204558610916,0.5517351140070741,0.8075958932507379,0.9035251140594482,0.09130119532346725,0.10104998068427792,0.2
36,octanol_dipole,0,0.13913248479366302,0.46128302812576294,0.5455552557875509,0.8370710607669565,12.70113468170166,0.23452337086200714,0.018464757420443824,0.24
36,octanol_dipole,1,0.3685680627822876,0.1893468052148819,0.5051148360252833,0.8039360130166093,4.321845531463623,0.534451961517334,0.12366290225470833,0.36
36,hexane_gsolv_eV,0,1.0,0.0,0.6354141202336445,0.6354141202336445,,,,1.0
36,hexane_gsolv_eV,1,1.0,0.0,0.6354141202336445,0.6354141202336445,,,,1.0
36,hexane_hl_gap_eV,0,1.0,0.0,0.603719532164888,0.603719532164888,,,,1.0
36,hexane_hl_gap_eV,1,1.0,0.0,0.603719532164888,0.603719532164888,,,,1.0
36,hexane_dipole,0,1.0,0.0,0.4947990970795044,0.4947990970795044,,,,1.0
36,hexane_dipole,1,1.0,0.0,0.4947990970795044,0.4947990970795044,,,,1.0
37,sco_kcal,0,0.014729494228959084,0.6089901924133301,0.5784985907080917,0.9335084096940902,23.86624526977539,0.08658172935247421,0.0036277901435179984,0.32
37,sco_kcal,1,0.08268657326698303,0.993584394454956,0.5919516240931508,0.7980830071147089,43.17349624633789,2.85227370262146,0.06606538618848593,0.26
37,water_gsolv_eV,0,1.0,0.0,0.6247584362532363,0.6247584362532363,,,,1.0
37,water_gsolv_eV,1,1.0,0.0,0.6247584362532363,0.6247584362532363,,,,1.0
37,water_hl_gap_eV,0,1.0,0.0,0.6010447284969482,0.6010447284969482,,,,1.0
37,water_hl_gap_eV,1,1.0,0.0,0.6010447284969482,0.6010447284969482,,,,1.0
37,water_dipole,0,1.0,0.0,0.5072864127857597,0.5072864127857597,,,,1.0
37,water_dipole,1,1.0,0.0,0.5072864127857597,0.5072864127857597,,,,1.0
37,acetone_gsolv_eV,0,1.0000001192092896,0.0,0.6255489416699,0.6255489416699,,,,1.0
37,acetone_gsolv_eV,1,1.0000001192092896,0.0,0.6255489416699,0.6255489416699,,,,1.0
37,acetone_hl_gap_eV,0,0.9999998807907104,0.0,0.6116506821246752,0.6116506821246752,,,,1.0
37,acetone_hl_gap_eV,1,0.9999998807907104,0.0,0.6116506821246752,0.6116506821246752,,,,1.0
37,acetone_dipole,0,1.0000001192092896,0.0,0.5078766018549887,0.5078766018549887,,,,1.0
37,acetone_dipole,1,1.0000001192092896,0.0,0.5078766018549887,0.5078766018549887,,,,1.0
37,octanol_gsolv_eV,0,0.014767901040613651,1.357460856437683,0.6250398571929479,0.9447509840944996,60.192230224609375,0.007455441635102034,0.00012386053162147004,0.28
37,octanol_gsolv_eV,1,0.055597227066755295,1.146644115447998,0.6254510231788719,0.8510460371006687,50.914188385009766,0.4926270842552185,0.009675634629192253,0.28
37,octanol_hl_gap_eV,0,0.03284822031855583,0.029558716341853142,0.5501689147046336,0.9594176627416533,0.6923954486846924,0.0008110093767754734,0.0011713095144055405,0.4
37,octanol_hl_gap_eV,1,0.07307294756174088,0.035203587263822556,0.5137438284543758,0.8957395239748602,0.8027223348617554,0.002064670203253627,0.002572085157701765,0.32
37,octanol_dipole,0,0.27949273586273193,0.21442896127700806,0.5153032697356579,0.8349447739006812,4.556556701660156,0.2753935754299164,0.06043896596953973,0.32
37,octanol_dipole,1,0.08325191587209702,0.25595200061798096,0.4825505786384019,0.9236723493666954,5.369027137756348,0.02694634348154068,0.005018850303818959,0.26
37,hexane_gsolv_eV,0,0.9999998807907104,0.0,0.6360745497040676,0.6360745497040676,,,,1.0
37,hexane_gsolv_eV,1,0.9999998807907104,0.0,0.6360745497040676,0.6360745497040676,,,,1.0
37,hexane_hl_gap_eV,0,0.9999999403953552,0.0,0.6108384407015128,0.6108384407015128,,,,1.0
37,hexane_hl_gap_eV,1,0.9999999403953552,0.0,0.6108384407015128,0.6108384407015128,,,,1.0
37,hexane_dipole,0,1.0,0.0,0.5320684478112621,0.5320684478112621,,,,1.0
37,hexane_dipole,1,1.0,0.0,0.5320684478112621,0.5320684478112621,,,,1.0
38,sco_kcal,0,0.01664353348314762,0.5215855240821838,0.6160024709131953,0.9149172556417673,22.54415512084961,0.19238851964473724,0.008533853613649497,0.3
38,sco_kcal,1,0.014061282388865948,0.8636685609817505,0.6248701681284099,0.9341162285447944,38.27909469604492,0.16141438484191895,0.004216776444783492,0.3
38,water_gsolv_eV,0,1.0,0.0,0.6245536639990985,0.6245536639990985,,,,1.0
38,water_gsolv_eV,1,1.0,0.0,0.6245536639990985,0.6245536639990985,,,,1.0
38,water_hl_gap_eV,0,1.0,0.0,0.6022543676664314,0.6022543676664314,,,,1.0
38,water_hl_gap_eV,1,1.0,0.0,0.6022543676664314,0.6022543676664314,,,,1.0
38,water_dipole,0,1.0,0.0,0.5120861805499113,0.5120861805499113,,,,1.0
38,water_dipole,1,1.0,0.0,0.5120861805499113,0.5120861805499113,,,,1.0
38,acetone_gsolv_eV,0,1.0,0.0,0.6272027804337843,0.6272027804337843,,,,1.0
38,acetone_gsolv_eV,1,1.0,0.0,0.6272027804337843,0.6272027804337843,,,,1.0
38,acetone_hl_gap_eV,0,1.0000001192092896,0.0,0.6102536189249819,0.6102536189249819,,,,1.0
38,acetone_hl_gap_eV,1,1.0000001192092896,0.0,0.6102536189249819,0.6102536189249819,,,,1.0
38,acetone_dipole,0,0.9999999403953552,0.0,0.5065720094582526,0.5065720094582526,,,,1.0
38,acetone_dipole,1,0.9999999403953552,0.0,0.5065720094582526,0.5065720094582526,,,,1.0
38,octanol_gsolv_eV,0,0.09096880257129669,1.7664754390716553,0.6291457703751104,0.8160670706761424,81.27408599853516,2.120678186416626,0.026092919537167702,0.28
38,octanol_gsolv_eV,1,0.09930940717458725,1.0310888290405273,0.6126014609708761,0.8338135410596343,46.250553131103516,1.1185942888259888,0.024185533212006793,0.24
38,octanol_hl_gap_eV,0,0.01896406151354313,0.10048221796751022,0.5671415382230611,0.9644545560937896,3.0610878467559814,0.004052380565553904,0.0013238367431527502,0.26
38,octanol_hl_gap_eV,1,0.027709539979696274,0.042436666786670685,0.5815017360429664,0.9530033297934024,1.3056060075759888,0.0034981882199645042,0.0026793597759704724,0.36
38,octanol_dipole,0,0.21359729766845703,0.5067044496536255,0.554114644359313,0.7711310726830618,15.034998893737793,1.7186026573181152,0.114306803044324,0.32
38,octanol_dipole,1,0.4287766218185425,0.25102946162223816,0.5302772603595591,0.7768377775175423,7.030371189117432,1.845192551612854,0.2624601890820637,0.48
38,hexane_gsolv_eV,0,1.0000001192092896,0.0,0.6409880156178562,0.6409880156178562,,,,1.0
38,hexane_gsolv_eV,1,1.0000001192092896,0.0,0.6409880156178562,0.6409880156178562,,,,1.0
38,hexane_hl_gap_eV,0,0.9999999403953552,0.0,0.6546741956252973,0.6546741956252973,,,,1.0
38,hexane_hl_gap_eV,1,0.9999999403953552,0.0,0.6546741956252973,0.6546741956252973,,,,1.0
38,hexane_dipole,0,1.0,0.0,0.5326884477914742,0.5326884477914742,,,,1.0
38,hexane_dipole,1,1.0,0.0,0.5326884477914742,0.5326884477914742,,,,1.0
39,sco_kcal,0,0.046214792877435684,3.444460391998291,0.6267568155136551,0.9334285797729127,151.0414276123047,0.19406142830848694,0.0012848225243646835,0.36
39,sco_kcal,1,0.014192548580467701,0.7633784413337708,0.6168094677780076,0.9305170244246939,33.343109130859375,0.21368159353733063,0.0064085683401241735,0.28
39,water_gsolv_eV,0,1.0,0.0,0.6295102637903924,0.6295102637903924,,,,1.0
39,water_gsolv_eV,1,1.0,0.0,0.6295102637903924,0.6295102637903924,,,,1.0
39,water_hl_gap_eV,0,1.0,0.0,0.5981023778707995,0.5981023778707995,,,,1.0
39,water_hl_gap_eV,1,1.0,0.0,0.5981023778707995,0.5981023778707995,,,,1.0
39,water_dipole,0,1.0,0.0,0.5091448589246728,0.5091448589246728,,,,1.0
39,water_dipole,1,1.0,0.0,0.5091448589246728,0.5091448589246728,,,,1.0
39,acetone_gsolv_eV,0,1.0,0.0,0.6285014410881886,0.6285014410881886,,,,1.0
39,acetone_gsolv_eV,1,1.0,0.0,0.6285014410881886,0.6285014410881886,,,,1.0
39,acetone_hl_gap_eV,0,1.0,0.0,0.6056573998821007,0.6056573998821007,,,,1.0
39,acetone_hl_gap_eV,1,1.0,0.0,0.6056573998821007,0.6056573998821007,,,,1.0
39,acetone_dipole,0,1.0000001192092896,0.0,0.5469767797969876,0.5469767797969876,,,,1.0
39,acetone_dipole,1,1.0000001192092896,0.0,0.5469767797969876,0.5469767797969876,,,,1.0
39,octanol_gsolv_eV,0,0.16090770065784454,1.372371792793274,0.6341722827869671,0.843660878238603,62.1104621887207,5.10717248916626,0.08222724979325183,0.4
39,octanol_gsolv_eV,1,0.12113731354475021,1.0652321577072144,0.6208318061176139,0.7967839913317145,48.667598724365234,2.054995059967041,0.04222511719975648,0.4
39,octanol_hl_gap_eV,0,0.021073967218399048,0.05683014169335365,0.49593851039645753,0.9604042084729743,1.4587327241897583,0.0006717388168908656,0.00046049478821692824,0.2
39,octanol_hl_gap_eV,1,0.04880885034799576,0.02623791992664337,0.559494858436679,0.9387609646683699,0.641064465045929,0.005321885459125042,0.008301638523582424,0.28
39,octanol_dipole,0,0.5566346049308777,0.14677223563194275,0.5157746601873605,0.8258530669642921,3.5942485332489014,1.3977545499801636,0.38888644929534405,0.48
39,octanol_dipole,1,0.1420673131942749,0.14369100332260132,0.5186332267289364,0.8880349950774271,3.0921390056610107,0.05719134211540222,0.018495721573544316,0.3
39,hexane_gsolv_eV,0,1.0000001192092896,0.0,0.641961943478804,0.641961943478804,,,,1.0
39,hexane_gsolv_eV,1,1.0000001192092896,0.0,0.641961943478804,0.641961943478804,,,,1.0
39,hexane_hl_gap_eV,0,1.0,0.0,0.6045432338047017,0.6045432338047017,,,,1.0
39,hexane_hl_gap_eV,1,1.0,0.0,0.6045432338047017,0.6045432338047017,,,,1.0
39,hexane_dipole,0,1.0,0.0,0.5287670216516611,0.5287670216516611,,,,1.0
39,hexane_dipole,1,1.0,0.0,0.5287670216516611,0.5287670216516611,,,,1.0
40,sco_kcal,0,0.03463338688015938,3.710240125656128,0.6294081077384497,0.9325429748756793,164.7045135498047,0.1889028251171112,0.0011469195412182147,0.38
40,sco_kcal,1,0.5681242346763611,0.49302634596824646,0.5253739375209836,0.7859368115019014,11.881990432739258,5.146010398864746,0.4330932959418645,0.4
40,water_gsolv_eV,0,0.9999998807907104,0.0,0.632196375078192,0.632196375078192,,,,1.0
40,water_gsolv_eV,1,0.9999998807907104,0.0,0.632196375078192,0.632196375078192,,,,1.0
40,water_hl_gap_eV,0,1.0,0.0,0.543888533624215,0.543888533624215,,,,1.0
40,water_hl_gap_eV,1,1.0,0.0,0.543888533624215,0.543888533624215,,,,1.0
40,water_dipole,0,0.9999998807907104,0.0,0.5073650073196809,0.5073650073196809,,,,1.0
40,water_dipole,1,0.9999998807907104,0.0,0.5073650073196809,0.5073650073196809,,,,1.0
40,acetone_gsolv_eV,0,0.9999999403953552,0.0,0.6315231713435296,0.6315231713435296,,,,1.0
40,acetone_gsolv_eV,1,0.9999999403953552,0.0,0.6315231713435296,0.6315231713435296,,,,1.0
40,acetone_hl_gap_eV,0,0.9999999403953552,0.0,0.5537214980746445,0.5537214980746445,,,,1.0
40,acetone_hl_gap_eV,1,0.9999999403953552,0.0,0.5537214980746445,0.5537214980746445,,,,1.0
40,acetone_dipole,0,1.0000001192092896,0.0,0.5075792009210074,0.5075792009210074,,,,1.0
40,acetone_dipole,1,1.0000001192092896,0.0,0.5075792009210074,0.5075792009210074,,,,1.0
40,octanol_gsolv_eV,0,0.12559542059898376,1.3449702262878418,0.6314971030912835,0.8398000540951704,60.42698287963867,2.5462746620178223,0.042138040667852185,0.32
40,octanol_gsolv_eV,1,0.6148087382316589,1.9402446746826172,0.6260216895817097,0.9486758443504606,87.19251251220703,0.00649515725672245,7.449214467599063e-05,0.38
40,octanol_hl_gap_eV,0,0.026021352037787437,0.05036744475364685,0.5473564004118132,0.9597933199629654,1.1952612400054932,0.0008062171400524676,0.0006745112391068269,0.3
40,octanol_hl_gap_eV,1,0.21378161013126373,0.040428128093481064,0.4695925319786267,0.8615709742001021,0.7379792332649231,0.03152487426996231,0.042717833848104195,0.32
40,octanol_dipole,0,0.1654428243637085,0.5332805514335632,0.5527019098913852,0.8100940775919092,15.150070190429688,0.5324531197547913,0.03514525761676948,0.34
40,octanol_dipole,1,0.38302120566368103,0.013966266997158527,0.5183101941845472,0.8772582721938154,0.11747943609952927,0.1054542064666748,0.8976397058744254,0.34
40,hexane_gsolv_eV,0,0.9999998807907104,0.0,0.6426225220232302,0.6426225220232302,,,,1.0
40,hexane_gsolv_eV,1,0.9999998807907104,0.0,0.6426225220232302,0.6426225220232302,,,,1.0
40,hexane_hl_gap_eV,0,1.0,0.0,0.5571334894864264,0.5571334894864264,,,,1.0
40,hexane_hl_gap_eV,1,1.0,0.0,0.5571334894864264,0.5571334894864264,,,,1.0
40,hexane_dipole,0,1.0,0.0,0.4973244105801029,0.4973244105801029,,,,1.0
40,hexane_dipole,1,1.0,0.0,0.4973244105801029,0.4973244105801029,,,,1.0
41,sco_kcal,0,0.028490321710705757,4.275146007537842,0.633930138200056,0.9325050340482679,190.8095245361328,0.3267405927181244,0.0017123914202524563,0.38
41,sco_kcal,1,0.07410096377134323,1.6642624139785767,0.6476401002914591,0.8775438503596826,72.10049438476562,0.20715802907943726,0.002873184585585982,0.3
41,water_gsolv_eV,0,1.0,0.0,0.6342577362349437,0.6342577362349437,,,,1.0
41,water_gsolv_eV,1,1.0,0.0,0.6342577362349437,0.6342577362349437,,,,1.0
41,water_hl_gap_eV,0,1.0,0.0,0.5457788530281067,0.5457788530281067,,,,1.0
41,water_hl_gap_eV,1,1.0,0.0,0.5457788530281067,0.5457788530281067,,,,1.0
41,water_dipole,0,1.0,0.0,0.5133289224903963,0.5133289224903963,,,,1.0
41,water_dipole,1,1.0,0.0,0.5133289224903963,0.5133289224903963,,,,1.0
41,acetone_gsolv_eV,0,1.0,0.0,0.6357083512238801,0.6357083512238801,,,,1.0
41,acetone_gsolv_eV,1,1.0,0.0,0.6357083512238801,0.6357083512238801,,,,1.0
41,acetone_hl_gap_eV,0,0.9999999403953552,0.0,0.5545274696301818,0.5545274696301818,,,,1.0
41,acetone_hl_gap_eV,1,0.9999999403953552,0.0,0.5545274696301818,0.5545274696301818,,,,1.0
41,acetone_dipole,0,0.9999999403953552,0.0,0.5020139878737684,0.5020139878737684,,,,1.0
41,acetone_dipole,1,0.9999999403953552,0.0,0.5020139878737684,0.5020139878737684,,,,1.0
41,octanol_gsolv_eV,0,0.01827860251069069,1.3298540115356445,0.6348051933536427,0.9318574973492224,59.45196533203125,0.023966433480381966,0.000403122644416087,0.26
41,octanol_gsolv_eV,1,0.10662392526865005,1.12557852268219,0.6239793947391961,0.7977053653547665,52.12260818481445,2.9326179027557373,0.05626383645955258,0.34
41,octanol_hl_gap_eV,0,0.03424045816063881,0.03925590589642525,0.5155872485563266,0.957871940403052,0.8160961866378784,0.000470533937914297,0.0005765667645780634,0.28
41,octanol_hl_gap_eV,1,0.019264277070760727,0.051241226494312286,0.563519946723966,0.9599001216817389,1.6468026638031006,0.003244894789531827,0.00197042114447284,0.3
41,octanol_dipole,0,0.06273376196622849,0.30310696363449097,0.5119181691923542,0.9149903972133189,7.4368896484375,0.018921049311757088,0.0025442154188387647,0.28
41,octanol_dipole,1,0.4132845997810364,0.15017040073871613,0.4982899254003066,0.815003015734272,3.26995587348938,0.4839244484901428,0.14799112502204673,0.32
41,hexane_gsolv_eV,0,1.0000001192092896,0.0,0.6474142394353273,0.6474142394353273,,,,1.0
41,hexane_gsolv_eV,1,1.0000001192092896,0.0,0.6474142394353273,0.6474142394353273,,,,1.0
41,hexane_hl_gap_eV,0,1.0,0.0,0.5591802092015168,0.5591802092015168,,,,1.0
41,hexane_hl_gap_eV,1,1.0,0.0,0.5591802092015168,0.5591802092015168,,,,1.0
41,hexane_dipole,0,1.0,0.0,0.5268670356248097,0.5268670356248097,,,,1.0
41,hexane_dipole,1,1.0,0.0,0.5268670356248097,0.5268670356248097,,,,1.0
