generation,section,smiles,coordList,functionalization,success_prob
0,bottom,O=C1N2CN3C(=O)N4CN5C(=O)N6CN7C(=O)N8CN9C(=O)N%10CN%11C(=O)N%12CN1C1%13CCCCC21N1CN2C(=O)N(CN%14C(=O)N(CN%15C(=O)N(CN%16C(=O)N(CN%17C(=O)N(CN%13C1=O)C1%12CCCCC%11%171)C1%10CCCCC9%161)C18CCCCC7%151)C16CCCCC5%141)C14CCCCC321,"[26, 0, 6]","[{'functional_group': 'ketone', 'smiles_inds': [23]}]",6.758556529817415e-36
0,bottom,O=C1N2CN3C(=O)N4CN5C(=O)N6CN7C(=O)N8CN9C(=O)N%10CN%11C(=O)N%12CN1C1%13CCCCC21N1CN2C(=O)N(CN%14C(=O)N(CN%15C(=O)N(CN%16C(=O)N(CN%17C(=O)N(CN%13C1=O)C1%12CCCCC%11%171)C1%10CCCCC9%161)C18CCCCC7%151)C16CCCCC5%141)C14CCCCC321,"[26, 0, 6]",[],7.720364199934598e-35
0,bottom,O=C1N2CN3C(=O)N4CN5C(=O)N6CN7C(=O)N8CN9C(=O)N%10CN%11C(=O)N%12CN1C1%13CCCCC21N1CN2C(=O)N(CN%14C(=O)N(CN%15C(=O)N(CN%16C(=O)N(CN%17C(=O)N(CN%13C1=O)C1%12CCCCC%11%171)C1%10CCCCC9%161)C18CCCCC7%151)C16CCCCC5%141)C14CCCCC321,"[26, 0, 6]","[{'functional_group': 'cyano', 'smiles_inds': [81]}]",2.900701860200706e-34
0,bottom,C[Si](C)(C)c1cc(cc(c1)[Si](C#CP(C#C[Si](c1cc(cc(c1)[Si](C)(C)C)[Si](C)(C)C)(c1cc(cc(c1)[Si](C)(C)C)[Si](C)(C)C)c1cc(cc(c1)[Si](C)(C)C)[Si](C)(C)C)C#C[Si](c1cc(cc(c1)[Si](C)(C)C)[Si](C)(C)C)(c1cc(cc(c1)[Si](C)(C)C)[Si](C)(C)C)c1cc(cc(c1)[Si](C)(C)C)[Si](C)(C)C)(c1cc(cc(c1)[Si](C)(C)C)[Si](C)(C)C)c1cc(cc(c1)[Si](C)(C)C)[Si](C)(C)C)[Si](C)(C)C,[13],"[{'functional_group': 'chloro', 'smiles_inds': [127]}]",6.630314855136178e-34
0,bottom,O=C1N2CN3C(=O)N4CN5C(=O)N6CN7C(=O)N8CN9C(=O)N%10CN1C1%11CCCC21N1CN2C(=O)N(CN%12C(=O)N(CN%13C(=O)N(CN%14C(=O)N(CN%11C1=O)C1%10CCCC9%141)C18CCCC7%131)C16CCCC5%121)C14CCCC321,"[0, 6]","[{'functional_group': 'methyl_ester', 'smiles_inds': [57]}]",1.4596588739645866e-28
0,bottom,O=C1N2CN3C(=O)N4CN5C(=O)N6CN7C(=O)N8CN9C(=O)N%10CN1C1%11CCC21N1CN2C(=O)N(CN%12C(=O)N(CN%13C(=O)N(CN%14C(=O)N(CN%11C1=O)C1%10CCC9%141)C18CCC7%131)C16CCC5%121)C14CCC321,"[43, 38]",[],1.6411050522229068e-27
0,bottom,C[Si](C)(C)C(c1cc(C([Si](C)(C)C)[Si](C)(C)C)c(Sc2ccccc2Sc2ccccc2Sc2ccccc2Sc2c(cc(cc2C([Si](C)(C)C)[Si](C)(C)C)C([Si](C)(C)C)[Si](C)(C)C)C([Si](C)(C)C)[Si](C)(C)C)c(c1)C([Si](C)(C)C)[Si](C)(C)C)[Si](C)(C)C,"[25, 32]","[{'functional_group': 'carboxyllic_acid', 'smiles_inds': [75]}, {'functional_group': 'phosphonate', 'smiles_inds': [49]}]",3.5779500821299e-26
0,bottom,C[Si](C)(C)C(c1cc(C([Si](C)(C)C)[Si](C)(C)C)c([Se]c2ccccc2[Se]c2ccccc2[Se]c2ccccc2[Se]c2c(cc(cc2C([Si](C)(C)C)[Si](C)(C)C)C([Si](C)(C)C)[Si](C)(C)C)C([Si](C)(C)C)[Si](C)(C)C)c(c1)C([Si](C)(C)C)[Si](C)(C)C)[Si](C)(C)C,"[25, 32]","[{'functional_group': 'methyl', 'smiles_inds': [86]}]",6.821571852051272e-25
0,bottom,O=C1N2CN3C(=O)N4CN5C6C7N(CN8C(=O)N9CN%10C%11C%12N(CN%13C(=O)N%14CN1C1C2N2CN%15C(=O)N(CN6C(=O)N7CN6C(=O)N(CN%11C(=O)N%12CN7C(=O)N(CN1C2=O)C1%14CCCCC%1371)C19CCCCC861)C14CCCCC3%151)C%10=O)C5=O,"[36, 61]",[],5.254238270402302e-23
0,bottom,C[Si](C)(CCC(F)(F)C(F)(F)C(F)(F)C(F)(F)C(F)(F)C(F)(F)F)c1ccc(cc1)P(CCP(c1ccc(cc1)[Si](C)(C)CCC(F)(F)C(F)(F)C(F)(F)C(F)(F)C(F)(F)C(F)(F)F)c1ccc(cc1)[Si](C)(C)CCC(F)(F)C(F)(F)C(F)(F)C(F)(F)C(F)(F)C(F)(F)F)c1ccc(cc1)[Si](C)(C)CCC(F)(F)C(F)(F)C(F)(F)C(F)(F)C(F)(F)C(F)(F)F,"[30, 33]","[{'functional_group': 'thiol', 'smiles_inds': [104]}, {'functional_group': 'carbonyl', 'smiles_inds': [2]}]",8.197003380016363e-23
0,bottom,CCC(C)(C)c1cc(C(c2cc(cc(c2OCCCNC(=O)CP(=S)(c2ccccc2)c2ccccc2)C(C)(C)CC)C(C)(C)CC)c2cc(cc(c2OCCCNC(=O)CP(=S)(c2ccccc2)c2ccccc2)C(C)(C)CC)C(C)(C)CC)c(OCCCNC(=O)CP(=S)(c2ccccc2)c2ccccc2)c(c1)C(C)(C)CC,"[21, 59, 92]",[],1.7839196682456146e-22
0,bottom,CC(C)c1cccc(C(C)C)c1c1cc(NCCN(CCNc2cc(cc(c2)c2c(cccc2C(C)C)C(C)C)c2c(cccc2C(C)C)C(C)C)CCNc2cc(cc(c2)c2c(cccc2C(C)C)C(C)C)c2c(cccc2C(C)C)C(C)C)cc(c1)c1c(cccc1C(C)C)C(C)C,"[18, 15, 21]",[],3.7338074569349507e-22
0,bottom,CCC1(CC)CC(CC)(CC)c2c(PCc3cccc(C=Pc4c5c(cc6c4C(CC)(CC)CC6(CC)CC)C(CC)(CC)CC5(CC)CC)n3)c3c(cc12)C(CC)(CC)CC3(CC)CC,"[13, 21, 50]",[],5.561988267843813e-22
0,bottom,CC(C)c1cccc(C(C)C)c1c1cc(NCCN(CCNc2cc(cc(c2)c2c(cccc2C(C)C)C(C)C)c2c(cccc2C(C)C)C(C)C)CCNc2cc(cc(c2)c2c(cccc2C(C)C)C(C)C)c2c(cccc2C(C)C)C(C)C)cc(c1)c1c(cccc1C(C)C)C(C)C,"[18, 15, 21]","[{'functional_group': 'hydroxyl', 'smiles_inds': [76]}, {'functional_group': 'bromo', 'smiles_inds': [53]}]",5.704044368804148e-22
0,bottom,CCCOc1c2Cc3cc(cc(Cc4cccc(Cc5cc(cc(Cc1ccc2)c5OCCC)c1cccc(c1)c1cc2Cc5cccc(Cc6cc(cc(Cc7cccc(Cc(c1)c2OCCC)c7OCCC)c6OCCC)P(c1ccccc1)c1ccccc1)c5OCCC)c4OCCC)c3OCCC)P(c1ccccc1)c1ccccc1,"[107, 79]",[],1.4150572325989475e-21
0,bottom,CCC1(CC)CC(CC)(CC)c2c(PCc3cccc(C=Pc4c5c(cc6c4C(CC)(CC)CC6(CC)CC)C(CC)(CC)CC5(CC)CC)n3)c3c(cc12)C(CC)(CC)CC3(CC)CC,"[13, 21, 50]","[{'functional_group': 'chloro', 'smiles_inds': [60]}, {'functional_group': 'bromo', 'smiles_inds': [56]}]",1.7341844421321683e-21
0,bottom,COC(=O)C(C)(C)NC(=O)C(NC(=O)C1(CCCCC1)NC(=O)C(C)(C)NC(=O)C1(CCCCC1)NC(=O)C(C)(C)NC(=O)c1ccc(nc1)c1ccc(cn1)C(=O)NC(C)(C)C(=O)NC1(CCCCC1)C(=O)NC(C)(C)C(=O)NC1(CCCCC1)C(=O)NC(C(C)C)C(=O)NC(C)(C)C(=O)OC)C(C)C,"[55, 48]",[],4.8065561810816125e-21
0,bottom,CC(C)c1cc(C(C)C)c(c(c1)C(C)C)[Si]1(N(C)C)P2[Si](c3c(cc(cc3C(C)C)C(C)C)C(C)C)(c3c(cc(cc3C(C)C)C(C)C)C(C)C)[Si]12c1c(cc(cc1C(C)C)C(C)C)C(C)C,[19],[],1.9608444332550706e-20
0,bottom,CCC1(CC)CC(CC)(CC)c2c1cc1c(c2P=Cc2cccc(C=Pc3c4c(cc5c3C(CC)(CC)CC5(CC)CC)C(CC)(CC)CC4(CC)CC)n2)C(CC)(CC)CC1(CC)CC,"[17, 25, 54]","[{'functional_group': 'bromo', 'smiles_inds': [53]}, {'functional_group': 'ether', 'smiles_inds': [63]}]",2.1751136971866882e-20
0,bottom,CC(C)c1cc(C(C)C)c(c(c1)C(C)C)[Si](F)(P1P[Si]1(c1c(cc(cc1C(C)C)C(C)C)C(C)C)c1c(cc(cc1C(C)C)C(C)C)C(C)C)c1c(cc(cc1C(C)C)C(C)C)C(C)C,[18],"[{'functional_group': 'phosphonate', 'smiles_inds': [42]}]",3.0867579888117233e-20
0,median,CC1=CC(=NN1)CC(=O)Nc1ccccc1NC(=O)c1ccccc1,"[8, 4]","[{'functional_group': '2-methylbenzoic_acid', 'smiles_inds': [6]}, {'functional_group': 'carboxyl', 'smiles_inds': [13]}]",0.19629021658721138
0,median,CC1(C)C2CC=C(C=Nc3ccccc3[S-])C1C2,"[15, 8]",[],0.19630070512976672
0,median,FC(F)(F)c1cc(cc(c1)C(F)(F)F)[N-]C(=O)c1cccc(n1)C(=O)[N-]c1cc(cc(c1)C(F)(F)F)C(F)(F)F,"[14, 25, 22]","[{'functional_group': 'carboxyllic_acid', 'smiles_inds': [27]}]",0.19637192434437917
0,median,[O-]C(=NP(c1ccccc1)c1ccccc1)c1ccccn1,"[3, 0]",[],0.196426676911728
0,median,CCOC(=O)CN(C)CCN(C)Cc1ccccn1,"[18, 10, 6]",[],0.19643985285375
0,median,Brc1c(Br)c2cccnc2c2ncccc12,"[8, 11]","[{'functional_group': 'ethyl', 'smiles_inds': [7]}]",0.19651021380282863
0,median,CN(Cc1ccccc1[CH-]CC[Si](C)(C)C)Cc1cc(C)cc(c1[O-])C12CC3CC(CC(C3)C1)C2,"[24, 9, 1]",[],0.1965898877125988
0,median,O1C(=NN=C1c1ccc([c-]c1)c1ccccn1)c1ccc(cc1)N(c1ccccc1)c1ccccc1,"[9, 23]",[],0.19660687862407672
0,median,CC(=O)SCCCCCCOc1cc(nc(c1)c1ccccn1)c1ccccn1,"[28, 14, 22]","[{'functional_group': 'carbonyl', 'smiles_inds': [16]}]",0.19662085919930672
0,median,C(N1C=C(N=N1)c1ccccn1)C1=Nc2ccccc2N1,"[1, 4]","[{'functional_group': 'carboxylate', 'smiles_inds': [2]}, {'functional_group': 'amino', 'smiles_inds': [18]}, {'functional_group': '2-hydroxypyridine', 'smiles_inds': [20]}]",0.19666787193586682
0,median,Oc1ccccc1c1ccnc(c1)c1ccccn1,"[18, 10]","[{'functional_group': '2-methylbenzoic_acid', 'smiles_inds': [2]}, {'functional_group': 'ketone', 'smiles_inds': [5]}]",0.19672059160548613
0,median,COc1ccc(CCN=Cc2c([O-])ccc3ccccc23)cc1OC,"[12, 8]","[{'functional_group': 'ethyl_ester', 'smiles_inds': [24]}]",0.19675412328848965
0,median,CC1=NC(=S)NC=C1,[4],"[{'functional_group': 'ethyl_ester', 'smiles_inds': [0]}]",0.19679661208171667
0,median,Fc1c(F)c(F)c(c(F)c1F)C1=N[N-]C(=N1)c1ccccn1,"[21, 13]","[{'functional_group': 'methyl_ester', 'smiles_inds': [17]}, {'functional_group': 'carboxyllic_acid', 'smiles_inds': [20]}]",0.19680893328521717
0,median,C1CCC(OCc2cccc(n2)c2ccccn2)C(C1)OCc1cccc(n1)c1ccccn1,"[4, 20, 11, 17, 27, 33]","[{'functional_group': 'trifluro', 'smiles_inds': [0]}, {'functional_group': 'thiol', 'smiles_inds': [24]}]",0.1968191146878155
0,median,CC1=CC(=NN1)CC(=O)Nc1ccccc1NC(=O)c1ccccc1,"[8, 4]","[{'functional_group': 'ethyl', 'smiles_inds': [0]}]",0.19682046385997057
0,median,Nc1cc(cc(c1)C(F)(F)F)C(F)(F)F,[0],"[{'functional_group': 'fluoro', 'smiles_inds': [6]}]",0.1968588847597333
0,median,CN1C=CN=C1CN(CC1=NC=CN1C)S(C)(=O)=O,"[4, 10, 7]",[],0.19688317456355092
0,median,CC1=CC(=NN1)CC(=O)Nc1ccccc1NC(=O)c1ccccc1,"[8, 4]","[{'functional_group': 'fluoro', 'smiles_inds': [0]}, {'functional_group': 'methyl_ester', 'smiles_inds': [5]}]",0.19694154503606287
0,median,CC1=C(C(=NN1)C)N(=O)=O,[4],"[{'functional_group': 'phenyl', 'smiles_inds': [6]}, {'functional_group': 'methyl', 'smiles_inds': [5]}]",0.19695668120328724
0,top,CC(=NCC(C)(C)C)c1cccc(n1)C(C)=NCC(C)(C)C,"[13, 16]",[],0.9999672700867083
0,top,CC1=C(CNCCN(CCNCC2=C(C)NC=N2)CCNCC2=C(C)NC=N2)N=CN1,"[10, 17, 4, 28, 20, 27]",[],0.9999773561307511
0,top,CC(C)(C)OC(=O)[C-]=C(C(=O)OC(C)(C)C)C(C(=O)OC(C)(C)C)(C(=O)C(=O)OC(C)(C)C)c1cccc[c-]1,"[38, 7, 25]","[{'functional_group': 'iodo', 'smiles_inds': [14]}, {'functional_group': 'tribromo', 'smiles_inds': [3]}]",0.9999785673596215
0,top,C1CCC2=NN3CN4CN(C3)N=C3CCCCC3=NN3CN(CN(C3)N=C3CCCCC3=N4)N=C2C1,"[32, 33, 18, 25, 4, 11]","[{'functional_group': 'amino', 'smiles_inds': [20]}, {'functional_group': 'thiol', 'smiles_inds': [27]}]",0.9999909773209373
0,top,Oc1ccc(C=NCCNCCNCCN=Cc2ccc([O-])cc2[O-])c([O-])c1,"[6, 9, 12, 15, 26, 24]",[],0.9999915303383695
0,top,C1CCC2=NN3CN4CN(C3)N=C3CCCCC3=NN3CN(CN(C3)N=C3CCCCC3=N4)N=C2C1,"[32, 33, 18, 25, 4, 11]",[],0.9999936674496273
0,top,COC1C2OC(CO)C(OC3OC(CO)C(OC4OC(CO)C(OC5OC(CO)C(OC6OC(CO)C(OC7OC(CO)C(O2)C(OC)C7OC)C(OC)C6OC)C(OC)C5OC)C(OC)C4OC)C(OC)C3OC)C1OC,"[42, 7]",[],0.9999980625660527
0,top,C1CN2CCN=CC=NCCN(CCN=CC=N1)CCN=CC=NCC2,"[17, 23, 14, 20, 5, 8]",[],0.99999843204054
0,top,CC(C)(C)OP(OC(C)(C)C)OC(C)(C)C,[5],[],0.999998675294103
0,top,COCC1OC2OC3C(COC)OC(OC4C(COC)OC(OC5C6CP(c7ccccc7)c7ccccc7P(CC7OC(OC8C(COC)OC(OC9C(COC)OC(OC1C(OC)C2OC)C(OC)C9OC)C(OC)C8OC)C(OC)C(OC)C7OC(O6)C(OC)C5OC)c1ccccc1)C(OC)C4OC)C(OC)C3OC,"[39, 26]",[],0.9999992174381906
0,top,C1CN2CCN=Cc3ccc(nc3)c3ccc(C=NCCN(CCN=Cc4ccc(nc4)c4ccc(C=N1)cn4)CCN=Cc1ccc(nc1)c1ccc(C=NCC2)cn1)cn3,"[11, 59, 39, 61, 30, 48]",[],0.9999993168801701
0,top,CC(C)(C)O[Si](N[Si](OC(C)(C)C)(OC(C)(C)C)OC(C)(C)C)(OC(C)(C)C)OC(C)(C)C,"[6, 28, 13]","[{'functional_group': 'cyanimide', 'smiles_inds': [30]}]",0.9999996360541924
0,top,CC(C)(C)O[Si](N[Si](OC(C)(C)C)(OC(C)(C)C)OC(C)(C)C)(OC(C)(C)C)OC(C)(C)C,"[6, 28, 13]",[],0.9999998344721802
0,top,COCC1OC2OC3C(CN)OC(OC4C(COC)OC(OC5C(COC)OC(OC6C(CN)OC(OC7C(COC)OC(OC1C(OC)C2OC)C(OC)C7OC)C(OC)C6OC)C(OC)C5OC)C(OC)C4OC)C(OC)C3OC,"[33, 10]","[{'functional_group': 'tribromo', 'smiles_inds': [43]}, {'functional_group': 'phosphonate', 'smiles_inds': [9]}]",0.9999999766412443
0,top,COCC1OC2OC3C(COC)OC(OC4C5CP(CC6OC(OC7C(COC)OC(OC8C(COC)OC(OC1C(OC)C2OC)C(OC)C8OC)C(OC)C7OC)C(OC)C(OC)C6OC(O5)C(OC)C4OC)c1ccccc1N(C)C)C(OC)C3OC,"[81, 18]",[],0.9999999766873623
0,top,COCC1OC2OC3C(COC)OC(OC4C(COC)OC(OC5C6CP(CC7OC(OC8C(COC)OC(OC9C(COC)OC(OC1C(OC)C2OC)C(OC)C9OC)C(OC)C8OC)C(OC)C(OC)C7OC(O6)C(OC)C5OC)c1ccccc1)C(OC)C4OC)C(OC)C3OC,[26],[],0.9999999854204802
0,top,COCC1OC2OC3C(CN)OC(OC4C(COC)OC(OC5C(COC)OC(OC6C(CN)OC(OC7C(COC)OC(OC1C(OC)C2OC)C(OC)C7OC)C(OC)C6OC)C(OC)C5OC)C(OC)C4OC)C(OC)C3OC,"[33, 10]",[],0.9999999935046073
0,top,COCC1OC2OC3C(COC)OC(OC4C5CN(CC6OC(OC7C(COC)OC(OC8C(COC)OC(OC1C(OC)C2OC)C(OC)C8OC)C(OC)C7OC)C(OC)C(OC)C6OC(O5)C(OC)C4OC)Cc1ccccn1)C(OC)C3OC,"[81, 18]",[],0.9999999945741058
0,top,COCC1OC2OC3C(COC)OC(OC4C(COC)OC(OC5C6CN(CC7OC(OC8C(COC)OC(OC9C(COC)OC(OC1C(OC)C2OC)C(OC)C9OC)C(OC)C8OC)C(OC)C(OC)C7OC(O6)C(OC)C5OC)Cc1ccccn1)C(OC)C4OC)C(OC)C3OC,"[26, 89]",[],0.9999999997477507
0,top,CC(C)(C)O[Si](OP(O[Si](OC(C)(C)C)(OC(C)(C)C)OC(C)(C)C)O[Si](OC(C)(C)C)(OC(C)(C)C)OC(C)(C)C)(OC(C)(C)C)OC(C)(C)C,[7],[],0.9999999997654758
1,bottom,C[Si](C)(C)c1cc(cc(c1)[Si](C#CP(C#C[Si](c1cc(cc(c1)[Si](C)(C)C)[Si](C)(C)C)(c1cc(cc(c1)[Si](C)(C)C)[Si](C)(C)C)c1cc(cc(c1)[Si](C)(C)C)[Si](C)(C)C)C#C[Si](c1cc(cc(c1)[Si](C)(C)C)[Si](C)(C)C)(c1cc(cc(c1)[Si](C)(C)C)[Si](C)(C)C)c1cc(cc(c1)[Si](C)(C)C)[Si](C)(C)C)(c1cc(cc(c1)[Si](C)(C)C)[Si](C)(C)C)c1cc(cc(c1)[Si](C)(C)C)[Si](C)(C)C)[Si](C)(C)C,[13],"[{'functional_group': 'ethyl_ester', 'smiles_inds': [119]}]",4.894951103913006e-37
1,bottom,C[Si](C)(C)c1cc(cc(c1)[Si](C#CP(C#C[Si](c1cc(cc(c1)[Si](C)(C)C)[Si](C)(C)C)(c1cc(cc(c1)[Si](C)(C)C)[Si](C)(C)C)c1cc(cc(c1)[Si](C)(C)C)[Si](C)(C)C)C#C[Si](c1cc(cc(c1)[Si](C)(C)C)[Si](C)(C)C)(c1cc(cc(c1)[Si](C)(C)C)[Si](C)(C)C)c1cc(cc(c1)[Si](C)(C)C)[Si](C)(C)C)(c1cc(cc(c1)[Si](C)(C)C)[Si](C)(C)C)c1cc(cc(c1)[Si](C)(C)C)[Si](C)(C)C)[Si](C)(C)C,[13],[],9.021583341844338e-36
1,bottom,C[Si](C)(C)c1cc(cc(c1)[Si](C#CP(C#C[Si](c1cc(cc(c1)[Si](C)(C)C)[Si](C)(C)C)(c1cc(cc(c1)[Si](C)(C)C)[Si](C)(C)C)c1cc(cc(c1)[Si](C)(C)C)[Si](C)(C)C)C#C[Si](c1cc(cc(c1)[Si](C)(C)C)[Si](C)(C)C)(c1cc(cc(c1)[Si](C)(C)C)[Si](C)(C)C)c1cc(cc(c1)[Si](C)(C)C)[Si](C)(C)C)(c1cc(cc(c1)[Si](C)(C)C)[Si](C)(C)C)c1cc(cc(c1)[Si](C)(C)C)[Si](C)(C)C)[Si](C)(C)C,[13],"[{'functional_group': 'ether', 'smiles_inds': [79]}, {'functional_group': 'thiol', 'smiles_inds': [24]}, {'functional_group': 'cyanimide', 'smiles_inds': [85]}]",5.406595139626042e-35
1,bottom,O=C1N2CN3C(=O)N4CN5C(=O)N6CN7C(=O)N8CN9C(=O)N%10CN%11C(=O)N%12CN1C1%13CCCCC21N1CN2C(=O)N(CN%14C(=O)N(CN%15C(=O)N(CN%16C(=O)N(CN%17C(=O)N(CN%13C1=O)C1%12CCCCC%11%171)C1%10CCCCC9%161)C18CCCCC7%151)C16CCCCC5%141)C14CCCCC321,"[26, 0, 6]","[{'functional_group': 'carboxyllic_acid', 'smiles_inds': [88]}]",7.775639774619489e-35
1,bottom,O=C1N2CN3C(=O)N4CN5C(=O)N6CN7C(=O)N8CN9C(=O)N%10CN%11C(=O)N%12CN1C1%13CCCCC21N1CN2C(=O)N(CN%14C(=O)N(CN%15C(=O)N(CN%16C(=O)N(CN%17C(=O)N(CN%13C1=O)C1%12CCCCC%11%171)C1%10CCCCC9%161)C18CCCCC7%151)C16CCCCC5%141)C14CCCCC321,"[26, 0, 6]","[{'functional_group': 'phenyl', 'smiles_inds': [69]}]",2.644953026936431e-34
1,bottom,O=C1N2CN3C(=O)N4CN5C(=O)N6CN7C(=O)N8CN9C(=O)N%10CN%11C(=O)N%12CN1C1%13CCCCC21N1CN2C(=O)N(CN%14C(=O)N(CN%15C(=O)N(CN%16C(=O)N(CN%17C(=O)N(CN%13C1=O)C1%12CCCCC%11%171)C1%10CCCCC9%161)C18CCCCC7%151)C16CCCCC5%141)C14CCCCC321,"[26, 0, 6]","[{'functional_group': 'tribromo', 'smiles_inds': [62]}, {'functional_group': 'phenyl', 'smiles_inds': [47]}]",7.665603456053054e-34
1,bottom,O=C1N2CN3C(=O)N4CN5C(=O)N6CN7C(=O)N8CN9C(=O)N%10CN1C1%11CCC21N1CN2C(=O)N(CN%12C(=O)N(CN%13C(=O)N(CN%14C(=O)N(CN%11C1=O)C1%10CCC9%141)C18CCC7%131)C16CCC5%121)C14CCC321,"[43, 38]",[],2.565890321445551e-28
1,bottom,O=C1N2CN3C(=O)N4CN5C(=O)N6CN7C(=O)N8CN9C(=O)N%10CN1C1%11CCCC21N1CN2C(=O)N(CN%12C(=O)N(CN%13C(=O)N(CN%14C(=O)N(CN%11C1=O)C1%10CCCC9%141)C18CCCC7%131)C16CCCC5%121)C14CCCC321,"[0, 6]",[],2.1047333872285573e-27
1,bottom,C[Si](C)(C)C(c1cc(C([Si](C)(C)C)[Si](C)(C)C)c(Sc2ccccc2Sc2ccccc2Sc2ccccc2Sc2c(cc(cc2C([Si](C)(C)C)[Si](C)(C)C)C([Si](C)(C)C)[Si](C)(C)C)C([Si](C)(C)C)[Si](C)(C)C)c(c1)C([Si](C)(C)C)[Si](C)(C)C)[Si](C)(C)C,"[25, 32]","[{'functional_group': '2-hydroxypyridine', 'smiles_inds': [75]}]",4.0556949370689385e-27
1,bottom,CP(CCP(C)c1c(cc(cc1C([Si](C)(C)C)[Si](C)(C)C)C([Si](C)(C)C)([Si](C)(C)C)[Si](C)(C)C)C([Si](C)(C)C)[Si](C)(C)C)c1c(cc(cc1C([Si](C)(C)C)[Si](C)(C)C)C([Si](C)(C)C)([Si](C)(C)C)[Si](C)(C)C)C([Si-](C)C)[Si](C)(C)C,"[4, 72, 1]",[],4.873812306627452e-27
1,bottom,C[Si](C)(C)C(c1cc(C([Si](C)(C)C)[Si](C)(C)C)c(Sc2ccccc2Sc2ccccc2Sc2ccccc2Sc2c(cc(cc2C([Si](C)(C)C)[Si](C)(C)C)C([Si](C)(C)C)[Si](C)(C)C)C([Si](C)(C)C)[Si](C)(C)C)c(c1)C([Si](C)(C)C)[Si](C)(C)C)[Si](C)(C)C,"[25, 32]","[{'functional_group': 'methyl', 'smiles_inds': [8]}]",8.225318577619596e-27
1,bottom,C[Si](C)(C)C(c1cc(C([Si](C)(C)C)[Si](C)(C)C)c([Se]c2ccccc2[Se]c2ccccc2[Se]c2ccccc2[Se]c2c(cc(cc2C([Si](C)(C)C)[Si](C)(C)C)C([Si](C)(C)C)[Si](C)(C)C)C([Si](C)(C)C)[Si](C)(C)C)c(c1)C([Si](C)(C)C)[Si](C)(C)C)[Si](C)(C)C,"[25, 32]","[{'functional_group': 'phenyl', 'smiles_inds': [85]}]",1.0674349167138017e-25
1,bottom,O=C1N2CN3C(=O)N4CN5C6C7N(CN8C(=O)N9CN%10C%11C%12N(CN%13C(=O)N%14CN1C1C2N2CN%15C(=O)N(CN6C(=O)N7CN6C(=O)N(CN%11C(=O)N%12CN7C(=O)N(CN1C2=O)C1%14CCCCC%1371)C19CCCCC861)C14CCCCC3%151)C%10=O)C5=O,"[36, 61]","[{'functional_group': 'bromo', 'smiles_inds': [72]}, {'functional_group': 'methyl', 'smiles_inds': [10]}]",4.747885148381304e-25
1,bottom,C[Si](C)(CCC(F)(F)C(F)(F)C(F)(F)C(F)(F)C(F)(F)C(F)(F)F)c1ccc(cc1)P(CCP(c1ccc(cc1)[Si](C)(C)CCC(F)(F)C(F)(F)C(F)(F)C(F)(F)C(F)(F)C(F)(F)F)c1ccc(cc1)[Si](C)(C)CCC(F)(F)C(F)(F)C(F)(F)C(F)(F)C(F)(F)C(F)(F)F)c1ccc(cc1)[Si](C)(C)CCC(F)(F)C(F)(F)C(F)(F)C(F)(F)C(F)(F)C(F)(F)F,"[30, 33]",[],1.2635082937243646e-24
1,bottom,O=C1N2CN3C(=O)N4CN5C6C7N(CN8C(=O)N9CN%10C%11C%12N(CN%13C(=O)N%14CN1C1C2N2CN%15C(=O)N(CN6C(=O)N7CN6C(=O)N(CN%11C(=O)N%12CN7C(=O)N(CN1C2=O)C1%14CCCCC%1371)C19CCCCC861)C14CCCCC3%151)C%10=O)C5=O,"[36, 61]","[{'functional_group': 'cyanimide', 'smiles_inds': [43]}, {'functional_group': 'phosphonate', 'smiles_inds': [58]}]",4.42558563391147e-24
1,bottom,CC(C)C1NC(=O)C2CCCN2C(=O)C(NC(=O)C2CCCN2C(=O)C(NC(=O)C2CCCN2C(=O)C(NC(=O)C2CCCN2C(=O)C(NC(=O)C2CCCN2C(=O)C(NC(=O)C2CCCN2C1=O)C(C)C)C(C)C)C(C)C)C(C)C)C(C)C,"[13, 68, 35, 24, 46, 57]","[{'functional_group': 'carboxyl', 'smiles_inds': [2]}, {'functional_group': 'aldehyde', 'smiles_inds': [64]}, {'functional_group': 'cyano', 'smiles_inds': [4]}]",7.779524804681148e-24
1,bottom,CCC(C)(C)c1cc(C(c2cc(cc(c2OCCN(C)C(=O)CP(=O)(c2ccccc2)c2ccccc2)C(C)(C)CC)C(C)(C)CC)c2cc(cc(c2OCCN(C)C(=O)CP(=O)(c2ccccc2)c2ccccc2)C(C)(C)CC)C(C)(C)CC)c(OCCN(C)C(=O)CP(=O)(c2ccccc2)c2ccccc2)c(c1)C(C)(C)CC,"[21, 24, 59, 62, 92, 95]",[],6.464363506395282e-23
1,bottom,CCCC[P](CCCC)(CCCC)CCP(CCP(CCP(CC[P](CCCC)(CCCC)CCCC)CC[P](CCCC)(CCCC)CCCC)c1ccccc1)CC[P](CCCC)(CCCC)CCCC,"[15, 18, 21]","[{'functional_group': 'amide', 'smiles_inds': [8]}]",9.912454318116226e-23
1,bottom,FC(F)(F)C(F)(F)C(F)(F)C(F)(F)C(F)(F)C(F)(F)C(F)(F)C(F)(F)CCP(CCC(F)(F)C(F)(F)C(F)(F)C(F)(F)C(F)(F)C(F)(F)C(F)(F)C(F)(F)F)Cc1cccc(CP(CCC(F)(F)C(F)(F)C(F)(F)C(F)(F)C(F)(F)C(F)(F)C(F)(F)C(F)(F)F)CCC(F)(F)C(F)(F)C(F)(F)C(F)(F)C(F)(F)C(F)(F)C(F)(F)C(F)(F)F)[c-]1,"[27, 62, 117]","[{'functional_group': 'carboxyllic_acid', 'smiles_inds': [64]}]",1.6621732572053352e-22
1,bottom,CC(C)C1NC(=O)C2CCCN2C(=O)C(NC(=O)C2CCCN2C(=O)C(NC(=O)C2CCCN2C(=O)C(NC(=O)C2CCCN2C(=O)C(NC(=O)C2CCCN2C(=O)C(NC(=O)C2CCCN2C1=O)C(C)C)C(C)C)C(C)C)C(C)C)C(C)C,"[13, 68, 35, 24, 46, 57]",[],3.6367276030542087e-22
1,median,COc1ccccc1N1C=CN=C1,[11],[],0.21708358909018421
1,median,CC1=NC(=CN1)C=NC1CCCCC1N,"[2, 7, 14]","[{'functional_group': 'ether', 'smiles_inds': [6]}]",0.21710246615619896
1,median,COc1ccccc1NC(=S)NC(=O)c1ccccc1,[10],[],0.21716033786063393
1,median,Cc1cc(c([O-])c(c1)C(C)(C)C)N(=O)=O,"[13, 5]",[],0.2173496307488023
1,median,[O-]C(C1=Nc2ccccc2N1)c1ccccc1,"[0, 3]","[{'functional_group': 'carbonyl', 'smiles_inds': [15]}]",0.21739839256541588
1,median,CCCCCCC(=O)NC(=S)Nc1cccc2ccccc12,[10],"[{'functional_group': 'hydroxyl', 'smiles_inds': [20]}, {'functional_group': 'cyanimide', 'smiles_inds': [19]}, {'functional_group': 'trichloro', 'smiles_inds': [4]}]",0.2174161116394004
1,median,S1C=CC=C1c1nc2ccccc2nc1C1=CC=CS1,[6],[],0.2175031900791146
1,median,Fc1c(F)c(F)c(N2C=CC(=N2)c2ccccn2)c(F)c1F,"[7, 11]",[],0.21753413003493213
1,median,CC(CN)(CN)c1cccc(n1)C(C)(CN)CNCc1ccccc1[O-],"[11, 3, 5, 15, 17, 25]","[{'functional_group': 'ethyl', 'smiles_inds': [8]}]",0.21754988905213737
1,median,c1ccc(cc1)c1cccnn1,[10],"[{'functional_group': 'fluoro', 'smiles_inds': [9]}, {'functional_group': 'bromo', 'smiles_inds': [1]}, {'functional_group': 'thiol', 'smiles_inds': [2]}]",0.21763572272148193
1,median,O=C([N-]Cc1ccccn1)c1cccc(n1)C(=O)[N-]Cc1ccccn1,"[15, 18, 2]","[{'functional_group': 'ethyl', 'smiles_inds': [5]}]",0.21770765869020833
1,median,CCNCC1=NC=CN1C,"[5, 2]","[{'functional_group': 'ethyl', 'smiles_inds': [6]}]",0.21773773852836564
1,median,CC(C)(C)c1cc(C=NCCc2ccccn2)c([O-])c(c1)C(C)(C)C,"[18, 16, 8]",[],0.2177777734184437
1,median,COC(=O)C(C#N)=C1OCC[N-]1,"[11, 3]",[],0.21790078920017275
1,median,Cc1ccc(cc1)N1C(=NN=C1c1ccccn1)c1ccc(Br)cc1,"[7, 10]","[{'functional_group': 'amino', 'smiles_inds': [19]}, {'functional_group': 'carboxyl', 'smiles_inds': [23]}]",0.218012129898931
1,median,C(Nc1ncnc2NC=Nc12)c1ccccc1,[5],[],0.21801503689448326
1,median,Clc1ccc(cc1)C#Cc1cccnc1,[13],"[{'functional_group': 'cyano', 'smiles_inds': [11]}]",0.21805251736898293
1,median,COC1=CC=CC(=S)[N-]1,"[7, 8]","[{'functional_group': 'carboxyl', 'smiles_inds': [3]}, {'functional_group': 'chloro', 'smiles_inds': [4]}]",0.21807333649544738
1,median,O=C1c2ccccc2C(=O)c2c(cccc12)[N-]Cc1ccccn1,"[23, 9, 16]","[{'functional_group': 'thiol', 'smiles_inds': [19]}, {'functional_group': 'phenyl', 'smiles_inds': [6]}]",0.2180806277909994
1,median,CN1C(=O)N(C)C2=C(N(CC3OCCO3)C=N2)C1=O,[16],"[{'functional_group': 'amino', 'smiles_inds': [12]}, {'functional_group': 'phenyl', 'smiles_inds': [13]}, {'functional_group': 'aldehyde', 'smiles_inds': [0]}]",0.218143431884442
1,top,Fc1cc([c-]c(c1)c1ncccn1)c1ncccn1,"[4, 8, 14]",[],0.9999348723664904
1,top,C(CN(Cc1cnccn1)Cc1cnccn1)CN(Cc1cnccn1)Cc1cnccn1,"[2, 18, 9, 16, 25, 32]","[{'functional_group': 'ketone', 'smiles_inds': [24]}]",0.9999407891037915
1,top,Fc1cc([c-]c(c1)c1ncccn1)c1ncccn1,"[4, 8, 14]","[{'functional_group': 'iodo', 'smiles_inds': [6]}]",0.9999439749128388
1,top,C1CN2CCN=Cc3ccc(nc3)c3ccc(C=NCCN(CCN=Cc4ccc(nc4)c4ccc(C=N1)cn4)CCN=Cc1ccc(nc1)c1ccc(C=NCC2)cn1)cn3,"[11, 59, 39, 61, 30, 48]","[{'functional_group': 'amino', 'smiles_inds': [56]}, {'functional_group': 'cyanimide', 'smiles_inds': [45]}]",0.999945069708478
1,top,COCCN1C=CN=C1C=NCCN(CCN=CC1=NC=CN1CCOC)CCN=CC1=NC=CN1CCOC,"[7, 10, 29, 16, 19, 32]","[{'functional_group': 'thiol', 'smiles_inds': [24]}]",0.9999533378060022
1,top,CC1=C(C=NCC(CO)(CN=CC2=C(C)NC=N2)CN=CC2=C(C)NC=N2)N=CN1,"[17, 10, 26, 19, 27, 4]",[],0.9999552390727563
1,top,O=C1c2[c-]c3c4c5[c-]c6C(=O)C7(c8ccccc8)C(=NC8(c9ccccn9)c9c1c1c2c2c3c3c%10c4c4c%11c5c5c6c6c%12C%13=C%14C%15=C%16C%17=C%18C(=C%19C3=C2C2=C3C%19=C%18C%18=C%16c%16c%14c%12c(c%12c%16c%18c3c(c12)c9%12)c8c76)C%10=C4C%17=C%15C%11=C5%13)c1ccccc1,"[7, 3, 10]",[],0.999957575504314
1,top,Cc1nnc(nc1C)c1nnc(C)c(C)n1,"[3, 9]","[{'functional_group': 'cyanimide', 'smiles_inds': [12]}]",0.9999620741439335
1,top,CC1(C)CSCC(C)(C)CSCC(C)(C)CSC1,[16],"[{'functional_group': 'cyano', 'smiles_inds': [0]}, {'functional_group': 'phosphonate', 'smiles_inds': [7]}, {'functional_group': 'carboxyl', 'smiles_inds': [15]}]",0.9999641813643714
1,top,O=C1c2[c-]c3c4c5[c-]c6C(=O)C7(c8ccccc8)C(=NC8(c9ccccn9)c9c1c1c2c2c3c3c%10c4c4c%11c5c5c6c6c%12C%13=C%14C%15=C%16C%17=C%18C(=C%19C3=C2C2=C3C%19=C%18C%18=C%16c%16c%14c%12c(c%12c%16c%18c3c(c12)c9%12)c8c76)C%10=C4C%17=C%15C%11=C5%13)c1ccccc1,"[7, 3, 10]","[{'functional_group': 'carboxyl', 'smiles_inds': [80]}]",0.9999645158287301
1,top,CC1=C(CNCCN(CCNCC2=C(C)NC=N2)CCNCC2=C(C)NC=N2)N=CN1,"[10, 17, 4, 28, 20, 27]",[],0.9999832333041688
1,top,CSc1c(SC)c(SC)c(SC)c(SC)c1SC,"[1, 4]",[],0.9999878560711605
1,top,CC1(C)CSCC(C)(C)CSCC(C)(C)CSC1,[16],"[{'functional_group': 'trichloro', 'smiles_inds': [5]}, {'functional_group': 'methyl', 'smiles_inds': [2]}]",0.999989676818869
1,top,C1CCC2=NN3CN4CN(C3)N=C3CCCCC3=NN3CN(CN(C3)N=C3CCCCC3=N4)N=C2C1,"[32, 33, 18, 25, 4, 11]","[{'functional_group': 'methyl', 'smiles_inds': [2]}]",0.9999931544736337
1,top,C=CCN1C=CN=C1C=NCCN(CCN=CC1=NC=CN1CC=C)CCN=CC1=NC=CN1CC=C,"[9, 6, 27, 15, 18, 30]",[],0.9999937152036685
1,top,CC(C)(C)c1cc(CN2CCN(CCN(CC2)Cc2cc(cc(c2[O-])C23CC4C5CC6CC4C(C2)C(C6)C5C3)C(C)(C)C)Cc2cc(cc(c2[O-])C23CC4C5CC6CC4C(C2)C(C6)C5C3)C(C)(C)C)c([O-])c(c1)C12CC3C4CC5CC3C(C1)C(C5)C4C2,"[70, 24, 50, 8, 14, 11]",[],0.9999984793946207
1,top,CC(CN=CC1=NC=CN1)(CN=CC1=NC=CN1)CN=CC1=NC=CN1,"[19, 3, 22, 6, 11, 14]","[{'functional_group': 'hydroxyl', 'smiles_inds': [15]}]",0.9999992196237327
1,top,CC(CN=CC1=NC=CN1)(CN=CC1=NC=CN1)CN=CC1=NC=CN1,"[19, 3, 22, 6, 11, 14]","[{'functional_group': 'carboxyl', 'smiles_inds': [12]}]",0.9999992722262
1,top,C(CN(CCN=CC1=NC=CN1)CCN=CC1=NC=CN1)N=CC1=NC=CN1,"[5, 8, 14, 17, 21, 24]",[],0.9999993265736203
1,top,COCC1OC2OC3C(COC)OC(OC4C(COC)OC(OC5C(COC)OC(OC6C(COC)OC(OC7C(COC)OC(OC8C(COC)OC(OC1C(OC)C2OC)C(OC)C8OC)C(OC)C7OC)C(OC)C6OCc1cncc(COC2C(OC)C6OC(COC)C2OC2OC(COC)C(OC7OC(COC)C(OC8OC(COC)C(OC9OC(COC)C(OC%10OC(COC)C(OC%11OC(COC)C(O6)C(OC)C%11OC)C(OC)C%10OC)C(OC)C9OC)C(OC)C8OC)C(OC)C7OC)C(OC)C2OC)c1)C(OC)C5OC)C(OC)C4OC)C(OC)C3OC,[82],"[{'functional_group': 'hydroxyl', 'smiles_inds': [131]}, {'functional_group': 'fluoro', 'smiles_inds': [176]}, {'functional_group': 'fluoro', 'smiles_inds': [168]}]",0.9999999711732571
2,bottom,O=C1N2CN3C(=O)N4CN5C(=O)N6CN7C(=O)N8CN9C(=O)N%10CN%11C(=O)N%12CN1C1%13CCCCC21N1CN2C(=O)N(CN%14C(=O)N(CN%15C(=O)N(CN%16C(=O)N(CN%17C(=O)N(CN%13C1=O)C1%12CCCCC%11%171)C1%10CCCCC9%161)C18CCCCC7%151)C16CCCCC5%141)C14CCCCC321,"[26, 0, 6]","[{'functional_group': 'cyano', 'smiles_inds': [42]}]",1.0412688051082421e-33
2,bottom,O=C1N2CN3C(=O)N4CN5C(=O)N6CN7C(=O)N8CN9C(=O)N%10CN%11C(=O)N%12CN1C1%13CCCC21N1CN2C(=O)N(CN%14C(=O)N(CN%15C(=O)N(CN%16C(=O)N(CN%17C(=O)N(CN%13C1=O)C1%12CCCC%11%171)C1%10CCCC9%161)C18CCCC7%151)C16CCCC5%141)C14CCCC321,"[54, 59]","[{'functional_group': 'chloro', 'smiles_inds': [61]}, {'functional_group': 'carbonyl', 'smiles_inds': [66]}]",1.2444633375591876e-32
2,bottom,O=C1N2CN3C(=O)N4CN5C(=O)N6CN7C(=O)N8CN9C(=O)N%10CN1C1%11CCCC21N1CN2C(=O)N(CN%12C(=O)N(CN%13C(=O)N(CN%14C(=O)N(CN%11C1=O)C1%10CCCC9%141)C18CCCC7%131)C16CCCC5%121)C14CCCC321,"[0, 6]","[{'functional_group': 'trifluro', 'smiles_inds': [67]}]",6.287112590787262e-28
2,bottom,C[Si](C)(C)C(c1cc(C([Si](C)(C)C)[Si](C)(C)C)c(Sc2ccccc2Sc2ccccc2Sc2ccccc2Sc2c(cc(cc2C([Si](C)(C)C)[Si](C)(C)C)C([Si](C)(C)C)[Si](C)(C)C)C([Si](C)(C)C)[Si](C)(C)C)c(c1)C([Si](C)(C)C)[Si](C)(C)C)[Si](C)(C)C,"[25, 32]",[],2.9758677636604825e-25
2,bottom,C[Si](C)(C)C(c1cc(C([Si](C)(C)C)[Si](C)(C)C)c(Sc2ccccc2Sc2ccccc2Sc2ccccc2Sc2c(cc(cc2C([Si](C)(C)C)[Si](C)(C)C)C([Si](C)(C)C)[Si](C)(C)C)C([Si](C)(C)C)[Si](C)(C)C)c(c1)C([Si](C)(C)C)[Si](C)(C)C)[Si](C)(C)C,"[25, 32]","[{'functional_group': 'hydroxyl', 'smiles_inds': [37]}, {'functional_group': '2-hydroxypyridine', 'smiles_inds': [48]}]",3.0145082645749476e-25
2,bottom,Cc1cc(C)c(B(CCCP(CCCB(c2c(C)cc(C)cc2C)c2c(C)cc(C)cc2C)CCP(CCCB(c2c(C)cc(C)cc2C)c2c(C)cc(C)cc2C)CCCB(c2c(C)cc(C)cc2C)c2c(C)cc(C)cc2C)c2c(C)cc(C)cc2C)c(C)c1,"[35, 10]","[{'functional_group': '2-methylbenzoic_acid', 'smiles_inds': [2]}]",6.290959092782921e-25
2,bottom,O=C1N2CN3C4C5N(CN6C7C8N(CN9C%10C%11N(CN%12C%13C%14N(CN%15C%16C%17N(CN%18C%19C%20N(CN1C1C2N2CN4C(=O)N5CN7C(=O)N8CN%10C(=O)N%11CN%13C(=O)N%14CN%16C(=O)N%17CN%19C(=O)N%20CN1C2=O)C%18=O)C%15=O)C%12=O)C9=O)C6=O)C3=O,"[0, 73]","[{'functional_group': '2-methylbenzoic_acid', 'smiles_inds': [58]}, {'functional_group': 'phenyl', 'smiles_inds': [28]}]",2.206161870153429e-24
2,bottom,COC(=O)C(C)(C)NC(=O)C(NC(=O)C1(CCCCC1)NC(=O)C(C)(C)NC(=O)C1(CCCCC1)NC(=O)C(C)(C)NC(=O)c1ccc(nc1)c1ccc(cn1)C(=O)NC(C)(C)C(=O)NC1(CCCCC1)C(=O)NC(C)(C)C(=O)NC1(CCCCC1)C(=O)NC(C(C)C)C(=O)NC(C)(C)C(=O)OC)C(C)C,"[55, 48]","[{'functional_group': 'methyl_ester', 'smiles_inds': [91]}, {'functional_group': 'methyl_ester', 'smiles_inds': [24]}]",2.4826801198387496e-24
2,bottom,CC12N3CN4C5C6N(CN7C8C9N(CN%10C(=O)N%11CN%12C%13C%14N(CN%15C%16C%17N(CN(C3=O)C1(C)N1CN%17C(=O)N%16CN%14C(=O)N%13CN3C(=O)N(CN9C(=O)N8CN6C(=O)N5CN2C1=O)C%10(C)C%113C)C%15=O)C%12=O)C7=O)C4=O,"[71, 16, 73]",[],3.74528308434527e-24
2,bottom,CC12N3CN4C5C6N(CN7C8C9N(CN%10C(=O)N%11CN%12C%13C%14N(CN%15C%16C%17N(CN(C3=O)C1(C)N1CN%17C(=O)N%16CN%14C(=O)N%13CN3C(=O)N(CN9C(=O)N8CN6C(=O)N5CN2C1=O)C%10(C)C%113C)C%15=O)C%12=O)C7=O)C4=O,"[71, 16, 73]","[{'functional_group': 'iodo', 'smiles_inds': [28]}]",5.007411127402792e-24
2,bottom,O=C1N2CN3C4C5N(CN6C7C8N(CN9C%10C%11N(CN%12C%13C%14N(CN%15C%16C%17N(CN%18C%19C%20N(CN1C1C2N2CN4C(=O)N5CN7C(=O)N8CN%10C(=O)N%11CN%13C(=O)N%14CN%16C(=O)N%17CN%19C(=O)N%20CN1C2=O)C%18=O)C%15=O)C%12=O)C9=O)C6=O)C3=O,"[0, 73]",[],7.719193735811438e-24
2,bottom,COC(=O)C(C)(C)NC(=O)C(NC(=O)C1(CCCCC1)NC(=O)C(C)(C)NC(=O)C1(CCCCC1)NC(=O)C(C)(C)NC(=O)c1ccc(nc1)c1ccc(cn1)C(=O)NC(C)(C)C(=O)NC1(CCCCC1)C(=O)NC(C)(C)C(=O)NC1(CCCCC1)C(=O)NC(C(C)C)C(=O)NC(C)(C)C(=O)OC)C(C)C,"[55, 48]","[{'functional_group': 'phosphonate', 'smiles_inds': [79]}]",6.168351590851472e-22
2,bottom,CC(C)(C)c1cc2c3cc(cc4c5cc(cc6c7cc(cc8c9cc(cc%10c%11cc(cc%12c(c1)c2c1c(c34)c(c56)c(c78)c(c9%10)c1c%11%12)C(C)(C)C)C(C)(C)C)C(C)(C)C)C(C)(C)C)P(c1cc2c3cc(cc4c5cc(cc6c7cc(cc8c9cc(cc%10c%11cc(cc%12c(c1)c2c1c(c34)c(c56)c(c78)c(c9%10)c1c%11%12)C(C)(C)C)C(C)(C)C)C(C)(C)C)C(C)(C)C)C(C)(C)C)c1cc2c3cc(cc4c5cc(cc6c7cc(cc8c9cc(cc%10c%11cc(cc%12c(c1)c2c1c(c34)c(c56)c(c78)c(c9%10)c1c%11%12)C(C)(C)C)C(C)(C)C)C(C)(C)C)C(C)(C)C)C(C)(C)C,[62],"[{'functional_group': 'trichloro', 'smiles_inds': [28]}, {'functional_group': 'carbonyl', 'smiles_inds': [49]}]",7.769788714242942e-22
2,bottom,CCC(C)C1NC(=O)C(C)NC(=O)C(CSSCC2NC(=O)C(CCC(N)=O)NC(=O)C(C)NC(=O)C3CCCN3C(=O)C(CCC(O)=O)NC(=O)CNC(=O)C(C)NC(=O)C(CCCNC(N)=N)NC(=O)C(CSSCC(NC(=O)C(CC(N)=O)NC2=O)C(O)=O)NC(=O)C(CC2=CN=CN2)NC1=O)NC(=O)C(CC1=CN=CN1)NC(=O)C(CC(C)C)NC(=O)C(CC(O)=O)NC(C)=O,"[112, 99]",[],7.883248465520435e-22
2,bottom,CCC(C)(C)c1cc(C(c2cc(cc(c2OCCN(C)C(=O)CP(=O)(c2ccccc2)c2ccccc2)C(C)(C)CC)C(C)(C)CC)c2cc(cc(c2OCCN(C)C(=O)CP(=O)(c2ccccc2)c2ccccc2)C(C)(C)CC)C(C)(C)CC)c(OCCN(C)C(=O)CP(=O)(c2ccccc2)c2ccccc2)c(c1)C(C)(C)CC,"[21, 24, 59, 62, 92, 95]","[{'functional_group': 'methyl_ester', 'smiles_inds': [105]}]",2.7310850043385875e-21
2,bottom,COC(=O)C(C)(C)NC(=O)C(NC(=O)C1(CCCCC1)NC(=O)C(C)(C)NC(=O)C1(CCCCC1)NC(=O)C(C)(C)NC(=O)c1ccc(nc1)c1ccc(cn1)C(=O)NC(C)(C)C(=O)NC1(CCCCC1)C(=O)NC(C)(C)C(=O)NC1(CCCCC1)C(=O)NC(C(C)C)C(=O)NC(C)(C)C(=O)OC)C(C)C,"[55, 48]","[{'functional_group': 'amino', 'smiles_inds': [54]}]",3.2335333267063675e-21
2,bottom,CC(C)(C)c1cc2c3cc(cc4c5cc(cc6c7cc(cc8c9cc(cc%10c%11cc(cc%12c(c1)c2c1c(c34)c(c56)c(c78)c(c9%10)c1c%11%12)C(C)(C)C)C(C)(C)C)C(C)(C)C)C(C)(C)C)P(c1cc2c3cc(cc4c5cc(cc6c7cc(cc8c9cc(cc%10c%11cc(cc%12c(c1)c2c1c(c34)c(c56)c(c78)c(c9%10)c1c%11%12)C(C)(C)C)C(C)(C)C)C(C)(C)C)C(C)(C)C)C(C)(C)C)c1cc2c3cc(cc4c5cc(cc6c7cc(cc8c9cc(cc%10c%11cc(cc%12c(c1)c2c1c(c34)c(c56)c(c78)c(c9%10)c1c%11%12)C(C)(C)C)C(C)(C)C)C(C)(C)C)C(C)(C)C)C(C)(C)C,[62],[],3.358382236944735e-21
2,bottom,CCCC[P](CCCC)(CCCC)CCP(CCP(CCP(CC[P](CCCC)(CCCC)CCCC)CC[P](CCCC)(CCCC)CCCC)c1ccccc1)CC[P](CCCC)(CCCC)CCCC,"[15, 18, 21]","[{'functional_group': 'ether', 'smiles_inds': [54]}]",1.0753226930064046e-20
2,bottom,CCCC[P](CCCC)(CCCC)CCP(CCP(CCP(CC[P](CCCC)(CCCC)CCCC)CC[P](CCCC)(CCCC)CCCC)c1ccccc1)CC[P](CCCC)(CCCC)CCCC,"[15, 18, 21]","[{'functional_group': 'bromo', 'smiles_inds': [9]}, {'functional_group': '2-hydroxypyridine', 'smiles_inds': [32]}]",1.204652210179504e-20
2,bottom,CCC(C)(C)c1cc(C(c2cc(cc(c2OCCCNC(=O)CP(=S)(c2ccccc2)c2ccccc2)C(C)(C)CC)C(C)(C)CC)c2cc(cc(c2OCCCNC(=O)CP(=S)(c2ccccc2)c2ccccc2)C(C)(C)CC)C(C)(C)CC)c(OCCCNC(=O)CP(=S)(c2ccccc2)c2ccccc2)c(c1)C(C)(C)CC,"[21, 59, 92]","[{'functional_group': 'cyano', 'smiles_inds': [4]}, {'functional_group': 'carbonyl', 'smiles_inds': [66]}]",4.356621273972728e-20
2,median,COc1ccc(cc1)N=C(C)c1cc(OC)cc(OC)[c-]1,"[8, 20]","[{'functional_group': 'amide', 'smiles_inds': [16]}]",0.2018570592292826
2,median,Brc1cc(Br)c([O-])c(C=NC2CCC2)c1,"[9, 6]","[{'functional_group': 'amide', 'smiles_inds': [2]}, {'functional_group': 'hydroxyl', 'smiles_inds': [8]}, {'functional_group': 'ether', 'smiles_inds': [13]}]",0.20187591241870181
2,median,COc1ccc(cc1)N1C=C(N=N1)c1ccccn1,"[8, 11]","[{'functional_group': 'carbonyl', 'smiles_inds': [9]}]",0.20189289472820943
2,median,C1CN=C(O1)c1cc(cc(n1)C1=NCCO1)C1=CSC=C1,"[2, 10, 12]","[{'functional_group': 'chloro', 'smiles_inds': [1]}]",0.20209266953172614
2,median,O=CN(CCNCc1ccccc1)CC(=O)Nc1ccccc1,[5],[],0.20213930697729524
2,median,OC(=O)c1cc(F)c(F)cc1F,[2],[],0.2021710600084498
2,median,Cc1cccc(N[C-]=O)n1,"[7, 9]","[{'functional_group': 'phenyl', 'smiles_inds': [6]}, {'functional_group': 'carboxyl', 'smiles_inds': [2]}, {'functional_group': 'amino', 'smiles_inds': [3]}]",0.20224827838178777
2,median,CC1=CC=C(C(O)=O)C(=O)N1,"[7, 9]","[{'functional_group': 'methyl_ester', 'smiles_inds': [2]}]",0.20229623375588585
2,median,N#CCCC#N,[0],"[{'functional_group': '2-methylbenzoic_acid', 'smiles_inds': [3]}]",0.20238665262250558
2,median,BrCCOC(=O)c1ccnc(c1)c1cc(ccn1)C(=O)OCCBr,"[9, 17]","[{'functional_group': 'aldehyde', 'smiles_inds': [7]}]",0.20242558347052544
2,median,O=C([O-])c1ncccc1OC(=O)C1CC2CC1C=C2,"[2, 4]","[{'functional_group': 'methyl', 'smiles_inds': [18]}, {'functional_group': 'phosphonate', 'smiles_inds': [16]}]",0.2025370155141439
2,median,c1ccc(nc1)c1cc(cc(n1)c1ccccn1)c1ccc(cc1)c1cc(nc(c1)c1ccccn1)c1ccccn1,"[17, 11, 4]","[{'functional_group': 'ethyl_ester', 'smiles_inds': [32]}]",0.20253858251740578
2,median,CSC(=S)N(C)[N-]C(=O)C([N-]C(=O)OCc1ccccc1)C(C)C,"[3, 6, 10]","[{'functional_group': 'carboxylate', 'smiles_inds': [19]}]",0.20255018039850928
2,median,CCN1C=C(C(=O)[O-])C(=O)c2ccc(C)[nH+]c12,"[7, 9]",[],0.20262481462367343
2,median,C[NH+](CCN(C)Cc1cc(C)cc(C=NN=C([S-])N(C)C)c1[O-])Cc1cc(C)cc(C=NN=C([S-])N(C)C)c1[O-],"[34, 17, 22, 39, 31, 14]",[],0.20263203400790883
2,median,c1ccc(cc1)c1cccnn1,[10],"[{'functional_group': 'fluoro', 'smiles_inds': [9]}, {'functional_group': 'bromo', 'smiles_inds': [1]}, {'functional_group': 'tribromo', 'smiles_inds': [2]}, {'functional_group': 'chloro', 'smiles_inds': [0]}, {'functional_group': 'ethyl', 'smiles_inds': [8]}]",0.2026935078017305
2,median,COc1ccc(O)c(C=NCC(C)N=Cc2cc(OC)ccc2O)c1,[6],"[{'functional_group': 'phosphonate', 'smiles_inds': [12]}]",0.20278795152629797
2,median,c1ccc(nc1)c1cc(cc(n1)c1ccccn1)c1ccc(cc1)c1cc(nc(c1)c1ccccn1)c1ccccn1,"[17, 11, 4]","[{'functional_group': 'ethyl_ester', 'smiles_inds': [20]}, {'functional_group': 'fluoro', 'smiles_inds': [22]}]",0.2028295749242078
2,median,c1ccc2c(c1)cccc2N=Cc1[c-]cc2ccc3cccc4ccc1c2c34,"[10, 13]",[],0.20289327686310088
2,median,P[P](c1ccccc1)(c1ccccc1)c1cccc[c-]1,"[0, 19]",[],0.20291987453675878
2,top,CC1=C(C=NCCN(CCN=CC2=C(C)NC=N2)CCN=CC2=C(C)N=C[N-]2)N=CN1,"[28, 10, 20, 17, 27, 4]",[],0.9999163350336244
2,top,C1CN2CCN=Cc3ccc(nc3)c3ccc(C=NCCN(CCN=Cc4ccc(nc4)c4ccc(C=N1)cn4)CCN=Cc1ccc(nc1)c1ccc(C=NCC2)cn1)cn3,"[11, 59, 39, 61, 30, 48]",[],0.9999193763686071
2,top,Oc1ccc(C=NCCNCCNCCN=Cc2ccc([O-])cc2[O-])c([O-])c1,"[6, 9, 12, 15, 26, 24]",[],0.9999201803139114
2,top,CN1C=CN=C1C=NCC(C)(CN=CC1=NC=CN1C)CN=CC1=NC=CN1C,"[7, 21, 4, 24, 12, 15]","[{'functional_group': 'chloro', 'smiles_inds': [19]}]",0.9999220239566411
2,top,CC1(C)CSCC(C)(C)CSCC(C)(C)CSC1,[16],[],0.9999225344861793
2,top,CC1=C(CNCCN(CCNCC2=C(C)NC=N2)CCNCC2=C(C)NC=N2)N=CN1,"[10, 17, 4, 28, 20, 27]",[],0.9999290506050086
2,top,CN1C=CN=C1C=NCC(C)(CN=CC1=NC=CN1C)CN=CC1=NC=CN1C,"[7, 21, 4, 24, 12, 15]","[{'functional_group': 'methyl_ester', 'smiles_inds': [0]}, {'functional_group': 'thiol', 'smiles_inds': [28]}]",0.9999314565203592
2,top,C(CNCCN=CC1=NC=CN1)NCCN=CC1=NC=CN1,"[5, 18, 8, 2, 12, 15]","[{'functional_group': 'thiol', 'smiles_inds': [10]}]",0.9999324760479352
2,top,CC1=NCCN=C(C)c2cccc(n2)C(=NCCN=C(C)c2cccc1n2)C,"[5, 2, 26, 18, 15, 13]","[{'functional_group': 'carboxyl', 'smiles_inds': [11]}, {'functional_group': 'cyano', 'smiles_inds': [27]}]",0.999933198214514
2,top,CN1C=CN=C1C=NCC(C)(CN=CC1=NC=CN1C)CN=CC1=NC=CN1C,"[7, 21, 4, 24, 12, 15]","[{'functional_group': 'carboxylate', 'smiles_inds': [19]}, {'functional_group': 'iodo', 'smiles_inds': [22]}]",0.9999371957722173
2,top,CN1C=CN=C1C=NCC(C)(CN=CC1=NC=CN1C)CN=CC1=NC=CN1C,"[7, 21, 4, 24, 12, 15]","[{'functional_group': 'carboxylate', 'smiles_inds': [10]}, {'functional_group': 'trifluro', 'smiles_inds': [0]}, {'functional_group': 'aldehyde', 'smiles_inds': [19]}]",0.9999430448901817
2,top,CN1C=CN=C1C=NCC(C)(CN=CC1=NC=CN1C)CN=CC1=NC=CN1C,"[7, 21, 4, 24, 12, 15]","[{'functional_group': 'aldehyde', 'smiles_inds': [19]}]",0.9999599683282823
2,top,CN1C=CN=C1C=NCC(C)(CN=CC1=NC=CN1C)CN=CC1=NC=CN1C,"[7, 21, 4, 24, 12, 15]","[{'functional_group': 'trichloro', 'smiles_inds': [19]}]",0.9999643573991847
2,top,CN1C=CN=C1C=NCC(C)(CN=CC1=NC=CN1C)CN=CC1=NC=CN1C,"[7, 21, 4, 24, 12, 15]","[{'functional_group': 'tribromo', 'smiles_inds': [0]}]",0.9999667294968237
2,top,CN1C=CN=C1C=NCC(C)(CN=CC1=NC=CN1C)CN=CC1=NC=CN1C,"[7, 21, 4, 24, 12, 15]","[{'functional_group': 'amino', 'smiles_inds': [19]}]",0.9999756196975476
2,top,CC(=NNC([S-])=NN=C(C)c1cnccn1)c1cnccn1,"[5, 15, 7]",[],0.9999850891600287
2,top,C(CNCCN=CC1=NC=CN1)NCCN=CC1=NC=CN1,"[5, 18, 8, 2, 12, 15]","[{'functional_group': 'fluoro', 'smiles_inds': [14]}]",0.9999851184816695
2,top,CC1=NCCOCCOCCN=C(C)c2cccc(n2)C(=NCCOCCOCCN=C(C)c2cccc1n2)C,"[2, 38, 30, 21, 19, 11]","[{'functional_group': 'carboxylate', 'smiles_inds': [17]}]",0.9999852325169145
2,top,C(CN(Cc1cnccn1)Cc1cnccn1)N(Cc1cnccn1)Cc1cnccn1,"[2, 17, 9, 16, 24, 31]","[{'functional_group': 'bromo', 'smiles_inds': [22]}]",0.9999874664500157
2,top,CC(CN=CC1=NC=CN1)(CN=CC1=NC=CN1)CN=CC1=NC=CN1,"[19, 3, 22, 6, 11, 14]","[{'functional_group': 'methyl', 'smiles_inds': [12]}, {'functional_group': 'trifluro', 'smiles_inds': [24]}]",0.9999916861588303
3,bottom,C[Si](C)(C)c1cc(cc(c1)[Si](C#CP(C#C[Si](c1cc(cc(c1)[Si](C)(C)C)[Si](C)(C)C)(c1cc(cc(c1)[Si](C)(C)C)[Si](C)(C)C)c1cc(cc(c1)[Si](C)(C)C)[Si](C)(C)C)C#C[Si](c1cc(cc(c1)[Si](C)(C)C)[Si](C)(C)C)(c1cc(cc(c1)[Si](C)(C)C)[Si](C)(C)C)c1cc(cc(c1)[Si](C)(C)C)[Si](C)(C)C)(c1cc(cc(c1)[Si](C)(C)C)[Si](C)(C)C)c1cc(cc(c1)[Si](C)(C)C)[Si](C)(C)C)[Si](C)(C)C,[13],[],6.408167251465014e-50
3,bottom,C[Si](C)(C)C(c1cc(C([Si](C)(C)C)[Si](C)(C)C)c(Sc2ccccc2Sc2ccccc2Sc2ccccc2Sc2c(cc(cc2C([Si](C)(C)C)[Si](C)(C)C)C([Si](C)(C)C)[Si](C)(C)C)C([Si](C)(C)C)[Si](C)(C)C)c(c1)C([Si](C)(C)C)[Si](C)(C)C)[Si](C)(C)C,"[25, 32]",[],2.1831126867820046e-39
3,bottom,C[Si](C)(C)C(c1cc(C([Si](C)(C)C)[Si](C)(C)C)c([Se]c2ccccc2[Se]c2ccccc2[Se]c2ccccc2[Se]c2c(cc(cc2C([Si](C)(C)C)[Si](C)(C)C)C([Si](C)(C)C)[Si](C)(C)C)C([Si](C)(C)C)[Si](C)(C)C)c(c1)C([Si](C)(C)C)[Si](C)(C)C)[Si](C)(C)C,"[25, 32]",[],5.513348160787285e-39
3,bottom,O=C1N2CN3C(=O)N4CN5C6C7N(CN8C(=O)N9CN%10C%11C%12N(CN%13C(=O)N%14CN1C1C2N2CN%15C(=O)N(CN6C(=O)N7CN6C(=O)N(CN%11C(=O)N%12CN7C(=O)N(CN1C2=O)C1%14CCCCC%1371)C19CCCCC861)C14CCCCC3%151)C%10=O)C5=O,"[36, 61]","[{'functional_group': 'hydroxyl', 'smiles_inds': [75]}, {'functional_group': 'methyl_ester', 'smiles_inds': [13]}]",6.66655942622595e-30
3,bottom,CC12N3CN4C5C6N(CN7C8C9N(CN%10C(=O)N%11CN%12C%13C%14N(CN%15C%16C%17N(CN(C3=O)C1(C)N1CN%17C(=O)N%16CN%14C(=O)N%13CN3C(=O)N(CN9C(=O)N8CN6C(=O)N5CN2C1=O)C%10(C)C%113C)C%15=O)C%12=O)C7=O)C4=O,"[71, 16, 73]",[],5.048934520194459e-24
3,bottom,COC(=O)C(C)(C)NC(=O)C(NC(=O)C1(CCCCC1)NC(=O)C(C)(C)NC(=O)C1(CCCCC1)NC(=O)C(C)(C)NC(=O)c1ccc(nc1)c1ccc(cn1)C(=O)NC(C)(C)C(=O)NC1(CCCCC1)C(=O)NC(C)(C)C(=O)NC1(CCCCC1)C(=O)NC(C(C)C)C(=O)NC(C)(C)C(=O)OC)C(C)C,"[55, 48]","[{'functional_group': '2-methylbenzoic_acid', 'smiles_inds': [70]}, {'functional_group': 'ketone', 'smiles_inds': [73]}, {'functional_group': 'ethyl', 'smiles_inds': [54]}]",1.4762553095790485e-23
3,bottom,O=C1N2CN3C4C5N(CN6C7C8N(CN9C%10C%11N(CN%12C%13C%14N(CN%15C%16C%17N(CN%18C%19C%20N(CN1C1C2N2CN4C(=O)N5CN7C(=O)N8CN%10C(=O)N%11CN%13C(=O)N%14CN%16C(=O)N%17CN%19C(=O)N%20CN1C2=O)C%18=O)C%15=O)C%12=O)C9=O)C6=O)C3=O,"[0, 73]","[{'functional_group': 'fluoro', 'smiles_inds': [26]}, {'functional_group': 'chloro', 'smiles_inds': [35]}, {'functional_group': 'tribromo', 'smiles_inds': [16]}]",9.116709983528626e-23
3,bottom,CCC(C)(C)c1cc(C(c2cc(cc(c2OCCN(C)C(=O)CP(=O)(c2ccccc2)c2ccccc2)C(C)(C)CC)C(C)(C)CC)c2cc(cc(c2OCCN(C)C(=O)CP(=O)(c2ccccc2)c2ccccc2)C(C)(C)CC)C(C)(C)CC)c(OCCN(C)C(=O)CP(=O)(c2ccccc2)c2ccccc2)c(c1)C(C)(C)CC,"[21, 24, 59, 62, 92, 95]","[{'functional_group': 'ketone', 'smiles_inds': [109]}]",7.039017381296146e-22
3,bottom,COc1c(cc(cc1C12CC3CC(CC(C3)C1)C2)P(c1cc(c(OC)c(c1)C12CC3CC(CC(C3)C1)C2)C12CC3CC(CC(C3)C1)C2)c1ccccc1CNc1cccc2CCC3(CCc4cccc(P(c5cc(cc(c5)C(C)(C)C)C(C)(C)C)c5cc(cc(c5)C(C)(C)C)C(C)(C)C)c34)c12)C12CC3CC(CC(C3)C1)C2,"[70, 18, 54]","[{'functional_group': 'ketone', 'smiles_inds': [92]}, {'functional_group': 'hydroxyl', 'smiles_inds': [28]}, {'functional_group': '2-hydroxypyridine', 'smiles_inds': [105]}]",8.739938931757725e-22
3,bottom,CC(C)(C)c1cc(CN2CCN(CCN(CC2)Cc2cc(cc(c2[O-])C23CC4C5CC6CC4C(C2)C(C6)C5C3)C(C)(C)C)Cc2cc(cc(c2[O-])C23CC4C5CC6CC4C(C2)C(C6)C5C3)C(C)(C)C)c([O-])c(c1)C12CC3C4CC5CC3C(C1)C(C5)C4C2,"[70, 24, 50, 8, 14, 11]",[],9.726565543015017e-22
3,bottom,C[Si](C)(C)c1cc(cc(c1)[Si](C)(C)C)P(c1cc(cc(c1)[Si](C)(C)C)[Si](C)(C)C)c1ccccc1P(c1cc(cc(c1)[Si](C)(C)C)[Si](C)(C)C)c1cc(cc(c1)[Si](C)(C)C)[Si](C)(C)C,"[35, 14]","[{'functional_group': 'ether', 'smiles_inds': [2]}]",4.224726024386535e-21
3,bottom,Cc1cc(C)cc(c1)C(c1cc(C)cc(C)c1)c1cc(C)cc(C(c2cc(C)cc(C)c2)c2cc(C)cc(C)c2)c1N=C(C)C(C)=Nc1c(cc(C)cc1C(c1cc(C)cc(C)c1)c1cc(C)cc(C)c1)C(c1cc(C)cc(C)c1)c1cc(C)cc(C)c1,"[46, 41]",[],5.557572388535747e-21
3,bottom,CC(C)c1cc(c([Ge]c2c(cc(cc2C([Si](C)(C)C)[Si](C)(C)C)C([Si](C)(C)C)[Si](C)(C)C)C([Si](C)(C)C)[Si](C)(C)C)c(c1)C(C)C)C(C)C,[7],[],6.5239319105337285e-21
3,bottom,CCC(C)(C)c1cc(C(c2cc(cc(c2OCCN(C)C(=O)CP(=O)(c2ccccc2)c2ccccc2)C(C)(C)CC)C(C)(C)CC)c2cc(cc(c2OCCN(C)C(=O)CP(=O)(c2ccccc2)c2ccccc2)C(C)(C)CC)C(C)(C)CC)c(OCCN(C)C(=O)CP(=O)(c2ccccc2)c2ccccc2)c(c1)C(C)(C)CC,"[21, 24, 59, 62, 92, 95]",[],6.629172652479137e-21
3,bottom,CCCCCC1c2cc3C(CCCCC)c4cc5C(CCCCC)c6cc7C(CCCCC)c8cc1c1OCOc2cc3OCOc4c(P(c2ccccc2)c2ccccc2)c5OCOc6cc7OCOc8c1OCc1cccc(COc2c3OCOc4cc5OCOc6c7cc8C(CCCCC)c9cc%10C(CCCCC)c(cc3C(CCCCC)c4cc5C7CCCCC)c2OCOc%10cc9OCOc8c6P(c2ccccc2)c2ccccc2)c1,"[48, 142]",[],7.339745717381678e-21
3,bottom,COC(=O)C(C)(C)NC(=O)C(NC(=O)C1(CCCCC1)NC(=O)C(C)(C)NC(=O)C1(CCCCC1)NC(=O)C(C)(C)NC(=O)c1ccc(nc1)c1ccc(cn1)C(=O)NC(C)(C)C(=O)NC1(CCCCC1)C(=O)NC(C)(C)C(=O)NC1(CCCCC1)C(=O)NC(C(C)C)C(=O)NC(C)(C)C(=O)OC)C(C)C,"[55, 48]","[{'functional_group': 'carboxylate', 'smiles_inds': [88]}]",8.067718725788704e-21
3,bottom,CCCCCC1c2cc3C(CCCCC)c4cc5C(CCCCC)c6cc7C(CCCCC)c8cc1c1OCOc2cc3OCOc4c(P(c2ccccc2)c2ccccc2)c5OCOc6cc7OCOc8c1OCc1cccc(COc2c3OCOc4cc5OCOc6c7cc8C(CCCCC)c9cc%10C(CCCCC)c(cc3C(CCCCC)c4cc5C7CCCCC)c2OCOc%10cc9OCOc8c6P(c2ccccc2)c2ccccc2)c1,"[48, 142]","[{'functional_group': 'trichloro', 'smiles_inds': [56]}]",8.890546430492484e-21
3,bottom,CC(C)C1NC(=O)C(OC(=O)C(NC(=O)C(OC(=O)C(NC(=O)C(OC(=O)C(NC(=O)C(OC(=O)C(NC(=O)C(OC(=O)C(NC(=O)C(OC1=O)C(C)C)C(C)C)C(C)C)C(C)C)C(C)C)C(C)C)C(C)C)C(C)C)C(C)C)C(C)C)C(C)C,"[10, 34, 18, 42, 50, 26]","[{'functional_group': 'ethyl', 'smiles_inds': [54]}, {'functional_group': '2-methylbenzoic_acid', 'smiles_inds': [56]}]",1.5001213726948895e-20
3,bottom,CC(C)c1cc(c([Ge]c2c(cc(cc2C([Si](C)(C)C)[Si](C)(C)C)C([Si](C)(C)C)[Si](C)(C)C)C([Si](C)(C)C)[Si](C)(C)C)c(c1)C(C)C)C(C)C,[7],"[{'functional_group': 'fluoro', 'smiles_inds': [25]}]",1.6056694486893365e-20
3,bottom,COC(=O)C(C)(C)NC(=O)C(NC(=O)C1(CCCCC1)NC(=O)C(C)(C)NC(=O)C1(CCCCC1)NC(=O)C(C)(C)NC(=O)c1ccc(nc1)c1ccc(cn1)C(=O)NC(C)(C)C(=O)NC1(CCCCC1)C(=O)NC(C)(C)C(=O)NC1(CCCCC1)C(=O)NC(C(C)C)C(=O)NC(C)(C)C(=O)OC)C(C)C,"[55, 48]","[{'functional_group': 'methyl', 'smiles_inds': [82]}]",1.877314285179505e-20
3,median,CC(C)(C)c1cc(C[NH+]2CCCCC2)c([O-])c(C=NCCSCCSCCN=Cc2cc(cc(C[NH+]3CCCCC3)c2[O-])C(C)(C)C)c1,"[27, 21, 18, 42, 15, 24]","[{'functional_group': 'fluoro', 'smiles_inds': [0]}]",0.2399431288380525
3,median,COC(=O)c1cccc(n1)c1ccccn1,"[15, 9]","[{'functional_group': 'amino', 'smiles_inds': [7]}]",0.2399812898338893
3,median,CC1=NN=C(SCc2ccccc2)S1,[3],[],0.24002123614624077
3,median,COC1=CC(=NC(=O)NC(C)(C)C)C(C=C1OC)=NC(=O)NC(C)(C)C,"[18, 5]","[{'functional_group': 'thiol', 'smiles_inds': [24]}]",0.2401719878346656
3,median,CC(C)(C)[PH+]([O-])C(C)(C)C,[5],[],0.24021210511480368
3,median,N#Cc1cccc(C=Nc2ccccc2)[c-]1,"[8, 15]","[{'functional_group': '2-methylbenzoic_acid', 'smiles_inds': [13]}]",0.2402258118749099
3,median,C[Se]CC[Se]C,"[1, 4]",[],0.24031468056629585
3,median,NC1=NC2=[NH+]CCN=C2C(=O)N1,"[10, 7]","[{'functional_group': 'carboxyl', 'smiles_inds': [0]}, {'functional_group': 'methyl_ester', 'smiles_inds': [11]}, {'functional_group': '2-methylbenzoic_acid', 'smiles_inds': [5]}]",0.24032178611911104
3,median,Oc1ccccc1c1ccccc1O,"[0, 13]",[],0.24040062441169585
3,median,[NH3+]C12C[NH2+]CC[NH2+]CC(C)(CNCC[NH2+]C1)CSCCNC2,"[17, 6, 11, 20, 3, 14]","[{'functional_group': 'phenyl', 'smiles_inds': [16]}]",0.24043452973472093
3,median,Cc1ccc(cc1)N1C=CN([CH-]1)c1ncccn1,"[7, 11]","[{'functional_group': 'amide', 'smiles_inds': [9]}]",0.2404364628619517
3,median,CN(C)C(=S)Oc1cccc([c-]1)P(=NCc1ccccc1)(c1ccccc1)c1ccccc1,"[4, 13, 11]",[],0.24048517880553116
3,median,Nc1c(Cl)cccc1[N-]c1ccccc1Cl,"[0, 8]","[{'functional_group': 'carbonyl', 'smiles_inds': [10]}]",0.2405633886110675
3,median,Fc1cc(F)c(CN2C=C(CN(CC3=CN(Cc4c(F)cc(F)cc4F)N=N3)CC3=CN(Cc4c(F)cc(F)cc4F)N=N3)N=N2)c(F)c1,"[11, 43, 27]","[{'functional_group': 'cyano', 'smiles_inds': [30]}, {'functional_group': 'amide', 'smiles_inds': [28]}]",0.24059282038421556
3,median,CC1=NC2=NC=NN2C(=C1)C,[4],[],0.24068375454146337
3,median,Fc1ccc(cc1)C1=NCCO1,[8],[],0.240711694151241
3,median,CCCN1c2ccc(cc2N=C2C(=O)N(C)C(=O)N=C12)C(O)=O,"[10, 13]","[{'functional_group': 'carboxyl', 'smiles_inds': [5]}, {'functional_group': 'fluoro', 'smiles_inds': [0]}, {'functional_group': '2-hydroxypyridine', 'smiles_inds': [8]}, {'functional_group': 'carboxyl', 'smiles_inds': [1]}, {'functional_group': '2-hydroxypyridine', 'smiles_inds': [21]}]",0.2407129047075124
3,median,Cc1cc(C)c(C=NN=C([O-])c2ccccc2)c([CH2-])c1,"[10, 7, 18]",[],0.24072435587123064
3,median,Cc1cpc(cc1C)c1ccccn1,"[3, 13]",[],0.24073825199488602
3,median,c1cc([c-]c(c1)C12N=CC3C4C1[S+2]234)C12N=CC3C4C1[S+2]234,"[7, 14, 3]","[{'functional_group': 'ketone', 'smiles_inds': [17]}, {'functional_group': 'carboxyllic_acid', 'smiles_inds': [1]}, {'functional_group': 'ethyl', 'smiles_inds': [8]}]",0.24081532218657592
3,top,CN1C=CN=C1C=NCC(C)(CN=CC1=NC=CN1C)CN=CC1=NC=CN1C,"[7, 21, 4, 24, 12, 15]","[{'functional_group': 'carboxylate', 'smiles_inds': [10]}, {'functional_group': 'carboxylate', 'smiles_inds': [19]}]",0.9999768677920721
3,top,C(CNCCN=CC1=NC=CN1)NCCN=CC1=NC=CN1,"[5, 18, 8, 2, 12, 15]",[],0.999981162010771
3,top,[NH3+]CCSCC12CSCCNCC(CNCCSC1)(CNCCSC2)N(=O)=O,"[7, 17, 23, 10, 14, 20]",[],0.9999822513285115
3,top,CN1C=CN=C1C=NCC(C)(CN=CC1=NC=CN1C)CN=CC1=NC=CN1C,"[7, 21, 4, 24, 12, 15]","[{'functional_group': 'carboxylate', 'smiles_inds': [19]}]",0.9999831264709965
3,top,CSCC(C)(CSC)CSC,"[9, 1, 6]",[],0.999985059227621
3,top,CSc1c(SC)c(SC)c(SC)c(SC)c1SC,"[1, 4]","[{'functional_group': 'amino', 'smiles_inds': [14]}]",0.9999859276271044
3,top,CC12CNCCNCC(N)(CNCCSC1)CNCCSC2,"[14, 20, 3, 11, 17, 6]","[{'functional_group': 'methyl', 'smiles_inds': [5]}]",0.9999866986160368
3,top,CSCCSCC(C)(CSCCSC)CSCCSC,"[4, 1, 9, 12, 15, 18]",[],0.9999881821394753
3,top,CC(C)=NNc1nc(NN=C(C)C)nc(NN=C(C)C)n1,"[3, 6, 9]","[{'functional_group': 'ethyl', 'smiles_inds': [15]}]",0.9999899375835164
3,top,C(CN(Cc1cnccn1)Cc1cnccn1)N(Cc1cnccn1)Cc1cnccn1,"[2, 17, 9, 16, 24, 31]",[],0.9999903269678356
3,top,CC12CNCCSCC(C)(CSCCNC1)CSCCNC2,"[6, 20, 3, 11, 14, 17]","[{'functional_group': 'ketone', 'smiles_inds': [13]}]",0.9999910534547899
3,top,CSCCSCC(C)(CSCCSC)CSCCSC,"[4, 1, 9, 12, 15, 18]","[{'functional_group': 'carboxylate', 'smiles_inds': [0]}]",0.9999913963600779
3,top,CC(CN)(CN)CSCCCCSCC(C)(CN)CN,"[12, 7, 19, 3, 17, 5]",[],0.9999919118547468
3,top,CC(CN)(CN)CSCCCSCC(C)(CN)CN,"[16, 3, 5, 18, 7, 11]",[],0.9999939397678665
3,top,CC(CN)(CN)CSCCSCC(C)(CN)CN,"[15, 17, 3, 7, 10, 5]",[],0.9999944574620985
3,top,CC12CNCCNCC(N)(CNCCSC1)CNCCSC2,"[14, 20, 3, 11, 17, 6]",[],0.9999963153851579
3,top,C(CN(CCN=CC1=NC=CN1)CCN=CC1=NC=CN1)N=CC1=NC=CN1,"[5, 8, 14, 17, 21, 24]",[],0.9999964361371612
3,top,CC12CNCCSCC(C)(CSCCNC1)CSCCNC2,"[6, 20, 3, 11, 14, 17]",[],0.9999974519079247
3,top,CC(CSCCSCC(C)=NN=C(N)[S-])=NN=C(N)[S-],"[14, 6, 19, 3, 10, 15]","[{'functional_group': 'cyanimide', 'smiles_inds': [18]}]",0.9999984939472162
3,top,CC(CSCCSCC(C)=NN=C(N)[S-])=NN=C(N)[S-],"[14, 6, 19, 3, 10, 15]",[],0.9999986617056817
4,bottom,O1N=C(c2ccncc2)C23C4C5C6C7C8C9C%10C%11C%12C%13C%14C%15C%16C%17C%13C%13C%12C9C9C8C8C6C6C%12C%18C%19C%20C(C%17C%17C%13C9=C(C8%12)C%19%17)C%16C8C9C%15C%12C%14C%11C%11C%10C7C5C5C%11C%12C(=C9C7=C2C(C%18C%20C87)C46)C135,[6],"[{'functional_group': '2-hydroxypyridine', 'smiles_inds': [38]}, {'functional_group': 'trichloro', 'smiles_inds': [40]}]",7.914330291352498e-69
4,bottom,O1N=C(c2ccncc2)C23C4C5C6C7C8C9C%10C%11C%12C%13C%14C%15C%16C%17C%13C%13C%12C9C9C8C8C6C6C%12C%18C%19C%20C(C%17C%17C%13C9=C(C8%12)C%19%17)C%16C8C9C%15C%12C%14C%11C%11C%10C7C5C5C%11C%12C(=C9C7=C2C(C%18C%20C87)C46)C135,[6],[],1.093551467585255e-65
4,bottom,C[Si](C)(C)c1cc(cc(c1)[Si](C#CP(C#C[Si](c1cc(cc(c1)[Si](C)(C)C)[Si](C)(C)C)(c1cc(cc(c1)[Si](C)(C)C)[Si](C)(C)C)c1cc(cc(c1)[Si](C)(C)C)[Si](C)(C)C)C#C[Si](c1cc(cc(c1)[Si](C)(C)C)[Si](C)(C)C)(c1cc(cc(c1)[Si](C)(C)C)[Si](C)(C)C)c1cc(cc(c1)[Si](C)(C)C)[Si](C)(C)C)(c1cc(cc(c1)[Si](C)(C)C)[Si](C)(C)C)c1cc(cc(c1)[Si](C)(C)C)[Si](C)(C)C)[Si](C)(C)C,[13],"[{'functional_group': 'cyanimide', 'smiles_inds': [121]}]",3.938792228001253e-50
4,bottom,C[Si](C)(C)c1cc(cc(c1)[Si](C#CP(C#C[Si](c1cc(cc(c1)[Si](C)(C)C)[Si](C)(C)C)(c1cc(cc(c1)[Si](C)(C)C)[Si](C)(C)C)c1cc(cc(c1)[Si](C)(C)C)[Si](C)(C)C)C#C[Si](c1cc(cc(c1)[Si](C)(C)C)[Si](C)(C)C)(c1cc(cc(c1)[Si](C)(C)C)[Si](C)(C)C)c1cc(cc(c1)[Si](C)(C)C)[Si](C)(C)C)(c1cc(cc(c1)[Si](C)(C)C)[Si](C)(C)C)c1cc(cc(c1)[Si](C)(C)C)[Si](C)(C)C)[Si](C)(C)C,[13],"[{'functional_group': 'ether', 'smiles_inds': [54]}, {'functional_group': 'carboxylate', 'smiles_inds': [26]}]",1.5039075442884159e-49
4,bottom,C[Si](C)(C)C(c1cc(C([Si](C)(C)C)[Si](C)(C)C)c([Se]c2ccccc2[Se]c2ccccc2[Se]c2ccccc2[Se]c2c(cc(cc2C([Si](C)(C)C)[Si](C)(C)C)C([Si](C)(C)C)[Si](C)(C)C)C([Si](C)(C)C)[Si](C)(C)C)c(c1)C([Si](C)(C)C)[Si](C)(C)C)[Si](C)(C)C,"[25, 32]","[{'functional_group': 'phenyl', 'smiles_inds': [23]}]",3.44355634251213e-41
4,bottom,C[Si](C)(C)C(c1cc(C([Si](C)(C)C)[Si](C)(C)C)c(Sc2ccccc2Sc2ccccc2Sc2ccccc2Sc2c(cc(cc2C([Si](C)(C)C)[Si](C)(C)C)C([Si](C)(C)C)[Si](C)(C)C)C([Si](C)(C)C)[Si](C)(C)C)c(c1)C([Si](C)(C)C)[Si](C)(C)C)[Si](C)(C)C,"[25, 32]","[{'functional_group': 'amide', 'smiles_inds': [30]}]",5.590896904485589e-41
4,bottom,C[Si](C)(C)C(c1cc(C([Si](C)(C)C)[Si](C)(C)C)c([Se]c2ccccc2Sc2ccccc2Sc2ccccc2[Se]c2c(cc(cc2C([Si](C)(C)C)[Si](C)(C)C)C([Si](C)(C)C)[Si](C)(C)C)C([Si](C)(C)C)[Si](C)(C)C)c(c1)C([Si](C)(C)C)[Si](C)(C)C)[Si](C)(C)C,"[25, 32]",[],1.866263021530583e-40
4,bottom,C[Si](C)(C)C(c1cc(C([Si](C)(C)C)[Si](C)(C)C)c([Se]c2ccccc2[Se]c2ccccc2[Se]c2ccccc2[Se]c2c(cc(cc2C([Si](C)(C)C)[Si](C)(C)C)C([Si](C)(C)C)[Si](C)(C)C)C([Si](C)(C)C)[Si](C)(C)C)c(c1)C([Si](C)(C)C)[Si](C)(C)C)[Si](C)(C)C,"[25, 32]",[],2.6635096827709775e-40
4,bottom,C[Si](C)(C)C(c1cc(C([Si](C)(C)C)[Si](C)(C)C)c(Sc2ccccc2[Se]c2ccccc2[Se]c2ccccc2Sc2c(cc(cc2C([Si](C)(C)C)[Si](C)(C)C)C([Si](C)(C)C)[Si](C)(C)C)C([Si](C)(C)C)[Si](C)(C)C)c(c1)C([Si](C)(C)C)[Si](C)(C)C)[Si](C)(C)C,"[25, 32]","[{'functional_group': 'thiol', 'smiles_inds': [3]}]",5.6481755369652815e-40
4,bottom,C[Si](C)(C)C(c1cc(C([Si](C)(C)C)[Si](C)(C)C)c(Sc2ccccc2Sc2ccccc2Sc2ccccc2Sc2c(cc(cc2C([Si](C)(C)C)[Si](C)(C)C)C([Si](C)(C)C)[Si](C)(C)C)C([Si](C)(C)C)[Si](C)(C)C)c(c1)C([Si](C)(C)C)[Si](C)(C)C)[Si](C)(C)C,"[25, 32]","[{'functional_group': 'trifluro', 'smiles_inds': [54]}, {'functional_group': 'cyanimide', 'smiles_inds': [64]}]",7.346825256025916e-40
4,bottom,N=P(c1ccccc1c1cc(cc(c1)c1ccccc1P(=[N-])(C12CC3CC(CC(C3)C1)C2)C12CC3CC(CC(C3)C1)C2)c1ccccc1P(=[N-])(C12CC3CC(CC(C3)C1)C2)C12CC3CC(CC(C3)C1)C2)(C12CC3CC(CC(C3)C1)C2)C12CC3CC(CC(C3)C1)C2,"[0, 21, 49]","[{'functional_group': 'amino', 'smiles_inds': [57]}, {'functional_group': 'amino', 'smiles_inds': [30]}]",3.0052106571446677e-34
4,bottom,C[Si](C)(C)c1cc(cc(c1)[Si](C)(C)C)C(C(=O)Nc1cccc(NC(=O)C(c2cc(cc(c2)[Si](C)(C)C)[Si](C)(C)C)(c2cc(cc(c2)[Si](C)(C)C)[Si](C)(C)C)c2cc(cc(c2)[Si](C)(C)C)[Si](C)(C)C)c1[S-])(c1cc(cc(c1)[Si](C)(C)C)[Si](C)(C)C)c1cc(cc(c1)[Si](C)(C)C)[Si](C)(C)C,"[70, 16]",[],4.8882106676637517e-32
4,bottom,CC(C)(C)c1cc(CN2CCN(CCN(CC2)Cc2cc(cc(c2[O-])C23CC4C5CC6CC4C(C2)C(C6)C5C3)C(C)(C)C)Cc2cc(cc(c2[O-])C23CC4C5CC6CC4C(C2)C(C6)C5C3)C(C)(C)C)c([O-])c(c1)C12CC3C4CC5CC3C(C1)C(C5)C4C2,"[70, 24, 50, 8, 14, 11]",[],7.423647126242928e-30
4,bottom,CC(C)(C)c1cc(CP(C23CC4CC(CC(C4)C2)C3)C23CC4CC(CC(C4)C2)C3)c2[N-]c3c(CP(C45CC6CC(CC(C6)C4)C5)C45CC6CC(CC(C6)C4)C5)cc(cc3c2c1)C(C)(C)C,"[34, 8, 30]","[{'functional_group': 'ketone', 'smiles_inds': [22]}, {'functional_group': 'amide', 'smiles_inds': [54]}, {'functional_group': 'cyano', 'smiles_inds': [47]}]",5.72180288792468e-29
4,bottom,O=C1N2CN3C(=O)N4CN5C(=O)N6CN7C(=O)N8CN9C(=O)N%10CN%11C(=O)N%12CN1C1%13CCCCC21N1CN2C(=O)N(CN%14C(=O)N(CN%15C(=O)N(CN%16C(=O)N(CN%17C(=O)N(CN%13C1=O)C1%12CCCCC%11%171)C1%10CCCCC9%161)C18CCCCC7%151)C16CCCCC5%141)C14CCCCC321,"[26, 0, 6]","[{'functional_group': 'fluoro', 'smiles_inds': [32]}]",8.030020899436544e-28
4,bottom,O=C1N2CN3C(=O)N4CN5C(=O)N6CN7C(=O)N8CN9C(=O)N%10CN%11C(=O)N%12CN1C1%13CCCC21N1CN2C(=O)N(CN%14C(=O)N(CN%15C(=O)N(CN%16C(=O)N(CN%17C(=O)N(CN%13C1=O)C1%12CCCC%11%171)C1%10CCCC9%161)C18CCCC7%151)C16CCCC5%141)C14CCCC321,"[54, 59]","[{'functional_group': 'carboxyl', 'smiles_inds': [86]}, {'functional_group': 'cyanimide', 'smiles_inds': [73]}]",3.5852148630124373e-25
4,bottom,CCC1(CC)CC(CC)(CC)c2c(PCc3cccc(C=Pc4c5c(cc6c4C(CC)(CC)CC6(CC)CC)C(CC)(CC)CC5(CC)CC)n3)c3c(cc12)C(CC)(CC)CC3(CC)CC,"[13, 21, 50]","[{'functional_group': 'ethyl', 'smiles_inds': [38]}]",6.603190539860688e-25
4,bottom,CCC1(CC)CC(CC)(CC)c2c1cc1c(c2P=Cc2cccc(C=Pc3c4c(cc5c3C(CC)(CC)CC5(CC)CC)C(CC)(CC)CC4(CC)CC)n2)C(CC)(CC)CC1(CC)CC,"[17, 25, 54]",[],3.966097297032216e-24
4,bottom,C1C2CC3CC1CC(C2)(C3)P(Cc1ccccc1CP(C12CC3CC(CC(C3)C1)C2)C12CC3CC(CC(C3)C1)C2)C12CC3CC(CC(C3)C1)C2,"[10, 19]","[{'functional_group': 'carboxyl', 'smiles_inds': [27]}]",7.09238173480388e-24
4,bottom,C1C2CC3CC1CC(C2)(C3)P(Cc1ccccc1CP(C12CC3CC(CC(C3)C1)C2)C12CC3CC(CC(C3)C1)C2)C12CC3CC(CC(C3)C1)C2,"[10, 19]","[{'functional_group': 'phenyl', 'smiles_inds': [23]}, {'functional_group': 'hydroxyl', 'smiles_inds': [16]}]",5.399076244964122e-23
4,median,CN(C)CC(C)(C)[S-],"[7, 1]","[{'functional_group': 'methyl', 'smiles_inds': [3]}]",0.24471446504296493
4,median,O=C1OCCOCCOCCOCCOCCOC(=O)c2cccnc2c2ncccc12,"[27, 24]","[{'functional_group': 'bromo', 'smiles_inds': [9]}, {'functional_group': 'ethyl_ester', 'smiles_inds': [7]}]",0.24476193793937448
4,median,COc1cc(cc(OC)c1OC)C(=O)Nc1ccccn1,"[13, 20]",[],0.24476682187770943
4,median,Oc1ccccc1C(=O)NN=Cc1cccc2cccnc12,"[20, 10, 8]","[{'functional_group': 'trichloro', 'smiles_inds': [0]}]",0.24479006915199947
4,median,CC(C)=NOC1(ON=C(C)C)N=C(N)c2cc(Cl)c(Cl)cc12,"[11, 3, 7]",[],0.24484799274248648
4,median,COc1cccc(c1)C(=O)[N-]NC(=S)Nc1ccccc1,"[10, 13]",[],0.24485734974874032
4,median,Cc1cc(C)c(c(C)c1)c1ccnc(c1)c1[c-]ccc2ccccc12,"[12, 16]","[{'functional_group': 'tribromo', 'smiles_inds': [11]}]",0.24486499834269165
4,median,CC(=[NH2+])Sc1ccccc1P(c1ccccc1)c1ccccc1[S-],"[23, 10]",[],0.2448859880114896
4,median,NC1=NC2=[NH+]CCN=C2C(=O)N1,"[10, 7]","[{'functional_group': 'methyl_ester', 'smiles_inds': [5]}]",0.24488902813146562
4,median,CC1(C=C(Cl)C=C([N-]1)c1ccccn1)c1ccccn1,"[13, 7, 19]","[{'functional_group': 'methyl_ester', 'smiles_inds': [11]}]",0.2449366073460541
4,median,[O-]c1ccccc1C=NCCN1C=CN(Cc2ccccc2)[CH-]1,"[0, 8, 22]",[],0.24494183752588466
4,median,[O-]c1ccccc1C=NCC1CCCCN1,"[0, 8, 15]","[{'functional_group': 'iodo', 'smiles_inds': [13]}, {'functional_group': 'ethyl_ester', 'smiles_inds': [2]}]",0.2450067602249294
4,median,N1C(=Nc2c1c1cccnc1c1ncccc21)c1ccc2ccccc2c1,"[12, 9]","[{'functional_group': 'thiol', 'smiles_inds': [13]}]",0.245049826956852
4,median,CCO[S](=O)=O,[3],[],0.2450921845481161
4,median,COCCN1[CH-]N(CCOC)c2ccccc12,"[1, 5]",[],0.24509561716574246
4,median,COc1[nH+][c-]c(c(OC)n1)c1cc(C)ccn1,"[4, 16]","[{'functional_group': 'phosphonate', 'smiles_inds': [14]}, {'functional_group': 'trifluro', 'smiles_inds': [11]}]",0.2450960835672589
4,median,COC(OC)c1ccccc1OCCOc1ccccc1C=NN=C([S-])Nc1ccccc1,"[25, 22]",[],0.24511619407351762
4,median,C1CN=C2N(C1)CCCN2c1ncccn1,"[9, 2]","[{'functional_group': 'hydroxyl', 'smiles_inds': [0]}]",0.24513493884342188
4,median,COc1ccccc1N=C(N=C([O-])c1ccccc1)c1ccccc1,"[12, 1, 8]","[{'functional_group': 'carbonyl', 'smiles_inds': [17]}]",0.24526951905276553
4,median,CCc1cccc(CC)c1N=C(C)c1cccc(n1)C1=Nc2ccccc2O1,"[18, 10, 20]","[{'functional_group': 'chloro', 'smiles_inds': [8]}]",0.24528260694144022
4,top,CC12CNCCNCC(N)(CNCCSC1)CNCCSC2,"[14, 20, 3, 11, 17, 6]",[],0.9999919854043112
4,top,[NH3+]C12CNCCNCC(C)(CNCCNC1)CNCCNC2,"[11, 3, 20, 17, 6, 14]",[],0.9999930859878116
4,top,CC12CSCCNCC3(CNCCSC1)C(=O)NCNC3=NCCSC2,"[24, 3, 13, 21, 6, 10]","[{'functional_group': 'phosphonate', 'smiles_inds': [5]}]",0.9999943597562588
4,top,CC(C)=NNc1nc(NN=C(C)C)nc(NN=C(C)C)n1,"[3, 6, 9]","[{'functional_group': 'trichloro', 'smiles_inds': [0]}]",0.9999945805704792
4,top,CC(CN)(CN)CSCCCSCC(C)(CN)CN,"[16, 3, 5, 18, 7, 11]","[{'functional_group': 'amide', 'smiles_inds': [15]}]",0.9999962815516776
4,top,CC12CSCCNCC3(CNCCSC1)C(=O)NCNC3=NCCSC2,"[24, 3, 13, 21, 6, 10]",[],0.9999963186760142
4,top,[NH3+]CCSCC12CSCCNCC(CNCCSC1)(CNCCSC2)N(=O)=O,"[7, 17, 23, 10, 14, 20]",[],0.9999967508841566
4,top,CC(CN)(CN)CSCCSCC(C)(CN)CO,"[7, 10, 17, 3, 5, 15]",[],0.9999970495662929
4,top,CC12CNCC(C)(C)C=NCC(C)(CSCCSC1)CN=CC(C)(C)CNC2,"[14, 17, 26, 9, 3, 20]",[],0.9999972066000653
4,top,CC(CN)(CN)CSCCSCC(C)(CN)CN,"[15, 17, 3, 7, 10, 5]","[{'functional_group': 'ethyl', 'smiles_inds': [11]}]",0.9999972802353982
4,top,CC(CN)(CN)CSCc1ccccc1CSCC(C)(CN)CN,"[5, 23, 21, 3, 16, 7]","[{'functional_group': 'chloro', 'smiles_inds': [2]}]",0.9999983062678152
4,top,c1cnc(nc1)c1nc(nc(n1)c1ncccn1)c1ncccn1,"[2, 7, 19]","[{'functional_group': 'carboxylate', 'smiles_inds': [22]}]",0.9999989349908689
4,top,CC1(C)CSCC(C)(C)CSCC(C)(C)CSC1,[16],"[{'functional_group': 'fluoro', 'smiles_inds': [8]}, {'functional_group': 'ketone', 'smiles_inds': [14]}]",0.9999990797144427
4,top,CSCC(CSC)(CSC)CSC,"[1, 5]",[],0.9999990911598668
4,top,C(CN(CCN=CC1=NC=CN1)CCN=CC1=NC=CN1)N=CC1=NC=CN1,"[5, 8, 14, 17, 21, 24]",[],0.9999992917518568
4,top,CC12CSCCSCC(C)(CSCCSC1)CSCCSC2,"[3, 14, 20, 6, 17, 11]","[{'functional_group': 'carbonyl', 'smiles_inds': [16]}]",0.9999998780514507
4,top,CC(CN=CC1=NC=CN1)(CN=CC1=NC=CN1)CN=CC1=NC=CN1,"[19, 3, 22, 6, 11, 14]","[{'functional_group': 'carbonyl', 'smiles_inds': [0]}]",0.9999998816577391
4,top,CC(CN=CC1=NC=CN1)(CN=CC1=NC=CN1)CN=CC1=NC=CN1,"[19, 3, 22, 6, 11, 14]",[],0.9999999133481667
4,top,CC(CN)(CN)CSCCSCC(C)(CN)CN,"[15, 17, 3, 7, 10, 5]",[],0.999999918382737
4,top,CC1(C)CSCC(C)(C)CSCC(C)(C)CSC1,[16],[],0.9999999301674511
5,bottom,C[Si](C)(C)c1cc(cc(c1)[Si](C#CP(C#C[Si](c1cc(cc(c1)[Si](C)(C)C)[Si](C)(C)C)(c1cc(cc(c1)[Si](C)(C)C)[Si](C)(C)C)c1cc(cc(c1)[Si](C)(C)C)[Si](C)(C)C)C#C[Si](c1cc(cc(c1)[Si](C)(C)C)[Si](C)(C)C)(c1cc(cc(c1)[Si](C)(C)C)[Si](C)(C)C)c1cc(cc(c1)[Si](C)(C)C)[Si](C)(C)C)(c1cc(cc(c1)[Si](C)(C)C)[Si](C)(C)C)c1cc(cc(c1)[Si](C)(C)C)[Si](C)(C)C)[Si](C)(C)C,[13],"[{'functional_group': 'trichloro', 'smiles_inds': [111]}, {'functional_group': 'carbonyl', 'smiles_inds': [24]}]",9.974251123476381e-49
5,bottom,CP(CCP(C)c1c(cc(cc1C([Si](C)(C)C)[Si](C)(C)C)C([Si](C)(C)C)([Si](C)(C)C)[Si](C)(C)C)C([Si](C)(C)C)[Si](C)(C)C)c1c(cc(cc1C([Si](C)(C)C)[Si](C)(C)C)C([Si](C)(C)C)([Si](C)(C)C)[Si](C)(C)C)C([Si-](C)C)[Si](C)(C)C,"[4, 72, 1]","[{'functional_group': 'phenyl', 'smiles_inds': [32]}]",6.327537334249499e-42
5,bottom,C[Si](C)(C)C(c1cc(C([Si](C)(C)C)[Si](C)(C)C)c(Sc2ccccc2Sc2ccccc2Sc2ccccc2Sc2c(cc(cc2C([Si](C)(C)C)[Si](C)(C)C)C([Si](C)(C)C)[Si](C)(C)C)C([Si](C)(C)C)[Si](C)(C)C)c(c1)C([Si](C)(C)C)[Si](C)(C)C)[Si](C)(C)C,"[25, 32]","[{'functional_group': 'phenyl', 'smiles_inds': [48]}]",4.323192844001121e-41
5,bottom,C[Si](C)(C)C(c1cc(C([Si](C)(C)C)[Si](C)(C)C)c(Sc2ccccc2Sc2ccccc2Sc2ccccc2Sc2c(cc(cc2C([Si](C)(C)C)[Si](C)(C)C)C([Si](C)(C)C)[Si](C)(C)C)C([Si](C)(C)C)[Si](C)(C)C)c(c1)C([Si](C)(C)C)[Si](C)(C)C)[Si](C)(C)C,"[25, 32]","[{'functional_group': 'phosphonate', 'smiles_inds': [42]}]",4.738264487371527e-41
5,bottom,C[Si](C)(C)C(c1cc(C([Si](C)(C)C)[Si](C)(C)C)c([Se]c2ccccc2Sc2ccccc2Sc2ccccc2[Se]c2c(cc(cc2C([Si](C)(C)C)[Si](C)(C)C)C([Si](C)(C)C)[Si](C)(C)C)C([Si](C)(C)C)[Si](C)(C)C)c(c1)C([Si](C)(C)C)[Si](C)(C)C)[Si](C)(C)C,"[25, 32]","[{'functional_group': 'thiol', 'smiles_inds': [2]}]",4.306478281940006e-40
5,bottom,C[Si](C)(C)c1cc(cc(c1)[Si](C)(C)C)C(C(=O)Nc1cccc(NC(=O)C(c2cc(cc(c2)[Si](C)(C)C)[Si](C)(C)C)(c2cc(cc(c2)[Si](C)(C)C)[Si](C)(C)C)c2cc(cc(c2)[Si](C)(C)C)[Si](C)(C)C)c1[S-])(c1cc(cc(c1)[Si](C)(C)C)[Si](C)(C)C)c1cc(cc(c1)[Si](C)(C)C)[Si](C)(C)C,"[70, 16]",[],1.0431963228541148e-32
5,bottom,C[Si](C)(C)c1cc(cc(c1)[Si](C)(C)C)C(C(=O)Nc1cccc(NC(=O)C(c2cc(cc(c2)[Si](C)(C)C)[Si](C)(C)C)(c2cc(cc(c2)[Si](C)(C)C)[Si](C)(C)C)c2cc(cc(c2)[Si](C)(C)C)[Si](C)(C)C)c1[S-])(c1cc(cc(c1)[Si](C)(C)C)[Si](C)(C)C)c1cc(cc(c1)[Si](C)(C)C)[Si](C)(C)C,"[70, 16]","[{'functional_group': 'ethyl', 'smiles_inds': [12]}, {'functional_group': 'iodo', 'smiles_inds': [58]}, {'functional_group': 'cyanimide', 'smiles_inds': [90]}]",1.2516058338788274e-32
5,bottom,N=P(c1ccccc1c1cc(cc(c1)c1ccccc1P(=[N-])(C12CC3CC(CC(C3)C1)C2)C12CC3CC(CC(C3)C1)C2)c1ccccc1P(=[N-])(C12CC3CC(CC(C3)C1)C2)C12CC3CC(CC(C3)C1)C2)(C12CC3CC(CC(C3)C1)C2)C12CC3CC(CC(C3)C1)C2,"[0, 21, 49]","[{'functional_group': 'carboxylate', 'smiles_inds': [88]}, {'functional_group': 'ethyl', 'smiles_inds': [64]}]",2.302749416918073e-31
5,bottom,C[Si](C)(C)C(S[Ge](SC([Si](C)(C)C)([Si](C)(C)C)[Si](C)(C)C)SC([Si](C)(C)C)([Si](C)(C)C)[Si](C)(C)C)([Si](C)(C)C)[Si](C)(C)C,"[5, 7, 21]","[{'functional_group': 'phosphonate', 'smiles_inds': [41]}]",4.800166610510657e-24
5,bottom,CC(C)(C)c1cc(CN2CCN(CCN(CC2)Cc2cc(cc(c2[O-])C23CC4C5CC6CC4C(C2)C(C6)C5C3)C(C)(C)C)Cc2cc(cc(c2[O-])C23CC4C5CC6CC4C(C2)C(C6)C5C3)C(C)(C)C)c([O-])c(c1)C12CC3C4CC5CC3C(C1)C(C5)C4C2,"[70, 24, 50, 8, 14, 11]","[{'functional_group': '2-methylbenzoic_acid', 'smiles_inds': [10]}]",7.076142624382098e-23
5,bottom,Cc1cc(C)c(B(CCCP(CCCB(c2c(C)cc(C)cc2C)c2c(C)cc(C)cc2C)CCP(CCCB(c2c(C)cc(C)cc2C)c2c(C)cc(C)cc2C)CCCB(c2c(C)cc(C)cc2C)c2c(C)cc(C)cc2C)c2c(C)cc(C)cc2C)c(C)c1,"[35, 10]","[{'functional_group': 'carboxyllic_acid', 'smiles_inds': [18]}]",1.1160189120977692e-22
5,bottom,C[Si](C)(C)C(P([Ge](P(C([Si](C)(C)C)[Si](C)(C)C)c1ccccc1)P(C([Si](C)(C)C)[Si](C)(C)C)c1ccccc1)c1ccccc1)[Si](C)(C)C,"[5, 7, 23]",[],3.117240563108805e-22
5,bottom,CP(C)c1c(cc(cc1C([Si](C)(C)C)[Si](C)(C)C)C([Si](C)(C)C)([Si](C)(C)C)[Si](C)(C)C)C([Si](C)(C)C)[Si](C)(C)C,[1],"[{'functional_group': 'carboxyllic_acid', 'smiles_inds': [20]}]",5.154329513608474e-22
5,bottom,CCCC[P](CCCC)(CCCC)CCP(CCP(CCP(CC[P](CCCC)(CCCC)CCCC)CC[P](CCCC)(CCCC)CCCC)c1ccccc1)CC[P](CCCC)(CCCC)CCCC,"[15, 18, 21]","[{'functional_group': 'aldehyde', 'smiles_inds': [26]}, {'functional_group': 'iodo', 'smiles_inds': [8]}]",4.03907289896894e-21
5,bottom,CC(C)c1cc(c([Ge]c2c(cc(cc2C([Si](C)(C)C)[Si](C)(C)C)C([Si](C)(C)C)[Si](C)(C)C)C([Si](C)(C)C)[Si](C)(C)C)c(c1)C(C)C)C(C)C,[7],[],5.031977763168732e-21
5,bottom,CCCC[P](CCCC)(CCCC)CCP(CCP(CCP(CC[P](CCCC)(CCCC)CCCC)CC[P](CCCC)(CCCC)CCCC)c1ccccc1)CC[P](CCCC)(CCCC)CCCC,"[15, 18, 21]","[{'functional_group': 'trichloro', 'smiles_inds': [36]}, {'functional_group': 'phosphonate', 'smiles_inds': [13]}]",5.639911213737998e-21
5,bottom,CCCC[P](CCCC)(CCCC)CCP(CCP(CCP(CC[P](CCCC)(CCCC)CCCC)CC[P](CCCC)(CCCC)CCCC)c1ccccc1)CC[P](CCCC)(CCCC)CCCC,"[15, 18, 21]","[{'functional_group': 'amino', 'smiles_inds': [2]}]",1.2615849341829318e-20
5,bottom,CC(C)c1cc(c([Ge]c2c(cc(cc2C([Si](C)(C)C)[Si](C)(C)C)C([Si](C)(C)C)[Si](C)(C)C)C([Si](C)(C)C)[Si](C)(C)C)c(c1)C(C)C)C(C)C,[7],"[{'functional_group': 'carbonyl', 'smiles_inds': [21]}]",2.2245204929047945e-20
5,bottom,CC1=CC[Sb](C1)c1c(cc(cc1C([Si](C)(C)C)[Si](C)(C)C)C([Si](C)(C)C)[Si](C)(C)C)C([Si](C)(C)C)[Si](C)(C)C,[4],[],3.454031576899025e-20
5,bottom,C1C2CC3CC1CC(C2)(C3)P(Cc1cccc(CP(C23CC4CC(CC(C4)C2)C3)C23CC4CC(CC(C4)C2)C3)n1)C12CC3CC(CC(C3)C1)C2,"[10, 18, 39]","[{'functional_group': 'amide', 'smiles_inds': [32]}]",4.354458973302224e-20
5,median,COc1ccc(cc1)C1=NC(=C(N1)C(O)=O)C(=O)[O-],"[9, 18]",[],0.24457104764934715
5,median,CC(C)[As](C(C)C)C(C)C,[3],"[{'functional_group': 'amino', 'smiles_inds': [9]}, {'functional_group': 'chloro', 'smiles_inds': [8]}]",0.24458722888059767
5,median,O=S(CCS(=O)c1ccccc1)c1ccccc1,"[4, 1]","[{'functional_group': 'trifluro', 'smiles_inds': [11]}]",0.24462786486550717
5,median,Clc1ccccc1[NH+]=Cc1ccccc1[O-],[15],[],0.24464913183089823
5,median,CSC1=C(SC)SC(S1)=C1Sc2c(S1)c1cccnc1c1ncccc21,"[18, 21]",[],0.24467297100318758
5,median,NOC(=[CH-])c1ccccc1,"[0, 3]","[{'functional_group': 'phosphonate', 'smiles_inds': [7]}]",0.2446765616626812
5,median,Cc1cc2ncc(nc2cc1C)c1ccccn1,"[17, 7]","[{'functional_group': 'thiol', 'smiles_inds': [14]}]",0.24479223344005202
5,median,CC(C)c1cccc(C(C)C)c1N=CC(=C[O-])N(=O)=O,"[16, 12]","[{'functional_group': 'hydroxyl', 'smiles_inds': [5]}]",0.24485733851268646
5,median,O=C(NCc1cccnc1)c1cccc(n1)C(=O)NCc1cccnc1,[8],"[{'functional_group': 'carboxyl', 'smiles_inds': [13]}]",0.2448654074203873
5,median,CC(C)(C)c1ccc(cc1)C=NC1CC(N)CC(N)C1,"[11, 15, 18]","[{'functional_group': 'amino', 'smiles_inds': [10]}]",0.24489131556336952
5,median,Clc1cc(Cl)c([O-])c(C=O)c1,"[6, 9]","[{'functional_group': 'ethyl_ester', 'smiles_inds': [2]}]",0.24492279275098444
5,median,CN1N(c2ccccc2)C(=O)C(=C1C)N,"[10, 14]","[{'functional_group': 'bromo', 'smiles_inds': [4]}]",0.24492770738683955
5,median,CC(C)(C)c1ccnc(c1)c1cc(cc(n1)c1ccccc1)C(C)(C)C,"[7, 15]","[{'functional_group': 'chloro', 'smiles_inds': [23]}]",0.24512794287702705
5,median,C1=CN(N=C1)c1ccnc(c1)N1C=CC=N1,"[2, 15]","[{'functional_group': 'methyl', 'smiles_inds': [6]}]",0.24515389034994972
5,median,O=NC1C2CCC(C2)C1N=O,"[1, 9]","[{'functional_group': 'phosphonate', 'smiles_inds': [3]}]",0.24529315186230094
5,median,Cc1cc(Cl)ccc1OCC(=O)NN,"[11, 13]",[],0.2453463102152314
5,median,C=Cc1ccc(CN2CCCNCCCNCCC2)cc1,[11],"[{'functional_group': 'ethyl', 'smiles_inds': [13]}]",0.24539930086548822
5,median,COC(=O)[C-]=C(CC=N)C(=O)OC,"[4, 8]","[{'functional_group': 'amide', 'smiles_inds': [12]}, {'functional_group': 'chloro', 'smiles_inds': [6]}, {'functional_group': 'amino', 'smiles_inds': [0]}]",0.2454011699349803
5,median,NC1=NC2=[NH+]CCN=C2C(=O)N1,"[10, 7]","[{'functional_group': 'carboxyl', 'smiles_inds': [0]}, {'functional_group': 'ethyl_ester', 'smiles_inds': [11]}, {'functional_group': 'iodo', 'smiles_inds': [5]}]",0.2455163910552524
5,median,CC(C)(C)OC(=O)c1ccccc1P(c1ccccc1)c1ccc(Br)cc1,[13],[],0.24556569157414318
5,top,Cc1ncc(CO)c(C=NCN(CN=Cc2c(CO)cnc(C)c2[O-])CN=Cc2c(CO)cnc(C)c2[O-])c1[O-],"[39, 9, 37, 26, 24, 13]","[{'functional_group': 'amino', 'smiles_inds': [35]}, {'functional_group': 'carbonyl', 'smiles_inds': [0]}]",0.9999854416562783
5,top,Cc1ncc(CO)c(C=NCN(CN=Cc2c(CO)cnc(C)c2[O-])CN=Cc2c(CO)cnc(C)c2[O-])c1[O-],"[39, 9, 37, 26, 24, 13]","[{'functional_group': 'amino', 'smiles_inds': [35]}, {'functional_group': 'thiol', 'smiles_inds': [0]}]",0.9999861465217398
5,top,Cc1ncc(CO)c(C=NCN(CN=Cc2c(CO)cnc(C)c2[O-])CN=Cc2c(CO)cnc(C)c2[O-])c1[O-],"[39, 9, 37, 26, 24, 13]","[{'functional_group': 'amino', 'smiles_inds': [35]}, {'functional_group': 'hydroxyl', 'smiles_inds': [0]}]",0.9999866252268892
5,top,Cc1ncc(CO)c(C=NCN(CN=Cc2c(CO)cnc(C)c2[O-])CN=Cc2c(CO)cnc(C)c2[O-])c1[O-],"[39, 9, 37, 26, 24, 13]","[{'functional_group': 'amino', 'smiles_inds': [35]}, {'functional_group': 'ketone', 'smiles_inds': [0]}]",0.9999872489721595
5,top,CS(C)(C)C,[1],[],0.9999880487064088
5,top,CC12CNCN(CNC1)CC1(C)CNCC(CNC2)(CNC1)N(=O)=O,"[3, 17, 7, 5, 13, 20]","[{'functional_group': 'chloro', 'smiles_inds': [0]}, {'functional_group': 'bromo', 'smiles_inds': [16]}]",0.9999888795860968
5,top,O=C([O-])CN1CCN(COCNCCNCOC1)CC(=O)[O-],"[2, 21, 4, 7, 11, 14]","[{'functional_group': 'ether', 'smiles_inds': [17]}]",0.999989012804198
5,top,CC12CNCCSCC(C)(CSCCNC1)CSCCNC2,"[6, 20, 3, 11, 14, 17]","[{'functional_group': 'cyanimide', 'smiles_inds': [12]}]",0.9999903917619758
5,top,Cc1ncc(CO)c(C=NCN(CN=Cc2c(CO)cnc(C)c2[O-])CN=Cc2c(CO)cnc(C)c2[O-])c1[O-],"[39, 9, 37, 26, 24, 13]","[{'functional_group': 'carboxylate', 'smiles_inds': [19]}]",0.9999910152133163
5,top,CC12CNCCSCC(C)(CSCCNC1)CSCCNC2,"[6, 20, 3, 11, 14, 17]","[{'functional_group': 'carboxylate', 'smiles_inds': [2]}]",0.9999910280462654
5,top,CC12CNCN(CNC1)CC1(C)CNCC(CNC2)(CNC1)N(=O)=O,"[3, 17, 7, 5, 13, 20]",[],0.9999912892721842
5,top,CC12CSCCNCC(Cl)(CNCCSC1)CNCCSC2,"[6, 17, 11, 20, 14, 3]",[],0.9999929179849697
5,top,Cc1ncc(CO)c(C=NCN(CN=Cc2c(CO)cnc(C)c2[O-])CN=Cc2c(CO)cnc(C)c2[O-])c1[O-],"[39, 9, 37, 26, 24, 13]","[{'functional_group': 'amino', 'smiles_inds': [35]}, {'functional_group': 'cyanimide', 'smiles_inds': [22]}]",0.9999931944140084
5,top,Cc1ncc(CO)c(C=NCN(CN=Cc2c(CO)cnc(C)c2[O-])CN=Cc2c(CO)cnc(C)c2[O-])c1[O-],"[39, 9, 37, 26, 24, 13]","[{'functional_group': 'amino', 'smiles_inds': [35]}, {'functional_group': 'fluoro', 'smiles_inds': [0]}, {'functional_group': 'ether', 'smiles_inds': [25]}]",0.9999943110840198
5,top,CC12CNCCSCC(C)(CSCCNC1)CSCCNC2,"[6, 20, 3, 11, 14, 17]","[{'functional_group': 'trichloro', 'smiles_inds': [5]}]",0.9999948310048419
5,top,CC12CSCCNCC3(CNCCSC1)C(=O)NCNC3=NCCSC2,"[24, 3, 13, 21, 6, 10]",[],0.9999955949674163
5,top,CC12CSCCSCC(C)(CSCCSC1)CSCCSC2,"[3, 14, 20, 6, 17, 11]","[{'functional_group': 'trichloro', 'smiles_inds': [15]}, {'functional_group': 'carboxylate', 'smiles_inds': [12]}]",0.9999989883285078
5,top,CC1(C)CSCC(C)(C)CSCC(C)(C)CSC1,[16],[],0.9999993586948261
5,top,CC12CSCCSCC(C)(CSCCSC1)CSCCSC2,"[3, 14, 20, 6, 17, 11]",[],0.9999993778047357
5,top,CC(CSCCSCC(C)=NN=C(N)[S-])=NN=C(N)[S-],"[14, 6, 19, 3, 10, 15]","[{'functional_group': 'methyl', 'smiles_inds': [5]}]",0.9999995532040433
6,bottom,O1N=C(c2ccncc2)C23C4C5C6C7C8C9C%10C%11C%12C%13C%14C%15C%16C%17C%13C%13C%12C9C9C8C8C6C6C%12C%18C%19C%20C(C%17C%17C%13C9=C(C8%12)C%19%17)C%16C8C9C%15C%12C%14C%11C%11C%10C7C5C5C%11C%12C(=C9C7=C2C(C%18C%20C87)C46)C135,[6],"[{'functional_group': 'phosphonate', 'smiles_inds': [48]}]",3.148584729408961e-51
6,bottom,C[Si](C)(C)C(c1cc(C([Si](C)(C)C)[Si](C)(C)C)c([Se]c2ccccc2[Se]c2ccccc2[Se]c2ccccc2[Se]c2c(cc(cc2C([Si](C)(C)C)[Si](C)(C)C)C([Si](C)(C)C)[Si](C)(C)C)C([Si](C)(C)C)[Si](C)(C)C)c(c1)C([Si](C)(C)C)[Si](C)(C)C)[Si](C)(C)C,"[25, 32]","[{'functional_group': 'methyl_ester', 'smiles_inds': [82]}]",2.0568205069515101e-41
6,bottom,C[Si](C)(C)C(c1cc(C([Si](C)(C)C)[Si](C)(C)C)c([Se]c2ccccc2[Se]c2ccccc2[Se]c2ccccc2[Se]c2c(cc(cc2C([Si](C)(C)C)[Si](C)(C)C)C([Si](C)(C)C)[Si](C)(C)C)C([Si](C)(C)C)[Si](C)(C)C)c(c1)C([Si](C)(C)C)[Si](C)(C)C)[Si](C)(C)C,"[25, 32]",[],2.771248878468981e-41
6,bottom,C[Si](C)(C)C(c1cc(C([Si](C)(C)C)[Si](C)(C)C)c([Se]c2ccccc2[Se]c2ccccc2[Se]c2ccccc2[Se]c2c(cc(cc2C([Si](C)(C)C)[Si](C)(C)C)C([Si](C)(C)C)[Si](C)(C)C)C([Si](C)(C)C)[Si](C)(C)C)c(c1)C([Si](C)(C)C)[Si](C)(C)C)[Si](C)(C)C,"[25, 32]","[{'functional_group': 'carboxyl', 'smiles_inds': [12]}]",4.2138850998890586e-41
6,bottom,C[Si](C)(C)C(c1cc(C([Si](C)(C)C)[Si](C)(C)C)c(Sc2ccccc2Sc2ccccc2Sc2ccccc2Sc2c(cc(cc2C([Si](C)(C)C)[Si](C)(C)C)C([Si](C)(C)C)[Si](C)(C)C)C([Si](C)(C)C)[Si](C)(C)C)c(c1)C([Si](C)(C)C)[Si](C)(C)C)[Si](C)(C)C,"[25, 32]",[],1.1283913280805323e-40
6,bottom,N=P(c1ccccc1c1cc(cc(c1)c1ccccc1P(=[N-])(C12CC3CC(CC(C3)C1)C2)C12CC3CC(CC(C3)C1)C2)c1ccccc1P(=[N-])(C12CC3CC(CC(C3)C1)C2)C12CC3CC(CC(C3)C1)C2)(C12CC3CC(CC(C3)C1)C2)C12CC3CC(CC(C3)C1)C2,"[0, 21, 49]","[{'functional_group': 'carboxylate', 'smiles_inds': [4]}]",1.9871099748526123e-28
6,bottom,COc1c(cc(cc1C12CC3CC(CC(C3)C1)C2)P(c1cc(c(OC)c(c1)C12CC3CC(CC(C3)C1)C2)C12CC3CC(CC(C3)C1)C2)c1ccccc1CNc1cccc2CCC3(CCc4cccc(P(c5cc(cc(c5)C(C)(C)C)C(C)(C)C)c5cc(cc(c5)C(C)(C)C)C(C)(C)C)c34)c12)C12CC3CC(CC(C3)C1)C2,"[70, 18, 54]","[{'functional_group': 'amide', 'smiles_inds': [107]}, {'functional_group': 'carboxylate', 'smiles_inds': [35]}, {'functional_group': 'ethyl_ester', 'smiles_inds': [42]}]",9.250593722774641e-27
6,bottom,Cc1cc(C)c(B(CCCP(CCCB(c2c(C)cc(C)cc2C)c2c(C)cc(C)cc2C)CCP(CCCB(c2c(C)cc(C)cc2C)c2c(C)cc(C)cc2C)CCCB(c2c(C)cc(C)cc2C)c2c(C)cc(C)cc2C)c2c(C)cc(C)cc2C)c(C)c1,"[35, 10]","[{'functional_group': 'methyl_ester', 'smiles_inds': [82]}]",1.9984834733506036e-24
6,bottom,C[Si](C)(C)C(S[Ge](SC([Si](C)(C)C)([Si](C)(C)C)[Si](C)(C)C)SC([Si](C)(C)C)([Si](C)(C)C)[Si](C)(C)C)([Si](C)(C)C)[Si](C)(C)C,"[5, 7, 21]","[{'functional_group': 'methyl_ester', 'smiles_inds': [3]}, {'functional_group': 'aldehyde', 'smiles_inds': [20]}]",4.486423634311238e-24
6,bottom,C[Si](C)(CCC(F)(F)C(F)(F)C(F)(F)C(F)(F)C(F)(F)C(F)(F)F)c1ccc(cc1)P(CCP(c1ccc(cc1)[Si](C)(C)CCC(F)(F)C(F)(F)C(F)(F)C(F)(F)C(F)(F)C(F)(F)F)c1ccc(cc1)[Si](C)(C)CCC(F)(F)C(F)(F)C(F)(F)C(F)(F)C(F)(F)C(F)(F)F)c1ccc(cc1)[Si](C)(C)CCC(F)(F)C(F)(F)C(F)(F)C(F)(F)C(F)(F)C(F)(F)F,"[30, 33]","[{'functional_group': 'methyl_ester', 'smiles_inds': [95]}]",6.512461959884088e-24
6,bottom,C[Si](C)(C)C(S[Ge](SC([Si](C)(C)C)([Si](C)(C)C)[Si](C)(C)C)SC([Si](C)(C)C)([Si](C)(C)C)[Si](C)(C)C)([Si](C)(C)C)[Si](C)(C)C,"[5, 7, 21]","[{'functional_group': 'carboxyllic_acid', 'smiles_inds': [14]}, {'functional_group': 'aldehyde', 'smiles_inds': [29]}, {'functional_group': 'cyanimide', 'smiles_inds': [20]}]",1.8336101852437183e-23
6,bottom,C[Si](C)(C)c1cc(cc(c1)[Si](C)(C)C)P(c1cc(cc(c1)[Si](C)(C)C)[Si](C)(C)C)c1ccccc1P(c1cc(cc(c1)[Si](C)(C)C)[Si](C)(C)C)c1cc(cc(c1)[Si](C)(C)C)[Si](C)(C)C,"[35, 14]","[{'functional_group': 'phenyl', 'smiles_inds': [37]}, {'functional_group': 'tribromo', 'smiles_inds': [30]}]",1.6042509552984843e-22
6,bottom,C[Si](C)(C)C(P([Ge](P(C([Si](C)(C)C)[Si](C)(C)C)c1ccccc1)P(C([Si](C)(C)C)[Si](C)(C)C)c1ccccc1)c1ccccc1)[Si](C)(C)C,"[5, 7, 23]","[{'functional_group': 'hydroxyl', 'smiles_inds': [37]}]",2.9722817629512484e-22
6,bottom,CC(C)(C)c1cc(CP(C23CC4CC(CC(C4)C2)C3)C23CC4CC(CC(C4)C2)C3)c2[N-]c3c(CP(C45CC6CC(CC(C6)C4)C5)C45CC6CC(CC(C6)C4)C5)cc(cc3c2c1)C(C)(C)C,"[34, 8, 30]","[{'functional_group': 'phenyl', 'smiles_inds': [13]}]",4.6572313792540385e-22
6,bottom,CC(C)(C)c1cc2c3cc(cc4c5cc(cc6c7cc(cc8c9cc(cc%10c%11cc(cc%12c(c1)c2c1c(c34)c(c56)c(c78)c(c9%10)c1c%11%12)C(C)(C)C)C(C)(C)C)C(C)(C)C)C(C)(C)C)P(c1cc2c3cc(cc4c5cc(cc6c7cc(cc8c9cc(cc%10c%11cc(cc%12c(c1)c2c1c(c34)c(c56)c(c78)c(c9%10)c1c%11%12)C(C)(C)C)C(C)(C)C)C(C)(C)C)C(C)(C)C)C(C)(C)C)c1cc2c3cc(cc4c5cc(cc6c7cc(cc8c9cc(cc%10c%11cc(cc%12c(c1)c2c1c(c34)c(c56)c(c78)c(c9%10)c1c%11%12)C(C)(C)C)C(C)(C)C)C(C)(C)C)C(C)(C)C)C(C)(C)C,[62],"[{'functional_group': 'carboxyl', 'smiles_inds': [168]}]",6.048577663589508e-22
6,bottom,C[Si](C)(C)C(c1cc(C([Si](C)(C)C)[Si](C)(C)C)c(P=Pc2c3ccccc3cc3ccccc23)c(c1)C([Si](C)(C)C)[Si](C)(C)C)[Si](C)(C)C,[19],"[{'functional_group': '2-hydroxypyridine', 'smiles_inds': [6]}, {'functional_group': 'methyl', 'smiles_inds': [15]}]",1.0883284929456806e-21
6,bottom,C[Si](C)(C)C(c1cc(cc(C([Si](C)(C)C)[Si](C)(C)C)c1P)C([Si](C)(C)C)([Si](C)(C)C)[Si](C)(C)C)[Si](C)(C)C,[20],[],1.6495027129664231e-21
6,bottom,CC(C)c1cc(c([Ge]c2c(cc(cc2C([Si](C)(C)C)[Si](C)(C)C)C([Si](C)(C)C)[Si](C)(C)C)C([Si](C)(C)C)[Si](C)(C)C)c(c1)C(C)C)C(C)C,[7],"[{'functional_group': 'ether', 'smiles_inds': [16]}]",3.0401803183383876e-21
6,bottom,CC(C)(C)c1cc(CP(C23CC4CC(CC(C4)C2)C3)C23CC4CC(CC(C4)C2)C3)c2[N-]c3c(CP(C45CC6CC(CC(C6)C4)C5)C45CC6CC(CC(C6)C4)C5)cc(cc3c2c1)C(C)(C)C,"[34, 8, 30]",[],4.591791470881605e-21
6,bottom,C[Si](C)(C)C(P([Ge](P(C([Si](C)(C)C)[Si](C)(C)C)c1ccccc1)P(C([Si](C)(C)C)[Si](C)(C)C)c1ccccc1)c1ccccc1)[Si](C)(C)C,"[5, 7, 23]","[{'functional_group': 'carboxyllic_acid', 'smiles_inds': [24]}, {'functional_group': 'ketone', 'smiles_inds': [27]}, {'functional_group': 'aldehyde', 'smiles_inds': [12]}]",1.0436872224673794e-20
6,median,CN(C)C(=S)[S](=O)=O,"[5, 4]","[{'functional_group': '2-hydroxypyridine', 'smiles_inds': [0]}]",0.2535770499279447
6,median,Cc1ccc(cc1)N1C(=NN=C1c1ccncn1)c1ccccc1,"[7, 10]","[{'functional_group': 'cyanimide', 'smiles_inds': [3]}, {'functional_group': 'trichloro', 'smiles_inds': [16]}]",0.253597474301756
6,median,CC(C)(C)NCC=NC(C)(C)C,"[4, 7]","[{'functional_group': 'trifluro', 'smiles_inds': [10]}]",0.2536193546527431
6,median,CC(C)(C)C1=NC(=NN1)c1ccccn1,"[14, 5]","[{'functional_group': 'chloro', 'smiles_inds': [10]}, {'functional_group': 'phosphonate', 'smiles_inds': [11]}]",0.2536221373611816
6,median,CN(C)CCN(C)CCN(C)CCN(C)C,"[1, 5, 13]",[],0.2536324773071184
6,median,CC1=CC(=NN1)CN,"[7, 4]","[{'functional_group': '2-hydroxypyridine', 'smiles_inds': [6]}, {'functional_group': 'iodo', 'smiles_inds': [5]}]",0.25365409044942927
6,median,O=C1CCCCCCCN1,[0],[],0.25366621578612897
6,median,COC(=O)CCN(CC(=O)[O-])Cc1ccccn1,"[10, 6, 17]",[],0.253708993323881
6,median,O=S(=O)(N1C=CC=[C-]1)c1ccccc1,"[0, 7]",[],0.2537388541549299
6,median,C(c1cc(Cn2cccn2)cc(Cn2cccn2)c1)n1cccn1,[23],"[{'functional_group': 'carbonyl', 'smiles_inds': [16]}, {'functional_group': 'ketone', 'smiles_inds': [21]}]",0.2537637078020607
6,median,Cc1cccc(C)c1N=Cc1[c-]ccc2ccccc12,"[8, 11]",[],0.2538015496604244
6,median,COC(=O)C[C-](CC[C-]=CC(=O)OC)C(=O)OC,"[8, 3, 5]",[],0.25381571129302566
6,median,CC(C)(N)C[O-],"[5, 3]","[{'functional_group': 'methyl_ester', 'smiles_inds': [0]}]",0.25382042062026267
6,median,c1ccc(cc1)P(c1ccccc1)c1ccc2ccccc2c1c1nc(nc2ccccc12)c1cnccn1,"[24, 38, 6]","[{'functional_group': 'trifluro', 'smiles_inds': [18]}]",0.2538263188563516
6,median,Cc1ccc(nc1)N=C1[N-]C(=Nc2ccc(C)cn2)c2cc(C)c(C)cc12,"[9, 5, 18]",[],0.2538417690322182
6,median,CN(Cc1ccccn1)[CH-]c1ccccc1P(c1ccccc1)c1ccccc1,"[9, 8, 16]","[{'functional_group': 'amino', 'smiles_inds': [24]}, {'functional_group': 'ketone', 'smiles_inds': [4]}]",0.2538495529071073
6,median,C1CN2CCCN3CCCN(C1)C23c1ccccc1,"[2, 6]",[],0.2538498044148178
6,median,NCCN=Cc1ccccc1N1CCN(CC1)c1ccccc1C=NCCN,"[0, 3, 11, 14, 24, 27]","[{'functional_group': 'phosphonate', 'smiles_inds': [16]}, {'functional_group': 'amino', 'smiles_inds': [2]}, {'functional_group': 'thiol', 'smiles_inds': [19]}]",0.25397828344849427
6,median,NN1C(=O)c2cccc3cccc(C1=O)c23,"[14, 0]","[{'functional_group': 'hydroxyl', 'smiles_inds': [5]}]",0.25398692326471745
6,median,CC(C)N=Cc1cccc(C=NC(C)C)n1,"[3, 15, 11]","[{'functional_group': 'carboxyl', 'smiles_inds': [1]}, {'functional_group': 'chloro', 'smiles_inds': [8]}]",0.25402551178648664
6,top,CC12CSCCNCC(Cl)(CNCCSC1)CNCCSC2,"[6, 17, 11, 20, 14, 3]","[{'functional_group': 'ethyl', 'smiles_inds': [12]}, {'functional_group': 'ketone', 'smiles_inds': [0]}]",0.9999959361699997
6,top,CC(CN)(CN)CSCCSCC(C)(CN)CN,"[15, 17, 3, 7, 10, 5]",[],0.9999963281558989
6,top,CC(CSCCN)(CSCCN)CSCCN,"[3, 8, 13, 6, 11, 16]",[],0.9999970351102402
6,top,CC12CNCCNCC(CNCCSC1)(CNCCSC2)N(=O)=O,"[13, 19, 3, 10, 16, 6]",[],0.9999970661626195
6,top,CC12CSCCNCC(CNCCSC1)CNCCSC2,"[3, 13, 19, 6, 10, 16]","[{'functional_group': 'thiol', 'smiles_inds': [12]}, {'functional_group': 'chloro', 'smiles_inds': [4]}]",0.9999974548328721
6,top,CNC([S-])=NN=C(C)c1ccc(C)c[c-]1,"[3, 5, 14]","[{'functional_group': 'carboxylate', 'smiles_inds': [13]}, {'functional_group': 'carboxylate', 'smiles_inds': [9]}]",0.9999979082540387
6,top,CC(CN)(CN)CSCCCSCC(C)(CN)CN,"[16, 3, 5, 18, 7, 11]",[],0.9999979808315117
6,top,CC12CNCCNCC(N)(CNCCSC1)CNCCSC2,"[14, 20, 3, 11, 17, 6]",[],0.9999986080929012
6,top,CC12CSCCSCC(C)(CSCCSC1)CSCCSC2,"[3, 14, 20, 6, 17, 11]","[{'functional_group': 'amino', 'smiles_inds': [15]}, {'functional_group': 'hydroxyl', 'smiles_inds': [10]}]",0.9999989780345088
6,top,[NH3+]CCSCC12CSCCNCC(CNCCSC1)(CNCCSC2)N(=O)=O,"[7, 17, 23, 10, 14, 20]","[{'functional_group': 'tribromo', 'smiles_inds': [8]}]",0.9999991801373513
6,top,CC(CSCCSCC(C)=NN=C(N)[S-])=NN=C(N)[S-],"[14, 6, 19, 3, 10, 15]","[{'functional_group': 'cyanimide', 'smiles_inds': [9]}]",0.9999992698122528
6,top,CC12CSCCNCC3(CNCCSC1)C(=O)NCNC3=NCCSC2,"[24, 3, 13, 21, 6, 10]","[{'functional_group': 'tribromo', 'smiles_inds': [17]}]",0.9999994037072027
6,top,[NH3+]CCSCC12CSCCNCC(CNCCSC1)(CNCCSC2)N(=O)=O,"[7, 17, 23, 10, 14, 20]","[{'functional_group': 'bromo', 'smiles_inds': [21]}]",0.999999409260124
6,top,CC12CSCCSCC(C)(CSCCSC1)CSCCSC2,"[3, 14, 20, 6, 17, 11]","[{'functional_group': 'methyl_ester', 'smiles_inds': [18]}]",0.9999995126562603
6,top,[NH3+]C12CNCCSCC(C)(CSCCNC1)CSCCNC2,"[3, 14, 20, 6, 11, 17]","[{'functional_group': 'tribromo', 'smiles_inds': [5]}, {'functional_group': 'carboxylate', 'smiles_inds': [2]}]",0.9999995657394419
6,top,CC12CSCCNCC3(CNCCSC1)C(=O)NCNC3=NCCSC2,"[24, 3, 13, 21, 6, 10]",[],0.9999996271193221
6,top,CC(C)=NNc1nc(NN=C(C)C)nc(NN=C(C)C)n1,"[3, 6, 9]",[],0.9999998062273934
6,top,CC12CNCCSCC(C)(CSCCNC1)CSCCNC2,"[6, 20, 3, 11, 14, 17]",[],0.9999999128784585
6,top,CC12CSCCSCC(C)(CSCCSC1)CSCCSC2,"[3, 14, 20, 6, 17, 11]",[],0.9999999702420816
6,top,CC1(C)CSCC(C)(C)CSCC(C)(C)CSC1,[16],[],0.9999999802102528
7,bottom,O1N=C(c2ccncc2)C23C4C5C6C7C8C9C%10C%11C%12C%13C%14C%15C%16C%17C%13C%13C%12C9C9C8C8C6C6C%12C%18C%19C%20C(C%17C%17C%13C9=C(C8%12)C%19%17)C%16C8C9C%15C%12C%14C%11C%11C%10C7C5C5C%11C%12C(=C9C7=C2C(C%18C%20C87)C46)C135,[6],[],1.2767770200241548e-42
7,bottom,C[Si](C)(C)C(c1cc(C([Si](C)(C)C)[Si](C)(C)C)c([Se]c2ccccc2Sc2ccccc2Sc2ccccc2[Se]c2c(cc(cc2C([Si](C)(C)C)[Si](C)(C)C)C([Si](C)(C)C)[Si](C)(C)C)C([Si](C)(C)C)[Si](C)(C)C)c(c1)C([Si](C)(C)C)[Si](C)(C)C)[Si](C)(C)C,"[25, 32]","[{'functional_group': 'trichloro', 'smiles_inds': [6]}]",8.532746766184296e-29
7,bottom,C[Si](C)(C)C(c1cc(C([Si](C)(C)C)[Si](C)(C)C)c([Se]c2ccccc2[Se]c2ccccc2[Se]c2ccccc2[Se]c2c(cc(cc2C([Si](C)(C)C)[Si](C)(C)C)C([Si](C)(C)C)[Si](C)(C)C)C([Si](C)(C)C)[Si](C)(C)C)c(c1)C([Si](C)(C)C)[Si](C)(C)C)[Si](C)(C)C,"[25, 32]",[],1.0412947911990741e-28
7,bottom,C[Si](C)(C)C(c1cc(C([Si](C)(C)C)[Si](C)(C)C)c([Se]c2ccccc2Sc2ccccc2Sc2ccccc2[Se]c2c(cc(cc2C([Si](C)(C)C)[Si](C)(C)C)C([Si](C)(C)C)[Si](C)(C)C)C([Si](C)(C)C)[Si](C)(C)C)c(c1)C([Si](C)(C)C)[Si](C)(C)C)[Si](C)(C)C,"[25, 32]","[{'functional_group': 'phosphonate', 'smiles_inds': [23]}]",1.3148969930475742e-28
7,bottom,C[Si](C)(C)C(c1cc(C([Si](C)(C)C)[Si](C)(C)C)c([Se]c2ccccc2Sc2ccccc2Sc2ccccc2[Se]c2c(cc(cc2C([Si](C)(C)C)[Si](C)(C)C)C([Si](C)(C)C)[Si](C)(C)C)C([Si](C)(C)C)[Si](C)(C)C)c(c1)C([Si](C)(C)C)[Si](C)(C)C)[Si](C)(C)C,"[25, 32]",[],1.8485960992279836e-28
7,bottom,C[Si](C)(C)C(c1cc(C([Si](C)(C)C)[Si](C)(C)C)c([Se]c2ccccc2Sc2ccccc2Sc2ccccc2[Se]c2c(cc(cc2C([Si](C)(C)C)[Si](C)(C)C)C([Si](C)(C)C)[Si](C)(C)C)C([Si](C)(C)C)[Si](C)(C)C)c(c1)C([Si](C)(C)C)[Si](C)(C)C)[Si](C)(C)C,"[25, 32]","[{'functional_group': 'amino', 'smiles_inds': [46]}]",3.9956271966187337e-28
7,bottom,C[Si](C)(C)c1cc(cc(c1)[Si](C)(C)C)C(C(=O)Nc1cccc(NC(=O)C(c2cc(cc(c2)[Si](C)(C)C)[Si](C)(C)C)(c2cc(cc(c2)[Si](C)(C)C)[Si](C)(C)C)c2cc(cc(c2)[Si](C)(C)C)[Si](C)(C)C)c1[S-])(c1cc(cc(c1)[Si](C)(C)C)[Si](C)(C)C)c1cc(cc(c1)[Si](C)(C)C)[Si](C)(C)C,"[70, 16]","[{'functional_group': 'carboxylate', 'smiles_inds': [35]}, {'functional_group': 'phenyl', 'smiles_inds': [67]}]",1.9698458928952795e-27
7,bottom,C[Si](C)(C)c1cc(cc(c1)[Si](C)(C)C)C(C(=O)Nc1cccc(NC(=O)C(c2cc(cc(c2)[Si](C)(C)C)[Si](C)(C)C)(c2cc(cc(c2)[Si](C)(C)C)[Si](C)(C)C)c2cc(cc(c2)[Si](C)(C)C)[Si](C)(C)C)c1[S-])(c1cc(cc(c1)[Si](C)(C)C)[Si](C)(C)C)c1cc(cc(c1)[Si](C)(C)C)[Si](C)(C)C,"[70, 16]","[{'functional_group': 'hydroxyl', 'smiles_inds': [39]}, {'functional_group': 'trifluro', 'smiles_inds': [50]}]",1.9755678248967833e-27
7,bottom,Cc1cc(C)c(B(CCCP(CCCB(c2c(C)cc(C)cc2C)c2c(C)cc(C)cc2C)CCP(CCCB(c2c(C)cc(C)cc2C)c2c(C)cc(C)cc2C)CCCB(c2c(C)cc(C)cc2C)c2c(C)cc(C)cc2C)c2c(C)cc(C)cc2C)c(C)c1,"[35, 10]",[],1.3730555084105614e-24
7,bottom,CCCC[P](CCCC)(CCCC)CCP(CCP(CCP(CC[P](CCCC)(CCCC)CCCC)CC[P](CCCC)(CCCC)CCCC)c1ccccc1)CC[P](CCCC)(CCCC)CCCC,"[15, 18, 21]","[{'functional_group': 'thiol', 'smiles_inds': [8]}]",2.727079172756987e-23
7,bottom,CC(C)(C)c1cc2c3cc(cc4c5cc(cc6c7cc(cc8c9cc(cc%10c%11cc(cc%12c(c1)c2c1c(c34)c(c56)c(c78)c(c9%10)c1c%11%12)C(C)(C)C)C(C)(C)C)C(C)(C)C)C(C)(C)C)P(c1cc2c3cc(cc4c5cc(cc6c7cc(cc8c9cc(cc%10c%11cc(cc%12c(c1)c2c1c(c34)c(c56)c(c78)c(c9%10)c1c%11%12)C(C)(C)C)C(C)(C)C)C(C)(C)C)C(C)(C)C)C(C)(C)C)c1cc2c3cc(cc4c5cc(cc6c7cc(cc8c9cc(cc%10c%11cc(cc%12c(c1)c2c1c(c34)c(c56)c(c78)c(c9%10)c1c%11%12)C(C)(C)C)C(C)(C)C)C(C)(C)C)C(C)(C)C)C(C)(C)C,[62],[],1.0487032287976377e-20
7,bottom,CCOC(=O)C12C(=O)OCc3ccc4OCCOCCOc5cc(COC(=O)C6(C(=O)OCC)C78c9c%10c%11c%12c%13c%14C%15=C%16c%17c%18c%19c%15c%13c%10c7c%19c7c%18c%10c%13c%17c%15C%16=C%16c%14c%14c%12c%12c%11c%11c%17c%18c%12c%12c%19c%18c%18c%20c%21c%22c(c%13c%13c(c%18%22)c%19C1(c%15%13)C2%16c%14%12)c%10c1c%21c(c(c%17%20)c9%11)C68c71)ccc5OCCOCCOc4c3,"[17, 20, 97, 100, 103, 14]",[],1.4495400310477507e-20
7,bottom,CCOC(=O)C12C(=O)OCc3ccc4OCCOCCOc5cc(COC(=O)C6(C(=O)OCC)C78c9c%10c%11c%12c%13c%14C%15=C%16c%17c%18c%19c%15c%13c%10c7c%19c7c%18c%10c%13c%17c%15C%16=C%16c%14c%14c%12c%12c%11c%11c%17c%18c%12c%12c%19c%18c%18c%20c%21c%22c(c%13c%13c(c%18%22)c%19C1(c%15%13)C2%16c%14%12)c%10c1c%21c(c(c%17%20)c9%11)C68c71)ccc5OCCOCCOc4c3,"[17, 20, 97, 100, 103, 14]","[{'functional_group': 'cyanimide', 'smiles_inds': [11]}]",2.3770348889349788e-20
7,bottom,CC(C)(C)c1cc(CP(C23CC4CC(CC(C4)C2)C3)C23CC4CC(CC(C4)C2)C3)c2[N-]c3c(CP(C45CC6CC(CC(C6)C4)C5)C45CC6CC(CC(C6)C4)C5)cc(cc3c2c1)C(C)(C)C,"[34, 8, 30]",[],2.7248203537220725e-20
7,bottom,COc1ccc2ccccc2c1c1c2ccccc2ccc1c1nc2c(ccc(c3ccc(C)cc3)c2nc1c1nc2c(ccc(c3ccc(C)cc3)c2nc1c1nc2c(ccc(c3ccc(C)cc3)c2nc1c1nc2c(ccc(c3ccc(C)cc3)c2nc1c1nc2c(ccc(c3ccc(C)cc3)c2n[c-]1)c1ccc(C)cc1)c1ccc(C)cc1)c1ccc(C)cc1)c1ccc(C)cc1)c1ccc(C)cc1,"[106, 88]","[{'functional_group': 'ethyl', 'smiles_inds': [31]}]",4.217944226358587e-20
7,bottom,CC(C)(C)c1cc(CN2CCN(CCN(CC2)Cc2cc(cc(c2[O-])C23CC4C5CC6CC4C(C2)C(C6)C5C3)C(C)(C)C)Cc2cc(cc(c2[O-])C23CC4C5CC6CC4C(C2)C(C6)C5C3)C(C)(C)C)c([O-])c(c1)C12CC3C4CC5CC3C(C1)C(C5)C4C2,"[70, 24, 50, 8, 14, 11]","[{'functional_group': 'carboxyllic_acid', 'smiles_inds': [56]}]",3.178682632800726e-19
7,bottom,C1C2CC3CC1CC(C2)(C3)P(Cc1ccccc1CP(C12CC3CC(CC(C3)C1)C2)C12CC3CC(CC(C3)C1)C2)C12CC3CC(CC(C3)C1)C2,"[10, 19]","[{'functional_group': 'aldehyde', 'smiles_inds': [8]}]",1.06792271689334e-18
7,bottom,C1C2CC3CC1CC(C2)(C3)P(Cc1ccccc1CP(C12CC3CC(CC(C3)C1)C2)C12CC3CC(CC(C3)C1)C2)C12CC3CC(CC(C3)C1)C2,"[10, 19]","[{'functional_group': 'carboxylate', 'smiles_inds': [8]}, {'functional_group': 'iodo', 'smiles_inds': [37]}]",1.4358919422164514e-18
7,bottom,CC(C)(C)P(Cc1ccccc1CP(C(C)(C)C)C12CC3CC(CC(C3)C1)C2)C12CC3CC(CC(C3)C1)C2,"[4, 13]","[{'functional_group': '2-methylbenzoic_acid', 'smiles_inds': [3]}, {'functional_group': 'ethyl_ester', 'smiles_inds': [30]}, {'functional_group': 'thiol', 'smiles_inds': [31]}]",2.242513708089512e-18
7,bottom,COC1CCC(OC1C)OC1CC(OC2(OC(CC2C)C2OC(O)(CO)C(C)CC2C)C1C)C1(C)CCC2(CC(O)C(C)C(O2)C(C)C=C(C)C(=O)C(C)CC(C)C(=O)[O-])O1,"[13, 15, 21, 25, 60, 40]","[{'functional_group': 'methyl_ester', 'smiles_inds': [36]}]",4.261752774012284e-18
7,median,C(N1c2ccccc2N=C1c1ccccn1)c1cccc2ccccc12,"[8, 1]","[{'functional_group': 'carbonyl', 'smiles_inds': [23]}, {'functional_group': 'carboxylate', 'smiles_inds': [18]}, {'functional_group': '2-hydroxypyridine', 'smiles_inds': [3]}]",0.2875744999185271
7,median,C[As](F)c1ccccc1,[1],[],0.2876151019782782
7,median,c1ccc(cc1)c1nccc2ccccc12,[7],[],0.2876208030496929
7,median,COc1ccc(cc1)C([O-])=NN=Cc1c([O-])ccc2ccccc12,"[11, 15, 9]","[{'functional_group': '2-methylbenzoic_acid', 'smiles_inds': [0]}]",0.2876889865757525
7,median,c1cc([c-]c(c1)C12N=CC3C4C1[S+2]234)C12N=CC3C4C1[S+2]234,"[7, 14, 3]","[{'functional_group': 'amide', 'smiles_inds': [15]}, {'functional_group': 'iodo', 'smiles_inds': [18]}]",0.28774600577043175
7,median,CC(C)([CH2-])c1cccc(n1)c1ccc(F)c[c-]1,"[9, 16, 3]",[],0.2877920200667378
7,median,CCCCCCN(Cc1ccccn1)Cc1ccccn1,"[13, 20, 6]","[{'functional_group': 'aldehyde', 'smiles_inds': [4]}]",0.28782372754476593
7,median,O=C([N-]c1ccccc1c1ccccc1)c1ccccn1,"[2, 20]",[],0.28782560078534253
7,median,COc1ccc(C=NN=C([O-])c2ccc(cc2)N(=O)=O)c([O-])c1,"[7, 21, 10]","[{'functional_group': 'methyl_ester', 'smiles_inds': [16]}, {'functional_group': '2-methylbenzoic_acid', 'smiles_inds': [6]}, {'functional_group': 'iodo', 'smiles_inds': [22]}]",0.2878266288158739
7,median,S1C=CC=C1c1ccc(C2=CC=CS2)c(c1)N=Cc1ccccn1,"[23, 16]",[],0.2878360999143268
7,median,C[NH+](C)CC(N)CN,"[7, 5]","[{'functional_group': 'hydroxyl', 'smiles_inds': [4]}]",0.28783622308942153
7,median,CC(C)([CH-]C1CCCN1)c1ccccc1,"[8, 3]","[{'functional_group': 'tribromo', 'smiles_inds': [0]}]",0.287947944661281
7,median,CC(C)(C)c1ccccc1N=C([O-])c1ccccn1,"[12, 18]","[{'functional_group': 'carboxyllic_acid', 'smiles_inds': [17]}, {'functional_group': 'ketone', 'smiles_inds': [16]}]",0.2880004468672247
7,median,NC(CC(=O)[O-])c1ccc(F)cc1,"[0, 5]","[{'functional_group': 'aldehyde', 'smiles_inds': [2]}, {'functional_group': 'chloro', 'smiles_inds': [1]}]",0.2880614434615655
7,median,c1ccc(cc1)C(N1C=CC=N1)(N1C=CC=N1)c1ccccc1,"[11, 16]","[{'functional_group': 'cyano', 'smiles_inds': [14]}]",0.2880923347048047
7,median,COc1cccc(C=Nc2ccccc2C(=O)c2ccccc2)c1[O-],"[24, 8]","[{'functional_group': 'ketone', 'smiles_inds': [3]}, {'functional_group': 'methyl', 'smiles_inds': [21]}]",0.2881120467525779
7,median,OCC(NCc1ccccn1)C(=O)[O-],"[13, 3, 10]","[{'functional_group': 'tribromo', 'smiles_inds': [0]}, {'functional_group': 'carboxyl', 'smiles_inds': [4]}]",0.2881172960757037
7,median,O=C1C(=C(Oc2ccccc12)C1=CC=CO1)[O-],"[16, 0]","[{'functional_group': 'phenyl', 'smiles_inds': [6]}]",0.28812838509433036
7,median,COc1c[c-]c(C=NC2CCCCC2)c(OC)c1,"[7, 4]",[],0.28823714146699925
7,median,CCCN(Cc1cc(nc(c1)c1ccccn1)c1ccccn1)C(=O)C(C)C,"[22, 8, 16]",[],0.2882419994148576
7,top,CN1C=CN=C1C=NCC(C)(CN=CC1=NC=CN1C)CN=CC1=NC=CN1C,"[7, 21, 4, 24, 12, 15]","[{'functional_group': 'amino', 'smiles_inds': [0]}]",0.9999968198459381
7,top,CN1C=CN=C1C=NCC(C)(CN=CC1=NC=CN1C)CN=CC1=NC=CN1C,"[7, 21, 4, 24, 12, 15]","[{'functional_group': 'amino', 'smiles_inds': [28]}]",0.9999968198459381
7,top,CSCC(C)(CSC)CSC,"[9, 1, 6]",[],0.9999968629389594
7,top,CN1C=CN=C1C=NCC(C)(CN=CC1=NC=CN1C)CN=CC1=NC=CN1C,"[7, 21, 4, 24, 12, 15]","[{'functional_group': 'amino', 'smiles_inds': [8]}]",0.9999969530089132
7,top,CN1C=CN=C1C=NCC(C)(CN=CC1=NC=CN1C)CN=CC1=NC=CN1C,"[7, 21, 4, 24, 12, 15]","[{'functional_group': 'carboxylate', 'smiles_inds': [10]}, {'functional_group': 'carboxylate', 'smiles_inds': [25]}]",0.9999970922763962
7,top,CN1C=CN=C1C=NCC(C)(CN=CC1=NC=CN1C)CN=CC1=NC=CN1C,"[7, 21, 4, 24, 12, 15]","[{'functional_group': 'carboxylate', 'smiles_inds': [10]}, {'functional_group': 'ether', 'smiles_inds': [6]}, {'functional_group': 'cyanimide', 'smiles_inds': [20]}]",0.9999972445578652
7,top,CN1C=CN=C1C=NCC(C)(CN=CC1=NC=CN1C)CN=CC1=NC=CN1C,"[7, 21, 4, 24, 12, 15]","[{'functional_group': 'carboxylate', 'smiles_inds': [2]}]",0.999997783689518
7,top,CSCC(CSC)(CSC)CSC,"[1, 5]","[{'functional_group': 'trifluro', 'smiles_inds': [2]}]",0.9999978036420495
7,top,CN1C=CN=C1C=NCC(C)(CN=CC1=NC=CN1C)CN=CC1=NC=CN1C,"[7, 21, 4, 24, 12, 15]","[{'functional_group': 'carboxylate', 'smiles_inds': [10]}, {'functional_group': 'amino', 'smiles_inds': [20]}]",0.9999978407140659
7,top,CC(CSCCN)(CSCCN)CSCCN,"[3, 8, 13, 6, 11, 16]","[{'functional_group': 'ketone', 'smiles_inds': [4]}]",0.9999980574434107
7,top,CC12CNCCNCC(N)(CNCCSC1)CNCCSC2,"[14, 20, 3, 11, 17, 6]",[],0.9999982005230743
7,top,CN1C=CN=C1C=NCC(C)(CN=CC1=NC=CN1C)CN=CC1=NC=CN1C,"[7, 21, 4, 24, 12, 15]","[{'functional_group': 'carboxylate', 'smiles_inds': [10]}, {'functional_group': 'cyanimide', 'smiles_inds': [8]}]",0.9999983284530588
7,top,CN1C=CN=C1C=NCC(C)(CN=CC1=NC=CN1C)CN=CC1=NC=CN1C,"[7, 21, 4, 24, 12, 15]","[{'functional_group': 'carboxylate', 'smiles_inds': [10]}, {'functional_group': 'carboxylate', 'smiles_inds': [2]}]",0.9999985619821417
7,top,CC(CN=CC1=NC=CN1)(CN=CC1=NC=CN1)CN=CC1=NC=CN1,"[19, 3, 22, 6, 11, 14]",[],0.9999987555765946
7,top,CS(C)(C)C,[1],[],0.9999989204822307
7,top,[NH3+]C12CNCCSCC(CO)(CSCCNC1)CSCCNC2,"[6, 12, 18, 3, 15, 21]","[{'functional_group': 'fluoro', 'smiles_inds': [10]}]",0.99999941944764
7,top,CC12CSCCNCC3(CNCCSC1)C(=O)NCNC3=NCCSC2,"[24, 3, 13, 21, 6, 10]","[{'functional_group': 'ethyl', 'smiles_inds': [11]}]",0.999999642476895
7,top,CC12CSCCNCC(Cl)(CNCCSC1)CNCCSC2,"[6, 17, 11, 20, 14, 3]",[],0.9999997648021757
7,top,[NH3+]C12CNCCSCC(C)(CSCCNC1)CSCCNC2,"[3, 14, 20, 6, 11, 17]",[],0.9999998239826492
7,top,CSCC(CSC)(CSC)CSC,"[1, 5]",[],0.9999998875160423
8,bottom,C[Si](C)(C)c1cc(cc(c1)[Si](C#CP(C#C[Si](c1cc(cc(c1)[Si](C)(C)C)[Si](C)(C)C)(c1cc(cc(c1)[Si](C)(C)C)[Si](C)(C)C)c1cc(cc(c1)[Si](C)(C)C)[Si](C)(C)C)C#C[Si](c1cc(cc(c1)[Si](C)(C)C)[Si](C)(C)C)(c1cc(cc(c1)[Si](C)(C)C)[Si](C)(C)C)c1cc(cc(c1)[Si](C)(C)C)[Si](C)(C)C)(c1cc(cc(c1)[Si](C)(C)C)[Si](C)(C)C)c1cc(cc(c1)[Si](C)(C)C)[Si](C)(C)C)[Si](C)(C)C,[13],"[{'functional_group': 'fluoro', 'smiles_inds': [5]}]",3.702311487585919e-39
8,bottom,C[Si](C)(C)C(c1cc(C([Si](C)(C)C)[Si](C)(C)C)c(Sc2ccccc2Sc2ccccc2Sc2ccccc2Sc2c(cc(cc2C([Si](C)(C)C)[Si](C)(C)C)C([Si](C)(C)C)[Si](C)(C)C)C([Si](C)(C)C)[Si](C)(C)C)c(c1)C([Si](C)(C)C)[Si](C)(C)C)[Si](C)(C)C,"[25, 32]","[{'functional_group': 'bromo', 'smiles_inds': [27]}, {'functional_group': 'phenyl', 'smiles_inds': [87]}]",1.33447057239412e-28
8,bottom,C[Si](C)(C)C(c1cc(C([Si](C)(C)C)[Si](C)(C)C)c([Se]c2ccccc2[Se]c2ccccc2[Se]c2ccccc2[Se]c2c(cc(cc2C([Si](C)(C)C)[Si](C)(C)C)C([Si](C)(C)C)[Si](C)(C)C)C([Si](C)(C)C)[Si](C)(C)C)c(c1)C([Si](C)(C)C)[Si](C)(C)C)[Si](C)(C)C,"[25, 32]","[{'functional_group': 'chloro', 'smiles_inds': [66]}]",2.2647078332173554e-28
8,bottom,C[Si](C)(C)C(c1cc(C([Si](C)(C)C)[Si](C)(C)C)c(Sc2ccccc2[Se]c2ccccc2[Se]c2ccccc2Sc2c(cc(cc2C([Si](C)(C)C)[Si](C)(C)C)C([Si](C)(C)C)[Si](C)(C)C)C([Si](C)(C)C)[Si](C)(C)C)c(c1)C([Si](C)(C)C)[Si](C)(C)C)[Si](C)(C)C,"[25, 32]",[],2.9955613297095403e-28
8,bottom,C[Si](C)(C)C(c1cc(C([Si](C)(C)C)[Si](C)(C)C)c([Se]c2ccccc2Sc2ccccc2Sc2ccccc2[Se]c2c(cc(cc2C([Si](C)(C)C)[Si](C)(C)C)C([Si](C)(C)C)[Si](C)(C)C)C([Si](C)(C)C)[Si](C)(C)C)c(c1)C([Si](C)(C)C)[Si](C)(C)C)[Si](C)(C)C,"[25, 32]",[],3.1804617089143136e-28
8,bottom,CC(C)(C)c1cc(CP(C23CC4CC(CC(C4)C2)C3)C23CC4CC(CC(C4)C2)C3)c2[N-]c3c(CP(C45CC6CC(CC(C6)C4)C5)C45CC6CC(CC(C6)C4)C5)cc(cc3c2c1)C(C)(C)C,"[34, 8, 30]","[{'functional_group': 'methyl_ester', 'smiles_inds': [21]}]",5.407453754295083e-21
8,bottom,CCOC(=O)C12C(=O)OCc3ccc4OCCOCCOc5cc(COC(=O)C6(C(=O)OCC)C78c9c%10c%11c%12c%13c%14C%15=C%16c%17c%18c%19c%15c%13c%10c7c%19c7c%18c%10c%13c%17c%15C%16=C%16c%14c%14c%12c%12c%11c%11c%17c%18c%12c%12c%19c%18c%18c%20c%21c%22c(c%13c%13c(c%18%22)c%19C1(c%15%13)C2%16c%14%12)c%10c1c%21c(c(c%17%20)c9%11)C68c71)ccc5OCCOCCOc4c3,"[17, 20, 97, 100, 103, 14]",[],5.546709581810471e-21
8,bottom,CC(C)(C)c1cc(CP(C23CC4CC(CC(C4)C2)C3)C23CC4CC(CC(C4)C2)C3)c2[N-]c3c(CP(C45CC6CC(CC(C6)C4)C5)C45CC6CC(CC(C6)C4)C5)cc(cc3c2c1)C(C)(C)C,"[34, 8, 30]","[{'functional_group': '2-hydroxypyridine', 'smiles_inds': [10]}]",1.0821550373241372e-19
8,bottom,CCCOc1c2Cc3cc(cc(Cc4cccc(Cc5cc(cc(Cc1ccc2)c5OCCC)c1cccc(c1)c1cc2Cc5cccc(Cc6cc(cc(Cc7cccc(Cc(c1)c2OCCC)c7OCCC)c6OCCC)P(c1ccccc1)c1ccccc1)c5OCCC)c4OCCC)c3OCCC)P(c1ccccc1)c1ccccc1,"[107, 79]","[{'functional_group': 'carboxyllic_acid', 'smiles_inds': [68]}, {'functional_group': 'ethyl_ester', 'smiles_inds': [91]}]",1.2854927979461484e-19
8,bottom,Cc1cc(C)cc(c1)C(c1cc(C)cc(C)c1)c1cc(C)cc(C(c2cc(C)cc(C)c2)c2cc(C)cc(C)c2)c1N=C(C)C(C)=Nc1c(cc(C)cc1C(c1cc(C)cc(C)c1)c1cc(C)cc(C)c1)C(c1cc(C)cc(C)c1)c1cc(C)cc(C)c1,"[46, 41]","[{'functional_group': 'ethyl_ester', 'smiles_inds': [10]}, {'functional_group': 'tribromo', 'smiles_inds': [13]}]",2.797417408491638e-19
8,bottom,COc1ccc2ccccc2c1c1c2ccccc2ccc1c1nc2c(ccc(c3ccc(C)cc3)c2nc1c1nc2c(ccc(c3ccc(C)cc3)c2nc1c1nc2c(ccc(c3ccc(C)cc3)c2nc1c1nc2c(ccc(c3ccc(C)cc3)c2nc1c1nc2c(ccc(c3ccc(C)cc3)c2n[c-]1)c1ccc(C)cc1)c1ccc(C)cc1)c1ccc(C)cc1)c1ccc(C)cc1)c1ccc(C)cc1,"[106, 88]",[],8.085100960628093e-19
8,bottom,COc1c(cc(cc1C12CC3CC(CC(C3)C1)C2)P(c1cc(c(OC)c(c1)C12CC3CC(CC(C3)C1)C2)C12CC3CC(CC(C3)C1)C2)c1ccccc1CNc1cccc2CCC3(CCc4cccc(P(c5cc(cc(c5)C(C)(C)C)C(C)(C)C)c5cc(cc(c5)C(C)(C)C)C(C)(C)C)c34)c12)C12CC3CC(CC(C3)C1)C2,"[70, 18, 54]",[],8.65585311053405e-19
8,bottom,Cc1cc(C)c(c(C)c1)c1cccc(c1P1SP(SP(S1)c1c(cccc1c1c(C)cc(C)cc1C)c1c(C)cc(C)cc1C)c1c(cccc1c1c(C)cc(C)cc1C)c1c(C)cc(C)cc1C)c1c(C)cc(C)cc1C,"[15, 19, 17]",[],1.6072165518322583e-17
8,bottom,Cc1cc(C)c(c(C)c1)c1cccc(c1P1SP(SP(S1)c1c(cccc1c1c(C)cc(C)cc1C)c1c(C)cc(C)cc1C)c1c(cccc1c1c(C)cc(C)cc1C)c1c(C)cc(C)cc1C)c1c(C)cc(C)cc1C,"[15, 19, 17]","[{'functional_group': 'phosphonate', 'smiles_inds': [39]}]",1.9143302462888167e-17
8,bottom,Cc1cc(C)c(c(C)c1)c1cccc(c1P1SP(SP(S1)c1c(cccc1c1c(C)cc(C)cc1C)c1c(C)cc(C)cc1C)c1c(cccc1c1c(C)cc(C)cc1C)c1c(C)cc(C)cc1C)c1c(C)cc(C)cc1C,"[15, 19, 17]","[{'functional_group': 'carboxyllic_acid', 'smiles_inds': [8]}, {'functional_group': 'aldehyde', 'smiles_inds': [62]}]",2.3714651416223807e-17
8,bottom,CC(C)(C)c1cc(CN2CCN(CCN(CC2)Cc2cc(cc(c2[O-])C23CC4C5CC6CC4C(C2)C(C6)C5C3)C(C)(C)C)Cc2cc(cc(c2[O-])C23CC4C5CC6CC4C(C2)C(C6)C5C3)C(C)(C)C)c([O-])c(c1)C12CC3C4CC5CC3C(C1)C(C5)C4C2,"[70, 24, 50, 8, 14, 11]",[],2.4503716281543882e-17
8,bottom,C1C2CC3CC1CC(C2)(C3)P(Cc1ccccc1CP(C12CC3CC(CC(C3)C1)C2)C12CC3CC(CC(C3)C1)C2)C12CC3CC(CC(C3)C1)C2,"[10, 19]",[],4.852131902956821e-17
8,bottom,CC(C)COc1cc(nc2nc(NC(=O)c3cc(OCC(C)C)c4ccc(NC(=O)c5cc(OCC(C)C)c6cc(OCC(C)C)c(cc6n5)C(=O)NNC(=O)c5ccc(nn5)c5cccc(n5)c5ccc(nn5)C(=O)NNC(=O)c5cc6nc(cc(OCC(C)C)c6cc5OCC(C)C)C(=O)Nc5ccc6c(OCC(C)C)cc(nc6n5)C(=O)Nc5ccc6c(OCC(C)C)cc(nc6n5)C(=O)Nc5cccc(NC(=O)c6cc(OCC(C)C)c7cccc(NC(=O)c8cc(OCC(C)C)c9cccc(NC(=O)c%10cc(OCC(C)C)c%11cccc(c%11n%10)N(=O)=O)c9n8)c7n6)n5)nc4n3)ccc12)C(=O)Nc1cccc(NC(=O)c2cc(OCC(C)C)c3cccc(NC(=O)c4cc(OCC(C)C)c5cccc(NC(=O)c6cc(OCC(C)C)c7cccc(c7n6)N(=O)=O)c5n4)c3n2)n1,"[60, 67, 73]","[{'functional_group': 'methyl', 'smiles_inds': [206]}, {'functional_group': 'chloro', 'smiles_inds': [24]}, {'functional_group': 'carboxyllic_acid', 'smiles_inds': [36]}]",5.689618531297241e-17
8,bottom,CCCCCC1c2cc3C(CCCCC)c4cc5C(CCCCC)c6cc7C(CCCCC)c8cc1c1OCOc2cc3OCOc4c(P(c2ccccc2)c2ccccc2)c5OCOc6cc7OCOc8c1OCc1cccc(COc2c3OCOc4cc5OCOc6c7cc8C(CCCCC)c9cc%10C(CCCCC)c(cc3C(CCCCC)c4cc5C7CCCCC)c2OCOc%10cc9OCOc8c6P(c2ccccc2)c2ccccc2)c1,"[48, 142]","[{'functional_group': 'tribromo', 'smiles_inds': [7]}]",6.0975143574074e-17
8,bottom,Cc1cc(C)c(B(c2c(C)cc(C)cc2C)c2c(C)c(C)c(C#Cc3ccnc4c3ccc3c(ccnc43)C#Cc3c(C)c(C)c(B(c4c(C)cc(C)cc4C)c4c(C)cc(C)cc4C)c(C)c3C)c(C)c2C)c(C)c1,"[27, 36]",[],1.1522777941288717e-16
8,median,Clc1ccc([O-])c(C=Nc2ccccc2P(c2ccccc2)c2ccccc2)c1,"[15, 8, 5]","[{'functional_group': 'aldehyde', 'smiles_inds': [21]}, {'functional_group': 'chloro', 'smiles_inds': [12]}]",0.27363513161359077
8,median,NC(=S)c1cccnc1,[7],"[{'functional_group': 'cyano', 'smiles_inds': [4]}, {'functional_group': 'cyanimide', 'smiles_inds': [6]}]",0.2736489688186457
8,median,C=CCOc1ccc(nc1)c1ccc(OCC=C)cn1,"[19, 8]",[],0.2737036460476753
8,median,CC(C)NC(NC(C)C)=Nc1ccc2OCOc2c1,[9],[],0.27374616126128837
8,median,S=C([S-])C1=CNC=N1,"[2, 7]","[{'functional_group': 'carboxyllic_acid', 'smiles_inds': [4]}, {'functional_group': 'ketone', 'smiles_inds': [6]}]",0.27376610728776185
8,median,CN1C(=O)C(=Cc2ccccn2)N=C1N1CCCCC1,"[1, 12]",[],0.2740106991763868
8,median,COCC(C)(C)N=Cc1cccc(c1[O-])C(C)(C)C,"[14, 1, 6]",[],0.2741287848587373
8,median,[O-]c1ccc2ccccc2c1C=NCC1CCCCC1,"[0, 12]",[],0.2741889630646793
8,median,CCCCN1C=C(N=N1)c1ccc(nc1)c1ccc(cn1)C1=CN(CCCC)N=N1,"[23, 4]","[{'functional_group': '2-hydroxypyridine', 'smiles_inds': [14]}, {'functional_group': 'phosphonate', 'smiles_inds': [27]}, {'functional_group': 'amino', 'smiles_inds': [17]}]",0.27435626697451004
8,median,Clc1cccc(n1)c1ccc2ccccc2n1,"[6, 16]","[{'functional_group': 'carboxyllic_acid', 'smiles_inds': [11]}, {'functional_group': 'thiol', 'smiles_inds': [12]}]",0.2743614116614434
8,median,CC(C)(c1cccc(n1)c1ccccn1)c1cccc[c-]1,"[14, 8, 20]","[{'functional_group': 'phenyl', 'smiles_inds': [6]}]",0.27439179029247257
8,median,O=C(Nc1ccccc1c1cccc(n1)c1cc(cc(n1)c1ccccn1)c1ccccc1)C1=CC=CS1,"[26, 20]",[],0.27441193188551044
8,median,C1CCN(C1)CCN1CCCC1,"[3, 7]",[],0.27443161475302497
8,median,CC(C)([N-]C(=O)C(Cl)(Cl)Cl)c1ccccn1,"[7, 15, 3]",[],0.2744443487821905
8,median,CC(C)[NH+](Cc1cccc[c-]1)C(C)C,[10],[],0.27449084252043116
8,median,CN1c2ccccc2O[P]21Oc1ccccc1O2,[9],"[{'functional_group': 'amino', 'smiles_inds': [15]}]",0.27451992909757783
8,median,CC(C)=[NH+]c1cnc(Cl)c(C)c1,[6],"[{'functional_group': 'methyl', 'smiles_inds': [11]}]",0.27453711881271947
8,median,COCCN1C=CN(C)C1=[Se],[10],"[{'functional_group': 'iodo', 'smiles_inds': [5]}, {'functional_group': 'aldehyde', 'smiles_inds': [0]}]",0.2745611565237335
8,median,CC1=NN2C(=NC(=C2C(=C1)C)c1ccccc1)[N-]Cc1ccccn1,"[2, 17]",[],0.2745631499715086
8,median,[CH2-]CCNCc1ccccc1,"[3, 0]","[{'functional_group': 'ethyl', 'smiles_inds': [8]}, {'functional_group': 'thiol', 'smiles_inds': [2]}, {'functional_group': 'aldehyde', 'smiles_inds': [6]}]",0.2746464496576178
8,top,CC(CSCCN)(CSCCN)CSCCN,"[3, 8, 13, 6, 11, 16]","[{'functional_group': '2-hydroxypyridine', 'smiles_inds': [5]}]",0.9999973836288061
8,top,CN1C=CN=C1C=NCC(C)(CN=CC1=NC=CN1C)CN=CC1=NC=CN1C,"[7, 21, 4, 24, 12, 15]","[{'functional_group': 'carboxylate', 'smiles_inds': [10]}, {'functional_group': 'carboxylate', 'smiles_inds': [3]}]",0.9999974458180485
8,top,CC(CN)(CN)CSCCCSCC(C)(CN)CN,"[16, 3, 5, 18, 7, 11]","[{'functional_group': 'hydroxyl', 'smiles_inds': [15]}]",0.9999975016595024
8,top,CN1C=CN=C1C=NCC(C)(CN=CC1=NC=CN1C)CN=CC1=NC=CN1C,"[7, 21, 4, 24, 12, 15]","[{'functional_group': 'carboxylate', 'smiles_inds': [17]}]",0.9999976675267189
8,top,CC12CNCC(C)(C)C=NCC(C)(CSCCSC1)CN=CC(C)(C)CNC2,"[14, 17, 26, 9, 3, 20]","[{'functional_group': 'trichloro', 'smiles_inds': [8]}, {'functional_group': 'aldehyde', 'smiles_inds': [16]}]",0.9999979639339698
8,top,CC(CN=CC1=NC=CN1)(CN=CC1=NC=CN1)CN=CC1=NC=CN1,"[19, 3, 22, 6, 11, 14]","[{'functional_group': 'ketone', 'smiles_inds': [18]}, {'functional_group': 'fluoro', 'smiles_inds': [9]}]",0.9999982116037718
8,top,CN1C=CN=C1C=NCC(C)(CN=CC1=NC=CN1C)CN=CC1=NC=CN1C,"[7, 21, 4, 24, 12, 15]","[{'functional_group': 'carboxylate', 'smiles_inds': [10]}, {'functional_group': 'cyanimide', 'smiles_inds': [11]}]",0.9999983369962415
8,top,CC(CN=CC1=NC=CN1)(CN=CC1=NC=CN1)CN=CC1=NC=CN1,"[19, 3, 22, 6, 11, 14]",[],0.9999984865083491
8,top,CC(CN=CC1=NC=CN1)(CN=CC1=NC=CN1)CN=CC1=NC=CN1,"[19, 3, 22, 6, 11, 14]","[{'functional_group': 'fluoro', 'smiles_inds': [23]}, {'functional_group': 'carbonyl', 'smiles_inds': [18]}]",0.9999985846028615
8,top,CC(SCC(C)(CN)CN)C(C)SCC(C)(CN)CN,"[2, 12, 7, 9, 19, 17]",[],0.9999987014007438
8,top,CC12CNCCNCC(CNCCSC1)(CNCCSC2)N(=O)=O,"[13, 19, 3, 10, 16, 6]",[],0.9999995063439654
8,top,CC12CSCCSCC(C)(CSCCSC1)CSCCSC2,"[3, 14, 20, 6, 17, 11]","[{'functional_group': 'carboxyllic_acid', 'smiles_inds': [9]}, {'functional_group': 'cyanimide', 'smiles_inds': [15]}]",0.9999997380542571
8,top,CC12CSCCNCC(Cl)(CNCCSC1)CNCCSC2,"[6, 17, 11, 20, 14, 3]","[{'functional_group': 'cyanimide', 'smiles_inds': [16]}, {'functional_group': 'trichloro', 'smiles_inds': [21]}]",0.9999998146973962
8,top,[NH3+]C12CNCCSCC(CO)(CSCCNC1)CSCCNC2,"[6, 12, 18, 3, 15, 21]","[{'functional_group': 'thiol', 'smiles_inds': [5]}]",0.9999998259270239
8,top,[NH3+]C12CNCCSCC(C)(CSCCNC1)CSCCNC2,"[3, 14, 20, 6, 11, 17]","[{'functional_group': 'hydroxyl', 'smiles_inds': [12]}, {'functional_group': 'iodo', 'smiles_inds': [9]}]",0.9999998729095875
8,top,CC12CSCCNCN(CNCCSC1)CNCCSC2,"[3, 13, 19, 16, 6, 10]","[{'functional_group': 'carboxylate', 'smiles_inds': [0]}]",0.9999999117195957
8,top,CC12CSCCNCC(Cl)(CNCCSC1)CNCCSC2,"[6, 17, 11, 20, 14, 3]",[],0.9999999566080015
8,top,CC12CNCCSCC(C)(CSCCNC1)CSCCNC2,"[6, 20, 3, 11, 14, 17]","[{'functional_group': 'bromo', 'smiles_inds': [18]}]",0.9999999870594427
8,top,CC12CSCCSCC(C)(CSCCSC1)CSCCSC2,"[3, 14, 20, 6, 17, 11]",[],0.9999999977803795
8,top,CC1(C)CSCC(C)(C)CSCC(C)(C)CSC1,[16],[],0.9999999995774513
9,bottom,C[Si](C)(C)C(c1cc(C([Si](C)(C)C)[Si](C)(C)C)c([Se]c2ccccc2Sc2ccccc2Sc2ccccc2[Se]c2c(cc(cc2C([Si](C)(C)C)[Si](C)(C)C)C([Si](C)(C)C)[Si](C)(C)C)C([Si](C)(C)C)[Si](C)(C)C)c(c1)C([Si](C)(C)C)[Si](C)(C)C)[Si](C)(C)C,"[25, 32]",[],1.480764290976256e-29
9,bottom,C[Si](C)(C)C(c1cc(C([Si](C)(C)C)[Si](C)(C)C)c([Se]c2ccccc2Sc2ccccc2Sc2ccccc2[Se]c2c(cc(cc2C([Si](C)(C)C)[Si](C)(C)C)C([Si](C)(C)C)[Si](C)(C)C)C([Si](C)(C)C)[Si](C)(C)C)c(c1)C([Si](C)(C)C)[Si](C)(C)C)[Si](C)(C)C,"[25, 32]","[{'functional_group': 'iodo', 'smiles_inds': [86]}, {'functional_group': 'tribromo', 'smiles_inds': [14]}]",3.9233564281902467e-29
9,bottom,CCOC(=O)C12C(=O)OCc3ccc4OCCOCCOc5cc(COC(=O)C6(C(=O)OCC)C78c9c%10c%11c%12c%13c%14C%15=C%16c%17c%18c%19c%15c%13c%10c7c%19c7c%18c%10c%13c%17c%15C%16=C%16c%14c%14c%12c%12c%11c%11c%17c%18c%12c%12c%19c%18c%18c%20c%21c%22c(c%13c%13c(c%18%22)c%19C1(c%15%13)C2%16c%14%12)c%10c1c%21c(c(c%17%20)c9%11)C68c71)ccc5OCCOCCOc4c3,"[17, 20, 97, 100, 103, 14]",[],4.15831298544453e-26
9,bottom,C[Si](C)(C)c1cc(cc(c1)[Si](C)(C)C)C(C(=O)Nc1cccc(NC(=O)C(c2cc(cc(c2)[Si](C)(C)C)[Si](C)(C)C)(c2cc(cc(c2)[Si](C)(C)C)[Si](C)(C)C)c2cc(cc(c2)[Si](C)(C)C)[Si](C)(C)C)c1[S-])(c1cc(cc(c1)[Si](C)(C)C)[Si](C)(C)C)c1cc(cc(c1)[Si](C)(C)C)[Si](C)(C)C,"[70, 16]","[{'functional_group': 'amino', 'smiles_inds': [0]}]",3.1140837361393687e-25
9,bottom,Cc1cc(C)c(B(CCCP(CCCB(c2c(C)cc(C)cc2C)c2c(C)cc(C)cc2C)CCP(CCCB(c2c(C)cc(C)cc2C)c2c(C)cc(C)cc2C)CCCB(c2c(C)cc(C)cc2C)c2c(C)cc(C)cc2C)c2c(C)cc(C)cc2C)c(C)c1,"[35, 10]",[],5.391735365650875e-24
9,bottom,Cc1cc(C)c(B(CCCP(CCCB(c2c(C)cc(C)cc2C)c2c(C)cc(C)cc2C)CCP(CCCB(c2c(C)cc(C)cc2C)c2c(C)cc(C)cc2C)CCCB(c2c(C)cc(C)cc2C)c2c(C)cc(C)cc2C)c2c(C)cc(C)cc2C)c(C)c1,"[35, 10]","[{'functional_group': 'cyanimide', 'smiles_inds': [68]}]",1.1624844960414637e-23
9,bottom,FC(F)(F)C(F)(F)C(F)(F)C(F)(F)C(F)(F)C(F)(F)C(F)(F)C(F)(F)c1cc(cc(c1)C(F)(F)C(F)(F)C(F)(F)C(F)(F)C(F)(F)C(F)(F)C(F)(F)C(F)(F)F)c1cccc(c2cc(cc(c2)C(F)(F)C(F)(F)C(F)(F)C(F)(F)C(F)(F)C(F)(F)C(F)(F)C(F)(F)F)C(F)(F)C(F)(F)C(F)(F)C(F)(F)C(F)(F)C(F)(F)C(F)(F)C(F)(F)F)c1N=Cc1cc(I)cc(I)c1[O-],"[118, 128]",[],1.0566165650210528e-20
9,bottom,COc1c(cc(cc1C12CC3CC(CC(C3)C1)C2)P(c1cc(c(OC)c(c1)C12CC3CC(CC(C3)C1)C2)C12CC3CC(CC(C3)C1)C2)c1ccccc1CNc1cccc2CCC3(CCc4cccc(P(c5cc(cc(c5)C(C)(C)C)C(C)(C)C)c5cc(cc(c5)C(C)(C)C)C(C)(C)C)c34)c12)C12CC3CC(CC(C3)C1)C2,"[70, 18, 54]","[{'functional_group': 'methyl', 'smiles_inds': [74]}]",1.1916337999806344e-20
9,bottom,CC(C)C1NC(=O)C(OC(=O)C(NC(=O)C(OC(=O)C(NC(=O)C(OC(=O)C(NC(=O)C(OC(=O)C(NC(=O)C(OC(=O)C(NC(=O)C(OC1=O)C(C)C)C(C)C)C(C)C)C(C)C)C(C)C)C(C)C)C(C)C)C(C)C)C(C)C)C(C)C)C(C)C,"[10, 34, 18, 42, 50, 26]",[],3.3307023192097e-20
9,bottom,FC(F)(F)C(F)(F)C(F)(F)C(F)(F)C(F)(F)C(F)(F)c1ccc(cc1)P(CCP(c1ccc(cc1)C(F)(F)C(F)(F)C(F)(F)C(F)(F)C(F)(F)C(F)(F)F)c1ccc(cc1)C(F)(F)C(F)(F)C(F)(F)C(F)(F)C(F)(F)C(F)(F)F)c1ccc(cc1)C(F)(F)C(F)(F)C(F)(F)C(F)(F)C(F)(F)C(F)(F)F,"[25, 28]","[{'functional_group': 'methyl_ester', 'smiles_inds': [27]}, {'functional_group': 'amide', 'smiles_inds': [59]}]",5.766748185861207e-20
9,bottom,FC(F)(F)C(F)(F)C(F)(F)C(F)(F)C(F)(F)C(F)(F)C(F)(F)C(F)(F)CCP(CCC(F)(F)C(F)(F)C(F)(F)C(F)(F)C(F)(F)C(F)(F)C(F)(F)C(F)(F)F)CCC(F)(F)C(F)(F)C(F)(F)C(F)(F)C(F)(F)C(F)(F)C(F)(F)C(F)(F)F,[27],"[{'functional_group': '2-methylbenzoic_acid', 'smiles_inds': [26]}]",6.374601712511118e-20
9,bottom,FC(F)(F)C(F)(F)C(F)(F)C(F)(F)C(F)(F)C(F)(F)C(F)(F)C(F)(F)CCc1ccc(cc1)P(c1ccc(CCC(F)(F)C(F)(F)C(F)(F)C(F)(F)C(F)(F)C(F)(F)C(F)(F)C(F)(F)F)cc1)c1ccc(CCC(F)(F)C(F)(F)C(F)(F)C(F)(F)C(F)(F)C(F)(F)C(F)(F)C(F)(F)F)cc1,[33],"[{'functional_group': 'carboxyl', 'smiles_inds': [72]}]",2.327726758501042e-19
9,bottom,FC(F)(F)C(F)(F)C(F)(F)C(F)(F)C(F)(F)C(F)(F)C(F)(F)C(F)(F)CCP(CCC(F)(F)C(F)(F)C(F)(F)C(F)(F)C(F)(F)C(F)(F)C(F)(F)C(F)(F)F)CCC(F)(F)C(F)(F)C(F)(F)C(F)(F)C(F)(F)C(F)(F)C(F)(F)C(F)(F)F,[27],"[{'functional_group': 'carboxylate', 'smiles_inds': [29]}, {'functional_group': 'carboxyl', 'smiles_inds': [55]}]",1.6788989466547951e-18
9,bottom,C1C2CC3CC1CC(C2)(C3)P(Cc1cccc(CP(C23CC4CC(CC(C4)C2)C3)C23CC4CC(CC(C4)C2)C3)[c-]1)C12CC3CC(CC(C3)C1)C2,"[10, 18, 39]","[{'functional_group': '2-methylbenzoic_acid', 'smiles_inds': [25]}]",2.1890888419624552e-18
9,bottom,CCC1(CCC(O1)C1(C)CCC2(CC(O)C(C)C(O2)C(C)C(OC)C(C)C(=O)Nc2ccccc2)O1)C1OC(CC1C)C1OC(O)(CO)C(C)CC1C,"[14, 35, 6, 37, 43, 47]","[{'functional_group': 'amide', 'smiles_inds': [36]}, {'functional_group': 'aldehyde', 'smiles_inds': [42]}]",2.6180221009012373e-18
9,bottom,COc1ccc2ccccc2c1c1c2ccccc2ccc1c1nc2c(ccc(c3ccc(C)cc3)c2nc1c1nc2c(ccc(c3ccc(C)cc3)c2nc1c1nc2c(ccc(c3ccc(C)cc3)c2nc1c1nc2c(ccc(c3ccc(C)cc3)c2nc1c1nc2c(ccc(c3ccc(C)cc3)c2n[c-]1)c1ccc(C)cc1)c1ccc(C)cc1)c1ccc(C)cc1)c1ccc(C)cc1)c1ccc(C)cc1,"[106, 88]","[{'functional_group': 'ether', 'smiles_inds': [134]}]",2.9304239367935354e-18
9,bottom,CCCOc1c2Cc3cc(cc(Cc4cccc(Cc5cc(cc(Cc1ccc2)c5OCCC)c1cccc(c1)c1cc2Cc5cccc(Cc6cc(cc(Cc7cccc(Cc(c1)c2OCCC)c7OCCC)c6OCCC)P(c1ccccc1)c1ccccc1)c5OCCC)c4OCCC)c3OCCC)P(c1ccccc1)c1ccccc1,"[107, 79]","[{'functional_group': 'tribromo', 'smiles_inds': [61]}]",3.034011663777096e-18
9,bottom,COc1ccc2ccccc2c1c1c2ccccc2ccc1c1nc2c(ccc(c3ccc(C)cc3)c2nc1c1nc2c(ccc(c3ccc(C)cc3)c2nc1c1nc2c(ccc(c3ccc(C)cc3)c2nc1c1nc2c(ccc(c3ccc(C)cc3)c2nc1c1nc2c(ccc(c3ccc(C)cc3)c2n[c-]1)c1ccc(C)cc1)c1ccc(C)cc1)c1ccc(C)cc1)c1ccc(C)cc1)c1ccc(C)cc1,"[106, 88]",[],3.294284386078454e-18
9,bottom,CC(C)(C)P(CCCP(CCCP(C(C)(C)C)C(C)(C)C)CCCP(C(C)(C)C)C(C)(C)C)C(C)(C)C,"[4, 8, 12]","[{'functional_group': 'carboxyl', 'smiles_inds': [19]}]",3.6576660274128554e-18
9,bottom,FC(F)(F)C(F)(F)C(F)(F)C(F)(F)C(F)(F)C(F)(F)C(F)(F)C(F)(F)CCP(CCC(F)(F)C(F)(F)C(F)(F)C(F)(F)C(F)(F)C(F)(F)C(F)(F)C(F)(F)F)CCC(F)(F)C(F)(F)C(F)(F)C(F)(F)C(F)(F)C(F)(F)C(F)(F)C(F)(F)F,[27],"[{'functional_group': 'aldehyde', 'smiles_inds': [55]}, {'functional_group': 'chloro', 'smiles_inds': [56]}]",4.375269136359041e-18
9,median,N1c2ccccc2c2ccnc(C3=Nc4ccccc4S3)c12,"[13, 10]","[{'functional_group': 'ethyl_ester', 'smiles_inds': [2]}, {'functional_group': 'tribromo', 'smiles_inds': [5]}, {'functional_group': 'amino', 'smiles_inds': [16]}, {'functional_group': 'carboxyllic_acid', 'smiles_inds': [9]}]",0.2713318691758399
9,median,C[Si](C)(C)CN([O-])N=O,"[6, 8]","[{'functional_group': 'fluoro', 'smiles_inds': [3]}]",0.2713332681431255
9,median,CC1(N)CNC2CCCCC2NCC(CNC2CCCCC2NC1)C(=O)[O-],"[26, 22, 4, 11, 15, 2]",[],0.27139796853452824
9,median,CCCCN=C(c1ccccc1)c1cc(Cl)ccc1[O-],"[19, 4]",[],0.27143659470070497
9,median,c1cc([c-]c(c1)C12N=CC3C4C1[S+2]234)C12N=CC3C4C1[S+2]234,"[7, 14, 3]","[{'functional_group': 'carboxylate', 'smiles_inds': [5]}, {'functional_group': '2-methylbenzoic_acid', 'smiles_inds': [17]}, {'functional_group': 'phenyl', 'smiles_inds': [18]}, {'functional_group': 'amino', 'smiles_inds': [10]}]",0.27145237156732027
9,median,COC(=O)CCN(Cc1ccccn1)Cc1ccccn1,"[13, 20, 6]",[],0.27148086850073233
9,median,Oc1ccccc1c1ccnc(c1)c1ccccn1,"[18, 10]","[{'functional_group': 'phenyl', 'smiles_inds': [2]}]",0.2715085925919796
9,median,CCN(CC)c1ccc(cc1)C(=O)C=Cc1ccnc(c1)c1cc(C)ccn1,"[2, 18]",[],0.27150903620308336
9,median,c1cc([c-]c(c1)C12N=CC3C4C1[S+2]234)C12N=CC3C4C1[S+2]234,"[7, 14, 3]","[{'functional_group': 'ether', 'smiles_inds': [11]}, {'functional_group': 'hydroxyl', 'smiles_inds': [10]}, {'functional_group': '2-hydroxypyridine', 'smiles_inds': [5]}]",0.27155098964481317
9,median,Fc1ccc(cc1)C1=NCCO1,[8],"[{'functional_group': 'hydroxyl', 'smiles_inds': [5]}]",0.27156957297360185
9,median,CC(C)C(N)CS(=O)c1ccccc1,"[6, 4]",[],0.2716771630134156
9,median,OCCCCCC(=O)NN=Cc1ccccc1O,"[7, 17, 9]",[],0.2716952464102254
9,median,Clc1ccc(cc1)C(=O)NN=C(c1ccccc1)c1ccccn1,"[8, 23, 10]",[],0.2717050118425888
9,median,CN(Cc1ccc2ccccc2c1[O-])C1CCCCC1,"[13, 1]","[{'functional_group': 'bromo', 'smiles_inds': [14]}, {'functional_group': 'ketone', 'smiles_inds': [18]}]",0.2717173217984435
9,median,c1ccc(nc1)[N-]N=Cc1cccc2ccccc12,"[7, 4]",[],0.2718208201192943
9,median,Cc1ccc(cc1)S(=O)(=O)[N-]C(C(N)c1cccc[c-]1)c1ccccc1,"[19, 13, 10]",[],0.2719011671533417
9,median,O=C(CN1C=Nc2ccccc12)N1c2ccccc2Oc2ccccc12,[5],[],0.2719144881238175
9,median,CC(C)CNCC([O-])(C(F)(F)F)C(F)(F)F,"[7, 4]",[],0.27192322786846546
9,median,[NH3+]Cc1ccncc1,[5],"[{'functional_group': 'tribromo', 'smiles_inds': [3]}]",0.2719290250252919
9,median,Cc1ccc(c2ccccn2)c(c1)N=[N-],"[10, 14]",[],0.27193747994546713
9,top,CN1C=CN=C1C=NCC(C)(CN=CC1=NC=CN1C)CN=CC1=NC=CN1C,"[7, 21, 4, 24, 12, 15]","[{'functional_group': 'carboxylate', 'smiles_inds': [10]}, {'functional_group': 'tribromo', 'smiles_inds': [16]}]",0.9999884323231609
9,top,CN1C=CN=C1C=NCC(C)(CN=CC1=NC=CN1C)CN=CC1=NC=CN1C,"[7, 21, 4, 24, 12, 15]","[{'functional_group': 'carboxylate', 'smiles_inds': [10]}, {'functional_group': 'methyl', 'smiles_inds': [28]}]",0.999988506863386
9,top,CN1C=CN=C1C=NCC(C)(CN=CC1=NC=CN1C)CN=CC1=NC=CN1C,"[7, 21, 4, 24, 12, 15]","[{'functional_group': 'tribromo', 'smiles_inds': [20]}, {'functional_group': 'iodo', 'smiles_inds': [10]}]",0.999989180348748
9,top,O=C([O-])CN1CCN(COCNCCNCOC1)CC(=O)[O-],"[2, 21, 4, 7, 11, 14]","[{'functional_group': 'bromo', 'smiles_inds': [6]}]",0.9999895321738768
9,top,CC1=NCCCCCN=C(C)C2C=NCCCN=CC1C(=NCCCN=C2C)C,"[13, 25, 21, 17, 8, 2]","[{'functional_group': 'cyano', 'smiles_inds': [3]}]",0.9999903089799781
9,top,CN1C=CN=C1C=NCC(C)(CN=CC1=NC=CN1C)CN=CC1=NC=CN1C,"[7, 21, 4, 24, 12, 15]","[{'functional_group': 'carboxylate', 'smiles_inds': [28]}, {'functional_group': 'ethyl', 'smiles_inds': [11]}]",0.9999907530947207
9,top,CN1C=CN=C1C=NCC(C)(CN=CC1=NC=CN1C)CN=CC1=NC=CN1C,"[7, 21, 4, 24, 12, 15]","[{'functional_group': 'carboxylate', 'smiles_inds': [10]}, {'functional_group': 'amino', 'smiles_inds': [17]}]",0.9999907585696388
9,top,CN1C=CN=C1C=NCC(C)(CN=CC1=NC=CN1C)CN=CC1=NC=CN1C,"[7, 21, 4, 24, 12, 15]","[{'functional_group': 'carboxylate', 'smiles_inds': [10]}, {'functional_group': 'carboxylate', 'smiles_inds': [6]}, {'functional_group': 'thiol', 'smiles_inds': [3]}]",0.9999918309568444
9,top,CN1C=CN=C1C=NCC(C)(CN=CC1=NC=CN1C)CN=CC1=NC=CN1C,"[7, 21, 4, 24, 12, 15]","[{'functional_group': 'carboxylate', 'smiles_inds': [10]}, {'functional_group': 'thiol', 'smiles_inds': [0]}, {'functional_group': 'chloro', 'smiles_inds': [26]}]",0.9999924778567909
9,top,CN1C=CN=C1C=NCC(C)(CN=CC1=NC=CN1C)CN=CC1=NC=CN1C,"[7, 21, 4, 24, 12, 15]","[{'functional_group': 'carboxylate', 'smiles_inds': [10]}, {'functional_group': 'trifluro', 'smiles_inds': [20]}]",0.9999926019681806
9,top,CN1C=CN=C1C=NCC(C)(CN=CC1=NC=CN1C)CN=CC1=NC=CN1C,"[7, 21, 4, 24, 12, 15]","[{'functional_group': 'carboxylate', 'smiles_inds': [10]}, {'functional_group': 'trichloro', 'smiles_inds': [11]}]",0.9999937023723832
9,top,CC12CNCN(CNC1)CC1(C)CNCC(CNC2)(CNC1)N(=O)=O,"[3, 17, 7, 5, 13, 20]","[{'functional_group': 'carboxylate', 'smiles_inds': [8]}]",0.9999940503965427
9,top,CN1C=CN=C1C=NCC(C)(CN=CC1=NC=CN1C)CN=CC1=NC=CN1C,"[7, 21, 4, 24, 12, 15]","[{'functional_group': 'carboxylate', 'smiles_inds': [10]}, {'functional_group': 'bromo', 'smiles_inds': [11]}]",0.9999940890508529
9,top,CC(CN=CC1=NC=CN1)(CN=CC1=NC=CN1)CN=CC1=NC=CN1,"[19, 3, 22, 6, 11, 14]","[{'functional_group': 'carboxyl', 'smiles_inds': [23]}]",0.9999943817627523
9,top,CN1C=CN=C1C=NCC(C)(CN=CC1=NC=CN1C)CN=CC1=NC=CN1C,"[7, 21, 4, 24, 12, 15]","[{'functional_group': 'carboxylate', 'smiles_inds': [10]}, {'functional_group': 'aldehyde', 'smiles_inds': [19]}]",0.999994788410013
9,top,CN1C=CN=C1C=NCC(C)(CN=CC1=NC=CN1C)CN=CC1=NC=CN1C,"[7, 21, 4, 24, 12, 15]","[{'functional_group': 'carboxylate', 'smiles_inds': [10]}, {'functional_group': 'hydroxyl', 'smiles_inds': [0]}]",0.9999951437112241
9,top,CC1(CN)CNCN(CNC1)CC1(C)CNCNC1,"[9, 3, 7, 15, 5, 17]","[{'functional_group': 'cyanimide', 'smiles_inds': [14]}]",0.9999958176812945
9,top,CN1C=CN=C1C=NCC(C)(CN=CC1=NC=CN1C)CN=CC1=NC=CN1C,"[7, 21, 4, 24, 12, 15]","[{'functional_group': 'carboxylate', 'smiles_inds': [10]}, {'functional_group': 'ether', 'smiles_inds': [28]}, {'functional_group': 'ketone', 'smiles_inds': [11]}]",0.9999959458172837
9,top,CN1C=CN=C1C=NCC(C)(CN=CC1=NC=CN1C)CN=CC1=NC=CN1C,"[7, 21, 4, 24, 12, 15]","[{'functional_group': 'cyanimide', 'smiles_inds': [8]}, {'functional_group': 'aldehyde', 'smiles_inds': [25]}]",0.9999972003971779
9,top,CN1C=CN=C1C=NCC(C)(CN=CC1=NC=CN1C)CN=CC1=NC=CN1C,"[7, 21, 4, 24, 12, 15]","[{'functional_group': 'carboxylate', 'smiles_inds': [10]}, {'functional_group': 'carboxylate', 'smiles_inds': [3]}]",0.9999985434873127
10,bottom,C[Si](C)(C)C(c1cc(C([Si](C)(C)C)[Si](C)(C)C)c(Sc2ccccc2[Se]c2ccccc2[Se]c2ccccc2Sc2c(cc(cc2C([Si](C)(C)C)[Si](C)(C)C)C([Si](C)(C)C)[Si](C)(C)C)C([Si](C)(C)C)[Si](C)(C)C)c(c1)C([Si](C)(C)C)[Si](C)(C)C)[Si](C)(C)C,"[25, 32]","[{'functional_group': 'carboxyllic_acid', 'smiles_inds': [28]}]",2.1422322323378782e-30
10,bottom,C[Si](C)(C)C(c1cc(C([Si](C)(C)C)[Si](C)(C)C)c([Se]c2ccccc2[Se]c2ccccc2[Se]c2ccccc2[Se]c2c(cc(cc2C([Si](C)(C)C)[Si](C)(C)C)C([Si](C)(C)C)[Si](C)(C)C)C([Si](C)(C)C)[Si](C)(C)C)c(c1)C([Si](C)(C)C)[Si](C)(C)C)[Si](C)(C)C,"[25, 32]","[{'functional_group': 'thiol', 'smiles_inds': [70]}]",2.1459043220603825e-30
10,bottom,C[Si](C)(C)C(c1cc(C([Si](C)(C)C)[Si](C)(C)C)c([Se]c2ccccc2[Se]c2ccccc2[Se]c2ccccc2[Se]c2c(cc(cc2C([Si](C)(C)C)[Si](C)(C)C)C([Si](C)(C)C)[Si](C)(C)C)C([Si](C)(C)C)[Si](C)(C)C)c(c1)C([Si](C)(C)C)[Si](C)(C)C)[Si](C)(C)C,"[25, 32]","[{'functional_group': 'carbonyl', 'smiles_inds': [29]}]",2.7691067657078147e-30
10,bottom,CC(C)(C)c1cc2c3cc(cc4c5cc(cc6c7cc(cc8c9cc(cc%10c%11cc(cc%12c(c1)c2c1c(c34)c(c56)c(c78)c(c9%10)c1c%11%12)C(C)(C)C)C(C)(C)C)C(C)(C)C)C(C)(C)C)P(c1cc2c3cc(cc4c5cc(cc6c7cc(cc8c9cc(cc%10c%11cc(cc%12c(c1)c2c1c(c34)c(c56)c(c78)c(c9%10)c1c%11%12)C(C)(C)C)C(C)(C)C)C(C)(C)C)C(C)(C)C)C(C)(C)C)c1cc2c3cc(cc4c5cc(cc6c7cc(cc8c9cc(cc%10c%11cc(cc%12c(c1)c2c1c(c34)c(c56)c(c78)c(c9%10)c1c%11%12)C(C)(C)C)C(C)(C)C)C(C)(C)C)C(C)(C)C)C(C)(C)C,[62],"[{'functional_group': 'ketone', 'smiles_inds': [170]}]",8.589351493266534e-24
10,bottom,N=P(c1ccccc1c1cc(cc(c1)c1ccccc1P(=[N-])(C12CC3CC(CC(C3)C1)C2)C12CC3CC(CC(C3)C1)C2)c1ccccc1P(=[N-])(C12CC3CC(CC(C3)C1)C2)C12CC3CC(CC(C3)C1)C2)(C12CC3CC(CC(C3)C1)C2)C12CC3CC(CC(C3)C1)C2,"[0, 21, 49]","[{'functional_group': 'bromo', 'smiles_inds': [79]}]",2.0162090954876804e-23
10,bottom,Cc1cc(C)c(B(CCCP(CCCB(c2c(C)cc(C)cc2C)c2c(C)cc(C)cc2C)CCP(CCCB(c2c(C)cc(C)cc2C)c2c(C)cc(C)cc2C)CCCB(c2c(C)cc(C)cc2C)c2c(C)cc(C)cc2C)c2c(C)cc(C)cc2C)c(C)c1,"[35, 10]","[{'functional_group': 'tribromo', 'smiles_inds': [2]}, {'functional_group': 'aldehyde', 'smiles_inds': [91]}, {'functional_group': 'trifluro', 'smiles_inds': [18]}]",4.808935020443192e-23
10,bottom,Cc1cc(C)c(B(CCCP(CCCB(c2c(C)cc(C)cc2C)c2c(C)cc(C)cc2C)CCP(CCCB(c2c(C)cc(C)cc2C)c2c(C)cc(C)cc2C)CCCB(c2c(C)cc(C)cc2C)c2c(C)cc(C)cc2C)c2c(C)cc(C)cc2C)c(C)c1,"[35, 10]",[],5.0146245096683594e-23
10,bottom,CC(C)(C)C(=O)OCC1OC(SCCSC2OC(COC(=O)C(C)(C)C)C(OC(=O)C(C)(C)C)C(OC(=O)C(C)(C)C)C2OC(=O)C(C)(C)C)C(OC(=O)C(C)(C)C)C(OC(=O)C(C)(C)C)C1OC(=O)C(C)(C)C,"[11, 14]","[{'functional_group': 'ethyl_ester', 'smiles_inds': [63]}, {'functional_group': 'ether', 'smiles_inds': [49]}]",5.367463684871562e-22
10,bottom,CC(C)C1NC(=O)C(OC(=O)C(NC(=O)C(OC(=O)C(NC(=O)C(OC(=O)C(NC(=O)C(OC(=O)C(NC(=O)C(OC(=O)C(NC(=O)C(OC1=O)C(C)C)C(C)C)C(C)C)C(C)C)C(C)C)C(C)C)C(C)C)C(C)C)C(C)C)C(C)C)C(C)C,"[10, 34, 18, 42, 50, 26]",[],6.7609154070415724e-21
10,bottom,C[Si](C)(CCC(F)(F)C(F)(F)C(F)(F)C(F)(F)C(F)(F)C(F)(F)F)c1ccc(cc1)P(CCP(c1ccc(cc1)[Si](C)(C)CCC(F)(F)C(F)(F)C(F)(F)C(F)(F)C(F)(F)C(F)(F)F)c1ccc(cc1)[Si](C)(C)CCC(F)(F)C(F)(F)C(F)(F)C(F)(F)C(F)(F)C(F)(F)F)c1ccc(cc1)[Si](C)(C)CCC(F)(F)C(F)(F)C(F)(F)C(F)(F)C(F)(F)C(F)(F)F,"[30, 33]","[{'functional_group': '2-hydroxypyridine', 'smiles_inds': [72]}, {'functional_group': 'cyanimide', 'smiles_inds': [29]}]",1.113548820218382e-20
10,bottom,CC(C)C1NC(=O)C(C)OC(=O)C(NC(=O)C(OC(=O)C(NC(=O)C(C)OC(=O)C(NC(=O)C(OC(=O)C(NC(=O)C(C)OC(=O)C(NC(=O)C(OC1=O)C(C)C)C(C)C)C(C)C)C(C)C)C(C)C)C(C)C)C(C)C)C(C)C,"[45, 28, 11]","[{'functional_group': 'ethyl_ester', 'smiles_inds': [68]}, {'functional_group': 'carboxyllic_acid', 'smiles_inds': [24]}, {'functional_group': 'carboxyllic_acid', 'smiles_inds': [60]}]",1.64426127158118e-20
10,bottom,CC(C)(C)C(=O)OCC1OC(SCCSC2OC(COC(=O)C(C)(C)C)C(OC(=O)C(C)(C)C)C(OC(=O)C(C)(C)C)C2OC(=O)C(C)(C)C)C(OC(=O)C(C)(C)C)C(OC(=O)C(C)(C)C)C1OC(=O)C(C)(C)C,"[11, 14]","[{'functional_group': 'trichloro', 'smiles_inds': [72]}, {'functional_group': 'bromo', 'smiles_inds': [32]}]",1.3405922478343036e-19
10,bottom,COC1CCC(OC1C)OC1CC(OC2(OC(CC2C)C2OC(O)(CO)C(C)CC2C)C1C)C1(C)CCC2(CC(O)C(C)C(O2)C(C)C=C(C)C(=O)C(C)CC(C)C(=O)[O-])O1,"[13, 15, 21, 25, 60, 40]",[],7.214718393026629e-19
10,bottom,COC1C(C)OC(CC1O)OC1CC(OC(C)C1OC(C)=O)Oc1cc2cc3CC(C(OC)C(=O)C(O)C(C)O)C(OC4CC(OC5CC(OC6CC(C)(O)C(OC(C)=O)C(C)O6)C(O)C(C)O5)C(O)C(C)O4)C(=O)c3c([O-])c2c(O)c1C,"[74, 77]","[{'functional_group': 'carboxyl', 'smiles_inds': [2]}]",9.245012441245475e-19
10,bottom,CC(C)COc1cc(nc2nc(NC(=O)c3cc(OCC(C)C)c4ccc(NC(=O)c5cc(OCC(C)C)c6cc(OCC(C)C)c(cc6n5)C(=O)NNC(=O)c5ccc(nn5)c5cccc(n5)c5ccc(nn5)C(=O)NNC(=O)c5cc6nc(cc(OCC(C)C)c6cc5OCC(C)C)C(=O)Nc5ccc6c(OCC(C)C)cc(nc6n5)C(=O)Nc5ccc6c(OCC(C)C)cc(nc6n5)C(=O)Nc5cccc(NC(=O)c6cc(OCC(C)C)c7cccc(NC(=O)c8cc(OCC(C)C)c9cccc(NC(=O)c%10cc(OCC(C)C)c%11cccc(c%11n%10)N(=O)=O)c9n8)c7n6)n5)nc4n3)ccc12)C(=O)Nc1cccc(NC(=O)c2cc(OCC(C)C)c3cccc(NC(=O)c4cc(OCC(C)C)c5cccc(NC(=O)c6cc(OCC(C)C)c7cccc(c7n6)N(=O)=O)c5n4)c3n2)n1,"[60, 67, 73]","[{'functional_group': 'hydroxyl', 'smiles_inds': [241]}]",2.2775387796431425e-18
10,bottom,CC(C)(C)c1cc(CP(C23CC4CC(CC(C4)C2)C3)C23CC4CC(CC(C4)C2)C3)c2[N-]c3c(CP(C45CC6CC(CC(C6)C4)C5)C45CC6CC(CC(C6)C4)C5)cc(cc3c2c1)C(C)(C)C,"[34, 8, 30]","[{'functional_group': 'ketone', 'smiles_inds': [42]}]",7.411807327889795e-18
10,bottom,CC1CCC(C(C)C)C(C1)P1C(C(C)(C)C1(C)C)[Si](C)(C)CCCCCC[Si](C)(C)C1P(C2CC(C)CCC2C(C)C)C(C)(C)C1(C)C,"[31, 10]","[{'functional_group': '2-hydroxypyridine', 'smiles_inds': [35]}, {'functional_group': 'carboxyl', 'smiles_inds': [38]}]",2.1400863483567174e-17
10,bottom,CC(C)C1NC(=O)C(C)OC(=O)C(NC(=O)C(OC(=O)C(NC(=O)C(C)OC(=O)C(NC(=O)C(OC(=O)C(NC(=O)C(C)OC(=O)C(NC(=O)C(OC1=O)C(C)C)C(C)C)C(C)C)C(C)C)C(C)C)C(C)C)C(C)C)C(C)C,"[45, 28, 11]",[],2.5533033631845426e-17
10,bottom,C1N(CC23c4c5c6c7c8c9c%10c%11c%12c%13c%14c%10c%10c%15c%14c%14c%16c%13c%13c%12c%12c%17c%11c9c9c%11c%17c%17c%12c%12c%13c%13c%16c%16c%14c%14c%15c(c6c8%10)c4c%14c4c%16c6c%13c%12c8c%17c%10c%11c(c79)c5c2c%10c8c6C134)c1ccncc1,[1],"[{'functional_group': '2-methylbenzoic_acid', 'smiles_inds': [2]}, {'functional_group': '2-methylbenzoic_acid', 'smiles_inds': [68]}]",4.4750891668532464e-17
10,bottom,CCC1(CCC(O1)C1(C)CCC2(CC(O)C(C)C(O2)C(C)C(OC)C(C)C(O)=O)O1)C1OC(CC1C)C1OC(O)(CO)C(C)CC1C,"[14, 29, 6, 31, 37, 41]","[{'functional_group': 'fluoro', 'smiles_inds': [5]}, {'functional_group': 'phenyl', 'smiles_inds': [24]}]",4.7585948288909484e-17
10,median,CCc1ccc(cc1)C=Nc1ccccc1[S-],"[16, 9]","[{'functional_group': 'phenyl', 'smiles_inds': [8]}]",0.25990515486912874
10,median,C1CN=C(S1)N1CCSC1=Nc1ccccn1,"[10, 2, 5]","[{'functional_group': 'cyanimide', 'smiles_inds': [14]}]",0.2599270868348608
10,median,CC1=C(C)N([CH-]S1)c1ccccn1,"[4, 5]",[],0.25998830708978693
10,median,[O-]c1ccccc1CN(CCCN(Cc1ccccn1)Cc1ccccc1[O-])Cc1ccccn1,"[0, 27, 8, 12, 34, 19]","[{'functional_group': 'carboxyllic_acid', 'smiles_inds': [9]}, {'functional_group': '2-methylbenzoic_acid', 'smiles_inds': [2]}]",0.2599898534677992
10,median,COc1ccc2nc3cc(Cl)ccc3c(NCCN=Cc3ccccn3)c2c1,"[25, 18]",[],0.2600216778050276
10,median,CC(N)C(=O)[N-]C(Cc1ccccc1)C(=O)[O-],"[16, 2, 5]","[{'functional_group': 'carboxyllic_acid', 'smiles_inds': [10]}, {'functional_group': '2-hydroxypyridine', 'smiles_inds': [1]}]",0.26009263283504613
10,median,O=N(=O)c1ccc([O-])c(C=NCCN2CC[NH2+]CC2)c1,"[7, 10, 13]","[{'functional_group': 'iodo', 'smiles_inds': [9]}]",0.26009444871656984
10,median,Cc1ccc(cc1)[S](O)(=O)[N-]c1cccc(C)n1,"[17, 10]",[],0.2601110083668391
10,median,COCCOCCOCCN1N=C(C)C=C1C,[11],"[{'functional_group': 'methyl_ester', 'smiles_inds': [6]}, {'functional_group': 'hydroxyl', 'smiles_inds': [3]}]",0.26013124311409785
10,median,CC([O-])=CC(C)=Nc1cc(C)cc2c3ccccc3c(C)nc12,"[2, 21, 6]",[],0.26015191645882235
10,median,c1cc([c-]c(c1)C12N=CC3C4C1[S+2]234)C12N=CC3C4C1[S+2]234,"[7, 14, 3]","[{'functional_group': 'amide', 'smiles_inds': [0]}, {'functional_group': 'bromo', 'smiles_inds': [11]}, {'functional_group': 'ether', 'smiles_inds': [18]}, {'functional_group': 'carbonyl', 'smiles_inds': [17]}]",0.2602777215266004
10,median,[NH3+]Cc1ccncc1,[5],"[{'functional_group': '2-hydroxypyridine', 'smiles_inds': [4]}]",0.2603503537675334
10,median,CC(C)([N-]c1cc(cc(c1)C(F)(F)F)C(F)(F)F)c1ccccn1,"[3, 23]","[{'functional_group': 'carboxyl', 'smiles_inds': [0]}, {'functional_group': 'bromo', 'smiles_inds': [5]}, {'functional_group': 'amino', 'smiles_inds': [2]}]",0.26036734684877366
10,median,c1cc([c-]c(c1)C12N=CC3C4C1[S+2]234)C12N=CC3C4C1[S+2]234,"[7, 14, 3]","[{'functional_group': 'methyl', 'smiles_inds': [18]}, {'functional_group': 'carboxyl', 'smiles_inds': [11]}, {'functional_group': 'trichloro', 'smiles_inds': [1]}]",0.26041159936956276
10,median,CN(C)[C-]=CC(C)=O,"[7, 3]",[],0.26042608591539096
10,median,CC1[NH2+]C(C)CN(C1)c1c(F)c(N)c2C(=O)C(=CN(C3CC3)c2c1F)C(=O)[O-],"[15, 27]","[{'functional_group': 'thiol', 'smiles_inds': [4]}]",0.2604707581951744
10,median,CC(=O)[N-]C(c1ccccn1)c1ccccn1,"[3, 16, 10]","[{'functional_group': '2-hydroxypyridine', 'smiles_inds': [14]}, {'functional_group': 'trichloro', 'smiles_inds': [9]}]",0.2604877005496556
10,median,c1ccc(cc1)c1cccnn1,[10],"[{'functional_group': 'ethyl_ester', 'smiles_inds': [7]}]",0.2604885831895062
10,median,Clc1ccc(cc1)C(=O)N=Nc1ccccc1,"[8, 10]","[{'functional_group': 'aldehyde', 'smiles_inds': [5]}]",0.26051167934609254
10,median,C[SiH](C)NC(C)(C)C,[3],"[{'functional_group': 'chloro', 'smiles_inds': [0]}]",0.2605896524691302
10,top,CS(C)(C)C,[1],"[{'functional_group': 'ether', 'smiles_inds': [3]}]",0.9999770143557365
10,top,c1cc([c-]c(c1)C12N=CC3C4C1[S+2]234)C12N=CC3C4C1[S+2]234,"[7, 14, 3]","[{'functional_group': 'carboxylate', 'smiles_inds': [5]}, {'functional_group': 'carboxylate', 'smiles_inds': [0]}, {'functional_group': 'carboxylate', 'smiles_inds': [1]}, {'functional_group': 'cyanimide', 'smiles_inds': [10]}, {'functional_group': 'carboxylate', 'smiles_inds': [15]}, {'functional_group': 'amino', 'smiles_inds': [17]}, {'functional_group': 'carbonyl', 'smiles_inds': [18]}, {'functional_group': 'tribromo', 'smiles_inds': [9]}]",0.9999772388678208
10,top,c1cc([c-]c(c1)C12N=CC3C4C1[S+2]234)C12N=CC3C4C1[S+2]234,"[7, 14, 3]","[{'functional_group': 'carboxylate', 'smiles_inds': [5]}, {'functional_group': 'carboxylate', 'smiles_inds': [0]}, {'functional_group': 'carboxylate', 'smiles_inds': [1]}, {'functional_group': 'phosphonate', 'smiles_inds': [11]}, {'functional_group': 'cyanimide', 'smiles_inds': [15]}, {'functional_group': 'amino', 'smiles_inds': [8]}, {'functional_group': 'carboxylate', 'smiles_inds': [17]}, {'functional_group': 'cyano', 'smiles_inds': [9]}, {'functional_group': 'amino', 'smiles_inds': [10]}, {'functional_group': 'amino', 'smiles_inds': [18]}]",0.9999774649578217
10,top,c1cc([c-]c(c1)C12N=CC3C4C1[S+2]234)C12N=CC3C4C1[S+2]234,"[7, 14, 3]","[{'functional_group': 'carboxylate', 'smiles_inds': [5]}, {'functional_group': 'carboxylate', 'smiles_inds': [0]}, {'functional_group': 'carboxylate', 'smiles_inds': [1]}, {'functional_group': 'cyanimide', 'smiles_inds': [10]}, {'functional_group': 'carboxylate', 'smiles_inds': [15]}, {'functional_group': 'amino', 'smiles_inds': [17]}, {'functional_group': 'carbonyl', 'smiles_inds': [18]}, {'functional_group': 'chloro', 'smiles_inds': [16]}, {'functional_group': 'chloro', 'smiles_inds': [8]}]",0.9999782848380835
10,top,CN1C=CN=C1C=NCC(C)(CN=CC1=NC=CN1C)CN=CC1=NC=CN1C,"[7, 21, 4, 24, 12, 15]","[{'functional_group': 'ether', 'smiles_inds': [28]}]",0.9999806048590575
10,top,CN1C=CN=C1C=NCC(C)(CN=CC1=NC=CN1C)CN=CC1=NC=CN1C,"[7, 21, 4, 24, 12, 15]","[{'functional_group': 'carboxylate', 'smiles_inds': [10]}, {'functional_group': 'carboxylate', 'smiles_inds': [6]}]",0.9999832934512771
10,top,c1cc([c-]c(c1)C12N=CC3C4C1[S+2]234)C12N=CC3C4C1[S+2]234,"[7, 14, 3]","[{'functional_group': 'carboxylate', 'smiles_inds': [5]}, {'functional_group': 'carboxylate', 'smiles_inds': [0]}, {'functional_group': 'carboxylate', 'smiles_inds': [1]}, {'functional_group': 'cyanimide', 'smiles_inds': [10]}, {'functional_group': 'carboxylate', 'smiles_inds': [15]}, {'functional_group': 'amino', 'smiles_inds': [17]}, {'functional_group': 'carbonyl', 'smiles_inds': [18]}, {'functional_group': 'methyl', 'smiles_inds': [11]}]",0.999983490238738
10,top,c1cc([c-]c(c1)C12N=CC3C4C1[S+2]234)C12N=CC3C4C1[S+2]234,"[7, 14, 3]","[{'functional_group': 'carboxylate', 'smiles_inds': [5]}, {'functional_group': 'carboxylate', 'smiles_inds': [0]}, {'functional_group': 'carboxylate', 'smiles_inds': [1]}, {'functional_group': 'cyanimide', 'smiles_inds': [10]}, {'functional_group': 'carboxylate', 'smiles_inds': [15]}, {'functional_group': 'amino', 'smiles_inds': [17]}, {'functional_group': 'carbonyl', 'smiles_inds': [18]}, {'functional_group': 'phosphonate', 'smiles_inds': [11]}, {'functional_group': 'carboxylate', 'smiles_inds': [9]}, {'functional_group': 'phosphonate', 'smiles_inds': [16]}]",0.9999836916955384
10,top,c1cc([c-]c(c1)C12N=CC3C4C1[S+2]234)C12N=CC3C4C1[S+2]234,"[7, 14, 3]","[{'functional_group': 'carboxylate', 'smiles_inds': [5]}, {'functional_group': 'carboxylate', 'smiles_inds': [0]}, {'functional_group': 'carboxylate', 'smiles_inds': [1]}, {'functional_group': 'cyanimide', 'smiles_inds': [10]}, {'functional_group': 'carboxylate', 'smiles_inds': [15]}, {'functional_group': 'amino', 'smiles_inds': [17]}, {'functional_group': 'carbonyl', 'smiles_inds': [18]}, {'functional_group': 'methyl', 'smiles_inds': [8]}, {'functional_group': 'bromo', 'smiles_inds': [16]}]",0.9999837167673652
10,top,CN1C=CN=C1C=NCC(C)(CN=CC1=NC=CN1C)CN=CC1=NC=CN1C,"[7, 21, 4, 24, 12, 15]","[{'functional_group': 'amino', 'smiles_inds': [20]}]",0.9999849476302589
10,top,CNCC1(C)CNCN(CNC1)CC(C)(CN)CN,"[10, 1, 8, 16, 6, 18]","[{'functional_group': 'cyano', 'smiles_inds': [17]}]",0.9999913908669926
10,top,CN1C=CN=C1C=NCC(C)(CN=CC1=NC=CN1C)CN=CC1=NC=CN1C,"[7, 21, 4, 24, 12, 15]","[{'functional_group': 'carboxylate', 'smiles_inds': [10]}, {'functional_group': 'amino', 'smiles_inds': [19]}]",0.9999939632304367
10,top,CN1C=CN=C1C=NCC(C)(CN=CC1=NC=CN1C)CN=CC1=NC=CN1C,"[7, 21, 4, 24, 12, 15]","[{'functional_group': 'bromo', 'smiles_inds': [28]}, {'functional_group': 'hydroxyl', 'smiles_inds': [6]}, {'functional_group': 'cyanimide', 'smiles_inds': [10]}]",0.9999942651637677
10,top,CC12CNCN3CN(CN4CC(C)(CNCC(CNC1)(C4)N(=O)=O)C3)C2,"[9, 18, 14, 5, 3, 7]",[],0.9999943790458766
10,top,CNCC(C)(CN)CN1CNCC(C)(CNC)CNC1,"[1, 15, 18, 8, 6, 10]",[],0.9999948999569435
10,top,CN1C=CN=C1C=NCC(C)(CN=CC1=NC=CN1C)CN=CC1=NC=CN1C,"[7, 21, 4, 24, 12, 15]","[{'functional_group': 'cyanimide', 'smiles_inds': [8]}, {'functional_group': 'chloro', 'smiles_inds': [19]}, {'functional_group': 'trichloro', 'smiles_inds': [26]}]",0.9999954214092771
10,top,O=C([O-])CN1CCN(COCNCCNCOC1)CC(=O)[O-],"[2, 21, 4, 7, 11, 14]",[],0.9999964645378687
10,top,CC(CN=CC1=NC=CN1)(CN=CC1=NC=CN1)CN=CC1=NC=CN1,"[19, 3, 22, 6, 11, 14]",[],0.9999971372556523
10,top,CN1C=CN=C1C=NCC(C)(CN=CC1=NC=CN1C)CN=CC1=NC=CN1C,"[7, 21, 4, 24, 12, 15]","[{'functional_group': 'carboxylate', 'smiles_inds': [10]}, {'functional_group': 'cyanimide', 'smiles_inds': [20]}]",0.9999981631418832
10,top,CC(CN=CC1=NC=CN1)(CN=CC1=NC=CN1)CN=CC1=NC=CN1,"[19, 3, 22, 6, 11, 14]","[{'functional_group': 'cyanimide', 'smiles_inds': [0]}]",0.9999998304078742
11,bottom,C[Si](C)(C)c1cc(cc(c1)[Si](C#CP(C#C[Si](c1cc(cc(c1)[Si](C)(C)C)[Si](C)(C)C)(c1cc(cc(c1)[Si](C)(C)C)[Si](C)(C)C)c1cc(cc(c1)[Si](C)(C)C)[Si](C)(C)C)C#C[Si](c1cc(cc(c1)[Si](C)(C)C)[Si](C)(C)C)(c1cc(cc(c1)[Si](C)(C)C)[Si](C)(C)C)c1cc(cc(c1)[Si](C)(C)C)[Si](C)(C)C)(c1cc(cc(c1)[Si](C)(C)C)[Si](C)(C)C)c1cc(cc(c1)[Si](C)(C)C)[Si](C)(C)C)[Si](C)(C)C,[13],"[{'functional_group': 'ether', 'smiles_inds': [87]}, {'functional_group': 'cyano', 'smiles_inds': [32]}]",1.439335830920945e-38
11,bottom,C[Si](C)(C)C(c1cc(C([Si](C)(C)C)[Si](C)(C)C)c([Se]c2ccccc2Sc2ccccc2Sc2ccccc2[Se]c2c(cc(cc2C([Si](C)(C)C)[Si](C)(C)C)C([Si](C)(C)C)[Si](C)(C)C)C([Si](C)(C)C)[Si](C)(C)C)c(c1)C([Si](C)(C)C)[Si](C)(C)C)[Si](C)(C)C,"[25, 32]","[{'functional_group': 'cyano', 'smiles_inds': [36]}]",1.283400833909498e-30
11,bottom,CP(CCP(C)c1c(cc(cc1C([Si](C)(C)C)[Si](C)(C)C)C([Si](C)(C)C)([Si](C)(C)C)[Si](C)(C)C)C([Si](C)(C)C)[Si](C)(C)C)c1c(cc(cc1C([Si](C)(C)C)[Si](C)(C)C)C([Si](C)(C)C)([Si](C)(C)C)[Si](C)(C)C)C([Si-](C)C)[Si](C)(C)C,"[4, 72, 1]","[{'functional_group': 'phosphonate', 'smiles_inds': [10]}]",8.222062212202474e-30
11,bottom,C[Si](C)(C)C(c1cc(C([Si](C)(C)C)[Si](C)(C)C)c(Sc2ccccc2Sc2ccccc2Sc2ccccc2Sc2c(cc(cc2C([Si](C)(C)C)[Si](C)(C)C)C([Si](C)(C)C)[Si](C)(C)C)C([Si](C)(C)C)[Si](C)(C)C)c(c1)C([Si](C)(C)C)[Si](C)(C)C)[Si](C)(C)C,"[25, 32]","[{'functional_group': 'bromo', 'smiles_inds': [6]}, {'functional_group': 'amino', 'smiles_inds': [74]}]",1.4751030767867466e-29
11,bottom,CC(C)(C)c1cc2c3cc(cc4c5cc(cc6c7cc(cc8c9cc(cc%10c%11cc(cc%12c(c1)c2c1c(c34)c(c56)c(c78)c(c9%10)c1c%11%12)C(C)(C)C)C(C)(C)C)C(C)(C)C)C(C)(C)C)P(c1cc2c3cc(cc4c5cc(cc6c7cc(cc8c9cc(cc%10c%11cc(cc%12c(c1)c2c1c(c34)c(c56)c(c78)c(c9%10)c1c%11%12)C(C)(C)C)C(C)(C)C)C(C)(C)C)C(C)(C)C)C(C)(C)C)c1cc2c3cc(cc4c5cc(cc6c7cc(cc8c9cc(cc%10c%11cc(cc%12c(c1)c2c1c(c34)c(c56)c(c78)c(c9%10)c1c%11%12)C(C)(C)C)C(C)(C)C)C(C)(C)C)C(C)(C)C)C(C)(C)C,[62],"[{'functional_group': 'trifluro', 'smiles_inds': [67]}]",9.456942748519708e-24
11,bottom,CCOC(=O)C12C(=O)OCc3ccc4OCCOCCOc5cc(COC(=O)C6(C(=O)OCC)C78c9c%10c%11c%12c%13c%14C%15=C%16c%17c%18c%19c%15c%13c%10c7c%19c7c%18c%10c%13c%17c%15C%16=C%16c%14c%14c%12c%12c%11c%11c%17c%18c%12c%12c%19c%18c%18c%20c%21c%22c(c%13c%13c(c%18%22)c%19C1(c%15%13)C2%16c%14%12)c%10c1c%21c(c(c%17%20)c9%11)C68c71)ccc5OCCOCCOc4c3,"[17, 20, 97, 100, 103, 14]",[],7.045958377169005e-23
11,bottom,CCOC(=O)C12C(=O)OCc3ccc4OCCOCCOc5cc(COC(=O)C6(C(=O)OCC)C78c9c%10c%11c%12c%13c%14C%15=C%16c%17c%18c%19c%15c%13c%10c7c%19c7c%18c%10c%13c%17c%15C%16=C%16c%14c%14c%12c%12c%11c%11c%17c%18c%12c%12c%19c%18c%18c%20c%21c%22c(c%13c%13c(c%18%22)c%19C1(c%15%13)C2%16c%14%12)c%10c1c%21c(c(c%17%20)c9%11)C68c71)ccc5OCCOCCOc4c3,"[17, 20, 97, 100, 103, 14]","[{'functional_group': 'cyano', 'smiles_inds': [24]}]",7.154051896779003e-23
11,bottom,CC(C)C1NC(=O)C(OC(=O)C(NC(=O)C(OC(=O)C(NC(=O)C(OC(=O)C(NC(=O)C(OC(=O)C(NC(=O)C(OC(=O)C(NC(=O)C(OC1=O)C(C)C)C(C)C)C(C)C)C(C)C)C(C)C)C(C)C)C(C)C)C(C)C)C(C)C)C(C)C)C(C)C,"[10, 34, 18, 42, 50, 26]","[{'functional_group': 'cyanimide', 'smiles_inds': [58]}, {'functional_group': 'trifluro', 'smiles_inds': [66]}, {'functional_group': 'trifluro', 'smiles_inds': [68]}]",7.741783416963466e-22
11,bottom,CC(C)C1NC(=O)C(OC(=O)C(NC(=O)C(OC(=O)C(NC(=O)C(OC(=O)C(NC(=O)C(OC(=O)C(NC(=O)C(OC(=O)C(NC(=O)C(OC1=O)C(C)C)C(C)C)C(C)C)C(C)C)C(C)C)C(C)C)C(C)C)C(C)C)C(C)C)C(C)C)C(C)C,"[10, 34, 18, 42, 50, 26]",[],7.738533941937046e-21
11,bottom,COC1CCC(OC1C)OC1CC(OC2(OC(CC2C)C2OC(O)(CO)C(C)CC2C)C1C)C1(C)CCC2(CC(O)C(C)C(O2)C(C)C=C(C)C(=O)C(C)CC(C)C(=O)[O-])O1,"[13, 15, 21, 25, 60, 40]","[{'functional_group': 'trifluro', 'smiles_inds': [27]}, {'functional_group': 'thiol', 'smiles_inds': [0]}]",2.444580928340377e-20
11,bottom,CC(C)(C)C(=O)OCC1OC(SCCSC2OC(COC(=O)C(C)(C)C)C(OC(=O)C(C)(C)C)C(OC(=O)C(C)(C)C)C2OC(=O)C(C)(C)C)C(OC(=O)C(C)(C)C)C(OC(=O)C(C)(C)C)C1OC(=O)C(C)(C)C,"[11, 14]",[],3.7022525005489076e-20
11,bottom,CC(C)(C)c1cc(CP(C23CC4CC(CC(C4)C2)C3)C23CC4CC(CC(C4)C2)C3)c2[N-]c3c(CP(C45CC6CC(CC(C6)C4)C5)C45CC6CC(CC(C6)C4)C5)cc(cc3c2c1)C(C)(C)C,"[34, 8, 30]","[{'functional_group': 'phenyl', 'smiles_inds': [26]}, {'functional_group': '2-methylbenzoic_acid', 'smiles_inds': [52]}]",6.255619530506325e-20
11,bottom,CCCCCC1c2cc3C(CCCCC)c4cc5C(CCCCC)c6cc7C(CCCCC)c8cc1c1OCOc2cc3OCOc4c(P(c2ccccc2)c2ccccc2)c5OCOc6cc7OCOc8c1OCc1cccc(COc2c3OCOc4cc5OCOc6c7cc8C(CCCCC)c9cc%10C(CCCCC)c(cc3C(CCCCC)c4cc5C7CCCCC)c2OCOc%10cc9OCOc8c6P(c2ccccc2)c2ccccc2)c1,"[48, 142]",[],6.70521543329277e-19
11,bottom,CC(C)(C)P(CCP(CCP(C(C)(C)C)C(C)(C)C)CCP(C(C)(C)C)C(C)(C)C)C(C)(C)C,"[4, 7, 10]","[{'functional_group': 'carboxylate', 'smiles_inds': [3]}]",1.123550996784787e-18
11,bottom,C[Si](C)(C)c1cc(cc(c1)[Si](C)(C)C)P(c1cc(cc(c1)[Si](C)(C)C)[Si](C)(C)C)c1ccccc1P(c1cc(cc(c1)[Si](C)(C)C)[Si](C)(C)C)c1cc(cc(c1)[Si](C)(C)C)[Si](C)(C)C,"[35, 14]","[{'functional_group': 'phenyl', 'smiles_inds': [61]}, {'functional_group': 'ketone', 'smiles_inds': [39]}]",2.0218524845931133e-18
11,bottom,COc1c(cc(cc1C12CC3CC(CC(C3)C1)C2)P(c1cc(c(OC)c(c1)C12CC3CC(CC(C3)C1)C2)C12CC3CC(CC(C3)C1)C2)c1ccccc1CNc1cccc2CCC3(CCc4cccc(P(c5cc(cc(c5)C(C)(C)C)C(C)(C)C)c5cc(cc(c5)C(C)(C)C)C(C)(C)C)c34)c12)C12CC3CC(CC(C3)C1)C2,"[70, 18, 54]","[{'functional_group': 'ethyl_ester', 'smiles_inds': [13]}, {'functional_group': '2-methylbenzoic_acid', 'smiles_inds': [14]}, {'functional_group': 'methyl_ester', 'smiles_inds': [6]}]",3.624312763135612e-18
11,bottom,O=P(CCP(CCP(C1CCCCC1)C1CCCCC1)CCP(C1CCCCC1)C1CCCCC1)(C1CCCCC1)C1CCCCC1,"[4, 7, 22]","[{'functional_group': 'bromo', 'smiles_inds': [46]}, {'functional_group': 'aldehyde', 'smiles_inds': [12]}, {'functional_group': 'ethyl', 'smiles_inds': [10]}]",5.882275506689026e-18
11,bottom,COc1ccc2ccccc2c1c1c2ccccc2ccc1c1nc2c(ccc(c3ccc(C)cc3)c2nc1c1nc2c(ccc(c3ccc(C)cc3)c2nc1c1nc2c(ccc(c3ccc(C)cc3)c2nc1c1nc2c(ccc(c3ccc(C)cc3)c2nc1c1nc2c(ccc(c3ccc(C)cc3)c2n[c-]1)c1ccc(C)cc1)c1ccc(C)cc1)c1ccc(C)cc1)c1ccc(C)cc1)c1ccc(C)cc1,"[106, 88]","[{'functional_group': 'cyanimide', 'smiles_inds': [44]}]",6.413721114395684e-18
11,bottom,C[Si](C)(C)C(P([Ge](P(C([Si](C)(C)C)[Si](C)(C)C)c1ccccc1)P(C([Si](C)(C)C)[Si](C)(C)C)c1ccccc1)c1ccccc1)[Si](C)(C)C,"[5, 7, 23]","[{'functional_group': '2-methylbenzoic_acid', 'smiles_inds': [41]}]",6.902761651029319e-18
11,bottom,O=P(CCP(CCP(C1CCCCC1)C1CCCCC1)CCP(C1CCCCC1)C1CCCCC1)(C1CCCCC1)C1CCCCC1,"[4, 7, 22]","[{'functional_group': 'ether', 'smiles_inds': [9]}]",7.66140332922475e-18
11,median,C(Nc1ccccc1)c1cccc(C=Nc2ccccc2)n1,"[21, 14, 1]",[],0.25819890908716026
11,median,Oc1ccccc1c1ccnc(c1)c1ccccn1,"[18, 10]","[{'functional_group': 'ethyl_ester', 'smiles_inds': [3]}, {'functional_group': 'carboxyl', 'smiles_inds': [5]}]",0.25822601142378465
11,median,N1C=CN=C1N=[C-]c1ccccc1,"[3, 6]","[{'functional_group': 'methyl_ester', 'smiles_inds': [9]}, {'functional_group': 'ethyl', 'smiles_inds': [12]}]",0.25828580335139195
11,median,c1cc([c-]c(c1)C12N=CC3C4C1[S+2]234)C12N=CC3C4C1[S+2]234,"[7, 14, 3]","[{'functional_group': 'carboxylate', 'smiles_inds': [5]}, {'functional_group': '2-methylbenzoic_acid', 'smiles_inds': [17]}, {'functional_group': 'phenyl', 'smiles_inds': [18]}, {'functional_group': 'carboxylate', 'smiles_inds': [16]}]",0.2583693044770434
11,median,[NH3+]CC1=NNC(=S)N1N,"[6, 8]","[{'functional_group': 'phenyl', 'smiles_inds': [0]}, {'functional_group': 'cyano', 'smiles_inds': [1]}]",0.2584772323976207
11,median,C1CN2CCN(CCCN(CC2)Cc2ccccn2)CCN(C1)Cc1ccccn1,"[9, 2, 5, 18, 21, 29]","[{'functional_group': 'ethyl', 'smiles_inds': [26]}]",0.25849507412064504
11,median,CCc1ccccc1N=Cc1c([O-])ccc2ccccc12,"[12, 8]",[],0.2587145444739092
11,median,c1cc([c-]c(c1)C12N=CC3C4C1[S+2]234)C12N=CC3C4C1[S+2]234,"[7, 14, 3]","[{'functional_group': 'carboxylate', 'smiles_inds': [5]}, {'functional_group': 'carboxylate', 'smiles_inds': [0]}, {'functional_group': 'carboxylate', 'smiles_inds': [1]}, {'functional_group': 'cyanimide', 'smiles_inds': [15]}, {'functional_group': 'cyanimide', 'smiles_inds': [8]}, {'functional_group': 'amino', 'smiles_inds': [17]}, {'functional_group': 'ketone', 'smiles_inds': [11]}, {'functional_group': '2-methylbenzoic_acid', 'smiles_inds': [18]}, {'functional_group': 'ethyl_ester', 'smiles_inds': [10]}]",0.25871817716533413
11,median,COC1=NC(=N)C(=NO)C(=O)N1,"[7, 5]","[{'functional_group': 'carboxyl', 'smiles_inds': [8]}, {'functional_group': '2-hydroxypyridine', 'smiles_inds': [0]}, {'functional_group': '2-methylbenzoic_acid', 'smiles_inds': [11]}]",0.25878536079794934
11,median,CC1=CC(=O)CCC1,[4],"[{'functional_group': 'phosphonate', 'smiles_inds': [2]}]",0.25884527315411493
11,median,O=N(=O)c1ccc(cc1)N1C=CN=C1,[12],"[{'functional_group': 'methyl_ester', 'smiles_inds': [10]}, {'functional_group': 'thiol', 'smiles_inds': [13]}]",0.2588533524119883
11,median,C1C2OC(=NC2c2ccccc12)CC1=CC=C(CC2=NC3C(Cc4ccccc34)O2)[N-]1,"[4, 19, 30]","[{'functional_group': 'carboxylate', 'smiles_inds': [7]}]",0.25890836286303553
11,median,N1C(Nc2cccc3cccc1c23)C1=Nc2ccccc2S1,"[14, 0]",[],0.2589313146465198
11,median,CC(C)C1CN(C(=N1)[O-])C(C)(C)C,"[8, 7]",[],0.25893979953773816
11,median,COc1c[c-]c(c2ccccn2)c2c1ccc1ccc3ccccc3c21,"[11, 4]","[{'functional_group': 'methyl', 'smiles_inds': [10]}]",0.25895459042398405
11,median,COc1cccc(C=[NH+]C2CC2)c1[O-],"[13, 1]","[{'functional_group': 'iodo', 'smiles_inds': [5]}]",0.25897667861672935
11,median,COC(=O)C(=[CH-])C(NC(C)(C)C)c1cccc(C=NC(C)(C)C)[c-]1,"[23, 5, 7]",[],0.25900706167982485
11,median,COc1ccc(cc1)N=C(C)C[N-]c1ccc(OC)cc1,"[12, 8]",[],0.25902373936216605
11,median,[O-]c1cc2ccccc2cc1C=NC1CCCCC1,"[0, 12]","[{'functional_group': 'carboxyllic_acid', 'smiles_inds': [13]}]",0.25903224665963204
11,median,COc1ccc(cc1)c1ccc(cn1)C(F)(F)F,[13],[],0.25905338219580293
11,top,c1cc([c-]c(c1)C12N=CC3C4C1[S+2]234)C12N=CC3C4C1[S+2]234,"[7, 14, 3]","[{'functional_group': 'carboxylate', 'smiles_inds': [5]}, {'functional_group': 'carboxylate', 'smiles_inds': [0]}, {'functional_group': 'carboxylate', 'smiles_inds': [1]}, {'functional_group': 'cyanimide', 'smiles_inds': [15]}, {'functional_group': 'cyanimide', 'smiles_inds': [8]}, {'functional_group': 'amino', 'smiles_inds': [17]}, {'functional_group': 'carboxylate', 'smiles_inds': [18]}, {'functional_group': 'chloro', 'smiles_inds': [11]}]",0.9999803035533599
11,top,c1cc([c-]c(c1)C12N=CC3C4C1[S+2]234)C12N=CC3C4C1[S+2]234,"[7, 14, 3]","[{'functional_group': 'carboxylate', 'smiles_inds': [5]}, {'functional_group': 'carboxylate', 'smiles_inds': [0]}, {'functional_group': 'carboxylate', 'smiles_inds': [1]}, {'functional_group': 'cyanimide', 'smiles_inds': [15]}, {'functional_group': 'cyanimide', 'smiles_inds': [8]}, {'functional_group': 'amino', 'smiles_inds': [17]}, {'functional_group': 'chloro', 'smiles_inds': [10]}, {'functional_group': 'bromo', 'smiles_inds': [11]}, {'functional_group': 'chloro', 'smiles_inds': [18]}]",0.9999806211430866
11,top,c1cc([c-]c(c1)C12N=CC3C4C1[S+2]234)C12N=CC3C4C1[S+2]234,"[7, 14, 3]","[{'functional_group': 'carboxylate', 'smiles_inds': [5]}, {'functional_group': 'carboxylate', 'smiles_inds': [0]}, {'functional_group': 'carboxylate', 'smiles_inds': [1]}, {'functional_group': 'cyanimide', 'smiles_inds': [10]}, {'functional_group': 'carboxylate', 'smiles_inds': [15]}, {'functional_group': 'amino', 'smiles_inds': [17]}, {'functional_group': 'carbonyl', 'smiles_inds': [18]}, {'functional_group': 'trichloro', 'smiles_inds': [9]}, {'functional_group': 'carboxylate', 'smiles_inds': [16]}]",0.9999840838092304
11,top,c1cc([c-]c(c1)C12N=CC3C4C1[S+2]234)C12N=CC3C4C1[S+2]234,"[7, 14, 3]","[{'functional_group': 'carboxylate', 'smiles_inds': [5]}, {'functional_group': 'carboxylate', 'smiles_inds': [0]}, {'functional_group': 'carboxylate', 'smiles_inds': [1]}, {'functional_group': 'cyanimide', 'smiles_inds': [10]}, {'functional_group': 'carboxylate', 'smiles_inds': [15]}, {'functional_group': 'amino', 'smiles_inds': [17]}, {'functional_group': 'carbonyl', 'smiles_inds': [18]}, {'functional_group': 'phosphonate', 'smiles_inds': [11]}, {'functional_group': 'carboxylate', 'smiles_inds': [9]}, {'functional_group': 'phosphonate', 'smiles_inds': [16]}, {'functional_group': 'phosphonate', 'smiles_inds': [8]}]",0.9999844535279551
11,top,CN1C=CN=C1C=NCC(C)(CN=CC1=NC=CN1C)CN=CC1=NC=CN1C,"[7, 21, 4, 24, 12, 15]","[{'functional_group': 'carboxylate', 'smiles_inds': [10]}, {'functional_group': 'amino', 'smiles_inds': [20]}]",0.9999853622915494
11,top,c1cc([c-]c(c1)C12N=CC3C4C1[S+2]234)C12N=CC3C4C1[S+2]234,"[7, 14, 3]","[{'functional_group': 'carboxylate', 'smiles_inds': [5]}, {'functional_group': 'carboxylate', 'smiles_inds': [0]}, {'functional_group': 'carboxylate', 'smiles_inds': [1]}, {'functional_group': 'cyanimide', 'smiles_inds': [10]}, {'functional_group': 'carboxylate', 'smiles_inds': [15]}, {'functional_group': 'amino', 'smiles_inds': [17]}, {'functional_group': 'carbonyl', 'smiles_inds': [18]}, {'functional_group': 'trichloro', 'smiles_inds': [11]}]",0.9999854627242483
11,top,c1cc([c-]c(c1)C12N=CC3C4C1[S+2]234)C12N=CC3C4C1[S+2]234,"[7, 14, 3]","[{'functional_group': 'carboxylate', 'smiles_inds': [5]}, {'functional_group': 'carboxylate', 'smiles_inds': [0]}, {'functional_group': 'carboxylate', 'smiles_inds': [1]}, {'functional_group': 'cyanimide', 'smiles_inds': [10]}, {'functional_group': 'carboxylate', 'smiles_inds': [15]}, {'functional_group': 'amino', 'smiles_inds': [17]}, {'functional_group': 'carbonyl', 'smiles_inds': [18]}, {'functional_group': 'phosphonate', 'smiles_inds': [11]}, {'functional_group': 'carboxylate', 'smiles_inds': [9]}, {'functional_group': 'phosphonate', 'smiles_inds': [16]}, {'functional_group': 'bromo', 'smiles_inds': [8]}]",0.9999854660106444
11,top,c1cc([c-]c(c1)C12N=CC3C4C1[S+2]234)C12N=CC3C4C1[S+2]234,"[7, 14, 3]","[{'functional_group': 'carboxylate', 'smiles_inds': [5]}, {'functional_group': 'carboxylate', 'smiles_inds': [0]}, {'functional_group': 'carboxylate', 'smiles_inds': [1]}, {'functional_group': 'cyanimide', 'smiles_inds': [10]}, {'functional_group': 'carboxylate', 'smiles_inds': [15]}, {'functional_group': 'amino', 'smiles_inds': [17]}, {'functional_group': 'carbonyl', 'smiles_inds': [18]}, {'functional_group': 'phosphonate', 'smiles_inds': [11]}, {'functional_group': 'carboxylate', 'smiles_inds': [9]}, {'functional_group': 'phosphonate', 'smiles_inds': [16]}, {'functional_group': 'chloro', 'smiles_inds': [8]}]",0.9999877601968459
11,top,c1cc([c-]c(c1)C12N=CC3C4C1[S+2]234)C12N=CC3C4C1[S+2]234,"[7, 14, 3]","[{'functional_group': 'carboxylate', 'smiles_inds': [5]}, {'functional_group': 'carboxylate', 'smiles_inds': [0]}, {'functional_group': 'carboxylate', 'smiles_inds': [1]}, {'functional_group': 'cyanimide', 'smiles_inds': [10]}, {'functional_group': 'carboxylate', 'smiles_inds': [15]}, {'functional_group': 'amino', 'smiles_inds': [17]}, {'functional_group': 'carbonyl', 'smiles_inds': [18]}, {'functional_group': 'chloro', 'smiles_inds': [16]}, {'functional_group': 'carboxylate', 'smiles_inds': [11]}]",0.9999897229232554
11,top,CC12CNCN(CNC1)CC1(C)CNCC(CNC2)(CNC1)N(=O)=O,"[3, 17, 7, 5, 13, 20]","[{'functional_group': 'ether', 'smiles_inds': [19]}, {'functional_group': 'ketone', 'smiles_inds': [2]}]",0.9999901053969262
11,top,CC(CN=CC1=NC=CN1)(CN=CC1=NC=CN1)CN=CC1=NC=CN1,"[19, 3, 22, 6, 11, 14]",[],0.9999909532791
11,top,O=C([O-])CN1CCN(COCNCCNCOC1)CC(=O)[O-],"[2, 21, 4, 7, 11, 14]",[],0.9999921284735406
11,top,c1cc([c-]c(c1)C12N=CC3C4C1[S+2]234)C12N=CC3C4C1[S+2]234,"[7, 14, 3]","[{'functional_group': 'carboxylate', 'smiles_inds': [5]}, {'functional_group': 'carboxylate', 'smiles_inds': [0]}, {'functional_group': 'carboxylate', 'smiles_inds': [1]}, {'functional_group': 'cyanimide', 'smiles_inds': [10]}, {'functional_group': 'carboxylate', 'smiles_inds': [15]}, {'functional_group': 'amino', 'smiles_inds': [17]}, {'functional_group': 'carbonyl', 'smiles_inds': [18]}, {'functional_group': 'phosphonate', 'smiles_inds': [11]}, {'functional_group': 'carboxylate', 'smiles_inds': [9]}, {'functional_group': 'phosphonate', 'smiles_inds': [16]}, {'functional_group': 'cyanimide', 'smiles_inds': [8]}]",0.9999928805995933
11,top,CC12CSCCNCC3(CNCCSC1)C(=O)NCNC3=NCCSC2,"[24, 3, 13, 21, 6, 10]",[],0.9999938669160996
11,top,CC1(CN)CNCN(CNC1)CC1(C)CNCNC1,"[9, 3, 7, 15, 5, 17]","[{'functional_group': 'carbonyl', 'smiles_inds': [10]}]",0.9999944477696089
11,top,CNCC(C)(CN)CN1CNCC(C)(CNC)CNC1,"[1, 15, 18, 8, 6, 10]",[],0.9999947300043283
11,top,CC1(CN)CNCN(CNC1)CC1(C)CNCNC1,"[9, 3, 7, 15, 5, 17]",[],0.9999957533813395
11,top,CNCC1(C)CNCN(CNC1)CC(C)(CN)CN,"[10, 1, 8, 16, 6, 18]","[{'functional_group': 'cyano', 'smiles_inds': [7]}]",0.9999959935505142
11,top,CN1C=CN=C1C=NCC(C)(CN=CC1=NC=CN1C)CN=CC1=NC=CN1C,"[7, 21, 4, 24, 12, 15]","[{'functional_group': 'carboxylate', 'smiles_inds': [10]}, {'functional_group': 'cyanimide', 'smiles_inds': [11]}]",0.9999978188997306
11,top,CS(C)(C)C,[1],[],0.9999986807878575
12,bottom,C[Si](C)(C)c1cc(cc(c1)[Si](C#CP(C#C[Si](c1cc(cc(c1)[Si](C)(C)C)[Si](C)(C)C)(c1cc(cc(c1)[Si](C)(C)C)[Si](C)(C)C)c1cc(cc(c1)[Si](C)(C)C)[Si](C)(C)C)C#C[Si](c1cc(cc(c1)[Si](C)(C)C)[Si](C)(C)C)(c1cc(cc(c1)[Si](C)(C)C)[Si](C)(C)C)c1cc(cc(c1)[Si](C)(C)C)[Si](C)(C)C)(c1cc(cc(c1)[Si](C)(C)C)[Si](C)(C)C)c1cc(cc(c1)[Si](C)(C)C)[Si](C)(C)C)[Si](C)(C)C,[13],"[{'functional_group': 'carboxyllic_acid', 'smiles_inds': [39]}]",1.5858342318548983e-40
12,bottom,C[Si](C)(C)C(c1cc(C([Si](C)(C)C)[Si](C)(C)C)c(Sc2ccccc2[Se]c2ccccc2[Se]c2ccccc2Sc2c(cc(cc2C([Si](C)(C)C)[Si](C)(C)C)C([Si](C)(C)C)[Si](C)(C)C)C([Si](C)(C)C)[Si](C)(C)C)c(c1)C([Si](C)(C)C)[Si](C)(C)C)[Si](C)(C)C,"[25, 32]","[{'functional_group': '2-methylbenzoic_acid', 'smiles_inds': [37]}, {'functional_group': 'amide', 'smiles_inds': [71]}]",3.863588659103285e-33
12,bottom,C[Si](C)(C)C(c1cc(C([Si](C)(C)C)[Si](C)(C)C)c([Se]c2ccccc2[Se]c2ccccc2[Se]c2ccccc2[Se]c2c(cc(cc2C([Si](C)(C)C)[Si](C)(C)C)C([Si](C)(C)C)[Si](C)(C)C)C([Si](C)(C)C)[Si](C)(C)C)c(c1)C([Si](C)(C)C)[Si](C)(C)C)[Si](C)(C)C,"[25, 32]",[],7.68108745524398e-31
12,bottom,C[Si](C)(C)C(c1cc(C([Si](C)(C)C)[Si](C)(C)C)c([Se]c2ccccc2[Se]c2ccccc2[Se]c2ccccc2[Se]c2c(cc(cc2C([Si](C)(C)C)[Si](C)(C)C)C([Si](C)(C)C)[Si](C)(C)C)C([Si](C)(C)C)[Si](C)(C)C)c(c1)C([Si](C)(C)C)[Si](C)(C)C)[Si](C)(C)C,"[25, 32]","[{'functional_group': 'carbonyl', 'smiles_inds': [87]}, {'functional_group': 'bromo', 'smiles_inds': [34]}]",1.5979654790726906e-30
12,bottom,N=P(c1ccccc1c1cc(cc(c1)c1ccccc1P(=[N-])(C12CC3CC(CC(C3)C1)C2)C12CC3CC(CC(C3)C1)C2)c1ccccc1P(=[N-])(C12CC3CC(CC(C3)C1)C2)C12CC3CC(CC(C3)C1)C2)(C12CC3CC(CC(C3)C1)C2)C12CC3CC(CC(C3)C1)C2,"[0, 21, 49]","[{'functional_group': '2-methylbenzoic_acid', 'smiles_inds': [84]}]",4.213783661552972e-28
12,bottom,N=P(c1ccccc1c1cc(cc(c1)c1ccccc1P(=[N-])(C12CC3CC(CC(C3)C1)C2)C12CC3CC(CC(C3)C1)C2)c1ccccc1P(=[N-])(C12CC3CC(CC(C3)C1)C2)C12CC3CC(CC(C3)C1)C2)(C12CC3CC(CC(C3)C1)C2)C12CC3CC(CC(C3)C1)C2,"[0, 21, 49]","[{'functional_group': 'ether', 'smiles_inds': [81]}]",2.2169055047361204e-27
12,bottom,CCOC(=O)C1=C(OC23c4c5c6c7c8c9c%10C%11=C%12C%13=C%14C%15=C%16C%17=C%18C%19=C%20C%21=C(c4c4c6c8c6c%10C(=C%19c6c%214)C%17=C%11%15)C4=C6C%20=C%18C8=C%16c%10c%14c%11c%13c%13c(c9%12)c7c7c%13c9c%11c%11c%10c8c6c(c%11c9c2c57)C134)c1ccncc1,[71],[],3.3026846338921256e-27
12,bottom,C[Si](C)(C)c1cc(cc(c1)[Si](C)(C)C)C(C(=O)Nc1cccc(NC(=O)C(c2cc(cc(c2)[Si](C)(C)C)[Si](C)(C)C)(c2cc(cc(c2)[Si](C)(C)C)[Si](C)(C)C)c2cc(cc(c2)[Si](C)(C)C)[Si](C)(C)C)c1[S-])(c1cc(cc(c1)[Si](C)(C)C)[Si](C)(C)C)c1cc(cc(c1)[Si](C)(C)C)[Si](C)(C)C,"[70, 16]","[{'functional_group': '2-hydroxypyridine', 'smiles_inds': [83]}, {'functional_group': 'cyano', 'smiles_inds': [80]}]",6.53514224642006e-26
12,bottom,N1C(c2ccccn2)C23C4=C5C6=C7C8=C9c%10c%11c%12c%13c%14c%10c8c8c%10c%14c%14c%13c%13c%15c%12c%12c%11c%11C9=C6C6=C4C4=C9c(c%12c%12c%15c%15c%13c%13c%14c%14c%10c%10c8c7c5c5c%10c7c%14c%13c8c%15c(c9%12)C(=C24)c8c7C35C1c1ccccn1)c%116,[0],"[{'functional_group': 'aldehyde', 'smiles_inds': [69]}, {'functional_group': 'amide', 'smiles_inds': [5]}, {'functional_group': '2-hydroxypyridine', 'smiles_inds': [72]}]",6.535556850093611e-26
12,bottom,CN1CC23c4c5c6c7c8c9c%10c%11c%12c%13c%14c%10c%10c%15c%14c%14c%16c%13c%13c%12c%12c%17c%11c9c9c%11c%17c%17c%12c%12c%13c%13c%16c%16c%14c%14c%15c(c6c8%10)c4c%14c4c%16c6c%13c%12c8c%17c%10c%11c(c79)c5c2c%10c8c6C34C1c1ccncc1,[67],[],9.073609506861636e-26
12,bottom,CC1(N=C(c2ccccc2)C23C4=C5C6=C7C8=C9C%10=C%11C%12=C%13C%14=C%11C8=C6C6=C4C4=C8C%11=C%15C%16=C(C%17=C%12C%12=C%10C%10=C9C9=C7C7=C5C2=C2C5=C%18C%19=C%20C(=C%12C%17=C%12C%20=C%17C(=C%16%12)C%11=C(C2=C%18%17)C138)C%10=C%19C9=C75)C%13=C%15C4=C%146)C(=O)[O-],"[72, 2]",[],1.2324772160165732e-25
12,bottom,CN1CC23c4c5c6c7c8c9c%10c%11c%12c%13c%14c%10c%10c%15c%14c%14c%16c%13c%13c%12c%12c%17c%11c9c9c%11c%17c%17c%12c%12c%13c%13c%16c%16c%14c%14c%15c(c6c8%10)c4c%14c4c%16c6c%13c%12c8c%17c%10c%11c(c79)c5c2c%10c8c6C34C1c1ccncc1,[67],"[{'functional_group': 'iodo', 'smiles_inds': [0]}]",1.2487135924033775e-25
12,bottom,[O-]c1ccccc1C1=NOC23c4c5c6c7c8c9c%10c%11c%12c%13c%14c%10c%10c%15c%14c%14c%16c%13c%13c%12c%12c%17c%11c9c9c%11c%17c%17c%12c%12c%13c%13c%16c%16c%14c%14c%15c(c6c8%10)c4c%14c4c%16c6c%13c%12c8c%17c%10c%11c(c79)c5c2c%10c8c6C134,"[8, 0]",[],1.976630773099324e-24
12,bottom,CC(C)C1NC(=O)C(OC(=O)C(NC(=O)C(OC(=O)C(NC(=O)C(OC(=O)C(NC(=O)C(OC(=O)C(NC(=O)C(OC(=O)C(NC(=O)C(OC1=O)C(C)C)C(C)C)C(C)C)C(C)C)C(C)C)C(C)C)C(C)C)C(C)C)C(C)C)C(C)C)C(C)C,"[10, 34, 18, 42, 50, 26]",[],3.0958102096277117e-21
12,bottom,CC(C)C1NC(=O)C(OC(=O)C(NC(=O)C(OC(=O)C(NC(=O)C(OC(=O)C(NC(=O)C(OC(=O)C(NC(=O)C(OC(=O)C(NC(=O)C(OC1=O)C(C)C)C(C)C)C(C)C)C(C)C)C(C)C)C(C)C)C(C)C)C(C)C)C(C)C)C(C)C)C(C)C,"[10, 34, 18, 42, 50, 26]","[{'functional_group': 'cyano', 'smiles_inds': [62]}]",4.480875573986058e-21
12,bottom,CC(C)(C)P(CCP(CCP(C(C)(C)C)C(C)(C)C)CCP(C(C)(C)C)C(C)(C)C)C(C)(C)C,"[4, 7, 10]",[],2.3112364940369215e-20
12,bottom,CC(C)(C)C(=O)OCC1OC(SCCSC2OC(COC(=O)C(C)(C)C)C(OC(=O)C(C)(C)C)C(OC(=O)C(C)(C)C)C2OC(=O)C(C)(C)C)C(OC(=O)C(C)(C)C)C(OC(=O)C(C)(C)C)C1OC(=O)C(C)(C)C,"[11, 14]","[{'functional_group': '2-methylbenzoic_acid', 'smiles_inds': [3]}]",2.4078138666203165e-20
12,bottom,CC(C)COc1cc(nc2nc(NC(=O)c3cc(OCC(C)C)c4ccc(NC(=O)c5cc(OCC(C)C)c6cc(OCC(C)C)c(cc6n5)C(=O)NNC(=O)c5ccc(nn5)c5cccc(n5)c5ccc(nn5)C(=O)NNC(=O)c5cc6nc(cc(OCC(C)C)c6cc5OCC(C)C)C(=O)Nc5ccc6c(OCC(C)C)cc(nc6n5)C(=O)Nc5ccc6c(OCC(C)C)cc(nc6n5)C(=O)Nc5cccc(NC(=O)c6cc(OCC(C)C)c7cccc(NC(=O)c8cc(OCC(C)C)c9cccc(NC(=O)c%10cc(OCC(C)C)c%11cccc(c%11n%10)N(=O)=O)c9n8)c7n6)n5)nc4n3)ccc12)C(=O)Nc1cccc(NC(=O)c2cc(OCC(C)C)c3cccc(NC(=O)c4cc(OCC(C)C)c5cccc(NC(=O)c6cc(OCC(C)C)c7cccc(c7n6)N(=O)=O)c5n4)c3n2)n1,"[60, 67, 73]","[{'functional_group': 'amide', 'smiles_inds': [111]}]",3.832450759224958e-20
12,bottom,CC(C)(C)P(CCP(CCP(C(C)(C)C)C(C)(C)C)CCP(C(C)(C)C)C(C)(C)C)C(C)(C)C,"[4, 7, 10]","[{'functional_group': 'hydroxyl', 'smiles_inds': [5]}]",4.431115359058274e-20
12,bottom,COC1CCC(OC1C)OC1CC(OC2(OC(CC2C)C2OC(O)(CO)C(C)CC2C)C1C)C1(C)CCC2(CC(O)C(C)C(O2)C(C)C=C(C)C(=O)C(C)CC(C)C(=O)[O-])O1,"[13, 15, 21, 25, 60, 40]","[{'functional_group': 'aldehyde', 'smiles_inds': [23]}, {'functional_group': 'ethyl', 'smiles_inds': [43]}]",6.731376442205309e-20
12,median,CC1=CC(=C(C(=O)O1)C(C)=Nc1c(C)cc(C)cc1C)[O-],"[20, 10]","[{'functional_group': 'trichloro', 'smiles_inds': [0]}]",0.2644910787934019
12,median,Nc1ccc[nH+]c1c1[nH+]cccc1N,"[13, 0]","[{'functional_group': 'ether', 'smiles_inds': [4]}, {'functional_group': '2-methylbenzoic_acid', 'smiles_inds': [10]}, {'functional_group': '2-hydroxypyridine', 'smiles_inds': [2]}]",0.2645229210481999
12,median,CP(C)Oc1cccc(OP(C)C)[c-]1,"[1, 10, 13]","[{'functional_group': 'iodo', 'smiles_inds': [7]}]",0.2645234633080583
12,median,N1C(Sc2ccccc12)=C1N=C(C2=Nc3ccccc3S2)C(=C1c1ccccc1)c1ccccc1,"[10, 13]","[{'functional_group': 'cyanimide', 'smiles_inds': [5]}]",0.264534181724842
12,median,Cc1cccc(C)c1NCCN(Cc1ccccn1)Cc1ccccn1,"[18, 11, 25]",[],0.2645376690322865
12,median,CC(C)(C)c1cc(nc(c1)c1cc(cc(n1)c1cccc[c-]1)C(C)(C)C)C1CCCC1,"[7, 15, 21]","[{'functional_group': '2-methylbenzoic_acid', 'smiles_inds': [29]}]",0.26467237045659414
12,median,Cc1ccc(cc1)S(=O)(=O)[N-]c1ccccc1C1=Nc2ccccc2O1,"[18, 10]","[{'functional_group': 'phosphonate', 'smiles_inds': [12]}, {'functional_group': 'amide', 'smiles_inds': [15]}]",0.2648499822970602
12,median,NC(=S)c1cccnc1,[7],"[{'functional_group': '2-methylbenzoic_acid', 'smiles_inds': [8]}]",0.2649026684120361
12,median,CN1C=CC(C=C1)=Nc1ccccc1Nc1cccc2cccnc12,"[23, 1, 7]",[],0.26493928702765357
12,median,CN1N=NN=C1c1ccc(C=O)cc1,[4],"[{'functional_group': 'methyl', 'smiles_inds': [13]}, {'functional_group': 'cyano', 'smiles_inds': [12]}, {'functional_group': 'cyano', 'smiles_inds': [0]}]",0.2649461133363666
12,median,C1NOCC=C1,[1],"[{'functional_group': 'trifluro', 'smiles_inds': [3]}]",0.2649904908856891
12,median,c1cc([c-]c(c1)C12N=CC3C4C1[S+2]234)C12N=CC3C4C1[S+2]234,"[7, 14, 3]","[{'functional_group': 'trifluro', 'smiles_inds': [16]}, {'functional_group': 'hydroxyl', 'smiles_inds': [1]}]",0.265077246193187
12,median,CNC(=S)NN=CC1=Cc2cc(C)ccc2NC1=O,"[3, 18, 5]","[{'functional_group': 'bromo', 'smiles_inds': [4]}]",0.2651033403822243
12,median,CC1=CC2=C3C(=C4C=C(SC4(C)C2(C)S1)c1cc([c-]c(c1)c1ccccn1)c1ccccn1)C(F)(F)C(F)(F)C3(F)F,"[32, 18, 26]",[],0.26510956508036615
12,median,COc1ccccc1N=Cc1ccc2ccccc2n1,"[1, 19, 8]","[{'functional_group': 'cyano', 'smiles_inds': [9]}]",0.26511278977018343
12,median,c1ccc([c-]c1)C1=Nc2ccccc2N1c1ccc(cc1)N1c2ccccc2c2ccccc12,"[4, 7]","[{'functional_group': 'amino', 'smiles_inds': [11]}]",0.2651471971912224
12,median,CSc1ccccc1[NH-],"[1, 8]","[{'functional_group': 'ethyl_ester', 'smiles_inds': [3]}, {'functional_group': 'cyano', 'smiles_inds': [4]}]",0.26531668650527096
12,median,O=C1C=CC=CN1c1ccc2ccc3cccnc3c2n1,"[20, 17]",[],0.2653275280716936
12,median,C1CN=C(O1)c1ccccc1[C-]1c2ccccc2c2ccccc12,"[2, 11]","[{'functional_group': 'cyanimide', 'smiles_inds': [15]}]",0.26536295276633315
12,median,Cc1ccc2cc(C#C)c3ccc(C)nc3c2n1,"[17, 14]","[{'functional_group': 'fluoro', 'smiles_inds': [3]}]",0.2653796952769205
12,top,c1cc([c-]c(c1)C12N=CC3C4C1[S+2]234)C12N=CC3C4C1[S+2]234,"[7, 14, 3]","[{'functional_group': 'carboxylate', 'smiles_inds': [5]}, {'functional_group': 'carboxylate', 'smiles_inds': [0]}, {'functional_group': 'carboxylate', 'smiles_inds': [1]}, {'functional_group': 'cyanimide', 'smiles_inds': [10]}, {'functional_group': 'carboxylate', 'smiles_inds': [15]}, {'functional_group': 'amino', 'smiles_inds': [17]}, {'functional_group': 'carbonyl', 'smiles_inds': [18]}, {'functional_group': 'trichloro', 'smiles_inds': [11]}, {'functional_group': 'chloro', 'smiles_inds': [16]}, {'functional_group': 'methyl', 'smiles_inds': [8]}]",0.9999870260783835
12,top,c1cc([c-]c(c1)C12N=CC3C4C1[S+2]234)C12N=CC3C4C1[S+2]234,"[7, 14, 3]","[{'functional_group': 'carboxylate', 'smiles_inds': [5]}, {'functional_group': 'carboxylate', 'smiles_inds': [0]}, {'functional_group': 'carboxylate', 'smiles_inds': [1]}, {'functional_group': 'cyanimide', 'smiles_inds': [10]}, {'functional_group': 'carboxylate', 'smiles_inds': [15]}, {'functional_group': 'amino', 'smiles_inds': [17]}, {'functional_group': 'carbonyl', 'smiles_inds': [18]}, {'functional_group': 'phosphonate', 'smiles_inds': [11]}, {'functional_group': 'carboxylate', 'smiles_inds': [9]}, {'functional_group': 'phosphonate', 'smiles_inds': [16]}, {'functional_group': 'iodo', 'smiles_inds': [8]}]",0.9999872489526278
12,top,c1cc([c-]c(c1)C12N=CC3C4C1[S+2]234)C12N=CC3C4C1[S+2]234,"[7, 14, 3]","[{'functional_group': 'carboxylate', 'smiles_inds': [5]}, {'functional_group': 'carboxylate', 'smiles_inds': [0]}, {'functional_group': 'carboxylate', 'smiles_inds': [1]}, {'functional_group': 'cyanimide', 'smiles_inds': [10]}, {'functional_group': 'carboxylate', 'smiles_inds': [15]}, {'functional_group': 'amino', 'smiles_inds': [17]}, {'functional_group': 'carbonyl', 'smiles_inds': [18]}, {'functional_group': 'trichloro', 'smiles_inds': [11]}, {'functional_group': 'amino', 'smiles_inds': [8]}]",0.9999876164319776
12,top,c1cc([c-]c(c1)C12N=CC3C4C1[S+2]234)C12N=CC3C4C1[S+2]234,"[7, 14, 3]","[{'functional_group': 'carboxylate', 'smiles_inds': [5]}, {'functional_group': 'carboxylate', 'smiles_inds': [0]}, {'functional_group': 'carboxylate', 'smiles_inds': [1]}, {'functional_group': 'cyanimide', 'smiles_inds': [10]}, {'functional_group': 'carboxylate', 'smiles_inds': [15]}, {'functional_group': 'amino', 'smiles_inds': [17]}, {'functional_group': 'carbonyl', 'smiles_inds': [18]}, {'functional_group': 'trichloro', 'smiles_inds': [11]}, {'functional_group': 'carboxylate', 'smiles_inds': [8]}, {'functional_group': 'cyanimide', 'smiles_inds': [9]}]",0.9999882080549445
12,top,c1cc([c-]c(c1)C12N=CC3C4C1[S+2]234)C12N=CC3C4C1[S+2]234,"[7, 14, 3]","[{'functional_group': 'carboxylate', 'smiles_inds': [5]}, {'functional_group': 'carboxylate', 'smiles_inds': [0]}, {'functional_group': 'carboxylate', 'smiles_inds': [1]}, {'functional_group': 'cyanimide', 'smiles_inds': [10]}, {'functional_group': 'carboxylate', 'smiles_inds': [15]}, {'functional_group': 'amino', 'smiles_inds': [17]}, {'functional_group': 'carbonyl', 'smiles_inds': [18]}, {'functional_group': 'carboxylate', 'smiles_inds': [8]}]",0.9999884258056098
12,top,Brc1cc(Br)cc(c1)C1=N[N-]C(=N1)c1ccccn1,"[10, 18]","[{'functional_group': 'carboxylate', 'smiles_inds': [2]}, {'functional_group': 'ether', 'smiles_inds': [15]}, {'functional_group': 'carboxylate', 'smiles_inds': [7]}, {'functional_group': 'amino', 'smiles_inds': [14]}]",0.9999886862096935
12,top,c1cc([c-]c(c1)C12N=CC3C4C1[S+2]234)C12N=CC3C4C1[S+2]234,"[7, 14, 3]","[{'functional_group': 'carboxylate', 'smiles_inds': [5]}, {'functional_group': 'carboxylate', 'smiles_inds': [0]}, {'functional_group': 'carboxylate', 'smiles_inds': [1]}, {'functional_group': 'cyanimide', 'smiles_inds': [10]}, {'functional_group': 'carboxylate', 'smiles_inds': [15]}, {'functional_group': 'amino', 'smiles_inds': [17]}, {'functional_group': 'carbonyl', 'smiles_inds': [18]}, {'functional_group': 'phosphonate', 'smiles_inds': [11]}, {'functional_group': 'carboxylate', 'smiles_inds': [9]}, {'functional_group': 'phosphonate', 'smiles_inds': [16]}, {'functional_group': 'bromo', 'smiles_inds': [8]}]",0.9999890235095231
12,top,c1cc([c-]c(c1)C12N=CC3C4C1[S+2]234)C12N=CC3C4C1[S+2]234,"[7, 14, 3]","[{'functional_group': 'carboxylate', 'smiles_inds': [5]}, {'functional_group': 'carboxylate', 'smiles_inds': [0]}, {'functional_group': 'carboxylate', 'smiles_inds': [1]}, {'functional_group': 'cyanimide', 'smiles_inds': [15]}, {'functional_group': 'cyanimide', 'smiles_inds': [8]}, {'functional_group': 'carboxylate', 'smiles_inds': [17]}, {'functional_group': 'methyl', 'smiles_inds': [11]}, {'functional_group': 'chloro', 'smiles_inds': [18]}, {'functional_group': 'cyanimide', 'smiles_inds': [10]}, {'functional_group': 'ethyl', 'smiles_inds': [9]}]",0.9999897466995724
12,top,c1cc([c-]c(c1)C12N=CC3C4C1[S+2]234)C12N=CC3C4C1[S+2]234,"[7, 14, 3]","[{'functional_group': 'carboxylate', 'smiles_inds': [5]}, {'functional_group': 'carboxylate', 'smiles_inds': [0]}, {'functional_group': 'carboxylate', 'smiles_inds': [1]}, {'functional_group': 'cyanimide', 'smiles_inds': [10]}, {'functional_group': 'carboxylate', 'smiles_inds': [15]}, {'functional_group': 'amino', 'smiles_inds': [17]}, {'functional_group': 'carbonyl', 'smiles_inds': [18]}, {'functional_group': 'carboxylate', 'smiles_inds': [11]}]",0.9999899170612498
12,top,c1cc([c-]c(c1)C12N=CC3C4C1[S+2]234)C12N=CC3C4C1[S+2]234,"[7, 14, 3]","[{'functional_group': 'carboxylate', 'smiles_inds': [5]}, {'functional_group': 'carboxylate', 'smiles_inds': [0]}, {'functional_group': 'carboxylate', 'smiles_inds': [1]}, {'functional_group': 'cyanimide', 'smiles_inds': [10]}, {'functional_group': 'carboxylate', 'smiles_inds': [15]}, {'functional_group': 'amino', 'smiles_inds': [17]}, {'functional_group': 'carbonyl', 'smiles_inds': [18]}, {'functional_group': 'phosphonate', 'smiles_inds': [11]}, {'functional_group': 'carboxylate', 'smiles_inds': [9]}, {'functional_group': 'phosphonate', 'smiles_inds': [16]}, {'functional_group': 'trichloro', 'smiles_inds': [8]}]",0.9999899311030834
12,top,CS(C)(C)C,[1],"[{'functional_group': 'cyanimide', 'smiles_inds': [2]}]",0.9999921689911051
12,top,c1cc([c-]c(c1)C12N=CC3C4C1[S+2]234)C12N=CC3C4C1[S+2]234,"[7, 14, 3]","[{'functional_group': 'carboxylate', 'smiles_inds': [5]}, {'functional_group': 'carboxylate', 'smiles_inds': [0]}, {'functional_group': 'carboxylate', 'smiles_inds': [1]}, {'functional_group': 'cyanimide', 'smiles_inds': [10]}, {'functional_group': 'carboxylate', 'smiles_inds': [15]}, {'functional_group': 'amino', 'smiles_inds': [17]}, {'functional_group': 'carbonyl', 'smiles_inds': [18]}, {'functional_group': 'phosphonate', 'smiles_inds': [11]}, {'functional_group': 'carboxylate', 'smiles_inds': [9]}, {'functional_group': 'phosphonate', 'smiles_inds': [16]}, {'functional_group': 'amino', 'smiles_inds': [8]}]",0.9999921970260752
12,top,CC12CNCN3CN(CN4CC(C)(CNCC(CNC1)(C4)N(=O)=O)C3)C2,"[9, 18, 14, 5, 3, 7]",[],0.9999929813629856
12,top,Fc1c(F)c(F)c(NC2=C(Nc3ccc4OCCOCCOCCOCCOCCOc4c3)C(=O)C2=O)c(F)c1F,"[24, 30, 18, 15, 21, 27]","[{'functional_group': 'amino', 'smiles_inds': [32]}, {'functional_group': 'cyanimide', 'smiles_inds': [26]}, {'functional_group': 'bromo', 'smiles_inds': [12]}]",0.9999934419687555
12,top,c1cc([c-]c(c1)C12N=CC3C4C1[S+2]234)C12N=CC3C4C1[S+2]234,"[7, 14, 3]","[{'functional_group': 'carboxylate', 'smiles_inds': [5]}, {'functional_group': 'carboxylate', 'smiles_inds': [0]}, {'functional_group': 'carboxylate', 'smiles_inds': [1]}, {'functional_group': 'cyanimide', 'smiles_inds': [10]}, {'functional_group': 'carboxylate', 'smiles_inds': [15]}, {'functional_group': 'amino', 'smiles_inds': [17]}, {'functional_group': 'carbonyl', 'smiles_inds': [18]}, {'functional_group': 'phosphonate', 'smiles_inds': [11]}, {'functional_group': 'carboxylate', 'smiles_inds': [9]}, {'functional_group': 'phosphonate', 'smiles_inds': [16]}, {'functional_group': 'carboxylate', 'smiles_inds': [8]}]",0.9999935068485305
12,top,O=C([O-])CN1CCN(COCNCCNCOC1)CC(=O)[O-],"[2, 21, 4, 7, 11, 14]",[],0.9999937606028818
12,top,c1cc([c-]c(c1)C12N=CC3C4C1[S+2]234)C12N=CC3C4C1[S+2]234,"[7, 14, 3]","[{'functional_group': 'carboxylate', 'smiles_inds': [5]}, {'functional_group': 'carboxylate', 'smiles_inds': [0]}, {'functional_group': 'carboxylate', 'smiles_inds': [1]}, {'functional_group': 'cyanimide', 'smiles_inds': [10]}, {'functional_group': 'carboxylate', 'smiles_inds': [15]}, {'functional_group': 'amino', 'smiles_inds': [17]}, {'functional_group': 'carbonyl', 'smiles_inds': [18]}, {'functional_group': 'trichloro', 'smiles_inds': [11]}, {'functional_group': 'carboxylate', 'smiles_inds': [9]}]",0.9999944065604114
12,top,CC12CNCN(CNC1)CC1(C)CNCC(CNC2)(CNC1)N(=O)=O,"[3, 17, 7, 5, 13, 20]",[],0.999995662988605
12,top,c1cc([c-]c(c1)C12N=CC3C4C1[S+2]234)C12N=CC3C4C1[S+2]234,"[7, 14, 3]","[{'functional_group': 'carboxylate', 'smiles_inds': [5]}, {'functional_group': 'carboxylate', 'smiles_inds': [0]}, {'functional_group': 'carboxylate', 'smiles_inds': [1]}, {'functional_group': 'cyanimide', 'smiles_inds': [10]}, {'functional_group': 'carboxylate', 'smiles_inds': [15]}, {'functional_group': 'amino', 'smiles_inds': [17]}, {'functional_group': 'carbonyl', 'smiles_inds': [18]}, {'functional_group': 'phosphonate', 'smiles_inds': [11]}, {'functional_group': 'carboxylate', 'smiles_inds': [9]}, {'functional_group': 'phosphonate', 'smiles_inds': [16]}, {'functional_group': 'cyanimide', 'smiles_inds': [8]}]",0.9999961268483464
12,top,CN1C=CN=C1C=NCC(C)(CN=CC1=NC=CN1C)CN=CC1=NC=CN1C,"[7, 21, 4, 24, 12, 15]","[{'functional_group': 'cyanimide', 'smiles_inds': [20]}]",0.9999974803790646
13,bottom,CC(C)(C)c1cc2c3cc(cc4c5cc(cc6c7cc(cc8c9cc(cc%10c%11cc(cc%12c(c1)c2c1c(c34)c(c56)c(c78)c(c9%10)c1c%11%12)C(C)(C)C)C(C)(C)C)C(C)(C)C)C(C)(C)C)P(c1cc2c3cc(cc4c5cc(cc6c7cc(cc8c9cc(cc%10c%11cc(cc%12c(c1)c2c1c(c34)c(c56)c(c78)c(c9%10)c1c%11%12)C(C)(C)C)C(C)(C)C)C(C)(C)C)C(C)(C)C)C(C)(C)C)c1cc2c3cc(cc4c5cc(cc6c7cc(cc8c9cc(cc%10c%11cc(cc%12c(c1)c2c1c(c34)c(c56)c(c78)c(c9%10)c1c%11%12)C(C)(C)C)C(C)(C)C)C(C)(C)C)C(C)(C)C)C(C)(C)C,[62],"[{'functional_group': 'phosphonate', 'smiles_inds': [115]}]",4.392023539270278e-38
13,bottom,C[Si](C)(C)C(c1cc(C([Si](C)(C)C)[Si](C)(C)C)c([Se]c2ccccc2Sc2ccccc2Sc2ccccc2[Se]c2c(cc(cc2C([Si](C)(C)C)[Si](C)(C)C)C([Si](C)(C)C)[Si](C)(C)C)C([Si](C)(C)C)[Si](C)(C)C)c(c1)C([Si](C)(C)C)[Si](C)(C)C)[Si](C)(C)C,"[25, 32]","[{'functional_group': 'methyl', 'smiles_inds': [11]}]",2.277290861945572e-31
13,bottom,CCOC(=O)C12C(=O)OCc3ccc4OCCOCCOc5cc(COC(=O)C6(C(=O)OCC)C78c9c%10c%11c%12c%13c%14C%15=C%16c%17c%18c%19c%15c%13c%10c7c%19c7c%18c%10c%13c%17c%15C%16=C%16c%14c%14c%12c%12c%11c%11c%17c%18c%12c%12c%19c%18c%18c%20c%21c%22c(c%13c%13c(c%18%22)c%19C1(c%15%13)C2%16c%14%12)c%10c1c%21c(c(c%17%20)c9%11)C68c71)ccc5OCCOCCOc4c3,"[17, 20, 97, 100, 103, 14]",[],3.2789921205623396e-31
13,bottom,CCOC(=O)C1=C(OC23c4c5c6c7c8c9c%10C%11=C%12C%13=C%14C%15=C%16C%17=C%18C%19=C%20C%21=C(c4c4c6c8c6c%10C(=C%19c6c%214)C%17=C%11%15)C4=C6C%20=C%18C8=C%16c%10c%14c%11c%13c%13c(c9%12)c7c7c%13c9c%11c%11c%10c8c6c(c%11c9c2c57)C134)c1ccncc1,[71],"[{'functional_group': 'phenyl', 'smiles_inds': [73]}]",1.377292659471558e-29
13,bottom,CCOC(=O)C1=C(OC23c4c5c6c7c8c9c%10C%11=C%12C%13=C%14C%15=C%16C%17=C%18C%19=C%20C%21=C(c4c4c6c8c6c%10C(=C%19c6c%214)C%17=C%11%15)C4=C6C%20=C%18C8=C%16c%10c%14c%11c%13c%13c(c9%12)c7c7c%13c9c%11c%11c%10c8c6c(c%11c9c2c57)C134)c1ccncc1,[71],[],1.753696369754379e-28
13,bottom,C1N(CC23c4c5c6c7c8c9c%10c%11c%12c%13c%14c%10c%10c%15c%14c%14c%16c%13c%13c%12c%12c%17c%11c9c9c%11c%17c%17c%12c%12c%13c%13c%16c%16c%14c%14c%15c(c6c8%10)c4c%14c4c%16c6c%13c%12c8c%17c%10c%11c(c79)c5c2c%10c8c6C134)c1ccncc1,[1],[],6.751964824915537e-27
13,bottom,N=P(c1ccccc1c1cc(cc(c1)c1ccccc1P(=[N-])(C12CC3CC(CC(C3)C1)C2)C12CC3CC(CC(C3)C1)C2)c1ccccc1P(=[N-])(C12CC3CC(CC(C3)C1)C2)C12CC3CC(CC(C3)C1)C2)(C12CC3CC(CC(C3)C1)C2)C12CC3CC(CC(C3)C1)C2,"[0, 21, 49]","[{'functional_group': 'ketone', 'smiles_inds': [23]}]",7.738786617903936e-24
13,bottom,Cc1cc(C)c(B(CCCP(CCCB(c2c(C)cc(C)cc2C)c2c(C)cc(C)cc2C)CCP(CCCB(c2c(C)cc(C)cc2C)c2c(C)cc(C)cc2C)CCCB(c2c(C)cc(C)cc2C)c2c(C)cc(C)cc2C)c2c(C)cc(C)cc2C)c(C)c1,"[35, 10]","[{'functional_group': 'phosphonate', 'smiles_inds': [85]}]",2.9177552615356626e-22
13,bottom,CC(C)C1NC(=O)C(OC(=O)C(NC(=O)C(OC(=O)C(NC(=O)C(OC(=O)C(NC(=O)C(OC(=O)C(NC(=O)C(OC(=O)C(NC(=O)C(OC1=O)C(C)C)C(C)C)C(C)C)C(C)C)C(C)C)C(C)C)C(C)C)C(C)C)C(C)C)C(C)C)C(C)C,"[10, 34, 18, 42, 50, 26]",[],7.963051018810042e-21
13,bottom,C1C2CC3CC1CC(C2)(C3)P(Cc1cccc(CP(C23CC4CC(CC(C4)C2)C3)C23CC4CC(CC(C4)C2)C3)n1)C12CC3CC(CC(C3)C1)C2,"[10, 18, 39]","[{'functional_group': 'ethyl_ester', 'smiles_inds': [49]}, {'functional_group': 'ethyl_ester', 'smiles_inds': [41]}]",4.46287718025542e-19
13,bottom,CC(C)c1cc(c([Ge]c2c(cc(cc2C([Si](C)(C)C)[Si](C)(C)C)C([Si](C)(C)C)[Si](C)(C)C)C([Si](C)(C)C)[Si](C)(C)C)c(c1)C(C)C)C(C)C,[7],"[{'functional_group': 'phenyl', 'smiles_inds': [22]}, {'functional_group': 'trifluro', 'smiles_inds': [44]}]",1.6604072863539472e-18
13,bottom,COc1ccc2ccccc2c1c1c2ccccc2ccc1c1nc2c(ccc(c3ccc(C)cc3)c2nc1c1nc2c(ccc(c3ccc(C)cc3)c2nc1c1nc2c(ccc(c3ccc(C)cc3)c2nc1c1nc2c(ccc(c3ccc(C)cc3)c2nc1c1nc2c(ccc(c3ccc(C)cc3)c2n[c-]1)c1ccc(C)cc1)c1ccc(C)cc1)c1ccc(C)cc1)c1ccc(C)cc1)c1ccc(C)cc1,"[106, 88]",[],1.7095481045143684e-18
13,bottom,COC1CCC(OC1C)OC1CC(OC2(OC(CC2C)C2OC(O)(CO)C(C)CC2C)C1C)C1(C)CCC2(CC(O)C(C)C(O2)C(C)C=C(C)C(=O)C(C)CC(C)C(=O)[O-])O1,"[13, 15, 21, 25, 60, 40]","[{'functional_group': 'trichloro', 'smiles_inds': [36]}]",2.8984780434877366e-18
13,bottom,CC(C)c1cccc(C(C)C)c1c1cc(NCCN(CCNc2cc(cc(c2)c2c(cccc2C(C)C)C(C)C)c2c(cccc2C(C)C)C(C)C)CCNc2cc(cc(c2)c2c(cccc2C(C)C)C(C)C)c2c(cccc2C(C)C)C(C)C)cc(c1)c1c(cccc1C(C)C)C(C)C,"[18, 15, 21]",[],1.490429957503139e-17
13,bottom,CC(C)(C)c1cc2c(OP(Oc3c2cc(cc3C(C)(C)C)C(C)(C)C)O[Si]2(O[Si]3(O[Si](OP4Oc5c(cc(cc5C(C)(C)C)C(C)(C)C)c5cc(cc(c5O4)C(C)(C)C)C(C)(C)C)(O[Si]4(O[Si](O3)(O[Si](O2)(O[Si](O4)(O[Si](C)(c2ccccc2)c2ccccc2)C2CCCC2)C2CCCC2)C2CCCC2)C2CCCC2)C2CCCC2)C2CCCC2)C2CCCC2)c(c1)C(C)(C)C,"[9, 32]","[{'functional_group': 'chloro', 'smiles_inds': [51]}]",1.5373505770480703e-17
13,bottom,CC(C)(C)c1cc(CP(C23CC4CC(CC(C4)C2)C3)C23CC4CC(CC(C4)C2)C3)c2[N-]c3c(CP(C45CC6CC(CC(C6)C4)C5)C45CC6CC(CC(C6)C4)C5)cc(cc3c2c1)C(C)(C)C,"[34, 8, 30]","[{'functional_group': '2-hydroxypyridine', 'smiles_inds': [38]}]",1.9766169228026586e-17
13,bottom,CC(C)c1cccc(C(C)C)c1c1cc(NCCN(CCNc2cc(cc(c2)c2c(cccc2C(C)C)C(C)C)c2c(cccc2C(C)C)C(C)C)CCNc2cc(cc(c2)c2c(cccc2C(C)C)C(C)C)c2c(cccc2C(C)C)C(C)C)cc(c1)c1c(cccc1C(C)C)C(C)C,"[18, 15, 21]","[{'functional_group': 'phosphonate', 'smiles_inds': [60]}]",3.181527757934343e-17
13,bottom,CC(C)c1cc(c([Ge]c2c(cc(cc2C([Si](C)(C)C)[Si](C)(C)C)C([Si](C)(C)C)[Si](C)(C)C)C([Si](C)(C)C)[Si](C)(C)C)c(c1)C(C)C)C(C)C,[7],[],3.1846442711334994e-17
13,bottom,C[Si](C)(C)C(P([Ge](P(C([Si](C)(C)C)[Si](C)(C)C)c1ccccc1)P(C([Si](C)(C)C)[Si](C)(C)C)c1ccccc1)c1ccccc1)[Si](C)(C)C,"[5, 7, 23]","[{'functional_group': 'methyl', 'smiles_inds': [10]}, {'functional_group': 'thiol', 'smiles_inds': [27]}]",4.4203399066068006e-17
13,bottom,CC(C)(C)c1cc2c(OP(Oc3c2cc(cc3C(C)(C)C)C(C)(C)C)O[Si]2(O[Si]3(O[Si](OP4Oc5c(cc(cc5C(C)(C)C)C(C)(C)C)c5cc(cc(c5O4)C(C)(C)C)C(C)(C)C)(O[Si]4(O[Si](O3)(O[Si](O2)(O[Si](O4)(O[Si](C)(c2ccccc2)c2ccccc2)C2CCCC2)C2CCCC2)C2CCCC2)C2CCCC2)C2CCCC2)C2CCCC2)C2CCCC2)c(c1)C(C)(C)C,"[9, 32]","[{'functional_group': 'tribromo', 'smiles_inds': [47]}]",4.471240500225653e-17
13,median,c1cc([c-]c(c1)C12N=CC3C4C1[S+2]234)C12N=CC3C4C1[S+2]234,"[7, 14, 3]","[{'functional_group': 'ethyl', 'smiles_inds': [1]}, {'functional_group': 'carboxyl', 'smiles_inds': [8]}]",0.2580653461008491
13,median,S=C([S-])C1=CNC=N1,"[2, 7]","[{'functional_group': 'carboxyllic_acid', 'smiles_inds': [4]}, {'functional_group': 'ketone', 'smiles_inds': [6]}]",0.2580697193275597
13,median,COC(=O)c1ccc(nc1c1ccc(F)cc1)c1ccccn1,"[22, 8]","[{'functional_group': 'ethyl', 'smiles_inds': [20]}, {'functional_group': 'ethyl', 'smiles_inds': [19]}]",0.25807838181825876
13,median,Cc1ccc2N=C(c3ccccc3P(c3ccccc3)c3ccccc3)P(=O)([O-])c2c1,"[13, 5]","[{'functional_group': 'chloro', 'smiles_inds': [30]}, {'functional_group': 'carboxylate', 'smiles_inds': [16]}]",0.2580804708400698
13,median,c1ccc(cc1)c1cc(nc(c1)c1ccccn1)c1ccccc1,"[9, 17]",[],0.25815964283608955
13,median,CN1CCN(CC1)Cc1cccc(N)n1,"[4, 14]","[{'functional_group': 'ketone', 'smiles_inds': [11]}]",0.2581661941088747
13,median,Cc1cccc([N-]C(NC(=O)C(C)(C)C)=Nc2ccccc2)c1C,"[6, 10]","[{'functional_group': 'hydroxyl', 'smiles_inds': [19]}, {'functional_group': 'ethyl_ester', 'smiles_inds': [4]}]",0.2582113851104039
13,median,OCCc1[nH+]cccc1,[0],"[{'functional_group': 'ethyl', 'smiles_inds': [6]}]",0.2582192037529237
13,median,CCCN=CC1=CC=C[N-]1,"[9, 3]",[],0.258270427018723
13,median,C[NH+]1CCN(CC1)c1c(F)cc2C(=O)C(=CN3N(C)COc1c23)C(=O)[O-],"[25, 13]","[{'functional_group': 'bromo', 'smiles_inds': [15]}, {'functional_group': '2-methylbenzoic_acid', 'smiles_inds': [5]}]",0.25831422531224746
13,median,OC(=O)CCCN(Cc1ccccn1)Cc1ccccn1,"[13, 6, 20]","[{'functional_group': 'fluoro', 'smiles_inds': [18]}]",0.25838733941778097
13,median,C=CCN1CC([CH2-])c2ccccc2C1,"[3, 6]",[],0.2585514777061608
13,median,c1cc([c-]c(c1)C12N=CC3C4C1[S+2]234)C12N=CC3C4C1[S+2]234,"[7, 14, 3]","[{'functional_group': 'phenyl', 'smiles_inds': [11]}, {'functional_group': 'cyano', 'smiles_inds': [0]}]",0.25856864682824376
13,median,COC(OC)c1cccc(C=NC(c2ccccn2)c2cccc(C)n2)c1,"[18, 25, 11]","[{'functional_group': 'chloro', 'smiles_inds': [21]}, {'functional_group': 'trifluro', 'smiles_inds': [16]}]",0.2586738672141733
13,median,COc1ccc(cc1)P(c1ccc(OC)cc1)c1ccccc1[O-],"[8, 23]",[],0.25867817369840473
13,median,O1C(=NN=C1c1cccnc1)c1cccnc1,[9],"[{'functional_group': 'trifluro', 'smiles_inds': [14]}, {'functional_group': 'fluoro', 'smiles_inds': [13]}]",0.2586868636083299
13,median,CC1[NH2+]C(C)CN(C1)c1c(F)c(N)c2C(=O)C(=CN(C3CC3)c2c1F)C(=O)[O-],"[15, 27]","[{'functional_group': '2-hydroxypyridine', 'smiles_inds': [5]}, {'functional_group': 'cyanimide', 'smiles_inds': [7]}, {'functional_group': 'ethyl', 'smiles_inds': [21]}, {'functional_group': 'methyl_ester', 'smiles_inds': [0]}]",0.25869866290735
13,median,COc1cccc(C=NC23CC4CC(CC(C4)C2)C3)c1[O-],"[20, 1]",[],0.2587793714342517
13,median,CN(C)CCCN=Cc1cc(Cl)ccc1[O-],"[15, 6, 1]","[{'functional_group': 'carboxyl', 'smiles_inds': [0]}]",0.25880845364496624
13,median,O=C([N-]Cc1ccccn1)C(Cc1ccccc1)[N-]C(=O)c1ccccn1,"[26, 18, 2]",[],0.25883406752218663
13,top,c1cc([c-]c(c1)C12N=CC3C4C1[S+2]234)C12N=CC3C4C1[S+2]234,"[7, 14, 3]","[{'functional_group': 'carboxylate', 'smiles_inds': [5]}, {'functional_group': 'carboxylate', 'smiles_inds': [0]}, {'functional_group': 'carboxylate', 'smiles_inds': [1]}, {'functional_group': 'cyanimide', 'smiles_inds': [15]}, {'functional_group': 'cyanimide', 'smiles_inds': [8]}, {'functional_group': 'carboxylate', 'smiles_inds': [17]}, {'functional_group': 'cyanimide', 'smiles_inds': [10]}]",0.9999913361388139
13,top,c1cc([c-]c(c1)C12N=CC3C4C1[S+2]234)C12N=CC3C4C1[S+2]234,"[7, 14, 3]","[{'functional_group': 'carboxylate', 'smiles_inds': [5]}, {'functional_group': 'carboxylate', 'smiles_inds': [0]}, {'functional_group': 'carboxylate', 'smiles_inds': [1]}, {'functional_group': 'cyanimide', 'smiles_inds': [15]}, {'functional_group': 'cyanimide', 'smiles_inds': [8]}, {'functional_group': 'amino', 'smiles_inds': [17]}, {'functional_group': 'chloro', 'smiles_inds': [10]}, {'functional_group': 'carboxylate', 'smiles_inds': [16]}]",0.9999927796716633
13,top,c1cc([c-]c(c1)C12N=CC3C4C1[S+2]234)C12N=CC3C4C1[S+2]234,"[7, 14, 3]","[{'functional_group': 'carboxylate', 'smiles_inds': [5]}, {'functional_group': 'carboxylate', 'smiles_inds': [0]}, {'functional_group': 'carboxylate', 'smiles_inds': [1]}, {'functional_group': 'cyanimide', 'smiles_inds': [10]}, {'functional_group': 'carboxylate', 'smiles_inds': [15]}, {'functional_group': 'amino', 'smiles_inds': [17]}, {'functional_group': 'carbonyl', 'smiles_inds': [18]}, {'functional_group': 'trichloro', 'smiles_inds': [11]}, {'functional_group': 'carboxylate', 'smiles_inds': [9]}, {'functional_group': 'fluoro', 'smiles_inds': [16]}]",0.9999935440101405
13,top,c1cc([c-]c(c1)C12N=CC3C4C1[S+2]234)C12N=CC3C4C1[S+2]234,"[7, 14, 3]","[{'functional_group': 'carboxylate', 'smiles_inds': [5]}, {'functional_group': 'carboxylate', 'smiles_inds': [0]}, {'functional_group': 'carboxylate', 'smiles_inds': [1]}, {'functional_group': 'cyanimide', 'smiles_inds': [10]}, {'functional_group': 'carboxylate', 'smiles_inds': [15]}, {'functional_group': 'amino', 'smiles_inds': [17]}, {'functional_group': 'carbonyl', 'smiles_inds': [18]}, {'functional_group': 'trichloro', 'smiles_inds': [11]}, {'functional_group': 'carboxylate', 'smiles_inds': [9]}, {'functional_group': 'chloro', 'smiles_inds': [16]}]",0.9999936911116397
13,top,CC12CNCN3CN(CN4CC(C)(CNCC(CNC1)(C4)N(=O)=O)C3)C2,"[9, 18, 14, 5, 3, 7]",[],0.9999937076971946
13,top,c1cc([c-]c(c1)C12N=CC3C4C1[S+2]234)C12N=CC3C4C1[S+2]234,"[7, 14, 3]","[{'functional_group': 'carboxylate', 'smiles_inds': [5]}, {'functional_group': 'carboxylate', 'smiles_inds': [0]}, {'functional_group': 'carboxylate', 'smiles_inds': [1]}, {'functional_group': 'cyanimide', 'smiles_inds': [10]}, {'functional_group': 'carboxylate', 'smiles_inds': [15]}, {'functional_group': 'amino', 'smiles_inds': [17]}, {'functional_group': 'carbonyl', 'smiles_inds': [18]}, {'functional_group': 'amino', 'smiles_inds': [11]}, {'functional_group': 'cyanimide', 'smiles_inds': [8]}]",0.9999937221708808
13,top,CC[NH+]1CCN(CC1)c1cc2N(C=C(C(=O)[O-])C(=O)c2cc1F)C1CC1,"[18, 16]","[{'functional_group': 'methyl', 'smiles_inds': [9]}, {'functional_group': 'iodo', 'smiles_inds': [7]}, {'functional_group': 'carboxylate', 'smiles_inds': [20]}, {'functional_group': 'carboxylate', 'smiles_inds': [12]}, {'functional_group': 'trifluro', 'smiles_inds': [2]}, {'functional_group': 'cyanimide', 'smiles_inds': [24]}]",0.9999941075790627
13,top,c1cc([c-]c(c1)C12N=CC3C4C1[S+2]234)C12N=CC3C4C1[S+2]234,"[7, 14, 3]","[{'functional_group': 'carboxylate', 'smiles_inds': [5]}, {'functional_group': 'carboxylate', 'smiles_inds': [0]}, {'functional_group': 'carboxylate', 'smiles_inds': [1]}, {'functional_group': 'cyanimide', 'smiles_inds': [10]}, {'functional_group': 'carboxylate', 'smiles_inds': [15]}, {'functional_group': 'amino', 'smiles_inds': [17]}, {'functional_group': 'carbonyl', 'smiles_inds': [18]}, {'functional_group': 'trichloro', 'smiles_inds': [11]}, {'functional_group': 'carboxylate', 'smiles_inds': [9]}, {'functional_group': 'chloro', 'smiles_inds': [8]}, {'functional_group': 'cyanimide', 'smiles_inds': [16]}]",0.9999942734280403
13,top,c1cc([c-]c(c1)C12N=CC3C4C1[S+2]234)C12N=CC3C4C1[S+2]234,"[7, 14, 3]","[{'functional_group': 'carboxylate', 'smiles_inds': [5]}, {'functional_group': 'carboxylate', 'smiles_inds': [0]}, {'functional_group': 'carboxylate', 'smiles_inds': [1]}, {'functional_group': 'cyanimide', 'smiles_inds': [10]}, {'functional_group': 'carboxylate', 'smiles_inds': [15]}, {'functional_group': 'amino', 'smiles_inds': [17]}, {'functional_group': 'carbonyl', 'smiles_inds': [18]}, {'functional_group': 'trichloro', 'smiles_inds': [11]}, {'functional_group': 'carboxylate', 'smiles_inds': [9]}, {'functional_group': 'amino', 'smiles_inds': [16]}]",0.9999946543774711
13,top,O=C([O-])CN1CCN(COCNCCNCOC1)CC(=O)[O-],"[2, 21, 4, 7, 11, 14]",[],0.9999947911448825
13,top,c1cc([c-]c(c1)C12N=CC3C4C1[S+2]234)C12N=CC3C4C1[S+2]234,"[7, 14, 3]","[{'functional_group': 'carboxylate', 'smiles_inds': [5]}, {'functional_group': 'carboxylate', 'smiles_inds': [0]}, {'functional_group': 'carboxylate', 'smiles_inds': [1]}, {'functional_group': 'cyanimide', 'smiles_inds': [15]}, {'functional_group': 'cyanimide', 'smiles_inds': [8]}, {'functional_group': 'amino', 'smiles_inds': [17]}, {'functional_group': 'cyanimide', 'smiles_inds': [10]}, {'functional_group': 'fluoro', 'smiles_inds': [16]}]",0.9999949424631059
13,top,c1cc([c-]c(c1)C12N=CC3C4C1[S+2]234)C12N=CC3C4C1[S+2]234,"[7, 14, 3]","[{'functional_group': 'carboxylate', 'smiles_inds': [5]}, {'functional_group': 'carboxylate', 'smiles_inds': [0]}, {'functional_group': 'carboxylate', 'smiles_inds': [1]}, {'functional_group': 'cyanimide', 'smiles_inds': [15]}, {'functional_group': 'cyanimide', 'smiles_inds': [8]}, {'functional_group': 'amino', 'smiles_inds': [17]}, {'functional_group': 'chloro', 'smiles_inds': [10]}, {'functional_group': 'carboxylate', 'smiles_inds': [16]}, {'functional_group': 'fluoro', 'smiles_inds': [18]}]",0.9999955474683871
13,top,CC12CSCCNCC3(CNCCSC1)C(=O)NCNC3=NCCSC2,"[24, 3, 13, 21, 6, 10]",[],0.9999965092651767
13,top,CSCC(NCCNC(CSC)C(=O)[O-])C(=O)[O-],"[1, 10, 17, 14, 4, 7]","[{'functional_group': 'amino', 'smiles_inds': [3]}, {'functional_group': 'amino', 'smiles_inds': [8]}]",0.9999965543092283
13,top,NCCSCCN(CCSCCN)CCSCCN,"[3, 9, 15, 0, 12, 18]","[{'functional_group': 'amino', 'smiles_inds': [8]}, {'functional_group': 'carboxylate', 'smiles_inds': [17]}]",0.9999969559107479
13,top,c1cc([c-]c(c1)C12N=CC3C4C1[S+2]234)C12N=CC3C4C1[S+2]234,"[7, 14, 3]","[{'functional_group': 'carboxylate', 'smiles_inds': [5]}, {'functional_group': 'carboxylate', 'smiles_inds': [0]}, {'functional_group': 'carboxylate', 'smiles_inds': [1]}, {'functional_group': 'cyanimide', 'smiles_inds': [10]}, {'functional_group': 'carboxylate', 'smiles_inds': [15]}, {'functional_group': 'amino', 'smiles_inds': [17]}, {'functional_group': 'carbonyl', 'smiles_inds': [18]}, {'functional_group': 'trichloro', 'smiles_inds': [11]}, {'functional_group': 'cyanimide', 'smiles_inds': [8]}, {'functional_group': 'trichloro', 'smiles_inds': [9]}]",0.9999969809769556
13,top,c1cc([c-]c(c1)C12N=CC3C4C1[S+2]234)C12N=CC3C4C1[S+2]234,"[7, 14, 3]","[{'functional_group': 'carboxylate', 'smiles_inds': [5]}, {'functional_group': 'carboxylate', 'smiles_inds': [0]}, {'functional_group': 'carboxylate', 'smiles_inds': [1]}, {'functional_group': 'cyanimide', 'smiles_inds': [10]}, {'functional_group': 'carboxylate', 'smiles_inds': [15]}, {'functional_group': 'amino', 'smiles_inds': [17]}, {'functional_group': 'carbonyl', 'smiles_inds': [18]}, {'functional_group': 'phosphonate', 'smiles_inds': [11]}, {'functional_group': 'carboxylate', 'smiles_inds': [9]}, {'functional_group': 'phosphonate', 'smiles_inds': [16]}, {'functional_group': 'cyanimide', 'smiles_inds': [8]}]",0.9999970698876421
13,top,Cc1ccc([c-]c1)c1nc(C)c(C)c(n1)c1ccc(C)c[c-]1,"[14, 21, 5]","[{'functional_group': 'cyanimide', 'smiles_inds': [12]}, {'functional_group': 'cyanimide', 'smiles_inds': [17]}]",0.9999970933747405
13,top,CC12CNCN3CN(CN4CC(C)(CNCC(CNC1)(C4)N(=O)=O)C3)C2,"[9, 18, 14, 5, 3, 7]","[{'functional_group': 'cyanimide', 'smiles_inds': [4]}, {'functional_group': 'ether', 'smiles_inds': [2]}]",0.9999972172255944
13,top,c1cc([c-]c(c1)C12N=CC3C4C1[S+2]234)C12N=CC3C4C1[S+2]234,"[7, 14, 3]","[{'functional_group': 'carboxylate', 'smiles_inds': [5]}, {'functional_group': 'carboxylate', 'smiles_inds': [0]}, {'functional_group': 'carboxylate', 'smiles_inds': [1]}, {'functional_group': 'cyanimide', 'smiles_inds': [10]}, {'functional_group': 'carboxylate', 'smiles_inds': [15]}, {'functional_group': 'amino', 'smiles_inds': [17]}, {'functional_group': 'carbonyl', 'smiles_inds': [18]}, {'functional_group': 'trichloro', 'smiles_inds': [11]}, {'functional_group': 'carboxylate', 'smiles_inds': [9]}, {'functional_group': 'cyanimide', 'smiles_inds': [8]}]",0.9999984830506582
14,bottom,C[Si](C)(C)c1cc(cc(c1)[Si](C#CP(C#C[Si](c1cc(cc(c1)[Si](C)(C)C)[Si](C)(C)C)(c1cc(cc(c1)[Si](C)(C)C)[Si](C)(C)C)c1cc(cc(c1)[Si](C)(C)C)[Si](C)(C)C)C#C[Si](c1cc(cc(c1)[Si](C)(C)C)[Si](C)(C)C)(c1cc(cc(c1)[Si](C)(C)C)[Si](C)(C)C)c1cc(cc(c1)[Si](C)(C)C)[Si](C)(C)C)(c1cc(cc(c1)[Si](C)(C)C)[Si](C)(C)C)c1cc(cc(c1)[Si](C)(C)C)[Si](C)(C)C)[Si](C)(C)C,[13],"[{'functional_group': 'phosphonate', 'smiles_inds': [107]}]",2.2920731799138775e-42
14,bottom,CC(C)(C)c1cc2c3cc(cc4c5cc(cc6c7cc(cc8c9cc(cc%10c%11cc(cc%12c(c1)c2c1c(c34)c(c56)c(c78)c(c9%10)c1c%11%12)C(C)(C)C)C(C)(C)C)C(C)(C)C)C(C)(C)C)P(c1cc2c3cc(cc4c5cc(cc6c7cc(cc8c9cc(cc%10c%11cc(cc%12c(c1)c2c1c(c34)c(c56)c(c78)c(c9%10)c1c%11%12)C(C)(C)C)C(C)(C)C)C(C)(C)C)C(C)(C)C)C(C)(C)C)c1cc2c3cc(cc4c5cc(cc6c7cc(cc8c9cc(cc%10c%11cc(cc%12c(c1)c2c1c(c34)c(c56)c(c78)c(c9%10)c1c%11%12)C(C)(C)C)C(C)(C)C)C(C)(C)C)C(C)(C)C)C(C)(C)C,[62],"[{'functional_group': 'phosphonate', 'smiles_inds': [20]}]",1.0216855037854326e-40
14,bottom,C[Si](C)(C)C(c1cc(C([Si](C)(C)C)[Si](C)(C)C)c([Se]c2ccccc2[Se]c2ccccc2[Se]c2ccccc2[Se]c2c(cc(cc2C([Si](C)(C)C)[Si](C)(C)C)C([Si](C)(C)C)[Si](C)(C)C)C([Si](C)(C)C)[Si](C)(C)C)c(c1)C([Si](C)(C)C)[Si](C)(C)C)[Si](C)(C)C,"[25, 32]","[{'functional_group': '2-methylbenzoic_acid', 'smiles_inds': [85]}]",1.5347523290261314e-30
14,bottom,CP(CCP(C)c1c(cc(cc1C([Si](C)(C)C)[Si](C)(C)C)C([Si](C)(C)C)([Si](C)(C)C)[Si](C)(C)C)C([Si](C)(C)C)[Si](C)(C)C)c1c(cc(cc1C([Si](C)(C)C)[Si](C)(C)C)C([Si](C)(C)C)([Si](C)(C)C)[Si](C)(C)C)C([Si-](C)C)[Si](C)(C)C,"[4, 72, 1]","[{'functional_group': 'methyl_ester', 'smiles_inds': [19]}, {'functional_group': 'bromo', 'smiles_inds': [62]}]",8.844049639860116e-30
14,bottom,C[Si](C)(C)C(c1cc(C([Si](C)(C)C)[Si](C)(C)C)c(Sc2ccccc2[Se]c2ccccc2[Se]c2ccccc2Sc2c(cc(cc2C([Si](C)(C)C)[Si](C)(C)C)C([Si](C)(C)C)[Si](C)(C)C)C([Si](C)(C)C)[Si](C)(C)C)c(c1)C([Si](C)(C)C)[Si](C)(C)C)[Si](C)(C)C,"[25, 32]","[{'functional_group': 'ethyl', 'smiles_inds': [16]}, {'functional_group': 'carboxyl', 'smiles_inds': [20]}, {'functional_group': 'aldehyde', 'smiles_inds': [35]}]",3.3261266714420353e-29
14,bottom,C[Si](C)(C)C(c1cc(C([Si](C)(C)C)[Si](C)(C)C)c(Sc2ccccc2[Se]c2ccccc2[Se]c2ccccc2Sc2c(cc(cc2C([Si](C)(C)C)[Si](C)(C)C)C([Si](C)(C)C)[Si](C)(C)C)C([Si](C)(C)C)[Si](C)(C)C)c(c1)C([Si](C)(C)C)[Si](C)(C)C)[Si](C)(C)C,"[25, 32]",[],5.951715465368798e-29
14,bottom,CC1(N=C(c2ccccc2)C23C4=C5C6=C7C8=C9C%10=C%11C%12=C%13C%14=C%11C8=C6C6=C4C4=C8C%11=C%15C%16=C(C%17=C%12C%12=C%10C%10=C9C9=C7C7=C5C2=C2C5=C%18C%19=C%20C(=C%12C%17=C%12C%20=C%17C(=C%16%12)C%11=C(C2=C%18%17)C138)C%10=C%19C9=C75)C%13=C%15C4=C%146)C(=O)[O-],"[72, 2]","[{'functional_group': 'phenyl', 'smiles_inds': [7]}]",1.2875404891686867e-28
14,bottom,C1N(CC23c4c5c6c7c8c9c%10c%11c%12c%13c%14c%10c%10c%15c%14c%14c%16c%13c%13c%12c%12c%17c%11c9c9c%11c%17c%17c%12c%12c%13c%13c%16c%16c%14c%14c%15c(c6c8%10)c4c%14c4c%16c6c%13c%12c8c%17c%10c%11c(c79)c5c2c%10c8c6C134)c1ccncc1,[1],[],2.956190144263949e-28
14,bottom,CN1CC23c4c5c6c7c8c9c%10c%11c%12c%13c%14c%10c%10c%15c%14c%14c%16c%13c%13c%12c%12c%17c%11c9c9c%11c%17c%17c%12c%12c%13c%13c%16c%16c%14c%14c%15c(c6c8%10)c4c%14c4c%16c6c%13c%12c8c%17c%10c%11c(c79)c5c2c%10c8c6C34C1c1ccncc1,[67],[],1.0728310226891473e-27
14,bottom,CC1(N=C(c2ccccc2)C23C4=C5C6=C7C8=C9C%10=C%11C%12=C%13C%14=C%11C8=C6C6=C4C4=C8C%11=C%15C%16=C(C%17=C%12C%12=C%10C%10=C9C9=C7C7=C5C2=C2C5=C%18C%19=C%20C(=C%12C%17=C%12C%20=C%17C(=C%16%12)C%11=C(C2=C%18%17)C138)C%10=C%19C9=C75)C%13=C%15C4=C%146)C(=O)[O-],"[72, 2]",[],3.12419929099005e-27
14,bottom,N1C(c2ccccn2)C23C4=C5C6=C7C8=C9c%10c%11c%12c%13c%14c%10c8c8c%10c%14c%14c%13c%13c%15c%12c%12c%11c%11C9=C6C6=C4C4=C9c(c%12c%12c%15c%15c%13c%13c%14c%14c%10c%10c8c7c5c5c%10c7c%14c%13c8c%15c(c9%12)C(=C24)c8c7C35C1c1ccccn1)c%116,[0],"[{'functional_group': 'hydroxyl', 'smiles_inds': [5]}, {'functional_group': 'methyl_ester', 'smiles_inds': [72]}]",3.3180028346353745e-27
14,bottom,C[Si](C)(C)c1cc(cc(c1)[Si](C)(C)C)C(C(=O)Nc1cccc(NC(=O)C(c2cc(cc(c2)[Si](C)(C)C)[Si](C)(C)C)(c2cc(cc(c2)[Si](C)(C)C)[Si](C)(C)C)c2cc(cc(c2)[Si](C)(C)C)[Si](C)(C)C)c1[S-])(c1cc(cc(c1)[Si](C)(C)C)[Si](C)(C)C)c1cc(cc(c1)[Si](C)(C)C)[Si](C)(C)C,"[70, 16]","[{'functional_group': 'cyano', 'smiles_inds': [21]}, {'functional_group': 'thiol', 'smiles_inds': [93]}, {'functional_group': 'ether', 'smiles_inds': [62]}]",1.0883089830968573e-26
14,bottom,[O-]c1ccccc1C1=NOC23c4c5c6c7c8c9c%10c%11c%12c%13c%14c%10c%10c%15c%14c%14c%16c%13c%13c%12c%12c%17c%11c9c9c%11c%17c%17c%12c%12c%13c%13c%16c%16c%14c%14c%15c(c6c8%10)c4c%14c4c%16c6c%13c%12c8c%17c%10c%11c(c79)c5c2c%10c8c6C134,"[8, 0]","[{'functional_group': 'phosphonate', 'smiles_inds': [5]}]",5.105073063893208e-26
14,bottom,Cc1ccc(N)c(c1)C1=C2C(=O)C3=C4C5=C6C7=C8C9=C%10C%11=C%12C%13=C%10C%10=C8C8=C6C4(OOC(C)(C)C)C2=C(O1)C8(O)C%10=C1C(=O)OC2=C4OC(=O)C6=C([O-])c8c3c3c%10c%14c8C8=C%15C%16=C(C4=C68)C(=C%12C%16=C4C(=C%14%15)C6=C%10C(=C53)C7=C9C6=C%114)C2=C%131,"[5, 49, 52]","[{'functional_group': 'ethyl', 'smiles_inds': [0]}]",1.415727067794124e-20
14,bottom,CCCCCC1c2cc3C(CCCCC)c4cc5C(CCCCC)c6cc7C(CCCCC)c8cc1c1OCOc2cc3OCOc4c(P(c2ccccc2)c2ccccc2)c5OCOc6cc7OCOc8c1OCc1cccc(COc2c3OCOc4cc5OCOc6c7cc8C(CCCCC)c9cc%10C(CCCCC)c(cc3C(CCCCC)c4cc5C7CCCCC)c2OCOc%10cc9OCOc8c6P(c2ccccc2)c2ccccc2)c1,"[48, 142]","[{'functional_group': 'thiol', 'smiles_inds': [99]}]",1.7887508757719072e-20
14,bottom,O=C1c2[c-]c3c4c5[c-]c6C(=O)C7(c8ccccc8)C(=NC8(c9ccccn9)c9c1c1c2c2c3c3c%10c4c4c%11c5c5c6c6c%12C%13=C%14C%15=C%16C%17=C%18C(=C%19C3=C2C2=C3C%19=C%18C%18=C%16c%16c%14c%12c(c%12c%16c%18c3c(c12)c9%12)c8c76)C%10=C4C%17=C%15C%11=C5%13)c1ccccc1,"[7, 3, 10]","[{'functional_group': 'chloro', 'smiles_inds': [81]}]",3.595635620074381e-20
14,bottom,CCCOc1c2Cc3cc(cc(Cc4cccc(Cc5cc(cc(Cc1ccc2)c5OCCC)c1cccc(c1)c1cc2Cc5cccc(Cc6cc(cc(Cc7cccc(Cc(c1)c2OCCC)c7OCCC)c6OCCC)P(c1ccccc1)c1ccccc1)c5OCCC)c4OCCC)c3OCCC)P(c1ccccc1)c1ccccc1,"[107, 79]","[{'functional_group': 'carboxyl', 'smiles_inds': [110]}]",4.868996661619512e-20
14,bottom,CC(C)C1NC(=O)C(OC(=O)C(NC(=O)C(OC(=O)C(NC(=O)C(OC(=O)C(NC(=O)C(OC(=O)C(NC(=O)C(OC(=O)C(NC(=O)C(OC1=O)C(C)C)C(C)C)C(C)C)C(C)C)C(C)C)C(C)C)C(C)C)C(C)C)C(C)C)C(C)C)C(C)C,"[10, 34, 18, 42, 50, 26]","[{'functional_group': 'ethyl', 'smiles_inds': [71]}, {'functional_group': 'hydroxyl', 'smiles_inds': [52]}]",5.677221231102214e-20
14,bottom,CC(C)C1NC(=O)C(OC(=O)C(NC(=O)C(OC(=O)C(NC(=O)C(OC(=O)C(NC(=O)C(OC(=O)C(NC(=O)C(OC(=O)C(NC(=O)C(OC1=O)C(C)C)C(C)C)C(C)C)C(C)C)C(C)C)C(C)C)C(C)C)C(C)C)C(C)C)C(C)C)C(C)C,"[10, 34, 18, 42, 50, 26]",[],2.3521838666994538e-19
14,bottom,C[Si](C)(CCC(F)(F)C(F)(F)C(F)(F)C(F)(F)C(F)(F)C(F)(F)F)c1ccc(cc1)P(CCP(c1ccc(cc1)[Si](C)(C)CCC(F)(F)C(F)(F)C(F)(F)C(F)(F)C(F)(F)C(F)(F)F)c1ccc(cc1)[Si](C)(C)CCC(F)(F)C(F)(F)C(F)(F)C(F)(F)C(F)(F)C(F)(F)F)c1ccc(cc1)[Si](C)(C)CCC(F)(F)C(F)(F)C(F)(F)C(F)(F)C(F)(F)C(F)(F)F,"[30, 33]","[{'functional_group': 'phosphonate', 'smiles_inds': [26]}]",7.359529985297856e-19
14,median,O=C1NC2NC(=O)N3CN4C5C6N(C7N8C9C%10N(CN%11C%12C(NC%11=O)NC(=O)N%12CN%10C(=O)N9C(N6C4=O)c4ccccc74)C8=O)C(=O)N5CN1C23,[24],"[{'functional_group': 'trichloro', 'smiles_inds': [42]}, {'functional_group': 'carboxylate', 'smiles_inds': [13]}]",0.2561346363243929
14,median,c1ccc(cc1)P(c1ccccn1)c1ccccn1,"[12, 18]",[],0.25618381030303256
14,median,CCC1=CC(=C([S-])S1)C=NC1CCCCC1,"[6, 9]","[{'functional_group': 'trifluro', 'smiles_inds': [14]}]",0.2562319053422226
14,median,CC1(C)Cc2cccc(O)c2O1,"[11, 9]","[{'functional_group': 'methyl_ester', 'smiles_inds': [5]}]",0.2562677902568057
14,median,OP(=O)([O-])CN1CCOCCOCCN(CCOCCOCC1)CP(O)(=O)[O-],"[5, 17, 27, 8, 3, 14]",[],0.25633322133105124
14,median,Cc1ccc(cc1)N1C(=NN=C1c1ccc2ccccc2n1)c1ccccn1,"[7, 9]",[],0.2563378506692894
14,median,CN([O-])C(=O)c1cc(cc(c1)N(=O)=O)N(=O)=O,"[2, 4]","[{'functional_group': 'ethyl_ester', 'smiles_inds': [8]}, {'functional_group': 'ketone', 'smiles_inds': [0]}]",0.2564491839951664
14,median,CC(C)(C)c1cc(C[NH+]2CCCCC2)c([O-])c(C=NCCSCCSCCN=Cc2cc(cc(C[NH+]3CCCCC3)c2[O-])C(C)(C)C)c1,"[27, 21, 18, 42, 15, 24]","[{'functional_group': 'bromo', 'smiles_inds': [26]}]",0.2564676350505704
14,median,N(Nc1cccc(NNc2ccccc2)n1)c1ccccc1,"[8, 0, 15]","[{'functional_group': 'cyano', 'smiles_inds': [11]}, {'functional_group': 'carbonyl', 'smiles_inds': [17]}]",0.25652352850575316
14,median,CCOC(=O)C(N)C[S-],"[8, 6]","[{'functional_group': 'fluoro', 'smiles_inds': [7]}]",0.2566107130475176
14,median,Fc1c(F)c(F)c(c2ccccn2)c([C-]=C(c2ccccc2)C(=O)c2ccccc2)c1F,"[23, 12, 14]",[],0.25661097582401554
14,median,CC(C)(C)c1cc(C[NH+]2CCCCC2)c([O-])c(C=NCCSCCSCCN=Cc2cc(cc(C[NH+]3CCCCC3)c2[O-])C(C)(C)C)c1,"[27, 21, 18, 42, 15, 24]","[{'functional_group': 'carbonyl', 'smiles_inds': [40]}]",0.2566617800785906
14,median,Oc1ccccc1N=Cc1ccncc1,[12],[],0.25679446559242475
14,median,c1cc([c-]c(c1)C12N=CC3C4C1[S+2]234)C12N=CC3C4C1[S+2]234,"[7, 14, 3]","[{'functional_group': 'carboxylate', 'smiles_inds': [5]}, {'functional_group': 'carboxylate', 'smiles_inds': [0]}, {'functional_group': '2-hydroxypyridine', 'smiles_inds': [10]}, {'functional_group': 'tribromo', 'smiles_inds': [11]}, {'functional_group': 'carbonyl', 'smiles_inds': [18]}, {'functional_group': '2-methylbenzoic_acid', 'smiles_inds': [1]}]",0.2568011676772734
14,median,CC(C)(C)C([O-])=NN=Cc1ccccc1[O-],"[7, 15, 5]","[{'functional_group': 'ethyl_ester', 'smiles_inds': [0]}]",0.2568310736511308
14,median,CC(C)(C)OC(=O)NC1CCCCC1N=Cc1ccccc1[O-],"[22, 14]","[{'functional_group': 'aldehyde', 'smiles_inds': [11]}]",0.25687097031013945
14,median,S=P(c1ccccc1)(c1ccccc1)c1cccc([c-]1)C1=Nc2ccccc2S1,"[0, 21, 19]","[{'functional_group': 'carboxyllic_acid', 'smiles_inds': [5]}, {'functional_group': 'trifluro', 'smiles_inds': [9]}]",0.2568879678678557
14,median,Cc1cccc(C)c1N=[C-]c1ccccc1c1cccc(n1)c1ccccn1,"[27, 21, 9]","[{'functional_group': 'hydroxyl', 'smiles_inds': [11]}]",0.25691019332839254
14,median,CN(C=Nc1ccccc1)[C-]=O,"[3, 10]","[{'functional_group': 'cyanimide', 'smiles_inds': [7]}]",0.2569198191574939
14,median,CC(Cc1cccc(n1)c1cccc(CC([CH2-])(c2ccccc2)c2ccccn2)[c-]1)(c1ccccn1)c1cccc[c-]1,"[29, 28, 8, 35, 16, 41]",[],0.2569248609171753
14,top,c1cc([c-]c(c1)C12N=CC3C4C1[S+2]234)C12N=CC3C4C1[S+2]234,"[7, 14, 3]","[{'functional_group': 'carboxylate', 'smiles_inds': [5]}, {'functional_group': 'carboxylate', 'smiles_inds': [0]}, {'functional_group': 'carboxylate', 'smiles_inds': [1]}, {'functional_group': 'cyanimide', 'smiles_inds': [10]}, {'functional_group': 'carboxylate', 'smiles_inds': [15]}, {'functional_group': 'amino', 'smiles_inds': [17]}, {'functional_group': 'carbonyl', 'smiles_inds': [18]}, {'functional_group': 'trichloro', 'smiles_inds': [11]}, {'functional_group': 'cyanimide', 'smiles_inds': [8]}]",0.9999601383502661
14,top,Cc1ncc(CO)c(C=NCN(CN=Cc2c(CO)cnc(C)c2[O-])CN=Cc2c(CO)cnc(C)c2[O-])c1[O-],"[39, 9, 37, 26, 24, 13]","[{'functional_group': 'amino', 'smiles_inds': [35]}, {'functional_group': 'ether', 'smiles_inds': [25]}, {'functional_group': 'ether', 'smiles_inds': [12]}, {'functional_group': 'ethyl', 'smiles_inds': [0]}]",0.9999636199755457
14,top,O[NH2+]C12CNCCNCC([NH2+]O)(CNCCNC1)CNCCNC2,"[4, 7, 16, 13, 22, 19]","[{'functional_group': 'amino', 'smiles_inds': [23]}]",0.9999642241357353
14,top,C[NH+]1CCN(CC1)c1c(F)cc2C(=O)C(=CN3N(C)COc1c23)C(=O)[O-],"[25, 13]","[{'functional_group': 'methyl_ester', 'smiles_inds': [1]}, {'functional_group': 'cyanimide', 'smiles_inds': [3]}, {'functional_group': 'chloro', 'smiles_inds': [6]}]",0.9999654974370644
14,top,c1cc([c-]c(c1)C12N=CC3C4C1[S+2]234)C12N=CC3C4C1[S+2]234,"[7, 14, 3]","[{'functional_group': 'carboxylate', 'smiles_inds': [5]}, {'functional_group': 'carboxylate', 'smiles_inds': [0]}, {'functional_group': 'carboxylate', 'smiles_inds': [1]}, {'functional_group': 'cyanimide', 'smiles_inds': [10]}, {'functional_group': 'carboxylate', 'smiles_inds': [15]}, {'functional_group': 'amino', 'smiles_inds': [17]}, {'functional_group': 'carbonyl', 'smiles_inds': [18]}, {'functional_group': 'phosphonate', 'smiles_inds': [11]}, {'functional_group': 'carboxylate', 'smiles_inds': [9]}, {'functional_group': 'phosphonate', 'smiles_inds': [16]}, {'functional_group': 'cyanimide', 'smiles_inds': [8]}]",0.9999662116898209
14,top,CC12CSCCNCC(Cl)(CNCCSC1)CNCCSC2,"[6, 17, 11, 20, 14, 3]","[{'functional_group': 'amino', 'smiles_inds': [12]}]",0.9999692701400784
14,top,[O-]c1nncc2ccccc12,"[0, 2]","[{'functional_group': 'carboxylate', 'smiles_inds': [6]}, {'functional_group': 'hydroxyl', 'smiles_inds': [9]}]",0.9999711509060278
14,top,[NH3+]C12CNCCNCC(C)(CNCCNC1)CNCCNC2,"[11, 3, 20, 17, 6, 14]","[{'functional_group': 'bromo', 'smiles_inds': [19]}]",0.999971473820723
14,top,CC12CSCCNCC3(CNCCSC1)C(=O)NCNC3=NCCSC2,"[24, 3, 13, 21, 6, 10]",[],0.9999718581921926
14,top,C1COCC=CCOCCOCCOc2ccc(nc2)c2cccc(n2)c2ccc(OCCOCCOCC=CCOCCOCCOc3ccc(nc3)c3cccc(n3)c3ccc(OCCO1)cn3)cn2,"[52, 18, 59, 25, 69, 71]",[],0.9999771103369288
14,top,CC1=C(C=NCC(CO)(CN=CC2=C(C)NC=N2)CN=CC2=C(C)NC=N2)N=CN1,"[17, 10, 26, 19, 27, 4]",[],0.9999803672329614
14,top,CC[NH+]1CCN(CC1)c1cc2N(C=C(C(=O)[O-])C(=O)c2cc1F)C1CC1,"[18, 16]","[{'functional_group': 'methyl', 'smiles_inds': [9]}, {'functional_group': 'iodo', 'smiles_inds': [7]}, {'functional_group': 'carboxylate', 'smiles_inds': [20]}, {'functional_group': 'carboxylate', 'smiles_inds': [12]}, {'functional_group': 'cyano', 'smiles_inds': [2]}, {'functional_group': 'amino', 'smiles_inds': [0]}, {'functional_group': 'cyanimide', 'smiles_inds': [3]}]",0.9999820110682026
14,top,CC12CNCN3CN(CN4CC(C)(CNCC(CNC1)(C4)N(=O)=O)C3)C2,"[9, 18, 14, 5, 3, 7]","[{'functional_group': 'carbonyl', 'smiles_inds': [8]}, {'functional_group': '2-hydroxypyridine', 'smiles_inds': [17]}]",0.999983797657961
14,top,CC[NH+]1CCN(CC1)c1cc2N(C=C(C(=O)[O-])C(=O)c2cc1F)C1CC1,"[18, 16]","[{'functional_group': 'methyl', 'smiles_inds': [9]}, {'functional_group': 'iodo', 'smiles_inds': [7]}, {'functional_group': 'carboxylate', 'smiles_inds': [20]}, {'functional_group': 'carboxylate', 'smiles_inds': [12]}, {'functional_group': 'cyano', 'smiles_inds': [2]}, {'functional_group': 'trifluro', 'smiles_inds': [23]}, {'functional_group': 'amino', 'smiles_inds': [0]}]",0.9999889923658334
14,top,CC(C)(C)N1C=CN(C1=S)c1cccc(n1)N1C=CN(C1=S)C(C)(C)C,"[9, 15, 21]",[],0.9999896067710058
14,top,CC12CNCN3CN(CN4CC(C)(CNCC(CNC1)(C4)N(=O)=O)C3)C2,"[9, 18, 14, 5, 3, 7]",[],0.9999918558822536
14,top,C1CSCCN(CCS1)CCN1CCSCCSCC1,"[5, 17, 2, 8, 11, 14]","[{'functional_group': 'cyanimide', 'smiles_inds': [4]}]",0.9999923322455863
14,top,O=C([O-])CN1CCN(COCNCCNCOC1)CC(=O)[O-],"[2, 21, 4, 7, 11, 14]",[],0.9999951809120814
14,top,CC(CNCc1ccccc1[O-])(CNCc1ccccc1[O-])CNCc1ccccc1[O-],"[11, 21, 31, 3, 13, 23]","[{'functional_group': 'carboxylate', 'smiles_inds': [16]}]",0.9999968870909446
14,top,CS(C)(C)C,[1],[],0.9999998898009045
15,bottom,C[Si](C)(C)c1cc(cc(c1)[Si](C#CP(C#C[Si](c1cc(cc(c1)[Si](C)(C)C)[Si](C)(C)C)(c1cc(cc(c1)[Si](C)(C)C)[Si](C)(C)C)c1cc(cc(c1)[Si](C)(C)C)[Si](C)(C)C)C#C[Si](c1cc(cc(c1)[Si](C)(C)C)[Si](C)(C)C)(c1cc(cc(c1)[Si](C)(C)C)[Si](C)(C)C)c1cc(cc(c1)[Si](C)(C)C)[Si](C)(C)C)(c1cc(cc(c1)[Si](C)(C)C)[Si](C)(C)C)c1cc(cc(c1)[Si](C)(C)C)[Si](C)(C)C)[Si](C)(C)C,[13],"[{'functional_group': 'methyl_ester', 'smiles_inds': [99]}]",1.660533774029015e-42
15,bottom,CCOC(=O)C12C(=O)OCc3ccc4OCCOCCOc5cc(COC(=O)C6(C(=O)OCC)C78c9c%10c%11c%12c%13c%14C%15=C%16c%17c%18c%19c%15c%13c%10c7c%19c7c%18c%10c%13c%17c%15C%16=C%16c%14c%14c%12c%12c%11c%11c%17c%18c%12c%12c%19c%18c%18c%20c%21c%22c(c%13c%13c(c%18%22)c%19C1(c%15%13)C2%16c%14%12)c%10c1c%21c(c(c%17%20)c9%11)C68c71)ccc5OCCOCCOc4c3,"[17, 20, 97, 100, 103, 14]",[],1.08356533404904e-34
15,bottom,CN1CC23c4c5c6c7c8c9c%10c%11c%12c%13c%14c%10c%10c%15c%14c%14c%16c%13c%13c%12c%12c%17c%11c9c9c%11c%17c%17c%12c%12c%13c%13c%16c%16c%14c%14c%15c(c6c8%10)c4c%14c4c%16c6c%13c%12c8c%17c%10c%11c(c79)c5c2c%10c8c6C34C1c1ccncc1,[67],"[{'functional_group': 'iodo', 'smiles_inds': [63]}]",8.24551803795287e-33
15,bottom,CN1CC23c4c5c6c7c8c9c%10c%11c%12c%13c%14c%10c%10c%15c%14c%14c%16c%13c%13c%12c%12c%17c%11c9c9c%11c%17c%17c%12c%12c%13c%13c%16c%16c%14c%14c%15c(c6c8%10)c4c%14c4c%16c6c%13c%12c8c%17c%10c%11c(c79)c5c2c%10c8c6C34C1c1ccncc1,[67],"[{'functional_group': 'carboxyl', 'smiles_inds': [68]}, {'functional_group': 'trifluro', 'smiles_inds': [0]}]",1.9701351134029063e-32
15,bottom,[O-]c1ccccc1C1=NOC23c4c5c6c7c8c9c%10c%11c%12c%13c%14c%10c%10c%15c%14c%14c%16c%13c%13c%12c%12c%17c%11c9c9c%11c%17c%17c%12c%12c%13c%13c%16c%16c%14c%14c%15c(c6c8%10)c4c%14c4c%16c6c%13c%12c8c%17c%10c%11c(c79)c5c2c%10c8c6C134,"[8, 0]",[],9.241398676562952e-31
15,bottom,C[Si](C)(C)C(c1cc(C([Si](C)(C)C)[Si](C)(C)C)c(Sc2ccccc2Sc2ccccc2Sc2ccccc2Sc2c(cc(cc2C([Si](C)(C)C)[Si](C)(C)C)C([Si](C)(C)C)[Si](C)(C)C)C([Si](C)(C)C)[Si](C)(C)C)c(c1)C([Si](C)(C)C)[Si](C)(C)C)[Si](C)(C)C,"[25, 32]","[{'functional_group': 'phenyl', 'smiles_inds': [23]}, {'functional_group': 'iodo', 'smiles_inds': [68]}]",2.593178961540939e-28
15,bottom,C[Si](C)(C)C(c1cc(C([Si](C)(C)C)[Si](C)(C)C)c([Se]c2ccccc2Sc2ccccc2Sc2ccccc2[Se]c2c(cc(cc2C([Si](C)(C)C)[Si](C)(C)C)C([Si](C)(C)C)[Si](C)(C)C)C([Si](C)(C)C)[Si](C)(C)C)c(c1)C([Si](C)(C)C)[Si](C)(C)C)[Si](C)(C)C,"[25, 32]",[],1.35436744086466e-27
15,bottom,C[Si](C)(C)C(c1cc(C([Si](C)(C)C)[Si](C)(C)C)c(Sc2ccccc2Sc2ccccc2Sc2ccccc2Sc2c(cc(cc2C([Si](C)(C)C)[Si](C)(C)C)C([Si](C)(C)C)[Si](C)(C)C)C([Si](C)(C)C)[Si](C)(C)C)c(c1)C([Si](C)(C)C)[Si](C)(C)C)[Si](C)(C)C,"[25, 32]","[{'functional_group': 'hydroxyl', 'smiles_inds': [49]}, {'functional_group': 'carboxyllic_acid', 'smiles_inds': [68]}]",1.8359334764647523e-27
15,bottom,C[Si](C)(C)C(c1cc(C([Si](C)(C)C)[Si](C)(C)C)c(Sc2ccccc2[Se]c2ccccc2[Se]c2ccccc2Sc2c(cc(cc2C([Si](C)(C)C)[Si](C)(C)C)C([Si](C)(C)C)[Si](C)(C)C)C([Si](C)(C)C)[Si](C)(C)C)c(c1)C([Si](C)(C)C)[Si](C)(C)C)[Si](C)(C)C,"[25, 32]","[{'functional_group': 'chloro', 'smiles_inds': [4]}]",1.0548093693367752e-26
15,bottom,O=C1c2[c-]c3c4c5[c-]c6C(=O)C7(c8ccccc8)C(=NC8(c9ccccn9)c9c1c1c2c2c3c3c%10c4c4c%11c5c5c6c6c%12C%13=C%14C%15=C%16C%17=C%18C(=C%19C3=C2C2=C3C%19=C%18C%18=C%16c%16c%14c%12c(c%12c%16c%18c3c(c12)c9%12)c8c76)C%10=C4C%17=C%15C%11=C5%13)c1ccccc1,"[7, 3, 10]","[{'functional_group': 'trichloro', 'smiles_inds': [82]}, {'functional_group': 'amide', 'smiles_inds': [22]}]",1.4949464565361142e-24
15,bottom,Cc1ccc(N)c(c1)C1=C2C(=O)C3=C4C5=C6C7=C8C9=C%10C%11=C%12C%13=C%10C%10=C8C8=C6C4(OOC(C)(C)C)C2=C(O1)C8(O)C%10=C1C(=O)OC2=C4OC(=O)C6=C([O-])c8c3c3c%10c%14c8C8=C%15C%16=C(C4=C68)C(=C%12C%16=C4C(=C%14%15)C6=C%10C(=C53)C7=C9C6=C%114)C2=C%131,"[5, 49, 52]","[{'functional_group': '2-methylbenzoic_acid', 'smiles_inds': [32]}, {'functional_group': 'cyanimide', 'smiles_inds': [33]}]",9.493396176563856e-24
15,bottom,N=P(c1ccccc1c1cc(cc(c1)c1ccccc1P(=[N-])(C12CC3CC(CC(C3)C1)C2)C12CC3CC(CC(C3)C1)C2)c1ccccc1P(=[N-])(C12CC3CC(CC(C3)C1)C2)C12CC3CC(CC(C3)C1)C2)(C12CC3CC(CC(C3)C1)C2)C12CC3CC(CC(C3)C1)C2,"[0, 21, 49]","[{'functional_group': 'cyano', 'smiles_inds': [30]}]",2.3243597292460004e-23
15,bottom,Cc1ccc(N)c(c1)C1=C2C(=O)C3=C4C5=C6C7=C8C9=C%10C%11=C%12C%13=C%10C%10=C8C8=C6C4(OOC(C)(C)C)C2=C(O1)C8(O)C%10=C1C(=O)OC2=C4OC(=O)C6=C([O-])c8c3c3c%10c%14c8C8=C%15C%16=C(C4=C68)C(=C%12C%16=C4C(=C%14%15)C6=C%10C(=C53)C7=C9C6=C%114)C2=C%131,"[5, 49, 52]","[{'functional_group': 'cyanimide', 'smiles_inds': [34]}]",6.09185951326491e-22
15,bottom,Cc1cc(C)c(B(CCCP(CCCB(c2c(C)cc(C)cc2C)c2c(C)cc(C)cc2C)CCP(CCCB(c2c(C)cc(C)cc2C)c2c(C)cc(C)cc2C)CCCB(c2c(C)cc(C)cc2C)c2c(C)cc(C)cc2C)c2c(C)cc(C)cc2C)c(C)c1,"[35, 10]","[{'functional_group': 'phosphonate', 'smiles_inds': [65]}, {'functional_group': 'phosphonate', 'smiles_inds': [60]}]",7.120375871599367e-22
15,bottom,CC(C)(C)c1cc(CP(C23CC4CC(CC(C4)C2)C3)C23CC4CC(CC(C4)C2)C3)c2[N-]c3c(CP(C45CC6CC(CC(C6)C4)C5)C45CC6CC(CC(C6)C4)C5)cc(cc3c2c1)C(C)(C)C,"[34, 8, 30]","[{'functional_group': '2-methylbenzoic_acid', 'smiles_inds': [11]}, {'functional_group': 'phenyl', 'smiles_inds': [5]}]",2.695470126407965e-21
15,bottom,COc1ccc2ccccc2c1c1c2ccccc2ccc1c1nc2c(ccc(c3ccc(C)cc3)c2nc1c1nc2c(ccc(c3ccc(C)cc3)c2nc1c1nc2c(ccc(c3ccc(C)cc3)c2nc1c1nc2c(ccc(c3ccc(C)cc3)c2nc1c1nc2c(ccc(c3ccc(C)cc3)c2n[c-]1)c1ccc(C)cc1)c1ccc(C)cc1)c1ccc(C)cc1)c1ccc(C)cc1)c1ccc(C)cc1,"[106, 88]","[{'functional_group': 'methyl', 'smiles_inds': [116]}, {'functional_group': '2-methylbenzoic_acid', 'smiles_inds': [4]}]",1.5577542746996516e-20
15,bottom,C[Si](C)(CCC(F)(F)C(F)(F)C(F)(F)C(F)(F)C(F)(F)C(F)(F)F)c1ccc(cc1)P(CCP(c1ccc(cc1)[Si](C)(C)CCC(F)(F)C(F)(F)C(F)(F)C(F)(F)C(F)(F)C(F)(F)F)c1ccc(cc1)[Si](C)(C)CCC(F)(F)C(F)(F)C(F)(F)C(F)(F)C(F)(F)C(F)(F)F)c1ccc(cc1)[Si](C)(C)CCC(F)(F)C(F)(F)C(F)(F)C(F)(F)C(F)(F)C(F)(F)F,"[30, 33]","[{'functional_group': '2-methylbenzoic_acid', 'smiles_inds': [26]}]",1.8688661250505117e-20
15,bottom,CCCOc1c2Cc3cc(cc(Cc4cccc(Cc5cc(cc(Cc1ccc2)c5OCCC)c1cccc(c1)c1cc2Cc5cccc(Cc6cc(cc(Cc7cccc(Cc(c1)c2OCCC)c7OCCC)c6OCCC)P(c1ccccc1)c1ccccc1)c5OCCC)c4OCCC)c3OCCC)P(c1ccccc1)c1ccccc1,"[107, 79]","[{'functional_group': 'carboxyllic_acid', 'smiles_inds': [46]}]",3.0440674192882006e-20
15,bottom,C[Si](C)(CCC(F)(F)C(F)(F)C(F)(F)C(F)(F)C(F)(F)C(F)(F)F)c1ccc(cc1)P(CCP(c1ccc(cc1)[Si](C)(C)CCC(F)(F)C(F)(F)C(F)(F)C(F)(F)C(F)(F)C(F)(F)F)c1ccc(cc1)[Si](C)(C)CCC(F)(F)C(F)(F)C(F)(F)C(F)(F)C(F)(F)C(F)(F)F)c1ccc(cc1)[Si](C)(C)CCC(F)(F)C(F)(F)C(F)(F)C(F)(F)C(F)(F)C(F)(F)F,"[30, 33]","[{'functional_group': 'bromo', 'smiles_inds': [98]}]",1.0154943840087615e-18
15,bottom,C[Si](C)(CCC(F)(F)C(F)(F)C(F)(F)C(F)(F)C(F)(F)C(F)(F)F)c1ccc(cc1)P(CCP(c1ccc(cc1)[Si](C)(C)CCC(F)(F)C(F)(F)C(F)(F)C(F)(F)C(F)(F)C(F)(F)F)c1ccc(cc1)[Si](C)(C)CCC(F)(F)C(F)(F)C(F)(F)C(F)(F)C(F)(F)C(F)(F)F)c1ccc(cc1)[Si](C)(C)CCC(F)(F)C(F)(F)C(F)(F)C(F)(F)C(F)(F)C(F)(F)F,"[30, 33]","[{'functional_group': 'phosphonate', 'smiles_inds': [66]}, {'functional_group': 'phosphonate', 'smiles_inds': [38]}]",1.3942865559291352e-18
15,median,Cc1ccc(cc1)N=Nc1ccccc1N=Cc1ccccc1[O-],"[23, 15, 7]","[{'functional_group': 'amino', 'smiles_inds': [19]}]",0.2606347354256701
15,median,C(N1C=CN([CH-]1)c1ccc2ccc3cccnc3c2n1)c1ccccn1,"[4, 25, 5]","[{'functional_group': 'tribromo', 'smiles_inds': [0]}]",0.2606443839089291
15,median,C1CCC(NC1)C1CCCCN1,"[4, 11]",[],0.26064834959115374
15,median,CCN(CC)P(=O)(N=C([O-])C(Cl)(Cl)Cl)N(CC)CC,"[9, 6]","[{'functional_group': 'trichloro', 'smiles_inds': [0]}]",0.2606582895015867
15,median,CC1CCCC(C)N1C([O-])=Nc1ccccc1,"[9, 10]",[],0.26072181577887177
15,median,S=C([S-])C1=CNC=N1,"[2, 7]","[{'functional_group': 'carboxyllic_acid', 'smiles_inds': [4]}, {'functional_group': 'carboxyl', 'smiles_inds': [6]}]",0.2607224857000522
15,median,CCOC(=[N-])C(OCC)=C1SCCCS1,"[14, 4]",[],0.2607343338602415
15,median,CC(=NN(Cc1ccccn1)c1ccccc1)c1ccccn1,"[2, 22, 10]",[],0.26074090550132095
15,median,CCOC(=O)COc1cccc2ccc(C=Nc3ccccc3O)nc12,"[16, 24]","[{'functional_group': 'cyanimide', 'smiles_inds': [18]}]",0.26080779753252253
15,median,CC(=[CH-])c1ccccc1N,"[9, 2]","[{'functional_group': 'hydroxyl', 'smiles_inds': [4]}]",0.2608620430646179
15,median,Nc1nc(ncc1C1CC1)C1=NN(Cc2ccccc2F)c2ncccc12,"[2, 11]",[],0.2608901840064624
15,median,CN(C)c1cccc2c1cccc2S(=O)(=O)N1CCNCCNCCNCC1,"[19, 22, 25]","[{'functional_group': 'ether', 'smiles_inds': [4]}, {'functional_group': 'fluoro', 'smiles_inds': [5]}]",0.26100043722110705
15,median,c1cc([c-]c(c1)C12N=CC3C4C1[S+2]234)C12N=CC3C4C1[S+2]234,"[7, 14, 3]","[{'functional_group': 'ketone', 'smiles_inds': [10]}, {'functional_group': 'trichloro', 'smiles_inds': [5]}]",0.26100713734415476
15,median,CC1=CN(CCO)C(=NC1=O)NCCN,"[8, 14]",[],0.26106903935347786
15,median,c1cc([c-]c(c1)C12N=CC3C4C1[S+2]234)C12N=CC3C4C1[S+2]234,"[7, 14, 3]","[{'functional_group': 'carboxylate', 'smiles_inds': [5]}, {'functional_group': 'tribromo', 'smiles_inds': [9]}, {'functional_group': 'phosphonate', 'smiles_inds': [8]}, {'functional_group': 'amide', 'smiles_inds': [15]}]",0.26109939392424975
15,median,CC(C)(C)c1cc(C[NH+]2CCCCC2)c([O-])c(C=NCCSCCSCCN=Cc2cc(cc(C[NH+]3CCCCC3)c2[O-])C(C)(C)C)c1,"[27, 21, 18, 42, 15, 24]","[{'functional_group': 'chloro', 'smiles_inds': [9]}]",0.26117207080508453
15,median,CC1=CC(=C(C)S1)c1c2cc(C)cnc2c2ncc(C)cc2c1C1=C(C)SC(=C1)C,"[13, 16]",[],0.2612003801263108
15,median,C[NH+](C)CCCN=Cc1cc(Cl)ccc1[O-],"[15, 6]","[{'functional_group': 'amino', 'smiles_inds': [0]}]",0.2612028206935659
15,median,COC(=O)C1=C(C(=O)OC)C2(NP1C(=C2C(=O)OC)C(=O)OC)c1ccccc1,[12],"[{'functional_group': 'trichloro', 'smiles_inds': [11]}, {'functional_group': 'cyanimide', 'smiles_inds': [18]}, {'functional_group': '2-hydroxypyridine', 'smiles_inds': [22]}]",0.2612401976588794
15,median,CC(N=C(C(=O)c1ccccc1)c1cccc[c-]1)c1ccccc1,"[17, 2]","[{'functional_group': 'ethyl_ester', 'smiles_inds': [21]}]",0.2613138436250216
15,top,CC[NH+]1CCN(CC1)c1cc2N(C=C(C(=O)[O-])C(=O)c2cc1F)C1CC1,"[18, 16]","[{'functional_group': 'methyl', 'smiles_inds': [9]}, {'functional_group': 'iodo', 'smiles_inds': [7]}, {'functional_group': 'carboxylate', 'smiles_inds': [20]}, {'functional_group': 'carboxylate', 'smiles_inds': [12]}, {'functional_group': 'cyano', 'smiles_inds': [2]}, {'functional_group': 'trifluro', 'smiles_inds': [23]}, {'functional_group': 'amino', 'smiles_inds': [0]}, {'functional_group': 'iodo', 'smiles_inds': [25]}]",0.9999837154539319
15,top,CC[NH+]1CCN(CC1)c1cc2N(C=C(C(=O)[O-])C(=O)c2cc1F)C1CC1,"[18, 16]","[{'functional_group': 'methyl', 'smiles_inds': [9]}, {'functional_group': 'iodo', 'smiles_inds': [7]}, {'functional_group': 'carboxylate', 'smiles_inds': [20]}, {'functional_group': 'carboxylate', 'smiles_inds': [12]}, {'functional_group': 'cyano', 'smiles_inds': [2]}, {'functional_group': 'trifluro', 'smiles_inds': [23]}, {'functional_group': 'amino', 'smiles_inds': [0]}, {'functional_group': 'phosphonate', 'smiles_inds': [25]}]",0.9999840846568956
15,top,COC(=O)c1ccc(N)c(n1)c1cccc(n1)C(=O)[O-],"[19, 16, 8]","[{'functional_group': 'iodo', 'smiles_inds': [12]}, {'functional_group': 'cyanimide', 'smiles_inds': [0]}]",0.9999849414400702
15,top,CC12CNCC(CN(CNC1)CC1(C)CNCC(CNC2)(CNC1)N(=O)=O)N(=O)=O,"[9, 19, 3, 7, 15, 22]",[],0.9999851841694759
15,top,CC[NH+]1CCN(CC1)c1cc2N(C=C(C(=O)[O-])C(=O)c2cc1F)C1CC1,"[18, 16]","[{'functional_group': 'methyl', 'smiles_inds': [9]}, {'functional_group': 'iodo', 'smiles_inds': [7]}, {'functional_group': 'carboxylate', 'smiles_inds': [20]}, {'functional_group': 'carboxylate', 'smiles_inds': [12]}, {'functional_group': 'cyano', 'smiles_inds': [2]}, {'functional_group': 'trifluro', 'smiles_inds': [23]}, {'functional_group': 'amino', 'smiles_inds': [0]}, {'functional_group': 'carboxylate', 'smiles_inds': [25]}]",0.9999873045911852
15,top,CC[NH+]1CCN(CC1)c1cc2N(C=C(C(=O)[O-])C(=O)c2cc1F)C1CC1,"[18, 16]","[{'functional_group': 'methyl', 'smiles_inds': [9]}, {'functional_group': 'iodo', 'smiles_inds': [7]}, {'functional_group': 'carboxylate', 'smiles_inds': [20]}, {'functional_group': 'carboxylate', 'smiles_inds': [12]}, {'functional_group': 'cyano', 'smiles_inds': [2]}, {'functional_group': 'trifluro', 'smiles_inds': [23]}, {'functional_group': 'amino', 'smiles_inds': [0]}, {'functional_group': 'iodo', 'smiles_inds': [3]}]",0.9999888128040335
15,top,CC[NH+]1CCN(CC1)c1cc2N(C=C(C(=O)[O-])C(=O)c2cc1F)C1CC1,"[18, 16]","[{'functional_group': 'methyl', 'smiles_inds': [9]}, {'functional_group': 'iodo', 'smiles_inds': [7]}, {'functional_group': 'carboxylate', 'smiles_inds': [20]}, {'functional_group': 'carboxylate', 'smiles_inds': [12]}, {'functional_group': 'cyano', 'smiles_inds': [2]}, {'functional_group': 'trifluro', 'smiles_inds': [23]}, {'functional_group': 'amino', 'smiles_inds': [0]}, {'functional_group': 'phosphonate', 'smiles_inds': [4]}]",0.9999901829481449
15,top,CC[NH+]1CCN(CC1)c1cc2N(C=C(C(=O)[O-])C(=O)c2cc1F)C1CC1,"[18, 16]","[{'functional_group': 'methyl', 'smiles_inds': [9]}, {'functional_group': 'iodo', 'smiles_inds': [7]}, {'functional_group': 'carboxylate', 'smiles_inds': [20]}, {'functional_group': 'carboxylate', 'smiles_inds': [12]}, {'functional_group': 'cyano', 'smiles_inds': [2]}, {'functional_group': 'trifluro', 'smiles_inds': [23]}, {'functional_group': 'amino', 'smiles_inds': [0]}, {'functional_group': 'bromo', 'smiles_inds': [25]}, {'functional_group': 'trifluro', 'smiles_inds': [4]}]",0.999990184673544
15,top,CC[NH+]1CCN(CC1)c1cc2N(C=C(C(=O)[O-])C(=O)c2cc1F)C1CC1,"[18, 16]","[{'functional_group': 'methyl', 'smiles_inds': [9]}, {'functional_group': 'iodo', 'smiles_inds': [7]}, {'functional_group': 'carboxylate', 'smiles_inds': [20]}, {'functional_group': 'carboxylate', 'smiles_inds': [12]}, {'functional_group': 'cyano', 'smiles_inds': [2]}, {'functional_group': 'trifluro', 'smiles_inds': [23]}, {'functional_group': 'amino', 'smiles_inds': [0]}, {'functional_group': 'methyl', 'smiles_inds': [4]}]",0.9999912629528285
15,top,CN1C=CN=C1C=NCC(C)(CN=CC1=NC=CN1C)CN=CC1=NC=CN1C,"[7, 21, 4, 24, 12, 15]","[{'functional_group': 'cyanimide', 'smiles_inds': [19]}]",0.9999913621425605
15,top,[NH3+]C12CNCCNCC([NH3+])(CNCCNC1)CNCCNC2,"[11, 17, 3, 14, 20, 6]",[],0.9999914438758553
15,top,CC[NH+]1CCN(CC1)c1cc2N(C=C(C(=O)[O-])C(=O)c2cc1F)C1CC1,"[18, 16]","[{'functional_group': 'methyl', 'smiles_inds': [9]}, {'functional_group': 'iodo', 'smiles_inds': [7]}, {'functional_group': 'carboxylate', 'smiles_inds': [20]}, {'functional_group': 'carboxylate', 'smiles_inds': [12]}, {'functional_group': 'cyano', 'smiles_inds': [2]}, {'functional_group': 'trifluro', 'smiles_inds': [23]}, {'functional_group': 'amino', 'smiles_inds': [0]}, {'functional_group': 'iodo', 'smiles_inds': [6]}]",0.9999915164962858
15,top,CC(C)N1N=C([N-]N(C(C)C)C1=O)c1cccc(n1)C1=NN(C(C)C)C(=O)N([N-]1)C(C)C,"[18, 6, 28]","[{'functional_group': 'carboxylate', 'smiles_inds': [16]}, {'functional_group': 'cyanimide', 'smiles_inds': [1]}]",0.9999916138246777
15,top,CC[NH+]1CCN(CC1)c1cc2N(C=C(C(=O)[O-])C(=O)c2cc1F)C1CC1,"[18, 16]","[{'functional_group': 'methyl', 'smiles_inds': [9]}, {'functional_group': 'iodo', 'smiles_inds': [7]}, {'functional_group': 'carboxylate', 'smiles_inds': [20]}, {'functional_group': 'carboxylate', 'smiles_inds': [12]}, {'functional_group': 'cyano', 'smiles_inds': [2]}, {'functional_group': 'trifluro', 'smiles_inds': [23]}, {'functional_group': 'amino', 'smiles_inds': [0]}, {'functional_group': 'chloro', 'smiles_inds': [4]}]",0.9999921671817534
15,top,CS(C)(C)C,[1],[],0.9999945856587504
15,top,Cc1ncc(CO)c(C=NCN(CN=Cc2c(CO)cnc(C)c2[O-])CN=Cc2c(CO)cnc(C)c2[O-])c1[O-],"[39, 9, 37, 26, 24, 13]","[{'functional_group': 'amino', 'smiles_inds': [35]}, {'functional_group': 'cyanimide', 'smiles_inds': [30]}]",0.9999958473527742
15,top,CC[NH+]1CCN(CC1)c1cc2N(C=C(C(=O)[O-])C(=O)c2cc1F)C1CC1,"[18, 16]","[{'functional_group': 'methyl', 'smiles_inds': [9]}, {'functional_group': 'iodo', 'smiles_inds': [7]}, {'functional_group': 'carboxylate', 'smiles_inds': [20]}, {'functional_group': 'carboxylate', 'smiles_inds': [12]}, {'functional_group': 'cyano', 'smiles_inds': [2]}, {'functional_group': 'trifluro', 'smiles_inds': [23]}, {'functional_group': 'amino', 'smiles_inds': [0]}, {'functional_group': 'ethyl', 'smiles_inds': [4]}, {'functional_group': 'cyanimide', 'smiles_inds': [24]}]",0.9999966542625295
15,top,CC[NH+]1CCN(CC1)c1cc2N(C=C(C(=O)[O-])C(=O)c2cc1F)C1CC1,"[18, 16]","[{'functional_group': 'methyl', 'smiles_inds': [9]}, {'functional_group': 'iodo', 'smiles_inds': [7]}, {'functional_group': 'carboxylate', 'smiles_inds': [20]}, {'functional_group': 'carboxylate', 'smiles_inds': [12]}, {'functional_group': 'cyano', 'smiles_inds': [2]}, {'functional_group': 'trifluro', 'smiles_inds': [23]}, {'functional_group': 'amino', 'smiles_inds': [0]}, {'functional_group': 'hydroxyl', 'smiles_inds': [4]}]",0.9999972868673407
15,top,CC[NH+]1CCN(CC1)c1cc2N(C=C(C(=O)[O-])C(=O)c2cc1F)C1CC1,"[18, 16]","[{'functional_group': 'methyl', 'smiles_inds': [9]}, {'functional_group': 'iodo', 'smiles_inds': [7]}, {'functional_group': 'carboxylate', 'smiles_inds': [20]}, {'functional_group': 'carboxylate', 'smiles_inds': [12]}, {'functional_group': 'cyano', 'smiles_inds': [2]}, {'functional_group': 'trifluro', 'smiles_inds': [23]}, {'functional_group': 'amino', 'smiles_inds': [0]}, {'functional_group': 'carboxylate', 'smiles_inds': [6]}]",0.9999982409526412
15,top,CC[NH+]1CCN(CC1)c1cc2N(C=C(C(=O)[O-])C(=O)c2cc1F)C1CC1,"[18, 16]","[{'functional_group': 'methyl', 'smiles_inds': [9]}, {'functional_group': 'iodo', 'smiles_inds': [7]}, {'functional_group': 'carboxylate', 'smiles_inds': [20]}, {'functional_group': 'carboxylate', 'smiles_inds': [12]}, {'functional_group': 'cyano', 'smiles_inds': [2]}, {'functional_group': 'trifluro', 'smiles_inds': [23]}, {'functional_group': 'amino', 'smiles_inds': [0]}, {'functional_group': 'carboxylate', 'smiles_inds': [4]}]",0.9999986215656327
16,bottom,CC(C)(C)c1cc2c3cc(cc4c5cc(cc6c7cc(cc8c9cc(cc%10c%11cc(cc%12c(c1)c2c1c(c34)c(c56)c(c78)c(c9%10)c1c%11%12)C(C)(C)C)C(C)(C)C)C(C)(C)C)C(C)(C)C)P(c1cc2c3cc(cc4c5cc(cc6c7cc(cc8c9cc(cc%10c%11cc(cc%12c(c1)c2c1c(c34)c(c56)c(c78)c(c9%10)c1c%11%12)C(C)(C)C)C(C)(C)C)C(C)(C)C)C(C)(C)C)C(C)(C)C)c1cc2c3cc(cc4c5cc(cc6c7cc(cc8c9cc(cc%10c%11cc(cc%12c(c1)c2c1c(c34)c(c56)c(c78)c(c9%10)c1c%11%12)C(C)(C)C)C(C)(C)C)C(C)(C)C)C(C)(C)C)C(C)(C)C,[62],"[{'functional_group': 'methyl', 'smiles_inds': [178]}]",9.240710026996691e-51
16,bottom,CN1CC23c4c5c6c7c8c9c%10c%11c%12c%13c%14c%10c%10c%15c%14c%14c%16c%13c%13c%12c%12c%17c%11c9c9c%11c%17c%17c%12c%12c%13c%13c%16c%16c%14c%14c%15c(c6c8%10)c4c%14c4c%16c6c%13c%12c8c%17c%10c%11c(c79)c5c2c%10c8c6C34C1c1ccncc1,[67],"[{'functional_group': '2-methylbenzoic_acid', 'smiles_inds': [0]}]",1.9900602491947626e-38
16,bottom,CCOC(=O)C12C(=O)OCc3ccc4OCCOCCOc5cc(COC(=O)C6(C(=O)OCC)C78c9c%10c%11c%12c%13c%14C%15=C%16c%17c%18c%19c%15c%13c%10c7c%19c7c%18c%10c%13c%17c%15C%16=C%16c%14c%14c%12c%12c%11c%11c%17c%18c%12c%12c%19c%18c%18c%20c%21c%22c(c%13c%13c(c%18%22)c%19C1(c%15%13)C2%16c%14%12)c%10c1c%21c(c(c%17%20)c9%11)C68c71)ccc5OCCOCCOc4c3,"[17, 20, 97, 100, 103, 14]",[],1.0025302583914447e-37
16,bottom,C1N(CC23c4c5c6c7c8c9c%10c%11c%12c%13c%14c%10c%10c%15c%14c%14c%16c%13c%13c%12c%12c%17c%11c9c9c%11c%17c%17c%12c%12c%13c%13c%16c%16c%14c%14c%15c(c6c8%10)c4c%14c4c%16c6c%13c%12c8c%17c%10c%11c(c79)c5c2c%10c8c6C134)c1ccncc1,[1],"[{'functional_group': 'carboxyllic_acid', 'smiles_inds': [67]}]",7.3526138938490754e-37
16,bottom,N1C(c2ccccn2)C23C4=C5C6=C7C8=C9c%10c%11c%12c%13c%14c%10c8c8c%10c%14c%14c%13c%13c%15c%12c%12c%11c%11C9=C6C6=C4C4=C9c(c%12c%12c%15c%15c%13c%13c%14c%14c%10c%10c8c7c5c5c%10c7c%14c%13c8c%15c(c9%12)C(=C24)c8c7C35C1c1ccccn1)c%116,[0],[],3.790559320796604e-36
16,bottom,N1C(c2ccccn2)C23C4=C5C6=C7C8=C9c%10c%11c%12c%13c%14c%10c8c8c%10c%14c%14c%13c%13c%15c%12c%12c%11c%11C9=C6C6=C4C4=C9c(c%12c%12c%15c%15c%13c%13c%14c%14c%10c%10c8c7c5c5c%10c7c%14c%13c8c%15c(c9%12)C(=C24)c8c7C35C1c1ccccn1)c%116,[0],"[{'functional_group': 'ketone', 'smiles_inds': [4]}]",6.223452112251358e-36
16,bottom,CC1(N=C(c2ccccc2)C23C4=C5C6=C7C8=C9C%10=C%11C%12=C%13C%14=C%11C8=C6C6=C4C4=C8C%11=C%15C%16=C(C%17=C%12C%12=C%10C%10=C9C9=C7C7=C5C2=C2C5=C%18C%19=C%20C(=C%12C%17=C%12C%20=C%17C(=C%16%12)C%11=C(C2=C%18%17)C138)C%10=C%19C9=C75)C%13=C%15C4=C%146)C(=O)[O-],"[72, 2]",[],7.303041118469668e-36
16,bottom,CC1(N=C(c2ccccc2)C23C4=C5C6=C7C8=C9C%10=C%11C%12=C%13C%14=C%11C8=C6C6=C4C4=C8C%11=C%15C%16=C(C%17=C%12C%12=C%10C%10=C9C9=C7C7=C5C2=C2C5=C%18C%19=C%20C(=C%12C%17=C%12C%20=C%17C(=C%16%12)C%11=C(C2=C%18%17)C138)C%10=C%19C9=C75)C%13=C%15C4=C%146)C(=O)[O-],"[72, 2]","[{'functional_group': 'hydroxyl', 'smiles_inds': [8]}]",1.5480090866453868e-35
16,bottom,CP(CCP(C)c1c(cc(cc1C([Si](C)(C)C)[Si](C)(C)C)C([Si](C)(C)C)([Si](C)(C)C)[Si](C)(C)C)C([Si](C)(C)C)[Si](C)(C)C)c1c(cc(cc1C([Si](C)(C)C)[Si](C)(C)C)C([Si](C)(C)C)([Si](C)(C)C)[Si](C)(C)C)C([Si-](C)C)[Si](C)(C)C,"[4, 72, 1]","[{'functional_group': 'carbonyl', 'smiles_inds': [47]}]",3.7929395275682064e-28
16,bottom,C[Si](C)(C)C(c1cc(C([Si](C)(C)C)[Si](C)(C)C)c([Se]c2ccccc2Sc2ccccc2Sc2ccccc2[Se]c2c(cc(cc2C([Si](C)(C)C)[Si](C)(C)C)C([Si](C)(C)C)[Si](C)(C)C)C([Si](C)(C)C)[Si](C)(C)C)c(c1)C([Si](C)(C)C)[Si](C)(C)C)[Si](C)(C)C,"[25, 32]","[{'functional_group': 'fluoro', 'smiles_inds': [49]}, {'functional_group': 'tribromo', 'smiles_inds': [12]}]",1.010131990846575e-27
16,bottom,C[Si](C)(C)C(c1cc(C([Si](C)(C)C)[Si](C)(C)C)c([Se]c2ccccc2Sc2ccccc2Sc2ccccc2[Se]c2c(cc(cc2C([Si](C)(C)C)[Si](C)(C)C)C([Si](C)(C)C)[Si](C)(C)C)C([Si](C)(C)C)[Si](C)(C)C)c(c1)C([Si](C)(C)C)[Si](C)(C)C)[Si](C)(C)C,"[25, 32]",[],1.0960448417365694e-27
16,bottom,CP(CCP(C)c1c(cc(cc1C([Si](C)(C)C)[Si](C)(C)C)C([Si](C)(C)C)([Si](C)(C)C)[Si](C)(C)C)C([Si](C)(C)C)[Si](C)(C)C)c1c(cc(cc1C([Si](C)(C)C)[Si](C)(C)C)C([Si](C)(C)C)([Si](C)(C)C)[Si](C)(C)C)C([Si-](C)C)[Si](C)(C)C,"[4, 72, 1]","[{'functional_group': 'amino', 'smiles_inds': [29]}]",1.6770613294883145e-27
16,bottom,C[Si](C)(C)C(c1cc(C([Si](C)(C)C)[Si](C)(C)C)c(Sc2ccccc2[Se]c2ccccc2[Se]c2ccccc2Sc2c(cc(cc2C([Si](C)(C)C)[Si](C)(C)C)C([Si](C)(C)C)[Si](C)(C)C)C([Si](C)(C)C)[Si](C)(C)C)c(c1)C([Si](C)(C)C)[Si](C)(C)C)[Si](C)(C)C,"[25, 32]",[],2.3916418951148703e-27
16,bottom,CCCC[P](CCCC)(CCCC)CCP(CCP(CCP(CC[P](CCCC)(CCCC)CCCC)CC[P](CCCC)(CCCC)CCCC)c1ccccc1)CC[P](CCCC)(CCCC)CCCC,"[15, 18, 21]","[{'functional_group': 'bromo', 'smiles_inds': [6]}, {'functional_group': 'carboxyl', 'smiles_inds': [38]}]",3.028859860515601e-27
16,bottom,C[Si](C)(C)C(c1cc(C([Si](C)(C)C)[Si](C)(C)C)c([Se]c2ccccc2Sc2ccccc2Sc2ccccc2[Se]c2c(cc(cc2C([Si](C)(C)C)[Si](C)(C)C)C([Si](C)(C)C)[Si](C)(C)C)C([Si](C)(C)C)[Si](C)(C)C)c(c1)C([Si](C)(C)C)[Si](C)(C)C)[Si](C)(C)C,"[25, 32]","[{'functional_group': 'carboxylate', 'smiles_inds': [23]}, {'functional_group': '2-hydroxypyridine', 'smiles_inds': [77]}]",1.20201310224508e-26
16,bottom,Cc1ccc(N)c(c1)C1=C2C(=O)C3=C4C5=C6C7=C8C9=C%10C%11=C%12C%13=C%10C%10=C8C8=C6C4(OOC(C)(C)C)C2=C(O1)C8(O)C%10=C1C(=O)OC2=C4OC(=O)C6=C([O-])c8c3c3c%10c%14c8C8=C%15C%16=C(C4=C68)C(=C%12C%16=C4C(=C%14%15)C6=C%10C(=C53)C7=C9C6=C%114)C2=C%131,"[5, 49, 52]","[{'functional_group': 'methyl', 'smiles_inds': [34]}, {'functional_group': 'iodo', 'smiles_inds': [33]}]",1.5673941859300322e-26
16,bottom,C[Si](C)(C)C(c1cc(C([Si](C)(C)C)[Si](C)(C)C)c([Se]c2ccccc2[Se]c2ccccc2[Se]c2ccccc2[Se]c2c(cc(cc2C([Si](C)(C)C)[Si](C)(C)C)C([Si](C)(C)C)[Si](C)(C)C)C([Si](C)(C)C)[Si](C)(C)C)c(c1)C([Si](C)(C)C)[Si](C)(C)C)[Si](C)(C)C,"[25, 32]","[{'functional_group': 'carboxylate', 'smiles_inds': [54]}]",2.2750264576289264e-26
16,bottom,COc1ccc2ccccc2c1c1c2ccccc2ccc1c1nc2c(ccc(c3ccc(C)cc3)c2nc1c1nc2c(ccc(c3ccc(C)cc3)c2nc1c1nc2c(ccc(c3ccc(C)cc3)c2nc1c1nc2c(ccc(c3ccc(C)cc3)c2nc1c1nc2c(ccc(c3ccc(C)cc3)c2n[c-]1)c1ccc(C)cc1)c1ccc(C)cc1)c1ccc(C)cc1)c1ccc(C)cc1)c1ccc(C)cc1,"[106, 88]",[],9.677523234137464e-21
16,bottom,C[Si](C)(C)c1cc(cc(c1)[Si](C)(C)C)P(c1cc(cc(c1)[Si](C)(C)C)[Si](C)(C)C)c1ccccc1P(c1cc(cc(c1)[Si](C)(C)C)[Si](C)(C)C)c1cc(cc(c1)[Si](C)(C)C)[Si](C)(C)C,"[35, 14]","[{'functional_group': '2-methylbenzoic_acid', 'smiles_inds': [39]}, {'functional_group': 'aldehyde', 'smiles_inds': [20]}]",1.3312849382812591e-19
16,bottom,C[Si](C)(CCC(F)(F)C(F)(F)C(F)(F)C(F)(F)C(F)(F)C(F)(F)F)c1ccc(cc1)P(CCP(c1ccc(cc1)[Si](C)(C)CCC(F)(F)C(F)(F)C(F)(F)C(F)(F)C(F)(F)C(F)(F)F)c1ccc(cc1)[Si](C)(C)CCC(F)(F)C(F)(F)C(F)(F)C(F)(F)C(F)(F)C(F)(F)F)c1ccc(cc1)[Si](C)(C)CCC(F)(F)C(F)(F)C(F)(F)C(F)(F)C(F)(F)C(F)(F)F,"[30, 33]","[{'functional_group': 'ether', 'smiles_inds': [98]}, {'functional_group': 'methyl_ester', 'smiles_inds': [28]}, {'functional_group': 'ether', 'smiles_inds': [32]}]",1.5337300462170067e-19
16,median,c1cc([c-]c(c1)C12N=CC3C4C1[S+2]234)C12N=CC3C4C1[S+2]234,"[7, 14, 3]","[{'functional_group': 'carboxylate', 'smiles_inds': [5]}, {'functional_group': 'aldehyde', 'smiles_inds': [8]}, {'functional_group': 'trichloro', 'smiles_inds': [10]}, {'functional_group': 'carbonyl', 'smiles_inds': [17]}, {'functional_group': 'tribromo', 'smiles_inds': [11]}, {'functional_group': 'thiol', 'smiles_inds': [15]}]",0.25708085562095245
16,median,Cc1ccc(cc1)S(=O)(=O)[N-]c1cccnc1N1C=C(Br)C=N1,"[22, 10]",[],0.25713022454879414
16,median,[NH3+]CCNC(=O)c1cc(ccc1[O-])N(=O)=O,"[12, 5]","[{'functional_group': 'thiol', 'smiles_inds': [10]}]",0.257224398262313
16,median,CN(C)c1ccc(cc1)C=NN=C([S-])Nc1ccc(cc1)N(=O)=O,"[13, 10]",[],0.25731162866810087
16,median,COC([CH2-])C(C)N(C)C,"[6, 3]","[{'functional_group': 'amino', 'smiles_inds': [0]}, {'functional_group': 'thiol', 'smiles_inds': [8]}]",0.2574254820838969
16,median,Nc1ccc[nH+]c1c1[nH+]cccc1N,"[13, 0]","[{'functional_group': 'ethyl_ester', 'smiles_inds': [3]}]",0.25743543696009186
16,median,Nc1ccccc1OP1Nc2ccccc2O1,"[0, 8]","[{'functional_group': 'cyanimide', 'smiles_inds': [3]}]",0.25746078346801904
16,median,Cc1cccc(c1)C(Cl)=O,[9],[],0.25747681752785273
16,median,CC(=O)C(=NO)C(C)=Nc1ccccc1,"[4, 8]","[{'functional_group': 'amino', 'smiles_inds': [5]}]",0.2574830493446178
16,median,C[NH+]1CCN(CC1)c1c(F)cc2C(=O)C(=CN3N(C)COc1c23)C(=O)[O-],"[25, 13]","[{'functional_group': 'ethyl_ester', 'smiles_inds': [18]}, {'functional_group': 'bromo', 'smiles_inds': [0]}]",0.25749251069603807
16,median,CC1=CC(=O)C=C(C)O1,[4],[],0.25749658461419433
16,median,Fc1ccc([O-])c(C=Nc2ccccc2Sc2ccccc2)c1,"[15, 5, 8]",[],0.2575030402400263
16,median,CN(C)CCN=Cc1ccc(c[c-]1)c1cncnc1,"[1, 5, 12]",[],0.25751213158695313
16,median,COc1cc(OC)cc(C=Cc2ccc3cccc([O-])c3n2)c1,"[19, 21]","[{'functional_group': 'hydroxyl', 'smiles_inds': [3]}]",0.2575454578171946
16,median,COc1ccc(cc1)C=Cc1ccnc(c1)c1cccc[c-]1,"[13, 21]",[],0.2575577780438929
16,median,O=C(CSc1ccccn1)c1ccccc1,[9],[],0.25767075508885356
16,median,c1ccc(nc1)c1cccc(n1)c1cccc2ccccc12,"[4, 11]",[],0.2576844301821397
16,median,C1C2CC3CC1CC(C2)(C3)N=Cc1ccccn1,"[10, 17]",[],0.25770207473961537
16,median,CC(=O)Nc1cc(C)ccn1,"[10, 2]",[],0.25774704943070637
16,median,CC1=NN(C(=C1)C)[Si-](N1N=C(C)C=C1C)N1N=C(C)C=C1C,"[16, 9, 2]",[],0.25779025543913653
16,top,CC[NH+]1CCN(CC1)c1cc2N(C=C(C(=O)[O-])C(=O)c2cc1F)C1CC1,"[18, 16]","[{'functional_group': 'methyl', 'smiles_inds': [9]}, {'functional_group': 'iodo', 'smiles_inds': [7]}, {'functional_group': 'carboxylate', 'smiles_inds': [20]}, {'functional_group': 'carboxylate', 'smiles_inds': [12]}, {'functional_group': 'cyano', 'smiles_inds': [2]}, {'functional_group': 'carboxylate', 'smiles_inds': [0]}, {'functional_group': 'cyano', 'smiles_inds': [4]}]",0.9999897662899923
16,top,CC[NH+]1CCN(CC1)c1cc2N(C=C(C(=O)[O-])C(=O)c2cc1F)C1CC1,"[18, 16]","[{'functional_group': 'methyl', 'smiles_inds': [9]}, {'functional_group': 'iodo', 'smiles_inds': [7]}, {'functional_group': 'carboxylate', 'smiles_inds': [20]}, {'functional_group': 'carboxylate', 'smiles_inds': [12]}, {'functional_group': 'cyano', 'smiles_inds': [2]}, {'functional_group': 'trifluro', 'smiles_inds': [23]}, {'functional_group': 'amino', 'smiles_inds': [0]}, {'functional_group': 'chloro', 'smiles_inds': [4]}, {'functional_group': 'fluoro', 'smiles_inds': [24]}]",0.9999898318045137
16,top,CC[NH+]1CCN(CC1)c1cc2N(C=C(C(=O)[O-])C(=O)c2cc1F)C1CC1,"[18, 16]","[{'functional_group': 'methyl', 'smiles_inds': [9]}, {'functional_group': 'iodo', 'smiles_inds': [7]}, {'functional_group': 'carboxylate', 'smiles_inds': [20]}, {'functional_group': 'carboxylate', 'smiles_inds': [12]}, {'functional_group': 'cyano', 'smiles_inds': [2]}, {'functional_group': 'trifluro', 'smiles_inds': [23]}, {'functional_group': 'amino', 'smiles_inds': [0]}, {'functional_group': 'chloro', 'smiles_inds': [4]}, {'functional_group': 'fluoro', 'smiles_inds': [25]}]",0.9999898318045137
16,top,CS(C)(C)C,[1],"[{'functional_group': 'amide', 'smiles_inds': [0]}]",0.9999900176904623
16,top,[NH3+]C12CNCCNCC([NH3+])(CNCCNC1)CNCCNC2,"[11, 17, 3, 14, 20, 6]",[],0.9999903103987718
16,top,N1C=NC(=N1)C1=NC(=N[N-]1)c1cc[nH+]cc1,"[9, 2]","[{'functional_group': 'carboxyllic_acid', 'smiles_inds': [15]}, {'functional_group': 'carboxylate', 'smiles_inds': [1]}, {'functional_group': 'cyanimide', 'smiles_inds': [11]}, {'functional_group': 'carboxylate', 'smiles_inds': [12]}]",0.9999917277155062
16,top,Cc1ncc(CO)c(C=NCN(CN=Cc2c(CO)cnc(C)c2[O-])CN=Cc2c(CO)cnc(C)c2[O-])c1[O-],"[39, 9, 37, 26, 24, 13]","[{'functional_group': 'cyanimide', 'smiles_inds': [30]}]",0.9999918386453277
16,top,N1C=NC(=N1)C1=NC(=N[N-]1)c1cc[nH+]cc1,"[9, 2]","[{'functional_group': 'carboxyllic_acid', 'smiles_inds': [15]}, {'functional_group': 'carboxylate', 'smiles_inds': [1]}, {'functional_group': 'cyanimide', 'smiles_inds': [11]}, {'functional_group': 'aldehyde', 'smiles_inds': [12]}, {'functional_group': 'carboxylate', 'smiles_inds': [14]}]",0.9999925005666812
16,top,CC[NH+]1CCN(CC1)c1cc2N(C=C(C(=O)[O-])C(=O)c2cc1F)C1CC1,"[18, 16]","[{'functional_group': 'methyl', 'smiles_inds': [9]}, {'functional_group': 'iodo', 'smiles_inds': [7]}, {'functional_group': 'carboxylate', 'smiles_inds': [20]}, {'functional_group': 'carboxylate', 'smiles_inds': [12]}, {'functional_group': 'cyano', 'smiles_inds': [2]}, {'functional_group': 'carboxylate', 'smiles_inds': [0]}, {'functional_group': 'amino', 'smiles_inds': [6]}]",0.9999931303848576
16,top,O=C([O-])CN1CCN(COCNCCNCOC1)CC(=O)[O-],"[2, 21, 4, 7, 11, 14]",[],0.999993194954482
16,top,CC[NH+]1CCN(CC1)c1cc2N(C=C(C(=O)[O-])C(=O)c2cc1F)C1CC1,"[18, 16]","[{'functional_group': 'methyl', 'smiles_inds': [9]}, {'functional_group': 'iodo', 'smiles_inds': [7]}, {'functional_group': 'carboxylate', 'smiles_inds': [20]}, {'functional_group': 'carboxylate', 'smiles_inds': [12]}, {'functional_group': 'cyano', 'smiles_inds': [2]}, {'functional_group': 'trifluro', 'smiles_inds': [23]}, {'functional_group': 'amino', 'smiles_inds': [0]}, {'functional_group': 'chloro', 'smiles_inds': [4]}, {'functional_group': 'carboxylate', 'smiles_inds': [3]}]",0.9999943558859535
16,top,CC12CNCN(CNC1)CC1(C)CNCC(CNC2)(CNC1)N(=O)=O,"[3, 17, 7, 5, 13, 20]",[],0.9999951591018872
16,top,CC[NH+]1CCN(CC1)c1cc2N(C=C(C(=O)[O-])C(=O)c2cc1F)C1CC1,"[18, 16]","[{'functional_group': 'methyl', 'smiles_inds': [9]}, {'functional_group': 'iodo', 'smiles_inds': [7]}, {'functional_group': 'carboxylate', 'smiles_inds': [20]}, {'functional_group': 'carboxylate', 'smiles_inds': [12]}, {'functional_group': 'cyano', 'smiles_inds': [2]}, {'functional_group': 'trifluro', 'smiles_inds': [23]}, {'functional_group': 'amino', 'smiles_inds': [0]}, {'functional_group': 'chloro', 'smiles_inds': [4]}, {'functional_group': 'chloro', 'smiles_inds': [24]}]",0.9999952290830298
16,top,Cc1ncc(CO)c(C=NCN(CN=Cc2c(CO)cnc(C)c2[O-])CN=Cc2c(CO)cnc(C)c2[O-])c1[O-],"[39, 9, 37, 26, 24, 13]","[{'functional_group': 'amino', 'smiles_inds': [35]}, {'functional_group': 'cyanimide', 'smiles_inds': [5]}]",0.9999960728631273
16,top,Cc1ncc(CO)c(C=NCN(CN=Cc2c(CO)cnc(C)c2[O-])CN=Cc2c(CO)cnc(C)c2[O-])c1[O-],"[39, 9, 37, 26, 24, 13]","[{'functional_group': 'amino', 'smiles_inds': [35]}, {'functional_group': 'cyanimide', 'smiles_inds': [30]}]",0.9999960728631273
16,top,CC[NH+]1CCN(CC1)c1cc2N(C=C(C(=O)[O-])C(=O)c2cc1F)C1CC1,"[18, 16]","[{'functional_group': 'methyl', 'smiles_inds': [9]}, {'functional_group': 'iodo', 'smiles_inds': [7]}, {'functional_group': 'carboxylate', 'smiles_inds': [20]}, {'functional_group': 'carboxylate', 'smiles_inds': [12]}, {'functional_group': 'cyano', 'smiles_inds': [2]}, {'functional_group': 'trifluro', 'smiles_inds': [23]}, {'functional_group': 'amino', 'smiles_inds': [0]}, {'functional_group': 'chloro', 'smiles_inds': [4]}, {'functional_group': 'fluoro', 'smiles_inds': [24]}, {'functional_group': 'ether', 'smiles_inds': [6]}]",0.9999970728060452
16,top,CC[NH+]1CCN(CC1)c1cc2N(C=C(C(=O)[O-])C(=O)c2cc1F)C1CC1,"[18, 16]","[{'functional_group': 'methyl', 'smiles_inds': [9]}, {'functional_group': 'iodo', 'smiles_inds': [7]}, {'functional_group': 'carboxylate', 'smiles_inds': [20]}, {'functional_group': 'carboxylate', 'smiles_inds': [12]}, {'functional_group': 'cyano', 'smiles_inds': [2]}, {'functional_group': 'trifluro', 'smiles_inds': [23]}, {'functional_group': 'amino', 'smiles_inds': [0]}, {'functional_group': 'chloro', 'smiles_inds': [4]}, {'functional_group': 'cyano', 'smiles_inds': [6]}]",0.999997114433456
16,top,CC[NH+]1CCN(CC1)c1cc2N(C=C(C(=O)[O-])C(=O)c2cc1F)C1CC1,"[18, 16]","[{'functional_group': 'methyl', 'smiles_inds': [9]}, {'functional_group': 'iodo', 'smiles_inds': [7]}, {'functional_group': 'carboxylate', 'smiles_inds': [20]}, {'functional_group': 'carboxylate', 'smiles_inds': [12]}, {'functional_group': 'cyano', 'smiles_inds': [2]}, {'functional_group': 'trifluro', 'smiles_inds': [23]}, {'functional_group': 'amino', 'smiles_inds': [0]}, {'functional_group': 'chloro', 'smiles_inds': [4]}, {'functional_group': 'hydroxyl', 'smiles_inds': [3]}, {'functional_group': 'amino', 'smiles_inds': [6]}]",0.9999983259383135
16,top,CC[NH+]1CCN(CC1)c1cc2N(C=C(C(=O)[O-])C(=O)c2cc1F)C1CC1,"[18, 16]","[{'functional_group': 'methyl', 'smiles_inds': [9]}, {'functional_group': 'iodo', 'smiles_inds': [7]}, {'functional_group': 'carboxylate', 'smiles_inds': [20]}, {'functional_group': 'carboxylate', 'smiles_inds': [12]}, {'functional_group': 'cyano', 'smiles_inds': [2]}, {'functional_group': 'carboxylate', 'smiles_inds': [0]}, {'functional_group': 'aldehyde', 'smiles_inds': [25]}, {'functional_group': 'cyanimide', 'smiles_inds': [6]}]",0.9999985898183792
16,top,CS(C)(C)C,[1],"[{'functional_group': 'carboxylate', 'smiles_inds': [0]}]",0.9999991388062492
17,bottom,CC(C)(C)c1cc2c3cc(cc4c5cc(cc6c7cc(cc8c9cc(cc%10c%11cc(cc%12c(c1)c2c1c(c34)c(c56)c(c78)c(c9%10)c1c%11%12)C(C)(C)C)C(C)(C)C)C(C)(C)C)C(C)(C)C)P(c1cc2c3cc(cc4c5cc(cc6c7cc(cc8c9cc(cc%10c%11cc(cc%12c(c1)c2c1c(c34)c(c56)c(c78)c(c9%10)c1c%11%12)C(C)(C)C)C(C)(C)C)C(C)(C)C)C(C)(C)C)C(C)(C)C)c1cc2c3cc(cc4c5cc(cc6c7cc(cc8c9cc(cc%10c%11cc(cc%12c(c1)c2c1c(c34)c(c56)c(c78)c(c9%10)c1c%11%12)C(C)(C)C)C(C)(C)C)C(C)(C)C)C(C)(C)C)C(C)(C)C,[62],"[{'functional_group': 'amino', 'smiles_inds': [106]}]",2.0652068764150514e-50
17,bottom,C1N(CC23c4c5c6c7c8c9c%10c%11c%12c%13c%14c%10c%10c%15c%14c%14c%16c%13c%13c%12c%12c%17c%11c9c9c%11c%17c%17c%12c%12c%13c%13c%16c%16c%14c%14c%15c(c6c8%10)c4c%14c4c%16c6c%13c%12c8c%17c%10c%11c(c79)c5c2c%10c8c6C134)c1ccncc1,[1],"[{'functional_group': 'bromo', 'smiles_inds': [64]}, {'functional_group': 'tribromo', 'smiles_inds': [0]}, {'functional_group': 'carboxyl', 'smiles_inds': [68]}]",1.032486931363802e-37
17,bottom,C1N(CC23c4c5c6c7c8c9c%10c%11c%12c%13c%14c%10c%10c%15c%14c%14c%16c%13c%13c%12c%12c%17c%11c9c9c%11c%17c%17c%12c%12c%13c%13c%16c%16c%14c%14c%15c(c6c8%10)c4c%14c4c%16c6c%13c%12c8c%17c%10c%11c(c79)c5c2c%10c8c6C134)c1ccncc1,[1],[],9.426472688900714e-37
17,bottom,CN1CC23c4c5c6c7c8c9c%10c%11c%12c%13c%14c%10c%10c%15c%14c%14c%16c%13c%13c%12c%12c%17c%11c9c9c%11c%17c%17c%12c%12c%13c%13c%16c%16c%14c%14c%15c(c6c8%10)c4c%14c4c%16c6c%13c%12c8c%17c%10c%11c(c79)c5c2c%10c8c6C34C1c1ccncc1,[67],[],2.3515877147094816e-36
17,bottom,N1C(c2ccccn2)C23C4=C5C6=C7C8=C9c%10c%11c%12c%13c%14c%10c8c8c%10c%14c%14c%13c%13c%15c%12c%12c%11c%11C9=C6C6=C4C4=C9c(c%12c%12c%15c%15c%13c%13c%14c%14c%10c%10c8c7c5c5c%10c7c%14c%13c8c%15c(c9%12)C(=C24)c8c7C35C1c1ccccn1)c%116,[0],[],8.827680928308233e-36
17,bottom,CN1CC23c4c5c6c7c8c9c%10c%11c%12c%13c%14c%10c%10c%15c%14c%14c%16c%13c%13c%12c%12c%17c%11c9c9c%11c%17c%17c%12c%12c%13c%13c%16c%16c%14c%14c%15c(c6c8%10)c4c%14c4c%16c6c%13c%12c8c%17c%10c%11c(c79)c5c2c%10c8c6C34C1c1ccncc1,[67],"[{'functional_group': 'carboxylate', 'smiles_inds': [68]}, {'functional_group': 'phosphonate', 'smiles_inds': [65]}]",7.245886811720948e-35
17,bottom,CCCC[P](CCCC)(CCCC)CCP(CCP(CCP(CC[P](CCCC)(CCCC)CCCC)CC[P](CCCC)(CCCC)CCCC)c1ccccc1)CC[P](CCCC)(CCCC)CCCC,"[15, 18, 21]","[{'functional_group': '2-methylbenzoic_acid', 'smiles_inds': [45]}]",5.483370989445186e-29
17,bottom,C[Si](C)(C)C(c1cc(C([Si](C)(C)C)[Si](C)(C)C)c([Se]c2ccccc2Sc2ccccc2Sc2ccccc2[Se]c2c(cc(cc2C([Si](C)(C)C)[Si](C)(C)C)C([Si](C)(C)C)[Si](C)(C)C)C([Si](C)(C)C)[Si](C)(C)C)c(c1)C([Si](C)(C)C)[Si](C)(C)C)[Si](C)(C)C,"[25, 32]",[],4.376407104544931e-28
17,bottom,C[Si](C)(C)C(c1cc(C([Si](C)(C)C)[Si](C)(C)C)c(Sc2ccccc2[Se]c2ccccc2[Se]c2ccccc2Sc2c(cc(cc2C([Si](C)(C)C)[Si](C)(C)C)C([Si](C)(C)C)[Si](C)(C)C)C([Si](C)(C)C)[Si](C)(C)C)c(c1)C([Si](C)(C)C)[Si](C)(C)C)[Si](C)(C)C,"[25, 32]",[],9.492105721936662e-28
17,bottom,C[Si](C)(C)C(c1cc(C([Si](C)(C)C)[Si](C)(C)C)c([Se]c2ccccc2[Se]c2ccccc2[Se]c2ccccc2[Se]c2c(cc(cc2C([Si](C)(C)C)[Si](C)(C)C)C([Si](C)(C)C)[Si](C)(C)C)C([Si](C)(C)C)[Si](C)(C)C)c(c1)C([Si](C)(C)C)[Si](C)(C)C)[Si](C)(C)C,"[25, 32]",[],1.5422742797806646e-27
17,bottom,O=C1c2[c-]c3c4c5[c-]c6C(=O)C7(c8ccccc8)C(=NC8(c9ccccn9)c9c1c1c2c2c3c3c%10c4c4c%11c5c5c6c6c%12C%13=C%14C%15=C%16C%17=C%18C(=C%19C3=C2C2=C3C%19=C%18C%18=C%16c%16c%14c%12c(c%12c%16c%18c3c(c12)c9%12)c8c76)C%10=C4C%17=C%15C%11=C5%13)c1ccccc1,"[7, 3, 10]","[{'functional_group': 'carboxyl', 'smiles_inds': [15]}, {'functional_group': 'chloro', 'smiles_inds': [17]}]",5.565248843035539e-27
17,bottom,Cc1ccc(N)c(c1)C1=C2C(=O)C3=C4C5=C6C7=C8C9=C%10C%11=C%12C%13=C%10C%10=C8C8=C6C4(OOC(C)(C)C)C2=C(O1)C8(O)C%10=C1C(=O)OC2=C4OC(=O)C6=C([O-])c8c3c3c%10c%14c8C8=C%15C%16=C(C4=C68)C(=C%12C%16=C4C(=C%14%15)C6=C%10C(=C53)C7=C9C6=C%114)C2=C%131,"[5, 49, 52]","[{'functional_group': 'tribromo', 'smiles_inds': [0]}, {'functional_group': 'carboxyllic_acid', 'smiles_inds': [2]}, {'functional_group': 'trichloro', 'smiles_inds': [32]}]",2.3956924149139977e-26
17,bottom,COc1ccc2ccccc2c1c1c2ccccc2ccc1c1nc2c(ccc(c3ccc(C)cc3)c2nc1c1nc2c(ccc(c3ccc(C)cc3)c2nc1c1nc2c(ccc(c3ccc(C)cc3)c2nc1c1nc2c(ccc(c3ccc(C)cc3)c2nc1c1nc2c(ccc(c3ccc(C)cc3)c2n[c-]1)c1ccc(C)cc1)c1ccc(C)cc1)c1ccc(C)cc1)c1ccc(C)cc1)c1ccc(C)cc1,"[106, 88]","[{'functional_group': 'hydroxyl', 'smiles_inds': [109]}, {'functional_group': 'ethyl_ester', 'smiles_inds': [33]}, {'functional_group': 'methyl', 'smiles_inds': [34]}]",3.407235736206703e-21
17,bottom,CCCCCC1c2cc3C(CCCCC)c4cc5C(CCCCC)c6cc7C(CCCCC)c8cc1c1OCOc2cc3OCOc4c(P(c2ccccc2)c2ccccc2)c5OCOc6cc7OCOc8c1OCc1cccc(COc2c3OCOc4cc5OCOc6c7cc8C(CCCCC)c9cc%10C(CCCCC)c(cc3C(CCCCC)c4cc5C7CCCCC)c2OCOc%10cc9OCOc8c6P(c2ccccc2)c2ccccc2)c1,"[48, 142]",[],1.3172859888640184e-20
17,bottom,Cc1cc(c2ccc(cc2)c2c3ccccc3cc3ccccc23)c(N=C(C)C(C)=Nc2c(cc(C)cc2c2ccc(cc2)c2c3ccccc3cc3ccccc23)c2ccc(cc2)c2c3ccccc3cc3ccccc23)c(c1)c1ccc(cc1)c1c2ccccc2cc2ccccc12,"[25, 30]",[],4.794431218116355e-19
17,bottom,CC(C)(C)c1cc2c3cc(cc4c5cc(cc6c7cc(cc8c9cc(cc%10c%11cc(cc%12c(c1)c2c1c(c34)c(c56)c(c78)c(c9%10)c1c%11%12)C(C)(C)C)C(C)(C)C)C(C)(C)C)C(C)(C)C)P(c1ccccc1)c1ccccc1,[62],[],3.0505253782059725e-18
17,bottom,CC(C)(C)c1cc2c3cc(cc4c5cc(cc6c7cc(cc8c9cc(cc%10c%11cc(cc%12c(c1)c2c1c(c34)c(c56)c(c78)c(c9%10)c1c%11%12)C(C)(C)C)C(C)(C)C)C(C)(C)C)C(C)(C)C)C1=CN(Cc2ccccc2)N=N1,[73],[],3.718932760581682e-18
17,bottom,CC(C)(C)c1cc(CP(C23CC4CC(CC(C4)C2)C3)C23CC4CC(CC(C4)C2)C3)c2[N-]c3c(CP(C45CC6CC(CC(C6)C4)C5)C45CC6CC(CC(C6)C4)C5)cc(cc3c2c1)C(C)(C)C,"[34, 8, 30]","[{'functional_group': 'iodo', 'smiles_inds': [36]}]",5.470337334471799e-18
17,bottom,C[Si](C)(C)c1cc2ccccc2c2c1OP(Oc1ccc3ccccc3c1c1c(OP3Oc4c(cc5ccccc5c4c4c(O3)c(cc3ccccc43)[Si](C)(C)C)[Si](C)(C)C)ccc3ccccc13)Oc1c(cc3ccccc3c21)[Si](C)(C)C,"[30, 15]",[],9.383882257367601e-18
17,bottom,CC(C)c1cccc(C(C)C)c1c1cc(NCCN(CCNc2cc(cc(c2)c2c(cccc2C(C)C)C(C)C)c2c(cccc2C(C)C)C(C)C)CCNc2cc(cc(c2)c2c(cccc2C(C)C)C(C)C)c2c(cccc2C(C)C)C(C)C)cc(c1)c1c(cccc1C(C)C)C(C)C,"[18, 15, 21]","[{'functional_group': 'phosphonate', 'smiles_inds': [38]}, {'functional_group': 'amino', 'smiles_inds': [58]}]",1.6039971332982383e-17
17,median,c1cc([c-]c(c1)C12N=CC3C4C1[S+2]234)C12N=CC3C4C1[S+2]234,"[7, 14, 3]","[{'functional_group': 'carboxylate', 'smiles_inds': [5]}, {'functional_group': 'ketone', 'smiles_inds': [15]}, {'functional_group': 'ether', 'smiles_inds': [10]}, {'functional_group': 'phenyl', 'smiles_inds': [8]}]",0.26328170445803334
17,median,O=C(NN=Cc1ccccn1)c1ccccc1N=Nc1ccccc1,"[0, 3, 10]",[],0.2632964539579193
17,median,OC(=O)c1cc(CN2C=CC(=N2)C(=O)[O-])cc(c1)C(O)=O,"[14, 11]",[],0.26331206043581284
17,median,CC1=CP(S)C=C1C,[3],[],0.26331392090719036
17,median,N1C=NC(=C1)C1=NN=N[N-]1,"[9, 2]","[{'functional_group': '2-methylbenzoic_acid', 'smiles_inds': [0]}, {'functional_group': 'phenyl', 'smiles_inds': [4]}]",0.263428590901201
17,median,CC1=NN=C(N1c1ccccc1)C1=NN=C(C)N1c1ccccc1,"[3, 13]","[{'functional_group': 'ketone', 'smiles_inds': [9]}]",0.26345046795982335
17,median,c1cc([c-]c(c1)C12N=CC3C4C1[S+2]234)C12N=CC3C4C1[S+2]234,"[7, 14, 3]","[{'functional_group': 'phenyl', 'smiles_inds': [0]}, {'functional_group': 'iodo', 'smiles_inds': [1]}]",0.26351850044327363
17,median,CN(CC[S-])CC[S-],"[4, 7, 1]",[],0.26357877174040045
17,median,OC(c1cccc(n1)c1ccccn1)(c1cccc(n1)c1ccccn1)c1cccc(n1)c1ccccn1,"[13, 7, 19, 25, 37, 31]",[],0.2635982266942604
17,median,CC1[NH2+]C(C)CN(C1)c1c(F)c(N)c2C(=O)C(=CN(C3CC3)c2c1F)C(=O)[O-],"[15, 27]","[{'functional_group': '2-hydroxypyridine', 'smiles_inds': [5]}, {'functional_group': 'cyano', 'smiles_inds': [1]}]",0.2636793241493714
17,median,CCN(CC)C(=O)c1cccc(n1)C1=Nc2ccccc2N1C,"[6, 2, 14]","[{'functional_group': 'carbonyl', 'smiles_inds': [9]}, {'functional_group': 'thiol', 'smiles_inds': [0]}]",0.2636953553410265
17,median,COc1ccc(C=S)cc1,[7],"[{'functional_group': 'fluoro', 'smiles_inds': [9]}]",0.2637467958308772
17,median,CC(=O)Sc1ccc(cc1)c1nc(nc(n1)c1ccccn1)c1ccccn1,"[21, 13, 27]",[],0.26375066233517347
17,median,Nc1ccccc1NC(=O)Nc1cccc2ccccc12,"[0, 9]",[],0.26381737729974614
17,median,COc1ccc(C=NC(C)(C)C)[c-]c1OP(c1ccccc1)c1ccccc1,"[12, 7, 15]","[{'functional_group': 'hydroxyl', 'smiles_inds': [9]}, {'functional_group': 'cyanimide', 'smiles_inds': [11]}]",0.263833751528867
17,median,C1N2CN3CN1CC(C2)(C3)N=Cc1ccc2ccccc2n1,"[10, 21]","[{'functional_group': 'amino', 'smiles_inds': [16]}, {'functional_group': 'bromo', 'smiles_inds': [8]}]",0.2638355766408947
17,median,CN(C)c1ccc(N=Nc2ccc(Cl)cc2)[c-]c1,"[16, 8]",[],0.2640001947607199
17,median,O=C(NCc1cccnc1)C1=Cc2ccccc2OC1=O,[8],"[{'functional_group': 'phosphonate', 'smiles_inds': [2]}, {'functional_group': 'ethyl', 'smiles_inds': [5]}]",0.2640045995037598
17,median,CSc1ccccc1C=Nc1ccccc1N,"[1, 9]","[{'functional_group': 'ethyl_ester', 'smiles_inds': [14]}]",0.2640070485978705
17,median,c1cc([c-]c(c1)C12N=CC3C4C1[S+2]234)C12N=CC3C4C1[S+2]234,"[7, 14, 3]","[{'functional_group': 'amino', 'smiles_inds': [10]}, {'functional_group': 'amide', 'smiles_inds': [1]}]",0.264008425823187
17,top,CC[NH+]1CCN(CC1)c1cc2N(C=C(C(=O)[O-])C(=O)c2cc1F)C1CC1,"[18, 16]","[{'functional_group': 'methyl', 'smiles_inds': [9]}, {'functional_group': 'iodo', 'smiles_inds': [7]}, {'functional_group': 'carboxylate', 'smiles_inds': [20]}, {'functional_group': 'carboxylate', 'smiles_inds': [12]}, {'functional_group': 'cyano', 'smiles_inds': [2]}, {'functional_group': 'trifluro', 'smiles_inds': [23]}, {'functional_group': 'amino', 'smiles_inds': [0]}, {'functional_group': 'chloro', 'smiles_inds': [4]}, {'functional_group': 'carbonyl', 'smiles_inds': [1]}]",0.9999961774101486
17,top,CC[NH+]1CCN(CC1)c1cc2N(C=C(C(=O)[O-])C(=O)c2cc1F)C1CC1,"[18, 16]","[{'functional_group': 'methyl', 'smiles_inds': [9]}, {'functional_group': 'iodo', 'smiles_inds': [7]}, {'functional_group': 'carboxylate', 'smiles_inds': [20]}, {'functional_group': 'carboxylate', 'smiles_inds': [12]}, {'functional_group': 'cyano', 'smiles_inds': [2]}, {'functional_group': 'trifluro', 'smiles_inds': [23]}, {'functional_group': 'amino', 'smiles_inds': [0]}, {'functional_group': 'chloro', 'smiles_inds': [4]}, {'functional_group': 'tribromo', 'smiles_inds': [6]}]",0.9999971402670869
17,top,CC[NH+]1CCN(CC1)c1cc2N(C=C(C(=O)[O-])C(=O)c2cc1F)C1CC1,"[18, 16]","[{'functional_group': 'methyl', 'smiles_inds': [9]}, {'functional_group': 'iodo', 'smiles_inds': [7]}, {'functional_group': 'carboxylate', 'smiles_inds': [20]}, {'functional_group': 'carboxylate', 'smiles_inds': [12]}, {'functional_group': 'cyano', 'smiles_inds': [2]}, {'functional_group': 'trifluro', 'smiles_inds': [23]}, {'functional_group': 'amino', 'smiles_inds': [0]}, {'functional_group': 'chloro', 'smiles_inds': [4]}, {'functional_group': 'cyano', 'smiles_inds': [6]}, {'functional_group': 'phosphonate', 'smiles_inds': [25]}, {'functional_group': 'hydroxyl', 'smiles_inds': [1]}]",0.9999973993619599
17,top,O=C([O-])CN1CCN(COCNCCNCOC1)CC(=O)[O-],"[2, 21, 4, 7, 11, 14]","[{'functional_group': 'hydroxyl', 'smiles_inds': [5]}]",0.9999976117101633
17,top,Cc1ncc(CO)c(C=NCN(CN=Cc2c(CO)cnc(C)c2[O-])CN=Cc2c(CO)cnc(C)c2[O-])c1[O-],"[39, 9, 37, 26, 24, 13]","[{'functional_group': 'amino', 'smiles_inds': [35]}, {'functional_group': 'cyanimide', 'smiles_inds': [30]}]",0.9999976467291315
17,top,CC[NH+]1CCN(CC1)c1cc2N(C=C(C(=O)[O-])C(=O)c2cc1F)C1CC1,"[18, 16]","[{'functional_group': 'methyl', 'smiles_inds': [9]}, {'functional_group': 'iodo', 'smiles_inds': [7]}, {'functional_group': 'carboxylate', 'smiles_inds': [20]}, {'functional_group': 'carboxylate', 'smiles_inds': [12]}, {'functional_group': 'cyano', 'smiles_inds': [2]}, {'functional_group': 'trifluro', 'smiles_inds': [23]}, {'functional_group': 'amino', 'smiles_inds': [0]}, {'functional_group': 'chloro', 'smiles_inds': [4]}, {'functional_group': 'fluoro', 'smiles_inds': [3]}]",0.9999977434153124
17,top,CC[NH+]1CCN(CC1)c1cc2N(C=C(C(=O)[O-])C(=O)c2cc1F)C1CC1,"[18, 16]","[{'functional_group': 'methyl', 'smiles_inds': [9]}, {'functional_group': 'iodo', 'smiles_inds': [7]}, {'functional_group': 'carboxylate', 'smiles_inds': [20]}, {'functional_group': 'carboxylate', 'smiles_inds': [12]}, {'functional_group': 'cyano', 'smiles_inds': [2]}, {'functional_group': 'trifluro', 'smiles_inds': [23]}, {'functional_group': 'amino', 'smiles_inds': [0]}, {'functional_group': 'chloro', 'smiles_inds': [4]}, {'functional_group': 'cyano', 'smiles_inds': [6]}, {'functional_group': 'aldehyde', 'smiles_inds': [1]}]",0.9999978477463242
17,top,CC[NH+]1CCN(CC1)c1cc2N(C=C(C(=O)[O-])C(=O)c2cc1F)C1CC1,"[18, 16]","[{'functional_group': 'methyl', 'smiles_inds': [9]}, {'functional_group': 'iodo', 'smiles_inds': [7]}, {'functional_group': 'carboxylate', 'smiles_inds': [20]}, {'functional_group': 'carboxylate', 'smiles_inds': [12]}, {'functional_group': 'cyano', 'smiles_inds': [2]}, {'functional_group': 'trifluro', 'smiles_inds': [23]}, {'functional_group': 'amino', 'smiles_inds': [0]}, {'functional_group': 'chloro', 'smiles_inds': [4]}, {'functional_group': 'fluoro', 'smiles_inds': [6]}]",0.9999978701283863
17,top,CS(C)(C)C,[1],[],0.9999980454403239
17,top,Cc1ncc(CO)c(C=NCN(CN=Cc2c(CO)cnc(C)c2[O-])CN=Cc2c(CO)cnc(C)c2[O-])c1[O-],"[39, 9, 37, 26, 24, 13]","[{'functional_group': 'amino', 'smiles_inds': [35]}, {'functional_group': 'amino', 'smiles_inds': [6]}, {'functional_group': 'hydroxyl', 'smiles_inds': [22]}, {'functional_group': 'cyanimide', 'smiles_inds': [17]}]",0.9999981567354325
17,top,CC[NH+]1CCN(CC1)c1cc2N(C=C(C(=O)[O-])C(=O)c2cc1F)C1CC1,"[18, 16]","[{'functional_group': 'methyl', 'smiles_inds': [9]}, {'functional_group': 'iodo', 'smiles_inds': [7]}, {'functional_group': 'carboxylate', 'smiles_inds': [20]}, {'functional_group': 'carboxylate', 'smiles_inds': [12]}, {'functional_group': 'cyano', 'smiles_inds': [2]}, {'functional_group': 'trifluro', 'smiles_inds': [23]}, {'functional_group': 'amino', 'smiles_inds': [0]}, {'functional_group': 'chloro', 'smiles_inds': [4]}, {'functional_group': 'cyano', 'smiles_inds': [6]}, {'functional_group': 'ether', 'smiles_inds': [24]}]",0.9999981776965013
17,top,CC[NH+]1CCN(CC1)c1cc2N(C=C(C(=O)[O-])C(=O)c2cc1F)C1CC1,"[18, 16]","[{'functional_group': 'methyl', 'smiles_inds': [9]}, {'functional_group': 'iodo', 'smiles_inds': [7]}, {'functional_group': 'carboxylate', 'smiles_inds': [20]}, {'functional_group': 'carboxylate', 'smiles_inds': [12]}, {'functional_group': 'cyano', 'smiles_inds': [2]}, {'functional_group': 'trifluro', 'smiles_inds': [23]}, {'functional_group': 'amino', 'smiles_inds': [0]}, {'functional_group': 'chloro', 'smiles_inds': [4]}, {'functional_group': 'cyano', 'smiles_inds': [6]}, {'functional_group': 'ether', 'smiles_inds': [25]}]",0.9999981776965013
17,top,CC[NH+]1CCN(CC1)c1cc2N(C=C(C(=O)[O-])C(=O)c2cc1F)C1CC1,"[18, 16]","[{'functional_group': 'methyl', 'smiles_inds': [9]}, {'functional_group': 'iodo', 'smiles_inds': [7]}, {'functional_group': 'carboxylate', 'smiles_inds': [20]}, {'functional_group': 'carboxylate', 'smiles_inds': [12]}, {'functional_group': 'cyano', 'smiles_inds': [2]}, {'functional_group': 'trifluro', 'smiles_inds': [23]}, {'functional_group': 'amino', 'smiles_inds': [0]}, {'functional_group': 'chloro', 'smiles_inds': [4]}, {'functional_group': 'cyano', 'smiles_inds': [6]}, {'functional_group': 'cyano', 'smiles_inds': [25]}]",0.9999982681145563
17,top,CC[NH+]1CCN(CC1)c1cc2N(C=C(C(=O)[O-])C(=O)c2cc1F)C1CC1,"[18, 16]","[{'functional_group': 'methyl', 'smiles_inds': [9]}, {'functional_group': 'iodo', 'smiles_inds': [7]}, {'functional_group': 'carboxylate', 'smiles_inds': [20]}, {'functional_group': 'carboxylate', 'smiles_inds': [12]}, {'functional_group': 'cyano', 'smiles_inds': [2]}, {'functional_group': 'trifluro', 'smiles_inds': [23]}, {'functional_group': 'amino', 'smiles_inds': [0]}, {'functional_group': 'chloro', 'smiles_inds': [4]}, {'functional_group': 'cyano', 'smiles_inds': [6]}, {'functional_group': 'cyano', 'smiles_inds': [1]}]",0.9999988648691582
17,top,CC[NH+]1CCN(CC1)c1cc2N(C=C(C(=O)[O-])C(=O)c2cc1F)C1CC1,"[18, 16]","[{'functional_group': 'methyl', 'smiles_inds': [9]}, {'functional_group': 'iodo', 'smiles_inds': [7]}, {'functional_group': 'carboxylate', 'smiles_inds': [20]}, {'functional_group': 'carboxylate', 'smiles_inds': [12]}, {'functional_group': 'cyano', 'smiles_inds': [2]}, {'functional_group': 'trifluro', 'smiles_inds': [23]}, {'functional_group': 'amino', 'smiles_inds': [0]}, {'functional_group': 'chloro', 'smiles_inds': [4]}, {'functional_group': 'cyano', 'smiles_inds': [6]}, {'functional_group': 'carboxylate', 'smiles_inds': [25]}]",0.9999990373213842
17,top,CC[NH+]1CCN(CC1)c1cc2N(C=C(C(=O)[O-])C(=O)c2cc1F)C1CC1,"[18, 16]","[{'functional_group': 'methyl', 'smiles_inds': [9]}, {'functional_group': 'iodo', 'smiles_inds': [7]}, {'functional_group': 'carboxylate', 'smiles_inds': [20]}, {'functional_group': 'carboxylate', 'smiles_inds': [12]}, {'functional_group': 'cyano', 'smiles_inds': [2]}, {'functional_group': 'trifluro', 'smiles_inds': [23]}, {'functional_group': 'amino', 'smiles_inds': [0]}, {'functional_group': 'chloro', 'smiles_inds': [4]}, {'functional_group': 'cyano', 'smiles_inds': [6]}, {'functional_group': 'carboxylate', 'smiles_inds': [24]}]",0.9999990373213842
17,top,CC[NH+]1CCN(CC1)c1cc2N(C=C(C(=O)[O-])C(=O)c2cc1F)C1CC1,"[18, 16]","[{'functional_group': 'methyl', 'smiles_inds': [9]}, {'functional_group': 'iodo', 'smiles_inds': [7]}, {'functional_group': 'carboxylate', 'smiles_inds': [20]}, {'functional_group': 'carboxylate', 'smiles_inds': [12]}, {'functional_group': 'cyano', 'smiles_inds': [2]}, {'functional_group': 'trifluro', 'smiles_inds': [23]}, {'functional_group': 'amino', 'smiles_inds': [0]}, {'functional_group': 'chloro', 'smiles_inds': [4]}, {'functional_group': 'cyano', 'smiles_inds': [6]}, {'functional_group': 'fluoro', 'smiles_inds': [3]}]",0.99999918253914
17,top,CC[NH+]1CCN(CC1)c1cc2N(C=C(C(=O)[O-])C(=O)c2cc1F)C1CC1,"[18, 16]","[{'functional_group': 'methyl', 'smiles_inds': [9]}, {'functional_group': 'iodo', 'smiles_inds': [7]}, {'functional_group': 'carboxylate', 'smiles_inds': [20]}, {'functional_group': 'carboxylate', 'smiles_inds': [12]}, {'functional_group': 'cyano', 'smiles_inds': [2]}, {'functional_group': 'trifluro', 'smiles_inds': [23]}, {'functional_group': 'amino', 'smiles_inds': [0]}, {'functional_group': 'chloro', 'smiles_inds': [4]}, {'functional_group': 'cyano', 'smiles_inds': [6]}, {'functional_group': 'amino', 'smiles_inds': [1]}]",0.9999993817402933
17,top,CC[NH+]1CCN(CC1)c1cc2N(C=C(C(=O)[O-])C(=O)c2cc1F)C1CC1,"[18, 16]","[{'functional_group': 'methyl', 'smiles_inds': [9]}, {'functional_group': 'iodo', 'smiles_inds': [7]}, {'functional_group': 'carboxylate', 'smiles_inds': [20]}, {'functional_group': 'carboxylate', 'smiles_inds': [12]}, {'functional_group': 'cyano', 'smiles_inds': [2]}, {'functional_group': 'trifluro', 'smiles_inds': [23]}, {'functional_group': 'amino', 'smiles_inds': [0]}, {'functional_group': 'chloro', 'smiles_inds': [4]}, {'functional_group': 'cyano', 'smiles_inds': [6]}, {'functional_group': 'amino', 'smiles_inds': [3]}]",0.9999994670787631
17,top,[NH3+]C12CNCCNCC([NH2+]CC3=CSC=C3)(CNCCNC1)CNCCNC2,"[6, 3, 17, 20, 23, 26]","[{'functional_group': 'cyanimide', 'smiles_inds': [22]}, {'functional_group': 'carboxyllic_acid', 'smiles_inds': [2]}]",0.9999996020885877
18,bottom,CCOC(=O)C12C(=O)OCc3ccc4OCCOCCOc5cc(COC(=O)C6(C(=O)OCC)C78c9c%10c%11c%12c%13c%14C%15=C%16c%17c%18c%19c%15c%13c%10c7c%19c7c%18c%10c%13c%17c%15C%16=C%16c%14c%14c%12c%12c%11c%11c%17c%18c%12c%12c%19c%18c%18c%20c%21c%22c(c%13c%13c(c%18%22)c%19C1(c%15%13)C2%16c%14%12)c%10c1c%21c(c(c%17%20)c9%11)C68c71)ccc5OCCOCCOc4c3,"[17, 20, 97, 100, 103, 14]","[{'functional_group': 'amide', 'smiles_inds': [105]}]",2.2710529652054724e-35
18,bottom,CCOC(=O)C12C(=O)OCc3ccc4OCCOCCOc5cc(COC(=O)C6(C(=O)OCC)C78c9c%10c%11c%12c%13c%14C%15=C%16c%17c%18c%19c%15c%13c%10c7c%19c7c%18c%10c%13c%17c%15C%16=C%16c%14c%14c%12c%12c%11c%11c%17c%18c%12c%12c%19c%18c%18c%20c%21c%22c(c%13c%13c(c%18%22)c%19C1(c%15%13)C2%16c%14%12)c%10c1c%21c(c(c%17%20)c9%11)C68c71)ccc5OCCOCCOc4c3,"[17, 20, 97, 100, 103, 14]",[],1.3016027834118397e-34
18,bottom,C1N(CC23c4c5c6c7c8c9c%10c%11c%12c%13c%14c%10c%10c%15c%14c%14c%16c%13c%13c%12c%12c%17c%11c9c9c%11c%17c%17c%12c%12c%13c%13c%16c%16c%14c%14c%15c(c6c8%10)c4c%14c4c%16c6c%13c%12c8c%17c%10c%11c(c79)c5c2c%10c8c6C134)c1ccncc1,[1],"[{'functional_group': '2-hydroxypyridine', 'smiles_inds': [0]}]",5.426350199729761e-34
18,bottom,C1N(CC23c4c5c6c7c8c9c%10c%11c%12c%13c%14c%10c%10c%15c%14c%14c%16c%13c%13c%12c%12c%17c%11c9c9c%11c%17c%17c%12c%12c%13c%13c%16c%16c%14c%14c%15c(c6c8%10)c4c%14c4c%16c6c%13c%12c8c%17c%10c%11c(c79)c5c2c%10c8c6C134)c1ccncc1,[1],[],1.2552410898300896e-33
18,bottom,CN1CC23c4c5c6c7c8c9c%10c%11c%12c%13c%14c%10c%10c%15c%14c%14c%16c%13c%13c%12c%12c%17c%11c9c9c%11c%17c%17c%12c%12c%13c%13c%16c%16c%14c%14c%15c(c6c8%10)c4c%14c4c%16c6c%13c%12c8c%17c%10c%11c(c79)c5c2c%10c8c6C34C1c1ccncc1,[67],[],3.1094202778091557e-33
18,bottom,N1C(c2ccccn2)C23C4=C5C6=C7C8=C9c%10c%11c%12c%13c%14c%10c8c8c%10c%14c%14c%13c%13c%15c%12c%12c%11c%11C9=C6C6=C4C4=C9c(c%12c%12c%15c%15c%13c%13c%14c%14c%10c%10c8c7c5c5c%10c7c%14c%13c8c%15c(c9%12)C(=C24)c8c7C35C1c1ccccn1)c%116,[0],"[{'functional_group': 'cyano', 'smiles_inds': [72]}]",9.038870785271053e-33
18,bottom,[O-]c1ccccc1C1=NOC23c4c5c6c7c8c9c%10c%11c%12c%13c%14c%10c%10c%15c%14c%14c%16c%13c%13c%12c%12c%17c%11c9c9c%11c%17c%17c%12c%12c%13c%13c%16c%16c%14c%14c%15c(c6c8%10)c4c%14c4c%16c6c%13c%12c8c%17c%10c%11c(c79)c5c2c%10c8c6C134,"[8, 0]","[{'functional_group': 'ether', 'smiles_inds': [4]}]",2.707743555590466e-31
18,bottom,[O-]c1ccccc1C1=NOC23c4c5c6c7c8c9c%10c%11c%12c%13c%14c%10c%10c%15c%14c%14c%16c%13c%13c%12c%12c%17c%11c9c9c%11c%17c%17c%12c%12c%13c%13c%16c%16c%14c%14c%15c(c6c8%10)c4c%14c4c%16c6c%13c%12c8c%17c%10c%11c(c79)c5c2c%10c8c6C134,"[8, 0]","[{'functional_group': 'cyanimide', 'smiles_inds': [2]}]",3.9525409257123944e-31
18,bottom,CP(CCP(C)c1c(cc(cc1C([Si](C)(C)C)[Si](C)(C)C)C([Si](C)(C)C)([Si](C)(C)C)[Si](C)(C)C)C([Si](C)(C)C)[Si](C)(C)C)c1c(cc(cc1C([Si](C)(C)C)[Si](C)(C)C)C([Si](C)(C)C)([Si](C)(C)C)[Si](C)(C)C)C([Si-](C)C)[Si](C)(C)C,"[4, 72, 1]","[{'functional_group': 'amide', 'smiles_inds': [36]}, {'functional_group': 'aldehyde', 'smiles_inds': [38]}]",1.936026728074962e-28
18,bottom,C[Si](C)(C)C(c1cc(C([Si](C)(C)C)[Si](C)(C)C)c([Se]c2ccccc2Sc2ccccc2Sc2ccccc2[Se]c2c(cc(cc2C([Si](C)(C)C)[Si](C)(C)C)C([Si](C)(C)C)[Si](C)(C)C)C([Si](C)(C)C)[Si](C)(C)C)c(c1)C([Si](C)(C)C)[Si](C)(C)C)[Si](C)(C)C,"[25, 32]",[],3.8125571440057718e-28
18,bottom,C[Si](C)(C)C(c1cc(C([Si](C)(C)C)[Si](C)(C)C)c(Sc2ccccc2[Se]c2ccccc2[Se]c2ccccc2Sc2c(cc(cc2C([Si](C)(C)C)[Si](C)(C)C)C([Si](C)(C)C)[Si](C)(C)C)C([Si](C)(C)C)[Si](C)(C)C)c(c1)C([Si](C)(C)C)[Si](C)(C)C)[Si](C)(C)C,"[25, 32]","[{'functional_group': 'ether', 'smiles_inds': [82]}, {'functional_group': 'iodo', 'smiles_inds': [78]}]",1.2496434449345946e-27
18,bottom,C[Si](C)(C)c1cc(cc(c1)[Si](C)(C)C)C(C(=O)Nc1cccc(NC(=O)C(c2cc(cc(c2)[Si](C)(C)C)[Si](C)(C)C)(c2cc(cc(c2)[Si](C)(C)C)[Si](C)(C)C)c2cc(cc(c2)[Si](C)(C)C)[Si](C)(C)C)c1[S-])(c1cc(cc(c1)[Si](C)(C)C)[Si](C)(C)C)c1cc(cc(c1)[Si](C)(C)C)[Si](C)(C)C,"[70, 16]","[{'functional_group': 'trichloro', 'smiles_inds': [58]}]",5.601869159309426e-27
18,bottom,Cc1cc(C)c(B(CCCP(CCCB(c2c(C)cc(C)cc2C)c2c(C)cc(C)cc2C)CCP(CCCB(c2c(C)cc(C)cc2C)c2c(C)cc(C)cc2C)CCCB(c2c(C)cc(C)cc2C)c2c(C)cc(C)cc2C)c2c(C)cc(C)cc2C)c(C)c1,"[35, 10]",[],1.775681813559066e-24
18,bottom,Cc1cc(C)c(B(CCCP(CCCB(c2c(C)cc(C)cc2C)c2c(C)cc(C)cc2C)CCP(CCCB(c2c(C)cc(C)cc2C)c2c(C)cc(C)cc2C)CCCB(c2c(C)cc(C)cc2C)c2c(C)cc(C)cc2C)c2c(C)cc(C)cc2C)c(C)c1,"[35, 10]","[{'functional_group': 'hydroxyl', 'smiles_inds': [91]}, {'functional_group': 'ketone', 'smiles_inds': [52]}]",8.35668517784239e-24
18,bottom,CCCCCC1c2cc3C(CCCCC)c4cc5C(CCCCC)c6cc7C(CCCCC)c8cc1c1OCOc2cc3OCOc4c(P(c2ccccc2)c2ccccc2)c5OCOc6cc7OCOc8c1OCc1cccc(COc2c3OCOc4cc5OCOc6c7cc8C(CCCCC)c9cc%10C(CCCCC)c(cc3C(CCCCC)c4cc5C7CCCCC)c2OCOc%10cc9OCOc8c6P(c2ccccc2)c2ccccc2)c1,"[48, 142]","[{'functional_group': 'thiol', 'smiles_inds': [155]}]",3.522244442849786e-22
18,bottom,CCCCCC1c2cc3C(CCCCC)c4cc5C(CCCCC)c6cc7C(CCCCC)c8cc1c1OCOc2cc3OCOc4c(P(c2ccccc2)c2ccccc2)c5OCOc6cc7OCOc8c1OCc1cccc(COc2c3OCOc4cc5OCOc6c7cc8C(CCCCC)c9cc%10C(CCCCC)c(cc3C(CCCCC)c4cc5C7CCCCC)c2OCOc%10cc9OCOc8c6P(c2ccccc2)c2ccccc2)c1,"[48, 142]",[],7.162740297346712e-22
18,bottom,C[Si](C)(CCC(F)(F)C(F)(F)C(F)(F)C(F)(F)C(F)(F)C(F)(F)F)c1ccc(cc1)P(CCP(c1ccc(cc1)[Si](C)(C)CCC(F)(F)C(F)(F)C(F)(F)C(F)(F)C(F)(F)C(F)(F)F)c1ccc(cc1)[Si](C)(C)CCC(F)(F)C(F)(F)C(F)(F)C(F)(F)C(F)(F)C(F)(F)F)c1ccc(cc1)[Si](C)(C)CCC(F)(F)C(F)(F)C(F)(F)C(F)(F)C(F)(F)C(F)(F)F,"[30, 33]","[{'functional_group': 'carboxyllic_acid', 'smiles_inds': [4]}]",5.6101528564133875e-21
18,bottom,CC(C)(C)c1cc2c3cc(cc4c5cc(cc6c7cc(cc8c9cc(cc%10c%11cc(cc%12c(c1)c2c1c(c34)c(c56)c(c78)c(c9%10)c1c%11%12)C(C)(C)C)C(C)(C)C)C(C)(C)C)C(C)(C)C)P(c1ccccc1)c1ccccc1,[62],"[{'functional_group': '2-methylbenzoic_acid', 'smiles_inds': [52]}, {'functional_group': 'ether', 'smiles_inds': [15]}]",1.731890734422865e-19
18,bottom,CC(C)(C)c1cc(CP(C23CC4CC(CC(C4)C2)C3)C23CC4CC(CC(C4)C2)C3)c2[N-]c3c(CP(C45CC6CC(CC(C6)C4)C5)C45CC6CC(CC(C6)C4)C5)cc(cc3c2c1)C(C)(C)C,"[34, 8, 30]","[{'functional_group': 'iodo', 'smiles_inds': [24]}, {'functional_group': '2-hydroxypyridine', 'smiles_inds': [47]}, {'functional_group': 'aldehyde', 'smiles_inds': [51]}]",1.9252999728484888e-19
18,bottom,COc1ccc2ccccc2c1c1c2ccccc2ccc1c1nc2c(ccc(c3ccc(C)cc3)c2nc1c1nc2c(ccc(c3ccc(C)cc3)c2nc1c1nc2c(ccc(c3ccc(C)cc3)c2nc1c1nc2c(ccc(c3ccc(C)cc3)c2nc1c1nc2c(ccc(c3ccc(C)cc3)c2n[c-]1)c1ccc(C)cc1)c1ccc(C)cc1)c1ccc(C)cc1)c1ccc(C)cc1)c1ccc(C)cc1,"[106, 88]","[{'functional_group': 'hydroxyl', 'smiles_inds': [103]}]",2.1800384352219544e-19
18,median,CN(C)C(=O)C([O-])(c1ccccc1)c1ccccc1,"[4, 6]","[{'functional_group': 'cyano', 'smiles_inds': [15]}]",0.2476226403573966
18,median,CCC(=N)[N-]C(Nc1ccccc1)=Nc1ccccc1,"[3, 13]","[{'functional_group': 'amide', 'smiles_inds': [15]}]",0.2476371311791213
18,median,CCOC(=O)c1ccnc(CO)c1,"[11, 8]","[{'functional_group': 'bromo', 'smiles_inds': [6]}]",0.24767232440702602
18,median,CC(C)[Si](C#Cc1cc(nc(c1)c1ccccn1)c1ccccn1)(C(C)C)C(C)C,"[17, 9, 23]","[{'functional_group': 'carboxyllic_acid', 'smiles_inds': [19]}, {'functional_group': 'ketone', 'smiles_inds': [20]}]",0.24767746127434184
18,median,C(Nc1nc[nH+]c2N=CNc12)C1=CC=CO1,[7],"[{'functional_group': 'hydroxyl', 'smiles_inds': [12]}, {'functional_group': 'carboxylate', 'smiles_inds': [14]}]",0.2476898278398524
18,median,O=C1C=Cc2cccc3cccc1c23,[0],[],0.24775719360885606
18,median,c1cc([c-]c(c1)C12N=CC3C4C1[S+2]234)C12N=CC3C4C1[S+2]234,"[7, 14, 3]","[{'functional_group': 'carboxylate', 'smiles_inds': [5]}, {'functional_group': 'carboxylate', 'smiles_inds': [0]}, {'functional_group': 'tribromo', 'smiles_inds': [8]}, {'functional_group': 'amide', 'smiles_inds': [1]}, {'functional_group': 'amide', 'smiles_inds': [18]}]",0.24779096880873017
18,median,S1C=C(P(c2ccccc2)c2ccccc2)C(=C1)P(c1ccccc1)c1ccccc1,"[3, 18]","[{'functional_group': 'methyl_ester', 'smiles_inds': [24]}, {'functional_group': 'carboxylate', 'smiles_inds': [15]}]",0.24787199705925375
18,median,[NH3+]Cc1ccncc1,[5],"[{'functional_group': 'amino', 'smiles_inds': [3]}]",0.24796716395151022
18,median,S=C([S-])C1=CNC=N1,"[2, 7]","[{'functional_group': 'chloro', 'smiles_inds': [4]}, {'functional_group': '2-methylbenzoic_acid', 'smiles_inds': [5]}]",0.24799806653539427
18,median,Cc1cccc(n1)C1=Nc2c(N1)c1ccccc1c1ccccc21,"[6, 8]",[],0.24810984570646943
18,median,CC1(C)N=C(N(O)C1(C)C)c1cc(ccc1[O-])N(=O)=O,"[16, 3]",[],0.2481138094522377
18,median,CC(c1ccccc1)C(=O)N(C)c1cccc[c-]1,"[17, 9]",[],0.2482081870105617
18,median,CC(C)[Si](C#Cc1cc(nc(c1)c1ccccn1)c1ccccn1)(C(C)C)C(C)C,"[17, 9, 23]","[{'functional_group': 'amide', 'smiles_inds': [22]}]",0.24822456794751635
18,median,Brc1ccc([O-])c(C=NC23CC4CC(CC(C4)C2)C3)c1,"[8, 5]",[],0.24825985029420436
18,median,CNC1CCNC1,"[5, 1]","[{'functional_group': 'methyl_ester', 'smiles_inds': [4]}]",0.24829946355027283
18,median,N#Cc1cnn(Bn2cc(cn2)C#N)c1,"[4, 11]","[{'functional_group': 'methyl', 'smiles_inds': [14]}, {'functional_group': 'trifluro', 'smiles_inds': [10]}]",0.24840780198033258
18,median,CSCC(=O)[N-]CCc1ccccn1,"[13, 5, 1]","[{'functional_group': 'ketone', 'smiles_inds': [11]}, {'functional_group': 'carboxyl', 'smiles_inds': [0]}, {'functional_group': 'aldehyde', 'smiles_inds': [10]}]",0.24842151843747304
18,median,Fc1cccc(C=NCCN(CCN=Cc2cccc(F)n2)CCN=Cc2cccc(F)n2)n1,"[33, 7, 21, 13, 32, 24]",[],0.24843097399376213
18,median,NN1N=CN=N1,[4],"[{'functional_group': 'ethyl_ester', 'smiles_inds': [0]}, {'functional_group': 'carboxyl', 'smiles_inds': [3]}]",0.24843954109191957
18,top,CC[NH+]1CCN(CC1)c1cc2N(C=C(C(=O)[O-])C(=O)c2cc1F)C1CC1,"[18, 16]","[{'functional_group': 'methyl', 'smiles_inds': [9]}, {'functional_group': 'iodo', 'smiles_inds': [7]}, {'functional_group': 'carboxylate', 'smiles_inds': [20]}, {'functional_group': 'carboxylate', 'smiles_inds': [12]}, {'functional_group': 'cyano', 'smiles_inds': [2]}, {'functional_group': 'trifluro', 'smiles_inds': [23]}, {'functional_group': 'amino', 'smiles_inds': [0]}, {'functional_group': 'chloro', 'smiles_inds': [4]}, {'functional_group': 'cyano', 'smiles_inds': [6]}, {'functional_group': 'trifluro', 'smiles_inds': [24]}]",0.999995086816628
18,top,CC[NH+]1CCN(CC1)c1cc2N(C=C(C(=O)[O-])C(=O)c2cc1F)C1CC1,"[18, 16]","[{'functional_group': 'methyl', 'smiles_inds': [9]}, {'functional_group': 'iodo', 'smiles_inds': [7]}, {'functional_group': 'carboxylate', 'smiles_inds': [20]}, {'functional_group': 'carboxylate', 'smiles_inds': [12]}, {'functional_group': 'cyano', 'smiles_inds': [2]}, {'functional_group': 'trifluro', 'smiles_inds': [23]}, {'functional_group': 'amino', 'smiles_inds': [0]}, {'functional_group': 'chloro', 'smiles_inds': [4]}, {'functional_group': 'cyano', 'smiles_inds': [6]}, {'functional_group': 'methyl', 'smiles_inds': [24]}]",0.9999952708462172
18,top,CCN1C=C(C(=O)[O-])C(=O)C2=C1C1=N[Se]N=C1C=C2,"[7, 9]","[{'functional_group': 'carboxylate', 'smiles_inds': [17]}, {'functional_group': 'fluoro', 'smiles_inds': [18]}, {'functional_group': 'chloro', 'smiles_inds': [0]}]",0.9999954752840485
18,top,Cc1ncc(CO)c(C=NCN(CN=Cc2c(CO)cnc(C)c2[O-])CN=Cc2c(CO)cnc(C)c2[O-])c1[O-],"[39, 9, 37, 26, 24, 13]","[{'functional_group': 'amino', 'smiles_inds': [35]}, {'functional_group': 'ether', 'smiles_inds': [25]}, {'functional_group': 'methyl', 'smiles_inds': [12]}]",0.9999955263594722
18,top,CC[NH+]1CCN(CC1)c1cc2N(C=C(C(=O)[O-])C(=O)c2cc1F)C1CC1,"[18, 16]","[{'functional_group': 'methyl', 'smiles_inds': [9]}, {'functional_group': 'iodo', 'smiles_inds': [7]}, {'functional_group': 'carboxylate', 'smiles_inds': [20]}, {'functional_group': 'carboxylate', 'smiles_inds': [12]}, {'functional_group': 'cyano', 'smiles_inds': [2]}, {'functional_group': 'trifluro', 'smiles_inds': [23]}, {'functional_group': 'amino', 'smiles_inds': [0]}, {'functional_group': 'chloro', 'smiles_inds': [4]}, {'functional_group': 'cyano', 'smiles_inds': [6]}, {'functional_group': 'trifluro', 'smiles_inds': [1]}]",0.9999959619482691
18,top,CC12CNCN(CNC1)CC1(C)CNCC(CNC2)(CNC1)N(=O)=O,"[3, 17, 7, 5, 13, 20]",[],0.999996044564851
18,top,CC[NH+]1CCN(CC1)c1cc2N(C=C(C(=O)[O-])C(=O)c2cc1F)C1CC1,"[18, 16]","[{'functional_group': 'methyl', 'smiles_inds': [9]}, {'functional_group': 'iodo', 'smiles_inds': [7]}, {'functional_group': 'carboxylate', 'smiles_inds': [20]}, {'functional_group': 'carboxylate', 'smiles_inds': [12]}, {'functional_group': 'cyano', 'smiles_inds': [2]}, {'functional_group': 'trifluro', 'smiles_inds': [23]}, {'functional_group': 'amino', 'smiles_inds': [0]}, {'functional_group': 'chloro', 'smiles_inds': [4]}, {'functional_group': 'cyano', 'smiles_inds': [6]}, {'functional_group': 'carboxylate', 'smiles_inds': [3]}, {'functional_group': '2-hydroxypyridine', 'smiles_inds': [1]}]",0.9999970178155938
18,top,CC[NH+]1CCN(CC1)c1cc2N(C=C(C(=O)[O-])C(=O)c2cc1F)C1CC1,"[18, 16]","[{'functional_group': 'methyl', 'smiles_inds': [9]}, {'functional_group': 'iodo', 'smiles_inds': [7]}, {'functional_group': 'carboxylate', 'smiles_inds': [20]}, {'functional_group': 'carboxylate', 'smiles_inds': [12]}, {'functional_group': 'cyano', 'smiles_inds': [2]}, {'functional_group': 'trifluro', 'smiles_inds': [23]}, {'functional_group': 'amino', 'smiles_inds': [0]}, {'functional_group': 'chloro', 'smiles_inds': [4]}, {'functional_group': 'cyano', 'smiles_inds': [6]}, {'functional_group': 'hydroxyl', 'smiles_inds': [24]}]",0.9999970229037332
18,top,CC[NH+]1CCN(CC1)c1cc2N(C=C(C(=O)[O-])C(=O)c2cc1F)C1CC1,"[18, 16]","[{'functional_group': 'methyl', 'smiles_inds': [9]}, {'functional_group': 'iodo', 'smiles_inds': [7]}, {'functional_group': 'carboxylate', 'smiles_inds': [20]}, {'functional_group': 'carboxylate', 'smiles_inds': [12]}, {'functional_group': 'cyano', 'smiles_inds': [2]}, {'functional_group': 'trifluro', 'smiles_inds': [23]}, {'functional_group': 'amino', 'smiles_inds': [0]}, {'functional_group': 'chloro', 'smiles_inds': [4]}, {'functional_group': 'cyano', 'smiles_inds': [6]}, {'functional_group': 'hydroxyl', 'smiles_inds': [25]}]",0.9999970229037332
18,top,CC[NH+]1CCN(CC1)c1cc2N(C=C(C(=O)[O-])C(=O)c2cc1F)C1CC1,"[18, 16]","[{'functional_group': 'methyl', 'smiles_inds': [9]}, {'functional_group': 'iodo', 'smiles_inds': [7]}, {'functional_group': 'carboxylate', 'smiles_inds': [20]}, {'functional_group': 'carboxylate', 'smiles_inds': [12]}, {'functional_group': 'cyano', 'smiles_inds': [2]}, {'functional_group': 'trifluro', 'smiles_inds': [23]}, {'functional_group': 'amino', 'smiles_inds': [0]}, {'functional_group': 'chloro', 'smiles_inds': [4]}, {'functional_group': 'cyano', 'smiles_inds': [6]}, {'functional_group': '2-hydroxypyridine', 'smiles_inds': [25]}]",0.9999970591421534
18,top,CC[NH+]1CCN(CC1)c1cc2N(C=C(C(=O)[O-])C(=O)c2cc1F)C1CC1,"[18, 16]","[{'functional_group': 'methyl', 'smiles_inds': [9]}, {'functional_group': 'iodo', 'smiles_inds': [7]}, {'functional_group': 'carboxylate', 'smiles_inds': [20]}, {'functional_group': 'carboxylate', 'smiles_inds': [12]}, {'functional_group': 'cyano', 'smiles_inds': [2]}, {'functional_group': 'trifluro', 'smiles_inds': [23]}, {'functional_group': 'amino', 'smiles_inds': [0]}, {'functional_group': 'chloro', 'smiles_inds': [4]}, {'functional_group': 'cyano', 'smiles_inds': [6]}, {'functional_group': 'cyano', 'smiles_inds': [25]}]",0.9999974905574617
18,top,CC[NH+]1CCN(CC1)c1cc2N(C=C(C(=O)[O-])C(=O)c2cc1F)C1CC1,"[18, 16]","[{'functional_group': 'methyl', 'smiles_inds': [9]}, {'functional_group': 'iodo', 'smiles_inds': [7]}, {'functional_group': 'carboxylate', 'smiles_inds': [20]}, {'functional_group': 'carboxylate', 'smiles_inds': [12]}, {'functional_group': 'cyano', 'smiles_inds': [2]}, {'functional_group': 'trifluro', 'smiles_inds': [23]}, {'functional_group': 'amino', 'smiles_inds': [0]}, {'functional_group': 'chloro', 'smiles_inds': [4]}, {'functional_group': 'cyano', 'smiles_inds': [6]}, {'functional_group': 'ether', 'smiles_inds': [24]}, {'functional_group': 'chloro', 'smiles_inds': [1]}, {'functional_group': 'hydroxyl', 'smiles_inds': [25]}]",0.999997547214632
18,top,CC[NH+]1CCN(CC1)c1cc2N(C=C(C(=O)[O-])C(=O)c2cc1F)C1CC1,"[18, 16]","[{'functional_group': 'methyl', 'smiles_inds': [9]}, {'functional_group': 'iodo', 'smiles_inds': [7]}, {'functional_group': 'carboxylate', 'smiles_inds': [20]}, {'functional_group': 'carboxylate', 'smiles_inds': [12]}, {'functional_group': 'cyano', 'smiles_inds': [2]}, {'functional_group': 'trifluro', 'smiles_inds': [23]}, {'functional_group': 'amino', 'smiles_inds': [0]}, {'functional_group': 'chloro', 'smiles_inds': [4]}, {'functional_group': 'cyano', 'smiles_inds': [6]}, {'functional_group': 'bromo', 'smiles_inds': [24]}]",0.9999977120815727
18,top,CC[NH+]1CCN(CC1)c1cc2N(C=C(C(=O)[O-])C(=O)c2cc1F)C1CC1,"[18, 16]","[{'functional_group': 'methyl', 'smiles_inds': [9]}, {'functional_group': 'iodo', 'smiles_inds': [7]}, {'functional_group': 'carboxylate', 'smiles_inds': [20]}, {'functional_group': 'carboxylate', 'smiles_inds': [12]}, {'functional_group': 'cyano', 'smiles_inds': [2]}, {'functional_group': 'trifluro', 'smiles_inds': [23]}, {'functional_group': 'amino', 'smiles_inds': [0]}, {'functional_group': 'chloro', 'smiles_inds': [4]}, {'functional_group': 'cyano', 'smiles_inds': [6]}, {'functional_group': 'amino', 'smiles_inds': [25]}]",0.9999978268602815
18,top,CC[NH+]1CCN(CC1)c1cc2N(C=C(C(=O)[O-])C(=O)c2cc1F)C1CC1,"[18, 16]","[{'functional_group': 'methyl', 'smiles_inds': [9]}, {'functional_group': 'iodo', 'smiles_inds': [7]}, {'functional_group': 'carboxylate', 'smiles_inds': [20]}, {'functional_group': 'carboxylate', 'smiles_inds': [12]}, {'functional_group': 'cyano', 'smiles_inds': [2]}, {'functional_group': 'trifluro', 'smiles_inds': [23]}, {'functional_group': 'amino', 'smiles_inds': [0]}, {'functional_group': 'chloro', 'smiles_inds': [4]}, {'functional_group': 'cyano', 'smiles_inds': [6]}, {'functional_group': '2-hydroxypyridine', 'smiles_inds': [3]}]",0.9999982689645148
18,top,CC[NH+]1CCN(CC1)c1cc2N(C=C(C(=O)[O-])C(=O)c2cc1F)C1CC1,"[18, 16]","[{'functional_group': 'methyl', 'smiles_inds': [9]}, {'functional_group': 'iodo', 'smiles_inds': [7]}, {'functional_group': 'carboxylate', 'smiles_inds': [20]}, {'functional_group': 'carboxylate', 'smiles_inds': [12]}, {'functional_group': 'cyano', 'smiles_inds': [2]}, {'functional_group': 'trifluro', 'smiles_inds': [23]}, {'functional_group': 'amino', 'smiles_inds': [0]}, {'functional_group': 'chloro', 'smiles_inds': [4]}, {'functional_group': 'cyano', 'smiles_inds': [6]}, {'functional_group': 'fluoro', 'smiles_inds': [24]}]",0.9999983339817539
18,top,CC[NH+]1CCN(CC1)c1cc2N(C=C(C(=O)[O-])C(=O)c2cc1F)C1CC1,"[18, 16]","[{'functional_group': 'methyl', 'smiles_inds': [9]}, {'functional_group': 'iodo', 'smiles_inds': [7]}, {'functional_group': 'carboxylate', 'smiles_inds': [20]}, {'functional_group': 'carboxylate', 'smiles_inds': [12]}, {'functional_group': 'cyano', 'smiles_inds': [2]}, {'functional_group': 'trifluro', 'smiles_inds': [23]}, {'functional_group': 'amino', 'smiles_inds': [0]}, {'functional_group': 'chloro', 'smiles_inds': [4]}, {'functional_group': 'cyano', 'smiles_inds': [6]}, {'functional_group': 'fluoro', 'smiles_inds': [3]}]",0.9999987741244207
18,top,CC[NH+]1CCN(CC1)c1cc2N(C=C(C(=O)[O-])C(=O)c2cc1F)C1CC1,"[18, 16]","[{'functional_group': 'methyl', 'smiles_inds': [9]}, {'functional_group': 'iodo', 'smiles_inds': [7]}, {'functional_group': 'carboxylate', 'smiles_inds': [20]}, {'functional_group': 'carboxylate', 'smiles_inds': [12]}, {'functional_group': 'cyano', 'smiles_inds': [2]}, {'functional_group': 'trifluro', 'smiles_inds': [23]}, {'functional_group': 'amino', 'smiles_inds': [0]}, {'functional_group': 'chloro', 'smiles_inds': [4]}, {'functional_group': 'cyano', 'smiles_inds': [6]}, {'functional_group': 'ether', 'smiles_inds': [24]}, {'functional_group': 'amino', 'smiles_inds': [1]}]",0.9999989252678467
18,top,CC[NH+]1CCN(CC1)c1cc2N(C=C(C(=O)[O-])C(=O)c2cc1F)C1CC1,"[18, 16]","[{'functional_group': 'methyl', 'smiles_inds': [9]}, {'functional_group': 'iodo', 'smiles_inds': [7]}, {'functional_group': 'carboxylate', 'smiles_inds': [20]}, {'functional_group': 'carboxylate', 'smiles_inds': [12]}, {'functional_group': 'cyano', 'smiles_inds': [2]}, {'functional_group': 'trifluro', 'smiles_inds': [23]}, {'functional_group': 'amino', 'smiles_inds': [0]}, {'functional_group': 'chloro', 'smiles_inds': [4]}, {'functional_group': 'cyano', 'smiles_inds': [6]}, {'functional_group': 'chloro', 'smiles_inds': [1]}]",0.9999989922966003
18,top,CN1C=CN=C1C=NCC(C)(CN=CC1=NC=CN1C)CN=CC1=NC=CN1C,"[7, 21, 4, 24, 12, 15]","[{'functional_group': 'carboxylate', 'smiles_inds': [10]}, {'functional_group': 'cyanimide', 'smiles_inds': [20]}]",0.9999992962408847
19,bottom,C[Si](C)(C)c1cc(cc(c1)[Si](C#CP(C#C[Si](c1cc(cc(c1)[Si](C)(C)C)[Si](C)(C)C)(c1cc(cc(c1)[Si](C)(C)C)[Si](C)(C)C)c1cc(cc(c1)[Si](C)(C)C)[Si](C)(C)C)C#C[Si](c1cc(cc(c1)[Si](C)(C)C)[Si](C)(C)C)(c1cc(cc(c1)[Si](C)(C)C)[Si](C)(C)C)c1cc(cc(c1)[Si](C)(C)C)[Si](C)(C)C)(c1cc(cc(c1)[Si](C)(C)C)[Si](C)(C)C)c1cc(cc(c1)[Si](C)(C)C)[Si](C)(C)C)[Si](C)(C)C,[13],"[{'functional_group': 'trifluro', 'smiles_inds': [43]}, {'functional_group': 'bromo', 'smiles_inds': [117]}]",2.335701257147631e-43
19,bottom,CN1CC23c4c5c6c7c8c9c%10c%11c%12c%13c%14c%10c%10c%15c%14c%14c%16c%13c%13c%12c%12c%17c%11c9c9c%11c%17c%17c%12c%12c%13c%13c%16c%16c%14c%14c%15c(c6c8%10)c4c%14c4c%16c6c%13c%12c8c%17c%10c%11c(c79)c5c2c%10c8c6C34C1c1ccncc1,[67],"[{'functional_group': 'methyl_ester', 'smiles_inds': [0]}]",6.23562349150575e-35
19,bottom,CCOC(=O)C1=C(OC23c4c5c6c7c8c9c%10C%11=C%12C%13=C%14C%15=C%16C%17=C%18C%19=C%20C%21=C(c4c4c6c8c6c%10C(=C%19c6c%214)C%17=C%11%15)C4=C6C%20=C%18C8=C%16c%10c%14c%11c%13c%13c(c9%12)c7c7c%13c9c%11c%11c%10c8c6c(c%11c9c2c57)C134)c1ccncc1,[71],"[{'functional_group': '2-hydroxypyridine', 'smiles_inds': [69]}, {'functional_group': 'carboxylate', 'smiles_inds': [73]}]",3.960425018625272e-34
19,bottom,CC(C)(C)c1cc2c3cc(cc4c5cc(cc6c7cc(cc8c9cc(cc%10c%11cc(cc%12c(c1)c2c1c(c34)c(c56)c(c78)c(c9%10)c1c%11%12)C(C)(C)C)C(C)(C)C)C(C)(C)C)C(C)(C)C)P(c1ccccc1)c1cc2c3cc(cc4c5cc(cc6c7cc(cc8c9cc(cc%10c%11cc(cc%12c(c1)c2c1c(c34)c(c56)c(c78)c(c9%10)c1c%11%12)C(C)(C)C)C(C)(C)C)C(C)(C)C)C(C)(C)C)C(C)(C)C,[62],"[{'functional_group': 'methyl_ester', 'smiles_inds': [47]}]",2.0852331552546805e-33
19,bottom,CC1(N=C(c2ccccc2)C23C4=C5C6=C7C8=C9C%10=C%11C%12=C%13C%14=C%11C8=C6C6=C4C4=C8C%11=C%15C%16=C(C%17=C%12C%12=C%10C%10=C9C9=C7C7=C5C2=C2C5=C%18C%19=C%20C(=C%12C%17=C%12C%20=C%17C(=C%16%12)C%11=C(C2=C%18%17)C138)C%10=C%19C9=C75)C%13=C%15C4=C%146)C(=O)[O-],"[72, 2]","[{'functional_group': 'ketone', 'smiles_inds': [8]}]",3.867818737007149e-33
19,bottom,C[Si](C)(C)C(c1cc(C([Si](C)(C)C)[Si](C)(C)C)c([Se]c2ccccc2Sc2ccccc2Sc2ccccc2[Se]c2c(cc(cc2C([Si](C)(C)C)[Si](C)(C)C)C([Si](C)(C)C)[Si](C)(C)C)C([Si](C)(C)C)[Si](C)(C)C)c(c1)C([Si](C)(C)C)[Si](C)(C)C)[Si](C)(C)C,"[25, 32]",[],9.680257623271297e-28
19,bottom,C[Si](C)(C)C(c1cc(C([Si](C)(C)C)[Si](C)(C)C)c(Sc2ccccc2[Se]c2ccccc2[Se]c2ccccc2Sc2c(cc(cc2C([Si](C)(C)C)[Si](C)(C)C)C([Si](C)(C)C)[Si](C)(C)C)C([Si](C)(C)C)[Si](C)(C)C)c(c1)C([Si](C)(C)C)[Si](C)(C)C)[Si](C)(C)C,"[25, 32]",[],1.09592565793309e-27
19,bottom,C[Si](C)(C)c1cc(cc(c1)[Si](C)(C)C)C(C(=O)Nc1cccc(NC(=O)C(c2cc(cc(c2)[Si](C)(C)C)[Si](C)(C)C)(c2cc(cc(c2)[Si](C)(C)C)[Si](C)(C)C)c2cc(cc(c2)[Si](C)(C)C)[Si](C)(C)C)c1[S-])(c1cc(cc(c1)[Si](C)(C)C)[Si](C)(C)C)c1cc(cc(c1)[Si](C)(C)C)[Si](C)(C)C,"[70, 16]","[{'functional_group': 'carboxyl', 'smiles_inds': [80]}]",3.822796995718334e-27
19,bottom,Cc1cc(C)c(B(CCCP(CCCB(c2c(C)cc(C)cc2C)c2c(C)cc(C)cc2C)CCP(CCCB(c2c(C)cc(C)cc2C)c2c(C)cc(C)cc2C)CCCB(c2c(C)cc(C)cc2C)c2c(C)cc(C)cc2C)c2c(C)cc(C)cc2C)c(C)c1,"[35, 10]","[{'functional_group': 'phenyl', 'smiles_inds': [52]}]",2.422337701011212e-25
19,bottom,N=P(c1ccccc1c1cc(cc(c1)c1ccccc1P(=[N-])(C12CC3CC(CC(C3)C1)C2)C12CC3CC(CC(C3)C1)C2)c1ccccc1P(=[N-])(C12CC3CC(CC(C3)C1)C2)C12CC3CC(CC(C3)C1)C2)(C12CC3CC(CC(C3)C1)C2)C12CC3CC(CC(C3)C1)C2,"[0, 21, 49]","[{'functional_group': 'carbonyl', 'smiles_inds': [71]}]",7.105984569531223e-25
19,bottom,Cc1cc(C)c(B(CCCP(CCCB(c2c(C)cc(C)cc2C)c2c(C)cc(C)cc2C)CCP(CCCB(c2c(C)cc(C)cc2C)c2c(C)cc(C)cc2C)CCCB(c2c(C)cc(C)cc2C)c2c(C)cc(C)cc2C)c2c(C)cc(C)cc2C)c(C)c1,"[35, 10]","[{'functional_group': 'iodo', 'smiles_inds': [18]}, {'functional_group': 'hydroxyl', 'smiles_inds': [23]}]",1.9519587598327575e-24
19,bottom,Cc1ccc(N)c(c1)C1=C2C(=O)C3=C4C5=C6C7=C8C9=C%10C%11=C%12C%13=C%10C%10=C8C8=C6C4(OOC(C)(C)C)C2=C(O1)C8(O)C%10=C1C(=O)OC2=C4OC(=O)C6=C([O-])c8c3c3c%10c%14c8C8=C%15C%16=C(C4=C68)C(=C%12C%16=C4C(=C%14%15)C6=C%10C(=C53)C7=C9C6=C%114)C2=C%131,"[5, 49, 52]","[{'functional_group': 'iodo', 'smiles_inds': [2]}]",2.048860826738819e-24
19,bottom,Cc1cc(C)c(B(CCCP(CCCB(c2c(C)cc(C)cc2C)c2c(C)cc(C)cc2C)CCP(CCCB(c2c(C)cc(C)cc2C)c2c(C)cc(C)cc2C)CCCB(c2c(C)cc(C)cc2C)c2c(C)cc(C)cc2C)c2c(C)cc(C)cc2C)c(C)c1,"[35, 10]","[{'functional_group': 'carboxylate', 'smiles_inds': [91]}]",2.156748895801514e-23
19,bottom,CCCCCC1c2cc3C(CCCCC)c4cc5C(CCCCC)c6cc7C(CCCCC)c8cc1c1OCOc2cc3OCOc4c(P(c2ccccc2)c2ccccc2)c5OCOc6cc7OCOc8c1OCc1cccc(COc2c3OCOc4cc5OCOc6c7cc8C(CCCCC)c9cc%10C(CCCCC)c(cc3C(CCCCC)c4cc5C7CCCCC)c2OCOc%10cc9OCOc8c6P(c2ccccc2)c2ccccc2)c1,"[48, 142]","[{'functional_group': 'carboxyllic_acid', 'smiles_inds': [66]}]",1.0449003771072525e-22
19,bottom,CCCCCC1c2cc3C(CCCCC)c4cc5C(CCCCC)c6cc7C(CCCCC)c8cc1c1OCOc2cc3OCOc4c(P(c2ccccc2)c2ccccc2)c5OCOc6cc7OCOc8c1OCc1cccc(COc2c3OCOc4cc5OCOc6c7cc8C(CCCCC)c9cc%10C(CCCCC)c(cc3C(CCCCC)c4cc5C7CCCCC)c2OCOc%10cc9OCOc8c6P(c2ccccc2)c2ccccc2)c1,"[48, 142]","[{'functional_group': 'cyano', 'smiles_inds': [138]}, {'functional_group': 'carboxyl', 'smiles_inds': [135]}]",4.32315291413691e-22
19,bottom,CCCCCC1c2cc3C(CCCCC)c4cc5C(CCCCC)c6cc7C(CCCCC)c8cc1c1OCOc2cc3OCOc4c(P(c2ccccc2)c2ccccc2)c5OCOc6cc7OCOc8c1OCc1cccc(COc2c3OCOc4cc5OCOc6c7cc8C(CCCCC)c9cc%10C(CCCCC)c(cc3C(CCCCC)c4cc5C7CCCCC)c2OCOc%10cc9OCOc8c6P(c2ccccc2)c2ccccc2)c1,"[48, 142]",[],5.924667851297731e-22
19,bottom,CCCOc1c2Cc3cc(cc(Cc4cccc(Cc5cc(cc(Cc1ccc2)c5OCCC)c1cccc(c1)c1cc2Cc5cccc(Cc6cc(cc(Cc7cccc(Cc(c1)c2OCCC)c7OCCC)c6OCCC)P(c1ccccc1)c1ccccc1)c5OCCC)c4OCCC)c3OCCC)P(c1ccccc1)c1ccccc1,"[107, 79]","[{'functional_group': '2-hydroxypyridine', 'smiles_inds': [96]}, {'functional_group': '2-methylbenzoic_acid', 'smiles_inds': [109]}, {'functional_group': 'carboxylate', 'smiles_inds': [10]}]",2.941012076403466e-21
19,bottom,C[Si](C)(CCC(F)(F)C(F)(F)C(F)(F)C(F)(F)C(F)(F)C(F)(F)F)c1ccc(cc1)P(CCP(c1ccc(cc1)[Si](C)(C)CCC(F)(F)C(F)(F)C(F)(F)C(F)(F)C(F)(F)C(F)(F)F)c1ccc(cc1)[Si](C)(C)CCC(F)(F)C(F)(F)C(F)(F)C(F)(F)C(F)(F)C(F)(F)F)c1ccc(cc1)[Si](C)(C)CCC(F)(F)C(F)(F)C(F)(F)C(F)(F)C(F)(F)C(F)(F)F,"[30, 33]","[{'functional_group': 'phosphonate', 'smiles_inds': [96]}, {'functional_group': '2-hydroxypyridine', 'smiles_inds': [0]}]",1.5638404422016213e-20
19,bottom,C[Si](C)(C)c1cc(cc(c1)[Si](C)(C)C)P(c1cc(cc(c1)[Si](C)(C)C)[Si](C)(C)C)c1ccccc1P(c1cc(cc(c1)[Si](C)(C)C)[Si](C)(C)C)c1cc(cc(c1)[Si](C)(C)C)[Si](C)(C)C,"[35, 14]","[{'functional_group': 'ketone', 'smiles_inds': [49]}]",1.634738675591447e-19
19,bottom,CC(C)(C)c1cc(CP(C23CC4CC(CC(C4)C2)C3)C23CC4CC(CC(C4)C2)C3)c2[N-]c3c(CP(C45CC6CC(CC(C6)C4)C5)C45CC6CC(CC(C6)C4)C5)cc(cc3c2c1)C(C)(C)C,"[34, 8, 30]","[{'functional_group': 'carbonyl', 'smiles_inds': [0]}]",5.89513316411657e-19
19,median,NC(N)=C(N(=O)=O)N(=O)=O,[0],"[{'functional_group': 'fluoro', 'smiles_inds': [2]}]",0.25279817844706093
19,median,COc1ccccc1N=N[N-]c1ccccc1OC,"[17, 10]",[],0.2528222939435404
19,median,C[NH2+]C(C1=NC=CN1)C1=NC=CN1,"[4, 9]","[{'functional_group': 'carboxyl', 'smiles_inds': [11]}, {'functional_group': 'cyano', 'smiles_inds': [10]}]",0.25309462130731664
19,median,COc1ccc(cc1)C1=NN=C(N1)c1ccccn1,"[10, 18]","[{'functional_group': '2-hydroxypyridine', 'smiles_inds': [14]}]",0.25314123752122814
19,median,CN(c1ccccc1)C(=N)N=NO,"[9, 11]",[],0.2531668232152349
19,median,O=C(NN=Cc1ccc2ccc3cccc4c[c-]c1c2c34)c1ccccc1,"[0, 3, 17]",[],0.2531756177823494
19,median,COP(O)O,[2],"[{'functional_group': 'amino', 'smiles_inds': [4]}]",0.25319957868427934
19,median,CN(C)C(=O)c1ccccc1,"[4, 6]","[{'functional_group': 'aldehyde', 'smiles_inds': [9]}, {'functional_group': 'cyano', 'smiles_inds': [2]}]",0.2532049035735461
19,median,C([N-]c1ccccn1)c1ccccc1,"[7, 1]","[{'functional_group': 'trichloro', 'smiles_inds': [12]}]",0.2532155392655853
19,median,CCN(CC)CCN=C(C)c1cc(Br)c2ccccc2c1[O-],"[7, 2, 21]","[{'functional_group': 'ketone', 'smiles_inds': [6]}]",0.25323282769532596
19,median,Clc1ccc2ccc3cccnc3c2n1,"[14, 11]","[{'functional_group': 'ethyl_ester', 'smiles_inds': [10]}, {'functional_group': 'carboxyl', 'smiles_inds': [2]}]",0.2532581042713388
19,median,[O-]c1ccc2ccccc2c1C=NC1CCCCC1,"[12, 0]",[],0.25338544195619744
19,median,COc1ccc(Nc2cc(nc(c2)c2ccccn2)c2ccccn2)cc1,"[18, 10, 24]","[{'functional_group': 'ethyl', 'smiles_inds': [20]}]",0.2534032489750845
19,median,CCCCCO,[5],"[{'functional_group': 'carbonyl', 'smiles_inds': [4]}]",0.25341426826381086
19,median,COc1ccccc1C=Cc1ccc2cccc([O-])c2n1,"[20, 18]","[{'functional_group': 'cyano', 'smiles_inds': [9]}]",0.25352392133448637
19,median,COC(=O)[C-](Cc1ccccn1)C(=O)OC,"[4, 11]","[{'functional_group': 'trifluro', 'smiles_inds': [5]}]",0.25356466742415296
19,median,N=C(ON=C1CCCC1)c1ccccc1,"[0, 3]","[{'functional_group': '2-hydroxypyridine', 'smiles_inds': [8]}]",0.2535743223503182
19,median,CCCNc1nc[nH+]c2[N-]C=[NH+]c12,[9],"[{'functional_group': 'ether', 'smiles_inds': [3]}]",0.25359170051332364
19,median,CC(C)(C)c1cc(C=NN=C([O-])c2ccccc2)c([O-])c(c1)C(C)(C)C,"[19, 8, 11]","[{'functional_group': 'tribromo', 'smiles_inds': [3]}]",0.25363909823960545
19,median,CC(=O)C=C(C)NCC1=Nc2ccccc2N1,[9],"[{'functional_group': 'methyl_ester', 'smiles_inds': [6]}, {'functional_group': 'methyl', 'smiles_inds': [14]}]",0.2536968633502151
19,top,C1CN=C(S1)N1N=Cc2ccc[c-]c12,"[12, 2]","[{'functional_group': 'cyanimide', 'smiles_inds': [1]}]",0.9999968452176136
19,top,CC[NH+]1CCN(CC1)c1cc2N(C=C(C(=O)[O-])C(=O)c2cc1F)C1CC1,"[18, 16]","[{'functional_group': 'methyl', 'smiles_inds': [9]}, {'functional_group': 'iodo', 'smiles_inds': [7]}, {'functional_group': 'carboxylate', 'smiles_inds': [20]}, {'functional_group': 'carboxylate', 'smiles_inds': [12]}, {'functional_group': 'cyano', 'smiles_inds': [2]}, {'functional_group': 'trifluro', 'smiles_inds': [23]}, {'functional_group': 'amino', 'smiles_inds': [0]}, {'functional_group': 'chloro', 'smiles_inds': [4]}, {'functional_group': 'cyano', 'smiles_inds': [6]}, {'functional_group': '2-hydroxypyridine', 'smiles_inds': [25]}]",0.9999976032094774
19,top,CC[NH+]1CCN(CC1)c1cc2N(C=C(C(=O)[O-])C(=O)c2cc1F)C1CC1,"[18, 16]","[{'functional_group': 'methyl', 'smiles_inds': [9]}, {'functional_group': 'iodo', 'smiles_inds': [7]}, {'functional_group': 'carboxylate', 'smiles_inds': [20]}, {'functional_group': 'carboxylate', 'smiles_inds': [12]}, {'functional_group': 'cyano', 'smiles_inds': [2]}, {'functional_group': 'trifluro', 'smiles_inds': [23]}, {'functional_group': 'amino', 'smiles_inds': [0]}, {'functional_group': 'chloro', 'smiles_inds': [4]}, {'functional_group': 'cyano', 'smiles_inds': [6]}, {'functional_group': 'ether', 'smiles_inds': [24]}, {'functional_group': 'trichloro', 'smiles_inds': [3]}]",0.9999976219079888
19,top,CC[NH+]1CCN(CC1)c1cc2N(C=C(C(=O)[O-])C(=O)c2cc1F)C1CC1,"[18, 16]","[{'functional_group': 'methyl', 'smiles_inds': [9]}, {'functional_group': 'iodo', 'smiles_inds': [7]}, {'functional_group': 'carboxylate', 'smiles_inds': [20]}, {'functional_group': 'carboxylate', 'smiles_inds': [12]}, {'functional_group': 'cyano', 'smiles_inds': [2]}, {'functional_group': 'trifluro', 'smiles_inds': [23]}, {'functional_group': 'amino', 'smiles_inds': [0]}, {'functional_group': 'chloro', 'smiles_inds': [4]}, {'functional_group': 'cyano', 'smiles_inds': [6]}, {'functional_group': 'aldehyde', 'smiles_inds': [3]}]",0.9999976327045449
19,top,CC[NH+]1CCN(CC1)c1cc2N(C=C(C(=O)[O-])C(=O)c2cc1F)C1CC1,"[18, 16]","[{'functional_group': 'methyl', 'smiles_inds': [9]}, {'functional_group': 'iodo', 'smiles_inds': [7]}, {'functional_group': 'carboxylate', 'smiles_inds': [20]}, {'functional_group': 'carboxylate', 'smiles_inds': [12]}, {'functional_group': 'cyano', 'smiles_inds': [2]}, {'functional_group': 'trifluro', 'smiles_inds': [23]}, {'functional_group': 'amino', 'smiles_inds': [0]}, {'functional_group': 'chloro', 'smiles_inds': [4]}, {'functional_group': 'cyano', 'smiles_inds': [6]}, {'functional_group': 'ether', 'smiles_inds': [24]}, {'functional_group': 'fluoro', 'smiles_inds': [3]}]",0.9999976700147185
19,top,CC[NH+]1CCN(CC1)c1cc2N(C=C(C(=O)[O-])C(=O)c2cc1F)C1CC1,"[18, 16]","[{'functional_group': 'methyl', 'smiles_inds': [9]}, {'functional_group': 'iodo', 'smiles_inds': [7]}, {'functional_group': 'carboxylate', 'smiles_inds': [20]}, {'functional_group': 'carboxylate', 'smiles_inds': [12]}, {'functional_group': 'cyano', 'smiles_inds': [2]}, {'functional_group': 'trifluro', 'smiles_inds': [23]}, {'functional_group': 'amino', 'smiles_inds': [0]}, {'functional_group': 'chloro', 'smiles_inds': [4]}, {'functional_group': 'cyano', 'smiles_inds': [6]}, {'functional_group': 'ether', 'smiles_inds': [1]}]",0.9999977116117988
19,top,CN1C=CN=C1C=NCC(C)(CN=CC1=NC=CN1C)CN=CC1=NC=CN1C,"[7, 21, 4, 24, 12, 15]","[{'functional_group': 'cyanimide', 'smiles_inds': [0]}]",0.9999982231493867
19,top,CC[NH+]1CCN(CC1)c1cc2N(C=C(C(=O)[O-])C(=O)c2cc1F)C1CC1,"[18, 16]","[{'functional_group': 'methyl', 'smiles_inds': [9]}, {'functional_group': 'iodo', 'smiles_inds': [7]}, {'functional_group': 'carboxylate', 'smiles_inds': [20]}, {'functional_group': 'carboxylate', 'smiles_inds': [12]}, {'functional_group': 'cyano', 'smiles_inds': [2]}, {'functional_group': 'trifluro', 'smiles_inds': [23]}, {'functional_group': 'amino', 'smiles_inds': [0]}, {'functional_group': 'chloro', 'smiles_inds': [4]}, {'functional_group': 'cyano', 'smiles_inds': [6]}, {'functional_group': 'ether', 'smiles_inds': [24]}, {'functional_group': 'ether', 'smiles_inds': [25]}]",0.9999983351081759
19,top,CC[NH+]1CCN(CC1)c1cc2N(C=C(C(=O)[O-])C(=O)c2cc1F)C1CC1,"[18, 16]","[{'functional_group': 'methyl', 'smiles_inds': [9]}, {'functional_group': 'iodo', 'smiles_inds': [7]}, {'functional_group': 'carboxylate', 'smiles_inds': [20]}, {'functional_group': 'carboxylate', 'smiles_inds': [12]}, {'functional_group': 'cyano', 'smiles_inds': [2]}, {'functional_group': 'trifluro', 'smiles_inds': [23]}, {'functional_group': 'amino', 'smiles_inds': [0]}, {'functional_group': 'chloro', 'smiles_inds': [4]}, {'functional_group': 'cyano', 'smiles_inds': [6]}, {'functional_group': 'iodo', 'smiles_inds': [25]}]",0.9999986233793988
19,top,CC[NH+]1CCN(CC1)c1cc2N(C=C(C(=O)[O-])C(=O)c2cc1F)C1CC1,"[18, 16]","[{'functional_group': 'methyl', 'smiles_inds': [9]}, {'functional_group': 'iodo', 'smiles_inds': [7]}, {'functional_group': 'carboxylate', 'smiles_inds': [20]}, {'functional_group': 'carboxylate', 'smiles_inds': [12]}, {'functional_group': 'cyano', 'smiles_inds': [2]}, {'functional_group': 'trifluro', 'smiles_inds': [23]}, {'functional_group': 'amino', 'smiles_inds': [0]}, {'functional_group': 'chloro', 'smiles_inds': [4]}, {'functional_group': 'cyano', 'smiles_inds': [6]}, {'functional_group': 'phosphonate', 'smiles_inds': [3]}]",0.9999987668202781
19,top,CC[NH+]1CCN(CC1)c1cc2N(C=C(C(=O)[O-])C(=O)c2cc1F)C1CC1,"[18, 16]","[{'functional_group': 'methyl', 'smiles_inds': [9]}, {'functional_group': 'iodo', 'smiles_inds': [7]}, {'functional_group': 'carboxylate', 'smiles_inds': [20]}, {'functional_group': 'carboxylate', 'smiles_inds': [12]}, {'functional_group': 'cyano', 'smiles_inds': [2]}, {'functional_group': 'trifluro', 'smiles_inds': [23]}, {'functional_group': 'amino', 'smiles_inds': [0]}, {'functional_group': 'chloro', 'smiles_inds': [4]}, {'functional_group': 'cyano', 'smiles_inds': [6]}, {'functional_group': 'ether', 'smiles_inds': [3]}]",0.9999987765512734
19,top,CC[NH+]1CCN(CC1)c1cc2N(C=C(C(=O)[O-])C(=O)c2cc1F)C1CC1,"[18, 16]","[{'functional_group': 'methyl', 'smiles_inds': [9]}, {'functional_group': 'iodo', 'smiles_inds': [7]}, {'functional_group': 'carboxylate', 'smiles_inds': [20]}, {'functional_group': 'carboxylate', 'smiles_inds': [12]}, {'functional_group': 'cyano', 'smiles_inds': [2]}, {'functional_group': 'trifluro', 'smiles_inds': [23]}, {'functional_group': 'amino', 'smiles_inds': [0]}, {'functional_group': 'chloro', 'smiles_inds': [4]}, {'functional_group': 'cyano', 'smiles_inds': [6]}, {'functional_group': 'iodo', 'smiles_inds': [3]}]",0.9999987827026592
19,top,CC[NH+]1CCN(CC1)c1cc2N(C=C(C(=O)[O-])C(=O)c2cc1F)C1CC1,"[18, 16]","[{'functional_group': 'methyl', 'smiles_inds': [9]}, {'functional_group': 'iodo', 'smiles_inds': [7]}, {'functional_group': 'carboxylate', 'smiles_inds': [20]}, {'functional_group': 'carboxylate', 'smiles_inds': [12]}, {'functional_group': 'cyano', 'smiles_inds': [2]}, {'functional_group': 'trifluro', 'smiles_inds': [23]}, {'functional_group': 'amino', 'smiles_inds': [0]}, {'functional_group': 'chloro', 'smiles_inds': [4]}, {'functional_group': 'cyano', 'smiles_inds': [6]}, {'functional_group': 'ether', 'smiles_inds': [24]}, {'functional_group': 'amino', 'smiles_inds': [3]}]",0.9999989473696926
19,top,CC[NH+]1CCN(CC1)c1cc2N(C=C(C(=O)[O-])C(=O)c2cc1F)C1CC1,"[18, 16]","[{'functional_group': 'methyl', 'smiles_inds': [9]}, {'functional_group': 'iodo', 'smiles_inds': [7]}, {'functional_group': 'carboxylate', 'smiles_inds': [20]}, {'functional_group': 'carboxylate', 'smiles_inds': [12]}, {'functional_group': 'cyano', 'smiles_inds': [2]}, {'functional_group': 'trifluro', 'smiles_inds': [23]}, {'functional_group': 'amino', 'smiles_inds': [0]}, {'functional_group': 'chloro', 'smiles_inds': [4]}, {'functional_group': 'cyano', 'smiles_inds': [6]}, {'functional_group': 'carboxylate', 'smiles_inds': [24]}]",0.9999991371089599
19,top,CC[NH+]1CCN(CC1)c1cc2N(C=C(C(=O)[O-])C(=O)c2cc1F)C1CC1,"[18, 16]","[{'functional_group': 'methyl', 'smiles_inds': [9]}, {'functional_group': 'iodo', 'smiles_inds': [7]}, {'functional_group': 'carboxylate', 'smiles_inds': [20]}, {'functional_group': 'carboxylate', 'smiles_inds': [12]}, {'functional_group': 'cyano', 'smiles_inds': [2]}, {'functional_group': 'trifluro', 'smiles_inds': [23]}, {'functional_group': 'amino', 'smiles_inds': [0]}, {'functional_group': 'chloro', 'smiles_inds': [4]}, {'functional_group': 'cyano', 'smiles_inds': [6]}, {'functional_group': 'ether', 'smiles_inds': [24]}, {'functional_group': 'chloro', 'smiles_inds': [25]}]",0.999999187027986
19,top,CN1C=CN=C1C=NCC(C)(CN=CC1=NC=CN1C)CN=CC1=NC=CN1C,"[7, 21, 4, 24, 12, 15]","[{'functional_group': 'carboxylate', 'smiles_inds': [10]}, {'functional_group': 'cyanimide', 'smiles_inds': [11]}, {'functional_group': 'fluoro', 'smiles_inds': [0]}]",0.9999995003536865
19,top,CN1C=CN=C1C=NCC(C)(CN=CC1=NC=CN1C)CN=CC1=NC=CN1C,"[7, 21, 4, 24, 12, 15]","[{'functional_group': 'cyanimide', 'smiles_inds': [0]}, {'functional_group': 'carboxylate', 'smiles_inds': [2]}]",0.9999996482436688
19,top,CC[NH+]1CCN(CC1)c1cc2N(C=C(C(=O)[O-])C(=O)c2cc1F)C1CC1,"[18, 16]","[{'functional_group': 'methyl', 'smiles_inds': [9]}, {'functional_group': 'iodo', 'smiles_inds': [7]}, {'functional_group': 'carboxylate', 'smiles_inds': [20]}, {'functional_group': 'carboxylate', 'smiles_inds': [12]}, {'functional_group': 'cyano', 'smiles_inds': [2]}, {'functional_group': 'trifluro', 'smiles_inds': [23]}, {'functional_group': 'amino', 'smiles_inds': [0]}, {'functional_group': 'chloro', 'smiles_inds': [4]}, {'functional_group': 'cyano', 'smiles_inds': [6]}, {'functional_group': 'cyanimide', 'smiles_inds': [24]}]",0.9999999002872193
19,top,CC[NH+]1CCN(CC1)c1cc2N(C=C(C(=O)[O-])C(=O)c2cc1F)C1CC1,"[18, 16]","[{'functional_group': 'methyl', 'smiles_inds': [9]}, {'functional_group': 'iodo', 'smiles_inds': [7]}, {'functional_group': 'carboxylate', 'smiles_inds': [20]}, {'functional_group': 'carboxylate', 'smiles_inds': [12]}, {'functional_group': 'cyano', 'smiles_inds': [2]}, {'functional_group': 'trifluro', 'smiles_inds': [23]}, {'functional_group': 'amino', 'smiles_inds': [0]}, {'functional_group': 'chloro', 'smiles_inds': [4]}, {'functional_group': 'cyano', 'smiles_inds': [6]}, {'functional_group': 'ether', 'smiles_inds': [24]}, {'functional_group': 'cyanimide', 'smiles_inds': [3]}]",0.9999999314218309
19,top,CC[NH+]1CCN(CC1)c1cc2N(C=C(C(=O)[O-])C(=O)c2cc1F)C1CC1,"[18, 16]","[{'functional_group': 'methyl', 'smiles_inds': [9]}, {'functional_group': 'iodo', 'smiles_inds': [7]}, {'functional_group': 'carboxylate', 'smiles_inds': [20]}, {'functional_group': 'carboxylate', 'smiles_inds': [12]}, {'functional_group': 'cyano', 'smiles_inds': [2]}, {'functional_group': 'trifluro', 'smiles_inds': [23]}, {'functional_group': 'amino', 'smiles_inds': [0]}, {'functional_group': 'chloro', 'smiles_inds': [4]}, {'functional_group': 'cyano', 'smiles_inds': [6]}, {'functional_group': 'ether', 'smiles_inds': [24]}, {'functional_group': 'cyanimide', 'smiles_inds': [1]}]",0.9999999511221482
20,bottom,CC(C)(C)c1cc2c3cc(cc4c5cc(cc6c7cc(cc8c9cc(cc%10c%11cc(cc%12c(c1)c2c1c(c34)c(c56)c(c78)c(c9%10)c1c%11%12)C(C)(C)C)C(C)(C)C)C(C)(C)C)C(C)(C)C)P(c1cc2c3cc(cc4c5cc(cc6c7cc(cc8c9cc(cc%10c%11cc(cc%12c(c1)c2c1c(c34)c(c56)c(c78)c(c9%10)c1c%11%12)C(C)(C)C)C(C)(C)C)C(C)(C)C)C(C)(C)C)C(C)(C)C)c1cc2c3cc(cc4c5cc(cc6c7cc(cc8c9cc(cc%10c%11cc(cc%12c(c1)c2c1c(c34)c(c56)c(c78)c(c9%10)c1c%11%12)C(C)(C)C)C(C)(C)C)C(C)(C)C)C(C)(C)C)C(C)(C)C,[62],"[{'functional_group': 'tribromo', 'smiles_inds': [72]}, {'functional_group': 'thiol', 'smiles_inds': [59]}]",2.4366789884620153e-50
20,bottom,CCOC(=O)C12C(=O)OCc3ccc4OCCOCCOc5cc(COC(=O)C6(C(=O)OCC)C78c9c%10c%11c%12c%13c%14C%15=C%16c%17c%18c%19c%15c%13c%10c7c%19c7c%18c%10c%13c%17c%15C%16=C%16c%14c%14c%12c%12c%11c%11c%17c%18c%12c%12c%19c%18c%18c%20c%21c%22c(c%13c%13c(c%18%22)c%19C1(c%15%13)C2%16c%14%12)c%10c1c%21c(c(c%17%20)c9%11)C68c71)ccc5OCCOCCOc4c3,"[17, 20, 97, 100, 103, 14]","[{'functional_group': 'thiol', 'smiles_inds': [95]}]",6.315542724534056e-35
20,bottom,CC(C)(C)c1cc2c3cc(cc4c5cc(cc6c7cc(cc8c9cc(cc%10c%11cc(cc%12c(c1)c2c1c(c34)c(c56)c(c78)c(c9%10)c1c%11%12)C(C)(C)C)C(C)(C)C)C(C)(C)C)C(C)(C)C)P(c1ccccc1)c1cc2c3cc(cc4c5cc(cc6c7cc(cc8c9cc(cc%10c%11cc(cc%12c(c1)c2c1c(c34)c(c56)c(c78)c(c9%10)c1c%11%12)C(C)(C)C)C(C)(C)C)C(C)(C)C)C(C)(C)C)C(C)(C)C,[62],"[{'functional_group': 'tribromo', 'smiles_inds': [117]}]",1.01839116236676e-34
20,bottom,CC1(N=C(c2ccccc2)C23C4=C5C6=C7C8=C9C%10=C%11C%12=C%13C%14=C%11C8=C6C6=C4C4=C8C%11=C%15C%16=C(C%17=C%12C%12=C%10C%10=C9C9=C7C7=C5C2=C2C5=C%18C%19=C%20C(=C%12C%17=C%12C%20=C%17C(=C%16%12)C%11=C(C2=C%18%17)C138)C%10=C%19C9=C75)C%13=C%15C4=C%146)C(=O)[O-],"[72, 2]","[{'functional_group': 'bromo', 'smiles_inds': [9]}]",2.7595598873959522e-34
20,bottom,[O-]c1ccccc1C1=NOC23c4c5c6c7c8c9c%10c%11c%12c%13c%14c%10c%10c%15c%14c%14c%16c%13c%13c%12c%12c%17c%11c9c9c%11c%17c%17c%12c%12c%13c%13c%16c%16c%14c%14c%15c(c6c8%10)c4c%14c4c%16c6c%13c%12c8c%17c%10c%11c(c79)c5c2c%10c8c6C134,"[8, 0]","[{'functional_group': 'phenyl', 'smiles_inds': [5]}]",3.0590769932478876e-34
20,bottom,CC1(N=C(c2ccccc2)C23C4=C5C6=C7C8=C9C%10=C%11C%12=C%13C%14=C%11C8=C6C6=C4C4=C8C%11=C%15C%16=C(C%17=C%12C%12=C%10C%10=C9C9=C7C7=C5C2=C2C5=C%18C%19=C%20C(=C%12C%17=C%12C%20=C%17C(=C%16%12)C%11=C(C2=C%18%17)C138)C%10=C%19C9=C75)C%13=C%15C4=C%146)C(=O)[O-],"[72, 2]",[],3.299232309694599e-34
20,bottom,CCCC[P](CCCC)(CCCC)CCP(CCP(CCP(CC[P](CCCC)(CCCC)CCCC)CC[P](CCCC)(CCCC)CCCC)c1ccccc1)CC[P](CCCC)(CCCC)CCCC,"[15, 18, 21]","[{'functional_group': 'amide', 'smiles_inds': [71]}]",2.0776715684767235e-28
20,bottom,C[Si](C)(C)C(c1cc(C([Si](C)(C)C)[Si](C)(C)C)c([Se]c2ccccc2Sc2ccccc2Sc2ccccc2[Se]c2c(cc(cc2C([Si](C)(C)C)[Si](C)(C)C)C([Si](C)(C)C)[Si](C)(C)C)C([Si](C)(C)C)[Si](C)(C)C)c(c1)C([Si](C)(C)C)[Si](C)(C)C)[Si](C)(C)C,"[25, 32]",[],6.656071286747797e-28
20,bottom,C[Si](C)(C)C(c1cc(C([Si](C)(C)C)[Si](C)(C)C)c(Sc2ccccc2[Se]c2ccccc2[Se]c2ccccc2Sc2c(cc(cc2C([Si](C)(C)C)[Si](C)(C)C)C([Si](C)(C)C)[Si](C)(C)C)C([Si](C)(C)C)[Si](C)(C)C)c(c1)C([Si](C)(C)C)[Si](C)(C)C)[Si](C)(C)C,"[25, 32]","[{'functional_group': 'cyanimide', 'smiles_inds': [34]}]",6.6977829559035905e-28
20,bottom,CP(CCP(C)c1c(cc(cc1C([Si](C)(C)C)[Si](C)(C)C)C([Si](C)(C)C)([Si](C)(C)C)[Si](C)(C)C)C([Si](C)(C)C)[Si](C)(C)C)c1c(cc(cc1C([Si](C)(C)C)[Si](C)(C)C)C([Si](C)(C)C)([Si](C)(C)C)[Si](C)(C)C)C([Si-](C)C)[Si](C)(C)C,"[4, 72, 1]","[{'functional_group': 'cyanimide', 'smiles_inds': [18]}]",2.1407193758289802e-26
20,bottom,C[Si](C)(C)c1cc(cc(c1)[Si](C)(C)C)C(C(=O)Nc1cccc(NC(=O)C(c2cc(cc(c2)[Si](C)(C)C)[Si](C)(C)C)(c2cc(cc(c2)[Si](C)(C)C)[Si](C)(C)C)c2cc(cc(c2)[Si](C)(C)C)[Si](C)(C)C)c1[S-])(c1cc(cc(c1)[Si](C)(C)C)[Si](C)(C)C)c1cc(cc(c1)[Si](C)(C)C)[Si](C)(C)C,"[70, 16]","[{'functional_group': 'carbonyl', 'smiles_inds': [76]}]",2.078894981014026e-25
20,bottom,CCCCCC1c2cc3C(CCCCC)c4cc5C(CCCCC)c6cc7C(CCCCC)c8cc1c1OCOc2cc3OCOc4c(P(c2ccccc2)c2ccccc2)c5OCOc6cc7OCOc8c1OCc1cccc(COc2c3OCOc4cc5OCOc6c7cc8C(CCCCC)c9cc%10C(CCCCC)c(cc3C(CCCCC)c4cc5C7CCCCC)c2OCOc%10cc9OCOc8c6P(c2ccccc2)c2ccccc2)c1,"[48, 142]","[{'functional_group': 'ethyl', 'smiles_inds': [1]}]",7.489380829932114e-21
20,bottom,C[Si](C)(CCC(F)(F)C(F)(F)C(F)(F)C(F)(F)C(F)(F)C(F)(F)F)c1ccc(cc1)P(CCP(c1ccc(cc1)[Si](C)(C)CCC(F)(F)C(F)(F)C(F)(F)C(F)(F)C(F)(F)C(F)(F)F)c1ccc(cc1)[Si](C)(C)CCC(F)(F)C(F)(F)C(F)(F)C(F)(F)C(F)(F)C(F)(F)F)c1ccc(cc1)[Si](C)(C)CCC(F)(F)C(F)(F)C(F)(F)C(F)(F)C(F)(F)C(F)(F)F,"[30, 33]","[{'functional_group': 'carboxyllic_acid', 'smiles_inds': [2]}]",1.0719144942301697e-20
20,bottom,CC(C)c1cccc(C(C)C)c1c1cc(NCCN(CCNc2cc(cc(c2)c2c(cccc2C(C)C)C(C)C)c2c(cccc2C(C)C)C(C)C)CCNc2cc(cc(c2)c2c(cccc2C(C)C)C(C)C)c2c(cccc2C(C)C)C(C)C)cc(c1)c1c(cccc1C(C)C)C(C)C,"[18, 15, 21]","[{'functional_group': 'ethyl', 'smiles_inds': [64]}]",2.846438930742798e-20
20,bottom,CC(C)c1cccc(C(C)C)c1c1cc(NCCN(CCNc2cc(cc(c2)c2c(cccc2C(C)C)C(C)C)c2c(cccc2C(C)C)C(C)C)CCNc2cc(cc(c2)c2c(cccc2C(C)C)C(C)C)c2c(cccc2C(C)C)C(C)C)cc(c1)c1c(cccc1C(C)C)C(C)C,"[18, 15, 21]","[{'functional_group': 'amino', 'smiles_inds': [52]}]",8.020285618283445e-19
20,bottom,Cc1cc(c2ccc(cc2)c2c3ccccc3cc3ccccc23)c(N=C(C)C(C)=Nc2c(cc(C)cc2c2ccc(cc2)c2c3ccccc3cc3ccccc23)c2ccc(cc2)c2c3ccccc3cc3ccccc23)c(c1)c1ccc(cc1)c1c2ccccc2cc2ccccc12,"[25, 30]",[],1.5660742411199926e-18
20,bottom,CCCCCC1c2cc3C(CCCCC)c4cc5C(CCCCC)c6cc7C(CCCCC)c8cc1c1OCOc2cc3OCOc4c(P(c2ccccc2)c2ccccc2)c5OCOc6cc7OCOc8c1OCc1cccc(COc2c3OCOc4cc5OCOc6c7cc8C(CCCCC)c9cc%10C(CCCCC)c(cc3C(CCCCC)c4cc5C7CCCCC)c2OCOc%10cc9OCOc8c6P(c2ccccc2)c2ccccc2)c1,"[48, 142]","[{'functional_group': 'ethyl', 'smiles_inds': [116]}, {'functional_group': 'cyanimide', 'smiles_inds': [91]}]",2.1635540721381107e-18
20,bottom,CC(C)(C)c1cc2c3cc(cc4c5cc(cc6c7cc(cc8c9cc(cc%10c%11cc(cc%12c(c1)c2c1c(c34)c(c56)c(c78)c(c9%10)c1c%11%12)C(C)(C)C)C(C)(C)C)C(C)(C)C)C(C)(C)C)C1=CN(Cc2ccccc2)N=N1,[73],[],4.899842632600131e-18
20,bottom,Cc1cc(C)cc(c1)C(c1cc(C)cc(C)c1)c1cc(C)cc(C(c2cc(C)cc(C)c2)c2cc(C)cc(C)c2)c1N=C(C)C(C)=Nc1c(cc(C)cc1C(c1cc(C)cc(C)c1)c1cc(C)cc(C)c1)C(c1cc(C)cc(C)c1)c1cc(C)cc(C)c1,"[46, 41]",[],1.6509161442492192e-17
20,bottom,Cc1cc(C)cc(c1)C(c1cc(C)cc(C)c1)c1cc(C)cc(C(c2cc(C)cc(C)c2)c2cc(C)cc(C)c2)c1N=C(C)C(C)=Nc1c(cc(C)cc1C(c1cc(C)cc(C)c1)c1cc(C)cc(C)c1)C(c1cc(C)cc(C)c1)c1cc(C)cc(C)c1,"[46, 41]","[{'functional_group': 'aldehyde', 'smiles_inds': [35]}, {'functional_group': 'bromo', 'smiles_inds': [27]}]",4.667592761202435e-17
20,median,COCC1CCCN1N,[8],"[{'functional_group': 'methyl_ester', 'smiles_inds': [4]}, {'functional_group': 'ethyl_ester', 'smiles_inds': [6]}]",0.2617483543532623
20,median,CSCCC(=O)[N-]CCc1ccccn1,"[1, 6, 14]","[{'functional_group': 'chloro', 'smiles_inds': [2]}]",0.2617687309718485
20,median,c1cc([c-]c(c1)C12N=CC3C4C1[S+2]234)C12N=CC3C4C1[S+2]234,"[7, 14, 3]","[{'functional_group': 'methyl', 'smiles_inds': [16]}, {'functional_group': 'trifluro', 'smiles_inds': [15]}]",0.2620083081102005
20,median,c1cc([c-]c(c1)C12N=CC3C4C1[S+2]234)C12N=CC3C4C1[S+2]234,"[7, 14, 3]","[{'functional_group': 'methyl_ester', 'smiles_inds': [16]}, {'functional_group': 'methyl', 'smiles_inds': [15]}]",0.2620291173001001
20,median,CC(=O)O[C-](F)C(F)(F)C(F)(F)[C-](F)F,"[2, 12, 4]",[],0.26218423695419046
20,median,C=CCCOc1ccc(nc1)c1ccc(OCCC=C)cn1,"[9, 21]","[{'functional_group': 'cyano', 'smiles_inds': [6]}, {'functional_group': 'trifluro', 'smiles_inds': [3]}]",0.2622082002574759
20,median,c1cc([c-]c(c1)C12N=CC3C4C1[S+2]234)C12N=CC3C4C1[S+2]234,"[7, 14, 3]","[{'functional_group': 'tribromo', 'smiles_inds': [1]}, {'functional_group': 'carboxyl', 'smiles_inds': [15]}, {'functional_group': 'aldehyde', 'smiles_inds': [9]}]",0.2622239422362746
20,median,O=C([N-]C1=C(Oc2ccc(OCc3ccccn3)c(C#N)c12)c1ccccn1)c1ccccn1,"[33, 27, 2]","[{'functional_group': '2-methylbenzoic_acid', 'smiles_inds': [26]}, {'functional_group': 'thiol', 'smiles_inds': [7]}]",0.2622714869626382
20,median,O=C(Cc1cccc2ccccc12)N[O-],"[0, 14]",[],0.26232996561486177
20,median,CC1=CC=CC(=O)[N-]1,"[6, 7]",[],0.26237261590406563
20,median,c1ccc(cc1)[N-]c1ccccc1P(c1ccccc1)c1ccccc1,"[13, 6]","[{'functional_group': 'cyanimide', 'smiles_inds': [24]}]",0.26237276620800115
20,median,NCC(=O)[N-]C(CC1=CNc2ccccc12)C(=O)[O-],"[18, 0, 4]",[],0.2623979688550355
20,median,COc1ccc(C(=O)C=Cc2ccc(cc2)N(C)C)c([O-])c1,"[20, 7]","[{'functional_group': 'trifluro', 'smiles_inds': [17]}]",0.26246000633703787
20,median,O=C1N(CCc2ccccn2)C(=O)c2cccc3cccc1c23,[10],"[{'functional_group': 'bromo', 'smiles_inds': [7]}]",0.2625014351944059
20,median,C1CCC(C1)N=CC1=CC=C[N-]1,"[11, 5]",[],0.26251473335438347
20,median,COc1ccc(cc1)C(=O)NN=Cc1cccc(OC)c1[O-],"[11, 21, 9]","[{'functional_group': 'ethyl', 'smiles_inds': [0]}, {'functional_group': 'chloro', 'smiles_inds': [4]}]",0.2625306454164522
20,median,CCCN=Cc1ccncc1,[8],"[{'functional_group': 'bromo', 'smiles_inds': [9]}]",0.26254913367059207
20,median,c1cncc(c1)P(c1cccnc1)c1cccnc1,[6],[],0.26264615570944044
20,median,Cc1ccc(cc1)S(=O)c1cccc(Br)c1[O-],"[8, 16]","[{'functional_group': 'cyanimide', 'smiles_inds': [0]}, {'functional_group': 'carboxyl', 'smiles_inds': [3]}]",0.26266249732632024
20,median,COc1ccc(cc1)C(=Nc1ccccn1)c1ccccc1,[15],[],0.2626688484676619
20,top,CN1CC2(C)CN(C)CC(C)(C1)C2,"[1, 6]","[{'functional_group': 'cyanimide', 'smiles_inds': [11]}, {'functional_group': 'cyanimide', 'smiles_inds': [4]}]",0.9999966707150897
20,top,CC[NH+]1CCN(CC1)c1cc2N(C=C(C(=O)[O-])C(=O)c2cc1F)C1CC1,"[18, 16]","[{'functional_group': 'methyl', 'smiles_inds': [9]}, {'functional_group': 'iodo', 'smiles_inds': [7]}, {'functional_group': 'carboxylate', 'smiles_inds': [20]}, {'functional_group': 'carboxylate', 'smiles_inds': [12]}, {'functional_group': 'cyano', 'smiles_inds': [2]}, {'functional_group': 'trifluro', 'smiles_inds': [23]}, {'functional_group': 'amino', 'smiles_inds': [0]}, {'functional_group': 'chloro', 'smiles_inds': [4]}, {'functional_group': 'cyano', 'smiles_inds': [6]}, {'functional_group': 'ether', 'smiles_inds': [24]}, {'functional_group': 'bromo', 'smiles_inds': [1]}]",0.9999968689270594
20,top,CC[NH+]1CCN(CC1)c1cc2N(C=C(C(=O)[O-])C(=O)c2cc1F)C1CC1,"[18, 16]","[{'functional_group': 'methyl', 'smiles_inds': [9]}, {'functional_group': 'iodo', 'smiles_inds': [7]}, {'functional_group': 'carboxylate', 'smiles_inds': [20]}, {'functional_group': 'carboxylate', 'smiles_inds': [12]}, {'functional_group': 'cyano', 'smiles_inds': [2]}, {'functional_group': 'trifluro', 'smiles_inds': [23]}, {'functional_group': 'amino', 'smiles_inds': [0]}, {'functional_group': 'chloro', 'smiles_inds': [4]}, {'functional_group': 'cyano', 'smiles_inds': [6]}, {'functional_group': 'ether', 'smiles_inds': [24]}, {'functional_group': 'carboxylate', 'smiles_inds': [25]}]",0.9999971264893167
20,top,CC[NH+]1CCN(CC1)c1cc2N(C=C(C(=O)[O-])C(=O)c2cc1F)C1CC1,"[18, 16]","[{'functional_group': 'methyl', 'smiles_inds': [9]}, {'functional_group': 'iodo', 'smiles_inds': [7]}, {'functional_group': 'carboxylate', 'smiles_inds': [20]}, {'functional_group': 'carboxylate', 'smiles_inds': [12]}, {'functional_group': 'cyano', 'smiles_inds': [2]}, {'functional_group': 'trifluro', 'smiles_inds': [23]}, {'functional_group': 'amino', 'smiles_inds': [0]}, {'functional_group': 'chloro', 'smiles_inds': [4]}, {'functional_group': 'cyano', 'smiles_inds': [6]}, {'functional_group': 'cyano', 'smiles_inds': [24]}]",0.9999977220753733
20,top,CC[NH+]1CCN(CC1)c1cc2N(C=C(C(=O)[O-])C(=O)c2cc1F)C1CC1,"[18, 16]","[{'functional_group': 'methyl', 'smiles_inds': [9]}, {'functional_group': 'iodo', 'smiles_inds': [7]}, {'functional_group': 'carboxylate', 'smiles_inds': [20]}, {'functional_group': 'carboxylate', 'smiles_inds': [12]}, {'functional_group': 'cyano', 'smiles_inds': [2]}, {'functional_group': 'trifluro', 'smiles_inds': [23]}, {'functional_group': 'amino', 'smiles_inds': [0]}, {'functional_group': 'chloro', 'smiles_inds': [4]}, {'functional_group': 'cyano', 'smiles_inds': [6]}, {'functional_group': 'ether', 'smiles_inds': [24]}, {'functional_group': 'hydroxyl', 'smiles_inds': [3]}]",0.9999980740416593
20,top,CC[NH+]1CCN(CC1)c1cc2N(C=C(C(=O)[O-])C(=O)c2cc1F)C1CC1,"[18, 16]","[{'functional_group': 'methyl', 'smiles_inds': [9]}, {'functional_group': 'iodo', 'smiles_inds': [7]}, {'functional_group': 'carboxylate', 'smiles_inds': [20]}, {'functional_group': 'carboxylate', 'smiles_inds': [12]}, {'functional_group': 'cyano', 'smiles_inds': [2]}, {'functional_group': 'trifluro', 'smiles_inds': [23]}, {'functional_group': 'amino', 'smiles_inds': [0]}, {'functional_group': 'chloro', 'smiles_inds': [4]}, {'functional_group': 'cyano', 'smiles_inds': [6]}, {'functional_group': 'carbonyl', 'smiles_inds': [1]}]",0.9999981156962959
20,top,CN(N=CC1=C(C)NC=N1)P(=S)(N(C)N=CC1=C(C)NC=N1)N(C)N=CC1=C(C)NC=N1,"[2, 14, 24, 9, 21, 31]","[{'functional_group': 'cyanimide', 'smiles_inds': [6]}, {'functional_group': 'aldehyde', 'smiles_inds': [25]}]",0.9999981344546113
20,top,CC[NH+]1CCN(CC1)c1cc2N(C=C(C(=O)[O-])C(=O)c2cc1F)C1CC1,"[18, 16]","[{'functional_group': 'methyl', 'smiles_inds': [9]}, {'functional_group': 'iodo', 'smiles_inds': [7]}, {'functional_group': 'carboxylate', 'smiles_inds': [20]}, {'functional_group': 'carboxylate', 'smiles_inds': [12]}, {'functional_group': 'cyano', 'smiles_inds': [2]}, {'functional_group': 'trifluro', 'smiles_inds': [23]}, {'functional_group': 'amino', 'smiles_inds': [0]}, {'functional_group': 'chloro', 'smiles_inds': [4]}, {'functional_group': 'cyano', 'smiles_inds': [6]}, {'functional_group': 'ether', 'smiles_inds': [24]}, {'functional_group': 'chloro', 'smiles_inds': [3]}]",0.9999985075400858
20,top,CC[NH+]1CCN(CC1)c1cc2N(C=C(C(=O)[O-])C(=O)c2cc1F)C1CC1,"[18, 16]","[{'functional_group': 'methyl', 'smiles_inds': [9]}, {'functional_group': 'iodo', 'smiles_inds': [7]}, {'functional_group': 'carboxylate', 'smiles_inds': [20]}, {'functional_group': 'carboxylate', 'smiles_inds': [12]}, {'functional_group': 'cyano', 'smiles_inds': [2]}, {'functional_group': 'trifluro', 'smiles_inds': [23]}, {'functional_group': 'amino', 'smiles_inds': [0]}, {'functional_group': 'chloro', 'smiles_inds': [4]}, {'functional_group': 'cyano', 'smiles_inds': [6]}, {'functional_group': 'amino', 'smiles_inds': [24]}]",0.9999985476630545
20,top,CC[NH+]1CCN(CC1)c1cc2N(C=C(C(=O)[O-])C(=O)c2cc1F)C1CC1,"[18, 16]","[{'functional_group': 'methyl', 'smiles_inds': [9]}, {'functional_group': 'iodo', 'smiles_inds': [7]}, {'functional_group': 'carboxylate', 'smiles_inds': [20]}, {'functional_group': 'carboxylate', 'smiles_inds': [12]}, {'functional_group': 'cyano', 'smiles_inds': [2]}, {'functional_group': 'trifluro', 'smiles_inds': [23]}, {'functional_group': 'amino', 'smiles_inds': [0]}, {'functional_group': 'chloro', 'smiles_inds': [4]}, {'functional_group': 'cyano', 'smiles_inds': [6]}, {'functional_group': 'iodo', 'smiles_inds': [24]}]",0.9999985591073418
20,top,CC[NH+]1CCN(CC1)c1cc2N(C=C(C(=O)[O-])C(=O)c2cc1F)C1CC1,"[18, 16]","[{'functional_group': 'methyl', 'smiles_inds': [9]}, {'functional_group': 'iodo', 'smiles_inds': [7]}, {'functional_group': 'carboxylate', 'smiles_inds': [20]}, {'functional_group': 'carboxylate', 'smiles_inds': [12]}, {'functional_group': 'cyano', 'smiles_inds': [2]}, {'functional_group': 'trifluro', 'smiles_inds': [23]}, {'functional_group': 'amino', 'smiles_inds': [0]}, {'functional_group': 'chloro', 'smiles_inds': [4]}, {'functional_group': 'cyano', 'smiles_inds': [6]}, {'functional_group': 'cyano', 'smiles_inds': [3]}]",0.9999985782886807
20,top,CC[NH+]1CCN(CC1)c1cc2N(C=C(C(=O)[O-])C(=O)c2cc1F)C1CC1,"[18, 16]","[{'functional_group': 'methyl', 'smiles_inds': [9]}, {'functional_group': 'iodo', 'smiles_inds': [7]}, {'functional_group': 'carboxylate', 'smiles_inds': [20]}, {'functional_group': 'carboxylate', 'smiles_inds': [12]}, {'functional_group': 'cyano', 'smiles_inds': [2]}, {'functional_group': 'trifluro', 'smiles_inds': [23]}, {'functional_group': 'amino', 'smiles_inds': [0]}, {'functional_group': 'chloro', 'smiles_inds': [4]}, {'functional_group': 'cyano', 'smiles_inds': [6]}, {'functional_group': 'trichloro', 'smiles_inds': [1]}]",0.9999986404905938
20,top,CC[NH+]1CCN(CC1)c1cc2N(C=C(C(=O)[O-])C(=O)c2cc1F)C1CC1,"[18, 16]","[{'functional_group': 'methyl', 'smiles_inds': [9]}, {'functional_group': 'iodo', 'smiles_inds': [7]}, {'functional_group': 'carboxylate', 'smiles_inds': [20]}, {'functional_group': 'carboxylate', 'smiles_inds': [12]}, {'functional_group': 'cyano', 'smiles_inds': [2]}, {'functional_group': 'trifluro', 'smiles_inds': [23]}, {'functional_group': 'amino', 'smiles_inds': [0]}, {'functional_group': 'chloro', 'smiles_inds': [4]}, {'functional_group': 'cyano', 'smiles_inds': [6]}, {'functional_group': 'phosphonate', 'smiles_inds': [25]}]",0.9999986682908066
20,top,CC[NH+]1CCN(CC1)c1cc2N(C=C(C(=O)[O-])C(=O)c2cc1F)C1CC1,"[18, 16]","[{'functional_group': 'methyl', 'smiles_inds': [9]}, {'functional_group': 'iodo', 'smiles_inds': [7]}, {'functional_group': 'carboxylate', 'smiles_inds': [20]}, {'functional_group': 'carboxylate', 'smiles_inds': [12]}, {'functional_group': 'cyano', 'smiles_inds': [2]}, {'functional_group': 'trifluro', 'smiles_inds': [23]}, {'functional_group': 'amino', 'smiles_inds': [0]}, {'functional_group': 'chloro', 'smiles_inds': [4]}, {'functional_group': 'cyano', 'smiles_inds': [6]}, {'functional_group': 'bromo', 'smiles_inds': [3]}]",0.9999986709000807
20,top,CC[NH+]1CCN(CC1)c1cc2N(C=C(C(=O)[O-])C(=O)c2cc1F)C1CC1,"[18, 16]","[{'functional_group': 'methyl', 'smiles_inds': [9]}, {'functional_group': 'iodo', 'smiles_inds': [7]}, {'functional_group': 'carboxylate', 'smiles_inds': [20]}, {'functional_group': 'carboxylate', 'smiles_inds': [12]}, {'functional_group': 'cyano', 'smiles_inds': [2]}, {'functional_group': 'trifluro', 'smiles_inds': [23]}, {'functional_group': 'amino', 'smiles_inds': [0]}, {'functional_group': 'chloro', 'smiles_inds': [4]}, {'functional_group': 'cyano', 'smiles_inds': [6]}, {'functional_group': 'ethyl', 'smiles_inds': [1]}]",0.9999991122175261
20,top,CC[NH+]1CCN(CC1)c1cc2N(C=C(C(=O)[O-])C(=O)c2cc1F)C1CC1,"[18, 16]","[{'functional_group': 'methyl', 'smiles_inds': [9]}, {'functional_group': 'iodo', 'smiles_inds': [7]}, {'functional_group': 'carboxylate', 'smiles_inds': [20]}, {'functional_group': 'carboxylate', 'smiles_inds': [12]}, {'functional_group': 'cyano', 'smiles_inds': [2]}, {'functional_group': 'trifluro', 'smiles_inds': [23]}, {'functional_group': 'amino', 'smiles_inds': [0]}, {'functional_group': 'chloro', 'smiles_inds': [4]}, {'functional_group': 'cyano', 'smiles_inds': [6]}, {'functional_group': 'ethyl', 'smiles_inds': [3]}]",0.9999992047583388
20,top,C1CSCCSCCN(CCSCCN1)Cc1ccccn1,"[8, 11, 21, 14, 2, 5]","[{'functional_group': 'cyanimide', 'smiles_inds': [9]}, {'functional_group': 'amino', 'smiles_inds': [0]}]",0.9999998149926017
20,top,CC[NH+]1CCN(CC1)c1cc2N(C=C(C(=O)[O-])C(=O)c2cc1F)C1CC1,"[18, 16]","[{'functional_group': 'methyl', 'smiles_inds': [9]}, {'functional_group': 'iodo', 'smiles_inds': [7]}, {'functional_group': 'carboxylate', 'smiles_inds': [20]}, {'functional_group': 'carboxylate', 'smiles_inds': [12]}, {'functional_group': 'cyano', 'smiles_inds': [2]}, {'functional_group': 'trifluro', 'smiles_inds': [23]}, {'functional_group': 'amino', 'smiles_inds': [0]}, {'functional_group': 'chloro', 'smiles_inds': [4]}, {'functional_group': 'cyano', 'smiles_inds': [6]}, {'functional_group': 'cyanimide', 'smiles_inds': [1]}, {'functional_group': 'methyl', 'smiles_inds': [25]}]",0.9999998366606193
20,top,CC[NH+]1CCN(CC1)c1cc2N(C=C(C(=O)[O-])C(=O)c2cc1F)C1CC1,"[18, 16]","[{'functional_group': 'methyl', 'smiles_inds': [9]}, {'functional_group': 'iodo', 'smiles_inds': [7]}, {'functional_group': 'carboxylate', 'smiles_inds': [20]}, {'functional_group': 'carboxylate', 'smiles_inds': [12]}, {'functional_group': 'cyano', 'smiles_inds': [2]}, {'functional_group': 'trifluro', 'smiles_inds': [23]}, {'functional_group': 'amino', 'smiles_inds': [0]}, {'functional_group': 'chloro', 'smiles_inds': [4]}, {'functional_group': 'cyano', 'smiles_inds': [6]}, {'functional_group': 'cyanimide', 'smiles_inds': [24]}]",0.9999998834024761
20,top,CC[NH+]1CCN(CC1)c1cc2N(C=C(C(=O)[O-])C(=O)c2cc1F)C1CC1,"[18, 16]","[{'functional_group': 'methyl', 'smiles_inds': [9]}, {'functional_group': 'iodo', 'smiles_inds': [7]}, {'functional_group': 'carboxylate', 'smiles_inds': [20]}, {'functional_group': 'carboxylate', 'smiles_inds': [12]}, {'functional_group': 'cyano', 'smiles_inds': [2]}, {'functional_group': 'trifluro', 'smiles_inds': [23]}, {'functional_group': 'amino', 'smiles_inds': [0]}, {'functional_group': 'chloro', 'smiles_inds': [4]}, {'functional_group': 'cyano', 'smiles_inds': [6]}, {'functional_group': 'cyanimide', 'smiles_inds': [1]}]",0.9999999705354563
21,bottom,C[Si](C)(C)c1cc(cc(c1)[Si](C#CP(C#C[Si](c1cc(cc(c1)[Si](C)(C)C)[Si](C)(C)C)(c1cc(cc(c1)[Si](C)(C)C)[Si](C)(C)C)c1cc(cc(c1)[Si](C)(C)C)[Si](C)(C)C)C#C[Si](c1cc(cc(c1)[Si](C)(C)C)[Si](C)(C)C)(c1cc(cc(c1)[Si](C)(C)C)[Si](C)(C)C)c1cc(cc(c1)[Si](C)(C)C)[Si](C)(C)C)(c1cc(cc(c1)[Si](C)(C)C)[Si](C)(C)C)c1cc(cc(c1)[Si](C)(C)C)[Si](C)(C)C)[Si](C)(C)C,[13],"[{'functional_group': 'carboxyl', 'smiles_inds': [133]}]",7.988828181421525e-40
21,bottom,C1N(CC23c4c5c6c7c8c9c%10c%11c%12c%13c%14c%10c%10c%15c%14c%14c%16c%13c%13c%12c%12c%17c%11c9c9c%11c%17c%17c%12c%12c%13c%13c%16c%16c%14c%14c%15c(c6c8%10)c4c%14c4c%16c6c%13c%12c8c%17c%10c%11c(c79)c5c2c%10c8c6C134)c1ccncc1,[1],"[{'functional_group': 'tribromo', 'smiles_inds': [0]}, {'functional_group': '2-hydroxypyridine', 'smiles_inds': [2]}]",9.08908796591351e-36
21,bottom,CN1CC23c4c5c6c7c8c9c%10c%11c%12c%13c%14c%10c%10c%15c%14c%14c%16c%13c%13c%12c%12c%17c%11c9c9c%11c%17c%17c%12c%12c%13c%13c%16c%16c%14c%14c%15c(c6c8%10)c4c%14c4c%16c6c%13c%12c8c%17c%10c%11c(c79)c5c2c%10c8c6C34C1c1ccncc1,[67],"[{'functional_group': 'carboxyl', 'smiles_inds': [63]}]",2.3472498845236055e-35
21,bottom,N1C(c2ccccn2)C23C4=C5C6=C7C8=C9c%10c%11c%12c%13c%14c%10c8c8c%10c%14c%14c%13c%13c%15c%12c%12c%11c%11C9=C6C6=C4C4=C9c(c%12c%12c%15c%15c%13c%13c%14c%14c%10c%10c8c7c5c5c%10c7c%14c%13c8c%15c(c9%12)C(=C24)c8c7C35C1c1ccccn1)c%116,[0],"[{'functional_group': 'aldehyde', 'smiles_inds': [71]}]",8.266075690687041e-34
21,bottom,CCOC(=O)C12C(=O)OCc3ccc4OCCOCCOc5cc(COC(=O)C6(C(=O)OCC)C78c9c%10c%11c%12c%13c%14C%15=C%16c%17c%18c%19c%15c%13c%10c7c%19c7c%18c%10c%13c%17c%15C%16=C%16c%14c%14c%12c%12c%11c%11c%17c%18c%12c%12c%19c%18c%18c%20c%21c%22c(c%13c%13c(c%18%22)c%19C1(c%15%13)C2%16c%14%12)c%10c1c%21c(c(c%17%20)c9%11)C68c71)ccc5OCCOCCOc4c3,"[17, 20, 97, 100, 103, 14]","[{'functional_group': 'iodo', 'smiles_inds': [9]}]",1.054874074831945e-33
21,bottom,[O-]c1ccccc1C1=NOC23c4c5c6c7c8c9c%10c%11c%12c%13c%14c%10c%10c%15c%14c%14c%16c%13c%13c%12c%12c%17c%11c9c9c%11c%17c%17c%12c%12c%13c%13c%16c%16c%14c%14c%15c(c6c8%10)c4c%14c4c%16c6c%13c%12c8c%17c%10c%11c(c79)c5c2c%10c8c6C134,"[8, 0]","[{'functional_group': 'trichloro', 'smiles_inds': [5]}, {'functional_group': 'iodo', 'smiles_inds': [3]}]",1.5948958204623013e-32
21,bottom,CC(C)(C)c1cc2c3cc(cc4c5cc(cc6c7cc(cc8c9cc(cc%10c%11cc(cc%12c(c1)c2c1c(c34)c(c56)c(c78)c(c9%10)c1c%11%12)C(C)(C)C)C(C)(C)C)C(C)(C)C)C(C)(C)C)P(c1ccccc1)c1cc2c3cc(cc4c5cc(cc6c7cc(cc8c9cc(cc%10c%11cc(cc%12c(c1)c2c1c(c34)c(c56)c(c78)c(c9%10)c1c%11%12)C(C)(C)C)C(C)(C)C)C(C)(C)C)C(C)(C)C)C(C)(C)C,[62],"[{'functional_group': 'tribromo', 'smiles_inds': [67]}]",6.009081631468695e-32
21,bottom,CCCC[P](CCCC)(CCCC)CCP(CCP(CCP(CC[P](CCCC)(CCCC)CCCC)CC[P](CCCC)(CCCC)CCCC)c1ccccc1)CC[P](CCCC)(CCCC)CCCC,"[15, 18, 21]","[{'functional_group': 'thiol', 'smiles_inds': [16]}, {'functional_group': 'carboxylate', 'smiles_inds': [44]}]",9.895573864874671e-29
21,bottom,C[Si](C)(C)C(c1cc(C([Si](C)(C)C)[Si](C)(C)C)c([Se]c2ccccc2Sc2ccccc2Sc2ccccc2[Se]c2c(cc(cc2C([Si](C)(C)C)[Si](C)(C)C)C([Si](C)(C)C)[Si](C)(C)C)C([Si](C)(C)C)[Si](C)(C)C)c(c1)C([Si](C)(C)C)[Si](C)(C)C)[Si](C)(C)C,"[25, 32]","[{'functional_group': 'carbonyl', 'smiles_inds': [50]}]",2.0220527797297513e-28
21,bottom,C[Si](C)(C)C(c1cc(C([Si](C)(C)C)[Si](C)(C)C)c([Se]c2ccccc2Sc2ccccc2Sc2ccccc2[Se]c2c(cc(cc2C([Si](C)(C)C)[Si](C)(C)C)C([Si](C)(C)C)[Si](C)(C)C)C([Si](C)(C)C)[Si](C)(C)C)c(c1)C([Si](C)(C)C)[Si](C)(C)C)[Si](C)(C)C,"[25, 32]",[],2.19410268438481e-28
21,bottom,C[Si](C)(C)C(c1cc(C([Si](C)(C)C)[Si](C)(C)C)c([Se]c2ccccc2Sc2ccccc2Sc2ccccc2[Se]c2c(cc(cc2C([Si](C)(C)C)[Si](C)(C)C)C([Si](C)(C)C)[Si](C)(C)C)C([Si](C)(C)C)[Si](C)(C)C)c(c1)C([Si](C)(C)C)[Si](C)(C)C)[Si](C)(C)C,"[25, 32]","[{'functional_group': 'carbonyl', 'smiles_inds': [55]}]",6.37766753724635e-28
21,bottom,C[Si](C)(C)C(c1cc(C([Si](C)(C)C)[Si](C)(C)C)c([Se]c2ccccc2[Se]c2ccccc2[Se]c2ccccc2[Se]c2c(cc(cc2C([Si](C)(C)C)[Si](C)(C)C)C([Si](C)(C)C)[Si](C)(C)C)C([Si](C)(C)C)[Si](C)(C)C)c(c1)C([Si](C)(C)C)[Si](C)(C)C)[Si](C)(C)C,"[25, 32]",[],3.5249457758124826e-27
21,bottom,N=P(c1ccccc1c1cc(cc(c1)c1ccccc1P(=[N-])(C12CC3CC(CC(C3)C1)C2)C12CC3CC(CC(C3)C1)C2)c1ccccc1P(=[N-])(C12CC3CC(CC(C3)C1)C2)C12CC3CC(CC(C3)C1)C2)(C12CC3CC(CC(C3)C1)C2)C12CC3CC(CC(C3)C1)C2,"[0, 21, 49]","[{'functional_group': 'fluoro', 'smiles_inds': [34]}]",4.144088670193834e-25
21,bottom,Cc1cc(C)c(B(CCCP(CCCB(c2c(C)cc(C)cc2C)c2c(C)cc(C)cc2C)CCP(CCCB(c2c(C)cc(C)cc2C)c2c(C)cc(C)cc2C)CCCB(c2c(C)cc(C)cc2C)c2c(C)cc(C)cc2C)c2c(C)cc(C)cc2C)c(C)c1,"[35, 10]","[{'functional_group': 'aldehyde', 'smiles_inds': [2]}]",2.4941489587278952e-21
21,bottom,CCCCCC1c2cc3C(CCCCC)c4cc5C(CCCCC)c6cc7C(CCCCC)c8cc1c1OCOc2cc3OCOc4c(P(c2ccccc2)c2ccccc2)c5OCOc6cc7OCOc8c1OCc1cccc(COc2c3OCOc4cc5OCOc6c7cc8C(CCCCC)c9cc%10C(CCCCC)c(cc3C(CCCCC)c4cc5C7CCCCC)c2OCOc%10cc9OCOc8c6P(c2ccccc2)c2ccccc2)c1,"[48, 142]","[{'functional_group': 'ether', 'smiles_inds': [122]}, {'functional_group': 'iodo', 'smiles_inds': [155]}]",1.016608104603058e-20
21,bottom,C[Si](C)(CCC(F)(F)C(F)(F)C(F)(F)C(F)(F)C(F)(F)C(F)(F)F)c1ccc(cc1)P(CCP(c1ccc(cc1)[Si](C)(C)CCC(F)(F)C(F)(F)C(F)(F)C(F)(F)C(F)(F)C(F)(F)F)c1ccc(cc1)[Si](C)(C)CCC(F)(F)C(F)(F)C(F)(F)C(F)(F)C(F)(F)C(F)(F)F)c1ccc(cc1)[Si](C)(C)CCC(F)(F)C(F)(F)C(F)(F)C(F)(F)C(F)(F)C(F)(F)F,"[30, 33]","[{'functional_group': 'bromo', 'smiles_inds': [36]}]",1.2076141009326254e-20
21,bottom,C[Si](C)(CCC(F)(F)C(F)(F)C(F)(F)C(F)(F)C(F)(F)C(F)(F)F)c1ccc(cc1)P(CCP(c1ccc(cc1)[Si](C)(C)CCC(F)(F)C(F)(F)C(F)(F)C(F)(F)C(F)(F)C(F)(F)F)c1ccc(cc1)[Si](C)(C)CCC(F)(F)C(F)(F)C(F)(F)C(F)(F)C(F)(F)C(F)(F)F)c1ccc(cc1)[Si](C)(C)CCC(F)(F)C(F)(F)C(F)(F)C(F)(F)C(F)(F)C(F)(F)F,"[30, 33]","[{'functional_group': 'amino', 'smiles_inds': [39]}]",1.661181268462205e-20
21,bottom,CCCOc1c2Cc3cc(cc(Cc4cccc(Cc5cc(cc(Cc1ccc2)c5OCCC)c1cccc(c1)c1cc2Cc5cccc(Cc6cc(cc(Cc7cccc(Cc(c1)c2OCCC)c7OCCC)c6OCCC)P(c1ccccc1)c1ccccc1)c5OCCC)c4OCCC)c3OCCC)P(c1ccccc1)c1ccccc1,"[107, 79]","[{'functional_group': 'ether', 'smiles_inds': [31]}]",4.247522754047196e-20
21,bottom,CCCCCC1c2cc3C(CCCCC)c4cc5C(CCCCC)c6cc7C(CCCCC)c8cc1c1OCOc2cc3OCOc4c(P(c2ccccc2)c2ccccc2)c5OCOc6cc7OCOc8c1OCc1cccc(COc2c3OCOc4cc5OCOc6c7cc8C(CCCCC)c9cc%10C(CCCCC)c(cc3C(CCCCC)c4cc5C7CCCCC)c2OCOc%10cc9OCOc8c6P(c2ccccc2)c2ccccc2)c1,"[48, 142]","[{'functional_group': 'phosphonate', 'smiles_inds': [144]}]",4.5048746483092905e-20
21,bottom,CC(C)c1cccc(C(C)C)c1c1cc(NCCN(CCNc2cc(cc(c2)c2c(cccc2C(C)C)C(C)C)c2c(cccc2C(C)C)C(C)C)CCNc2cc(cc(c2)c2c(cccc2C(C)C)C(C)C)c2c(cccc2C(C)C)C(C)C)cc(c1)c1c(cccc1C(C)C)C(C)C,"[18, 15, 21]","[{'functional_group': 'phosphonate', 'smiles_inds': [52]}, {'functional_group': 'ethyl', 'smiles_inds': [69]}, {'functional_group': 'cyanimide', 'smiles_inds': [64]}]",1.2270331149390623e-19
21,median,C1CN=Cc2ccccc2O1,[2],"[{'functional_group': 'amino', 'smiles_inds': [3]}]",0.28266024845216486
21,median,CCCCCCN=C(C)c1ccccc1[O-],"[15, 6]",[],0.2826638051104672
21,median,CN1CCN(CC1)C(S)=NN=Cc1ccccn1,"[8, 9, 4]",[],0.28267460375926795
21,median,[O-]C(=NNc1ccccc1)N=[NH+]c1ccccc1,[0],"[{'functional_group': 'ketone', 'smiles_inds': [7]}]",0.2827404919761071
21,median,COc1ccccc1c1ccc2ccc3ccc(nc3c2n1)c1ccccc1OC,"[21, 18]","[{'functional_group': 'trichloro', 'smiles_inds': [6]}]",0.28284440584985293
21,median,FC(F)(F)C(=O)[N-]Cc1ccccn1,"[13, 6]","[{'functional_group': 'carboxyl', 'smiles_inds': [10]}]",0.2828727016986257
21,median,CC([O-])=CC(C)=Nc1ccc(Cl)cc1Cl,"[2, 6]","[{'functional_group': 'carboxyl', 'smiles_inds': [12]}]",0.28288098917620424
21,median,c1cc([c-]c(c1)C12N=CC3C4C1[S+2]234)C12N=CC3C4C1[S+2]234,"[7, 14, 3]","[{'functional_group': 'amino', 'smiles_inds': [17]}, {'functional_group': 'amide', 'smiles_inds': [0]}]",0.2829111848264654
21,median,OC(=O)c1ccc(Nc2ccccn2)cc1,[13],[],0.2829152259266665
21,median,c1cc([c-]c(c1)C12N=CC3C4C1[S+2]234)C12N=CC3C4C1[S+2]234,"[7, 14, 3]","[{'functional_group': 'carboxylate', 'smiles_inds': [5]}, {'functional_group': 'carboxylate', 'smiles_inds': [0]}, {'functional_group': 'carboxylate', 'smiles_inds': [1]}, {'functional_group': 'amino', 'smiles_inds': [17]}, {'functional_group': 'amino', 'smiles_inds': [15]}, {'functional_group': 'carboxylate', 'smiles_inds': [8]}, {'functional_group': '2-methylbenzoic_acid', 'smiles_inds': [10]}, {'functional_group': 'methyl_ester', 'smiles_inds': [9]}, {'functional_group': 'amino', 'smiles_inds': [11]}]",0.28297896502570635
21,median,Clc1cc(Cl)c([O-])c(C=NCCC2=CC=CS2)c1,"[6, 9]","[{'functional_group': 'hydroxyl', 'smiles_inds': [13]}, {'functional_group': 'amino', 'smiles_inds': [14]}]",0.2830888642546156
21,median,c1cc([c-]c(c1)C12N=CC3C4C1[S+2]234)C12N=CC3C4C1[S+2]234,"[7, 14, 3]","[{'functional_group': 'phenyl', 'smiles_inds': [0]}, {'functional_group': 'cyanimide', 'smiles_inds': [5]}, {'functional_group': 'methyl', 'smiles_inds': [8]}]",0.28315746806145886
21,median,CCCCCCCCOc1ccc(cc1)C(=O)Oc1ccc(C=NC2=CC=CS2)c([O-])c1,"[30, 23]",[],0.2831618840089023
21,median,CC(=O)[N-]C(c1ccccn1)c1ccccn1,"[3, 16, 10]","[{'functional_group': 'carboxyllic_acid', 'smiles_inds': [6]}]",0.2832491443625385
21,median,Cc1cc(C)nc(n1)c1ccccc1C1=NC2=C3C(=CC=CC3=C3N2C(=N1)c1ccccc31)C#N,"[5, 26]",[],0.28327520014344093
21,median,O=N(=O)c1ccc(NN=Cc2ccc(cn2)C2=CSC(S2)=C2SC=CS2)c(c1)N(=O)=O,"[15, 8]","[{'functional_group': 'phosphonate', 'smiles_inds': [11]}]",0.2832822203566818
21,median,Cc1cc(C2=Cc3ccccc3S2)c2ccc3c(cc(C)nc3c2n1)C1=Cc2ccccc2S1,"[21, 24]","[{'functional_group': 'amino', 'smiles_inds': [28]}]",0.28329231341213124
21,median,CN1C(=O)N(C)C(=O)C(=C[N-]CC(=O)[O-])C1=O,"[14, 7, 10]","[{'functional_group': 'ethyl', 'smiles_inds': [5]}]",0.283319102118212
21,median,CN(C)c1cccc(c1)c1ccc2SC(=Nc2c1)c1cccc[c-]1,"[15, 23]","[{'functional_group': 'bromo', 'smiles_inds': [6]}, {'functional_group': 'cyanimide', 'smiles_inds': [19]}, {'functional_group': 'cyano', 'smiles_inds': [21]}]",0.2834449708874168
21,median,CC(C)(C)c1cccc(c1[O-])C1=NC(CO1)c1ccccc1,"[10, 12]","[{'functional_group': 'tribromo', 'smiles_inds': [18]}]",0.28354074813924446
21,top,CC1(CN)CNCN(CNC1)CC1(C)CNCNC1,"[9, 3, 7, 15, 5, 17]","[{'functional_group': 'phenyl', 'smiles_inds': [13]}, {'functional_group': 'cyanimide', 'smiles_inds': [6]}]",0.9999970066383622
21,top,CC[NH+]1CCN(CC1)c1cc2N(C=C(C(=O)[O-])C(=O)c2cc1F)C1CC1,"[18, 16]","[{'functional_group': 'methyl', 'smiles_inds': [9]}, {'functional_group': 'iodo', 'smiles_inds': [7]}, {'functional_group': 'carboxylate', 'smiles_inds': [20]}, {'functional_group': 'carboxylate', 'smiles_inds': [12]}, {'functional_group': 'cyano', 'smiles_inds': [2]}, {'functional_group': 'trifluro', 'smiles_inds': [23]}, {'functional_group': 'amino', 'smiles_inds': [0]}, {'functional_group': 'chloro', 'smiles_inds': [4]}, {'functional_group': 'cyano', 'smiles_inds': [6]}, {'functional_group': 'iodo', 'smiles_inds': [1]}]",0.9999971168830931
21,top,CC[NH+]1CCN(CC1)c1cc2N(C=C(C(=O)[O-])C(=O)c2cc1F)C1CC1,"[18, 16]","[{'functional_group': 'methyl', 'smiles_inds': [9]}, {'functional_group': 'iodo', 'smiles_inds': [7]}, {'functional_group': 'carboxylate', 'smiles_inds': [20]}, {'functional_group': 'carboxylate', 'smiles_inds': [12]}, {'functional_group': 'cyano', 'smiles_inds': [2]}, {'functional_group': 'trifluro', 'smiles_inds': [23]}, {'functional_group': 'amino', 'smiles_inds': [0]}, {'functional_group': 'chloro', 'smiles_inds': [4]}, {'functional_group': 'cyano', 'smiles_inds': [6]}, {'functional_group': 'bromo', 'smiles_inds': [3]}]",0.9999976555720748
21,top,CN1C=CN=C1C=NCC(C)(CN=CC1=NC=CN1C)CN=CC1=NC=CN1C,"[7, 21, 4, 24, 12, 15]","[{'functional_group': 'carboxylate', 'smiles_inds': [10]}, {'functional_group': 'cyanimide', 'smiles_inds': [19]}]",0.9999977535960894
21,top,CC[NH+]1CCN(CC1)c1cc2N(C=C(C(=O)[O-])C(=O)c2cc1F)C1CC1,"[18, 16]","[{'functional_group': 'methyl', 'smiles_inds': [9]}, {'functional_group': 'iodo', 'smiles_inds': [7]}, {'functional_group': 'carboxylate', 'smiles_inds': [20]}, {'functional_group': 'carboxylate', 'smiles_inds': [12]}, {'functional_group': 'cyano', 'smiles_inds': [2]}, {'functional_group': 'trifluro', 'smiles_inds': [23]}, {'functional_group': 'amino', 'smiles_inds': [0]}, {'functional_group': 'chloro', 'smiles_inds': [4]}, {'functional_group': 'cyano', 'smiles_inds': [6]}, {'functional_group': 'fluoro', 'smiles_inds': [24]}]",0.9999979413326272
21,top,CC12CNCCNCC(CNCCSC1)(CNCCSC2)N(=O)=O,"[13, 19, 3, 10, 16, 6]","[{'functional_group': 'cyanimide', 'smiles_inds': [7]}]",0.9999979780404962
21,top,[nH+]1cccnc1c1[nH+]cccn1,"[4, 11]","[{'functional_group': 'carboxylate', 'smiles_inds': [3]}, {'functional_group': 'fluoro', 'smiles_inds': [8]}, {'functional_group': 'amino', 'smiles_inds': [2]}, {'functional_group': 'bromo', 'smiles_inds': [1]}, {'functional_group': 'bromo', 'smiles_inds': [0]}, {'functional_group': '2-hydroxypyridine', 'smiles_inds': [10]}, {'functional_group': 'cyanimide', 'smiles_inds': [7]}, {'functional_group': 'amino', 'smiles_inds': [9]}]",0.9999980547957072
21,top,CC(C)(SCCSC(C)(C)C(N)C(=O)[O-])C(N)C(=O)[O-],"[11, 16, 6, 3, 14, 19]","[{'functional_group': 'cyanimide', 'smiles_inds': [9]}]",0.9999981160514385
21,top,CC[NH+]1CCN(CC1)c1cc2N(C=C(C(=O)[O-])C(=O)c2cc1F)C1CC1,"[18, 16]","[{'functional_group': 'methyl', 'smiles_inds': [9]}, {'functional_group': 'iodo', 'smiles_inds': [7]}, {'functional_group': 'carboxylate', 'smiles_inds': [20]}, {'functional_group': 'carboxylate', 'smiles_inds': [12]}, {'functional_group': 'cyano', 'smiles_inds': [2]}, {'functional_group': 'trifluro', 'smiles_inds': [23]}, {'functional_group': 'amino', 'smiles_inds': [0]}, {'functional_group': 'chloro', 'smiles_inds': [4]}, {'functional_group': 'cyano', 'smiles_inds': [6]}, {'functional_group': 'hydroxyl', 'smiles_inds': [3]}]",0.9999982530497115
21,top,O=C(NCCN(CCNC(=O)C1=C([O-])C(=O)C=CO1)CCNC(=O)C1=C([O-])C(=O)C=CO1)C1=C([O-])C(=O)C=CO1,"[34, 36, 13, 15, 26, 28]","[{'functional_group': 'cyanimide', 'smiles_inds': [3]}]",0.9999984567297227
21,top,[nH+]1cc[nH+]c2c1c1cccnc1c1ncccc21,"[13, 10]","[{'functional_group': 'cyano', 'smiles_inds': [1]}, {'functional_group': 'carboxylate', 'smiles_inds': [9]}, {'functional_group': 'carboxylate', 'smiles_inds': [7]}, {'functional_group': 'carboxylate', 'smiles_inds': [15]}, {'functional_group': 'phosphonate', 'smiles_inds': [16]}, {'functional_group': 'bromo', 'smiles_inds': [2]}]",0.9999986550965492
21,top,CC[NH+]1CCN(CC1)c1cc2N(C=C(C(=O)[O-])C(=O)c2cc1F)C1CC1,"[18, 16]","[{'functional_group': 'methyl', 'smiles_inds': [9]}, {'functional_group': 'iodo', 'smiles_inds': [7]}, {'functional_group': 'carboxylate', 'smiles_inds': [20]}, {'functional_group': 'carboxylate', 'smiles_inds': [12]}, {'functional_group': 'cyano', 'smiles_inds': [2]}, {'functional_group': 'trifluro', 'smiles_inds': [23]}, {'functional_group': 'amino', 'smiles_inds': [0]}, {'functional_group': 'chloro', 'smiles_inds': [4]}, {'functional_group': 'cyano', 'smiles_inds': [6]}, {'functional_group': 'chloro', 'smiles_inds': [24]}]",0.999999078523689
21,top,CC[NH+]1CCN(CC1)c1cc2N(C=C(C(=O)[O-])C(=O)c2cc1F)C1CC1,"[18, 16]","[{'functional_group': 'methyl', 'smiles_inds': [9]}, {'functional_group': 'iodo', 'smiles_inds': [7]}, {'functional_group': 'carboxylate', 'smiles_inds': [20]}, {'functional_group': 'carboxylate', 'smiles_inds': [12]}, {'functional_group': 'cyano', 'smiles_inds': [2]}, {'functional_group': 'trifluro', 'smiles_inds': [23]}, {'functional_group': 'amino', 'smiles_inds': [0]}, {'functional_group': 'chloro', 'smiles_inds': [4]}, {'functional_group': 'cyano', 'smiles_inds': [6]}, {'functional_group': 'amino', 'smiles_inds': [1]}]",0.9999991976616023
21,top,[nH+]1cc[nH+]c2c1c1cccnc1c1ncccc21,"[13, 10]","[{'functional_group': 'cyano', 'smiles_inds': [1]}, {'functional_group': 'carboxylate', 'smiles_inds': [9]}, {'functional_group': 'carboxylate', 'smiles_inds': [7]}, {'functional_group': 'carboxylate', 'smiles_inds': [15]}, {'functional_group': 'carboxylate', 'smiles_inds': [16]}, {'functional_group': 'aldehyde', 'smiles_inds': [0]}]",0.9999993723143116
21,top,[nH+]1cc[nH+]c2c1c1cccnc1c1ncccc21,"[13, 10]","[{'functional_group': 'cyano', 'smiles_inds': [1]}, {'functional_group': 'carboxylate', 'smiles_inds': [9]}, {'functional_group': 'carboxylate', 'smiles_inds': [7]}, {'functional_group': 'carboxylate', 'smiles_inds': [15]}, {'functional_group': 'tribromo', 'smiles_inds': [3]}, {'functional_group': '2-hydroxypyridine', 'smiles_inds': [16]}]",0.9999996385741031
21,top,[NH3+]C12CNCCNCC([NH3+])(CNCCNC1)CNCCNC2,"[11, 17, 3, 14, 20, 6]","[{'functional_group': 'cyanimide', 'smiles_inds': [15]}]",0.9999997600382521
21,top,CC[NH+]1CCN(CC1)c1cc2N(C=C(C(=O)[O-])C(=O)c2cc1F)C1CC1,"[18, 16]","[{'functional_group': 'methyl', 'smiles_inds': [9]}, {'functional_group': 'iodo', 'smiles_inds': [7]}, {'functional_group': 'carboxylate', 'smiles_inds': [20]}, {'functional_group': 'carboxylate', 'smiles_inds': [12]}, {'functional_group': 'cyano', 'smiles_inds': [2]}, {'functional_group': 'trifluro', 'smiles_inds': [23]}, {'functional_group': 'amino', 'smiles_inds': [0]}, {'functional_group': 'chloro', 'smiles_inds': [4]}, {'functional_group': 'cyano', 'smiles_inds': [6]}, {'functional_group': 'ether', 'smiles_inds': [24]}, {'functional_group': 'cyanimide', 'smiles_inds': [1]}, {'functional_group': 'fluoro', 'smiles_inds': [3]}]",0.9999997933809998
21,top,CC[NH+]1CCN(CC1)c1cc2N(C=C(C(=O)[O-])C(=O)c2cc1F)C1CC1,"[18, 16]","[{'functional_group': 'methyl', 'smiles_inds': [9]}, {'functional_group': 'iodo', 'smiles_inds': [7]}, {'functional_group': 'carboxylate', 'smiles_inds': [20]}, {'functional_group': 'carboxylate', 'smiles_inds': [12]}, {'functional_group': 'cyano', 'smiles_inds': [2]}, {'functional_group': 'trifluro', 'smiles_inds': [23]}, {'functional_group': 'amino', 'smiles_inds': [0]}, {'functional_group': 'chloro', 'smiles_inds': [4]}, {'functional_group': 'cyano', 'smiles_inds': [6]}, {'functional_group': 'ether', 'smiles_inds': [24]}, {'functional_group': 'cyanimide', 'smiles_inds': [3]}]",0.9999998269040347
21,top,CC12CNCN(CNC1)CC1(C)CNCC(CNC2)(CNC1)N(=O)=O,"[3, 17, 7, 5, 13, 20]","[{'functional_group': 'cyanimide', 'smiles_inds': [11]}]",0.9999998845373723
21,top,CC[NH+]1CCN(CC1)c1cc2N(C=C(C(=O)[O-])C(=O)c2cc1F)C1CC1,"[18, 16]","[{'functional_group': 'methyl', 'smiles_inds': [9]}, {'functional_group': 'iodo', 'smiles_inds': [7]}, {'functional_group': 'carboxylate', 'smiles_inds': [20]}, {'functional_group': 'carboxylate', 'smiles_inds': [12]}, {'functional_group': 'cyano', 'smiles_inds': [2]}, {'functional_group': 'trifluro', 'smiles_inds': [23]}, {'functional_group': 'amino', 'smiles_inds': [0]}, {'functional_group': 'chloro', 'smiles_inds': [4]}, {'functional_group': 'cyano', 'smiles_inds': [6]}, {'functional_group': 'cyanimide', 'smiles_inds': [1]}]",0.9999999380284502
22,bottom,CN1CC23c4c5c6c7c8c9c%10c%11c%12c%13c%14c%10c%10c%15c%14c%14c%16c%13c%13c%12c%12c%17c%11c9c9c%11c%17c%17c%12c%12c%13c%13c%16c%16c%14c%14c%15c(c6c8%10)c4c%14c4c%16c6c%13c%12c8c%17c%10c%11c(c79)c5c2c%10c8c6C34C1c1ccncc1,[67],"[{'functional_group': 'methyl', 'smiles_inds': [0]}, {'functional_group': 'bromo', 'smiles_inds': [2]}]",2.3868572347480443e-32
22,bottom,CN1CC23c4c5c6c7c8c9c%10c%11c%12c%13c%14c%10c%10c%15c%14c%14c%16c%13c%13c%12c%12c%17c%11c9c9c%11c%17c%17c%12c%12c%13c%13c%16c%16c%14c%14c%15c(c6c8%10)c4c%14c4c%16c6c%13c%12c8c%17c%10c%11c(c79)c5c2c%10c8c6C34C1c1ccncc1,[67],[],4.4837249550371556e-32
22,bottom,CC(C)(C)c1cc2c3cc(cc4c5cc(cc6c7cc(cc8c9cc(cc%10c%11cc(cc%12c(c1)c2c1c(c34)c(c56)c(c78)c(c9%10)c1c%11%12)C(C)(C)C)C(C)(C)C)C(C)(C)C)C(C)(C)C)P(c1ccccc1)c1cc2c3cc(cc4c5cc(cc6c7cc(cc8c9cc(cc%10c%11cc(cc%12c(c1)c2c1c(c34)c(c56)c(c78)c(c9%10)c1c%11%12)C(C)(C)C)C(C)(C)C)C(C)(C)C)C(C)(C)C)C(C)(C)C,[62],"[{'functional_group': 'cyanimide', 'smiles_inds': [75]}]",1.450782263146935e-31
22,bottom,CC1(N=C(c2ccccc2)C23C4=C5C6=C7C8=C9C%10=C%11C%12=C%13C%14=C%11C8=C6C6=C4C4=C8C%11=C%15C%16=C(C%17=C%12C%12=C%10C%10=C9C9=C7C7=C5C2=C2C5=C%18C%19=C%20C(=C%12C%17=C%12C%20=C%17C(=C%16%12)C%11=C(C2=C%18%17)C138)C%10=C%19C9=C75)C%13=C%15C4=C%146)C(=O)[O-],"[72, 2]",[],3.9425365956371672e-31
22,bottom,N1C(c2ccccn2)C23C4=C5C6=C7C8=C9c%10c%11c%12c%13c%14c%10c8c8c%10c%14c%14c%13c%13c%15c%12c%12c%11c%11C9=C6C6=C4C4=C9c(c%12c%12c%15c%15c%13c%13c%14c%14c%10c%10c8c7c5c5c%10c7c%14c%13c8c%15c(c9%12)C(=C24)c8c7C35C1c1ccccn1)c%116,[0],"[{'functional_group': 'bromo', 'smiles_inds': [72]}, {'functional_group': 'fluoro', 'smiles_inds': [4]}, {'functional_group': 'methyl', 'smiles_inds': [3]}]",4.151928931985107e-31
22,bottom,N1C(c2ccccn2)C23C4=C5C6=C7C8=C9c%10c%11c%12c%13c%14c%10c8c8c%10c%14c%14c%13c%13c%15c%12c%12c%11c%11C9=C6C6=C4C4=C9c(c%12c%12c%15c%15c%13c%13c%14c%14c%10c%10c8c7c5c5c%10c7c%14c%13c8c%15c(c9%12)C(=C24)c8c7C35C1c1ccccn1)c%116,[0],"[{'functional_group': '2-hydroxypyridine', 'smiles_inds': [72]}, {'functional_group': 'ketone', 'smiles_inds': [70]}]",1.206318744120113e-30
22,bottom,C[Si](C)(C)C(c1cc(C([Si](C)(C)C)[Si](C)(C)C)c(Sc2ccccc2Sc2ccccc2Sc2ccccc2Sc2c(cc(cc2C([Si](C)(C)C)[Si](C)(C)C)C([Si](C)(C)C)[Si](C)(C)C)C([Si](C)(C)C)[Si](C)(C)C)c(c1)C([Si](C)(C)C)[Si](C)(C)C)[Si](C)(C)C,"[25, 32]","[{'functional_group': 'phosphonate', 'smiles_inds': [37]}, {'functional_group': 'ethyl_ester', 'smiles_inds': [6]}]",1.0609500880151753e-29
22,bottom,C[Si](C)(C)C(c1cc(C([Si](C)(C)C)[Si](C)(C)C)c([Se]c2ccccc2Sc2ccccc2Sc2ccccc2[Se]c2c(cc(cc2C([Si](C)(C)C)[Si](C)(C)C)C([Si](C)(C)C)[Si](C)(C)C)C([Si](C)(C)C)[Si](C)(C)C)c(c1)C([Si](C)(C)C)[Si](C)(C)C)[Si](C)(C)C,"[25, 32]","[{'functional_group': 'amino', 'smiles_inds': [46]}, {'functional_group': 'ethyl_ester', 'smiles_inds': [86]}]",5.638483743332223e-28
22,bottom,C[Si](C)(C)C(c1cc(C([Si](C)(C)C)[Si](C)(C)C)c(Sc2ccccc2[Se]c2ccccc2[Se]c2ccccc2Sc2c(cc(cc2C([Si](C)(C)C)[Si](C)(C)C)C([Si](C)(C)C)[Si](C)(C)C)C([Si](C)(C)C)[Si](C)(C)C)c(c1)C([Si](C)(C)C)[Si](C)(C)C)[Si](C)(C)C,"[25, 32]","[{'functional_group': 'cyano', 'smiles_inds': [27]}]",9.633051847103039e-28
22,bottom,N=P(c1ccccc1c1cc(cc(c1)c1ccccc1P(=[N-])(C12CC3CC(CC(C3)C1)C2)C12CC3CC(CC(C3)C1)C2)c1ccccc1P(=[N-])(C12CC3CC(CC(C3)C1)C2)C12CC3CC(CC(C3)C1)C2)(C12CC3CC(CC(C3)C1)C2)C12CC3CC(CC(C3)C1)C2,"[0, 21, 49]","[{'functional_group': 'phenyl', 'smiles_inds': [89]}, {'functional_group': 'aldehyde', 'smiles_inds': [58]}]",1.776887658164639e-24
22,bottom,O=C1c2[c-]c3c4c5[c-]c6C(=O)C7(c8ccccc8)C(=NC8(c9ccccn9)c9c1c1c2c2c3c3c%10c4c4c%11c5c5c6c6c%12C%13=C%14C%15=C%16C%17=C%18C(=C%19C3=C2C2=C3C%19=C%18C%18=C%16c%16c%14c%12c(c%12c%16c%18c3c(c12)c9%12)c8c76)C%10=C4C%17=C%15C%11=C5%13)c1ccccc1,"[7, 3, 10]","[{'functional_group': 'bromo', 'smiles_inds': [16]}]",1.0752826781441133e-21
22,bottom,Cc1ccc(N)c(c1)C1=C2C(=O)C3=C4C5=C6C7=C8C9=C%10C%11=C%12C%13=C%10C%10=C8C8=C6C4(OOC(C)(C)C)C2=C(O1)C8(O)C%10=C1C(=O)OC2=C4OC(=O)C6=C([O-])c8c3c3c%10c%14c8C8=C%15C%16=C(C4=C68)C(=C%12C%16=C4C(=C%14%15)C6=C%10C(=C53)C7=C9C6=C%114)C2=C%131,"[5, 49, 52]","[{'functional_group': 'tribromo', 'smiles_inds': [3]}, {'functional_group': 'carboxylate', 'smiles_inds': [7]}]",2.8912485531651315e-21
22,bottom,CCCOc1c2Cc3cc(cc(Cc4cccc(Cc5cc(cc(Cc1ccc2)c5OCCC)c1cccc(c1)c1cc2Cc5cccc(Cc6cc(cc(Cc7cccc(Cc(c1)c2OCCC)c7OCCC)c6OCCC)P(c1ccccc1)c1ccccc1)c5OCCC)c4OCCC)c3OCCC)P(c1ccccc1)c1ccccc1,"[107, 79]","[{'functional_group': '2-methylbenzoic_acid', 'smiles_inds': [72]}]",5.516064426047196e-21
22,bottom,COc1ccc2ccccc2c1c1c2ccccc2ccc1c1nc2c(ccc(c3ccc(C)cc3)c2nc1c1nc2c(ccc(c3ccc(C)cc3)c2nc1c1nc2c(ccc(c3ccc(C)cc3)c2nc1c1nc2c(ccc(c3ccc(C)cc3)c2nc1c1nc2c(ccc(c3ccc(C)cc3)c2n[c-]1)c1ccc(C)cc1)c1ccc(C)cc1)c1ccc(C)cc1)c1ccc(C)cc1)c1ccc(C)cc1,"[106, 88]",[],3.841740377332796e-20
22,bottom,COc1ccc2ccccc2c1c1c2ccccc2ccc1c1nc2c(ccc(c3ccc(C)cc3)c2nc1c1nc2c(ccc(c3ccc(C)cc3)c2nc1c1nc2c(ccc(c3ccc(C)cc3)c2nc1c1nc2c(ccc(c3ccc(C)cc3)c2nc1c1nc2c(ccc(c3ccc(C)cc3)c2n[c-]1)c1ccc(C)cc1)c1ccc(C)cc1)c1ccc(C)cc1)c1ccc(C)cc1)c1ccc(C)cc1,"[106, 88]","[{'functional_group': 'phosphonate', 'smiles_inds': [115]}, {'functional_group': 'iodo', 'smiles_inds': [35]}]",4.640933801474435e-19
22,bottom,CC(C)C1NC(=O)C(OC(=O)C(NC(=O)C(OC(=O)C(NC(=O)C(OC(=O)C(NC(=O)C(OC(=O)C(NC(=O)C(OC(=O)C(NC(=O)C(OC1=O)C(C)C)C(C)C)C(C)C)C(C)C)C(C)C)C(C)C)C(C)C)C(C)C)C(C)C)C(C)C)C(C)C,"[10, 34, 18, 42, 50, 26]","[{'functional_group': 'fluoro', 'smiles_inds': [52]}, {'functional_group': 'methyl_ester', 'smiles_inds': [80]}, {'functional_group': 'ethyl', 'smiles_inds': [79]}]",4.232251610910849e-18
22,bottom,CC(C)(C)c1cc2c3cc(cc4c5cc(cc6c7cc(cc8c9cc(cc%10c%11cc(cc%12c(c1)c2c1c(c34)c(c56)c(c78)c(c9%10)c1c%11%12)C(C)(C)C)C(C)(C)C)C(C)(C)C)C(C)(C)C)P(c1ccccc1)c1ccccc1,[62],"[{'functional_group': 'carboxyllic_acid', 'smiles_inds': [67]}, {'functional_group': 'tribromo', 'smiles_inds': [2]}]",1.20833963752131e-17
22,bottom,Cc1cc(C(c2ccc(cc2)C2CCCCC2)c2ccc(cc2)C2CCCCC2)c(N=C(C)C(C)=Nc2c(cc(C)cc2C(c2ccc(cc2)C2CCCCC2)c2ccc(cc2)C2CCCCC2)C(c2ccc(cc2)C2CCCCC2)c2ccc(cc2)C2CCCCC2)c(c1)C(c1ccc(cc1)C1CCCCC1)c1ccc(cc1)C1CCCCC1,"[30, 35]","[{'functional_group': '2-methylbenzoic_acid', 'smiles_inds': [104]}]",2.5073518177153158e-17
22,bottom,O=P(CCP(CCP(C1CCCCC1)C1CCCCC1)CCP(C1CCCCC1)C1CCCCC1)(C1CCCCC1)C1CCCCC1,"[4, 7, 22]","[{'functional_group': 'tribromo', 'smiles_inds': [8]}, {'functional_group': 'chloro', 'smiles_inds': [25]}]",2.561324518328994e-17
22,bottom,C1CCC(CC1)P(CCP(CCP(C1CCCCC1)C1CCCCC1)CCP(C1CCCCC1)C1CCCCC1)C1CCCCC1,"[12, 9, 27]","[{'functional_group': 'methyl_ester', 'smiles_inds': [13]}, {'functional_group': '2-hydroxypyridine', 'smiles_inds': [2]}]",2.82617956512412e-17
22,median,CC1=C(C(=O)N(N1)c1ccccc1)C(=O)c1ccccc1,"[4, 14]","[{'functional_group': 'iodo', 'smiles_inds': [6]}]",0.2903282061107281
22,median,c1cc([c-]c(c1)C12N=CC3C4C1[S+2]234)C12N=CC3C4C1[S+2]234,"[7, 14, 3]","[{'functional_group': '2-hydroxypyridine', 'smiles_inds': [16]}, {'functional_group': 'phenyl', 'smiles_inds': [0]}]",0.290344517856501
22,median,FC(F)(F)c1ccc(cc1)N=Cc1cccc(C=Nc2ccc(cc2)C(F)(F)F)n1,"[29, 18, 10]",[],0.29036731115551095
22,median,CCCN(CCC)C([S-])=NC(=O)c1cc(cc(c1)N(=O)=O)N(=O)=O,"[8, 11]","[{'functional_group': 'bromo', 'smiles_inds': [6]}]",0.2904427072709069
22,median,C(CN(Cc1ccccn1)Cc1ccccn1)N(Cc1[nH+]cccc1)Cc1ccccn1,"[9, 16, 2]",[],0.2904430702366403
22,median,OC1CC(O)CC([O-])C1,"[4, 0, 7]","[{'functional_group': 'chloro', 'smiles_inds': [8]}, {'functional_group': 'trifluro', 'smiles_inds': [6]}, {'functional_group': 'fluoro', 'smiles_inds': [3]}]",0.2904863634284989
22,median,CN(N=Cc1ccc(OCCCCSC#N)cn1)P(=S)(N(C)N=Cc1ccc(OCCCCSC#N)cn1)N(C)N=Cc1ccc(OCCCCSC#N)cn1,"[2, 20, 22, 55, 40, 17]",[],0.29055971952165033
22,median,CC(Cc1ccccc1)NO,[9],"[{'functional_group': 'cyano', 'smiles_inds': [7]}]",0.2906102136673432
22,median,c1cc([c-]c(c1)C12N=CC3C4C1[S+2]234)C12N=CC3C4C1[S+2]234,"[7, 14, 3]","[{'functional_group': 'amide', 'smiles_inds': [0]}, {'functional_group': 'fluoro', 'smiles_inds': [16]}]",0.2906808179971157
22,median,FC(F)(F)c1ccc([O-])c(c1)P(c1ccccc1)c1ccccc1,"[11, 8]",[],0.2906981364357863
22,median,c1cc([c-]c(c1)C12N=CC3C4C1[S+2]234)C12N=CC3C4C1[S+2]234,"[7, 14, 3]","[{'functional_group': 'amide', 'smiles_inds': [17]}]",0.29070630986325485
22,median,c1cc([c-]c(c1)C12N=CC3C4C1[S+2]234)C12N=CC3C4C1[S+2]234,"[7, 14, 3]","[{'functional_group': 'amide', 'smiles_inds': [10]}]",0.2907063098632551
22,median,CCC=C(C)C=O,[6],[],0.29072467462721324
22,median,CCN1N=C(C(O)=O)C(=O)c2cc3OCOc3cc12,"[7, 9]","[{'functional_group': '2-methylbenzoic_acid', 'smiles_inds': [0]}]",0.29073171742638076
22,median,COc1ccc(cc1)N=Cc1ccc(c[c-]1)N(C)C,"[8, 15]",[],0.2907538717949579
22,median,Clc1ccc([O-])c(C=NCCC2=Nc3ccccc3N2)c1,"[8, 12, 5]",[],0.2907641699384877
22,median,[O-]c1ccccc1C=NC(c1ccccc1)c1ccccc1,"[8, 0]","[{'functional_group': 'methyl_ester', 'smiles_inds': [21]}]",0.2910447487141767
22,median,Nc1cc(Cl)ncn1,[5],"[{'functional_group': 'carboxyllic_acid', 'smiles_inds': [2]}]",0.2911106244963501
22,median,c1cc([c-]c(c1)C12N=CC3C4C1[S+2]234)C12N=CC3C4C1[S+2]234,"[7, 14, 3]","[{'functional_group': 'carboxylate', 'smiles_inds': [5]}, {'functional_group': 'tribromo', 'smiles_inds': [9]}, {'functional_group': 'bromo', 'smiles_inds': [18]}, {'functional_group': 'ethyl', 'smiles_inds': [0]}, {'functional_group': 'carbonyl', 'smiles_inds': [11]}]",0.29115460377845986
22,median,c1cc([c-]c(c1)C12N=CC3C4C1[S+2]234)C12N=CC3C4C1[S+2]234,"[7, 14, 3]","[{'functional_group': 'amide', 'smiles_inds': [5]}]",0.29116185520882626
22,top,CC[NH+]1CCN(CC1)c1cc2N(C=C(C(=O)[O-])C(=O)c2cc1F)C1CC1,"[18, 16]","[{'functional_group': 'methyl', 'smiles_inds': [9]}, {'functional_group': 'iodo', 'smiles_inds': [7]}, {'functional_group': 'carboxylate', 'smiles_inds': [20]}, {'functional_group': 'carboxylate', 'smiles_inds': [12]}, {'functional_group': 'cyano', 'smiles_inds': [2]}, {'functional_group': 'trifluro', 'smiles_inds': [23]}, {'functional_group': 'amino', 'smiles_inds': [0]}, {'functional_group': 'chloro', 'smiles_inds': [4]}, {'functional_group': 'cyano', 'smiles_inds': [6]}, {'functional_group': 'ethyl', 'smiles_inds': [1]}]",0.9999990206967546
22,top,[nH+]1cc[nH+]c2c1c1cccnc1c1ncccc21,"[13, 10]","[{'functional_group': 'cyano', 'smiles_inds': [1]}, {'functional_group': 'carboxylate', 'smiles_inds': [9]}, {'functional_group': 'carboxylate', 'smiles_inds': [7]}, {'functional_group': 'carboxylate', 'smiles_inds': [15]}, {'functional_group': 'tribromo', 'smiles_inds': [3]}, {'functional_group': '2-hydroxypyridine', 'smiles_inds': [16]}, {'functional_group': 'methyl', 'smiles_inds': [0]}]",0.9999991311952506
22,top,[nH+]1cc[nH+]c2c1c1cccnc1c1ncccc21,"[13, 10]","[{'functional_group': 'cyano', 'smiles_inds': [1]}, {'functional_group': 'carboxylate', 'smiles_inds': [9]}, {'functional_group': 'carboxylate', 'smiles_inds': [7]}, {'functional_group': 'carboxylate', 'smiles_inds': [15]}, {'functional_group': 'tribromo', 'smiles_inds': [3]}, {'functional_group': '2-hydroxypyridine', 'smiles_inds': [16]}, {'functional_group': 'methyl', 'smiles_inds': [0]}, {'functional_group': 'tribromo', 'smiles_inds': [2]}]",0.9999991521708481
22,top,[nH+]1cc[nH+]c2c1c1cccnc1c1ncccc21,"[13, 10]","[{'functional_group': 'cyano', 'smiles_inds': [1]}, {'functional_group': 'carboxylate', 'smiles_inds': [9]}, {'functional_group': 'carboxylate', 'smiles_inds': [7]}, {'functional_group': 'carboxylate', 'smiles_inds': [15]}, {'functional_group': 'tribromo', 'smiles_inds': [3]}, {'functional_group': '2-hydroxypyridine', 'smiles_inds': [16]}, {'functional_group': 'amide', 'smiles_inds': [2]}, {'functional_group': 'aldehyde', 'smiles_inds': [14]}]",0.9999993156847273
22,top,[nH+]1cc[nH+]c2c1c1cccnc1c1ncccc21,"[13, 10]","[{'functional_group': 'cyano', 'smiles_inds': [1]}, {'functional_group': 'carboxylate', 'smiles_inds': [9]}, {'functional_group': 'carboxylate', 'smiles_inds': [7]}, {'functional_group': 'carboxylate', 'smiles_inds': [15]}, {'functional_group': 'tribromo', 'smiles_inds': [3]}, {'functional_group': '2-hydroxypyridine', 'smiles_inds': [16]}, {'functional_group': 'carboxyl', 'smiles_inds': [14]}]",0.9999993231350733
22,top,[nH+]1cc[nH+]c2c1c1cccnc1c1ncccc21,"[13, 10]","[{'functional_group': 'cyano', 'smiles_inds': [1]}, {'functional_group': 'carboxylate', 'smiles_inds': [9]}, {'functional_group': 'carboxylate', 'smiles_inds': [7]}, {'functional_group': 'carboxylate', 'smiles_inds': [15]}, {'functional_group': 'tribromo', 'smiles_inds': [3]}, {'functional_group': '2-hydroxypyridine', 'smiles_inds': [16]}, {'functional_group': 'cyano', 'smiles_inds': [2]}]",0.999999471460916
22,top,[nH+]1cc[nH+]c2c1c1cccnc1c1ncccc21,"[13, 10]","[{'functional_group': 'cyano', 'smiles_inds': [1]}, {'functional_group': 'carboxylate', 'smiles_inds': [9]}, {'functional_group': 'carboxylate', 'smiles_inds': [7]}, {'functional_group': 'carboxylate', 'smiles_inds': [15]}, {'functional_group': 'tribromo', 'smiles_inds': [3]}, {'functional_group': '2-hydroxypyridine', 'smiles_inds': [16]}, {'functional_group': 'ethyl', 'smiles_inds': [14]}]",0.9999994826266302
22,top,[nH+]1cc[nH+]c2c1c1cccnc1c1ncccc21,"[13, 10]","[{'functional_group': 'cyano', 'smiles_inds': [1]}, {'functional_group': 'carboxylate', 'smiles_inds': [9]}, {'functional_group': 'carboxylate', 'smiles_inds': [7]}, {'functional_group': 'carboxylate', 'smiles_inds': [15]}, {'functional_group': 'tribromo', 'smiles_inds': [3]}, {'functional_group': '2-hydroxypyridine', 'smiles_inds': [16]}, {'functional_group': 'thiol', 'smiles_inds': [14]}]",0.9999995118990881
22,top,[nH+]1cc[nH+]c2c1c1cccnc1c1ncccc21,"[13, 10]","[{'functional_group': 'cyano', 'smiles_inds': [1]}, {'functional_group': 'carboxylate', 'smiles_inds': [9]}, {'functional_group': 'carboxylate', 'smiles_inds': [7]}, {'functional_group': 'carboxylate', 'smiles_inds': [15]}, {'functional_group': 'tribromo', 'smiles_inds': [3]}, {'functional_group': '2-hydroxypyridine', 'smiles_inds': [16]}, {'functional_group': 'carbonyl', 'smiles_inds': [2]}]",0.9999995189710551
22,top,[nH+]1cc[nH+]c2c1c1cccnc1c1ncccc21,"[13, 10]","[{'functional_group': 'cyano', 'smiles_inds': [1]}, {'functional_group': 'carboxylate', 'smiles_inds': [9]}, {'functional_group': 'carboxylate', 'smiles_inds': [7]}, {'functional_group': 'carboxylate', 'smiles_inds': [15]}, {'functional_group': 'tribromo', 'smiles_inds': [3]}, {'functional_group': '2-hydroxypyridine', 'smiles_inds': [16]}, {'functional_group': 'trichloro', 'smiles_inds': [0]}]",0.9999995250654767
22,top,CC[NH+]1CCN(CC1)c1cc2N(C=C(C(=O)[O-])C(=O)c2cc1F)C1CC1,"[18, 16]","[{'functional_group': 'methyl', 'smiles_inds': [9]}, {'functional_group': 'iodo', 'smiles_inds': [7]}, {'functional_group': 'carboxylate', 'smiles_inds': [20]}, {'functional_group': 'carboxylate', 'smiles_inds': [12]}, {'functional_group': 'cyano', 'smiles_inds': [2]}, {'functional_group': 'trifluro', 'smiles_inds': [23]}, {'functional_group': 'amino', 'smiles_inds': [0]}, {'functional_group': 'chloro', 'smiles_inds': [4]}, {'functional_group': 'cyano', 'smiles_inds': [6]}, {'functional_group': 'ether', 'smiles_inds': [24]}, {'functional_group': 'cyanimide', 'smiles_inds': [25]}]",0.9999995470060541
22,top,[nH+]1cc[nH+]c2c1c1cccnc1c1ncccc21,"[13, 10]","[{'functional_group': 'cyano', 'smiles_inds': [1]}, {'functional_group': 'carboxylate', 'smiles_inds': [9]}, {'functional_group': 'carboxylate', 'smiles_inds': [7]}, {'functional_group': 'carboxylate', 'smiles_inds': [15]}, {'functional_group': 'tribromo', 'smiles_inds': [3]}, {'functional_group': '2-hydroxypyridine', 'smiles_inds': [16]}, {'functional_group': 'hydroxyl', 'smiles_inds': [0]}]",0.9999995980448045
22,top,[nH+]1cc[nH+]c2c1c1cccnc1c1ncccc21,"[13, 10]","[{'functional_group': 'cyano', 'smiles_inds': [1]}, {'functional_group': 'carboxylate', 'smiles_inds': [9]}, {'functional_group': 'carboxylate', 'smiles_inds': [7]}, {'functional_group': 'carboxylate', 'smiles_inds': [15]}, {'functional_group': 'tribromo', 'smiles_inds': [3]}, {'functional_group': '2-hydroxypyridine', 'smiles_inds': [16]}, {'functional_group': 'carbonyl', 'smiles_inds': [0]}]",0.9999996095801803
22,top,[nH+]1cc[nH+]c2c1c1cccnc1c1ncccc21,"[13, 10]","[{'functional_group': 'cyano', 'smiles_inds': [1]}, {'functional_group': 'carboxylate', 'smiles_inds': [9]}, {'functional_group': 'carboxylate', 'smiles_inds': [7]}, {'functional_group': 'carboxylate', 'smiles_inds': [15]}, {'functional_group': 'tribromo', 'smiles_inds': [3]}, {'functional_group': '2-hydroxypyridine', 'smiles_inds': [16]}, {'functional_group': 'chloro', 'smiles_inds': [8]}]",0.9999996736958628
22,top,[nH+]1cc[nH+]c2c1c1cccnc1c1ncccc21,"[13, 10]","[{'functional_group': 'cyano', 'smiles_inds': [1]}, {'functional_group': 'carboxylate', 'smiles_inds': [9]}, {'functional_group': 'carboxylate', 'smiles_inds': [7]}, {'functional_group': 'carboxylate', 'smiles_inds': [15]}, {'functional_group': 'tribromo', 'smiles_inds': [3]}, {'functional_group': '2-hydroxypyridine', 'smiles_inds': [16]}, {'functional_group': 'cyano', 'smiles_inds': [0]}, {'functional_group': 'carbonyl', 'smiles_inds': [14]}]",0.999999710854668
22,top,[nH+]1cc[nH+]c2c1c1cccnc1c1ncccc21,"[13, 10]","[{'functional_group': 'cyano', 'smiles_inds': [1]}, {'functional_group': 'carboxylate', 'smiles_inds': [9]}, {'functional_group': 'carboxylate', 'smiles_inds': [7]}, {'functional_group': 'carboxylate', 'smiles_inds': [15]}, {'functional_group': 'tribromo', 'smiles_inds': [3]}, {'functional_group': '2-hydroxypyridine', 'smiles_inds': [16]}, {'functional_group': 'ketone', 'smiles_inds': [8]}]",0.9999997143875293
22,top,[nH+]1cc[nH+]c2c1c1cccnc1c1ncccc21,"[13, 10]","[{'functional_group': 'cyano', 'smiles_inds': [1]}, {'functional_group': 'carboxylate', 'smiles_inds': [9]}, {'functional_group': 'carboxylate', 'smiles_inds': [7]}, {'functional_group': 'carboxylate', 'smiles_inds': [15]}, {'functional_group': 'tribromo', 'smiles_inds': [3]}, {'functional_group': '2-hydroxypyridine', 'smiles_inds': [16]}, {'functional_group': 'carboxyl', 'smiles_inds': [0]}, {'functional_group': 'hydroxyl', 'smiles_inds': [14]}, {'functional_group': '2-hydroxypyridine', 'smiles_inds': [8]}]",0.9999997173098407
22,top,[nH+]1cc[nH+]c2c1c1cccnc1c1ncccc21,"[13, 10]","[{'functional_group': 'cyano', 'smiles_inds': [1]}, {'functional_group': 'carboxylate', 'smiles_inds': [9]}, {'functional_group': 'carboxylate', 'smiles_inds': [7]}, {'functional_group': 'carboxylate', 'smiles_inds': [15]}, {'functional_group': 'tribromo', 'smiles_inds': [3]}, {'functional_group': '2-hydroxypyridine', 'smiles_inds': [16]}, {'functional_group': 'hydroxyl', 'smiles_inds': [2]}, {'functional_group': 'cyano', 'smiles_inds': [0]}]",0.9999997196641393
22,top,CC[NH+]1CCN(CC1)c1cc2N(C=C(C(=O)[O-])C(=O)c2cc1F)C1CC1,"[18, 16]","[{'functional_group': 'methyl', 'smiles_inds': [9]}, {'functional_group': 'iodo', 'smiles_inds': [7]}, {'functional_group': 'carboxylate', 'smiles_inds': [20]}, {'functional_group': 'carboxylate', 'smiles_inds': [12]}, {'functional_group': 'cyano', 'smiles_inds': [2]}, {'functional_group': 'trifluro', 'smiles_inds': [23]}, {'functional_group': 'amino', 'smiles_inds': [0]}, {'functional_group': 'chloro', 'smiles_inds': [4]}, {'functional_group': 'cyano', 'smiles_inds': [6]}, {'functional_group': 'ether', 'smiles_inds': [24]}, {'functional_group': 'hydroxyl', 'smiles_inds': [1]}, {'functional_group': 'cyanimide', 'smiles_inds': [3]}]",0.9999997991167028
22,top,CC12CNCN(CNC1)CC1(C)CNCC(CNC2)(CNC1)N(=O)=O,"[3, 17, 7, 5, 13, 20]","[{'functional_group': 'cyanimide', 'smiles_inds': [2]}, {'functional_group': 'chloro', 'smiles_inds': [19]}]",0.9999998959144962
23,bottom,N1C(c2ccccn2)C23C4=C5C6=C7C8=C9c%10c%11c%12c%13c%14c%10c8c8c%10c%14c%14c%13c%13c%15c%12c%12c%11c%11C9=C6C6=C4C4=C9c(c%12c%12c%15c%15c%13c%13c%14c%14c%10c%10c8c7c5c5c%10c7c%14c%13c8c%15c(c9%12)C(=C24)c8c7C35C1c1ccccn1)c%116,[0],"[{'functional_group': 'trifluro', 'smiles_inds': [6]}]",1.9302615766127563e-33
23,bottom,CCOC(=O)C12C(=O)OCc3ccc4OCCOCCOc5cc(COC(=O)C6(C(=O)OCC)C78c9c%10c%11c%12c%13c%14C%15=C%16c%17c%18c%19c%15c%13c%10c7c%19c7c%18c%10c%13c%17c%15C%16=C%16c%14c%14c%12c%12c%11c%11c%17c%18c%12c%12c%19c%18c%18c%20c%21c%22c(c%13c%13c(c%18%22)c%19C1(c%15%13)C2%16c%14%12)c%10c1c%21c(c(c%17%20)c9%11)C68c71)ccc5OCCOCCOc4c3,"[17, 20, 97, 100, 103, 14]","[{'functional_group': 'trifluro', 'smiles_inds': [24]}]",2.0971456083646754e-32
23,bottom,CN1CC23c4c5c6c7c8c9c%10c%11c%12c%13c%14c%10c%10c%15c%14c%14c%16c%13c%13c%12c%12c%17c%11c9c9c%11c%17c%17c%12c%12c%13c%13c%16c%16c%14c%14c%15c(c6c8%10)c4c%14c4c%16c6c%13c%12c8c%17c%10c%11c(c79)c5c2c%10c8c6C34C1c1ccncc1,[67],"[{'functional_group': 'trichloro', 'smiles_inds': [66]}]",4.4152253322694805e-32
23,bottom,CC(C)(C)c1cc2c3cc(cc4c5cc(cc6c7cc(cc8c9cc(cc%10c%11cc(cc%12c(c1)c2c1c(c34)c(c56)c(c78)c(c9%10)c1c%11%12)C(C)(C)C)C(C)(C)C)C(C)(C)C)C(C)(C)C)P(c1ccccc1)c1cc2c3cc(cc4c5cc(cc6c7cc(cc8c9cc(cc%10c%11cc(cc%12c(c1)c2c1c(c34)c(c56)c(c78)c(c9%10)c1c%11%12)C(C)(C)C)C(C)(C)C)C(C)(C)C)C(C)(C)C)C(C)(C)C,[62],"[{'functional_group': 'cyanimide', 'smiles_inds': [0]}, {'functional_group': 'cyano', 'smiles_inds': [129]}]",1.9674235665256418e-29
23,bottom,CCCC[P](CCCC)(CCCC)CCP(CCP(CCP(CC[P](CCCC)(CCCC)CCCC)CC[P](CCCC)(CCCC)CCCC)c1ccccc1)CC[P](CCCC)(CCCC)CCCC,"[15, 18, 21]","[{'functional_group': 'bromo', 'smiles_inds': [31]}, {'functional_group': 'fluoro', 'smiles_inds': [38]}, {'functional_group': 'iodo', 'smiles_inds': [37]}]",3.1332218741534995e-29
23,bottom,C[Si](C)(C)C(c1cc(C([Si](C)(C)C)[Si](C)(C)C)c(Sc2ccccc2[Se]c2ccccc2[Se]c2ccccc2Sc2c(cc(cc2C([Si](C)(C)C)[Si](C)(C)C)C([Si](C)(C)C)[Si](C)(C)C)C([Si](C)(C)C)[Si](C)(C)C)c(c1)C([Si](C)(C)C)[Si](C)(C)C)[Si](C)(C)C,"[25, 32]","[{'functional_group': 'carboxylate', 'smiles_inds': [3]}, {'functional_group': '2-methylbenzoic_acid', 'smiles_inds': [12]}]",8.677156783760473e-28
23,bottom,C[Si](C)(C)C(c1cc(C([Si](C)(C)C)[Si](C)(C)C)c([Se]c2ccccc2Sc2ccccc2Sc2ccccc2[Se]c2c(cc(cc2C([Si](C)(C)C)[Si](C)(C)C)C([Si](C)(C)C)[Si](C)(C)C)C([Si](C)(C)C)[Si](C)(C)C)c(c1)C([Si](C)(C)C)[Si](C)(C)C)[Si](C)(C)C,"[25, 32]","[{'functional_group': 'carbonyl', 'smiles_inds': [70]}]",4.962312799877962e-27
23,bottom,CP(CCP(C)c1c(cc(cc1C([Si](C)(C)C)[Si](C)(C)C)C([Si](C)(C)C)([Si](C)(C)C)[Si](C)(C)C)C([Si](C)(C)C)[Si](C)(C)C)c1c(cc(cc1C([Si](C)(C)C)[Si](C)(C)C)C([Si](C)(C)C)([Si](C)(C)C)[Si](C)(C)C)C([Si-](C)C)[Si](C)(C)C,"[4, 72, 1]","[{'functional_group': 'amino', 'smiles_inds': [71]}, {'functional_group': 'ethyl_ester', 'smiles_inds': [77]}]",8.75628625040665e-27
23,bottom,CP(CCP(C)c1c(cc(cc1C([Si](C)(C)C)[Si](C)(C)C)C([Si](C)(C)C)([Si](C)(C)C)[Si](C)(C)C)C([Si](C)(C)C)[Si](C)(C)C)c1c(cc(cc1C([Si](C)(C)C)[Si](C)(C)C)C([Si](C)(C)C)([Si](C)(C)C)[Si](C)(C)C)C([Si-](C)C)[Si](C)(C)C,"[4, 72, 1]","[{'functional_group': 'amide', 'smiles_inds': [14]}]",1.007762290498306e-26
23,bottom,CP(CCP(C)c1c(cc(cc1C([Si](C)(C)C)[Si](C)(C)C)C([Si](C)(C)C)([Si](C)(C)C)[Si](C)(C)C)C([Si](C)(C)C)[Si](C)(C)C)c1c(cc(cc1C([Si](C)(C)C)[Si](C)(C)C)C([Si](C)(C)C)([Si](C)(C)C)[Si](C)(C)C)C([Si-](C)C)[Si](C)(C)C,"[4, 72, 1]","[{'functional_group': 'ethyl', 'smiles_inds': [68]}, {'functional_group': 'fluoro', 'smiles_inds': [31]}]",1.5831460174072983e-26
23,bottom,N=P(c1ccccc1c1cc(cc(c1)c1ccccc1P(=[N-])(C12CC3CC(CC(C3)C1)C2)C12CC3CC(CC(C3)C1)C2)c1ccccc1P(=[N-])(C12CC3CC(CC(C3)C1)C2)C12CC3CC(CC(C3)C1)C2)(C12CC3CC(CC(C3)C1)C2)C12CC3CC(CC(C3)C1)C2,"[0, 21, 49]","[{'functional_group': 'trichloro', 'smiles_inds': [79]}]",2.8102184862057915e-24
23,bottom,Cc1cc(C)c(B(CCCP(CCCB(c2c(C)cc(C)cc2C)c2c(C)cc(C)cc2C)CCP(CCCB(c2c(C)cc(C)cc2C)c2c(C)cc(C)cc2C)CCCB(c2c(C)cc(C)cc2C)c2c(C)cc(C)cc2C)c2c(C)cc(C)cc2C)c(C)c1,"[35, 10]","[{'functional_group': 'methyl', 'smiles_inds': [13]}]",1.1692220483477608e-22
23,bottom,Cc1cc(C)c(B(CCCP(CCCB(c2c(C)cc(C)cc2C)c2c(C)cc(C)cc2C)CCP(CCCB(c2c(C)cc(C)cc2C)c2c(C)cc(C)cc2C)CCCB(c2c(C)cc(C)cc2C)c2c(C)cc(C)cc2C)c2c(C)cc(C)cc2C)c(C)c1,"[35, 10]",[],3.864844547653236e-22
23,bottom,CCCOc1c2Cc3cc(cc(Cc4cccc(Cc5cc(cc(Cc1ccc2)c5OCCC)c1cccc(c1)c1cc2Cc5cccc(Cc6cc(cc(Cc7cccc(Cc(c1)c2OCCC)c7OCCC)c6OCCC)P(c1ccccc1)c1ccccc1)c5OCCC)c4OCCC)c3OCCC)P(c1ccccc1)c1ccccc1,"[107, 79]","[{'functional_group': 'carboxyl', 'smiles_inds': [72]}]",5.4006616658712564e-20
23,bottom,CC(C)CC1NC(=O)C2(CCC(=O)NC(CC(O)=O)C(=O)NC(CC3=CNc4ccccc34)C(=O)N2)CSCC(NC(=O)C(CCC(O)=O)NC(=O)C(CC2=CNc3ccccc23)NC1=O)C(=O)NC1CSSCC(NC(=O)C2CSCC3(CC(NC1=O)C(=O)NC(C(C)O)C(=O)NCC(=O)N3)C(=O)NC(CC(C)C)C(=O)NC(Cc1ccccc1)C(=O)NC(C)C(=O)N2)C(O)=O,"[77, 87]","[{'functional_group': '2-methylbenzoic_acid', 'smiles_inds': [44]}]",5.44712165974748e-20
23,bottom,CC(C)(C)c1cc2c(OP(Oc3c2cc(cc3C(C)(C)C)C(C)(C)C)O[Si]2(O[Si]3(O[Si](OP4Oc5c(cc(cc5C(C)(C)C)C(C)(C)C)c5cc(cc(c5O4)C(C)(C)C)C(C)(C)C)(O[Si]4(O[Si](O3)(O[Si](O2)(O[Si](O4)(O[Si](C)(c2ccccc2)c2ccccc2)C2CCCC2)C2CCCC2)C2CCCC2)C2CCCC2)C2CCCC2)C2CCCC2)C2CCCC2)c(c1)C(C)(C)C,"[9, 32]","[{'functional_group': 'carboxylate', 'smiles_inds': [127]}, {'functional_group': '2-methylbenzoic_acid', 'smiles_inds': [94]}]",7.018160045039492e-20
23,bottom,COc1ccc2ccccc2c1c1c2ccccc2ccc1c1nc2c(ccc(c3ccc(C)cc3)c2nc1c1nc2c(ccc(c3ccc(C)cc3)c2nc1c1nc2c(ccc(c3ccc(C)cc3)c2nc1c1nc2c(ccc(c3ccc(C)cc3)c2nc1c1nc2c(ccc(c3ccc(C)cc3)c2n[c-]1)c1ccc(C)cc1)c1ccc(C)cc1)c1ccc(C)cc1)c1ccc(C)cc1)c1ccc(C)cc1,"[106, 88]",[],7.861503569479804e-20
23,bottom,CC(C)CC1NC(=O)C2(CCC(=O)NC(CC(O)=O)C(=O)NC(CC3=CNc4ccccc34)C(=O)N2)CSCC(NC(=O)C(CCC(O)=O)NC(=O)C(CC2=CNc3ccccc23)NC1=O)C(=O)NC1CSSCC(NC(=O)C2CSCC3(CC(NC1=O)C(=O)NC(C(C)O)C(=O)NCC(=O)N3)C(=O)NC(CC(C)C)C(=O)NC(Cc1ccccc1)C(=O)NC(C)C(=O)N2)C(O)=O,"[77, 87]","[{'functional_group': 'ethyl', 'smiles_inds': [101]}, {'functional_group': 'thiol', 'smiles_inds': [130]}]",7.373255923777145e-19
23,bottom,CC(C)c1cccc(C(C)C)c1c1cc(NCCN(CCNc2cc(cc(c2)c2c(cccc2C(C)C)C(C)C)c2c(cccc2C(C)C)C(C)C)CCNc2cc(cc(c2)c2c(cccc2C(C)C)C(C)C)c2c(cccc2C(C)C)C(C)C)cc(c1)c1c(cccc1C(C)C)C(C)C,"[18, 15, 21]",[],7.732819767413526e-19
23,bottom,CC(C)(C)c1cc2c3cc(cc4c5cc(cc6c7cc(cc8c9cc(cc%10c%11cc(cc%12c(c1)c2c1c(c34)c(c56)c(c78)c(c9%10)c1c%11%12)C(C)(C)C)C(C)(C)C)C(C)(C)C)C(C)(C)C)C1=CN(Cc2ccccc2)N=N1,[73],"[{'functional_group': 'phenyl', 'smiles_inds': [68]}]",2.4687661164830136e-18
23,median,C(CN=Cc1ccccn1)[Se]c1ccccc1,"[10, 9, 2]",[],0.2806659153001563
23,median,CC(=O)C1=C(C)NC(=S)NC1,[8],[],0.2807116378004419
23,median,CCCc1cc2C=CC(=O)c3c([O-])ccc(c1)c23,"[9, 12]","[{'functional_group': 'cyano', 'smiles_inds': [16]}, {'functional_group': 'carboxyl', 'smiles_inds': [2]}, {'functional_group': 'tribromo', 'smiles_inds': [14]}]",0.2808113524439645
23,median,c1ccc(cc1)B(N1C=Cc2cccnc12)N1C=Cc2cccnc12,"[7, 6, 16]",[],0.28083168219334886
23,median,Fc1ccc(cc1)N(CN1C=CC=N1)CN1C=CC=N1,"[13, 19]","[{'functional_group': 'ether', 'smiles_inds': [17]}]",0.28085901072588504
23,median,CNc1cccc(n1)c1ccccn1,"[13, 7]",[],0.2808764660312854
23,median,C1CCC(CC1)N[C-]=NC(Nc1ccccc1)=Nc1ccccc1,"[17, 7]","[{'functional_group': 'carboxyl', 'smiles_inds': [6]}, {'functional_group': 'trichloro', 'smiles_inds': [23]}]",0.2810262989997913
23,median,FC(F)(F)c1cccc(c1)N=Cc1cc2ccccc2cc1[O-],"[22, 10]",[],0.28103361697286977
23,median,CC(C)CC(NCc1ccccc1[O-])C(=O)[O-],"[16, 5, 13]","[{'functional_group': 'carboxyl', 'smiles_inds': [6]}, {'functional_group': 'thiol', 'smiles_inds': [0]}]",0.2810499255231896
23,median,c1cc([c-]c(c1)C12N=CC3C4C1[S+2]234)C12N=CC3C4C1[S+2]234,"[7, 14, 3]","[{'functional_group': 'phenyl', 'smiles_inds': [11]}, {'functional_group': 'phosphonate', 'smiles_inds': [1]}]",0.28108454901912017
23,median,c1cc([c-]c(c1)C12N=CC3C4C1[S+2]234)C12N=CC3C4C1[S+2]234,"[7, 14, 3]","[{'functional_group': 'fluoro', 'smiles_inds': [17]}, {'functional_group': 'methyl', 'smiles_inds': [10]}, {'functional_group': 'amino', 'smiles_inds': [18]}]",0.28122665535940394
23,median,CC(=O)c1cccc(n1)C(C)=NCc1cccc2ccccc12,"[11, 8, 2]",[],0.28122942118722377
23,median,CN(C)c1ccc(cc1)N=Cc1ccccc1[O-],"[17, 9]",[],0.2812573108909319
23,median,C[C-](C)N(c1ccccc1)c1cccc(n1)c1ccccn1,"[15, 3, 1]","[{'functional_group': 'methyl', 'smiles_inds': [2]}, {'functional_group': 'trichloro', 'smiles_inds': [20]}, {'functional_group': 'phosphonate', 'smiles_inds': [19]}]",0.2812708941726768
23,median,COCCN(CC[S-])CC[S-],"[4, 7, 10]","[{'functional_group': 'ether', 'smiles_inds': [6]}]",0.28130818008044517
23,median,CSc1ccccc1[S](=O)=O,"[8, 1]",[],0.2813312582974201
23,median,CC1=NN(c2ccccc2)C(=C1Br)C,[2],[],0.28136697342953343
23,median,CCOC(=O)[C-](Cc1ccc2cccc([O-])c2n1)C(C)=O,"[5, 15, 17]","[{'functional_group': 'ketone', 'smiles_inds': [19]}]",0.2814224534848877
23,median,CCN1C=C(C(=O)[O-])C(=O)c2cnc(nc12)N1CC[NH2+]CC1,"[7, 9]","[{'functional_group': 'amide', 'smiles_inds': [18]}]",0.2814348291746296
23,median,c1cc([c-]c(c1)C12N=CC3C4C1[S+2]234)C12N=CC3C4C1[S+2]234,"[7, 14, 3]","[{'functional_group': 'amino', 'smiles_inds': [11]}, {'functional_group': 'ketone', 'smiles_inds': [8]}, {'functional_group': 'ketone', 'smiles_inds': [15]}]",0.28156421458165937
23,top,CN1C=CN=C1C=NCC(C)(CN=CC1=NC=CN1C)CN=CC1=NC=CN1C,"[7, 21, 4, 24, 12, 15]","[{'functional_group': 'carboxylate', 'smiles_inds': [10]}, {'functional_group': 'ethyl', 'smiles_inds': [6]}, {'functional_group': 'cyanimide', 'smiles_inds': [20]}]",0.9999988957917709
23,top,CC[NH+]1CCN(CC1)c1cc2N(C=C(C(=O)[O-])C(=O)c2cc1F)C1CC1,"[18, 16]","[{'functional_group': 'methyl', 'smiles_inds': [9]}, {'functional_group': 'iodo', 'smiles_inds': [7]}, {'functional_group': 'carboxylate', 'smiles_inds': [20]}, {'functional_group': 'carboxylate', 'smiles_inds': [12]}, {'functional_group': 'cyano', 'smiles_inds': [2]}, {'functional_group': 'trifluro', 'smiles_inds': [23]}, {'functional_group': 'amino', 'smiles_inds': [0]}, {'functional_group': 'chloro', 'smiles_inds': [4]}, {'functional_group': 'cyano', 'smiles_inds': [6]}, {'functional_group': 'phosphonate', 'smiles_inds': [24]}]",0.9999989549812918
23,top,[nH+]1cc[nH+]c2c1c1cccnc1c1ncccc21,"[13, 10]","[{'functional_group': 'cyano', 'smiles_inds': [1]}, {'functional_group': 'carboxylate', 'smiles_inds': [9]}, {'functional_group': 'carboxylate', 'smiles_inds': [7]}, {'functional_group': 'carboxylate', 'smiles_inds': [15]}, {'functional_group': 'tribromo', 'smiles_inds': [3]}, {'functional_group': '2-hydroxypyridine', 'smiles_inds': [16]}, {'functional_group': 'amide', 'smiles_inds': [8]}]",0.999999108345316
23,top,[nH+]1cc[nH+]c2c1c1cccnc1c1ncccc21,"[13, 10]","[{'functional_group': 'cyano', 'smiles_inds': [1]}, {'functional_group': 'carboxylate', 'smiles_inds': [9]}, {'functional_group': 'carboxylate', 'smiles_inds': [7]}, {'functional_group': 'carboxylate', 'smiles_inds': [15]}, {'functional_group': 'tribromo', 'smiles_inds': [3]}, {'functional_group': '2-hydroxypyridine', 'smiles_inds': [16]}, {'functional_group': 'phenyl', 'smiles_inds': [2]}]",0.9999993583850253
23,top,CC[NH+]1CCN(CC1)c1cc2N(C=C(C(=O)[O-])C(=O)c2cc1F)C1CC1,"[18, 16]","[{'functional_group': 'methyl', 'smiles_inds': [9]}, {'functional_group': 'iodo', 'smiles_inds': [7]}, {'functional_group': 'carboxylate', 'smiles_inds': [20]}, {'functional_group': 'carboxylate', 'smiles_inds': [12]}, {'functional_group': 'cyano', 'smiles_inds': [2]}, {'functional_group': 'trifluro', 'smiles_inds': [23]}, {'functional_group': 'amino', 'smiles_inds': [0]}, {'functional_group': 'chloro', 'smiles_inds': [4]}, {'functional_group': 'cyano', 'smiles_inds': [6]}, {'functional_group': 'ether', 'smiles_inds': [24]}, {'functional_group': 'cyanimide', 'smiles_inds': [25]}]",0.9999994948533757
23,top,[nH+]1cc[nH+]c2c1c1cccnc1c1ncccc21,"[13, 10]","[{'functional_group': 'cyano', 'smiles_inds': [1]}, {'functional_group': 'carboxylate', 'smiles_inds': [9]}, {'functional_group': 'carboxylate', 'smiles_inds': [7]}, {'functional_group': 'carboxylate', 'smiles_inds': [15]}, {'functional_group': 'tribromo', 'smiles_inds': [3]}, {'functional_group': '2-hydroxypyridine', 'smiles_inds': [16]}, {'functional_group': 'fluoro', 'smiles_inds': [14]}, {'functional_group': 'carbonyl', 'smiles_inds': [8]}]",0.9999995123403449
23,top,[nH+]1cc[nH+]c2c1c1cccnc1c1ncccc21,"[13, 10]","[{'functional_group': 'cyano', 'smiles_inds': [1]}, {'functional_group': 'carboxylate', 'smiles_inds': [9]}, {'functional_group': 'carboxylate', 'smiles_inds': [7]}, {'functional_group': 'carboxylate', 'smiles_inds': [15]}, {'functional_group': 'tribromo', 'smiles_inds': [3]}, {'functional_group': '2-hydroxypyridine', 'smiles_inds': [16]}, {'functional_group': 'trichloro', 'smiles_inds': [8]}]",0.9999995842085735
23,top,[nH+]1cc[nH+]c2c1c1cccnc1c1ncccc21,"[13, 10]","[{'functional_group': 'cyano', 'smiles_inds': [1]}, {'functional_group': 'carboxylate', 'smiles_inds': [9]}, {'functional_group': 'carboxylate', 'smiles_inds': [7]}, {'functional_group': 'carboxylate', 'smiles_inds': [15]}, {'functional_group': 'tribromo', 'smiles_inds': [3]}, {'functional_group': '2-hydroxypyridine', 'smiles_inds': [16]}, {'functional_group': 'cyanimide', 'smiles_inds': [2]}]",0.999999645141519
23,top,[nH+]1cc[nH+]c2c1c1cccnc1c1ncccc21,"[13, 10]","[{'functional_group': 'cyano', 'smiles_inds': [1]}, {'functional_group': 'carboxylate', 'smiles_inds': [9]}, {'functional_group': 'carboxylate', 'smiles_inds': [7]}, {'functional_group': 'carboxylate', 'smiles_inds': [15]}, {'functional_group': 'tribromo', 'smiles_inds': [3]}, {'functional_group': '2-hydroxypyridine', 'smiles_inds': [16]}, {'functional_group': 'hydroxyl', 'smiles_inds': [8]}]",0.9999996553703403
23,top,[nH+]1cc[nH+]c2c1c1cccnc1c1ncccc21,"[13, 10]","[{'functional_group': 'cyano', 'smiles_inds': [1]}, {'functional_group': 'carboxylate', 'smiles_inds': [9]}, {'functional_group': 'carboxylate', 'smiles_inds': [7]}, {'functional_group': 'carboxylate', 'smiles_inds': [15]}, {'functional_group': 'tribromo', 'smiles_inds': [3]}, {'functional_group': '2-hydroxypyridine', 'smiles_inds': [16]}, {'functional_group': 'carbonyl', 'smiles_inds': [2]}]",0.9999996611574602
23,top,[nH+]1cc[nH+]c2c1c1cccnc1c1ncccc21,"[13, 10]","[{'functional_group': 'cyano', 'smiles_inds': [1]}, {'functional_group': 'carboxylate', 'smiles_inds': [9]}, {'functional_group': 'carboxylate', 'smiles_inds': [7]}, {'functional_group': 'carboxylate', 'smiles_inds': [15]}, {'functional_group': 'tribromo', 'smiles_inds': [3]}, {'functional_group': '2-hydroxypyridine', 'smiles_inds': [16]}, {'functional_group': 'ethyl', 'smiles_inds': [8]}]",0.999999716304033
23,top,[nH+]1cc[nH+]c2c1c1cccnc1c1ncccc21,"[13, 10]","[{'functional_group': 'cyano', 'smiles_inds': [1]}, {'functional_group': 'carboxylate', 'smiles_inds': [9]}, {'functional_group': 'carboxylate', 'smiles_inds': [7]}, {'functional_group': 'carboxylate', 'smiles_inds': [15]}, {'functional_group': 'tribromo', 'smiles_inds': [3]}, {'functional_group': '2-hydroxypyridine', 'smiles_inds': [16]}, {'functional_group': 'bromo', 'smiles_inds': [0]}]",0.9999997420890451
23,top,[nH+]1cc[nH+]c2c1c1cccnc1c1ncccc21,"[13, 10]","[{'functional_group': 'cyano', 'smiles_inds': [1]}, {'functional_group': 'carboxylate', 'smiles_inds': [9]}, {'functional_group': 'carboxylate', 'smiles_inds': [7]}, {'functional_group': 'carboxylate', 'smiles_inds': [15]}, {'functional_group': 'tribromo', 'smiles_inds': [3]}, {'functional_group': '2-hydroxypyridine', 'smiles_inds': [16]}, {'functional_group': 'ketone', 'smiles_inds': [8]}]",0.9999997603819587
23,top,[nH+]1cc[nH+]c2c1c1cccnc1c1ncccc21,"[13, 10]","[{'functional_group': 'cyano', 'smiles_inds': [1]}, {'functional_group': 'carboxylate', 'smiles_inds': [9]}, {'functional_group': 'carboxylate', 'smiles_inds': [7]}, {'functional_group': 'carboxylate', 'smiles_inds': [15]}, {'functional_group': 'carboxylate', 'smiles_inds': [14]}, {'functional_group': 'phosphonate', 'smiles_inds': [16]}]",0.99999978014466
23,top,[nH+]1cc[nH+]c2c1c1cccnc1c1ncccc21,"[13, 10]","[{'functional_group': 'cyano', 'smiles_inds': [1]}, {'functional_group': 'carboxylate', 'smiles_inds': [9]}, {'functional_group': 'carboxylate', 'smiles_inds': [7]}, {'functional_group': 'carboxylate', 'smiles_inds': [15]}, {'functional_group': 'tribromo', 'smiles_inds': [3]}, {'functional_group': '2-hydroxypyridine', 'smiles_inds': [16]}, {'functional_group': 'iodo', 'smiles_inds': [8]}]",0.9999997907584173
23,top,[nH+]1cc[nH+]c2c1c1cccnc1c1ncccc21,"[13, 10]","[{'functional_group': 'cyano', 'smiles_inds': [1]}, {'functional_group': 'carboxylate', 'smiles_inds': [9]}, {'functional_group': 'carboxylate', 'smiles_inds': [7]}, {'functional_group': 'carboxylate', 'smiles_inds': [15]}, {'functional_group': 'tribromo', 'smiles_inds': [3]}, {'functional_group': '2-hydroxypyridine', 'smiles_inds': [16]}, {'functional_group': 'phosphonate', 'smiles_inds': [0]}]",0.9999997920702027
23,top,[nH+]1cc[nH+]c2c1c1cccnc1c1ncccc21,"[13, 10]","[{'functional_group': 'cyano', 'smiles_inds': [1]}, {'functional_group': 'carboxylate', 'smiles_inds': [9]}, {'functional_group': 'carboxylate', 'smiles_inds': [7]}, {'functional_group': 'carboxylate', 'smiles_inds': [15]}, {'functional_group': 'tribromo', 'smiles_inds': [3]}, {'functional_group': '2-hydroxypyridine', 'smiles_inds': [16]}, {'functional_group': 'aldehyde', 'smiles_inds': [14]}]",0.9999999165448054
23,top,[nH+]1cc[nH+]c2c1c1cccnc1c1ncccc21,"[13, 10]","[{'functional_group': 'cyano', 'smiles_inds': [1]}, {'functional_group': 'carboxylate', 'smiles_inds': [9]}, {'functional_group': 'carboxylate', 'smiles_inds': [7]}, {'functional_group': 'carboxylate', 'smiles_inds': [15]}, {'functional_group': 'tribromo', 'smiles_inds': [3]}, {'functional_group': '2-hydroxypyridine', 'smiles_inds': [16]}, {'functional_group': '2-hydroxypyridine', 'smiles_inds': [2]}, {'functional_group': 'carbonyl', 'smiles_inds': [14]}]",0.9999999549143501
23,top,[nH+]1cc[nH+]c2c1c1cccnc1c1ncccc21,"[13, 10]","[{'functional_group': 'cyano', 'smiles_inds': [1]}, {'functional_group': 'carboxylate', 'smiles_inds': [9]}, {'functional_group': 'carboxylate', 'smiles_inds': [7]}, {'functional_group': 'carboxylate', 'smiles_inds': [15]}, {'functional_group': 'tribromo', 'smiles_inds': [3]}, {'functional_group': '2-hydroxypyridine', 'smiles_inds': [16]}, {'functional_group': '2-hydroxypyridine', 'smiles_inds': [14]}]",0.9999999562542529
23,top,[nH+]1cc[nH+]c2c1c1cccnc1c1ncccc21,"[13, 10]","[{'functional_group': 'cyano', 'smiles_inds': [1]}, {'functional_group': 'carboxylate', 'smiles_inds': [9]}, {'functional_group': 'carboxylate', 'smiles_inds': [7]}, {'functional_group': 'carboxylate', 'smiles_inds': [15]}, {'functional_group': 'tribromo', 'smiles_inds': [3]}, {'functional_group': '2-hydroxypyridine', 'smiles_inds': [16]}, {'functional_group': 'aldehyde', 'smiles_inds': [2]}, {'functional_group': 'carboxylate', 'smiles_inds': [14]}]",0.9999999744630665
24,bottom,C[Si](C)(C)c1cc(cc(c1)[Si](C#CP(C#C[Si](c1cc(cc(c1)[Si](C)(C)C)[Si](C)(C)C)(c1cc(cc(c1)[Si](C)(C)C)[Si](C)(C)C)c1cc(cc(c1)[Si](C)(C)C)[Si](C)(C)C)C#C[Si](c1cc(cc(c1)[Si](C)(C)C)[Si](C)(C)C)(c1cc(cc(c1)[Si](C)(C)C)[Si](C)(C)C)c1cc(cc(c1)[Si](C)(C)C)[Si](C)(C)C)(c1cc(cc(c1)[Si](C)(C)C)[Si](C)(C)C)c1cc(cc(c1)[Si](C)(C)C)[Si](C)(C)C)[Si](C)(C)C,[13],"[{'functional_group': 'ethyl', 'smiles_inds': [32]}, {'functional_group': 'amide', 'smiles_inds': [5]}]",2.0708249489650497e-42
24,bottom,CN1CC23c4c5c6c7c8c9c%10c%11c%12c%13c%14c%10c%10c%15c%14c%14c%16c%13c%13c%12c%12c%17c%11c9c9c%11c%17c%17c%12c%12c%13c%13c%16c%16c%14c%14c%15c(c6c8%10)c4c%14c4c%16c6c%13c%12c8c%17c%10c%11c(c79)c5c2c%10c8c6C34C1c1ccncc1,[67],[],7.389620640430897e-32
24,bottom,N1C(c2ccccn2)C23C4=C5C6=C7C8=C9c%10c%11c%12c%13c%14c%10c8c8c%10c%14c%14c%13c%13c%15c%12c%12c%11c%11C9=C6C6=C4C4=C9c(c%12c%12c%15c%15c%13c%13c%14c%14c%10c%10c8c7c5c5c%10c7c%14c%13c8c%15c(c9%12)C(=C24)c8c7C35C1c1ccccn1)c%116,[0],[],1.3405129201563044e-31
24,bottom,C1N(CC23c4c5c6c7c8c9c%10c%11c%12c%13c%14c%10c%10c%15c%14c%14c%16c%13c%13c%12c%12c%17c%11c9c9c%11c%17c%17c%12c%12c%13c%13c%16c%16c%14c%14c%15c(c6c8%10)c4c%14c4c%16c6c%13c%12c8c%17c%10c%11c(c79)c5c2c%10c8c6C134)c1ccncc1,[1],"[{'functional_group': 'ketone', 'smiles_inds': [65]}]",3.155875793652781e-31
24,bottom,C[Si](C)(C)C(c1cc(C([Si](C)(C)C)[Si](C)(C)C)c(Sc2ccccc2[Se]c2ccccc2[Se]c2ccccc2Sc2c(cc(cc2C([Si](C)(C)C)[Si](C)(C)C)C([Si](C)(C)C)[Si](C)(C)C)C([Si](C)(C)C)[Si](C)(C)C)c(c1)C([Si](C)(C)C)[Si](C)(C)C)[Si](C)(C)C,"[25, 32]","[{'functional_group': 'methyl_ester', 'smiles_inds': [44]}, {'functional_group': '2-methylbenzoic_acid', 'smiles_inds': [85]}]",2.5016658348413576e-30
24,bottom,CCCC[P](CCCC)(CCCC)CCP(CCP(CCP(CC[P](CCCC)(CCCC)CCCC)CC[P](CCCC)(CCCC)CCCC)c1ccccc1)CC[P](CCCC)(CCCC)CCCC,"[15, 18, 21]","[{'functional_group': 'ethyl_ester', 'smiles_inds': [65]}]",3.91527205114304e-30
24,bottom,CCCC[P](CCCC)(CCCC)CCP(CCP(CCP(CC[P](CCCC)(CCCC)CCCC)CC[P](CCCC)(CCCC)CCCC)c1ccccc1)CC[P](CCCC)(CCCC)CCCC,"[15, 18, 21]","[{'functional_group': 'carboxyl', 'smiles_inds': [65]}]",1.102929922499507e-29
24,bottom,CCCC[P](CCCC)(CCCC)CCP(CCP(CCP(CC[P](CCCC)(CCCC)CCCC)CC[P](CCCC)(CCCC)CCCC)c1ccccc1)CC[P](CCCC)(CCCC)CCCC,"[15, 18, 21]","[{'functional_group': 'bromo', 'smiles_inds': [69]}]",1.104848968077799e-29
24,bottom,C[Si](C)(C)C(c1cc(C([Si](C)(C)C)[Si](C)(C)C)c([Se]c2ccccc2[Se]c2ccccc2[Se]c2ccccc2[Se]c2c(cc(cc2C([Si](C)(C)C)[Si](C)(C)C)C([Si](C)(C)C)[Si](C)(C)C)C([Si](C)(C)C)[Si](C)(C)C)c(c1)C([Si](C)(C)C)[Si](C)(C)C)[Si](C)(C)C,"[25, 32]",[],5.8676154917047544e-27
24,bottom,C[Si](C)(C)C(c1cc(C([Si](C)(C)C)[Si](C)(C)C)c([Se]c2ccccc2[Se]c2ccccc2[Se]c2ccccc2[Se]c2c(cc(cc2C([Si](C)(C)C)[Si](C)(C)C)C([Si](C)(C)C)[Si](C)(C)C)C([Si](C)(C)C)[Si](C)(C)C)c(c1)C([Si](C)(C)C)[Si](C)(C)C)[Si](C)(C)C,"[25, 32]","[{'functional_group': 'cyano', 'smiles_inds': [63]}]",9.671486170850567e-27
24,bottom,O=C1c2[c-]c3c4c5[c-]c6C(=O)C7(c8ccccc8)C(=NC8(c9ccccn9)c9c1c1c2c2c3c3c%10c4c4c%11c5c5c6c6c%12C%13=C%14C%15=C%16C%17=C%18C(=C%19C3=C2C2=C3C%19=C%18C%18=C%16c%16c%14c%12c(c%12c%16c%18c3c(c12)c9%12)c8c76)C%10=C4C%17=C%15C%11=C5%13)c1ccccc1,"[7, 3, 10]","[{'functional_group': 'cyanimide', 'smiles_inds': [24]}]",1.1094594813198082e-21
24,bottom,O=C1c2[c-]c3c4c5[c-]c6C(=O)C7(c8ccccc8)C(=NC8(c9ccccn9)c9c1c1c2c2c3c3c%10c4c4c%11c5c5c6c6c%12C%13=C%14C%15=C%16C%17=C%18C(=C%19C3=C2C2=C3C%19=C%18C%18=C%16c%16c%14c%12c(c%12c%16c%18c3c(c12)c9%12)c8c76)C%10=C4C%17=C%15C%11=C5%13)c1ccccc1,"[7, 3, 10]","[{'functional_group': 'hydroxyl', 'smiles_inds': [25]}]",3.570247627667091e-21
24,bottom,CCCOc1c2Cc3cc(cc(Cc4cccc(Cc5cc(cc(Cc1ccc2)c5OCCC)c1cccc(c1)c1cc2Cc5cccc(Cc6cc(cc(Cc7cccc(Cc(c1)c2OCCC)c7OCCC)c6OCCC)P(c1ccccc1)c1ccccc1)c5OCCC)c4OCCC)c3OCCC)P(c1ccccc1)c1ccccc1,"[107, 79]","[{'functional_group': 'carboxyllic_acid', 'smiles_inds': [28]}]",6.515616036848697e-20
24,bottom,CC(C)c1cccc(C(C)C)c1c1cc(NCCN(CCNc2cc(cc(c2)c2c(cccc2C(C)C)C(C)C)c2c(cccc2C(C)C)C(C)C)CCNc2cc(cc(c2)c2c(cccc2C(C)C)C(C)C)c2c(cccc2C(C)C)C(C)C)cc(c1)c1c(cccc1C(C)C)C(C)C,"[18, 15, 21]","[{'functional_group': 'carboxyllic_acid', 'smiles_inds': [42]}]",2.4459276332822375e-19
24,bottom,C1CCCCCCCCCCCP2CCCCCCCCCCCCCCCCCCCCCCP(CCCCCCCCCC1)CCCCCCCCCCCCCCCCCCCCCC2,"[12, 35]","[{'functional_group': 'fluoro', 'smiles_inds': [48]}, {'functional_group': 'ethyl_ester', 'smiles_inds': [2]}]",6.069879051975187e-19
24,bottom,CC(C)c1cccc(C(C)C)c1c1cc(NCCN(CCNc2cc(cc(c2)c2c(cccc2C(C)C)C(C)C)c2c(cccc2C(C)C)C(C)C)CCNc2cc(cc(c2)c2c(cccc2C(C)C)C(C)C)c2c(cccc2C(C)C)C(C)C)cc(c1)c1c(cccc1C(C)C)C(C)C,"[18, 15, 21]",[],1.0427390110768353e-18
24,bottom,Cc1cc(c2ccc(cc2)c2c3ccccc3cc3ccccc23)c(N=C(C)C(C)=Nc2c(cc(C)cc2c2ccc(cc2)c2c3ccccc3cc3ccccc23)c2ccc(cc2)c2c3ccccc3cc3ccccc23)c(c1)c1ccc(cc1)c1c2ccccc2cc2ccccc12,"[25, 30]",[],3.865365831044838e-18
24,bottom,CC(C)(C)c1cc(CP(C23CC4CC(CC(C4)C2)C3)C23CC4CC(CC(C4)C2)C3)c2[N-]c3c(CP(C45CC6CC(CC(C6)C4)C5)C45CC6CC(CC(C6)C4)C5)cc(cc3c2c1)C(C)(C)C,"[34, 8, 30]","[{'functional_group': 'ethyl', 'smiles_inds': [20]}]",4.187297425503006e-18
24,bottom,C1CCC(CC1)B(CCCP(CCCB(C1CCCCC1)C1CCCCC1)CCP(CCCB(C1CCCCC1)C1CCCCC1)CCCB(C1CCCCC1)C1CCCCC1)C1CCCCC1,"[10, 29]","[{'functional_group': 'methyl', 'smiles_inds': [11]}, {'functional_group': 'ether', 'smiles_inds': [21]}, {'functional_group': '2-hydroxypyridine', 'smiles_inds': [8]}]",4.346046453644834e-18
24,bottom,FC(F)(F)C(F)(F)C(F)(F)C(F)(F)C(F)(F)C(F)(F)C(F)(F)C(F)(F)CCP(CCC(F)(F)C(F)(F)C(F)(F)C(F)(F)C(F)(F)C(F)(F)C(F)(F)C(F)(F)F)Cc1cccc(CP(CCC(F)(F)C(F)(F)C(F)(F)C(F)(F)C(F)(F)C(F)(F)C(F)(F)C(F)(F)F)CCC(F)(F)C(F)(F)C(F)(F)C(F)(F)C(F)(F)C(F)(F)C(F)(F)C(F)(F)F)[c-]1,"[27, 62, 117]","[{'functional_group': 'carboxyl', 'smiles_inds': [28]}, {'functional_group': 'thiol', 'smiles_inds': [64]}]",4.837079246416644e-18
24,median,Fc1ccc([O-])c(C=Nc2ccccc2Sc2ccccc2)c1,"[15, 5, 8]","[{'functional_group': 'fluoro', 'smiles_inds': [13]}, {'functional_group': 'methyl_ester', 'smiles_inds': [17]}]",0.26620167642640236
24,median,c1cc([c-]c(c1)C12N=CC3C4C1[S+2]234)C12N=CC3C4C1[S+2]234,"[7, 14, 3]","[{'functional_group': 'phenyl', 'smiles_inds': [11]}, {'functional_group': 'carbonyl', 'smiles_inds': [0]}]",0.266288671056308
24,median,C[Si](C)(N1CCCC1)[C-]1c2ccccc2c2ccccc12,"[3, 8]",[],0.266401441660486
24,median,O=C([O-])C1CCCN1,"[2, 7]","[{'functional_group': 'bromo', 'smiles_inds': [4]}, {'functional_group': 'ethyl', 'smiles_inds': [6]}]",0.2664573698538592
24,median,N1N=NN=C1c1cc[nH+]cc1,[2],"[{'functional_group': '2-methylbenzoic_acid', 'smiles_inds': [9]}]",0.26650156856872353
24,median,N1N=NN=C1c1cc[nH+]cc1,[2],"[{'functional_group': '2-methylbenzoic_acid', 'smiles_inds': [7]}]",0.2665015685687243
24,median,[NH3+]CCN=C(C)C(C)=NO,"[3, 8]","[{'functional_group': 'iodo', 'smiles_inds': [9]}]",0.2665225653262525
24,median,COC(=O)C(=NNc1nc(C)cc(C)n1)c1ccccc1,"[14, 5]","[{'functional_group': 'ether', 'smiles_inds': [18]}]",0.266656278326779
24,median,CSc1ccc(C)cc1P(c1cc(C)ccc1[S-])c1cc(C)ccc1[S-],"[17, 25, 9]","[{'functional_group': 'methyl_ester', 'smiles_inds': [14]}, {'functional_group': 'amide', 'smiles_inds': [19]}]",0.2668192318520629
24,median,CN(C)CC(N1C=CC=N1)N1C=CC=N1,"[14, 9, 1]","[{'functional_group': 'carboxylate', 'smiles_inds': [7]}, {'functional_group': 'chloro', 'smiles_inds': [13]}]",0.26688375303144524
24,median,C1C[N-]c2c(C1)ccc1cccnc21,"[12, 2]",[],0.2669804863703917
24,median,CC(C)(C)c1cc(Sc2ccccc2)c([O-])c(C=O)c1,"[18, 15]",[],0.2670022409815996
24,median,CC1=NN(C(=C1)C)c1cccc(n1)C1=Nc2cc(C)c(C)cc2[N-]1,"[23, 3, 2]","[{'functional_group': 'amide', 'smiles_inds': [21]}]",0.2670438716252594
24,median,O=C(Nc1ccccn1)N1CCOCC1,"[8, 0]","[{'functional_group': 'thiol', 'smiles_inds': [6]}]",0.2670824800357916
24,median,C(Cc1ccccn1)N[CH-]c1ccccc1P(c1ccccc1)c1ccccc1,"[9, 16]",[],0.26711472483370874
24,median,Clc1ccc(cc1)C(=N)NC(=N)c1ccc(Cl)cc1,"[8, 11]","[{'functional_group': 'carboxylate', 'smiles_inds': [3]}]",0.26717997056686893
24,median,CCCNc1nc[nH+]c2[N-]C=[NH+]c12,[9],"[{'functional_group': 'carbonyl', 'smiles_inds': [2]}, {'functional_group': 'ethyl', 'smiles_inds': [3]}]",0.2671815509661677
24,median,[O-]C(=NC(=Nc1ccccc1)c1ccccc1)c1ccccc1,"[0, 4]",[],0.2672058990868469
24,median,Nc1ccccc1C([O-])=NN=Cc1c2ccccc2cc2ccccc12,"[8, 10]","[{'functional_group': 'ether', 'smiles_inds': [19]}]",0.2672317973997831
24,median,O(P(Oc1ccccn1)Oc1ccccn1)c1ccccn1,"[8, 15, 1]",[],0.26724082228338336
24,top,CC(CN=CC1=NC=CN1)(CN=CC1=NC=CN1)CN=CC1=NC=CN1,"[19, 3, 22, 6, 11, 14]",[],0.9999985665647014
24,top,[nH+]1cc[nH+]c2c1c1cccnc1c1ncccc21,"[13, 10]","[{'functional_group': 'cyano', 'smiles_inds': [1]}, {'functional_group': 'carboxylate', 'smiles_inds': [9]}, {'functional_group': 'carboxylate', 'smiles_inds': [7]}, {'functional_group': 'carboxylate', 'smiles_inds': [15]}, {'functional_group': 'tribromo', 'smiles_inds': [3]}, {'functional_group': '2-hydroxypyridine', 'smiles_inds': [16]}, {'functional_group': 'methyl_ester', 'smiles_inds': [2]}]",0.9999985792403474
24,top,[nH+]1cc[nH+]c2c1c1cccnc1c1ncccc21,"[13, 10]","[{'functional_group': 'cyano', 'smiles_inds': [1]}, {'functional_group': 'carboxylate', 'smiles_inds': [9]}, {'functional_group': 'carboxylate', 'smiles_inds': [7]}, {'functional_group': 'carboxylate', 'smiles_inds': [15]}, {'functional_group': 'tribromo', 'smiles_inds': [3]}, {'functional_group': '2-hydroxypyridine', 'smiles_inds': [16]}, {'functional_group': 'phenyl', 'smiles_inds': [0]}]",0.9999986386095909
24,top,[nH+]1cc[nH+]c2c1c1cccnc1c1ncccc21,"[13, 10]","[{'functional_group': 'cyano', 'smiles_inds': [1]}, {'functional_group': 'carboxylate', 'smiles_inds': [9]}, {'functional_group': 'carboxylate', 'smiles_inds': [7]}, {'functional_group': 'carboxylate', 'smiles_inds': [15]}, {'functional_group': 'tribromo', 'smiles_inds': [3]}, {'functional_group': '2-hydroxypyridine', 'smiles_inds': [16]}, {'functional_group': 'carboxyllic_acid', 'smiles_inds': [8]}]",0.9999987515326966
24,top,[nH+]1cc[nH+]c2c1c1cccnc1c1ncccc21,"[13, 10]","[{'functional_group': 'cyano', 'smiles_inds': [1]}, {'functional_group': 'carboxylate', 'smiles_inds': [9]}, {'functional_group': 'carboxylate', 'smiles_inds': [7]}, {'functional_group': 'carboxylate', 'smiles_inds': [15]}, {'functional_group': 'tribromo', 'smiles_inds': [3]}, {'functional_group': '2-hydroxypyridine', 'smiles_inds': [16]}, {'functional_group': 'ether', 'smiles_inds': [2]}, {'functional_group': 'carbonyl', 'smiles_inds': [8]}]",0.9999988694459453
24,top,[nH+]1cc[nH+]c2c1c1cccnc1c1ncccc21,"[13, 10]","[{'functional_group': 'cyano', 'smiles_inds': [1]}, {'functional_group': 'carboxylate', 'smiles_inds': [9]}, {'functional_group': 'carboxylate', 'smiles_inds': [7]}, {'functional_group': 'carboxylate', 'smiles_inds': [15]}, {'functional_group': 'tribromo', 'smiles_inds': [3]}, {'functional_group': '2-hydroxypyridine', 'smiles_inds': [16]}, {'functional_group': 'hydroxyl', 'smiles_inds': [2]}, {'functional_group': 'trichloro', 'smiles_inds': [8]}]",0.9999995180143721
24,top,CC[NH+]1CCN(CC1)c1cc2N(C=C(C(=O)[O-])C(=O)c2cc1F)C1CC1,"[18, 16]","[{'functional_group': 'methyl', 'smiles_inds': [9]}, {'functional_group': 'iodo', 'smiles_inds': [7]}, {'functional_group': 'carboxylate', 'smiles_inds': [20]}, {'functional_group': 'carboxylate', 'smiles_inds': [12]}, {'functional_group': 'cyano', 'smiles_inds': [2]}, {'functional_group': 'trifluro', 'smiles_inds': [23]}, {'functional_group': 'amino', 'smiles_inds': [0]}, {'functional_group': 'chloro', 'smiles_inds': [4]}, {'functional_group': 'cyano', 'smiles_inds': [6]}, {'functional_group': 'amino', 'smiles_inds': [3]}]",0.9999995932915478
24,top,[nH+]1cc[nH+]c2c1c1cccnc1c1ncccc21,"[13, 10]","[{'functional_group': 'cyano', 'smiles_inds': [1]}, {'functional_group': 'carboxylate', 'smiles_inds': [9]}, {'functional_group': 'carboxylate', 'smiles_inds': [7]}, {'functional_group': 'carboxylate', 'smiles_inds': [15]}, {'functional_group': 'tribromo', 'smiles_inds': [3]}, {'functional_group': '2-hydroxypyridine', 'smiles_inds': [16]}, {'functional_group': 'tribromo', 'smiles_inds': [0]}, {'functional_group': 'cyanimide', 'smiles_inds': [14]}]",0.9999996290348916
24,top,[nH+]1cc[nH+]c2c1c1cccnc1c1ncccc21,"[13, 10]","[{'functional_group': 'cyano', 'smiles_inds': [1]}, {'functional_group': 'carboxylate', 'smiles_inds': [9]}, {'functional_group': 'carboxylate', 'smiles_inds': [7]}, {'functional_group': 'carboxylate', 'smiles_inds': [15]}, {'functional_group': 'tribromo', 'smiles_inds': [3]}, {'functional_group': '2-hydroxypyridine', 'smiles_inds': [16]}, {'functional_group': 'cyano', 'smiles_inds': [14]}]",0.999999709603538
24,top,[nH+]1cc[nH+]c2c1c1cccnc1c1ncccc21,"[13, 10]","[{'functional_group': 'cyano', 'smiles_inds': [1]}, {'functional_group': 'carboxylate', 'smiles_inds': [9]}, {'functional_group': 'carboxylate', 'smiles_inds': [7]}, {'functional_group': 'carboxylate', 'smiles_inds': [15]}, {'functional_group': 'tribromo', 'smiles_inds': [3]}, {'functional_group': '2-hydroxypyridine', 'smiles_inds': [16]}, {'functional_group': 'bromo', 'smiles_inds': [2]}]",0.9999998580738026
24,top,[nH+]1cc[nH+]c2c1c1cccnc1c1ncccc21,"[13, 10]","[{'functional_group': 'cyano', 'smiles_inds': [1]}, {'functional_group': 'carboxylate', 'smiles_inds': [9]}, {'functional_group': 'carboxylate', 'smiles_inds': [7]}, {'functional_group': 'carboxylate', 'smiles_inds': [15]}, {'functional_group': 'tribromo', 'smiles_inds': [3]}, {'functional_group': '2-hydroxypyridine', 'smiles_inds': [16]}, {'functional_group': 'phosphonate', 'smiles_inds': [14]}]",0.9999998760521009
24,top,[nH+]1cc[nH+]c2c1c1cccnc1c1ncccc21,"[13, 10]","[{'functional_group': 'cyano', 'smiles_inds': [1]}, {'functional_group': 'carboxylate', 'smiles_inds': [9]}, {'functional_group': 'carboxylate', 'smiles_inds': [7]}, {'functional_group': 'carboxylate', 'smiles_inds': [15]}, {'functional_group': 'tribromo', 'smiles_inds': [3]}, {'functional_group': '2-hydroxypyridine', 'smiles_inds': [16]}, {'functional_group': 'iodo', 'smiles_inds': [8]}, {'functional_group': 'phosphonate', 'smiles_inds': [14]}]",0.9999999011197789
24,top,[nH+]1cc[nH+]c2c1c1cccnc1c1ncccc21,"[13, 10]","[{'functional_group': 'cyano', 'smiles_inds': [1]}, {'functional_group': 'carboxylate', 'smiles_inds': [9]}, {'functional_group': 'carboxylate', 'smiles_inds': [7]}, {'functional_group': 'carboxylate', 'smiles_inds': [15]}, {'functional_group': 'tribromo', 'smiles_inds': [3]}, {'functional_group': '2-hydroxypyridine', 'smiles_inds': [16]}, {'functional_group': '2-hydroxypyridine', 'smiles_inds': [0]}, {'functional_group': 'amino', 'smiles_inds': [2]}]",0.9999999113677714
24,top,[nH+]1cc[nH+]c2c1c1cccnc1c1ncccc21,"[13, 10]","[{'functional_group': 'cyano', 'smiles_inds': [1]}, {'functional_group': 'carboxylate', 'smiles_inds': [9]}, {'functional_group': 'carboxylate', 'smiles_inds': [7]}, {'functional_group': 'carboxylate', 'smiles_inds': [15]}, {'functional_group': 'tribromo', 'smiles_inds': [3]}, {'functional_group': '2-hydroxypyridine', 'smiles_inds': [16]}, {'functional_group': 'iodo', 'smiles_inds': [2]}, {'functional_group': 'phosphonate', 'smiles_inds': [14]}]",0.9999999292181881
24,top,CC[NH+]1CCN(CC1)c1cc2N(C=C(C(=O)[O-])C(=O)c2cc1F)C1CC1,"[18, 16]","[{'functional_group': 'methyl', 'smiles_inds': [9]}, {'functional_group': 'iodo', 'smiles_inds': [7]}, {'functional_group': 'carboxylate', 'smiles_inds': [20]}, {'functional_group': 'carboxylate', 'smiles_inds': [12]}, {'functional_group': 'cyano', 'smiles_inds': [2]}, {'functional_group': 'trifluro', 'smiles_inds': [23]}, {'functional_group': 'amino', 'smiles_inds': [0]}, {'functional_group': 'chloro', 'smiles_inds': [4]}, {'functional_group': 'cyano', 'smiles_inds': [6]}, {'functional_group': 'ether', 'smiles_inds': [24]}, {'functional_group': 'cyanimide', 'smiles_inds': [1]}, {'functional_group': 'chloro', 'smiles_inds': [3]}]",0.9999999298450808
24,top,[nH+]1cc[nH+]c2c1c1cccnc1c1ncccc21,"[13, 10]","[{'functional_group': 'cyano', 'smiles_inds': [1]}, {'functional_group': 'carboxylate', 'smiles_inds': [9]}, {'functional_group': 'carboxylate', 'smiles_inds': [7]}, {'functional_group': 'carboxylate', 'smiles_inds': [15]}, {'functional_group': 'tribromo', 'smiles_inds': [3]}, {'functional_group': '2-hydroxypyridine', 'smiles_inds': [16]}, {'functional_group': 'iodo', 'smiles_inds': [2]}, {'functional_group': 'methyl_ester', 'smiles_inds': [14]}, {'functional_group': 'methyl', 'smiles_inds': [8]}]",0.9999999327879024
24,top,[nH+]1cc[nH+]c2c1c1cccnc1c1ncccc21,"[13, 10]","[{'functional_group': 'cyano', 'smiles_inds': [1]}, {'functional_group': 'carboxylate', 'smiles_inds': [9]}, {'functional_group': 'carboxylate', 'smiles_inds': [7]}, {'functional_group': 'carboxylate', 'smiles_inds': [15]}, {'functional_group': 'tribromo', 'smiles_inds': [3]}, {'functional_group': '2-hydroxypyridine', 'smiles_inds': [16]}, {'functional_group': 'iodo', 'smiles_inds': [14]}, {'functional_group': 'aldehyde', 'smiles_inds': [8]}]",0.9999999428752203
24,top,CC[NH+]1CCN(CC1)c1cc2N(C=C(C(=O)[O-])C(=O)c2cc1F)C1CC1,"[18, 16]","[{'functional_group': 'methyl', 'smiles_inds': [9]}, {'functional_group': 'iodo', 'smiles_inds': [7]}, {'functional_group': 'carboxylate', 'smiles_inds': [20]}, {'functional_group': 'carboxylate', 'smiles_inds': [12]}, {'functional_group': 'cyano', 'smiles_inds': [2]}, {'functional_group': 'trifluro', 'smiles_inds': [23]}, {'functional_group': 'amino', 'smiles_inds': [0]}, {'functional_group': 'chloro', 'smiles_inds': [4]}, {'functional_group': 'cyano', 'smiles_inds': [6]}, {'functional_group': 'cyanimide', 'smiles_inds': [1]}, {'functional_group': 'carboxylate', 'smiles_inds': [3]}]",0.9999999597204129
24,top,[nH+]1cc[nH+]c2c1c1cccnc1c1ncccc21,"[13, 10]","[{'functional_group': 'cyano', 'smiles_inds': [1]}, {'functional_group': 'carboxylate', 'smiles_inds': [9]}, {'functional_group': 'carboxylate', 'smiles_inds': [7]}, {'functional_group': 'carboxylate', 'smiles_inds': [15]}, {'functional_group': 'tribromo', 'smiles_inds': [3]}, {'functional_group': '2-hydroxypyridine', 'smiles_inds': [16]}, {'functional_group': 'hydroxyl', 'smiles_inds': [8]}, {'functional_group': 'carboxylate', 'smiles_inds': [14]}]",0.9999999735907028
24,top,[nH+]1cc[nH+]c2c1c1cccnc1c1ncccc21,"[13, 10]","[{'functional_group': 'cyano', 'smiles_inds': [1]}, {'functional_group': 'carboxylate', 'smiles_inds': [9]}, {'functional_group': 'carboxylate', 'smiles_inds': [7]}, {'functional_group': 'carboxylate', 'smiles_inds': [15]}, {'functional_group': 'tribromo', 'smiles_inds': [3]}, {'functional_group': '2-hydroxypyridine', 'smiles_inds': [16]}, {'functional_group': 'cyanimide', 'smiles_inds': [8]}, {'functional_group': 'amino', 'smiles_inds': [2]}, {'functional_group': 'cyanimide', 'smiles_inds': [0]}]",0.9999999837047429
25,bottom,CC1(N=C(c2ccccc2)C23C4=C5C6=C7C8=C9C%10=C%11C%12=C%13C%14=C%11C8=C6C6=C4C4=C8C%11=C%15C%16=C(C%17=C%12C%12=C%10C%10=C9C9=C7C7=C5C2=C2C5=C%18C%19=C%20C(=C%12C%17=C%12C%20=C%17C(=C%16%12)C%11=C(C2=C%18%17)C138)C%10=C%19C9=C75)C%13=C%15C4=C%146)C(=O)[O-],"[72, 2]","[{'functional_group': '2-methylbenzoic_acid', 'smiles_inds': [9]}]",4.1395182009099895e-32
25,bottom,N1C(c2ccccn2)C23C4=C5C6=C7C8=C9c%10c%11c%12c%13c%14c%10c8c8c%10c%14c%14c%13c%13c%15c%12c%12c%11c%11C9=C6C6=C4C4=C9c(c%12c%12c%15c%15c%13c%13c%14c%14c%10c%10c8c7c5c5c%10c7c%14c%13c8c%15c(c9%12)C(=C24)c8c7C35C1c1ccccn1)c%116,[0],"[{'functional_group': 'ketone', 'smiles_inds': [1]}]",4.8626546197303374e-32
25,bottom,CC1(N=C(c2ccccc2)C23C4=C5C6=C7C8=C9C%10=C%11C%12=C%13C%14=C%11C8=C6C6=C4C4=C8C%11=C%15C%16=C(C%17=C%12C%12=C%10C%10=C9C9=C7C7=C5C2=C2C5=C%18C%19=C%20C(=C%12C%17=C%12C%20=C%17C(=C%16%12)C%11=C(C2=C%18%17)C138)C%10=C%19C9=C75)C%13=C%15C4=C%146)C(=O)[O-],"[72, 2]","[{'functional_group': 'methyl', 'smiles_inds': [6]}]",3.5377198758254507e-31
25,bottom,CC1(N=C(c2ccccc2)C23C4=C5C6=C7C8=C9C%10=C%11C%12=C%13C%14=C%11C8=C6C6=C4C4=C8C%11=C%15C%16=C(C%17=C%12C%12=C%10C%10=C9C9=C7C7=C5C2=C2C5=C%18C%19=C%20C(=C%12C%17=C%12C%20=C%17C(=C%16%12)C%11=C(C2=C%18%17)C138)C%10=C%19C9=C75)C%13=C%15C4=C%146)C(=O)[O-],"[72, 2]","[{'functional_group': 'trichloro', 'smiles_inds': [8]}]",1.1299043124374904e-30
25,bottom,CC1(N=C(c2ccccc2)C23C4=C5C6=C7C8=C9C%10=C%11C%12=C%13C%14=C%11C8=C6C6=C4C4=C8C%11=C%15C%16=C(C%17=C%12C%12=C%10C%10=C9C9=C7C7=C5C2=C2C5=C%18C%19=C%20C(=C%12C%17=C%12C%20=C%17C(=C%16%12)C%11=C(C2=C%18%17)C138)C%10=C%19C9=C75)C%13=C%15C4=C%146)C(=O)[O-],"[72, 2]","[{'functional_group': 'chloro', 'smiles_inds': [0]}]",1.294944940315823e-30
25,bottom,CC1(N=C(c2ccccc2)C23C4=C5C6=C7C8=C9C%10=C%11C%12=C%13C%14=C%11C8=C6C6=C4C4=C8C%11=C%15C%16=C(C%17=C%12C%12=C%10C%10=C9C9=C7C7=C5C2=C2C5=C%18C%19=C%20C(=C%12C%17=C%12C%20=C%17C(=C%16%12)C%11=C(C2=C%18%17)C138)C%10=C%19C9=C75)C%13=C%15C4=C%146)C(=O)[O-],"[72, 2]",[],1.4528305481093641e-30
25,bottom,C[Si](C)(C)C(c1cc(C([Si](C)(C)C)[Si](C)(C)C)c(Sc2ccccc2Sc2ccccc2Sc2ccccc2Sc2c(cc(cc2C([Si](C)(C)C)[Si](C)(C)C)C([Si](C)(C)C)[Si](C)(C)C)C([Si](C)(C)C)[Si](C)(C)C)c(c1)C([Si](C)(C)C)[Si](C)(C)C)[Si](C)(C)C,"[25, 32]","[{'functional_group': 'carbonyl', 'smiles_inds': [0]}, {'functional_group': 'ethyl_ester', 'smiles_inds': [57]}]",1.1369619200083938e-29
25,bottom,[O-]c1ccccc1C1=NOC23c4c5c6c7c8c9c%10c%11c%12c%13c%14c%10c%10c%15c%14c%14c%16c%13c%13c%12c%12c%17c%11c9c9c%11c%17c%17c%12c%12c%13c%13c%16c%16c%14c%14c%15c(c6c8%10)c4c%14c4c%16c6c%13c%12c8c%17c%10c%11c(c79)c5c2c%10c8c6C134,"[8, 0]","[{'functional_group': 'phenyl', 'smiles_inds': [5]}]",2.513271482237679e-29
25,bottom,[O-]c1ccccc1C1=NOC23c4c5c6c7c8c9c%10c%11c%12c%13c%14c%10c%10c%15c%14c%14c%16c%13c%13c%12c%12c%17c%11c9c9c%11c%17c%17c%12c%12c%13c%13c%16c%16c%14c%14c%15c(c6c8%10)c4c%14c4c%16c6c%13c%12c8c%17c%10c%11c(c79)c5c2c%10c8c6C134,"[8, 0]","[{'functional_group': 'cyano', 'smiles_inds': [4]}, {'functional_group': 'ethyl_ester', 'smiles_inds': [2]}]",6.917529035536017e-29
25,bottom,CCOC(=O)C12C(=O)OCc3ccc4OCCOCCOc5cc(COC(=O)C6(C(=O)OCC)C78c9c%10c%11c%12c%13c%14C%15=C%16c%17c%18c%19c%15c%13c%10c7c%19c7c%18c%10c%13c%17c%15C%16=C%16c%14c%14c%12c%12c%11c%11c%17c%18c%12c%12c%19c%18c%18c%20c%21c%22c(c%13c%13c(c%18%22)c%19C1(c%15%13)C2%16c%14%12)c%10c1c%21c(c(c%17%20)c9%11)C68c71)ccc5OCCOCCOc4c3,"[17, 20, 97, 100, 103, 14]","[{'functional_group': 'ethyl_ester', 'smiles_inds': [12]}, {'functional_group': 'cyanimide', 'smiles_inds': [1]}]",1.4747610397283975e-28
25,bottom,C[Si](C)(C)C(c1cc(C([Si](C)(C)C)[Si](C)(C)C)c([Se]c2ccccc2Sc2ccccc2Sc2ccccc2[Se]c2c(cc(cc2C([Si](C)(C)C)[Si](C)(C)C)C([Si](C)(C)C)[Si](C)(C)C)C([Si](C)(C)C)[Si](C)(C)C)c(c1)C([Si](C)(C)C)[Si](C)(C)C)[Si](C)(C)C,"[25, 32]","[{'functional_group': 'trichloro', 'smiles_inds': [66]}]",1.331010178734058e-27
25,bottom,CP(CCP(C)c1c(cc(cc1C([Si](C)(C)C)[Si](C)(C)C)C([Si](C)(C)C)([Si](C)(C)C)[Si](C)(C)C)C([Si](C)(C)C)[Si](C)(C)C)c1c(cc(cc1C([Si](C)(C)C)[Si](C)(C)C)C([Si](C)(C)C)([Si](C)(C)C)[Si](C)(C)C)C([Si-](C)C)[Si](C)(C)C,"[4, 72, 1]","[{'functional_group': 'fluoro', 'smiles_inds': [73]}]",1.954948368269862e-27
25,bottom,C[Si](C)(C)C(c1cc(C([Si](C)(C)C)[Si](C)(C)C)c(Sc2ccccc2[Se]c2ccccc2[Se]c2ccccc2Sc2c(cc(cc2C([Si](C)(C)C)[Si](C)(C)C)C([Si](C)(C)C)[Si](C)(C)C)C([Si](C)(C)C)[Si](C)(C)C)c(c1)C([Si](C)(C)C)[Si](C)(C)C)[Si](C)(C)C,"[25, 32]","[{'functional_group': 'phenyl', 'smiles_inds': [64]}, {'functional_group': 'phosphonate', 'smiles_inds': [4]}]",7.536082111518051e-27
25,bottom,C[Si](C)(C)C(c1cc(C([Si](C)(C)C)[Si](C)(C)C)c([Se]c2ccccc2[Se]c2ccccc2[Se]c2ccccc2[Se]c2c(cc(cc2C([Si](C)(C)C)[Si](C)(C)C)C([Si](C)(C)C)[Si](C)(C)C)C([Si](C)(C)C)[Si](C)(C)C)c(c1)C([Si](C)(C)C)[Si](C)(C)C)[Si](C)(C)C,"[25, 32]",[],1.0134558280218374e-26
25,bottom,N=P(c1ccccc1c1cc(cc(c1)c1ccccc1P(=[N-])(C12CC3CC(CC(C3)C1)C2)C12CC3CC(CC(C3)C1)C2)c1ccccc1P(=[N-])(C12CC3CC(CC(C3)C1)C2)C12CC3CC(CC(C3)C1)C2)(C12CC3CC(CC(C3)C1)C2)C12CC3CC(CC(C3)C1)C2,"[0, 21, 49]","[{'functional_group': 'trifluro', 'smiles_inds': [33]}]",8.775068621167565e-25
25,bottom,Cc1cc(C)c(B(CCCP(CCCB(c2c(C)cc(C)cc2C)c2c(C)cc(C)cc2C)CCP(CCCB(c2c(C)cc(C)cc2C)c2c(C)cc(C)cc2C)CCCB(c2c(C)cc(C)cc2C)c2c(C)cc(C)cc2C)c2c(C)cc(C)cc2C)c(C)c1,"[35, 10]",[],3.120074929271169e-22
25,bottom,CC(C)(C)c1cc2c(OP(Oc3c2cc(cc3C(C)(C)C)C(C)(C)C)O[Si]2(O[Si]3(O[Si](OP4Oc5c(cc(cc5C(C)(C)C)C(C)(C)C)c5cc(cc(c5O4)C(C)(C)C)C(C)(C)C)(O[Si]4(O[Si](O3)(O[Si](O2)(O[Si](O4)(O[Si](C)(c2ccccc2)c2ccccc2)C2CCCC2)C2CCCC2)C2CCCC2)C2CCCC2)C2CCCC2)C2CCCC2)C2CCCC2)c(c1)C(C)(C)C,"[9, 32]","[{'functional_group': 'hydroxyl', 'smiles_inds': [113]}, {'functional_group': 'fluoro', 'smiles_inds': [49]}]",4.842952967175771e-20
25,bottom,CCCOc1c2Cc3cc(cc(Cc4cccc(Cc5cc(cc(Cc1ccc2)c5OCCC)c1cccc(c1)c1cc2Cc5cccc(Cc6cc(cc(Cc7cccc(Cc(c1)c2OCCC)c7OCCC)c6OCCC)P(c1ccccc1)c1ccccc1)c5OCCC)c4OCCC)c3OCCC)P(c1ccccc1)c1ccccc1,"[107, 79]","[{'functional_group': 'amino', 'smiles_inds': [90]}, {'functional_group': 'tribromo', 'smiles_inds': [112]}]",2.0530825744106195e-18
25,bottom,CC(C)(C)c1cc2c3cc(cc4c5cc(cc6c7cc(cc8c9cc(cc%10c%11cc(cc%12c(c1)c2c1c(c34)c(c56)c(c78)c(c9%10)c1c%11%12)C(C)(C)C)C(C)(C)C)C(C)(C)C)C(C)(C)C)C1=CN(Cc2ccccc2)N=N1,[73],"[{'functional_group': '2-methylbenzoic_acid', 'smiles_inds': [33]}]",2.500785482320693e-18
25,bottom,CCCCCC1c2cc3C(CCCCC)c4cc5C(CCCCC)c6cc7C(CCCCC)c8cc1c1OCOc2cc3OCOc4c(P(c2ccccc2)c2ccccc2)c5OCOc6cc7OCOc8c1OCc1cccc(COc2c3OCOc4cc5OCOc6c7cc8C(CCCCC)c9cc%10C(CCCCC)c(cc3C(CCCCC)c4cc5C7CCCCC)c2OCOc%10cc9OCOc8c6P(c2ccccc2)c2ccccc2)c1,"[48, 142]",[],7.726711205185427e-18
25,median,Clc1ccc(cc1)C#N,[8],[],0.27084289087372265
25,median,CCOC(=O)[C-](Cc1ccc2cccc([O-])c2n1)C(=O)OCC,"[5, 15, 17]",[],0.2708548935065181
25,median,CC(C)(C)C(C)(C)P(c1ccccc1)c1ccccc1[O-],"[7, 20]","[{'functional_group': 'carboxylate', 'smiles_inds': [13]}]",0.27095011157932875
25,median,COc1cc(cc(OC)c1OC)C1=NC(=NN1)c1ccccn1,"[22, 15]","[{'functional_group': 'fluoro', 'smiles_inds': [8]}, {'functional_group': 'trifluro', 'smiles_inds': [21]}]",0.2710540748028397
25,median,COC(=O)c1ccc(OP(C(C)C)C(C)C)cc1,[9],"[{'functional_group': 'carboxylate', 'smiles_inds': [13]}]",0.2710723759841011
25,median,CCCCCCCC1=NN=C(N)S1,[9],"[{'functional_group': '2-hydroxypyridine', 'smiles_inds': [5]}, {'functional_group': 'cyano', 'smiles_inds': [2]}, {'functional_group': 'ether', 'smiles_inds': [3]}]",0.27118886667978603
25,median,CCN(CC)c1ccc(N=Nc2ccc(Br)cn2)c([O-])c1,"[19, 2, 9]","[{'functional_group': 'carboxyllic_acid', 'smiles_inds': [3]}]",0.27125227621939574
25,median,[O-]C(=NC1=NC=CN1c1ccccc1)c1ccccc1,"[0, 4]","[{'functional_group': 'amide', 'smiles_inds': [19]}]",0.27131094440896886
25,median,O=C([O-])CCN(CC(=O)[O-])Cc1ccccc1,"[5, 9, 2]","[{'functional_group': 'methyl_ester', 'smiles_inds': [3]}, {'functional_group': 'fluoro', 'smiles_inds': [14]}]",0.2713790108019149
25,median,C=CCN1C=CN([CH-]1)c1ccc(cn1)N(=O)=O,"[3, 7]","[{'functional_group': 'cyano', 'smiles_inds': [9]}]",0.2714052133782666
25,median,COC(=O)c1ccccc1NCc1ccccn1,"[17, 10, 3]",[],0.27143665508418463
25,median,N1C=CC(=N1)c1cccnc1,[9],"[{'functional_group': 'thiol', 'smiles_inds': [1]}]",0.27144614623188257
25,median,CN(C)C([S-])=NN=C(c1ccc(Cl)cc1)c1ccccn1,"[4, 1, 6]","[{'functional_group': 'phenyl', 'smiles_inds': [19]}]",0.2714719799916166
25,median,Brc1ccc(cc1)C1=NC1,[8],"[{'functional_group': 'carbonyl', 'smiles_inds': [3]}]",0.271567819266661
25,median,O=C([O-])CN1CCN(CC(=O)[O-])Cc2ccccc2SCCSc2ccccc2C1,"[19, 22, 2, 11, 4, 7]",[],0.2715750410262953
25,median,c1cc([c-]c(c1)C12N=CC3C4C1[S+2]234)C12N=CC3C4C1[S+2]234,"[7, 14, 3]","[{'functional_group': 'ketone', 'smiles_inds': [17]}, {'functional_group': 'ethyl', 'smiles_inds': [16]}, {'functional_group': 'trichloro', 'smiles_inds': [18]}, {'functional_group': 'iodo', 'smiles_inds': [11]}]",0.2716645474178997
25,median,COc1ccc(CSC(CC2=CNC=N2)C(=O)[O-])cc1,"[7, 17, 14]","[{'functional_group': 'iodo', 'smiles_inds': [6]}]",0.27167256130010653
25,median,Nc1[nH+]cnc2N=CNc12,[6],"[{'functional_group': 'carboxyl', 'smiles_inds': [7]}, {'functional_group': 'trichloro', 'smiles_inds': [8]}, {'functional_group': 'carbonyl', 'smiles_inds': [0]}]",0.27167492779416846
25,median,CCN1C=C(C(=O)[O-])C(=O)c2cc(F)c(nc12)N1CC[NH2+]CC1,"[7, 9]","[{'functional_group': 'ether', 'smiles_inds': [20]}, {'functional_group': 'phenyl', 'smiles_inds': [0]}, {'functional_group': 'ethyl_ester', 'smiles_inds': [3]}]",0.27176854165495423
25,median,C1COC2=C(OCCOCCOC3=C(OCCO1)c1cccc4cccc3c14)c1cccc3cccc2c13,"[17, 14, 2, 11, 5, 8]",[],0.27183120782144954
25,top,[nH+]1cc[nH+]c2c1c1cccnc1c1ncccc21,"[13, 10]","[{'functional_group': 'cyano', 'smiles_inds': [1]}, {'functional_group': 'carboxylate', 'smiles_inds': [9]}, {'functional_group': 'carboxylate', 'smiles_inds': [7]}, {'functional_group': 'carboxylate', 'smiles_inds': [15]}, {'functional_group': 'tribromo', 'smiles_inds': [3]}, {'functional_group': '2-hydroxypyridine', 'smiles_inds': [16]}, {'functional_group': 'carboxyl', 'smiles_inds': [0]}]",0.999999696645517
25,top,[nH+]1cc[nH+]c2c1c1cccnc1c1ncccc21,"[13, 10]","[{'functional_group': 'cyano', 'smiles_inds': [1]}, {'functional_group': 'carboxylate', 'smiles_inds': [9]}, {'functional_group': 'carboxylate', 'smiles_inds': [7]}, {'functional_group': 'carboxylate', 'smiles_inds': [15]}, {'functional_group': 'tribromo', 'smiles_inds': [3]}, {'functional_group': '2-hydroxypyridine', 'smiles_inds': [16]}, {'functional_group': 'ethyl', 'smiles_inds': [14]}]",0.9999997187104591
25,top,[nH+]1cc[nH+]c2c1c1cccnc1c1ncccc21,"[13, 10]","[{'functional_group': 'cyano', 'smiles_inds': [1]}, {'functional_group': 'carboxylate', 'smiles_inds': [9]}, {'functional_group': 'carboxylate', 'smiles_inds': [7]}, {'functional_group': 'carboxylate', 'smiles_inds': [15]}, {'functional_group': 'tribromo', 'smiles_inds': [3]}, {'functional_group': '2-hydroxypyridine', 'smiles_inds': [16]}, {'functional_group': 'amide', 'smiles_inds': [14]}]",0.9999997238769983
25,top,CC[NH+]1CCN(CC1)c1cc2N(C=C(C(=O)[O-])C(=O)c2cc1F)C1CC1,"[18, 16]","[{'functional_group': 'methyl', 'smiles_inds': [9]}, {'functional_group': 'iodo', 'smiles_inds': [7]}, {'functional_group': 'carboxylate', 'smiles_inds': [20]}, {'functional_group': 'carboxylate', 'smiles_inds': [12]}, {'functional_group': 'cyano', 'smiles_inds': [2]}, {'functional_group': 'trifluro', 'smiles_inds': [23]}, {'functional_group': 'amino', 'smiles_inds': [0]}, {'functional_group': 'chloro', 'smiles_inds': [4]}, {'functional_group': 'cyano', 'smiles_inds': [6]}, {'functional_group': 'chloro', 'smiles_inds': [24]}]",0.999999779533834
25,top,[nH+]1cc[nH+]c2c1c1cccnc1c1ncccc21,"[13, 10]","[{'functional_group': 'cyano', 'smiles_inds': [1]}, {'functional_group': 'carboxylate', 'smiles_inds': [9]}, {'functional_group': 'carboxylate', 'smiles_inds': [7]}, {'functional_group': 'carboxylate', 'smiles_inds': [15]}, {'functional_group': 'tribromo', 'smiles_inds': [3]}, {'functional_group': '2-hydroxypyridine', 'smiles_inds': [16]}, {'functional_group': 'bromo', 'smiles_inds': [0]}]",0.9999997832254363
25,top,[nH+]1cc[nH+]c2c1c1cccnc1c1ncccc21,"[13, 10]","[{'functional_group': 'cyano', 'smiles_inds': [1]}, {'functional_group': 'carboxylate', 'smiles_inds': [9]}, {'functional_group': 'carboxylate', 'smiles_inds': [7]}, {'functional_group': 'carboxylate', 'smiles_inds': [15]}, {'functional_group': 'tribromo', 'smiles_inds': [3]}, {'functional_group': '2-hydroxypyridine', 'smiles_inds': [16]}, {'functional_group': 'hydroxyl', 'smiles_inds': [2]}]",0.9999997848793792
25,top,[nH+]1cc[nH+]c2c1c1cccnc1c1ncccc21,"[13, 10]","[{'functional_group': 'cyano', 'smiles_inds': [1]}, {'functional_group': 'carboxylate', 'smiles_inds': [9]}, {'functional_group': 'carboxylate', 'smiles_inds': [7]}, {'functional_group': 'carboxylate', 'smiles_inds': [15]}, {'functional_group': 'tribromo', 'smiles_inds': [3]}, {'functional_group': '2-hydroxypyridine', 'smiles_inds': [16]}, {'functional_group': 'chloro', 'smiles_inds': [8]}]",0.9999997872379116
25,top,CC[NH+]1CCN(CC1)c1cc2N(C=C(C(=O)[O-])C(=O)c2cc1F)C1CC1,"[18, 16]","[{'functional_group': 'methyl', 'smiles_inds': [9]}, {'functional_group': 'iodo', 'smiles_inds': [7]}, {'functional_group': 'carboxylate', 'smiles_inds': [20]}, {'functional_group': 'carboxylate', 'smiles_inds': [12]}, {'functional_group': 'cyano', 'smiles_inds': [2]}, {'functional_group': 'trifluro', 'smiles_inds': [23]}, {'functional_group': 'amino', 'smiles_inds': [0]}, {'functional_group': 'chloro', 'smiles_inds': [4]}, {'functional_group': 'cyano', 'smiles_inds': [6]}, {'functional_group': 'amino', 'smiles_inds': [3]}]",0.999999789040163
25,top,CC[NH+]1CCN(CC1)c1cc2N(C=C(C(=O)[O-])C(=O)c2cc1F)C1CC1,"[18, 16]","[{'functional_group': 'methyl', 'smiles_inds': [9]}, {'functional_group': 'iodo', 'smiles_inds': [7]}, {'functional_group': 'carboxylate', 'smiles_inds': [20]}, {'functional_group': 'carboxylate', 'smiles_inds': [12]}, {'functional_group': 'cyano', 'smiles_inds': [2]}, {'functional_group': 'trifluro', 'smiles_inds': [23]}, {'functional_group': 'amino', 'smiles_inds': [0]}, {'functional_group': 'chloro', 'smiles_inds': [4]}, {'functional_group': 'cyano', 'smiles_inds': [6]}, {'functional_group': 'amino', 'smiles_inds': [1]}]",0.9999997946224393
25,top,[nH+]1cc[nH+]c2c1c1cccnc1c1ncccc21,"[13, 10]","[{'functional_group': 'cyano', 'smiles_inds': [1]}, {'functional_group': 'carboxylate', 'smiles_inds': [9]}, {'functional_group': 'carboxylate', 'smiles_inds': [7]}, {'functional_group': 'carboxylate', 'smiles_inds': [15]}, {'functional_group': 'tribromo', 'smiles_inds': [3]}, {'functional_group': '2-hydroxypyridine', 'smiles_inds': [16]}, {'functional_group': 'carboxyllic_acid', 'smiles_inds': [8]}, {'functional_group': 'cyanimide', 'smiles_inds': [0]}]",0.9999998058701588
25,top,[nH+]1cc[nH+]c2c1c1cccnc1c1ncccc21,"[13, 10]","[{'functional_group': 'cyano', 'smiles_inds': [1]}, {'functional_group': 'carboxylate', 'smiles_inds': [9]}, {'functional_group': 'carboxylate', 'smiles_inds': [7]}, {'functional_group': 'carboxylate', 'smiles_inds': [15]}, {'functional_group': 'tribromo', 'smiles_inds': [3]}, {'functional_group': '2-hydroxypyridine', 'smiles_inds': [16]}, {'functional_group': 'cyanimide', 'smiles_inds': [2]}]",0.9999998059850878
25,top,CC[NH+]1CCN(CC1)c1cc2N(C=C(C(=O)[O-])C(=O)c2cc1F)C1CC1,"[18, 16]","[{'functional_group': 'methyl', 'smiles_inds': [9]}, {'functional_group': 'iodo', 'smiles_inds': [7]}, {'functional_group': 'carboxylate', 'smiles_inds': [20]}, {'functional_group': 'carboxylate', 'smiles_inds': [12]}, {'functional_group': 'cyano', 'smiles_inds': [2]}, {'functional_group': 'trifluro', 'smiles_inds': [23]}, {'functional_group': 'amino', 'smiles_inds': [0]}, {'functional_group': 'chloro', 'smiles_inds': [4]}, {'functional_group': 'cyano', 'smiles_inds': [6]}, {'functional_group': 'ether', 'smiles_inds': [24]}, {'functional_group': 'cyanimide', 'smiles_inds': [25]}]",0.9999998957709544
25,top,CN1C=CN=C1C=NCC(C)(CN=CC1=NC=CN1C)CN=CC1=NC=CN1C,"[7, 21, 4, 24, 12, 15]","[{'functional_group': 'carboxylate', 'smiles_inds': [10]}, {'functional_group': 'cyanimide', 'smiles_inds': [0]}]",0.9999999119054854
25,top,[nH+]1cc[nH+]c2c1c1cccnc1c1ncccc21,"[13, 10]","[{'functional_group': 'cyano', 'smiles_inds': [1]}, {'functional_group': 'carboxylate', 'smiles_inds': [9]}, {'functional_group': 'carboxylate', 'smiles_inds': [7]}, {'functional_group': 'carboxylate', 'smiles_inds': [15]}, {'functional_group': 'tribromo', 'smiles_inds': [3]}, {'functional_group': '2-hydroxypyridine', 'smiles_inds': [16]}, {'functional_group': 'fluoro', 'smiles_inds': [0]}, {'functional_group': 'cyanimide', 'smiles_inds': [8]}]",0.9999999151824367
25,top,CC[NH+]1CCN(CC1)c1cc2N(C=C(C(=O)[O-])C(=O)c2cc1F)C1CC1,"[18, 16]","[{'functional_group': 'methyl', 'smiles_inds': [9]}, {'functional_group': 'iodo', 'smiles_inds': [7]}, {'functional_group': 'carboxylate', 'smiles_inds': [20]}, {'functional_group': 'carboxylate', 'smiles_inds': [12]}, {'functional_group': 'cyano', 'smiles_inds': [2]}, {'functional_group': 'trifluro', 'smiles_inds': [23]}, {'functional_group': 'amino', 'smiles_inds': [0]}, {'functional_group': 'chloro', 'smiles_inds': [4]}, {'functional_group': 'cyano', 'smiles_inds': [6]}, {'functional_group': 'cyanimide', 'smiles_inds': [25]}, {'functional_group': 'phenyl', 'smiles_inds': [1]}]",0.9999999205640017
25,top,[nH+]1cc[nH+]c2c1c1cccnc1c1ncccc21,"[13, 10]","[{'functional_group': 'cyano', 'smiles_inds': [1]}, {'functional_group': 'carboxylate', 'smiles_inds': [9]}, {'functional_group': 'carboxylate', 'smiles_inds': [7]}, {'functional_group': 'carboxylate', 'smiles_inds': [15]}, {'functional_group': 'tribromo', 'smiles_inds': [3]}, {'functional_group': '2-hydroxypyridine', 'smiles_inds': [16]}, {'functional_group': 'amino', 'smiles_inds': [8]}, {'functional_group': 'carboxyllic_acid', 'smiles_inds': [14]}]",0.9999999482124688
25,top,[nH+]1cc[nH+]c2c1c1cccnc1c1ncccc21,"[13, 10]","[{'functional_group': 'cyano', 'smiles_inds': [1]}, {'functional_group': 'carboxylate', 'smiles_inds': [9]}, {'functional_group': 'carboxylate', 'smiles_inds': [7]}, {'functional_group': 'carboxylate', 'smiles_inds': [15]}, {'functional_group': 'tribromo', 'smiles_inds': [3]}, {'functional_group': '2-hydroxypyridine', 'smiles_inds': [16]}, {'functional_group': 'carbonyl', 'smiles_inds': [14]}, {'functional_group': 'carboxylate', 'smiles_inds': [0]}]",0.9999999530609043
25,top,CC[NH+]1CCN(CC1)c1cc2N(C=C(C(=O)[O-])C(=O)c2cc1F)C1CC1,"[18, 16]","[{'functional_group': 'methyl', 'smiles_inds': [9]}, {'functional_group': 'iodo', 'smiles_inds': [7]}, {'functional_group': 'carboxylate', 'smiles_inds': [20]}, {'functional_group': 'carboxylate', 'smiles_inds': [12]}, {'functional_group': 'cyano', 'smiles_inds': [2]}, {'functional_group': 'trifluro', 'smiles_inds': [23]}, {'functional_group': 'amino', 'smiles_inds': [0]}, {'functional_group': 'chloro', 'smiles_inds': [4]}, {'functional_group': 'cyano', 'smiles_inds': [6]}, {'functional_group': 'cyanimide', 'smiles_inds': [25]}, {'functional_group': 'amino', 'smiles_inds': [1]}]",0.9999999890660977
25,top,CC[NH+]1CCN(CC1)c1cc2N(C=C(C(=O)[O-])C(=O)c2cc1F)C1CC1,"[18, 16]","[{'functional_group': 'methyl', 'smiles_inds': [9]}, {'functional_group': 'iodo', 'smiles_inds': [7]}, {'functional_group': 'carboxylate', 'smiles_inds': [20]}, {'functional_group': 'carboxylate', 'smiles_inds': [12]}, {'functional_group': 'cyano', 'smiles_inds': [2]}, {'functional_group': 'trifluro', 'smiles_inds': [23]}, {'functional_group': 'amino', 'smiles_inds': [0]}, {'functional_group': 'chloro', 'smiles_inds': [4]}, {'functional_group': 'cyano', 'smiles_inds': [6]}, {'functional_group': 'cyanimide', 'smiles_inds': [3]}]",0.9999999939638176
25,top,CN1C=CN=C1C=NCC(C)(CN=CC1=NC=CN1C)CN=CC1=NC=CN1C,"[7, 21, 4, 24, 12, 15]","[{'functional_group': 'cyanimide', 'smiles_inds': [10]}, {'functional_group': 'trifluro', 'smiles_inds': [3]}, {'functional_group': 'cyanimide', 'smiles_inds': [0]}]",0.9999999974639528
26,bottom,CC(C)(C)c1cc2c3cc(cc4c5cc(cc6c7cc(cc8c9cc(cc%10c%11cc(cc%12c(c1)c2c1c(c34)c(c56)c(c78)c(c9%10)c1c%11%12)C(C)(C)C)C(C)(C)C)C(C)(C)C)C(C)(C)C)P(c1cc2c3cc(cc4c5cc(cc6c7cc(cc8c9cc(cc%10c%11cc(cc%12c(c1)c2c1c(c34)c(c56)c(c78)c(c9%10)c1c%11%12)C(C)(C)C)C(C)(C)C)C(C)(C)C)C(C)(C)C)C(C)(C)C)c1cc2c3cc(cc4c5cc(cc6c7cc(cc8c9cc(cc%10c%11cc(cc%12c(c1)c2c1c(c34)c(c56)c(c78)c(c9%10)c1c%11%12)C(C)(C)C)C(C)(C)C)C(C)(C)C)C(C)(C)C)C(C)(C)C,[62],"[{'functional_group': '2-methylbenzoic_acid', 'smiles_inds': [176]}, {'functional_group': 'carboxyllic_acid', 'smiles_inds': [170]}]",4.443617516023003e-47
26,bottom,CC(C)(C)c1cc2c3cc(cc4c5cc(cc6c7cc(cc8c9cc(cc%10c%11cc(cc%12c(c1)c2c1c(c34)c(c56)c(c78)c(c9%10)c1c%11%12)C(C)(C)C)C(C)(C)C)C(C)(C)C)C(C)(C)C)P(c1cc2c3cc(cc4c5cc(cc6c7cc(cc8c9cc(cc%10c%11cc(cc%12c(c1)c2c1c(c34)c(c56)c(c78)c(c9%10)c1c%11%12)C(C)(C)C)C(C)(C)C)C(C)(C)C)C(C)(C)C)C(C)(C)C)c1cc2c3cc(cc4c5cc(cc6c7cc(cc8c9cc(cc%10c%11cc(cc%12c(c1)c2c1c(c34)c(c56)c(c78)c(c9%10)c1c%11%12)C(C)(C)C)C(C)(C)C)C(C)(C)C)C(C)(C)C)C(C)(C)C,[62],"[{'functional_group': 'ethyl_ester', 'smiles_inds': [13]}]",6.895796509138022e-46
26,bottom,C[Si](C)(C)c1cc(cc(c1)[Si](C#CP(C#C[Si](c1cc(cc(c1)[Si](C)(C)C)[Si](C)(C)C)(c1cc(cc(c1)[Si](C)(C)C)[Si](C)(C)C)c1cc(cc(c1)[Si](C)(C)C)[Si](C)(C)C)C#C[Si](c1cc(cc(c1)[Si](C)(C)C)[Si](C)(C)C)(c1cc(cc(c1)[Si](C)(C)C)[Si](C)(C)C)c1cc(cc(c1)[Si](C)(C)C)[Si](C)(C)C)(c1cc(cc(c1)[Si](C)(C)C)[Si](C)(C)C)c1cc(cc(c1)[Si](C)(C)C)[Si](C)(C)C)[Si](C)(C)C,[13],"[{'functional_group': 'iodo', 'smiles_inds': [135]}]",1.3738706498986461e-40
26,bottom,N1C(c2ccccn2)C23C4=C5C6=C7C8=C9c%10c%11c%12c%13c%14c%10c8c8c%10c%14c%14c%13c%13c%15c%12c%12c%11c%11C9=C6C6=C4C4=C9c(c%12c%12c%15c%15c%13c%13c%14c%14c%10c%10c8c7c5c5c%10c7c%14c%13c8c%15c(c9%12)C(=C24)c8c7C35C1c1ccccn1)c%116,[0],"[{'functional_group': 'thiol', 'smiles_inds': [5]}]",1.228137272778689e-31
26,bottom,CC1(N=C(c2ccccc2)C23C4=C5C6=C7C8=C9C%10=C%11C%12=C%13C%14=C%11C8=C6C6=C4C4=C8C%11=C%15C%16=C(C%17=C%12C%12=C%10C%10=C9C9=C7C7=C5C2=C2C5=C%18C%19=C%20C(=C%12C%17=C%12C%20=C%17C(=C%16%12)C%11=C(C2=C%18%17)C138)C%10=C%19C9=C75)C%13=C%15C4=C%146)C(=O)[O-],"[72, 2]","[{'functional_group': 'carboxyl', 'smiles_inds': [8]}]",1.6724289351062484e-30
26,bottom,CCOC(=O)C1=C(OC23c4c5c6c7c8c9c%10C%11=C%12C%13=C%14C%15=C%16C%17=C%18C%19=C%20C%21=C(c4c4c6c8c6c%10C(=C%19c6c%214)C%17=C%11%15)C4=C6C%20=C%18C8=C%16c%10c%14c%11c%13c%13c(c9%12)c7c7c%13c9c%11c%11c%10c8c6c(c%11c9c2c57)C134)c1ccncc1,[71],"[{'functional_group': 'carboxyllic_acid', 'smiles_inds': [1]}]",1.827492083266675e-30
26,bottom,CCOC(=O)C1=C(OC23c4c5c6c7c8c9c%10C%11=C%12C%13=C%14C%15=C%16C%17=C%18C%19=C%20C%21=C(c4c4c6c8c6c%10C(=C%19c6c%214)C%17=C%11%15)C4=C6C%20=C%18C8=C%16c%10c%14c%11c%13c%13c(c9%12)c7c7c%13c9c%11c%11c%10c8c6c(c%11c9c2c57)C134)c1ccncc1,[71],"[{'functional_group': 'carboxylate', 'smiles_inds': [73]}]",9.096540563477344e-30
26,bottom,[O-]c1ccccc1C1=NOC23c4c5c6c7c8c9c%10c%11c%12c%13c%14c%10c%10c%15c%14c%14c%16c%13c%13c%12c%12c%17c%11c9c9c%11c%17c%17c%12c%12c%13c%13c%16c%16c%14c%14c%15c(c6c8%10)c4c%14c4c%16c6c%13c%12c8c%17c%10c%11c(c79)c5c2c%10c8c6C134,"[8, 0]","[{'functional_group': 'iodo', 'smiles_inds': [5]}]",4.857482278436993e-28
26,bottom,CP(CCP(C)c1c(cc(cc1C([Si](C)(C)C)[Si](C)(C)C)C([Si](C)(C)C)([Si](C)(C)C)[Si](C)(C)C)C([Si](C)(C)C)[Si](C)(C)C)c1c(cc(cc1C([Si](C)(C)C)[Si](C)(C)C)C([Si](C)(C)C)([Si](C)(C)C)[Si](C)(C)C)C([Si-](C)C)[Si](C)(C)C,"[4, 72, 1]","[{'functional_group': 'fluoro', 'smiles_inds': [74]}]",4.7245786836653395e-27
26,bottom,CP(CCP(C)c1c(cc(cc1C([Si](C)(C)C)[Si](C)(C)C)C([Si](C)(C)C)([Si](C)(C)C)[Si](C)(C)C)C([Si](C)(C)C)[Si](C)(C)C)c1c(cc(cc1C([Si](C)(C)C)[Si](C)(C)C)C([Si](C)(C)C)([Si](C)(C)C)[Si](C)(C)C)C([Si-](C)C)[Si](C)(C)C,"[4, 72, 1]","[{'functional_group': 'aldehyde', 'smiles_inds': [20]}, {'functional_group': 'iodo', 'smiles_inds': [49]}]",2.7256582184202065e-26
26,bottom,C[Si](C)(C)C(c1cc(C([Si](C)(C)C)[Si](C)(C)C)c([Se]c2ccccc2[Se]c2ccccc2[Se]c2ccccc2[Se]c2c(cc(cc2C([Si](C)(C)C)[Si](C)(C)C)C([Si](C)(C)C)[Si](C)(C)C)C([Si](C)(C)C)[Si](C)(C)C)c(c1)C([Si](C)(C)C)[Si](C)(C)C)[Si](C)(C)C,"[25, 32]",[],2.9772833332337896e-26
26,bottom,C[Si](C)(C)C(c1cc(C([Si](C)(C)C)[Si](C)(C)C)c([Se]c2ccccc2[Se]c2ccccc2[Se]c2ccccc2[Se]c2c(cc(cc2C([Si](C)(C)C)[Si](C)(C)C)C([Si](C)(C)C)[Si](C)(C)C)C([Si](C)(C)C)[Si](C)(C)C)c(c1)C([Si](C)(C)C)[Si](C)(C)C)[Si](C)(C)C,"[25, 32]","[{'functional_group': 'trifluro', 'smiles_inds': [29]}, {'functional_group': 'carbonyl', 'smiles_inds': [46]}]",3.110837524052096e-26
26,bottom,CC(C)CC1NC(=O)C2(CCC(=O)NC(CC(O)=O)C(=O)NC(CC3=CNc4ccccc34)C(=O)N2)CSCC(NC(=O)C(CCC(O)=O)NC(=O)C(CC2=CNc3ccccc23)NC1=O)C(=O)NC1CSSCC(NC(=O)C2CSCC3(CC(NC1=O)C(=O)NC(C(C)O)C(=O)NCC(=O)N3)C(=O)NC(CC(C)C)C(=O)NC(Cc1ccccc1)C(=O)NC(C)C(=O)N2)C(O)=O,"[77, 87]","[{'functional_group': 'ethyl_ester', 'smiles_inds': [113]}, {'functional_group': 'ethyl', 'smiles_inds': [128]}]",2.522996039832497e-21
26,bottom,Cc1ccc(N)c(c1)C1=C2C(=O)C3=C4C5=C6C7=C8C9=C%10C%11=C%12C%13=C%10C%10=C8C8=C6C4(OOC(C)(C)C)C2=C(O1)C8(O)C%10=C1C(=O)OC2=C4OC(=O)C6=C([O-])c8c3c3c%10c%14c8C8=C%15C%16=C(C4=C68)C(=C%12C%16=C4C(=C%14%15)C6=C%10C(=C53)C7=C9C6=C%114)C2=C%131,"[5, 49, 52]","[{'functional_group': 'ketone', 'smiles_inds': [34]}, {'functional_group': 'carboxyl', 'smiles_inds': [0]}]",1.7058896947245876e-20
26,bottom,CC(C)CC1NC(=O)C2(CCC(=O)NC(CC(O)=O)C(=O)NC(CC3=CNc4ccccc34)C(=O)N2)CSCC(NC(=O)C(CCC(O)=O)NC(=O)C(CC2=CNc3ccccc23)NC1=O)C(=O)NC1CSSCC(NC(=O)C2CSCC3(CC(NC1=O)C(=O)NC(C(C)O)C(=O)NCC(=O)N3)C(=O)NC(CC(C)C)C(=O)NC(Cc1ccccc1)C(=O)NC(C)C(=O)N2)C(O)=O,"[77, 87]","[{'functional_group': 'methyl', 'smiles_inds': [29]}]",2.957761319924512e-19
26,bottom,CC(C)(C)c1cc2c(OP(Oc3c2cc(cc3C(C)(C)C)C(C)(C)C)O[Si]2(O[Si]3(O[Si](OP4Oc5c(cc(cc5C(C)(C)C)C(C)(C)C)c5cc(cc(c5O4)C(C)(C)C)C(C)(C)C)(O[Si]4(O[Si](O3)(O[Si](O2)(O[Si](O4)(O[Si](C)(c2ccccc2)c2ccccc2)C2CCCC2)C2CCCC2)C2CCCC2)C2CCCC2)C2CCCC2)C2CCCC2)C2CCCC2)c(c1)C(C)(C)C,"[9, 32]","[{'functional_group': 'carbonyl', 'smiles_inds': [82]}]",3.3198410611124235e-19
26,bottom,C1CCC(CC1)B(CCCP(CCCB(C1CCCCC1)C1CCCCC1)CCP(CCCB(C1CCCCC1)C1CCCCC1)CCCB(C1CCCCC1)C1CCCCC1)C1CCCCC1,"[10, 29]","[{'functional_group': 'carboxyl', 'smiles_inds': [43]}, {'functional_group': 'hydroxyl', 'smiles_inds': [56]}]",4.683749435879773e-19
26,bottom,C[Si](C)(C)c1cc(cc(c1)[Si](C)(C)C)P(c1cc(cc(c1)[Si](C)(C)C)[Si](C)(C)C)c1ccccc1P(c1cc(cc(c1)[Si](C)(C)C)[Si](C)(C)C)c1cc(cc(c1)[Si](C)(C)C)[Si](C)(C)C,"[35, 14]","[{'functional_group': 'ethyl', 'smiles_inds': [2]}, {'functional_group': 'trifluro', 'smiles_inds': [55]}]",7.704406343333834e-19
26,bottom,COc1ccc2ccccc2c1c1c2ccccc2ccc1c1nc2c(ccc(c3ccc(C)cc3)c2nc1c1nc2c(ccc(c3ccc(C)cc3)c2nc1c1nc2c(ccc(c3ccc(C)cc3)c2nc1c1nc2c(ccc(c3ccc(C)cc3)c2nc1c1nc2c(ccc(c3ccc(C)cc3)c2n[c-]1)c1ccc(C)cc1)c1ccc(C)cc1)c1ccc(C)cc1)c1ccc(C)cc1)c1ccc(C)cc1,"[106, 88]",[],1.039835002245839e-18
26,bottom,CC(C)c1cccc(C(C)C)c1c1cc(NCCN(CCNc2cc(cc(c2)c2c(cccc2C(C)C)C(C)C)c2c(cccc2C(C)C)C(C)C)CCNc2cc(cc(c2)c2c(cccc2C(C)C)C(C)C)c2c(cccc2C(C)C)C(C)C)cc(c1)c1c(cccc1C(C)C)C(C)C,"[18, 15, 21]","[{'functional_group': 'ether', 'smiles_inds': [81]}]",1.5623504863005702e-18
26,median,CN1C(=C)N(C)c2ccccc12,[3],"[{'functional_group': 'ketone', 'smiles_inds': [8]}]",0.26952263773708157
26,median,Clc1ccccc1N=Nc1c([O-])ccc2ccccc12,"[11, 7]","[{'functional_group': 'bromo', 'smiles_inds': [18]}, {'functional_group': 'phosphonate', 'smiles_inds': [3]}]",0.26952573226915927
26,median,ClCCCN1CN(CCCCl)CN(CCCCl)C1,"[12, 6, 4]","[{'functional_group': 'phenyl', 'smiles_inds': [1]}, {'functional_group': 'hydroxyl', 'smiles_inds': [7]}]",0.2696110594817174
26,median,CC(C)(C)N1C=CN(C1=NC(=O)Nc1ccccc1)C(C)(C)C,[11],"[{'functional_group': 'thiol', 'smiles_inds': [18]}]",0.2697017687645869
26,median,N1N=NN=C1c1cc[nH+]cc1,[2],"[{'functional_group': 'trichloro', 'smiles_inds': [6]}, {'functional_group': 'ethyl_ester', 'smiles_inds': [0]}]",0.2697576851225859
26,median,C[C-]=CC(=[Se])N(C)C,"[4, 1]","[{'functional_group': 'carboxyllic_acid', 'smiles_inds': [2]}, {'functional_group': 'ethyl', 'smiles_inds': [6]}]",0.269815964347275
26,median,C1CSCCCSCCCSC1,"[2, 10, 6]","[{'functional_group': 'ethyl_ester', 'smiles_inds': [5]}, {'functional_group': 'iodo', 'smiles_inds': [4]}]",0.26988195101208756
26,median,CN(CCN(C)Cc1cccc(NC(=O)C(C)(C)C)n1)Cc1cccc(NC(=O)C(C)(C)C)n1,"[14, 28, 19, 4, 1, 33]",[],0.26998834989491727
26,median,Fc1cc(F)c([c-]c1c1ccccn1)c1ccccn1,"[13, 19, 6]","[{'functional_group': 'carboxyllic_acid', 'smiles_inds': [18]}, {'functional_group': '2-methylbenzoic_acid', 'smiles_inds': [9]}]",0.2699922445587164
26,median,Clc1ccccc1C=NNC(=O)c1ccncc1,[15],"[{'functional_group': 'bromo', 'smiles_inds': [9]}]",0.2700214267710795
26,median,CC(=NCCN1CCOCC1)c1ccccc1[O-],"[2, 5, 17]","[{'functional_group': 'chloro', 'smiles_inds': [6]}, {'functional_group': 'phenyl', 'smiles_inds': [15]}]",0.27005319641964537
26,median,N#CCc1ccccc1CC#N,[0],"[{'functional_group': 'ketone', 'smiles_inds': [4]}]",0.2700714073153593
26,median,COC(=O)c1ccc(cc1)N1N=C(C2=C1CCCC2)c1ccccn1,"[11, 10]","[{'functional_group': 'thiol', 'smiles_inds': [8]}]",0.27009835531687354
26,median,CN(C)c1ccc(cc1)C=NN=C([S-])Nc1ccc(cc1)N(=O)=O,"[13, 10]","[{'functional_group': 'carbonyl', 'smiles_inds': [16]}]",0.27010014404007077
26,median,CC(C)CN=C(c1ccccc1)c1ccccn1,"[4, 17]",[],0.27011808843383406
26,median,CCC1SCCC1N1[CH-]Sc2ccc(Cl)cc12,"[3, 8]",[],0.2701882918334964
26,median,CCCCN=Cc1c([O-])ccc2ccccc12,"[8, 4]",[],0.27024788577829834
26,median,COc1ccc(O)c(C=Nc2cccnc2)c1,[14],"[{'functional_group': 'amide', 'smiles_inds': [8]}, {'functional_group': 'amino', 'smiles_inds': [16]}]",0.27026256261838977
26,median,C(Cc1ccccn1)N[CH-]c1ccccc1P(c1ccccc1)c1ccccc1,"[9, 16]","[{'functional_group': 'ether', 'smiles_inds': [28]}, {'functional_group': '2-hydroxypyridine', 'smiles_inds': [11]}]",0.2702850768674107
26,median,C1CC(NC(C1)=Nc1ccccc1)=Nc1ccccc1,[6],[],0.2703050912390371
26,top,c1cc([c-]c(c1)C12N=CC3C4C1[S+2]234)C12N=CC3C4C1[S+2]234,"[7, 14, 3]","[{'functional_group': 'carboxylate', 'smiles_inds': [5]}, {'functional_group': 'carboxylate', 'smiles_inds': [0]}, {'functional_group': 'carboxylate', 'smiles_inds': [1]}, {'functional_group': 'cyanimide', 'smiles_inds': [15]}, {'functional_group': 'cyanimide', 'smiles_inds': [8]}, {'functional_group': 'carboxylate', 'smiles_inds': [17]}, {'functional_group': 'carboxylate', 'smiles_inds': [18]}, {'functional_group': 'phosphonate', 'smiles_inds': [16]}, {'functional_group': 'carboxylate', 'smiles_inds': [11]}, {'functional_group': 'cyanimide', 'smiles_inds': [10]}]",0.9999996210001842
26,top,[nH+]1cc[nH+]c2c1c1cccnc1c1ncccc21,"[13, 10]","[{'functional_group': 'cyano', 'smiles_inds': [1]}, {'functional_group': 'carboxylate', 'smiles_inds': [9]}, {'functional_group': 'carboxylate', 'smiles_inds': [7]}, {'functional_group': 'carboxylate', 'smiles_inds': [15]}, {'functional_group': 'tribromo', 'smiles_inds': [3]}, {'functional_group': '2-hydroxypyridine', 'smiles_inds': [16]}, {'functional_group': 'chloro', 'smiles_inds': [14]}, {'functional_group': 'hydroxyl', 'smiles_inds': [0]}]",0.9999996849904895
26,top,[nH+]1cc[nH+]c2c1c1cccnc1c1ncccc21,"[13, 10]","[{'functional_group': 'cyano', 'smiles_inds': [1]}, {'functional_group': 'carboxylate', 'smiles_inds': [9]}, {'functional_group': 'carboxylate', 'smiles_inds': [7]}, {'functional_group': 'carboxylate', 'smiles_inds': [15]}, {'functional_group': 'tribromo', 'smiles_inds': [3]}, {'functional_group': '2-hydroxypyridine', 'smiles_inds': [16]}, {'functional_group': 'iodo', 'smiles_inds': [14]}, {'functional_group': 'ketone', 'smiles_inds': [2]}]",0.9999996986271948
26,top,CC[NH+]1CCN(CC1)c1cc2N(C=C(C(=O)[O-])C(=O)c2cc1F)C1CC1,"[18, 16]","[{'functional_group': 'methyl', 'smiles_inds': [9]}, {'functional_group': 'iodo', 'smiles_inds': [7]}, {'functional_group': 'carboxylate', 'smiles_inds': [20]}, {'functional_group': 'carboxylate', 'smiles_inds': [12]}, {'functional_group': 'cyano', 'smiles_inds': [2]}, {'functional_group': 'trifluro', 'smiles_inds': [23]}, {'functional_group': 'amino', 'smiles_inds': [0]}, {'functional_group': 'chloro', 'smiles_inds': [4]}, {'functional_group': 'cyano', 'smiles_inds': [6]}, {'functional_group': 'trichloro', 'smiles_inds': [1]}]",0.9999997695482523
26,top,[nH+]1cc[nH+]c2c1c1cccnc1c1ncccc21,"[13, 10]","[{'functional_group': 'cyano', 'smiles_inds': [1]}, {'functional_group': 'carboxylate', 'smiles_inds': [9]}, {'functional_group': 'carboxylate', 'smiles_inds': [7]}, {'functional_group': 'carboxylate', 'smiles_inds': [15]}, {'functional_group': 'tribromo', 'smiles_inds': [3]}, {'functional_group': '2-hydroxypyridine', 'smiles_inds': [16]}, {'functional_group': 'bromo', 'smiles_inds': [0]}, {'functional_group': 'cyanimide', 'smiles_inds': [14]}]",0.9999997731786049
26,top,CCNC([S-])=NN=CC1=COc2cc(O)ccc2C1=O,"[19, 4, 6]","[{'functional_group': 'cyanimide', 'smiles_inds': [1]}, {'functional_group': 'cyanimide', 'smiles_inds': [0]}]",0.9999997915239235
26,top,[nH+]1cc[nH+]c2c1c1cccnc1c1ncccc21,"[13, 10]","[{'functional_group': 'cyano', 'smiles_inds': [1]}, {'functional_group': 'carboxylate', 'smiles_inds': [9]}, {'functional_group': 'carboxylate', 'smiles_inds': [7]}, {'functional_group': 'carboxylate', 'smiles_inds': [15]}, {'functional_group': 'tribromo', 'smiles_inds': [3]}, {'functional_group': '2-hydroxypyridine', 'smiles_inds': [16]}, {'functional_group': 'cyanimide', 'smiles_inds': [14]}]",0.9999997938969701
26,top,[nH+]1cc[nH+]c2c1c1cccnc1c1ncccc21,"[13, 10]","[{'functional_group': 'cyano', 'smiles_inds': [1]}, {'functional_group': 'carboxylate', 'smiles_inds': [9]}, {'functional_group': 'carboxylate', 'smiles_inds': [7]}, {'functional_group': 'carboxylate', 'smiles_inds': [15]}, {'functional_group': 'tribromo', 'smiles_inds': [3]}, {'functional_group': '2-hydroxypyridine', 'smiles_inds': [16]}, {'functional_group': 'cyano', 'smiles_inds': [0]}]",0.9999998061123881
26,top,[nH+]1cc[nH+]c2c1c1cccnc1c1ncccc21,"[13, 10]","[{'functional_group': 'cyano', 'smiles_inds': [1]}, {'functional_group': 'carboxylate', 'smiles_inds': [9]}, {'functional_group': 'carboxylate', 'smiles_inds': [7]}, {'functional_group': 'carboxylate', 'smiles_inds': [15]}, {'functional_group': 'tribromo', 'smiles_inds': [3]}, {'functional_group': '2-hydroxypyridine', 'smiles_inds': [16]}, {'functional_group': 'cyano', 'smiles_inds': [14]}]",0.9999998225846398
26,top,[nH+]1cc[nH+]c2c1c1cccnc1c1ncccc21,"[13, 10]","[{'functional_group': 'cyano', 'smiles_inds': [1]}, {'functional_group': 'carboxylate', 'smiles_inds': [9]}, {'functional_group': 'carboxylate', 'smiles_inds': [7]}, {'functional_group': 'carboxylate', 'smiles_inds': [15]}, {'functional_group': 'tribromo', 'smiles_inds': [3]}, {'functional_group': '2-hydroxypyridine', 'smiles_inds': [16]}, {'functional_group': 'phosphonate', 'smiles_inds': [0]}]",0.999999822855527
26,top,[nH+]1cc[nH+]c2c1c1cccnc1c1ncccc21,"[13, 10]","[{'functional_group': 'cyano', 'smiles_inds': [1]}, {'functional_group': 'carboxylate', 'smiles_inds': [9]}, {'functional_group': 'carboxylate', 'smiles_inds': [7]}, {'functional_group': 'carboxylate', 'smiles_inds': [15]}, {'functional_group': 'tribromo', 'smiles_inds': [3]}, {'functional_group': '2-hydroxypyridine', 'smiles_inds': [16]}, {'functional_group': 'bromo', 'smiles_inds': [8]}]",0.9999998237516428
26,top,[nH+]1cc[nH+]c2c1c1cccnc1c1ncccc21,"[13, 10]","[{'functional_group': 'cyano', 'smiles_inds': [1]}, {'functional_group': 'carboxylate', 'smiles_inds': [9]}, {'functional_group': 'carboxylate', 'smiles_inds': [7]}, {'functional_group': 'carboxylate', 'smiles_inds': [15]}, {'functional_group': 'tribromo', 'smiles_inds': [3]}, {'functional_group': '2-hydroxypyridine', 'smiles_inds': [16]}, {'functional_group': 'carboxyl', 'smiles_inds': [14]}, {'functional_group': 'chloro', 'smiles_inds': [2]}]",0.9999998254403728
26,top,[nH+]1cc[nH+]c2c1c1cccnc1c1ncccc21,"[13, 10]","[{'functional_group': 'cyano', 'smiles_inds': [1]}, {'functional_group': 'carboxylate', 'smiles_inds': [9]}, {'functional_group': 'carboxylate', 'smiles_inds': [7]}, {'functional_group': 'carboxylate', 'smiles_inds': [15]}, {'functional_group': 'tribromo', 'smiles_inds': [3]}, {'functional_group': '2-hydroxypyridine', 'smiles_inds': [16]}, {'functional_group': 'iodo', 'smiles_inds': [8]}]",0.9999998457716348
26,top,CC[NH+]1CCN(CC1)c1cc2N(C=C(C(=O)[O-])C(=O)c2cc1F)C1CC1,"[18, 16]","[{'functional_group': 'methyl', 'smiles_inds': [9]}, {'functional_group': 'iodo', 'smiles_inds': [7]}, {'functional_group': 'carboxylate', 'smiles_inds': [20]}, {'functional_group': 'carboxylate', 'smiles_inds': [12]}, {'functional_group': 'cyano', 'smiles_inds': [2]}, {'functional_group': 'trifluro', 'smiles_inds': [23]}, {'functional_group': 'amino', 'smiles_inds': [0]}, {'functional_group': 'chloro', 'smiles_inds': [4]}, {'functional_group': 'cyano', 'smiles_inds': [6]}, {'functional_group': 'carboxylate', 'smiles_inds': [1]}]",0.9999998579157519
26,top,[nH+]1cc[nH+]c2c1c1cccnc1c1ncccc21,"[13, 10]","[{'functional_group': 'cyano', 'smiles_inds': [1]}, {'functional_group': 'carboxylate', 'smiles_inds': [9]}, {'functional_group': 'carboxylate', 'smiles_inds': [7]}, {'functional_group': 'carboxylate', 'smiles_inds': [15]}, {'functional_group': 'tribromo', 'smiles_inds': [3]}, {'functional_group': '2-hydroxypyridine', 'smiles_inds': [16]}, {'functional_group': 'amide', 'smiles_inds': [14]}, {'functional_group': 'methyl', 'smiles_inds': [2]}]",0.999999867975108
26,top,[nH+]1cc[nH+]c2c1c1cccnc1c1ncccc21,"[13, 10]","[{'functional_group': 'cyano', 'smiles_inds': [1]}, {'functional_group': 'carboxylate', 'smiles_inds': [9]}, {'functional_group': 'carboxylate', 'smiles_inds': [7]}, {'functional_group': 'carboxylate', 'smiles_inds': [15]}, {'functional_group': 'tribromo', 'smiles_inds': [3]}, {'functional_group': '2-hydroxypyridine', 'smiles_inds': [16]}, {'functional_group': 'carbonyl', 'smiles_inds': [14]}]",0.9999998704455432
26,top,[nH+]1cc[nH+]c2c1c1cccnc1c1ncccc21,"[13, 10]","[{'functional_group': 'cyano', 'smiles_inds': [1]}, {'functional_group': 'carboxylate', 'smiles_inds': [9]}, {'functional_group': 'carboxylate', 'smiles_inds': [7]}, {'functional_group': 'carboxylate', 'smiles_inds': [15]}, {'functional_group': 'tribromo', 'smiles_inds': [3]}, {'functional_group': '2-hydroxypyridine', 'smiles_inds': [16]}, {'functional_group': 'aldehyde', 'smiles_inds': [14]}, {'functional_group': 'methyl_ester', 'smiles_inds': [0]}]",0.9999998841633871
26,top,[nH+]1cc[nH+]c2c1c1cccnc1c1ncccc21,"[13, 10]","[{'functional_group': 'cyano', 'smiles_inds': [1]}, {'functional_group': 'carboxylate', 'smiles_inds': [9]}, {'functional_group': 'carboxylate', 'smiles_inds': [7]}, {'functional_group': 'carboxylate', 'smiles_inds': [15]}, {'functional_group': 'tribromo', 'smiles_inds': [3]}, {'functional_group': '2-hydroxypyridine', 'smiles_inds': [16]}, {'functional_group': 'iodo', 'smiles_inds': [14]}]",0.9999998987684833
26,top,[nH+]1cc[nH+]c2c1c1cccnc1c1ncccc21,"[13, 10]","[{'functional_group': 'cyano', 'smiles_inds': [1]}, {'functional_group': 'carboxylate', 'smiles_inds': [9]}, {'functional_group': 'carboxylate', 'smiles_inds': [7]}, {'functional_group': 'carboxylate', 'smiles_inds': [15]}, {'functional_group': 'tribromo', 'smiles_inds': [3]}, {'functional_group': '2-hydroxypyridine', 'smiles_inds': [16]}, {'functional_group': 'amino', 'smiles_inds': [8]}, {'functional_group': 'carboxyl', 'smiles_inds': [14]}]",0.9999999542278345
26,top,CC[NH+]1CCN(CC1)c1cc2N(C=C(C(=O)[O-])C(=O)c2cc1F)C1CC1,"[18, 16]","[{'functional_group': 'methyl', 'smiles_inds': [9]}, {'functional_group': 'iodo', 'smiles_inds': [7]}, {'functional_group': 'carboxylate', 'smiles_inds': [20]}, {'functional_group': 'carboxylate', 'smiles_inds': [12]}, {'functional_group': 'cyano', 'smiles_inds': [2]}, {'functional_group': 'trifluro', 'smiles_inds': [23]}, {'functional_group': 'amino', 'smiles_inds': [0]}, {'functional_group': 'chloro', 'smiles_inds': [4]}, {'functional_group': 'cyano', 'smiles_inds': [6]}, {'functional_group': 'cyanimide', 'smiles_inds': [1]}]",0.999999997721104
27,bottom,C[Si](C)(C)c1cc(cc(c1)[Si](C#CP(C#C[Si](c1cc(cc(c1)[Si](C)(C)C)[Si](C)(C)C)(c1cc(cc(c1)[Si](C)(C)C)[Si](C)(C)C)c1cc(cc(c1)[Si](C)(C)C)[Si](C)(C)C)C#C[Si](c1cc(cc(c1)[Si](C)(C)C)[Si](C)(C)C)(c1cc(cc(c1)[Si](C)(C)C)[Si](C)(C)C)c1cc(cc(c1)[Si](C)(C)C)[Si](C)(C)C)(c1cc(cc(c1)[Si](C)(C)C)[Si](C)(C)C)c1cc(cc(c1)[Si](C)(C)C)[Si](C)(C)C)[Si](C)(C)C,[13],"[{'functional_group': 'trifluro', 'smiles_inds': [131]}, {'functional_group': 'hydroxyl', 'smiles_inds': [26]}]",6.927102526957943e-42
27,bottom,CN1CC23c4c5c6c7c8c9c%10c%11c%12c%13c%14c%10c%10c%15c%14c%14c%16c%13c%13c%12c%12c%17c%11c9c9c%11c%17c%17c%12c%12c%13c%13c%16c%16c%14c%14c%15c(c6c8%10)c4c%14c4c%16c6c%13c%12c8c%17c%10c%11c(c79)c5c2c%10c8c6C34C1c1ccncc1,[67],"[{'functional_group': 'ethyl_ester', 'smiles_inds': [68]}]",2.740677967341655e-31
27,bottom,CC1(N=C(c2ccccc2)C23C4=C5C6=C7C8=C9C%10=C%11C%12=C%13C%14=C%11C8=C6C6=C4C4=C8C%11=C%15C%16=C(C%17=C%12C%12=C%10C%10=C9C9=C7C7=C5C2=C2C5=C%18C%19=C%20C(=C%12C%17=C%12C%20=C%17C(=C%16%12)C%11=C(C2=C%18%17)C138)C%10=C%19C9=C75)C%13=C%15C4=C%146)C(=O)[O-],"[72, 2]","[{'functional_group': 'fluoro', 'smiles_inds': [0]}]",3.0646782153029802e-31
27,bottom,CC1(N=C(c2ccccc2)C23C4=C5C6=C7C8=C9C%10=C%11C%12=C%13C%14=C%11C8=C6C6=C4C4=C8C%11=C%15C%16=C(C%17=C%12C%12=C%10C%10=C9C9=C7C7=C5C2=C2C5=C%18C%19=C%20C(=C%12C%17=C%12C%20=C%17C(=C%16%12)C%11=C(C2=C%18%17)C138)C%10=C%19C9=C75)C%13=C%15C4=C%146)C(=O)[O-],"[72, 2]",[],7.710917313043527e-31
27,bottom,CCOC(=O)C12C(=O)OCc3ccc4OCCOCCOc5cc(COC(=O)C6(C(=O)OCC)C78c9c%10c%11c%12c%13c%14C%15=C%16c%17c%18c%19c%15c%13c%10c7c%19c7c%18c%10c%13c%17c%15C%16=C%16c%14c%14c%12c%12c%11c%11c%17c%18c%12c%12c%19c%18c%18c%20c%21c%22c(c%13c%13c(c%18%22)c%19C1(c%15%13)C2%16c%14%12)c%10c1c%21c(c(c%17%20)c9%11)C68c71)ccc5OCCOCCOc4c3,"[17, 20, 97, 100, 103, 14]","[{'functional_group': 'methyl', 'smiles_inds': [18]}]",8.463125495931995e-31
27,bottom,CCCC[P](CCCC)(CCCC)CCP(CCP(CCP(CC[P](CCCC)(CCCC)CCCC)CC[P](CCCC)(CCCC)CCCC)c1ccccc1)CC[P](CCCC)(CCCC)CCCC,"[15, 18, 21]","[{'functional_group': 'bromo', 'smiles_inds': [5]}]",1.1936614391146109e-30
27,bottom,CCCC[P](CCCC)(CCCC)CCP(CCP(CCP(CC[P](CCCC)(CCCC)CCCC)CC[P](CCCC)(CCCC)CCCC)c1ccccc1)CC[P](CCCC)(CCCC)CCCC,"[15, 18, 21]","[{'functional_group': 'aldehyde', 'smiles_inds': [67]}]",3.562816743004713e-30
27,bottom,[O-]c1ccccc1C1=NOC23c4c5c6c7c8c9c%10c%11c%12c%13c%14c%10c%10c%15c%14c%14c%16c%13c%13c%12c%12c%17c%11c9c9c%11c%17c%17c%12c%12c%13c%13c%16c%16c%14c%14c%15c(c6c8%10)c4c%14c4c%16c6c%13c%12c8c%17c%10c%11c(c79)c5c2c%10c8c6C134,"[8, 0]","[{'functional_group': '2-methylbenzoic_acid', 'smiles_inds': [2]}, {'functional_group': 'carbonyl', 'smiles_inds': [3]}]",1.368354902314815e-29
27,bottom,C[Si](C)(C)C(c1cc(C([Si](C)(C)C)[Si](C)(C)C)c([Se]c2ccccc2[Se]c2ccccc2[Se]c2ccccc2[Se]c2c(cc(cc2C([Si](C)(C)C)[Si](C)(C)C)C([Si](C)(C)C)[Si](C)(C)C)C([Si](C)(C)C)[Si](C)(C)C)c(c1)C([Si](C)(C)C)[Si](C)(C)C)[Si](C)(C)C,"[25, 32]",[],1.5264533671056992e-27
27,bottom,Cc1cc(C)c(B(CCCP(CCCB(c2c(C)cc(C)cc2C)c2c(C)cc(C)cc2C)CCP(CCCB(c2c(C)cc(C)cc2C)c2c(C)cc(C)cc2C)CCCB(c2c(C)cc(C)cc2C)c2c(C)cc(C)cc2C)c2c(C)cc(C)cc2C)c(C)c1,"[35, 10]",[],2.999819202435239e-22
27,bottom,CC(C)c1cccc(C(C)C)c1c1cc(NCCN(CCNc2cc(cc(c2)c2c(cccc2C(C)C)C(C)C)c2c(cccc2C(C)C)C(C)C)CCNc2cc(cc(c2)c2c(cccc2C(C)C)C(C)C)c2c(cccc2C(C)C)C(C)C)cc(c1)c1c(cccc1C(C)C)C(C)C,"[18, 15, 21]",[],7.504304960782322e-19
27,bottom,C1CCCCCCCCCCCP2CCCCCCCCCCCCCCCCCCCCCCP(CCCCCCCCCC1)CCCCCCCCCCCCCCCCCCCCCC2,"[12, 35]","[{'functional_group': 'ketone', 'smiles_inds': [66]}, {'functional_group': 'carboxyllic_acid', 'smiles_inds': [13]}]",3.5175043038472246e-18
27,bottom,C1CCC(CC1)B(CCCP(CCCB(C1CCCCC1)C1CCCCC1)CCP(CCCB(C1CCCCC1)C1CCCCC1)CCCB(C1CCCCC1)C1CCCCC1)C1CCCCC1,"[10, 29]","[{'functional_group': 'fluoro', 'smiles_inds': [22]}]",5.265020524301723e-18
27,bottom,C[Si](C)(C)c1cc2ccccc2c2c1OP(Oc1ccc3ccccc3c1c1c(OP3Oc4c(cc5ccccc5c4c4c(O3)c(cc3ccccc43)[Si](C)(C)C)[Si](C)(C)C)ccc3ccccc13)Oc1c(cc3ccccc3c21)[Si](C)(C)C,"[30, 15]",[],9.1700931277864e-18
27,bottom,C1CCC(CC1)P(CCP(CCP(C1CCCCC1)C1CCCCC1)CCP(C1CCCCC1)C1CCCCC1)C1CCCCC1,"[12, 9, 27]","[{'functional_group': 'methyl', 'smiles_inds': [16]}, {'functional_group': 'phosphonate', 'smiles_inds': [10]}]",1.3037184780500572e-17
27,bottom,CCCCCC1c2cc3C(CCCCC)c4cc5C(CCCCC)c6cc7C(CCCCC)c8cc1c1OCOc2cc3OCOc4c(P(c2ccccc2)c2ccccc2)c5OCOc6cc7OCOc8c1OCc1cccc(COc2c3OCOc4cc5OCOc6c7cc8C(CCCCC)c9cc%10C(CCCCC)c(cc3C(CCCCC)c4cc5C7CCCCC)c2OCOc%10cc9OCOc8c6P(c2ccccc2)c2ccccc2)c1,"[48, 142]","[{'functional_group': 'cyano', 'smiles_inds': [127]}, {'functional_group': 'fluoro', 'smiles_inds': [14]}]",1.3829645817195863e-17
27,bottom,Cc1cc(c2ccc(cc2)c2c3ccccc3cc3ccccc23)c(N=C(C)C(C)=Nc2c(cc(C)cc2c2ccc(cc2)c2c3ccccc3cc3ccccc23)c2ccc(cc2)c2c3ccccc3cc3ccccc23)c(c1)c1ccc(cc1)c1c2ccccc2cc2ccccc12,"[25, 30]",[],1.6927898404477895e-17
27,bottom,C1CCC(CC1)P(CCP(CCP(C1CCCCC1)C1CCCCC1)CCP(C1CCCCC1)C1CCCCC1)C1CCCCC1,"[12, 9, 27]","[{'functional_group': 'carbonyl', 'smiles_inds': [13]}]",1.9708580040720846e-17
27,bottom,CC(C)(C)c1cc2c3cc(cc4c5cc(cc6c7cc(cc8c9cc(cc%10c%11cc(cc%12c(c1)c2c1c(c34)c(c56)c(c78)c(c9%10)c1c%11%12)C(C)(C)C)C(C)(C)C)C(C)(C)C)C(C)(C)C)P(c1ccccc1)c1ccccc1,[62],"[{'functional_group': 'ketone', 'smiles_inds': [59]}, {'functional_group': 'trichloro', 'smiles_inds': [61]}]",5.139667704413486e-17
27,bottom,CC(C)(C)c1cc2c3cc(cc4c5cc(cc6c7cc(cc8c9cc(cc%10c%11cc(cc%12c(c1)c2c1c(c34)c(c56)c(c78)c(c9%10)c1c%11%12)C(C)(C)C)C(C)(C)C)C(C)(C)C)C(C)(C)C)P(c1ccccc1)c1ccccc1,[62],[],1.2267022767843115e-16
27,median,COc1cccc2C=NCCOc12,[8],"[{'functional_group': 'ethyl', 'smiles_inds': [7]}]",0.26920881184201156
27,median,COc1ccc(CNC(=S)NN=Cc2ccccn2)cc1,"[9, 11]",[],0.26921211148930124
27,median,COC(=O)[C-]=CC1C(=O)OC(C)(C=NC(C)(C)C)[C-]1C(=O)OC,"[18, 4, 13]","[{'functional_group': 'iodo', 'smiles_inds': [11]}]",0.2692298569867948
27,median,NC1=NN=NN1C=C,[2],[],0.2692675576557202
27,median,CC1=NN(c2ccccc2)C(=C1Br)C,[2],[],0.2693879975384575
27,median,C1CSCc2ccccc2OCCOc2ccccc2CSCCN1,"[2, 21, 24]","[{'functional_group': 'iodo', 'smiles_inds': [0]}]",0.26939658487742146
27,median,Brc1ccc(N=Cc2c([O-])ccc3ccccc23)c(Br)c1,"[9, 5]",[],0.26942096969222645
27,median,CC(C=C([S-])c1ccccc1)=NCCNc1ccccc1,"[4, 11, 14]","[{'functional_group': 'carboxyllic_acid', 'smiles_inds': [0]}, {'functional_group': 'bromo', 'smiles_inds': [8]}]",0.2695120143752122
27,median,[NH3+]CCSCC12CSCCNCC(CNCCSC1)(CNCCSC2)N(=O)=O,"[7, 17, 23, 10, 14, 20]","[{'functional_group': 'bromo', 'smiles_inds': [15]}, {'functional_group': 'phenyl', 'smiles_inds': [0]}, {'functional_group': 'trichloro', 'smiles_inds': [22]}]",0.2696179560274468
27,median,NCCN=Cc1cc(cc(c1[O-])N(=O)=O)N(=O)=O,"[0, 3, 11]","[{'functional_group': 'ethyl_ester', 'smiles_inds': [1]}]",0.26963169460690156
27,median,Cc1cc([N-]c2cccc3cccnc23)c2ncc3ccccc3c2c1,"[4, 16, 13]","[{'functional_group': 'ethyl', 'smiles_inds': [22]}]",0.26963287186261536
27,median,CN(C)CCN=Cc1cccc(Br)c1[O-],"[14, 5, 1]","[{'functional_group': 'carboxyllic_acid', 'smiles_inds': [2]}, {'functional_group': 'carboxyllic_acid', 'smiles_inds': [10]}]",0.2697020015085795
27,median,O=C(Nc1ccc2ccccc2c1c1c(ccc2ccccc12)[N-]C(=O)c1ccccn1)c1ccccn1,"[31, 23]",[],0.2697210639081645
27,median,CCCC[N-]C(=O)c1ccccn1,"[12, 4]",[],0.26973516197096603
27,median,O=C(Cc1ccccc1)C=[C-]c1ccccc1,"[0, 10]","[{'functional_group': 'phenyl', 'smiles_inds': [9]}]",0.26975610980389225
27,median,[NH3+]C(C(=O)[O-])C(C)(C)[S](=O)=O,"[8, 4]","[{'functional_group': 'chloro', 'smiles_inds': [1]}]",0.2697626594602042
27,median,ClC1=CNc2ncccc12,[5],"[{'functional_group': 'methyl', 'smiles_inds': [3]}]",0.2698014130905274
27,median,CNC(C)c1ccccc1,[1],[],0.2698306552506511
27,median,CCCNc1nc[nH+]c2[N-]C=[NH+]c12,[9],"[{'functional_group': 'trifluro', 'smiles_inds': [11]}]",0.2698386953390816
27,median,CN(CCc1ccccn1)Cc1cccc(C)n1,"[9, 1, 17]","[{'functional_group': 'carbonyl', 'smiles_inds': [14]}]",0.2698595162163067
27,top,CC[NH+]1CCN(CC1)c1cc2N(C=C(C(=O)[O-])C(=O)c2cc1F)C1CC1,"[18, 16]","[{'functional_group': 'methyl', 'smiles_inds': [9]}, {'functional_group': 'iodo', 'smiles_inds': [7]}, {'functional_group': 'carboxylate', 'smiles_inds': [20]}, {'functional_group': 'carboxylate', 'smiles_inds': [12]}, {'functional_group': 'cyano', 'smiles_inds': [2]}, {'functional_group': 'trifluro', 'smiles_inds': [23]}, {'functional_group': 'amino', 'smiles_inds': [0]}, {'functional_group': 'chloro', 'smiles_inds': [4]}, {'functional_group': 'cyano', 'smiles_inds': [6]}, {'functional_group': 'phosphonate', 'smiles_inds': [1]}]",0.999999711420414
27,top,CC[NH+]1CCN(CC1)c1cc2N(C=C(C(=O)[O-])C(=O)c2cc1F)C1CC1,"[18, 16]","[{'functional_group': 'methyl', 'smiles_inds': [9]}, {'functional_group': 'iodo', 'smiles_inds': [7]}, {'functional_group': 'carboxylate', 'smiles_inds': [20]}, {'functional_group': 'carboxylate', 'smiles_inds': [12]}, {'functional_group': 'cyano', 'smiles_inds': [2]}, {'functional_group': 'trifluro', 'smiles_inds': [23]}, {'functional_group': 'amino', 'smiles_inds': [0]}, {'functional_group': 'chloro', 'smiles_inds': [4]}, {'functional_group': 'cyano', 'smiles_inds': [6]}, {'functional_group': 'trichloro', 'smiles_inds': [3]}]",0.9999997787795615
27,top,CC[NH+]1CCN(CC1)c1cc2N(C=C(C(=O)[O-])C(=O)c2cc1F)C1CC1,"[18, 16]","[{'functional_group': 'methyl', 'smiles_inds': [9]}, {'functional_group': 'iodo', 'smiles_inds': [7]}, {'functional_group': 'carboxylate', 'smiles_inds': [20]}, {'functional_group': 'carboxylate', 'smiles_inds': [12]}, {'functional_group': 'cyano', 'smiles_inds': [2]}, {'functional_group': 'trifluro', 'smiles_inds': [23]}, {'functional_group': 'amino', 'smiles_inds': [0]}, {'functional_group': 'chloro', 'smiles_inds': [4]}, {'functional_group': 'cyano', 'smiles_inds': [6]}, {'functional_group': 'fluoro', 'smiles_inds': [24]}]",0.999999814254685
27,top,[nH+]1cc[nH+]c2c1c1cccnc1c1ncccc21,"[13, 10]","[{'functional_group': 'cyano', 'smiles_inds': [1]}, {'functional_group': 'carboxylate', 'smiles_inds': [9]}, {'functional_group': 'carboxylate', 'smiles_inds': [7]}, {'functional_group': 'carboxylate', 'smiles_inds': [15]}, {'functional_group': 'tribromo', 'smiles_inds': [3]}, {'functional_group': '2-hydroxypyridine', 'smiles_inds': [16]}, {'functional_group': 'thiol', 'smiles_inds': [14]}]",0.9999998594002129
27,top,[nH+]1cc[nH+]c2c1c1cccnc1c1ncccc21,"[13, 10]","[{'functional_group': 'cyano', 'smiles_inds': [1]}, {'functional_group': 'carboxylate', 'smiles_inds': [9]}, {'functional_group': 'carboxylate', 'smiles_inds': [7]}, {'functional_group': 'carboxylate', 'smiles_inds': [15]}, {'functional_group': 'tribromo', 'smiles_inds': [3]}, {'functional_group': '2-hydroxypyridine', 'smiles_inds': [16]}, {'functional_group': 'fluoro', 'smiles_inds': [14]}]",0.9999998734455877
27,top,CNCC(C)(CN)CN1CNCC(C)(CNC)CNC1,"[1, 15, 18, 8, 6, 10]","[{'functional_group': 'cyanimide', 'smiles_inds': [4]}, {'functional_group': 'methyl', 'smiles_inds': [2]}]",0.9999998960385968
27,top,[nH+]1cc[nH+]c2c1c1cccnc1c1ncccc21,"[13, 10]","[{'functional_group': 'cyano', 'smiles_inds': [1]}, {'functional_group': 'carboxylate', 'smiles_inds': [9]}, {'functional_group': 'carboxylate', 'smiles_inds': [7]}, {'functional_group': 'carboxylate', 'smiles_inds': [15]}, {'functional_group': 'tribromo', 'smiles_inds': [3]}, {'functional_group': '2-hydroxypyridine', 'smiles_inds': [16]}, {'functional_group': 'carbonyl', 'smiles_inds': [8]}]",0.999999907075868
27,top,[nH+]1cc[nH+]c2c1c1cccnc1c1ncccc21,"[13, 10]","[{'functional_group': 'cyano', 'smiles_inds': [1]}, {'functional_group': 'carboxylate', 'smiles_inds': [9]}, {'functional_group': 'carboxylate', 'smiles_inds': [7]}, {'functional_group': 'carboxylate', 'smiles_inds': [15]}, {'functional_group': 'tribromo', 'smiles_inds': [3]}, {'functional_group': '2-hydroxypyridine', 'smiles_inds': [16]}, {'functional_group': 'methyl', 'smiles_inds': [14]}]",0.9999999109869607
27,top,[nH+]1cc[nH+]c2c1c1cccnc1c1ncccc21,"[13, 10]","[{'functional_group': 'cyano', 'smiles_inds': [1]}, {'functional_group': 'carboxylate', 'smiles_inds': [9]}, {'functional_group': 'carboxylate', 'smiles_inds': [7]}, {'functional_group': 'carboxylate', 'smiles_inds': [15]}, {'functional_group': 'tribromo', 'smiles_inds': [3]}, {'functional_group': '2-hydroxypyridine', 'smiles_inds': [16]}, {'functional_group': 'aldehyde', 'smiles_inds': [0]}]",0.9999999142143154
27,top,CC[NH+]1CCN(CC1)c1cc2N(C=C(C(=O)[O-])C(=O)c2cc1F)C1CC1,"[18, 16]","[{'functional_group': 'methyl', 'smiles_inds': [9]}, {'functional_group': 'iodo', 'smiles_inds': [7]}, {'functional_group': 'carboxylate', 'smiles_inds': [20]}, {'functional_group': 'carboxylate', 'smiles_inds': [12]}, {'functional_group': 'cyano', 'smiles_inds': [2]}, {'functional_group': 'trifluro', 'smiles_inds': [23]}, {'functional_group': 'amino', 'smiles_inds': [0]}, {'functional_group': 'chloro', 'smiles_inds': [4]}, {'functional_group': 'cyano', 'smiles_inds': [6]}, {'functional_group': 'ether', 'smiles_inds': [24]}, {'functional_group': 'cyanimide', 'smiles_inds': [25]}, {'functional_group': 'cyano', 'smiles_inds': [3]}]",0.9999999192106234
27,top,[nH+]1cc[nH+]c2c1c1cccnc1c1ncccc21,"[13, 10]","[{'functional_group': 'cyano', 'smiles_inds': [1]}, {'functional_group': 'carboxylate', 'smiles_inds': [9]}, {'functional_group': 'carboxylate', 'smiles_inds': [7]}, {'functional_group': 'carboxylate', 'smiles_inds': [15]}, {'functional_group': 'tribromo', 'smiles_inds': [3]}, {'functional_group': '2-hydroxypyridine', 'smiles_inds': [16]}, {'functional_group': 'cyanimide', 'smiles_inds': [14]}]",0.9999999235867499
27,top,[nH+]1cc[nH+]c2c1c1cccnc1c1ncccc21,"[13, 10]","[{'functional_group': 'cyano', 'smiles_inds': [1]}, {'functional_group': 'carboxylate', 'smiles_inds': [9]}, {'functional_group': 'carboxylate', 'smiles_inds': [7]}, {'functional_group': 'carboxylate', 'smiles_inds': [15]}, {'functional_group': 'tribromo', 'smiles_inds': [3]}, {'functional_group': '2-hydroxypyridine', 'smiles_inds': [16]}, {'functional_group': 'phosphonate', 'smiles_inds': [8]}, {'functional_group': 'hydroxyl', 'smiles_inds': [0]}]",0.9999999297004619
27,top,[nH+]1cc[nH+]c2c1c1cccnc1c1ncccc21,"[13, 10]","[{'functional_group': 'cyano', 'smiles_inds': [1]}, {'functional_group': 'carboxylate', 'smiles_inds': [9]}, {'functional_group': 'carboxylate', 'smiles_inds': [7]}, {'functional_group': 'carboxylate', 'smiles_inds': [15]}, {'functional_group': 'tribromo', 'smiles_inds': [3]}, {'functional_group': '2-hydroxypyridine', 'smiles_inds': [16]}, {'functional_group': 'cyano', 'smiles_inds': [14]}]",0.9999999300020324
27,top,[nH+]1cc[nH+]c2c1c1cccnc1c1ncccc21,"[13, 10]","[{'functional_group': 'cyano', 'smiles_inds': [1]}, {'functional_group': 'carboxylate', 'smiles_inds': [9]}, {'functional_group': 'carboxylate', 'smiles_inds': [7]}, {'functional_group': 'carboxylate', 'smiles_inds': [15]}, {'functional_group': 'tribromo', 'smiles_inds': [3]}, {'functional_group': '2-hydroxypyridine', 'smiles_inds': [16]}, {'functional_group': 'phosphonate', 'smiles_inds': [2]}]",0.9999999541166339
27,top,[nH+]1cc[nH+]c2c1c1cccnc1c1ncccc21,"[13, 10]","[{'functional_group': 'cyano', 'smiles_inds': [1]}, {'functional_group': 'carboxylate', 'smiles_inds': [9]}, {'functional_group': 'carboxylate', 'smiles_inds': [7]}, {'functional_group': 'carboxylate', 'smiles_inds': [15]}, {'functional_group': 'tribromo', 'smiles_inds': [3]}, {'functional_group': '2-hydroxypyridine', 'smiles_inds': [16]}, {'functional_group': 'cyanimide', 'smiles_inds': [8]}, {'functional_group': 'carboxyllic_acid', 'smiles_inds': [14]}]",0.9999999675374606
27,top,[nH+]1cc[nH+]c2c1c1cccnc1c1ncccc21,"[13, 10]","[{'functional_group': 'cyano', 'smiles_inds': [1]}, {'functional_group': 'carboxylate', 'smiles_inds': [9]}, {'functional_group': 'carboxylate', 'smiles_inds': [7]}, {'functional_group': 'carboxylate', 'smiles_inds': [15]}, {'functional_group': 'tribromo', 'smiles_inds': [3]}, {'functional_group': '2-hydroxypyridine', 'smiles_inds': [16]}, {'functional_group': 'amino', 'smiles_inds': [2]}]",0.9999999690175189
27,top,[nH+]1cc[nH+]c2c1c1cccnc1c1ncccc21,"[13, 10]","[{'functional_group': 'cyano', 'smiles_inds': [1]}, {'functional_group': 'carboxylate', 'smiles_inds': [9]}, {'functional_group': 'carboxylate', 'smiles_inds': [7]}, {'functional_group': 'carboxylate', 'smiles_inds': [15]}, {'functional_group': 'tribromo', 'smiles_inds': [3]}, {'functional_group': '2-hydroxypyridine', 'smiles_inds': [16]}, {'functional_group': 'aldehyde', 'smiles_inds': [14]}, {'functional_group': 'carboxyl', 'smiles_inds': [0]}]",0.999999973738112
27,top,[nH+]1cc[nH+]c2c1c1cccnc1c1ncccc21,"[13, 10]","[{'functional_group': 'cyano', 'smiles_inds': [1]}, {'functional_group': 'carboxylate', 'smiles_inds': [9]}, {'functional_group': 'carboxylate', 'smiles_inds': [7]}, {'functional_group': 'carboxylate', 'smiles_inds': [15]}, {'functional_group': 'tribromo', 'smiles_inds': [3]}, {'functional_group': '2-hydroxypyridine', 'smiles_inds': [16]}, {'functional_group': 'methyl_ester', 'smiles_inds': [14]}, {'functional_group': 'chloro', 'smiles_inds': [2]}, {'functional_group': '2-hydroxypyridine', 'smiles_inds': [8]}]",0.9999999762919075
27,top,CC[NH+]1CCN(CC1)c1cc2N(C=C(C(=O)[O-])C(=O)c2cc1F)C1CC1,"[18, 16]","[{'functional_group': 'methyl', 'smiles_inds': [9]}, {'functional_group': 'iodo', 'smiles_inds': [7]}, {'functional_group': 'carboxylate', 'smiles_inds': [20]}, {'functional_group': 'carboxylate', 'smiles_inds': [12]}, {'functional_group': 'cyano', 'smiles_inds': [2]}, {'functional_group': 'trifluro', 'smiles_inds': [23]}, {'functional_group': 'amino', 'smiles_inds': [0]}, {'functional_group': 'chloro', 'smiles_inds': [4]}, {'functional_group': 'cyano', 'smiles_inds': [6]}, {'functional_group': 'cyanimide', 'smiles_inds': [24]}]",0.9999999920732691
27,top,CC12CNCN(CNC1)CC1(C)CNCC(CNC2)(CNC1)N(=O)=O,"[3, 17, 7, 5, 13, 20]","[{'functional_group': 'ether', 'smiles_inds': [6]}, {'functional_group': 'cyanimide', 'smiles_inds': [19]}]",0.9999999990125381
28,bottom,CC(C)(C)c1cc2c3cc(cc4c5cc(cc6c7cc(cc8c9cc(cc%10c%11cc(cc%12c(c1)c2c1c(c34)c(c56)c(c78)c(c9%10)c1c%11%12)C(C)(C)C)C(C)(C)C)C(C)(C)C)C(C)(C)C)P(c1cc2c3cc(cc4c5cc(cc6c7cc(cc8c9cc(cc%10c%11cc(cc%12c(c1)c2c1c(c34)c(c56)c(c78)c(c9%10)c1c%11%12)C(C)(C)C)C(C)(C)C)C(C)(C)C)C(C)(C)C)C(C)(C)C)c1cc2c3cc(cc4c5cc(cc6c7cc(cc8c9cc(cc%10c%11cc(cc%12c(c1)c2c1c(c34)c(c56)c(c78)c(c9%10)c1c%11%12)C(C)(C)C)C(C)(C)C)C(C)(C)C)C(C)(C)C)C(C)(C)C,[62],"[{'functional_group': 'thiol', 'smiles_inds': [116]}, {'functional_group': 'ethyl', 'smiles_inds': [10]}, {'functional_group': 'trifluro', 'smiles_inds': [77]}]",5.535940327561944e-49
28,bottom,CCOC(=O)C12C(=O)OCc3ccc4OCCOCCOc5cc(COC(=O)C6(C(=O)OCC)C78c9c%10c%11c%12c%13c%14C%15=C%16c%17c%18c%19c%15c%13c%10c7c%19c7c%18c%10c%13c%17c%15C%16=C%16c%14c%14c%12c%12c%11c%11c%17c%18c%12c%12c%19c%18c%18c%20c%21c%22c(c%13c%13c(c%18%22)c%19C1(c%15%13)C2%16c%14%12)c%10c1c%21c(c(c%17%20)c9%11)C68c71)ccc5OCCOCCOc4c3,"[17, 20, 97, 100, 103, 14]","[{'functional_group': 'carbonyl', 'smiles_inds': [95]}]",1.673884980289926e-31
28,bottom,CCOC(=O)C12C(=O)OCc3ccc4OCCOCCOc5cc(COC(=O)C6(C(=O)OCC)C78c9c%10c%11c%12c%13c%14C%15=C%16c%17c%18c%19c%15c%13c%10c7c%19c7c%18c%10c%13c%17c%15C%16=C%16c%14c%14c%12c%12c%11c%11c%17c%18c%12c%12c%19c%18c%18c%20c%21c%22c(c%13c%13c(c%18%22)c%19C1(c%15%13)C2%16c%14%12)c%10c1c%21c(c(c%17%20)c9%11)C68c71)ccc5OCCOCCOc4c3,"[17, 20, 97, 100, 103, 14]","[{'functional_group': 'cyano', 'smiles_inds': [32]}]",2.2584188777270913e-31
28,bottom,CC1(N=C(c2ccccc2)C23C4=C5C6=C7C8=C9C%10=C%11C%12=C%13C%14=C%11C8=C6C6=C4C4=C8C%11=C%15C%16=C(C%17=C%12C%12=C%10C%10=C9C9=C7C7=C5C2=C2C5=C%18C%19=C%20C(=C%12C%17=C%12C%20=C%17C(=C%16%12)C%11=C(C2=C%18%17)C138)C%10=C%19C9=C75)C%13=C%15C4=C%146)C(=O)[O-],"[72, 2]","[{'functional_group': 'phosphonate', 'smiles_inds': [9]}, {'functional_group': 'phosphonate', 'smiles_inds': [6]}]",3.1933064002558263e-31
28,bottom,CCOC(=O)C1=C(OC23c4c5c6c7c8c9c%10C%11=C%12C%13=C%14C%15=C%16C%17=C%18C%19=C%20C%21=C(c4c4c6c8c6c%10C(=C%19c6c%214)C%17=C%11%15)C4=C6C%20=C%18C8=C%16c%10c%14c%11c%13c%13c(c9%12)c7c7c%13c9c%11c%11c%10c8c6c(c%11c9c2c57)C134)c1ccncc1,[71],"[{'functional_group': 'carboxylate', 'smiles_inds': [1]}, {'functional_group': 'trichloro', 'smiles_inds': [73]}]",1.496831808406842e-30
28,bottom,C[Si](C)(C)C(c1cc(C([Si](C)(C)C)[Si](C)(C)C)c([Se]c2ccccc2Sc2ccccc2Sc2ccccc2[Se]c2c(cc(cc2C([Si](C)(C)C)[Si](C)(C)C)C([Si](C)(C)C)[Si](C)(C)C)C([Si](C)(C)C)[Si](C)(C)C)c(c1)C([Si](C)(C)C)[Si](C)(C)C)[Si](C)(C)C,"[25, 32]","[{'functional_group': 'ether', 'smiles_inds': [35]}]",1.4451457916635922e-28
28,bottom,C[Si](C)(C)C(c1cc(C([Si](C)(C)C)[Si](C)(C)C)c([Se]c2ccccc2Sc2ccccc2Sc2ccccc2[Se]c2c(cc(cc2C([Si](C)(C)C)[Si](C)(C)C)C([Si](C)(C)C)[Si](C)(C)C)C([Si](C)(C)C)[Si](C)(C)C)c(c1)C([Si](C)(C)C)[Si](C)(C)C)[Si](C)(C)C,"[25, 32]","[{'functional_group': '2-hydroxypyridine', 'smiles_inds': [35]}]",3.845653550379074e-28
28,bottom,C[Si](C)(C)C(c1cc(C([Si](C)(C)C)[Si](C)(C)C)c(Sc2ccccc2[Se]c2ccccc2[Se]c2ccccc2Sc2c(cc(cc2C([Si](C)(C)C)[Si](C)(C)C)C([Si](C)(C)C)[Si](C)(C)C)C([Si](C)(C)C)[Si](C)(C)C)c(c1)C([Si](C)(C)C)[Si](C)(C)C)[Si](C)(C)C,"[25, 32]",[],4.409118667519859e-28
28,bottom,C[Si](C)(C)C(c1cc(C([Si](C)(C)C)[Si](C)(C)C)c([Se]c2ccccc2[Se]c2ccccc2[Se]c2ccccc2[Se]c2c(cc(cc2C([Si](C)(C)C)[Si](C)(C)C)C([Si](C)(C)C)[Si](C)(C)C)C([Si](C)(C)C)[Si](C)(C)C)c(c1)C([Si](C)(C)C)[Si](C)(C)C)[Si](C)(C)C,"[25, 32]","[{'functional_group': 'ethyl_ester', 'smiles_inds': [46]}]",9.987344541810275e-28
28,bottom,CP(CCP(C)c1c(cc(cc1C([Si](C)(C)C)[Si](C)(C)C)C([Si](C)(C)C)([Si](C)(C)C)[Si](C)(C)C)C([Si](C)(C)C)[Si](C)(C)C)c1c(cc(cc1C([Si](C)(C)C)[Si](C)(C)C)C([Si](C)(C)C)([Si](C)(C)C)[Si](C)(C)C)C([Si-](C)C)[Si](C)(C)C,"[4, 72, 1]","[{'functional_group': 'ethyl_ester', 'smiles_inds': [66]}]",1.4149850659493466e-27
28,bottom,CP(CCP(C)c1c(cc(cc1C([Si](C)(C)C)[Si](C)(C)C)C([Si](C)(C)C)([Si](C)(C)C)[Si](C)(C)C)C([Si](C)(C)C)[Si](C)(C)C)c1c(cc(cc1C([Si](C)(C)C)[Si](C)(C)C)C([Si](C)(C)C)([Si](C)(C)C)[Si](C)(C)C)C([Si-](C)C)[Si](C)(C)C,"[4, 72, 1]","[{'functional_group': 'chloro', 'smiles_inds': [70]}]",8.443105572464006e-27
28,bottom,O=C1c2[c-]c3c4c5[c-]c6C(=O)C7(c8ccccc8)C(=NC8(c9ccccn9)c9c1c1c2c2c3c3c%10c4c4c%11c5c5c6c6c%12C%13=C%14C%15=C%16C%17=C%18C(=C%19C3=C2C2=C3C%19=C%18C%18=C%16c%16c%14c%12c(c%12c%16c%18c3c(c12)c9%12)c8c76)C%10=C4C%17=C%15C%11=C5%13)c1ccccc1,"[7, 3, 10]","[{'functional_group': '2-hydroxypyridine', 'smiles_inds': [24]}]",1.0216360033251286e-22
28,bottom,Cc1cc(C)c(B(CCCP(CCCB(c2c(C)cc(C)cc2C)c2c(C)cc(C)cc2C)CCP(CCCB(c2c(C)cc(C)cc2C)c2c(C)cc(C)cc2C)CCCB(c2c(C)cc(C)cc2C)c2c(C)cc(C)cc2C)c2c(C)cc(C)cc2C)c(C)c1,"[35, 10]",[],4.0320745312920612e-22
28,bottom,CC(C)(C)c1cc2c3cc(cc4c5cc(cc6c7cc(cc8c9cc(cc%10c%11cc(cc%12c(c1)c2c1c(c34)c(c56)c(c78)c(c9%10)c1c%11%12)C(C)(C)C)C(C)(C)C)C(C)(C)C)C(C)(C)C)C1=CN(Cc2ccccc2)N=N1,[73],"[{'functional_group': '2-methylbenzoic_acid', 'smiles_inds': [49]}]",3.684114945628226e-19
28,bottom,COc1ccc2ccccc2c1c1c2ccccc2ccc1c1nc2c(ccc(c3ccc(C)cc3)c2nc1c1nc2c(ccc(c3ccc(C)cc3)c2nc1c1nc2c(ccc(c3ccc(C)cc3)c2nc1c1nc2c(ccc(c3ccc(C)cc3)c2nc1c1nc2c(ccc(c3ccc(C)cc3)c2n[c-]1)c1ccc(C)cc1)c1ccc(C)cc1)c1ccc(C)cc1)c1ccc(C)cc1)c1ccc(C)cc1,"[106, 88]",[],6.104475637162644e-19
28,bottom,C[Si](C)(C)c1cc(cc(c1)[Si](C)(C)C)P(c1cc(cc(c1)[Si](C)(C)C)[Si](C)(C)C)c1ccccc1P(c1cc(cc(c1)[Si](C)(C)C)[Si](C)(C)C)c1cc(cc(c1)[Si](C)(C)C)[Si](C)(C)C,"[35, 14]","[{'functional_group': 'fluoro', 'smiles_inds': [62]}]",1.05872010412285e-18
28,bottom,COc1ccc2ccccc2c1c1c2ccccc2ccc1c1nc2c(ccc(c3ccc(C)cc3)c2nc1c1nc2c(ccc(c3ccc(C)cc3)c2nc1c1nc2c(ccc(c3ccc(C)cc3)c2nc1c1nc2c(ccc(c3ccc(C)cc3)c2nc1c1nc2c(ccc(c3ccc(C)cc3)c2n[c-]1)c1ccc(C)cc1)c1ccc(C)cc1)c1ccc(C)cc1)c1ccc(C)cc1)c1ccc(C)cc1,"[106, 88]","[{'functional_group': '2-hydroxypyridine', 'smiles_inds': [108]}, {'functional_group': 'ethyl', 'smiles_inds': [134]}]",1.2751789586142091e-18
28,bottom,C[Si](C)(C)c1cc(cc(c1)[Si](C)(C)C)P(c1cc(cc(c1)[Si](C)(C)C)[Si](C)(C)C)c1ccccc1P(c1cc(cc(c1)[Si](C)(C)C)[Si](C)(C)C)c1cc(cc(c1)[Si](C)(C)C)[Si](C)(C)C,"[35, 14]","[{'functional_group': 'amino', 'smiles_inds': [13]}]",1.4462930159013195e-18
28,bottom,CCP1CCCP(CC)CCC[P]2(CCC1)[CH3+3]13[CH4+3]4[CH4+3]1[CH3+3]234,"[39, 28, 38]","[{'functional_group': '2-hydroxypyridine', 'smiles_inds': [8]}, {'functional_group': '2-methylbenzoic_acid', 'smiles_inds': [3]}]",1.9347018629107616e-18
28,bottom,C1CCC(CC1)P(CCP(CCP(C1CCCCC1)C1CCCCC1)CCP(C1CCCCC1)C1CCCCC1)C1CCCCC1,"[12, 9, 27]","[{'functional_group': 'ethyl', 'smiles_inds': [23]}]",3.863858960758242e-18
28,median,c1cc([c-]c(c1)C12N=CC3C4C1[S+2]234)C12N=CC3C4C1[S+2]234,"[7, 14, 3]","[{'functional_group': 'carboxylate', 'smiles_inds': [5]}, {'functional_group': 'ketone', 'smiles_inds': [15]}, {'functional_group': 'ethyl', 'smiles_inds': [8]}, {'functional_group': 'carbonyl', 'smiles_inds': [10]}, {'functional_group': 'phenyl', 'smiles_inds': [17]}]",0.2657484630449264
28,median,COc1ccc(cc1)c1ccnc(c1)c1cc(ccn1)c1ccc(OC)cc1,"[19, 11]",[],0.26576320263216185
28,median,O=NC1(CCCCC1)ON=C1CCCCC1,"[1, 9]",[],0.26585760435375777
28,median,c1cc([c-]c(c1)C12N=CC3C4C1[S+2]234)C12N=CC3C4C1[S+2]234,"[7, 14, 3]","[{'functional_group': 'amino', 'smiles_inds': [5]}, {'functional_group': 'phenyl', 'smiles_inds': [17]}]",0.265865407776456
28,median,Cc1cc2N=C(Nc2c(c1C)N(=O)=O)C1=Nc2cc(C)c(C)c(c2N1)N(=O)=O,"[4, 15]","[{'functional_group': '2-methylbenzoic_acid', 'smiles_inds': [24]}, {'functional_group': 'carboxyllic_acid', 'smiles_inds': [19]}]",0.26588343965609196
28,median,CCCCCCCCCCCCNC(=O)c1cc(nc(c1)c1ccccn1)c1ccccn1,"[26, 18, 32]","[{'functional_group': 'trichloro', 'smiles_inds': [10]}]",0.2659643894708466
28,median,O=S1CCSCCSCC1,[4],"[{'functional_group': 'trichloro', 'smiles_inds': [6]}, {'functional_group': 'ether', 'smiles_inds': [5]}, {'functional_group': 'hydroxyl', 'smiles_inds': [3]}]",0.2660651073538077
28,median,O=C([O-])CCc1ccc2cccc([O-])c2n1,"[2, 15, 13]","[{'functional_group': '2-methylbenzoic_acid', 'smiles_inds': [10]}, {'functional_group': 'aldehyde', 'smiles_inds': [3]}]",0.26612201847960926
28,median,OC(=O)CCCN(Cc1ccccn1)Cc1ccccn1,"[13, 6, 20]",[],0.2661402263938124
28,median,c1cc([c-]c(c1)C12N=CC3C4C1[S+2]234)C12N=CC3C4C1[S+2]234,"[7, 14, 3]","[{'functional_group': 'tribromo', 'smiles_inds': [17]}]",0.2661932232800279
28,median,c1cc([c-]c(c1)C12N=CC3C4C1[S+2]234)C12N=CC3C4C1[S+2]234,"[7, 14, 3]","[{'functional_group': 'tribromo', 'smiles_inds': [10]}]",0.26619322328002964
28,median,N1c2ccccc2N(PN(c2ccccn2)c2ccccc12)c1ccccn1,"[8, 9, 7]",[],0.26621076432212043
28,median,Clc1ccc(CN=Cc2ccccc2[CH2-])cc1,"[6, 14]","[{'functional_group': 'bromo', 'smiles_inds': [16]}, {'functional_group': 'carboxyllic_acid', 'smiles_inds': [11]}]",0.26636100700285786
28,median,COc1cccc([O-])c1P(c1ccccc1)c1ccccc1,"[9, 7]",[],0.2663705836123403
28,median,CC(C)(C)c1ccnc(c1)C1=Cc2c(F)c(F)c(F)c(F)c2[N-]1,"[22, 7]",[],0.2663881152576953
28,median,C(N=Cc1cccc(C=NCc2ccccc2)n1)c1ccccc1,"[1, 17, 9]",[],0.2666801244915662
28,median,CC[NH+]1CCN(CC1)c1cc2N(C=C(C(=O)[O-])C(=O)c2cc1F)C1CC1,"[18, 16]","[{'functional_group': 'thiol', 'smiles_inds': [0]}]",0.26668212815539405
28,median,COCC1C(OC)C(OC)C(COC)N1N=C(C)c1cccc(n1)C(C)=NN1C(COC)C(OC)C(OC)C1COC,"[15, 23, 26]",[],0.26671448536241277
28,median,c1cc([c-]c(c1)C12N=CC3C4C1[S+2]234)C12N=CC3C4C1[S+2]234,"[7, 14, 3]","[{'functional_group': 'amide', 'smiles_inds': [17]}, {'functional_group': 'ether', 'smiles_inds': [0]}]",0.2667296139343283
28,median,c1cc([c-]c(c1)C12N=CC3C4C1[S+2]234)C12N=CC3C4C1[S+2]234,"[7, 14, 3]","[{'functional_group': 'methyl', 'smiles_inds': [0]}]",0.2668127636959215
28,top,[nH+]1cc[nH+]c2c1c1cccnc1c1ncccc21,"[13, 10]","[{'functional_group': 'cyano', 'smiles_inds': [1]}, {'functional_group': 'carboxylate', 'smiles_inds': [9]}, {'functional_group': 'carboxylate', 'smiles_inds': [7]}, {'functional_group': 'carboxylate', 'smiles_inds': [15]}, {'functional_group': 'tribromo', 'smiles_inds': [3]}, {'functional_group': '2-hydroxypyridine', 'smiles_inds': [16]}, {'functional_group': 'cyanimide', 'smiles_inds': [8]}, {'functional_group': 'ethyl_ester', 'smiles_inds': [2]}]",0.9999994657752259
28,top,[nH+]1cc[nH+]c2c1c1cccnc1c1ncccc21,"[13, 10]","[{'functional_group': 'cyano', 'smiles_inds': [1]}, {'functional_group': 'carboxylate', 'smiles_inds': [9]}, {'functional_group': 'carboxylate', 'smiles_inds': [7]}, {'functional_group': 'carboxylate', 'smiles_inds': [15]}, {'functional_group': 'tribromo', 'smiles_inds': [3]}, {'functional_group': '2-hydroxypyridine', 'smiles_inds': [16]}, {'functional_group': 'carboxyl', 'smiles_inds': [2]}]",0.9999994979139352
28,top,CC[NH+]1CCN(CC1)c1cc2N(C=C(C(=O)[O-])C(=O)c2cc1F)C1CC1,"[18, 16]","[{'functional_group': 'methyl', 'smiles_inds': [9]}, {'functional_group': 'iodo', 'smiles_inds': [7]}, {'functional_group': 'carboxylate', 'smiles_inds': [20]}, {'functional_group': 'carboxylate', 'smiles_inds': [12]}, {'functional_group': 'cyano', 'smiles_inds': [2]}, {'functional_group': 'trifluro', 'smiles_inds': [23]}, {'functional_group': 'amino', 'smiles_inds': [0]}, {'functional_group': 'chloro', 'smiles_inds': [4]}, {'functional_group': 'cyano', 'smiles_inds': [6]}, {'functional_group': 'phosphonate', 'smiles_inds': [3]}]",0.9999996022246292
28,top,CC[NH+]1CCN(CC1)c1cc2N(C=C(C(=O)[O-])C(=O)c2cc1F)C1CC1,"[18, 16]","[{'functional_group': 'methyl', 'smiles_inds': [9]}, {'functional_group': 'iodo', 'smiles_inds': [7]}, {'functional_group': 'carboxylate', 'smiles_inds': [20]}, {'functional_group': 'carboxylate', 'smiles_inds': [12]}, {'functional_group': 'cyano', 'smiles_inds': [2]}, {'functional_group': 'trifluro', 'smiles_inds': [23]}, {'functional_group': 'amino', 'smiles_inds': [0]}, {'functional_group': 'chloro', 'smiles_inds': [4]}, {'functional_group': 'cyano', 'smiles_inds': [6]}, {'functional_group': 'ether', 'smiles_inds': [24]}, {'functional_group': 'carboxylate', 'smiles_inds': [1]}]",0.9999996083685087
28,top,CC[NH+]1CCN(CC1)c1cc2N(C=C(C(=O)[O-])C(=O)c2cc1F)C1CC1,"[18, 16]","[{'functional_group': 'methyl', 'smiles_inds': [9]}, {'functional_group': 'iodo', 'smiles_inds': [7]}, {'functional_group': 'carboxylate', 'smiles_inds': [20]}, {'functional_group': 'carboxylate', 'smiles_inds': [12]}, {'functional_group': 'cyano', 'smiles_inds': [2]}, {'functional_group': 'aldehyde', 'smiles_inds': [23]}, {'functional_group': 'cyanimide', 'smiles_inds': [24]}, {'functional_group': 'amino', 'smiles_inds': [0]}]",0.9999997017277001
28,top,CC[NH+]1CCN(CC1)c1cc2N(C=C(C(=O)[O-])C(=O)c2cc1F)C1CC1,"[18, 16]","[{'functional_group': 'methyl', 'smiles_inds': [9]}, {'functional_group': 'iodo', 'smiles_inds': [7]}, {'functional_group': 'carboxylate', 'smiles_inds': [20]}, {'functional_group': 'carboxylate', 'smiles_inds': [12]}, {'functional_group': 'cyano', 'smiles_inds': [2]}, {'functional_group': 'trifluro', 'smiles_inds': [23]}, {'functional_group': 'amino', 'smiles_inds': [0]}, {'functional_group': 'chloro', 'smiles_inds': [4]}, {'functional_group': 'cyano', 'smiles_inds': [6]}, {'functional_group': 'phosphonate', 'smiles_inds': [24]}]",0.999999703570356
28,top,CC[NH+]1CCN(CC1)c1cc2N(C=C(C(=O)[O-])C(=O)c2cc1F)C1CC1,"[18, 16]","[{'functional_group': 'methyl', 'smiles_inds': [9]}, {'functional_group': 'iodo', 'smiles_inds': [7]}, {'functional_group': 'carboxylate', 'smiles_inds': [20]}, {'functional_group': 'carboxylate', 'smiles_inds': [12]}, {'functional_group': 'cyano', 'smiles_inds': [2]}, {'functional_group': 'trifluro', 'smiles_inds': [23]}, {'functional_group': 'amino', 'smiles_inds': [0]}, {'functional_group': 'chloro', 'smiles_inds': [4]}, {'functional_group': 'cyano', 'smiles_inds': [6]}, {'functional_group': 'bromo', 'smiles_inds': [24]}, {'functional_group': '2-hydroxypyridine', 'smiles_inds': [25]}]",0.9999997320647692
28,top,CC[NH+]1CCN(CC1)c1cc2N(C=C(C(=O)[O-])C(=O)c2cc1F)C1CC1,"[18, 16]","[{'functional_group': 'methyl', 'smiles_inds': [9]}, {'functional_group': 'iodo', 'smiles_inds': [7]}, {'functional_group': 'carboxylate', 'smiles_inds': [20]}, {'functional_group': 'carboxylate', 'smiles_inds': [12]}, {'functional_group': 'cyano', 'smiles_inds': [2]}, {'functional_group': 'trifluro', 'smiles_inds': [23]}, {'functional_group': 'amino', 'smiles_inds': [0]}, {'functional_group': 'chloro', 'smiles_inds': [4]}, {'functional_group': 'cyano', 'smiles_inds': [6]}, {'functional_group': 'carboxylate', 'smiles_inds': [24]}, {'functional_group': '2-hydroxypyridine', 'smiles_inds': [25]}]",0.9999997447726
28,top,CC[NH+]1CCN(CC1)c1cc2N(C=C(C(=O)[O-])C(=O)c2cc1F)C1CC1,"[18, 16]","[{'functional_group': 'methyl', 'smiles_inds': [9]}, {'functional_group': 'iodo', 'smiles_inds': [7]}, {'functional_group': 'carboxylate', 'smiles_inds': [20]}, {'functional_group': 'carboxylate', 'smiles_inds': [12]}, {'functional_group': 'cyano', 'smiles_inds': [2]}, {'functional_group': 'trifluro', 'smiles_inds': [23]}, {'functional_group': 'amino', 'smiles_inds': [0]}, {'functional_group': 'chloro', 'smiles_inds': [4]}, {'functional_group': 'cyano', 'smiles_inds': [6]}, {'functional_group': 'ether', 'smiles_inds': [24]}, {'functional_group': 'amino', 'smiles_inds': [3]}]",0.9999997787719991
28,top,CN1C=CN=C1C=NCC(C)(CN=CC1=NC=CN1C)CN=CC1=NC=CN1C,"[7, 21, 4, 24, 12, 15]","[{'functional_group': 'trichloro', 'smiles_inds': [26]}, {'functional_group': 'cyanimide', 'smiles_inds': [20]}, {'functional_group': 'trichloro', 'smiles_inds': [13]}]",0.999999786536977
28,top,[nH+]1cc[nH+]c2c1c1cccnc1c1ncccc21,"[13, 10]","[{'functional_group': 'cyano', 'smiles_inds': [1]}, {'functional_group': 'carboxylate', 'smiles_inds': [9]}, {'functional_group': 'carboxylate', 'smiles_inds': [7]}, {'functional_group': 'carboxylate', 'smiles_inds': [15]}, {'functional_group': 'tribromo', 'smiles_inds': [3]}, {'functional_group': '2-hydroxypyridine', 'smiles_inds': [16]}, {'functional_group': 'ether', 'smiles_inds': [0]}]",0.9999998086234738
28,top,[nH+]1cc[nH+]c2c1c1cccnc1c1ncccc21,"[13, 10]","[{'functional_group': 'cyano', 'smiles_inds': [1]}, {'functional_group': 'carboxylate', 'smiles_inds': [9]}, {'functional_group': 'carboxylate', 'smiles_inds': [7]}, {'functional_group': 'carboxylate', 'smiles_inds': [15]}, {'functional_group': 'tribromo', 'smiles_inds': [3]}, {'functional_group': '2-hydroxypyridine', 'smiles_inds': [16]}, {'functional_group': 'cyano', 'smiles_inds': [8]}]",0.9999998695138238
28,top,[nH+]1cc[nH+]c2c1c1cccnc1c1ncccc21,"[13, 10]","[{'functional_group': 'cyano', 'smiles_inds': [1]}, {'functional_group': 'carboxylate', 'smiles_inds': [9]}, {'functional_group': 'carboxylate', 'smiles_inds': [7]}, {'functional_group': 'carboxylate', 'smiles_inds': [15]}, {'functional_group': 'tribromo', 'smiles_inds': [3]}, {'functional_group': '2-hydroxypyridine', 'smiles_inds': [16]}, {'functional_group': 'carboxyllic_acid', 'smiles_inds': [0]}]",0.9999998997100438
28,top,[nH+]1cc[nH+]c2c1c1cccnc1c1ncccc21,"[13, 10]","[{'functional_group': 'cyano', 'smiles_inds': [1]}, {'functional_group': 'carboxylate', 'smiles_inds': [9]}, {'functional_group': 'carboxylate', 'smiles_inds': [7]}, {'functional_group': 'carboxylate', 'smiles_inds': [15]}, {'functional_group': 'tribromo', 'smiles_inds': [3]}, {'functional_group': '2-hydroxypyridine', 'smiles_inds': [16]}, {'functional_group': 'fluoro', 'smiles_inds': [14]}, {'functional_group': 'trifluro', 'smiles_inds': [8]}]",0.9999999002251594
28,top,[nH+]1cc[nH+]c2c1c1cccnc1c1ncccc21,"[13, 10]","[{'functional_group': 'cyano', 'smiles_inds': [1]}, {'functional_group': 'carboxylate', 'smiles_inds': [9]}, {'functional_group': 'carboxylate', 'smiles_inds': [7]}, {'functional_group': 'carboxylate', 'smiles_inds': [15]}, {'functional_group': 'tribromo', 'smiles_inds': [3]}, {'functional_group': '2-hydroxypyridine', 'smiles_inds': [16]}, {'functional_group': 'carboxyllic_acid', 'smiles_inds': [14]}]",0.9999999065878645
28,top,[nH+]1cc[nH+]c2c1c1cccnc1c1ncccc21,"[13, 10]","[{'functional_group': 'cyano', 'smiles_inds': [1]}, {'functional_group': 'carboxylate', 'smiles_inds': [9]}, {'functional_group': 'carboxylate', 'smiles_inds': [7]}, {'functional_group': 'carboxylate', 'smiles_inds': [15]}, {'functional_group': 'tribromo', 'smiles_inds': [3]}, {'functional_group': '2-hydroxypyridine', 'smiles_inds': [16]}, {'functional_group': 'cyano', 'smiles_inds': [0]}]",0.9999999416773951
28,top,[nH+]1cc[nH+]c2c1c1cccnc1c1ncccc21,"[13, 10]","[{'functional_group': 'cyano', 'smiles_inds': [1]}, {'functional_group': 'carboxylate', 'smiles_inds': [9]}, {'functional_group': 'carboxylate', 'smiles_inds': [7]}, {'functional_group': 'carboxylate', 'smiles_inds': [15]}, {'functional_group': 'tribromo', 'smiles_inds': [3]}, {'functional_group': '2-hydroxypyridine', 'smiles_inds': [16]}, {'functional_group': '2-hydroxypyridine', 'smiles_inds': [0]}]",0.9999999696431536
28,top,[nH+]1cc[nH+]c2c1c1cccnc1c1ncccc21,"[13, 10]","[{'functional_group': 'cyano', 'smiles_inds': [1]}, {'functional_group': 'carboxylate', 'smiles_inds': [9]}, {'functional_group': 'carboxylate', 'smiles_inds': [7]}, {'functional_group': 'carboxylate', 'smiles_inds': [15]}, {'functional_group': 'tribromo', 'smiles_inds': [3]}, {'functional_group': '2-hydroxypyridine', 'smiles_inds': [16]}, {'functional_group': 'ketone', 'smiles_inds': [8]}]",0.9999999699954278
28,top,[nH+]1cc[nH+]c2c1c1cccnc1c1ncccc21,"[13, 10]","[{'functional_group': 'cyano', 'smiles_inds': [1]}, {'functional_group': 'carboxylate', 'smiles_inds': [9]}, {'functional_group': 'carboxylate', 'smiles_inds': [7]}, {'functional_group': 'carboxylate', 'smiles_inds': [15]}, {'functional_group': 'tribromo', 'smiles_inds': [3]}, {'functional_group': '2-hydroxypyridine', 'smiles_inds': [16]}, {'functional_group': 'cyanimide', 'smiles_inds': [8]}]",0.999999973421509
28,top,[nH+]1cc[nH+]c2c1c1cccnc1c1ncccc21,"[13, 10]","[{'functional_group': 'cyano', 'smiles_inds': [1]}, {'functional_group': 'carboxylate', 'smiles_inds': [9]}, {'functional_group': 'carboxylate', 'smiles_inds': [7]}, {'functional_group': 'carboxylate', 'smiles_inds': [15]}, {'functional_group': 'tribromo', 'smiles_inds': [3]}, {'functional_group': '2-hydroxypyridine', 'smiles_inds': [16]}, {'functional_group': 'carboxylate', 'smiles_inds': [14]}]",0.9999999956102201
29,bottom,CC(C)(C)c1cc2c3cc(cc4c5cc(cc6c7cc(cc8c9cc(cc%10c%11cc(cc%12c(c1)c2c1c(c34)c(c56)c(c78)c(c9%10)c1c%11%12)C(C)(C)C)C(C)(C)C)C(C)(C)C)C(C)(C)C)P(c1cc2c3cc(cc4c5cc(cc6c7cc(cc8c9cc(cc%10c%11cc(cc%12c(c1)c2c1c(c34)c(c56)c(c78)c(c9%10)c1c%11%12)C(C)(C)C)C(C)(C)C)C(C)(C)C)C(C)(C)C)C(C)(C)C)c1cc2c3cc(cc4c5cc(cc6c7cc(cc8c9cc(cc%10c%11cc(cc%12c(c1)c2c1c(c34)c(c56)c(c78)c(c9%10)c1c%11%12)C(C)(C)C)C(C)(C)C)C(C)(C)C)C(C)(C)C)C(C)(C)C,[62],"[{'functional_group': 'ether', 'smiles_inds': [53]}]",5.858633402319587e-97
29,bottom,CCOC(=O)C12C(=O)OCc3ccc4OCCOCCOc5cc(COC(=O)C6(C(=O)OCC)C78c9c%10c%11c%12c%13c%14C%15=C%16c%17c%18c%19c%15c%13c%10c7c%19c7c%18c%10c%13c%17c%15C%16=C%16c%14c%14c%12c%12c%11c%11c%17c%18c%12c%12c%19c%18c%18c%20c%21c%22c(c%13c%13c(c%18%22)c%19C1(c%15%13)C2%16c%14%12)c%10c1c%21c(c(c%17%20)c9%11)C68c71)ccc5OCCOCCOc4c3,"[17, 20, 97, 100, 103, 14]","[{'functional_group': 'amide', 'smiles_inds': [32]}]",1.1057585052484218e-84
29,bottom,CCOC(=O)C12C(=O)OCc3ccc4OCCOCCOc5cc(COC(=O)C6(C(=O)OCC)C78c9c%10c%11c%12c%13c%14C%15=C%16c%17c%18c%19c%15c%13c%10c7c%19c7c%18c%10c%13c%17c%15C%16=C%16c%14c%14c%12c%12c%11c%11c%17c%18c%12c%12c%19c%18c%18c%20c%21c%22c(c%13c%13c(c%18%22)c%19C1(c%15%13)C2%16c%14%12)c%10c1c%21c(c(c%17%20)c9%11)C68c71)ccc5OCCOCCOc4c3,"[17, 20, 97, 100, 103, 14]","[{'functional_group': 'carboxyl', 'smiles_inds': [102]}, {'functional_group': 'phenyl', 'smiles_inds': [105]}]",1.1202519270981505e-84
29,bottom,CCOC(=O)C12C(=O)OCc3ccc4OCCOCCOc5cc(COC(=O)C6(C(=O)OCC)C78c9c%10c%11c%12c%13c%14C%15=C%16c%17c%18c%19c%15c%13c%10c7c%19c7c%18c%10c%13c%17c%15C%16=C%16c%14c%14c%12c%12c%11c%11c%17c%18c%12c%12c%19c%18c%18c%20c%21c%22c(c%13c%13c(c%18%22)c%19C1(c%15%13)C2%16c%14%12)c%10c1c%21c(c(c%17%20)c9%11)C68c71)ccc5OCCOCCOc4c3,"[17, 20, 97, 100, 103, 14]","[{'functional_group': 'amino', 'smiles_inds': [98]}]",4.573321412317966e-84
29,bottom,C1N(CC23c4c5c6c7c8c9c%10c%11c%12c%13c%14c%10c%10c%15c%14c%14c%16c%13c%13c%12c%12c%17c%11c9c9c%11c%17c%17c%12c%12c%13c%13c%16c%16c%14c%14c%15c(c6c8%10)c4c%14c4c%16c6c%13c%12c8c%17c%10c%11c(c79)c5c2c%10c8c6C134)c1ccncc1,[1],"[{'functional_group': 'ethyl', 'smiles_inds': [67]}, {'functional_group': 'thiol', 'smiles_inds': [64]}]",6.277736501802501e-83
29,bottom,Cc1ccc(N)c(c1)C1=C2C(=O)C3=C4C5=C6C7=C8C9=C%10C%11=C%12C%13=C%10C%10=C8C8=C6C4(OOC(C)(C)C)C2=C(O1)C8(O)C%10=C1C(=O)OC2=C4OC(=O)C6=C([O-])c8c3c3c%10c%14c8C8=C%15C%16=C(C4=C68)C(=C%12C%16=C4C(=C%14%15)C6=C%10C(=C53)C7=C9C6=C%114)C2=C%131,"[5, 49, 52]","[{'functional_group': 'ether', 'smiles_inds': [3]}]",9.398392000654123e-54
29,bottom,O=C1N2CN3C(=O)N4CN5C(=O)N6CN7C(=O)N8CN9C(=O)N%10CN%11C(=O)N%12CN1C1%13CCCCC21N1CN2C(=O)N(CN%14C(=O)N(CN%15C(=O)N(CN%16C(=O)N(CN%17C(=O)N(CN%13C1=O)C1%12CCCCC%11%171)C1%10CCCCC9%161)C18CCCCC7%151)C16CCCCC5%141)C14CCCCC321,"[26, 0, 6]","[{'functional_group': 'methyl_ester', 'smiles_inds': [67]}, {'functional_group': 'carbonyl', 'smiles_inds': [33]}, {'functional_group': 'tribromo', 'smiles_inds': [73]}]",1.1770799664275804e-42
29,bottom,O=C1N2CN3C(=O)N4CN5C(=O)N6CN7C(=O)N8CN9C(=O)N%10CN%11C(=O)N%12CN1C1%13CCCC21N1CN2C(=O)N(CN%14C(=O)N(CN%15C(=O)N(CN%16C(=O)N(CN%17C(=O)N(CN%13C1=O)C1%12CCCC%11%171)C1%10CCCC9%161)C18CCCC7%151)C16CCCC5%141)C14CCCC321,"[54, 59]","[{'functional_group': 'carboxyllic_acid', 'smiles_inds': [68]}, {'functional_group': 'carboxylate', 'smiles_inds': [81]}, {'functional_group': '2-methylbenzoic_acid', 'smiles_inds': [41]}]",2.204668567317052e-41
29,bottom,CP(CCP(C)c1c(cc(cc1C([Si](C)(C)C)[Si](C)(C)C)C([Si](C)(C)C)([Si](C)(C)C)[Si](C)(C)C)C([Si](C)(C)C)[Si](C)(C)C)c1c(cc(cc1C([Si](C)(C)C)[Si](C)(C)C)C([Si](C)(C)C)([Si](C)(C)C)[Si](C)(C)C)C([Si-](C)C)[Si](C)(C)C,"[4, 72, 1]","[{'functional_group': 'carboxyllic_acid', 'smiles_inds': [5]}, {'functional_group': '2-methylbenzoic_acid', 'smiles_inds': [36]}]",9.655542580380204e-41
29,bottom,C[Si](C)(C)C(c1cc(C([Si](C)(C)C)[Si](C)(C)C)c(Sc2ccccc2[Se]c2ccccc2[Se]c2ccccc2Sc2c(cc(cc2C([Si](C)(C)C)[Si](C)(C)C)C([Si](C)(C)C)[Si](C)(C)C)C([Si](C)(C)C)[Si](C)(C)C)c(c1)C([Si](C)(C)C)[Si](C)(C)C)[Si](C)(C)C,"[25, 32]","[{'functional_group': 'tribromo', 'smiles_inds': [67]}]",2.4501709346611425e-39
29,bottom,C[Si](C)(C)C(c1cc(C([Si](C)(C)C)[Si](C)(C)C)c([Se]c2ccccc2[Se]c2ccccc2[Se]c2ccccc2[Se]c2c(cc(cc2C([Si](C)(C)C)[Si](C)(C)C)C([Si](C)(C)C)[Si](C)(C)C)C([Si](C)(C)C)[Si](C)(C)C)c(c1)C([Si](C)(C)C)[Si](C)(C)C)[Si](C)(C)C,"[25, 32]","[{'functional_group': 'carboxylate', 'smiles_inds': [35]}, {'functional_group': 'aldehyde', 'smiles_inds': [52]}]",1.1090069689751482e-38
29,bottom,O=C1N2CN3C(=O)N4CN5C(=O)N6CN7C(=O)N8CN9C(=O)N%10CN%11C(=O)N%12CN1C1%13CCCC21N1CN2C(=O)N(CN%14C(=O)N(CN%15C(=O)N(CN%16C(=O)N(CN%17C(=O)N(CN%13C1=O)C1%12CCCC%11%171)C1%10CCCC9%161)C18CCCC7%151)C16CCCC5%141)C14CCCC321,"[54, 59]","[{'functional_group': 'carboxyllic_acid', 'smiles_inds': [86]}]",3.6929483057916353e-38
29,bottom,Cc1cc(C)c(B(CCCP(CCCB(c2c(C)cc(C)cc2C)c2c(C)cc(C)cc2C)CCP(CCCB(c2c(C)cc(C)cc2C)c2c(C)cc(C)cc2C)CCCB(c2c(C)cc(C)cc2C)c2c(C)cc(C)cc2C)c2c(C)cc(C)cc2C)c(C)c1,"[35, 10]","[{'functional_group': 'tribromo', 'smiles_inds': [17]}]",1.0528036342575733e-34
29,bottom,O=C1N2CN3C(=O)N4CN5C(=O)N6CN7C(=O)N8CN9C(=O)N%10CN%11C(=O)N%12CN1C1%13CCCC21N1CN2C(=O)N(CN%14C(=O)N(CN%15C(=O)N(CN%16C(=O)N(CN%17C(=O)N(CN%13C1=O)C1%12CCCC%11%171)C1%10CCCC9%161)C18CCCC7%151)C16CCCC5%141)C14CCCC321,"[54, 59]",[],2.014129665216453e-34
29,bottom,Cc1cc(C)c(B(CCCP(CCCB(c2c(C)cc(C)cc2C)c2c(C)cc(C)cc2C)CCP(CCCB(c2c(C)cc(C)cc2C)c2c(C)cc(C)cc2C)CCCB(c2c(C)cc(C)cc2C)c2c(C)cc(C)cc2C)c2c(C)cc(C)cc2C)c(C)c1,"[35, 10]",[],2.911552358267654e-34
29,bottom,C[Si](C)(C)c1cc(cc(c1)[Si](C)(C)C)P(c1cc(cc(c1)[Si](C)(C)C)[Si](C)(C)C)c1ccccc1P(c1cc(cc(c1)[Si](C)(C)C)[Si](C)(C)C)c1cc(cc(c1)[Si](C)(C)C)[Si](C)(C)C,"[35, 14]","[{'functional_group': '2-methylbenzoic_acid', 'smiles_inds': [24]}]",8.898531382302381e-34
29,bottom,CC(C)(C)c1cc(CP(C23CC4CC(CC(C4)C2)C3)C23CC4CC(CC(C4)C2)C3)c2[N-]c3c(CP(C45CC6CC(CC(C6)C4)C5)C45CC6CC(CC(C6)C4)C5)cc(cc3c2c1)C(C)(C)C,"[34, 8, 30]","[{'functional_group': 'tribromo', 'smiles_inds': [38]}, {'functional_group': 'methyl_ester', 'smiles_inds': [37]}]",7.411139682869331e-33
29,bottom,COC(=O)C(C)(C)NC(=O)C(NC(=O)C1(CCCCC1)NC(=O)C(C)(C)NC(=O)C1(CCCCC1)NC(=O)C(C)(C)NC(=O)c1ccc(nc1)c1ccc(cn1)C(=O)NC(C)(C)C(=O)NC1(CCCCC1)C(=O)NC(C)(C)C(=O)NC1(CCCCC1)C(=O)NC(C(C)C)C(=O)NC(C)(C)C(=O)OC)C(C)C,"[55, 48]",[],1.5975021772388326e-31
29,bottom,CC(C)(C)c1cc(CP(C23CC4CC(CC(C4)C2)C3)C23CC4CC(CC(C4)C2)C3)c2[N-]c3c(CP(C45CC6CC(CC(C6)C4)C5)C45CC6CC(CC(C6)C4)C5)cc(cc3c2c1)C(C)(C)C,"[34, 8, 30]","[{'functional_group': 'fluoro', 'smiles_inds': [15]}]",3.7650042370237745e-30
29,bottom,Cc1cc(c2ccc(cc2)N(c2ccccc2)c2ccccc2)c(N=C(C)C(C)=Nc2c(cc(C)cc2c2ccc(cc2)N(c2ccccc2)c2ccccc2)c2ccc(cc2)N(c2ccccc2)c2ccccc2)c(c1)c1ccc(cc1)N(c1ccccc1)c1ccccc1,"[24, 29]",[],1.786657264293019e-29
29,median,C(N=Cc1ccccc1P(c1ccccc1)c1ccccc1)C1=CC=CS1,"[9, 1]","[{'functional_group': 'carboxyllic_acid', 'smiles_inds': [15]}, {'functional_group': 'carbonyl', 'smiles_inds': [14]}]",0.14693198843069924
29,median,CCOPOCC,[3],"[{'functional_group': '2-hydroxypyridine', 'smiles_inds': [1]}, {'functional_group': 'bromo', 'smiles_inds': [0]}]",0.1470164585524883
29,median,[O-]C(=NC(=Nc1ccccc1)c1ccccc1)c1ccccc1,"[0, 4]",[],0.14703595845519338
29,median,FC(F)(F)c1ccnc(c1)c1cc2c3ccccc3N3c4ccccc4c([c-]1)c23,"[27, 19]","[{'functional_group': 'bromo', 'smiles_inds': [17]}]",0.1470666643905124
29,median,CC1(C)COC(=N1)c1ccccc1c1ccccc1C1=NC(C)(C)CO1,"[6, 20]",[],0.14714772411082497
29,median,Cc1ccc([O-])c(Sc2cc(C)ccc2[O-])c1,"[7, 15, 5]",[],0.1471484600436715
29,median,Cc1ccc(cc1)N1CC(N=C1c1cccc([c-]1)c1ccccn1)c1ccccc1,"[17, 10, 7]",[],0.14715133837908517
29,median,c1cc([c-]c(c1)C12N=CC3C4C1[S+2]234)C12N=CC3C4C1[S+2]234,"[7, 14, 3]","[{'functional_group': 'aldehyde', 'smiles_inds': [11]}, {'functional_group': 'iodo', 'smiles_inds': [5]}]",0.14718484163310308
29,median,OC(c1ccccn1)(c1ccccn1)c1cccc2cccnc12,"[7, 13]",[],0.14726188958067227
29,median,c1cc([c-]c(c1)C12N=CC3C4C1[S+2]234)C12N=CC3C4C1[S+2]234,"[7, 14, 3]","[{'functional_group': 'methyl', 'smiles_inds': [9]}, {'functional_group': 'fluoro', 'smiles_inds': [1]}]",0.1472857195051407
29,median,Cc1cc(C)c(P([C-]=CC(C)(C)C)C(=N)N2CCCC2)c(C)c1,"[7, 14]",[],0.14732035378386052
29,median,Clc1cccnc1,[5],"[{'functional_group': 'amino', 'smiles_inds': [3]}, {'functional_group': '2-methylbenzoic_acid', 'smiles_inds': [4]}, {'functional_group': 'carboxyl', 'smiles_inds': [2]}]",0.1473570984723627
29,median,N1C=[NH+]N=C1c1ccccn1,"[3, 10]","[{'functional_group': 'trichloro', 'smiles_inds': [6]}, {'functional_group': 'thiol', 'smiles_inds': [1]}]",0.14736034365354542
29,median,[O-]c1ccccc1C=Nc1ccccc1Oc1ccccc1c1ccccc1Oc1ccccc1N=Cc1ccccc1[O-],"[0, 15, 28, 43, 8, 35]","[{'functional_group': 'tribromo', 'smiles_inds': [13]}, {'functional_group': 'ketone', 'smiles_inds': [18]}]",0.14741841502995875
29,median,NC([S-])=NN=Cc1cccc2ccccc12,"[2, 4]",[],0.1474243996658149
29,median,CC(C)(C)c1cc(C=Nc2c(F)c(F)c(F)c(F)c2F)c([O-])c(c1)C#C[Si](C)(C)C,"[8, 21]",[],0.1474323842913748
29,median,FC(F)(F)C([O-])=CC(=Nc1ccccc1P(c1ccccc1)c1ccccc1)c1ccccc1,"[15, 5, 8]",[],0.147475532511017
29,median,CN1CCN(CCN(C)CCN(CC1)Cc1cccc(c1O)c1ccccc1[O-])Cc1cccc(c1O)c1ccccc1O,"[36, 21, 4, 1, 11, 7]","[{'functional_group': 'aldehyde', 'smiles_inds': [25]}]",0.14753165667928816
29,median,CN(C)CC[NH+]=Cc1ccccc1[O-],[13],"[{'functional_group': 'amino', 'smiles_inds': [10]}]",0.14753920244368338
29,median,[O-]C(=NN=C(c1ccccc1)c1ccccn1)c1cccnc1,"[3, 0, 16]","[{'functional_group': 'carboxyllic_acid', 'smiles_inds': [15]}, {'functional_group': 'carboxyl', 'smiles_inds': [18]}]",0.147577064142923
29,top,[nH+]1cc[nH+]c2c1c1cccnc1c1ncccc21,"[13, 10]","[{'functional_group': 'cyano', 'smiles_inds': [1]}, {'functional_group': 'carboxylate', 'smiles_inds': [9]}, {'functional_group': 'carboxylate', 'smiles_inds': [7]}, {'functional_group': 'carboxylate', 'smiles_inds': [15]}, {'functional_group': 'tribromo', 'smiles_inds': [3]}, {'functional_group': '2-hydroxypyridine', 'smiles_inds': [16]}, {'functional_group': 'ethyl_ester', 'smiles_inds': [8]}, {'functional_group': 'tribromo', 'smiles_inds': [14]}]",0.999999999994519
29,top,[nH+]1cc[nH+]c2c1c1cccnc1c1ncccc21,"[13, 10]","[{'functional_group': 'cyano', 'smiles_inds': [1]}, {'functional_group': 'carboxylate', 'smiles_inds': [9]}, {'functional_group': 'carboxylate', 'smiles_inds': [7]}, {'functional_group': 'carboxylate', 'smiles_inds': [15]}, {'functional_group': 'tribromo', 'smiles_inds': [3]}, {'functional_group': '2-hydroxypyridine', 'smiles_inds': [16]}, {'functional_group': 'amide', 'smiles_inds': [14]}, {'functional_group': 'hydroxyl', 'smiles_inds': [2]}, {'functional_group': 'carboxyllic_acid', 'smiles_inds': [0]}]",0.999999999994619
29,top,[nH+]1cc[nH+]c2c1c1cccnc1c1ncccc21,"[13, 10]","[{'functional_group': 'cyano', 'smiles_inds': [1]}, {'functional_group': 'carboxylate', 'smiles_inds': [9]}, {'functional_group': 'carboxylate', 'smiles_inds': [7]}, {'functional_group': 'carboxylate', 'smiles_inds': [15]}, {'functional_group': 'tribromo', 'smiles_inds': [3]}, {'functional_group': '2-hydroxypyridine', 'smiles_inds': [16]}, {'functional_group': 'chloro', 'smiles_inds': [8]}, {'functional_group': 'ketone', 'smiles_inds': [0]}]",0.9999999999952816
29,top,[nH+]1cc[nH+]c2c1c1cccnc1c1ncccc21,"[13, 10]","[{'functional_group': 'cyano', 'smiles_inds': [1]}, {'functional_group': 'carboxylate', 'smiles_inds': [9]}, {'functional_group': 'carboxylate', 'smiles_inds': [7]}, {'functional_group': 'carboxylate', 'smiles_inds': [15]}, {'functional_group': 'tribromo', 'smiles_inds': [3]}, {'functional_group': '2-hydroxypyridine', 'smiles_inds': [16]}, {'functional_group': 'methyl', 'smiles_inds': [0]}, {'functional_group': 'thiol', 'smiles_inds': [8]}, {'functional_group': 'hydroxyl', 'smiles_inds': [14]}]",0.9999999999958809
29,top,[nH+]1cc[nH+]c2c1c1cccnc1c1ncccc21,"[13, 10]","[{'functional_group': 'cyano', 'smiles_inds': [1]}, {'functional_group': 'carboxylate', 'smiles_inds': [9]}, {'functional_group': 'carboxylate', 'smiles_inds': [7]}, {'functional_group': 'carboxylate', 'smiles_inds': [15]}, {'functional_group': 'tribromo', 'smiles_inds': [3]}, {'functional_group': '2-hydroxypyridine', 'smiles_inds': [16]}, {'functional_group': 'bromo', 'smiles_inds': [0]}, {'functional_group': 'carbonyl', 'smiles_inds': [2]}]",0.9999999999967586
29,top,[nH+]1cc[nH+]c2c1c1cccnc1c1ncccc21,"[13, 10]","[{'functional_group': 'cyano', 'smiles_inds': [1]}, {'functional_group': 'carboxylate', 'smiles_inds': [9]}, {'functional_group': 'carboxylate', 'smiles_inds': [7]}, {'functional_group': 'carboxylate', 'smiles_inds': [15]}, {'functional_group': 'tribromo', 'smiles_inds': [3]}, {'functional_group': '2-hydroxypyridine', 'smiles_inds': [16]}, {'functional_group': 'phenyl', 'smiles_inds': [2]}]",0.9999999999968052
29,top,[nH+]1cc[nH+]c2c1c1cccnc1c1ncccc21,"[13, 10]","[{'functional_group': 'cyano', 'smiles_inds': [1]}, {'functional_group': 'carboxylate', 'smiles_inds': [9]}, {'functional_group': 'carboxylate', 'smiles_inds': [7]}, {'functional_group': 'carboxylate', 'smiles_inds': [15]}, {'functional_group': 'tribromo', 'smiles_inds': [3]}, {'functional_group': '2-hydroxypyridine', 'smiles_inds': [16]}, {'functional_group': 'iodo', 'smiles_inds': [0]}]",0.9999999999972371
29,top,CN1C=CN=C1C=NCC(C)(CN=CC1=NC=CN1C)CN=CC1=NC=CN1C,"[7, 21, 4, 24, 12, 15]","[{'functional_group': 'carboxylate', 'smiles_inds': [10]}, {'functional_group': 'cyanimide', 'smiles_inds': [13]}]",0.9999999999974545
29,top,CC12CNCN(CNC1)CC1(C)CNCC(CNC2)(CNC1)N(=O)=O,"[3, 17, 7, 5, 13, 20]",[],0.999999999998757
29,top,[nH+]1cc[nH+]c2c1c1cccnc1c1ncccc21,"[13, 10]","[{'functional_group': 'cyano', 'smiles_inds': [1]}, {'functional_group': 'carboxylate', 'smiles_inds': [9]}, {'functional_group': 'carboxylate', 'smiles_inds': [7]}, {'functional_group': 'carboxylate', 'smiles_inds': [15]}, {'functional_group': 'tribromo', 'smiles_inds': [3]}, {'functional_group': '2-hydroxypyridine', 'smiles_inds': [16]}, {'functional_group': 'cyano', 'smiles_inds': [0]}]",0.9999999999991416
29,top,c1cc([c-]c(c1)C12N=CC3C4C1[S+2]234)C12N=CC3C4C1[S+2]234,"[7, 14, 3]","[{'functional_group': 'carboxylate', 'smiles_inds': [5]}, {'functional_group': 'carboxylate', 'smiles_inds': [0]}, {'functional_group': 'carboxylate', 'smiles_inds': [1]}, {'functional_group': 'cyanimide', 'smiles_inds': [15]}, {'functional_group': 'cyanimide', 'smiles_inds': [8]}, {'functional_group': 'carboxylate', 'smiles_inds': [17]}, {'functional_group': 'carboxylate', 'smiles_inds': [18]}, {'functional_group': 'phosphonate', 'smiles_inds': [16]}, {'functional_group': 'carboxylate', 'smiles_inds': [11]}, {'functional_group': 'cyanimide', 'smiles_inds': [9]}, {'functional_group': 'cyanimide', 'smiles_inds': [10]}]",0.9999999999993157
29,top,[nH+]1cc[nH+]c2c1c1cccnc1c1ncccc21,"[13, 10]","[{'functional_group': 'cyano', 'smiles_inds': [1]}, {'functional_group': 'carboxylate', 'smiles_inds': [9]}, {'functional_group': 'carboxylate', 'smiles_inds': [7]}, {'functional_group': 'carboxylate', 'smiles_inds': [15]}, {'functional_group': 'tribromo', 'smiles_inds': [3]}, {'functional_group': '2-hydroxypyridine', 'smiles_inds': [16]}, {'functional_group': 'bromo', 'smiles_inds': [0]}, {'functional_group': 'bromo', 'smiles_inds': [2]}]",0.9999999999993281
29,top,[nH+]1cc[nH+]c2c1c1cccnc1c1ncccc21,"[13, 10]","[{'functional_group': 'cyano', 'smiles_inds': [1]}, {'functional_group': 'carboxylate', 'smiles_inds': [9]}, {'functional_group': 'carboxylate', 'smiles_inds': [7]}, {'functional_group': 'carboxylate', 'smiles_inds': [15]}, {'functional_group': 'tribromo', 'smiles_inds': [3]}, {'functional_group': '2-hydroxypyridine', 'smiles_inds': [16]}, {'functional_group': 'cyanimide', 'smiles_inds': [2]}]",0.9999999999995564
29,top,CC1(CN)CNCN(CNC1)CC1(C)CNCNC1,"[9, 3, 7, 15, 5, 17]","[{'functional_group': '2-hydroxypyridine', 'smiles_inds': [10]}]",0.9999999999995868
29,top,[nH+]1cc[nH+]c2c1c1cccnc1c1ncccc21,"[13, 10]","[{'functional_group': 'cyano', 'smiles_inds': [1]}, {'functional_group': 'carboxylate', 'smiles_inds': [9]}, {'functional_group': 'carboxylate', 'smiles_inds': [7]}, {'functional_group': 'carboxylate', 'smiles_inds': [15]}, {'functional_group': 'tribromo', 'smiles_inds': [3]}, {'functional_group': '2-hydroxypyridine', 'smiles_inds': [16]}, {'functional_group': 'phosphonate', 'smiles_inds': [14]}]",0.9999999999996372
29,top,OC12CNCCNCC(O)(CNCCNC1)CNCCNC2,"[3, 14, 20, 6, 11, 17]","[{'functional_group': 'cyanimide', 'smiles_inds': [21]}, {'functional_group': 'cyano', 'smiles_inds': [2]}]",0.9999999999996396
29,top,[nH+]1cc[nH+]c2c1c1cccnc1c1ncccc21,"[13, 10]","[{'functional_group': 'cyano', 'smiles_inds': [1]}, {'functional_group': 'carboxylate', 'smiles_inds': [9]}, {'functional_group': 'carboxylate', 'smiles_inds': [7]}, {'functional_group': 'carboxylate', 'smiles_inds': [15]}, {'functional_group': 'tribromo', 'smiles_inds': [3]}, {'functional_group': '2-hydroxypyridine', 'smiles_inds': [16]}, {'functional_group': 'hydroxyl', 'smiles_inds': [14]}, {'functional_group': 'methyl', 'smiles_inds': [0]}]",0.9999999999996869
29,top,CCN1C=C(C(=O)[O-])C(=O)c2cnc(nc12)N1CC[NH2+]CC1,"[7, 9]","[{'functional_group': 'cyano', 'smiles_inds': [11]}, {'functional_group': 'trichloro', 'smiles_inds': [3]}, {'functional_group': 'cyanimide', 'smiles_inds': [20]}, {'functional_group': 'cyanimide', 'smiles_inds': [1]}]",0.9999999999997253
29,top,c1cc([c-]c(c1)C12N=CC3C4C1[S+2]234)C12N=CC3C4C1[S+2]234,"[7, 14, 3]","[{'functional_group': 'carboxylate', 'smiles_inds': [5]}, {'functional_group': 'carboxylate', 'smiles_inds': [0]}, {'functional_group': 'carboxylate', 'smiles_inds': [1]}, {'functional_group': 'cyanimide', 'smiles_inds': [15]}, {'functional_group': 'cyanimide', 'smiles_inds': [8]}, {'functional_group': 'cyanimide', 'smiles_inds': [17]}]",0.9999999999997566
29,top,[nH+]1cc[nH+]c2c1c1cccnc1c1ncccc21,"[13, 10]","[{'functional_group': 'cyano', 'smiles_inds': [1]}, {'functional_group': 'carboxylate', 'smiles_inds': [9]}, {'functional_group': 'carboxylate', 'smiles_inds': [7]}, {'functional_group': 'carboxylate', 'smiles_inds': [15]}, {'functional_group': 'tribromo', 'smiles_inds': [3]}, {'functional_group': '2-hydroxypyridine', 'smiles_inds': [16]}, {'functional_group': 'ketone', 'smiles_inds': [14]}]",0.9999999999999611
30,bottom,CCOC(=O)C1=C(OC23c4c5c6c7c8c9c%10C%11=C%12C%13=C%14C%15=C%16C%17=C%18C%19=C%20C%21=C(c4c4c6c8c6c%10C(=C%19c6c%214)C%17=C%11%15)C4=C6C%20=C%18C8=C%16c%10c%14c%11c%13c%13c(c9%12)c7c7c%13c9c%11c%11c%10c8c6c(c%11c9c2c57)C134)c1ccncc1,[71],"[{'functional_group': 'methyl_ester', 'smiles_inds': [1]}]",2.941662356899234e-86
30,bottom,N1C(c2ccccn2)C23C4=C5C6=C7C8=C9c%10c%11c%12c%13c%14c%10c8c8c%10c%14c%14c%13c%13c%15c%12c%12c%11c%11C9=C6C6=C4C4=C9c(c%12c%12c%15c%15c%13c%13c%14c%14c%10c%10c8c7c5c5c%10c7c%14c%13c8c%15c(c9%12)C(=C24)c8c7C35C1c1ccccn1)c%116,[0],[],6.901804039351627e-86
30,bottom,[O-]c1ccccc1C1=NOC23c4c5c6c7c8c9c%10c%11c%12c%13c%14c%10c%10c%15c%14c%14c%16c%13c%13c%12c%12c%17c%11c9c9c%11c%17c%17c%12c%12c%13c%13c%16c%16c%14c%14c%15c(c6c8%10)c4c%14c4c%16c6c%13c%12c8c%17c%10c%11c(c79)c5c2c%10c8c6C134,"[8, 0]","[{'functional_group': 'trifluro', 'smiles_inds': [2]}, {'functional_group': 'tribromo', 'smiles_inds': [3]}]",3.5518513357079017e-84
30,bottom,CCCC[P](CCCC)(CCCC)CCP(CCP(CCP(CC[P](CCCC)(CCCC)CCCC)CC[P](CCCC)(CCCC)CCCC)c1ccccc1)CC[P](CCCC)(CCCC)CCCC,"[15, 18, 21]","[{'functional_group': 'bromo', 'smiles_inds': [50]}]",8.740616445766244e-54
30,bottom,C[Si](C)(C)c1cc(cc(c1)[Si](C)(C)C)C(C(=O)Nc1cccc(NC(=O)C(c2cc(cc(c2)[Si](C)(C)C)[Si](C)(C)C)(c2cc(cc(c2)[Si](C)(C)C)[Si](C)(C)C)c2cc(cc(c2)[Si](C)(C)C)[Si](C)(C)C)c1[S-])(c1cc(cc(c1)[Si](C)(C)C)[Si](C)(C)C)c1cc(cc(c1)[Si](C)(C)C)[Si](C)(C)C,"[70, 16]","[{'functional_group': 'chloro', 'smiles_inds': [97]}, {'functional_group': 'ether', 'smiles_inds': [92]}]",1.5482930892559418e-43
30,bottom,C[Si](C)(C)C(c1cc(C([Si](C)(C)C)[Si](C)(C)C)c([Se]c2ccccc2Sc2ccccc2Sc2ccccc2[Se]c2c(cc(cc2C([Si](C)(C)C)[Si](C)(C)C)C([Si](C)(C)C)[Si](C)(C)C)C([Si](C)(C)C)[Si](C)(C)C)c(c1)C([Si](C)(C)C)[Si](C)(C)C)[Si](C)(C)C,"[25, 32]","[{'functional_group': 'methyl', 'smiles_inds': [46]}, {'functional_group': 'trifluro', 'smiles_inds': [22]}]",2.402548723162917e-41
30,bottom,Cc1cc(C)c(B(CCCP(CCCB(c2c(C)cc(C)cc2C)c2c(C)cc(C)cc2C)CCP(CCCB(c2c(C)cc(C)cc2C)c2c(C)cc(C)cc2C)CCCB(c2c(C)cc(C)cc2C)c2c(C)cc(C)cc2C)c2c(C)cc(C)cc2C)c(C)c1,"[35, 10]",[],5.285701771563753e-35
30,bottom,CC(C)(C)c1cc2c3cc(cc4c5cc(cc6c7cc(cc8c9cc(cc%10c%11cc(cc%12c(c1)c2c1c(c34)c(c56)c(c78)c(c9%10)c1c%11%12)C(C)(C)C)C(C)(C)C)C(C)(C)C)C(C)(C)C)P(c1ccccc1)c1ccccc1,[62],[],6.064576138350834e-35
30,bottom,O=C1N2CN3C(=O)N4CN5C(=O)N6CN7C(=O)N8CN9C(=O)N%10CN%11C(=O)N%12CN1C1%13CCCCC21N1CN2C(=O)N(CN%14C(=O)N(CN%15C(=O)N(CN%16C(=O)N(CN%17C(=O)N(CN%13C1=O)C1%12CCCCC%11%171)C1%10CCCCC9%161)C18CCCCC7%151)C16CCCCC5%141)C14CCCCC321,"[26, 0, 6]","[{'functional_group': 'carboxyl', 'smiles_inds': [8]}]",1.099759882465104e-34
30,bottom,C[Si](C)(C)c1cc(cc(c1)[Si](C)(C)C)P(c1cc(cc(c1)[Si](C)(C)C)[Si](C)(C)C)c1ccccc1P(c1cc(cc(c1)[Si](C)(C)C)[Si](C)(C)C)c1cc(cc(c1)[Si](C)(C)C)[Si](C)(C)C,"[35, 14]","[{'functional_group': '2-methylbenzoic_acid', 'smiles_inds': [39]}]",1.779624460323023e-33
30,bottom,C1C2CC3CC1CC(C2)(C3)P(Cc1ccccc1CP(C12CC3CC(CC(C3)C1)C2)C12CC3CC(CC(C3)C1)C2)C12CC3CC(CC(C3)C1)C2,"[10, 19]","[{'functional_group': 'phenyl', 'smiles_inds': [14]}, {'functional_group': 'ethyl_ester', 'smiles_inds': [32]}]",9.441611985907416e-33
30,bottom,C[Si](C)(C)c1cc2ccccc2c2c1OP(Oc1ccc3ccccc3c1c1c(OP3Oc4c(cc5ccccc5c4c4c(O3)c(cc3ccccc43)[Si](C)(C)C)[Si](C)(C)C)ccc3ccccc13)Oc1c(cc3ccccc3c21)[Si](C)(C)C,"[30, 15]","[{'functional_group': '2-methylbenzoic_acid', 'smiles_inds': [59]}]",2.098116548515906e-32
30,bottom,CC(C)c1cccc(C(C)C)c1c1cc(NCCN(CCNc2cc(cc(c2)c2c(cccc2C(C)C)C(C)C)c2c(cccc2C(C)C)C(C)C)CCNc2cc(cc(c2)c2c(cccc2C(C)C)C(C)C)c2c(cccc2C(C)C)C(C)C)cc(c1)c1c(cccc1C(C)C)C(C)C,"[18, 15, 21]","[{'functional_group': 'ether', 'smiles_inds': [36]}]",7.404121936833282e-32
30,bottom,O=C1N2CN3C(=O)N4CN5C(=O)N6CN7C(=O)N8CN9C(=O)N%10CN%11C(=O)N%12CN1C1%13CCCC21N1CN2C(=O)N(CN%14C(=O)N(CN%15C(=O)N(CN%16C(=O)N(CN%17C(=O)N(CN%13C1=O)C1%12CCCC%11%171)C1%10CCCC9%161)C18CCCC7%151)C16CCCC5%141)C14CCCC321,"[54, 59]","[{'functional_group': 'bromo', 'smiles_inds': [87]}]",7.943399332668722e-32
30,bottom,CC(C)c1cccc(C(C)C)c1c1cc(NCCN(CCNc2cc(cc(c2)c2c(cccc2C(C)C)C(C)C)c2c(cccc2C(C)C)C(C)C)CCNc2cc(cc(c2)c2c(cccc2C(C)C)C(C)C)c2c(cccc2C(C)C)C(C)C)cc(c1)c1c(cccc1C(C)C)C(C)C,"[18, 15, 21]",[],8.522306752647483e-32
30,bottom,CC(C)(C)c1cc2c(OP(Oc3c2cc(cc3C(C)(C)C)C(C)(C)C)O[Si]2(O[Si]3(O[Si](OP4Oc5c(cc(cc5C(C)(C)C)C(C)(C)C)c5cc(cc(c5O4)C(C)(C)C)C(C)(C)C)(O[Si]4(O[Si](O3)(O[Si](O2)(O[Si](O4)(O[Si](C)(c2ccccc2)c2ccccc2)C2CCCC2)C2CCCC2)C2CCCC2)C2CCCC2)C2CCCC2)C2CCCC2)C2CCCC2)c(c1)C(C)(C)C,"[9, 32]","[{'functional_group': 'ether', 'smiles_inds': [100]}, {'functional_group': 'ketone', 'smiles_inds': [57]}]",1.1626605104570776e-30
30,bottom,COC(=O)C(C)(C)NC(=O)C(NC(=O)C1(CCCCC1)NC(=O)C(C)(C)NC(=O)C1(CCCCC1)NC(=O)C(C)(C)NC(=O)c1ccc(nc1)c1ccc(cn1)C(=O)NC(C)(C)C(=O)NC1(CCCCC1)C(=O)NC(C)(C)C(=O)NC1(CCCCC1)C(=O)NC(C(C)C)C(=O)NC(C)(C)C(=O)OC)C(C)C,"[55, 48]","[{'functional_group': 'tribromo', 'smiles_inds': [31]}]",2.1154027231492006e-30
30,bottom,COc1ccc2ccccc2c1c1c2ccccc2ccc1c1nc2c(ccc(c3ccc(C)cc3)c2nc1c1nc2c(ccc(c3ccc(C)cc3)c2nc1c1nc2c(ccc(c3ccc(C)cc3)c2nc1c1nc2c(ccc(c3ccc(C)cc3)c2nc1c1nc2c(ccc(c3ccc(C)cc3)c2n[c-]1)c1ccc(C)cc1)c1ccc(C)cc1)c1ccc(C)cc1)c1ccc(C)cc1)c1ccc(C)cc1,"[106, 88]","[{'functional_group': 'phenyl', 'smiles_inds': [48]}]",2.196382672804707e-30
30,bottom,CCOC(=O)C12N3Cc4cccc(C#Cc5ccncc5)c4CN1C(=O)N1Cc4c(OC)ccc(OC)c4CN(C3=O)C21C(=O)OCC,[18],"[{'functional_group': 'amino', 'smiles_inds': [10]}, {'functional_group': '2-methylbenzoic_acid', 'smiles_inds': [46]}]",3.460110191381304e-30
30,bottom,C1C2CC3CC1CC(C2)(C3)P(Cc1cccc(CP(C23CC4CC(CC(C4)C2)C3)C23CC4CC(CC(C4)C2)C3)n1)C12CC3CC(CC(C3)C1)C2,"[10, 18, 39]","[{'functional_group': 'amide', 'smiles_inds': [30]}]",5.298285862426382e-30
30,median,Oc1ccccc1C(=O)NNC(=O)c1cccnc1,[17],"[{'functional_group': 'iodo', 'smiles_inds': [3]}, {'functional_group': 'hydroxyl', 'smiles_inds': [5]}]",0.14579328842647057
30,median,OC(=S)c1ccccc1,[2],"[{'functional_group': 'amino', 'smiles_inds': [7]}]",0.14581039434881876
30,median,C(SC1=NC=CS1)SC1=NC=CS1,"[3, 9]","[{'functional_group': 'bromo', 'smiles_inds': [4]}]",0.14583565765259687
30,median,N(c1ccccc1)C1=CC(=Nc2ccccc2)C(C=C1Nc1ccccc1)=Nc1ccccc1,"[27, 10]","[{'functional_group': 'aldehyde', 'smiles_inds': [29]}]",0.14583599134314962
30,median,C[Si]1(C)N[Si](C)(C)N[Si](C)(C)N[Si](C)(C)N[Si](C)(C)N[Si](C)(C)N1,"[15, 7, 23]","[{'functional_group': 'cyanimide', 'smiles_inds': [19]}, {'functional_group': 'tribromo', 'smiles_inds': [10]}]",0.14584670612308478
30,median,Clc1ncccc1Br,[2],"[{'functional_group': 'ethyl', 'smiles_inds': [4]}]",0.14586432077338787
30,median,Fc1ccc(cc1)C1=CC(=NN1)c1ccc(F)cc1,[10],"[{'functional_group': '2-hydroxypyridine', 'smiles_inds': [13]}, {'functional_group': '2-methylbenzoic_acid', 'smiles_inds': [2]}]",0.14590415385225464
30,median,c1cc([c-]c(c1)C12N=CC3C4C1[S+2]234)C12N=CC3C4C1[S+2]234,"[7, 14, 3]","[{'functional_group': 'hydroxyl', 'smiles_inds': [0]}, {'functional_group': 'carbonyl', 'smiles_inds': [10]}, {'functional_group': 'ketone', 'smiles_inds': [18]}]",0.14599363183467748
30,median,CSCCC1COC(=N1)C(C)(C)C1=NC(CCSC)CO1,"[17, 8, 13]",[],0.1459945364855237
30,median,Clc1ccc(cc1)N1C=NN=C1,[10],[],0.14602858243165776
30,median,NC(=S)Nc1cccc(N)n1,"[10, 2]","[{'functional_group': 'ethyl_ester', 'smiles_inds': [6]}]",0.14603964627568888
30,median,CN1c2ccccc2N=C1C(=O)C1=Nc2ccccc2N1C,"[8, 13]",[],0.14605513688106417
30,median,c1cc([c-]c(c1)C12N=CC3C4C1[S+2]234)C12N=CC3C4C1[S+2]234,"[7, 14, 3]","[{'functional_group': 'carboxylate', 'smiles_inds': [5]}, {'functional_group': 'carboxylate', 'smiles_inds': [17]}, {'functional_group': 'trifluro', 'smiles_inds': [0]}, {'functional_group': 'thiol', 'smiles_inds': [11]}]",0.14606138391153078
30,median,C1CNCCNCc2ccccc2OCCOc2ccccc2CNC1,"[5, 2, 24]","[{'functional_group': 'ethyl', 'smiles_inds': [9]}, {'functional_group': 'aldehyde', 'smiles_inds': [11]}]",0.14612346965419007
30,median,COCc1c(COC)c(COC)c(COC)c(COC)c1COC,"[10, 14]","[{'functional_group': 'carboxyllic_acid', 'smiles_inds': [0]}, {'functional_group': 'carboxylate', 'smiles_inds': [13]}]",0.14613626268623575
30,median,C[NH+](CC[S-])CCCN(C)CC[S-],"[4, 12]","[{'functional_group': 'aldehyde', 'smiles_inds': [3]}]",0.1461404410297598
30,median,O1[CH4+3]2O[CH4+3]12,"[10, 9]","[{'functional_group': '2-methylbenzoic_acid', 'smiles_inds': [3]}]",0.1461478531440082
30,median,CC(C)(C)c1cccc(C=NC(c2ccccc2)C([O-])(c2ccccc2)c2ccccc2)c1[O-],"[33, 19, 10]","[{'functional_group': 'cyanimide', 'smiles_inds': [30]}]",0.14628146855909402
30,median,c1cc([c-]c(c1)C12N=CC3C4C1[S+2]234)C12N=CC3C4C1[S+2]234,"[7, 14, 3]","[{'functional_group': 'carboxylate', 'smiles_inds': [5]}, {'functional_group': 'carboxylate', 'smiles_inds': [0]}, {'functional_group': 'carboxylate', 'smiles_inds': [1]}, {'functional_group': 'hydroxyl', 'smiles_inds': [10]}, {'functional_group': 'tribromo', 'smiles_inds': [18]}]",0.14629206754574728
30,median,Brc1ccc(NC(=O)c2cccnc2)c2ccccc12,[12],[],0.14640151316242342
30,top,[nH+]1cccnc1c1[nH+]cccn1,"[4, 11]","[{'functional_group': '2-hydroxypyridine', 'smiles_inds': [1]}, {'functional_group': 'carboxylate', 'smiles_inds': [8]}, {'functional_group': 'carboxylate', 'smiles_inds': [10]}, {'functional_group': 'amino', 'smiles_inds': [9]}, {'functional_group': 'bromo', 'smiles_inds': [7]}, {'functional_group': 'chloro', 'smiles_inds': [2]}, {'functional_group': 'cyano', 'smiles_inds': [3]}]",0.9999999999977527
30,top,[nH+]1cc[nH+]c2c1c1cccnc1c1ncccc21,"[13, 10]","[{'functional_group': 'cyano', 'smiles_inds': [1]}, {'functional_group': 'carboxylate', 'smiles_inds': [9]}, {'functional_group': 'carboxylate', 'smiles_inds': [7]}, {'functional_group': 'carboxylate', 'smiles_inds': [15]}, {'functional_group': 'tribromo', 'smiles_inds': [3]}, {'functional_group': '2-hydroxypyridine', 'smiles_inds': [16]}, {'functional_group': 'cyano', 'smiles_inds': [0]}, {'functional_group': 'thiol', 'smiles_inds': [14]}]",0.9999999999978786
30,top,CC12CNCN(CNC1)CC1(C)CNCC(CNC2)(CNC1)N(=O)=O,"[3, 17, 7, 5, 13, 20]",[],0.9999999999981639
30,top,CN1CCN(CC1)c1c(F)cc2C(=O)C(=CN3C(=COc1c23)C)C(=O)[O-],"[25, 13]","[{'functional_group': 'cyanimide', 'smiles_inds': [0]}, {'functional_group': 'amino', 'smiles_inds': [5]}, {'functional_group': 'ether', 'smiles_inds': [3]}]",0.999999999998183
30,top,[nH+]1cc[nH+]c2c1c1cccnc1c1ncccc21,"[13, 10]","[{'functional_group': 'cyano', 'smiles_inds': [1]}, {'functional_group': 'carboxylate', 'smiles_inds': [9]}, {'functional_group': 'carboxylate', 'smiles_inds': [7]}, {'functional_group': 'carboxylate', 'smiles_inds': [15]}, {'functional_group': 'tribromo', 'smiles_inds': [3]}, {'functional_group': '2-hydroxypyridine', 'smiles_inds': [16]}, {'functional_group': 'cyanimide', 'smiles_inds': [14]}]",0.9999999999982014
30,top,[nH+]1cc[nH+]c2c1c1cccnc1c1ncccc21,"[13, 10]","[{'functional_group': 'cyano', 'smiles_inds': [1]}, {'functional_group': 'carboxylate', 'smiles_inds': [9]}, {'functional_group': 'carboxylate', 'smiles_inds': [7]}, {'functional_group': 'carboxylate', 'smiles_inds': [15]}, {'functional_group': 'tribromo', 'smiles_inds': [3]}, {'functional_group': '2-hydroxypyridine', 'smiles_inds': [16]}, {'functional_group': 'iodo', 'smiles_inds': [8]}]",0.9999999999982696
30,top,[NH3+]CC[NH2+]CC(CNCCN)(CNCCN)CNCCN,"[7, 10, 12, 15, 17, 20]","[{'functional_group': 'phosphonate', 'smiles_inds': [2]}, {'functional_group': 'ethyl_ester', 'smiles_inds': [3]}, {'functional_group': 'hydroxyl', 'smiles_inds': [18]}, {'functional_group': '2-hydroxypyridine', 'smiles_inds': [13]}, {'functional_group': 'cyanimide', 'smiles_inds': [6]}]",0.9999999999983658
30,top,[nH+]1cc[nH+]c2c1c1cccnc1c1ncccc21,"[13, 10]","[{'functional_group': 'cyano', 'smiles_inds': [1]}, {'functional_group': 'carboxylate', 'smiles_inds': [9]}, {'functional_group': 'carboxylate', 'smiles_inds': [7]}, {'functional_group': 'carboxylate', 'smiles_inds': [15]}, {'functional_group': 'tribromo', 'smiles_inds': [3]}, {'functional_group': '2-hydroxypyridine', 'smiles_inds': [16]}, {'functional_group': 'cyano', 'smiles_inds': [0]}, {'functional_group': 'fluoro', 'smiles_inds': [14]}, {'functional_group': 'tribromo', 'smiles_inds': [8]}]",0.9999999999983813
30,top,[nH+]1cc[nH+]c2c1c1cccnc1c1ncccc21,"[13, 10]","[{'functional_group': 'cyano', 'smiles_inds': [1]}, {'functional_group': 'carboxylate', 'smiles_inds': [9]}, {'functional_group': 'carboxylate', 'smiles_inds': [7]}, {'functional_group': 'carboxylate', 'smiles_inds': [15]}, {'functional_group': 'tribromo', 'smiles_inds': [3]}, {'functional_group': '2-hydroxypyridine', 'smiles_inds': [16]}, {'functional_group': 'carbonyl', 'smiles_inds': [14]}]",0.999999999998564
30,top,[nH+]1cc[nH+]c2c1c1cccnc1c1ncccc21,"[13, 10]","[{'functional_group': 'cyano', 'smiles_inds': [1]}, {'functional_group': 'carboxylate', 'smiles_inds': [9]}, {'functional_group': 'carboxylate', 'smiles_inds': [7]}, {'functional_group': 'carboxylate', 'smiles_inds': [15]}, {'functional_group': 'tribromo', 'smiles_inds': [3]}, {'functional_group': '2-hydroxypyridine', 'smiles_inds': [16]}, {'functional_group': 'ethyl_ester', 'smiles_inds': [8]}, {'functional_group': 'phosphonate', 'smiles_inds': [14]}, {'functional_group': 'bromo', 'smiles_inds': [2]}]",0.9999999999985851
30,top,[nH+]1cc[nH+]c2c1c1cccnc1c1ncccc21,"[13, 10]","[{'functional_group': 'cyano', 'smiles_inds': [1]}, {'functional_group': 'carboxylate', 'smiles_inds': [9]}, {'functional_group': 'carboxylate', 'smiles_inds': [7]}, {'functional_group': 'carboxylate', 'smiles_inds': [15]}, {'functional_group': 'tribromo', 'smiles_inds': [3]}, {'functional_group': '2-hydroxypyridine', 'smiles_inds': [16]}, {'functional_group': 'cyano', 'smiles_inds': [0]}, {'functional_group': 'cyanimide', 'smiles_inds': [14]}]",0.9999999999988654
30,top,[nH+]1cc[nH+]c2c1c1cccnc1c1ncccc21,"[13, 10]","[{'functional_group': 'cyano', 'smiles_inds': [1]}, {'functional_group': 'carboxylate', 'smiles_inds': [9]}, {'functional_group': 'carboxylate', 'smiles_inds': [7]}, {'functional_group': 'carboxylate', 'smiles_inds': [15]}, {'functional_group': 'tribromo', 'smiles_inds': [3]}, {'functional_group': '2-hydroxypyridine', 'smiles_inds': [16]}, {'functional_group': 'cyano', 'smiles_inds': [0]}, {'functional_group': 'carbonyl', 'smiles_inds': [14]}, {'functional_group': 'tribromo', 'smiles_inds': [8]}]",0.9999999999989277
30,top,[nH+]1cc[nH+]c2c1c1cccnc1c1ncccc21,"[13, 10]","[{'functional_group': 'cyano', 'smiles_inds': [1]}, {'functional_group': 'carboxylate', 'smiles_inds': [9]}, {'functional_group': 'carboxylate', 'smiles_inds': [7]}, {'functional_group': 'carboxylate', 'smiles_inds': [15]}, {'functional_group': 'tribromo', 'smiles_inds': [3]}, {'functional_group': '2-hydroxypyridine', 'smiles_inds': [16]}, {'functional_group': 'cyano', 'smiles_inds': [0]}, {'functional_group': 'cyano', 'smiles_inds': [2]}]",0.999999999999212
30,top,[nH+]1cc[nH+]c2c1c1cccnc1c1ncccc21,"[13, 10]","[{'functional_group': 'cyano', 'smiles_inds': [1]}, {'functional_group': 'carboxylate', 'smiles_inds': [9]}, {'functional_group': 'carboxylate', 'smiles_inds': [7]}, {'functional_group': 'carboxylate', 'smiles_inds': [15]}, {'functional_group': 'tribromo', 'smiles_inds': [3]}, {'functional_group': '2-hydroxypyridine', 'smiles_inds': [16]}, {'functional_group': 'cyano', 'smiles_inds': [0]}, {'functional_group': 'ethyl', 'smiles_inds': [14]}]",0.9999999999994169
30,top,[nH+]1cc[nH+]c2c1c1cccnc1c1ncccc21,"[13, 10]","[{'functional_group': 'cyano', 'smiles_inds': [1]}, {'functional_group': 'carboxylate', 'smiles_inds': [9]}, {'functional_group': 'carboxylate', 'smiles_inds': [7]}, {'functional_group': 'carboxylate', 'smiles_inds': [15]}, {'functional_group': 'tribromo', 'smiles_inds': [3]}, {'functional_group': '2-hydroxypyridine', 'smiles_inds': [16]}, {'functional_group': 'bromo', 'smiles_inds': [14]}]",0.9999999999997771
30,top,[nH+]1cc[nH+]c2c1c1cccnc1c1ncccc21,"[13, 10]","[{'functional_group': 'cyano', 'smiles_inds': [1]}, {'functional_group': 'carboxylate', 'smiles_inds': [9]}, {'functional_group': 'carboxylate', 'smiles_inds': [7]}, {'functional_group': 'carboxylate', 'smiles_inds': [15]}, {'functional_group': 'tribromo', 'smiles_inds': [3]}, {'functional_group': '2-hydroxypyridine', 'smiles_inds': [16]}, {'functional_group': 'cyano', 'smiles_inds': [0]}, {'functional_group': 'cyanimide', 'smiles_inds': [8]}]",0.9999999999999265
30,top,CC[NH+]1CCN(CC1)c1cc2N(C=C(C(=O)[O-])C(=O)c2cc1F)C1CC1,"[18, 16]","[{'functional_group': 'methyl', 'smiles_inds': [9]}, {'functional_group': 'iodo', 'smiles_inds': [7]}, {'functional_group': 'carboxylate', 'smiles_inds': [20]}, {'functional_group': 'carboxylate', 'smiles_inds': [12]}, {'functional_group': 'cyano', 'smiles_inds': [2]}, {'functional_group': 'trifluro', 'smiles_inds': [23]}, {'functional_group': 'amino', 'smiles_inds': [0]}, {'functional_group': 'chloro', 'smiles_inds': [4]}, {'functional_group': 'cyano', 'smiles_inds': [6]}, {'functional_group': 'ether', 'smiles_inds': [24]}, {'functional_group': 'cyanimide', 'smiles_inds': [1]}]",0.9999999999999396
30,top,CN1C=CN=C1C=NCC(C)(CN=CC1=NC=CN1C)CN=CC1=NC=CN1C,"[7, 21, 4, 24, 12, 15]","[{'functional_group': 'cyanimide', 'smiles_inds': [8]}, {'functional_group': 'chloro', 'smiles_inds': [20]}]",0.9999999999999638
30,top,[nH+]1cc[nH+]c2c1c1cccnc1c1ncccc21,"[13, 10]","[{'functional_group': 'cyano', 'smiles_inds': [1]}, {'functional_group': 'carboxylate', 'smiles_inds': [9]}, {'functional_group': 'carboxylate', 'smiles_inds': [7]}, {'functional_group': 'carboxylate', 'smiles_inds': [15]}, {'functional_group': 'tribromo', 'smiles_inds': [3]}, {'functional_group': '2-hydroxypyridine', 'smiles_inds': [16]}, {'functional_group': 'amino', 'smiles_inds': [2]}]",0.9999999999999738
30,top,[nH+]1cc[nH+]c2c1c1cccnc1c1ncccc21,"[13, 10]","[{'functional_group': 'cyano', 'smiles_inds': [1]}, {'functional_group': 'carboxylate', 'smiles_inds': [9]}, {'functional_group': 'carboxylate', 'smiles_inds': [7]}, {'functional_group': 'carboxylate', 'smiles_inds': [15]}, {'functional_group': 'tribromo', 'smiles_inds': [3]}, {'functional_group': '2-hydroxypyridine', 'smiles_inds': [16]}, {'functional_group': 'tribromo', 'smiles_inds': [2]}, {'functional_group': 'cyanimide', 'smiles_inds': [0]}]",0.9999999999999813
31,bottom,C1N(CC23c4c5c6c7c8c9c%10c%11c%12c%13c%14c%10c%10c%15c%14c%14c%16c%13c%13c%12c%12c%17c%11c9c9c%11c%17c%17c%12c%12c%13c%13c%16c%16c%14c%14c%15c(c6c8%10)c4c%14c4c%16c6c%13c%12c8c%17c%10c%11c(c79)c5c2c%10c8c6C134)c1ccncc1,[1],"[{'functional_group': 'ketone', 'smiles_inds': [68]}]",2.1007889577583417e-89
31,bottom,O=C1c2[c-]c3c4c5[c-]c6C(=O)C7(c8ccccc8)C(=NC8(c9ccccn9)c9c1c1c2c2c3c3c%10c4c4c%11c5c5c6c6c%12C%13=C%14C%15=C%16C%17=C%18C(=C%19C3=C2C2=C3C%19=C%18C%18=C%16c%16c%14c%12c(c%12c%16c%18c3c(c12)c9%12)c8c76)C%10=C4C%17=C%15C%11=C5%13)c1ccccc1,"[7, 3, 10]","[{'functional_group': 'carboxyl', 'smiles_inds': [17]}, {'functional_group': 'hydroxyl', 'smiles_inds': [13]}]",4.018070065304012e-71
31,bottom,N=P(c1ccccc1c1cc(cc(c1)c1ccccc1P(=[N-])(C12CC3CC(CC(C3)C1)C2)C12CC3CC(CC(C3)C1)C2)c1ccccc1P(=[N-])(C12CC3CC(CC(C3)C1)C2)C12CC3CC(CC(C3)C1)C2)(C12CC3CC(CC(C3)C1)C2)C12CC3CC(CC(C3)C1)C2,"[0, 21, 49]","[{'functional_group': 'carboxylate', 'smiles_inds': [63]}]",5.917481217280683e-42
31,bottom,CC(C)(C)c1cc2c3cc(cc4c5cc(cc6c7cc(cc8c9cc(cc%10c%11cc(cc%12c(c1)c2c1c(c34)c(c56)c(c78)c(c9%10)c1c%11%12)C(C)(C)C)C(C)(C)C)C(C)(C)C)C(C)(C)C)c1ccc(nc1)c1ccccn1,"[66, 73]","[{'functional_group': 'trifluro', 'smiles_inds': [25]}]",1.9165068769402434e-37
31,bottom,CC(C)(C)c1cc2c3cc(cc4c5cc(cc6c7cc(cc8c9cc(cc%10c%11cc(cc%12c(c1)c2c1c(c34)c(c56)c(c78)c(c9%10)c1c%11%12)C(C)(C)C)C(C)(C)C)C(C)(C)C)C(C)(C)C)P(c1ccccc1)c1ccccc1,[62],"[{'functional_group': 'carboxylate', 'smiles_inds': [5]}, {'functional_group': 'trifluro', 'smiles_inds': [48]}]",7.5465479406987e-37
31,bottom,CP(CCP(C)c1c(cc(cc1C([Si](C)(C)C)[Si](C)(C)C)C([Si](C)(C)C)([Si](C)(C)C)[Si](C)(C)C)C([Si](C)(C)C)[Si](C)(C)C)c1c(cc(cc1C([Si](C)(C)C)[Si](C)(C)C)C([Si](C)(C)C)([Si](C)(C)C)[Si](C)(C)C)C([Si-](C)C)[Si](C)(C)C,"[4, 72, 1]","[{'functional_group': 'ketone', 'smiles_inds': [18]}, {'functional_group': 'bromo', 'smiles_inds': [45]}]",9.784302084535712e-37
31,bottom,CC(C)(C)c1cc2c3cc(cc4c5cc(cc6c7cc(cc8c9cc(cc%10c%11cc(cc%12c(c1)c2c1c(c34)c(c56)c(c78)c(c9%10)c1c%11%12)C(C)(C)C)C(C)(C)C)C(C)(C)C)C(C)(C)C)P(c1ccccc1)c1ccccc1,[62],[],2.9015275984079166e-36
31,bottom,CP(CCP(C)c1c(cc(cc1C([Si](C)(C)C)[Si](C)(C)C)C([Si](C)(C)C)([Si](C)(C)C)[Si](C)(C)C)C([Si](C)(C)C)[Si](C)(C)C)c1c(cc(cc1C([Si](C)(C)C)[Si](C)(C)C)C([Si](C)(C)C)([Si](C)(C)C)[Si](C)(C)C)C([Si-](C)C)[Si](C)(C)C,"[4, 72, 1]","[{'functional_group': 'cyano', 'smiles_inds': [68]}, {'functional_group': 'iodo', 'smiles_inds': [15]}, {'functional_group': 'ketone', 'smiles_inds': [24]}]",7.3431437242359e-36
31,bottom,Cc1cc(C)c(B(CCCP(CCCB(c2c(C)cc(C)cc2C)c2c(C)cc(C)cc2C)CCP(CCCB(c2c(C)cc(C)cc2C)c2c(C)cc(C)cc2C)CCCB(c2c(C)cc(C)cc2C)c2c(C)cc(C)cc2C)c2c(C)cc(C)cc2C)c(C)c1,"[35, 10]","[{'functional_group': 'carbonyl', 'smiles_inds': [58]}, {'functional_group': 'amide', 'smiles_inds': [59]}]",3.5333347855329443e-35
31,bottom,CC(C)(C)c1cc2c3cc(cc4c5cc(cc6c7cc(cc8c9cc(cc%10c%11cc(cc%12c(c1)c2c1c(c34)c(c56)c(c78)c(c9%10)c1c%11%12)C(C)(C)C)C(C)(C)C)C(C)(C)C)C(C)(C)C)c1ccc(nc1)c1ccccn1,"[66, 73]","[{'functional_group': 'bromo', 'smiles_inds': [71]}, {'functional_group': '2-hydroxypyridine', 'smiles_inds': [10]}]",5.329220668807228e-35
31,bottom,C[Si](C)(CCC(F)(F)C(F)(F)C(F)(F)C(F)(F)C(F)(F)C(F)(F)F)c1ccc(cc1)P(CCP(c1ccc(cc1)[Si](C)(C)CCC(F)(F)C(F)(F)C(F)(F)C(F)(F)C(F)(F)C(F)(F)F)c1ccc(cc1)[Si](C)(C)CCC(F)(F)C(F)(F)C(F)(F)C(F)(F)C(F)(F)C(F)(F)F)c1ccc(cc1)[Si](C)(C)CCC(F)(F)C(F)(F)C(F)(F)C(F)(F)C(F)(F)C(F)(F)F,"[30, 33]","[{'functional_group': 'carboxylate', 'smiles_inds': [36]}]",1.3226960655634635e-32
31,bottom,C[Si](C)(C)c1cc2ccccc2c2c1OP(Oc1ccc3ccccc3c1c1c(OP3Oc4c(cc5ccccc5c4c4c(O3)c(cc3ccccc43)[Si](C)(C)C)[Si](C)(C)C)ccc3ccccc13)Oc1c(cc3ccccc3c21)[Si](C)(C)C,"[30, 15]","[{'functional_group': 'carboxyllic_acid', 'smiles_inds': [60]}, {'functional_group': 'tribromo', 'smiles_inds': [36]}]",1.2372063629892772e-31
31,bottom,CC(C)(C)c1cc(CP(C23CC4CC(CC(C4)C2)C3)C23CC4CC(CC(C4)C2)C3)c2[N-]c3c(CP(C45CC6CC(CC(C6)C4)C5)C45CC6CC(CC(C6)C4)C5)cc(cc3c2c1)C(C)(C)C,"[34, 8, 30]","[{'functional_group': 'chloro', 'smiles_inds': [25]}]",2.9517457326655457e-31
31,bottom,CCCOc1c2Cc3cc(cc(Cc4cccc(Cc5cc(cc(Cc1ccc2)c5OCCC)c1cccc(c1)c1cc2Cc5cccc(Cc6cc(cc(Cc7cccc(Cc(c1)c2OCCC)c7OCCC)c6OCCC)P(c1ccccc1)c1ccccc1)c5OCCC)c4OCCC)c3OCCC)P(c1ccccc1)c1ccccc1,"[107, 79]","[{'functional_group': 'cyano', 'smiles_inds': [27]}, {'functional_group': 'ether', 'smiles_inds': [81]}]",2.4092212514902122e-30
31,bottom,CC(C)(C)c1cc2c(OP(Oc3c2cc(cc3C(C)(C)C)C(C)(C)C)O[Si]2(O[Si]3(O[Si](OP4Oc5c(cc(cc5C(C)(C)C)C(C)(C)C)c5cc(cc(c5O4)C(C)(C)C)C(C)(C)C)(O[Si]4(O[Si](O3)(O[Si](O2)(O[Si](O4)(O[Si](C)(c2ccccc2)c2ccccc2)C2CCCC2)C2CCCC2)C2CCCC2)C2CCCC2)C2CCCC2)C2CCCC2)C2CCCC2)c(c1)C(C)(C)C,"[9, 32]","[{'functional_group': 'phosphonate', 'smiles_inds': [106]}]",3.174603814441092e-30
31,bottom,CCCOc1c2Cc3cc(cc(Cc4cccc(Cc5cc(cc(Cc1ccc2)c5OCCC)c1cccc(c1)c1cc2Cc5cccc(Cc6cc(cc(Cc7cccc(Cc(c1)c2OCCC)c7OCCC)c6OCCC)P(c1ccccc1)c1ccccc1)c5OCCC)c4OCCC)c3OCCC)P(c1ccccc1)c1ccccc1,"[107, 79]","[{'functional_group': 'bromo', 'smiles_inds': [28]}]",3.8129998406188945e-30
31,bottom,Cc1cc(C)c(c(C)c1)c1cccc(c1P1SP(SP(S1)c1c(cccc1c1c(C)cc(C)cc1C)c1c(C)cc(C)cc1C)c1c(cccc1c1c(C)cc(C)cc1C)c1c(C)cc(C)cc1C)c1c(C)cc(C)cc1C,"[15, 19, 17]","[{'functional_group': 'ether', 'smiles_inds': [2]}]",7.862384062415441e-30
31,bottom,COC(=O)C(C)(C)NC(=O)C(NC(=O)C1(CCCCC1)NC(=O)C(C)(C)NC(=O)C1(CCCCC1)NC(=O)C(C)(C)NC(=O)c1ccc(nc1)c1ccc(cn1)C(=O)NC(C)(C)C(=O)NC1(CCCCC1)C(=O)NC(C)(C)C(=O)NC1(CCCCC1)C(=O)NC(C(C)C)C(=O)NC(C)(C)C(=O)OC)C(C)C,"[55, 48]","[{'functional_group': 'ethyl_ester', 'smiles_inds': [40]}]",1.5543660453766353e-29
31,bottom,CC(C)c1cccc(C(C)C)c1c1cc(NCCN(CCNc2cc(cc(c2)c2c(cccc2C(C)C)C(C)C)c2c(cccc2C(C)C)C(C)C)CCNc2cc(cc(c2)c2c(cccc2C(C)C)C(C)C)c2c(cccc2C(C)C)C(C)C)cc(c1)c1c(cccc1C(C)C)C(C)C,"[18, 15, 21]","[{'functional_group': 'methyl', 'smiles_inds': [46]}]",2.8310330131218487e-29
31,bottom,C1C2CC3CC1CC(C2)(C3)P(Cc1ccccc1CP(C12CC3CC(CC(C3)C1)C2)C12CC3CC(CC(C3)C1)C2)C12CC3CC(CC(C3)C1)C2,"[10, 19]",[],3.9609259689792364e-29
31,median,Oc1cc2ccccc2cc1C([O-])=NN=Cc1cc(ccc1[O-])N=Nc1ccccc1,"[22, 12, 14]","[{'functional_group': 'ethyl', 'smiles_inds': [29]}]",0.13878328428137077
31,median,O=C1N(Cc2ccc(nc2)c2ccccn2)C(=O)c2cccc3cccc1c23,"[8, 15]","[{'functional_group': 'carboxyl', 'smiles_inds': [13]}]",0.13882296128801552
31,median,Cc1ccccc1c1ccc2ccc3cccnc3c2n1,"[17, 20]","[{'functional_group': 'bromo', 'smiles_inds': [12]}]",0.13888128931842955
31,median,c1ccc(cc1)c1c2ccccc2nc2c1ccc1c2nc2ccccc2c1c1ccccc1,"[20, 13]",[],0.13890959513818227
31,median,N1N=NN=C1c1cc[nH+]cc1,[2],"[{'functional_group': 'carboxyllic_acid', 'smiles_inds': [0]}, {'functional_group': 'bromo', 'smiles_inds': [7]}]",0.138929622456229
31,median,[NH3+]c1ccc(nc1)C(=[N-])OCC,"[8, 5]","[{'functional_group': 'carboxyl', 'smiles_inds': [0]}, {'functional_group': 'carboxyl', 'smiles_inds': [3]}]",0.13908396820659819
31,median,c1ccc(cc1)N=C(c1ccccc1)c1ccccn1,"[19, 6]","[{'functional_group': 'ethyl', 'smiles_inds': [12]}, {'functional_group': 'hydroxyl', 'smiles_inds': [1]}]",0.13913929521414342
31,median,COC(=N)c1ccncc1,[7],"[{'functional_group': '2-methylbenzoic_acid', 'smiles_inds': [6]}, {'functional_group': 'fluoro', 'smiles_inds': [8]}]",0.13914130056529814
31,median,CCOC(=O)c1cc2c(cc3nc4ccccc4nc3c2nc1C)C(C)=C,"[18, 21]","[{'functional_group': 'cyano', 'smiles_inds': [23]}, {'functional_group': '2-methylbenzoic_acid', 'smiles_inds': [13]}]",0.13917771786012229
31,median,N1N=C(C=C1c1[nH+]cccc1)c1ccccn1,"[16, 1]","[{'functional_group': 'amide', 'smiles_inds': [15]}, {'functional_group': 'carboxyl', 'smiles_inds': [0]}]",0.13921213183173475
31,median,Fc1ccc(cc1)c1cc(cc(n1)c1ccccn1)c1ccccc1,"[12, 18]",[],0.139282666311401
31,median,C(N1C=CN([CH-]1)c1ccccn1)C1=CN(Cc2ccccc2)N=N1,"[5, 14, 23]","[{'functional_group': 'carbonyl', 'smiles_inds': [8]}, {'functional_group': '2-hydroxypyridine', 'smiles_inds': [21]}]",0.13928512694758372
31,median,CC(C)(C)N=Cc1ccccc1P(c1ccccc1)c1ccccc1,"[12, 4]","[{'functional_group': 'cyanimide', 'smiles_inds': [17]}]",0.13932054639987282
31,median,C(N(Cc1ccccn1)CC1=CC=C[N-]1)c1ccccc1,"[14, 1]","[{'functional_group': 'hydroxyl', 'smiles_inds': [20]}]",0.13934654333726335
31,median,CN1CCN(C)P1(=O)N1CC1,[7],[],0.13940576380890293
31,median,COc1c[c-]c(N=Nc2ccccc2SCc2ccccc2)c2ccccc12,"[14, 7, 4]","[{'functional_group': 'phenyl', 'smiles_inds': [26]}, {'functional_group': 'carboxyllic_acid', 'smiles_inds': [0]}]",0.13943452592511066
31,median,CC(=NNC(=O)c1ccccc1)C1=CC=CS1,"[5, 2]","[{'functional_group': 'thiol', 'smiles_inds': [8]}, {'functional_group': 'chloro', 'smiles_inds': [14]}]",0.1394528993892141
31,median,O=N(=O)c1ccc([c-]c1)N1C=CC=N1,"[13, 7]","[{'functional_group': 'phenyl', 'smiles_inds': [11]}, {'functional_group': 'methyl_ester', 'smiles_inds': [5]}]",0.13949343040686987
31,median,CC1(C)CC(N)CC(C)(C)N1O,[5],"[{'functional_group': 'iodo', 'smiles_inds': [0]}]",0.13949818437930034
31,median,CC1=NC(C(=C1)C)=C(C)C1=C(C)C=C(C)[N-]1,"[2, 15]","[{'functional_group': 'trifluro', 'smiles_inds': [11]}]",0.13952838557298716
31,top,[nH+]1cc[nH+]c2c1c1cccnc1c1ncccc21,"[13, 10]","[{'functional_group': 'cyano', 'smiles_inds': [1]}, {'functional_group': 'carboxylate', 'smiles_inds': [9]}, {'functional_group': 'cyano', 'smiles_inds': [16]}, {'functional_group': 'cyano', 'smiles_inds': [7]}, {'functional_group': 'carboxylate', 'smiles_inds': [14]}, {'functional_group': 'cyanimide', 'smiles_inds': [8]}, {'functional_group': '2-hydroxypyridine', 'smiles_inds': [2]}, {'functional_group': 'chloro', 'smiles_inds': [0]}, {'functional_group': 'aldehyde', 'smiles_inds': [3]}, {'functional_group': '2-hydroxypyridine', 'smiles_inds': [15]}]",0.9999999999892237
31,top,c1cc([c-]c(c1)C12N=CC3C4C1[S+2]234)C12N=CC3C4C1[S+2]234,"[7, 14, 3]","[{'functional_group': 'carboxylate', 'smiles_inds': [5]}, {'functional_group': 'carboxylate', 'smiles_inds': [0]}, {'functional_group': 'carboxylate', 'smiles_inds': [1]}, {'functional_group': 'phosphonate', 'smiles_inds': [11]}, {'functional_group': 'cyanimide', 'smiles_inds': [15]}, {'functional_group': 'amino', 'smiles_inds': [8]}, {'functional_group': 'carboxylate', 'smiles_inds': [17]}, {'functional_group': 'cyano', 'smiles_inds': [9]}, {'functional_group': 'phosphonate', 'smiles_inds': [18]}, {'functional_group': 'cyanimide', 'smiles_inds': [16]}, {'functional_group': 'cyanimide', 'smiles_inds': [10]}]",0.9999999999899412
31,top,[nH+]1cc[nH+]c2c1c1cccnc1c1ncccc21,"[13, 10]","[{'functional_group': 'cyano', 'smiles_inds': [1]}, {'functional_group': 'carboxylate', 'smiles_inds': [9]}, {'functional_group': 'carboxylate', 'smiles_inds': [7]}, {'functional_group': 'carboxylate', 'smiles_inds': [15]}, {'functional_group': 'tribromo', 'smiles_inds': [3]}, {'functional_group': '2-hydroxypyridine', 'smiles_inds': [16]}, {'functional_group': 'trichloro', 'smiles_inds': [14]}, {'functional_group': 'chloro', 'smiles_inds': [8]}]",0.9999999999932616
31,top,CC(CN=CC1=NC=CN1)(CN=CC1=NC=CN1)CN=CC1=NC=CN1,"[19, 3, 22, 6, 11, 14]",[],0.9999999999935902
31,top,[nH+]1cc[nH+]c2c1c1cccnc1c1ncccc21,"[13, 10]","[{'functional_group': 'cyano', 'smiles_inds': [1]}, {'functional_group': 'carboxylate', 'smiles_inds': [9]}, {'functional_group': 'carboxylate', 'smiles_inds': [7]}, {'functional_group': 'carboxylate', 'smiles_inds': [15]}, {'functional_group': 'tribromo', 'smiles_inds': [3]}, {'functional_group': '2-hydroxypyridine', 'smiles_inds': [16]}, {'functional_group': 'cyano', 'smiles_inds': [0]}, {'functional_group': 'cyano', 'smiles_inds': [2]}, {'functional_group': 'carbonyl', 'smiles_inds': [14]}]",0.9999999999938618
31,top,[nH+]1cccnc1c1[nH+]cccn1,"[4, 11]","[{'functional_group': '2-hydroxypyridine', 'smiles_inds': [1]}, {'functional_group': 'carboxylate', 'smiles_inds': [8]}, {'functional_group': 'carboxylate', 'smiles_inds': [10]}, {'functional_group': 'amino', 'smiles_inds': [9]}, {'functional_group': 'bromo', 'smiles_inds': [7]}, {'functional_group': '2-hydroxypyridine', 'smiles_inds': [3]}]",0.9999999999953977
31,top,[nH+]1cc[nH+]c2c1c1cccnc1c1ncccc21,"[13, 10]","[{'functional_group': 'cyano', 'smiles_inds': [1]}, {'functional_group': 'carboxylate', 'smiles_inds': [9]}, {'functional_group': 'carboxylate', 'smiles_inds': [7]}, {'functional_group': 'carboxylate', 'smiles_inds': [15]}, {'functional_group': 'tribromo', 'smiles_inds': [3]}, {'functional_group': '2-hydroxypyridine', 'smiles_inds': [16]}, {'functional_group': 'cyano', 'smiles_inds': [0]}, {'functional_group': 'bromo', 'smiles_inds': [14]}, {'functional_group': 'tribromo', 'smiles_inds': [8]}]",0.9999999999962474
31,top,CC(C)(C)C([O-])c1cccc(n1)C([O-])C(C)(C)C,"[11, 5, 13]","[{'functional_group': 'cyanimide', 'smiles_inds': [4]}, {'functional_group': 'cyanimide', 'smiles_inds': [2]}]",0.9999999999964637
31,top,[nH+]1cc[nH+]c2c1c1cccnc1c1ncccc21,"[13, 10]","[{'functional_group': 'cyano', 'smiles_inds': [1]}, {'functional_group': 'carboxylate', 'smiles_inds': [9]}, {'functional_group': 'carboxylate', 'smiles_inds': [7]}, {'functional_group': 'carboxylate', 'smiles_inds': [15]}, {'functional_group': 'tribromo', 'smiles_inds': [3]}, {'functional_group': '2-hydroxypyridine', 'smiles_inds': [16]}, {'functional_group': 'chloro', 'smiles_inds': [0]}, {'functional_group': 'cyanimide', 'smiles_inds': [2]}]",0.9999999999969003
31,top,[nH+]1cc[nH+]c2c1c1cccnc1c1ncccc21,"[13, 10]","[{'functional_group': 'cyano', 'smiles_inds': [1]}, {'functional_group': 'carboxylate', 'smiles_inds': [9]}, {'functional_group': 'carboxylate', 'smiles_inds': [7]}, {'functional_group': 'carboxylate', 'smiles_inds': [15]}, {'functional_group': 'tribromo', 'smiles_inds': [3]}, {'functional_group': '2-hydroxypyridine', 'smiles_inds': [16]}, {'functional_group': 'ethyl', 'smiles_inds': [8]}]",0.9999999999972631
31,top,[nH+]1cc[nH+]c2c1c1cccnc1c1ncccc21,"[13, 10]","[{'functional_group': 'cyano', 'smiles_inds': [1]}, {'functional_group': 'carboxylate', 'smiles_inds': [9]}, {'functional_group': 'carboxylate', 'smiles_inds': [7]}, {'functional_group': 'carboxylate', 'smiles_inds': [15]}, {'functional_group': 'tribromo', 'smiles_inds': [3]}, {'functional_group': '2-hydroxypyridine', 'smiles_inds': [16]}, {'functional_group': 'bromo', 'smiles_inds': [14]}]",0.9999999999985567
31,top,[nH+]1cc[nH+]c2c1c1cccnc1c1ncccc21,"[13, 10]","[{'functional_group': 'cyano', 'smiles_inds': [1]}, {'functional_group': 'carboxylate', 'smiles_inds': [9]}, {'functional_group': 'carboxylate', 'smiles_inds': [7]}, {'functional_group': 'carboxylate', 'smiles_inds': [15]}, {'functional_group': 'tribromo', 'smiles_inds': [3]}, {'functional_group': '2-hydroxypyridine', 'smiles_inds': [16]}, {'functional_group': 'cyano', 'smiles_inds': [0]}, {'functional_group': 'phosphonate', 'smiles_inds': [14]}]",0.9999999999991751
31,top,[nH+]1cc[nH+]c2c1c1cccnc1c1ncccc21,"[13, 10]","[{'functional_group': 'cyano', 'smiles_inds': [1]}, {'functional_group': 'carboxylate', 'smiles_inds': [9]}, {'functional_group': 'carboxylate', 'smiles_inds': [7]}, {'functional_group': 'carboxylate', 'smiles_inds': [15]}, {'functional_group': 'tribromo', 'smiles_inds': [3]}, {'functional_group': '2-hydroxypyridine', 'smiles_inds': [16]}, {'functional_group': 'cyano', 'smiles_inds': [0]}, {'functional_group': 'cyanimide', 'smiles_inds': [2]}]",0.9999999999992528
31,top,c1cc([c-]c(c1)C12N=CC3C4C1[S+2]234)C12N=CC3C4C1[S+2]234,"[7, 14, 3]","[{'functional_group': 'carboxylate', 'smiles_inds': [5]}, {'functional_group': 'carboxylate', 'smiles_inds': [0]}, {'functional_group': 'carboxylate', 'smiles_inds': [1]}, {'functional_group': 'cyanimide', 'smiles_inds': [15]}, {'functional_group': 'cyanimide', 'smiles_inds': [8]}, {'functional_group': 'cyanimide', 'smiles_inds': [10]}]",0.9999999999993758
31,top,[nH+]1cc[nH+]c2c1c1cccnc1c1ncccc21,"[13, 10]","[{'functional_group': 'cyano', 'smiles_inds': [1]}, {'functional_group': 'carboxylate', 'smiles_inds': [9]}, {'functional_group': 'carboxylate', 'smiles_inds': [7]}, {'functional_group': 'carboxylate', 'smiles_inds': [15]}, {'functional_group': 'tribromo', 'smiles_inds': [3]}, {'functional_group': '2-hydroxypyridine', 'smiles_inds': [16]}, {'functional_group': 'cyano', 'smiles_inds': [0]}, {'functional_group': 'cyanimide', 'smiles_inds': [8]}]",0.9999999999996685
31,top,c1cc([c-]c(c1)C12N=CC3C4C1[S+2]234)C12N=CC3C4C1[S+2]234,"[7, 14, 3]","[{'functional_group': 'carboxylate', 'smiles_inds': [5]}, {'functional_group': 'carboxylate', 'smiles_inds': [0]}, {'functional_group': 'carboxylate', 'smiles_inds': [1]}, {'functional_group': 'cyanimide', 'smiles_inds': [15]}, {'functional_group': 'cyanimide', 'smiles_inds': [8]}, {'functional_group': 'amino', 'smiles_inds': [17]}, {'functional_group': 'cyanimide', 'smiles_inds': [10]}]",0.9999999999997262
31,top,[nH+]1cc[nH+]c2c1c1cccnc1c1ncccc21,"[13, 10]","[{'functional_group': 'cyano', 'smiles_inds': [1]}, {'functional_group': 'carboxylate', 'smiles_inds': [9]}, {'functional_group': 'carboxylate', 'smiles_inds': [7]}, {'functional_group': 'carboxylate', 'smiles_inds': [15]}, {'functional_group': 'tribromo', 'smiles_inds': [3]}, {'functional_group': '2-hydroxypyridine', 'smiles_inds': [16]}, {'functional_group': 'cyanimide', 'smiles_inds': [0]}]",0.9999999999998581
31,top,[nH+]1cc[nH+]c2c1c1cccnc1c1ncccc21,"[13, 10]","[{'functional_group': 'cyano', 'smiles_inds': [1]}, {'functional_group': 'carboxylate', 'smiles_inds': [9]}, {'functional_group': 'carboxylate', 'smiles_inds': [7]}, {'functional_group': 'carboxylate', 'smiles_inds': [15]}, {'functional_group': 'tribromo', 'smiles_inds': [3]}, {'functional_group': '2-hydroxypyridine', 'smiles_inds': [16]}, {'functional_group': 'amino', 'smiles_inds': [2]}]",0.9999999999998874
31,top,CC12CNCN(CNC1)CC1(C)CNCC(CNC2)(CNC1)N(=O)=O,"[3, 17, 7, 5, 13, 20]","[{'functional_group': 'ether', 'smiles_inds': [8]}, {'functional_group': 'cyanimide', 'smiles_inds': [4]}]",0.9999999999999378
31,top,CN1C=CN=C1C=NCC(C)(CN=CC1=NC=CN1C)CN=CC1=NC=CN1C,"[7, 21, 4, 24, 12, 15]","[{'functional_group': 'carboxylate', 'smiles_inds': [10]}, {'functional_group': 'cyanimide', 'smiles_inds': [8]}]",0.9999999999999987
32,bottom,CC1(N=C(c2ccccc2)C23C4=C5C6=C7C8=C9C%10=C%11C%12=C%13C%14=C%11C8=C6C6=C4C4=C8C%11=C%15C%16=C(C%17=C%12C%12=C%10C%10=C9C9=C7C7=C5C2=C2C5=C%18C%19=C%20C(=C%12C%17=C%12C%20=C%17C(=C%16%12)C%11=C(C2=C%18%17)C138)C%10=C%19C9=C75)C%13=C%15C4=C%146)C(=O)[O-],"[72, 2]","[{'functional_group': 'iodo', 'smiles_inds': [6]}, {'functional_group': '2-methylbenzoic_acid', 'smiles_inds': [0]}]",1.5042098640328997e-97
32,bottom,CN1CC23c4c5c6c7c8c9c%10c%11c%12c%13c%14c%10c%10c%15c%14c%14c%16c%13c%13c%12c%12c%17c%11c9c9c%11c%17c%17c%12c%12c%13c%13c%16c%16c%14c%14c%15c(c6c8%10)c4c%14c4c%16c6c%13c%12c8c%17c%10c%11c(c79)c5c2c%10c8c6C34C1c1ccncc1,[67],"[{'functional_group': 'ketone', 'smiles_inds': [63]}, {'functional_group': 'phosphonate', 'smiles_inds': [69]}]",1.6465130027798478e-97
32,bottom,CC1(N=C(c2ccccc2)C23C4=C5C6=C7C8=C9C%10=C%11C%12=C%13C%14=C%11C8=C6C6=C4C4=C8C%11=C%15C%16=C(C%17=C%12C%12=C%10C%10=C9C9=C7C7=C5C2=C2C5=C%18C%19=C%20C(=C%12C%17=C%12C%20=C%17C(=C%16%12)C%11=C(C2=C%18%17)C138)C%10=C%19C9=C75)C%13=C%15C4=C%146)C(=O)[O-],"[72, 2]",[],3.866860818827082e-94
32,bottom,CC1(N=C(c2ccccc2)C23C4=C5C6=C7C8=C9C%10=C%11C%12=C%13C%14=C%11C8=C6C6=C4C4=C8C%11=C%15C%16=C(C%17=C%12C%12=C%10C%10=C9C9=C7C7=C5C2=C2C5=C%18C%19=C%20C(=C%12C%17=C%12C%20=C%17C(=C%16%12)C%11=C(C2=C%18%17)C138)C%10=C%19C9=C75)C%13=C%15C4=C%146)C(=O)[O-],"[72, 2]","[{'functional_group': 'hydroxyl', 'smiles_inds': [0]}, {'functional_group': 'bromo', 'smiles_inds': [5]}, {'functional_group': 'iodo', 'smiles_inds': [6]}]",9.058416737767432e-94
32,bottom,C1N(CC23c4c5c6c7c8c9c%10c%11c%12c%13c%14c%10c%10c%15c%14c%14c%16c%13c%13c%12c%12c%17c%11c9c9c%11c%17c%17c%12c%12c%13c%13c%16c%16c%14c%14c%15c(c6c8%10)c4c%14c4c%16c6c%13c%12c8c%17c%10c%11c(c79)c5c2c%10c8c6C134)c1ccncc1,[1],"[{'functional_group': 'carboxylate', 'smiles_inds': [2]}]",1.1386372518085223e-93
32,bottom,N1C(c2ccccn2)C23C4=C5C6=C7C8=C9c%10c%11c%12c%13c%14c%10c8c8c%10c%14c%14c%13c%13c%15c%12c%12c%11c%11C9=C6C6=C4C4=C9c(c%12c%12c%15c%15c%13c%13c%14c%14c%10c%10c8c7c5c5c%10c7c%14c%13c8c%15c(c9%12)C(=C24)c8c7C35C1c1ccccn1)c%116,[0],[],8.310961989686098e-93
32,bottom,[O-]c1ccccc1C1=NOC23c4c5c6c7c8c9c%10c%11c%12c%13c%14c%10c%10c%15c%14c%14c%16c%13c%13c%12c%12c%17c%11c9c9c%11c%17c%17c%12c%12c%13c%13c%16c%16c%14c%14c%15c(c6c8%10)c4c%14c4c%16c6c%13c%12c8c%17c%10c%11c(c79)c5c2c%10c8c6C134,"[8, 0]","[{'functional_group': 'thiol', 'smiles_inds': [3]}]",6.089311282697921e-92
32,bottom,CN1CC23c4c5c6c7c8c9c%10c%11c%12c%13c%14c%10c%10c%15c%14c%14c%16c%13c%13c%12c%12c%17c%11c9c9c%11c%17c%17c%12c%12c%13c%13c%16c%16c%14c%14c%15c(c6c8%10)c4c%14c4c%16c6c%13c%12c8c%17c%10c%11c(c79)c5c2c%10c8c6C34C1c1ccncc1,[67],"[{'functional_group': 'cyanimide', 'smiles_inds': [2]}]",1.998172537927354e-89
32,bottom,C[Si](C)(C)C(c1cc(C([Si](C)(C)C)[Si](C)(C)C)c(Sc2ccccc2[Se]c2ccccc2[Se]c2ccccc2Sc2c(cc(cc2C([Si](C)(C)C)[Si](C)(C)C)C([Si](C)(C)C)[Si](C)(C)C)C([Si](C)(C)C)[Si](C)(C)C)c(c1)C([Si](C)(C)C)[Si](C)(C)C)[Si](C)(C)C,"[25, 32]","[{'functional_group': 'cyano', 'smiles_inds': [42]}, {'functional_group': 'amino', 'smiles_inds': [63]}]",1.265628768087278e-40
32,bottom,C[Si](C)(C)C(c1cc(C([Si](C)(C)C)[Si](C)(C)C)c([Se]c2ccccc2Sc2ccccc2Sc2ccccc2[Se]c2c(cc(cc2C([Si](C)(C)C)[Si](C)(C)C)C([Si](C)(C)C)[Si](C)(C)C)C([Si](C)(C)C)[Si](C)(C)C)c(c1)C([Si](C)(C)C)[Si](C)(C)C)[Si](C)(C)C,"[25, 32]","[{'functional_group': '2-hydroxypyridine', 'smiles_inds': [63]}, {'functional_group': 'thiol', 'smiles_inds': [77]}]",1.5678576828291003e-40
32,bottom,CC(C)(C)c1cc2c3cc(cc4c5cc(cc6c7cc(cc8c9cc(cc%10c%11cc(cc%12c(c1)c2c1c(c34)c(c56)c(c78)c(c9%10)c1c%11%12)C(C)(C)C)C(C)(C)C)C(C)(C)C)C(C)(C)C)P(c1ccccc1)c1ccccc1,[62],"[{'functional_group': 'phenyl', 'smiles_inds': [30]}]",1.85517147953159e-40
32,bottom,C[Si](C)(C)C(c1cc(C([Si](C)(C)C)[Si](C)(C)C)c([Se]c2ccccc2[Se]c2ccccc2[Se]c2ccccc2[Se]c2c(cc(cc2C([Si](C)(C)C)[Si](C)(C)C)C([Si](C)(C)C)[Si](C)(C)C)C([Si](C)(C)C)[Si](C)(C)C)c(c1)C([Si](C)(C)C)[Si](C)(C)C)[Si](C)(C)C,"[25, 32]","[{'functional_group': 'carboxyl', 'smiles_inds': [22]}]",3.584935717698885e-40
32,bottom,C[Si](C)(C)C(c1cc(C([Si](C)(C)C)[Si](C)(C)C)c([Se]c2ccccc2[Se]c2ccccc2[Se]c2ccccc2[Se]c2c(cc(cc2C([Si](C)(C)C)[Si](C)(C)C)C([Si](C)(C)C)[Si](C)(C)C)C([Si](C)(C)C)[Si](C)(C)C)c(c1)C([Si](C)(C)C)[Si](C)(C)C)[Si](C)(C)C,"[25, 32]",[],8.34192090781895e-40
32,bottom,CP(CCP(C)c1c(cc(cc1C([Si](C)(C)C)[Si](C)(C)C)C([Si](C)(C)C)([Si](C)(C)C)[Si](C)(C)C)C([Si](C)(C)C)[Si](C)(C)C)c1c(cc(cc1C([Si](C)(C)C)[Si](C)(C)C)C([Si](C)(C)C)([Si](C)(C)C)[Si](C)(C)C)C([Si-](C)C)[Si](C)(C)C,"[4, 72, 1]","[{'functional_group': 'methyl_ester', 'smiles_inds': [52]}]",1.331099987494788e-36
32,bottom,C[Si](C)(CCC(F)(F)C(F)(F)C(F)(F)C(F)(F)C(F)(F)C(F)(F)F)c1ccc(cc1)P(CCP(c1ccc(cc1)[Si](C)(C)CCC(F)(F)C(F)(F)C(F)(F)C(F)(F)C(F)(F)C(F)(F)F)c1ccc(cc1)[Si](C)(C)CCC(F)(F)C(F)(F)C(F)(F)C(F)(F)C(F)(F)C(F)(F)F)c1ccc(cc1)[Si](C)(C)CCC(F)(F)C(F)(F)C(F)(F)C(F)(F)C(F)(F)C(F)(F)F,"[30, 33]","[{'functional_group': 'methyl', 'smiles_inds': [36]}]",1.2587789591139923e-35
32,bottom,Cc1cc(C)c(B(CCCP(CCCB(c2c(C)cc(C)cc2C)c2c(C)cc(C)cc2C)CCP(CCCB(c2c(C)cc(C)cc2C)c2c(C)cc(C)cc2C)CCCB(c2c(C)cc(C)cc2C)c2c(C)cc(C)cc2C)c2c(C)cc(C)cc2C)c(C)c1,"[35, 10]",[],4.360651981817258e-34
32,bottom,C[Si](C)(C)c1cc(cc(c1)[Si](C)(C)C)P(c1cc(cc(c1)[Si](C)(C)C)[Si](C)(C)C)c1ccccc1P(c1cc(cc(c1)[Si](C)(C)C)[Si](C)(C)C)c1cc(cc(c1)[Si](C)(C)C)[Si](C)(C)C,"[35, 14]","[{'functional_group': 'ethyl_ester', 'smiles_inds': [39]}]",9.528128885239681e-34
32,bottom,C[Si](C)(C)c1cc2ccccc2c2c1OP(Oc1ccc3ccccc3c1c1c(OP3Oc4c(cc5ccccc5c4c4c(O3)c(cc3ccccc43)[Si](C)(C)C)[Si](C)(C)C)ccc3ccccc13)Oc1c(cc3ccccc3c21)[Si](C)(C)C,"[30, 15]","[{'functional_group': 'chloro', 'smiles_inds': [23]}, {'functional_group': 'ketone', 'smiles_inds': [54]}]",2.7625196091457356e-33
32,bottom,CC(C)(C)P(CCCP(CCCP(C(C)(C)C)C(C)(C)C)CCCP(C(C)(C)C)C(C)(C)C)C(C)(C)C,"[4, 8, 12]","[{'functional_group': 'tribromo', 'smiles_inds': [30]}, {'functional_group': '2-methylbenzoic_acid', 'smiles_inds': [35]}, {'functional_group': 'aldehyde', 'smiles_inds': [16]}]",4.1115354730018485e-33
32,bottom,C[Si](C)(C)c1cc2ccccc2c2c1OP(Oc1ccc3ccccc3c1c1c(OP3Oc4c(cc5ccccc5c4c4c(O3)c(cc3ccccc43)[Si](C)(C)C)[Si](C)(C)C)ccc3ccccc13)Oc1c(cc3ccccc3c21)[Si](C)(C)C,"[30, 15]","[{'functional_group': 'fluoro', 'smiles_inds': [10]}]",1.6437656386090537e-32
32,median,Nc1nc(N)nc(n1)c1ccncc1,[11],"[{'functional_group': 'phenyl', 'smiles_inds': [10]}]",0.13230702793442847
32,median,Cc1cccc(C=Nc2ccc(cc2)C(O)=O)n1,"[17, 7]",[],0.13233237092383532
32,median,c1cc([c-]c(c1)C12N=CC3C4C1[S+2]234)C12N=CC3C4C1[S+2]234,"[7, 14, 3]","[{'functional_group': 'carboxylate', 'smiles_inds': [5]}, {'functional_group': 'tribromo', 'smiles_inds': [9]}, {'functional_group': 'iodo', 'smiles_inds': [16]}, {'functional_group': 'chloro', 'smiles_inds': [18]}]",0.13236923403073855
32,median,NC(=S)NN=Cc1cccc2C=CNc12,[2],[],0.13238813785385367
32,median,CCCCNC(=O)NN=CC1=CC=C(O1)N(=O)=O,"[8, 6]","[{'functional_group': 'ether', 'smiles_inds': [12]}]",0.13242453443024246
32,median,COc1ccc(OC)c2C(=Nc3nc(C)ccc3C)[N-]C(=Nc3nc(C)ccc3C)c12,"[12, 19, 23]","[{'functional_group': 'thiol', 'smiles_inds': [14]}]",0.1324472162173712
32,median,Clc1ccccc1NC(=O)c1cnccn1,[12],"[{'functional_group': '2-methylbenzoic_acid', 'smiles_inds': [5]}]",0.13248890363122084
32,median,CCN1C=CN=C1N=Nc1cccnc1,[5],"[{'functional_group': 'fluoro', 'smiles_inds': [3]}]",0.1324894104329079
32,median,CC(C)(C)c1ccc(cc1)N=C1N=C(N=C1[N-]c1ccc(cc1)C(C)(C)C)c1ccccc1,"[16, 10]",[],0.13255296688562715
32,median,c1cc([c-]c(c1)C12N=CC3C4C1[S+2]234)C12N=CC3C4C1[S+2]234,"[7, 14, 3]","[{'functional_group': 'carboxylate', 'smiles_inds': [5]}, {'functional_group': 'carboxylate', 'smiles_inds': [0]}, {'functional_group': 'carbonyl', 'smiles_inds': [8]}, {'functional_group': 'cyanimide', 'smiles_inds': [1]}, {'functional_group': 'phosphonate', 'smiles_inds': [18]}, {'functional_group': 'amino', 'smiles_inds': [9]}, {'functional_group': 'amino', 'smiles_inds': [11]}, {'functional_group': 'ether', 'smiles_inds': [10]}, {'functional_group': 'methyl_ester', 'smiles_inds': [16]}]",0.13259965621257738
32,median,C1CCN(CC1)CCN1CCCCC1,"[3, 8]",[],0.13268800983752113
32,median,COc1cc(Br)cc(C=NC(Cc2ccccc2)C(=O)[O-])c1[O-],"[22, 20, 9]","[{'functional_group': 'amino', 'smiles_inds': [13]}, {'functional_group': 'phenyl', 'smiles_inds': [3]}]",0.13270773321713425
32,median,COc1ccc2ccc[c-]c2c1C=Nc1ccccc1SCc1ccccc1,"[9, 20, 13]",[],0.13272026855999447
32,median,CON=CC1=CSC(=N1)N,"[2, 8]","[{'functional_group': 'methyl', 'smiles_inds': [5]}, {'functional_group': 'ethyl', 'smiles_inds': [0]}, {'functional_group': 'ethyl', 'smiles_inds': [9]}]",0.13280328408484235
32,median,c1ccc(cc1)c1c2ccccc2nc2c1ccc1c2nc2ccccc2c1c1ccccc1,"[20, 13]",[],0.13285459597402471
32,median,OCCCN(Cc1ccccn1)Cc1ccccn1,"[11, 4, 18]",[],0.13292870873797477
32,median,CCOC(=O)CN(Cc1ccccn1)CC1=NC=CN1C,"[6, 19, 16]",[],0.13296177718454463
32,median,Cc1cccc(C=NCCN2CCNC2c2cccc(C)n2)n1,"[7, 22, 10]",[],0.13298172232948624
32,median,CC1CCC(C)N1Cc1ccccn1,"[13, 6]",[],0.13299138821160236
32,median,OP(=O)(c1ccccn1)c1ccccn1,"[0, 8]","[{'functional_group': 'chloro', 'smiles_inds': [10]}, {'functional_group': 'carbonyl', 'smiles_inds': [11]}]",0.13304835974209514
32,top,[nH+]1cc[nH+]c2c1c1cccnc1c1ncccc21,"[13, 10]","[{'functional_group': 'cyano', 'smiles_inds': [1]}, {'functional_group': 'carboxylate', 'smiles_inds': [9]}, {'functional_group': 'carboxylate', 'smiles_inds': [7]}, {'functional_group': 'carboxylate', 'smiles_inds': [15]}, {'functional_group': 'tribromo', 'smiles_inds': [3]}, {'functional_group': '2-hydroxypyridine', 'smiles_inds': [16]}, {'functional_group': 'carbonyl', 'smiles_inds': [14]}]",0.9999999999940246
32,top,[nH+]1cc[nH+]c2c1c1cccnc1c1ncccc21,"[13, 10]","[{'functional_group': 'cyano', 'smiles_inds': [1]}, {'functional_group': 'carboxylate', 'smiles_inds': [9]}, {'functional_group': 'carboxylate', 'smiles_inds': [7]}, {'functional_group': 'carboxylate', 'smiles_inds': [15]}, {'functional_group': 'tribromo', 'smiles_inds': [3]}, {'functional_group': '2-hydroxypyridine', 'smiles_inds': [16]}, {'functional_group': 'cyano', 'smiles_inds': [0]}, {'functional_group': 'carboxyllic_acid', 'smiles_inds': [14]}]",0.9999999999942653
32,top,[nH+]1cc[nH+]c2c1c1cccnc1c1ncccc21,"[13, 10]","[{'functional_group': 'cyano', 'smiles_inds': [1]}, {'functional_group': 'carboxylate', 'smiles_inds': [9]}, {'functional_group': 'carboxylate', 'smiles_inds': [7]}, {'functional_group': 'carboxylate', 'smiles_inds': [15]}, {'functional_group': 'tribromo', 'smiles_inds': [3]}, {'functional_group': '2-hydroxypyridine', 'smiles_inds': [16]}, {'functional_group': 'cyano', 'smiles_inds': [0]}, {'functional_group': 'carboxylate', 'smiles_inds': [2]}]",0.9999999999950926
32,top,[nH+]1cc[nH+]c2c1c1cccnc1c1ncccc21,"[13, 10]","[{'functional_group': 'cyano', 'smiles_inds': [1]}, {'functional_group': 'carboxylate', 'smiles_inds': [9]}, {'functional_group': 'carboxylate', 'smiles_inds': [7]}, {'functional_group': 'carboxylate', 'smiles_inds': [15]}, {'functional_group': 'tribromo', 'smiles_inds': [3]}, {'functional_group': '2-hydroxypyridine', 'smiles_inds': [16]}, {'functional_group': 'cyano', 'smiles_inds': [0]}, {'functional_group': 'tribromo', 'smiles_inds': [14]}, {'functional_group': 'cyano', 'smiles_inds': [2]}]",0.9999999999960134
32,top,[NH3+]CCNc1ccnc2c1ccc1c(NCCN)ccnc21,"[7, 20]","[{'functional_group': 'bromo', 'smiles_inds': [2]}, {'functional_group': 'cyanimide', 'smiles_inds': [1]}, {'functional_group': 'cyanimide', 'smiles_inds': [16]}]",0.9999999999962885
32,top,[nH+]1cc[nH+]c2c1c1cccnc1c1ncccc21,"[13, 10]","[{'functional_group': 'cyano', 'smiles_inds': [1]}, {'functional_group': 'carboxylate', 'smiles_inds': [9]}, {'functional_group': 'carboxylate', 'smiles_inds': [7]}, {'functional_group': 'carboxylate', 'smiles_inds': [15]}, {'functional_group': 'tribromo', 'smiles_inds': [3]}, {'functional_group': '2-hydroxypyridine', 'smiles_inds': [16]}, {'functional_group': 'cyano', 'smiles_inds': [0]}, {'functional_group': 'cyano', 'smiles_inds': [2]}]",0.9999999999973355
32,top,[nH+]1cc[nH+]c2c1c1cccnc1c1ncccc21,"[13, 10]","[{'functional_group': 'cyano', 'smiles_inds': [1]}, {'functional_group': 'carboxylate', 'smiles_inds': [9]}, {'functional_group': 'carboxylate', 'smiles_inds': [7]}, {'functional_group': 'carboxylate', 'smiles_inds': [15]}, {'functional_group': 'tribromo', 'smiles_inds': [3]}, {'functional_group': '2-hydroxypyridine', 'smiles_inds': [16]}, {'functional_group': 'iodo', 'smiles_inds': [14]}]",0.9999999999976832
32,top,c1cc([c-]c(c1)C12N=CC3C4C1[S+2]234)C12N=CC3C4C1[S+2]234,"[7, 14, 3]","[{'functional_group': 'carboxylate', 'smiles_inds': [5]}, {'functional_group': 'carboxylate', 'smiles_inds': [0]}, {'functional_group': 'carboxylate', 'smiles_inds': [1]}, {'functional_group': 'cyanimide', 'smiles_inds': [15]}, {'functional_group': 'cyanimide', 'smiles_inds': [8]}, {'functional_group': 'carboxylate', 'smiles_inds': [17]}, {'functional_group': 'cyanimide', 'smiles_inds': [10]}]",0.999999999998785
32,top,CN1C=CN=C1C=NCC(C)(CN=CC1=NC=CN1C)CN=CC1=NC=CN1C,"[7, 21, 4, 24, 12, 15]","[{'functional_group': 'cyanimide', 'smiles_inds': [0]}]",0.9999999999990807
32,top,O=C1[N-][NH+]2CN3CN(C2)[N-]C(=O)C(=O)[N-]N2C[NH+](CN(C2)[N-]C(=O)C(=O)[N-]3)[N-]C1=O,"[2, 9, 14, 26, 21, 27]","[{'functional_group': 'methyl', 'smiles_inds': [20]}]",0.9999999999992304
32,top,[nH+]1cc[nH+]c2c1c1cccnc1c1ncccc21,"[13, 10]","[{'functional_group': 'cyano', 'smiles_inds': [1]}, {'functional_group': 'carboxylate', 'smiles_inds': [9]}, {'functional_group': 'carboxylate', 'smiles_inds': [7]}, {'functional_group': 'carboxylate', 'smiles_inds': [15]}, {'functional_group': 'tribromo', 'smiles_inds': [3]}, {'functional_group': '2-hydroxypyridine', 'smiles_inds': [16]}, {'functional_group': 'methyl', 'smiles_inds': [8]}, {'functional_group': 'ether', 'smiles_inds': [0]}, {'functional_group': 'aldehyde', 'smiles_inds': [14]}]",0.9999999999994829
32,top,[nH+]1cc[nH+]c2c1c1cccnc1c1ncccc21,"[13, 10]","[{'functional_group': 'cyano', 'smiles_inds': [1]}, {'functional_group': 'carboxylate', 'smiles_inds': [9]}, {'functional_group': 'carboxylate', 'smiles_inds': [7]}, {'functional_group': 'carboxylate', 'smiles_inds': [15]}, {'functional_group': 'tribromo', 'smiles_inds': [3]}, {'functional_group': '2-hydroxypyridine', 'smiles_inds': [16]}, {'functional_group': 'carboxylate', 'smiles_inds': [8]}, {'functional_group': 'carbonyl', 'smiles_inds': [2]}]",0.9999999999994875
32,top,[nH+]1cc[nH+]c2c1c1cccnc1c1ncccc21,"[13, 10]","[{'functional_group': 'cyano', 'smiles_inds': [1]}, {'functional_group': 'carboxylate', 'smiles_inds': [9]}, {'functional_group': 'carboxylate', 'smiles_inds': [7]}, {'functional_group': 'carboxylate', 'smiles_inds': [15]}, {'functional_group': 'tribromo', 'smiles_inds': [3]}, {'functional_group': '2-hydroxypyridine', 'smiles_inds': [16]}, {'functional_group': '2-hydroxypyridine', 'smiles_inds': [8]}]",0.9999999999996374
32,top,CC12CNCCNCC(CNCCNC1)(C#N)C(=O)[N-]CCNC2,"[6, 3, 10, 13, 19, 22]","[{'functional_group': 'cyanimide', 'smiles_inds': [0]}]",0.9999999999998093
32,top,CC[NH+]1CCN(CC1)c1cc2N(C=C(C(=O)[O-])C(=O)c2cc1F)C1CC1,"[18, 16]","[{'functional_group': 'methyl', 'smiles_inds': [9]}, {'functional_group': 'iodo', 'smiles_inds': [7]}, {'functional_group': 'carboxylate', 'smiles_inds': [20]}, {'functional_group': 'carboxylate', 'smiles_inds': [12]}, {'functional_group': 'cyano', 'smiles_inds': [2]}, {'functional_group': 'trifluro', 'smiles_inds': [23]}, {'functional_group': 'amino', 'smiles_inds': [0]}, {'functional_group': 'chloro', 'smiles_inds': [4]}, {'functional_group': 'cyano', 'smiles_inds': [6]}, {'functional_group': 'ether', 'smiles_inds': [24]}, {'functional_group': 'iodo', 'smiles_inds': [25]}, {'functional_group': 'cyanimide', 'smiles_inds': [1]}]",0.9999999999998646
32,top,[nH+]1cc[nH+]c2c1c1cccnc1c1ncccc21,"[13, 10]","[{'functional_group': 'cyano', 'smiles_inds': [1]}, {'functional_group': 'carboxylate', 'smiles_inds': [9]}, {'functional_group': 'carboxylate', 'smiles_inds': [7]}, {'functional_group': 'carboxylate', 'smiles_inds': [15]}, {'functional_group': 'tribromo', 'smiles_inds': [3]}, {'functional_group': '2-hydroxypyridine', 'smiles_inds': [16]}, {'functional_group': 'ketone', 'smiles_inds': [14]}]",0.9999999999998901
32,top,[nH+]1cc[nH+]c2c1c1cccnc1c1ncccc21,"[13, 10]","[{'functional_group': 'cyano', 'smiles_inds': [1]}, {'functional_group': 'carboxylate', 'smiles_inds': [9]}, {'functional_group': 'carboxylate', 'smiles_inds': [7]}, {'functional_group': 'carboxylate', 'smiles_inds': [15]}, {'functional_group': 'tribromo', 'smiles_inds': [3]}, {'functional_group': '2-hydroxypyridine', 'smiles_inds': [16]}, {'functional_group': 'cyano', 'smiles_inds': [0]}, {'functional_group': 'ketone', 'smiles_inds': [14]}]",0.9999999999999201
32,top,CC12CSCCNCC3(CNCCSC1)C(=O)NCNC3=NCCSC2,"[24, 3, 13, 21, 6, 10]","[{'functional_group': 'amino', 'smiles_inds': [19]}]",0.9999999999999514
32,top,CN1C=CN=C1C=NCC(C)(CN=CC1=NC=CN1C)CN=CC1=NC=CN1C,"[7, 21, 4, 24, 12, 15]","[{'functional_group': 'cyanimide', 'smiles_inds': [11]}]",0.999999999999988
32,top,[nH+]1cc[nH+]c2c1c1cccnc1c1ncccc21,"[13, 10]","[{'functional_group': 'cyano', 'smiles_inds': [1]}, {'functional_group': 'carboxylate', 'smiles_inds': [9]}, {'functional_group': 'carboxylate', 'smiles_inds': [7]}, {'functional_group': 'carboxylate', 'smiles_inds': [15]}, {'functional_group': 'tribromo', 'smiles_inds': [3]}, {'functional_group': '2-hydroxypyridine', 'smiles_inds': [16]}, {'functional_group': 'cyano', 'smiles_inds': [0]}, {'functional_group': 'phosphonate', 'smiles_inds': [8]}, {'functional_group': '2-hydroxypyridine', 'smiles_inds': [14]}]",0.999999999999992
33,bottom,CC(C)(C)c1cc2c3cc(cc4c5cc(cc6c7cc(cc8c9cc(cc%10c%11cc(cc%12c(c1)c2c1c(c34)c(c56)c(c78)c(c9%10)c1c%11%12)C(C)(C)C)C(C)(C)C)C(C)(C)C)C(C)(C)C)P(c1cc2c3cc(cc4c5cc(cc6c7cc(cc8c9cc(cc%10c%11cc(cc%12c(c1)c2c1c(c34)c(c56)c(c78)c(c9%10)c1c%11%12)C(C)(C)C)C(C)(C)C)C(C)(C)C)C(C)(C)C)C(C)(C)C)c1cc2c3cc(cc4c5cc(cc6c7cc(cc8c9cc(cc%10c%11cc(cc%12c(c1)c2c1c(c34)c(c56)c(c78)c(c9%10)c1c%11%12)C(C)(C)C)C(C)(C)C)C(C)(C)C)C(C)(C)C)C(C)(C)C,[62],"[{'functional_group': 'chloro', 'smiles_inds': [123]}]",6.147280873477053e-107
33,bottom,CC1(N=C(c2ccccc2)C23C4=C5C6=C7C8=C9C%10=C%11C%12=C%13C%14=C%11C8=C6C6=C4C4=C8C%11=C%15C%16=C(C%17=C%12C%12=C%10C%10=C9C9=C7C7=C5C2=C2C5=C%18C%19=C%20C(=C%12C%17=C%12C%20=C%17C(=C%16%12)C%11=C(C2=C%18%17)C138)C%10=C%19C9=C75)C%13=C%15C4=C%146)C(=O)[O-],"[72, 2]","[{'functional_group': 'ethyl_ester', 'smiles_inds': [5]}]",5.262865323786739e-93
33,bottom,CCOC(=O)C12C(=O)OCc3ccc4OCCOCCOc5cc(COC(=O)C6(C(=O)OCC)C78c9c%10c%11c%12c%13c%14C%15=C%16c%17c%18c%19c%15c%13c%10c7c%19c7c%18c%10c%13c%17c%15C%16=C%16c%14c%14c%12c%12c%11c%11c%17c%18c%12c%12c%19c%18c%18c%20c%21c%22c(c%13c%13c(c%18%22)c%19C1(c%15%13)C2%16c%14%12)c%10c1c%21c(c(c%17%20)c9%11)C68c71)ccc5OCCOCCOc4c3,"[17, 20, 97, 100, 103, 14]","[{'functional_group': 'cyano', 'smiles_inds': [18]}]",7.868138677161564e-93
33,bottom,N1C(c2ccccn2)C23C4=C5C6=C7C8=C9c%10c%11c%12c%13c%14c%10c8c8c%10c%14c%14c%13c%13c%15c%12c%12c%11c%11C9=C6C6=C4C4=C9c(c%12c%12c%15c%15c%13c%13c%14c%14c%10c%10c8c7c5c5c%10c7c%14c%13c8c%15c(c9%12)C(=C24)c8c7C35C1c1ccccn1)c%116,[0],"[{'functional_group': 'ethyl_ester', 'smiles_inds': [6]}]",1.0857957427906206e-91
33,bottom,C1N(CC23c4c5c6c7c8c9c%10c%11c%12c%13c%14c%10c%10c%15c%14c%14c%16c%13c%13c%12c%12c%17c%11c9c9c%11c%17c%17c%12c%12c%13c%13c%16c%16c%14c%14c%15c(c6c8%10)c4c%14c4c%16c6c%13c%12c8c%17c%10c%11c(c79)c5c2c%10c8c6C134)c1ccncc1,[1],"[{'functional_group': 'methyl', 'smiles_inds': [2]}]",1.5047192359211076e-91
33,bottom,N1C(c2ccccn2)C23C4=C5C6=C7C8=C9c%10c%11c%12c%13c%14c%10c8c8c%10c%14c%14c%13c%13c%15c%12c%12c%11c%11C9=C6C6=C4C4=C9c(c%12c%12c%15c%15c%13c%13c%14c%14c%10c%10c8c7c5c5c%10c7c%14c%13c8c%15c(c9%12)C(=C24)c8c7C35C1c1ccccn1)c%116,[0],"[{'functional_group': 'cyano', 'smiles_inds': [72]}]",5.685312177476281e-91
33,bottom,N1C(c2ccccn2)C23C4=C5C6=C7C8=C9c%10c%11c%12c%13c%14c%10c8c8c%10c%14c%14c%13c%13c%15c%12c%12c%11c%11C9=C6C6=C4C4=C9c(c%12c%12c%15c%15c%13c%13c%14c%14c%10c%10c8c7c5c5c%10c7c%14c%13c8c%15c(c9%12)C(=C24)c8c7C35C1c1ccccn1)c%116,[0],[],6.66430364165316e-91
33,bottom,Cc1ccc(N)c(c1)C1=C2C(=O)C3=C4C5=C6C7=C8C9=C%10C%11=C%12C%13=C%10C%10=C8C8=C6C4(OOC(C)(C)C)C2=C(O1)C8(O)C%10=C1C(=O)OC2=C4OC(=O)C6=C([O-])c8c3c3c%10c%14c8C8=C%15C%16=C(C4=C68)C(=C%12C%16=C4C(=C%14%15)C6=C%10C(=C53)C7=C9C6=C%114)C2=C%131,"[5, 49, 52]","[{'functional_group': 'thiol', 'smiles_inds': [0]}]",2.5690388849044815e-60
33,bottom,C[Si](C)(C)c1cc(cc(c1)[Si](C)(C)C)C(C(=O)Nc1cccc(NC(=O)C(c2cc(cc(c2)[Si](C)(C)C)[Si](C)(C)C)(c2cc(cc(c2)[Si](C)(C)C)[Si](C)(C)C)c2cc(cc(c2)[Si](C)(C)C)[Si](C)(C)C)c1[S-])(c1cc(cc(c1)[Si](C)(C)C)[Si](C)(C)C)c1cc(cc(c1)[Si](C)(C)C)[Si](C)(C)C,"[70, 16]","[{'functional_group': 'trifluro', 'smiles_inds': [19]}]",1.7249947894801987e-44
33,bottom,CC(C)(C)c1cc2c3cc(cc4c5cc(cc6c7cc(cc8c9cc(cc%10c%11cc(cc%12c(c1)c2c1c(c34)c(c56)c(c78)c(c9%10)c1c%11%12)C(C)(C)C)C(C)(C)C)C(C)(C)C)C(C)(C)C)C1=CN(Cc2ccccc2)N=N1,[73],"[{'functional_group': '2-methylbenzoic_acid', 'smiles_inds': [65]}, {'functional_group': 'amide', 'smiles_inds': [18]}, {'functional_group': '2-methylbenzoic_acid', 'smiles_inds': [68]}]",3.1924848347759557e-43
33,bottom,CC(C)(C)c1cc2c3cc(cc4c5cc(cc6c7cc(cc8c9cc(cc%10c%11cc(cc%12c(c1)c2c1c(c34)c(c56)c(c78)c(c9%10)c1c%11%12)C(C)(C)C)C(C)(C)C)C(C)(C)C)C(C)(C)C)c1ccc(nc1)c1ccccn1,"[66, 73]","[{'functional_group': 'cyano', 'smiles_inds': [20]}]",2.308124319558619e-37
33,bottom,CC(C)(C)c1cc2c3cc(cc4c5cc(cc6c7cc(cc8c9cc(cc%10c%11cc(cc%12c(c1)c2c1c(c34)c(c56)c(c78)c(c9%10)c1c%11%12)C(C)(C)C)C(C)(C)C)C(C)(C)C)C(C)(C)C)P(c1ccccc1)c1ccccc1,[62],[],3.458189686343305e-37
33,bottom,Cc1cc(C)c(B(CCCP(CCCB(c2c(C)cc(C)cc2C)c2c(C)cc(C)cc2C)CCP(CCCB(c2c(C)cc(C)cc2C)c2c(C)cc(C)cc2C)CCCB(c2c(C)cc(C)cc2C)c2c(C)cc(C)cc2C)c2c(C)cc(C)cc2C)c(C)c1,"[35, 10]",[],1.5269064644556738e-35
33,bottom,C1CCC(CC1)B(CCCP(CCCB(C1CCCCC1)C1CCCCC1)CCP(CCCB(C1CCCCC1)C1CCCCC1)CCCB(C1CCCCC1)C1CCCCC1)C1CCCCC1,"[10, 29]","[{'functional_group': 'iodo', 'smiles_inds': [52]}, {'functional_group': 'methyl_ester', 'smiles_inds': [23]}]",9.323264709533118e-35
33,bottom,C[Si](C)(CCC(F)(F)C(F)(F)C(F)(F)C(F)(F)C(F)(F)C(F)(F)F)c1ccc(cc1)P(CCP(c1ccc(cc1)[Si](C)(C)CCC(F)(F)C(F)(F)C(F)(F)C(F)(F)C(F)(F)C(F)(F)F)c1ccc(cc1)[Si](C)(C)CCC(F)(F)C(F)(F)C(F)(F)C(F)(F)C(F)(F)C(F)(F)F)c1ccc(cc1)[Si](C)(C)CCC(F)(F)C(F)(F)C(F)(F)C(F)(F)C(F)(F)C(F)(F)F,"[30, 33]","[{'functional_group': 'ether', 'smiles_inds': [36]}]",2.348233200339628e-34
33,bottom,C[Si](C)(CCC(F)(F)C(F)(F)C(F)(F)C(F)(F)C(F)(F)C(F)(F)F)c1ccc(cc1)P(CCP(c1ccc(cc1)[Si](C)(C)CCC(F)(F)C(F)(F)C(F)(F)C(F)(F)C(F)(F)C(F)(F)F)c1ccc(cc1)[Si](C)(C)CCC(F)(F)C(F)(F)C(F)(F)C(F)(F)C(F)(F)C(F)(F)F)c1ccc(cc1)[Si](C)(C)CCC(F)(F)C(F)(F)C(F)(F)C(F)(F)C(F)(F)C(F)(F)F,"[30, 33]","[{'functional_group': 'carboxylate', 'smiles_inds': [96]}, {'functional_group': 'carboxyl', 'smiles_inds': [74]}]",6.957442857227217e-34
33,bottom,CC(C)(C)c1cc2c(OP(Oc3c2cc(cc3C(C)(C)C)C(C)(C)C)O[Si]2(O[Si]3(O[Si](OP4Oc5c(cc(cc5C(C)(C)C)C(C)(C)C)c5cc(cc(c5O4)C(C)(C)C)C(C)(C)C)(O[Si]4(O[Si](O3)(O[Si](O2)(O[Si](O4)(O[Si](C)(c2ccccc2)c2ccccc2)C2CCCC2)C2CCCC2)C2CCCC2)C2CCCC2)C2CCCC2)C2CCCC2)C2CCCC2)c(c1)C(C)(C)C,"[9, 32]","[{'functional_group': 'carboxyllic_acid', 'smiles_inds': [110]}, {'functional_group': 'carboxyl', 'smiles_inds': [86]}]",8.823414872523426e-34
33,bottom,C[Si](C)(C)c1cc(cc(c1)[Si](C)(C)C)P(c1cc(cc(c1)[Si](C)(C)C)[Si](C)(C)C)c1ccccc1P(c1cc(cc(c1)[Si](C)(C)C)[Si](C)(C)C)c1cc(cc(c1)[Si](C)(C)C)[Si](C)(C)C,"[35, 14]","[{'functional_group': 'phenyl', 'smiles_inds': [49]}, {'functional_group': 'methyl', 'smiles_inds': [20]}]",1.5537425981505778e-31
33,bottom,C1CCC(CC1)[PH+](CCP(CCP(C1CCCCC1)C1CCCCC1)CCP(C1CCCCC1)C1CCCCC1)C1CCCCC1,"[12, 9, 27]","[{'functional_group': 'tribromo', 'smiles_inds': [24]}]",9.153346116193802e-31
33,bottom,C[Si](C)(C)C(c1cc(C([Si](C)(C)C)[Si](C)(C)C)c([Se]c2ccccc2Sc2ccccc2Sc2ccccc2[Se]c2c(cc(cc2C([Si](C)(C)C)[Si](C)(C)C)C([Si](C)(C)C)[Si](C)(C)C)C([Si](C)(C)C)[Si](C)(C)C)c(c1)C([Si](C)(C)C)[Si](C)(C)C)[Si](C)(C)C,"[25, 32]",[],3.2220416902881815e-30
33,median,C(N1C=CN=C1N=Nc1cccc2ccccc12)c1ccccc1,[4],[],0.1305023731850509
33,median,FC(F)(F)c1c[c-]c(c2ccccn2)c(n1)C(F)(F)F,"[13, 6]","[{'functional_group': 'amide', 'smiles_inds': [12]}]",0.13050373763348033
33,median,O=C1C=Nc2ccccc2[N-]1,"[10, 0]","[{'functional_group': 'phenyl', 'smiles_inds': [2]}, {'functional_group': 'methyl', 'smiles_inds': [8]}]",0.13051546243988982
33,median,NCc1ccc(Cl)cc1,[0],"[{'functional_group': 'cyano', 'smiles_inds': [4]}]",0.1305773804415669
33,median,Nc1ccc(Cl)cc1,[0],"[{'functional_group': 'ketone', 'smiles_inds': [6]}]",0.13061145674650187
33,median,CCCCN=Cc1ccccc1[O-],"[4, 12]","[{'functional_group': 'carboxyllic_acid', 'smiles_inds': [1]}, {'functional_group': 'chloro', 'smiles_inds': [3]}, {'functional_group': 'methyl', 'smiles_inds': [5]}]",0.13062251892400664
33,median,OCc1ccc(cn1)c1ccc(cc1)C(=O)[O-],"[0, 7]","[{'functional_group': 'methyl', 'smiles_inds': [10]}]",0.1306555812313193
33,median,Clc1ccc(C[NH+]2Cc3cc(Cl)cc(C=NCCOCCOCCN=Cc4cc(Cl)cc(C2)c4[O-])c3[O-])cc1,"[34, 36, 21, 18, 15, 24]","[{'functional_group': 'bromo', 'smiles_inds': [32]}]",0.13068502213260064
33,median,Cc1cc2N=C(Nc2c(c1C)N(=O)=O)C1=Nc2cc(C)c(C)c(c2N1)N(=O)=O,"[4, 15]","[{'functional_group': 'cyano', 'smiles_inds': [21]}, {'functional_group': '2-methylbenzoic_acid', 'smiles_inds': [17]}]",0.13073610168649374
33,median,c1cc([c-]c(c1)C12N=CC3C4C1[S+2]234)C12N=CC3C4C1[S+2]234,"[7, 14, 3]","[{'functional_group': 'carboxylate', 'smiles_inds': [5]}, {'functional_group': 'carboxylate', 'smiles_inds': [17]}, {'functional_group': 'thiol', 'smiles_inds': [8]}]",0.13074731833045347
33,median,COc1ccc(P(c2ccccc2OC)c2ccccc2S(=O)(=O)[O-])c(CO)c1,"[24, 6]",[],0.13080841730109102
33,median,CN1C=C(C=C1C(=O)NN=Cc1ccccc1[O-])N(=O)=O,"[9, 17, 7]","[{'functional_group': 'thiol', 'smiles_inds': [15]}]",0.13083394983805327
33,median,Clc1ccc(cc1)C=NN=C([O-])c1ccccc1,"[11, 8]",[],0.1308372089524104
33,median,Cc1cccc(C=Nc2ccc(cc2)C(O)=O)n1,"[17, 7]",[],0.1308828285370697
33,median,OC1CCCC(O)C1,"[0, 6]",[],0.1308980890510289
33,median,CCc1nccnc1C(C)=NNC(=O)Nc1ccccc1,"[13, 6, 10]","[{'functional_group': 'methyl_ester', 'smiles_inds': [9]}]",0.1309306197506515
33,median,CC(C)(C)[N-]c1cccc2cccnc12,"[13, 4]","[{'functional_group': 'methyl', 'smiles_inds': [6]}]",0.13102640446683755
33,median,c1cc([c-]c(c1)C12N=CC3C4C1[S+2]234)C12N=CC3C4C1[S+2]234,"[7, 14, 3]","[{'functional_group': 'phenyl', 'smiles_inds': [0]}, {'functional_group': 'ethyl', 'smiles_inds': [9]}]",0.1310476973376051
33,median,[NH3+]CCNC(=O)c1ccnc(c1)c1cc(C)ccn1,"[18, 9]","[{'functional_group': 'trifluro', 'smiles_inds': [13]}, {'functional_group': 'phosphonate', 'smiles_inds': [7]}, {'functional_group': 'iodo', 'smiles_inds': [2]}]",0.13104900217644766
33,median,CCCCNC(=S)C(=S)NCCCC,"[6, 8]",[],0.13108944654469812
33,top,[nH+]1cc[nH+]c2c1c1cccnc1c1ncccc21,"[13, 10]","[{'functional_group': 'cyano', 'smiles_inds': [1]}, {'functional_group': 'carboxylate', 'smiles_inds': [9]}, {'functional_group': 'cyano', 'smiles_inds': [16]}, {'functional_group': 'cyano', 'smiles_inds': [7]}, {'functional_group': 'carboxylate', 'smiles_inds': [14]}, {'functional_group': 'cyanimide', 'smiles_inds': [3]}, {'functional_group': '2-hydroxypyridine', 'smiles_inds': [2]}, {'functional_group': 'chloro', 'smiles_inds': [8]}]",0.99999999999137
33,top,[nH+]1cc[nH+]c2c1c1cccnc1c1ncccc21,"[13, 10]","[{'functional_group': 'cyano', 'smiles_inds': [1]}, {'functional_group': 'carboxylate', 'smiles_inds': [9]}, {'functional_group': 'carboxylate', 'smiles_inds': [7]}, {'functional_group': 'carboxylate', 'smiles_inds': [15]}, {'functional_group': 'tribromo', 'smiles_inds': [3]}, {'functional_group': '2-hydroxypyridine', 'smiles_inds': [16]}, {'functional_group': 'cyano', 'smiles_inds': [0]}, {'functional_group': 'carboxyllic_acid', 'smiles_inds': [14]}]",0.9999999999920708
33,top,CC(CN=CC1=NC=CN1)(CN=CC1=NC=CN1)CN=CC1=NC=CN1,"[19, 3, 22, 6, 11, 14]",[],0.9999999999931206
33,top,[nH+]1cc[nH+]c2c1c1cccnc1c1ncccc21,"[13, 10]","[{'functional_group': 'cyano', 'smiles_inds': [1]}, {'functional_group': 'carboxylate', 'smiles_inds': [9]}, {'functional_group': 'carboxylate', 'smiles_inds': [7]}, {'functional_group': 'carboxylate', 'smiles_inds': [15]}, {'functional_group': 'tribromo', 'smiles_inds': [3]}, {'functional_group': '2-hydroxypyridine', 'smiles_inds': [16]}, {'functional_group': 'cyano', 'smiles_inds': [0]}, {'functional_group': 'trichloro', 'smiles_inds': [14]}]",0.9999999999951701
33,top,[nH+]1cc[nH+]c2c1c1cccnc1c1ncccc21,"[13, 10]","[{'functional_group': 'cyano', 'smiles_inds': [1]}, {'functional_group': 'carboxylate', 'smiles_inds': [9]}, {'functional_group': 'carboxylate', 'smiles_inds': [7]}, {'functional_group': 'carboxylate', 'smiles_inds': [15]}, {'functional_group': 'tribromo', 'smiles_inds': [3]}, {'functional_group': '2-hydroxypyridine', 'smiles_inds': [16]}, {'functional_group': 'phosphonate', 'smiles_inds': [0]}]",0.9999999999956808
33,top,CN1C=CN=C1C=NCC(C)(CN=CC1=NC=CN1C)CN=CC1=NC=CN1C,"[7, 21, 4, 24, 12, 15]","[{'functional_group': 'carboxylate', 'smiles_inds': [10]}, {'functional_group': 'bromo', 'smiles_inds': [20]}, {'functional_group': 'chloro', 'smiles_inds': [0]}, {'functional_group': 'trichloro', 'smiles_inds': [28]}]",0.9999999999959428
33,top,[nH+]1cc[nH+]c2c1c1cccnc1c1ncccc21,"[13, 10]","[{'functional_group': 'cyano', 'smiles_inds': [1]}, {'functional_group': 'carboxylate', 'smiles_inds': [9]}, {'functional_group': 'carboxylate', 'smiles_inds': [7]}, {'functional_group': 'carboxylate', 'smiles_inds': [15]}, {'functional_group': 'tribromo', 'smiles_inds': [3]}, {'functional_group': '2-hydroxypyridine', 'smiles_inds': [16]}, {'functional_group': 'cyano', 'smiles_inds': [0]}, {'functional_group': 'phosphonate', 'smiles_inds': [8]}]",0.9999999999959517
33,top,[nH+]1cc[nH+]c2c1c1cccnc1c1ncccc21,"[13, 10]","[{'functional_group': 'cyano', 'smiles_inds': [1]}, {'functional_group': 'carboxylate', 'smiles_inds': [9]}, {'functional_group': 'carboxylate', 'smiles_inds': [7]}, {'functional_group': 'carboxylate', 'smiles_inds': [15]}, {'functional_group': 'tribromo', 'smiles_inds': [3]}, {'functional_group': '2-hydroxypyridine', 'smiles_inds': [16]}, {'functional_group': 'cyano', 'smiles_inds': [0]}, {'functional_group': 'amino', 'smiles_inds': [8]}, {'functional_group': 'methyl_ester', 'smiles_inds': [2]}]",0.9999999999959768
33,top,[nH+]1cc[nH+]c2c1c1cccnc1c1ncccc21,"[13, 10]","[{'functional_group': 'cyano', 'smiles_inds': [1]}, {'functional_group': 'carboxylate', 'smiles_inds': [9]}, {'functional_group': 'carboxylate', 'smiles_inds': [7]}, {'functional_group': 'carboxylate', 'smiles_inds': [15]}, {'functional_group': 'tribromo', 'smiles_inds': [3]}, {'functional_group': '2-hydroxypyridine', 'smiles_inds': [16]}, {'functional_group': 'cyano', 'smiles_inds': [0]}, {'functional_group': 'hydroxyl', 'smiles_inds': [2]}]",0.9999999999962372
33,top,[nH+]1cc[nH+]c2c1c1cccnc1c1ncccc21,"[13, 10]","[{'functional_group': 'cyano', 'smiles_inds': [1]}, {'functional_group': 'carboxylate', 'smiles_inds': [9]}, {'functional_group': 'carboxylate', 'smiles_inds': [7]}, {'functional_group': 'carboxylate', 'smiles_inds': [15]}, {'functional_group': 'tribromo', 'smiles_inds': [3]}, {'functional_group': '2-hydroxypyridine', 'smiles_inds': [16]}, {'functional_group': 'cyano', 'smiles_inds': [0]}, {'functional_group': 'fluoro', 'smiles_inds': [2]}, {'functional_group': 'ethyl', 'smiles_inds': [14]}]",0.9999999999967166
33,top,[nH+]1cc[nH+]c2c1c1cccnc1c1ncccc21,"[13, 10]","[{'functional_group': 'cyano', 'smiles_inds': [1]}, {'functional_group': 'carboxylate', 'smiles_inds': [9]}, {'functional_group': 'carboxylate', 'smiles_inds': [7]}, {'functional_group': 'carboxylate', 'smiles_inds': [15]}, {'functional_group': 'tribromo', 'smiles_inds': [3]}, {'functional_group': '2-hydroxypyridine', 'smiles_inds': [16]}, {'functional_group': 'cyanimide', 'smiles_inds': [0]}]",0.9999999999979381
33,top,[nH+]1cc[nH+]c2c1c1cccnc1c1ncccc21,"[13, 10]","[{'functional_group': 'cyano', 'smiles_inds': [1]}, {'functional_group': 'carboxylate', 'smiles_inds': [9]}, {'functional_group': 'carboxylate', 'smiles_inds': [7]}, {'functional_group': 'carboxylate', 'smiles_inds': [15]}, {'functional_group': 'tribromo', 'smiles_inds': [3]}, {'functional_group': '2-hydroxypyridine', 'smiles_inds': [16]}, {'functional_group': '2-hydroxypyridine', 'smiles_inds': [0]}, {'functional_group': 'cyanimide', 'smiles_inds': [8]}]",0.9999999999983407
33,top,[nH+]1cccnc1c1[nH+]cccn1,"[4, 11]","[{'functional_group': '2-hydroxypyridine', 'smiles_inds': [1]}, {'functional_group': 'carboxylate', 'smiles_inds': [8]}, {'functional_group': 'carboxylate', 'smiles_inds': [10]}, {'functional_group': 'amino', 'smiles_inds': [9]}, {'functional_group': 'bromo', 'smiles_inds': [7]}, {'functional_group': 'carboxylate', 'smiles_inds': [3]}]",0.9999999999987645
33,top,[nH+]1cc[nH+]c2c1c1cccnc1c1ncccc21,"[13, 10]","[{'functional_group': 'cyano', 'smiles_inds': [1]}, {'functional_group': 'carboxylate', 'smiles_inds': [9]}, {'functional_group': 'carboxylate', 'smiles_inds': [7]}, {'functional_group': 'carboxylate', 'smiles_inds': [15]}, {'functional_group': 'tribromo', 'smiles_inds': [3]}, {'functional_group': '2-hydroxypyridine', 'smiles_inds': [16]}, {'functional_group': 'cyano', 'smiles_inds': [0]}, {'functional_group': 'cyano', 'smiles_inds': [14]}, {'functional_group': 'phosphonate', 'smiles_inds': [2]}]",0.9999999999991356
33,top,CC[NH+]1CCN(CC1)c1cc2N(C=C(C(=O)[O-])C(=O)c2cc1F)C1CC1,"[18, 16]","[{'functional_group': 'methyl', 'smiles_inds': [9]}, {'functional_group': 'iodo', 'smiles_inds': [7]}, {'functional_group': 'carboxylate', 'smiles_inds': [20]}, {'functional_group': 'carboxylate', 'smiles_inds': [12]}, {'functional_group': 'cyano', 'smiles_inds': [2]}, {'functional_group': 'trifluro', 'smiles_inds': [23]}, {'functional_group': 'amino', 'smiles_inds': [0]}, {'functional_group': 'chloro', 'smiles_inds': [4]}, {'functional_group': 'cyano', 'smiles_inds': [6]}, {'functional_group': 'cyanimide', 'smiles_inds': [1]}, {'functional_group': '2-hydroxypyridine', 'smiles_inds': [24]}, {'functional_group': 'amino', 'smiles_inds': [25]}]",0.9999999999991693
33,top,CC[NH+]1CCN(CC1)c1cc2N(C=C(C(=O)[O-])C(=O)c2cc1F)C1CC1,"[18, 16]","[{'functional_group': 'methyl', 'smiles_inds': [9]}, {'functional_group': 'iodo', 'smiles_inds': [7]}, {'functional_group': 'carboxylate', 'smiles_inds': [20]}, {'functional_group': 'carboxylate', 'smiles_inds': [12]}, {'functional_group': 'cyano', 'smiles_inds': [2]}, {'functional_group': 'trifluro', 'smiles_inds': [23]}, {'functional_group': 'amino', 'smiles_inds': [0]}, {'functional_group': 'chloro', 'smiles_inds': [4]}, {'functional_group': 'cyano', 'smiles_inds': [6]}, {'functional_group': 'cyanimide', 'smiles_inds': [1]}]",0.9999999999995568
33,top,[nH+]1cc[nH+]c2c1c1cccnc1c1ncccc21,"[13, 10]","[{'functional_group': 'cyano', 'smiles_inds': [1]}, {'functional_group': 'carboxylate', 'smiles_inds': [9]}, {'functional_group': 'carboxylate', 'smiles_inds': [7]}, {'functional_group': 'carboxylate', 'smiles_inds': [15]}, {'functional_group': 'tribromo', 'smiles_inds': [3]}, {'functional_group': '2-hydroxypyridine', 'smiles_inds': [16]}, {'functional_group': 'cyano', 'smiles_inds': [0]}, {'functional_group': '2-hydroxypyridine', 'smiles_inds': [8]}]",0.9999999999995985
33,top,[nH+]1cc[nH+]c2c1c1cccnc1c1ncccc21,"[13, 10]","[{'functional_group': 'cyano', 'smiles_inds': [1]}, {'functional_group': 'carboxylate', 'smiles_inds': [9]}, {'functional_group': 'carboxylate', 'smiles_inds': [7]}, {'functional_group': 'carboxylate', 'smiles_inds': [15]}, {'functional_group': 'tribromo', 'smiles_inds': [3]}, {'functional_group': '2-hydroxypyridine', 'smiles_inds': [16]}, {'functional_group': 'cyano', 'smiles_inds': [0]}, {'functional_group': 'carboxylate', 'smiles_inds': [8]}]",0.9999999999997382
33,top,O=C1[N-][NH+]2CN3CN(C2)[N-]C(=O)C(=O)[N-]N2C[NH+](CN(C2)[N-]C(=O)C(=O)[N-]3)[N-]C1=O,"[2, 9, 14, 26, 21, 27]","[{'functional_group': 'ketone', 'smiles_inds': [17]}]",0.9999999999998963
33,top,CN1C=CN=C1C=NCC(C)(CN=CC1=NC=CN1C)CN=CC1=NC=CN1C,"[7, 21, 4, 24, 12, 15]","[{'functional_group': 'carboxylate', 'smiles_inds': [10]}, {'functional_group': '2-hydroxypyridine', 'smiles_inds': [25]}, {'functional_group': 'cyanimide', 'smiles_inds': [8]}]",0.9999999999999971
34,bottom,CC1(N=C(c2ccccc2)C23C4=C5C6=C7C8=C9C%10=C%11C%12=C%13C%14=C%11C8=C6C6=C4C4=C8C%11=C%15C%16=C(C%17=C%12C%12=C%10C%10=C9C9=C7C7=C5C2=C2C5=C%18C%19=C%20C(=C%12C%17=C%12C%20=C%17C(=C%16%12)C%11=C(C2=C%18%17)C138)C%10=C%19C9=C75)C%13=C%15C4=C%146)C(=O)[O-],"[72, 2]","[{'functional_group': 'amino', 'smiles_inds': [6]}]",5.0432754143251544e-85
34,bottom,CN1CC23c4c5c6c7c8c9c%10c%11c%12c%13c%14c%10c%10c%15c%14c%14c%16c%13c%13c%12c%12c%17c%11c9c9c%11c%17c%17c%12c%12c%13c%13c%16c%16c%14c%14c%15c(c6c8%10)c4c%14c4c%16c6c%13c%12c8c%17c%10c%11c(c79)c5c2c%10c8c6C34C1c1ccncc1,[67],"[{'functional_group': 'aldehyde', 'smiles_inds': [0]}]",1.0633287109068962e-84
34,bottom,C1N(CC23c4c5c6c7c8c9c%10c%11c%12c%13c%14c%10c%10c%15c%14c%14c%16c%13c%13c%12c%12c%17c%11c9c9c%11c%17c%17c%12c%12c%13c%13c%16c%16c%14c%14c%15c(c6c8%10)c4c%14c4c%16c6c%13c%12c8c%17c%10c%11c(c79)c5c2c%10c8c6C134)c1ccncc1,[1],"[{'functional_group': 'chloro', 'smiles_inds': [0]}]",1.6912570485827882e-84
34,bottom,CCOC(=O)C1=C(OC23c4c5c6c7c8c9c%10C%11=C%12C%13=C%14C%15=C%16C%17=C%18C%19=C%20C%21=C(c4c4c6c8c6c%10C(=C%19c6c%214)C%17=C%11%15)C4=C6C%20=C%18C8=C%16c%10c%14c%11c%13c%13c(c9%12)c7c7c%13c9c%11c%11c%10c8c6c(c%11c9c2c57)C134)c1ccncc1,[71],"[{'functional_group': 'methyl_ester', 'smiles_inds': [73]}]",3.016396144538679e-84
34,bottom,CN1CC23c4c5c6c7c8c9c%10c%11c%12c%13c%14c%10c%10c%15c%14c%14c%16c%13c%13c%12c%12c%17c%11c9c9c%11c%17c%17c%12c%12c%13c%13c%16c%16c%14c%14c%15c(c6c8%10)c4c%14c4c%16c6c%13c%12c8c%17c%10c%11c(c79)c5c2c%10c8c6C34C1c1ccncc1,[67],"[{'functional_group': 'amino', 'smiles_inds': [66]}, {'functional_group': 'cyano', 'smiles_inds': [0]}]",2.5460152029455804e-83
34,bottom,O=C1c2[c-]c3c4c5[c-]c6C(=O)C7(c8ccccc8)C(=NC8(c9ccccn9)c9c1c1c2c2c3c3c%10c4c4c%11c5c5c6c6c%12C%13=C%14C%15=C%16C%17=C%18C(=C%19C3=C2C2=C3C%19=C%18C%18=C%16c%16c%14c%12c(c%12c%16c%18c3c(c12)c9%12)c8c76)C%10=C4C%17=C%15C%11=C5%13)c1ccccc1,"[7, 3, 10]","[{'functional_group': 'methyl', 'smiles_inds': [23]}, {'functional_group': 'phosphonate', 'smiles_inds': [82]}]",2.0061273389186217e-65
34,bottom,CCCC[P](CCCC)(CCCC)CCP(CCP(CCP(CC[P](CCCC)(CCCC)CCCC)CC[P](CCCC)(CCCC)CCCC)c1ccccc1)CC[P](CCCC)(CCCC)CCCC,"[15, 18, 21]","[{'functional_group': 'carboxylate', 'smiles_inds': [5]}]",1.9111347054195625e-54
34,bottom,Cc1cc(C)c(B(CCCP(CCCB(c2c(C)cc(C)cc2C)c2c(C)cc(C)cc2C)CCP(CCCB(c2c(C)cc(C)cc2C)c2c(C)cc(C)cc2C)CCCB(c2c(C)cc(C)cc2C)c2c(C)cc(C)cc2C)c2c(C)cc(C)cc2C)c(C)c1,"[35, 10]","[{'functional_group': 'carboxyllic_acid', 'smiles_inds': [85]}]",1.175108654581255e-37
34,bottom,C1CCC(CC1)P(CCP(CCP(C1CCCCC1)C1CCCCC1)CCP(C1CCCCC1)C1CCCCC1)C1CCCCC1,"[12, 9, 27]","[{'functional_group': 'carboxyllic_acid', 'smiles_inds': [28]}]",5.620804632056755e-35
34,bottom,CC(C)(C)c1cc2c3cc(cc4c5cc(cc6c7cc(cc8c9cc(cc%10c%11cc(cc%12c(c1)c2c1c(c34)c(c56)c(c78)c(c9%10)c1c%11%12)C(C)(C)C)C(C)(C)C)C(C)(C)C)C(C)(C)C)C1=CN(Cc2ccccc2)N=N1,[73],"[{'functional_group': 'ethyl', 'smiles_inds': [0]}]",6.635467540562629e-35
34,bottom,CC(C)(C)c1cc2c3cc(cc4c5cc(cc6c7cc(cc8c9cc(cc%10c%11cc(cc%12c(c1)c2c1c(c34)c(c56)c(c78)c(c9%10)c1c%11%12)C(C)(C)C)C(C)(C)C)C(C)(C)C)C(C)(C)C)P(c1ccccc1)c1ccccc1,[62],[],9.365165483253862e-35
34,bottom,C[Si](C)(C)c1cc(cc(c1)[Si](C)(C)C)P(c1cc(cc(c1)[Si](C)(C)C)[Si](C)(C)C)c1ccccc1P(c1cc(cc(c1)[Si](C)(C)C)[Si](C)(C)C)c1cc(cc(c1)[Si](C)(C)C)[Si](C)(C)C,"[35, 14]","[{'functional_group': 'trifluro', 'smiles_inds': [27]}, {'functional_group': 'amide', 'smiles_inds': [47]}]",2.55638848813222e-34
34,bottom,O=P(CCP(CCP(C1CCCCC1)C1CCCCC1)CCP(C1CCCCC1)C1CCCCC1)(C1CCCCC1)C1CCCCC1,"[4, 7, 22]","[{'functional_group': 'carboxyl', 'smiles_inds': [40]}]",4.027489716231745e-34
34,bottom,C1CCC(CC1)P(CCP(CCP(C1CCCCC1)C1CCCCC1)CCP(C1CCCCC1)C1CCCCC1)C1CCCCC1,"[12, 9, 27]","[{'functional_group': 'cyanimide', 'smiles_inds': [3]}]",5.173061036742937e-31
34,bottom,C1C2CC3CC1CC(C2)(C3)P(Cc1ccccc1CP(C12CC3CC(CC(C3)C1)C2)C12CC3CC(CC(C3)C1)C2)C12CC3CC(CC(C3)C1)C2,"[10, 19]",[],1.1339172041134945e-30
34,bottom,CC1CCC(C(C)C)C(C1)P(CCCP(C1CC(C)CCC1C(C)C)C1CC(C)CCC1C(C)C)C1CC(C)CCC1C(C)C,"[10, 14]",[],2.5520035535982103e-30
34,bottom,C1CCC(CC1)P(=NCc1cccc(CN=P(C2CCCCC2)(C2CCCCC2)C2CCCCC2)[c-]1)(C1CCCCC1)C1CCCCC1,"[7, 15, 35]","[{'functional_group': 'tribromo', 'smiles_inds': [37]}]",2.9796611375438695e-30
34,bottom,C1C2CC3CC1CC(C2)(C3)P(Cc1cccc(CP(C23CC4CC(CC(C4)C2)C3)C23CC4CC(CC(C4)C2)C3)n1)C12CC3CC(CC(C3)C1)C2,"[10, 18, 39]",[],6.386413641880224e-30
34,bottom,C[Si](C)(C)c1cc2ccccc2c2c1OP(Oc1ccc3ccccc3c1c1c(OP3Oc4c(cc5ccccc5c4c4c(O3)c(cc3ccccc43)[Si](C)(C)C)[Si](C)(C)C)ccc3ccccc13)Oc1c(cc3ccccc3c21)[Si](C)(C)C,"[30, 15]",[],2.676109053485611e-29
34,bottom,C1C2CC3CC1CC(C2)(C3)P(Cc1cccc(CP(C23CC4CC(CC(C4)C2)C3)C23CC4CC(CC(C4)C2)C3)[c-]1)C12CC3CC(CC(C3)C1)C2,"[10, 18, 39]",[],3.4408671464111323e-29
34,median,CC(C)([N-]C(=O)C(F)(F)F)c1ccccn1,"[7, 15, 3]",[],0.1167083457100731
34,median,OCc1ccc(cn1)c1ccc(cc1)C(=O)[O-],"[0, 7]","[{'functional_group': 'trifluro', 'smiles_inds': [6]}, {'functional_group': 'carboxylate', 'smiles_inds': [9]}]",0.11677570226757614
34,median,CCCCN1c2ccc(OC)cc2N=C1c1ccc2cccc([O-])c2n1,"[23, 4, 13]","[{'functional_group': 'fluoro', 'smiles_inds': [1]}]",0.11681936080414813
34,median,FC(F)(F)C1=NC(=S)[N-]C(=C1)c1ccccc1,"[7, 8]",[],0.1168591994567193
34,median,CC(C)NC(=O)[N-]CCN(C)CC[N-]C(=O)NC(C)C,"[9, 6, 13]","[{'functional_group': 'hydroxyl', 'smiles_inds': [18]}]",0.11689169481149674
34,median,COc1ccccc1N=Cc1cc(cc(c1[O-])N(=O)=O)C(C)(C)C,"[8, 1, 16]","[{'functional_group': 'ethyl_ester', 'smiles_inds': [6]}]",0.11689703734592237
34,median,CCSCc1cccc(CSCC)n1,"[13, 2, 10]",[],0.11695884307946773
34,median,c1cc([c-]c(c1)C12N=CC3C4C1[S+2]234)C12N=CC3C4C1[S+2]234,"[7, 14, 3]","[{'functional_group': 'amino', 'smiles_inds': [5]}, {'functional_group': 'tribromo', 'smiles_inds': [8]}]",0.11697399211516654
34,median,CN1c2ccccc2N=C1c1ncccc1C,"[1, 8]",[],0.11698439703650257
34,median,CC(C)CNC(=S)c1ccccc1,[6],[],0.1169847033902209
34,median,C[Sb](Br)Br,[1],[],0.1170690807544069
34,median,N1C=Nc2c[nH+]cnc12,[2],"[{'functional_group': 'thiol', 'smiles_inds': [6]}]",0.11714025135919931
34,median,O=C(Nc1ccccc1)Nc1ccccn1,[15],[],0.1171996917507
34,median,N1c2ccccc2N=C1c1cccc(n1)N1C=CC=N1,"[19, 15, 7]",[],0.11727488242988801
34,median,c1cc([c-]c(c1)C12N=CC3C4C1[S+2]234)C12N=CC3C4C1[S+2]234,"[7, 14, 3]","[{'functional_group': 'carboxylate', 'smiles_inds': [5]}, {'functional_group': 'carboxylate', 'smiles_inds': [0]}, {'functional_group': 'carboxylate', 'smiles_inds': [1]}, {'functional_group': 'amino', 'smiles_inds': [17]}, {'functional_group': 'amino', 'smiles_inds': [15]}, {'functional_group': 'chloro', 'smiles_inds': [8]}, {'functional_group': 'tribromo', 'smiles_inds': [10]}, {'functional_group': 'tribromo', 'smiles_inds': [16]}]",0.11728074063422589
34,median,Cc1cc(C)c2ccc(N)nc2n1,"[12, 10]","[{'functional_group': 'carboxyllic_acid', 'smiles_inds': [6]}]",0.11728899559660876
34,median,C1CCOCCOCCOCCOc2cccc(c2)c2ccc(nc2)c2ccc(cn2)c2cccc(OCCOCCOCCOC1)c2,"[30, 23]",[],0.11730214494538069
34,median,CC[NH+]1CCN(CC1)c1cc2N(C=C(C(=O)[O-])C(=O)c2cc1F)C1CC1,"[18, 16]","[{'functional_group': 'ethyl_ester', 'smiles_inds': [25]}]",0.11730569174187751
34,median,c1cc([c-]c(c1)C12N=CC3C4C1[S+2]234)C12N=CC3C4C1[S+2]234,"[7, 14, 3]","[{'functional_group': 'bromo', 'smiles_inds': [10]}, {'functional_group': 'fluoro', 'smiles_inds': [16]}]",0.1173158896549257
34,median,CC1(C)COC(=N1)C(=O)[N-]C(C)(C)C[O-],"[6, 9, 14]","[{'functional_group': 'bromo', 'smiles_inds': [12]}]",0.1174655712907741
34,top,[nH+]1cc[nH+]c2c1c1cccnc1c1ncccc21,"[13, 10]","[{'functional_group': 'cyano', 'smiles_inds': [1]}, {'functional_group': 'carboxylate', 'smiles_inds': [9]}, {'functional_group': 'carboxylate', 'smiles_inds': [7]}, {'functional_group': 'carboxylate', 'smiles_inds': [15]}, {'functional_group': 'tribromo', 'smiles_inds': [3]}, {'functional_group': '2-hydroxypyridine', 'smiles_inds': [16]}, {'functional_group': 'chloro', 'smiles_inds': [14]}]",0.9999999999870894
34,top,[nH+]1cc[nH+]c2c1c1cccnc1c1ncccc21,"[13, 10]","[{'functional_group': 'cyano', 'smiles_inds': [1]}, {'functional_group': 'carboxylate', 'smiles_inds': [9]}, {'functional_group': 'carboxylate', 'smiles_inds': [7]}, {'functional_group': 'carboxylate', 'smiles_inds': [15]}, {'functional_group': 'tribromo', 'smiles_inds': [3]}, {'functional_group': '2-hydroxypyridine', 'smiles_inds': [16]}, {'functional_group': 'cyano', 'smiles_inds': [0]}, {'functional_group': 'chloro', 'smiles_inds': [2]}, {'functional_group': 'thiol', 'smiles_inds': [14]}]",0.9999999999876028
34,top,CC[NH+]1CCN(CC1)c1cc2N(C=C(C(=O)[O-])C(=O)c2cc1F)C1CC1,"[18, 16]","[{'functional_group': 'methyl', 'smiles_inds': [9]}, {'functional_group': 'iodo', 'smiles_inds': [7]}, {'functional_group': 'carboxylate', 'smiles_inds': [20]}, {'functional_group': 'carboxylate', 'smiles_inds': [12]}, {'functional_group': 'cyano', 'smiles_inds': [2]}, {'functional_group': 'trifluro', 'smiles_inds': [23]}, {'functional_group': 'amino', 'smiles_inds': [0]}, {'functional_group': 'chloro', 'smiles_inds': [4]}, {'functional_group': 'cyano', 'smiles_inds': [6]}, {'functional_group': 'ether', 'smiles_inds': [24]}, {'functional_group': 'cyanimide', 'smiles_inds': [3]}]",0.9999999999878475
34,top,[nH+]1cc[nH+]c2c1c1cccnc1c1ncccc21,"[13, 10]","[{'functional_group': 'cyano', 'smiles_inds': [1]}, {'functional_group': 'carboxylate', 'smiles_inds': [9]}, {'functional_group': 'carboxylate', 'smiles_inds': [7]}, {'functional_group': 'carboxylate', 'smiles_inds': [15]}, {'functional_group': 'tribromo', 'smiles_inds': [3]}, {'functional_group': '2-hydroxypyridine', 'smiles_inds': [16]}, {'functional_group': 'cyano', 'smiles_inds': [0]}, {'functional_group': 'amide', 'smiles_inds': [14]}]",0.9999999999889126
34,top,[nH+]1cc[nH+]c2c1c1cccnc1c1ncccc21,"[13, 10]","[{'functional_group': 'cyano', 'smiles_inds': [1]}, {'functional_group': 'carboxylate', 'smiles_inds': [9]}, {'functional_group': 'carboxylate', 'smiles_inds': [7]}, {'functional_group': 'carboxylate', 'smiles_inds': [15]}, {'functional_group': 'tribromo', 'smiles_inds': [3]}, {'functional_group': '2-hydroxypyridine', 'smiles_inds': [16]}, {'functional_group': 'iodo', 'smiles_inds': [2]}, {'functional_group': 'bromo', 'smiles_inds': [0]}]",0.9999999999897955
34,top,[nH+]1cc[nH+]c2c1c1cccnc1c1ncccc21,"[13, 10]","[{'functional_group': 'cyano', 'smiles_inds': [1]}, {'functional_group': 'carboxylate', 'smiles_inds': [9]}, {'functional_group': 'carboxylate', 'smiles_inds': [7]}, {'functional_group': 'carboxylate', 'smiles_inds': [15]}, {'functional_group': 'tribromo', 'smiles_inds': [3]}, {'functional_group': '2-hydroxypyridine', 'smiles_inds': [16]}, {'functional_group': 'cyano', 'smiles_inds': [0]}, {'functional_group': 'fluoro', 'smiles_inds': [14]}]",0.9999999999900755
34,top,[nH+]1cc[nH+]c2c1c1cccnc1c1ncccc21,"[13, 10]","[{'functional_group': 'cyano', 'smiles_inds': [1]}, {'functional_group': 'carboxylate', 'smiles_inds': [9]}, {'functional_group': 'carboxylate', 'smiles_inds': [7]}, {'functional_group': 'carboxylate', 'smiles_inds': [15]}, {'functional_group': 'tribromo', 'smiles_inds': [3]}, {'functional_group': '2-hydroxypyridine', 'smiles_inds': [16]}, {'functional_group': 'cyano', 'smiles_inds': [2]}]",0.9999999999907385
34,top,[nH+]1cc[nH+]c2c1c1cccnc1c1ncccc21,"[13, 10]","[{'functional_group': 'cyano', 'smiles_inds': [1]}, {'functional_group': 'carboxylate', 'smiles_inds': [9]}, {'functional_group': 'carboxylate', 'smiles_inds': [7]}, {'functional_group': 'carboxylate', 'smiles_inds': [15]}, {'functional_group': 'tribromo', 'smiles_inds': [3]}, {'functional_group': '2-hydroxypyridine', 'smiles_inds': [16]}, {'functional_group': 'cyano', 'smiles_inds': [0]}, {'functional_group': 'chloro', 'smiles_inds': [2]}, {'functional_group': 'cyanimide', 'smiles_inds': [8]}]",0.999999999991716
34,top,O=C1[N-][NH+]2CN3CN(C2)[N-]C(=O)C(=O)[N-]N2C[NH+](CN(C2)[N-]C(=O)C(=O)[N-]3)[N-]C1=O,"[2, 9, 14, 26, 21, 27]","[{'functional_group': 'iodo', 'smiles_inds': [17]}]",0.9999999999931506
34,top,[nH+]1cc[nH+]c2c1c1cccnc1c1ncccc21,"[13, 10]","[{'functional_group': 'cyano', 'smiles_inds': [1]}, {'functional_group': 'carboxylate', 'smiles_inds': [9]}, {'functional_group': 'carboxylate', 'smiles_inds': [7]}, {'functional_group': 'carboxylate', 'smiles_inds': [15]}, {'functional_group': 'tribromo', 'smiles_inds': [3]}, {'functional_group': '2-hydroxypyridine', 'smiles_inds': [16]}, {'functional_group': 'cyano', 'smiles_inds': [0]}, {'functional_group': 'ethyl', 'smiles_inds': [14]}]",0.9999999999938478
34,top,[nH+]1cc[nH+]c2c1c1cccnc1c1ncccc21,"[13, 10]","[{'functional_group': 'cyano', 'smiles_inds': [1]}, {'functional_group': 'carboxylate', 'smiles_inds': [9]}, {'functional_group': 'carboxylate', 'smiles_inds': [7]}, {'functional_group': 'carboxylate', 'smiles_inds': [15]}, {'functional_group': 'tribromo', 'smiles_inds': [3]}, {'functional_group': '2-hydroxypyridine', 'smiles_inds': [16]}, {'functional_group': 'ketone', 'smiles_inds': [2]}]",0.9999999999944289
34,top,[nH+]1cc[nH+]c2c1c1cccnc1c1ncccc21,"[13, 10]","[{'functional_group': 'cyano', 'smiles_inds': [1]}, {'functional_group': 'carboxylate', 'smiles_inds': [9]}, {'functional_group': 'carboxylate', 'smiles_inds': [7]}, {'functional_group': 'carboxylate', 'smiles_inds': [15]}, {'functional_group': 'tribromo', 'smiles_inds': [3]}, {'functional_group': '2-hydroxypyridine', 'smiles_inds': [16]}, {'functional_group': 'chloro', 'smiles_inds': [2]}]",0.9999999999955698
34,top,[nH+]1cccnc1c1[nH+]cccn1,"[4, 11]","[{'functional_group': '2-hydroxypyridine', 'smiles_inds': [1]}, {'functional_group': 'carboxylate', 'smiles_inds': [8]}, {'functional_group': 'carboxylate', 'smiles_inds': [10]}, {'functional_group': 'amino', 'smiles_inds': [9]}, {'functional_group': 'bromo', 'smiles_inds': [7]}, {'functional_group': 'aldehyde', 'smiles_inds': [3]}, {'functional_group': 'phosphonate', 'smiles_inds': [2]}]",0.9999999999957219
34,top,[nH+]1cc[nH+]c2c1c1cccnc1c1ncccc21,"[13, 10]","[{'functional_group': 'cyano', 'smiles_inds': [1]}, {'functional_group': 'carboxylate', 'smiles_inds': [9]}, {'functional_group': 'carboxylate', 'smiles_inds': [7]}, {'functional_group': 'carboxylate', 'smiles_inds': [15]}, {'functional_group': 'tribromo', 'smiles_inds': [3]}, {'functional_group': '2-hydroxypyridine', 'smiles_inds': [16]}, {'functional_group': 'bromo', 'smiles_inds': [14]}]",0.9999999999960938
34,top,[nH+]1cc[nH+]c2c1c1cccnc1c1ncccc21,"[13, 10]","[{'functional_group': 'cyano', 'smiles_inds': [1]}, {'functional_group': 'carboxylate', 'smiles_inds': [9]}, {'functional_group': 'carboxylate', 'smiles_inds': [7]}, {'functional_group': 'carboxylate', 'smiles_inds': [15]}, {'functional_group': 'tribromo', 'smiles_inds': [3]}, {'functional_group': '2-hydroxypyridine', 'smiles_inds': [16]}, {'functional_group': 'cyano', 'smiles_inds': [0]}, {'functional_group': 'carboxylate', 'smiles_inds': [14]}, {'functional_group': '2-methylbenzoic_acid', 'smiles_inds': [2]}]",0.999999999997154
34,top,[nH+]1cc[nH+]c2c1c1cccnc1c1ncccc21,"[13, 10]","[{'functional_group': 'cyano', 'smiles_inds': [1]}, {'functional_group': 'carboxylate', 'smiles_inds': [9]}, {'functional_group': 'carboxylate', 'smiles_inds': [7]}, {'functional_group': 'carboxylate', 'smiles_inds': [15]}, {'functional_group': 'tribromo', 'smiles_inds': [3]}, {'functional_group': '2-hydroxypyridine', 'smiles_inds': [16]}, {'functional_group': 'cyano', 'smiles_inds': [0]}, {'functional_group': 'iodo', 'smiles_inds': [2]}]",0.9999999999975051
34,top,[nH+]1cc[nH+]c2c1c1cccnc1c1ncccc21,"[13, 10]","[{'functional_group': 'cyano', 'smiles_inds': [1]}, {'functional_group': 'carboxylate', 'smiles_inds': [9]}, {'functional_group': 'carboxylate', 'smiles_inds': [7]}, {'functional_group': 'carboxylate', 'smiles_inds': [15]}, {'functional_group': 'tribromo', 'smiles_inds': [3]}, {'functional_group': '2-hydroxypyridine', 'smiles_inds': [16]}, {'functional_group': 'cyano', 'smiles_inds': [0]}, {'functional_group': 'carboxyllic_acid', 'smiles_inds': [8]}, {'functional_group': 'phosphonate', 'smiles_inds': [14]}, {'functional_group': 'chloro', 'smiles_inds': [2]}]",0.9999999999976057
34,top,[nH+]1cc[nH+]c2c1c1cccnc1c1ncccc21,"[13, 10]","[{'functional_group': 'cyano', 'smiles_inds': [1]}, {'functional_group': 'carboxylate', 'smiles_inds': [9]}, {'functional_group': 'carboxylate', 'smiles_inds': [7]}, {'functional_group': 'carboxylate', 'smiles_inds': [15]}, {'functional_group': 'tribromo', 'smiles_inds': [3]}, {'functional_group': '2-hydroxypyridine', 'smiles_inds': [16]}, {'functional_group': 'ketone', 'smiles_inds': [8]}]",0.999999999999073
34,top,[nH+]1cc[nH+]c2c1c1cccnc1c1ncccc21,"[13, 10]","[{'functional_group': 'cyano', 'smiles_inds': [1]}, {'functional_group': 'carboxylate', 'smiles_inds': [9]}, {'functional_group': 'carboxylate', 'smiles_inds': [7]}, {'functional_group': 'carboxylate', 'smiles_inds': [15]}, {'functional_group': 'tribromo', 'smiles_inds': [3]}, {'functional_group': '2-hydroxypyridine', 'smiles_inds': [16]}, {'functional_group': 'fluoro', 'smiles_inds': [2]}, {'functional_group': 'carboxylate', 'smiles_inds': [14]}]",0.9999999999999292
34,top,[nH+]1cc[nH+]c2c1c1cccnc1c1ncccc21,"[13, 10]","[{'functional_group': 'cyano', 'smiles_inds': [1]}, {'functional_group': 'carboxylate', 'smiles_inds': [9]}, {'functional_group': 'carboxylate', 'smiles_inds': [7]}, {'functional_group': 'carboxylate', 'smiles_inds': [15]}, {'functional_group': 'tribromo', 'smiles_inds': [3]}, {'functional_group': '2-hydroxypyridine', 'smiles_inds': [16]}, {'functional_group': 'cyano', 'smiles_inds': [0]}, {'functional_group': '2-hydroxypyridine', 'smiles_inds': [2]}]",0.9999999999999769
35,bottom,CC1(N=C(c2ccccc2)C23C4=C5C6=C7C8=C9C%10=C%11C%12=C%13C%14=C%11C8=C6C6=C4C4=C8C%11=C%15C%16=C(C%17=C%12C%12=C%10C%10=C9C9=C7C7=C5C2=C2C5=C%18C%19=C%20C(=C%12C%17=C%12C%20=C%17C(=C%16%12)C%11=C(C2=C%18%17)C138)C%10=C%19C9=C75)C%13=C%15C4=C%146)C(=O)[O-],"[72, 2]","[{'functional_group': 'phosphonate', 'smiles_inds': [6]}]",1.6379830243093563e-85
35,bottom,CN1CC23c4c5c6c7c8c9c%10c%11c%12c%13c%14c%10c%10c%15c%14c%14c%16c%13c%13c%12c%12c%17c%11c9c9c%11c%17c%17c%12c%12c%13c%13c%16c%16c%14c%14c%15c(c6c8%10)c4c%14c4c%16c6c%13c%12c8c%17c%10c%11c(c79)c5c2c%10c8c6C34C1c1ccncc1,[67],"[{'functional_group': 'carbonyl', 'smiles_inds': [66]}]",8.828616190311803e-85
35,bottom,C[Si](C)(C)c1cc(cc(c1)[Si](C#CP(C#C[Si](c1cc(cc(c1)[Si](C)(C)C)[Si](C)(C)C)(c1cc(cc(c1)[Si](C)(C)C)[Si](C)(C)C)c1cc(cc(c1)[Si](C)(C)C)[Si](C)(C)C)C#C[Si](c1cc(cc(c1)[Si](C)(C)C)[Si](C)(C)C)(c1cc(cc(c1)[Si](C)(C)C)[Si](C)(C)C)c1cc(cc(c1)[Si](C)(C)C)[Si](C)(C)C)(c1cc(cc(c1)[Si](C)(C)C)[Si](C)(C)C)c1cc(cc(c1)[Si](C)(C)C)[Si](C)(C)C)[Si](C)(C)C,[13],"[{'functional_group': '2-methylbenzoic_acid', 'smiles_inds': [135]}]",2.5974087676216595e-79
35,bottom,C[Si](C)(C)c1cc(cc(c1)[Si](C#CP(C#C[Si](c1cc(cc(c1)[Si](C)(C)C)[Si](C)(C)C)(c1cc(cc(c1)[Si](C)(C)C)[Si](C)(C)C)c1cc(cc(c1)[Si](C)(C)C)[Si](C)(C)C)C#C[Si](c1cc(cc(c1)[Si](C)(C)C)[Si](C)(C)C)(c1cc(cc(c1)[Si](C)(C)C)[Si](C)(C)C)c1cc(cc(c1)[Si](C)(C)C)[Si](C)(C)C)(c1cc(cc(c1)[Si](C)(C)C)[Si](C)(C)C)c1cc(cc(c1)[Si](C)(C)C)[Si](C)(C)C)[Si](C)(C)C,[13],"[{'functional_group': 'ethyl_ester', 'smiles_inds': [109]}, {'functional_group': 'carboxyl', 'smiles_inds': [48]}]",1.810916455631618e-78
35,bottom,Cc1cc(C)c(B(CCCP(CCCB(c2c(C)cc(C)cc2C)c2c(C)cc(C)cc2C)CCP(CCCB(c2c(C)cc(C)cc2C)c2c(C)cc(C)cc2C)CCCB(c2c(C)cc(C)cc2C)c2c(C)cc(C)cc2C)c2c(C)cc(C)cc2C)c(C)c1,"[35, 10]","[{'functional_group': 'tribromo', 'smiles_inds': [17]}]",1.111991923599284e-39
35,bottom,Cc1cc(C)c(B(CCCP(CCCB(c2c(C)cc(C)cc2C)c2c(C)cc(C)cc2C)CCP(CCCB(c2c(C)cc(C)cc2C)c2c(C)cc(C)cc2C)CCCB(c2c(C)cc(C)cc2C)c2c(C)cc(C)cc2C)c2c(C)cc(C)cc2C)c(C)c1,"[35, 10]",[],6.940020676532853e-39
35,bottom,CC(C)(C)c1cc2c3cc(cc4c5cc(cc6c7cc(cc8c9cc(cc%10c%11cc(cc%12c(c1)c2c1c(c34)c(c56)c(c78)c(c9%10)c1c%11%12)C(C)(C)C)C(C)(C)C)C(C)(C)C)C(C)(C)C)c1ccc(nc1)c1ccccn1,"[66, 73]","[{'functional_group': 'carbonyl', 'smiles_inds': [51]}]",2.4683739865327685e-35
35,bottom,CC(C)(C)c1cc2c3cc(cc4c5cc(cc6c7cc(cc8c9cc(cc%10c%11cc(cc%12c(c1)c2c1c(c34)c(c56)c(c78)c(c9%10)c1c%11%12)C(C)(C)C)C(C)(C)C)C(C)(C)C)C(C)(C)C)c1ccc(nc1)c1ccccn1,"[66, 73]","[{'functional_group': 'phosphonate', 'smiles_inds': [61]}]",1.1944306028092406e-34
35,bottom,CC(C)(C)c1cc(CP(C23CC4CC(CC(C4)C2)C3)C23CC4CC(CC(C4)C2)C3)c2[N-]c3c(CP(C45CC6CC(CC(C6)C4)C5)C45CC6CC(CC(C6)C4)C5)cc(cc3c2c1)C(C)(C)C,"[34, 8, 30]","[{'functional_group': 'ethyl_ester', 'smiles_inds': [18]}]",2.532116635150811e-34
35,bottom,C[Si](C)(C)C(c1cc(C([Si](C)(C)C)[Si](C)(C)C)c([Se]c2ccccc2[Se]c2ccccc2[Se]c2ccccc2[Se]c2c(cc(cc2C([Si](C)(C)C)[Si](C)(C)C)C([Si](C)(C)C)[Si](C)(C)C)C([Si](C)(C)C)[Si](C)(C)C)c(c1)C([Si](C)(C)C)[Si](C)(C)C)[Si](C)(C)C,"[25, 32]","[{'functional_group': '2-methylbenzoic_acid', 'smiles_inds': [23]}, {'functional_group': 'methyl_ester', 'smiles_inds': [63]}]",5.0986399601158484e-33
35,bottom,C1CCC(CC1)B(CCCP(CCCB(C1CCCCC1)C1CCCCC1)CCP(CCCB(C1CCCCC1)C1CCCCC1)CCCB(C1CCCCC1)C1CCCCC1)C1CCCCC1,"[10, 29]","[{'functional_group': 'iodo', 'smiles_inds': [59]}, {'functional_group': 'chloro', 'smiles_inds': [54]}]",6.348652678415662e-33
35,bottom,O=P(CCP(CCP(C1CCCCC1)C1CCCCC1)CCP(C1CCCCC1)C1CCCCC1)(C1CCCCC1)C1CCCCC1,"[4, 7, 22]","[{'functional_group': 'ethyl_ester', 'smiles_inds': [13]}, {'functional_group': '2-hydroxypyridine', 'smiles_inds': [6]}]",1.2680498864644754e-32
35,bottom,C1C2CC3CC1CC(C2)(C3)P(Cc1cccc(CP(C23CC4CC(CC(C4)C2)C3)C23CC4CC(CC(C4)C2)C3)n1)C12CC3CC(CC(C3)C1)C2,"[10, 18, 39]","[{'functional_group': 'phenyl', 'smiles_inds': [5]}]",3.8407511481496593e-31
35,bottom,C[Si](C)(C)c1cc2ccccc2c2c1OP(Oc1ccc3ccccc3c1c1c(OP3Oc4c(cc5ccccc5c4c4c(O3)c(cc3ccccc43)[Si](C)(C)C)[Si](C)(C)C)ccc3ccccc13)Oc1c(cc3ccccc3c21)[Si](C)(C)C,"[30, 15]","[{'functional_group': 'methyl_ester', 'smiles_inds': [77]}, {'functional_group': 'ethyl', 'smiles_inds': [7]}]",4.888270146080076e-31
35,bottom,C[Si](C)(C)C(c1cc(C([Si](C)(C)C)[Si](C)(C)C)c(Sc2ccccc2[Se]c2ccccc2[Se]c2ccccc2Sc2c(cc(cc2C([Si](C)(C)C)[Si](C)(C)C)C([Si](C)(C)C)[Si](C)(C)C)C([Si](C)(C)C)[Si](C)(C)C)c(c1)C([Si](C)(C)C)[Si](C)(C)C)[Si](C)(C)C,"[25, 32]",[],9.651562778123723e-31
35,bottom,C[Si](C)(C)C(c1cc(C([Si](C)(C)C)[Si](C)(C)C)c([Se]c2ccccc2[Se]c2ccccc2[Se]c2ccccc2[Se]c2c(cc(cc2C([Si](C)(C)C)[Si](C)(C)C)C([Si](C)(C)C)[Si](C)(C)C)C([Si](C)(C)C)[Si](C)(C)C)c(c1)C([Si](C)(C)C)[Si](C)(C)C)[Si](C)(C)C,"[25, 32]",[],1.0076727189655098e-30
35,bottom,C1C2CC3CC1CC(C2)(C3)P(Cc1ccccc1CP(C12CC3CC(CC(C3)C1)C2)C12CC3CC(CC(C3)C1)C2)C12CC3CC(CC(C3)C1)C2,"[10, 19]","[{'functional_group': 'trichloro', 'smiles_inds': [9]}]",1.2447082849676475e-30
35,bottom,CC(P(C1CCCCC1)C1CCCCC1)[P](C1CCCCC1)(C1CCCCC1)C1CCCCC1,[2],"[{'functional_group': '2-methylbenzoic_acid', 'smiles_inds': [12]}]",5.218325010276107e-30
35,bottom,CC1CCC(C(C)C)C(C1)P(CCCP(C1CC(C)CCC1C(C)C)C1CC(C)CCC1C(C)C)C1CC(C)CCC1C(C)C,"[10, 14]",[],6.365497563151818e-30
35,bottom,C(CP(C12CC3CC(CC(C3)C1)C2)C12CC3CC(CC(C3)C1)C2)NCCP(C12CC3CC(CC(C3)C1)C2)C12CC3CC(CC(C3)C1)C2,"[2, 26, 23]","[{'functional_group': 'aldehyde', 'smiles_inds': [34]}]",1.980340690380272e-29
35,median,CSCC(=O)N(C)Cc1ccccn1,"[4, 13]","[{'functional_group': 'methyl', 'smiles_inds': [6]}, {'functional_group': '2-methylbenzoic_acid', 'smiles_inds': [10]}]",0.10939227416790677
35,median,C[Ge](C)C1c2ccccc2[CH-]c2ccccc12,"[1, 10]",[],0.10946816812338937
35,median,Nc1[nH+]cnc2N=CNc12,[6],"[{'functional_group': 'tribromo', 'smiles_inds': [7]}]",0.1094698817497966
35,median,[O-]C(C1CCCC(N1)C([O-])(c1ccccc1)c1ccccc1)(c1ccccc1)c1ccccc1,"[9, 0, 7]",[],0.10952152530730683
35,median,CCOC(=O)C(N)C[S-],"[8, 6]",[],0.10954763806164708
35,median,Clc1cc(C(c2ccccc2)c2ccccc2)c(N=C2CCCCc3cc4CCCCC(=O)c4nc23)c(c1)C(c1ccccc1)c1ccccc1,"[32, 34, 18]",[],0.10955984592754911
35,median,CC(C)(C)OC(=O)[N-]C(c1ccc(cc1)C(F)(F)F)c1cccc(C=Cc2ccc(F)cc2)c1c1ccccn1,"[39, 6, 7]","[{'functional_group': 'hydroxyl', 'smiles_inds': [14]}]",0.1095964759465158
35,median,FC(F)(F)c1ccccc1P(c1ccccc1)c1ccccc1,[10],[],0.10961132590487918
35,median,Cc1ccn(C=C)n1,[7],[],0.10964769650142107
35,median,O=C(Nc1cccc(c1)C#N)Nc1ccccn1,"[0, 17]",[],0.10982121500854888
35,median,NC(C#N)=C(N=Cc1cc(ccc1[O-])N(=O)=O)C#N,"[5, 13, 0]","[{'functional_group': 'cyano', 'smiles_inds': [10]}, {'functional_group': 'trichloro', 'smiles_inds': [11]}]",0.10997576040544488
35,median,CC(C)(C(=O)[O-])C1=NC(=CN1)C(O)(C1=[NH+]C=CN1)C1=NC=CN1,"[5, 7, 19]","[{'functional_group': 'phosphonate', 'smiles_inds': [12]}]",0.11003392198741825
35,median,CC(=N)NC1(N=C(N)c2ccccc12)N=C1N=C(N)c2ccccc12,"[5, 16, 2]","[{'functional_group': 'ether', 'smiles_inds': [7]}, {'functional_group': 'tribromo', 'smiles_inds': [22]}]",0.11007179995159787
35,median,CC(=O)C1=C(C)C(=CC2=C(C)C(=C(C)[N-]2)C(C)=O)N=C1C,"[18, 14]","[{'functional_group': 'tribromo', 'smiles_inds': [5]}]",0.11012270706806906
35,median,CCOC(=O)[CH-]Cc1ccccc1CC(C)(C)N,"[17, 5]",[],0.1101237052516028
35,median,O=C1c2ccccc2c2ccccc12,[0],"[{'functional_group': 'carbonyl', 'smiles_inds': [5]}]",0.1101309546418351
35,median,NC(=O)c1cc2cccnc2c2ncccc12,"[9, 12]","[{'functional_group': 'ethyl', 'smiles_inds': [7]}, {'functional_group': 'phenyl', 'smiles_inds': [0]}]",0.11013540885819358
35,median,[O-]C(=NN=C(C=Cc1ccccc1)c1ccccc1)c1ccccc1,"[0, 3]",[],0.1101672942056653
35,median,CC[NH+]1CCN(CC1)c1cc2N(C=C(C(=O)[O-])C(=O)c2cc1F)C1CC1,"[18, 16]","[{'functional_group': 'hydroxyl', 'smiles_inds': [25]}, {'functional_group': 'carboxyl', 'smiles_inds': [24]}]",0.11026041442002464
35,median,CN1C(=C(N=Nc2cccnc2)C(=O)N(C)C1=O)N,"[18, 5]","[{'functional_group': 'hydroxyl', 'smiles_inds': [8]}]",0.11028252169861065
35,top,[nH+]1cc[nH+]c2c1c1cccnc1c1ncccc21,"[13, 10]","[{'functional_group': 'cyano', 'smiles_inds': [1]}, {'functional_group': 'carboxylate', 'smiles_inds': [9]}, {'functional_group': 'carboxylate', 'smiles_inds': [7]}, {'functional_group': 'carboxylate', 'smiles_inds': [15]}, {'functional_group': 'tribromo', 'smiles_inds': [3]}, {'functional_group': '2-hydroxypyridine', 'smiles_inds': [16]}, {'functional_group': 'cyano', 'smiles_inds': [0]}, {'functional_group': 'trifluro', 'smiles_inds': [2]}]",0.9999999999874869
35,top,[nH+]1cc[nH+]c2c1c1cccnc1c1ncccc21,"[13, 10]","[{'functional_group': 'cyano', 'smiles_inds': [1]}, {'functional_group': 'carboxylate', 'smiles_inds': [9]}, {'functional_group': 'carboxylate', 'smiles_inds': [7]}, {'functional_group': 'carboxylate', 'smiles_inds': [15]}, {'functional_group': 'tribromo', 'smiles_inds': [3]}, {'functional_group': '2-hydroxypyridine', 'smiles_inds': [16]}, {'functional_group': 'iodo', 'smiles_inds': [0]}]",0.9999999999885076
35,top,[nH+]1cc[nH+]c2c1c1cccnc1c1ncccc21,"[13, 10]","[{'functional_group': 'cyano', 'smiles_inds': [1]}, {'functional_group': 'carboxylate', 'smiles_inds': [9]}, {'functional_group': 'carboxylate', 'smiles_inds': [7]}, {'functional_group': 'carboxylate', 'smiles_inds': [15]}, {'functional_group': 'tribromo', 'smiles_inds': [3]}, {'functional_group': '2-hydroxypyridine', 'smiles_inds': [16]}, {'functional_group': 'ether', 'smiles_inds': [14]}, {'functional_group': 'bromo', 'smiles_inds': [8]}]",0.9999999999906999
35,top,[nH+]1cc[nH+]c2c1c1cccnc1c1ncccc21,"[13, 10]","[{'functional_group': 'cyano', 'smiles_inds': [1]}, {'functional_group': 'carboxylate', 'smiles_inds': [9]}, {'functional_group': 'carboxylate', 'smiles_inds': [7]}, {'functional_group': 'carboxylate', 'smiles_inds': [15]}, {'functional_group': 'tribromo', 'smiles_inds': [3]}, {'functional_group': '2-hydroxypyridine', 'smiles_inds': [16]}, {'functional_group': 'cyano', 'smiles_inds': [0]}, {'functional_group': 'amide', 'smiles_inds': [14]}]",0.9999999999909686
35,top,[nH+]1cc[nH+]c2c1c1cccnc1c1ncccc21,"[13, 10]","[{'functional_group': 'cyano', 'smiles_inds': [1]}, {'functional_group': 'carboxylate', 'smiles_inds': [9]}, {'functional_group': 'carboxylate', 'smiles_inds': [7]}, {'functional_group': 'carboxylate', 'smiles_inds': [15]}, {'functional_group': 'tribromo', 'smiles_inds': [3]}, {'functional_group': '2-hydroxypyridine', 'smiles_inds': [16]}, {'functional_group': 'cyano', 'smiles_inds': [0]}, {'functional_group': 'hydroxyl', 'smiles_inds': [14]}, {'functional_group': 'phenyl', 'smiles_inds': [8]}, {'functional_group': 'cyano', 'smiles_inds': [2]}]",0.9999999999925309
35,top,[nH+]1cc[nH+]c2c1c1cccnc1c1ncccc21,"[13, 10]","[{'functional_group': 'cyano', 'smiles_inds': [1]}, {'functional_group': 'carboxylate', 'smiles_inds': [9]}, {'functional_group': 'carboxylate', 'smiles_inds': [7]}, {'functional_group': 'carboxylate', 'smiles_inds': [15]}, {'functional_group': 'tribromo', 'smiles_inds': [3]}, {'functional_group': '2-hydroxypyridine', 'smiles_inds': [16]}, {'functional_group': 'cyano', 'smiles_inds': [0]}, {'functional_group': 'amide', 'smiles_inds': [2]}, {'functional_group': 'carboxylate', 'smiles_inds': [14]}]",0.9999999999931286
35,top,[nH+]1cc[nH+]c2c1c1cccnc1c1ncccc21,"[13, 10]","[{'functional_group': 'cyano', 'smiles_inds': [1]}, {'functional_group': 'carboxylate', 'smiles_inds': [9]}, {'functional_group': 'carboxylate', 'smiles_inds': [7]}, {'functional_group': 'carboxylate', 'smiles_inds': [15]}, {'functional_group': 'tribromo', 'smiles_inds': [3]}, {'functional_group': '2-hydroxypyridine', 'smiles_inds': [16]}, {'functional_group': 'cyano', 'smiles_inds': [0]}, {'functional_group': 'carboxyllic_acid', 'smiles_inds': [14]}]",0.9999999999932321
35,top,CC12CNCN3CN(CN4CC(C)(CNCC(CNC1)(C4)N(=O)=O)C3)C2,"[9, 18, 14, 5, 3, 7]","[{'functional_group': 'trichloro', 'smiles_inds': [20]}]",0.9999999999945912
35,top,[nH+]1cc[nH+]c2c1c1cccnc1c1ncccc21,"[13, 10]","[{'functional_group': 'cyano', 'smiles_inds': [1]}, {'functional_group': 'carboxylate', 'smiles_inds': [9]}, {'functional_group': 'carboxylate', 'smiles_inds': [7]}, {'functional_group': 'carboxylate', 'smiles_inds': [15]}, {'functional_group': 'tribromo', 'smiles_inds': [3]}, {'functional_group': '2-hydroxypyridine', 'smiles_inds': [16]}, {'functional_group': 'cyano', 'smiles_inds': [0]}, {'functional_group': 'carbonyl', 'smiles_inds': [2]}]",0.9999999999949678
35,top,[nH+]1cc[nH+]c2c1c1cccnc1c1ncccc21,"[13, 10]","[{'functional_group': 'cyano', 'smiles_inds': [1]}, {'functional_group': 'carboxylate', 'smiles_inds': [9]}, {'functional_group': 'carboxylate', 'smiles_inds': [7]}, {'functional_group': 'carboxylate', 'smiles_inds': [15]}, {'functional_group': 'tribromo', 'smiles_inds': [3]}, {'functional_group': '2-hydroxypyridine', 'smiles_inds': [16]}, {'functional_group': 'phosphonate', 'smiles_inds': [0]}]",0.9999999999969083
35,top,[nH+]1cc[nH+]c2c1c1cccnc1c1ncccc21,"[13, 10]","[{'functional_group': 'cyano', 'smiles_inds': [1]}, {'functional_group': 'carboxylate', 'smiles_inds': [9]}, {'functional_group': 'carboxylate', 'smiles_inds': [7]}, {'functional_group': 'carboxylate', 'smiles_inds': [15]}, {'functional_group': '2-hydroxypyridine', 'smiles_inds': [16]}]",0.9999999999976723
35,top,CC1(C)C2CCC([CH2-])(C2)C1=NO,"[7, 10]","[{'functional_group': 'cyanimide', 'smiles_inds': [2]}, {'functional_group': 'cyanimide', 'smiles_inds': [4]}, {'functional_group': 'tribromo', 'smiles_inds': [3]}]",0.9999999999978764
35,top,[nH+]1cc[nH+]c2c1c1cccnc1c1ncccc21,"[13, 10]","[{'functional_group': 'cyano', 'smiles_inds': [1]}, {'functional_group': 'carboxylate', 'smiles_inds': [9]}, {'functional_group': 'carboxylate', 'smiles_inds': [7]}, {'functional_group': 'carboxylate', 'smiles_inds': [15]}, {'functional_group': 'tribromo', 'smiles_inds': [3]}, {'functional_group': '2-hydroxypyridine', 'smiles_inds': [16]}, {'functional_group': 'methyl', 'smiles_inds': [8]}, {'functional_group': 'carbonyl', 'smiles_inds': [0]}]",0.9999999999980156
35,top,CN1C=CN=C1C=NCC(C)(CN=CC1=NC=CN1C)CN=CC1=NC=CN1C,"[7, 21, 4, 24, 12, 15]","[{'functional_group': 'carboxylate', 'smiles_inds': [10]}, {'functional_group': 'cyanimide', 'smiles_inds': [6]}, {'functional_group': 'ketone', 'smiles_inds': [17]}]",0.9999999999987359
35,top,[nH+]1cccnc1c1[nH+]cccn1,"[4, 11]","[{'functional_group': '2-hydroxypyridine', 'smiles_inds': [1]}, {'functional_group': 'carboxylate', 'smiles_inds': [8]}, {'functional_group': 'carboxylate', 'smiles_inds': [10]}, {'functional_group': 'amino', 'smiles_inds': [9]}, {'functional_group': 'bromo', 'smiles_inds': [7]}, {'functional_group': 'ethyl', 'smiles_inds': [2]}, {'functional_group': 'carboxylate', 'smiles_inds': [3]}]",0.9999999999992355
35,top,[nH+]1cc[nH+]c2c1c1cccnc1c1ncccc21,"[13, 10]","[{'functional_group': 'cyano', 'smiles_inds': [1]}, {'functional_group': 'carboxylate', 'smiles_inds': [9]}, {'functional_group': 'carboxylate', 'smiles_inds': [7]}, {'functional_group': 'carboxylate', 'smiles_inds': [15]}, {'functional_group': 'tribromo', 'smiles_inds': [3]}, {'functional_group': '2-hydroxypyridine', 'smiles_inds': [16]}, {'functional_group': 'cyano', 'smiles_inds': [0]}, {'functional_group': 'bromo', 'smiles_inds': [2]}, {'functional_group': 'iodo', 'smiles_inds': [14]}]",0.9999999999993954
35,top,[nH+]1cc[nH+]c2c1c1cccnc1c1ncccc21,"[13, 10]","[{'functional_group': 'cyano', 'smiles_inds': [1]}, {'functional_group': 'carboxylate', 'smiles_inds': [9]}, {'functional_group': 'carboxylate', 'smiles_inds': [7]}, {'functional_group': 'carboxylate', 'smiles_inds': [15]}, {'functional_group': 'tribromo', 'smiles_inds': [3]}, {'functional_group': '2-hydroxypyridine', 'smiles_inds': [16]}, {'functional_group': 'phosphonate', 'smiles_inds': [14]}, {'functional_group': 'ethyl', 'smiles_inds': [8]}]",0.9999999999994422
35,top,[nH+]1cccnc1c1[nH+]cccn1,"[4, 11]","[{'functional_group': '2-hydroxypyridine', 'smiles_inds': [1]}, {'functional_group': 'carboxylate', 'smiles_inds': [8]}, {'functional_group': 'carboxylate', 'smiles_inds': [10]}, {'functional_group': 'amino', 'smiles_inds': [9]}, {'functional_group': 'bromo', 'smiles_inds': [7]}, {'functional_group': 'ketone', 'smiles_inds': [3]}, {'functional_group': 'ketone', 'smiles_inds': [2]}]",0.9999999999995577
35,top,[nH+]1cc[nH+]c2c1c1cccnc1c1ncccc21,"[13, 10]","[{'functional_group': 'cyano', 'smiles_inds': [1]}, {'functional_group': 'carboxylate', 'smiles_inds': [9]}, {'functional_group': 'carboxylate', 'smiles_inds': [7]}, {'functional_group': 'carboxylate', 'smiles_inds': [15]}, {'functional_group': 'tribromo', 'smiles_inds': [3]}, {'functional_group': '2-hydroxypyridine', 'smiles_inds': [16]}, {'functional_group': 'cyano', 'smiles_inds': [0]}, {'functional_group': 'amino', 'smiles_inds': [8]}]",0.9999999999997977
35,top,[nH+]1cc[nH+]c2c1c1cccnc1c1ncccc21,"[13, 10]","[{'functional_group': 'cyano', 'smiles_inds': [1]}, {'functional_group': 'carboxylate', 'smiles_inds': [9]}, {'functional_group': 'carboxylate', 'smiles_inds': [7]}, {'functional_group': 'carboxylate', 'smiles_inds': [15]}, {'functional_group': 'tribromo', 'smiles_inds': [3]}, {'functional_group': '2-hydroxypyridine', 'smiles_inds': [16]}, {'functional_group': 'cyano', 'smiles_inds': [0]}, {'functional_group': 'amino', 'smiles_inds': [2]}]",0.999999999999966
36,bottom,C1N(CC23c4c5c6c7c8c9c%10c%11c%12c%13c%14c%10c%10c%15c%14c%14c%16c%13c%13c%12c%12c%17c%11c9c9c%11c%17c%17c%12c%12c%13c%13c%16c%16c%14c%14c%15c(c6c8%10)c4c%14c4c%16c6c%13c%12c8c%17c%10c%11c(c79)c5c2c%10c8c6C134)c1ccncc1,[1],"[{'functional_group': 'trichloro', 'smiles_inds': [0]}, {'functional_group': 'aldehyde', 'smiles_inds': [64]}]",1.352488335265563e-83
36,bottom,CC1(N=C(c2ccccc2)C23C4=C5C6=C7C8=C9C%10=C%11C%12=C%13C%14=C%11C8=C6C6=C4C4=C8C%11=C%15C%16=C(C%17=C%12C%12=C%10C%10=C9C9=C7C7=C5C2=C2C5=C%18C%19=C%20C(=C%12C%17=C%12C%20=C%17C(=C%16%12)C%11=C(C2=C%18%17)C138)C%10=C%19C9=C75)C%13=C%15C4=C%146)C(=O)[O-],"[72, 2]",[],8.109875551664233e-83
36,bottom,C[Si](C)(C)c1cc(cc(c1)[Si](C#CP(C#C[Si](c1cc(cc(c1)[Si](C)(C)C)[Si](C)(C)C)(c1cc(cc(c1)[Si](C)(C)C)[Si](C)(C)C)c1cc(cc(c1)[Si](C)(C)C)[Si](C)(C)C)C#C[Si](c1cc(cc(c1)[Si](C)(C)C)[Si](C)(C)C)(c1cc(cc(c1)[Si](C)(C)C)[Si](C)(C)C)c1cc(cc(c1)[Si](C)(C)C)[Si](C)(C)C)(c1cc(cc(c1)[Si](C)(C)C)[Si](C)(C)C)c1cc(cc(c1)[Si](C)(C)C)[Si](C)(C)C)[Si](C)(C)C,[13],"[{'functional_group': 'fluoro', 'smiles_inds': [42]}, {'functional_group': 'iodo', 'smiles_inds': [63]}]",4.566065048106135e-74
36,bottom,O=C1c2[c-]c3c4c5[c-]c6C(=O)C7(c8ccccc8)C(=NC8(c9ccccn9)c9c1c1c2c2c3c3c%10c4c4c%11c5c5c6c6c%12C%13=C%14C%15=C%16C%17=C%18C(=C%19C3=C2C2=C3C%19=C%18C%18=C%16c%16c%14c%12c(c%12c%16c%18c3c(c12)c9%12)c8c76)C%10=C4C%17=C%15C%11=C5%13)c1ccccc1,"[7, 3, 10]","[{'functional_group': 'ketone', 'smiles_inds': [13]}]",3.299182342944125e-63
36,bottom,CCCC[P](CCCC)(CCCC)CCP(CCP(CCP(CC[P](CCCC)(CCCC)CCCC)CC[P](CCCC)(CCCC)CCCC)c1ccccc1)CC[P](CCCC)(CCCC)CCCC,"[15, 18, 21]","[{'functional_group': 'cyano', 'smiles_inds': [3]}]",2.4680518706812672e-56
36,bottom,Cc1ccc(N)c(c1)C1=C2C(=O)C3=C4C5=C6C7=C8C9=C%10C%11=C%12C%13=C%10C%10=C8C8=C6C4(OOC(C)(C)C)C2=C(O1)C8(O)C%10=C1C(=O)OC2=C4OC(=O)C6=C([O-])c8c3c3c%10c%14c8C8=C%15C%16=C(C4=C68)C(=C%12C%16=C4C(=C%14%15)C6=C%10C(=C53)C7=C9C6=C%114)C2=C%131,"[5, 49, 52]","[{'functional_group': 'cyano', 'smiles_inds': [7]}, {'functional_group': 'ethyl', 'smiles_inds': [34]}]",2.100835160248095e-52
36,bottom,Cc1ccc(N)c(c1)C1=C2C(=O)C3=C4C5=C6C7=C8C9=C%10C%11=C%12C%13=C%10C%10=C8C8=C6C4(OOC(C)(C)C)C2=C(O1)C8(O)C%10=C1C(=O)OC2=C4OC(=O)C6=C([O-])c8c3c3c%10c%14c8C8=C%15C%16=C(C4=C68)C(=C%12C%16=C4C(=C%14%15)C6=C%10C(=C53)C7=C9C6=C%114)C2=C%131,"[5, 49, 52]","[{'functional_group': 'ethyl_ester', 'smiles_inds': [7]}]",2.1663227594001288e-52
36,bottom,N=P(c1ccccc1c1cc(cc(c1)c1ccccc1P(=[N-])(C12CC3CC(CC(C3)C1)C2)C12CC3CC(CC(C3)C1)C2)c1ccccc1P(=[N-])(C12CC3CC(CC(C3)C1)C2)C12CC3CC(CC(C3)C1)C2)(C12CC3CC(CC(C3)C1)C2)C12CC3CC(CC(C3)C1)C2,"[0, 21, 49]","[{'functional_group': 'cyano', 'smiles_inds': [40]}]",1.6786940284410175e-43
36,bottom,Cc1cc(C)c(B(CCCP(CCCB(c2c(C)cc(C)cc2C)c2c(C)cc(C)cc2C)CCP(CCCB(c2c(C)cc(C)cc2C)c2c(C)cc(C)cc2C)CCCB(c2c(C)cc(C)cc2C)c2c(C)cc(C)cc2C)c2c(C)cc(C)cc2C)c(C)c1,"[35, 10]",[],1.2554563022861273e-37
36,bottom,C1CCC(CC1)P(CCP(CCP(C1CCCCC1)C1CCCCC1)CCP(C1CCCCC1)C1CCCCC1)C1CCCCC1,"[12, 9, 27]","[{'functional_group': 'trichloro', 'smiles_inds': [13]}, {'functional_group': 'carboxyllic_acid', 'smiles_inds': [20]}]",7.070138930906102e-35
36,bottom,CC(C)(C)c1cc2c3cc(cc4c5cc(cc6c7cc(cc8c9cc(cc%10c%11cc(cc%12c(c1)c2c1c(c34)c(c56)c(c78)c(c9%10)c1c%11%12)C(C)(C)C)C(C)(C)C)C(C)(C)C)C(C)(C)C)c1ccc(nc1)c1ccccn1,"[66, 73]","[{'functional_group': 'bromo', 'smiles_inds': [57]}]",1.2073776361513373e-34
36,bottom,CC1CCC(C(C)C)C(C1)P(CCCP(C1CC(C)CCC1C(C)C)C1CC(C)CCC1C(C)C)C1CC(C)CCC1C(C)C,"[10, 14]","[{'functional_group': 'phosphonate', 'smiles_inds': [30]}, {'functional_group': 'carboxyllic_acid', 'smiles_inds': [15]}]",5.050275835301194e-32
36,bottom,CC(C)(C)c1cc(CP(C23CC4CC(CC(C4)C2)C3)C23CC4CC(CC(C4)C2)C3)c2[N-]c3c(CP(C45CC6CC(CC(C6)C4)C5)C45CC6CC(CC(C6)C4)C5)cc(cc3c2c1)C(C)(C)C,"[34, 8, 30]","[{'functional_group': 'amino', 'smiles_inds': [20]}, {'functional_group': 'phosphonate', 'smiles_inds': [15]}]",5.184494567792251e-32
36,bottom,C1C2CC3CC1CC(C2)(C3)P(Cc1cccc(CP(C23CC4CC(CC(C4)C2)C3)C23CC4CC(CC(C4)C2)C3)n1)C12CC3CC(CC(C3)C1)C2,"[10, 18, 39]","[{'functional_group': 'trichloro', 'smiles_inds': [17]}, {'functional_group': 'fluoro', 'smiles_inds': [32]}, {'functional_group': 'carboxyl', 'smiles_inds': [37]}]",5.274809607752112e-32
36,bottom,C1C2CC3CC1CC(C2)(C3)P(Cc1ccccc1CP(C12CC3CC(CC(C3)C1)C2)C12CC3CC(CC(C3)C1)C2)C12CC3CC(CC(C3)C1)C2,"[10, 19]",[],2.4229706609902727e-31
36,bottom,CC(C)c1cccc(C(C)C)c1c1cc(NCCN(CCNc2cc(cc(c2)c2c(cccc2C(C)C)C(C)C)c2c(cccc2C(C)C)C(C)C)CCNc2cc(cc(c2)c2c(cccc2C(C)C)C(C)C)c2c(cccc2C(C)C)C(C)C)cc(c1)c1c(cccc1C(C)C)C(C)C,"[18, 15, 21]","[{'functional_group': 'tribromo', 'smiles_inds': [19]}]",1.4425977247504553e-30
36,bottom,C1C2CC3CC1CC(C2)(C3)P(Cc1cccc(CP(C23CC4CC(CC(C4)C2)C3)C23CC4CC(CC(C4)C2)C3)n1)C12CC3CC(CC(C3)C1)C2,"[10, 18, 39]","[{'functional_group': 'methyl', 'smiles_inds': [24]}]",1.5210553648084785e-30
36,bottom,C[Si](C)(C)C(c1cc(C([Si](C)(C)C)[Si](C)(C)C)c([Se]c2ccccc2[Se]c2ccccc2[Se]c2ccccc2[Se]c2c(cc(cc2C([Si](C)(C)C)[Si](C)(C)C)C([Si](C)(C)C)[Si](C)(C)C)C([Si](C)(C)C)[Si](C)(C)C)c(c1)C([Si](C)(C)C)[Si](C)(C)C)[Si](C)(C)C,"[25, 32]",[],2.021885084973411e-30
36,bottom,C[Si](C)(C)C(c1cc(C([Si](C)(C)C)[Si](C)(C)C)c([Se]c2ccccc2[Se]c2ccccc2[Se]c2ccccc2[Se]c2c(cc(cc2C([Si](C)(C)C)[Si](C)(C)C)C([Si](C)(C)C)[Si](C)(C)C)C([Si](C)(C)C)[Si](C)(C)C)c(c1)C([Si](C)(C)C)[Si](C)(C)C)[Si](C)(C)C,"[25, 32]","[{'functional_group': 'tribromo', 'smiles_inds': [28]}, {'functional_group': 'bromo', 'smiles_inds': [79]}]",2.8145718602446724e-30
36,bottom,C(CP(C12CC3CC(CC(C3)C1)C2)C12CC3CC(CC(C3)C1)C2)NCCP(C12CC3CC(CC(C3)C1)C2)C12CC3CC(CC(C3)C1)C2,"[2, 26, 23]",[],2.9236948757383867e-30
36,median,CC1=CC(=NO1)C,[4],[],0.12205345628157788
36,median,CC1(C)COC(=N1)c1ccccc1P(c1ccccc1)c1ccccc1,"[13, 6]",[],0.12208830320310936
36,median,CC[Si](N)(CC)CC,[3],"[{'functional_group': 'trichloro', 'smiles_inds': [6]}, {'functional_group': 'iodo', 'smiles_inds': [4]}]",0.12214981587959647
36,median,Cc1ccc2cccc([N-]C(=CC(=O)C(C)(C)C)C(F)(F)F)c2n1,"[13, 23, 9]","[{'functional_group': 'methyl', 'smiles_inds': [11]}, {'functional_group': 'phenyl', 'smiles_inds': [7]}]",0.12215756067398514
36,median,O=C1C(=C(Oc2cc3ccccc3cc12)c1ccccc1)[O-],"[0, 21]",[],0.12216447551347373
36,median,CC[NH+]1CCN(CC1)c1cc2N(C=C(C(=O)[O-])C(=O)c2cc1F)C1CC1,"[18, 16]","[{'functional_group': 'thiol', 'smiles_inds': [12]}, {'functional_group': 'aldehyde', 'smiles_inds': [7]}]",0.12224077052637963
36,median,CSC(=S)NN=Cc1cc(C)nc(SC)n1,"[3, 15, 5]",[],0.1222435233169975
36,median,CC(=O)C=C(C)Nc1ccc(F)cc1,[2],"[{'functional_group': '2-hydroxypyridine', 'smiles_inds': [9]}]",0.12234609058050062
36,median,CN1C=NC=C1Cl,[3],[],0.12235078705683783
36,median,c1cc([c-]c(c1)C12N=CC3C4C1[S+2]234)C12N=CC3C4C1[S+2]234,"[7, 14, 3]","[{'functional_group': 'bromo', 'smiles_inds': [10]}, {'functional_group': 'ethyl', 'smiles_inds': [1]}]",0.12236280319460197
36,median,CC(=NO)C(C)(C)NCCc1ccccc1,"[2, 7]",[],0.12237431466331243
36,median,CNC([S-])=NN=Cc1c(O)c(C)[nH+]cc1CO,"[3, 5]","[{'functional_group': 'phenyl', 'smiles_inds': [12]}]",0.12237927528132345
36,median,OCc1ccc(cn1)c1ccc(cc1)C(=O)[O-],"[0, 7]","[{'functional_group': 'methyl', 'smiles_inds': [4]}]",0.12239292105687728
36,median,Clc1cccc(Cl)c1C=Nc1ccccc1[S-],"[16, 9]","[{'functional_group': 'phenyl', 'smiles_inds': [3]}]",0.12241589081343544
36,median,N1c2ccccc2N=C1c1cccc(n1)N1C=CC=N1,"[19, 15, 7]",[],0.12248130574745202
36,median,C1CN=C(C1)c1ccccc1,[2],[],0.1225137363469944
36,median,CC(C)c1cccc(C(C)C)c1N=C(C)c1cccc(n1)C1=Nc2ccccc2O1,"[22, 20, 12]",[],0.1225177105419125
36,median,[NH3+]CCNC(=O)c1ccnc(c1)c1cc(C)ccn1,"[18, 9]","[{'functional_group': 'fluoro', 'smiles_inds': [16]}, {'functional_group': 'ethyl_ester', 'smiles_inds': [3]}, {'functional_group': 'thiol', 'smiles_inds': [1]}, {'functional_group': 'cyanimide', 'smiles_inds': [11]}]",0.12254551098910725
36,median,CC1=CC(=C(C)S1)C1=C(N=C(N1)c1ccccn1)C1=C(C)SC(=C1)C,"[17, 9]","[{'functional_group': 'iodo', 'smiles_inds': [15]}]",0.12255061053242464
36,median,CN(C)CCN=C(C)c1cc(C)ccc1[O-],"[15, 5, 1]","[{'functional_group': 'cyano', 'smiles_inds': [4]}]",0.12270741699038587
36,top,[nH+]1cc[nH+]c2c1c1cccnc1c1ncccc21,"[13, 10]","[{'functional_group': 'cyano', 'smiles_inds': [1]}, {'functional_group': 'carboxylate', 'smiles_inds': [9]}, {'functional_group': 'carboxylate', 'smiles_inds': [7]}, {'functional_group': 'carboxylate', 'smiles_inds': [15]}, {'functional_group': 'tribromo', 'smiles_inds': [3]}, {'functional_group': '2-hydroxypyridine', 'smiles_inds': [16]}, {'functional_group': 'cyano', 'smiles_inds': [0]}, {'functional_group': 'tribromo', 'smiles_inds': [2]}]",0.9999999999921916
36,top,[nH+]1cccnc1c1[nH+]cccn1,"[4, 11]","[{'functional_group': '2-hydroxypyridine', 'smiles_inds': [1]}, {'functional_group': 'carboxylate', 'smiles_inds': [8]}, {'functional_group': 'carboxylate', 'smiles_inds': [10]}, {'functional_group': 'amino', 'smiles_inds': [9]}, {'functional_group': 'bromo', 'smiles_inds': [7]}, {'functional_group': 'carboxylate', 'smiles_inds': [0]}, {'functional_group': 'amide', 'smiles_inds': [3]}]",0.9999999999930094
36,top,[nH+]1cc[nH+]c2c1c1cccnc1c1ncccc21,"[13, 10]","[{'functional_group': 'cyano', 'smiles_inds': [1]}, {'functional_group': 'carboxylate', 'smiles_inds': [9]}, {'functional_group': 'carboxylate', 'smiles_inds': [7]}, {'functional_group': 'carboxylate', 'smiles_inds': [15]}, {'functional_group': 'tribromo', 'smiles_inds': [3]}, {'functional_group': '2-hydroxypyridine', 'smiles_inds': [16]}, {'functional_group': 'cyano', 'smiles_inds': [0]}, {'functional_group': 'trifluro', 'smiles_inds': [2]}, {'functional_group': 'phosphonate', 'smiles_inds': [8]}]",0.9999999999935685
36,top,[nH+]1cc[nH+]c2c1c1cccnc1c1ncccc21,"[13, 10]","[{'functional_group': 'cyano', 'smiles_inds': [1]}, {'functional_group': 'carboxylate', 'smiles_inds': [9]}, {'functional_group': 'carboxylate', 'smiles_inds': [7]}, {'functional_group': 'carboxylate', 'smiles_inds': [15]}, {'functional_group': 'tribromo', 'smiles_inds': [3]}, {'functional_group': '2-hydroxypyridine', 'smiles_inds': [16]}, {'functional_group': 'cyano', 'smiles_inds': [0]}, {'functional_group': 'carbonyl', 'smiles_inds': [2]}]",0.9999999999970721
36,top,[nH+]1cc[nH+]c2c1c1cccnc1c1ncccc21,"[13, 10]","[{'functional_group': 'cyano', 'smiles_inds': [1]}, {'functional_group': 'carboxylate', 'smiles_inds': [9]}, {'functional_group': 'carboxylate', 'smiles_inds': [7]}, {'functional_group': 'carboxylate', 'smiles_inds': [15]}, {'functional_group': 'tribromo', 'smiles_inds': [3]}, {'functional_group': '2-hydroxypyridine', 'smiles_inds': [16]}, {'functional_group': 'cyano', 'smiles_inds': [0]}, {'functional_group': 'chloro', 'smiles_inds': [8]}]",0.9999999999988973
36,top,[nH+]1cc[nH+]c2c1c1cccnc1c1ncccc21,"[13, 10]","[{'functional_group': 'cyano', 'smiles_inds': [1]}, {'functional_group': 'carboxylate', 'smiles_inds': [9]}, {'functional_group': 'carboxylate', 'smiles_inds': [7]}, {'functional_group': 'carboxylate', 'smiles_inds': [15]}, {'functional_group': 'tribromo', 'smiles_inds': [3]}, {'functional_group': '2-hydroxypyridine', 'smiles_inds': [16]}, {'functional_group': 'cyano', 'smiles_inds': [0]}, {'functional_group': 'methyl', 'smiles_inds': [2]}]",0.9999999999990543
36,top,[nH+]1cccnc1c1[nH+]cccn1,"[4, 11]","[{'functional_group': '2-hydroxypyridine', 'smiles_inds': [1]}, {'functional_group': 'carboxylate', 'smiles_inds': [8]}, {'functional_group': 'carboxylate', 'smiles_inds': [10]}, {'functional_group': 'amino', 'smiles_inds': [9]}, {'functional_group': 'bromo', 'smiles_inds': [7]}, {'functional_group': 'iodo', 'smiles_inds': [0]}, {'functional_group': 'carboxylate', 'smiles_inds': [3]}]",0.9999999999990845
36,top,[nH+]1cccnc1c1[nH+]cccn1,"[4, 11]","[{'functional_group': '2-hydroxypyridine', 'smiles_inds': [1]}, {'functional_group': 'carboxylate', 'smiles_inds': [8]}, {'functional_group': 'carboxylate', 'smiles_inds': [10]}, {'functional_group': 'amino', 'smiles_inds': [9]}, {'functional_group': 'bromo', 'smiles_inds': [7]}, {'functional_group': 'ketone', 'smiles_inds': [3]}]",0.9999999999991356
36,top,[nH+]1cc[nH+]c2c1c1cccnc1c1ncccc21,"[13, 10]","[{'functional_group': 'cyano', 'smiles_inds': [1]}, {'functional_group': 'carboxylate', 'smiles_inds': [9]}, {'functional_group': 'carboxylate', 'smiles_inds': [7]}, {'functional_group': 'carboxylate', 'smiles_inds': [15]}, {'functional_group': 'tribromo', 'smiles_inds': [3]}, {'functional_group': '2-hydroxypyridine', 'smiles_inds': [16]}, {'functional_group': 'cyano', 'smiles_inds': [0]}, {'functional_group': 'methyl', 'smiles_inds': [8]}]",0.9999999999995892
36,top,[nH+]1cc[nH+]c2c1c1cccnc1c1ncccc21,"[13, 10]","[{'functional_group': 'cyano', 'smiles_inds': [1]}, {'functional_group': 'carboxylate', 'smiles_inds': [9]}, {'functional_group': 'carboxylate', 'smiles_inds': [7]}, {'functional_group': 'carboxylate', 'smiles_inds': [15]}, {'functional_group': 'tribromo', 'smiles_inds': [3]}, {'functional_group': '2-hydroxypyridine', 'smiles_inds': [16]}, {'functional_group': 'cyano', 'smiles_inds': [0]}, {'functional_group': 'phosphonate', 'smiles_inds': [14]}]",0.9999999999995965
36,top,[nH+]1cc[nH+]c2c1c1cccnc1c1ncccc21,"[13, 10]","[{'functional_group': 'cyano', 'smiles_inds': [1]}, {'functional_group': 'carboxylate', 'smiles_inds': [9]}, {'functional_group': 'carboxylate', 'smiles_inds': [7]}, {'functional_group': 'carboxylate', 'smiles_inds': [15]}, {'functional_group': 'tribromo', 'smiles_inds': [3]}, {'functional_group': '2-hydroxypyridine', 'smiles_inds': [16]}, {'functional_group': 'ketone', 'smiles_inds': [8]}]",0.9999999999996108
36,top,[nH+]1cc[nH+]c2c1c1cccnc1c1ncccc21,"[13, 10]","[{'functional_group': 'cyano', 'smiles_inds': [1]}, {'functional_group': 'carboxylate', 'smiles_inds': [9]}, {'functional_group': 'carboxylate', 'smiles_inds': [7]}, {'functional_group': 'carboxylate', 'smiles_inds': [15]}, {'functional_group': 'tribromo', 'smiles_inds': [3]}, {'functional_group': '2-hydroxypyridine', 'smiles_inds': [16]}, {'functional_group': 'hydroxyl', 'smiles_inds': [14]}]",0.9999999999997025
36,top,[nH+]1cc[nH+]c2c1c1cccnc1c1ncccc21,"[13, 10]","[{'functional_group': 'cyano', 'smiles_inds': [1]}, {'functional_group': 'carboxylate', 'smiles_inds': [9]}, {'functional_group': 'carboxylate', 'smiles_inds': [7]}, {'functional_group': 'carboxylate', 'smiles_inds': [15]}, {'functional_group': 'tribromo', 'smiles_inds': [3]}, {'functional_group': '2-hydroxypyridine', 'smiles_inds': [16]}, {'functional_group': '2-hydroxypyridine', 'smiles_inds': [2]}, {'functional_group': 'amino', 'smiles_inds': [14]}]",0.9999999999998086
36,top,[nH+]1cc[nH+]c2c1c1cccnc1c1ncccc21,"[13, 10]","[{'functional_group': 'cyano', 'smiles_inds': [1]}, {'functional_group': 'carboxylate', 'smiles_inds': [9]}, {'functional_group': 'carboxylate', 'smiles_inds': [7]}, {'functional_group': 'carboxylate', 'smiles_inds': [15]}, {'functional_group': 'tribromo', 'smiles_inds': [3]}, {'functional_group': '2-hydroxypyridine', 'smiles_inds': [16]}, {'functional_group': 'cyano', 'smiles_inds': [0]}, {'functional_group': 'ketone', 'smiles_inds': [8]}]",0.9999999999998177
36,top,[nH+]1cc[nH+]c2c1c1cccnc1c1ncccc21,"[13, 10]","[{'functional_group': 'cyano', 'smiles_inds': [1]}, {'functional_group': 'carboxylate', 'smiles_inds': [9]}, {'functional_group': 'carboxylate', 'smiles_inds': [7]}, {'functional_group': 'carboxylate', 'smiles_inds': [15]}, {'functional_group': 'tribromo', 'smiles_inds': [3]}, {'functional_group': '2-hydroxypyridine', 'smiles_inds': [16]}, {'functional_group': 'cyano', 'smiles_inds': [0]}, {'functional_group': 'aldehyde', 'smiles_inds': [8]}]",0.9999999999999025
36,top,CN1C=CN=C1C=NCC(C)(CN=CC1=NC=CN1C)CN=CC1=NC=CN1C,"[7, 21, 4, 24, 12, 15]","[{'functional_group': 'carboxylate', 'smiles_inds': [10]}, {'functional_group': 'cyanimide', 'smiles_inds': [8]}]",0.9999999999999063
36,top,[nH+]1cc[nH+]c2c1c1cccnc1c1ncccc21,"[13, 10]","[{'functional_group': 'cyano', 'smiles_inds': [1]}, {'functional_group': 'carboxylate', 'smiles_inds': [9]}, {'functional_group': 'carboxylate', 'smiles_inds': [7]}, {'functional_group': 'carboxylate', 'smiles_inds': [15]}, {'functional_group': 'tribromo', 'smiles_inds': [3]}, {'functional_group': '2-hydroxypyridine', 'smiles_inds': [16]}, {'functional_group': 'cyano', 'smiles_inds': [0]}, {'functional_group': 'fluoro', 'smiles_inds': [2]}, {'functional_group': '2-hydroxypyridine', 'smiles_inds': [8]}]",0.9999999999999183
36,top,[nH+]1cc[nH+]c2c1c1cccnc1c1ncccc21,"[13, 10]","[{'functional_group': 'cyano', 'smiles_inds': [1]}, {'functional_group': 'carboxylate', 'smiles_inds': [9]}, {'functional_group': 'carboxylate', 'smiles_inds': [7]}, {'functional_group': 'carboxylate', 'smiles_inds': [15]}, {'functional_group': 'tribromo', 'smiles_inds': [3]}, {'functional_group': '2-hydroxypyridine', 'smiles_inds': [16]}, {'functional_group': 'amino', 'smiles_inds': [2]}, {'functional_group': 'cyano', 'smiles_inds': [0]}]",0.9999999999999769
36,top,[nH+]1cc[nH+]c2c1c1cccnc1c1ncccc21,"[13, 10]","[{'functional_group': 'cyano', 'smiles_inds': [1]}, {'functional_group': 'carboxylate', 'smiles_inds': [9]}, {'functional_group': 'carboxylate', 'smiles_inds': [7]}, {'functional_group': 'carboxylate', 'smiles_inds': [15]}, {'functional_group': 'tribromo', 'smiles_inds': [3]}, {'functional_group': '2-hydroxypyridine', 'smiles_inds': [16]}, {'functional_group': '2-hydroxypyridine', 'smiles_inds': [14]}]",0.9999999999999876
36,top,[nH+]1cc[nH+]c2c1c1cccnc1c1ncccc21,"[13, 10]","[{'functional_group': 'cyano', 'smiles_inds': [1]}, {'functional_group': 'carboxylate', 'smiles_inds': [9]}, {'functional_group': 'carboxylate', 'smiles_inds': [7]}, {'functional_group': 'carboxylate', 'smiles_inds': [15]}, {'functional_group': 'tribromo', 'smiles_inds': [3]}, {'functional_group': '2-hydroxypyridine', 'smiles_inds': [16]}, {'functional_group': 'amino', 'smiles_inds': [2]}, {'functional_group': 'chloro', 'smiles_inds': [8]}, {'functional_group': 'ketone', 'smiles_inds': [14]}]",0.9999999999999993
37,bottom,CCOC(=O)C12C(=O)OCc3ccc4OCCOCCOc5cc(COC(=O)C6(C(=O)OCC)C78c9c%10c%11c%12c%13c%14C%15=C%16c%17c%18c%19c%15c%13c%10c7c%19c7c%18c%10c%13c%17c%15C%16=C%16c%14c%14c%12c%12c%11c%11c%17c%18c%12c%12c%19c%18c%18c%20c%21c%22c(c%13c%13c(c%18%22)c%19C1(c%15%13)C2%16c%14%12)c%10c1c%21c(c(c%17%20)c9%11)C68c71)ccc5OCCOCCOc4c3,"[17, 20, 97, 100, 103, 14]","[{'functional_group': 'tribromo', 'smiles_inds': [105]}, {'functional_group': 'carboxylate', 'smiles_inds': [94]}]",3.955112367937473e-85
37,bottom,N1C(c2ccccn2)C23C4=C5C6=C7C8=C9c%10c%11c%12c%13c%14c%10c8c8c%10c%14c%14c%13c%13c%15c%12c%12c%11c%11C9=C6C6=C4C4=C9c(c%12c%12c%15c%15c%13c%13c%14c%14c%10c%10c8c7c5c5c%10c7c%14c%13c8c%15c(c9%12)C(=C24)c8c7C35C1c1ccccn1)c%116,[0],[],1.0278515109370644e-83
37,bottom,C[Si](C)(C)c1cc(cc(c1)[Si](C#CP(C#C[Si](c1cc(cc(c1)[Si](C)(C)C)[Si](C)(C)C)(c1cc(cc(c1)[Si](C)(C)C)[Si](C)(C)C)c1cc(cc(c1)[Si](C)(C)C)[Si](C)(C)C)C#C[Si](c1cc(cc(c1)[Si](C)(C)C)[Si](C)(C)C)(c1cc(cc(c1)[Si](C)(C)C)[Si](C)(C)C)c1cc(cc(c1)[Si](C)(C)C)[Si](C)(C)C)(c1cc(cc(c1)[Si](C)(C)C)[Si](C)(C)C)c1cc(cc(c1)[Si](C)(C)C)[Si](C)(C)C)[Si](C)(C)C,[13],"[{'functional_group': 'ethyl', 'smiles_inds': [69]}, {'functional_group': 'fluoro', 'smiles_inds': [9]}]",3.10415070422297e-76
37,bottom,C[Si](C)(C)c1cc(cc(c1)[Si](C#CP(C#C[Si](c1cc(cc(c1)[Si](C)(C)C)[Si](C)(C)C)(c1cc(cc(c1)[Si](C)(C)C)[Si](C)(C)C)c1cc(cc(c1)[Si](C)(C)C)[Si](C)(C)C)C#C[Si](c1cc(cc(c1)[Si](C)(C)C)[Si](C)(C)C)(c1cc(cc(c1)[Si](C)(C)C)[Si](C)(C)C)c1cc(cc(c1)[Si](C)(C)C)[Si](C)(C)C)(c1cc(cc(c1)[Si](C)(C)C)[Si](C)(C)C)c1cc(cc(c1)[Si](C)(C)C)[Si](C)(C)C)[Si](C)(C)C,[13],"[{'functional_group': 'chloro', 'smiles_inds': [111]}]",3.386585105413321e-75
37,bottom,C[Si](C)(C)c1cc(cc(c1)[Si](C#CP(C#C[Si](c1cc(cc(c1)[Si](C)(C)C)[Si](C)(C)C)(c1cc(cc(c1)[Si](C)(C)C)[Si](C)(C)C)c1cc(cc(c1)[Si](C)(C)C)[Si](C)(C)C)C#C[Si](c1cc(cc(c1)[Si](C)(C)C)[Si](C)(C)C)(c1cc(cc(c1)[Si](C)(C)C)[Si](C)(C)C)c1cc(cc(c1)[Si](C)(C)C)[Si](C)(C)C)(c1cc(cc(c1)[Si](C)(C)C)[Si](C)(C)C)c1cc(cc(c1)[Si](C)(C)C)[Si](C)(C)C)[Si](C)(C)C,[13],"[{'functional_group': 'amino', 'smiles_inds': [101]}, {'functional_group': 'cyano', 'smiles_inds': [18]}]",4.604759608112751e-75
37,bottom,CCCC[P](CCCC)(CCCC)CCP(CCP(CCP(CC[P](CCCC)(CCCC)CCCC)CC[P](CCCC)(CCCC)CCCC)c1ccccc1)CC[P](CCCC)(CCCC)CCCC,"[15, 18, 21]","[{'functional_group': 'iodo', 'smiles_inds': [0]}]",5.6188421370100504e-55
37,bottom,Cc1ccc(N)c(c1)C1=C2C(=O)C3=C4C5=C6C7=C8C9=C%10C%11=C%12C%13=C%10C%10=C8C8=C6C4(OOC(C)(C)C)C2=C(O1)C8(O)C%10=C1C(=O)OC2=C4OC(=O)C6=C([O-])c8c3c3c%10c%14c8C8=C%15C%16=C(C4=C68)C(=C%12C%16=C4C(=C%14%15)C6=C%10C(=C53)C7=C9C6=C%114)C2=C%131,"[5, 49, 52]","[{'functional_group': 'cyano', 'smiles_inds': [33]}, {'functional_group': 'ethyl', 'smiles_inds': [39]}]",2.6200386413517523e-51
37,bottom,C[Si](C)(C)c1cc(cc(c1)[Si](C)(C)C)C(C(=O)Nc1cccc(NC(=O)C(c2cc(cc(c2)[Si](C)(C)C)[Si](C)(C)C)(c2cc(cc(c2)[Si](C)(C)C)[Si](C)(C)C)c2cc(cc(c2)[Si](C)(C)C)[Si](C)(C)C)c1[S-])(c1cc(cc(c1)[Si](C)(C)C)[Si](C)(C)C)c1cc(cc(c1)[Si](C)(C)C)[Si](C)(C)C,"[70, 16]","[{'functional_group': 'carboxyl', 'smiles_inds': [54]}, {'functional_group': 'bromo', 'smiles_inds': [23]}]",2.6625458384797205e-45
37,bottom,N=P(c1ccccc1c1cc(cc(c1)c1ccccc1P(=[N-])(C12CC3CC(CC(C3)C1)C2)C12CC3CC(CC(C3)C1)C2)c1ccccc1P(=[N-])(C12CC3CC(CC(C3)C1)C2)C12CC3CC(CC(C3)C1)C2)(C12CC3CC(CC(C3)C1)C2)C12CC3CC(CC(C3)C1)C2,"[0, 21, 49]","[{'functional_group': '2-hydroxypyridine', 'smiles_inds': [35]}]",1.834709662638912e-43
37,bottom,C[Si](C)(C)c1cc(cc(c1)[Si](C)(C)C)C(C(=O)Nc1cccc(NC(=O)C(c2cc(cc(c2)[Si](C)(C)C)[Si](C)(C)C)(c2cc(cc(c2)[Si](C)(C)C)[Si](C)(C)C)c2cc(cc(c2)[Si](C)(C)C)[Si](C)(C)C)c1[S-])(c1cc(cc(c1)[Si](C)(C)C)[Si](C)(C)C)c1cc(cc(c1)[Si](C)(C)C)[Si](C)(C)C,"[70, 16]","[{'functional_group': 'amide', 'smiles_inds': [3]}, {'functional_group': '2-hydroxypyridine', 'smiles_inds': [21]}]",2.2282181613502746e-43
37,bottom,Cc1cc(C)c(B(CCCP(CCCB(c2c(C)cc(C)cc2C)c2c(C)cc(C)cc2C)CCP(CCCB(c2c(C)cc(C)cc2C)c2c(C)cc(C)cc2C)CCCB(c2c(C)cc(C)cc2C)c2c(C)cc(C)cc2C)c2c(C)cc(C)cc2C)c(C)c1,"[35, 10]","[{'functional_group': 'phosphonate', 'smiles_inds': [86]}]",2.0755065736369916e-38
37,bottom,CC1CCC(C(C)C)C(C1)P(CCCP(C1CC(C)CCC1C(C)C)C1CC(C)CCC1C(C)C)C1CC(C)CCC1C(C)C,"[10, 14]","[{'functional_group': '2-methylbenzoic_acid', 'smiles_inds': [32]}, {'functional_group': '2-methylbenzoic_acid', 'smiles_inds': [19]}]",2.041564538022972e-35
37,bottom,CC(C)(C)c1cc2c3cc(cc4c5cc(cc6c7cc(cc8c9cc(cc%10c%11cc(cc%12c(c1)c2c1c(c34)c(c56)c(c78)c(c9%10)c1c%11%12)C(C)(C)C)C(C)(C)C)C(C)(C)C)C(C)(C)C)P(c1ccccc1)c1ccccc1,[62],"[{'functional_group': 'tribromo', 'smiles_inds': [13]}, {'functional_group': 'cyano', 'smiles_inds': [60]}]",1.4496287450772174e-34
37,bottom,C[Si](C)(C)C(c1cc(C([Si](C)(C)C)[Si](C)(C)C)c([Se]c2ccccc2Sc2ccccc2Sc2ccccc2[Se]c2c(cc(cc2C([Si](C)(C)C)[Si](C)(C)C)C([Si](C)(C)C)[Si](C)(C)C)C([Si](C)(C)C)[Si](C)(C)C)c(c1)C([Si](C)(C)C)[Si](C)(C)C)[Si](C)(C)C,"[25, 32]","[{'functional_group': 'tribromo', 'smiles_inds': [48]}]",4.530757746275139e-32
37,bottom,C[Si](C)(C)C(c1cc(C([Si](C)(C)C)[Si](C)(C)C)c([Se]c2ccccc2Sc2ccccc2Sc2ccccc2[Se]c2c(cc(cc2C([Si](C)(C)C)[Si](C)(C)C)C([Si](C)(C)C)[Si](C)(C)C)C([Si](C)(C)C)[Si](C)(C)C)c(c1)C([Si](C)(C)C)[Si](C)(C)C)[Si](C)(C)C,"[25, 32]","[{'functional_group': 'carbonyl', 'smiles_inds': [74]}]",5.302581955510459e-32
37,bottom,C[Si](C)(C)C(c1cc(C([Si](C)(C)C)[Si](C)(C)C)c([Se]c2ccccc2Sc2ccccc2Sc2ccccc2[Se]c2c(cc(cc2C([Si](C)(C)C)[Si](C)(C)C)C([Si](C)(C)C)[Si](C)(C)C)C([Si](C)(C)C)[Si](C)(C)C)c(c1)C([Si](C)(C)C)[Si](C)(C)C)[Si](C)(C)C,"[25, 32]","[{'functional_group': 'amino', 'smiles_inds': [81]}]",6.706052916563444e-31
37,bottom,C1CCC(CC1)B(CCCP(CCCB(C1CCCCC1)C1CCCCC1)CCP(CCCB(C1CCCCC1)C1CCCCC1)CCCB(C1CCCCC1)C1CCCCC1)C1CCCCC1,"[10, 29]","[{'functional_group': 'phosphonate', 'smiles_inds': [31]}, {'functional_group': 'phosphonate', 'smiles_inds': [12]}]",6.958728599223886e-31
37,bottom,C1CCC(CC1)P(CN(CP(C1CCCCC1)C1CCCCC1)CP(C1CCCCC1)C1CCCCC1)C1CCCCC1,"[6, 10]",[],1.4206809838221246e-30
37,bottom,C(CP(C12CC3CC(CC(C3)C1)C2)C12CC3CC(CC(C3)C1)C2)NCCP(C12CC3CC(CC(C3)C1)C2)C12CC3CC(CC(C3)C1)C2,"[2, 26, 23]",[],4.701479430832007e-30
37,bottom,CC1CCC(C(C)C)C(C1)P(CCCP(C1CC(C)CCC1C(C)C)C1CC(C)CCC1C(C)C)C1CC(C)CCC1C(C)C,"[10, 14]",[],7.446833955050946e-30
37,median,CC1=C(N=CN1)C1=NC(C)(C)C(C)(C)N1O,"[3, 7]","[{'functional_group': 'carboxylate', 'smiles_inds': [10]}, {'functional_group': 'tribromo', 'smiles_inds': [5]}, {'functional_group': 'methyl_ester', 'smiles_inds': [13]}]",0.10832671227855337
37,median,CCCCC1=C(N=NN1C)C(c1ccccc1)=C(c1ccccc1)c1cccc[c-]1,"[6, 29]","[{'functional_group': 'ketone', 'smiles_inds': [1]}, {'functional_group': 'cyanimide', 'smiles_inds': [3]}]",0.1083370786667238
37,median,CC=CC(=O)N(N=C(c1ccccc1)c1ccccc1)c1ncccc1c1c(C)cccc1C,"[21, 6]","[{'functional_group': 'bromo', 'smiles_inds': [9]}]",0.10834735135059365
37,median,NCCN=Cc1cc(cc(c1[O-])N(=O)=O)N(=O)=O,"[0, 3, 11]","[{'functional_group': '2-methylbenzoic_acid', 'smiles_inds': [8]}, {'functional_group': 'ether', 'smiles_inds': [2]}]",0.10842127576750506
37,median,C(CN1c2ccccc2c2ccnc(c3ccccn3)c12)Cc1ccccc1,"[2, 12]","[{'functional_group': 'carboxyllic_acid', 'smiles_inds': [25]}]",0.10845728528980136
37,median,CN(C)CCN=CC1=CC=CO1,"[5, 1]",[],0.1084986580961254
37,median,CC1=NN(c2ccccc2)C(=C1C=Nc1cccc2cccnc12)[S-],"[24, 3, 13]","[{'functional_group': '2-hydroxypyridine', 'smiles_inds': [16]}, {'functional_group': 'ether', 'smiles_inds': [7]}]",0.10851269387292109
37,median,O=[P]1Oc2ccccc2O1,[1],"[{'functional_group': 'methyl', 'smiles_inds': [4]}]",0.10867014193390774
37,median,c1ccc(cc1)N=Cc1ccccc1[N-]c1ccccc1,"[14, 6]","[{'functional_group': 'phenyl', 'smiles_inds': [19]}, {'functional_group': '2-hydroxypyridine', 'smiles_inds': [4]}]",0.10876663895030256
37,median,Nc1ccccc1c1cccc[c-]1,"[0, 12]","[{'functional_group': 'hydroxyl', 'smiles_inds': [10]}, {'functional_group': 'thiol', 'smiles_inds': [9]}, {'functional_group': 'bromo', 'smiles_inds': [8]}]",0.10877059522871517
37,median,c1ccc(C=Nc2cccc3ccccc23)nc1,"[5, 16]","[{'functional_group': 'cyanimide', 'smiles_inds': [12]}]",0.10877126141036049
37,median,O=C(NC1=NC=C(S1)N(=O)=O)C1=CC=CS1,[4],[],0.10877299903741383
37,median,CCCN(CCC)C([S-])=NC(=O)c1cc(cc(c1)N(=O)=O)N(=O)=O,"[8, 11]","[{'functional_group': 'carboxyl', 'smiles_inds': [4]}]",0.108867295339577
37,median,CCSCCCl,[2],"[{'functional_group': 'phenyl', 'smiles_inds': [4]}]",0.10887909234385272
37,median,Br[Te](I)c1ccccc1,[1],"[{'functional_group': 'fluoro', 'smiles_inds': [7]}]",0.10888056504043875
37,median,c1cc([c-]c(c1)C12N=CC3C4C1[S+2]234)C12N=CC3C4C1[S+2]234,"[7, 14, 3]","[{'functional_group': 'phenyl', 'smiles_inds': [0]}, {'functional_group': 'methyl', 'smiles_inds': [16]}]",0.10892500427372756
37,median,CCN1C=C(C(=O)[O-])C(=O)c2cnc(nc12)N1CC[NH2+]CC1,"[7, 9]","[{'functional_group': 'cyano', 'smiles_inds': [11]}, {'functional_group': 'trichloro', 'smiles_inds': [3]}, {'functional_group': 'ethyl_ester', 'smiles_inds': [18]}]",0.10893074623716714
37,median,BrC12[S+]3C1C13[S+]3C1C23Br,[4],"[{'functional_group': 'thiol', 'smiles_inds': [6]}, {'functional_group': 'chloro', 'smiles_inds': [3]}]",0.10894290721305804
37,median,N#Cc1ccc2ccc3cccnc3c2n1,"[15, 12]","[{'functional_group': 'amino', 'smiles_inds': [11]}, {'functional_group': 'ethyl_ester', 'smiles_inds': [10]}]",0.10897239525910703
37,median,Cc1cc(C=NC2CCC2)c([O-])c(c1)C(C)(C)C,"[11, 5]",[],0.10898288812504714
37,top,[nH+]1cc[nH+]c2c1c1cccnc1c1ncccc21,"[13, 10]","[{'functional_group': 'cyano', 'smiles_inds': [1]}, {'functional_group': 'carboxylate', 'smiles_inds': [9]}, {'functional_group': 'carboxylate', 'smiles_inds': [7]}, {'functional_group': 'carboxylate', 'smiles_inds': [15]}, {'functional_group': 'tribromo', 'smiles_inds': [3]}, {'functional_group': '2-hydroxypyridine', 'smiles_inds': [16]}, {'functional_group': 'cyano', 'smiles_inds': [0]}, {'functional_group': 'carboxyllic_acid', 'smiles_inds': [8]}]",0.9999999999855191
37,top,[nH+]1cccnc1c1[nH+]cccn1,"[4, 11]","[{'functional_group': 'carboxylate', 'smiles_inds': [3]}, {'functional_group': 'fluoro', 'smiles_inds': [8]}, {'functional_group': 'amino', 'smiles_inds': [2]}, {'functional_group': 'bromo', 'smiles_inds': [1]}, {'functional_group': 'bromo', 'smiles_inds': [0]}, {'functional_group': 'carboxylate', 'smiles_inds': [7]}, {'functional_group': '2-hydroxypyridine', 'smiles_inds': [10]}, {'functional_group': 'amino', 'smiles_inds': [9]}]",0.9999999999861124
37,top,[nH+]1cccnc1c1[nH+]cccn1,"[4, 11]","[{'functional_group': '2-hydroxypyridine', 'smiles_inds': [1]}, {'functional_group': 'carboxylate', 'smiles_inds': [8]}, {'functional_group': 'carboxylate', 'smiles_inds': [10]}, {'functional_group': 'amino', 'smiles_inds': [9]}, {'functional_group': 'bromo', 'smiles_inds': [7]}, {'functional_group': 'cyano', 'smiles_inds': [3]}]",0.9999999999869329
37,top,[nH+]1cc[nH+]c2c1c1cccnc1c1ncccc21,"[13, 10]","[{'functional_group': 'cyano', 'smiles_inds': [1]}, {'functional_group': 'carboxylate', 'smiles_inds': [9]}, {'functional_group': 'carboxylate', 'smiles_inds': [7]}, {'functional_group': 'carboxylate', 'smiles_inds': [15]}, {'functional_group': 'tribromo', 'smiles_inds': [3]}, {'functional_group': '2-hydroxypyridine', 'smiles_inds': [16]}, {'functional_group': 'iodo', 'smiles_inds': [8]}]",0.9999999999902576
37,top,[nH+]1cc[nH+]c2c1c1cccnc1c1ncccc21,"[13, 10]","[{'functional_group': 'cyano', 'smiles_inds': [1]}, {'functional_group': 'carboxylate', 'smiles_inds': [9]}, {'functional_group': 'carboxylate', 'smiles_inds': [7]}, {'functional_group': 'carboxylate', 'smiles_inds': [15]}, {'functional_group': 'tribromo', 'smiles_inds': [3]}, {'functional_group': '2-hydroxypyridine', 'smiles_inds': [16]}, {'functional_group': 'cyano', 'smiles_inds': [0]}, {'functional_group': 'methyl', 'smiles_inds': [14]}, {'functional_group': 'carbonyl', 'smiles_inds': [8]}]",0.9999999999911957
37,top,[nH+]1cc[nH+]c2c1c1cccnc1c1ncccc21,"[13, 10]","[{'functional_group': 'cyano', 'smiles_inds': [1]}, {'functional_group': 'carboxylate', 'smiles_inds': [9]}, {'functional_group': 'carboxylate', 'smiles_inds': [7]}, {'functional_group': 'carboxylate', 'smiles_inds': [15]}, {'functional_group': 'tribromo', 'smiles_inds': [3]}, {'functional_group': '2-hydroxypyridine', 'smiles_inds': [16]}, {'functional_group': 'hydroxyl', 'smiles_inds': [2]}]",0.999999999991791
37,top,[nH+]1cc[nH+]c2c1c1cccnc1c1ncccc21,"[13, 10]","[{'functional_group': 'cyano', 'smiles_inds': [1]}, {'functional_group': 'carboxylate', 'smiles_inds': [9]}, {'functional_group': 'carboxylate', 'smiles_inds': [7]}, {'functional_group': 'carboxylate', 'smiles_inds': [15]}, {'functional_group': 'tribromo', 'smiles_inds': [3]}, {'functional_group': '2-hydroxypyridine', 'smiles_inds': [16]}, {'functional_group': 'cyano', 'smiles_inds': [0]}, {'functional_group': 'ether', 'smiles_inds': [14]}]",0.9999999999925626
37,top,[nH+]1cccnc1c1[nH+]cccn1,"[4, 11]","[{'functional_group': '2-hydroxypyridine', 'smiles_inds': [1]}, {'functional_group': 'carboxylate', 'smiles_inds': [8]}, {'functional_group': 'carboxylate', 'smiles_inds': [10]}, {'functional_group': 'amino', 'smiles_inds': [9]}, {'functional_group': 'bromo', 'smiles_inds': [7]}, {'functional_group': 'ethyl', 'smiles_inds': [0]}, {'functional_group': 'ketone', 'smiles_inds': [3]}]",0.9999999999939075
37,top,[nH+]1cc[nH+]c2c1c1cccnc1c1ncccc21,"[13, 10]","[{'functional_group': 'cyano', 'smiles_inds': [1]}, {'functional_group': 'carboxylate', 'smiles_inds': [9]}, {'functional_group': 'carboxylate', 'smiles_inds': [7]}, {'functional_group': 'carboxylate', 'smiles_inds': [15]}, {'functional_group': 'tribromo', 'smiles_inds': [3]}, {'functional_group': '2-hydroxypyridine', 'smiles_inds': [16]}, {'functional_group': 'cyano', 'smiles_inds': [0]}, {'functional_group': 'ethyl', 'smiles_inds': [2]}, {'functional_group': 'hydroxyl', 'smiles_inds': [8]}]",0.9999999999952871
37,top,[nH+]1cc[nH+]c2c1c1cccnc1c1ncccc21,"[13, 10]","[{'functional_group': 'cyano', 'smiles_inds': [1]}, {'functional_group': 'carboxylate', 'smiles_inds': [9]}, {'functional_group': 'carboxylate', 'smiles_inds': [7]}, {'functional_group': 'carboxylate', 'smiles_inds': [15]}, {'functional_group': 'tribromo', 'smiles_inds': [3]}, {'functional_group': '2-hydroxypyridine', 'smiles_inds': [16]}, {'functional_group': 'cyano', 'smiles_inds': [0]}, {'functional_group': 'carbonyl', 'smiles_inds': [2]}]",0.9999999999955633
37,top,[nH+]1cc[nH+]c2c1c1cccnc1c1ncccc21,"[13, 10]","[{'functional_group': 'cyano', 'smiles_inds': [1]}, {'functional_group': 'carboxylate', 'smiles_inds': [9]}, {'functional_group': 'carboxylate', 'smiles_inds': [7]}, {'functional_group': 'carboxylate', 'smiles_inds': [15]}, {'functional_group': 'tribromo', 'smiles_inds': [3]}, {'functional_group': '2-hydroxypyridine', 'smiles_inds': [16]}, {'functional_group': 'phosphonate', 'smiles_inds': [0]}, {'functional_group': 'cyano', 'smiles_inds': [14]}]",0.9999999999959384
37,top,[nH+]1cccnc1c1[nH+]cccn1,"[4, 11]","[{'functional_group': '2-hydroxypyridine', 'smiles_inds': [1]}, {'functional_group': 'carboxylate', 'smiles_inds': [8]}, {'functional_group': 'carboxylate', 'smiles_inds': [10]}, {'functional_group': 'amino', 'smiles_inds': [9]}, {'functional_group': 'bromo', 'smiles_inds': [7]}, {'functional_group': 'iodo', 'smiles_inds': [0]}, {'functional_group': 'carboxyllic_acid', 'smiles_inds': [2]}, {'functional_group': 'carboxylate', 'smiles_inds': [3]}]",0.9999999999963056
37,top,[nH+]1cc[nH+]c2c1c1cccnc1c1ncccc21,"[13, 10]","[{'functional_group': 'cyano', 'smiles_inds': [1]}, {'functional_group': 'carboxylate', 'smiles_inds': [9]}, {'functional_group': 'carboxylate', 'smiles_inds': [7]}, {'functional_group': 'carboxylate', 'smiles_inds': [15]}, {'functional_group': 'tribromo', 'smiles_inds': [3]}, {'functional_group': '2-hydroxypyridine', 'smiles_inds': [16]}, {'functional_group': 'phosphonate', 'smiles_inds': [0]}]",0.9999999999964491
37,top,[nH+]1cc[nH+]c2c1c1cccnc1c1ncccc21,"[13, 10]","[{'functional_group': 'cyano', 'smiles_inds': [1]}, {'functional_group': 'carboxylate', 'smiles_inds': [9]}, {'functional_group': 'carboxylate', 'smiles_inds': [7]}, {'functional_group': 'carboxylate', 'smiles_inds': [15]}, {'functional_group': 'tribromo', 'smiles_inds': [3]}, {'functional_group': '2-hydroxypyridine', 'smiles_inds': [16]}, {'functional_group': 'cyano', 'smiles_inds': [0]}, {'functional_group': 'thiol', 'smiles_inds': [2]}, {'functional_group': 'methyl', 'smiles_inds': [8]}]",0.9999999999971427
37,top,[nH+]1cc[nH+]c2c1c1cccnc1c1ncccc21,"[13, 10]","[{'functional_group': 'cyano', 'smiles_inds': [1]}, {'functional_group': 'carboxylate', 'smiles_inds': [9]}, {'functional_group': 'carboxylate', 'smiles_inds': [7]}, {'functional_group': 'carboxylate', 'smiles_inds': [15]}, {'functional_group': 'tribromo', 'smiles_inds': [3]}, {'functional_group': '2-hydroxypyridine', 'smiles_inds': [16]}, {'functional_group': 'phosphonate', 'smiles_inds': [2]}, {'functional_group': 'methyl', 'smiles_inds': [14]}, {'functional_group': 'amino', 'smiles_inds': [0]}]",0.9999999999985427
37,top,O=C1[N-][NH+]2CN3CN(C2)[N-]C(=O)C(=O)[N-]N2C[NH+](CN(C2)[N-]C(=O)C(=O)[N-]3)[N-]C1=O,"[2, 9, 14, 26, 21, 27]","[{'functional_group': 'methyl_ester', 'smiles_inds': [3]}]",0.9999999999986224
37,top,[nH+]1cc[nH+]c2c1c1cccnc1c1ncccc21,"[13, 10]","[{'functional_group': 'cyano', 'smiles_inds': [1]}, {'functional_group': 'carboxylate', 'smiles_inds': [9]}, {'functional_group': 'carboxylate', 'smiles_inds': [7]}, {'functional_group': 'carboxylate', 'smiles_inds': [15]}, {'functional_group': 'tribromo', 'smiles_inds': [3]}, {'functional_group': '2-hydroxypyridine', 'smiles_inds': [16]}, {'functional_group': 'cyano', 'smiles_inds': [0]}, {'functional_group': 'bromo', 'smiles_inds': [8]}]",0.9999999999988083
37,top,[nH+]1cc[nH+]c2c1c1cccnc1c1ncccc21,"[13, 10]","[{'functional_group': 'cyano', 'smiles_inds': [1]}, {'functional_group': 'carboxylate', 'smiles_inds': [9]}, {'functional_group': 'carboxylate', 'smiles_inds': [7]}, {'functional_group': 'carboxylate', 'smiles_inds': [15]}, {'functional_group': 'tribromo', 'smiles_inds': [3]}, {'functional_group': '2-hydroxypyridine', 'smiles_inds': [16]}, {'functional_group': 'ketone', 'smiles_inds': [14]}]",0.9999999999997988
37,top,[nH+]1cc[nH+]c2c1c1cccnc1c1ncccc21,"[13, 10]","[{'functional_group': 'cyano', 'smiles_inds': [1]}, {'functional_group': 'carboxylate', 'smiles_inds': [9]}, {'functional_group': 'carboxylate', 'smiles_inds': [7]}, {'functional_group': 'carboxylate', 'smiles_inds': [15]}, {'functional_group': 'tribromo', 'smiles_inds': [3]}, {'functional_group': '2-hydroxypyridine', 'smiles_inds': [16]}, {'functional_group': 'cyano', 'smiles_inds': [0]}, {'functional_group': 'carboxylate', 'smiles_inds': [14]}]",0.9999999999999618
37,top,[nH+]1cc[nH+]c2c1c1cccnc1c1ncccc21,"[13, 10]","[{'functional_group': 'cyano', 'smiles_inds': [1]}, {'functional_group': 'carboxylate', 'smiles_inds': [9]}, {'functional_group': 'carboxylate', 'smiles_inds': [7]}, {'functional_group': 'carboxylate', 'smiles_inds': [15]}, {'functional_group': 'tribromo', 'smiles_inds': [3]}, {'functional_group': '2-hydroxypyridine', 'smiles_inds': [16]}, {'functional_group': 'cyano', 'smiles_inds': [0]}, {'functional_group': '2-hydroxypyridine', 'smiles_inds': [8]}, {'functional_group': 'ketone', 'smiles_inds': [14]}, {'functional_group': 'amino', 'smiles_inds': [2]}]",1.0
38,bottom,CC(C)(C)c1cc2c3cc(cc4c5cc(cc6c7cc(cc8c9cc(cc%10c%11cc(cc%12c(c1)c2c1c(c34)c(c56)c(c78)c(c9%10)c1c%11%12)C(C)(C)C)C(C)(C)C)C(C)(C)C)C(C)(C)C)P(c1cc2c3cc(cc4c5cc(cc6c7cc(cc8c9cc(cc%10c%11cc(cc%12c(c1)c2c1c(c34)c(c56)c(c78)c(c9%10)c1c%11%12)C(C)(C)C)C(C)(C)C)C(C)(C)C)C(C)(C)C)C(C)(C)C)c1cc2c3cc(cc4c5cc(cc6c7cc(cc8c9cc(cc%10c%11cc(cc%12c(c1)c2c1c(c34)c(c56)c(c78)c(c9%10)c1c%11%12)C(C)(C)C)C(C)(C)C)C(C)(C)C)C(C)(C)C)C(C)(C)C,[62],"[{'functional_group': 'ethyl', 'smiles_inds': [56]}]",6.6017639447738e-102
38,bottom,C1N(CC23c4c5c6c7c8c9c%10c%11c%12c%13c%14c%10c%10c%15c%14c%14c%16c%13c%13c%12c%12c%17c%11c9c9c%11c%17c%17c%12c%12c%13c%13c%16c%16c%14c%14c%15c(c6c8%10)c4c%14c4c%16c6c%13c%12c8c%17c%10c%11c(c79)c5c2c%10c8c6C134)c1ccncc1,[1],"[{'functional_group': '2-methylbenzoic_acid', 'smiles_inds': [2]}]",2.7106311732814602e-92
38,bottom,C1N(CC23c4c5c6c7c8c9c%10c%11c%12c%13c%14c%10c%10c%15c%14c%14c%16c%13c%13c%12c%12c%17c%11c9c9c%11c%17c%17c%12c%12c%13c%13c%16c%16c%14c%14c%15c(c6c8%10)c4c%14c4c%16c6c%13c%12c8c%17c%10c%11c(c79)c5c2c%10c8c6C134)c1ccncc1,[1],"[{'functional_group': 'ethyl_ester', 'smiles_inds': [0]}]",4.668778556814719e-91
38,bottom,CN1CC23c4c5c6c7c8c9c%10c%11c%12c%13c%14c%10c%10c%15c%14c%14c%16c%13c%13c%12c%12c%17c%11c9c9c%11c%17c%17c%12c%12c%13c%13c%16c%16c%14c%14c%15c(c6c8%10)c4c%14c4c%16c6c%13c%12c8c%17c%10c%11c(c79)c5c2c%10c8c6C34C1c1ccncc1,[67],"[{'functional_group': 'trichloro', 'smiles_inds': [68]}]",1.6174651034828603e-86
38,bottom,CC1(N=C(c2ccccc2)C23C4=C5C6=C7C8=C9C%10=C%11C%12=C%13C%14=C%11C8=C6C6=C4C4=C8C%11=C%15C%16=C(C%17=C%12C%12=C%10C%10=C9C9=C7C7=C5C2=C2C5=C%18C%19=C%20C(=C%12C%17=C%12C%20=C%17C(=C%16%12)C%11=C(C2=C%18%17)C138)C%10=C%19C9=C75)C%13=C%15C4=C%146)C(=O)[O-],"[72, 2]",[],1.8073026028875244e-86
38,bottom,CC1(N=C(c2ccccc2)C23C4=C5C6=C7C8=C9C%10=C%11C%12=C%13C%14=C%11C8=C6C6=C4C4=C8C%11=C%15C%16=C(C%17=C%12C%12=C%10C%10=C9C9=C7C7=C5C2=C2C5=C%18C%19=C%20C(=C%12C%17=C%12C%20=C%17C(=C%16%12)C%11=C(C2=C%18%17)C138)C%10=C%19C9=C75)C%13=C%15C4=C%146)C(=O)[O-],"[72, 2]","[{'functional_group': 'hydroxyl', 'smiles_inds': [6]}]",7.493581394918211e-86
38,bottom,[O-]c1ccccc1C1=NOC23c4c5c6c7c8c9c%10c%11c%12c%13c%14c%10c%10c%15c%14c%14c%16c%13c%13c%12c%12c%17c%11c9c9c%11c%17c%17c%12c%12c%13c%13c%16c%16c%14c%14c%15c(c6c8%10)c4c%14c4c%16c6c%13c%12c8c%17c%10c%11c(c79)c5c2c%10c8c6C134,"[8, 0]","[{'functional_group': 'bromo', 'smiles_inds': [2]}]",8.892210928804403e-83
38,bottom,Cc1ccc(N)c(c1)C1=C2C(=O)C3=C4C5=C6C7=C8C9=C%10C%11=C%12C%13=C%10C%10=C8C8=C6C4(OOC(C)(C)C)C2=C(O1)C8(O)C%10=C1C(=O)OC2=C4OC(=O)C6=C([O-])c8c3c3c%10c%14c8C8=C%15C%16=C(C4=C68)C(=C%12C%16=C4C(=C%14%15)C6=C%10C(=C53)C7=C9C6=C%114)C2=C%131,"[5, 49, 52]","[{'functional_group': 'ketone', 'smiles_inds': [39]}, {'functional_group': 'methyl_ester', 'smiles_inds': [3]}]",7.402497193328949e-56
38,bottom,C[Si](C)(C)c1cc(cc(c1)[Si](C)(C)C)C(C(=O)Nc1cccc(NC(=O)C(c2cc(cc(c2)[Si](C)(C)C)[Si](C)(C)C)(c2cc(cc(c2)[Si](C)(C)C)[Si](C)(C)C)c2cc(cc(c2)[Si](C)(C)C)[Si](C)(C)C)c1[S-])(c1cc(cc(c1)[Si](C)(C)C)[Si](C)(C)C)c1cc(cc(c1)[Si](C)(C)C)[Si](C)(C)C,"[70, 16]","[{'functional_group': 'ether', 'smiles_inds': [54]}]",6.290386044943481e-44
38,bottom,C[Si](C)(C)c1cc(cc(c1)[Si](C)(C)C)C(C(=O)Nc1cccc(NC(=O)C(c2cc(cc(c2)[Si](C)(C)C)[Si](C)(C)C)(c2cc(cc(c2)[Si](C)(C)C)[Si](C)(C)C)c2cc(cc(c2)[Si](C)(C)C)[Si](C)(C)C)c1[S-])(c1cc(cc(c1)[Si](C)(C)C)[Si](C)(C)C)c1cc(cc(c1)[Si](C)(C)C)[Si](C)(C)C,"[70, 16]","[{'functional_group': 'carboxylate', 'smiles_inds': [30]}]",2.9237139107813227e-43
38,bottom,CC(C)(C)c1cc2c3cc(cc4c5cc(cc6c7cc(cc8c9cc(cc%10c%11cc(cc%12c(c1)c2c1c(c34)c(c56)c(c78)c(c9%10)c1c%11%12)C(C)(C)C)C(C)(C)C)C(C)(C)C)C(C)(C)C)C1=CN(Cc2ccccc2)N=N1,[73],"[{'functional_group': 'phenyl', 'smiles_inds': [28]}]",2.908902689857914e-38
38,bottom,Cc1cc(C)c(B(CCCP(CCCB(c2c(C)cc(C)cc2C)c2c(C)cc(C)cc2C)CCP(CCCB(c2c(C)cc(C)cc2C)c2c(C)cc(C)cc2C)CCCB(c2c(C)cc(C)cc2C)c2c(C)cc(C)cc2C)c2c(C)cc(C)cc2C)c(C)c1,"[35, 10]","[{'functional_group': 'trifluro', 'smiles_inds': [51]}, {'functional_group': 'phenyl', 'smiles_inds': [29]}]",3.6310718638316633e-38
38,bottom,Cc1cc(C)c(B(CCCP(CCCB(c2c(C)cc(C)cc2C)c2c(C)cc(C)cc2C)CCP(CCCB(c2c(C)cc(C)cc2C)c2c(C)cc(C)cc2C)CCCB(c2c(C)cc(C)cc2C)c2c(C)cc(C)cc2C)c2c(C)cc(C)cc2C)c(C)c1,"[35, 10]","[{'functional_group': 'methyl', 'smiles_inds': [91]}]",4.5186023042809037e-38
38,bottom,CC(C)(C)c1cc(CP(C23CC4CC(CC(C4)C2)C3)C23CC4CC(CC(C4)C2)C3)c2[N-]c3c(CP(C45CC6CC(CC(C6)C4)C5)C45CC6CC(CC(C6)C4)C5)cc(cc3c2c1)C(C)(C)C,"[34, 8, 30]","[{'functional_group': 'carboxyl', 'smiles_inds': [18]}, {'functional_group': 'ketone', 'smiles_inds': [14]}]",7.566206774738293e-36
38,bottom,C[Si](C)(C)C(c1cc(C([Si](C)(C)C)[Si](C)(C)C)c(Sc2ccccc2Sc2ccccc2Sc2ccccc2Sc2c(cc(cc2C([Si](C)(C)C)[Si](C)(C)C)C([Si](C)(C)C)[Si](C)(C)C)C([Si](C)(C)C)[Si](C)(C)C)c(c1)C([Si](C)(C)C)[Si](C)(C)C)[Si](C)(C)C,"[25, 32]","[{'functional_group': 'thiol', 'smiles_inds': [35]}]",1.602034264988569e-34
38,bottom,CC(C)(C)c1cc(CP(C23CC4CC(CC(C4)C2)C3)C23CC4CC(CC(C4)C2)C3)c2[N-]c3c(CP(C45CC6CC(CC(C6)C4)C5)C45CC6CC(CC(C6)C4)C5)cc(cc3c2c1)C(C)(C)C,"[34, 8, 30]","[{'functional_group': 'ethyl', 'smiles_inds': [38]}]",1.6847823806161044e-33
38,bottom,C[Si](C)(C)C(c1cc(C([Si](C)(C)C)[Si](C)(C)C)c([Se]c2ccccc2Sc2ccccc2Sc2ccccc2[Se]c2c(cc(cc2C([Si](C)(C)C)[Si](C)(C)C)C([Si](C)(C)C)[Si](C)(C)C)C([Si](C)(C)C)[Si](C)(C)C)c(c1)C([Si](C)(C)C)[Si](C)(C)C)[Si](C)(C)C,"[25, 32]","[{'functional_group': 'iodo', 'smiles_inds': [55]}, {'functional_group': '2-methylbenzoic_acid', 'smiles_inds': [81]}]",4.577328027324088e-33
38,bottom,C1CCC(CC1)B(CCCP(CCCB(C1CCCCC1)C1CCCCC1)CCP(CCCB(C1CCCCC1)C1CCCCC1)CCCB(C1CCCCC1)C1CCCCC1)C1CCCCC1,"[10, 29]","[{'functional_group': 'hydroxyl', 'smiles_inds': [43]}]",2.5937568469756495e-32
38,bottom,C1C2CC3CC1CC(C2)(C3)P(Cc1ccccc1CP(C12CC3CC(CC(C3)C1)C2)C12CC3CC(CC(C3)C1)C2)C12CC3CC(CC(C3)C1)C2,"[10, 19]",[],8.970596787623204e-32
38,bottom,C1CCC(CC1)P(CN(CP(C1CCCCC1)C1CCCCC1)CP(C1CCCCC1)C1CCCCC1)C1CCCCC1,"[6, 10]",[],1.6882201840310334e-31
38,median,CC(C)(C)P(C)([CH2-])=S,"[6, 7]",[],0.11003826457954789
38,median,CC1COC(=N1)c1ccccc1[N-]S(=O)(=O)c1ccc(C)cc1,"[5, 12]","[{'functional_group': 'carboxylate', 'smiles_inds': [8]}]",0.11004909199397658
38,median,COCCCN,[5],[],0.11012203290192832
38,median,O=C([O-])CSCc1ccccc1,"[4, 2]","[{'functional_group': 'methyl', 'smiles_inds': [3]}]",0.11019284566273435
38,median,c1cc([c-]c(c1)C12N=CC3C4C1[S+2]234)C12N=CC3C4C1[S+2]234,"[7, 14, 3]","[{'functional_group': 'tribromo', 'smiles_inds': [1]}]",0.1102660725441956
38,median,c1cc([c-]c(c1)C12N=CC3C4C1[S+2]234)C12N=CC3C4C1[S+2]234,"[7, 14, 3]","[{'functional_group': 'tribromo', 'smiles_inds': [5]}]",0.11026607254419611
38,median,CC(C)N=CC1=[C-]C=CS1,"[3, 6]","[{'functional_group': 'ethyl', 'smiles_inds': [0]}, {'functional_group': 'amide', 'smiles_inds': [4]}]",0.11031828993561689
38,median,CC(C)(C)NS(=O)(=O)c1ccc(nc1)c1ccccn1,"[19, 12]","[{'functional_group': 'ether', 'smiles_inds': [4]}]",0.11034002382223049
38,median,CCNCCN1N=C(C)C=C1C,"[6, 2]","[{'functional_group': 'amide', 'smiles_inds': [8]}]",0.11035041267947986
38,median,O=C1NC=CC=C1N=Cc1ccccc1[O-],"[15, 0, 7]","[{'functional_group': 'carboxyl', 'smiles_inds': [12]}]",0.11044249322121069
38,median,c1cc([c-]c(c1)C12N=CC3C4C1[S+2]234)C12N=CC3C4C1[S+2]234,"[7, 14, 3]","[{'functional_group': 'hydroxyl', 'smiles_inds': [0]}, {'functional_group': 'carbonyl', 'smiles_inds': [10]}, {'functional_group': 'ethyl', 'smiles_inds': [5]}]",0.11056460397352441
38,median,Nc1cc(ccc1O)C(O)=O,[0],[],0.11066645602688376
38,median,N1N=NN=C1c1cc[nH+]cc1,[2],"[{'functional_group': '2-methylbenzoic_acid', 'smiles_inds': [7]}]",0.11073721565524662
38,median,N1N=NN=C1c1cc[nH+]cc1,[2],"[{'functional_group': '2-methylbenzoic_acid', 'smiles_inds': [9]}]",0.11073721565524741
38,median,Cc1ccc2ccc(C)nc2n1,"[9, 11]","[{'functional_group': '2-hydroxypyridine', 'smiles_inds': [2]}, {'functional_group': 'phosphonate', 'smiles_inds': [8]}]",0.11082398233189708
38,median,CC1(COC(=N1)c1ccccc1P(c1ccccc1)c1ccccc1)c1ccccc1,"[12, 5]",[],0.11084067553895639
38,median,CC(C)(C)CN1Cc2cccc(CN(Cc3cccc(C1)n3)CC(C)(C)C)n2,"[27, 21, 5]",[],0.11087613495587798
38,median,CN1C(=O)N(C)c2nc(C)c(nc2C1=O)C(C)=NN=C([O-])c1ccccc1,"[20, 17, 11]",[],0.11107711942094142
38,median,CCCCc1ccc(cc1)N=Cc1c([O-])ccc2ccccc12,"[14, 10]","[{'functional_group': 'cyano', 'smiles_inds': [15]}]",0.11108873991684531
38,median,Cc1ccc(cc1)C(=O)Oc1cc(C)cc[c-]1,"[16, 8]","[{'functional_group': 'cyanimide', 'smiles_inds': [2]}]",0.11113334535969532
38,top,[nH+]1cccnc1c1[nH+]cccn1,"[4, 11]","[{'functional_group': '2-hydroxypyridine', 'smiles_inds': [1]}, {'functional_group': 'carboxylate', 'smiles_inds': [8]}, {'functional_group': 'carboxylate', 'smiles_inds': [10]}, {'functional_group': 'amino', 'smiles_inds': [9]}, {'functional_group': 'bromo', 'smiles_inds': [7]}, {'functional_group': 'iodo', 'smiles_inds': [0]}, {'functional_group': 'aldehyde', 'smiles_inds': [3]}]",0.9999999999948743
38,top,[nH+]1cc[nH+]c2c1c1cccnc1c1ncccc21,"[13, 10]","[{'functional_group': 'cyano', 'smiles_inds': [1]}, {'functional_group': 'carboxylate', 'smiles_inds': [9]}, {'functional_group': 'carboxylate', 'smiles_inds': [7]}, {'functional_group': 'carboxylate', 'smiles_inds': [15]}, {'functional_group': 'tribromo', 'smiles_inds': [3]}, {'functional_group': '2-hydroxypyridine', 'smiles_inds': [16]}, {'functional_group': 'carboxyllic_acid', 'smiles_inds': [14]}, {'functional_group': 'ethyl', 'smiles_inds': [8]}]",0.9999999999953937
38,top,[nH+]1cc[nH+]c2c1c1cccnc1c1ncccc21,"[13, 10]","[{'functional_group': 'cyano', 'smiles_inds': [1]}, {'functional_group': 'carboxylate', 'smiles_inds': [9]}, {'functional_group': 'carboxylate', 'smiles_inds': [7]}, {'functional_group': 'carboxylate', 'smiles_inds': [15]}, {'functional_group': 'tribromo', 'smiles_inds': [3]}, {'functional_group': '2-hydroxypyridine', 'smiles_inds': [16]}, {'functional_group': 'iodo', 'smiles_inds': [2]}, {'functional_group': 'amide', 'smiles_inds': [14]}]",0.9999999999956692
38,top,[nH+]1cccnc1c1[nH+]cccn1,"[4, 11]","[{'functional_group': '2-hydroxypyridine', 'smiles_inds': [1]}, {'functional_group': 'carboxylate', 'smiles_inds': [8]}, {'functional_group': 'carboxylate', 'smiles_inds': [10]}, {'functional_group': 'trifluro', 'smiles_inds': [2]}, {'functional_group': 'amino', 'smiles_inds': [9]}]",0.9999999999963631
38,top,[nH+]1cc[nH+]c2c1c1cccnc1c1ncccc21,"[13, 10]","[{'functional_group': 'cyano', 'smiles_inds': [1]}, {'functional_group': 'carboxylate', 'smiles_inds': [9]}, {'functional_group': 'carboxylate', 'smiles_inds': [7]}, {'functional_group': 'carboxylate', 'smiles_inds': [15]}, {'functional_group': 'tribromo', 'smiles_inds': [3]}, {'functional_group': '2-hydroxypyridine', 'smiles_inds': [16]}, {'functional_group': 'chloro', 'smiles_inds': [2]}]",0.9999999999963849
38,top,[nH+]1cc[nH+]c2c1c1cccnc1c1ncccc21,"[13, 10]","[{'functional_group': 'cyano', 'smiles_inds': [1]}, {'functional_group': 'carboxylate', 'smiles_inds': [9]}, {'functional_group': 'carboxylate', 'smiles_inds': [7]}, {'functional_group': 'carboxylate', 'smiles_inds': [15]}, {'functional_group': 'tribromo', 'smiles_inds': [3]}, {'functional_group': '2-hydroxypyridine', 'smiles_inds': [16]}, {'functional_group': 'ethyl', 'smiles_inds': [8]}]",0.9999999999967095
38,top,[nH+]1cc[nH+]c2c1c1cccnc1c1ncccc21,"[13, 10]","[{'functional_group': 'cyano', 'smiles_inds': [1]}, {'functional_group': 'carboxylate', 'smiles_inds': [9]}, {'functional_group': 'carboxylate', 'smiles_inds': [7]}, {'functional_group': 'carboxylate', 'smiles_inds': [15]}, {'functional_group': 'tribromo', 'smiles_inds': [3]}, {'functional_group': '2-hydroxypyridine', 'smiles_inds': [16]}, {'functional_group': 'cyano', 'smiles_inds': [0]}, {'functional_group': 'carboxyl', 'smiles_inds': [14]}, {'functional_group': 'iodo', 'smiles_inds': [2]}]",0.9999999999974085
38,top,[nH+]1cc[nH+]c2c1c1cccnc1c1ncccc21,"[13, 10]","[{'functional_group': 'cyano', 'smiles_inds': [1]}, {'functional_group': 'carboxylate', 'smiles_inds': [9]}, {'functional_group': 'carboxylate', 'smiles_inds': [7]}, {'functional_group': 'carboxylate', 'smiles_inds': [15]}, {'functional_group': 'tribromo', 'smiles_inds': [3]}, {'functional_group': '2-hydroxypyridine', 'smiles_inds': [16]}, {'functional_group': 'ether', 'smiles_inds': [2]}, {'functional_group': 'aldehyde', 'smiles_inds': [14]}]",0.9999999999975873
38,top,[nH+]1cc[nH+]c2c1c1cccnc1c1ncccc21,"[13, 10]","[{'functional_group': 'cyano', 'smiles_inds': [1]}, {'functional_group': 'carboxylate', 'smiles_inds': [9]}, {'functional_group': 'carboxylate', 'smiles_inds': [7]}, {'functional_group': 'carboxylate', 'smiles_inds': [15]}, {'functional_group': 'tribromo', 'smiles_inds': [3]}, {'functional_group': '2-hydroxypyridine', 'smiles_inds': [16]}, {'functional_group': 'carbonyl', 'smiles_inds': [2]}, {'functional_group': 'phosphonate', 'smiles_inds': [0]}]",0.9999999999977112
38,top,[nH+]1cc[nH+]c2c1c1cccnc1c1ncccc21,"[13, 10]","[{'functional_group': 'cyano', 'smiles_inds': [1]}, {'functional_group': 'carboxylate', 'smiles_inds': [9]}, {'functional_group': 'carboxylate', 'smiles_inds': [7]}, {'functional_group': 'carboxylate', 'smiles_inds': [15]}, {'functional_group': 'tribromo', 'smiles_inds': [3]}, {'functional_group': '2-hydroxypyridine', 'smiles_inds': [16]}, {'functional_group': 'methyl', 'smiles_inds': [2]}]",0.9999999999978986
38,top,[nH+]1cc[nH+]c2c1c1cccnc1c1ncccc21,"[13, 10]","[{'functional_group': 'cyano', 'smiles_inds': [1]}, {'functional_group': 'carboxylate', 'smiles_inds': [9]}, {'functional_group': 'carboxylate', 'smiles_inds': [7]}, {'functional_group': 'carboxylate', 'smiles_inds': [15]}, {'functional_group': 'tribromo', 'smiles_inds': [3]}, {'functional_group': '2-hydroxypyridine', 'smiles_inds': [16]}, {'functional_group': 'cyano', 'smiles_inds': [0]}, {'functional_group': 'fluoro', 'smiles_inds': [2]}]",0.9999999999981906
38,top,[nH+]1cccnc1c1[nH+]cccn1,"[4, 11]","[{'functional_group': '2-hydroxypyridine', 'smiles_inds': [1]}, {'functional_group': 'carboxylate', 'smiles_inds': [8]}, {'functional_group': 'carboxylate', 'smiles_inds': [10]}, {'functional_group': 'amino', 'smiles_inds': [9]}, {'functional_group': 'bromo', 'smiles_inds': [7]}, {'functional_group': '2-hydroxypyridine', 'smiles_inds': [3]}]",0.9999999999982916
38,top,[nH+]1cc[nH+]c2c1c1cccnc1c1ncccc21,"[13, 10]","[{'functional_group': 'cyano', 'smiles_inds': [1]}, {'functional_group': 'carboxylate', 'smiles_inds': [9]}, {'functional_group': 'carboxylate', 'smiles_inds': [7]}, {'functional_group': 'carboxylate', 'smiles_inds': [15]}, {'functional_group': 'tribromo', 'smiles_inds': [3]}, {'functional_group': '2-hydroxypyridine', 'smiles_inds': [16]}, {'functional_group': 'cyano', 'smiles_inds': [0]}, {'functional_group': 'iodo', 'smiles_inds': [14]}]",0.9999999999983578
38,top,[nH+]1cc[nH+]c2c1c1cccnc1c1ncccc21,"[13, 10]","[{'functional_group': 'cyano', 'smiles_inds': [1]}, {'functional_group': 'carboxylate', 'smiles_inds': [9]}, {'functional_group': 'carboxylate', 'smiles_inds': [7]}, {'functional_group': 'carboxylate', 'smiles_inds': [15]}, {'functional_group': 'tribromo', 'smiles_inds': [3]}, {'functional_group': '2-hydroxypyridine', 'smiles_inds': [16]}, {'functional_group': 'cyano', 'smiles_inds': [0]}, {'functional_group': 'trifluro', 'smiles_inds': [8]}, {'functional_group': 'iodo', 'smiles_inds': [14]}]",0.9999999999986469
38,top,[nH+]1cc[nH+]c2c1c1cccnc1c1ncccc21,"[13, 10]","[{'functional_group': 'cyano', 'smiles_inds': [1]}, {'functional_group': 'carboxylate', 'smiles_inds': [9]}, {'functional_group': 'carboxylate', 'smiles_inds': [7]}, {'functional_group': 'carboxylate', 'smiles_inds': [15]}, {'functional_group': 'tribromo', 'smiles_inds': [3]}, {'functional_group': '2-hydroxypyridine', 'smiles_inds': [16]}, {'functional_group': 'cyano', 'smiles_inds': [0]}, {'functional_group': 'methyl', 'smiles_inds': [2]}]",0.9999999999990068
38,top,[nH+]1cccnc1c1[nH+]cccn1,"[4, 11]","[{'functional_group': '2-hydroxypyridine', 'smiles_inds': [1]}, {'functional_group': 'carboxylate', 'smiles_inds': [8]}, {'functional_group': 'carboxylate', 'smiles_inds': [10]}, {'functional_group': 'amino', 'smiles_inds': [9]}, {'functional_group': 'bromo', 'smiles_inds': [7]}, {'functional_group': 'iodo', 'smiles_inds': [0]}, {'functional_group': 'carboxylate', 'smiles_inds': [3]}]",0.9999999999991669
38,top,[nH+]1cc[nH+]c2c1c1cccnc1c1ncccc21,"[13, 10]","[{'functional_group': 'cyano', 'smiles_inds': [1]}, {'functional_group': 'carboxylate', 'smiles_inds': [9]}, {'functional_group': 'carboxylate', 'smiles_inds': [7]}, {'functional_group': 'carboxylate', 'smiles_inds': [15]}, {'functional_group': 'tribromo', 'smiles_inds': [3]}, {'functional_group': '2-hydroxypyridine', 'smiles_inds': [16]}, {'functional_group': 'cyano', 'smiles_inds': [0]}, {'functional_group': 'methyl', 'smiles_inds': [8]}]",0.9999999999994937
38,top,[nH+]1cc[nH+]c2c1c1cccnc1c1ncccc21,"[13, 10]","[{'functional_group': 'cyano', 'smiles_inds': [1]}, {'functional_group': 'carboxylate', 'smiles_inds': [9]}, {'functional_group': 'carboxylate', 'smiles_inds': [7]}, {'functional_group': 'carboxylate', 'smiles_inds': [15]}, {'functional_group': 'tribromo', 'smiles_inds': [3]}, {'functional_group': '2-hydroxypyridine', 'smiles_inds': [16]}, {'functional_group': 'aldehyde', 'smiles_inds': [8]}]",0.999999999999728
38,top,[nH+]1cccnc1c1[nH+]cccn1,"[4, 11]","[{'functional_group': '2-hydroxypyridine', 'smiles_inds': [1]}, {'functional_group': 'carboxylate', 'smiles_inds': [8]}, {'functional_group': 'carboxylate', 'smiles_inds': [10]}, {'functional_group': 'amino', 'smiles_inds': [9]}, {'functional_group': 'bromo', 'smiles_inds': [7]}, {'functional_group': '2-hydroxypyridine', 'smiles_inds': [0]}, {'functional_group': 'tribromo', 'smiles_inds': [3]}, {'functional_group': '2-hydroxypyridine', 'smiles_inds': [2]}]",0.9999999999997939
38,top,[nH+]1cc[nH+]c2c1c1cccnc1c1ncccc21,"[13, 10]","[{'functional_group': 'cyano', 'smiles_inds': [1]}, {'functional_group': 'carboxylate', 'smiles_inds': [9]}, {'functional_group': 'carboxylate', 'smiles_inds': [7]}, {'functional_group': 'carboxylate', 'smiles_inds': [15]}, {'functional_group': 'tribromo', 'smiles_inds': [3]}, {'functional_group': '2-hydroxypyridine', 'smiles_inds': [16]}, {'functional_group': 'cyano', 'smiles_inds': [0]}, {'functional_group': '2-hydroxypyridine', 'smiles_inds': [14]}]",0.9999999999999916
39,bottom,CCOC(=O)C12C(=O)OCc3ccc4OCCOCCOc5cc(COC(=O)C6(C(=O)OCC)C78c9c%10c%11c%12c%13c%14C%15=C%16c%17c%18c%19c%15c%13c%10c7c%19c7c%18c%10c%13c%17c%15C%16=C%16c%14c%14c%12c%12c%11c%11c%17c%18c%12c%12c%19c%18c%18c%20c%21c%22c(c%13c%13c(c%18%22)c%19C1(c%15%13)C2%16c%14%12)c%10c1c%21c(c(c%17%20)c9%11)C68c71)ccc5OCCOCCOc4c3,"[17, 20, 97, 100, 103, 14]","[{'functional_group': '2-methylbenzoic_acid', 'smiles_inds': [32]}]",7.348531316481231e-89
39,bottom,CC1(N=C(c2ccccc2)C23C4=C5C6=C7C8=C9C%10=C%11C%12=C%13C%14=C%11C8=C6C6=C4C4=C8C%11=C%15C%16=C(C%17=C%12C%12=C%10C%10=C9C9=C7C7=C5C2=C2C5=C%18C%19=C%20C(=C%12C%17=C%12C%20=C%17C(=C%16%12)C%11=C(C2=C%18%17)C138)C%10=C%19C9=C75)C%13=C%15C4=C%146)C(=O)[O-],"[72, 2]","[{'functional_group': '2-methylbenzoic_acid', 'smiles_inds': [0]}]",3.0618836024142497e-88
39,bottom,CC1(N=C(c2ccccc2)C23C4=C5C6=C7C8=C9C%10=C%11C%12=C%13C%14=C%11C8=C6C6=C4C4=C8C%11=C%15C%16=C(C%17=C%12C%12=C%10C%10=C9C9=C7C7=C5C2=C2C5=C%18C%19=C%20C(=C%12C%17=C%12C%20=C%17C(=C%16%12)C%11=C(C2=C%18%17)C138)C%10=C%19C9=C75)C%13=C%15C4=C%146)C(=O)[O-],"[72, 2]","[{'functional_group': 'tribromo', 'smiles_inds': [9]}, {'functional_group': 'aldehyde', 'smiles_inds': [0]}]",1.1461452631071171e-86
39,bottom,CN1CC23c4c5c6c7c8c9c%10c%11c%12c%13c%14c%10c%10c%15c%14c%14c%16c%13c%13c%12c%12c%17c%11c9c9c%11c%17c%17c%12c%12c%13c%13c%16c%16c%14c%14c%15c(c6c8%10)c4c%14c4c%16c6c%13c%12c8c%17c%10c%11c(c79)c5c2c%10c8c6C34C1c1ccncc1,[67],"[{'functional_group': 'chloro', 'smiles_inds': [69]}, {'functional_group': 'fluoro', 'smiles_inds': [2]}, {'functional_group': 'phenyl', 'smiles_inds': [0]}]",5.068990013137489e-86
39,bottom,N1C(c2ccccn2)C23C4=C5C6=C7C8=C9c%10c%11c%12c%13c%14c%10c8c8c%10c%14c%14c%13c%13c%15c%12c%12c%11c%11C9=C6C6=C4C4=C9c(c%12c%12c%15c%15c%13c%13c%14c%14c%10c%10c8c7c5c5c%10c7c%14c%13c8c%15c(c9%12)C(=C24)c8c7C35C1c1ccccn1)c%116,[0],[],4.0831858845696954e-85
39,bottom,CC1(N=C(c2ccccc2)C23C4=C5C6=C7C8=C9C%10=C%11C%12=C%13C%14=C%11C8=C6C6=C4C4=C8C%11=C%15C%16=C(C%17=C%12C%12=C%10C%10=C9C9=C7C7=C5C2=C2C5=C%18C%19=C%20C(=C%12C%17=C%12C%20=C%17C(=C%16%12)C%11=C(C2=C%18%17)C138)C%10=C%19C9=C75)C%13=C%15C4=C%146)C(=O)[O-],"[72, 2]",[],3.0445516470713957e-84
39,bottom,C[Si](C)(C)c1cc(cc(c1)[Si](C#CP(C#C[Si](c1cc(cc(c1)[Si](C)(C)C)[Si](C)(C)C)(c1cc(cc(c1)[Si](C)(C)C)[Si](C)(C)C)c1cc(cc(c1)[Si](C)(C)C)[Si](C)(C)C)C#C[Si](c1cc(cc(c1)[Si](C)(C)C)[Si](C)(C)C)(c1cc(cc(c1)[Si](C)(C)C)[Si](C)(C)C)c1cc(cc(c1)[Si](C)(C)C)[Si](C)(C)C)(c1cc(cc(c1)[Si](C)(C)C)[Si](C)(C)C)c1cc(cc(c1)[Si](C)(C)C)[Si](C)(C)C)[Si](C)(C)C,[13],"[{'functional_group': '2-hydroxypyridine', 'smiles_inds': [57]}, {'functional_group': 'cyanimide', 'smiles_inds': [88]}]",9.215625356581854e-76
39,bottom,CC(C)(C)c1cc2c3cc(cc4c5cc(cc6c7cc(cc8c9cc(cc%10c%11cc(cc%12c(c1)c2c1c(c34)c(c56)c(c78)c(c9%10)c1c%11%12)C(C)(C)C)C(C)(C)C)C(C)(C)C)C(C)(C)C)P(c1ccccc1)c1cc2c3cc(cc4c5cc(cc6c7cc(cc8c9cc(cc%10c%11cc(cc%12c(c1)c2c1c(c34)c(c56)c(c78)c(c9%10)c1c%11%12)C(C)(C)C)C(C)(C)C)C(C)(C)C)C(C)(C)C)C(C)(C)C,[62],"[{'functional_group': 'ethyl', 'smiles_inds': [122]}]",4.324335704708449e-68
39,bottom,Cc1cc(C)c(B(CCCP(CCCB(c2c(C)cc(C)cc2C)c2c(C)cc(C)cc2C)CCP(CCCB(c2c(C)cc(C)cc2C)c2c(C)cc(C)cc2C)CCCB(c2c(C)cc(C)cc2C)c2c(C)cc(C)cc2C)c2c(C)cc(C)cc2C)c(C)c1,"[35, 10]",[],4.215730963688221e-39
39,bottom,C[Si](C)(CCC(F)(F)C(F)(F)C(F)(F)C(F)(F)C(F)(F)C(F)(F)F)c1ccc(cc1)P(CCP(c1ccc(cc1)[Si](C)(C)CCC(F)(F)C(F)(F)C(F)(F)C(F)(F)C(F)(F)C(F)(F)F)c1ccc(cc1)[Si](C)(C)CCC(F)(F)C(F)(F)C(F)(F)C(F)(F)C(F)(F)C(F)(F)F)c1ccc(cc1)[Si](C)(C)CCC(F)(F)C(F)(F)C(F)(F)C(F)(F)C(F)(F)C(F)(F)F,"[30, 33]","[{'functional_group': 'phenyl', 'smiles_inds': [43]}]",5.016508571108648e-36
39,bottom,C1CCC(CC1)P(CCP(CCP(C1CCCCC1)C1CCCCC1)CCP(C1CCCCC1)C1CCCCC1)C1CCCCC1,"[12, 9, 27]","[{'functional_group': 'ether', 'smiles_inds': [20]}]",2.7656708632721024e-34
39,bottom,CC(C)(C)c1cc2c3cc(cc4c5cc(cc6c7cc(cc8c9cc(cc%10c%11cc(cc%12c(c1)c2c1c(c34)c(c56)c(c78)c(c9%10)c1c%11%12)C(C)(C)C)C(C)(C)C)C(C)(C)C)C(C)(C)C)P(c1ccccc1)c1ccccc1,[62],"[{'functional_group': 'amino', 'smiles_inds': [52]}]",3.2657479260536355e-34
39,bottom,C[Si](C)(C)c1cc(cc(c1)[Si](C)(C)C)P(c1cc(cc(c1)[Si](C)(C)C)[Si](C)(C)C)c1ccccc1P(c1cc(cc(c1)[Si](C)(C)C)[Si](C)(C)C)c1cc(cc(c1)[Si](C)(C)C)[Si](C)(C)C,"[35, 14]","[{'functional_group': 'cyano', 'smiles_inds': [58]}, {'functional_group': 'amide', 'smiles_inds': [27]}]",3.517416975343269e-34
39,bottom,C[Si](C)(C)c1cc(cc(c1)[Si](C)(C)C)P(c1cc(cc(c1)[Si](C)(C)C)[Si](C)(C)C)c1ccccc1P(c1cc(cc(c1)[Si](C)(C)C)[Si](C)(C)C)c1cc(cc(c1)[Si](C)(C)C)[Si](C)(C)C,"[35, 14]","[{'functional_group': 'carboxyllic_acid', 'smiles_inds': [44]}, {'functional_group': 'aldehyde', 'smiles_inds': [0]}]",4.324329405009762e-34
39,bottom,C[Si](C)(C)C(c1cc(C([Si](C)(C)C)[Si](C)(C)C)c([Se]c2ccccc2Sc2ccccc2Sc2ccccc2[Se]c2c(cc(cc2C([Si](C)(C)C)[Si](C)(C)C)C([Si](C)(C)C)[Si](C)(C)C)C([Si](C)(C)C)[Si](C)(C)C)c(c1)C([Si](C)(C)C)[Si](C)(C)C)[Si](C)(C)C,"[25, 32]",[],1.491966471967041e-32
39,bottom,C(CP(C12CC3CC(CC(C3)C1)C2)C12CC3CC(CC(C3)C1)C2)NCCP(C12CC3CC(CC(C3)C1)C2)C12CC3CC(CC(C3)C1)C2,"[2, 26, 23]","[{'functional_group': 'carboxyllic_acid', 'smiles_inds': [44]}]",8.394807027772381e-32
39,bottom,C[Si](C)(C)C(c1cc(C([Si](C)(C)C)[Si](C)(C)C)c([Se]c2ccccc2[Se]c2ccccc2[Se]c2ccccc2[Se]c2c(cc(cc2C([Si](C)(C)C)[Si](C)(C)C)C([Si](C)(C)C)[Si](C)(C)C)C([Si](C)(C)C)[Si](C)(C)C)c(c1)C([Si](C)(C)C)[Si](C)(C)C)[Si](C)(C)C,"[25, 32]","[{'functional_group': 'trifluro', 'smiles_inds': [49]}]",8.493020799802321e-32
39,bottom,CC1=C(C)C2C3C(C1P2OC(C(OP1C2C4C(C1C(=C2C)C)C(=O)N(C4=O)c1ccccc1)c1ccccc1)c1ccccc1)C(=O)N(C3=O)c1ccccc1,"[8, 13]","[{'functional_group': 'carboxyl', 'smiles_inds': [28]}, {'functional_group': 'methyl_ester', 'smiles_inds': [6]}]",1.2132624643912997e-31
39,bottom,C1CCC(CC1)P(CN(CP(C1CCCCC1)C1CCCCC1)CP(C1CCCCC1)C1CCCCC1)C1CCCCC1,"[6, 10]",[],1.3166363306703867e-31
39,bottom,C[Si](C)(C)C(c1cc(C([Si](C)(C)C)[Si](C)(C)C)c(Sc2ccccc2[Se]c2ccccc2[Se]c2ccccc2Sc2c(cc(cc2C([Si](C)(C)C)[Si](C)(C)C)C([Si](C)(C)C)[Si](C)(C)C)C([Si](C)(C)C)[Si](C)(C)C)c(c1)C([Si](C)(C)C)[Si](C)(C)C)[Si](C)(C)C,"[25, 32]",[],2.068303451091516e-31
39,median,CC1(C)COC(=N1)C1(CC1)C1=NC(C)(C)CO1,"[6, 11]","[{'functional_group': 'fluoro', 'smiles_inds': [2]}]",0.10032836760549703
39,median,CCN(CC)c1ccc(C=NNc2cnccn2)c(O)c1,"[19, 2, 10]","[{'functional_group': 'trichloro', 'smiles_inds': [1]}, {'functional_group': 'aldehyde', 'smiles_inds': [0]}]",0.10035463588898891
39,median,ON=C(c1ccc(cc1)C(O)=O)C(=NO)c1ccc(cc1)C(O)=O,"[1, 13]","[{'functional_group': 'carboxyl', 'smiles_inds': [17]}]",0.10038418314941383
39,median,CC(C)(C)C(=O)C=C1[N-]C(C)(C)N(O)C1(C)C,"[5, 8]",[],0.1003850123068638
39,median,Nc1nc(N)nc(n1)c1ccc(cc1)C(=C1C=CC=N1)C1=CC=C[N-]1,"[19, 24]",[],0.10041126936551972
39,median,S=C(Nc1cccc([c-]1)P(=S)(c1ccccc1)c1ccccc1)c1ccccc1,"[10, 0, 8]","[{'functional_group': 'chloro', 'smiles_inds': [20]}]",0.100432870050912
39,median,CC(C)(C)CN(Cc1ccccn1)Cc1ccccn1,"[5, 12, 19]","[{'functional_group': 'carboxyl', 'smiles_inds': [6]}]",0.10052170840085602
39,median,CCOC(=S)C=Cc1ccccc1,[4],"[{'functional_group': 'carbonyl', 'smiles_inds': [0]}, {'functional_group': 'cyanimide', 'smiles_inds': [6]}, {'functional_group': 'cyanimide', 'smiles_inds': [11]}]",0.10054714014023021
39,median,C[Si](C)(C)NSN[Si](C)(C)C,"[6, 4]","[{'functional_group': 'carboxylate', 'smiles_inds': [3]}]",0.10055573429416811
39,median,C[Si](C)(C)NSN[Si](C)(C)C,"[6, 4]","[{'functional_group': 'carboxylate', 'smiles_inds': [2]}]",0.10055573429416811
39,median,CN(C)P(=O)(N(C)C)N1c2ccccc2c2ccccc12,[4],[],0.10056174981002093
39,median,CCCCCc1ccnc(c1)c1cc(CCCCC)ccn1,"[8, 21]","[{'functional_group': 'amide', 'smiles_inds': [6]}]",0.10062659816819476
39,median,Clc1ccc(nn1)N1C=Nc2ccccc12,[9],[],0.10064465986719666
39,median,COc1cccc(C=Nc2ccc(C)cc2)n1,"[16, 8]","[{'functional_group': 'fluoro', 'smiles_inds': [13]}, {'functional_group': 'amino', 'smiles_inds': [14]}, {'functional_group': 'trichloro', 'smiles_inds': [0]}]",0.10066348268051196
39,median,CC(C)=CCSCC(N)c1ccccc1,"[5, 8]",[],0.10066966283630767
39,median,[CH2-]OC(=O)C=P(c1ccccc1)(c1ccccc1)c1ccccc1,"[0, 3]",[],0.10072961360659502
39,median,O=C1N=C(c2ccccc2)C(=N[N-]1)c1ccccc1,"[0, 12]","[{'functional_group': 'ketone', 'smiles_inds': [17]}]",0.1007396823601452
39,median,CCOC(CN=Cc1c([O-])ccc2ccccc12)OCC,"[5, 9]",[],0.10079277720268705
39,median,CCCNc1nc[nH+]c2[N-]C=[NH+]c12,[9],"[{'functional_group': 'methyl_ester', 'smiles_inds': [7]}, {'functional_group': 'fluoro', 'smiles_inds': [6]}, {'functional_group': 'fluoro', 'smiles_inds': [11]}]",0.10080549507158636
39,median,CC(OP(O)(=O)[O-])C(N=Cc1c(CO)c[nH+]c(C)c1[O-])C(=O)[O-],"[19, 22, 8]",[],0.10083981560008931
39,top,CC[NH+]1CCN(CC1)c1cc2N(C=C(C(=O)[O-])C(=O)c2cc1F)C1CC1,"[18, 16]","[{'functional_group': 'methyl', 'smiles_inds': [9]}, {'functional_group': 'iodo', 'smiles_inds': [7]}, {'functional_group': 'carboxylate', 'smiles_inds': [20]}, {'functional_group': 'carboxylate', 'smiles_inds': [12]}, {'functional_group': 'cyano', 'smiles_inds': [2]}, {'functional_group': 'trifluro', 'smiles_inds': [23]}, {'functional_group': 'amino', 'smiles_inds': [0]}, {'functional_group': 'chloro', 'smiles_inds': [4]}, {'functional_group': 'cyano', 'smiles_inds': [6]}, {'functional_group': 'cyanimide', 'smiles_inds': [3]}]",0.9999999999708349
39,top,[nH+]1cccnc1c1[nH+]cccn1,"[4, 11]","[{'functional_group': '2-hydroxypyridine', 'smiles_inds': [1]}, {'functional_group': 'carboxylate', 'smiles_inds': [8]}, {'functional_group': 'carboxylate', 'smiles_inds': [10]}, {'functional_group': 'amino', 'smiles_inds': [9]}, {'functional_group': 'bromo', 'smiles_inds': [7]}, {'functional_group': 'iodo', 'smiles_inds': [0]}, {'functional_group': 'hydroxyl', 'smiles_inds': [3]}]",0.9999999999726739
39,top,[nH+]1cc[nH+]c2c1c1cccnc1c1ncccc21,"[13, 10]","[{'functional_group': 'cyano', 'smiles_inds': [1]}, {'functional_group': 'carboxylate', 'smiles_inds': [9]}, {'functional_group': 'carboxylate', 'smiles_inds': [7]}, {'functional_group': 'carboxylate', 'smiles_inds': [15]}, {'functional_group': 'tribromo', 'smiles_inds': [3]}, {'functional_group': '2-hydroxypyridine', 'smiles_inds': [16]}, {'functional_group': 'tribromo', 'smiles_inds': [2]}]",0.9999999999826146
39,top,[nH+]1cc[nH+]c2c1c1cccnc1c1ncccc21,"[13, 10]","[{'functional_group': 'cyano', 'smiles_inds': [1]}, {'functional_group': 'carboxylate', 'smiles_inds': [9]}, {'functional_group': 'carboxylate', 'smiles_inds': [7]}, {'functional_group': 'carboxylate', 'smiles_inds': [15]}, {'functional_group': 'tribromo', 'smiles_inds': [3]}, {'functional_group': '2-hydroxypyridine', 'smiles_inds': [16]}, {'functional_group': 'iodo', 'smiles_inds': [0]}]",0.9999999999861848
39,top,[nH+]1cc[nH+]c2c1c1cccnc1c1ncccc21,"[13, 10]","[{'functional_group': 'cyano', 'smiles_inds': [1]}, {'functional_group': 'carboxylate', 'smiles_inds': [9]}, {'functional_group': 'carboxylate', 'smiles_inds': [7]}, {'functional_group': 'carboxylate', 'smiles_inds': [15]}, {'functional_group': 'tribromo', 'smiles_inds': [3]}, {'functional_group': '2-hydroxypyridine', 'smiles_inds': [16]}, {'functional_group': 'carbonyl', 'smiles_inds': [8]}]",0.9999999999870743
39,top,[nH+]1cc[nH+]c2c1c1cccnc1c1ncccc21,"[13, 10]","[{'functional_group': 'cyano', 'smiles_inds': [1]}, {'functional_group': 'carboxylate', 'smiles_inds': [9]}, {'functional_group': 'carboxylate', 'smiles_inds': [7]}, {'functional_group': 'carboxylate', 'smiles_inds': [15]}, {'functional_group': 'tribromo', 'smiles_inds': [3]}, {'functional_group': '2-hydroxypyridine', 'smiles_inds': [16]}, {'functional_group': 'cyano', 'smiles_inds': [0]}, {'functional_group': 'carboxyl', 'smiles_inds': [8]}]",0.9999999999893414
39,top,[nH+]1cc[nH+]c2c1c1cccnc1c1ncccc21,"[13, 10]","[{'functional_group': 'cyano', 'smiles_inds': [1]}, {'functional_group': 'carboxylate', 'smiles_inds': [9]}, {'functional_group': 'carboxylate', 'smiles_inds': [7]}, {'functional_group': 'carboxylate', 'smiles_inds': [15]}, {'functional_group': 'tribromo', 'smiles_inds': [3]}, {'functional_group': '2-hydroxypyridine', 'smiles_inds': [16]}, {'functional_group': 'cyano', 'smiles_inds': [0]}, {'functional_group': 'tribromo', 'smiles_inds': [14]}]",0.9999999999901268
39,top,[nH+]1cc[nH+]c2c1c1cccnc1c1ncccc21,"[13, 10]","[{'functional_group': 'cyano', 'smiles_inds': [1]}, {'functional_group': 'carboxylate', 'smiles_inds': [9]}, {'functional_group': 'carboxylate', 'smiles_inds': [7]}, {'functional_group': 'carboxylate', 'smiles_inds': [15]}, {'functional_group': 'tribromo', 'smiles_inds': [3]}, {'functional_group': '2-hydroxypyridine', 'smiles_inds': [16]}, {'functional_group': 'cyano', 'smiles_inds': [0]}, {'functional_group': 'carboxyllic_acid', 'smiles_inds': [8]}, {'functional_group': 'carbonyl', 'smiles_inds': [14]}]",0.9999999999908091
39,top,O=C([O-])CN1CCN(COCNCCNCOC1)CC(=O)[O-],"[2, 21, 4, 7, 11, 14]","[{'functional_group': 'cyanimide', 'smiles_inds': [15]}, {'functional_group': 'chloro', 'smiles_inds': [10]}]",0.9999999999916314
39,top,CC(C)NC(NC(C)C)(NC(C)C)NC(C)C,[4],"[{'functional_group': 'amino', 'smiles_inds': [7]}]",0.9999999999933404
39,top,[nH+]1cccnc1c1[nH+]cccn1,"[4, 11]","[{'functional_group': '2-hydroxypyridine', 'smiles_inds': [1]}, {'functional_group': 'carboxylate', 'smiles_inds': [8]}, {'functional_group': 'carboxylate', 'smiles_inds': [10]}, {'functional_group': 'amino', 'smiles_inds': [9]}, {'functional_group': 'bromo', 'smiles_inds': [7]}, {'functional_group': 'iodo', 'smiles_inds': [0]}, {'functional_group': 'phosphonate', 'smiles_inds': [2]}, {'functional_group': 'carbonyl', 'smiles_inds': [3]}]",0.9999999999938722
39,top,[nH+]1cccnc1c1[nH+]cccn1,"[4, 11]","[{'functional_group': '2-hydroxypyridine', 'smiles_inds': [1]}, {'functional_group': 'carboxylate', 'smiles_inds': [8]}, {'functional_group': 'carboxylate', 'smiles_inds': [10]}, {'functional_group': 'amino', 'smiles_inds': [9]}, {'functional_group': 'bromo', 'smiles_inds': [7]}, {'functional_group': 'iodo', 'smiles_inds': [0]}, {'functional_group': 'aldehyde', 'smiles_inds': [3]}]",0.9999999999961804
39,top,[nH+]1cc[nH+]c2c1c1cccnc1c1ncccc21,"[13, 10]","[{'functional_group': 'cyano', 'smiles_inds': [1]}, {'functional_group': 'carboxylate', 'smiles_inds': [9]}, {'functional_group': 'carboxylate', 'smiles_inds': [7]}, {'functional_group': 'carboxylate', 'smiles_inds': [15]}, {'functional_group': 'tribromo', 'smiles_inds': [3]}, {'functional_group': '2-hydroxypyridine', 'smiles_inds': [16]}, {'functional_group': 'cyano', 'smiles_inds': [0]}, {'functional_group': 'carbonyl', 'smiles_inds': [14]}]",0.9999999999967137
39,top,[nH+]1cccnc1c1[nH+]cccn1,"[4, 11]","[{'functional_group': '2-hydroxypyridine', 'smiles_inds': [1]}, {'functional_group': 'carboxylate', 'smiles_inds': [8]}, {'functional_group': 'carboxylate', 'smiles_inds': [10]}, {'functional_group': 'amino', 'smiles_inds': [9]}, {'functional_group': 'bromo', 'smiles_inds': [7]}, {'functional_group': 'iodo', 'smiles_inds': [0]}, {'functional_group': 'carboxylate', 'smiles_inds': [3]}]",0.999999999999116
39,top,[nH+]1cc[nH+]c2c1c1cccnc1c1ncccc21,"[13, 10]","[{'functional_group': 'cyano', 'smiles_inds': [1]}, {'functional_group': 'carboxylate', 'smiles_inds': [9]}, {'functional_group': 'carboxylate', 'smiles_inds': [7]}, {'functional_group': 'carboxylate', 'smiles_inds': [15]}, {'functional_group': 'tribromo', 'smiles_inds': [3]}, {'functional_group': '2-hydroxypyridine', 'smiles_inds': [16]}, {'functional_group': 'cyano', 'smiles_inds': [0]}, {'functional_group': 'fluoro', 'smiles_inds': [14]}, {'functional_group': '2-hydroxypyridine', 'smiles_inds': [8]}]",0.999999999999281
39,top,[nH+]1cc[nH+]c2c1c1cccnc1c1ncccc21,"[13, 10]","[{'functional_group': 'cyano', 'smiles_inds': [1]}, {'functional_group': 'carboxylate', 'smiles_inds': [9]}, {'functional_group': 'carboxylate', 'smiles_inds': [7]}, {'functional_group': 'carboxylate', 'smiles_inds': [15]}, {'functional_group': 'tribromo', 'smiles_inds': [3]}, {'functional_group': '2-hydroxypyridine', 'smiles_inds': [16]}, {'functional_group': 'cyano', 'smiles_inds': [0]}, {'functional_group': 'phosphonate', 'smiles_inds': [14]}]",0.99999999999943
39,top,[nH+]1cc[nH+]c2c1c1cccnc1c1ncccc21,"[13, 10]","[{'functional_group': 'cyano', 'smiles_inds': [1]}, {'functional_group': 'carboxylate', 'smiles_inds': [9]}, {'functional_group': 'carboxylate', 'smiles_inds': [7]}, {'functional_group': 'carboxylate', 'smiles_inds': [15]}, {'functional_group': 'tribromo', 'smiles_inds': [3]}, {'functional_group': '2-hydroxypyridine', 'smiles_inds': [16]}, {'functional_group': 'cyano', 'smiles_inds': [0]}, {'functional_group': 'phosphonate', 'smiles_inds': [2]}]",0.9999999999994897
39,top,[nH+]1cc[nH+]c2c1c1cccnc1c1ncccc21,"[13, 10]","[{'functional_group': 'cyano', 'smiles_inds': [1]}, {'functional_group': 'carboxylate', 'smiles_inds': [9]}, {'functional_group': 'carboxylate', 'smiles_inds': [7]}, {'functional_group': 'carboxylate', 'smiles_inds': [15]}, {'functional_group': 'tribromo', 'smiles_inds': [3]}, {'functional_group': '2-hydroxypyridine', 'smiles_inds': [16]}, {'functional_group': 'cyano', 'smiles_inds': [0]}, {'functional_group': 'carboxylate', 'smiles_inds': [8]}]",0.9999999999998548
39,top,[nH+]1cc[nH+]c2c1c1cccnc1c1ncccc21,"[13, 10]","[{'functional_group': 'cyano', 'smiles_inds': [1]}, {'functional_group': 'carboxylate', 'smiles_inds': [9]}, {'functional_group': 'carboxylate', 'smiles_inds': [7]}, {'functional_group': 'carboxylate', 'smiles_inds': [15]}, {'functional_group': 'tribromo', 'smiles_inds': [3]}, {'functional_group': '2-hydroxypyridine', 'smiles_inds': [16]}, {'functional_group': 'cyano', 'smiles_inds': [0]}, {'functional_group': 'carboxylate', 'smiles_inds': [14]}, {'functional_group': 'methyl_ester', 'smiles_inds': [8]}]",0.9999999999999474
39,top,[nH+]1cc[nH+]c2c1c1cccnc1c1ncccc21,"[13, 10]","[{'functional_group': 'cyano', 'smiles_inds': [1]}, {'functional_group': 'carboxylate', 'smiles_inds': [9]}, {'functional_group': 'carboxylate', 'smiles_inds': [7]}, {'functional_group': 'carboxylate', 'smiles_inds': [15]}, {'functional_group': 'tribromo', 'smiles_inds': [3]}, {'functional_group': '2-hydroxypyridine', 'smiles_inds': [16]}, {'functional_group': 'ethyl', 'smiles_inds': [8]}, {'functional_group': 'amino', 'smiles_inds': [2]}]",0.9999999999999836
