generation,section,smiles,coordList,functionalization,success_prob
0,bottom,COCC1OC2OC3C(COC)OC(OC4C(COC)OC(OC5C(COC)OC(OC6C(COC)OC(OC7C(COC)OC(OC8C(COC)OC(OC1C(OC)C2OC)C(OC)C8OC)C(OC)C7OC)C(OC)C6OCc1cncc(COC2C(OC)C6OC(COC)C2OC2OC(COC)C(OC7OC(COC)C(OC8OC(COC)C(OC9OC(COC)C(OC%10OC(COC)C(OC%11OC(COC)C(O6)C(OC)C%11OC)C(OC)C%10OC)C(OC)C9OC)C(OC)C8OC)C(OC)C7OC)C(OC)C2OC)c1)C(OC)C5OC)C(OC)C4OC)C(OC)C3OC,[82],"[{'functional_group': 'chloro', 'smiles_inds': [51]}]",1.3352996436228655e-35
0,bottom,COCC1OC2OC3C(COC)OC(OC4C(COC)OC(OC5C6CP(c7ccccc7)c7ccccc7P(CC7OC(OC8C(COC)OC(OC9C(COC)OC(OC1C(OC)C2OC)C(OC)C9OC)C(OC)C8OC)C(OC)C(OC)C7OC(O6)C(OC)C5OC)c1ccccc1)C(OC)C4OC)C(OC)C3OC,"[39, 26]","[{'functional_group': 'carboxyllic_acid', 'smiles_inds': [21]}]",3.924329987244252e-18
0,bottom,COCC1OC2OC3C(COC)OC(OC4C(COC)OC(OC5C6CP(CC7OC(OC8C(COC)OC(OC9C(COC)OC(OC1C(OC)C2OC)C(OC)C9OC)C(OC)C8OC)C(OC)C(OC)C7OC(O6)C(OC)C5OC)c1ccccc1)C(OC)C4OC)C(OC)C3OC,[26],[],5.382415248962095e-17
0,bottom,Cc1cc(C(c2ccc(cc2)C2CCCCC2)c2ccc(cc2)C2CCCCC2)c(N=C(C)C(C)=Nc2c(cc(C)cc2C(c2ccc(cc2)C2CCCCC2)c2ccc(cc2)C2CCCCC2)C(c2ccc(cc2)C2CCCCC2)c2ccc(cc2)C2CCCCC2)c(c1)C(c1ccc(cc1)C1CCCCC1)c1ccc(cc1)C1CCCCC1,"[30, 35]",[],2.512602767273653e-16
0,bottom,COCC1OC2OC3C(COC)OC(OC4C(CP(c5ccccc5)c5ccccc5)OC(OC5C(COC)OC(OC6C(COC)OC(OC7C(CP(c8ccccc8)c8ccccc8)OC(OC1C(OC)C2OC)C(OC)C7OC)C(OC)C6OC)C(OC)C5OC)C(OC)C4OC)C(OC)C3OC,"[18, 53]","[{'functional_group': 'hydroxyl', 'smiles_inds': [26]}]",4.162688738474757e-16
0,bottom,O=C1N2CN3C(=O)N4CN5C(=O)N6CN7C(=O)N8CN9C(=O)N%10CN%11C(=O)N%12CN1C1%13CCCCC21N1CN2C(=O)N(CN%14C(=O)N(CN%15C(=O)N(CN%16C(=O)N(CN%17C(=O)N(CN%13C1=O)C1%12CCCCC%11%171)C1%10CCCCC9%161)C18CCCCC7%151)C16CCCCC5%141)C14CCCCC321,"[26, 0, 6]","[{'functional_group': 'aldehyde', 'smiles_inds': [31]}]",1.5836478482621777e-15
0,bottom,O=C1N2CN3C(=O)N4CN5C(=O)N6CN7C(=O)N8CN9C(=O)N%10CN%11C(=O)N%12CN1C1%13CCCCC21N1CN2C(=O)N(CN%14C(=O)N(CN%15C(=O)N(CN%16C(=O)N(CN%17C(=O)N(CN%13C1=O)C1%12CCCCC%11%171)C1%10CCCCC9%161)C18CCCCC7%151)C16CCCCC5%141)C14CCCCC321,"[26, 0, 6]","[{'functional_group': 'carboxylate', 'smiles_inds': [3]}]",2.9169299820927544e-15
0,bottom,COCC1OC2OC3C(COC)OC(OC4C5CP(CC6OC(OC7C(COC)OC(OC8C(COC)OC(OC1C(OC)C2OC)C(OC)C8OC)C(OC)C7OC)C(OC)C(OC)C6OC(O5)C(OC)C4OC)c1ccccc1N(C)C)C(OC)C3OC,"[81, 18]","[{'functional_group': 'trifluro', 'smiles_inds': [16]}]",8.005112098153808e-15
0,bottom,CC(C)COc1cc(nc2nc(NC(=O)c3cc(OCC(C)C)c4ccc(NC(=O)c5ccc(nn5)c5cccc(n5)c5ccc(nn5)C(=O)Nc5ccc6c(OCC(C)C)cc(nc6n5)C(=O)Nc5ccc6c(OCC(C)C)cc(nc6n5)C(=O)Nc5cccc(NC(=O)c6cc(OCC(C)C)c7cccc(NC(=O)c8cc(OCC(C)C)c9cccc(NC(=O)c%10cc(OCC(C)C)c%11cccc(c%11n%10)N(=O)=O)c9n8)c7n6)n5)nc4n3)ccc12)C(=O)Nc1cccc(NC(=O)c2cc(OCC(C)C)c3cccc(NC(=O)c4cc(OCC(C)C)c5cccc(NC(=O)c6cc(OCC(C)C)c7cccc(c7n6)N(=O)=O)c5n4)c3n2)n1,"[47, 41, 34]",[],9.87268176574011e-15
0,bottom,COCC1OC2OC3C(COC)OC(OC4C5CN(CC6OC(OC7C(COC)OC(OC8C(COC)OC(OC1C(OC)C2OC)C(OC)C8OC)C(OC)C7OC)C(OC)C(OC)C6OC(O5)C(OC)C4OC)Cc1ccccn1)C(OC)C3OC,"[81, 18]","[{'functional_group': 'ethyl', 'smiles_inds': [28]}]",5.5884416869150383e-14
0,bottom,COCC1OC2OC3C(COC)OC(OC4C5CN(CC6OC(OC7C(COC)OC(OC8C(COC)OC(OC1C(OC)C2OC)C(OC)C8OC)C(OC)C7OC)C(OC)C(OC)C6OC(O5)C(OC)C4OC)Cc1ccccn1)C(OC)C3OC,"[81, 18]",[],1.2354842889403378e-13
0,bottom,N=P(c1ccccc1c1cc(cc(c1)c1ccccc1P(=[N-])(C12CC3CC(CC(C3)C1)C2)C12CC3CC(CC(C3)C1)C2)c1ccccc1P(=[N-])(C12CC3CC(CC(C3)C1)C2)C12CC3CC(CC(C3)C1)C2)(C12CC3CC(CC(C3)C1)C2)C12CC3CC(CC(C3)C1)C2,"[0, 21, 49]",[],1.588014239727109e-13
0,bottom,C[Si](C)(C)c1cc(cc(c1)[Si](C#CP(C#C[Si](c1cc(cc(c1)[Si](C)(C)C)[Si](C)(C)C)(c1cc(cc(c1)[Si](C)(C)C)[Si](C)(C)C)c1cc(cc(c1)[Si](C)(C)C)[Si](C)(C)C)C#C[Si](c1cc(cc(c1)[Si](C)(C)C)[Si](C)(C)C)(c1cc(cc(c1)[Si](C)(C)C)[Si](C)(C)C)c1cc(cc(c1)[Si](C)(C)C)[Si](C)(C)C)(c1cc(cc(c1)[Si](C)(C)C)[Si](C)(C)C)c1cc(cc(c1)[Si](C)(C)C)[Si](C)(C)C)[Si](C)(C)C,[13],"[{'functional_group': '2-hydroxypyridine', 'smiles_inds': [18]}, {'functional_group': 'methyl', 'smiles_inds': [53]}]",1.8177889029599325e-13
0,bottom,CCCC[P](CCCC)(CCCC)CCP(CCP(CCP(CC[P](CCCC)(CCCC)CCCC)CC[P](CCCC)(CCCC)CCCC)c1ccccc1)CC[P](CCCC)(CCCC)CCCC,"[15, 18, 21]","[{'functional_group': 'ether', 'smiles_inds': [51]}, {'functional_group': 'cyano', 'smiles_inds': [10]}, {'functional_group': 'cyanimide', 'smiles_inds': [0]}]",2.5118547793135045e-13
0,bottom,C[Si](C)(C)c1cc(cc(c1)[Si](C#CP(C#C[Si](c1cc(cc(c1)[Si](C)(C)C)[Si](C)(C)C)(c1cc(cc(c1)[Si](C)(C)C)[Si](C)(C)C)c1cc(cc(c1)[Si](C)(C)C)[Si](C)(C)C)C#C[Si](c1cc(cc(c1)[Si](C)(C)C)[Si](C)(C)C)(c1cc(cc(c1)[Si](C)(C)C)[Si](C)(C)C)c1cc(cc(c1)[Si](C)(C)C)[Si](C)(C)C)(c1cc(cc(c1)[Si](C)(C)C)[Si](C)(C)C)c1cc(cc(c1)[Si](C)(C)C)[Si](C)(C)C)[Si](C)(C)C,[13],[],2.9896554260889176e-13
0,bottom,CC(C)(C)c1cc2c(OP(Oc3c2cc(cc3C(C)(C)C)C(C)(C)C)O[Si]2(O[Si]3(O[Si](OP4Oc5c(cc(cc5C(C)(C)C)C(C)(C)C)c5cc(cc(c5O4)C(C)(C)C)C(C)(C)C)(O[Si]4(O[Si](O3)(O[Si](O2)(O[Si](O4)(O[Si](C)(c2ccccc2)c2ccccc2)C2CCCC2)C2CCCC2)C2CCCC2)C2CCCC2)C2CCCC2)C2CCCC2)C2CCCC2)c(c1)C(C)(C)C,"[9, 32]",[],3.0524692346312137e-13
0,bottom,C[Si](C)(C)c1cc(cc(c1)[Si](C#CP(C#C[Si](c1cc(cc(c1)[Si](C)(C)C)[Si](C)(C)C)(c1cc(cc(c1)[Si](C)(C)C)[Si](C)(C)C)c1cc(cc(c1)[Si](C)(C)C)[Si](C)(C)C)C#C[Si](c1cc(cc(c1)[Si](C)(C)C)[Si](C)(C)C)(c1cc(cc(c1)[Si](C)(C)C)[Si](C)(C)C)c1cc(cc(c1)[Si](C)(C)C)[Si](C)(C)C)(c1cc(cc(c1)[Si](C)(C)C)[Si](C)(C)C)c1cc(cc(c1)[Si](C)(C)C)[Si](C)(C)C)[Si](C)(C)C,[13],"[{'functional_group': 'chloro', 'smiles_inds': [18]}]",3.419764378706362e-13
0,bottom,Cc1cc(C(c2ccc(cc2)C(C)(C)C)c2ccc(cc2)C(C)(C)C)c(N=C(C)C(C)=Nc2c(cc(C)cc2C(c2ccc(cc2)C(C)(C)C)c2ccc(cc2)C(C)(C)C)C(c2ccc(cc2)C(C)(C)C)c2ccc(cc2)C(C)(C)C)c(c1)C(c1ccc(cc1)C(C)(C)C)c1ccc(cc1)C(C)(C)C,"[26, 31]","[{'functional_group': '2-hydroxypyridine', 'smiles_inds': [60]}]",5.058332615869858e-13
0,bottom,Cc1cc(C(c2ccc(cc2)C(C)(C)C)c2ccc(cc2)C(C)(C)C)c(N=C2c3cccc4cccc(C2=Nc2c(cc(C)cc2C(c2ccc(cc2)C(C)(C)C)c2ccc(cc2)C(C)(C)C)C(c2ccc(cc2)C(C)(C)C)c2ccc(cc2)C(C)(C)C)c34)c(c1)C(c1ccc(cc1)C(C)(C)C)c1ccc(cc1)C(C)(C)C,"[38, 26]","[{'functional_group': 'methyl_ester', 'smiles_inds': [48]}]",5.457968675423723e-13
0,bottom,CC(=Nc1c(cc(cc1C(c1ccccc1)c1ccccc1)C(c1ccccc1)c1ccccc1)C1CCCCCCCCCCC1)C(C)=Nc1c(cc(cc1C(c1ccccc1)c1ccccc1)C(c1ccccc1)c1ccccc1)C1CCCCCCCCCCC1,"[2, 49]",[],6.260618528463269e-13
0,median,CN(C)C(=O)C(=[C-]Cl)c1ccccc1,"[6, 4]",[],0.3863125717645939
0,median,COc1cnc(nc1)[N-]S(=O)(=O)c1ccc(N)cc1,"[8, 6]","[{'functional_group': 'amino', 'smiles_inds': [14]}]",0.3863477227306129
0,median,CC1=NN(C(=C1)C)c1cccc(n1)C1=Nc2ccccc2[N-]1,"[2, 3, 21]",[],0.38638831849052535
0,median,Cc1cc(C=[NH+]Cc2ccccc2)c([O-])c(C=NCc2ccccc2)c1,"[14, 17]","[{'functional_group': 'aldehyde', 'smiles_inds': [22]}]",0.3864629044204674
0,median,[O-]c1ccc2ccccc2c1C=Nc1ccc2c(Cc3ccccc23)c1,"[0, 12]",[],0.3864987163921693
0,median,C[Se]c1ccccc1C1=Nc2ccccc2N1,"[1, 9]",[],0.3865360174612335
0,median,CC(C)(OC(=O)N1C=Nc2c1ccc1cc(Cl)cnc21)C(Cl)(Cl)Cl,"[8, 18]",[],0.3865674377603182
0,median,CC(=O)C(N=Nc1ccc(cc1[O-])C(O)=O)=C(C)[O-],"[18, 5, 12]","[{'functional_group': 'bromo', 'smiles_inds': [10]}, {'functional_group': 'phenyl', 'smiles_inds': [14]}]",0.3865829222804506
0,median,N1c2ccccc2c2ccnc(c12)c1ccccn1,"[18, 10]",[],0.38667398650387
0,median,BrC1=CN(CCSCCN2C=C(Br)C=N2)N=C1,"[6, 15, 14]","[{'functional_group': 'ether', 'smiles_inds': [8]}]",0.38667496108533245
0,median,CC(C)(C)OC([O-])=NC=CC[CH2-],"[6, 7, 11]",[],0.38678308208013945
0,median,CN1N=C([N-]N(C)C1=O)c1cccc(CO)n1,"[15, 16, 4]","[{'functional_group': 'fluoro', 'smiles_inds': [14]}]",0.3867863028579601
0,median,N#CCc1ccccn1,[8],"[{'functional_group': 'amide', 'smiles_inds': [4]}, {'functional_group': 'cyano', 'smiles_inds': [6]}]",0.3868154220693901
0,median,CC(=Nc1ccccc1)[C-]=Nc1ccccc1,"[2, 9]","[{'functional_group': 'tribromo', 'smiles_inds': [15]}]",0.3868232440998503
0,median,CC(C)(C)P(=O)(CC([O-])(C(F)(F)F)C(F)(F)F)C(C)(C)C,"[5, 8]",[],0.3868348720485766
0,median,COC(=O)c1ccccc1N=Cc1ccccn1,"[3, 17, 10]",[],0.3868403445840672
0,median,CCOC(=N)NC(=N)NC,"[7, 4]","[{'functional_group': 'amide', 'smiles_inds': [1]}]",0.386894169433865
0,median,c1ccc(nc1)C1=NC(=N[N-]1)c1ccncc1,"[10, 4]","[{'functional_group': 'ethyl_ester', 'smiles_inds': [2]}]",0.3869093061017834
0,median,Cc1cc(C=NN=C([O-])C(C)(C)C)c([O-])c(c1)C(O)=O,"[14, 5, 8]","[{'functional_group': 'ethyl_ester', 'smiles_inds': [16]}]",0.38692678480101017
0,median,COc1[nH+][c-]c(c(OC)n1)c1ccc(cn1)C(F)(F)F,"[4, 15]","[{'functional_group': 'ethyl', 'smiles_inds': [8]}]",0.38697464151854416
0,top,C(CN(CCN=Cc1ccc(cn1)c1ccncc1)CCN=Cc1ccc(cn1)c1ccncc1)N=Cc1ccc(cn1)c1ccncc1,"[12, 5, 28, 21, 42, 35]",[],0.9891512499974553
0,top,Oc1ccccc1C=NCC(CN=Cc1ccccc1O)(CN=Cc1ccccc1[O-])CN=Cc1ccccc1[O-],"[30, 0, 40, 22, 8, 32]","[{'functional_group': 'carboxyl', 'smiles_inds': [2]}]",0.9894342085216271
0,top,Brc1ccc([O-])c(C=NCCN(CCN=Cc2cc(Br)ccc2[O-])CCN=Cc2cc(Br)ccc2[O-])c1,"[5, 23, 35, 8, 14, 26]","[{'functional_group': 'carboxylate', 'smiles_inds': [27]}, {'functional_group': 'iodo', 'smiles_inds': [2]}]",0.9903965486311394
0,top,C(CN(CCN=CC1=NC=CN1)CCN=CC1=NC=CN1)N=CC1=NC=CN1,"[5, 8, 14, 17, 21, 24]",[],0.9905828390683751
0,top,[NH3+]C12CNCCNCC([NH3+])(CNCCNC1)CN(CCNC2)CC(O)=O,"[6, 3, 11, 14, 17, 20]","[{'functional_group': 'cyanimide', 'smiles_inds': [0]}]",0.9917411120817269
0,top,Brc1ccc([O-])c(C=NCCN(CCN=Cc2cc(Br)ccc2[O-])CCN=Cc2cc(Br)ccc2[O-])c1,"[5, 23, 35, 8, 14, 26]","[{'functional_group': 'chloro', 'smiles_inds': [17]}, {'functional_group': 'carboxylate', 'smiles_inds': [2]}]",0.9919647616909331
0,top,O[NH2+]C12CNCCNCC([NH2+]O)(CNCCNC1)CNCCNC2,"[4, 7, 16, 13, 22, 19]","[{'functional_group': 'phosphonate', 'smiles_inds': [21]}]",0.9925116646612052
0,top,[NH3+]C12CNCCNCC(C)(CNCCNC1)CNCCNC2,"[11, 3, 20, 17, 6, 14]",[],0.9927370194742784
0,top,O[NH2+]C12CNCCNCC([NH2+]O)(CNCCNC1)CNCCNC2,"[4, 7, 16, 13, 22, 19]",[],0.9934838650102358
0,top,CC12CNCC(CN(CNC1)CC1(C)CNCC(CNC2)(CNC1)N(=O)=O)N(=O)=O,"[9, 19, 3, 7, 15, 22]",[],0.9938747420829059
0,top,Oc1ccccc1C=NCC(CN=Cc1ccccc1[O-])(CN=Cc1ccccc1[O-])CN=Cc1ccccc1[O-],"[20, 30, 40, 12, 22, 32]","[{'functional_group': 'trifluro', 'smiles_inds': [31]}]",0.9943367966077666
0,top,[NH3+]C12CNCCNCC([NH3+])(CNCCNC1)C[N-]C(=O)C(=O)[N-]C2,"[6, 17, 11, 14, 3, 22]",[],0.9945366016020987
0,top,CC(CN=CC1=NC=CN1)(CN=CC1=NC=CN1)CN=CC1=NC=CN1,"[19, 3, 22, 6, 11, 14]","[{'functional_group': 'carboxyl', 'smiles_inds': [17]}]",0.9948941972868351
0,top,CC(CN=CC1=NC=CN1)(CN=CC1=NC=CN1)CN=CC1=NC=CN1,"[19, 3, 22, 6, 11, 14]","[{'functional_group': 'iodo', 'smiles_inds': [25]}]",0.995432846202494
0,top,[NH3+]C12CNCCNCC([NH3+])(CNCCNC1)CN(CCNC2)CC(O)=O,"[6, 3, 11, 14, 17, 20]",[],0.9975546090657862
0,top,CCOC(=O)C12C(=O)OCc3ccc4OCCOCCOc5cc(COC(=O)C6(C(=O)OCC)C78c9c%10c%11c%12c%13c%14C%15=C%16c%17c%18c%19c%15c%13c%10c7c%19c7c%18c%10c%13c%17c%15C%16=C%16c%14c%14c%12c%12c%11c%11c%17c%18c%12c%12c%19c%18c%18c%20c%21c%22c(c%13c%13c(c%18%22)c%19C1(c%15%13)C2%16c%14%12)c%10c1c%21c(c(c%17%20)c9%11)C68c71)ccc5OCCOCCOc4c3,"[17, 20, 97, 100, 103, 14]",[],0.9999425006460647
0,top,CCOC(=O)C1=C(OC23c4c5c6c7c8c9c%10C%11=C%12C%13=C%14C%15=C%16C%17=C%18C%19=C%20C%21=C(c4c4c6c8c6c%10C(=C%19c6c%214)C%17=C%11%15)C4=C6C%20=C%18C8=C%16c%10c%14c%11c%13c%13c(c9%12)c7c7c%13c9c%11c%11c%10c8c6c(c%11c9c2c57)C134)c1ccncc1,[71],"[{'functional_group': 'trifluro', 'smiles_inds': [0]}]",0.9999993705436055
0,top,N1C(c2ccccn2)C23C4=C5C6=C7C8=C9c%10c%11c%12c%13c%14c%10c8c8c%10c%14c%14c%13c%13c%15c%12c%12c%11c%11C9=C6C6=C4C4=C9c(c%12c%12c%15c%15c%13c%13c%14c%14c%10c%10c8c7c5c5c%10c7c%14c%13c8c%15c(c9%12)C(=C24)c8c7C35C1c1ccccn1)c%116,[0],[],0.9999998740034411
0,top,O=C1c2[c-]c3c4c5[c-]c6C(=O)C7(c8ccccc8)C(=NC8(c9ccccn9)c9c1c1c2c2c3c3c%10c4c4c%11c5c5c6c6c%12C%13=C%14C%15=C%16C%17=C%18C(=C%19C3=C2C2=C3C%19=C%18C%18=C%16c%16c%14c%12c(c%12c%16c%18c3c(c12)c9%12)c8c76)C%10=C4C%17=C%15C%11=C5%13)c1ccccc1,"[7, 3, 10]","[{'functional_group': 'thiol', 'smiles_inds': [24]}]",0.9999999559689147
0,top,O=C1c2[c-]c3c4c5[c-]c6C(=O)C7(c8ccccc8)C(=NC8(c9ccccn9)c9c1c1c2c2c3c3c%10c4c4c%11c5c5c6c6c%12C%13=C%14C%15=C%16C%17=C%18C(=C%19C3=C2C2=C3C%19=C%18C%18=C%16c%16c%14c%12c(c%12c%16c%18c3c(c12)c9%12)c8c76)C%10=C4C%17=C%15C%11=C5%13)c1ccccc1,"[7, 3, 10]",[],0.9999999649023054
1,bottom,C[Si](C)(C)C(c1cc(C([Si](C)(C)C)[Si](C)(C)C)c(Sc2ccccc2Sc2ccccc2Sc2ccccc2Sc2c(cc(cc2C([Si](C)(C)C)[Si](C)(C)C)C([Si](C)(C)C)[Si](C)(C)C)C([Si](C)(C)C)[Si](C)(C)C)c(c1)C([Si](C)(C)C)[Si](C)(C)C)[Si](C)(C)C,"[25, 32]",[],2.881343133769228e-14
1,bottom,CCCCCC1c2cc3C(CCCCC)c4cc5C(CCCCC)c6cc7C(CCCCC)c8cc1c1OCOc2cc3OCOc4c(P(c2ccccc2)c2ccccc2)c5OCOc6cc7OCOc8c1OCc1cccc(COc2c3OCOc4cc5OCOc6c7cc8C(CCCCC)c9cc%10C(CCCCC)c(cc3C(CCCCC)c4cc5C7CCCCC)c2OCOc%10cc9OCOc8c6P(c2ccccc2)c2ccccc2)c1,"[48, 142]","[{'functional_group': 'thiol', 'smiles_inds': [69]}, {'functional_group': 'ketone', 'smiles_inds': [5]}]",5.3166202194887384e-14
1,bottom,C[Si](C)(C)C(c1cc(C([Si](C)(C)C)[Si](C)(C)C)c(Sc2ccccc2Sc2ccccc2Sc2ccccc2Sc2c(cc(cc2C([Si](C)(C)C)[Si](C)(C)C)C([Si](C)(C)C)[Si](C)(C)C)C([Si](C)(C)C)[Si](C)(C)C)c(c1)C([Si](C)(C)C)[Si](C)(C)C)[Si](C)(C)C,"[25, 32]","[{'functional_group': 'carboxyl', 'smiles_inds': [48]}, {'functional_group': 'ketone', 'smiles_inds': [78]}]",5.451459929029027e-14
1,bottom,Cc1cc(C(c2ccc(cc2)C2CCCCC2)c2ccc(cc2)C2CCCCC2)c(N=C(C)C(C)=Nc2c(cc(C)cc2C(c2ccc(cc2)C2CCCCC2)c2ccc(cc2)C2CCCCC2)C(c2ccc(cc2)C2CCCCC2)c2ccc(cc2)C2CCCCC2)c(c1)C(c1ccc(cc1)C1CCCCC1)c1ccc(cc1)C1CCCCC1,"[30, 35]","[{'functional_group': '2-methylbenzoic_acid', 'smiles_inds': [41]}, {'functional_group': 'thiol', 'smiles_inds': [16]}, {'functional_group': 'methyl_ester', 'smiles_inds': [112]}]",2.6947817101144195e-13
1,bottom,O=C1N2CN3C(=O)N4CN5C(=O)N6CN7C(=O)N8CN9C(=O)N%10CN%11C(=O)N%12CN1C1%13CCCCC21N1CN2C(=O)N(CN%14C(=O)N(CN%15C(=O)N(CN%16C(=O)N(CN%17C(=O)N(CN%13C1=O)C1%12CCCCC%11%171)C1%10CCCCC9%161)C18CCCCC7%151)C16CCCCC5%141)C14CCCCC321,"[26, 0, 6]","[{'functional_group': 'thiol', 'smiles_inds': [91]}]",5.100757120295775e-13
1,bottom,COC(=O)C(C)(C)NC(=O)C(NC(=O)C1(CCCCC1)NC(=O)C(C)(C)NC(=O)C1(CCCCC1)NC(=O)C(C)(C)NC(=O)c1ccc(nc1)c1ccc(cn1)C(=O)NC(C)(C)C(=O)NC1(CCCCC1)C(=O)NC(C)(C)C(=O)NC1(CCCCC1)C(=O)NC(C(C)C)C(=O)NC(C)(C)C(=O)OC)C(C)C,"[55, 48]","[{'functional_group': 'phenyl', 'smiles_inds': [20]}, {'functional_group': 'chloro', 'smiles_inds': [33]}]",5.601373147820093e-13
1,bottom,COC(=O)C(C)(C)NC(=O)C(NC(=O)C1(CCCCC1)NC(=O)C(C)(C)NC(=O)C1(CCCCC1)NC(=O)C(C)(C)NC(=O)c1ccc(nc1)c1ccc(cn1)C(=O)NC(C)(C)C(=O)NC1(CCCCC1)C(=O)NC(C)(C)C(=O)NC1(CCCCC1)C(=O)NC(C(C)C)C(=O)NC(C)(C)C(=O)OC)C(C)C,"[55, 48]","[{'functional_group': 'carboxyl', 'smiles_inds': [85]}, {'functional_group': 'ethyl', 'smiles_inds': [92]}]",1.2000882674734586e-12
1,bottom,COC(=O)C(C)(C)NC(=O)C(NC(=O)C1(CCCCC1)NC(=O)C(C)(C)NC(=O)C1(CCCCC1)NC(=O)C(C)(C)NC(=O)c1ccc(nc1)c1ccc(cn1)C(=O)NC(C)(C)C(=O)NC1(CCCCC1)C(=O)NC(C)(C)C(=O)NC1(CCCCC1)C(=O)NC(C(C)C)C(=O)NC(C)(C)C(=O)OC)C(C)C,"[55, 48]","[{'functional_group': 'ketone', 'smiles_inds': [49]}, {'functional_group': 'trichloro', 'smiles_inds': [90]}]",2.3186671796872955e-12
1,bottom,Cc1cc(C(c2ccc(cc2)C(C)(C)C)c2ccc(cc2)C(C)(C)C)c(N=C(C)C(C)=Nc2c(cc(C)cc2C(c2ccc(cc2)C(C)(C)C)c2ccc(cc2)C(C)(C)C)C(c2ccc(cc2)C(C)(C)C)c2ccc(cc2)C(C)(C)C)c(c1)C(c1ccc(cc1)C(C)(C)C)c1ccc(cc1)C(C)(C)C,"[26, 31]",[],2.405130615944093e-12
1,bottom,Cc1cc(C(c2ccc(cc2)C(C)(C)C)c2ccc(cc2)C(C)(C)C)c(N=C(C)C(C)=Nc2c(cc(C)cc2C(c2ccc(cc2)C(C)(C)C)c2ccc(cc2)C(C)(C)C)C(c2ccc(cc2)C(C)(C)C)c2ccc(cc2)C(C)(C)C)c(c1)C(c1ccc(cc1)C(C)(C)C)c1ccc(cc1)C(C)(C)C,"[26, 31]","[{'functional_group': 'trifluro', 'smiles_inds': [58]}]",2.4178012972986074e-12
1,bottom,CCCC[P](CCCC)(CCCC)CCP(CCP(CCP(CC[P](CCCC)(CCCC)CCCC)CC[P](CCCC)(CCCC)CCCC)c1ccccc1)CC[P](CCCC)(CCCC)CCCC,"[15, 18, 21]","[{'functional_group': 'methyl', 'smiles_inds': [65]}]",3.903702668570682e-12
1,bottom,CC(C)(C)c1ccc(cc1)C(c1ccc(cc1)C(C)(C)C)c1cc(F)cc(C(c2ccc(cc2)C(C)(C)C)c2ccc(cc2)C(C)(C)C)c1N=C1c2cccc3cccc(C1=Nc1c(cc(F)cc1C(c1ccc(cc1)C(C)(C)C)c1ccc(cc1)C(C)(C)C)C(c1ccc(cc1)C(C)(C)C)c1ccc(cc1)C(C)(C)C)c23,"[61, 49]",[],5.4737552461270075e-12
1,bottom,CCCC[P](CCCC)(CCCC)CCP(CCP(CCP(CC[P](CCCC)(CCCC)CCCC)CC[P](CCCC)(CCCC)CCCC)c1ccccc1)CC[P](CCCC)(CCCC)CCCC,"[15, 18, 21]","[{'functional_group': 'tribromo', 'smiles_inds': [48]}]",6.270400283956877e-12
1,bottom,O=C1N2CN3C(=O)N4CN5C(=O)N6CN7C(=O)N8CN9C(=O)N%10CN%11C(=O)N%12CN1C1%13CCCC21N1CN2C(=O)N(CN%14C(=O)N(CN%15C(=O)N(CN%16C(=O)N(CN%17C(=O)N(CN%13C1=O)C1%12CCCC%11%171)C1%10CCCC9%161)C18CCCC7%151)C16CCCC5%141)C14CCCC321,"[54, 59]","[{'functional_group': 'fluoro', 'smiles_inds': [82]}, {'functional_group': 'hydroxyl', 'smiles_inds': [3]}]",8.024178706269454e-12
1,bottom,COc1c(cc(cc1C12CC3CC(CC(C3)C1)C2)P(c1cc(c(OC)c(c1)C12CC3CC(CC(C3)C1)C2)C12CC3CC(CC(C3)C1)C2)c1ccccc1CNc1cccc2CCC3(CCc4cccc(P(c5cc(cc(c5)C(C)(C)C)C(C)(C)C)c5cc(cc(c5)C(C)(C)C)C(C)(C)C)c34)c12)C12CC3CC(CC(C3)C1)C2,"[70, 18, 54]","[{'functional_group': 'phenyl', 'smiles_inds': [20]}]",2.4103706412183543e-11
1,bottom,COc1c(cc(cc1C12CC3CC(CC(C3)C1)C2)P(c1cc(c(OC)c(c1)C12CC3CC(CC(C3)C1)C2)C12CC3CC(CC(C3)C1)C2)c1ccccc1CNc1cccc2CCC3(CCc4cccc(P(c5cc(cc(c5)C(C)(C)C)C(C)(C)C)c5cc(cc(c5)C(C)(C)C)C(C)(C)C)c34)c12)C12CC3CC(CC(C3)C1)C2,"[70, 18, 54]","[{'functional_group': 'methyl', 'smiles_inds': [72]}]",2.9028301540123954e-11
1,bottom,O1N=C(c2ccncc2)C23C4C5C6C7C8C9C%10C%11C%12C%13C%14C%15C%16C%17C%13C%13C%12C9C9C8C8C6C6C%12C%18C%19C%20C(C%17C%17C%13C9=C(C8%12)C%19%17)C%16C8C9C%15C%12C%14C%11C%11C%10C7C5C5C%11C%12C(=C9C7=C2C(C%18C%20C87)C46)C135,[6],[],4.329479995928073e-11
1,bottom,COc1c(cc(cc1C12CC3CC(CC(C3)C1)C2)P(c1cc(c(OC)c(c1)C12CC3CC(CC(C3)C1)C2)C12CC3CC(CC(C3)C1)C2)c1ccccc1CNc1cccc2CCC3(CCc4cccc(P(c5cc(cc(c5)C(C)(C)C)C(C)(C)C)c5cc(cc(c5)C(C)(C)C)C(C)(C)C)c34)c12)C12CC3CC(CC(C3)C1)C2,"[70, 18, 54]","[{'functional_group': 'amino', 'smiles_inds': [80]}, {'functional_group': 'phenyl', 'smiles_inds': [56]}]",4.738135514864233e-11
1,bottom,CC(=Nc1c(cc(cc1C(c1ccccc1)c1ccccc1)C(c1ccccc1)c1ccccc1)C1CCCCCCCCCCC1)C(C)=Nc1c(cc(cc1C(c1ccccc1)c1ccccc1)C(c1ccccc1)c1ccccc1)C1CCCCCCCCCCC1,"[2, 49]",[],1.8203072635270238e-10
1,bottom,C1Cc2ccc3C(=Nc4c(cc(cc4C(c4ccccc4)c4ccccc4)C(c4ccccc4)c4ccccc4)C(c4ccccc4)c4ccccc4)C(=Nc4c(cc(cc4C(c4ccccc4)c4ccccc4)C(c4ccccc4)c4ccccc4)C(c4ccccc4)c4ccccc4)c4ccc1c2c34,"[7, 54]","[{'functional_group': 'trifluro', 'smiles_inds': [46]}]",2.301515749158695e-10
1,median,[nH+]1c2ccccc2nc2c1c1cccnc1c1ncccc21,"[14, 17]","[{'functional_group': 'amino', 'smiles_inds': [5]}, {'functional_group': 'ethyl_ester', 'smiles_inds': [12]}]",0.41559917854742
1,median,COc1cc(C=NN=C([S-])NC2CCCCC2)c([O-])c(c1)N(=O)=O,"[6, 9, 18]","[{'functional_group': 'methyl', 'smiles_inds': [13]}, {'functional_group': 'fluoro', 'smiles_inds': [11]}]",0.4156382939203596
1,median,CCN1C(=O)CSC1=NN=C(N)c1ccccn1,"[17, 9]","[{'functional_group': 'tribromo', 'smiles_inds': [1]}, {'functional_group': 'ethyl_ester', 'smiles_inds': [13]}]",0.41572560340286197
1,median,N#CCCNc1ccccc1,[0],[],0.4157652145961714
1,median,N#Cc1ccccn1,[7],"[{'functional_group': 'amide', 'smiles_inds': [3]}]",0.41576673154217764
1,median,c1ccc(cc1)c1ccc(nc1)c1ccc(cn1)c1ccccc1,"[17, 10]","[{'functional_group': 'methyl_ester', 'smiles_inds': [22]}, {'functional_group': 'iodo', 'smiles_inds': [4]}]",0.41577582593675677
1,median,Brc1cc(Br)c([O-])c(C=NC(C(N2Cc3ccccc3C2)c2ccccc2)c2ccccc2)c1,"[12, 6, 9]",[],0.41578369574973495
1,median,CN=C(C)C=[C-]c1ccccc1,"[1, 5]","[{'functional_group': 'tribromo', 'smiles_inds': [7]}, {'functional_group': 'trichloro', 'smiles_inds': [9]}]",0.415787085287816
1,median,Fc1ccc(cc1)C=NCCN=Cc1ccc(F)cc1,"[8, 11]","[{'functional_group': 'thiol', 'smiles_inds': [10]}]",0.4157918378769001
1,median,CN(C)C([S-])=NN=C(c1[nH+]cccc1)c1ccccn1,"[4, 1, 6]","[{'functional_group': 'amide', 'smiles_inds': [18]}]",0.4158908515573266
1,median,c1ccc2cc(ccc2c1)c1ccc2cccnc2n1,[17],[],0.41591167064358275
1,median,C1CCN(C1)CCSc1ccccc1,"[3, 7]",[],0.4159535576408199
1,median,C[NH+](C)CCN(Cc1ccccn1)Cc1ccccn1,"[19, 12, 5]",[],0.4159715448982672
1,median,CC(=S)C=C(C)[N-]c1ccccc1,"[2, 6]","[{'functional_group': 'iodo', 'smiles_inds': [5]}, {'functional_group': 'amino', 'smiles_inds': [9]}]",0.4159871636348691
1,median,CN(C)CCCN=C(C)C=C([O-])C(C)(C)C,"[11, 6, 1]",[],0.4160137647459687
1,median,C(CN1C=CC=N1)OCCN1C=CC=N1,"[7, 6, 14]","[{'functional_group': 'carbonyl', 'smiles_inds': [1]}]",0.41608594661241644
1,median,CC(C)c1cccc(C(C)C)c1[N-]Cc1cccc(n1)c1ccccc1,"[19, 12]","[{'functional_group': 'carboxyllic_acid', 'smiles_inds': [2]}, {'functional_group': 'carboxylate', 'smiles_inds': [15]}, {'functional_group': 'carboxylate', 'smiles_inds': [0]}]",0.4161103400929871
1,median,C1C2C=CC1C(=C2C#Cc1ccccn1)C#Cc1ccccn1,"[22, 14]",[],0.4161109733599487
1,median,CN(C)C(=S)NC(=O)C1=CC=CO1,[4],[],0.4161242471819173
1,median,NC1=NC2=C(N=CN2CCC(CO)CO)C(=O)N1,[2],[],0.4161906600802467
1,top,O=C([O-])CCN(CCN(CC(=O)[O-])CC(=O)[O-])CCC(=O)[O-],"[12, 16, 2, 21, 8, 5]","[{'functional_group': 'tribromo', 'smiles_inds': [6]}]",0.9900163093987797
1,top,O=C([O-])CN1CCN(CCN(CC1)CC(=O)[O-])CC(=O)[O-],"[4, 10, 7, 2, 16, 20]",[],0.9904004248982081
1,top,OC(CN1CCC1C(=O)[O-])C(NCCC([O-])C(=O)[O-])C(=O)[O-],"[9, 21, 18, 15, 3, 11]",[],0.9914694153089673
1,top,CC(CN=CC1=NC=CN1)(CN=CC1=NC=CN1)CN=CC1=NC=CN1,"[19, 3, 22, 6, 11, 14]","[{'functional_group': 'cyano', 'smiles_inds': [18]}, {'functional_group': 'carbonyl', 'smiles_inds': [2]}]",0.9919304310702274
1,top,Oc1ccccc1C=NCC(CN=Cc1ccccc1[O-])(CN=Cc1ccccc1[O-])CN=Cc1ccccc1[O-],"[20, 30, 40, 12, 22, 32]",[],0.9924477392100673
1,top,OC(=O)CN(CCN(CC(O)=O)CC(=O)[O-])CCN(CC(=O)[O-])CC(=O)[O-],"[15, 22, 26, 7, 4, 18]",[],0.9933986595560952
1,top,OC(=O)CN(CCN(CC(O)=O)CC(=O)[O-])CCN(CC(=O)[O-])CC(=O)[O-],"[15, 22, 26, 7, 4, 18]","[{'functional_group': 'carboxyl', 'smiles_inds': [12]}]",0.99359603736405
1,top,O=C([O-])CN(CCN(CC(=O)[O-])CC(=O)[O-])CC(=O)[O-],"[4, 7, 2, 11, 15, 19]",[],0.9938211801280992
1,top,O=C([O-])CN(CC(=O)[O-])C1C2C1C2N(CC(=O)[O-])CC(=O)[O-],"[2, 8, 4, 17, 21, 13]",[],0.9945916185654878
1,top,Cc1ccc([O-])c(CN2CCN(CCN(CC2)Cc2nc(C)ccc2[O-])Cc2nc(C)ccc2[O-])n1,"[5, 25, 34, 8, 14, 11]",[],0.9961785443263421
1,top,CCOC(=O)C12C(=O)OCc3ccc4OCCOCCOc5cc(COC(=O)C6(C(=O)OCC)C78c9c%10c%11c%12c%13c%14C%15=C%16c%17c%18c%19c%15c%13c%10c7c%19c7c%18c%10c%13c%17c%15C%16=C%16c%14c%14c%12c%12c%11c%11c%17c%18c%12c%12c%19c%18c%18c%20c%21c%22c(c%13c%13c(c%18%22)c%19C1(c%15%13)C2%16c%14%12)c%10c1c%21c(c(c%17%20)c9%11)C68c71)ccc5OCCOCCOc4c3,"[17, 20, 97, 100, 103, 14]","[{'functional_group': 'carboxylate', 'smiles_inds': [22]}, {'functional_group': 'amide', 'smiles_inds': [95]}]",0.9999162924605549
1,top,CCOC(=O)C12C(=O)OCc3ccc4OCCOCCOc5cc(COC(=O)C6(C(=O)OCC)C78c9c%10c%11c%12c%13c%14C%15=C%16c%17c%18c%19c%15c%13c%10c7c%19c7c%18c%10c%13c%17c%15C%16=C%16c%14c%14c%12c%12c%11c%11c%17c%18c%12c%12c%19c%18c%18c%20c%21c%22c(c%13c%13c(c%18%22)c%19C1(c%15%13)C2%16c%14%12)c%10c1c%21c(c(c%17%20)c9%11)C68c71)ccc5OCCOCCOc4c3,"[17, 20, 97, 100, 103, 14]",[],0.9999380654479366
1,top,Cc1ccc(N)c(c1)C1=C2C(=O)C3=C4C5=C6C7=C8C9=C%10C%11=C%12C%13=C%10C%10=C8C8=C6C4(OOC(C)(C)C)C2=C(O1)C8(O)C%10=C1C(=O)OC2=C4OC(=O)C6=C([O-])c8c3c3c%10c%14c8C8=C%15C%16=C(C4=C68)C(=C%12C%16=C4C(=C%14%15)C6=C%10C(=C53)C7=C9C6=C%114)C2=C%131,"[5, 49, 52]","[{'functional_group': 'cyano', 'smiles_inds': [34]}, {'functional_group': 'ketone', 'smiles_inds': [32]}, {'functional_group': 'methyl', 'smiles_inds': [0]}]",0.9999807529672187
1,top,Cc1ccc(N)c(c1)C1=C2C(=O)C3=C4C5=C6C7=C8C9=C%10C%11=C%12C%13=C%10C%10=C8C8=C6C4(OOC(C)(C)C)C2=C(O1)C8(O)C%10=C1C(=O)OC2=C4OC(=O)C6=C([O-])c8c3c3c%10c%14c8C8=C%15C%16=C(C4=C68)C(=C%12C%16=C4C(=C%14%15)C6=C%10C(=C53)C7=C9C6=C%114)C2=C%131,"[5, 49, 52]",[],0.9999829627539671
1,top,C1N(CC23c4c5c6c7c8c9c%10c%11c%12c%13c%14c%10c%10c%15c%14c%14c%16c%13c%13c%12c%12c%17c%11c9c9c%11c%17c%17c%12c%12c%13c%13c%16c%16c%14c%14c%15c(c6c8%10)c4c%14c4c%16c6c%13c%12c8c%17c%10c%11c(c79)c5c2c%10c8c6C134)c1ccncc1,[1],"[{'functional_group': 'cyanimide', 'smiles_inds': [67]}, {'functional_group': 'ethyl_ester', 'smiles_inds': [0]}]",0.9999993746532159
1,top,CCOC(=O)C1=C(OC23c4c5c6c7c8c9c%10C%11=C%12C%13=C%14C%15=C%16C%17=C%18C%19=C%20C%21=C(c4c4c6c8c6c%10C(=C%19c6c%214)C%17=C%11%15)C4=C6C%20=C%18C8=C%16c%10c%14c%11c%13c%13c(c9%12)c7c7c%13c9c%11c%11c%10c8c6c(c%11c9c2c57)C134)c1ccncc1,[71],"[{'functional_group': 'cyano', 'smiles_inds': [73]}]",0.9999994743974581
1,top,CCOC(=O)C1=C(OC23c4c5c6c7c8c9c%10C%11=C%12C%13=C%14C%15=C%16C%17=C%18C%19=C%20C%21=C(c4c4c6c8c6c%10C(=C%19c6c%214)C%17=C%11%15)C4=C6C%20=C%18C8=C%16c%10c%14c%11c%13c%13c(c9%12)c7c7c%13c9c%11c%11c%10c8c6c(c%11c9c2c57)C134)c1ccncc1,[71],[],0.9999996030546799
1,top,C1N(CC23c4c5c6c7c8c9c%10c%11c%12c%13c%14c%10c%10c%15c%14c%14c%16c%13c%13c%12c%12c%17c%11c9c9c%11c%17c%17c%12c%12c%13c%13c%16c%16c%14c%14c%15c(c6c8%10)c4c%14c4c%16c6c%13c%12c8c%17c%10c%11c(c79)c5c2c%10c8c6C134)c1ccncc1,[1],[],0.9999998817161624
1,top,[O-]c1ccccc1C1=NOC23c4c5c6c7c8c9c%10c%11c%12c%13c%14c%10c%10c%15c%14c%14c%16c%13c%13c%12c%12c%17c%11c9c9c%11c%17c%17c%12c%12c%13c%13c%16c%16c%14c%14c%15c(c6c8%10)c4c%14c4c%16c6c%13c%12c8c%17c%10c%11c(c79)c5c2c%10c8c6C134,"[8, 0]","[{'functional_group': 'chloro', 'smiles_inds': [4]}]",0.9999999844597434
1,top,O=C1c2[c-]c3c4c5[c-]c6C(=O)C7(c8ccccc8)C(=NC8(c9ccccn9)c9c1c1c2c2c3c3c%10c4c4c%11c5c5c6c6c%12C%13=C%14C%15=C%16C%17=C%18C(=C%19C3=C2C2=C3C%19=C%18C%18=C%16c%16c%14c%12c(c%12c%16c%18c3c(c12)c9%12)c8c76)C%10=C4C%17=C%15C%11=C5%13)c1ccccc1,"[7, 3, 10]",[],0.9999999873803095
2,bottom,COCC1OC2OC3C(COC)OC(OC4C(COC)OC(OC5C(COC)OC(OC6C(COC)OC(OC7C(COC)OC(OC8C(COC)OC(OC1C(OC)C2OC)C(OC)C8OC)C(OC)C7OC)C(OC)C6OCc1cncc(COC2C(OC)C6OC(COC)C2OC2OC(COC)C(OC7OC(COC)C(OC8OC(COC)C(OC9OC(COC)C(OC%10OC(COC)C(OC%11OC(COC)C(O6)C(OC)C%11OC)C(OC)C%10OC)C(OC)C9OC)C(OC)C8OC)C(OC)C7OC)C(OC)C2OC)c1)C(OC)C5OC)C(OC)C4OC)C(OC)C3OC,[82],[],9.215932690865919e-17
2,bottom,CCCCCC1c2cc3C(CCCCC)c4cc5C(CCCCC)c6cc7C(CCCCC)c8cc1c1OCOc2cc3OCOc4c(P(c2ccccc2)c2ccccc2)c5OCOc6cc7OCOc8c1OCc1cccc(COc2c3OCOc4cc5OCOc6c7cc8C(CCCCC)c9cc%10C(CCCCC)c(cc3C(CCCCC)c4cc5C7CCCCC)c2OCOc%10cc9OCOc8c6P(c2ccccc2)c2ccccc2)c1,"[48, 142]","[{'functional_group': 'carboxyl', 'smiles_inds': [77]}]",3.9910503077880376e-14
2,bottom,CCCCCC1c2cc3C(CCCCC)c4cc5C(CCCCC)c6cc7C(CCCCC)c8cc1c1OCOc2cc3OCOc4c(P(c2ccccc2)c2ccccc2)c5OCOc6cc7OCOc8c1OCc1cccc(COc2c3OCOc4cc5OCOc6c7cc8C(CCCCC)c9cc%10C(CCCCC)c(cc3C(CCCCC)c4cc5C7CCCCC)c2OCOc%10cc9OCOc8c6P(c2ccccc2)c2ccccc2)c1,"[48, 142]",[],4.858757823006043e-14
2,bottom,Cc1cc(C(c2ccc(cc2)C2CCCCC2)c2ccc(cc2)C2CCCCC2)c(N=C(C)C(C)=Nc2c(cc(C)cc2C(c2ccc(cc2)C2CCCCC2)c2ccc(cc2)C2CCCCC2)C(c2ccc(cc2)C2CCCCC2)c2ccc(cc2)C2CCCCC2)c(c1)C(c1ccc(cc1)C1CCCCC1)c1ccc(cc1)C1CCCCC1,"[30, 35]",[],1.6490767769352981e-12
2,bottom,COC(=O)C(C)(C)NC(=O)C(NC(=O)C1(CCCCC1)NC(=O)C(C)(C)NC(=O)C1(CCCCC1)NC(=O)C(C)(C)NC(=O)c1ccc(nc1)c1ccc(cn1)C(=O)NC(C)(C)C(=O)NC1(CCCCC1)C(=O)NC(C)(C)C(=O)NC1(CCCCC1)C(=O)NC(C(C)C)C(=O)NC(C)(C)C(=O)OC)C(C)C,"[55, 48]","[{'functional_group': 'ketone', 'smiles_inds': [69]}]",2.8061685810395465e-12
2,bottom,Cc1cc(C)cc(c1)C(c1cc(C)cc(C)c1)c1cc(C)cc(C(c2cc(C)cc(C)c2)c2cc(C)cc(C)c2)c1N=C(C)C(C)=Nc1c(cc(C)cc1C(c1cc(C)cc(C)c1)c1cc(C)cc(C)c1)C(c1cc(C)cc(C)c1)c1cc(C)cc(C)c1,"[46, 41]",[],3.0043462021370187e-12
2,bottom,COC(=O)C(C)(C)NC(=O)C(NC(=O)C1(CCCCC1)NC(=O)C(C)(C)NC(=O)C1(CCCCC1)NC(=O)C(C)(C)NC(=O)c1ccc(nc1)c1ccc(cn1)C(=O)NC(C)(C)C(=O)NC1(CCCCC1)C(=O)NC(C)(C)C(=O)NC1(CCCCC1)C(=O)NC(C(C)C)C(=O)NC(C)(C)C(=O)OC)C(C)C,"[55, 48]","[{'functional_group': 'methyl', 'smiles_inds': [11]}, {'functional_group': 'phosphonate', 'smiles_inds': [68]}]",3.6142679721828144e-12
2,bottom,COC(=O)C(C)(C)NC(=O)C(NC(=O)C1(CCCCC1)NC(=O)C(C)(C)NC(=O)C1(CCCCC1)NC(=O)C(C)(C)NC(=O)c1ccc(nc1)c1ccc(cn1)C(=O)NC(C)(C)C(=O)NC1(CCCCC1)C(=O)NC(C)(C)C(=O)NC1(CCCCC1)C(=O)NC(C(C)C)C(=O)NC(C)(C)C(=O)OC)C(C)C,"[55, 48]","[{'functional_group': 'carboxylate', 'smiles_inds': [46]}]",4.5250806194714236e-12
2,bottom,CC(C)(C)c1ccc(cc1)C(c1ccc(cc1)C(C)(C)C)c1cc(F)cc(C(c2ccc(cc2)C(C)(C)C)c2ccc(cc2)C(C)(C)C)c1N=C1c2cccc3cccc(C1=Nc1c(cc(F)cc1C(c1ccc(cc1)C(C)(C)C)c1ccc(cc1)C(C)(C)C)C(c1ccc(cc1)C(C)(C)C)c1ccc(cc1)C(C)(C)C)c23,"[61, 49]",[],1.436031914759435e-11
2,bottom,CC(C)COc1cc(nc2nc(NC(=O)c3cc(OCC(C)C)c4ccc(NC(=O)c5cc(OCC(C)C)c6cc(OCC(C)C)c(cc6n5)C(=O)NNC(=O)c5ccc(nn5)c5cccc(n5)c5ccc(nn5)C(=O)NNC(=O)c5cc6nc(cc(OCC(C)C)c6cc5OCC(C)C)C(=O)Nc5ccc6c(OCC(C)C)cc(nc6n5)C(=O)Nc5ccc6c(OCC(C)C)cc(nc6n5)C(=O)Nc5cccc(NC(=O)c6cc(OCC(C)C)c7cccc(NC(=O)c8cc(OCC(C)C)c9cccc(NC(=O)c%10cc(OCC(C)C)c%11cccc(c%11n%10)N(=O)=O)c9n8)c7n6)n5)nc4n3)ccc12)C(=O)Nc1cccc(NC(=O)c2cc(OCC(C)C)c3cccc(NC(=O)c4cc(OCC(C)C)c5cccc(NC(=O)c6cc(OCC(C)C)c7cccc(c7n6)N(=O)=O)c5n4)c3n2)n1,"[60, 67, 73]","[{'functional_group': '2-methylbenzoic_acid', 'smiles_inds': [242]}]",1.921769905527188e-11
2,bottom,COc1c(cc(cc1C12CC3CC(CC(C3)C1)C2)P(c1cc(c(OC)c(c1)C12CC3CC(CC(C3)C1)C2)C12CC3CC(CC(C3)C1)C2)c1ccccc1CNc1cccc2CCC3(CCc4cccc(P(c5cc(cc(c5)C(C)(C)C)C(C)(C)C)c5cc(cc(c5)C(C)(C)C)C(C)(C)C)c34)c12)C12CC3CC(CC(C3)C1)C2,"[70, 18, 54]","[{'functional_group': 'methyl', 'smiles_inds': [41]}]",2.4754183955501632e-11
2,bottom,CC(C)(C)c1ccc(cc1)C(c1ccc(cc1)C(C)(C)C)c1cc(F)cc(C(c2ccc(cc2)C(C)(C)C)c2ccc(cc2)C(C)(C)C)c1N=C1c2cccc3cccc(C1=Nc1c(cc(F)cc1C(c1ccc(cc1)C(C)(C)C)c1ccc(cc1)C(C)(C)C)C(c1ccc(cc1)C(C)(C)C)c1ccc(cc1)C(C)(C)C)c23,"[61, 49]","[{'functional_group': 'carboxylate', 'smiles_inds': [72]}, {'functional_group': 'aldehyde', 'smiles_inds': [53]}]",2.824999295795989e-11
2,bottom,COc1c(cc(cc1C12CC3CC(CC(C3)C1)C2)P(c1cc(c(OC)c(c1)C12CC3CC(CC(C3)C1)C2)C12CC3CC(CC(C3)C1)C2)c1ccccc1CNc1cccc2CCC3(CCc4cccc(P(c5cc(cc(c5)C(C)(C)C)C(C)(C)C)c5cc(cc(c5)C(C)(C)C)C(C)(C)C)c34)c12)C12CC3CC(CC(C3)C1)C2,"[70, 18, 54]",[],4.777501096111419e-11
2,bottom,C[Si](C)(C)C(c1cc(C([Si](C)(C)C)[Si](C)(C)C)c([Se]c2ccccc2[Se]c2ccccc2[Se]c2ccccc2[Se]c2c(cc(cc2C([Si](C)(C)C)[Si](C)(C)C)C([Si](C)(C)C)[Si](C)(C)C)C([Si](C)(C)C)[Si](C)(C)C)c(c1)C([Si](C)(C)C)[Si](C)(C)C)[Si](C)(C)C,"[25, 32]",[],5.4237455222521714e-11
2,bottom,CC(C)COc1cc(nc2nc(NC(=O)c3cc(OCC(C)C)c4ccc(NC(=O)c5cc(OCC(C)C)c6cc(OCC(C)C)c(cc6n5)C(=O)NNC(=O)c5ccc(nn5)c5cccc(n5)c5ccc(nn5)C(=O)NNC(=O)c5cc6nc(cc(OCC(C)C)c6cc5OCC(C)C)C(=O)Nc5ccc6c(OCC(C)C)cc(nc6n5)C(=O)Nc5ccc6c(OCC(C)C)cc(nc6n5)C(=O)Nc5cccc(NC(=O)c6cc(OCC(C)C)c7cccc(NC(=O)c8cc(OCC(C)C)c9cccc(NC(=O)c%10cc(OCC(C)C)c%11cccc(c%11n%10)N(=O)=O)c9n8)c7n6)n5)nc4n3)ccc12)C(=O)Nc1cccc(NC(=O)c2cc(OCC(C)C)c3cccc(NC(=O)c4cc(OCC(C)C)c5cccc(NC(=O)c6cc(OCC(C)C)c7cccc(c7n6)N(=O)=O)c5n4)c3n2)n1,"[60, 67, 73]","[{'functional_group': 'thiol', 'smiles_inds': [151]}]",6.36449720403014e-11
2,bottom,CCCC[P](CCCC)(CCCC)CCP(CCP(CCP(CC[P](CCCC)(CCCC)CCCC)CC[P](CCCC)(CCCC)CCCC)c1ccccc1)CC[P](CCCC)(CCCC)CCCC,"[15, 18, 21]","[{'functional_group': 'trichloro', 'smiles_inds': [34]}]",1.3204065363556484e-10
2,bottom,CC(=Nc1c(cc(cc1C(c1ccccc1)c1ccccc1)C(c1ccccc1)c1ccccc1)C1CCCCCCCCCCC1)C(C)=Nc1c(cc(cc1C(c1ccccc1)c1ccccc1)C(c1ccccc1)c1ccccc1)C1CCCCCCCCCCC1,"[2, 49]","[{'functional_group': 'ketone', 'smiles_inds': [83]}, {'functional_group': 'fluoro', 'smiles_inds': [34]}, {'functional_group': 'thiol', 'smiles_inds': [61]}]",1.7966998720489495e-10
2,bottom,C[Si](C)(C)c1cc(cc(c1)[Si](C#CP(C#C[Si](c1cc(cc(c1)[Si](C)(C)C)[Si](C)(C)C)(c1cc(cc(c1)[Si](C)(C)C)[Si](C)(C)C)c1cc(cc(c1)[Si](C)(C)C)[Si](C)(C)C)C#C[Si](c1cc(cc(c1)[Si](C)(C)C)[Si](C)(C)C)(c1cc(cc(c1)[Si](C)(C)C)[Si](C)(C)C)c1cc(cc(c1)[Si](C)(C)C)[Si](C)(C)C)(c1cc(cc(c1)[Si](C)(C)C)[Si](C)(C)C)c1cc(cc(c1)[Si](C)(C)C)[Si](C)(C)C)[Si](C)(C)C,[13],[],1.9731693466474485e-10
2,bottom,CN(C)C(=Nc1ccccc1C=Nc1c(cc(C)cc1C(c1cc(cc(c1)C(C)(C)C)C(C)(C)C)c1cc(cc(c1)C(C)(C)C)C(C)(C)C)C(c1cc(cc(c1)C(C)(C)C)C(C)(C)C)c1cc(cc(c1)C(C)(C)C)C(C)(C)C)N(C)C,"[12, 4]","[{'functional_group': 'ether', 'smiles_inds': [69]}]",2.102219576764906e-10
2,bottom,CC(C)(C)c1cc2Cc3cc(cc(Cc4cc(cc(Cc5cc(cc6Cc7cc(cc(Cc8cc(cc(Cc9cc(cc(Cc%10cc(cc(Cc(c1)c2O)c%10O)C(C)(C)C)c9OCc1ccc2ccc9ccc(COc56)nc9c2n1)C(C)(C)C)c8O)C(C)(C)C)c7O)C(C)(C)C)C(C)(C)C)c4[O-])C(C)(C)C)c3O)C(C)(C)C,"[79, 61, 76]",[],2.2836110818776428e-10
2,median,O=N(=O)C1=CC=C(S1)C1=CC=C(S1)C#N,[14],"[{'functional_group': 'carbonyl', 'smiles_inds': [9]}, {'functional_group': '2-methylbenzoic_acid', 'smiles_inds': [5]}]",0.39714434651245206
2,median,[O-]c1c2ccccc2c2ccccc2c1N=NC(=S)NCc1ccccc1,"[18, 0, 15]",[],0.3971466099687237
2,median,CCC[NH+]=Cc1cc(Cl)cc(C=NCCC)c1[O-],"[12, 17]","[{'functional_group': 'ethyl_ester', 'smiles_inds': [11]}, {'functional_group': 'carboxyl', 'smiles_inds': [15]}]",0.3971636493664723
2,median,[NH3+]c1ccc(cc1)C(O)=O,[0],"[{'functional_group': 'iodo', 'smiles_inds': [3]}]",0.3971845040077368
2,median,CCN1C=C(C(=O)[O-])C(=O)c2cc(F)c(N3CC[NH2+]C(C)C3)c(F)c12,"[7, 9]","[{'functional_group': 'cyanimide', 'smiles_inds': [17]}]",0.3972092859085655
2,median,Cc1cc(C)[c-]c(c1)S(=O)(=O)c1cc(C)cc(C)[c-]1,"[9, 5, 18]","[{'functional_group': 'trichloro', 'smiles_inds': [14]}, {'functional_group': 'phosphonate', 'smiles_inds': [7]}, {'functional_group': 'cyanimide', 'smiles_inds': [4]}]",0.39723430667041343
2,median,c1ccc(nc1)C1=NC(=N[N-]1)c1ccncc1,"[10, 4]","[{'functional_group': 'amide', 'smiles_inds': [0]}]",0.3972345515087583
2,median,Cc1ccccc1[NH+]=Cc1c([O-])ccc2ccccc12,[11],"[{'functional_group': 'ethyl_ester', 'smiles_inds': [0]}]",0.39726213257870735
2,median,O=C([O-])CN(CC(=O)[O-])CC1=CN(N=N1)c1ccc2OS(=O)(=O)C=Cc2c1,"[4, 8, 2]","[{'functional_group': 'phenyl', 'smiles_inds': [24]}, {'functional_group': 'aldehyde', 'smiles_inds': [16]}, {'functional_group': 'amide', 'smiles_inds': [23]}]",0.39732788867640956
2,median,O=C(Nc1cccc2[nH+]cccc12)C1=CNC=N1,"[0, 17]","[{'functional_group': 'methyl_ester', 'smiles_inds': [16]}]",0.397358034595724
2,median,CN1CCN(C)C(=S)C1=O,"[7, 9]","[{'functional_group': 'methyl', 'smiles_inds': [3]}]",0.3974220183306488
2,median,CN(CCCC(=O)c1cccnc1)N=O,[14],[],0.39745165828480106
2,median,O=C(Nc1cccc2[nH+]cccc12)C1=CNC=N1,"[0, 17]","[{'functional_group': 'methyl', 'smiles_inds': [11]}, {'functional_group': 'trichloro', 'smiles_inds': [8]}, {'functional_group': 'hydroxyl', 'smiles_inds': [14]}]",0.39746159666540426
2,median,N#CCCNc1ccccc1,[0],[],0.3974837902307061
2,median,O=C([O-])CN(CC(=O)[O-])Cc1ccc(cc1)N(=O)=O,"[2, 8, 4]","[{'functional_group': 'methyl_ester', 'smiles_inds': [12]}, {'functional_group': '2-methylbenzoic_acid', 'smiles_inds': [5]}, {'functional_group': 'phosphonate', 'smiles_inds': [3]}]",0.3974978208803077
2,median,C(N1C=C(N=N1)c1ccccn1)c1cccc(CN2C=C(N=N2)c2ccccn2)n1,"[4, 18]","[{'functional_group': 'ketone', 'smiles_inds': [10]}]",0.3975732638630661
2,median,[S-]C1=C(NC(=C1[S-])c1cc[nH+]cc1)c1cc[nH+]cc1,"[6, 0]","[{'functional_group': 'ethyl_ester', 'smiles_inds': [10]}, {'functional_group': '2-hydroxypyridine', 'smiles_inds': [8]}, {'functional_group': 'carboxyllic_acid', 'smiles_inds': [9]}]",0.3976011497092513
2,median,O=C(Nc1cccc2[nH+]cccc12)C1=CNC=N1,"[0, 17]","[{'functional_group': '2-hydroxypyridine', 'smiles_inds': [14]}, {'functional_group': 'thiol', 'smiles_inds': [10]}]",0.3976715183370548
2,median,CC1(C)C(O)C(C)(C)c2c3cccnc3c3ncccc3c12,"[16, 13]",[],0.3977022790472768
2,median,CC(C)Oc1c([CH2-])cccc1c1ccccc1,"[3, 6]","[{'functional_group': 'cyanimide', 'smiles_inds': [7]}, {'functional_group': 'bromo', 'smiles_inds': [2]}]",0.39771375402782755
2,top,Oc1ccccc1C=NCC(CN=Cc1ccccc1[O-])(CN=Cc1ccccc1[O-])CN=Cc1ccccc1[O-],"[20, 30, 40, 12, 22, 32]","[{'functional_group': 'thiol', 'smiles_inds': [11]}]",0.9969117254154121
2,top,Oc1ccc(Br)cc1C=NCC(CN=Cc1cc(Br)ccc1[O-])(CN=Cc1cc(Br)ccc1[O-])CN=Cc1cc(Br)ccc1[O-],"[22, 33, 44, 13, 24, 35]","[{'functional_group': 'ketone', 'smiles_inds': [2]}, {'functional_group': 'phosphonate', 'smiles_inds': [25]}, {'functional_group': 'carbonyl', 'smiles_inds': [14]}]",0.9969390820195517
2,top,Oc1ccccc1C=NCC(CN=Cc1ccccc1[O-])(CN=Cc1ccccc1[O-])CN=Cc1ccccc1[O-],"[20, 30, 40, 12, 22, 32]","[{'functional_group': 'carboxyllic_acid', 'smiles_inds': [23]}, {'functional_group': 'phosphonate', 'smiles_inds': [38]}]",0.9969673462141685
2,top,Oc1ccccc1C=NCC(CN=Cc1ccccc1[O-])(CN=Cc1ccccc1[O-])CN=Cc1ccccc1[O-],"[20, 30, 40, 12, 22, 32]","[{'functional_group': 'phosphonate', 'smiles_inds': [15]}]",0.9970203241550195
2,top,Oc1ccccc1C=NCC(CN=Cc1ccccc1[O-])(CN=Cc1ccccc1[O-])CN=Cc1ccccc1[O-],"[20, 30, 40, 12, 22, 32]","[{'functional_group': 'phosphonate', 'smiles_inds': [35]}]",0.9970203241550195
2,top,Oc1ccccc1C=NCC(CN=Cc1ccccc1[O-])(CN=Cc1ccccc1[O-])CN=Cc1ccccc1[O-],"[20, 30, 40, 12, 22, 32]","[{'functional_group': 'carboxyl', 'smiles_inds': [31]}, {'functional_group': 'carboxylate', 'smiles_inds': [23]}]",0.9970444620238245
2,top,Oc1ccccc1C=NCC(CN=Cc1ccccc1[O-])(CN=Cc1ccccc1[O-])CN=Cc1ccccc1[O-],"[20, 30, 40, 12, 22, 32]","[{'functional_group': 'carboxylate', 'smiles_inds': [11]}]",0.9974082709961671
2,top,Oc1ccccc1C=NCC(CN=Cc1ccccc1[O-])(CN=Cc1ccccc1[O-])CN=Cc1ccccc1[O-],"[20, 30, 40, 12, 22, 32]","[{'functional_group': 'carboxylate', 'smiles_inds': [13]}, {'functional_group': 'chloro', 'smiles_inds': [18]}]",0.9976503121224596
2,top,Oc1ccccc1C=NCC(CN=Cc1ccccc1[O-])(CN=Cc1ccccc1[O-])CN=Cc1ccccc1[O-],"[20, 30, 40, 12, 22, 32]","[{'functional_group': 'carboxylate', 'smiles_inds': [13]}]",0.9977148525646411
2,top,Oc1ccccc1C=NCC(CN=Cc1ccccc1[O-])(CN=Cc1ccccc1[O-])CN=Cc1ccccc1[O-],"[20, 30, 40, 12, 22, 32]","[{'functional_group': 'carboxylate', 'smiles_inds': [23]}]",0.9977148525646411
2,top,Oc1ccccc1C=NCC(CN=Cc1ccccc1[O-])(CN=Cc1ccccc1[O-])CN=Cc1ccccc1[O-],"[20, 30, 40, 12, 22, 32]","[{'functional_group': 'carboxylate', 'smiles_inds': [17]}, {'functional_group': 'ketone', 'smiles_inds': [26]}]",0.9978261021422268
2,top,Oc1ccccc1C=NCC(CN=Cc1ccccc1[O-])(CN=Cc1ccccc1[O-])CN=Cc1ccccc1[O-],"[20, 30, 40, 12, 22, 32]","[{'functional_group': 'carboxylate', 'smiles_inds': [33]}, {'functional_group': 'aldehyde', 'smiles_inds': [11]}]",0.9978484541690147
2,top,Oc1ccccc1C=NCC(CN=Cc1ccccc1[O-])(CN=Cc1ccccc1[O-])CN=Cc1ccccc1[O-],"[20, 30, 40, 12, 22, 32]","[{'functional_group': 'carboxylate', 'smiles_inds': [36]}]",0.9981357976802108
2,top,Oc1ccccc1C=NCC(CN=Cc1ccccc1[O-])(CN=Cc1ccccc1[O-])CN=Cc1ccccc1[O-],"[20, 30, 40, 12, 22, 32]","[{'functional_group': 'amino', 'smiles_inds': [33]}, {'functional_group': 'carboxylate', 'smiles_inds': [36]}]",0.9983557618462944
2,top,CC1CNCC2(C)CNCC(C)CNCC(C)(CNC1)CNCC(C)CNC2,"[3, 18, 8, 13, 26, 21]","[{'functional_group': 'cyanimide', 'smiles_inds': [16]}, {'functional_group': 'carboxylate', 'smiles_inds': [11]}]",0.9983860483076462
2,top,OC(CN(CC(=O)[O-])CC(=O)[O-])CN(CC(=O)[O-])CC(=O)[O-],"[13, 3, 21, 17, 11, 7]","[{'functional_group': 'amino', 'smiles_inds': [2]}]",0.998508098452651
2,top,CC12CNCC(CN(CNC1)CC1(C)CNCC(CNC2)(CNC1)N(=O)=O)N(=O)=O,"[9, 19, 3, 7, 15, 22]","[{'functional_group': 'hydroxyl', 'smiles_inds': [13]}, {'functional_group': 'thiol', 'smiles_inds': [0]}]",0.9987199658667799
2,top,CC(C)(CN(CC(=O)[O-])CC(=O)[O-])CN(CC(=O)[O-])CC(=O)[O-],"[4, 14, 8, 18, 12, 22]","[{'functional_group': 'cyanimide', 'smiles_inds': [0]}]",0.9989789359155871
2,top,O=C1c2[c-]c3c4c5[c-]c6C(=O)C7(c8ccccc8)C(=NC8(c9ccccn9)c9c1c1c2c2c3c3c%10c4c4c%11c5c5c6c6c%12C%13=C%14C%15=C%16C%17=C%18C(=C%19C3=C2C2=C3C%19=C%18C%18=C%16c%16c%14c%12c(c%12c%16c%18c3c(c12)c9%12)c8c76)C%10=C4C%17=C%15C%11=C5%13)c1ccccc1,"[7, 3, 10]","[{'functional_group': 'amino', 'smiles_inds': [17]}]",0.9997330688467492
2,top,O=C1c2[c-]c3c4c5[c-]c6C(=O)C7(c8ccccc8)C(=NC8(c9ccccn9)c9c1c1c2c2c3c3c%10c4c4c%11c5c5c6c6c%12C%13=C%14C%15=C%16C%17=C%18C(=C%19C3=C2C2=C3C%19=C%18C%18=C%16c%16c%14c%12c(c%12c%16c%18c3c(c12)c9%12)c8c76)C%10=C4C%17=C%15C%11=C5%13)c1ccccc1,"[7, 3, 10]","[{'functional_group': 'cyano', 'smiles_inds': [24]}]",0.9997403643008829
3,bottom,COCC1OC2OC3C(COC)OC(OC4C(COC)OC(OC5C(COC)OC(OC6C(COC)OC(OC7C(COC)OC(OC8C(COC)OC(OC1C(OC)C2OC)C(OC)C8OC)C(OC)C7OC)C(OC)C6OCc1cncc(COC2C(OC)C6OC(COC)C2OC2OC(COC)C(OC7OC(COC)C(OC8OC(COC)C(OC9OC(COC)C(OC%10OC(COC)C(OC%11OC(COC)C(O6)C(OC)C%11OC)C(OC)C%10OC)C(OC)C9OC)C(OC)C8OC)C(OC)C7OC)C(OC)C2OC)c1)C(OC)C5OC)C(OC)C4OC)C(OC)C3OC,[82],"[{'functional_group': 'phenyl', 'smiles_inds': [37]}]",1.3726757569598849e-14
3,bottom,C[Si](C)(C)C(c1cc(C([Si](C)(C)C)[Si](C)(C)C)c(Sc2ccccc2Sc2ccccc2Sc2ccccc2Sc2c(cc(cc2C([Si](C)(C)C)[Si](C)(C)C)C([Si](C)(C)C)[Si](C)(C)C)C([Si](C)(C)C)[Si](C)(C)C)c(c1)C([Si](C)(C)C)[Si](C)(C)C)[Si](C)(C)C,"[25, 32]","[{'functional_group': 'aldehyde', 'smiles_inds': [15]}]",5.979025544392808e-14
3,bottom,COCC1OC2OC3C(COC)OC(OC4C(COC)OC(OC5C(COC)OC(OC6C(COC)OC(OC7C(COC)OC(OC8C(COC)OC(OC1C(OC)C2OC)C(OC)C8OC)C(OC)C7OC)C(OC)C6OCc1cncc(COC2C(OC)C6OC(COC)C2OC2OC(COC)C(OC7OC(COC)C(OC8OC(COC)C(OC9OC(COC)C(OC%10OC(COC)C(OC%11OC(COC)C(O6)C(OC)C%11OC)C(OC)C%10OC)C(OC)C9OC)C(OC)C8OC)C(OC)C7OC)C(OC)C2OC)c1)C(OC)C5OC)C(OC)C4OC)C(OC)C3OC,[82],"[{'functional_group': 'ethyl_ester', 'smiles_inds': [45]}, {'functional_group': 'cyano', 'smiles_inds': [198]}]",7.777602436940043e-14
3,bottom,COCC1OC2OC3C(COC)OC(OC4C(COC)OC(OC5C(COC)OC(OC6C(COC)OC(OC7C(COC)OC(OC8C(COC)OC(OC1C(OC)C2OC)C(OC)C8OC)C(OC)C7OC)C(OC)C6OCc1cncc(COC2C(OC)C6OC(COC)C2OC2OC(COC)C(OC7OC(COC)C(OC8OC(COC)C(OC9OC(COC)C(OC%10OC(COC)C(OC%11OC(COC)C(O6)C(OC)C%11OC)C(OC)C%10OC)C(OC)C9OC)C(OC)C8OC)C(OC)C7OC)C(OC)C2OC)c1)C(OC)C5OC)C(OC)C4OC)C(OC)C3OC,[82],[],9.495255838963386e-14
3,bottom,C[Si](C)(C)C(c1cc(C([Si](C)(C)C)[Si](C)(C)C)c(Sc2ccccc2Sc2ccccc2Sc2ccccc2Sc2c(cc(cc2C([Si](C)(C)C)[Si](C)(C)C)C([Si](C)(C)C)[Si](C)(C)C)C([Si](C)(C)C)[Si](C)(C)C)c(c1)C([Si](C)(C)C)[Si](C)(C)C)[Si](C)(C)C,"[25, 32]","[{'functional_group': 'carboxylate', 'smiles_inds': [48]}]",1.0782933377572596e-13
3,bottom,C[Si](C)(C)C(c1cc(C([Si](C)(C)C)[Si](C)(C)C)c(Sc2ccccc2[Se]c2ccccc2[Se]c2ccccc2Sc2c(cc(cc2C([Si](C)(C)C)[Si](C)(C)C)C([Si](C)(C)C)[Si](C)(C)C)C([Si](C)(C)C)[Si](C)(C)C)c(c1)C([Si](C)(C)C)[Si](C)(C)C)[Si](C)(C)C,"[25, 32]","[{'functional_group': 'methyl', 'smiles_inds': [48]}, {'functional_group': 'amide', 'smiles_inds': [66]}]",3.3140418987444207e-13
3,bottom,O=C1N2CN3C(=O)N4CN5C(=O)N6CN7C(=O)N8CN9C(=O)N%10CN%11C(=O)N%12CN1C1%13CCCCC21N1CN2C(=O)N(CN%14C(=O)N(CN%15C(=O)N(CN%16C(=O)N(CN%17C(=O)N(CN%13C1=O)C1%12CCCCC%11%171)C1%10CCCCC9%161)C18CCCCC7%151)C16CCCCC5%141)C14CCCCC321,"[26, 0, 6]","[{'functional_group': 'thiol', 'smiles_inds': [3]}]",3.731992922720109e-13
3,bottom,C[Si](C)(C)C(c1cc(C([Si](C)(C)C)[Si](C)(C)C)c([Se]c2ccccc2Sc2ccccc2Sc2ccccc2[Se]c2c(cc(cc2C([Si](C)(C)C)[Si](C)(C)C)C([Si](C)(C)C)[Si](C)(C)C)C([Si](C)(C)C)[Si](C)(C)C)c(c1)C([Si](C)(C)C)[Si](C)(C)C)[Si](C)(C)C,"[25, 32]",[],1.5932080929628037e-12
3,bottom,CC(C)(C)c1cc2c3cc(cc4c5cc(cc6c7cc(cc8c9cc(cc%10c%11cc(cc%12c(c1)c2c1c(c34)c(c56)c(c78)c(c9%10)c1c%11%12)C(C)(C)C)C(C)(C)C)C(C)(C)C)C(C)(C)C)P(c1ccccc1)c1cc2c3cc(cc4c5cc(cc6c7cc(cc8c9cc(cc%10c%11cc(cc%12c(c1)c2c1c(c34)c(c56)c(c78)c(c9%10)c1c%11%12)C(C)(C)C)C(C)(C)C)C(C)(C)C)C(C)(C)C)C(C)(C)C,[62],"[{'functional_group': 'carboxyl', 'smiles_inds': [73]}]",2.9422644480635792e-12
3,bottom,O=C1N2CN3C(=O)N4CN5C(=O)N6CN7C(=O)N8CN9C(=O)N%10CN%11C(=O)N%12CN1C1%13CCCC21N1CN2C(=O)N(CN%14C(=O)N(CN%15C(=O)N(CN%16C(=O)N(CN%17C(=O)N(CN%13C1=O)C1%12CCCC%11%171)C1%10CCCC9%161)C18CCCC7%151)C16CCCC5%141)C14CCCC321,"[54, 59]","[{'functional_group': 'tribromo', 'smiles_inds': [36]}]",3.3885975857994606e-12
3,bottom,O=C1N2CN3C(=O)N4CN5C(=O)N6CN7C(=O)N8CN9C(=O)N%10CN1C1%11CCCC21N1CN2C(=O)N(CN%12C(=O)N(CN%13C(=O)N(CN%14C(=O)N(CN%11C1=O)C1%10CCCC9%141)C18CCCC7%131)C16CCCC5%121)C14CCCC321,"[0, 6]","[{'functional_group': 'carbonyl', 'smiles_inds': [73]}, {'functional_group': 'amide', 'smiles_inds': [57]}]",5.3305388895547505e-11
3,bottom,C[Si](C)(C)C(c1cc(C([Si](C)(C)C)[Si](C)(C)C)c([Se]c2ccccc2[Se]c2ccccc2[Se]c2ccccc2[Se]c2c(cc(cc2C([Si](C)(C)C)[Si](C)(C)C)C([Si](C)(C)C)[Si](C)(C)C)C([Si](C)(C)C)[Si](C)(C)C)c(c1)C([Si](C)(C)C)[Si](C)(C)C)[Si](C)(C)C,"[25, 32]","[{'functional_group': 'phosphonate', 'smiles_inds': [78]}]",7.535384627613394e-11
3,bottom,C[Si](C)(C)c1cc(cc(c1)[Si](C#CP(C#C[Si](c1cc(cc(c1)[Si](C)(C)C)[Si](C)(C)C)(c1cc(cc(c1)[Si](C)(C)C)[Si](C)(C)C)c1cc(cc(c1)[Si](C)(C)C)[Si](C)(C)C)C#C[Si](c1cc(cc(c1)[Si](C)(C)C)[Si](C)(C)C)(c1cc(cc(c1)[Si](C)(C)C)[Si](C)(C)C)c1cc(cc(c1)[Si](C)(C)C)[Si](C)(C)C)(c1cc(cc(c1)[Si](C)(C)C)[Si](C)(C)C)c1cc(cc(c1)[Si](C)(C)C)[Si](C)(C)C)[Si](C)(C)C,[13],"[{'functional_group': 'chloro', 'smiles_inds': [131]}]",1.209278641733867e-10
3,bottom,CCCC[P](CCCC)(CCCC)CCP(CCP(CCP(CC[P](CCCC)(CCCC)CCCC)CC[P](CCCC)(CCCC)CCCC)c1ccccc1)CC[P](CCCC)(CCCC)CCCC,"[15, 18, 21]",[],1.386524168778983e-10
3,bottom,C[Si](C)(C)c1cc(cc(c1)[Si](C#CP(C#C[Si](c1cc(cc(c1)[Si](C)(C)C)[Si](C)(C)C)(c1cc(cc(c1)[Si](C)(C)C)[Si](C)(C)C)c1cc(cc(c1)[Si](C)(C)C)[Si](C)(C)C)C#C[Si](c1cc(cc(c1)[Si](C)(C)C)[Si](C)(C)C)(c1cc(cc(c1)[Si](C)(C)C)[Si](C)(C)C)c1cc(cc(c1)[Si](C)(C)C)[Si](C)(C)C)(c1cc(cc(c1)[Si](C)(C)C)[Si](C)(C)C)c1cc(cc(c1)[Si](C)(C)C)[Si](C)(C)C)[Si](C)(C)C,[13],"[{'functional_group': 'carboxyllic_acid', 'smiles_inds': [79]}, {'functional_group': 'phosphonate', 'smiles_inds': [44]}]",1.4453171788151784e-10
3,bottom,C1CCCCCCCCCCCP2CCCCCCCCCCCCCCCCCCCCCCP(CCCCCCCCCC1)CCCCCCCCCCCCCCCCCCCCCC2,"[12, 35]","[{'functional_group': 'carboxyl', 'smiles_inds': [25]}, {'functional_group': 'methyl_ester', 'smiles_inds': [13]}]",2.073038244576581e-10
3,bottom,CC(C)(C)c1cc2c(OP(OC3C(CO[Si](c4ccccc4)(c4ccccc4)C(C)(C)C)OC(CO[Si](c4ccccc4)(c4ccccc4)C(C)(C)C)C3OP3Oc4c(cc(cc4C(C)(C)C)C(C)(C)C)c4cc(cc(c4O3)C(C)(C)C)C(C)(C)C)Oc3c2cc(cc3C(C)(C)C)C(C)(C)C)c(c1)C(C)(C)C,"[9, 55]","[{'functional_group': 'methyl', 'smiles_inds': [98]}, {'functional_group': 'methyl_ester', 'smiles_inds': [74]}]",2.0916755755091794e-10
3,bottom,CN(C)C(=Nc1ccccc1C=Nc1c(cc(C)cc1C(c1cc(cc(c1)C(C)(C)C)C(C)(C)C)c1cc(cc(c1)C(C)(C)C)C(C)(C)C)C(c1cc(cc(c1)C(C)(C)C)C(C)(C)C)c1cc(cc(c1)C(C)(C)C)C(C)(C)C)N(C)C,"[12, 4]","[{'functional_group': 'carboxyl', 'smiles_inds': [22]}]",3.830083209854607e-10
3,bottom,Cc1cc(C(c2ccc(cc2)C2CCCCC2)c2ccc(cc2)C2CCCCC2)c(N=C(C)C(C)=Nc2c(cc(C)cc2C(c2ccc(cc2)C2CCCCC2)c2ccc(cc2)C2CCCCC2)C(c2ccc(cc2)C2CCCCC2)c2ccc(cc2)C2CCCCC2)c(c1)C(c1ccc(cc1)C1CCCCC1)c1ccc(cc1)C1CCCCC1,"[30, 35]",[],4.150361713783276e-10
3,bottom,Cc1cc(C)c(B(CCCP(CCCB(c2c(C)cc(C)cc2C)c2c(C)cc(C)cc2C)CCP(CCCB(c2c(C)cc(C)cc2C)c2c(C)cc(C)cc2C)CCCB(c2c(C)cc(C)cc2C)c2c(C)cc(C)cc2C)c2c(C)cc(C)cc2C)c(C)c1,"[35, 10]","[{'functional_group': 'ether', 'smiles_inds': [90]}]",5.974187698977086e-10
3,median,Cc1cc(CN2CCOCC2)c([O-])c(c1)C(c1ccccc1)(c1ccccc1)c1ccccc1,"[5, 12]","[{'functional_group': 'carbonyl', 'smiles_inds': [6]}]",0.39517477841355536
3,median,CC1NCCCNC(C)c2cccc(n2)C(C)NCCCNC(C)c2cccc1n2,"[21, 29, 2, 6, 14, 17]","[{'functional_group': 'iodo', 'smiles_inds': [11]}]",0.395237494683342
3,median,Cc1ccc(cc1)c1ccccn1,[12],"[{'functional_group': 'thiol', 'smiles_inds': [11]}, {'functional_group': 'cyano', 'smiles_inds': [8]}]",0.3952501787336921
3,median,CC(C)[NH2+]CCN=Cc1cc(Br)ccc1[O-],"[15, 6]",[],0.39527555480458576
3,median,[O-]C(=NN=Cc1[nH+]c2ccccc2cc1)c1[nH+]cccc1,"[0, 3]","[{'functional_group': '2-hydroxypyridine', 'smiles_inds': [10]}, {'functional_group': 'ethyl_ester', 'smiles_inds': [14]}]",0.39531642226242764
3,median,Cc1c(c(C)c(c(C)c1c1ccc(O)cc1)c1ccc(O)cc1)c1ccc(O)cc1,[27],"[{'functional_group': 'phosphonate', 'smiles_inds': [13]}]",0.39532055976359803
3,median,Cc1ccc(N=Nc2ccccc2S(=O)Cc2ccccc2)[c-]c1,"[13, 6, 22]",[],0.39537513278714553
3,median,[NH3+]C12C[NH2+]CC[NH2+]CC(C)(CNCC[NH2+]C1)CSCCNC2,"[17, 6, 11, 20, 3, 14]","[{'functional_group': 'amino', 'smiles_inds': [18]}, {'functional_group': '2-methylbenzoic_acid', 'smiles_inds': [7]}, {'functional_group': 'cyano', 'smiles_inds': [4]}]",0.39540827427352604
3,median,CCC[NH+]=Cc1cc(Cl)cc(C=NCCC)c1[O-],"[12, 17]","[{'functional_group': 'cyanimide', 'smiles_inds': [0]}, {'functional_group': 'methyl', 'smiles_inds': [4]}]",0.3954103086980824
3,median,NC(CC1=CN(Cc2ccccc2)C=N1)C(=O)[O-],"[0, 14, 17]",[],0.3954219210739614
3,median,Fc1ccccc1c1nc2ccccc2cc1N=Cc1cccc(Br)c1[O-],"[26, 17]","[{'functional_group': '2-hydroxypyridine', 'smiles_inds': [15]}]",0.3954312195297476
3,median,C1CCC2(C1)Nc1cccnc1c1ncccc1N2,"[10, 13]","[{'functional_group': 'amino', 'smiles_inds': [2]}, {'functional_group': 'iodo', 'smiles_inds': [5]}]",0.39550170998176765
3,median,COc1cccc(c1)C(=O)[N-]N=C(c1[nH+]cccc1)c1ccccn1,"[9, 11, 24]",[],0.39551613099765354
3,median,CC(C)(C)c1cc(nc(c1)C1(C)c2ccccc2c2ccc[c-]c12)C1=CC(=N[N-]1)C(F)(F)F,"[7, 28, 22]",[],0.3955233017143678
3,median,CN1C(=CN=C1C1=NC=C(C=O)N1C)C=O,"[7, 4]","[{'functional_group': '2-methylbenzoic_acid', 'smiles_inds': [0]}, {'functional_group': 'thiol', 'smiles_inds': [14]}]",0.39555466634512854
3,median,CCc1ccc[c-]c1N=Nc1c(CC)cccc1CC,"[6, 9]","[{'functional_group': 'ethyl', 'smiles_inds': [19]}]",0.39555848134854116
3,median,CSC1=CC=CC(=Nc2ccccc2SC)C1=N,"[17, 7]","[{'functional_group': 'tribromo', 'smiles_inds': [0]}, {'functional_group': 'tribromo', 'smiles_inds': [4]}]",0.39557485898576467
3,median,CCC[NH+]=Cc1cc(Cl)cc(C=NCCC)c1[O-],"[12, 17]","[{'functional_group': 'trifluro', 'smiles_inds': [14]}, {'functional_group': 'ethyl', 'smiles_inds': [9]}]",0.39558379077279415
3,median,OC(=O)c1ccccc1Oc1ccccc1C1=NC(=NN1)c1ccccn1,"[26, 17]",[],0.3956223137110081
3,median,O=N(=O)c1ccc(NC([S-])=N[N-]c2[nH+]cccc2)cc1,"[9, 11]","[{'functional_group': 'methyl', 'smiles_inds': [17]}]",0.3957064520351777
3,top,[NH3+]C12CNCCSCC(CO)(CSCCNC1)CSCCNC2,"[6, 12, 18, 3, 15, 21]","[{'functional_group': 'carboxylate', 'smiles_inds': [9]}]",0.9962066225813487
3,top,CC12CNCC(CN(CNC1)CC1(C)CNCC(CNC2)(CNC1)N(=O)=O)N(=O)=O,"[9, 19, 3, 7, 15, 22]","[{'functional_group': 'thiol', 'smiles_inds': [13]}]",0.9963077519573241
3,top,Oc1ccccc1C=NCC(CN=Cc1ccccc1[O-])(CN=Cc1ccccc1[O-])CN=Cc1ccccc1[O-],"[20, 30, 40, 12, 22, 32]","[{'functional_group': 'amino', 'smiles_inds': [31]}]",0.9963101372004872
3,top,[NH3+]C12CNCCNCC([NH3+])(CNCCNC1)CNCCNC2,"[11, 17, 3, 14, 20, 6]","[{'functional_group': 'carboxylate', 'smiles_inds': [10]}]",0.9964682428083829
3,top,O=C([O-])CN(CC(=O)[O-])C1C2C1C2N(CC(=O)[O-])CC(=O)[O-],"[2, 8, 4, 17, 21, 13]",[],0.9965007514764577
3,top,CC12CNCC(CN(CNC1)CC1(C)CNCC(CNC2)(CNC1)N(=O)=O)N(=O)=O,"[9, 19, 3, 7, 15, 22]","[{'functional_group': 'carboxylate', 'smiles_inds': [4]}]",0.9965738604130688
3,top,[NH3+]C12CNCCSCC(CO)(CSCCNC1)CSCCNC2,"[6, 12, 18, 3, 15, 21]","[{'functional_group': 'chloro', 'smiles_inds': [7]}, {'functional_group': 'amino', 'smiles_inds': [16]}]",0.9965914577164453
3,top,Oc1ccccc1C=NCC(CN=Cc1ccccc1[O-])(CN=Cc1ccccc1[O-])CN=Cc1ccccc1[O-],"[20, 30, 40, 12, 22, 32]","[{'functional_group': 'iodo', 'smiles_inds': [5]}, {'functional_group': 'carboxylate', 'smiles_inds': [16]}]",0.9966419297752389
3,top,CC12CNCC(CN(CNC1)CC1(C)CNCC(CNC2)(CNC1)N(=O)=O)N(=O)=O,"[9, 19, 3, 7, 15, 22]","[{'functional_group': 'fluoro', 'smiles_inds': [5]}, {'functional_group': 'cyano', 'smiles_inds': [8]}]",0.9967447893098339
3,top,CC12CNCC(CN(CNC1)CC1(C)CNCC(CNC2)(CNC1)N(=O)=O)N(=O)=O,"[9, 19, 3, 7, 15, 22]","[{'functional_group': 'fluoro', 'smiles_inds': [5]}, {'functional_group': 'carboxylate', 'smiles_inds': [21]}]",0.9968187259146726
3,top,CC12CNCC(CN(CNC1)CC1(C)CNCC(CNC2)(CNC1)N(=O)=O)N(=O)=O,"[9, 19, 3, 7, 15, 22]","[{'functional_group': 'fluoro', 'smiles_inds': [5]}, {'functional_group': 'carboxylate', 'smiles_inds': [16]}]",0.9968187259146726
3,top,Cc1ccc([O-])c(CN2CCN(CCN(CC2)Cc2nc(C)ccc2[O-])Cc2nc(C)ccc2[O-])n1,"[5, 25, 34, 8, 14, 11]",[],0.9969263259857817
3,top,CC12CNCC(CN(CNC1)CC1(C)CNCC(CNC2)(CNC1)N(=O)=O)N(=O)=O,"[9, 19, 3, 7, 15, 22]","[{'functional_group': 'fluoro', 'smiles_inds': [5]}, {'functional_group': 'carboxylate', 'smiles_inds': [23]}]",0.9970782110864843
3,top,[NH3+]C12CNCCSCC(CO)(CSCCNC1)CSCCNC2,"[6, 12, 18, 3, 15, 21]","[{'functional_group': 'phosphonate', 'smiles_inds': [14]}, {'functional_group': 'fluoro', 'smiles_inds': [10]}, {'functional_group': 'amino', 'smiles_inds': [9]}]",0.9971292237760201
3,top,[NH3+]C12CNCCSCC(CO)(CSCCNC1)CSCCNC2,"[6, 12, 18, 3, 15, 21]","[{'functional_group': 'carboxylate', 'smiles_inds': [14]}]",0.9973695134422926
3,top,CC12CNCC(CN(CNC1)CC1(C)CNCC(CNC2)(CNC1)N(=O)=O)N(=O)=O,"[9, 19, 3, 7, 15, 22]","[{'functional_group': 'fluoro', 'smiles_inds': [5]}, {'functional_group': 'amino', 'smiles_inds': [20]}, {'functional_group': 'fluoro', 'smiles_inds': [6]}]",0.9978790725861608
3,top,OC(CN(CC(=O)[O-])CC(=O)[O-])CN(CC(=O)[O-])CC(=O)[O-],"[13, 3, 21, 17, 11, 7]","[{'functional_group': 'trifluro', 'smiles_inds': [14]}]",0.9980179331148354
3,top,CC12CNCC(CN(CNC1)CC1(C)CNCC(CNC2)(CNC1)N(=O)=O)N(=O)=O,"[9, 19, 3, 7, 15, 22]","[{'functional_group': 'fluoro', 'smiles_inds': [5]}, {'functional_group': 'amino', 'smiles_inds': [13]}, {'functional_group': 'cyanimide', 'smiles_inds': [18]}]",0.9984402177990106
3,top,NC1C(O)C(N)C([O-])C(NCCNC2C(O)C(N)C(O)C(N)C2[O-])C1O,"[12, 9, 21, 5, 23, 7]",[],0.9986679870930679
3,top,CC12CNCC(CN(CNC1)CC1(C)CNCC(CNC2)(CNC1)N(=O)=O)N(=O)=O,"[9, 19, 3, 7, 15, 22]","[{'functional_group': 'carboxylate', 'smiles_inds': [8]}, {'functional_group': 'carboxylate', 'smiles_inds': [5]}]",0.9995769920415659
4,bottom,C[Si](C)(C)C(c1cc(C([Si](C)(C)C)[Si](C)(C)C)c(Sc2ccccc2Sc2ccccc2Sc2ccccc2Sc2c(cc(cc2C([Si](C)(C)C)[Si](C)(C)C)C([Si](C)(C)C)[Si](C)(C)C)C([Si](C)(C)C)[Si](C)(C)C)c(c1)C([Si](C)(C)C)[Si](C)(C)C)[Si](C)(C)C,"[25, 32]","[{'functional_group': 'phenyl', 'smiles_inds': [64]}, {'functional_group': 'iodo', 'smiles_inds': [77]}]",4.88423918431849e-15
4,bottom,C[Si](C)(C)C(c1cc(C([Si](C)(C)C)[Si](C)(C)C)c(Sc2ccccc2Sc2ccccc2Sc2ccccc2Sc2c(cc(cc2C([Si](C)(C)C)[Si](C)(C)C)C([Si](C)(C)C)[Si](C)(C)C)C([Si](C)(C)C)[Si](C)(C)C)c(c1)C([Si](C)(C)C)[Si](C)(C)C)[Si](C)(C)C,"[25, 32]","[{'functional_group': '2-hydroxypyridine', 'smiles_inds': [58]}]",1.2692317819021312e-14
4,bottom,CCCCCC1c2cc3C(CCCCC)c4cc5C(CCCCC)c6cc7C(CCCCC)c8cc1c1OCOc2cc3OCOc4c(P(c2ccccc2)c2ccccc2)c5OCOc6cc7OCOc8c1OCc1cccc(COc2c3OCOc4cc5OCOc6c7cc8C(CCCCC)c9cc%10C(CCCCC)c(cc3C(CCCCC)c4cc5C7CCCCC)c2OCOc%10cc9OCOc8c6P(c2ccccc2)c2ccccc2)c1,"[48, 142]","[{'functional_group': '2-hydroxypyridine', 'smiles_inds': [59]}]",1.565351251314368e-14
4,bottom,CP(CCP(C)c1c(cc(cc1C([Si](C)(C)C)[Si](C)(C)C)C([Si](C)(C)C)([Si](C)(C)C)[Si](C)(C)C)C([Si](C)(C)C)[Si](C)(C)C)c1c(cc(cc1C([Si](C)(C)C)[Si](C)(C)C)C([Si](C)(C)C)([Si](C)(C)C)[Si](C)(C)C)C([Si-](C)C)[Si](C)(C)C,"[4, 72, 1]","[{'functional_group': 'cyanimide', 'smiles_inds': [36]}, {'functional_group': 'cyanimide', 'smiles_inds': [25]}, {'functional_group': 'phosphonate', 'smiles_inds': [73]}]",4.5836009177465345e-14
4,bottom,C[Si](C)(C)c1cc(cc(c1)[Si](C#CP(C#C[Si](c1cc(cc(c1)[Si](C)(C)C)[Si](C)(C)C)(c1cc(cc(c1)[Si](C)(C)C)[Si](C)(C)C)c1cc(cc(c1)[Si](C)(C)C)[Si](C)(C)C)C#C[Si](c1cc(cc(c1)[Si](C)(C)C)[Si](C)(C)C)(c1cc(cc(c1)[Si](C)(C)C)[Si](C)(C)C)c1cc(cc(c1)[Si](C)(C)C)[Si](C)(C)C)(c1cc(cc(c1)[Si](C)(C)C)[Si](C)(C)C)c1cc(cc(c1)[Si](C)(C)C)[Si](C)(C)C)[Si](C)(C)C,[13],"[{'functional_group': 'carbonyl', 'smiles_inds': [39]}, {'functional_group': 'phenyl', 'smiles_inds': [26]}]",6.996691330706416e-14
4,bottom,COC(=O)C(C)(C)NC(=O)C(NC(=O)C1(CCCCC1)NC(=O)C(C)(C)NC(=O)C1(CCCCC1)NC(=O)C(C)(C)NC(=O)c1ccc(nc1)c1ccc(cn1)C(=O)NC(C)(C)C(=O)NC1(CCCCC1)C(=O)NC(C)(C)C(=O)NC1(CCCCC1)C(=O)NC(C(C)C)C(=O)NC(C)(C)C(=O)OC)C(C)C,"[55, 48]",[],1.0193913902814142e-13
4,bottom,C[Si](C)(C)C(c1cc(C([Si](C)(C)C)[Si](C)(C)C)c([Se]c2ccccc2Sc2ccccc2Sc2ccccc2[Se]c2c(cc(cc2C([Si](C)(C)C)[Si](C)(C)C)C([Si](C)(C)C)[Si](C)(C)C)C([Si](C)(C)C)[Si](C)(C)C)c(c1)C([Si](C)(C)C)[Si](C)(C)C)[Si](C)(C)C,"[25, 32]","[{'functional_group': 'phosphonate', 'smiles_inds': [79]}]",5.218050294821608e-13
4,bottom,COCC1OC2OC3C(COC)OC(OC4C(COC)OC(OC5C(COC)OC(OC6C(COC)OC(OC7C(COC)OC(OC8C(COC)OC(OC1C(OC)C2OC)C(OC)C8OC)C(OC)C7OC)C(OC)C6OCc1cncc(COC2C(OC)C6OC(COC)C2OC2OC(COC)C(OC7OC(COC)C(OC8OC(COC)C(OC9OC(COC)C(OC%10OC(COC)C(OC%11OC(COC)C(O6)C(OC)C%11OC)C(OC)C%10OC)C(OC)C9OC)C(OC)C8OC)C(OC)C7OC)C(OC)C2OC)c1)C(OC)C5OC)C(OC)C4OC)C(OC)C3OC,[82],[],7.562535131400235e-12
4,bottom,COCC1OC2OC3C(COC)OC(OC4C(COC)OC(OC5C(COC)OC(OC6C(COC)OC(OC7C(COC)OC(OC8C(COC)OC(OC1C(OC)C2OC)C(OC)C8OC)C(OC)C7OC)C(OC)C6OCc1cncc(COC2C(OC)C6OC(COC)C2OC2OC(COC)C(OC7OC(COC)C(OC8OC(COC)C(OC9OC(COC)C(OC%10OC(COC)C(OC%11OC(COC)C(O6)C(OC)C%11OC)C(OC)C%10OC)C(OC)C9OC)C(OC)C8OC)C(OC)C7OC)C(OC)C2OC)c1)C(OC)C5OC)C(OC)C4OC)C(OC)C3OC,[82],"[{'functional_group': 'amino', 'smiles_inds': [189]}, {'functional_group': 'trichloro', 'smiles_inds': [156]}]",9.747881140463131e-12
4,bottom,CCCC[P](CCCC)(CCCC)CCP(CCP(CCP(CC[P](CCCC)(CCCC)CCCC)CC[P](CCCC)(CCCC)CCCC)c1ccccc1)CC[P](CCCC)(CCCC)CCCC,"[15, 18, 21]","[{'functional_group': 'ketone', 'smiles_inds': [65]}, {'functional_group': '2-methylbenzoic_acid', 'smiles_inds': [23]}]",2.4028562000090913e-11
4,bottom,CC(C)(C)c1ccc(cc1)C(c1ccc(cc1)C(C)(C)C)c1cc(F)cc(C(c2ccc(cc2)C(C)(C)C)c2ccc(cc2)C(C)(C)C)c1N=C1c2cccc3cccc(C1=Nc1c(cc(F)cc1C(c1ccc(cc1)C(C)(C)C)c1ccc(cc1)C(C)(C)C)C(c1ccc(cc1)C(C)(C)C)c1ccc(cc1)C(C)(C)C)c23,"[61, 49]","[{'functional_group': 'ether', 'smiles_inds': [69]}, {'functional_group': 'carboxyllic_acid', 'smiles_inds': [20]}]",4.360172590617682e-11
4,bottom,Cc1cc(C(c2ccc(cc2)C(C)(C)C)c2ccc(cc2)C(C)(C)C)c(N=C(C)C(C)=Nc2c(cc(C)cc2C(c2ccc(cc2)C(C)(C)C)c2ccc(cc2)C(C)(C)C)C(c2ccc(cc2)C(C)(C)C)c2ccc(cc2)C(C)(C)C)c(c1)C(c1ccc(cc1)C(C)(C)C)c1ccc(cc1)C(C)(C)C,"[26, 31]",[],7.992891550120127e-11
4,bottom,CCCC[P](CCCC)(CCCC)CCP(CCP(CCP(CC[P](CCCC)(CCCC)CCCC)CC[P](CCCC)(CCCC)CCCC)c1ccccc1)CC[P](CCCC)(CCCC)CCCC,"[15, 18, 21]","[{'functional_group': 'carboxyllic_acid', 'smiles_inds': [31]}]",1.7771877699686454e-10
4,bottom,CCCC[P](CCCC)(CCCC)CCP(CCP(CCP(CC[P](CCCC)(CCCC)CCCC)CC[P](CCCC)(CCCC)CCCC)c1ccccc1)CC[P](CCCC)(CCCC)CCCC,"[15, 18, 21]",[],2.1077493055778834e-10
4,bottom,CN(C)C(=Nc1ccccc1C=Nc1c(cc(C)cc1C(c1cc(cc(c1)C(C)(C)C)C(C)(C)C)c1cc(cc(c1)C(C)(C)C)C(C)(C)C)C(c1cc(cc(c1)C(C)(C)C)C(C)(C)C)c1cc(cc(c1)C(C)(C)C)C(C)(C)C)N(C)C,"[12, 4]","[{'functional_group': 'ether', 'smiles_inds': [8]}]",2.1351784383893356e-10
4,bottom,CC(C)(C)c1ccc(cc1)C(c1ccc(cc1)C(C)(C)C)c1cc(F)cc(C(c2ccc(cc2)C(C)(C)C)c2ccc(cc2)C(C)(C)C)c1N=C1c2cccc3cccc(C1=Nc1c(cc(F)cc1C(c1ccc(cc1)C(C)(C)C)c1ccc(cc1)C(C)(C)C)C(c1ccc(cc1)C(C)(C)C)c1ccc(cc1)C(C)(C)C)c23,"[61, 49]","[{'functional_group': 'ethyl', 'smiles_inds': [96]}]",2.1714100442611542e-10
4,bottom,CN(C)C(=Nc1ccccc1C=Nc1c(cc(C)cc1C(c1cc(cc(c1)C(C)(C)C)C(C)(C)C)c1cc(cc(c1)C(C)(C)C)C(C)(C)C)C(c1cc(cc(c1)C(C)(C)C)C(C)(C)C)c1cc(cc(c1)C(C)(C)C)C(C)(C)C)N(C)C,"[12, 4]","[{'functional_group': 'carboxyl', 'smiles_inds': [30]}, {'functional_group': 'ketone', 'smiles_inds': [26]}]",2.308385401590602e-10
4,bottom,CC(C)(C)[Si](C)([Si]12[Ge][Si]1([Si](C)(C(C)(C)C)C(C)(C)C)[Si]2([Si](C)(C(C)(C)C)C(C)(C)C)[Si](C)(C(C)(C)C)C(C)(C)C)C(C)(C)C,[7],[],2.772614409558204e-10
4,bottom,O=C1N2CN3C(=O)N4CN5C(=O)N6CN7C(=O)N8CN9C(=O)N%10CN1C1%11CCCC21N1CN2C(=O)N(CN%12C(=O)N(CN%13C(=O)N(CN%14C(=O)N(CN%11C1=O)C1%10CCCC9%141)C18CCCC7%131)C16CCCC5%121)C14CCCC321,"[0, 6]",[],3.08356865626587e-10
4,bottom,CN(C)C(=Nc1ccccc1C=Nc1c(cc(C)cc1C(c1cc(cc(c1)C(C)(C)C)C(C)(C)C)c1cc(cc(c1)C(C)(C)C)C(C)(C)C)C(c1cc(cc(c1)C(C)(C)C)C(C)(C)C)c1cc(cc(c1)C(C)(C)C)C(C)(C)C)N(C)C,"[12, 4]",[],3.1974611527546393e-10
4,median,CC(C)(C)N=Cc1ccccn1,"[11, 4]","[{'functional_group': 'ethyl', 'smiles_inds': [7]}]",0.41417956958571317
4,median,Cc1cccc(n1)N1C=CC=N1,"[7, 11]","[{'functional_group': 'trifluro', 'smiles_inds': [2]}, {'functional_group': 'ethyl', 'smiles_inds': [4]}]",0.4142362141911346
4,median,[nH+]1c2ccccc2nc2c1c1cccnc1c1ncccc21,"[14, 17]","[{'functional_group': '2-methylbenzoic_acid', 'smiles_inds': [0]}, {'functional_group': 'chloro', 'smiles_inds': [13]}]",0.41427334770772883
4,median,c1ccc(cc1)N(c1ccccn1)c1cccc([c-]1)c1ccc2ccccc2n1,"[28, 6, 18]",[],0.41431688009303574
4,median,[NH2+](CCCN=Cc1ccccn1)[CH-]c1ccccn1,"[11, 12, 4]","[{'functional_group': 'hydroxyl', 'smiles_inds': [3]}, {'functional_group': '2-hydroxypyridine', 'smiles_inds': [7]}]",0.41437371515865
4,median,C[Se]c1ccccc1[Se]C,"[1, 8]","[{'functional_group': 'amide', 'smiles_inds': [9]}, {'functional_group': 'carbonyl', 'smiles_inds': [3]}]",0.41442146628563403
4,median,CN1C=CN(C1=C)c1cccc(N=C([O-])c2ccccc2)n1,"[14, 1, 6]","[{'functional_group': 'chloro', 'smiles_inds': [18]}]",0.4144359752177165
4,median,COc1ccc(N=Cc2cccc(OC)c2[O-])c(OC)c1,"[6, 16, 18]",[],0.4144560317330567
4,median,Nc1[nH+]cccc1N,"[0, 7]","[{'functional_group': '2-methylbenzoic_acid', 'smiles_inds': [4]}]",0.41447896845721177
4,median,C[NH2+]C1C(O)C(N)C(O)C([NH2+]CNC=NC2C(O)C(N)C(O)C(N)C2O)C1O,"[23, 19, 14, 10, 6, 8]","[{'functional_group': 'trichloro', 'smiles_inds': [16]}]",0.414534152128828
4,median,COc1cc(C=NN=C([S-])NC2CCCCC2)c([O-])c(c1)N(=O)=O,"[6, 9, 18]","[{'functional_group': 'methyl', 'smiles_inds': [13]}, {'functional_group': 'thiol', 'smiles_inds': [5]}]",0.4145603122073303
4,median,O=N(=O)c1ccc(cc1)N1C=CC(=N1)c1ccccn1,"[9, 13]","[{'functional_group': 'phosphonate', 'smiles_inds': [4]}]",0.4145802020049612
4,median,CSC([S-])=NN=C(C)C[N-]C(C)=O,"[3, 5, 9]","[{'functional_group': 'amide', 'smiles_inds': [11]}, {'functional_group': 'bromo', 'smiles_inds': [7]}]",0.4145928337520951
4,median,c1ccc(cc1)N1C=C(N=N1)c1ccccn1,"[6, 9]",[],0.4145977629306527
4,median,O=C(Nc1cccc2[nH+]cccc12)C1=CNC=N1,"[0, 17]","[{'functional_group': 'cyano', 'smiles_inds': [5]}]",0.4146555621152349
4,median,CCc1cccc(CC)c1[N-]C(=O)c1cccc(n1)C(=O)[N-]c1c(CC)cccc1CC,"[10, 18, 21]",[],0.4146705635435932
4,median,COc1ccc(cc1)c1ccc(cn1)C(F)(F)F,[13],"[{'functional_group': 'hydroxyl', 'smiles_inds': [0]}]",0.4147139629434471
4,median,[S-]C1=C(NC(=C1[S-])c1cc[nH+]cc1)c1cc[nH+]cc1,"[6, 0]","[{'functional_group': 'ether', 'smiles_inds': [14]}]",0.41471456505721344
4,median,[S-]C1=C(NC(=C1[S-])c1cc[nH+]cc1)c1cc[nH+]cc1,"[6, 0]","[{'functional_group': 'ether', 'smiles_inds': [12]}]",0.4147145650572135
4,median,CN1C=CN=C1C(C(=S)[S-])C1=NC=CN1C,"[4, 11]","[{'functional_group': 'iodo', 'smiles_inds': [12]}, {'functional_group': 'carboxyl', 'smiles_inds': [3]}, {'functional_group': 'ethyl_ester', 'smiles_inds': [2]}]",0.4147247728760069
4,top,[NH3+]C12CNCCSCC(CO)(CSCCNC1)CSCCNC2,"[6, 12, 18, 3, 15, 21]","[{'functional_group': 'ketone', 'smiles_inds': [2]}, {'functional_group': 'amino', 'smiles_inds': [11]}, {'functional_group': 'fluoro', 'smiles_inds': [0]}]",0.9947865897908952
4,top,c1ccc([c-]c1)c1cccc(n1)c1cccc[c-]1,"[4, 11, 17]","[{'functional_group': 'carboxylate', 'smiles_inds': [1]}]",0.9949556089051415
4,top,O=C([O-])CN1CCN(CCN(CC1)CC(=O)[O-])CC(=O)[O-],"[4, 10, 7, 2, 16, 20]",[],0.9952609686013217
4,top,CC(C)(CN(CC(=O)[O-])CC(=O)[O-])CN(CC(=O)[O-])CC(=O)[O-],"[4, 14, 8, 18, 12, 22]","[{'functional_group': 'amino', 'smiles_inds': [3]}, {'functional_group': 'carboxyllic_acid', 'smiles_inds': [0]}, {'functional_group': 'tribromo', 'smiles_inds': [13]}]",0.9952909093690786
4,top,O=C([O-])c1ccc([O-])c(C=NCc2ccccn2)c1,"[7, 10, 17]","[{'functional_group': 'carboxylate', 'smiles_inds': [13]}, {'functional_group': 'iodo', 'smiles_inds': [16]}, {'functional_group': 'carboxylate', 'smiles_inds': [18]}]",0.9953674654839652
4,top,O=C([O-])CN(CC(=O)[O-])C1C2C1C2N(CC(=O)[O-])CC(=O)[O-],"[2, 8, 4, 17, 21, 13]",[],0.995696736919992
4,top,O=C([O-])CN(CC[O-])CCN(CC(=O)[O-])CC(=O)[O-],"[2, 7, 14, 18, 4, 10]",[],0.9958204950771575
4,top,O=C([O-])CN(CCCN(CC(=O)[O-])CC(=O)[O-])CC(=O)[O-],"[16, 2, 20, 12, 8, 4]","[{'functional_group': 'phosphonate', 'smiles_inds': [13]}, {'functional_group': 'cyanimide', 'smiles_inds': [6]}]",0.9958381136462868
4,top,CC(CN(CC(=O)[O-])CC(=O)[O-])N(CC(=O)[O-])CC(=O)[O-],"[7, 11, 16, 20, 3, 12]","[{'functional_group': 'carboxylate', 'smiles_inds': [17]}]",0.995898114690067
4,top,[NH3+]C12CNCCSCC(CO)(CSCCNC1)CSCCNC2,"[6, 12, 18, 3, 15, 21]","[{'functional_group': 'carboxylate', 'smiles_inds': [16]}]",0.9959975704544746
4,top,O=C([O-])CN(CCCN(CC(=O)[O-])CC(=O)[O-])CC(=O)[O-],"[16, 2, 20, 12, 8, 4]",[],0.9960510869673318
4,top,c1cnc(nc1)c1nc(nc(n1)c1ncccn1)c1ncccn1,"[2, 7, 19]","[{'functional_group': '2-hydroxypyridine', 'smiles_inds': [14]}]",0.9963907780984386
4,top,OC(CN(CC(=O)[O-])CC(=O)[O-])CN(CC(=O)[O-])CC(=O)[O-],"[13, 3, 21, 17, 11, 7]","[{'functional_group': 'cyano', 'smiles_inds': [18]}, {'functional_group': 'amino', 'smiles_inds': [14]}]",0.9966633928170624
4,top,[NH3+]C12CNCCSCC(CO)(CSCCNC1)CSCCNC2,"[6, 12, 18, 3, 15, 21]","[{'functional_group': 'amino', 'smiles_inds': [17]}]",0.9967044645981851
4,top,OC(CN(CC(=O)[O-])CC(=O)[O-])CN(CC(=O)[O-])CC(=O)[O-],"[13, 3, 21, 17, 11, 7]","[{'functional_group': 'aldehyde', 'smiles_inds': [1]}]",0.9971343301720068
4,top,O=C([O-])CN(CCCN(CC(=O)[O-])CC(=O)[O-])CC(=O)[O-],"[16, 2, 20, 12, 8, 4]","[{'functional_group': 'amino', 'smiles_inds': [6]}]",0.9973324833476392
4,top,OC(CN(CC(=O)[O-])CC(=O)[O-])CN(CC(=O)[O-])CC(=O)[O-],"[13, 3, 21, 17, 11, 7]","[{'functional_group': 'thiol', 'smiles_inds': [12]}]",0.997381410575088
4,top,OC(CN(CC(=O)[O-])CC(=O)[O-])CN(CC(=O)[O-])CC(=O)[O-],"[13, 3, 21, 17, 11, 7]",[],0.9979007666528348
4,top,NC1C(O)C(N)C([O-])C(NCCNC2C(O)C(N)C(O)C(N)C2[O-])C1O,"[12, 9, 21, 5, 23, 7]",[],0.9982549681044254
4,top,NC1C(O)C(N)C([O-])C(NCCNC2C(O)C(N)C(O)C(N)C2[O-])C1O,"[12, 9, 21, 5, 23, 7]","[{'functional_group': 'trifluro', 'smiles_inds': [25]}]",0.998575353866598
5,bottom,O=C1N2CN3C(=O)N4CN5C(=O)N6CN7C(=O)N8CN9C(=O)N%10CN%11C(=O)N%12CN1C1%13CCCCC21N1CN2C(=O)N(CN%14C(=O)N(CN%15C(=O)N(CN%16C(=O)N(CN%17C(=O)N(CN%13C1=O)C1%12CCCCC%11%171)C1%10CCCCC9%161)C18CCCCC7%151)C16CCCCC5%141)C14CCCCC321,"[26, 0, 6]","[{'functional_group': 'chloro', 'smiles_inds': [87]}, {'functional_group': 'carboxylate', 'smiles_inds': [86]}]",1.3551114618836543e-16
5,bottom,O=C1N2CN3C(=O)N4CN5C(=O)N6CN7C(=O)N8CN9C(=O)N%10CN%11C(=O)N%12CN1C1%13CCCC21N1CN2C(=O)N(CN%14C(=O)N(CN%15C(=O)N(CN%16C(=O)N(CN%17C(=O)N(CN%13C1=O)C1%12CCCC%11%171)C1%10CCCC9%161)C18CCCC7%151)C16CCCC5%141)C14CCCC321,"[54, 59]",[],6.871949057386286e-16
5,bottom,COC(=O)C(C)(C)NC(=O)C(NC(=O)C1(CCCCC1)NC(=O)C(C)(C)NC(=O)C1(CCCCC1)NC(=O)C(C)(C)NC(=O)c1ccc(nc1)c1ccc(cn1)C(=O)NC(C)(C)C(=O)NC1(CCCCC1)C(=O)NC(C)(C)C(=O)NC1(CCCCC1)C(=O)NC(C(C)C)C(=O)NC(C)(C)C(=O)OC)C(C)C,"[55, 48]",[],2.8357487501974017e-14
5,bottom,COCC1OC2OC3C(COC)OC(OC4C(COC)OC(OC5C(COC)OC(OC6C(COC)OC(OC7C(COC)OC(OC8C(COC)OC(OC1C(OC)C2OC)C(OC)C8OC)C(OC)C7OC)C(OC)C6OCc1cncc(COC2C(OC)C6OC(COC)C2OC2OC(COC)C(OC7OC(COC)C(OC8OC(COC)C(OC9OC(COC)C(OC%10OC(COC)C(OC%11OC(COC)C(O6)C(OC)C%11OC)C(OC)C%10OC)C(OC)C9OC)C(OC)C8OC)C(OC)C7OC)C(OC)C2OC)c1)C(OC)C5OC)C(OC)C4OC)C(OC)C3OC,[82],"[{'functional_group': 'phenyl', 'smiles_inds': [186]}, {'functional_group': 'phenyl', 'smiles_inds': [55]}, {'functional_group': 'trichloro', 'smiles_inds': [47]}]",1.153970395015348e-12
5,bottom,COc1c(cc(cc1C12CC3CC(CC(C3)C1)C2)P(c1cc(c(OC)c(c1)C12CC3CC(CC(C3)C1)C2)C12CC3CC(CC(C3)C1)C2)c1ccccc1CNc1cccc2CCC3(CCc4cccc(P(c5cc(cc(c5)C(C)(C)C)C(C)(C)C)c5cc(cc(c5)C(C)(C)C)C(C)(C)C)c34)c12)C12CC3CC(CC(C3)C1)C2,"[70, 18, 54]","[{'functional_group': 'fluoro', 'smiles_inds': [103]}]",2.412778223109524e-12
5,bottom,CC(C)CC1NC(=O)C2(CCC(=O)NC(CC(O)=O)C(=O)NC(CC3=CNc4ccccc34)C(=O)N2)CSCC(NC(=O)C(CCC(O)=O)NC(=O)C(CC2=CNc3ccccc23)NC1=O)C(=O)NC1CSSCC(NC(=O)C2CSCC3(CC(NC1=O)C(=O)NC(C(C)O)C(=O)NCC(=O)N3)C(=O)NC(CC(C)C)C(=O)NC(Cc1ccccc1)C(=O)NC(C)C(=O)N2)C(O)=O,"[77, 87]","[{'functional_group': 'amide', 'smiles_inds': [52]}]",2.812326713639589e-12
5,bottom,C[Si](C)(C)C(c1cc(C([Si](C)(C)C)[Si](C)(C)C)c([Se]c2ccccc2[Se]c2ccccc2[Se]c2ccccc2[Se]c2c(cc(cc2C([Si](C)(C)C)[Si](C)(C)C)C([Si](C)(C)C)[Si](C)(C)C)C([Si](C)(C)C)[Si](C)(C)C)c(c1)C([Si](C)(C)C)[Si](C)(C)C)[Si](C)(C)C,"[25, 32]","[{'functional_group': 'carboxyl', 'smiles_inds': [57]}]",6.118882348611528e-12
5,bottom,CCC(C)C1NC(=O)C(C)NC(=O)C(CSSCC2NC(=O)C(CCC(N)=O)NC(=O)C(C)NC(=O)C3CCCN3C(=O)C(CCC(O)=O)NC(=O)CNC(=O)C(C)NC(=O)C(CCCNC(N)=N)NC(=O)C(CSSCC(NC(=O)C(CC(N)=O)NC2=O)C(O)=O)NC(=O)C(CC2=CN=CN2)NC1=O)NC(=O)C(CC1=CN=CN1)NC(=O)C(CC(C)C)NC(=O)C(CC(O)=O)NC(C)=O,"[112, 99]","[{'functional_group': 'carboxyllic_acid', 'smiles_inds': [28]}]",9.484322314838736e-12
5,bottom,C[Si](C)(C)C(c1cc(C([Si](C)(C)C)[Si](C)(C)C)c([Se]c2ccccc2[Se]c2ccccc2[Se]c2ccccc2[Se]c2c(cc(cc2C([Si](C)(C)C)[Si](C)(C)C)C([Si](C)(C)C)[Si](C)(C)C)C([Si](C)(C)C)[Si](C)(C)C)c(c1)C([Si](C)(C)C)[Si](C)(C)C)[Si](C)(C)C,"[25, 32]","[{'functional_group': 'thiol', 'smiles_inds': [10]}, {'functional_group': 'thiol', 'smiles_inds': [48]}]",2.7111868055016238e-11
5,bottom,COc1c(cc(cc1C(C)(C)C)P(c1cc(c(OC)c(c1)C(C)(C)C)C(C)(C)C)c1ccc2OCOc2c1c1c2OCOc2ccc1P(c1cc(c(OC)c(c1)C(C)(C)C)C(C)(C)C)c1cc(c(OC)c(c1)C(C)(C)C)C(C)(C)C)C(C)(C)C,"[47, 12]","[{'functional_group': '2-methylbenzoic_acid', 'smiles_inds': [0]}, {'functional_group': 'phenyl', 'smiles_inds': [78]}]",6.180334824288608e-11
5,bottom,Cc1cc(C)c(B(CCCP(CCCB(c2c(C)cc(C)cc2C)c2c(C)cc(C)cc2C)CCP(CCCB(c2c(C)cc(C)cc2C)c2c(C)cc(C)cc2C)CCCB(c2c(C)cc(C)cc2C)c2c(C)cc(C)cc2C)c2c(C)cc(C)cc2C)c(C)c1,"[35, 10]","[{'functional_group': '2-methylbenzoic_acid', 'smiles_inds': [11]}, {'functional_group': 'methyl_ester', 'smiles_inds': [88]}]",1.781419088494617e-10
5,bottom,Cc1cc(C(c2ccc(cc2)C(C)(C)C)c2ccc(cc2)C(C)(C)C)c(N=C(C)C(C)=Nc2c(cc(C)cc2C(c2ccc(cc2)C(C)(C)C)c2ccc(cc2)C(C)(C)C)C(c2ccc(cc2)C(C)(C)C)c2ccc(cc2)C(C)(C)C)c(c1)C(c1ccc(cc1)C(C)(C)C)c1ccc(cc1)C(C)(C)C,"[26, 31]",[],2.0129351328437664e-10
5,bottom,Cc1cc(C(c2ccc(cc2)C2CCCCC2)c2ccc(cc2)C2CCCCC2)c(N=C(C)C(C)=Nc2c(cc(C)cc2C(c2ccc(cc2)C2CCCCC2)c2ccc(cc2)C2CCCCC2)C(c2ccc(cc2)C2CCCCC2)c2ccc(cc2)C2CCCCC2)c(c1)C(c1ccc(cc1)C1CCCCC1)c1ccc(cc1)C1CCCCC1,"[30, 35]","[{'functional_group': 'ethyl_ester', 'smiles_inds': [104]}, {'functional_group': 'bromo', 'smiles_inds': [28]}, {'functional_group': 'hydroxyl', 'smiles_inds': [85]}]",2.843938518268242e-10
5,bottom,CC(C)(C)c1cc2c(OP(OC3C(CO[Si](c4ccccc4)(c4ccccc4)C(C)(C)C)OC(CO[Si](c4ccccc4)(c4ccccc4)C(C)(C)C)C3OP3Oc4c(cc(cc4C(C)(C)C)C(C)(C)C)c4cc(cc(c4O3)C(C)(C)C)C(C)(C)C)Oc3c2cc(cc3C(C)(C)C)C(C)(C)C)c(c1)C(C)(C)C,"[9, 55]","[{'functional_group': 'ethyl', 'smiles_inds': [34]}, {'functional_group': 'phosphonate', 'smiles_inds': [95]}]",3.0430822850197506e-10
5,bottom,CC(C)(C)[Si](C)([Si]12[Ge][Si]1([Si](C)(C(C)(C)C)C(C)(C)C)[Si]2([Si](C)(C(C)(C)C)C(C)(C)C)[Si](C)(C(C)(C)C)C(C)(C)C)C(C)(C)C,[7],[],3.2866790933821494e-10
5,bottom,Cc1cc(C(c2ccc(cc2)C(C)(C)C)c2ccc(cc2)C(C)(C)C)c(N=C2c3cccc4cccc(C2=Nc2c(cc(C)cc2C(c2ccc(cc2)C(C)(C)C)c2ccc(cc2)C(C)(C)C)C(c2ccc(cc2)C(C)(C)C)c2ccc(cc2)C(C)(C)C)c34)c(c1)C(c1ccc(cc1)C(C)(C)C)c1ccc(cc1)C(C)(C)C,"[38, 26]",[],3.4375400603370097e-10
5,bottom,CC(C)(C)[Si]([SiH]1[Si]2(CC[Si]3(OCCOCCOCCOCCOCCO3)[Si]12[Si](C(C)(C)C)(C(C)(C)C)C(C)(C)C)[Si](C(C)(C)C)(C(C)(C)C)C(C)(C)C)(C(C)(C)C)C(C)(C)C,"[22, 19, 16]",[],3.9841342881826077e-10
5,bottom,CC(C)(C)[Si](C)([Si]12[Ge][Si]1([Si](C)(C(C)(C)C)C(C)(C)C)[Si]2([Si](C)(C(C)(C)C)C(C)(C)C)[Si](C)(C(C)(C)C)C(C)(C)C)C(C)(C)C,[7],"[{'functional_group': 'fluoro', 'smiles_inds': [27]}]",4.4330910870815053e-10
5,bottom,CC1=C(C)C[Ge]2([Ge]([Ge]2(C1)[Si](C(C)(C)C)(C(C)(C)C)C(C)(C)C)[Si](C(C)(C)C)(C(C)(C)C)C(C)(C)C)[Si](C(C)(C)C)(C(C)(C)C)C(C)(C)C,[6],"[{'functional_group': 'amino', 'smiles_inds': [25]}, {'functional_group': 'tribromo', 'smiles_inds': [26]}]",4.873524342871635e-10
5,bottom,Cc1cc(C(c2ccc(cc2)C(C)(C)C)c2ccc(cc2)C(C)(C)C)c(N=C2c3cccc4cccc(C2=Nc2c(cc(C)cc2C(c2ccc(cc2)C(C)(C)C)c2ccc(cc2)C(C)(C)C)C(c2ccc(cc2)C(C)(C)C)c2ccc(cc2)C(C)(C)C)c34)c(c1)C(c1ccc(cc1)C(C)(C)C)c1ccc(cc1)C(C)(C)C,"[38, 26]","[{'functional_group': 'chloro', 'smiles_inds': [99]}]",5.073121297399051e-10
5,median,Fc1ccc(cc1)P(=O)(N=C([O-])c1ccccc1)c1ccc(F)cc1,"[8, 11]",[],0.39899795891171946
5,median,O=C(Nc1cccc2[nH+]cccc12)C1=CNC=N1,"[0, 17]","[{'functional_group': 'cyano', 'smiles_inds': [4]}, {'functional_group': 'ether', 'smiles_inds': [16]}]",0.39900729528212925
5,median,C1CCCC(CC1)N(Cc1ccccn1)Cc1ccccn1,"[14, 21, 7]",[],0.3990209890015509
5,median,NC(C(N=Cc1ccccn1)c1ccccc1)c1ccccc1,"[0, 3, 10]",[],0.3990549738174845
5,median,N#Cc1ccc(cc1)c1ccccc1,[0],"[{'functional_group': 'ketone', 'smiles_inds': [11]}, {'functional_group': 'cyano', 'smiles_inds': [12]}]",0.39911296163723037
5,median,CNc1ccccc1c1cccc[c-]1,"[1, 13]","[{'functional_group': 'amide', 'smiles_inds': [6]}]",0.3991280909113983
5,median,CCCCCCN,[6],[],0.39913756734405254
5,median,Cc1ccc2ccc[c-]c2c1c1cccc(n1)c1cccc2cccnc12,"[25, 16, 8]","[{'functional_group': 'amide', 'smiles_inds': [24]}]",0.3991786252416657
5,median,CN(C)CCN=Cc1cc(Cl)ccc1O,"[1, 5, 14]","[{'functional_group': 'ethyl_ester', 'smiles_inds': [6]}]",0.3992200188994727
5,median,O=N(=O)c1ccc(cc1)N1C=CN=C1[S-],"[14, 12]","[{'functional_group': 'ethyl_ester', 'smiles_inds': [10]}]",0.3992398658489974
5,median,[O-]c1c(cccc1C1CCCCC1)C=Nc1ccccc1,"[0, 14]",[],0.3993106447331612
5,median,NCCl,[2],"[{'functional_group': '2-methylbenzoic_acid', 'smiles_inds': [1]}]",0.399311600468559
5,median,NCCN1CC1,"[3, 0]","[{'functional_group': 'phenyl', 'smiles_inds': [2]}]",0.39931450306874683
5,median,Oc1cccc(CP(c2ccccc2)c2ccccc2)c1[O-],"[7, 21]","[{'functional_group': 'carboxylate', 'smiles_inds': [0]}, {'functional_group': 'amino', 'smiles_inds': [16]}]",0.39933936659975106
5,median,CCOC(=O)C1=CSC(=N1)NCC1=CSC(=N1)C,"[16, 4, 9]",[],0.3993479637094413
5,median,CCCNCCNCCC,"[3, 6]",[],0.3993692282211359
5,median,CC(C)(C)c1ccnc(c1)c1cc(cc(n1)c1ccccc1[O-])C(C)(C)C,"[22, 15, 7]","[{'functional_group': 'amino', 'smiles_inds': [26]}]",0.3993911732448773
5,median,CN1P(Cl)c2cccc3cccc1c23,[2],"[{'functional_group': 'iodo', 'smiles_inds': [9]}]",0.3995484457387784
5,median,[NH3+]C12C[NH2+]CC[NH2+]CC(C)(CNCC[NH2+]C1)CSCCNC2,"[17, 6, 11, 20, 3, 14]","[{'functional_group': 'ethyl', 'smiles_inds': [16]}, {'functional_group': 'aldehyde', 'smiles_inds': [10]}, {'functional_group': 'trichloro', 'smiles_inds': [9]}]",0.3995495217405026
5,median,C=C1CC21CC12CP1c1ccccc1,[7],"[{'functional_group': 'phosphonate', 'smiles_inds': [2]}]",0.39956487508844846
5,top,O=C([O-])c1ccc([O-])c(C=NCc2ccccn2)c1,"[7, 10, 17]","[{'functional_group': 'carboxylate', 'smiles_inds': [13]}, {'functional_group': 'iodo', 'smiles_inds': [16]}, {'functional_group': 'trifluro', 'smiles_inds': [14]}, {'functional_group': 'aldehyde', 'smiles_inds': [18]}]",0.9950234907315062
5,top,CC12CNCC(CN(CNC1)CC1(C)CNCC(CNC2)(CNC1)N(=O)=O)N(=O)=O,"[9, 19, 3, 7, 15, 22]","[{'functional_group': 'fluoro', 'smiles_inds': [5]}, {'functional_group': 'carboxylate', 'smiles_inds': [23]}]",0.9950629845086741
5,top,O=C([O-])c1ccc([O-])c(C=NCc2ccccn2)c1,"[7, 10, 17]","[{'functional_group': 'carboxylate', 'smiles_inds': [13]}, {'functional_group': 'iodo', 'smiles_inds': [16]}, {'functional_group': 'chloro', 'smiles_inds': [15]}, {'functional_group': 'thiol', 'smiles_inds': [18]}]",0.9950914555088565
5,top,OCC1=CC(=O)C(=C(CN2CCN(CCN(CC2)CC2=C([O-])C(=O)C=C(CO)O2)CC2=C([O-])C(=O)C=C(CO)O2)O1)[O-],"[41, 21, 32, 9, 15, 12]",[],0.9950975554371685
5,top,CC(CN(CC(=O)[O-])CC(=O)[O-])N(CC(=O)[O-])CC(=O)[O-],"[7, 11, 16, 20, 3, 12]",[],0.9951224281573144
5,top,O=C([O-])c1cccc(C=[NH+]CCN(CC[NH+]=Cc2cccc(C(=O)[O-])c2[O-])CC[NH+]=Cc2cccc(C(=O)[O-])c2[O-])c1[O-],"[26, 40, 2, 42, 24, 38]",[],0.9953309999318313
5,top,O=C([O-])CN(CCN(CC(=O)[O-])Cc1ccccc1[O-])Cc1ccccc1[O-],"[27, 2, 11, 19, 4, 7]","[{'functional_group': 'tribromo', 'smiles_inds': [3]}]",0.9954120345010069
5,top,O=C([O-])c1cccc(CN(CCN(CCN2C=CN=C2N(=O)=O)Cc2cccc(n2)C(=O)[O-])CCN2C=CN=C2N(=O)=O)n1,"[32, 2, 15, 12, 35, 9]","[{'functional_group': 'thiol', 'smiles_inds': [6]}, {'functional_group': 'carboxylate', 'smiles_inds': [10]}]",0.9954891005707038
5,top,OC(=O)CN(CCN(CC(O)=O)CC(=O)[O-])CCN(CC(=O)[O-])CC(=O)[O-],"[15, 22, 26, 7, 4, 18]",[],0.9955857700718644
5,top,O=C([O-])CN(CC[O-])CCN(CC(=O)[O-])CC(=O)[O-],"[2, 7, 14, 18, 4, 10]","[{'functional_group': 'aldehyde', 'smiles_inds': [6]}]",0.995759514331479
5,top,CC12CNCC(CN(CNC1)CC1(C)CNCC(CNC2)(CNC1)N(=O)=O)N(=O)=O,"[9, 19, 3, 7, 15, 22]","[{'functional_group': 'fluoro', 'smiles_inds': [5]}, {'functional_group': 'carboxylate', 'smiles_inds': [10]}]",0.9957819547839828
5,top,CC12CNCC(CN(CNC1)CC1(C)CNCC(CNC2)(CNC1)N(=O)=O)N(=O)=O,"[9, 19, 3, 7, 15, 22]","[{'functional_group': 'fluoro', 'smiles_inds': [5]}, {'functional_group': 'amino', 'smiles_inds': [2]}]",0.995961046090827
5,top,O=C([O-])CN(CC[O-])CCN(CC(=O)[O-])CC(=O)[O-],"[2, 7, 14, 18, 4, 10]",[],0.996466745311244
5,top,CC12CNCC(CN(CNC1)CC1(C)CNCC(CNC2)(CNC1)N(=O)=O)N(=O)=O,"[9, 19, 3, 7, 15, 22]","[{'functional_group': 'fluoro', 'smiles_inds': [5]}, {'functional_group': 'carboxylate', 'smiles_inds': [8]}]",0.9965432598326699
5,top,CC(C)(CN(CC(=O)[O-])CC(=O)[O-])CN(CC(=O)[O-])CC(=O)[O-],"[4, 14, 8, 18, 12, 22]","[{'functional_group': 'ether', 'smiles_inds': [2]}]",0.9965910192177585
5,top,O=C([O-])c1ccc([O-])c(C=NCc2ccccn2)c1,"[7, 10, 17]","[{'functional_group': 'carboxylate', 'smiles_inds': [13]}, {'functional_group': 'iodo', 'smiles_inds': [16]}, {'functional_group': 'carboxylate', 'smiles_inds': [4]}]",0.9975616324534028
5,top,OC(=O)CN1CCN(CCN(CCN(CC1)CC(=O)[O-])CC(=O)[O-])CC(=O)[O-],"[19, 27, 13, 4, 7, 10]",[],0.9976578536432456
5,top,OC(CN(CC(=O)[O-])CC(=O)[O-])CN(CC(=O)[O-])CC(=O)[O-],"[13, 3, 21, 17, 11, 7]",[],0.9978352766299284
5,top,O=C([O-])c1ccc([O-])c(C=NCc2ccccn2)c1,"[7, 10, 17]","[{'functional_group': 'carboxylate', 'smiles_inds': [13]}, {'functional_group': 'iodo', 'smiles_inds': [16]}, {'functional_group': 'carboxylate', 'smiles_inds': [18]}]",0.9979752373244345
5,top,c1cnc(nc1)c1nc(nc(n1)c1ncccn1)c1ncccn1,"[2, 7, 19]",[],0.9984155464070947
6,bottom,CCCCCC1c2cc3C(CCCCC)c4cc5C(CCCCC)c6cc7C(CCCCC)c8cc1c1OCOc2cc3OCOc4c(P(c2ccccc2)c2ccccc2)c5OCOc6cc7OCOc8c1OCc1cccc(COc2c3OCOc4cc5OCOc6c7cc8C(CCCCC)c9cc%10C(CCCCC)c(cc3C(CCCCC)c4cc5C7CCCCC)c2OCOc%10cc9OCOc8c6P(c2ccccc2)c2ccccc2)c1,"[48, 142]","[{'functional_group': 'tribromo', 'smiles_inds': [23]}]",7.354506298243618e-15
6,bottom,CCCCCC1c2cc3C(CCCCC)c4cc5C(CCCCC)c6cc7C(CCCCC)c8cc1c1OCOc2cc3OCOc4c(P(c2ccccc2)c2ccccc2)c5OCOc6cc7OCOc8c1OCc1cccc(COc2c3OCOc4cc5OCOc6c7cc8C(CCCCC)c9cc%10C(CCCCC)c(cc3C(CCCCC)c4cc5C7CCCCC)c2OCOc%10cc9OCOc8c6P(c2ccccc2)c2ccccc2)c1,"[48, 142]","[{'functional_group': 'carbonyl', 'smiles_inds': [122]}]",9.543094376354523e-15
6,bottom,O=C1N2CN3C(=O)N4CN5C(=O)N6CN7C(=O)N8CN9C(=O)N%10CN%11C(=O)N%12CN1C1%13CCCCC21N1CN2C(=O)N(CN%14C(=O)N(CN%15C(=O)N(CN%16C(=O)N(CN%17C(=O)N(CN%13C1=O)C1%12CCCCC%11%171)C1%10CCCCC9%161)C18CCCCC7%151)C16CCCCC5%141)C14CCCCC321,"[26, 0, 6]","[{'functional_group': 'cyanimide', 'smiles_inds': [8]}]",1.3713514328330118e-14
6,bottom,O=C1N2CN3C(=O)N4CN5C(=O)N6CN7C(=O)N8CN9C(=O)N%10CN%11C(=O)N%12CN1C1%13CCCCC21N1CN2C(=O)N(CN%14C(=O)N(CN%15C(=O)N(CN%16C(=O)N(CN%17C(=O)N(CN%13C1=O)C1%12CCCCC%11%171)C1%10CCCCC9%161)C18CCCCC7%151)C16CCCCC5%141)C14CCCCC321,"[26, 0, 6]",[],4.257076909104611e-14
6,bottom,O=C1N2CN3C(=O)N4CN5C(=O)N6CN7C(=O)N8CN9C(=O)N%10CN%11C(=O)N%12CN1C1%13CCCCC21N1CN2C(=O)N(CN%14C(=O)N(CN%15C(=O)N(CN%16C(=O)N(CN%17C(=O)N(CN%13C1=O)C1%12CCCCC%11%171)C1%10CCCCC9%161)C18CCCCC7%151)C16CCCCC5%141)C14CCCCC321,"[26, 0, 6]","[{'functional_group': 'tribromo', 'smiles_inds': [8]}]",4.9251358081905654e-14
6,bottom,CP(CCP(C)c1c(cc(cc1C([Si](C)(C)C)[Si](C)(C)C)C([Si](C)(C)C)([Si](C)(C)C)[Si](C)(C)C)C([Si](C)(C)C)[Si](C)(C)C)c1c(cc(cc1C([Si](C)(C)C)[Si](C)(C)C)C([Si](C)(C)C)([Si](C)(C)C)[Si](C)(C)C)C([Si-](C)C)[Si](C)(C)C,"[4, 72, 1]",[],2.479460674345082e-13
6,bottom,C[Si](C)(C)C(c1cc(C([Si](C)(C)C)[Si](C)(C)C)c([Se]c2ccccc2Sc2ccccc2Sc2ccccc2[Se]c2c(cc(cc2C([Si](C)(C)C)[Si](C)(C)C)C([Si](C)(C)C)[Si](C)(C)C)C([Si](C)(C)C)[Si](C)(C)C)c(c1)C([Si](C)(C)C)[Si](C)(C)C)[Si](C)(C)C,"[25, 32]","[{'functional_group': 'ethyl_ester', 'smiles_inds': [3]}]",2.8814092494170477e-13
6,bottom,COC(=O)C(C)(C)NC(=O)C(NC(=O)C1(CCCCC1)NC(=O)C(C)(C)NC(=O)C1(CCCCC1)NC(=O)C(C)(C)NC(=O)c1ccc(nc1)c1ccc(cn1)C(=O)NC(C)(C)C(=O)NC1(CCCCC1)C(=O)NC(C)(C)C(=O)NC1(CCCCC1)C(=O)NC(C(C)C)C(=O)NC(C)(C)C(=O)OC)C(C)C,"[55, 48]","[{'functional_group': 'hydroxyl', 'smiles_inds': [25]}]",3.4347581080415516e-13
6,bottom,C[Si](C)(C)C(c1cc(C([Si](C)(C)C)[Si](C)(C)C)c([Se]c2ccccc2Sc2ccccc2Sc2ccccc2[Se]c2c(cc(cc2C([Si](C)(C)C)[Si](C)(C)C)C([Si](C)(C)C)[Si](C)(C)C)C([Si](C)(C)C)[Si](C)(C)C)c(c1)C([Si](C)(C)C)[Si](C)(C)C)[Si](C)(C)C,"[25, 32]","[{'functional_group': 'iodo', 'smiles_inds': [35]}]",4.625433278413964e-13
6,bottom,C[Si](C)(C)C(c1cc(C([Si](C)(C)C)[Si](C)(C)C)c([Se]c2ccccc2Sc2ccccc2Sc2ccccc2[Se]c2c(cc(cc2C([Si](C)(C)C)[Si](C)(C)C)C([Si](C)(C)C)[Si](C)(C)C)C([Si](C)(C)C)[Si](C)(C)C)c(c1)C([Si](C)(C)C)[Si](C)(C)C)[Si](C)(C)C,"[25, 32]",[],4.950749364423887e-13
6,bottom,C[Si](C)(C)C(c1cc(C([Si](C)(C)C)[Si](C)(C)C)c([Se]c2ccccc2Sc2ccccc2Sc2ccccc2[Se]c2c(cc(cc2C([Si](C)(C)C)[Si](C)(C)C)C([Si](C)(C)C)[Si](C)(C)C)C([Si](C)(C)C)[Si](C)(C)C)c(c1)C([Si](C)(C)C)[Si](C)(C)C)[Si](C)(C)C,"[25, 32]","[{'functional_group': 'aldehyde', 'smiles_inds': [86]}]",5.521762624165805e-13
6,bottom,O=C1N2CN3C(=O)N4CN5C(=O)N6CN7C(=O)N8CN9C(=O)N%10CN%11C(=O)N%12CN1C1%13CCCC21N1CN2C(=O)N(CN%14C(=O)N(CN%15C(=O)N(CN%16C(=O)N(CN%17C(=O)N(CN%13C1=O)C1%12CCCC%11%171)C1%10CCCC9%161)C18CCCC7%151)C16CCCC5%141)C14CCCC321,"[54, 59]","[{'functional_group': 'phenyl', 'smiles_inds': [83]}, {'functional_group': 'thiol', 'smiles_inds': [31]}]",7.444141025287491e-13
6,bottom,O=C1N2CN3C(=O)N4CN5C(=O)N6CN7C(=O)N8CN9C(=O)N%10CN%11C(=O)N%12CN1C1%13CCCC21N1CN2C(=O)N(CN%14C(=O)N(CN%15C(=O)N(CN%16C(=O)N(CN%17C(=O)N(CN%13C1=O)C1%12CCCC%11%171)C1%10CCCC9%161)C18CCCC7%151)C16CCCC5%141)C14CCCC321,"[54, 59]","[{'functional_group': 'bromo', 'smiles_inds': [18]}]",1.3112279218204446e-12
6,bottom,COc1cc2N=Cc3cc(cc(c3O)c3cc4cc(c3)c3cc(cc(C=Nc5cc(OC)c(OC)cc5N=Cc5cc(cc(c5O)c5cc(cc(c5)c5cc(cc(C=Nc6cc(OC)c(OC)cc6N=Cc6cc(cc4c6O)C(C)(C)C)c5O)C(C)(C)C)c4cc(cc(C=Nc2cc1OC)c4O)C(C)(C)C)C(C)(C)C)c3O)C(C)(C)C)C(C)(C)C,"[101, 13]","[{'functional_group': '2-methylbenzoic_acid', 'smiles_inds': [45]}]",1.3975565679840552e-10
6,bottom,O=C1N2CN3C(=O)N4CN5C(=O)N6CN7C(=O)N8CN9C(=O)N%10CN1C1%11CCCC21N1CN2C(=O)N(CN%12C(=O)N(CN%13C(=O)N(CN%14C(=O)N(CN%11C1=O)C1%10CCCC9%141)C18CCCC7%131)C16CCCC5%121)C14CCCC321,"[0, 6]","[{'functional_group': 'carboxyl', 'smiles_inds': [18]}, {'functional_group': 'chloro', 'smiles_inds': [46]}]",1.7316043379852853e-10
6,bottom,Cc1cc(C(c2ccc(cc2)C(C)(C)C)c2ccc(cc2)C(C)(C)C)c(N=C(C)C(C)=Nc2c(cc(C)cc2C(c2ccc(cc2)C(C)(C)C)c2ccc(cc2)C(C)(C)C)C(c2ccc(cc2)C(C)(C)C)c2ccc(cc2)C(C)(C)C)c(c1)C(c1ccc(cc1)C(C)(C)C)c1ccc(cc1)C(C)(C)C,"[26, 31]","[{'functional_group': 'methyl', 'smiles_inds': [85]}, {'functional_group': 'phenyl', 'smiles_inds': [60]}]",1.8254828560620372e-10
6,bottom,CN(C)C(=Nc1ccccc1C=Nc1c(cc(C)cc1C(c1cc(cc(c1)C(C)(C)C)C(C)(C)C)c1cc(cc(c1)C(C)(C)C)C(C)(C)C)C(c1cc(cc(c1)C(C)(C)C)C(C)(C)C)c1cc(cc(c1)C(C)(C)C)C(C)(C)C)N(C)C,"[12, 4]","[{'functional_group': 'ketone', 'smiles_inds': [57]}, {'functional_group': '2-methylbenzoic_acid', 'smiles_inds': [43]}]",2.6447534800800037e-10
6,bottom,CC(C)(C)c1cc2c(OP(OC3C(CO[Si](c4ccccc4)(c4ccccc4)C(C)(C)C)OC(CO[Si](c4ccccc4)(c4ccccc4)C(C)(C)C)C3OP3Oc4c(cc(cc4C(C)(C)C)C(C)(C)C)c4cc(cc(c4O3)C(C)(C)C)C(C)(C)C)Oc3c2cc(cc3C(C)(C)C)C(C)(C)C)c(c1)C(C)(C)C,"[9, 55]",[],4.3507722647607863e-10
6,bottom,Cc1ccc(Oc2ccc(C)cc2P(c2cc(cc(c2)C(C)(C)C)C(C)(C)C)c2cc(cc(c2)C(C)(C)C)C(C)(C)C)c(c1)P(c1cc(cc(c1)C(C)(C)C)C(C)(C)C)c1cc(cc(c1)C(C)(C)C)C(C)(C)C,"[13, 44]","[{'functional_group': 'trichloro', 'smiles_inds': [58]}, {'functional_group': 'methyl', 'smiles_inds': [7]}]",4.89724563755356e-10
6,bottom,COc1cc2N=Cc3cc(cc(c3O)c3cc4cc(c3)c3cc(cc(C=Nc5cc(OC)c(OC)cc5N=Cc5cc(cc(c5O)c5cc(cc(c5)c5cc(cc(C=Nc6cc(OC)c(OC)cc6N=Cc6cc(cc4c6O)C(C)(C)C)c5O)C(C)(C)C)c4cc(cc(C=Nc2cc1O)c4O)C(C)(C)C)C(C)(C)C)c3O)C(C)(C)C)C(C)(C)C,"[45, 110]","[{'functional_group': 'ethyl', 'smiles_inds': [104]}]",5.404015938279973e-10
6,median,Cc1cccc(n1)c1ccc(cn1)c1ccccc1,"[12, 6]","[{'functional_group': 'phenyl', 'smiles_inds': [16]}, {'functional_group': 'aldehyde', 'smiles_inds': [14]}, {'functional_group': '2-methylbenzoic_acid', 'smiles_inds': [17]}]",0.4026636272043494
6,median,CC(C)NC(Oc1cccc[c-]1)=NC(C)C,"[12, 11]","[{'functional_group': 'fluoro', 'smiles_inds': [13]}, {'functional_group': 'carboxyllic_acid', 'smiles_inds': [7]}, {'functional_group': '2-hydroxypyridine', 'smiles_inds': [8]}]",0.4026783986599097
6,median,CC(C)(C)C1=CC(=NN1)Cc1cccc[c-]1,"[7, 15]",[],0.4026838877893629
6,median,[S-]C1=C(NC(=C1[S-])c1cc[nH+]cc1)c1cc[nH+]cc1,"[6, 0]","[{'functional_group': 'trichloro', 'smiles_inds': [18]}, {'functional_group': 'iodo', 'smiles_inds': [12]}]",0.4026987409653018
6,median,O=Cc1ccc(cc1)N1C=CN=C1,[11],[],0.4027014700247072
6,median,[NH3+]CCN(CC[NH3+])CC[NH3+],"[0, 6, 3]","[{'functional_group': 'tribromo', 'smiles_inds': [5]}, {'functional_group': 'ketone', 'smiles_inds': [4]}, {'functional_group': 'fluoro', 'smiles_inds': [7]}, {'functional_group': 'chloro', 'smiles_inds': [1]}]",0.4027117456270937
6,median,Cc1ccc(cc1)N=C1c2cccc3cccc(C1=Nc1ccc(C)cc1)c23,"[7, 19]","[{'functional_group': 'bromo', 'smiles_inds': [25]}, {'functional_group': 'phosphonate', 'smiles_inds': [3]}]",0.40273871953317286
6,median,C=CCSCC=C,[3],[],0.40276672578825967
6,median,CCOc1ccc(cc1)C#N,[10],[],0.4028207196875082
6,median,O=C(Nc1cccc2[nH+]cccc12)C1=CNC=N1,"[0, 17]","[{'functional_group': 'cyano', 'smiles_inds': [4]}, {'functional_group': 'bromo', 'smiles_inds': [15]}, {'functional_group': 'amino', 'smiles_inds': [5]}, {'functional_group': 'cyano', 'smiles_inds': [6]}]",0.40283579529441627
6,median,CC(N(C)C)c1[c-]cccc1Cl,"[2, 6]","[{'functional_group': 'trichloro', 'smiles_inds': [0]}, {'functional_group': 'cyanimide', 'smiles_inds': [4]}]",0.40283652955164495
6,median,C#Cc1ccc(cc1)C1CSCCSCCS1,"[10, 16, 13]","[{'functional_group': 'aldehyde', 'smiles_inds': [9]}]",0.4029190588995048
6,median,O=N(=O)c1ccc(NC([S-])=N[N-]c2[nH+]cccc2)cc1,"[9, 11]","[{'functional_group': 'thiol', 'smiles_inds': [18]}]",0.40295664496961775
6,median,Cc1cccc(NC([S-])=NN=C(c2ccccc2)c2ccccn2)c1,"[8, 10, 23]",[],0.40297797089847104
6,median,Oc1ccc(N=Nc2ccccc2)c2ncccc12,"[14, 5]","[{'functional_group': 'amino', 'smiles_inds': [2]}]",0.4029811456132725
6,median,C(Cc1ccccn1)NCc1ccccn1,"[7, 15, 8]","[{'functional_group': 'carboxyl', 'smiles_inds': [13]}, {'functional_group': 'fluoro', 'smiles_inds': [6]}, {'functional_group': 'amide', 'smiles_inds': [9]}]",0.4029863738565536
6,median,[O-]c1ccc2ccccc2c1C=Nc1ncccc1OCc1ccccc1,"[0, 19, 12]","[{'functional_group': 'methyl', 'smiles_inds': [22]}]",0.40299295789533834
6,median,[NH3+]C12C[NH2+]CC[NH2+]CC(C)(CNCC[NH2+]C1)CSCCNC2,"[17, 6, 11, 20, 3, 14]","[{'functional_group': 'methyl', 'smiles_inds': [7]}, {'functional_group': 'amide', 'smiles_inds': [4]}]",0.4029979944248159
6,median,C1N(C=Nc2ccccc12)c1ccccc1,[3],[],0.40305789347344895
6,median,CP(O)c1ccccc1,[1],"[{'functional_group': 'amino', 'smiles_inds': [8]}, {'functional_group': 'hydroxyl', 'smiles_inds': [6]}]",0.40306277516374955
6,top,O=C([O-])CN(CC(=O)[O-])C1C2C1C2N(CC(=O)[O-])CC(=O)[O-],"[2, 8, 4, 17, 21, 13]",[],0.996345179153813
6,top,CN1CCN(CC1)c1c(F)cc2C(=O)C(=CN3N(C)COc1c23)C(=O)[O-],"[13, 25]","[{'functional_group': 'methyl_ester', 'smiles_inds': [0]}, {'functional_group': 'carboxylate', 'smiles_inds': [10]}]",0.996591083628609
6,top,CC12CNCC(CN(CNC1)CC1(C)CNCC(CNC2)(CNC1)N(=O)=O)N(=O)=O,"[9, 19, 3, 7, 15, 22]","[{'functional_group': 'amino', 'smiles_inds': [14]}]",0.9967744097309569
6,top,NCC(CN)(CN)CO,"[4, 6, 0]","[{'functional_group': 'bromo', 'smiles_inds': [1]}, {'functional_group': 'carboxylate', 'smiles_inds': [5]}]",0.9967804547639791
6,top,CC12CNCC(CN(CNC1)CC1(C)CNCC(CNC2)(CNC1)N(=O)=O)N(=O)=O,"[9, 19, 3, 7, 15, 22]","[{'functional_group': 'fluoro', 'smiles_inds': [5]}, {'functional_group': 'amino', 'smiles_inds': [18]}]",0.9968132585305018
6,top,CC12CNCC(CN(CNC1)CC1(C)CNCC(CNC2)(CNC1)N(=O)=O)N(=O)=O,"[9, 19, 3, 7, 15, 22]","[{'functional_group': 'carboxylate', 'smiles_inds': [8]}, {'functional_group': 'carbonyl', 'smiles_inds': [16]}]",0.9969860056332381
6,top,CC12CNCC(CN(CNC1)CC1(C)CNCC(CNC2)(CNC1)N(=O)=O)N(=O)=O,"[9, 19, 3, 7, 15, 22]","[{'functional_group': 'fluoro', 'smiles_inds': [5]}, {'functional_group': 'carboxylate', 'smiles_inds': [10]}]",0.9973495562371248
6,top,CC12CNCC(CN(CNC1)CC1(C)CNCC(CNC2)(CNC1)N(=O)=O)N(=O)=O,"[9, 19, 3, 7, 15, 22]","[{'functional_group': 'carboxylate', 'smiles_inds': [8]}]",0.9975222003099172
6,top,OC(=O)CN(CCN(CC(O)=O)CC(=O)[O-])CCN(CC(=O)[O-])CC(=O)[O-],"[15, 22, 26, 7, 4, 18]","[{'functional_group': 'carboxylate', 'smiles_inds': [10]}]",0.9976092379880833
6,top,Cc1ccc([O-])c(CN2CCOCCOCCN(CCOCCOCC2)Cc2nc(C)ccc2[O-])n1,"[11, 20, 5, 34, 8, 17]",[],0.9977012772688039
6,top,O=C1C(=C(CN2CCOCC2)C=C(CN2CCOCC2)C=C1CN1CCOCC1)[O-],"[29, 0]",[],0.9977406167589999
6,top,NC1C(O)C(N)C([O-])C(NCCNC2C(O)C(N)C(O)C(N)C2[O-])C1O,"[12, 9, 21, 5, 23, 7]","[{'functional_group': 'aldehyde', 'smiles_inds': [4]}, {'functional_group': '2-hydroxypyridine', 'smiles_inds': [1]}]",0.9977909661359134
6,top,OCC1=CC(=O)C(=C(CN2CCN(CCN(CC2)CC2=C([O-])C(=O)C=C(CO)O2)CC2=C([O-])C(=O)C=C(CO)O2)O1)[O-],"[41, 21, 32, 9, 15, 12]","[{'functional_group': 'trichloro', 'smiles_inds': [35]}]",0.9980863330791425
6,top,CC12CNCC(CN(CNC1)CC1(C)CNCC(CNC2)(CNC1)N(=O)=O)N(=O)=O,"[9, 19, 3, 7, 15, 22]","[{'functional_group': 'amino', 'smiles_inds': [0]}]",0.9982735275782837
6,top,O=C([O-])c1ccc([O-])c(C=NCc2ccccn2)c1,"[7, 10, 17]","[{'functional_group': 'carboxylate', 'smiles_inds': [13]}, {'functional_group': 'iodo', 'smiles_inds': [16]}, {'functional_group': 'carboxylate', 'smiles_inds': [14]}, {'functional_group': 'iodo', 'smiles_inds': [18]}]",0.9983340356335157
6,top,CC12CNCC(CN(CNC1)CC1(C)CNCC(CNC2)(CNC1)N(=O)=O)N(=O)=O,"[9, 19, 3, 7, 15, 22]","[{'functional_group': 'amino', 'smiles_inds': [20]}, {'functional_group': 'amino', 'smiles_inds': [21]}]",0.9988118035167983
6,top,Cc1ccc([O-])c(CN2CCN(CCN(CC2)Cc2nc(C)ccc2[O-])Cc2nc(C)ccc2[O-])n1,"[5, 25, 34, 8, 14, 11]","[{'functional_group': 'aldehyde', 'smiles_inds': [15]}]",0.999335550319253
6,top,NC1C(O)C(N)C([O-])C(NCCNC2C(O)C(N)C(O)C(N)C2[O-])C1O,"[12, 9, 21, 5, 23, 7]",[],0.9993488781503689
6,top,NC1C(O)C(N)C([O-])C(NCCNC2C(O)C(N)C(O)C(N)C2[O-])C1O,"[12, 9, 21, 5, 23, 7]","[{'functional_group': 'phosphonate', 'smiles_inds': [10]}, {'functional_group': 'cyano', 'smiles_inds': [19]}]",0.9994456513354133
6,top,O=C([O-])c1ccc([O-])c(C=NCc2ccccn2)c1,"[7, 10, 17]","[{'functional_group': 'carboxylate', 'smiles_inds': [13]}, {'functional_group': 'iodo', 'smiles_inds': [16]}, {'functional_group': 'fluoro', 'smiles_inds': [15]}, {'functional_group': 'carboxylate', 'smiles_inds': [5]}, {'functional_group': 'carboxylate', 'smiles_inds': [4]}]",0.9994514981411514
7,bottom,C[Si](C)(C)C(c1cc(C([Si](C)(C)C)[Si](C)(C)C)c(Sc2ccccc2Sc2ccccc2Sc2ccccc2Sc2c(cc(cc2C([Si](C)(C)C)[Si](C)(C)C)C([Si](C)(C)C)[Si](C)(C)C)C([Si](C)(C)C)[Si](C)(C)C)c(c1)C([Si](C)(C)C)[Si](C)(C)C)[Si](C)(C)C,"[25, 32]","[{'functional_group': 'ethyl', 'smiles_inds': [53]}]",5.6094974540263246e-15
7,bottom,CCCCCC1c2cc3C(CCCCC)c4cc5C(CCCCC)c6cc7C(CCCCC)c8cc1c1OCOc2cc3OCOc4c(P(c2ccccc2)c2ccccc2)c5OCOc6cc7OCOc8c1OCc1cccc(COc2c3OCOc4cc5OCOc6c7cc8C(CCCCC)c9cc%10C(CCCCC)c(cc3C(CCCCC)c4cc5C7CCCCC)c2OCOc%10cc9OCOc8c6P(c2ccccc2)c2ccccc2)c1,"[48, 142]","[{'functional_group': 'bromo', 'smiles_inds': [25]}]",3.036286077161138e-14
7,bottom,C[Si](C)(C)C(c1cc(C([Si](C)(C)C)[Si](C)(C)C)c(Sc2ccccc2[Se]c2ccccc2[Se]c2ccccc2Sc2c(cc(cc2C([Si](C)(C)C)[Si](C)(C)C)C([Si](C)(C)C)[Si](C)(C)C)C([Si](C)(C)C)[Si](C)(C)C)c(c1)C([Si](C)(C)C)[Si](C)(C)C)[Si](C)(C)C,"[25, 32]",[],9.898510748676057e-13
7,bottom,COC(=O)C(C)(C)NC(=O)C(NC(=O)C1(CCCCC1)NC(=O)C(C)(C)NC(=O)C1(CCCCC1)NC(=O)C(C)(C)NC(=O)c1ccc(nc1)c1ccc(cn1)C(=O)NC(C)(C)C(=O)NC1(CCCCC1)C(=O)NC(C)(C)C(=O)NC1(CCCCC1)C(=O)NC(C(C)C)C(=O)NC(C)(C)C(=O)OC)C(C)C,"[55, 48]","[{'functional_group': 'cyano', 'smiles_inds': [103]}, {'functional_group': '2-hydroxypyridine', 'smiles_inds': [25]}]",1.3303748305281198e-12
7,bottom,C[Si](C)(C)c1cc(cc(c1)[Si](C#CP(C#C[Si](c1cc(cc(c1)[Si](C)(C)C)[Si](C)(C)C)(c1cc(cc(c1)[Si](C)(C)C)[Si](C)(C)C)c1cc(cc(c1)[Si](C)(C)C)[Si](C)(C)C)C#C[Si](c1cc(cc(c1)[Si](C)(C)C)[Si](C)(C)C)(c1cc(cc(c1)[Si](C)(C)C)[Si](C)(C)C)c1cc(cc(c1)[Si](C)(C)C)[Si](C)(C)C)(c1cc(cc(c1)[Si](C)(C)C)[Si](C)(C)C)c1cc(cc(c1)[Si](C)(C)C)[Si](C)(C)C)[Si](C)(C)C,[13],"[{'functional_group': 'iodo', 'smiles_inds': [0]}]",2.098207534906642e-12
7,bottom,C[Si](C)(C)C(c1cc(C([Si](C)(C)C)[Si](C)(C)C)c([Se]c2ccccc2[Se]c2ccccc2[Se]c2ccccc2[Se]c2c(cc(cc2C([Si](C)(C)C)[Si](C)(C)C)C([Si](C)(C)C)[Si](C)(C)C)C([Si](C)(C)C)[Si](C)(C)C)c(c1)C([Si](C)(C)C)[Si](C)(C)C)[Si](C)(C)C,"[25, 32]","[{'functional_group': 'ethyl', 'smiles_inds': [66]}]",1.4705828962575066e-11
7,bottom,COc1c(cc(cc1C12CC3CC(CC(C3)C1)C2)P(c1cc(c(OC)c(c1)C12CC3CC(CC(C3)C1)C2)C12CC3CC(CC(C3)C1)C2)c1ccccc1CNc1cccc2CCC3(CCc4cccc(P(c5cc(cc(c5)C(C)(C)C)C(C)(C)C)c5cc(cc(c5)C(C)(C)C)C(C)(C)C)c34)c12)C12CC3CC(CC(C3)C1)C2,"[70, 18, 54]",[],4.781854669110663e-10
7,bottom,Cc1cc(C(c2ccc(cc2)C(C)(C)C)c2ccc(cc2)C(C)(C)C)c(N=C2c3cccc4cccc(C2=Nc2c(cc(C)cc2C(c2ccc(cc2)C(C)(C)C)c2ccc(cc2)C(C)(C)C)C(c2ccc(cc2)C(C)(C)C)c2ccc(cc2)C(C)(C)C)c34)c(c1)C(c1ccc(cc1)C(C)(C)C)c1ccc(cc1)C(C)(C)C,"[38, 26]","[{'functional_group': 'methyl_ester', 'smiles_inds': [49]}]",1.270675751808487e-09
7,bottom,CC1=C(C)C[Ge]2([Ge]([Ge]2(C1)[Si](C(C)(C)C)(C(C)(C)C)C(C)(C)C)[Si](C(C)(C)C)(C(C)(C)C)C(C)(C)C)[Si](C(C)(C)C)(C(C)(C)C)C(C)(C)C,[6],"[{'functional_group': 'thiol', 'smiles_inds': [3]}]",1.8509962404349925e-09
7,bottom,Cc1cc(C(c2ccc(cc2)C(C)(C)C)c2ccc(cc2)C(C)(C)C)c(N=C(C)C(C)=Nc2c(cc(C)cc2C(c2ccc(cc2)C(C)(C)C)c2ccc(cc2)C(C)(C)C)C(c2ccc(cc2)C(C)(C)C)c2ccc(cc2)C(C)(C)C)c(c1)C(c1ccc(cc1)C(C)(C)C)c1ccc(cc1)C(C)(C)C,"[26, 31]","[{'functional_group': 'cyano', 'smiles_inds': [13]}]",3.28548090329365e-09
7,bottom,CC(C)c1cc(cc(c1)C(C(=O)Nc1cccc(NC(=O)C(c2cc(cc(c2)C(C)C)C(C)C)(c2cc(cc(c2)C(C)C)C(C)C)c2cc(cc(c2)C(C)C)C(C)C)c1[S-])(c1cc(cc(c1)C(C)C)C(C)C)c1cc(cc(c1)C(C)C)C(C)C)C(C)C,"[59, 11]","[{'functional_group': 'methyl', 'smiles_inds': [71]}, {'functional_group': '2-methylbenzoic_acid', 'smiles_inds': [51]}]",4.866449454515035e-09
7,bottom,CC(C)c1cc(C(C)C)c(B(NCCNB(c2c(cc(cc2C(C)C)C(C)C)C(C)C)c2c(cc(cc2C(C)C)C(C)C)C(C)C)c2c(cc(cc2C(C)C)C(C)C)C(C)C)c(c1)C(C)C,"[11, 14]","[{'functional_group': 'amino', 'smiles_inds': [35]}, {'functional_group': 'amide', 'smiles_inds': [24]}, {'functional_group': 'cyanimide', 'smiles_inds': [22]}]",6.211006181873174e-09
7,bottom,Cc1cc(C(c2ccc(cc2)C(C)(C)C)c2ccc(cc2)C(C)(C)C)c(N=C2c3cccc4cccc(C2=Nc2c(cc(C)cc2C(c2ccc(cc2)C(C)(C)C)c2ccc(cc2)C(C)(C)C)C(c2ccc(cc2)C(C)(C)C)c2ccc(cc2)C(C)(C)C)c34)c(c1)C(c1ccc(cc1)C(C)(C)C)c1ccc(cc1)C(C)(C)C,"[38, 26]","[{'functional_group': 'phosphonate', 'smiles_inds': [91]}, {'functional_group': 'carboxyl', 'smiles_inds': [87]}]",6.862172830591026e-09
7,bottom,CC(C)c1cccc(C(C)C)c1c1cc(NCCN(CCNc2cc(cc(c2)c2c(cccc2C(C)C)C(C)C)c2c(cccc2C(C)C)C(C)C)CCNc2cc(cc(c2)c2c(cccc2C(C)C)C(C)C)c2c(cccc2C(C)C)C(C)C)cc(c1)c1c(cccc1C(C)C)C(C)C,"[18, 15, 21]","[{'functional_group': 'tribromo', 'smiles_inds': [98]}]",7.66433952335648e-09
7,bottom,CC(C)c1cccc(C(C)C)c1c1cc(NCCN(CCNc2cc(cc(c2)c2c(cccc2C(C)C)C(C)C)c2c(cccc2C(C)C)C(C)C)CCNc2cc(cc(c2)c2c(cccc2C(C)C)C(C)C)c2c(cccc2C(C)C)C(C)C)cc(c1)c1c(cccc1C(C)C)C(C)C,"[18, 15, 21]","[{'functional_group': 'amino', 'smiles_inds': [38]}, {'functional_group': 'ethyl_ester', 'smiles_inds': [54]}, {'functional_group': 'thiol', 'smiles_inds': [96]}]",1.3847125455226588e-08
7,bottom,I[Te]1(O[Te]2(O[Te](O[Te]3(O[Te](I)(O[Te]4(O[Te](I)(O[Te]5(O[Te](O[Te]6(O[Te](I)(O[Te](O1)(O[Te]1(O[Te](O2)(O[Te](O3)(O[Te](O4)(O[Te](O5)(O[Te](O6)(O1)c1ccccc1)c1ccccc1)c1ccccc1)c1ccccc1)c1ccccc1)c1ccccc1)c1ccccc1)c1ccccc1)c1ccccc1)c1ccccc1)c1ccccc1)c1ccccc1)c1ccccc1)c1ccccc1)c1ccccc1)c1ccccc1)c1ccccc1)c1ccccc1,"[33, 39, 42, 30, 36, 45]","[{'functional_group': 'methyl_ester', 'smiles_inds': [61]}, {'functional_group': 'carboxyllic_acid', 'smiles_inds': [101]}]",1.5363658248373206e-08
7,bottom,Fc1c(F)c(F)c(c(F)c1F)C1=C2NC(=C(C3=NC(=C(C4=CC=C([N-]4)C(=C4C=CC(=N4)C(=C4NC(=C(C5=NC(=C(C6=NC(=C(C7=CC=C1N7)c1c(F)c(F)c(F)c(F)c1F)C=C6)c1c(F)c(F)c(F)c(F)c1F)C=C5)c1c(F)c(F)c(F)c(F)c1F)C=C4)c1c(F)c(F)c(F)c(F)c1F)c1c(F)c(F)c(F)c(F)c1F)c1c(F)c(F)c(F)c(F)c1F)C=C3)c1c(F)c(F)c(F)c(F)c1F)C=C2,"[30, 24]","[{'functional_group': 'chloro', 'smiles_inds': [13]}, {'functional_group': 'carboxyllic_acid', 'smiles_inds': [121]}]",1.5894318923538437e-08
7,bottom,CC(C)(C)[Si](C)(C)N[Si]1(N([Si](C)(C)C(C)(C)C)[Si](N[Si](C)(C)C(C)(C)C)(N1[Si](C)(C)C(C)(C)C)C(C)(C)C)C(C)(C)C,"[7, 18]","[{'functional_group': 'bromo', 'smiles_inds': [16]}]",1.8121901241768634e-08
7,bottom,C[NH+]1CCN2CCN(C)Cc3cccc(c3)C(=O)Nc3ccccc3C3=C4NC(=C(C5=NC(=C(C6=NC(=C(C7=CC=C([N-]7)C(=C7NC(=C(C8=CC=C3N8)c3c(F)c(F)c(F)c(F)c3F)C=C7)c3ccccc3NC(=O)c3cccc(CN(C)CC2)c3)c2c(F)c(F)c(F)c(F)c2F)C=C6)c2ccccc2NC(=O)c2cccc(C1)c2)C=C5)c1c(F)c(F)c(F)c(F)c1F)C=C4,"[42, 35]","[{'functional_group': 'phenyl', 'smiles_inds': [49]}]",2.0031317923710222e-08
7,bottom,CN(C)c1c(C)cc(cc1C)P(c1cc(C)c(N(C)C)c(C)c1)c1ccc2ccccc2c1c1c(ccc2ccccc12)P(c1cc(C)c(N(C)C)c(C)c1)c1cc(C)c(N(C)C)c(C)c1,"[11, 43]","[{'functional_group': 'tribromo', 'smiles_inds': [58]}, {'functional_group': 'trifluro', 'smiles_inds': [39]}]",2.4376436996835382e-08
7,median,NS(=O)(=O)c1ccc(CCN2C=C(N=N2)c2ccccn2)cc1,"[10, 13]","[{'functional_group': 'chloro', 'smiles_inds': [11]}]",0.3994382670974798
7,median,OC(=O)c1ccc(CN2C=NC=N2)cc1,[10],"[{'functional_group': 'iodo', 'smiles_inds': [0]}]",0.39953167126127903
7,median,CC(=O)[C-](Sc1ccccn1)C(C)=O,"[3, 10]","[{'functional_group': 'aldehyde', 'smiles_inds': [7]}, {'functional_group': 'methyl', 'smiles_inds': [0]}]",0.39980781202471977
7,median,C(COCCOCCOCCOc1ccccc1)OCCOCCOCCOc1ccccc1,"[11, 8, 5, 2, 18, 21]","[{'functional_group': 'carboxyl', 'smiles_inds': [17]}]",0.3998196002128673
7,median,Ic1ccc(NC(=O)c2cccnc2)cc1,[12],[],0.399866575962935
7,median,Cc1ccc(cc1)N=C1c2cccc3cccc(c23)C1(C)[N-]c1ccc(C)cc1,"[7, 21]","[{'functional_group': 'aldehyde', 'smiles_inds': [27]}]",0.3998779271626256
7,median,Ic1cccc(c1)C(N1C=CC=N1)N1C=CC=N1,"[12, 17]","[{'functional_group': 'carboxyllic_acid', 'smiles_inds': [4]}]",0.39993034779618036
7,median,CCCC#N,[4],"[{'functional_group': 'ketone', 'smiles_inds': [2]}, {'functional_group': 'cyanimide', 'smiles_inds': [0]}]",0.39993658383840847
7,median,CCc1ccc2ccc3cccnc3c2n1,"[15, 12]","[{'functional_group': 'cyanimide', 'smiles_inds': [3]}, {'functional_group': 'iodo', 'smiles_inds': [4]}]",0.3999407479814101
7,median,O1c2ccccc2O[P]21Oc1ccccc1O2,[8],[],0.3999889494996011
7,median,CN1C(=O)C=Cc2ccc3cccnc3c12,[3],"[{'functional_group': 'iodo', 'smiles_inds': [8]}, {'functional_group': 'hydroxyl', 'smiles_inds': [11]}]",0.40000679113116994
7,median,Oc1ccc(N=Cc2ccccc2)c([O-])c1,"[14, 5]","[{'functional_group': 'phenyl', 'smiles_inds': [3]}, {'functional_group': 'ketone', 'smiles_inds': [2]}]",0.4000187343399073
7,median,CCC(=NO)C([O-])=CC,"[3, 6]","[{'functional_group': '2-methylbenzoic_acid', 'smiles_inds': [1]}]",0.40007542969132426
7,median,O=C(Oc1ccccc1)c1cccnc1,[13],"[{'functional_group': 'hydroxyl', 'smiles_inds': [11]}]",0.4000948986483293
7,median,Cc1ccc(N)cc1,[5],[],0.40010962853803994
7,median,[NH3+]CCN(CC[NH3+])CC[NH3+],"[0, 6, 3]","[{'functional_group': 'tribromo', 'smiles_inds': [9]}, {'functional_group': 'tribromo', 'smiles_inds': [2]}]",0.4001489729411266
7,median,COc1cc(nc(c1)C1=NC(=N[N-]1)c1ccccc1)C1=NC(=N[N-]1)c1ccccc1,"[5, 12, 23]","[{'functional_group': 'cyanimide', 'smiles_inds': [27]}, {'functional_group': 'ethyl_ester', 'smiles_inds': [25]}, {'functional_group': '2-hydroxypyridine', 'smiles_inds': [29]}]",0.4002014817664764
7,median,C[NH2+]C1C(O)C(N)C(O)C([NH2+]CNC=NC2C(O)C(N)C(O)C(N)C2O)C1O,"[23, 19, 14, 10, 6, 8]","[{'functional_group': 'thiol', 'smiles_inds': [26]}]",0.4002213083965012
7,median,Cc1cc(C)c(c(C)c1)c1ccnc(c1)C1=CC(=N[N-]1)C(F)(F)F,"[19, 12]",[],0.4002503596876269
7,median,CC(=O)NCN(CNC(C)=O)CC(=O)[O-],"[2, 14, 5]",[],0.4002737314193136
7,top,OC(=O)CN(CCN(CC(O)=O)CC(=O)[O-])CCN(CC(=O)[O-])CC(=O)[O-],"[15, 22, 26, 7, 4, 18]",[],0.9958330546010236
7,top,CC(CN)(CN)CSCCCSCC(C)(CN)CN,"[16, 3, 5, 18, 7, 11]","[{'functional_group': 'chloro', 'smiles_inds': [9]}]",0.9961232240701162
7,top,CCCCC(=O)OC(CN(CC(=O)[O-])CC(=O)[O-])CN(CC(=O)[O-])CC(=O)[O-],"[13, 17, 23, 27, 9, 19]","[{'functional_group': 'carboxylate', 'smiles_inds': [24]}, {'functional_group': 'trichloro', 'smiles_inds': [1]}]",0.9962216880856224
7,top,C(CN(CCN=CC1=NC=CN1)CCN=CC1=NC=CN1)N=CC1=NC=CN1,"[5, 8, 14, 17, 21, 24]","[{'functional_group': 'tribromo', 'smiles_inds': [27]}]",0.9966189152323867
7,top,[nH+]1cc[nH+]c2c1c1cccnc1c1ncccc21,"[13, 10]","[{'functional_group': 'carboxylate', 'smiles_inds': [14]}, {'functional_group': 'aldehyde', 'smiles_inds': [16]}, {'functional_group': 'methyl', 'smiles_inds': [3]}, {'functional_group': 'carboxylate', 'smiles_inds': [15]}, {'functional_group': 'phenyl', 'smiles_inds': [2]}, {'functional_group': 'hydroxyl', 'smiles_inds': [7]}, {'functional_group': 'carboxylate', 'smiles_inds': [8]}]",0.9967388116681777
7,top,[nH+]1cc[nH+]c2c1c1cccnc1c1ncccc21,"[13, 10]","[{'functional_group': 'carboxylate', 'smiles_inds': [14]}, {'functional_group': 'aldehyde', 'smiles_inds': [16]}, {'functional_group': 'methyl', 'smiles_inds': [3]}, {'functional_group': 'carboxylate', 'smiles_inds': [15]}, {'functional_group': 'phenyl', 'smiles_inds': [2]}, {'functional_group': 'carboxyllic_acid', 'smiles_inds': [7]}, {'functional_group': 'carboxylate', 'smiles_inds': [8]}, {'functional_group': 'bromo', 'smiles_inds': [9]}]",0.9967761899905464
7,top,[nH+]1cc[nH+]c2c1c1cccnc1c1ncccc21,"[13, 10]","[{'functional_group': 'carboxylate', 'smiles_inds': [14]}, {'functional_group': 'aldehyde', 'smiles_inds': [16]}, {'functional_group': 'methyl', 'smiles_inds': [3]}, {'functional_group': 'carboxylate', 'smiles_inds': [15]}, {'functional_group': 'phenyl', 'smiles_inds': [2]}, {'functional_group': 'carboxyllic_acid', 'smiles_inds': [7]}, {'functional_group': 'carboxylate', 'smiles_inds': [8]}]",0.9971457361442846
7,top,O=C([O-])c1ccc([O-])c(C=NCc2ccccn2)c1,"[7, 10, 17]","[{'functional_group': 'carboxylate', 'smiles_inds': [13]}, {'functional_group': 'iodo', 'smiles_inds': [16]}, {'functional_group': 'carboxylate', 'smiles_inds': [4]}]",0.9972409285762585
7,top,O=C([O-])CN1CCN(CCN(CC1)CC(=O)[O-])CC(=O)[O-],"[4, 10, 7, 2, 16, 20]",[],0.9972510851598615
7,top,O=C([O-])c1ccc([O-])c(C=NCc2ccccn2)c1,"[7, 10, 17]","[{'functional_group': 'carboxylate', 'smiles_inds': [13]}, {'functional_group': 'iodo', 'smiles_inds': [16]}, {'functional_group': 'ether', 'smiles_inds': [18]}, {'functional_group': 'carboxylate', 'smiles_inds': [14]}]",0.9972553416411992
7,top,Cc1ccc([O-])c(CN2CCOCCOCCN(CCOCCOCC2)Cc2nc(C)ccc2[O-])n1,"[11, 20, 5, 34, 8, 17]",[],0.9972836875905607
7,top,[nH+]1cc[nH+]c2c1c1cccnc1c1ncccc21,"[13, 10]","[{'functional_group': 'carboxylate', 'smiles_inds': [14]}, {'functional_group': 'aldehyde', 'smiles_inds': [16]}, {'functional_group': 'methyl', 'smiles_inds': [3]}, {'functional_group': 'carboxylate', 'smiles_inds': [15]}, {'functional_group': 'phenyl', 'smiles_inds': [2]}, {'functional_group': 'carboxyllic_acid', 'smiles_inds': [7]}, {'functional_group': 'carboxylate', 'smiles_inds': [8]}, {'functional_group': 'carboxyllic_acid', 'smiles_inds': [1]}, {'functional_group': 'thiol', 'smiles_inds': [0]}]",0.9973102260352467
7,top,OC(CN(CC(=O)[O-])CC(=O)[O-])CN(CC(=O)[O-])CC(=O)[O-],"[13, 3, 21, 17, 11, 7]",[],0.9974894028955238
7,top,O=C1C(=C(CN2CCOCC2)C=C(CN2CCOCC2)C=C1CN1CCOCC1)[O-],"[29, 0]","[{'functional_group': 'amino', 'smiles_inds': [15]}]",0.9974965729596471
7,top,O=C([O-])CN(CCN(CC(=O)[O-])CC(=O)[O-])CC(=O)[O-],"[4, 7, 2, 11, 15, 19]",[],0.9975734261761527
7,top,OC(=O)CN1CCN(CCN(CCN(CC1)CC(=O)[O-])CC(=O)[O-])CC(=O)[O-],"[19, 27, 13, 4, 7, 10]","[{'functional_group': 'amino', 'smiles_inds': [9]}, {'functional_group': 'chloro', 'smiles_inds': [3]}]",0.9977309066367122
7,top,OC(=O)CN1CCN(CCN(CCN(CC1)CC(=O)[O-])CC(=O)[O-])CC(=O)[O-],"[19, 27, 13, 4, 7, 10]","[{'functional_group': 'chloro', 'smiles_inds': [12]}]",0.997818247436417
7,top,CC(C)(CN(CC(=O)[O-])CC(=O)[O-])CN(CC(=O)[O-])CC(=O)[O-],"[4, 14, 8, 18, 12, 22]","[{'functional_group': '2-hydroxypyridine', 'smiles_inds': [3]}, {'functional_group': 'carboxylate', 'smiles_inds': [0]}]",0.9982173630916519
7,top,c1cnc(nc1)c1nc(nc(n1)c1ncccn1)c1ncccn1,"[2, 7, 19]",[],0.9988094803940004
7,top,Cc1ccc([O-])c(CN2CCN(CCN(CC2)Cc2nc(C)ccc2[O-])Cc2nc(C)ccc2[O-])n1,"[5, 25, 34, 8, 14, 11]",[],0.9992910631317468
8,bottom,O=C1N2CN3C(=O)N4CN5C(=O)N6CN7C(=O)N8CN9C(=O)N%10CN%11C(=O)N%12CN1C1%13CCCCC21N1CN2C(=O)N(CN%14C(=O)N(CN%15C(=O)N(CN%16C(=O)N(CN%17C(=O)N(CN%13C1=O)C1%12CCCCC%11%171)C1%10CCCCC9%161)C18CCCCC7%151)C16CCCCC5%141)C14CCCCC321,"[26, 0, 6]",[],3.200274129207469e-14
8,bottom,CP(CCP(C)c1c(cc(cc1C([Si](C)(C)C)[Si](C)(C)C)C([Si](C)(C)C)([Si](C)(C)C)[Si](C)(C)C)C([Si](C)(C)C)[Si](C)(C)C)c1c(cc(cc1C([Si](C)(C)C)[Si](C)(C)C)C([Si](C)(C)C)([Si](C)(C)C)[Si](C)(C)C)C([Si-](C)C)[Si](C)(C)C,"[4, 72, 1]",[],1.940152814292971e-13
8,bottom,O=C1N2CN3C(=O)N4CN5C(=O)N6CN7C(=O)N8CN9C(=O)N%10CN%11C(=O)N%12CN1C1%13CCCC21N1CN2C(=O)N(CN%14C(=O)N(CN%15C(=O)N(CN%16C(=O)N(CN%17C(=O)N(CN%13C1=O)C1%12CCCC%11%171)C1%10CCCC9%161)C18CCCC7%151)C16CCCC5%141)C14CCCC321,"[54, 59]","[{'functional_group': 'ethyl_ester', 'smiles_inds': [32]}]",2.2010552264554413e-13
8,bottom,C[Si](C)(C)C(c1cc(C([Si](C)(C)C)[Si](C)(C)C)c([Se]c2ccccc2Sc2ccccc2Sc2ccccc2[Se]c2c(cc(cc2C([Si](C)(C)C)[Si](C)(C)C)C([Si](C)(C)C)[Si](C)(C)C)C([Si](C)(C)C)[Si](C)(C)C)c(c1)C([Si](C)(C)C)[Si](C)(C)C)[Si](C)(C)C,"[25, 32]",[],7.719553983208333e-13
8,bottom,C[Si](C)(C)C(c1cc(C([Si](C)(C)C)[Si](C)(C)C)c([Se]c2ccccc2Sc2ccccc2Sc2ccccc2[Se]c2c(cc(cc2C([Si](C)(C)C)[Si](C)(C)C)C([Si](C)(C)C)[Si](C)(C)C)C([Si](C)(C)C)[Si](C)(C)C)c(c1)C([Si](C)(C)C)[Si](C)(C)C)[Si](C)(C)C,"[25, 32]","[{'functional_group': 'tribromo', 'smiles_inds': [42]}]",1.5431831212642854e-12
8,bottom,CC(C)(C)c1cc2c3cc(cc4c5cc(cc6c7cc(cc8c9cc(cc%10c%11cc(cc%12c(c1)c2c1c(c34)c(c56)c(c78)c(c9%10)c1c%11%12)C(C)(C)C)C(C)(C)C)C(C)(C)C)C(C)(C)C)P(c1ccccc1)c1cc2c3cc(cc4c5cc(cc6c7cc(cc8c9cc(cc%10c%11cc(cc%12c(c1)c2c1c(c34)c(c56)c(c78)c(c9%10)c1c%11%12)C(C)(C)C)C(C)(C)C)C(C)(C)C)C(C)(C)C)C(C)(C)C,[62],"[{'functional_group': 'ketone', 'smiles_inds': [90]}, {'functional_group': 'phosphonate', 'smiles_inds': [49]}, {'functional_group': 'trichloro', 'smiles_inds': [113]}]",1.3517861039255381e-11
8,bottom,CC(C)(C)[Si](C)([Si]12[Ge][Si]1([Si](C)(C(C)(C)C)C(C)(C)C)[Si]2([Si](C)(C(C)(C)C)C(C)(C)C)[Si](C)(C(C)(C)C)C(C)(C)C)C(C)(C)C,[7],"[{'functional_group': 'amide', 'smiles_inds': [25]}, {'functional_group': 'cyano', 'smiles_inds': [28]}]",1.5025961382728852e-10
8,bottom,CC1=C(C)C[Ge]2([Ge]([Ge]2(C1)[Si](C(C)(C)C)(C(C)(C)C)C(C)(C)C)[Si](C(C)(C)C)(C(C)(C)C)C(C)(C)C)[Si](C(C)(C)C)(C(C)(C)C)C(C)(C)C,[6],"[{'functional_group': '2-hydroxypyridine', 'smiles_inds': [46]}, {'functional_group': 'thiol', 'smiles_inds': [37]}]",2.937419284807717e-10
8,bottom,CC(C)CC1NC(=O)C2(CCC(=O)NC(CC(O)=O)C(=O)NC(CC3=CNc4ccccc34)C(=O)N2)CSCC(NC(=O)C(CCC(O)=O)NC(=O)C(CC2=CNc3ccccc23)NC1=O)C(=O)NC1CSSCC(NC(=O)C2CSCC3(CC(NC1=O)C(=O)NC(C(C)O)C(=O)NCC(=O)N3)C(=O)NC(CC(C)C)C(=O)NC(Cc1ccccc1)C(=O)NC(C)C(=O)N2)C(O)=O,"[77, 87]","[{'functional_group': 'phenyl', 'smiles_inds': [55]}]",6.930714334816911e-10
8,bottom,CC(C)(C)[Si]([SiH]1[Si]2(CC[Si]3(OCCOCCOCCOCCOCCO3)[Si]12[Si](C(C)(C)C)(C(C)(C)C)C(C)(C)C)[Si](C(C)(C)C)(C(C)(C)C)C(C)(C)C)(C(C)(C)C)C(C)(C)C,"[22, 19, 16]","[{'functional_group': 'bromo', 'smiles_inds': [33]}]",7.862669443430296e-10
8,bottom,O=C1N2CN3C(=O)N4CN5C6C7N(CN8C(=O)N9CN%10C%11C%12N(CN%13C(=O)N%14CN1C1C2N2CN%15C(=O)N(CN6C(=O)N7CN6C(=O)N(CN%11C(=O)N%12CN7C(=O)N(CN1C2=O)C1%14CCCCC%1371)C19CCCCC861)C14CCCCC3%151)C%10=O)C5=O,"[36, 61]","[{'functional_group': 'hydroxyl', 'smiles_inds': [10]}]",1.1308141729276752e-09
8,bottom,COCC1OC2OC3C(COC)OC(OC4C(COC)OC(OC5C(COC)OC(OC6C(COC)OC(OC7C(COC)OC(OC8C(COC)OC(OC1C(OC)C2OC)C(OC)C8OC)C(OC)C7OC)C(OC)C6OCc1cncc(COC2C(OC)C6OC(COC)C2OC2OC(COC)C(OC7OC(COC)C(OC8OC(COC)C(OC9OC(COC)C(OC%10OC(COC)C(OC%11OC(COC)C(O6)C(OC)C%11OC)C(OC)C%10OC)C(OC)C9OC)C(OC)C8OC)C(OC)C7OC)C(OC)C2OC)c1)C(OC)C5OC)C(OC)C4OC)C(OC)C3OC,[82],"[{'functional_group': 'methyl_ester', 'smiles_inds': [141]}, {'functional_group': 'ketone', 'smiles_inds': [193]}]",1.4345508039969992e-09
8,bottom,C1CCCCCCCCCCCP2CCCCCCCCCCCCCCCCCCCCCCP(CCCCCCCCCC1)CCCCCCCCCCCCCCCCCCCCCC2,"[12, 35]","[{'functional_group': 'ketone', 'smiles_inds': [57]}]",2.4287730876629236e-09
8,bottom,O=C1N2CN3C(=O)N4CN5C(=O)N6CN7C(=O)N8CN9C(=O)N%10CN1C1%11CCC21N1CN2C(=O)N(CN%12C(=O)N(CN%13C(=O)N(CN%14C(=O)N(CN%11C1=O)C1%10CCC9%141)C18CCC7%131)C16CCC5%121)C14CCC321,"[43, 38]","[{'functional_group': '2-hydroxypyridine', 'smiles_inds': [60]}]",3.728049347803751e-09
8,bottom,Cc1cc(C(c2ccc(cc2)C2CCCCC2)c2ccc(cc2)C2CCCCC2)c(N=C(C)C(C)=Nc2c(cc(C)cc2C(c2ccc(cc2)C2CCCCC2)c2ccc(cc2)C2CCCCC2)C(c2ccc(cc2)C2CCCCC2)c2ccc(cc2)C2CCCCC2)c(c1)C(c1ccc(cc1)C1CCCCC1)c1ccc(cc1)C1CCCCC1,"[30, 35]","[{'functional_group': '2-hydroxypyridine', 'smiles_inds': [92]}]",4.857376317127882e-09
8,bottom,COc1c(cc(cc1C12CC3CC(CC(C3)C1)C2)P(c1cc(c(OC)c(c1)C12CC3CC(CC(C3)C1)C2)C12CC3CC(CC(C3)C1)C2)c1ccccc1CNc1cccc2CCC3(CCc4cccc(P(c5cc(cc(c5)C(C)(C)C)C(C)(C)C)c5cc(cc(c5)C(C)(C)C)C(C)(C)C)c34)c12)C12CC3CC(CC(C3)C1)C2,"[70, 18, 54]","[{'functional_group': 'carboxyllic_acid', 'smiles_inds': [51]}, {'functional_group': '2-hydroxypyridine', 'smiles_inds': [0]}]",5.533483097991849e-09
8,bottom,Cc1cc(C(c2ccc(cc2)C2CCCCC2)c2ccc(cc2)C2CCCCC2)c(N=C(C)C(C)=Nc2c(cc(C)cc2C(c2ccc(cc2)C2CCCCC2)c2ccc(cc2)C2CCCCC2)C(c2ccc(cc2)C2CCCCC2)c2ccc(cc2)C2CCCCC2)c(c1)C(c1ccc(cc1)C1CCCCC1)c1ccc(cc1)C1CCCCC1,"[30, 35]",[],5.536841638113351e-09
8,bottom,Cc1cc(C)c(B(CCCP(CCCB(c2c(C)cc(C)cc2C)c2c(C)cc(C)cc2C)CCP(CCCB(c2c(C)cc(C)cc2C)c2c(C)cc(C)cc2C)CCCB(c2c(C)cc(C)cc2C)c2c(C)cc(C)cc2C)c2c(C)cc(C)cc2C)c(C)c1,"[35, 10]","[{'functional_group': '2-hydroxypyridine', 'smiles_inds': [60]}]",7.412648933213857e-09
8,bottom,Cc1cc(C)c(B(CCCP(CCCB(c2c(C)cc(C)cc2C)c2c(C)cc(C)cc2C)CCP(CCCB(c2c(C)cc(C)cc2C)c2c(C)cc(C)cc2C)CCCB(c2c(C)cc(C)cc2C)c2c(C)cc(C)cc2C)c2c(C)cc(C)cc2C)c(C)c1,"[35, 10]",[],8.742683865294811e-09
8,bottom,CC(C)c1cccc(C(C)C)c1c1cc(NCCN(CCNc2cc(cc(c2)c2c(cccc2C(C)C)C(C)C)c2c(cccc2C(C)C)C(C)C)CCNc2cc(cc(c2)c2c(cccc2C(C)C)C(C)C)c2c(cccc2C(C)C)C(C)C)cc(c1)c1c(cccc1C(C)C)C(C)C,"[18, 15, 21]","[{'functional_group': 'ether', 'smiles_inds': [70]}]",8.926664573847089e-09
8,median,[S-]C(=NN=Cc1c2ccccc2cc2ccccc12)N1CCCC1,"[0, 3]","[{'functional_group': 'trifluro', 'smiles_inds': [15]}]",0.4133718470276493
8,median,CC(C)(C)C1=CC(=Nc2ccc(cc2)N(=O)=O)C([O-])C(=C1)C(C)(C)C,"[18, 7]",[],0.41340141761241406
8,median,CN(Cc1cc(Cl)cc(Cl)c1[O-])C1CCCCC1N=Cc1ccccc1,"[11, 1]","[{'functional_group': 'thiol', 'smiles_inds': [13]}]",0.4134799485584088
8,median,CN1C=CN=C1C(C(=S)[S-])C1=NC=CN1C,"[4, 11]","[{'functional_group': '2-methylbenzoic_acid', 'smiles_inds': [3]}]",0.41349781936355623
8,median,Brc1ccc(cc1)c1ccc(cc1)c1cc(nc(c1)c1ccccn1)c1ccccn1,"[24, 16, 30]","[{'functional_group': 'tribromo', 'smiles_inds': [26]}]",0.4135283008938227
8,median,S1C=CN=C1c1ccc(c[c-]1)N(c1ccccc1)c1ccccc1,"[3, 10]",[],0.4135335474804709
8,median,CC(=O)NCCC1=CN=CN1,[8],[],0.4135352608695675
8,median,CC(C=C([O-])c1ccccc1)=NN=C([O-])c1cc2ccccc2cc1O,"[14, 4, 11]","[{'functional_group': 'cyanimide', 'smiles_inds': [7]}, {'functional_group': 'cyanimide', 'smiles_inds': [16]}]",0.4135461102095167
8,median,Oc1ccc(CCN=Cc2cc(Br)ccc2[O-])cc1,"[7, 16]",[],0.413563953047589
8,median,CN(C)N[Si](F)(F)F,[3],[],0.41364556580987644
8,median,Cc1cc(C)c2OC3(OC(C)(O)C=C3C)C(=Nc2c1)C(=O)[O-],"[21, 16]",[],0.41369088468442966
8,median,CC([S-])=CSCCSC=C,"[7, 4, 2]",[],0.4136939842202348
8,median,CC1=NN(c2ccccc2)C(=C1C=NNc1nncc2ccccc12)[O-],"[25, 2, 3]","[{'functional_group': 'carboxyllic_acid', 'smiles_inds': [14]}]",0.4137410574799024
8,median,COC(=O)C=[C-]C(=CC(=[CH-])C(=O)OC)C(=O)OC,"[1, 9, 5]","[{'functional_group': 'carboxylate', 'smiles_inds': [13]}, {'functional_group': 'carbonyl', 'smiles_inds': [7]}]",0.4137618134361782
8,median,Oc1c(Br)cc(Br)cc1C=Nc1cccnc1,[15],[],0.4137897650530801
8,median,COc1ccc(OC(C2CCC(=O)[N-]2)c2ccccc2)c2ncccc12,"[6, 21, 13]",[],0.4138223178515685
8,median,CCN(CC)Cc1cc(cc(CN(CC)CC)n1)N(=O)=O,"[2, 17, 12]",[],0.4138242397303057
8,median,C(CN(CC[N-]c1cccc2cccnc12)CC[N-]c1cccc2cccnc12)[N-]c1cccc2cccnc12,"[29, 5, 14, 27, 18, 38]",[],0.41382451258163866
8,median,C([Se]c1ccccc1)N1C=C(N=N1)c1ccccc1,"[1, 12]",[],0.41386779558907466
8,median,Nc1ccc(cc1)S(=O)(=O)[N-]c1ccc(Cl)nn1,"[17, 10]",[],0.41388726000244486
8,top,O=C([O-])CN(CC[O-])CCN(CC(=O)[O-])CC(=O)[O-],"[2, 7, 14, 18, 4, 10]","[{'functional_group': 'thiol', 'smiles_inds': [8]}, {'functional_group': 'carboxylate', 'smiles_inds': [11]}, {'functional_group': 'bromo', 'smiles_inds': [9]}]",0.9966023136442836
8,top,[nH+]1cc[nH+]c2c1c1cccnc1c1ncccc21,"[13, 10]","[{'functional_group': 'carboxylate', 'smiles_inds': [14]}, {'functional_group': 'aldehyde', 'smiles_inds': [16]}, {'functional_group': 'methyl', 'smiles_inds': [3]}, {'functional_group': 'carboxylate', 'smiles_inds': [15]}, {'functional_group': 'phenyl', 'smiles_inds': [2]}, {'functional_group': 'carboxyllic_acid', 'smiles_inds': [7]}, {'functional_group': 'bromo', 'smiles_inds': [8]}, {'functional_group': 'fluoro', 'smiles_inds': [0]}, {'functional_group': 'carboxylate', 'smiles_inds': [1]}]",0.9966641869091071
8,top,[nH+]1cc[nH+]c2c1c1cccnc1c1ncccc21,"[13, 10]","[{'functional_group': 'carboxylate', 'smiles_inds': [14]}, {'functional_group': 'aldehyde', 'smiles_inds': [16]}, {'functional_group': 'methyl', 'smiles_inds': [3]}, {'functional_group': 'carboxylate', 'smiles_inds': [15]}, {'functional_group': 'phenyl', 'smiles_inds': [2]}, {'functional_group': 'carboxylate', 'smiles_inds': [9]}]",0.9966681097477326
8,top,O=C([O-])CN(CC(=O)[O-])C1C2C1C2N(CC(=O)[O-])CC(=O)[O-],"[2, 8, 4, 17, 21, 13]",[],0.9966728369687579
8,top,O=C(NCCN(CCNC(=O)C1=C([O-])C(=O)C=CO1)CCNC(=O)C1=C([O-])C(=O)C=CO1)C1=C([O-])C(=O)C=CO1,"[34, 36, 13, 15, 26, 28]",[],0.9966775524376862
8,top,CC(CN)(CN)CSCCSCC(C)(CN)CN,"[15, 17, 3, 7, 10, 5]",[],0.9967001529933845
8,top,O=C([O-])c1ccc([O-])c(C=NCc2ccccn2)c1,"[7, 10, 17]","[{'functional_group': 'carboxylate', 'smiles_inds': [13]}, {'functional_group': 'iodo', 'smiles_inds': [16]}, {'functional_group': 'carboxylate', 'smiles_inds': [14]}]",0.9968157793035485
8,top,Cc1ccc([O-])c(CN2CCN(CCN(CC2)Cc2nc(C)ccc2[O-])Cc2nc(C)ccc2[O-])n1,"[5, 25, 34, 8, 14, 11]","[{'functional_group': 'phosphonate', 'smiles_inds': [9]}, {'functional_group': 'ethyl', 'smiles_inds': [30]}]",0.996986027785447
8,top,OCC1=CC(=O)C(=C(CN2CCN(CCN(CC2)CC2=C([O-])C(=O)C=C(CO)O2)CC2=C([O-])C(=O)C=C(CO)O2)O1)[O-],"[41, 21, 32, 9, 15, 12]",[],0.9970673779475402
8,top,Oc1ccc2[N-]c3c4ncc(F)cc4c4C(=O)NC(=O)c4c3c2c1,"[5, 8]","[{'functional_group': 'carboxylate', 'smiles_inds': [23]}]",0.9971051797784666
8,top,Oc1ccc2[N-]c3c4ncc(F)cc4c4C(=O)NC(=O)c4c3c2c1,"[5, 8]","[{'functional_group': 'carboxylate', 'smiles_inds': [23]}, {'functional_group': 'ether', 'smiles_inds': [3]}]",0.9972799809752012
8,top,[nH+]1cc[nH+]c2c1c1cccnc1c1ncccc21,"[13, 10]","[{'functional_group': 'carboxylate', 'smiles_inds': [14]}, {'functional_group': 'aldehyde', 'smiles_inds': [16]}, {'functional_group': 'methyl', 'smiles_inds': [3]}, {'functional_group': 'carboxylate', 'smiles_inds': [15]}, {'functional_group': 'phenyl', 'smiles_inds': [2]}, {'functional_group': 'carboxyllic_acid', 'smiles_inds': [7]}, {'functional_group': 'carboxylate', 'smiles_inds': [9]}, {'functional_group': 'fluoro', 'smiles_inds': [0]}]",0.9973398441186621
8,top,[nH+]1cc[nH+]c2c1c1cccnc1c1ncccc21,"[13, 10]","[{'functional_group': 'carboxylate', 'smiles_inds': [14]}, {'functional_group': 'aldehyde', 'smiles_inds': [16]}, {'functional_group': 'methyl', 'smiles_inds': [3]}, {'functional_group': 'carboxylate', 'smiles_inds': [15]}, {'functional_group': 'phenyl', 'smiles_inds': [2]}, {'functional_group': 'phenyl', 'smiles_inds': [1]}, {'functional_group': '2-hydroxypyridine', 'smiles_inds': [9]}, {'functional_group': 'cyano', 'smiles_inds': [7]}, {'functional_group': 'carboxylate', 'smiles_inds': [8]}]",0.9975092190239823
8,top,c1cnc(nc1)c1nc(nc(n1)c1ncccn1)c1ncccn1,"[2, 7, 19]",[],0.9975147179348881
8,top,O=C([O-])c1ccc([O-])c(C=NCc2ccccn2)c1,"[7, 10, 17]","[{'functional_group': 'carboxylate', 'smiles_inds': [13]}, {'functional_group': 'iodo', 'smiles_inds': [16]}, {'functional_group': 'carboxylate', 'smiles_inds': [4]}]",0.9976380170608784
8,top,O=C([O-])CN(CCN(CC(=O)[O-])CC(=O)[O-])CC(=O)[O-],"[4, 7, 2, 11, 15, 19]",[],0.9977413543204608
8,top,[nH+]1cc[nH+]c2c1c1cccnc1c1ncccc21,"[13, 10]","[{'functional_group': 'carboxylate', 'smiles_inds': [14]}, {'functional_group': 'aldehyde', 'smiles_inds': [16]}, {'functional_group': 'methyl', 'smiles_inds': [3]}, {'functional_group': 'carboxylate', 'smiles_inds': [15]}, {'functional_group': 'phenyl', 'smiles_inds': [2]}, {'functional_group': 'carboxyllic_acid', 'smiles_inds': [7]}, {'functional_group': 'carboxylate', 'smiles_inds': [9]}, {'functional_group': 'amino', 'smiles_inds': [1]}, {'functional_group': 'carboxyl', 'smiles_inds': [8]}]",0.9982135004003427
8,top,[nH+]1cc[nH+]c2c1c1cccnc1c1ncccc21,"[13, 10]","[{'functional_group': 'carboxylate', 'smiles_inds': [14]}, {'functional_group': 'aldehyde', 'smiles_inds': [16]}, {'functional_group': 'methyl', 'smiles_inds': [3]}, {'functional_group': 'carboxylate', 'smiles_inds': [15]}, {'functional_group': 'phenyl', 'smiles_inds': [2]}, {'functional_group': 'carboxyllic_acid', 'smiles_inds': [7]}, {'functional_group': 'carboxylate', 'smiles_inds': [8]}]",0.9982761073084759
8,top,[nH+]1cc[nH+]c2c1c1cccnc1c1ncccc21,"[13, 10]","[{'functional_group': 'carboxylate', 'smiles_inds': [14]}, {'functional_group': 'aldehyde', 'smiles_inds': [16]}, {'functional_group': 'methyl', 'smiles_inds': [3]}, {'functional_group': 'carboxylate', 'smiles_inds': [15]}, {'functional_group': 'phenyl', 'smiles_inds': [2]}, {'functional_group': 'carboxyllic_acid', 'smiles_inds': [7]}, {'functional_group': 'carboxylate', 'smiles_inds': [8]}, {'functional_group': 'iodo', 'smiles_inds': [9]}]",0.9983104563944466
8,top,Cc1ccc([O-])c(CN2CCN(CCN(CC2)Cc2nc(C)ccc2[O-])Cc2nc(C)ccc2[O-])n1,"[5, 25, 34, 8, 14, 11]",[],0.9987928336597328
9,bottom,CC(C)(C)c1cc2c3cc(cc4c5cc(cc6c7cc(cc8c9cc(cc%10c%11cc(cc%12c(c1)c2c1c(c34)c(c56)c(c78)c(c9%10)c1c%11%12)C(C)(C)C)C(C)(C)C)C(C)(C)C)C(C)(C)C)P(c1cc2c3cc(cc4c5cc(cc6c7cc(cc8c9cc(cc%10c%11cc(cc%12c(c1)c2c1c(c34)c(c56)c(c78)c(c9%10)c1c%11%12)C(C)(C)C)C(C)(C)C)C(C)(C)C)C(C)(C)C)C(C)(C)C)c1cc2c3cc(cc4c5cc(cc6c7cc(cc8c9cc(cc%10c%11cc(cc%12c(c1)c2c1c(c34)c(c56)c(c78)c(c9%10)c1c%11%12)C(C)(C)C)C(C)(C)C)C(C)(C)C)C(C)(C)C)C(C)(C)C,[62],"[{'functional_group': 'ether', 'smiles_inds': [111]}]",4.9557316424767136e-29
9,bottom,COC(=O)C(C)(C)NC(=O)C(NC(=O)C1(CCCCC1)NC(=O)C(C)(C)NC(=O)C1(CCCCC1)NC(=O)C(C)(C)NC(=O)c1ccc(nc1)c1ccc(cn1)C(=O)NC(C)(C)C(=O)NC1(CCCCC1)C(=O)NC(C)(C)C(=O)NC1(CCCCC1)C(=O)NC(C(C)C)C(=O)NC(C)(C)C(=O)OC)C(C)C,"[55, 48]","[{'functional_group': 'ethyl_ester', 'smiles_inds': [92]}]",9.136412939984363e-24
9,bottom,CCC(C)C1NC(=O)C(C)NC(=O)C(CSSCC2NC(=O)C(CCC(N)=O)NC(=O)C(C)NC(=O)C3CCCN3C(=O)C(CCC(O)=O)NC(=O)CNC(=O)C(C)NC(=O)C(CCCNC(N)=N)NC(=O)C(CSSCC(NC(=O)C(CC(N)=O)NC2=O)C(O)=O)NC(=O)C(CC2=CN=CN2)NC1=O)NC(=O)C(CC1=CN=CN1)NC(=O)C(CC(C)C)NC(=O)C(CC(O)=O)NC(C)=O,"[112, 99]","[{'functional_group': 'carboxylate', 'smiles_inds': [43]}]",3.2500347542252175e-21
9,bottom,CC(C)CC1NC(=O)C2(CCC(=O)NC(CC(O)=O)C(=O)NC(CC3=CNc4ccccc34)C(=O)N2)CSCC(NC(=O)C(CCC(O)=O)NC(=O)C(CC2=CNc3ccccc23)NC1=O)C(=O)NC1CSSCC(NC(=O)C2CSCC3(CC(NC1=O)C(=O)NC(C(C)O)C(=O)NCC(=O)N3)C(=O)NC(CC(C)C)C(=O)NC(Cc1ccccc1)C(=O)NC(C)C(=O)N2)C(O)=O,"[77, 87]","[{'functional_group': 'ethyl', 'smiles_inds': [68]}]",4.15641801631409e-20
9,bottom,C[Si](C)(C)C(c1cc(C([Si](C)(C)C)[Si](C)(C)C)c(Sc2ccccc2[Se]c2ccccc2[Se]c2ccccc2Sc2c(cc(cc2C([Si](C)(C)C)[Si](C)(C)C)C([Si](C)(C)C)[Si](C)(C)C)C([Si](C)(C)C)[Si](C)(C)C)c(c1)C([Si](C)(C)C)[Si](C)(C)C)[Si](C)(C)C,"[25, 32]","[{'functional_group': 'phenyl', 'smiles_inds': [2]}]",4.4435051848613374e-20
9,bottom,CC(C)(C)c1cc2c3cc(cc4c5cc(cc6c7cc(cc8c9cc(cc%10c%11cc(cc%12c(c1)c2c1c(c34)c(c56)c(c78)c(c9%10)c1c%11%12)C(C)(C)C)C(C)(C)C)C(C)(C)C)C(C)(C)C)P(c1ccccc1)c1cc2c3cc(cc4c5cc(cc6c7cc(cc8c9cc(cc%10c%11cc(cc%12c(c1)c2c1c(c34)c(c56)c(c78)c(c9%10)c1c%11%12)C(C)(C)C)C(C)(C)C)C(C)(C)C)C(C)(C)C)C(C)(C)C,[62],"[{'functional_group': '2-methylbenzoic_acid', 'smiles_inds': [98]}, {'functional_group': 'ethyl_ester', 'smiles_inds': [18]}]",6.038352383609037e-20
9,bottom,O=C1N2CN3C(=O)N4CN5C(=O)N6CN7C(=O)N8CN9C(=O)N%10CN1C1%11CCC21N1CN2C(=O)N(CN%12C(=O)N(CN%13C(=O)N(CN%14C(=O)N(CN%11C1=O)C1%10CCC9%141)C18CCC7%131)C16CCC5%121)C14CCC321,"[43, 38]","[{'functional_group': 'bromo', 'smiles_inds': [8]}, {'functional_group': 'cyano', 'smiles_inds': [59]}]",2.0452971475586164e-19
9,bottom,O=C1N2CN3C(=O)N4CN5C(=O)N6CN7C(=O)N8CN9C(=O)N%10CN1C1%11CCC21N1CN2C(=O)N(CN%12C(=O)N(CN%13C(=O)N(CN%14C(=O)N(CN%11C1=O)C1%10CCC9%141)C18CCC7%131)C16CCC5%121)C14CCC321,"[43, 38]",[],5.956141719805727e-19
9,bottom,O=C1N2CN3C(=O)N4CN5C6C7N(CN8C(=O)N9CN%10C%11C%12N(CN%13C(=O)N%14CN1C1C2N2CN%15C(=O)N(CN6C(=O)N7CN6C(=O)N(CN%11C(=O)N%12CN7C(=O)N(CN1C2=O)C1%14CCCCC%1371)C19CCCCC861)C14CCCCC3%151)C%10=O)C5=O,"[36, 61]","[{'functional_group': 'ethyl', 'smiles_inds': [58]}]",1.5431865385407945e-18
9,bottom,C[Si](C)(C)C(c1cc(C([Si](C)(C)C)[Si](C)(C)C)c([Se]c2ccccc2[Se]c2ccccc2[Se]c2ccccc2[Se]c2c(cc(cc2C([Si](C)(C)C)[Si](C)(C)C)C([Si](C)(C)C)[Si](C)(C)C)C([Si](C)(C)C)[Si](C)(C)C)c(c1)C([Si](C)(C)C)[Si](C)(C)C)[Si](C)(C)C,"[25, 32]","[{'functional_group': 'amide', 'smiles_inds': [12]}, {'functional_group': 'phosphonate', 'smiles_inds': [20]}]",1.1086372019520817e-17
9,bottom,Fc1c(F)c(F)c(c(F)c1F)C1=C2NC(=C(C3=NC(=C(C4=CC=C([N-]4)C(=C4C=CC(=N4)C(=C4NC(=C(C5=NC(=C(C6=NC(=C(C7=CC=C1N7)c1c(F)c(F)c(F)c(F)c1F)C=C6)c1c(F)c(F)c(F)c(F)c1F)C=C5)c1c(F)c(F)c(F)c(F)c1F)C=C4)c1c(F)c(F)c(F)c(F)c1F)c1c(F)c(F)c(F)c(F)c1F)c1c(F)c(F)c(F)c(F)c1F)C=C3)c1c(F)c(F)c(F)c(F)c1F)C=C2,"[30, 24]","[{'functional_group': 'ether', 'smiles_inds': [33]}]",2.3745982692476326e-17
9,bottom,CCCC[P](CCCC)(CCCC)CCP(CCP(CCP(CC[P](CCCC)(CCCC)CCCC)CC[P](CCCC)(CCCC)CCCC)c1ccccc1)CC[P](CCCC)(CCCC)CCCC,"[15, 18, 21]",[],2.046701189643403e-16
9,bottom,C[Si](C)(C)C(c1cc(C([Si](C)(C)C)[Si](C)(C)C)c([Se]c2ccccc2[Se]c2ccccc2[Se]c2ccccc2[Se]c2c(cc(cc2C([Si](C)(C)C)[Si](C)(C)C)C([Si](C)(C)C)[Si](C)(C)C)C([Si](C)(C)C)[Si](C)(C)C)c(c1)C([Si](C)(C)C)[Si](C)(C)C)[Si](C)(C)C,"[25, 32]","[{'functional_group': 'chloro', 'smiles_inds': [14]}, {'functional_group': 'methyl', 'smiles_inds': [74]}]",3.61825659880288e-16
9,bottom,CCOC(=O)C1=C(OC23c4c5c6c7c8c9c%10C%11=C%12C%13=C%14C%15=C%16C%17=C%18C%19=C%20C%21=C(c4c4c6c8c6c%10C(=C%19c6c%214)C%17=C%11%15)C4=C6C%20=C%18C8=C%16c%10c%14c%11c%13c%13c(c9%12)c7c7c%13c9c%11c%11c%10c8c6c(c%11c9c2c57)C134)c1ccncc1,[71],"[{'functional_group': '2-methylbenzoic_acid', 'smiles_inds': [1]}, {'functional_group': 'carboxyl', 'smiles_inds': [0]}]",4.799421739483088e-16
9,bottom,C1N(CC23c4c5c6c7c8c9c%10c%11c%12c%13c%14c%10c%10c%15c%14c%14c%16c%13c%13c%12c%12c%17c%11c9c9c%11c%17c%17c%12c%12c%13c%13c%16c%16c%14c%14c%15c(c6c8%10)c4c%14c4c%16c6c%13c%12c8c%17c%10c%11c(c79)c5c2c%10c8c6C134)c1ccncc1,[1],"[{'functional_group': 'carboxyllic_acid', 'smiles_inds': [2]}]",2.3556871962775917e-15
9,bottom,CC(C)c1cccc(C(C)C)c1c1cc(NCCN(CCNc2cc(cc(c2)c2c(cccc2C(C)C)C(C)C)c2c(cccc2C(C)C)C(C)C)CCNc2cc(cc(c2)c2c(cccc2C(C)C)C(C)C)c2c(cccc2C(C)C)C(C)C)cc(c1)c1c(cccc1C(C)C)C(C)C,"[18, 15, 21]","[{'functional_group': 'ethyl', 'smiles_inds': [56]}]",2.6015771947989466e-15
9,bottom,CN1CC23c4c5c6c7c8c9c%10c%11c%12c%13c%14c%10c%10c%15c%14c%14c%16c%13c%13c%12c%12c%17c%11c9c9c%11c%17c%17c%12c%12c%13c%13c%16c%16c%14c%14c%15c(c6c8%10)c4c%14c4c%16c6c%13c%12c8c%17c%10c%11c(c79)c5c2c%10c8c6C34C1c1ccncc1,[67],"[{'functional_group': 'thiol', 'smiles_inds': [2]}]",1.0058995030809944e-14
9,bottom,CCOC(=O)C1=C(OC23c4c5c6c7c8c9c%10C%11=C%12C%13=C%14C%15=C%16C%17=C%18C%19=C%20C%21=C(c4c4c6c8c6c%10C(=C%19c6c%214)C%17=C%11%15)C4=C6C%20=C%18C8=C%16c%10c%14c%11c%13c%13c(c9%12)c7c7c%13c9c%11c%11c%10c8c6c(c%11c9c2c57)C134)c1ccncc1,[71],[],2.2055632147656735e-14
9,bottom,C1C(CC(CC1N=CC=Cc1cccc(c1)N1C(=CC=C1c1ccccc1)c1ccccc1)N=CC=Cc1cccc(c1)N1C(=CC=C1c1ccccc1)c1ccccc1)N=CC=Cc1cccc(c1)N1C(=CC=C1c1ccccc1)c1ccccc1,"[6, 33, 60]",[],4.176599860866976e-14
9,bottom,Cc1cc(C)c(B(CCCP(CCCB(c2c(C)cc(C)cc2C)c2c(C)cc(C)cc2C)CCP(CCCB(c2c(C)cc(C)cc2C)c2c(C)cc(C)cc2C)CCCB(c2c(C)cc(C)cc2C)c2c(C)cc(C)cc2C)c2c(C)cc(C)cc2C)c(C)c1,"[35, 10]","[{'functional_group': 'methyl_ester', 'smiles_inds': [54]}]",1.1016566378756959e-13
9,median,Clc1ccc(Sc2ccc(Cl)cc2)cc1,[5],"[{'functional_group': 'carboxyl', 'smiles_inds': [12]}, {'functional_group': 'ketone', 'smiles_inds': [3]}]",0.3287778266967332
9,median,FC(P(c1ccccc1)C(F)=C(F)C(F)(F)F)=C(F)C(F)(F)F,[2],"[{'functional_group': 'ketone', 'smiles_inds': [6]}]",0.3287979165563156
9,median,CCCCN=C([S-])c1cccc(n1)C([S-])=NCCCC,"[6, 14, 12]","[{'functional_group': 'chloro', 'smiles_inds': [0]}]",0.32881829810675267
9,median,C(Nc1nnc(NCc2ccccn2)nn1)c1ccccn1,"[13, 6]",[],0.3288265651016887
9,median,Oc1ccccc1C(=O)N[O-],"[10, 8]","[{'functional_group': 'cyanimide', 'smiles_inds': [3]}]",0.32882946452255263
9,median,CCCN=Cc1cc(ccc1[O-])N=Nc1ccccc1,"[11, 3]",[],0.3288361329063451
9,median,COc1cnc(nc1)N1C=CN(Cc2ccccc2)[CH-]1,"[8, 19]","[{'functional_group': 'iodo', 'smiles_inds': [12]}]",0.3288673570428325
9,median,CC(=[NH+]CCC1=CNc2ccccc12)c1ccccc1[O-],[20],"[{'functional_group': 'aldehyde', 'smiles_inds': [4]}]",0.3288728282095717
9,median,NC(=O)c1ccc(cc1)N=Cc1ccncc1,[14],[],0.328887720673163
9,median,CN([O-])C(=O)C1=CC=CO1,"[2, 4]","[{'functional_group': 'amino', 'smiles_inds': [7]}, {'functional_group': 'phosphonate', 'smiles_inds': [6]}, {'functional_group': 'ether', 'smiles_inds': [0]}]",0.3289136329930266
9,median,CC(C)(C)c1ccc(N)c(N)c1,"[10, 8]","[{'functional_group': 'aldehyde', 'smiles_inds': [0]}]",0.32898279986616563
9,median,CCCCN=Cc1cc(ccc1[O-])C(C)(C)C,"[12, 4]","[{'functional_group': 'ketone', 'smiles_inds': [15]}]",0.32908630999876826
9,median,NC(=S)N1N=C(CC1c1ccccc1)c1ccccc1,[2],"[{'functional_group': 'ethyl', 'smiles_inds': [17]}]",0.32914820026207764
9,median,[NH3+]C12CNCCNCC([NH2+]Cc3ccc(cc3)N(=O)=O)(CNCCNC1)CNCCNC2,"[3, 30, 21, 24, 6, 27]","[{'functional_group': 'phenyl', 'smiles_inds': [9]}]",0.3291532083298521
9,median,S1c2ccccc2[C-]=C1c1nc2ccccc2c2ccccc12,"[7, 10]","[{'functional_group': 'bromo', 'smiles_inds': [5]}, {'functional_group': 'fluoro', 'smiles_inds': [20]}]",0.3292873626608641
9,median,CN(C)c1ccc[c-]c1c1cccc(n1)c1ccccn1,"[20, 14, 7]","[{'functional_group': 'bromo', 'smiles_inds': [19]}, {'functional_group': 'chloro', 'smiles_inds': [6]}]",0.3293235959028173
9,median,c1ccc(nc1)N1[C-]=Cc2cccnc12,"[6, 7]",[],0.32933575768898793
9,median,CC(=NCCC(=O)[O-])c1ccccn1,"[13, 2, 7]","[{'functional_group': 'methyl', 'smiles_inds': [4]}, {'functional_group': 'trifluro', 'smiles_inds': [10]}]",0.32935288705508503
9,median,CC(C)(C)C1COC(=N1)c1ccc2ccccc2n1,"[18, 8]",[],0.3293697881609607
9,median,CCOc1ccc2ccc3ccc(OCC)nc3c2n1,"[19, 16]",[],0.329508310495663
9,top,[nH+]1cc[nH+]c2c1c1cccnc1c1ncccc21,"[13, 10]","[{'functional_group': 'carboxylate', 'smiles_inds': [14]}, {'functional_group': 'aldehyde', 'smiles_inds': [16]}, {'functional_group': 'methyl', 'smiles_inds': [3]}, {'functional_group': 'carboxylate', 'smiles_inds': [15]}, {'functional_group': 'phenyl', 'smiles_inds': [2]}, {'functional_group': 'carboxyllic_acid', 'smiles_inds': [7]}, {'functional_group': 'methyl_ester', 'smiles_inds': [8]}, {'functional_group': 'carboxylate', 'smiles_inds': [9]}]",0.9999820229209629
9,top,NC1C(O)C(N)C(O)C(NCCNC2C(O)C(N)C(O)C(N)C2O)C1O,"[0, 9, 12, 17, 21, 5]","[{'functional_group': '2-methylbenzoic_acid', 'smiles_inds': [23]}]",0.9999820969995934
9,top,[nH+]1cc[nH+]c2c1c1cccnc1c1ncccc21,"[13, 10]","[{'functional_group': 'carboxylate', 'smiles_inds': [14]}, {'functional_group': 'aldehyde', 'smiles_inds': [16]}, {'functional_group': 'methyl', 'smiles_inds': [3]}, {'functional_group': 'carboxylate', 'smiles_inds': [15]}, {'functional_group': 'phenyl', 'smiles_inds': [2]}, {'functional_group': 'carboxyllic_acid', 'smiles_inds': [7]}, {'functional_group': 'phenyl', 'smiles_inds': [1]}]",0.9999823083189928
9,top,[nH+]1cc[nH+]c2c1c1cccnc1c1ncccc21,"[13, 10]","[{'functional_group': 'carboxylate', 'smiles_inds': [14]}, {'functional_group': 'aldehyde', 'smiles_inds': [16]}, {'functional_group': 'methyl', 'smiles_inds': [3]}, {'functional_group': 'carboxylate', 'smiles_inds': [15]}, {'functional_group': 'phenyl', 'smiles_inds': [2]}, {'functional_group': 'carboxyllic_acid', 'smiles_inds': [7]}, {'functional_group': 'tribromo', 'smiles_inds': [8]}]",0.9999828028919993
9,top,[nH+]1cc[nH+]c2c1c1cccnc1c1ncccc21,"[13, 10]","[{'functional_group': 'carboxylate', 'smiles_inds': [14]}, {'functional_group': 'aldehyde', 'smiles_inds': [16]}, {'functional_group': 'methyl', 'smiles_inds': [3]}, {'functional_group': 'carboxylate', 'smiles_inds': [15]}, {'functional_group': 'phenyl', 'smiles_inds': [2]}, {'functional_group': 'hydroxyl', 'smiles_inds': [0]}, {'functional_group': 'carboxylate', 'smiles_inds': [8]}]",0.9999851944210354
9,top,Cc1ccc([O-])c(CN2CCN(CCN(CC2)Cc2nc(C)ccc2[O-])Cc2nc(C)ccc2[O-])n1,"[5, 25, 34, 8, 14, 11]","[{'functional_group': 'phosphonate', 'smiles_inds': [12]}]",0.9999854051786087
9,top,[nH+]1cc[nH+]c2c1c1cccnc1c1ncccc21,"[13, 10]","[{'functional_group': 'carboxylate', 'smiles_inds': [14]}, {'functional_group': 'aldehyde', 'smiles_inds': [16]}, {'functional_group': 'methyl', 'smiles_inds': [3]}, {'functional_group': 'carboxylate', 'smiles_inds': [15]}, {'functional_group': 'phenyl', 'smiles_inds': [2]}, {'functional_group': 'phenyl', 'smiles_inds': [1]}, {'functional_group': '2-hydroxypyridine', 'smiles_inds': [9]}, {'functional_group': 'cyano', 'smiles_inds': [7]}, {'functional_group': 'carboxylate', 'smiles_inds': [8]}, {'functional_group': '2-methylbenzoic_acid', 'smiles_inds': [0]}]",0.999986019361627
9,top,[nH+]1cc[nH+]c2c1c1cccnc1c1ncccc21,"[13, 10]","[{'functional_group': 'carboxylate', 'smiles_inds': [14]}, {'functional_group': 'aldehyde', 'smiles_inds': [16]}, {'functional_group': 'methyl', 'smiles_inds': [3]}, {'functional_group': 'carboxylate', 'smiles_inds': [15]}, {'functional_group': 'phenyl', 'smiles_inds': [2]}, {'functional_group': 'carboxyllic_acid', 'smiles_inds': [7]}, {'functional_group': 'fluoro', 'smiles_inds': [0]}, {'functional_group': 'methyl', 'smiles_inds': [8]}]",0.9999882694228285
9,top,[nH+]1cc[nH+]c2c1c1cccnc1c1ncccc21,"[13, 10]","[{'functional_group': 'carboxylate', 'smiles_inds': [14]}, {'functional_group': 'aldehyde', 'smiles_inds': [16]}, {'functional_group': 'methyl', 'smiles_inds': [3]}, {'functional_group': 'carboxylate', 'smiles_inds': [15]}, {'functional_group': 'phenyl', 'smiles_inds': [2]}, {'functional_group': 'phenyl', 'smiles_inds': [1]}, {'functional_group': '2-hydroxypyridine', 'smiles_inds': [9]}, {'functional_group': 'carboxyl', 'smiles_inds': [7]}, {'functional_group': 'iodo', 'smiles_inds': [0]}, {'functional_group': 'ether', 'smiles_inds': [8]}]",0.9999886023169092
9,top,[nH+]1cc[nH+]c2c1c1cccnc1c1ncccc21,"[13, 10]","[{'functional_group': 'carboxylate', 'smiles_inds': [14]}, {'functional_group': 'aldehyde', 'smiles_inds': [16]}, {'functional_group': 'methyl', 'smiles_inds': [3]}, {'functional_group': 'carboxylate', 'smiles_inds': [15]}, {'functional_group': 'phenyl', 'smiles_inds': [2]}, {'functional_group': 'carboxyllic_acid', 'smiles_inds': [7]}, {'functional_group': 'carboxylate', 'smiles_inds': [0]}]",0.9999891813697478
9,top,[nH+]1cc[nH+]c2c1c1cccnc1c1ncccc21,"[13, 10]","[{'functional_group': 'carboxylate', 'smiles_inds': [14]}, {'functional_group': 'aldehyde', 'smiles_inds': [16]}, {'functional_group': 'methyl', 'smiles_inds': [3]}, {'functional_group': 'carboxylate', 'smiles_inds': [15]}, {'functional_group': 'phenyl', 'smiles_inds': [2]}, {'functional_group': 'carboxyllic_acid', 'smiles_inds': [7]}, {'functional_group': 'carboxylate', 'smiles_inds': [9]}]",0.9999897423860084
9,top,[nH+]1cc[nH+]c2c1c1cccnc1c1ncccc21,"[13, 10]","[{'functional_group': 'carboxylate', 'smiles_inds': [14]}, {'functional_group': 'aldehyde', 'smiles_inds': [16]}, {'functional_group': 'methyl', 'smiles_inds': [3]}, {'functional_group': 'carboxylate', 'smiles_inds': [15]}, {'functional_group': 'phenyl', 'smiles_inds': [2]}, {'functional_group': 'phenyl', 'smiles_inds': [1]}, {'functional_group': '2-hydroxypyridine', 'smiles_inds': [9]}, {'functional_group': 'carboxylate', 'smiles_inds': [8]}, {'functional_group': 'ethyl', 'smiles_inds': [7]}]",0.9999901757267811
9,top,[nH+]1cc[nH+]c2c1c1cccnc1c1ncccc21,"[13, 10]","[{'functional_group': 'carboxylate', 'smiles_inds': [14]}, {'functional_group': 'aldehyde', 'smiles_inds': [16]}, {'functional_group': 'methyl', 'smiles_inds': [3]}, {'functional_group': 'carboxylate', 'smiles_inds': [15]}, {'functional_group': 'phenyl', 'smiles_inds': [2]}, {'functional_group': 'phenyl', 'smiles_inds': [1]}, {'functional_group': '2-hydroxypyridine', 'smiles_inds': [9]}, {'functional_group': 'carboxyllic_acid', 'smiles_inds': [7]}, {'functional_group': 'tribromo', 'smiles_inds': [8]}]",0.9999918419272692
9,top,[nH+]1cc[nH+]c2c1c1cccnc1c1ncccc21,"[13, 10]","[{'functional_group': 'carboxylate', 'smiles_inds': [14]}, {'functional_group': 'aldehyde', 'smiles_inds': [16]}, {'functional_group': 'methyl', 'smiles_inds': [3]}, {'functional_group': 'carboxylate', 'smiles_inds': [15]}, {'functional_group': 'phenyl', 'smiles_inds': [2]}, {'functional_group': 'phenyl', 'smiles_inds': [1]}, {'functional_group': '2-hydroxypyridine', 'smiles_inds': [9]}, {'functional_group': 'cyano', 'smiles_inds': [7]}, {'functional_group': 'aldehyde', 'smiles_inds': [8]}]",0.9999926349212633
9,top,[nH+]1cc[nH+]c2c1c1cccnc1c1ncccc21,"[13, 10]","[{'functional_group': 'carboxylate', 'smiles_inds': [14]}, {'functional_group': 'aldehyde', 'smiles_inds': [16]}, {'functional_group': 'methyl', 'smiles_inds': [3]}, {'functional_group': 'carboxylate', 'smiles_inds': [15]}, {'functional_group': 'phenyl', 'smiles_inds': [2]}, {'functional_group': 'carboxyllic_acid', 'smiles_inds': [7]}, {'functional_group': 'carboxylate', 'smiles_inds': [0]}, {'functional_group': 'iodo', 'smiles_inds': [8]}]",0.9999935481335508
9,top,CN1CCN(CCN(C)CCN(CC1)CC1=C([O-])C(=O)C=CO1)CC1=C([O-])C(=O)C=CO1,"[26, 17, 1, 7, 11, 4]","[{'functional_group': 'iodo', 'smiles_inds': [12]}, {'functional_group': 'aldehyde', 'smiles_inds': [20]}]",0.9999937908897255
9,top,[nH+]1cc[nH+]c2c1c1cccnc1c1ncccc21,"[13, 10]","[{'functional_group': 'carboxylate', 'smiles_inds': [14]}, {'functional_group': 'aldehyde', 'smiles_inds': [16]}, {'functional_group': 'methyl', 'smiles_inds': [3]}, {'functional_group': 'carboxylate', 'smiles_inds': [15]}, {'functional_group': 'phenyl', 'smiles_inds': [2]}, {'functional_group': 'carboxyllic_acid', 'smiles_inds': [7]}, {'functional_group': 'carboxylate', 'smiles_inds': [9]}, {'functional_group': 'phosphonate', 'smiles_inds': [1]}]",0.9999952826771284
9,top,[nH+]1cc[nH+]c2c1c1cccnc1c1ncccc21,"[13, 10]","[{'functional_group': 'carboxylate', 'smiles_inds': [14]}, {'functional_group': 'aldehyde', 'smiles_inds': [16]}, {'functional_group': 'methyl', 'smiles_inds': [3]}, {'functional_group': 'carboxylate', 'smiles_inds': [15]}, {'functional_group': 'phenyl', 'smiles_inds': [2]}, {'functional_group': 'carboxyllic_acid', 'smiles_inds': [7]}, {'functional_group': 'aldehyde', 'smiles_inds': [8]}]",0.9999957256933025
9,top,O=C(NCCN(CCNC(=O)C1=C([O-])C(=O)C=CO1)CCNC(=O)C1=C([O-])C(=O)C=CO1)C1=C([O-])C(=O)C=CO1,"[34, 36, 13, 15, 26, 28]",[],0.9999960535284755
9,top,[nH+]1cc[nH+]c2c1c1cccnc1c1ncccc21,"[13, 10]","[{'functional_group': 'carboxylate', 'smiles_inds': [14]}, {'functional_group': 'aldehyde', 'smiles_inds': [16]}, {'functional_group': 'methyl', 'smiles_inds': [3]}, {'functional_group': 'carboxylate', 'smiles_inds': [15]}, {'functional_group': 'phenyl', 'smiles_inds': [2]}, {'functional_group': 'phenyl', 'smiles_inds': [1]}, {'functional_group': '2-hydroxypyridine', 'smiles_inds': [9]}, {'functional_group': 'carboxylate', 'smiles_inds': [7]}]",0.9999967525957923
10,bottom,COC(=O)C(C)(C)NC(=O)C(NC(=O)C1(CCCCC1)NC(=O)C(C)(C)NC(=O)C1(CCCCC1)NC(=O)C(C)(C)NC(=O)c1ccc(nc1)c1ccc(cn1)C(=O)NC(C)(C)C(=O)NC1(CCCCC1)C(=O)NC(C)(C)C(=O)NC1(CCCCC1)C(=O)NC(C(C)C)C(=O)NC(C)(C)C(=O)OC)C(C)C,"[55, 48]","[{'functional_group': 'ether', 'smiles_inds': [40]}, {'functional_group': 'thiol', 'smiles_inds': [81]}, {'functional_group': 'fluoro', 'smiles_inds': [46]}]",9.03066771434018e-25
10,bottom,COC(=O)C(C)(C)NC(=O)C(NC(=O)C1(CCCCC1)NC(=O)C(C)(C)NC(=O)C1(CCCCC1)NC(=O)C(C)(C)NC(=O)c1ccc(nc1)c1ccc(cn1)C(=O)NC(C)(C)C(=O)NC1(CCCCC1)C(=O)NC(C)(C)C(=O)NC1(CCCCC1)C(=O)NC(C(C)C)C(=O)NC(C)(C)C(=O)OC)C(C)C,"[55, 48]",[],1.9877794471724857e-24
10,bottom,COC(=O)C(C)(C)NC(=O)C(NC(=O)C1(CCCCC1)NC(=O)C(C)(C)NC(=O)C1(CCCCC1)NC(=O)C(C)(C)NC(=O)c1ccc(nc1)c1ccc(cn1)C(=O)NC(C)(C)C(=O)NC1(CCCCC1)C(=O)NC(C)(C)C(=O)NC1(CCCCC1)C(=O)NC(C(C)C)C(=O)NC(C)(C)C(=O)OC)C(C)C,"[55, 48]","[{'functional_group': 'carbonyl', 'smiles_inds': [5]}, {'functional_group': 'thiol', 'smiles_inds': [73]}]",2.337279013108899e-24
10,bottom,CC(C)(C)c1cc2c3cc(cc4c5cc(cc6c7cc(cc8c9cc(cc%10c%11cc(cc%12c(c1)c2c1c(c34)c(c56)c(c78)c(c9%10)c1c%11%12)C(C)(C)C)C(C)(C)C)C(C)(C)C)C(C)(C)C)P(c1cc2c3cc(cc4c5cc(cc6c7cc(cc8c9cc(cc%10c%11cc(cc%12c(c1)c2c1c(c34)c(c56)c(c78)c(c9%10)c1c%11%12)C(C)(C)C)C(C)(C)C)C(C)(C)C)C(C)(C)C)C(C)(C)C)c1cc2c3cc(cc4c5cc(cc6c7cc(cc8c9cc(cc%10c%11cc(cc%12c(c1)c2c1c(c34)c(c56)c(c78)c(c9%10)c1c%11%12)C(C)(C)C)C(C)(C)C)C(C)(C)C)C(C)(C)C)C(C)(C)C,[62],"[{'functional_group': '2-methylbenzoic_acid', 'smiles_inds': [30]}]",4.74083495657402e-24
10,bottom,CP(CCP(C)c1c(cc(cc1C([Si](C)(C)C)[Si](C)(C)C)C([Si](C)(C)C)([Si](C)(C)C)[Si](C)(C)C)C([Si](C)(C)C)[Si](C)(C)C)c1c(cc(cc1C([Si](C)(C)C)[Si](C)(C)C)C([Si](C)(C)C)([Si](C)(C)C)[Si](C)(C)C)C([Si-](C)C)[Si](C)(C)C,"[4, 72, 1]","[{'functional_group': 'thiol', 'smiles_inds': [2]}]",2.11298647878753e-23
10,bottom,CP(CCP(C)c1c(cc(cc1C([Si](C)(C)C)[Si](C)(C)C)C([Si](C)(C)C)([Si](C)(C)C)[Si](C)(C)C)C([Si](C)(C)C)[Si](C)(C)C)c1c(cc(cc1C([Si](C)(C)C)[Si](C)(C)C)C([Si](C)(C)C)([Si](C)(C)C)[Si](C)(C)C)C([Si-](C)C)[Si](C)(C)C,"[4, 72, 1]",[],6.591924482815912e-23
10,bottom,C[Si](C)(C)C(c1cc(C([Si](C)(C)C)[Si](C)(C)C)c(Sc2ccccc2Sc2ccccc2Sc2ccccc2Sc2c(cc(cc2C([Si](C)(C)C)[Si](C)(C)C)C([Si](C)(C)C)[Si](C)(C)C)C([Si](C)(C)C)[Si](C)(C)C)c(c1)C([Si](C)(C)C)[Si](C)(C)C)[Si](C)(C)C,"[25, 32]","[{'functional_group': 'aldehyde', 'smiles_inds': [10]}]",3.0596146164997567e-22
10,bottom,CCCCCC1c2cc3C(CCCCC)c4cc5C(CCCCC)c6cc7C(CCCCC)c8cc1c1OCOc2cc3OCOc4c(P(c2ccccc2)c2ccccc2)c5OCOc6cc7OCOc8c1OCc1cccc(COc2c3OCOc4cc5OCOc6c7cc8C(CCCCC)c9cc%10C(CCCCC)c(cc3C(CCCCC)c4cc5C7CCCCC)c2OCOc%10cc9OCOc8c6P(c2ccccc2)c2ccccc2)c1,"[48, 142]",[],4.572345158045612e-22
10,bottom,CCC(C)C1NC(=O)C(C)NC(=O)C(CSSCC2NC(=O)C(CCC(N)=O)NC(=O)C(C)NC(=O)C3CCCN3C(=O)C(CCC(O)=O)NC(=O)CNC(=O)C(C)NC(=O)C(CCCNC(N)=N)NC(=O)C(CSSCC(NC(=O)C(CC(N)=O)NC2=O)C(O)=O)NC(=O)C(CC2=CN=CN2)NC1=O)NC(=O)C(CC1=CN=CN1)NC(=O)C(CC(C)C)NC(=O)C(CC(O)=O)NC(C)=O,"[112, 99]","[{'functional_group': 'ethyl_ester', 'smiles_inds': [108]}]",2.946304302472736e-21
10,bottom,C[Si](C)(C)C(c1cc(C([Si](C)(C)C)[Si](C)(C)C)c([Se]c2ccccc2Sc2ccccc2Sc2ccccc2[Se]c2c(cc(cc2C([Si](C)(C)C)[Si](C)(C)C)C([Si](C)(C)C)[Si](C)(C)C)C([Si](C)(C)C)[Si](C)(C)C)c(c1)C([Si](C)(C)C)[Si](C)(C)C)[Si](C)(C)C,"[25, 32]","[{'functional_group': 'cyano', 'smiles_inds': [42]}, {'functional_group': 'carbonyl', 'smiles_inds': [77]}, {'functional_group': 'fluoro', 'smiles_inds': [87]}]",9.596683904034778e-20
10,bottom,C[Si](C)(C)c1cc(cc(c1)[Si](C#CP(C#C[Si](c1cc(cc(c1)[Si](C)(C)C)[Si](C)(C)C)(c1cc(cc(c1)[Si](C)(C)C)[Si](C)(C)C)c1cc(cc(c1)[Si](C)(C)C)[Si](C)(C)C)C#C[Si](c1cc(cc(c1)[Si](C)(C)C)[Si](C)(C)C)(c1cc(cc(c1)[Si](C)(C)C)[Si](C)(C)C)c1cc(cc(c1)[Si](C)(C)C)[Si](C)(C)C)(c1cc(cc(c1)[Si](C)(C)C)[Si](C)(C)C)c1cc(cc(c1)[Si](C)(C)C)[Si](C)(C)C)[Si](C)(C)C,[13],"[{'functional_group': 'carboxyllic_acid', 'smiles_inds': [116]}]",2.6003084301439358e-17
10,bottom,CC(C)(C)c1cc2c3cc(cc4c5cc(cc6c7cc(cc8c9cc(cc%10c%11cc(cc%12c(c1)c2c1c(c34)c(c56)c(c78)c(c9%10)c1c%11%12)C(C)(C)C)C(C)(C)C)C(C)(C)C)C(C)(C)C)P(c1ccccc1)c1cc2c3cc(cc4c5cc(cc6c7cc(cc8c9cc(cc%10c%11cc(cc%12c(c1)c2c1c(c34)c(c56)c(c78)c(c9%10)c1c%11%12)C(C)(C)C)C(C)(C)C)C(C)(C)C)C(C)(C)C)C(C)(C)C,[62],"[{'functional_group': 'ether', 'smiles_inds': [88]}, {'functional_group': 'chloro', 'smiles_inds': [93]}]",3.953370037542316e-17
10,bottom,O=C1N2CN3C(=O)N4CN5C(=O)N6CN7C(=O)N8CN9C(=O)N%10CN1C1%11CCC21N1CN2C(=O)N(CN%12C(=O)N(CN%13C(=O)N(CN%14C(=O)N(CN%11C1=O)C1%10CCC9%141)C18CCC7%131)C16CCC5%121)C14CCC321,"[43, 38]",[],3.754043119598928e-16
10,bottom,O=C1N2CN3C(=O)N4CN5C6C7N(CN8C(=O)N9CN%10C%11C%12N(CN%13C(=O)N%14CN1C1C2N2CN%15C(=O)N(CN6C(=O)N7CN6C(=O)N(CN%11C(=O)N%12CN7C(=O)N(CN1C2=O)C1%14CCCCC%1371)C19CCCCC861)C14CCCCC3%151)C%10=O)C5=O,"[36, 61]","[{'functional_group': 'bromo', 'smiles_inds': [77]}]",1.1958592194018667e-15
10,bottom,Cc1cc(C)cc(c1)C(c1cc(C)cc(C)c1)c1cc(C)cc(C(c2cc(C)cc(C)c2)c2cc(C)cc(C)c2)c1N=C(C)C(C)=Nc1c(cc(C)cc1C(c1cc(C)cc(C)c1)c1cc(C)cc(C)c1)C(c1cc(C)cc(C)c1)c1cc(C)cc(C)c1,"[46, 41]","[{'functional_group': 'ethyl', 'smiles_inds': [28]}, {'functional_group': 'cyanimide', 'smiles_inds': [61]}]",9.313300040941342e-15
10,bottom,COc1c(cc(cc1C12CC3CC(CC(C3)C1)C2)P(c1cc(c(OC)c(c1)C12CC3CC(CC(C3)C1)C2)C12CC3CC(CC(C3)C1)C2)c1ccccc1CNc1cccc2CCC3(CCc4cccc(P(c5cc(cc(c5)C(C)(C)C)C(C)(C)C)c5cc(cc(c5)C(C)(C)C)C(C)(C)C)c34)c12)C12CC3CC(CC(C3)C1)C2,"[70, 18, 54]","[{'functional_group': 'trichloro', 'smiles_inds': [16]}]",1.0514366366529621e-14
10,bottom,COCC1OC2OC3C(COC)OC(OC4C(COC)OC(OC5C(COC)OC(OC6C(COC)OC(OC7C(COC)OC(OC8C(COC)OC(OC1C(OC)C2OC)C(OC)C8OC)C(OC)C7OC)C(OC)C6OCc1cncc(COC2C(OC)C6OC(COC)C2OC2OC(COC)C(OC7OC(COC)C(OC8OC(COC)C(OC9OC(COC)C(OC%10OC(COC)C(OC%11OC(COC)C(O6)C(OC)C%11OC)C(OC)C%10OC)C(OC)C9OC)C(OC)C8OC)C(OC)C7OC)C(OC)C2OC)c1)C(OC)C5OC)C(OC)C4OC)C(OC)C3OC,[82],[],2.3728554164291837e-14
10,bottom,COCC1OC2OC3C(COC)OC(OC4C(COC)OC(OC5C(COC)OC(OC6C(COC)OC(OC7C(COC)OC(OC8C(COC)OC(OC1C(OC)C2OC)C(OC)C8OC)C(OC)C7OC)C(OC)C6OCc1cncc(COC2C(OC)C6OC(COC)C2OC2OC(COC)C(OC7OC(COC)C(OC8OC(COC)C(OC9OC(COC)C(OC%10OC(COC)C(OC%11OC(COC)C(O6)C(OC)C%11OC)C(OC)C%10OC)C(OC)C9OC)C(OC)C8OC)C(OC)C7OC)C(OC)C2OC)c1)C(OC)C5OC)C(OC)C4OC)C(OC)C3OC,[82],"[{'functional_group': 'ethyl', 'smiles_inds': [79]}]",3.0540674090252447e-14
10,bottom,CC(C)c1cccc(C(C)C)c1c1cc(NCCN(CCNc2cc(cc(c2)c2c(cccc2C(C)C)C(C)C)c2c(cccc2C(C)C)C(C)C)CCNc2cc(cc(c2)c2c(cccc2C(C)C)C(C)C)c2c(cccc2C(C)C)C(C)C)cc(c1)c1c(cccc1C(C)C)C(C)C,"[18, 15, 21]",[],3.3250582487608e-14
10,bottom,C[Si]([Ge]1[Si]2([Ge]([Si]12[Si](C)(C(C)(C)C)C(C)(C)C)[Si](C)(C(C)(C)C)C(C)(C)C)[Si](C)(C(C)(C)C)C(C)(C)C)(C(C)(C)C)C(C)(C)C,"[2, 4]","[{'functional_group': 'carboxyl', 'smiles_inds': [15]}]",6.910869200270828e-14
10,median,CCOC1CC(SC(=S)N1)c1ccccc1,[8],"[{'functional_group': 'chloro', 'smiles_inds': [11]}, {'functional_group': 'hydroxyl', 'smiles_inds': [13]}]",0.3232942419715994
10,median,CCN=C([S-])N1N=C(C)C=C1C,"[4, 6]","[{'functional_group': 'tribromo', 'smiles_inds': [1]}, {'functional_group': 'amino', 'smiles_inds': [11]}]",0.3233377333021864
10,median,COC(NCCCOC(C)C)c1ccccn1,"[16, 3]","[{'functional_group': 'carbonyl', 'smiles_inds': [10]}]",0.32338287176299757
10,median,C(Sc1cccc2cccnc12)c1ccccc1,"[1, 10]",[],0.32339083277905206
10,median,FC(F)(F)C1=CNC(=N1)c1ccccn1,"[14, 8]","[{'functional_group': 'tribromo', 'smiles_inds': [5]}]",0.32339613208541806
10,median,Cc1cc(C)c(c(C)c1)c1ccc2[CH-]c3ccc(nc3c2n1)c1c(C)cc(C)cc1C,"[21, 18]","[{'functional_group': 'carboxylate', 'smiles_inds': [28]}]",0.32343187434487225
10,median,Cc1cc(c([O-])c(c1)C(C)(C)C)c1cccc(n1)c1cc(C)cc(c1[O-])C(C)(C)C,"[5, 25, 17]",[],0.3234794295337625
10,median,CN(C)C(=S)NN=C(c1ccccc1)c1ccccn1,"[4, 6]",[],0.3234967556866391
10,median,COCCNCc1ccccn1,"[11, 4]","[{'functional_group': 'ethyl', 'smiles_inds': [5]}, {'functional_group': 'bromo', 'smiles_inds': [9]}]",0.32351601608893055
10,median,CC(C)(C)c1cccc(C=Nc2ccc(OC(F)(F)F)cc2)c1[O-],"[23, 10]",[],0.3235240283484123
10,median,CS(=O)c1ccccn1,[8],[],0.32357973365523596
10,median,CC(=O)C1=C(N)NN=C1C,[7],[],0.32365749628818935
10,median,NS(=O)(=O)c1ccc(cc1)N(=O)=O,[0],"[{'functional_group': 'trifluro', 'smiles_inds': [6]}, {'functional_group': 'hydroxyl', 'smiles_inds': [5]}]",0.323731970915692
10,median,[nH+]1cc[nH+]c2c1c1cccnc1c1ncccc21,"[13, 10]","[{'functional_group': 'bromo', 'smiles_inds': [16]}, {'functional_group': 'amide', 'smiles_inds': [15]}]",0.32382577267243134
10,median,CC1=NN(C(=C1)C)c1cccc(n1)C(O)=O,"[3, 2, 15]","[{'functional_group': 'aldehyde', 'smiles_inds': [6]}]",0.323858394802797
10,median,O=C1N(Cc2ccncc2)C(=O)c2cccc3cccc1c23,[7],"[{'functional_group': 'thiol', 'smiles_inds': [14]}]",0.32388120972938633
10,median,Nc1ccc[nH+]c1c1[nH+]cccc1N,"[13, 0]","[{'functional_group': 'aldehyde', 'smiles_inds': [3]}]",0.3238824522961674
10,median,CC(C)(C)N=NC=C([O-])C(C)(C)C,"[8, 4]","[{'functional_group': 'ethyl', 'smiles_inds': [12]}, {'functional_group': 'carboxyl', 'smiles_inds': [6]}]",0.3239914777528057
10,median,C(Oc1cc(nc(c1)c1ccccn1)c1ccccn1)c1ccccc1,"[13, 5, 19]","[{'functional_group': '2-methylbenzoic_acid', 'smiles_inds': [17]}]",0.3240981023359272
10,median,C1COP(OCCN1)c1ccccc1,"[3, 7]","[{'functional_group': 'ether', 'smiles_inds': [0]}, {'functional_group': 'carbonyl', 'smiles_inds': [10]}]",0.32413317031048566
10,top,OC(=O)c1ccc(NC(=O)CN2CCN(CCN(CCN(CC2)CC(=O)[O-])CC(=O)Nc2ccc(cc2)C(=O)[O-])CC(=O)[O-])cc1,"[20, 14, 26, 9, 43, 17]","[{'functional_group': 'tribromo', 'smiles_inds': [40]}]",0.999951729505726
10,top,[nH+]1cc[nH+]c2c1c1cccnc1c1ncccc21,"[13, 10]","[{'functional_group': 'carboxylate', 'smiles_inds': [14]}, {'functional_group': 'aldehyde', 'smiles_inds': [16]}, {'functional_group': 'methyl', 'smiles_inds': [3]}, {'functional_group': 'carboxylate', 'smiles_inds': [15]}, {'functional_group': 'phenyl', 'smiles_inds': [2]}, {'functional_group': 'phenyl', 'smiles_inds': [1]}, {'functional_group': '2-hydroxypyridine', 'smiles_inds': [9]}, {'functional_group': 'aldehyde', 'smiles_inds': [7]}]",0.9999551576284215
10,top,[nH+]1cc[nH+]c2c1c1cccnc1c1ncccc21,"[13, 10]","[{'functional_group': 'carboxylate', 'smiles_inds': [14]}, {'functional_group': 'aldehyde', 'smiles_inds': [16]}, {'functional_group': 'methyl', 'smiles_inds': [3]}, {'functional_group': 'carboxylate', 'smiles_inds': [15]}, {'functional_group': 'phenyl', 'smiles_inds': [2]}, {'functional_group': 'carboxyllic_acid', 'smiles_inds': [7]}, {'functional_group': 'tribromo', 'smiles_inds': [8]}]",0.9999614231953777
10,top,[nH+]1cc[nH+]c2c1c1cccnc1c1ncccc21,"[13, 10]","[{'functional_group': 'carboxylate', 'smiles_inds': [14]}, {'functional_group': 'aldehyde', 'smiles_inds': [16]}, {'functional_group': 'methyl', 'smiles_inds': [3]}, {'functional_group': 'carboxylate', 'smiles_inds': [15]}, {'functional_group': 'phenyl', 'smiles_inds': [2]}, {'functional_group': 'carboxylate', 'smiles_inds': [8]}]",0.999963192688746
10,top,OCC(CO)(C[O-])N=Cc1cc(cc(c1[O-])N(=O)=O)N(=O)=O,"[6, 7, 15]","[{'functional_group': 'carboxylate', 'smiles_inds': [10]}, {'functional_group': 'phenyl', 'smiles_inds': [12]}, {'functional_group': 'carboxylate', 'smiles_inds': [8]}]",0.9999644763302532
10,top,[nH+]1cc[nH+]c2c1c1cccnc1c1ncccc21,"[13, 10]","[{'functional_group': 'carboxylate', 'smiles_inds': [14]}, {'functional_group': 'aldehyde', 'smiles_inds': [16]}, {'functional_group': 'methyl', 'smiles_inds': [3]}, {'functional_group': 'carboxylate', 'smiles_inds': [15]}, {'functional_group': 'phenyl', 'smiles_inds': [2]}, {'functional_group': 'carboxyllic_acid', 'smiles_inds': [7]}, {'functional_group': 'fluoro', 'smiles_inds': [8]}]",0.9999655643841272
10,top,OC(=O)c1ccc(NC(=O)CN2CCN(CCN(CCN(CC2)CC(=O)[O-])CC(=O)Nc2ccc(cc2)C(=O)[O-])CC(=O)[O-])cc1,"[20, 14, 26, 9, 43, 17]",[],0.9999716807889731
10,top,O=C([O-])c1cccc(C=[NH+]CCN(CC[NH+]=Cc2cccc(C(=O)[O-])c2[O-])CC[NH+]=Cc2cccc(C(=O)[O-])c2[O-])c1[O-],"[26, 40, 2, 42, 24, 38]",[],0.9999739378183196
10,top,[nH+]1cc[nH+]c2c1c1cccnc1c1ncccc21,"[13, 10]","[{'functional_group': 'carboxylate', 'smiles_inds': [14]}, {'functional_group': 'aldehyde', 'smiles_inds': [16]}, {'functional_group': 'methyl', 'smiles_inds': [3]}, {'functional_group': 'carboxylate', 'smiles_inds': [15]}, {'functional_group': 'phenyl', 'smiles_inds': [2]}, {'functional_group': 'carboxyllic_acid', 'smiles_inds': [7]}, {'functional_group': 'carboxylate', 'smiles_inds': [0]}]",0.9999757300024397
10,top,[nH+]1cc[nH+]c2c1c1cccnc1c1ncccc21,"[13, 10]","[{'functional_group': 'carboxylate', 'smiles_inds': [14]}, {'functional_group': 'aldehyde', 'smiles_inds': [16]}, {'functional_group': 'methyl', 'smiles_inds': [3]}, {'functional_group': 'carboxylate', 'smiles_inds': [15]}, {'functional_group': 'phenyl', 'smiles_inds': [2]}, {'functional_group': 'carboxyllic_acid', 'smiles_inds': [7]}, {'functional_group': 'thiol', 'smiles_inds': [8]}]",0.9999783277669649
10,top,NC1C(O)C(N)C(O)C(NCCNC2C(O)C(N)C(O)C(N)C2O)C1O,"[0, 9, 12, 17, 21, 5]",[],0.9999789758244089
10,top,Oc1ccc2[N-]c3c4ncc(F)cc4c4C(=O)NC(=O)c4c3c2c1,"[5, 8]","[{'functional_group': 'carboxylate', 'smiles_inds': [12]}, {'functional_group': 'carboxylate', 'smiles_inds': [17]}, {'functional_group': 'fluoro', 'smiles_inds': [23]}]",0.999981984101643
10,top,[nH+]1cc[nH+]c2c1c1cccnc1c1ncccc21,"[13, 10]","[{'functional_group': 'carboxylate', 'smiles_inds': [14]}, {'functional_group': 'aldehyde', 'smiles_inds': [16]}, {'functional_group': 'methyl', 'smiles_inds': [3]}, {'functional_group': 'carboxylate', 'smiles_inds': [15]}, {'functional_group': 'phenyl', 'smiles_inds': [2]}, {'functional_group': 'carboxyllic_acid', 'smiles_inds': [7]}, {'functional_group': 'hydroxyl', 'smiles_inds': [8]}]",0.9999837031484128
10,top,CC1=CC(=O)C(=C(O1)C(=O)NCCN(CCNC(=O)C1=C([O-])C(=O)C=C(C)O1)CCNC(=O)C1=C([O-])C(=O)C=C(C)O1)[O-],"[35, 37, 23, 42, 4, 21]","[{'functional_group': 'aldehyde', 'smiles_inds': [38]}, {'functional_group': 'carboxyl', 'smiles_inds': [29]}]",0.9999849069130986
10,top,[nH+]1cc[nH+]c2c1c1cccnc1c1ncccc21,"[13, 10]","[{'functional_group': 'carboxylate', 'smiles_inds': [14]}, {'functional_group': 'aldehyde', 'smiles_inds': [16]}, {'functional_group': 'methyl', 'smiles_inds': [3]}, {'functional_group': 'carboxylate', 'smiles_inds': [15]}, {'functional_group': 'phenyl', 'smiles_inds': [2]}, {'functional_group': 'carboxyllic_acid', 'smiles_inds': [7]}, {'functional_group': 'thiol', 'smiles_inds': [8]}, {'functional_group': 'aldehyde', 'smiles_inds': [0]}]",0.9999865220720857
10,top,[nH+]1cc[nH+]c2c1c1cccnc1c1ncccc21,"[13, 10]","[{'functional_group': 'carboxylate', 'smiles_inds': [14]}, {'functional_group': 'aldehyde', 'smiles_inds': [16]}, {'functional_group': 'methyl', 'smiles_inds': [3]}, {'functional_group': 'carboxylate', 'smiles_inds': [15]}, {'functional_group': 'phenyl', 'smiles_inds': [2]}, {'functional_group': 'phenyl', 'smiles_inds': [1]}, {'functional_group': '2-hydroxypyridine', 'smiles_inds': [9]}, {'functional_group': 'carboxylate', 'smiles_inds': [7]}]",0.9999903839865038
10,top,[nH+]1cc[nH+]c2c1c1cccnc1c1ncccc21,"[13, 10]","[{'functional_group': 'carboxylate', 'smiles_inds': [14]}, {'functional_group': 'aldehyde', 'smiles_inds': [16]}, {'functional_group': 'methyl', 'smiles_inds': [3]}, {'functional_group': 'carboxylate', 'smiles_inds': [15]}, {'functional_group': 'phenyl', 'smiles_inds': [2]}, {'functional_group': 'phenyl', 'smiles_inds': [1]}, {'functional_group': '2-hydroxypyridine', 'smiles_inds': [9]}, {'functional_group': 'carboxylate', 'smiles_inds': [8]}, {'functional_group': 'thiol', 'smiles_inds': [7]}]",0.9999927260338679
10,top,NC1C(O)C(N)C([O-])C(NCCNC2C(O)C(N)C(O)C(N)C2[O-])C1O,"[12, 9, 21, 5, 23, 7]","[{'functional_group': 'methyl', 'smiles_inds': [25]}]",0.9999936543595119
10,top,[nH+]1cc[nH+]c2c1c1cccnc1c1ncccc21,"[13, 10]","[{'functional_group': 'carboxylate', 'smiles_inds': [14]}, {'functional_group': 'aldehyde', 'smiles_inds': [16]}, {'functional_group': 'methyl', 'smiles_inds': [3]}, {'functional_group': 'carboxylate', 'smiles_inds': [15]}, {'functional_group': 'phenyl', 'smiles_inds': [2]}, {'functional_group': 'carboxyllic_acid', 'smiles_inds': [7]}, {'functional_group': 'carboxylate', 'smiles_inds': [8]}, {'functional_group': 'thiol', 'smiles_inds': [0]}]",0.999995255041564
10,top,NC1C(O)C(N)C([O-])C(NCCNC2C(O)C(N)C(O)C(N)C2[O-])C1O,"[12, 9, 21, 5, 23, 7]",[],0.9999958873087245
11,bottom,O=C1N2CN3C(=O)N4CN5C(=O)N6CN7C(=O)N8CN9C(=O)N%10CN%11C(=O)N%12CN1C1%13CCCCC21N1CN2C(=O)N(CN%14C(=O)N(CN%15C(=O)N(CN%16C(=O)N(CN%17C(=O)N(CN%13C1=O)C1%12CCCCC%11%171)C1%10CCCCC9%161)C18CCCCC7%151)C16CCCCC5%141)C14CCCCC321,"[26, 0, 6]","[{'functional_group': 'phosphonate', 'smiles_inds': [3]}, {'functional_group': 'carboxylate', 'smiles_inds': [76]}]",4.012557352510093e-37
11,bottom,O=C1N2CN3C(=O)N4CN5C(=O)N6CN7C(=O)N8CN9C(=O)N%10CN1C1%11CCC21N1CN2C(=O)N(CN%12C(=O)N(CN%13C(=O)N(CN%14C(=O)N(CN%11C1=O)C1%10CCC9%141)C18CCC7%131)C16CCC5%121)C14CCC321,"[43, 38]","[{'functional_group': 'phenyl', 'smiles_inds': [13]}, {'functional_group': 'aldehyde', 'smiles_inds': [8]}]",6.102335095311231e-28
11,bottom,O=C1N2CN3C(=O)N4CN5C6C7N(CN8C(=O)N9CN%10C%11C%12N(CN%13C(=O)N%14CN1C1C2N2CN%15C(=O)N(CN6C(=O)N7CN6C(=O)N(CN%11C(=O)N%12CN7C(=O)N(CN1C2=O)C1%14CCCCC%1371)C19CCCCC861)C14CCCCC3%151)C%10=O)C5=O,"[36, 61]","[{'functional_group': 'cyano', 'smiles_inds': [3]}]",1.3947784313428202e-27
11,bottom,O=C1N2CN3C(=O)N4CN5C6C7N(CN8C(=O)N9CN%10C%11C%12N(CN%13C(=O)N%14CN1C1C2N2CN%15C(=O)N(CN6C(=O)N7CN6C(=O)N(CN%11C(=O)N%12CN7C(=O)N(CN1C2=O)C1%14CCCCC%1371)C19CCCCC861)C14CCCCC3%151)C%10=O)C5=O,"[36, 61]","[{'functional_group': 'carboxyl', 'smiles_inds': [18]}]",1.8041655977304005e-27
11,bottom,O=C1N2CN3C(=O)N4CN5C6C7N(CN8C(=O)N9CN%10C%11C%12N(CN%13C(=O)N%14CN1C1C2N2CN%15C(=O)N(CN6C(=O)N7CN6C(=O)N(CN%11C(=O)N%12CN7C(=O)N(CN1C2=O)C1%14CCCCC%1371)C19CCCCC861)C14CCCCC3%151)C%10=O)C5=O,"[36, 61]","[{'functional_group': 'iodo', 'smiles_inds': [63]}]",9.38920463553574e-27
11,bottom,COC(=O)C(C)(C)NC(=O)C(NC(=O)C1(CCCCC1)NC(=O)C(C)(C)NC(=O)C1(CCCCC1)NC(=O)C(C)(C)NC(=O)c1ccc(nc1)c1ccc(cn1)C(=O)NC(C)(C)C(=O)NC1(CCCCC1)C(=O)NC(C)(C)C(=O)NC1(CCCCC1)C(=O)NC(C(C)C)C(=O)NC(C)(C)C(=O)OC)C(C)C,"[55, 48]",[],3.905109276040969e-24
11,bottom,COC(=O)C(C)(C)NC(=O)C(NC(=O)C1(CCCCC1)NC(=O)C(C)(C)NC(=O)C1(CCCCC1)NC(=O)C(C)(C)NC(=O)c1ccc(nc1)c1ccc(cn1)C(=O)NC(C)(C)C(=O)NC1(CCCCC1)C(=O)NC(C)(C)C(=O)NC1(CCCCC1)C(=O)NC(C(C)C)C(=O)NC(C)(C)C(=O)OC)C(C)C,"[55, 48]","[{'functional_group': 'iodo', 'smiles_inds': [45]}]",6.5860734464294005e-24
11,bottom,CCCCCC1c2cc3C(CCCCC)c4cc5C(CCCCC)c6cc7C(CCCCC)c8cc1c1OCOc2cc3OCOc4c(P(c2ccccc2)c2ccccc2)c5OCOc6cc7OCOc8c1OCc1cccc(COc2c3OCOc4cc5OCOc6c7cc8C(CCCCC)c9cc%10C(CCCCC)c(cc3C(CCCCC)c4cc5C7CCCCC)c2OCOc%10cc9OCOc8c6P(c2ccccc2)c2ccccc2)c1,"[48, 142]","[{'functional_group': 'ethyl_ester', 'smiles_inds': [19]}, {'functional_group': 'chloro', 'smiles_inds': [2]}]",1.8486926324473898e-22
11,bottom,CCCCCC1c2cc3C(CCCCC)c4cc5C(CCCCC)c6cc7C(CCCCC)c8cc1c1OCOc2cc3OCOc4c(P(c2ccccc2)c2ccccc2)c5OCOc6cc7OCOc8c1OCc1cccc(COc2c3OCOc4cc5OCOc6c7cc8C(CCCCC)c9cc%10C(CCCCC)c(cc3C(CCCCC)c4cc5C7CCCCC)c2OCOc%10cc9OCOc8c6P(c2ccccc2)c2ccccc2)c1,"[48, 142]",[],4.639221688453153e-22
11,bottom,C[Si](C)(C)c1cc(cc(c1)[Si](C#CP(C#C[Si](c1cc(cc(c1)[Si](C)(C)C)[Si](C)(C)C)(c1cc(cc(c1)[Si](C)(C)C)[Si](C)(C)C)c1cc(cc(c1)[Si](C)(C)C)[Si](C)(C)C)C#C[Si](c1cc(cc(c1)[Si](C)(C)C)[Si](C)(C)C)(c1cc(cc(c1)[Si](C)(C)C)[Si](C)(C)C)c1cc(cc(c1)[Si](C)(C)C)[Si](C)(C)C)(c1cc(cc(c1)[Si](C)(C)C)[Si](C)(C)C)c1cc(cc(c1)[Si](C)(C)C)[Si](C)(C)C)[Si](C)(C)C,[13],"[{'functional_group': 'thiol', 'smiles_inds': [91]}, {'functional_group': 'carboxyllic_acid', 'smiles_inds': [93]}, {'functional_group': 'amide', 'smiles_inds': [67]}]",5.29821633345422e-22
11,bottom,CCC(C)C1NC(=O)C(C)NC(=O)C(CSSCC2NC(=O)C(CCC(N)=O)NC(=O)C(C)NC(=O)C3CCCN3C(=O)C(CCC(O)=O)NC(=O)CNC(=O)C(C)NC(=O)C(CCCNC(N)=N)NC(=O)C(CSSCC(NC(=O)C(CC(N)=O)NC2=O)C(O)=O)NC(=O)C(CC2=CN=CN2)NC1=O)NC(=O)C(CC1=CN=CN1)NC(=O)C(CC(C)C)NC(=O)C(CC(O)=O)NC(C)=O,"[112, 99]","[{'functional_group': 'methyl_ester', 'smiles_inds': [121]}, {'functional_group': 'methyl', 'smiles_inds': [123]}]",5.790216259934331e-22
11,bottom,C[Si](C)(C)C(c1cc(C([Si](C)(C)C)[Si](C)(C)C)c(Sc2ccccc2[Se]c2ccccc2[Se]c2ccccc2Sc2c(cc(cc2C([Si](C)(C)C)[Si](C)(C)C)C([Si](C)(C)C)[Si](C)(C)C)C([Si](C)(C)C)[Si](C)(C)C)c(c1)C([Si](C)(C)C)[Si](C)(C)C)[Si](C)(C)C,"[25, 32]","[{'functional_group': '2-hydroxypyridine', 'smiles_inds': [78]}, {'functional_group': 'iodo', 'smiles_inds': [77]}]",3.6187175848358625e-19
11,bottom,C[Si](C)(C)C(c1cc(C([Si](C)(C)C)[Si](C)(C)C)c([Se]c2ccccc2[Se]c2ccccc2[Se]c2ccccc2[Se]c2c(cc(cc2C([Si](C)(C)C)[Si](C)(C)C)C([Si](C)(C)C)[Si](C)(C)C)C([Si](C)(C)C)[Si](C)(C)C)c(c1)C([Si](C)(C)C)[Si](C)(C)C)[Si](C)(C)C,"[25, 32]","[{'functional_group': 'ethyl', 'smiles_inds': [74]}]",5.133203935956098e-16
11,bottom,Fc1c(F)c(F)c(c(F)c1F)C1=C2NC(=C(C3=NC(=C(C4=CC=C([N-]4)C(=C4C=CC(=N4)C(=C4NC(=C(C5=NC(=C(C6=NC(=C(C7=CC=C1N7)c1c(F)c(F)c(F)c(F)c1F)C=C6)c1c(F)c(F)c(F)c(F)c1F)C=C5)c1c(F)c(F)c(F)c(F)c1F)C=C4)c1c(F)c(F)c(F)c(F)c1F)c1c(F)c(F)c(F)c(F)c1F)c1c(F)c(F)c(F)c(F)c1F)C=C3)c1c(F)c(F)c(F)c(F)c1F)C=C2,"[30, 24]","[{'functional_group': 'methyl', 'smiles_inds': [135]}]",1.2248478512150872e-15
11,bottom,C1C(CC(CC1N=CC=Cc1cccc(c1)N1C(=CC=C1c1ccccc1)c1ccccc1)N=CC=Cc1cccc(c1)N1C(=CC=C1c1ccccc1)c1ccccc1)N=CC=Cc1cccc(c1)N1C(=CC=C1c1ccccc1)c1ccccc1,"[6, 33, 60]","[{'functional_group': 'trifluro', 'smiles_inds': [34]}]",1.9513971877981565e-15
11,bottom,O=C1N2CN3C4C5N(CN6C7C8N(CN9C%10C%11N(CN%12C%13C%14N(CN%15C%16C%17N(CN1C1C2N2CN4C(=O)N5CN7C(=O)N8CN%10C(=O)N%11CN%13C(=O)N%14CN%16C(=O)N%17CN1C2=O)C%15=O)C%12=O)C9=O)C6=O)C3=O,"[65, 67, 69]","[{'functional_group': 'chloro', 'smiles_inds': [6]}, {'functional_group': 'hydroxyl', 'smiles_inds': [25]}, {'functional_group': 'bromo', 'smiles_inds': [13]}]",2.4776541752858003e-15
11,bottom,C1C(CC(CC1N=CC=Cc1cccc(c1)N1C(=CC=C1c1ccccc1)c1ccccc1)N=CC=Cc1cccc(c1)N1C(=CC=C1c1ccccc1)c1ccccc1)N=CC=Cc1cccc(c1)N1C(=CC=C1c1ccccc1)c1ccccc1,"[6, 33, 60]","[{'functional_group': 'amino', 'smiles_inds': [29]}]",5.6582466379956636e-15
11,bottom,O1N=C(c2ccncc2)C23C4C5C6C7C8C9C%10C%11C%12C%13C%14C%15C%16C%17C%13C%13C%12C9C9C8C8C6C6C%12C%18C%19C%20C(C%17C%17C%13C9=C(C8%12)C%19%17)C%16C8C9C%15C%12C%14C%11C%11C%10C7C5C5C%11C%12C(=C9C7=C2C(C%18C%20C87)C46)C135,[6],"[{'functional_group': 'thiol', 'smiles_inds': [34]}]",5.084262307096463e-14
11,bottom,N=P(c1ccccc1c1cc(cc(c1)c1ccccc1P(=[N-])(C12CC3CC(CC(C3)C1)C2)C12CC3CC(CC(C3)C1)C2)c1ccccc1P(=[N-])(C12CC3CC(CC(C3)C1)C2)C12CC3CC(CC(C3)C1)C2)(C12CC3CC(CC(C3)C1)C2)C12CC3CC(CC(C3)C1)C2,"[0, 21, 49]","[{'functional_group': 'ether', 'smiles_inds': [81]}, {'functional_group': 'cyano', 'smiles_inds': [78]}]",6.172389310694081e-14
11,bottom,Cc1cc(C)cc(c1)C(c1cc(C)cc(C)c1)c1cc(C)cc(C(c2cc(C)cc(C)c2)c2cc(C)cc(C)c2)c1N=C(C)C(C)=Nc1c(cc(C)cc1C(c1cc(C)cc(C)c1)c1cc(C)cc(C)c1)C(c1cc(C)cc(C)c1)c1cc(C)cc(C)c1,"[46, 41]","[{'functional_group': '2-hydroxypyridine', 'smiles_inds': [51]}, {'functional_group': 'amide', 'smiles_inds': [12]}, {'functional_group': 'methyl', 'smiles_inds': [76]}]",8.259533767912303e-14
11,median,O=N(=O)c1ccc(cc1)C1=NN=NN1,[11],"[{'functional_group': 'cyano', 'smiles_inds': [8]}, {'functional_group': 'methyl_ester', 'smiles_inds': [5]}]",0.32996934811498035
11,median,CCN(CC)c1ccc(C=NN=C(N)[S-])c([O-])c1,"[16, 14, 11]","[{'functional_group': '2-methylbenzoic_acid', 'smiles_inds': [4]}]",0.3299796085109734
11,median,Clc1ccc(Cl)c(c1)N=Cc1ccccn1,"[15, 8]","[{'functional_group': 'ethyl', 'smiles_inds': [11]}]",0.3300068247789597
11,median,CCCCN=C(c1ccccc1)c1cc(Cl)ccc1[O-],"[19, 4]","[{'functional_group': 'ether', 'smiles_inds': [10]}]",0.3300778984042078
11,median,CCOC1CC(SC(=S)N1)c1ccccc1,[8],"[{'functional_group': 'aldehyde', 'smiles_inds': [4]}, {'functional_group': 'trifluro', 'smiles_inds': [0]}]",0.33012402755876324
11,median,CCCN(CCC)C([S-])=NC(=O)c1ccccc1Cl,"[8, 11]",[],0.33015754871608716
11,median,OC(=O)c1ccc(cc1)[N-]C(=O)c1cccc(n1)C(=O)[N-]c1ccc(cc1)C(O)=O,"[20, 9, 17]","[{'functional_group': 'amide', 'smiles_inds': [26]}, {'functional_group': 'trichloro', 'smiles_inds': [15]}]",0.33020172507684903
11,median,O=N(=O)c1ccnc(c1)c1cc(ccn1)N(=O)=O,"[6, 14]","[{'functional_group': 'amide', 'smiles_inds': [8]}, {'functional_group': 'tribromo', 'smiles_inds': [12]}]",0.3302797572248189
11,median,CNCCCN=C(C)c1ccccn1,"[13, 5, 1]",[],0.3302842655533469
11,median,CN1C=CC=NC1=S,[5],[],0.33028450543657684
11,median,CON=C([O-])c1cccc2N=NNc12,"[4, 1]","[{'functional_group': 'amide', 'smiles_inds': [12]}]",0.33039833407110547
11,median,COC(=O)C1CCC([N-]1)=C(C#N)C(C)=O,"[14, 8]","[{'functional_group': 'ethyl_ester', 'smiles_inds': [4]}, {'functional_group': 'chloro', 'smiles_inds': [5]}, {'functional_group': 'ether', 'smiles_inds': [13]}]",0.33044673125017154
11,median,c1ccc(cc1)C#Cc1ccc2ccc3cccnc3c2n1,"[21, 18]","[{'functional_group': 'bromo', 'smiles_inds': [10]}, {'functional_group': 'chloro', 'smiles_inds': [9]}]",0.33049437281854344
11,median,CC(C)(C)c1ccc([O-])c(c1)N1C=CN(Cc2ccccn2)[CH-]1,"[8, 11, 22]","[{'functional_group': 'ethyl', 'smiles_inds': [13]}, {'functional_group': 'ether', 'smiles_inds': [20]}]",0.3305354722551716
11,median,CC(=O)OCC([N-]C(=O)c1cccc(n1)C1=NC(CO1)c1ccccc1)c1ccccc1,"[16, 14, 6]",[],0.3306418033328156
11,median,OC(=O)c1ccc(cc1)c1cc(nc(c1)c1ccccn1)c1ccccn1,"[20, 12, 26]","[{'functional_group': 'cyanimide', 'smiles_inds': [8]}]",0.33064218466089823
11,median,O=C1C(=COc2ccccc12)C1=Nc2ccccc2N1,"[12, 0]","[{'functional_group': 'cyano', 'smiles_inds': [7]}, {'functional_group': 'cyanimide', 'smiles_inds': [9]}]",0.33064909930116304
11,median,C1Oc2ccc(cc2O1)C1=NC(=NN1)c1ccccn1,"[19, 10]","[{'functional_group': 'carboxyl', 'smiles_inds': [4]}, {'functional_group': 'ketone', 'smiles_inds': [6]}]",0.3306653576696973
11,median,COCc1cccc[c-]1,"[1, 8]","[{'functional_group': 'fluoro', 'smiles_inds': [5]}, {'functional_group': 'tribromo', 'smiles_inds': [7]}]",0.33068550367953575
11,median,CN1CCCCC1,[1],[],0.33070383447380003
11,top,[nH+]1cc[nH+]c2c1c1cccnc1c1ncccc21,"[13, 10]","[{'functional_group': 'carboxylate', 'smiles_inds': [14]}, {'functional_group': 'aldehyde', 'smiles_inds': [16]}, {'functional_group': 'methyl', 'smiles_inds': [3]}, {'functional_group': 'carboxylate', 'smiles_inds': [15]}, {'functional_group': 'phenyl', 'smiles_inds': [2]}, {'functional_group': 'carboxyllic_acid', 'smiles_inds': [7]}, {'functional_group': 'fluoro', 'smiles_inds': [1]}]",0.9999733430891029
11,top,Oc1ccc2[N-]c3c4ncc(F)cc4c4C(=O)NC(=O)c4c3c2c1,"[5, 8]","[{'functional_group': 'carboxylate', 'smiles_inds': [12]}]",0.9999741115820976
11,top,[nH+]1cc[nH+]c2c1c1cccnc1c1ncccc21,"[13, 10]","[{'functional_group': 'carboxylate', 'smiles_inds': [14]}, {'functional_group': 'aldehyde', 'smiles_inds': [16]}, {'functional_group': 'amino', 'smiles_inds': [7]}, {'functional_group': 'amino', 'smiles_inds': [8]}, {'functional_group': 'aldehyde', 'smiles_inds': [15]}, {'functional_group': 'amino', 'smiles_inds': [2]}, {'functional_group': 'methyl', 'smiles_inds': [0]}, {'functional_group': 'amino', 'smiles_inds': [1]}]",0.9999746069880412
11,top,[nH+]1cc[nH+]c2c1c1cccnc1c1ncccc21,"[13, 10]","[{'functional_group': 'carboxylate', 'smiles_inds': [14]}, {'functional_group': 'aldehyde', 'smiles_inds': [16]}, {'functional_group': 'methyl', 'smiles_inds': [3]}, {'functional_group': 'carboxylate', 'smiles_inds': [15]}, {'functional_group': 'phenyl', 'smiles_inds': [2]}, {'functional_group': 'carboxyllic_acid', 'smiles_inds': [7]}, {'functional_group': 'carboxylate', 'smiles_inds': [8]}, {'functional_group': 'trifluro', 'smiles_inds': [9]}]",0.999976020737741
11,top,[nH+]1cc[nH+]c2c1c1cccnc1c1ncccc21,"[13, 10]","[{'functional_group': 'carboxylate', 'smiles_inds': [14]}, {'functional_group': 'aldehyde', 'smiles_inds': [16]}, {'functional_group': 'methyl', 'smiles_inds': [3]}, {'functional_group': 'carboxylate', 'smiles_inds': [15]}, {'functional_group': 'phenyl', 'smiles_inds': [2]}, {'functional_group': 'carboxyllic_acid', 'smiles_inds': [7]}, {'functional_group': 'ether', 'smiles_inds': [8]}, {'functional_group': 'hydroxyl', 'smiles_inds': [0]}, {'functional_group': 'thiol', 'smiles_inds': [9]}]",0.9999767049941575
11,top,[nH+]1cc[nH+]c2c1c1cccnc1c1ncccc21,"[13, 10]","[{'functional_group': 'carboxylate', 'smiles_inds': [14]}, {'functional_group': 'aldehyde', 'smiles_inds': [16]}, {'functional_group': 'amino', 'smiles_inds': [7]}, {'functional_group': 'amino', 'smiles_inds': [8]}, {'functional_group': 'aldehyde', 'smiles_inds': [15]}, {'functional_group': 'amino', 'smiles_inds': [2]}, {'functional_group': 'carboxylate', 'smiles_inds': [3]}]",0.9999780310719206
11,top,Cc1ccc([O-])c(CN2CCOCCOCCN(CCOCCOCC2)Cc2nc(C)ccc2[O-])n1,"[11, 20, 5, 34, 8, 17]","[{'functional_group': 'carboxyllic_acid', 'smiles_inds': [3]}, {'functional_group': 'thiol', 'smiles_inds': [32]}]",0.9999800774242928
11,top,Cc1ccc([O-])c(CN2CCN(CCN(CC2)Cc2nc(C)ccc2[O-])Cc2nc(C)ccc2[O-])n1,"[5, 25, 34, 8, 14, 11]",[],0.9999815811622558
11,top,[nH+]1cc[nH+]c2c1c1cccnc1c1ncccc21,"[13, 10]","[{'functional_group': 'carboxylate', 'smiles_inds': [14]}, {'functional_group': 'aldehyde', 'smiles_inds': [16]}, {'functional_group': 'methyl', 'smiles_inds': [3]}, {'functional_group': 'carboxylate', 'smiles_inds': [15]}, {'functional_group': 'phenyl', 'smiles_inds': [2]}, {'functional_group': 'carboxyllic_acid', 'smiles_inds': [7]}, {'functional_group': 'trichloro', 'smiles_inds': [8]}, {'functional_group': 'chloro', 'smiles_inds': [1]}]",0.9999826762675724
11,top,[nH+]1cc[nH+]c2c1c1cccnc1c1ncccc21,"[13, 10]","[{'functional_group': 'carboxylate', 'smiles_inds': [14]}, {'functional_group': 'aldehyde', 'smiles_inds': [16]}, {'functional_group': 'methyl', 'smiles_inds': [3]}, {'functional_group': 'carboxylate', 'smiles_inds': [15]}, {'functional_group': 'phenyl', 'smiles_inds': [2]}, {'functional_group': 'carboxyllic_acid', 'smiles_inds': [7]}, {'functional_group': 'hydroxyl', 'smiles_inds': [8]}]",0.9999830427314379
11,top,[nH+]1cc[nH+]c2c1c1cccnc1c1ncccc21,"[13, 10]","[{'functional_group': 'carboxylate', 'smiles_inds': [14]}, {'functional_group': 'aldehyde', 'smiles_inds': [16]}, {'functional_group': 'amino', 'smiles_inds': [7]}, {'functional_group': 'amino', 'smiles_inds': [8]}, {'functional_group': 'aldehyde', 'smiles_inds': [15]}, {'functional_group': 'amino', 'smiles_inds': [2]}, {'functional_group': 'carboxylate', 'smiles_inds': [0]}]",0.9999839539972012
11,top,[nH+]1cc[nH+]c2c1c1cccnc1c1ncccc21,"[13, 10]","[{'functional_group': 'carboxylate', 'smiles_inds': [14]}, {'functional_group': 'aldehyde', 'smiles_inds': [16]}, {'functional_group': 'methyl', 'smiles_inds': [3]}, {'functional_group': 'carboxylate', 'smiles_inds': [15]}, {'functional_group': 'phenyl', 'smiles_inds': [2]}, {'functional_group': 'carboxyllic_acid', 'smiles_inds': [7]}, {'functional_group': 'ether', 'smiles_inds': [8]}]",0.9999842511956423
11,top,OCC1=CC(=O)C(=C(CN2CCN(CCN(CC2)CC2=C([O-])C(=O)C=C(CO)O2)CC2=C([O-])C(=O)C=C(CO)O2)O1)[O-],"[41, 21, 32, 9, 15, 12]","[{'functional_group': 'phosphonate', 'smiles_inds': [24]}]",0.9999843573337283
11,top,O=C(NCCN(CCNC(=O)C1=C([O-])C(=O)C=CO1)CCNC(=O)C1=C([O-])C(=O)C=CO1)C1=C([O-])C(=O)C=CO1,"[34, 36, 13, 15, 26, 28]","[{'functional_group': 'trifluro', 'smiles_inds': [38]}, {'functional_group': 'fluoro', 'smiles_inds': [21]}]",0.9999859757603147
11,top,[nH+]1cc[nH+]c2c1c1cccnc1c1ncccc21,"[13, 10]","[{'functional_group': 'carboxylate', 'smiles_inds': [14]}, {'functional_group': 'aldehyde', 'smiles_inds': [16]}, {'functional_group': 'methyl', 'smiles_inds': [3]}, {'functional_group': 'carboxylate', 'smiles_inds': [15]}, {'functional_group': 'phenyl', 'smiles_inds': [2]}, {'functional_group': 'phenyl', 'smiles_inds': [1]}, {'functional_group': '2-hydroxypyridine', 'smiles_inds': [9]}, {'functional_group': 'carboxylate', 'smiles_inds': [7]}, {'functional_group': 'thiol', 'smiles_inds': [0]}]",0.9999891578664432
11,top,[nH+]1cc[nH+]c2c1c1cccnc1c1ncccc21,"[13, 10]","[{'functional_group': 'carboxylate', 'smiles_inds': [14]}, {'functional_group': 'aldehyde', 'smiles_inds': [16]}, {'functional_group': 'methyl', 'smiles_inds': [3]}, {'functional_group': 'carboxylate', 'smiles_inds': [15]}, {'functional_group': 'phenyl', 'smiles_inds': [2]}, {'functional_group': 'phenyl', 'smiles_inds': [1]}, {'functional_group': '2-hydroxypyridine', 'smiles_inds': [9]}, {'functional_group': 'cyano', 'smiles_inds': [7]}, {'functional_group': 'carboxylate', 'smiles_inds': [8]}]",0.9999910629215978
11,top,[nH+]1cc[nH+]c2c1c1cccnc1c1ncccc21,"[13, 10]","[{'functional_group': 'carboxylate', 'smiles_inds': [14]}, {'functional_group': 'aldehyde', 'smiles_inds': [16]}, {'functional_group': 'methyl', 'smiles_inds': [3]}, {'functional_group': 'carboxylate', 'smiles_inds': [15]}, {'functional_group': 'phenyl', 'smiles_inds': [2]}, {'functional_group': 'phenyl', 'smiles_inds': [1]}, {'functional_group': '2-hydroxypyridine', 'smiles_inds': [9]}, {'functional_group': 'carboxylate', 'smiles_inds': [7]}]",0.9999915017961264
11,top,[nH+]1cc[nH+]c2c1c1cccnc1c1ncccc21,"[13, 10]","[{'functional_group': 'carboxylate', 'smiles_inds': [14]}, {'functional_group': 'aldehyde', 'smiles_inds': [16]}, {'functional_group': 'methyl', 'smiles_inds': [3]}, {'functional_group': 'carboxylate', 'smiles_inds': [15]}, {'functional_group': 'phenyl', 'smiles_inds': [2]}, {'functional_group': 'carboxyllic_acid', 'smiles_inds': [7]}, {'functional_group': 'tribromo', 'smiles_inds': [0]}, {'functional_group': 'aldehyde', 'smiles_inds': [8]}]",0.9999923761623001
11,top,NC(=NN=C([O-])C(=NNC(=O)c1cccc(n1)C(=O)NN=C(C([O-])=NN=C(N)c1ccccn1)c1ccccc1)c1ccccc1)c1ccccn1,"[23, 5, 51, 2, 25, 33]","[{'functional_group': '2-methylbenzoic_acid', 'smiles_inds': [0]}]",0.9999926242939338
11,top,O=C([O-])c1ccc([O-])c(C=NCc2ccccn2)c1,"[7, 10, 17]","[{'functional_group': 'carboxylate', 'smiles_inds': [13]}, {'functional_group': 'iodo', 'smiles_inds': [16]}, {'functional_group': 'carboxylate', 'smiles_inds': [18]}, {'functional_group': 'carbonyl', 'smiles_inds': [14]}, {'functional_group': 'thiol', 'smiles_inds': [15]}]",0.9999969455212976
12,bottom,O=C1N2CN3C(=O)N4CN5C6C7N(CN8C(=O)N9CN%10C%11C%12N(CN%13C(=O)N%14CN1C1C2N2CN%15C(=O)N(CN6C(=O)N7CN6C(=O)N(CN%11C(=O)N%12CN7C(=O)N(CN1C2=O)C1%14CCCCC%1371)C19CCCCC861)C14CCCCC3%151)C%10=O)C5=O,"[36, 61]","[{'functional_group': 'trifluro', 'smiles_inds': [66]}]",1.6393197010761127e-27
12,bottom,O=C1N2CN3C(=O)N4CN5C(=O)N6CN7C(=O)N8CN9C(=O)N%10CN1C1%11CCC21N1CN2C(=O)N(CN%12C(=O)N(CN%13C(=O)N(CN%14C(=O)N(CN%11C1=O)C1%10CCC9%141)C18CCC7%131)C16CCC5%121)C14CCC321,"[43, 38]",[],3.654792591755511e-27
12,bottom,O=C1N2CN3C(=O)N4CN5C6C7N(CN8C(=O)N9CN%10C%11C%12N(CN%13C(=O)N%14CN1C1C2N2CN%15C(=O)N(CN6C(=O)N7CN6C(=O)N(CN%11C(=O)N%12CN7C(=O)N(CN1C2=O)C1%14CCCCC%1371)C19CCCCC861)C14CCCCC3%151)C%10=O)C5=O,"[36, 61]","[{'functional_group': 'ketone', 'smiles_inds': [72]}]",4.751407512672357e-27
12,bottom,CC12N3CN4C5C6N(CN7C8C9N(CN%10C(=O)N%11CN%12C%13C%14N(CN%15C%16C%17N(CN(C3=O)C1(C)N1CN%17C(=O)N%16CN%14C(=O)N%13CN3C(=O)N(CN9C(=O)N8CN6C(=O)N5CN2C1=O)C%10(C)C%113C)C%15=O)C%12=O)C7=O)C4=O,"[71, 16, 73]",[],1.7026482245753855e-21
12,bottom,CC(C)(C)c1cc2c3cc(cc4c5cc(cc6c7cc(cc8c9cc(cc%10c%11cc(cc%12c(c1)c2c1c(c34)c(c56)c(c78)c(c9%10)c1c%11%12)C(C)(C)C)C(C)(C)C)C(C)(C)C)C(C)(C)C)P(c1cc2c3cc(cc4c5cc(cc6c7cc(cc8c9cc(cc%10c%11cc(cc%12c(c1)c2c1c(c34)c(c56)c(c78)c(c9%10)c1c%11%12)C(C)(C)C)C(C)(C)C)C(C)(C)C)C(C)(C)C)C(C)(C)C)c1cc2c3cc(cc4c5cc(cc6c7cc(cc8c9cc(cc%10c%11cc(cc%12c(c1)c2c1c(c34)c(c56)c(c78)c(c9%10)c1c%11%12)C(C)(C)C)C(C)(C)C)C(C)(C)C)C(C)(C)C)C(C)(C)C,[62],"[{'functional_group': 'tribromo', 'smiles_inds': [174]}]",3.7236932575087076e-21
12,bottom,C[Si](C)(C)C(c1cc(C([Si](C)(C)C)[Si](C)(C)C)c([Se]c2ccccc2Sc2ccccc2Sc2ccccc2[Se]c2c(cc(cc2C([Si](C)(C)C)[Si](C)(C)C)C([Si](C)(C)C)[Si](C)(C)C)C([Si](C)(C)C)[Si](C)(C)C)c(c1)C([Si](C)(C)C)[Si](C)(C)C)[Si](C)(C)C,"[25, 32]","[{'functional_group': 'ethyl', 'smiles_inds': [70]}]",1.9602359313325363e-20
12,bottom,CCC(C)C1NC(=O)C(C)NC(=O)C(CSSCC2NC(=O)C(CCC(N)=O)NC(=O)C(C)NC(=O)C3CCCN3C(=O)C(CCC(O)=O)NC(=O)CNC(=O)C(C)NC(=O)C(CCCNC(N)=N)NC(=O)C(CSSCC(NC(=O)C(CC(N)=O)NC2=O)C(O)=O)NC(=O)C(CC2=CN=CN2)NC1=O)NC(=O)C(CC1=CN=CN1)NC(=O)C(CC(C)C)NC(=O)C(CC(O)=O)NC(C)=O,"[112, 99]","[{'functional_group': 'chloro', 'smiles_inds': [92]}]",3.7315552718016655e-20
12,bottom,CC(C)(C)c1cc2c(OP(Oc3c2cc(cc3C(C)(C)C)C(C)(C)C)O[Si]2(O[Si]3(O[Si](OP4Oc5c(cc(cc5C(C)(C)C)C(C)(C)C)c5cc(cc(c5O4)C(C)(C)C)C(C)(C)C)(O[Si]4(O[Si](O3)(O[Si](O2)(O[Si](O4)(O[Si](C)(c2ccccc2)c2ccccc2)C2CCCC2)C2CCCC2)C2CCCC2)C2CCCC2)C2CCCC2)C2CCCC2)C2CCCC2)c(c1)C(C)(C)C,"[9, 32]","[{'functional_group': '2-methylbenzoic_acid', 'smiles_inds': [76]}, {'functional_group': 'phosphonate', 'smiles_inds': [23]}]",1.6644033545405591e-15
12,bottom,C1C(CC(CC1N=CC=Cc1cccc(c1)N1C(=CC=C1c1ccccc1)c1ccccc1)N=CC=Cc1cccc(c1)N1C(=CC=C1c1ccccc1)c1ccccc1)N=CC=Cc1cccc(c1)N1C(=CC=C1c1ccccc1)c1ccccc1,"[6, 33, 60]","[{'functional_group': '2-hydroxypyridine', 'smiles_inds': [25]}]",2.1823260567211162e-15
12,bottom,COc1c(cc(cc1C12CC3CC(CC(C3)C1)C2)P(c1cc(c(OC)c(c1)C12CC3CC(CC(C3)C1)C2)C12CC3CC(CC(C3)C1)C2)c1ccccc1CNc1cccc2CCC3(CCc4cccc(P(c5cc(cc(c5)C(C)(C)C)C(C)(C)C)c5cc(cc(c5)C(C)(C)C)C(C)(C)C)c34)c12)C12CC3CC(CC(C3)C1)C2,"[70, 18, 54]","[{'functional_group': 'carboxyl', 'smiles_inds': [51]}, {'functional_group': 'carboxyllic_acid', 'smiles_inds': [86]}]",7.938922951719659e-15
12,bottom,CC(C)c1cccc(C(C)C)c1c1cc(NCCN(CCNc2cc(cc(c2)c2c(cccc2C(C)C)C(C)C)c2c(cccc2C(C)C)C(C)C)CCNc2cc(cc(c2)c2c(cccc2C(C)C)C(C)C)c2c(cccc2C(C)C)C(C)C)cc(c1)c1c(cccc1C(C)C)C(C)C,"[18, 15, 21]",[],1.076421436633884e-14
12,bottom,CC(C)c1cccc(C(C)C)c1c1cc(NCCN(CCNc2cc(cc(c2)c2c(cccc2C(C)C)C(C)C)c2c(cccc2C(C)C)C(C)C)CCNc2cc(cc(c2)c2c(cccc2C(C)C)C(C)C)c2c(cccc2C(C)C)C(C)C)cc(c1)c1c(cccc1C(C)C)C(C)C,"[18, 15, 21]","[{'functional_group': 'carbonyl', 'smiles_inds': [63]}]",1.3606556804112007e-14
12,bottom,Fc1c(F)c(F)c(c(F)c1F)C1=C2NC(=C(C3=NC(=C(C4=CC=C([N-]4)C(=C4C=CC(=N4)C(=C4NC(=C(C5=NC(=C(C6=NC(=C(C7=CC=C1N7)c1c(F)c(F)c(F)c(F)c1F)C=C6)c1c(F)c(F)c(F)c(F)c1F)C=C5)c1c(F)c(F)c(F)c(F)c1F)C=C4)c1c(F)c(F)c(F)c(F)c1F)c1c(F)c(F)c(F)c(F)c1F)c1c(F)c(F)c(F)c(F)c1F)C=C3)c1c(F)c(F)c(F)c(F)c1F)C=C2,"[30, 24]","[{'functional_group': 'amino', 'smiles_inds': [87]}, {'functional_group': 'amino', 'smiles_inds': [122]}]",1.4867125763350113e-14
12,bottom,COc1c(cc(cc1C12CC3CC(CC(C3)C1)C2)P(c1cc(c(OC)c(c1)C12CC3CC(CC(C3)C1)C2)C12CC3CC(CC(C3)C1)C2)c1ccccc1CNc1cccc2CCC3(CCc4cccc(P(c5cc(cc(c5)C(C)(C)C)C(C)(C)C)c5cc(cc(c5)C(C)(C)C)C(C)(C)C)c34)c12)C12CC3CC(CC(C3)C1)C2,"[70, 18, 54]","[{'functional_group': 'carboxyllic_acid', 'smiles_inds': [53]}]",1.9263645818480706e-14
12,bottom,CC(C)(C)c1cc2c(OP(Oc3c2cc(cc3C(C)(C)C)C(C)(C)C)O[Si]2(O[Si]3(O[Si](OP4Oc5c(cc(cc5C(C)(C)C)C(C)(C)C)c5cc(cc(c5O4)C(C)(C)C)C(C)(C)C)(O[Si]4(O[Si](O3)(O[Si](O2)(O[Si](O4)(O[Si](C)(c2ccccc2)c2ccccc2)C2CCCC2)C2CCCC2)C2CCCC2)C2CCCC2)C2CCCC2)C2CCCC2)C2CCCC2)c(c1)C(C)(C)C,"[9, 32]","[{'functional_group': 'ketone', 'smiles_inds': [18]}]",1.9609894164560163e-14
12,bottom,N=P(c1ccccc1c1cc(cc(c1)c1ccccc1P(=[N-])(C12CC3CC(CC(C3)C1)C2)C12CC3CC(CC(C3)C1)C2)c1ccccc1P(=[N-])(C12CC3CC(CC(C3)C1)C2)C12CC3CC(CC(C3)C1)C2)(C12CC3CC(CC(C3)C1)C2)C12CC3CC(CC(C3)C1)C2,"[0, 21, 49]","[{'functional_group': 'ether', 'smiles_inds': [5]}, {'functional_group': 'bromo', 'smiles_inds': [85]}]",8.462188022609917e-14
12,bottom,C[NH+]1CCN2CCN(C)Cc3cccc(c3)C(=O)Nc3ccccc3C3=C4NC(=C(C5=NC(=C(C6=NC(=C(C7=CC=C([N-]7)C(=C7NC(=C(C8=CC=C3N8)c3c(F)c(F)c(F)c(F)c3F)C=C7)c3ccccc3NC(=O)c3cccc(CN(C)CC2)c3)c2c(F)c(F)c(F)c(F)c2F)C=C6)c2ccccc2NC(=O)c2cccc(C1)c2)C=C5)c1c(F)c(F)c(F)c(F)c1F)C=C4,"[42, 35]","[{'functional_group': 'ethyl', 'smiles_inds': [110]}]",8.690442225236382e-14
12,bottom,COc1c(cc(cc1C(C)(C)C)P(c1cc(c(OC)c(c1)C(C)(C)C)C(C)(C)C)c1ccc2OCOc2c1c1c2OCOc2ccc1P(c1cc(c(OC)c(c1)C(C)(C)C)C(C)(C)C)c1cc(c(OC)c(c1)C(C)(C)C)C(C)(C)C)C(C)(C)C,"[47, 12]","[{'functional_group': 'chloro', 'smiles_inds': [82]}, {'functional_group': 'trichloro', 'smiles_inds': [58]}]",8.702850292261193e-14
12,bottom,CC(C)c1cc(c([Ge]c2c(cc(cc2C([Si](C)(C)C)[Si](C)(C)C)C([Si](C)(C)C)[Si](C)(C)C)C([Si](C)(C)C)[Si](C)(C)C)c(c1)C(C)C)C(C)C,[7],"[{'functional_group': 'trichloro', 'smiles_inds': [42]}, {'functional_group': 'methyl', 'smiles_inds': [39]}]",1.221403875919676e-13
12,bottom,CC(C)C1NC(=O)C2CCCN2C(=O)C(NC(=O)C2CCCN2C(=O)C(NC(=O)C2CCCN2C(=O)C(NC(=O)C2CCCN2C(=O)C(NC(=O)C2CCCN2C(=O)C(NC(=O)C2CCCN2C1=O)C(C)C)C(C)C)C(C)C)C(C)C)C(C)C,"[13, 68, 35, 24, 46, 57]",[],1.7197455830616446e-13
12,median,CCCCCCOc1cc(nc(c1)c1ccccn1)c1ccccn1,"[18, 10, 24]","[{'functional_group': 'carbonyl', 'smiles_inds': [14]}]",0.318729557367864
12,median,C1C2CC3CC1CC(C2)C3c1ccnc(c1)c1cc(ccn1)C1C2CC3CC(C2)CC1C3,"[21, 13]","[{'functional_group': 'ethyl', 'smiles_inds': [22]}]",0.31874011287920756
12,median,c1ccc(cc1)N1c2ccccc2N=C1c1cccc[c-]1,"[13, 20]","[{'functional_group': 'bromo', 'smiles_inds': [11]}]",0.3187533575323909
12,median,COc1ccc(cc1)C1=NC(=C2C=CC=CN12)c1ccccn1,"[9, 16]","[{'functional_group': 'thiol', 'smiles_inds': [21]}]",0.31876824305808216
12,median,FC(F)(F)C(F)(F)C(F)(F)C([O-])=C(C#N)C1=NCCCC1,"[11, 16]",[],0.3187746812786292
12,median,CC(C)(C)C1=PN(Cc2ccccn2)N=N1,"[14, 6]",[],0.3187778865383396
12,median,CC(C)(C)C1=CC=C(C=NCCNc2ccccc2)[N-]1,"[9, 19, 12]",[],0.3187959904113561
12,median,CSc1ccccc1N=Cc1cc(cc(Br)c1[O-])C(C)(C)C,"[1, 17, 8]","[{'functional_group': 'aldehyde', 'smiles_inds': [0]}, {'functional_group': 'bromo', 'smiles_inds': [21]}]",0.3188809128304759
12,median,CCN1C=C(C(=O)[O-])C(=O)c2cc(F)c(N3CC[NH2+]C(C)C3)c(F)c12,"[7, 9]","[{'functional_group': 'methyl', 'smiles_inds': [17]}, {'functional_group': 'aldehyde', 'smiles_inds': [19]}, {'functional_group': 'methyl', 'smiles_inds': [20]}, {'functional_group': '2-hydroxypyridine', 'smiles_inds': [16]}, {'functional_group': 'phenyl', 'smiles_inds': [0]}, {'functional_group': 'trifluro', 'smiles_inds': [1]}, {'functional_group': 'iodo', 'smiles_inds': [18]}]",0.3189134711006262
12,median,Fc1cc2C(=O)C(=CN(C3CC3)c2cc1N1CC[NH2+]CC1)C(=O)[O-],"[23, 5]","[{'functional_group': '2-methylbenzoic_acid', 'smiles_inds': [2]}, {'functional_group': 'carboxyl', 'smiles_inds': [9]}]",0.3189166438771091
12,median,Nc1[nH+]cccc1N,"[0, 7]","[{'functional_group': 'carbonyl', 'smiles_inds': [5]}, {'functional_group': '2-methylbenzoic_acid', 'smiles_inds': [2]}]",0.31892626283745606
12,median,CS[C-]=C(C#Cc1ccccc1)C(SC)=C(C#N)C#N,"[2, 13]","[{'functional_group': 'carboxyllic_acid', 'smiles_inds': [11]}, {'functional_group': 'ketone', 'smiles_inds': [14]}]",0.31896909860243555
12,median,CCOc1cccc(C=NCCNC)c1[O-],"[15, 12, 9]","[{'functional_group': 'hydroxyl', 'smiles_inds': [1]}]",0.3190313517916947
12,median,COC(=O)[C-]=CC(=O)c1ccc(OC)cc1,"[4, 7]","[{'functional_group': 'ether', 'smiles_inds': [14]}, {'functional_group': 'iodo', 'smiles_inds': [10]}]",0.31903176007673933
12,median,CCCCOc1cc(cc(OCCC)c1OCCCC)C([O-])=NN=C(C)c1ccccn1,"[21, 31, 23]",[],0.3190607148941697
12,median,CN1C=CNC1=S,[6],[],0.31907628188951476
12,median,CCOC(=O)C(C(NC(C)c1ccccc1)C(=O)[O-])=C(C)[O-],"[18, 21, 7]","[{'functional_group': '2-methylbenzoic_acid', 'smiles_inds': [13]}]",0.31921906430783675
12,median,CN(C)CCNCCC(N)=O,"[10, 1, 5]",[],0.3192721079799772
12,median,CC(C)([CH2-])c1ccccc1N=Cc1cccc2cccnc12,"[10, 3, 20]",[],0.3193538283550825
12,median,Cc1ccc(cc1)N1C(=NN=C1c1ccncn1)c1ccccc1,"[7, 10]","[{'functional_group': 'phenyl', 'smiles_inds': [22]}]",0.31943045247595825
12,top,CC(C)=NNc1nc(NN=C(C)C)nc(NN=C(C)C)n1,"[3, 6, 9]","[{'functional_group': 'trifluro', 'smiles_inds': [19]}, {'functional_group': '2-hydroxypyridine', 'smiles_inds': [11]}]",0.9999757457041417
12,top,O=C(NC1COC(=O)C(COC(=O)C(COC1=O)NC(=O)c1ccc2cccnc2c1[O-])NC(=O)c1ccc2cccnc2c1[O-])c1ccc2cccnc2c1[O-],"[56, 42, 53, 28, 31, 45]","[{'functional_group': 'phosphonate', 'smiles_inds': [22]}]",0.9999770292578744
12,top,[nH+]1cc[nH+]c2c1c1cccnc1c1ncccc21,"[13, 10]","[{'functional_group': 'carboxylate', 'smiles_inds': [14]}, {'functional_group': 'aldehyde', 'smiles_inds': [16]}, {'functional_group': 'methyl', 'smiles_inds': [3]}, {'functional_group': 'carboxylate', 'smiles_inds': [15]}, {'functional_group': 'phenyl', 'smiles_inds': [2]}, {'functional_group': 'carboxyllic_acid', 'smiles_inds': [7]}, {'functional_group': 'amino', 'smiles_inds': [1]}, {'functional_group': 'amino', 'smiles_inds': [0]}]",0.9999779624189917
12,top,Oc1ccc2[N-]c3c4ncc(F)cc4c4C(=O)NC(=O)c4c3c2c1,"[5, 8]","[{'functional_group': 'carbonyl', 'smiles_inds': [0]}, {'functional_group': 'carboxylate', 'smiles_inds': [12]}]",0.999978188669598
12,top,[nH+]1cc[nH+]c2c1c1cccnc1c1ncccc21,"[13, 10]","[{'functional_group': 'carboxylate', 'smiles_inds': [14]}, {'functional_group': 'aldehyde', 'smiles_inds': [16]}, {'functional_group': 'methyl', 'smiles_inds': [3]}, {'functional_group': 'carboxylate', 'smiles_inds': [15]}, {'functional_group': 'phenyl', 'smiles_inds': [2]}, {'functional_group': 'carboxylate', 'smiles_inds': [8]}]",0.9999784215873653
12,top,Oc1ccc2[N-]c3c4ncc(F)cc4c4C(=O)NC(=O)c4c3c2c1,"[5, 8]","[{'functional_group': 'carbonyl', 'smiles_inds': [0]}, {'functional_group': 'ethyl', 'smiles_inds': [3]}, {'functional_group': 'carboxylate', 'smiles_inds': [23]}]",0.9999786525118572
12,top,[nH+]1cc[nH+]c2c1c1cccnc1c1ncccc21,"[13, 10]","[{'functional_group': 'carboxylate', 'smiles_inds': [14]}, {'functional_group': 'aldehyde', 'smiles_inds': [16]}, {'functional_group': 'amino', 'smiles_inds': [7]}, {'functional_group': 'amino', 'smiles_inds': [8]}, {'functional_group': 'aldehyde', 'smiles_inds': [15]}, {'functional_group': 'amino', 'smiles_inds': [2]}, {'functional_group': 'carboxylate', 'smiles_inds': [3]}]",0.9999794343358526
12,top,[nH+]1cc[nH+]c2c1c1cccnc1c1ncccc21,"[13, 10]","[{'functional_group': 'carboxylate', 'smiles_inds': [14]}, {'functional_group': 'aldehyde', 'smiles_inds': [16]}, {'functional_group': 'methyl', 'smiles_inds': [3]}, {'functional_group': 'carboxylate', 'smiles_inds': [15]}, {'functional_group': 'phenyl', 'smiles_inds': [2]}, {'functional_group': 'carboxyllic_acid', 'smiles_inds': [7]}, {'functional_group': 'iodo', 'smiles_inds': [9]}, {'functional_group': 'thiol', 'smiles_inds': [8]}]",0.9999800383262583
12,top,O=C(NCCN(CCNC(=O)C1=C([O-])C(=O)C=CO1)CCNC(=O)C1=C([O-])C(=O)C=CO1)C1=C([O-])C(=O)C=CO1,"[34, 36, 13, 15, 26, 28]","[{'functional_group': 'carboxyl', 'smiles_inds': [20]}, {'functional_group': 'thiol', 'smiles_inds': [17]}]",0.9999837066751376
12,top,[nH+]1cc[nH+]c2c1c1cccnc1c1ncccc21,"[13, 10]","[{'functional_group': 'carboxylate', 'smiles_inds': [14]}, {'functional_group': 'aldehyde', 'smiles_inds': [16]}, {'functional_group': 'amino', 'smiles_inds': [7]}, {'functional_group': 'amino', 'smiles_inds': [8]}, {'functional_group': 'aldehyde', 'smiles_inds': [15]}, {'functional_group': 'amino', 'smiles_inds': [2]}, {'functional_group': 'carboxylate', 'smiles_inds': [0]}]",0.9999846511813298
12,top,O=C(NCCN(CCNC(=O)C1=C([O-])C(=O)C=CO1)CCNC(=O)C1=C([O-])C(=O)C=CO1)C1=C([O-])C(=O)C=CO1,"[34, 36, 13, 15, 26, 28]",[],0.9999903294098134
12,top,[nH+]1cc[nH+]c2c1c1cccnc1c1ncccc21,"[13, 10]","[{'functional_group': 'carboxylate', 'smiles_inds': [14]}, {'functional_group': 'aldehyde', 'smiles_inds': [16]}, {'functional_group': 'methyl', 'smiles_inds': [3]}, {'functional_group': 'carboxylate', 'smiles_inds': [15]}, {'functional_group': 'phenyl', 'smiles_inds': [2]}, {'functional_group': 'carboxyllic_acid', 'smiles_inds': [7]}, {'functional_group': 'fluoro', 'smiles_inds': [1]}, {'functional_group': 'thiol', 'smiles_inds': [8]}]",0.9999912981151133
12,top,[nH+]1cc[nH+]c2c1c1cccnc1c1ncccc21,"[13, 10]","[{'functional_group': 'carboxylate', 'smiles_inds': [14]}, {'functional_group': 'aldehyde', 'smiles_inds': [16]}, {'functional_group': 'methyl', 'smiles_inds': [3]}, {'functional_group': 'carboxylate', 'smiles_inds': [15]}, {'functional_group': 'phenyl', 'smiles_inds': [2]}, {'functional_group': 'carboxyllic_acid', 'smiles_inds': [7]}, {'functional_group': 'aldehyde', 'smiles_inds': [8]}, {'functional_group': 'iodo', 'smiles_inds': [0]}]",0.9999915351537205
12,top,[nH+]1cc[nH+]c2c1c1cccnc1c1ncccc21,"[13, 10]","[{'functional_group': 'carboxylate', 'smiles_inds': [14]}, {'functional_group': 'aldehyde', 'smiles_inds': [16]}, {'functional_group': 'methyl', 'smiles_inds': [3]}, {'functional_group': 'carboxylate', 'smiles_inds': [15]}, {'functional_group': 'phenyl', 'smiles_inds': [2]}, {'functional_group': 'phenyl', 'smiles_inds': [1]}, {'functional_group': '2-hydroxypyridine', 'smiles_inds': [9]}, {'functional_group': 'cyano', 'smiles_inds': [7]}, {'functional_group': 'carboxylate', 'smiles_inds': [8]}]",0.9999916016289926
12,top,[nH+]1cc[nH+]c2c1c1cccnc1c1ncccc21,"[13, 10]","[{'functional_group': 'carboxylate', 'smiles_inds': [14]}, {'functional_group': 'aldehyde', 'smiles_inds': [16]}, {'functional_group': 'methyl', 'smiles_inds': [3]}, {'functional_group': 'carboxylate', 'smiles_inds': [15]}, {'functional_group': 'phenyl', 'smiles_inds': [2]}, {'functional_group': 'carboxylate', 'smiles_inds': [7]}]",0.9999941853383936
12,top,O=C(NCCN(CCNC(=O)C1=C([O-])C(=O)C=CO1)CCNC(=O)C1=C([O-])C(=O)C=CO1)C1=C([O-])C(=O)C=CO1,"[34, 36, 13, 15, 26, 28]","[{'functional_group': 'carboxyllic_acid', 'smiles_inds': [30]}, {'functional_group': 'amino', 'smiles_inds': [20]}]",0.9999947748262268
12,top,Cc1ccc([O-])c(CN2CCN(CCN(CC2)Cc2nc(C)ccc2[O-])Cc2nc(C)ccc2[O-])n1,"[5, 25, 34, 8, 14, 11]","[{'functional_group': 'carbonyl', 'smiles_inds': [13]}, {'functional_group': 'carboxylate', 'smiles_inds': [12]}]",0.9999977052333735
12,top,NC(=NN=C([O-])C(=NNC(=O)c1cccc(n1)C(=O)NN=C(C([O-])=NN=C(N)c1ccccn1)c1ccccc1)c1ccccc1)c1ccccn1,"[23, 5, 51, 2, 25, 33]","[{'functional_group': 'carboxyl', 'smiles_inds': [37]}, {'functional_group': 'chloro', 'smiles_inds': [38]}]",0.9999996644203304
12,top,NC(=NN=C([O-])C(=NNC(=O)c1cccc(n1)C(=O)NN=C(C([O-])=NN=C(N)c1ccccn1)c1ccccc1)c1ccccc1)c1ccccn1,"[23, 5, 51, 2, 25, 33]",[],0.9999996818604946
12,top,[nH+]1cc[nH+]c2c1c1cccnc1c1ncccc21,"[13, 10]","[{'functional_group': 'carboxylate', 'smiles_inds': [14]}, {'functional_group': 'aldehyde', 'smiles_inds': [16]}, {'functional_group': 'methyl', 'smiles_inds': [3]}, {'functional_group': 'carboxylate', 'smiles_inds': [15]}, {'functional_group': 'phenyl', 'smiles_inds': [2]}, {'functional_group': 'phenyl', 'smiles_inds': [1]}, {'functional_group': '2-hydroxypyridine', 'smiles_inds': [9]}, {'functional_group': 'carboxylate', 'smiles_inds': [8]}, {'functional_group': 'carboxylate', 'smiles_inds': [7]}]",0.9999997800312326
13,bottom,O=C1N2CN3C(=O)N4CN5C6C7N(CN8C(=O)N9CN%10C%11C%12N(CN%13C(=O)N%14CN1C1C2N2CN%15C(=O)N(CN6C(=O)N7CN6C(=O)N(CN%11C(=O)N%12CN7C(=O)N(CN1C2=O)C1%14CCCCC%1371)C19CCCCC861)C14CCCCC3%151)C%10=O)C5=O,"[36, 61]","[{'functional_group': 'iodo', 'smiles_inds': [70]}, {'functional_group': '2-hydroxypyridine', 'smiles_inds': [66]}]",5.160970099872456e-27
13,bottom,CP(CCP(C)c1c(cc(cc1C([Si](C)(C)C)[Si](C)(C)C)C([Si](C)(C)C)([Si](C)(C)C)[Si](C)(C)C)C([Si](C)(C)C)[Si](C)(C)C)c1c(cc(cc1C([Si](C)(C)C)[Si](C)(C)C)C([Si](C)(C)C)([Si](C)(C)C)[Si](C)(C)C)C([Si-](C)C)[Si](C)(C)C,"[4, 72, 1]","[{'functional_group': 'ethyl', 'smiles_inds': [56]}, {'functional_group': 'ethyl_ester', 'smiles_inds': [28]}]",8.56595032036541e-23
13,bottom,CCCCCC1c2cc3C(CCCCC)c4cc5C(CCCCC)c6cc7C(CCCCC)c8cc1c1OCOc2cc3OCOc4c(P(c2ccccc2)c2ccccc2)c5OCOc6cc7OCOc8c1OCc1cccc(COc2c3OCOc4cc5OCOc6c7cc8C(CCCCC)c9cc%10C(CCCCC)c(cc3C(CCCCC)c4cc5C7CCCCC)c2OCOc%10cc9OCOc8c6P(c2ccccc2)c2ccccc2)c1,"[48, 142]","[{'functional_group': 'cyano', 'smiles_inds': [30]}]",1.4022170031320089e-22
13,bottom,COC(=O)C(C)(C)NC(=O)C(NC(=O)C1(CCCCC1)NC(=O)C(C)(C)NC(=O)C1(CCCCC1)NC(=O)C(C)(C)NC(=O)c1ccc(nc1)c1ccc(cn1)C(=O)NC(C)(C)C(=O)NC1(CCCCC1)C(=O)NC(C)(C)C(=O)NC1(CCCCC1)C(=O)NC(C(C)C)C(=O)NC(C)(C)C(=O)OC)C(C)C,"[55, 48]",[],1.5000084677163676e-22
13,bottom,COC(=O)C(C)(C)NC(=O)C(NC(=O)C1(CCCCC1)NC(=O)C(C)(C)NC(=O)C1(CCCCC1)NC(=O)C(C)(C)NC(=O)c1ccc(nc1)c1ccc(cn1)C(=O)NC(C)(C)C(=O)NC1(CCCCC1)C(=O)NC(C)(C)C(=O)NC1(CCCCC1)C(=O)NC(C(C)C)C(=O)NC(C)(C)C(=O)OC)C(C)C,"[55, 48]","[{'functional_group': 'ketone', 'smiles_inds': [39]}]",2.428149528854145e-22
13,bottom,CC(C)(C)c1cc2c3cc(cc4c5cc(cc6c7cc(cc8c9cc(cc%10c%11cc(cc%12c(c1)c2c1c(c34)c(c56)c(c78)c(c9%10)c1c%11%12)C(C)(C)C)C(C)(C)C)C(C)(C)C)C(C)(C)C)P(c1cc2c3cc(cc4c5cc(cc6c7cc(cc8c9cc(cc%10c%11cc(cc%12c(c1)c2c1c(c34)c(c56)c(c78)c(c9%10)c1c%11%12)C(C)(C)C)C(C)(C)C)C(C)(C)C)C(C)(C)C)C(C)(C)C)c1cc2c3cc(cc4c5cc(cc6c7cc(cc8c9cc(cc%10c%11cc(cc%12c(c1)c2c1c(c34)c(c56)c(c78)c(c9%10)c1c%11%12)C(C)(C)C)C(C)(C)C)C(C)(C)C)C(C)(C)C)C(C)(C)C,[62],"[{'functional_group': 'amide', 'smiles_inds': [33]}]",8.124446202136002e-22
13,bottom,CC12N3CN4C5C6N(CN7C8C9N(CN%10C(=O)N%11CN%12C%13C%14N(CN%15C%16C%17N(CN(C3=O)C1(C)N1CN%17C(=O)N%16CN%14C(=O)N%13CN3C(=O)N(CN9C(=O)N8CN6C(=O)N5CN2C1=O)C%10(C)C%113C)C%15=O)C%12=O)C7=O)C4=O,"[71, 16, 73]",[],2.196606980862966e-21
13,bottom,C[Si](C)(C)C(c1cc(C([Si](C)(C)C)[Si](C)(C)C)c(Sc2ccccc2[Se]c2ccccc2[Se]c2ccccc2Sc2c(cc(cc2C([Si](C)(C)C)[Si](C)(C)C)C([Si](C)(C)C)[Si](C)(C)C)C([Si](C)(C)C)[Si](C)(C)C)c(c1)C([Si](C)(C)C)[Si](C)(C)C)[Si](C)(C)C,"[25, 32]","[{'functional_group': 'trifluro', 'smiles_inds': [21]}]",5.459438288898763e-19
13,bottom,C[Si](C)(C)C(c1cc(C([Si](C)(C)C)[Si](C)(C)C)c(Sc2ccccc2[Se]c2ccccc2[Se]c2ccccc2Sc2c(cc(cc2C([Si](C)(C)C)[Si](C)(C)C)C([Si](C)(C)C)[Si](C)(C)C)C([Si](C)(C)C)[Si](C)(C)C)c(c1)C([Si](C)(C)C)[Si](C)(C)C)[Si](C)(C)C,"[25, 32]",[],1.1728385997100934e-18
13,bottom,O=C1N2CN3C4C5N(CN6C7C8N(CN9C%10C%11N(CN%12C%13C%14N(CN%15C%16C%17N(CN1C1C2N2CN4C(=O)N5CN7C(=O)N8CN%10C(=O)N%11CN%13C(=O)N%14CN%16C(=O)N%17CN1C2=O)C%15=O)C%12=O)C9=O)C6=O)C3=O,"[65, 67, 69]","[{'functional_group': 'methyl_ester', 'smiles_inds': [21]}]",1.1027622026276616e-17
13,bottom,COc1c(cc(cc1C12CC3CC(CC(C3)C1)C2)P(c1cc(c(OC)c(c1)C12CC3CC(CC(C3)C1)C2)C12CC3CC(CC(C3)C1)C2)c1ccccc1CNc1cccc2CCC3(CCc4cccc(P(c5cc(cc(c5)C(C)(C)C)C(C)(C)C)c5cc(cc(c5)C(C)(C)C)C(C)(C)C)c34)c12)C12CC3CC(CC(C3)C1)C2,"[70, 18, 54]","[{'functional_group': 'hydroxyl', 'smiles_inds': [45]}, {'functional_group': 'ether', 'smiles_inds': [88]}]",3.2483423625184773e-16
13,bottom,C[Si](C)(C)C(c1cc(C([Si](C)(C)C)[Si](C)(C)C)c([Se]c2ccccc2[Se]c2ccccc2[Se]c2ccccc2[Se]c2c(cc(cc2C([Si](C)(C)C)[Si](C)(C)C)C([Si](C)(C)C)[Si](C)(C)C)C([Si](C)(C)C)[Si](C)(C)C)c(c1)C([Si](C)(C)C)[Si](C)(C)C)[Si](C)(C)C,"[25, 32]","[{'functional_group': 'bromo', 'smiles_inds': [68]}]",7.178905190016367e-16
13,bottom,CC(C)(C)C12P(CC=C)P3C4(P(CC=C)P1C1(P2C3(P41)C(C)(C)C)C(C)(C)C)C(C)(C)C,"[11, 5]","[{'functional_group': 'phenyl', 'smiles_inds': [6]}]",1.5569568340919198e-13
13,bottom,C[Si](O[Si]1(O[Si]2(O[Si](OP(c3ccccc3)c3ccccc3)(O[Si]3(O[Si](OP(c4ccccc4)c4ccccc4)(O[Si](O[Si](O3)(O2)C2CCCC2)(O1)C1CCCC1)C1CCCC1)C1CCCC1)C1CCCC1)C1CCCC1)C1CCCC1)(c1ccccc1)c1ccccc1,"[27, 9]","[{'functional_group': 'ethyl_ester', 'smiles_inds': [60]}, {'functional_group': 'iodo', 'smiles_inds': [65]}]",1.588397747274133e-13
13,bottom,CP(C)c1c(cc(cc1C([Si](C)(C)C)[Si](C)(C)C)C([Si](C)(C)C)([Si](C)(C)C)[Si](C)(C)C)C([Si](C)(C)C)[Si](C)(C)C,[1],"[{'functional_group': 'fluoro', 'smiles_inds': [30]}, {'functional_group': 'carboxyllic_acid', 'smiles_inds': [9]}]",6.882155584828007e-13
13,bottom,C[Si](C)(C)[Si]([P-]P1P2PP3P1P3P2[Si]([Si](C)(C)C)([Si](C)(C)C)[Si](C)(C)C)([Si](C)(C)C)[Si](C)(C)C,"[8, 5]","[{'functional_group': 'ethyl_ester', 'smiles_inds': [3]}, {'functional_group': 'ether', 'smiles_inds': [20]}]",7.049020272115791e-13
13,bottom,CC(C)(C)[Si](C)(C)N[Si]1(N([Si](C)(C)C(C)(C)C)[Si](N[Si](C)(C)C(C)(C)C)(N1[Si](C)(C)C(C)(C)C)c1ccccc1)c1ccccc1,"[18, 7]","[{'functional_group': 'ethyl', 'smiles_inds': [37]}]",1.102665781700308e-12
13,bottom,C[Si](C)(C)c1cc(cc(c1)[Si](C)(C)C)P(c1cc(cc(c1)[Si](C)(C)C)[Si](C)(C)C)c1ccccc1P(c1cc(cc(c1)[Si](C)(C)C)[Si](C)(C)C)c1cc(cc(c1)[Si](C)(C)C)[Si](C)(C)C,"[35, 14]","[{'functional_group': 'methyl_ester', 'smiles_inds': [11]}]",1.818527913004758e-12
13,bottom,CC(C)(C)[Si](C)(C)N[Si]1(N([Si](C)(C)C(C)(C)C)[Si](N[Si](C)(C)C(C)(C)C)(N1[Si](C)(C)C(C)(C)C)c1ccccc1)c1ccccc1,"[18, 7]",[],2.046711503335969e-12
13,bottom,CN(C)c1c(C)cc(cc1C)P(c1cc(C)c(N(C)C)c(C)c1)c1ccc2ccccc2c1c1c(ccc2ccccc12)P(c1cc(C)c(N(C)C)c(C)c1)c1cc(C)c(N(C)C)c(C)c1,"[11, 43]","[{'functional_group': 'iodo', 'smiles_inds': [13]}, {'functional_group': 'methyl_ester', 'smiles_inds': [29]}]",2.095111746115123e-12
13,median,CCN1C=C(C(=O)[O-])C(=O)c2cc(F)c(N3CC[NH2+]C(C)C3)c(F)c12,"[7, 9]","[{'functional_group': 'trifluro', 'smiles_inds': [19]}, {'functional_group': 'methyl_ester', 'smiles_inds': [0]}]",0.32430927308623164
13,median,Cc1ccc(cc1)N1C(=NN=C1c1ccccn1)c1ccc(C)cc1,"[7, 10]",[],0.32439128670161055
13,median,S=C(NN=Cc1ccc2ccccc2n1)N1CCCC1,"[0, 14, 3]","[{'functional_group': 'methyl_ester', 'smiles_inds': [16]}]",0.3244682703308339
13,median,CC(C)(C)C1=CC(=C([N-]1)c1ccccn1)C(F)(F)F,"[14, 8]","[{'functional_group': 'ether', 'smiles_inds': [10]}, {'functional_group': 'tribromo', 'smiles_inds': [12]}, {'functional_group': 'trifluro', 'smiles_inds': [3]}]",0.324469691290606
13,median,O=[S]c1cccc2cccc(c12)[S](=O)=O,"[12, 1]",[],0.32454409624285485
13,median,COc1cccc(C=Nc2ccccc2OC)n1,"[15, 17, 8]",[],0.3245597222494737
13,median,[O-]c1ccc2ccccc2c1C=Nc1ccccc1C1=Nc2ccccc2N1,"[20, 12, 0]",[],0.3245977436684375
13,median,Cc1cccc(C)c1[N-]Cc1cccc2cccnc12,"[18, 8]","[{'functional_group': 'tribromo', 'smiles_inds': [12]}, {'functional_group': 'ethyl_ester', 'smiles_inds': [11]}]",0.32462303912971496
13,median,CCOC(C)=O,[5],[],0.3247677958784175
13,median,[NH3+]CCNc1ccnc2c1ccc1c(NCCN)ccnc21,"[7, 20]","[{'functional_group': 'phenyl', 'smiles_inds': [5]}, {'functional_group': 'ethyl_ester', 'smiles_inds': [16]}]",0.3247690308372889
13,median,NNC(=O)OCc1ccccc1,[0],[],0.3247810783957199
13,median,Nc1ccc[nH+]c1c1[nH+]cccc1N,"[13, 0]","[{'functional_group': 'cyanimide', 'smiles_inds': [11]}]",0.32488040972064486
13,median,O=C(C=CC1=CN=C2C=CC=CN12)c1cccnc1,[12],"[{'functional_group': 'fluoro', 'smiles_inds': [16]}, {'functional_group': 'trifluro', 'smiles_inds': [15]}]",0.3249908305104567
13,median,CN(C)Cc1ccccc1[Se]Cc1ccccc1,"[10, 1]","[{'functional_group': 'aldehyde', 'smiles_inds': [17]}]",0.3250260639048019
13,median,[OH+]=C1C=CC(=N)C=C1,[5],"[{'functional_group': 'methyl_ester', 'smiles_inds': [6]}, {'functional_group': 'methyl', 'smiles_inds': [7]}]",0.32525767990358956
13,median,CC(=O)C(C)=[C-]c1ccccc1,"[2, 5]","[{'functional_group': 'chloro', 'smiles_inds': [0]}, {'functional_group': 'ether', 'smiles_inds': [7]}, {'functional_group': '2-hydroxypyridine', 'smiles_inds': [8]}]",0.3252849545915782
13,median,CC1=CC(=CC(=O)O1)C,[6],[],0.32532091232707827
13,median,O=C1C=Cc2cccc3cccc1c23,[0],[],0.3253331430967069
13,median,CC(C)(C)OC(=O)Nc1ccncc1,[11],[],0.32537734668594953
13,median,CN(C)CC1=[C-]Nc2ccccc12,"[1, 5]",[],0.32539298531823824
13,top,[nH+]1cc[nH+]c2c1c1cccnc1c1ncccc21,"[13, 10]","[{'functional_group': 'carboxylate', 'smiles_inds': [14]}, {'functional_group': 'aldehyde', 'smiles_inds': [16]}, {'functional_group': 'methyl', 'smiles_inds': [3]}, {'functional_group': 'carboxylate', 'smiles_inds': [15]}, {'functional_group': 'phenyl', 'smiles_inds': [2]}, {'functional_group': 'carboxyllic_acid', 'smiles_inds': [7]}, {'functional_group': 'trichloro', 'smiles_inds': [8]}]",0.999982525091198
13,top,[nH+]1cc[nH+]c2c1c1cccnc1c1ncccc21,"[13, 10]","[{'functional_group': 'carboxylate', 'smiles_inds': [14]}, {'functional_group': 'aldehyde', 'smiles_inds': [16]}, {'functional_group': 'methyl', 'smiles_inds': [3]}, {'functional_group': 'carboxylate', 'smiles_inds': [15]}, {'functional_group': 'phenyl', 'smiles_inds': [2]}, {'functional_group': 'carboxyllic_acid', 'smiles_inds': [7]}, {'functional_group': 'tribromo', 'smiles_inds': [8]}, {'functional_group': 'iodo', 'smiles_inds': [0]}]",0.9999826887645962
13,top,[nH+]1cc[nH+]c2c1c1cccnc1c1ncccc21,"[13, 10]","[{'functional_group': 'carboxylate', 'smiles_inds': [14]}, {'functional_group': 'aldehyde', 'smiles_inds': [16]}, {'functional_group': 'methyl', 'smiles_inds': [3]}, {'functional_group': 'carboxylate', 'smiles_inds': [15]}, {'functional_group': 'phenyl', 'smiles_inds': [2]}, {'functional_group': 'carboxyllic_acid', 'smiles_inds': [7]}, {'functional_group': 'cyano', 'smiles_inds': [0]}, {'functional_group': 'iodo', 'smiles_inds': [8]}]",0.9999828878292659
13,top,Oc1ccc2[N-]c3c4ncc(F)cc4c4C(=O)NC(=O)c4c3c2c1,"[5, 8]","[{'functional_group': 'iodo', 'smiles_inds': [3]}, {'functional_group': 'carboxylate', 'smiles_inds': [12]}]",0.9999840499664541
13,top,O=C(NCCN(CCNC(=O)C1=C([O-])C(=O)C=CO1)CCNC(=O)C1=C([O-])C(=O)C=CO1)C1=C([O-])C(=O)C=CO1,"[34, 36, 13, 15, 26, 28]",[],0.9999842073694054
13,top,[nH+]1cc[nH+]c2c1c1cccnc1c1ncccc21,"[13, 10]","[{'functional_group': 'carboxylate', 'smiles_inds': [14]}, {'functional_group': 'aldehyde', 'smiles_inds': [16]}, {'functional_group': 'methyl', 'smiles_inds': [3]}, {'functional_group': 'carboxylate', 'smiles_inds': [15]}, {'functional_group': 'phenyl', 'smiles_inds': [2]}, {'functional_group': 'carboxyllic_acid', 'smiles_inds': [7]}, {'functional_group': 'aldehyde', 'smiles_inds': [9]}, {'functional_group': 'iodo', 'smiles_inds': [1]}]",0.9999844409234518
13,top,[nH+]1cc[nH+]c2c1c1cccnc1c1ncccc21,"[13, 10]","[{'functional_group': 'carboxylate', 'smiles_inds': [14]}, {'functional_group': 'aldehyde', 'smiles_inds': [16]}, {'functional_group': 'amino', 'smiles_inds': [7]}, {'functional_group': 'amino', 'smiles_inds': [8]}, {'functional_group': 'aldehyde', 'smiles_inds': [15]}, {'functional_group': 'amino', 'smiles_inds': [2]}, {'functional_group': 'methyl', 'smiles_inds': [0]}, {'functional_group': 'carboxylate', 'smiles_inds': [9]}, {'functional_group': 'chloro', 'smiles_inds': [3]}]",0.999985930693588
13,top,[nH+]1cc[nH+]c2c1c1cccnc1c1ncccc21,"[13, 10]","[{'functional_group': 'carboxylate', 'smiles_inds': [14]}, {'functional_group': 'aldehyde', 'smiles_inds': [16]}, {'functional_group': 'amino', 'smiles_inds': [7]}, {'functional_group': 'amino', 'smiles_inds': [8]}, {'functional_group': 'aldehyde', 'smiles_inds': [15]}, {'functional_group': 'amino', 'smiles_inds': [2]}, {'functional_group': 'methyl', 'smiles_inds': [0]}, {'functional_group': 'carboxylate', 'smiles_inds': [9]}]",0.9999872422457537
13,top,[nH+]1cc[nH+]c2c1c1cccnc1c1ncccc21,"[13, 10]","[{'functional_group': 'carboxylate', 'smiles_inds': [14]}, {'functional_group': 'aldehyde', 'smiles_inds': [16]}, {'functional_group': 'methyl', 'smiles_inds': [3]}, {'functional_group': 'carboxylate', 'smiles_inds': [15]}, {'functional_group': 'phenyl', 'smiles_inds': [2]}, {'functional_group': 'carboxyllic_acid', 'smiles_inds': [7]}, {'functional_group': 'ether', 'smiles_inds': [8]}]",0.9999896729828069
13,top,O=C1C(=C(CN2CCOCC2)C=C(CN2CCOCC2)C=C1CN1CCOCC1)[O-],"[29, 0]","[{'functional_group': 'phosphonate', 'smiles_inds': [20]}]",0.9999902741315942
13,top,O=C(NCCN(CCNC(=O)C1=C([O-])C(=O)C=CO1)CCNC(=O)C1=C([O-])C(=O)C=CO1)C1=C([O-])C(=O)C=CO1,"[34, 36, 13, 15, 26, 28]","[{'functional_group': 'thiol', 'smiles_inds': [17]}, {'functional_group': 'fluoro', 'smiles_inds': [7]}]",0.9999902901884946
13,top,[nH+]1cc[nH+]c2c1c1cccnc1c1ncccc21,"[13, 10]","[{'functional_group': 'carboxylate', 'smiles_inds': [14]}, {'functional_group': 'aldehyde', 'smiles_inds': [16]}, {'functional_group': 'amino', 'smiles_inds': [7]}, {'functional_group': 'amino', 'smiles_inds': [8]}, {'functional_group': 'aldehyde', 'smiles_inds': [15]}, {'functional_group': 'amino', 'smiles_inds': [2]}, {'functional_group': 'carboxylate', 'smiles_inds': [9]}]",0.999990872324915
13,top,NC(=NN=C([O-])c1cc(Cl)cc(n1)C([O-])=NN=C(N)c1ccccn1)c1ccccn1,"[12, 5, 14]","[{'functional_group': 'fluoro', 'smiles_inds': [29]}, {'functional_group': 'amino', 'smiles_inds': [0]}]",0.9999927902895577
13,top,[nH+]1cc[nH+]c2c1c1cccnc1c1ncccc21,"[13, 10]","[{'functional_group': 'carboxylate', 'smiles_inds': [14]}, {'functional_group': 'aldehyde', 'smiles_inds': [16]}, {'functional_group': 'methyl', 'smiles_inds': [3]}, {'functional_group': 'carboxylate', 'smiles_inds': [15]}, {'functional_group': 'phenyl', 'smiles_inds': [2]}, {'functional_group': 'carboxylate', 'smiles_inds': [8]}, {'functional_group': 'aldehyde', 'smiles_inds': [0]}]",0.9999928123903313
13,top,[nH+]1cc[nH+]c2c1c1cccnc1c1ncccc21,"[13, 10]","[{'functional_group': 'carboxylate', 'smiles_inds': [14]}, {'functional_group': 'aldehyde', 'smiles_inds': [16]}, {'functional_group': 'methyl', 'smiles_inds': [3]}, {'functional_group': 'carboxylate', 'smiles_inds': [15]}, {'functional_group': 'phenyl', 'smiles_inds': [2]}, {'functional_group': 'carboxyllic_acid', 'smiles_inds': [7]}, {'functional_group': 'thiol', 'smiles_inds': [8]}, {'functional_group': 'amino', 'smiles_inds': [1]}]",0.9999929462308701
13,top,[nH+]1cc[nH+]c2c1c1cccnc1c1ncccc21,"[13, 10]","[{'functional_group': 'carboxylate', 'smiles_inds': [14]}, {'functional_group': 'aldehyde', 'smiles_inds': [16]}, {'functional_group': 'methyl', 'smiles_inds': [3]}, {'functional_group': 'carboxylate', 'smiles_inds': [15]}, {'functional_group': 'phenyl', 'smiles_inds': [2]}, {'functional_group': 'carboxyllic_acid', 'smiles_inds': [7]}, {'functional_group': 'tribromo', 'smiles_inds': [8]}, {'functional_group': 'carboxylate', 'smiles_inds': [0]}]",0.999994066541329
13,top,[nH+]1cc[nH+]c2c1c1cccnc1c1ncccc21,"[13, 10]","[{'functional_group': 'carboxylate', 'smiles_inds': [14]}, {'functional_group': 'aldehyde', 'smiles_inds': [16]}, {'functional_group': 'methyl', 'smiles_inds': [3]}, {'functional_group': 'carboxylate', 'smiles_inds': [15]}, {'functional_group': 'phenyl', 'smiles_inds': [2]}, {'functional_group': 'carboxyllic_acid', 'smiles_inds': [7]}, {'functional_group': 'aldehyde', 'smiles_inds': [8]}]",0.9999944648184527
13,top,[nH+]1cc[nH+]c2c1c1cccnc1c1ncccc21,"[13, 10]","[{'functional_group': 'carboxylate', 'smiles_inds': [14]}, {'functional_group': 'aldehyde', 'smiles_inds': [16]}, {'functional_group': 'methyl', 'smiles_inds': [3]}, {'functional_group': 'carboxylate', 'smiles_inds': [15]}, {'functional_group': 'phenyl', 'smiles_inds': [2]}, {'functional_group': 'carboxylate', 'smiles_inds': [7]}]",0.9999967006095241
13,top,[nH+]1cc[nH+]c2c1c1cccnc1c1ncccc21,"[13, 10]","[{'functional_group': 'carboxylate', 'smiles_inds': [14]}, {'functional_group': 'aldehyde', 'smiles_inds': [16]}, {'functional_group': 'methyl', 'smiles_inds': [3]}, {'functional_group': 'carboxylate', 'smiles_inds': [15]}, {'functional_group': 'phenyl', 'smiles_inds': [2]}, {'functional_group': 'carboxyllic_acid', 'smiles_inds': [7]}, {'functional_group': 'carboxylate', 'smiles_inds': [8]}]",0.9999982945729414
13,top,NC(=NN=C([O-])C(=NNC(=O)c1cccc(n1)C(=O)NN=C(C([O-])=NN=C(N)c1ccccn1)c1ccccc1)c1ccccc1)c1ccccn1,"[23, 5, 51, 2, 25, 33]",[],0.9999997298364814
14,bottom,O=C1N2CN3C(=O)N4CN5C(=O)N6CN7C(=O)N8CN9C(=O)N%10CN%11C(=O)N%12CN1C1%13CCCC21N1CN2C(=O)N(CN%14C(=O)N(CN%15C(=O)N(CN%16C(=O)N(CN%17C(=O)N(CN%13C1=O)C1%12CCCC%11%171)C1%10CCCC9%161)C18CCCC7%151)C16CCCC5%141)C14CCCC321,"[54, 59]","[{'functional_group': 'thiol', 'smiles_inds': [72]}]",2.3347614961580233e-35
14,bottom,O=C1N2CN3C(=O)N4CN5C(=O)N6CN7C(=O)N8CN9C(=O)N%10CN1C1%11CCCC21N1CN2C(=O)N(CN%12C(=O)N(CN%13C(=O)N(CN%14C(=O)N(CN%11C1=O)C1%10CCCC9%141)C18CCCC7%131)C16CCCC5%121)C14CCCC321,"[0, 6]","[{'functional_group': 'ethyl_ester', 'smiles_inds': [71]}]",2.182825038138224e-29
14,bottom,O=C1N2CN3C(=O)N4CN5C(=O)N6CN7C(=O)N8CN9C(=O)N%10CN1C1%11CCCC21N1CN2C(=O)N(CN%12C(=O)N(CN%13C(=O)N(CN%14C(=O)N(CN%11C1=O)C1%10CCCC9%141)C18CCCC7%131)C16CCCC5%121)C14CCCC321,"[0, 6]","[{'functional_group': 'phosphonate', 'smiles_inds': [68]}]",2.191581120177726e-28
14,bottom,C[Si](C)(C)c1cc(cc(c1)[Si](C#CP(C#C[Si](c1cc(cc(c1)[Si](C)(C)C)[Si](C)(C)C)(c1cc(cc(c1)[Si](C)(C)C)[Si](C)(C)C)c1cc(cc(c1)[Si](C)(C)C)[Si](C)(C)C)C#C[Si](c1cc(cc(c1)[Si](C)(C)C)[Si](C)(C)C)(c1cc(cc(c1)[Si](C)(C)C)[Si](C)(C)C)c1cc(cc(c1)[Si](C)(C)C)[Si](C)(C)C)(c1cc(cc(c1)[Si](C)(C)C)[Si](C)(C)C)c1cc(cc(c1)[Si](C)(C)C)[Si](C)(C)C)[Si](C)(C)C,[13],"[{'functional_group': 'thiol', 'smiles_inds': [93]}, {'functional_group': 'trichloro', 'smiles_inds': [74]}]",3.6123389215461625e-23
14,bottom,C[Si](C)(C)C(c1cc(C([Si](C)(C)C)[Si](C)(C)C)c(Sc2ccccc2Sc2ccccc2Sc2ccccc2Sc2c(cc(cc2C([Si](C)(C)C)[Si](C)(C)C)C([Si](C)(C)C)[Si](C)(C)C)C([Si](C)(C)C)[Si](C)(C)C)c(c1)C([Si](C)(C)C)[Si](C)(C)C)[Si](C)(C)C,"[25, 32]","[{'functional_group': 'carboxyl', 'smiles_inds': [55]}]",1.5815771519406644e-22
14,bottom,C[Si](C)(C)C(c1cc(C([Si](C)(C)C)[Si](C)(C)C)c(Sc2ccccc2Sc2ccccc2Sc2ccccc2Sc2c(cc(cc2C([Si](C)(C)C)[Si](C)(C)C)C([Si](C)(C)C)[Si](C)(C)C)C([Si](C)(C)C)[Si](C)(C)C)c(c1)C([Si](C)(C)C)[Si](C)(C)C)[Si](C)(C)C,"[25, 32]","[{'functional_group': 'ketone', 'smiles_inds': [35]}, {'functional_group': 'carboxyllic_acid', 'smiles_inds': [6]}]",2.886128930746175e-22
14,bottom,CCC(C)C1NC(=O)C(C)NC(=O)C(CSSCC2NC(=O)C(CCC(N)=O)NC(=O)C(C)NC(=O)C3CCCN3C(=O)C(CCC(O)=O)NC(=O)CNC(=O)C(C)NC(=O)C(CCCNC(N)=N)NC(=O)C(CSSCC(NC(=O)C(CC(N)=O)NC2=O)C(O)=O)NC(=O)C(CC2=CN=CN2)NC1=O)NC(=O)C(CC1=CN=CN1)NC(=O)C(CC(C)C)NC(=O)C(CC(O)=O)NC(C)=O,"[112, 99]","[{'functional_group': 'hydroxyl', 'smiles_inds': [86]}, {'functional_group': 'carboxyl', 'smiles_inds': [131]}]",6.902035273603346e-22
14,bottom,CCC(C)C1NC(=O)C(C)NC(=O)C(CSSCC2NC(=O)C(CCC(N)=O)NC(=O)C(C)NC(=O)C3CCCN3C(=O)C(CCC(O)=O)NC(=O)CNC(=O)C(C)NC(=O)C(CCCNC(N)=N)NC(=O)C(CSSCC(NC(=O)C(CC(N)=O)NC2=O)C(O)=O)NC(=O)C(CC2=CN=CN2)NC1=O)NC(=O)C(CC1=CN=CN1)NC(=O)C(CC(C)C)NC(=O)C(CC(O)=O)NC(C)=O,"[112, 99]","[{'functional_group': 'methyl', 'smiles_inds': [121]}, {'functional_group': 'fluoro', 'smiles_inds': [86]}]",6.2474956213469485e-21
14,bottom,CCC(C)C1NC(=O)C(C)NC(=O)C(CSSCC2NC(=O)C(CCC(N)=O)NC(=O)C(C)NC(=O)C3CCCN3C(=O)C(CCC(O)=O)NC(=O)CNC(=O)C(C)NC(=O)C(CCCNC(N)=N)NC(=O)C(CSSCC(NC(=O)C(CC(N)=O)NC2=O)C(O)=O)NC(=O)C(CC2=CN=CN2)NC1=O)NC(=O)C(CC1=CN=CN1)NC(=O)C(CC(C)C)NC(=O)C(CC(O)=O)NC(C)=O,"[112, 99]","[{'functional_group': '2-hydroxypyridine', 'smiles_inds': [49]}]",6.360027239431061e-21
14,bottom,O=C1N2CN3C4C5N(CN6C7C8N(CN9C%10C%11N(CN%12C%13C%14N(CN%15C%16C%17N(CN%18C%19C%20N(CN1C1C2N2CN4C(=O)N5CN7C(=O)N8CN%10C(=O)N%11CN%13C(=O)N%14CN%16C(=O)N%17CN%19C(=O)N%20CN1C2=O)C%18=O)C%15=O)C%12=O)C9=O)C6=O)C3=O,"[0, 73]","[{'functional_group': 'aldehyde', 'smiles_inds': [11]}, {'functional_group': 'carboxyl', 'smiles_inds': [25]}, {'functional_group': 'hydroxyl', 'smiles_inds': [3]}]",3.618689648620315e-20
14,bottom,CC(C)CC1NC(=O)C2(CCC(=O)NC(CC(O)=O)C(=O)NC(CC3=CNc4ccccc34)C(=O)N2)CSCC(NC(=O)C(CCC(O)=O)NC(=O)C(CC2=CNc3ccccc23)NC1=O)C(=O)NC1CSSCC(NC(=O)C2CSCC3(CC(NC1=O)C(=O)NC(C(C)O)C(=O)NCC(=O)N3)C(=O)NC(CC(C)C)C(=O)NC(Cc1ccccc1)C(=O)NC(C)C(=O)N2)C(O)=O,"[77, 87]","[{'functional_group': 'phosphonate', 'smiles_inds': [53]}]",1.322220379652498e-18
14,bottom,C[Si](C)(C)C(c1cc(C([Si](C)(C)C)[Si](C)(C)C)c(Sc2ccccc2[Se]c2ccccc2[Se]c2ccccc2Sc2c(cc(cc2C([Si](C)(C)C)[Si](C)(C)C)C([Si](C)(C)C)[Si](C)(C)C)C([Si](C)(C)C)[Si](C)(C)C)c(c1)C([Si](C)(C)C)[Si](C)(C)C)[Si](C)(C)C,"[25, 32]","[{'functional_group': 'iodo', 'smiles_inds': [57]}]",5.817773278681997e-18
14,bottom,COc1c(cc(cc1C12CC3CC(CC(C3)C1)C2)P(c1cc(c(OC)c(c1)C12CC3CC(CC(C3)C1)C2)C12CC3CC(CC(C3)C1)C2)c1ccccc1CNc1cccc2CCC3(CCc4cccc(P(c5cc(cc(c5)C(C)(C)C)C(C)(C)C)c5cc(cc(c5)C(C)(C)C)C(C)(C)C)c34)c12)C12CC3CC(CC(C3)C1)C2,"[70, 18, 54]","[{'functional_group': 'thiol', 'smiles_inds': [103]}]",7.76309351910695e-18
14,bottom,CC(C)c1cccc(C(C)C)c1c1cc(NCCN(CCNc2cc(cc(c2)c2c(cccc2C(C)C)C(C)C)c2c(cccc2C(C)C)C(C)C)CCNc2cc(cc(c2)c2c(cccc2C(C)C)C(C)C)c2c(cccc2C(C)C)C(C)C)cc(c1)c1c(cccc1C(C)C)C(C)C,"[18, 15, 21]","[{'functional_group': 'trichloro', 'smiles_inds': [10]}]",4.959751422152009e-15
14,bottom,N=P(c1ccccc1c1cc(cc(c1)c1ccccc1P(=[N-])(C12CC3CC(CC(C3)C1)C2)C12CC3CC(CC(C3)C1)C2)c1ccccc1P(=[N-])(C12CC3CC(CC(C3)C1)C2)C12CC3CC(CC(C3)C1)C2)(C12CC3CC(CC(C3)C1)C2)C12CC3CC(CC(C3)C1)C2,"[0, 21, 49]","[{'functional_group': 'ethyl_ester', 'smiles_inds': [72]}]",5.67513841211683e-15
14,bottom,C1C(CC(CC1N=CC=Cc1cccc(c1)N1C(=CC=C1c1ccccc1)c1ccccc1)N=CC=Cc1cccc(c1)N1C(=CC=C1c1ccccc1)c1ccccc1)N=CC=Cc1cccc(c1)N1C(=CC=C1c1ccccc1)c1ccccc1,"[6, 33, 60]","[{'functional_group': 'ethyl', 'smiles_inds': [7]}, {'functional_group': 'bromo', 'smiles_inds': [18]}]",1.5822344047864334e-14
14,bottom,Cc1cc(C(c2ccc(cc2)C2CCCCC2)c2ccc(cc2)C2CCCCC2)c(N=C(C)C(C)=Nc2c(cc(C)cc2C(c2ccc(cc2)C2CCCCC2)c2ccc(cc2)C2CCCCC2)C(c2ccc(cc2)C2CCCCC2)c2ccc(cc2)C2CCCCC2)c(c1)C(c1ccc(cc1)C1CCCCC1)c1ccc(cc1)C1CCCCC1,"[30, 35]","[{'functional_group': 'trifluro', 'smiles_inds': [21]}]",1.946748142232512e-14
14,bottom,CC(C)c1cccc(C(C)C)c1c1cc(NCCN(CCNc2cc(cc(c2)c2c(cccc2C(C)C)C(C)C)c2c(cccc2C(C)C)C(C)C)CCNc2cc(cc(c2)c2c(cccc2C(C)C)C(C)C)c2c(cccc2C(C)C)C(C)C)cc(c1)c1c(cccc1C(C)C)C(C)C,"[18, 15, 21]","[{'functional_group': 'carboxylate', 'smiles_inds': [19]}]",2.5315645243491162e-14
14,bottom,CC(C)C1NC(=O)C2CCCN2C(=O)C(NC(=O)C2CCCN2C(=O)C(NC(=O)C2CCCN2C(=O)C(NC(=O)C2CCCN2C(=O)C(NC(=O)C2CCCN2C(=O)C(NC(=O)C2CCCN2C1=O)C(C)C)C(C)C)C(C)C)C(C)C)C(C)C,"[13, 68, 35, 24, 46, 57]","[{'functional_group': 'aldehyde', 'smiles_inds': [40]}, {'functional_group': 'thiol', 'smiles_inds': [58]}]",2.7622589790892576e-14
14,bottom,C1C(CC(CC1N=CC=Cc1cccc(c1)N1C(=CC=C1c1ccccc1)c1ccccc1)N=CC=Cc1cccc(c1)N1C(=CC=C1c1ccccc1)c1ccccc1)N=CC=Cc1cccc(c1)N1C(=CC=C1c1ccccc1)c1ccccc1,"[6, 33, 60]",[],3.803495412481512e-14
14,median,OC(CN=Cc1ccccc1[O-])c1ccccc1,"[3, 11, 0]",[],0.3192557499969697
14,median,Fc1ccc(cc1F)N=Cc1cccc(C=Nc2ccc(F)c(F)c2)n1,"[25, 8, 16]","[{'functional_group': 'trifluro', 'smiles_inds': [15]}]",0.31927113489378095
14,median,O=N(=O)c1ccc(NC([S-])=N[N-]c2[nH+]cccc2)cc1,"[9, 11]","[{'functional_group': 'methyl', 'smiles_inds': [15]}, {'functional_group': '2-methylbenzoic_acid', 'smiles_inds': [4]}]",0.31935600643226675
14,median,CN(C)Cc1cc(I)cc(CN(C)C)[c-]1,"[1, 11, 14]","[{'functional_group': 'cyano', 'smiles_inds': [3]}, {'functional_group': 'methyl', 'smiles_inds': [5]}]",0.3193866399800549
14,median,Nc1ccccc1c1cccc[c-]1,"[0, 12]","[{'functional_group': 'methyl_ester', 'smiles_inds': [4]}]",0.3193954370572013
14,median,CC(N=C1C2CCC(C)(C1=O)C2(C)C)c1ccccc1,[2],[],0.31941277270158314
14,median,c1ccc(cc1)N=Cc1ccncc1,[11],[],0.31945146181545087
14,median,CC(C)N1C=Nc2ccccc12,[5],[],0.3194904424472222
14,median,S1C=CC=C1C=Nc1ccccc1,[6],[],0.3195910746961471
14,median,N1C=[NH+]c2c1c1cccnc1c1ncccc21,"[9, 12]","[{'functional_group': 'carboxylate', 'smiles_inds': [13]}, {'functional_group': 'aldehyde', 'smiles_inds': [1]}, {'functional_group': 'amide', 'smiles_inds': [7]}]",0.3196183306775809
14,median,CCOP(=O)(OCC)c1cc(nc(c1)c1ccccn1)c1ccccn1,"[11, 19, 25]","[{'functional_group': 'bromo', 'smiles_inds': [0]}]",0.31970448502406973
14,median,C1Oc2ccc(cc2O1)C1=NC(=NN1)c1ccccn1,"[19, 10]","[{'functional_group': 'trifluro', 'smiles_inds': [13]}, {'functional_group': 'methyl_ester', 'smiles_inds': [16]}]",0.3198331345240297
14,median,OC(=O)c1cc(C(O)=O)c(cc1C(O)=O)C(O)=O,[0],"[{'functional_group': 'fluoro', 'smiles_inds': [4]}]",0.3198383627715205
14,median,COc1cccc(c1)C(F)(c1ccccn1)c1ccccn1,"[15, 21]",[],0.3198839236769553
14,median,Fc1cc2C(=O)C(=CN(C3CC3)c2cc1N1CC[NH2+]CC1)C(=O)[O-],"[23, 5]","[{'functional_group': 'tribromo', 'smiles_inds': [2]}, {'functional_group': 'phosphonate', 'smiles_inds': [10]}, {'functional_group': 'ketone', 'smiles_inds': [7]}, {'functional_group': 'carboxyllic_acid', 'smiles_inds': [9]}]",0.32001277577115267
14,median,CCN1C=CN(CC)C1=S,[9],[],0.3200531297632391
14,median,Ic1ccc(cc1)C(=O)Nc1ccncc1,[13],"[{'functional_group': 'ethyl_ester', 'smiles_inds': [12]}]",0.320140303503151
14,median,C(N=C(c1ccccc1)c1cccc[c-]1)c1ccccc1,"[1, 14]","[{'functional_group': '2-methylbenzoic_acid', 'smiles_inds': [17]}, {'functional_group': 'hydroxyl', 'smiles_inds': [18]}]",0.32020950842969054
14,median,CCCC(O)C(CCC)=NO,"[4, 9]",[],0.32026534854856226
14,median,CS(=O)(=O)[N-]c1ccccc1N=Nc1ccccc1[N-]S(C)(=O)=O,"[12, 19, 4]","[{'functional_group': 'ether', 'smiles_inds': [14]}, {'functional_group': 'amino', 'smiles_inds': [21]}, {'functional_group': 'trifluro', 'smiles_inds': [0]}]",0.3203091448676336
14,top,[nH+]1cc[nH+]c2c1c1cccnc1c1ncccc21,"[13, 10]","[{'functional_group': 'carboxylate', 'smiles_inds': [14]}, {'functional_group': 'aldehyde', 'smiles_inds': [16]}, {'functional_group': 'methyl', 'smiles_inds': [3]}, {'functional_group': 'carboxylate', 'smiles_inds': [15]}, {'functional_group': 'phenyl', 'smiles_inds': [2]}, {'functional_group': 'carboxyllic_acid', 'smiles_inds': [7]}, {'functional_group': 'carboxyllic_acid', 'smiles_inds': [8]}, {'functional_group': 'bromo', 'smiles_inds': [0]}]",0.9999704200143786
14,top,[nH+]1cc[nH+]c2c1c1cccnc1c1ncccc21,"[13, 10]","[{'functional_group': 'carboxylate', 'smiles_inds': [14]}, {'functional_group': 'aldehyde', 'smiles_inds': [16]}, {'functional_group': 'amino', 'smiles_inds': [7]}, {'functional_group': 'amino', 'smiles_inds': [8]}, {'functional_group': 'aldehyde', 'smiles_inds': [15]}, {'functional_group': 'amino', 'smiles_inds': [2]}, {'functional_group': 'methyl', 'smiles_inds': [0]}, {'functional_group': 'methyl', 'smiles_inds': [3]}, {'functional_group': 'carboxylate', 'smiles_inds': [9]}]",0.9999706998404377
14,top,[nH+]1cc[nH+]c2c1c1cccnc1c1ncccc21,"[13, 10]","[{'functional_group': 'carboxylate', 'smiles_inds': [14]}, {'functional_group': 'aldehyde', 'smiles_inds': [16]}, {'functional_group': 'methyl', 'smiles_inds': [3]}, {'functional_group': 'carboxylate', 'smiles_inds': [15]}, {'functional_group': 'phenyl', 'smiles_inds': [2]}, {'functional_group': 'carboxyllic_acid', 'smiles_inds': [7]}, {'functional_group': 'aldehyde', 'smiles_inds': [9]}]",0.9999707101426893
14,top,[nH+]1cc[nH+]c2c1c1cccnc1c1ncccc21,"[13, 10]","[{'functional_group': 'carboxylate', 'smiles_inds': [14]}, {'functional_group': 'aldehyde', 'smiles_inds': [16]}, {'functional_group': 'methyl', 'smiles_inds': [3]}, {'functional_group': 'carboxylate', 'smiles_inds': [15]}, {'functional_group': 'phenyl', 'smiles_inds': [2]}, {'functional_group': 'carboxyllic_acid', 'smiles_inds': [7]}, {'functional_group': 'methyl', 'smiles_inds': [8]}]",0.9999708019072789
14,top,O=C([O-])c1ccc([O-])c(C=NCc2ccccn2)c1,"[7, 10, 17]","[{'functional_group': 'carboxylate', 'smiles_inds': [13]}, {'functional_group': 'iodo', 'smiles_inds': [16]}, {'functional_group': 'carboxylate', 'smiles_inds': [18]}]",0.9999715137907369
14,top,[nH+]1cc[nH+]c2c1c1cccnc1c1ncccc21,"[13, 10]","[{'functional_group': 'carboxylate', 'smiles_inds': [14]}, {'functional_group': 'aldehyde', 'smiles_inds': [16]}, {'functional_group': 'methyl', 'smiles_inds': [3]}, {'functional_group': 'carboxylate', 'smiles_inds': [15]}, {'functional_group': 'phenyl', 'smiles_inds': [2]}, {'functional_group': 'carboxyllic_acid', 'smiles_inds': [7]}, {'functional_group': 'carbonyl', 'smiles_inds': [0]}, {'functional_group': 'ethyl', 'smiles_inds': [8]}, {'functional_group': 'carboxylate', 'smiles_inds': [1]}]",0.9999723940296779
14,top,[nH+]1cc[nH+]c2c1c1cccnc1c1ncccc21,"[13, 10]","[{'functional_group': 'carboxylate', 'smiles_inds': [14]}, {'functional_group': 'aldehyde', 'smiles_inds': [16]}, {'functional_group': 'amino', 'smiles_inds': [7]}, {'functional_group': 'amino', 'smiles_inds': [8]}, {'functional_group': 'aldehyde', 'smiles_inds': [15]}, {'functional_group': 'amino', 'smiles_inds': [2]}, {'functional_group': 'methyl', 'smiles_inds': [0]}, {'functional_group': 'methyl', 'smiles_inds': [3]}, {'functional_group': 'amino', 'smiles_inds': [1]}, {'functional_group': 'aldehyde', 'smiles_inds': [9]}]",0.9999730978025363
14,top,[nH+]1cc[nH+]c2c1c1cccnc1c1ncccc21,"[13, 10]","[{'functional_group': 'carboxylate', 'smiles_inds': [14]}, {'functional_group': 'aldehyde', 'smiles_inds': [16]}, {'functional_group': 'methyl', 'smiles_inds': [3]}, {'functional_group': 'carboxylate', 'smiles_inds': [15]}, {'functional_group': 'phenyl', 'smiles_inds': [2]}, {'functional_group': 'carboxyllic_acid', 'smiles_inds': [7]}, {'functional_group': 'amino', 'smiles_inds': [1]}]",0.9999752263883555
14,top,CC(SCC(C)(CN)CN)C(C)SCC(C)(CN)CN,"[2, 12, 7, 9, 19, 17]","[{'functional_group': 'amino', 'smiles_inds': [8]}, {'functional_group': 'thiol', 'smiles_inds': [5]}]",0.9999781641392893
14,top,O=C1c2ccccc2OC=C1c1ncc2c(Oc3ccccc3C2=O)n1,"[0, 12]",[],0.9999785229526168
14,top,[nH+]1cc[nH+]c2c1c1cccnc1c1ncccc21,"[13, 10]","[{'functional_group': 'carboxylate', 'smiles_inds': [14]}, {'functional_group': 'aldehyde', 'smiles_inds': [16]}, {'functional_group': 'methyl', 'smiles_inds': [3]}, {'functional_group': 'carboxylate', 'smiles_inds': [15]}, {'functional_group': 'phenyl', 'smiles_inds': [2]}, {'functional_group': 'aldehyde', 'smiles_inds': [7]}, {'functional_group': 'thiol', 'smiles_inds': [0]}]",0.9999825746044261
14,top,[nH+]1cc[nH+]c2c1c1cccnc1c1ncccc21,"[13, 10]","[{'functional_group': 'carboxylate', 'smiles_inds': [14]}, {'functional_group': 'aldehyde', 'smiles_inds': [16]}, {'functional_group': 'methyl', 'smiles_inds': [3]}, {'functional_group': 'carboxylate', 'smiles_inds': [15]}, {'functional_group': 'phenyl', 'smiles_inds': [2]}, {'functional_group': 'carboxyllic_acid', 'smiles_inds': [7]}, {'functional_group': 'iodo', 'smiles_inds': [1]}, {'functional_group': 'chloro', 'smiles_inds': [8]}]",0.99998403805501
14,top,O=C(NCCN(CCNC(=O)C1=C([O-])C(=O)C=CO1)CCNC(=O)C1=C([O-])C(=O)C=CO1)C1=C([O-])C(=O)C=CO1,"[34, 36, 13, 15, 26, 28]","[{'functional_group': 'hydroxyl', 'smiles_inds': [29]}, {'functional_group': 'trichloro', 'smiles_inds': [3]}]",0.999985503709548
14,top,O=C(NC1COC(=O)C(COC(=O)C(COC1=O)NC(=O)c1ccc2cccnc2c1[O-])NC(=O)c1ccc2cccnc2c1[O-])c1ccc2cccnc2c1[O-],"[56, 42, 53, 28, 31, 45]","[{'functional_group': 'amino', 'smiles_inds': [40]}]",0.9999875819619133
14,top,O=C([O-])c1cccc(C=[NH+]CCN(CC[NH+]=Cc2cccc(C(=O)[O-])c2[O-])CC[NH+]=Cc2cccc(C(=O)[O-])c2[O-])c1[O-],"[26, 40, 2, 42, 24, 38]",[],0.9999880851284323
14,top,[nH+]1cc[nH+]c2c1c1cccnc1c1ncccc21,"[13, 10]","[{'functional_group': 'carboxylate', 'smiles_inds': [14]}, {'functional_group': 'aldehyde', 'smiles_inds': [16]}, {'functional_group': 'amino', 'smiles_inds': [7]}, {'functional_group': 'amino', 'smiles_inds': [8]}, {'functional_group': 'aldehyde', 'smiles_inds': [15]}, {'functional_group': 'amino', 'smiles_inds': [2]}, {'functional_group': 'methyl', 'smiles_inds': [0]}, {'functional_group': 'methyl', 'smiles_inds': [3]}, {'functional_group': 'amino', 'smiles_inds': [1]}, {'functional_group': 'carboxylate', 'smiles_inds': [9]}]",0.9999902219915624
14,top,[nH+]1cc[nH+]c2c1c1cccnc1c1ncccc21,"[13, 10]","[{'functional_group': 'carboxylate', 'smiles_inds': [14]}, {'functional_group': 'aldehyde', 'smiles_inds': [16]}, {'functional_group': 'methyl', 'smiles_inds': [3]}, {'functional_group': 'carboxylate', 'smiles_inds': [15]}, {'functional_group': 'phenyl', 'smiles_inds': [2]}, {'functional_group': 'phenyl', 'smiles_inds': [1]}, {'functional_group': '2-hydroxypyridine', 'smiles_inds': [9]}, {'functional_group': 'tribromo', 'smiles_inds': [8]}, {'functional_group': 'carboxylate', 'smiles_inds': [7]}]",0.9999970099679457
14,top,NC1C(O)C(N)C([O-])C(NCCNC2C(O)C(N)C(O)C(N)C2[O-])C1O,"[12, 9, 21, 5, 23, 7]",[],0.9999974709518339
14,top,[nH+]1cc[nH+]c2c1c1cccnc1c1ncccc21,"[13, 10]","[{'functional_group': 'carboxylate', 'smiles_inds': [14]}, {'functional_group': 'aldehyde', 'smiles_inds': [16]}, {'functional_group': 'methyl', 'smiles_inds': [3]}, {'functional_group': 'carboxylate', 'smiles_inds': [15]}, {'functional_group': 'phenyl', 'smiles_inds': [2]}, {'functional_group': 'carboxyllic_acid', 'smiles_inds': [7]}, {'functional_group': 'fluoro', 'smiles_inds': [1]}, {'functional_group': 'carboxylate', 'smiles_inds': [8]}]",0.9999987053528351
14,top,NC(=NN=C([O-])C(=NNC(=O)c1cccc(n1)C(=O)NN=C(C([O-])=NN=C(N)c1ccccn1)c1ccccc1)c1ccccc1)c1ccccn1,"[23, 5, 51, 2, 25, 33]",[],0.9999997646686597
15,bottom,O=C1N2CN3C(=O)N4CN5C(=O)N6CN7C(=O)N8CN9C(=O)N%10CN1C1%11CCCC21N1CN2C(=O)N(CN%12C(=O)N(CN%13C(=O)N(CN%14C(=O)N(CN%11C1=O)C1%10CCCC9%141)C18CCCC7%131)C16CCCC5%121)C14CCCC321,"[0, 6]","[{'functional_group': 'cyano', 'smiles_inds': [36]}]",1.5593748446172743e-27
15,bottom,CP(CCP(C)c1c(cc(cc1C([Si](C)(C)C)[Si](C)(C)C)C([Si](C)(C)C)([Si](C)(C)C)[Si](C)(C)C)C([Si](C)(C)C)[Si](C)(C)C)c1c(cc(cc1C([Si](C)(C)C)[Si](C)(C)C)C([Si](C)(C)C)([Si](C)(C)C)[Si](C)(C)C)C([Si-](C)C)[Si](C)(C)C,"[4, 72, 1]","[{'functional_group': 'ether', 'smiles_inds': [14]}, {'functional_group': '2-hydroxypyridine', 'smiles_inds': [34]}]",6.762727087988017e-24
15,bottom,O=C1N2CN3C(=O)N4CN5C(=O)N6CN7C(=O)N8CN9C(=O)N%10CN1C1%11CCC21N1CN2C(=O)N(CN%12C(=O)N(CN%13C(=O)N(CN%14C(=O)N(CN%11C1=O)C1%10CCC9%141)C18CCC7%131)C16CCC5%121)C14CCC321,"[43, 38]","[{'functional_group': 'aldehyde', 'smiles_inds': [45]}]",1.578792874969275e-23
15,bottom,O=C1N2CN3C(=O)N4CN5C(=O)N6CN7C(=O)N8CN9C(=O)N%10CN1C1%11CCC21N1CN2C(=O)N(CN%12C(=O)N(CN%13C(=O)N(CN%14C(=O)N(CN%11C1=O)C1%10CCC9%141)C18CCC7%131)C16CCC5%121)C14CCC321,"[43, 38]",[],2.849882616782085e-23
15,bottom,CP(CCP(C)c1c(cc(cc1C([Si](C)(C)C)[Si](C)(C)C)C([Si](C)(C)C)([Si](C)(C)C)[Si](C)(C)C)C([Si](C)(C)C)[Si](C)(C)C)c1c(cc(cc1C([Si](C)(C)C)[Si](C)(C)C)C([Si](C)(C)C)([Si](C)(C)C)[Si](C)(C)C)C([Si-](C)C)[Si](C)(C)C,"[4, 72, 1]","[{'functional_group': 'ketone', 'smiles_inds': [10]}, {'functional_group': 'iodo', 'smiles_inds': [73]}]",1.482379600498394e-22
15,bottom,CP(CCP(C)c1c(cc(cc1C([Si](C)(C)C)[Si](C)(C)C)C([Si](C)(C)C)([Si](C)(C)C)[Si](C)(C)C)C([Si](C)(C)C)[Si](C)(C)C)c1c(cc(cc1C([Si](C)(C)C)[Si](C)(C)C)C([Si](C)(C)C)([Si](C)(C)C)[Si](C)(C)C)C([Si-](C)C)[Si](C)(C)C,"[4, 72, 1]",[],5.085912514254438e-22
15,bottom,C[Si](C)(C)C(c1cc(C([Si](C)(C)C)[Si](C)(C)C)c([Se]c2ccccc2Sc2ccccc2Sc2ccccc2[Se]c2c(cc(cc2C([Si](C)(C)C)[Si](C)(C)C)C([Si](C)(C)C)[Si](C)(C)C)C([Si](C)(C)C)[Si](C)(C)C)c(c1)C([Si](C)(C)C)[Si](C)(C)C)[Si](C)(C)C,"[25, 32]","[{'functional_group': 'trichloro', 'smiles_inds': [72]}]",3.8553498425877306e-21
15,bottom,C[Si](C)(C)C(c1cc(C([Si](C)(C)C)[Si](C)(C)C)c([Se]c2ccccc2Sc2ccccc2Sc2ccccc2[Se]c2c(cc(cc2C([Si](C)(C)C)[Si](C)(C)C)C([Si](C)(C)C)[Si](C)(C)C)C([Si](C)(C)C)[Si](C)(C)C)c(c1)C([Si](C)(C)C)[Si](C)(C)C)[Si](C)(C)C,"[25, 32]","[{'functional_group': 'bromo', 'smiles_inds': [44]}]",5.156524617777306e-21
15,bottom,CC12N3CN4C5C6N(CN7C8C9N(CN%10C(=O)N%11CN%12C%13C%14N(CN%15C%16C%17N(CN(C3=O)C1(C)N1CN%17C(=O)N%16CN%14C(=O)N%13CN3C(=O)N(CN9C(=O)N8CN6C(=O)N5CN2C1=O)C%10(C)C%113C)C%15=O)C%12=O)C7=O)C4=O,"[71, 16, 73]","[{'functional_group': 'cyano', 'smiles_inds': [20]}]",2.245625016302408e-20
15,bottom,CC(C)CC1NC(=O)C2(CCC(=O)NC(CC(O)=O)C(=O)NC(CC3=CNc4ccccc34)C(=O)N2)CSCC(NC(=O)C(CCC(O)=O)NC(=O)C(CC2=CNc3ccccc23)NC1=O)C(=O)NC1CSSCC(NC(=O)C2CSCC3(CC(NC1=O)C(=O)NC(C(C)O)C(=O)NCC(=O)N3)C(=O)NC(CC(C)C)C(=O)NC(Cc1ccccc1)C(=O)NC(C)C(=O)N2)C(O)=O,"[77, 87]","[{'functional_group': 'cyanimide', 'smiles_inds': [98]}, {'functional_group': 'hydroxyl', 'smiles_inds': [3]}]",3.3439793386590027e-19
15,bottom,CC(C)(C)c1cc2c3cc(cc4c5cc(cc6c7cc(cc8c9cc(cc%10c%11cc(cc%12c(c1)c2c1c(c34)c(c56)c(c78)c(c9%10)c1c%11%12)C(C)(C)C)C(C)(C)C)C(C)(C)C)C(C)(C)C)P(c1cc2c3cc(cc4c5cc(cc6c7cc(cc8c9cc(cc%10c%11cc(cc%12c(c1)c2c1c(c34)c(c56)c(c78)c(c9%10)c1c%11%12)C(C)(C)C)C(C)(C)C)C(C)(C)C)C(C)(C)C)C(C)(C)C)c1cc2c3cc(cc4c5cc(cc6c7cc(cc8c9cc(cc%10c%11cc(cc%12c(c1)c2c1c(c34)c(c56)c(c78)c(c9%10)c1c%11%12)C(C)(C)C)C(C)(C)C)C(C)(C)C)C(C)(C)C)C(C)(C)C,[62],"[{'functional_group': 'chloro', 'smiles_inds': [184]}, {'functional_group': 'iodo', 'smiles_inds': [174]}]",3.9088593554660095e-18
15,bottom,C[Si](C)(C)C(c1cc(C([Si](C)(C)C)[Si](C)(C)C)c([Se]c2ccccc2[Se]c2ccccc2[Se]c2ccccc2[Se]c2c(cc(cc2C([Si](C)(C)C)[Si](C)(C)C)C([Si](C)(C)C)[Si](C)(C)C)C([Si](C)(C)C)[Si](C)(C)C)c(c1)C([Si](C)(C)C)[Si](C)(C)C)[Si](C)(C)C,"[25, 32]","[{'functional_group': 'phosphonate', 'smiles_inds': [36]}]",1.1093796072833158e-17
15,bottom,O=C1N2CN3C4C5N(CN6C7C8N(CN9C%10C%11N(CN%12C%13C%14N(CN%15C%16C%17N(CN1C1C2N2CN4C(=O)N5CN7C(=O)N8CN%10C(=O)N%11CN%13C(=O)N%14CN%16C(=O)N%17CN1C2=O)C%15=O)C%12=O)C9=O)C6=O)C3=O,"[65, 67, 69]","[{'functional_group': 'bromo', 'smiles_inds': [58]}, {'functional_group': 'ethyl', 'smiles_inds': [53]}]",2.855013581850497e-16
15,bottom,O=C1N2CN3C4C5N(CN6C7C8N(CN9C%10C%11N(CN%12C%13C%14N(CN%15C%16C%17N(CN1C1C2N2CN4C(=O)N5CN7C(=O)N8CN%10C(=O)N%11CN%13C(=O)N%14CN%16C(=O)N%17CN1C2=O)C%15=O)C%12=O)C9=O)C6=O)C3=O,"[65, 67, 69]",[],2.1100047240894387e-15
15,bottom,COCC1OC2OC3C(COC)OC(OC4C(COC)OC(OC5C(COC)OC(OC6C(COC)OC(OC7C(COC)OC(OC8C(COC)OC(OC1C(OC)C2OC)C(OC)C8OC)C(OC)C7OC)C(OC)C6OCc1cncc(COC2C(OC)C6OC(COC)C2OC2OC(COC)C(OC7OC(COC)C(OC8OC(COC)C(OC9OC(COC)C(OC%10OC(COC)C(OC%11OC(COC)C(O6)C(OC)C%11OC)C(OC)C%10OC)C(OC)C9OC)C(OC)C8OC)C(OC)C7OC)C(OC)C2OC)c1)C(OC)C5OC)C(OC)C4OC)C(OC)C3OC,[82],"[{'functional_group': 'ethyl', 'smiles_inds': [40]}]",2.3645669429360853e-15
15,bottom,CC(C)c1cccc(C(C)C)c1c1cc(NCCN(CCNc2cc(cc(c2)c2c(cccc2C(C)C)C(C)C)c2c(cccc2C(C)C)C(C)C)CCNc2cc(cc(c2)c2c(cccc2C(C)C)C(C)C)c2c(cccc2C(C)C)C(C)C)cc(c1)c1c(cccc1C(C)C)C(C)C,"[18, 15, 21]",[],4.664834079481994e-15
15,bottom,CC(C)(C)C12P(Cc3ccccc3)P3C4(P(Cc5ccccc5)P1C1(P2C3(P41)C(C)(C)C)C(C)(C)C)C(C)(C)C,"[5, 15]","[{'functional_group': 'ketone', 'smiles_inds': [11]}]",5.099934047348508e-15
15,bottom,CCCC[P](CCCC)(CCCC)CCP(CCP(CCP(CC[P](CCCC)(CCCC)CCCC)CC[P](CCCC)(CCCC)CCCC)c1ccccc1)CC[P](CCCC)(CCCC)CCCC,"[15, 18, 21]","[{'functional_group': 'ethyl_ester', 'smiles_inds': [68]}]",7.090424157689122e-15
15,bottom,CC(=Nc1c(cc(cc1C(c1ccccc1)c1ccccc1)C(c1ccccc1)c1ccccc1)C1CCCCCCCCCCC1)C(C)=Nc1c(cc(cc1C(c1ccccc1)c1ccccc1)C(c1ccccc1)c1ccccc1)C1CCCCCCCCCCC1,"[2, 49]","[{'functional_group': 'cyano', 'smiles_inds': [74]}, {'functional_group': '2-methylbenzoic_acid', 'smiles_inds': [54]}]",1.4179599277770257e-14
15,bottom,Cc1cc(C)cc(c1)C(c1cc(C)cc(C)c1)c1cc(C)cc(C(c2cc(C)cc(C)c2)c2cc(C)cc(C)c2)c1N=C(C)C(C)=Nc1c(cc(C)cc1C(c1cc(C)cc(C)c1)c1cc(C)cc(C)c1)C(c1cc(C)cc(C)c1)c1cc(C)cc(C)c1,"[46, 41]","[{'functional_group': '2-hydroxypyridine', 'smiles_inds': [51]}]",1.5800512908648953e-14
15,median,Cc1ccc(c(c1)P(c1ccccc1C(F)(F)F)c1ccccc1C(F)(F)F)S(=O)(=O)[O-],"[31, 7]",[],0.32327411806742945
15,median,O=C([O-])CN(Cc1ccc(cc1)N(=O)=O)Cc1ccccn1,"[21, 4, 2]","[{'functional_group': 'ketone', 'smiles_inds': [17]}, {'functional_group': 'amino', 'smiles_inds': [18]}]",0.32348302528919376
15,median,[O-]c1ccccc1C1=NCCS1,"[0, 8]","[{'functional_group': 'methyl_ester', 'smiles_inds': [2]}, {'functional_group': 'ketone', 'smiles_inds': [3]}, {'functional_group': 'ketone', 'smiles_inds': [5]}]",0.32353700923607137
15,median,Fc1ccc(NC(=O)C(=O)[O-])cc1,"[10, 7]","[{'functional_group': 'amide', 'smiles_inds': [12]}]",0.32357252059665487
15,median,O=N(=O)c1cccc(C[NH2+]C23CNCCNCC([NH2+]Cc4cccc(c4)N(=O)=O)(CNCCNC2)CNCCNC3)c1,"[15, 33, 30, 12, 39, 36]","[{'functional_group': 'amino', 'smiles_inds': [19]}, {'functional_group': 'cyanimide', 'smiles_inds': [35]}, {'functional_group': 'tribromo', 'smiles_inds': [32]}, {'functional_group': 'carboxyl', 'smiles_inds': [11]}]",0.32358473077878647
15,median,CCSC(=S)C=C([O-])c1ccccc1,"[4, 7]",[],0.32359451631732666
15,median,COc1ccnc(c1)N1C=CN(CC=[CH-])[CH-]1,"[11, 15, 14]","[{'functional_group': 'hydroxyl', 'smiles_inds': [12]}]",0.32363107967139104
15,median,CCN1C=Nc2c(N)ncnc12,[4],[],0.3236651420082592
15,median,Nc1[nH+]cccc1N,"[0, 7]","[{'functional_group': 'amino', 'smiles_inds': [5]}, {'functional_group': '2-methylbenzoic_acid', 'smiles_inds': [4]}]",0.32372220663832374
15,median,CC(=O)C=C(C)Nc1ccccc1,[2],"[{'functional_group': 'hydroxyl', 'smiles_inds': [6]}]",0.3237251194636942
15,median,CC1=NN(C(=C1)C)c1nc(C)cc(n1)c1ccccn1,"[2, 8, 13]",[],0.32378437578992153
15,median,CC1CCC(C)Oc2ccc(C)nc2c2nc(C)ccc2O1,"[15, 12]",[],0.323785944785408
15,median,C1=CN(N=C1)c1ccc(cc1)C(=C1C=CC=N1)C1=CC=C[N-]1,"[21, 16]","[{'functional_group': 'fluoro', 'smiles_inds': [20]}]",0.3237926105483483
15,median,CC(C)(C)C=PF,[5],"[{'functional_group': 'trifluro', 'smiles_inds': [4]}, {'functional_group': 'iodo', 'smiles_inds': [2]}]",0.323811847945263
15,median,Clc1ccc(Cc2ccncc2)cc1,[9],[],0.323834439223219
15,median,CCCCCCC1(CCCCCC)c2cccnc2c2ncccc12,"[20, 17]","[{'functional_group': 'carboxylate', 'smiles_inds': [15]}, {'functional_group': 'cyano', 'smiles_inds': [2]}]",0.3238404511577046
15,median,COc1ccc(cc1)C=NNC1=NC(=C(S1)C(C)=O)C,"[12, 9]",[],0.3238586636578515
15,median,CC(C)(C)c1cc(cc(c1)C(C)(C)C)C1=[NH+]c2c(N1)c1cccnc1c1ncccc21,"[23, 26]","[{'functional_group': 'carboxyl', 'smiles_inds': [3]}, {'functional_group': 'iodo', 'smiles_inds': [22]}]",0.323874412970908
15,median,C(CP(c1ccccc1)c1ccccc1)N=CC1=CC=C[N-]1,"[21, 15, 2]",[],0.32389380038296994
15,median,CC(C=C([O-])c1ccccc1)=Nc1cccc2cccnc12,"[4, 11, 20]",[],0.32389545977151657
15,top,Cc1ccc([O-])c(CN2CCOCCOCCN(CCOCCOCC2)Cc2nc(C)ccc2[O-])n1,"[11, 20, 5, 34, 8, 17]",[],0.9999730850471148
15,top,[nH+]1cc[nH+]c2c1c1cccnc1c1ncccc21,"[13, 10]","[{'functional_group': 'carboxylate', 'smiles_inds': [14]}, {'functional_group': 'aldehyde', 'smiles_inds': [16]}, {'functional_group': 'methyl', 'smiles_inds': [3]}, {'functional_group': 'carboxylate', 'smiles_inds': [15]}, {'functional_group': 'phenyl', 'smiles_inds': [2]}, {'functional_group': 'carboxyllic_acid', 'smiles_inds': [7]}, {'functional_group': 'chloro', 'smiles_inds': [8]}]",0.9999735119528088
15,top,[nH+]1cc[nH+]c2c1c1cccnc1c1ncccc21,"[13, 10]","[{'functional_group': 'carboxylate', 'smiles_inds': [14]}, {'functional_group': 'aldehyde', 'smiles_inds': [16]}, {'functional_group': 'amino', 'smiles_inds': [7]}, {'functional_group': 'amino', 'smiles_inds': [8]}, {'functional_group': 'aldehyde', 'smiles_inds': [15]}, {'functional_group': 'amino', 'smiles_inds': [2]}, {'functional_group': 'methyl', 'smiles_inds': [0]}, {'functional_group': 'methyl', 'smiles_inds': [3]}, {'functional_group': 'amino', 'smiles_inds': [1]}, {'functional_group': 'aldehyde', 'smiles_inds': [9]}]",0.9999738228026425
15,top,O=C([O-])c1cccc(C=[NH+]CCN(CC[NH+]=Cc2cccc(C(=O)[O-])c2[O-])CC[NH+]=Cc2cccc(C(=O)[O-])c2[O-])c1[O-],"[26, 40, 2, 42, 24, 38]",[],0.999974798572413
15,top,NC(=NN=C([O-])c1cc(Cl)cc(n1)C([O-])=NN=C(N)c1ccccn1)c1ccccn1,"[12, 5, 14]",[],0.9999752365751544
15,top,[nH+]1cc[nH+]c2c1c1cccnc1c1ncccc21,"[13, 10]","[{'functional_group': 'carboxylate', 'smiles_inds': [14]}, {'functional_group': 'aldehyde', 'smiles_inds': [16]}, {'functional_group': 'methyl', 'smiles_inds': [3]}, {'functional_group': 'carboxylate', 'smiles_inds': [15]}, {'functional_group': 'phenyl', 'smiles_inds': [2]}, {'functional_group': 'carboxyllic_acid', 'smiles_inds': [7]}, {'functional_group': 'carboxylate', 'smiles_inds': [9]}]",0.9999790677211939
15,top,O=C([O-])c1cccc(C=[NH+]CCN(CC[NH+]=Cc2cccc(C(=O)[O-])c2[O-])CC[NH+]=Cc2cccc(C(=O)[O-])c2[O-])c1[O-],"[26, 40, 2, 42, 24, 38]","[{'functional_group': 'hydroxyl', 'smiles_inds': [15]}]",0.9999791404366106
15,top,[nH+]1cc[nH+]c2c1c1cccnc1c1ncccc21,"[13, 10]","[{'functional_group': 'carboxylate', 'smiles_inds': [14]}, {'functional_group': 'aldehyde', 'smiles_inds': [16]}, {'functional_group': 'methyl', 'smiles_inds': [3]}, {'functional_group': 'carboxylate', 'smiles_inds': [15]}, {'functional_group': 'phenyl', 'smiles_inds': [2]}, {'functional_group': 'phenyl', 'smiles_inds': [1]}, {'functional_group': '2-hydroxypyridine', 'smiles_inds': [9]}, {'functional_group': 'carboxylate', 'smiles_inds': [8]}, {'functional_group': 'fluoro', 'smiles_inds': [7]}]",0.9999799547364233
15,top,[nH+]1cc[nH+]c2c1c1cccnc1c1ncccc21,"[13, 10]","[{'functional_group': 'carboxylate', 'smiles_inds': [14]}, {'functional_group': 'aldehyde', 'smiles_inds': [16]}, {'functional_group': 'amino', 'smiles_inds': [7]}, {'functional_group': 'amino', 'smiles_inds': [8]}, {'functional_group': 'aldehyde', 'smiles_inds': [15]}, {'functional_group': 'amino', 'smiles_inds': [2]}, {'functional_group': 'aldehyde', 'smiles_inds': [0]}, {'functional_group': 'carboxylate', 'smiles_inds': [3]}]",0.9999809986858273
15,top,O=C1c2ccccc2OC=C1c1ncc2c(Oc3ccccc3C2=O)n1,"[0, 12]","[{'functional_group': 'chloro', 'smiles_inds': [20]}]",0.999985300818238
15,top,[nH+]1cc[nH+]c2c1c1cccnc1c1ncccc21,"[13, 10]","[{'functional_group': 'carboxylate', 'smiles_inds': [14]}, {'functional_group': 'aldehyde', 'smiles_inds': [16]}, {'functional_group': 'amino', 'smiles_inds': [7]}, {'functional_group': 'amino', 'smiles_inds': [8]}, {'functional_group': 'aldehyde', 'smiles_inds': [15]}, {'functional_group': 'amino', 'smiles_inds': [2]}, {'functional_group': 'carboxylate', 'smiles_inds': [9]}]",0.999985763246303
15,top,Oc1ccc2[N-]c3c4ncc(F)cc4c4C(=O)NC(=O)c4c3c2c1,"[5, 8]","[{'functional_group': 'carbonyl', 'smiles_inds': [0]}, {'functional_group': 'aldehyde', 'smiles_inds': [17]}, {'functional_group': 'carboxylate', 'smiles_inds': [3]}, {'functional_group': 'aldehyde', 'smiles_inds': [2]}]",0.9999885527712513
15,top,NC(=NN=C([O-])C(=NNC(=O)c1cccc(n1)C(=O)NN=C(C([O-])=NN=C(N)c1ccccn1)c1ccccc1)c1ccccc1)c1ccccn1,"[23, 5, 51, 2, 25, 33]","[{'functional_group': 'phenyl', 'smiles_inds': [50]}, {'functional_group': 'ketone', 'smiles_inds': [37]}]",0.9999900750852354
15,top,[nH+]1cc[nH+]c2c1c1cccnc1c1ncccc21,"[13, 10]","[{'functional_group': 'carboxylate', 'smiles_inds': [14]}, {'functional_group': 'aldehyde', 'smiles_inds': [16]}, {'functional_group': 'methyl', 'smiles_inds': [3]}, {'functional_group': 'carboxylate', 'smiles_inds': [15]}, {'functional_group': 'phenyl', 'smiles_inds': [2]}, {'functional_group': 'carboxyllic_acid', 'smiles_inds': [7]}, {'functional_group': 'carboxylate', 'smiles_inds': [9]}, {'functional_group': 'phosphonate', 'smiles_inds': [1]}]",0.9999907670090777
15,top,O=C(NC1COC(=O)C(COC(=O)C(COC1=O)NC(=O)c1ccc2cccnc2c1[O-])NC(=O)c1ccc2cccnc2c1[O-])c1ccc2cccnc2c1[O-],"[56, 42, 53, 28, 31, 45]","[{'functional_group': 'iodo', 'smiles_inds': [9]}]",0.9999915007865051
15,top,[nH+]1cc[nH+]c2c1c1cccnc1c1ncccc21,"[13, 10]","[{'functional_group': 'carboxylate', 'smiles_inds': [14]}, {'functional_group': 'aldehyde', 'smiles_inds': [16]}, {'functional_group': 'methyl', 'smiles_inds': [3]}, {'functional_group': 'carboxylate', 'smiles_inds': [15]}, {'functional_group': 'phenyl', 'smiles_inds': [2]}, {'functional_group': 'carboxyllic_acid', 'smiles_inds': [7]}, {'functional_group': 'chloro', 'smiles_inds': [1]}, {'functional_group': 'aldehyde', 'smiles_inds': [8]}]",0.9999916322256766
15,top,NC1C(O)C(N)C(O)C(NCCNC2C(O)C(N)C(O)C(N)C2O)C1O,"[0, 9, 12, 17, 21, 5]",[],0.9999935251561206
15,top,O=C(NC1COC(=O)C(COC(=O)C(COC1=O)NC(=O)c1ccc2cccnc2c1[O-])NC(=O)c1ccc2cccnc2c1[O-])c1ccc2cccnc2c1[O-],"[56, 42, 53, 28, 31, 45]",[],0.9999939864278198
15,top,O=C1C(=C(CN2CCOCC2)C=C(CN2CCOCC2)C=C1CN1CCOCC1)[O-],"[29, 0]","[{'functional_group': 'aldehyde', 'smiles_inds': [28]}]",0.9999957514388241
15,top,[nH+]1cc[nH+]c2c1c1cccnc1c1ncccc21,"[13, 10]","[{'functional_group': 'carboxylate', 'smiles_inds': [14]}, {'functional_group': 'aldehyde', 'smiles_inds': [16]}, {'functional_group': 'methyl', 'smiles_inds': [3]}, {'functional_group': 'carboxylate', 'smiles_inds': [15]}, {'functional_group': 'phenyl', 'smiles_inds': [2]}, {'functional_group': 'phenyl', 'smiles_inds': [1]}, {'functional_group': '2-hydroxypyridine', 'smiles_inds': [9]}, {'functional_group': 'hydroxyl', 'smiles_inds': [8]}, {'functional_group': 'carboxylate', 'smiles_inds': [7]}]",0.9999963302639079
16,bottom,O=C1N2CN3C(=O)N4CN5C(=O)N6CN7C(=O)N8CN9C(=O)N%10CN1C1%11CCC21N1CN2C(=O)N(CN%12C(=O)N(CN%13C(=O)N(CN%14C(=O)N(CN%11C1=O)C1%10CCC9%141)C18CCC7%131)C16CCC5%121)C14CCC321,"[43, 38]","[{'functional_group': 'ketone', 'smiles_inds': [55]}, {'functional_group': '2-hydroxypyridine', 'smiles_inds': [27]}]",1.89340698756226e-21
16,bottom,O=C1N2CN3C(=O)N4CN5C(=O)N6CN7C(=O)N8CN9C(=O)N%10CN1C1%11CCC21N1CN2C(=O)N(CN%12C(=O)N(CN%13C(=O)N(CN%14C(=O)N(CN%11C1=O)C1%10CCC9%141)C18CCC7%131)C16CCC5%121)C14CCC321,"[43, 38]","[{'functional_group': 'methyl', 'smiles_inds': [35]}, {'functional_group': 'cyanimide', 'smiles_inds': [8]}]",2.1771821736328922e-21
16,bottom,COC(=O)C(C)(C)NC(=O)C(NC(=O)C1(CCCCC1)NC(=O)C(C)(C)NC(=O)C1(CCCCC1)NC(=O)C(C)(C)NC(=O)c1ccc(nc1)c1ccc(cn1)C(=O)NC(C)(C)C(=O)NC1(CCCCC1)C(=O)NC(C)(C)C(=O)NC1(CCCCC1)C(=O)NC(C(C)C)C(=O)NC(C)(C)C(=O)OC)C(C)C,"[55, 48]","[{'functional_group': 'fluoro', 'smiles_inds': [31]}, {'functional_group': 'carboxyl', 'smiles_inds': [49]}]",9.48160576079588e-21
16,bottom,CCC(C)C1NC(=O)C(C)NC(=O)C(CSSCC2NC(=O)C(CCC(N)=O)NC(=O)C(C)NC(=O)C3CCCN3C(=O)C(CCC(O)=O)NC(=O)CNC(=O)C(C)NC(=O)C(CCCNC(N)=N)NC(=O)C(CSSCC(NC(=O)C(CC(N)=O)NC2=O)C(O)=O)NC(=O)C(CC2=CN=CN2)NC1=O)NC(=O)C(CC1=CN=CN1)NC(=O)C(CC(C)C)NC(=O)C(CC(O)=O)NC(C)=O,"[112, 99]","[{'functional_group': 'bromo', 'smiles_inds': [92]}, {'functional_group': '2-hydroxypyridine', 'smiles_inds': [37]}]",2.4749547357992275e-20
16,bottom,O=C1N2CN3C(=O)N4CN5C(=O)N6CN7C(=O)N8CN9C(=O)N%10CN1C1%11CCC21N1CN2C(=O)N(CN%12C(=O)N(CN%13C(=O)N(CN%14C(=O)N(CN%11C1=O)C1%10CCC9%141)C18CCC7%131)C16CCC5%121)C14CCC321,"[43, 38]",[],3.490827094576053e-20
16,bottom,CC(C)(C)c1cc2c3cc(cc4c5cc(cc6c7cc(cc8c9cc(cc%10c%11cc(cc%12c(c1)c2c1c(c34)c(c56)c(c78)c(c9%10)c1c%11%12)C(C)(C)C)C(C)(C)C)C(C)(C)C)C(C)(C)C)P(c1cc2c3cc(cc4c5cc(cc6c7cc(cc8c9cc(cc%10c%11cc(cc%12c(c1)c2c1c(c34)c(c56)c(c78)c(c9%10)c1c%11%12)C(C)(C)C)C(C)(C)C)C(C)(C)C)C(C)(C)C)C(C)(C)C)c1cc2c3cc(cc4c5cc(cc6c7cc(cc8c9cc(cc%10c%11cc(cc%12c(c1)c2c1c(c34)c(c56)c(c78)c(c9%10)c1c%11%12)C(C)(C)C)C(C)(C)C)C(C)(C)C)C(C)(C)C)C(C)(C)C,[62],"[{'functional_group': 'ethyl', 'smiles_inds': [108]}]",5.0460396364218154e-20
16,bottom,CC12N3CN4C5C6N(CN7C8C9N(CN%10C(=O)N%11CN%12C%13C%14N(CN%15C%16C%17N(CN(C3=O)C1(C)N1CN%17C(=O)N%16CN%14C(=O)N%13CN3C(=O)N(CN9C(=O)N8CN6C(=O)N5CN2C1=O)C%10(C)C%113C)C%15=O)C%12=O)C7=O)C4=O,"[71, 16, 73]","[{'functional_group': 'ethyl', 'smiles_inds': [26]}]",4.784466429760818e-19
16,bottom,O=C1N2CN3C4C5N(CN6C7C8N(CN9C%10C%11N(CN%12C%13C%14N(CN%15C%16C%17N(CN%18C%19C%20N(CN1C1C2N2CN4C(=O)N5CN7C(=O)N8CN%10C(=O)N%11CN%13C(=O)N%14CN%16C(=O)N%17CN%19C(=O)N%20CN1C2=O)C%18=O)C%15=O)C%12=O)C9=O)C6=O)C3=O,"[0, 73]","[{'functional_group': 'trifluro', 'smiles_inds': [16]}, {'functional_group': 'methyl', 'smiles_inds': [21]}]",2.1415340406401934e-18
16,bottom,CC(C)CC1NC(=O)C2(CCC(=O)NC(CC(O)=O)C(=O)NC(CC3=CNc4ccccc34)C(=O)N2)CSCC(NC(=O)C(CCC(O)=O)NC(=O)C(CC2=CNc3ccccc23)NC1=O)C(=O)NC1CSSCC(NC(=O)C2CSCC3(CC(NC1=O)C(=O)NC(C(C)O)C(=O)NCC(=O)N3)C(=O)NC(CC(C)C)C(=O)NC(Cc1ccccc1)C(=O)NC(C)C(=O)N2)C(O)=O,"[77, 87]","[{'functional_group': 'hydroxyl', 'smiles_inds': [98]}, {'functional_group': 'carboxyl', 'smiles_inds': [15]}]",3.4027337844935953e-18
16,bottom,CC12N3CN4C5C6N(CN7C8C9N(CN%10C(=O)N%11CN%12C%13C%14N(CN%15C%16C%17N(CN(C3=O)C1(C)N1CN%17C(=O)N%16CN%14C(=O)N%13CN3C(=O)N(CN9C(=O)N8CN6C(=O)N5CN2C1=O)C%10(C)C%113C)C%15=O)C%12=O)C7=O)C4=O,"[71, 16, 73]","[{'functional_group': 'chloro', 'smiles_inds': [67]}, {'functional_group': 'phosphonate', 'smiles_inds': [10]}]",1.9256432314068602e-17
16,bottom,CC(C)c1cccc(C(C)C)c1c1cc(NCCN(CCNc2cc(cc(c2)c2c(cccc2C(C)C)C(C)C)c2c(cccc2C(C)C)C(C)C)CCNc2cc(cc(c2)c2c(cccc2C(C)C)C(C)C)c2c(cccc2C(C)C)C(C)C)cc(c1)c1c(cccc1C(C)C)C(C)C,"[18, 15, 21]","[{'functional_group': 'cyano', 'smiles_inds': [72]}, {'functional_group': 'methyl_ester', 'smiles_inds': [85]}]",1.9007229261902938e-16
16,bottom,O=C1N2CN3C4C5N(CN6C7C8N(CN9C%10C%11N(CN%12C%13C%14N(CN%15C%16C%17N(CN1C1C2N2CN4C(=O)N5CN7C(=O)N8CN%10C(=O)N%11C4OC(N%13C(=O)N%14CN%16C(=O)N%17CN1C2=O)c1ccccc41)C%15=O)C%12=O)C9=O)C6=O)C3=O,"[75, 73]","[{'functional_group': 'carboxylate', 'smiles_inds': [6]}]",4.965850083137652e-16
16,bottom,O=C1N2CN3C4C5N(CN6C7C8N(CN9C%10C%11N(CN%12C%13C%14N(CN%15C%16C%17N(CN1C1C2N2CN4C(=O)N5CN7C(=O)N8CN%10C(=O)N%11C4OC(N%13C(=O)N%14CN%16C(=O)N%17CN1C2=O)c1ccccc41)C%15=O)C%12=O)C9=O)C6=O)C3=O,"[75, 73]","[{'functional_group': 'aldehyde', 'smiles_inds': [8]}, {'functional_group': 'trichloro', 'smiles_inds': [30]}]",7.012277053689749e-16
16,bottom,C1C(CC(CC1N=CC=Cc1cccc(c1)N1C(=CC=C1c1ccccc1)c1ccccc1)N=CC=Cc1cccc(c1)N1C(=CC=C1c1ccccc1)c1ccccc1)N=CC=Cc1cccc(c1)N1C(=CC=C1c1ccccc1)c1ccccc1,"[6, 33, 60]","[{'functional_group': 'amide', 'smiles_inds': [78]}, {'functional_group': 'phosphonate', 'smiles_inds': [58]}]",1.8065205005737957e-15
16,bottom,O=C1N2CN3C4C5N(CN6C7C8N(CN9C%10C%11N(CN%12C%13C%14N(CN%15C%16C%17N(CN1C1C2N2CN4C(=O)N5CN7C(=O)N8CN%10C(=O)N%11CN%13C(=O)N%14CN%16C(=O)N%17CN1C2=O)C%15=O)C%12=O)C9=O)C6=O)C3=O,"[65, 67, 69]","[{'functional_group': 'methyl', 'smiles_inds': [53]}]",3.995225791834699e-15
16,bottom,C[NH+]1CCN2CCN(C)Cc3cccc(c3)C(=O)Nc3ccccc3C3=C4NC(=C(C5=NC(=C(C6=NC(=C(C7=CC=C([N-]7)C(=C7NC(=C(C8=CC=C3N8)c3c(F)c(F)c(F)c(F)c3F)C=C7)c3ccccc3NC(=O)c3cccc(CN(C)CC2)c3)c2c(F)c(F)c(F)c(F)c2F)C=C6)c2ccccc2NC(=O)c2cccc(C1)c2)C=C5)c1c(F)c(F)c(F)c(F)c1F)C=C4,"[42, 35]","[{'functional_group': 'ethyl_ester', 'smiles_inds': [27]}]",1.2256927149672191e-14
16,bottom,C1C(CC(CC1N=CC=Cc1cccc(c1)N1C(=CC=C1c1ccccc1)c1ccccc1)N=CC=Cc1cccc(c1)N1C(=CC=C1c1ccccc1)c1ccccc1)N=CC=Cc1cccc(c1)N1C(=CC=C1c1ccccc1)c1ccccc1,"[6, 33, 60]",[],5.1529699808736445e-14
16,bottom,CC(C)c1cc(cc(c1)C(C(=O)Nc1cccc(NC(=O)C(c2cc(cc(c2)C(C)C)C(C)C)(c2cc(cc(c2)C(C)C)C(C)C)c2cc(cc(c2)C(C)C)C(C)C)c1[S-])(c1cc(cc(c1)C(C)C)C(C)C)c1cc(cc(c1)C(C)C)C(C)C)C(C)C,"[59, 11]","[{'functional_group': 'methyl_ester', 'smiles_inds': [51]}, {'functional_group': 'trifluro', 'smiles_inds': [49]}]",7.011679966028409e-14
16,bottom,I[Te]1(O[Te]2(O[Te](O[Te]3(O[Te](I)(O[Te]4(O[Te](I)(O[Te]5(O[Te](O[Te]6(O[Te](I)(O[Te](O1)(O[Te]1(O[Te](O2)(O[Te](O3)(O[Te](O4)(O[Te](O5)(O[Te](O6)(O1)c1ccccc1)c1ccccc1)c1ccccc1)c1ccccc1)c1ccccc1)c1ccccc1)c1ccccc1)c1ccccc1)c1ccccc1)c1ccccc1)c1ccccc1)c1ccccc1)c1ccccc1)c1ccccc1)c1ccccc1)c1ccccc1)c1ccccc1)c1ccccc1,"[33, 39, 42, 30, 36, 45]","[{'functional_group': 'ether', 'smiles_inds': [72]}, {'functional_group': 'cyanimide', 'smiles_inds': [62]}]",1.3619682755242936e-13
16,bottom,CCCCCC1c2cc3C(CCCCC)c4cc5C(CCCCC)c6cc7C(CCCCC)c8cc1c1OCOc2cc3OCOc4c(CP(=O)(c2ccccc2)c2ccccc2)c5OCOc6cc7OCOc8c1CP(=O)(c1ccccc1)c1ccccc1,"[77, 50]","[{'functional_group': 'phenyl', 'smiles_inds': [28]}, {'functional_group': 'cyanimide', 'smiles_inds': [68]}]",2.671151355133055e-13
16,median,NC(CC(=O)[O-])c1ccccc1,"[5, 0]",[],0.32345419644650486
16,median,CC(C)(C)C1COC(=N1)c1cc(cc(c1[O-])C(C)(C)C)C(C)(C)C,"[15, 8]","[{'functional_group': 'thiol', 'smiles_inds': [3]}, {'functional_group': 'iodo', 'smiles_inds': [18]}]",0.32365782228738016
16,median,[S-]c1ccccc1N=CC=Cc1ccccc1,"[0, 7]","[{'functional_group': 'carboxyllic_acid', 'smiles_inds': [10]}]",0.32367013219488006
16,median,O=C([O-])c1cc2ccccc2c(n1)P(=O)(c1ccccc1)c1ccccc1,"[2, 14, 12]",[],0.32374621441423357
16,median,[O-]c1ccc2ccccc2c1C=NCCNCc1ccccc1,"[0, 12, 15]",[],0.32382414630746625
16,median,O=N(=O)c1ccc(cc1)C1=NN=NN1,[11],"[{'functional_group': 'trichloro', 'smiles_inds': [5]}, {'functional_group': 'iodo', 'smiles_inds': [8]}, {'functional_group': 'aldehyde', 'smiles_inds': [13]}, {'functional_group': 'cyanimide', 'smiles_inds': [4]}]",0.32382966655876555
16,median,O=C([O-])CNCC1=CN(Cc2ccccc2)N=N1,"[17, 4, 2]",[],0.3238567770339217
16,median,O=C1NC23NC(=O)NC2(N1)c1cccnc1c1ncccc31,"[17, 14]","[{'functional_group': 'carbonyl', 'smiles_inds': [7]}, {'functional_group': 'ketone', 'smiles_inds': [4]}, {'functional_group': 'ether', 'smiles_inds': [18]}]",0.323858240300223
16,median,C1Oc2ccc(cc2O1)C1=NC(=NN1)c1ccccn1,"[19, 10]","[{'functional_group': 'bromo', 'smiles_inds': [4]}, {'functional_group': 'trichloro', 'smiles_inds': [15]}, {'functional_group': 'thiol', 'smiles_inds': [17]}]",0.3238816531800224
16,median,C1COCCOc2cc(C#Cc3ccccn3)c(cc2OCCOCCOCCOc2ccccc2OCCO1)C#Cc1ccccn1,"[16, 47]",[],0.32389525526434343
16,median,CCc1ccc[c-]c1P(c1ccccc1)c1ccccc1,"[8, 6]","[{'functional_group': 'iodo', 'smiles_inds': [0]}]",0.3239476611838486
16,median,O=C(NCc1ccccn1)C=CC1=CSC=C1,"[0, 9]",[],0.323977860609834
16,median,CC(C)(C)c1cc(cc(c1)C(C)(C)C)C1=[NH+]c2c(N1)c1cccnc1c1ncccc21,"[23, 26]","[{'functional_group': 'methyl_ester', 'smiles_inds': [0]}]",0.32404342370166533
16,median,CC(C)(C)c1cc(cc(c1)C(C)(C)C)C1=[NH+]c2c(N1)c1cccnc1c1ncccc21,"[23, 26]","[{'functional_group': 'methyl_ester', 'smiles_inds': [3]}]",0.3240434237016666
16,median,CC1(C)OCC(O1)C1OC([O-])(C2OC(C)(C)OC12)c1ccccn1,"[10, 23]",[],0.3240517829889179
16,median,CC([N-]c1ccccc1c1cccc(n1)c1cc(cc(c1[O-])C(C)(C)C)C(C)(C)C)c1ccccc1,"[21, 14, 2]","[{'functional_group': 'carboxylate', 'smiles_inds': [11]}]",0.32415792077471467
16,median,CCOP(F)OCC,[3],[],0.3242586754224319
16,median,CC(C)(C)C1=C(C=NN1)C#N,[7],[],0.32431133573688287
16,median,COc1ccc(cc1)N=C(c1ccc(C)cc1)c1ccc(C)c[c-]1,"[8, 23]",[],0.3244161050955769
16,median,[O-]c1c(cccc1c1ccccc1)C=NCc1ccccn1,"[0, 14, 21]","[{'functional_group': 'trifluro', 'smiles_inds': [5]}, {'functional_group': '2-methylbenzoic_acid', 'smiles_inds': [4]}]",0.324485902915598
16,top,[nH+]1cc[nH+]c2c1c1cccnc1c1ncccc21,"[13, 10]","[{'functional_group': 'carboxylate', 'smiles_inds': [14]}, {'functional_group': 'aldehyde', 'smiles_inds': [16]}, {'functional_group': 'amino', 'smiles_inds': [7]}, {'functional_group': 'amino', 'smiles_inds': [8]}, {'functional_group': 'aldehyde', 'smiles_inds': [15]}, {'functional_group': 'amino', 'smiles_inds': [2]}, {'functional_group': 'aldehyde', 'smiles_inds': [0]}, {'functional_group': 'carboxylate', 'smiles_inds': [3]}, {'functional_group': 'aldehyde', 'smiles_inds': [1]}]",0.9999803023488706
16,top,O=C1c2ccccc2OC=C1c1ncc2c(Oc3ccccc3C2=O)n1,"[0, 12]","[{'functional_group': 'cyano', 'smiles_inds': [13]}]",0.9999804678675125
16,top,[nH+]1cc[nH+]c2c1c1cccnc1c1ncccc21,"[13, 10]","[{'functional_group': 'carboxylate', 'smiles_inds': [14]}, {'functional_group': 'aldehyde', 'smiles_inds': [16]}, {'functional_group': 'amino', 'smiles_inds': [7]}, {'functional_group': 'amino', 'smiles_inds': [8]}, {'functional_group': 'aldehyde', 'smiles_inds': [15]}, {'functional_group': 'amino', 'smiles_inds': [2]}, {'functional_group': 'aldehyde', 'smiles_inds': [0]}, {'functional_group': 'carboxylate', 'smiles_inds': [3]}, {'functional_group': 'hydroxyl', 'smiles_inds': [1]}]",0.9999805482168859
16,top,Oc1ccc2[N-]c3c4ncc(F)cc4c4C(=O)NC(=O)c4c3c2c1,"[5, 8]","[{'functional_group': 'carbonyl', 'smiles_inds': [0]}, {'functional_group': 'carboxylate', 'smiles_inds': [23]}, {'functional_group': 'carboxyllic_acid', 'smiles_inds': [12]}]",0.9999824301861109
16,top,[nH+]1cc[nH+]c2c1c1cccnc1c1ncccc21,"[13, 10]","[{'functional_group': 'carboxylate', 'smiles_inds': [14]}, {'functional_group': 'aldehyde', 'smiles_inds': [16]}, {'functional_group': 'amino', 'smiles_inds': [7]}, {'functional_group': 'amino', 'smiles_inds': [8]}, {'functional_group': 'aldehyde', 'smiles_inds': [15]}, {'functional_group': 'amino', 'smiles_inds': [2]}, {'functional_group': 'aldehyde', 'smiles_inds': [0]}, {'functional_group': 'carboxylate', 'smiles_inds': [3]}, {'functional_group': 'thiol', 'smiles_inds': [1]}]",0.9999827991014445
16,top,[nH+]1cc[nH+]c2c1c1cccnc1c1ncccc21,"[13, 10]","[{'functional_group': 'carboxylate', 'smiles_inds': [14]}, {'functional_group': 'aldehyde', 'smiles_inds': [16]}, {'functional_group': 'amino', 'smiles_inds': [7]}, {'functional_group': 'amino', 'smiles_inds': [8]}, {'functional_group': 'aldehyde', 'smiles_inds': [15]}, {'functional_group': 'amino', 'smiles_inds': [2]}, {'functional_group': 'aldehyde', 'smiles_inds': [0]}, {'functional_group': 'carboxylate', 'smiles_inds': [3]}, {'functional_group': 'fluoro', 'smiles_inds': [1]}]",0.9999840736053306
16,top,[nH+]1cc[nH+]c2c1c1cccnc1c1ncccc21,"[13, 10]","[{'functional_group': 'carboxylate', 'smiles_inds': [14]}, {'functional_group': 'aldehyde', 'smiles_inds': [16]}, {'functional_group': 'amino', 'smiles_inds': [7]}, {'functional_group': 'amino', 'smiles_inds': [8]}, {'functional_group': 'aldehyde', 'smiles_inds': [15]}, {'functional_group': 'amino', 'smiles_inds': [2]}, {'functional_group': 'carboxylate', 'smiles_inds': [9]}, {'functional_group': 'tribromo', 'smiles_inds': [3]}]",0.9999848736363441
16,top,[nH+]1cc[nH+]c2c1c1cccnc1c1ncccc21,"[13, 10]","[{'functional_group': 'carboxylate', 'smiles_inds': [14]}, {'functional_group': 'aldehyde', 'smiles_inds': [16]}, {'functional_group': 'amino', 'smiles_inds': [7]}, {'functional_group': 'amino', 'smiles_inds': [8]}, {'functional_group': 'aldehyde', 'smiles_inds': [15]}, {'functional_group': 'amino', 'smiles_inds': [2]}, {'functional_group': 'phosphonate', 'smiles_inds': [3]}, {'functional_group': 'amino', 'smiles_inds': [1]}]",0.9999886490724773
16,top,[nH+]1cc[nH+]c2c1c1cccnc1c1ncccc21,"[13, 10]","[{'functional_group': 'carboxylate', 'smiles_inds': [14]}, {'functional_group': 'aldehyde', 'smiles_inds': [16]}, {'functional_group': 'amino', 'smiles_inds': [7]}, {'functional_group': 'amino', 'smiles_inds': [8]}, {'functional_group': 'aldehyde', 'smiles_inds': [15]}, {'functional_group': 'amino', 'smiles_inds': [2]}, {'functional_group': 'methyl', 'smiles_inds': [0]}, {'functional_group': 'methyl', 'smiles_inds': [3]}, {'functional_group': 'amino', 'smiles_inds': [1]}, {'functional_group': 'carboxylate', 'smiles_inds': [9]}]",0.99998869774909
16,top,[nH+]1cc[nH+]c2c1c1cccnc1c1ncccc21,"[13, 10]","[{'functional_group': 'carboxylate', 'smiles_inds': [14]}, {'functional_group': 'aldehyde', 'smiles_inds': [16]}, {'functional_group': 'amino', 'smiles_inds': [7]}, {'functional_group': 'amino', 'smiles_inds': [8]}, {'functional_group': 'aldehyde', 'smiles_inds': [15]}, {'functional_group': 'amino', 'smiles_inds': [2]}, {'functional_group': 'aldehyde', 'smiles_inds': [0]}, {'functional_group': 'carboxylate', 'smiles_inds': [3]}, {'functional_group': 'aldehyde', 'smiles_inds': [9]}]",0.9999901674041713
16,top,[nH+]1cc[nH+]c2c1c1cccnc1c1ncccc21,"[13, 10]","[{'functional_group': 'carboxylate', 'smiles_inds': [14]}, {'functional_group': 'aldehyde', 'smiles_inds': [16]}, {'functional_group': 'methyl', 'smiles_inds': [3]}, {'functional_group': 'carboxylate', 'smiles_inds': [15]}, {'functional_group': 'phenyl', 'smiles_inds': [2]}, {'functional_group': 'phenyl', 'smiles_inds': [1]}, {'functional_group': '2-hydroxypyridine', 'smiles_inds': [9]}, {'functional_group': 'cyano', 'smiles_inds': [7]}, {'functional_group': 'carboxylate', 'smiles_inds': [8]}]",0.9999904538506829
16,top,NC1C(O)C(N)C(O)C(NCCNC2C(O)C(N)C(O)C(N)C2O)C1O,"[0, 9, 12, 17, 21, 5]",[],0.9999942954214629
16,top,[nH+]1cc[nH+]c2c1c1cccnc1c1ncccc21,"[13, 10]","[{'functional_group': 'carboxylate', 'smiles_inds': [14]}, {'functional_group': 'aldehyde', 'smiles_inds': [16]}, {'functional_group': 'methyl', 'smiles_inds': [3]}, {'functional_group': 'carboxylate', 'smiles_inds': [15]}, {'functional_group': 'phenyl', 'smiles_inds': [2]}, {'functional_group': 'phenyl', 'smiles_inds': [1]}, {'functional_group': '2-hydroxypyridine', 'smiles_inds': [9]}, {'functional_group': 'carboxylate', 'smiles_inds': [7]}]",0.9999946613769918
16,top,O=C(NCCN(CCNC(=O)C1=C([O-])C(=O)C=CO1)CCNC(=O)C1=C([O-])C(=O)C=CO1)C1=C([O-])C(=O)C=CO1,"[34, 36, 13, 15, 26, 28]","[{'functional_group': 'cyanimide', 'smiles_inds': [21]}, {'functional_group': 'hydroxyl', 'smiles_inds': [4]}]",0.999995649947834
16,top,[nH+]1cc[nH+]c2c1c1cccnc1c1ncccc21,"[13, 10]","[{'functional_group': 'carboxylate', 'smiles_inds': [14]}, {'functional_group': 'aldehyde', 'smiles_inds': [16]}, {'functional_group': 'amino', 'smiles_inds': [7]}, {'functional_group': 'amino', 'smiles_inds': [8]}, {'functional_group': 'aldehyde', 'smiles_inds': [15]}, {'functional_group': 'amino', 'smiles_inds': [2]}, {'functional_group': 'aldehyde', 'smiles_inds': [0]}, {'functional_group': 'carboxylate', 'smiles_inds': [3]}, {'functional_group': 'carboxylate', 'smiles_inds': [9]}]",0.9999957435423985
16,top,[nH+]1cc[nH+]c2c1c1cccnc1c1ncccc21,"[13, 10]","[{'functional_group': 'carboxylate', 'smiles_inds': [14]}, {'functional_group': 'aldehyde', 'smiles_inds': [16]}, {'functional_group': 'methyl', 'smiles_inds': [3]}, {'functional_group': 'carboxylate', 'smiles_inds': [15]}, {'functional_group': 'phenyl', 'smiles_inds': [2]}, {'functional_group': 'phenyl', 'smiles_inds': [1]}, {'functional_group': '2-hydroxypyridine', 'smiles_inds': [9]}, {'functional_group': 'amino', 'smiles_inds': [8]}, {'functional_group': 'carboxylate', 'smiles_inds': [7]}]",0.9999964180347315
16,top,O=C1c2ccccc2OC=C1c1ncc2c(Oc3ccccc3C2=O)n1,"[0, 12]","[{'functional_group': 'carboxylate', 'smiles_inds': [3]}]",0.9999980139928322
16,top,O=C(NCCN(CCNC(=O)C1=C([O-])C(=O)C=CO1)CCNC(=O)C1=C([O-])C(=O)C=CO1)C1=C([O-])C(=O)C=CO1,"[34, 36, 13, 15, 26, 28]",[],0.9999983038775486
16,top,NC(=NN=C([O-])C(=NNC(=O)c1cccc(n1)C(=O)NN=C(C([O-])=NN=C(N)c1ccccn1)c1ccccc1)c1ccccc1)c1ccccn1,"[23, 5, 51, 2, 25, 33]","[{'functional_group': 'hydroxyl', 'smiles_inds': [19]}, {'functional_group': 'aldehyde', 'smiles_inds': [31]}]",0.9999994458359964
16,top,NC(=NN=C([O-])C(=NNC(=O)c1cccc(n1)C(=O)NN=C(C([O-])=NN=C(N)c1ccccn1)c1ccccc1)c1ccccc1)c1ccccn1,"[23, 5, 51, 2, 25, 33]",[],0.999999565618628
17,bottom,CP(CCP(C)c1c(cc(cc1C([Si](C)(C)C)[Si](C)(C)C)C([Si](C)(C)C)([Si](C)(C)C)[Si](C)(C)C)C([Si](C)(C)C)[Si](C)(C)C)c1c(cc(cc1C([Si](C)(C)C)[Si](C)(C)C)C([Si](C)(C)C)([Si](C)(C)C)[Si](C)(C)C)C([Si-](C)C)[Si](C)(C)C,"[4, 72, 1]","[{'functional_group': 'phenyl', 'smiles_inds': [41]}]",2.839423735240194e-23
17,bottom,CCCCCC1c2cc3C(CCCCC)c4cc5C(CCCCC)c6cc7C(CCCCC)c8cc1c1OCOc2cc3OCOc4c(P(c2ccccc2)c2ccccc2)c5OCOc6cc7OCOc8c1OCc1cccc(COc2c3OCOc4cc5OCOc6c7cc8C(CCCCC)c9cc%10C(CCCCC)c(cc3C(CCCCC)c4cc5C7CCCCC)c2OCOc%10cc9OCOc8c6P(c2ccccc2)c2ccccc2)c1,"[48, 142]","[{'functional_group': 'amino', 'smiles_inds': [85]}]",3.383318710257966e-23
17,bottom,O=C1N2CN3C(=O)N4CN5C6C7N(CN8C(=O)N9CN%10C%11C%12N(CN%13C(=O)N%14CN1C1C2N2CN%15C(=O)N(CN6C(=O)N7CN6C(=O)N(CN%11C(=O)N%12CN7C(=O)N(CN1C2=O)C1%14CCCCC%1371)C19CCCCC861)C14CCCCC3%151)C%10=O)C5=O,"[36, 61]","[{'functional_group': 'tribromo', 'smiles_inds': [10]}, {'functional_group': 'phenyl', 'smiles_inds': [28]}]",5.012598706968299e-23
17,bottom,O=C1N2CN3C(=O)N4CN5C6C7N(CN8C(=O)N9CN%10C%11C%12N(CN%13C(=O)N%14CN1C1C2N2CN%15C(=O)N(CN6C(=O)N7CN6C(=O)N(CN%11C(=O)N%12CN7C(=O)N(CN1C2=O)C1%14CCCCC%1371)C19CCCCC861)C14CCCCC3%151)C%10=O)C5=O,"[36, 61]","[{'functional_group': 'thiol', 'smiles_inds': [31]}]",1.873420099162092e-22
17,bottom,O=C1N2CN3C(=O)N4CN5C6C7N(CN8C(=O)N9CN%10C%11C%12N(CN%13C(=O)N%14CN1C1C2N2CN%15C(=O)N(CN6C(=O)N7CN6C(=O)N(CN%11C(=O)N%12CN7C(=O)N(CN1C2=O)C1%14CCCCC%1371)C19CCCCC861)C14CCCCC3%151)C%10=O)C5=O,"[36, 61]","[{'functional_group': '2-hydroxypyridine', 'smiles_inds': [20]}, {'functional_group': 'aldehyde', 'smiles_inds': [43]}]",2.662120325916862e-22
17,bottom,CP(CCP(C)c1c(cc(cc1C([Si](C)(C)C)[Si](C)(C)C)C([Si](C)(C)C)([Si](C)(C)C)[Si](C)(C)C)C([Si](C)(C)C)[Si](C)(C)C)c1c(cc(cc1C([Si](C)(C)C)[Si](C)(C)C)C([Si](C)(C)C)([Si](C)(C)C)[Si](C)(C)C)C([Si-](C)C)[Si](C)(C)C,"[4, 72, 1]",[],2.9723575528643226e-22
17,bottom,COC(=O)C(C)(C)NC(=O)C(NC(=O)C1(CCCCC1)NC(=O)C(C)(C)NC(=O)C1(CCCCC1)NC(=O)C(C)(C)NC(=O)c1ccc(nc1)c1ccc(cn1)C(=O)NC(C)(C)C(=O)NC1(CCCCC1)C(=O)NC(C)(C)C(=O)NC1(CCCCC1)C(=O)NC(C(C)C)C(=O)NC(C)(C)C(=O)OC)C(C)C,"[55, 48]",[],3.2176750761944904e-21
17,bottom,C[Si](C)(C)C(c1cc(C([Si](C)(C)C)[Si](C)(C)C)c(Sc2ccccc2[Se]c2ccccc2[Se]c2ccccc2Sc2c(cc(cc2C([Si](C)(C)C)[Si](C)(C)C)C([Si](C)(C)C)[Si](C)(C)C)C([Si](C)(C)C)[Si](C)(C)C)c(c1)C([Si](C)(C)C)[Si](C)(C)C)[Si](C)(C)C,"[25, 32]","[{'functional_group': 'carboxyl', 'smiles_inds': [8]}, {'functional_group': 'cyanimide', 'smiles_inds': [85]}]",1.5157763978973604e-19
17,bottom,O=C1N2CN3C4C5N(CN6C7C8N(CN9C%10C%11N(CN%12C%13C%14N(CN%15C%16C%17N(CN1C1C2N2CN4C(=O)N5CN7C(=O)N8CN%10C(=O)N%11CN%13C(=O)N%14CN%16C(=O)N%17CN1C2=O)C%15=O)C%12=O)C9=O)C6=O)C3=O,"[65, 67, 69]","[{'functional_group': 'fluoro', 'smiles_inds': [38]}, {'functional_group': 'methyl_ester', 'smiles_inds': [15]}]",8.139224898838449e-17
17,bottom,Cc1cc(c2ccc(cc2)N(c2ccccc2)c2ccccc2)c(N=C(C)C(C)=Nc2c(cc(C)cc2c2ccc(cc2)N(c2ccccc2)c2ccccc2)c2ccc(cc2)N(c2ccccc2)c2ccccc2)c(c1)c1ccc(cc1)N(c1ccccc1)c1ccccc1,"[24, 29]","[{'functional_group': 'ketone', 'smiles_inds': [42]}]",1.2565072982962902e-16
17,bottom,Cc1cc(c2ccc(cc2)N(c2ccccc2)c2ccccc2)c(N=C(C)C(C)=Nc2c(cc(C)cc2c2ccc(cc2)N(c2ccccc2)c2ccccc2)c2ccc(cc2)N(c2ccccc2)c2ccccc2)c(c1)c1ccc(cc1)N(c1ccccc1)c1ccccc1,"[24, 29]","[{'functional_group': 'ethyl', 'smiles_inds': [45]}]",1.427141161384823e-16
17,bottom,C[Si](C)(C)c1cc(cc(c1)[Si](C)(C)C)C(C(=O)Nc1cccc(NC(=O)C(c2cc(cc(c2)[Si](C)(C)C)[Si](C)(C)C)(c2cc(cc(c2)[Si](C)(C)C)[Si](C)(C)C)c2cc(cc(c2)[Si](C)(C)C)[Si](C)(C)C)c1[S-])(c1cc(cc(c1)[Si](C)(C)C)[Si](C)(C)C)c1cc(cc(c1)[Si](C)(C)C)[Si](C)(C)C,"[70, 16]","[{'functional_group': 'ketone', 'smiles_inds': [17]}, {'functional_group': 'ethyl', 'smiles_inds': [12]}, {'functional_group': 'carboxyllic_acid', 'smiles_inds': [93]}]",4.611996687228707e-16
17,bottom,Cc1cc(c2ccc(cc2)N(c2ccccc2)c2ccccc2)c(N=C(C)C(C)=Nc2c(cc(C)cc2c2ccc(cc2)N(c2ccccc2)c2ccccc2)c2ccc(cc2)N(c2ccccc2)c2ccccc2)c(c1)c1ccc(cc1)N(c1ccccc1)c1ccccc1,"[24, 29]",[],5.517201313733408e-16
17,bottom,Cc1cc(C(c2ccc(cc2)C2CCCCC2)c2ccc(cc2)C2CCCCC2)c(N=C(C)C(C)=Nc2c(cc(C)cc2C(c2ccc(cc2)C2CCCCC2)c2ccc(cc2)C2CCCCC2)C(c2ccc(cc2)C2CCCCC2)c2ccc(cc2)C2CCCCC2)c(c1)C(c1ccc(cc1)C1CCCCC1)c1ccc(cc1)C1CCCCC1,"[30, 35]","[{'functional_group': 'amide', 'smiles_inds': [78]}]",2.8911301738178313e-15
17,bottom,CC(C)(C)c1cc2c(OP(Oc3c2cc(cc3C(C)(C)C)C(C)(C)C)O[Si]2(O[Si]3(O[Si](OP4Oc5c(cc(cc5C(C)(C)C)C(C)(C)C)c5cc(cc(c5O4)C(C)(C)C)C(C)(C)C)(O[Si]4(O[Si](O3)(O[Si](O2)(O[Si](O4)(O[Si](C)(c2ccccc2)c2ccccc2)C2CCCC2)C2CCCC2)C2CCCC2)C2CCCC2)C2CCCC2)C2CCCC2)C2CCCC2)c(c1)C(C)(C)C,"[9, 32]","[{'functional_group': 'fluoro', 'smiles_inds': [110]}]",3.870037863262356e-15
17,bottom,C1CCCCCCCOc2ccc(cc2)P2c3ccc(OCCCCCCCCCCCCCCOc4ccc(cc4)P(c4ccc(OCCCCCC1)cc4)c1ccc(OCCCCCCCCCCCCCCOc4ccc2cc4)cc1)cc3,"[15, 42]","[{'functional_group': '2-methylbenzoic_acid', 'smiles_inds': [31]}, {'functional_group': 'cyanimide', 'smiles_inds': [41]}]",4.657467836705038e-14
17,bottom,COc1c(cc(cc1C12CC3CC(CC(C3)C1)C2)P(c1cc(c(OC)c(c1)C12CC3CC(CC(C3)C1)C2)C12CC3CC(CC(C3)C1)C2)c1ccccc1CNc1cccc2CCC3(CCc4cccc(P(c5cc(cc(c5)C(C)(C)C)C(C)(C)C)c5cc(cc(c5)C(C)(C)C)C(C)(C)C)c34)c12)C12CC3CC(CC(C3)C1)C2,"[70, 18, 54]","[{'functional_group': 'bromo', 'smiles_inds': [107]}, {'functional_group': '2-methylbenzoic_acid', 'smiles_inds': [53]}, {'functional_group': 'carbonyl', 'smiles_inds': [48]}]",1.3222082687251235e-13
17,bottom,CC(C)N1C([Ge]=[Si](c2c(cc(cc2C(C)C)C(C)C)C(C)C)[Si](Cl)(c2c(cc(cc2C(C)C)C(C)C)C(C)C)c2c(cc(cc2C(C)C)C(C)C)C(C)C)N(C(C)C)C(=C1C)C,[5],"[{'functional_group': 'hydroxyl', 'smiles_inds': [55]}]",1.936426797789856e-13
17,bottom,CC(C)c1cc(C(C)C)c(c(c1)C(C)C)[Si](F)(P1P[Si]1(c1c(cc(cc1C(C)C)C(C)C)C(C)C)c1c(cc(cc1C(C)C)C(C)C)C(C)C)c1c(cc(cc1C(C)C)C(C)C)C(C)C,[18],"[{'functional_group': 'cyanimide', 'smiles_inds': [22]}]",2.037328215901106e-13
17,bottom,C[NH+]1CCN2CCN(C)Cc3cccc(c3)C(=O)Nc3ccccc3C3=C4NC(=C(C5=NC(=C(C6=NC(=C(C7=CC=C([N-]7)C(=C7NC(=C(C8=CC=C3N8)c3c(F)c(F)c(F)c(F)c3F)C=C7)c3ccccc3NC(=O)c3cccc(CN(C)CC2)c3)c2c(F)c(F)c(F)c(F)c2F)C=C6)c2ccccc2NC(=O)c2cccc(C1)c2)C=C5)c1c(F)c(F)c(F)c(F)c1F)C=C4,"[42, 35]","[{'functional_group': 'iodo', 'smiles_inds': [105]}]",2.2010889666964045e-13
17,median,CSCCSCCN1C=Nc2c(N)ncnc12,"[4, 1]",[],0.3214631515701346
17,median,C1CNC2=NCCN2C1,[4],"[{'functional_group': 'aldehyde', 'smiles_inds': [0]}]",0.3214950668644158
17,median,[NH3+]C12C[NH2+]CC[NH2+]CC(C)(CNCC[NH2+]C1)CSCCNC2,"[17, 6, 11, 20, 3, 14]","[{'functional_group': 'carboxyl', 'smiles_inds': [9]}]",0.3215408522962818
17,median,O=N(=O)c1ccc2N=C([S-])Sc2c1,"[7, 9]","[{'functional_group': 'trifluro', 'smiles_inds': [12]}, {'functional_group': '2-hydroxypyridine', 'smiles_inds': [5]}]",0.32156246206504585
17,median,N#Cc1ccc(cc1)C(=C1C=CC=N1)C1=CC=C[N-]1,"[18, 13]",[],0.3215910912118491
17,median,COC(=O)CSCc1cccc(CSCC(=O)OC)[c-]1,"[19, 5, 13]",[],0.3216709191644586
17,median,[nH+]1ccc(cc1)C1=N[N-]N=N1,[8],"[{'functional_group': 'amino', 'smiles_inds': [1]}, {'functional_group': 'trifluro', 'smiles_inds': [4]}, {'functional_group': 'ethyl', 'smiles_inds': [2]}]",0.3218700410494736
17,median,O=C1N(Cc2ccncc2)C(=O)c2cccc3cccc1c23,[7],"[{'functional_group': 'ketone', 'smiles_inds': [13]}, {'functional_group': 'carbonyl', 'smiles_inds': [3]}]",0.32201929518944217
17,median,COC(=O)C=[C-]N1C(=S)Sc2ccccc12,"[8, 5]",[],0.32204089631452015
17,median,COc1cccc(C=Nc2c(F)c(F)c(F)c(F)c2F)c1[O-],"[8, 21]",[],0.3220841401508758
17,median,O=S(c1ccccn1)c1ccccn1,"[0, 13]",[],0.3221249239132059
17,median,Oc1ccc(CC(NCc2ccncc2)C(=O)[O-])cc1,"[7, 17]","[{'functional_group': 'methyl', 'smiles_inds': [2]}]",0.32213039465325144
17,median,CC(C)Oc1cccc(C=NCC(C)(C)CNCCNCC(C)(C)CN=Cc2cccc(OC(C)C)c2[O-])c1[O-],"[39, 37, 19, 16, 10, 25]",[],0.32222239463072916
17,median,CN(C)Cc1cccc(c1[O-])C(C)(C)C,"[1, 10]",[],0.32228393986723924
17,median,C(N1C=C(N=N1)c1ccc(nc1)c1ccccn1)c1ccccc1,"[17, 1]",[],0.32232569452750476
17,median,Clc1cccc(n1)c1cccc(Cl)n1,"[13, 6]",[],0.32246291573896707
17,median,CCC(CC)=NNC(=O)OCc1ccccc1,"[8, 5]","[{'functional_group': 'chloro', 'smiles_inds': [16]}, {'functional_group': 'phenyl', 'smiles_inds': [0]}]",0.3224952643769532
17,median,OCC1=NC=CN1Cc1ccccc1,"[0, 3]",[],0.3225165166274944
17,median,Cc1ccc(c([O-])c1)C1=Nc2ccccc2S1,"[6, 9]",[],0.3225281251390493
17,median,Cc1cc(C)c(c([O-])c1C(=O)NC(C)(C)CO)C1=NC(C)(C)CO1,"[7, 18]",[],0.3225403829896493
17,top,[nH+]1cc[nH+]c2c1c1cccnc1c1ncccc21,"[13, 10]","[{'functional_group': 'carboxylate', 'smiles_inds': [14]}, {'functional_group': 'aldehyde', 'smiles_inds': [16]}, {'functional_group': 'amino', 'smiles_inds': [7]}, {'functional_group': 'amino', 'smiles_inds': [8]}, {'functional_group': 'aldehyde', 'smiles_inds': [15]}, {'functional_group': 'amino', 'smiles_inds': [2]}, {'functional_group': 'aldehyde', 'smiles_inds': [0]}, {'functional_group': 'carboxylate', 'smiles_inds': [3]}, {'functional_group': 'chloro', 'smiles_inds': [1]}]",0.9999776010317517
17,top,[nH+]1cc[nH+]c2c1c1cccnc1c1ncccc21,"[13, 10]","[{'functional_group': 'carboxylate', 'smiles_inds': [14]}, {'functional_group': 'aldehyde', 'smiles_inds': [16]}, {'functional_group': 'amino', 'smiles_inds': [7]}, {'functional_group': 'amino', 'smiles_inds': [8]}, {'functional_group': 'aldehyde', 'smiles_inds': [15]}, {'functional_group': 'amino', 'smiles_inds': [2]}, {'functional_group': 'aldehyde', 'smiles_inds': [0]}, {'functional_group': 'carboxylate', 'smiles_inds': [3]}, {'functional_group': 'thiol', 'smiles_inds': [1]}]",0.9999781698322482
17,top,[nH+]1cc[nH+]c2c1c1cccnc1c1ncccc21,"[13, 10]","[{'functional_group': 'carboxylate', 'smiles_inds': [14]}, {'functional_group': 'aldehyde', 'smiles_inds': [16]}, {'functional_group': 'amino', 'smiles_inds': [7]}, {'functional_group': 'amino', 'smiles_inds': [8]}, {'functional_group': 'aldehyde', 'smiles_inds': [15]}, {'functional_group': 'amino', 'smiles_inds': [2]}, {'functional_group': 'aldehyde', 'smiles_inds': [0]}, {'functional_group': 'carboxylate', 'smiles_inds': [3]}, {'functional_group': 'hydroxyl', 'smiles_inds': [1]}]",0.999978196041856
17,top,NC(=NN=C([O-])c1cc(Cl)cc(n1)C([O-])=NN=C(N)c1ccccn1)c1ccccn1,"[12, 5, 14]","[{'functional_group': 'bromo', 'smiles_inds': [10]}]",0.9999802394781695
17,top,[nH+]1cc[nH+]c2c1c1cccnc1c1ncccc21,"[13, 10]","[{'functional_group': 'carboxylate', 'smiles_inds': [14]}, {'functional_group': 'aldehyde', 'smiles_inds': [16]}, {'functional_group': 'amino', 'smiles_inds': [7]}, {'functional_group': 'amino', 'smiles_inds': [8]}, {'functional_group': 'aldehyde', 'smiles_inds': [15]}, {'functional_group': 'amino', 'smiles_inds': [2]}, {'functional_group': 'aldehyde', 'smiles_inds': [0]}, {'functional_group': 'carboxylate', 'smiles_inds': [3]}, {'functional_group': 'carboxyl', 'smiles_inds': [9]}]",0.9999811755892681
17,top,[nH+]1cc[nH+]c2c1c1cccnc1c1ncccc21,"[13, 10]","[{'functional_group': 'carboxylate', 'smiles_inds': [14]}, {'functional_group': 'aldehyde', 'smiles_inds': [16]}, {'functional_group': 'amino', 'smiles_inds': [7]}, {'functional_group': 'amino', 'smiles_inds': [8]}, {'functional_group': 'aldehyde', 'smiles_inds': [15]}, {'functional_group': 'amino', 'smiles_inds': [2]}, {'functional_group': 'aldehyde', 'smiles_inds': [0]}, {'functional_group': 'carboxylate', 'smiles_inds': [3]}, {'functional_group': 'iodo', 'smiles_inds': [1]}]",0.9999814719851233
17,top,OCC(CO)(C[O-])N=Cc1cc(cc(c1[O-])N(=O)=O)N(=O)=O,"[6, 7, 15]","[{'functional_group': 'carboxylate', 'smiles_inds': [12]}, {'functional_group': 'thiol', 'smiles_inds': [10]}]",0.9999826911207258
17,top,[nH+]1cc[nH+]c2c1c1cccnc1c1ncccc21,"[13, 10]","[{'functional_group': 'carboxylate', 'smiles_inds': [14]}, {'functional_group': 'aldehyde', 'smiles_inds': [16]}, {'functional_group': 'methyl', 'smiles_inds': [3]}, {'functional_group': 'carboxylate', 'smiles_inds': [15]}, {'functional_group': 'phenyl', 'smiles_inds': [2]}, {'functional_group': 'carboxyllic_acid', 'smiles_inds': [7]}, {'functional_group': 'aldehyde', 'smiles_inds': [0]}, {'functional_group': 'ethyl_ester', 'smiles_inds': [9]}, {'functional_group': 'aldehyde', 'smiles_inds': [8]}]",0.9999832758774165
17,top,CC(CN=CC1=NC=CN1)(CN=CC1=NC=CN1)CN=CC1=NC=CN1,"[19, 3, 22, 6, 11, 14]","[{'functional_group': 'ketone', 'smiles_inds': [17]}, {'functional_group': 'amino', 'smiles_inds': [4]}]",0.999983559706875
17,top,O=C1C(=C(CN2CCOCC2)C=C(CN2CCOCC2)C=C1CN1CCOCC1)[O-],"[29, 0]","[{'functional_group': 'phosphonate', 'smiles_inds': [24]}]",0.9999849328617011
17,top,[nH+]1cc[nH+]c2c1c1cccnc1c1ncccc21,"[13, 10]","[{'functional_group': 'carboxylate', 'smiles_inds': [14]}, {'functional_group': 'aldehyde', 'smiles_inds': [16]}, {'functional_group': 'methyl', 'smiles_inds': [3]}, {'functional_group': 'carboxylate', 'smiles_inds': [15]}, {'functional_group': 'phenyl', 'smiles_inds': [2]}, {'functional_group': 'phenyl', 'smiles_inds': [1]}, {'functional_group': '2-hydroxypyridine', 'smiles_inds': [9]}, {'functional_group': 'cyano', 'smiles_inds': [7]}, {'functional_group': 'carboxylate', 'smiles_inds': [8]}]",0.9999854304346818
17,top,[nH+]1cc[nH+]c2c1c1cccnc1c1ncccc21,"[13, 10]","[{'functional_group': 'carboxylate', 'smiles_inds': [14]}, {'functional_group': 'aldehyde', 'smiles_inds': [16]}, {'functional_group': 'methyl', 'smiles_inds': [3]}, {'functional_group': 'carboxylate', 'smiles_inds': [15]}, {'functional_group': 'phenyl', 'smiles_inds': [2]}, {'functional_group': 'carboxyllic_acid', 'smiles_inds': [7]}, {'functional_group': 'aldehyde', 'smiles_inds': [0]}, {'functional_group': 'carboxylate', 'smiles_inds': [9]}]",0.999987091244318
17,top,O=C1C(=C(CN2CCOCC2)C=C(CN2CCOCC2)C=C1CN1CCOCC1)[O-],"[29, 0]",[],0.9999904358052364
17,top,[nH+]1cc[nH+]c2c1c1cccnc1c1ncccc21,"[13, 10]","[{'functional_group': 'carboxylate', 'smiles_inds': [14]}, {'functional_group': 'aldehyde', 'smiles_inds': [16]}, {'functional_group': 'methyl', 'smiles_inds': [3]}, {'functional_group': 'carboxylate', 'smiles_inds': [15]}, {'functional_group': 'phenyl', 'smiles_inds': [2]}, {'functional_group': 'phenyl', 'smiles_inds': [1]}, {'functional_group': '2-hydroxypyridine', 'smiles_inds': [9]}, {'functional_group': 'methyl', 'smiles_inds': [7]}, {'functional_group': 'carboxylate', 'smiles_inds': [8]}]",0.9999906144445577
17,top,[nH+]1cc[nH+]c2c1c1cccnc1c1ncccc21,"[13, 10]","[{'functional_group': 'carboxylate', 'smiles_inds': [14]}, {'functional_group': 'aldehyde', 'smiles_inds': [16]}, {'functional_group': 'amino', 'smiles_inds': [7]}, {'functional_group': 'amino', 'smiles_inds': [8]}, {'functional_group': 'aldehyde', 'smiles_inds': [15]}, {'functional_group': 'amino', 'smiles_inds': [2]}, {'functional_group': 'aldehyde', 'smiles_inds': [0]}, {'functional_group': 'carboxylate', 'smiles_inds': [3]}, {'functional_group': 'thiol', 'smiles_inds': [1]}, {'functional_group': 'carboxylate', 'smiles_inds': [9]}]",0.9999952052688681
17,top,O=C(NCCN(CCNC(=O)C1=C([O-])C(=O)C=CO1)CCNC(=O)C1=C([O-])C(=O)C=CO1)C1=C([O-])C(=O)C=CO1,"[34, 36, 13, 15, 26, 28]","[{'functional_group': 'phosphonate', 'smiles_inds': [19]}]",0.9999968687678549
17,top,O=C(NC1COC(=O)C(COC(=O)C(COC1=O)NC(=O)c1ccc2cccnc2c1[O-])NC(=O)c1ccc2cccnc2c1[O-])c1ccc2cccnc2c1[O-],"[56, 42, 53, 28, 31, 45]",[],0.9999978242984361
17,top,NC1C(O)C(N)C([O-])C(NCCNC2C(O)C(N)C(O)C(N)C2[O-])C1O,"[12, 9, 21, 5, 23, 7]",[],0.9999983336865931
17,top,NC1C(O)C(N)C([O-])C(NCCNC2C(O)C(N)C(O)C(N)C2[O-])C1O,"[12, 9, 21, 5, 23, 7]","[{'functional_group': 'fluoro', 'smiles_inds': [3]}]",0.9999983575919483
17,top,NC(=NN=C([O-])C(=NNC(=O)c1cccc(n1)C(=O)NN=C(C([O-])=NN=C(N)c1ccccn1)c1ccccc1)c1ccccc1)c1ccccn1,"[23, 5, 51, 2, 25, 33]",[],0.9999995325655098
18,bottom,O=C1N2CN3C(=O)N4CN5C(=O)N6CN7C(=O)N8CN9C(=O)N%10CN%11C(=O)N%12CN1C1%13CCCCC21N1CN2C(=O)N(CN%14C(=O)N(CN%15C(=O)N(CN%16C(=O)N(CN%17C(=O)N(CN%13C1=O)C1%12CCCCC%11%171)C1%10CCCCC9%161)C18CCCCC7%151)C16CCCCC5%141)C14CCCCC321,"[26, 0, 6]","[{'functional_group': 'amide', 'smiles_inds': [69]}]",2.921589078502885e-29
18,bottom,CCCCCC1c2cc3C(CCCCC)c4cc5C(CCCCC)c6cc7C(CCCCC)c8cc1c1OCOc2cc3OCOc4c(P(c2ccccc2)c2ccccc2)c5OCOc6cc7OCOc8c1OCc1cccc(COc2c3OCOc4cc5OCOc6c7cc8C(CCCCC)c9cc%10C(CCCCC)c(cc3C(CCCCC)c4cc5C7CCCCC)c2OCOc%10cc9OCOc8c6P(c2ccccc2)c2ccccc2)c1,"[48, 142]","[{'functional_group': 'cyanimide', 'smiles_inds': [91]}]",3.374870487295607e-25
18,bottom,CCCCCC1c2cc3C(CCCCC)c4cc5C(CCCCC)c6cc7C(CCCCC)c8cc1c1OCOc2cc3OCOc4c(P(c2ccccc2)c2ccccc2)c5OCOc6cc7OCOc8c1OCc1cccc(COc2c3OCOc4cc5OCOc6c7cc8C(CCCCC)c9cc%10C(CCCCC)c(cc3C(CCCCC)c4cc5C7CCCCC)c2OCOc%10cc9OCOc8c6P(c2ccccc2)c2ccccc2)c1,"[48, 142]","[{'functional_group': 'carboxyl', 'smiles_inds': [132]}]",1.0756953499058825e-24
18,bottom,C[Si](C)(C)c1cc(cc(c1)[Si](C#CP(C#C[Si](c1cc(cc(c1)[Si](C)(C)C)[Si](C)(C)C)(c1cc(cc(c1)[Si](C)(C)C)[Si](C)(C)C)c1cc(cc(c1)[Si](C)(C)C)[Si](C)(C)C)C#C[Si](c1cc(cc(c1)[Si](C)(C)C)[Si](C)(C)C)(c1cc(cc(c1)[Si](C)(C)C)[Si](C)(C)C)c1cc(cc(c1)[Si](C)(C)C)[Si](C)(C)C)(c1cc(cc(c1)[Si](C)(C)C)[Si](C)(C)C)c1cc(cc(c1)[Si](C)(C)C)[Si](C)(C)C)[Si](C)(C)C,[13],"[{'functional_group': 'phenyl', 'smiles_inds': [63]}]",2.3908588699824448e-23
18,bottom,COC(=O)C(C)(C)NC(=O)C(NC(=O)C1(CCCCC1)NC(=O)C(C)(C)NC(=O)C1(CCCCC1)NC(=O)C(C)(C)NC(=O)c1ccc(nc1)c1ccc(cn1)C(=O)NC(C)(C)C(=O)NC1(CCCCC1)C(=O)NC(C)(C)C(=O)NC1(CCCCC1)C(=O)NC(C(C)C)C(=O)NC(C)(C)C(=O)OC)C(C)C,"[55, 48]","[{'functional_group': 'carboxyl', 'smiles_inds': [91]}, {'functional_group': 'cyanimide', 'smiles_inds': [24]}]",8.086256830616661e-23
18,bottom,O=C1N2CN3C(=O)N4CN5C6C7N(CN8C(=O)N9CN%10C%11C%12N(CN%13C(=O)N%14CN1C1C2N2CN%15C(=O)N(CN6C(=O)N7CN6C(=O)N(CN%11C(=O)N%12CN7C(=O)N(CN1C2=O)C1%14CCCCC%1371)C19CCCCC861)C14CCCCC3%151)C%10=O)C5=O,"[36, 61]","[{'functional_group': 'carbonyl', 'smiles_inds': [43]}]",3.5840208869298875e-21
18,bottom,CCC(C)C1NC(=O)C(C)NC(=O)C(CSSCC2NC(=O)C(CCC(N)=O)NC(=O)C(C)NC(=O)C3CCCN3C(=O)C(CCC(O)=O)NC(=O)CNC(=O)C(C)NC(=O)C(CCCNC(N)=N)NC(=O)C(CSSCC(NC(=O)C(CC(N)=O)NC2=O)C(O)=O)NC(=O)C(CC2=CN=CN2)NC1=O)NC(=O)C(CC1=CN=CN1)NC(=O)C(CC(C)C)NC(=O)C(CC(O)=O)NC(C)=O,"[112, 99]","[{'functional_group': 'carbonyl', 'smiles_inds': [102]}]",7.132595724007214e-20
18,bottom,CC(C)CC1NC(=O)C2(CCC(=O)NC(CC(O)=O)C(=O)NC(CC3=CNc4ccccc34)C(=O)N2)CSCC(NC(=O)C(CCC(O)=O)NC(=O)C(CC2=CNc3ccccc23)NC1=O)C(=O)NC1CSSCC(NC(=O)C2CSCC3(CC(NC1=O)C(=O)NC(C(C)O)C(=O)NCC(=O)N3)C(=O)NC(CC(C)C)C(=O)NC(Cc1ccccc1)C(=O)NC(C)C(=O)N2)C(O)=O,"[77, 87]","[{'functional_group': 'carboxylate', 'smiles_inds': [112]}]",1.5095506636477792e-18
18,bottom,O=C1N2CN3C4C5N(CN6C7C8N(CN9C%10C%11N(CN%12C%13C%14N(CN%15C%16C%17N(CN%18C%19C%20N(CN1C1C2N2CN4C(=O)N5CN7C(=O)N8CN%10C(=O)N%11CN%13C(=O)N%14CN%16C(=O)N%17CN%19C(=O)N%20CN1C2=O)C%18=O)C%15=O)C%12=O)C9=O)C6=O)C3=O,"[0, 73]","[{'functional_group': 'carboxyllic_acid', 'smiles_inds': [20]}, {'functional_group': 'trichloro', 'smiles_inds': [11]}]",3.3398551425713986e-18
18,bottom,Cc1cc(c2ccc(cc2)N(c2ccccc2)c2ccccc2)c(N=C(C)C(C)=Nc2c(cc(C)cc2c2ccc(cc2)N(c2ccccc2)c2ccccc2)c2ccc(cc2)N(c2ccccc2)c2ccccc2)c(c1)c1ccc(cc1)N(c1ccccc1)c1ccccc1,"[24, 29]",[],8.089985126300928e-16
18,bottom,N=P(c1ccccc1c1cc(cc(c1)c1ccccc1P(=[N-])(C12CC3CC(CC(C3)C1)C2)C12CC3CC(CC(C3)C1)C2)c1ccccc1P(=[N-])(C12CC3CC(CC(C3)C1)C2)C12CC3CC(CC(C3)C1)C2)(C12CC3CC(CC(C3)C1)C2)C12CC3CC(CC(C3)C1)C2,"[0, 21, 49]","[{'functional_group': 'carbonyl', 'smiles_inds': [64]}, {'functional_group': 'ketone', 'smiles_inds': [88]}]",1.3876050165029155e-14
18,bottom,C[Si](C)(C)c1cc(cc(c1)[Si](C)(C)C)C(C(=O)Nc1cccc(NC(=O)C(c2cc(cc(c2)[Si](C)(C)C)[Si](C)(C)C)(c2cc(cc(c2)[Si](C)(C)C)[Si](C)(C)C)c2cc(cc(c2)[Si](C)(C)C)[Si](C)(C)C)c1[S-])(c1cc(cc(c1)[Si](C)(C)C)[Si](C)(C)C)c1cc(cc(c1)[Si](C)(C)C)[Si](C)(C)C,"[70, 16]","[{'functional_group': 'ketone', 'smiles_inds': [44]}, {'functional_group': 'carboxyllic_acid', 'smiles_inds': [72]}]",4.539394217796584e-14
18,bottom,C[NH+]1CCN2CCN(C)Cc3cccc(c3)C(=O)Nc3ccccc3C3=C4NC(=C(C5=NC(=C(C6=NC(=C(C7=CC=C([N-]7)C(=C7NC(=C(C8=CC=C3N8)c3c(F)c(F)c(F)c(F)c3F)C=C7)c3ccccc3NC(=O)c3cccc(CN(C)CC2)c3)c2c(F)c(F)c(F)c(F)c2F)C=C6)c2ccccc2NC(=O)c2cccc(C1)c2)C=C5)c1c(F)c(F)c(F)c(F)c1F)C=C4,"[42, 35]","[{'functional_group': 'trichloro', 'smiles_inds': [6]}]",1.1870913914307904e-13
18,bottom,C1C(CC(CC1N=CC=Cc1cccc(c1)N1C(=CC=C1c1ccccc1)c1ccccc1)N=CC=Cc1cccc(c1)N1C(=CC=C1c1ccccc1)c1ccccc1)N=CC=Cc1cccc(c1)N1C(=CC=C1c1ccccc1)c1ccccc1,"[6, 33, 60]",[],1.5658604795513168e-13
18,bottom,Cc1cc(C)c(B(CCCP(CCCB(c2c(C)cc(C)cc2C)c2c(C)cc(C)cc2C)CCP(CCCB(c2c(C)cc(C)cc2C)c2c(C)cc(C)cc2C)CCCB(c2c(C)cc(C)cc2C)c2c(C)cc(C)cc2C)c2c(C)cc(C)cc2C)c(C)c1,"[35, 10]","[{'functional_group': 'amide', 'smiles_inds': [68]}]",2.424123555446322e-13
18,bottom,CC(C)(C)C12P(Cc3ccccc3)P3C4(P(Cc5ccccc5)P1C1(P2C3(P41)C(C)(C)C)C(C)(C)C)C(C)(C)C,"[5, 15]","[{'functional_group': 'cyanimide', 'smiles_inds': [9]}, {'functional_group': 'amide', 'smiles_inds': [11]}, {'functional_group': 'carbonyl', 'smiles_inds': [2]}]",2.640492240662345e-13
18,bottom,C[Si](O[Si]1(O[Si]2(O[Si](OP(c3ccccc3)c3ccccc3)(O[Si]3(O[Si](OP(c4ccccc4)c4ccccc4)(O[Si](O[Si](O3)(O2)C2CCCC2)(O1)C1CCCC1)C1CCCC1)C1CCCC1)C1CCCC1)C1CCCC1)C1CCCC1)(c1ccccc1)c1ccccc1,"[27, 9]","[{'functional_group': 'tribromo', 'smiles_inds': [76]}]",3.3845203542111074e-13
18,bottom,CC1=CC[Sb](C1)c1c(cc(cc1C([Si](C)(C)C)[Si](C)(C)C)C([Si](C)(C)C)[Si](C)(C)C)C([Si](C)(C)C)[Si](C)(C)C,[4],"[{'functional_group': 'phenyl', 'smiles_inds': [10]}, {'functional_group': 'cyano', 'smiles_inds': [15]}]",3.989379347905068e-13
18,bottom,CC(C)(C)[Si](C)([Si]12[Ge][Si]1([Si](C)(C(C)(C)C)C(C)(C)C)[Si]2([Si](C)(C(C)(C)C)C(C)(C)C)[Si](C)(C(C)(C)C)C(C)(C)C)C(C)(C)C,[7],"[{'functional_group': 'bromo', 'smiles_inds': [27]}, {'functional_group': 'aldehyde', 'smiles_inds': [14]}, {'functional_group': 'carboxyllic_acid', 'smiles_inds': [16]}]",7.989165221659276e-13
18,bottom,CC(C)c1cc(cc(c1)C(C(=O)Nc1cccc(NC(=O)C(c2cc(cc(c2)C(C)C)C(C)C)(c2cc(cc(c2)C(C)C)C(C)C)c2cc(cc(c2)C(C)C)C(C)C)c1[S-])(c1cc(cc(c1)C(C)C)C(C)C)c1cc(cc(c1)C(C)C)C(C)C)C(C)C,"[59, 11]","[{'functional_group': 'ethyl', 'smiles_inds': [54]}, {'functional_group': 'phenyl', 'smiles_inds': [70]}]",9.022711581435418e-13
18,median,Nc1ccc(Cl)cc1N,"[8, 0]","[{'functional_group': 'methyl_ester', 'smiles_inds': [3]}]",0.31950845861682675
18,median,Nc1ccc[nH+]c1c1[nH+]cccc1N,"[13, 0]","[{'functional_group': 'cyano', 'smiles_inds': [2]}, {'functional_group': 'ethyl', 'smiles_inds': [3]}, {'functional_group': 'iodo', 'smiles_inds': [10]}, {'functional_group': 'chloro', 'smiles_inds': [9]}]",0.31952075727195317
18,median,CC1=CNN=C1,[4],"[{'functional_group': 'amino', 'smiles_inds': [5]}, {'functional_group': 'ether', 'smiles_inds': [3]}]",0.31954003602101555
18,median,N1C(=[NH+]c2c1c1cccnc1c1ncccc21)c1ccccc1,"[9, 12]","[{'functional_group': 'trifluro', 'smiles_inds': [13]}, {'functional_group': '2-methylbenzoic_acid', 'smiles_inds': [14]}]",0.31955201063725003
18,median,CP1SC(=PC1C(C)(C)C)C(C)(C)C,[1],"[{'functional_group': 'carboxylate', 'smiles_inds': [9]}, {'functional_group': 'carboxylate', 'smiles_inds': [0]}]",0.3195537768196542
18,median,CC(C)(C)c1cc(C=Nc2ccccc2[S-])c([O-])c(c1)C(C)(C)C,"[15, 17, 8]","[{'functional_group': 'thiol', 'smiles_inds': [2]}, {'functional_group': 'trifluro', 'smiles_inds': [3]}]",0.3195575697178902
18,median,COc1ccc(cc1)N=C([S-])C(C=NC(C)C)N(C(C)C)C([S-])=Nc1ccc(OC)cc1,"[22, 10, 17]","[{'functional_group': 'amide', 'smiles_inds': [29]}, {'functional_group': 'ether', 'smiles_inds': [19]}]",0.3196392853890103
18,median,CN(C)CCN=C(C)c1cc(C)ccc1[O-],"[15, 5, 1]",[],0.3196436692748388
18,median,CC(=Nc1c(Cl)cccc1Cl)c1cccc(n1)c1cnc2ccccc2n1,"[16, 2, 26]","[{'functional_group': 'methyl', 'smiles_inds': [22]}]",0.31965821529529764
18,median,C=CCN1C=CN([CH-]1)c1ccccn1,"[3, 7]",[],0.319744935511083
18,median,CCN(c1nc2C(=NC(=N[O-])c2nc1N(CC)N(=O)=O)N)N(=O)=O,"[10, 7]","[{'functional_group': 'methyl_ester', 'smiles_inds': [16]}]",0.319889526575397
18,median,COC(=O)CC(C)[O-],"[3, 7]","[{'functional_group': 'trifluro', 'smiles_inds': [4]}, {'functional_group': 'carboxyllic_acid', 'smiles_inds': [5]}]",0.31989547293698095
18,median,[S-]c1ccccc1N=CC=Cc1ccccc1,"[0, 7]",[],0.31989620513087813
18,median,FC(F)(F)C([O-])=CC1=Nc2ccccc2S1,"[5, 8]","[{'functional_group': '2-methylbenzoic_acid', 'smiles_inds': [10]}]",0.31989781714709775
18,median,CCC1(N)CNCCNCC(N)(CC)CNCCNC1,"[18, 5, 3, 15, 8, 11]","[{'functional_group': 'carboxyllic_acid', 'smiles_inds': [4]}, {'functional_group': 'fluoro', 'smiles_inds': [7]}]",0.3199143190967956
18,median,CC(C)(C)c1cccc(C=Nc2ccc(F)c(F)c2)c1[O-],"[20, 10]",[],0.3199321507417006
18,median,CN(C)C(=S)NN=Cc1ccccc1,"[4, 6]","[{'functional_group': 'trifluro', 'smiles_inds': [2]}]",0.320245860260117
18,median,C(OP(c1ccccc1)c1ccccc1)c1cccc([c-]1)c1ccccn1,"[2, 26, 20]","[{'functional_group': 'methyl_ester', 'smiles_inds': [8]}, {'functional_group': 'trichloro', 'smiles_inds': [17]}]",0.32035065944341073
18,median,C(NCc1ccccn1)C1=CC=CN1,"[8, 1]","[{'functional_group': 'ether', 'smiles_inds': [11]}]",0.3204192456839705
18,median,C1=CN(N=C1)c1nccnc1n1cccn1,"[3, 9]","[{'functional_group': 'trichloro', 'smiles_inds': [1]}]",0.32048535175932236
18,top,[nH+]1cc[nH+]c2c1c1cccnc1c1ncccc21,"[13, 10]","[{'functional_group': 'carboxylate', 'smiles_inds': [14]}, {'functional_group': 'aldehyde', 'smiles_inds': [16]}, {'functional_group': 'methyl', 'smiles_inds': [3]}, {'functional_group': 'carboxylate', 'smiles_inds': [15]}, {'functional_group': 'phenyl', 'smiles_inds': [2]}, {'functional_group': 'phenyl', 'smiles_inds': [1]}, {'functional_group': '2-hydroxypyridine', 'smiles_inds': [9]}, {'functional_group': 'aldehyde', 'smiles_inds': [8]}, {'functional_group': 'carboxyllic_acid', 'smiles_inds': [7]}, {'functional_group': 'aldehyde', 'smiles_inds': [0]}]",0.9999897558325268
18,top,[nH+]1cc[nH+]c2c1c1cccnc1c1ncccc21,"[13, 10]","[{'functional_group': 'carboxylate', 'smiles_inds': [14]}, {'functional_group': 'aldehyde', 'smiles_inds': [16]}, {'functional_group': 'methyl', 'smiles_inds': [3]}, {'functional_group': 'carboxylate', 'smiles_inds': [15]}, {'functional_group': 'phenyl', 'smiles_inds': [2]}, {'functional_group': 'carboxyllic_acid', 'smiles_inds': [7]}, {'functional_group': 'aldehyde', 'smiles_inds': [0]}, {'functional_group': 'carboxylate', 'smiles_inds': [9]}, {'functional_group': 'methyl_ester', 'smiles_inds': [1]}, {'functional_group': 'aldehyde', 'smiles_inds': [8]}]",0.9999898722994324
18,top,[nH+]1cc[nH+]c2c1c1cccnc1c1ncccc21,"[13, 10]","[{'functional_group': 'carboxylate', 'smiles_inds': [14]}, {'functional_group': 'aldehyde', 'smiles_inds': [16]}, {'functional_group': 'methyl', 'smiles_inds': [3]}, {'functional_group': 'carboxylate', 'smiles_inds': [15]}, {'functional_group': 'phenyl', 'smiles_inds': [2]}, {'functional_group': 'carboxyllic_acid', 'smiles_inds': [7]}, {'functional_group': 'aldehyde', 'smiles_inds': [0]}, {'functional_group': 'carboxylate', 'smiles_inds': [9]}, {'functional_group': 'ethyl', 'smiles_inds': [1]}]",0.9999902833656932
18,top,[nH+]1cc[nH+]c2c1c1cccnc1c1ncccc21,"[13, 10]","[{'functional_group': 'carboxylate', 'smiles_inds': [14]}, {'functional_group': 'aldehyde', 'smiles_inds': [16]}, {'functional_group': 'methyl', 'smiles_inds': [3]}, {'functional_group': 'carboxylate', 'smiles_inds': [15]}, {'functional_group': 'phenyl', 'smiles_inds': [2]}, {'functional_group': 'carboxyllic_acid', 'smiles_inds': [7]}, {'functional_group': 'aldehyde', 'smiles_inds': [0]}, {'functional_group': 'carboxylate', 'smiles_inds': [9]}, {'functional_group': 'ether', 'smiles_inds': [1]}]",0.999990791060101
18,top,CC1C(=O)C(=NO)C(=O)C(=NO)C1=O,"[8, 10]","[{'functional_group': 'carboxylate', 'smiles_inds': [1]}]",0.9999913412320549
18,top,[nH+]1cc[nH+]c2c1c1cccnc1c1ncccc21,"[13, 10]","[{'functional_group': 'carboxylate', 'smiles_inds': [14]}, {'functional_group': 'aldehyde', 'smiles_inds': [16]}, {'functional_group': 'amino', 'smiles_inds': [7]}, {'functional_group': 'amino', 'smiles_inds': [8]}, {'functional_group': 'aldehyde', 'smiles_inds': [15]}, {'functional_group': 'amino', 'smiles_inds': [2]}, {'functional_group': 'aldehyde', 'smiles_inds': [0]}, {'functional_group': 'carboxylate', 'smiles_inds': [3]}, {'functional_group': '2-methylbenzoic_acid', 'smiles_inds': [1]}, {'functional_group': 'carboxylate', 'smiles_inds': [9]}]",0.9999918842859963
18,top,[nH+]1cc[nH+]c2c1c1cccnc1c1ncccc21,"[13, 10]","[{'functional_group': 'carboxylate', 'smiles_inds': [14]}, {'functional_group': 'aldehyde', 'smiles_inds': [16]}, {'functional_group': 'amino', 'smiles_inds': [7]}, {'functional_group': 'amino', 'smiles_inds': [8]}, {'functional_group': 'aldehyde', 'smiles_inds': [15]}, {'functional_group': 'amino', 'smiles_inds': [2]}, {'functional_group': 'aldehyde', 'smiles_inds': [0]}, {'functional_group': 'carboxylate', 'smiles_inds': [3]}, {'functional_group': 'aldehyde', 'smiles_inds': [9]}]",0.9999919759367697
18,top,[nH+]1cc[nH+]c2c1c1cccnc1c1ncccc21,"[13, 10]","[{'functional_group': 'carboxylate', 'smiles_inds': [14]}, {'functional_group': 'aldehyde', 'smiles_inds': [16]}, {'functional_group': 'methyl', 'smiles_inds': [3]}, {'functional_group': 'carboxylate', 'smiles_inds': [15]}, {'functional_group': 'phenyl', 'smiles_inds': [2]}, {'functional_group': 'carboxyllic_acid', 'smiles_inds': [7]}, {'functional_group': 'aldehyde', 'smiles_inds': [0]}, {'functional_group': 'carboxylate', 'smiles_inds': [9]}, {'functional_group': 'chloro', 'smiles_inds': [1]}]",0.9999931823291451
18,top,[nH+]1cc[nH+]c2c1c1cccnc1c1ncccc21,"[13, 10]","[{'functional_group': 'carboxylate', 'smiles_inds': [14]}, {'functional_group': 'aldehyde', 'smiles_inds': [16]}, {'functional_group': 'methyl', 'smiles_inds': [3]}, {'functional_group': 'carboxylate', 'smiles_inds': [15]}, {'functional_group': 'phenyl', 'smiles_inds': [2]}, {'functional_group': 'carboxyllic_acid', 'smiles_inds': [7]}, {'functional_group': 'aldehyde', 'smiles_inds': [0]}, {'functional_group': 'carboxylate', 'smiles_inds': [9]}, {'functional_group': 'bromo', 'smiles_inds': [1]}]",0.99999356439875
18,top,CC(CN=CC1=NC=CN1)(CN=CC1=NC=CN1)CN=CC1=NC=CN1,"[19, 3, 22, 6, 11, 14]","[{'functional_group': 'thiol', 'smiles_inds': [17]}, {'functional_group': 'amino', 'smiles_inds': [18]}]",0.9999936638829597
18,top,[nH+]1cc[nH+]c2c1c1cccnc1c1ncccc21,"[13, 10]","[{'functional_group': 'carboxylate', 'smiles_inds': [14]}, {'functional_group': 'aldehyde', 'smiles_inds': [16]}, {'functional_group': 'methyl', 'smiles_inds': [3]}, {'functional_group': 'carboxylate', 'smiles_inds': [15]}, {'functional_group': 'phenyl', 'smiles_inds': [2]}, {'functional_group': 'carboxyllic_acid', 'smiles_inds': [7]}, {'functional_group': 'aldehyde', 'smiles_inds': [0]}, {'functional_group': 'carboxylate', 'smiles_inds': [9]}, {'functional_group': 'iodo', 'smiles_inds': [1]}]",0.9999937403939325
18,top,[nH+]1cc[nH+]c2c1c1cccnc1c1ncccc21,"[13, 10]","[{'functional_group': 'carboxylate', 'smiles_inds': [14]}, {'functional_group': 'aldehyde', 'smiles_inds': [16]}, {'functional_group': 'methyl', 'smiles_inds': [3]}, {'functional_group': 'carboxylate', 'smiles_inds': [15]}, {'functional_group': 'phenyl', 'smiles_inds': [2]}, {'functional_group': 'carboxyllic_acid', 'smiles_inds': [7]}, {'functional_group': 'aldehyde', 'smiles_inds': [0]}, {'functional_group': 'carboxylate', 'smiles_inds': [9]}, {'functional_group': 'carboxyl', 'smiles_inds': [8]}]",0.9999950595186264
18,top,NC1C(O)C(N)C(O)C(NCCNC2C(O)C(N)C(O)C(N)C2O)C1O,"[0, 9, 12, 17, 21, 5]",[],0.9999950719970715
18,top,[nH+]1cc[nH+]c2c1c1cccnc1c1ncccc21,"[13, 10]","[{'functional_group': 'carboxylate', 'smiles_inds': [14]}, {'functional_group': 'aldehyde', 'smiles_inds': [16]}, {'functional_group': 'methyl', 'smiles_inds': [3]}, {'functional_group': 'carboxylate', 'smiles_inds': [15]}, {'functional_group': 'phenyl', 'smiles_inds': [2]}, {'functional_group': 'carboxyllic_acid', 'smiles_inds': [7]}, {'functional_group': 'aldehyde', 'smiles_inds': [0]}, {'functional_group': 'carboxylate', 'smiles_inds': [9]}, {'functional_group': 'phosphonate', 'smiles_inds': [1]}]",0.9999953529612521
18,top,O=C(NCCN(CCNC(=O)C1=C([O-])C(=O)C=CO1)CCNC(=O)C1=C([O-])C(=O)C=CO1)C1=C([O-])C(=O)C=CO1,"[34, 36, 13, 15, 26, 28]",[],0.9999954030833966
18,top,[nH+]1cc[nH+]c2c1c1cccnc1c1ncccc21,"[13, 10]","[{'functional_group': 'carboxylate', 'smiles_inds': [14]}, {'functional_group': 'aldehyde', 'smiles_inds': [16]}, {'functional_group': 'methyl', 'smiles_inds': [3]}, {'functional_group': 'carboxylate', 'smiles_inds': [15]}, {'functional_group': 'phenyl', 'smiles_inds': [2]}, {'functional_group': 'carboxyllic_acid', 'smiles_inds': [7]}, {'functional_group': 'aldehyde', 'smiles_inds': [0]}, {'functional_group': 'carboxylate', 'smiles_inds': [9]}, {'functional_group': 'iodo', 'smiles_inds': [8]}]",0.9999967517780081
18,top,[nH+]1cc[nH+]c2c1c1cccnc1c1ncccc21,"[13, 10]","[{'functional_group': 'carboxylate', 'smiles_inds': [14]}, {'functional_group': 'aldehyde', 'smiles_inds': [16]}, {'functional_group': 'methyl', 'smiles_inds': [3]}, {'functional_group': 'carboxylate', 'smiles_inds': [15]}, {'functional_group': 'phenyl', 'smiles_inds': [2]}, {'functional_group': 'carboxyllic_acid', 'smiles_inds': [7]}, {'functional_group': 'aldehyde', 'smiles_inds': [0]}, {'functional_group': 'carboxylate', 'smiles_inds': [9]}, {'functional_group': 'amino', 'smiles_inds': [1]}, {'functional_group': 'phosphonate', 'smiles_inds': [8]}]",0.9999984818188408
18,top,[nH+]1cc[nH+]c2c1c1cccnc1c1ncccc21,"[13, 10]","[{'functional_group': 'carboxylate', 'smiles_inds': [14]}, {'functional_group': 'aldehyde', 'smiles_inds': [16]}, {'functional_group': 'methyl', 'smiles_inds': [3]}, {'functional_group': 'carboxylate', 'smiles_inds': [15]}, {'functional_group': 'phenyl', 'smiles_inds': [2]}, {'functional_group': 'carboxyllic_acid', 'smiles_inds': [7]}, {'functional_group': 'aldehyde', 'smiles_inds': [0]}, {'functional_group': 'carboxylate', 'smiles_inds': [9]}, {'functional_group': 'aldehyde', 'smiles_inds': [8]}]",0.99999857884563
18,top,[nH+]1cc[nH+]c2c1c1cccnc1c1ncccc21,"[13, 10]","[{'functional_group': 'carboxylate', 'smiles_inds': [14]}, {'functional_group': 'aldehyde', 'smiles_inds': [16]}, {'functional_group': 'methyl', 'smiles_inds': [3]}, {'functional_group': 'carboxylate', 'smiles_inds': [15]}, {'functional_group': 'phenyl', 'smiles_inds': [2]}, {'functional_group': 'carboxyllic_acid', 'smiles_inds': [7]}, {'functional_group': 'aldehyde', 'smiles_inds': [0]}, {'functional_group': 'carboxylate', 'smiles_inds': [9]}, {'functional_group': 'carboxylate', 'smiles_inds': [8]}]",0.9999995273601419
18,top,NC(=NN=C([O-])C(=NNC(=O)c1cccc(n1)C(=O)NN=C(C([O-])=NN=C(N)c1ccccn1)c1ccccc1)c1ccccc1)c1ccccn1,"[23, 5, 51, 2, 25, 33]",[],0.9999996245141076
19,bottom,CP(CCP(C)c1c(cc(cc1C([Si](C)(C)C)[Si](C)(C)C)C([Si](C)(C)C)([Si](C)(C)C)[Si](C)(C)C)C([Si](C)(C)C)[Si](C)(C)C)c1c(cc(cc1C([Si](C)(C)C)[Si](C)(C)C)C([Si](C)(C)C)([Si](C)(C)C)[Si](C)(C)C)C([Si-](C)C)[Si](C)(C)C,"[4, 72, 1]","[{'functional_group': 'amide', 'smiles_inds': [29]}]",1.8436691095938787e-49
19,bottom,CCCCCC1c2cc3C(CCCCC)c4cc5C(CCCCC)c6cc7C(CCCCC)c8cc1c1OCOc2cc3OCOc4c(P(c2ccccc2)c2ccccc2)c5OCOc6cc7OCOc8c1OCc1cccc(COc2c3OCOc4cc5OCOc6c7cc8C(CCCCC)c9cc%10C(CCCCC)c(cc3C(CCCCC)c4cc5C7CCCCC)c2OCOc%10cc9OCOc8c6P(c2ccccc2)c2ccccc2)c1,"[48, 142]","[{'functional_group': 'ethyl_ester', 'smiles_inds': [19]}]",5.881926456128154e-43
19,bottom,CCCCCC1c2cc3C(CCCCC)c4cc5C(CCCCC)c6cc7C(CCCCC)c8cc1c1OCOc2cc3OCOc4c(P(c2ccccc2)c2ccccc2)c5OCOc6cc7OCOc8c1OCc1cccc(COc2c3OCOc4cc5OCOc6c7cc8C(CCCCC)c9cc%10C(CCCCC)c(cc3C(CCCCC)c4cc5C7CCCCC)c2OCOc%10cc9OCOc8c6P(c2ccccc2)c2ccccc2)c1,"[48, 142]","[{'functional_group': 'hydroxyl', 'smiles_inds': [107]}]",1.1685616093855308e-40
19,bottom,C[Si](C)(C)C(c1cc(C([Si](C)(C)C)[Si](C)(C)C)c(Sc2ccccc2[Se]c2ccccc2[Se]c2ccccc2Sc2c(cc(cc2C([Si](C)(C)C)[Si](C)(C)C)C([Si](C)(C)C)[Si](C)(C)C)C([Si](C)(C)C)[Si](C)(C)C)c(c1)C([Si](C)(C)C)[Si](C)(C)C)[Si](C)(C)C,"[25, 32]","[{'functional_group': 'carboxyl', 'smiles_inds': [68]}, {'functional_group': 'thiol', 'smiles_inds': [12]}]",3.0930878969333185e-37
19,bottom,Cc1cc(c2ccc(cc2)N(c2ccccc2)c2ccccc2)c(N=C(C)C(C)=Nc2c(cc(C)cc2c2ccc(cc2)N(c2ccccc2)c2ccccc2)c2ccc(cc2)N(c2ccccc2)c2ccccc2)c(c1)c1ccc(cc1)N(c1ccccc1)c1ccccc1,"[24, 29]","[{'functional_group': 'cyano', 'smiles_inds': [52]}]",1.2589716767684083e-34
19,bottom,Cc1cc(c2ccc(cc2)N(c2ccccc2)c2ccccc2)c(N=C(C)C(C)=Nc2c(cc(C)cc2c2ccc(cc2)N(c2ccccc2)c2ccccc2)c2ccc(cc2)N(c2ccccc2)c2ccccc2)c(c1)c1ccc(cc1)N(c1ccccc1)c1ccccc1,"[24, 29]",[],1.8999426111155734e-33
19,bottom,O=C1N2CN3C4C5N(CN6C7C8N(CN9C%10C%11N(CN%12C%13C%14N(CN%15C%16C%17N(CN1C1C2N2CN4C(=O)N5CN7C(=O)N8CN%10C(=O)N%11C4OC(N%13C(=O)N%14CN%16C(=O)N%17CN1C2=O)c1ccccc41)C%15=O)C%12=O)C9=O)C6=O)C3=O,"[75, 73]","[{'functional_group': 'carboxylate', 'smiles_inds': [50]}, {'functional_group': 'iodo', 'smiles_inds': [68]}]",2.160358098821063e-33
19,bottom,CCCC[P](CCCC)(CCCC)CCP(CCP(CCP(CC[P](CCCC)(CCCC)CCCC)CC[P](CCCC)(CCCC)CCCC)c1ccccc1)CC[P](CCCC)(CCCC)CCCC,"[15, 18, 21]","[{'functional_group': 'cyanimide', 'smiles_inds': [69]}]",6.09493545086084e-30
19,bottom,CC(C)c1cccc(C(C)C)c1c1cc(NCCN(CCNc2cc(cc(c2)c2c(cccc2C(C)C)C(C)C)c2c(cccc2C(C)C)C(C)C)CCNc2cc(cc(c2)c2c(cccc2C(C)C)C(C)C)c2c(cccc2C(C)C)C(C)C)cc(c1)c1c(cccc1C(C)C)C(C)C,"[18, 15, 21]","[{'functional_group': 'ketone', 'smiles_inds': [71]}]",1.7556552877091505e-29
19,bottom,CC(C)c1cccc(C(C)C)c1c1cc(NCCN(CCNc2cc(cc(c2)c2c(cccc2C(C)C)C(C)C)c2c(cccc2C(C)C)C(C)C)CCNc2cc(cc(c2)c2c(cccc2C(C)C)C(C)C)c2c(cccc2C(C)C)C(C)C)cc(c1)c1c(cccc1C(C)C)C(C)C,"[18, 15, 21]","[{'functional_group': 'methyl_ester', 'smiles_inds': [70]}]",2.3350429053913153e-28
19,bottom,CP(C)c1c(cc(cc1C([Si](C)(C)C)[Si](C)(C)C)C([Si](C)(C)C)([Si](C)(C)C)[Si](C)(C)C)C([Si](C)(C)C)[Si](C)(C)C,[1],"[{'functional_group': 'cyanimide', 'smiles_inds': [0]}]",4.149283798733615e-28
19,bottom,O=C1N2CN3C4C5N(CN6C7C8N(CN9C%10C%11N(CN%12C%13C%14N(CN1C1C2N2CN4C(=O)N5CN7C(=O)N8CN%10C(=O)N%11CN%13C(=O)N%14CN1C2=O)C%12=O)C9=O)C6=O)C3=O,"[0, 59]","[{'functional_group': 'carboxyllic_acid', 'smiles_inds': [15]}]",1.489977396760417e-27
19,bottom,C[Si](C)(C)C(c1cc(C([Si](C)(C)C)[Si](C)(C)C)c(P=Pc2c3ccccc3cc3ccccc23)c(c1)C([Si](C)(C)C)[Si](C)(C)C)[Si](C)(C)C,[19],"[{'functional_group': 'amide', 'smiles_inds': [6]}, {'functional_group': '2-methylbenzoic_acid', 'smiles_inds': [47]}]",3.8996035986876056e-27
19,bottom,CP(C)c1c(cc(cc1C([Si](C)(C)C)[Si](C)(C)C)C([Si](C)(C)C)([Si](C)(C)C)[Si](C)(C)C)C([Si](C)(C)C)[Si](C)(C)C,[1],"[{'functional_group': 'phosphonate', 'smiles_inds': [16]}]",1.100002032336239e-25
19,bottom,c1ccc(cc1)N(c1ccccc1)c1ccc(cc1)P(c1ccc(cc1)N(c1ccccc1)c1ccccc1)c1ccc(cc1)N(c1ccccc1)c1ccccc1,[19],[],3.7320661726513823e-25
19,bottom,COc1c(cc(cc1C(C)(C)C)P(c1cc(c(OC)c(c1)C(C)(C)C)C(C)(C)C)c1ccc2OCOc2c1c1c2OCOc2ccc1P(c1cc(c(OC)c(c1)C(C)(C)C)C(C)(C)C)c1cc(c(OC)c(c1)C(C)(C)C)C(C)(C)C)C(C)(C)C,"[47, 12]","[{'functional_group': 'methyl', 'smiles_inds': [58]}]",3.7630873376563277e-25
19,bottom,O=C1N2CN3C4C5N(CN6C7C8N(CN9C%10C%11N(CN%12C%13C%14N(CN1C1C2N2CN4C(=O)N5CN7C(=O)N8CN%10C(=O)N%11CN%13C(=O)N%14CN1C2=O)C%12=O)C9=O)C6=O)C3=O,"[0, 59]","[{'functional_group': 'carboxylate', 'smiles_inds': [18]}, {'functional_group': 'aldehyde', 'smiles_inds': [28]}]",2.4986681989401365e-24
19,bottom,C[Si](C)(C)C(c1cc(cc(C([Si](C)(C)C)[Si](C)(C)C)c1P)C([Si](C)(C)C)([Si](C)(C)C)[Si](C)(C)C)[Si](C)(C)C,[20],"[{'functional_group': 'iodo', 'smiles_inds': [18]}, {'functional_group': 'hydroxyl', 'smiles_inds': [33]}]",3.75988462385329e-24
19,bottom,CCC1=C(C)C2=NC1=CC1=NC(=CC3=C(C)C(=C(C=C4[N-]C(=C2)C(=C4C)C=C)N3CC(OC(=O)c2ccc(Br)cc2)c2ccccc2)CC)C(=C1C)CC,"[6, 10, 20]","[{'functional_group': 'methyl_ester', 'smiles_inds': [48]}, {'functional_group': 'aldehyde', 'smiles_inds': [25]}, {'functional_group': 'trifluro', 'smiles_inds': [8]}]",4.23346113098477e-24
19,bottom,CC(C)N1C(=NP(N=C2N(C(C)C)C(=C(C)N2C(C)C)C)N=C2N(C(C)C)C(=C(C)N2C(C)C)C)N(C(C)C)C(=C1C)C,[6],"[{'functional_group': 'ethyl', 'smiles_inds': [20]}, {'functional_group': 'thiol', 'smiles_inds': [36]}]",5.6836388375792375e-24
19,median,O=N(=O)c1ccc(cc1)C=CC(=NN=C([S-])Nc1ccccc1)c1ccccc1,"[15, 12]","[{'functional_group': 'ethyl_ester', 'smiles_inds': [10]}]",0.15350425824315425
19,median,Clc1ccc([O-])c(C=NNS(=O)(=O)c2ccccc2)c1,"[5, 8]","[{'functional_group': 'hydroxyl', 'smiles_inds': [3]}, {'functional_group': 'bromo', 'smiles_inds': [17]}]",0.15350474357946506
19,median,C1COC2=C(SC(=C2O1)c1ccncc1)c1ccncc1,[12],[],0.15350633671445657
19,median,Fc1ccccc1c1nc2ccccc2cc1N=Cc1cc(Cl)cc(Cl)c1[O-],"[27, 17]",[],0.15355413331205986
19,median,CC(N=Cc1ccc(C)cc1)C(C)N=Cc1ccc(C)cc1,"[2, 13]","[{'functional_group': '2-methylbenzoic_acid', 'smiles_inds': [12]}, {'functional_group': '2-methylbenzoic_acid', 'smiles_inds': [3]}]",0.15358372889362137
19,median,[nH+]1cccnc1,[4],"[{'functional_group': 'carboxylate', 'smiles_inds': [5]}]",0.15363524158949027
19,median,CC(C)(C)c1ccc(cc1)c1cc2cccnc2c2ncccc12,"[19, 16]","[{'functional_group': 'ethyl_ester', 'smiles_inds': [21]}]",0.15363831726034194
19,median,C[NH2+]C(C1=NC=CN1)C1=NC=CN1,"[4, 9]","[{'functional_group': 'ethyl', 'smiles_inds': [12]}, {'functional_group': 'methyl_ester', 'smiles_inds': [7]}, {'functional_group': 'methyl_ester', 'smiles_inds': [11]}]",0.15370389093982115
19,median,NC(CC1=CNc2ccccc12)C(=O)[O-],"[14, 0]","[{'functional_group': 'hydroxyl', 'smiles_inds': [2]}, {'functional_group': 'carboxyllic_acid', 'smiles_inds': [9]}]",0.15371859201648264
19,median,COc1ccc(cc1)N=Cc1[c-]cc2ccc3cccc4ccc1c2c34,"[8, 11]","[{'functional_group': 'chloro', 'smiles_inds': [12]}, {'functional_group': 'ethyl', 'smiles_inds': [17]}]",0.15371909046063081
19,median,CC(=NO)C(C)=N[N-]C(=O)CNc1ccc(F)cc1,"[7, 2, 11]","[{'functional_group': 'hydroxyl', 'smiles_inds': [13]}, {'functional_group': 'phenyl', 'smiles_inds': [5]}]",0.15378138370615238
19,median,C=CCCN1C=Nc2ccccc12,[6],"[{'functional_group': 'chloro', 'smiles_inds': [11]}]",0.15385776412966493
19,median,NCCNCCNCCN1C(=O)c2ccccc2C1=O,"[6, 0, 3]",[],0.15391344075183433
19,median,CC(C)=NCCN,"[6, 3]",[],0.1539952990932173
19,median,CN(C)CC[Se]c1ccccc1,"[5, 1]","[{'functional_group': '2-hydroxypyridine', 'smiles_inds': [10]}]",0.15401891221625036
19,median,Cc1cc(C)cc(c1)N=C1CCC(=C1[O-])C,"[14, 8]","[{'functional_group': 'carbonyl', 'smiles_inds': [15]}]",0.15403486797115565
19,median,Cc1ccc(N=C(C)C=C([O-])c2ccccc2)c([O-])c1,"[10, 5, 18]",[],0.15408675384947143
19,median,CCN1C=C(C(=O)[O-])C(=O)c2cnc(nc12)N1CC[NH2+]CC1,"[7, 9]","[{'functional_group': 'carboxyllic_acid', 'smiles_inds': [18]}, {'functional_group': 'cyanimide', 'smiles_inds': [20]}, {'functional_group': 'fluoro', 'smiles_inds': [1]}, {'functional_group': 'carboxyl', 'smiles_inds': [11]}, {'functional_group': 'phosphonate', 'smiles_inds': [0]}, {'functional_group': 'amino', 'smiles_inds': [21]}, {'functional_group': 'phosphonate', 'smiles_inds': [3]}, {'functional_group': 'phenyl', 'smiles_inds': [17]}]",0.1541083875343455
19,median,Oc1ccccc1C(=O)NN=C(Cc1ccccc1)C1=C([O-])N(N=C1Cc1ccccc1)c1ccccc1,"[21, 8, 23]",[],0.1541578296620984
19,median,COC(=N)NC(N)=N,"[3, 7]","[{'functional_group': 'carboxyllic_acid', 'smiles_inds': [4]}, {'functional_group': 'phosphonate', 'smiles_inds': [6]}]",0.15417085290472154
19,top,[nH+]1cc[nH+]c2c1c1cccnc1c1ncccc21,"[13, 10]","[{'functional_group': 'carboxylate', 'smiles_inds': [14]}, {'functional_group': 'aldehyde', 'smiles_inds': [16]}, {'functional_group': 'methyl', 'smiles_inds': [3]}, {'functional_group': 'carboxylate', 'smiles_inds': [15]}, {'functional_group': 'phenyl', 'smiles_inds': [2]}, {'functional_group': 'carboxyllic_acid', 'smiles_inds': [7]}, {'functional_group': 'aldehyde', 'smiles_inds': [0]}, {'functional_group': 'carboxylate', 'smiles_inds': [9]}, {'functional_group': 'ketone', 'smiles_inds': [8]}]",0.9999999999137184
19,top,[nH+]1cc[nH+]c2c1c1cccnc1c1ncccc21,"[13, 10]","[{'functional_group': 'carboxylate', 'smiles_inds': [14]}, {'functional_group': 'aldehyde', 'smiles_inds': [16]}, {'functional_group': 'methyl', 'smiles_inds': [3]}, {'functional_group': 'carboxylate', 'smiles_inds': [15]}, {'functional_group': 'phenyl', 'smiles_inds': [2]}, {'functional_group': 'carboxyllic_acid', 'smiles_inds': [7]}, {'functional_group': 'aldehyde', 'smiles_inds': [0]}, {'functional_group': 'methyl_ester', 'smiles_inds': [9]}, {'functional_group': 'carboxyl', 'smiles_inds': [8]}]",0.9999999999141935
19,top,[nH+]1cc[nH+]c2c1c1cccnc1c1ncccc21,"[13, 10]","[{'functional_group': 'carboxylate', 'smiles_inds': [14]}, {'functional_group': 'aldehyde', 'smiles_inds': [16]}, {'functional_group': 'methyl', 'smiles_inds': [3]}, {'functional_group': 'carboxylate', 'smiles_inds': [15]}, {'functional_group': 'phenyl', 'smiles_inds': [2]}, {'functional_group': 'carboxyllic_acid', 'smiles_inds': [7]}, {'functional_group': 'aldehyde', 'smiles_inds': [0]}, {'functional_group': 'carboxylate', 'smiles_inds': [9]}, {'functional_group': 'methyl_ester', 'smiles_inds': [8]}]",0.9999999999200564
19,top,NC1C(O)C2NCCNC3C(O)C(N)C(O)C(NCCNC(C1O)C2O)C3O,"[0, 5, 8, 20, 13, 17]",[],0.9999999999205564
19,top,[nH+]1cc[nH+]c2c1c1cccnc1c1ncccc21,"[13, 10]","[{'functional_group': 'carboxylate', 'smiles_inds': [14]}, {'functional_group': 'aldehyde', 'smiles_inds': [16]}, {'functional_group': 'methyl', 'smiles_inds': [3]}, {'functional_group': 'carboxylate', 'smiles_inds': [15]}, {'functional_group': 'phenyl', 'smiles_inds': [2]}, {'functional_group': 'carboxyllic_acid', 'smiles_inds': [7]}, {'functional_group': 'aldehyde', 'smiles_inds': [0]}, {'functional_group': 'aldehyde', 'smiles_inds': [8]}]",0.9999999999354376
19,top,[nH+]1cc[nH+]c2c1c1cccnc1c1ncccc21,"[13, 10]","[{'functional_group': 'carboxylate', 'smiles_inds': [14]}, {'functional_group': 'aldehyde', 'smiles_inds': [16]}, {'functional_group': 'amino', 'smiles_inds': [7]}, {'functional_group': 'amino', 'smiles_inds': [8]}, {'functional_group': 'aldehyde', 'smiles_inds': [15]}, {'functional_group': 'amino', 'smiles_inds': [2]}, {'functional_group': 'aldehyde', 'smiles_inds': [0]}, {'functional_group': 'carboxylate', 'smiles_inds': [3]}, {'functional_group': 'aldehyde', 'smiles_inds': [9]}]",0.9999999999437283
19,top,[nH+]1cc[nH+]c2c1c1cccnc1c1ncccc21,"[13, 10]","[{'functional_group': 'carboxylate', 'smiles_inds': [14]}, {'functional_group': 'aldehyde', 'smiles_inds': [16]}, {'functional_group': 'amino', 'smiles_inds': [7]}, {'functional_group': 'amino', 'smiles_inds': [8]}, {'functional_group': 'aldehyde', 'smiles_inds': [15]}, {'functional_group': 'amino', 'smiles_inds': [2]}, {'functional_group': 'aldehyde', 'smiles_inds': [0]}, {'functional_group': 'carboxylate', 'smiles_inds': [3]}, {'functional_group': 'carboxylate', 'smiles_inds': [9]}]",0.9999999999702036
19,top,O=C(NCCN(CCNC(=O)C1=C([O-])C(=O)C=CO1)CCNC(=O)C1=C([O-])C(=O)C=CO1)C1=C([O-])C(=O)C=CO1,"[34, 36, 13, 15, 26, 28]",[],0.9999999999735676
19,top,[nH+]1cc[nH+]c2c1c1cccnc1c1ncccc21,"[13, 10]","[{'functional_group': 'carboxylate', 'smiles_inds': [14]}, {'functional_group': 'aldehyde', 'smiles_inds': [16]}, {'functional_group': 'methyl', 'smiles_inds': [3]}, {'functional_group': 'carboxylate', 'smiles_inds': [15]}, {'functional_group': 'phenyl', 'smiles_inds': [2]}, {'functional_group': 'carboxyllic_acid', 'smiles_inds': [7]}, {'functional_group': 'aldehyde', 'smiles_inds': [0]}, {'functional_group': 'carboxylate', 'smiles_inds': [9]}, {'functional_group': 'ether', 'smiles_inds': [8]}, {'functional_group': 'thiol', 'smiles_inds': [1]}]",0.9999999999778144
19,top,[nH+]1cc[nH+]c2c1c1cccnc1c1ncccc21,"[13, 10]","[{'functional_group': 'carboxylate', 'smiles_inds': [14]}, {'functional_group': 'aldehyde', 'smiles_inds': [16]}, {'functional_group': 'methyl', 'smiles_inds': [3]}, {'functional_group': 'carboxylate', 'smiles_inds': [15]}, {'functional_group': 'phenyl', 'smiles_inds': [2]}, {'functional_group': 'carboxyllic_acid', 'smiles_inds': [7]}, {'functional_group': 'aldehyde', 'smiles_inds': [0]}, {'functional_group': 'carboxyllic_acid', 'smiles_inds': [9]}, {'functional_group': 'carboxyl', 'smiles_inds': [8]}]",0.9999999999802076
19,top,NC1C(O)C(N)C([O-])C(NCCNC2C(O)C(N)C(O)C(N)C2[O-])C1O,"[12, 9, 21, 5, 23, 7]",[],0.9999999999807825
19,top,[nH+]1cc[nH+]c2c1c1cccnc1c1ncccc21,"[13, 10]","[{'functional_group': 'carboxylate', 'smiles_inds': [14]}, {'functional_group': 'aldehyde', 'smiles_inds': [16]}, {'functional_group': 'methyl', 'smiles_inds': [3]}, {'functional_group': 'carboxylate', 'smiles_inds': [15]}, {'functional_group': 'phenyl', 'smiles_inds': [2]}, {'functional_group': 'carboxyllic_acid', 'smiles_inds': [7]}, {'functional_group': 'aldehyde', 'smiles_inds': [0]}, {'functional_group': 'carboxylate', 'smiles_inds': [9]}, {'functional_group': 'ethyl_ester', 'smiles_inds': [8]}]",0.9999999999843785
19,top,O=C(NC1COC(=O)C(COC(=O)C(COC1=O)NC(=O)c1ccc2cccnc2c1[O-])NC(=O)c1ccc2cccnc2c1[O-])c1ccc2cccnc2c1[O-],"[56, 42, 53, 28, 31, 45]","[{'functional_group': 'hydroxyl', 'smiles_inds': [23]}]",0.9999999999848366
19,top,[nH+]1cc[nH+]c2c1c1cccnc1c1ncccc21,"[13, 10]","[{'functional_group': 'carboxylate', 'smiles_inds': [14]}, {'functional_group': 'aldehyde', 'smiles_inds': [16]}, {'functional_group': 'methyl', 'smiles_inds': [3]}, {'functional_group': 'carboxylate', 'smiles_inds': [15]}, {'functional_group': 'phenyl', 'smiles_inds': [2]}, {'functional_group': 'carboxyllic_acid', 'smiles_inds': [7]}, {'functional_group': 'aldehyde', 'smiles_inds': [0]}, {'functional_group': 'carboxylate', 'smiles_inds': [9]}, {'functional_group': 'amino', 'smiles_inds': [8]}]",0.9999999999885294
19,top,[nH+]1cc[nH+]c2c1c1cccnc1c1ncccc21,"[13, 10]","[{'functional_group': 'carboxylate', 'smiles_inds': [14]}, {'functional_group': 'aldehyde', 'smiles_inds': [16]}, {'functional_group': 'methyl', 'smiles_inds': [3]}, {'functional_group': 'carboxylate', 'smiles_inds': [15]}, {'functional_group': 'phenyl', 'smiles_inds': [2]}, {'functional_group': 'carboxyllic_acid', 'smiles_inds': [7]}, {'functional_group': 'aldehyde', 'smiles_inds': [0]}, {'functional_group': 'carboxylate', 'smiles_inds': [9]}, {'functional_group': 'carboxyl', 'smiles_inds': [8]}, {'functional_group': 'tribromo', 'smiles_inds': [1]}]",0.9999999999886946
19,top,[nH+]1cc[nH+]c2c1c1cccnc1c1ncccc21,"[13, 10]","[{'functional_group': 'carboxylate', 'smiles_inds': [14]}, {'functional_group': 'aldehyde', 'smiles_inds': [16]}, {'functional_group': 'methyl', 'smiles_inds': [3]}, {'functional_group': 'carboxylate', 'smiles_inds': [15]}, {'functional_group': 'phenyl', 'smiles_inds': [2]}, {'functional_group': 'carboxyllic_acid', 'smiles_inds': [7]}, {'functional_group': 'aldehyde', 'smiles_inds': [0]}, {'functional_group': 'carboxylate', 'smiles_inds': [9]}, {'functional_group': 'carboxyllic_acid', 'smiles_inds': [1]}, {'functional_group': 'aldehyde', 'smiles_inds': [8]}]",0.999999999995546
19,top,[nH+]1cc[nH+]c2c1c1cccnc1c1ncccc21,"[13, 10]","[{'functional_group': 'carboxylate', 'smiles_inds': [14]}, {'functional_group': 'aldehyde', 'smiles_inds': [16]}, {'functional_group': 'methyl', 'smiles_inds': [3]}, {'functional_group': 'carboxylate', 'smiles_inds': [15]}, {'functional_group': 'phenyl', 'smiles_inds': [2]}, {'functional_group': 'carboxyllic_acid', 'smiles_inds': [7]}, {'functional_group': 'aldehyde', 'smiles_inds': [0]}, {'functional_group': 'carboxylate', 'smiles_inds': [9]}, {'functional_group': 'aldehyde', 'smiles_inds': [8]}]",0.9999999999981508
19,top,NC1C(O)C(N)C(O)C(NCCNC2C(O)C(N)C(O)C(N)C2O)C1O,"[0, 9, 12, 17, 21, 5]","[{'functional_group': 'carboxylate', 'smiles_inds': [13]}]",0.999999999999287
19,top,[nH+]1cc[nH+]c2c1c1cccnc1c1ncccc21,"[13, 10]","[{'functional_group': 'carboxylate', 'smiles_inds': [14]}, {'functional_group': 'aldehyde', 'smiles_inds': [16]}, {'functional_group': 'methyl', 'smiles_inds': [3]}, {'functional_group': 'carboxylate', 'smiles_inds': [15]}, {'functional_group': 'phenyl', 'smiles_inds': [2]}, {'functional_group': 'carboxyllic_acid', 'smiles_inds': [7]}, {'functional_group': 'aldehyde', 'smiles_inds': [0]}, {'functional_group': 'carboxylate', 'smiles_inds': [9]}, {'functional_group': 'carboxylate', 'smiles_inds': [8]}]",0.9999999999993499
19,top,NC(=NN=C([O-])C(=NNC(=O)c1cccc(n1)C(=O)NN=C(C([O-])=NN=C(N)c1ccccn1)c1ccccc1)c1ccccc1)c1ccccn1,"[23, 5, 51, 2, 25, 33]",[],0.9999999999994531
20,bottom,COC(=O)C(C)(C)NC(=O)C(NC(=O)C1(CCCCC1)NC(=O)C(C)(C)NC(=O)C1(CCCCC1)NC(=O)C(C)(C)NC(=O)c1ccc(nc1)c1ccc(cn1)C(=O)NC(C)(C)C(=O)NC1(CCCCC1)C(=O)NC(C)(C)C(=O)NC1(CCCCC1)C(=O)NC(C(C)C)C(=O)NC(C)(C)C(=O)OC)C(C)C,"[55, 48]","[{'functional_group': 'phenyl', 'smiles_inds': [5]}]",4.7509524339722184e-46
20,bottom,COC(=O)C(C)(C)NC(=O)C(NC(=O)C1(CCCCC1)NC(=O)C(C)(C)NC(=O)C1(CCCCC1)NC(=O)C(C)(C)NC(=O)c1ccc(nc1)c1ccc(cn1)C(=O)NC(C)(C)C(=O)NC1(CCCCC1)C(=O)NC(C)(C)C(=O)NC1(CCCCC1)C(=O)NC(C(C)C)C(=O)NC(C)(C)C(=O)OC)C(C)C,"[55, 48]","[{'functional_group': 'carboxylate', 'smiles_inds': [75]}]",9.504860255340145e-45
20,bottom,C[Si](C)(C)C(c1cc(C([Si](C)(C)C)[Si](C)(C)C)c([Se]c2ccccc2Sc2ccccc2Sc2ccccc2[Se]c2c(cc(cc2C([Si](C)(C)C)[Si](C)(C)C)C([Si](C)(C)C)[Si](C)(C)C)C([Si](C)(C)C)[Si](C)(C)C)c(c1)C([Si](C)(C)C)[Si](C)(C)C)[Si](C)(C)C,"[25, 32]","[{'functional_group': '2-methylbenzoic_acid', 'smiles_inds': [70]}, {'functional_group': 'phenyl', 'smiles_inds': [58]}]",2.9026220842404433e-44
20,bottom,CCCCCC1c2cc3C(CCCCC)c4cc5C(CCCCC)c6cc7C(CCCCC)c8cc1c1OCOc2cc3OCOc4c(P(c2ccccc2)c2ccccc2)c5OCOc6cc7OCOc8c1OCc1cccc(COc2c3OCOc4cc5OCOc6c7cc8C(CCCCC)c9cc%10C(CCCCC)c(cc3C(CCCCC)c4cc5C7CCCCC)c2OCOc%10cc9OCOc8c6P(c2ccccc2)c2ccccc2)c1,"[48, 142]","[{'functional_group': 'fluoro', 'smiles_inds': [10]}]",1.6930289757438047e-41
20,bottom,CCCCCC1c2cc3C(CCCCC)c4cc5C(CCCCC)c6cc7C(CCCCC)c8cc1c1OCOc2cc3OCOc4c(P(c2ccccc2)c2ccccc2)c5OCOc6cc7OCOc8c1OCc1cccc(COc2c3OCOc4cc5OCOc6c7cc8C(CCCCC)c9cc%10C(CCCCC)c(cc3C(CCCCC)c4cc5C7CCCCC)c2OCOc%10cc9OCOc8c6P(c2ccccc2)c2ccccc2)c1,"[48, 142]","[{'functional_group': 'chloro', 'smiles_inds': [111]}]",1.9749744492557314e-41
20,bottom,C[Si](C)(C)c1cc(cc(c1)[Si](C#CP(C#C[Si](c1cc(cc(c1)[Si](C)(C)C)[Si](C)(C)C)(c1cc(cc(c1)[Si](C)(C)C)[Si](C)(C)C)c1cc(cc(c1)[Si](C)(C)C)[Si](C)(C)C)C#C[Si](c1cc(cc(c1)[Si](C)(C)C)[Si](C)(C)C)(c1cc(cc(c1)[Si](C)(C)C)[Si](C)(C)C)c1cc(cc(c1)[Si](C)(C)C)[Si](C)(C)C)(c1cc(cc(c1)[Si](C)(C)C)[Si](C)(C)C)c1cc(cc(c1)[Si](C)(C)C)[Si](C)(C)C)[Si](C)(C)C,[13],"[{'functional_group': 'cyano', 'smiles_inds': [70]}]",1.2848007052048882e-40
20,bottom,C[Si](C)(C)C(c1cc(C([Si](C)(C)C)[Si](C)(C)C)c([Se]c2ccccc2Sc2ccccc2Sc2ccccc2[Se]c2c(cc(cc2C([Si](C)(C)C)[Si](C)(C)C)C([Si](C)(C)C)[Si](C)(C)C)C([Si](C)(C)C)[Si](C)(C)C)c(c1)C([Si](C)(C)C)[Si](C)(C)C)[Si](C)(C)C,"[25, 32]","[{'functional_group': 'iodo', 'smiles_inds': [23]}, {'functional_group': 'hydroxyl', 'smiles_inds': [78]}]",1.0208542774081443e-39
20,bottom,O=C1N2CN3C(=O)N4CN5C(=O)N6CN7C(=O)N8CN9C(=O)N%10CN1C1%11CCCC21N1CN2C(=O)N(CN%12C(=O)N(CN%13C(=O)N(CN%14C(=O)N(CN%11C1=O)C1%10CCCC9%141)C18CCCC7%131)C16CCCC5%121)C14CCCC321,"[0, 6]","[{'functional_group': 'methyl', 'smiles_inds': [61]}]",5.509135693191685e-38
20,bottom,Cc1cc(c2ccc(cc2)N(c2ccccc2)c2ccccc2)c(N=C(C)C(C)=Nc2c(cc(C)cc2c2ccc(cc2)N(c2ccccc2)c2ccccc2)c2ccc(cc2)N(c2ccccc2)c2ccccc2)c(c1)c1ccc(cc1)N(c1ccccc1)c1ccccc1,"[24, 29]","[{'functional_group': 'ether', 'smiles_inds': [18]}]",2.0967330831614486e-34
20,bottom,Fc1c(F)c(F)c(c(F)c1F)C1=C2NC(=C(C3=NC(=C(C4=CC=C([N-]4)C(=C4C=CC(=N4)C(=C4NC(=C(C5=NC(=C(C6=NC(=C(C7=CC=C1N7)c1c(F)c(F)c(F)c(F)c1F)C=C6)c1c(F)c(F)c(F)c(F)c1F)C=C5)c1c(F)c(F)c(F)c(F)c1F)C=C4)c1c(F)c(F)c(F)c(F)c1F)c1c(F)c(F)c(F)c(F)c1F)c1c(F)c(F)c(F)c(F)c1F)C=C3)c1c(F)c(F)c(F)c(F)c1F)C=C2,"[30, 24]","[{'functional_group': 'ethyl', 'smiles_inds': [22]}]",1.3331845402799223e-31
20,bottom,CC(C)c1cccc(C(C)C)c1c1cc(NCCN(CCNc2cc(cc(c2)c2c(cccc2C(C)C)C(C)C)c2c(cccc2C(C)C)C(C)C)CCNc2cc(cc(c2)c2c(cccc2C(C)C)C(C)C)c2c(cccc2C(C)C)C(C)C)cc(c1)c1c(cccc1C(C)C)C(C)C,"[18, 15, 21]","[{'functional_group': 'phenyl', 'smiles_inds': [77]}]",5.037742741307794e-30
20,bottom,O=C1N2CN3C(=O)N4CN5C(=O)N6CN7C(=O)N8CN9C(=O)N%10CN1C1%11CCC21N1CN2C(=O)N(CN%12C(=O)N(CN%13C(=O)N(CN%14C(=O)N(CN%11C1=O)C1%10CCC9%141)C18CCC7%131)C16CCC5%121)C14CCC321,"[43, 38]","[{'functional_group': 'iodo', 'smiles_inds': [3]}]",4.756418784036195e-29
20,bottom,CC(C)c1cccc(C(C)C)c1c1cc(NCCN(CCNc2cc(cc(c2)c2c(cccc2C(C)C)C(C)C)c2c(cccc2C(C)C)C(C)C)CCNc2cc(cc(c2)c2c(cccc2C(C)C)C(C)C)c2c(cccc2C(C)C)C(C)C)cc(c1)c1c(cccc1C(C)C)C(C)C,"[18, 15, 21]",[],7.693055568147326e-29
20,bottom,O1N=C(c2ccncc2)C23C4C5C6C7C8C9C%10C%11C%12C%13C%14C%15C%16C%17C%13C%13C%12C9C9C8C8C6C6C%12C%18C%19C%20C(C%17C%17C%13C9=C(C8%12)C%19%17)C%16C8C9C%15C%12C%14C%11C%11C%10C7C5C5C%11C%12C(=C9C7=C2C(C%18C%20C87)C46)C135,[6],"[{'functional_group': 'amino', 'smiles_inds': [56]}]",2.662850125804016e-28
20,bottom,CC(C)N1C(=NP(N=C2N(C(C)C)C(=C(C)N2C(C)C)C)N=C2N(C(C)C)C(=C(C)N2C(C)C)C)N(C(C)C)C(=C1C)C,[6],"[{'functional_group': 'iodo', 'smiles_inds': [26]}, {'functional_group': 'ether', 'smiles_inds': [42]}, {'functional_group': 'amide', 'smiles_inds': [34]}]",4.817149695551268e-28
20,bottom,CCCCN(CCCC)c1ccc(cc1)C1=CC(=C(S1)C=Cc1ccnc(c1)c1cc(ccn1)C=CC1=C(C=C(S1)c1ccc(cc1)N(CCCC)CCCC)C1=C(C2=C(C)SC(=C2)C)C(F)(F)C(F)(F)C1(F)F)C1=C(C2=C(C)SC(=C2)C)C(F)(F)C(F)(F)C1(F)F,"[47, 4]","[{'functional_group': 'amide', 'smiles_inds': [0]}, {'functional_group': '2-methylbenzoic_acid', 'smiles_inds': [11]}]",1.2708841938327693e-26
20,bottom,c1ccc(cc1)N(c1ccccc1)c1ccc(cc1)P(c1ccc(cc1)N(c1ccccc1)c1ccccc1)c1ccc(cc1)N(c1ccccc1)c1ccccc1,[19],[],8.85170526316503e-26
20,bottom,CC(C)C1NC(=O)C2CCCN2C(=O)C(NC(=O)C2CCCN2C(=O)C(NC(=O)C2CCCN2C(=O)C(NC(=O)C2CCCN2C(=O)C(NC(=O)C2CCCN2C(=O)C(NC(=O)C2CCCN2C1=O)C(C)C)C(C)C)C(C)C)C(C)C)C(C)C,"[13, 68, 35, 24, 46, 57]",[],2.6183016712491166e-25
20,bottom,CC(C)c1cccc(C(C)C)c1c1cc(cc(c1)c1c(cccc1C(C)C)C(C)C)N=C(C)C(C)=Nc1cc(cc(c1)c1c(cccc1C(C)C)C(C)C)c1c(cccc1C(C)C)C(C)C,"[30, 35]","[{'functional_group': 'cyano', 'smiles_inds': [20]}, {'functional_group': 'cyanimide', 'smiles_inds': [64]}, {'functional_group': 'cyanimide', 'smiles_inds': [58]}]",2.7387757809293613e-25
20,bottom,N=P(c1ccccc1c1cc(cc(c1)c1ccccc1P(=[N-])(C12CC3CC(CC(C3)C1)C2)C12CC3CC(CC(C3)C1)C2)c1ccccc1P(=[N-])(C12CC3CC(CC(C3)C1)C2)C12CC3CC(CC(C3)C1)C2)(C12CC3CC(CC(C3)C1)C2)C12CC3CC(CC(C3)C1)C2,"[0, 21, 49]","[{'functional_group': 'hydroxyl', 'smiles_inds': [46]}]",4.0413032702359185e-25
20,median,CCSC,[2],"[{'functional_group': 'trifluro', 'smiles_inds': [1]}]",0.14745822961357555
20,median,Cc1ccccc1[N-]Cc1ccccn1,"[14, 7]",[],0.14747488672440892
20,median,Cc1ccnc(c1)P1(=O)CCCC1,"[8, 4]","[{'functional_group': 'hydroxyl', 'smiles_inds': [12]}, {'functional_group': 'chloro', 'smiles_inds': [0]}]",0.14748199574325305
20,median,CCNC1=CC(=O)C(C=C1C)=NO,"[6, 11]",[],0.14749984946129466
20,median,COc1cc(N)c(cc1OC)C(=O)C1=NC=CN1C,"[14, 17]","[{'functional_group': '2-hydroxypyridine', 'smiles_inds': [16]}, {'functional_group': 'carboxyl', 'smiles_inds': [5]}]",0.14761242337617342
20,median,Br[Sb](c1ccccc1)c1ccccc1,[1],[],0.1476560641433283
20,median,CC(=O)C[C-](C)C,"[2, 4]","[{'functional_group': 'bromo', 'smiles_inds': [6]}, {'functional_group': 'trifluro', 'smiles_inds': [5]}, {'functional_group': 'cyano', 'smiles_inds': [3]}]",0.1477356483432012
20,median,CC(=O)c1cc(C(C)=NN=C([S-])SCc2ccccc2)c([O-])cc1O,"[21, 11, 8]",[],0.14774378395307725
20,median,CN1C(=Nc2ccccc12)C=Nc1ccccc1,"[11, 3]","[{'functional_group': 'carboxylate', 'smiles_inds': [17]}]",0.14780217491608127
20,median,O=[C-]c1ccccc1SCc1ccccn1,"[8, 1, 15]",[],0.14790925950284614
20,median,Cc1ccc(cc1)S(=O)(=O)[N-]CCNCc1cccc[c-]1,"[10, 13, 20]","[{'functional_group': 'thiol', 'smiles_inds': [5]}, {'functional_group': 'amino', 'smiles_inds': [17]}]",0.14791823656729836
20,median,CC(C=C([O-])c1ccccc1)=Nc1ccccc1,"[4, 11]","[{'functional_group': 'iodo', 'smiles_inds': [9]}, {'functional_group': 'methyl', 'smiles_inds': [10]}]",0.14794147642760846
20,median,C[Si](C)(C)CSc1ccc([S-])c2ncccc12,"[10, 12]","[{'functional_group': 'amide', 'smiles_inds': [7]}]",0.1479473243611924
20,median,c1ccc(cc1)c1ccccc1N=Nc1ccccn1,"[12, 19]","[{'functional_group': '2-hydroxypyridine', 'smiles_inds': [8]}]",0.14810896370004792
20,median,c1ccc(cc1)N=Nc1ccccc1N=Nc1cccc[c-]1,"[14, 7, 21]","[{'functional_group': '2-methylbenzoic_acid', 'smiles_inds': [5]}, {'functional_group': 'carboxyllic_acid', 'smiles_inds': [4]}, {'functional_group': 'aldehyde', 'smiles_inds': [10]}]",0.1481199671343661
20,median,Cc1ccc(NC([O-])(C2C=CC=C([N-]2)c2ccccn2)c2ccccc2)cc1,"[7, 19, 13]",[],0.14816606063378152
20,median,O=N(=O)c1ccc(cc1)C1=NN=NN1,[11],"[{'functional_group': 'trichloro', 'smiles_inds': [5]}, {'functional_group': 'iodo', 'smiles_inds': [8]}, {'functional_group': 'ketone', 'smiles_inds': [13]}]",0.14819750147799596
20,median,CCN1C=C(C(=O)[O-])C(=O)c2cc(F)c(N3CC[NH2+]C(C)C3)c(F)c12,"[7, 9]","[{'functional_group': 'carboxyllic_acid', 'smiles_inds': [19]}, {'functional_group': 'carboxyl', 'smiles_inds': [17]}, {'functional_group': 'phosphonate', 'smiles_inds': [11]}]",0.14829459311186116
20,median,C1CCC(N=Cc2ccccn2)C(C1)N[CH-]c1ccccn1,"[4, 11, 15]","[{'functional_group': 'carboxyllic_acid', 'smiles_inds': [13]}]",0.14833380664313095
20,median,[S-]C(=Nc1ccccc1)P(c1ccccc1)c1ccccc1,"[0, 9]",[],0.1483871728300267
20,top,[nH+]1cc[nH+]c2c1c1cccnc1c1ncccc21,"[13, 10]","[{'functional_group': 'carboxylate', 'smiles_inds': [14]}, {'functional_group': 'aldehyde', 'smiles_inds': [16]}, {'functional_group': 'amino', 'smiles_inds': [7]}, {'functional_group': 'amino', 'smiles_inds': [8]}, {'functional_group': 'aldehyde', 'smiles_inds': [15]}, {'functional_group': 'amino', 'smiles_inds': [2]}, {'functional_group': 'aldehyde', 'smiles_inds': [0]}, {'functional_group': 'carboxylate', 'smiles_inds': [3]}, {'functional_group': 'ketone', 'smiles_inds': [9]}, {'functional_group': 'ethyl', 'smiles_inds': [1]}]",0.9999999998880387
20,top,[nH+]1cc[nH+]c2c1c1cccnc1c1ncccc21,"[13, 10]","[{'functional_group': 'carboxylate', 'smiles_inds': [8]}, {'functional_group': 'aldehyde', 'smiles_inds': [3]}, {'functional_group': 'chloro', 'smiles_inds': [15]}, {'functional_group': 'aldehyde', 'smiles_inds': [0]}, {'functional_group': 'aldehyde', 'smiles_inds': [7]}, {'functional_group': 'cyano', 'smiles_inds': [16]}, {'functional_group': 'aldehyde', 'smiles_inds': [9]}, {'functional_group': 'aldehyde', 'smiles_inds': [2]}, {'functional_group': 'aldehyde', 'smiles_inds': [1]}]",0.9999999998938702
20,top,[nH+]1cc[nH+]c2c1c1cccnc1c1ncccc21,"[13, 10]","[{'functional_group': 'carboxylate', 'smiles_inds': [14]}, {'functional_group': 'aldehyde', 'smiles_inds': [16]}, {'functional_group': 'methyl', 'smiles_inds': [3]}, {'functional_group': 'carboxylate', 'smiles_inds': [15]}, {'functional_group': 'phenyl', 'smiles_inds': [2]}, {'functional_group': 'carboxyllic_acid', 'smiles_inds': [7]}, {'functional_group': 'aldehyde', 'smiles_inds': [0]}, {'functional_group': 'carboxylate', 'smiles_inds': [9]}, {'functional_group': 'trichloro', 'smiles_inds': [1]}, {'functional_group': 'methyl', 'smiles_inds': [8]}]",0.9999999998965059
20,top,[nH+]1cc[nH+]c2c1c1cccnc1c1ncccc21,"[13, 10]","[{'functional_group': 'carboxylate', 'smiles_inds': [14]}, {'functional_group': 'aldehyde', 'smiles_inds': [16]}, {'functional_group': 'amino', 'smiles_inds': [7]}, {'functional_group': 'amino', 'smiles_inds': [8]}, {'functional_group': 'aldehyde', 'smiles_inds': [15]}, {'functional_group': 'amino', 'smiles_inds': [2]}, {'functional_group': 'methyl', 'smiles_inds': [0]}, {'functional_group': 'amino', 'smiles_inds': [1]}, {'functional_group': 'aldehyde', 'smiles_inds': [9]}]",0.999999999912466
20,top,[nH+]1cc[nH+]c2c1c1cccnc1c1ncccc21,"[13, 10]","[{'functional_group': 'carboxylate', 'smiles_inds': [14]}, {'functional_group': 'aldehyde', 'smiles_inds': [16]}, {'functional_group': 'methyl', 'smiles_inds': [3]}, {'functional_group': 'carboxylate', 'smiles_inds': [15]}, {'functional_group': 'phenyl', 'smiles_inds': [2]}, {'functional_group': 'carboxyllic_acid', 'smiles_inds': [7]}, {'functional_group': 'cyano', 'smiles_inds': [0]}, {'functional_group': 'cyano', 'smiles_inds': [9]}, {'functional_group': 'carboxylate', 'smiles_inds': [8]}]",0.9999999999175913
20,top,[nH+]1cc[nH+]c2c1c1cccnc1c1ncccc21,"[13, 10]","[{'functional_group': 'carboxylate', 'smiles_inds': [14]}, {'functional_group': 'aldehyde', 'smiles_inds': [16]}, {'functional_group': 'amino', 'smiles_inds': [7]}, {'functional_group': 'amino', 'smiles_inds': [8]}, {'functional_group': 'aldehyde', 'smiles_inds': [15]}, {'functional_group': 'amino', 'smiles_inds': [2]}, {'functional_group': 'aldehyde', 'smiles_inds': [0]}, {'functional_group': 'carboxylate', 'smiles_inds': [3]}, {'functional_group': '2-methylbenzoic_acid', 'smiles_inds': [1]}, {'functional_group': 'carboxylate', 'smiles_inds': [9]}]",0.999999999923352
20,top,[nH+]1cc[nH+]c2c1c1cccnc1c1ncccc21,"[13, 10]","[{'functional_group': 'carboxylate', 'smiles_inds': [14]}, {'functional_group': 'aldehyde', 'smiles_inds': [16]}, {'functional_group': 'methyl', 'smiles_inds': [3]}, {'functional_group': 'carboxylate', 'smiles_inds': [15]}, {'functional_group': 'phenyl', 'smiles_inds': [2]}, {'functional_group': 'carboxyllic_acid', 'smiles_inds': [7]}, {'functional_group': 'aldehyde', 'smiles_inds': [0]}, {'functional_group': 'carboxylate', 'smiles_inds': [9]}, {'functional_group': 'methyl_ester', 'smiles_inds': [8]}]",0.9999999999241362
20,top,[nH+]1cc[nH+]c2c1c1cccnc1c1ncccc21,"[13, 10]","[{'functional_group': 'carboxylate', 'smiles_inds': [14]}, {'functional_group': 'aldehyde', 'smiles_inds': [16]}, {'functional_group': 'amino', 'smiles_inds': [7]}, {'functional_group': 'amino', 'smiles_inds': [8]}, {'functional_group': 'aldehyde', 'smiles_inds': [15]}, {'functional_group': 'amino', 'smiles_inds': [2]}, {'functional_group': 'methyl', 'smiles_inds': [0]}, {'functional_group': 'methyl', 'smiles_inds': [3]}, {'functional_group': 'amino', 'smiles_inds': [1]}, {'functional_group': 'carboxylate', 'smiles_inds': [9]}]",0.9999999999258029
20,top,NC1C(O)C(N)C([O-])C(NCCNC2C(O)C(N)C(O)C(N)C2[O-])C1O,"[12, 9, 21, 5, 23, 7]","[{'functional_group': 'carboxyl', 'smiles_inds': [11]}, {'functional_group': 'bromo', 'smiles_inds': [3]}]",0.9999999999312452
20,top,[nH+]1cc[nH+]c2c1c1cccnc1c1ncccc21,"[13, 10]","[{'functional_group': 'carboxylate', 'smiles_inds': [14]}, {'functional_group': 'aldehyde', 'smiles_inds': [16]}, {'functional_group': 'amino', 'smiles_inds': [7]}, {'functional_group': 'amino', 'smiles_inds': [8]}, {'functional_group': 'aldehyde', 'smiles_inds': [15]}, {'functional_group': 'amino', 'smiles_inds': [2]}, {'functional_group': 'aldehyde', 'smiles_inds': [0]}, {'functional_group': 'carboxylate', 'smiles_inds': [3]}, {'functional_group': 'methyl', 'smiles_inds': [1]}]",0.999999999945753
20,top,[nH+]1cc[nH+]c2c1c1cccnc1c1ncccc21,"[13, 10]","[{'functional_group': 'carboxylate', 'smiles_inds': [14]}, {'functional_group': 'aldehyde', 'smiles_inds': [16]}, {'functional_group': 'amino', 'smiles_inds': [7]}, {'functional_group': 'amino', 'smiles_inds': [8]}, {'functional_group': 'aldehyde', 'smiles_inds': [15]}, {'functional_group': 'amino', 'smiles_inds': [2]}, {'functional_group': 'aldehyde', 'smiles_inds': [0]}, {'functional_group': 'carboxylate', 'smiles_inds': [3]}, {'functional_group': 'amino', 'smiles_inds': [1]}]",0.9999999999555769
20,top,NC1C(O)C(N)C([O-])C(NCCNC2C(O)C(N)C(O)C(N)C2[O-])C1O,"[12, 9, 21, 5, 23, 7]",[],0.9999999999643585
20,top,[nH+]1cc[nH+]c2c1c1cccnc1c1ncccc21,"[13, 10]","[{'functional_group': 'carboxylate', 'smiles_inds': [14]}, {'functional_group': 'aldehyde', 'smiles_inds': [16]}, {'functional_group': 'methyl', 'smiles_inds': [3]}, {'functional_group': 'carboxylate', 'smiles_inds': [15]}, {'functional_group': 'phenyl', 'smiles_inds': [2]}, {'functional_group': 'carboxyllic_acid', 'smiles_inds': [7]}, {'functional_group': 'aldehyde', 'smiles_inds': [0]}, {'functional_group': 'carboxylate', 'smiles_inds': [9]}, {'functional_group': 'ether', 'smiles_inds': [8]}]",0.9999999999648062
20,top,CCOC(=O)C1=C2[N-]C(=C1C(=O)OCC)c1ccc3ccc4ccc(nc4c3n1)C1=C(C(=O)OCC)C(=C([N-]1)c1ccc3ccc4ccc2nc4c3n1)C(=O)OCC,"[7, 49, 52, 38, 25, 28]",[],0.9999999999777296
20,top,[nH+]1cc[nH+]c2c1c1cccnc1c1ncccc21,"[13, 10]","[{'functional_group': 'carboxylate', 'smiles_inds': [14]}, {'functional_group': 'aldehyde', 'smiles_inds': [16]}, {'functional_group': 'methyl', 'smiles_inds': [3]}, {'functional_group': 'carboxylate', 'smiles_inds': [15]}, {'functional_group': 'phenyl', 'smiles_inds': [2]}, {'functional_group': 'carboxyllic_acid', 'smiles_inds': [7]}, {'functional_group': 'aldehyde', 'smiles_inds': [0]}, {'functional_group': 'carboxylate', 'smiles_inds': [8]}]",0.9999999999833948
20,top,[nH+]1cc[nH+]c2c1c1cccnc1c1ncccc21,"[13, 10]","[{'functional_group': 'carboxylate', 'smiles_inds': [14]}, {'functional_group': 'aldehyde', 'smiles_inds': [16]}, {'functional_group': 'methyl', 'smiles_inds': [3]}, {'functional_group': 'carboxylate', 'smiles_inds': [15]}, {'functional_group': 'phenyl', 'smiles_inds': [2]}, {'functional_group': 'carboxyllic_acid', 'smiles_inds': [7]}, {'functional_group': 'aldehyde', 'smiles_inds': [0]}, {'functional_group': 'carboxylate', 'smiles_inds': [9]}, {'functional_group': 'ethyl_ester', 'smiles_inds': [8]}]",0.9999999999888276
20,top,[nH+]1cc[nH+]c2c1c1cccnc1c1ncccc21,"[13, 10]","[{'functional_group': 'carboxylate', 'smiles_inds': [14]}, {'functional_group': 'aldehyde', 'smiles_inds': [16]}, {'functional_group': 'methyl', 'smiles_inds': [3]}, {'functional_group': 'carboxylate', 'smiles_inds': [15]}, {'functional_group': 'phenyl', 'smiles_inds': [2]}, {'functional_group': 'carboxyllic_acid', 'smiles_inds': [7]}, {'functional_group': 'aldehyde', 'smiles_inds': [0]}, {'functional_group': 'carboxylate', 'smiles_inds': [9]}, {'functional_group': 'amino', 'smiles_inds': [8]}, {'functional_group': 'tribromo', 'smiles_inds': [1]}]",0.9999999999905
20,top,[nH+]1cc[nH+]c2c1c1cccnc1c1ncccc21,"[13, 10]","[{'functional_group': 'carboxylate', 'smiles_inds': [14]}, {'functional_group': 'aldehyde', 'smiles_inds': [16]}, {'functional_group': 'methyl', 'smiles_inds': [3]}, {'functional_group': 'carboxylate', 'smiles_inds': [15]}, {'functional_group': 'phenyl', 'smiles_inds': [2]}, {'functional_group': 'carboxyllic_acid', 'smiles_inds': [7]}, {'functional_group': 'aldehyde', 'smiles_inds': [0]}, {'functional_group': 'carboxylate', 'smiles_inds': [9]}, {'functional_group': 'amino', 'smiles_inds': [8]}]",0.9999999999933531
20,top,[nH+]1cc[nH+]c2c1c1cccnc1c1ncccc21,"[13, 10]","[{'functional_group': 'carboxylate', 'smiles_inds': [14]}, {'functional_group': 'aldehyde', 'smiles_inds': [16]}, {'functional_group': 'methyl', 'smiles_inds': [3]}, {'functional_group': 'carboxylate', 'smiles_inds': [15]}, {'functional_group': 'phenyl', 'smiles_inds': [2]}, {'functional_group': 'carboxyllic_acid', 'smiles_inds': [7]}, {'functional_group': 'aldehyde', 'smiles_inds': [0]}, {'functional_group': 'carboxylate', 'smiles_inds': [9]}, {'functional_group': 'carboxyllic_acid', 'smiles_inds': [8]}]",0.9999999999936937
20,top,NC(=NN=C([O-])C(=NNC(=O)c1cccc(n1)C(=O)NN=C(C([O-])=NN=C(N)c1ccccn1)c1ccccc1)c1ccccc1)c1ccccn1,"[23, 5, 51, 2, 25, 33]",[],0.999999999999692
21,bottom,CC(C)CC1NC(=O)C2(CCC(=O)NC(CC(O)=O)C(=O)NC(CC3=CNc4ccccc34)C(=O)N2)CSCC(NC(=O)C(CCC(O)=O)NC(=O)C(CC2=CNc3ccccc23)NC1=O)C(=O)NC1CSSCC(NC(=O)C2CSCC3(CC(NC1=O)C(=O)NC(C(C)O)C(=O)NCC(=O)N3)C(=O)NC(CC(C)C)C(=O)NC(Cc1ccccc1)C(=O)NC(C)C(=O)N2)C(O)=O,"[77, 87]","[{'functional_group': 'carboxylate', 'smiles_inds': [69]}, {'functional_group': 'bromo', 'smiles_inds': [105]}]",9.067788233503823e-51
21,bottom,C[Si](C)(C)C(c1cc(C([Si](C)(C)C)[Si](C)(C)C)c(Sc2ccccc2Sc2ccccc2Sc2ccccc2Sc2c(cc(cc2C([Si](C)(C)C)[Si](C)(C)C)C([Si](C)(C)C)[Si](C)(C)C)C([Si](C)(C)C)[Si](C)(C)C)c(c1)C([Si](C)(C)C)[Si](C)(C)C)[Si](C)(C)C,"[25, 32]","[{'functional_group': 'trichloro', 'smiles_inds': [85]}, {'functional_group': 'aldehyde', 'smiles_inds': [86]}, {'functional_group': 'hydroxyl', 'smiles_inds': [12]}]",3.2114957479312e-45
21,bottom,C[Si](C)(C)C(c1cc(C([Si](C)(C)C)[Si](C)(C)C)c([Se]c2ccccc2Sc2ccccc2Sc2ccccc2[Se]c2c(cc(cc2C([Si](C)(C)C)[Si](C)(C)C)C([Si](C)(C)C)[Si](C)(C)C)C([Si](C)(C)C)[Si](C)(C)C)c(c1)C([Si](C)(C)C)[Si](C)(C)C)[Si](C)(C)C,"[25, 32]","[{'functional_group': 'cyano', 'smiles_inds': [53]}]",2.5780855920719255e-42
21,bottom,C[Si](C)(C)C(c1cc(C([Si](C)(C)C)[Si](C)(C)C)c(Sc2ccccc2[Se]c2ccccc2[Se]c2ccccc2Sc2c(cc(cc2C([Si](C)(C)C)[Si](C)(C)C)C([Si](C)(C)C)[Si](C)(C)C)C([Si](C)(C)C)[Si](C)(C)C)c(c1)C([Si](C)(C)C)[Si](C)(C)C)[Si](C)(C)C,"[25, 32]","[{'functional_group': 'methyl', 'smiles_inds': [55]}, {'functional_group': 'methyl_ester', 'smiles_inds': [30]}]",1.1539761783535416e-41
21,bottom,CP(C)c1c(cc(cc1C([Si](C)(C)C)[Si](C)(C)C)C([Si](C)(C)C)([Si](C)(C)C)[Si](C)(C)C)C([Si](C)(C)C)[Si](C)(C)C,[1],"[{'functional_group': 'trifluro', 'smiles_inds': [25]}, {'functional_group': 'ether', 'smiles_inds': [16]}, {'functional_group': 'ether', 'smiles_inds': [38]}]",6.965230030053674e-34
21,bottom,CP(C)c1c(cc(cc1C([Si](C)(C)C)[Si](C)(C)C)C([Si](C)(C)C)([Si](C)(C)C)[Si](C)(C)C)C([Si](C)(C)C)[Si](C)(C)C,[1],"[{'functional_group': '2-methylbenzoic_acid', 'smiles_inds': [30]}, {'functional_group': 'trifluro', 'smiles_inds': [11]}, {'functional_group': '2-hydroxypyridine', 'smiles_inds': [7]}]",1.5047497653912343e-33
21,bottom,CP(C)c1c(cc(cc1C([Si](C)(C)C)[Si](C)(C)C)C([Si](C)(C)C)([Si](C)(C)C)[Si](C)(C)C)C([Si](C)(C)C)[Si](C)(C)C,[1],"[{'functional_group': 'phosphonate', 'smiles_inds': [31]}]",1.4508572360239474e-28
21,bottom,O=C1N2CN3C(=O)N4CN5C6C7N(CN8C(=O)N9CN%10C%11C%12N(CN%13C(=O)N%14CN1C1C2N2CN%15C(=O)N(CN6C(=O)N7CN6C(=O)N(CN%11C(=O)N%12CN7C(=O)N(CN1C2=O)C1%14CCCCC%1371)C19CCCCC861)C14CCCCC3%151)C%10=O)C5=O,"[36, 61]","[{'functional_group': 'hydroxyl', 'smiles_inds': [72]}]",2.2934526674578317e-28
21,bottom,CP(C)c1c(cc(cc1C([Si](C)(C)C)[Si](C)(C)C)C([Si](C)(C)C)([Si](C)(C)C)[Si](C)(C)C)C([Si](C)(C)C)[Si](C)(C)C,[1],"[{'functional_group': 'phosphonate', 'smiles_inds': [17]}, {'functional_group': 'carboxylate', 'smiles_inds': [20]}]",1.5904148203605156e-27
21,bottom,CC(C)c1cc(c([Ge]c2c(cc(cc2C([Si](C)(C)C)[Si](C)(C)C)C([Si](C)(C)C)[Si](C)(C)C)C([Si](C)(C)C)[Si](C)(C)C)c(c1)C(C)C)C(C)C,[7],"[{'functional_group': 'fluoro', 'smiles_inds': [25]}, {'functional_group': 'trichloro', 'smiles_inds': [4]}]",2.5028635959267398e-26
21,bottom,CC(C)(C)[Si](C)([Si]12[Ge][Si]1([Si](C)(C(C)(C)C)C(C)(C)C)[Si]2([Si](C)(C(C)(C)C)C(C)(C)C)[Si](C)(C(C)(C)C)C(C)(C)C)C(C)(C)C,[7],"[{'functional_group': '2-hydroxypyridine', 'smiles_inds': [38]}]",3.0215157528326514e-26
21,bottom,O=C1N2CN3C4C5N(CN6C7C8N(CN9C%10C%11N(CN%12C%13C%14N(CN%15C%16C%17N(CN1C1C2N2CN4C(=O)N5CN7C(=O)N8CN%10C(=O)N%11C4OC(N%13C(=O)N%14CN%16C(=O)N%17CN1C2=O)c1ccccc41)C%15=O)C%12=O)C9=O)C6=O)C3=O,"[75, 73]","[{'functional_group': 'phenyl', 'smiles_inds': [50]}]",3.788488964524803e-26
21,bottom,c1ccc(cc1)N(c1ccccc1)c1ccc(cc1)P(c1ccc(cc1)N(c1ccccc1)c1ccccc1)c1ccc(cc1)N(c1ccccc1)c1ccccc1,[19],[],4.627819998828574e-26
21,bottom,C[Si]([Ge]1[Si]2([Ge]([Si]12[Si](C)(C(C)(C)C)C(C)(C)C)[Si](C)(C(C)(C)C)C(C)(C)C)[Si](C)(C(C)(C)C)C(C)(C)C)(C(C)(C)C)C(C)(C)C,"[2, 4]","[{'functional_group': 'phosphonate', 'smiles_inds': [13]}]",5.174337991019528e-25
21,bottom,Cc1cc(C(c2ccc(cc2)C2CCCCC2)c2ccc(cc2)C2CCCCC2)c(N=C(C)C(C)=Nc2c(cc(C)cc2C(c2ccc(cc2)C2CCCCC2)c2ccc(cc2)C2CCCCC2)C(c2ccc(cc2)C2CCCCC2)c2ccc(cc2)C2CCCCC2)c(c1)C(c1ccc(cc1)C1CCCCC1)c1ccc(cc1)C1CCCCC1,"[30, 35]","[{'functional_group': 'methyl', 'smiles_inds': [60]}]",1.835599212603522e-24
21,bottom,O=C1N2CN3C4C5N(CN6C7C8N(CN9C%10C%11N(CN%12C%13C%14N(CN%15C%16C%17N(CN1C1C2N2CN4C(=O)N5CN7C(=O)N8CN%10C(=O)N%11C4OC(N%13C(=O)N%14CN%16C(=O)N%17CN1C2=O)c1ccccc41)C%15=O)C%12=O)C9=O)C6=O)C3=O,"[75, 73]","[{'functional_group': 'amino', 'smiles_inds': [20]}, {'functional_group': 'carbonyl', 'smiles_inds': [28]}]",1.8410303820813137e-24
21,bottom,CC12N3CN4C5C6N(CN7C8C9N(CN%10C(=O)N%11CN%12C%13C%14N(CN%15C%16C%17N(CN(C3=O)C1(C)N1CN%17C(=O)N%16CN%14C(=O)N%13CN3C(=O)N(CN9C(=O)N8CN6C(=O)N5CN2C1=O)C%10(C)C%113C)C%15=O)C%12=O)C7=O)C4=O,"[71, 16, 73]",[],4.175944711048744e-24
21,bottom,C[Si](O[Si]1(O[Si]2(O[Si](OP(c3ccccc3)c3ccccc3)(O[Si]3(O[Si](OP(c4ccccc4)c4ccccc4)(O[Si](O[Si](O3)(O2)C2CCCC2)(O1)C1CCCC1)C1CCCC1)C1CCCC1)C1CCCC1)C1CCCC1)C1CCCC1)(c1ccccc1)c1ccccc1,"[27, 9]","[{'functional_group': 'bromo', 'smiles_inds': [53]}, {'functional_group': 'trichloro', 'smiles_inds': [76]}]",6.013993559203964e-24
21,bottom,N=P(c1ccccc1c1cc(cc(c1)c1ccccc1P(=[N-])(C12CC3CC(CC(C3)C1)C2)C12CC3CC(CC(C3)C1)C2)c1ccccc1P(=[N-])(C12CC3CC(CC(C3)C1)C2)C12CC3CC(CC(C3)C1)C2)(C12CC3CC(CC(C3)C1)C2)C12CC3CC(CC(C3)C1)C2,"[0, 21, 49]","[{'functional_group': 'iodo', 'smiles_inds': [65]}]",6.500000359849829e-24
21,bottom,Cc1cc(C(c2ccc(cc2)C2CCCCC2)c2ccc(cc2)C2CCCCC2)c(N=C(C)C(C)=Nc2c(cc(C)cc2C(c2ccc(cc2)C2CCCCC2)c2ccc(cc2)C2CCCCC2)C(c2ccc(cc2)C2CCCCC2)c2ccc(cc2)C2CCCCC2)c(c1)C(c1ccc(cc1)C1CCCCC1)c1ccc(cc1)C1CCCCC1,"[30, 35]","[{'functional_group': 'ethyl_ester', 'smiles_inds': [95]}, {'functional_group': 'carboxylate', 'smiles_inds': [22]}]",7.18825141319886e-24
21,median,CC(C)C1CCC(C)CC1OC(=O)NC(=S)N1CCOCC1,"[15, 12]","[{'functional_group': 'iodo', 'smiles_inds': [2]}]",0.1634121528780723
21,median,Cc1ccc(cc1)[N-]c1c(cc(c2cccnc12)N(=O)=O)N(=O)=O,"[7, 16]",[],0.16345744706930884
21,median,CCCCCCCCCC[NH2+]C12CNCCNCC(C)(CNCCNC1)CNCCNC2,"[30, 13, 16, 27, 24, 21]",[],0.1634739518274151
21,median,COc1ccc(C(=N)c2ccccc2)c([O-])c1,"[7, 15]","[{'functional_group': 'cyano', 'smiles_inds': [13]}, {'functional_group': 'fluoro', 'smiles_inds': [11]}]",0.16351833127056817
21,median,CC(C)(C)C(=O)[N-]c1cccc2cccnc12,"[15, 6]","[{'functional_group': 'iodo', 'smiles_inds': [8]}, {'functional_group': 'iodo', 'smiles_inds': [13]}, {'functional_group': 'phenyl', 'smiles_inds': [9]}]",0.16360769127033745
21,median,[nH+]1cc[nH+]c2c1c1cccnc1c1ncccc21,"[13, 10]","[{'functional_group': 'methyl_ester', 'smiles_inds': [1]}, {'functional_group': 'phenyl', 'smiles_inds': [9]}]",0.16361723703676084
21,median,CC(C)(C)c1ccc(cc1)c1cc(nc(c1)c1ccccn1)c1ccccn1,"[27, 13, 21]","[{'functional_group': 'phosphonate', 'smiles_inds': [24]}]",0.1636195977439427
21,median,O=C(NN=CC1=CC=CS1)c1ccccc1,"[0, 3]","[{'functional_group': 'carboxylate', 'smiles_inds': [6]}, {'functional_group': 'methyl_ester', 'smiles_inds': [8]}]",0.16363440704496665
21,median,[NH3+]CC[NH2+]CC(CNCCN)(CNCCN)CNCCN,"[7, 10, 12, 15, 17, 20]","[{'functional_group': 'cyanimide', 'smiles_inds': [4]}, {'functional_group': 'cyanimide', 'smiles_inds': [13]}]",0.1636673472364705
21,median,Clc1ccccc1N=Cc1[c-]cccc1Cl,"[7, 10]","[{'functional_group': 'chloro', 'smiles_inds': [4]}]",0.16379942003825512
21,median,COc1ccccc1P(c1ccccc1OC)c1cc(C)ccc1S(=O)(=O)[O-],"[27, 8]","[{'functional_group': 'ethyl_ester', 'smiles_inds': [20]}]",0.16391580500621197
21,median,FC(F)(F)c1ccc(cc1)C=NC(C#N)=C([N-]Cc1ccccn1)C#N,"[16, 23, 11]",[],0.16391773361984657
21,median,O=N(=O)c1ccccc1C[NH2+]C12CNCCNCC([NH2+]Cc3ccccc3N(=O)=O)(CNCCNC1)CNCCNC2,"[34, 31, 40, 16, 37, 13]","[{'functional_group': 'ethyl', 'smiles_inds': [38]}]",0.1639557906548184
21,median,COc1ccc(cc1)C(O)(C1=NC=CN1C)C1=NC=CN1C,"[11, 17]",[],0.16402412926077714
21,median,c1ccc(cc1)N1c2ccccc2N=C1c1[c-]ccc2ccccc12,"[13, 16]","[{'functional_group': '2-methylbenzoic_acid', 'smiles_inds': [0]}, {'functional_group': 'aldehyde', 'smiles_inds': [23]}, {'functional_group': 'bromo', 'smiles_inds': [1]}]",0.16407847270267517
21,median,C(Oc1ccccc1C=NCc1cccc2ccccc12)c1ccccn1,"[1, 26, 9]",[],0.16416662906610643
21,median,CN(C)C(=S)N1[C-]=Cc2ccccc12,"[4, 6]",[],0.16417538821542776
21,median,O=C(Nc1ccccc1)Nc1ccccc1,[0],"[{'functional_group': 'hydroxyl', 'smiles_inds': [5]}]",0.1642089356758613
21,median,c1ccc(nc1)c1cc(cc(n1)c1ccccn1)c1cccnc1,"[11, 4, 17]","[{'functional_group': 'hydroxyl', 'smiles_inds': [21]}, {'functional_group': '2-methylbenzoic_acid', 'smiles_inds': [13]}, {'functional_group': 'tribromo', 'smiles_inds': [20]}]",0.16431441590174667
21,median,CCN(CC)c1ccc(cc1)N=Cc1ccccc1[O-],"[19, 11]","[{'functional_group': 'carboxyl', 'smiles_inds': [9]}, {'functional_group': 'aldehyde', 'smiles_inds': [6]}]",0.1643539194604078
21,top,[nH+]1cc[nH+]c2c1c1cccnc1c1ncccc21,"[13, 10]","[{'functional_group': 'carboxylate', 'smiles_inds': [14]}, {'functional_group': 'aldehyde', 'smiles_inds': [16]}, {'functional_group': 'methyl', 'smiles_inds': [3]}, {'functional_group': 'carboxylate', 'smiles_inds': [15]}, {'functional_group': 'phenyl', 'smiles_inds': [2]}, {'functional_group': 'carboxyllic_acid', 'smiles_inds': [7]}, {'functional_group': 'amino', 'smiles_inds': [1]}, {'functional_group': 'aldehyde', 'smiles_inds': [0]}, {'functional_group': 'trichloro', 'smiles_inds': [8]}]",0.9999999999478424
21,top,CS(C)(C)C,[1],"[{'functional_group': 'cyano', 'smiles_inds': [0]}]",0.9999999999493985
21,top,[nH+]1cc[nH+]c2c1c1cccnc1c1ncccc21,"[13, 10]","[{'functional_group': 'carboxylate', 'smiles_inds': [14]}, {'functional_group': 'aldehyde', 'smiles_inds': [16]}, {'functional_group': 'methyl', 'smiles_inds': [3]}, {'functional_group': 'carboxylate', 'smiles_inds': [15]}, {'functional_group': 'phenyl', 'smiles_inds': [2]}, {'functional_group': 'carboxyllic_acid', 'smiles_inds': [7]}, {'functional_group': 'aldehyde', 'smiles_inds': [0]}, {'functional_group': 'fluoro', 'smiles_inds': [8]}, {'functional_group': 'fluoro', 'smiles_inds': [1]}, {'functional_group': 'carboxylate', 'smiles_inds': [9]}]",0.9999999999506408
21,top,[nH+]1cc[nH+]c2c1c1cccnc1c1ncccc21,"[13, 10]","[{'functional_group': 'carboxylate', 'smiles_inds': [14]}, {'functional_group': 'aldehyde', 'smiles_inds': [16]}, {'functional_group': 'amino', 'smiles_inds': [7]}, {'functional_group': 'amino', 'smiles_inds': [8]}, {'functional_group': 'aldehyde', 'smiles_inds': [15]}, {'functional_group': 'amino', 'smiles_inds': [2]}, {'functional_group': 'aldehyde', 'smiles_inds': [0]}, {'functional_group': 'carboxylate', 'smiles_inds': [3]}, {'functional_group': 'amino', 'smiles_inds': [9]}, {'functional_group': 'tribromo', 'smiles_inds': [1]}]",0.9999999999515963
21,top,[nH+]1cc[nH+]c2c1c1cccnc1c1ncccc21,"[13, 10]","[{'functional_group': 'carboxylate', 'smiles_inds': [14]}, {'functional_group': 'aldehyde', 'smiles_inds': [16]}, {'functional_group': 'amino', 'smiles_inds': [7]}, {'functional_group': 'amino', 'smiles_inds': [8]}, {'functional_group': 'aldehyde', 'smiles_inds': [15]}, {'functional_group': 'amino', 'smiles_inds': [2]}, {'functional_group': 'aldehyde', 'smiles_inds': [0]}, {'functional_group': 'carboxylate', 'smiles_inds': [3]}, {'functional_group': 'carbonyl', 'smiles_inds': [1]}]",0.999999999953409
21,top,[nH+]1cc[nH+]c2c1c1cccnc1c1ncccc21,"[13, 10]","[{'functional_group': 'carboxylate', 'smiles_inds': [14]}, {'functional_group': 'aldehyde', 'smiles_inds': [16]}, {'functional_group': 'amino', 'smiles_inds': [7]}, {'functional_group': 'amino', 'smiles_inds': [8]}, {'functional_group': 'aldehyde', 'smiles_inds': [15]}, {'functional_group': 'amino', 'smiles_inds': [2]}, {'functional_group': 'methyl', 'smiles_inds': [0]}, {'functional_group': 'methyl', 'smiles_inds': [3]}, {'functional_group': 'amino', 'smiles_inds': [1]}, {'functional_group': 'aldehyde', 'smiles_inds': [9]}]",0.9999999999570681
21,top,[nH+]1cc[nH+]c2c1c1cccnc1c1ncccc21,"[13, 10]","[{'functional_group': 'carboxylate', 'smiles_inds': [14]}, {'functional_group': 'aldehyde', 'smiles_inds': [16]}, {'functional_group': 'amino', 'smiles_inds': [7]}, {'functional_group': 'amino', 'smiles_inds': [8]}, {'functional_group': 'aldehyde', 'smiles_inds': [15]}, {'functional_group': 'amino', 'smiles_inds': [2]}, {'functional_group': 'aldehyde', 'smiles_inds': [0]}, {'functional_group': 'carboxylate', 'smiles_inds': [3]}, {'functional_group': 'ketone', 'smiles_inds': [9]}, {'functional_group': 'aldehyde', 'smiles_inds': [1]}]",0.9999999999579838
21,top,[nH+]1cc[nH+]c2c1c1cccnc1c1ncccc21,"[13, 10]","[{'functional_group': 'carboxylate', 'smiles_inds': [14]}, {'functional_group': 'aldehyde', 'smiles_inds': [16]}, {'functional_group': 'amino', 'smiles_inds': [7]}, {'functional_group': 'amino', 'smiles_inds': [8]}, {'functional_group': 'aldehyde', 'smiles_inds': [15]}, {'functional_group': 'amino', 'smiles_inds': [2]}, {'functional_group': 'cyano', 'smiles_inds': [0]}, {'functional_group': 'cyano', 'smiles_inds': [3]}, {'functional_group': 'methyl', 'smiles_inds': [1]}]",0.9999999999585538
21,top,[nH+]1cc[nH+]c2c1c1cccnc1c1ncccc21,"[13, 10]","[{'functional_group': 'carboxylate', 'smiles_inds': [14]}, {'functional_group': 'aldehyde', 'smiles_inds': [16]}, {'functional_group': 'amino', 'smiles_inds': [7]}, {'functional_group': 'amino', 'smiles_inds': [8]}, {'functional_group': 'aldehyde', 'smiles_inds': [15]}, {'functional_group': 'amino', 'smiles_inds': [2]}, {'functional_group': 'cyano', 'smiles_inds': [0]}, {'functional_group': 'cyano', 'smiles_inds': [3]}, {'functional_group': 'ethyl_ester', 'smiles_inds': [9]}, {'functional_group': 'cyano', 'smiles_inds': [1]}]",0.9999999999588314
21,top,[nH+]1cc[nH+]c2c1c1cccnc1c1ncccc21,"[13, 10]","[{'functional_group': 'carboxylate', 'smiles_inds': [14]}, {'functional_group': 'aldehyde', 'smiles_inds': [16]}, {'functional_group': 'amino', 'smiles_inds': [7]}, {'functional_group': 'amino', 'smiles_inds': [8]}, {'functional_group': 'aldehyde', 'smiles_inds': [15]}, {'functional_group': 'amino', 'smiles_inds': [2]}, {'functional_group': 'aldehyde', 'smiles_inds': [0]}, {'functional_group': 'carboxylate', 'smiles_inds': [3]}, {'functional_group': 'phosphonate', 'smiles_inds': [1]}]",0.9999999999660194
21,top,[nH+]1cc[nH+]c2c1c1cccnc1c1ncccc21,"[13, 10]","[{'functional_group': 'carboxylate', 'smiles_inds': [14]}, {'functional_group': 'aldehyde', 'smiles_inds': [16]}, {'functional_group': 'amino', 'smiles_inds': [7]}, {'functional_group': 'amino', 'smiles_inds': [8]}, {'functional_group': 'aldehyde', 'smiles_inds': [15]}, {'functional_group': 'amino', 'smiles_inds': [2]}, {'functional_group': 'aldehyde', 'smiles_inds': [0]}, {'functional_group': 'carboxylate', 'smiles_inds': [3]}, {'functional_group': '2-methylbenzoic_acid', 'smiles_inds': [1]}, {'functional_group': 'aldehyde', 'smiles_inds': [9]}]",0.9999999999660796
21,top,CCOC(=O)C1=C2[N-]C(=C1C(=O)OCC)c1ccc3ccc4ccc(nc4c3n1)C1=C(C(=O)OCC)C(=C([N-]1)c1ccc3ccc4ccc2nc4c3n1)C(=O)OCC,"[7, 49, 52, 38, 25, 28]",[],0.9999999999758518
21,top,[nH+]1cc[nH+]c2c1c1cccnc1c1ncccc21,"[13, 10]","[{'functional_group': 'carboxylate', 'smiles_inds': [14]}, {'functional_group': 'aldehyde', 'smiles_inds': [16]}, {'functional_group': 'methyl', 'smiles_inds': [3]}, {'functional_group': 'carboxylate', 'smiles_inds': [15]}, {'functional_group': 'phenyl', 'smiles_inds': [2]}, {'functional_group': 'carboxyllic_acid', 'smiles_inds': [7]}, {'functional_group': 'carboxylate', 'smiles_inds': [8]}]",0.9999999999768656
21,top,[nH+]1cc[nH+]c2c1c1cccnc1c1ncccc21,"[13, 10]","[{'functional_group': 'carboxylate', 'smiles_inds': [14]}, {'functional_group': 'aldehyde', 'smiles_inds': [16]}, {'functional_group': 'amino', 'smiles_inds': [7]}, {'functional_group': 'amino', 'smiles_inds': [8]}, {'functional_group': 'aldehyde', 'smiles_inds': [15]}, {'functional_group': 'amino', 'smiles_inds': [2]}, {'functional_group': 'methyl', 'smiles_inds': [0]}, {'functional_group': 'methyl', 'smiles_inds': [3]}, {'functional_group': 'amino', 'smiles_inds': [1]}, {'functional_group': 'carboxylate', 'smiles_inds': [9]}]",0.9999999999777835
21,top,[nH+]1cc[nH+]c2c1c1cccnc1c1ncccc21,"[13, 10]","[{'functional_group': 'carboxylate', 'smiles_inds': [14]}, {'functional_group': 'aldehyde', 'smiles_inds': [16]}, {'functional_group': 'amino', 'smiles_inds': [7]}, {'functional_group': 'amino', 'smiles_inds': [8]}, {'functional_group': 'aldehyde', 'smiles_inds': [15]}, {'functional_group': 'amino', 'smiles_inds': [2]}, {'functional_group': 'aldehyde', 'smiles_inds': [0]}, {'functional_group': 'carboxylate', 'smiles_inds': [3]}, {'functional_group': 'ketone', 'smiles_inds': [9]}, {'functional_group': 'methyl', 'smiles_inds': [1]}]",0.9999999999815947
21,top,[nH+]1cc[nH+]c2c1c1cccnc1c1ncccc21,"[13, 10]","[{'functional_group': 'carboxylate', 'smiles_inds': [14]}, {'functional_group': 'aldehyde', 'smiles_inds': [16]}, {'functional_group': 'amino', 'smiles_inds': [7]}, {'functional_group': 'amino', 'smiles_inds': [8]}, {'functional_group': 'aldehyde', 'smiles_inds': [15]}, {'functional_group': 'amino', 'smiles_inds': [2]}, {'functional_group': 'aldehyde', 'smiles_inds': [0]}, {'functional_group': 'carboxylate', 'smiles_inds': [3]}, {'functional_group': 'ketone', 'smiles_inds': [9]}, {'functional_group': 'amino', 'smiles_inds': [1]}]",0.9999999999853368
21,top,[nH+]1cc[nH+]c2c1c1cccnc1c1ncccc21,"[13, 10]","[{'functional_group': 'carboxylate', 'smiles_inds': [14]}, {'functional_group': 'aldehyde', 'smiles_inds': [16]}, {'functional_group': 'methyl', 'smiles_inds': [3]}, {'functional_group': 'carboxylate', 'smiles_inds': [15]}, {'functional_group': 'phenyl', 'smiles_inds': [2]}, {'functional_group': 'carboxyllic_acid', 'smiles_inds': [7]}, {'functional_group': 'aldehyde', 'smiles_inds': [0]}, {'functional_group': 'carboxylate', 'smiles_inds': [9]}, {'functional_group': 'ether', 'smiles_inds': [8]}]",0.9999999999891538
21,top,[nH+]1cc[nH+]c2c1c1cccnc1c1ncccc21,"[13, 10]","[{'functional_group': 'carboxylate', 'smiles_inds': [14]}, {'functional_group': 'aldehyde', 'smiles_inds': [16]}, {'functional_group': 'amino', 'smiles_inds': [7]}, {'functional_group': 'amino', 'smiles_inds': [8]}, {'functional_group': 'aldehyde', 'smiles_inds': [15]}, {'functional_group': 'amino', 'smiles_inds': [2]}, {'functional_group': 'aldehyde', 'smiles_inds': [0]}, {'functional_group': 'carboxylate', 'smiles_inds': [3]}, {'functional_group': 'methyl', 'smiles_inds': [1]}]",0.9999999999906033
21,top,[nH+]1cc[nH+]c2c1c1cccnc1c1ncccc21,"[13, 10]","[{'functional_group': 'carboxylate', 'smiles_inds': [14]}, {'functional_group': 'aldehyde', 'smiles_inds': [16]}, {'functional_group': 'amino', 'smiles_inds': [7]}, {'functional_group': 'amino', 'smiles_inds': [8]}, {'functional_group': 'aldehyde', 'smiles_inds': [15]}, {'functional_group': 'amino', 'smiles_inds': [2]}, {'functional_group': 'aldehyde', 'smiles_inds': [0]}, {'functional_group': 'carboxylate', 'smiles_inds': [3]}, {'functional_group': 'amino', 'smiles_inds': [1]}]",0.999999999992514
21,top,[nH+]1cc[nH+]c2c1c1cccnc1c1ncccc21,"[13, 10]","[{'functional_group': 'carboxylate', 'smiles_inds': [14]}, {'functional_group': 'aldehyde', 'smiles_inds': [16]}, {'functional_group': 'methyl', 'smiles_inds': [3]}, {'functional_group': 'carboxylate', 'smiles_inds': [15]}, {'functional_group': 'phenyl', 'smiles_inds': [2]}, {'functional_group': 'carboxyllic_acid', 'smiles_inds': [7]}, {'functional_group': 'aldehyde', 'smiles_inds': [0]}, {'functional_group': 'carboxylate', 'smiles_inds': [9]}, {'functional_group': 'carbonyl', 'smiles_inds': [1]}, {'functional_group': 'amino', 'smiles_inds': [8]}]",0.9999999999960321
22,bottom,CCC(C)C1NC(=O)C(C)NC(=O)C(CSSCC2NC(=O)C(CCC(N)=O)NC(=O)C(C)NC(=O)C3CCCN3C(=O)C(CCC(O)=O)NC(=O)CNC(=O)C(C)NC(=O)C(CCCNC(N)=N)NC(=O)C(CSSCC(NC(=O)C(CC(N)=O)NC2=O)C(O)=O)NC(=O)C(CC2=CN=CN2)NC1=O)NC(=O)C(CC1=CN=CN1)NC(=O)C(CC(C)C)NC(=O)C(CC(O)=O)NC(C)=O,"[112, 99]","[{'functional_group': '2-methylbenzoic_acid', 'smiles_inds': [4]}]",2.432183156108948e-57
22,bottom,CC(C)CC1NC(=O)C2(CCC(=O)NC(CC(O)=O)C(=O)NC(CC3=CNc4ccccc34)C(=O)N2)CSCC(NC(=O)C(CCC(O)=O)NC(=O)C(CC2=CNc3ccccc23)NC1=O)C(=O)NC1CSSCC(NC(=O)C2CSCC3(CC(NC1=O)C(=O)NC(C(C)O)C(=O)NCC(=O)N3)C(=O)NC(CC(C)C)C(=O)NC(Cc1ccccc1)C(=O)NC(C)C(=O)N2)C(O)=O,"[77, 87]","[{'functional_group': 'cyanimide', 'smiles_inds': [60]}]",1.3886839096437176e-55
22,bottom,CC(C)CC1NC(=O)C2(CCC(=O)NC(CC(O)=O)C(=O)NC(CC3=CNc4ccccc34)C(=O)N2)CSCC(NC(=O)C(CCC(O)=O)NC(=O)C(CC2=CNc3ccccc23)NC1=O)C(=O)NC1CSSCC(NC(=O)C2CSCC3(CC(NC1=O)C(=O)NC(C(C)O)C(=O)NCC(=O)N3)C(=O)NC(CC(C)C)C(=O)NC(Cc1ccccc1)C(=O)NC(C)C(=O)N2)C(O)=O,"[77, 87]","[{'functional_group': 'trichloro', 'smiles_inds': [61]}, {'functional_group': 'cyanimide', 'smiles_inds': [125]}, {'functional_group': 'iodo', 'smiles_inds': [91]}]",2.8273045582360635e-55
22,bottom,CP(CCP(C)c1c(cc(cc1C([Si](C)(C)C)[Si](C)(C)C)C([Si](C)(C)C)([Si](C)(C)C)[Si](C)(C)C)C([Si](C)(C)C)[Si](C)(C)C)c1c(cc(cc1C([Si](C)(C)C)[Si](C)(C)C)C([Si](C)(C)C)([Si](C)(C)C)[Si](C)(C)C)C([Si-](C)C)[Si](C)(C)C,"[4, 72, 1]","[{'functional_group': 'amide', 'smiles_inds': [47]}]",9.826080639861062e-55
22,bottom,CP(CCP(C)c1c(cc(cc1C([Si](C)(C)C)[Si](C)(C)C)C([Si](C)(C)C)([Si](C)(C)C)[Si](C)(C)C)C([Si](C)(C)C)[Si](C)(C)C)c1c(cc(cc1C([Si](C)(C)C)[Si](C)(C)C)C([Si](C)(C)C)([Si](C)(C)C)[Si](C)(C)C)C([Si-](C)C)[Si](C)(C)C,"[4, 72, 1]",[],1.10600216133905e-53
22,bottom,CP(CCP(C)c1c(cc(cc1C([Si](C)(C)C)[Si](C)(C)C)C([Si](C)(C)C)([Si](C)(C)C)[Si](C)(C)C)C([Si](C)(C)C)[Si](C)(C)C)c1c(cc(cc1C([Si](C)(C)C)[Si](C)(C)C)C([Si](C)(C)C)([Si](C)(C)C)[Si](C)(C)C)C([Si-](C)C)[Si](C)(C)C,"[4, 72, 1]","[{'functional_group': 'cyano', 'smiles_inds': [5]}, {'functional_group': 'methyl', 'smiles_inds': [49]}, {'functional_group': 'carboxyl', 'smiles_inds': [8]}]",1.3477614626999987e-53
22,bottom,CP(CCP(C)c1c(cc(cc1C([Si](C)(C)C)[Si](C)(C)C)C([Si](C)(C)C)([Si](C)(C)C)[Si](C)(C)C)C([Si](C)(C)C)[Si](C)(C)C)c1c(cc(cc1C([Si](C)(C)C)[Si](C)(C)C)C([Si](C)(C)C)([Si](C)(C)C)[Si](C)(C)C)C([Si-](C)C)[Si](C)(C)C,"[4, 72, 1]","[{'functional_group': 'iodo', 'smiles_inds': [25]}]",1.5461539519476143e-53
22,bottom,CC(C)CC1NC(=O)C2(CCC(=O)NC(CC(O)=O)C(=O)NC(CC3=CNc4ccccc34)C(=O)N2)CSCC(NC(=O)C(CCC(O)=O)NC(=O)C(CC2=CNc3ccccc23)NC1=O)C(=O)NC1CSSCC(NC(=O)C2CSCC3(CC(NC1=O)C(=O)NC(C(C)O)C(=O)NCC(=O)N3)C(=O)NC(CC(C)C)C(=O)NC(Cc1ccccc1)C(=O)NC(C)C(=O)N2)C(O)=O,"[77, 87]","[{'functional_group': '2-hydroxypyridine', 'smiles_inds': [85]}, {'functional_group': 'cyano', 'smiles_inds': [29]}]",5.179080992460918e-52
22,bottom,C[Si](C)(C)C(c1cc(C([Si](C)(C)C)[Si](C)(C)C)c([Se]c2ccccc2Sc2ccccc2Sc2ccccc2[Se]c2c(cc(cc2C([Si](C)(C)C)[Si](C)(C)C)C([Si](C)(C)C)[Si](C)(C)C)C([Si](C)(C)C)[Si](C)(C)C)c(c1)C([Si](C)(C)C)[Si](C)(C)C)[Si](C)(C)C,"[25, 32]","[{'functional_group': 'carboxyllic_acid', 'smiles_inds': [79]}]",5.867957210454129e-44
22,bottom,C[Si](C)(C)C(c1cc(C([Si](C)(C)C)[Si](C)(C)C)c(Sc2ccccc2[Se]c2ccccc2[Se]c2ccccc2Sc2c(cc(cc2C([Si](C)(C)C)[Si](C)(C)C)C([Si](C)(C)C)[Si](C)(C)C)C([Si](C)(C)C)[Si](C)(C)C)c(c1)C([Si](C)(C)C)[Si](C)(C)C)[Si](C)(C)C,"[25, 32]","[{'functional_group': 'ketone', 'smiles_inds': [48]}]",1.3088591008512511e-39
22,bottom,O1N=C(c2ccncc2)C23C4C5C6C7C8C9C%10C%11C%12C%13C%14C%15C%16C%17C%13C%13C%12C9C9C8C8C6C6C%12C%18C%19C%20C(C%17C%17C%13C9=C(C8%12)C%19%17)C%16C8C9C%15C%12C%14C%11C%11C%10C7C5C5C%11C%12C(=C9C7=C2C(C%18C%20C87)C46)C135,[6],"[{'functional_group': '2-hydroxypyridine', 'smiles_inds': [37]}, {'functional_group': 'bromo', 'smiles_inds': [55]}]",1.4698897709959575e-37
22,bottom,Fc1c(F)c(F)c(c(F)c1F)C1=C2NC(=C(C3=NC(=C(C4=CC=C([N-]4)C(=C4C=CC(=N4)C(=C4NC(=C(C5=NC(=C(C6=NC(=C(C7=CC=C1N7)c1c(F)c(F)c(F)c(F)c1F)C=C6)c1c(F)c(F)c(F)c(F)c1F)C=C5)c1c(F)c(F)c(F)c(F)c1F)C=C4)c1c(F)c(F)c(F)c(F)c1F)c1c(F)c(F)c(F)c(F)c1F)c1c(F)c(F)c(F)c(F)c1F)C=C3)c1c(F)c(F)c(F)c(F)c1F)C=C2,"[30, 24]","[{'functional_group': 'iodo', 'smiles_inds': [21]}, {'functional_group': 'ethyl_ester', 'smiles_inds': [45]}]",2.7590932939426276e-33
22,bottom,CC(C)c1cccc(C(C)C)c1c1cc(NCCN(CCNc2cc(cc(c2)c2c(cccc2C(C)C)C(C)C)c2c(cccc2C(C)C)C(C)C)CCNc2cc(cc(c2)c2c(cccc2C(C)C)C(C)C)c2c(cccc2C(C)C)C(C)C)cc(c1)c1c(cccc1C(C)C)C(C)C,"[18, 15, 21]",[],2.474910760490605e-32
22,bottom,COCC1OC2OC3C(COC)OC(OC4C(COC)OC(OC5C(COC)OC(OC6C(COC)OC(OC7C(COC)OC(OC8C(COC)OC(OC1C(OC)C2OC)C(OC)C8OC)C(OC)C7OC)C(OC)C6OCc1cncc(COC2C(OC)C6OC(COC)C2OC2OC(COC)C(OC7OC(COC)C(OC8OC(COC)C(OC9OC(COC)C(OC%10OC(COC)C(OC%11OC(COC)C(O6)C(OC)C%11OC)C(OC)C%10OC)C(OC)C9OC)C(OC)C8OC)C(OC)C7OC)C(OC)C2OC)c1)C(OC)C5OC)C(OC)C4OC)C(OC)C3OC,[82],"[{'functional_group': 'trifluro', 'smiles_inds': [85]}]",7.66146455673154e-32
22,bottom,COCC1OC2OC3C(COC)OC(OC4C(COC)OC(OC5C(COC)OC(OC6C(COC)OC(OC7C(COC)OC(OC8C(COC)OC(OC1C(OC)C2OC)C(OC)C8OC)C(OC)C7OC)C(OC)C6OCc1cncc(COC2C(OC)C6OC(COC)C2OC2OC(COC)C(OC7OC(COC)C(OC8OC(COC)C(OC9OC(COC)C(OC%10OC(COC)C(OC%11OC(COC)C(O6)C(OC)C%11OC)C(OC)C%10OC)C(OC)C9OC)C(OC)C8OC)C(OC)C7OC)C(OC)C2OC)c1)C(OC)C5OC)C(OC)C4OC)C(OC)C3OC,[82],"[{'functional_group': 'fluoro', 'smiles_inds': [112]}, {'functional_group': 'fluoro', 'smiles_inds': [113]}]",1.1991533166027763e-31
22,bottom,N=P(c1ccccc1c1cc(cc(c1)c1ccccc1P(=[N-])(C12CC3CC(CC(C3)C1)C2)C12CC3CC(CC(C3)C1)C2)c1ccccc1P(=[N-])(C12CC3CC(CC(C3)C1)C2)C12CC3CC(CC(C3)C1)C2)(C12CC3CC(CC(C3)C1)C2)C12CC3CC(CC(C3)C1)C2,"[0, 21, 49]","[{'functional_group': 'ethyl', 'smiles_inds': [86]}, {'functional_group': 'carboxyl', 'smiles_inds': [65]}]",4.371209810132294e-27
22,bottom,C[Si](C)(C)C(c1cc(cc(C([Si](C)(C)C)[Si](C)(C)C)c1P)C([Si](C)(C)C)([Si](C)(C)C)[Si](C)(C)C)[Si](C)(C)C,[20],"[{'functional_group': 'carboxyllic_acid', 'smiles_inds': [2]}, {'functional_group': 'carbonyl', 'smiles_inds': [3]}]",6.2924551094217176e-27
22,bottom,c1ccc(cc1)N(c1ccccc1)c1ccc(cc1)P(c1ccc(cc1)N(c1ccccc1)c1ccccc1)c1ccc(cc1)N(c1ccccc1)c1ccccc1,[19],"[{'functional_group': 'ethyl_ester', 'smiles_inds': [24]}]",7.289868915683028e-27
22,bottom,CC(C)N1C(N(C(C)C)C(=C1C)C)[Si]1(P[Si]1(c1c(cc(cc1C(C)C)C(C)C)C(C)C)c1c(cc(cc1C(C)C)C(C)C)C(C)C)c1c(cc(cc1C(C)C)C(C)C)C(C)C,[14],"[{'functional_group': '2-methylbenzoic_acid', 'smiles_inds': [1]}, {'functional_group': '2-methylbenzoic_acid', 'smiles_inds': [35]}, {'functional_group': 'bromo', 'smiles_inds': [12]}]",6.470835311887948e-26
22,bottom,C[Si](C)(C)C(c1cc(C([Si](C)(C)C)[Si](C)(C)C)c(P=Pc2c3ccccc3cc3ccccc23)c(c1)C([Si](C)(C)C)[Si](C)(C)C)[Si](C)(C)C,[19],"[{'functional_group': 'cyano', 'smiles_inds': [29]}]",8.024101730920907e-26
22,median,CCCCCCCCNC(c1cccc(c1)N(=O)=O)C1=C([O-])C(=O)c2ccccc2C1=O,"[21, 8]",[],0.17122423594876984
22,median,CCOC(=O)C1=CC=C([N-]1)C(c1ccccc1)=C1C=CC(=N1)C1=CC=CN1,"[9, 21]","[{'functional_group': 'carbonyl', 'smiles_inds': [12]}]",0.1712377351354585
22,median,O=C1N(Cc2ccncc2)C(=O)c2cccc3cccc1c23,[7],"[{'functional_group': 'methyl_ester', 'smiles_inds': [15]}]",0.17125402432436013
22,median,CCC1(CCC(O1)C1(C)CCC2(CC([O-])C(C)C(O2)C(C)C(OC)C(C)C(=O)[O-])O1)C1OC(CC1C)C1OC(O)(C[O-])C(C)CC1C,"[14, 29, 6, 31, 37, 41]","[{'functional_group': 'chloro', 'smiles_inds': [36]}, {'functional_group': 'phenyl', 'smiles_inds': [12]}, {'functional_group': 'phenyl', 'smiles_inds': [8]}]",0.17128453795219
22,median,CCC(O)CN1CCN(CCN(CC1)CC(O)CC)CC(O)CC,"[5, 3, 11, 8, 16, 21]","[{'functional_group': 'methyl_ester', 'smiles_inds': [4]}]",0.171426494254213
22,median,FC(F)(F)c1ccc(NC(=O)Nc2cccc(c2)c2ccc3ccc4cccnc4c3n2)cc1,"[28, 31]","[{'functional_group': 'ether', 'smiles_inds': [26]}, {'functional_group': 'phosphonate', 'smiles_inds': [15]}]",0.1714625748837557
22,median,[CH-]=CCP(c1ccccc1)c1ccccc1,"[3, 0]",[],0.17147460904130157
22,median,CCCCN(CCCC)C(=S)NN=CC1=NNC(=C1)C,"[10, 15, 12]","[{'functional_group': 'carboxyl', 'smiles_inds': [13]}, {'functional_group': 'trichloro', 'smiles_inds': [2]}]",0.17150843321695838
22,median,CC(C)(C1=NC=C(N1)c1ccccc1)C1=NC=C(N1)c1ccccc1,"[4, 15]",[],0.1716371375120034
22,median,Fc1cc2C(=O)C(=CN(C3CC3)c2cc1N1CC[NH2+]CC1)C(=O)[O-],"[23, 5]","[{'functional_group': '2-methylbenzoic_acid', 'smiles_inds': [19]}, {'functional_group': 'amino', 'smiles_inds': [16]}]",0.1718379453977118
22,median,CCOc1cccc(C=NCCCN(C)C)c1[O-],"[13, 17, 9]","[{'functional_group': 'carbonyl', 'smiles_inds': [8]}, {'functional_group': 'carbonyl', 'smiles_inds': [1]}]",0.17195528833683818
22,median,CC(CN(C)C)N=C(C)C=C([O-])C(C)(C)C,"[11, 3, 6]","[{'functional_group': 'carboxylate', 'smiles_inds': [2]}, {'functional_group': 'methyl', 'smiles_inds': [9]}, {'functional_group': 'cyano', 'smiles_inds': [15]}]",0.1719751498064852
22,median,Fc1ccc[c-]c1C=Nc1cccc2ccc[c-]c12,"[8, 17, 5]","[{'functional_group': 'carboxyl', 'smiles_inds': [3]}]",0.17204388838348877
22,median,FC(F)(F)c1cc(cc(c1)C(F)(F)F)N=CC1=CC=C[N-]1,"[20, 14]",[],0.1721570265447794
22,median,O=C(N=C([S-])N1CCN(CC1)C(=O)c1ccccc1)c1ccccc1,"[4, 0]","[{'functional_group': 'ketone', 'smiles_inds': [10]}, {'functional_group': 'thiol', 'smiles_inds': [18]}]",0.17215956232426508
22,median,Cc1cc(C)c(c([O-])c1C(=O)NC(C)(C)CO)C1=NC(C)(C)CO1,"[7, 18]",[],0.17220448318084935
22,median,CC(C)C1COC(=N1)C1CCCN1,"[12, 7]","[{'functional_group': 'methyl_ester', 'smiles_inds': [11]}]",0.17228689264574082
22,median,[O-]c1ccccc1c1cccc(n1)c1ccccc1[O-],"[12, 0, 19]",[],0.17234728673280827
22,median,COc1ccc(C=Nc2ccc(cc2)C(C)=NO)c([O-])c1,"[7, 19]","[{'functional_group': 'cyano', 'smiles_inds': [6]}, {'functional_group': 'ethyl_ester', 'smiles_inds': [17]}]",0.1723965826484757
22,median,[O-]C(=NN=Cc1[nH+]c2ccccc2cc1)c1[nH+]cccc1,"[0, 3]","[{'functional_group': 'tribromo', 'smiles_inds': [13]}, {'functional_group': 'bromo', 'smiles_inds': [6]}]",0.172427797770912
22,top,[nH+]1cc[nH+]c2c1c1cccnc1c1ncccc21,"[13, 10]","[{'functional_group': 'carboxylate', 'smiles_inds': [14]}, {'functional_group': 'aldehyde', 'smiles_inds': [16]}, {'functional_group': 'amino', 'smiles_inds': [7]}, {'functional_group': 'amino', 'smiles_inds': [8]}, {'functional_group': 'aldehyde', 'smiles_inds': [15]}, {'functional_group': 'amino', 'smiles_inds': [2]}, {'functional_group': 'aldehyde', 'smiles_inds': [0]}, {'functional_group': 'carboxylate', 'smiles_inds': [3]}, {'functional_group': '2-methylbenzoic_acid', 'smiles_inds': [1]}, {'functional_group': 'aldehyde', 'smiles_inds': [9]}]",0.9999999999721096
22,top,[nH+]1cc[nH+]c2c1c1cccnc1c1ncccc21,"[13, 10]","[{'functional_group': 'carboxylate', 'smiles_inds': [14]}, {'functional_group': 'aldehyde', 'smiles_inds': [16]}, {'functional_group': 'methyl', 'smiles_inds': [3]}, {'functional_group': 'carboxylate', 'smiles_inds': [15]}, {'functional_group': 'phenyl', 'smiles_inds': [2]}, {'functional_group': 'carboxyllic_acid', 'smiles_inds': [7]}, {'functional_group': 'aldehyde', 'smiles_inds': [0]}, {'functional_group': 'carboxylate', 'smiles_inds': [9]}, {'functional_group': 'ether', 'smiles_inds': [8]}, {'functional_group': 'trichloro', 'smiles_inds': [1]}]",0.9999999999724627
22,top,[nH+]1cc[nH+]c2c1c1cccnc1c1ncccc21,"[13, 10]","[{'functional_group': 'carboxylate', 'smiles_inds': [14]}, {'functional_group': 'aldehyde', 'smiles_inds': [16]}, {'functional_group': 'amino', 'smiles_inds': [7]}, {'functional_group': 'amino', 'smiles_inds': [8]}, {'functional_group': 'aldehyde', 'smiles_inds': [15]}, {'functional_group': 'amino', 'smiles_inds': [2]}, {'functional_group': 'aldehyde', 'smiles_inds': [0]}, {'functional_group': 'carboxylate', 'smiles_inds': [3]}, {'functional_group': 'cyano', 'smiles_inds': [1]}]",0.999999999973306
22,top,[nH+]1cc[nH+]c2c1c1cccnc1c1ncccc21,"[13, 10]","[{'functional_group': 'carboxylate', 'smiles_inds': [14]}, {'functional_group': 'aldehyde', 'smiles_inds': [16]}, {'functional_group': 'methyl', 'smiles_inds': [3]}, {'functional_group': 'carboxylate', 'smiles_inds': [15]}, {'functional_group': 'phenyl', 'smiles_inds': [2]}, {'functional_group': 'carboxyllic_acid', 'smiles_inds': [7]}, {'functional_group': 'aldehyde', 'smiles_inds': [0]}, {'functional_group': 'carboxylate', 'smiles_inds': [9]}, {'functional_group': 'methyl', 'smiles_inds': [8]}]",0.999999999978163
22,top,[nH+]1cc[nH+]c2c1c1cccnc1c1ncccc21,"[13, 10]","[{'functional_group': 'carboxylate', 'smiles_inds': [14]}, {'functional_group': 'aldehyde', 'smiles_inds': [16]}, {'functional_group': 'amino', 'smiles_inds': [7]}, {'functional_group': 'amino', 'smiles_inds': [8]}, {'functional_group': 'aldehyde', 'smiles_inds': [15]}, {'functional_group': 'amino', 'smiles_inds': [2]}, {'functional_group': 'aldehyde', 'smiles_inds': [0]}, {'functional_group': 'carboxylate', 'smiles_inds': [3]}, {'functional_group': 'ketone', 'smiles_inds': [9]}, {'functional_group': 'methyl', 'smiles_inds': [1]}]",0.9999999999811497
22,top,[nH+]1cc[nH+]c2c1c1cccnc1c1ncccc21,"[13, 10]","[{'functional_group': 'carboxylate', 'smiles_inds': [14]}, {'functional_group': 'aldehyde', 'smiles_inds': [16]}, {'functional_group': 'amino', 'smiles_inds': [7]}, {'functional_group': 'amino', 'smiles_inds': [8]}, {'functional_group': 'aldehyde', 'smiles_inds': [15]}, {'functional_group': 'amino', 'smiles_inds': [2]}, {'functional_group': 'aldehyde', 'smiles_inds': [0]}, {'functional_group': 'carboxylate', 'smiles_inds': [3]}, {'functional_group': 'phosphonate', 'smiles_inds': [1]}]",0.9999999999821547
22,top,[nH+]1cc[nH+]c2c1c1cccnc1c1ncccc21,"[13, 10]","[{'functional_group': 'carboxylate', 'smiles_inds': [14]}, {'functional_group': 'aldehyde', 'smiles_inds': [16]}, {'functional_group': 'amino', 'smiles_inds': [7]}, {'functional_group': 'amino', 'smiles_inds': [8]}, {'functional_group': 'aldehyde', 'smiles_inds': [15]}, {'functional_group': 'amino', 'smiles_inds': [2]}, {'functional_group': 'cyano', 'smiles_inds': [0]}, {'functional_group': 'cyano', 'smiles_inds': [3]}, {'functional_group': 'carboxylate', 'smiles_inds': [9]}]",0.9999999999849478
22,top,[nH+]1cc[nH+]c2c1c1cccnc1c1ncccc21,"[13, 10]","[{'functional_group': 'carboxylate', 'smiles_inds': [14]}, {'functional_group': 'aldehyde', 'smiles_inds': [16]}, {'functional_group': 'amino', 'smiles_inds': [7]}, {'functional_group': 'amino', 'smiles_inds': [8]}, {'functional_group': 'aldehyde', 'smiles_inds': [15]}, {'functional_group': 'amino', 'smiles_inds': [2]}, {'functional_group': 'aldehyde', 'smiles_inds': [0]}, {'functional_group': 'carboxylate', 'smiles_inds': [3]}, {'functional_group': '2-methylbenzoic_acid', 'smiles_inds': [1]}, {'functional_group': 'carboxylate', 'smiles_inds': [9]}]",0.9999999999861777
22,top,NC1C(O)C(N)C(O)C(NCCNC2C(O)C(N)C(O)C(N)C2O)C1O,"[0, 9, 12, 17, 21, 5]","[{'functional_group': 'methyl', 'smiles_inds': [18]}]",0.9999999999880966
22,top,[nH+]1cc[nH+]c2c1c1cccnc1c1ncccc21,"[13, 10]","[{'functional_group': 'carboxylate', 'smiles_inds': [8]}, {'functional_group': 'aldehyde', 'smiles_inds': [3]}, {'functional_group': 'chloro', 'smiles_inds': [15]}, {'functional_group': 'aldehyde', 'smiles_inds': [16]}, {'functional_group': 'amino', 'smiles_inds': [2]}, {'functional_group': 'iodo', 'smiles_inds': [14]}, {'functional_group': 'aldehyde', 'smiles_inds': [7]}, {'functional_group': 'carboxylate', 'smiles_inds': [9]}]",0.9999999999882028
22,top,[nH+]1cc[nH+]c2c1c1cccnc1c1ncccc21,"[13, 10]","[{'functional_group': 'carboxylate', 'smiles_inds': [8]}, {'functional_group': 'aldehyde', 'smiles_inds': [3]}, {'functional_group': 'chloro', 'smiles_inds': [15]}, {'functional_group': 'aldehyde', 'smiles_inds': [0]}, {'functional_group': 'aldehyde', 'smiles_inds': [7]}, {'functional_group': 'aldehyde', 'smiles_inds': [16]}, {'functional_group': 'carboxylate', 'smiles_inds': [9]}]",0.9999999999923568
22,top,[nH+]1cc[nH+]c2c1c1cccnc1c1ncccc21,"[13, 10]","[{'functional_group': 'carboxylate', 'smiles_inds': [14]}, {'functional_group': 'aldehyde', 'smiles_inds': [16]}, {'functional_group': 'methyl', 'smiles_inds': [3]}, {'functional_group': 'carboxylate', 'smiles_inds': [15]}, {'functional_group': 'phenyl', 'smiles_inds': [2]}, {'functional_group': 'carboxyllic_acid', 'smiles_inds': [7]}, {'functional_group': 'aldehyde', 'smiles_inds': [0]}, {'functional_group': 'carboxyllic_acid', 'smiles_inds': [8]}, {'functional_group': 'ethyl_ester', 'smiles_inds': [9]}]",0.9999999999930604
22,top,CCOC(=O)C1=C2[N-]C(=C1C(=O)OCC)c1ccc3ccc4ccc(nc4c3n1)C1=C(C(=O)OCC)C(=C([N-]1)c1ccc3ccc4ccc2nc4c3n1)C(=O)OCC,"[7, 49, 52, 38, 25, 28]",[],0.9999999999939035
22,top,[nH+]1cc[nH+]c2c1c1cccnc1c1ncccc21,"[13, 10]","[{'functional_group': 'carboxylate', 'smiles_inds': [14]}, {'functional_group': 'aldehyde', 'smiles_inds': [16]}, {'functional_group': 'methyl', 'smiles_inds': [3]}, {'functional_group': 'carboxylate', 'smiles_inds': [15]}, {'functional_group': 'phenyl', 'smiles_inds': [2]}, {'functional_group': 'carboxyllic_acid', 'smiles_inds': [7]}, {'functional_group': 'aldehyde', 'smiles_inds': [0]}, {'functional_group': 'aldehyde', 'smiles_inds': [8]}, {'functional_group': 'fluoro', 'smiles_inds': [9]}]",0.9999999999940437
22,top,[nH+]1cc[nH+]c2c1c1cccnc1c1ncccc21,"[13, 10]","[{'functional_group': 'carboxylate', 'smiles_inds': [14]}, {'functional_group': 'aldehyde', 'smiles_inds': [16]}, {'functional_group': 'methyl', 'smiles_inds': [3]}, {'functional_group': 'carboxylate', 'smiles_inds': [15]}, {'functional_group': 'phenyl', 'smiles_inds': [2]}, {'functional_group': 'carboxyllic_acid', 'smiles_inds': [7]}, {'functional_group': 'amino', 'smiles_inds': [1]}, {'functional_group': 'chloro', 'smiles_inds': [0]}, {'functional_group': 'trichloro', 'smiles_inds': [9]}, {'functional_group': 'carboxylate', 'smiles_inds': [8]}]",0.9999999999979634
22,top,[nH+]1cc[nH+]c2c1c1cccnc1c1ncccc21,"[13, 10]","[{'functional_group': 'carboxylate', 'smiles_inds': [14]}, {'functional_group': 'aldehyde', 'smiles_inds': [16]}, {'functional_group': 'methyl', 'smiles_inds': [3]}, {'functional_group': 'carboxylate', 'smiles_inds': [15]}, {'functional_group': 'phenyl', 'smiles_inds': [2]}, {'functional_group': 'carboxyllic_acid', 'smiles_inds': [7]}, {'functional_group': 'aldehyde', 'smiles_inds': [0]}, {'functional_group': 'carboxylate', 'smiles_inds': [9]}, {'functional_group': 'carboxyllic_acid', 'smiles_inds': [8]}]",0.9999999999984539
22,top,[nH+]1cc[nH+]c2c1c1cccnc1c1ncccc21,"[13, 10]","[{'functional_group': 'carboxylate', 'smiles_inds': [14]}, {'functional_group': 'aldehyde', 'smiles_inds': [16]}, {'functional_group': 'methyl', 'smiles_inds': [3]}, {'functional_group': 'carboxylate', 'smiles_inds': [15]}, {'functional_group': 'phenyl', 'smiles_inds': [2]}, {'functional_group': 'carboxyllic_acid', 'smiles_inds': [7]}, {'functional_group': 'aldehyde', 'smiles_inds': [0]}, {'functional_group': 'carboxylate', 'smiles_inds': [9]}, {'functional_group': 'amino', 'smiles_inds': [8]}]",0.9999999999990998
22,top,[nH+]1cc[nH+]c2c1c1cccnc1c1ncccc21,"[13, 10]","[{'functional_group': 'carboxylate', 'smiles_inds': [14]}, {'functional_group': 'aldehyde', 'smiles_inds': [16]}, {'functional_group': 'methyl', 'smiles_inds': [3]}, {'functional_group': 'carboxylate', 'smiles_inds': [15]}, {'functional_group': 'phenyl', 'smiles_inds': [2]}, {'functional_group': 'carboxyllic_acid', 'smiles_inds': [7]}, {'functional_group': 'aldehyde', 'smiles_inds': [0]}, {'functional_group': 'carboxylate', 'smiles_inds': [9]}, {'functional_group': 'aldehyde', 'smiles_inds': [8]}]",0.9999999999998417
22,top,NC1C(O)C(N)C(O)C(NCCNC2C(O)C(N)C(O)C(N)C2O)C1O,"[0, 9, 12, 17, 21, 5]",[],0.999999999999903
22,top,[nH+]1cc[nH+]c2c1c1cccnc1c1ncccc21,"[13, 10]","[{'functional_group': 'carboxylate', 'smiles_inds': [14]}, {'functional_group': 'aldehyde', 'smiles_inds': [16]}, {'functional_group': 'methyl', 'smiles_inds': [3]}, {'functional_group': 'carboxylate', 'smiles_inds': [15]}, {'functional_group': 'phenyl', 'smiles_inds': [2]}, {'functional_group': 'carboxyllic_acid', 'smiles_inds': [7]}, {'functional_group': 'aldehyde', 'smiles_inds': [0]}, {'functional_group': 'carboxylate', 'smiles_inds': [9]}, {'functional_group': 'carboxylate', 'smiles_inds': [8]}]",0.9999999999999394
23,bottom,CCC(C)C1NC(=O)C(C)NC(=O)C(CSSCC2NC(=O)C(CCC(N)=O)NC(=O)C(C)NC(=O)C3CCCN3C(=O)C(CCC(O)=O)NC(=O)CNC(=O)C(C)NC(=O)C(CCCNC(N)=N)NC(=O)C(CSSCC(NC(=O)C(CC(N)=O)NC2=O)C(O)=O)NC(=O)C(CC2=CN=CN2)NC1=O)NC(=O)C(CC1=CN=CN1)NC(=O)C(CC(C)C)NC(=O)C(CC(O)=O)NC(C)=O,"[112, 99]","[{'functional_group': 'ether', 'smiles_inds': [121]}]",6.334181367990422e-61
23,bottom,CCC(C)C1NC(=O)C(C)NC(=O)C(CSSCC2NC(=O)C(CCC(N)=O)NC(=O)C(C)NC(=O)C3CCCN3C(=O)C(CCC(O)=O)NC(=O)CNC(=O)C(C)NC(=O)C(CCCNC(N)=N)NC(=O)C(CSSCC(NC(=O)C(CC(N)=O)NC2=O)C(O)=O)NC(=O)C(CC2=CN=CN2)NC1=O)NC(=O)C(CC1=CN=CN1)NC(=O)C(CC(C)C)NC(=O)C(CC(O)=O)NC(C)=O,"[112, 99]","[{'functional_group': 'ethyl_ester', 'smiles_inds': [129]}]",1.85113218466854e-60
23,bottom,CCC(C)C1NC(=O)C(C)NC(=O)C(CSSCC2NC(=O)C(CCC(N)=O)NC(=O)C(C)NC(=O)C3CCCN3C(=O)C(CCC(O)=O)NC(=O)CNC(=O)C(C)NC(=O)C(CCCNC(N)=N)NC(=O)C(CSSCC(NC(=O)C(CC(N)=O)NC2=O)C(O)=O)NC(=O)C(CC2=CN=CN2)NC1=O)NC(=O)C(CC1=CN=CN1)NC(=O)C(CC(C)C)NC(=O)C(CC(O)=O)NC(C)=O,"[112, 99]","[{'functional_group': 'trichloro', 'smiles_inds': [82]}, {'functional_group': 'ethyl_ester', 'smiles_inds': [5]}]",1.9678428731026045e-60
23,bottom,C[Si](C)(C)c1cc(cc(c1)[Si](C#CP(C#C[Si](c1cc(cc(c1)[Si](C)(C)C)[Si](C)(C)C)(c1cc(cc(c1)[Si](C)(C)C)[Si](C)(C)C)c1cc(cc(c1)[Si](C)(C)C)[Si](C)(C)C)C#C[Si](c1cc(cc(c1)[Si](C)(C)C)[Si](C)(C)C)(c1cc(cc(c1)[Si](C)(C)C)[Si](C)(C)C)c1cc(cc(c1)[Si](C)(C)C)[Si](C)(C)C)(c1cc(cc(c1)[Si](C)(C)C)[Si](C)(C)C)c1cc(cc(c1)[Si](C)(C)C)[Si](C)(C)C)[Si](C)(C)C,[13],"[{'functional_group': 'carboxyl', 'smiles_inds': [71]}]",9.95753894850356e-44
23,bottom,C[Si](C)(C)C(c1cc(C([Si](C)(C)C)[Si](C)(C)C)c(Sc2ccccc2[Se]c2ccccc2[Se]c2ccccc2Sc2c(cc(cc2C([Si](C)(C)C)[Si](C)(C)C)C([Si](C)(C)C)[Si](C)(C)C)C([Si](C)(C)C)[Si](C)(C)C)c(c1)C([Si](C)(C)C)[Si](C)(C)C)[Si](C)(C)C,"[25, 32]","[{'functional_group': 'ethyl_ester', 'smiles_inds': [12]}]",2.199724612623117e-43
23,bottom,O1N=C(c2ccncc2)C23C4C5C6C7C8C9C%10C%11C%12C%13C%14C%15C%16C%17C%13C%13C%12C9C9C8C8C6C6C%12C%18C%19C%20C(C%17C%17C%13C9=C(C8%12)C%19%17)C%16C8C9C%15C%12C%14C%11C%11C%10C7C5C5C%11C%12C(=C9C7=C2C(C%18C%20C87)C46)C135,[6],"[{'functional_group': 'trichloro', 'smiles_inds': [7]}]",2.1060706245412254e-41
23,bottom,C[Si](C)(C)C(c1cc(C([Si](C)(C)C)[Si](C)(C)C)c([Se]c2ccccc2[Se]c2ccccc2[Se]c2ccccc2[Se]c2c(cc(cc2C([Si](C)(C)C)[Si](C)(C)C)C([Si](C)(C)C)[Si](C)(C)C)C([Si](C)(C)C)[Si](C)(C)C)c(c1)C([Si](C)(C)C)[Si](C)(C)C)[Si](C)(C)C,"[25, 32]","[{'functional_group': 'carboxyllic_acid', 'smiles_inds': [0]}]",3.212509741364079e-40
23,bottom,Cc1cc(c2ccc(cc2)N(c2ccccc2)c2ccccc2)c(N=C(C)C(C)=Nc2c(cc(C)cc2c2ccc(cc2)N(c2ccccc2)c2ccccc2)c2ccc(cc2)N(c2ccccc2)c2ccccc2)c(c1)c1ccc(cc1)N(c1ccccc1)c1ccccc1,"[24, 29]",[],1.4375828295263378e-37
23,bottom,CC(C)C1NC(=O)C2CCCN2C(=O)C(NC(=O)C2CCCN2C(=O)C(NC(=O)C2CCCN2C(=O)C(NC(=O)C2CCCN2C(=O)C(NC(=O)C2CCCN2C(=O)C(NC(=O)C2CCCN2C1=O)C(C)C)C(C)C)C(C)C)C(C)C)C(C)C,"[13, 68, 35, 24, 46, 57]","[{'functional_group': 'ethyl_ester', 'smiles_inds': [19]}, {'functional_group': 'methyl', 'smiles_inds': [80]}]",5.98157076584765e-32
23,bottom,CC(C)C1NC(=O)C2CCCN2C(=O)C(NC(=O)C2CCCN2C(=O)C(NC(=O)C2CCCN2C(=O)C(NC(=O)C2CCCN2C(=O)C(NC(=O)C2CCCN2C(=O)C(NC(=O)C2CCCN2C1=O)C(C)C)C(C)C)C(C)C)C(C)C)C(C)C,"[13, 68, 35, 24, 46, 57]",[],1.5050979439381815e-31
23,bottom,CC(C)c1cccc(C(C)C)c1c1cc(NCCN(CCNc2cc(cc(c2)c2c(cccc2C(C)C)C(C)C)c2c(cccc2C(C)C)C(C)C)CCNc2cc(cc(c2)c2c(cccc2C(C)C)C(C)C)c2c(cccc2C(C)C)C(C)C)cc(c1)c1c(cccc1C(C)C)C(C)C,"[18, 15, 21]",[],3.200455287307146e-31
23,bottom,CC(C)c1cccc(C(C)C)c1c1cc(NCCN(CCNc2cc(cc(c2)c2c(cccc2C(C)C)C(C)C)c2c(cccc2C(C)C)C(C)C)CCNc2cc(cc(c2)c2c(cccc2C(C)C)C(C)C)c2c(cccc2C(C)C)C(C)C)cc(c1)c1c(cccc1C(C)C)C(C)C,"[18, 15, 21]","[{'functional_group': 'methyl_ester', 'smiles_inds': [87]}]",1.024968452890484e-30
23,bottom,Fc1c(F)c(F)c(c(F)c1F)C1=C2NC(=C(C3=NC(=C(C4=CC=C([N-]4)C(=C4C=CC(=N4)C(=C4NC(=C(C5=NC(=C(C6=NC(=C(C7=CC=C1N7)c1c(F)c(F)c(F)c(F)c1F)C=C6)c1c(F)c(F)c(F)c(F)c1F)C=C5)c1c(F)c(F)c(F)c(F)c1F)C=C4)c1c(F)c(F)c(F)c(F)c1F)c1c(F)c(F)c(F)c(F)c1F)c1c(F)c(F)c(F)c(F)c1F)C=C3)c1c(F)c(F)c(F)c(F)c1F)C=C2,"[30, 24]","[{'functional_group': 'carboxylate', 'smiles_inds': [22]}]",1.2155619038187937e-30
23,bottom,C[Si](C)(C)[Si]([P-]P1P2PP3P1P3P2[Si]([Si](C)(C)C)([Si](C)(C)C)[Si](C)(C)C)([Si](C)(C)C)[Si](C)(C)C,"[8, 5]","[{'functional_group': 'phenyl', 'smiles_inds': [25]}, {'functional_group': 'carboxyl', 'smiles_inds': [27]}]",1.9789926598572325e-29
23,bottom,c1ccc(cc1)N(c1ccccc1)c1ccc(cc1)P(c1ccc(cc1)N(c1ccccc1)c1ccccc1)c1ccc(cc1)N(c1ccccc1)c1ccccc1,[19],"[{'functional_group': 'ethyl', 'smiles_inds': [18]}]",1.6576294711917933e-28
23,bottom,CC(C)c1cc(c([Ge]c2c(cc(cc2C([Si](C)(C)C)[Si](C)(C)C)C([Si](C)(C)C)[Si](C)(C)C)C([Si](C)(C)C)[Si](C)(C)C)c(c1)C(C)C)C(C)C,[7],"[{'functional_group': 'thiol', 'smiles_inds': [48]}]",5.11311426143959e-28
23,bottom,c1ccc(cc1)N(c1ccccc1)c1ccc(cc1)P(c1ccc(cc1)N(c1ccccc1)c1ccccc1)c1ccc(cc1)N(c1ccccc1)c1ccccc1,[19],[],5.680702089873108e-28
23,bottom,C[Si](C)(C)[Si]1([Sb][Si]([Si](C)(C)C)([Si](C)(C)[Si]1(C)C)[Si]([Si](C)(C)C)([Si](C)(C)C)[Si](C)(C)C)[Si](C)(C)C,[5],"[{'functional_group': 'phenyl', 'smiles_inds': [8]}]",6.1737914337975085e-28
23,bottom,CC(C)(C)[Si](C)(C)N[Si]1(N([Si](C)(C)C(C)(C)C)[Si](N[Si](C)(C)C(C)(C)C)(N1[Si](C)(C)C(C)(C)C)C(C)(C)C)C(C)(C)C,"[7, 18]","[{'functional_group': 'phosphonate', 'smiles_inds': [0]}]",4.143285092676183e-27
23,bottom,C[Si](C)(C)C(c1cc(C([Si](C)(C)C)[Si](C)(C)C)c(P=Pc2c3ccccc3cc3ccccc23)c(c1)C([Si](C)(C)C)[Si](C)(C)C)[Si](C)(C)C,[19],"[{'functional_group': 'cyanimide', 'smiles_inds': [42]}, {'functional_group': 'trifluro', 'smiles_inds': [31]}]",4.875116426055102e-27
23,median,CCP(=S)(CC)c1ccccc1,[3],[],0.16851618613412128
23,median,Oc1ccccc1C(=O)NN=Cc1c2ccccc2cc2ccccc12,"[10, 8]","[{'functional_group': 'amide', 'smiles_inds': [23]}, {'functional_group': 'carboxylate', 'smiles_inds': [14]}]",0.16854750388799736
23,median,[NH3+]CC[NH2+]CC(CNCCN)(CNCCN)CNCCN,"[7, 10, 12, 15, 17, 20]","[{'functional_group': 'trichloro', 'smiles_inds': [16]}, {'functional_group': 'tribromo', 'smiles_inds': [8]}, {'functional_group': 'chloro', 'smiles_inds': [13]}]",0.16859370053367645
23,median,O=N(=O)C1=CC=C(S1)C=CC1=CC=C(S1)C#N,[16],"[{'functional_group': 'thiol', 'smiles_inds': [4]}, {'functional_group': 'ethyl_ester', 'smiles_inds': [5]}]",0.16859486038378343
23,median,Brc1cc(Br)c2OC(=O)C(=Cc2c1)C1=Nc2ccccc2N1,[14],"[{'functional_group': 'iodo', 'smiles_inds': [16]}]",0.16867892725152367
23,median,NC(Cc1ccc(O)c(O)c1)C(=O)[O-],"[13, 0]","[{'functional_group': 'ketone', 'smiles_inds': [1]}]",0.16873818771318677
23,median,C=CCN1C=CN([CH-]1)c1ccc(cn1)N(=O)=O,"[3, 7]",[],0.1687552470351693
23,median,CCCCN1c2ccccc2N=C1c1ccccn1,"[11, 4]","[{'functional_group': 'trichloro', 'smiles_inds': [14]}, {'functional_group': 'phosphonate', 'smiles_inds': [1]}]",0.16878442426340226
23,median,NC([S-])=NN=CC1=CNc2ccccc12,"[2, 4]","[{'functional_group': 'carboxyl', 'smiles_inds': [12]}]",0.16884665011948838
23,median,Oc1ccccc1C(=NCC1=CC=CS1)c1cccc[c-]1,"[20, 8]","[{'functional_group': 'carboxyl', 'smiles_inds': [13]}]",0.16887201878826516
23,median,S=C(N1CCCCC1)C1=[C-]C(=C2C=CC=CC=C12)C(=S)N1CCCCC1,"[19, 0, 9]",[],0.16888824710549558
23,median,CC1CCCN1CC1=CC=CC(=CP(C(C)(C)C)C(C)(C)C)[N-]1,"[13, 5, 22]",[],0.16890050561635644
23,median,CC1=NN(C(=C1)C)c1ccccc1[Te]Cc1ccccn1,"[13, 3, 2]",[],0.1689298082679641
23,median,C1Cc2cccnc2N1C1=[C-]c2ccccc2C1,"[8, 10]",[],0.16894357424015727
23,median,C(Cc1ccccc1)P(c1ccccc1)c1ccccc1,[8],[],0.1689508166563395
23,median,O=S1CCCSC1Cc1ccccn1,[13],"[{'functional_group': 'cyanimide', 'smiles_inds': [3]}, {'functional_group': 'cyano', 'smiles_inds': [6]}]",0.16895483666634262
23,median,CNc1ccccc1,[1],[],0.16901813992330986
23,median,FC(F)(F)c1ccc(cc1)c1ccc(C=NC23CC4CC(CC(C4)C2)C3)nc1,"[26, 15]",[],0.1690380826156887
23,median,Clc1ccc([O-])c(C=NCCN2CC[NH2+]CC2)c1,"[5, 8]","[{'functional_group': 'carboxyllic_acid', 'smiles_inds': [9]}]",0.16908291966529668
23,median,CC[NH+]1CCN(CC1)c1cc2N(C=C(C(=O)[O-])C(=O)c2cc1F)C1CC1,"[18, 16]","[{'functional_group': 'fluoro', 'smiles_inds': [20]}]",0.16931039872906395
23,top,[nH+]1cc[nH+]c2c1c1cccnc1c1ncccc21,"[13, 10]","[{'functional_group': 'carboxylate', 'smiles_inds': [14]}, {'functional_group': 'aldehyde', 'smiles_inds': [16]}, {'functional_group': 'amino', 'smiles_inds': [7]}, {'functional_group': 'amino', 'smiles_inds': [8]}, {'functional_group': 'aldehyde', 'smiles_inds': [15]}, {'functional_group': 'amino', 'smiles_inds': [2]}, {'functional_group': 'methyl', 'smiles_inds': [0]}, {'functional_group': 'amino', 'smiles_inds': [1]}, {'functional_group': 'carboxylate', 'smiles_inds': [9]}]",0.9999999999775124
23,top,[nH+]1cc[nH+]c2c1c1cccnc1c1ncccc21,"[13, 10]","[{'functional_group': 'carboxylate', 'smiles_inds': [14]}, {'functional_group': 'aldehyde', 'smiles_inds': [16]}, {'functional_group': 'methyl', 'smiles_inds': [3]}, {'functional_group': 'carboxylate', 'smiles_inds': [15]}, {'functional_group': 'phenyl', 'smiles_inds': [2]}, {'functional_group': 'carboxyllic_acid', 'smiles_inds': [7]}, {'functional_group': 'amino', 'smiles_inds': [1]}, {'functional_group': 'chloro', 'smiles_inds': [0]}, {'functional_group': '2-methylbenzoic_acid', 'smiles_inds': [8]}, {'functional_group': 'aldehyde', 'smiles_inds': [9]}]",0.9999999999791029
23,top,[nH+]1cc[nH+]c2c1c1cccnc1c1ncccc21,"[13, 10]","[{'functional_group': 'carboxylate', 'smiles_inds': [8]}, {'functional_group': 'aldehyde', 'smiles_inds': [3]}, {'functional_group': 'chloro', 'smiles_inds': [15]}, {'functional_group': 'aldehyde', 'smiles_inds': [0]}, {'functional_group': 'aldehyde', 'smiles_inds': [7]}, {'functional_group': 'aldehyde', 'smiles_inds': [16]}, {'functional_group': '2-methylbenzoic_acid', 'smiles_inds': [1]}, {'functional_group': 'aldehyde', 'smiles_inds': [9]}]",0.9999999999831843
23,top,[nH+]1cc[nH+]c2c1c1cccnc1c1ncccc21,"[13, 10]","[{'functional_group': 'carboxylate', 'smiles_inds': [14]}, {'functional_group': 'aldehyde', 'smiles_inds': [16]}, {'functional_group': 'methyl', 'smiles_inds': [3]}, {'functional_group': 'carboxylate', 'smiles_inds': [15]}, {'functional_group': 'phenyl', 'smiles_inds': [2]}, {'functional_group': 'carboxyllic_acid', 'smiles_inds': [7]}, {'functional_group': 'aldehyde', 'smiles_inds': [0]}, {'functional_group': 'carboxylate', 'smiles_inds': [9]}, {'functional_group': 'methyl_ester', 'smiles_inds': [8]}]",0.9999999999852962
23,top,CC(C(=O)[N-]CCN)(C(=O)[N-]CCN)C(=O)[N-]CCN,"[7, 4, 13, 10, 19, 16]",[],0.9999999999854967
23,top,[nH+]1cc[nH+]c2c1c1cccnc1c1ncccc21,"[13, 10]","[{'functional_group': 'carboxylate', 'smiles_inds': [14]}, {'functional_group': 'aldehyde', 'smiles_inds': [16]}, {'functional_group': 'methyl', 'smiles_inds': [3]}, {'functional_group': 'carboxylate', 'smiles_inds': [15]}, {'functional_group': 'phenyl', 'smiles_inds': [2]}, {'functional_group': 'carboxyllic_acid', 'smiles_inds': [7]}, {'functional_group': 'cyano', 'smiles_inds': [0]}, {'functional_group': 'cyano', 'smiles_inds': [9]}, {'functional_group': 'carboxylate', 'smiles_inds': [8]}]",0.9999999999858709
23,top,[nH+]1cc[nH+]c2c1c1cccnc1c1ncccc21,"[13, 10]","[{'functional_group': 'carboxylate', 'smiles_inds': [14]}, {'functional_group': 'aldehyde', 'smiles_inds': [16]}, {'functional_group': 'amino', 'smiles_inds': [7]}, {'functional_group': 'amino', 'smiles_inds': [8]}, {'functional_group': 'aldehyde', 'smiles_inds': [15]}, {'functional_group': 'amino', 'smiles_inds': [2]}, {'functional_group': 'aldehyde', 'smiles_inds': [0]}, {'functional_group': 'carboxylate', 'smiles_inds': [3]}, {'functional_group': '2-methylbenzoic_acid', 'smiles_inds': [1]}, {'functional_group': 'carboxylate', 'smiles_inds': [9]}]",0.9999999999862532
23,top,[nH+]1cc[nH+]c2c1c1cccnc1c1ncccc21,"[13, 10]","[{'functional_group': 'carboxylate', 'smiles_inds': [14]}, {'functional_group': 'aldehyde', 'smiles_inds': [16]}, {'functional_group': 'methyl', 'smiles_inds': [3]}, {'functional_group': 'carboxylate', 'smiles_inds': [15]}, {'functional_group': 'phenyl', 'smiles_inds': [2]}, {'functional_group': 'carboxyllic_acid', 'smiles_inds': [7]}, {'functional_group': 'aldehyde', 'smiles_inds': [0]}, {'functional_group': 'carboxylate', 'smiles_inds': [9]}, {'functional_group': 'ether', 'smiles_inds': [8]}, {'functional_group': 'carboxyl', 'smiles_inds': [1]}]",0.9999999999868061
23,top,[nH+]1cc[nH+]c2c1c1cccnc1c1ncccc21,"[13, 10]","[{'functional_group': 'carboxylate', 'smiles_inds': [8]}, {'functional_group': 'aldehyde', 'smiles_inds': [3]}, {'functional_group': 'chloro', 'smiles_inds': [15]}, {'functional_group': 'aldehyde', 'smiles_inds': [16]}, {'functional_group': 'amino', 'smiles_inds': [2]}, {'functional_group': 'iodo', 'smiles_inds': [14]}, {'functional_group': 'aldehyde', 'smiles_inds': [7]}, {'functional_group': 'aldehyde', 'smiles_inds': [9]}]",0.9999999999902311
23,top,[nH+]1cc[nH+]c2c1c1cccnc1c1ncccc21,"[13, 10]","[{'functional_group': 'carboxylate', 'smiles_inds': [14]}, {'functional_group': 'aldehyde', 'smiles_inds': [16]}, {'functional_group': 'methyl', 'smiles_inds': [3]}, {'functional_group': 'carboxylate', 'smiles_inds': [15]}, {'functional_group': 'phenyl', 'smiles_inds': [2]}, {'functional_group': 'carboxyllic_acid', 'smiles_inds': [7]}, {'functional_group': 'aldehyde', 'smiles_inds': [0]}, {'functional_group': 'carboxylate', 'smiles_inds': [9]}, {'functional_group': 'ethyl_ester', 'smiles_inds': [8]}]",0.999999999993026
23,top,[nH+]1cc[nH+]c2c1c1cccnc1c1ncccc21,"[13, 10]","[{'functional_group': 'carboxylate', 'smiles_inds': [8]}, {'functional_group': 'aldehyde', 'smiles_inds': [3]}, {'functional_group': 'chloro', 'smiles_inds': [15]}, {'functional_group': 'aldehyde', 'smiles_inds': [0]}, {'functional_group': 'aldehyde', 'smiles_inds': [7]}, {'functional_group': 'aldehyde', 'smiles_inds': [16]}, {'functional_group': 'carboxylate', 'smiles_inds': [9]}]",0.9999999999940956
23,top,[nH+]1cc[nH+]c2c1c1cccnc1c1ncccc21,"[13, 10]","[{'functional_group': 'carboxylate', 'smiles_inds': [8]}, {'functional_group': 'aldehyde', 'smiles_inds': [3]}, {'functional_group': 'chloro', 'smiles_inds': [15]}, {'functional_group': 'aldehyde', 'smiles_inds': [0]}, {'functional_group': 'aldehyde', 'smiles_inds': [7]}, {'functional_group': 'aldehyde', 'smiles_inds': [16]}, {'functional_group': 'ethyl', 'smiles_inds': [1]}, {'functional_group': 'amino', 'smiles_inds': [9]}]",0.9999999999942053
23,top,[nH+]1cc[nH+]c2c1c1cccnc1c1ncccc21,"[13, 10]","[{'functional_group': 'carboxylate', 'smiles_inds': [14]}, {'functional_group': 'aldehyde', 'smiles_inds': [16]}, {'functional_group': 'methyl', 'smiles_inds': [3]}, {'functional_group': 'carboxylate', 'smiles_inds': [15]}, {'functional_group': 'phenyl', 'smiles_inds': [2]}, {'functional_group': 'carboxyllic_acid', 'smiles_inds': [7]}, {'functional_group': 'aldehyde', 'smiles_inds': [0]}, {'functional_group': 'carboxylate', 'smiles_inds': [9]}, {'functional_group': 'ether', 'smiles_inds': [8]}]",0.999999999994726
23,top,[nH+]1cc[nH+]c2c1c1cccnc1c1ncccc21,"[13, 10]","[{'functional_group': 'carboxylate', 'smiles_inds': [8]}, {'functional_group': 'aldehyde', 'smiles_inds': [3]}, {'functional_group': 'chloro', 'smiles_inds': [15]}, {'functional_group': 'aldehyde', 'smiles_inds': [16]}, {'functional_group': 'amino', 'smiles_inds': [2]}, {'functional_group': 'iodo', 'smiles_inds': [14]}, {'functional_group': 'aldehyde', 'smiles_inds': [7]}, {'functional_group': 'hydroxyl', 'smiles_inds': [0]}, {'functional_group': 'carboxylate', 'smiles_inds': [9]}]",0.9999999999957678
23,top,[nH+]1cc[nH+]c2c1c1cccnc1c1ncccc21,"[13, 10]","[{'functional_group': 'carboxylate', 'smiles_inds': [14]}, {'functional_group': 'aldehyde', 'smiles_inds': [16]}, {'functional_group': 'methyl', 'smiles_inds': [3]}, {'functional_group': 'carboxylate', 'smiles_inds': [15]}, {'functional_group': 'phenyl', 'smiles_inds': [2]}, {'functional_group': 'carboxyllic_acid', 'smiles_inds': [7]}, {'functional_group': 'aldehyde', 'smiles_inds': [0]}, {'functional_group': 'carboxylate', 'smiles_inds': [9]}, {'functional_group': 'amino', 'smiles_inds': [8]}]",0.9999999999965494
23,top,CC(C(=O)[N-]CCN)(C(=O)[N-]CCN)C(=O)[N-]CCN,"[7, 4, 13, 10, 19, 16]","[{'functional_group': 'hydroxyl', 'smiles_inds': [11]}]",0.9999999999967863
23,top,[nH+]1cc[nH+]c2c1c1cccnc1c1ncccc21,"[13, 10]","[{'functional_group': 'carboxylate', 'smiles_inds': [14]}, {'functional_group': 'aldehyde', 'smiles_inds': [16]}, {'functional_group': 'methyl', 'smiles_inds': [3]}, {'functional_group': 'carboxylate', 'smiles_inds': [15]}, {'functional_group': 'phenyl', 'smiles_inds': [2]}, {'functional_group': 'carboxyllic_acid', 'smiles_inds': [7]}, {'functional_group': 'amino', 'smiles_inds': [1]}, {'functional_group': 'chloro', 'smiles_inds': [0]}, {'functional_group': 'aldehyde', 'smiles_inds': [8]}]",0.9999999999972706
23,top,[nH+]1cc[nH+]c2c1c1cccnc1c1ncccc21,"[13, 10]","[{'functional_group': 'carboxylate', 'smiles_inds': [14]}, {'functional_group': 'aldehyde', 'smiles_inds': [16]}, {'functional_group': 'methyl', 'smiles_inds': [3]}, {'functional_group': 'carboxylate', 'smiles_inds': [15]}, {'functional_group': 'phenyl', 'smiles_inds': [2]}, {'functional_group': 'carboxyllic_acid', 'smiles_inds': [7]}, {'functional_group': 'aldehyde', 'smiles_inds': [0]}, {'functional_group': 'carboxylate', 'smiles_inds': [8]}, {'functional_group': 'tribromo', 'smiles_inds': [1]}]",0.9999999999978797
23,top,[nH+]1cc[nH+]c2c1c1cccnc1c1ncccc21,"[13, 10]","[{'functional_group': 'carboxylate', 'smiles_inds': [14]}, {'functional_group': 'aldehyde', 'smiles_inds': [16]}, {'functional_group': 'methyl', 'smiles_inds': [3]}, {'functional_group': 'carboxylate', 'smiles_inds': [15]}, {'functional_group': 'phenyl', 'smiles_inds': [2]}, {'functional_group': 'carboxyllic_acid', 'smiles_inds': [7]}, {'functional_group': 'aldehyde', 'smiles_inds': [0]}, {'functional_group': 'carbonyl', 'smiles_inds': [1]}, {'functional_group': 'carboxyllic_acid', 'smiles_inds': [9]}, {'functional_group': 'carboxylate', 'smiles_inds': [8]}]",0.9999999999995888
23,top,CCOC(=O)C1=C2[N-]C(=C1C(=O)OCC)c1ccc3ccc4ccc(nc4c3n1)C1=C(C(=O)OCC)C(=C([N-]1)c1ccc3ccc4ccc2nc4c3n1)C(=O)OCC,"[7, 49, 52, 38, 25, 28]","[{'functional_group': 'carboxylate', 'smiles_inds': [20]}]",0.9999999999997733
24,bottom,CCC(C)C1NC(=O)C(C)NC(=O)C(CSSCC2NC(=O)C(CCC(N)=O)NC(=O)C(C)NC(=O)C3CCCN3C(=O)C(CCC(O)=O)NC(=O)CNC(=O)C(C)NC(=O)C(CCCNC(N)=N)NC(=O)C(CSSCC(NC(=O)C(CC(N)=O)NC2=O)C(O)=O)NC(=O)C(CC2=CN=CN2)NC1=O)NC(=O)C(CC1=CN=CN1)NC(=O)C(CC(C)C)NC(=O)C(CC(O)=O)NC(C)=O,"[112, 99]","[{'functional_group': 'fluoro', 'smiles_inds': [17]}]",7.85289923585735e-59
24,bottom,CP(CCP(C)c1c(cc(cc1C([Si](C)(C)C)[Si](C)(C)C)C([Si](C)(C)C)([Si](C)(C)C)[Si](C)(C)C)C([Si](C)(C)C)[Si](C)(C)C)c1c(cc(cc1C([Si](C)(C)C)[Si](C)(C)C)C([Si](C)(C)C)([Si](C)(C)C)[Si](C)(C)C)C([Si-](C)C)[Si](C)(C)C,"[4, 72, 1]","[{'functional_group': 'ethyl_ester', 'smiles_inds': [14]}]",8.114718170883557e-57
24,bottom,C[Si](C)(C)C(c1cc(C([Si](C)(C)C)[Si](C)(C)C)c(Sc2ccccc2Sc2ccccc2Sc2ccccc2Sc2c(cc(cc2C([Si](C)(C)C)[Si](C)(C)C)C([Si](C)(C)C)[Si](C)(C)C)C([Si](C)(C)C)[Si](C)(C)C)c(c1)C([Si](C)(C)C)[Si](C)(C)C)[Si](C)(C)C,"[25, 32]","[{'functional_group': 'amide', 'smiles_inds': [71]}]",5.6892478566420155e-49
24,bottom,C[Si](C)(C)C(c1cc(C([Si](C)(C)C)[Si](C)(C)C)c([Se]c2ccccc2Sc2ccccc2Sc2ccccc2[Se]c2c(cc(cc2C([Si](C)(C)C)[Si](C)(C)C)C([Si](C)(C)C)[Si](C)(C)C)C([Si](C)(C)C)[Si](C)(C)C)c(c1)C([Si](C)(C)C)[Si](C)(C)C)[Si](C)(C)C,"[25, 32]","[{'functional_group': 'fluoro', 'smiles_inds': [58]}]",1.0863065510272648e-44
24,bottom,C[Si](C)(C)C(c1cc(C([Si](C)(C)C)[Si](C)(C)C)c(Sc2ccccc2[Se]c2ccccc2[Se]c2ccccc2Sc2c(cc(cc2C([Si](C)(C)C)[Si](C)(C)C)C([Si](C)(C)C)[Si](C)(C)C)C([Si](C)(C)C)[Si](C)(C)C)c(c1)C([Si](C)(C)C)[Si](C)(C)C)[Si](C)(C)C,"[25, 32]","[{'functional_group': 'ethyl', 'smiles_inds': [78]}, {'functional_group': 'carboxyllic_acid', 'smiles_inds': [42]}]",5.744099255106218e-42
24,bottom,CC(C)C1NC(=O)C2CCCN2C(=O)C(NC(=O)C2CCCN2C(=O)C(NC(=O)C2CCCN2C(=O)C(NC(=O)C2CCCN2C(=O)C(NC(=O)C2CCCN2C(=O)C(NC(=O)C2CCCN2C1=O)C(C)C)C(C)C)C(C)C)C(C)C)C(C)C,"[13, 68, 35, 24, 46, 57]","[{'functional_group': 'amide', 'smiles_inds': [62]}, {'functional_group': 'tribromo', 'smiles_inds': [42]}]",3.2226347716867604e-32
24,bottom,CC(C)C1NC(=O)C2CCCN2C(=O)C(NC(=O)C2CCCN2C(=O)C(NC(=O)C2CCCN2C(=O)C(NC(=O)C2CCCN2C(=O)C(NC(=O)C2CCCN2C(=O)C(NC(=O)C2CCCN2C1=O)C(C)C)C(C)C)C(C)C)C(C)C)C(C)C,"[13, 68, 35, 24, 46, 57]","[{'functional_group': 'tribromo', 'smiles_inds': [70]}]",8.952028325759823e-31
24,bottom,CC(C)C1NC(=O)C2CCCN2C(=O)C(NC(=O)C2CCCN2C(=O)C(NC(=O)C2CCCN2C(=O)C(NC(=O)C2CCCN2C(=O)C(NC(=O)C2CCCN2C(=O)C(NC(=O)C2CCCN2C1=O)C(C)C)C(C)C)C(C)C)C(C)C)C(C)C,"[13, 68, 35, 24, 46, 57]",[],4.838655316526807e-30
24,bottom,Fc1c(F)c(F)c(c(F)c1F)C1=C2NC(=C(C3=NC(=C(C4=CC=C([N-]4)C(=C4C=CC(=N4)C(=C4NC(=C(C5=NC(=C(C6=NC(=C(C7=CC=C1N7)c1c(F)c(F)c(F)c(F)c1F)C=C6)c1c(F)c(F)c(F)c(F)c1F)C=C5)c1c(F)c(F)c(F)c(F)c1F)C=C4)c1c(F)c(F)c(F)c(F)c1F)c1c(F)c(F)c(F)c(F)c1F)c1c(F)c(F)c(F)c(F)c1F)C=C3)c1c(F)c(F)c(F)c(F)c1F)C=C2,"[30, 24]","[{'functional_group': 'thiol', 'smiles_inds': [135]}]",3.8486519721839966e-29
24,bottom,O=C1N2CN3C(=O)N4CN5C(=O)N6CN7C(=O)N8CN9C(=O)N%10CN%11C(=O)N%12CN1C1%13CCCC21N1CN2C(=O)N(CN%14C(=O)N(CN%15C(=O)N(CN%16C(=O)N(CN%17C(=O)N(CN%13C1=O)C1%12CCCC%11%171)C1%10CCCC9%161)C18CCCC7%151)C16CCCC5%141)C14CCCC321,"[54, 59]","[{'functional_group': 'cyanimide', 'smiles_inds': [82]}, {'functional_group': 'phenyl', 'smiles_inds': [33]}, {'functional_group': '2-methylbenzoic_acid', 'smiles_inds': [36]}]",2.2321501793858117e-28
24,bottom,CC(C)(C)c1cc2c(OP(Oc3c2cc(cc3C(C)(C)C)C(C)(C)C)O[Si]2(O[Si]3(O[Si](OP4Oc5c(cc(cc5C(C)(C)C)C(C)(C)C)c5cc(cc(c5O4)C(C)(C)C)C(C)(C)C)(O[Si]4(O[Si](O3)(O[Si](O2)(O[Si](O4)(O[Si](C)(c2ccccc2)c2ccccc2)C2CCCC2)C2CCCC2)C2CCCC2)C2CCCC2)C2CCCC2)C2CCCC2)C2CCCC2)c(c1)C(C)(C)C,"[9, 32]","[{'functional_group': '2-hydroxypyridine', 'smiles_inds': [46]}]",2.3274395926264346e-28
24,bottom,CC(C)c1cc(c([Ge]c2c(cc(cc2C([Si](C)(C)C)[Si](C)(C)C)C([Si](C)(C)C)[Si](C)(C)C)C([Si](C)(C)C)[Si](C)(C)C)c(c1)C(C)C)C(C)C,[7],"[{'functional_group': 'ethyl', 'smiles_inds': [14]}]",1.7539878728751456e-27
24,bottom,CC(C)c1cc(c([Ge]c2c(cc(cc2C([Si](C)(C)C)[Si](C)(C)C)C([Si](C)(C)C)[Si](C)(C)C)C([Si](C)(C)C)[Si](C)(C)C)c(c1)C(C)C)C(C)C,[7],"[{'functional_group': 'chloro', 'smiles_inds': [40]}]",3.626958851073672e-27
24,bottom,C[Si](C)(C)C(c1cc(cc(C([Si](C)(C)C)[Si](C)(C)C)c1P)C([Si](C)(C)C)([Si](C)(C)C)[Si](C)(C)C)[Si](C)(C)C,[20],"[{'functional_group': 'iodo', 'smiles_inds': [10]}]",1.0456375427258181e-26
24,bottom,Cc1cc(C(c2ccc(cc2)C2CCCCC2)c2ccc(cc2)C2CCCCC2)c(N=C(C)C(C)=Nc2c(cc(C)cc2C(c2ccc(cc2)C2CCCCC2)c2ccc(cc2)C2CCCCC2)C(c2ccc(cc2)C2CCCCC2)c2ccc(cc2)C2CCCCC2)c(c1)C(c1ccc(cc1)C1CCCCC1)c1ccc(cc1)C1CCCCC1,"[30, 35]","[{'functional_group': 'carboxyl', 'smiles_inds': [24]}]",1.4408018745314308e-26
24,bottom,CC1=CC[Sb](C1)c1c(cc(cc1C([Si](C)(C)C)[Si](C)(C)C)C([Si](C)(C)C)[Si](C)(C)C)C([Si](C)(C)C)[Si](C)(C)C,[4],"[{'functional_group': 'methyl_ester', 'smiles_inds': [29]}]",1.522931569158959e-25
24,bottom,N=P(c1ccccc1c1cc(cc(c1)c1ccccc1P(=[N-])(C12CC3CC(CC(C3)C1)C2)C12CC3CC(CC(C3)C1)C2)c1ccccc1P(=[N-])(C12CC3CC(CC(C3)C1)C2)C12CC3CC(CC(C3)C1)C2)(C12CC3CC(CC(C3)C1)C2)C12CC3CC(CC(C3)C1)C2,"[0, 21, 49]","[{'functional_group': 'methyl', 'smiles_inds': [87]}]",1.7781533287831586e-25
24,bottom,CC(C)(C)O[Si](OP(O[Si](OC(C)(C)C)(OC(C)(C)C)OC(C)(C)C)O[Si](OC(C)(C)C)(OC(C)(C)C)OC(C)(C)C)(OC(C)(C)C)OC(C)(C)C,[7],"[{'functional_group': 'ether', 'smiles_inds': [23]}, {'functional_group': 'ketone', 'smiles_inds': [19]}]",2.5778728945931963e-25
24,bottom,CC(C)(C)O[Si](OP(O[Si](OC(C)(C)C)(OC(C)(C)C)OC(C)(C)C)O[Si](OC(C)(C)C)(OC(C)(C)C)OC(C)(C)C)(OC(C)(C)C)OC(C)(C)C,[7],"[{'functional_group': 'iodo', 'smiles_inds': [44]}]",3.6531174996792787e-25
24,bottom,CCCCN(CCCC)c1ccc(cc1)C1=CC(=C(S1)C=Cc1ccnc(c1)c1cc(ccn1)C=CC1=C(C=C(S1)c1ccc(cc1)N(CCCC)CCCC)C1=C(C2=C(C)SC(=C2)C)C(F)(F)C(F)(F)C1(F)F)C1=C(C2=C(C)SC(=C2)C)C(F)(F)C(F)(F)C1(F)F,"[47, 4]",[],6.124510085538694e-25
24,median,O=C([O-])CN(CC1OO1)CC(=O)[O-],"[2, 4, 12]","[{'functional_group': 'fluoro', 'smiles_inds': [3]}, {'functional_group': 'phenyl', 'smiles_inds': [6]}]",0.1766921997113341
24,median,Cc1ccc(NN=Nc2ccc(C)cc2)cc1,[7],[],0.17669549919341096
24,median,Cc1cc(C)c(P(c2ccccc2)c2ccccc2)c(C)c1,[6],[],0.17669914310825743
24,median,COc1cc(OC)c(C=Nc2cc(ccc2[O-])N(=O)=O)cc1OC,"[16, 5, 9]",[],0.17670333129748714
24,median,CC(C)C(CO)[N-]C(=O)c1ccccn1,"[14, 6]","[{'functional_group': 'hydroxyl', 'smiles_inds': [3]}]",0.17671526318007735
24,median,Fc1cc2C(=O)C(=CN(C3CC3)c2cc1N1CC[NH2+]CC1)C(=O)[O-],"[23, 5]","[{'functional_group': 'phenyl', 'smiles_inds': [19]}]",0.17679629054751386
24,median,CC[Ge](CC)CC,[2],"[{'functional_group': 'cyano', 'smiles_inds': [5]}]",0.17681623567801585
24,median,C(N1C=C(N=N1)c1ccccc1)c1ccc2ccccc2n1,"[5, 1]","[{'functional_group': 'ethyl_ester', 'smiles_inds': [2]}, {'functional_group': 'carboxyllic_acid', 'smiles_inds': [9]}]",0.17687330276301735
24,median,c1cnc2c(c1)cccc2N=Cc1ccc2ccc3cccc4ccc1c2c34,"[2, 10]",[],0.1769218207686922
24,median,CCP(CCc1ccccn1)c1ccccc1,"[2, 10]","[{'functional_group': 'tribromo', 'smiles_inds': [8]}]",0.1769437511512167
24,median,Fc1ccnc(c1)c1ccccn1,"[12, 4]","[{'functional_group': 'tribromo', 'smiles_inds': [2]}, {'functional_group': 'amino', 'smiles_inds': [9]}]",0.177033719791495
24,median,S=C(Nc1ccccc1)Nc1ccccn1,"[0, 15]",[],0.17715751950720143
24,median,C=CCN1C(=O)C(=NN=C([S-])NC2CCCCC2)c2ccccc12,"[10, 5, 7]",[],0.17717250704715234
24,median,c1ccc(nc1)N1C=C(N=N1)c1ccccn1,"[6, 9]","[{'functional_group': 'carboxyllic_acid', 'smiles_inds': [15]}]",0.17717697906178653
24,median,CC(C)P(Cc1cccc([c-]1)c1ccccn1)C(C)C,"[3, 16, 10]",[],0.17719953440106803
24,median,Cc1ccccc1C([O-])=CC(=Nc1ccccc1)C(F)(F)F,"[8, 11]","[{'functional_group': 'carboxyllic_acid', 'smiles_inds': [2]}]",0.17726238764578003
24,median,Fc1ccc(c(F)n1)c1cccc(n1)c1cccc(Oc2ccccn2)[c-]1,"[26, 25, 13]","[{'functional_group': 'hydroxyl', 'smiles_inds': [17]}, {'functional_group': 'iodo', 'smiles_inds': [3]}]",0.17741342133539342
24,median,[O-]C(Nc1ccccn1)c1ccccn1,"[0, 14, 8]","[{'functional_group': 'methyl_ester', 'smiles_inds': [5]}, {'functional_group': 'carboxyl', 'smiles_inds': [6]}]",0.17749572453926585
24,median,COc1cc(OC)c2c(OC(=O)c3ccc4ccccc4c23)c1,[11],"[{'functional_group': 'aldehyde', 'smiles_inds': [13]}]",0.177852442112921
24,median,[CH2-][NH2+]Cc1ccccc1,[0],"[{'functional_group': 'carbonyl', 'smiles_inds': [2]}]",0.1778717079882988
24,top,[nH+]1cc[nH+]c2c1c1cccnc1c1ncccc21,"[13, 10]","[{'functional_group': 'carboxylate', 'smiles_inds': [14]}, {'functional_group': 'aldehyde', 'smiles_inds': [16]}, {'functional_group': 'methyl', 'smiles_inds': [3]}, {'functional_group': 'carboxylate', 'smiles_inds': [15]}, {'functional_group': 'phenyl', 'smiles_inds': [2]}, {'functional_group': 'carboxyllic_acid', 'smiles_inds': [7]}, {'functional_group': 'aldehyde', 'smiles_inds': [0]}, {'functional_group': 'thiol', 'smiles_inds': [9]}, {'functional_group': 'phenyl', 'smiles_inds': [1]}, {'functional_group': 'aldehyde', 'smiles_inds': [8]}]",0.9999999997450719
24,top,[nH+]1cc[nH+]c2c1c1cccnc1c1ncccc21,"[13, 10]","[{'functional_group': 'carboxylate', 'smiles_inds': [14]}, {'functional_group': 'aldehyde', 'smiles_inds': [16]}, {'functional_group': 'amino', 'smiles_inds': [7]}, {'functional_group': 'amino', 'smiles_inds': [8]}, {'functional_group': 'aldehyde', 'smiles_inds': [15]}, {'functional_group': 'amino', 'smiles_inds': [2]}, {'functional_group': 'aldehyde', 'smiles_inds': [0]}, {'functional_group': 'carboxylate', 'smiles_inds': [3]}, {'functional_group': 'aldehyde', 'smiles_inds': [1]}]",0.9999999997459439
24,top,[nH+]1cc[nH+]c2c1c1cccnc1c1ncccc21,"[13, 10]","[{'functional_group': 'carboxylate', 'smiles_inds': [8]}, {'functional_group': 'aldehyde', 'smiles_inds': [3]}, {'functional_group': 'chloro', 'smiles_inds': [15]}, {'functional_group': 'aldehyde', 'smiles_inds': [0]}, {'functional_group': 'aldehyde', 'smiles_inds': [7]}, {'functional_group': 'aldehyde', 'smiles_inds': [16]}, {'functional_group': 'amino', 'smiles_inds': [2]}]",0.9999999997942122
24,top,[nH+]1cc[nH+]c2c1c1cccnc1c1ncccc21,"[13, 10]","[{'functional_group': 'carboxylate', 'smiles_inds': [14]}, {'functional_group': 'aldehyde', 'smiles_inds': [16]}, {'functional_group': 'amino', 'smiles_inds': [7]}, {'functional_group': 'amino', 'smiles_inds': [8]}, {'functional_group': 'aldehyde', 'smiles_inds': [15]}, {'functional_group': 'amino', 'smiles_inds': [2]}, {'functional_group': 'aldehyde', 'smiles_inds': [0]}, {'functional_group': 'carboxylate', 'smiles_inds': [3]}, {'functional_group': '2-methylbenzoic_acid', 'smiles_inds': [1]}, {'functional_group': 'aldehyde', 'smiles_inds': [9]}]",0.9999999998179225
24,top,[nH+]1cc[nH+]c2c1c1cccnc1c1ncccc21,"[13, 10]","[{'functional_group': 'carboxylate', 'smiles_inds': [14]}, {'functional_group': 'aldehyde', 'smiles_inds': [16]}, {'functional_group': 'methyl', 'smiles_inds': [3]}, {'functional_group': 'carboxylate', 'smiles_inds': [15]}, {'functional_group': 'phenyl', 'smiles_inds': [2]}, {'functional_group': 'carboxyllic_acid', 'smiles_inds': [7]}, {'functional_group': 'aldehyde', 'smiles_inds': [0]}, {'functional_group': 'carboxylate', 'smiles_inds': [9]}, {'functional_group': 'methyl', 'smiles_inds': [1]}]",0.9999999998359421
24,top,[nH+]1cc[nH+]c2c1c1cccnc1c1ncccc21,"[13, 10]","[{'functional_group': 'carboxylate', 'smiles_inds': [14]}, {'functional_group': 'aldehyde', 'smiles_inds': [16]}, {'functional_group': 'methyl', 'smiles_inds': [3]}, {'functional_group': 'carboxylate', 'smiles_inds': [15]}, {'functional_group': 'phenyl', 'smiles_inds': [2]}, {'functional_group': 'carboxyllic_acid', 'smiles_inds': [7]}, {'functional_group': 'cyano', 'smiles_inds': [0]}, {'functional_group': 'cyano', 'smiles_inds': [9]}, {'functional_group': 'methyl', 'smiles_inds': [1]}, {'functional_group': 'aldehyde', 'smiles_inds': [8]}]",0.9999999998600022
24,top,[nH+]1cc[nH+]c2c1c1cccnc1c1ncccc21,"[13, 10]","[{'functional_group': 'carboxylate', 'smiles_inds': [14]}, {'functional_group': 'aldehyde', 'smiles_inds': [16]}, {'functional_group': 'methyl', 'smiles_inds': [3]}, {'functional_group': 'carboxylate', 'smiles_inds': [15]}, {'functional_group': 'phenyl', 'smiles_inds': [2]}, {'functional_group': 'carboxyllic_acid', 'smiles_inds': [7]}, {'functional_group': 'amino', 'smiles_inds': [1]}, {'functional_group': 'methyl', 'smiles_inds': [8]}, {'functional_group': 'carboxylate', 'smiles_inds': [0]}]",0.9999999998770961
24,top,Oc1ccc2[N-]c3c4ncc(F)cc4c4C(=O)NC(=O)c4c3c2c1,"[5, 8]","[{'functional_group': 'carbonyl', 'smiles_inds': [0]}, {'functional_group': 'carboxylate', 'smiles_inds': [12]}, {'functional_group': 'aldehyde', 'smiles_inds': [23]}]",0.9999999998793361
24,top,[nH+]1cc[nH+]c2c1c1cccnc1c1ncccc21,"[13, 10]","[{'functional_group': 'carboxylate', 'smiles_inds': [8]}, {'functional_group': 'aldehyde', 'smiles_inds': [3]}, {'functional_group': 'chloro', 'smiles_inds': [15]}, {'functional_group': 'aldehyde', 'smiles_inds': [16]}, {'functional_group': 'amino', 'smiles_inds': [2]}, {'functional_group': 'iodo', 'smiles_inds': [14]}, {'functional_group': 'aldehyde', 'smiles_inds': [7]}, {'functional_group': 'phenyl', 'smiles_inds': [9]}, {'functional_group': 'phosphonate', 'smiles_inds': [1]}]",0.9999999998973865
24,top,[nH+]1cc[nH+]c2c1c1cccnc1c1ncccc21,"[13, 10]","[{'functional_group': 'carboxylate', 'smiles_inds': [8]}, {'functional_group': 'aldehyde', 'smiles_inds': [3]}, {'functional_group': 'chloro', 'smiles_inds': [15]}, {'functional_group': 'aldehyde', 'smiles_inds': [16]}, {'functional_group': 'amino', 'smiles_inds': [2]}, {'functional_group': 'iodo', 'smiles_inds': [14]}, {'functional_group': 'aldehyde', 'smiles_inds': [7]}, {'functional_group': 'amino', 'smiles_inds': [1]}, {'functional_group': '2-methylbenzoic_acid', 'smiles_inds': [9]}]",0.9999999999324132
24,top,[nH+]1cc[nH+]c2c1c1cccnc1c1ncccc21,"[13, 10]","[{'functional_group': 'carboxylate', 'smiles_inds': [14]}, {'functional_group': 'aldehyde', 'smiles_inds': [16]}, {'functional_group': 'amino', 'smiles_inds': [7]}, {'functional_group': 'amino', 'smiles_inds': [8]}, {'functional_group': 'aldehyde', 'smiles_inds': [15]}, {'functional_group': 'amino', 'smiles_inds': [2]}, {'functional_group': 'methyl', 'smiles_inds': [0]}, {'functional_group': 'amino', 'smiles_inds': [1]}, {'functional_group': 'carboxylate', 'smiles_inds': [9]}]",0.9999999999444571
24,top,NC1C(O)C(N)C(O)C(NCCNC2C(O)C(N)C(O)C(N)C2O)C1O,"[0, 9, 12, 17, 21, 5]","[{'functional_group': 'trifluro', 'smiles_inds': [15]}]",0.9999999999503193
24,top,[nH+]1cc[nH+]c2c1c1cccnc1c1ncccc21,"[13, 10]","[{'functional_group': 'carboxylate', 'smiles_inds': [14]}, {'functional_group': 'aldehyde', 'smiles_inds': [16]}, {'functional_group': 'amino', 'smiles_inds': [7]}, {'functional_group': 'amino', 'smiles_inds': [8]}, {'functional_group': 'aldehyde', 'smiles_inds': [15]}, {'functional_group': 'amino', 'smiles_inds': [2]}, {'functional_group': 'aldehyde', 'smiles_inds': [0]}, {'functional_group': 'carboxylate', 'smiles_inds': [3]}, {'functional_group': 'amino', 'smiles_inds': [1]}]",0.9999999999510438
24,top,[nH+]1cc[nH+]c2c1c1cccnc1c1ncccc21,"[13, 10]","[{'functional_group': 'carboxylate', 'smiles_inds': [14]}, {'functional_group': 'aldehyde', 'smiles_inds': [16]}, {'functional_group': 'methyl', 'smiles_inds': [3]}, {'functional_group': 'carboxylate', 'smiles_inds': [15]}, {'functional_group': 'phenyl', 'smiles_inds': [2]}, {'functional_group': 'carboxyllic_acid', 'smiles_inds': [7]}, {'functional_group': 'aldehyde', 'smiles_inds': [0]}, {'functional_group': 'aldehyde', 'smiles_inds': [8]}, {'functional_group': 'phenyl', 'smiles_inds': [9]}]",0.9999999999603828
24,top,[nH+]1cc[nH+]c2c1c1cccnc1c1ncccc21,"[13, 10]","[{'functional_group': 'carboxylate', 'smiles_inds': [14]}, {'functional_group': 'aldehyde', 'smiles_inds': [16]}, {'functional_group': 'methyl', 'smiles_inds': [3]}, {'functional_group': 'carboxylate', 'smiles_inds': [15]}, {'functional_group': 'phenyl', 'smiles_inds': [2]}, {'functional_group': 'carboxyllic_acid', 'smiles_inds': [7]}, {'functional_group': 'amino', 'smiles_inds': [1]}, {'functional_group': 'chloro', 'smiles_inds': [0]}, {'functional_group': 'aldehyde', 'smiles_inds': [8]}]",0.9999999999627269
24,top,NC1C(O)C(N)C(O)C(NCCNC2C(O)C(N)C(O)C(N)C2O)C1O,"[0, 9, 12, 17, 21, 5]",[],0.9999999999892786
24,top,[nH+]1cc[nH+]c2c1c1cccnc1c1ncccc21,"[13, 10]","[{'functional_group': 'carboxylate', 'smiles_inds': [14]}, {'functional_group': 'aldehyde', 'smiles_inds': [16]}, {'functional_group': 'methyl', 'smiles_inds': [3]}, {'functional_group': 'carboxylate', 'smiles_inds': [15]}, {'functional_group': 'phenyl', 'smiles_inds': [2]}, {'functional_group': 'carboxyllic_acid', 'smiles_inds': [7]}, {'functional_group': 'amino', 'smiles_inds': [1]}, {'functional_group': 'carboxylate', 'smiles_inds': [8]}]",0.9999999999922642
24,top,[nH+]1cc[nH+]c2c1c1cccnc1c1ncccc21,"[13, 10]","[{'functional_group': 'carboxylate', 'smiles_inds': [14]}, {'functional_group': 'aldehyde', 'smiles_inds': [16]}, {'functional_group': 'methyl', 'smiles_inds': [3]}, {'functional_group': 'carboxylate', 'smiles_inds': [15]}, {'functional_group': 'phenyl', 'smiles_inds': [2]}, {'functional_group': 'carboxyllic_acid', 'smiles_inds': [7]}, {'functional_group': 'amino', 'smiles_inds': [1]}, {'functional_group': 'chloro', 'smiles_inds': [0]}, {'functional_group': 'carboxylate', 'smiles_inds': [8]}]",0.9999999999935156
24,top,[nH+]1cc[nH+]c2c1c1cccnc1c1ncccc21,"[13, 10]","[{'functional_group': 'carboxylate', 'smiles_inds': [14]}, {'functional_group': 'aldehyde', 'smiles_inds': [16]}, {'functional_group': 'methyl', 'smiles_inds': [3]}, {'functional_group': 'carboxylate', 'smiles_inds': [15]}, {'functional_group': 'phenyl', 'smiles_inds': [2]}, {'functional_group': 'carboxyllic_acid', 'smiles_inds': [7]}, {'functional_group': 'aldehyde', 'smiles_inds': [0]}, {'functional_group': 'carboxylate', 'smiles_inds': [9]}, {'functional_group': 'aldehyde', 'smiles_inds': [8]}]",0.9999999999948503
24,top,NC(=NN=C([O-])C(=NNC(=O)c1cccc(n1)C(=O)NN=C(C([O-])=NN=C(N)c1ccccn1)c1ccccc1)c1ccccc1)c1ccccn1,"[23, 5, 51, 2, 25, 33]","[{'functional_group': 'aldehyde', 'smiles_inds': [45]}]",0.999999999999764
25,bottom,CC(C)CC1NC(=O)C2(CCC(=O)NC(CC(O)=O)C(=O)NC(CC3=CNc4ccccc34)C(=O)N2)CSCC(NC(=O)C(CCC(O)=O)NC(=O)C(CC2=CNc3ccccc23)NC1=O)C(=O)NC1CSSCC(NC(=O)C2CSCC3(CC(NC1=O)C(=O)NC(C(C)O)C(=O)NCC(=O)N3)C(=O)NC(CC(C)C)C(=O)NC(Cc1ccccc1)C(=O)NC(C)C(=O)N2)C(O)=O,"[77, 87]","[{'functional_group': 'trifluro', 'smiles_inds': [83]}, {'functional_group': 'methyl_ester', 'smiles_inds': [14]}, {'functional_group': 'hydroxyl', 'smiles_inds': [98]}]",3.330396960421761e-62
25,bottom,CC(C)CC1NC(=O)C2(CCC(=O)NC(CC(O)=O)C(=O)NC(CC3=CNc4ccccc34)C(=O)N2)CSCC(NC(=O)C(CCC(O)=O)NC(=O)C(CC2=CNc3ccccc23)NC1=O)C(=O)NC1CSSCC(NC(=O)C2CSCC3(CC(NC1=O)C(=O)NC(C(C)O)C(=O)NCC(=O)N3)C(=O)NC(CC(C)C)C(=O)NC(Cc1ccccc1)C(=O)NC(C)C(=O)N2)C(O)=O,"[77, 87]","[{'functional_group': 'bromo', 'smiles_inds': [3]}, {'functional_group': 'carboxyl', 'smiles_inds': [130]}]",5.862595318983509e-60
25,bottom,CP(CCP(C)c1c(cc(cc1C([Si](C)(C)C)[Si](C)(C)C)C([Si](C)(C)C)([Si](C)(C)C)[Si](C)(C)C)C([Si](C)(C)C)[Si](C)(C)C)c1c(cc(cc1C([Si](C)(C)C)[Si](C)(C)C)C([Si](C)(C)C)([Si](C)(C)C)[Si](C)(C)C)C([Si-](C)C)[Si](C)(C)C,"[4, 72, 1]","[{'functional_group': 'ethyl', 'smiles_inds': [0]}]",8.224958467128295e-57
25,bottom,CP(CCP(C)c1c(cc(cc1C([Si](C)(C)C)[Si](C)(C)C)C([Si](C)(C)C)([Si](C)(C)C)[Si](C)(C)C)C([Si](C)(C)C)[Si](C)(C)C)c1c(cc(cc1C([Si](C)(C)C)[Si](C)(C)C)C([Si](C)(C)C)([Si](C)(C)C)[Si](C)(C)C)C([Si-](C)C)[Si](C)(C)C,"[4, 72, 1]","[{'functional_group': 'methyl_ester', 'smiles_inds': [10]}]",4.086372291832878e-56
25,bottom,C[Si](C)(C)c1cc(cc(c1)[Si](C#CP(C#C[Si](c1cc(cc(c1)[Si](C)(C)C)[Si](C)(C)C)(c1cc(cc(c1)[Si](C)(C)C)[Si](C)(C)C)c1cc(cc(c1)[Si](C)(C)C)[Si](C)(C)C)C#C[Si](c1cc(cc(c1)[Si](C)(C)C)[Si](C)(C)C)(c1cc(cc(c1)[Si](C)(C)C)[Si](C)(C)C)c1cc(cc(c1)[Si](C)(C)C)[Si](C)(C)C)(c1cc(cc(c1)[Si](C)(C)C)[Si](C)(C)C)c1cc(cc(c1)[Si](C)(C)C)[Si](C)(C)C)[Si](C)(C)C,[13],"[{'functional_group': '2-methylbenzoic_acid', 'smiles_inds': [99]}, {'functional_group': 'carboxyllic_acid', 'smiles_inds': [74]}]",2.509788220249731e-48
25,bottom,C[Si](C)(C)C(c1cc(C([Si](C)(C)C)[Si](C)(C)C)c([Se]c2ccccc2[Se]c2ccccc2[Se]c2ccccc2[Se]c2c(cc(cc2C([Si](C)(C)C)[Si](C)(C)C)C([Si](C)(C)C)[Si](C)(C)C)C([Si](C)(C)C)[Si](C)(C)C)c(c1)C([Si](C)(C)C)[Si](C)(C)C)[Si](C)(C)C,"[25, 32]","[{'functional_group': 'carboxyl', 'smiles_inds': [48]}]",5.866683641357343e-41
25,bottom,CC(C)c1cccc(C(C)C)c1c1cc(NCCN(CCNc2cc(cc(c2)c2c(cccc2C(C)C)C(C)C)c2c(cccc2C(C)C)C(C)C)CCNc2cc(cc(c2)c2c(cccc2C(C)C)C(C)C)c2c(cccc2C(C)C)C(C)C)cc(c1)c1c(cccc1C(C)C)C(C)C,"[18, 15, 21]","[{'functional_group': 'thiol', 'smiles_inds': [84]}, {'functional_group': 'ketone', 'smiles_inds': [77]}]",1.250350191948275e-32
25,bottom,CC(C)C1NC(=O)C2CCCN2C(=O)C(NC(=O)C2CCCN2C(=O)C(NC(=O)C2CCCN2C(=O)C(NC(=O)C2CCCN2C(=O)C(NC(=O)C2CCCN2C(=O)C(NC(=O)C2CCCN2C1=O)C(C)C)C(C)C)C(C)C)C(C)C)C(C)C,"[13, 68, 35, 24, 46, 57]","[{'functional_group': 'cyano', 'smiles_inds': [73]}, {'functional_group': 'methyl_ester', 'smiles_inds': [54]}]",2.1107063728889326e-31
25,bottom,Fc1c(F)c(F)c(c(F)c1F)C1=C2NC(=C(C3=NC(=C(C4=CC=C([N-]4)C(=C4C=CC(=N4)C(=C4NC(=C(C5=NC(=C(C6=NC(=C(C7=CC=C1N7)c1c(F)c(F)c(F)c(F)c1F)C=C6)c1c(F)c(F)c(F)c(F)c1F)C=C5)c1c(F)c(F)c(F)c(F)c1F)C=C4)c1c(F)c(F)c(F)c(F)c1F)c1c(F)c(F)c(F)c(F)c1F)c1c(F)c(F)c(F)c(F)c1F)C=C3)c1c(F)c(F)c(F)c(F)c1F)C=C2,"[30, 24]","[{'functional_group': 'phenyl', 'smiles_inds': [28]}]",6.8487378792910334e-31
25,bottom,O=C1N2CN3C(=O)N4CN5C(=O)N6CN7C(=O)N8CN9C(=O)N%10CN%11C(=O)N%12CN1C1%13CCCCC21N1CN2C(=O)N(CN%14C(=O)N(CN%15C(=O)N(CN%16C(=O)N(CN%17C(=O)N(CN%13C1=O)C1%12CCCCC%11%171)C1%10CCCCC9%161)C18CCCCC7%151)C16CCCCC5%141)C14CCCCC321,"[26, 0, 6]","[{'functional_group': '2-methylbenzoic_acid', 'smiles_inds': [8]}]",7.82447146628336e-28
25,bottom,CC(C)(C)c1cc2c(OP(Oc3c2cc(cc3C(C)(C)C)C(C)(C)C)O[Si]2(O[Si]3(O[Si](OP4Oc5c(cc(cc5C(C)(C)C)C(C)(C)C)c5cc(cc(c5O4)C(C)(C)C)C(C)(C)C)(O[Si]4(O[Si](O3)(O[Si](O2)(O[Si](O4)(O[Si](C)(c2ccccc2)c2ccccc2)C2CCCC2)C2CCCC2)C2CCCC2)C2CCCC2)C2CCCC2)C2CCCC2)C2CCCC2)c(c1)C(C)(C)C,"[9, 32]","[{'functional_group': 'cyanimide', 'smiles_inds': [78]}]",9.711105688795312e-28
25,bottom,CC(C)(C)[Si](C)(C)N[Si]1(N([Si](C)(C)C(C)(C)C)[Si](N[Si](C)(C)C(C)(C)C)(N1[Si](C)(C)C(C)(C)C)C(C)(C)C)C(C)(C)C,"[7, 18]","[{'functional_group': 'aldehyde', 'smiles_inds': [0]}]",1.0836155022048406e-27
25,bottom,CC(C)c1cc(c([Ge]c2c(cc(cc2C([Si](C)(C)C)[Si](C)(C)C)C([Si](C)(C)C)[Si](C)(C)C)C([Si](C)(C)C)[Si](C)(C)C)c(c1)C(C)C)C(C)C,[7],"[{'functional_group': 'carboxylate', 'smiles_inds': [16]}, {'functional_group': 'carbonyl', 'smiles_inds': [48]}]",4.3898246089747596e-27
25,bottom,C[Si](C)(C)C(c1cc(cc(C([Si](C)(C)C)[Si](C)(C)C)c1P)C([Si](C)(C)C)([Si](C)(C)C)[Si](C)(C)C)[Si](C)(C)C,[20],"[{'functional_group': 'carboxylate', 'smiles_inds': [17]}]",6.625950644810726e-27
25,bottom,CC(C)(C)[Si](C)([Si]12[Ge][Si]1([Si](C)(C(C)(C)C)C(C)(C)C)[Si]2([Si](C)(C(C)(C)C)C(C)(C)C)[Si](C)(C(C)(C)C)C(C)(C)C)C(C)(C)C,[7],"[{'functional_group': 'hydroxyl', 'smiles_inds': [39]}, {'functional_group': 'carboxyl', 'smiles_inds': [35]}]",2.1920678393750957e-26
25,bottom,CC(C)(C)[Si](C)([Si]12[Ge][Si]1([Si](C)(C(C)(C)C)C(C)(C)C)[Si]2([Si](C)(C(C)(C)C)C(C)(C)C)[Si](C)(C(C)(C)C)C(C)(C)C)C(C)(C)C,[7],"[{'functional_group': 'cyano', 'smiles_inds': [28]}]",2.684868014016964e-26
25,bottom,CC(C)(C)[Si](C)(C)N[Si]1(N([Si](C)(C)C(C)(C)C)[Si](N[Si](C)(C)C(C)(C)C)(N1[Si](C)(C)C(C)(C)C)c1ccccc1)c1ccccc1,"[18, 7]","[{'functional_group': 'ether', 'smiles_inds': [11]}]",7.849931310599074e-26
25,bottom,CC(C)(C)C12P3P4C5(P1C1(P2C3(P1C45C(C)(C)C)C(C)(C)C)C(C)(C)C)C(C)(C)C,[6],"[{'functional_group': 'trifluro', 'smiles_inds': [21]}, {'functional_group': 'trichloro', 'smiles_inds': [29]}]",2.073325112633864e-25
25,bottom,CC(C)(C)[Si](C)(C)N[Si]1(N([Si](C)(C)C(C)(C)C)[Si](N[Si](C)(C)C(C)(C)C)(N1[Si](C)(C)C(C)(C)C)c1ccccc1)c1ccccc1,"[18, 7]","[{'functional_group': 'ethyl', 'smiles_inds': [41]}, {'functional_group': 'phenyl', 'smiles_inds': [43]}, {'functional_group': 'ethyl', 'smiles_inds': [25]}]",2.264505211486572e-25
25,bottom,C[Si](C)(C)C(c1cc(C([Si](C)(C)C)[Si](C)(C)C)c(Sc2ccccc2Sc2ccccc2[S-])c(c1)C([Si](C)(C)C)[Si](C)(C)C)[Si](C)(C)C,"[32, 25]","[{'functional_group': 'carboxyllic_acid', 'smiles_inds': [41]}]",5.586757601121055e-25
25,median,Brc1ccc2N(CC([O-])=NN=Cc3c([O-])ccc4ccccc34)C(=O)C[NH+]=C(c3ccccc3)c2c1,"[8, 14, 10]","[{'functional_group': 'bromo', 'smiles_inds': [21]}, {'functional_group': 'phenyl', 'smiles_inds': [16]}]",0.1821923255628301
25,median,C(SCC1=NC=C(N1)c1ccccc1)C1=NC=C(N1)c1ccccc1,"[1, 4, 15]",[],0.18228811442816617
25,median,[O-]c1ccccc1N=C(c1ccccc1)c1ccccn1,"[0, 20, 7]","[{'functional_group': 'ethyl', 'smiles_inds': [14]}]",0.1823350089527513
25,median,CN(C)C(c1[c-]c(C)ccc1C)C(C)(C)C,"[1, 5]",[],0.18236141899356656
25,median,Brc1ccnc2NC=Cc12,[4],[],0.18242887138597902
25,median,CCCN1C=CN=C1,[6],[],0.18243056736225022
25,median,CC(C)c1ccncc1,[6],"[{'functional_group': 'ethyl', 'smiles_inds': [0]}]",0.18247978577888851
25,median,O=C1N(Cc2ccncc2)C(=O)c2cccc3cccc1c23,[7],"[{'functional_group': 'carboxyllic_acid', 'smiles_inds': [8]}, {'functional_group': 'iodo', 'smiles_inds': [5]}, {'functional_group': 'carboxylate', 'smiles_inds': [3]}, {'functional_group': 'carboxyllic_acid', 'smiles_inds': [9]}]",0.18261173621013815
25,median,C(N1c2cc3ccccc3cc2N=C1c1cccc[c-]1)c1ccccc1,"[12, 19]","[{'functional_group': 'hydroxyl', 'smiles_inds': [16]}]",0.18266833503422653
25,median,[O-]c1ccccc1C=NC12CC3CC(CC(C3)C1)C2,"[0, 8]","[{'functional_group': 'carboxyllic_acid', 'smiles_inds': [18]}]",0.18267518460092802
25,median,C(N1C=CN([CH-]1)c1ccccn1)C1=CN(Cc2ccccc2)N=N1,"[5, 14, 23]",[],0.18267734387178253
25,median,COC(=O)C1=CC(=[C-]c2ccccc2)C(=C1)C(=O)OC,"[17, 7]",[],0.18267775395965377
25,median,C#Cc1cncc(c1)C#C,[4],"[{'functional_group': 'ethyl', 'smiles_inds': [5]}, {'functional_group': 'ketone', 'smiles_inds': [7]}]",0.18275729058018536
25,median,Fc1ccc(cc1)c1cc(cc(n1)c1ccccn1)c1ccccc1,"[12, 18]",[],0.18279288163917903
25,median,CC[NH+]1CCN(CC1)c1cc2N(C=C(C(=O)[O-])C(=O)c2cc1F)C1CC1,"[18, 16]","[{'functional_group': 'amino', 'smiles_inds': [12]}]",0.18289202788929138
25,median,CS(=O)Cc1ccccc1,[1],"[{'functional_group': '2-methylbenzoic_acid', 'smiles_inds': [5]}]",0.18291821055767488
25,median,O=N(=O)c1ccnc(c1)c1cc(ccn1)N(=O)=O,"[6, 14]","[{'functional_group': 'hydroxyl', 'smiles_inds': [5]}, {'functional_group': 'ether', 'smiles_inds': [13]}]",0.18303326089582628
25,median,CC(=O)CN,"[2, 4]","[{'functional_group': '2-methylbenzoic_acid', 'smiles_inds': [3]}, {'functional_group': 'bromo', 'smiles_inds': [0]}]",0.1830433815333949
25,median,N1N=NN=C1c1cccc(c1)C1=NN=NN1,[2],"[{'functional_group': 'carboxyl', 'smiles_inds': [7]}, {'functional_group': 'amino', 'smiles_inds': [15]}, {'functional_group': 'methyl_ester', 'smiles_inds': [8]}]",0.18312098747400898
25,median,CN(C)c1ccc(C=O)cc1,[8],[],0.18314713897077503
25,top,[nH+]1cc[nH+]c2c1c1cccnc1c1ncccc21,"[13, 10]","[{'functional_group': 'carboxylate', 'smiles_inds': [14]}, {'functional_group': 'aldehyde', 'smiles_inds': [16]}, {'functional_group': 'methyl', 'smiles_inds': [3]}, {'functional_group': 'carboxylate', 'smiles_inds': [15]}, {'functional_group': 'phenyl', 'smiles_inds': [2]}, {'functional_group': 'carboxyllic_acid', 'smiles_inds': [7]}, {'functional_group': 'aldehyde', 'smiles_inds': [0]}, {'functional_group': 'carboxylate', 'smiles_inds': [9]}, {'functional_group': 'carboxyl', 'smiles_inds': [8]}]",0.9999999999555487
25,top,[nH+]1cc[nH+]c2c1c1cccnc1c1ncccc21,"[13, 10]","[{'functional_group': 'carboxylate', 'smiles_inds': [14]}, {'functional_group': 'aldehyde', 'smiles_inds': [16]}, {'functional_group': 'methyl', 'smiles_inds': [3]}, {'functional_group': 'carboxylate', 'smiles_inds': [15]}, {'functional_group': 'phenyl', 'smiles_inds': [2]}, {'functional_group': 'carboxyllic_acid', 'smiles_inds': [7]}, {'functional_group': 'aldehyde', 'smiles_inds': [0]}, {'functional_group': 'carboxylate', 'smiles_inds': [9]}, {'functional_group': 'ethyl_ester', 'smiles_inds': [8]}]",0.9999999999581237
25,top,[nH+]1cc[nH+]c2c1c1cccnc1c1ncccc21,"[13, 10]","[{'functional_group': 'carboxylate', 'smiles_inds': [14]}, {'functional_group': 'aldehyde', 'smiles_inds': [16]}, {'functional_group': 'methyl', 'smiles_inds': [3]}, {'functional_group': 'carboxylate', 'smiles_inds': [15]}, {'functional_group': 'phenyl', 'smiles_inds': [2]}, {'functional_group': 'carboxyllic_acid', 'smiles_inds': [7]}, {'functional_group': 'aldehyde', 'smiles_inds': [0]}, {'functional_group': 'methyl', 'smiles_inds': [1]}, {'functional_group': 'amino', 'smiles_inds': [8]}]",0.9999999999600591
25,top,[nH+]1cc[nH+]c2c1c1cccnc1c1ncccc21,"[13, 10]","[{'functional_group': 'carboxylate', 'smiles_inds': [14]}, {'functional_group': 'aldehyde', 'smiles_inds': [16]}, {'functional_group': 'amino', 'smiles_inds': [7]}, {'functional_group': 'amino', 'smiles_inds': [8]}, {'functional_group': 'aldehyde', 'smiles_inds': [15]}, {'functional_group': 'amino', 'smiles_inds': [2]}, {'functional_group': 'aldehyde', 'smiles_inds': [0]}, {'functional_group': 'carboxylate', 'smiles_inds': [3]}, {'functional_group': 'phosphonate', 'smiles_inds': [1]}, {'functional_group': 'amino', 'smiles_inds': [9]}]",0.9999999999601223
25,top,[nH+]1cc[nH+]c2c1c1cccnc1c1ncccc21,"[13, 10]","[{'functional_group': 'carboxylate', 'smiles_inds': [14]}, {'functional_group': 'aldehyde', 'smiles_inds': [16]}, {'functional_group': 'methyl', 'smiles_inds': [3]}, {'functional_group': 'carboxylate', 'smiles_inds': [15]}, {'functional_group': 'phenyl', 'smiles_inds': [2]}, {'functional_group': 'carboxyllic_acid', 'smiles_inds': [7]}, {'functional_group': 'aldehyde', 'smiles_inds': [0]}, {'functional_group': 'thiol', 'smiles_inds': [9]}, {'functional_group': 'phenyl', 'smiles_inds': [1]}, {'functional_group': 'aldehyde', 'smiles_inds': [8]}]",0.9999999999682074
25,top,[nH+]1cc[nH+]c2c1c1cccnc1c1ncccc21,"[13, 10]","[{'functional_group': 'carboxylate', 'smiles_inds': [14]}, {'functional_group': 'aldehyde', 'smiles_inds': [16]}, {'functional_group': 'amino', 'smiles_inds': [7]}, {'functional_group': 'amino', 'smiles_inds': [8]}, {'functional_group': 'aldehyde', 'smiles_inds': [15]}, {'functional_group': 'amino', 'smiles_inds': [2]}, {'functional_group': 'aldehyde', 'smiles_inds': [0]}, {'functional_group': 'carboxylate', 'smiles_inds': [3]}, {'functional_group': 'ketone', 'smiles_inds': [9]}, {'functional_group': 'methyl', 'smiles_inds': [1]}]",0.999999999971847
25,top,[nH+]1cc[nH+]c2c1c1cccnc1c1ncccc21,"[13, 10]","[{'functional_group': 'carboxylate', 'smiles_inds': [14]}, {'functional_group': 'aldehyde', 'smiles_inds': [16]}, {'functional_group': 'amino', 'smiles_inds': [7]}, {'functional_group': 'amino', 'smiles_inds': [8]}, {'functional_group': 'aldehyde', 'smiles_inds': [15]}, {'functional_group': 'amino', 'smiles_inds': [2]}, {'functional_group': 'methyl', 'smiles_inds': [0]}, {'functional_group': 'amino', 'smiles_inds': [1]}, {'functional_group': 'thiol', 'smiles_inds': [3]}, {'functional_group': 'carboxylate', 'smiles_inds': [9]}]",0.9999999999774076
25,top,[nH+]1cc[nH+]c2c1c1cccnc1c1ncccc21,"[13, 10]","[{'functional_group': 'carboxylate', 'smiles_inds': [8]}, {'functional_group': 'aldehyde', 'smiles_inds': [3]}, {'functional_group': 'chloro', 'smiles_inds': [15]}, {'functional_group': 'aldehyde', 'smiles_inds': [16]}, {'functional_group': 'amino', 'smiles_inds': [2]}, {'functional_group': 'iodo', 'smiles_inds': [14]}, {'functional_group': 'aldehyde', 'smiles_inds': [7]}, {'functional_group': 'amino', 'smiles_inds': [9]}]",0.9999999999775511
25,top,[nH+]1cc[nH+]c2c1c1cccnc1c1ncccc21,"[13, 10]","[{'functional_group': 'carboxylate', 'smiles_inds': [14]}, {'functional_group': 'aldehyde', 'smiles_inds': [16]}, {'functional_group': 'amino', 'smiles_inds': [7]}, {'functional_group': 'amino', 'smiles_inds': [8]}, {'functional_group': 'aldehyde', 'smiles_inds': [15]}, {'functional_group': 'amino', 'smiles_inds': [2]}, {'functional_group': 'aldehyde', 'smiles_inds': [0]}, {'functional_group': 'carboxylate', 'smiles_inds': [3]}, {'functional_group': 'ketone', 'smiles_inds': [9]}, {'functional_group': 'amino', 'smiles_inds': [1]}]",0.9999999999792932
25,top,[nH+]1cc[nH+]c2c1c1cccnc1c1ncccc21,"[13, 10]","[{'functional_group': 'carboxylate', 'smiles_inds': [14]}, {'functional_group': 'aldehyde', 'smiles_inds': [16]}, {'functional_group': 'amino', 'smiles_inds': [7]}, {'functional_group': 'amino', 'smiles_inds': [8]}, {'functional_group': 'aldehyde', 'smiles_inds': [15]}, {'functional_group': 'amino', 'smiles_inds': [2]}, {'functional_group': 'aldehyde', 'smiles_inds': [0]}, {'functional_group': 'carboxylate', 'smiles_inds': [3]}, {'functional_group': 'aldehyde', 'smiles_inds': [9]}]",0.9999999999837268
25,top,[nH+]1cc[nH+]c2c1c1cccnc1c1ncccc21,"[13, 10]","[{'functional_group': 'carboxylate', 'smiles_inds': [14]}, {'functional_group': 'aldehyde', 'smiles_inds': [16]}, {'functional_group': 'amino', 'smiles_inds': [7]}, {'functional_group': 'amino', 'smiles_inds': [8]}, {'functional_group': 'aldehyde', 'smiles_inds': [15]}, {'functional_group': 'amino', 'smiles_inds': [2]}, {'functional_group': 'aldehyde', 'smiles_inds': [0]}, {'functional_group': 'carboxylate', 'smiles_inds': [3]}, {'functional_group': 'methyl', 'smiles_inds': [1]}]",0.9999999999855991
25,top,[nH+]1cc[nH+]c2c1c1cccnc1c1ncccc21,"[13, 10]","[{'functional_group': 'carboxylate', 'smiles_inds': [14]}, {'functional_group': 'aldehyde', 'smiles_inds': [16]}, {'functional_group': 'methyl', 'smiles_inds': [3]}, {'functional_group': 'carboxylate', 'smiles_inds': [15]}, {'functional_group': 'phenyl', 'smiles_inds': [2]}, {'functional_group': 'phenyl', 'smiles_inds': [1]}, {'functional_group': '2-hydroxypyridine', 'smiles_inds': [9]}, {'functional_group': 'ethyl_ester', 'smiles_inds': [8]}, {'functional_group': 'carboxylate', 'smiles_inds': [7]}]",0.9999999999870774
25,top,[nH+]1cc[nH+]c2c1c1cccnc1c1ncccc21,"[13, 10]","[{'functional_group': 'carboxylate', 'smiles_inds': [8]}, {'functional_group': 'aldehyde', 'smiles_inds': [3]}, {'functional_group': 'chloro', 'smiles_inds': [15]}, {'functional_group': 'aldehyde', 'smiles_inds': [16]}, {'functional_group': 'amino', 'smiles_inds': [2]}, {'functional_group': 'iodo', 'smiles_inds': [14]}, {'functional_group': 'aldehyde', 'smiles_inds': [7]}, {'functional_group': 'carboxylate', 'smiles_inds': [9]}, {'functional_group': 'thiol', 'smiles_inds': [0]}]",0.9999999999902749
25,top,c1cc(nc(c1)C1=NN=N[N-]1)C1=NN=N[N-]1,"[10, 3, 15]","[{'functional_group': 'ether', 'smiles_inds': [5]}, {'functional_group': 'carbonyl', 'smiles_inds': [0]}, {'functional_group': 'aldehyde', 'smiles_inds': [1]}]",0.999999999991328
25,top,[nH+]1cc[nH+]c2c1c1cccnc1c1ncccc21,"[13, 10]","[{'functional_group': 'carboxylate', 'smiles_inds': [14]}, {'functional_group': 'aldehyde', 'smiles_inds': [16]}, {'functional_group': 'methyl', 'smiles_inds': [3]}, {'functional_group': 'carboxylate', 'smiles_inds': [15]}, {'functional_group': 'phenyl', 'smiles_inds': [2]}, {'functional_group': 'carboxyllic_acid', 'smiles_inds': [7]}, {'functional_group': 'aldehyde', 'smiles_inds': [0]}, {'functional_group': 'carboxylate', 'smiles_inds': [9]}, {'functional_group': 'carboxyl', 'smiles_inds': [8]}, {'functional_group': 'aldehyde', 'smiles_inds': [1]}]",0.9999999999915758
25,top,[nH+]1cc[nH+]c2c1c1cccnc1c1ncccc21,"[13, 10]","[{'functional_group': 'carboxylate', 'smiles_inds': [14]}, {'functional_group': 'aldehyde', 'smiles_inds': [16]}, {'functional_group': 'methyl', 'smiles_inds': [3]}, {'functional_group': 'carboxylate', 'smiles_inds': [15]}, {'functional_group': 'phenyl', 'smiles_inds': [2]}, {'functional_group': 'carboxyllic_acid', 'smiles_inds': [7]}, {'functional_group': 'amino', 'smiles_inds': [1]}, {'functional_group': 'carboxyl', 'smiles_inds': [8]}, {'functional_group': 'amino', 'smiles_inds': [0]}, {'functional_group': 'carboxylate', 'smiles_inds': [9]}]",0.9999999999919262
25,top,[nH+]1cc[nH+]c2c1c1cccnc1c1ncccc21,"[13, 10]","[{'functional_group': 'carboxylate', 'smiles_inds': [14]}, {'functional_group': 'aldehyde', 'smiles_inds': [16]}, {'functional_group': 'amino', 'smiles_inds': [7]}, {'functional_group': 'amino', 'smiles_inds': [8]}, {'functional_group': 'aldehyde', 'smiles_inds': [15]}, {'functional_group': 'amino', 'smiles_inds': [2]}, {'functional_group': 'aldehyde', 'smiles_inds': [0]}, {'functional_group': 'carboxylate', 'smiles_inds': [3]}, {'functional_group': 'carboxylate', 'smiles_inds': [9]}]",0.99999999999277
25,top,[nH+]1cc[nH+]c2c1c1cccnc1c1ncccc21,"[13, 10]","[{'functional_group': 'carboxylate', 'smiles_inds': [14]}, {'functional_group': 'aldehyde', 'smiles_inds': [16]}, {'functional_group': 'methyl', 'smiles_inds': [3]}, {'functional_group': 'carboxylate', 'smiles_inds': [15]}, {'functional_group': 'phenyl', 'smiles_inds': [2]}, {'functional_group': 'carboxyllic_acid', 'smiles_inds': [7]}, {'functional_group': 'amino', 'smiles_inds': [1]}, {'functional_group': 'chloro', 'smiles_inds': [0]}, {'functional_group': 'aldehyde', 'smiles_inds': [8]}]",0.9999999999959532
25,top,[nH+]1cc[nH+]c2c1c1cccnc1c1ncccc21,"[13, 10]","[{'functional_group': 'carboxylate', 'smiles_inds': [14]}, {'functional_group': 'aldehyde', 'smiles_inds': [16]}, {'functional_group': 'methyl', 'smiles_inds': [3]}, {'functional_group': 'carboxylate', 'smiles_inds': [15]}, {'functional_group': 'phenyl', 'smiles_inds': [2]}, {'functional_group': 'carboxyllic_acid', 'smiles_inds': [7]}, {'functional_group': 'ethyl_ester', 'smiles_inds': [9]}, {'functional_group': 'thiol', 'smiles_inds': [1]}, {'functional_group': 'carboxylate', 'smiles_inds': [8]}]",0.9999999999976263
25,top,[nH+]1cc[nH+]c2c1c1cccnc1c1ncccc21,"[13, 10]","[{'functional_group': 'carboxylate', 'smiles_inds': [14]}, {'functional_group': 'aldehyde', 'smiles_inds': [16]}, {'functional_group': 'methyl', 'smiles_inds': [3]}, {'functional_group': 'carboxylate', 'smiles_inds': [15]}, {'functional_group': 'phenyl', 'smiles_inds': [2]}, {'functional_group': 'carboxyllic_acid', 'smiles_inds': [7]}, {'functional_group': 'amino', 'smiles_inds': [1]}, {'functional_group': 'chloro', 'smiles_inds': [0]}, {'functional_group': 'carboxylate', 'smiles_inds': [8]}]",0.9999999999990665
26,bottom,C[Si](C)(C)c1cc(cc(c1)[Si](C#CP(C#C[Si](c1cc(cc(c1)[Si](C)(C)C)[Si](C)(C)C)(c1cc(cc(c1)[Si](C)(C)C)[Si](C)(C)C)c1cc(cc(c1)[Si](C)(C)C)[Si](C)(C)C)C#C[Si](c1cc(cc(c1)[Si](C)(C)C)[Si](C)(C)C)(c1cc(cc(c1)[Si](C)(C)C)[Si](C)(C)C)c1cc(cc(c1)[Si](C)(C)C)[Si](C)(C)C)(c1cc(cc(c1)[Si](C)(C)C)[Si](C)(C)C)c1cc(cc(c1)[Si](C)(C)C)[Si](C)(C)C)[Si](C)(C)C,[13],"[{'functional_group': 'ethyl', 'smiles_inds': [28]}]",2.48812959863504e-44
26,bottom,CCCCCC1c2cc3C(CCCCC)c4cc5C(CCCCC)c6cc7C(CCCCC)c8cc1c1OCOc2cc3OCOc4c(P(c2ccccc2)c2ccccc2)c5OCOc6cc7OCOc8c1OCc1cccc(COc2c3OCOc4cc5OCOc6c7cc8C(CCCCC)c9cc%10C(CCCCC)c(cc3C(CCCCC)c4cc5C7CCCCC)c2OCOc%10cc9OCOc8c6P(c2ccccc2)c2ccccc2)c1,"[48, 142]","[{'functional_group': 'carbonyl', 'smiles_inds': [53]}]",6.730332918077528e-39
26,bottom,Cc1cc(c2ccc(cc2)N(c2ccccc2)c2ccccc2)c(N=C(C)C(C)=Nc2c(cc(C)cc2c2ccc(cc2)N(c2ccccc2)c2ccccc2)c2ccc(cc2)N(c2ccccc2)c2ccccc2)c(c1)c1ccc(cc1)N(c1ccccc1)c1ccccc1,"[24, 29]",[],1.1185686727233845e-32
26,bottom,C1CCN(C1)P(=Nc1ccc2ccccc2c1c1c(ccc2ccccc12)N=P(N=P(N1CCCC1)(N1CCCC1)N1CCCC1)(N1CCCC1)N1CCCC1)(N=P(N1CCCC1)(N1CCCC1)N1CCCC1)N1CCCC1,"[6, 27]","[{'functional_group': 'amide', 'smiles_inds': [33]}]",3.3420176724287155e-32
26,bottom,CC12N3CN4C5C6N(CN7C8C9N(CN%10C(=O)N%11CN%12C%13C%14N(CN%15C%16C%17N(CN(C3=O)C1(C)N1CN%17C(=O)N%16CN%14C(=O)N%13CN3C(=O)N(CN9C(=O)N8CN6C(=O)N5CN2C1=O)C%10(C)C%113C)C%15=O)C%12=O)C7=O)C4=O,"[71, 16, 73]","[{'functional_group': 'trifluro', 'smiles_inds': [55]}]",7.803468961965023e-32
26,bottom,CC(C)c1cccc(C(C)C)c1c1cc(NCCN(CCNc2cc(cc(c2)c2c(cccc2C(C)C)C(C)C)c2c(cccc2C(C)C)C(C)C)CCNc2cc(cc(c2)c2c(cccc2C(C)C)C(C)C)c2c(cccc2C(C)C)C(C)C)cc(c1)c1c(cccc1C(C)C)C(C)C,"[18, 15, 21]",[],1.6463575328130473e-31
26,bottom,C1CCN(C1)P(=Nc1ccc2ccccc2c1c1c(ccc2ccccc12)N=P(N=P(N1CCCC1)(N1CCCC1)N1CCCC1)(N1CCCC1)N1CCCC1)(N=P(N1CCCC1)(N1CCCC1)N1CCCC1)N1CCCC1,"[6, 27]","[{'functional_group': 'fluoro', 'smiles_inds': [76]}, {'functional_group': 'carboxylate', 'smiles_inds': [44]}]",9.313622611969198e-30
26,bottom,CC(C)(C)[Si](C)(C)N[Si]1(N([Si](C)(C)C(C)(C)C)[Si](N[Si](C)(C)C(C)(C)C)(N1[Si](C)(C)C(C)(C)C)C(C)(C)C)C(C)(C)C,"[7, 18]","[{'functional_group': 'ethyl_ester', 'smiles_inds': [28]}]",1.6433823033175388e-28
26,bottom,C[Si](C)(C)[Si]1([Sb][Si]([Si](C)(C)C)([Si](C)(C)[Si]1(C)C)[Si]([Si](C)(C)C)([Si](C)(C)C)[Si](C)(C)C)[Si](C)(C)C,[5],"[{'functional_group': 'chloro', 'smiles_inds': [27]}]",2.5958349553994393e-28
26,bottom,CC(C)(C)C12P3P4C5(P1C1(P2C3(P1C45C(C)(C)C)C(C)(C)C)C(C)(C)C)C(C)(C)C,[6],"[{'functional_group': 'carbonyl', 'smiles_inds': [15]}, {'functional_group': 'cyano', 'smiles_inds': [20]}]",3.283983914676342e-28
26,bottom,CC(C)(C)C12P(Cc3ccccc3)P3C4(P(Cc5ccccc5)P1C1(P2C3(P41)C(C)(C)C)C(C)(C)C)C(C)(C)C,"[5, 15]","[{'functional_group': 'trichloro', 'smiles_inds': [33]}]",3.106863116257802e-27
26,bottom,Fc1c(F)c(F)c(c(F)c1F)C1=C2NC(=C(C3=CC=C(N3)C(=C(C3=NC(=C(C4=CC=C([N-]4)C(=C4C=CC(=N4)C4=CC=C1N4)c1c(F)c(F)c(F)c(F)c1F)c1c(F)c(F)c(F)c(F)c1F)C=C3)c1c(F)c(F)c(F)c(F)c1F)c1c(F)c(F)c(F)c(F)c1F)c1c(F)c(F)c(F)c(F)c1F)C=C2,"[37, 31, 24]","[{'functional_group': 'cyanimide', 'smiles_inds': [17]}, {'functional_group': '2-methylbenzoic_acid', 'smiles_inds': [40]}]",5.9350906023870824e-27
26,bottom,CP1P2C3(P(C)P4C1(P1C2(P3C41C(C)(C)C)C(C)(C)C)C(C)(C)C)C(C)(C)C,"[4, 1]","[{'functional_group': 'cyanimide', 'smiles_inds': [23]}]",1.7863378226588616e-25
26,bottom,CC(C)(C)C12P(CC=C)P3C4(P(CC=C)P1C1(P2C3(P41)C(C)(C)C)C(C)(C)C)C(C)(C)C,"[11, 5]","[{'functional_group': '2-methylbenzoic_acid', 'smiles_inds': [3]}]",3.804524784757205e-25
26,bottom,c1ccc(cc1)N(c1ccccc1)c1ccc(cc1)P(c1ccc(cc1)N(c1ccccc1)c1ccccc1)c1ccc(cc1)N(c1ccccc1)c1ccccc1,[19],"[{'functional_group': '2-methylbenzoic_acid', 'smiles_inds': [18]}]",3.825990336485084e-25
26,bottom,CC(C)(C)C12P(CC=C)P3C4(P(CC=C)P1C1(P2C3(P41)C(C)(C)C)C(C)(C)C)C(C)(C)C,"[11, 5]","[{'functional_group': 'ethyl_ester', 'smiles_inds': [8]}, {'functional_group': 'phosphonate', 'smiles_inds': [25]}]",4.921056893130476e-25
26,bottom,CC(C)(C)[Si](C)(C)N[Si]1(N([Si](C)(C)C(C)(C)C)[Si](N[Si](C)(C)C(C)(C)C)(N1[Si](C)(C)C(C)(C)C)c1ccccc1)c1ccccc1,"[18, 7]",[],6.295832256136178e-25
26,bottom,CCC1c2cc3C(CC)c4cc5C(CC)c6cc7C(CC)c8cc1c1Oc9cc(NC(=O)CC)c(NC(=O)CC)cc9Oc2cc3Oc2cc(NC(=O)CC)c(NC(=O)CC)cc2Oc4cc5Oc2cc3NC(=Nc3cc2Oc6cc7Oc2cc(NC(=O)CC)c(NC(=O)CC)cc2Oc8c1)c1cc(nc(c1)c1ccccn1)c1ccccn1,"[112, 104, 118]","[{'functional_group': 'ether', 'smiles_inds': [40]}, {'functional_group': 'carboxyllic_acid', 'smiles_inds': [19]}]",1.3800772010697944e-24
26,bottom,CC(C)c1cc(cc(c1)C(C(=O)Nc1cccc(NC(=O)C(c2cc(cc(c2)C(C)C)C(C)C)(c2cc(cc(c2)C(C)C)C(C)C)c2cc(cc(c2)C(C)C)C(C)C)c1[S-])(c1cc(cc(c1)C(C)C)C(C)C)c1cc(cc(c1)C(C)C)C(C)C)C(C)C,"[59, 11]","[{'functional_group': 'carboxyl', 'smiles_inds': [71]}]",1.85830293282021e-24
26,bottom,Cc1ccc(cc1)C(=O)N1C2CCCCC2N(C2C1c1ccccc1OP(Oc1ccccc21)c1ccccc1P1Oc2ccccc2C2C(N(C3CCCCC3N2C(=O)c2ccc(C)cc2)C(=O)c2ccc(C)cc2)c2ccccc2O1)C(=O)c1ccc(C)cc1,"[26, 40]","[{'functional_group': 'ketone', 'smiles_inds': [20]}, {'functional_group': 'carboxyllic_acid', 'smiles_inds': [30]}]",2.1140086823992162e-24
26,median,FC(F)(F)c1ccc(C(=O)[N-]S(=O)(=O)C2=Nc3ccccc3S2)c(c1)C(=[C-]c1ccccc1)c1ccccc1,"[26, 10, 15]",[],0.18369415791297514
26,median,Fc1cc2C(=O)C(=CN(C3CC3)c2cc1N1CC[NH2+]CC1)C(=O)[O-],"[23, 5]","[{'functional_group': 'tribromo', 'smiles_inds': [2]}, {'functional_group': 'phosphonate', 'smiles_inds': [10]}, {'functional_group': 'fluoro', 'smiles_inds': [13]}, {'functional_group': 'aldehyde', 'smiles_inds': [9]}, {'functional_group': 'methyl', 'smiles_inds': [7]}, {'functional_group': 'aldehyde', 'smiles_inds': [18]}, {'functional_group': 'phosphonate', 'smiles_inds': [19]}]",0.18373423555924198
26,median,CC(C)(C)c1ccnc(c1)C1=NNC=C1,"[11, 7]","[{'functional_group': 'carboxyl', 'smiles_inds': [2]}, {'functional_group': 'ketone', 'smiles_inds': [5]}]",0.18378202224495457
26,median,COc1ccc(cc1)N=C(c1ccc(OC)cc1)c1ccc(OC)c[c-]1,"[8, 25]",[],0.18383433581946101
26,median,[S-]C1=C(NC(=C1[S-])c1cc[nH+]cc1)c1cc[nH+]cc1,"[6, 0]","[{'functional_group': 'cyanimide', 'smiles_inds': [8]}, {'functional_group': 'ethyl', 'smiles_inds': [14]}]",0.18391288203988282
26,median,CC(C)(C)SCc1cccc(CSC(C)(C)C)[c-]1,"[4, 17, 12]",[],0.18393508159318903
26,median,C(SCc1ccc2ccccc2[c-]1)c1cccc[c-]1,"[1, 18, 12]",[],0.18400455638117755
26,median,Cc1cccc(n1)C1=NN(C=C)C(=C1)C(C)(C)C,"[9, 8]",[],0.18410516368267574
26,median,Fc1cc2C(=O)C(=CN(C3CC3)c2cc1N1CC[NH2+]CC1)C(=O)[O-],"[23, 5]","[{'functional_group': 'amide', 'smiles_inds': [2]}]",0.1841530503977834
26,median,COC(=[C-]c1cccc2cccnc12)c1ccccc1[S-],"[12, 20, 3]",[],0.18418485320594977
26,median,CCC(=N)NC(C)=O,[3],"[{'functional_group': 'fluoro', 'smiles_inds': [1]}, {'functional_group': 'bromo', 'smiles_inds': [4]}, {'functional_group': 'aldehyde', 'smiles_inds': [0]}]",0.18419502861408538
26,median,CC(C)(C)OC([O-])=NC=CC[CH2-],"[6, 7, 11]",[],0.184233249491532
26,median,O=N(=O)c1cc(C=NCCCNCCNCCCN=Cc2cc(cc(c2[O-])N(=O)=O)N(=O)=O)c([O-])c(c1)N(=O)=O,"[26, 34, 14, 18, 7, 11]","[{'functional_group': 'amide', 'smiles_inds': [12]}, {'functional_group': '2-hydroxypyridine', 'smiles_inds': [21]}]",0.18424728110700775
26,median,O=C(c1ccccc1)c1ccc(cc1)N1C=CC(=N1)N1C=CC=N1,"[23, 18]","[{'functional_group': 'carboxylate', 'smiles_inds': [12]}, {'functional_group': 'carboxylate', 'smiles_inds': [7]}]",0.18433690887643406
26,median,Cc1ccc(NC(=O)Nc2cccc[c-]2)cc1,"[7, 14]","[{'functional_group': 'amino', 'smiles_inds': [16]}, {'functional_group': 'ethyl', 'smiles_inds': [8]}]",0.18438842980559034
26,median,Nc1[nH+]c(CN2CCN(CCN(CCN(CC2)Cc2cccc(N)n2)Cc2cccc(N)n2)Cc2cccc(N)n2)ccc1,"[14, 5, 8, 11, 24, 40]","[{'functional_group': 'phenyl', 'smiles_inds': [23]}]",0.1844038595635639
26,median,N1C=C(C=N1)C1=NC(=NN1)c1ccncc1,[4],"[{'functional_group': 'iodo', 'smiles_inds': [9]}, {'functional_group': 'bromo', 'smiles_inds': [11]}, {'functional_group': 'tribromo', 'smiles_inds': [14]}, {'functional_group': 'fluoro', 'smiles_inds': [3]}]",0.18441302782655422
26,median,CC1=[C-]N(c2ncccn2)c2ccccc12,"[3, 2]","[{'functional_group': 'phenyl', 'smiles_inds': [7]}, {'functional_group': 'carboxyl', 'smiles_inds': [8]}]",0.18444699029113565
26,median,Clc1ccc([O-])c(c1)N=C(c1ccccc1)c1ccccn1,"[5, 8, 21]",[],0.18445691535696515
26,median,CNc1ccccc1,[1],[],0.18452870053112574
26,top,c1cc(nc(c1)C1=NN=N[N-]1)C1=NN=N[N-]1,"[10, 3, 15]","[{'functional_group': 'chloro', 'smiles_inds': [0]}, {'functional_group': 'aldehyde', 'smiles_inds': [1]}]",0.9999999999861884
26,top,c1cc(nc(c1)C1=NN=N[N-]1)C1=NN=N[N-]1,"[10, 3, 15]","[{'functional_group': 'ethyl', 'smiles_inds': [0]}, {'functional_group': 'aldehyde', 'smiles_inds': [5]}]",0.9999999999885296
26,top,[nH+]1cc[nH+]c2c1c1cccnc1c1ncccc21,"[13, 10]","[{'functional_group': 'carboxylate', 'smiles_inds': [8]}, {'functional_group': 'aldehyde', 'smiles_inds': [3]}, {'functional_group': 'chloro', 'smiles_inds': [15]}, {'functional_group': 'aldehyde', 'smiles_inds': [0]}, {'functional_group': 'aldehyde', 'smiles_inds': [7]}, {'functional_group': 'aldehyde', 'smiles_inds': [16]}, {'functional_group': 'amino', 'smiles_inds': [2]}]",0.9999999999890932
26,top,[nH+]1cc[nH+]c2c1c1cccnc1c1ncccc21,"[13, 10]","[{'functional_group': 'carboxylate', 'smiles_inds': [8]}, {'functional_group': 'aldehyde', 'smiles_inds': [3]}, {'functional_group': 'chloro', 'smiles_inds': [15]}, {'functional_group': 'aldehyde', 'smiles_inds': [0]}, {'functional_group': 'aldehyde', 'smiles_inds': [7]}, {'functional_group': 'aldehyde', 'smiles_inds': [16]}, {'functional_group': '2-hydroxypyridine', 'smiles_inds': [9]}, {'functional_group': 'phosphonate', 'smiles_inds': [2]}]",0.9999999999901399
26,top,[nH+]1cc[nH+]c2c1c1cccnc1c1ncccc21,"[13, 10]","[{'functional_group': 'carboxylate', 'smiles_inds': [14]}, {'functional_group': 'aldehyde', 'smiles_inds': [16]}, {'functional_group': 'amino', 'smiles_inds': [7]}, {'functional_group': 'amino', 'smiles_inds': [8]}, {'functional_group': 'aldehyde', 'smiles_inds': [15]}, {'functional_group': 'amino', 'smiles_inds': [2]}, {'functional_group': 'aldehyde', 'smiles_inds': [0]}, {'functional_group': 'carboxylate', 'smiles_inds': [3]}, {'functional_group': 'ketone', 'smiles_inds': [9]}, {'functional_group': 'aldehyde', 'smiles_inds': [1]}]",0.9999999999910245
26,top,[nH+]1cc[nH+]c2c1c1cccnc1c1ncccc21,"[13, 10]","[{'functional_group': 'carboxylate', 'smiles_inds': [14]}, {'functional_group': 'aldehyde', 'smiles_inds': [16]}, {'functional_group': 'amino', 'smiles_inds': [7]}, {'functional_group': 'amino', 'smiles_inds': [8]}, {'functional_group': 'aldehyde', 'smiles_inds': [15]}, {'functional_group': 'amino', 'smiles_inds': [2]}, {'functional_group': 'methyl', 'smiles_inds': [0]}, {'functional_group': 'methyl', 'smiles_inds': [3]}, {'functional_group': 'amino', 'smiles_inds': [1]}, {'functional_group': 'carboxylate', 'smiles_inds': [9]}]",0.9999999999916964
26,top,[nH+]1cc[nH+]c2c1c1cccnc1c1ncccc21,"[13, 10]","[{'functional_group': 'carboxylate', 'smiles_inds': [14]}, {'functional_group': 'aldehyde', 'smiles_inds': [16]}, {'functional_group': 'methyl', 'smiles_inds': [3]}, {'functional_group': 'carboxylate', 'smiles_inds': [15]}, {'functional_group': 'phenyl', 'smiles_inds': [2]}, {'functional_group': 'carboxyllic_acid', 'smiles_inds': [7]}, {'functional_group': 'aldehyde', 'smiles_inds': [0]}, {'functional_group': 'carboxylate', 'smiles_inds': [9]}, {'functional_group': 'ketone', 'smiles_inds': [8]}]",0.9999999999933493
26,top,CCOC(=O)C1=C2[N-]C(=C1C(=O)OCC)c1ccc3ccc4ccc(nc4c3n1)C1=C(C(=O)OCC)C(=C([N-]1)c1ccc3ccc4ccc2nc4c3n1)C(=O)OCC,"[7, 49, 52, 38, 25, 28]","[{'functional_group': 'carboxylate', 'smiles_inds': [47]}, {'functional_group': 'phenyl', 'smiles_inds': [20]}]",0.9999999999935412
26,top,[nH+]1cc[nH+]c2c1c1cccnc1c1ncccc21,"[13, 10]","[{'functional_group': 'carboxylate', 'smiles_inds': [14]}, {'functional_group': 'aldehyde', 'smiles_inds': [16]}, {'functional_group': 'amino', 'smiles_inds': [7]}, {'functional_group': 'amino', 'smiles_inds': [8]}, {'functional_group': 'aldehyde', 'smiles_inds': [15]}, {'functional_group': 'amino', 'smiles_inds': [2]}, {'functional_group': 'cyano', 'smiles_inds': [0]}, {'functional_group': 'cyano', 'smiles_inds': [3]}, {'functional_group': 'carboxylate', 'smiles_inds': [9]}]",0.9999999999946547
26,top,[nH+]1cc[nH+]c2c1c1cccnc1c1ncccc21,"[13, 10]","[{'functional_group': 'carboxylate', 'smiles_inds': [14]}, {'functional_group': 'aldehyde', 'smiles_inds': [16]}, {'functional_group': 'amino', 'smiles_inds': [7]}, {'functional_group': 'amino', 'smiles_inds': [8]}, {'functional_group': 'aldehyde', 'smiles_inds': [15]}, {'functional_group': 'amino', 'smiles_inds': [2]}, {'functional_group': 'cyano', 'smiles_inds': [0]}, {'functional_group': 'cyano', 'smiles_inds': [3]}, {'functional_group': 'methyl', 'smiles_inds': [1]}, {'functional_group': 'amino', 'smiles_inds': [9]}]",0.9999999999959979
26,top,[nH+]1cc[nH+]c2c1c1cccnc1c1ncccc21,"[13, 10]","[{'functional_group': 'carboxylate', 'smiles_inds': [14]}, {'functional_group': 'aldehyde', 'smiles_inds': [16]}, {'functional_group': 'methyl', 'smiles_inds': [3]}, {'functional_group': 'carboxylate', 'smiles_inds': [15]}, {'functional_group': 'phenyl', 'smiles_inds': [2]}, {'functional_group': 'carboxyllic_acid', 'smiles_inds': [7]}, {'functional_group': 'aldehyde', 'smiles_inds': [0]}, {'functional_group': 'carboxylate', 'smiles_inds': [9]}, {'functional_group': 'amino', 'smiles_inds': [8]}]",0.9999999999961027
26,top,CC(C(=O)[N-]CCN)(C(=O)[N-]CCN)C(=O)[N-]CCN,"[7, 4, 13, 10, 19, 16]",[],0.9999999999968001
26,top,[nH+]1cc[nH+]c2c1c1cccnc1c1ncccc21,"[13, 10]","[{'functional_group': 'carboxylate', 'smiles_inds': [14]}, {'functional_group': 'aldehyde', 'smiles_inds': [16]}, {'functional_group': 'amino', 'smiles_inds': [7]}, {'functional_group': 'amino', 'smiles_inds': [8]}, {'functional_group': 'aldehyde', 'smiles_inds': [15]}, {'functional_group': 'amino', 'smiles_inds': [2]}, {'functional_group': 'aldehyde', 'smiles_inds': [0]}, {'functional_group': 'carboxylate', 'smiles_inds': [3]}, {'functional_group': 'methyl', 'smiles_inds': [1]}]",0.9999999999972082
26,top,[nH+]1cc[nH+]c2c1c1cccnc1c1ncccc21,"[13, 10]","[{'functional_group': 'carboxylate', 'smiles_inds': [14]}, {'functional_group': 'aldehyde', 'smiles_inds': [16]}, {'functional_group': 'amino', 'smiles_inds': [7]}, {'functional_group': 'amino', 'smiles_inds': [8]}, {'functional_group': 'aldehyde', 'smiles_inds': [15]}, {'functional_group': 'amino', 'smiles_inds': [2]}, {'functional_group': 'aldehyde', 'smiles_inds': [0]}, {'functional_group': 'carboxylate', 'smiles_inds': [3]}, {'functional_group': 'amino', 'smiles_inds': [1]}]",0.9999999999973057
26,top,[nH+]1cc[nH+]c2c1c1cccnc1c1ncccc21,"[13, 10]","[{'functional_group': 'carboxylate', 'smiles_inds': [14]}, {'functional_group': 'aldehyde', 'smiles_inds': [16]}, {'functional_group': 'amino', 'smiles_inds': [7]}, {'functional_group': 'amino', 'smiles_inds': [8]}, {'functional_group': 'aldehyde', 'smiles_inds': [15]}, {'functional_group': 'amino', 'smiles_inds': [2]}, {'functional_group': 'aldehyde', 'smiles_inds': [0]}, {'functional_group': 'carboxylate', 'smiles_inds': [3]}, {'functional_group': 'aldehyde', 'smiles_inds': [9]}]",0.9999999999974041
26,top,[nH+]1cc[nH+]c2c1c1cccnc1c1ncccc21,"[13, 10]","[{'functional_group': 'carboxylate', 'smiles_inds': [14]}, {'functional_group': 'aldehyde', 'smiles_inds': [16]}, {'functional_group': 'amino', 'smiles_inds': [7]}, {'functional_group': 'amino', 'smiles_inds': [8]}, {'functional_group': 'aldehyde', 'smiles_inds': [15]}, {'functional_group': 'amino', 'smiles_inds': [2]}, {'functional_group': 'aldehyde', 'smiles_inds': [0]}, {'functional_group': 'carboxylate', 'smiles_inds': [3]}, {'functional_group': 'ketone', 'smiles_inds': [9]}, {'functional_group': 'methyl', 'smiles_inds': [1]}]",0.9999999999975648
26,top,[nH+]1cc[nH+]c2c1c1cccnc1c1ncccc21,"[13, 10]","[{'functional_group': 'carboxylate', 'smiles_inds': [14]}, {'functional_group': 'aldehyde', 'smiles_inds': [16]}, {'functional_group': 'amino', 'smiles_inds': [7]}, {'functional_group': 'amino', 'smiles_inds': [8]}, {'functional_group': 'aldehyde', 'smiles_inds': [15]}, {'functional_group': 'amino', 'smiles_inds': [2]}, {'functional_group': 'aldehyde', 'smiles_inds': [0]}, {'functional_group': 'carboxylate', 'smiles_inds': [3]}, {'functional_group': 'carboxylate', 'smiles_inds': [9]}]",0.9999999999989375
26,top,[nH+]1cc[nH+]c2c1c1cccnc1c1ncccc21,"[13, 10]","[{'functional_group': 'carboxylate', 'smiles_inds': [14]}, {'functional_group': 'aldehyde', 'smiles_inds': [16]}, {'functional_group': 'methyl', 'smiles_inds': [3]}, {'functional_group': 'carboxylate', 'smiles_inds': [15]}, {'functional_group': 'phenyl', 'smiles_inds': [2]}, {'functional_group': 'carboxyllic_acid', 'smiles_inds': [7]}, {'functional_group': 'amino', 'smiles_inds': [1]}, {'functional_group': 'chloro', 'smiles_inds': [0]}, {'functional_group': 'carboxylate', 'smiles_inds': [8]}]",0.9999999999994653
26,top,[nH+]1cc[nH+]c2c1c1cccnc1c1ncccc21,"[13, 10]","[{'functional_group': 'carboxylate', 'smiles_inds': [14]}, {'functional_group': 'aldehyde', 'smiles_inds': [16]}, {'functional_group': 'methyl', 'smiles_inds': [3]}, {'functional_group': 'carboxylate', 'smiles_inds': [15]}, {'functional_group': 'phenyl', 'smiles_inds': [2]}, {'functional_group': 'carboxyllic_acid', 'smiles_inds': [7]}, {'functional_group': 'aldehyde', 'smiles_inds': [0]}, {'functional_group': 'carboxylate', 'smiles_inds': [9]}, {'functional_group': 'aldehyde', 'smiles_inds': [8]}]",0.9999999999998246
26,top,NC(=NN=C([O-])C(=NNC(=O)c1cccc(n1)C(=O)NN=C(C([O-])=NN=C(N)c1ccccn1)c1ccccc1)c1ccccc1)c1ccccn1,"[23, 5, 51, 2, 25, 33]","[{'functional_group': 'iodo', 'smiles_inds': [39]}]",0.9999999999998321
27,bottom,COC(=O)C(C)(C)NC(=O)C(NC(=O)C1(CCCCC1)NC(=O)C(C)(C)NC(=O)C1(CCCCC1)NC(=O)C(C)(C)NC(=O)c1ccc(nc1)c1ccc(cn1)C(=O)NC(C)(C)C(=O)NC1(CCCCC1)C(=O)NC(C)(C)C(=O)NC1(CCCCC1)C(=O)NC(C(C)C)C(=O)NC(C)(C)C(=O)OC)C(C)C,"[55, 48]","[{'functional_group': 'methyl_ester', 'smiles_inds': [104]}]",1.49661728272214e-61
27,bottom,COC(=O)C(C)(C)NC(=O)C(NC(=O)C1(CCCCC1)NC(=O)C(C)(C)NC(=O)C1(CCCCC1)NC(=O)C(C)(C)NC(=O)c1ccc(nc1)c1ccc(cn1)C(=O)NC(C)(C)C(=O)NC1(CCCCC1)C(=O)NC(C)(C)C(=O)NC1(CCCCC1)C(=O)NC(C(C)C)C(=O)NC(C)(C)C(=O)OC)C(C)C,"[55, 48]","[{'functional_group': 'methyl', 'smiles_inds': [24]}, {'functional_group': 'iodo', 'smiles_inds': [40]}]",6.658382555275732e-61
27,bottom,O1N=C(c2ccncc2)C23C4C5C6C7C8C9C%10C%11C%12C%13C%14C%15C%16C%17C%13C%13C%12C9C9C8C8C6C6C%12C%18C%19C%20C(C%17C%17C%13C9=C(C8%12)C%19%17)C%16C8C9C%15C%12C%14C%11C%11C%10C7C5C5C%11C%12C(=C9C7=C2C(C%18C%20C87)C46)C135,[6],"[{'functional_group': 'amino', 'smiles_inds': [55]}, {'functional_group': 'cyano', 'smiles_inds': [39]}, {'functional_group': 'thiol', 'smiles_inds': [57]}]",6.408249651176519e-47
27,bottom,O1N=C(c2ccncc2)C23C4C5C6C7C8C9C%10C%11C%12C%13C%14C%15C%16C%17C%13C%13C%12C9C9C8C8C6C6C%12C%18C%19C%20C(C%17C%17C%13C9=C(C8%12)C%19%17)C%16C8C9C%15C%12C%14C%11C%11C%10C7C5C5C%11C%12C(=C9C7=C2C(C%18C%20C87)C46)C135,[6],"[{'functional_group': 'trichloro', 'smiles_inds': [58]}]",4.5836725548344515e-42
27,bottom,CP(CCP(C)c1c(cc(cc1C([Si](C)(C)C)[Si](C)(C)C)C([Si](C)(C)C)([Si](C)(C)C)[Si](C)(C)C)C([Si](C)(C)C)[Si](C)(C)C)c1c(cc(cc1C([Si](C)(C)C)[Si](C)(C)C)C([Si](C)(C)C)([Si](C)(C)C)[Si](C)(C)C)C([Si-](C)C)[Si](C)(C)C,"[4, 72, 1]","[{'functional_group': '2-methylbenzoic_acid', 'smiles_inds': [70]}]",4.079514916072495e-40
27,bottom,CP(CCP(C)c1c(cc(cc1C([Si](C)(C)C)[Si](C)(C)C)C([Si](C)(C)C)([Si](C)(C)C)[Si](C)(C)C)C([Si](C)(C)C)[Si](C)(C)C)c1c(cc(cc1C([Si](C)(C)C)[Si](C)(C)C)C([Si](C)(C)C)([Si](C)(C)C)[Si](C)(C)C)C([Si-](C)C)[Si](C)(C)C,"[4, 72, 1]","[{'functional_group': 'phosphonate', 'smiles_inds': [38]}]",1.1220565472509974e-38
27,bottom,O=C1N2CN3C4C5N(CN6C7C8N(CN9C%10C%11N(CN%12C%13C%14N(CN%15C%16C%17N(CN%18C%19C%20N(CN1C1C2N2CN4C(=O)N5CN7C(=O)N8CN%10C(=O)N%11CN%13C(=O)N%14CN%16C(=O)N%17CN%19C(=O)N%20CN1C2=O)C%18=O)C%15=O)C%12=O)C9=O)C6=O)C3=O,"[0, 73]","[{'functional_group': 'iodo', 'smiles_inds': [43]}]",5.367723116740537e-32
27,bottom,Fc1c(F)c(F)c(c(F)c1F)C1=C2NC(=C(C3=NC(=C(C4=CC=C([N-]4)C(=C4C=CC(=N4)C(=C4NC(=C(C5=NC(=C(C6=NC(=C(C7=CC=C1N7)c1c(F)c(F)c(F)c(F)c1F)C=C6)c1c(F)c(F)c(F)c(F)c1F)C=C5)c1c(F)c(F)c(F)c(F)c1F)C=C4)c1c(F)c(F)c(F)c(F)c1F)c1c(F)c(F)c(F)c(F)c1F)c1c(F)c(F)c(F)c(F)c1F)C=C3)c1c(F)c(F)c(F)c(F)c1F)C=C2,"[30, 24]","[{'functional_group': 'carbonyl', 'smiles_inds': [48]}, {'functional_group': 'methyl', 'smiles_inds': [74]}]",2.3499637096143743e-30
27,bottom,O=C1N2CN3C4C5N(CN6C7C8N(CN9C%10C%11N(CN%12C%13C%14N(CN%15C%16C%17N(CN%18C%19C%20N(CN1C1C2N2CN4C(=O)N5CN7C(=O)N8CN%10C(=O)N%11CN%13C(=O)N%14CN%16C(=O)N%17CN%19C(=O)N%20CN1C2=O)C%18=O)C%15=O)C%12=O)C9=O)C6=O)C3=O,"[0, 73]","[{'functional_group': 'ethyl_ester', 'smiles_inds': [25]}, {'functional_group': 'trifluro', 'smiles_inds': [43]}]",2.835056881962259e-30
27,bottom,C[Si](C)(C)C(c1cc(C([Si](C)(C)C)[Si](C)(C)C)c([Se]c2ccccc2Sc2ccccc2Sc2ccccc2[Se]c2c(cc(cc2C([Si](C)(C)C)[Si](C)(C)C)C([Si](C)(C)C)[Si](C)(C)C)C([Si](C)(C)C)[Si](C)(C)C)c(c1)C([Si](C)(C)C)[Si](C)(C)C)[Si](C)(C)C,"[25, 32]","[{'functional_group': 'bromo', 'smiles_inds': [8]}, {'functional_group': 'cyano', 'smiles_inds': [4]}]",7.175382156817917e-30
27,bottom,O=C1N2CN3C(=O)N4CN5C6C7N(CN8C(=O)N9CN%10C%11C%12N(CN%13C(=O)N%14CN1C1C2N2CN%15C(=O)N(CN6C(=O)N7CN6C(=O)N(CN%11C(=O)N%12CN7C(=O)N(CN1C2=O)C1%14CCCCC%1371)C19CCCCC861)C14CCCCC3%151)C%10=O)C5=O,"[36, 61]","[{'functional_group': '2-methylbenzoic_acid', 'smiles_inds': [10]}]",1.2148385486838958e-29
27,bottom,O=C1N2CN3C(=O)N4CN5C6C7N(CN8C(=O)N9CN%10C%11C%12N(CN%13C(=O)N%14CN1C1C2N2CN%15C(=O)N(CN6C(=O)N7CN6C(=O)N(CN%11C(=O)N%12CN7C(=O)N(CN1C2=O)C1%14CCCCC%1371)C19CCCCC861)C14CCCCC3%151)C%10=O)C5=O,"[36, 61]","[{'functional_group': 'amino', 'smiles_inds': [71]}, {'functional_group': 'tribromo', 'smiles_inds': [75]}]",2.561299547976214e-29
27,bottom,C1CCN(C1)P(=Nc1ccc2ccccc2c1c1c(ccc2ccccc12)N=P(N=P(N1CCCC1)(N1CCCC1)N1CCCC1)(N1CCCC1)N1CCCC1)(N=P(N1CCCC1)(N1CCCC1)N1CCCC1)N1CCCC1,"[6, 27]","[{'functional_group': 'aldehyde', 'smiles_inds': [13]}, {'functional_group': 'trifluro', 'smiles_inds': [71]}]",9.343677117211329e-29
27,bottom,O=C1N2CN3C(=O)N4CN5C6C7N(CN8C(=O)N9CN%10C%11C%12N(CN%13C(=O)N%14CN1C1C2N2CN%15C(=O)N(CN6C(=O)N7CN6C(=O)N(CN%11C(=O)N%12CN7C(=O)N(CN1C2=O)C1%14CCCCC%1371)C19CCCCC861)C14CCCCC3%151)C%10=O)C5=O,"[36, 61]","[{'functional_group': 'trichloro', 'smiles_inds': [10]}]",1.6056202100710669e-28
27,bottom,C1CCN(C1)P(=Nc1ccc2ccccc2c1c1c(ccc2ccccc12)N=P(N=P(N1CCCC1)(N1CCCC1)N1CCCC1)(N1CCCC1)N1CCCC1)(N=P(N1CCCC1)(N1CCCC1)N1CCCC1)N1CCCC1,"[6, 27]",[],7.917569246792235e-28
27,bottom,C[Si](O[Si]1(O[Si]2(O[Si](OP(c3ccccc3)c3ccccc3)(O[Si]3(O[Si](OP(c4ccccc4)c4ccccc4)(O[Si](O[Si](O3)(O2)C2CCCC2)(O1)C1CCCC1)C1CCCC1)C1CCCC1)C1CCCC1)C1CCCC1)C1CCCC1)(c1ccccc1)c1ccccc1,"[27, 9]","[{'functional_group': 'phenyl', 'smiles_inds': [46]}]",2.9661116557541677e-27
27,bottom,c1ccc(cc1)N(c1ccccc1)c1ccc(cc1)P(c1ccc(cc1)N(c1ccccc1)c1ccccc1)c1ccc(cc1)N(c1ccccc1)c1ccccc1,[19],[],4.1950515917062746e-27
27,bottom,C[Si]([Ge]1[Si]2([Ge]([Si]12[Si](C)(C(C)(C)C)C(C)(C)C)[Si](C)(C(C)(C)C)C(C)(C)C)[Si](C)(C(C)(C)C)C(C)(C)C)(C(C)(C)C)C(C)(C)C,"[2, 4]","[{'functional_group': 'thiol', 'smiles_inds': [42]}]",1.6690638164447334e-25
27,bottom,C[NH+]1CCN2CCN(C)Cc3cccc(c3)C(=O)Nc3ccccc3C3=C4NC(=C(C5=NC(=C(C6=NC(=C(C7=CC=C([N-]7)C(=C7NC(=C(C8=CC=C3N8)c3c(F)c(F)c(F)c(F)c3F)C=C7)c3ccccc3NC(=O)c3cccc(CN(C)CC2)c3)c2c(F)c(F)c(F)c(F)c2F)C=C6)c2ccccc2NC(=O)c2cccc(C1)c2)C=C5)c1c(F)c(F)c(F)c(F)c1F)C=C4,"[42, 35]","[{'functional_group': 'chloro', 'smiles_inds': [27]}]",2.0127238854053175e-25
27,bottom,CC(C)(C)C12P(Cc3ccccc3)P3C4(P(Cc5ccccc5)P1C1(P2C3(P41)C(C)(C)C)C(C)(C)C)C(C)(C)C,"[5, 15]","[{'functional_group': 'ethyl_ester', 'smiles_inds': [19]}, {'functional_group': 'iodo', 'smiles_inds': [38]}]",2.2247543762339265e-25
27,median,CCOP(=O)(CC(=O)N(C)C)OCC,"[4, 7]","[{'functional_group': 'bromo', 'smiles_inds': [10]}]",0.2056093086915845
27,median,NC([S-])=NN=C1C(=O)c2cccc3cccc1c23,"[2, 4, 7]","[{'functional_group': 'amide', 'smiles_inds': [10]}, {'functional_group': 'bromo', 'smiles_inds': [15]}]",0.20562224783346594
27,median,COc1ccc(cc1)N1C=NN=N1,[10],"[{'functional_group': 'ketone', 'smiles_inds': [9]}, {'functional_group': 'amide', 'smiles_inds': [0]}, {'functional_group': 'bromo', 'smiles_inds': [4]}]",0.2056431270297465
27,median,Clc1cc(Br)ccc1N=Cc1c([O-])ccc2ccccc12,"[8, 12]",[],0.20565835374901578
27,median,Cc1cc(C)c(c(C)c1)C(=O)N=C([S-])N(c1ccccc1)c1ccccc1,"[13, 10]","[{'functional_group': 'phosphonate', 'smiles_inds': [25]}]",0.20573299808034332
27,median,C(SC1C=CC=CC=C1)c1ccccc1,[1],[],0.2057809700847337
27,median,CCOC(=O)C1=C(C)C(=C(N1)C=NN=C([O-])c1cccc(O)c1)C,"[15, 12]",[],0.20596337125328312
27,median,NC1=Nc2ccccc2N1C1=NCCCS1,[2],"[{'functional_group': 'iodo', 'smiles_inds': [12]}, {'functional_group': 'ketone', 'smiles_inds': [7]}]",0.2059963995670923
27,median,N(C=Nc1ccccc1)c1ccccc1,[2],"[{'functional_group': 'methyl', 'smiles_inds': [7]}]",0.20603764927687127
27,median,[NH3+]CC[NH2+]CC(CNCCN)(CNCCN)CNCCN,"[7, 10, 12, 15, 17, 20]","[{'functional_group': 'phosphonate', 'smiles_inds': [9]}, {'functional_group': 'aldehyde', 'smiles_inds': [16]}, {'functional_group': 'aldehyde', 'smiles_inds': [18]}, {'functional_group': 'phosphonate', 'smiles_inds': [19]}, {'functional_group': 'ethyl', 'smiles_inds': [14]}, {'functional_group': 'cyanimide', 'smiles_inds': [13]}]",0.20607741865337437
27,median,CC(=O)NC1=CC(=O)c2nc(C)ccc2C1=O,"[9, 7]","[{'functional_group': 'phenyl', 'smiles_inds': [5]}]",0.20617749081674164
27,median,Nc1ccccc1C(O)=O,[0],"[{'functional_group': 'ethyl_ester', 'smiles_inds': [8]}]",0.20618563957508282
27,median,CSCCSCCCN1C=Nc2c(N)ncnc12,"[1, 14, 4]",[],0.20637302791469753
27,median,O=C(C[CH-]c1ccccc1)c1ccccc1,"[3, 0]",[],0.20638701177301066
27,median,CC(C)Oc1cc[c-]c2c1ccc1cccnc21,"[16, 7]",[],0.20650731455835786
27,median,CC(N=CC1=NC=CN1CC(C)=C)c1ccccc1,"[5, 2]",[],0.20652373877910213
27,median,CC1(C)CC(CC(C)(C)N1O)Oc1cc(nc(c1)c1ccccn1)c1ccccn1,"[15, 23, 29]",[],0.20654632903668246
27,median,CC(C)(C)C(=O)C1=CC=CC1=C([O-])C(C)(C)C,"[12, 5]","[{'functional_group': 'iodo', 'smiles_inds': [3]}]",0.20655158707315474
27,median,FC(F)(F)c1ccc(cc1)c1ccc2cccc([N-]c3ccccc3)c2n1,"[26, 18]","[{'functional_group': 'iodo', 'smiles_inds': [24]}]",0.2065542275595573
27,median,Cc1ccccc1Oc1ccccn1,[13],[],0.20662812494150756
27,top,[nH+]1cc[nH+]c2c1c1cccnc1c1ncccc21,"[13, 10]","[{'functional_group': 'carboxylate', 'smiles_inds': [14]}, {'functional_group': 'aldehyde', 'smiles_inds': [16]}, {'functional_group': 'amino', 'smiles_inds': [7]}, {'functional_group': 'amino', 'smiles_inds': [8]}, {'functional_group': 'aldehyde', 'smiles_inds': [15]}, {'functional_group': 'amino', 'smiles_inds': [2]}, {'functional_group': 'aldehyde', 'smiles_inds': [0]}, {'functional_group': 'carboxylate', 'smiles_inds': [3]}, {'functional_group': 'trichloro', 'smiles_inds': [1]}]",0.9999999999698552
27,top,[nH+]1cc[nH+]c2c1c1cccnc1c1ncccc21,"[13, 10]","[{'functional_group': 'carboxylate', 'smiles_inds': [14]}, {'functional_group': 'aldehyde', 'smiles_inds': [16]}, {'functional_group': 'amino', 'smiles_inds': [7]}, {'functional_group': 'amino', 'smiles_inds': [8]}, {'functional_group': 'aldehyde', 'smiles_inds': [15]}, {'functional_group': 'amino', 'smiles_inds': [2]}, {'functional_group': 'cyano', 'smiles_inds': [3]}, {'functional_group': 'methyl', 'smiles_inds': [1]}]",0.999999999971702
27,top,[nH+]1cc[nH+]c2c1c1cccnc1c1ncccc21,"[13, 10]","[{'functional_group': 'carboxylate', 'smiles_inds': [14]}, {'functional_group': 'aldehyde', 'smiles_inds': [16]}, {'functional_group': 'amino', 'smiles_inds': [7]}, {'functional_group': 'amino', 'smiles_inds': [8]}, {'functional_group': 'aldehyde', 'smiles_inds': [15]}, {'functional_group': 'amino', 'smiles_inds': [2]}, {'functional_group': 'amino', 'smiles_inds': [1]}, {'functional_group': 'fluoro', 'smiles_inds': [3]}]",0.9999999999731806
27,top,[nH+]1cc[nH+]c2c1c1cccnc1c1ncccc21,"[13, 10]","[{'functional_group': 'carboxylate', 'smiles_inds': [14]}, {'functional_group': 'aldehyde', 'smiles_inds': [16]}, {'functional_group': 'amino', 'smiles_inds': [7]}, {'functional_group': 'amino', 'smiles_inds': [8]}, {'functional_group': 'aldehyde', 'smiles_inds': [15]}, {'functional_group': 'amino', 'smiles_inds': [2]}, {'functional_group': 'methyl', 'smiles_inds': [0]}, {'functional_group': 'methyl', 'smiles_inds': [3]}, {'functional_group': 'amino', 'smiles_inds': [1]}, {'functional_group': 'aldehyde', 'smiles_inds': [9]}]",0.9999999999732416
27,top,[nH+]1cc[nH+]c2c1c1cccnc1c1ncccc21,"[13, 10]","[{'functional_group': 'carboxylate', 'smiles_inds': [14]}, {'functional_group': 'aldehyde', 'smiles_inds': [16]}, {'functional_group': 'amino', 'smiles_inds': [7]}, {'functional_group': 'amino', 'smiles_inds': [8]}, {'functional_group': 'aldehyde', 'smiles_inds': [15]}, {'functional_group': 'amino', 'smiles_inds': [2]}, {'functional_group': 'aldehyde', 'smiles_inds': [0]}, {'functional_group': 'carboxylate', 'smiles_inds': [3]}, {'functional_group': 'ketone', 'smiles_inds': [9]}, {'functional_group': 'cyano', 'smiles_inds': [1]}]",0.9999999999735925
27,top,[nH+]1cc[nH+]c2c1c1cccnc1c1ncccc21,"[13, 10]","[{'functional_group': 'carboxylate', 'smiles_inds': [14]}, {'functional_group': 'aldehyde', 'smiles_inds': [16]}, {'functional_group': 'methyl', 'smiles_inds': [3]}, {'functional_group': 'carboxylate', 'smiles_inds': [15]}, {'functional_group': 'phenyl', 'smiles_inds': [2]}, {'functional_group': 'carboxyllic_acid', 'smiles_inds': [7]}, {'functional_group': 'aldehyde', 'smiles_inds': [0]}, {'functional_group': 'carboxylate', 'smiles_inds': [9]}, {'functional_group': 'hydroxyl', 'smiles_inds': [8]}]",0.9999999999782763
27,top,[nH+]1cc[nH+]c2c1c1cccnc1c1ncccc21,"[13, 10]","[{'functional_group': 'carboxylate', 'smiles_inds': [14]}, {'functional_group': 'aldehyde', 'smiles_inds': [16]}, {'functional_group': 'amino', 'smiles_inds': [7]}, {'functional_group': 'amino', 'smiles_inds': [8]}, {'functional_group': 'aldehyde', 'smiles_inds': [15]}, {'functional_group': 'amino', 'smiles_inds': [2]}, {'functional_group': 'cyano', 'smiles_inds': [0]}, {'functional_group': 'cyano', 'smiles_inds': [3]}, {'functional_group': 'methyl', 'smiles_inds': [1]}]",0.999999999979791
27,top,[nH+]1cc[nH+]c2c1c1cccnc1c1ncccc21,"[13, 10]","[{'functional_group': 'carboxylate', 'smiles_inds': [14]}, {'functional_group': 'aldehyde', 'smiles_inds': [16]}, {'functional_group': 'amino', 'smiles_inds': [7]}, {'functional_group': 'amino', 'smiles_inds': [8]}, {'functional_group': 'aldehyde', 'smiles_inds': [15]}, {'functional_group': 'amino', 'smiles_inds': [2]}, {'functional_group': 'aldehyde', 'smiles_inds': [0]}, {'functional_group': 'carboxylate', 'smiles_inds': [3]}, {'functional_group': 'ketone', 'smiles_inds': [9]}, {'functional_group': 'aldehyde', 'smiles_inds': [1]}]",0.9999999999849605
27,top,c1cc(nc(c1)C1=NN=N[N-]1)C1=NN=N[N-]1,"[10, 3, 15]","[{'functional_group': 'ethyl', 'smiles_inds': [0]}, {'functional_group': 'carboxylate', 'smiles_inds': [1]}]",0.9999999999872429
27,top,[nH+]1cc[nH+]c2c1c1cccnc1c1ncccc21,"[13, 10]","[{'functional_group': 'carboxylate', 'smiles_inds': [8]}, {'functional_group': 'aldehyde', 'smiles_inds': [3]}, {'functional_group': 'chloro', 'smiles_inds': [15]}, {'functional_group': 'aldehyde', 'smiles_inds': [16]}, {'functional_group': 'amino', 'smiles_inds': [2]}, {'functional_group': 'iodo', 'smiles_inds': [14]}, {'functional_group': 'aldehyde', 'smiles_inds': [7]}, {'functional_group': 'carboxylate', 'smiles_inds': [0]}]",0.9999999999874509
27,top,[nH+]1cc[nH+]c2c1c1cccnc1c1ncccc21,"[13, 10]","[{'functional_group': 'carboxylate', 'smiles_inds': [14]}, {'functional_group': 'aldehyde', 'smiles_inds': [16]}, {'functional_group': 'amino', 'smiles_inds': [7]}, {'functional_group': 'amino', 'smiles_inds': [8]}, {'functional_group': 'aldehyde', 'smiles_inds': [15]}, {'functional_group': 'amino', 'smiles_inds': [2]}, {'functional_group': 'aldehyde', 'smiles_inds': [0]}, {'functional_group': 'carboxylate', 'smiles_inds': [3]}, {'functional_group': '2-methylbenzoic_acid', 'smiles_inds': [1]}, {'functional_group': 'carboxylate', 'smiles_inds': [9]}]",0.9999999999880049
27,top,[nH+]1cc[nH+]c2c1c1cccnc1c1ncccc21,"[13, 10]","[{'functional_group': 'carboxylate', 'smiles_inds': [14]}, {'functional_group': 'aldehyde', 'smiles_inds': [16]}, {'functional_group': 'amino', 'smiles_inds': [7]}, {'functional_group': 'amino', 'smiles_inds': [8]}, {'functional_group': 'aldehyde', 'smiles_inds': [15]}, {'functional_group': 'amino', 'smiles_inds': [2]}, {'functional_group': 'cyano', 'smiles_inds': [0]}, {'functional_group': 'cyano', 'smiles_inds': [3]}, {'functional_group': 'amino', 'smiles_inds': [1]}]",0.999999999988394
27,top,[nH+]1cc[nH+]c2c1c1cccnc1c1ncccc21,"[13, 10]","[{'functional_group': 'carboxylate', 'smiles_inds': [14]}, {'functional_group': 'aldehyde', 'smiles_inds': [16]}, {'functional_group': 'amino', 'smiles_inds': [7]}, {'functional_group': 'amino', 'smiles_inds': [8]}, {'functional_group': 'aldehyde', 'smiles_inds': [15]}, {'functional_group': 'amino', 'smiles_inds': [2]}, {'functional_group': 'aldehyde', 'smiles_inds': [0]}, {'functional_group': 'carboxylate', 'smiles_inds': [3]}, {'functional_group': 'aldehyde', 'smiles_inds': [1]}]",0.9999999999887297
27,top,[nH+]1cc[nH+]c2c1c1cccnc1c1ncccc21,"[13, 10]","[{'functional_group': 'carboxylate', 'smiles_inds': [14]}, {'functional_group': 'aldehyde', 'smiles_inds': [16]}, {'functional_group': 'amino', 'smiles_inds': [7]}, {'functional_group': 'amino', 'smiles_inds': [8]}, {'functional_group': 'aldehyde', 'smiles_inds': [15]}, {'functional_group': 'amino', 'smiles_inds': [2]}, {'functional_group': 'methyl', 'smiles_inds': [0]}, {'functional_group': 'methyl', 'smiles_inds': [3]}, {'functional_group': 'amino', 'smiles_inds': [1]}, {'functional_group': 'carboxylate', 'smiles_inds': [9]}]",0.999999999990683
27,top,[nH+]1cc[nH+]c2c1c1cccnc1c1ncccc21,"[13, 10]","[{'functional_group': 'carboxylate', 'smiles_inds': [14]}, {'functional_group': 'aldehyde', 'smiles_inds': [16]}, {'functional_group': 'amino', 'smiles_inds': [7]}, {'functional_group': 'amino', 'smiles_inds': [8]}, {'functional_group': 'aldehyde', 'smiles_inds': [15]}, {'functional_group': 'amino', 'smiles_inds': [2]}, {'functional_group': 'methyl', 'smiles_inds': [0]}, {'functional_group': 'amino', 'smiles_inds': [1]}, {'functional_group': 'aldehyde', 'smiles_inds': [9]}]",0.999999999991406
27,top,[nH+]1cc[nH+]c2c1c1cccnc1c1ncccc21,"[13, 10]","[{'functional_group': 'carboxylate', 'smiles_inds': [14]}, {'functional_group': 'aldehyde', 'smiles_inds': [16]}, {'functional_group': 'methyl', 'smiles_inds': [3]}, {'functional_group': 'carboxylate', 'smiles_inds': [15]}, {'functional_group': 'phenyl', 'smiles_inds': [2]}, {'functional_group': 'carboxyllic_acid', 'smiles_inds': [7]}, {'functional_group': 'aldehyde', 'smiles_inds': [0]}, {'functional_group': 'amino', 'smiles_inds': [1]}, {'functional_group': 'amino', 'smiles_inds': [8]}, {'functional_group': 'amino', 'smiles_inds': [9]}]",0.9999999999942926
27,top,[nH+]1cc[nH+]c2c1c1cccnc1c1ncccc21,"[13, 10]","[{'functional_group': 'carboxylate', 'smiles_inds': [14]}, {'functional_group': 'aldehyde', 'smiles_inds': [16]}, {'functional_group': 'methyl', 'smiles_inds': [3]}, {'functional_group': 'carboxylate', 'smiles_inds': [15]}, {'functional_group': 'phenyl', 'smiles_inds': [2]}, {'functional_group': 'carboxyllic_acid', 'smiles_inds': [7]}, {'functional_group': 'aldehyde', 'smiles_inds': [0]}, {'functional_group': 'amino', 'smiles_inds': [1]}, {'functional_group': 'amino', 'smiles_inds': [8]}, {'functional_group': 'aldehyde', 'smiles_inds': [9]}]",0.9999999999951301
27,top,[nH+]1cc[nH+]c2c1c1cccnc1c1ncccc21,"[13, 10]","[{'functional_group': 'carboxylate', 'smiles_inds': [14]}, {'functional_group': 'aldehyde', 'smiles_inds': [16]}, {'functional_group': 'amino', 'smiles_inds': [7]}, {'functional_group': 'amino', 'smiles_inds': [8]}, {'functional_group': 'aldehyde', 'smiles_inds': [15]}, {'functional_group': 'amino', 'smiles_inds': [2]}, {'functional_group': 'methyl', 'smiles_inds': [0]}, {'functional_group': 'carboxylate', 'smiles_inds': [9]}, {'functional_group': 'amino', 'smiles_inds': [1]}]",0.9999999999970077
27,top,[nH+]1cc[nH+]c2c1c1cccnc1c1ncccc21,"[13, 10]","[{'functional_group': 'carboxylate', 'smiles_inds': [14]}, {'functional_group': 'aldehyde', 'smiles_inds': [16]}, {'functional_group': 'methyl', 'smiles_inds': [3]}, {'functional_group': 'carboxylate', 'smiles_inds': [15]}, {'functional_group': 'phenyl', 'smiles_inds': [2]}, {'functional_group': 'carboxyllic_acid', 'smiles_inds': [7]}, {'functional_group': 'amino', 'smiles_inds': [1]}, {'functional_group': 'chloro', 'smiles_inds': [0]}, {'functional_group': 'carboxylate', 'smiles_inds': [8]}]",0.9999999999977043
27,top,[nH+]1cc[nH+]c2c1c1cccnc1c1ncccc21,"[13, 10]","[{'functional_group': 'carboxylate', 'smiles_inds': [14]}, {'functional_group': 'aldehyde', 'smiles_inds': [16]}, {'functional_group': 'methyl', 'smiles_inds': [3]}, {'functional_group': 'carboxylate', 'smiles_inds': [15]}, {'functional_group': 'phenyl', 'smiles_inds': [2]}, {'functional_group': 'carboxyllic_acid', 'smiles_inds': [7]}, {'functional_group': 'aldehyde', 'smiles_inds': [0]}, {'functional_group': 'amino', 'smiles_inds': [1]}, {'functional_group': 'amino', 'smiles_inds': [8]}, {'functional_group': 'carboxylate', 'smiles_inds': [9]}]",0.9999999999983045
28,bottom,CCC(C)C1NC(=O)C(C)NC(=O)C(CSSCC2NC(=O)C(CCC(N)=O)NC(=O)C(C)NC(=O)C3CCCN3C(=O)C(CCC(O)=O)NC(=O)CNC(=O)C(C)NC(=O)C(CCCNC(N)=N)NC(=O)C(CSSCC(NC(=O)C(CC(N)=O)NC2=O)C(O)=O)NC(=O)C(CC2=CN=CN2)NC1=O)NC(=O)C(CC1=CN=CN1)NC(=O)C(CC(C)C)NC(=O)C(CC(O)=O)NC(C)=O,"[112, 99]","[{'functional_group': 'thiol', 'smiles_inds': [108]}, {'functional_group': 'tribromo', 'smiles_inds': [31]}]",8.49701580672407e-67
28,bottom,CP(CCP(C)c1c(cc(cc1C([Si](C)(C)C)[Si](C)(C)C)C([Si](C)(C)C)([Si](C)(C)C)[Si](C)(C)C)C([Si](C)(C)C)[Si](C)(C)C)c1c(cc(cc1C([Si](C)(C)C)[Si](C)(C)C)C([Si](C)(C)C)([Si](C)(C)C)[Si](C)(C)C)C([Si-](C)C)[Si](C)(C)C,"[4, 72, 1]","[{'functional_group': 'bromo', 'smiles_inds': [61]}]",1.470708581454269e-39
28,bottom,O=C1N2CN3C(=O)N4CN5C(=O)N6CN7C(=O)N8CN9C(=O)N%10CN%11C(=O)N%12CN1C1%13CCCC21N1CN2C(=O)N(CN%14C(=O)N(CN%15C(=O)N(CN%16C(=O)N(CN%17C(=O)N(CN%13C1=O)C1%12CCCC%11%171)C1%10CCCC9%161)C18CCCC7%151)C16CCCC5%141)C14CCCC321,"[54, 59]","[{'functional_group': '2-methylbenzoic_acid', 'smiles_inds': [68]}, {'functional_group': 'ethyl', 'smiles_inds': [33]}]",9.50431994845594e-37
28,bottom,Cc1cc(c2ccc(cc2)N(c2ccccc2)c2ccccc2)c(N=C(C)C(C)=Nc2c(cc(C)cc2c2ccc(cc2)N(c2ccccc2)c2ccccc2)c2ccc(cc2)N(c2ccccc2)c2ccccc2)c(c1)c1ccc(cc1)N(c1ccccc1)c1ccccc1,"[24, 29]",[],1.5908347798369353e-36
28,bottom,CC(C)C1NC(=O)C2CCCN2C(=O)C(NC(=O)C2CCCN2C(=O)C(NC(=O)C2CCCN2C(=O)C(NC(=O)C2CCCN2C(=O)C(NC(=O)C2CCCN2C(=O)C(NC(=O)C2CCCN2C1=O)C(C)C)C(C)C)C(C)C)C(C)C)C(C)C,"[13, 68, 35, 24, 46, 57]",[],5.737324470929935e-32
28,bottom,C1CCN(C1)P(=Nc1ccc2ccccc2c1c1c(ccc2ccccc12)N=P(N=P(N1CCCC1)(N1CCCC1)N1CCCC1)(N1CCCC1)N1CCCC1)(N=P(N1CCCC1)(N1CCCC1)N1CCCC1)N1CCCC1,"[6, 27]","[{'functional_group': 'cyanimide', 'smiles_inds': [50]}, {'functional_group': 'cyano', 'smiles_inds': [64]}]",8.550952072262455e-32
28,bottom,O=C1N2CN3C(=O)N4CN5C(=O)N6CN7C(=O)N8CN9C(=O)N%10CN%11C(=O)N%12CN1C1%13CCCC21N1CN2C(=O)N(CN%14C(=O)N(CN%15C(=O)N(CN%16C(=O)N(CN%17C(=O)N(CN%13C1=O)C1%12CCCC%11%171)C1%10CCCC9%161)C18CCCC7%151)C16CCCC5%141)C14CCCC321,"[54, 59]","[{'functional_group': 'ether', 'smiles_inds': [78]}]",1.8623236057224236e-31
28,bottom,O=C1N2CN3C(=O)N4CN5C(=O)N6CN7C(=O)N8CN9C(=O)N%10CN%11C(=O)N%12CN1C1%13CCCCC21N1CN2C(=O)N(CN%14C(=O)N(CN%15C(=O)N(CN%16C(=O)N(CN%17C(=O)N(CN%13C1=O)C1%12CCCCC%11%171)C1%10CCCCC9%161)C18CCCCC7%151)C16CCCCC5%141)C14CCCCC321,"[26, 0, 6]","[{'functional_group': 'amino', 'smiles_inds': [85]}]",1.8772203424415212e-30
28,bottom,C[Si](C)(C)[Si]([P-]P1P2PP3P1P3P2[Si]([Si](C)(C)C)([Si](C)(C)C)[Si](C)(C)C)([Si](C)(C)C)[Si](C)(C)C,"[8, 5]","[{'functional_group': 'aldehyde', 'smiles_inds': [3]}, {'functional_group': '2-hydroxypyridine', 'smiles_inds': [24]}]",2.0917028956450925e-30
28,bottom,C1CCN(C1)P(=Nc1ccc2ccccc2c1c1c(ccc2ccccc12)N=P(N=P(N1CCCC1)(N1CCCC1)N1CCCC1)(N1CCCC1)N1CCCC1)(N=P(N1CCCC1)(N1CCCC1)N1CCCC1)N1CCCC1,"[6, 27]",[],2.6781160854314946e-30
28,bottom,Fc1c(F)c(F)c(c(F)c1F)C1=C2NC(=C(C3=NC(=C(C4=CC=C([N-]4)C(=C4C=CC(=N4)C(=C4NC(=C(C5=NC(=C(C6=NC(=C(C7=CC=C1N7)c1c(F)c(F)c(F)c(F)c1F)C=C6)c1c(F)c(F)c(F)c(F)c1F)C=C5)c1c(F)c(F)c(F)c(F)c1F)C=C4)c1c(F)c(F)c(F)c(F)c1F)c1c(F)c(F)c(F)c(F)c1F)c1c(F)c(F)c(F)c(F)c1F)C=C3)c1c(F)c(F)c(F)c(F)c1F)C=C2,"[30, 24]","[{'functional_group': 'trichloro', 'smiles_inds': [22]}, {'functional_group': 'carbonyl', 'smiles_inds': [28]}]",3.645744706257342e-30
28,bottom,C[Si](C)(C)[Si]([P-]P1P2PP3P1P3P2[Si]([Si](C)(C)C)([Si](C)(C)C)[Si](C)(C)C)([Si](C)(C)C)[Si](C)(C)C,"[8, 5]","[{'functional_group': 'ketone', 'smiles_inds': [23]}]",4.096569219499756e-30
28,bottom,C[Si](C)(C)C(c1cc(C([Si](C)(C)C)[Si](C)(C)C)c(Sc2ccccc2[Se]c2ccccc2[Se]c2ccccc2Sc2c(cc(cc2C([Si](C)(C)C)[Si](C)(C)C)C([Si](C)(C)C)[Si](C)(C)C)C([Si](C)(C)C)[Si](C)(C)C)c(c1)C([Si](C)(C)C)[Si](C)(C)C)[Si](C)(C)C,"[25, 32]","[{'functional_group': '2-methylbenzoic_acid', 'smiles_inds': [8]}, {'functional_group': 'ethyl', 'smiles_inds': [0]}]",9.233834680186636e-29
28,bottom,CC(C)(C)C12P(CC=C)P3C4(P(CC=C)P1C1(P2C3(P41)C(C)(C)C)C(C)(C)C)C(C)(C)C,"[11, 5]","[{'functional_group': 'trichloro', 'smiles_inds': [31]}, {'functional_group': 'amide', 'smiles_inds': [30]}]",3.5457625842424e-28
28,bottom,CC(C)(C)C12P(CC=C)P3C4(P(CC=C)P1C1(P2C3(P41)C(C)(C)C)C(C)(C)C)C(C)(C)C,"[11, 5]","[{'functional_group': 'amide', 'smiles_inds': [29]}]",1.5422809308447513e-26
28,bottom,CC(C)(C)C12P(CC=C)P3C4(P(CC=C)P1C1(P2C3(P41)C(C)(C)C)C(C)(C)C)C(C)(C)C,"[11, 5]","[{'functional_group': 'methyl', 'smiles_inds': [31]}]",4.346698056323223e-26
28,bottom,C[NH+]1CCN2CCN(C)Cc3cccc(c3)C(=O)Nc3ccccc3C3=C4NC(=C(C5=NC(=C(C6=NC(=C(C7=CC=C([N-]7)C(=C7NC(=C(C8=CC=C3N8)c3c(F)c(F)c(F)c(F)c3F)C=C7)c3ccccc3NC(=O)c3cccc(CN(C)CC2)c3)c2c(F)c(F)c(F)c(F)c2F)C=C6)c2ccccc2NC(=O)c2cccc(C1)c2)C=C5)c1c(F)c(F)c(F)c(F)c1F)C=C4,"[42, 35]","[{'functional_group': 'carboxyllic_acid', 'smiles_inds': [52]}]",1.3058833208920284e-25
28,bottom,CC(C)(C)C12P(Cc3ccccc3)P3C4(P(Cc5ccccc5)P1C1(P2C3(P41)C(C)(C)C)C(C)(C)C)C(C)(C)C,"[5, 15]",[],1.5806025597118752e-25
28,bottom,C[Si](C)(CCC(F)(F)C(F)(F)C(F)(F)C(F)(F)C(F)(F)C(F)(F)F)c1ccc(cc1)P(CCP(c1ccc(cc1)[Si](C)(C)CCC(F)(F)C(F)(F)C(F)(F)C(F)(F)C(F)(F)C(F)(F)F)c1ccc(cc1)[Si](C)(C)CCC(F)(F)C(F)(F)C(F)(F)C(F)(F)C(F)(F)C(F)(F)F)c1ccc(cc1)[Si](C)(C)CCC(F)(F)C(F)(F)C(F)(F)C(F)(F)C(F)(F)C(F)(F)F,"[30, 33]","[{'functional_group': 'cyano', 'smiles_inds': [65]}, {'functional_group': 'phosphonate', 'smiles_inds': [41]}]",1.6116763041511779e-25
28,bottom,CP1P2C3(P(C)P4C1(P1C2(P3C41C(C)(C)C)C(C)(C)C)C(C)(C)C)C(C)(C)C,"[4, 1]","[{'functional_group': 'cyano', 'smiles_inds': [0]}, {'functional_group': 'methyl_ester', 'smiles_inds': [19]}]",1.800022110530881e-25
28,median,[S-]C1=C(NC(=C1[S-])c1cc[nH+]cc1)c1cc[nH+]cc1,"[6, 0]","[{'functional_group': 'iodo', 'smiles_inds': [14]}, {'functional_group': 'trifluro', 'smiles_inds': [12]}, {'functional_group': 'methyl', 'smiles_inds': [10]}, {'functional_group': '2-methylbenzoic_acid', 'smiles_inds': [18]}]",0.19988632496045158
28,median,CC(=O)CC(=O)Nc1ccccc1C,"[2, 5]",[],0.19990296437315
28,median,[S-]c1ccccc1N=Nc1ccccc1,"[0, 7]","[{'functional_group': 'thiol', 'smiles_inds': [12]}]",0.19992579627516888
28,median,CC(C)(C)Oc1nc(F)c[c-]c1c1ccccn1,"[17, 10]",[],0.20008972253648255
28,median,CSC(N)=NN=Cc1c([O-])c(C)[nH+]cc1CO,"[9, 5, 3]","[{'functional_group': 'ethyl', 'smiles_inds': [0]}, {'functional_group': 'carboxylate', 'smiles_inds': [11]}]",0.20010382013714648
28,median,CC(C)CC(N(Cc1ccccc1)Cc1ccccc1)C(=O)[O-],"[22, 5]","[{'functional_group': 'iodo', 'smiles_inds': [9]}, {'functional_group': 'chloro', 'smiles_inds': [2]}]",0.20010708524632842
28,median,Fc1cc2C(=O)C(=CN(C3CC3)c2cc1N1CC[NH2+]CC1)C(=O)[O-],"[23, 5]","[{'functional_group': 'methyl', 'smiles_inds': [10]}, {'functional_group': 'methyl_ester', 'smiles_inds': [2]}]",0.20016321332527778
28,median,N1C(=NC(=C1c1ccccn1)c1ccccn1)c1ccc(cc1)c1cc(nc(c1)c1ccccn1)c1ccccn1,"[2, 16]",[],0.20017637285481574
28,median,N#Cc1cc(ccn1)C1=NC(=NN1)c1ccncc1,[16],"[{'functional_group': 'iodo', 'smiles_inds': [15]}, {'functional_group': 'carbonyl', 'smiles_inds': [6]}, {'functional_group': 'cyanimide', 'smiles_inds': [5]}]",0.20022835570053507
28,median,O=C([O-])c1ccccc1[NH+]=Cc1ccccc1[O-],"[2, 17]","[{'functional_group': 'carbonyl', 'smiles_inds': [15]}, {'functional_group': 'bromo', 'smiles_inds': [6]}, {'functional_group': 'ether', 'smiles_inds': [12]}]",0.200239458780845
28,median,Cc1cccc(n1)N1C=C2C=CC=CN2[CH-]1,"[7, 15]","[{'functional_group': 'carboxyl', 'smiles_inds': [8]}]",0.20035929362495566
28,median,COc1ccc(cc1)S(=O)(=O)[N-]CCc1ccccn1,"[11, 19]","[{'functional_group': 'phosphonate', 'smiles_inds': [6]}]",0.2004360001713086
28,median,[S-]C1=C(NC(=C1[S-])c1cc[nH+]cc1)c1cc[nH+]cc1,"[6, 0]","[{'functional_group': 'cyanimide', 'smiles_inds': [8]}, {'functional_group': 'phosphonate', 'smiles_inds': [12]}]",0.2004991414823088
28,median,OCCc1[nH+]cccc1,[0],[],0.20055630652047515
28,median,NC(CC1=CN=C[N-]1)C(=O)[O-],"[7, 10, 0]",[],0.20057961995518064
28,median,COC(=O)CC(=O)OC,"[6, 3]","[{'functional_group': '2-hydroxypyridine', 'smiles_inds': [4]}, {'functional_group': '2-methylbenzoic_acid', 'smiles_inds': [8]}, {'functional_group': 'iodo', 'smiles_inds': [0]}]",0.2006424041388051
28,median,[CH5+3]1[CH5+3][OH+]1,[9],[],0.20073436149218452
28,median,Fc1cccc(F)c1N=Cc1ccccc1[O-],"[8, 16]","[{'functional_group': 'bromo', 'smiles_inds': [3]}]",0.20074277700358484
28,median,CC(C)P(C(C)C)N(C)c1cccc([c-]1)c1ccccn1,"[3, 7, 14]",[],0.2008178237253746
28,median,O=P(NCc1ccccn1)(c1ccccc1)c1ccccc1,"[0, 9]","[{'functional_group': 'tribromo', 'smiles_inds': [18]}, {'functional_group': 'trichloro', 'smiles_inds': [21]}]",0.20091363273304255
28,top,[nH+]1cc[nH+]c2c1c1cccnc1c1ncccc21,"[13, 10]","[{'functional_group': 'carboxylate', 'smiles_inds': [14]}, {'functional_group': 'aldehyde', 'smiles_inds': [16]}, {'functional_group': 'methyl', 'smiles_inds': [3]}, {'functional_group': 'carboxylate', 'smiles_inds': [15]}, {'functional_group': 'phenyl', 'smiles_inds': [2]}, {'functional_group': 'carboxyllic_acid', 'smiles_inds': [7]}, {'functional_group': 'aldehyde', 'smiles_inds': [0]}, {'functional_group': 'amino', 'smiles_inds': [1]}, {'functional_group': 'amino', 'smiles_inds': [8]}, {'functional_group': 'amide', 'smiles_inds': [9]}]",0.9999999999753677
28,top,[nH+]1cc[nH+]c2c1c1cccnc1c1ncccc21,"[13, 10]","[{'functional_group': 'carboxylate', 'smiles_inds': [14]}, {'functional_group': 'aldehyde', 'smiles_inds': [16]}, {'functional_group': 'amino', 'smiles_inds': [7]}, {'functional_group': 'amino', 'smiles_inds': [8]}, {'functional_group': 'aldehyde', 'smiles_inds': [15]}, {'functional_group': 'amino', 'smiles_inds': [2]}, {'functional_group': 'aldehyde', 'smiles_inds': [0]}, {'functional_group': 'carboxylate', 'smiles_inds': [3]}, {'functional_group': 'ketone', 'smiles_inds': [9]}, {'functional_group': 'aldehyde', 'smiles_inds': [1]}]",0.9999999999767073
28,top,[nH+]1cc[nH+]c2c1c1cccnc1c1ncccc21,"[13, 10]","[{'functional_group': 'carboxylate', 'smiles_inds': [8]}, {'functional_group': 'aldehyde', 'smiles_inds': [3]}, {'functional_group': 'chloro', 'smiles_inds': [15]}, {'functional_group': 'aldehyde', 'smiles_inds': [16]}, {'functional_group': 'amino', 'smiles_inds': [2]}, {'functional_group': 'iodo', 'smiles_inds': [14]}, {'functional_group': 'aldehyde', 'smiles_inds': [7]}, {'functional_group': 'iodo', 'smiles_inds': [0]}, {'functional_group': 'carboxyl', 'smiles_inds': [9]}, {'functional_group': 'amino', 'smiles_inds': [1]}]",0.9999999999770837
28,top,[nH+]1cc[nH+]c2c1c1cccnc1c1ncccc21,"[13, 10]","[{'functional_group': 'carboxylate', 'smiles_inds': [14]}, {'functional_group': 'aldehyde', 'smiles_inds': [16]}, {'functional_group': 'amino', 'smiles_inds': [7]}, {'functional_group': 'amino', 'smiles_inds': [8]}, {'functional_group': 'aldehyde', 'smiles_inds': [15]}, {'functional_group': 'amino', 'smiles_inds': [2]}, {'functional_group': 'aldehyde', 'smiles_inds': [0]}, {'functional_group': 'carboxylate', 'smiles_inds': [3]}, {'functional_group': 'aldehyde', 'smiles_inds': [1]}]",0.9999999999775819
28,top,[nH+]1cc[nH+]c2c1c1cccnc1c1ncccc21,"[13, 10]","[{'functional_group': 'carboxylate', 'smiles_inds': [14]}, {'functional_group': 'aldehyde', 'smiles_inds': [16]}, {'functional_group': 'methyl', 'smiles_inds': [3]}, {'functional_group': 'carboxylate', 'smiles_inds': [15]}, {'functional_group': 'phenyl', 'smiles_inds': [2]}, {'functional_group': 'carboxyllic_acid', 'smiles_inds': [7]}, {'functional_group': 'aldehyde', 'smiles_inds': [0]}, {'functional_group': 'amino', 'smiles_inds': [1]}, {'functional_group': 'amino', 'smiles_inds': [8]}, {'functional_group': 'methyl_ester', 'smiles_inds': [9]}]",0.9999999999775844
28,top,[nH+]1cc[nH+]c2c1c1cccnc1c1ncccc21,"[13, 10]","[{'functional_group': 'carboxylate', 'smiles_inds': [8]}, {'functional_group': 'aldehyde', 'smiles_inds': [3]}, {'functional_group': 'chloro', 'smiles_inds': [15]}, {'functional_group': 'aldehyde', 'smiles_inds': [0]}, {'functional_group': 'aldehyde', 'smiles_inds': [7]}, {'functional_group': 'aldehyde', 'smiles_inds': [16]}, {'functional_group': 'thiol', 'smiles_inds': [1]}, {'functional_group': 'iodo', 'smiles_inds': [14]}, {'functional_group': 'carboxylate', 'smiles_inds': [9]}]",0.9999999999795803
28,top,[nH+]1cc[nH+]c2c1c1cccnc1c1ncccc21,"[13, 10]","[{'functional_group': 'carboxylate', 'smiles_inds': [14]}, {'functional_group': 'aldehyde', 'smiles_inds': [16]}, {'functional_group': 'methyl', 'smiles_inds': [3]}, {'functional_group': 'carboxylate', 'smiles_inds': [15]}, {'functional_group': 'phenyl', 'smiles_inds': [2]}, {'functional_group': 'phenyl', 'smiles_inds': [1]}, {'functional_group': '2-hydroxypyridine', 'smiles_inds': [9]}, {'functional_group': 'cyano', 'smiles_inds': [7]}, {'functional_group': 'carboxylate', 'smiles_inds': [8]}]",0.9999999999810851
28,top,[nH+]1cc[nH+]c2c1c1cccnc1c1ncccc21,"[13, 10]","[{'functional_group': 'carboxylate', 'smiles_inds': [8]}, {'functional_group': 'aldehyde', 'smiles_inds': [3]}, {'functional_group': 'chloro', 'smiles_inds': [15]}, {'functional_group': 'aldehyde', 'smiles_inds': [0]}, {'functional_group': 'aldehyde', 'smiles_inds': [7]}, {'functional_group': 'aldehyde', 'smiles_inds': [16]}, {'functional_group': 'amino', 'smiles_inds': [9]}]",0.999999999986456
28,top,[nH+]1cc[nH+]c2c1c1cccnc1c1ncccc21,"[13, 10]","[{'functional_group': 'carboxylate', 'smiles_inds': [14]}, {'functional_group': 'aldehyde', 'smiles_inds': [16]}, {'functional_group': 'methyl', 'smiles_inds': [3]}, {'functional_group': 'carboxylate', 'smiles_inds': [15]}, {'functional_group': 'phenyl', 'smiles_inds': [2]}, {'functional_group': 'carboxyllic_acid', 'smiles_inds': [7]}, {'functional_group': 'aldehyde', 'smiles_inds': [0]}, {'functional_group': 'carboxylate', 'smiles_inds': [9]}, {'functional_group': 'amino', 'smiles_inds': [8]}]",0.9999999999902733
28,top,[nH+]1cc[nH+]c2c1c1cccnc1c1ncccc21,"[13, 10]","[{'functional_group': 'carboxylate', 'smiles_inds': [14]}, {'functional_group': 'aldehyde', 'smiles_inds': [16]}, {'functional_group': 'amino', 'smiles_inds': [7]}, {'functional_group': 'amino', 'smiles_inds': [8]}, {'functional_group': 'aldehyde', 'smiles_inds': [15]}, {'functional_group': 'amino', 'smiles_inds': [2]}, {'functional_group': 'methyl', 'smiles_inds': [0]}, {'functional_group': 'methyl', 'smiles_inds': [3]}, {'functional_group': 'amino', 'smiles_inds': [1]}, {'functional_group': 'carboxylate', 'smiles_inds': [9]}]",0.9999999999907354
28,top,[nH+]1cc[nH+]c2c1c1cccnc1c1ncccc21,"[13, 10]","[{'functional_group': 'carboxylate', 'smiles_inds': [14]}, {'functional_group': 'aldehyde', 'smiles_inds': [16]}, {'functional_group': 'amino', 'smiles_inds': [7]}, {'functional_group': 'amino', 'smiles_inds': [8]}, {'functional_group': 'aldehyde', 'smiles_inds': [15]}, {'functional_group': 'amino', 'smiles_inds': [2]}, {'functional_group': 'aldehyde', 'smiles_inds': [0]}, {'functional_group': 'carboxylate', 'smiles_inds': [3]}, {'functional_group': 'phenyl', 'smiles_inds': [1]}, {'functional_group': 'aldehyde', 'smiles_inds': [9]}]",0.9999999999962481
28,top,[nH+]1cc[nH+]c2c1c1cccnc1c1ncccc21,"[13, 10]","[{'functional_group': 'carboxylate', 'smiles_inds': [14]}, {'functional_group': 'aldehyde', 'smiles_inds': [16]}, {'functional_group': 'amino', 'smiles_inds': [7]}, {'functional_group': 'amino', 'smiles_inds': [8]}, {'functional_group': 'aldehyde', 'smiles_inds': [15]}, {'functional_group': 'amino', 'smiles_inds': [2]}, {'functional_group': 'aldehyde', 'smiles_inds': [0]}, {'functional_group': 'carboxylate', 'smiles_inds': [3]}, {'functional_group': 'ketone', 'smiles_inds': [9]}, {'functional_group': 'amino', 'smiles_inds': [1]}]",0.9999999999967357
28,top,[nH+]1cc[nH+]c2c1c1cccnc1c1ncccc21,"[13, 10]","[{'functional_group': 'carboxylate', 'smiles_inds': [14]}, {'functional_group': 'aldehyde', 'smiles_inds': [16]}, {'functional_group': 'methyl', 'smiles_inds': [3]}, {'functional_group': 'carboxylate', 'smiles_inds': [15]}, {'functional_group': 'phenyl', 'smiles_inds': [2]}, {'functional_group': 'carboxyllic_acid', 'smiles_inds': [7]}, {'functional_group': 'aldehyde', 'smiles_inds': [0]}, {'functional_group': 'amino', 'smiles_inds': [1]}, {'functional_group': 'amino', 'smiles_inds': [8]}, {'functional_group': 'amino', 'smiles_inds': [9]}]",0.9999999999967568
28,top,[nH+]1cc[nH+]c2c1c1cccnc1c1ncccc21,"[13, 10]","[{'functional_group': 'carboxylate', 'smiles_inds': [14]}, {'functional_group': 'aldehyde', 'smiles_inds': [16]}, {'functional_group': 'methyl', 'smiles_inds': [3]}, {'functional_group': 'carboxylate', 'smiles_inds': [15]}, {'functional_group': 'phenyl', 'smiles_inds': [2]}, {'functional_group': 'carboxyllic_acid', 'smiles_inds': [7]}, {'functional_group': 'aldehyde', 'smiles_inds': [0]}, {'functional_group': 'amino', 'smiles_inds': [1]}, {'functional_group': 'amino', 'smiles_inds': [8]}, {'functional_group': 'aldehyde', 'smiles_inds': [9]}]",0.9999999999968605
28,top,[nH+]1cc[nH+]c2c1c1cccnc1c1ncccc21,"[13, 10]","[{'functional_group': 'carboxylate', 'smiles_inds': [14]}, {'functional_group': 'aldehyde', 'smiles_inds': [16]}, {'functional_group': 'methyl', 'smiles_inds': [3]}, {'functional_group': 'carboxylate', 'smiles_inds': [15]}, {'functional_group': 'phenyl', 'smiles_inds': [2]}, {'functional_group': 'carboxyllic_acid', 'smiles_inds': [7]}, {'functional_group': 'aldehyde', 'smiles_inds': [0]}, {'functional_group': 'carboxylate', 'smiles_inds': [9]}, {'functional_group': 'ether', 'smiles_inds': [8]}]",0.9999999999972293
28,top,[nH+]1cc[nH+]c2c1c1cccnc1c1ncccc21,"[13, 10]","[{'functional_group': 'carboxylate', 'smiles_inds': [14]}, {'functional_group': 'aldehyde', 'smiles_inds': [16]}, {'functional_group': 'amino', 'smiles_inds': [7]}, {'functional_group': 'amino', 'smiles_inds': [8]}, {'functional_group': 'aldehyde', 'smiles_inds': [15]}, {'functional_group': 'amino', 'smiles_inds': [2]}, {'functional_group': 'aldehyde', 'smiles_inds': [0]}, {'functional_group': 'carboxylate', 'smiles_inds': [3]}, {'functional_group': 'carboxylate', 'smiles_inds': [9]}]",0.9999999999975249
28,top,[nH+]1cc[nH+]c2c1c1cccnc1c1ncccc21,"[13, 10]","[{'functional_group': 'carboxylate', 'smiles_inds': [14]}, {'functional_group': 'aldehyde', 'smiles_inds': [16]}, {'functional_group': 'methyl', 'smiles_inds': [3]}, {'functional_group': 'carboxylate', 'smiles_inds': [15]}, {'functional_group': 'phenyl', 'smiles_inds': [2]}, {'functional_group': 'carboxyllic_acid', 'smiles_inds': [7]}, {'functional_group': 'amino', 'smiles_inds': [1]}, {'functional_group': 'chloro', 'smiles_inds': [0]}, {'functional_group': 'carboxylate', 'smiles_inds': [8]}]",0.9999999999989007
28,top,[nH+]1cc[nH+]c2c1c1cccnc1c1ncccc21,"[13, 10]","[{'functional_group': 'carboxylate', 'smiles_inds': [14]}, {'functional_group': 'aldehyde', 'smiles_inds': [16]}, {'functional_group': 'methyl', 'smiles_inds': [3]}, {'functional_group': 'carboxylate', 'smiles_inds': [15]}, {'functional_group': 'phenyl', 'smiles_inds': [2]}, {'functional_group': 'carboxyllic_acid', 'smiles_inds': [7]}, {'functional_group': 'aldehyde', 'smiles_inds': [0]}, {'functional_group': 'amino', 'smiles_inds': [1]}, {'functional_group': 'amino', 'smiles_inds': [8]}, {'functional_group': 'carboxylate', 'smiles_inds': [9]}]",0.9999999999991611
28,top,CC(C(=O)[N-]CCN)(C(=O)[N-]CCN)C(=O)[N-]CCN,"[7, 4, 13, 10, 19, 16]",[],0.9999999999993057
28,top,[nH+]1cc[nH+]c2c1c1cccnc1c1ncccc21,"[13, 10]","[{'functional_group': 'carboxylate', 'smiles_inds': [14]}, {'functional_group': 'aldehyde', 'smiles_inds': [16]}, {'functional_group': 'methyl', 'smiles_inds': [3]}, {'functional_group': 'carboxylate', 'smiles_inds': [15]}, {'functional_group': 'phenyl', 'smiles_inds': [2]}, {'functional_group': 'carboxyllic_acid', 'smiles_inds': [7]}, {'functional_group': 'aldehyde', 'smiles_inds': [0]}, {'functional_group': 'carboxylate', 'smiles_inds': [9]}, {'functional_group': 'carboxylate', 'smiles_inds': [8]}]",0.9999999999998517
29,bottom,CCC(C)C1NC(=O)C(C)NC(=O)C(CSSCC2NC(=O)C(CCC(N)=O)NC(=O)C(C)NC(=O)C3CCCN3C(=O)C(CCC(O)=O)NC(=O)CNC(=O)C(C)NC(=O)C(CCCNC(N)=N)NC(=O)C(CSSCC(NC(=O)C(CC(N)=O)NC2=O)C(O)=O)NC(=O)C(CC2=CN=CN2)NC1=O)NC(=O)C(CC1=CN=CN1)NC(=O)C(CC(C)C)NC(=O)C(CC(O)=O)NC(C)=O,"[112, 99]","[{'functional_group': 'tribromo', 'smiles_inds': [9]}, {'functional_group': 'aldehyde', 'smiles_inds': [44]}]",1.4215419267182098e-63
29,bottom,COC(=O)C(C)(C)NC(=O)C(NC(=O)C1(CCCCC1)NC(=O)C(C)(C)NC(=O)C1(CCCCC1)NC(=O)C(C)(C)NC(=O)c1ccc(nc1)c1ccc(cn1)C(=O)NC(C)(C)C(=O)NC1(CCCCC1)C(=O)NC(C)(C)C(=O)NC1(CCCCC1)C(=O)NC(C(C)C)C(=O)NC(C)(C)C(=O)OC)C(C)C,"[55, 48]","[{'functional_group': 'carbonyl', 'smiles_inds': [25]}, {'functional_group': 'cyano', 'smiles_inds': [6]}]",1.999379670943636e-61
29,bottom,O=C1N2CN3C(=O)N4CN5C(=O)N6CN7C(=O)N8CN9C(=O)N%10CN%11C(=O)N%12CN1C1%13CCCCC21N1CN2C(=O)N(CN%14C(=O)N(CN%15C(=O)N(CN%16C(=O)N(CN%17C(=O)N(CN%13C1=O)C1%12CCCCC%11%171)C1%10CCCCC9%161)C18CCCCC7%151)C16CCCCC5%141)C14CCCCC321,"[26, 0, 6]","[{'functional_group': 'iodo', 'smiles_inds': [92]}]",3.3623069225928695e-37
29,bottom,O=C1N2CN3C(=O)N4CN5C(=O)N6CN7C(=O)N8CN9C(=O)N%10CN%11C(=O)N%12CN1C1%13CCCC21N1CN2C(=O)N(CN%14C(=O)N(CN%15C(=O)N(CN%16C(=O)N(CN%17C(=O)N(CN%13C1=O)C1%12CCCC%11%171)C1%10CCCC9%161)C18CCCC7%151)C16CCCC5%141)C14CCCC321,"[54, 59]","[{'functional_group': 'amino', 'smiles_inds': [86]}]",1.4003249783456023e-35
29,bottom,O=C1N2CN3C(=O)N4CN5C6C7N(CN8C(=O)N9CN%10C%11C%12N(CN%13C(=O)N%14CN1C1C2N2CN%15C(=O)N(CN6C(=O)N7CN6C(=O)N(CN%11C(=O)N%12CN7C(=O)N(CN1C2=O)C1%14CCCCC%1371)C19CCCCC861)C14CCCCC3%151)C%10=O)C5=O,"[36, 61]","[{'functional_group': 'aldehyde', 'smiles_inds': [64]}]",8.159173865139847e-33
29,bottom,O=C1N2CN3C(=O)N4CN5C6C7N(CN8C(=O)N9CN%10C%11C%12N(CN%13C(=O)N%14CN1C1C2N2CN%15C(=O)N(CN6C(=O)N7CN6C(=O)N(CN%11C(=O)N%12CN7C(=O)N(CN1C2=O)C1%14CCCCC%1371)C19CCCCC861)C14CCCCC3%151)C%10=O)C5=O,"[36, 61]","[{'functional_group': 'ketone', 'smiles_inds': [64]}]",2.3628168774544762e-32
29,bottom,CC(C)c1cccc(C(C)C)c1c1cc(NCCN(CCNc2cc(cc(c2)c2c(cccc2C(C)C)C(C)C)c2c(cccc2C(C)C)C(C)C)CCNc2cc(cc(c2)c2c(cccc2C(C)C)C(C)C)c2c(cccc2C(C)C)C(C)C)cc(c1)c1c(cccc1C(C)C)C(C)C,"[18, 15, 21]","[{'functional_group': 'cyanimide', 'smiles_inds': [77]}]",4.033193758375218e-31
29,bottom,C[Si](C)(C)c1cc(cc(c1)[Si](C)(C)C)C(C(=O)Nc1cccc(NC(=O)C(c2cc(cc(c2)[Si](C)(C)C)[Si](C)(C)C)(c2cc(cc(c2)[Si](C)(C)C)[Si](C)(C)C)c2cc(cc(c2)[Si](C)(C)C)[Si](C)(C)C)c1[S-])(c1cc(cc(c1)[Si](C)(C)C)[Si](C)(C)C)c1cc(cc(c1)[Si](C)(C)C)[Si](C)(C)C,"[70, 16]","[{'functional_group': 'ethyl', 'smiles_inds': [82]}, {'functional_group': 'bromo', 'smiles_inds': [49]}]",1.3245625993658713e-30
29,bottom,O=C1N2CN3C4C5N(CN6C7C8N(CN9C%10C%11N(CN%12C%13C%14N(CN%15C%16C%17N(CN1C1C2N2CN4C(=O)N5CN7C(=O)N8CN%10C(=O)N%11C4OC(N%13C(=O)N%14CN%16C(=O)N%17CN1C2=O)c1ccccc41)C%15=O)C%12=O)C9=O)C6=O)C3=O,"[75, 73]","[{'functional_group': 'chloro', 'smiles_inds': [21]}]",2.3706841577197997e-30
29,bottom,C[Si](C)(C)C(c1cc(C([Si](C)(C)C)[Si](C)(C)C)c([Se]c2ccccc2Sc2ccccc2Sc2ccccc2[Se]c2c(cc(cc2C([Si](C)(C)C)[Si](C)(C)C)C([Si](C)(C)C)[Si](C)(C)C)C([Si](C)(C)C)[Si](C)(C)C)c(c1)C([Si](C)(C)C)[Si](C)(C)C)[Si](C)(C)C,"[25, 32]","[{'functional_group': 'ether', 'smiles_inds': [63]}, {'functional_group': 'carboxylate', 'smiles_inds': [53]}]",1.083889186973661e-28
29,bottom,CC(C)c1cccc(C(C)C)c1c1cc(NCCN(CCNc2cc(cc(c2)c2c(cccc2C(C)C)C(C)C)c2c(cccc2C(C)C)C(C)C)CCNc2cc(cc(c2)c2c(cccc2C(C)C)C(C)C)c2c(cccc2C(C)C)C(C)C)cc(c1)c1c(cccc1C(C)C)C(C)C,"[18, 15, 21]",[],3.9225841168425293e-28
29,bottom,CC(C)(C)c1cc2c(OP(Oc3c2cc(cc3C(C)(C)C)C(C)(C)C)O[Si]2(O[Si]3(O[Si](OP4Oc5c(cc(cc5C(C)(C)C)C(C)(C)C)c5cc(cc(c5O4)C(C)(C)C)C(C)(C)C)(O[Si]4(O[Si](O3)(O[Si](O2)(O[Si](O4)(O[Si](C)(c2ccccc2)c2ccccc2)C2CCCC2)C2CCCC2)C2CCCC2)C2CCCC2)C2CCCC2)C2CCCC2)C2CCCC2)c(c1)C(C)(C)C,"[9, 32]","[{'functional_group': 'chloro', 'smiles_inds': [49]}, {'functional_group': 'aldehyde', 'smiles_inds': [24]}]",3.9309851342883155e-27
29,bottom,C[NH+]1CCN2CCN(C)Cc3cccc(c3)C(=O)Nc3ccccc3C3=C4NC(=C(C5=NC(=C(C6=NC(=C(C7=CC=C([N-]7)C(=C7NC(=C(C8=CC=C3N8)c3c(F)c(F)c(F)c(F)c3F)C=C7)c3ccccc3NC(=O)c3cccc(CN(C)CC2)c3)c2c(F)c(F)c(F)c(F)c2F)C=C6)c2ccccc2NC(=O)c2cccc(C1)c2)C=C5)c1c(F)c(F)c(F)c(F)c1F)C=C4,"[42, 35]","[{'functional_group': 'trifluro', 'smiles_inds': [129]}, {'functional_group': 'carbonyl', 'smiles_inds': [68]}]",4.574343102752334e-27
29,bottom,CC12N3CN4C5C6N(CN7C8C9N(CN%10C(=O)N%11CN%12C%13C%14N(CN%15C%16C%17N(CN(C3=O)C1(C)N1CN%17C(=O)N%16CN%14C(=O)N%13CN3C(=O)N(CN9C(=O)N8CN6C(=O)N5CN2C1=O)C%10(C)C%113C)C%15=O)C%12=O)C7=O)C4=O,"[71, 16, 73]","[{'functional_group': 'cyano', 'smiles_inds': [10]}, {'functional_group': 'carboxyl', 'smiles_inds': [20]}]",2.436371734562342e-26
29,bottom,C1CCN(C1)P(=Nc1ccc2ccccc2c1c1c(ccc2ccccc12)N=P(N=P(N1CCCC1)(N1CCCC1)N1CCCC1)(N1CCCC1)N1CCCC1)(N=P(N1CCCC1)(N1CCCC1)N1CCCC1)N1CCCC1,"[6, 27]",[],4.1780363941024854e-26
29,bottom,CCCCN(CCCC)c1ccc(cc1)C1=CC(=C(S1)C=Cc1ccnc(c1)c1cc(ccn1)C=CC1=C(C=C(S1)c1ccc(cc1)N(CCCC)CCCC)C1=C(C2=C(C)SC(=C2)C)C(F)(F)C(F)(F)C1(F)F)C1=C(C2=C(C)SC(=C2)C)C(F)(F)C(F)(F)C1(F)F,"[47, 4]","[{'functional_group': 'tribromo', 'smiles_inds': [54]}]",1.1008451944432753e-25
29,bottom,CC(C)(C)C12P(CC=C)P3C4(P(CC=C)P1C1(P2C3(P41)C(C)(C)C)C(C)(C)C)C(C)(C)C,"[11, 5]",[],2.4380536514633876e-25
29,bottom,CC(C)(C)[Si](C)([Si]12[Ge][Si]1([Si](C)(C(C)(C)C)C(C)(C)C)[Si]2([Si](C)(C(C)(C)C)C(C)(C)C)[Si](C)(C(C)(C)C)C(C)(C)C)C(C)(C)C,[7],"[{'functional_group': 'carboxyl', 'smiles_inds': [43]}]",2.727766111896893e-25
29,bottom,C1CCN(C1)P(=Nc1ccc2ccccc2c1c1c(ccc2ccccc12)N=P(N=P(N1CCCC1)(N1CCCC1)N1CCCC1)(N1CCCC1)N1CCCC1)(N=P(N1CCCC1)(N1CCCC1)N1CCCC1)N1CCCC1,"[6, 27]","[{'functional_group': 'methyl_ester', 'smiles_inds': [54]}, {'functional_group': 'ether', 'smiles_inds': [49]}]",6.487840628219166e-25
29,bottom,C[Si](O[Si]1(O[Si]2(O[Si](OP(c3ccccc3)c3ccccc3)(O[Si]3(O[Si](OP(c4ccccc4)c4ccccc4)(O[Si](O[Si](O3)(O2)C2CCCC2)(O1)C1CCCC1)C1CCCC1)C1CCCC1)C1CCCC1)C1CCCC1)C1CCCC1)(c1ccccc1)c1ccccc1,"[27, 9]","[{'functional_group': 'cyano', 'smiles_inds': [59]}]",3.695538102161977e-24
29,median,CC1=NN(C(=C1)C)C1=NCCCS1,"[8, 2]",[],0.1824889629143986
29,median,CC(C)S(=O)c1ccccc1C(=O)[O-],"[3, 13]",[],0.18250530982974533
29,median,CN(C)CCN=Cc1c(C)ccc2ccc[c-]c12,"[5, 1, 16]",[],0.1825228052286
29,median,N1C=NC(=N1)C1=NC(=NN1)c1cnccn1,"[6, 15]","[{'functional_group': 'carboxyllic_acid', 'smiles_inds': [13]}, {'functional_group': 'methyl_ester', 'smiles_inds': [9]}, {'functional_group': 'bromo', 'smiles_inds': [1]}]",0.1826630086223363
29,median,CC1(C)CNC(=NC1)c1cccc(n1)C1=NCC(C)(C)CN1,"[13, 15, 6]","[{'functional_group': 'hydroxyl', 'smiles_inds': [10]}, {'functional_group': 'carboxyllic_acid', 'smiles_inds': [21]}]",0.18267776631735436
29,median,S=C(Nc1ccccc1)Nc1ccccn1,"[0, 15]",[],0.18274350230489875
29,median,COc1ccc(O)c(c1)P(O)(=O)[O-],"[12, 6]",[],0.18288975283063372
29,median,[nH+]1cc[nH+]c2c1c1cccnc1c1ncccc21,"[13, 10]","[{'functional_group': 'chloro', 'smiles_inds': [3]}, {'functional_group': 'phenyl', 'smiles_inds': [8]}, {'functional_group': 'bromo', 'smiles_inds': [16]}, {'functional_group': 'trifluro', 'smiles_inds': [0]}, {'functional_group': 'amino', 'smiles_inds': [7]}, {'functional_group': 'chloro', 'smiles_inds': [14]}]",0.18295062114361155
29,median,c1ccc(cc1)N1C(=NN=C1c1ccccn1)c1ccccc1,"[9, 6]",[],0.18295383509114244
29,median,CN1C(=CN=C1C1=NC=C(C=O)N1C)C=O,"[7, 4]","[{'functional_group': 'ketone', 'smiles_inds': [3]}, {'functional_group': 'ether', 'smiles_inds': [14]}, {'functional_group': 'cyano', 'smiles_inds': [13]}]",0.18310966302767576
29,median,COc1ccc(cc1)c1cc(C)cc2N=C(Nc12)C1=Nc2cc(C)cc(c2N1)c1ccc(OC)cc1,"[14, 19]","[{'functional_group': 'bromo', 'smiles_inds': [12]}]",0.1831127576265353
29,median,CC(CCC=C(C)C)CC=NN=C(N)[S-],"[14, 10]","[{'functional_group': 'fluoro', 'smiles_inds': [9]}, {'functional_group': 'cyanimide', 'smiles_inds': [2]}]",0.1831476758101614
29,median,S=P([N-]CCN1CCOCC1)(c1ccccc1)c1ccccc1,"[5, 2]",[],0.1834517267293714
29,median,Fc1ccc(CNC(=O)c2cccc(C(=O)NCc3ccc(F)cc3)c2[O-])cc1,"[8, 26]","[{'functional_group': 'ketone', 'smiles_inds': [17]}]",0.1834838730874153
29,median,CC(C)(C)P(=O)(CC[CH2-])c1ccccc1,"[5, 8]","[{'functional_group': 'cyano', 'smiles_inds': [2]}]",0.18361978863867756
29,median,CCCCCCCCCCNC12CNCCNCC(C)(CNCCNC1)CNCCNC2,"[30, 13, 16, 27, 24, 21]","[{'functional_group': 'carboxyl', 'smiles_inds': [0]}]",0.18366617373106006
29,median,C[NH+](CCN(C)Cc1cc(C)cc(C=NN=C([O-])Nc2ccccc2)c1[O-])Cc1cc(C)cc(C=NN=C([O-])Nc2ccccc2)c1[O-],"[38, 47, 35, 17, 26, 14]","[{'functional_group': 'ether', 'smiles_inds': [34]}]",0.1837066355649639
29,median,CC(C)(C)P(Cc1ccc2cccc([O-])c2n1)C(C)(C)C,"[4, 14, 16]","[{'functional_group': 'iodo', 'smiles_inds': [18]}]",0.18376433314372212
29,median,Cc1ccc(cc1)C1=NC(=NN1)c1cnccn1,"[10, 17]","[{'functional_group': 'trifluro', 'smiles_inds': [3]}]",0.18381039423150555
29,median,CN1C=CC(=C([O-])C1=O)C(=O)NCCCCCCNC(=O)c1ccc(C(=O)NCCCCCCNC(=O)C2=C([O-])C(=O)N(C)C=C2)c([O-])c1[O-],"[8, 6, 49, 47, 39, 41]","[{'functional_group': 'cyanimide', 'smiles_inds': [15]}, {'functional_group': 'iodo', 'smiles_inds': [44]}]",0.18381953633351522
29,top,[nH+]1cc[nH+]c2c1c1cccnc1c1ncccc21,"[13, 10]","[{'functional_group': 'carboxylate', 'smiles_inds': [8]}, {'functional_group': 'aldehyde', 'smiles_inds': [3]}, {'functional_group': 'chloro', 'smiles_inds': [15]}, {'functional_group': 'aldehyde', 'smiles_inds': [0]}, {'functional_group': 'aldehyde', 'smiles_inds': [7]}, {'functional_group': 'aldehyde', 'smiles_inds': [16]}, {'functional_group': 'aldehyde', 'smiles_inds': [9]}]",0.9999999999732994
29,top,[nH+]1cc[nH+]c2c1c1cccnc1c1ncccc21,"[13, 10]","[{'functional_group': 'carboxylate', 'smiles_inds': [14]}, {'functional_group': 'aldehyde', 'smiles_inds': [16]}, {'functional_group': 'amino', 'smiles_inds': [7]}, {'functional_group': 'amino', 'smiles_inds': [8]}, {'functional_group': 'aldehyde', 'smiles_inds': [15]}, {'functional_group': 'amino', 'smiles_inds': [2]}, {'functional_group': 'methyl', 'smiles_inds': [0]}, {'functional_group': 'methyl', 'smiles_inds': [3]}, {'functional_group': 'amino', 'smiles_inds': [1]}, {'functional_group': 'aldehyde', 'smiles_inds': [9]}]",0.9999999999773155
29,top,[nH+]1cc[nH+]c2c1c1cccnc1c1ncccc21,"[13, 10]","[{'functional_group': 'carboxylate', 'smiles_inds': [8]}, {'functional_group': 'aldehyde', 'smiles_inds': [3]}, {'functional_group': 'chloro', 'smiles_inds': [15]}, {'functional_group': 'aldehyde', 'smiles_inds': [16]}, {'functional_group': 'amino', 'smiles_inds': [2]}, {'functional_group': 'iodo', 'smiles_inds': [14]}, {'functional_group': 'carboxylate', 'smiles_inds': [7]}]",0.9999999999773548
29,top,[nH+]1cc[nH+]c2c1c1cccnc1c1ncccc21,"[13, 10]","[{'functional_group': 'carboxylate', 'smiles_inds': [14]}, {'functional_group': 'aldehyde', 'smiles_inds': [16]}, {'functional_group': 'methyl', 'smiles_inds': [3]}, {'functional_group': 'carboxylate', 'smiles_inds': [15]}, {'functional_group': 'phenyl', 'smiles_inds': [2]}, {'functional_group': 'carboxyllic_acid', 'smiles_inds': [7]}, {'functional_group': 'aldehyde', 'smiles_inds': [0]}, {'functional_group': 'amino', 'smiles_inds': [1]}, {'functional_group': 'amino', 'smiles_inds': [8]}, {'functional_group': 'amide', 'smiles_inds': [9]}]",0.999999999977391
29,top,[nH+]1cc[nH+]c2c1c1cccnc1c1ncccc21,"[13, 10]","[{'functional_group': 'carboxylate', 'smiles_inds': [14]}, {'functional_group': 'aldehyde', 'smiles_inds': [16]}, {'functional_group': 'amino', 'smiles_inds': [7]}, {'functional_group': 'amino', 'smiles_inds': [8]}, {'functional_group': 'aldehyde', 'smiles_inds': [15]}, {'functional_group': 'amino', 'smiles_inds': [2]}, {'functional_group': 'aldehyde', 'smiles_inds': [0]}, {'functional_group': 'carboxylate', 'smiles_inds': [3]}, {'functional_group': '2-methylbenzoic_acid', 'smiles_inds': [1]}, {'functional_group': 'carboxylate', 'smiles_inds': [9]}]",0.9999999999793756
29,top,[nH+]1cc[nH+]c2c1c1cccnc1c1ncccc21,"[13, 10]","[{'functional_group': 'carboxylate', 'smiles_inds': [14]}, {'functional_group': 'aldehyde', 'smiles_inds': [16]}, {'functional_group': 'methyl', 'smiles_inds': [3]}, {'functional_group': 'carboxylate', 'smiles_inds': [15]}, {'functional_group': 'phenyl', 'smiles_inds': [2]}, {'functional_group': 'carboxyllic_acid', 'smiles_inds': [7]}, {'functional_group': 'amino', 'smiles_inds': [1]}, {'functional_group': 'chloro', 'smiles_inds': [0]}, {'functional_group': 'ether', 'smiles_inds': [8]}]",0.9999999999801423
29,top,[nH+]1cc[nH+]c2c1c1cccnc1c1ncccc21,"[13, 10]","[{'functional_group': 'carboxylate', 'smiles_inds': [14]}, {'functional_group': 'aldehyde', 'smiles_inds': [16]}, {'functional_group': 'methyl', 'smiles_inds': [3]}, {'functional_group': 'carboxylate', 'smiles_inds': [15]}, {'functional_group': 'phenyl', 'smiles_inds': [2]}, {'functional_group': 'carboxyllic_acid', 'smiles_inds': [7]}, {'functional_group': 'aldehyde', 'smiles_inds': [0]}, {'functional_group': 'carboxylate', 'smiles_inds': [9]}, {'functional_group': 'amino', 'smiles_inds': [8]}]",0.9999999999826201
29,top,[nH+]1cc[nH+]c2c1c1cccnc1c1ncccc21,"[13, 10]","[{'functional_group': 'carboxylate', 'smiles_inds': [14]}, {'functional_group': 'aldehyde', 'smiles_inds': [16]}, {'functional_group': 'methyl', 'smiles_inds': [3]}, {'functional_group': 'carboxylate', 'smiles_inds': [15]}, {'functional_group': 'phenyl', 'smiles_inds': [2]}, {'functional_group': 'carboxylate', 'smiles_inds': [0]}, {'functional_group': 'methyl', 'smiles_inds': [1]}]",0.9999999999830913
29,top,[nH+]1cc[nH+]c2c1c1cccnc1c1ncccc21,"[13, 10]","[{'functional_group': 'carboxylate', 'smiles_inds': [14]}, {'functional_group': 'aldehyde', 'smiles_inds': [16]}, {'functional_group': 'amino', 'smiles_inds': [7]}, {'functional_group': 'amino', 'smiles_inds': [8]}, {'functional_group': 'aldehyde', 'smiles_inds': [15]}, {'functional_group': 'amino', 'smiles_inds': [2]}, {'functional_group': 'methyl', 'smiles_inds': [0]}, {'functional_group': 'amino', 'smiles_inds': [1]}, {'functional_group': 'carbonyl', 'smiles_inds': [3]}, {'functional_group': 'amino', 'smiles_inds': [9]}]",0.9999999999859759
29,top,[nH+]1cc[nH+]c2c1c1cccnc1c1ncccc21,"[13, 10]","[{'functional_group': 'carboxylate', 'smiles_inds': [14]}, {'functional_group': 'aldehyde', 'smiles_inds': [16]}, {'functional_group': 'amino', 'smiles_inds': [7]}, {'functional_group': 'amino', 'smiles_inds': [8]}, {'functional_group': 'aldehyde', 'smiles_inds': [15]}, {'functional_group': 'amino', 'smiles_inds': [2]}, {'functional_group': 'methyl', 'smiles_inds': [0]}, {'functional_group': 'amino', 'smiles_inds': [1]}, {'functional_group': 'carboxylate', 'smiles_inds': [3]}]",0.9999999999877596
29,top,[nH+]1cc[nH+]c2c1c1cccnc1c1ncccc21,"[13, 10]","[{'functional_group': 'carboxylate', 'smiles_inds': [14]}, {'functional_group': 'aldehyde', 'smiles_inds': [16]}, {'functional_group': 'methyl', 'smiles_inds': [3]}, {'functional_group': 'carboxylate', 'smiles_inds': [15]}, {'functional_group': 'phenyl', 'smiles_inds': [2]}, {'functional_group': 'carboxyllic_acid', 'smiles_inds': [7]}, {'functional_group': 'aldehyde', 'smiles_inds': [0]}, {'functional_group': 'carboxylate', 'smiles_inds': [8]}]",0.999999999988971
29,top,[nH+]1cc[nH+]c2c1c1cccnc1c1ncccc21,"[13, 10]","[{'functional_group': 'carboxylate', 'smiles_inds': [14]}, {'functional_group': 'aldehyde', 'smiles_inds': [16]}, {'functional_group': 'amino', 'smiles_inds': [7]}, {'functional_group': 'amino', 'smiles_inds': [8]}, {'functional_group': 'aldehyde', 'smiles_inds': [15]}, {'functional_group': 'amino', 'smiles_inds': [2]}, {'functional_group': 'cyano', 'smiles_inds': [0]}, {'functional_group': 'cyano', 'smiles_inds': [3]}, {'functional_group': 'amino', 'smiles_inds': [1]}]",0.999999999991561
29,top,c1cc(nc(c1)C1=NN=N[N-]1)C1=NN=N[N-]1,"[10, 3, 15]","[{'functional_group': 'ethyl', 'smiles_inds': [0]}, {'functional_group': 'carboxylate', 'smiles_inds': [5]}]",0.9999999999935372
29,top,[nH+]1cc[nH+]c2c1c1cccnc1c1ncccc21,"[13, 10]","[{'functional_group': 'carboxylate', 'smiles_inds': [14]}, {'functional_group': 'aldehyde', 'smiles_inds': [16]}, {'functional_group': 'amino', 'smiles_inds': [7]}, {'functional_group': 'amino', 'smiles_inds': [8]}, {'functional_group': 'aldehyde', 'smiles_inds': [15]}, {'functional_group': 'amino', 'smiles_inds': [2]}, {'functional_group': 'methyl', 'smiles_inds': [0]}, {'functional_group': 'amino', 'smiles_inds': [1]}, {'functional_group': 'aldehyde', 'smiles_inds': [9]}]",0.9999999999940552
29,top,[nH+]1cc[nH+]c2c1c1cccnc1c1ncccc21,"[13, 10]","[{'functional_group': 'carboxylate', 'smiles_inds': [14]}, {'functional_group': 'aldehyde', 'smiles_inds': [16]}, {'functional_group': 'methyl', 'smiles_inds': [3]}, {'functional_group': 'carboxylate', 'smiles_inds': [15]}, {'functional_group': 'phenyl', 'smiles_inds': [2]}, {'functional_group': 'carboxyllic_acid', 'smiles_inds': [7]}, {'functional_group': 'amino', 'smiles_inds': [1]}, {'functional_group': 'phenyl', 'smiles_inds': [0]}, {'functional_group': 'carboxylate', 'smiles_inds': [8]}]",0.9999999999955078
29,top,[nH+]1cc[nH+]c2c1c1cccnc1c1ncccc21,"[13, 10]","[{'functional_group': 'carboxylate', 'smiles_inds': [14]}, {'functional_group': 'aldehyde', 'smiles_inds': [16]}, {'functional_group': 'methyl', 'smiles_inds': [3]}, {'functional_group': 'carboxylate', 'smiles_inds': [15]}, {'functional_group': 'phenyl', 'smiles_inds': [2]}, {'functional_group': 'carboxyllic_acid', 'smiles_inds': [7]}, {'functional_group': 'aldehyde', 'smiles_inds': [0]}, {'functional_group': 'amino', 'smiles_inds': [1]}, {'functional_group': 'amino', 'smiles_inds': [8]}, {'functional_group': 'aldehyde', 'smiles_inds': [9]}]",0.999999999996497
29,top,[nH+]1cc[nH+]c2c1c1cccnc1c1ncccc21,"[13, 10]","[{'functional_group': 'carboxylate', 'smiles_inds': [14]}, {'functional_group': 'aldehyde', 'smiles_inds': [16]}, {'functional_group': 'amino', 'smiles_inds': [7]}, {'functional_group': 'amino', 'smiles_inds': [8]}, {'functional_group': 'aldehyde', 'smiles_inds': [15]}, {'functional_group': 'amino', 'smiles_inds': [2]}, {'functional_group': 'aldehyde', 'smiles_inds': [0]}, {'functional_group': 'carboxylate', 'smiles_inds': [3]}, {'functional_group': 'ketone', 'smiles_inds': [9]}, {'functional_group': 'amino', 'smiles_inds': [1]}]",0.9999999999971072
29,top,[nH+]1cc[nH+]c2c1c1cccnc1c1ncccc21,"[13, 10]","[{'functional_group': 'carboxylate', 'smiles_inds': [14]}, {'functional_group': 'aldehyde', 'smiles_inds': [16]}, {'functional_group': 'methyl', 'smiles_inds': [3]}, {'functional_group': 'carboxylate', 'smiles_inds': [15]}, {'functional_group': 'phenyl', 'smiles_inds': [2]}, {'functional_group': 'carboxyllic_acid', 'smiles_inds': [7]}, {'functional_group': 'aldehyde', 'smiles_inds': [0]}, {'functional_group': 'amino', 'smiles_inds': [1]}, {'functional_group': 'amino', 'smiles_inds': [8]}, {'functional_group': 'amino', 'smiles_inds': [9]}]",0.9999999999973743
29,top,[nH+]1cc[nH+]c2c1c1cccnc1c1ncccc21,"[13, 10]","[{'functional_group': 'carboxylate', 'smiles_inds': [14]}, {'functional_group': 'aldehyde', 'smiles_inds': [16]}, {'functional_group': 'amino', 'smiles_inds': [7]}, {'functional_group': 'amino', 'smiles_inds': [8]}, {'functional_group': 'aldehyde', 'smiles_inds': [15]}, {'functional_group': 'amino', 'smiles_inds': [2]}, {'functional_group': 'aldehyde', 'smiles_inds': [0]}, {'functional_group': 'carboxylate', 'smiles_inds': [3]}, {'functional_group': 'carboxylate', 'smiles_inds': [9]}, {'functional_group': 'bromo', 'smiles_inds': [1]}]",0.9999999999974558
29,top,[nH+]1cc[nH+]c2c1c1cccnc1c1ncccc21,"[13, 10]","[{'functional_group': 'carboxylate', 'smiles_inds': [8]}, {'functional_group': 'aldehyde', 'smiles_inds': [3]}, {'functional_group': 'chloro', 'smiles_inds': [15]}, {'functional_group': 'aldehyde', 'smiles_inds': [16]}, {'functional_group': 'amino', 'smiles_inds': [2]}, {'functional_group': 'iodo', 'smiles_inds': [14]}, {'functional_group': 'aldehyde', 'smiles_inds': [7]}, {'functional_group': 'amino', 'smiles_inds': [1]}]",0.9999999999983984
30,bottom,COC(=O)C(C)(C)NC(=O)C(NC(=O)C1(CCCCC1)NC(=O)C(C)(C)NC(=O)C1(CCCCC1)NC(=O)C(C)(C)NC(=O)c1ccc(nc1)c1ccc(cn1)C(=O)NC(C)(C)C(=O)NC1(CCCCC1)C(=O)NC(C)(C)C(=O)NC1(CCCCC1)C(=O)NC(C(C)C)C(=O)NC(C)(C)C(=O)OC)C(C)C,"[55, 48]","[{'functional_group': 'amide', 'smiles_inds': [20]}, {'functional_group': 'carbonyl', 'smiles_inds': [92]}, {'functional_group': 'carboxyl', 'smiles_inds': [70]}]",1.4779769038284797e-59
30,bottom,CP(CCP(C)c1c(cc(cc1C([Si](C)(C)C)[Si](C)(C)C)C([Si](C)(C)C)([Si](C)(C)C)[Si](C)(C)C)C([Si](C)(C)C)[Si](C)(C)C)c1c(cc(cc1C([Si](C)(C)C)[Si](C)(C)C)C([Si](C)(C)C)([Si](C)(C)C)[Si](C)(C)C)C([Si-](C)C)[Si](C)(C)C,"[4, 72, 1]","[{'functional_group': 'ketone', 'smiles_inds': [55]}]",5.620362932447908e-40
30,bottom,CP(CCP(C)c1c(cc(cc1C([Si](C)(C)C)[Si](C)(C)C)C([Si](C)(C)C)([Si](C)(C)C)[Si](C)(C)C)C([Si](C)(C)C)[Si](C)(C)C)c1c(cc(cc1C([Si](C)(C)C)[Si](C)(C)C)C([Si](C)(C)C)([Si](C)(C)C)[Si](C)(C)C)C([Si-](C)C)[Si](C)(C)C,"[4, 72, 1]","[{'functional_group': 'amino', 'smiles_inds': [32]}]",5.436198415896412e-38
30,bottom,O=C1N2CN3C(=O)N4CN5C(=O)N6CN7C(=O)N8CN9C(=O)N%10CN%11C(=O)N%12CN1C1%13CCCCC21N1CN2C(=O)N(CN%14C(=O)N(CN%15C(=O)N(CN%16C(=O)N(CN%17C(=O)N(CN%13C1=O)C1%12CCCCC%11%171)C1%10CCCCC9%161)C18CCCCC7%151)C16CCCCC5%141)C14CCCCC321,"[26, 0, 6]","[{'functional_group': 'trichloro', 'smiles_inds': [81]}, {'functional_group': 'hydroxyl', 'smiles_inds': [28]}]",1.7008507300705593e-36
30,bottom,O=C1N2CN3C4C5N(CN6C7C8N(CN9C%10C%11N(CN%12C%13C%14N(CN%15C%16C%17N(CN1C1C2N2CN4C(=O)N5CN7C(=O)N8CN%10C(=O)N%11C4OC(N%13C(=O)N%14CN%16C(=O)N%17CN1C2=O)c1ccccc41)C%15=O)C%12=O)C9=O)C6=O)C3=O,"[75, 73]","[{'functional_group': 'trichloro', 'smiles_inds': [3]}]",3.852104249481157e-33
30,bottom,O=C1N2CN3C4C5N(CN6C7C8N(CN9C%10C%11N(CN%12C%13C%14N(CN%15C%16C%17N(CN%18C%19C%20N(CN1C1C2N2CN4C(=O)N5CN7C(=O)N8CN%10C(=O)N%11CN%13C(=O)N%14CN%16C(=O)N%17CN%19C(=O)N%20CN1C2=O)C%18=O)C%15=O)C%12=O)C9=O)C6=O)C3=O,"[0, 73]","[{'functional_group': 'fluoro', 'smiles_inds': [13]}, {'functional_group': '2-hydroxypyridine', 'smiles_inds': [53]}]",5.807024666448476e-33
30,bottom,O=C1N2CN3C4C5N(CN6C7C8N(CN9C%10C%11N(CN%12C%13C%14N(CN%15C%16C%17N(CN%18C%19C%20N(CN1C1C2N2CN4C(=O)N5CN7C(=O)N8CN%10C(=O)N%11CN%13C(=O)N%14CN%16C(=O)N%17CN%19C(=O)N%20CN1C2=O)C%18=O)C%15=O)C%12=O)C9=O)C6=O)C3=O,"[0, 73]","[{'functional_group': 'ketone', 'smiles_inds': [15]}]",7.529396374243913e-33
30,bottom,CC(C)C1NC(=O)C2CCCN2C(=O)C(NC(=O)C2CCCN2C(=O)C(NC(=O)C2CCCN2C(=O)C(NC(=O)C2CCCN2C(=O)C(NC(=O)C2CCCN2C(=O)C(NC(=O)C2CCCN2C1=O)C(C)C)C(C)C)C(C)C)C(C)C)C(C)C,"[13, 68, 35, 24, 46, 57]","[{'functional_group': 'amide', 'smiles_inds': [18]}]",7.533043638912036e-33
30,bottom,O=C1N2CN3C4C5N(CN6C7C8N(CN9C%10C%11N(CN%12C%13C%14N(CN%15C%16C%17N(CN%18C%19C%20N(CN1C1C2N2CN4C(=O)N5CN7C(=O)N8CN%10C(=O)N%11CN%13C(=O)N%14CN%16C(=O)N%17CN%19C(=O)N%20CN1C2=O)C%18=O)C%15=O)C%12=O)C9=O)C6=O)C3=O,"[0, 73]","[{'functional_group': 'trifluro', 'smiles_inds': [28]}, {'functional_group': 'cyanimide', 'smiles_inds': [13]}]",2.773899032195726e-32
30,bottom,O=C1N2CN3C4C5N(CN6C7C8N(CN9C%10C%11N(CN%12C%13C%14N(CN%15C%16C%17N(CN%18C%19C%20N(CN1C1C2N2CN4C(=O)N5CN7C(=O)N8CN%10C(=O)N%11CN%13C(=O)N%14CN%16C(=O)N%17CN%19C(=O)N%20CN1C2=O)C%18=O)C%15=O)C%12=O)C9=O)C6=O)C3=O,"[0, 73]","[{'functional_group': 'trichloro', 'smiles_inds': [26]}]",1.1579863460313788e-31
30,bottom,N=P(c1ccccc1c1cc(cc(c1)c1ccccc1P(=[N-])(C12CC3CC(CC(C3)C1)C2)C12CC3CC(CC(C3)C1)C2)c1ccccc1P(=[N-])(C12CC3CC(CC(C3)C1)C2)C12CC3CC(CC(C3)C1)C2)(C12CC3CC(CC(C3)C1)C2)C12CC3CC(CC(C3)C1)C2,"[0, 21, 49]","[{'functional_group': 'ketone', 'smiles_inds': [23]}, {'functional_group': 'carboxyl', 'smiles_inds': [62]}, {'functional_group': 'trifluro', 'smiles_inds': [89]}]",3.4848216624020993e-31
30,bottom,Fc1c(F)c(F)c(c(F)c1F)C1=C2NC(=C(C3=NC(=C(C4=CC=C([N-]4)C(=C4C=CC(=N4)C(=C4NC(=C(C5=NC(=C(C6=NC(=C(C7=CC=C1N7)c1c(F)c(F)c(F)c(F)c1F)C=C6)c1c(F)c(F)c(F)c(F)c1F)C=C5)c1c(F)c(F)c(F)c(F)c1F)C=C4)c1c(F)c(F)c(F)c(F)c1F)c1c(F)c(F)c(F)c(F)c1F)c1c(F)c(F)c(F)c(F)c1F)C=C3)c1c(F)c(F)c(F)c(F)c1F)C=C2,"[30, 24]","[{'functional_group': 'phosphonate', 'smiles_inds': [74]}]",1.0071979880000584e-29
30,bottom,CC(C)(C)c1cc2c(OP(Oc3c2cc(cc3C(C)(C)C)C(C)(C)C)O[Si]2(O[Si]3(O[Si](OP4Oc5c(cc(cc5C(C)(C)C)C(C)(C)C)c5cc(cc(c5O4)C(C)(C)C)C(C)(C)C)(O[Si]4(O[Si](O3)(O[Si](O2)(O[Si](O4)(O[Si](C)(c2ccccc2)c2ccccc2)C2CCCC2)C2CCCC2)C2CCCC2)C2CCCC2)C2CCCC2)C2CCCC2)C2CCCC2)c(c1)C(C)(C)C,"[9, 32]","[{'functional_group': 'carboxyllic_acid', 'smiles_inds': [45]}]",1.011425335762695e-28
30,bottom,CC(C)c1cccc(C(C)C)c1c1cc(NCCN(CCNc2cc(cc(c2)c2c(cccc2C(C)C)C(C)C)c2c(cccc2C(C)C)C(C)C)CCNc2cc(cc(c2)c2c(cccc2C(C)C)C(C)C)c2c(cccc2C(C)C)C(C)C)cc(c1)c1c(cccc1C(C)C)C(C)C,"[18, 15, 21]","[{'functional_group': 'ethyl', 'smiles_inds': [90]}]",1.031493528739627e-28
30,bottom,CC(C)c1cccc(C(C)C)c1c1cc(NCCN(CCNc2cc(cc(c2)c2c(cccc2C(C)C)C(C)C)c2c(cccc2C(C)C)C(C)C)CCNc2cc(cc(c2)c2c(cccc2C(C)C)C(C)C)c2c(cccc2C(C)C)C(C)C)cc(c1)c1c(cccc1C(C)C)C(C)C,"[18, 15, 21]",[],2.7967253961537417e-28
30,bottom,CC(C)(C)C12P3P4C5(P1C1(P2C3(P1C45C(C)(C)C)C(C)(C)C)C(C)(C)C)C(C)(C)C,[6],"[{'functional_group': 'aldehyde', 'smiles_inds': [2]}, {'functional_group': 'cyano', 'smiles_inds': [21]}]",8.757629120794396e-28
30,bottom,CC12N3CN4C5C6N(CN7C8C9N(CN%10C(=O)N%11CN%12C%13C%14N(CN%15C%16C%17N(CN(C3=O)C1(C)N1CN%17C(=O)N%16CN%14C(=O)N%13CN3C(=O)N(CN9C(=O)N8CN6C(=O)N5CN2C1=O)C%10(C)C%113C)C%15=O)C%12=O)C7=O)C4=O,"[71, 16, 73]","[{'functional_group': 'tribromo', 'smiles_inds': [28]}]",1.2601400056517249e-27
30,bottom,C[NH+]1CCN2CCN(C)Cc3cccc(c3)C(=O)Nc3ccccc3C3=C4NC(=C(C5=NC(=C(C6=NC(=C(C7=CC=C([N-]7)C(=C7NC(=C(C8=CC=C3N8)c3c(F)c(F)c(F)c(F)c3F)C=C7)c3ccccc3NC(=O)c3cccc(CN(C)CC2)c3)c2c(F)c(F)c(F)c(F)c2F)C=C6)c2ccccc2NC(=O)c2cccc(C1)c2)C=C5)c1c(F)c(F)c(F)c(F)c1F)C=C4,"[42, 35]","[{'functional_group': 'ether', 'smiles_inds': [70]}, {'functional_group': 'trichloro', 'smiles_inds': [65]}]",1.85893527236866e-27
30,bottom,C1CCN(C1)P(=Nc1ccc2ccccc2c1c1c(ccc2ccccc12)N=P(N=P(N1CCCC1)(N1CCCC1)N1CCCC1)(N1CCCC1)N1CCCC1)(N=P(N1CCCC1)(N1CCCC1)N1CCCC1)N1CCCC1,"[6, 27]","[{'functional_group': 'carbonyl', 'smiles_inds': [67]}]",2.2050392788961162e-27
30,bottom,CC(C)(C)C12P3P4C5(P1C1(P2C3(P1C45C(C)(C)C)C(C)(C)C)C(C)(C)C)C(C)(C)C,[6],"[{'functional_group': 'carboxylate', 'smiles_inds': [20]}, {'functional_group': 'carbonyl', 'smiles_inds': [3]}]",3.627545631110341e-27
30,median,N#Cc1ccc(cc1)N1C=C(N=N1)c1ccccn1,"[8, 11]","[{'functional_group': 'carboxylate', 'smiles_inds': [15]}]",0.17277990095853388
30,median,CC12CNCCNCC(CNCCSC1)(CNCCSC2)N(=O)=O,"[13, 19, 3, 10, 16, 6]","[{'functional_group': 'tribromo', 'smiles_inds': [14]}, {'functional_group': 'methyl_ester', 'smiles_inds': [4]}]",0.17284443427840254
30,median,CC(C)(C)S(=O)N=C([O-])c1ccccc1,"[4, 8]","[{'functional_group': 'fluoro', 'smiles_inds': [0]}]",0.1728616306495992
30,median,CC(C)(C)c1cc([Se]CCl)c([O-])c(c1)C(C)(C)C,"[7, 11]","[{'functional_group': 'amide', 'smiles_inds': [2]}]",0.17295698836154133
30,median,CC(C)(C)c1cccc2C=C(C(=N)Oc12)c1ccc2ccccc2n1,"[12, 24]","[{'functional_group': 'chloro', 'smiles_inds': [16]}]",0.17297125836369845
30,median,CC([NH+]=Cc1ccccc1[O-])C12CC3CC(CC(C3)C1)C2,[10],[],0.1729724845145301
30,median,C1CC(=[C-]c2ccccc2)c2ncccc12,"[11, 3]",[],0.17305565843743048
30,median,Ic1ccc(NC(=O)c2cccnc2)cc1,[12],[],0.1730674055433145
30,median,O=N(=O)c1ccc(cc1)C1=NN=NN1,[11],"[{'functional_group': 'thiol', 'smiles_inds': [7]}, {'functional_group': 'methyl', 'smiles_inds': [13]}]",0.1730853882812509
30,median,CCC1=C(CC)C(=CC2=C(CC)C(=C(C=C3N=C(Br)C(=C3CC)CC)[N-]2)CC)N=C1Br,"[28, 25, 16]","[{'functional_group': 'methyl_ester', 'smiles_inds': [4]}, {'functional_group': 'ethyl_ester', 'smiles_inds': [10]}, {'functional_group': 'amide', 'smiles_inds': [23]}]",0.17308609100091873
30,median,O=C1N(Cc2ccccc12)P(c1ccccc1)c1ccccc1,"[0, 10]","[{'functional_group': 'ether', 'smiles_inds': [22]}]",0.17311056558112278
30,median,O=C1C(CCc2ccccc12)=Cc1ccc(cc1)N1C=NC=N1,[20],"[{'functional_group': '2-hydroxypyridine', 'smiles_inds': [21]}, {'functional_group': 'bromo', 'smiles_inds': [19]}]",0.17321474162748504
30,median,O=C(OCCOC([O-])(c1ccccn1)c1ccccn1)N1C=CN=C1,"[13, 19, 7]",[],0.17322083111236242
30,median,CC1=C(C)C(=PC=C1c1ccccc1)c1ccccc1,[5],[],0.17336617812410243
30,median,COC(=O)CCCCc1cc(cc(n1)c1cc(cc(n1)c1cccc[c-]1)C(C)(C)C)C(C)(C)C,"[13, 19, 25]",[],0.1733918057229171
30,median,CC(=O)[C-]=Cc1ccccc1,"[2, 3]",[],0.17349207322329568
30,median,Clc1cccc(n1)c1cccc(n1)c1cccc(Cl)n1,"[6, 12, 19]",[],0.1735140279874359
30,median,[O-]N1N=[NH+]c2ccccc12,[0],"[{'functional_group': 'amino', 'smiles_inds': [3]}]",0.17351959494182215
30,median,CC(=N[O-])C(C)(C)N,"[2, 7]","[{'functional_group': 'ketone', 'smiles_inds': [5]}]",0.1736501134976374
30,median,N1N=C(N=C1c1cc[nH+]cc1)c1ccncc1,[14],"[{'functional_group': 'iodo', 'smiles_inds': [10]}]",0.1737000509397759
30,top,[nH+]1cc[nH+]c2c1c1cccnc1c1ncccc21,"[13, 10]","[{'functional_group': 'carboxylate', 'smiles_inds': [14]}, {'functional_group': 'aldehyde', 'smiles_inds': [16]}, {'functional_group': 'methyl', 'smiles_inds': [3]}, {'functional_group': 'carboxylate', 'smiles_inds': [15]}, {'functional_group': 'phenyl', 'smiles_inds': [2]}, {'functional_group': 'carboxyllic_acid', 'smiles_inds': [7]}, {'functional_group': 'aldehyde', 'smiles_inds': [0]}, {'functional_group': 'amino', 'smiles_inds': [1]}, {'functional_group': 'amino', 'smiles_inds': [8]}, {'functional_group': 'methyl_ester', 'smiles_inds': [9]}]",0.9999999999517826
30,top,[nH+]1cc[nH+]c2c1c1cccnc1c1ncccc21,"[13, 10]","[{'functional_group': 'carboxylate', 'smiles_inds': [14]}, {'functional_group': 'aldehyde', 'smiles_inds': [16]}, {'functional_group': 'methyl', 'smiles_inds': [3]}, {'functional_group': 'carboxylate', 'smiles_inds': [15]}, {'functional_group': 'phenyl', 'smiles_inds': [2]}, {'functional_group': 'carboxyllic_acid', 'smiles_inds': [7]}, {'functional_group': 'amino', 'smiles_inds': [1]}, {'functional_group': 'chloro', 'smiles_inds': [0]}, {'functional_group': 'chloro', 'smiles_inds': [9]}, {'functional_group': 'aldehyde', 'smiles_inds': [8]}]",0.9999999999523761
30,top,[nH+]1cc[nH+]c2c1c1cccnc1c1ncccc21,"[13, 10]","[{'functional_group': 'carboxylate', 'smiles_inds': [14]}, {'functional_group': 'aldehyde', 'smiles_inds': [16]}, {'functional_group': 'amino', 'smiles_inds': [7]}, {'functional_group': 'amino', 'smiles_inds': [8]}, {'functional_group': 'aldehyde', 'smiles_inds': [15]}, {'functional_group': 'amino', 'smiles_inds': [2]}, {'functional_group': 'methyl', 'smiles_inds': [0]}, {'functional_group': 'methyl', 'smiles_inds': [3]}, {'functional_group': 'amino', 'smiles_inds': [1]}, {'functional_group': 'amino', 'smiles_inds': [9]}]",0.9999999999552296
30,top,[nH+]1cc[nH+]c2c1c1cccnc1c1ncccc21,"[13, 10]","[{'functional_group': 'carboxylate', 'smiles_inds': [14]}, {'functional_group': 'aldehyde', 'smiles_inds': [16]}, {'functional_group': 'methyl', 'smiles_inds': [3]}, {'functional_group': 'carboxylate', 'smiles_inds': [15]}, {'functional_group': 'phenyl', 'smiles_inds': [2]}, {'functional_group': 'carboxyllic_acid', 'smiles_inds': [7]}, {'functional_group': 'amino', 'smiles_inds': [1]}, {'functional_group': 'ketone', 'smiles_inds': [9]}, {'functional_group': 'ether', 'smiles_inds': [8]}]",0.9999999999586524
30,top,[nH+]1cc[nH+]c2c1c1cccnc1c1ncccc21,"[13, 10]","[{'functional_group': 'carboxylate', 'smiles_inds': [14]}, {'functional_group': 'aldehyde', 'smiles_inds': [16]}, {'functional_group': 'methyl', 'smiles_inds': [3]}, {'functional_group': 'carboxylate', 'smiles_inds': [15]}, {'functional_group': 'phenyl', 'smiles_inds': [2]}, {'functional_group': 'phenyl', 'smiles_inds': [1]}, {'functional_group': '2-hydroxypyridine', 'smiles_inds': [9]}, {'functional_group': 'cyano', 'smiles_inds': [7]}, {'functional_group': 'carboxylate', 'smiles_inds': [8]}]",0.9999999999631684
30,top,[nH+]1cc[nH+]c2c1c1cccnc1c1ncccc21,"[13, 10]","[{'functional_group': 'carboxylate', 'smiles_inds': [14]}, {'functional_group': 'aldehyde', 'smiles_inds': [16]}, {'functional_group': 'methyl', 'smiles_inds': [3]}, {'functional_group': 'carboxylate', 'smiles_inds': [15]}, {'functional_group': 'phenyl', 'smiles_inds': [2]}, {'functional_group': 'carboxyllic_acid', 'smiles_inds': [7]}, {'functional_group': 'aldehyde', 'smiles_inds': [0]}, {'functional_group': 'carboxylate', 'smiles_inds': [9]}, {'functional_group': 'ketone', 'smiles_inds': [8]}]",0.9999999999675215
30,top,NC(=NN=C([O-])C(=NNC(=O)c1cccc(n1)C(=O)NN=C(C([O-])=NN=C(N)c1ccccn1)c1ccccc1)c1ccccc1)c1ccccn1,"[23, 5, 51, 2, 25, 33]","[{'functional_group': 'bromo', 'smiles_inds': [30]}, {'functional_group': 'hydroxyl', 'smiles_inds': [36]}]",0.9999999999682745
30,top,[nH+]1cc[nH+]c2c1c1cccnc1c1ncccc21,"[13, 10]","[{'functional_group': 'carboxylate', 'smiles_inds': [14]}, {'functional_group': 'aldehyde', 'smiles_inds': [16]}, {'functional_group': 'amino', 'smiles_inds': [7]}, {'functional_group': 'amino', 'smiles_inds': [8]}, {'functional_group': 'aldehyde', 'smiles_inds': [15]}, {'functional_group': 'amino', 'smiles_inds': [2]}, {'functional_group': 'aldehyde', 'smiles_inds': [0]}, {'functional_group': 'carboxylate', 'smiles_inds': [3]}, {'functional_group': '2-methylbenzoic_acid', 'smiles_inds': [1]}, {'functional_group': 'carboxylate', 'smiles_inds': [9]}]",0.9999999999708726
30,top,[nH+]1cc[nH+]c2c1c1cccnc1c1ncccc21,"[13, 10]","[{'functional_group': 'carboxylate', 'smiles_inds': [8]}, {'functional_group': 'aldehyde', 'smiles_inds': [3]}, {'functional_group': 'chloro', 'smiles_inds': [15]}, {'functional_group': 'aldehyde', 'smiles_inds': [0]}, {'functional_group': 'aldehyde', 'smiles_inds': [7]}, {'functional_group': 'carboxylate', 'smiles_inds': [16]}]",0.9999999999740177
30,top,[nH+]1cc[nH+]c2c1c1cccnc1c1ncccc21,"[13, 10]","[{'functional_group': 'carboxylate', 'smiles_inds': [14]}, {'functional_group': 'aldehyde', 'smiles_inds': [16]}, {'functional_group': 'methyl', 'smiles_inds': [3]}, {'functional_group': 'carboxylate', 'smiles_inds': [15]}, {'functional_group': 'phenyl', 'smiles_inds': [2]}, {'functional_group': 'carboxyllic_acid', 'smiles_inds': [7]}, {'functional_group': 'aldehyde', 'smiles_inds': [0]}, {'functional_group': 'amino', 'smiles_inds': [1]}, {'functional_group': 'amino', 'smiles_inds': [8]}, {'functional_group': 'amide', 'smiles_inds': [9]}]",0.9999999999743299
30,top,[nH+]1cc[nH+]c2c1c1cccnc1c1ncccc21,"[13, 10]","[{'functional_group': 'carboxylate', 'smiles_inds': [14]}, {'functional_group': 'aldehyde', 'smiles_inds': [16]}, {'functional_group': 'methyl', 'smiles_inds': [3]}, {'functional_group': 'carboxylate', 'smiles_inds': [15]}, {'functional_group': 'phenyl', 'smiles_inds': [2]}, {'functional_group': 'carboxyllic_acid', 'smiles_inds': [7]}, {'functional_group': 'amino', 'smiles_inds': [1]}, {'functional_group': 'ketone', 'smiles_inds': [9]}, {'functional_group': 'aldehyde', 'smiles_inds': [8]}]",0.9999999999818607
30,top,[nH+]1cc[nH+]c2c1c1cccnc1c1ncccc21,"[13, 10]","[{'functional_group': 'carboxylate', 'smiles_inds': [8]}, {'functional_group': 'aldehyde', 'smiles_inds': [3]}, {'functional_group': 'chloro', 'smiles_inds': [15]}, {'functional_group': 'aldehyde', 'smiles_inds': [16]}, {'functional_group': 'amino', 'smiles_inds': [2]}, {'functional_group': 'iodo', 'smiles_inds': [14]}, {'functional_group': 'aldehyde', 'smiles_inds': [7]}, {'functional_group': 'amino', 'smiles_inds': [9]}]",0.9999999999827585
30,top,[nH+]1cc[nH+]c2c1c1cccnc1c1ncccc21,"[13, 10]","[{'functional_group': 'carboxylate', 'smiles_inds': [14]}, {'functional_group': 'aldehyde', 'smiles_inds': [16]}, {'functional_group': 'methyl', 'smiles_inds': [3]}, {'functional_group': 'carboxylate', 'smiles_inds': [15]}, {'functional_group': 'phenyl', 'smiles_inds': [2]}, {'functional_group': 'carboxyllic_acid', 'smiles_inds': [7]}, {'functional_group': 'aldehyde', 'smiles_inds': [0]}, {'functional_group': 'carboxylate', 'smiles_inds': [9]}, {'functional_group': 'amino', 'smiles_inds': [8]}]",0.9999999999872111
30,top,[nH+]1cc[nH+]c2c1c1cccnc1c1ncccc21,"[13, 10]","[{'functional_group': 'carboxylate', 'smiles_inds': [14]}, {'functional_group': 'aldehyde', 'smiles_inds': [16]}, {'functional_group': 'amino', 'smiles_inds': [7]}, {'functional_group': 'amino', 'smiles_inds': [8]}, {'functional_group': 'aldehyde', 'smiles_inds': [15]}, {'functional_group': 'amino', 'smiles_inds': [2]}, {'functional_group': 'cyano', 'smiles_inds': [0]}, {'functional_group': 'cyano', 'smiles_inds': [3]}, {'functional_group': 'carboxylate', 'smiles_inds': [9]}]",0.9999999999878417
30,top,[nH+]1cc[nH+]c2c1c1cccnc1c1ncccc21,"[13, 10]","[{'functional_group': 'carboxylate', 'smiles_inds': [14]}, {'functional_group': 'aldehyde', 'smiles_inds': [16]}, {'functional_group': 'methyl', 'smiles_inds': [3]}, {'functional_group': 'carboxylate', 'smiles_inds': [15]}, {'functional_group': 'phenyl', 'smiles_inds': [2]}, {'functional_group': 'carboxyllic_acid', 'smiles_inds': [7]}, {'functional_group': 'amino', 'smiles_inds': [1]}, {'functional_group': 'chloro', 'smiles_inds': [0]}, {'functional_group': 'aldehyde', 'smiles_inds': [8]}]",0.999999999988874
30,top,[nH+]1cc[nH+]c2c1c1cccnc1c1ncccc21,"[13, 10]","[{'functional_group': 'carboxylate', 'smiles_inds': [14]}, {'functional_group': 'aldehyde', 'smiles_inds': [16]}, {'functional_group': 'methyl', 'smiles_inds': [3]}, {'functional_group': 'carboxylate', 'smiles_inds': [15]}, {'functional_group': 'phenyl', 'smiles_inds': [2]}, {'functional_group': 'carboxyllic_acid', 'smiles_inds': [7]}, {'functional_group': 'amino', 'smiles_inds': [1]}, {'functional_group': 'chloro', 'smiles_inds': [0]}, {'functional_group': 'aldehyde', 'smiles_inds': [8]}, {'functional_group': 'thiol', 'smiles_inds': [9]}]",0.9999999999893403
30,top,[nH+]1cc[nH+]c2c1c1cccnc1c1ncccc21,"[13, 10]","[{'functional_group': 'carboxylate', 'smiles_inds': [14]}, {'functional_group': 'aldehyde', 'smiles_inds': [16]}, {'functional_group': 'amino', 'smiles_inds': [7]}, {'functional_group': 'amino', 'smiles_inds': [8]}, {'functional_group': 'aldehyde', 'smiles_inds': [15]}, {'functional_group': 'amino', 'smiles_inds': [2]}, {'functional_group': 'methyl', 'smiles_inds': [0]}, {'functional_group': 'methyl', 'smiles_inds': [3]}, {'functional_group': 'amino', 'smiles_inds': [1]}, {'functional_group': 'carboxylate', 'smiles_inds': [9]}]",0.9999999999934073
30,top,CC1C(=O)C(=NO)C(=O)C(=NO)C1=O,"[8, 10]","[{'functional_group': 'cyano', 'smiles_inds': [1]}, {'functional_group': 'amino', 'smiles_inds': [6]}]",0.9999999999953315
30,top,[nH+]1cc[nH+]c2c1c1cccnc1c1ncccc21,"[13, 10]","[{'functional_group': 'carboxylate', 'smiles_inds': [14]}, {'functional_group': 'aldehyde', 'smiles_inds': [16]}, {'functional_group': 'amino', 'smiles_inds': [7]}, {'functional_group': 'amino', 'smiles_inds': [8]}, {'functional_group': 'aldehyde', 'smiles_inds': [15]}, {'functional_group': 'amino', 'smiles_inds': [2]}, {'functional_group': 'aldehyde', 'smiles_inds': [0]}, {'functional_group': 'carboxylate', 'smiles_inds': [3]}, {'functional_group': 'ketone', 'smiles_inds': [9]}, {'functional_group': 'amino', 'smiles_inds': [1]}]",0.999999999996986
30,top,[nH+]1cc[nH+]c2c1c1cccnc1c1ncccc21,"[13, 10]","[{'functional_group': 'carboxylate', 'smiles_inds': [14]}, {'functional_group': 'aldehyde', 'smiles_inds': [16]}, {'functional_group': 'methyl', 'smiles_inds': [3]}, {'functional_group': 'carboxylate', 'smiles_inds': [15]}, {'functional_group': 'phenyl', 'smiles_inds': [2]}, {'functional_group': 'carboxyllic_acid', 'smiles_inds': [7]}, {'functional_group': 'aldehyde', 'smiles_inds': [0]}, {'functional_group': 'amino', 'smiles_inds': [1]}, {'functional_group': 'amino', 'smiles_inds': [8]}, {'functional_group': 'amino', 'smiles_inds': [9]}]",0.9999999999982518
31,bottom,CP(CCP(C)c1c(cc(cc1C([Si](C)(C)C)[Si](C)(C)C)C([Si](C)(C)C)([Si](C)(C)C)[Si](C)(C)C)C([Si](C)(C)C)[Si](C)(C)C)c1c(cc(cc1C([Si](C)(C)C)[Si](C)(C)C)C([Si](C)(C)C)([Si](C)(C)C)[Si](C)(C)C)C([Si-](C)C)[Si](C)(C)C,"[4, 72, 1]","[{'functional_group': '2-hydroxypyridine', 'smiles_inds': [19]}, {'functional_group': 'thiol', 'smiles_inds': [52]}]",6.324584987756519e-39
31,bottom,O=C1N2CN3C(=O)N4CN5C(=O)N6CN7C(=O)N8CN9C(=O)N%10CN%11C(=O)N%12CN1C1%13CCCC21N1CN2C(=O)N(CN%14C(=O)N(CN%15C(=O)N(CN%16C(=O)N(CN%17C(=O)N(CN%13C1=O)C1%12CCCC%11%171)C1%10CCCC9%161)C18CCCC7%151)C16CCCC5%141)C14CCCC321,"[54, 59]","[{'functional_group': 'phosphonate', 'smiles_inds': [66]}, {'functional_group': 'ethyl', 'smiles_inds': [23]}]",6.268610247954588e-37
31,bottom,Cc1cc(c2ccc(cc2)N(c2ccccc2)c2ccccc2)c(N=C(C)C(C)=Nc2c(cc(C)cc2c2ccc(cc2)N(c2ccccc2)c2ccccc2)c2ccc(cc2)N(c2ccccc2)c2ccccc2)c(c1)c1ccc(cc1)N(c1ccccc1)c1ccccc1,"[24, 29]",[],3.9121760594394925e-35
31,bottom,CCCCCC1c2cc3C(CCCCC)c4cc5C(CCCCC)c6cc7C(CCCCC)c8cc1c1OCOc2cc3OCOc4c(P(c2ccccc2)c2ccccc2)c5OCOc6cc7OCOc8c1OCc1cccc(COc2c3OCOc4cc5OCOc6c7cc8C(CCCCC)c9cc%10C(CCCCC)c(cc3C(CCCCC)c4cc5C7CCCCC)c2OCOc%10cc9OCOc8c6P(c2ccccc2)c2ccccc2)c1,"[48, 142]","[{'functional_group': 'ethyl', 'smiles_inds': [120]}]",7.348833665902944e-34
31,bottom,CC(C)C1NC(=O)C2CCCN2C(=O)C(NC(=O)C2CCCN2C(=O)C(NC(=O)C2CCCN2C(=O)C(NC(=O)C2CCCN2C(=O)C(NC(=O)C2CCCN2C(=O)C(NC(=O)C2CCCN2C1=O)C(C)C)C(C)C)C(C)C)C(C)C)C(C)C,"[13, 68, 35, 24, 46, 57]","[{'functional_group': 'amino', 'smiles_inds': [18]}]",1.83251124687339e-32
31,bottom,O=C1N2CN3C4C5N(CN6C7C8N(CN9C%10C%11N(CN%12C%13C%14N(CN%15C%16C%17N(CN1C1C2N2CN4C(=O)N5CN7C(=O)N8CN%10C(=O)N%11C4OC(N%13C(=O)N%14CN%16C(=O)N%17CN1C2=O)c1ccccc41)C%15=O)C%12=O)C9=O)C6=O)C3=O,"[75, 73]","[{'functional_group': 'ethyl_ester', 'smiles_inds': [8]}, {'functional_group': 'hydroxyl', 'smiles_inds': [50]}]",2.9690675812168077e-32
31,bottom,O=C1N2CN3C(=O)N4CN5C6C7N(CN8C(=O)N9CN%10C%11C%12N(CN%13C(=O)N%14CN1C1C2N2CN%15C(=O)N(CN6C(=O)N7CN6C(=O)N(CN%11C(=O)N%12CN7C(=O)N(CN1C2=O)C1%14CCCCC%1371)C19CCCCC861)C14CCCCC3%151)C%10=O)C5=O,"[36, 61]","[{'functional_group': 'trichloro', 'smiles_inds': [64]}, {'functional_group': 'amide', 'smiles_inds': [78]}]",1.640048738730967e-31
31,bottom,CC(C)(C)c1cc2c(OP(Oc3c2cc(cc3C(C)(C)C)C(C)(C)C)O[Si]2(O[Si]3(O[Si](OP4Oc5c(cc(cc5C(C)(C)C)C(C)(C)C)c5cc(cc(c5O4)C(C)(C)C)C(C)(C)C)(O[Si]4(O[Si](O3)(O[Si](O2)(O[Si](O4)(O[Si](C)(c2ccccc2)c2ccccc2)C2CCCC2)C2CCCC2)C2CCCC2)C2CCCC2)C2CCCC2)C2CCCC2)C2CCCC2)c(c1)C(C)(C)C,"[9, 32]","[{'functional_group': 'ethyl_ester', 'smiles_inds': [108]}]",1.3982511492769206e-29
31,bottom,C[Si](O[Si]1(O[Si]2(O[Si](OP(c3ccccc3)c3ccccc3)(O[Si]3(O[Si](OP(c4ccccc4)c4ccccc4)(O[Si](O[Si](O3)(O2)C2CCCC2)(O1)C1CCCC1)C1CCCC1)C1CCCC1)C1CCCC1)C1CCCC1)C1CCCC1)(c1ccccc1)c1ccccc1,"[27, 9]","[{'functional_group': 'carboxyl', 'smiles_inds': [49]}]",4.8582701266042134e-29
31,bottom,C[Si](C)(C)[Si]([P-]P1P2PP3P1P3P2[Si]([Si](C)(C)C)([Si](C)(C)C)[Si](C)(C)C)([Si](C)(C)C)[Si](C)(C)C,"[8, 5]","[{'functional_group': 'methyl_ester', 'smiles_inds': [21]}, {'functional_group': 'cyanimide', 'smiles_inds': [19]}]",6.143559237984617e-29
31,bottom,C[Si](O[Si]1(O[Si]2(O[Si](OP(c3ccccc3)c3ccccc3)(O[Si]3(O[Si](OP(c4ccccc4)c4ccccc4)(O[Si](O[Si](O3)(O2)C2CCCC2)(O1)C1CCCC1)C1CCCC1)C1CCCC1)C1CCCC1)C1CCCC1)C1CCCC1)(c1ccccc1)c1ccccc1,"[27, 9]","[{'functional_group': 'chloro', 'smiles_inds': [57]}, {'functional_group': 'cyano', 'smiles_inds': [29]}]",1.9357071475495379e-28
31,bottom,C[Si](O[Si]1(O[Si]2(O[Si](OP(c3ccccc3)c3ccccc3)(O[Si]3(O[Si](OP(c4ccccc4)c4ccccc4)(O[Si](O[Si](O3)(O2)C2CCCC2)(O1)C1CCCC1)C1CCCC1)C1CCCC1)C1CCCC1)C1CCCC1)C1CCCC1)(c1ccccc1)c1ccccc1,"[27, 9]","[{'functional_group': 'hydroxyl', 'smiles_inds': [87]}]",2.2104982911585405e-28
31,bottom,CC(C)c1cccc(C(C)C)c1c1cc(NCCN(CCNc2cc(cc(c2)c2c(cccc2C(C)C)C(C)C)c2c(cccc2C(C)C)C(C)C)CCNc2cc(cc(c2)c2c(cccc2C(C)C)C(C)C)c2c(cccc2C(C)C)C(C)C)cc(c1)c1c(cccc1C(C)C)C(C)C,"[18, 15, 21]",[],4.668735989249717e-28
31,bottom,O=C1N2CN3C4C5N(CN6C7C8N(CN9C%10C%11N(CN%12C%13C%14N(CN%15C%16C%17N(CN1C1C2N2CN4C(=O)N5CN7C(=O)N8CN%10C(=O)N%11C4OC(N%13C(=O)N%14CN%16C(=O)N%17CN1C2=O)c1ccccc41)C%15=O)C%12=O)C9=O)C6=O)C3=O,"[75, 73]","[{'functional_group': 'fluoro', 'smiles_inds': [6]}, {'functional_group': 'phosphonate', 'smiles_inds': [23]}]",4.940671121835194e-28
31,bottom,C1CCN(C1)P(=Nc1ccc2ccccc2c1c1c(ccc2ccccc12)N=P(N=P(N1CCCC1)(N1CCCC1)N1CCCC1)(N1CCCC1)N1CCCC1)(N=P(N1CCCC1)(N1CCCC1)N1CCCC1)N1CCCC1,"[6, 27]",[],6.752364652855902e-27
31,bottom,CC(C)(C)C12P3P4C5(P1C1(P2C3(P1C45C(C)(C)C)C(C)(C)C)C(C)(C)C)C(C)(C)C,[6],"[{'functional_group': 'fluoro', 'smiles_inds': [16]}, {'functional_group': 'carboxylate', 'smiles_inds': [3]}]",6.830669644317985e-27
31,bottom,c1ccc(cc1)N(c1ccccc1)c1ccc(cc1)P(c1ccc(cc1)N(c1ccccc1)c1ccccc1)c1ccc(cc1)N(c1ccccc1)c1ccccc1,[19],"[{'functional_group': 'ethyl', 'smiles_inds': [47]}, {'functional_group': '2-methylbenzoic_acid', 'smiles_inds': [29]}]",8.973016958408414e-27
31,bottom,O=C1N2CN3C4C5N(CN6C7C8N(CN9C%10C%11N(CN%12C%13C%14N(CN%15C%16C%17N(CN%18C%19C%20N(CN1C1C2N2CN4C(=O)N5CN7C(=O)N8CN%10C(=O)N%11CN%13C(=O)N%14CN%16C(=O)N%17CN%19C(=O)N%20CN1C2=O)C%18=O)C%15=O)C%12=O)C9=O)C6=O)C3=O,"[0, 73]","[{'functional_group': '2-hydroxypyridine', 'smiles_inds': [11]}]",2.0388905481543983e-26
31,bottom,Cc1cc(C(c2ccc(cc2)C2CCCCC2)c2ccc(cc2)C2CCCCC2)c(N=C(C)C(C)=Nc2c(cc(C)cc2C(c2ccc(cc2)C2CCCCC2)c2ccc(cc2)C2CCCCC2)C(c2ccc(cc2)C2CCCCC2)c2ccc(cc2)C2CCCCC2)c(c1)C(c1ccc(cc1)C1CCCCC1)c1ccc(cc1)C1CCCCC1,"[30, 35]","[{'functional_group': 'methyl', 'smiles_inds': [26]}]",5.331653840849613e-26
31,bottom,C[Si](C)(C)C(c1cc(C([Si](C)(C)C)[Si](C)(C)C)c([Se]c2ccccc2Sc2ccccc2Sc2ccccc2[Se]c2c(cc(cc2C([Si](C)(C)C)[Si](C)(C)C)C([Si](C)(C)C)[Si](C)(C)C)C([Si](C)(C)C)[Si](C)(C)C)c(c1)C([Si](C)(C)C)[Si](C)(C)C)[Si](C)(C)C,"[25, 32]","[{'functional_group': 'bromo', 'smiles_inds': [58]}]",5.829781586135145e-26
31,median,Fc1ccc(cc1)N=CC1=CC=C[N-]1,"[13, 7]","[{'functional_group': 'methyl_ester', 'smiles_inds': [3]}, {'functional_group': 'fluoro', 'smiles_inds': [10]}]",0.1993604055131872
31,median,CN(Cc1cc(ccc1[O-])C(C)(C)C)C1CCCCC1,"[9, 1]",[],0.19937400675691475
31,median,Cc1cccc(C)c1c1ccc[c-]c1C1=Nc2cc(ccc2O1)C(C)(C)C,"[15, 12]","[{'functional_group': 'amide', 'smiles_inds': [19]}]",0.19941857750602876
31,median,CCCOC(=O)CN(Cc1cc(cc(c1[O-])C(C)(C)C)C(C)(C)C)Cc1cc(cc(c1[O-])C(C)(C)C)C(C)(C)C,"[15, 7, 31]",[],0.19953702453006136
31,median,CC(C)C(=N)NC(=N)C(C)C,"[7, 4]",[],0.19958132438111867
31,median,CN1c2ccccc2N=C1c1cccc(C)n1,"[8, 1]",[],0.1995907066875682
31,median,CSC1=NC(=Cc2ccccn2)C(=O)N1c1ccccc1,"[11, 3]",[],0.19965128548922054
31,median,S(C1=Nc2ccccc2S1)C1=Nc2ccccc2S1,"[2, 11]","[{'functional_group': 'bromo', 'smiles_inds': [4]}]",0.1997915915959875
31,median,Oc1ncccc1C=Cc1ccccc1,[2],"[{'functional_group': 'carboxylate', 'smiles_inds': [12]}, {'functional_group': 'phenyl', 'smiles_inds': [5]}]",0.19984740663180905
31,median,O=N(=O)c1ccc(cc1)C1=NN=NN1,[11],"[{'functional_group': 'methyl', 'smiles_inds': [5]}]",0.19985061057748404
31,median,CC1CNC(C)C1,[3],[],0.19988877623705095
31,median,CC[CH-]CC(C)[S](=O)=O,"[6, 2]","[{'functional_group': 'amide', 'smiles_inds': [5]}]",0.19994563423982498
31,median,C[NH2+]C(C1=NC=CN1)C1=NC=CN1,"[4, 9]","[{'functional_group': '2-methylbenzoic_acid', 'smiles_inds': [5]}, {'functional_group': 'phenyl', 'smiles_inds': [2]}]",0.19996090357083068
31,median,CCCCCCC(=NO)C(C)=NO,"[11, 7]","[{'functional_group': 'thiol', 'smiles_inds': [12]}]",0.19997548241891044
31,median,CC(C([O-])c1ccccc1)N(C)C,"[3, 10]","[{'functional_group': 'ether', 'smiles_inds': [11]}]",0.2000689568967391
31,median,CN(C(=S)N=C([O-])c1cccc(F)c1)c1ccccc1,"[3, 6]",[],0.20008267422356088
31,median,OCCCP(CCCO)CCP(CCCO)CCCO,"[4, 11]",[],0.20016028949343084
31,median,COC(NCCCOC(C)C)c1ccccn1,"[16, 3]","[{'functional_group': 'methyl', 'smiles_inds': [2]}]",0.20016194386381334
31,median,[nH+]1ccccc1C1=CC=C([N-]1)c1ccccn1,"[10, 16]","[{'functional_group': 'cyanimide', 'smiles_inds': [3]}]",0.20017612230130533
31,median,CC(C)(C)c1ccc(N)cc1,[8],[],0.20034890157214857
31,top,[nH+]1cc[nH+]c2c1c1cccnc1c1ncccc21,"[13, 10]","[{'functional_group': 'carboxylate', 'smiles_inds': [14]}, {'functional_group': 'aldehyde', 'smiles_inds': [16]}, {'functional_group': 'amino', 'smiles_inds': [7]}, {'functional_group': 'amino', 'smiles_inds': [8]}, {'functional_group': 'aldehyde', 'smiles_inds': [15]}, {'functional_group': 'amino', 'smiles_inds': [2]}, {'functional_group': 'aldehyde', 'smiles_inds': [0]}, {'functional_group': 'carboxylate', 'smiles_inds': [3]}, {'functional_group': 'cyano', 'smiles_inds': [1]}]",0.9999999999361515
31,top,[nH+]1cc[nH+]c2c1c1cccnc1c1ncccc21,"[13, 10]","[{'functional_group': 'carboxylate', 'smiles_inds': [14]}, {'functional_group': 'aldehyde', 'smiles_inds': [16]}, {'functional_group': 'amino', 'smiles_inds': [7]}, {'functional_group': 'amino', 'smiles_inds': [8]}, {'functional_group': 'aldehyde', 'smiles_inds': [15]}, {'functional_group': 'amino', 'smiles_inds': [2]}, {'functional_group': 'methyl', 'smiles_inds': [0]}, {'functional_group': 'amino', 'smiles_inds': [1]}, {'functional_group': 'iodo', 'smiles_inds': [9]}, {'functional_group': 'carboxylate', 'smiles_inds': [3]}]",0.9999999999425049
31,top,[nH+]1cc[nH+]c2c1c1cccnc1c1ncccc21,"[13, 10]","[{'functional_group': 'carboxylate', 'smiles_inds': [14]}, {'functional_group': 'aldehyde', 'smiles_inds': [16]}, {'functional_group': 'methyl', 'smiles_inds': [3]}, {'functional_group': 'carboxylate', 'smiles_inds': [15]}, {'functional_group': 'phenyl', 'smiles_inds': [2]}, {'functional_group': 'carboxyllic_acid', 'smiles_inds': [7]}, {'functional_group': 'aldehyde', 'smiles_inds': [0]}, {'functional_group': 'amino', 'smiles_inds': [1]}, {'functional_group': 'amino', 'smiles_inds': [8]}, {'functional_group': 'amide', 'smiles_inds': [9]}]",0.9999999999461127
31,top,[nH+]1cc[nH+]c2c1c1cccnc1c1ncccc21,"[13, 10]","[{'functional_group': 'carboxylate', 'smiles_inds': [14]}, {'functional_group': 'aldehyde', 'smiles_inds': [16]}, {'functional_group': 'amino', 'smiles_inds': [7]}, {'functional_group': 'amino', 'smiles_inds': [8]}, {'functional_group': 'aldehyde', 'smiles_inds': [15]}, {'functional_group': 'amino', 'smiles_inds': [2]}, {'functional_group': 'aldehyde', 'smiles_inds': [0]}, {'functional_group': 'carboxylate', 'smiles_inds': [3]}, {'functional_group': '2-methylbenzoic_acid', 'smiles_inds': [1]}, {'functional_group': 'carboxylate', 'smiles_inds': [9]}]",0.9999999999463545
31,top,[nH+]1cc[nH+]c2c1c1cccnc1c1ncccc21,"[13, 10]","[{'functional_group': 'carboxylate', 'smiles_inds': [14]}, {'functional_group': 'aldehyde', 'smiles_inds': [16]}, {'functional_group': 'amino', 'smiles_inds': [7]}, {'functional_group': 'amino', 'smiles_inds': [8]}, {'functional_group': 'aldehyde', 'smiles_inds': [15]}, {'functional_group': 'amino', 'smiles_inds': [2]}, {'functional_group': 'methyl', 'smiles_inds': [0]}, {'functional_group': 'methyl', 'smiles_inds': [3]}, {'functional_group': 'amino', 'smiles_inds': [1]}, {'functional_group': 'aldehyde', 'smiles_inds': [9]}]",0.9999999999527358
31,top,[nH+]1cc[nH+]c2c1c1cccnc1c1ncccc21,"[13, 10]","[{'functional_group': 'carboxylate', 'smiles_inds': [14]}, {'functional_group': 'aldehyde', 'smiles_inds': [16]}, {'functional_group': 'methyl', 'smiles_inds': [3]}, {'functional_group': 'carboxylate', 'smiles_inds': [15]}, {'functional_group': 'phenyl', 'smiles_inds': [2]}, {'functional_group': 'carboxyllic_acid', 'smiles_inds': [7]}, {'functional_group': 'amino', 'smiles_inds': [1]}, {'functional_group': 'chloro', 'smiles_inds': [0]}, {'functional_group': 'aldehyde', 'smiles_inds': [8]}]",0.9999999999576212
31,top,[nH+]1cc[nH+]c2c1c1cccnc1c1ncccc21,"[13, 10]","[{'functional_group': 'carboxylate', 'smiles_inds': [14]}, {'functional_group': 'aldehyde', 'smiles_inds': [16]}, {'functional_group': 'methyl', 'smiles_inds': [3]}, {'functional_group': 'carboxylate', 'smiles_inds': [15]}, {'functional_group': 'phenyl', 'smiles_inds': [2]}, {'functional_group': 'carboxyllic_acid', 'smiles_inds': [7]}, {'functional_group': 'aldehyde', 'smiles_inds': [0]}, {'functional_group': 'carboxylate', 'smiles_inds': [9]}, {'functional_group': 'amino', 'smiles_inds': [8]}]",0.9999999999661968
31,top,[nH+]1cc[nH+]c2c1c1cccnc1c1ncccc21,"[13, 10]","[{'functional_group': 'carboxylate', 'smiles_inds': [14]}, {'functional_group': 'aldehyde', 'smiles_inds': [16]}, {'functional_group': 'amino', 'smiles_inds': [7]}, {'functional_group': 'amino', 'smiles_inds': [8]}, {'functional_group': 'aldehyde', 'smiles_inds': [15]}, {'functional_group': 'amino', 'smiles_inds': [2]}, {'functional_group': 'aldehyde', 'smiles_inds': [0]}, {'functional_group': 'carboxylate', 'smiles_inds': [3]}, {'functional_group': 'aldehyde', 'smiles_inds': [9]}]",0.9999999999670421
31,top,[nH+]1cc[nH+]c2c1c1cccnc1c1ncccc21,"[13, 10]","[{'functional_group': 'carboxylate', 'smiles_inds': [14]}, {'functional_group': 'aldehyde', 'smiles_inds': [16]}, {'functional_group': 'amino', 'smiles_inds': [7]}, {'functional_group': 'amino', 'smiles_inds': [8]}, {'functional_group': 'aldehyde', 'smiles_inds': [15]}, {'functional_group': 'amino', 'smiles_inds': [2]}, {'functional_group': 'methyl', 'smiles_inds': [0]}, {'functional_group': 'methyl', 'smiles_inds': [3]}, {'functional_group': 'amino', 'smiles_inds': [1]}, {'functional_group': 'amino', 'smiles_inds': [9]}]",0.9999999999673037
31,top,[nH+]1cc[nH+]c2c1c1cccnc1c1ncccc21,"[13, 10]","[{'functional_group': 'carboxylate', 'smiles_inds': [8]}, {'functional_group': 'aldehyde', 'smiles_inds': [3]}, {'functional_group': 'chloro', 'smiles_inds': [15]}, {'functional_group': 'aldehyde', 'smiles_inds': [0]}, {'functional_group': 'aldehyde', 'smiles_inds': [7]}, {'functional_group': 'aldehyde', 'smiles_inds': [16]}, {'functional_group': 'amino', 'smiles_inds': [9]}]",0.9999999999736973
31,top,[nH+]1cc[nH+]c2c1c1cccnc1c1ncccc21,"[13, 10]","[{'functional_group': 'carboxylate', 'smiles_inds': [14]}, {'functional_group': 'aldehyde', 'smiles_inds': [16]}, {'functional_group': 'methyl', 'smiles_inds': [3]}, {'functional_group': 'carboxylate', 'smiles_inds': [15]}, {'functional_group': 'phenyl', 'smiles_inds': [2]}, {'functional_group': 'carboxyllic_acid', 'smiles_inds': [7]}, {'functional_group': 'aldehyde', 'smiles_inds': [0]}, {'functional_group': 'amino', 'smiles_inds': [1]}, {'functional_group': 'amino', 'smiles_inds': [8]}, {'functional_group': 'aldehyde', 'smiles_inds': [9]}]",0.9999999999817226
31,top,NC1C(O)C(N)C(O)C(NCCNC2C(O)C(N)C(O)C(N)C2O)C1O,"[0, 9, 12, 17, 21, 5]","[{'functional_group': 'hydroxyl', 'smiles_inds': [24]}]",0.9999999999884155
31,top,NC(=NN=C([O-])C(=NNC(=O)c1cccc(n1)C(=O)NN=C(C([O-])=NN=C(N)c1ccccn1)c1ccccc1)c1ccccc1)c1ccccn1,"[23, 5, 51, 2, 25, 33]",[],0.9999999999886693
31,top,c1cc(nc(c1)C1=NN=N[N-]1)C1=NN=N[N-]1,"[10, 3, 15]","[{'functional_group': 'ethyl', 'smiles_inds': [0]}, {'functional_group': 'carboxylate', 'smiles_inds': [1]}]",0.9999999999912568
31,top,[nH+]1cc[nH+]c2c1c1cccnc1c1ncccc21,"[13, 10]","[{'functional_group': 'carboxylate', 'smiles_inds': [14]}, {'functional_group': 'aldehyde', 'smiles_inds': [16]}, {'functional_group': 'amino', 'smiles_inds': [7]}, {'functional_group': 'amino', 'smiles_inds': [8]}, {'functional_group': 'aldehyde', 'smiles_inds': [15]}, {'functional_group': 'amino', 'smiles_inds': [2]}, {'functional_group': 'methyl', 'smiles_inds': [0]}, {'functional_group': 'iodo', 'smiles_inds': [3]}, {'functional_group': 'methyl', 'smiles_inds': [1]}, {'functional_group': 'carboxylate', 'smiles_inds': [9]}]",0.9999999999934939
31,top,[nH+]1cc[nH+]c2c1c1cccnc1c1ncccc21,"[13, 10]","[{'functional_group': 'carboxylate', 'smiles_inds': [14]}, {'functional_group': 'aldehyde', 'smiles_inds': [16]}, {'functional_group': 'amino', 'smiles_inds': [7]}, {'functional_group': 'amino', 'smiles_inds': [8]}, {'functional_group': 'aldehyde', 'smiles_inds': [15]}, {'functional_group': 'amino', 'smiles_inds': [2]}, {'functional_group': 'methyl', 'smiles_inds': [0]}, {'functional_group': 'methyl', 'smiles_inds': [3]}, {'functional_group': 'amino', 'smiles_inds': [1]}, {'functional_group': 'carboxylate', 'smiles_inds': [9]}]",0.999999999993898
31,top,[nH+]1cc[nH+]c2c1c1cccnc1c1ncccc21,"[13, 10]","[{'functional_group': 'carboxylate', 'smiles_inds': [14]}, {'functional_group': 'aldehyde', 'smiles_inds': [16]}, {'functional_group': 'methyl', 'smiles_inds': [3]}, {'functional_group': 'carboxylate', 'smiles_inds': [15]}, {'functional_group': 'phenyl', 'smiles_inds': [2]}, {'functional_group': 'carboxyllic_acid', 'smiles_inds': [7]}, {'functional_group': 'aldehyde', 'smiles_inds': [0]}, {'functional_group': 'amino', 'smiles_inds': [1]}, {'functional_group': 'amino', 'smiles_inds': [8]}, {'functional_group': 'amino', 'smiles_inds': [9]}]",0.9999999999960008
31,top,NC1C(O)C(N)C(O)C(NCCNC2C(O)C(N)C(O)C(N)C2O)C1O,"[0, 9, 12, 17, 21, 5]",[],0.9999999999966067
31,top,CC(C(=O)[N-]CCN)(C(=O)[N-]CCN)C(=O)[N-]CCN,"[7, 4, 13, 10, 19, 16]",[],0.9999999999982918
31,top,[nH+]1cc[nH+]c2c1c1cccnc1c1ncccc21,"[13, 10]","[{'functional_group': 'carboxylate', 'smiles_inds': [14]}, {'functional_group': 'aldehyde', 'smiles_inds': [16]}, {'functional_group': 'methyl', 'smiles_inds': [3]}, {'functional_group': 'carboxylate', 'smiles_inds': [15]}, {'functional_group': 'phenyl', 'smiles_inds': [2]}, {'functional_group': 'carboxyllic_acid', 'smiles_inds': [7]}, {'functional_group': 'aldehyde', 'smiles_inds': [0]}, {'functional_group': 'carboxylate', 'smiles_inds': [9]}, {'functional_group': 'carboxylate', 'smiles_inds': [8]}]",0.9999999999991134
32,bottom,Cc1cc(c2ccc(cc2)N(c2ccccc2)c2ccccc2)c(N=C(C)C(C)=Nc2c(cc(C)cc2c2ccc(cc2)N(c2ccccc2)c2ccccc2)c2ccc(cc2)N(c2ccccc2)c2ccccc2)c(c1)c1ccc(cc1)N(c1ccccc1)c1ccccc1,"[24, 29]",[],5.869361191086968e-39
32,bottom,CC(C)C1NC(=O)C2CCCN2C(=O)C(NC(=O)C2CCCN2C(=O)C(NC(=O)C2CCCN2C(=O)C(NC(=O)C2CCCN2C(=O)C(NC(=O)C2CCCN2C(=O)C(NC(=O)C2CCCN2C1=O)C(C)C)C(C)C)C(C)C)C(C)C)C(C)C,"[13, 68, 35, 24, 46, 57]",[],7.627091505075895e-34
32,bottom,O=C1N2CN3C(=O)N4CN5C(=O)N6CN7C(=O)N8CN9C(=O)N%10CN1C1%11CCCC21N1CN2C(=O)N(CN%12C(=O)N(CN%13C(=O)N(CN%14C(=O)N(CN%11C1=O)C1%10CCCC9%141)C18CCCC7%131)C16CCCC5%121)C14CCCC321,"[0, 6]","[{'functional_group': 'ketone', 'smiles_inds': [71]}, {'functional_group': 'trifluro', 'smiles_inds': [41]}]",1.4845870202870676e-33
32,bottom,C[Si](C)(C)c1cc(cc(c1)[Si](C)(C)C)C(C(=O)Nc1cccc(NC(=O)C(c2cc(cc(c2)[Si](C)(C)C)[Si](C)(C)C)(c2cc(cc(c2)[Si](C)(C)C)[Si](C)(C)C)c2cc(cc(c2)[Si](C)(C)C)[Si](C)(C)C)c1[S-])(c1cc(cc(c1)[Si](C)(C)C)[Si](C)(C)C)c1cc(cc(c1)[Si](C)(C)C)[Si](C)(C)C,"[70, 16]","[{'functional_group': 'cyano', 'smiles_inds': [97]}]",2.899266371825654e-32
32,bottom,O=C1N2CN3C4C5N(CN6C7C8N(CN9C%10C%11N(CN%12C%13C%14N(CN%15C%16C%17N(CN1C1C2N2CN4C(=O)N5CN7C(=O)N8CN%10C(=O)N%11C4OC(N%13C(=O)N%14CN%16C(=O)N%17CN1C2=O)c1ccccc41)C%15=O)C%12=O)C9=O)C6=O)C3=O,"[75, 73]","[{'functional_group': 'thiol', 'smiles_inds': [16]}]",2.391983797906446e-30
32,bottom,Fc1c(F)c(F)c(c(F)c1F)C1=C2NC(=C(C3=NC(=C(C4=CC=C([N-]4)C(=C4C=CC(=N4)C(=C4NC(=C(C5=NC(=C(C6=NC(=C(C7=CC=C1N7)c1c(F)c(F)c(F)c(F)c1F)C=C6)c1c(F)c(F)c(F)c(F)c1F)C=C5)c1c(F)c(F)c(F)c(F)c1F)C=C4)c1c(F)c(F)c(F)c(F)c1F)c1c(F)c(F)c(F)c(F)c1F)c1c(F)c(F)c(F)c(F)c1F)C=C3)c1c(F)c(F)c(F)c(F)c1F)C=C2,"[30, 24]","[{'functional_group': 'phenyl', 'smiles_inds': [73]}]",5.180454066169049e-30
32,bottom,C1CCN(C1)P(=Nc1ccc2ccccc2c1c1c(ccc2ccccc12)N=P(N=P(N1CCCC1)(N1CCCC1)N1CCCC1)(N1CCCC1)N1CCCC1)(N=P(N1CCCC1)(N1CCCC1)N1CCCC1)N1CCCC1,"[6, 27]",[],5.7544545267732554e-30
32,bottom,CC(C)c1cccc(C(C)C)c1c1cc(NCCN(CCNc2cc(cc(c2)c2c(cccc2C(C)C)C(C)C)c2c(cccc2C(C)C)C(C)C)CCNc2cc(cc(c2)c2c(cccc2C(C)C)C(C)C)c2c(cccc2C(C)C)C(C)C)cc(c1)c1c(cccc1C(C)C)C(C)C,"[18, 15, 21]","[{'functional_group': 'ethyl', 'smiles_inds': [47]}, {'functional_group': 'methyl', 'smiles_inds': [17]}]",3.1210994076154665e-29
32,bottom,CC(C)(C)c1cc2c(OP(Oc3c2cc(cc3C(C)(C)C)C(C)(C)C)O[Si]2(O[Si]3(O[Si](OP4Oc5c(cc(cc5C(C)(C)C)C(C)(C)C)c5cc(cc(c5O4)C(C)(C)C)C(C)(C)C)(O[Si]4(O[Si](O3)(O[Si](O2)(O[Si](O4)(O[Si](C)(c2ccccc2)c2ccccc2)C2CCCC2)C2CCCC2)C2CCCC2)C2CCCC2)C2CCCC2)C2CCCC2)C2CCCC2)c(c1)C(C)(C)C,"[9, 32]","[{'functional_group': 'cyanimide', 'smiles_inds': [109]}]",3.1395038195038204e-29
32,bottom,CC(C)c1cccc(C(C)C)c1c1cc(NCCN(CCNc2cc(cc(c2)c2c(cccc2C(C)C)C(C)C)c2c(cccc2C(C)C)C(C)C)CCNc2cc(cc(c2)c2c(cccc2C(C)C)C(C)C)c2c(cccc2C(C)C)C(C)C)cc(c1)c1c(cccc1C(C)C)C(C)C,"[18, 15, 21]","[{'functional_group': 'tribromo', 'smiles_inds': [31]}, {'functional_group': 'carbonyl', 'smiles_inds': [19]}]",5.271486709466376e-29
32,bottom,CC1=C(C)C2(C)P3P4C5(C)C(=C(C)C(C)(C35C)C2(C)C14C)C,[7],"[{'functional_group': 'cyano', 'smiles_inds': [16]}, {'functional_group': 'methyl_ester', 'smiles_inds': [5]}]",4.309375536194931e-28
32,bottom,Cc1cc(C(c2ccccc2)c2ccccc2)c(N=C(C)C(C)=Nc2c(cc(C)cc2c2ccc(cc2)N(c2ccccc2)c2ccccc2)C(c2ccccc2)c2ccccc2)c(c1)c1ccc(cc1)N(c1ccccc1)c1ccccc1,"[18, 23]","[{'functional_group': 'fluoro', 'smiles_inds': [79]}, {'functional_group': 'ethyl_ester', 'smiles_inds': [39]}, {'functional_group': 'amino', 'smiles_inds': [47]}]",1.0409037972508094e-27
32,bottom,CC(C)(C)c1ccc(cc1)C(c1ccc(cc1)N1C(=O)OCC1=Cc1cccc(C=C2COC(=O)N2c2ccc(cc2)C(c2ccc(cc2)C(C)(C)C)(c2ccc(cc2)C(C)(C)C)c2ccc(cc2)C(C)(C)C)n1)(c1ccc(cc1)C(C)(C)C)c1ccc(cc1)C(C)(C)C,[73],"[{'functional_group': 'amide', 'smiles_inds': [37]}]",4.026764566811167e-27
32,bottom,C[Si](O[Si]1(O[Si]2(O[Si](OP(c3ccccc3)c3ccccc3)(O[Si]3(O[Si](OP(c4ccccc4)c4ccccc4)(O[Si](O[Si](O3)(O2)C2CCCC2)(O1)C1CCCC1)C1CCCC1)C1CCCC1)C1CCCC1)C1CCCC1)C1CCCC1)(c1ccccc1)c1ccccc1,"[27, 9]","[{'functional_group': 'carboxyllic_acid', 'smiles_inds': [46]}]",4.976248757177348e-27
32,bottom,Cc1cc(C(c2ccccc2)c2ccccc2)c(N=C(C)C(C)=Nc2c(cc(C)cc2c2ccc(cc2)N(c2ccccc2)c2ccccc2)C(c2ccccc2)c2ccccc2)c(c1)c1ccc(cc1)N(c1ccccc1)c1ccccc1,"[18, 23]",[],1.2580788529051832e-26
32,bottom,CC(C)(C)c1ccc(cc1)C(c1ccc(cc1)N1C(=O)OCC1=Cc1cccc(C=C2COC(=O)N2c2ccc(cc2)C(c2ccc(cc2)C(C)(C)C)(c2ccc(cc2)C(C)(C)C)c2ccc(cc2)C(C)(C)C)n1)(c1ccc(cc1)C(C)(C)C)c1ccc(cc1)C(C)(C)C,[73],"[{'functional_group': 'carboxyllic_acid', 'smiles_inds': [45]}]",2.60045139787748e-26
32,bottom,CC(C)(C)O[Si](OP(O[Si](OC(C)(C)C)(OC(C)(C)C)OC(C)(C)C)O[Si](OC(C)(C)C)(OC(C)(C)C)OC(C)(C)C)(OC(C)(C)C)OC(C)(C)C,[7],"[{'functional_group': 'ethyl_ester', 'smiles_inds': [49]}]",2.846554711121853e-26
32,bottom,C[Si](C)(C)[Si]1([Sb][Si]([Si](C)(C)C)([Si](C)(C)[Si]1(C)C)[Si]([Si](C)(C)C)([Si](C)(C)C)[Si](C)(C)C)[Si](C)(C)C,[5],"[{'functional_group': 'carboxylate', 'smiles_inds': [32]}]",5.978605377027975e-26
32,bottom,C[Si](C)(CCC(F)(F)C(F)(F)C(F)(F)C(F)(F)C(F)(F)C(F)(F)F)c1ccc(cc1)P(CCP(c1ccc(cc1)[Si](C)(C)CCC(F)(F)C(F)(F)C(F)(F)C(F)(F)C(F)(F)C(F)(F)F)c1ccc(cc1)[Si](C)(C)CCC(F)(F)C(F)(F)C(F)(F)C(F)(F)C(F)(F)C(F)(F)F)c1ccc(cc1)[Si](C)(C)CCC(F)(F)C(F)(F)C(F)(F)C(F)(F)C(F)(F)C(F)(F)F,"[30, 33]","[{'functional_group': 'trichloro', 'smiles_inds': [65]}]",6.665722561125482e-26
32,bottom,C[Si]([Ge]1[Si]2([Ge]([Si]12[Si](C)(C(C)(C)C)C(C)(C)C)[Si](C)(C(C)(C)C)C(C)(C)C)[Si](C)(C(C)(C)C)C(C)(C)C)(C(C)(C)C)C(C)(C)C,"[2, 4]","[{'functional_group': 'thiol', 'smiles_inds': [19]}]",1.469985622484134e-25
32,median,N1C(=[NH+]c2c1c1cccnc1c1ncccc21)c1ccccc1,"[9, 12]","[{'functional_group': 'amide', 'smiles_inds': [14]}]",0.18666454475968225
32,median,N1N=NN=C1c1cc[nH+]cc1,[2],"[{'functional_group': 'ethyl', 'smiles_inds': [6]}, {'functional_group': '2-hydroxypyridine', 'smiles_inds': [9]}]",0.18670707598782063
32,median,C1CN2CCN=Cc3cccc(n3)C3NCCN3CCN=Cc3cccc(n3)C2N1,"[12, 17, 20, 27, 2, 5]","[{'functional_group': 'bromo', 'smiles_inds': [13]}]",0.18675730330891016
32,median,CC(NCC(C)(C)N)C(C)=NO,"[10, 2, 7]",[],0.18677273499041505
32,median,Clc1cc(ncn1)N1CCCN2CCCN=C12,"[7, 15]","[{'functional_group': 'carboxylate', 'smiles_inds': [8]}]",0.18678591916623474
32,median,CCN1C=NC2=C1N=CNC2=O,[4],"[{'functional_group': 'carbonyl', 'smiles_inds': [1]}]",0.1867944491767877
32,median,CCOC(=O)[CH-]C(C(=O)OCC)c1ccccc1C=O,"[8, 5]",[],0.18683573858597174
32,median,O=[S](=O)Sc1ccccc1,[3],"[{'functional_group': '2-methylbenzoic_acid', 'smiles_inds': [7]}]",0.18688487612176655
32,median,COC(=O)C=CC=[C-]C(=O)OC,"[9, 7]",[],0.1869228431422368
32,median,C(CN1[CH-]N(Cc2ccccn2)c2ccccc12)OCCN1[CH-]N(Cc2ccccn2)c2ccccc12,"[21, 22, 3]",[],0.18692449137001507
32,median,CCCCN=Cc1cc(ccc1[O-])C(C)(C)C,"[12, 4]",[],0.18701292198264327
32,median,CSc1cc(nc(c1)c1ccccn1)c1ccccn1,"[5, 13, 19]",[],0.18713672291191652
32,median,O=N(=O)c1cccc(C[NH2+]C23CNCCNCC([NH2+]Cc4cccc(c4)N(=O)=O)(CNCCNC2)CNCCNC3)c1,"[15, 33, 30, 12, 39, 36]","[{'functional_group': 'amino', 'smiles_inds': [19]}, {'functional_group': 'cyanimide', 'smiles_inds': [35]}, {'functional_group': 'phenyl', 'smiles_inds': [6]}, {'functional_group': 'cyanimide', 'smiles_inds': [40]}]",0.18716501656607956
32,median,Oc1ccc(cc1)C1=C(OCc2ccccn2)N=C(S1)c1ccccn1,"[25, 17, 16]","[{'functional_group': 'ether', 'smiles_inds': [22]}]",0.18721683519709062
32,median,CC(C)C(=N)NC(=N)C(C)C,"[7, 4]",[],0.18725387458316312
32,median,OC(=O)CCCN=Cc1ccccn1,"[13, 6]",[],0.1873161136449588
32,median,CP(C)(C)=S,[4],"[{'functional_group': '2-hydroxypyridine', 'smiles_inds': [2]}, {'functional_group': 'phosphonate', 'smiles_inds': [0]}]",0.18732383697355065
32,median,CN1C(=Nc2ccccc12)C[Se]c1ccccc1,"[11, 3]",[],0.18738702256008538
32,median,O=C1NC(=O)C2=CNN=C2N1,[8],"[{'functional_group': 'carboxyl', 'smiles_inds': [10]}, {'functional_group': 'trichloro', 'smiles_inds': [2]}]",0.18741967515713873
32,median,N1c2ccccc2N=C1c1nccc2c1Nc1ccccc21,"[7, 10]","[{'functional_group': 'chloro', 'smiles_inds': [3]}, {'functional_group': 'methyl', 'smiles_inds': [19]}]",0.18749244947769023
32,top,[nH+]1cc[nH+]c2c1c1cccnc1c1ncccc21,"[13, 10]","[{'functional_group': 'carboxylate', 'smiles_inds': [14]}, {'functional_group': 'aldehyde', 'smiles_inds': [16]}, {'functional_group': 'amino', 'smiles_inds': [7]}, {'functional_group': 'amino', 'smiles_inds': [8]}, {'functional_group': 'aldehyde', 'smiles_inds': [15]}, {'functional_group': 'amino', 'smiles_inds': [2]}, {'functional_group': 'methyl', 'smiles_inds': [1]}]",0.9999999999758156
32,top,[nH+]1cc[nH+]c2c1c1cccnc1c1ncccc21,"[13, 10]","[{'functional_group': 'carboxylate', 'smiles_inds': [14]}, {'functional_group': 'aldehyde', 'smiles_inds': [16]}, {'functional_group': 'amino', 'smiles_inds': [7]}, {'functional_group': 'amino', 'smiles_inds': [8]}, {'functional_group': 'aldehyde', 'smiles_inds': [15]}, {'functional_group': 'amino', 'smiles_inds': [2]}, {'functional_group': 'aldehyde', 'smiles_inds': [0]}, {'functional_group': 'carboxylate', 'smiles_inds': [3]}, {'functional_group': 'ketone', 'smiles_inds': [9]}, {'functional_group': 'ethyl', 'smiles_inds': [1]}]",0.9999999999760001
32,top,[nH+]1cc[nH+]c2c1c1cccnc1c1ncccc21,"[13, 10]","[{'functional_group': 'carboxylate', 'smiles_inds': [14]}, {'functional_group': 'aldehyde', 'smiles_inds': [16]}, {'functional_group': 'amino', 'smiles_inds': [7]}, {'functional_group': 'amino', 'smiles_inds': [8]}, {'functional_group': 'aldehyde', 'smiles_inds': [15]}, {'functional_group': 'amino', 'smiles_inds': [2]}, {'functional_group': 'aldehyde', 'smiles_inds': [0]}, {'functional_group': 'carboxylate', 'smiles_inds': [3]}, {'functional_group': 'ketone', 'smiles_inds': [9]}, {'functional_group': 'tribromo', 'smiles_inds': [1]}]",0.99999999997784
32,top,[nH+]1cc[nH+]c2c1c1cccnc1c1ncccc21,"[13, 10]","[{'functional_group': 'carboxylate', 'smiles_inds': [14]}, {'functional_group': 'aldehyde', 'smiles_inds': [16]}, {'functional_group': 'amino', 'smiles_inds': [7]}, {'functional_group': 'amino', 'smiles_inds': [8]}, {'functional_group': 'aldehyde', 'smiles_inds': [15]}, {'functional_group': 'amino', 'smiles_inds': [2]}, {'functional_group': 'aldehyde', 'smiles_inds': [0]}, {'functional_group': 'carboxylate', 'smiles_inds': [3]}, {'functional_group': 'cyano', 'smiles_inds': [1]}]",0.9999999999785787
32,top,[nH+]1cc[nH+]c2c1c1cccnc1c1ncccc21,"[13, 10]","[{'functional_group': 'carboxylate', 'smiles_inds': [14]}, {'functional_group': 'aldehyde', 'smiles_inds': [16]}, {'functional_group': 'methyl', 'smiles_inds': [3]}, {'functional_group': 'carboxylate', 'smiles_inds': [15]}, {'functional_group': 'phenyl', 'smiles_inds': [2]}, {'functional_group': 'carboxyllic_acid', 'smiles_inds': [7]}, {'functional_group': 'aldehyde', 'smiles_inds': [0]}, {'functional_group': 'amino', 'smiles_inds': [1]}, {'functional_group': 'amino', 'smiles_inds': [8]}, {'functional_group': 'trifluro', 'smiles_inds': [9]}]",0.9999999999816653
32,top,[nH+]1cc[nH+]c2c1c1cccnc1c1ncccc21,"[13, 10]","[{'functional_group': 'carboxylate', 'smiles_inds': [14]}, {'functional_group': 'aldehyde', 'smiles_inds': [16]}, {'functional_group': 'amino', 'smiles_inds': [7]}, {'functional_group': 'amino', 'smiles_inds': [8]}, {'functional_group': 'aldehyde', 'smiles_inds': [15]}, {'functional_group': 'amino', 'smiles_inds': [2]}, {'functional_group': 'methyl', 'smiles_inds': [0]}, {'functional_group': 'amino', 'smiles_inds': [1]}, {'functional_group': 'carboxyl', 'smiles_inds': [3]}, {'functional_group': 'amide', 'smiles_inds': [9]}]",0.9999999999863236
32,top,[nH+]1cc[nH+]c2c1c1cccnc1c1ncccc21,"[13, 10]","[{'functional_group': 'carboxylate', 'smiles_inds': [14]}, {'functional_group': 'aldehyde', 'smiles_inds': [16]}, {'functional_group': 'amino', 'smiles_inds': [7]}, {'functional_group': 'amino', 'smiles_inds': [8]}, {'functional_group': 'aldehyde', 'smiles_inds': [15]}, {'functional_group': 'amino', 'smiles_inds': [2]}, {'functional_group': 'methyl', 'smiles_inds': [0]}, {'functional_group': 'methyl', 'smiles_inds': [3]}, {'functional_group': 'amino', 'smiles_inds': [1]}, {'functional_group': 'amino', 'smiles_inds': [9]}]",0.9999999999867137
32,top,[nH+]1cc[nH+]c2c1c1cccnc1c1ncccc21,"[13, 10]","[{'functional_group': 'carboxylate', 'smiles_inds': [14]}, {'functional_group': 'aldehyde', 'smiles_inds': [16]}, {'functional_group': 'amino', 'smiles_inds': [7]}, {'functional_group': 'amino', 'smiles_inds': [8]}, {'functional_group': 'aldehyde', 'smiles_inds': [15]}, {'functional_group': 'amino', 'smiles_inds': [2]}, {'functional_group': 'aldehyde', 'smiles_inds': [0]}, {'functional_group': 'carboxylate', 'smiles_inds': [3]}, {'functional_group': '2-methylbenzoic_acid', 'smiles_inds': [1]}, {'functional_group': 'carboxylate', 'smiles_inds': [9]}]",0.999999999988147
32,top,[nH+]1cc[nH+]c2c1c1cccnc1c1ncccc21,"[13, 10]","[{'functional_group': 'carboxylate', 'smiles_inds': [8]}, {'functional_group': 'aldehyde', 'smiles_inds': [3]}, {'functional_group': 'chloro', 'smiles_inds': [15]}, {'functional_group': 'aldehyde', 'smiles_inds': [16]}, {'functional_group': 'amino', 'smiles_inds': [2]}, {'functional_group': 'iodo', 'smiles_inds': [14]}, {'functional_group': 'aldehyde', 'smiles_inds': [7]}, {'functional_group': 'carboxylate', 'smiles_inds': [9]}]",0.9999999999902367
32,top,[nH+]1cc[nH+]c2c1c1cccnc1c1ncccc21,"[13, 10]","[{'functional_group': 'carboxylate', 'smiles_inds': [14]}, {'functional_group': 'aldehyde', 'smiles_inds': [16]}, {'functional_group': 'amino', 'smiles_inds': [7]}, {'functional_group': 'amino', 'smiles_inds': [8]}, {'functional_group': 'aldehyde', 'smiles_inds': [15]}, {'functional_group': 'amino', 'smiles_inds': [2]}, {'functional_group': 'aldehyde', 'smiles_inds': [0]}, {'functional_group': 'carboxylate', 'smiles_inds': [3]}, {'functional_group': 'ketone', 'smiles_inds': [9]}, {'functional_group': 'cyano', 'smiles_inds': [1]}]",0.9999999999909022
32,top,[nH+]1cc[nH+]c2c1c1cccnc1c1ncccc21,"[13, 10]","[{'functional_group': 'carboxylate', 'smiles_inds': [14]}, {'functional_group': 'aldehyde', 'smiles_inds': [16]}, {'functional_group': 'amino', 'smiles_inds': [7]}, {'functional_group': 'amino', 'smiles_inds': [8]}, {'functional_group': 'aldehyde', 'smiles_inds': [15]}, {'functional_group': 'amino', 'smiles_inds': [2]}, {'functional_group': 'phenyl', 'smiles_inds': [1]}, {'functional_group': 'carboxylate', 'smiles_inds': [9]}]",0.9999999999911997
32,top,CCOC1=CN=C(O1)c1cccc([c-]1)C1=NC=C(OCC)O1,"[5, 15, 13]","[{'functional_group': 'carboxylate', 'smiles_inds': [19]}, {'functional_group': 'fluoro', 'smiles_inds': [0]}, {'functional_group': 'carboxylate', 'smiles_inds': [10]}]",0.9999999999925335
32,top,[nH+]1cc[nH+]c2c1c1cccnc1c1ncccc21,"[13, 10]","[{'functional_group': 'carboxylate', 'smiles_inds': [14]}, {'functional_group': 'aldehyde', 'smiles_inds': [16]}, {'functional_group': 'amino', 'smiles_inds': [7]}, {'functional_group': 'amino', 'smiles_inds': [8]}, {'functional_group': 'aldehyde', 'smiles_inds': [15]}, {'functional_group': 'amino', 'smiles_inds': [2]}, {'functional_group': 'aldehyde', 'smiles_inds': [0]}, {'functional_group': 'carboxylate', 'smiles_inds': [3]}, {'functional_group': 'ketone', 'smiles_inds': [9]}, {'functional_group': 'aldehyde', 'smiles_inds': [1]}]",0.9999999999932816
32,top,[nH+]1cc[nH+]c2c1c1cccnc1c1ncccc21,"[13, 10]","[{'functional_group': 'carboxylate', 'smiles_inds': [14]}, {'functional_group': 'aldehyde', 'smiles_inds': [16]}, {'functional_group': 'amino', 'smiles_inds': [7]}, {'functional_group': 'amino', 'smiles_inds': [8]}, {'functional_group': 'aldehyde', 'smiles_inds': [15]}, {'functional_group': 'amino', 'smiles_inds': [2]}, {'functional_group': 'cyano', 'smiles_inds': [0]}, {'functional_group': 'cyano', 'smiles_inds': [3]}, {'functional_group': 'amino', 'smiles_inds': [1]}]",0.999999999993731
32,top,[nH+]1cc[nH+]c2c1c1cccnc1c1ncccc21,"[13, 10]","[{'functional_group': 'carboxylate', 'smiles_inds': [14]}, {'functional_group': 'aldehyde', 'smiles_inds': [16]}, {'functional_group': 'methyl', 'smiles_inds': [3]}, {'functional_group': 'carboxylate', 'smiles_inds': [15]}, {'functional_group': 'phenyl', 'smiles_inds': [2]}, {'functional_group': 'carboxyllic_acid', 'smiles_inds': [7]}, {'functional_group': 'aldehyde', 'smiles_inds': [0]}, {'functional_group': 'amino', 'smiles_inds': [1]}, {'functional_group': 'amino', 'smiles_inds': [8]}, {'functional_group': 'aldehyde', 'smiles_inds': [9]}]",0.9999999999960874
32,top,[nH+]1cc[nH+]c2c1c1cccnc1c1ncccc21,"[13, 10]","[{'functional_group': 'carboxylate', 'smiles_inds': [14]}, {'functional_group': 'aldehyde', 'smiles_inds': [16]}, {'functional_group': 'methyl', 'smiles_inds': [3]}, {'functional_group': 'carboxylate', 'smiles_inds': [15]}, {'functional_group': 'phenyl', 'smiles_inds': [2]}, {'functional_group': 'carboxyllic_acid', 'smiles_inds': [7]}, {'functional_group': 'amino', 'smiles_inds': [1]}, {'functional_group': 'ketone', 'smiles_inds': [9]}, {'functional_group': 'carboxylate', 'smiles_inds': [8]}]",0.9999999999966391
32,top,[nH+]1cc[nH+]c2c1c1cccnc1c1ncccc21,"[13, 10]","[{'functional_group': 'carboxylate', 'smiles_inds': [14]}, {'functional_group': 'aldehyde', 'smiles_inds': [16]}, {'functional_group': 'methyl', 'smiles_inds': [3]}, {'functional_group': 'carboxylate', 'smiles_inds': [15]}, {'functional_group': 'phenyl', 'smiles_inds': [2]}, {'functional_group': 'carboxyllic_acid', 'smiles_inds': [7]}, {'functional_group': 'amino', 'smiles_inds': [1]}, {'functional_group': 'chloro', 'smiles_inds': [0]}, {'functional_group': 'carboxylate', 'smiles_inds': [8]}]",0.9999999999980045
32,top,CC(C(=O)[N-]CCN)(C(=O)[N-]CCN)C(=O)[N-]CCN,"[7, 4, 13, 10, 19, 16]","[{'functional_group': 'amide', 'smiles_inds': [17]}]",0.9999999999992226
32,top,[nH+]1cc[nH+]c2c1c1cccnc1c1ncccc21,"[13, 10]","[{'functional_group': 'carboxylate', 'smiles_inds': [14]}, {'functional_group': 'aldehyde', 'smiles_inds': [16]}, {'functional_group': 'methyl', 'smiles_inds': [3]}, {'functional_group': 'carboxylate', 'smiles_inds': [15]}, {'functional_group': 'phenyl', 'smiles_inds': [2]}, {'functional_group': 'carboxyllic_acid', 'smiles_inds': [7]}, {'functional_group': 'aldehyde', 'smiles_inds': [0]}, {'functional_group': 'carboxylate', 'smiles_inds': [9]}, {'functional_group': 'carboxylate', 'smiles_inds': [8]}]",0.9999999999992777
32,top,[nH+]1cc[nH+]c2c1c1cccnc1c1ncccc21,"[13, 10]","[{'functional_group': 'carboxylate', 'smiles_inds': [8]}, {'functional_group': 'aldehyde', 'smiles_inds': [3]}, {'functional_group': 'chloro', 'smiles_inds': [15]}, {'functional_group': 'aldehyde', 'smiles_inds': [16]}, {'functional_group': 'amino', 'smiles_inds': [2]}, {'functional_group': 'cyano', 'smiles_inds': [0]}, {'functional_group': 'phenyl', 'smiles_inds': [14]}, {'functional_group': 'amino', 'smiles_inds': [1]}, {'functional_group': 'methyl', 'smiles_inds': [9]}, {'functional_group': 'carboxylate', 'smiles_inds': [7]}]",0.9999999999994864
33,bottom,O1N=C(c2ccncc2)C23C4C5C6C7C8C9C%10C%11C%12C%13C%14C%15C%16C%17C%13C%13C%12C9C9C8C8C6C6C%12C%18C%19C%20C(C%17C%17C%13C9=C(C8%12)C%19%17)C%16C8C9C%15C%12C%14C%11C%11C%10C7C5C5C%11C%12C(=C9C7=C2C(C%18C%20C87)C46)C135,[6],"[{'functional_group': 'carboxyl', 'smiles_inds': [30]}, {'functional_group': 'iodo', 'smiles_inds': [24]}]",1.0084551570178199e-41
33,bottom,O1N=C(c2ccncc2)C23C4C5C6C7C8C9C%10C%11C%12C%13C%14C%15C%16C%17C%13C%13C%12C9C9C8C8C6C6C%12C%18C%19C%20C(C%17C%17C%13C9=C(C8%12)C%19%17)C%16C8C9C%15C%12C%14C%11C%11C%10C7C5C5C%11C%12C(=C9C7=C2C(C%18C%20C87)C46)C135,[6],"[{'functional_group': 'ether', 'smiles_inds': [31]}]",5.3644459714606654e-39
33,bottom,O=C1N2CN3C(=O)N4CN5C(=O)N6CN7C(=O)N8CN9C(=O)N%10CN%11C(=O)N%12CN1C1%13CCCC21N1CN2C(=O)N(CN%14C(=O)N(CN%15C(=O)N(CN%16C(=O)N(CN%17C(=O)N(CN%13C1=O)C1%12CCCC%11%171)C1%10CCCC9%161)C18CCCC7%151)C16CCCC5%141)C14CCCC321,"[54, 59]","[{'functional_group': 'amino', 'smiles_inds': [66]}, {'functional_group': 'methyl', 'smiles_inds': [32]}]",4.218054624968891e-36
33,bottom,CCCCCC1c2cc3C(CCCCC)c4cc5C(CCCCC)c6cc7C(CCCCC)c8cc1c1OCOc2cc3OCOc4c(P(c2ccccc2)c2ccccc2)c5OCOc6cc7OCOc8c1OCc1cccc(COc2c3OCOc4cc5OCOc6c7cc8C(CCCCC)c9cc%10C(CCCCC)c(cc3C(CCCCC)c4cc5C7CCCCC)c2OCOc%10cc9OCOc8c6P(c2ccccc2)c2ccccc2)c1,"[48, 142]","[{'functional_group': 'carboxyl', 'smiles_inds': [132]}]",1.0921445885120427e-34
33,bottom,O=C1N2CN3C(=O)N4CN5C6C7N(CN8C(=O)N9CN%10C%11C%12N(CN%13C(=O)N%14CN1C1C2N2CN%15C(=O)N(CN6C(=O)N7CN6C(=O)N(CN%11C(=O)N%12CN7C(=O)N(CN1C2=O)C1%14CCCCC%1371)C19CCCCC861)C14CCCCC3%151)C%10=O)C5=O,"[36, 61]","[{'functional_group': 'tribromo', 'smiles_inds': [78]}, {'functional_group': 'ethyl_ester', 'smiles_inds': [20]}]",5.44972230961966e-33
33,bottom,Cc1cc(c2ccc(cc2)N(c2ccccc2)c2ccccc2)c(N=C(C)C(C)=Nc2c(cc(C)cc2c2ccc(cc2)N(c2ccccc2)c2ccccc2)c2ccc(cc2)N(c2ccccc2)c2ccccc2)c(c1)c1ccc(cc1)N(c1ccccc1)c1ccccc1,"[24, 29]","[{'functional_group': 'fluoro', 'smiles_inds': [46]}]",7.529060609070573e-33
33,bottom,Cc1cc(c2ccc(cc2)N(c2ccccc2)c2ccccc2)c(N=C(C)C(C)=Nc2c(cc(C)cc2c2ccc(cc2)N(c2ccccc2)c2ccccc2)c2ccc(cc2)N(c2ccccc2)c2ccccc2)c(c1)c1ccc(cc1)N(c1ccccc1)c1ccccc1,"[24, 29]","[{'functional_group': 'aldehyde', 'smiles_inds': [91]}]",4.870044539789403e-32
33,bottom,Fc1c(F)c(F)c(c(F)c1F)C1=C2NC(=C(C3=NC(=C(C4=CC=C([N-]4)C(=C4C=CC(=N4)C(=C4NC(=C(C5=NC(=C(C6=NC(=C(C7=CC=C1N7)c1c(F)c(F)c(F)c(F)c1F)C=C6)c1c(F)c(F)c(F)c(F)c1F)C=C5)c1c(F)c(F)c(F)c(F)c1F)C=C4)c1c(F)c(F)c(F)c(F)c1F)c1c(F)c(F)c(F)c(F)c1F)c1c(F)c(F)c(F)c(F)c1F)C=C3)c1c(F)c(F)c(F)c(F)c1F)C=C2,"[30, 24]","[{'functional_group': 'methyl_ester', 'smiles_inds': [33]}, {'functional_group': 'fluoro', 'smiles_inds': [122]}]",1.4870532266815176e-31
33,bottom,O=C1N2CN3C(=O)N4CN5C(=O)N6CN7C(=O)N8CN9C(=O)N%10CN1C1%11CCCC21N1CN2C(=O)N(CN%12C(=O)N(CN%13C(=O)N(CN%14C(=O)N(CN%11C1=O)C1%10CCCC9%141)C18CCCC7%131)C16CCCC5%121)C14CCCC321,"[0, 6]","[{'functional_group': 'carboxylate', 'smiles_inds': [58]}]",4.012999350027614e-31
33,bottom,O=C1N2CN3C4C5N(CN6C7C8N(CN9C%10C%11N(CN%12C%13C%14N(CN%15C%16C%17N(CN%18C%19C%20N(CN1C1C2N2CN4C(=O)N5CN7C(=O)N8CN%10C(=O)N%11CN%13C(=O)N%14CN%16C(=O)N%17CN%19C(=O)N%20CN1C2=O)C%18=O)C%15=O)C%12=O)C9=O)C6=O)C3=O,"[0, 73]","[{'functional_group': 'methyl', 'smiles_inds': [35]}]",1.5879612569158872e-30
33,bottom,CCCC[P](CCCC)(CCCC)CCP(CCP(CCP(CC[P](CCCC)(CCCC)CCCC)CC[P](CCCC)(CCCC)CCCC)c1ccccc1)CC[P](CCCC)(CCCC)CCCC,"[15, 18, 21]","[{'functional_group': 'phenyl', 'smiles_inds': [71]}]",2.1463101160798332e-29
33,bottom,C[Si](C)(C)[Si]([P-]P1P2PP3P1P3P2[Si]([Si](C)(C)C)([Si](C)(C)C)[Si](C)(C)C)([Si](C)(C)C)[Si](C)(C)C,"[8, 5]","[{'functional_group': 'phosphonate', 'smiles_inds': [15]}, {'functional_group': 'ethyl_ester', 'smiles_inds': [16]}]",4.3280353345962264e-29
33,bottom,C[Si](C)(C)[Si]([P-]P1P2PP3P1P3P2[Si]([Si](C)(C)C)([Si](C)(C)C)[Si](C)(C)C)([Si](C)(C)C)[Si](C)(C)C,"[8, 5]","[{'functional_group': 'bromo', 'smiles_inds': [19]}, {'functional_group': 'phosphonate', 'smiles_inds': [25]}]",1.2562926903778826e-27
33,bottom,O=C1N2CN3C4C5N(CN6C7C8N(CN9C%10C%11N(CN%12C%13C%14N(CN%15C%16C%17N(CN1C1C2N2CN4C(=O)N5CN7C(=O)N8CN%10C(=O)N%11CN%13C(=O)N%14CN%16C(=O)N%17CN1C2=O)C%15=O)C%12=O)C9=O)C6=O)C3=O,"[65, 67, 69]","[{'functional_group': 'tribromo', 'smiles_inds': [3]}, {'functional_group': 'methyl_ester', 'smiles_inds': [26]}]",1.6949230771319187e-27
33,bottom,O=C1N2CN3C4C5N(CN6C7C8N(CN9C%10C%11N(CN%12C%13C%14N(CN%15C%16C%17N(CN1C1C2N2CN4C(=O)N5CN7C(=O)N8CN%10C(=O)N%11CN%13C(=O)N%14CN%16C(=O)N%17CN1C2=O)C%15=O)C%12=O)C9=O)C6=O)C3=O,"[65, 67, 69]","[{'functional_group': 'carboxyl', 'smiles_inds': [8]}]",2.297899874471017e-27
33,bottom,O=C1N2CN3C(=O)N4CN5C(=O)N6CN7C(=O)N8CN9C(=O)N%10CN1C1%11CCC21N1CN2C(=O)N(CN%12C(=O)N(CN%13C(=O)N(CN%14C(=O)N(CN%11C1=O)C1%10CCC9%141)C18CCC7%131)C16CCC5%121)C14CCC321,"[43, 38]","[{'functional_group': 'ethyl', 'smiles_inds': [45]}]",2.2407992889216148e-26
33,bottom,O=C1N2CN3C(=O)N4CN5C(=O)N6CN7C(=O)N8CN9C(=O)N%10CN1C1%11CCC21N1CN2C(=O)N(CN%12C(=O)N(CN%13C(=O)N(CN%14C(=O)N(CN%11C1=O)C1%10CCC9%141)C18CCC7%131)C16CCC5%121)C14CCC321,"[43, 38]","[{'functional_group': 'trichloro', 'smiles_inds': [68]}, {'functional_group': 'carboxylate', 'smiles_inds': [64]}]",6.474093771846225e-26
33,bottom,Cc1cc(C(c2ccccc2)c2ccccc2)c(N=C(C)C(C)=Nc2c(cc(C)cc2c2ccc(cc2)N(c2ccccc2)c2ccccc2)C(c2ccccc2)c2ccccc2)c(c1)c1ccc(cc1)N(c1ccccc1)c1ccccc1,"[18, 23]","[{'functional_group': 'trichloro', 'smiles_inds': [41]}]",1.4708871336758578e-25
33,bottom,CC(C)(C)[Si](C)([Si]12[Ge][Si]1([Si](C)(C(C)(C)C)C(C)(C)C)[Si]2([Si](C)(C(C)(C)C)C(C)(C)C)[Si](C)(C(C)(C)C)C(C)(C)C)C(C)(C)C,[7],"[{'functional_group': 'trifluro', 'smiles_inds': [18]}]",8.75648610938845e-25
33,bottom,CC(C)(C)c1ccc(cc1)C(c1ccc(cc1)N1C(=O)OCC1=Cc1cccc(C=C2COC(=O)N2c2ccc(cc2)C(c2ccc(cc2)C(C)(C)C)(c2ccc(cc2)C(C)(C)C)c2ccc(cc2)C(C)(C)C)n1)(c1ccc(cc1)C(C)(C)C)c1ccc(cc1)C(C)(C)C,[73],[],1.0478208486920908e-24
33,median,CC(C)=NN=C([S-])SCc1ccccc1,"[3, 6]","[{'functional_group': 'trichloro', 'smiles_inds': [0]}, {'functional_group': 'carboxyl', 'smiles_inds': [2]}]",0.16454595452913118
33,median,C#Cc1cc(nc(c1)c1ccccn1)c1ccccn1,"[13, 5, 19]","[{'functional_group': 'carbonyl', 'smiles_inds': [16]}, {'functional_group': 'amide', 'smiles_inds': [12]}]",0.16464765902687123
33,median,Cc1[nH+]cc(CO)c(C=Nc2ccc(cc2)S(=O)(=O)[O-])c1[O-],"[9, 21]","[{'functional_group': 'trifluro', 'smiles_inds': [5]}]",0.1647558762385713
33,median,CC1(C)OCC(O1)C1OC([O-])(C2OC(C)(C)OC12)c1ccccn1,"[10, 23]",[],0.16496062341316714
33,median,CCOC(=S)Nc1c(C)cccc1C,[4],"[{'functional_group': 'carbonyl', 'smiles_inds': [11]}]",0.16509393102264353
33,median,Clc1cc(Cl)c([O-])c(C=NCc2ccccc2Cl)c1,"[9, 6]","[{'functional_group': 'cyano', 'smiles_inds': [13]}]",0.16512759230696425
33,median,Oc1c(Cl)cc(Cl)cc1C(=NN=Cc1cc(Cl)cc(Cl)c1[O-])[N-]N(c1cccc(Cl)n1)c1cccc(Cl)n1,"[21, 22, 11]",[],0.16525838318971336
33,median,[NH3+]C12C[NH2+]CC[NH2+]CC(C)(CNCC[NH2+]C1)CSCCNC2,"[17, 6, 11, 20, 3, 14]","[{'functional_group': 'amino', 'smiles_inds': [18]}, {'functional_group': '2-methylbenzoic_acid', 'smiles_inds': [7]}, {'functional_group': 'carboxyllic_acid', 'smiles_inds': [15]}, {'functional_group': 'chloro', 'smiles_inds': [12]}]",0.16530565071548395
33,median,Cc1ccc(cc1)C1(CC(=NN1)C#N)c1ccccc1,[10],"[{'functional_group': 'ether', 'smiles_inds': [17]}]",0.1653497993759065
33,median,CC(C)(C)c1cc(CNCC([O-])c2ccccc2)c([O-])c(c1)C(C)(C)C,"[19, 11, 8]","[{'functional_group': 'phosphonate', 'smiles_inds': [25]}]",0.16536853924375816
33,median,CCN1C(=Nc2ccccc12)CN(CC1=Nc2ccccc2N1CC)c1ccccc1,"[4, 12, 15]",[],0.1653800134013556
33,median,CCC(C)O,[4],"[{'functional_group': 'carbonyl', 'smiles_inds': [2]}]",0.16538913967512683
33,median,Cc1cccc(C)c1N=C(C1[CH-]C2CC1C=C2)c1ccccc1O,"[8, 11]",[],0.1654340674763851
33,median,[NH2+]1CCNCCNCC1,"[0, 3, 6]",[],0.1654642976404453
33,median,Nc1ccc(cc1)C([O-])=NN=Cc1cc(Br)ccc1[O-],"[8, 19, 10]","[{'functional_group': 'ketone', 'smiles_inds': [6]}, {'functional_group': '2-methylbenzoic_acid', 'smiles_inds': [3]}]",0.16548001843712157
33,median,CC1=C(C)N([O-])C(=[NH+]1)C1=NC=CN1,"[9, 5]","[{'functional_group': 'methyl_ester', 'smiles_inds': [11]}]",0.16549074552289966
33,median,COC(=N)C(=N[N-]c1ccccc1C(=O)[O-])C#N,"[15, 3, 6]",[],0.1655009965313503
33,median,O=N(=O)c1ccc(cc1)N=Cc1ccc2ccccc2n1,"[20, 9]",[],0.16554106556798753
33,median,C1COC(=NC1)c1ccccc1,[4],"[{'functional_group': 'ethyl_ester', 'smiles_inds': [8]}]",0.16556397083054714
33,median,O=N(=O)c1ccnc(c1)c1cc(ccn1)N(=O)=O,"[6, 14]","[{'functional_group': 'hydroxyl', 'smiles_inds': [5]}, {'functional_group': 'ethyl_ester', 'smiles_inds': [10]}]",0.16557292384196134
33,top,[nH+]1cc[nH+]c2c1c1cccnc1c1ncccc21,"[13, 10]","[{'functional_group': 'carboxylate', 'smiles_inds': [14]}, {'functional_group': 'aldehyde', 'smiles_inds': [16]}, {'functional_group': 'amino', 'smiles_inds': [7]}, {'functional_group': 'amino', 'smiles_inds': [8]}, {'functional_group': 'aldehyde', 'smiles_inds': [15]}, {'functional_group': 'amino', 'smiles_inds': [2]}, {'functional_group': 'aldehyde', 'smiles_inds': [0]}, {'functional_group': 'carboxylate', 'smiles_inds': [3]}, {'functional_group': '2-methylbenzoic_acid', 'smiles_inds': [1]}, {'functional_group': 'amino', 'smiles_inds': [9]}]",0.999999999920272
33,top,[nH+]1cc[nH+]c2c1c1cccnc1c1ncccc21,"[13, 10]","[{'functional_group': 'carboxylate', 'smiles_inds': [14]}, {'functional_group': 'aldehyde', 'smiles_inds': [16]}, {'functional_group': 'methyl', 'smiles_inds': [3]}, {'functional_group': 'carboxylate', 'smiles_inds': [15]}, {'functional_group': 'phenyl', 'smiles_inds': [2]}, {'functional_group': 'carboxyllic_acid', 'smiles_inds': [7]}, {'functional_group': 'amino', 'smiles_inds': [1]}, {'functional_group': 'aldehyde', 'smiles_inds': [8]}]",0.9999999999205931
33,top,[nH+]1cc[nH+]c2c1c1cccnc1c1ncccc21,"[13, 10]","[{'functional_group': 'carboxylate', 'smiles_inds': [8]}, {'functional_group': 'aldehyde', 'smiles_inds': [3]}, {'functional_group': 'chloro', 'smiles_inds': [15]}, {'functional_group': 'aldehyde', 'smiles_inds': [16]}, {'functional_group': 'amino', 'smiles_inds': [2]}, {'functional_group': 'iodo', 'smiles_inds': [14]}, {'functional_group': 'aldehyde', 'smiles_inds': [7]}, {'functional_group': 'bromo', 'smiles_inds': [1]}, {'functional_group': '2-hydroxypyridine', 'smiles_inds': [9]}]",0.9999999999267124
33,top,[nH+]1cc[nH+]c2c1c1cccnc1c1ncccc21,"[13, 10]","[{'functional_group': 'carboxylate', 'smiles_inds': [14]}, {'functional_group': 'aldehyde', 'smiles_inds': [16]}, {'functional_group': 'amino', 'smiles_inds': [7]}, {'functional_group': 'amino', 'smiles_inds': [8]}, {'functional_group': 'aldehyde', 'smiles_inds': [15]}, {'functional_group': 'amino', 'smiles_inds': [2]}, {'functional_group': 'phenyl', 'smiles_inds': [1]}, {'functional_group': 'amino', 'smiles_inds': [9]}]",0.9999999999438984
33,top,[nH+]1cc[nH+]c2c1c1cccnc1c1ncccc21,"[13, 10]","[{'functional_group': 'carboxylate', 'smiles_inds': [14]}, {'functional_group': 'aldehyde', 'smiles_inds': [16]}, {'functional_group': 'amino', 'smiles_inds': [7]}, {'functional_group': 'amino', 'smiles_inds': [8]}, {'functional_group': 'aldehyde', 'smiles_inds': [15]}, {'functional_group': 'amino', 'smiles_inds': [2]}, {'functional_group': 'methyl', 'smiles_inds': [0]}, {'functional_group': 'amino', 'smiles_inds': [1]}, {'functional_group': 'iodo', 'smiles_inds': [9]}, {'functional_group': 'carboxylate', 'smiles_inds': [3]}]",0.9999999999455731
33,top,[nH+]1cc[nH+]c2c1c1cccnc1c1ncccc21,"[13, 10]","[{'functional_group': 'carboxylate', 'smiles_inds': [14]}, {'functional_group': 'aldehyde', 'smiles_inds': [16]}, {'functional_group': 'methyl', 'smiles_inds': [3]}, {'functional_group': 'carboxylate', 'smiles_inds': [15]}, {'functional_group': 'phenyl', 'smiles_inds': [2]}, {'functional_group': 'carboxyllic_acid', 'smiles_inds': [7]}, {'functional_group': 'aldehyde', 'smiles_inds': [0]}, {'functional_group': 'carboxylate', 'smiles_inds': [9]}, {'functional_group': 'ether', 'smiles_inds': [8]}]",0.9999999999570142
33,top,[nH+]1cc[nH+]c2c1c1cccnc1c1ncccc21,"[13, 10]","[{'functional_group': 'carboxylate', 'smiles_inds': [14]}, {'functional_group': 'aldehyde', 'smiles_inds': [16]}, {'functional_group': 'amino', 'smiles_inds': [7]}, {'functional_group': 'amino', 'smiles_inds': [8]}, {'functional_group': 'aldehyde', 'smiles_inds': [15]}, {'functional_group': 'amino', 'smiles_inds': [2]}, {'functional_group': 'aldehyde', 'smiles_inds': [0]}, {'functional_group': 'carboxylate', 'smiles_inds': [3]}, {'functional_group': '2-methylbenzoic_acid', 'smiles_inds': [1]}, {'functional_group': 'carboxylate', 'smiles_inds': [9]}]",0.9999999999747569
33,top,[nH+]1cc[nH+]c2c1c1cccnc1c1ncccc21,"[13, 10]","[{'functional_group': 'carboxylate', 'smiles_inds': [14]}, {'functional_group': 'aldehyde', 'smiles_inds': [16]}, {'functional_group': 'amino', 'smiles_inds': [7]}, {'functional_group': 'amino', 'smiles_inds': [8]}, {'functional_group': 'aldehyde', 'smiles_inds': [15]}, {'functional_group': 'amino', 'smiles_inds': [2]}, {'functional_group': 'methyl', 'smiles_inds': [0]}, {'functional_group': 'amino', 'smiles_inds': [1]}, {'functional_group': 'carboxylate', 'smiles_inds': [3]}]",0.9999999999759255
33,top,[nH+]1cc[nH+]c2c1c1cccnc1c1ncccc21,"[13, 10]","[{'functional_group': 'carboxylate', 'smiles_inds': [14]}, {'functional_group': 'aldehyde', 'smiles_inds': [16]}, {'functional_group': 'amino', 'smiles_inds': [7]}, {'functional_group': 'amino', 'smiles_inds': [8]}, {'functional_group': 'aldehyde', 'smiles_inds': [15]}, {'functional_group': 'amino', 'smiles_inds': [2]}, {'functional_group': 'methyl', 'smiles_inds': [0]}, {'functional_group': 'methyl', 'smiles_inds': [3]}, {'functional_group': 'amino', 'smiles_inds': [1]}, {'functional_group': 'amino', 'smiles_inds': [9]}]",0.9999999999843812
33,top,c1cc(nc(c1)C1=NN=N[N-]1)C1=NN=N[N-]1,"[10, 3, 15]","[{'functional_group': 'carboxylate', 'smiles_inds': [0]}, {'functional_group': 'carbonyl', 'smiles_inds': [5]}, {'functional_group': 'methyl', 'smiles_inds': [1]}]",0.9999999999875275
33,top,[nH+]1cc[nH+]c2c1c1cccnc1c1ncccc21,"[13, 10]","[{'functional_group': 'carboxylate', 'smiles_inds': [14]}, {'functional_group': 'aldehyde', 'smiles_inds': [16]}, {'functional_group': 'amino', 'smiles_inds': [7]}, {'functional_group': 'amino', 'smiles_inds': [8]}, {'functional_group': 'aldehyde', 'smiles_inds': [15]}, {'functional_group': 'amino', 'smiles_inds': [2]}, {'functional_group': 'aldehyde', 'smiles_inds': [0]}, {'functional_group': 'carboxylate', 'smiles_inds': [3]}, {'functional_group': 'ketone', 'smiles_inds': [9]}, {'functional_group': 'methyl', 'smiles_inds': [1]}]",0.9999999999902076
33,top,c1cc(nc(c1)C1=NN=N[N-]1)C1=NN=N[N-]1,"[10, 3, 15]","[{'functional_group': 'ethyl', 'smiles_inds': [0]}, {'functional_group': 'carboxylate', 'smiles_inds': [1]}]",0.9999999999919387
33,top,[nH+]1cc[nH+]c2c1c1cccnc1c1ncccc21,"[13, 10]","[{'functional_group': 'carboxylate', 'smiles_inds': [14]}, {'functional_group': 'aldehyde', 'smiles_inds': [16]}, {'functional_group': 'amino', 'smiles_inds': [7]}, {'functional_group': 'amino', 'smiles_inds': [8]}, {'functional_group': 'aldehyde', 'smiles_inds': [15]}, {'functional_group': 'amino', 'smiles_inds': [2]}, {'functional_group': 'methyl', 'smiles_inds': [0]}, {'functional_group': 'amino', 'smiles_inds': [1]}, {'functional_group': 'amino', 'smiles_inds': [9]}]",0.9999999999942271
33,top,NC1C(O)C(N)C(O)C(NCCNC2C(O)C(N)C(O)C(N)C2O)C1O,"[0, 9, 12, 17, 21, 5]",[],0.9999999999944598
33,top,[nH+]1cc[nH+]c2c1c1cccnc1c1ncccc21,"[13, 10]","[{'functional_group': 'carboxylate', 'smiles_inds': [14]}, {'functional_group': 'aldehyde', 'smiles_inds': [16]}, {'functional_group': 'amino', 'smiles_inds': [7]}, {'functional_group': 'amino', 'smiles_inds': [8]}, {'functional_group': 'aldehyde', 'smiles_inds': [15]}, {'functional_group': 'amino', 'smiles_inds': [2]}, {'functional_group': 'methyl', 'smiles_inds': [0]}, {'functional_group': 'methyl', 'smiles_inds': [3]}, {'functional_group': 'amino', 'smiles_inds': [1]}, {'functional_group': 'carboxylate', 'smiles_inds': [9]}]",0.9999999999950548
33,top,[nH+]1cc[nH+]c2c1c1cccnc1c1ncccc21,"[13, 10]","[{'functional_group': 'carboxylate', 'smiles_inds': [14]}, {'functional_group': 'aldehyde', 'smiles_inds': [16]}, {'functional_group': 'amino', 'smiles_inds': [7]}, {'functional_group': 'amino', 'smiles_inds': [8]}, {'functional_group': 'aldehyde', 'smiles_inds': [15]}, {'functional_group': 'amino', 'smiles_inds': [2]}, {'functional_group': 'aldehyde', 'smiles_inds': [0]}, {'functional_group': 'carboxylate', 'smiles_inds': [3]}, {'functional_group': 'carboxylate', 'smiles_inds': [9]}]",0.9999999999952456
33,top,[nH+]1cc[nH+]c2c1c1cccnc1c1ncccc21,"[13, 10]","[{'functional_group': 'carboxylate', 'smiles_inds': [14]}, {'functional_group': 'aldehyde', 'smiles_inds': [16]}, {'functional_group': 'methyl', 'smiles_inds': [3]}, {'functional_group': 'carboxylate', 'smiles_inds': [15]}, {'functional_group': 'phenyl', 'smiles_inds': [2]}, {'functional_group': 'carboxyllic_acid', 'smiles_inds': [7]}, {'functional_group': 'aldehyde', 'smiles_inds': [0]}, {'functional_group': 'amino', 'smiles_inds': [1]}, {'functional_group': 'amino', 'smiles_inds': [8]}, {'functional_group': 'carboxylate', 'smiles_inds': [9]}]",0.9999999999965639
33,top,[nH+]1cc[nH+]c2c1c1cccnc1c1ncccc21,"[13, 10]","[{'functional_group': 'carboxylate', 'smiles_inds': [8]}, {'functional_group': 'aldehyde', 'smiles_inds': [3]}, {'functional_group': 'chloro', 'smiles_inds': [15]}, {'functional_group': 'aldehyde', 'smiles_inds': [16]}, {'functional_group': 'amino', 'smiles_inds': [2]}, {'functional_group': 'iodo', 'smiles_inds': [14]}, {'functional_group': 'aldehyde', 'smiles_inds': [7]}, {'functional_group': 'carboxylate', 'smiles_inds': [0]}, {'functional_group': 'methyl', 'smiles_inds': [1]}]",0.9999999999970017
33,top,[nH+]1cc[nH+]c2c1c1cccnc1c1ncccc21,"[13, 10]","[{'functional_group': 'carboxylate', 'smiles_inds': [14]}, {'functional_group': 'aldehyde', 'smiles_inds': [16]}, {'functional_group': 'amino', 'smiles_inds': [7]}, {'functional_group': 'amino', 'smiles_inds': [8]}, {'functional_group': 'aldehyde', 'smiles_inds': [15]}, {'functional_group': 'amino', 'smiles_inds': [2]}, {'functional_group': 'methyl', 'smiles_inds': [0]}, {'functional_group': 'amino', 'smiles_inds': [1]}, {'functional_group': 'amino', 'smiles_inds': [9]}, {'functional_group': 'amino', 'smiles_inds': [3]}]",0.999999999997248
33,top,[nH+]1cc[nH+]c2c1c1cccnc1c1ncccc21,"[13, 10]","[{'functional_group': 'carboxylate', 'smiles_inds': [14]}, {'functional_group': 'aldehyde', 'smiles_inds': [16]}, {'functional_group': 'amino', 'smiles_inds': [7]}, {'functional_group': 'amino', 'smiles_inds': [8]}, {'functional_group': 'aldehyde', 'smiles_inds': [15]}, {'functional_group': 'amino', 'smiles_inds': [2]}, {'functional_group': 'methyl', 'smiles_inds': [0]}, {'functional_group': 'amino', 'smiles_inds': [1]}, {'functional_group': 'carboxylate', 'smiles_inds': [9]}]",0.9999999999981721
34,bottom,CCC(C)C1NC(=O)C(C)NC(=O)C(CSSCC2NC(=O)C(CCC(N)=O)NC(=O)C(C)NC(=O)C3CCCN3C(=O)C(CCC(O)=O)NC(=O)CNC(=O)C(C)NC(=O)C(CCCNC(N)=N)NC(=O)C(CSSCC(NC(=O)C(CC(N)=O)NC2=O)C(O)=O)NC(=O)C(CC2=CN=CN2)NC1=O)NC(=O)C(CC1=CN=CN1)NC(=O)C(CC(C)C)NC(=O)C(CC(O)=O)NC(C)=O,"[112, 99]","[{'functional_group': 'tribromo', 'smiles_inds': [69]}, {'functional_group': '2-methylbenzoic_acid', 'smiles_inds': [17]}]",3.437314148428793e-52
34,bottom,CC(C)CC1NC(=O)C2(CCC(=O)NC(CC(O)=O)C(=O)NC(CC3=CNc4ccccc34)C(=O)N2)CSCC(NC(=O)C(CCC(O)=O)NC(=O)C(CC2=CNc3ccccc23)NC1=O)C(=O)NC1CSSCC(NC(=O)C2CSCC3(CC(NC1=O)C(=O)NC(C(C)O)C(=O)NCC(=O)N3)C(=O)NC(CC(C)C)C(=O)NC(Cc1ccccc1)C(=O)NC(C)C(=O)N2)C(O)=O,"[77, 87]","[{'functional_group': '2-methylbenzoic_acid', 'smiles_inds': [45]}]",1.895203826328022e-49
34,bottom,C[Si](C)(C)c1cc(cc(c1)[Si](C#CP(C#C[Si](c1cc(cc(c1)[Si](C)(C)C)[Si](C)(C)C)(c1cc(cc(c1)[Si](C)(C)C)[Si](C)(C)C)c1cc(cc(c1)[Si](C)(C)C)[Si](C)(C)C)C#C[Si](c1cc(cc(c1)[Si](C)(C)C)[Si](C)(C)C)(c1cc(cc(c1)[Si](C)(C)C)[Si](C)(C)C)c1cc(cc(c1)[Si](C)(C)C)[Si](C)(C)C)(c1cc(cc(c1)[Si](C)(C)C)[Si](C)(C)C)c1cc(cc(c1)[Si](C)(C)C)[Si](C)(C)C)[Si](C)(C)C,[13],"[{'functional_group': 'ketone', 'smiles_inds': [135]}]",5.219215422708492e-46
34,bottom,C[Si](C)(C)c1cc(cc(c1)[Si](C#CP(C#C[Si](c1cc(cc(c1)[Si](C)(C)C)[Si](C)(C)C)(c1cc(cc(c1)[Si](C)(C)C)[Si](C)(C)C)c1cc(cc(c1)[Si](C)(C)C)[Si](C)(C)C)C#C[Si](c1cc(cc(c1)[Si](C)(C)C)[Si](C)(C)C)(c1cc(cc(c1)[Si](C)(C)C)[Si](C)(C)C)c1cc(cc(c1)[Si](C)(C)C)[Si](C)(C)C)(c1cc(cc(c1)[Si](C)(C)C)[Si](C)(C)C)c1cc(cc(c1)[Si](C)(C)C)[Si](C)(C)C)[Si](C)(C)C,[13],"[{'functional_group': 'chloro', 'smiles_inds': [73]}]",2.743967724027706e-45
34,bottom,CP(CCP(C)c1c(cc(cc1C([Si](C)(C)C)[Si](C)(C)C)C([Si](C)(C)C)([Si](C)(C)C)[Si](C)(C)C)C([Si](C)(C)C)[Si](C)(C)C)c1c(cc(cc1C([Si](C)(C)C)[Si](C)(C)C)C([Si](C)(C)C)([Si](C)(C)C)[Si](C)(C)C)C([Si-](C)C)[Si](C)(C)C,"[4, 72, 1]","[{'functional_group': 'ether', 'smiles_inds': [18]}, {'functional_group': 'carboxyl', 'smiles_inds': [68]}]",1.369145668346275e-43
34,bottom,CCCCCC1c2cc3C(CCCCC)c4cc5C(CCCCC)c6cc7C(CCCCC)c8cc1c1OCOc2cc3OCOc4c(P(c2ccccc2)c2ccccc2)c5OCOc6cc7OCOc8c1OCc1cccc(COc2c3OCOc4cc5OCOc6c7cc8C(CCCCC)c9cc%10C(CCCCC)c(cc3C(CCCCC)c4cc5C7CCCCC)c2OCOc%10cc9OCOc8c6P(c2ccccc2)c2ccccc2)c1,"[48, 142]","[{'functional_group': 'hydroxyl', 'smiles_inds': [38]}]",2.399532296276836e-36
34,bottom,Cc1cc(c2ccc(cc2)N(c2ccccc2)c2ccccc2)c(N=C(C)C(C)=Nc2c(cc(C)cc2c2ccc(cc2)N(c2ccccc2)c2ccccc2)c2ccc(cc2)N(c2ccccc2)c2ccccc2)c(c1)c1ccc(cc1)N(c1ccccc1)c1ccccc1,"[24, 29]",[],1.3150762356997066e-32
34,bottom,O=C1N2CN3C(=O)N4CN5C(=O)N6CN7C(=O)N8CN9C(=O)N%10CN1C1%11CCCC21N1CN2C(=O)N(CN%12C(=O)N(CN%13C(=O)N(CN%14C(=O)N(CN%11C1=O)C1%10CCCC9%141)C18CCCC7%131)C16CCCC5%121)C14CCCC321,"[0, 6]","[{'functional_group': 'carboxyl', 'smiles_inds': [58]}]",3.3444764722464095e-32
34,bottom,O=C1N2CN3C(=O)N4CN5C6C7N(CN8C(=O)N9CN%10C%11C%12N(CN%13C(=O)N%14CN1C1C2N2CN%15C(=O)N(CN6C(=O)N7CN6C(=O)N(CN%11C(=O)N%12CN7C(=O)N(CN1C2=O)C1%14CCCCC%1371)C19CCCCC861)C14CCCCC3%151)C%10=O)C5=O,"[36, 61]","[{'functional_group': '2-hydroxypyridine', 'smiles_inds': [3]}, {'functional_group': 'ketone', 'smiles_inds': [28]}]",1.7080033397900387e-29
34,bottom,CC(C)c1cccc(C(C)C)c1c1cc(NCCN(CCNc2cc(cc(c2)c2c(cccc2C(C)C)C(C)C)c2c(cccc2C(C)C)C(C)C)CCNc2cc(cc(c2)c2c(cccc2C(C)C)C(C)C)c2c(cccc2C(C)C)C(C)C)cc(c1)c1c(cccc1C(C)C)C(C)C,"[18, 15, 21]","[{'functional_group': 'methyl', 'smiles_inds': [36]}, {'functional_group': 'thiol', 'smiles_inds': [32]}, {'functional_group': 'tribromo', 'smiles_inds': [72]}]",2.3558213645644766e-29
34,bottom,C[Si](O[Si]1(O[Si]2(O[Si](OP(c3ccccc3)c3ccccc3)(O[Si]3(O[Si](OP(c4ccccc4)c4ccccc4)(O[Si](O[Si](O3)(O2)C2CCCC2)(O1)C1CCCC1)C1CCCC1)C1CCCC1)C1CCCC1)C1CCCC1)C1CCCC1)(c1ccccc1)c1ccccc1,"[27, 9]","[{'functional_group': 'carbonyl', 'smiles_inds': [91]}, {'functional_group': 'tribromo', 'smiles_inds': [90]}]",6.804209105571048e-29
34,bottom,C[Si](O[Si]1(O[Si]2(O[Si](OP(c3ccccc3)c3ccccc3)(O[Si]3(O[Si](OP(c4ccccc4)c4ccccc4)(O[Si](O[Si](O3)(O2)C2CCCC2)(O1)C1CCCC1)C1CCCC1)C1CCCC1)C1CCCC1)C1CCCC1)C1CCCC1)(c1ccccc1)c1ccccc1,"[27, 9]","[{'functional_group': 'phenyl', 'smiles_inds': [32]}]",2.459943110352327e-28
34,bottom,CC(C)c1cccc(C(C)C)c1c1cc(NCCN(CCNc2cc(cc(c2)c2c(cccc2C(C)C)C(C)C)c2c(cccc2C(C)C)C(C)C)CCNc2cc(cc(c2)c2c(cccc2C(C)C)C(C)C)c2c(cccc2C(C)C)C(C)C)cc(c1)c1c(cccc1C(C)C)C(C)C,"[18, 15, 21]",[],5.468728962884578e-28
34,bottom,CC12N3CN4C5C6N(CN7C8C9N(CN%10C(=O)N%11CN%12C%13C%14N(CN%15C%16C%17N(CN(C3=O)C1(C)N1CN%17C(=O)N%16CN%14C(=O)N%13CN3C(=O)N(CN9C(=O)N8CN6C(=O)N5CN2C1=O)C%10(C)C%113C)C%15=O)C%12=O)C7=O)C4=O,"[71, 16, 73]","[{'functional_group': 'carboxylate', 'smiles_inds': [11]}, {'functional_group': 'phenyl', 'smiles_inds': [0]}]",8.429401129537821e-27
34,bottom,O=C1N2CN3C4C5N(CN6C7C8N(CN9C%10C%11N(CN%12C%13C%14N(CN%15C%16C%17N(CN1C1C2N2CN4C(=O)N5CN7C(=O)N8CN%10C(=O)N%11C4OC(N%13C(=O)N%14CN%16C(=O)N%17CN1C2=O)c1ccccc41)C%15=O)C%12=O)C9=O)C6=O)C3=O,"[75, 73]","[{'functional_group': 'carboxyllic_acid', 'smiles_inds': [8]}]",9.49744592394388e-27
34,bottom,CC(C)(C)[Si](C)(C)N[Si]1(N([Si](C)(C)C(C)(C)C)[Si](N[Si](C)(C)C(C)(C)C)(N1[Si](C)(C)C(C)(C)C)C(C)(C)C)C(C)(C)C,"[7, 18]","[{'functional_group': '2-methylbenzoic_acid', 'smiles_inds': [23]}]",1.2404682498927727e-26
34,bottom,CC(C)c1cc(cc(c1)C(C(=O)Nc1cccc(NC(=O)C(c2cc(cc(c2)C(C)C)C(C)C)(c2cc(cc(c2)C(C)C)C(C)C)c2cc(cc(c2)C(C)C)C(C)C)c1[S-])(c1cc(cc(c1)C(C)C)C(C)C)c1cc(cc(c1)C(C)C)C(C)C)C(C)C,"[59, 11]","[{'functional_group': 'ketone', 'smiles_inds': [70]}]",4.3655442213648263e-26
34,bottom,CC(C)(C)C12P3P4C5(P1C1(P2C3(P1C45C(C)(C)C)C(C)(C)C)C(C)(C)C)C(C)(C)C,[6],"[{'functional_group': 'chloro', 'smiles_inds': [23]}]",5.316048383842453e-26
34,bottom,CC(C)(C)[Si](C)(C)N[Si]1(N([Si](C)(C)C(C)(C)C)[Si](N[Si](C)(C)C(C)(C)C)(N1[Si](C)(C)C(C)(C)C)C(C)(C)C)C(C)(C)C,"[7, 18]","[{'functional_group': 'chloro', 'smiles_inds': [12]}, {'functional_group': 'trifluro', 'smiles_inds': [3]}]",1.7681043746449488e-25
34,bottom,CC(C)(C)c1ccc(cc1)C(c1ccc(cc1)N1C(=O)OCC1=Cc1cccc(C=C2COC(=O)N2c2ccc(cc2)C(c2ccc(cc2)C(C)(C)C)(c2ccc(cc2)C(C)(C)C)c2ccc(cc2)C(C)(C)C)n1)(c1ccc(cc1)C(C)(C)C)c1ccc(cc1)C(C)(C)C,[73],"[{'functional_group': 'trifluro', 'smiles_inds': [52]}]",3.1833883678616676e-25
34,median,[nH+]1cc[nH+]c2c1c1cccnc1c1ncccc21,"[13, 10]","[{'functional_group': 'carboxyl', 'smiles_inds': [2]}, {'functional_group': 'amide', 'smiles_inds': [15]}]",0.18405716394362084
34,median,CCOc1ccc(CNCCNCCNCc2ccc(OCC)cc2)cc1,"[11, 14, 8]","[{'functional_group': 'amide', 'smiles_inds': [9]}, {'functional_group': 'carboxylate', 'smiles_inds': [0]}, {'functional_group': 'hydroxyl', 'smiles_inds': [10]}]",0.18420598809160027
34,median,COC(=O)C(=C)N=C(C)[O-],"[9, 6]","[{'functional_group': 'cyano', 'smiles_inds': [0]}]",0.18425640563781662
34,median,CC1=NN(C=C1)c1cc(cc2c3cc(cc(N4C=CC(=N4)C)c3[N-]c12)C(C)(C)C)C(C)(C)C,"[23, 20]",[],0.1843373842960893
34,median,CC1=NN=C(N1c1ccccc1)C1=NN=C(C)N1c1ccccc1,"[3, 13]","[{'functional_group': 'cyanimide', 'smiles_inds': [16]}]",0.18435110759428935
34,median,c1ccc(cc1)c1nc2cc3ccccc3cc2nc1c1cccc[c-]1,"[18, 25]","[{'functional_group': 'fluoro', 'smiles_inds': [21]}]",0.18447334556662534
34,median,CCP(c1ccccc1OC)c1ccccc1S(=O)(=O)[O-],"[2, 20]",[],0.1846343467185974
34,median,O=C1CSC(N1c1ccccc1)c1ccccc1,[0],[],0.18463852219612056
34,median,CN(C)Cc1ccccc1[Se]Cc1ccccc1,"[10, 1]",[],0.18467337621771443
34,median,CCN1C(=Nc2ccccc12)CN(CC1=Nc2ccccc2N1CC)c1ccccc1,"[4, 12, 15]",[],0.1846752585552247
34,median,N=C(N1CCCCC1)N1C=CC=N1,"[12, 0]",[],0.18473870980598478
34,median,Oc1ccccc1C=NN=C([S-])NC1CCCCC1,"[11, 8]","[{'functional_group': 'hydroxyl', 'smiles_inds': [4]}]",0.18474939682706354
34,median,c1ccc(cc1)C1=C2N3C=CC=CC3=C3C=CC=CC3=C2N=C1c1ccccn1,"[8, 21]","[{'functional_group': 'ketone', 'smiles_inds': [27]}]",0.1848752907151446
34,median,COc1ccc(cc1)c1cc(C)cc2N=C(Nc12)C1=Nc2cc(C)cc(c2N1)c1ccc(OC)cc1,"[14, 19]","[{'functional_group': 'chloro', 'smiles_inds': [9]}]",0.18497399836580503
34,median,CCCCC1CO1,[6],"[{'functional_group': 'methyl', 'smiles_inds': [2]}]",0.18499465288096573
34,median,C(Cc1ccccn1)c1ccccn1,"[7, 13]","[{'functional_group': 'iodo', 'smiles_inds': [0]}]",0.18502074344667757
34,median,N1C=[NH+]c2c1c1cccnc1c1ncccc21,"[9, 12]","[{'functional_group': 'carboxyllic_acid', 'smiles_inds': [7]}, {'functional_group': 'thiol', 'smiles_inds': [0]}]",0.18502933481622721
34,median,[CH2-]c1cc[nH+]cc1,[0],"[{'functional_group': 'carboxylate', 'smiles_inds': [6]}]",0.18504303373504524
34,median,CNCc1cccc(F)c1,[1],[],0.18506330932943102
34,median,Clc1cccc(Cl)c1N=C(Nc1ccccc1)N=C([O-])c1ccccc1,"[19, 8]",[],0.1851658692876276
34,top,[nH+]1cc[nH+]c2c1c1cccnc1c1ncccc21,"[13, 10]","[{'functional_group': 'carboxylate', 'smiles_inds': [14]}, {'functional_group': 'aldehyde', 'smiles_inds': [16]}, {'functional_group': 'methyl', 'smiles_inds': [3]}, {'functional_group': 'carboxylate', 'smiles_inds': [15]}, {'functional_group': 'phenyl', 'smiles_inds': [2]}, {'functional_group': 'carboxyllic_acid', 'smiles_inds': [7]}, {'functional_group': 'aldehyde', 'smiles_inds': [0]}, {'functional_group': 'carboxylate', 'smiles_inds': [9]}, {'functional_group': 'methyl', 'smiles_inds': [1]}]",0.9999999998244986
34,top,[nH+]1cc[nH+]c2c1c1cccnc1c1ncccc21,"[13, 10]","[{'functional_group': 'carboxylate', 'smiles_inds': [14]}, {'functional_group': 'aldehyde', 'smiles_inds': [16]}, {'functional_group': 'amino', 'smiles_inds': [7]}, {'functional_group': 'amino', 'smiles_inds': [8]}, {'functional_group': 'aldehyde', 'smiles_inds': [15]}, {'functional_group': 'amino', 'smiles_inds': [2]}, {'functional_group': 'methyl', 'smiles_inds': [0]}, {'functional_group': 'amino', 'smiles_inds': [1]}, {'functional_group': 'iodo', 'smiles_inds': [9]}, {'functional_group': 'amino', 'smiles_inds': [3]}]",0.9999999998270175
34,top,[nH+]1cc[nH+]c2c1c1cccnc1c1ncccc21,"[13, 10]","[{'functional_group': 'carboxylate', 'smiles_inds': [14]}, {'functional_group': 'aldehyde', 'smiles_inds': [16]}, {'functional_group': 'methyl', 'smiles_inds': [3]}, {'functional_group': 'carboxylate', 'smiles_inds': [15]}, {'functional_group': 'phenyl', 'smiles_inds': [2]}, {'functional_group': 'phenyl', 'smiles_inds': [1]}, {'functional_group': '2-hydroxypyridine', 'smiles_inds': [9]}, {'functional_group': 'cyano', 'smiles_inds': [7]}, {'functional_group': 'carboxylate', 'smiles_inds': [8]}]",0.9999999998442533
34,top,[nH+]1cc[nH+]c2c1c1cccnc1c1ncccc21,"[13, 10]","[{'functional_group': 'carboxylate', 'smiles_inds': [14]}, {'functional_group': 'aldehyde', 'smiles_inds': [16]}, {'functional_group': 'amino', 'smiles_inds': [7]}, {'functional_group': 'amino', 'smiles_inds': [8]}, {'functional_group': 'aldehyde', 'smiles_inds': [15]}, {'functional_group': 'amino', 'smiles_inds': [2]}, {'functional_group': 'methyl', 'smiles_inds': [0]}, {'functional_group': 'amino', 'smiles_inds': [1]}, {'functional_group': 'chloro', 'smiles_inds': [3]}]",0.9999999998503488
34,top,[nH+]1cc[nH+]c2c1c1cccnc1c1ncccc21,"[13, 10]","[{'functional_group': 'carboxylate', 'smiles_inds': [14]}, {'functional_group': 'aldehyde', 'smiles_inds': [16]}, {'functional_group': 'amino', 'smiles_inds': [7]}, {'functional_group': 'amino', 'smiles_inds': [8]}, {'functional_group': 'aldehyde', 'smiles_inds': [15]}, {'functional_group': 'amino', 'smiles_inds': [2]}, {'functional_group': 'methyl', 'smiles_inds': [0]}, {'functional_group': 'amino', 'smiles_inds': [1]}, {'functional_group': 'fluoro', 'smiles_inds': [9]}]",0.9999999998616074
34,top,[nH+]1cc[nH+]c2c1c1cccnc1c1ncccc21,"[13, 10]","[{'functional_group': 'carboxylate', 'smiles_inds': [14]}, {'functional_group': 'aldehyde', 'smiles_inds': [16]}, {'functional_group': 'amino', 'smiles_inds': [7]}, {'functional_group': 'amino', 'smiles_inds': [8]}, {'functional_group': 'aldehyde', 'smiles_inds': [15]}, {'functional_group': 'amino', 'smiles_inds': [2]}, {'functional_group': 'aldehyde', 'smiles_inds': [0]}, {'functional_group': 'carboxylate', 'smiles_inds': [3]}, {'functional_group': 'aldehyde', 'smiles_inds': [1]}]",0.9999999998643483
34,top,[nH+]1cc[nH+]c2c1c1cccnc1c1ncccc21,"[13, 10]","[{'functional_group': 'carboxylate', 'smiles_inds': [14]}, {'functional_group': 'aldehyde', 'smiles_inds': [16]}, {'functional_group': 'amino', 'smiles_inds': [7]}, {'functional_group': 'amino', 'smiles_inds': [8]}, {'functional_group': 'aldehyde', 'smiles_inds': [15]}, {'functional_group': 'amino', 'smiles_inds': [2]}, {'functional_group': 'methyl', 'smiles_inds': [0]}, {'functional_group': 'amino', 'smiles_inds': [1]}, {'functional_group': 'methyl', 'smiles_inds': [9]}]",0.99999999988365
34,top,[nH+]1cc[nH+]c2c1c1cccnc1c1ncccc21,"[13, 10]","[{'functional_group': 'carboxylate', 'smiles_inds': [14]}, {'functional_group': 'aldehyde', 'smiles_inds': [16]}, {'functional_group': 'amino', 'smiles_inds': [7]}, {'functional_group': 'amino', 'smiles_inds': [8]}, {'functional_group': 'aldehyde', 'smiles_inds': [15]}, {'functional_group': 'amino', 'smiles_inds': [2]}, {'functional_group': 'aldehyde', 'smiles_inds': [0]}, {'functional_group': 'carboxylate', 'smiles_inds': [3]}, {'functional_group': '2-methylbenzoic_acid', 'smiles_inds': [1]}, {'functional_group': 'amino', 'smiles_inds': [9]}]",0.9999999998845925
34,top,[nH+]1cc[nH+]c2c1c1cccnc1c1ncccc21,"[13, 10]","[{'functional_group': 'carboxylate', 'smiles_inds': [14]}, {'functional_group': 'aldehyde', 'smiles_inds': [16]}, {'functional_group': 'amino', 'smiles_inds': [7]}, {'functional_group': 'amino', 'smiles_inds': [8]}, {'functional_group': 'aldehyde', 'smiles_inds': [15]}, {'functional_group': 'amino', 'smiles_inds': [2]}, {'functional_group': 'phenyl', 'smiles_inds': [1]}, {'functional_group': 'amino', 'smiles_inds': [9]}]",0.9999999999103888
34,top,[nH+]1cc[nH+]c2c1c1cccnc1c1ncccc21,"[13, 10]","[{'functional_group': 'carboxylate', 'smiles_inds': [8]}, {'functional_group': 'aldehyde', 'smiles_inds': [3]}, {'functional_group': 'chloro', 'smiles_inds': [15]}, {'functional_group': 'aldehyde', 'smiles_inds': [0]}, {'functional_group': 'aldehyde', 'smiles_inds': [7]}, {'functional_group': 'aldehyde', 'smiles_inds': [16]}, {'functional_group': 'carboxylate', 'smiles_inds': [9]}]",0.9999999999252176
34,top,[nH+]1cc[nH+]c2c1c1cccnc1c1ncccc21,"[13, 10]","[{'functional_group': 'carboxylate', 'smiles_inds': [14]}, {'functional_group': 'aldehyde', 'smiles_inds': [16]}, {'functional_group': 'amino', 'smiles_inds': [7]}, {'functional_group': 'amino', 'smiles_inds': [8]}, {'functional_group': 'aldehyde', 'smiles_inds': [15]}, {'functional_group': 'amino', 'smiles_inds': [2]}, {'functional_group': 'methyl', 'smiles_inds': [0]}, {'functional_group': 'amino', 'smiles_inds': [1]}, {'functional_group': 'phosphonate', 'smiles_inds': [3]}]",0.9999999999290767
34,top,[nH+]1cc[nH+]c2c1c1cccnc1c1ncccc21,"[13, 10]","[{'functional_group': 'carboxylate', 'smiles_inds': [14]}, {'functional_group': 'aldehyde', 'smiles_inds': [16]}, {'functional_group': 'amino', 'smiles_inds': [7]}, {'functional_group': 'amino', 'smiles_inds': [8]}, {'functional_group': 'aldehyde', 'smiles_inds': [15]}, {'functional_group': 'amino', 'smiles_inds': [2]}, {'functional_group': 'cyano', 'smiles_inds': [0]}, {'functional_group': 'cyano', 'smiles_inds': [3]}, {'functional_group': 'carboxylate', 'smiles_inds': [9]}]",0.9999999999405849
34,top,[nH+]1cc[nH+]c2c1c1cccnc1c1ncccc21,"[13, 10]","[{'functional_group': 'carboxylate', 'smiles_inds': [14]}, {'functional_group': 'aldehyde', 'smiles_inds': [16]}, {'functional_group': 'methyl', 'smiles_inds': [3]}, {'functional_group': 'carboxylate', 'smiles_inds': [15]}, {'functional_group': 'phenyl', 'smiles_inds': [2]}, {'functional_group': 'carboxyllic_acid', 'smiles_inds': [7]}, {'functional_group': 'aldehyde', 'smiles_inds': [0]}, {'functional_group': 'amino', 'smiles_inds': [1]}, {'functional_group': 'amino', 'smiles_inds': [8]}, {'functional_group': 'carboxylate', 'smiles_inds': [9]}]",0.999999999981734
34,top,[nH+]1cc[nH+]c2c1c1cccnc1c1ncccc21,"[13, 10]","[{'functional_group': 'carboxylate', 'smiles_inds': [14]}, {'functional_group': 'aldehyde', 'smiles_inds': [16]}, {'functional_group': 'methyl', 'smiles_inds': [3]}, {'functional_group': 'carboxylate', 'smiles_inds': [15]}, {'functional_group': 'phenyl', 'smiles_inds': [2]}, {'functional_group': 'carboxyllic_acid', 'smiles_inds': [7]}, {'functional_group': 'amino', 'smiles_inds': [1]}, {'functional_group': 'chloro', 'smiles_inds': [0]}, {'functional_group': 'carboxylate', 'smiles_inds': [8]}]",0.999999999984621
34,top,[nH+]1cc[nH+]c2c1c1cccnc1c1ncccc21,"[13, 10]","[{'functional_group': 'carboxylate', 'smiles_inds': [14]}, {'functional_group': 'aldehyde', 'smiles_inds': [16]}, {'functional_group': 'amino', 'smiles_inds': [7]}, {'functional_group': 'amino', 'smiles_inds': [8]}, {'functional_group': 'aldehyde', 'smiles_inds': [15]}, {'functional_group': 'amino', 'smiles_inds': [2]}, {'functional_group': 'methyl', 'smiles_inds': [0]}, {'functional_group': 'methyl', 'smiles_inds': [3]}, {'functional_group': 'amino', 'smiles_inds': [1]}, {'functional_group': 'amino', 'smiles_inds': [9]}]",0.9999999999853675
34,top,[nH+]1cc[nH+]c2c1c1cccnc1c1ncccc21,"[13, 10]","[{'functional_group': 'carboxylate', 'smiles_inds': [14]}, {'functional_group': 'aldehyde', 'smiles_inds': [16]}, {'functional_group': 'amino', 'smiles_inds': [7]}, {'functional_group': 'amino', 'smiles_inds': [8]}, {'functional_group': 'aldehyde', 'smiles_inds': [15]}, {'functional_group': 'amino', 'smiles_inds': [2]}, {'functional_group': 'aldehyde', 'smiles_inds': [0]}, {'functional_group': 'carboxylate', 'smiles_inds': [3]}, {'functional_group': 'ethyl_ester', 'smiles_inds': [9]}, {'functional_group': 'amino', 'smiles_inds': [1]}]",0.9999999999865072
34,top,[nH+]1cc[nH+]c2c1c1cccnc1c1ncccc21,"[13, 10]","[{'functional_group': 'carboxylate', 'smiles_inds': [14]}, {'functional_group': 'aldehyde', 'smiles_inds': [16]}, {'functional_group': 'amino', 'smiles_inds': [7]}, {'functional_group': 'amino', 'smiles_inds': [8]}, {'functional_group': 'aldehyde', 'smiles_inds': [15]}, {'functional_group': 'amino', 'smiles_inds': [2]}, {'functional_group': 'aldehyde', 'smiles_inds': [0]}, {'functional_group': 'carboxylate', 'smiles_inds': [3]}, {'functional_group': 'carboxylate', 'smiles_inds': [9]}]",0.9999999999913944
34,top,[nH+]1cc[nH+]c2c1c1cccnc1c1ncccc21,"[13, 10]","[{'functional_group': 'carboxylate', 'smiles_inds': [14]}, {'functional_group': 'aldehyde', 'smiles_inds': [16]}, {'functional_group': 'methyl', 'smiles_inds': [3]}, {'functional_group': 'carboxylate', 'smiles_inds': [15]}, {'functional_group': 'phenyl', 'smiles_inds': [2]}, {'functional_group': 'carboxyllic_acid', 'smiles_inds': [7]}, {'functional_group': 'aldehyde', 'smiles_inds': [0]}, {'functional_group': 'carboxylate', 'smiles_inds': [9]}, {'functional_group': 'carboxylate', 'smiles_inds': [8]}]",0.9999999999934108
34,top,CC(C(=O)[N-]CCN)(C(=O)[N-]CCN)C(=O)[N-]CCN,"[7, 4, 13, 10, 19, 16]",[],0.9999999999948788
34,top,c1cc(nc(c1)C1=NN=N[N-]1)C1=NN=N[N-]1,"[10, 3, 15]","[{'functional_group': 'ethyl', 'smiles_inds': [0]}, {'functional_group': 'fluoro', 'smiles_inds': [1]}, {'functional_group': 'carboxylate', 'smiles_inds': [5]}]",0.9999999999980711
35,bottom,O1N=C(c2ccncc2)C23C4C5C6C7C8C9C%10C%11C%12C%13C%14C%15C%16C%17C%13C%13C%12C9C9C8C8C6C6C%12C%18C%19C%20C(C%17C%17C%13C9=C(C8%12)C%19%17)C%16C8C9C%15C%12C%14C%11C%11C%10C7C5C5C%11C%12C(=C9C7=C2C(C%18C%20C87)C46)C135,[6],"[{'functional_group': 'amino', 'smiles_inds': [12]}]",9.987664351670547e-50
35,bottom,C[Si](C)(C)c1cc(cc(c1)[Si](C#CP(C#C[Si](c1cc(cc(c1)[Si](C)(C)C)[Si](C)(C)C)(c1cc(cc(c1)[Si](C)(C)C)[Si](C)(C)C)c1cc(cc(c1)[Si](C)(C)C)[Si](C)(C)C)C#C[Si](c1cc(cc(c1)[Si](C)(C)C)[Si](C)(C)C)(c1cc(cc(c1)[Si](C)(C)C)[Si](C)(C)C)c1cc(cc(c1)[Si](C)(C)C)[Si](C)(C)C)(c1cc(cc(c1)[Si](C)(C)C)[Si](C)(C)C)c1cc(cc(c1)[Si](C)(C)C)[Si](C)(C)C)[Si](C)(C)C,[13],"[{'functional_group': 'phosphonate', 'smiles_inds': [103]}, {'functional_group': 'amide', 'smiles_inds': [42]}]",7.103710347861048e-48
35,bottom,CP(CCP(C)c1c(cc(cc1C([Si](C)(C)C)[Si](C)(C)C)C([Si](C)(C)C)([Si](C)(C)C)[Si](C)(C)C)C([Si](C)(C)C)[Si](C)(C)C)c1c(cc(cc1C([Si](C)(C)C)[Si](C)(C)C)C([Si](C)(C)C)([Si](C)(C)C)[Si](C)(C)C)C([Si-](C)C)[Si](C)(C)C,"[4, 72, 1]","[{'functional_group': '2-hydroxypyridine', 'smiles_inds': [12]}]",3.4775859296935854e-46
35,bottom,CP(CCP(C)c1c(cc(cc1C([Si](C)(C)C)[Si](C)(C)C)C([Si](C)(C)C)([Si](C)(C)C)[Si](C)(C)C)C([Si](C)(C)C)[Si](C)(C)C)c1c(cc(cc1C([Si](C)(C)C)[Si](C)(C)C)C([Si](C)(C)C)([Si](C)(C)C)[Si](C)(C)C)C([Si-](C)C)[Si](C)(C)C,"[4, 72, 1]","[{'functional_group': '2-methylbenzoic_acid', 'smiles_inds': [29]}, {'functional_group': 'ethyl', 'smiles_inds': [69]}]",7.079090199923264e-45
35,bottom,Cc1cc(c2ccc(cc2)N(c2ccccc2)c2ccccc2)c(N=C(C)C(C)=Nc2c(cc(C)cc2c2ccc(cc2)N(c2ccccc2)c2ccccc2)c2ccc(cc2)N(c2ccccc2)c2ccccc2)c(c1)c1ccc(cc1)N(c1ccccc1)c1ccccc1,"[24, 29]",[],1.0407124297493617e-34
35,bottom,O=C1N2CN3C(=O)N4CN5C(=O)N6CN7C(=O)N8CN9C(=O)N%10CN1C1%11CCCC21N1CN2C(=O)N(CN%12C(=O)N(CN%13C(=O)N(CN%14C(=O)N(CN%11C1=O)C1%10CCCC9%141)C18CCCC7%131)C16CCCC5%121)C14CCCC321,"[0, 6]","[{'functional_group': 'trifluro', 'smiles_inds': [72]}]",4.8701302106122955e-34
35,bottom,CCCC[P](CCCC)(CCCC)CCP(CCP(CCP(CC[P](CCCC)(CCCC)CCCC)CC[P](CCCC)(CCCC)CCCC)c1ccccc1)CC[P](CCCC)(CCCC)CCCC,"[15, 18, 21]","[{'functional_group': 'fluoro', 'smiles_inds': [40]}, {'functional_group': 'ether', 'smiles_inds': [65]}]",2.1717234883959337e-32
35,bottom,CC(C)c1cccc(C(C)C)c1c1cc(NCCN(CCNc2cc(cc(c2)c2c(cccc2C(C)C)C(C)C)c2c(cccc2C(C)C)C(C)C)CCNc2cc(cc(c2)c2c(cccc2C(C)C)C(C)C)c2c(cccc2C(C)C)C(C)C)cc(c1)c1c(cccc1C(C)C)C(C)C,"[18, 15, 21]","[{'functional_group': 'ethyl_ester', 'smiles_inds': [69]}, {'functional_group': 'cyano', 'smiles_inds': [8]}]",2.6158913232561435e-32
35,bottom,O=C1N2CN3C(=O)N4CN5C6C7N(CN8C(=O)N9CN%10C%11C%12N(CN%13C(=O)N%14CN1C1C2N2CN%15C(=O)N(CN6C(=O)N7CN6C(=O)N(CN%11C(=O)N%12CN7C(=O)N(CN1C2=O)C1%14CCCCC%1371)C19CCCCC861)C14CCCCC3%151)C%10=O)C5=O,"[36, 61]","[{'functional_group': 'methyl_ester', 'smiles_inds': [53]}]",3.3911768561269245e-32
35,bottom,C1CCN(C1)P(=Nc1ccc2ccccc2c1c1c(ccc2ccccc12)N=P(N=P(N1CCCC1)(N1CCCC1)N1CCCC1)(N1CCCC1)N1CCCC1)(N=P(N1CCCC1)(N1CCCC1)N1CCCC1)N1CCCC1,"[6, 27]",[],5.922909550271157e-32
35,bottom,C[Si](C)(C)[Si]1([Sb][Si]([Si](C)(C)C)([Si](C)(C)[Si]1(C)C)[Si]([Si](C)(C)C)([Si](C)(C)C)[Si](C)(C)C)[Si](C)(C)C,[5],"[{'functional_group': 'ether', 'smiles_inds': [21]}, {'functional_group': '2-methylbenzoic_acid', 'smiles_inds': [25]}]",2.519997649564309e-31
35,bottom,O=C1N2CN3C4C5N(CN6C7C8N(CN9C%10C%11N(CN%12C%13C%14N(CN%15C%16C%17N(CN1C1C2N2CN4C(=O)N5CN7C(=O)N8CN%10C(=O)N%11C4OC(N%13C(=O)N%14CN%16C(=O)N%17CN1C2=O)c1ccccc41)C%15=O)C%12=O)C9=O)C6=O)C3=O,"[75, 73]","[{'functional_group': 'ethyl', 'smiles_inds': [8]}]",5.485472114345365e-31
35,bottom,CC(C)c1cccc(C(C)C)c1c1cc(NCCN(CCNc2cc(cc(c2)c2c(cccc2C(C)C)C(C)C)c2c(cccc2C(C)C)C(C)C)CCNc2cc(cc(c2)c2c(cccc2C(C)C)C(C)C)c2c(cccc2C(C)C)C(C)C)cc(c1)c1c(cccc1C(C)C)C(C)C,"[18, 15, 21]","[{'functional_group': 'chloro', 'smiles_inds': [91]}, {'functional_group': 'amide', 'smiles_inds': [96]}]",1.0574843135860844e-30
35,bottom,CC(C)c1cccc(C(C)C)c1c1cc(NCCN(CCNc2cc(cc(c2)c2c(cccc2C(C)C)C(C)C)c2c(cccc2C(C)C)C(C)C)CCNc2cc(cc(c2)c2c(cccc2C(C)C)C(C)C)c2c(cccc2C(C)C)C(C)C)cc(c1)c1c(cccc1C(C)C)C(C)C,"[18, 15, 21]","[{'functional_group': 'bromo', 'smiles_inds': [48]}]",1.5715055997874482e-30
35,bottom,C[Si](O[Si]1(O[Si]2(O[Si](OP(c3ccccc3)c3ccccc3)(O[Si]3(O[Si](OP(c4ccccc4)c4ccccc4)(O[Si](O[Si](O3)(O2)C2CCCC2)(O1)C1CCCC1)C1CCCC1)C1CCCC1)C1CCCC1)C1CCCC1)C1CCCC1)(c1ccccc1)c1ccccc1,"[27, 9]","[{'functional_group': 'cyano', 'smiles_inds': [73]}]",7.95727436196685e-30
35,bottom,CC(C)(C)C12P3P4C5(P1C1(P2C3(P1C45C(C)(C)C)C(C)(C)C)C(C)(C)C)C(C)(C)C,[6],"[{'functional_group': 'bromo', 'smiles_inds': [15]}, {'functional_group': 'bromo', 'smiles_inds': [27]}]",8.171252635460193e-30
35,bottom,N=P(c1ccccc1c1cc(cc(c1)c1ccccc1P(=[N-])(C12CC3CC(CC(C3)C1)C2)C12CC3CC(CC(C3)C1)C2)c1ccccc1P(=[N-])(C12CC3CC(CC(C3)C1)C2)C12CC3CC(CC(C3)C1)C2)(C12CC3CC(CC(C3)C1)C2)C12CC3CC(CC(C3)C1)C2,"[0, 21, 49]","[{'functional_group': 'ketone', 'smiles_inds': [4]}, {'functional_group': 'carboxylate', 'smiles_inds': [87]}]",9.869614196388454e-30
35,bottom,CC(C)(C)c1ccc(cc1)C(c1ccc(cc1)N1C(=O)OCC1=Cc1cccc(C=C2COC(=O)N2c2ccc(cc2)C(c2ccc(cc2)C(C)(C)C)(c2ccc(cc2)C(C)(C)C)c2ccc(cc2)C(C)(C)C)n1)(c1ccc(cc1)C(C)(C)C)c1ccc(cc1)C(C)(C)C,[73],"[{'functional_group': 'tribromo', 'smiles_inds': [2]}]",7.33835836061332e-29
35,bottom,CC(C)(C)c1ccc(cc1)C(c1ccc(cc1)N1C(=O)OCC1=Cc1cccc(C=C2COC(=O)N2c2ccc(cc2)C(c2ccc(cc2)C(C)(C)C)(c2ccc(cc2)C(C)(C)C)c2ccc(cc2)C(C)(C)C)n1)(c1ccc(cc1)C(C)(C)C)c1ccc(cc1)C(C)(C)C,[73],"[{'functional_group': 'thiol', 'smiles_inds': [70]}]",2.1371857051207895e-28
35,bottom,CC(C)(C)[Si](C)(C)N[Si]1(N([Si](C)(C)C(C)(C)C)[Si](N[Si](C)(C)C(C)(C)C)(N1[Si](C)(C)C(C)(C)C)C(C)(C)C)C(C)(C)C,"[7, 18]","[{'functional_group': 'tribromo', 'smiles_inds': [14]}]",4.398669585560751e-28
35,median,COCC(C)Nc1c(C)cccc1C,"[1, 5]","[{'functional_group': 'hydroxyl', 'smiles_inds': [8]}, {'functional_group': '2-hydroxypyridine', 'smiles_inds': [0]}]",0.17499475603016584
35,median,OC(C1=Nc2ccccc2N1)c1ccccc1,"[3, 0]",[],0.175027911390155
35,median,Cc1cc(C)c([O-])c(CN(Cc2cc(C)cc(C)c2[O-])C2CCCCC2)c1,"[6, 19, 9]","[{'functional_group': 'carboxyllic_acid', 'smiles_inds': [23]}]",0.17505200705988966
35,median,CCN(CC)c1ccc(C=Nc2cc(C)ccc2[O-])c([O-])c1,"[18, 20, 10]","[{'functional_group': 'phosphonate', 'smiles_inds': [16]}]",0.17510289780668395
35,median,C(C[P-]c1ccccc1)Pc1ccccc1,"[2, 9]",[],0.17529576720701104
35,median,C1CCC(=[C-]C1)c1ccccn1,"[11, 4]","[{'functional_group': 'phenyl', 'smiles_inds': [7]}, {'functional_group': 'fluoro', 'smiles_inds': [5]}]",0.1752985020397192
35,median,Cc1cc(C)c(c(C)c1)c1ccnc(c1)c1[c-]ccc2ccccc12,"[12, 16]","[{'functional_group': '2-methylbenzoic_acid', 'smiles_inds': [23]}]",0.1753090626394341
35,median,COc1ccc(cc1)c1cc(C)n(CN(Cn2nc(cc2C)c2ccc(OC)cc2)Cn2nc(cc2C)c2ccc(OC)cc2)n1,"[14, 45, 17]",[],0.17538848963119227
35,median,CC1CCCC(C)C1N=C(C)c1cccc(n1)C(C)=NC1C(C)CCCC1C,"[8, 19, 16]","[{'functional_group': 'carboxylate', 'smiles_inds': [25]}]",0.1754466711048608
35,median,COc1cc(CN2CCN(CCN(CC2)Cc2cc(OC)cc(C=O)c2O)Cc2cc(OC)cc(C=O)c2O)c(O)c(C=O)c1,"[40, 43, 38, 36, 26, 24]","[{'functional_group': 'aldehyde', 'smiles_inds': [3]}, {'functional_group': 'tribromo', 'smiles_inds': [17]}]",0.17549455543498735
35,median,O=N(=O)c1ccc([O-])c(C=NCCc2ccccn2)c1,"[7, 10, 18]","[{'functional_group': '2-methylbenzoic_acid', 'smiles_inds': [5]}]",0.17555319182205104
35,median,COc1ccc([O-])c(C=NN=C(NC2CCCCC2)SC)c1,"[6, 19, 9]",[],0.175556754577514
35,median,CC(C)(C)C1=C(C=NN1)C#N,[7],[],0.17557041651292035
35,median,CCOc1cccc2ccc(nc12)C1=Nc2ccccc2N1C,"[21, 2, 14]",[],0.1756030652177959
35,median,NCCNCCNCc1ccc(C=C)cc1,"[0, 3, 6]",[],0.17573205275165057
35,median,Cc1cccc(n1)C1=NN(C=C1)c1ccc(cc1)C(F)(F)F,"[9, 8]",[],0.1757512440814411
35,median,COc1ccc(C=[NH+]C(C)C23CC4CC(CC(C4)C2)C3)c([O-])c1,[21],[],0.17580805813693656
35,median,CN(C)CCCN=Cc1ccc(F)cc1,"[6, 1]",[],0.1759386387831524
35,median,Nc1[nH+]cnc2N=CNc12,[6],"[{'functional_group': '2-methylbenzoic_acid', 'smiles_inds': [3]}]",0.17594502517353802
35,median,CC(C)(C)c1ccc2ccc3ccc(nc3c2n1)C(C)(C)C,"[17, 14]",[],0.17594918955641803
35,top,[nH+]1cc[nH+]c2c1c1cccnc1c1ncccc21,"[13, 10]","[{'functional_group': 'carboxylate', 'smiles_inds': [14]}, {'functional_group': 'aldehyde', 'smiles_inds': [16]}, {'functional_group': 'amino', 'smiles_inds': [7]}, {'functional_group': 'amino', 'smiles_inds': [8]}, {'functional_group': 'aldehyde', 'smiles_inds': [15]}, {'functional_group': 'amino', 'smiles_inds': [2]}, {'functional_group': 'methyl', 'smiles_inds': [0]}, {'functional_group': 'amino', 'smiles_inds': [1]}, {'functional_group': 'bromo', 'smiles_inds': [3]}]",0.9999999999823803
35,top,[nH+]1cc[nH+]c2c1c1cccnc1c1ncccc21,"[13, 10]","[{'functional_group': 'carboxylate', 'smiles_inds': [14]}, {'functional_group': 'aldehyde', 'smiles_inds': [16]}, {'functional_group': 'methyl', 'smiles_inds': [3]}, {'functional_group': 'carboxylate', 'smiles_inds': [15]}, {'functional_group': 'phenyl', 'smiles_inds': [2]}, {'functional_group': 'carboxyllic_acid', 'smiles_inds': [7]}, {'functional_group': 'amino', 'smiles_inds': [1]}, {'functional_group': 'amino', 'smiles_inds': [8]}, {'functional_group': 'aldehyde', 'smiles_inds': [9]}]",0.9999999999826357
35,top,[nH+]1cc[nH+]c2c1c1cccnc1c1ncccc21,"[13, 10]","[{'functional_group': 'carboxylate', 'smiles_inds': [14]}, {'functional_group': 'aldehyde', 'smiles_inds': [16]}, {'functional_group': 'amino', 'smiles_inds': [7]}, {'functional_group': 'amino', 'smiles_inds': [8]}, {'functional_group': 'aldehyde', 'smiles_inds': [15]}, {'functional_group': 'amino', 'smiles_inds': [2]}, {'functional_group': 'methyl', 'smiles_inds': [0]}, {'functional_group': 'amino', 'smiles_inds': [1]}, {'functional_group': 'cyano', 'smiles_inds': [3]}]",0.9999999999859672
35,top,[nH+]1cc[nH+]c2c1c1cccnc1c1ncccc21,"[13, 10]","[{'functional_group': 'carboxylate', 'smiles_inds': [8]}, {'functional_group': 'aldehyde', 'smiles_inds': [3]}, {'functional_group': 'chloro', 'smiles_inds': [15]}, {'functional_group': 'aldehyde', 'smiles_inds': [16]}, {'functional_group': 'amino', 'smiles_inds': [2]}, {'functional_group': 'iodo', 'smiles_inds': [14]}, {'functional_group': 'aldehyde', 'smiles_inds': [7]}, {'functional_group': 'carboxylate', 'smiles_inds': [9]}]",0.999999999986209
35,top,[nH+]1cc[nH+]c2c1c1cccnc1c1ncccc21,"[13, 10]","[{'functional_group': 'carboxylate', 'smiles_inds': [14]}, {'functional_group': 'aldehyde', 'smiles_inds': [16]}, {'functional_group': 'amino', 'smiles_inds': [7]}, {'functional_group': 'amino', 'smiles_inds': [8]}, {'functional_group': 'aldehyde', 'smiles_inds': [15]}, {'functional_group': 'amino', 'smiles_inds': [2]}, {'functional_group': 'methyl', 'smiles_inds': [0]}, {'functional_group': 'amino', 'smiles_inds': [1]}, {'functional_group': 'iodo', 'smiles_inds': [9]}, {'functional_group': 'phosphonate', 'smiles_inds': [3]}]",0.999999999987405
35,top,[nH+]1cc[nH+]c2c1c1cccnc1c1ncccc21,"[13, 10]","[{'functional_group': 'carboxylate', 'smiles_inds': [14]}, {'functional_group': 'aldehyde', 'smiles_inds': [16]}, {'functional_group': 'amino', 'smiles_inds': [7]}, {'functional_group': 'amino', 'smiles_inds': [8]}, {'functional_group': 'aldehyde', 'smiles_inds': [15]}, {'functional_group': 'amino', 'smiles_inds': [2]}, {'functional_group': 'aldehyde', 'smiles_inds': [0]}, {'functional_group': 'carboxylate', 'smiles_inds': [3]}, {'functional_group': 'phosphonate', 'smiles_inds': [1]}]",0.9999999999877727
35,top,[nH+]1cc[nH+]c2c1c1cccnc1c1ncccc21,"[13, 10]","[{'functional_group': 'carboxylate', 'smiles_inds': [14]}, {'functional_group': 'aldehyde', 'smiles_inds': [16]}, {'functional_group': 'amino', 'smiles_inds': [7]}, {'functional_group': 'amino', 'smiles_inds': [8]}, {'functional_group': 'aldehyde', 'smiles_inds': [15]}, {'functional_group': 'amino', 'smiles_inds': [2]}, {'functional_group': 'aldehyde', 'smiles_inds': [0]}, {'functional_group': 'carboxylate', 'smiles_inds': [3]}, {'functional_group': 'aldehyde', 'smiles_inds': [1]}]",0.9999999999881972
35,top,[nH+]1cc[nH+]c2c1c1cccnc1c1ncccc21,"[13, 10]","[{'functional_group': 'carboxylate', 'smiles_inds': [14]}, {'functional_group': 'aldehyde', 'smiles_inds': [16]}, {'functional_group': 'methyl', 'smiles_inds': [3]}, {'functional_group': 'carboxylate', 'smiles_inds': [15]}, {'functional_group': 'phenyl', 'smiles_inds': [2]}, {'functional_group': 'carboxyllic_acid', 'smiles_inds': [7]}, {'functional_group': 'aldehyde', 'smiles_inds': [0]}, {'functional_group': 'amino', 'smiles_inds': [1]}, {'functional_group': 'amino', 'smiles_inds': [8]}, {'functional_group': 'aldehyde', 'smiles_inds': [9]}]",0.9999999999914784
35,top,NC(=NN=C([O-])C(=NNC(=O)c1cccc(n1)C(=O)NN=C(C([O-])=NN=C(N)c1ccccn1)c1ccccc1)c1ccccc1)c1ccccn1,"[23, 5, 51, 2, 25, 33]",[],0.9999999999925311
35,top,[nH+]1cc[nH+]c2c1c1cccnc1c1ncccc21,"[13, 10]","[{'functional_group': 'carboxylate', 'smiles_inds': [14]}, {'functional_group': 'aldehyde', 'smiles_inds': [16]}, {'functional_group': 'amino', 'smiles_inds': [7]}, {'functional_group': 'amino', 'smiles_inds': [8]}, {'functional_group': 'aldehyde', 'smiles_inds': [15]}, {'functional_group': 'amino', 'smiles_inds': [2]}, {'functional_group': 'methyl', 'smiles_inds': [0]}, {'functional_group': 'amino', 'smiles_inds': [1]}, {'functional_group': 'amino', 'smiles_inds': [3]}]",0.9999999999937628
35,top,[nH+]1cc[nH+]c2c1c1cccnc1c1ncccc21,"[13, 10]","[{'functional_group': 'carboxylate', 'smiles_inds': [14]}, {'functional_group': 'aldehyde', 'smiles_inds': [16]}, {'functional_group': 'amino', 'smiles_inds': [7]}, {'functional_group': 'amino', 'smiles_inds': [8]}, {'functional_group': 'aldehyde', 'smiles_inds': [15]}, {'functional_group': 'amino', 'smiles_inds': [2]}, {'functional_group': 'aldehyde', 'smiles_inds': [0]}, {'functional_group': 'carboxylate', 'smiles_inds': [3]}, {'functional_group': 'aldehyde', 'smiles_inds': [9]}]",0.9999999999954747
35,top,[nH+]1cc[nH+]c2c1c1cccnc1c1ncccc21,"[13, 10]","[{'functional_group': 'carboxylate', 'smiles_inds': [14]}, {'functional_group': 'aldehyde', 'smiles_inds': [16]}, {'functional_group': 'amino', 'smiles_inds': [7]}, {'functional_group': 'amino', 'smiles_inds': [8]}, {'functional_group': 'aldehyde', 'smiles_inds': [15]}, {'functional_group': 'amino', 'smiles_inds': [2]}, {'functional_group': 'aldehyde', 'smiles_inds': [0]}, {'functional_group': 'carboxylate', 'smiles_inds': [3]}, {'functional_group': 'amino', 'smiles_inds': [1]}, {'functional_group': 'hydroxyl', 'smiles_inds': [9]}]",0.9999999999970559
35,top,c1cc(nc(c1)C1=NN=N[N-]1)C1=NN=N[N-]1,"[10, 3, 15]","[{'functional_group': 'ethyl', 'smiles_inds': [0]}, {'functional_group': 'carboxylate', 'smiles_inds': [5]}]",0.999999999997329
35,top,[nH+]1cc[nH+]c2c1c1cccnc1c1ncccc21,"[13, 10]","[{'functional_group': 'carboxylate', 'smiles_inds': [14]}, {'functional_group': 'aldehyde', 'smiles_inds': [16]}, {'functional_group': 'amino', 'smiles_inds': [7]}, {'functional_group': 'amino', 'smiles_inds': [8]}, {'functional_group': 'aldehyde', 'smiles_inds': [15]}, {'functional_group': 'amino', 'smiles_inds': [2]}, {'functional_group': 'methyl', 'smiles_inds': [0]}, {'functional_group': 'amino', 'smiles_inds': [1]}, {'functional_group': 'thiol', 'smiles_inds': [3]}, {'functional_group': 'aldehyde', 'smiles_inds': [9]}]",0.999999999997726
35,top,[nH+]1cc[nH+]c2c1c1cccnc1c1ncccc21,"[13, 10]","[{'functional_group': 'carboxylate', 'smiles_inds': [14]}, {'functional_group': 'aldehyde', 'smiles_inds': [16]}, {'functional_group': 'methyl', 'smiles_inds': [3]}, {'functional_group': 'carboxylate', 'smiles_inds': [15]}, {'functional_group': 'phenyl', 'smiles_inds': [2]}, {'functional_group': 'carboxyllic_acid', 'smiles_inds': [7]}, {'functional_group': 'aldehyde', 'smiles_inds': [0]}, {'functional_group': 'amino', 'smiles_inds': [1]}, {'functional_group': 'amino', 'smiles_inds': [8]}, {'functional_group': 'carboxylate', 'smiles_inds': [9]}]",0.9999999999988927
35,top,[nH+]1cc[nH+]c2c1c1cccnc1c1ncccc21,"[13, 10]","[{'functional_group': 'carboxylate', 'smiles_inds': [14]}, {'functional_group': 'aldehyde', 'smiles_inds': [16]}, {'functional_group': 'amino', 'smiles_inds': [7]}, {'functional_group': 'amino', 'smiles_inds': [8]}, {'functional_group': 'aldehyde', 'smiles_inds': [15]}, {'functional_group': 'amino', 'smiles_inds': [2]}, {'functional_group': 'methyl', 'smiles_inds': [0]}, {'functional_group': 'methyl', 'smiles_inds': [3]}, {'functional_group': 'amino', 'smiles_inds': [1]}, {'functional_group': 'amino', 'smiles_inds': [9]}]",0.9999999999994131
35,top,[nH+]1cc[nH+]c2c1c1cccnc1c1ncccc21,"[13, 10]","[{'functional_group': 'carboxylate', 'smiles_inds': [14]}, {'functional_group': 'aldehyde', 'smiles_inds': [16]}, {'functional_group': 'amino', 'smiles_inds': [7]}, {'functional_group': 'amino', 'smiles_inds': [8]}, {'functional_group': 'aldehyde', 'smiles_inds': [15]}, {'functional_group': 'amino', 'smiles_inds': [2]}, {'functional_group': 'methyl', 'smiles_inds': [0]}, {'functional_group': 'methyl', 'smiles_inds': [3]}, {'functional_group': 'amino', 'smiles_inds': [1]}, {'functional_group': 'carboxylate', 'smiles_inds': [9]}]",0.9999999999994935
35,top,[nH+]1cc[nH+]c2c1c1cccnc1c1ncccc21,"[13, 10]","[{'functional_group': 'carboxylate', 'smiles_inds': [14]}, {'functional_group': 'aldehyde', 'smiles_inds': [16]}, {'functional_group': 'amino', 'smiles_inds': [7]}, {'functional_group': 'amino', 'smiles_inds': [8]}, {'functional_group': 'aldehyde', 'smiles_inds': [15]}, {'functional_group': 'amino', 'smiles_inds': [2]}, {'functional_group': 'aldehyde', 'smiles_inds': [0]}, {'functional_group': 'carboxylate', 'smiles_inds': [3]}, {'functional_group': 'amino', 'smiles_inds': [1]}]",0.9999999999995726
35,top,[nH+]1cc[nH+]c2c1c1cccnc1c1ncccc21,"[13, 10]","[{'functional_group': 'carboxylate', 'smiles_inds': [14]}, {'functional_group': 'aldehyde', 'smiles_inds': [16]}, {'functional_group': 'amino', 'smiles_inds': [7]}, {'functional_group': 'amino', 'smiles_inds': [8]}, {'functional_group': 'aldehyde', 'smiles_inds': [15]}, {'functional_group': 'amino', 'smiles_inds': [2]}, {'functional_group': 'methyl', 'smiles_inds': [0]}, {'functional_group': 'amino', 'smiles_inds': [1]}, {'functional_group': 'amino', 'smiles_inds': [9]}]",0.999999999999776
35,top,[nH+]1cc[nH+]c2c1c1cccnc1c1ncccc21,"[13, 10]","[{'functional_group': 'carboxylate', 'smiles_inds': [14]}, {'functional_group': 'aldehyde', 'smiles_inds': [16]}, {'functional_group': 'amino', 'smiles_inds': [7]}, {'functional_group': 'amino', 'smiles_inds': [8]}, {'functional_group': 'aldehyde', 'smiles_inds': [15]}, {'functional_group': 'amino', 'smiles_inds': [2]}, {'functional_group': 'methyl', 'smiles_inds': [0]}, {'functional_group': 'amino', 'smiles_inds': [1]}, {'functional_group': 'carboxylate', 'smiles_inds': [9]}]",0.9999999999998066
36,bottom,C[Si](C)(C)c1cc(cc(c1)[Si](C#CP(C#C[Si](c1cc(cc(c1)[Si](C)(C)C)[Si](C)(C)C)(c1cc(cc(c1)[Si](C)(C)C)[Si](C)(C)C)c1cc(cc(c1)[Si](C)(C)C)[Si](C)(C)C)C#C[Si](c1cc(cc(c1)[Si](C)(C)C)[Si](C)(C)C)(c1cc(cc(c1)[Si](C)(C)C)[Si](C)(C)C)c1cc(cc(c1)[Si](C)(C)C)[Si](C)(C)C)(c1cc(cc(c1)[Si](C)(C)C)[Si](C)(C)C)c1cc(cc(c1)[Si](C)(C)C)[Si](C)(C)C)[Si](C)(C)C,[13],"[{'functional_group': 'carboxyllic_acid', 'smiles_inds': [135]}]",3.67745500235193e-51
36,bottom,C[Si](C)(C)c1cc(cc(c1)[Si](C#CP(C#C[Si](c1cc(cc(c1)[Si](C)(C)C)[Si](C)(C)C)(c1cc(cc(c1)[Si](C)(C)C)[Si](C)(C)C)c1cc(cc(c1)[Si](C)(C)C)[Si](C)(C)C)C#C[Si](c1cc(cc(c1)[Si](C)(C)C)[Si](C)(C)C)(c1cc(cc(c1)[Si](C)(C)C)[Si](C)(C)C)c1cc(cc(c1)[Si](C)(C)C)[Si](C)(C)C)(c1cc(cc(c1)[Si](C)(C)C)[Si](C)(C)C)c1cc(cc(c1)[Si](C)(C)C)[Si](C)(C)C)[Si](C)(C)C,[13],"[{'functional_group': 'trifluro', 'smiles_inds': [39]}, {'functional_group': 'cyano', 'smiles_inds': [38]}, {'functional_group': 'iodo', 'smiles_inds': [123]}]",3.6444752884892966e-50
36,bottom,C[Si](C)(C)c1cc(cc(c1)[Si](C#CP(C#C[Si](c1cc(cc(c1)[Si](C)(C)C)[Si](C)(C)C)(c1cc(cc(c1)[Si](C)(C)C)[Si](C)(C)C)c1cc(cc(c1)[Si](C)(C)C)[Si](C)(C)C)C#C[Si](c1cc(cc(c1)[Si](C)(C)C)[Si](C)(C)C)(c1cc(cc(c1)[Si](C)(C)C)[Si](C)(C)C)c1cc(cc(c1)[Si](C)(C)C)[Si](C)(C)C)(c1cc(cc(c1)[Si](C)(C)C)[Si](C)(C)C)c1cc(cc(c1)[Si](C)(C)C)[Si](C)(C)C)[Si](C)(C)C,[13],"[{'functional_group': 'cyano', 'smiles_inds': [83]}]",5.079191298114995e-50
36,bottom,COC(=O)C(C)(C)NC(=O)C(NC(=O)C1(CCCCC1)NC(=O)C(C)(C)NC(=O)C1(CCCCC1)NC(=O)C(C)(C)NC(=O)c1ccc(nc1)c1ccc(cn1)C(=O)NC(C)(C)C(=O)NC1(CCCCC1)C(=O)NC(C)(C)C(=O)NC1(CCCCC1)C(=O)NC(C(C)C)C(=O)NC(C)(C)C(=O)OC)C(C)C,"[55, 48]","[{'functional_group': 'iodo', 'smiles_inds': [35]}]",6.224551799316418e-50
36,bottom,CCC(C)C1NC(=O)C(C)NC(=O)C(CSSCC2NC(=O)C(CCC(N)=O)NC(=O)C(C)NC(=O)C3CCCN3C(=O)C(CCC(O)=O)NC(=O)CNC(=O)C(C)NC(=O)C(CCCNC(N)=N)NC(=O)C(CSSCC(NC(=O)C(CC(N)=O)NC2=O)C(O)=O)NC(=O)C(CC2=CN=CN2)NC1=O)NC(=O)C(CC1=CN=CN1)NC(=O)C(CC(C)C)NC(=O)C(CC(O)=O)NC(C)=O,"[112, 99]","[{'functional_group': 'amide', 'smiles_inds': [33]}]",1.8058890001151855e-49
36,bottom,C[Si](C)(C)c1cc(cc(c1)[Si](C)(C)C)C(C(=O)Nc1cccc(NC(=O)C(c2cc(cc(c2)[Si](C)(C)C)[Si](C)(C)C)(c2cc(cc(c2)[Si](C)(C)C)[Si](C)(C)C)c2cc(cc(c2)[Si](C)(C)C)[Si](C)(C)C)c1[S-])(c1cc(cc(c1)[Si](C)(C)C)[Si](C)(C)C)c1cc(cc(c1)[Si](C)(C)C)[Si](C)(C)C,"[70, 16]","[{'functional_group': 'carboxyl', 'smiles_inds': [80]}]",1.4789738018099716e-38
36,bottom,C[Si](C)(C)c1cc(cc(c1)[Si](C)(C)C)C(C(=O)Nc1cccc(NC(=O)C(c2cc(cc(c2)[Si](C)(C)C)[Si](C)(C)C)(c2cc(cc(c2)[Si](C)(C)C)[Si](C)(C)C)c2cc(cc(c2)[Si](C)(C)C)[Si](C)(C)C)c1[S-])(c1cc(cc(c1)[Si](C)(C)C)[Si](C)(C)C)c1cc(cc(c1)[Si](C)(C)C)[Si](C)(C)C,"[70, 16]","[{'functional_group': 'methyl', 'smiles_inds': [93]}]",5.863148744673389e-37
36,bottom,O=C1N2CN3C(=O)N4CN5C(=O)N6CN7C(=O)N8CN9C(=O)N%10CN%11C(=O)N%12CN1C1%13CCCCC21N1CN2C(=O)N(CN%14C(=O)N(CN%15C(=O)N(CN%16C(=O)N(CN%17C(=O)N(CN%13C1=O)C1%12CCCCC%11%171)C1%10CCCCC9%161)C18CCCCC7%151)C16CCCCC5%141)C14CCCCC321,"[26, 0, 6]","[{'functional_group': 'cyanimide', 'smiles_inds': [37]}]",6.736941598612582e-36
36,bottom,Cc1cc(c2ccc(cc2)N(c2ccccc2)c2ccccc2)c(N=C(C)C(C)=Nc2c(cc(C)cc2c2ccc(cc2)N(c2ccccc2)c2ccccc2)c2ccc(cc2)N(c2ccccc2)c2ccccc2)c(c1)c1ccc(cc1)N(c1ccccc1)c1ccccc1,"[24, 29]","[{'functional_group': 'trichloro', 'smiles_inds': [68]}, {'functional_group': 'iodo', 'smiles_inds': [8]}]",3.0954541706054416e-34
36,bottom,Cc1cc(c2ccc(cc2)N(c2ccccc2)c2ccccc2)c(N=C(C)C(C)=Nc2c(cc(C)cc2c2ccc(cc2)N(c2ccccc2)c2ccccc2)c2ccc(cc2)N(c2ccccc2)c2ccccc2)c(c1)c1ccc(cc1)N(c1ccccc1)c1ccccc1,"[24, 29]","[{'functional_group': 'cyanimide', 'smiles_inds': [74]}]",1.5433153218595238e-33
36,bottom,CCCC[P](CCCC)(CCCC)CCP(CCP(CCP(CC[P](CCCC)(CCCC)CCCC)CC[P](CCCC)(CCCC)CCCC)c1ccccc1)CC[P](CCCC)(CCCC)CCCC,"[15, 18, 21]","[{'functional_group': 'cyanimide', 'smiles_inds': [44]}]",7.399404921042731e-32
36,bottom,O=C1N2CN3C(=O)N4CN5C6C7N(CN8C(=O)N9CN%10C%11C%12N(CN%13C(=O)N%14CN1C1C2N2CN%15C(=O)N(CN6C(=O)N7CN6C(=O)N(CN%11C(=O)N%12CN7C(=O)N(CN1C2=O)C1%14CCCCC%1371)C19CCCCC861)C14CCCCC3%151)C%10=O)C5=O,"[36, 61]","[{'functional_group': 'carbonyl', 'smiles_inds': [28]}]",1.1146752742587933e-30
36,bottom,C[Si](C)(C)C(c1cc(C([Si](C)(C)C)[Si](C)(C)C)c([Se]c2ccccc2Sc2ccccc2Sc2ccccc2[Se]c2c(cc(cc2C([Si](C)(C)C)[Si](C)(C)C)C([Si](C)(C)C)[Si](C)(C)C)C([Si](C)(C)C)[Si](C)(C)C)c(c1)C([Si](C)(C)C)[Si](C)(C)C)[Si](C)(C)C,"[25, 32]","[{'functional_group': 'carbonyl', 'smiles_inds': [8]}]",6.694353230592761e-29
36,bottom,C[Si](C)(C)C(c1cc(C([Si](C)(C)C)[Si](C)(C)C)c([Se]c2ccccc2Sc2ccccc2Sc2ccccc2[Se]c2c(cc(cc2C([Si](C)(C)C)[Si](C)(C)C)C([Si](C)(C)C)[Si](C)(C)C)C([Si](C)(C)C)[Si](C)(C)C)c(c1)C([Si](C)(C)C)[Si](C)(C)C)[Si](C)(C)C,"[25, 32]","[{'functional_group': 'trifluro', 'smiles_inds': [55]}]",7.34422119935705e-29
36,bottom,C[Si](O[Si]1(O[Si]2(O[Si](OP(c3ccccc3)c3ccccc3)(O[Si]3(O[Si](OP(c4ccccc4)c4ccccc4)(O[Si](O[Si](O3)(O2)C2CCCC2)(O1)C1CCCC1)C1CCCC1)C1CCCC1)C1CCCC1)C1CCCC1)C1CCCC1)(c1ccccc1)c1ccccc1,"[27, 9]","[{'functional_group': '2-hydroxypyridine', 'smiles_inds': [33]}, {'functional_group': 'tribromo', 'smiles_inds': [20]}, {'functional_group': 'carboxyl', 'smiles_inds': [57]}]",1.0190842138996155e-28
36,bottom,Cc1cc(C(c2ccc(cc2)C2CCCCC2)c2ccc(cc2)C2CCCCC2)c(N=C(C)C(C)=Nc2c(cc(C)cc2C(c2ccc(cc2)C2CCCCC2)c2ccc(cc2)C2CCCCC2)C(c2ccc(cc2)C2CCCCC2)c2ccc(cc2)C2CCCCC2)c(c1)C(c1ccc(cc1)C1CCCCC1)c1ccc(cc1)C1CCCCC1,"[30, 35]","[{'functional_group': 'tribromo', 'smiles_inds': [98]}]",1.4438174147305576e-28
36,bottom,CC(C)c1cccc(C(C)C)c1c1cc(NCCN(CCNc2cc(cc(c2)c2c(cccc2C(C)C)C(C)C)c2c(cccc2C(C)C)C(C)C)CCNc2cc(cc(c2)c2c(cccc2C(C)C)C(C)C)c2c(cccc2C(C)C)C(C)C)cc(c1)c1c(cccc1C(C)C)C(C)C,"[18, 15, 21]","[{'functional_group': 'methyl', 'smiles_inds': [84]}]",6.77080452424043e-28
36,bottom,N=P(c1ccccc1c1cc(cc(c1)c1ccccc1P(=[N-])(C12CC3CC(CC(C3)C1)C2)C12CC3CC(CC(C3)C1)C2)c1ccccc1P(=[N-])(C12CC3CC(CC(C3)C1)C2)C12CC3CC(CC(C3)C1)C2)(C12CC3CC(CC(C3)C1)C2)C12CC3CC(CC(C3)C1)C2,"[0, 21, 49]","[{'functional_group': 'amino', 'smiles_inds': [30]}, {'functional_group': 'fluoro', 'smiles_inds': [68]}, {'functional_group': 'tribromo', 'smiles_inds': [5]}]",1.3995749014010807e-27
36,bottom,C[Si](O[Si]1(O[Si]2(O[Si](OP(c3ccccc3)c3ccccc3)(O[Si]3(O[Si](OP(c4ccccc4)c4ccccc4)(O[Si](O[Si](O3)(O2)C2CCCC2)(O1)C1CCCC1)C1CCCC1)C1CCCC1)C1CCCC1)C1CCCC1)C1CCCC1)(c1ccccc1)c1ccccc1,"[27, 9]","[{'functional_group': '2-hydroxypyridine', 'smiles_inds': [80]}]",4.9086312246525784e-27
36,bottom,CC(C)C1NC(=O)C2CCCN2C(=O)C(NC(=O)C2CCCN2C(=O)C(NC(=O)C2CCCN2C(=O)C(NC(=O)C2CCCN2C(=O)C(NC(=O)C2CCCN2C(=O)C(NC(=O)C2CCCN2C1=O)C(C)C)C(C)C)C(C)C)C(C)C)C(C)C,"[13, 68, 35, 24, 46, 57]","[{'functional_group': 'thiol', 'smiles_inds': [80]}]",6.88956336990913e-27
36,median,CC[C-]=C(CC)C(=O)CC,"[7, 2]","[{'functional_group': 'ether', 'smiles_inds': [9]}]",0.1915107357935787
36,median,C1Cc2ccc[c-]c2C(C1)=Nc1ccccc1,"[10, 6]",[],0.19162966935612435
36,median,CC(CCC=C(C)C)CC=NN=C(N)[S-],"[14, 10]","[{'functional_group': 'methyl_ester', 'smiles_inds': [0]}]",0.19195899842201355
36,median,CCCCC(C)=O,[6],[],0.19200041980645446
36,median,CCCCCCCCCCSC(N)=NN=Cc1ccccc1[O-],"[22, 14, 12]",[],0.19206858030151278
36,median,OOC(O)(c1ccccn1)c1ccccn1,"[15, 9]","[{'functional_group': 'carboxyl', 'smiles_inds': [13]}]",0.19208172212457644
36,median,c1ccc2cc(ccc2c1)c1c2cccnc2c2ncccc2c1c1ccc2ccccc2c1,"[15, 18]",[],0.19211887572190248
36,median,CC(=NO)C(C)=NCCSCCSCCN=C(C)C(C)=NO,"[9, 12, 2, 6, 15, 20]",[],0.19220344770460382
36,median,Nc1[nH+]ccnc1C(=O)[O-],"[9, 5]","[{'functional_group': 'trichloro', 'smiles_inds': [3]}, {'functional_group': 'carboxyllic_acid', 'smiles_inds': [2]}, {'functional_group': 'ethyl_ester', 'smiles_inds': [0]}]",0.19232895505719436
36,median,CC1=CC(=NC(=S)N1)C,[6],"[{'functional_group': 'thiol', 'smiles_inds': [0]}, {'functional_group': 'phosphonate', 'smiles_inds': [8]}]",0.19235630901629144
36,median,C1CN2CCN=Cc3cccc(n3)C3NCCN3CCN=Cc3cccc(n3)C2N1,"[12, 17, 20, 27, 2, 5]",[],0.19249395542651873
36,median,Brc1ccc([O-])c(C=NCCCNCCNCCCN=Cc2cc(Br)ccc2[O-])c1,"[28, 5, 8, 12, 15, 19]","[{'functional_group': 'cyanimide', 'smiles_inds': [10]}]",0.1926255212992661
36,median,CNC(=S)NN(C)C,"[3, 5]",[],0.19265397818145508
36,median,O=N(=O)c1ccc([c-]c1)C1=Nc2c3ccccc3c3ccccc3c2N1c1ccccc1,"[10, 7]","[{'functional_group': 'ether', 'smiles_inds': [31]}, {'functional_group': '2-methylbenzoic_acid', 'smiles_inds': [4]}]",0.19266041406313938
36,median,Nc1[nH+]c(N)c2NC=Nc2n1,[8],"[{'functional_group': 'phosphonate', 'smiles_inds': [0]}, {'functional_group': 'ethyl_ester', 'smiles_inds': [2]}, {'functional_group': 'carboxyl', 'smiles_inds': [7]}]",0.19272511044774057
36,median,CC(C)N=Cc1cccc(C=NC(C)C)n1,"[3, 15, 11]","[{'functional_group': 'phosphonate', 'smiles_inds': [6]}, {'functional_group': '2-methylbenzoic_acid', 'smiles_inds': [10]}]",0.19294946024859322
36,median,CC(C)(C)c1cc(C=NC(c2ccccc2)c2ccccc2)c([O-])c(c1)C(C)(C)C,"[8, 23]",[],0.19297085055299198
36,median,C[NH2+]C(C1=NC=CN1)C1=NC=CN1,"[4, 9]","[{'functional_group': 'carboxyl', 'smiles_inds': [11]}, {'functional_group': 'fluoro', 'smiles_inds': [0]}]",0.192989438123597
36,median,N1C(=Nc2c1c1cccnc1c1ncccc21)c1cccc2ccccc12,"[9, 12]","[{'functional_group': 'ethyl_ester', 'smiles_inds': [8]}, {'functional_group': 'phenyl', 'smiles_inds': [20]}]",0.19307643654364487
36,median,Fc1ccc(cc1)c1cc(cc(n1)c1ccccn1)c1ccccc1,"[12, 18]","[{'functional_group': 'fluoro', 'smiles_inds': [5]}, {'functional_group': 'methyl', 'smiles_inds': [10]}]",0.1931288865315783
36,top,[nH+]1cc[nH+]c2c1c1cccnc1c1ncccc21,"[13, 10]","[{'functional_group': 'carboxylate', 'smiles_inds': [8]}, {'functional_group': 'aldehyde', 'smiles_inds': [3]}, {'functional_group': 'chloro', 'smiles_inds': [15]}, {'functional_group': 'aldehyde', 'smiles_inds': [16]}, {'functional_group': 'amino', 'smiles_inds': [2]}, {'functional_group': 'carboxylate', 'smiles_inds': [7]}]",0.9999999999681013
36,top,[nH+]1cc[nH+]c2c1c1cccnc1c1ncccc21,"[13, 10]","[{'functional_group': 'carboxylate', 'smiles_inds': [8]}, {'functional_group': 'aldehyde', 'smiles_inds': [3]}, {'functional_group': 'chloro', 'smiles_inds': [15]}, {'functional_group': 'aldehyde', 'smiles_inds': [16]}, {'functional_group': 'amino', 'smiles_inds': [2]}, {'functional_group': 'carbonyl', 'smiles_inds': [9]}, {'functional_group': 'carboxylate', 'smiles_inds': [7]}, {'functional_group': 'phenyl', 'smiles_inds': [1]}]",0.9999999999694813
36,top,[nH+]1cc[nH+]c2c1c1cccnc1c1ncccc21,"[13, 10]","[{'functional_group': 'carboxylate', 'smiles_inds': [8]}, {'functional_group': 'aldehyde', 'smiles_inds': [3]}, {'functional_group': 'chloro', 'smiles_inds': [15]}, {'functional_group': 'aldehyde', 'smiles_inds': [16]}, {'functional_group': 'amino', 'smiles_inds': [2]}, {'functional_group': 'carbonyl', 'smiles_inds': [9]}, {'functional_group': 'carboxylate', 'smiles_inds': [7]}, {'functional_group': 'carboxylate', 'smiles_inds': [0]}, {'functional_group': 'aldehyde', 'smiles_inds': [14]}]",0.9999999999751523
36,top,[nH+]1cc[nH+]c2c1c1cccnc1c1ncccc21,"[13, 10]","[{'functional_group': 'carboxylate', 'smiles_inds': [14]}, {'functional_group': 'aldehyde', 'smiles_inds': [16]}, {'functional_group': 'amino', 'smiles_inds': [7]}, {'functional_group': 'amino', 'smiles_inds': [8]}, {'functional_group': 'aldehyde', 'smiles_inds': [15]}, {'functional_group': 'amino', 'smiles_inds': [2]}, {'functional_group': 'cyano', 'smiles_inds': [0]}, {'functional_group': 'cyano', 'smiles_inds': [3]}, {'functional_group': 'carboxylate', 'smiles_inds': [9]}]",0.9999999999769955
36,top,[nH+]1cc[nH+]c2c1c1cccnc1c1ncccc21,"[13, 10]","[{'functional_group': 'carboxylate', 'smiles_inds': [14]}, {'functional_group': 'aldehyde', 'smiles_inds': [16]}, {'functional_group': 'methyl', 'smiles_inds': [3]}, {'functional_group': 'carboxylate', 'smiles_inds': [15]}, {'functional_group': 'phenyl', 'smiles_inds': [2]}, {'functional_group': 'carboxyllic_acid', 'smiles_inds': [7]}, {'functional_group': 'aldehyde', 'smiles_inds': [0]}, {'functional_group': 'carboxylate', 'smiles_inds': [9]}, {'functional_group': 'ether', 'smiles_inds': [8]}, {'functional_group': 'hydroxyl', 'smiles_inds': [1]}]",0.9999999999828406
36,top,[nH+]1cc[nH+]c2c1c1cccnc1c1ncccc21,"[13, 10]","[{'functional_group': 'carboxylate', 'smiles_inds': [8]}, {'functional_group': 'aldehyde', 'smiles_inds': [3]}, {'functional_group': 'chloro', 'smiles_inds': [15]}, {'functional_group': 'aldehyde', 'smiles_inds': [16]}, {'functional_group': 'amino', 'smiles_inds': [2]}, {'functional_group': 'iodo', 'smiles_inds': [14]}, {'functional_group': 'aldehyde', 'smiles_inds': [7]}, {'functional_group': 'amino', 'smiles_inds': [9]}, {'functional_group': 'tribromo', 'smiles_inds': [0]}]",0.9999999999841791
36,top,[nH+]1cc[nH+]c2c1c1cccnc1c1ncccc21,"[13, 10]","[{'functional_group': 'carboxylate', 'smiles_inds': [14]}, {'functional_group': 'aldehyde', 'smiles_inds': [16]}, {'functional_group': 'methyl', 'smiles_inds': [3]}, {'functional_group': 'carboxylate', 'smiles_inds': [15]}, {'functional_group': 'phenyl', 'smiles_inds': [2]}, {'functional_group': 'phenyl', 'smiles_inds': [1]}, {'functional_group': '2-hydroxypyridine', 'smiles_inds': [9]}, {'functional_group': 'cyano', 'smiles_inds': [7]}, {'functional_group': 'carboxylate', 'smiles_inds': [8]}]",0.9999999999866584
36,top,[nH+]1cc[nH+]c2c1c1cccnc1c1ncccc21,"[13, 10]","[{'functional_group': 'carboxylate', 'smiles_inds': [14]}, {'functional_group': 'aldehyde', 'smiles_inds': [16]}, {'functional_group': 'amino', 'smiles_inds': [7]}, {'functional_group': 'amino', 'smiles_inds': [8]}, {'functional_group': 'aldehyde', 'smiles_inds': [15]}, {'functional_group': 'amino', 'smiles_inds': [2]}, {'functional_group': 'aldehyde', 'smiles_inds': [0]}, {'functional_group': 'carboxylate', 'smiles_inds': [3]}, {'functional_group': 'methyl', 'smiles_inds': [1]}]",0.9999999999871036
36,top,[nH+]1cc[nH+]c2c1c1cccnc1c1ncccc21,"[13, 10]","[{'functional_group': 'carboxylate', 'smiles_inds': [14]}, {'functional_group': 'aldehyde', 'smiles_inds': [16]}, {'functional_group': 'methyl', 'smiles_inds': [3]}, {'functional_group': 'carboxylate', 'smiles_inds': [15]}, {'functional_group': 'phenyl', 'smiles_inds': [2]}, {'functional_group': 'carboxyllic_acid', 'smiles_inds': [7]}, {'functional_group': 'amino', 'smiles_inds': [1]}, {'functional_group': 'ketone', 'smiles_inds': [9]}, {'functional_group': 'carboxylate', 'smiles_inds': [8]}]",0.9999999999876892
36,top,c1cc(nc(c1)C1=NN=N[N-]1)C1=NN=N[N-]1,"[10, 3, 15]","[{'functional_group': 'ethyl', 'smiles_inds': [0]}, {'functional_group': 'fluoro', 'smiles_inds': [5]}, {'functional_group': 'carboxylate', 'smiles_inds': [1]}]",0.9999999999884277
36,top,[nH+]1cc[nH+]c2c1c1cccnc1c1ncccc21,"[13, 10]","[{'functional_group': 'carboxylate', 'smiles_inds': [8]}, {'functional_group': 'aldehyde', 'smiles_inds': [3]}, {'functional_group': 'chloro', 'smiles_inds': [15]}, {'functional_group': 'aldehyde', 'smiles_inds': [16]}, {'functional_group': 'amino', 'smiles_inds': [2]}, {'functional_group': 'carbonyl', 'smiles_inds': [9]}, {'functional_group': 'carboxylate', 'smiles_inds': [7]}, {'functional_group': 'carboxylate', 'smiles_inds': [0]}, {'functional_group': 'amino', 'smiles_inds': [14]}]",0.9999999999905969
36,top,[nH+]1cc[nH+]c2c1c1cccnc1c1ncccc21,"[13, 10]","[{'functional_group': 'carboxylate', 'smiles_inds': [14]}, {'functional_group': 'aldehyde', 'smiles_inds': [16]}, {'functional_group': 'methyl', 'smiles_inds': [3]}, {'functional_group': 'carboxylate', 'smiles_inds': [15]}, {'functional_group': 'phenyl', 'smiles_inds': [2]}, {'functional_group': 'carboxyllic_acid', 'smiles_inds': [7]}, {'functional_group': 'amino', 'smiles_inds': [1]}, {'functional_group': 'amino', 'smiles_inds': [8]}, {'functional_group': 'carboxylate', 'smiles_inds': [9]}, {'functional_group': 'trichloro', 'smiles_inds': [0]}]",0.9999999999917824
36,top,[nH+]1cc[nH+]c2c1c1cccnc1c1ncccc21,"[13, 10]","[{'functional_group': 'carboxylate', 'smiles_inds': [8]}, {'functional_group': 'aldehyde', 'smiles_inds': [3]}, {'functional_group': 'chloro', 'smiles_inds': [15]}, {'functional_group': 'aldehyde', 'smiles_inds': [16]}, {'functional_group': 'amino', 'smiles_inds': [2]}, {'functional_group': 'iodo', 'smiles_inds': [14]}, {'functional_group': 'aldehyde', 'smiles_inds': [7]}, {'functional_group': 'amino', 'smiles_inds': [1]}]",0.9999999999926796
36,top,[nH+]1cc[nH+]c2c1c1cccnc1c1ncccc21,"[13, 10]","[{'functional_group': 'carboxylate', 'smiles_inds': [14]}, {'functional_group': 'aldehyde', 'smiles_inds': [16]}, {'functional_group': 'amino', 'smiles_inds': [7]}, {'functional_group': 'amino', 'smiles_inds': [8]}, {'functional_group': 'aldehyde', 'smiles_inds': [15]}, {'functional_group': 'amino', 'smiles_inds': [2]}, {'functional_group': 'aldehyde', 'smiles_inds': [0]}, {'functional_group': 'carboxylate', 'smiles_inds': [3]}, {'functional_group': 'ketone', 'smiles_inds': [9]}, {'functional_group': 'amino', 'smiles_inds': [1]}]",0.9999999999935643
36,top,[nH+]1cc[nH+]c2c1c1cccnc1c1ncccc21,"[13, 10]","[{'functional_group': 'carboxylate', 'smiles_inds': [14]}, {'functional_group': 'aldehyde', 'smiles_inds': [16]}, {'functional_group': 'amino', 'smiles_inds': [7]}, {'functional_group': 'amino', 'smiles_inds': [8]}, {'functional_group': 'aldehyde', 'smiles_inds': [15]}, {'functional_group': 'amino', 'smiles_inds': [2]}, {'functional_group': 'aldehyde', 'smiles_inds': [0]}, {'functional_group': 'carboxylate', 'smiles_inds': [3]}, {'functional_group': 'amino', 'smiles_inds': [9]}]",0.999999999994104
36,top,[nH+]1cc[nH+]c2c1c1cccnc1c1ncccc21,"[13, 10]","[{'functional_group': 'carboxylate', 'smiles_inds': [14]}, {'functional_group': 'aldehyde', 'smiles_inds': [16]}, {'functional_group': 'methyl', 'smiles_inds': [3]}, {'functional_group': 'carboxylate', 'smiles_inds': [15]}, {'functional_group': 'phenyl', 'smiles_inds': [2]}, {'functional_group': 'carboxyllic_acid', 'smiles_inds': [7]}, {'functional_group': 'amino', 'smiles_inds': [1]}, {'functional_group': 'amino', 'smiles_inds': [8]}, {'functional_group': 'carboxylate', 'smiles_inds': [9]}]",0.999999999994805
36,top,[nH+]1cc[nH+]c2c1c1cccnc1c1ncccc21,"[13, 10]","[{'functional_group': 'carboxylate', 'smiles_inds': [14]}, {'functional_group': 'aldehyde', 'smiles_inds': [16]}, {'functional_group': 'amino', 'smiles_inds': [7]}, {'functional_group': 'amino', 'smiles_inds': [8]}, {'functional_group': 'aldehyde', 'smiles_inds': [15]}, {'functional_group': 'amino', 'smiles_inds': [2]}, {'functional_group': 'methyl', 'smiles_inds': [0]}, {'functional_group': 'methyl', 'smiles_inds': [3]}, {'functional_group': 'amino', 'smiles_inds': [1]}, {'functional_group': 'carboxylate', 'smiles_inds': [9]}]",0.9999999999955591
36,top,[nH+]1cc[nH+]c2c1c1cccnc1c1ncccc21,"[13, 10]","[{'functional_group': 'carboxylate', 'smiles_inds': [14]}, {'functional_group': 'aldehyde', 'smiles_inds': [16]}, {'functional_group': 'methyl', 'smiles_inds': [3]}, {'functional_group': 'carboxylate', 'smiles_inds': [15]}, {'functional_group': 'phenyl', 'smiles_inds': [2]}, {'functional_group': 'carboxyllic_acid', 'smiles_inds': [7]}, {'functional_group': 'amino', 'smiles_inds': [1]}, {'functional_group': 'amino', 'smiles_inds': [8]}, {'functional_group': 'amino', 'smiles_inds': [9]}]",0.9999999999972307
36,top,[nH+]1cc[nH+]c2c1c1cccnc1c1ncccc21,"[13, 10]","[{'functional_group': 'carboxylate', 'smiles_inds': [14]}, {'functional_group': 'aldehyde', 'smiles_inds': [16]}, {'functional_group': 'amino', 'smiles_inds': [7]}, {'functional_group': 'amino', 'smiles_inds': [8]}, {'functional_group': 'aldehyde', 'smiles_inds': [15]}, {'functional_group': 'amino', 'smiles_inds': [2]}, {'functional_group': 'methyl', 'smiles_inds': [0]}, {'functional_group': 'amino', 'smiles_inds': [1]}, {'functional_group': 'carboxylate', 'smiles_inds': [9]}]",0.9999999999984965
36,top,CC(C(=O)[N-]CCN)(C(=O)[N-]CCN)C(=O)[N-]CCN,"[7, 4, 13, 10, 19, 16]",[],0.9999999999988725
37,bottom,COC(=O)C(C)(C)NC(=O)C(NC(=O)C1(CCCCC1)NC(=O)C(C)(C)NC(=O)C1(CCCCC1)NC(=O)C(C)(C)NC(=O)c1ccc(nc1)c1ccc(cn1)C(=O)NC(C)(C)C(=O)NC1(CCCCC1)C(=O)NC(C)(C)C(=O)NC1(CCCCC1)C(=O)NC(C(C)C)C(=O)NC(C)(C)C(=O)OC)C(C)C,"[55, 48]","[{'functional_group': 'ethyl_ester', 'smiles_inds': [66]}, {'functional_group': 'thiol', 'smiles_inds': [69]}]",8.638305354656695e-50
37,bottom,CCC(C)C1NC(=O)C(C)NC(=O)C(CSSCC2NC(=O)C(CCC(N)=O)NC(=O)C(C)NC(=O)C3CCCN3C(=O)C(CCC(O)=O)NC(=O)CNC(=O)C(C)NC(=O)C(CCCNC(N)=N)NC(=O)C(CSSCC(NC(=O)C(CC(N)=O)NC2=O)C(O)=O)NC(=O)C(CC2=CN=CN2)NC1=O)NC(=O)C(CC1=CN=CN1)NC(=O)C(CC(C)C)NC(=O)C(CC(O)=O)NC(C)=O,"[112, 99]","[{'functional_group': 'amide', 'smiles_inds': [9]}]",1.9658835883099325e-48
37,bottom,COC(=O)C(C)(C)NC(=O)C(NC(=O)C1(CCCCC1)NC(=O)C(C)(C)NC(=O)C1(CCCCC1)NC(=O)C(C)(C)NC(=O)c1ccc(nc1)c1ccc(cn1)C(=O)NC(C)(C)C(=O)NC1(CCCCC1)C(=O)NC(C)(C)C(=O)NC1(CCCCC1)C(=O)NC(C(C)C)C(=O)NC(C)(C)C(=O)OC)C(C)C,"[55, 48]","[{'functional_group': 'cyano', 'smiles_inds': [52]}]",8.762370360016726e-47
37,bottom,COC(=O)C(C)(C)NC(=O)C(NC(=O)C1(CCCCC1)NC(=O)C(C)(C)NC(=O)C1(CCCCC1)NC(=O)C(C)(C)NC(=O)c1ccc(nc1)c1ccc(cn1)C(=O)NC(C)(C)C(=O)NC1(CCCCC1)C(=O)NC(C)(C)C(=O)NC1(CCCCC1)C(=O)NC(C(C)C)C(=O)NC(C)(C)C(=O)OC)C(C)C,"[55, 48]","[{'functional_group': 'cyano', 'smiles_inds': [11]}, {'functional_group': 'fluoro', 'smiles_inds': [40]}, {'functional_group': 'trichloro', 'smiles_inds': [17]}]",1.6290026416151338e-45
37,bottom,C[Si](C)(C)c1cc(cc(c1)[Si](C)(C)C)C(C(=O)Nc1cccc(NC(=O)C(c2cc(cc(c2)[Si](C)(C)C)[Si](C)(C)C)(c2cc(cc(c2)[Si](C)(C)C)[Si](C)(C)C)c2cc(cc(c2)[Si](C)(C)C)[Si](C)(C)C)c1[S-])(c1cc(cc(c1)[Si](C)(C)C)[Si](C)(C)C)c1cc(cc(c1)[Si](C)(C)C)[Si](C)(C)C,"[70, 16]","[{'functional_group': '2-methylbenzoic_acid', 'smiles_inds': [84]}, {'functional_group': 'cyanimide', 'smiles_inds': [79]}]",4.223062050480163e-39
37,bottom,CCCCCC1c2cc3C(CCCCC)c4cc5C(CCCCC)c6cc7C(CCCCC)c8cc1c1OCOc2cc3OCOc4c(P(c2ccccc2)c2ccccc2)c5OCOc6cc7OCOc8c1OCc1cccc(COc2c3OCOc4cc5OCOc6c7cc8C(CCCCC)c9cc%10C(CCCCC)c(cc3C(CCCCC)c4cc5C7CCCCC)c2OCOc%10cc9OCOc8c6P(c2ccccc2)c2ccccc2)c1,"[48, 142]","[{'functional_group': 'phenyl', 'smiles_inds': [151]}]",1.5639486091169791e-37
37,bottom,O=C1N2CN3C(=O)N4CN5C(=O)N6CN7C(=O)N8CN9C(=O)N%10CN%11C(=O)N%12CN1C1%13CCCCC21N1CN2C(=O)N(CN%14C(=O)N(CN%15C(=O)N(CN%16C(=O)N(CN%17C(=O)N(CN%13C1=O)C1%12CCCCC%11%171)C1%10CCCCC9%161)C18CCCCC7%151)C16CCCCC5%141)C14CCCCC321,"[26, 0, 6]","[{'functional_group': 'aldehyde', 'smiles_inds': [81]}]",5.804538057779883e-37
37,bottom,CCCCCC1c2cc3C(CCCCC)c4cc5C(CCCCC)c6cc7C(CCCCC)c8cc1c1OCOc2cc3OCOc4c(P(c2ccccc2)c2ccccc2)c5OCOc6cc7OCOc8c1OCc1cccc(COc2c3OCOc4cc5OCOc6c7cc8C(CCCCC)c9cc%10C(CCCCC)c(cc3C(CCCCC)c4cc5C7CCCCC)c2OCOc%10cc9OCOc8c6P(c2ccccc2)c2ccccc2)c1,"[48, 142]","[{'functional_group': 'phenyl', 'smiles_inds': [22]}, {'functional_group': 'aldehyde', 'smiles_inds': [50]}]",1.3301058846952321e-34
37,bottom,C[Si](C)(C)C(c1cc(C([Si](C)(C)C)[Si](C)(C)C)c(Sc2ccccc2Sc2ccccc2Sc2ccccc2Sc2c(cc(cc2C([Si](C)(C)C)[Si](C)(C)C)C([Si](C)(C)C)[Si](C)(C)C)C([Si](C)(C)C)[Si](C)(C)C)c(c1)C([Si](C)(C)C)[Si](C)(C)C)[Si](C)(C)C,"[25, 32]","[{'functional_group': '2-hydroxypyridine', 'smiles_inds': [77]}]",1.5222010632594998e-29
37,bottom,CC(C)c1cccc(C(C)C)c1c1cc(NCCN(CCNc2cc(cc(c2)c2c(cccc2C(C)C)C(C)C)c2c(cccc2C(C)C)C(C)C)CCNc2cc(cc(c2)c2c(cccc2C(C)C)C(C)C)c2c(cccc2C(C)C)C(C)C)cc(c1)c1c(cccc1C(C)C)C(C)C,"[18, 15, 21]","[{'functional_group': 'carboxyllic_acid', 'smiles_inds': [2]}]",4.4652802921805705e-29
37,bottom,Cc1cc(C(c2ccc(cc2)C2CCCCC2)c2ccc(cc2)C2CCCCC2)c(N=C(C)C(C)=Nc2c(cc(C)cc2C(c2ccc(cc2)C2CCCCC2)c2ccc(cc2)C2CCCCC2)C(c2ccc(cc2)C2CCCCC2)c2ccc(cc2)C2CCCCC2)c(c1)C(c1ccc(cc1)C1CCCCC1)c1ccc(cc1)C1CCCCC1,"[30, 35]","[{'functional_group': 'thiol', 'smiles_inds': [58]}]",5.40701553243883e-28
37,bottom,CC(C)c1cccc(C(C)C)c1c1cc(NCCN(CCNc2cc(cc(c2)c2c(cccc2C(C)C)C(C)C)c2c(cccc2C(C)C)C(C)C)CCNc2cc(cc(c2)c2c(cccc2C(C)C)C(C)C)c2c(cccc2C(C)C)C(C)C)cc(c1)c1c(cccc1C(C)C)C(C)C,"[18, 15, 21]","[{'functional_group': 'methyl_ester', 'smiles_inds': [37]}]",4.018501463030005e-27
37,bottom,C[Si](C)(C)C(c1cc(C([Si](C)(C)C)[Si](C)(C)C)c([Se]c2ccccc2Sc2ccccc2Sc2ccccc2[Se]c2c(cc(cc2C([Si](C)(C)C)[Si](C)(C)C)C([Si](C)(C)C)[Si](C)(C)C)C([Si](C)(C)C)[Si](C)(C)C)c(c1)C([Si](C)(C)C)[Si](C)(C)C)[Si](C)(C)C,"[25, 32]","[{'functional_group': 'cyano', 'smiles_inds': [72]}]",3.098239052039042e-26
37,bottom,C[Si](C)(C)C(c1cc(C([Si](C)(C)C)[Si](C)(C)C)c(Sc2ccccc2[Se]c2ccccc2[Se]c2ccccc2Sc2c(cc(cc2C([Si](C)(C)C)[Si](C)(C)C)C([Si](C)(C)C)[Si](C)(C)C)C([Si](C)(C)C)[Si](C)(C)C)c(c1)C([Si](C)(C)C)[Si](C)(C)C)[Si](C)(C)C,"[25, 32]","[{'functional_group': '2-hydroxypyridine', 'smiles_inds': [81]}, {'functional_group': 'carbonyl', 'smiles_inds': [27]}]",1.5965247045574374e-25
37,bottom,CC(C)C1NC(=O)C2CCCN2C(=O)C(NC(=O)C2CCCN2C(=O)C(NC(=O)C2CCCN2C(=O)C(NC(=O)C2CCCN2C(=O)C(NC(=O)C2CCCN2C(=O)C(NC(=O)C2CCCN2C1=O)C(C)C)C(C)C)C(C)C)C(C)C)C(C)C,"[13, 68, 35, 24, 46, 57]","[{'functional_group': 'trichloro', 'smiles_inds': [71]}, {'functional_group': 'methyl_ester', 'smiles_inds': [40]}]",3.001885896229528e-25
37,bottom,C[Si](O[Si]1(O[Si]2(O[Si](OP(c3ccccc3)c3ccccc3)(O[Si]3(O[Si](OP(c4ccccc4)c4ccccc4)(O[Si](O[Si](O3)(O2)C2CCCC2)(O1)C1CCCC1)C1CCCC1)C1CCCC1)C1CCCC1)C1CCCC1)C1CCCC1)(c1ccccc1)c1ccccc1,"[27, 9]","[{'functional_group': '2-hydroxypyridine', 'smiles_inds': [56]}]",3.5383910586328387e-25
37,bottom,C[NH+]1CCN2CCN(C)Cc3cccc(c3)C(=O)Nc3ccccc3C3=C4NC(=C(C5=NC(=C(C6=NC(=C(C7=CC=C([N-]7)C(=C7NC(=C(C8=CC=C3N8)c3c(F)c(F)c(F)c(F)c3F)C=C7)c3ccccc3NC(=O)c3cccc(CN(C)CC2)c3)c2c(F)c(F)c(F)c(F)c2F)C=C6)c2ccccc2NC(=O)c2cccc(C1)c2)C=C5)c1c(F)c(F)c(F)c(F)c1F)C=C4,"[42, 35]","[{'functional_group': 'ether', 'smiles_inds': [98]}]",6.712670238765912e-25
37,bottom,Brc1cccc(CP(C2C3C4CC5C3C5C4C2c2ccccc2)c2ccccc2P(C2C3C4CC5C3C5C4C2c2ccccc2)C2C3C4CC5C3C5C4C2c2ccccc2)c1,"[7, 29]","[{'functional_group': 'cyanimide', 'smiles_inds': [26]}]",1.3993665842443351e-24
37,bottom,C[Si](C)(C)[Si]1([Sb][Si]([Si](C)(C)C)([Si](C)(C)[Si]1(C)C)[Si]([Si](C)(C)C)([Si](C)(C)C)[Si](C)(C)C)[Si](C)(C)C,[5],"[{'functional_group': 'ethyl_ester', 'smiles_inds': [19]}]",1.2827444445229965e-23
37,bottom,CC(C)(C)[Si](C)([Si]12[Ge][Si]1([Si](C)(C(C)(C)C)C(C)(C)C)[Si]2([Si](C)(C(C)(C)C)C(C)(C)C)[Si](C)(C(C)(C)C)C(C)(C)C)C(C)(C)C,[7],"[{'functional_group': 'fluoro', 'smiles_inds': [21]}]",2.09248839338508e-23
37,median,O=[S](=O)CCC[S](=O)=O,"[1, 6]",[],0.21065270128072322
37,median,N(c1ccccn1)c1ccccc1[N-]c1ccccn1,"[19, 13]","[{'functional_group': 'trifluro', 'smiles_inds': [9]}]",0.21074180234678877
37,median,c1ccc(cc1)c1ccn(n1)C(n1ccc(n1)c1ccccc1)n1ccc(n1)c1ccccc1,"[10, 16, 27]","[{'functional_group': 'carboxyl', 'smiles_inds': [19]}]",0.210751861631998
37,median,CC(C)(C)c1cccc2C=C(C(=N)Oc12)C1=Nc2ccccc2N1,"[12, 16]",[],0.21076224949278607
37,median,CCOC(=O)c1ccc(nc1)c1ccc(c[c-]1)C(=O)OCC,"[16, 9]","[{'functional_group': '2-methylbenzoic_acid', 'smiles_inds': [13]}, {'functional_group': 'bromo', 'smiles_inds': [0]}]",0.21092575107337622
37,median,COc1cccc(C=NNC(=O)c2ccccc2)c1O,"[8, 11, 19]","[{'functional_group': 'bromo', 'smiles_inds': [9]}]",0.21094123986023425
37,median,CCSCC[Te]C1=CC=CS1,"[5, 2]","[{'functional_group': 'tribromo', 'smiles_inds': [7]}, {'functional_group': 'amino', 'smiles_inds': [0]}]",0.21097644946278643
37,median,O=C1C(Cc2ccccc2)SC(N1c1ccccc1)c1ccccn1,"[10, 24]",[],0.21099795503127555
37,median,O1C2C1c1cccnc1c1ncccc21,"[7, 10]","[{'functional_group': 'chloro', 'smiles_inds': [11]}]",0.21107875837311083
37,median,NC(=O)c1ccc(N)cc1,[7],"[{'functional_group': 'methyl_ester', 'smiles_inds': [5]}]",0.2110937833162269
37,median,O=C(Nc1cccc(c1)C#N)Nc1ccccn1,"[0, 17]",[],0.2111050245789054
37,median,COc1cc(CC=C)cc(C=NN=C([S-])N2CCC(C)CC2)c1[O-],"[14, 23, 11]",[],0.21111262105244755
37,median,C1Oc2ccc(cc2O1)C1=NC(=NN1)c1ccccn1,"[19, 10]","[{'functional_group': 'chloro', 'smiles_inds': [0]}, {'functional_group': 'aldehyde', 'smiles_inds': [13]}]",0.21112253313276755
37,median,CN(C)c1ccc(cc1)N1CCOCCOCCN(CCOCCOCC1)c1ccc(cc1)N(C)C,"[12, 15, 9, 21, 24, 18]",[],0.2111692086540134
37,median,CC(C)(C)C1=C2N3CCN(CC3)C2=C(C(=O)C1[O-])C(C)(C)C,"[15, 17]","[{'functional_group': 'trifluro', 'smiles_inds': [21]}, {'functional_group': 'fluoro', 'smiles_inds': [8]}, {'functional_group': 'iodo', 'smiles_inds': [20]}]",0.21117470939946695
37,median,CC1=NN(C(=C1)C)c1ccc2ccccc2n1,"[3, 2]",[],0.21123346369194138
37,median,CC(C)CN=Cc1cc(C)ccc1[O-],"[4, 13]",[],0.21124272574737712
37,median,OCC1(CO)c2ccccc2c2ccccc12,[0],[],0.2113546602781345
37,median,Cc1cc(nc2ccccc12)c1cc(C)c2ccccc2n1,"[4, 21]","[{'functional_group': '2-hydroxypyridine', 'smiles_inds': [18]}]",0.21137857997105355
37,median,COc1ccc(cc1)c1ccc2ccc3cccnc3c2n1,"[18, 21]","[{'functional_group': 'carboxyl', 'smiles_inds': [4]}]",0.21141216560147913
37,top,[nH+]1cc[nH+]c2c1c1cccnc1c1ncccc21,"[13, 10]","[{'functional_group': 'carboxylate', 'smiles_inds': [14]}, {'functional_group': 'aldehyde', 'smiles_inds': [16]}, {'functional_group': 'amino', 'smiles_inds': [7]}, {'functional_group': 'amino', 'smiles_inds': [8]}, {'functional_group': 'aldehyde', 'smiles_inds': [15]}, {'functional_group': 'amino', 'smiles_inds': [2]}, {'functional_group': 'methyl', 'smiles_inds': [0]}, {'functional_group': 'amino', 'smiles_inds': [1]}, {'functional_group': 'cyano', 'smiles_inds': [3]}]",0.9999999999225093
37,top,[nH+]1cc[nH+]c2c1c1cccnc1c1ncccc21,"[13, 10]","[{'functional_group': 'carboxylate', 'smiles_inds': [8]}, {'functional_group': 'aldehyde', 'smiles_inds': [3]}, {'functional_group': 'chloro', 'smiles_inds': [15]}, {'functional_group': 'aldehyde', 'smiles_inds': [16]}, {'functional_group': 'amino', 'smiles_inds': [2]}, {'functional_group': 'carbonyl', 'smiles_inds': [9]}, {'functional_group': 'carboxylate', 'smiles_inds': [7]}, {'functional_group': 'cyano', 'smiles_inds': [1]}]",0.9999999999444207
37,top,[nH+]1cc[nH+]c2c1c1cccnc1c1ncccc21,"[13, 10]","[{'functional_group': 'carboxylate', 'smiles_inds': [8]}, {'functional_group': 'aldehyde', 'smiles_inds': [3]}, {'functional_group': 'chloro', 'smiles_inds': [15]}, {'functional_group': 'aldehyde', 'smiles_inds': [16]}, {'functional_group': 'amino', 'smiles_inds': [2]}, {'functional_group': 'carbonyl', 'smiles_inds': [9]}, {'functional_group': 'carboxylate', 'smiles_inds': [7]}, {'functional_group': 'aldehyde', 'smiles_inds': [1]}]",0.999999999949335
37,top,[nH+]1cc[nH+]c2c1c1cccnc1c1ncccc21,"[13, 10]","[{'functional_group': 'carboxylate', 'smiles_inds': [8]}, {'functional_group': 'aldehyde', 'smiles_inds': [3]}, {'functional_group': 'chloro', 'smiles_inds': [15]}, {'functional_group': 'aldehyde', 'smiles_inds': [16]}, {'functional_group': 'amino', 'smiles_inds': [2]}, {'functional_group': 'iodo', 'smiles_inds': [14]}, {'functional_group': 'aldehyde', 'smiles_inds': [7]}, {'functional_group': 'phenyl', 'smiles_inds': [9]}]",0.9999999999524203
37,top,[nH+]1cc[nH+]c2c1c1cccnc1c1ncccc21,"[13, 10]","[{'functional_group': 'carboxylate', 'smiles_inds': [14]}, {'functional_group': 'aldehyde', 'smiles_inds': [16]}, {'functional_group': 'amino', 'smiles_inds': [7]}, {'functional_group': 'amino', 'smiles_inds': [8]}, {'functional_group': 'aldehyde', 'smiles_inds': [15]}, {'functional_group': 'amino', 'smiles_inds': [2]}, {'functional_group': 'methyl', 'smiles_inds': [0]}, {'functional_group': 'methyl', 'smiles_inds': [3]}, {'functional_group': 'phenyl', 'smiles_inds': [1]}, {'functional_group': 'carboxylate', 'smiles_inds': [9]}]",0.9999999999669305
37,top,[nH+]1cc[nH+]c2c1c1cccnc1c1ncccc21,"[13, 10]","[{'functional_group': 'carboxylate', 'smiles_inds': [14]}, {'functional_group': 'aldehyde', 'smiles_inds': [16]}, {'functional_group': 'amino', 'smiles_inds': [7]}, {'functional_group': 'amino', 'smiles_inds': [8]}, {'functional_group': 'aldehyde', 'smiles_inds': [15]}, {'functional_group': 'amino', 'smiles_inds': [2]}, {'functional_group': 'methyl', 'smiles_inds': [0]}, {'functional_group': 'carboxylate', 'smiles_inds': [9]}, {'functional_group': 'amino', 'smiles_inds': [3]}]",0.9999999999677793
37,top,NC1C(O)C(N)C(O)C(NCCNC2C(O)C(N)C(O)C(N)C2O)C1O,"[0, 9, 12, 17, 21, 5]","[{'functional_group': 'trifluro', 'smiles_inds': [23]}]",0.9999999999677793
37,top,[nH+]1cc[nH+]c2c1c1cccnc1c1ncccc21,"[13, 10]","[{'functional_group': 'carboxylate', 'smiles_inds': [8]}, {'functional_group': 'aldehyde', 'smiles_inds': [3]}, {'functional_group': 'chloro', 'smiles_inds': [15]}, {'functional_group': 'aldehyde', 'smiles_inds': [16]}, {'functional_group': 'amino', 'smiles_inds': [2]}, {'functional_group': 'iodo', 'smiles_inds': [14]}, {'functional_group': 'aldehyde', 'smiles_inds': [7]}, {'functional_group': 'carboxylate', 'smiles_inds': [9]}]",0.9999999999752276
37,top,[nH+]1cc[nH+]c2c1c1cccnc1c1ncccc21,"[13, 10]","[{'functional_group': 'carboxylate', 'smiles_inds': [14]}, {'functional_group': 'aldehyde', 'smiles_inds': [16]}, {'functional_group': 'amino', 'smiles_inds': [7]}, {'functional_group': 'amino', 'smiles_inds': [8]}, {'functional_group': 'aldehyde', 'smiles_inds': [15]}, {'functional_group': 'amino', 'smiles_inds': [2]}, {'functional_group': 'cyano', 'smiles_inds': [0]}, {'functional_group': 'cyano', 'smiles_inds': [3]}, {'functional_group': 'amino', 'smiles_inds': [1]}]",0.9999999999760152
37,top,[nH+]1cc[nH+]c2c1c1cccnc1c1ncccc21,"[13, 10]","[{'functional_group': 'carboxylate', 'smiles_inds': [14]}, {'functional_group': 'aldehyde', 'smiles_inds': [16]}, {'functional_group': 'amino', 'smiles_inds': [7]}, {'functional_group': 'amino', 'smiles_inds': [8]}, {'functional_group': 'aldehyde', 'smiles_inds': [15]}, {'functional_group': 'amino', 'smiles_inds': [2]}, {'functional_group': 'aldehyde', 'smiles_inds': [0]}, {'functional_group': 'carboxylate', 'smiles_inds': [3]}, {'functional_group': 'ketone', 'smiles_inds': [9]}, {'functional_group': 'methyl', 'smiles_inds': [1]}]",0.9999999999793387
37,top,[nH+]1cc[nH+]c2c1c1cccnc1c1ncccc21,"[13, 10]","[{'functional_group': 'carboxylate', 'smiles_inds': [14]}, {'functional_group': 'aldehyde', 'smiles_inds': [16]}, {'functional_group': 'amino', 'smiles_inds': [7]}, {'functional_group': 'amino', 'smiles_inds': [8]}, {'functional_group': 'aldehyde', 'smiles_inds': [15]}, {'functional_group': 'amino', 'smiles_inds': [2]}, {'functional_group': 'aldehyde', 'smiles_inds': [0]}, {'functional_group': 'carboxylate', 'smiles_inds': [3]}, {'functional_group': '2-methylbenzoic_acid', 'smiles_inds': [1]}, {'functional_group': 'amino', 'smiles_inds': [9]}]",0.9999999999840326
37,top,[nH+]1cc[nH+]c2c1c1cccnc1c1ncccc21,"[13, 10]","[{'functional_group': 'carboxylate', 'smiles_inds': [14]}, {'functional_group': 'aldehyde', 'smiles_inds': [16]}, {'functional_group': 'methyl', 'smiles_inds': [3]}, {'functional_group': 'carboxylate', 'smiles_inds': [15]}, {'functional_group': 'phenyl', 'smiles_inds': [2]}, {'functional_group': 'carboxyllic_acid', 'smiles_inds': [7]}, {'functional_group': 'aldehyde', 'smiles_inds': [0]}, {'functional_group': 'carboxylate', 'smiles_inds': [8]}]",0.9999999999844151
37,top,[nH+]1cc[nH+]c2c1c1cccnc1c1ncccc21,"[13, 10]","[{'functional_group': 'carboxylate', 'smiles_inds': [14]}, {'functional_group': 'aldehyde', 'smiles_inds': [16]}, {'functional_group': 'amino', 'smiles_inds': [7]}, {'functional_group': 'amino', 'smiles_inds': [8]}, {'functional_group': 'aldehyde', 'smiles_inds': [15]}, {'functional_group': 'amino', 'smiles_inds': [2]}, {'functional_group': 'cyano', 'smiles_inds': [0]}, {'functional_group': 'cyano', 'smiles_inds': [3]}, {'functional_group': 'carboxylate', 'smiles_inds': [9]}]",0.9999999999863729
37,top,[nH+]1cc[nH+]c2c1c1cccnc1c1ncccc21,"[13, 10]","[{'functional_group': 'carboxylate', 'smiles_inds': [14]}, {'functional_group': 'aldehyde', 'smiles_inds': [16]}, {'functional_group': 'amino', 'smiles_inds': [7]}, {'functional_group': 'amino', 'smiles_inds': [8]}, {'functional_group': 'aldehyde', 'smiles_inds': [15]}, {'functional_group': 'amino', 'smiles_inds': [2]}, {'functional_group': 'methyl', 'smiles_inds': [0]}, {'functional_group': 'amino', 'smiles_inds': [1]}, {'functional_group': 'aldehyde', 'smiles_inds': [9]}]",0.9999999999887619
37,top,[nH+]1cc[nH+]c2c1c1cccnc1c1ncccc21,"[13, 10]","[{'functional_group': 'carboxylate', 'smiles_inds': [14]}, {'functional_group': 'aldehyde', 'smiles_inds': [16]}, {'functional_group': 'amino', 'smiles_inds': [7]}, {'functional_group': 'amino', 'smiles_inds': [8]}, {'functional_group': 'aldehyde', 'smiles_inds': [15]}, {'functional_group': 'amino', 'smiles_inds': [2]}, {'functional_group': 'aldehyde', 'smiles_inds': [0]}, {'functional_group': 'carboxylate', 'smiles_inds': [3]}, {'functional_group': '2-methylbenzoic_acid', 'smiles_inds': [1]}, {'functional_group': 'carboxylate', 'smiles_inds': [9]}]",0.9999999999922344
37,top,[nH+]1cc[nH+]c2c1c1cccnc1c1ncccc21,"[13, 10]","[{'functional_group': 'carboxylate', 'smiles_inds': [14]}, {'functional_group': 'aldehyde', 'smiles_inds': [16]}, {'functional_group': 'amino', 'smiles_inds': [7]}, {'functional_group': 'amino', 'smiles_inds': [8]}, {'functional_group': 'aldehyde', 'smiles_inds': [15]}, {'functional_group': 'amino', 'smiles_inds': [2]}, {'functional_group': 'aldehyde', 'smiles_inds': [0]}, {'functional_group': 'carboxylate', 'smiles_inds': [3]}, {'functional_group': 'ketone', 'smiles_inds': [9]}, {'functional_group': 'amino', 'smiles_inds': [1]}]",0.9999999999947367
37,top,[nH+]1cc[nH+]c2c1c1cccnc1c1ncccc21,"[13, 10]","[{'functional_group': 'carboxylate', 'smiles_inds': [14]}, {'functional_group': 'aldehyde', 'smiles_inds': [16]}, {'functional_group': 'amino', 'smiles_inds': [7]}, {'functional_group': 'amino', 'smiles_inds': [8]}, {'functional_group': 'aldehyde', 'smiles_inds': [15]}, {'functional_group': 'amino', 'smiles_inds': [2]}, {'functional_group': 'aldehyde', 'smiles_inds': [0]}, {'functional_group': 'carboxylate', 'smiles_inds': [3]}, {'functional_group': 'amino', 'smiles_inds': [9]}]",0.9999999999956868
37,top,[nH+]1cc[nH+]c2c1c1cccnc1c1ncccc21,"[13, 10]","[{'functional_group': 'carboxylate', 'smiles_inds': [14]}, {'functional_group': 'aldehyde', 'smiles_inds': [16]}, {'functional_group': 'methyl', 'smiles_inds': [3]}, {'functional_group': 'carboxylate', 'smiles_inds': [15]}, {'functional_group': 'phenyl', 'smiles_inds': [2]}, {'functional_group': 'carboxyllic_acid', 'smiles_inds': [7]}, {'functional_group': 'amino', 'smiles_inds': [1]}, {'functional_group': 'amino', 'smiles_inds': [8]}, {'functional_group': 'carboxylate', 'smiles_inds': [9]}, {'functional_group': 'trichloro', 'smiles_inds': [0]}]",0.9999999999972762
37,top,[nH+]1cc[nH+]c2c1c1cccnc1c1ncccc21,"[13, 10]","[{'functional_group': 'carboxylate', 'smiles_inds': [14]}, {'functional_group': 'aldehyde', 'smiles_inds': [16]}, {'functional_group': 'methyl', 'smiles_inds': [3]}, {'functional_group': 'carboxylate', 'smiles_inds': [15]}, {'functional_group': 'phenyl', 'smiles_inds': [2]}, {'functional_group': 'carboxyllic_acid', 'smiles_inds': [7]}, {'functional_group': 'aldehyde', 'smiles_inds': [0]}, {'functional_group': 'amino', 'smiles_inds': [1]}, {'functional_group': 'amino', 'smiles_inds': [8]}, {'functional_group': 'carboxylate', 'smiles_inds': [9]}]",0.999999999998711
37,top,[nH+]1cc[nH+]c2c1c1cccnc1c1ncccc21,"[13, 10]","[{'functional_group': 'carboxylate', 'smiles_inds': [14]}, {'functional_group': 'aldehyde', 'smiles_inds': [16]}, {'functional_group': 'amino', 'smiles_inds': [7]}, {'functional_group': 'amino', 'smiles_inds': [8]}, {'functional_group': 'aldehyde', 'smiles_inds': [15]}, {'functional_group': 'amino', 'smiles_inds': [2]}, {'functional_group': 'methyl', 'smiles_inds': [0]}, {'functional_group': 'amino', 'smiles_inds': [1]}, {'functional_group': 'carboxylate', 'smiles_inds': [9]}]",0.9999999999991462
38,bottom,CCC(C)C1NC(=O)C(C)NC(=O)C(CSSCC2NC(=O)C(CCC(N)=O)NC(=O)C(C)NC(=O)C3CCCN3C(=O)C(CCC(O)=O)NC(=O)CNC(=O)C(C)NC(=O)C(CCCNC(N)=N)NC(=O)C(CSSCC(NC(=O)C(CC(N)=O)NC2=O)C(O)=O)NC(=O)C(CC2=CN=CN2)NC1=O)NC(=O)C(CC1=CN=CN1)NC(=O)C(CC(C)C)NC(=O)C(CC(O)=O)NC(C)=O,"[112, 99]","[{'functional_group': 'thiol', 'smiles_inds': [24]}]",2.882026634291638e-51
38,bottom,CCC(C)C1NC(=O)C(C)NC(=O)C(CSSCC2NC(=O)C(CCC(N)=O)NC(=O)C(C)NC(=O)C3CCCN3C(=O)C(CCC(O)=O)NC(=O)CNC(=O)C(C)NC(=O)C(CCCNC(N)=N)NC(=O)C(CSSCC(NC(=O)C(CC(N)=O)NC2=O)C(O)=O)NC(=O)C(CC2=CN=CN2)NC1=O)NC(=O)C(CC1=CN=CN1)NC(=O)C(CC(C)C)NC(=O)C(CC(O)=O)NC(C)=O,"[112, 99]","[{'functional_group': 'phosphonate', 'smiles_inds': [39]}]",9.946923549125613e-50
38,bottom,C[Si](C)(C)c1cc(cc(c1)[Si](C#CP(C#C[Si](c1cc(cc(c1)[Si](C)(C)C)[Si](C)(C)C)(c1cc(cc(c1)[Si](C)(C)C)[Si](C)(C)C)c1cc(cc(c1)[Si](C)(C)C)[Si](C)(C)C)C#C[Si](c1cc(cc(c1)[Si](C)(C)C)[Si](C)(C)C)(c1cc(cc(c1)[Si](C)(C)C)[Si](C)(C)C)c1cc(cc(c1)[Si](C)(C)C)[Si](C)(C)C)(c1cc(cc(c1)[Si](C)(C)C)[Si](C)(C)C)c1cc(cc(c1)[Si](C)(C)C)[Si](C)(C)C)[Si](C)(C)C,[13],"[{'functional_group': 'iodo', 'smiles_inds': [123]}]",1.5535255943479864e-47
38,bottom,COC(=O)C(C)(C)NC(=O)C(NC(=O)C1(CCCCC1)NC(=O)C(C)(C)NC(=O)C1(CCCCC1)NC(=O)C(C)(C)NC(=O)c1ccc(nc1)c1ccc(cn1)C(=O)NC(C)(C)C(=O)NC1(CCCCC1)C(=O)NC(C)(C)C(=O)NC1(CCCCC1)C(=O)NC(C(C)C)C(=O)NC(C)(C)C(=O)OC)C(C)C,"[55, 48]","[{'functional_group': 'amino', 'smiles_inds': [51]}, {'functional_group': 'ethyl', 'smiles_inds': [79]}]",4.64417949918408e-47
38,bottom,CP(CCP(C)c1c(cc(cc1C([Si](C)(C)C)[Si](C)(C)C)C([Si](C)(C)C)([Si](C)(C)C)[Si](C)(C)C)C([Si](C)(C)C)[Si](C)(C)C)c1c(cc(cc1C([Si](C)(C)C)[Si](C)(C)C)C([Si](C)(C)C)([Si](C)(C)C)[Si](C)(C)C)C([Si-](C)C)[Si](C)(C)C,"[4, 72, 1]","[{'functional_group': 'methyl_ester', 'smiles_inds': [41]}]",6.9977545913408305e-43
38,bottom,O=C1N2CN3C(=O)N4CN5C(=O)N6CN7C(=O)N8CN9C(=O)N%10CN%11C(=O)N%12CN1C1%13CCCCC21N1CN2C(=O)N(CN%14C(=O)N(CN%15C(=O)N(CN%16C(=O)N(CN%17C(=O)N(CN%13C1=O)C1%12CCCCC%11%171)C1%10CCCCC9%161)C18CCCCC7%151)C16CCCCC5%141)C14CCCCC321,"[26, 0, 6]","[{'functional_group': 'carboxyl', 'smiles_inds': [32]}]",4.730794726266485e-38
38,bottom,CCCCCC1c2cc3C(CCCCC)c4cc5C(CCCCC)c6cc7C(CCCCC)c8cc1c1OCOc2cc3OCOc4c(P(c2ccccc2)c2ccccc2)c5OCOc6cc7OCOc8c1OCc1cccc(COc2c3OCOc4cc5OCOc6c7cc8C(CCCCC)c9cc%10C(CCCCC)c(cc3C(CCCCC)c4cc5C7CCCCC)c2OCOc%10cc9OCOc8c6P(c2ccccc2)c2ccccc2)c1,"[48, 142]","[{'functional_group': 'ethyl_ester', 'smiles_inds': [56]}]",5.005959290315191e-38
38,bottom,O=C1N2CN3C(=O)N4CN5C(=O)N6CN7C(=O)N8CN9C(=O)N%10CN%11C(=O)N%12CN1C1%13CCCCC21N1CN2C(=O)N(CN%14C(=O)N(CN%15C(=O)N(CN%16C(=O)N(CN%17C(=O)N(CN%13C1=O)C1%12CCCCC%11%171)C1%10CCCCC9%161)C18CCCCC7%151)C16CCCCC5%141)C14CCCCC321,"[26, 0, 6]","[{'functional_group': 'hydroxyl', 'smiles_inds': [52]}]",1.3051075177054676e-37
38,bottom,O=C1N2CN3C(=O)N4CN5C(=O)N6CN7C(=O)N8CN9C(=O)N%10CN%11C(=O)N%12CN1C1%13CCCCC21N1CN2C(=O)N(CN%14C(=O)N(CN%15C(=O)N(CN%16C(=O)N(CN%17C(=O)N(CN%13C1=O)C1%12CCCCC%11%171)C1%10CCCCC9%161)C18CCCCC7%151)C16CCCCC5%141)C14CCCCC321,"[26, 0, 6]","[{'functional_group': 'amide', 'smiles_inds': [75]}]",2.4846265600378084e-37
38,bottom,CCCCCC1c2cc3C(CCCCC)c4cc5C(CCCCC)c6cc7C(CCCCC)c8cc1c1OCOc2cc3OCOc4c(P(c2ccccc2)c2ccccc2)c5OCOc6cc7OCOc8c1OCc1cccc(COc2c3OCOc4cc5OCOc6c7cc8C(CCCCC)c9cc%10C(CCCCC)c(cc3C(CCCCC)c4cc5C7CCCCC)c2OCOc%10cc9OCOc8c6P(c2ccccc2)c2ccccc2)c1,"[48, 142]","[{'functional_group': 'carboxylate', 'smiles_inds': [16]}]",1.4830707572548182e-35
38,bottom,Cc1cc(c2ccc(cc2)N(c2ccccc2)c2ccccc2)c(N=C(C)C(C)=Nc2c(cc(C)cc2c2ccc(cc2)N(c2ccccc2)c2ccccc2)c2ccc(cc2)N(c2ccccc2)c2ccccc2)c(c1)c1ccc(cc1)N(c1ccccc1)c1ccccc1,"[24, 29]","[{'functional_group': 'ethyl_ester', 'smiles_inds': [22]}]",2.757898718933185e-31
38,bottom,Cc1cc(c2ccc(cc2)N(c2ccccc2)c2ccccc2)c(N=C(C)C(C)=Nc2c(cc(C)cc2c2ccc(cc2)N(c2ccccc2)c2ccccc2)c2ccc(cc2)N(c2ccccc2)c2ccccc2)c(c1)c1ccc(cc1)N(c1ccccc1)c1ccccc1,"[24, 29]",[],6.467848760779126e-30
38,bottom,CC(C)(C)c1cc2c(OP(Oc3c2cc(cc3C(C)(C)C)C(C)(C)C)O[Si]2(O[Si]3(O[Si](OP4Oc5c(cc(cc5C(C)(C)C)C(C)(C)C)c5cc(cc(c5O4)C(C)(C)C)C(C)(C)C)(O[Si]4(O[Si](O3)(O[Si](O2)(O[Si](O4)(O[Si](C)(c2ccccc2)c2ccccc2)C2CCCC2)C2CCCC2)C2CCCC2)C2CCCC2)C2CCCC2)C2CCCC2)C2CCCC2)c(c1)C(C)(C)C,"[9, 32]","[{'functional_group': 'cyanimide', 'smiles_inds': [92]}]",7.860120005692543e-28
38,bottom,CC(C)c1cccc(C(C)C)c1c1cc(NCCN(CCNc2cc(cc(c2)c2c(cccc2C(C)C)C(C)C)c2c(cccc2C(C)C)C(C)C)CCNc2cc(cc(c2)c2c(cccc2C(C)C)C(C)C)c2c(cccc2C(C)C)C(C)C)cc(c1)c1c(cccc1C(C)C)C(C)C,"[18, 15, 21]",[],8.221949917551032e-28
38,bottom,CC(C)(C)[Si](C)(C)N[Si]1(N([Si](C)(C)C(C)(C)C)[Si](N[Si](C)(C)C(C)(C)C)(N1[Si](C)(C)C(C)(C)C)C(C)(C)C)C(C)(C)C,"[7, 18]","[{'functional_group': 'amide', 'smiles_inds': [29]}, {'functional_group': 'ether', 'smiles_inds': [14]}]",2.0234442358575889e-26
38,bottom,CC(C)(C)[Si](C)([Si]12[Ge][Si]1([Si](C)(C(C)(C)C)C(C)(C)C)[Si]2([Si](C)(C(C)(C)C)C(C)(C)C)[Si](C)(C(C)(C)C)C(C)(C)C)C(C)(C)C,[7],"[{'functional_group': 'carboxyl', 'smiles_inds': [16]}, {'functional_group': 'hydroxyl', 'smiles_inds': [2]}]",2.2405668330851674e-25
38,bottom,Fc1c(F)c(F)c(c(F)c1F)C1=C2NC(=C(C3=CC=C(N3)C(=C(C3=NC(=C(C4=CC=C([N-]4)C(=C4C=CC(=N4)C4=CC=C1N4)c1c(F)c(F)c(F)c(F)c1F)c1c(F)c(F)c(F)c(F)c1F)C=C3)c1c(F)c(F)c(F)c(F)c1F)c1c(F)c(F)c(F)c(F)c1F)c1c(F)c(F)c(F)c(F)c1F)C=C2,"[37, 31, 24]","[{'functional_group': 'phenyl', 'smiles_inds': [101]}]",8.574280362832111e-25
38,bottom,C1CCN(C1)P(=Nc1ccc2ccccc2c1c1c(ccc2ccccc12)N=P(N=P(N1CCCC1)(N1CCCC1)N1CCCC1)(N1CCCC1)N1CCCC1)(N=P(N1CCCC1)(N1CCCC1)N1CCCC1)N1CCCC1,"[6, 27]","[{'functional_group': 'thiol', 'smiles_inds': [40]}]",4.2954791619554994e-24
38,bottom,CC(C)(C)[Si](C)(C)N[Si]1(N([Si](C)(C)C(C)(C)C)[Si](N[Si](C)(C)C(C)(C)C)(N1[Si](C)(C)C(C)(C)C)c1ccccc1)c1ccccc1,"[18, 7]","[{'functional_group': 'ethyl_ester', 'smiles_inds': [42]}]",5.2929692218576074e-24
38,bottom,C[Si](C)(CCC(F)(F)C(F)(F)C(F)(F)C(F)(F)C(F)(F)C(F)(F)F)c1ccc(cc1)P(CCP(c1ccc(cc1)[Si](C)(C)CCC(F)(F)C(F)(F)C(F)(F)C(F)(F)C(F)(F)C(F)(F)F)c1ccc(cc1)[Si](C)(C)CCC(F)(F)C(F)(F)C(F)(F)C(F)(F)C(F)(F)C(F)(F)F)c1ccc(cc1)[Si](C)(C)CCC(F)(F)C(F)(F)C(F)(F)C(F)(F)C(F)(F)C(F)(F)F,"[30, 33]","[{'functional_group': 'trifluro', 'smiles_inds': [25]}, {'functional_group': 'phosphonate', 'smiles_inds': [3]}]",5.970432353234923e-24
38,median,Cc1cnc(nc1)N1C=CN(Cc2ccccc2)[CH-]1,"[7, 18]",[],0.19406429575940995
38,median,Cc1ccc2cccc(N=Cc3ccccn3)c2n1,"[16, 18, 9]","[{'functional_group': 'bromo', 'smiles_inds': [12]}, {'functional_group': 'ketone', 'smiles_inds': [10]}]",0.19411626441604754
38,median,N1C=[NH+]c2c1c1cccnc1c1ncccc21,"[9, 12]","[{'functional_group': 'tribromo', 'smiles_inds': [7]}, {'functional_group': 'cyano', 'smiles_inds': [13]}]",0.19411841955957465
38,median,CC12N3CCCN1CCCN2CCC3,"[2, 6, 10]","[{'functional_group': 'aldehyde', 'smiles_inds': [11]}]",0.19412273230510574
38,median,CCC([O-])(CC)c1cccc(n1)C([O-])(CC)CC,"[3, 13, 11]","[{'functional_group': 'methyl', 'smiles_inds': [9]}]",0.19417153573993104
38,median,COc1cccc([O-])c1P(c1c([O-])c(ccc1OC)C(C#N)(C#N)C(C#N)C#N)c1c(OC)cccc1OC,"[9, 7, 12]",[],0.19418385516178793
38,median,N1C=[NH+]c2c1c1cccnc1c1ncccc21,"[9, 12]","[{'functional_group': 'cyanimide', 'smiles_inds': [7]}, {'functional_group': 'ether', 'smiles_inds': [14]}]",0.19420246084101683
38,median,S=C1NC=CC(=S)N1,[6],[],0.19421315441126716
38,median,C1CCC(N=Cc2ccc3ccc4ccccc4c3n2)C(C1)N=Cc1ccc2ccc3ccccc3c2n1,"[19, 22, 4]","[{'functional_group': 'ketone', 'smiles_inds': [8]}]",0.19434406472276214
38,median,C1CCN(C1)CCNCc1ccccn1,"[3, 14, 7]",[],0.19434487091013866
38,median,Cc1ccc(cc1)c1cccnc1c1cccc(n1)c1ncccc1c1ccc(C)cc1,"[11, 18, 20]",[],0.19441653327370562
38,median,CC(C)(C)P(=O)(Nc1cccc(n1)c1ccccn1)C(C)(C)C,"[5, 12, 18]",[],0.19445688121968466
38,median,NC([S-])=NN=Cc1ccc(Cl)cc1,"[2, 4]","[{'functional_group': 'carbonyl', 'smiles_inds': [8]}]",0.19463404808246
38,median,CC1(C)OB(OC1(C)C)c1ccc(N(Cc2ccccn2)Cc2ccccn2)c(c1)N(Cc1ccccn1)Cc1ccccn1,"[30, 13, 37, 44, 20, 27]","[{'functional_group': 'thiol', 'smiles_inds': [25]}]",0.1946591839695322
38,median,[S-]C(SCc1ccccc1)=NN=Cc1cccc2C=CNc12,"[0, 10]",[],0.19486591911382878
38,median,[nH+]1cc[nH+]c2c1c1cccnc1c1ncccc21,"[13, 10]","[{'functional_group': 'chloro', 'smiles_inds': [3]}, {'functional_group': 'phenyl', 'smiles_inds': [8]}, {'functional_group': 'amino', 'smiles_inds': [16]}, {'functional_group': 'cyano', 'smiles_inds': [0]}, {'functional_group': 'thiol', 'smiles_inds': [9]}, {'functional_group': '2-hydroxypyridine', 'smiles_inds': [14]}, {'functional_group': 'amide', 'smiles_inds': [7]}]",0.1948739846428651
38,median,O=C1N(c2ccncc2)C(=O)c2ccc(c3cccc1c23)N(=O)=O,[6],"[{'functional_group': 'carboxyl', 'smiles_inds': [7]}]",0.19489344116224833
38,median,O=C([O-])CCN1CCCN2CCN(CCCN(CC2)CC(=O)[O-])CC1,"[2, 22, 12, 16, 9, 5]","[{'functional_group': 'bromo', 'smiles_inds': [15]}, {'functional_group': 'bromo', 'smiles_inds': [19]}]",0.19502007926478834
38,median,CC(C)(C)c1cc(cc(c1)C(C)(C)C)[N-]c1ccccn1,"[14, 20]",[],0.1953820292390478
38,median,O=N(=O)c1ccc([c-]c1)C1=Nc2c3ccccc3c3ccccc3c2N1c1ccccc1,"[10, 7]","[{'functional_group': 'chloro', 'smiles_inds': [8]}]",0.19543959172411476
38,top,[nH+]1cc[nH+]c2c1c1cccnc1c1ncccc21,"[13, 10]","[{'functional_group': 'carboxylate', 'smiles_inds': [14]}, {'functional_group': 'aldehyde', 'smiles_inds': [16]}, {'functional_group': 'amino', 'smiles_inds': [7]}, {'functional_group': 'amino', 'smiles_inds': [8]}, {'functional_group': 'aldehyde', 'smiles_inds': [15]}, {'functional_group': 'amino', 'smiles_inds': [2]}, {'functional_group': 'methyl', 'smiles_inds': [0]}, {'functional_group': 'amino', 'smiles_inds': [1]}, {'functional_group': 'amide', 'smiles_inds': [9]}]",0.9999999998900206
38,top,[nH+]1cc[nH+]c2c1c1cccnc1c1ncccc21,"[13, 10]","[{'functional_group': 'carboxylate', 'smiles_inds': [14]}, {'functional_group': 'aldehyde', 'smiles_inds': [16]}, {'functional_group': 'amino', 'smiles_inds': [7]}, {'functional_group': 'amino', 'smiles_inds': [8]}, {'functional_group': 'aldehyde', 'smiles_inds': [15]}, {'functional_group': 'amino', 'smiles_inds': [2]}, {'functional_group': 'methyl', 'smiles_inds': [0]}, {'functional_group': 'amino', 'smiles_inds': [1]}, {'functional_group': 'cyano', 'smiles_inds': [3]}]",0.9999999998949605
38,top,[nH+]1cc[nH+]c2c1c1cccnc1c1ncccc21,"[13, 10]","[{'functional_group': 'carboxylate', 'smiles_inds': [8]}, {'functional_group': 'aldehyde', 'smiles_inds': [3]}, {'functional_group': 'chloro', 'smiles_inds': [15]}, {'functional_group': 'aldehyde', 'smiles_inds': [16]}, {'functional_group': 'amino', 'smiles_inds': [2]}, {'functional_group': 'iodo', 'smiles_inds': [14]}, {'functional_group': 'aldehyde', 'smiles_inds': [7]}, {'functional_group': 'phenyl', 'smiles_inds': [9]}]",0.9999999999031344
38,top,[nH+]1cc[nH+]c2c1c1cccnc1c1ncccc21,"[13, 10]","[{'functional_group': 'carboxylate', 'smiles_inds': [8]}, {'functional_group': 'aldehyde', 'smiles_inds': [3]}, {'functional_group': 'chloro', 'smiles_inds': [15]}, {'functional_group': 'aldehyde', 'smiles_inds': [16]}, {'functional_group': 'amino', 'smiles_inds': [2]}, {'functional_group': 'carbonyl', 'smiles_inds': [9]}, {'functional_group': 'carboxylate', 'smiles_inds': [7]}, {'functional_group': 'bromo', 'smiles_inds': [1]}]",0.999999999909547
38,top,[nH+]1cc[nH+]c2c1c1cccnc1c1ncccc21,"[13, 10]","[{'functional_group': 'carboxylate', 'smiles_inds': [14]}, {'functional_group': 'aldehyde', 'smiles_inds': [16]}, {'functional_group': 'methyl', 'smiles_inds': [3]}, {'functional_group': 'carboxylate', 'smiles_inds': [15]}, {'functional_group': 'phenyl', 'smiles_inds': [2]}, {'functional_group': 'phenyl', 'smiles_inds': [1]}, {'functional_group': '2-hydroxypyridine', 'smiles_inds': [9]}, {'functional_group': 'carboxylate', 'smiles_inds': [8]}]",0.9999999999106508
38,top,[nH+]1cc[nH+]c2c1c1cccnc1c1ncccc21,"[13, 10]","[{'functional_group': 'carboxylate', 'smiles_inds': [14]}, {'functional_group': 'aldehyde', 'smiles_inds': [16]}, {'functional_group': 'amino', 'smiles_inds': [7]}, {'functional_group': 'amino', 'smiles_inds': [8]}, {'functional_group': 'aldehyde', 'smiles_inds': [15]}, {'functional_group': 'amino', 'smiles_inds': [2]}, {'functional_group': 'amino', 'smiles_inds': [9]}]",0.9999999999210827
38,top,[nH+]1cc[nH+]c2c1c1cccnc1c1ncccc21,"[13, 10]","[{'functional_group': 'carboxylate', 'smiles_inds': [14]}, {'functional_group': 'aldehyde', 'smiles_inds': [16]}, {'functional_group': 'amino', 'smiles_inds': [7]}, {'functional_group': 'amino', 'smiles_inds': [8]}, {'functional_group': 'aldehyde', 'smiles_inds': [15]}, {'functional_group': 'amino', 'smiles_inds': [2]}, {'functional_group': 'aldehyde', 'smiles_inds': [0]}, {'functional_group': 'carboxylate', 'smiles_inds': [3]}, {'functional_group': 'phosphonate', 'smiles_inds': [1]}]",0.9999999999327671
38,top,[nH+]1cc[nH+]c2c1c1cccnc1c1ncccc21,"[13, 10]","[{'functional_group': 'carboxylate', 'smiles_inds': [14]}, {'functional_group': 'aldehyde', 'smiles_inds': [16]}, {'functional_group': 'amino', 'smiles_inds': [7]}, {'functional_group': 'amino', 'smiles_inds': [8]}, {'functional_group': 'aldehyde', 'smiles_inds': [15]}, {'functional_group': 'amino', 'smiles_inds': [2]}, {'functional_group': 'methyl', 'smiles_inds': [0]}, {'functional_group': 'methyl', 'smiles_inds': [3]}, {'functional_group': 'amino', 'smiles_inds': [1]}, {'functional_group': 'aldehyde', 'smiles_inds': [9]}]",0.999999999941624
38,top,[nH+]1cc[nH+]c2c1c1cccnc1c1ncccc21,"[13, 10]","[{'functional_group': 'carboxylate', 'smiles_inds': [8]}, {'functional_group': 'aldehyde', 'smiles_inds': [3]}, {'functional_group': 'chloro', 'smiles_inds': [15]}, {'functional_group': 'aldehyde', 'smiles_inds': [16]}, {'functional_group': 'amino', 'smiles_inds': [2]}, {'functional_group': 'iodo', 'smiles_inds': [14]}, {'functional_group': 'aldehyde', 'smiles_inds': [7]}, {'functional_group': 'hydroxyl', 'smiles_inds': [1]}, {'functional_group': 'thiol', 'smiles_inds': [0]}, {'functional_group': 'phenyl', 'smiles_inds': [9]}]",0.9999999999447178
38,top,[nH+]1cc[nH+]c2c1c1cccnc1c1ncccc21,"[13, 10]","[{'functional_group': 'carboxylate', 'smiles_inds': [8]}, {'functional_group': 'aldehyde', 'smiles_inds': [3]}, {'functional_group': 'chloro', 'smiles_inds': [15]}, {'functional_group': 'aldehyde', 'smiles_inds': [16]}, {'functional_group': 'amino', 'smiles_inds': [2]}, {'functional_group': 'iodo', 'smiles_inds': [14]}, {'functional_group': 'aldehyde', 'smiles_inds': [7]}, {'functional_group': 'phenyl', 'smiles_inds': [9]}, {'functional_group': 'ether', 'smiles_inds': [1]}]",0.9999999999458771
38,top,[nH+]1cc[nH+]c2c1c1cccnc1c1ncccc21,"[13, 10]","[{'functional_group': 'carboxylate', 'smiles_inds': [14]}, {'functional_group': 'aldehyde', 'smiles_inds': [16]}, {'functional_group': 'methyl', 'smiles_inds': [3]}, {'functional_group': 'carboxylate', 'smiles_inds': [15]}, {'functional_group': 'phenyl', 'smiles_inds': [2]}, {'functional_group': 'phenyl', 'smiles_inds': [1]}, {'functional_group': '2-hydroxypyridine', 'smiles_inds': [9]}, {'functional_group': 'cyano', 'smiles_inds': [7]}, {'functional_group': 'methyl', 'smiles_inds': [0]}, {'functional_group': 'carboxylate', 'smiles_inds': [8]}]",0.9999999999460043
38,top,[nH+]1cc[nH+]c2c1c1cccnc1c1ncccc21,"[13, 10]","[{'functional_group': 'carboxylate', 'smiles_inds': [8]}, {'functional_group': 'aldehyde', 'smiles_inds': [3]}, {'functional_group': 'chloro', 'smiles_inds': [15]}, {'functional_group': 'aldehyde', 'smiles_inds': [0]}, {'functional_group': 'aldehyde', 'smiles_inds': [7]}, {'functional_group': 'aldehyde', 'smiles_inds': [16]}, {'functional_group': 'ether', 'smiles_inds': [2]}, {'functional_group': 'amino', 'smiles_inds': [9]}]",0.9999999999607962
38,top,[nH+]1cc[nH+]c2c1c1cccnc1c1ncccc21,"[13, 10]","[{'functional_group': 'carboxylate', 'smiles_inds': [14]}, {'functional_group': 'aldehyde', 'smiles_inds': [16]}, {'functional_group': 'methyl', 'smiles_inds': [3]}, {'functional_group': 'carboxylate', 'smiles_inds': [15]}, {'functional_group': 'phenyl', 'smiles_inds': [2]}, {'functional_group': 'carboxylate', 'smiles_inds': [7]}]",0.999999999963679
38,top,[nH+]1cc[nH+]c2c1c1cccnc1c1ncccc21,"[13, 10]","[{'functional_group': 'carboxylate', 'smiles_inds': [14]}, {'functional_group': 'aldehyde', 'smiles_inds': [16]}, {'functional_group': 'amino', 'smiles_inds': [7]}, {'functional_group': 'amino', 'smiles_inds': [8]}, {'functional_group': 'aldehyde', 'smiles_inds': [15]}, {'functional_group': 'amino', 'smiles_inds': [2]}, {'functional_group': 'methyl', 'smiles_inds': [0]}, {'functional_group': 'amino', 'smiles_inds': [1]}, {'functional_group': 'aldehyde', 'smiles_inds': [9]}]",0.9999999999731333
38,top,[nH+]1cc[nH+]c2c1c1cccnc1c1ncccc21,"[13, 10]","[{'functional_group': 'carboxylate', 'smiles_inds': [8]}, {'functional_group': 'aldehyde', 'smiles_inds': [3]}, {'functional_group': 'chloro', 'smiles_inds': [15]}, {'functional_group': 'aldehyde', 'smiles_inds': [16]}, {'functional_group': 'amino', 'smiles_inds': [2]}, {'functional_group': 'carbonyl', 'smiles_inds': [9]}, {'functional_group': 'carboxylate', 'smiles_inds': [7]}, {'functional_group': 'carboxylate', 'smiles_inds': [14]}, {'functional_group': 'thiol', 'smiles_inds': [1]}]",0.9999999999805771
38,top,Cc1cc([c-]c(c1)c1ncc(F)cn1)c1ncc(F)cn1,"[4, 8, 15]","[{'functional_group': 'carboxylate', 'smiles_inds': [12]}]",0.9999999999890701
38,top,[nH+]1cc[nH+]c2c1c1cccnc1c1ncccc21,"[13, 10]","[{'functional_group': 'carboxylate', 'smiles_inds': [14]}, {'functional_group': 'aldehyde', 'smiles_inds': [16]}, {'functional_group': 'methyl', 'smiles_inds': [3]}, {'functional_group': 'carboxylate', 'smiles_inds': [15]}, {'functional_group': 'phenyl', 'smiles_inds': [2]}, {'functional_group': 'carboxyllic_acid', 'smiles_inds': [7]}, {'functional_group': 'amino', 'smiles_inds': [1]}, {'functional_group': 'amino', 'smiles_inds': [8]}, {'functional_group': 'carboxylate', 'smiles_inds': [9]}]",0.9999999999896834
38,top,[nH+]1cc[nH+]c2c1c1cccnc1c1ncccc21,"[13, 10]","[{'functional_group': 'carboxylate', 'smiles_inds': [14]}, {'functional_group': 'aldehyde', 'smiles_inds': [16]}, {'functional_group': 'methyl', 'smiles_inds': [3]}, {'functional_group': 'carboxylate', 'smiles_inds': [15]}, {'functional_group': 'phenyl', 'smiles_inds': [2]}, {'functional_group': 'carboxyllic_acid', 'smiles_inds': [7]}, {'functional_group': 'amino', 'smiles_inds': [1]}, {'functional_group': 'amino', 'smiles_inds': [8]}, {'functional_group': 'amino', 'smiles_inds': [9]}]",0.9999999999932891
38,top,[nH+]1cc[nH+]c2c1c1cccnc1c1ncccc21,"[13, 10]","[{'functional_group': 'carboxylate', 'smiles_inds': [14]}, {'functional_group': 'aldehyde', 'smiles_inds': [16]}, {'functional_group': 'methyl', 'smiles_inds': [3]}, {'functional_group': 'carboxylate', 'smiles_inds': [15]}, {'functional_group': 'phenyl', 'smiles_inds': [2]}, {'functional_group': 'carboxyllic_acid', 'smiles_inds': [7]}, {'functional_group': 'amino', 'smiles_inds': [1]}, {'functional_group': 'chloro', 'smiles_inds': [0]}, {'functional_group': 'carboxylate', 'smiles_inds': [8]}]",0.9999999999938498
38,top,[nH+]1cc[nH+]c2c1c1cccnc1c1ncccc21,"[13, 10]","[{'functional_group': 'carboxylate', 'smiles_inds': [14]}, {'functional_group': 'aldehyde', 'smiles_inds': [16]}, {'functional_group': 'methyl', 'smiles_inds': [3]}, {'functional_group': 'carboxylate', 'smiles_inds': [15]}, {'functional_group': 'phenyl', 'smiles_inds': [2]}, {'functional_group': 'carboxyllic_acid', 'smiles_inds': [7]}, {'functional_group': 'aldehyde', 'smiles_inds': [0]}, {'functional_group': 'carboxylate', 'smiles_inds': [9]}, {'functional_group': 'carboxylate', 'smiles_inds': [8]}, {'functional_group': 'chloro', 'smiles_inds': [1]}]",0.9999999999994547
39,bottom,CC(C)CC1NC(=O)C2(CCC(=O)NC(CC(O)=O)C(=O)NC(CC3=CNc4ccccc34)C(=O)N2)CSCC(NC(=O)C(CCC(O)=O)NC(=O)C(CC2=CNc3ccccc23)NC1=O)C(=O)NC1CSSCC(NC(=O)C2CSCC3(CC(NC1=O)C(=O)NC(C(C)O)C(=O)NCC(=O)N3)C(=O)NC(CC(C)C)C(=O)NC(Cc1ccccc1)C(=O)NC(C)C(=O)N2)C(O)=O,"[77, 87]","[{'functional_group': 'phosphonate', 'smiles_inds': [118]}, {'functional_group': 'phenyl', 'smiles_inds': [56]}]",2.3769854135375503e-75
39,bottom,CC(C)CC1NC(=O)C2(CCC(=O)NC(CC(O)=O)C(=O)NC(CC3=CNc4ccccc34)C(=O)N2)CSCC(NC(=O)C(CCC(O)=O)NC(=O)C(CC2=CNc3ccccc23)NC1=O)C(=O)NC1CSSCC(NC(=O)C2CSCC3(CC(NC1=O)C(=O)NC(C(C)O)C(=O)NCC(=O)N3)C(=O)NC(CC(C)C)C(=O)NC(Cc1ccccc1)C(=O)NC(C)C(=O)N2)C(O)=O,"[77, 87]","[{'functional_group': 'phosphonate', 'smiles_inds': [97]}]",2.2900784168020246e-69
39,bottom,C[Si](C)(C)c1cc(cc(c1)[Si](C#CP(C#C[Si](c1cc(cc(c1)[Si](C)(C)C)[Si](C)(C)C)(c1cc(cc(c1)[Si](C)(C)C)[Si](C)(C)C)c1cc(cc(c1)[Si](C)(C)C)[Si](C)(C)C)C#C[Si](c1cc(cc(c1)[Si](C)(C)C)[Si](C)(C)C)(c1cc(cc(c1)[Si](C)(C)C)[Si](C)(C)C)c1cc(cc(c1)[Si](C)(C)C)[Si](C)(C)C)(c1cc(cc(c1)[Si](C)(C)C)[Si](C)(C)C)c1cc(cc(c1)[Si](C)(C)C)[Si](C)(C)C)[Si](C)(C)C,[13],"[{'functional_group': '2-methylbenzoic_acid', 'smiles_inds': [99]}, {'functional_group': 'methyl', 'smiles_inds': [52]}]",4.4917137438855e-67
39,bottom,O1N=C(c2ccncc2)C23C4C5C6C7C8C9C%10C%11C%12C%13C%14C%15C%16C%17C%13C%13C%12C9C9C8C8C6C6C%12C%18C%19C%20C(C%17C%17C%13C9=C(C8%12)C%19%17)C%16C8C9C%15C%12C%14C%11C%11C%10C7C5C5C%11C%12C(=C9C7=C2C(C%18C%20C87)C46)C135,[6],"[{'functional_group': '2-hydroxypyridine', 'smiles_inds': [36]}]",2.9394795762304916e-66
39,bottom,Cc1cc(c2ccc(cc2)N(c2ccccc2)c2ccccc2)c(N=C(C)C(C)=Nc2c(cc(C)cc2c2ccc(cc2)N(c2ccccc2)c2ccccc2)c2ccc(cc2)N(c2ccccc2)c2ccccc2)c(c1)c1ccc(cc1)N(c1ccccc1)c1ccccc1,"[24, 29]",[],2.4458115322135713e-46
39,bottom,C1CCN(C1)P(=Nc1ccc2ccccc2c1c1c(ccc2ccccc12)N=P(N=P(N1CCCC1)(N1CCCC1)N1CCCC1)(N1CCCC1)N1CCCC1)(N=P(N1CCCC1)(N1CCCC1)N1CCCC1)N1CCCC1,"[6, 27]",[],3.332289868902123e-45
39,bottom,CC(C)(C)c1ccc(cc1)C(c1ccc(cc1)N1C(=O)OCC1=Cc1cccc(C=C2COC(=O)N2c2ccc(cc2)C(c2ccc(cc2)C(C)(C)C)(c2ccc(cc2)C(C)(C)C)c2ccc(cc2)C(C)(C)C)n1)(c1ccc(cc1)C(C)(C)C)c1ccc(cc1)C(C)(C)C,[73],"[{'functional_group': 'methyl_ester', 'smiles_inds': [61]}]",3.6446197392345105e-39
39,bottom,Fc1c(F)c(F)c(c(F)c1F)C1=C2NC(=C(C3=NC(=C(C4=CC=C([N-]4)C(=C4C=CC(=N4)C(=C4NC(=C(C5=NC(=C(C6=NC(=C(C7=CC=C1N7)c1c(F)c(F)c(F)c(F)c1F)C=C6)c1c(F)c(F)c(F)c(F)c1F)C=C5)c1c(F)c(F)c(F)c(F)c1F)C=C4)c1c(F)c(F)c(F)c(F)c1F)c1c(F)c(F)c(F)c(F)c1F)c1c(F)c(F)c(F)c(F)c1F)C=C3)c1c(F)c(F)c(F)c(F)c1F)C=C2,"[30, 24]","[{'functional_group': 'amino', 'smiles_inds': [45]}, {'functional_group': '2-hydroxypyridine', 'smiles_inds': [122]}]",5.335038928871801e-38
39,bottom,CC(C)(C)c1ccc(cc1)C(c1ccc(cc1)N1C(=O)OCC1=Cc1cccc(C=C2COC(=O)N2c2ccc(cc2)C(c2ccc(cc2)C(C)(C)C)(c2ccc(cc2)C(C)(C)C)c2ccc(cc2)C(C)(C)C)n1)(c1ccc(cc1)C(C)(C)C)c1ccc(cc1)C(C)(C)C,[73],"[{'functional_group': 'carbonyl', 'smiles_inds': [67]}, {'functional_group': 'fluoro', 'smiles_inds': [50]}]",1.468941760190614e-37
39,bottom,CC(C)(C)c1ccc(cc1)C(c1ccc(cc1)N1C(=O)OCC1=Cc1cccc(C=C2COC(=O)N2c2ccc(cc2)C(c2ccc(cc2)C(C)(C)C)(c2ccc(cc2)C(C)(C)C)c2ccc(cc2)C(C)(C)C)n1)(c1ccc(cc1)C(C)(C)C)c1ccc(cc1)C(C)(C)C,[73],"[{'functional_group': 'methyl_ester', 'smiles_inds': [5]}]",2.622652186902062e-37
39,bottom,CC(C)c1cccc(C(C)C)c1c1cc(NCCN(CCNc2cc(cc(c2)c2c(cccc2C(C)C)C(C)C)c2c(cccc2C(C)C)C(C)C)CCNc2cc(cc(c2)c2c(cccc2C(C)C)C(C)C)c2c(cccc2C(C)C)C(C)C)cc(c1)c1c(cccc1C(C)C)C(C)C,"[18, 15, 21]","[{'functional_group': 'ethyl_ester', 'smiles_inds': [35]}, {'functional_group': 'trichloro', 'smiles_inds': [82]}]",1.365803111569724e-36
39,bottom,CC(C)(C)[Si](C)([Si]12[Ge][Si]1([Si](C)(C(C)(C)C)C(C)(C)C)[Si]2([Si](C)(C(C)(C)C)C(C)(C)C)[Si](C)(C(C)(C)C)C(C)(C)C)C(C)(C)C,[7],"[{'functional_group': 'ethyl', 'smiles_inds': [28]}]",1.88056135369259e-36
39,bottom,CC(C)(C)c1ccc(cc1)C(c1ccc(OCc2cccc(COc3ccc(cc3)C(c3ccc(cc3)C(C)(C)C)(c3ccc(cc3)C(C)(C)C)c3ccc(cc3)C(C)(C)C)n2)cc1)(c1ccc(cc1)C(C)(C)C)c1ccc(cc1)C(C)(C)C,"[61, 15]","[{'functional_group': 'bromo', 'smiles_inds': [53]}, {'functional_group': 'cyanimide', 'smiles_inds': [38]}]",2.3826395176727585e-36
39,bottom,CC(C)c1cccc(C(C)C)c1c1cc(NCCN(CCNc2cc(cc(c2)c2c(cccc2C(C)C)C(C)C)c2c(cccc2C(C)C)C(C)C)CCNc2cc(cc(c2)c2c(cccc2C(C)C)C(C)C)c2c(cccc2C(C)C)C(C)C)cc(c1)c1c(cccc1C(C)C)C(C)C,"[18, 15, 21]","[{'functional_group': 'aldehyde', 'smiles_inds': [30]}, {'functional_group': 'carboxyl', 'smiles_inds': [80]}]",3.557133322182027e-36
39,bottom,C[Si]([Ge]1[Si]2([Ge]([Si]12[Si](C)(C(C)(C)C)C(C)(C)C)[Si](C)(C(C)(C)C)C(C)(C)C)[Si](C)(C(C)(C)C)C(C)(C)C)(C(C)(C)C)C(C)(C)C,"[2, 4]","[{'functional_group': 'cyanimide', 'smiles_inds': [33]}]",3.795718827884109e-36
39,bottom,CC(C)(C)C12P(Cc3ccccc3)P3C4(P(Cc5ccccc5)P1C1(P2C3(P41)C(C)(C)C)C(C)(C)C)C(C)(C)C,"[5, 15]",[],4.096002749707471e-36
39,bottom,CC(C)(C)c1ccc(cc1)C(c1ccc(cc1)N1C(=O)OCC1=Cc1cccc(C=C2COC(=O)N2c2ccc(cc2)C(c2ccc(cc2)C(C)(C)C)(c2ccc(cc2)C(C)(C)C)c2ccc(cc2)C(C)(C)C)n1)(c1ccc(cc1)C(C)(C)C)c1ccc(cc1)C(C)(C)C,[73],"[{'functional_group': 'ethyl_ester', 'smiles_inds': [48]}]",9.805326911445313e-36
39,bottom,CC(C)c1cccc(C(C)C)c1c1cc(NCCN(CCNc2cc(cc(c2)c2c(cccc2C(C)C)C(C)C)c2c(cccc2C(C)C)C(C)C)CCNc2cc(cc(c2)c2c(cccc2C(C)C)C(C)C)c2c(cccc2C(C)C)C(C)C)cc(c1)c1c(cccc1C(C)C)C(C)C,"[18, 15, 21]","[{'functional_group': 'carboxylate', 'smiles_inds': [50]}]",2.8929871149937513e-35
39,bottom,Cc1cc(C(c2ccc(cc2)C2CCCCC2)c2ccc(cc2)C2CCCCC2)c(N=C(C)C(C)=Nc2c(cc(C)cc2C(c2ccc(cc2)C2CCCCC2)c2ccc(cc2)C2CCCCC2)C(c2ccc(cc2)C2CCCCC2)c2ccc(cc2)C2CCCCC2)c(c1)C(c1ccc(cc1)C1CCCCC1)c1ccc(cc1)C1CCCCC1,"[30, 35]","[{'functional_group': 'bromo', 'smiles_inds': [11]}]",5.535355122650316e-35
39,bottom,CC12CCC(C1)C(C)(C)C2(Cc1cccc(CC2(SCc3ccccc3)C3(C)CCC(C3)C2(C)C)n1)SCc1ccccc1,"[36, 18, 35]","[{'functional_group': 'ether', 'smiles_inds': [43]}, {'functional_group': 'ethyl_ester', 'smiles_inds': [30]}]",6.349386756301112e-35
39,median,Brc1cc(Br)cc(c1)C1=N[N-]C(=N1)c1ccccn1,"[10, 18]","[{'functional_group': 'tribromo', 'smiles_inds': [17]}, {'functional_group': 'carbonyl', 'smiles_inds': [16]}]",0.10033187198415147
39,median,C(SC1=NN=NN1c1ccccc1)c1ccccn1,"[3, 6]",[],0.1003431501070026
39,median,Brc1ccc(I)nc1,[6],"[{'functional_group': 'carboxyl', 'smiles_inds': [3]}]",0.10035029627227689
39,median,CC1CCN(CC(=O)c2ccccc2)C2CCCCC2NC(C)CCN(CC(=O)c2ccccc2)C2CCCCC2N1,"[7, 41, 25, 4, 28, 20]",[],0.10036527133319846
39,median,Cc1ccc([c-]c1)c1ccccc1C=NCc1ccccc1Br,"[14, 5]","[{'functional_group': 'fluoro', 'smiles_inds': [17]}, {'functional_group': 'carboxylate', 'smiles_inds': [20]}]",0.1004167205012667
39,median,Fc1cccc(F)c1C1=N[N-]C(=N1)c1ccccn1,"[18, 10]","[{'functional_group': 'ether', 'smiles_inds': [3]}, {'functional_group': 'amide', 'smiles_inds': [16]}]",0.10042136482057083
39,median,CC(=O)CCC(C)=O,[2],[],0.10056483739135286
39,median,CCCCCCSC([S-])=NN=Cc1ccc(cc1)N(C)C,"[8, 10]","[{'functional_group': 'aldehyde', 'smiles_inds': [16]}]",0.10058463335946849
39,median,Cc1cc2N=C(Nc2c(c1C)N(=O)=O)C1=Nc2cc(C)c(C)c(c2N1)N(=O)=O,"[4, 15]","[{'functional_group': 'methyl_ester', 'smiles_inds': [21]}]",0.10064668868696507
39,median,Cc1cc2N=C(Nc2c(c1C)N(=O)=O)C1=Nc2cc(C)c(C)c(c2N1)N(=O)=O,"[4, 15]","[{'functional_group': 'methyl_ester', 'smiles_inds': [10]}]",0.10064668868696564
39,median,OC(=O)CN1C=C(N=N1)c1ccccn1,"[4, 7]","[{'functional_group': 'methyl_ester', 'smiles_inds': [13]}, {'functional_group': 'methyl_ester', 'smiles_inds': [3]}]",0.10069990060496058
39,median,[O-]C(=NN=Cc1[nH+]c2ccccc2cc1)c1[nH+]cccc1,"[0, 3]","[{'functional_group': 'trifluro', 'smiles_inds': [18]}, {'functional_group': 'bromo', 'smiles_inds': [20]}]",0.10070642298726497
39,median,c1ccc2c(c1)cccc2N=Cc1ccncc1,[15],[],0.10082867819525594
39,median,C1Cc2cccnc2C(C1)=Nc1ccccc1,"[6, 10]",[],0.10086731233949352
39,median,CCOP(=O)(OCC)c1ccc2ccc3cccnc3c2n1,"[18, 21]","[{'functional_group': 'phenyl', 'smiles_inds': [7]}]",0.10095824723820654
39,median,CCN(CC)c1ccc(C=NNc2cnccn2)c(O)c1,"[19, 2, 10]","[{'functional_group': 'ethyl_ester', 'smiles_inds': [3]}, {'functional_group': 'iodo', 'smiles_inds': [13]}]",0.10103750123508995
39,median,O(P(Oc1cccc[c-]1)c1ccccc1)c1cccc[c-]1,"[1, 8, 20]","[{'functional_group': 'phenyl', 'smiles_inds': [4]}]",0.10109288107985548
39,median,CCC(=N)N(C)CCNc1c2ccccc2[nH+]c2ccccc12,[3],"[{'functional_group': '2-hydroxypyridine', 'smiles_inds': [13]}]",0.10114414979649987
39,median,Oc1ccc2ccccc2c1C=NCc1c[nH+]ccc1,[0],[],0.10118348028125308
39,median,C1CCN(CC1)CCN1C=Nc2ccccc12,[10],"[{'functional_group': 'trifluro', 'smiles_inds': [9]}]",0.10119010388635792
39,top,[nH+]1cc[nH+]c2c1c1cccnc1c1ncccc21,"[13, 10]","[{'functional_group': 'carboxylate', 'smiles_inds': [14]}, {'functional_group': 'aldehyde', 'smiles_inds': [16]}, {'functional_group': 'amino', 'smiles_inds': [7]}, {'functional_group': 'amino', 'smiles_inds': [8]}, {'functional_group': 'aldehyde', 'smiles_inds': [15]}, {'functional_group': 'amino', 'smiles_inds': [2]}, {'functional_group': 'methyl', 'smiles_inds': [0]}, {'functional_group': 'amino', 'smiles_inds': [1]}, {'functional_group': 'ethyl', 'smiles_inds': [9]}]",0.9999999999999871
39,top,[nH+]1cc[nH+]c2c1c1cccnc1c1ncccc21,"[13, 10]","[{'functional_group': 'carboxylate', 'smiles_inds': [14]}, {'functional_group': 'aldehyde', 'smiles_inds': [16]}, {'functional_group': 'amino', 'smiles_inds': [7]}, {'functional_group': 'amino', 'smiles_inds': [8]}, {'functional_group': 'aldehyde', 'smiles_inds': [15]}, {'functional_group': 'amino', 'smiles_inds': [2]}, {'functional_group': 'methyl', 'smiles_inds': [0]}, {'functional_group': 'methyl', 'smiles_inds': [3]}, {'functional_group': 'amino', 'smiles_inds': [1]}, {'functional_group': 'methyl', 'smiles_inds': [9]}]",0.9999999999999916
39,top,[nH+]1cc[nH+]c2c1c1cccnc1c1ncccc21,"[13, 10]","[{'functional_group': 'carboxylate', 'smiles_inds': [14]}, {'functional_group': 'aldehyde', 'smiles_inds': [16]}, {'functional_group': 'amino', 'smiles_inds': [7]}, {'functional_group': 'amino', 'smiles_inds': [8]}, {'functional_group': 'aldehyde', 'smiles_inds': [15]}, {'functional_group': 'amino', 'smiles_inds': [2]}, {'functional_group': 'methyl', 'smiles_inds': [0]}, {'functional_group': 'amino', 'smiles_inds': [1]}, {'functional_group': 'cyano', 'smiles_inds': [3]}]",0.999999999999992
39,top,[nH+]1cc[nH+]c2c1c1cccnc1c1ncccc21,"[13, 10]","[{'functional_group': 'carboxylate', 'smiles_inds': [14]}, {'functional_group': 'aldehyde', 'smiles_inds': [16]}, {'functional_group': 'amino', 'smiles_inds': [7]}, {'functional_group': 'amino', 'smiles_inds': [8]}, {'functional_group': 'aldehyde', 'smiles_inds': [15]}, {'functional_group': 'amino', 'smiles_inds': [2]}, {'functional_group': 'methyl', 'smiles_inds': [0]}, {'functional_group': 'amino', 'smiles_inds': [1]}, {'functional_group': 'hydroxyl', 'smiles_inds': [3]}]",0.9999999999999927
39,top,[nH+]1cc[nH+]c2c1c1cccnc1c1ncccc21,"[13, 10]","[{'functional_group': 'carboxylate', 'smiles_inds': [14]}, {'functional_group': 'aldehyde', 'smiles_inds': [16]}, {'functional_group': 'amino', 'smiles_inds': [7]}, {'functional_group': 'amino', 'smiles_inds': [8]}, {'functional_group': 'aldehyde', 'smiles_inds': [15]}, {'functional_group': 'amino', 'smiles_inds': [2]}, {'functional_group': 'methyl', 'smiles_inds': [0]}, {'functional_group': 'amino', 'smiles_inds': [1]}, {'functional_group': 'iodo', 'smiles_inds': [9]}, {'functional_group': 'amino', 'smiles_inds': [3]}]",0.9999999999999936
39,top,[nH+]1cc[nH+]c2c1c1cccnc1c1ncccc21,"[13, 10]","[{'functional_group': 'carboxylate', 'smiles_inds': [14]}, {'functional_group': 'aldehyde', 'smiles_inds': [16]}, {'functional_group': 'amino', 'smiles_inds': [7]}, {'functional_group': 'amino', 'smiles_inds': [8]}, {'functional_group': 'aldehyde', 'smiles_inds': [15]}, {'functional_group': 'amino', 'smiles_inds': [2]}, {'functional_group': 'methyl', 'smiles_inds': [0]}, {'functional_group': 'methyl', 'smiles_inds': [3]}, {'functional_group': 'fluoro', 'smiles_inds': [9]}, {'functional_group': 'amino', 'smiles_inds': [1]}]",0.9999999999999947
39,top,[nH+]1cc[nH+]c2c1c1cccnc1c1ncccc21,"[13, 10]","[{'functional_group': 'carboxylate', 'smiles_inds': [14]}, {'functional_group': 'aldehyde', 'smiles_inds': [16]}, {'functional_group': 'amino', 'smiles_inds': [7]}, {'functional_group': 'amino', 'smiles_inds': [8]}, {'functional_group': 'aldehyde', 'smiles_inds': [15]}, {'functional_group': 'amino', 'smiles_inds': [2]}, {'functional_group': 'methyl', 'smiles_inds': [0]}, {'functional_group': 'methyl', 'smiles_inds': [3]}, {'functional_group': 'trifluro', 'smiles_inds': [9]}, {'functional_group': 'amino', 'smiles_inds': [1]}]",0.9999999999999951
39,top,[nH+]1cc[nH+]c2c1c1cccnc1c1ncccc21,"[13, 10]","[{'functional_group': 'carboxylate', 'smiles_inds': [14]}, {'functional_group': 'aldehyde', 'smiles_inds': [16]}, {'functional_group': 'amino', 'smiles_inds': [7]}, {'functional_group': 'amino', 'smiles_inds': [8]}, {'functional_group': 'aldehyde', 'smiles_inds': [15]}, {'functional_group': 'amino', 'smiles_inds': [2]}, {'functional_group': 'aldehyde', 'smiles_inds': [0]}, {'functional_group': 'carboxylate', 'smiles_inds': [3]}, {'functional_group': '2-methylbenzoic_acid', 'smiles_inds': [1]}, {'functional_group': 'carboxylate', 'smiles_inds': [9]}]",0.9999999999999964
39,top,[nH+]1cc[nH+]c2c1c1cccnc1c1ncccc21,"[13, 10]","[{'functional_group': 'carboxylate', 'smiles_inds': [8]}, {'functional_group': 'aldehyde', 'smiles_inds': [3]}, {'functional_group': 'chloro', 'smiles_inds': [15]}, {'functional_group': 'aldehyde', 'smiles_inds': [0]}, {'functional_group': 'carboxylate', 'smiles_inds': [7]}, {'functional_group': 'carboxylate', 'smiles_inds': [16]}]",0.9999999999999967
39,top,[nH+]1cc[nH+]c2c1c1cccnc1c1ncccc21,"[13, 10]","[{'functional_group': 'carboxylate', 'smiles_inds': [14]}, {'functional_group': 'aldehyde', 'smiles_inds': [16]}, {'functional_group': 'amino', 'smiles_inds': [7]}, {'functional_group': 'amino', 'smiles_inds': [8]}, {'functional_group': 'aldehyde', 'smiles_inds': [15]}, {'functional_group': 'amino', 'smiles_inds': [2]}, {'functional_group': 'cyano', 'smiles_inds': [0]}, {'functional_group': 'cyano', 'smiles_inds': [3]}, {'functional_group': 'amino', 'smiles_inds': [1]}]",0.9999999999999978
39,top,Oc1ccc2[N-]c3c4ncc(F)cc4c4C(=O)NC(=O)c4c3c2c1,"[5, 8]","[{'functional_group': 'carbonyl', 'smiles_inds': [0]}, {'functional_group': 'tribromo', 'smiles_inds': [12]}, {'functional_group': 'carboxylate', 'smiles_inds': [17]}, {'functional_group': 'carboxylate', 'smiles_inds': [23]}]",0.9999999999999982
39,top,[nH+]1cc[nH+]c2c1c1cccnc1c1ncccc21,"[13, 10]","[{'functional_group': 'carboxylate', 'smiles_inds': [14]}, {'functional_group': 'aldehyde', 'smiles_inds': [16]}, {'functional_group': 'methyl', 'smiles_inds': [3]}, {'functional_group': 'carboxylate', 'smiles_inds': [15]}, {'functional_group': 'phenyl', 'smiles_inds': [2]}, {'functional_group': 'carboxyllic_acid', 'smiles_inds': [7]}, {'functional_group': 'aldehyde', 'smiles_inds': [0]}, {'functional_group': 'amino', 'smiles_inds': [1]}, {'functional_group': 'amino', 'smiles_inds': [8]}, {'functional_group': 'carboxylate', 'smiles_inds': [9]}]",0.9999999999999984
39,top,[nH+]1cc[nH+]c2c1c1cccnc1c1ncccc21,"[13, 10]","[{'functional_group': 'carboxylate', 'smiles_inds': [8]}, {'functional_group': 'aldehyde', 'smiles_inds': [3]}, {'functional_group': 'chloro', 'smiles_inds': [15]}, {'functional_group': 'aldehyde', 'smiles_inds': [16]}, {'functional_group': 'amino', 'smiles_inds': [2]}, {'functional_group': 'carbonyl', 'smiles_inds': [9]}, {'functional_group': 'carboxylate', 'smiles_inds': [7]}, {'functional_group': 'methyl', 'smiles_inds': [1]}]",0.9999999999999987
39,top,[nH+]1cc[nH+]c2c1c1cccnc1c1ncccc21,"[13, 10]","[{'functional_group': 'carboxylate', 'smiles_inds': [14]}, {'functional_group': 'aldehyde', 'smiles_inds': [16]}, {'functional_group': 'amino', 'smiles_inds': [7]}, {'functional_group': 'amino', 'smiles_inds': [8]}, {'functional_group': 'aldehyde', 'smiles_inds': [15]}, {'functional_group': 'amino', 'smiles_inds': [2]}, {'functional_group': 'methyl', 'smiles_inds': [0]}, {'functional_group': 'methyl', 'smiles_inds': [3]}, {'functional_group': 'amino', 'smiles_inds': [1]}, {'functional_group': 'aldehyde', 'smiles_inds': [9]}]",0.9999999999999989
39,top,NC1C(O)C(N)C(O)C(NCCNC2C(O)C(N)C(O)C(N)C2O)C1O,"[0, 9, 12, 17, 21, 5]",[],0.9999999999999993
39,top,[nH+]1cc[nH+]c2c1c1cccnc1c1ncccc21,"[13, 10]","[{'functional_group': 'carboxylate', 'smiles_inds': [14]}, {'functional_group': 'aldehyde', 'smiles_inds': [16]}, {'functional_group': 'amino', 'smiles_inds': [7]}, {'functional_group': 'amino', 'smiles_inds': [8]}, {'functional_group': 'aldehyde', 'smiles_inds': [15]}, {'functional_group': 'amino', 'smiles_inds': [2]}, {'functional_group': 'methyl', 'smiles_inds': [0]}, {'functional_group': 'amino', 'smiles_inds': [1]}, {'functional_group': 'aldehyde', 'smiles_inds': [9]}]",0.9999999999999993
39,top,[nH+]1cc[nH+]c2c1c1cccnc1c1ncccc21,"[13, 10]","[{'functional_group': 'carboxylate', 'smiles_inds': [14]}, {'functional_group': 'aldehyde', 'smiles_inds': [16]}, {'functional_group': 'amino', 'smiles_inds': [7]}, {'functional_group': 'amino', 'smiles_inds': [8]}, {'functional_group': 'aldehyde', 'smiles_inds': [15]}, {'functional_group': 'amino', 'smiles_inds': [2]}, {'functional_group': 'aldehyde', 'smiles_inds': [0]}, {'functional_group': 'carboxylate', 'smiles_inds': [3]}, {'functional_group': 'carboxylate', 'smiles_inds': [9]}]",0.9999999999999998
39,top,[nH+]1cc[nH+]c2c1c1cccnc1c1ncccc21,"[13, 10]","[{'functional_group': 'carboxylate', 'smiles_inds': [14]}, {'functional_group': 'aldehyde', 'smiles_inds': [16]}, {'functional_group': 'methyl', 'smiles_inds': [3]}, {'functional_group': 'carboxylate', 'smiles_inds': [15]}, {'functional_group': 'phenyl', 'smiles_inds': [2]}, {'functional_group': 'carboxyllic_acid', 'smiles_inds': [7]}, {'functional_group': 'aldehyde', 'smiles_inds': [0]}, {'functional_group': 'amino', 'smiles_inds': [1]}, {'functional_group': 'amino', 'smiles_inds': [8]}, {'functional_group': 'amino', 'smiles_inds': [9]}]",0.9999999999999998
39,top,[nH+]1cc[nH+]c2c1c1cccnc1c1ncccc21,"[13, 10]","[{'functional_group': 'carboxylate', 'smiles_inds': [14]}, {'functional_group': 'aldehyde', 'smiles_inds': [16]}, {'functional_group': 'amino', 'smiles_inds': [7]}, {'functional_group': 'amino', 'smiles_inds': [8]}, {'functional_group': 'aldehyde', 'smiles_inds': [15]}, {'functional_group': 'amino', 'smiles_inds': [2]}, {'functional_group': 'methyl', 'smiles_inds': [0]}, {'functional_group': 'methyl', 'smiles_inds': [3]}, {'functional_group': 'amino', 'smiles_inds': [1]}, {'functional_group': 'amino', 'smiles_inds': [9]}]",1.0
39,top,[nH+]1cc[nH+]c2c1c1cccnc1c1ncccc21,"[13, 10]","[{'functional_group': 'carboxylate', 'smiles_inds': [14]}, {'functional_group': 'aldehyde', 'smiles_inds': [16]}, {'functional_group': 'amino', 'smiles_inds': [7]}, {'functional_group': 'amino', 'smiles_inds': [8]}, {'functional_group': 'aldehyde', 'smiles_inds': [15]}, {'functional_group': 'amino', 'smiles_inds': [2]}, {'functional_group': 'methyl', 'smiles_inds': [0]}, {'functional_group': 'amino', 'smiles_inds': [1]}, {'functional_group': 'amino', 'smiles_inds': [9]}]",1.0
