generation,E_at,E_at_percentile,zvpe,zvpe_percentile,e_gap,e_gap_percentile,C_v,C_v_percentile,SMILES,coordList,functionalization
1,1111.285393,0.0,0.079569,0.0,0.239200,42.0,20.600000,2.0,CN1N=COC1=O,,[]
1,1216.111478,2.0,0.109407,6.0,0.291700,76.0,18.623000,0.0,C1C2C1N1CC21,,[]
1,1403.766931,10.0,0.115068,12.0,0.148400,0.0,31.092000,46.0,NC1=C(N)C(=N)N=NN1,,[]
1,1510.415304,16.0,0.119915,14.0,0.223600,30.0,27.063000,14.0,CC1=CNC(=O)OC1,,[]
1,1548.456183,18.0,0.129951,20.0,0.212200,16.0,28.820000,24.0,CN=C1OC=CN1C,,[]
1,1608.231481,28.0,0.127031,16.0,0.199000,12.0,30.357000,34.0,NC1=CC(=O)NC=NC1,,[]
1,1693.132885,36.0,0.136646,40.0,0.205300,14.0,29.183000,28.0,CC12COC(OC1)C2=O,,[]
1,1782.175225,54.0,0.149309,50.0,0.190200,4.0,30.717000,40.0,ON=C1C=CCC2CC12,,[]
2,1111.285393,0.0,0.079569,1.3,0.239200,48.0,20.600000,0.7,CN1N=COC1=O,,[]
2,1209.279783,0.7,0.070974,0.0,0.216200,24.7,23.660000,1.3,O=C1CC2OC12C#N,,[]
2,1216.111478,1.3,0.109407,10.7,0.291700,74.0,18.623000,0.0,C1C2C1N1CC21,,[]
2,1251.157882,2.7,0.090714,2.7,0.139900,0.0,27.671000,14.0,NC1=NNC(=C1)N(=O)=O,,[]
2,1340.973313,5.3,0.077784,0.7,0.174300,3.3,24.820000,2.0,FC1=NC=C(C=O)N=C1,,[]
2,1406.755132,9.3,0.089300,2.0,0.159300,1.3,28.075000,16.0,NC1=CC=C(F)OC1=O,,[]
2,1519.258168,17.3,0.119771,17.3,0.170800,2.7,25.029000,3.3,O=CC1=CCN2CC12,,[]
3,1030.167871,0.0,0.041399,0.0,0.234400,42.0,22.647000,1.2,FC1=NC(=O)N=C(F)O1,,[]
3,1111.285393,0.4,0.079569,1.6,0.239200,45.2,20.600000,0.4,CN1N=COC1=O,,[]
3,1209.279783,0.8,0.070974,0.4,0.216200,21.6,23.660000,2.0,O=C1CC2OC12C#N,,[]
3,1216.111478,1.2,0.109407,10.4,0.291700,74.4,18.623000,0.0,C1C2C1N1CC21,,[]
3,1251.157882,2.4,0.090714,3.2,0.139900,0.0,27.671000,15.2,NC1=NNC(=C1)N(=O)=O,,[]
3,1322.913591,4.4,0.087107,2.0,0.197000,8.0,28.670000,22.4,OCC1=C(C=O)N=NO1,,[]
3,1340.973313,5.6,0.077784,1.2,0.174300,2.4,24.820000,2.8,FC1=NC=C(C=O)N=C1,,[]
3,1406.755132,8.8,0.089300,2.8,0.159300,0.8,28.075000,17.6,NC1=CC=C(F)OC1=O,,[]
3,1519.258168,16.0,0.119771,16.8,0.170800,2.0,25.029000,3.6,O=CC1=CCN2CC12,,[]
4,1030.167871,0.0,0.041399,0.0,0.234400,42.6,22.647000,0.9,FC1=NC(=O)N=C(F)O1,,[]
4,1111.285393,0.3,0.079569,1.7,0.239200,45.1,20.600000,0.3,CN1N=COC1=O,,[]
4,1209.279783,0.6,0.070974,0.3,0.216200,22.6,23.660000,1.4,O=C1CC2OC12C#N,,[]
4,1216.111478,0.9,0.109407,10.3,0.291700,75.7,18.623000,0.0,C1C2C1N1CC21,,[]
4,1221.247643,1.1,0.077113,0.9,0.187600,5.4,27.698000,15.4,NC1=NOC(=O)C(=N)O1,,[]
4,1251.157882,2.0,0.090714,3.1,0.139900,0.3,27.671000,14.9,NC1=NNC(=C1)N(=O)=O,,[]
4,1340.973313,4.9,0.077784,1.1,0.174300,3.4,24.820000,2.3,FC1=NC=C(C=O)N=C1,,[]
4,1378.377271,6.0,0.077792,1.4,0.155200,1.4,25.596000,4.3,O=C1C=C(C#N)C2OC12,,[]
4,1467.784820,10.6,0.100372,5.4,0.138400,0.0,28.089000,17.1,COC1=COC(=O)C=N1,,[]
4,1519.258168,15.4,0.119771,16.9,0.170800,3.1,25.029000,2.9,O=CC1=CCN2CC12,,[]
5,798.442427,0.0,0.055704,0.2,0.219100,26.9,15.692000,0.0,O=CNC=O,,[]
5,1030.167871,0.2,0.041399,0.0,0.234400,42.0,22.647000,0.9,FC1=NC(=O)N=C(F)O1,,[]
5,1153.647303,0.7,0.076060,0.9,0.214900,21.6,22.942000,1.1,O=C1COC1C#C,,[]
5,1209.279783,0.9,0.070974,0.4,0.216200,23.1,23.660000,1.8,O=C1CC2OC12C#N,,[]
5,1221.247643,1.3,0.077113,1.1,0.187600,5.6,27.698000,15.8,NC1=NOC(=O)C(=N)O1,,[]
5,1251.157882,2.0,0.090714,3.3,0.139900,0.2,27.671000,15.3,NC1=NNC(=C1)N(=O)=O,,[]
5,1309.501831,3.8,0.080945,2.2,0.211900,19.3,24.335000,2.4,O=C1NC2=C(O1)N=CN2,,[]
5,1319.944216,4.0,0.096953,4.7,0.203700,12.0,24.523000,2.9,CC(=O)C1=NNN=C1,,[]
5,1340.973313,5.1,0.077784,1.3,0.174300,2.7,24.820000,3.6,FC1=NC=C(C=O)N=C1,,[]
5,1351.447074,5.3,0.097443,4.9,0.201500,10.9,24.310000,2.2,CC1=NC(=O)NC=N1,,[]
5,1378.377271,6.2,0.077792,1.6,0.155200,1.1,25.596000,5.3,O=C1C=C(C#N)C2OC12,,[]
5,1467.784820,10.7,0.100372,5.6,0.138400,0.0,28.089000,18.0,COC1=COC(=O)C=N1,,[]
5,1519.258168,14.9,0.119771,17.6,0.170800,2.4,25.029000,4.0,O=CC1=CCN2CC12,,[]
6,798.442427,0.0,0.055704,0.2,0.219100,26.9,15.692000,0.0,O=CNC=O,,[]
6,1030.167871,0.2,0.041399,0.0,0.234400,41.5,22.647000,0.9,FC1=NC(=O)N=C(F)O1,,[]
6,1153.647303,0.5,0.076060,0.7,0.214900,22.5,22.942000,1.1,O=C1COC1C#C,,[]
6,1209.279783,0.7,0.070974,0.4,0.216200,23.8,23.660000,1.6,O=C1CC2OC12C#N,,[]
6,1221.247643,1.1,0.077113,0.9,0.187600,6.4,27.698000,16.0,NC1=NOC(=O)C(=N)O1,,[]
6,1251.157882,1.6,0.090714,3.3,0.139900,0.2,27.671000,15.6,NC1=NNC(=C1)N(=O)=O,,[]
6,1309.501831,3.1,0.080945,2.0,0.211900,19.8,24.335000,2.7,O=C1NC2=C(O1)N=CN2,,[]
6,1319.944216,3.5,0.096953,4.4,0.203700,12.5,24.523000,3.3,CC(=O)C1=NNN=C1,,[]
6,1340.973313,4.5,0.077784,1.1,0.174300,3.5,24.820000,3.8,FC1=NC=C(C=O)N=C1,,[]
6,1345.431141,4.7,0.078875,1.5,0.146300,0.4,25.689000,6.7,N=C1OC(=CC=N1)C#N,,[]
6,1351.447074,4.9,0.097443,4.5,0.201500,11.6,24.310000,2.4,CC1=NC(=O)NC=N1,,[]
6,1353.667830,5.1,0.097443,4.5,0.197800,10.0,24.319000,2.5,N#CC1=NC2CC2N1,,[]
6,1378.377271,5.8,0.077792,1.3,0.155200,1.5,25.596000,5.5,O=C1C=C(C#N)C2OC12,,[]
6,1467.784820,10.4,0.100372,5.8,0.138400,0.0,28.089000,18.2,COC1=COC(=O)C=N1,,[]
6,1513.836486,13.8,0.116841,16.9,0.209500,17.5,23.954000,2.0,C1C2NC1C1=C2ON=C1,,[]
6,1519.258168,14.9,0.119771,17.8,0.170800,3.3,25.029000,4.2,O=CC1=CCN2CC12,,[]
7,798.442427,0.0,0.055704,0.2,0.219100,26.5,15.692000,0.0,O=CNC=O,,[]
7,1030.167871,0.2,0.041399,0.0,0.234400,41.8,22.647000,0.9,FC1=NC(=O)N=C(F)O1,,[]
7,1153.647303,0.5,0.076060,0.8,0.214900,22.5,22.942000,1.1,O=C1COC1C#C,,[]
7,1166.201885,0.6,0.074644,0.5,0.192800,8.2,21.191000,0.5,N1C=CC2=C1N=NO2,,[]
7,1209.279783,0.8,0.070974,0.3,0.216200,23.5,23.660000,1.5,O=C1CC2OC12C#N,,[]
7,1221.247643,1.1,0.077113,0.9,0.187600,6.6,27.698000,15.2,NC1=NOC(=O)C(=N)O1,,[]
7,1251.157882,1.5,0.090714,3.4,0.139900,0.3,27.671000,14.9,NC1=NNC(=C1)N(=O)=O,,[]
7,1340.973313,4.0,0.077784,1.2,0.174300,3.8,24.820000,3.5,FC1=NC=C(C=O)N=C1,,[]
7,1345.431141,4.2,0.078875,1.5,0.146300,0.5,25.689000,6.2,N=C1OC(=CC=N1)C#N,,[]
7,1378.377271,5.4,0.077792,1.4,0.155200,1.7,25.596000,5.1,O=C1C=C(C#N)C2OC12,,[]
7,1405.946272,6.8,0.077211,1.1,0.139200,0.2,26.783000,9.4,O=C1CC=C(C#N)C1=O,,[]
7,1467.784820,10.2,0.100372,6.0,0.138400,0.0,28.089000,17.4,COC1=COC(=O)C=N1,,[]
7,1519.258168,14.5,0.119771,17.2,0.170800,3.5,25.029000,4.0,O=CC1=CCN2CC12,,[]
8,798.442427,0.0,0.055704,0.1,0.219100,27.5,15.692000,0.0,O=CNC=O,,[]
8,957.288921,0.3,0.069073,0.3,0.179500,6.4,19.059000,0.3,N=C1N=CNN=N1,,[]
8,1030.167871,0.4,0.041399,0.0,0.234400,42.5,22.647000,1.2,FC1=NC(=O)N=C(F)O1,,[]
8,1121.426574,0.7,0.071339,0.5,0.177400,5.7,25.125000,4.7,NC1=CN=NOC1=O,,[]
8,1165.002714,0.9,0.077621,1.3,0.154200,1.6,26.596000,9.5,NC1=C(ON=C1)N(=O)=O,,[]
8,1251.157882,1.9,0.090714,4.0,0.139900,0.3,27.671000,15.6,NC1=NNC(=C1)N(=O)=O,,[]
8,1340.973313,4.4,0.077784,1.5,0.174300,4.4,24.820000,3.9,FC1=NC=C(C=O)N=C1,,[]
8,1345.431141,4.5,0.078875,1.7,0.146300,0.8,25.689000,6.4,N=C1OC(=CC=N1)C#N,,[]
8,1378.377271,5.7,0.077792,1.6,0.155200,2.0,25.596000,5.5,O=C1C=C(C#N)C2OC12,,[]
8,1405.946272,7.3,0.077211,1.2,0.139200,0.1,26.783000,10.0,O=C1CC=C(C#N)C1=O,,[]
8,1458.449989,10.1,0.092986,4.7,0.142600,0.4,24.373000,3.2,O=C1C=CC2=C1C=NN2,,[]
8,1467.784820,11.2,0.100372,6.8,0.138400,0.0,28.089000,18.3,COC1=COC(=O)C=N1,,[]
9,798.442427,0.0,0.055704,0.1,0.219100,28.5,15.692000,0.0,O=CNC=O,,[]
9,957.288921,0.2,0.069073,0.2,0.179500,6.7,19.059000,0.2,N=C1N=CNN=N1,,[]
9,1030.167871,0.4,0.041399,0.0,0.234400,42.9,22.647000,1.1,FC1=NC(=O)N=C(F)O1,,[]
9,1121.426574,0.6,0.071339,0.5,0.177400,6.1,25.125000,4.8,NC1=CN=NOC1=O,,[]
9,1165.002714,0.8,0.077621,1.3,0.154200,1.8,26.596000,9.2,NC1=C(ON=C1)N(=O)=O,,[]
9,1251.157882,1.6,0.090714,3.6,0.139900,0.5,27.671000,15.4,NC1=NNC(=C1)N(=O)=O,,[]
9,1291.460306,2.5,0.077275,1.2,0.157900,2.7,27.523000,14.2,NC1=NC(F)=COC1=O,,[]
9,1340.973313,4.1,0.077784,1.4,0.174300,4.9,24.820000,4.0,FC1=NC=C(C=O)N=C1,,[]
9,1345.431141,4.2,0.078875,1.6,0.146300,1.1,25.689000,6.5,N=C1OC(=CC=N1)C#N,,[]
9,1378.377271,5.4,0.077792,1.5,0.155200,2.2,25.596000,5.6,O=C1C=C(C#N)C2OC12,,[]
9,1405.946272,6.8,0.077211,1.1,0.139200,0.4,26.783000,9.8,O=C1CC=C(C#N)C1=O,,[]
9,1458.449989,9.9,0.092986,4.4,0.142600,0.7,24.373000,3.2,O=C1C=CC2=C1C=NN2,,[]
9,1467.784820,11.1,0.100372,6.4,0.138400,0.2,28.089000,18.0,COC1=COC(=O)C=N1,,[]
9,1535.122235,16.4,0.113959,15.2,0.138100,0.1,28.930000,24.6,N=C1NCCC(=O)C1=O,,[]
9,1556.372843,18.1,0.123099,20.8,0.129200,0.0,33.249000,65.8,CNC(=N)NC(=O)C=O,,[]
10,798.442427,0.0,0.055704,0.1,0.219100,28.3,15.692000,0.0,O=CNC=O,,[]
10,957.288921,0.2,0.069073,0.3,0.179500,6.8,19.059000,0.2,N=C1N=CNN=N1,,[]
10,1030.167871,0.3,0.041399,0.0,0.234400,42.5,22.647000,0.9,FC1=NC(=O)N=C(F)O1,,[]
10,1121.426574,0.5,0.071339,0.5,0.177400,6.3,25.125000,4.5,NC1=CN=NOC1=O,,[]
10,1163.994306,0.7,0.065546,0.2,0.145600,0.9,24.558000,3.4,O=CN1N=NC=NC1=O,,[]
10,1251.157882,1.6,0.090714,3.8,0.139900,0.4,27.671000,14.8,NC1=NNC(=C1)N(=O)=O,,[]
10,1405.946272,6.7,0.077211,1.2,0.139200,0.3,26.783000,9.4,O=C1CC=C(C#N)C1=O,,[]
10,1458.449989,9.7,0.092986,4.5,0.142600,0.6,24.373000,2.8,O=C1C=CC2=C1C=NN2,,[]
10,1467.784820,10.9,0.100372,6.5,0.138400,0.2,28.089000,17.5,COC1=COC(=O)C=N1,,[]
10,1535.122235,16.5,0.113959,15.4,0.138100,0.1,28.930000,24.4,N=C1NCCC(=O)C1=O,,[]
10,1556.372843,18.3,0.123099,20.8,0.129200,0.0,33.249000,66.2,CNC(=N)NC(=O)C=O,,[]
11,798.442427,0.0,0.055704,0.1,0.219100,28.2,15.692000,0.0,O=CNC=O,,[]
11,957.288921,0.2,0.069073,0.3,0.179500,6.5,19.059000,0.2,N=C1N=CNN=N1,,[]
11,1030.167871,0.3,0.041399,0.0,0.234400,42.2,22.647000,0.9,FC1=NC(=O)N=C(F)O1,,[]
11,1121.426574,0.5,0.071339,0.5,0.177400,6.0,25.125000,4.2,NC1=CN=NOC1=O,,[]
11,1163.994306,0.7,0.065546,0.2,0.145600,0.9,24.558000,3.1,O=CN1N=NC=NC1=O,,[]
11,1251.157882,1.4,0.090714,3.6,0.139900,0.4,27.671000,14.4,NC1=NNC(=C1)N(=O)=O,,[]
11,1405.946272,6.6,0.077211,1.0,0.139200,0.3,26.783000,8.9,O=C1CC=C(C#N)C1=O,,[]
11,1458.449989,9.3,0.092986,4.3,0.142600,0.6,24.373000,2.7,O=C1C=CC2=C1C=NN2,,[]
11,1467.784820,10.5,0.100372,6.4,0.138400,0.2,28.089000,17.0,COC1=COC(=O)C=N1,,[]
11,1535.122235,15.8,0.113959,15.4,0.138100,0.1,28.930000,23.9,N=C1NCCC(=O)C1=O,,[]
11,1556.372843,17.7,0.123099,20.7,0.129200,0.0,33.249000,65.3,CNC(=N)NC(=O)C=O,,[]
12,798.442427,0.0,0.055704,0.2,0.219100,28.1,15.692000,0.0,O=CNC=O,,[]
12,934.953976,0.2,0.049502,0.1,0.171000,4.4,20.214000,0.4,FC1=NC(=O)NN=N1,,[]
12,957.288921,0.3,0.069073,0.4,0.179500,6.3,19.059000,0.3,N=C1N=CNN=N1,,[]
12,1030.167871,0.3,0.041399,0.0,0.234400,42.1,22.647000,1.0,FC1=NC(=O)N=C(F)O1,,[]
12,1163.994306,0.8,0.065546,0.3,0.145600,0.8,24.558000,3.2,O=CN1N=NC=NC1=O,,[]
12,1199.850198,1.1,0.064985,0.3,0.162400,3.0,24.348000,2.6,FC1=CN=C(C=O)N=N1,,[]
12,1251.157882,1.7,0.090714,3.7,0.139900,0.3,27.671000,14.3,NC1=NNC(=C1)N(=O)=O,,[]
12,1405.946272,6.7,0.077211,1.1,0.139200,0.3,26.783000,9.0,O=C1CC=C(C#N)C1=O,,[]
12,1458.449989,9.7,0.092986,4.5,0.142600,0.5,24.373000,2.8,O=C1C=CC2=C1C=NN2,,[]
12,1467.784820,10.8,0.100372,6.6,0.138400,0.2,28.089000,16.8,COC1=COC(=O)C=N1,,[]
12,1535.122235,16.3,0.113959,15.6,0.138100,0.1,28.930000,23.7,N=C1NCCC(=O)C1=O,,[]
12,1556.372843,18.1,0.123099,20.7,0.129200,0.0,33.249000,65.3,CNC(=N)NC(=O)C=O,,[]
13,798.442427,0.0,0.055704,0.2,0.219100,28.0,15.692000,0.0,O=CNC=O,,[]
13,934.953976,0.2,0.049502,0.1,0.171000,4.6,20.214000,0.4,FC1=NC(=O)NN=N1,,[]
13,957.288921,0.2,0.069073,0.5,0.179500,6.5,19.059000,0.2,N=C1N=CNN=N1,,[]
13,1030.167871,0.3,0.041399,0.0,0.234400,42.1,22.647000,1.0,FC1=NC(=O)N=C(F)O1,,[]
13,1163.994306,0.7,0.065546,0.3,0.145600,0.8,24.558000,3.0,O=CN1N=NC=NC1=O,,[]
13,1199.850198,1.0,0.064985,0.2,0.162400,3.2,24.348000,2.4,FC1=CN=C(C=O)N=N1,,[]
13,1251.157882,1.6,0.090714,3.7,0.139900,0.4,27.671000,14.7,NC1=NNC(=C1)N(=O)=O,,[]
13,1295.165749,2.5,0.073640,0.7,0.121600,0.0,30.735000,43.1,NC(=O)C(=O)C(=O)C=O,,[]
13,1405.946272,6.7,0.077211,1.2,0.139200,0.3,26.783000,9.4,O=C1CC=C(C#N)C1=O,,[]
13,1458.449989,9.9,0.092986,4.5,0.142600,0.6,24.373000,2.6,O=C1C=CC2=C1C=NN2,,[]
13,1467.784820,11.0,0.100372,6.7,0.138400,0.2,28.089000,17.2,COC1=COC(=O)C=N1,,[]
13,1535.122235,16.6,0.113959,15.7,0.138100,0.2,28.930000,24.6,N=C1NCCC(=O)C1=O,,[]
14,798.442427,0.0,0.055704,0.1,0.219100,28.4,15.692000,0.0,O=CNC=O,,[]
14,934.953976,0.1,0.049502,0.1,0.171000,4.6,20.214000,0.4,FC1=NC(=O)NN=N1,,[]
14,957.288921,0.2,0.069073,0.4,0.179500,6.4,19.059000,0.2,N=C1N=CNN=N1,,[]
14,1030.167871,0.3,0.041399,0.0,0.234400,42.7,22.647000,1.0,FC1=NC(=O)N=C(F)O1,,[]
14,1163.994306,0.7,0.065546,0.3,0.145600,0.8,24.558000,3.1,O=CN1N=NC=NC1=O,,[]
14,1199.850198,1.1,0.064985,0.2,0.162400,3.0,24.348000,2.5,FC1=CN=C(C=O)N=N1,,[]
14,1251.157882,1.6,0.090714,3.8,0.139900,0.4,27.671000,14.7,NC1=NNC(=C1)N(=O)=O,,[]
14,1295.165749,2.4,0.073640,0.7,0.121600,0.1,30.735000,43.1,NC(=O)C(=O)C(=O)C=O,,[]
14,1303.345963,2.7,0.085428,2.2,0.163300,3.2,22.606000,1.0,O=C1C=NC=CC=N1,,[]
14,1342.710887,4.3,0.102209,8.6,0.093800,0.0,30.012000,36.1,NC(=[NH2+])C1=NOC(=N)[N-]1,,[]
14,1405.946272,6.9,0.077211,1.1,0.139200,0.4,26.783000,9.6,O=C1CC=C(C#N)C1=O,,[]
14,1458.449989,9.9,0.092986,4.5,0.142600,0.6,24.373000,2.7,O=C1C=CC2=C1C=NN2,,[]
14,1467.784820,10.9,0.100372,6.6,0.138400,0.3,28.089000,17.5,COC1=COC(=O)C=N1,,[]
14,1535.122235,16.5,0.113959,15.9,0.138100,0.2,28.930000,24.7,N=C1NCCC(=O)C1=O,,[]
15,798.442427,0.0,0.055704,0.1,0.219100,28.9,15.692000,0.0,O=CNC=O,,[]
15,934.953976,0.1,0.049502,0.1,0.171000,4.8,20.214000,0.4,FC1=NC(=O)NN=N1,,[]
15,957.288921,0.2,0.069073,0.4,0.179500,6.7,19.059000,0.2,N=C1N=CNN=N1,,[]
15,1030.167871,0.3,0.041399,0.0,0.234400,42.8,22.647000,1.1,FC1=NC(=O)N=C(F)O1,,[]
15,1163.994306,0.7,0.065546,0.3,0.145600,0.8,24.558000,3.1,O=CN1N=NC=NC1=O,,[]
15,1189.593555,1.0,0.073428,0.6,0.156100,2.1,22.343000,0.8,FC1=CNC(=O)C=N1,,[]
15,1199.850198,1.1,0.064985,0.2,0.162400,3.2,24.348000,2.6,FC1=CN=C(C=O)N=N1,,[]
15,1251.157882,1.6,0.090714,4.0,0.139900,0.4,27.671000,14.8,NC1=NNC(=C1)N(=O)=O,,[]
15,1295.165749,2.6,0.073640,0.7,0.121600,0.1,30.735000,42.9,NC(=O)C(=O)C(=O)C=O,,[]
15,1342.710887,4.5,0.102209,8.6,0.093800,0.0,30.012000,36.1,NC(=[NH2+])C1=NOC(=N)[N-]1,,[]
15,1405.946272,7.1,0.077211,1.2,0.139200,0.3,26.783000,9.4,O=C1CC=C(C#N)C1=O,,[]
15,1458.449989,10.1,0.092986,4.7,0.142600,0.6,24.373000,2.7,O=C1C=CC2=C1C=NN2,,[]
15,1467.784820,11.0,0.100372,6.7,0.138400,0.3,28.089000,17.5,COC1=COC(=O)C=N1,,[]
15,1535.122235,16.7,0.113959,16.2,0.138100,0.2,28.930000,24.6,N=C1NCCC(=O)C1=O,,[]
16,798.442427,0.0,0.055704,0.1,0.219100,28.4,15.692000,0.0,O=CNC=O,,[]
16,934.953976,0.1,0.049502,0.1,0.171000,4.6,20.214000,0.5,FC1=NC(=O)NN=N1,,[]
16,957.288921,0.2,0.069073,0.5,0.179500,6.6,19.059000,0.3,N=C1N=CNN=N1,,[]
16,1030.167871,0.3,0.041399,0.0,0.234400,42.1,22.647000,1.3,FC1=NC(=O)N=C(F)O1,,[]
16,1163.994306,0.8,0.065546,0.3,0.145600,0.8,24.558000,3.4,O=CN1N=NC=NC1=O,,[]
16,1189.593555,1.0,0.073428,0.6,0.156100,2.0,22.343000,1.0,FC1=CNC(=O)C=N1,,[]
16,1199.850198,1.2,0.064985,0.2,0.162400,3.0,24.348000,2.8,FC1=CN=C(C=O)N=N1,,[]
16,1251.157882,1.8,0.090714,4.1,0.139900,0.4,27.671000,15.0,NC1=NNC(=C1)N(=O)=O,,[]
16,1295.165749,2.8,0.073640,0.7,0.121600,0.1,30.735000,43.1,NC(=O)C(=O)C(=O)C=O,,[]
16,1342.710887,4.6,0.102209,8.8,0.093800,0.0,30.012000,35.9,NC(=[NH2+])C1=NOC(=N)[N-]1,,[]
16,1405.946272,7.3,0.077211,1.2,0.139200,0.3,26.783000,9.7,O=C1CC=C(C#N)C1=O,,[]
16,1458.449989,10.4,0.092986,4.8,0.142600,0.5,24.373000,3.0,O=C1C=CC2=C1C=NN2,,[]
16,1467.784820,11.4,0.100372,6.8,0.138400,0.3,28.089000,17.7,COC1=COC(=O)C=N1,,[]
16,1535.122235,16.8,0.113959,16.3,0.138100,0.2,28.930000,24.8,N=C1NCCC(=O)C1=O,,[]
17,798.442427,0.0,0.055704,0.1,0.219100,28.3,15.692000,0.0,O=CNC=O,,[]
17,934.953976,0.1,0.049502,0.1,0.171000,4.5,20.214000,0.5,FC1=NC(=O)NN=N1,,[]
17,957.288921,0.2,0.069073,0.5,0.179500,6.6,19.059000,0.3,N=C1N=CNN=N1,,[]
17,1030.167871,0.4,0.041399,0.0,0.234400,41.9,22.647000,1.4,FC1=NC(=O)N=C(F)O1,,[]
17,1163.994306,0.8,0.065546,0.3,0.145600,0.7,24.558000,3.5,O=CN1N=NC=NC1=O,,[]
17,1189.593555,1.1,0.073428,0.7,0.156100,1.9,22.343000,1.1,FC1=CNC(=O)C=N1,,[]
17,1199.850198,1.2,0.064985,0.2,0.162400,3.0,24.348000,3.0,FC1=CN=C(C=O)N=N1,,[]
17,1251.157882,1.9,0.090714,4.3,0.139900,0.4,27.671000,15.1,NC1=NNC(=C1)N(=O)=O,,[]
17,1295.165749,2.8,0.073640,0.7,0.121600,0.1,30.735000,43.0,NC(=O)C(=O)C(=O)C=O,,[]
17,1320.909953,3.7,0.080353,1.9,0.145900,0.8,22.703000,1.5,O1C=NC2=NC=CC2=N1,,[]
17,1342.710887,4.7,0.102209,8.8,0.093800,0.0,30.012000,35.9,NC(=[NH2+])C1=NOC(=N)[N-]1,,[]
17,1405.946272,7.3,0.077211,1.3,0.139200,0.3,26.783000,9.8,O=C1CC=C(C#N)C1=O,,[]
17,1458.449989,10.2,0.092986,5.0,0.142600,0.5,24.373000,3.1,O=C1C=CC2=C1C=NN2,,[]
17,1467.784820,11.3,0.100372,6.8,0.138400,0.2,28.089000,17.8,COC1=COC(=O)C=N1,,[]
17,1535.122235,16.7,0.113959,16.0,0.138100,0.2,28.930000,24.8,N=C1NCCC(=O)C1=O,,[]
18,798.442427,0.0,0.055704,0.2,0.219100,28.1,15.692000,0.0,O=CNC=O,,[]
18,934.953976,0.1,0.049502,0.1,0.171000,4.2,20.214000,0.6,FC1=NC(=O)NN=N1,,[]
18,957.288921,0.2,0.069073,0.6,0.179500,6.3,19.059000,0.3,N=C1N=CNN=N1,,[]
18,976.175073,0.2,0.054277,0.1,0.206900,17.7,20.031000,0.5,C#CC1=CON=N1,,[]
18,1030.167871,0.5,0.041399,0.0,0.234400,41.7,22.647000,1.4,FC1=NC(=O)N=C(F)O1,,[]
18,1163.994306,0.9,0.065546,0.4,0.145600,0.7,24.558000,3.5,O=CN1N=NC=NC1=O,,[]
18,1189.593555,1.1,0.073428,0.7,0.156100,1.8,22.343000,1.1,FC1=CNC(=O)C=N1,,[]
18,1199.850198,1.3,0.064985,0.3,0.162400,2.8,24.348000,3.0,FC1=CN=C(C=O)N=N1,,[]
18,1251.157882,1.9,0.090714,4.2,0.139900,0.3,27.671000,15.4,NC1=NNC(=C1)N(=O)=O,,[]
18,1295.165749,2.8,0.073640,0.8,0.121600,0.1,30.735000,43.1,NC(=O)C(=O)C(=O)C=O,,[]
18,1320.909953,3.6,0.080353,1.9,0.145900,0.7,22.703000,1.5,O1C=NC2=NC=CC2=N1,,[]
18,1342.710887,4.6,0.102209,8.7,0.093800,0.0,30.012000,35.7,NC(=[NH2+])C1=NOC(=N)[N-]1,,[]
18,1405.946272,7.3,0.077211,1.3,0.139200,0.3,26.783000,9.9,O=C1CC=C(C#N)C1=O,,[]
18,1458.449989,10.2,0.092986,4.9,0.142600,0.5,24.373000,3.1,O=C1C=CC2=C1C=NN2,,[]
18,1467.784820,11.3,0.100372,6.9,0.138400,0.2,28.089000,18.0,COC1=COC(=O)C=N1,,[]
18,1535.122235,16.6,0.113959,16.0,0.138100,0.2,28.930000,25.0,N=C1NCCC(=O)C1=O,,[]
19,798.442427,0.0,0.055704,0.2,0.219100,28.0,15.692000,0.0,O=CNC=O,,[]
19,934.953976,0.1,0.049502,0.1,0.171000,4.2,20.214000,0.5,FC1=NC(=O)NN=N1,,[]
19,957.288921,0.2,0.069073,0.5,0.179500,6.3,19.059000,0.3,N=C1N=CNN=N1,,[]
19,976.175073,0.2,0.054277,0.1,0.206900,17.7,20.031000,0.5,C#CC1=CON=N1,,[]
19,1030.167871,0.4,0.041399,0.0,0.234400,41.5,22.647000,1.4,FC1=NC(=O)N=C(F)O1,,[]
19,1163.994306,0.9,0.065546,0.4,0.145600,0.6,24.558000,3.5,O=CN1N=NC=NC1=O,,[]
19,1189.593555,1.1,0.073428,0.7,0.156100,1.8,22.343000,1.1,FC1=CNC(=O)C=N1,,[]
19,1199.850198,1.2,0.064985,0.3,0.162400,2.8,24.348000,2.9,FC1=CN=C(C=O)N=N1,,[]
19,1251.157882,1.8,0.090714,4.3,0.139900,0.3,27.671000,15.6,NC1=NNC(=C1)N(=O)=O,,[]
19,1295.165749,2.7,0.073640,0.8,0.121600,0.1,30.735000,42.9,NC(=O)C(=O)C(=O)C=O,,[]
19,1320.909953,3.5,0.080353,1.9,0.145900,0.7,22.703000,1.5,O1C=NC2=NC=CC2=N1,,[]
19,1342.710887,4.5,0.102209,8.8,0.093800,0.0,30.012000,35.6,NC(=[NH2+])C1=NOC(=N)[N-]1,,[]
19,1405.946272,7.3,0.077211,1.4,0.139200,0.3,26.783000,9.9,O=C1CC=C(C#N)C1=O,,[]
19,1458.449989,10.3,0.092986,5.0,0.142600,0.4,24.373000,3.0,O=C1C=CC2=C1C=NN2,,[]
19,1467.784820,11.4,0.100372,6.9,0.138400,0.2,28.089000,18.2,COC1=COC(=O)C=N1,,[]
19,1535.122235,16.5,0.113959,15.9,0.138100,0.2,28.930000,25.0,N=C1NCCC(=O)C1=O,,[]
20,798.442427,0.0,0.055704,0.2,0.219100,28.3,15.692000,0.0,O=CNC=O,,[]
20,934.953976,0.2,0.049502,0.1,0.171000,4.1,20.214000,0.6,FC1=NC(=O)NN=N1,,[]
20,957.288921,0.2,0.069073,0.6,0.179500,6.1,19.059000,0.3,N=C1N=CNN=N1,,[]
20,976.175073,0.3,0.054277,0.1,0.206900,17.7,20.031000,0.5,C#CC1=CON=N1,,[]
20,1030.167871,0.5,0.041399,0.0,0.234400,41.7,22.647000,1.4,FC1=NC(=O)N=C(F)O1,,[]
20,1163.994306,0.9,0.065546,0.4,0.145600,0.6,24.558000,3.5,O=CN1N=NC=NC1=O,,[]
20,1189.593555,1.1,0.073428,0.7,0.156100,1.7,22.343000,1.2,FC1=CNC(=O)C=N1,,[]
20,1199.850198,1.2,0.064985,0.4,0.162400,2.7,24.348000,2.9,FC1=CN=C(C=O)N=N1,,[]
20,1251.157882,1.8,0.090714,4.2,0.139900,0.3,27.671000,16.0,NC1=NNC(=C1)N(=O)=O,,[]
20,1295.165749,2.7,0.073640,0.8,0.121600,0.1,30.735000,43.0,NC(=O)C(=O)C(=O)C=O,,[]
20,1320.909953,3.6,0.080353,1.9,0.145900,0.7,22.703000,1.5,O1C=NC2=NC=CC2=N1,,[]
20,1342.710887,4.6,0.102209,8.7,0.093800,0.0,30.012000,35.8,NC(=[NH2+])C1=NOC(=N)[N-]1,,[]
20,1405.946272,7.5,0.077211,1.4,0.139200,0.3,26.783000,10.5,O=C1CC=C(C#N)C1=O,,[]
20,1458.449989,10.6,0.092986,4.9,0.142600,0.4,24.373000,3.0,O=C1C=CC2=C1C=NN2,,[]
20,1467.784820,11.6,0.100372,6.9,0.138400,0.2,28.089000,18.7,COC1=COC(=O)C=N1,,[]
20,1535.122235,17.1,0.113959,16.2,0.138100,0.2,28.930000,25.3,N=C1NCCC(=O)C1=O,,[]
21,798.442427,0.0,0.055704,0.1,0.219100,28.3,15.692000,0.0,O=CNC=O,,[]
21,934.953976,0.1,0.049502,0.0,0.171000,4.0,20.214000,0.5,FC1=NC(=O)NN=N1,,[]
21,957.288921,0.2,0.069073,0.6,0.179500,6.3,19.059000,0.3,N=C1N=CNN=N1,,[]
21,976.175073,0.2,0.054277,0.1,0.206900,17.8,20.031000,0.5,C#CC1=CON=N1,,[]
21,1030.167871,0.4,0.041399,0.0,0.234400,41.9,22.647000,1.5,FC1=NC(=O)N=C(F)O1,,[]
21,1163.994306,0.9,0.065546,0.4,0.145600,0.6,24.558000,3.5,O=CN1N=NC=NC1=O,,[]
21,1189.593555,1.2,0.073428,0.7,0.156100,1.7,22.343000,1.2,FC1=CNC(=O)C=N1,,[]
21,1199.850198,1.3,0.064985,0.4,0.162400,2.7,24.348000,2.9,FC1=CN=C(C=O)N=N1,,[]
21,1251.157882,1.8,0.090714,4.2,0.139900,0.3,27.671000,15.9,NC1=NNC(=C1)N(=O)=O,,[]
21,1295.165749,2.7,0.073640,0.8,0.121600,0.1,30.735000,43.2,NC(=O)C(=O)C(=O)C=O,,[]
21,1320.909953,3.6,0.080353,2.0,0.145900,0.7,22.703000,1.5,O1C=NC2=NC=CC2=N1,,[]
21,1342.710887,4.6,0.102209,8.7,0.093800,0.0,30.012000,35.8,NC(=[NH2+])C1=NOC(=N)[N-]1,,[]
21,1405.946272,7.5,0.077211,1.4,0.139200,0.3,26.783000,10.3,O=C1CC=C(C#N)C1=O,,[]
21,1458.449989,10.5,0.092986,4.9,0.142600,0.4,24.373000,3.0,O=C1C=CC2=C1C=NN2,,[]
21,1467.784820,11.5,0.100372,6.9,0.138400,0.2,28.089000,18.5,COC1=COC(=O)C=N1,,[]
21,1535.122235,17.1,0.113959,16.2,0.138100,0.2,28.930000,25.3,N=C1NCCC(=O)C1=O,,[]
21,1646.727305,31.5,0.136508,37.4,0.120100,0.0,27.664000,15.9,CC12C3C1N1CC3N=C21,,[]
22,798.442427,0.0,0.055704,0.2,0.219100,28.7,15.692000,0.0,O=CNC=O,,[]
22,807.956098,0.0,0.033974,0.0,0.158400,2.2,21.297000,0.8,FC1=NON=NC1=O,,[]
22,934.953976,0.2,0.049502,0.1,0.171000,4.3,20.214000,0.5,FC1=NC(=O)NN=N1,,[]
22,957.288921,0.2,0.069073,0.7,0.179500,6.8,19.059000,0.3,N=C1N=CNN=N1,,[]
22,976.175073,0.3,0.054277,0.1,0.206900,18.3,20.031000,0.5,C#CC1=CON=N1,,[]
22,1163.994306,1.0,0.065546,0.5,0.145600,0.7,24.558000,3.5,O=CN1N=NC=NC1=O,,[]
22,1189.593555,1.2,0.073428,0.8,0.156100,1.8,22.343000,1.3,FC1=CNC(=O)C=N1,,[]
22,1251.157882,1.9,0.090714,4.2,0.139900,0.3,27.671000,16.0,NC1=NNC(=C1)N(=O)=O,,[]
22,1286.219347,2.5,0.096208,5.3,0.145300,0.6,26.477000,9.2,ON=C1C=CNC1=N,,[]
22,1295.165749,2.8,0.073640,0.8,0.121600,0.1,30.735000,43.3,NC(=O)C(=O)C(=O)C=O,,[]
22,1320.909953,3.7,0.080353,2.0,0.145900,0.7,22.703000,1.5,O1C=NC2=NC=CC2=N1,,[]
22,1342.710887,4.7,0.102209,8.7,0.093800,0.0,30.012000,35.7,NC(=[NH2+])C1=NOC(=N)[N-]1,,[]
22,1405.946272,7.5,0.077211,1.4,0.139200,0.3,26.783000,10.6,O=C1CC=C(C#N)C1=O,,[]
22,1458.449989,10.6,0.092986,4.9,0.142600,0.4,24.373000,3.0,O=C1C=CC2=C1C=NN2,,[]
22,1467.784820,11.6,0.100372,6.9,0.138400,0.2,28.089000,18.6,COC1=COC(=O)C=N1,,[]
22,1535.122235,17.2,0.113959,16.2,0.138100,0.2,28.930000,25.4,N=C1NCCC(=O)C1=O,,[]
22,1646.727305,31.6,0.136508,37.3,0.120100,0.0,27.664000,15.9,CC12C3C1N1CC3N=C21,,[]
23,798.442427,0.0,0.055704,0.2,0.219100,28.9,15.692000,0.0,O=CNC=O,,[]
23,807.956098,0.0,0.033974,0.0,0.158400,2.1,21.297000,0.9,FC1=NON=NC1=O,,[]
23,934.953976,0.2,0.049502,0.1,0.171000,4.3,20.214000,0.5,FC1=NC(=O)NN=N1,,[]
23,957.288921,0.2,0.069073,0.8,0.179500,6.8,19.059000,0.3,N=C1N=CNN=N1,,[]
23,976.175073,0.3,0.054277,0.1,0.206900,18.4,20.031000,0.5,C#CC1=CON=N1,,[]
23,1163.994306,1.2,0.065546,0.6,0.145600,0.7,24.558000,3.6,O=CN1N=NC=NC1=O,,[]
23,1189.593555,1.5,0.073428,0.9,0.156100,1.8,22.343000,1.3,FC1=CNC(=O)C=N1,,[]
23,1251.157882,2.1,0.090714,4.5,0.139900,0.3,27.671000,16.0,NC1=NNC(=C1)N(=O)=O,,[]
23,1286.219347,2.7,0.096208,5.6,0.145300,0.6,26.477000,9.3,ON=C1C=CNC1=N,,[]
23,1295.165749,3.1,0.073640,1.0,0.121600,0.1,30.735000,43.3,NC(=O)C(=O)C(=O)C=O,,[]
23,1320.909953,3.9,0.080353,2.2,0.145900,0.8,22.703000,1.6,O1C=NC2=NC=CC2=N1,,[]
23,1342.710887,4.9,0.102209,9.1,0.093800,0.0,30.012000,35.8,NC(=[NH2+])C1=NOC(=N)[N-]1,,[]
23,1405.946272,7.8,0.077211,1.6,0.139200,0.3,26.783000,10.7,O=C1CC=C(C#N)C1=O,,[]
23,1458.449989,10.9,0.092986,5.2,0.142600,0.4,24.373000,3.1,O=C1C=CC2=C1C=NN2,,[]
23,1467.784820,11.9,0.100372,7.3,0.138400,0.2,28.089000,18.8,COC1=COC(=O)C=N1,,[]
23,1535.122235,17.4,0.113959,16.7,0.138100,0.2,28.930000,25.5,N=C1NCCC(=O)C1=O,,[]
23,1646.727305,32.0,0.136508,37.5,0.120100,0.0,27.664000,16.0,CC12C3C1N1CC3N=C21,,[]
24,798.442427,0.0,0.055704,0.2,0.219100,28.7,15.692000,0.0,O=CNC=O,,[]
24,807.956098,0.0,0.033974,0.0,0.158400,2.0,21.297000,0.9,FC1=NON=NC1=O,,[]
24,934.953976,0.2,0.049502,0.1,0.171000,4.2,20.214000,0.6,FC1=NC(=O)NN=N1,,[]
24,957.288921,0.2,0.069073,0.7,0.179500,6.6,19.059000,0.3,N=C1N=CNN=N1,,[]
24,976.175073,0.3,0.054277,0.1,0.206900,18.1,20.031000,0.5,C#CC1=CON=N1,,[]
24,1163.994306,1.2,0.065546,0.6,0.145600,0.7,24.558000,3.7,O=CN1N=NC=NC1=O,,[]
24,1189.593555,1.4,0.073428,0.9,0.156100,1.7,22.343000,1.4,FC1=CNC(=O)C=N1,,[]
24,1251.157882,2.1,0.090714,4.5,0.139900,0.3,27.671000,15.9,NC1=NNC(=C1)N(=O)=O,,[]
24,1286.219347,2.7,0.096208,5.5,0.145300,0.6,26.477000,9.3,ON=C1C=CNC1=N,,[]
24,1295.165749,3.1,0.073640,0.9,0.121600,0.1,30.735000,42.7,NC(=O)C(=O)C(=O)C=O,,[]
24,1320.909953,3.9,0.080353,2.2,0.145900,0.7,22.703000,1.7,O1C=NC2=NC=CC2=N1,,[]
24,1342.710887,4.9,0.102209,8.9,0.093800,0.0,30.012000,35.4,NC(=[NH2+])C1=NOC(=N)[N-]1,,[]
24,1405.946272,7.7,0.077211,1.6,0.139200,0.3,26.783000,10.7,O=C1CC=C(C#N)C1=O,,[]
24,1458.449989,10.7,0.092986,5.1,0.142600,0.4,24.373000,3.2,O=C1C=CC2=C1C=NN2,,[]
24,1467.784820,11.7,0.100372,7.2,0.138400,0.2,28.089000,18.6,COC1=COC(=O)C=N1,,[]
24,1535.122235,17.2,0.113959,16.4,0.138100,0.2,28.930000,25.1,N=C1NCCC(=O)C1=O,,[]
24,1646.727305,31.5,0.136508,37.1,0.120100,0.0,27.664000,15.8,CC12C3C1N1CC3N=C21,,[]
25,798.442427,0.0,0.055704,0.2,0.219100,28.7,15.692000,0.0,O=CNC=O,,[]
25,807.956098,0.0,0.033974,0.0,0.158400,2.0,21.297000,0.9,FC1=NON=NC1=O,,[]
25,934.953976,0.2,0.049502,0.1,0.171000,4.4,20.214000,0.5,FC1=NC(=O)NN=N1,,[]
25,957.288921,0.2,0.069073,0.7,0.179500,6.9,19.059000,0.3,N=C1N=CNN=N1,,[]
25,976.175073,0.3,0.054277,0.1,0.206900,18.3,20.031000,0.5,C#CC1=CON=N1,,[]
25,1163.994306,1.2,0.065546,0.6,0.145600,0.7,24.558000,3.8,O=CN1N=NC=NC1=O,,[]
25,1189.593555,1.4,0.073428,0.9,0.156100,1.7,22.343000,1.4,FC1=CNC(=O)C=N1,,[]
25,1251.157882,2.1,0.090714,4.6,0.139900,0.3,27.671000,15.8,NC1=NNC(=C1)N(=O)=O,,[]
25,1286.219347,2.7,0.096208,5.7,0.145300,0.6,26.477000,9.3,ON=C1C=CNC1=N,,[]
25,1295.165749,3.1,0.073640,1.0,0.121600,0.1,30.735000,42.8,NC(=O)C(=O)C(=O)C=O,,[]
25,1320.909953,4.0,0.080353,2.3,0.145900,0.7,22.703000,1.7,O1C=NC2=NC=CC2=N1,,[]
25,1342.710887,4.9,0.102209,9.0,0.093800,0.0,30.012000,35.5,NC(=[NH2+])C1=NOC(=N)[N-]1,,[]
25,1405.946272,7.7,0.077211,1.7,0.139200,0.2,26.783000,10.7,O=C1CC=C(C#N)C1=O,,[]
25,1458.449989,10.8,0.092986,5.2,0.142600,0.4,24.373000,3.3,O=C1C=CC2=C1C=NN2,,[]
25,1467.784820,11.8,0.100372,7.3,0.138400,0.2,28.089000,18.4,COC1=COC(=O)C=N1,,[]
25,1535.122235,17.3,0.113959,16.6,0.138100,0.2,28.930000,25.3,N=C1NCCC(=O)C1=O,,[]
25,1646.727305,31.7,0.136508,37.2,0.120100,0.0,27.664000,15.8,CC12C3C1N1CC3N=C21,,[]
26,798.442427,0.0,0.055704,0.2,0.219100,28.6,15.692000,0.0,O=CNC=O,,[]
26,807.956098,0.0,0.033974,0.0,0.158400,2.0,21.297000,0.9,FC1=NON=NC1=O,,[]
26,934.953976,0.2,0.049502,0.1,0.171000,4.4,20.214000,0.5,FC1=NC(=O)NN=N1,,[]
26,957.288921,0.2,0.069073,0.7,0.179500,6.9,19.059000,0.3,N=C1N=CNN=N1,,[]
26,976.175073,0.3,0.054277,0.1,0.206900,18.2,20.031000,0.5,C#CC1=CON=N1,,[]
26,1163.994306,1.2,0.065546,0.5,0.145600,0.7,24.558000,3.6,O=CN1N=NC=NC1=O,,[]
26,1189.593555,1.4,0.073428,0.9,0.156100,1.7,22.343000,1.3,FC1=CNC(=O)C=N1,,[]
26,1251.157882,2.0,0.090714,4.5,0.139900,0.3,27.671000,15.7,NC1=NNC(=C1)N(=O)=O,,[]
26,1286.219347,2.6,0.096208,5.6,0.145300,0.6,26.477000,9.2,ON=C1C=CNC1=N,,[]
26,1295.165749,3.1,0.073640,0.9,0.121600,0.1,30.735000,42.7,NC(=O)C(=O)C(=O)C=O,,[]
26,1320.909953,3.8,0.080353,2.3,0.145900,0.7,22.703000,1.7,O1C=NC2=NC=CC2=N1,,[]
26,1342.710887,4.8,0.102209,8.8,0.093800,0.0,30.012000,35.5,NC(=[NH2+])C1=NOC(=N)[N-]1,,[]
26,1405.946272,7.5,0.077211,1.7,0.139200,0.3,26.783000,10.6,O=C1CC=C(C#N)C1=O,,[]
26,1458.449989,10.6,0.092986,5.1,0.142600,0.4,24.373000,3.2,O=C1C=CC2=C1C=NN2,,[]
26,1467.784820,11.6,0.100372,7.1,0.138400,0.2,28.089000,18.3,COC1=COC(=O)C=N1,,[]
26,1535.122235,17.2,0.113959,16.4,0.138100,0.2,28.930000,25.2,N=C1NCCC(=O)C1=O,,[]
26,1646.727305,31.7,0.136508,37.3,0.120100,0.0,27.664000,15.7,CC12C3C1N1CC3N=C21,,[]
27,730.411615,0.0,0.050629,0.1,0.203800,15.8,16.477000,0.0,NC1=NON=N1,,[]
27,798.442427,0.0,0.055704,0.2,0.219100,28.4,15.692000,0.0,O=CNC=O,,[]
27,807.956098,0.1,0.033974,0.0,0.158400,1.9,21.297000,0.9,FC1=NON=NC1=O,,[]
27,934.953976,0.2,0.049502,0.1,0.171000,4.3,20.214000,0.5,FC1=NC(=O)NN=N1,,[]
27,957.288921,0.2,0.069073,0.7,0.179500,6.7,19.059000,0.3,N=C1N=CNN=N1,,[]
27,1163.994306,1.2,0.065546,0.6,0.145600,0.6,24.558000,3.6,O=CN1N=NC=NC1=O,,[]
27,1189.593555,1.4,0.073428,0.9,0.156100,1.6,22.343000,1.3,FC1=CNC(=O)C=N1,,[]
27,1251.157882,2.0,0.090714,4.5,0.139900,0.3,27.671000,15.7,NC1=NNC(=C1)N(=O)=O,,[]
27,1286.219347,2.6,0.096208,5.5,0.145300,0.6,26.477000,9.2,ON=C1C=CNC1=N,,[]
27,1295.165749,3.0,0.073640,0.9,0.121600,0.1,30.735000,42.2,NC(=O)C(=O)C(=O)C=O,,[]
27,1320.909953,3.7,0.080353,2.3,0.145900,0.7,22.703000,1.7,O1C=NC2=NC=CC2=N1,,[]
27,1342.710887,4.6,0.102209,8.6,0.093800,0.0,30.012000,35.1,NC(=[NH2+])C1=NOC(=N)[N-]1,,[]
27,1405.946272,7.4,0.077211,1.7,0.139200,0.3,26.783000,10.6,O=C1CC=C(C#N)C1=O,,[]
27,1458.449989,10.5,0.092986,5.0,0.142600,0.4,24.373000,3.2,O=C1C=CC2=C1C=NN2,,[]
27,1467.784820,11.5,0.100372,6.9,0.138400,0.2,28.089000,18.2,COC1=COC(=O)C=N1,,[]
27,1535.122235,17.1,0.113959,16.1,0.138100,0.2,28.930000,24.9,N=C1NCCC(=O)C1=O,,[]
27,1646.727305,31.4,0.136508,37.1,0.120100,0.0,27.664000,15.6,CC12C3C1N1CC3N=C21,,[]
28,718.337705,0.0,0.041434,0.1,0.164100,2.9,18.939000,0.3,N=C1N=NON=N1,,[]
28,730.411615,0.0,0.050629,0.1,0.203800,15.7,16.477000,0.0,NC1=NON=N1,,[]
28,798.442427,0.1,0.055704,0.2,0.219100,28.1,15.692000,0.0,O=CNC=O,,[]
28,807.956098,0.1,0.033974,0.0,0.158400,1.9,21.297000,0.9,FC1=NON=NC1=O,,[]
28,1163.994306,1.2,0.065546,0.6,0.145600,0.6,24.558000,3.5,O=CN1N=NC=NC1=O,,[]
28,1189.593555,1.3,0.073428,0.9,0.156100,1.6,22.343000,1.3,FC1=CNC(=O)C=N1,,[]
28,1251.157882,2.0,0.090714,4.5,0.139900,0.3,27.671000,15.6,NC1=NNC(=C1)N(=O)=O,,[]
28,1286.219347,2.5,0.096208,5.5,0.145300,0.5,26.477000,9.1,ON=C1C=CNC1=N,,[]
28,1295.165749,2.9,0.073640,0.9,0.121600,0.1,30.735000,42.4,NC(=O)C(=O)C(=O)C=O,,[]
28,1320.909953,3.6,0.080353,2.3,0.145900,0.7,22.703000,1.6,O1C=NC2=NC=CC2=N1,,[]
28,1342.710887,4.6,0.102209,8.5,0.093800,0.0,30.012000,35.1,NC(=[NH2+])C1=NOC(=N)[N-]1,,[]
28,1405.946272,7.2,0.077211,1.6,0.139200,0.3,26.783000,10.6,O=C1CC=C(C#N)C1=O,,[]
28,1458.449989,10.4,0.092986,5.0,0.142600,0.4,24.373000,3.1,O=C1C=CC2=C1C=NN2,,[]
28,1467.784820,11.5,0.100372,6.9,0.138400,0.2,28.089000,18.1,COC1=COC(=O)C=N1,,[]
28,1535.122235,17.2,0.113959,16.0,0.138100,0.2,28.930000,24.8,N=C1NCCC(=O)C1=O,,[]
28,1646.727305,31.6,0.136508,37.1,0.120100,0.0,27.664000,15.6,CC12C3C1N1CC3N=C21,,[]
29,718.337705,0.0,0.041434,0.1,0.164100,2.9,18.939000,0.3,N=C1N=NON=N1,,[]
29,730.411615,0.0,0.050629,0.1,0.203800,15.8,16.477000,0.0,NC1=NON=N1,,[]
29,798.442427,0.1,0.055704,0.2,0.219100,28.3,15.692000,0.0,O=CNC=O,,[]
29,807.956098,0.1,0.033974,0.0,0.158400,1.9,21.297000,0.9,FC1=NON=NC1=O,,[]
29,1163.994306,1.1,0.065546,0.6,0.145600,0.7,24.558000,3.5,O=CN1N=NC=NC1=O,,[]
29,1189.593555,1.3,0.073428,0.9,0.156100,1.6,22.343000,1.3,FC1=CNC(=O)C=N1,,[]
29,1251.157882,2.0,0.090714,4.6,0.139900,0.3,27.671000,15.6,NC1=NNC(=C1)N(=O)=O,,[]
29,1286.219347,2.6,0.096208,5.6,0.145300,0.6,26.477000,9.1,ON=C1C=CNC1=N,,[]
29,1295.165749,3.1,0.073640,0.9,0.121600,0.1,30.735000,42.4,NC(=O)C(=O)C(=O)C=O,,[]
29,1320.909953,3.8,0.080353,2.2,0.145900,0.7,22.703000,1.7,O1C=NC2=NC=CC2=N1,,[]
29,1342.710887,4.7,0.102209,8.6,0.093800,0.0,30.012000,35.1,NC(=[NH2+])C1=NOC(=N)[N-]1,,[]
29,1372.848912,6.0,0.090519,4.5,0.135300,0.2,27.719000,16.0,N=C1NN=CC(=N1)C#C,,[]
29,1405.946272,7.4,0.077211,1.6,0.139200,0.3,26.783000,10.7,O=C1CC=C(C#N)C1=O,,[]
29,1458.449989,10.5,0.092986,5.1,0.142600,0.4,24.373000,3.1,O=C1C=CC2=C1C=NN2,,[]
29,1646.727305,31.4,0.136508,36.8,0.120100,0.0,27.664000,15.5,CC12C3C1N1CC3N=C21,,[]
30,718.337705,0.0,0.041434,0.1,0.164100,2.8,18.939000,0.3,N=C1N=NON=N1,,[]
30,730.411615,0.0,0.050629,0.1,0.203800,15.7,16.477000,0.0,NC1=NON=N1,,[]
30,798.442427,0.1,0.055704,0.2,0.219100,28.3,15.692000,0.0,O=CNC=O,,[]
30,807.956098,0.1,0.033974,0.0,0.158400,1.8,21.297000,0.9,FC1=NON=NC1=O,,[]
30,1163.994306,1.1,0.065546,0.6,0.145600,0.6,24.558000,3.6,O=CN1N=NC=NC1=O,,[]
30,1189.593555,1.3,0.073428,0.9,0.156100,1.6,22.343000,1.3,FC1=CNC(=O)C=N1,,[]
30,1251.157882,1.9,0.090714,4.6,0.139900,0.3,27.671000,15.5,NC1=NNC(=C1)N(=O)=O,,[]
30,1286.219347,2.7,0.096208,5.6,0.145300,0.6,26.477000,9.1,ON=C1C=CNC1=N,,[]
30,1295.165749,3.1,0.073640,0.9,0.121600,0.1,30.735000,42.3,NC(=O)C(=O)C(=O)C=O,,[]
30,1320.909953,3.8,0.080353,2.2,0.145900,0.7,22.703000,1.7,O1C=NC2=NC=CC2=N1,,[]
30,1342.710887,4.8,0.102209,8.6,0.093800,0.0,30.012000,35.2,NC(=[NH2+])C1=NOC(=N)[N-]1,,[]
30,1372.848912,6.1,0.090519,4.5,0.135300,0.2,27.719000,15.9,N=C1NN=CC(=N1)C#C,,[]
30,1405.946272,7.5,0.077211,1.6,0.139200,0.3,26.783000,10.6,O=C1CC=C(C#N)C1=O,,[]
30,1458.449989,10.5,0.092986,5.1,0.142600,0.4,24.373000,3.2,O=C1C=CC2=C1C=NN2,,[]
30,1646.727305,31.4,0.136508,36.8,0.120100,0.0,27.664000,15.5,CC12C3C1N1CC3N=C21,,[]
31,718.337705,0.0,0.041434,0.1,0.164100,2.9,18.939000,0.3,N=C1N=NON=N1,,[]
31,730.411615,0.0,0.050629,0.1,0.203800,15.7,16.477000,0.0,NC1=NON=N1,,[]
31,798.442427,0.1,0.055704,0.2,0.219100,28.1,15.692000,0.0,O=CNC=O,,[]
31,807.956098,0.1,0.033974,0.0,0.158400,1.9,21.297000,0.9,FC1=NON=NC1=O,,[]
31,1163.994306,1.1,0.065546,0.6,0.145600,0.7,24.558000,3.7,O=CN1N=NC=NC1=O,,[]
31,1189.593555,1.3,0.073428,0.9,0.156100,1.6,22.343000,1.3,FC1=CNC(=O)C=N1,,[]
31,1251.157882,1.9,0.090714,4.6,0.139900,0.3,27.671000,15.5,NC1=NNC(=C1)N(=O)=O,,[]
31,1286.219347,2.7,0.096208,5.5,0.145300,0.6,26.477000,9.1,ON=C1C=CNC1=N,,[]
31,1295.165749,3.1,0.073640,0.9,0.121600,0.1,30.735000,42.1,NC(=O)C(=O)C(=O)C=O,,[]
31,1320.909953,3.8,0.080353,2.2,0.145900,0.7,22.703000,1.7,O1C=NC2=NC=CC2=N1,,[]
31,1342.710887,4.7,0.102209,8.5,0.093800,0.0,30.012000,35.0,NC(=[NH2+])C1=NOC(=N)[N-]1,,[]
31,1372.848912,6.1,0.090519,4.5,0.135300,0.2,27.719000,15.8,N=C1NN=CC(=N1)C#C,,[]
31,1405.946272,7.5,0.077211,1.6,0.139200,0.3,26.783000,10.6,O=C1CC=C(C#N)C1=O,,[]
31,1458.449989,10.4,0.092986,5.1,0.142600,0.4,24.373000,3.2,O=C1C=CC2=C1C=NN2,,[]
31,1646.727305,31.1,0.136508,36.5,0.120100,0.0,27.664000,15.4,CC12C3C1N1CC3N=C21,,[]
32,718.337705,0.0,0.041434,0.1,0.164100,2.9,18.939000,0.3,N=C1N=NON=N1,,[]
32,730.411615,0.0,0.050629,0.2,0.203800,15.9,16.477000,0.0,NC1=NON=N1,,[]
32,752.023669,0.1,0.031734,0.0,0.229500,37.8,16.954000,0.1,N#CC1=NON=N1,,[]
32,798.442427,0.1,0.055704,0.3,0.219100,28.3,15.692000,0.0,O=CNC=O,,[]
32,807.956098,0.1,0.033974,0.0,0.158400,1.9,21.297000,0.9,FC1=NON=NC1=O,,[]
32,1163.994306,1.1,0.065546,0.6,0.145600,0.6,24.558000,3.7,O=CN1N=NC=NC1=O,,[]
32,1189.593555,1.3,0.073428,0.9,0.156100,1.6,22.343000,1.4,FC1=CNC(=O)C=N1,,[]
32,1251.157882,1.9,0.090714,4.6,0.139900,0.3,27.671000,15.5,NC1=NNC(=C1)N(=O)=O,,[]
32,1286.219347,2.7,0.096208,5.6,0.145300,0.6,26.477000,9.1,ON=C1C=CNC1=N,,[]
32,1295.165749,3.1,0.073640,0.9,0.121600,0.1,30.735000,42.3,NC(=O)C(=O)C(=O)C=O,,[]
32,1320.909953,3.8,0.080353,2.2,0.145900,0.7,22.703000,1.7,O1C=NC2=NC=CC2=N1,,[]
32,1342.710887,4.8,0.102209,8.6,0.093800,0.0,30.012000,35.1,NC(=[NH2+])C1=NOC(=N)[N-]1,,[]
32,1372.848912,6.1,0.090519,4.5,0.135300,0.2,27.719000,15.9,N=C1NN=CC(=N1)C#C,,[]
32,1405.946272,7.5,0.077211,1.6,0.139200,0.3,26.783000,10.5,O=C1CC=C(C#N)C1=O,,[]
32,1458.449989,10.4,0.092986,5.2,0.142600,0.3,24.373000,3.3,O=C1C=CC2=C1C=NN2,,[]
32,1646.727305,31.2,0.136508,36.6,0.120100,0.0,27.664000,15.5,CC12C3C1N1CC3N=C21,,[]
33,718.337705,0.0,0.041434,0.1,0.164100,2.8,18.939000,0.3,N=C1N=NON=N1,,[]
33,730.411615,0.0,0.050629,0.2,0.203800,15.8,16.477000,0.0,NC1=NON=N1,,[]
33,752.023669,0.1,0.031734,0.0,0.229500,37.7,16.954000,0.1,N#CC1=NON=N1,,[]
33,798.442427,0.1,0.055704,0.2,0.219100,28.3,15.692000,0.0,O=CNC=O,,[]
33,807.956098,0.1,0.033974,0.0,0.158400,1.9,21.297000,0.9,FC1=NON=NC1=O,,[]
33,1163.994306,1.0,0.065546,0.6,0.145600,0.6,24.558000,3.8,O=CN1N=NC=NC1=O,,[]
33,1189.593555,1.3,0.073428,0.8,0.156100,1.6,22.343000,1.4,FC1=CNC(=O)C=N1,,[]
33,1251.157882,1.9,0.090714,4.5,0.139900,0.3,27.671000,15.5,NC1=NNC(=C1)N(=O)=O,,[]
33,1286.219347,2.7,0.096208,5.5,0.145300,0.6,26.477000,9.2,ON=C1C=CNC1=N,,[]
33,1295.165749,3.1,0.073640,0.9,0.121600,0.1,30.735000,42.3,NC(=O)C(=O)C(=O)C=O,,[]
33,1320.909953,3.7,0.080353,2.1,0.145900,0.7,22.703000,1.7,O1C=NC2=NC=CC2=N1,,[]
33,1342.710887,4.7,0.102209,8.6,0.093800,0.0,30.012000,35.1,NC(=[NH2+])C1=NOC(=N)[N-]1,,[]
33,1372.848912,6.1,0.090519,4.4,0.135300,0.2,27.719000,15.9,N=C1NN=CC(=N1)C#C,,[]
33,1405.946272,7.4,0.077211,1.5,0.139200,0.2,26.783000,10.6,O=C1CC=C(C#N)C1=O,,[]
33,1458.449989,10.5,0.092986,5.1,0.142600,0.3,24.373000,3.4,O=C1C=CC2=C1C=NN2,,[]
33,1646.727305,31.1,0.136508,36.5,0.120100,0.0,27.664000,15.5,CC12C3C1N1CC3N=C21,,[]
34,718.337705,0.0,0.041434,0.1,0.164100,2.9,18.939000,0.3,N=C1N=NON=N1,,[]
34,730.411615,0.0,0.050629,0.1,0.203800,16.0,16.477000,0.0,NC1=NON=N1,,[]
34,752.023669,0.1,0.031734,0.0,0.229500,37.8,16.954000,0.1,N#CC1=NON=N1,,[]
34,798.442427,0.1,0.055704,0.2,0.219100,28.4,15.692000,0.0,O=CNC=O,,[]
34,807.956098,0.1,0.033974,0.0,0.158400,1.9,21.297000,0.9,FC1=NON=NC1=O,,[]
34,1163.994306,1.0,0.065546,0.6,0.145600,0.7,24.558000,3.9,O=CN1N=NC=NC1=O,,[]
34,1189.593555,1.3,0.073428,0.9,0.156100,1.6,22.343000,1.4,FC1=CNC(=O)C=N1,,[]
34,1251.157882,1.9,0.090714,4.6,0.139900,0.3,27.671000,15.5,NC1=NNC(=C1)N(=O)=O,,[]
34,1286.219347,2.7,0.096208,5.6,0.145300,0.6,26.477000,9.2,ON=C1C=CNC1=N,,[]
34,1295.165749,3.1,0.073640,1.0,0.121600,0.1,30.735000,42.3,NC(=O)C(=O)C(=O)C=O,,[]
34,1320.909953,3.8,0.080353,2.2,0.145900,0.7,22.703000,1.7,O1C=NC2=NC=CC2=N1,,[]
34,1342.710887,4.8,0.102209,8.7,0.093800,0.0,30.012000,35.2,NC(=[NH2+])C1=NOC(=N)[N-]1,,[]
34,1372.848912,6.1,0.090519,4.5,0.135300,0.1,27.719000,15.9,N=C1NN=CC(=N1)C#C,,[]
34,1405.946272,7.5,0.077211,1.6,0.139200,0.2,26.783000,10.7,O=C1CC=C(C#N)C1=O,,[]
34,1437.886504,9.2,0.092302,5.0,0.145500,0.6,23.467000,2.3,O1C=CC2=CC=NC2=N1,,[]
34,1458.449989,10.4,0.092986,5.2,0.142600,0.4,24.373000,3.4,O=C1C=CC2=C1C=NN2,,[]
34,1646.727305,31.2,0.136508,36.5,0.120100,0.0,27.664000,15.5,CC12C3C1N1CC3N=C21,,[]
35,718.337705,0.0,0.041434,0.1,0.164100,2.9,18.939000,0.3,N=C1N=NON=N1,,[]
35,730.411615,0.0,0.050629,0.1,0.203800,16.0,16.477000,0.1,NC1=NON=N1,,[]
35,752.023669,0.1,0.031734,0.0,0.229500,37.7,16.954000,0.1,N#CC1=NON=N1,,[]
35,798.442427,0.1,0.055704,0.3,0.219100,28.4,15.692000,0.0,O=CNC=O,,[]
35,807.956098,0.1,0.033974,0.0,0.158400,1.9,21.297000,0.9,FC1=NON=NC1=O,,[]
35,811.319549,0.1,0.051400,0.2,0.246900,48.0,15.356000,0.0,OC1=NOC=N1,,[]
35,1163.994306,1.1,0.065546,0.6,0.145600,0.6,24.558000,3.9,O=CN1N=NC=NC1=O,,[]
35,1189.593555,1.4,0.073428,0.9,0.156100,1.6,22.343000,1.4,FC1=CNC(=O)C=N1,,[]
35,1251.157882,2.0,0.090714,4.6,0.139900,0.3,27.671000,15.5,NC1=NNC(=C1)N(=O)=O,,[]
35,1286.219347,2.8,0.096208,5.6,0.145300,0.6,26.477000,9.1,ON=C1C=CNC1=N,,[]
35,1295.165749,3.2,0.073640,1.0,0.121600,0.1,30.735000,42.1,NC(=O)C(=O)C(=O)C=O,,[]
35,1320.909953,3.8,0.080353,2.2,0.145900,0.7,22.703000,1.8,O1C=NC2=NC=CC2=N1,,[]
35,1342.710887,4.8,0.102209,8.7,0.093800,0.0,30.012000,35.1,NC(=[NH2+])C1=NOC(=N)[N-]1,,[]
35,1372.848912,6.1,0.090519,4.5,0.135300,0.1,27.719000,15.8,N=C1NN=CC(=N1)C#C,,[]
35,1405.946272,7.4,0.077211,1.7,0.139200,0.2,26.783000,10.6,O=C1CC=C(C#N)C1=O,,[]
35,1437.886504,9.1,0.092302,5.0,0.145500,0.6,23.467000,2.3,O1C=CC2=CC=NC2=N1,,[]
35,1458.449989,10.3,0.092986,5.2,0.142600,0.3,24.373000,3.4,O=C1C=CC2=C1C=NN2,,[]
35,1646.727305,31.1,0.136508,36.4,0.120100,0.0,27.664000,15.4,CC12C3C1N1CC3N=C21,,[]
36,718.337705,0.0,0.041434,0.1,0.164100,2.8,18.939000,0.3,N=C1N=NON=N1,,[]
36,730.411615,0.0,0.050629,0.1,0.203800,16.0,16.477000,0.1,NC1=NON=N1,,[]
36,752.023669,0.1,0.031734,0.0,0.229500,37.8,16.954000,0.1,N#CC1=NON=N1,,[]
36,798.442427,0.1,0.055704,0.3,0.219100,28.5,15.692000,0.0,O=CNC=O,,[]
36,807.956098,0.1,0.033974,0.0,0.158400,1.9,21.297000,0.9,FC1=NON=NC1=O,,[]
36,811.319549,0.1,0.051400,0.2,0.246900,48.0,15.356000,0.0,OC1=NOC=N1,,[]
36,1163.994306,1.2,0.065546,0.6,0.145600,0.6,24.558000,4.0,O=CN1N=NC=NC1=O,,[]
36,1189.593555,1.4,0.073428,1.0,0.156100,1.5,22.343000,1.5,FC1=CNC(=O)C=N1,,[]
36,1251.157882,2.1,0.090714,4.6,0.139900,0.3,27.671000,15.7,NC1=NNC(=C1)N(=O)=O,,[]
36,1286.219347,2.9,0.096208,5.7,0.145300,0.5,26.477000,9.3,ON=C1C=CNC1=N,,[]
36,1295.165749,3.2,0.073640,1.0,0.121600,0.1,30.735000,42.1,NC(=O)C(=O)C(=O)C=O,,[]
36,1320.909953,3.8,0.080353,2.3,0.145900,0.7,22.703000,1.8,O1C=NC2=NC=CC2=N1,,[]
36,1342.710887,4.8,0.102209,8.7,0.093800,0.0,30.012000,35.2,NC(=[NH2+])C1=NOC(=N)[N-]1,,[]
36,1372.848912,6.2,0.090519,4.5,0.135300,0.1,27.719000,16.0,N=C1NN=CC(=N1)C#C,,[]
36,1405.946272,7.5,0.077211,1.7,0.139200,0.2,26.783000,10.8,O=C1CC=C(C#N)C1=O,,[]
36,1437.886504,9.2,0.092302,5.0,0.145500,0.6,23.467000,2.3,O1C=CC2=CC=NC2=N1,,[]
36,1458.449989,10.4,0.092986,5.2,0.142600,0.3,24.373000,3.5,O=C1C=CC2=C1C=NN2,,[]
36,1646.727305,31.0,0.136508,36.3,0.120100,0.0,27.664000,15.6,CC12C3C1N1CC3N=C21,,[]
37,718.337705,0.0,0.041434,0.1,0.164100,2.8,18.939000,0.3,N=C1N=NON=N1,,[]
37,730.411615,0.0,0.050629,0.1,0.203800,15.9,16.477000,0.1,NC1=NON=N1,,[]
37,752.023669,0.1,0.031734,0.0,0.229500,37.6,16.954000,0.1,N#CC1=NON=N1,,[]
37,798.442427,0.1,0.055704,0.2,0.219100,28.3,15.692000,0.0,O=CNC=O,,[]
37,807.956098,0.1,0.033974,0.0,0.158400,1.9,21.297000,0.9,FC1=NON=NC1=O,,[]
37,811.319549,0.1,0.051400,0.2,0.246900,47.9,15.356000,0.0,OC1=NOC=N1,,[]
37,1163.994306,1.2,0.065546,0.6,0.145600,0.6,24.558000,3.9,O=CN1N=NC=NC1=O,,[]
37,1189.593555,1.5,0.073428,1.0,0.156100,1.5,22.343000,1.5,FC1=CNC(=O)C=N1,,[]
37,1251.157882,2.1,0.090714,4.5,0.139900,0.2,27.671000,15.5,NC1=NNC(=C1)N(=O)=O,,[]
37,1286.219347,2.8,0.096208,5.6,0.145300,0.5,26.477000,9.2,ON=C1C=CNC1=N,,[]
37,1295.165749,3.2,0.073640,1.0,0.121600,0.1,30.735000,42.2,NC(=O)C(=O)C(=O)C=O,,[]
37,1320.909953,3.8,0.080353,2.3,0.145900,0.7,22.703000,1.8,O1C=NC2=NC=CC2=N1,,[]
37,1342.710887,4.7,0.102209,8.7,0.093800,0.0,30.012000,35.1,NC(=[NH2+])C1=NOC(=N)[N-]1,,[]
37,1372.848912,6.1,0.090519,4.5,0.135300,0.1,27.719000,15.9,N=C1NN=CC(=N1)C#C,,[]
37,1405.946272,7.4,0.077211,1.7,0.139200,0.2,26.783000,10.7,O=C1CC=C(C#N)C1=O,,[]
37,1437.886504,9.0,0.092302,4.9,0.145500,0.5,23.467000,2.4,O1C=CC2=CC=NC2=N1,,[]
37,1458.449989,10.3,0.092986,5.2,0.142600,0.3,24.373000,3.5,O=C1C=CC2=C1C=NN2,,[]
37,1646.727305,30.8,0.136508,36.2,0.120100,0.0,27.664000,15.5,CC12C3C1N1CC3N=C21,,[]
38,718.337705,0.0,0.041434,0.1,0.164100,2.8,18.939000,0.3,N=C1N=NON=N1,,[]
38,730.411615,0.0,0.050629,0.1,0.203800,15.9,16.477000,0.1,NC1=NON=N1,,[]
38,752.023669,0.1,0.031734,0.0,0.229500,37.6,16.954000,0.1,N#CC1=NON=N1,,[]
38,798.442427,0.1,0.055704,0.2,0.219100,28.3,15.692000,0.0,O=CNC=O,,[]
38,807.956098,0.1,0.033974,0.0,0.158400,1.8,21.297000,0.9,FC1=NON=NC1=O,,[]
38,811.319549,0.1,0.051400,0.2,0.246900,48.0,15.356000,0.0,OC1=NOC=N1,,[]
38,1163.994306,1.1,0.065546,0.6,0.145600,0.6,24.558000,4.0,O=CN1N=NC=NC1=O,,[]
38,1189.593555,1.4,0.073428,1.0,0.156100,1.5,22.343000,1.5,FC1=CNC(=O)C=N1,,[]
38,1196.291591,1.5,0.069142,0.8,0.155500,1.5,21.003000,0.8,O1N=C2N=CC=NC2=N1,,[]
38,1251.157882,2.1,0.090714,4.5,0.139900,0.2,27.671000,15.6,NC1=NNC(=C1)N(=O)=O,,[]
38,1286.219347,2.8,0.096208,5.5,0.145300,0.5,26.477000,9.3,ON=C1C=CNC1=N,,[]
38,1295.165749,3.2,0.073640,1.0,0.121600,0.1,30.735000,42.2,NC(=O)C(=O)C(=O)C=O,,[]
38,1320.909953,3.8,0.080353,2.3,0.145900,0.6,22.703000,1.8,O1C=NC2=NC=CC2=N1,,[]
38,1342.710887,4.7,0.102209,8.6,0.093800,0.0,30.012000,35.1,NC(=[NH2+])C1=NOC(=N)[N-]1,,[]
38,1372.848912,6.1,0.090519,4.4,0.135300,0.1,27.719000,16.0,N=C1NN=CC(=N1)C#C,,[]
38,1405.946272,7.3,0.077211,1.7,0.139200,0.2,26.783000,10.8,O=C1CC=C(C#N)C1=O,,[]
38,1437.886504,9.1,0.092302,4.9,0.145500,0.5,23.467000,2.4,O1C=CC2=CC=NC2=N1,,[]
38,1458.449989,10.3,0.092986,5.1,0.142600,0.3,24.373000,3.6,O=C1C=CC2=C1C=NN2,,[]
38,1646.727305,31.0,0.136508,36.2,0.120100,0.0,27.664000,15.6,CC12C3C1N1CC3N=C21,,[]
39,718.337705,0.0,0.041434,0.1,0.164100,2.9,18.939000,0.3,N=C1N=NON=N1,,[]
39,730.411615,0.0,0.050629,0.1,0.203800,16.1,16.477000,0.1,NC1=NON=N1,,[]
39,752.023669,0.1,0.031734,0.0,0.229500,37.6,16.954000,0.1,N#CC1=NON=N1,,[]
39,798.442427,0.1,0.055704,0.3,0.219100,28.3,15.692000,0.0,O=CNC=O,,[]
39,807.956098,0.1,0.033974,0.0,0.158400,1.9,21.297000,0.9,FC1=NON=NC1=O,,[]
39,811.319549,0.1,0.051400,0.2,0.246900,48.1,15.356000,0.0,OC1=NOC=N1,,[]
39,1163.994306,1.1,0.065546,0.6,0.145600,0.6,24.558000,4.1,O=CN1N=NC=NC1=O,,[]
39,1189.593555,1.4,0.073428,1.0,0.156100,1.6,22.343000,1.4,FC1=CNC(=O)C=N1,,[]
39,1196.291591,1.5,0.069142,0.9,0.155500,1.6,21.003000,0.8,O1N=C2N=CC=NC2=N1,,[]
39,1251.157882,2.1,0.090714,4.5,0.139900,0.3,27.671000,15.6,NC1=NNC(=C1)N(=O)=O,,[]
39,1286.219347,2.9,0.096208,5.7,0.145300,0.6,26.477000,9.4,ON=C1C=CNC1=N,,[]
39,1295.165749,3.2,0.073640,1.1,0.121600,0.1,30.735000,42.0,NC(=O)C(=O)C(=O)C=O,,[]
39,1320.909953,3.8,0.080353,2.3,0.145900,0.7,22.703000,1.8,O1C=NC2=NC=CC2=N1,,[]
39,1342.710887,4.8,0.102209,8.8,0.093800,0.0,30.012000,34.9,NC(=[NH2+])C1=NOC(=N)[N-]1,,[]
39,1372.848912,6.1,0.090519,4.5,0.135300,0.2,27.719000,16.0,N=C1NN=CC(=N1)C#C,,[]
39,1405.946272,7.4,0.077211,1.8,0.139200,0.3,26.783000,10.8,O=C1CC=C(C#N)C1=O,,[]
39,1437.886504,9.1,0.092302,4.9,0.145500,0.6,23.467000,2.4,O1C=CC2=CC=NC2=N1,,[]
39,1438.139390,9.2,0.092237,4.9,0.136400,0.2,23.492000,2.4,O1N=CC=C2C=CN=C12,,[]
39,1460.694591,10.6,0.092917,5.1,0.141500,0.4,23.328000,2.3,O1C=NC2=CN=CC2=C1,,[]
39,1520.321796,15.8,0.114509,16.5,0.132000,0.1,29.347000,28.9,NC1=CN=CC(=N)C=N1,,[]
39,1646.727305,31.0,0.136508,36.4,0.120100,0.0,27.664000,15.6,CC12C3C1N1CC3N=C21,,[]
40,718.337705,0.0,0.041434,0.1,0.164100,3.0,18.939000,0.3,N=C1N=NON=N1,,[]
40,730.411615,0.0,0.050629,0.1,0.203800,16.3,16.477000,0.1,NC1=NON=N1,,[]
40,752.023669,0.1,0.031734,0.0,0.229500,37.7,16.954000,0.1,N#CC1=NON=N1,,[]
40,798.442427,0.1,0.055704,0.3,0.219100,28.4,15.692000,0.0,O=CNC=O,,[]
40,807.956098,0.1,0.033974,0.0,0.158400,2.0,21.297000,0.9,FC1=NON=NC1=O,,[]
40,811.319549,0.1,0.051400,0.2,0.246900,48.2,15.356000,0.0,OC1=NOC=N1,,[]
40,1163.994306,1.2,0.065546,0.7,0.145600,0.7,24.558000,4.1,O=CN1N=NC=NC1=O,,[]
40,1189.593555,1.5,0.073428,1.1,0.156100,1.7,22.343000,1.4,FC1=CNC(=O)C=N1,,[]
40,1196.291591,1.5,0.069142,0.9,0.155500,1.7,21.003000,0.7,O1N=C2N=CC=NC2=N1,,[]
40,1251.157882,2.1,0.090714,4.6,0.139900,0.3,27.671000,15.7,NC1=NNC(=C1)N(=O)=O,,[]
40,1286.219347,2.9,0.096208,5.8,0.145300,0.6,26.477000,9.4,ON=C1C=CNC1=N,,[]
40,1295.165749,3.3,0.073640,1.2,0.121600,0.1,30.735000,42.2,NC(=O)C(=O)C(=O)C=O,,[]
40,1320.909953,3.8,0.080353,2.4,0.145900,0.7,22.703000,1.7,O1C=NC2=NC=CC2=N1,,[]
40,1342.710887,4.8,0.102209,8.9,0.093800,0.0,30.012000,35.1,NC(=[NH2+])C1=NOC(=N)[N-]1,,[]
40,1372.848912,6.2,0.090519,4.6,0.135300,0.2,27.719000,16.1,N=C1NN=CC(=N1)C#C,,[]
40,1405.946272,7.5,0.077211,1.8,0.139200,0.3,26.783000,10.9,O=C1CC=C(C#N)C1=O,,[]
40,1416.025329,7.9,0.102126,8.8,0.119800,0.0,29.360000,29.0,NC=[NH+]C1=C([O-])OC=N1,,[]
40,1437.886504,9.2,0.092302,5.0,0.145500,0.6,23.467000,2.3,O1C=CC2=CC=NC2=N1,,[]
40,1438.139390,9.3,0.092237,5.0,0.136400,0.2,23.492000,2.4,O1N=CC=C2C=CN=C12,,[]
40,1460.694591,10.7,0.092917,5.2,0.141500,0.4,23.328000,2.2,O1C=NC2=CN=CC2=C1,,[]
40,1520.321796,16.0,0.114509,16.5,0.132000,0.1,29.347000,29.0,NC1=CN=CC(=N)C=N1,,[]
40,1646.727305,31.3,0.136508,36.6,0.120100,0.1,27.664000,15.7,CC12C3C1N1CC3N=C21,,[]
41,718.337705,0.0,0.041434,0.1,0.164100,2.9,18.939000,0.3,N=C1N=NON=N1,,[]
41,730.411615,0.0,0.050629,0.1,0.203800,16.3,16.477000,0.0,NC1=NON=N1,,[]
41,752.023669,0.0,0.031734,0.0,0.229500,37.8,16.954000,0.1,N#CC1=NON=N1,,[]
41,798.442427,0.1,0.055704,0.2,0.219100,28.3,15.692000,0.0,O=CNC=O,,[]
41,807.956098,0.1,0.033974,0.0,0.158400,2.0,21.297000,0.9,FC1=NON=NC1=O,,[]
41,811.319549,0.1,0.051400,0.1,0.246900,48.1,15.356000,0.0,OC1=NOC=N1,,[]
41,1163.994306,1.2,0.065546,0.7,0.145600,0.6,24.558000,4.1,O=CN1N=NC=NC1=O,,[]
41,1189.593555,1.5,0.073428,1.1,0.156100,1.7,22.343000,1.4,FC1=CNC(=O)C=N1,,[]
41,1196.291591,1.5,0.069142,0.9,0.155500,1.6,21.003000,0.7,O1N=C2N=CC=NC2=N1,,[]
41,1251.157882,2.1,0.090714,4.6,0.139900,0.3,27.671000,15.6,NC1=NNC(=C1)N(=O)=O,,[]
41,1286.219347,2.9,0.096208,5.7,0.145300,0.6,26.477000,9.3,ON=C1C=CNC1=N,,[]
41,1295.165749,3.2,0.073640,1.1,0.121600,0.1,30.735000,42.0,NC(=O)C(=O)C(=O)C=O,,[]
41,1320.909953,3.8,0.080353,2.3,0.145900,0.7,22.703000,1.7,O1C=NC2=NC=CC2=N1,,[]
41,1342.710887,4.7,0.102209,8.8,0.093800,0.0,30.012000,34.9,NC(=[NH2+])C1=NOC(=N)[N-]1,,[]
41,1372.848912,6.1,0.090519,4.5,0.135300,0.2,27.719000,15.9,N=C1NN=CC(=N1)C#C,,[]
41,1405.946272,7.4,0.077211,1.8,0.139200,0.3,26.783000,10.8,O=C1CC=C(C#N)C1=O,,[]
41,1416.025329,7.8,0.102126,8.7,0.119800,0.0,29.360000,28.9,NC=[NH+]C1=C([O-])OC=N1,,[]
41,1437.886504,9.0,0.092302,5.0,0.145500,0.6,23.467000,2.3,O1C=CC2=CC=NC2=N1,,[]
41,1438.139390,9.1,0.092237,4.9,0.136400,0.2,23.492000,2.4,O1N=CC=C2C=CN=C12,,[]
41,1460.694591,10.5,0.092917,5.1,0.141500,0.4,23.328000,2.2,O1C=NC2=CN=CC2=C1,,[]
41,1520.321796,15.9,0.114509,16.4,0.132000,0.1,29.347000,28.9,NC1=CN=CC(=N)C=N1,,[]
41,1646.727305,31.1,0.136508,36.5,0.120100,0.0,27.664000,15.5,CC12C3C1N1CC3N=C21,,[]
42,718.337705,0.0,0.041434,0.1,0.164100,2.9,18.939000,0.3,N=C1N=NON=N1,,[]
42,730.411615,0.0,0.050629,0.1,0.203800,16.1,16.477000,0.0,NC1=NON=N1,,[]
42,752.023669,0.0,0.031734,0.0,0.229500,37.7,16.954000,0.1,N#CC1=NON=N1,,[]
42,798.442427,0.1,0.055704,0.2,0.219100,28.3,15.692000,0.0,O=CNC=O,,[]
42,807.956098,0.1,0.033974,0.0,0.158400,2.0,21.297000,0.8,FC1=NON=NC1=O,,[]
42,811.319549,0.1,0.051400,0.1,0.246900,48.1,15.356000,0.0,OC1=NOC=N1,,[]
42,1163.994306,1.2,0.065546,0.7,0.145600,0.6,24.558000,4.0,O=CN1N=NC=NC1=O,,[]
42,1189.593555,1.4,0.073428,1.1,0.156100,1.7,22.343000,1.4,FC1=CNC(=O)C=N1,,[]
42,1196.291591,1.5,0.069142,0.9,0.155500,1.6,21.003000,0.7,O1N=C2N=CC=NC2=N1,,[]
42,1251.157882,2.0,0.090714,4.5,0.139900,0.3,27.671000,15.6,NC1=NNC(=C1)N(=O)=O,,[]
42,1286.219347,2.8,0.096208,5.6,0.145300,0.6,26.477000,9.3,ON=C1C=CNC1=N,,[]
42,1295.165749,3.2,0.073640,1.1,0.121600,0.1,30.735000,42.0,NC(=O)C(=O)C(=O)C=O,,[]
42,1320.909953,3.7,0.080353,2.3,0.145900,0.7,22.703000,1.7,O1C=NC2=NC=CC2=N1,,[]
42,1342.710887,4.7,0.102209,8.7,0.093800,0.0,30.012000,35.0,NC(=[NH2+])C1=NOC(=N)[N-]1,,[]
42,1372.848912,6.0,0.090519,4.5,0.135300,0.2,27.719000,16.0,N=C1NN=CC(=N1)C#C,,[]
42,1405.946272,7.4,0.077211,1.7,0.139200,0.3,26.783000,10.8,O=C1CC=C(C#N)C1=O,,[]
42,1416.025329,7.8,0.102126,8.7,0.119800,0.0,29.360000,29.0,NC=[NH+]C1=C([O-])OC=N1,,[]
42,1437.886504,9.0,0.092302,4.9,0.145500,0.6,23.467000,2.3,O1C=CC2=CC=NC2=N1,,[]
42,1438.139390,9.1,0.092237,4.9,0.136400,0.2,23.492000,2.4,O1N=CC=C2C=CN=C12,,[]
42,1460.694591,10.5,0.092917,5.1,0.141500,0.4,23.328000,2.2,O1C=NC2=CN=CC2=C1,,[]
42,1520.321796,15.8,0.114509,16.4,0.132000,0.1,29.347000,29.0,NC1=CN=CC(=N)C=N1,,[]
42,1646.727305,31.2,0.136508,36.6,0.120100,0.0,27.664000,15.5,CC12C3C1N1CC3N=C21,,[]
43,718.337705,0.0,0.041434,0.1,0.164100,2.8,18.939000,0.3,N=C1N=NON=N1,,[]
43,730.411615,0.0,0.050629,0.1,0.203800,16.0,16.477000,0.1,NC1=NON=N1,,[]
43,752.023669,0.0,0.031734,0.0,0.229500,37.6,16.954000,0.1,N#CC1=NON=N1,,[]
43,761.150167,0.1,0.079754,2.2,0.341700,98.5,13.546000,0.0,CCO,,[]
43,798.442427,0.1,0.055704,0.3,0.219100,28.0,15.692000,0.0,O=CNC=O,,[]
43,807.956098,0.1,0.033974,0.0,0.158400,1.9,21.297000,0.9,FC1=NON=NC1=O,,[]
43,811.319549,0.1,0.051400,0.2,0.246900,48.2,15.356000,0.0,OC1=NOC=N1,,[]
43,1163.994306,1.2,0.065546,0.7,0.145600,0.6,24.558000,4.0,O=CN1N=NC=NC1=O,,[]
43,1189.593555,1.4,0.073428,1.1,0.156100,1.6,22.343000,1.4,FC1=CNC(=O)C=N1,,[]
43,1196.291591,1.5,0.069142,0.9,0.155500,1.6,21.003000,0.8,O1N=C2N=CC=NC2=N1,,[]
43,1251.157882,2.0,0.090714,4.5,0.139900,0.3,27.671000,15.6,NC1=NNC(=C1)N(=O)=O,,[]
43,1286.219347,2.8,0.096208,5.6,0.145300,0.5,26.477000,9.3,ON=C1C=CNC1=N,,[]
43,1295.165749,3.2,0.073640,1.1,0.121600,0.1,30.735000,41.9,NC(=O)C(=O)C(=O)C=O,,[]
43,1320.909953,3.7,0.080353,2.3,0.145900,0.7,22.703000,1.8,O1C=NC2=NC=CC2=N1,,[]
43,1342.710887,4.7,0.102209,8.7,0.093800,0.0,30.012000,34.9,NC(=[NH2+])C1=NOC(=N)[N-]1,,[]
43,1372.848912,6.0,0.090519,4.4,0.135300,0.2,27.719000,16.0,N=C1NN=CC(=N1)C#C,,[]
43,1405.946272,7.3,0.077211,1.7,0.139200,0.3,26.783000,10.7,O=C1CC=C(C#N)C1=O,,[]
43,1416.025329,7.7,0.102126,8.6,0.119800,0.0,29.360000,29.0,NC=[NH+]C1=C([O-])OC=N1,,[]
43,1437.886504,8.9,0.092302,4.9,0.145500,0.6,23.467000,2.3,O1C=CC2=CC=NC2=N1,,[]
43,1438.139390,9.0,0.092237,4.8,0.136400,0.2,23.492000,2.4,O1N=CC=C2C=CN=C12,,[]
43,1460.694591,10.4,0.092917,5.0,0.141500,0.4,23.328000,2.2,O1C=NC2=CN=CC2=C1,,[]
43,1520.321796,15.8,0.114509,16.4,0.132000,0.1,29.347000,29.0,NC1=CN=CC(=N)C=N1,,[]
43,1646.727305,31.1,0.136508,36.6,0.120100,0.0,27.664000,15.5,CC12C3C1N1CC3N=C21,,[]
44,718.337705,0.0,0.041434,0.1,0.164100,2.8,18.939000,0.3,N=C1N=NON=N1,,[]
44,730.411615,0.0,0.050629,0.1,0.203800,16.0,16.477000,0.1,NC1=NON=N1,,[]
44,752.023669,0.0,0.031734,0.0,0.229500,37.4,16.954000,0.1,N#CC1=NON=N1,,[]
44,761.150167,0.1,0.079754,2.2,0.341700,98.6,13.546000,0.0,CCO,,[]
44,798.442427,0.1,0.055704,0.3,0.219100,27.9,15.692000,0.0,O=CNC=O,,[]
44,807.956098,0.1,0.033974,0.0,0.158400,1.9,21.297000,0.9,FC1=NON=NC1=O,,[]
44,811.319549,0.1,0.051400,0.2,0.246900,48.3,15.356000,0.0,OC1=NOC=N1,,[]
44,1163.994306,1.2,0.065546,0.6,0.145600,0.6,24.558000,4.0,O=CN1N=NC=NC1=O,,[]
44,1189.593555,1.5,0.073428,1.0,0.156100,1.6,22.343000,1.4,FC1=CNC(=O)C=N1,,[]
44,1196.291591,1.5,0.069142,0.9,0.155500,1.6,21.003000,0.8,O1N=C2N=CC=NC2=N1,,[]
44,1251.157882,2.1,0.090714,4.5,0.139900,0.3,27.671000,15.6,NC1=NNC(=C1)N(=O)=O,,[]
44,1286.219347,2.8,0.096208,5.6,0.145300,0.6,26.477000,9.4,ON=C1C=CNC1=N,,[]
44,1295.165749,3.1,0.073640,1.1,0.121600,0.1,30.735000,42.0,NC(=O)C(=O)C(=O)C=O,,[]
44,1320.909953,3.7,0.080353,2.3,0.145900,0.7,22.703000,1.8,O1C=NC2=NC=CC2=N1,,[]
44,1342.710887,4.7,0.102209,8.7,0.093800,0.0,30.012000,34.9,NC(=[NH2+])C1=NOC(=N)[N-]1,,[]
44,1372.848912,6.0,0.090519,4.4,0.135300,0.2,27.719000,16.0,N=C1NN=CC(=N1)C#C,,[]
44,1405.946272,7.4,0.077211,1.7,0.139200,0.3,26.783000,10.8,O=C1CC=C(C#N)C1=O,,[]
44,1416.025329,7.8,0.102126,8.6,0.119800,0.0,29.360000,29.0,NC=[NH+]C1=C([O-])OC=N1,,[]
44,1437.886504,9.0,0.092302,4.9,0.145500,0.6,23.467000,2.3,O1C=CC2=CC=NC2=N1,,[]
44,1438.139390,9.0,0.092237,4.9,0.136400,0.2,23.492000,2.4,O1N=CC=C2C=CN=C12,,[]
44,1460.694591,10.4,0.092917,5.0,0.141500,0.4,23.328000,2.2,O1C=NC2=CN=CC2=C1,,[]
44,1520.321796,15.7,0.114509,16.4,0.132000,0.1,29.347000,28.9,NC1=CN=CC(=N)C=N1,,[]
44,1646.727305,31.2,0.136508,36.6,0.120100,0.0,27.664000,15.5,CC12C3C1N1CC3N=C21,,[]
45,718.337705,0.0,0.041434,0.1,0.164100,2.8,18.939000,0.3,N=C1N=NON=N1,,[]
45,730.411615,0.0,0.050629,0.1,0.203800,16.0,16.477000,0.1,NC1=NON=N1,,[]
45,752.023669,0.0,0.031734,0.0,0.229500,37.4,16.954000,0.1,N#CC1=NON=N1,,[]
45,761.150167,0.1,0.079754,2.2,0.341700,98.5,13.546000,0.0,CCO,,[]
45,798.442427,0.1,0.055704,0.2,0.219100,27.9,15.692000,0.0,O=CNC=O,,[]
45,807.956098,0.1,0.033974,0.0,0.158400,1.9,21.297000,0.9,FC1=NON=NC1=O,,[]
45,811.319549,0.1,0.051400,0.2,0.246900,48.2,15.356000,0.0,OC1=NOC=N1,,[]
45,1163.994306,1.2,0.065546,0.6,0.145600,0.6,24.558000,4.0,O=CN1N=NC=NC1=O,,[]
45,1189.593555,1.4,0.073428,1.0,0.156100,1.6,22.343000,1.4,FC1=CNC(=O)C=N1,,[]
45,1196.291591,1.5,0.069142,0.8,0.155500,1.6,21.003000,0.8,O1N=C2N=CC=NC2=N1,,[]
45,1251.157882,2.0,0.090714,4.4,0.139900,0.3,27.671000,15.5,NC1=NNC(=C1)N(=O)=O,,[]
45,1286.219347,2.8,0.096208,5.5,0.145300,0.6,26.477000,9.3,ON=C1C=CNC1=N,,[]
45,1295.165749,3.1,0.073640,1.1,0.121600,0.1,30.735000,41.9,NC(=O)C(=O)C(=O)C=O,,[]
45,1320.909953,3.6,0.080353,2.2,0.145900,0.7,22.703000,1.8,O1C=NC2=NC=CC2=N1,,[]
45,1342.710887,4.6,0.102209,8.5,0.093800,0.0,30.012000,34.7,NC(=[NH2+])C1=NOC(=N)[N-]1,,[]
45,1372.848912,5.9,0.090519,4.3,0.135300,0.2,27.719000,15.9,N=C1NN=CC(=N1)C#C,,[]
45,1405.946272,7.3,0.077211,1.7,0.139200,0.3,26.783000,10.7,O=C1CC=C(C#N)C1=O,,[]
45,1416.025329,7.6,0.102126,8.4,0.119800,0.0,29.360000,28.8,NC=[NH+]C1=C([O-])OC=N1,,[]
45,1437.886504,8.8,0.092302,4.8,0.145500,0.6,23.467000,2.3,O1C=CC2=CC=NC2=N1,,[]
45,1438.139390,8.9,0.092237,4.8,0.136400,0.2,23.492000,2.4,O1N=CC=C2C=CN=C12,,[]
45,1460.694591,10.3,0.092917,4.9,0.141500,0.4,23.328000,2.2,O1C=NC2=CN=CC2=C1,,[]
45,1520.321796,15.6,0.114509,16.2,0.132000,0.1,29.347000,28.8,NC1=CN=CC(=N)C=N1,,[]
45,1646.727305,30.9,0.136508,36.4,0.120100,0.0,27.664000,15.4,CC12C3C1N1CC3N=C21,,[]
46,718.337705,0.0,0.041434,0.1,0.164100,2.8,18.939000,0.3,N=C1N=NON=N1,,[]
46,730.411615,0.0,0.050629,0.1,0.203800,16.0,16.477000,0.1,NC1=NON=N1,,[]
46,752.023669,0.0,0.031734,0.0,0.229500,37.3,16.954000,0.1,N#CC1=NON=N1,,[]
46,761.150167,0.1,0.079754,2.2,0.341700,98.5,13.546000,0.0,CCO,,[]
46,798.442427,0.1,0.055704,0.2,0.219100,27.9,15.692000,0.0,O=CNC=O,,[]
46,807.956098,0.1,0.033974,0.0,0.158400,1.9,21.297000,0.9,FC1=NON=NC1=O,,[]
46,811.319549,0.1,0.051400,0.2,0.246900,48.2,15.356000,0.0,OC1=NOC=N1,,[]
46,1066.476824,0.6,0.070235,0.8,0.199600,13.8,18.158000,0.2,O=C1NC=NC=N1,,[]
46,1163.030452,1.2,0.082142,2.3,0.158200,1.9,25.081000,5.2,CC1=NC(=N)ON=N1,,[]
46,1163.994306,1.2,0.065546,0.6,0.145600,0.6,24.558000,4.0,O=CN1N=NC=NC1=O,,[]
46,1189.593555,1.5,0.073428,1.0,0.156100,1.6,22.343000,1.5,FC1=CNC(=O)C=N1,,[]
46,1196.291591,1.5,0.069142,0.8,0.155500,1.6,21.003000,0.8,O1N=C2N=CC=NC2=N1,,[]
46,1251.157882,2.0,0.090714,4.4,0.139900,0.3,27.671000,15.6,NC1=NNC(=C1)N(=O)=O,,[]
46,1286.219347,2.8,0.096208,5.5,0.145300,0.6,26.477000,9.4,ON=C1C=CNC1=N,,[]
46,1295.165749,3.1,0.073640,1.1,0.121600,0.1,30.735000,41.8,NC(=O)C(=O)C(=O)C=O,,[]
46,1320.909953,3.6,0.080353,2.2,0.145900,0.7,22.703000,1.8,O1C=NC2=NC=CC2=N1,,[]
46,1342.710887,4.6,0.102209,8.6,0.093800,0.0,30.012000,34.7,NC(=[NH2+])C1=NOC(=N)[N-]1,,[]
46,1372.848912,6.0,0.090519,4.4,0.135300,0.2,27.719000,16.0,N=C1NN=CC(=N1)C#C,,[]
46,1405.946272,7.3,0.077211,1.7,0.139200,0.3,26.783000,10.7,O=C1CC=C(C#N)C1=O,,[]
46,1416.025329,7.7,0.102126,8.5,0.119800,0.0,29.360000,28.8,NC=[NH+]C1=C([O-])OC=N1,,[]
46,1437.886504,8.9,0.092302,4.8,0.145500,0.6,23.467000,2.3,O1C=CC2=CC=NC2=N1,,[]
46,1438.139390,8.9,0.092237,4.8,0.136400,0.2,23.492000,2.4,O1N=CC=C2C=CN=C12,,[]
46,1460.694591,10.3,0.092917,5.0,0.141500,0.4,23.328000,2.2,O1C=NC2=CN=CC2=C1,,[]
46,1520.321796,15.6,0.114509,16.3,0.132000,0.1,29.347000,28.8,NC1=CN=CC(=N)C=N1,,[]
46,1646.727305,31.0,0.136508,36.3,0.120100,0.0,27.664000,15.5,CC12C3C1N1CC3N=C21,,[]
47,718.337705,0.0,0.041434,0.1,0.164100,2.8,18.939000,0.3,N=C1N=NON=N1,,[]
47,730.411615,0.0,0.050629,0.1,0.203800,15.9,16.477000,0.1,NC1=NON=N1,,[]
47,752.023669,0.0,0.031734,0.0,0.229500,37.3,16.954000,0.1,N#CC1=NON=N1,,[]
47,761.150167,0.1,0.079754,2.1,0.341700,98.5,13.546000,0.0,CCO,,[]
47,798.442427,0.1,0.055704,0.2,0.219100,27.9,15.692000,0.0,O=CNC=O,,[]
47,807.956098,0.1,0.033974,0.0,0.158400,1.9,21.297000,0.9,FC1=NON=NC1=O,,[]
47,811.319549,0.1,0.051400,0.2,0.246900,48.3,15.356000,0.0,OC1=NOC=N1,,[]
47,1066.476824,0.6,0.070235,0.8,0.199600,13.7,18.158000,0.2,O=C1NC=NC=N1,,[]
47,1163.030452,1.1,0.082142,2.2,0.158200,1.9,25.081000,5.1,CC1=NC(=N)ON=N1,,[]
47,1163.994306,1.2,0.065546,0.6,0.145600,0.6,24.558000,3.9,O=CN1N=NC=NC1=O,,[]
47,1189.593555,1.4,0.073428,1.0,0.156100,1.6,22.343000,1.4,FC1=CNC(=O)C=N1,,[]
47,1196.291591,1.5,0.069142,0.8,0.155500,1.6,21.003000,0.8,O1N=C2N=CC=NC2=N1,,[]
47,1251.157882,2.0,0.090714,4.3,0.139900,0.3,27.671000,15.5,NC1=NNC(=C1)N(=O)=O,,[]
47,1286.219347,2.8,0.096208,5.4,0.145300,0.6,26.477000,9.3,ON=C1C=CNC1=N,,[]
47,1295.165749,3.1,0.073640,1.0,0.121600,0.1,30.735000,41.8,NC(=O)C(=O)C(=O)C=O,,[]
47,1320.909953,3.6,0.080353,2.2,0.145900,0.7,22.703000,1.7,O1C=NC2=NC=CC2=N1,,[]
47,1342.710887,4.5,0.102209,8.5,0.093800,0.0,30.012000,34.6,NC(=[NH2+])C1=NOC(=N)[N-]1,,[]
47,1372.848912,5.8,0.090519,4.3,0.135300,0.2,27.719000,15.8,N=C1NN=CC(=N1)C#C,,[]
47,1405.946272,7.2,0.077211,1.7,0.139200,0.3,26.783000,10.7,O=C1CC=C(C#N)C1=O,,[]
47,1416.025329,7.6,0.102126,8.4,0.119800,0.0,29.360000,28.7,NC=[NH+]C1=C([O-])OC=N1,,[]
47,1437.886504,8.8,0.092302,4.7,0.145500,0.6,23.467000,2.3,O1C=CC2=CC=NC2=N1,,[]
47,1438.139390,8.9,0.092237,4.7,0.136400,0.2,23.492000,2.3,O1N=CC=C2C=CN=C12,,[]
47,1460.694591,10.2,0.092917,4.9,0.141500,0.3,23.328000,2.2,O1C=NC2=CN=CC2=C1,,[]
47,1520.321796,15.4,0.114509,16.1,0.132000,0.1,29.347000,28.7,NC1=CN=CC(=N)C=N1,,[]
47,1646.727305,30.8,0.136508,36.2,0.120100,0.0,27.664000,15.4,CC12C3C1N1CC3N=C21,,[]
48,718.337705,0.0,0.041434,0.1,0.164100,2.8,18.939000,0.3,N=C1N=NON=N1,,[]
48,730.411615,0.0,0.050629,0.1,0.203800,15.9,16.477000,0.1,NC1=NON=N1,,[]
48,752.023669,0.0,0.031734,0.0,0.229500,37.2,16.954000,0.1,N#CC1=NON=N1,,[]
48,761.150167,0.1,0.079754,2.2,0.341700,98.5,13.546000,0.0,CCO,,[]
48,798.442427,0.1,0.055704,0.2,0.219100,27.9,15.692000,0.0,O=CNC=O,,[]
48,807.956098,0.1,0.033974,0.0,0.158400,1.9,21.297000,0.9,FC1=NON=NC1=O,,[]
48,811.319549,0.1,0.051400,0.1,0.246900,48.2,15.356000,0.0,OC1=NOC=N1,,[]
48,1066.476824,0.6,0.070235,0.8,0.199600,13.7,18.158000,0.1,O=C1NC=NC=N1,,[]
48,1163.030452,1.1,0.082142,2.3,0.158200,1.9,25.081000,5.1,CC1=NC(=N)ON=N1,,[]
48,1163.994306,1.2,0.065546,0.6,0.145600,0.7,24.558000,3.9,O=CN1N=NC=NC1=O,,[]
48,1189.593555,1.5,0.073428,1.0,0.156100,1.6,22.343000,1.4,FC1=CNC(=O)C=N1,,[]
48,1196.291591,1.5,0.069142,0.8,0.155500,1.6,21.003000,0.7,O1N=C2N=CC=NC2=N1,,[]
48,1251.157882,2.0,0.090714,4.4,0.139900,0.3,27.671000,15.5,NC1=NNC(=C1)N(=O)=O,,[]
48,1253.366716,2.1,0.076146,1.5,0.135600,0.2,26.234000,8.5,N=C1ON=CC(C=O)=N1,,[]
48,1295.165749,3.1,0.073640,1.1,0.121600,0.1,30.735000,41.7,NC(=O)C(=O)C(=O)C=O,,[]
48,1320.909953,3.6,0.080353,2.2,0.145900,0.7,22.703000,1.7,O1C=NC2=NC=CC2=N1,,[]
48,1342.710887,4.6,0.102209,8.6,0.093800,0.0,30.012000,34.5,NC(=[NH2+])C1=NOC(=N)[N-]1,,[]
48,1372.848912,5.9,0.090519,4.3,0.135300,0.2,27.719000,15.9,N=C1NN=CC(=N1)C#C,,[]
48,1416.025329,7.6,0.102126,8.5,0.119800,0.0,29.360000,28.7,NC=[NH+]C1=C([O-])OC=N1,,[]
48,1437.886504,8.9,0.092302,4.7,0.145500,0.6,23.467000,2.3,O1C=CC2=CC=NC2=N1,,[]
48,1438.139390,8.9,0.092237,4.7,0.136400,0.2,23.492000,2.3,O1N=CC=C2C=CN=C12,,[]
48,1460.694591,10.3,0.092917,4.9,0.141500,0.4,23.328000,2.2,O1C=NC2=CN=CC2=C1,,[]
48,1520.321796,15.4,0.114509,16.1,0.132000,0.1,29.347000,28.6,NC1=CN=CC(=N)C=N1,,[]
48,1646.727305,30.8,0.136508,36.2,0.120100,0.0,27.664000,15.4,CC12C3C1N1CC3N=C21,,[]
49,718.337705,0.0,0.041434,0.1,0.164100,2.8,18.939000,0.3,N=C1N=NON=N1,,[]
49,730.411615,0.0,0.050629,0.1,0.203800,15.8,16.477000,0.1,NC1=NON=N1,,[]
49,752.023669,0.0,0.031734,0.0,0.229500,37.2,16.954000,0.1,N#CC1=NON=N1,,[]
49,761.150167,0.1,0.079754,2.2,0.341700,98.5,13.546000,0.0,CCO,,[]
49,798.442427,0.1,0.055704,0.2,0.219100,27.8,15.692000,0.0,O=CNC=O,,[]
49,807.956098,0.1,0.033974,0.0,0.158400,1.9,21.297000,0.8,FC1=NON=NC1=O,,[]
49,811.319549,0.1,0.051400,0.1,0.246900,48.1,15.356000,0.0,OC1=NOC=N1,,[]
49,1066.476824,0.6,0.070235,0.8,0.199600,13.7,18.158000,0.1,O=C1NC=NC=N1,,[]
49,1163.030452,1.1,0.082142,2.3,0.158200,1.9,25.081000,5.1,CC1=NC(=N)ON=N1,,[]
49,1163.994306,1.1,0.065546,0.6,0.145600,0.7,24.558000,3.9,O=CN1N=NC=NC1=O,,[]
49,1189.593555,1.4,0.073428,1.0,0.156100,1.6,22.343000,1.4,FC1=CNC(=O)C=N1,,[]
49,1196.291591,1.5,0.069142,0.8,0.155500,1.5,21.003000,0.7,O1N=C2N=CC=NC2=N1,,[]
49,1207.800743,1.6,0.090604,4.3,0.126000,0.1,21.993000,1.2,O=C1CNCC1=O,,[]
49,1253.366716,2.1,0.076146,1.5,0.135600,0.2,26.234000,8.5,N=C1ON=CC(C=O)=N1,,[]
49,1295.165749,3.1,0.073640,1.1,0.121600,0.1,30.735000,41.6,NC(=O)C(=O)C(=O)C=O,,[]
49,1320.909953,3.6,0.080353,2.2,0.145900,0.7,22.703000,1.7,O1C=NC2=NC=CC2=N1,,[]
49,1342.710887,4.6,0.102209,8.6,0.093800,0.0,30.012000,34.4,NC(=[NH2+])C1=NOC(=N)[N-]1,,[]
49,1372.848912,5.9,0.090519,4.3,0.135300,0.2,27.719000,15.8,N=C1NN=CC(=N1)C#C,,[]
49,1416.025329,7.6,0.102126,8.5,0.119800,0.0,29.360000,28.5,NC=[NH+]C1=C([O-])OC=N1,,[]
49,1646.727305,30.7,0.136508,36.1,0.120100,0.0,27.664000,15.4,CC12C3C1N1CC3N=C21,,[]
50,718.337705,0.0,0.041434,0.1,0.164100,2.8,18.939000,0.3,N=C1N=NON=N1,,[]
50,730.411615,0.0,0.050629,0.1,0.203800,15.9,16.477000,0.1,NC1=NON=N1,,[]
50,752.023669,0.0,0.031734,0.0,0.229500,37.2,16.954000,0.1,N#CC1=NON=N1,,[]
50,761.150167,0.1,0.079754,2.1,0.341700,98.5,13.546000,0.0,CCO,,[]
50,798.442427,0.1,0.055704,0.2,0.219100,27.8,15.692000,0.0,O=CNC=O,,[]
50,807.956098,0.1,0.033974,0.0,0.158400,1.9,21.297000,0.8,FC1=NON=NC1=O,,[]
50,811.319549,0.1,0.051400,0.1,0.246900,48.0,15.356000,0.0,OC1=NOC=N1,,[]
50,1066.476824,0.5,0.070235,0.8,0.199600,13.7,18.158000,0.1,O=C1NC=NC=N1,,[]
50,1163.030452,1.1,0.082142,2.2,0.158200,1.9,25.081000,5.1,CC1=NC(=N)ON=N1,,[]
50,1163.994306,1.1,0.065546,0.6,0.145600,0.7,24.558000,3.9,O=CN1N=NC=NC1=O,,[]
50,1189.593555,1.4,0.073428,1.0,0.156100,1.6,22.343000,1.4,FC1=CNC(=O)C=N1,,[]
50,1196.291591,1.4,0.069142,0.8,0.155500,1.6,21.003000,0.7,O1N=C2N=CC=NC2=N1,,[]
50,1207.800743,1.6,0.090604,4.3,0.126000,0.1,21.993000,1.2,O=C1CNCC1=O,,[]
50,1253.366716,2.0,0.076146,1.5,0.135600,0.2,26.234000,8.5,N=C1ON=CC(C=O)=N1,,[]
50,1295.165749,3.1,0.073640,1.0,0.121600,0.1,30.735000,41.6,NC(=O)C(=O)C(=O)C=O,,[]
50,1320.909953,3.6,0.080353,2.2,0.145900,0.7,22.703000,1.7,O1C=NC2=NC=CC2=N1,,[]
50,1342.710887,4.5,0.102209,8.5,0.093800,0.0,30.012000,34.4,NC(=[NH2+])C1=NOC(=N)[N-]1,,[]
50,1372.848912,5.9,0.090519,4.2,0.135300,0.2,27.719000,15.8,N=C1NN=CC(=N1)C#C,,[]
50,1416.025329,7.6,0.102126,8.4,0.119800,0.0,29.360000,28.5,NC=[NH+]C1=C([O-])OC=N1,,[]
50,1646.727305,30.6,0.136508,36.0,0.120100,0.1,27.664000,15.4,CC12C3C1N1CC3N=C21,,[]
51,718.337705,0.0,0.041434,0.1,0.164100,2.8,18.939000,0.3,N=C1N=NON=N1,,[]
51,730.411615,0.0,0.050629,0.1,0.203800,16.0,16.477000,0.1,NC1=NON=N1,,[]
51,752.023669,0.0,0.031734,0.0,0.229500,37.3,16.954000,0.1,N#CC1=NON=N1,,[]
51,761.150167,0.1,0.079754,2.2,0.341700,98.5,13.546000,0.0,CCO,,[]
51,798.442427,0.1,0.055704,0.2,0.219100,27.9,15.692000,0.0,O=CNC=O,,[]
51,807.956098,0.1,0.033974,0.0,0.158400,1.9,21.297000,0.8,FC1=NON=NC1=O,,[]
51,811.319549,0.1,0.051400,0.1,0.246900,48.1,15.356000,0.0,OC1=NOC=N1,,[]
51,1066.476824,0.5,0.070235,0.8,0.199600,13.8,18.158000,0.1,O=C1NC=NC=N1,,[]
51,1163.030452,1.1,0.082142,2.3,0.158200,1.9,25.081000,5.2,CC1=NC(=N)ON=N1,,[]
51,1163.994306,1.1,0.065546,0.6,0.145600,0.7,24.558000,3.9,O=CN1N=NC=NC1=O,,[]
51,1189.593555,1.4,0.073428,1.0,0.156100,1.6,22.343000,1.3,FC1=CNC(=O)C=N1,,[]
51,1196.291591,1.4,0.069142,0.8,0.155500,1.6,21.003000,0.7,O1N=C2N=CC=NC2=N1,,[]
51,1207.800743,1.6,0.090604,4.3,0.126000,0.1,21.993000,1.2,O=C1CNCC1=O,,[]
51,1253.366716,2.1,0.076146,1.5,0.135600,0.2,26.234000,8.6,N=C1ON=CC(C=O)=N1,,[]
51,1295.165749,3.1,0.073640,1.0,0.121600,0.1,30.735000,41.9,NC(=O)C(=O)C(=O)C=O,,[]
51,1320.909953,3.6,0.080353,2.2,0.145900,0.7,22.703000,1.7,O1C=NC2=NC=CC2=N1,,[]
51,1342.710887,4.6,0.102209,8.6,0.093800,0.0,30.012000,34.7,NC(=[NH2+])C1=NOC(=N)[N-]1,,[]
51,1372.848912,5.9,0.090519,4.2,0.135300,0.2,27.719000,16.1,N=C1NN=CC(=N1)C#C,,[]
51,1416.025329,7.7,0.102126,8.5,0.119800,0.0,29.360000,28.9,NC=[NH+]C1=C([O-])OC=N1,,[]
51,1646.727305,30.8,0.136508,36.3,0.120100,0.1,27.664000,15.6,CC12C3C1N1CC3N=C21,,[]
52,718.337705,0.0,0.041434,0.1,0.164100,2.8,18.939000,0.3,N=C1N=NON=N1,,[]
52,730.411615,0.0,0.050629,0.1,0.203800,16.0,16.477000,0.1,NC1=NON=N1,,[]
52,752.023669,0.0,0.031734,0.0,0.229500,37.5,16.954000,0.1,N#CC1=NON=N1,,[]
52,761.150167,0.1,0.079754,2.1,0.341700,98.5,13.546000,0.0,CCO,,[]
52,798.442427,0.1,0.055704,0.2,0.219100,28.0,15.692000,0.0,O=CNC=O,,[]
52,807.956098,0.1,0.033974,0.0,0.158400,1.9,21.297000,0.8,FC1=NON=NC1=O,,[]
52,811.319549,0.1,0.051400,0.1,0.246900,48.2,15.356000,0.0,OC1=NOC=N1,,[]
52,1066.476824,0.5,0.070235,0.8,0.199600,13.7,18.158000,0.1,O=C1NC=NC=N1,,[]
52,1163.030452,1.1,0.082142,2.3,0.158200,1.9,25.081000,5.2,CC1=NC(=N)ON=N1,,[]
52,1163.994306,1.1,0.065546,0.6,0.145600,0.7,24.558000,3.9,O=CN1N=NC=NC1=O,,[]
52,1189.593555,1.4,0.073428,1.0,0.156100,1.6,22.343000,1.4,FC1=CNC(=O)C=N1,,[]
52,1196.291591,1.5,0.069142,0.8,0.155500,1.6,21.003000,0.7,O1N=C2N=CC=NC2=N1,,[]
52,1207.800743,1.6,0.090604,4.3,0.126000,0.1,21.993000,1.2,O=C1CNCC1=O,,[]
52,1253.366716,2.1,0.076146,1.5,0.135600,0.2,26.234000,8.6,N=C1ON=CC(C=O)=N1,,[]
52,1295.165749,3.1,0.073640,1.0,0.121600,0.1,30.735000,41.9,NC(=O)C(=O)C(=O)C=O,,[]
52,1320.909953,3.7,0.080353,2.2,0.145900,0.7,22.703000,1.7,O1C=NC2=NC=CC2=N1,,[]
52,1342.710887,4.6,0.102209,8.5,0.093800,0.0,30.012000,34.7,NC(=[NH2+])C1=NOC(=N)[N-]1,,[]
52,1372.848912,5.9,0.090519,4.2,0.135300,0.2,27.719000,16.1,N=C1NN=CC(=N1)C#C,,[]
52,1416.025329,7.7,0.102126,8.4,0.119800,0.0,29.360000,28.9,NC=[NH+]C1=C([O-])OC=N1,,[]
52,1646.727305,30.9,0.136508,36.3,0.120100,0.1,27.664000,15.6,CC12C3C1N1CC3N=C21,,[]
53,718.337705,0.0,0.041434,0.1,0.164100,2.8,18.939000,0.3,N=C1N=NON=N1,,[]
53,730.411615,0.0,0.050629,0.1,0.203800,15.9,16.477000,0.1,NC1=NON=N1,,[]
53,752.023669,0.0,0.031734,0.0,0.229500,37.5,16.954000,0.1,N#CC1=NON=N1,,[]
53,761.150167,0.1,0.079754,2.2,0.341700,98.5,13.546000,0.0,CCO,,[]
53,798.442427,0.1,0.055704,0.2,0.219100,28.0,15.692000,0.0,O=CNC=O,,[]
53,807.956098,0.1,0.033974,0.0,0.158400,1.9,21.297000,0.9,FC1=NON=NC1=O,,[]
53,811.319549,0.1,0.051400,0.1,0.246900,48.3,15.356000,0.0,OC1=NOC=N1,,[]
53,1066.476824,0.5,0.070235,0.8,0.199600,13.7,18.158000,0.1,O=C1NC=NC=N1,,[]
53,1163.030452,1.1,0.082142,2.3,0.158200,1.9,25.081000,5.2,CC1=NC(=N)ON=N1,,[]
53,1163.994306,1.1,0.065546,0.6,0.145600,0.7,24.558000,3.9,O=CN1N=NC=NC1=O,,[]
53,1189.593555,1.4,0.073428,1.0,0.156100,1.6,22.343000,1.4,FC1=CNC(=O)C=N1,,[]
53,1196.291591,1.5,0.069142,0.8,0.155500,1.6,21.003000,0.7,O1N=C2N=CC=NC2=N1,,[]
53,1207.800743,1.6,0.090604,4.3,0.126000,0.1,21.993000,1.2,O=C1CNCC1=O,,[]
53,1253.366716,2.1,0.076146,1.5,0.135600,0.2,26.234000,8.6,N=C1ON=CC(C=O)=N1,,[]
53,1295.165749,3.1,0.073640,1.1,0.121600,0.1,30.735000,41.7,NC(=O)C(=O)C(=O)C=O,,[]
53,1320.909953,3.7,0.080353,2.2,0.145900,0.7,22.703000,1.7,O1C=NC2=NC=CC2=N1,,[]
53,1342.710887,4.6,0.102209,8.5,0.093800,0.0,30.012000,34.5,NC(=[NH2+])C1=NOC(=N)[N-]1,,[]
53,1372.848912,5.9,0.090519,4.2,0.135300,0.2,27.719000,16.0,N=C1NN=CC(=N1)C#C,,[]
53,1416.025329,7.7,0.102126,8.5,0.119800,0.0,29.360000,28.7,NC=[NH+]C1=C([O-])OC=N1,,[]
53,1646.727305,30.8,0.136508,36.3,0.120100,0.1,27.664000,15.5,CC12C3C1N1CC3N=C21,,[]
54,718.337705,0.0,0.041434,0.1,0.164100,2.8,18.939000,0.3,N=C1N=NON=N1,,[]
54,730.411615,0.0,0.050629,0.1,0.203800,15.9,16.477000,0.1,NC1=NON=N1,,[]
54,752.023669,0.0,0.031734,0.0,0.229500,37.5,16.954000,0.1,N#CC1=NON=N1,,[]
54,761.150167,0.1,0.079754,2.1,0.341700,98.5,13.546000,0.0,CCO,,[]
54,798.442427,0.1,0.055704,0.2,0.219100,28.1,15.692000,0.0,O=CNC=O,,[]
54,807.956098,0.1,0.033974,0.0,0.158400,1.9,21.297000,0.8,FC1=NON=NC1=O,,[]
54,811.319549,0.1,0.051400,0.1,0.246900,48.3,15.356000,0.0,OC1=NOC=N1,,[]
54,1066.476824,0.5,0.070235,0.8,0.199600,13.7,18.158000,0.1,O=C1NC=NC=N1,,[]
54,1163.030452,1.1,0.082142,2.3,0.158200,1.9,25.081000,5.2,CC1=NC(=N)ON=N1,,[]
54,1163.994306,1.1,0.065546,0.6,0.145600,0.7,24.558000,3.9,O=CN1N=NC=NC1=O,,[]
54,1189.593555,1.4,0.073428,1.0,0.156100,1.6,22.343000,1.3,FC1=CNC(=O)C=N1,,[]
54,1196.291591,1.5,0.069142,0.8,0.155500,1.6,21.003000,0.7,O1N=C2N=CC=NC2=N1,,[]
54,1207.800743,1.6,0.090604,4.3,0.126000,0.1,21.993000,1.2,O=C1CNCC1=O,,[]
54,1253.366716,2.1,0.076146,1.5,0.135600,0.2,26.234000,8.5,N=C1ON=CC(C=O)=N1,,[]
54,1295.165749,3.1,0.073640,1.1,0.121600,0.1,30.735000,41.8,NC(=O)C(=O)C(=O)C=O,,[]
54,1320.909953,3.6,0.080353,2.2,0.145900,0.7,22.703000,1.7,O1C=NC2=NC=CC2=N1,,[]
54,1342.710887,4.6,0.102209,8.6,0.093800,0.0,30.012000,34.5,NC(=[NH2+])C1=NOC(=N)[N-]1,,[]
54,1372.848912,5.9,0.090519,4.2,0.135300,0.2,27.719000,16.0,N=C1NN=CC(=N1)C#C,,[]
54,1416.025329,7.6,0.102126,8.5,0.119800,0.0,29.360000,28.7,NC=[NH+]C1=C([O-])OC=N1,,[]
54,1646.727305,30.9,0.136508,36.4,0.120100,0.1,27.664000,15.5,CC12C3C1N1CC3N=C21,,[]
55,718.337705,0.0,0.041434,0.1,0.164100,2.8,18.939000,0.3,N=C1N=NON=N1,,[]
55,730.411615,0.0,0.050629,0.1,0.203800,15.9,16.477000,0.1,NC1=NON=N1,,[]
55,752.023669,0.0,0.031734,0.0,0.229500,37.4,16.954000,0.1,N#CC1=NON=N1,,[]
55,761.150167,0.1,0.079754,2.1,0.341700,98.6,13.546000,0.0,CCO,,[]
55,798.442427,0.1,0.055704,0.2,0.219100,27.9,15.692000,0.0,O=CNC=O,,[]
55,807.956098,0.1,0.033974,0.0,0.158400,1.9,21.297000,0.8,FC1=NON=NC1=O,,[]
55,811.319549,0.1,0.051400,0.1,0.246900,48.1,15.356000,0.0,OC1=NOC=N1,,[]
55,1066.476824,0.5,0.070235,0.8,0.199600,13.6,18.158000,0.1,O=C1NC=NC=N1,,[]
55,1163.030452,1.1,0.082142,2.3,0.158200,1.9,25.081000,5.1,CC1=NC(=N)ON=N1,,[]
55,1163.994306,1.1,0.065546,0.6,0.145600,0.7,24.558000,3.9,O=CN1N=NC=NC1=O,,[]
55,1189.593555,1.4,0.073428,1.0,0.156100,1.6,22.343000,1.3,FC1=CNC(=O)C=N1,,[]
55,1196.291591,1.5,0.069142,0.8,0.155500,1.5,21.003000,0.7,O1N=C2N=CC=NC2=N1,,[]
55,1207.800743,1.6,0.090604,4.3,0.126000,0.1,21.993000,1.2,O=C1CNCC1=O,,[]
55,1253.366716,2.1,0.076146,1.5,0.135600,0.2,26.234000,8.5,N=C1ON=CC(C=O)=N1,,[]
55,1295.165749,3.1,0.073640,1.1,0.121600,0.1,30.735000,41.7,NC(=O)C(=O)C(=O)C=O,,[]
55,1320.909953,3.6,0.080353,2.2,0.145900,0.7,22.703000,1.7,O1C=NC2=NC=CC2=N1,,[]
55,1342.710887,4.6,0.102209,8.6,0.093800,0.0,30.012000,34.4,NC(=[NH2+])C1=NOC(=N)[N-]1,,[]
55,1372.848912,5.9,0.090519,4.2,0.135300,0.2,27.719000,15.9,N=C1NN=CC(=N1)C#C,,[]
55,1416.025329,7.6,0.102126,8.6,0.119800,0.0,29.360000,28.6,NC=[NH+]C1=C([O-])OC=N1,,[]
55,1646.727305,30.9,0.136508,36.3,0.120100,0.1,27.664000,15.4,CC12C3C1N1CC3N=C21,,[]
56,718.337705,0.0,0.041434,0.1,0.164100,2.8,18.939000,0.3,N=C1N=NON=N1,,[]
56,730.411615,0.0,0.050629,0.1,0.203800,15.8,16.477000,0.1,NC1=NON=N1,,[]
56,752.023669,0.0,0.031734,0.0,0.229500,37.4,16.954000,0.1,N#CC1=NON=N1,,[]
56,761.150167,0.1,0.079754,2.1,0.341700,98.6,13.546000,0.0,CCO,,[]
56,798.442427,0.1,0.055704,0.2,0.219100,28.0,15.692000,0.0,O=CNC=O,,[]
56,807.956098,0.1,0.033974,0.0,0.158400,1.9,21.297000,0.8,FC1=NON=NC1=O,,[]
56,811.319549,0.1,0.051400,0.1,0.246900,48.2,15.356000,0.0,OC1=NOC=N1,,[]
56,1066.476824,0.5,0.070235,0.8,0.199600,13.6,18.158000,0.1,O=C1NC=NC=N1,,[]
56,1163.030452,1.1,0.082142,2.2,0.158200,1.9,25.081000,5.1,CC1=NC(=N)ON=N1,,[]
56,1163.994306,1.1,0.065546,0.6,0.145600,0.7,24.558000,3.9,O=CN1N=NC=NC1=O,,[]
56,1189.593555,1.4,0.073428,1.0,0.156100,1.6,22.343000,1.3,FC1=CNC(=O)C=N1,,[]
56,1196.291591,1.4,0.069142,0.8,0.155500,1.6,21.003000,0.7,O1N=C2N=CC=NC2=N1,,[]
56,1197.608106,1.5,0.063697,0.4,0.141900,0.4,25.439000,5.9,O=CC(=O)C1=CN=NO1,,[]
56,1207.800743,1.6,0.090604,4.2,0.126000,0.1,21.993000,1.2,O=C1CNCC1=O,,[]
56,1253.366716,2.1,0.076146,1.5,0.135600,0.2,26.234000,8.5,N=C1ON=CC(C=O)=N1,,[]
56,1295.165749,3.0,0.073640,1.1,0.121600,0.1,30.735000,41.8,NC(=O)C(=O)C(=O)C=O,,[]
56,1320.909953,3.6,0.080353,2.2,0.145900,0.7,22.703000,1.7,O1C=NC2=NC=CC2=N1,,[]
56,1342.710887,4.5,0.102209,8.6,0.093800,0.0,30.012000,34.4,NC(=[NH2+])C1=NOC(=N)[N-]1,,[]
56,1372.848912,5.8,0.090519,4.2,0.135300,0.2,27.719000,15.9,N=C1NN=CC(=N1)C#C,,[]
56,1416.025329,7.6,0.102126,8.5,0.119800,0.0,29.360000,28.6,NC=[NH+]C1=C([O-])OC=N1,,[]
56,1646.727305,30.9,0.136508,36.5,0.120100,0.1,27.664000,15.4,CC12C3C1N1CC3N=C21,,[]
57,718.337705,0.0,0.041434,0.1,0.164100,2.8,18.939000,0.3,N=C1N=NON=N1,,[]
57,730.411615,0.0,0.050629,0.1,0.203800,15.9,16.477000,0.1,NC1=NON=N1,,[]
57,752.023669,0.0,0.031734,0.0,0.229500,37.5,16.954000,0.1,N#CC1=NON=N1,,[]
57,761.150167,0.1,0.079754,2.2,0.341700,98.5,13.546000,0.0,CCO,,[]
57,798.442427,0.1,0.055704,0.2,0.219100,28.1,15.692000,0.0,O=CNC=O,,[]
57,807.956098,0.1,0.033974,0.0,0.158400,1.9,21.297000,0.9,FC1=NON=NC1=O,,[]
57,811.319549,0.1,0.051400,0.1,0.246900,48.3,15.356000,0.0,OC1=NOC=N1,,[]
57,1066.476824,0.5,0.070235,0.9,0.199600,13.6,18.158000,0.1,O=C1NC=NC=N1,,[]
57,1097.616354,0.6,0.068100,0.7,0.193700,10.8,18.595000,0.2,O=CC1=CN=CO1,,[]
57,1104.625635,0.7,0.068208,0.8,0.184400,7.8,18.790000,0.3,O=C1OC=CC=N1,,[]
57,1163.030452,1.2,0.082142,2.3,0.158200,1.9,25.081000,5.2,CC1=NC(=N)ON=N1,,[]
57,1163.994306,1.2,0.065546,0.5,0.145600,0.7,24.558000,4.0,O=CN1N=NC=NC1=O,,[]
57,1189.593555,1.5,0.073428,1.1,0.156100,1.6,22.343000,1.4,FC1=CNC(=O)C=N1,,[]
57,1196.291591,1.5,0.069142,0.9,0.155500,1.6,21.003000,0.7,O1N=C2N=CC=NC2=N1,,[]
57,1197.608106,1.5,0.063697,0.4,0.141900,0.4,25.439000,5.9,O=CC(=O)C1=CN=NO1,,[]
57,1207.800743,1.7,0.090604,4.3,0.126000,0.1,21.993000,1.2,O=C1CNCC1=O,,[]
57,1253.366716,2.2,0.076146,1.5,0.135600,0.2,26.234000,8.5,N=C1ON=CC(C=O)=N1,,[]
57,1295.165749,3.1,0.073640,1.1,0.121600,0.1,30.735000,41.8,NC(=O)C(=O)C(=O)C=O,,[]
57,1320.909953,3.6,0.080353,2.2,0.145900,0.7,22.703000,1.7,O1C=NC2=NC=CC2=N1,,[]
57,1342.710887,4.5,0.102209,8.7,0.093800,0.0,30.012000,34.5,NC(=[NH2+])C1=NOC(=N)[N-]1,,[]
57,1372.848912,5.9,0.090519,4.2,0.135300,0.2,27.719000,15.9,N=C1NN=CC(=N1)C#C,,[]
57,1416.025329,7.6,0.102126,8.6,0.119800,0.0,29.360000,28.7,NC=[NH+]C1=C([O-])OC=N1,,[]
57,1646.727305,30.9,0.136508,36.6,0.120100,0.1,27.664000,15.4,CC12C3C1N1CC3N=C21,,[]
58,718.337705,0.0,0.041434,0.1,0.164100,2.8,18.939000,0.3,N=C1N=NON=N1,,[]
58,730.411615,0.0,0.050629,0.1,0.203800,16.0,16.477000,0.1,NC1=NON=N1,,[]
58,752.023669,0.0,0.031734,0.0,0.229500,37.6,16.954000,0.1,N#CC1=NON=N1,,[]
58,761.150167,0.1,0.079754,2.2,0.341700,98.5,13.546000,0.0,CCO,,[]
58,798.442427,0.1,0.055704,0.2,0.219100,28.1,15.692000,0.0,O=CNC=O,,[]
58,807.956098,0.1,0.033974,0.0,0.158400,1.9,21.297000,0.9,FC1=NON=NC1=O,,[]
58,811.319549,0.1,0.051400,0.1,0.246900,48.4,15.356000,0.0,OC1=NOC=N1,,[]
58,1066.476824,0.5,0.070235,0.9,0.199600,13.7,18.158000,0.1,O=C1NC=NC=N1,,[]
58,1097.616354,0.6,0.068100,0.7,0.193700,10.8,18.595000,0.2,O=CC1=CN=CO1,,[]
58,1104.625635,0.7,0.068208,0.8,0.184400,7.8,18.790000,0.3,O=C1OC=CC=N1,,[]
58,1163.030452,1.2,0.082142,2.3,0.158200,1.9,25.081000,5.1,CC1=NC(=N)ON=N1,,[]
58,1163.994306,1.2,0.065546,0.6,0.145600,0.7,24.558000,3.9,O=CN1N=NC=NC1=O,,[]
58,1189.593555,1.5,0.073428,1.1,0.156100,1.6,22.343000,1.4,FC1=CNC(=O)C=N1,,[]
58,1196.291591,1.5,0.069142,0.9,0.155500,1.6,21.003000,0.7,O1N=C2N=CC=NC2=N1,,[]
58,1197.608106,1.5,0.063697,0.4,0.141900,0.4,25.439000,5.9,O=CC(=O)C1=CN=NO1,,[]
58,1207.800743,1.7,0.090604,4.3,0.126000,0.1,21.993000,1.2,O=C1CNCC1=O,,[]
58,1253.366716,2.2,0.076146,1.5,0.135600,0.2,26.234000,8.5,N=C1ON=CC(C=O)=N1,,[]
58,1295.165749,3.1,0.073640,1.1,0.121600,0.1,30.735000,41.7,NC(=O)C(=O)C(=O)C=O,,[]
58,1320.909953,3.6,0.080353,2.2,0.145900,0.7,22.703000,1.7,O1C=NC2=NC=CC2=N1,,[]
58,1342.710887,4.5,0.102209,8.6,0.093800,0.0,30.012000,34.4,NC(=[NH2+])C1=NOC(=N)[N-]1,,[]
58,1372.848912,5.8,0.090519,4.2,0.135300,0.2,27.719000,15.8,N=C1NN=CC(=N1)C#C,,[]
58,1416.025329,7.6,0.102126,8.6,0.119800,0.0,29.360000,28.6,NC=[NH+]C1=C([O-])OC=N1,,[]
58,1646.727305,31.0,0.136508,36.6,0.120100,0.1,27.664000,15.4,CC12C3C1N1CC3N=C21,,[]
59,718.337705,0.0,0.041434,0.1,0.164100,2.8,18.939000,0.3,N=C1N=NON=N1,,[]
59,730.411615,0.0,0.050629,0.1,0.203800,16.1,16.477000,0.1,NC1=NON=N1,,[]
59,752.023669,0.0,0.031734,0.0,0.229500,37.6,16.954000,0.1,N#CC1=NON=N1,,[]
59,761.150167,0.1,0.079754,2.2,0.341700,98.5,13.546000,0.0,CCO,,[]
59,798.442427,0.1,0.055704,0.2,0.219100,28.2,15.692000,0.0,O=CNC=O,,[]
59,807.956098,0.1,0.033974,0.0,0.158400,1.9,21.297000,0.8,FC1=NON=NC1=O,,[]
59,811.319549,0.1,0.051400,0.1,0.246900,48.5,15.356000,0.0,OC1=NOC=N1,,[]
59,1066.476824,0.5,0.070235,0.9,0.199600,13.7,18.158000,0.1,O=C1NC=NC=N1,,[]
59,1097.616354,0.6,0.068100,0.8,0.193700,10.8,18.595000,0.2,O=CC1=CN=CO1,,[]
59,1104.625635,0.7,0.068208,0.8,0.184400,7.8,18.790000,0.3,O=C1OC=CC=N1,,[]
59,1163.030452,1.2,0.082142,2.3,0.158200,1.8,25.081000,5.1,CC1=NC(=N)ON=N1,,[]
59,1163.994306,1.2,0.065546,0.6,0.145600,0.6,24.558000,3.9,O=CN1N=NC=NC1=O,,[]
59,1189.593555,1.5,0.073428,1.1,0.156100,1.6,22.343000,1.3,FC1=CNC(=O)C=N1,,[]
59,1196.291591,1.5,0.069142,0.9,0.155500,1.6,21.003000,0.7,O1N=C2N=CC=NC2=N1,,[]
59,1197.608106,1.5,0.063697,0.4,0.141900,0.4,25.439000,5.9,O=CC(=O)C1=CN=NO1,,[]
59,1207.800743,1.7,0.090604,4.3,0.126000,0.1,21.993000,1.2,O=C1CNCC1=O,,[]
59,1253.366716,2.1,0.076146,1.6,0.135600,0.2,26.234000,8.5,N=C1ON=CC(C=O)=N1,,[]
59,1295.165749,3.1,0.073640,1.1,0.121600,0.1,30.735000,41.7,NC(=O)C(=O)C(=O)C=O,,[]
59,1320.909953,3.6,0.080353,2.2,0.145900,0.7,22.703000,1.7,O1C=NC2=NC=CC2=N1,,[]
59,1342.710887,4.5,0.102209,8.7,0.093800,0.0,30.012000,34.5,NC(=[NH2+])C1=NOC(=N)[N-]1,,[]
59,1372.848912,5.9,0.090519,4.2,0.135300,0.2,27.719000,15.8,N=C1NN=CC(=N1)C#C,,[]
59,1416.025329,7.7,0.102126,8.6,0.119800,0.0,29.360000,28.6,NC=[NH+]C1=C([O-])OC=N1,,[]
59,1646.727305,30.9,0.136508,36.6,0.120100,0.1,27.664000,15.4,CC12C3C1N1CC3N=C21,,[]
60,718.337705,0.0,0.041434,0.1,0.164100,2.8,18.939000,0.3,N=C1N=NON=N1,,[]
60,730.411615,0.0,0.050629,0.1,0.203800,16.1,16.477000,0.1,NC1=NON=N1,,[]
60,752.023669,0.0,0.031734,0.0,0.229500,37.7,16.954000,0.1,N#CC1=NON=N1,,[]
60,761.150167,0.1,0.079754,2.2,0.341700,98.5,13.546000,0.0,CCO,,[]
60,798.442427,0.1,0.055704,0.2,0.219100,28.2,15.692000,0.0,O=CNC=O,,[]
60,807.956098,0.1,0.033974,0.0,0.158400,1.9,21.297000,0.8,FC1=NON=NC1=O,,[]
60,811.319549,0.1,0.051400,0.1,0.246900,48.6,15.356000,0.0,OC1=NOC=N1,,[]
60,1066.476824,0.5,0.070235,0.9,0.199600,13.8,18.158000,0.1,O=C1NC=NC=N1,,[]
60,1097.616354,0.6,0.068100,0.7,0.193700,10.9,18.595000,0.2,O=CC1=CN=CO1,,[]
60,1104.625635,0.7,0.068208,0.8,0.184400,7.9,18.790000,0.3,O=C1OC=CC=N1,,[]
60,1163.030452,1.2,0.082142,2.3,0.158200,1.9,25.081000,5.1,CC1=NC(=N)ON=N1,,[]
60,1163.994306,1.2,0.065546,0.6,0.145600,0.7,24.558000,3.9,O=CN1N=NC=NC1=O,,[]
60,1189.593555,1.4,0.073428,1.1,0.156100,1.6,22.343000,1.3,FC1=CNC(=O)C=N1,,[]
60,1196.291591,1.5,0.069142,0.9,0.155500,1.6,21.003000,0.7,O1N=C2N=CC=NC2=N1,,[]
60,1197.608106,1.5,0.063697,0.4,0.141900,0.4,25.439000,5.9,O=CC(=O)C1=CN=NO1,,[]
60,1204.963145,1.6,0.068878,0.8,0.157600,1.8,21.406000,0.9,O1N=CN=C2N=CN=C12,,[]
60,1207.800743,1.7,0.090604,4.3,0.126000,0.1,21.993000,1.2,O=C1CNCC1=O,,[]
60,1253.366716,2.2,0.076146,1.5,0.135600,0.2,26.234000,8.5,N=C1ON=CC(C=O)=N1,,[]
60,1295.165749,3.1,0.073640,1.1,0.121600,0.1,30.735000,41.7,NC(=O)C(=O)C(=O)C=O,,[]
60,1320.909953,3.6,0.080353,2.2,0.145900,0.7,22.703000,1.7,O1C=NC2=NC=CC2=N1,,[]
60,1342.710887,4.5,0.102209,8.7,0.093800,0.0,30.012000,34.5,NC(=[NH2+])C1=NOC(=N)[N-]1,,[]
60,1372.848912,5.8,0.090519,4.3,0.135300,0.2,27.719000,15.8,N=C1NN=CC(=N1)C#C,,[]
60,1416.025329,7.6,0.102126,8.6,0.119800,0.1,29.360000,28.6,NC=[NH+]C1=C([O-])OC=N1,,[]
60,1480.478710,11.8,0.117904,17.7,0.119100,0.0,27.384000,13.8,CN1CC(=O)C(=O)C1,,[]
61,718.337705,0.0,0.041434,0.0,0.164100,2.8,18.939000,0.3,N=C1N=NON=N1,,[]
61,730.411615,0.0,0.050629,0.1,0.203800,16.1,16.477000,0.0,NC1=NON=N1,,[]
61,752.023669,0.0,0.031734,0.0,0.229500,37.7,16.954000,0.1,N#CC1=NON=N1,,[]
61,761.150167,0.0,0.079754,2.2,0.341700,98.5,13.546000,0.0,CCO,,[]
61,798.442427,0.1,0.055704,0.2,0.219100,28.2,15.692000,0.0,O=CNC=O,,[]
61,807.956098,0.1,0.033974,0.0,0.158400,1.9,21.297000,0.8,FC1=NON=NC1=O,,[]
61,811.319549,0.1,0.051400,0.1,0.246900,48.5,15.356000,0.0,OC1=NOC=N1,,[]
61,1066.476824,0.5,0.070235,0.9,0.199600,13.8,18.158000,0.1,O=C1NC=NC=N1,,[]
61,1097.616354,0.6,0.068100,0.7,0.193700,10.8,18.595000,0.2,O=CC1=CN=CO1,,[]
61,1104.625635,0.7,0.068208,0.8,0.184400,7.8,18.790000,0.3,O=C1OC=CC=N1,,[]
61,1163.030452,1.2,0.082142,2.3,0.158200,1.9,25.081000,5.0,CC1=NC(=N)ON=N1,,[]
61,1163.994306,1.2,0.065546,0.5,0.145600,0.7,24.558000,3.9,O=CN1N=NC=NC1=O,,[]
61,1189.593555,1.4,0.073428,1.0,0.156100,1.6,22.343000,1.3,FC1=CNC(=O)C=N1,,[]
61,1196.291591,1.5,0.069142,0.9,0.155500,1.6,21.003000,0.7,O1N=C2N=CC=NC2=N1,,[]
61,1197.608106,1.5,0.063697,0.4,0.141900,0.4,25.439000,5.8,O=CC(=O)C1=CN=NO1,,[]
61,1204.963145,1.6,0.068878,0.8,0.157600,1.8,21.406000,0.9,O1N=CN=C2N=CN=C12,,[]
61,1207.800743,1.7,0.090604,4.2,0.126000,0.1,21.993000,1.2,O=C1CNCC1=O,,[]
61,1253.366716,2.1,0.076146,1.5,0.135600,0.2,26.234000,8.4,N=C1ON=CC(C=O)=N1,,[]
61,1295.165749,3.1,0.073640,1.1,0.121600,0.1,30.735000,41.7,NC(=O)C(=O)C(=O)C=O,,[]
61,1320.909953,3.6,0.080353,2.2,0.145900,0.7,22.703000,1.7,O1C=NC2=NC=CC2=N1,,[]
61,1342.710887,4.5,0.102209,8.6,0.093800,0.0,30.012000,34.4,NC(=[NH2+])C1=NOC(=N)[N-]1,,[]
61,1372.848912,5.8,0.090519,4.2,0.135300,0.2,27.719000,15.7,N=C1NN=CC(=N1)C#C,,[]
61,1416.025329,7.5,0.102126,8.6,0.119800,0.0,29.360000,28.5,NC=[NH+]C1=C([O-])OC=N1,,[]
61,1480.478710,11.8,0.117904,17.7,0.119100,0.0,27.384000,13.7,CN1CC(=O)C(=O)C1,,[]
62,718.337705,0.0,0.041434,0.0,0.164100,2.8,18.939000,0.3,N=C1N=NON=N1,,[]
62,730.411615,0.0,0.050629,0.1,0.203800,16.1,16.477000,0.0,NC1=NON=N1,,[]
62,752.023669,0.0,0.031734,0.0,0.229500,37.8,16.954000,0.1,N#CC1=NON=N1,,[]
62,761.150167,0.0,0.079754,2.2,0.341700,98.5,13.546000,0.0,CCO,,[]
62,798.442427,0.1,0.055704,0.2,0.219100,28.3,15.692000,0.0,O=CNC=O,,[]
62,807.956098,0.1,0.033974,0.0,0.158400,1.9,21.297000,0.8,FC1=NON=NC1=O,,[]
62,811.319549,0.1,0.051400,0.1,0.246900,48.6,15.356000,0.0,OC1=NOC=N1,,[]
62,1066.476824,0.5,0.070235,0.9,0.199600,13.8,18.158000,0.1,O=C1NC=NC=N1,,[]
62,1083.834364,0.6,0.045498,0.1,0.153800,1.3,25.522000,6.0,O=C(C#C)C(=O)C#N,,[]
62,1097.616354,0.6,0.068100,0.7,0.193700,10.8,18.595000,0.2,O=CC1=CN=CO1,,[]
62,1104.625635,0.7,0.068208,0.8,0.184400,7.8,18.790000,0.3,O=C1OC=CC=N1,,[]
62,1163.030452,1.2,0.082142,2.3,0.158200,1.9,25.081000,5.0,CC1=NC(=N)ON=N1,,[]
62,1163.994306,1.2,0.065546,0.6,0.145600,0.7,24.558000,3.9,O=CN1N=NC=NC1=O,,[]
62,1189.593555,1.4,0.073428,1.0,0.156100,1.6,22.343000,1.3,FC1=CNC(=O)C=N1,,[]
62,1196.291591,1.5,0.069142,0.9,0.155500,1.6,21.003000,0.7,O1N=C2N=CC=NC2=N1,,[]
62,1197.608106,1.5,0.063697,0.4,0.141900,0.4,25.439000,5.8,O=CC(=O)C1=CN=NO1,,[]
62,1204.963145,1.6,0.068878,0.8,0.157600,1.8,21.406000,0.9,O1N=CN=C2N=CN=C12,,[]
62,1207.800743,1.7,0.090604,4.2,0.126000,0.1,21.993000,1.2,O=C1CNCC1=O,,[]
62,1253.366716,2.1,0.076146,1.5,0.135600,0.2,26.234000,8.4,N=C1ON=CC(C=O)=N1,,[]
62,1295.165749,3.1,0.073640,1.1,0.121600,0.1,30.735000,41.7,NC(=O)C(=O)C(=O)C=O,,[]
62,1320.909953,3.6,0.080353,2.2,0.145900,0.7,22.703000,1.6,O1C=NC2=NC=CC2=N1,,[]
62,1342.710887,4.5,0.102209,8.7,0.093800,0.0,30.012000,34.4,NC(=[NH2+])C1=NOC(=N)[N-]1,,[]
62,1372.848912,5.8,0.090519,4.2,0.135300,0.2,27.719000,15.7,N=C1NN=CC(=N1)C#C,,[]
62,1416.025329,7.5,0.102126,8.6,0.119800,0.0,29.360000,28.4,NC=[NH+]C1=C([O-])OC=N1,,[]
62,1480.478710,11.8,0.117904,17.7,0.119100,0.0,27.384000,13.7,CN1CC(=O)C(=O)C1,,[]
63,718.337705,0.0,0.041434,0.0,0.164100,2.8,18.939000,0.3,N=C1N=NON=N1,,[]
63,730.411615,0.0,0.050629,0.1,0.203800,16.1,16.477000,0.0,NC1=NON=N1,,[]
63,752.023669,0.0,0.031734,0.0,0.229500,37.8,16.954000,0.1,N#CC1=NON=N1,,[]
63,761.150167,0.0,0.079754,2.2,0.341700,98.5,13.546000,0.0,CCO,,[]
63,798.442427,0.1,0.055704,0.2,0.219100,28.3,15.692000,0.0,O=CNC=O,,[]
63,807.956098,0.1,0.033974,0.0,0.158400,1.9,21.297000,0.8,FC1=NON=NC1=O,,[]
63,811.319549,0.1,0.051400,0.1,0.246900,48.8,15.356000,0.0,OC1=NOC=N1,,[]
63,1066.476824,0.5,0.070235,0.9,0.199600,13.8,18.158000,0.1,O=C1NC=NC=N1,,[]
63,1083.834364,0.6,0.045498,0.1,0.153800,1.3,25.522000,6.1,O=C(C#C)C(=O)C#N,,[]
63,1097.616354,0.6,0.068100,0.7,0.193700,10.9,18.595000,0.2,O=CC1=CN=CO1,,[]
63,1104.625635,0.7,0.068208,0.8,0.184400,7.8,18.790000,0.3,O=C1OC=CC=N1,,[]
63,1163.030452,1.2,0.082142,2.3,0.158200,1.9,25.081000,5.0,CC1=NC(=N)ON=N1,,[]
63,1163.994306,1.2,0.065546,0.6,0.145600,0.7,24.558000,3.8,O=CN1N=NC=NC1=O,,[]
63,1189.593555,1.4,0.073428,1.1,0.156100,1.6,22.343000,1.3,FC1=CNC(=O)C=N1,,[]
63,1196.291591,1.5,0.069142,0.9,0.155500,1.6,21.003000,0.7,O1N=C2N=CC=NC2=N1,,[]
63,1197.608106,1.5,0.063697,0.4,0.141900,0.4,25.439000,5.8,O=CC(=O)C1=CN=NO1,,[]
63,1204.963145,1.6,0.068878,0.8,0.157600,1.8,21.406000,0.9,O1N=CN=C2N=CN=C12,,[]
63,1207.800743,1.7,0.090604,4.2,0.126000,0.1,21.993000,1.2,O=C1CNCC1=O,,[]
63,1253.366716,2.1,0.076146,1.5,0.135600,0.2,26.234000,8.4,N=C1ON=CC(C=O)=N1,,[]
63,1295.165749,3.1,0.073640,1.1,0.121600,0.1,30.735000,41.8,NC(=O)C(=O)C(=O)C=O,,[]
63,1320.909953,3.6,0.080353,2.2,0.145900,0.7,22.703000,1.6,O1C=NC2=NC=CC2=N1,,[]
63,1342.710887,4.5,0.102209,8.7,0.093800,0.0,30.012000,34.5,NC(=[NH2+])C1=NOC(=N)[N-]1,,[]
63,1372.848912,5.8,0.090519,4.2,0.135300,0.2,27.719000,15.6,N=C1NN=CC(=N1)C#C,,[]
63,1416.025329,7.6,0.102126,8.6,0.119800,0.0,29.360000,28.5,NC=[NH+]C1=C([O-])OC=N1,,[]
63,1480.478710,11.8,0.117904,17.6,0.119100,0.0,27.384000,13.6,CN1CC(=O)C(=O)C1,,[]
64,718.337705,0.0,0.041434,0.0,0.164100,2.7,18.939000,0.3,N=C1N=NON=N1,,[]
64,730.411615,0.0,0.050629,0.1,0.203800,16.1,16.477000,0.0,NC1=NON=N1,,[]
64,752.023669,0.0,0.031734,0.0,0.229500,37.8,16.954000,0.1,N#CC1=NON=N1,,[]
64,761.150167,0.0,0.079754,2.2,0.341700,98.5,13.546000,0.0,CCO,,[]
64,798.442427,0.1,0.055704,0.2,0.219100,28.2,15.692000,0.0,O=CNC=O,,[]
64,807.956098,0.1,0.033974,0.0,0.158400,1.9,21.297000,0.8,FC1=NON=NC1=O,,[]
64,811.319549,0.1,0.051400,0.1,0.246900,48.8,15.356000,0.0,OC1=NOC=N1,,[]
64,1066.476824,0.5,0.070235,0.9,0.199600,13.8,18.158000,0.1,O=C1NC=NC=N1,,[]
64,1083.834364,0.6,0.045498,0.1,0.153800,1.3,25.522000,6.0,O=C(C#C)C(=O)C#N,,[]
64,1097.616354,0.6,0.068100,0.7,0.193700,10.9,18.595000,0.2,O=CC1=CN=CO1,,[]
64,1104.625635,0.7,0.068208,0.8,0.184400,7.8,18.790000,0.3,O=C1OC=CC=N1,,[]
64,1163.030452,1.1,0.082142,2.3,0.158200,1.8,25.081000,4.9,CC1=NC(=N)ON=N1,,[]
64,1163.994306,1.2,0.065546,0.6,0.145600,0.6,24.558000,3.8,O=CN1N=NC=NC1=O,,[]
64,1189.593555,1.4,0.073428,1.1,0.156100,1.6,22.343000,1.3,FC1=CNC(=O)C=N1,,[]
64,1196.291591,1.5,0.069142,0.9,0.155500,1.5,21.003000,0.7,O1N=C2N=CC=NC2=N1,,[]
64,1197.608106,1.5,0.063697,0.5,0.141900,0.4,25.439000,5.8,O=CC(=O)C1=CN=NO1,,[]
64,1204.963145,1.6,0.068878,0.8,0.157600,1.7,21.406000,0.9,O1N=CN=C2N=CN=C12,,[]
64,1207.800743,1.7,0.090604,4.2,0.126000,0.1,21.993000,1.1,O=C1CNCC1=O,,[]
64,1253.366716,2.1,0.076146,1.5,0.135600,0.2,26.234000,8.4,N=C1ON=CC(C=O)=N1,,[]
64,1295.165749,3.1,0.073640,1.1,0.121600,0.1,30.735000,41.8,NC(=O)C(=O)C(=O)C=O,,[]
64,1320.909953,3.6,0.080353,2.2,0.145900,0.7,22.703000,1.6,O1C=NC2=NC=CC2=N1,,[]
64,1342.710887,4.5,0.102209,8.6,0.093800,0.0,30.012000,34.4,NC(=[NH2+])C1=NOC(=N)[N-]1,,[]
64,1372.848912,5.8,0.090519,4.2,0.135300,0.2,27.719000,15.7,N=C1NN=CC(=N1)C#C,,[]
64,1416.025329,7.5,0.102126,8.6,0.119800,0.0,29.360000,28.5,NC=[NH+]C1=C([O-])OC=N1,,[]
64,1480.478710,11.7,0.117904,17.6,0.119100,0.0,27.384000,13.7,CN1CC(=O)C(=O)C1,,[]
65,718.337705,0.0,0.041434,0.0,0.164100,2.7,18.939000,0.3,N=C1N=NON=N1,,[]
65,730.411615,0.0,0.050629,0.1,0.203800,16.1,16.477000,0.0,NC1=NON=N1,,[]
65,752.023669,0.0,0.031734,0.0,0.229500,37.7,16.954000,0.1,N#CC1=NON=N1,,[]
65,761.150167,0.0,0.079754,2.1,0.341700,98.5,13.546000,0.0,CCO,,[]
65,798.442427,0.1,0.055704,0.2,0.219100,28.2,15.692000,0.0,O=CNC=O,,[]
65,807.956098,0.1,0.033974,0.0,0.158400,1.9,21.297000,0.8,FC1=NON=NC1=O,,[]
65,811.319549,0.1,0.051400,0.1,0.246900,48.8,15.356000,0.0,OC1=NOC=N1,,[]
65,1066.476824,0.5,0.070235,0.9,0.199600,13.8,18.158000,0.1,O=C1NC=NC=N1,,[]
65,1083.834364,0.6,0.045498,0.1,0.153800,1.2,25.522000,6.0,O=C(C#C)C(=O)C#N,,[]
65,1097.616354,0.6,0.068100,0.7,0.193700,10.9,18.595000,0.2,O=CC1=CN=CO1,,[]
65,1104.625635,0.7,0.068208,0.8,0.184400,7.8,18.790000,0.2,O=C1OC=CC=N1,,[]
65,1163.030452,1.1,0.082142,2.3,0.158200,1.8,25.081000,4.9,CC1=NC(=N)ON=N1,,[]
65,1163.994306,1.1,0.065546,0.6,0.145600,0.6,24.558000,3.8,O=CN1N=NC=NC1=O,,[]
65,1189.593555,1.4,0.073428,1.1,0.156100,1.6,22.343000,1.3,FC1=CNC(=O)C=N1,,[]
65,1196.291591,1.5,0.069142,0.9,0.155500,1.5,21.003000,0.7,O1N=C2N=CC=NC2=N1,,[]
65,1197.608106,1.5,0.063697,0.4,0.141900,0.4,25.439000,5.8,O=CC(=O)C1=CN=NO1,,[]
65,1204.963145,1.6,0.068878,0.8,0.157600,1.8,21.406000,0.9,O1N=CN=C2N=CN=C12,,[]
65,1207.800743,1.7,0.090604,4.2,0.126000,0.1,21.993000,1.1,O=C1CNCC1=O,,[]
65,1253.366716,2.1,0.076146,1.5,0.135600,0.2,26.234000,8.4,N=C1ON=CC(C=O)=N1,,[]
65,1295.165749,3.0,0.073640,1.1,0.121600,0.1,30.735000,41.8,NC(=O)C(=O)C(=O)C=O,,[]
65,1320.909953,3.5,0.080353,2.2,0.145900,0.7,22.703000,1.6,O1C=NC2=NC=CC2=N1,,[]
65,1342.710887,4.4,0.102209,8.6,0.093800,0.0,30.012000,34.4,NC(=[NH2+])C1=NOC(=N)[N-]1,,[]
65,1372.848912,5.7,0.090519,4.1,0.135300,0.2,27.719000,15.8,N=C1NN=CC(=N1)C#C,,[]
65,1416.025329,7.5,0.102126,8.5,0.119800,0.0,29.360000,28.6,NC=[NH+]C1=C([O-])OC=N1,,[]
65,1480.478710,11.7,0.117904,17.6,0.119100,0.0,27.384000,13.7,CN1CC(=O)C(=O)C1,,[]
66,718.337705,0.0,0.041434,0.0,0.164100,2.7,18.939000,0.3,N=C1N=NON=N1,,[]
66,730.411615,0.0,0.050629,0.1,0.203800,16.0,16.477000,0.0,NC1=NON=N1,,[]
66,752.023669,0.0,0.031734,0.0,0.229500,37.8,16.954000,0.1,N#CC1=NON=N1,,[]
66,761.150167,0.0,0.079754,2.1,0.341700,98.5,13.546000,0.0,CCO,,[]
66,798.442427,0.1,0.055704,0.2,0.219100,28.1,15.692000,0.0,O=CNC=O,,[]
66,807.956098,0.1,0.033974,0.0,0.158400,1.9,21.297000,0.8,FC1=NON=NC1=O,,[]
66,811.319549,0.1,0.051400,0.1,0.246900,48.9,15.356000,0.0,OC1=NOC=N1,,[]
66,1066.476824,0.5,0.070235,0.9,0.199600,13.8,18.158000,0.1,O=C1NC=NC=N1,,[]
66,1083.834364,0.6,0.045498,0.1,0.153800,1.2,25.522000,5.9,O=C(C#C)C(=O)C#N,,[]
66,1097.616354,0.6,0.068100,0.7,0.193700,10.9,18.595000,0.2,O=CC1=CN=CO1,,[]
66,1104.625635,0.6,0.068208,0.7,0.184400,7.8,18.790000,0.2,O=C1OC=CC=N1,,[]
66,1163.030452,1.1,0.082142,2.2,0.158200,1.8,25.081000,4.9,CC1=NC(=N)ON=N1,,[]
66,1163.994306,1.1,0.065546,0.5,0.145600,0.6,24.558000,3.7,O=CN1N=NC=NC1=O,,[]
66,1189.593555,1.4,0.073428,1.0,0.156100,1.6,22.343000,1.3,FC1=CNC(=O)C=N1,,[]
66,1196.291591,1.4,0.069142,0.8,0.155500,1.5,21.003000,0.7,O1N=C2N=CC=NC2=N1,,[]
66,1197.608106,1.5,0.063697,0.4,0.141900,0.4,25.439000,5.7,O=CC(=O)C1=CN=NO1,,[]
66,1204.963145,1.6,0.068878,0.8,0.157600,1.8,21.406000,0.9,O1N=CN=C2N=CN=C12,,[]
66,1207.800743,1.6,0.090604,4.1,0.126000,0.1,21.993000,1.1,O=C1CNCC1=O,,[]
66,1253.366716,2.1,0.076146,1.5,0.135600,0.2,26.234000,8.3,N=C1ON=CC(C=O)=N1,,[]
66,1295.165749,3.0,0.073640,1.1,0.121600,0.1,30.735000,41.7,NC(=O)C(=O)C(=O)C=O,,[]
66,1320.909953,3.5,0.080353,2.1,0.145900,0.7,22.703000,1.6,O1C=NC2=NC=CC2=N1,,[]
66,1342.710887,4.4,0.102209,8.5,0.093800,0.0,30.012000,34.4,NC(=[NH2+])C1=NOC(=N)[N-]1,,[]
66,1372.848912,5.6,0.090519,4.1,0.135300,0.2,27.719000,15.6,N=C1NN=CC(=N1)C#C,,[]
66,1416.025329,7.4,0.102126,8.4,0.119800,0.0,29.360000,28.5,NC=[NH+]C1=C([O-])OC=N1,,[]
66,1480.478710,11.6,0.117904,17.5,0.119100,0.0,27.384000,13.6,CN1CC(=O)C(=O)C1,,[]
67,718.337705,0.0,0.041434,0.0,0.164100,2.7,18.939000,0.3,N=C1N=NON=N1,,[]
67,730.411615,0.0,0.050629,0.1,0.203800,16.0,16.477000,0.0,NC1=NON=N1,,[]
67,752.023669,0.0,0.031734,0.0,0.229500,37.7,16.954000,0.1,N#CC1=NON=N1,,[]
67,761.150167,0.0,0.079754,2.2,0.341700,98.5,13.546000,0.0,CCO,,[]
67,798.442427,0.1,0.055704,0.2,0.219100,28.1,15.692000,0.0,O=CNC=O,,[]
67,807.956098,0.1,0.033974,0.0,0.158400,1.8,21.297000,0.8,FC1=NON=NC1=O,,[]
67,811.319549,0.1,0.051400,0.1,0.246900,48.7,15.356000,0.0,OC1=NOC=N1,,[]
67,1066.476824,0.5,0.070235,0.9,0.199600,13.8,18.158000,0.1,O=C1NC=NC=N1,,[]
67,1083.834364,0.6,0.045498,0.1,0.153800,1.2,25.522000,6.0,O=C(C#C)C(=O)C#N,,[]
67,1097.616354,0.6,0.068100,0.7,0.193700,10.9,18.595000,0.2,O=CC1=CN=CO1,,[]
67,1104.625635,0.6,0.068208,0.8,0.184400,7.7,18.790000,0.3,O=C1OC=CC=N1,,[]
67,1163.030452,1.1,0.082142,2.3,0.158200,1.8,25.081000,4.9,CC1=NC(=N)ON=N1,,[]
67,1163.994306,1.1,0.065546,0.6,0.145600,0.6,24.558000,3.8,O=CN1N=NC=NC1=O,,[]
67,1189.593555,1.4,0.073428,1.0,0.156100,1.5,22.343000,1.3,FC1=CNC(=O)C=N1,,[]
67,1196.291591,1.4,0.069142,0.8,0.155500,1.5,21.003000,0.7,O1N=C2N=CC=NC2=N1,,[]
67,1197.608106,1.5,0.063697,0.5,0.141900,0.4,25.439000,5.7,O=CC(=O)C1=CN=NO1,,[]
67,1204.963145,1.6,0.068878,0.8,0.157600,1.7,21.406000,0.9,O1N=CN=C2N=CN=C12,,[]
67,1207.800743,1.6,0.090604,4.2,0.126000,0.1,21.993000,1.1,O=C1CNCC1=O,,[]
67,1253.366716,2.1,0.076146,1.5,0.135600,0.2,26.234000,8.3,N=C1ON=CC(C=O)=N1,,[]
67,1295.165749,3.0,0.073640,1.1,0.121600,0.1,30.735000,41.8,NC(=O)C(=O)C(=O)C=O,,[]
67,1320.909953,3.5,0.080353,2.2,0.145900,0.6,22.703000,1.6,O1C=NC2=NC=CC2=N1,,[]
67,1342.710887,4.4,0.102209,8.5,0.093800,0.0,30.012000,34.6,NC(=[NH2+])C1=NOC(=N)[N-]1,,[]
67,1372.848912,5.7,0.090519,4.1,0.135300,0.2,27.719000,15.8,N=C1NN=CC(=N1)C#C,,[]
67,1416.025329,7.4,0.102126,8.4,0.119800,0.0,29.360000,28.7,NC=[NH+]C1=C([O-])OC=N1,,[]
67,1480.478710,11.6,0.117904,17.5,0.119100,0.0,27.384000,13.7,CN1CC(=O)C(=O)C1,,[]
68,718.337705,0.0,0.041434,0.0,0.164100,2.7,18.939000,0.3,N=C1N=NON=N1,,[]
68,730.411615,0.0,0.050629,0.1,0.203800,16.0,16.477000,0.0,NC1=NON=N1,,[]
68,752.023669,0.0,0.031734,0.0,0.229500,37.7,16.954000,0.1,N#CC1=NON=N1,,[]
68,761.150167,0.0,0.079754,2.2,0.341700,98.6,13.546000,0.0,CCO,,[]
68,798.442427,0.1,0.055704,0.2,0.219100,28.1,15.692000,0.0,O=CNC=O,,[]
68,807.956098,0.1,0.033974,0.0,0.158400,1.9,21.297000,0.8,FC1=NON=NC1=O,,[]
68,811.319549,0.1,0.051400,0.1,0.246900,48.7,15.356000,0.0,OC1=NOC=N1,,[]
68,1066.476824,0.5,0.070235,0.9,0.199600,13.8,18.158000,0.1,O=C1NC=NC=N1,,[]
68,1083.834364,0.6,0.045498,0.1,0.153800,1.2,25.522000,6.0,O=C(C#C)C(=O)C#N,,[]
68,1097.616354,0.6,0.068100,0.7,0.193700,10.9,18.595000,0.2,O=CC1=CN=CO1,,[]
68,1104.625635,0.7,0.068208,0.8,0.184400,7.8,18.790000,0.3,O=C1OC=CC=N1,,[]
68,1108.489211,0.7,0.055740,0.2,0.098300,0.0,25.564000,6.1,O=CC(=O)C(=O)C=O,,[]
68,1163.030452,1.1,0.082142,2.3,0.158200,1.8,25.081000,4.9,CC1=NC(=N)ON=N1,,[]
68,1163.994306,1.2,0.065546,0.6,0.145600,0.6,24.558000,3.8,O=CN1N=NC=NC1=O,,[]
68,1189.593555,1.4,0.073428,1.0,0.156100,1.6,22.343000,1.3,FC1=CNC(=O)C=N1,,[]
68,1196.291591,1.5,0.069142,0.8,0.155500,1.5,21.003000,0.7,O1N=C2N=CC=NC2=N1,,[]
68,1197.608106,1.5,0.063697,0.5,0.141900,0.4,25.439000,5.7,O=CC(=O)C1=CN=NO1,,[]
68,1204.963145,1.6,0.068878,0.8,0.157600,1.7,21.406000,0.9,O1N=CN=C2N=CN=C12,,[]
68,1207.800743,1.6,0.090604,4.2,0.126000,0.1,21.993000,1.1,O=C1CNCC1=O,,[]
68,1320.909953,3.5,0.080353,2.2,0.145900,0.7,22.703000,1.6,O1C=NC2=NC=CC2=N1,,[]
68,1342.710887,4.4,0.102209,8.6,0.093800,0.0,30.012000,34.6,NC(=[NH2+])C1=NOC(=N)[N-]1,,[]
69,718.337705,0.0,0.041434,0.0,0.164100,2.7,18.939000,0.3,N=C1N=NON=N1,,[]
69,730.411615,0.0,0.050629,0.1,0.203800,16.0,16.477000,0.0,NC1=NON=N1,,[]
69,752.023669,0.0,0.031734,0.0,0.229500,37.6,16.954000,0.1,N#CC1=NON=N1,,[]
69,761.150167,0.0,0.079754,2.1,0.341700,98.6,13.546000,0.0,CCO,,[]
69,798.442427,0.1,0.055704,0.2,0.219100,28.0,15.692000,0.0,O=CNC=O,,[]
69,807.956098,0.1,0.033974,0.0,0.158400,1.9,21.297000,0.8,FC1=NON=NC1=O,,[]
69,811.319549,0.1,0.051400,0.1,0.246900,48.6,15.356000,0.0,OC1=NOC=N1,,[]
69,1066.476824,0.5,0.070235,0.8,0.199600,13.7,18.158000,0.1,O=C1NC=NC=N1,,[]
69,1083.834364,0.6,0.045498,0.1,0.153800,1.2,25.522000,6.0,O=C(C#C)C(=O)C#N,,[]
69,1097.616354,0.6,0.068100,0.7,0.193700,10.9,18.595000,0.2,O=CC1=CN=CO1,,[]
69,1104.625635,0.6,0.068208,0.7,0.184400,7.7,18.790000,0.2,O=C1OC=CC=N1,,[]
69,1108.489211,0.7,0.055740,0.2,0.098300,0.0,25.564000,6.1,O=CC(=O)C(=O)C=O,,[]
69,1163.030452,1.1,0.082142,2.2,0.158200,1.8,25.081000,4.9,CC1=NC(=N)ON=N1,,[]
69,1163.994306,1.1,0.065546,0.6,0.145600,0.6,24.558000,3.8,O=CN1N=NC=NC1=O,,[]
69,1189.593555,1.4,0.073428,1.0,0.156100,1.5,22.343000,1.3,FC1=CNC(=O)C=N1,,[]
69,1196.291591,1.4,0.069142,0.8,0.155500,1.5,21.003000,0.7,O1N=C2N=CC=NC2=N1,,[]
69,1197.608106,1.5,0.063697,0.5,0.141900,0.4,25.439000,5.7,O=CC(=O)C1=CN=NO1,,[]
69,1204.963145,1.6,0.068878,0.8,0.157600,1.7,21.406000,0.9,O1N=CN=C2N=CN=C12,,[]
69,1207.800743,1.6,0.090604,4.1,0.126000,0.1,21.993000,1.1,O=C1CNCC1=O,,[]
69,1320.909953,3.5,0.080353,2.2,0.145900,0.7,22.703000,1.6,O1C=NC2=NC=CC2=N1,,[]
69,1342.710887,4.3,0.102209,8.5,0.093800,0.0,30.012000,34.5,NC(=[NH2+])C1=NOC(=N)[N-]1,,[]
70,718.337705,0.0,0.041434,0.0,0.164100,2.8,18.939000,0.3,N=C1N=NON=N1,,[]
70,730.411615,0.0,0.050629,0.1,0.203800,15.9,16.477000,0.0,NC1=NON=N1,,[]
70,752.023669,0.0,0.031734,0.0,0.229500,37.5,16.954000,0.1,N#CC1=NON=N1,,[]
70,761.150167,0.0,0.079754,2.1,0.341700,98.6,13.546000,0.0,CCO,,[]
70,798.442427,0.1,0.055704,0.2,0.219100,27.9,15.692000,0.0,O=CNC=O,,[]
70,807.956098,0.1,0.033974,0.0,0.158400,1.9,21.297000,0.8,FC1=NON=NC1=O,,[]
70,811.319549,0.1,0.051400,0.1,0.246900,48.6,15.356000,0.0,OC1=NOC=N1,,[]
70,1066.476824,0.5,0.070235,0.8,0.199600,13.7,18.158000,0.1,O=C1NC=NC=N1,,[]
70,1083.834364,0.5,0.045498,0.1,0.153800,1.3,25.522000,6.0,O=C(C#C)C(=O)C#N,,[]
70,1097.616354,0.6,0.068100,0.7,0.193700,10.9,18.595000,0.2,O=CC1=CN=CO1,,[]
70,1104.625635,0.6,0.068208,0.7,0.184400,7.7,18.790000,0.2,O=C1OC=CC=N1,,[]
70,1108.489211,0.7,0.055740,0.2,0.098300,0.0,25.564000,6.1,O=CC(=O)C(=O)C=O,,[]
70,1163.030452,1.1,0.082142,2.2,0.158200,1.8,25.081000,4.9,CC1=NC(=N)ON=N1,,[]
70,1163.994306,1.1,0.065546,0.5,0.145600,0.7,24.558000,3.8,O=CN1N=NC=NC1=O,,[]
70,1189.593555,1.4,0.073428,1.0,0.156100,1.6,22.343000,1.3,FC1=CNC(=O)C=N1,,[]
70,1196.291591,1.4,0.069142,0.8,0.155500,1.5,21.003000,0.7,O1N=C2N=CC=NC2=N1,,[]
70,1197.608106,1.5,0.063697,0.4,0.141900,0.4,25.439000,5.8,O=CC(=O)C1=CN=NO1,,[]
70,1204.963145,1.6,0.068878,0.8,0.157600,1.7,21.406000,0.9,O1N=CN=C2N=CN=C12,,[]
70,1207.800743,1.6,0.090604,4.1,0.126000,0.1,21.993000,1.2,O=C1CNCC1=O,,[]
70,1320.909953,3.5,0.080353,2.2,0.145900,0.7,22.703000,1.6,O1C=NC2=NC=CC2=N1,,[]
70,1342.710887,4.3,0.102209,8.5,0.093800,0.0,30.012000,34.4,NC(=[NH2+])C1=NOC(=N)[N-]1,,[]
71,718.337705,0.0,0.041434,0.0,0.164100,2.8,18.939000,0.3,N=C1N=NON=N1,,[]
71,730.411615,0.0,0.050629,0.1,0.203800,15.9,16.477000,0.0,NC1=NON=N1,,[]
71,752.023669,0.0,0.031734,0.0,0.229500,37.4,16.954000,0.1,N#CC1=NON=N1,,[]
71,761.150167,0.0,0.079754,2.1,0.341700,98.6,13.546000,0.0,CCO,,[]
71,798.442427,0.1,0.055704,0.2,0.219100,27.8,15.692000,0.0,O=CNC=O,,[]
71,807.956098,0.1,0.033974,0.0,0.158400,1.9,21.297000,0.8,FC1=NON=NC1=O,,[]
71,811.319549,0.1,0.051400,0.1,0.246900,48.5,15.356000,0.0,OC1=NOC=N1,,[]
71,1066.476824,0.5,0.070235,0.8,0.199600,13.6,18.158000,0.1,O=C1NC=NC=N1,,[]
71,1083.834364,0.5,0.045498,0.1,0.153800,1.2,25.522000,5.9,O=C(C#C)C(=O)C#N,,[]
71,1097.616354,0.6,0.068100,0.7,0.193700,10.8,18.595000,0.2,O=CC1=CN=CO1,,[]
71,1104.625635,0.6,0.068208,0.7,0.184400,7.7,18.790000,0.2,O=C1OC=CC=N1,,[]
71,1108.489211,0.7,0.055740,0.2,0.098300,0.0,25.564000,6.1,O=CC(=O)C(=O)C=O,,[]
71,1163.030452,1.1,0.082142,2.2,0.158200,1.9,25.081000,4.9,CC1=NC(=N)ON=N1,,[]
71,1163.994306,1.1,0.065546,0.5,0.145600,0.7,24.558000,3.8,O=CN1N=NC=NC1=O,,[]
71,1189.593555,1.4,0.073428,1.0,0.156100,1.6,22.343000,1.3,FC1=CNC(=O)C=N1,,[]
71,1196.291591,1.4,0.069142,0.8,0.155500,1.5,21.003000,0.7,O1N=C2N=CC=NC2=N1,,[]
71,1197.608106,1.4,0.063697,0.4,0.141900,0.4,25.439000,5.7,O=CC(=O)C1=CN=NO1,,[]
71,1204.963145,1.5,0.068878,0.8,0.157600,1.8,21.406000,0.9,O1N=CN=C2N=CN=C12,,[]
71,1207.800743,1.6,0.090604,4.1,0.126000,0.1,21.993000,1.1,O=C1CNCC1=O,,[]
71,1320.909953,3.5,0.080353,2.1,0.145900,0.7,22.703000,1.6,O1C=NC2=NC=CC2=N1,,[]
71,1342.710887,4.3,0.102209,8.4,0.093800,0.0,30.012000,34.3,NC(=[NH2+])C1=NOC(=N)[N-]1,,[]
72,718.337705,0.0,0.041434,0.0,0.164100,2.8,18.939000,0.3,N=C1N=NON=N1,,[]
72,730.411615,0.0,0.050629,0.1,0.203800,15.9,16.477000,0.0,NC1=NON=N1,,[]
72,752.023669,0.0,0.031734,0.0,0.229500,37.5,16.954000,0.1,N#CC1=NON=N1,,[]
72,761.150167,0.0,0.079754,2.1,0.341700,98.6,13.546000,0.0,CCO,,[]
72,798.442427,0.1,0.055704,0.2,0.219100,27.9,15.692000,0.0,O=CNC=O,,[]
72,807.956098,0.1,0.033974,0.0,0.158400,1.9,21.297000,0.8,FC1=NON=NC1=O,,[]
72,811.319549,0.1,0.051400,0.1,0.246900,48.6,15.356000,0.0,OC1=NOC=N1,,[]
72,1066.476824,0.5,0.070235,0.8,0.199600,13.7,18.158000,0.1,O=C1NC=NC=N1,,[]
72,1083.834364,0.5,0.045498,0.1,0.153800,1.2,25.522000,5.9,O=C(C#C)C(=O)C#N,,[]
72,1097.616354,0.6,0.068100,0.7,0.193700,10.9,18.595000,0.2,O=CC1=CN=CO1,,[]
72,1104.625635,0.6,0.068208,0.7,0.184400,7.7,18.790000,0.2,O=C1OC=CC=N1,,[]
72,1108.489211,0.7,0.055740,0.2,0.098300,0.0,25.564000,6.0,O=CC(=O)C(=O)C=O,,[]
72,1163.030452,1.1,0.082142,2.2,0.158200,1.9,25.081000,4.8,CC1=NC(=N)ON=N1,,[]
72,1163.994306,1.1,0.065546,0.5,0.145600,0.6,24.558000,3.7,O=CN1N=NC=NC1=O,,[]
72,1189.593555,1.4,0.073428,1.0,0.156100,1.6,22.343000,1.2,FC1=CNC(=O)C=N1,,[]
72,1196.291591,1.4,0.069142,0.8,0.155500,1.5,21.003000,0.7,O1N=C2N=CC=NC2=N1,,[]
72,1197.608106,1.4,0.063697,0.4,0.141900,0.4,25.439000,5.7,O=CC(=O)C1=CN=NO1,,[]
72,1204.963145,1.5,0.068878,0.8,0.157600,1.7,21.406000,0.9,O1N=CN=C2N=CN=C12,,[]
72,1207.800743,1.6,0.090604,4.1,0.126000,0.1,21.993000,1.1,O=C1CNCC1=O,,[]
72,1320.909953,3.4,0.080353,2.1,0.145900,0.7,22.703000,1.6,O1C=NC2=NC=CC2=N1,,[]
72,1342.710887,4.3,0.102209,8.3,0.093800,0.0,30.012000,34.2,NC(=[NH2+])C1=NOC(=N)[N-]1,,[]
73,718.337705,0.0,0.041434,0.0,0.164100,2.7,18.939000,0.3,N=C1N=NON=N1,,[]
73,730.411615,0.0,0.050629,0.1,0.203800,15.9,16.477000,0.0,NC1=NON=N1,,[]
73,752.023669,0.0,0.031734,0.0,0.229500,37.5,16.954000,0.1,N#CC1=NON=N1,,[]
73,761.150167,0.0,0.079754,2.1,0.341700,98.6,13.546000,0.0,CCO,,[]
73,798.442427,0.1,0.055704,0.2,0.219100,27.9,15.692000,0.0,O=CNC=O,,[]
73,807.956098,0.1,0.033974,0.0,0.158400,1.9,21.297000,0.8,FC1=NON=NC1=O,,[]
73,811.319549,0.1,0.051400,0.1,0.246900,48.6,15.356000,0.0,OC1=NOC=N1,,[]
73,1066.476824,0.5,0.070235,0.8,0.199600,13.7,18.158000,0.1,O=C1NC=NC=N1,,[]
73,1083.834364,0.5,0.045498,0.1,0.153800,1.2,25.522000,5.8,O=C(C#C)C(=O)C#N,,[]
73,1097.616354,0.6,0.068100,0.7,0.193700,10.9,18.595000,0.2,O=CC1=CN=CO1,,[]
73,1104.625635,0.6,0.068208,0.7,0.184400,7.7,18.790000,0.2,O=C1OC=CC=N1,,[]
73,1108.489211,0.7,0.055740,0.2,0.098300,0.0,25.564000,6.0,O=CC(=O)C(=O)C=O,,[]
73,1163.030452,1.1,0.082142,2.2,0.158200,1.8,25.081000,4.8,CC1=NC(=N)ON=N1,,[]
73,1163.994306,1.1,0.065546,0.5,0.145600,0.6,24.558000,3.7,O=CN1N=NC=NC1=O,,[]
73,1189.593555,1.3,0.073428,1.0,0.156100,1.6,22.343000,1.2,FC1=CNC(=O)C=N1,,[]
73,1196.291591,1.4,0.069142,0.8,0.155500,1.5,21.003000,0.7,O1N=C2N=CC=NC2=N1,,[]
73,1197.608106,1.4,0.063697,0.4,0.141900,0.4,25.439000,5.6,O=CC(=O)C1=CN=NO1,,[]
73,1204.963145,1.5,0.068878,0.8,0.157600,1.7,21.406000,0.9,O1N=CN=C2N=CN=C12,,[]
73,1207.800743,1.6,0.090604,4.1,0.126000,0.1,21.993000,1.1,O=C1CNCC1=O,,[]
73,1320.909953,3.4,0.080353,2.1,0.145900,0.7,22.703000,1.5,O1C=NC2=NC=CC2=N1,,[]
73,1342.710887,4.2,0.102209,8.3,0.093800,0.0,30.012000,34.2,NC(=[NH2+])C1=NOC(=N)[N-]1,,[]
74,718.337705,0.0,0.041434,0.0,0.164100,2.8,18.939000,0.3,N=C1N=NON=N1,,[]
74,730.411615,0.0,0.050629,0.1,0.203800,15.9,16.477000,0.0,NC1=NON=N1,,[]
74,752.023669,0.0,0.031734,0.0,0.229500,37.4,16.954000,0.1,N#CC1=NON=N1,,[]
74,761.150167,0.0,0.079754,2.1,0.341700,98.6,13.546000,0.0,CCO,,[]
74,798.442427,0.1,0.055704,0.2,0.219100,27.9,15.692000,0.0,O=CNC=O,,[]
74,807.956098,0.1,0.033974,0.0,0.158400,1.9,21.297000,0.8,FC1=NON=NC1=O,,[]
74,811.319549,0.1,0.051400,0.1,0.246900,48.6,15.356000,0.0,OC1=NOC=N1,,[]
74,1066.476824,0.5,0.070235,0.8,0.199600,13.7,18.158000,0.1,O=C1NC=NC=N1,,[]
74,1083.834364,0.5,0.045498,0.1,0.153800,1.3,25.522000,5.8,O=C(C#C)C(=O)C#N,,[]
74,1097.616354,0.6,0.068100,0.7,0.193700,10.9,18.595000,0.2,O=CC1=CN=CO1,,[]
74,1104.625635,0.6,0.068208,0.7,0.184400,7.7,18.790000,0.2,O=C1OC=CC=N1,,[]
74,1108.489211,0.7,0.055740,0.2,0.098300,0.0,25.564000,6.0,O=CC(=O)C(=O)C=O,,[]
74,1163.030452,1.1,0.082142,2.2,0.158200,1.9,25.081000,4.8,CC1=NC(=N)ON=N1,,[]
74,1163.994306,1.1,0.065546,0.5,0.145600,0.6,24.558000,3.7,O=CN1N=NC=NC1=O,,[]
74,1189.593555,1.3,0.073428,1.0,0.156100,1.6,22.343000,1.2,FC1=CNC(=O)C=N1,,[]
74,1196.291591,1.4,0.069142,0.8,0.155500,1.5,21.003000,0.7,O1N=C2N=CC=NC2=N1,,[]
74,1197.608106,1.4,0.063697,0.4,0.141900,0.4,25.439000,5.6,O=CC(=O)C1=CN=NO1,,[]
74,1204.963145,1.5,0.068878,0.7,0.157600,1.8,21.406000,0.9,O1N=CN=C2N=CN=C12,,[]
74,1207.800743,1.5,0.090604,4.0,0.126000,0.1,21.993000,1.1,O=C1CNCC1=O,,[]
74,1320.909953,3.4,0.080353,2.1,0.145900,0.7,22.703000,1.6,O1C=NC2=NC=CC2=N1,,[]
74,1342.710887,4.2,0.102209,8.3,0.093800,0.0,30.012000,34.2,NC(=[NH2+])C1=NOC(=N)[N-]1,,[]
75,718.337705,0.0,0.041434,0.0,0.164100,2.8,18.939000,0.3,N=C1N=NON=N1,,[]
75,730.411615,0.0,0.050629,0.1,0.203800,15.9,16.477000,0.0,NC1=NON=N1,,[]
75,752.023669,0.0,0.031734,0.0,0.229500,37.4,16.954000,0.1,N#CC1=NON=N1,,[]
75,761.150167,0.0,0.079754,2.0,0.341700,98.6,13.546000,0.0,CCO,,[]
75,798.442427,0.1,0.055704,0.2,0.219100,27.9,15.692000,0.0,O=CNC=O,,[]
75,807.956098,0.1,0.033974,0.0,0.158400,1.9,21.297000,0.8,FC1=NON=NC1=O,,[]
75,811.319549,0.1,0.051400,0.1,0.246900,48.6,15.356000,0.0,OC1=NOC=N1,,[]
75,1066.476824,0.5,0.070235,0.8,0.199600,13.7,18.158000,0.1,O=C1NC=NC=N1,,[]
75,1083.834364,0.5,0.045498,0.1,0.153800,1.3,25.522000,5.8,O=C(C#C)C(=O)C#N,,[]
75,1097.616354,0.6,0.068100,0.7,0.193700,10.9,18.595000,0.2,O=CC1=CN=CO1,,[]
75,1104.625635,0.6,0.068208,0.7,0.184400,7.7,18.790000,0.2,O=C1OC=CC=N1,,[]
75,1108.489211,0.6,0.055740,0.2,0.098300,0.0,25.564000,5.9,O=CC(=O)C(=O)C=O,,[]
75,1163.030452,1.1,0.082142,2.1,0.158200,1.9,25.081000,4.8,CC1=NC(=N)ON=N1,,[]
75,1163.994306,1.1,0.065546,0.5,0.145600,0.6,24.558000,3.7,O=CN1N=NC=NC1=O,,[]
75,1189.593555,1.3,0.073428,1.0,0.156100,1.6,22.343000,1.2,FC1=CNC(=O)C=N1,,[]
75,1196.291591,1.4,0.069142,0.8,0.155500,1.5,21.003000,0.7,O1N=C2N=CC=NC2=N1,,[]
75,1197.608106,1.4,0.063697,0.4,0.141900,0.4,25.439000,5.5,O=CC(=O)C1=CN=NO1,,[]
75,1204.963145,1.5,0.068878,0.8,0.157600,1.8,21.406000,0.9,O1N=CN=C2N=CN=C12,,[]
75,1207.800743,1.5,0.090604,4.0,0.126000,0.1,21.993000,1.1,O=C1CNCC1=O,,[]
75,1320.909953,3.4,0.080353,2.1,0.145900,0.7,22.703000,1.6,O1C=NC2=NC=CC2=N1,,[]
75,1342.710887,4.2,0.102209,8.3,0.093800,0.0,30.012000,34.2,NC(=[NH2+])C1=NOC(=N)[N-]1,,[]
76,718.337705,0.0,0.041434,0.0,0.164100,2.8,18.939000,0.3,N=C1N=NON=N1,,[]
76,730.411615,0.0,0.050629,0.1,0.203800,15.9,16.477000,0.0,NC1=NON=N1,,[]
76,752.023669,0.0,0.031734,0.0,0.229500,37.4,16.954000,0.1,N#CC1=NON=N1,,[]
76,761.150167,0.0,0.079754,2.0,0.341700,98.6,13.546000,0.0,CCO,,[]
76,798.442427,0.1,0.055704,0.2,0.219100,27.9,15.692000,0.0,O=CNC=O,,[]
76,807.956098,0.1,0.033974,0.0,0.158400,1.9,21.297000,0.8,FC1=NON=NC1=O,,[]
76,811.319549,0.1,0.051400,0.1,0.246900,48.6,15.356000,0.0,OC1=NOC=N1,,[]
76,1066.476824,0.5,0.070235,0.8,0.199600,13.7,18.158000,0.1,O=C1NC=NC=N1,,[]
76,1083.834364,0.5,0.045498,0.1,0.153800,1.3,25.522000,5.8,O=C(C#C)C(=O)C#N,,[]
76,1097.616354,0.6,0.068100,0.7,0.193700,10.9,18.595000,0.2,O=CC1=CN=CO1,,[]
76,1104.625635,0.6,0.068208,0.7,0.184400,7.8,18.790000,0.2,O=C1OC=CC=N1,,[]
76,1108.489211,0.6,0.055740,0.2,0.098300,0.0,25.564000,6.0,O=CC(=O)C(=O)C=O,,[]
76,1163.030452,1.1,0.082142,2.1,0.158200,1.9,25.081000,4.8,CC1=NC(=N)ON=N1,,[]
76,1163.994306,1.1,0.065546,0.5,0.145600,0.6,24.558000,3.7,O=CN1N=NC=NC1=O,,[]
76,1189.593555,1.3,0.073428,1.0,0.156100,1.6,22.343000,1.3,FC1=CNC(=O)C=N1,,[]
76,1196.291591,1.4,0.069142,0.8,0.155500,1.5,21.003000,0.7,O1N=C2N=CC=NC2=N1,,[]
76,1197.608106,1.4,0.063697,0.4,0.141900,0.4,25.439000,5.6,O=CC(=O)C1=CN=NO1,,[]
76,1204.963145,1.5,0.068878,0.8,0.157600,1.8,21.406000,0.9,O1N=CN=C2N=CN=C12,,[]
76,1207.800743,1.5,0.090604,4.0,0.126000,0.1,21.993000,1.2,O=C1CNCC1=O,,[]
76,1320.909953,3.4,0.080353,2.1,0.145900,0.7,22.703000,1.6,O1C=NC2=NC=CC2=N1,,[]
76,1342.710887,4.3,0.102209,8.4,0.093800,0.0,30.012000,34.2,NC(=[NH2+])C1=NOC(=N)[N-]1,,[]
77,718.337705,0.0,0.041434,0.0,0.164100,2.7,18.939000,0.3,N=C1N=NON=N1,,[]
77,730.411615,0.0,0.050629,0.1,0.203800,15.9,16.477000,0.0,NC1=NON=N1,,[]
77,752.023669,0.0,0.031734,0.0,0.229500,37.5,16.954000,0.1,N#CC1=NON=N1,,[]
77,761.150167,0.0,0.079754,2.1,0.341700,98.6,13.546000,0.0,CCO,,[]
77,798.442427,0.1,0.055704,0.2,0.219100,27.9,15.692000,0.0,O=CNC=O,,[]
77,807.956098,0.1,0.033974,0.0,0.158400,1.9,21.297000,0.8,FC1=NON=NC1=O,,[]
77,811.319549,0.1,0.051400,0.1,0.246900,48.7,15.356000,0.0,OC1=NOC=N1,,[]
77,1066.476824,0.4,0.070235,0.8,0.199600,13.7,18.158000,0.1,O=C1NC=NC=N1,,[]
77,1083.834364,0.5,0.045498,0.1,0.153800,1.3,25.522000,5.9,O=C(C#C)C(=O)C#N,,[]
77,1097.616354,0.6,0.068100,0.7,0.193700,10.9,18.595000,0.2,O=CC1=CN=CO1,,[]
77,1104.625635,0.6,0.068208,0.7,0.184400,7.7,18.790000,0.2,O=C1OC=CC=N1,,[]
77,1108.489211,0.6,0.055740,0.2,0.098300,0.0,25.564000,6.0,O=CC(=O)C(=O)C=O,,[]
77,1163.030452,1.1,0.082142,2.2,0.158200,1.8,25.081000,4.8,CC1=NC(=N)ON=N1,,[]
77,1163.994306,1.1,0.065546,0.5,0.145600,0.6,24.558000,3.7,O=CN1N=NC=NC1=O,,[]
77,1189.593555,1.3,0.073428,1.0,0.156100,1.6,22.343000,1.3,FC1=CNC(=O)C=N1,,[]
77,1196.291591,1.4,0.069142,0.8,0.155500,1.5,21.003000,0.7,O1N=C2N=CC=NC2=N1,,[]
77,1197.608106,1.4,0.063697,0.4,0.141900,0.4,25.439000,5.6,O=CC(=O)C1=CN=NO1,,[]
77,1204.963145,1.5,0.068878,0.8,0.157600,1.7,21.406000,0.9,O1N=CN=C2N=CN=C12,,[]
77,1207.800743,1.5,0.090604,4.1,0.126000,0.1,21.993000,1.1,O=C1CNCC1=O,,[]
77,1320.909953,3.5,0.080353,2.1,0.145900,0.7,22.703000,1.6,O1C=NC2=NC=CC2=N1,,[]
77,1342.710887,4.3,0.102209,8.5,0.093800,0.0,30.012000,34.3,NC(=[NH2+])C1=NOC(=N)[N-]1,,[]
78,718.337705,0.0,0.041434,0.0,0.164100,2.8,18.939000,0.3,N=C1N=NON=N1,,[]
78,730.411615,0.0,0.050629,0.1,0.203800,15.9,16.477000,0.0,NC1=NON=N1,,[]
78,752.023669,0.0,0.031734,0.0,0.229500,37.5,16.954000,0.1,N#CC1=NON=N1,,[]
78,761.150167,0.0,0.079754,2.1,0.341700,98.5,13.546000,0.0,CCO,,[]
78,798.442427,0.1,0.055704,0.2,0.219100,27.9,15.692000,0.0,O=CNC=O,,[]
78,807.956098,0.1,0.033974,0.0,0.158400,1.9,21.297000,0.8,FC1=NON=NC1=O,,[]
78,811.319549,0.1,0.051400,0.1,0.246900,48.7,15.356000,0.0,OC1=NOC=N1,,[]
78,1066.476824,0.4,0.070235,0.8,0.199600,13.7,18.158000,0.1,O=C1NC=NC=N1,,[]
78,1083.834364,0.5,0.045498,0.1,0.153800,1.3,25.522000,5.8,O=C(C#C)C(=O)C#N,,[]
78,1097.616354,0.6,0.068100,0.7,0.193700,10.9,18.595000,0.2,O=CC1=CN=CO1,,[]
78,1104.625635,0.6,0.068208,0.7,0.184400,7.8,18.790000,0.2,O=C1OC=CC=N1,,[]
78,1108.489211,0.6,0.055740,0.2,0.098300,0.0,25.564000,6.0,O=CC(=O)C(=O)C=O,,[]
78,1163.030452,1.0,0.082142,2.2,0.158200,1.9,25.081000,4.8,CC1=NC(=N)ON=N1,,[]
78,1163.994306,1.1,0.065546,0.5,0.145600,0.6,24.558000,3.7,O=CN1N=NC=NC1=O,,[]
78,1189.593555,1.3,0.073428,1.0,0.156100,1.6,22.343000,1.3,FC1=CNC(=O)C=N1,,[]
78,1196.291591,1.3,0.069142,0.8,0.155500,1.5,21.003000,0.7,O1N=C2N=CC=NC2=N1,,[]
78,1197.608106,1.4,0.063697,0.4,0.141900,0.4,25.439000,5.6,O=CC(=O)C1=CN=NO1,,[]
78,1204.963145,1.5,0.068878,0.8,0.157600,1.8,21.406000,0.9,O1N=CN=C2N=CN=C12,,[]
78,1207.800743,1.5,0.090604,4.1,0.126000,0.1,21.993000,1.1,O=C1CNCC1=O,,[]
78,1320.909953,3.5,0.080353,2.1,0.145900,0.7,22.703000,1.6,O1C=NC2=NC=CC2=N1,,[]
78,1342.710887,4.3,0.102209,8.5,0.093800,0.0,30.012000,34.3,NC(=[NH2+])C1=NOC(=N)[N-]1,,[]
79,718.337705,0.0,0.041434,0.0,0.164100,2.8,18.939000,0.3,N=C1N=NON=N1,,[]
79,730.411615,0.0,0.050629,0.1,0.203800,15.9,16.477000,0.0,NC1=NON=N1,,[]
79,752.023669,0.0,0.031734,0.0,0.229500,37.5,16.954000,0.1,N#CC1=NON=N1,,[]
79,761.150167,0.0,0.079754,2.1,0.341700,98.5,13.546000,0.0,CCO,,[]
79,798.442427,0.1,0.055704,0.2,0.219100,27.9,15.692000,0.0,O=CNC=O,,[]
79,807.956098,0.1,0.033974,0.0,0.158400,1.9,21.297000,0.8,FC1=NON=NC1=O,,[]
79,811.319549,0.1,0.051400,0.1,0.246900,48.6,15.356000,0.0,OC1=NOC=N1,,[]
79,1066.476824,0.4,0.070235,0.8,0.199600,13.7,18.158000,0.1,O=C1NC=NC=N1,,[]
79,1083.834364,0.5,0.045498,0.1,0.153800,1.3,25.522000,5.8,O=C(C#C)C(=O)C#N,,[]
79,1097.616354,0.6,0.068100,0.7,0.193700,10.9,18.595000,0.2,O=CC1=CN=CO1,,[]
79,1104.625635,0.6,0.068208,0.7,0.184400,7.8,18.790000,0.2,O=C1OC=CC=N1,,[]
79,1108.489211,0.6,0.055740,0.2,0.098300,0.0,25.564000,6.0,O=CC(=O)C(=O)C=O,,[]
79,1163.030452,1.1,0.082142,2.2,0.158200,1.9,25.081000,4.8,CC1=NC(=N)ON=N1,,[]
79,1163.994306,1.1,0.065546,0.5,0.145600,0.6,24.558000,3.7,O=CN1N=NC=NC1=O,,[]
79,1189.593555,1.3,0.073428,1.0,0.156100,1.6,22.343000,1.2,FC1=CNC(=O)C=N1,,[]
79,1196.291591,1.4,0.069142,0.8,0.155500,1.5,21.003000,0.7,O1N=C2N=CC=NC2=N1,,[]
79,1197.608106,1.4,0.063697,0.4,0.141900,0.4,25.439000,5.6,O=CC(=O)C1=CN=NO1,,[]
79,1204.963145,1.5,0.068878,0.8,0.157600,1.8,21.406000,0.9,O1N=CN=C2N=CN=C12,,[]
79,1207.800743,1.5,0.090604,4.1,0.126000,0.1,21.993000,1.1,O=C1CNCC1=O,,[]
79,1320.909953,3.5,0.080353,2.1,0.145900,0.7,22.703000,1.6,O1C=NC2=NC=CC2=N1,,[]
79,1342.710887,4.3,0.102209,8.5,0.093800,0.0,30.012000,34.3,NC(=[NH2+])C1=NOC(=N)[N-]1,,[]
80,718.337705,0.0,0.041434,0.0,0.164100,2.8,18.939000,0.3,N=C1N=NON=N1,,[]
80,730.411615,0.0,0.050629,0.1,0.203800,15.9,16.477000,0.0,NC1=NON=N1,,[]
80,752.023669,0.0,0.031734,0.0,0.229500,37.5,16.954000,0.1,N#CC1=NON=N1,,[]
80,761.150167,0.0,0.079754,2.1,0.341700,98.6,13.546000,0.0,CCO,,[]
80,798.442427,0.1,0.055704,0.2,0.219100,27.9,15.692000,0.0,O=CNC=O,,[]
80,807.956098,0.1,0.033974,0.0,0.158400,1.9,21.297000,0.8,FC1=NON=NC1=O,,[]
80,811.319549,0.1,0.051400,0.1,0.246900,48.7,15.356000,0.0,OC1=NOC=N1,,[]
80,1066.476824,0.4,0.070235,0.8,0.199600,13.7,18.158000,0.1,O=C1NC=NC=N1,,[]
80,1083.834364,0.5,0.045498,0.1,0.153800,1.3,25.522000,5.8,O=C(C#C)C(=O)C#N,,[]
80,1097.616354,0.6,0.068100,0.7,0.193700,10.9,18.595000,0.2,O=CC1=CN=CO1,,[]
80,1104.625635,0.6,0.068208,0.7,0.184400,7.8,18.790000,0.2,O=C1OC=CC=N1,,[]
80,1108.489211,0.6,0.055740,0.2,0.098300,0.0,25.564000,5.9,O=CC(=O)C(=O)C=O,,[]
80,1163.030452,1.0,0.082142,2.2,0.158200,1.9,25.081000,4.8,CC1=NC(=N)ON=N1,,[]
80,1163.994306,1.1,0.065546,0.5,0.145600,0.6,24.558000,3.7,O=CN1N=NC=NC1=O,,[]
80,1189.593555,1.3,0.073428,1.0,0.156100,1.6,22.343000,1.2,FC1=CNC(=O)C=N1,,[]
80,1196.291591,1.3,0.069142,0.8,0.155500,1.5,21.003000,0.7,O1N=C2N=CC=NC2=N1,,[]
80,1197.608106,1.4,0.063697,0.4,0.141900,0.4,25.439000,5.6,O=CC(=O)C1=CN=NO1,,[]
80,1204.963145,1.4,0.068878,0.8,0.157600,1.8,21.406000,0.9,O1N=CN=C2N=CN=C12,,[]
80,1207.800743,1.5,0.090604,4.1,0.126000,0.1,21.993000,1.1,O=C1CNCC1=O,,[]
80,1320.909953,3.4,0.080353,2.1,0.145900,0.7,22.703000,1.5,O1C=NC2=NC=CC2=N1,,[]
80,1342.710887,4.3,0.102209,8.5,0.093800,0.0,30.012000,34.3,NC(=[NH2+])C1=NOC(=N)[N-]1,,[]
81,718.337705,0.0,0.041434,0.0,0.164100,2.8,18.939000,0.2,N=C1N=NON=N1,,[]
81,730.411615,0.0,0.050629,0.1,0.203800,16.0,16.477000,0.0,NC1=NON=N1,,[]
81,752.023669,0.0,0.031734,0.0,0.229500,37.4,16.954000,0.1,N#CC1=NON=N1,,[]
81,761.150167,0.0,0.079754,2.0,0.341700,98.6,13.546000,0.0,CCO,,[]
81,798.442427,0.0,0.055704,0.2,0.219100,27.8,15.692000,0.0,O=CNC=O,,[]
81,807.956098,0.1,0.033974,0.0,0.158400,1.9,21.297000,0.8,FC1=NON=NC1=O,,[]
81,811.319549,0.1,0.051400,0.1,0.246900,48.6,15.356000,0.0,OC1=NOC=N1,,[]
81,1066.476824,0.4,0.070235,0.8,0.199600,13.7,18.158000,0.1,O=C1NC=NC=N1,,[]
81,1083.834364,0.5,0.045498,0.0,0.153800,1.3,25.522000,5.8,O=C(C#C)C(=O)C#N,,[]
81,1097.616354,0.5,0.068100,0.7,0.193700,11.0,18.595000,0.2,O=CC1=CN=CO1,,[]
81,1104.625635,0.6,0.068208,0.7,0.184400,7.8,18.790000,0.2,O=C1OC=CC=N1,,[]
81,1108.489211,0.6,0.055740,0.2,0.098300,0.0,25.564000,6.0,O=CC(=O)C(=O)C=O,,[]
81,1124.348885,0.7,0.072729,0.9,0.147400,0.8,23.949000,2.6,NC1=NOC(=O)C=N1,,[]
81,1163.994306,1.1,0.065546,0.5,0.145600,0.6,24.558000,3.7,O=CN1N=NC=NC1=O,,[]
81,1189.593555,1.3,0.073428,1.0,0.156100,1.6,22.343000,1.2,FC1=CNC(=O)C=N1,,[]
81,1196.291591,1.3,0.069142,0.8,0.155500,1.5,21.003000,0.7,O1N=C2N=CC=NC2=N1,,[]
81,1197.608106,1.4,0.063697,0.4,0.141900,0.4,25.439000,5.6,O=CC(=O)C1=CN=NO1,,[]
81,1204.963145,1.4,0.068878,0.7,0.157600,1.8,21.406000,0.9,O1N=CN=C2N=CN=C12,,[]
81,1207.800743,1.5,0.090604,4.1,0.126000,0.1,21.993000,1.1,O=C1CNCC1=O,,[]
81,1320.909953,3.4,0.080353,2.1,0.145900,0.7,22.703000,1.5,O1C=NC2=NC=CC2=N1,,[]
81,1342.710887,4.2,0.102209,8.5,0.093800,0.0,30.012000,34.2,NC(=[NH2+])C1=NOC(=N)[N-]1,,[]
82,718.337705,0.0,0.041434,0.0,0.164100,2.8,18.939000,0.2,N=C1N=NON=N1,,[]
82,730.411615,0.0,0.050629,0.1,0.203800,15.9,16.477000,0.0,NC1=NON=N1,,[]
82,752.023669,0.0,0.031734,0.0,0.229500,37.4,16.954000,0.1,N#CC1=NON=N1,,[]
82,761.150167,0.0,0.079754,2.0,0.341700,98.6,13.546000,0.0,CCO,,[]
82,798.442427,0.0,0.055704,0.2,0.219100,27.8,15.692000,0.0,O=CNC=O,,[]
82,807.956098,0.1,0.033974,0.0,0.158400,1.9,21.297000,0.8,FC1=NON=NC1=O,,[]
82,811.319549,0.1,0.051400,0.1,0.246900,48.5,15.356000,0.0,OC1=NOC=N1,,[]
82,1066.476824,0.4,0.070235,0.8,0.199600,13.7,18.158000,0.1,O=C1NC=NC=N1,,[]
82,1083.834364,0.5,0.045498,0.0,0.153800,1.3,25.522000,5.8,O=C(C#C)C(=O)C#N,,[]
82,1097.616354,0.5,0.068100,0.7,0.193700,10.9,18.595000,0.2,O=CC1=CN=CO1,,[]
82,1104.625635,0.6,0.068208,0.7,0.184400,7.8,18.790000,0.2,O=C1OC=CC=N1,,[]
82,1108.489211,0.6,0.055740,0.2,0.098300,0.0,25.564000,6.0,O=CC(=O)C(=O)C=O,,[]
82,1124.348885,0.7,0.072729,0.9,0.147400,0.8,23.949000,2.6,NC1=NOC(=O)C=N1,,[]
82,1163.994306,1.0,0.065546,0.5,0.145600,0.6,24.558000,3.7,O=CN1N=NC=NC1=O,,[]
82,1189.593555,1.3,0.073428,1.0,0.156100,1.6,22.343000,1.2,FC1=CNC(=O)C=N1,,[]
82,1196.291591,1.3,0.069142,0.8,0.155500,1.5,21.003000,0.7,O1N=C2N=CC=NC2=N1,,[]
82,1197.608106,1.3,0.063697,0.4,0.141900,0.4,25.439000,5.6,O=CC(=O)C1=CN=NO1,,[]
82,1204.963145,1.4,0.068878,0.7,0.157600,1.8,21.406000,0.8,O1N=CN=C2N=CN=C12,,[]
82,1207.800743,1.5,0.090604,4.1,0.126000,0.1,21.993000,1.1,O=C1CNCC1=O,,[]
82,1320.909953,3.4,0.080353,2.1,0.145900,0.7,22.703000,1.5,O1C=NC2=NC=CC2=N1,,[]
82,1342.710887,4.2,0.102209,8.4,0.093800,0.0,30.012000,34.2,NC(=[NH2+])C1=NOC(=N)[N-]1,,[]
83,718.337705,0.0,0.041434,0.0,0.164100,2.8,18.939000,0.2,N=C1N=NON=N1,,[]
83,730.411615,0.0,0.050629,0.1,0.203800,16.0,16.477000,0.0,NC1=NON=N1,,[]
83,752.023669,0.0,0.031734,0.0,0.229500,37.5,16.954000,0.1,N#CC1=NON=N1,,[]
83,761.150167,0.0,0.079754,2.0,0.341700,98.6,13.546000,0.0,CCO,,[]
83,798.442427,0.0,0.055704,0.2,0.219100,27.9,15.692000,0.0,O=CNC=O,,[]
83,807.956098,0.1,0.033974,0.0,0.158400,2.0,21.297000,0.8,FC1=NON=NC1=O,,[]
83,811.319549,0.1,0.051400,0.1,0.246900,48.5,15.356000,0.0,OC1=NOC=N1,,[]
83,1066.476824,0.4,0.070235,0.8,0.199600,13.7,18.158000,0.1,O=C1NC=NC=N1,,[]
83,1083.834364,0.5,0.045498,0.0,0.153800,1.3,25.522000,5.8,O=C(C#C)C(=O)C#N,,[]
83,1097.616354,0.5,0.068100,0.7,0.193700,10.9,18.595000,0.2,O=CC1=CN=CO1,,[]
83,1104.625635,0.6,0.068208,0.7,0.184400,7.8,18.790000,0.2,O=C1OC=CC=N1,,[]
83,1108.489211,0.6,0.055740,0.2,0.098300,0.0,25.564000,6.0,O=CC(=O)C(=O)C=O,,[]
83,1124.348885,0.7,0.072729,0.9,0.147400,0.8,23.949000,2.6,NC1=NOC(=O)C=N1,,[]
83,1163.994306,1.0,0.065546,0.5,0.145600,0.6,24.558000,3.7,O=CN1N=NC=NC1=O,,[]
83,1189.593555,1.3,0.073428,1.0,0.156100,1.6,22.343000,1.2,FC1=CNC(=O)C=N1,,[]
83,1196.291591,1.3,0.069142,0.8,0.155500,1.5,21.003000,0.7,O1N=C2N=CC=NC2=N1,,[]
83,1197.608106,1.3,0.063697,0.4,0.141900,0.4,25.439000,5.6,O=CC(=O)C1=CN=NO1,,[]
83,1204.963145,1.4,0.068878,0.7,0.157600,1.8,21.406000,0.8,O1N=CN=C2N=CN=C12,,[]
83,1207.800743,1.5,0.090604,4.1,0.126000,0.1,21.993000,1.1,O=C1CNCC1=O,,[]
83,1320.909953,3.4,0.080353,2.0,0.145900,0.7,22.703000,1.5,O1C=NC2=NC=CC2=N1,,[]
83,1342.710887,4.2,0.102209,8.4,0.093800,0.0,30.012000,34.2,NC(=[NH2+])C1=NOC(=N)[N-]1,,[]
83,1380.613087,5.8,0.100759,7.3,0.081400,0.0,30.409000,38.4,NC=[NH+]C1=NOC([O-])=C1,,[]
84,718.337705,0.0,0.041434,0.0,0.164100,2.8,18.939000,0.2,N=C1N=NON=N1,,[]
84,730.411615,0.0,0.050629,0.1,0.203800,16.0,16.477000,0.0,NC1=NON=N1,,[]
84,752.023669,0.0,0.031734,0.0,0.229500,37.5,16.954000,0.1,N#CC1=NON=N1,,[]
84,761.150167,0.0,0.079754,2.0,0.341700,98.6,13.546000,0.0,CCO,,[]
84,798.442427,0.0,0.055704,0.2,0.219100,27.9,15.692000,0.0,O=CNC=O,,[]
84,807.956098,0.1,0.033974,0.0,0.158400,2.0,21.297000,0.8,FC1=NON=NC1=O,,[]
84,811.319549,0.1,0.051400,0.1,0.246900,48.6,15.356000,0.0,OC1=NOC=N1,,[]
84,1066.476824,0.4,0.070235,0.8,0.199600,13.7,18.158000,0.1,O=C1NC=NC=N1,,[]
84,1083.834364,0.5,0.045498,0.0,0.153800,1.3,25.522000,5.8,O=C(C#C)C(=O)C#N,,[]
84,1097.616354,0.5,0.068100,0.7,0.193700,11.0,18.595000,0.2,O=CC1=CN=CO1,,[]
84,1104.625635,0.6,0.068208,0.7,0.184400,7.8,18.790000,0.2,O=C1OC=CC=N1,,[]
84,1108.489211,0.6,0.055740,0.2,0.098300,0.0,25.564000,6.0,O=CC(=O)C(=O)C=O,,[]
84,1124.348885,0.7,0.072729,0.9,0.147400,0.8,23.949000,2.6,NC1=NOC(=O)C=N1,,[]
84,1163.994306,1.0,0.065546,0.5,0.145600,0.7,24.558000,3.7,O=CN1N=NC=NC1=O,,[]
84,1189.593555,1.2,0.073428,1.0,0.156100,1.6,22.343000,1.2,FC1=CNC(=O)C=N1,,[]
84,1196.291591,1.3,0.069142,0.8,0.155500,1.5,21.003000,0.6,O1N=C2N=CC=NC2=N1,,[]
84,1197.608106,1.3,0.063697,0.4,0.141900,0.4,25.439000,5.6,O=CC(=O)C1=CN=NO1,,[]
84,1204.963145,1.4,0.068878,0.7,0.157600,1.8,21.406000,0.8,O1N=CN=C2N=CN=C12,,[]
84,1207.800743,1.4,0.090604,4.0,0.126000,0.1,21.993000,1.1,O=C1CNCC1=O,,[]
84,1320.909953,3.4,0.080353,2.0,0.145900,0.7,22.703000,1.5,O1C=NC2=NC=CC2=N1,,[]
84,1342.710887,4.2,0.102209,8.4,0.093800,0.0,30.012000,34.2,NC(=[NH2+])C1=NOC(=N)[N-]1,,[]
84,1380.613087,5.8,0.100759,7.2,0.081400,0.0,30.409000,38.4,NC=[NH+]C1=NOC([O-])=C1,,[]
84,1696.891039,38.2,0.138486,39.0,0.114500,0.1,24.968000,4.4,C1C2C3OC4C3C1=CC24,,[]
85,718.337705,0.0,0.041434,0.0,0.164100,2.8,18.939000,0.2,N=C1N=NON=N1,,[]
85,730.411615,0.0,0.050629,0.1,0.203800,16.0,16.477000,0.0,NC1=NON=N1,,[]
85,752.023669,0.0,0.031734,0.0,0.229500,37.4,16.954000,0.1,N#CC1=NON=N1,,[]
85,761.150167,0.0,0.079754,2.0,0.341700,98.6,13.546000,0.0,CCO,,[]
85,798.442427,0.0,0.055704,0.2,0.219100,27.8,15.692000,0.0,O=CNC=O,,[]
85,807.956098,0.1,0.033974,0.0,0.158400,2.0,21.297000,0.8,FC1=NON=NC1=O,,[]
85,811.319549,0.1,0.051400,0.1,0.246900,48.4,15.356000,0.0,OC1=NOC=N1,,[]
85,1066.476824,0.4,0.070235,0.8,0.199600,13.7,18.158000,0.1,O=C1NC=NC=N1,,[]
85,1083.834364,0.5,0.045498,0.0,0.153800,1.3,25.522000,5.9,O=C(C#C)C(=O)C#N,,[]
85,1097.616354,0.5,0.068100,0.7,0.193700,10.9,18.595000,0.2,O=CC1=CN=CO1,,[]
85,1104.625635,0.6,0.068208,0.7,0.184400,7.8,18.790000,0.2,O=C1OC=CC=N1,,[]
85,1108.489211,0.6,0.055740,0.2,0.098300,0.0,25.564000,6.0,O=CC(=O)C(=O)C=O,,[]
85,1124.348885,0.7,0.072729,0.9,0.147400,0.8,23.949000,2.6,NC1=NOC(=O)C=N1,,[]
85,1163.994306,1.0,0.065546,0.5,0.145600,0.7,24.558000,3.7,O=CN1N=NC=NC1=O,,[]
85,1189.593555,1.3,0.073428,0.9,0.156100,1.6,22.343000,1.2,FC1=CNC(=O)C=N1,,[]
85,1196.291591,1.3,0.069142,0.7,0.155500,1.6,21.003000,0.7,O1N=C2N=CC=NC2=N1,,[]
85,1197.608106,1.3,0.063697,0.4,0.141900,0.5,25.439000,5.6,O=CC(=O)C1=CN=NO1,,[]
85,1204.963145,1.4,0.068878,0.7,0.157600,1.8,21.406000,0.8,O1N=CN=C2N=CN=C12,,[]
85,1207.800743,1.5,0.090604,4.0,0.126000,0.2,21.993000,1.1,O=C1CNCC1=O,,[]
85,1320.909953,3.4,0.080353,2.0,0.145900,0.7,22.703000,1.5,O1C=NC2=NC=CC2=N1,,[]
85,1342.710887,4.2,0.102209,8.3,0.093800,0.0,30.012000,34.2,NC(=[NH2+])C1=NOC(=N)[N-]1,,[]
85,1380.613087,5.8,0.100759,7.2,0.081400,0.0,30.409000,38.4,NC=[NH+]C1=NOC([O-])=C1,,[]
85,1696.891039,38.2,0.138486,39.0,0.114500,0.1,24.968000,4.5,C1C2C3OC4C3C1=CC24,,[]
86,718.337705,0.0,0.041434,0.0,0.164100,2.8,18.939000,0.2,N=C1N=NON=N1,,[]
86,730.411615,0.0,0.050629,0.1,0.203800,16.0,16.477000,0.0,NC1=NON=N1,,[]
86,752.023669,0.0,0.031734,0.0,0.229500,37.4,16.954000,0.1,N#CC1=NON=N1,,[]
86,761.150167,0.0,0.079754,1.9,0.341700,98.6,13.546000,0.0,CCO,,[]
86,798.442427,0.0,0.055704,0.2,0.219100,27.8,15.692000,0.0,O=CNC=O,,[]
86,807.956098,0.1,0.033974,0.0,0.158400,1.9,21.297000,0.7,FC1=NON=NC1=O,,[]
86,811.319549,0.1,0.051400,0.1,0.246900,48.4,15.356000,0.0,OC1=NOC=N1,,[]
86,1066.476824,0.4,0.070235,0.7,0.199600,13.7,18.158000,0.1,O=C1NC=NC=N1,,[]
86,1083.834364,0.5,0.045498,0.0,0.153800,1.3,25.522000,5.8,O=C(C#C)C(=O)C#N,,[]
86,1097.616354,0.5,0.068100,0.6,0.193700,11.0,18.595000,0.2,O=CC1=CN=CO1,,[]
86,1104.625635,0.6,0.068208,0.7,0.184400,7.8,18.790000,0.2,O=C1OC=CC=N1,,[]
86,1108.489211,0.6,0.055740,0.2,0.098300,0.0,25.564000,6.0,O=CC(=O)C(=O)C=O,,[]
86,1124.348885,0.7,0.072729,0.9,0.147400,0.8,23.949000,2.6,NC1=NOC(=O)C=N1,,[]
86,1163.994306,1.0,0.065546,0.5,0.145600,0.7,24.558000,3.7,O=CN1N=NC=NC1=O,,[]
86,1189.593555,1.3,0.073428,0.9,0.156100,1.6,22.343000,1.2,FC1=CNC(=O)C=N1,,[]
86,1196.291591,1.3,0.069142,0.7,0.155500,1.5,21.003000,0.6,O1N=C2N=CC=NC2=N1,,[]
86,1197.608106,1.3,0.063697,0.4,0.141900,0.5,25.439000,5.6,O=CC(=O)C1=CN=NO1,,[]
86,1204.963145,1.4,0.068878,0.7,0.157600,1.8,21.406000,0.8,O1N=CN=C2N=CN=C12,,[]
86,1207.800743,1.5,0.090604,4.0,0.126000,0.2,21.993000,1.1,O=C1CNCC1=O,,[]
86,1320.909953,3.4,0.080353,2.0,0.145900,0.7,22.703000,1.5,O1C=NC2=NC=CC2=N1,,[]
86,1342.710887,4.2,0.102209,8.3,0.093800,0.0,30.012000,34.1,NC(=[NH2+])C1=NOC(=N)[N-]1,,[]
86,1380.613087,5.7,0.100759,7.2,0.081400,0.0,30.409000,38.3,NC=[NH+]C1=NOC([O-])=C1,,[]
86,1696.891039,38.1,0.138486,38.9,0.114500,0.1,24.968000,4.4,C1C2C3OC4C3C1=CC24,,[]
87,718.337705,0.0,0.041434,0.0,0.164100,2.8,18.939000,0.2,N=C1N=NON=N1,,[]
87,730.411615,0.0,0.050629,0.1,0.203800,16.0,16.477000,0.0,NC1=NON=N1,,[]
87,752.023669,0.0,0.031734,0.0,0.229500,37.3,16.954000,0.1,N#CC1=NON=N1,,[]
87,761.150167,0.0,0.079754,1.9,0.341700,98.6,13.546000,0.0,CCO,,[]
87,798.442427,0.0,0.055704,0.2,0.219100,27.8,15.692000,0.0,O=CNC=O,,[]
87,807.956098,0.1,0.033974,0.0,0.158400,1.9,21.297000,0.8,FC1=NON=NC1=O,,[]
87,811.319549,0.1,0.051400,0.1,0.246900,48.4,15.356000,0.0,OC1=NOC=N1,,[]
87,1066.476824,0.4,0.070235,0.8,0.199600,13.7,18.158000,0.1,O=C1NC=NC=N1,,[]
87,1083.834364,0.5,0.045498,0.0,0.153800,1.3,25.522000,5.9,O=C(C#C)C(=O)C#N,,[]
87,1097.616354,0.5,0.068100,0.6,0.193700,10.9,18.595000,0.2,O=CC1=CN=CO1,,[]
87,1104.625635,0.6,0.068208,0.7,0.184400,7.8,18.790000,0.2,O=C1OC=CC=N1,,[]
87,1108.489211,0.6,0.055740,0.2,0.098300,0.0,25.564000,6.0,O=CC(=O)C(=O)C=O,,[]
87,1124.348885,0.7,0.072729,0.9,0.147400,0.8,23.949000,2.6,NC1=NOC(=O)C=N1,,[]
87,1163.994306,1.0,0.065546,0.5,0.145600,0.7,24.558000,3.7,O=CN1N=NC=NC1=O,,[]
87,1189.593555,1.2,0.073428,0.9,0.156100,1.6,22.343000,1.2,FC1=CNC(=O)C=N1,,[]
87,1196.291591,1.3,0.069142,0.7,0.155500,1.5,21.003000,0.6,O1N=C2N=CC=NC2=N1,,[]
87,1197.608106,1.3,0.063697,0.4,0.141900,0.5,25.439000,5.7,O=CC(=O)C1=CN=NO1,,[]
87,1204.963145,1.4,0.068878,0.7,0.157600,1.8,21.406000,0.8,O1N=CN=C2N=CN=C12,,[]
87,1207.800743,1.4,0.090604,4.0,0.126000,0.2,21.993000,1.1,O=C1CNCC1=O,,[]
87,1320.909953,3.4,0.080353,2.0,0.145900,0.7,22.703000,1.5,O1C=NC2=NC=CC2=N1,,[]
87,1342.710887,4.2,0.102209,8.3,0.093800,0.0,30.012000,34.1,NC(=[NH2+])C1=NOC(=N)[N-]1,,[]
87,1380.613087,5.8,0.100759,7.2,0.081400,0.0,30.409000,38.3,NC=[NH+]C1=NOC([O-])=C1,,[]
87,1696.891039,38.1,0.138486,39.0,0.114500,0.1,24.968000,4.5,C1C2C3OC4C3C1=CC24,,[]
88,718.337705,0.0,0.041434,0.0,0.164100,2.8,18.939000,0.3,N=C1N=NON=N1,,[]
88,730.411615,0.0,0.050629,0.1,0.203800,16.0,16.477000,0.0,NC1=NON=N1,,[]
88,752.023669,0.0,0.031734,0.0,0.229500,37.4,16.954000,0.1,N#CC1=NON=N1,,[]
88,761.150167,0.0,0.079754,1.9,0.341700,98.6,13.546000,0.0,CCO,,[]
88,798.442427,0.0,0.055704,0.2,0.219100,27.8,15.692000,0.0,O=CNC=O,,[]
88,807.956098,0.1,0.033974,0.0,0.158400,1.9,21.297000,0.8,FC1=NON=NC1=O,,[]
88,811.319549,0.1,0.051400,0.1,0.246900,48.4,15.356000,0.0,OC1=NOC=N1,,[]
88,818.579834,0.1,0.058014,0.2,0.253800,53.3,12.232000,0.0,O1C=CC=N1,,[]
88,1066.476824,0.4,0.070235,0.8,0.199600,13.7,18.158000,0.1,O=C1NC=NC=N1,,[]
88,1083.834364,0.5,0.045498,0.0,0.153800,1.3,25.522000,5.9,O=C(C#C)C(=O)C#N,,[]
88,1097.616354,0.5,0.068100,0.7,0.193700,10.9,18.595000,0.2,O=CC1=CN=CO1,,[]
88,1104.625635,0.6,0.068208,0.7,0.184400,7.8,18.790000,0.2,O=C1OC=CC=N1,,[]
88,1108.489211,0.6,0.055740,0.2,0.098300,0.0,25.564000,6.0,O=CC(=O)C(=O)C=O,,[]
88,1124.348885,0.7,0.072729,0.9,0.147400,0.8,23.949000,2.7,NC1=NOC(=O)C=N1,,[]
88,1163.994306,1.1,0.065546,0.5,0.145600,0.7,24.558000,3.7,O=CN1N=NC=NC1=O,,[]
88,1189.593555,1.3,0.073428,0.9,0.156100,1.6,22.343000,1.2,FC1=CNC(=O)C=N1,,[]
88,1196.291591,1.3,0.069142,0.7,0.155500,1.5,21.003000,0.7,O1N=C2N=CC=NC2=N1,,[]
88,1197.608106,1.3,0.063697,0.4,0.141900,0.5,25.439000,5.7,O=CC(=O)C1=CN=NO1,,[]
88,1204.963145,1.4,0.068878,0.7,0.157600,1.8,21.406000,0.9,O1N=CN=C2N=CN=C12,,[]
88,1207.800743,1.5,0.090604,4.0,0.126000,0.1,21.993000,1.1,O=C1CNCC1=O,,[]
88,1320.909953,3.4,0.080353,2.0,0.145900,0.7,22.703000,1.5,O1C=NC2=NC=CC2=N1,,[]
88,1342.710887,4.2,0.102209,8.3,0.093800,0.0,30.012000,34.1,NC(=[NH2+])C1=NOC(=N)[N-]1,,[]
88,1380.613087,5.7,0.100759,7.2,0.081400,0.0,30.409000,38.3,NC=[NH+]C1=NOC([O-])=C1,,[]
88,1696.891039,38.2,0.138486,39.1,0.114500,0.1,24.968000,4.5,C1C2C3OC4C3C1=CC24,,[]
89,718.337705,0.0,0.041434,0.0,0.164100,2.8,18.939000,0.3,N=C1N=NON=N1,,[]
89,730.411615,0.0,0.050629,0.1,0.203800,16.0,16.477000,0.0,NC1=NON=N1,,[]
89,752.023669,0.0,0.031734,0.0,0.229500,37.3,16.954000,0.1,N#CC1=NON=N1,,[]
89,761.150167,0.0,0.079754,2.0,0.341700,98.6,13.546000,0.0,CCO,,[]
89,798.442427,0.0,0.055704,0.2,0.219100,27.7,15.692000,0.0,O=CNC=O,,[]
89,807.956098,0.1,0.033974,0.0,0.158400,1.9,21.297000,0.8,FC1=NON=NC1=O,,[]
89,811.319549,0.1,0.051400,0.1,0.246900,48.4,15.356000,0.0,OC1=NOC=N1,,[]
89,818.579834,0.1,0.058014,0.2,0.253800,53.4,12.232000,0.0,O1C=CC=N1,,[]
89,951.213374,0.2,0.056441,0.2,0.177500,5.6,17.226000,0.1,FC1=CN=NC=N1,,[]
89,1083.834364,0.5,0.045498,0.0,0.153800,1.3,25.522000,5.9,O=C(C#C)C(=O)C#N,,[]
89,1108.489211,0.6,0.055740,0.2,0.098300,0.0,25.564000,6.1,O=CC(=O)C(=O)C=O,,[]
89,1124.348885,0.7,0.072729,0.9,0.147400,0.8,23.949000,2.7,NC1=NOC(=O)C=N1,,[]
89,1163.994306,1.1,0.065546,0.5,0.145600,0.7,24.558000,3.8,O=CN1N=NC=NC1=O,,[]
89,1189.593555,1.3,0.073428,1.0,0.156100,1.6,22.343000,1.2,FC1=CNC(=O)C=N1,,[]
89,1196.291591,1.3,0.069142,0.8,0.155500,1.5,21.003000,0.7,O1N=C2N=CC=NC2=N1,,[]
89,1197.608106,1.4,0.063697,0.4,0.141900,0.5,25.439000,5.7,O=CC(=O)C1=CN=NO1,,[]
89,1204.963145,1.4,0.068878,0.7,0.157600,1.8,21.406000,0.9,O1N=CN=C2N=CN=C12,,[]
89,1207.800743,1.5,0.090604,4.1,0.126000,0.1,21.993000,1.1,O=C1CNCC1=O,,[]
89,1320.909953,3.4,0.080353,2.1,0.145900,0.7,22.703000,1.5,O1C=NC2=NC=CC2=N1,,[]
89,1342.710887,4.2,0.102209,8.4,0.093800,0.0,30.012000,34.2,NC(=[NH2+])C1=NOC(=N)[N-]1,,[]
89,1380.613087,5.8,0.100759,7.2,0.081400,0.0,30.409000,38.4,NC=[NH+]C1=NOC([O-])=C1,,[]
89,1696.891039,38.2,0.138486,39.1,0.114500,0.1,24.968000,4.5,C1C2C3OC4C3C1=CC24,,[]
90,718.337705,0.0,0.041434,0.0,0.164100,2.8,18.939000,0.3,N=C1N=NON=N1,,[]
90,730.411615,0.0,0.050629,0.1,0.203800,15.9,16.477000,0.0,NC1=NON=N1,,[]
90,752.023669,0.0,0.031734,0.0,0.229500,37.3,16.954000,0.1,N#CC1=NON=N1,,[]
90,761.150167,0.0,0.079754,2.0,0.341700,98.6,13.546000,0.0,CCO,,[]
90,798.442427,0.0,0.055704,0.2,0.219100,27.7,15.692000,0.0,O=CNC=O,,[]
90,807.956098,0.1,0.033974,0.0,0.158400,1.9,21.297000,0.8,FC1=NON=NC1=O,,[]
90,811.319549,0.1,0.051400,0.1,0.246900,48.3,15.356000,0.0,OC1=NOC=N1,,[]
90,818.579834,0.1,0.058014,0.2,0.253800,53.3,12.232000,0.0,O1C=CC=N1,,[]
90,951.213374,0.2,0.056441,0.2,0.177500,5.6,17.226000,0.1,FC1=CN=NC=N1,,[]
90,1083.834364,0.5,0.045498,0.0,0.153800,1.3,25.522000,5.9,O=C(C#C)C(=O)C#N,,[]
90,1108.489211,0.6,0.055740,0.2,0.098300,0.0,25.564000,6.1,O=CC(=O)C(=O)C=O,,[]
90,1124.348885,0.7,0.072729,0.9,0.147400,0.8,23.949000,2.7,NC1=NOC(=O)C=N1,,[]
90,1163.994306,1.1,0.065546,0.5,0.145600,0.6,24.558000,3.8,O=CN1N=NC=NC1=O,,[]
90,1189.593555,1.3,0.073428,1.0,0.156100,1.6,22.343000,1.3,FC1=CNC(=O)C=N1,,[]
90,1196.291591,1.3,0.069142,0.7,0.155500,1.5,21.003000,0.7,O1N=C2N=CC=NC2=N1,,[]
90,1197.608106,1.4,0.063697,0.4,0.141900,0.4,25.439000,5.7,O=CC(=O)C1=CN=NO1,,[]
90,1204.963145,1.4,0.068878,0.7,0.157600,1.8,21.406000,0.9,O1N=CN=C2N=CN=C12,,[]
90,1207.800743,1.5,0.090604,4.1,0.126000,0.1,21.993000,1.1,O=C1CNCC1=O,,[]
90,1320.909953,3.4,0.080353,2.0,0.145900,0.7,22.703000,1.6,O1C=NC2=NC=CC2=N1,,[]
90,1342.710887,4.2,0.102209,8.4,0.093800,0.0,30.012000,34.2,NC(=[NH2+])C1=NOC(=N)[N-]1,,[]
90,1380.613087,5.8,0.100759,7.2,0.081400,0.0,30.409000,38.4,NC=[NH+]C1=NOC([O-])=C1,,[]
90,1696.891039,38.2,0.138486,39.0,0.114500,0.1,24.968000,4.6,C1C2C3OC4C3C1=CC24,,[]
91,718.337705,0.0,0.041434,0.0,0.164100,2.8,18.939000,0.3,N=C1N=NON=N1,,[]
91,730.411615,0.0,0.050629,0.1,0.203800,15.9,16.477000,0.1,NC1=NON=N1,,[]
91,752.023669,0.0,0.031734,0.0,0.229500,37.2,16.954000,0.1,N#CC1=NON=N1,,[]
91,761.150167,0.0,0.079754,2.0,0.341700,98.6,13.546000,0.0,CCO,,[]
91,798.442427,0.0,0.055704,0.2,0.219100,27.7,15.692000,0.0,O=CNC=O,,[]
91,807.956098,0.1,0.033974,0.0,0.158400,1.9,21.297000,0.8,FC1=NON=NC1=O,,[]
91,811.319549,0.1,0.051400,0.1,0.246900,48.3,15.356000,0.0,OC1=NOC=N1,,[]
91,818.579834,0.1,0.058014,0.2,0.253800,53.2,12.232000,0.0,O1C=CC=N1,,[]
91,951.213374,0.2,0.056441,0.2,0.177500,5.6,17.226000,0.1,FC1=CN=NC=N1,,[]
91,1083.834364,0.5,0.045498,0.0,0.153800,1.3,25.522000,6.0,O=C(C#C)C(=O)C#N,,[]
91,1108.489211,0.6,0.055740,0.2,0.098300,0.0,25.564000,6.1,O=CC(=O)C(=O)C=O,,[]
91,1124.348885,0.8,0.072729,0.9,0.147400,0.8,23.949000,2.7,NC1=NOC(=O)C=N1,,[]
91,1163.994306,1.1,0.065546,0.5,0.145600,0.7,24.558000,3.8,O=CN1N=NC=NC1=O,,[]
91,1189.593555,1.3,0.073428,1.0,0.156100,1.6,22.343000,1.3,FC1=CNC(=O)C=N1,,[]
91,1196.291591,1.3,0.069142,0.7,0.155500,1.5,21.003000,0.7,O1N=C2N=CC=NC2=N1,,[]
91,1197.608106,1.4,0.063697,0.4,0.141900,0.5,25.439000,5.7,O=CC(=O)C1=CN=NO1,,[]
91,1204.963145,1.5,0.068878,0.7,0.157600,1.8,21.406000,0.9,O1N=CN=C2N=CN=C12,,[]
91,1207.800743,1.5,0.090604,4.1,0.126000,0.1,21.993000,1.1,O=C1CNCC1=O,,[]
91,1320.909953,3.4,0.080353,2.1,0.145900,0.7,22.703000,1.6,O1C=NC2=NC=CC2=N1,,[]
91,1342.710887,4.2,0.102209,8.4,0.093800,0.0,30.012000,34.1,NC(=[NH2+])C1=NOC(=N)[N-]1,,[]
91,1380.613087,5.8,0.100759,7.2,0.081400,0.0,30.409000,38.4,NC=[NH+]C1=NOC([O-])=C1,,[]
91,1696.891039,38.3,0.138486,39.1,0.114500,0.1,24.968000,4.6,C1C2C3OC4C3C1=CC24,,[]
92,718.337705,0.0,0.041434,0.0,0.164100,2.8,18.939000,0.3,N=C1N=NON=N1,,[]
92,730.411615,0.0,0.050629,0.1,0.203800,15.8,16.477000,0.1,NC1=NON=N1,,[]
92,752.023669,0.0,0.031734,0.0,0.229500,37.1,16.954000,0.1,N#CC1=NON=N1,,[]
92,761.150167,0.0,0.079754,2.0,0.341700,98.6,13.546000,0.0,CCO,,[]
92,798.442427,0.0,0.055704,0.2,0.219100,27.6,15.692000,0.0,O=CNC=O,,[]
92,807.956098,0.1,0.033974,0.0,0.158400,1.9,21.297000,0.8,FC1=NON=NC1=O,,[]
92,811.319549,0.1,0.051400,0.1,0.246900,48.2,15.356000,0.0,OC1=NOC=N1,,[]
92,818.579834,0.1,0.058014,0.2,0.253800,53.2,12.232000,0.0,O1C=CC=N1,,[]
92,951.213374,0.2,0.056441,0.2,0.177500,5.5,17.226000,0.1,FC1=CN=NC=N1,,[]
92,1083.834364,0.5,0.045498,0.0,0.153800,1.2,25.522000,5.9,O=C(C#C)C(=O)C#N,,[]
92,1108.489211,0.6,0.055740,0.2,0.098300,0.0,25.564000,6.1,O=CC(=O)C(=O)C=O,,[]
92,1124.348885,0.7,0.072729,0.9,0.147400,0.8,23.949000,2.7,NC1=NOC(=O)C=N1,,[]
92,1163.994306,1.1,0.065546,0.5,0.145600,0.6,24.558000,3.8,O=CN1N=NC=NC1=O,,[]
92,1189.593555,1.3,0.073428,1.0,0.156100,1.6,22.343000,1.3,FC1=CNC(=O)C=N1,,[]
92,1196.291591,1.3,0.069142,0.7,0.155500,1.5,21.003000,0.7,O1N=C2N=CC=NC2=N1,,[]
92,1197.608106,1.4,0.063697,0.4,0.141900,0.4,25.439000,5.7,O=CC(=O)C1=CN=NO1,,[]
92,1204.963145,1.5,0.068878,0.7,0.157600,1.7,21.406000,0.9,O1N=CN=C2N=CN=C12,,[]
92,1207.800743,1.5,0.090604,4.1,0.126000,0.1,21.993000,1.1,O=C1CNCC1=O,,[]
92,1320.909953,3.4,0.080353,2.1,0.145900,0.7,22.703000,1.6,O1C=NC2=NC=CC2=N1,,[]
92,1342.710887,4.2,0.102209,8.4,0.093800,0.0,30.012000,34.1,NC(=[NH2+])C1=NOC(=N)[N-]1,,[]
92,1380.613087,5.8,0.100759,7.2,0.081400,0.0,30.409000,38.4,NC=[NH+]C1=NOC([O-])=C1,,[]
92,1696.891039,38.4,0.138486,39.1,0.114500,0.1,24.968000,4.6,C1C2C3OC4C3C1=CC24,,[]
93,718.337705,0.0,0.041434,0.0,0.164100,2.8,18.939000,0.3,N=C1N=NON=N1,,[]
93,730.411615,0.0,0.050629,0.1,0.203800,15.8,16.477000,0.1,NC1=NON=N1,,[]
93,752.023669,0.0,0.031734,0.0,0.229500,37.0,16.954000,0.1,N#CC1=NON=N1,,[]
93,761.150167,0.0,0.079754,2.0,0.341700,98.6,13.546000,0.0,CCO,,[]
93,798.442427,0.0,0.055704,0.2,0.219100,27.5,15.692000,0.0,O=CNC=O,,[]
93,807.956098,0.1,0.033974,0.0,0.158400,1.9,21.297000,0.8,FC1=NON=NC1=O,,[]
93,811.319549,0.1,0.051400,0.1,0.246900,48.0,15.356000,0.0,OC1=NOC=N1,,[]
93,818.579834,0.1,0.058014,0.2,0.253800,53.0,12.232000,0.0,O1C=CC=N1,,[]
93,951.213374,0.2,0.056441,0.2,0.177500,5.5,17.226000,0.1,FC1=CN=NC=N1,,[]
93,1083.834364,0.5,0.045498,0.1,0.153800,1.3,25.522000,5.9,O=C(C#C)C(=O)C#N,,[]
93,1108.489211,0.6,0.055740,0.2,0.098300,0.0,25.564000,6.1,O=CC(=O)C(=O)C=O,,[]
93,1124.348885,0.7,0.072729,0.9,0.147400,0.8,23.949000,2.7,NC1=NOC(=O)C=N1,,[]
93,1163.994306,1.1,0.065546,0.5,0.145600,0.6,24.558000,3.8,O=CN1N=NC=NC1=O,,[]
93,1189.593555,1.3,0.073428,1.0,0.156100,1.6,22.343000,1.3,FC1=CNC(=O)C=N1,,[]
93,1196.291591,1.4,0.069142,0.7,0.155500,1.5,21.003000,0.7,O1N=C2N=CC=NC2=N1,,[]
93,1197.608106,1.4,0.063697,0.4,0.141900,0.4,25.439000,5.7,O=CC(=O)C1=CN=NO1,,[]
93,1204.963145,1.5,0.068878,0.7,0.157600,1.8,21.406000,0.9,O1N=CN=C2N=CN=C12,,[]
93,1207.800743,1.5,0.090604,4.1,0.126000,0.1,21.993000,1.1,O=C1CNCC1=O,,[]
93,1320.909953,3.4,0.080353,2.1,0.145900,0.7,22.703000,1.5,O1C=NC2=NC=CC2=N1,,[]
93,1342.710887,4.2,0.102209,8.3,0.093800,0.0,30.012000,34.0,NC(=[NH2+])C1=NOC(=N)[N-]1,,[]
93,1380.613087,5.7,0.100759,7.2,0.081400,0.0,30.409000,38.3,NC=[NH+]C1=NOC([O-])=C1,,[]
93,1696.891039,38.3,0.138486,39.0,0.114500,0.1,24.968000,4.5,C1C2C3OC4C3C1=CC24,,[]
94,718.337705,0.0,0.041434,0.0,0.164100,2.7,18.939000,0.3,N=C1N=NON=N1,,[]
94,730.411615,0.0,0.050629,0.1,0.203800,15.7,16.477000,0.1,NC1=NON=N1,,[]
94,752.023669,0.0,0.031734,0.0,0.229500,37.0,16.954000,0.1,N#CC1=NON=N1,,[]
94,761.150167,0.0,0.079754,2.0,0.341700,98.6,13.546000,0.0,CCO,,[]
94,798.442427,0.0,0.055704,0.2,0.219100,27.5,15.692000,0.0,O=CNC=O,,[]
94,807.956098,0.1,0.033974,0.0,0.158400,1.9,21.297000,0.8,FC1=NON=NC1=O,,[]
94,811.319549,0.1,0.051400,0.1,0.246900,48.0,15.356000,0.0,OC1=NOC=N1,,[]
94,818.579834,0.1,0.058014,0.3,0.253800,53.0,12.232000,0.0,O1C=CC=N1,,[]
94,951.213374,0.2,0.056441,0.2,0.177500,5.5,17.226000,0.1,FC1=CN=NC=N1,,[]
94,961.520844,0.2,0.055700,0.2,0.188900,9.0,17.899000,0.1,O=CC1=NC=NO1,,[]
94,1083.834364,0.5,0.045498,0.1,0.153800,1.2,25.522000,6.0,O=C(C#C)C(=O)C#N,,[]
94,1108.489211,0.6,0.055740,0.2,0.098300,0.0,25.564000,6.1,O=CC(=O)C(=O)C=O,,[]
94,1124.348885,0.7,0.072729,0.9,0.147400,0.8,23.949000,2.7,NC1=NOC(=O)C=N1,,[]
94,1163.994306,1.1,0.065546,0.5,0.145600,0.6,24.558000,3.8,O=CN1N=NC=NC1=O,,[]
94,1189.593555,1.3,0.073428,1.0,0.156100,1.5,22.343000,1.3,FC1=CNC(=O)C=N1,,[]
94,1196.291591,1.4,0.069142,0.8,0.155500,1.5,21.003000,0.7,O1N=C2N=CC=NC2=N1,,[]
94,1197.608106,1.4,0.063697,0.4,0.141900,0.4,25.439000,5.7,O=CC(=O)C1=CN=NO1,,[]
94,1204.963145,1.5,0.068878,0.7,0.157600,1.7,21.406000,0.9,O1N=CN=C2N=CN=C12,,[]
94,1207.800743,1.5,0.090604,4.1,0.126000,0.1,21.993000,1.1,O=C1CNCC1=O,,[]
94,1320.909953,3.4,0.080353,2.1,0.145900,0.7,22.703000,1.5,O1C=NC2=NC=CC2=N1,,[]
94,1342.710887,4.2,0.102209,8.3,0.093800,0.0,30.012000,33.9,NC(=[NH2+])C1=NOC(=N)[N-]1,,[]
94,1380.613087,5.7,0.100759,7.2,0.081400,0.0,30.409000,38.3,NC=[NH+]C1=NOC([O-])=C1,,[]
94,1696.891039,38.4,0.138486,39.0,0.114500,0.1,24.968000,4.5,C1C2C3OC4C3C1=CC24,,[]
95,718.337705,0.0,0.041434,0.0,0.164100,2.7,18.939000,0.3,N=C1N=NON=N1,,[]
95,730.411615,0.0,0.050629,0.1,0.203800,15.7,16.477000,0.1,NC1=NON=N1,,[]
95,752.023669,0.0,0.031734,0.0,0.229500,37.0,16.954000,0.1,N#CC1=NON=N1,,[]
95,761.150167,0.0,0.079754,2.0,0.341700,98.6,13.546000,0.0,CCO,,[]
95,798.442427,0.0,0.055704,0.2,0.219100,27.4,15.692000,0.0,O=CNC=O,,[]
95,807.956098,0.1,0.033974,0.0,0.158400,1.9,21.297000,0.8,FC1=NON=NC1=O,,[]
95,811.319549,0.1,0.051400,0.1,0.246900,48.0,15.356000,0.0,OC1=NOC=N1,,[]
95,818.579834,0.1,0.058014,0.3,0.253800,53.0,12.232000,0.0,O1C=CC=N1,,[]
95,951.213374,0.2,0.056441,0.2,0.177500,5.5,17.226000,0.1,FC1=CN=NC=N1,,[]
95,961.520844,0.2,0.055700,0.2,0.188900,9.0,17.899000,0.1,O=CC1=NC=NO1,,[]
95,1083.834364,0.5,0.045498,0.1,0.153800,1.2,25.522000,5.9,O=C(C#C)C(=O)C#N,,[]
95,1108.489211,0.6,0.055740,0.2,0.098300,0.0,25.564000,6.1,O=CC(=O)C(=O)C=O,,[]
95,1124.348885,0.8,0.072729,0.9,0.147400,0.8,23.949000,2.7,NC1=NOC(=O)C=N1,,[]
95,1163.994306,1.1,0.065546,0.5,0.145600,0.6,24.558000,3.8,O=CN1N=NC=NC1=O,,[]
95,1189.593555,1.3,0.073428,1.0,0.156100,1.5,22.343000,1.3,FC1=CNC(=O)C=N1,,[]
95,1196.291591,1.4,0.069142,0.8,0.155500,1.5,21.003000,0.7,O1N=C2N=CC=NC2=N1,,[]
95,1197.608106,1.4,0.063697,0.4,0.141900,0.4,25.439000,5.7,O=CC(=O)C1=CN=NO1,,[]
95,1204.963145,1.5,0.068878,0.7,0.157600,1.7,21.406000,0.9,O1N=CN=C2N=CN=C12,,[]
95,1207.800743,1.5,0.090604,4.1,0.126000,0.1,21.993000,1.1,O=C1CNCC1=O,,[]
95,1320.909953,3.4,0.080353,2.1,0.145900,0.7,22.703000,1.5,O1C=NC2=NC=CC2=N1,,[]
95,1342.710887,4.2,0.102209,8.3,0.093800,0.0,30.012000,34.0,NC(=[NH2+])C1=NOC(=N)[N-]1,,[]
95,1380.613087,5.7,0.100759,7.2,0.081400,0.0,30.409000,38.3,NC=[NH+]C1=NOC([O-])=C1,,[]
95,1696.891039,38.4,0.138486,39.0,0.114500,0.1,24.968000,4.5,C1C2C3OC4C3C1=CC24,,[]
96,718.337705,0.0,0.041434,0.0,0.164100,2.8,18.939000,0.3,N=C1N=NON=N1,,[]
96,730.411615,0.0,0.050629,0.1,0.203800,15.7,16.477000,0.1,NC1=NON=N1,,[]
96,752.023669,0.0,0.031734,0.0,0.229500,37.0,16.954000,0.1,N#CC1=NON=N1,,[]
96,761.150167,0.0,0.079754,2.0,0.341700,98.6,13.546000,0.0,CCO,,[]
96,798.442427,0.0,0.055704,0.2,0.219100,27.5,15.692000,0.0,O=CNC=O,,[]
96,807.956098,0.1,0.033974,0.0,0.158400,1.9,21.297000,0.8,FC1=NON=NC1=O,,[]
96,811.319549,0.1,0.051400,0.1,0.246900,48.0,15.356000,0.0,OC1=NOC=N1,,[]
96,818.579834,0.1,0.058014,0.3,0.253800,53.1,12.232000,0.0,O1C=CC=N1,,[]
96,951.213374,0.2,0.056441,0.2,0.177500,5.5,17.226000,0.1,FC1=CN=NC=N1,,[]
96,961.520844,0.2,0.055700,0.2,0.188900,9.0,17.899000,0.1,O=CC1=NC=NO1,,[]
96,1083.834364,0.5,0.045498,0.1,0.153800,1.2,25.522000,6.0,O=C(C#C)C(=O)C#N,,[]
96,1108.489211,0.6,0.055740,0.2,0.098300,0.0,25.564000,6.1,O=CC(=O)C(=O)C=O,,[]
96,1124.348885,0.7,0.072729,0.9,0.147400,0.8,23.949000,2.7,NC1=NOC(=O)C=N1,,[]
96,1163.994306,1.1,0.065546,0.5,0.145600,0.6,24.558000,3.8,O=CN1N=NC=NC1=O,,[]
96,1189.593555,1.3,0.073428,1.0,0.156100,1.5,22.343000,1.2,FC1=CNC(=O)C=N1,,[]
96,1196.291591,1.4,0.069142,0.7,0.155500,1.5,21.003000,0.7,O1N=C2N=CC=NC2=N1,,[]
96,1197.608106,1.4,0.063697,0.4,0.141900,0.4,25.439000,5.7,O=CC(=O)C1=CN=NO1,,[]
96,1204.963145,1.5,0.068878,0.7,0.157600,1.7,21.406000,0.9,O1N=CN=C2N=CN=C12,,[]
96,1207.800743,1.5,0.090604,4.1,0.126000,0.1,21.993000,1.1,O=C1CNCC1=O,,[]
96,1320.909953,3.5,0.080353,2.1,0.145900,0.7,22.703000,1.5,O1C=NC2=NC=CC2=N1,,[]
96,1342.710887,4.3,0.102209,8.3,0.093800,0.0,30.012000,34.0,NC(=[NH2+])C1=NOC(=N)[N-]1,,[]
96,1380.613087,5.8,0.100759,7.2,0.081400,0.0,30.409000,38.4,NC=[NH+]C1=NOC([O-])=C1,,[]
96,1696.891039,38.5,0.138486,39.1,0.114500,0.1,24.968000,4.6,C1C2C3OC4C3C1=CC24,,[]
97,718.337705,0.0,0.041434,0.0,0.164100,2.8,18.939000,0.3,N=C1N=NON=N1,,[]
97,730.411615,0.0,0.050629,0.1,0.203800,15.7,16.477000,0.1,NC1=NON=N1,,[]
97,752.023669,0.0,0.031734,0.0,0.229500,37.0,16.954000,0.1,N#CC1=NON=N1,,[]
97,761.150167,0.0,0.079754,2.0,0.341700,98.6,13.546000,0.0,CCO,,[]
97,798.442427,0.0,0.055704,0.2,0.219100,27.4,15.692000,0.0,O=CNC=O,,[]
97,807.956098,0.1,0.033974,0.0,0.158400,1.9,21.297000,0.8,FC1=NON=NC1=O,,[]
97,811.319549,0.1,0.051400,0.1,0.246900,48.0,15.356000,0.0,OC1=NOC=N1,,[]
97,818.579834,0.1,0.058014,0.3,0.253800,53.1,12.232000,0.0,O1C=CC=N1,,[]
97,951.213374,0.2,0.056441,0.2,0.177500,5.5,17.226000,0.1,FC1=CN=NC=N1,,[]
97,961.520844,0.2,0.055700,0.2,0.188900,8.9,17.899000,0.1,O=CC1=NC=NO1,,[]
97,1083.834364,0.5,0.045498,0.1,0.153800,1.3,25.522000,6.0,O=C(C#C)C(=O)C#N,,[]
97,1108.489211,0.6,0.055740,0.2,0.098300,0.0,25.564000,6.1,O=CC(=O)C(=O)C=O,,[]
97,1124.348885,0.7,0.072729,0.9,0.147400,0.8,23.949000,2.7,NC1=NOC(=O)C=N1,,[]
97,1163.994306,1.1,0.065546,0.5,0.145600,0.7,24.558000,3.8,O=CN1N=NC=NC1=O,,[]
97,1189.593555,1.3,0.073428,1.0,0.156100,1.6,22.343000,1.2,FC1=CNC(=O)C=N1,,[]
97,1196.291591,1.3,0.069142,0.7,0.155500,1.5,21.003000,0.7,O1N=C2N=CC=NC2=N1,,[]
97,1197.608106,1.4,0.063697,0.4,0.141900,0.5,25.439000,5.8,O=CC(=O)C1=CN=NO1,,[]
97,1204.963145,1.5,0.068878,0.7,0.157600,1.8,21.406000,0.9,O1N=CN=C2N=CN=C12,,[]
97,1207.800743,1.5,0.090604,4.1,0.126000,0.1,21.993000,1.1,O=C1CNCC1=O,,[]
97,1320.909953,3.4,0.080353,2.0,0.145900,0.7,22.703000,1.5,O1C=NC2=NC=CC2=N1,,[]
97,1342.710887,4.2,0.102209,8.3,0.093800,0.0,30.012000,34.0,NC(=[NH2+])C1=NOC(=N)[N-]1,,[]
97,1380.613087,5.7,0.100759,7.1,0.081400,0.0,30.409000,38.3,NC=[NH+]C1=NOC([O-])=C1,,[]
97,1696.891039,38.5,0.138486,39.1,0.114500,0.1,24.968000,4.6,C1C2C3OC4C3C1=CC24,,[]
98,718.337705,0.0,0.041434,0.0,0.164100,2.7,18.939000,0.3,N=C1N=NON=N1,,[]
98,730.411615,0.0,0.050629,0.1,0.203800,15.7,16.477000,0.1,NC1=NON=N1,,[]
98,752.023669,0.0,0.031734,0.0,0.229500,37.1,16.954000,0.1,N#CC1=NON=N1,,[]
98,761.150167,0.0,0.079754,2.0,0.341700,98.7,13.546000,0.0,CCO,,[]
98,798.442427,0.0,0.055704,0.2,0.219100,27.5,15.692000,0.0,O=CNC=O,,[]
98,807.956098,0.1,0.033974,0.0,0.158400,1.9,21.297000,0.8,FC1=NON=NC1=O,,[]
98,811.319549,0.1,0.051400,0.1,0.246900,48.1,15.356000,0.0,OC1=NOC=N1,,[]
98,818.579834,0.1,0.058014,0.3,0.253800,53.1,12.232000,0.0,O1C=CC=N1,,[]
98,951.213374,0.2,0.056441,0.2,0.177500,5.5,17.226000,0.1,FC1=CN=NC=N1,,[]
98,961.520844,0.2,0.055700,0.2,0.188900,8.9,17.899000,0.1,O=CC1=NC=NO1,,[]
98,1083.834364,0.5,0.045498,0.1,0.153800,1.3,25.522000,5.9,O=C(C#C)C(=O)C#N,,[]
98,1108.489211,0.6,0.055740,0.2,0.098300,0.0,25.564000,6.1,O=CC(=O)C(=O)C=O,,[]
98,1124.348885,0.7,0.072729,0.9,0.147400,0.8,23.949000,2.7,NC1=NOC(=O)C=N1,,[]
98,1163.994306,1.1,0.065546,0.5,0.145600,0.7,24.558000,3.8,O=CN1N=NC=NC1=O,,[]
98,1189.593555,1.3,0.073428,1.0,0.156100,1.6,22.343000,1.2,FC1=CNC(=O)C=N1,,[]
98,1196.291591,1.4,0.069142,0.7,0.155500,1.5,21.003000,0.7,O1N=C2N=CC=NC2=N1,,[]
98,1197.608106,1.4,0.063697,0.4,0.141900,0.5,25.439000,5.7,O=CC(=O)C1=CN=NO1,,[]
98,1204.963145,1.5,0.068878,0.7,0.157600,1.8,21.406000,0.9,O1N=CN=C2N=CN=C12,,[]
98,1207.800743,1.5,0.090604,4.1,0.126000,0.1,21.993000,1.1,O=C1CNCC1=O,,[]
98,1320.909953,3.4,0.080353,2.1,0.145900,0.7,22.703000,1.5,O1C=NC2=NC=CC2=N1,,[]
98,1342.710887,4.2,0.102209,8.3,0.093800,0.0,30.012000,34.0,NC(=[NH2+])C1=NOC(=N)[N-]1,,[]
98,1380.613087,5.7,0.100759,7.1,0.081400,0.0,30.409000,38.3,NC=[NH+]C1=NOC([O-])=C1,,[]
98,1696.891039,38.6,0.138486,39.1,0.114500,0.1,24.968000,4.5,C1C2C3OC4C3C1=CC24,,[]
99,718.337705,0.0,0.041434,0.0,0.164100,2.8,18.939000,0.3,N=C1N=NON=N1,,[]
99,730.411615,0.0,0.050629,0.1,0.203800,15.7,16.477000,0.1,NC1=NON=N1,,[]
99,752.023669,0.0,0.031734,0.0,0.229500,37.1,16.954000,0.1,N#CC1=NON=N1,,[]
99,761.150167,0.0,0.079754,2.0,0.341700,98.7,13.546000,0.0,CCO,,[]
99,798.442427,0.0,0.055704,0.2,0.219100,27.5,15.692000,0.0,O=CNC=O,,[]
99,807.956098,0.1,0.033974,0.0,0.158400,1.9,21.297000,0.8,FC1=NON=NC1=O,,[]
99,811.319549,0.1,0.051400,0.1,0.246900,48.1,15.356000,0.0,OC1=NOC=N1,,[]
99,818.579834,0.1,0.058014,0.3,0.253800,53.1,12.232000,0.0,O1C=CC=N1,,[]
99,951.213374,0.2,0.056441,0.2,0.177500,5.5,17.226000,0.1,FC1=CN=NC=N1,,[]
99,961.520844,0.2,0.055700,0.2,0.188900,8.9,17.899000,0.1,O=CC1=NC=NO1,,[]
99,1046.659447,0.4,0.064746,0.5,0.126500,0.2,23.759000,2.5,NC(=O)C(=O)C=O,,[]
99,1083.834364,0.5,0.045498,0.1,0.153800,1.3,25.522000,6.0,O=C(C#C)C(=O)C#N,,[]
99,1108.489211,0.6,0.055740,0.2,0.098300,0.0,25.564000,6.1,O=CC(=O)C(=O)C=O,,[]
99,1189.593555,1.3,0.073428,1.0,0.156100,1.6,22.343000,1.2,FC1=CNC(=O)C=N1,,[]
99,1196.291591,1.4,0.069142,0.8,0.155500,1.5,21.003000,0.7,O1N=C2N=CC=NC2=N1,,[]
99,1197.608106,1.4,0.063697,0.4,0.141900,0.5,25.439000,5.7,O=CC(=O)C1=CN=NO1,,[]
99,1204.963145,1.5,0.068878,0.7,0.157600,1.8,21.406000,0.9,O1N=CN=C2N=CN=C12,,[]
99,1207.800743,1.5,0.090604,4.1,0.126000,0.1,21.993000,1.1,O=C1CNCC1=O,,[]
99,1320.909953,3.5,0.080353,2.1,0.145900,0.7,22.703000,1.5,O1C=NC2=NC=CC2=N1,,[]
99,1342.710887,4.3,0.102209,8.3,0.093800,0.0,30.012000,34.0,NC(=[NH2+])C1=NOC(=N)[N-]1,,[]
99,1380.613087,5.7,0.100759,7.2,0.081400,0.0,30.409000,38.3,NC=[NH+]C1=NOC([O-])=C1,,[]
99,1696.891039,38.6,0.138486,39.2,0.114500,0.1,24.968000,4.6,C1C2C3OC4C3C1=CC24,,[]
100,718.337705,0.0,0.041434,0.0,0.164100,2.8,18.939000,0.3,N=C1N=NON=N1,,[]
100,730.411615,0.0,0.050629,0.1,0.203800,15.7,16.477000,0.1,NC1=NON=N1,,[]
100,752.023669,0.0,0.031734,0.0,0.229500,37.1,16.954000,0.1,N#CC1=NON=N1,,[]
100,761.150167,0.0,0.079754,2.0,0.341700,98.7,13.546000,0.0,CCO,,[]
100,798.442427,0.0,0.055704,0.2,0.219100,27.4,15.692000,0.0,O=CNC=O,,[]
100,807.956098,0.1,0.033974,0.0,0.158400,1.9,21.297000,0.8,FC1=NON=NC1=O,,[]
100,811.319549,0.1,0.051400,0.1,0.246900,48.0,15.356000,0.0,OC1=NOC=N1,,[]
100,818.579834,0.1,0.058014,0.3,0.253800,53.1,12.232000,0.0,O1C=CC=N1,,[]
100,951.213374,0.2,0.056441,0.2,0.177500,5.5,17.226000,0.1,FC1=CN=NC=N1,,[]
100,961.520844,0.2,0.055700,0.2,0.188900,8.9,17.899000,0.1,O=CC1=NC=NO1,,[]
100,1046.659447,0.4,0.064746,0.5,0.126500,0.2,23.759000,2.6,NC(=O)C(=O)C=O,,[]
100,1083.834364,0.5,0.045498,0.1,0.153800,1.3,25.522000,6.0,O=C(C#C)C(=O)C#N,,[]
100,1108.489211,0.6,0.055740,0.2,0.098300,0.0,25.564000,6.1,O=CC(=O)C(=O)C=O,,[]
100,1189.593555,1.3,0.073428,1.0,0.156100,1.6,22.343000,1.2,FC1=CNC(=O)C=N1,,[]
100,1196.291591,1.4,0.069142,0.8,0.155500,1.5,21.003000,0.7,O1N=C2N=CC=NC2=N1,,[]
100,1197.608106,1.4,0.063697,0.4,0.141900,0.5,25.439000,5.7,O=CC(=O)C1=CN=NO1,,[]
100,1204.963145,1.5,0.068878,0.7,0.157600,1.8,21.406000,0.9,O1N=CN=C2N=CN=C12,,[]
100,1207.800743,1.5,0.090604,4.1,0.126000,0.1,21.993000,1.1,O=C1CNCC1=O,,[]
100,1320.909953,3.5,0.080353,2.1,0.145900,0.7,22.703000,1.5,O1C=NC2=NC=CC2=N1,,[]
100,1342.710887,4.3,0.102209,8.3,0.093800,0.0,30.012000,34.0,NC(=[NH2+])C1=NOC(=N)[N-]1,,[]
100,1380.613087,5.7,0.100759,7.2,0.081400,0.0,30.409000,38.3,NC=[NH+]C1=NOC([O-])=C1,,[]
100,1696.891039,38.6,0.138486,39.2,0.114500,0.1,24.968000,4.6,C1C2C3OC4C3C1=CC24,,[]
101,718.337705,0.0,0.041434,0.0,0.164100,2.8,18.939000,0.3,N=C1N=NON=N1,,[]
101,730.411615,0.0,0.050629,0.1,0.203800,15.8,16.477000,0.0,NC1=NON=N1,,[]
101,752.023669,0.0,0.031734,0.0,0.229500,37.1,16.954000,0.1,N#CC1=NON=N1,,[]
101,761.150167,0.0,0.079754,2.0,0.341700,98.7,13.546000,0.0,CCO,,[]
101,798.442427,0.0,0.055704,0.2,0.219100,27.5,15.692000,0.0,O=CNC=O,,[]
101,807.956098,0.0,0.033974,0.0,0.158400,1.9,21.297000,0.8,FC1=NON=NC1=O,,[]
101,811.319549,0.1,0.051400,0.1,0.246900,48.0,15.356000,0.0,OC1=NOC=N1,,[]
101,818.579834,0.1,0.058014,0.2,0.253800,53.1,12.232000,0.0,O1C=CC=N1,,[]
101,951.213374,0.1,0.056441,0.2,0.177500,5.5,17.226000,0.1,FC1=CN=NC=N1,,[]
101,961.520844,0.2,0.055700,0.2,0.188900,9.0,17.899000,0.1,O=CC1=NC=NO1,,[]
101,1041.592308,0.3,0.061022,0.3,0.117900,0.1,21.083000,0.7,O=C1N=CN=NC=N1,,[]
101,1083.834364,0.5,0.045498,0.0,0.153800,1.3,25.522000,6.0,O=C(C#C)C(=O)C#N,,[]
101,1108.489211,0.6,0.055740,0.2,0.098300,0.0,25.564000,6.1,O=CC(=O)C(=O)C=O,,[]
101,1196.291591,1.4,0.069142,0.8,0.155500,1.6,21.003000,0.7,O1N=C2N=CC=NC2=N1,,[]
101,1342.710887,4.3,0.102209,8.4,0.093800,0.0,30.012000,34.0,NC(=[NH2+])C1=NOC(=N)[N-]1,,[]
101,1380.613087,5.8,0.100759,7.2,0.081400,0.0,30.409000,38.3,NC=[NH+]C1=NOC([O-])=C1,,[]
101,1696.891039,38.6,0.138486,39.2,0.114500,0.1,24.968000,4.6,C1C2C3OC4C3C1=CC24,,[]
