generation,E_at,E_at_percentile,zvpe,zvpe_percentile,e_gap,e_gap_percentile,C_v,C_v_percentile,SMILES,coordList,functionalization
1,1188.983616,0.0,0.077449,0.0,0.201600,10.0,26.937000,10.0,NC(C#N)C1=NON=N1,,[]
1,1336.166591,2.0,0.101615,6.0,0.188000,8.0,30.468000,44.0,NC=NC1=NON=C1N,,[]
1,1410.429827,10.0,0.103677,10.0,0.211400,24.0,26.295000,2.0,CC1=NNC2=NN=CN12,,[]
1,1474.896385,12.0,0.112792,16.0,0.168300,0.0,27.051000,12.0,C1CC1C1=CN=NN=N1,,[]
1,1487.741504,14.0,0.108940,12.0,0.208800,18.0,26.018000,0.0,NC1=CC=CC=C1F,,[]
2,855.199404,0.0,0.045968,0.0,0.115100,0.0,18.951000,0.7,O=CC(=O)C=O,,[]
2,1056.539584,2.0,0.087299,9.3,0.257700,75.3,17.470000,0.0,CN1N=CC=N1,,[]
3,855.199404,0.0,0.045968,0.4,0.115100,0.4,18.951000,1.6,O=CC(=O)C=O,,[]
3,857.027967,0.4,0.043532,0.0,0.284200,89.6,18.291000,1.2,OC1=NOC(=O)O1,,[]
3,857.729522,0.8,0.062456,5.2,0.196500,31.6,17.458000,0.0,NC1=CON=N1,,[]
3,974.680346,2.0,0.058518,3.2,0.241100,73.6,17.891000,0.8,N#CC1=NNN=C1,,[]
3,1369.256420,46.0,0.100077,50.8,0.090100,0.0,29.533000,66.0,NC=[NH+]C1=NOC=C1[O-],,[]
4,478.904563,0.0,0.017147,0.0,0.622100,99.7,12.639000,0.0,FC(F)(F)F,,[]
4,761.150167,0.3,0.079754,32.6,0.341700,97.4,13.546000,0.3,CCO,,[]
4,818.179483,0.6,0.043872,0.9,0.167200,9.4,16.536000,1.7,FC1=NC=NN=N1,,[]
4,855.199404,0.9,0.045968,1.1,0.115100,0.3,18.951000,4.0,O=CC(=O)C=O,,[]
4,857.027967,1.1,0.043532,0.6,0.284200,86.3,18.291000,3.7,OC1=NOC(=O)O1,,[]
4,877.305308,2.0,0.069125,15.7,0.285100,86.6,15.572000,1.1,N#CC1CN1,,[]
4,948.194426,3.1,0.080558,32.9,0.290700,89.1,15.510000,0.9,N=C1CCO1,,[]
4,956.906767,3.4,0.081779,34.6,0.272000,83.1,14.168000,0.6,C1CN=CO1,,[]
4,1028.408334,5.7,0.036026,0.3,0.178900,18.9,23.569000,21.1,O=C(C#N)C#CC#N,,[]
4,1369.256420,53.1,0.100077,58.3,0.090100,0.0,29.533000,72.9,NC=[NH+]C1=NOC=C1[O-],,[]
5,478.904563,0.0,0.017147,0.0,0.622100,99.8,12.639000,0.0,FC(F)(F)F,,[]
5,761.150167,0.2,0.079754,34.4,0.341700,97.1,13.546000,0.2,CCO,,[]
5,783.223440,0.4,0.027023,0.2,0.211300,46.4,17.827000,4.2,N#CC#CC#N,,[]
5,795.631812,0.7,0.042706,0.9,0.172100,13.6,17.150000,3.1,FC1=CN=NN=N1,,[]
5,798.442427,0.9,0.055704,5.3,0.219100,54.7,15.692000,1.6,O=CNC=O,,[]
5,807.956098,1.1,0.033974,0.4,0.158400,6.4,21.297000,11.3,FC1=NON=NC1=O,,[]
5,818.179483,1.3,0.043872,1.3,0.167200,10.4,16.536000,2.2,FC1=NC=NN=N1,,[]
5,855.199404,1.8,0.045968,1.6,0.115100,0.2,18.951000,5.6,O=CC(=O)C=O,,[]
5,877.305308,3.1,0.069125,17.3,0.285100,85.6,15.572000,1.1,N#CC1CN1,,[]
5,948.194426,4.4,0.080558,34.9,0.290700,88.2,15.510000,0.9,N=C1CCO1,,[]
5,956.906767,4.7,0.081779,36.2,0.272000,82.2,14.168000,0.4,C1CN=CO1,,[]
5,1369.256420,54.4,0.100077,59.3,0.090100,0.0,29.533000,72.7,NC=[NH+]C1=NOC=C1[O-],,[]
6,478.904563,0.0,0.017147,0.0,0.622100,99.8,12.639000,0.2,FC(F)(F)F,,[]
6,695.742344,0.2,0.045382,1.5,0.242200,70.7,11.821000,0.0,O1C=CN=N1,,[]
6,783.223440,0.5,0.027023,0.2,0.211300,46.2,17.827000,4.2,N#CC#CC#N,,[]
6,795.631812,0.7,0.042706,0.7,0.172100,13.3,17.150000,3.3,FC1=CN=NN=N1,,[]
6,798.442427,0.9,0.055704,6.2,0.219100,53.3,15.692000,1.5,O=CNC=O,,[]
6,807.956098,1.1,0.033974,0.4,0.158400,6.5,21.297000,12.2,FC1=NON=NC1=O,,[]
6,818.179483,1.3,0.043872,1.3,0.167200,10.4,16.536000,2.0,FC1=NC=NN=N1,,[]
6,855.199404,2.0,0.045968,1.6,0.115100,0.4,18.951000,5.8,O=CC(=O)C=O,,[]
6,1369.256420,55.1,0.100077,59.3,0.090100,0.0,29.533000,74.9,NC=[NH+]C1=NOC=C1[O-],,[]
6,1696.891039,83.5,0.138486,83.5,0.114500,0.2,24.968000,34.4,C1C2C3OC4C3C1=CC24,,[]
7,478.904563,0.0,0.017147,0.0,0.622100,99.8,12.639000,0.3,FC(F)(F)F,,[]
7,542.643210,0.2,0.045279,1.4,0.284500,82.8,10.890000,0.0,NC=O,,[]
7,695.742344,0.3,0.045382,1.5,0.242200,68.8,11.821000,0.2,O1C=CN=N1,,[]
7,724.694376,0.5,0.033373,0.3,0.318800,92.8,18.453000,5.8,FC(F)(F)C#C,,[]
7,783.223440,0.8,0.027023,0.2,0.211300,44.6,17.827000,4.5,N#CC#CC#N,,[]
7,795.631812,0.9,0.042706,0.8,0.172100,13.1,17.150000,3.5,FC1=CN=NN=N1,,[]
7,798.442427,1.1,0.055704,6.3,0.219100,51.8,15.692000,1.7,O=CNC=O,,[]
7,806.469528,1.2,0.056288,6.6,0.166800,9.8,18.324000,5.7,N=C1N=NNN=N1,,[]
7,807.956098,1.4,0.033974,0.5,0.158400,6.5,21.297000,12.6,FC1=NON=NC1=O,,[]
7,818.179483,1.5,0.043872,1.2,0.167200,10.5,16.536000,2.2,FC1=NC=NN=N1,,[]
7,855.199404,2.2,0.045968,1.7,0.115100,0.3,18.951000,6.5,O=CC(=O)C=O,,[]
7,1369.256420,53.2,0.100077,57.5,0.090100,0.0,29.533000,74.0,NC=[NH+]C1=NOC=C1[O-],,[]
7,1696.891039,80.8,0.138486,80.8,0.114500,0.2,24.968000,35.4,C1C2C3OC4C3C1=CC24,,[]
8,478.904563,0.0,0.017147,0.0,0.622100,99.9,12.639000,0.3,FC(F)(F)F,,[]
8,542.643210,0.1,0.045279,1.3,0.284500,81.3,10.890000,0.0,NC=O,,[]
8,695.742344,0.3,0.045382,1.5,0.242200,66.5,11.821000,0.1,O1C=CN=N1,,[]
8,724.694376,0.5,0.033373,0.3,0.318800,92.3,18.453000,5.9,FC(F)(F)C#C,,[]
8,783.223440,1.1,0.027023,0.1,0.211300,43.1,17.827000,4.7,N#CC#CC#N,,[]
8,791.514095,1.2,0.054577,5.3,0.177000,15.3,17.525000,4.3,NC(=O)C=O,,[]
8,795.631812,1.3,0.042706,0.7,0.172100,12.1,17.150000,3.5,FC1=CN=NN=N1,,[]
8,798.442427,1.6,0.055704,6.1,0.219100,50.3,15.692000,1.9,O=CNC=O,,[]
8,806.469528,1.7,0.056288,6.4,0.166800,9.3,18.324000,5.7,N=C1N=NNN=N1,,[]
8,807.956098,1.9,0.033974,0.4,0.158400,6.4,21.297000,12.0,FC1=NON=NC1=O,,[]
8,818.179483,2.0,0.043872,1.2,0.167200,9.9,16.536000,2.3,FC1=NC=NN=N1,,[]
8,855.199404,2.5,0.045968,1.6,0.115100,0.3,18.951000,6.4,O=CC(=O)C=O,,[]
8,1369.256420,49.1,0.100077,52.9,0.090100,0.0,29.533000,70.5,NC=[NH+]C1=NOC=C1[O-],,[]
8,1696.891039,76.3,0.138486,76.7,0.114500,0.1,24.968000,33.2,C1C2C3OC4C3C1=CC24,,[]
9,478.904563,0.0,0.017147,0.0,0.622100,99.9,12.639000,0.5,FC(F)(F)F,,[]
9,542.643210,0.1,0.045279,1.5,0.284500,82.7,10.890000,0.0,NC=O,,[]
9,585.659612,0.2,0.027259,0.2,0.255900,71.8,12.930000,0.6,C#CC#N,,[]
9,695.742344,0.4,0.045382,1.6,0.242200,67.3,11.821000,0.4,O1C=CN=N1,,[]
9,709.174812,0.5,0.046608,2.1,0.271900,78.8,11.003000,0.1,O1C=NC=N1,,[]
9,783.223440,1.2,0.027023,0.1,0.211300,44.2,17.827000,5.2,N#CC#CC#N,,[]
9,791.514095,1.3,0.054577,5.3,0.177000,16.2,17.525000,4.6,NC(=O)C=O,,[]
9,795.631812,1.4,0.042706,0.8,0.172100,13.2,17.150000,3.8,FC1=CN=NN=N1,,[]
9,798.442427,1.6,0.055704,6.0,0.219100,51.9,15.692000,2.2,O=CNC=O,,[]
9,806.469528,1.9,0.056288,6.2,0.166800,10.4,18.324000,6.2,N=C1N=NNN=N1,,[]
9,807.956098,2.0,0.033974,0.5,0.158400,7.1,21.297000,12.7,FC1=NON=NC1=O,,[]
9,818.179483,2.1,0.043872,1.3,0.167200,10.8,16.536000,2.6,FC1=NC=NN=N1,,[]
9,855.199404,2.6,0.045968,1.8,0.115100,0.4,18.951000,6.9,O=CC(=O)C=O,,[]
9,911.151914,3.9,0.057220,6.8,0.159400,7.4,17.665000,4.8,O=C1NN=NC=N1,,[]
9,913.422871,4.0,0.063368,10.4,0.186000,23.2,14.974000,1.5,C1=CN=NN=C1,,[]
9,947.663553,4.9,0.042392,0.7,0.152400,4.4,24.434000,30.5,FC(F)(F)C(=O)C=O,,[]
9,1355.687155,48.2,0.096036,50.6,0.111100,0.1,26.008000,43.3,[NH2+]=C1O[CH-]C(=O)C=C1,,[]
9,1369.256420,49.9,0.100077,53.6,0.090100,0.0,29.533000,72.9,NC=[NH+]C1=NOC=C1[O-],,[]
9,1696.891039,76.8,0.138486,77.3,0.114500,0.2,24.968000,34.9,C1C2C3OC4C3C1=CC24,,[]
10,478.904563,0.0,0.017147,0.0,0.622100,99.9,12.639000,0.7,FC(F)(F)F,,[]
10,542.643210,0.1,0.045279,1.4,0.284500,81.3,10.890000,0.0,NC=O,,[]
10,585.659612,0.2,0.027259,0.2,0.255900,70.3,12.930000,0.8,C#CC#N,,[]
10,695.742344,0.4,0.045382,1.5,0.242200,65.4,11.821000,0.4,O1C=CN=N1,,[]
10,709.174812,0.6,0.046608,2.0,0.271900,77.3,11.003000,0.1,O1C=NC=N1,,[]
10,783.223440,1.3,0.027023,0.1,0.211300,42.4,17.827000,5.3,N#CC#CC#N,,[]
10,791.514095,1.4,0.054577,5.1,0.177000,15.2,17.525000,4.7,NC(=O)C=O,,[]
10,795.631812,1.5,0.042706,0.7,0.172100,12.3,17.150000,3.9,FC1=CN=NN=N1,,[]
10,798.442427,1.7,0.055704,5.8,0.219100,50.1,15.692000,2.4,O=CNC=O,,[]
10,806.469528,2.0,0.056288,6.0,0.166800,9.8,18.324000,6.3,N=C1N=NNN=N1,,[]
10,807.956098,2.1,0.033974,0.4,0.158400,6.7,21.297000,12.8,FC1=NON=NC1=O,,[]
10,818.179483,2.2,0.043872,1.2,0.167200,10.2,16.536000,2.7,FC1=NC=NN=N1,,[]
10,855.199404,2.6,0.045968,1.7,0.115100,0.3,18.951000,6.9,O=CC(=O)C=O,,[]
10,911.151914,4.0,0.057220,6.5,0.159400,7.1,17.665000,4.9,O=C1NN=NC=N1,,[]
10,913.422871,4.1,0.063368,9.8,0.186000,21.8,14.974000,1.7,C1=CN=NN=C1,,[]
10,947.663553,4.9,0.042392,0.6,0.152400,4.0,24.434000,29.5,FC(F)(F)C(=O)C=O,,[]
10,1355.687155,45.3,0.096036,46.7,0.111100,0.1,26.008000,42.0,[NH2+]=C1O[CH-]C(=O)C=C1,,[]
10,1369.256420,46.8,0.100077,49.9,0.090100,0.0,29.533000,71.5,NC=[NH+]C1=NOC=C1[O-],,[]
10,1696.891039,74.2,0.138486,74.3,0.114500,0.2,24.968000,34.0,C1C2C3OC4C3C1=CC24,,[]
11,478.904563,0.0,0.017147,0.0,0.622100,99.9,12.639000,0.8,FC(F)(F)F,,[]
11,542.643210,0.1,0.045279,1.3,0.284500,80.0,10.890000,0.0,NC=O,,[]
11,585.659612,0.2,0.027259,0.2,0.255900,69.1,12.930000,0.9,C#CC#N,,[]
11,695.742344,0.4,0.045382,1.4,0.242200,64.3,11.821000,0.4,O1C=CN=N1,,[]
11,709.174812,0.6,0.046608,1.9,0.271900,75.9,11.003000,0.1,O1C=NC=N1,,[]
11,783.223440,1.2,0.027023,0.1,0.211300,40.9,17.827000,5.1,N#CC#CC#N,,[]
11,791.514095,1.4,0.054577,5.0,0.177000,14.2,17.525000,4.7,NC(=O)C=O,,[]
11,795.631812,1.5,0.042706,0.8,0.172100,11.6,17.150000,3.9,FC1=CN=NN=N1,,[]
11,798.442427,1.7,0.055704,5.7,0.219100,48.9,15.692000,2.4,O=CNC=O,,[]
11,806.469528,2.0,0.056288,5.9,0.166800,9.2,18.324000,6.1,N=C1N=NNN=N1,,[]
11,807.956098,2.1,0.033974,0.4,0.158400,6.5,21.297000,12.9,FC1=NON=NC1=O,,[]
11,818.179483,2.2,0.043872,1.1,0.167200,9.6,16.536000,2.8,FC1=NC=NN=N1,,[]
11,855.199404,2.6,0.045968,1.6,0.115100,0.3,18.951000,6.7,O=CC(=O)C=O,,[]
11,911.151914,4.0,0.057220,6.4,0.159400,6.8,17.665000,4.9,O=C1NN=NC=N1,,[]
11,913.422871,4.1,0.063368,9.4,0.186000,20.6,14.974000,1.7,C1=CN=NN=C1,,[]
11,947.663553,5.0,0.042392,0.6,0.152400,3.9,24.434000,29.0,FC(F)(F)C(=O)C=O,,[]
11,1355.687155,43.0,0.096036,43.9,0.111100,0.1,26.008000,41.0,[NH2+]=C1O[CH-]C(=O)C=C1,,[]
11,1369.256420,44.4,0.100077,46.9,0.090100,0.0,29.533000,70.5,NC=[NH+]C1=NOC=C1[O-],,[]
11,1696.891039,72.5,0.138486,73.0,0.114500,0.2,24.968000,33.4,C1C2C3OC4C3C1=CC24,,[]
12,478.904563,0.0,0.017147,0.0,0.622100,99.9,12.639000,0.8,FC(F)(F)F,,[]
12,542.643210,0.1,0.045279,1.4,0.284500,78.7,10.890000,0.0,NC=O,,[]
12,585.659612,0.2,0.027259,0.2,0.255900,67.8,12.930000,0.9,C#CC#N,,[]
12,695.742344,0.3,0.045382,1.5,0.242200,62.8,11.821000,0.3,O1C=CN=N1,,[]
12,709.174812,0.5,0.046608,1.9,0.271900,74.3,11.003000,0.1,O1C=NC=N1,,[]
12,733.444996,0.8,0.060508,7.0,0.219600,47.8,14.780000,1.7,OCC=O,,[]
12,764.093186,1.3,0.037876,0.5,0.211900,41.0,17.478000,4.5,O1N=NN2N=NN=C12,,[]
12,783.223440,1.4,0.027023,0.1,0.211300,39.6,17.827000,5.0,N#CC#CC#N,,[]
12,791.514095,1.6,0.054577,4.7,0.177000,13.6,17.525000,4.6,NC(=O)C=O,,[]
12,795.631812,1.7,0.042706,0.9,0.172100,11.0,17.150000,3.8,FC1=CN=NN=N1,,[]
12,798.442427,1.8,0.055704,5.4,0.219100,47.3,15.692000,2.4,O=CNC=O,,[]
12,806.469528,2.1,0.056288,5.6,0.166800,8.7,18.324000,6.0,N=C1N=NNN=N1,,[]
12,807.956098,2.2,0.033974,0.3,0.158400,6.1,21.297000,12.7,FC1=NON=NC1=O,,[]
12,818.179483,2.3,0.043872,1.2,0.167200,9.0,16.536000,2.8,FC1=NC=NN=N1,,[]
12,841.086716,2.6,0.042374,0.6,0.208000,37.0,18.783000,6.2,C#CC1=NON=N1,,[]
12,855.199404,2.8,0.045968,1.7,0.115100,0.3,18.951000,6.6,O=CC(=O)C=O,,[]
12,911.151914,4.1,0.057220,6.0,0.159400,6.3,17.665000,4.8,O=C1NN=NC=N1,,[]
12,913.422871,4.2,0.063368,9.2,0.186000,19.6,14.974000,1.8,C1=CN=NN=C1,,[]
12,947.663553,5.0,0.042392,0.7,0.152400,3.7,24.434000,28.3,FC(F)(F)C(=O)C=O,,[]
12,1355.687155,41.0,0.096036,41.7,0.111100,0.1,26.008000,40.0,[NH2+]=C1O[CH-]C(=O)C=C1,,[]
12,1369.256420,42.3,0.100077,44.6,0.090100,0.0,29.533000,69.1,NC=[NH+]C1=NOC=C1[O-],,[]
12,1696.891039,70.5,0.138486,70.9,0.114500,0.2,24.968000,32.5,C1C2C3OC4C3C1=CC24,,[]
13,395.999894,0.0,0.044749,1.3,0.504800,99.8,6.469000,0.0,C,,[]
13,478.904563,0.1,0.017147,0.0,0.622100,99.9,12.639000,0.8,FC(F)(F)F,,[]
13,542.643210,0.2,0.045279,1.4,0.284500,78.0,10.890000,0.1,NC=O,,[]
13,585.659612,0.2,0.027259,0.2,0.255900,67.0,12.930000,0.9,C#CC#N,,[]
13,695.742344,0.4,0.045382,1.4,0.242200,62.1,11.821000,0.4,O1C=CN=N1,,[]
13,709.174812,0.6,0.046608,1.8,0.271900,73.3,11.003000,0.2,O1C=NC=N1,,[]
13,733.444996,0.8,0.060508,7.0,0.219600,47.4,14.780000,1.8,OCC=O,,[]
13,764.093186,1.3,0.037876,0.5,0.211900,40.1,17.478000,4.6,O1N=NN2N=NN=C12,,[]
13,783.223440,1.4,0.027023,0.1,0.211300,38.8,17.827000,5.0,N#CC#CC#N,,[]
13,791.514095,1.5,0.054577,4.6,0.177000,13.4,17.525000,4.6,NC(=O)C=O,,[]
13,795.631812,1.6,0.042706,0.8,0.172100,10.9,17.150000,3.8,FC1=CN=NN=N1,,[]
13,798.442427,1.8,0.055704,5.4,0.219100,46.9,15.692000,2.4,O=CNC=O,,[]
13,806.469528,2.1,0.056288,5.5,0.166800,8.6,18.324000,5.9,N=C1N=NNN=N1,,[]
13,807.956098,2.2,0.033974,0.3,0.158400,5.9,21.297000,12.5,FC1=NON=NC1=O,,[]
13,818.179483,2.2,0.043872,1.1,0.167200,8.9,16.536000,2.8,FC1=NC=NN=N1,,[]
13,841.086716,2.6,0.042374,0.6,0.208000,36.2,18.783000,6.1,C#CC1=NON=N1,,[]
13,855.199404,2.7,0.045968,1.6,0.115100,0.2,18.951000,6.5,O=CC(=O)C=O,,[]
13,911.151914,3.9,0.057220,5.9,0.159400,6.2,17.665000,4.8,O=C1NN=NC=N1,,[]
13,913.422871,4.0,0.063368,9.0,0.186000,19.0,14.974000,1.8,C1=CN=NN=C1,,[]
13,947.663553,4.9,0.042392,0.6,0.152400,3.7,24.434000,28.2,FC(F)(F)C(=O)C=O,,[]
13,1355.687155,39.6,0.096036,39.9,0.111100,0.1,26.008000,39.5,[NH2+]=C1O[CH-]C(=O)C=C1,,[]
13,1369.256420,40.8,0.100077,42.9,0.090100,0.0,29.533000,68.2,NC=[NH+]C1=NOC=C1[O-],,[]
13,1696.891039,69.0,0.138486,69.3,0.114500,0.2,24.968000,32.4,C1C2C3OC4C3C1=CC24,,[]
14,395.999894,0.0,0.044749,1.3,0.504800,99.9,6.469000,0.0,C,,[]
14,478.904563,0.1,0.017147,0.0,0.622100,99.9,12.639000,0.8,FC(F)(F)F,,[]
14,542.643210,0.1,0.045279,1.3,0.284500,77.6,10.890000,0.1,NC=O,,[]
14,585.659612,0.2,0.027259,0.2,0.255900,66.4,12.930000,0.9,C#CC#N,,[]
14,605.972721,0.3,0.025718,0.1,0.246900,63.0,13.622000,1.4,O=C1ON=NO1,,[]
14,695.742344,0.4,0.045382,1.4,0.242200,61.3,11.821000,0.4,O1C=CN=N1,,[]
14,709.174812,0.6,0.046608,1.8,0.271900,72.8,11.003000,0.1,O1C=NC=N1,,[]
14,733.444996,0.8,0.060508,6.9,0.219600,46.7,14.780000,1.9,OCC=O,,[]
14,764.093186,1.3,0.037876,0.5,0.211900,39.3,17.478000,4.8,O1N=NN2N=NN=C12,,[]
14,783.223440,1.4,0.027023,0.1,0.211300,38.0,17.827000,5.3,N#CC#CC#N,,[]
14,791.514095,1.6,0.054577,4.4,0.177000,13.0,17.525000,4.9,NC(=O)C=O,,[]
14,795.631812,1.7,0.042706,0.8,0.172100,10.4,17.150000,4.0,FC1=CN=NN=N1,,[]
14,798.442427,1.9,0.055704,5.3,0.219100,46.2,15.692000,2.5,O=CNC=O,,[]
14,806.469528,2.2,0.056288,5.4,0.166800,8.2,18.324000,6.1,N=C1N=NNN=N1,,[]
14,807.956098,2.3,0.033974,0.4,0.158400,5.8,21.297000,12.4,FC1=NON=NC1=O,,[]
14,818.179483,2.4,0.043872,1.1,0.167200,8.5,16.536000,3.0,FC1=NC=NN=N1,,[]
14,841.086716,2.7,0.042374,0.6,0.208000,35.2,18.783000,6.4,C#CC1=NON=N1,,[]
14,855.199404,2.8,0.045968,1.6,0.115100,0.3,18.951000,6.7,O=CC(=O)C=O,,[]
14,911.151914,4.0,0.057220,5.9,0.159400,6.0,17.665000,5.1,O=C1NN=NC=N1,,[]
14,913.422871,4.1,0.063368,8.9,0.186000,18.4,14.974000,1.9,C1=CN=NN=C1,,[]
14,947.663553,5.0,0.042392,0.7,0.152400,3.6,24.434000,27.6,FC(F)(F)C(=O)C=O,,[]
14,1355.687155,38.1,0.096036,38.4,0.111100,0.1,26.008000,38.6,[NH2+]=C1O[CH-]C(=O)C=C1,,[]
14,1369.256420,39.2,0.100077,41.1,0.090100,0.0,29.533000,67.3,NC=[NH+]C1=NOC=C1[O-],,[]
14,1696.891039,67.5,0.138486,68.1,0.114500,0.1,24.968000,31.8,C1C2C3OC4C3C1=CC24,,[]
14,1723.113405,70.0,0.137517,66.7,0.115000,0.2,24.578000,28.4,C1=C2C3C4C1C1C4C3C21,,[]
15,395.999894,0.0,0.044749,1.3,0.504800,99.9,6.469000,0.0,C,,[]
15,478.904563,0.1,0.017147,0.0,0.622100,99.9,12.639000,0.8,FC(F)(F)F,,[]
15,481.107121,0.1,0.051208,2.6,0.343700,96.8,8.751000,0.1,CO,,[]
15,542.643210,0.2,0.045279,1.4,0.284500,77.2,10.890000,0.1,NC=O,,[]
15,585.659612,0.3,0.027259,0.3,0.255900,65.5,12.930000,0.9,C#CC#N,,[]
15,605.972721,0.3,0.025718,0.1,0.246900,61.7,13.622000,1.4,O=C1ON=NO1,,[]
15,695.742344,0.6,0.045382,1.4,0.242200,60.1,11.821000,0.5,O1C=CN=N1,,[]
15,709.174812,0.7,0.046608,1.8,0.271900,72.2,11.003000,0.2,O1C=NC=N1,,[]
15,718.337705,0.8,0.041434,0.6,0.164100,7.1,18.939000,6.6,N=C1N=NON=N1,,[]
15,733.444996,1.0,0.060508,6.7,0.219600,45.5,14.780000,1.9,OCC=O,,[]
15,764.093186,1.5,0.037876,0.6,0.211900,38.2,17.478000,4.8,O1N=NN2N=NN=C12,,[]
15,783.223440,1.6,0.027023,0.2,0.211300,37.0,17.827000,5.3,N#CC#CC#N,,[]
15,791.514095,1.8,0.054577,4.3,0.177000,12.6,17.525000,4.9,NC(=O)C=O,,[]
15,795.631812,1.9,0.042706,0.9,0.172100,10.2,17.150000,4.0,FC1=CN=NN=N1,,[]
15,798.442427,2.1,0.055704,5.2,0.219100,44.8,15.692000,2.6,O=CNC=O,,[]
15,806.469528,2.3,0.056288,5.3,0.166800,8.1,18.324000,6.1,N=C1N=NNN=N1,,[]
15,807.956098,2.4,0.033974,0.4,0.158400,5.8,21.297000,12.3,FC1=NON=NC1=O,,[]
15,818.179483,2.5,0.043872,1.2,0.167200,8.4,16.536000,3.1,FC1=NC=NN=N1,,[]
15,841.086716,2.8,0.042374,0.7,0.208000,34.1,18.783000,6.3,C#CC1=NON=N1,,[]
15,855.199404,2.9,0.045968,1.6,0.115100,0.3,18.951000,6.7,O=CC(=O)C=O,,[]
15,911.151914,4.0,0.057220,5.7,0.159400,6.0,17.665000,5.1,O=C1NN=NC=N1,,[]
15,913.422871,4.1,0.063368,8.6,0.186000,17.8,14.974000,2.0,C1=CN=NN=C1,,[]
15,947.663553,4.9,0.042392,0.8,0.152400,3.8,24.434000,26.9,FC(F)(F)C(=O)C=O,,[]
15,1355.687155,36.5,0.096036,36.6,0.111100,0.1,26.008000,37.5,[NH2+]=C1O[CH-]C(=O)C=C1,,[]
15,1369.256420,37.6,0.100077,39.2,0.090100,0.0,29.533000,65.8,NC=[NH+]C1=NOC=C1[O-],,[]
15,1696.891039,65.6,0.138486,66.5,0.114500,0.1,24.968000,30.9,C1C2C3OC4C3C1=CC24,,[]
15,1723.113405,68.1,0.137517,65.1,0.115000,0.2,24.578000,27.7,C1=C2C3C4C1C1C4C3C21,,[]
16,395.999894,0.0,0.044749,1.4,0.504800,99.9,6.469000,0.0,C,,[]
16,478.904563,0.1,0.017147,0.0,0.622100,99.9,12.639000,0.9,FC(F)(F)F,,[]
16,481.107121,0.1,0.051208,2.6,0.343700,96.8,8.751000,0.1,CO,,[]
16,542.643210,0.2,0.045279,1.4,0.284500,78.2,10.890000,0.1,NC=O,,[]
16,585.659612,0.3,0.027259,0.3,0.255900,66.8,12.930000,1.0,C#CC#N,,[]
16,605.972721,0.3,0.025718,0.1,0.246900,63.2,13.622000,1.5,O=C1ON=NO1,,[]
16,612.158710,0.5,0.036943,0.5,0.155500,5.0,12.147000,0.6,O=CC=O,,[]
16,695.742344,0.6,0.045382,1.5,0.242200,61.5,11.821000,0.5,O1C=CN=N1,,[]
16,709.174812,0.7,0.046608,1.8,0.271900,73.3,11.003000,0.2,O1C=NC=N1,,[]
16,783.223440,1.5,0.027023,0.2,0.211300,38.3,17.827000,5.3,N#CC#CC#N,,[]
16,807.956098,2.5,0.033974,0.4,0.158400,6.1,21.297000,12.5,FC1=NON=NC1=O,,[]
16,855.199404,3.0,0.045968,1.6,0.115100,0.3,18.951000,6.8,O=CC(=O)C=O,,[]
16,947.663553,5.1,0.042392,0.8,0.152400,4.1,24.434000,27.5,FC(F)(F)C(=O)C=O,,[]
16,1355.687155,36.8,0.096036,36.9,0.111100,0.1,26.008000,38.3,[NH2+]=C1O[CH-]C(=O)C=C1,,[]
16,1369.256420,37.8,0.100077,39.8,0.090100,0.0,29.533000,66.8,NC=[NH+]C1=NOC=C1[O-],,[]
16,1696.891039,67.0,0.138486,67.9,0.114500,0.2,24.968000,31.4,C1C2C3OC4C3C1=CC24,,[]
16,1723.113405,69.5,0.137517,66.5,0.115000,0.3,24.578000,28.3,C1=C2C3C4C1C1C4C3C21,,[]
16,1747.432535,71.5,0.148080,73.1,0.106500,0.1,28.759000,61.9,CC12C3C1C1=CC3N2C1,,[]
17,395.999894,0.0,0.044749,1.5,0.504800,99.9,6.469000,0.0,C,,[]
17,478.904563,0.1,0.017147,0.0,0.622100,99.9,12.639000,0.9,FC(F)(F)F,,[]
17,481.107121,0.1,0.051208,2.7,0.343700,96.7,8.751000,0.1,CO,,[]
17,542.643210,0.2,0.045279,1.5,0.284500,77.5,10.890000,0.2,NC=O,,[]
17,562.327555,0.2,0.033459,0.4,0.256300,66.1,10.694000,0.1,O1N=CN=N1,,[]
17,585.659612,0.3,0.027259,0.2,0.255900,65.8,12.930000,1.0,C#CC#N,,[]
17,605.972721,0.4,0.025718,0.1,0.246900,62.1,13.622000,1.5,O=C1ON=NO1,,[]
17,612.158710,0.5,0.036943,0.5,0.155500,5.1,12.147000,0.7,O=CC=O,,[]
17,695.742344,0.7,0.045382,1.6,0.242200,60.4,11.821000,0.5,O1C=CN=N1,,[]
17,783.223440,1.6,0.027023,0.2,0.211300,37.3,17.827000,5.4,N#CC#CC#N,,[]
17,792.747151,1.9,0.041330,0.7,0.151400,4.0,19.012000,7.0,O=C1C=NON=N1,,[]
17,807.956098,2.5,0.033974,0.4,0.158400,6.2,21.297000,12.3,FC1=NON=NC1=O,,[]
17,855.199404,3.1,0.045968,1.7,0.115100,0.3,18.951000,6.9,O=CC(=O)C=O,,[]
17,1355.687155,35.6,0.096036,35.7,0.111100,0.1,26.008000,37.7,[NH2+]=C1O[CH-]C(=O)C=C1,,[]
17,1369.256420,36.7,0.100077,38.5,0.090100,0.0,29.533000,66.0,NC=[NH+]C1=NOC=C1[O-],,[]
17,1696.891039,65.8,0.138486,66.5,0.114500,0.2,24.968000,30.8,C1C2C3OC4C3C1=CC24,,[]
17,1723.113405,68.2,0.137517,65.0,0.115000,0.2,24.578000,27.6,C1=C2C3C4C1C1C4C3C21,,[]
17,1747.432535,70.2,0.148080,71.6,0.106500,0.1,28.759000,61.3,CC12C3C1C1=CC3N2C1,,[]
18,395.999894,0.0,0.044749,1.5,0.504800,99.9,6.469000,0.0,C,,[]
18,478.904563,0.1,0.017147,0.0,0.622100,99.9,12.639000,0.9,FC(F)(F)F,,[]
18,481.107121,0.1,0.051208,2.6,0.343700,96.8,8.751000,0.1,CO,,[]
18,542.643210,0.2,0.045279,1.5,0.284500,76.7,10.890000,0.2,NC=O,,[]
18,562.327555,0.2,0.033459,0.4,0.256300,64.9,10.694000,0.1,O1N=CN=N1,,[]
18,585.659612,0.3,0.027259,0.3,0.255900,64.6,12.930000,0.9,C#CC#N,,[]
18,605.972721,0.3,0.025718,0.1,0.246900,60.9,13.622000,1.4,O=C1ON=NO1,,[]
18,612.158710,0.5,0.036943,0.6,0.155500,5.0,12.147000,0.6,O=CC=O,,[]
18,695.742344,0.6,0.045382,1.6,0.242200,59.3,11.821000,0.5,O1C=CN=N1,,[]
18,783.223440,1.6,0.027023,0.2,0.211300,36.4,17.827000,5.3,N#CC#CC#N,,[]
18,792.747151,1.9,0.041330,0.8,0.151400,3.9,19.012000,7.0,O=C1C=NON=N1,,[]
18,807.956098,2.5,0.033974,0.5,0.158400,6.0,21.297000,12.1,FC1=NON=NC1=O,,[]
18,855.199404,3.1,0.045968,1.7,0.115100,0.3,18.951000,6.9,O=CC(=O)C=O,,[]
18,1355.687155,34.6,0.096036,34.6,0.111100,0.1,26.008000,36.9,[NH2+]=C1O[CH-]C(=O)C=C1,,[]
18,1369.256420,35.7,0.100077,37.2,0.090100,0.0,29.533000,64.6,NC=[NH+]C1=NOC=C1[O-],,[]
18,1696.891039,64.3,0.138486,65.0,0.114500,0.2,24.968000,30.2,C1C2C3OC4C3C1=CC24,,[]
18,1723.113405,66.6,0.137517,63.5,0.115000,0.2,24.578000,26.9,C1=C2C3C4C1C1C4C3C21,,[]
18,1747.432535,69.0,0.148080,70.2,0.106500,0.1,28.759000,60.0,CC12C3C1C1=CC3N2C1,,[]
19,395.999894,0.0,0.044749,1.6,0.504800,99.9,6.469000,0.0,C,,[]
19,427.706065,0.1,0.020349,0.1,0.259800,65.8,10.401000,0.1,O1N=NN=N1,,[]
19,478.904563,0.1,0.017147,0.0,0.622100,99.9,12.639000,1.0,FC(F)(F)F,,[]
19,481.107121,0.2,0.051208,2.7,0.343700,96.8,8.751000,0.1,CO,,[]
19,562.327555,0.3,0.033459,0.5,0.256300,64.5,10.694000,0.2,O1N=CN=N1,,[]
19,585.659612,0.3,0.027259,0.4,0.255900,64.1,12.930000,1.0,C#CC#N,,[]
19,605.972721,0.4,0.025718,0.1,0.246900,60.2,13.622000,1.6,O=C1ON=NO1,,[]
19,612.158710,0.6,0.036943,0.8,0.155500,5.0,12.147000,0.8,O=CC=O,,[]
19,695.742344,0.8,0.045382,1.7,0.242200,58.5,11.821000,0.5,O1C=CN=N1,,[]
19,783.223440,1.8,0.027023,0.3,0.211300,35.4,17.827000,5.4,N#CC#CC#N,,[]
19,792.747151,2.1,0.041330,0.9,0.151400,3.9,19.012000,7.1,O=C1C=NON=N1,,[]
19,807.956098,2.7,0.033974,0.6,0.158400,5.9,21.297000,12.1,FC1=NON=NC1=O,,[]
19,855.199404,3.3,0.045968,1.8,0.115100,0.3,18.951000,6.9,O=CC(=O)C=O,,[]
19,1355.687155,33.9,0.096036,33.6,0.111100,0.1,26.008000,36.8,[NH2+]=C1O[CH-]C(=O)C=C1,,[]
19,1369.256420,34.9,0.100077,36.1,0.090100,0.0,29.533000,63.8,NC=[NH+]C1=NOC=C1[O-],,[]
19,1696.891039,63.5,0.138486,64.2,0.114500,0.2,24.968000,30.0,C1C2C3OC4C3C1=CC24,,[]
19,1723.113405,65.8,0.137517,62.7,0.115000,0.2,24.578000,26.8,C1=C2C3C4C1C1C4C3C21,,[]
19,1747.432535,68.4,0.148080,69.6,0.106500,0.1,28.759000,59.1,CC12C3C1C1=CC3N2C1,,[]
20,395.999894,0.0,0.044749,1.5,0.504800,99.9,6.469000,0.0,C,,[]
20,427.706065,0.1,0.020349,0.1,0.259800,65.2,10.401000,0.1,O1N=NN=N1,,[]
20,478.904563,0.1,0.017147,0.0,0.622100,99.9,12.639000,1.0,FC(F)(F)F,,[]
20,481.107121,0.2,0.051208,2.7,0.343700,96.7,8.751000,0.1,CO,,[]
20,562.327555,0.3,0.033459,0.5,0.256300,63.9,10.694000,0.2,O1N=CN=N1,,[]
20,585.659612,0.3,0.027259,0.4,0.255900,63.6,12.930000,1.0,C#CC#N,,[]
20,605.972721,0.4,0.025718,0.1,0.246900,59.7,13.622000,1.5,O=C1ON=NO1,,[]
20,612.158710,0.6,0.036943,0.7,0.155500,5.1,12.147000,0.8,O=CC=O,,[]
20,695.742344,0.8,0.045382,1.7,0.242200,57.9,11.821000,0.5,O1C=CN=N1,,[]
20,783.223440,1.8,0.027023,0.3,0.211300,34.9,17.827000,5.4,N#CC#CC#N,,[]
20,792.747151,2.1,0.041330,0.9,0.151400,4.0,19.012000,7.0,O=C1C=NON=N1,,[]
20,807.956098,2.7,0.033974,0.6,0.158400,6.0,21.297000,12.0,FC1=NON=NC1=O,,[]
20,855.199404,3.3,0.045968,1.8,0.115100,0.3,18.951000,6.8,O=CC(=O)C=O,,[]
20,1051.290467,9.5,0.045232,1.6,0.116900,0.4,24.735000,27.2,O=CC(=O)C(=O)C#N,,[]
20,1355.687155,32.9,0.096036,32.8,0.111100,0.2,26.008000,36.1,[NH2+]=C1O[CH-]C(=O)C=C1,,[]
20,1369.256420,34.1,0.100077,35.3,0.090100,0.0,29.533000,63.2,NC=[NH+]C1=NOC=C1[O-],,[]
20,1696.891039,62.7,0.138486,63.4,0.114500,0.2,24.968000,29.5,C1C2C3OC4C3C1=CC24,,[]
20,1723.113405,65.0,0.137517,61.9,0.115000,0.3,24.578000,26.4,C1=C2C3C4C1C1C4C3C21,,[]
20,1747.432535,67.6,0.148080,68.9,0.106500,0.1,28.759000,58.5,CC12C3C1C1=CC3N2C1,,[]
21,395.999894,0.0,0.044749,1.7,0.504800,99.9,6.469000,0.0,C,,[]
21,427.706065,0.0,0.020349,0.0,0.259800,64.7,10.401000,0.1,O1N=NN=N1,,[]
21,478.904563,0.1,0.017147,0.0,0.622100,100.0,12.639000,1.0,FC(F)(F)F,,[]
21,481.107121,0.1,0.051208,2.7,0.343700,96.7,8.751000,0.0,CO,,[]
21,562.327555,0.2,0.033459,0.6,0.256300,63.4,10.694000,0.1,O1N=CN=N1,,[]
21,585.659612,0.3,0.027259,0.4,0.255900,63.2,12.930000,1.0,C#CC#N,,[]
21,605.972721,0.4,0.025718,0.1,0.246900,59.3,13.622000,1.5,O=C1ON=NO1,,[]
21,612.158710,0.5,0.036943,0.8,0.155500,5.1,12.147000,0.7,O=CC=O,,[]
21,695.742344,0.8,0.045382,1.8,0.242200,57.4,11.821000,0.5,O1C=CN=N1,,[]
21,783.223440,1.8,0.027023,0.2,0.211300,34.4,17.827000,5.5,N#CC#CC#N,,[]
21,792.747151,2.1,0.041330,1.1,0.151400,4.0,19.012000,7.1,O=C1C=NON=N1,,[]
21,807.956098,2.7,0.033974,0.6,0.158400,6.0,21.297000,12.0,FC1=NON=NC1=O,,[]
21,855.199404,3.4,0.045968,2.0,0.115100,0.3,18.951000,6.9,O=CC(=O)C=O,,[]
21,1051.290467,9.6,0.045232,1.7,0.116900,0.4,24.735000,27.0,O=CC(=O)C(=O)C#N,,[]
21,1355.687155,32.5,0.096036,32.3,0.111100,0.2,26.008000,35.6,[NH2+]=C1O[CH-]C(=O)C=C1,,[]
21,1369.256420,33.6,0.100077,34.9,0.090100,0.0,29.533000,62.6,NC=[NH+]C1=NOC=C1[O-],,[]
21,1696.891039,61.9,0.138486,62.9,0.114500,0.2,24.968000,29.2,C1C2C3OC4C3C1=CC24,,[]
21,1723.113405,64.2,0.137517,61.3,0.115000,0.3,24.578000,26.2,C1=C2C3C4C1C1C4C3C21,,[]
21,1747.432535,66.9,0.148080,68.3,0.106500,0.0,28.759000,58.0,CC12C3C1C1=CC3N2C1,,[]
22,395.999894,0.0,0.044749,1.7,0.504800,99.9,6.469000,0.0,C,,[]
22,427.706065,0.0,0.020349,0.0,0.259800,64.1,10.401000,0.1,O1N=NN=N1,,[]
22,478.904563,0.1,0.017147,0.0,0.622100,100.0,12.639000,0.9,FC(F)(F)F,,[]
22,481.107121,0.1,0.051208,2.8,0.343700,96.6,8.751000,0.0,CO,,[]
22,562.327555,0.2,0.033459,0.6,0.256300,62.8,10.694000,0.1,O1N=CN=N1,,[]
22,585.659612,0.3,0.027259,0.4,0.255900,62.5,12.930000,1.0,C#CC#N,,[]
22,605.972721,0.4,0.025718,0.1,0.246900,58.6,13.622000,1.4,O=C1ON=NO1,,[]
22,612.158710,0.5,0.036943,0.9,0.155500,4.9,12.147000,0.7,O=CC=O,,[]
22,695.742344,0.7,0.045382,1.9,0.242200,56.8,11.821000,0.5,O1C=CN=N1,,[]
22,783.223440,1.7,0.027023,0.2,0.211300,33.7,17.827000,5.4,N#CC#CC#N,,[]
22,792.747151,2.0,0.041330,1.2,0.151400,3.9,19.012000,6.9,O=C1C=NON=N1,,[]
22,807.956098,2.6,0.033974,0.6,0.158400,5.8,21.297000,11.9,FC1=NON=NC1=O,,[]
22,843.073411,3.1,0.034056,0.7,0.208300,31.1,21.261000,11.7,O=C1ON=NOC1=O,,[]
22,855.199404,3.3,0.045968,2.0,0.115100,0.4,18.951000,6.7,O=CC(=O)C=O,,[]
22,1051.290467,9.5,0.045232,1.8,0.116900,0.5,24.735000,26.7,O=CC(=O)C(=O)C#N,,[]
22,1108.489211,13.3,0.055740,5.2,0.098300,0.0,25.564000,32.5,O=CC(=O)C(=O)C=O,,[]
22,1369.256420,33.0,0.100077,34.2,0.090100,0.0,29.533000,62.1,NC=[NH+]C1=NOC=C1[O-],,[]
22,1696.891039,61.2,0.138486,62.0,0.114500,0.3,24.968000,28.9,C1C2C3OC4C3C1=CC24,,[]
22,1723.113405,63.6,0.137517,60.4,0.115000,0.3,24.578000,25.9,C1=C2C3C4C1C1C4C3C21,,[]
23,395.999894,0.0,0.044749,1.8,0.504800,99.9,6.469000,0.0,C,,[]
23,427.706065,0.0,0.020349,0.1,0.259800,64.1,10.401000,0.1,O1N=NN=N1,,[]
23,478.904563,0.1,0.017147,0.0,0.622100,99.9,12.639000,0.9,FC(F)(F)F,,[]
23,481.107121,0.2,0.051208,2.8,0.343700,96.7,8.751000,0.0,CO,,[]
23,562.327555,0.3,0.033459,0.6,0.256300,62.7,10.694000,0.2,O1N=CN=N1,,[]
23,585.659612,0.3,0.027259,0.4,0.255900,62.4,12.930000,1.0,C#CC#N,,[]
23,589.812470,0.4,0.045286,1.9,0.364000,98.4,10.287000,0.1,CC#N,,[]
23,605.972721,0.4,0.025718,0.1,0.246900,58.3,13.622000,1.5,O=C1ON=NO1,,[]
23,612.158710,0.6,0.036943,0.9,0.155500,4.8,12.147000,0.7,O=CC=O,,[]
23,695.742344,0.8,0.045382,2.0,0.242200,56.3,11.821000,0.5,O1C=CN=N1,,[]
23,783.223440,1.7,0.027023,0.3,0.211300,33.5,17.827000,5.3,N#CC#CC#N,,[]
23,792.747151,2.0,0.041330,1.2,0.151400,3.7,19.012000,6.9,O=C1C=NON=N1,,[]
23,807.956098,2.6,0.033974,0.6,0.158400,5.6,21.297000,11.8,FC1=NON=NC1=O,,[]
23,811.831597,2.7,0.036614,0.9,0.179100,12.9,18.857000,6.6,O1N=C2ON=NC2=N1,,[]
23,843.073411,3.1,0.034056,0.8,0.208300,30.8,21.261000,11.6,O=C1ON=NOC1=O,,[]
23,855.199404,3.3,0.045968,2.1,0.115100,0.4,18.951000,6.8,O=CC(=O)C=O,,[]
23,1051.290467,9.4,0.045232,1.8,0.116900,0.4,24.735000,26.7,O=CC(=O)C(=O)C#N,,[]
23,1108.489211,13.0,0.055740,5.1,0.098300,0.0,25.564000,32.4,O=CC(=O)C(=O)C=O,,[]
23,1369.256420,32.3,0.100077,33.4,0.090100,0.0,29.533000,61.5,NC=[NH+]C1=NOC=C1[O-],,[]
23,1696.891039,60.6,0.138486,61.4,0.114500,0.3,24.968000,28.8,C1C2C3OC4C3C1=CC24,,[]
23,1723.113405,62.9,0.137517,59.9,0.115000,0.3,24.578000,25.9,C1=C2C3C4C1C1C4C3C21,,[]
24,395.999894,0.0,0.044749,1.7,0.504800,99.9,6.469000,0.0,C,,[]
24,427.706065,0.0,0.020349,0.1,0.259800,63.8,10.401000,0.2,O1N=NN=N1,,[]
24,478.904563,0.1,0.017147,0.0,0.622100,99.9,12.639000,0.9,FC(F)(F)F,,[]
24,481.107121,0.2,0.051208,2.9,0.343700,96.7,8.751000,0.0,CO,,[]
24,562.327555,0.3,0.033459,0.6,0.256300,62.4,10.694000,0.2,O1N=CN=N1,,[]
24,585.659612,0.3,0.027259,0.4,0.255900,62.1,12.930000,1.0,C#CC#N,,[]
24,589.812470,0.4,0.045286,1.9,0.364000,98.3,10.287000,0.1,CC#N,,[]
24,605.972721,0.5,0.025718,0.1,0.246900,57.9,13.622000,1.4,O=C1ON=NO1,,[]
24,612.158710,0.6,0.036943,0.9,0.155500,4.8,12.147000,0.7,O=CC=O,,[]
24,695.742344,0.8,0.045382,2.0,0.242200,55.8,11.821000,0.5,O1C=CN=N1,,[]
24,783.223440,1.7,0.027023,0.3,0.211300,33.1,17.827000,5.4,N#CC#CC#N,,[]
24,792.747151,2.0,0.041330,1.2,0.151400,3.8,19.012000,6.9,O=C1C=NON=N1,,[]
24,807.956098,2.5,0.033974,0.6,0.158400,5.7,21.297000,11.7,FC1=NON=NC1=O,,[]
24,811.831597,2.7,0.036614,0.9,0.179100,12.7,18.857000,6.6,O1N=C2ON=NC2=N1,,[]
24,843.073411,3.1,0.034056,0.8,0.208300,30.4,21.261000,11.6,O=C1ON=NOC1=O,,[]
24,855.199404,3.2,0.045968,2.1,0.115100,0.4,18.951000,6.7,O=CC(=O)C=O,,[]
24,1051.290467,9.4,0.045232,1.8,0.116900,0.5,24.735000,26.1,O=CC(=O)C(=O)C#N,,[]
24,1108.489211,12.9,0.055740,5.1,0.098300,0.0,25.564000,31.6,O=CC(=O)C(=O)C=O,,[]
24,1369.256420,31.8,0.100077,32.7,0.090100,0.0,29.533000,60.7,NC=[NH+]C1=NOC=C1[O-],,[]
24,1696.891039,59.6,0.138486,60.4,0.114500,0.3,24.968000,28.2,C1C2C3OC4C3C1=CC24,,[]
24,1723.113405,61.9,0.137517,58.9,0.115000,0.3,24.578000,25.4,C1=C2C3C4C1C1C4C3C21,,[]
25,395.999894,0.0,0.044749,1.8,0.504800,99.9,6.469000,0.0,C,,[]
25,427.706065,0.0,0.020349,0.1,0.259800,63.3,10.401000,0.2,O1N=NN=N1,,[]
25,478.904563,0.1,0.017147,0.0,0.622100,99.9,12.639000,0.9,FC(F)(F)F,,[]
25,481.107121,0.2,0.051208,2.8,0.343700,96.7,8.751000,0.0,CO,,[]
25,562.327555,0.3,0.033459,0.6,0.256300,61.9,10.694000,0.2,O1N=CN=N1,,[]
25,585.659612,0.3,0.027259,0.4,0.255900,61.7,12.930000,1.0,C#CC#N,,[]
25,589.812470,0.4,0.045286,1.9,0.364000,98.4,10.287000,0.1,CC#N,,[]
25,605.972721,0.4,0.025718,0.2,0.246900,57.4,13.622000,1.4,O=C1ON=NO1,,[]
25,612.158710,0.6,0.036943,0.9,0.155500,4.7,12.147000,0.7,O=CC=O,,[]
25,695.742344,0.8,0.045382,2.0,0.242200,55.2,11.821000,0.5,O1C=CN=N1,,[]
25,740.670140,1.1,0.025540,0.1,0.197700,21.9,16.955000,3.9,O=C(C#N)C#N,,[]
25,792.747151,2.0,0.041330,1.2,0.151400,3.7,19.012000,6.8,O=C1C=NON=N1,,[]
25,807.956098,2.4,0.033974,0.6,0.158400,5.6,21.297000,11.6,FC1=NON=NC1=O,,[]
25,811.831597,2.6,0.036614,0.9,0.179100,12.4,18.857000,6.6,O1N=C2ON=NC2=N1,,[]
25,855.199404,3.1,0.045968,2.1,0.115100,0.4,18.951000,6.7,O=CC(=O)C=O,,[]
25,1051.290467,9.3,0.045232,1.8,0.116900,0.4,24.735000,25.7,O=CC(=O)C(=O)C#N,,[]
25,1108.489211,12.7,0.055740,5.1,0.098300,0.0,25.564000,31.0,O=CC(=O)C(=O)C=O,,[]
25,1369.256420,31.1,0.100077,32.0,0.090100,0.0,29.533000,60.0,NC=[NH+]C1=NOC=C1[O-],,[]
25,1696.891039,59.0,0.138486,59.8,0.114500,0.3,24.968000,27.7,C1C2C3OC4C3C1=CC24,,[]
25,1723.113405,61.4,0.137517,58.4,0.115000,0.3,24.578000,24.9,C1=C2C3C4C1C1C4C3C21,,[]
26,395.999894,0.0,0.044749,1.7,0.504800,99.9,6.469000,0.0,C,,[]
26,427.706065,0.0,0.020349,0.1,0.259800,62.6,10.401000,0.2,O1N=NN=N1,,[]
26,478.904563,0.1,0.017147,0.0,0.622100,99.9,12.639000,0.9,FC(F)(F)F,,[]
26,481.107121,0.2,0.051208,2.8,0.343700,96.8,8.751000,0.0,CO,,[]
26,562.327555,0.3,0.033459,0.5,0.256300,61.2,10.694000,0.2,O1N=CN=N1,,[]
26,585.659612,0.3,0.027259,0.4,0.255900,60.9,12.930000,1.0,C#CC#N,,[]
26,589.812470,0.4,0.045286,1.9,0.364000,98.4,10.287000,0.1,CC#N,,[]
26,605.972721,0.4,0.025718,0.2,0.246900,56.5,13.622000,1.4,O=C1ON=NO1,,[]
26,612.158710,0.5,0.036943,0.9,0.155500,4.6,12.147000,0.7,O=CC=O,,[]
26,645.328861,0.6,0.055355,4.7,0.234200,50.4,11.219000,0.5,CC=O,,[]
26,695.742344,0.8,0.045382,2.0,0.242200,54.4,11.821000,0.5,O1C=CN=N1,,[]
26,740.670140,1.1,0.025540,0.1,0.197700,21.5,16.955000,4.0,O=C(C#N)C#N,,[]
26,792.747151,2.0,0.041330,1.2,0.151400,3.6,19.012000,6.9,O=C1C=NON=N1,,[]
26,807.956098,2.5,0.033974,0.6,0.158400,5.5,21.297000,11.6,FC1=NON=NC1=O,,[]
26,811.831597,2.6,0.036614,0.9,0.179100,12.2,18.857000,6.6,O1N=C2ON=NC2=N1,,[]
26,855.199404,3.2,0.045968,2.1,0.115100,0.4,18.951000,6.7,O=CC(=O)C=O,,[]
26,1051.290467,9.3,0.045232,1.8,0.116900,0.4,24.735000,25.3,O=CC(=O)C(=O)C#N,,[]
26,1108.489211,12.6,0.055740,5.0,0.098300,0.0,25.564000,30.6,O=CC(=O)C(=O)C=O,,[]
26,1369.256420,30.5,0.100077,31.2,0.090100,0.0,29.533000,59.1,NC=[NH+]C1=NOC=C1[O-],,[]
26,1696.891039,58.1,0.138486,58.9,0.114500,0.3,24.968000,27.3,C1C2C3OC4C3C1=CC24,,[]
26,1723.113405,60.5,0.137517,57.5,0.115000,0.3,24.578000,24.6,C1=C2C3C4C1C1C4C3C21,,[]
27,395.999894,0.0,0.044749,1.7,0.504800,99.9,6.469000,0.0,C,,[]
27,427.706065,0.0,0.020349,0.1,0.259800,62.3,10.401000,0.2,O1N=NN=N1,,[]
27,478.904563,0.1,0.017147,0.0,0.622100,99.9,12.639000,0.9,FC(F)(F)F,,[]
27,481.107121,0.2,0.051208,2.8,0.343700,96.9,8.751000,0.0,CO,,[]
27,562.327555,0.3,0.033459,0.6,0.256300,60.7,10.694000,0.2,O1N=CN=N1,,[]
27,585.659612,0.3,0.027259,0.4,0.255900,60.4,12.930000,0.9,C#CC#N,,[]
27,589.812470,0.4,0.045286,1.9,0.364000,98.5,10.287000,0.1,CC#N,,[]
27,605.972721,0.5,0.025718,0.2,0.246900,56.1,13.622000,1.4,O=C1ON=NO1,,[]
27,612.158710,0.6,0.036943,0.9,0.155500,4.6,12.147000,0.7,O=CC=O,,[]
27,645.328861,0.6,0.055355,4.7,0.234200,49.9,11.219000,0.5,CC=O,,[]
27,695.742344,0.8,0.045382,1.9,0.242200,54.0,11.821000,0.5,O1C=CN=N1,,[]
27,740.670140,1.1,0.025540,0.1,0.197700,21.3,16.955000,4.0,O=C(C#N)C#N,,[]
27,792.747151,2.0,0.041330,1.2,0.151400,3.6,19.012000,6.9,O=C1C=NON=N1,,[]
27,807.956098,2.4,0.033974,0.6,0.158400,5.5,21.297000,11.5,FC1=NON=NC1=O,,[]
27,811.831597,2.6,0.036614,0.9,0.179100,12.1,18.857000,6.6,O1N=C2ON=NC2=N1,,[]
27,855.199404,3.1,0.045968,2.0,0.115100,0.4,18.951000,6.8,O=CC(=O)C=O,,[]
27,1051.290467,9.2,0.045232,1.7,0.116900,0.5,24.735000,25.0,O=CC(=O)C(=O)C#N,,[]
27,1108.489211,12.5,0.055740,5.0,0.098300,0.0,25.564000,30.2,O=CC(=O)C(=O)C=O,,[]
27,1369.256420,30.0,0.100077,30.5,0.090100,0.0,29.533000,58.5,NC=[NH+]C1=NOC=C1[O-],,[]
27,1696.891039,57.6,0.138486,58.4,0.114500,0.3,24.968000,26.9,C1C2C3OC4C3C1=CC24,,[]
27,1723.113405,60.1,0.137517,56.9,0.115000,0.3,24.578000,24.3,C1=C2C3C4C1C1C4C3C21,,[]
28,395.999894,0.0,0.044749,1.7,0.504800,99.9,6.469000,0.0,C,,[]
28,427.706065,0.0,0.020349,0.1,0.259800,61.7,10.401000,0.1,O1N=NN=N1,,[]
28,478.904563,0.1,0.017147,0.0,0.622100,99.9,12.639000,0.9,FC(F)(F)F,,[]
28,481.107121,0.1,0.051208,2.8,0.343700,96.8,8.751000,0.0,CO,,[]
28,562.327555,0.3,0.033459,0.6,0.256300,60.2,10.694000,0.2,O1N=CN=N1,,[]
28,585.659612,0.3,0.027259,0.4,0.255900,59.9,12.930000,0.9,C#CC#N,,[]
28,589.812470,0.4,0.045286,1.9,0.364000,98.5,10.287000,0.1,CC#N,,[]
28,605.972721,0.4,0.025718,0.1,0.246900,55.5,13.622000,1.3,O=C1ON=NO1,,[]
28,612.158710,0.5,0.036943,0.9,0.155500,4.6,12.147000,0.7,O=CC=O,,[]
28,645.328861,0.6,0.055355,4.7,0.234200,49.5,11.219000,0.4,CC=O,,[]
28,695.742344,0.8,0.045382,2.0,0.242200,53.5,11.821000,0.5,O1C=CN=N1,,[]
28,740.670140,1.1,0.025540,0.1,0.197700,21.0,16.955000,4.0,O=C(C#N)C#N,,[]
28,752.023669,1.2,0.031734,0.5,0.229500,46.8,16.954000,4.0,N#CC1=NON=N1,,[]
28,792.747151,2.0,0.041330,1.2,0.151400,3.5,19.012000,6.9,O=C1C=NON=N1,,[]
28,807.956098,2.4,0.033974,0.6,0.158400,5.5,21.297000,11.5,FC1=NON=NC1=O,,[]
28,811.831597,2.5,0.036614,0.9,0.179100,12.0,18.857000,6.7,O1N=C2ON=NC2=N1,,[]
28,855.199404,3.1,0.045968,2.1,0.115100,0.4,18.951000,6.8,O=CC(=O)C=O,,[]
28,1051.290467,9.1,0.045232,1.8,0.116900,0.5,24.735000,24.7,O=CC(=O)C(=O)C#N,,[]
28,1108.489211,12.3,0.055740,4.9,0.098300,0.0,25.564000,29.8,O=CC(=O)C(=O)C=O,,[]
28,1369.256420,29.4,0.100077,29.9,0.090100,0.0,29.533000,57.8,NC=[NH+]C1=NOC=C1[O-],,[]
28,1696.891039,56.8,0.138486,57.4,0.114500,0.3,24.968000,26.6,C1C2C3OC4C3C1=CC24,,[]
28,1723.113405,59.3,0.137517,56.0,0.115000,0.3,24.578000,24.0,C1=C2C3C4C1C1C4C3C21,,[]
29,395.999894,0.0,0.044749,1.8,0.504800,99.9,6.469000,0.0,C,,[]
29,427.706065,0.0,0.020349,0.1,0.259800,61.5,10.401000,0.1,O1N=NN=N1,,[]
29,478.904563,0.1,0.017147,0.0,0.622100,99.9,12.639000,0.9,FC(F)(F)F,,[]
29,481.107121,0.1,0.051208,2.7,0.343700,96.9,8.751000,0.0,CO,,[]
29,551.957961,0.2,0.026540,0.2,0.206600,27.2,11.329000,0.5,O=CC#N,,[]
29,562.327555,0.3,0.033459,0.6,0.256300,59.9,10.694000,0.2,O1N=CN=N1,,[]
29,589.812470,0.4,0.045286,1.9,0.364000,98.6,10.287000,0.1,CC#N,,[]
29,605.972721,0.5,0.025718,0.1,0.246900,55.2,13.622000,1.3,O=C1ON=NO1,,[]
29,612.158710,0.6,0.036943,0.9,0.155500,4.6,12.147000,0.7,O=CC=O,,[]
29,645.328861,0.6,0.055355,4.7,0.234200,49.2,11.219000,0.4,CC=O,,[]
29,740.670140,1.1,0.025540,0.1,0.197700,20.8,16.955000,4.1,O=C(C#N)C#N,,[]
29,788.113621,1.9,0.051463,2.9,0.135500,1.2,14.117000,1.5,C1=NN=CN=N1,,[]
29,792.747151,2.0,0.041330,1.2,0.151400,3.6,19.012000,7.0,O=C1C=NON=N1,,[]
29,800.856456,2.2,0.035739,0.8,0.147500,2.8,18.042000,5.8,O=CC(=O)C#N,,[]
29,807.956098,2.4,0.033974,0.6,0.158400,5.5,21.297000,11.6,FC1=NON=NC1=O,,[]
29,855.199404,3.1,0.045968,2.1,0.115100,0.4,18.951000,6.9,O=CC(=O)C=O,,[]
29,1051.290467,9.0,0.045232,1.8,0.116900,0.5,24.735000,24.7,O=CC(=O)C(=O)C#N,,[]
29,1108.489211,12.4,0.055740,5.0,0.098300,0.0,25.564000,29.7,O=CC(=O)C(=O)C=O,,[]
29,1369.256420,29.2,0.100077,29.5,0.090100,0.0,29.533000,57.3,NC=[NH+]C1=NOC=C1[O-],,[]
29,1696.891039,56.4,0.138486,57.0,0.114500,0.3,24.968000,26.5,C1C2C3OC4C3C1=CC24,,[]
29,1723.113405,58.9,0.137517,55.6,0.115000,0.3,24.578000,24.0,C1=C2C3C4C1C1C4C3C21,,[]
30,395.999894,0.0,0.044749,1.7,0.504800,99.9,6.469000,0.0,C,,[]
30,427.706065,0.0,0.020349,0.1,0.259800,61.1,10.401000,0.1,O1N=NN=N1,,[]
30,478.904563,0.1,0.017147,0.0,0.622100,99.9,12.639000,0.9,FC(F)(F)F,,[]
30,481.107121,0.1,0.051208,2.7,0.343700,96.8,8.751000,0.0,CO,,[]
30,551.957961,0.2,0.026540,0.2,0.206600,26.9,11.329000,0.5,O=CC#N,,[]
30,562.327555,0.3,0.033459,0.6,0.256300,59.5,10.694000,0.2,O1N=CN=N1,,[]
30,589.812470,0.4,0.045286,1.9,0.364000,98.6,10.287000,0.1,CC#N,,[]
30,605.972721,0.4,0.025718,0.1,0.246900,54.8,13.622000,1.3,O=C1ON=NO1,,[]
30,612.158710,0.5,0.036943,0.9,0.155500,4.6,12.147000,0.7,O=CC=O,,[]
30,645.328861,0.6,0.055355,4.7,0.234200,48.8,11.219000,0.4,CC=O,,[]
30,740.670140,1.1,0.025540,0.1,0.197700,20.6,16.955000,4.0,O=C(C#N)C#N,,[]
30,788.113621,1.9,0.051463,2.8,0.135500,1.2,14.117000,1.5,C1=NN=CN=N1,,[]
30,792.747151,2.0,0.041330,1.2,0.151400,3.6,19.012000,6.9,O=C1C=NON=N1,,[]
30,800.856456,2.2,0.035739,0.8,0.147500,2.8,18.042000,5.8,O=CC(=O)C#N,,[]
30,807.956098,2.4,0.033974,0.6,0.158400,5.6,21.297000,11.4,FC1=NON=NC1=O,,[]
30,855.199404,3.1,0.045968,2.0,0.115100,0.4,18.951000,6.8,O=CC(=O)C=O,,[]
30,1051.290467,8.9,0.045232,1.8,0.116900,0.4,24.735000,24.3,O=CC(=O)C(=O)C#N,,[]
30,1108.489211,12.1,0.055740,5.0,0.098300,0.0,25.564000,29.2,O=CC(=O)C(=O)C=O,,[]
30,1369.256420,28.7,0.100077,29.1,0.090100,0.0,29.533000,56.6,NC=[NH+]C1=NOC=C1[O-],,[]
30,1696.891039,55.8,0.138486,56.3,0.114500,0.3,24.968000,26.1,C1C2C3OC4C3C1=CC24,,[]
30,1723.113405,58.4,0.137517,54.9,0.115000,0.3,24.578000,23.6,C1=C2C3C4C1C1C4C3C21,,[]
31,395.999894,0.0,0.044749,1.7,0.504800,99.9,6.469000,0.0,C,,[]
31,427.706065,0.1,0.020349,0.1,0.259800,61.0,10.401000,0.2,O1N=NN=N1,,[]
31,478.904563,0.1,0.017147,0.0,0.622100,99.9,12.639000,1.0,FC(F)(F)F,,[]
31,481.107121,0.2,0.051208,2.7,0.343700,96.8,8.751000,0.1,CO,,[]
31,551.957961,0.3,0.026540,0.2,0.206600,26.7,11.329000,0.6,O=CC#N,,[]
31,562.327555,0.3,0.033459,0.6,0.256300,59.3,10.694000,0.2,O1N=CN=N1,,[]
31,589.812470,0.4,0.045286,1.9,0.364000,98.5,10.287000,0.2,CC#N,,[]
31,605.972721,0.5,0.025718,0.1,0.246900,54.6,13.622000,1.4,O=C1ON=NO1,,[]
31,612.158710,0.6,0.036943,0.9,0.155500,4.8,12.147000,0.8,O=CC=O,,[]
31,645.328861,0.6,0.055355,4.7,0.234200,48.7,11.219000,0.5,CC=O,,[]
31,740.670140,1.2,0.025540,0.1,0.197700,20.5,16.955000,4.0,O=C(C#N)C#N,,[]
31,788.113621,1.9,0.051463,2.9,0.135500,1.2,14.117000,1.5,C1=NN=CN=N1,,[]
31,792.747151,2.0,0.041330,1.2,0.151400,3.7,19.012000,6.9,O=C1C=NON=N1,,[]
31,800.856456,2.2,0.035739,0.8,0.147500,2.9,18.042000,5.7,O=CC(=O)C#N,,[]
31,807.956098,2.4,0.033974,0.6,0.158400,5.7,21.297000,11.3,FC1=NON=NC1=O,,[]
31,855.199404,3.1,0.045968,2.1,0.115100,0.4,18.951000,6.8,O=CC(=O)C=O,,[]
31,1051.290467,8.8,0.045232,1.8,0.116900,0.5,24.735000,24.1,O=CC(=O)C(=O)C#N,,[]
31,1108.489211,12.0,0.055740,5.0,0.098300,0.0,25.564000,28.9,O=CC(=O)C(=O)C=O,,[]
31,1369.256420,28.3,0.100077,28.5,0.090100,0.0,29.533000,55.9,NC=[NH+]C1=NOC=C1[O-],,[]
31,1696.891039,55.3,0.138486,55.9,0.114500,0.3,24.968000,25.8,C1C2C3OC4C3C1=CC24,,[]
31,1723.113405,57.9,0.137517,54.4,0.115000,0.3,24.578000,23.4,C1=C2C3C4C1C1C4C3C21,,[]
32,395.999894,0.0,0.044749,1.7,0.504800,99.9,6.469000,0.0,C,,[]
32,427.706065,0.1,0.020349,0.1,0.259800,60.7,10.401000,0.2,O1N=NN=N1,,[]
32,478.904563,0.1,0.017147,0.0,0.622100,99.9,12.639000,1.0,FC(F)(F)F,,[]
32,481.107121,0.2,0.051208,2.7,0.343700,96.8,8.751000,0.1,CO,,[]
32,551.957961,0.3,0.026540,0.3,0.206600,26.3,11.329000,0.6,O=CC#N,,[]
32,562.327555,0.3,0.033459,0.6,0.256300,59.1,10.694000,0.3,O1N=CN=N1,,[]
32,589.812470,0.4,0.045286,1.9,0.364000,98.5,10.287000,0.2,CC#N,,[]
32,605.972721,0.5,0.025718,0.2,0.246900,54.5,13.622000,1.4,O=C1ON=NO1,,[]
32,612.158710,0.6,0.036943,1.0,0.155500,4.7,12.147000,0.8,O=CC=O,,[]
32,645.328861,0.6,0.055355,4.7,0.234200,48.5,11.219000,0.5,CC=O,,[]
32,740.670140,1.3,0.025540,0.1,0.197700,20.2,16.955000,4.1,O=C(C#N)C#N,,[]
32,788.113621,2.0,0.051463,2.9,0.135500,1.2,14.117000,1.6,C1=NN=CN=N1,,[]
32,792.747151,2.1,0.041330,1.2,0.151400,3.7,19.012000,7.0,O=C1C=NON=N1,,[]
32,800.856456,2.3,0.035739,0.8,0.147500,2.9,18.042000,5.8,O=CC(=O)C#N,,[]
32,807.956098,2.5,0.033974,0.6,0.158400,5.6,21.297000,11.3,FC1=NON=NC1=O,,[]
32,855.199404,3.2,0.045968,2.1,0.115100,0.4,18.951000,6.9,O=CC(=O)C=O,,[]
32,1051.290467,8.8,0.045232,1.8,0.116900,0.4,24.735000,23.9,O=CC(=O)C(=O)C#N,,[]
32,1108.489211,11.9,0.055740,5.0,0.098300,0.0,25.564000,28.7,O=CC(=O)C(=O)C=O,,[]
32,1369.256420,28.0,0.100077,28.2,0.090100,0.0,29.533000,55.5,NC=[NH+]C1=NOC=C1[O-],,[]
32,1696.891039,54.8,0.138486,55.6,0.114500,0.3,24.968000,25.6,C1C2C3OC4C3C1=CC24,,[]
32,1723.113405,57.5,0.137517,54.1,0.115000,0.3,24.578000,23.2,C1=C2C3C4C1C1C4C3C21,,[]
33,395.999894,0.0,0.044749,1.7,0.504800,99.9,6.469000,0.0,C,,[]
33,427.706065,0.1,0.020349,0.1,0.259800,60.9,10.401000,0.2,O1N=NN=N1,,[]
33,478.904563,0.1,0.017147,0.0,0.622100,99.9,12.639000,1.0,FC(F)(F)F,,[]
33,481.107121,0.2,0.051208,2.7,0.343700,96.8,8.751000,0.1,CO,,[]
33,494.017501,0.2,0.015951,0.0,0.277000,69.3,10.398000,0.2,N#CC#N,,[]
33,551.957961,0.3,0.026540,0.3,0.206600,26.3,11.329000,0.6,O=CC#N,,[]
33,562.327555,0.3,0.033459,0.6,0.256300,59.2,10.694000,0.3,O1N=CN=N1,,[]
33,589.812470,0.5,0.045286,1.9,0.364000,98.5,10.287000,0.2,CC#N,,[]
33,605.972721,0.5,0.025718,0.2,0.246900,54.7,13.622000,1.4,O=C1ON=NO1,,[]
33,612.158710,0.6,0.036943,1.0,0.155500,4.9,12.147000,0.8,O=CC=O,,[]
33,645.328861,0.6,0.055355,4.7,0.234200,48.5,11.219000,0.6,CC=O,,[]
33,740.670140,1.3,0.025540,0.2,0.197700,20.3,16.955000,4.1,O=C(C#N)C#N,,[]
33,788.113621,2.0,0.051463,2.9,0.135500,1.2,14.117000,1.5,C1=NN=CN=N1,,[]
33,792.747151,2.1,0.041330,1.2,0.151400,3.8,19.012000,7.0,O=C1C=NON=N1,,[]
33,800.856456,2.2,0.035739,0.9,0.147500,3.0,18.042000,5.8,O=CC(=O)C#N,,[]
33,807.956098,2.5,0.033974,0.6,0.158400,5.7,21.297000,11.3,FC1=NON=NC1=O,,[]
33,855.199404,3.2,0.045968,2.1,0.115100,0.4,18.951000,6.9,O=CC(=O)C=O,,[]
33,993.370088,6.7,0.034807,0.8,0.155000,4.6,23.797000,19.5,O=C(C#N)C(=O)C#N,,[]
33,1051.290467,8.7,0.045232,1.8,0.116900,0.4,24.735000,23.8,O=CC(=O)C(=O)C#N,,[]
33,1108.489211,11.9,0.055740,4.9,0.098300,0.0,25.564000,28.5,O=CC(=O)C(=O)C=O,,[]
33,1369.256420,27.7,0.100077,27.8,0.090100,0.0,29.533000,55.2,NC=[NH+]C1=NOC=C1[O-],,[]
33,1696.891039,54.6,0.138486,55.4,0.114500,0.3,24.968000,25.5,C1C2C3OC4C3C1=CC24,,[]
33,1723.113405,57.3,0.137517,53.9,0.115000,0.3,24.578000,23.1,C1=C2C3C4C1C1C4C3C21,,[]
34,395.999894,0.0,0.044749,1.7,0.504800,99.9,6.469000,0.0,C,,[]
34,427.706065,0.1,0.020349,0.1,0.259800,60.8,10.401000,0.3,O1N=NN=N1,,[]
34,478.904563,0.1,0.017147,0.0,0.622100,99.9,12.639000,1.0,FC(F)(F)F,,[]
34,481.107121,0.2,0.051208,2.7,0.343700,96.9,8.751000,0.1,CO,,[]
34,494.017501,0.3,0.015951,0.0,0.277000,69.2,10.398000,0.2,N#CC#N,,[]
34,551.957961,0.3,0.026540,0.3,0.206600,26.0,11.329000,0.6,O=CC#N,,[]
34,562.327555,0.4,0.033459,0.6,0.256300,59.1,10.694000,0.3,O1N=CN=N1,,[]
34,589.812470,0.5,0.045286,1.9,0.364000,98.5,10.287000,0.2,CC#N,,[]
34,605.972721,0.5,0.025718,0.2,0.246900,54.5,13.622000,1.4,O=C1ON=NO1,,[]
34,612.158710,0.6,0.036943,1.0,0.155500,5.0,12.147000,0.8,O=CC=O,,[]
34,645.328861,0.7,0.055355,4.6,0.234200,48.3,11.219000,0.6,CC=O,,[]
34,740.670140,1.3,0.025540,0.1,0.197700,20.2,16.955000,4.0,O=C(C#N)C#N,,[]
34,788.113621,2.0,0.051463,2.9,0.135500,1.2,14.117000,1.5,C1=NN=CN=N1,,[]
34,792.747151,2.1,0.041330,1.2,0.151400,3.9,19.012000,6.9,O=C1C=NON=N1,,[]
34,800.856456,2.2,0.035739,0.8,0.147500,3.0,18.042000,5.7,O=CC(=O)C#N,,[]
34,807.956098,2.4,0.033974,0.6,0.158400,5.8,21.297000,11.2,FC1=NON=NC1=O,,[]
34,855.199404,3.1,0.045968,2.1,0.115100,0.4,18.951000,6.8,O=CC(=O)C=O,,[]
34,993.370088,6.7,0.034807,0.8,0.155000,4.6,23.797000,19.4,O=C(C#N)C(=O)C#N,,[]
34,1051.290467,8.7,0.045232,1.8,0.116900,0.4,24.735000,23.6,O=CC(=O)C(=O)C#N,,[]
34,1108.489211,11.8,0.055740,4.9,0.098300,0.0,25.564000,28.3,O=CC(=O)C(=O)C=O,,[]
34,1369.256420,27.4,0.100077,27.4,0.090100,0.0,29.533000,55.0,NC=[NH+]C1=NOC=C1[O-],,[]
34,1696.891039,54.3,0.138486,55.0,0.114500,0.3,24.968000,25.3,C1C2C3OC4C3C1=CC24,,[]
34,1723.113405,57.1,0.137517,53.5,0.115000,0.3,24.578000,23.0,C1=C2C3C4C1C1C4C3C21,,[]
35,395.999894,0.0,0.044749,1.7,0.504800,99.9,6.469000,0.0,C,,[]
35,427.706065,0.1,0.020349,0.1,0.259800,60.6,10.401000,0.3,O1N=NN=N1,,[]
35,478.904563,0.1,0.017147,0.0,0.622100,99.9,12.639000,1.0,FC(F)(F)F,,[]
35,481.107121,0.2,0.051208,2.7,0.343700,96.8,8.751000,0.1,CO,,[]
35,494.017501,0.3,0.015951,0.0,0.277000,68.9,10.398000,0.3,N#CC#N,,[]
35,551.957961,0.3,0.026540,0.3,0.206600,25.9,11.329000,0.6,O=CC#N,,[]
35,562.327555,0.3,0.033459,0.6,0.256300,58.9,10.694000,0.3,O1N=CN=N1,,[]
35,589.812470,0.5,0.045286,1.9,0.364000,98.4,10.287000,0.2,CC#N,,[]
35,605.972721,0.5,0.025718,0.2,0.246900,54.3,13.622000,1.4,O=C1ON=NO1,,[]
35,612.158710,0.6,0.036943,1.0,0.155500,5.0,12.147000,0.8,O=CC=O,,[]
35,645.328861,0.7,0.055355,4.6,0.234200,48.1,11.219000,0.6,CC=O,,[]
35,740.670140,1.3,0.025540,0.1,0.197700,20.2,16.955000,4.0,O=C(C#N)C#N,,[]
35,788.113621,1.9,0.051463,2.8,0.135500,1.2,14.117000,1.5,C1=NN=CN=N1,,[]
35,792.747151,2.0,0.041330,1.2,0.151400,3.9,19.012000,6.8,O=C1C=NON=N1,,[]
35,800.856456,2.2,0.035739,0.8,0.147500,3.1,18.042000,5.6,O=CC(=O)C#N,,[]
35,807.956098,2.4,0.033974,0.6,0.158400,5.8,21.297000,11.2,FC1=NON=NC1=O,,[]
35,848.879756,2.9,0.035271,0.8,0.166200,7.5,20.219000,8.7,FC1=NC(=O)ON=N1,,[]
35,855.199404,3.1,0.045968,2.0,0.115100,0.4,18.951000,6.7,O=CC(=O)C=O,,[]
35,993.370088,6.6,0.034807,0.8,0.155000,4.7,23.797000,19.4,O=C(C#N)C(=O)C#N,,[]
35,1051.290467,8.6,0.045232,1.8,0.116900,0.5,24.735000,23.6,O=CC(=O)C(=O)C#N,,[]
35,1108.489211,11.7,0.055740,4.8,0.098300,0.0,25.564000,28.3,O=CC(=O)C(=O)C=O,,[]
35,1369.256420,27.1,0.100077,27.1,0.090100,0.0,29.533000,55.0,NC=[NH+]C1=NOC=C1[O-],,[]
35,1696.891039,54.1,0.138486,54.8,0.114500,0.3,24.968000,25.3,C1C2C3OC4C3C1=CC24,,[]
35,1723.113405,56.9,0.137517,53.3,0.115000,0.3,24.578000,22.9,C1=C2C3C4C1C1C4C3C21,,[]
36,213.087785,0.0,0.021375,0.1,0.361500,98.3,6.002000,0.0,O,,[]
36,427.706065,0.1,0.020349,0.1,0.259800,60.2,10.401000,0.3,O1N=NN=N1,,[]
36,478.904563,0.1,0.017147,0.0,0.622100,99.9,12.639000,1.0,FC(F)(F)F,,[]
36,481.107121,0.2,0.051208,2.7,0.343700,96.8,8.751000,0.1,CO,,[]
36,494.017501,0.3,0.015951,0.0,0.277000,68.7,10.398000,0.3,N#CC#N,,[]
36,551.957961,0.3,0.026540,0.3,0.206600,25.8,11.329000,0.7,O=CC#N,,[]
36,562.327555,0.4,0.033459,0.6,0.256300,58.6,10.694000,0.4,O1N=CN=N1,,[]
36,605.972721,0.5,0.025718,0.2,0.246900,53.8,13.622000,1.4,O=C1ON=NO1,,[]
36,612.158710,0.6,0.036943,1.0,0.155500,5.0,12.147000,0.9,O=CC=O,,[]
36,645.328861,0.7,0.055355,4.5,0.234200,47.7,11.219000,0.6,CC=O,,[]
36,740.670140,1.3,0.025540,0.2,0.197700,20.1,16.955000,4.0,O=C(C#N)C#N,,[]
36,788.113621,2.0,0.051463,2.8,0.135500,1.3,14.117000,1.5,C1=NN=CN=N1,,[]
36,792.747151,2.1,0.041330,1.3,0.151400,3.9,19.012000,6.8,O=C1C=NON=N1,,[]
36,800.856456,2.2,0.035739,0.9,0.147500,3.1,18.042000,5.6,O=CC(=O)C#N,,[]
36,807.956098,2.4,0.033974,0.6,0.158400,5.8,21.297000,11.1,FC1=NON=NC1=O,,[]
36,848.879756,3.0,0.035271,0.8,0.166200,7.6,20.219000,8.7,FC1=NC(=O)ON=N1,,[]
36,855.199404,3.1,0.045968,2.1,0.115100,0.4,18.951000,6.7,O=CC(=O)C=O,,[]
36,993.370088,6.6,0.034807,0.8,0.155000,4.7,23.797000,19.3,O=C(C#N)C(=O)C#N,,[]
36,1051.290467,8.6,0.045232,1.8,0.116900,0.5,24.735000,23.4,O=CC(=O)C(=O)C#N,,[]
36,1108.489211,11.6,0.055740,4.8,0.098300,0.0,25.564000,28.1,O=CC(=O)C(=O)C=O,,[]
36,1369.256420,26.8,0.100077,26.8,0.090100,0.0,29.533000,54.6,NC=[NH+]C1=NOC=C1[O-],,[]
36,1696.891039,53.6,0.138486,54.3,0.114500,0.3,24.968000,25.1,C1C2C3OC4C3C1=CC24,,[]
36,1723.113405,56.4,0.137517,52.9,0.115000,0.3,24.578000,22.7,C1=C2C3C4C1C1C4C3C21,,[]
37,213.087785,0.0,0.021375,0.1,0.361500,98.3,6.002000,0.0,O,,[]
37,427.706065,0.1,0.020349,0.1,0.259800,60.0,10.401000,0.4,O1N=NN=N1,,[]
37,478.904563,0.2,0.017147,0.0,0.622100,99.9,12.639000,1.0,FC(F)(F)F,,[]
37,481.107121,0.2,0.051208,2.7,0.343700,96.7,8.751000,0.1,CO,,[]
37,494.017501,0.3,0.015951,0.0,0.277000,68.6,10.398000,0.3,N#CC#N,,[]
37,551.957961,0.4,0.026540,0.3,0.206600,25.5,11.329000,0.7,O=CC#N,,[]
37,562.327555,0.4,0.033459,0.6,0.256300,58.5,10.694000,0.4,O1N=CN=N1,,[]
37,605.972721,0.5,0.025718,0.2,0.246900,53.7,13.622000,1.4,O=C1ON=NO1,,[]
37,612.158710,0.6,0.036943,1.0,0.155500,4.9,12.147000,0.9,O=CC=O,,[]
37,645.328861,0.7,0.055355,4.6,0.234200,47.6,11.219000,0.6,CC=O,,[]
37,740.670140,1.3,0.025540,0.2,0.197700,20.0,16.955000,4.0,O=C(C#N)C#N,,[]
37,788.113621,2.0,0.051463,2.9,0.135500,1.2,14.117000,1.5,C1=NN=CN=N1,,[]
37,792.747151,2.1,0.041330,1.3,0.151400,3.9,19.012000,6.8,O=C1C=NON=N1,,[]
37,800.856456,2.2,0.035739,0.8,0.147500,3.1,18.042000,5.6,O=CC(=O)C#N,,[]
37,807.956098,2.4,0.033974,0.6,0.158400,5.8,21.297000,11.1,FC1=NON=NC1=O,,[]
37,848.879756,2.9,0.035271,0.8,0.166200,7.5,20.219000,8.7,FC1=NC(=O)ON=N1,,[]
37,855.199404,3.1,0.045968,2.1,0.115100,0.4,18.951000,6.7,O=CC(=O)C=O,,[]
37,993.370088,6.6,0.034807,0.8,0.155000,4.6,23.797000,19.3,O=C(C#N)C(=O)C#N,,[]
37,1051.290467,8.6,0.045232,1.8,0.116900,0.5,24.735000,23.4,O=CC(=O)C(=O)C#N,,[]
37,1108.489211,11.6,0.055740,4.8,0.098300,0.0,25.564000,28.1,O=CC(=O)C(=O)C=O,,[]
37,1369.256420,26.5,0.100077,26.4,0.090100,0.0,29.533000,54.3,NC=[NH+]C1=NOC=C1[O-],,[]
37,1696.891039,53.3,0.138486,54.0,0.114500,0.3,24.968000,25.1,C1C2C3OC4C3C1=CC24,,[]
37,1723.113405,56.0,0.137517,52.7,0.115000,0.3,24.578000,22.7,C1=C2C3C4C1C1C4C3C21,,[]
38,213.087785,0.0,0.021375,0.1,0.361500,98.3,6.002000,0.0,O,,[]
38,427.706065,0.1,0.020349,0.1,0.259800,59.8,10.401000,0.3,O1N=NN=N1,,[]
38,478.904563,0.2,0.017147,0.0,0.622100,99.9,12.639000,1.0,FC(F)(F)F,,[]
38,481.107121,0.2,0.051208,2.7,0.343700,96.7,8.751000,0.1,CO,,[]
38,494.017501,0.3,0.015951,0.0,0.277000,68.4,10.398000,0.3,N#CC#N,,[]
38,551.957961,0.3,0.026540,0.3,0.206600,25.4,11.329000,0.7,O=CC#N,,[]
38,562.327555,0.4,0.033459,0.6,0.256300,58.2,10.694000,0.4,O1N=CN=N1,,[]
38,605.972721,0.5,0.025718,0.2,0.246900,53.4,13.622000,1.4,O=C1ON=NO1,,[]
38,612.158710,0.6,0.036943,1.0,0.155500,4.9,12.147000,0.9,O=CC=O,,[]
38,645.328861,0.7,0.055355,4.6,0.234200,47.3,11.219000,0.6,CC=O,,[]
38,740.670140,1.3,0.025540,0.2,0.197700,19.8,16.955000,4.0,O=C(C#N)C#N,,[]
38,788.113621,1.9,0.051463,2.9,0.135500,1.2,14.117000,1.5,C1=NN=CN=N1,,[]
38,792.747151,2.0,0.041330,1.3,0.151400,3.9,19.012000,6.7,O=C1C=NON=N1,,[]
38,800.856456,2.2,0.035739,0.9,0.147500,3.1,18.042000,5.5,O=CC(=O)C#N,,[]
38,807.956098,2.4,0.033974,0.6,0.158400,5.7,21.297000,11.0,FC1=NON=NC1=O,,[]
38,848.879756,2.9,0.035271,0.8,0.166200,7.4,20.219000,8.6,FC1=NC(=O)ON=N1,,[]
38,855.199404,3.0,0.045968,2.1,0.115100,0.4,18.951000,6.6,O=CC(=O)C=O,,[]
38,993.370088,6.6,0.034807,0.8,0.155000,4.6,23.797000,19.1,O=C(C#N)C(=O)C#N,,[]
38,1051.290467,8.5,0.045232,1.8,0.116900,0.5,24.735000,23.2,O=CC(=O)C(=O)C#N,,[]
38,1108.489211,11.5,0.055740,4.8,0.098300,0.0,25.564000,28.0,O=CC(=O)C(=O)C=O,,[]
38,1369.256420,26.2,0.100077,26.0,0.090100,0.0,29.533000,54.0,NC=[NH+]C1=NOC=C1[O-],,[]
38,1696.891039,52.9,0.138486,53.7,0.114500,0.3,24.968000,24.9,C1C2C3OC4C3C1=CC24,,[]
38,1723.113405,55.7,0.137517,52.4,0.115000,0.3,24.578000,22.6,C1=C2C3C4C1C1C4C3C21,,[]
39,213.087785,0.0,0.021375,0.1,0.361500,98.3,6.002000,0.0,O,,[]
39,427.706065,0.1,0.020349,0.1,0.259800,59.7,10.401000,0.4,O1N=NN=N1,,[]
39,478.904563,0.2,0.017147,0.0,0.622100,99.9,12.639000,1.0,FC(F)(F)F,,[]
39,481.107121,0.2,0.051208,2.8,0.343700,96.8,8.751000,0.1,CO,,[]
39,494.017501,0.3,0.015951,0.0,0.277000,68.2,10.398000,0.3,N#CC#N,,[]
39,551.957961,0.3,0.026540,0.3,0.206600,25.3,11.329000,0.7,O=CC#N,,[]
39,562.327555,0.4,0.033459,0.6,0.256300,58.1,10.694000,0.4,O1N=CN=N1,,[]
39,605.972721,0.5,0.025718,0.2,0.246900,53.3,13.622000,1.4,O=C1ON=NO1,,[]
39,612.158710,0.6,0.036943,0.9,0.155500,5.0,12.147000,0.9,O=CC=O,,[]
39,645.328861,0.7,0.055355,4.5,0.234200,47.2,11.219000,0.6,CC=O,,[]
39,740.670140,1.4,0.025540,0.2,0.197700,19.8,16.955000,4.0,O=C(C#N)C#N,,[]
39,788.113621,2.0,0.051463,2.9,0.135500,1.2,14.117000,1.5,C1=NN=CN=N1,,[]
39,792.747151,2.1,0.041330,1.3,0.151400,3.9,19.012000,6.8,O=C1C=NON=N1,,[]
39,800.856456,2.2,0.035739,0.8,0.147500,3.1,18.042000,5.6,O=CC(=O)C#N,,[]
39,807.956098,2.4,0.033974,0.6,0.158400,5.8,21.297000,10.9,FC1=NON=NC1=O,,[]
39,848.879756,2.9,0.035271,0.8,0.166200,7.5,20.219000,8.5,FC1=NC(=O)ON=N1,,[]
39,855.199404,3.1,0.045968,2.1,0.115100,0.4,18.951000,6.7,O=CC(=O)C=O,,[]
39,993.370088,6.6,0.034807,0.8,0.155000,4.7,23.797000,19.1,O=C(C#N)C(=O)C#N,,[]
39,1051.290467,8.5,0.045232,1.8,0.116900,0.4,24.735000,23.2,O=CC(=O)C(=O)C#N,,[]
39,1108.489211,11.4,0.055740,4.8,0.098300,0.0,25.564000,27.9,O=CC(=O)C(=O)C=O,,[]
39,1369.256420,26.0,0.100077,25.8,0.090100,0.0,29.533000,53.6,NC=[NH+]C1=NOC=C1[O-],,[]
39,1696.891039,52.6,0.138486,53.3,0.114500,0.3,24.968000,24.8,C1C2C3OC4C3C1=CC24,,[]
39,1723.113405,55.3,0.137517,52.0,0.115000,0.3,24.578000,22.6,C1=C2C3C4C1C1C4C3C21,,[]
40,213.087785,0.0,0.021375,0.1,0.361500,98.3,6.002000,0.0,O,,[]
40,427.706065,0.1,0.020349,0.1,0.259800,59.5,10.401000,0.4,O1N=NN=N1,,[]
40,478.904563,0.2,0.017147,0.0,0.622100,99.9,12.639000,1.0,FC(F)(F)F,,[]
40,481.107121,0.2,0.051208,2.8,0.343700,96.8,8.751000,0.1,CO,,[]
40,494.017501,0.3,0.015951,0.0,0.277000,68.0,10.398000,0.4,N#CC#N,,[]
40,551.957961,0.4,0.026540,0.3,0.206600,25.2,11.329000,0.7,O=CC#N,,[]
40,562.327555,0.4,0.033459,0.6,0.256300,58.0,10.694000,0.4,O1N=CN=N1,,[]
40,605.972721,0.5,0.025718,0.2,0.246900,53.2,13.622000,1.4,O=C1ON=NO1,,[]
40,612.158710,0.6,0.036943,0.9,0.155500,4.9,12.147000,0.9,O=CC=O,,[]
40,645.328861,0.7,0.055355,4.6,0.234200,47.0,11.219000,0.6,CC=O,,[]
40,740.670140,1.3,0.025540,0.2,0.197700,19.7,16.955000,3.9,O=C(C#N)C#N,,[]
40,788.113621,1.9,0.051463,2.9,0.135500,1.2,14.117000,1.5,C1=NN=CN=N1,,[]
40,792.747151,2.0,0.041330,1.3,0.151400,3.9,19.012000,6.6,O=C1C=NON=N1,,[]
40,800.856456,2.2,0.035739,0.8,0.147500,3.1,18.042000,5.4,O=CC(=O)C#N,,[]
40,807.956098,2.4,0.033974,0.6,0.158400,5.7,21.297000,10.8,FC1=NON=NC1=O,,[]
40,848.879756,2.9,0.035271,0.8,0.166200,7.5,20.219000,8.4,FC1=NC(=O)ON=N1,,[]
40,855.199404,3.0,0.045968,2.1,0.115100,0.4,18.951000,6.5,O=CC(=O)C=O,,[]
40,993.370088,6.5,0.034807,0.8,0.155000,4.6,23.797000,18.9,O=C(C#N)C(=O)C#N,,[]
40,1051.290467,8.4,0.045232,1.8,0.116900,0.4,24.735000,22.9,O=CC(=O)C(=O)C#N,,[]
40,1108.489211,11.2,0.055740,4.8,0.098300,0.0,25.564000,27.6,O=CC(=O)C(=O)C=O,,[]
40,1369.256420,25.7,0.100077,25.5,0.090100,0.0,29.533000,53.3,NC=[NH+]C1=NOC=C1[O-],,[]
40,1696.891039,52.3,0.138486,52.9,0.114500,0.3,24.968000,24.6,C1C2C3OC4C3C1=CC24,,[]
40,1723.113405,55.1,0.137517,51.7,0.115000,0.3,24.578000,22.3,C1=C2C3C4C1C1C4C3C21,,[]
41,213.087785,0.0,0.021375,0.1,0.361500,98.3,6.002000,0.0,O,,[]
41,427.706065,0.1,0.020349,0.1,0.259800,59.4,10.401000,0.4,O1N=NN=N1,,[]
41,478.904563,0.2,0.017147,0.0,0.622100,100.0,12.639000,1.0,FC(F)(F)F,,[]
41,481.107121,0.2,0.051208,2.8,0.343700,96.8,8.751000,0.1,CO,,[]
41,494.017501,0.3,0.015951,0.0,0.277000,68.0,10.398000,0.3,N#CC#N,,[]
41,551.957961,0.3,0.026540,0.3,0.206600,25.1,11.329000,0.7,O=CC#N,,[]
41,562.327555,0.4,0.033459,0.6,0.256300,57.9,10.694000,0.4,O1N=CN=N1,,[]
41,605.972721,0.5,0.025718,0.2,0.246900,53.0,13.622000,1.4,O=C1ON=NO1,,[]
41,612.158710,0.6,0.036943,0.9,0.155500,5.0,12.147000,0.9,O=CC=O,,[]
41,645.328861,0.7,0.055355,4.5,0.234200,46.7,11.219000,0.6,CC=O,,[]
41,734.216833,1.3,0.035547,0.8,0.200400,21.0,19.569000,7.1,O=N(=O)C1=NON=N1,,[]
41,740.670140,1.4,0.025540,0.1,0.197700,19.6,16.955000,3.9,O=C(C#N)C#N,,[]
41,788.113621,2.0,0.051463,2.9,0.135500,1.2,14.117000,1.5,C1=NN=CN=N1,,[]
41,792.747151,2.0,0.041330,1.3,0.151400,4.0,19.012000,6.7,O=C1C=NON=N1,,[]
41,800.856456,2.2,0.035739,0.8,0.147500,3.2,18.042000,5.5,O=CC(=O)C#N,,[]
41,807.956098,2.4,0.033974,0.6,0.158400,5.8,21.297000,10.8,FC1=NON=NC1=O,,[]
41,848.879756,2.9,0.035271,0.8,0.166200,7.5,20.219000,8.4,FC1=NC(=O)ON=N1,,[]
41,855.199404,3.0,0.045968,2.1,0.115100,0.3,18.951000,6.6,O=CC(=O)C=O,,[]
41,993.370088,6.5,0.034807,0.7,0.155000,4.7,23.797000,18.7,O=C(C#N)C(=O)C#N,,[]
41,1051.290467,8.3,0.045232,1.9,0.116900,0.4,24.735000,22.8,O=CC(=O)C(=O)C#N,,[]
41,1108.489211,11.2,0.055740,4.7,0.098300,0.0,25.564000,27.4,O=CC(=O)C(=O)C=O,,[]
41,1369.256420,25.5,0.100077,25.3,0.090100,0.0,29.533000,53.0,NC=[NH+]C1=NOC=C1[O-],,[]
41,1696.891039,52.1,0.138486,52.7,0.114500,0.3,24.968000,24.5,C1C2C3OC4C3C1=CC24,,[]
41,1723.113405,54.9,0.137517,51.4,0.115000,0.3,24.578000,22.2,C1=C2C3C4C1C1C4C3C21,,[]
42,213.087785,0.0,0.021375,0.1,0.361500,98.3,6.002000,0.0,O,,[]
42,427.706065,0.1,0.020349,0.1,0.259800,59.3,10.401000,0.4,O1N=NN=N1,,[]
42,478.904563,0.2,0.017147,0.0,0.622100,100.0,12.639000,1.0,FC(F)(F)F,,[]
42,481.107121,0.2,0.051208,2.8,0.343700,96.8,8.751000,0.1,CO,,[]
42,494.017501,0.3,0.015951,0.0,0.277000,67.9,10.398000,0.3,N#CC#N,,[]
42,551.957961,0.3,0.026540,0.3,0.206600,25.0,11.329000,0.7,O=CC#N,,[]
42,562.327555,0.4,0.033459,0.6,0.256300,57.7,10.694000,0.4,O1N=CN=N1,,[]
42,605.972721,0.5,0.025718,0.2,0.246900,52.7,13.622000,1.3,O=C1ON=NO1,,[]
42,612.158710,0.6,0.036943,1.0,0.155500,5.1,12.147000,0.9,O=CC=O,,[]
42,645.328861,0.7,0.055355,4.5,0.234200,46.4,11.219000,0.6,CC=O,,[]
42,734.216833,1.3,0.035547,0.8,0.200400,21.0,19.569000,7.0,O=N(=O)C1=NON=N1,,[]
42,740.670140,1.3,0.025540,0.1,0.197700,19.5,16.955000,3.8,O=C(C#N)C#N,,[]
42,788.113621,1.9,0.051463,2.9,0.135500,1.2,14.117000,1.4,C1=NN=CN=N1,,[]
42,792.747151,2.0,0.041330,1.3,0.151400,4.1,19.012000,6.6,O=C1C=NON=N1,,[]
42,800.856456,2.1,0.035739,0.8,0.147500,3.3,18.042000,5.4,O=CC(=O)C#N,,[]
42,807.956098,2.4,0.033974,0.6,0.158400,5.9,21.297000,10.6,FC1=NON=NC1=O,,[]
42,848.879756,2.8,0.035271,0.8,0.166200,7.5,20.219000,8.3,FC1=NC(=O)ON=N1,,[]
42,855.199404,3.0,0.045968,2.1,0.115100,0.4,18.951000,6.5,O=CC(=O)C=O,,[]
42,993.370088,6.4,0.034807,0.7,0.155000,4.8,23.797000,18.5,O=C(C#N)C(=O)C#N,,[]
42,1051.290467,8.2,0.045232,1.9,0.116900,0.4,24.735000,22.6,O=CC(=O)C(=O)C#N,,[]
42,1108.489211,11.0,0.055740,4.7,0.098300,0.0,25.564000,27.1,O=CC(=O)C(=O)C=O,,[]
42,1369.256420,25.1,0.100077,24.9,0.090100,0.0,29.533000,52.7,NC=[NH+]C1=NOC=C1[O-],,[]
42,1696.891039,51.7,0.138486,52.3,0.114500,0.3,24.968000,24.2,C1C2C3OC4C3C1=CC24,,[]
42,1723.113405,54.5,0.137517,51.0,0.115000,0.3,24.578000,22.0,C1=C2C3C4C1C1C4C3C21,,[]
43,213.087785,0.0,0.021375,0.1,0.361500,98.3,6.002000,0.0,O,,[]
43,427.706065,0.1,0.020349,0.1,0.259800,59.1,10.401000,0.4,O1N=NN=N1,,[]
43,478.904563,0.2,0.017147,0.0,0.622100,100.0,12.639000,1.0,FC(F)(F)F,,[]
43,481.107121,0.2,0.051208,2.7,0.343700,96.8,8.751000,0.1,CO,,[]
43,494.017501,0.3,0.015951,0.0,0.277000,67.8,10.398000,0.4,N#CC#N,,[]
43,551.957961,0.4,0.026540,0.3,0.206600,24.9,11.329000,0.7,O=CC#N,,[]
43,562.327555,0.4,0.033459,0.6,0.256300,57.5,10.694000,0.4,O1N=CN=N1,,[]
43,605.972721,0.5,0.025718,0.2,0.246900,52.6,13.622000,1.3,O=C1ON=NO1,,[]
43,612.158710,0.6,0.036943,0.9,0.155500,5.0,12.147000,0.9,O=CC=O,,[]
43,645.328861,0.7,0.055355,4.4,0.234200,46.2,11.219000,0.6,CC=O,,[]
43,734.216833,1.3,0.035547,0.8,0.200400,20.9,19.569000,6.9,O=N(=O)C1=NON=N1,,[]
43,740.670140,1.3,0.025540,0.1,0.197700,19.4,16.955000,3.9,O=C(C#N)C#N,,[]
43,788.113621,1.9,0.051463,2.9,0.135500,1.2,14.117000,1.4,C1=NN=CN=N1,,[]
43,792.747151,2.0,0.041330,1.3,0.151400,4.0,19.012000,6.5,O=C1C=NON=N1,,[]
43,800.856456,2.1,0.035739,0.8,0.147500,3.2,18.042000,5.4,O=CC(=O)C#N,,[]
43,807.956098,2.4,0.033974,0.6,0.158400,5.8,21.297000,10.4,FC1=NON=NC1=O,,[]
43,848.879756,2.8,0.035271,0.8,0.166200,7.5,20.219000,8.2,FC1=NC(=O)ON=N1,,[]
43,855.199404,3.0,0.045968,2.1,0.115100,0.4,18.951000,6.4,O=CC(=O)C=O,,[]
43,993.370088,6.3,0.034807,0.7,0.155000,4.8,23.797000,18.3,O=C(C#N)C(=O)C#N,,[]
43,1051.290467,8.1,0.045232,1.9,0.116900,0.4,24.735000,22.3,O=CC(=O)C(=O)C#N,,[]
43,1108.489211,10.9,0.055740,4.6,0.098300,0.0,25.564000,26.8,O=CC(=O)C(=O)C=O,,[]
43,1369.256420,24.7,0.100077,24.5,0.090100,0.0,29.533000,52.2,NC=[NH+]C1=NOC=C1[O-],,[]
43,1696.891039,51.2,0.138486,51.8,0.114500,0.3,24.968000,23.8,C1C2C3OC4C3C1=CC24,,[]
43,1723.113405,54.1,0.137517,50.6,0.115000,0.3,24.578000,21.7,C1=C2C3C4C1C1C4C3C21,,[]
44,213.087785,0.0,0.021375,0.1,0.361500,98.3,6.002000,0.0,O,,[]
44,427.706065,0.1,0.020349,0.1,0.259800,58.9,10.401000,0.4,O1N=NN=N1,,[]
44,478.904563,0.2,0.017147,0.0,0.622100,100.0,12.639000,1.0,FC(F)(F)F,,[]
44,481.107121,0.2,0.051208,2.7,0.343700,96.8,8.751000,0.1,CO,,[]
44,494.017501,0.3,0.015951,0.0,0.277000,67.7,10.398000,0.3,N#CC#N,,[]
44,551.957961,0.3,0.026540,0.3,0.206600,24.7,11.329000,0.7,O=CC#N,,[]
44,562.327555,0.4,0.033459,0.6,0.256300,57.3,10.694000,0.4,O1N=CN=N1,,[]
44,605.972721,0.5,0.025718,0.2,0.246900,52.4,13.622000,1.3,O=C1ON=NO1,,[]
44,612.158710,0.6,0.036943,0.9,0.155500,5.1,12.147000,0.9,O=CC=O,,[]
44,645.328861,0.7,0.055355,4.4,0.234200,46.0,11.219000,0.6,CC=O,,[]
44,734.216833,1.3,0.035547,0.8,0.200400,20.8,19.569000,6.8,O=N(=O)C1=NON=N1,,[]
44,740.670140,1.3,0.025540,0.1,0.197700,19.3,16.955000,3.8,O=C(C#N)C#N,,[]
44,788.113621,1.9,0.051463,2.9,0.135500,1.2,14.117000,1.4,C1=NN=CN=N1,,[]
44,792.747151,2.0,0.041330,1.3,0.151400,4.1,19.012000,6.4,O=C1C=NON=N1,,[]
44,800.856456,2.1,0.035739,0.8,0.147500,3.2,18.042000,5.3,O=CC(=O)C#N,,[]
44,807.956098,2.3,0.033974,0.6,0.158400,5.9,21.297000,10.3,FC1=NON=NC1=O,,[]
44,848.879756,2.8,0.035271,0.8,0.166200,7.5,20.219000,8.1,FC1=NC(=O)ON=N1,,[]
44,855.199404,3.0,0.045968,2.1,0.115100,0.4,18.951000,6.3,O=CC(=O)C=O,,[]
44,993.370088,6.3,0.034807,0.7,0.155000,4.8,23.797000,18.1,O=C(C#N)C(=O)C#N,,[]
44,1051.290467,8.0,0.045232,1.8,0.116900,0.4,24.735000,22.0,O=CC(=O)C(=O)C#N,,[]
44,1108.489211,10.7,0.055740,4.6,0.098300,0.0,25.564000,26.5,O=CC(=O)C(=O)C=O,,[]
44,1369.256420,24.4,0.100077,24.3,0.090100,0.0,29.533000,52.0,NC=[NH+]C1=NOC=C1[O-],,[]
44,1696.891039,50.9,0.138486,51.4,0.114500,0.3,24.968000,23.5,C1C2C3OC4C3C1=CC24,,[]
44,1723.113405,53.8,0.137517,50.1,0.115000,0.3,24.578000,21.4,C1=C2C3C4C1C1C4C3C21,,[]
45,213.087785,0.0,0.021375,0.1,0.361500,98.4,6.002000,0.0,O,,[]
45,427.706065,0.1,0.020349,0.1,0.259800,58.8,10.401000,0.4,O1N=NN=N1,,[]
45,478.904563,0.2,0.017147,0.0,0.622100,100.0,12.639000,1.0,FC(F)(F)F,,[]
45,481.107121,0.2,0.051208,2.7,0.343700,96.8,8.751000,0.1,CO,,[]
45,494.017501,0.3,0.015951,0.0,0.277000,67.5,10.398000,0.4,N#CC#N,,[]
45,551.957961,0.4,0.026540,0.3,0.206600,24.6,11.329000,0.7,O=CC#N,,[]
45,562.327555,0.4,0.033459,0.6,0.256300,57.2,10.694000,0.4,O1N=CN=N1,,[]
45,605.972721,0.5,0.025718,0.2,0.246900,52.2,13.622000,1.3,O=C1ON=NO1,,[]
45,612.158710,0.6,0.036943,0.9,0.155500,5.1,12.147000,0.9,O=CC=O,,[]
45,645.328861,0.7,0.055355,4.4,0.234200,45.9,11.219000,0.6,CC=O,,[]
45,734.216833,1.3,0.035547,0.8,0.200400,20.7,19.569000,6.8,O=N(=O)C1=NON=N1,,[]
45,740.670140,1.3,0.025540,0.2,0.197700,19.3,16.955000,3.8,O=C(C#N)C#N,,[]
45,788.113621,1.9,0.051463,2.8,0.135500,1.3,14.117000,1.4,C1=NN=CN=N1,,[]
45,792.747151,2.0,0.041330,1.3,0.151400,4.1,19.012000,6.4,O=C1C=NON=N1,,[]
45,800.856456,2.2,0.035739,0.8,0.147500,3.3,18.042000,5.3,O=CC(=O)C#N,,[]
45,807.956098,2.4,0.033974,0.6,0.158400,5.9,21.297000,10.2,FC1=NON=NC1=O,,[]
45,848.879756,2.8,0.035271,0.8,0.166200,7.5,20.219000,8.0,FC1=NC(=O)ON=N1,,[]
45,855.199404,3.0,0.045968,2.1,0.115100,0.4,18.951000,6.3,O=CC(=O)C=O,,[]
45,993.370088,6.2,0.034807,0.7,0.155000,4.8,23.797000,17.9,O=C(C#N)C(=O)C#N,,[]
45,1051.290467,8.0,0.045232,1.8,0.116900,0.4,24.735000,21.9,O=CC(=O)C(=O)C#N,,[]
45,1108.489211,10.6,0.055740,4.5,0.098300,0.0,25.564000,26.3,O=CC(=O)C(=O)C=O,,[]
45,1369.256420,24.1,0.100077,24.0,0.090100,0.0,29.533000,51.7,NC=[NH+]C1=NOC=C1[O-],,[]
45,1696.891039,50.7,0.138486,51.1,0.114500,0.3,24.968000,23.4,C1C2C3OC4C3C1=CC24,,[]
45,1723.113405,53.6,0.137517,49.9,0.115000,0.3,24.578000,21.3,C1=C2C3C4C1C1C4C3C21,,[]
46,213.087785,0.0,0.021375,0.1,0.361500,98.4,6.002000,0.0,O,,[]
46,358.757206,0.0,0.026603,0.3,0.226300,40.6,6.413000,0.0,C=O,,[]
46,427.706065,0.2,0.020349,0.1,0.259800,58.6,10.401000,0.4,O1N=NN=N1,,[]
46,478.904563,0.2,0.017147,0.0,0.622100,100.0,12.639000,1.0,FC(F)(F)F,,[]
46,494.017501,0.3,0.015951,0.0,0.277000,67.3,10.398000,0.4,N#CC#N,,[]
46,551.957961,0.4,0.026540,0.3,0.206600,24.5,11.329000,0.7,O=CC#N,,[]
46,605.972721,0.5,0.025718,0.2,0.246900,52.1,13.622000,1.3,O=C1ON=NO1,,[]
46,612.158710,0.6,0.036943,0.9,0.155500,5.1,12.147000,0.9,O=CC=O,,[]
46,734.216833,1.3,0.035547,0.8,0.200400,20.7,19.569000,6.7,O=N(=O)C1=NON=N1,,[]
46,740.670140,1.3,0.025540,0.2,0.197700,19.3,16.955000,3.8,O=C(C#N)C#N,,[]
46,788.113621,1.9,0.051463,2.8,0.135500,1.2,14.117000,1.4,C1=NN=CN=N1,,[]
46,792.747151,2.0,0.041330,1.3,0.151400,4.1,19.012000,6.4,O=C1C=NON=N1,,[]
46,800.856456,2.2,0.035739,0.8,0.147500,3.3,18.042000,5.3,O=CC(=O)C#N,,[]
46,807.956098,2.4,0.033974,0.6,0.158400,5.8,21.297000,10.1,FC1=NON=NC1=O,,[]
46,848.879756,2.8,0.035271,0.8,0.166200,7.4,20.219000,7.9,FC1=NC(=O)ON=N1,,[]
46,855.199404,3.0,0.045968,2.1,0.115100,0.4,18.951000,6.3,O=CC(=O)C=O,,[]
46,993.370088,6.2,0.034807,0.7,0.155000,4.8,23.797000,17.7,O=C(C#N)C(=O)C#N,,[]
46,1051.290467,7.9,0.045232,1.8,0.116900,0.4,24.735000,21.6,O=CC(=O)C(=O)C#N,,[]
46,1108.489211,10.5,0.055740,4.5,0.098300,0.0,25.564000,26.0,O=CC(=O)C(=O)C=O,,[]
46,1369.256420,23.8,0.100077,23.7,0.090100,0.0,29.533000,51.4,NC=[NH+]C1=NOC=C1[O-],,[]
46,1696.891039,50.4,0.138486,50.9,0.114500,0.3,24.968000,23.1,C1C2C3OC4C3C1=CC24,,[]
46,1723.113405,53.4,0.137517,49.7,0.115000,0.3,24.578000,21.0,C1=C2C3C4C1C1C4C3C21,,[]
47,213.087785,0.0,0.021375,0.1,0.361500,98.3,6.002000,0.0,O,,[]
47,358.757206,0.0,0.026603,0.3,0.226300,40.4,6.413000,0.0,C=O,,[]
47,427.706065,0.2,0.020349,0.1,0.259800,58.5,10.401000,0.4,O1N=NN=N1,,[]
47,478.904563,0.2,0.017147,0.0,0.622100,100.0,12.639000,1.0,FC(F)(F)F,,[]
47,494.017501,0.3,0.015951,0.0,0.277000,67.2,10.398000,0.4,N#CC#N,,[]
47,551.957961,0.4,0.026540,0.3,0.206600,24.3,11.329000,0.7,O=CC#N,,[]
47,605.972721,0.5,0.025718,0.2,0.246900,51.9,13.622000,1.4,O=C1ON=NO1,,[]
47,612.158710,0.6,0.036943,1.0,0.155500,5.0,12.147000,0.9,O=CC=O,,[]
47,734.216833,1.3,0.035547,0.8,0.200400,20.5,19.569000,6.7,O=N(=O)C1=NON=N1,,[]
47,740.670140,1.4,0.025540,0.2,0.197700,19.1,16.955000,3.8,O=C(C#N)C#N,,[]
47,788.113621,1.9,0.051463,2.8,0.135500,1.2,14.117000,1.4,C1=NN=CN=N1,,[]
47,792.747151,2.1,0.041330,1.4,0.151400,4.0,19.012000,6.4,O=C1C=NON=N1,,[]
47,800.856456,2.2,0.035739,0.9,0.147500,3.2,18.042000,5.3,O=CC(=O)C#N,,[]
47,807.956098,2.4,0.033974,0.6,0.158400,5.8,21.297000,10.1,FC1=NON=NC1=O,,[]
47,848.879756,2.8,0.035271,0.8,0.166200,7.3,20.219000,7.9,FC1=NC(=O)ON=N1,,[]
47,855.199404,3.0,0.045968,2.1,0.115100,0.4,18.951000,6.3,O=CC(=O)C=O,,[]
47,993.370088,6.2,0.034807,0.8,0.155000,4.7,23.797000,17.7,O=C(C#N)C(=O)C#N,,[]
47,1051.290467,7.9,0.045232,1.8,0.116900,0.4,24.735000,21.5,O=CC(=O)C(=O)C#N,,[]
47,1108.489211,10.5,0.055740,4.5,0.098300,0.0,25.564000,25.8,O=CC(=O)C(=O)C=O,,[]
47,1369.256420,23.7,0.100077,23.5,0.090100,0.0,29.533000,51.0,NC=[NH+]C1=NOC=C1[O-],,[]
47,1696.891039,50.1,0.138486,50.6,0.114500,0.3,24.968000,23.0,C1C2C3OC4C3C1=CC24,,[]
47,1723.113405,53.1,0.137517,49.4,0.115000,0.3,24.578000,20.9,C1=C2C3C4C1C1C4C3C21,,[]
48,213.087785,0.0,0.021375,0.1,0.361500,98.4,6.002000,0.0,O,,[]
48,358.757206,0.0,0.026603,0.3,0.226300,40.3,6.413000,0.0,C=O,,[]
48,427.706065,0.1,0.020349,0.1,0.259800,58.4,10.401000,0.4,O1N=NN=N1,,[]
48,478.904563,0.2,0.017147,0.0,0.622100,100.0,12.639000,1.0,FC(F)(F)F,,[]
48,494.017501,0.3,0.015951,0.0,0.277000,67.1,10.398000,0.4,N#CC#N,,[]
48,551.957961,0.4,0.026540,0.3,0.206600,24.2,11.329000,0.7,O=CC#N,,[]
48,605.972721,0.5,0.025718,0.2,0.246900,51.9,13.622000,1.3,O=C1ON=NO1,,[]
48,612.158710,0.6,0.036943,0.9,0.155500,4.9,12.147000,0.9,O=CC=O,,[]
48,734.216833,1.3,0.035547,0.8,0.200400,20.3,19.569000,6.7,O=N(=O)C1=NON=N1,,[]
48,740.670140,1.4,0.025540,0.1,0.197700,18.9,16.955000,3.8,O=C(C#N)C#N,,[]
48,788.113621,1.9,0.051463,2.8,0.135500,1.2,14.117000,1.4,C1=NN=CN=N1,,[]
48,792.747151,2.1,0.041330,1.4,0.151400,4.0,19.012000,6.3,O=C1C=NON=N1,,[]
48,800.856456,2.2,0.035739,0.8,0.147500,3.2,18.042000,5.2,O=CC(=O)C#N,,[]
48,807.956098,2.4,0.033974,0.6,0.158400,5.7,21.297000,10.1,FC1=NON=NC1=O,,[]
48,848.879756,2.8,0.035271,0.8,0.166200,7.2,20.219000,7.9,FC1=NC(=O)ON=N1,,[]
48,855.199404,2.9,0.045968,2.1,0.115100,0.4,18.951000,6.2,O=CC(=O)C=O,,[]
48,993.370088,6.2,0.034807,0.7,0.155000,4.7,23.797000,17.6,O=C(C#N)C(=O)C#N,,[]
48,1051.290467,7.8,0.045232,1.9,0.116900,0.4,24.735000,21.4,O=CC(=O)C(=O)C#N,,[]
48,1108.489211,10.4,0.055740,4.5,0.098300,0.0,25.564000,25.6,O=CC(=O)C(=O)C=O,,[]
48,1369.256420,23.4,0.100077,23.3,0.090100,0.0,29.533000,50.7,NC=[NH+]C1=NOC=C1[O-],,[]
48,1696.891039,49.8,0.138486,50.3,0.114500,0.3,24.968000,22.8,C1C2C3OC4C3C1=CC24,,[]
48,1723.113405,52.7,0.137517,49.1,0.115000,0.3,24.578000,20.8,C1=C2C3C4C1C1C4C3C21,,[]
49,213.087785,0.0,0.021375,0.1,0.361500,98.4,6.002000,0.0,O,,[]
49,358.757206,0.0,0.026603,0.3,0.226300,40.1,6.413000,0.0,C=O,,[]
49,427.706065,0.2,0.020349,0.1,0.259800,58.3,10.401000,0.4,O1N=NN=N1,,[]
49,478.904563,0.2,0.017147,0.0,0.622100,100.0,12.639000,1.0,FC(F)(F)F,,[]
49,494.017501,0.3,0.015951,0.0,0.277000,67.0,10.398000,0.4,N#CC#N,,[]
49,551.957961,0.4,0.026540,0.2,0.206600,24.1,11.329000,0.7,O=CC#N,,[]
49,605.972721,0.5,0.025718,0.2,0.246900,51.7,13.622000,1.3,O=C1ON=NO1,,[]
49,612.158710,0.6,0.036943,0.9,0.155500,4.9,12.147000,0.9,O=CC=O,,[]
49,734.216833,1.3,0.035547,0.8,0.200400,20.3,19.569000,6.6,O=N(=O)C1=NON=N1,,[]
49,740.670140,1.4,0.025540,0.1,0.197700,18.9,16.955000,3.8,O=C(C#N)C#N,,[]
49,788.113621,1.9,0.051463,2.8,0.135500,1.2,14.117000,1.4,C1=NN=CN=N1,,[]
49,792.747151,2.0,0.041330,1.4,0.151400,4.0,19.012000,6.3,O=C1C=NON=N1,,[]
49,800.856456,2.2,0.035739,0.8,0.147500,3.2,18.042000,5.2,O=CC(=O)C#N,,[]
49,807.956098,2.4,0.033974,0.6,0.158400,5.7,21.297000,10.0,FC1=NON=NC1=O,,[]
49,848.879756,2.8,0.035271,0.8,0.166200,7.2,20.219000,7.8,FC1=NC(=O)ON=N1,,[]
49,855.199404,2.9,0.045968,2.1,0.115100,0.4,18.951000,6.2,O=CC(=O)C=O,,[]
49,993.370088,6.1,0.034807,0.7,0.155000,4.7,23.797000,17.4,O=C(C#N)C(=O)C#N,,[]
49,1051.290467,7.8,0.045232,1.9,0.116900,0.4,24.735000,21.2,O=CC(=O)C(=O)C#N,,[]
49,1108.489211,10.4,0.055740,4.5,0.098300,0.0,25.564000,25.4,O=CC(=O)C(=O)C=O,,[]
49,1369.256420,23.2,0.100077,23.0,0.090100,0.0,29.533000,50.3,NC=[NH+]C1=NOC=C1[O-],,[]
49,1696.891039,49.4,0.138486,49.9,0.114500,0.3,24.968000,22.6,C1C2C3OC4C3C1=CC24,,[]
49,1723.113405,52.4,0.137517,48.7,0.115000,0.3,24.578000,20.6,C1=C2C3C4C1C1C4C3C21,,[]
50,213.087785,0.0,0.021375,0.1,0.361500,98.4,6.002000,0.0,O,,[]
50,358.757206,0.0,0.026603,0.3,0.226300,40.0,6.413000,0.0,C=O,,[]
50,427.706065,0.2,0.020349,0.1,0.259800,58.2,10.401000,0.4,O1N=NN=N1,,[]
50,478.904563,0.2,0.017147,0.0,0.622100,100.0,12.639000,1.0,FC(F)(F)F,,[]
50,494.017501,0.3,0.015951,0.0,0.277000,66.9,10.398000,0.4,N#CC#N,,[]
50,551.957961,0.4,0.026540,0.2,0.206600,23.9,11.329000,0.7,O=CC#N,,[]
50,605.972721,0.5,0.025718,0.2,0.246900,51.6,13.622000,1.3,O=C1ON=NO1,,[]
50,612.158710,0.6,0.036943,0.9,0.155500,5.0,12.147000,0.9,O=CC=O,,[]
50,734.216833,1.3,0.035547,0.8,0.200400,20.1,19.569000,6.6,O=N(=O)C1=NON=N1,,[]
50,740.670140,1.4,0.025540,0.1,0.197700,18.8,16.955000,3.8,O=C(C#N)C#N,,[]
50,788.113621,1.9,0.051463,2.8,0.135500,1.2,14.117000,1.4,C1=NN=CN=N1,,[]
50,792.747151,2.0,0.041330,1.4,0.151400,4.0,19.012000,6.2,O=C1C=NON=N1,,[]
50,800.856456,2.2,0.035739,0.8,0.147500,3.2,18.042000,5.2,O=CC(=O)C#N,,[]
50,807.956098,2.3,0.033974,0.6,0.158400,5.7,21.297000,9.9,FC1=NON=NC1=O,,[]
50,848.879756,2.8,0.035271,0.8,0.166200,7.2,20.219000,7.8,FC1=NC(=O)ON=N1,,[]
50,855.199404,2.9,0.045968,2.1,0.115100,0.4,18.951000,6.2,O=CC(=O)C=O,,[]
50,993.370088,6.0,0.034807,0.7,0.155000,4.7,23.797000,17.3,O=C(C#N)C(=O)C#N,,[]
50,1051.290467,7.7,0.045232,1.8,0.116900,0.4,24.735000,21.0,O=CC(=O)C(=O)C#N,,[]
50,1108.489211,10.2,0.055740,4.4,0.098300,0.0,25.564000,25.3,O=CC(=O)C(=O)C=O,,[]
50,1369.256420,23.0,0.100077,22.8,0.090100,0.0,29.533000,50.2,NC=[NH+]C1=NOC=C1[O-],,[]
50,1696.891039,49.2,0.138486,49.8,0.114500,0.3,24.968000,22.4,C1C2C3OC4C3C1=CC24,,[]
50,1723.113405,52.3,0.137517,48.5,0.115000,0.3,24.578000,20.4,C1=C2C3C4C1C1C4C3C21,,[]
51,213.087785,0.0,0.021375,0.1,0.361500,98.4,6.002000,0.0,O,,[]
51,358.757206,0.0,0.026603,0.3,0.226300,40.0,6.413000,0.0,C=O,,[]
51,427.706065,0.2,0.020349,0.1,0.259800,58.1,10.401000,0.5,O1N=NN=N1,,[]
51,478.904563,0.2,0.017147,0.0,0.622100,100.0,12.639000,1.0,FC(F)(F)F,,[]
51,494.017501,0.4,0.015951,0.0,0.277000,66.9,10.398000,0.4,N#CC#N,,[]
51,551.957961,0.4,0.026540,0.2,0.206600,23.8,11.329000,0.8,O=CC#N,,[]
51,605.972721,0.6,0.025718,0.2,0.246900,51.5,13.622000,1.3,O=C1ON=NO1,,[]
51,612.158710,0.6,0.036943,0.9,0.155500,5.0,12.147000,0.9,O=CC=O,,[]
51,734.216833,1.3,0.035547,0.8,0.200400,20.0,19.569000,6.6,O=N(=O)C1=NON=N1,,[]
51,740.670140,1.4,0.025540,0.1,0.197700,18.7,16.955000,3.8,O=C(C#N)C#N,,[]
51,788.113621,1.9,0.051463,2.8,0.135500,1.2,14.117000,1.4,C1=NN=CN=N1,,[]
51,792.747151,2.0,0.041330,1.3,0.151400,4.0,19.012000,6.2,O=C1C=NON=N1,,[]
51,800.856456,2.2,0.035739,0.8,0.147500,3.2,18.042000,5.2,O=CC(=O)C#N,,[]
51,807.956098,2.3,0.033974,0.6,0.158400,5.7,21.297000,9.9,FC1=NON=NC1=O,,[]
51,848.879756,2.8,0.035271,0.8,0.166200,7.2,20.219000,7.7,FC1=NC(=O)ON=N1,,[]
51,855.199404,2.9,0.045968,2.1,0.115100,0.4,18.951000,6.1,O=CC(=O)C=O,,[]
51,993.370088,6.0,0.034807,0.7,0.155000,4.7,23.797000,17.2,O=C(C#N)C(=O)C#N,,[]
51,1051.290467,7.6,0.045232,1.8,0.116900,0.4,24.735000,20.9,O=CC(=O)C(=O)C#N,,[]
51,1108.489211,10.2,0.055740,4.4,0.098300,0.0,25.564000,25.1,O=CC(=O)C(=O)C=O,,[]
51,1369.256420,22.8,0.100077,22.6,0.090100,0.0,29.533000,50.1,NC=[NH+]C1=NOC=C1[O-],,[]
51,1696.891039,49.0,0.138486,49.5,0.114500,0.3,24.968000,22.3,C1C2C3OC4C3C1=CC24,,[]
51,1723.113405,52.0,0.137517,48.2,0.115000,0.3,24.578000,20.3,C1=C2C3C4C1C1C4C3C21,,[]
52,213.087785,0.0,0.021375,0.1,0.361500,98.4,6.002000,0.0,O,,[]
52,358.757206,0.0,0.026603,0.3,0.226300,39.9,6.413000,0.0,C=O,,[]
52,427.706065,0.2,0.020349,0.1,0.259800,58.1,10.401000,0.4,O1N=NN=N1,,[]
52,478.904563,0.2,0.017147,0.0,0.622100,100.0,12.639000,1.0,FC(F)(F)F,,[]
52,494.017501,0.3,0.015951,0.0,0.277000,66.9,10.398000,0.4,N#CC#N,,[]
52,551.957961,0.4,0.026540,0.3,0.206600,23.8,11.329000,0.8,O=CC#N,,[]
52,605.972721,0.6,0.025718,0.2,0.246900,51.4,13.622000,1.3,O=C1ON=NO1,,[]
52,612.158710,0.6,0.036943,1.0,0.155500,5.0,12.147000,0.9,O=CC=O,,[]
52,734.216833,1.3,0.035547,0.8,0.200400,20.0,19.569000,6.6,O=N(=O)C1=NON=N1,,[]
52,740.670140,1.4,0.025540,0.2,0.197700,18.6,16.955000,3.8,O=C(C#N)C#N,,[]
52,788.113621,1.9,0.051463,2.8,0.135500,1.3,14.117000,1.4,C1=NN=CN=N1,,[]
52,792.747151,2.0,0.041330,1.3,0.151400,4.0,19.012000,6.2,O=C1C=NON=N1,,[]
52,800.856456,2.2,0.035739,0.9,0.147500,3.2,18.042000,5.2,O=CC(=O)C#N,,[]
52,807.956098,2.3,0.033974,0.6,0.158400,5.7,21.297000,9.9,FC1=NON=NC1=O,,[]
52,848.879756,2.7,0.035271,0.8,0.166200,7.2,20.219000,7.7,FC1=NC(=O)ON=N1,,[]
52,855.199404,2.9,0.045968,2.1,0.115100,0.4,18.951000,6.2,O=CC(=O)C=O,,[]
52,993.370088,6.0,0.034807,0.8,0.155000,4.7,23.797000,17.2,O=C(C#N)C(=O)C#N,,[]
52,1051.290467,7.6,0.045232,1.8,0.116900,0.4,24.735000,20.9,O=CC(=O)C(=O)C#N,,[]
52,1108.489211,10.2,0.055740,4.4,0.098300,0.0,25.564000,25.1,O=CC(=O)C(=O)C=O,,[]
52,1369.256420,22.7,0.100077,22.4,0.090100,0.0,29.533000,50.0,NC=[NH+]C1=NOC=C1[O-],,[]
52,1696.891039,48.8,0.138486,49.4,0.114500,0.3,24.968000,22.3,C1C2C3OC4C3C1=CC24,,[]
52,1723.113405,52.0,0.137517,48.1,0.115000,0.3,24.578000,20.3,C1=C2C3C4C1C1C4C3C21,,[]
53,213.087785,0.0,0.021375,0.1,0.361500,98.4,6.002000,0.0,O,,[]
53,358.757206,0.0,0.026603,0.3,0.226300,39.9,6.413000,0.0,C=O,,[]
53,427.706065,0.2,0.020349,0.1,0.259800,58.0,10.401000,0.4,O1N=NN=N1,,[]
53,478.904563,0.2,0.017147,0.0,0.622100,100.0,12.639000,1.0,FC(F)(F)F,,[]
53,494.017501,0.3,0.015951,0.0,0.277000,66.8,10.398000,0.4,N#CC#N,,[]
53,551.957961,0.4,0.026540,0.2,0.206600,23.7,11.329000,0.8,O=CC#N,,[]
53,605.972721,0.6,0.025718,0.2,0.246900,51.2,13.622000,1.3,O=C1ON=NO1,,[]
53,612.158710,0.6,0.036943,1.0,0.155500,5.0,12.147000,0.9,O=CC=O,,[]
53,734.216833,1.3,0.035547,0.8,0.200400,19.9,19.569000,6.6,O=N(=O)C1=NON=N1,,[]
53,740.670140,1.4,0.025540,0.2,0.197700,18.6,16.955000,3.8,O=C(C#N)C#N,,[]
53,788.113621,1.9,0.051463,2.7,0.135500,1.3,14.117000,1.4,C1=NN=CN=N1,,[]
53,792.747151,2.0,0.041330,1.3,0.151400,4.0,19.012000,6.2,O=C1C=NON=N1,,[]
53,800.856456,2.1,0.035739,0.9,0.147500,3.1,18.042000,5.2,O=CC(=O)C#N,,[]
53,807.956098,2.3,0.033974,0.6,0.158400,5.7,21.297000,9.8,FC1=NON=NC1=O,,[]
53,848.879756,2.7,0.035271,0.8,0.166200,7.2,20.219000,7.7,FC1=NC(=O)ON=N1,,[]
53,855.199404,2.9,0.045968,2.1,0.115100,0.4,18.951000,6.1,O=CC(=O)C=O,,[]
53,993.370088,6.0,0.034807,0.8,0.155000,4.7,23.797000,17.1,O=C(C#N)C(=O)C#N,,[]
53,1051.290467,7.6,0.045232,1.8,0.116900,0.5,24.735000,20.7,O=CC(=O)C(=O)C#N,,[]
53,1108.489211,10.1,0.055740,4.3,0.098300,0.0,25.564000,24.9,O=CC(=O)C(=O)C=O,,[]
53,1369.256420,22.4,0.100077,22.2,0.090100,0.0,29.533000,49.7,NC=[NH+]C1=NOC=C1[O-],,[]
53,1696.891039,48.6,0.138486,49.2,0.114500,0.3,24.968000,22.2,C1C2C3OC4C3C1=CC24,,[]
53,1723.113405,51.8,0.137517,47.9,0.115000,0.3,24.578000,20.2,C1=C2C3C4C1C1C4C3C21,,[]
54,213.087785,0.0,0.021375,0.1,0.361500,98.4,6.002000,0.0,O,,[]
54,358.757206,0.0,0.026603,0.3,0.226300,39.8,6.413000,0.0,C=O,,[]
54,427.706065,0.2,0.020349,0.1,0.259800,57.9,10.401000,0.4,O1N=NN=N1,,[]
54,478.904563,0.2,0.017147,0.0,0.622100,100.0,12.639000,1.0,FC(F)(F)F,,[]
54,494.017501,0.4,0.015951,0.0,0.277000,66.7,10.398000,0.4,N#CC#N,,[]
54,551.957961,0.4,0.026540,0.2,0.206600,23.6,11.329000,0.8,O=CC#N,,[]
54,605.972721,0.6,0.025718,0.2,0.246900,51.1,13.622000,1.3,O=C1ON=NO1,,[]
54,612.158710,0.6,0.036943,1.0,0.155500,5.0,12.147000,0.9,O=CC=O,,[]
54,734.216833,1.3,0.035547,0.8,0.200400,19.9,19.569000,6.6,O=N(=O)C1=NON=N1,,[]
54,740.670140,1.3,0.025540,0.1,0.197700,18.5,16.955000,3.8,O=C(C#N)C#N,,[]
54,788.113621,1.9,0.051463,2.7,0.135500,1.3,14.117000,1.4,C1=NN=CN=N1,,[]
54,792.747151,2.0,0.041330,1.3,0.151400,4.0,19.012000,6.2,O=C1C=NON=N1,,[]
54,800.856456,2.1,0.035739,0.8,0.147500,3.2,18.042000,5.2,O=CC(=O)C#N,,[]
54,807.956098,2.3,0.033974,0.6,0.158400,5.8,21.297000,9.9,FC1=NON=NC1=O,,[]
54,848.879756,2.7,0.035271,0.8,0.166200,7.2,20.219000,7.7,FC1=NC(=O)ON=N1,,[]
54,855.199404,2.9,0.045968,2.1,0.115100,0.4,18.951000,6.2,O=CC(=O)C=O,,[]
54,993.370088,6.0,0.034807,0.7,0.155000,4.8,23.797000,17.1,O=C(C#N)C(=O)C#N,,[]
54,1051.290467,7.6,0.045232,1.8,0.116900,0.4,24.735000,20.6,O=CC(=O)C(=O)C#N,,[]
54,1108.489211,10.1,0.055740,4.3,0.098300,0.0,25.564000,24.8,O=CC(=O)C(=O)C=O,,[]
54,1369.256420,22.3,0.100077,22.1,0.090100,0.0,29.533000,49.5,NC=[NH+]C1=NOC=C1[O-],,[]
54,1696.891039,48.3,0.138486,48.9,0.114500,0.3,24.968000,22.1,C1C2C3OC4C3C1=CC24,,[]
54,1723.113405,51.5,0.137517,47.6,0.115000,0.3,24.578000,20.1,C1=C2C3C4C1C1C4C3C21,,[]
55,213.087785,0.0,0.021375,0.1,0.361500,98.5,6.002000,0.0,O,,[]
55,358.757206,0.0,0.026603,0.3,0.226300,39.6,6.413000,0.0,C=O,,[]
55,427.706065,0.2,0.020349,0.1,0.259800,57.8,10.401000,0.4,O1N=NN=N1,,[]
55,478.904563,0.2,0.017147,0.0,0.622100,100.0,12.639000,1.0,FC(F)(F)F,,[]
55,494.017501,0.3,0.015951,0.0,0.277000,66.6,10.398000,0.4,N#CC#N,,[]
55,551.957961,0.4,0.026540,0.2,0.206600,23.5,11.329000,0.8,O=CC#N,,[]
55,605.972721,0.6,0.025718,0.2,0.246900,50.9,13.622000,1.3,O=C1ON=NO1,,[]
55,612.158710,0.6,0.036943,1.0,0.155500,5.1,12.147000,0.9,O=CC=O,,[]
55,734.216833,1.3,0.035547,0.8,0.200400,19.8,19.569000,6.6,O=N(=O)C1=NON=N1,,[]
55,740.670140,1.4,0.025540,0.1,0.197700,18.4,16.955000,3.7,O=C(C#N)C#N,,[]
55,788.113621,1.9,0.051463,2.7,0.135500,1.3,14.117000,1.4,C1=NN=CN=N1,,[]
55,792.747151,2.0,0.041330,1.3,0.151400,4.0,19.012000,6.2,O=C1C=NON=N1,,[]
55,800.856456,2.1,0.035739,0.8,0.147500,3.2,18.042000,5.2,O=CC(=O)C#N,,[]
55,807.956098,2.3,0.033974,0.6,0.158400,5.8,21.297000,9.7,FC1=NON=NC1=O,,[]
55,848.879756,2.7,0.035271,0.8,0.166200,7.2,20.219000,7.6,FC1=NC(=O)ON=N1,,[]
55,855.199404,2.9,0.045968,2.1,0.115100,0.4,18.951000,6.1,O=CC(=O)C=O,,[]
55,993.370088,5.9,0.034807,0.8,0.155000,4.8,23.797000,16.9,O=C(C#N)C(=O)C#N,,[]
55,1051.290467,7.5,0.045232,1.8,0.116900,0.4,24.735000,20.4,O=CC(=O)C(=O)C#N,,[]
55,1108.489211,9.9,0.055740,4.3,0.098300,0.0,25.564000,24.5,O=CC(=O)C(=O)C=O,,[]
55,1369.256420,22.1,0.100077,21.8,0.090100,0.0,29.533000,49.2,NC=[NH+]C1=NOC=C1[O-],,[]
55,1696.891039,48.0,0.138486,48.6,0.114500,0.3,24.968000,21.8,C1C2C3OC4C3C1=CC24,,[]
55,1723.113405,51.3,0.137517,47.3,0.115000,0.3,24.578000,19.8,C1=C2C3C4C1C1C4C3C21,,[]
56,213.087785,0.0,0.021375,0.1,0.361500,98.5,6.002000,0.0,O,,[]
56,358.757206,0.0,0.026603,0.3,0.226300,39.4,6.413000,0.0,C=O,,[]
56,427.706065,0.2,0.020349,0.1,0.259800,57.7,10.401000,0.4,O1N=NN=N1,,[]
56,478.904563,0.2,0.017147,0.0,0.622100,100.0,12.639000,1.0,FC(F)(F)F,,[]
56,494.017501,0.3,0.015951,0.0,0.277000,66.4,10.398000,0.4,N#CC#N,,[]
56,551.957961,0.4,0.026540,0.2,0.206600,23.3,11.329000,0.8,O=CC#N,,[]
56,605.972721,0.6,0.025718,0.2,0.246900,50.7,13.622000,1.3,O=C1ON=NO1,,[]
56,612.158710,0.6,0.036943,1.0,0.155500,5.0,12.147000,0.9,O=CC=O,,[]
56,734.216833,1.3,0.035547,0.8,0.200400,19.7,19.569000,6.5,O=N(=O)C1=NON=N1,,[]
56,740.670140,1.3,0.025540,0.1,0.197700,18.3,16.955000,3.7,O=C(C#N)C#N,,[]
56,788.113621,1.9,0.051463,2.7,0.135500,1.3,14.117000,1.4,C1=NN=CN=N1,,[]
56,792.747151,2.0,0.041330,1.4,0.151400,3.9,19.012000,6.1,O=C1C=NON=N1,,[]
56,800.856456,2.1,0.035739,0.8,0.147500,3.2,18.042000,5.1,O=CC(=O)C#N,,[]
56,807.956098,2.3,0.033974,0.6,0.158400,5.7,21.297000,9.6,FC1=NON=NC1=O,,[]
56,848.879756,2.7,0.035271,0.8,0.166200,7.1,20.219000,7.6,FC1=NC(=O)ON=N1,,[]
56,855.199404,2.8,0.045968,2.1,0.115100,0.4,18.951000,6.1,O=CC(=O)C=O,,[]
56,993.370088,5.9,0.034807,0.7,0.155000,4.8,23.797000,16.8,O=C(C#N)C(=O)C#N,,[]
56,1051.290467,7.5,0.045232,1.8,0.116900,0.4,24.735000,20.3,O=CC(=O)C(=O)C#N,,[]
56,1108.489211,9.9,0.055740,4.3,0.098300,0.0,25.564000,24.4,O=CC(=O)C(=O)C=O,,[]
56,1369.256420,21.9,0.100077,21.5,0.090100,0.0,29.533000,48.9,NC=[NH+]C1=NOC=C1[O-],,[]
56,1696.891039,47.7,0.138486,48.3,0.114500,0.3,24.968000,21.7,C1C2C3OC4C3C1=CC24,,[]
56,1723.113405,51.0,0.137517,47.0,0.115000,0.3,24.578000,19.7,C1=C2C3C4C1C1C4C3C21,,[]
57,213.087785,0.0,0.021375,0.1,0.361500,98.5,6.002000,0.0,O,,[]
57,301.820762,0.0,0.016601,0.0,0.379600,99.0,6.278000,0.0,C#N,,[]
57,358.757206,0.1,0.026603,0.3,0.226300,39.5,6.413000,0.1,C=O,,[]
57,427.706065,0.2,0.020349,0.1,0.259800,57.7,10.401000,0.4,O1N=NN=N1,,[]
57,494.017501,0.4,0.015951,0.0,0.277000,66.5,10.398000,0.4,N#CC#N,,[]
57,551.957961,0.4,0.026540,0.2,0.206600,23.3,11.329000,0.8,O=CC#N,,[]
57,605.972721,0.6,0.025718,0.2,0.246900,50.7,13.622000,1.3,O=C1ON=NO1,,[]
57,612.158710,0.6,0.036943,1.0,0.155500,5.0,12.147000,0.9,O=CC=O,,[]
57,734.216833,1.3,0.035547,0.8,0.200400,19.7,19.569000,6.6,O=N(=O)C1=NON=N1,,[]
57,740.670140,1.4,0.025540,0.2,0.197700,18.3,16.955000,3.8,O=C(C#N)C#N,,[]
57,788.113621,1.9,0.051463,2.7,0.135500,1.3,14.117000,1.4,C1=NN=CN=N1,,[]
57,792.747151,2.0,0.041330,1.4,0.151400,3.9,19.012000,6.2,O=C1C=NON=N1,,[]
57,800.856456,2.1,0.035739,0.8,0.147500,3.1,18.042000,5.2,O=CC(=O)C#N,,[]
57,807.956098,2.3,0.033974,0.6,0.158400,5.7,21.297000,9.7,FC1=NON=NC1=O,,[]
57,848.879756,2.7,0.035271,0.8,0.166200,7.1,20.219000,7.7,FC1=NC(=O)ON=N1,,[]
57,855.199404,2.9,0.045968,2.1,0.115100,0.4,18.951000,6.1,O=CC(=O)C=O,,[]
57,993.370088,5.9,0.034807,0.7,0.155000,4.7,23.797000,16.8,O=C(C#N)C(=O)C#N,,[]
57,1051.290467,7.5,0.045232,1.8,0.116900,0.4,24.735000,20.3,O=CC(=O)C(=O)C#N,,[]
57,1108.489211,9.9,0.055740,4.3,0.098300,0.0,25.564000,24.3,O=CC(=O)C(=O)C=O,,[]
57,1369.256420,21.8,0.100077,21.4,0.090100,0.0,29.533000,48.7,NC=[NH+]C1=NOC=C1[O-],,[]
57,1696.891039,47.7,0.138486,48.2,0.114500,0.3,24.968000,21.7,C1C2C3OC4C3C1=CC24,,[]
57,1723.113405,51.0,0.137517,46.9,0.115000,0.3,24.578000,19.7,C1=C2C3C4C1C1C4C3C21,,[]
58,213.087785,0.0,0.021375,0.1,0.361500,98.5,6.002000,0.0,O,,[]
58,301.820762,0.0,0.016601,0.0,0.379600,99.0,6.278000,0.0,C#N,,[]
58,358.757206,0.1,0.026603,0.3,0.226300,39.4,6.413000,0.1,C=O,,[]
58,427.706065,0.2,0.020349,0.1,0.259800,57.6,10.401000,0.4,O1N=NN=N1,,[]
58,494.017501,0.3,0.015951,0.0,0.277000,66.4,10.398000,0.4,N#CC#N,,[]
58,551.957961,0.4,0.026540,0.2,0.206600,23.3,11.329000,0.7,O=CC#N,,[]
58,605.972721,0.6,0.025718,0.2,0.246900,50.7,13.622000,1.3,O=C1ON=NO1,,[]
58,612.158710,0.6,0.036943,1.0,0.155500,5.0,12.147000,0.9,O=CC=O,,[]
58,660.735473,0.8,0.028773,0.5,0.148500,3.5,18.268000,5.5,O=C1N=NON=N1,,[]
58,740.670140,1.4,0.025540,0.2,0.197700,18.3,16.955000,3.8,O=C(C#N)C#N,,[]
58,788.113621,1.9,0.051463,2.7,0.135500,1.3,14.117000,1.4,C1=NN=CN=N1,,[]
58,800.856456,2.1,0.035739,0.9,0.147500,3.1,18.042000,5.2,O=CC(=O)C#N,,[]
58,855.199404,2.9,0.045968,2.0,0.115100,0.4,18.951000,6.1,O=CC(=O)C=O,,[]
58,1051.290467,7.5,0.045232,1.8,0.116900,0.5,24.735000,20.3,O=CC(=O)C(=O)C#N,,[]
58,1108.489211,9.9,0.055740,4.3,0.098300,0.0,25.564000,24.3,O=CC(=O)C(=O)C=O,,[]
58,1369.256420,21.7,0.100077,21.3,0.090100,0.0,29.533000,48.7,NC=[NH+]C1=NOC=C1[O-],,[]
58,1696.891039,47.5,0.138486,48.1,0.114500,0.3,24.968000,21.7,C1C2C3OC4C3C1=CC24,,[]
58,1723.113405,50.9,0.137517,46.8,0.115000,0.3,24.578000,19.7,C1=C2C3C4C1C1C4C3C21,,[]
59,213.087785,0.0,0.021375,0.1,0.361500,98.5,6.002000,0.0,O,,[]
59,301.820762,0.0,0.016601,0.0,0.379600,99.0,6.278000,0.0,C#N,,[]
59,358.757206,0.1,0.026603,0.3,0.226300,39.4,6.413000,0.1,C=O,,[]
59,427.706065,0.2,0.020349,0.1,0.259800,57.6,10.401000,0.4,O1N=NN=N1,,[]
59,494.017501,0.4,0.015951,0.0,0.277000,66.5,10.398000,0.4,N#CC#N,,[]
59,551.957961,0.4,0.026540,0.3,0.206600,23.2,11.329000,0.8,O=CC#N,,[]
59,605.972721,0.6,0.025718,0.2,0.246900,50.6,13.622000,1.3,O=C1ON=NO1,,[]
59,612.158710,0.6,0.036943,1.0,0.155500,5.0,12.147000,0.9,O=CC=O,,[]
59,660.735473,0.8,0.028773,0.5,0.148500,3.5,18.268000,5.4,O=C1N=NON=N1,,[]
59,740.670140,1.4,0.025540,0.2,0.197700,18.2,16.955000,3.7,O=C(C#N)C#N,,[]
59,788.113621,1.9,0.051463,2.7,0.135500,1.3,14.117000,1.4,C1=NN=CN=N1,,[]
59,800.856456,2.1,0.035739,0.9,0.147500,3.1,18.042000,5.1,O=CC(=O)C#N,,[]
59,855.199404,2.9,0.045968,2.0,0.115100,0.4,18.951000,6.1,O=CC(=O)C=O,,[]
59,1051.290467,7.5,0.045232,1.8,0.116900,0.4,24.735000,20.2,O=CC(=O)C(=O)C#N,,[]
59,1108.489211,9.9,0.055740,4.3,0.098300,0.0,25.564000,24.2,O=CC(=O)C(=O)C=O,,[]
59,1369.256420,21.7,0.100077,21.3,0.090100,0.0,29.533000,48.6,NC=[NH+]C1=NOC=C1[O-],,[]
59,1696.891039,47.4,0.138486,48.0,0.114500,0.3,24.968000,21.6,C1C2C3OC4C3C1=CC24,,[]
59,1723.113405,50.9,0.137517,46.7,0.115000,0.3,24.578000,19.7,C1=C2C3C4C1C1C4C3C21,,[]
60,213.087785,0.0,0.021375,0.1,0.361500,98.5,6.002000,0.0,O,,[]
60,301.820762,0.0,0.016601,0.0,0.379600,99.0,6.278000,0.0,C#N,,[]
60,358.757206,0.1,0.026603,0.3,0.226300,39.3,6.413000,0.1,C=O,,[]
60,427.706065,0.2,0.020349,0.1,0.259800,57.6,10.401000,0.4,O1N=NN=N1,,[]
60,494.017501,0.4,0.015951,0.0,0.277000,66.5,10.398000,0.4,N#CC#N,,[]
60,551.957961,0.4,0.026540,0.3,0.206600,23.0,11.329000,0.8,O=CC#N,,[]
60,605.972721,0.6,0.025718,0.2,0.246900,50.5,13.622000,1.3,O=C1ON=NO1,,[]
60,612.158710,0.6,0.036943,1.0,0.155500,5.0,12.147000,0.9,O=CC=O,,[]
60,660.735473,0.8,0.028773,0.5,0.148500,3.4,18.268000,5.4,O=C1N=NON=N1,,[]
60,740.670140,1.4,0.025540,0.2,0.197700,18.1,16.955000,3.7,O=C(C#N)C#N,,[]
60,788.113621,1.9,0.051463,2.7,0.135500,1.3,14.117000,1.4,C1=NN=CN=N1,,[]
60,800.856456,2.1,0.035739,0.9,0.147500,3.1,18.042000,5.1,O=CC(=O)C#N,,[]
60,855.199404,2.9,0.045968,2.1,0.115100,0.4,18.951000,6.1,O=CC(=O)C=O,,[]
60,1051.290467,7.5,0.045232,1.8,0.116900,0.4,24.735000,20.1,O=CC(=O)C(=O)C#N,,[]
60,1108.489211,9.9,0.055740,4.3,0.098300,0.0,25.564000,24.0,O=CC(=O)C(=O)C=O,,[]
60,1369.256420,21.5,0.100077,21.1,0.090100,0.0,29.533000,48.4,NC=[NH+]C1=NOC=C1[O-],,[]
60,1696.891039,47.2,0.138486,47.7,0.114500,0.3,24.968000,21.5,C1C2C3OC4C3C1=CC24,,[]
60,1723.113405,50.6,0.137517,46.5,0.115000,0.3,24.578000,19.6,C1=C2C3C4C1C1C4C3C21,,[]
61,213.087785,0.0,0.021375,0.1,0.361500,98.5,6.002000,0.0,O,,[]
61,301.820762,0.0,0.016601,0.0,0.379600,99.1,6.278000,0.0,C#N,,[]
61,358.757206,0.1,0.026603,0.3,0.226300,39.3,6.413000,0.1,C=O,,[]
61,427.706065,0.2,0.020349,0.1,0.259800,57.6,10.401000,0.4,O1N=NN=N1,,[]
61,494.017501,0.4,0.015951,0.0,0.277000,66.4,10.398000,0.4,N#CC#N,,[]
61,551.957961,0.4,0.026540,0.3,0.206600,23.0,11.329000,0.7,O=CC#N,,[]
61,605.972721,0.6,0.025718,0.2,0.246900,50.5,13.622000,1.3,O=C1ON=NO1,,[]
61,612.158710,0.6,0.036943,1.0,0.155500,5.0,12.147000,0.9,O=CC=O,,[]
61,660.735473,0.8,0.028773,0.5,0.148500,3.5,18.268000,5.4,O=C1N=NON=N1,,[]
61,740.670140,1.4,0.025540,0.2,0.197700,18.2,16.955000,3.7,O=C(C#N)C#N,,[]
61,788.113621,1.9,0.051463,2.7,0.135500,1.3,14.117000,1.4,C1=NN=CN=N1,,[]
61,800.856456,2.1,0.035739,0.9,0.147500,3.1,18.042000,5.1,O=CC(=O)C#N,,[]
61,855.199404,2.9,0.045968,2.0,0.115100,0.4,18.951000,6.0,O=CC(=O)C=O,,[]
61,1051.290467,7.4,0.045232,1.8,0.116900,0.4,24.735000,20.0,O=CC(=O)C(=O)C#N,,[]
61,1108.489211,9.8,0.055740,4.3,0.098300,0.0,25.564000,23.9,O=CC(=O)C(=O)C=O,,[]
61,1369.256420,21.4,0.100077,21.0,0.090100,0.0,29.533000,48.2,NC=[NH+]C1=NOC=C1[O-],,[]
61,1696.891039,47.0,0.138486,47.6,0.114500,0.3,24.968000,21.3,C1C2C3OC4C3C1=CC24,,[]
61,1723.113405,50.5,0.137517,46.3,0.115000,0.3,24.578000,19.5,C1=C2C3C4C1C1C4C3C21,,[]
62,213.087785,0.0,0.021375,0.1,0.361500,98.5,6.002000,0.0,O,,[]
62,301.820762,0.0,0.016601,0.0,0.379600,99.1,6.278000,0.0,C#N,,[]
62,358.757206,0.1,0.026603,0.4,0.226300,39.2,6.413000,0.1,C=O,,[]
62,427.706065,0.2,0.020349,0.1,0.259800,57.6,10.401000,0.5,O1N=NN=N1,,[]
62,494.017501,0.4,0.015951,0.0,0.277000,66.4,10.398000,0.4,N#CC#N,,[]
62,551.957961,0.4,0.026540,0.3,0.206600,22.9,11.329000,0.8,O=CC#N,,[]
62,605.972721,0.6,0.025718,0.2,0.246900,50.4,13.622000,1.3,O=C1ON=NO1,,[]
62,612.158710,0.7,0.036943,1.0,0.155500,4.9,12.147000,0.9,O=CC=O,,[]
62,660.735473,0.8,0.028773,0.5,0.148500,3.4,18.268000,5.4,O=C1N=NON=N1,,[]
62,740.670140,1.4,0.025540,0.2,0.197700,18.0,16.955000,3.7,O=C(C#N)C#N,,[]
62,788.113621,1.9,0.051463,2.7,0.135500,1.3,14.117000,1.4,C1=NN=CN=N1,,[]
62,800.856456,2.1,0.035739,0.9,0.147500,3.1,18.042000,5.1,O=CC(=O)C#N,,[]
62,855.199404,2.9,0.045968,2.0,0.115100,0.4,18.951000,6.0,O=CC(=O)C=O,,[]
62,1051.290467,7.4,0.045232,1.8,0.116900,0.4,24.735000,19.9,O=CC(=O)C(=O)C#N,,[]
62,1108.489211,9.7,0.055740,4.3,0.098300,0.0,25.564000,23.9,O=CC(=O)C(=O)C=O,,[]
62,1369.256420,21.2,0.100077,20.9,0.090100,0.0,29.533000,48.0,NC=[NH+]C1=NOC=C1[O-],,[]
62,1696.891039,47.0,0.138486,47.5,0.114500,0.3,24.968000,21.3,C1C2C3OC4C3C1=CC24,,[]
62,1723.113405,50.4,0.137517,46.2,0.115000,0.3,24.578000,19.4,C1=C2C3C4C1C1C4C3C21,,[]
63,213.087785,0.0,0.021375,0.1,0.361500,98.5,6.002000,0.0,O,,[]
63,301.820762,0.0,0.016601,0.0,0.379600,99.1,6.278000,0.0,C#N,,[]
63,358.757206,0.1,0.026603,0.4,0.226300,39.1,6.413000,0.1,C=O,,[]
63,427.706065,0.2,0.020349,0.1,0.259800,57.4,10.401000,0.4,O1N=NN=N1,,[]
63,494.017501,0.4,0.015951,0.0,0.277000,66.4,10.398000,0.4,N#CC#N,,[]
63,551.957961,0.4,0.026540,0.3,0.206600,22.8,11.329000,0.8,O=CC#N,,[]
63,605.972721,0.6,0.025718,0.2,0.246900,50.2,13.622000,1.3,O=C1ON=NO1,,[]
63,612.158710,0.7,0.036943,1.0,0.155500,5.0,12.147000,0.9,O=CC=O,,[]
63,660.735473,0.8,0.028773,0.5,0.148500,3.4,18.268000,5.3,O=C1N=NON=N1,,[]
63,740.670140,1.4,0.025540,0.2,0.197700,17.9,16.955000,3.7,O=C(C#N)C#N,,[]
63,788.113621,1.9,0.051463,2.7,0.135500,1.3,14.117000,1.4,C1=NN=CN=N1,,[]
63,800.856456,2.1,0.035739,0.9,0.147500,3.1,18.042000,5.0,O=CC(=O)C#N,,[]
63,855.199404,2.9,0.045968,2.1,0.115100,0.4,18.951000,5.9,O=CC(=O)C=O,,[]
63,1051.290467,7.4,0.045232,1.8,0.116900,0.4,24.735000,19.8,O=CC(=O)C(=O)C#N,,[]
63,1108.489211,9.7,0.055740,4.3,0.098300,0.0,25.564000,23.7,O=CC(=O)C(=O)C=O,,[]
63,1369.256420,21.1,0.100077,20.7,0.090100,0.0,29.533000,47.9,NC=[NH+]C1=NOC=C1[O-],,[]
63,1696.891039,46.8,0.138486,47.4,0.114500,0.3,24.968000,21.2,C1C2C3OC4C3C1=CC24,,[]
63,1723.113405,50.2,0.137517,46.1,0.115000,0.3,24.578000,19.3,C1=C2C3C4C1C1C4C3C21,,[]
64,213.087785,0.0,0.021375,0.1,0.361500,98.6,6.002000,0.0,O,,[]
64,301.820762,0.0,0.016601,0.0,0.379600,99.1,6.278000,0.0,C#N,,[]
64,358.757206,0.1,0.026603,0.3,0.226300,38.9,6.413000,0.1,C=O,,[]
64,427.706065,0.2,0.020349,0.1,0.259800,57.4,10.401000,0.4,O1N=NN=N1,,[]
64,494.017501,0.4,0.015951,0.0,0.277000,66.3,10.398000,0.4,N#CC#N,,[]
64,551.957961,0.4,0.026540,0.3,0.206600,22.7,11.329000,0.8,O=CC#N,,[]
64,605.972721,0.6,0.025718,0.2,0.246900,50.1,13.622000,1.3,O=C1ON=NO1,,[]
64,612.158710,0.7,0.036943,1.0,0.155500,5.0,12.147000,0.9,O=CC=O,,[]
64,660.735473,0.8,0.028773,0.5,0.148500,3.4,18.268000,5.3,O=C1N=NON=N1,,[]
64,740.670140,1.4,0.025540,0.2,0.197700,17.9,16.955000,3.7,O=C(C#N)C#N,,[]
64,788.113621,1.9,0.051463,2.7,0.135500,1.3,14.117000,1.4,C1=NN=CN=N1,,[]
64,800.856456,2.1,0.035739,0.9,0.147500,3.1,18.042000,5.0,O=CC(=O)C#N,,[]
64,855.199404,2.9,0.045968,2.0,0.115100,0.4,18.951000,6.0,O=CC(=O)C=O,,[]
64,1051.290467,7.4,0.045232,1.8,0.116900,0.4,24.735000,19.7,O=CC(=O)C(=O)C#N,,[]
64,1108.489211,9.7,0.055740,4.2,0.098300,0.0,25.564000,23.6,O=CC(=O)C(=O)C=O,,[]
64,1369.256420,21.0,0.100077,20.6,0.090100,0.0,29.533000,47.7,NC=[NH+]C1=NOC=C1[O-],,[]
64,1696.891039,46.6,0.138486,47.2,0.114500,0.3,24.968000,21.1,C1C2C3OC4C3C1=CC24,,[]
64,1723.113405,50.1,0.137517,45.9,0.115000,0.3,24.578000,19.2,C1=C2C3C4C1C1C4C3C21,,[]
65,213.087785,0.0,0.021375,0.1,0.361500,98.5,6.002000,0.0,O,,[]
65,301.820762,0.0,0.016601,0.0,0.379600,99.1,6.278000,0.0,C#N,,[]
65,358.757206,0.1,0.026603,0.3,0.226300,38.7,6.413000,0.1,C=O,,[]
65,427.706065,0.2,0.020349,0.1,0.259800,57.3,10.401000,0.4,O1N=NN=N1,,[]
65,494.017501,0.4,0.015951,0.0,0.277000,66.1,10.398000,0.4,N#CC#N,,[]
65,551.957961,0.4,0.026540,0.3,0.206600,22.5,11.329000,0.7,O=CC#N,,[]
65,605.972721,0.6,0.025718,0.2,0.246900,50.0,13.622000,1.3,O=C1ON=NO1,,[]
65,612.158710,0.7,0.036943,1.0,0.155500,4.9,12.147000,0.9,O=CC=O,,[]
65,660.735473,0.8,0.028773,0.5,0.148500,3.4,18.268000,5.3,O=C1N=NON=N1,,[]
65,740.670140,1.4,0.025540,0.2,0.197700,17.7,16.955000,3.7,O=C(C#N)C#N,,[]
65,788.113621,1.8,0.051463,2.7,0.135500,1.3,14.117000,1.4,C1=NN=CN=N1,,[]
65,800.856456,2.1,0.035739,0.9,0.147500,3.1,18.042000,5.0,O=CC(=O)C#N,,[]
65,855.199404,2.9,0.045968,2.0,0.115100,0.4,18.951000,5.9,O=CC(=O)C=O,,[]
65,1051.290467,7.3,0.045232,1.8,0.116900,0.4,24.735000,19.6,O=CC(=O)C(=O)C#N,,[]
65,1108.489211,9.6,0.055740,4.2,0.098300,0.0,25.564000,23.4,O=CC(=O)C(=O)C=O,,[]
65,1369.256420,20.8,0.100077,20.4,0.090100,0.0,29.533000,47.4,NC=[NH+]C1=NOC=C1[O-],,[]
65,1696.891039,46.3,0.138486,46.9,0.114500,0.3,24.968000,20.9,C1C2C3OC4C3C1=CC24,,[]
65,1723.113405,49.8,0.137517,45.6,0.115000,0.3,24.578000,19.1,C1=C2C3C4C1C1C4C3C21,,[]
66,213.087785,0.0,0.021375,0.1,0.361500,98.6,6.002000,0.0,O,,[]
66,301.820762,0.0,0.016601,0.0,0.379600,99.1,6.278000,0.0,C#N,,[]
66,358.757206,0.1,0.026603,0.3,0.226300,38.6,6.413000,0.1,C=O,,[]
66,427.706065,0.2,0.020349,0.1,0.259800,57.2,10.401000,0.4,O1N=NN=N1,,[]
66,494.017501,0.4,0.015951,0.0,0.277000,66.1,10.398000,0.4,N#CC#N,,[]
66,551.957961,0.4,0.026540,0.3,0.206600,22.4,11.329000,0.7,O=CC#N,,[]
66,605.972721,0.6,0.025718,0.2,0.246900,49.8,13.622000,1.3,O=C1ON=NO1,,[]
66,612.158710,0.7,0.036943,1.0,0.155500,4.9,12.147000,0.9,O=CC=O,,[]
66,660.735473,0.8,0.028773,0.5,0.148500,3.4,18.268000,5.2,O=C1N=NON=N1,,[]
66,740.670140,1.3,0.025540,0.2,0.197700,17.6,16.955000,3.7,O=C(C#N)C#N,,[]
66,788.113621,1.8,0.051463,2.6,0.135500,1.3,14.117000,1.4,C1=NN=CN=N1,,[]
66,800.856456,2.1,0.035739,0.9,0.147500,3.1,18.042000,5.0,O=CC(=O)C#N,,[]
66,855.199404,2.8,0.045968,2.0,0.115100,0.4,18.951000,5.8,O=CC(=O)C=O,,[]
66,1051.290467,7.3,0.045232,1.8,0.116900,0.4,24.735000,19.5,O=CC(=O)C(=O)C#N,,[]
66,1108.489211,9.5,0.055740,4.2,0.098300,0.0,25.564000,23.3,O=CC(=O)C(=O)C=O,,[]
66,1369.256420,20.7,0.100077,20.3,0.090100,0.0,29.533000,47.2,NC=[NH+]C1=NOC=C1[O-],,[]
66,1696.891039,46.1,0.138486,46.7,0.114500,0.3,24.968000,20.8,C1C2C3OC4C3C1=CC24,,[]
66,1723.113405,49.6,0.137517,45.4,0.115000,0.3,24.578000,19.0,C1=C2C3C4C1C1C4C3C21,,[]
67,213.087785,0.0,0.021375,0.1,0.361500,98.6,6.002000,0.0,O,,[]
67,301.820762,0.0,0.016601,0.0,0.379600,99.1,6.278000,0.0,C#N,,[]
67,358.757206,0.1,0.026603,0.3,0.226300,38.4,6.413000,0.1,C=O,,[]
67,427.706065,0.2,0.020349,0.1,0.259800,57.0,10.401000,0.4,O1N=NN=N1,,[]
67,494.017501,0.4,0.015951,0.0,0.277000,66.0,10.398000,0.4,N#CC#N,,[]
67,551.957961,0.4,0.026540,0.3,0.206600,22.4,11.329000,0.7,O=CC#N,,[]
67,605.972721,0.6,0.025718,0.2,0.246900,49.6,13.622000,1.3,O=C1ON=NO1,,[]
67,612.158710,0.6,0.036943,1.0,0.155500,4.9,12.147000,0.9,O=CC=O,,[]
67,660.735473,0.8,0.028773,0.5,0.148500,3.4,18.268000,5.2,O=C1N=NON=N1,,[]
67,740.670140,1.3,0.025540,0.2,0.197700,17.5,16.955000,3.7,O=C(C#N)C#N,,[]
67,788.113621,1.8,0.051463,2.6,0.135500,1.3,14.117000,1.4,C1=NN=CN=N1,,[]
67,800.856456,2.1,0.035739,0.9,0.147500,3.1,18.042000,4.9,O=CC(=O)C#N,,[]
67,855.199404,2.8,0.045968,2.0,0.115100,0.4,18.951000,5.8,O=CC(=O)C=O,,[]
67,1051.290467,7.2,0.045232,1.8,0.116900,0.4,24.735000,19.4,O=CC(=O)C(=O)C#N,,[]
67,1108.489211,9.4,0.055740,4.2,0.098300,0.0,25.564000,23.2,O=CC(=O)C(=O)C=O,,[]
67,1369.256420,20.5,0.100077,20.1,0.090100,0.0,29.533000,47.0,NC=[NH+]C1=NOC=C1[O-],,[]
67,1696.891039,45.9,0.138486,46.5,0.114500,0.3,24.968000,20.7,C1C2C3OC4C3C1=CC24,,[]
67,1723.113405,49.5,0.137517,45.2,0.115000,0.3,24.578000,18.8,C1=C2C3C4C1C1C4C3C21,,[]
68,213.087785,0.0,0.021375,0.1,0.361500,98.6,6.002000,0.0,O,,[]
68,301.820762,0.0,0.016601,0.0,0.379600,99.2,6.278000,0.0,C#N,,[]
68,358.757206,0.1,0.026603,0.3,0.226300,38.4,6.413000,0.1,C=O,,[]
68,427.706065,0.2,0.020349,0.1,0.259800,57.0,10.401000,0.4,O1N=NN=N1,,[]
68,494.017501,0.4,0.015951,0.0,0.277000,65.9,10.398000,0.4,N#CC#N,,[]
68,551.957961,0.4,0.026540,0.3,0.206600,22.3,11.329000,0.7,O=CC#N,,[]
68,605.972721,0.6,0.025718,0.2,0.246900,49.6,13.622000,1.3,O=C1ON=NO1,,[]
68,612.158710,0.6,0.036943,1.0,0.155500,4.9,12.147000,0.9,O=CC=O,,[]
68,660.735473,0.8,0.028773,0.5,0.148500,3.4,18.268000,5.2,O=C1N=NON=N1,,[]
68,740.670140,1.3,0.025540,0.2,0.197700,17.5,16.955000,3.6,O=C(C#N)C#N,,[]
68,788.113621,1.8,0.051463,2.6,0.135500,1.3,14.117000,1.4,C1=NN=CN=N1,,[]
68,800.856456,2.1,0.035739,0.9,0.147500,3.1,18.042000,4.9,O=CC(=O)C#N,,[]
68,855.199404,2.8,0.045968,2.0,0.115100,0.4,18.951000,5.8,O=CC(=O)C=O,,[]
68,1051.290467,7.2,0.045232,1.8,0.116900,0.4,24.735000,19.3,O=CC(=O)C(=O)C#N,,[]
68,1108.489211,9.4,0.055740,4.1,0.098300,0.0,25.564000,23.1,O=CC(=O)C(=O)C=O,,[]
68,1369.256420,20.4,0.100077,20.0,0.090100,0.0,29.533000,46.9,NC=[NH+]C1=NOC=C1[O-],,[]
68,1696.891039,45.8,0.138486,46.4,0.114500,0.3,24.968000,20.6,C1C2C3OC4C3C1=CC24,,[]
68,1723.113405,49.3,0.137517,45.1,0.115000,0.3,24.578000,18.8,C1=C2C3C4C1C1C4C3C21,,[]
69,213.087785,0.0,0.021375,0.1,0.361500,98.6,6.002000,0.0,O,,[]
69,301.820762,0.1,0.016601,0.0,0.379600,99.2,6.278000,0.1,C#N,,[]
69,358.757206,0.1,0.026603,0.3,0.226300,38.2,6.413000,0.1,C=O,,[]
69,427.706065,0.2,0.020349,0.1,0.259800,56.9,10.401000,0.4,O1N=NN=N1,,[]
69,494.017501,0.4,0.015951,0.0,0.277000,65.9,10.398000,0.4,N#CC#N,,[]
69,551.957961,0.4,0.026540,0.3,0.206600,22.2,11.329000,0.7,O=CC#N,,[]
69,605.972721,0.6,0.025718,0.2,0.246900,49.4,13.622000,1.3,O=C1ON=NO1,,[]
69,612.158710,0.6,0.036943,1.1,0.155500,4.9,12.147000,0.9,O=CC=O,,[]
69,660.735473,0.8,0.028773,0.5,0.148500,3.4,18.268000,5.1,O=C1N=NON=N1,,[]
69,740.670140,1.3,0.025540,0.2,0.197700,17.4,16.955000,3.6,O=C(C#N)C#N,,[]
69,788.113621,1.8,0.051463,2.6,0.135500,1.4,14.117000,1.4,C1=NN=CN=N1,,[]
69,800.856456,2.1,0.035739,0.9,0.147500,3.1,18.042000,4.9,O=CC(=O)C#N,,[]
69,855.199404,2.8,0.045968,2.0,0.115100,0.4,18.951000,5.7,O=CC(=O)C=O,,[]
69,1051.290467,7.2,0.045232,1.8,0.116900,0.5,24.735000,19.1,O=CC(=O)C(=O)C#N,,[]
69,1108.489211,9.3,0.055740,4.1,0.098300,0.0,25.564000,22.9,O=CC(=O)C(=O)C=O,,[]
69,1369.256420,20.3,0.100077,19.8,0.090100,0.0,29.533000,46.7,NC=[NH+]C1=NOC=C1[O-],,[]
69,1696.891039,45.6,0.138486,46.3,0.114500,0.3,24.968000,20.4,C1C2C3OC4C3C1=CC24,,[]
69,1723.113405,49.2,0.137517,45.0,0.115000,0.3,24.578000,18.6,C1=C2C3C4C1C1C4C3C21,,[]
70,213.087785,0.0,0.021375,0.1,0.361500,98.6,6.002000,0.0,O,,[]
70,301.820762,0.1,0.016601,0.0,0.379600,99.2,6.278000,0.1,C#N,,[]
70,358.757206,0.1,0.026603,0.3,0.226300,38.2,6.413000,0.1,C=O,,[]
70,427.706065,0.2,0.020349,0.1,0.259800,56.9,10.401000,0.4,O1N=NN=N1,,[]
70,494.017501,0.4,0.015951,0.0,0.277000,66.0,10.398000,0.4,N#CC#N,,[]
70,551.957961,0.4,0.026540,0.3,0.206600,22.3,11.329000,0.7,O=CC#N,,[]
70,605.972721,0.6,0.025718,0.2,0.246900,49.4,13.622000,1.3,O=C1ON=NO1,,[]
70,612.158710,0.6,0.036943,1.1,0.155500,4.9,12.147000,0.9,O=CC=O,,[]
70,660.735473,0.8,0.028773,0.5,0.148500,3.5,18.268000,5.1,O=C1N=NON=N1,,[]
70,740.670140,1.3,0.025540,0.2,0.197700,17.4,16.955000,3.6,O=C(C#N)C#N,,[]
70,788.113621,1.8,0.051463,2.6,0.135500,1.4,14.117000,1.4,C1=NN=CN=N1,,[]
70,800.856456,2.0,0.035739,0.9,0.147500,3.1,18.042000,4.8,O=CC(=O)C#N,,[]
70,855.199404,2.8,0.045968,2.0,0.115100,0.4,18.951000,5.7,O=CC(=O)C=O,,[]
70,1051.290467,7.2,0.045232,1.8,0.116900,0.4,24.735000,19.0,O=CC(=O)C(=O)C#N,,[]
70,1108.489211,9.3,0.055740,4.1,0.098300,0.0,25.564000,22.8,O=CC(=O)C(=O)C=O,,[]
70,1369.256420,20.1,0.100077,19.7,0.090100,0.0,29.533000,46.5,NC=[NH+]C1=NOC=C1[O-],,[]
70,1696.891039,45.4,0.138486,46.1,0.114500,0.3,24.968000,20.3,C1C2C3OC4C3C1=CC24,,[]
70,1723.113405,49.1,0.137517,44.8,0.115000,0.3,24.578000,18.5,C1=C2C3C4C1C1C4C3C21,,[]
71,213.087785,0.0,0.021375,0.1,0.361500,98.6,6.002000,0.0,O,,[]
71,301.820762,0.1,0.016601,0.0,0.379600,99.2,6.278000,0.1,C#N,,[]
71,358.757206,0.1,0.026603,0.3,0.226300,38.2,6.413000,0.1,C=O,,[]
71,427.706065,0.2,0.020349,0.1,0.259800,56.9,10.401000,0.4,O1N=NN=N1,,[]
71,494.017501,0.4,0.015951,0.0,0.277000,66.0,10.398000,0.4,N#CC#N,,[]
71,551.957961,0.4,0.026540,0.3,0.206600,22.3,11.329000,0.7,O=CC#N,,[]
71,605.972721,0.6,0.025718,0.2,0.246900,49.4,13.622000,1.2,O=C1ON=NO1,,[]
71,612.158710,0.6,0.036943,1.1,0.155500,5.0,12.147000,0.9,O=CC=O,,[]
71,660.735473,0.8,0.028773,0.5,0.148500,3.5,18.268000,5.1,O=C1N=NON=N1,,[]
71,740.670140,1.3,0.025540,0.2,0.197700,17.4,16.955000,3.6,O=C(C#N)C#N,,[]
71,788.113621,1.8,0.051463,2.6,0.135500,1.4,14.117000,1.3,C1=NN=CN=N1,,[]
71,800.856456,2.0,0.035739,0.9,0.147500,3.1,18.042000,4.8,O=CC(=O)C#N,,[]
71,855.199404,2.8,0.045968,2.0,0.115100,0.4,18.951000,5.7,O=CC(=O)C=O,,[]
71,1051.290467,7.1,0.045232,1.8,0.116900,0.4,24.735000,18.9,O=CC(=O)C(=O)C#N,,[]
71,1108.489211,9.2,0.055740,4.1,0.098300,0.0,25.564000,22.6,O=CC(=O)C(=O)C=O,,[]
71,1369.256420,19.9,0.100077,19.5,0.090100,0.0,29.533000,46.4,NC=[NH+]C1=NOC=C1[O-],,[]
71,1696.891039,45.2,0.138486,45.9,0.114500,0.3,24.968000,20.1,C1C2C3OC4C3C1=CC24,,[]
71,1723.113405,48.9,0.137517,44.7,0.115000,0.3,24.578000,18.4,C1=C2C3C4C1C1C4C3C21,,[]
72,213.087785,0.0,0.021375,0.1,0.361500,98.6,6.002000,0.0,O,,[]
72,301.820762,0.1,0.016601,0.0,0.379600,99.2,6.278000,0.1,C#N,,[]
72,358.757206,0.1,0.026603,0.3,0.226300,38.0,6.413000,0.1,C=O,,[]
72,427.706065,0.2,0.020349,0.1,0.259800,56.8,10.401000,0.4,O1N=NN=N1,,[]
72,494.017501,0.4,0.015951,0.0,0.277000,65.9,10.398000,0.4,N#CC#N,,[]
72,551.957961,0.4,0.026540,0.3,0.206600,22.2,11.329000,0.7,O=CC#N,,[]
72,605.972721,0.6,0.025718,0.2,0.246900,49.3,13.622000,1.3,O=C1ON=NO1,,[]
72,612.158710,0.6,0.036943,1.1,0.155500,4.9,12.147000,0.9,O=CC=O,,[]
72,660.735473,0.8,0.028773,0.5,0.148500,3.5,18.268000,5.0,O=C1N=NON=N1,,[]
72,740.670140,1.3,0.025540,0.2,0.197700,17.4,16.955000,3.6,O=C(C#N)C#N,,[]
72,788.113621,1.8,0.051463,2.6,0.135500,1.4,14.117000,1.4,C1=NN=CN=N1,,[]
72,800.856456,2.0,0.035739,0.9,0.147500,3.1,18.042000,4.8,O=CC(=O)C#N,,[]
72,855.199404,2.8,0.045968,2.0,0.115100,0.4,18.951000,5.6,O=CC(=O)C=O,,[]
72,1051.290467,7.1,0.045232,1.8,0.116900,0.4,24.735000,18.8,O=CC(=O)C(=O)C#N,,[]
72,1108.489211,9.1,0.055740,4.1,0.098300,0.0,25.564000,22.4,O=CC(=O)C(=O)C=O,,[]
72,1369.256420,19.8,0.100077,19.4,0.090100,0.0,29.533000,46.1,NC=[NH+]C1=NOC=C1[O-],,[]
72,1696.891039,45.0,0.138486,45.7,0.114500,0.3,24.968000,20.0,C1C2C3OC4C3C1=CC24,,[]
72,1723.113405,48.7,0.137517,44.4,0.115000,0.3,24.578000,18.3,C1=C2C3C4C1C1C4C3C21,,[]
73,213.087785,0.0,0.021375,0.1,0.361500,98.6,6.002000,0.0,O,,[]
73,301.820762,0.1,0.016601,0.0,0.379600,99.2,6.278000,0.1,C#N,,[]
73,358.757206,0.1,0.026603,0.3,0.226300,37.9,6.413000,0.1,C=O,,[]
73,427.706065,0.2,0.020349,0.1,0.259800,56.7,10.401000,0.4,O1N=NN=N1,,[]
73,494.017501,0.4,0.015951,0.0,0.277000,65.8,10.398000,0.4,N#CC#N,,[]
73,551.957961,0.4,0.026540,0.3,0.206600,22.1,11.329000,0.7,O=CC#N,,[]
73,605.972721,0.6,0.025718,0.2,0.246900,49.2,13.622000,1.3,O=C1ON=NO1,,[]
73,612.158710,0.6,0.036943,1.1,0.155500,4.9,12.147000,0.9,O=CC=O,,[]
73,660.735473,0.8,0.028773,0.5,0.148500,3.4,18.268000,5.0,O=C1N=NON=N1,,[]
73,740.670140,1.4,0.025540,0.2,0.197700,17.3,16.955000,3.5,O=C(C#N)C#N,,[]
73,788.113621,1.8,0.051463,2.6,0.135500,1.4,14.117000,1.4,C1=NN=CN=N1,,[]
73,800.856456,2.0,0.035739,0.9,0.147500,3.1,18.042000,4.7,O=CC(=O)C#N,,[]
73,855.199404,2.8,0.045968,2.0,0.115100,0.4,18.951000,5.6,O=CC(=O)C=O,,[]
73,1051.290467,7.1,0.045232,1.8,0.116900,0.4,24.735000,18.7,O=CC(=O)C(=O)C#N,,[]
73,1108.489211,9.1,0.055740,4.1,0.098300,0.0,25.564000,22.4,O=CC(=O)C(=O)C=O,,[]
73,1369.256420,19.7,0.100077,19.3,0.090100,0.0,29.533000,46.0,NC=[NH+]C1=NOC=C1[O-],,[]
73,1696.891039,44.8,0.138486,45.6,0.114500,0.3,24.968000,20.0,C1C2C3OC4C3C1=CC24,,[]
73,1723.113405,48.5,0.137517,44.3,0.115000,0.3,24.578000,18.2,C1=C2C3C4C1C1C4C3C21,,[]
74,213.087785,0.0,0.021375,0.1,0.361500,98.6,6.002000,0.0,O,,[]
74,301.820762,0.1,0.016601,0.0,0.379600,99.2,6.278000,0.1,C#N,,[]
74,358.757206,0.1,0.026603,0.3,0.226300,37.8,6.413000,0.1,C=O,,[]
74,427.706065,0.2,0.020349,0.1,0.259800,56.6,10.401000,0.4,O1N=NN=N1,,[]
74,494.017501,0.4,0.015951,0.0,0.277000,65.8,10.398000,0.4,N#CC#N,,[]
74,551.957961,0.4,0.026540,0.3,0.206600,22.1,11.329000,0.7,O=CC#N,,[]
74,605.972721,0.6,0.025718,0.2,0.246900,49.1,13.622000,1.3,O=C1ON=NO1,,[]
74,612.158710,0.6,0.036943,1.1,0.155500,4.9,12.147000,0.9,O=CC=O,,[]
74,660.735473,0.8,0.028773,0.5,0.148500,3.5,18.268000,5.0,O=C1N=NON=N1,,[]
74,740.670140,1.3,0.025540,0.2,0.197700,17.3,16.955000,3.6,O=C(C#N)C#N,,[]
74,788.113621,1.8,0.051463,2.6,0.135500,1.4,14.117000,1.4,C1=NN=CN=N1,,[]
74,800.856456,2.0,0.035739,0.9,0.147500,3.1,18.042000,4.7,O=CC(=O)C#N,,[]
74,855.199404,2.7,0.045968,2.0,0.115100,0.4,18.951000,5.6,O=CC(=O)C=O,,[]
74,1051.290467,7.1,0.045232,1.8,0.116900,0.4,24.735000,18.7,O=CC(=O)C(=O)C#N,,[]
74,1108.489211,9.1,0.055740,4.0,0.098300,0.0,25.564000,22.3,O=CC(=O)C(=O)C=O,,[]
74,1369.256420,19.6,0.100077,19.2,0.090100,0.0,29.533000,45.9,NC=[NH+]C1=NOC=C1[O-],,[]
74,1599.184049,34.5,0.126135,34.6,0.103500,0.1,23.509000,14.5,C1=C2C3C4C1C1C2C3N41,,[]
75,213.087785,0.0,0.021375,0.1,0.361500,98.6,6.002000,0.0,O,,[]
75,301.820762,0.1,0.016601,0.0,0.379600,99.2,6.278000,0.1,C#N,,[]
75,358.757206,0.1,0.026603,0.3,0.226300,37.6,6.413000,0.1,C=O,,[]
75,427.706065,0.2,0.020349,0.1,0.259800,56.5,10.401000,0.4,O1N=NN=N1,,[]
75,494.017501,0.4,0.015951,0.0,0.277000,65.7,10.398000,0.4,N#CC#N,,[]
75,551.957961,0.4,0.026540,0.3,0.206600,21.9,11.329000,0.7,O=CC#N,,[]
75,605.972721,0.6,0.025718,0.2,0.246900,48.9,13.622000,1.3,O=C1ON=NO1,,[]
75,612.158710,0.6,0.036943,1.0,0.155500,4.9,12.147000,0.9,O=CC=O,,[]
75,660.735473,0.8,0.028773,0.5,0.148500,3.5,18.268000,5.0,O=C1N=NON=N1,,[]
75,740.670140,1.3,0.025540,0.2,0.197700,17.2,16.955000,3.5,O=C(C#N)C#N,,[]
75,788.113621,1.8,0.051463,2.6,0.135500,1.4,14.117000,1.4,C1=NN=CN=N1,,[]
75,800.856456,2.0,0.035739,0.9,0.147500,3.1,18.042000,4.7,O=CC(=O)C#N,,[]
75,855.199404,2.7,0.045968,2.0,0.115100,0.4,18.951000,5.6,O=CC(=O)C=O,,[]
75,1051.290467,7.1,0.045232,1.8,0.116900,0.5,24.735000,18.6,O=CC(=O)C(=O)C#N,,[]
75,1108.489211,9.1,0.055740,4.0,0.098300,0.0,25.564000,22.2,O=CC(=O)C(=O)C=O,,[]
75,1369.256420,19.5,0.100077,19.0,0.090100,0.0,29.533000,45.7,NC=[NH+]C1=NOC=C1[O-],,[]
75,1599.184049,34.4,0.126135,34.4,0.103500,0.1,23.509000,14.5,C1=C2C3C4C1C1C2C3N41,,[]
76,213.087785,0.0,0.021375,0.1,0.361500,98.6,6.002000,0.0,O,,[]
76,301.820762,0.1,0.016601,0.0,0.379600,99.2,6.278000,0.1,C#N,,[]
76,358.757206,0.1,0.026603,0.3,0.226300,37.6,6.413000,0.1,C=O,,[]
76,427.706065,0.2,0.020349,0.1,0.259800,56.5,10.401000,0.4,O1N=NN=N1,,[]
76,494.017501,0.4,0.015951,0.0,0.277000,65.7,10.398000,0.4,N#CC#N,,[]
76,551.957961,0.4,0.026540,0.3,0.206600,21.8,11.329000,0.7,O=CC#N,,[]
76,605.972721,0.6,0.025718,0.2,0.246900,48.9,13.622000,1.3,O=C1ON=NO1,,[]
76,612.158710,0.6,0.036943,1.1,0.155500,4.9,12.147000,0.9,O=CC=O,,[]
76,660.735473,0.8,0.028773,0.5,0.148500,3.5,18.268000,5.0,O=C1N=NON=N1,,[]
76,740.670140,1.4,0.025540,0.2,0.197700,17.1,16.955000,3.5,O=C(C#N)C#N,,[]
76,788.113621,1.8,0.051463,2.6,0.135500,1.4,14.117000,1.4,C1=NN=CN=N1,,[]
76,800.856456,2.0,0.035739,0.9,0.147500,3.1,18.042000,4.7,O=CC(=O)C#N,,[]
76,855.199404,2.7,0.045968,2.0,0.115100,0.4,18.951000,5.6,O=CC(=O)C=O,,[]
76,1051.290467,7.1,0.045232,1.8,0.116900,0.5,24.735000,18.5,O=CC(=O)C(=O)C#N,,[]
76,1108.489211,9.1,0.055740,4.0,0.098300,0.0,25.564000,22.1,O=CC(=O)C(=O)C=O,,[]
76,1369.256420,19.3,0.100077,18.9,0.090100,0.0,29.533000,45.6,NC=[NH+]C1=NOC=C1[O-],,[]
76,1599.184049,34.2,0.126135,34.2,0.103500,0.1,23.509000,14.4,C1=C2C3C4C1C1C2C3N41,,[]
77,213.087785,0.0,0.021375,0.1,0.361500,98.7,6.002000,0.0,O,,[]
77,301.820762,0.1,0.016601,0.0,0.379600,99.2,6.278000,0.1,C#N,,[]
77,358.757206,0.1,0.026603,0.3,0.226300,37.5,6.413000,0.1,C=O,,[]
77,427.706065,0.2,0.020349,0.1,0.259800,56.4,10.401000,0.4,O1N=NN=N1,,[]
77,494.017501,0.4,0.015951,0.0,0.277000,65.6,10.398000,0.4,N#CC#N,,[]
77,551.957961,0.4,0.026540,0.3,0.206600,21.8,11.329000,0.7,O=CC#N,,[]
77,605.972721,0.6,0.025718,0.2,0.246900,48.8,13.622000,1.3,O=C1ON=NO1,,[]
77,612.158710,0.6,0.036943,1.0,0.155500,4.9,12.147000,0.9,O=CC=O,,[]
77,660.735473,0.8,0.028773,0.5,0.148500,3.5,18.268000,5.0,O=C1N=NON=N1,,[]
77,740.670140,1.4,0.025540,0.2,0.197700,17.1,16.955000,3.5,O=C(C#N)C#N,,[]
77,788.113621,1.8,0.051463,2.6,0.135500,1.4,14.117000,1.4,C1=NN=CN=N1,,[]
77,800.856456,2.0,0.035739,0.9,0.147500,3.1,18.042000,4.7,O=CC(=O)C#N,,[]
77,855.199404,2.7,0.045968,2.0,0.115100,0.4,18.951000,5.5,O=CC(=O)C=O,,[]
77,1051.290467,7.0,0.045232,1.8,0.116900,0.5,24.735000,18.4,O=CC(=O)C(=O)C#N,,[]
77,1108.489211,9.0,0.055740,4.0,0.098300,0.0,25.564000,21.9,O=CC(=O)C(=O)C=O,,[]
77,1369.256420,19.2,0.100077,18.8,0.090100,0.0,29.533000,45.4,NC=[NH+]C1=NOC=C1[O-],,[]
77,1599.184049,34.0,0.126135,34.0,0.103500,0.1,23.509000,14.3,C1=C2C3C4C1C1C2C3N41,,[]
78,213.087785,0.0,0.021375,0.1,0.361500,98.7,6.002000,0.0,O,,[]
78,301.820762,0.1,0.016601,0.0,0.379600,99.2,6.278000,0.1,C#N,,[]
78,358.757206,0.1,0.026603,0.3,0.226300,37.3,6.413000,0.1,C=O,,[]
78,427.706065,0.2,0.020349,0.1,0.259800,56.3,10.401000,0.4,O1N=NN=N1,,[]
78,494.017501,0.3,0.015951,0.0,0.277000,65.5,10.398000,0.4,N#CC#N,,[]
78,551.957961,0.4,0.026540,0.3,0.206600,21.7,11.329000,0.7,O=CC#N,,[]
78,605.972721,0.6,0.025718,0.2,0.246900,48.6,13.622000,1.3,O=C1ON=NO1,,[]
78,612.158710,0.6,0.036943,1.0,0.155500,4.9,12.147000,0.9,O=CC=O,,[]
78,660.735473,0.8,0.028773,0.5,0.148500,3.4,18.268000,4.9,O=C1N=NON=N1,,[]
78,740.670140,1.4,0.025540,0.2,0.197700,17.0,16.955000,3.5,O=C(C#N)C#N,,[]
78,788.113621,1.8,0.051463,2.6,0.135500,1.4,14.117000,1.4,C1=NN=CN=N1,,[]
78,800.856456,2.0,0.035739,0.9,0.147500,3.1,18.042000,4.7,O=CC(=O)C#N,,[]
78,855.199404,2.7,0.045968,2.0,0.115100,0.4,18.951000,5.5,O=CC(=O)C=O,,[]
78,1051.290467,7.0,0.045232,1.8,0.116900,0.5,24.735000,18.3,O=CC(=O)C(=O)C#N,,[]
78,1108.489211,8.9,0.055740,4.0,0.098300,0.0,25.564000,21.8,O=CC(=O)C(=O)C=O,,[]
78,1369.256420,19.1,0.100077,18.7,0.090100,0.0,29.533000,45.2,NC=[NH+]C1=NOC=C1[O-],,[]
78,1599.184049,33.8,0.126135,33.8,0.103500,0.1,23.509000,14.3,C1=C2C3C4C1C1C2C3N41,,[]
79,213.087785,0.0,0.021375,0.1,0.361500,98.7,6.002000,0.0,O,,[]
79,301.820762,0.1,0.016601,0.0,0.379600,99.2,6.278000,0.1,C#N,,[]
79,358.757206,0.1,0.026603,0.3,0.226300,37.2,6.413000,0.1,C=O,,[]
79,427.706065,0.2,0.020349,0.1,0.259800,56.2,10.401000,0.4,O1N=NN=N1,,[]
79,494.017501,0.4,0.015951,0.0,0.277000,65.5,10.398000,0.4,N#CC#N,,[]
79,551.957961,0.4,0.026540,0.3,0.206600,21.6,11.329000,0.7,O=CC#N,,[]
79,605.972721,0.6,0.025718,0.2,0.246900,48.6,13.622000,1.3,O=C1ON=NO1,,[]
79,612.158710,0.6,0.036943,1.0,0.155500,4.8,12.147000,0.9,O=CC=O,,[]
79,660.735473,0.8,0.028773,0.5,0.148500,3.4,18.268000,4.9,O=C1N=NON=N1,,[]
79,740.670140,1.4,0.025540,0.2,0.197700,16.9,16.955000,3.5,O=C(C#N)C#N,,[]
79,788.113621,1.8,0.051463,2.6,0.135500,1.4,14.117000,1.4,C1=NN=CN=N1,,[]
79,800.856456,2.0,0.035739,0.9,0.147500,3.1,18.042000,4.7,O=CC(=O)C#N,,[]
79,855.199404,2.7,0.045968,2.0,0.115100,0.4,18.951000,5.5,O=CC(=O)C=O,,[]
79,1051.290467,7.0,0.045232,1.8,0.116900,0.5,24.735000,18.2,O=CC(=O)C(=O)C#N,,[]
79,1108.489211,8.9,0.055740,4.0,0.098300,0.0,25.564000,21.8,O=CC(=O)C(=O)C=O,,[]
79,1369.256420,19.0,0.100077,18.6,0.090100,0.0,29.533000,45.0,NC=[NH+]C1=NOC=C1[O-],,[]
79,1599.184049,33.6,0.126135,33.7,0.103500,0.1,23.509000,14.2,C1=C2C3C4C1C1C2C3N41,,[]
80,213.087785,0.0,0.021375,0.1,0.361500,98.7,6.002000,0.0,O,,[]
80,301.820762,0.1,0.016601,0.0,0.379600,99.2,6.278000,0.1,C#N,,[]
80,358.757206,0.1,0.026603,0.3,0.226300,37.1,6.413000,0.1,C=O,,[]
80,427.706065,0.2,0.020349,0.1,0.259800,56.2,10.401000,0.4,O1N=NN=N1,,[]
80,494.017501,0.4,0.015951,0.0,0.277000,65.5,10.398000,0.4,N#CC#N,,[]
80,551.957961,0.4,0.026540,0.3,0.206600,21.5,11.329000,0.7,O=CC#N,,[]
80,605.972721,0.6,0.025718,0.2,0.246900,48.6,13.622000,1.3,O=C1ON=NO1,,[]
80,612.158710,0.6,0.036943,1.1,0.155500,4.8,12.147000,0.9,O=CC=O,,[]
80,660.735473,0.8,0.028773,0.5,0.148500,3.4,18.268000,4.9,O=C1N=NON=N1,,[]
80,740.670140,1.4,0.025540,0.2,0.197700,16.8,16.955000,3.5,O=C(C#N)C#N,,[]
80,788.113621,1.8,0.051463,2.6,0.135500,1.4,14.117000,1.4,C1=NN=CN=N1,,[]
80,800.856456,2.1,0.035739,0.9,0.147500,3.1,18.042000,4.7,O=CC(=O)C#N,,[]
80,855.199404,2.7,0.045968,2.0,0.115100,0.4,18.951000,5.5,O=CC(=O)C=O,,[]
80,1051.290467,7.0,0.045232,1.8,0.116900,0.5,24.735000,18.2,O=CC(=O)C(=O)C#N,,[]
80,1108.489211,8.9,0.055740,4.0,0.098300,0.0,25.564000,21.7,O=CC(=O)C(=O)C=O,,[]
80,1369.256420,18.9,0.100077,18.5,0.090100,0.0,29.533000,44.9,NC=[NH+]C1=NOC=C1[O-],,[]
80,1599.184049,33.5,0.126135,33.6,0.103500,0.1,23.509000,14.2,C1=C2C3C4C1C1C2C3N41,,[]
81,213.087785,0.0,0.021375,0.1,0.361500,98.6,6.002000,0.0,O,,[]
81,301.820762,0.1,0.016601,0.0,0.379600,99.2,6.278000,0.1,C#N,,[]
81,358.757206,0.1,0.026603,0.3,0.226300,37.1,6.413000,0.1,C=O,,[]
81,427.706065,0.2,0.020349,0.1,0.259800,56.2,10.401000,0.4,O1N=NN=N1,,[]
81,494.017501,0.3,0.015951,0.0,0.277000,65.3,10.398000,0.4,N#CC#N,,[]
81,551.957961,0.4,0.026540,0.3,0.206600,21.4,11.329000,0.7,O=CC#N,,[]
81,605.972721,0.6,0.025718,0.2,0.246900,48.5,13.622000,1.3,O=C1ON=NO1,,[]
81,612.158710,0.6,0.036943,1.1,0.155500,4.8,12.147000,0.9,O=CC=O,,[]
81,660.735473,0.8,0.028773,0.5,0.148500,3.4,18.268000,4.9,O=C1N=NON=N1,,[]
81,740.670140,1.4,0.025540,0.2,0.197700,16.7,16.955000,3.5,O=C(C#N)C#N,,[]
81,788.113621,1.9,0.051463,2.6,0.135500,1.4,14.117000,1.4,C1=NN=CN=N1,,[]
81,800.856456,2.1,0.035739,0.9,0.147500,3.1,18.042000,4.7,O=CC(=O)C#N,,[]
81,855.199404,2.7,0.045968,2.0,0.115100,0.4,18.951000,5.5,O=CC(=O)C=O,,[]
81,1051.290467,7.0,0.045232,1.8,0.116900,0.5,24.735000,18.1,O=CC(=O)C(=O)C#N,,[]
81,1108.489211,8.9,0.055740,4.0,0.098300,0.0,25.564000,21.6,O=CC(=O)C(=O)C=O,,[]
81,1369.256420,18.8,0.100077,18.4,0.090100,0.0,29.533000,44.8,NC=[NH+]C1=NOC=C1[O-],,[]
81,1599.184049,33.4,0.126135,33.5,0.103500,0.1,23.509000,14.1,C1=C2C3C4C1C1C2C3N41,,[]
82,213.087785,0.0,0.021375,0.1,0.361500,98.7,6.002000,0.0,O,,[]
82,301.820762,0.1,0.016601,0.0,0.379600,99.2,6.278000,0.1,C#N,,[]
82,358.757206,0.1,0.026603,0.3,0.226300,37.1,6.413000,0.1,C=O,,[]
82,427.706065,0.2,0.020349,0.1,0.259800,56.2,10.401000,0.4,O1N=NN=N1,,[]
82,494.017501,0.3,0.015951,0.0,0.277000,65.4,10.398000,0.4,N#CC#N,,[]
82,551.957961,0.4,0.026540,0.3,0.206600,21.4,11.329000,0.7,O=CC#N,,[]
82,605.972721,0.6,0.025718,0.2,0.246900,48.5,13.622000,1.3,O=C1ON=NO1,,[]
82,612.158710,0.6,0.036943,1.1,0.155500,4.8,12.147000,0.8,O=CC=O,,[]
82,660.735473,0.8,0.028773,0.5,0.148500,3.4,18.268000,4.9,O=C1N=NON=N1,,[]
82,740.670140,1.4,0.025540,0.2,0.197700,16.8,16.955000,3.5,O=C(C#N)C#N,,[]
82,788.113621,1.9,0.051463,2.6,0.135500,1.4,14.117000,1.4,C1=NN=CN=N1,,[]
82,800.856456,2.1,0.035739,0.9,0.147500,3.0,18.042000,4.7,O=CC(=O)C#N,,[]
82,855.199404,2.7,0.045968,2.0,0.115100,0.4,18.951000,5.5,O=CC(=O)C=O,,[]
82,1051.290467,6.9,0.045232,1.8,0.116900,0.5,24.735000,18.0,O=CC(=O)C(=O)C#N,,[]
82,1108.489211,8.8,0.055740,3.9,0.098300,0.0,25.564000,21.5,O=CC(=O)C(=O)C=O,,[]
82,1369.256420,18.6,0.100077,18.2,0.090100,0.0,29.533000,44.6,NC=[NH+]C1=NOC=C1[O-],,[]
82,1599.184049,33.3,0.126135,33.3,0.103500,0.1,23.509000,14.0,C1=C2C3C4C1C1C2C3N41,,[]
83,213.087785,0.0,0.021375,0.1,0.361500,98.7,6.002000,0.0,O,,[]
83,301.820762,0.1,0.016601,0.0,0.379600,99.2,6.278000,0.1,C#N,,[]
83,358.757206,0.1,0.026603,0.3,0.226300,37.0,6.413000,0.1,C=O,,[]
83,427.706065,0.2,0.020349,0.1,0.259800,56.2,10.401000,0.4,O1N=NN=N1,,[]
83,494.017501,0.4,0.015951,0.0,0.277000,65.4,10.398000,0.4,N#CC#N,,[]
83,551.957961,0.4,0.026540,0.3,0.206600,21.4,11.329000,0.7,O=CC#N,,[]
83,605.972721,0.6,0.025718,0.2,0.246900,48.5,13.622000,1.3,O=C1ON=NO1,,[]
83,612.158710,0.6,0.036943,1.1,0.155500,4.8,12.147000,0.8,O=CC=O,,[]
83,660.735473,0.8,0.028773,0.5,0.148500,3.4,18.268000,4.9,O=C1N=NON=N1,,[]
83,740.670140,1.4,0.025540,0.2,0.197700,16.7,16.955000,3.5,O=C(C#N)C#N,,[]
83,788.113621,1.9,0.051463,2.6,0.135500,1.4,14.117000,1.4,C1=NN=CN=N1,,[]
83,800.856456,2.1,0.035739,0.9,0.147500,3.0,18.042000,4.7,O=CC(=O)C#N,,[]
83,855.199404,2.7,0.045968,2.0,0.115100,0.4,18.951000,5.5,O=CC(=O)C=O,,[]
83,1051.290467,6.9,0.045232,1.8,0.116900,0.5,24.735000,17.9,O=CC(=O)C(=O)C#N,,[]
83,1108.489211,8.8,0.055740,3.9,0.098300,0.0,25.564000,21.4,O=CC(=O)C(=O)C=O,,[]
83,1369.256420,18.5,0.100077,18.1,0.090100,0.0,29.533000,44.4,NC=[NH+]C1=NOC=C1[O-],,[]
83,1599.184049,33.1,0.126135,33.1,0.103500,0.1,23.509000,14.0,C1=C2C3C4C1C1C2C3N41,,[]
84,213.087785,0.0,0.021375,0.1,0.361500,98.7,6.002000,0.0,O,,[]
84,276.861573,0.1,0.034358,0.8,0.339900,96.6,6.316000,0.1,N,,[]
84,301.820762,0.1,0.016601,0.0,0.379600,99.2,6.278000,0.1,C#N,,[]
84,358.757206,0.1,0.026603,0.3,0.226300,37.0,6.413000,0.1,C=O,,[]
84,427.706065,0.2,0.020349,0.1,0.259800,56.0,10.401000,0.4,O1N=NN=N1,,[]
84,494.017501,0.4,0.015951,0.0,0.277000,65.3,10.398000,0.4,N#CC#N,,[]
84,551.957961,0.4,0.026540,0.3,0.206600,21.3,11.329000,0.7,O=CC#N,,[]
84,605.972721,0.6,0.025718,0.2,0.246900,48.4,13.622000,1.3,O=C1ON=NO1,,[]
84,612.158710,0.6,0.036943,1.1,0.155500,4.8,12.147000,0.9,O=CC=O,,[]
84,660.735473,0.8,0.028773,0.5,0.148500,3.4,18.268000,4.9,O=C1N=NON=N1,,[]
84,740.670140,1.4,0.025540,0.2,0.197700,16.6,16.955000,3.5,O=C(C#N)C#N,,[]
84,788.113621,1.9,0.051463,2.6,0.135500,1.4,14.117000,1.4,C1=NN=CN=N1,,[]
84,800.856456,2.1,0.035739,0.9,0.147500,3.0,18.042000,4.7,O=CC(=O)C#N,,[]
84,855.199404,2.8,0.045968,2.0,0.115100,0.4,18.951000,5.5,O=CC(=O)C=O,,[]
84,1051.290467,6.9,0.045232,1.8,0.116900,0.5,24.735000,17.8,O=CC(=O)C(=O)C#N,,[]
84,1108.489211,8.7,0.055740,3.9,0.098300,0.0,25.564000,21.3,O=CC(=O)C(=O)C=O,,[]
84,1369.256420,18.4,0.100077,18.0,0.090100,0.0,29.533000,44.3,NC=[NH+]C1=NOC=C1[O-],,[]
84,1599.184049,33.0,0.126135,33.0,0.103500,0.1,23.509000,13.9,C1=C2C3C4C1C1C2C3N41,,[]
85,213.087785,0.0,0.021375,0.1,0.361500,98.7,6.002000,0.0,O,,[]
85,276.861573,0.1,0.034358,0.8,0.339900,96.6,6.316000,0.1,N,,[]
85,301.820762,0.1,0.016601,0.0,0.379600,99.2,6.278000,0.1,C#N,,[]
85,358.757206,0.1,0.026603,0.3,0.226300,36.9,6.413000,0.1,C=O,,[]
85,427.706065,0.2,0.020349,0.1,0.259800,56.0,10.401000,0.4,O1N=NN=N1,,[]
85,494.017501,0.4,0.015951,0.0,0.277000,65.2,10.398000,0.4,N#CC#N,,[]
85,551.957961,0.4,0.026540,0.3,0.206600,21.2,11.329000,0.7,O=CC#N,,[]
85,605.972721,0.6,0.025718,0.2,0.246900,48.4,13.622000,1.3,O=C1ON=NO1,,[]
85,612.158710,0.6,0.036943,1.0,0.155500,4.7,12.147000,0.9,O=CC=O,,[]
85,660.735473,0.8,0.028773,0.5,0.148500,3.3,18.268000,4.9,O=C1N=NON=N1,,[]
85,740.670140,1.4,0.025540,0.2,0.197700,16.5,16.955000,3.5,O=C(C#N)C#N,,[]
85,788.113621,1.9,0.051463,2.6,0.135500,1.4,14.117000,1.4,C1=NN=CN=N1,,[]
85,800.856456,2.1,0.035739,0.9,0.147500,3.0,18.042000,4.7,O=CC(=O)C#N,,[]
85,855.199404,2.8,0.045968,2.0,0.115100,0.4,18.951000,5.4,O=CC(=O)C=O,,[]
85,1051.290467,6.8,0.045232,1.8,0.116900,0.5,24.735000,17.7,O=CC(=O)C(=O)C#N,,[]
85,1108.489211,8.7,0.055740,3.8,0.098300,0.0,25.564000,21.2,O=CC(=O)C(=O)C=O,,[]
85,1369.256420,18.3,0.100077,17.9,0.090100,0.0,29.533000,44.1,NC=[NH+]C1=NOC=C1[O-],,[]
85,1599.184049,32.8,0.126135,32.8,0.103500,0.1,23.509000,13.8,C1=C2C3C4C1C1C2C3N41,,[]
86,213.087785,0.0,0.021375,0.1,0.361500,98.7,6.002000,0.0,O,,[]
86,276.861573,0.1,0.034358,0.8,0.339900,96.7,6.316000,0.1,N,,[]
86,301.820762,0.1,0.016601,0.0,0.379600,99.2,6.278000,0.1,C#N,,[]
86,358.757206,0.1,0.026603,0.3,0.226300,36.8,6.413000,0.1,C=O,,[]
86,427.706065,0.2,0.020349,0.1,0.259800,55.9,10.401000,0.5,O1N=NN=N1,,[]
86,494.017501,0.4,0.015951,0.0,0.277000,65.1,10.398000,0.4,N#CC#N,,[]
86,551.957961,0.4,0.026540,0.3,0.206600,21.1,11.329000,0.7,O=CC#N,,[]
86,605.972721,0.6,0.025718,0.2,0.246900,48.3,13.622000,1.3,O=C1ON=NO1,,[]
86,612.158710,0.6,0.036943,1.0,0.155500,4.7,12.147000,0.9,O=CC=O,,[]
86,660.735473,0.8,0.028773,0.5,0.148500,3.3,18.268000,4.9,O=C1N=NON=N1,,[]
86,740.670140,1.4,0.025540,0.2,0.197700,16.5,16.955000,3.5,O=C(C#N)C#N,,[]
86,788.113621,1.9,0.051463,2.6,0.135500,1.4,14.117000,1.4,C1=NN=CN=N1,,[]
86,800.856456,2.1,0.035739,0.9,0.147500,3.0,18.042000,4.7,O=CC(=O)C#N,,[]
86,855.199404,2.8,0.045968,2.0,0.115100,0.4,18.951000,5.4,O=CC(=O)C=O,,[]
86,1051.290467,6.8,0.045232,1.8,0.116900,0.5,24.735000,17.6,O=CC(=O)C(=O)C#N,,[]
86,1108.489211,8.7,0.055740,3.8,0.098300,0.0,25.564000,21.1,O=CC(=O)C(=O)C=O,,[]
86,1369.256420,18.2,0.100077,17.8,0.090100,0.0,29.533000,44.0,NC=[NH+]C1=NOC=C1[O-],,[]
86,1599.184049,32.6,0.126135,32.7,0.103500,0.1,23.509000,13.8,C1=C2C3C4C1C1C2C3N41,,[]
87,213.087785,0.0,0.021375,0.1,0.361500,98.7,6.002000,0.0,O,,[]
87,276.861573,0.1,0.034358,0.8,0.339900,96.6,6.316000,0.1,N,,[]
87,301.820762,0.1,0.016601,0.0,0.379600,99.2,6.278000,0.1,C#N,,[]
87,358.757206,0.1,0.026603,0.3,0.226300,36.6,6.413000,0.1,C=O,,[]
87,427.706065,0.2,0.020349,0.1,0.259800,55.8,10.401000,0.5,O1N=NN=N1,,[]
87,494.017501,0.4,0.015951,0.0,0.277000,65.0,10.398000,0.4,N#CC#N,,[]
87,551.957961,0.4,0.026540,0.3,0.206600,21.0,11.329000,0.7,O=CC#N,,[]
87,605.972721,0.6,0.025718,0.2,0.246900,48.1,13.622000,1.3,O=C1ON=NO1,,[]
87,612.158710,0.6,0.036943,1.1,0.155500,4.7,12.147000,0.9,O=CC=O,,[]
87,660.735473,0.8,0.028773,0.5,0.148500,3.3,18.268000,4.8,O=C1N=NON=N1,,[]
87,740.670140,1.4,0.025540,0.2,0.197700,16.4,16.955000,3.5,O=C(C#N)C#N,,[]
87,788.113621,1.8,0.051463,2.6,0.135500,1.4,14.117000,1.4,C1=NN=CN=N1,,[]
87,800.856456,2.1,0.035739,0.9,0.147500,2.9,18.042000,4.6,O=CC(=O)C#N,,[]
87,855.199404,2.8,0.045968,2.0,0.115100,0.4,18.951000,5.4,O=CC(=O)C=O,,[]
87,1051.290467,6.8,0.045232,1.8,0.116900,0.5,24.735000,17.6,O=CC(=O)C(=O)C#N,,[]
87,1108.489211,8.6,0.055740,3.8,0.098300,0.0,25.564000,21.0,O=CC(=O)C(=O)C=O,,[]
87,1369.256420,18.1,0.100077,17.7,0.090100,0.0,29.533000,43.9,NC=[NH+]C1=NOC=C1[O-],,[]
87,1599.184049,32.5,0.126135,32.6,0.103500,0.1,23.509000,13.7,C1=C2C3C4C1C1C2C3N41,,[]
88,213.087785,0.0,0.021375,0.1,0.361500,98.7,6.002000,0.0,O,,[]
88,276.861573,0.1,0.034358,0.8,0.339900,96.7,6.316000,0.1,N,,[]
88,301.820762,0.1,0.016601,0.0,0.379600,99.2,6.278000,0.1,C#N,,[]
88,358.757206,0.1,0.026603,0.3,0.226300,36.6,6.413000,0.1,C=O,,[]
88,427.706065,0.2,0.020349,0.1,0.259800,55.8,10.401000,0.4,O1N=NN=N1,,[]
88,494.017501,0.4,0.015951,0.0,0.277000,65.1,10.398000,0.4,N#CC#N,,[]
88,551.957961,0.4,0.026540,0.3,0.206600,20.9,11.329000,0.7,O=CC#N,,[]
88,605.972721,0.6,0.025718,0.2,0.246900,48.2,13.622000,1.3,O=C1ON=NO1,,[]
88,612.158710,0.6,0.036943,1.1,0.155500,4.7,12.147000,0.9,O=CC=O,,[]
88,660.735473,0.8,0.028773,0.5,0.148500,3.3,18.268000,4.8,O=C1N=NON=N1,,[]
88,740.670140,1.4,0.025540,0.2,0.197700,16.3,16.955000,3.5,O=C(C#N)C#N,,[]
88,788.113621,1.8,0.051463,2.6,0.135500,1.4,14.117000,1.4,C1=NN=CN=N1,,[]
88,800.856456,2.1,0.035739,0.9,0.147500,2.9,18.042000,4.6,O=CC(=O)C#N,,[]
88,855.199404,2.7,0.045968,2.0,0.115100,0.4,18.951000,5.4,O=CC(=O)C=O,,[]
88,1051.290467,6.7,0.045232,1.8,0.116900,0.4,24.735000,17.5,O=CC(=O)C(=O)C#N,,[]
88,1108.489211,8.6,0.055740,3.8,0.098300,0.0,25.564000,20.9,O=CC(=O)C(=O)C=O,,[]
88,1369.256420,18.0,0.100077,17.6,0.090100,0.0,29.533000,43.7,NC=[NH+]C1=NOC=C1[O-],,[]
88,1599.184049,32.4,0.126135,32.5,0.103500,0.1,23.509000,13.6,C1=C2C3C4C1C1C2C3N41,,[]
89,213.087785,0.0,0.021375,0.1,0.361500,98.7,6.002000,0.0,O,,[]
89,276.861573,0.1,0.034358,0.8,0.339900,96.7,6.316000,0.1,N,,[]
89,301.820762,0.1,0.016601,0.0,0.379600,99.2,6.278000,0.1,C#N,,[]
89,358.757206,0.1,0.026603,0.3,0.226300,36.5,6.413000,0.1,C=O,,[]
89,427.706065,0.2,0.020349,0.1,0.259800,55.8,10.401000,0.5,O1N=NN=N1,,[]
89,494.017501,0.4,0.015951,0.0,0.277000,65.0,10.398000,0.5,N#CC#N,,[]
89,551.957961,0.4,0.026540,0.3,0.206600,20.8,11.329000,0.7,O=CC#N,,[]
89,605.972721,0.6,0.025718,0.2,0.246900,48.1,13.622000,1.3,O=C1ON=NO1,,[]
89,612.158710,0.6,0.036943,1.1,0.155500,4.7,12.147000,0.9,O=CC=O,,[]
89,660.735473,0.8,0.028773,0.5,0.148500,3.3,18.268000,4.8,O=C1N=NON=N1,,[]
89,740.670140,1.4,0.025540,0.2,0.197700,16.3,16.955000,3.5,O=C(C#N)C#N,,[]
89,788.113621,1.8,0.051463,2.6,0.135500,1.4,14.117000,1.4,C1=NN=CN=N1,,[]
89,800.856456,2.1,0.035739,0.9,0.147500,2.9,18.042000,4.6,O=CC(=O)C#N,,[]
89,855.199404,2.7,0.045968,2.0,0.115100,0.4,18.951000,5.4,O=CC(=O)C=O,,[]
89,1051.290467,6.7,0.045232,1.8,0.116900,0.4,24.735000,17.4,O=CC(=O)C(=O)C#N,,[]
89,1108.489211,8.6,0.055740,3.8,0.098300,0.0,25.564000,20.8,O=CC(=O)C(=O)C=O,,[]
89,1369.256420,17.9,0.100077,17.5,0.090100,0.0,29.533000,43.6,NC=[NH+]C1=NOC=C1[O-],,[]
89,1599.184049,32.3,0.126135,32.4,0.103500,0.1,23.509000,13.6,C1=C2C3C4C1C1C2C3N41,,[]
90,213.087785,0.0,0.021375,0.1,0.361500,98.7,6.002000,0.0,O,,[]
90,276.861573,0.1,0.034358,0.8,0.339900,96.7,6.316000,0.1,N,,[]
90,301.820762,0.1,0.016601,0.0,0.379600,99.2,6.278000,0.1,C#N,,[]
90,358.757206,0.1,0.026603,0.3,0.226300,36.5,6.413000,0.1,C=O,,[]
90,427.706065,0.2,0.020349,0.1,0.259800,55.7,10.401000,0.5,O1N=NN=N1,,[]
90,494.017501,0.4,0.015951,0.0,0.277000,65.0,10.398000,0.4,N#CC#N,,[]
90,551.957961,0.4,0.026540,0.3,0.206600,20.9,11.329000,0.7,O=CC#N,,[]
90,605.972721,0.6,0.025718,0.2,0.246900,48.1,13.622000,1.3,O=C1ON=NO1,,[]
90,612.158710,0.6,0.036943,1.1,0.155500,4.7,12.147000,0.9,O=CC=O,,[]
90,660.735473,0.8,0.028773,0.5,0.148500,3.3,18.268000,4.8,O=C1N=NON=N1,,[]
90,740.670140,1.4,0.025540,0.2,0.197700,16.3,16.955000,3.5,O=C(C#N)C#N,,[]
90,788.113621,1.8,0.051463,2.6,0.135500,1.4,14.117000,1.4,C1=NN=CN=N1,,[]
90,800.856456,2.1,0.035739,0.9,0.147500,3.0,18.042000,4.6,O=CC(=O)C#N,,[]
90,855.199404,2.7,0.045968,2.0,0.115100,0.4,18.951000,5.4,O=CC(=O)C=O,,[]
90,1051.290467,6.7,0.045232,1.8,0.116900,0.4,24.735000,17.4,O=CC(=O)C(=O)C#N,,[]
90,1108.489211,8.6,0.055740,3.8,0.098300,0.0,25.564000,20.7,O=CC(=O)C(=O)C=O,,[]
90,1369.256420,17.8,0.100077,17.4,0.090100,0.0,29.533000,43.6,NC=[NH+]C1=NOC=C1[O-],,[]
90,1599.184049,32.2,0.126135,32.3,0.103500,0.1,23.509000,13.5,C1=C2C3C4C1C1C2C3N41,,[]
91,213.087785,0.0,0.021375,0.1,0.361500,98.7,6.002000,0.0,O,,[]
91,276.861573,0.1,0.034358,0.8,0.339900,96.7,6.316000,0.1,N,,[]
91,301.820762,0.1,0.016601,0.0,0.379600,99.2,6.278000,0.1,C#N,,[]
91,358.757206,0.1,0.026603,0.3,0.226300,36.5,6.413000,0.1,C=O,,[]
91,427.706065,0.2,0.020349,0.1,0.259800,55.7,10.401000,0.5,O1N=NN=N1,,[]
91,494.017501,0.4,0.015951,0.0,0.277000,64.9,10.398000,0.4,N#CC#N,,[]
91,551.957961,0.4,0.026540,0.3,0.206600,20.9,11.329000,0.7,O=CC#N,,[]
91,605.972721,0.6,0.025718,0.2,0.246900,48.1,13.622000,1.3,O=C1ON=NO1,,[]
91,612.158710,0.6,0.036943,1.0,0.155500,4.7,12.147000,0.9,O=CC=O,,[]
91,660.735473,0.8,0.028773,0.5,0.148500,3.3,18.268000,4.8,O=C1N=NON=N1,,[]
91,740.670140,1.4,0.025540,0.2,0.197700,16.2,16.955000,3.5,O=C(C#N)C#N,,[]
91,788.113621,1.8,0.051463,2.6,0.135500,1.4,14.117000,1.4,C1=NN=CN=N1,,[]
91,800.856456,2.1,0.035739,0.9,0.147500,3.0,18.042000,4.6,O=CC(=O)C#N,,[]
91,855.199404,2.7,0.045968,2.0,0.115100,0.4,18.951000,5.4,O=CC(=O)C=O,,[]
91,1051.290467,6.7,0.045232,1.8,0.116900,0.4,24.735000,17.3,O=CC(=O)C(=O)C#N,,[]
91,1108.489211,8.5,0.055740,3.8,0.098300,0.0,25.564000,20.7,O=CC(=O)C(=O)C=O,,[]
91,1369.256420,17.7,0.100077,17.4,0.090100,0.0,29.533000,43.5,NC=[NH+]C1=NOC=C1[O-],,[]
91,1599.184049,32.0,0.126135,32.2,0.103500,0.1,23.509000,13.5,C1=C2C3C4C1C1C2C3N41,,[]
92,213.087785,0.0,0.021375,0.1,0.361500,98.7,6.002000,0.0,O,,[]
92,276.861573,0.1,0.034358,0.8,0.339900,96.7,6.316000,0.1,N,,[]
92,301.820762,0.1,0.016601,0.0,0.379600,99.3,6.278000,0.1,C#N,,[]
92,358.757206,0.1,0.026603,0.3,0.226300,36.5,6.413000,0.1,C=O,,[]
92,427.706065,0.2,0.020349,0.1,0.259800,55.7,10.401000,0.4,O1N=NN=N1,,[]
92,494.017501,0.4,0.015951,0.0,0.277000,64.9,10.398000,0.4,N#CC#N,,[]
92,551.957961,0.4,0.026540,0.3,0.206600,20.8,11.329000,0.7,O=CC#N,,[]
92,605.972721,0.6,0.025718,0.2,0.246900,48.0,13.622000,1.3,O=C1ON=NO1,,[]
92,612.158710,0.6,0.036943,1.0,0.155500,4.7,12.147000,0.9,O=CC=O,,[]
92,660.735473,0.8,0.028773,0.5,0.148500,3.3,18.268000,4.8,O=C1N=NON=N1,,[]
92,740.670140,1.4,0.025540,0.2,0.197700,16.2,16.955000,3.5,O=C(C#N)C#N,,[]
92,788.113621,1.8,0.051463,2.6,0.135500,1.4,14.117000,1.4,C1=NN=CN=N1,,[]
92,800.856456,2.0,0.035739,0.9,0.147500,3.0,18.042000,4.6,O=CC(=O)C#N,,[]
92,855.199404,2.7,0.045968,2.0,0.115100,0.4,18.951000,5.4,O=CC(=O)C=O,,[]
92,1051.290467,6.7,0.045232,1.8,0.116900,0.4,24.735000,17.3,O=CC(=O)C(=O)C#N,,[]
92,1108.489211,8.5,0.055740,3.8,0.098300,0.0,25.564000,20.6,O=CC(=O)C(=O)C=O,,[]
92,1369.256420,17.7,0.100077,17.3,0.090100,0.0,29.533000,43.3,NC=[NH+]C1=NOC=C1[O-],,[]
92,1599.184049,31.9,0.126135,32.1,0.103500,0.1,23.509000,13.4,C1=C2C3C4C1C1C2C3N41,,[]
93,213.087785,0.0,0.021375,0.1,0.361500,98.7,6.002000,0.0,O,,[]
93,276.861573,0.1,0.034358,0.8,0.339900,96.6,6.316000,0.1,N,,[]
93,301.820762,0.1,0.016601,0.0,0.379600,99.3,6.278000,0.1,C#N,,[]
93,358.757206,0.1,0.026603,0.3,0.226300,36.4,6.413000,0.1,C=O,,[]
93,427.706065,0.2,0.020349,0.1,0.259800,55.6,10.401000,0.5,O1N=NN=N1,,[]
93,494.017501,0.4,0.015951,0.0,0.277000,64.8,10.398000,0.4,N#CC#N,,[]
93,551.957961,0.4,0.026540,0.3,0.206600,20.7,11.329000,0.7,O=CC#N,,[]
93,605.972721,0.6,0.025718,0.2,0.246900,47.9,13.622000,1.3,O=C1ON=NO1,,[]
93,612.158710,0.6,0.036943,1.0,0.155500,4.7,12.147000,0.9,O=CC=O,,[]
93,660.735473,0.8,0.028773,0.5,0.148500,3.3,18.268000,4.8,O=C1N=NON=N1,,[]
93,740.670140,1.4,0.025540,0.2,0.197700,16.1,16.955000,3.5,O=C(C#N)C#N,,[]
93,788.113621,1.8,0.051463,2.5,0.135500,1.4,14.117000,1.4,C1=NN=CN=N1,,[]
93,800.856456,2.0,0.035739,0.9,0.147500,3.0,18.042000,4.6,O=CC(=O)C#N,,[]
93,855.199404,2.7,0.045968,2.0,0.115100,0.4,18.951000,5.3,O=CC(=O)C=O,,[]
93,1051.290467,6.7,0.045232,1.8,0.116900,0.4,24.735000,17.2,O=CC(=O)C(=O)C#N,,[]
93,1108.489211,8.5,0.055740,3.8,0.098300,0.0,25.564000,20.5,O=CC(=O)C(=O)C=O,,[]
93,1369.256420,17.6,0.100077,17.2,0.090100,0.0,29.533000,43.2,NC=[NH+]C1=NOC=C1[O-],,[]
93,1599.184049,31.8,0.126135,32.0,0.103500,0.1,23.509000,13.4,C1=C2C3C4C1C1C2C3N41,,[]
94,213.087785,0.0,0.021375,0.1,0.361500,98.7,6.002000,0.0,O,,[]
94,276.861573,0.1,0.034358,0.8,0.339900,96.6,6.316000,0.1,N,,[]
94,301.820762,0.1,0.016601,0.0,0.379600,99.3,6.278000,0.1,C#N,,[]
94,358.757206,0.1,0.026603,0.3,0.226300,36.4,6.413000,0.1,C=O,,[]
94,427.706065,0.2,0.020349,0.1,0.259800,55.6,10.401000,0.4,O1N=NN=N1,,[]
94,494.017501,0.4,0.015951,0.0,0.277000,64.9,10.398000,0.4,N#CC#N,,[]
94,551.957961,0.4,0.026540,0.3,0.206600,20.7,11.329000,0.7,O=CC#N,,[]
94,605.972721,0.6,0.025718,0.2,0.246900,47.9,13.622000,1.3,O=C1ON=NO1,,[]
94,612.158710,0.6,0.036943,1.0,0.155500,4.7,12.147000,0.9,O=CC=O,,[]
94,660.735473,0.8,0.028773,0.5,0.148500,3.3,18.268000,4.8,O=C1N=NON=N1,,[]
94,740.670140,1.4,0.025540,0.2,0.197700,16.1,16.955000,3.4,O=C(C#N)C#N,,[]
94,788.113621,1.8,0.051463,2.5,0.135500,1.4,14.117000,1.4,C1=NN=CN=N1,,[]
94,800.856456,2.0,0.035739,0.9,0.147500,3.0,18.042000,4.6,O=CC(=O)C#N,,[]
94,855.199404,2.7,0.045968,1.9,0.115100,0.4,18.951000,5.3,O=CC(=O)C=O,,[]
94,1051.290467,6.6,0.045232,1.8,0.116900,0.4,24.735000,17.2,O=CC(=O)C(=O)C#N,,[]
94,1108.489211,8.4,0.055740,3.8,0.098300,0.0,25.564000,20.5,O=CC(=O)C(=O)C=O,,[]
94,1369.256420,17.5,0.100077,17.1,0.090100,0.0,29.533000,43.2,NC=[NH+]C1=NOC=C1[O-],,[]
94,1599.184049,31.8,0.126135,31.9,0.103500,0.1,23.509000,13.3,C1=C2C3C4C1C1C2C3N41,,[]
95,213.087785,0.0,0.021375,0.1,0.361500,98.7,6.002000,0.0,O,,[]
95,276.861573,0.1,0.034358,0.8,0.339900,96.6,6.316000,0.1,N,,[]
95,301.820762,0.1,0.016601,0.0,0.379600,99.3,6.278000,0.1,C#N,,[]
95,358.757206,0.1,0.026603,0.3,0.226300,36.4,6.413000,0.1,C=O,,[]
95,427.706065,0.2,0.020349,0.1,0.259800,55.6,10.401000,0.4,O1N=NN=N1,,[]
95,494.017501,0.4,0.015951,0.0,0.277000,64.9,10.398000,0.4,N#CC#N,,[]
95,551.957961,0.4,0.026540,0.3,0.206600,20.8,11.329000,0.7,O=CC#N,,[]
95,605.972721,0.6,0.025718,0.2,0.246900,47.8,13.622000,1.3,O=C1ON=NO1,,[]
95,612.158710,0.6,0.036943,1.0,0.155500,4.7,12.147000,0.9,O=CC=O,,[]
95,660.735473,0.8,0.028773,0.5,0.148500,3.3,18.268000,4.8,O=C1N=NON=N1,,[]
95,740.670140,1.4,0.025540,0.2,0.197700,16.1,16.955000,3.4,O=C(C#N)C#N,,[]
95,788.113621,1.8,0.051463,2.5,0.135500,1.4,14.117000,1.4,C1=NN=CN=N1,,[]
95,800.856456,2.0,0.035739,0.9,0.147500,3.0,18.042000,4.5,O=CC(=O)C#N,,[]
95,855.199404,2.7,0.045968,1.9,0.115100,0.4,18.951000,5.3,O=CC(=O)C=O,,[]
95,1051.290467,6.6,0.045232,1.8,0.116900,0.4,24.735000,17.1,O=CC(=O)C(=O)C#N,,[]
95,1108.489211,8.4,0.055740,3.7,0.098300,0.0,25.564000,20.4,O=CC(=O)C(=O)C=O,,[]
95,1369.256420,17.5,0.100077,17.0,0.090100,0.0,29.533000,43.2,NC=[NH+]C1=NOC=C1[O-],,[]
95,1599.184049,31.7,0.126135,31.9,0.103500,0.1,23.509000,13.3,C1=C2C3C4C1C1C2C3N41,,[]
96,213.087785,0.0,0.021375,0.1,0.361500,98.7,6.002000,0.0,O,,[]
96,276.861573,0.1,0.034358,0.8,0.339900,96.6,6.316000,0.1,N,,[]
96,301.820762,0.1,0.016601,0.0,0.379600,99.3,6.278000,0.1,C#N,,[]
96,358.757206,0.1,0.026603,0.3,0.226300,36.3,6.413000,0.1,C=O,,[]
96,427.706065,0.2,0.020349,0.1,0.259800,55.6,10.401000,0.5,O1N=NN=N1,,[]
96,494.017501,0.4,0.015951,0.0,0.277000,64.9,10.398000,0.4,N#CC#N,,[]
96,551.957961,0.4,0.026540,0.3,0.206600,20.7,11.329000,0.7,O=CC#N,,[]
96,605.972721,0.6,0.025718,0.2,0.246900,47.8,13.622000,1.3,O=C1ON=NO1,,[]
96,612.158710,0.6,0.036943,1.0,0.155500,4.7,12.147000,0.9,O=CC=O,,[]
96,660.735473,0.8,0.028773,0.5,0.148500,3.3,18.268000,4.7,O=C1N=NON=N1,,[]
96,740.670140,1.4,0.025540,0.2,0.197700,16.0,16.955000,3.4,O=C(C#N)C#N,,[]
96,788.113621,1.8,0.051463,2.5,0.135500,1.4,14.117000,1.4,C1=NN=CN=N1,,[]
96,800.856456,2.0,0.035739,0.9,0.147500,3.0,18.042000,4.5,O=CC(=O)C#N,,[]
96,855.199404,2.7,0.045968,1.9,0.115100,0.4,18.951000,5.3,O=CC(=O)C=O,,[]
96,1051.290467,6.6,0.045232,1.7,0.116900,0.4,24.735000,17.1,O=CC(=O)C(=O)C#N,,[]
96,1108.489211,8.4,0.055740,3.7,0.098300,0.0,25.564000,20.4,O=CC(=O)C(=O)C=O,,[]
96,1369.256420,17.4,0.100077,17.0,0.090100,0.0,29.533000,43.1,NC=[NH+]C1=NOC=C1[O-],,[]
96,1599.184049,31.6,0.126135,31.8,0.103500,0.1,23.509000,13.2,C1=C2C3C4C1C1C2C3N41,,[]
97,213.087785,0.0,0.021375,0.1,0.361500,98.7,6.002000,0.0,O,,[]
97,276.861573,0.1,0.034358,0.8,0.339900,96.7,6.316000,0.1,N,,[]
97,301.820762,0.1,0.016601,0.0,0.379600,99.3,6.278000,0.1,C#N,,[]
97,358.757206,0.1,0.026603,0.3,0.226300,36.4,6.413000,0.1,C=O,,[]
97,427.706065,0.2,0.020349,0.1,0.259800,55.6,10.401000,0.4,O1N=NN=N1,,[]
97,494.017501,0.4,0.015951,0.0,0.277000,64.9,10.398000,0.4,N#CC#N,,[]
97,551.957961,0.4,0.026540,0.3,0.206600,20.6,11.329000,0.7,O=CC#N,,[]
97,605.972721,0.6,0.025718,0.2,0.246900,47.8,13.622000,1.3,O=C1ON=NO1,,[]
97,612.158710,0.6,0.036943,1.0,0.155500,4.7,12.147000,0.9,O=CC=O,,[]
97,660.735473,0.8,0.028773,0.5,0.148500,3.3,18.268000,4.7,O=C1N=NON=N1,,[]
97,740.670140,1.4,0.025540,0.2,0.197700,16.0,16.955000,3.4,O=C(C#N)C#N,,[]
97,788.113621,1.8,0.051463,2.5,0.135500,1.4,14.117000,1.4,C1=NN=CN=N1,,[]
97,800.856456,2.0,0.035739,0.9,0.147500,3.0,18.042000,4.5,O=CC(=O)C#N,,[]
97,855.199404,2.7,0.045968,1.9,0.115100,0.4,18.951000,5.3,O=CC(=O)C=O,,[]
97,1051.290467,6.6,0.045232,1.7,0.116900,0.4,24.735000,17.0,O=CC(=O)C(=O)C#N,,[]
97,1108.489211,8.3,0.055740,3.7,0.098300,0.0,25.564000,20.3,O=CC(=O)C(=O)C=O,,[]
97,1369.256420,17.3,0.100077,16.9,0.090100,0.0,29.533000,43.0,NC=[NH+]C1=NOC=C1[O-],,[]
97,1599.184049,31.5,0.126135,31.7,0.103500,0.1,23.509000,13.1,C1=C2C3C4C1C1C2C3N41,,[]
98,213.087785,0.0,0.021375,0.1,0.361500,98.7,6.002000,0.0,O,,[]
98,276.861573,0.1,0.034358,0.8,0.339900,96.6,6.316000,0.1,N,,[]
98,301.820762,0.1,0.016601,0.0,0.379600,99.3,6.278000,0.1,C#N,,[]
98,358.757206,0.1,0.026603,0.3,0.226300,36.2,6.413000,0.1,C=O,,[]
98,427.706065,0.2,0.020349,0.1,0.259800,55.5,10.401000,0.5,O1N=NN=N1,,[]
98,494.017501,0.4,0.015951,0.0,0.277000,64.9,10.398000,0.4,N#CC#N,,[]
98,551.957961,0.4,0.026540,0.3,0.206600,20.5,11.329000,0.7,O=CC#N,,[]
98,605.972721,0.6,0.025718,0.2,0.246900,47.7,13.622000,1.3,O=C1ON=NO1,,[]
98,612.158710,0.6,0.036943,1.0,0.155500,4.7,12.147000,0.9,O=CC=O,,[]
98,660.735473,0.8,0.028773,0.5,0.148500,3.3,18.268000,4.7,O=C1N=NON=N1,,[]
98,740.670140,1.4,0.025540,0.2,0.197700,15.9,16.955000,3.4,O=C(C#N)C#N,,[]
98,788.113621,1.8,0.051463,2.5,0.135500,1.4,14.117000,1.4,C1=NN=CN=N1,,[]
98,800.856456,2.0,0.035739,0.9,0.147500,3.0,18.042000,4.5,O=CC(=O)C#N,,[]
98,855.199404,2.6,0.045968,1.9,0.115100,0.4,18.951000,5.2,O=CC(=O)C=O,,[]
98,1051.290467,6.6,0.045232,1.7,0.116900,0.4,24.735000,16.9,O=CC(=O)C(=O)C#N,,[]
98,1108.489211,8.3,0.055740,3.7,0.098300,0.0,25.564000,20.2,O=CC(=O)C(=O)C=O,,[]
98,1369.256420,17.2,0.100077,16.8,0.090100,0.0,29.533000,42.9,NC=[NH+]C1=NOC=C1[O-],,[]
98,1599.184049,31.4,0.126135,31.6,0.103500,0.1,23.509000,13.1,C1=C2C3C4C1C1C2C3N41,,[]
99,213.087785,0.0,0.021375,0.1,0.361500,98.7,6.002000,0.0,O,,[]
99,276.861573,0.1,0.034358,0.8,0.339900,96.6,6.316000,0.1,N,,[]
99,301.820762,0.1,0.016601,0.0,0.379600,99.3,6.278000,0.1,C#N,,[]
99,358.757206,0.1,0.026603,0.3,0.226300,36.2,6.413000,0.1,C=O,,[]
99,427.706065,0.2,0.020349,0.1,0.259800,55.5,10.401000,0.4,O1N=NN=N1,,[]
99,494.017501,0.4,0.015951,0.0,0.277000,64.9,10.398000,0.4,N#CC#N,,[]
99,551.957961,0.4,0.026540,0.3,0.206600,20.5,11.329000,0.7,O=CC#N,,[]
99,605.972721,0.6,0.025718,0.2,0.246900,47.6,13.622000,1.3,O=C1ON=NO1,,[]
99,612.158710,0.6,0.036943,1.0,0.155500,4.7,12.147000,0.9,O=CC=O,,[]
99,660.735473,0.8,0.028773,0.5,0.148500,3.3,18.268000,4.7,O=C1N=NON=N1,,[]
99,740.670140,1.4,0.025540,0.2,0.197700,15.9,16.955000,3.4,O=C(C#N)C#N,,[]
99,788.113621,1.8,0.051463,2.5,0.135500,1.4,14.117000,1.4,C1=NN=CN=N1,,[]
99,800.856456,2.0,0.035739,0.9,0.147500,3.0,18.042000,4.5,O=CC(=O)C#N,,[]
99,855.199404,2.6,0.045968,1.9,0.115100,0.4,18.951000,5.2,O=CC(=O)C=O,,[]
99,1051.290467,6.5,0.045232,1.7,0.116900,0.4,24.735000,16.8,O=CC(=O)C(=O)C#N,,[]
99,1108.489211,8.2,0.055740,3.7,0.098300,0.0,25.564000,20.1,O=CC(=O)C(=O)C=O,,[]
99,1369.256420,17.1,0.100077,16.7,0.090100,0.0,29.533000,42.8,NC=[NH+]C1=NOC=C1[O-],,[]
99,1599.184049,31.3,0.126135,31.5,0.103500,0.1,23.509000,13.0,C1=C2C3C4C1C1C2C3N41,,[]
100,213.087785,0.0,0.021375,0.1,0.361500,98.7,6.002000,0.0,O,,[]
100,276.861573,0.1,0.034358,0.8,0.339900,96.7,6.316000,0.1,N,,[]
100,301.820762,0.1,0.016601,0.0,0.379600,99.3,6.278000,0.1,C#N,,[]
100,358.757206,0.1,0.026603,0.3,0.226300,36.0,6.413000,0.1,C=O,,[]
100,427.706065,0.2,0.020349,0.1,0.259800,55.4,10.401000,0.4,O1N=NN=N1,,[]
100,494.017501,0.4,0.015951,0.0,0.277000,64.8,10.398000,0.4,N#CC#N,,[]
100,551.957961,0.4,0.026540,0.3,0.206600,20.4,11.329000,0.7,O=CC#N,,[]
100,605.972721,0.6,0.025718,0.2,0.246900,47.5,13.622000,1.3,O=C1ON=NO1,,[]
100,612.158710,0.6,0.036943,1.0,0.155500,4.7,12.147000,0.9,O=CC=O,,[]
100,660.735473,0.8,0.028773,0.5,0.148500,3.3,18.268000,4.7,O=C1N=NON=N1,,[]
100,740.670140,1.4,0.025540,0.2,0.197700,15.8,16.955000,3.4,O=C(C#N)C#N,,[]
100,788.113621,1.8,0.051463,2.5,0.135500,1.4,14.117000,1.4,C1=NN=CN=N1,,[]
100,800.856456,2.0,0.035739,0.9,0.147500,2.9,18.042000,4.5,O=CC(=O)C#N,,[]
100,855.199404,2.6,0.045968,1.9,0.115100,0.4,18.951000,5.2,O=CC(=O)C=O,,[]
100,1051.290467,6.5,0.045232,1.7,0.116900,0.4,24.735000,16.8,O=CC(=O)C(=O)C#N,,[]
100,1108.489211,8.2,0.055740,3.7,0.098300,0.0,25.564000,20.0,O=CC(=O)C(=O)C=O,,[]
100,1369.256420,17.0,0.100077,16.6,0.090100,0.0,29.533000,42.7,NC=[NH+]C1=NOC=C1[O-],,[]
100,1599.184049,31.3,0.126135,31.4,0.103500,0.1,23.509000,12.9,C1=C2C3C4C1C1C2C3N41,,[]
101,213.087785,0.0,0.021375,0.1,0.361500,98.7,6.002000,0.0,O,,[]
101,276.861573,0.1,0.034358,0.8,0.339900,96.6,6.316000,0.1,N,,[]
101,301.820762,0.1,0.016601,0.0,0.379600,99.3,6.278000,0.1,C#N,,[]
101,358.757206,0.1,0.026603,0.3,0.226300,36.0,6.413000,0.1,C=O,,[]
101,427.706065,0.2,0.020349,0.1,0.259800,55.3,10.401000,0.4,O1N=NN=N1,,[]
101,494.017501,0.4,0.015951,0.0,0.277000,64.7,10.398000,0.4,N#CC#N,,[]
101,551.957961,0.4,0.026540,0.3,0.206600,20.3,11.329000,0.7,O=CC#N,,[]
101,605.972721,0.6,0.025718,0.2,0.246900,47.4,13.622000,1.3,O=C1ON=NO1,,[]
101,612.158710,0.6,0.036943,1.0,0.155500,4.7,12.147000,0.9,O=CC=O,,[]
101,660.735473,0.8,0.028773,0.5,0.148500,3.3,18.268000,4.7,O=C1N=NON=N1,,[]
101,740.670140,1.4,0.025540,0.2,0.197700,15.7,16.955000,3.4,O=C(C#N)C#N,,[]
101,788.113621,1.8,0.051463,2.5,0.135500,1.4,14.117000,1.4,C1=NN=CN=N1,,[]
101,800.856456,2.0,0.035739,0.9,0.147500,3.0,18.042000,4.5,O=CC(=O)C#N,,[]
101,855.199404,2.6,0.045968,1.9,0.115100,0.3,18.951000,5.2,O=CC(=O)C=O,,[]
101,1051.290467,6.5,0.045232,1.7,0.116900,0.4,24.735000,16.7,O=CC(=O)C(=O)C#N,,[]
101,1108.489211,8.2,0.055740,3.7,0.098300,0.0,25.564000,19.9,O=CC(=O)C(=O)C=O,,[]
101,1369.256420,17.0,0.100077,16.6,0.090100,0.0,29.533000,42.7,NC=[NH+]C1=NOC=C1[O-],,[]
101,1599.184049,31.2,0.126135,31.3,0.103500,0.1,23.509000,12.9,C1=C2C3C4C1C1C2C3N41,,[]
