generation,E_at,E_at_percentile,zvpe,zvpe_percentile,e_gap,e_gap_percentile,C_v,C_v_percentile,SMILES,coordList,functionalization
1,1111.285393,0.0,0.079569,0.0,0.239200,42.0,20.600000,2.0,CN1N=COC1=O,,[]
1,1216.111478,2.0,0.109407,6.0,0.291700,76.0,18.623000,0.0,C1C2C1N1CC21,,[]
1,1403.766931,10.0,0.115068,12.0,0.148400,0.0,31.092000,46.0,NC1=C(N)C(=N)N=NN1,,[]
1,1510.415304,16.0,0.119915,14.0,0.223600,30.0,27.063000,14.0,CC1=CNC(=O)OC1,,[]
1,1548.456183,18.0,0.129951,20.0,0.212200,16.0,28.820000,24.0,CN=C1OC=CN1C,,[]
1,1608.231481,28.0,0.127031,16.0,0.199000,12.0,30.357000,34.0,NC1=CC(=O)NC=NC1,,[]
1,1693.132885,36.0,0.136646,40.0,0.205300,14.0,29.183000,28.0,CC12COC(OC1)C2=O,,[]
1,1782.175225,54.0,0.149309,50.0,0.190200,4.0,30.717000,40.0,ON=C1C=CCC2CC12,,[]
2,1003.479893,0.0,0.047506,0.0,0.192400,32.0,21.145000,1.3,O=CC1=NOC(=O)O1,,[]
2,1050.833013,0.7,0.063418,0.7,0.181600,21.3,25.689000,14.0,ON=C(C#C)C#C,,[]
2,1111.285393,1.3,0.079569,6.0,0.239200,68.7,20.600000,0.7,CN1N=COC1=O,,[]
2,1132.994083,2.0,0.072412,2.7,0.187000,25.3,24.105000,6.7,NC1=NC(C=O)=NO1,,[]
2,1183.374309,2.7,0.076295,4.0,0.174000,16.7,26.452000,21.3,CN1N=NC(=O)C(F)=N1,,[]
2,1204.963145,3.3,0.068878,2.0,0.157600,10.0,21.406000,2.0,O1N=CN=C2N=CN=C12,,[]
2,1216.111478,5.3,0.109407,34.0,0.291700,92.0,18.623000,0.0,C1C2C1N1CC21,,[]
2,1257.074042,8.0,0.063517,1.3,0.175500,18.0,27.754000,32.7,C#CC1=C(N=NO1)C#C,,[]
2,1312.951250,12.0,0.079971,6.7,0.127400,1.3,22.981000,2.7,O1C=NC2=CN=CC2=N1,,[]
2,1363.942043,20.0,0.073234,3.3,0.140600,3.3,30.835000,63.3,O=C(CC#C)C(=O)C#N,,[]
2,1574.117556,56.7,0.124506,56.0,0.109100,0.7,33.124000,85.3,NC(=[NH2+])N1[CH-]C(=O)C=C1,,[]
2,1577.996192,59.3,0.126623,62.7,0.095500,0.0,28.254000,34.7,[O-]C1=COC2=C1C[NH2+]C2,,[]
3,811.871758,0.0,0.056139,2.0,0.300400,96.0,14.866000,0.0,N#CC1CO1,,[]
3,995.794157,0.4,0.068999,6.8,0.261500,87.6,21.127000,2.4,OC1=NC(O)=NN1,,[]
3,1003.479893,0.8,0.047506,0.8,0.192400,36.8,21.145000,2.8,O=CC1=NOC(=O)O1,,[]
3,1012.039750,1.2,0.043048,0.4,0.230900,69.6,25.863000,28.0,FC(F)(F)C#CC#C,,[]
3,1039.244168,1.6,0.042087,0.0,0.193600,38.8,23.714000,12.8,N#CC#CC1=NON=N1,,[]
3,1050.833013,2.0,0.063418,2.8,0.181600,26.8,25.689000,27.6,ON=C(C#C)C#C,,[]
3,1077.928244,2.4,0.060188,2.4,0.197600,40.0,21.093000,2.0,FC1=CN=NC=C1F,,[]
3,1111.285393,2.8,0.079569,20.4,0.239200,75.2,20.600000,1.2,CN1N=COC1=O,,[]
3,1123.449664,3.6,0.065586,4.4,0.172900,20.0,26.015000,28.8,NC1=C2N=NOC2=NO1,,[]
3,1131.409622,4.0,0.078602,18.8,0.185600,30.0,22.089000,4.8,O=C(C#N)C1CN1,,[]
3,1132.994083,4.4,0.072412,8.8,0.187000,31.2,24.105000,16.4,NC1=NC(C=O)=NO1,,[]
3,1135.352264,5.2,0.082233,23.6,0.176000,22.0,25.054000,22.4,CC1=NON=NC1=N,,[]
3,1136.601008,5.6,0.072826,10.0,0.179300,24.0,21.629000,4.0,O=N(=O)C1=CC=CO1,,[]
3,1153.098859,6.0,0.067545,6.0,0.147700,5.2,24.928000,21.2,N=C1NN=NC(=N1)C#N,,[]
3,1171.971207,7.2,0.056113,1.6,0.152500,9.2,27.328000,45.2,O=C(C#C)C(=O)C#C,,[]
3,1173.966687,8.0,0.081528,23.2,0.201300,43.6,19.287000,0.8,OC1=CN=CC=N1,,[]
3,1189.173751,10.0,0.072573,9.2,0.184400,29.2,22.835000,7.6,N=C1OC=COC1=O,,[]
3,1196.400151,11.6,0.065891,4.8,0.152700,9.6,25.353000,25.6,N=C1ON=C(C=N1)C#N,,[]
3,1202.245401,12.8,0.065181,4.0,0.157700,12.0,24.152000,17.2,FC1=NC=C(C=O)N=N1,,[]
3,1204.963145,13.2,0.068878,6.4,0.157600,11.6,21.406000,3.2,O1N=CN=C2N=CN=C12,,[]
3,1216.111478,16.0,0.109407,59.2,0.291700,94.4,18.623000,0.4,C1C2C1N1CC21,,[]
3,1222.170082,17.2,0.081224,22.8,0.124500,1.2,30.434000,72.4,NC(=[NH2+])C#CC([O-])=O,,[]
3,1252.590486,23.2,0.080839,22.4,0.129500,2.0,22.789000,6.8,N1N=NC2=CN=CC2=N1,,[]
3,1295.492054,29.2,0.079728,21.2,0.153000,10.4,22.813000,7.2,O1N=CC2=CC=NC2=N1,,[]
3,1312.951250,33.6,0.079971,21.6,0.127400,1.6,22.981000,8.0,O1C=NC2=CN=CC2=N1,,[]
3,1363.942043,43.6,0.073234,10.8,0.140600,4.4,30.835000,76.0,O=C(CC#C)C(=O)C#N,,[]
3,1380.613087,46.0,0.100759,52.0,0.081400,0.0,30.409000,71.6,NC=[NH+]C1=NOC([O-])=C1,,[]
3,1399.754636,50.0,0.077335,16.0,0.139900,4.0,26.592000,36.8,O=C1C=CC(C#N)C1=O,,[]
3,1577.996192,75.6,0.126623,77.6,0.095500,0.4,28.254000,53.2,[O-]C1=COC2=C1C[NH2+]C2,,[]
4,670.268597,0.0,0.055410,3.4,0.322200,98.9,12.482000,0.3,CC#C,,[]
4,784.640984,0.3,0.059116,4.6,0.271500,90.0,12.360000,0.0,N1C=NN=C1,,[]
4,811.871758,0.6,0.056139,4.0,0.300400,95.4,14.866000,0.9,N#CC1CO1,,[]
4,855.199404,0.9,0.045968,0.9,0.115100,0.9,18.951000,3.1,O=CC(=O)C=O,,[]
4,890.450376,1.1,0.043828,0.6,0.224400,63.4,18.046000,2.3,N#CC1=CON=N1,,[]
4,942.772116,1.7,0.079595,32.0,0.254200,82.9,16.197000,1.1,O=CN1CC1,,[]
4,979.719874,3.1,0.057617,4.3,0.225100,64.3,16.669000,1.4,FC1=NC=NC=N1,,[]
4,1012.039750,4.6,0.043048,0.3,0.230900,68.6,25.863000,36.9,FC(F)(F)C#CC#C,,[]
4,1039.244168,5.1,0.042087,0.0,0.193600,37.1,23.714000,22.6,N#CC#CC1=NON=N1,,[]
4,1041.414723,5.4,0.063245,6.9,0.214400,55.4,18.757000,2.9,O1N=CN2C=NN=C12,,[]
4,1380.613087,57.7,0.100759,64.6,0.081400,0.0,30.409000,78.3,NC=[NH+]C1=NOC([O-])=C1,,[]
4,1577.996192,82.6,0.126623,84.0,0.095500,0.3,28.254000,63.7,[O-]C1=COC2=C1C[NH2+]C2,,[]
5,478.904563,0.0,0.017147,0.0,0.622100,99.8,12.639000,0.4,FC(F)(F)F,,[]
5,605.972721,0.2,0.025718,0.2,0.246900,73.8,13.622000,0.7,O=C1ON=NO1,,[]
5,670.268597,0.4,0.055410,4.2,0.322200,93.8,12.482000,0.2,CC#C,,[]
5,784.640984,0.7,0.059116,5.3,0.271500,83.1,12.360000,0.0,N1C=NN=C1,,[]
5,798.442427,0.9,0.055704,4.4,0.219100,52.4,15.692000,2.0,O=CNC=O,,[]
5,836.881775,1.3,0.054694,4.0,0.230000,62.7,16.279000,2.4,O=CCC#N,,[]
5,855.199404,1.6,0.045968,1.6,0.115100,0.9,18.951000,4.7,O=CC(=O)C=O,,[]
5,874.687338,1.8,0.036829,0.7,0.199000,35.1,19.266000,5.6,C#CC#CC#N,,[]
5,890.450376,2.0,0.043828,1.3,0.224400,58.2,18.046000,3.8,N#CC1=CON=N1,,[]
5,993.370088,4.4,0.034807,0.4,0.155000,8.2,23.797000,25.3,O=C(C#N)C(=O)C#N,,[]
5,1039.244168,6.4,0.042087,0.9,0.193600,32.2,23.714000,24.4,N#CC#CC1=NON=N1,,[]
5,1041.414723,6.7,0.063245,7.8,0.214400,49.6,18.757000,4.2,O1N=CN2C=NN=C12,,[]
5,1085.508559,10.2,0.068855,14.0,0.206900,42.2,18.010000,3.3,FC1=CN=CN=C1,,[]
5,1380.613087,52.7,0.100759,58.9,0.081400,0.0,30.409000,79.3,NC=[NH+]C1=NOC([O-])=C1,,[]
5,1577.996192,74.4,0.126623,76.0,0.095500,0.2,28.254000,65.1,[O-]C1=COC2=C1C[NH2+]C2,,[]
5,1601.791351,76.0,0.126449,75.8,0.111400,0.7,28.215000,64.4,O=C1O[C-]2C[NH2+]CC2=C1,,[]
6,478.904563,0.0,0.017147,0.0,0.622100,99.8,12.639000,0.4,FC(F)(F)F,,[]
6,605.972721,0.2,0.025718,0.2,0.246900,73.3,13.622000,0.5,O=C1ON=NO1,,[]
6,670.268597,0.4,0.055410,4.7,0.322200,93.6,12.482000,0.2,CC#C,,[]
6,784.640984,0.5,0.059116,6.0,0.271500,82.0,12.360000,0.0,N1C=NN=C1,,[]
6,795.631812,0.7,0.042706,1.5,0.172100,14.9,17.150000,2.7,FC1=CN=NN=N1,,[]
6,798.442427,0.9,0.055704,5.1,0.219100,51.3,15.692000,1.8,O=CNC=O,,[]
6,831.650856,1.3,0.036304,0.9,0.194700,30.7,18.651000,4.5,O=C(C#C)C#N,,[]
6,836.881775,1.5,0.054694,4.5,0.230000,62.4,16.279000,2.2,O=CCC#N,,[]
6,843.073411,1.6,0.034056,0.4,0.208300,42.0,21.261000,10.4,O=C1ON=NOC1=O,,[]
6,848.879756,1.8,0.035271,0.7,0.166200,12.4,20.219000,7.5,FC1=NC(=O)ON=N1,,[]
6,855.199404,2.0,0.045968,2.0,0.115100,0.7,18.951000,5.1,O=CC(=O)C=O,,[]
6,993.370088,5.1,0.034807,0.5,0.155000,7.5,23.797000,26.0,O=C(C#N)C(=O)C#N,,[]
6,1380.613087,50.5,0.100759,56.2,0.081400,0.0,30.409000,80.5,NC=[NH+]C1=NOC([O-])=C1,,[]
6,1577.996192,71.1,0.126623,72.9,0.095500,0.2,28.254000,66.2,[O-]C1=COC2=C1C[NH2+]C2,,[]
6,1601.791351,73.1,0.126449,72.7,0.111400,0.5,28.215000,65.6,O=C1O[C-]2C[NH2+]CC2=C1,,[]
7,395.999894,0.0,0.044749,1.8,0.504800,99.7,6.469000,0.0,C,,[]
7,478.904563,0.2,0.017147,0.0,0.622100,99.8,12.639000,0.6,FC(F)(F)F,,[]
7,605.972721,0.3,0.025718,0.2,0.246900,68.8,13.622000,0.8,O=C1ON=NO1,,[]
7,670.268597,0.5,0.055410,4.9,0.322200,91.5,12.482000,0.5,CC#C,,[]
7,784.640984,0.6,0.059116,6.2,0.271500,77.4,12.360000,0.3,N1C=NN=C1,,[]
7,795.631812,0.8,0.042706,1.2,0.172100,13.7,17.150000,3.2,FC1=CN=NN=N1,,[]
7,798.442427,0.9,0.055704,5.2,0.219100,47.5,15.692000,2.0,O=CNC=O,,[]
7,831.650856,1.4,0.036304,0.8,0.194700,28.0,18.651000,5.4,O=C(C#C)C#N,,[]
7,836.881775,1.5,0.054694,4.6,0.230000,58.3,16.279000,2.3,O=CCC#N,,[]
7,840.596004,1.7,0.058593,6.0,0.251900,70.8,12.040000,0.2,O1C=CN=C1,,[]
7,843.073411,1.8,0.034056,0.3,0.208300,38.6,21.261000,10.8,O=C1ON=NOC1=O,,[]
7,848.879756,2.0,0.035271,0.6,0.166200,11.4,20.219000,8.0,FC1=NC(=O)ON=N1,,[]
7,855.199404,2.2,0.045968,2.2,0.115100,0.9,18.951000,5.8,O=CC(=O)C=O,,[]
7,900.920999,2.9,0.045022,2.0,0.242200,65.8,17.121000,2.9,N#CC1=NOC=N1,,[]
7,993.370088,5.5,0.034807,0.5,0.155000,7.1,23.797000,26.3,O=C(C#N)C(=O)C#N,,[]
7,1369.256420,46.0,0.100077,50.5,0.090100,0.2,29.533000,77.1,NC=[NH+]C1=NOC=C1[O-],,[]
7,1380.613087,47.5,0.100759,52.0,0.081400,0.0,30.409000,81.4,NC=[NH+]C1=NOC([O-])=C1,,[]
7,1577.996192,66.2,0.126623,68.2,0.095500,0.3,28.254000,67.2,[O-]C1=COC2=C1C[NH2+]C2,,[]
7,1601.791351,68.3,0.126449,68.0,0.111400,0.6,28.215000,66.8,O=C1O[C-]2C[NH2+]CC2=C1,,[]
7,1696.891039,75.5,0.138486,76.6,0.114500,0.8,24.968000,35.5,C1C2C3OC4C3C1=CC24,,[]
8,395.999894,0.0,0.044749,2.0,0.504800,99.7,6.469000,0.0,C,,[]
8,478.904563,0.1,0.017147,0.0,0.622100,99.9,12.639000,0.5,FC(F)(F)F,,[]
8,605.972721,0.3,0.025718,0.1,0.246900,70.0,13.622000,0.8,O=C1ON=NO1,,[]
8,670.268597,0.4,0.055410,5.1,0.322200,91.9,12.482000,0.4,CC#C,,[]
8,734.216833,0.5,0.035547,0.8,0.200400,30.7,19.569000,7.3,O=N(=O)C1=NON=N1,,[]
8,783.223440,0.8,0.027023,0.3,0.211300,40.8,17.827000,3.9,N#CC#CC#N,,[]
8,784.640984,0.9,0.059116,6.1,0.271500,78.5,12.360000,0.3,N1C=NN=C1,,[]
8,795.631812,1.1,0.042706,1.5,0.172100,13.3,17.150000,3.3,FC1=CN=NN=N1,,[]
8,798.442427,1.2,0.055704,5.3,0.219100,47.6,15.692000,2.1,O=CNC=O,,[]
8,831.650856,1.6,0.036304,0.9,0.194700,26.8,18.651000,5.7,O=C(C#C)C#N,,[]
8,836.881775,1.7,0.054694,4.7,0.230000,58.4,16.279000,2.4,O=CCC#N,,[]
8,840.596004,1.9,0.058593,6.0,0.251900,71.9,12.040000,0.1,O1C=CN=C1,,[]
8,843.073411,2.0,0.034056,0.4,0.208300,38.0,21.261000,11.7,O=C1ON=NOC1=O,,[]
8,848.879756,2.1,0.035271,0.7,0.166200,11.1,20.219000,8.7,FC1=NC(=O)ON=N1,,[]
8,855.199404,2.3,0.045968,2.3,0.115100,0.9,18.951000,6.1,O=CC(=O)C=O,,[]
8,900.920999,3.2,0.045022,2.1,0.242200,66.7,17.121000,3.1,N#CC1=NOC=N1,,[]
8,993.370088,6.1,0.034807,0.5,0.155000,6.9,23.797000,26.5,O=C(C#N)C(=O)C#N,,[]
8,1369.256420,44.7,0.100077,48.7,0.090100,0.1,29.533000,77.3,NC=[NH+]C1=NOC=C1[O-],,[]
8,1380.613087,46.3,0.100759,50.1,0.081400,0.0,30.409000,81.9,NC=[NH+]C1=NOC([O-])=C1,,[]
8,1577.996192,66.4,0.126623,68.5,0.095500,0.3,28.254000,68.0,[O-]C1=COC2=C1C[NH2+]C2,,[]
8,1599.184049,68.3,0.126135,68.1,0.103500,0.4,23.509000,25.1,C1=C2C3C4C1C1C2C3N41,,[]
9,395.999894,0.0,0.044749,2.0,0.504800,99.8,6.469000,0.0,C,,[]
9,478.904563,0.1,0.017147,0.0,0.622100,99.9,12.639000,0.5,FC(F)(F)F,,[]
9,605.972721,0.2,0.025718,0.1,0.246900,69.1,13.622000,0.7,O=C1ON=NO1,,[]
9,670.268597,0.4,0.055410,5.1,0.322200,91.8,12.482000,0.4,CC#C,,[]
9,734.216833,0.5,0.035547,0.8,0.200400,31.1,19.569000,7.9,O=N(=O)C1=NON=N1,,[]
9,783.223440,0.8,0.027023,0.2,0.211300,40.7,17.827000,4.7,N#CC#CC#N,,[]
9,784.640984,1.1,0.059116,6.2,0.271500,78.0,12.360000,0.2,N1C=NN=C1,,[]
9,795.631812,1.2,0.042706,1.4,0.172100,13.9,17.150000,3.8,FC1=CN=NN=N1,,[]
9,798.442427,1.4,0.055704,5.3,0.219100,47.4,15.692000,2.1,O=CNC=O,,[]
9,831.650856,1.9,0.036304,0.9,0.194700,27.1,18.651000,6.5,O=C(C#C)C#N,,[]
9,836.881775,2.0,0.054694,4.7,0.230000,58.0,16.279000,2.7,O=CCC#N,,[]
9,840.596004,2.1,0.058593,6.1,0.251900,71.5,12.040000,0.1,O1C=CN=C1,,[]
9,843.073411,2.2,0.034056,0.5,0.208300,38.0,21.261000,12.4,O=C1ON=NOC1=O,,[]
9,848.879756,2.4,0.035271,0.7,0.166200,11.5,20.219000,9.3,FC1=NC(=O)ON=N1,,[]
9,855.199404,2.5,0.045968,2.2,0.115100,0.8,18.951000,6.8,O=CC(=O)C=O,,[]
9,900.920999,3.3,0.045022,2.1,0.242200,66.0,17.121000,3.5,N#CC1=NOC=N1,,[]
9,993.370088,6.2,0.034807,0.6,0.155000,7.5,23.797000,26.0,O=C(C#N)C(=O)C#N,,[]
9,1369.256420,42.9,0.100077,47.1,0.090100,0.1,29.533000,75.6,NC=[NH+]C1=NOC=C1[O-],,[]
9,1380.613087,44.4,0.100759,48.4,0.081400,0.0,30.409000,79.9,NC=[NH+]C1=NOC([O-])=C1,,[]
9,1577.996192,64.1,0.126623,66.8,0.095500,0.2,28.254000,66.4,[O-]C1=COC2=C1C[NH2+]C2,,[]
9,1599.184049,65.9,0.126135,66.5,0.103500,0.4,23.509000,24.6,C1=C2C3C4C1C1C2C3N41,,[]
10,395.999894,0.0,0.044749,1.9,0.504800,99.8,6.469000,0.0,C,,[]
10,478.904563,0.1,0.017147,0.0,0.622100,99.9,12.639000,0.4,FC(F)(F)F,,[]
10,605.972721,0.2,0.025718,0.1,0.246900,68.5,13.622000,0.6,O=C1ON=NO1,,[]
10,662.444181,0.3,0.038285,1.2,0.222700,51.3,14.948000,1.2,OC1=NON=N1,,[]
10,670.268597,0.4,0.055410,4.9,0.322200,91.7,12.482000,0.3,CC#C,,[]
10,734.216833,0.5,0.035547,0.7,0.200400,30.6,19.569000,8.2,O=N(=O)C1=NON=N1,,[]
10,783.223440,0.8,0.027023,0.2,0.211300,40.3,17.827000,5.1,N#CC#CC#N,,[]
10,784.640984,1.1,0.059116,6.3,0.271500,77.7,12.360000,0.2,N1C=NN=C1,,[]
10,795.631812,1.2,0.042706,1.4,0.172100,13.7,17.150000,4.0,FC1=CN=NN=N1,,[]
10,798.442427,1.4,0.055704,5.3,0.219100,47.4,15.692000,2.0,O=CNC=O,,[]
10,831.650856,1.9,0.036304,0.8,0.194700,26.6,18.651000,6.7,O=C(C#C)C#N,,[]
10,839.487194,2.1,0.054510,4.4,0.211800,40.8,16.963000,3.5,CC(=O)C#N,,[]
10,840.596004,2.2,0.058593,6.2,0.251900,71.1,12.040000,0.1,O1C=CN=C1,,[]
10,843.073411,2.3,0.034056,0.4,0.208300,37.6,21.261000,12.6,O=C1ON=NOC1=O,,[]
10,848.879756,2.4,0.035271,0.6,0.166200,11.4,20.219000,9.6,FC1=NC(=O)ON=N1,,[]
10,855.199404,2.5,0.045968,2.1,0.115100,0.8,18.951000,7.1,O=CC(=O)C=O,,[]
10,951.299343,4.7,0.056396,5.8,0.167300,11.8,17.148000,3.9,FC1=NC=CN=N1,,[]
10,993.370088,6.6,0.034807,0.5,0.155000,7.3,23.797000,25.9,O=C(C#N)C(=O)C#N,,[]
10,1369.256420,41.4,0.100077,45.5,0.090100,0.1,29.533000,75.2,NC=[NH+]C1=NOC=C1[O-],,[]
10,1380.613087,42.6,0.100759,46.6,0.081400,0.0,30.409000,79.5,NC=[NH+]C1=NOC([O-])=C1,,[]
10,1577.996192,62.7,0.126623,65.8,0.095500,0.2,28.254000,65.8,[O-]C1=COC2=C1C[NH2+]C2,,[]
10,1599.184049,64.7,0.126135,65.5,0.103500,0.3,23.509000,24.5,C1=C2C3C4C1C1C2C3N41,,[]
11,395.999894,0.0,0.044749,1.8,0.504800,99.8,6.469000,0.0,C,,[]
11,478.904563,0.1,0.017147,0.0,0.622100,99.9,12.639000,0.4,FC(F)(F)F,,[]
11,605.972721,0.2,0.025718,0.1,0.246900,66.6,13.622000,0.6,O=C1ON=NO1,,[]
11,662.444181,0.3,0.038285,1.1,0.222700,49.7,14.948000,1.1,OC1=NON=N1,,[]
11,670.268597,0.4,0.055410,4.9,0.322200,91.8,12.482000,0.3,CC#C,,[]
11,734.216833,0.6,0.035547,0.8,0.200400,29.5,19.569000,8.5,O=N(=O)C1=NON=N1,,[]
11,783.223440,0.9,0.027023,0.2,0.211300,38.9,17.827000,5.1,N#CC#CC#N,,[]
11,784.640984,1.0,0.059116,6.3,0.271500,76.1,12.360000,0.2,N1C=NN=C1,,[]
11,795.631812,1.1,0.042706,1.3,0.172100,13.0,17.150000,4.0,FC1=CN=NN=N1,,[]
11,798.442427,1.3,0.055704,5.1,0.219100,46.0,15.692000,2.0,O=CNC=O,,[]
11,806.469528,1.5,0.056288,5.7,0.166800,11.0,18.324000,6.3,N=C1N=NNN=N1,,[]
11,831.650856,1.9,0.036304,0.9,0.194700,25.4,18.651000,7.0,O=C(C#C)C#N,,[]
11,839.487194,2.1,0.054510,4.4,0.211800,39.4,16.963000,3.5,CC(=O)C#N,,[]
11,840.596004,2.2,0.058593,6.2,0.251900,68.9,12.040000,0.1,O1C=CN=C1,,[]
11,843.073411,2.3,0.034056,0.5,0.208300,36.3,21.261000,12.7,O=C1ON=NOC1=O,,[]
11,848.879756,2.4,0.035271,0.7,0.166200,10.9,20.219000,9.7,FC1=NC(=O)ON=N1,,[]
11,855.199404,2.5,0.045968,2.0,0.115100,0.8,18.951000,7.3,O=CC(=O)C=O,,[]
11,951.299343,4.6,0.056396,5.8,0.167300,11.3,17.148000,3.9,FC1=NC=CN=N1,,[]
11,993.370088,6.5,0.034807,0.6,0.155000,7.1,23.797000,25.3,O=C(C#N)C(=O)C#N,,[]
11,1369.256420,39.7,0.100077,43.4,0.090100,0.1,29.533000,73.2,NC=[NH+]C1=NOC=C1[O-],,[]
11,1380.613087,40.9,0.100759,44.5,0.081400,0.0,30.409000,77.7,NC=[NH+]C1=NOC([O-])=C1,,[]
11,1577.996192,60.5,0.126623,63.5,0.095500,0.2,28.254000,63.9,[O-]C1=COC2=C1C[NH2+]C2,,[]
11,1599.184049,62.6,0.126135,63.2,0.103500,0.3,23.509000,24.0,C1=C2C3C4C1C1C2C3N41,,[]
12,395.999894,0.0,0.044749,1.7,0.504800,99.8,6.469000,0.0,C,,[]
12,478.904563,0.1,0.017147,0.0,0.622100,99.9,12.639000,0.3,FC(F)(F)F,,[]
12,605.972721,0.2,0.025718,0.1,0.246900,65.7,13.622000,0.6,O=C1ON=NO1,,[]
12,662.444181,0.3,0.038285,1.0,0.222700,48.9,14.948000,1.1,OC1=NON=N1,,[]
12,670.268597,0.3,0.055410,5.1,0.322200,91.9,12.482000,0.3,CC#C,,[]
12,734.216833,0.5,0.035547,0.7,0.200400,29.1,19.569000,8.5,O=N(=O)C1=NON=N1,,[]
12,783.223440,0.9,0.027023,0.2,0.211300,38.3,17.827000,5.4,N#CC#CC#N,,[]
12,784.640984,1.0,0.059116,6.4,0.271500,75.7,12.360000,0.2,N1C=NN=C1,,[]
12,791.514095,1.1,0.054577,4.7,0.177000,15.2,17.525000,5.0,NC(=O)C=O,,[]
12,795.631812,1.2,0.042706,1.2,0.172100,13.1,17.150000,4.1,FC1=CN=NN=N1,,[]
12,798.442427,1.5,0.055704,5.4,0.219100,45.2,15.692000,2.1,O=CNC=O,,[]
12,806.469528,1.7,0.056288,5.9,0.166800,11.1,18.324000,6.4,N=C1N=NNN=N1,,[]
12,831.650856,2.0,0.036304,0.8,0.194700,25.1,18.651000,7.1,O=C(C#C)C#N,,[]
12,839.487194,2.2,0.054510,4.6,0.211800,38.9,16.963000,3.7,CC(=O)C#N,,[]
12,840.596004,2.3,0.058593,6.3,0.251900,68.2,12.040000,0.1,O1C=CN=C1,,[]
12,843.073411,2.3,0.034056,0.4,0.208300,35.8,21.261000,12.5,O=C1ON=NOC1=O,,[]
12,848.879756,2.4,0.035271,0.6,0.166200,10.9,20.219000,9.7,FC1=NC(=O)ON=N1,,[]
12,855.199404,2.5,0.045968,1.9,0.115100,0.7,18.951000,7.4,O=CC(=O)C=O,,[]
12,951.299343,4.6,0.056396,6.0,0.167300,11.4,17.148000,4.0,FC1=NC=CN=N1,,[]
12,993.370088,6.4,0.034807,0.5,0.155000,7.4,23.797000,24.7,O=C(C#N)C(=O)C#N,,[]
12,1066.584128,10.2,0.076740,19.7,0.198200,27.5,15.146000,1.2,C1=CN=CC=N1,,[]
12,1369.256420,38.3,0.100077,41.9,0.090100,0.1,29.533000,71.6,NC=[NH+]C1=NOC=C1[O-],,[]
12,1380.613087,39.4,0.100759,42.9,0.081400,0.0,30.409000,75.9,NC=[NH+]C1=NOC([O-])=C1,,[]
12,1577.996192,58.8,0.126623,62.3,0.095500,0.2,28.254000,62.6,[O-]C1=COC2=C1C[NH2+]C2,,[]
12,1599.184049,60.8,0.126135,62.1,0.103500,0.3,23.509000,23.5,C1=C2C3C4C1C1C2C3N41,,[]
13,395.999894,0.0,0.044749,1.8,0.504800,99.8,6.469000,0.0,C,,[]
13,478.904563,0.1,0.017147,0.0,0.622100,99.9,12.639000,0.6,FC(F)(F)F,,[]
13,585.659612,0.2,0.027259,0.3,0.255900,67.6,12.930000,0.6,C#CC#N,,[]
13,605.972721,0.2,0.025718,0.1,0.246900,63.8,13.622000,0.9,O=C1ON=NO1,,[]
13,662.444181,0.3,0.038285,1.0,0.222700,47.1,14.948000,1.6,OC1=NON=N1,,[]
13,670.268597,0.4,0.055410,5.0,0.322200,91.5,12.482000,0.4,CC#C,,[]
13,709.174812,0.6,0.046608,2.0,0.271900,74.4,11.003000,0.1,O1C=NC=N1,,[]
13,733.444996,0.7,0.060508,7.0,0.219600,44.5,14.780000,1.4,OCC=O,,[]
13,734.216833,0.8,0.035547,0.7,0.200400,27.7,19.569000,8.6,O=N(=O)C1=NON=N1,,[]
13,783.223440,1.1,0.027023,0.2,0.211300,36.5,17.827000,5.8,N#CC#CC#N,,[]
13,784.640984,1.3,0.059116,6.4,0.271500,74.2,12.360000,0.3,N1C=NN=C1,,[]
13,791.514095,1.4,0.054577,4.6,0.177000,14.6,17.525000,5.2,NC(=O)C=O,,[]
13,795.631812,1.4,0.042706,1.2,0.172100,12.6,17.150000,4.3,FC1=CN=NN=N1,,[]
13,798.442427,1.7,0.055704,5.4,0.219100,43.5,15.692000,2.5,O=CNC=O,,[]
13,806.469528,1.9,0.056288,5.8,0.166800,10.8,18.324000,6.7,N=C1N=NNN=N1,,[]
13,831.650856,2.2,0.036304,0.8,0.194700,23.8,18.651000,7.4,O=C(C#C)C#N,,[]
13,839.487194,2.4,0.054510,4.6,0.211800,37.0,16.963000,3.9,CC(=O)C#N,,[]
13,840.596004,2.5,0.058593,6.3,0.251900,66.3,12.040000,0.2,O1C=CN=C1,,[]
13,843.073411,2.6,0.034056,0.5,0.208300,34.0,21.261000,12.5,O=C1ON=NOC1=O,,[]
13,848.879756,2.6,0.035271,0.6,0.166200,10.6,20.219000,9.7,FC1=NC(=O)ON=N1,,[]
13,855.199404,2.7,0.045968,1.9,0.115100,0.6,18.951000,7.6,O=CC(=O)C=O,,[]
13,911.151914,3.8,0.057220,6.1,0.159400,8.6,17.665000,5.4,O=C1NN=NC=N1,,[]
13,951.299343,4.8,0.056396,5.9,0.167300,11.0,17.148000,4.2,FC1=NC=CN=N1,,[]
13,993.370088,6.6,0.034807,0.6,0.155000,7.1,23.797000,23.8,O=C(C#N)C(=O)C#N,,[]
13,1066.584128,10.2,0.076740,18.9,0.198200,26.1,15.146000,1.7,C1=CN=CC=N1,,[]
13,1369.256420,36.6,0.100077,39.8,0.090100,0.1,29.533000,70.2,NC=[NH+]C1=NOC=C1[O-],,[]
13,1380.613087,37.6,0.100759,40.7,0.081400,0.0,30.409000,74.6,NC=[NH+]C1=NOC([O-])=C1,,[]
13,1577.996192,56.5,0.126623,60.0,0.095500,0.2,28.254000,61.0,[O-]C1=COC2=C1C[NH2+]C2,,[]
13,1599.184049,58.5,0.126135,59.7,0.103500,0.2,23.509000,22.7,C1=C2C3C4C1C1C2C3N41,,[]
14,395.999894,0.0,0.044749,1.9,0.504800,99.9,6.469000,0.0,C,,[]
14,478.904563,0.1,0.017147,0.0,0.622100,99.9,12.639000,0.6,FC(F)(F)F,,[]
14,585.659612,0.1,0.027259,0.3,0.255900,66.2,12.930000,0.7,C#CC#N,,[]
14,605.972721,0.2,0.025718,0.1,0.246900,62.3,13.622000,0.9,O=C1ON=NO1,,[]
14,662.444181,0.3,0.038285,1.0,0.222700,46.1,14.948000,1.6,OC1=NON=N1,,[]
14,670.268597,0.4,0.055410,5.0,0.322200,91.3,12.482000,0.4,CC#C,,[]
14,709.174812,0.5,0.046608,2.1,0.271900,73.3,11.003000,0.1,O1C=NC=N1,,[]
14,733.444996,0.7,0.060508,6.8,0.219600,43.6,14.780000,1.3,OCC=O,,[]
14,734.216833,0.8,0.035547,0.7,0.200400,27.0,19.569000,8.7,O=N(=O)C1=NON=N1,,[]
14,770.302392,1.1,0.043303,1.6,0.209900,34.4,17.092000,4.1,O=CN1N=NN=N1,,[]
14,783.223440,1.2,0.027023,0.1,0.211300,35.8,17.827000,5.8,N#CC#CC#N,,[]
14,784.640984,1.3,0.059116,6.2,0.271500,73.0,12.360000,0.4,N1C=NN=C1,,[]
14,791.514095,1.4,0.054577,4.6,0.177000,14.3,17.525000,5.3,NC(=O)C=O,,[]
14,795.631812,1.5,0.042706,1.2,0.172100,12.4,17.150000,4.4,FC1=CN=NN=N1,,[]
14,798.442427,1.7,0.055704,5.3,0.219100,42.7,15.692000,2.5,O=CNC=O,,[]
14,806.469528,2.0,0.056288,5.7,0.166800,10.7,18.324000,6.8,N=C1N=NNN=N1,,[]
14,826.149481,2.3,0.042699,1.1,0.154300,6.7,17.906000,6.0,O=C1ON=NC=N1,,[]
14,831.650856,2.4,0.036304,0.7,0.194700,23.4,18.651000,7.4,O=C(C#C)C#N,,[]
14,839.487194,2.5,0.054510,4.5,0.211800,36.3,16.963000,4.0,CC(=O)C#N,,[]
14,840.596004,2.6,0.058593,6.1,0.251900,64.9,12.040000,0.3,O1C=CN=C1,,[]
14,843.073411,2.7,0.034056,0.4,0.208300,33.3,21.261000,12.5,O=C1ON=NOC1=O,,[]
14,848.879756,2.7,0.035271,0.6,0.166200,10.4,20.219000,9.7,FC1=NC(=O)ON=N1,,[]
14,855.199404,2.8,0.045968,2.0,0.115100,0.7,18.951000,7.6,O=CC(=O)C=O,,[]
14,911.151914,3.9,0.057220,5.9,0.159400,8.6,17.665000,5.4,O=C1NN=NC=N1,,[]
14,951.299343,4.7,0.056396,5.8,0.167300,10.9,17.148000,4.4,FC1=NC=CN=N1,,[]
14,993.370088,6.6,0.034807,0.5,0.155000,7.0,23.797000,23.3,O=C(C#N)C(=O)C#N,,[]
14,1048.572724,9.0,0.076104,17.4,0.182600,16.9,15.478000,2.0,C1=CN=NC=C1,,[]
14,1066.584128,10.1,0.076740,18.1,0.198200,25.6,15.146000,1.6,C1=CN=CC=N1,,[]
14,1369.256420,35.3,0.100077,38.2,0.090100,0.1,29.533000,68.3,NC=[NH+]C1=NOC=C1[O-],,[]
14,1380.613087,36.2,0.100759,39.0,0.081400,0.0,30.409000,72.4,NC=[NH+]C1=NOC([O-])=C1,,[]
14,1577.996192,54.5,0.126623,57.9,0.095500,0.1,28.254000,59.1,[O-]C1=COC2=C1C[NH2+]C2,,[]
14,1599.184049,56.5,0.126135,57.6,0.103500,0.2,23.509000,22.2,C1=C2C3C4C1C1C2C3N41,,[]
15,213.087785,0.0,0.021375,0.1,0.361500,98.4,6.002000,0.0,O,,[]
15,478.904563,0.1,0.017147,0.0,0.622100,99.9,12.639000,0.7,FC(F)(F)F,,[]
15,585.659612,0.2,0.027259,0.3,0.255900,66.8,12.930000,0.8,C#CC#N,,[]
15,605.972721,0.3,0.025718,0.1,0.246900,63.0,13.622000,1.0,O=C1ON=NO1,,[]
15,662.444181,0.3,0.038285,1.0,0.222700,46.3,14.948000,1.7,OC1=NON=N1,,[]
15,670.268597,0.4,0.055410,5.0,0.322200,91.5,12.482000,0.6,CC#C,,[]
15,709.174812,0.6,0.046608,2.0,0.271900,73.9,11.003000,0.1,O1C=NC=N1,,[]
15,733.444996,0.8,0.060508,6.8,0.219600,43.8,14.780000,1.4,OCC=O,,[]
15,734.216833,0.8,0.035547,0.7,0.200400,27.0,19.569000,8.8,O=N(=O)C1=NON=N1,,[]
15,770.302392,1.2,0.043303,1.5,0.209900,34.6,17.092000,4.3,O=CN1N=NN=N1,,[]
15,783.223440,1.2,0.027023,0.2,0.211300,35.9,17.827000,5.9,N#CC#CC#N,,[]
15,784.640984,1.4,0.059116,6.2,0.271500,73.7,12.360000,0.4,N1C=NN=C1,,[]
15,791.514095,1.5,0.054577,4.6,0.177000,14.3,17.525000,5.4,NC(=O)C=O,,[]
15,795.631812,1.6,0.042706,1.2,0.172100,12.4,17.150000,4.7,FC1=CN=NN=N1,,[]
15,798.442427,1.8,0.055704,5.2,0.219100,42.9,15.692000,2.6,O=CNC=O,,[]
15,806.469528,2.1,0.056288,5.7,0.166800,10.6,18.324000,6.9,N=C1N=NNN=N1,,[]
15,826.149481,2.4,0.042699,1.1,0.154300,6.8,17.906000,6.1,O=C1ON=NC=N1,,[]
15,831.650856,2.5,0.036304,0.8,0.194700,23.3,18.651000,7.4,O=C(C#C)C#N,,[]
15,839.487194,2.6,0.054510,4.5,0.211800,36.5,16.963000,4.2,CC(=O)C#N,,[]
15,840.596004,2.7,0.058593,6.1,0.251900,65.6,12.040000,0.3,O1C=CN=C1,,[]
15,843.073411,2.8,0.034056,0.5,0.208300,33.4,21.261000,12.8,O=C1ON=NOC1=O,,[]
15,848.879756,2.8,0.035271,0.6,0.166200,10.4,20.219000,9.9,FC1=NC(=O)ON=N1,,[]
15,855.199404,3.0,0.045968,1.9,0.115100,0.6,18.951000,7.7,O=CC(=O)C=O,,[]
15,911.151914,4.1,0.057220,5.9,0.159400,8.6,17.665000,5.6,O=C1NN=NC=N1,,[]
15,951.299343,5.0,0.056396,5.7,0.167300,10.8,17.148000,4.6,FC1=NC=CN=N1,,[]
15,993.370088,6.9,0.034807,0.6,0.155000,7.1,23.797000,23.8,O=C(C#N)C(=O)C#N,,[]
15,1048.572724,9.4,0.076104,17.8,0.182600,17.0,15.478000,2.1,C1=CN=NC=C1,,[]
15,1066.584128,10.4,0.076740,18.5,0.198200,25.5,15.146000,1.8,C1=CN=CC=N1,,[]
15,1369.256420,35.3,0.100077,38.2,0.090100,0.1,29.533000,68.6,NC=[NH+]C1=NOC=C1[O-],,[]
15,1380.613087,36.3,0.100759,39.0,0.081400,0.0,30.409000,72.8,NC=[NH+]C1=NOC([O-])=C1,,[]
15,1577.996192,55.0,0.126623,58.3,0.095500,0.1,28.254000,59.3,[O-]C1=COC2=C1C[NH2+]C2,,[]
15,1599.184049,57.1,0.126135,57.9,0.103500,0.2,23.509000,22.7,C1=C2C3C4C1C1C2C3N41,,[]
16,213.087785,0.0,0.021375,0.1,0.361500,98.5,6.002000,0.0,O,,[]
16,478.904563,0.1,0.017147,0.0,0.622100,99.9,12.639000,0.8,FC(F)(F)F,,[]
16,585.659612,0.2,0.027259,0.3,0.255900,67.4,12.930000,0.8,C#CC#N,,[]
16,605.972721,0.3,0.025718,0.1,0.246900,63.7,13.622000,1.2,O=C1ON=NO1,,[]
16,662.444181,0.3,0.038285,0.9,0.222700,47.2,14.948000,1.8,OC1=NON=N1,,[]
16,670.268597,0.4,0.055410,4.7,0.322200,91.7,12.482000,0.6,CC#C,,[]
16,709.174812,0.5,0.046608,1.9,0.271900,74.2,11.003000,0.1,O1C=NC=N1,,[]
16,730.411615,0.7,0.050629,2.7,0.203800,29.8,16.477000,3.3,NC1=NON=N1,,[]
16,733.444996,0.8,0.060508,6.6,0.219600,44.6,14.780000,1.5,OCC=O,,[]
16,734.216833,0.9,0.035547,0.6,0.200400,27.1,19.569000,8.6,O=N(=O)C1=NON=N1,,[]
16,770.302392,1.3,0.043303,1.4,0.209900,35.2,17.092000,4.4,O=CN1N=NN=N1,,[]
16,783.223440,1.4,0.027023,0.2,0.211300,36.6,17.827000,5.9,N#CC#CC#N,,[]
16,784.640984,1.5,0.059116,6.0,0.271500,73.9,12.360000,0.5,N1C=NN=C1,,[]
16,791.514095,1.7,0.054577,4.3,0.177000,14.4,17.525000,5.5,NC(=O)C=O,,[]
16,795.631812,1.7,0.042706,1.1,0.172100,12.4,17.150000,4.8,FC1=CN=NN=N1,,[]
16,798.442427,1.9,0.055704,5.0,0.219100,43.7,15.692000,2.7,O=CNC=O,,[]
16,806.469528,2.2,0.056288,5.4,0.166800,10.5,18.324000,6.8,N=C1N=NNN=N1,,[]
16,826.149481,2.5,0.042699,1.0,0.154300,6.9,17.906000,6.1,O=C1ON=NC=N1,,[]
16,831.650856,2.6,0.036304,0.7,0.194700,23.5,18.651000,7.4,O=C(C#C)C#N,,[]
16,840.596004,2.8,0.058593,5.8,0.251900,66.2,12.040000,0.3,O1C=CN=C1,,[]
16,843.073411,2.9,0.034056,0.5,0.208300,33.8,21.261000,12.5,O=C1ON=NOC1=O,,[]
16,848.879756,3.0,0.035271,0.6,0.166200,10.3,20.219000,9.7,FC1=NC(=O)ON=N1,,[]
16,855.199404,3.1,0.045968,1.8,0.115100,0.6,18.951000,7.5,O=CC(=O)C=O,,[]
16,911.151914,4.1,0.057220,5.6,0.159400,8.6,17.665000,5.6,O=C1NN=NC=N1,,[]
16,951.299343,5.0,0.056396,5.4,0.167300,10.7,17.148000,4.6,FC1=NC=CN=N1,,[]
16,993.370088,6.8,0.034807,0.5,0.155000,7.2,23.797000,23.2,O=C(C#N)C(=O)C#N,,[]
16,1048.572724,9.2,0.076104,17.4,0.182600,17.1,15.478000,2.3,C1=CN=NC=C1,,[]
16,1066.584128,10.2,0.076740,18.0,0.198200,25.7,15.146000,1.9,C1=CN=CC=N1,,[]
16,1369.256420,34.1,0.100077,37.0,0.090100,0.1,29.533000,67.5,NC=[NH+]C1=NOC=C1[O-],,[]
16,1380.613087,35.0,0.100759,37.9,0.081400,0.0,30.409000,71.8,NC=[NH+]C1=NOC([O-])=C1,,[]
16,1577.996192,53.9,0.126623,57.4,0.095500,0.1,28.254000,57.9,[O-]C1=COC2=C1C[NH2+]C2,,[]
16,1599.184049,56.0,0.126135,57.0,0.103500,0.2,23.509000,22.1,C1=C2C3C4C1C1C2C3N41,,[]
17,213.087785,0.0,0.021375,0.1,0.361500,98.5,6.002000,0.0,O,,[]
17,478.904563,0.1,0.017147,0.0,0.622100,99.9,12.639000,0.8,FC(F)(F)F,,[]
17,562.327555,0.2,0.033459,0.5,0.256300,68.1,10.694000,0.1,O1N=CN=N1,,[]
17,585.659612,0.2,0.027259,0.4,0.255900,67.8,12.930000,0.8,C#CC#N,,[]
17,605.972721,0.3,0.025718,0.2,0.246900,63.8,13.622000,1.2,O=C1ON=NO1,,[]
17,660.735473,0.4,0.028773,0.4,0.148500,4.8,18.268000,6.7,O=C1N=NON=N1,,[]
17,662.444181,0.4,0.038285,1.0,0.222700,47.3,14.948000,1.9,OC1=NON=N1,,[]
17,730.411615,0.8,0.050629,2.8,0.203800,29.8,16.477000,3.3,NC1=NON=N1,,[]
17,733.444996,0.8,0.060508,6.6,0.219600,44.6,14.780000,1.6,OCC=O,,[]
17,740.670140,1.0,0.025540,0.1,0.197700,25.6,16.955000,4.1,O=C(C#N)C#N,,[]
17,791.514095,1.8,0.054577,4.3,0.177000,14.5,17.525000,5.5,NC(=O)C=O,,[]
17,795.631812,1.8,0.042706,1.2,0.172100,12.4,17.150000,4.7,FC1=CN=NN=N1,,[]
17,798.442427,2.0,0.055704,5.0,0.219100,43.8,15.692000,2.7,O=CNC=O,,[]
17,826.149481,2.5,0.042699,1.2,0.154300,7.0,17.906000,6.1,O=C1ON=NC=N1,,[]
17,840.596004,2.8,0.058593,5.8,0.251900,66.5,12.040000,0.4,O1C=CN=C1,,[]
17,855.199404,3.1,0.045968,1.9,0.115100,0.7,18.951000,7.6,O=CC(=O)C=O,,[]
17,911.151914,4.1,0.057220,5.6,0.159400,8.6,17.665000,5.6,O=C1NN=NC=N1,,[]
17,951.299343,4.9,0.056396,5.5,0.167300,10.7,17.148000,4.6,FC1=NC=CN=N1,,[]
17,954.669068,5.2,0.065246,10.1,0.221400,46.3,14.209000,1.4,C1=NC=NC=N1,,[]
17,1048.572724,9.2,0.076104,17.3,0.182600,17.1,15.478000,2.3,C1=CN=NC=C1,,[]
17,1066.584128,10.1,0.076740,17.9,0.198200,25.8,15.146000,2.0,C1=CN=CC=N1,,[]
17,1369.256420,33.8,0.100077,36.8,0.090100,0.1,29.533000,67.8,NC=[NH+]C1=NOC=C1[O-],,[]
17,1380.613087,34.6,0.100759,37.8,0.081400,0.0,30.409000,72.2,NC=[NH+]C1=NOC([O-])=C1,,[]
17,1577.996192,53.9,0.126623,57.7,0.095500,0.1,28.254000,58.0,[O-]C1=COC2=C1C[NH2+]C2,,[]
17,1599.184049,56.2,0.126135,57.3,0.103500,0.2,23.509000,22.1,C1=C2C3C4C1C1C2C3N41,,[]
18,213.087785,0.0,0.021375,0.1,0.361500,98.5,6.002000,0.0,O,,[]
18,478.904563,0.1,0.017147,0.0,0.622100,99.9,12.639000,0.9,FC(F)(F)F,,[]
18,562.327555,0.2,0.033459,0.6,0.256300,67.8,10.694000,0.1,O1N=CN=N1,,[]
18,585.659612,0.2,0.027259,0.3,0.255900,67.5,12.930000,0.9,C#CC#N,,[]
18,605.972721,0.3,0.025718,0.2,0.246900,63.4,13.622000,1.3,O=C1ON=NO1,,[]
18,660.735473,0.3,0.028773,0.4,0.148500,5.0,18.268000,6.8,O=C1N=NON=N1,,[]
18,662.444181,0.4,0.038285,1.0,0.222700,47.0,14.948000,1.9,OC1=NON=N1,,[]
18,730.411615,0.7,0.050629,2.7,0.203800,29.7,16.477000,3.5,NC1=NON=N1,,[]
18,733.444996,0.8,0.060508,6.4,0.219600,44.5,14.780000,1.7,OCC=O,,[]
18,740.670140,1.0,0.025540,0.1,0.197700,25.5,16.955000,4.3,O=C(C#N)C#N,,[]
18,752.023669,1.0,0.031734,0.5,0.229500,52.6,16.954000,4.3,N#CC1=NON=N1,,[]
18,791.514095,1.8,0.054577,4.1,0.177000,14.5,17.525000,5.7,NC(=O)C=O,,[]
18,795.631812,1.9,0.042706,1.2,0.172100,12.4,17.150000,4.9,FC1=CN=NN=N1,,[]
18,798.442427,2.1,0.055704,4.9,0.219100,43.8,15.692000,2.9,O=CNC=O,,[]
18,826.149481,2.6,0.042699,1.1,0.154300,7.1,17.906000,6.3,O=C1ON=NC=N1,,[]
18,840.596004,2.9,0.058593,5.6,0.251900,66.2,12.040000,0.4,O1C=CN=C1,,[]
18,855.199404,3.2,0.045968,1.8,0.115100,0.7,18.951000,7.7,O=CC(=O)C=O,,[]
18,911.151914,4.1,0.057220,5.4,0.159400,8.9,17.665000,5.8,O=C1NN=NC=N1,,[]
18,951.299343,4.9,0.056396,5.3,0.167300,10.9,17.148000,4.8,FC1=NC=CN=N1,,[]
18,954.669068,5.3,0.065246,9.8,0.221400,46.1,14.209000,1.5,C1=NC=NC=N1,,[]
18,1048.572724,9.0,0.076104,16.6,0.182600,17.0,15.478000,2.3,C1=CN=NC=C1,,[]
18,1066.584128,9.9,0.076740,17.3,0.198200,25.7,15.146000,2.1,C1=CN=CC=N1,,[]
18,1369.256420,32.7,0.100077,35.8,0.090100,0.1,29.533000,67.0,NC=[NH+]C1=NOC=C1[O-],,[]
18,1380.613087,33.5,0.100759,36.7,0.081400,0.0,30.409000,71.4,NC=[NH+]C1=NOC([O-])=C1,,[]
18,1577.996192,52.7,0.126623,56.7,0.095500,0.1,28.254000,57.3,[O-]C1=COC2=C1C[NH2+]C2,,[]
18,1599.184049,55.0,0.126135,56.4,0.103500,0.2,23.509000,21.5,C1=C2C3C4C1C1C2C3N41,,[]
19,213.087785,0.0,0.021375,0.1,0.361500,98.5,6.002000,0.0,O,,[]
19,385.502288,0.1,0.026841,0.2,0.335100,95.1,8.574000,0.1,C#C,,[]
19,478.904563,0.2,0.017147,0.0,0.622100,99.9,12.639000,1.0,FC(F)(F)F,,[]
19,562.327555,0.3,0.033459,0.6,0.256300,67.4,10.694000,0.3,O1N=CN=N1,,[]
19,585.659612,0.3,0.027259,0.4,0.255900,67.1,12.930000,1.0,C#CC#N,,[]
19,605.972721,0.4,0.025718,0.2,0.246900,63.0,13.622000,1.4,O=C1ON=NO1,,[]
19,660.735473,0.5,0.028773,0.4,0.148500,4.9,18.268000,6.9,O=C1N=NON=N1,,[]
19,662.444181,0.5,0.038285,1.1,0.222700,47.0,14.948000,2.1,OC1=NON=N1,,[]
19,730.411615,0.9,0.050629,2.7,0.203800,29.8,16.477000,3.6,NC1=NON=N1,,[]
19,733.444996,0.9,0.060508,6.5,0.219600,44.4,14.780000,1.8,OCC=O,,[]
19,740.670140,1.1,0.025540,0.1,0.197700,25.4,16.955000,4.4,O=C(C#N)C#N,,[]
19,752.023669,1.1,0.031734,0.5,0.229500,52.4,16.954000,4.3,N#CC1=NON=N1,,[]
19,791.514095,1.9,0.054577,4.1,0.177000,14.4,17.525000,5.6,NC(=O)C=O,,[]
19,795.631812,2.0,0.042706,1.3,0.172100,12.2,17.150000,4.9,FC1=CN=NN=N1,,[]
19,798.442427,2.2,0.055704,4.9,0.219100,43.7,15.692000,3.0,O=CNC=O,,[]
19,826.149481,2.7,0.042699,1.2,0.154300,7.0,17.906000,6.3,O=C1ON=NC=N1,,[]
19,838.275474,2.9,0.037020,1.0,0.184300,17.6,17.930000,6.4,O=CC#CC#N,,[]
19,840.596004,3.0,0.058593,5.7,0.251900,65.8,12.040000,0.5,O1C=CN=C1,,[]
19,855.199404,3.3,0.045968,1.9,0.115100,0.6,18.951000,7.7,O=CC(=O)C=O,,[]
19,911.151914,4.2,0.057220,5.5,0.159400,8.8,17.665000,5.8,O=C1NN=NC=N1,,[]
19,951.299343,5.0,0.056396,5.3,0.167300,10.7,17.148000,4.8,FC1=NC=CN=N1,,[]
19,954.669068,5.3,0.065246,9.8,0.221400,46.1,14.209000,1.6,C1=NC=NC=N1,,[]
19,1048.572724,9.0,0.076104,16.3,0.182600,16.9,15.478000,2.5,C1=CN=NC=C1,,[]
19,1066.584128,9.9,0.076740,16.9,0.198200,25.6,15.146000,2.2,C1=CN=CC=N1,,[]
19,1369.256420,32.1,0.100077,35.4,0.090100,0.1,29.533000,65.9,NC=[NH+]C1=NOC=C1[O-],,[]
19,1380.613087,32.9,0.100759,36.3,0.081400,0.0,30.409000,70.3,NC=[NH+]C1=NOC([O-])=C1,,[]
19,1577.996192,52.0,0.126623,55.7,0.095500,0.1,28.254000,56.5,[O-]C1=COC2=C1C[NH2+]C2,,[]
19,1599.184049,54.3,0.126135,55.4,0.103500,0.2,23.509000,21.1,C1=C2C3C4C1C1C2C3N41,,[]
20,213.087785,0.0,0.021375,0.1,0.361500,98.5,6.002000,0.0,O,,[]
20,385.502288,0.1,0.026841,0.2,0.335100,95.3,8.574000,0.1,C#C,,[]
20,478.904563,0.2,0.017147,0.0,0.622100,99.9,12.639000,1.0,FC(F)(F)F,,[]
20,562.327555,0.3,0.033459,0.6,0.256300,67.1,10.694000,0.3,O1N=CN=N1,,[]
20,585.659612,0.3,0.027259,0.4,0.255900,66.9,12.930000,1.1,C#CC#N,,[]
20,605.972721,0.4,0.025718,0.2,0.246900,63.0,13.622000,1.4,O=C1ON=NO1,,[]
20,612.158710,0.4,0.036943,0.9,0.155500,7.7,12.147000,0.7,O=CC=O,,[]
20,660.735473,0.5,0.028773,0.4,0.148500,5.0,18.268000,6.9,O=C1N=NON=N1,,[]
20,740.670140,1.1,0.025540,0.1,0.197700,25.7,16.955000,4.4,O=C(C#N)C#N,,[]
20,752.023669,1.1,0.031734,0.5,0.229500,52.7,16.954000,4.4,N#CC1=NON=N1,,[]
20,826.149481,2.7,0.042699,1.2,0.154300,7.2,17.906000,6.4,O=C1ON=NC=N1,,[]
20,840.596004,3.0,0.058593,5.7,0.251900,65.6,12.040000,0.5,O1C=CN=C1,,[]
20,855.199404,3.3,0.045968,1.8,0.115100,0.7,18.951000,7.7,O=CC(=O)C=O,,[]
20,1369.256420,31.5,0.100077,34.8,0.090100,0.1,29.533000,65.7,NC=[NH+]C1=NOC=C1[O-],,[]
20,1380.613087,32.3,0.100759,35.7,0.081400,0.0,30.409000,70.0,NC=[NH+]C1=NOC([O-])=C1,,[]
20,1577.996192,52.2,0.126623,56.0,0.095500,0.1,28.254000,56.1,[O-]C1=COC2=C1C[NH2+]C2,,[]
20,1599.184049,54.5,0.126135,55.6,0.103500,0.2,23.509000,21.3,C1=C2C3C4C1C1C2C3N41,,[]
21,213.087785,0.0,0.021375,0.0,0.361500,98.5,6.002000,0.0,O,,[]
21,385.502288,0.0,0.026841,0.2,0.335100,95.2,8.574000,0.1,C#C,,[]
21,478.904563,0.1,0.017147,0.0,0.622100,100.0,12.639000,1.1,FC(F)(F)F,,[]
21,562.327555,0.2,0.033459,0.5,0.256300,66.8,10.694000,0.2,O1N=CN=N1,,[]
21,585.659612,0.3,0.027259,0.3,0.255900,66.5,12.930000,1.1,C#CC#N,,[]
21,605.972721,0.4,0.025718,0.1,0.246900,62.4,13.622000,1.5,O=C1ON=NO1,,[]
21,612.158710,0.4,0.036943,0.9,0.155500,7.7,12.147000,0.7,O=CC=O,,[]
21,645.328861,0.5,0.055355,4.5,0.234200,54.5,11.219000,0.5,CC=O,,[]
21,660.735473,0.6,0.028773,0.4,0.148500,5.0,18.268000,7.0,O=C1N=NON=N1,,[]
21,740.670140,1.2,0.025540,0.1,0.197700,25.3,16.955000,4.5,O=C(C#N)C#N,,[]
21,752.023669,1.2,0.031734,0.4,0.229500,51.9,16.954000,4.4,N#CC1=NON=N1,,[]
21,826.149481,2.7,0.042699,1.3,0.154300,7.1,17.906000,6.4,O=C1ON=NC=N1,,[]
21,855.199404,3.3,0.045968,1.9,0.115100,0.7,18.951000,7.9,O=CC(=O)C=O,,[]
21,1355.687155,30.0,0.096036,31.4,0.111100,0.5,26.008000,36.7,[NH2+]=C1O[CH-]C(=O)C=C1,,[]
21,1369.256420,31.0,0.100077,34.2,0.090100,0.0,29.533000,65.1,NC=[NH+]C1=NOC=C1[O-],,[]
21,1380.613087,31.7,0.100759,35.1,0.081400,0.0,30.409000,69.4,NC=[NH+]C1=NOC([O-])=C1,,[]
21,1577.996192,51.5,0.126623,55.5,0.095500,0.1,28.254000,55.6,[O-]C1=COC2=C1C[NH2+]C2,,[]
21,1599.184049,53.8,0.126135,55.1,0.103500,0.2,23.509000,21.1,C1=C2C3C4C1C1C2C3N41,,[]
22,213.087785,0.0,0.021375,0.0,0.361500,98.4,6.002000,0.0,O,,[]
22,385.502288,0.0,0.026841,0.2,0.335100,95.3,8.574000,0.1,C#C,,[]
22,478.904563,0.1,0.017147,0.0,0.622100,100.0,12.639000,1.1,FC(F)(F)F,,[]
22,562.327555,0.2,0.033459,0.5,0.256300,66.7,10.694000,0.3,O1N=CN=N1,,[]
22,585.659612,0.3,0.027259,0.3,0.255900,66.5,12.930000,1.1,C#CC#N,,[]
22,605.972721,0.4,0.025718,0.1,0.246900,62.5,13.622000,1.4,O=C1ON=NO1,,[]
22,612.158710,0.4,0.036943,1.0,0.155500,7.6,12.147000,0.7,O=CC=O,,[]
22,645.328861,0.6,0.055355,4.5,0.234200,54.4,11.219000,0.6,CC=O,,[]
22,660.735473,0.6,0.028773,0.4,0.148500,4.9,18.268000,6.9,O=C1N=NON=N1,,[]
22,740.670140,1.2,0.025540,0.1,0.197700,25.3,16.955000,4.4,O=C(C#N)C#N,,[]
22,752.023669,1.2,0.031734,0.4,0.229500,51.9,16.954000,4.3,N#CC1=NON=N1,,[]
22,826.149481,2.7,0.042699,1.3,0.154300,7.0,17.906000,6.2,O=C1ON=NC=N1,,[]
22,855.199404,3.3,0.045968,1.9,0.115100,0.7,18.951000,7.7,O=CC(=O)C=O,,[]
22,1355.687155,29.4,0.096036,30.9,0.111100,0.5,26.008000,36.4,[NH2+]=C1O[CH-]C(=O)C=C1,,[]
22,1369.256420,30.5,0.100077,33.8,0.090100,0.0,29.533000,64.5,NC=[NH+]C1=NOC=C1[O-],,[]
22,1380.613087,31.2,0.100759,34.6,0.081400,0.0,30.409000,68.9,NC=[NH+]C1=NOC([O-])=C1,,[]
22,1577.996192,51.3,0.126623,55.6,0.095500,0.1,28.254000,55.0,[O-]C1=COC2=C1C[NH2+]C2,,[]
22,1599.184049,53.7,0.126135,55.2,0.103500,0.2,23.509000,20.8,C1=C2C3C4C1C1C2C3N41,,[]
23,213.087785,0.0,0.021375,0.0,0.361500,98.5,6.002000,0.0,O,,[]
23,385.502288,0.0,0.026841,0.2,0.335100,95.3,8.574000,0.1,C#C,,[]
23,478.904563,0.1,0.017147,0.0,0.622100,100.0,12.639000,1.1,FC(F)(F)F,,[]
23,562.327555,0.2,0.033459,0.5,0.256300,66.5,10.694000,0.3,O1N=CN=N1,,[]
23,585.659612,0.3,0.027259,0.4,0.255900,66.2,12.930000,1.2,C#CC#N,,[]
23,605.972721,0.4,0.025718,0.1,0.246900,62.3,13.622000,1.5,O=C1ON=NO1,,[]
23,612.158710,0.4,0.036943,1.0,0.155500,7.7,12.147000,0.8,O=CC=O,,[]
23,645.328861,0.6,0.055355,4.4,0.234200,54.3,11.219000,0.5,CC=O,,[]
23,660.735473,0.6,0.028773,0.4,0.148500,5.1,18.268000,6.9,O=C1N=NON=N1,,[]
23,740.670140,1.2,0.025540,0.1,0.197700,25.2,16.955000,4.4,O=C(C#N)C#N,,[]
23,752.023669,1.2,0.031734,0.4,0.229500,51.7,16.954000,4.4,N#CC1=NON=N1,,[]
23,826.149481,2.7,0.042699,1.4,0.154300,7.2,17.906000,6.2,O=C1ON=NC=N1,,[]
23,855.199404,3.4,0.045968,1.9,0.115100,0.7,18.951000,7.7,O=CC(=O)C=O,,[]
23,1355.687155,29.0,0.096036,30.4,0.111100,0.5,26.008000,36.2,[NH2+]=C1O[CH-]C(=O)C=C1,,[]
23,1369.256420,30.0,0.100077,33.3,0.090100,0.0,29.533000,64.2,NC=[NH+]C1=NOC=C1[O-],,[]
23,1380.613087,30.7,0.100759,34.1,0.081400,0.0,30.409000,68.7,NC=[NH+]C1=NOC([O-])=C1,,[]
23,1577.996192,50.9,0.126623,55.3,0.095500,0.1,28.254000,54.6,[O-]C1=COC2=C1C[NH2+]C2,,[]
23,1599.184049,53.4,0.126135,54.9,0.103500,0.2,23.509000,20.5,C1=C2C3C4C1C1C2C3N41,,[]
24,213.087785,0.0,0.021375,0.0,0.361500,98.4,6.002000,0.0,O,,[]
24,385.502288,0.0,0.026841,0.3,0.335100,95.4,8.574000,0.1,C#C,,[]
24,478.904563,0.1,0.017147,0.0,0.622100,100.0,12.639000,1.2,FC(F)(F)F,,[]
24,551.957961,0.2,0.026540,0.2,0.206600,31.3,11.329000,0.6,O=CC#N,,[]
24,562.327555,0.3,0.033459,0.6,0.256300,65.9,10.694000,0.3,O1N=CN=N1,,[]
24,605.972721,0.4,0.025718,0.1,0.246900,61.8,13.622000,1.6,O=C1ON=NO1,,[]
24,612.158710,0.5,0.036943,1.0,0.155500,7.8,12.147000,0.9,O=CC=O,,[]
24,645.328861,0.6,0.055355,4.5,0.234200,53.8,11.219000,0.6,CC=O,,[]
24,660.735473,0.6,0.028773,0.4,0.148500,5.1,18.268000,6.9,O=C1N=NON=N1,,[]
24,740.670140,1.2,0.025540,0.1,0.197700,25.0,16.955000,4.5,O=C(C#N)C#N,,[]
24,826.149481,2.8,0.042699,1.4,0.154300,7.2,17.906000,6.3,O=C1ON=NC=N1,,[]
24,855.199404,3.4,0.045968,2.0,0.115100,0.7,18.951000,7.7,O=CC(=O)C=O,,[]
24,1051.290467,9.0,0.045232,1.9,0.116900,0.7,24.735000,26.4,O=CC(=O)C(=O)C#N,,[]
24,1355.687155,28.6,0.096036,30.0,0.111100,0.5,26.008000,35.9,[NH2+]=C1O[CH-]C(=O)C=C1,,[]
24,1369.256420,29.6,0.100077,32.9,0.090100,0.0,29.533000,63.6,NC=[NH+]C1=NOC=C1[O-],,[]
24,1380.613087,30.3,0.100759,33.7,0.081400,0.0,30.409000,68.2,NC=[NH+]C1=NOC([O-])=C1,,[]
24,1577.996192,50.4,0.126623,54.8,0.095500,0.1,28.254000,54.0,[O-]C1=COC2=C1C[NH2+]C2,,[]
24,1599.184049,52.9,0.126135,54.4,0.103500,0.2,23.509000,20.3,C1=C2C3C4C1C1C2C3N41,,[]
25,213.087785,0.0,0.021375,0.0,0.361500,98.4,6.002000,0.0,O,,[]
25,385.502288,0.0,0.026841,0.2,0.335100,95.5,8.574000,0.1,C#C,,[]
25,478.904563,0.1,0.017147,0.0,0.622100,100.0,12.639000,1.2,FC(F)(F)F,,[]
25,551.957961,0.2,0.026540,0.2,0.206600,31.2,11.329000,0.7,O=CC#N,,[]
25,562.327555,0.2,0.033459,0.5,0.256300,65.9,10.694000,0.3,O1N=CN=N1,,[]
25,605.972721,0.4,0.025718,0.1,0.246900,61.8,13.622000,1.6,O=C1ON=NO1,,[]
25,612.158710,0.5,0.036943,1.0,0.155500,7.8,12.147000,0.9,O=CC=O,,[]
25,645.328861,0.6,0.055355,4.5,0.234200,53.6,11.219000,0.6,CC=O,,[]
25,660.735473,0.7,0.028773,0.4,0.148500,5.1,18.268000,6.9,O=C1N=NON=N1,,[]
25,740.670140,1.2,0.025540,0.1,0.197700,24.9,16.955000,4.6,O=C(C#N)C#N,,[]
25,826.149481,2.8,0.042699,1.4,0.154300,7.2,17.906000,6.3,O=C1ON=NC=N1,,[]
25,855.199404,3.4,0.045968,2.0,0.115100,0.7,18.951000,7.8,O=CC(=O)C=O,,[]
25,1051.290467,8.9,0.045232,1.9,0.116900,0.7,24.735000,26.2,O=CC(=O)C(=O)C#N,,[]
25,1355.687155,28.2,0.096036,29.5,0.111100,0.4,26.008000,35.5,[NH2+]=C1O[CH-]C(=O)C=C1,,[]
25,1369.256420,29.2,0.100077,32.5,0.090100,0.0,29.533000,63.1,NC=[NH+]C1=NOC=C1[O-],,[]
25,1380.613087,29.9,0.100759,33.3,0.081400,0.0,30.409000,67.6,NC=[NH+]C1=NOC([O-])=C1,,[]
25,1577.996192,50.1,0.126623,54.5,0.095500,0.1,28.254000,53.4,[O-]C1=COC2=C1C[NH2+]C2,,[]
25,1599.184049,52.6,0.126135,54.1,0.103500,0.2,23.509000,20.2,C1=C2C3C4C1C1C2C3N41,,[]
26,213.087785,0.0,0.021375,0.1,0.361500,98.4,6.002000,0.0,O,,[]
26,385.502288,0.0,0.026841,0.3,0.335100,95.6,8.574000,0.1,C#C,,[]
26,478.904563,0.1,0.017147,0.0,0.622100,99.9,12.639000,1.3,FC(F)(F)F,,[]
26,551.957961,0.2,0.026540,0.2,0.206600,31.3,11.329000,0.7,O=CC#N,,[]
26,562.327555,0.3,0.033459,0.6,0.256300,65.9,10.694000,0.3,O1N=CN=N1,,[]
26,605.972721,0.5,0.025718,0.2,0.246900,61.7,13.622000,1.6,O=C1ON=NO1,,[]
26,612.158710,0.5,0.036943,1.0,0.155500,7.8,12.147000,0.9,O=CC=O,,[]
26,645.328861,0.7,0.055355,4.6,0.234200,53.6,11.219000,0.6,CC=O,,[]
26,660.735473,0.7,0.028773,0.5,0.148500,5.1,18.268000,7.0,O=C1N=NON=N1,,[]
26,740.670140,1.3,0.025540,0.1,0.197700,25.1,16.955000,4.7,O=C(C#N)C#N,,[]
26,826.149481,2.9,0.042699,1.5,0.154300,7.3,17.906000,6.4,O=C1ON=NC=N1,,[]
26,855.199404,3.5,0.045968,2.0,0.115100,0.7,18.951000,7.8,O=CC(=O)C=O,,[]
26,1051.290467,8.9,0.045232,1.9,0.116900,0.8,24.735000,25.8,O=CC(=O)C(=O)C#N,,[]
26,1108.489211,11.7,0.055740,4.9,0.098300,0.2,25.564000,31.7,O=CC(=O)C(=O)C=O,,[]
26,1369.256420,28.9,0.100077,32.2,0.090100,0.0,29.533000,62.9,NC=[NH+]C1=NOC=C1[O-],,[]
26,1380.613087,29.5,0.100759,33.0,0.081400,0.0,30.409000,67.5,NC=[NH+]C1=NOC([O-])=C1,,[]
26,1577.996192,50.0,0.126623,54.5,0.095500,0.1,28.254000,53.0,[O-]C1=COC2=C1C[NH2+]C2,,[]
26,1599.184049,52.5,0.126135,54.0,0.103500,0.2,23.509000,20.0,C1=C2C3C4C1C1C2C3N41,,[]
27,213.087785,0.0,0.021375,0.1,0.361500,98.4,6.002000,0.0,O,,[]
27,385.502288,0.0,0.026841,0.3,0.335100,95.6,8.574000,0.1,C#C,,[]
27,478.904563,0.1,0.017147,0.0,0.622100,99.9,12.639000,1.2,FC(F)(F)F,,[]
27,551.957961,0.2,0.026540,0.2,0.206600,31.1,11.329000,0.7,O=CC#N,,[]
27,562.327555,0.3,0.033459,0.6,0.256300,65.7,10.694000,0.3,O1N=CN=N1,,[]
27,605.972721,0.5,0.025718,0.2,0.246900,61.5,13.622000,1.6,O=C1ON=NO1,,[]
27,612.158710,0.6,0.036943,1.0,0.155500,7.7,12.147000,0.9,O=CC=O,,[]
27,645.328861,0.7,0.055355,4.5,0.234200,53.4,11.219000,0.6,CC=O,,[]
27,660.735473,0.7,0.028773,0.5,0.148500,4.9,18.268000,7.0,O=C1N=NON=N1,,[]
27,740.670140,1.2,0.025540,0.1,0.197700,24.9,16.955000,4.7,O=C(C#N)C#N,,[]
27,826.149481,2.8,0.042699,1.4,0.154300,7.1,17.906000,6.4,O=C1ON=NC=N1,,[]
27,855.199404,3.4,0.045968,2.0,0.115100,0.8,18.951000,7.8,O=CC(=O)C=O,,[]
27,1051.290467,8.9,0.045232,1.9,0.116900,0.8,24.735000,25.6,O=CC(=O)C(=O)C#N,,[]
27,1108.489211,11.6,0.055740,4.8,0.098300,0.2,25.564000,31.4,O=CC(=O)C(=O)C=O,,[]
27,1369.256420,28.5,0.100077,31.6,0.090100,0.0,29.533000,62.6,NC=[NH+]C1=NOC=C1[O-],,[]
27,1380.613087,29.1,0.100759,32.3,0.081400,0.0,30.409000,67.1,NC=[NH+]C1=NOC([O-])=C1,,[]
27,1577.996192,49.7,0.126623,54.1,0.095500,0.1,28.254000,52.5,[O-]C1=COC2=C1C[NH2+]C2,,[]
27,1599.184049,52.2,0.126135,53.6,0.103500,0.3,23.509000,19.9,C1=C2C3C4C1C1C2C3N41,,[]
28,213.087785,0.0,0.021375,0.1,0.361500,98.4,6.002000,0.0,O,,[]
28,385.502288,0.0,0.026841,0.3,0.335100,95.6,8.574000,0.1,C#C,,[]
28,478.904563,0.1,0.017147,0.0,0.622100,99.9,12.639000,1.2,FC(F)(F)F,,[]
28,551.957961,0.3,0.026540,0.2,0.206600,31.1,11.329000,0.7,O=CC#N,,[]
28,562.327555,0.3,0.033459,0.6,0.256300,65.6,10.694000,0.3,O1N=CN=N1,,[]
28,605.972721,0.5,0.025718,0.1,0.246900,61.2,13.622000,1.6,O=C1ON=NO1,,[]
28,612.158710,0.6,0.036943,1.0,0.155500,7.7,12.147000,0.9,O=CC=O,,[]
28,645.328861,0.7,0.055355,4.6,0.234200,53.2,11.219000,0.6,CC=O,,[]
28,660.735473,0.7,0.028773,0.4,0.148500,4.9,18.268000,7.0,O=C1N=NON=N1,,[]
28,740.670140,1.3,0.025540,0.1,0.197700,24.8,16.955000,4.8,O=C(C#N)C#N,,[]
28,826.149481,2.8,0.042699,1.4,0.154300,7.1,17.906000,6.4,O=C1ON=NC=N1,,[]
28,855.199404,3.4,0.045968,2.1,0.115100,0.7,18.951000,7.8,O=CC(=O)C=O,,[]
28,1051.290467,8.8,0.045232,1.9,0.116900,0.8,24.735000,25.5,O=CC(=O)C(=O)C#N,,[]
28,1108.489211,11.6,0.055740,4.9,0.098300,0.2,25.564000,31.3,O=CC(=O)C(=O)C=O,,[]
28,1369.256420,28.2,0.100077,31.4,0.090100,0.0,29.533000,62.4,NC=[NH+]C1=NOC=C1[O-],,[]
28,1380.613087,28.8,0.100759,32.1,0.081400,0.0,30.409000,66.9,NC=[NH+]C1=NOC([O-])=C1,,[]
28,1577.996192,49.5,0.126623,53.9,0.095500,0.1,28.254000,52.5,[O-]C1=COC2=C1C[NH2+]C2,,[]
28,1599.184049,52.0,0.126135,53.3,0.103500,0.3,23.509000,19.9,C1=C2C3C4C1C1C2C3N41,,[]
29,213.087785,0.0,0.021375,0.1,0.361500,98.5,6.002000,0.0,O,,[]
29,385.502288,0.0,0.026841,0.3,0.335100,95.8,8.574000,0.1,C#C,,[]
29,478.904563,0.1,0.017147,0.0,0.622100,99.9,12.639000,1.2,FC(F)(F)F,,[]
29,551.957961,0.2,0.026540,0.2,0.206600,31.1,11.329000,0.7,O=CC#N,,[]
29,562.327555,0.3,0.033459,0.6,0.256300,65.5,10.694000,0.3,O1N=CN=N1,,[]
29,605.972721,0.5,0.025718,0.2,0.246900,61.1,13.622000,1.6,O=C1ON=NO1,,[]
29,612.158710,0.6,0.036943,1.0,0.155500,7.7,12.147000,0.9,O=CC=O,,[]
29,645.328861,0.7,0.055355,4.7,0.234200,53.2,11.219000,0.6,CC=O,,[]
29,660.735473,0.7,0.028773,0.5,0.148500,4.9,18.268000,6.9,O=C1N=NON=N1,,[]
29,740.670140,1.3,0.025540,0.1,0.197700,24.8,16.955000,4.7,O=C(C#N)C#N,,[]
29,826.149481,2.8,0.042699,1.5,0.154300,7.2,17.906000,6.4,O=C1ON=NC=N1,,[]
29,855.199404,3.4,0.045968,2.1,0.115100,0.7,18.951000,7.7,O=CC(=O)C=O,,[]
29,1051.290467,8.8,0.045232,1.9,0.116900,0.7,24.735000,25.3,O=CC(=O)C(=O)C#N,,[]
29,1108.489211,11.6,0.055740,5.0,0.098300,0.2,25.564000,31.1,O=CC(=O)C(=O)C=O,,[]
29,1369.256420,28.0,0.100077,31.3,0.090100,0.0,29.533000,62.0,NC=[NH+]C1=NOC=C1[O-],,[]
29,1380.613087,28.6,0.100759,32.0,0.081400,0.0,30.409000,66.6,NC=[NH+]C1=NOC([O-])=C1,,[]
29,1577.996192,49.1,0.126623,53.5,0.095500,0.1,28.254000,52.1,[O-]C1=COC2=C1C[NH2+]C2,,[]
29,1599.184049,51.8,0.126135,53.0,0.103500,0.2,23.509000,19.6,C1=C2C3C4C1C1C2C3N41,,[]
30,213.087785,0.0,0.021375,0.1,0.361500,98.5,6.002000,0.0,O,,[]
30,385.502288,0.0,0.026841,0.3,0.335100,95.9,8.574000,0.1,C#C,,[]
30,478.904563,0.1,0.017147,0.0,0.622100,99.9,12.639000,1.3,FC(F)(F)F,,[]
30,551.957961,0.2,0.026540,0.2,0.206600,31.1,11.329000,0.7,O=CC#N,,[]
30,562.327555,0.3,0.033459,0.6,0.256300,65.2,10.694000,0.3,O1N=CN=N1,,[]
30,605.972721,0.5,0.025718,0.2,0.246900,60.8,13.622000,1.6,O=C1ON=NO1,,[]
30,612.158710,0.5,0.036943,0.9,0.155500,7.6,12.147000,0.9,O=CC=O,,[]
30,645.328861,0.6,0.055355,4.6,0.234200,52.9,11.219000,0.6,CC=O,,[]
30,660.735473,0.7,0.028773,0.4,0.148500,4.8,18.268000,6.9,O=C1N=NON=N1,,[]
30,740.670140,1.3,0.025540,0.1,0.197700,24.8,16.955000,4.8,O=C(C#N)C#N,,[]
30,826.149481,2.8,0.042699,1.5,0.154300,7.1,17.906000,6.4,O=C1ON=NC=N1,,[]
30,855.199404,3.4,0.045968,2.1,0.115100,0.7,18.951000,7.8,O=CC(=O)C=O,,[]
30,1051.290467,8.8,0.045232,1.9,0.116900,0.7,24.735000,25.1,O=CC(=O)C(=O)C#N,,[]
30,1108.489211,11.6,0.055740,5.0,0.098300,0.2,25.564000,30.9,O=CC(=O)C(=O)C=O,,[]
30,1369.256420,27.8,0.100077,31.1,0.090100,0.0,29.533000,61.9,NC=[NH+]C1=NOC=C1[O-],,[]
30,1380.613087,28.4,0.100759,31.8,0.081400,0.0,30.409000,66.5,NC=[NH+]C1=NOC([O-])=C1,,[]
30,1577.996192,49.1,0.126623,53.6,0.095500,0.1,28.254000,52.1,[O-]C1=COC2=C1C[NH2+]C2,,[]
30,1599.184049,51.8,0.126135,53.1,0.103500,0.2,23.509000,19.4,C1=C2C3C4C1C1C2C3N41,,[]
31,213.087785,0.0,0.021375,0.1,0.361500,98.5,6.002000,0.0,O,,[]
31,385.502288,0.0,0.026841,0.3,0.335100,95.9,8.574000,0.1,C#C,,[]
31,478.904563,0.1,0.017147,0.0,0.622100,99.9,12.639000,1.3,FC(F)(F)F,,[]
31,551.957961,0.3,0.026540,0.2,0.206600,31.0,11.329000,0.7,O=CC#N,,[]
31,562.327555,0.3,0.033459,0.6,0.256300,65.0,10.694000,0.3,O1N=CN=N1,,[]
31,605.972721,0.5,0.025718,0.2,0.246900,60.8,13.622000,1.6,O=C1ON=NO1,,[]
31,612.158710,0.6,0.036943,1.0,0.155500,7.6,12.147000,1.0,O=CC=O,,[]
31,645.328861,0.7,0.055355,4.6,0.234200,52.9,11.219000,0.6,CC=O,,[]
31,660.735473,0.7,0.028773,0.5,0.148500,4.8,18.268000,6.9,O=C1N=NON=N1,,[]
31,740.670140,1.3,0.025540,0.1,0.197700,24.6,16.955000,4.8,O=C(C#N)C#N,,[]
31,826.149481,2.8,0.042699,1.4,0.154300,7.1,17.906000,6.4,O=C1ON=NC=N1,,[]
31,855.199404,3.3,0.045968,2.0,0.115100,0.7,18.951000,7.7,O=CC(=O)C=O,,[]
31,1051.290467,8.7,0.045232,1.9,0.116900,0.8,24.735000,24.9,O=CC(=O)C(=O)C#N,,[]
31,1108.489211,11.4,0.055740,4.9,0.098300,0.2,25.564000,30.8,O=CC(=O)C(=O)C=O,,[]
31,1369.256420,27.5,0.100077,30.7,0.090100,0.0,29.533000,61.4,NC=[NH+]C1=NOC=C1[O-],,[]
31,1380.613087,28.1,0.100759,31.3,0.081400,0.0,30.409000,66.2,NC=[NH+]C1=NOC([O-])=C1,,[]
31,1577.996192,48.7,0.126623,53.2,0.095500,0.1,28.254000,51.7,[O-]C1=COC2=C1C[NH2+]C2,,[]
31,1599.184049,51.4,0.126135,52.7,0.103500,0.2,23.509000,19.2,C1=C2C3C4C1C1C2C3N41,,[]
32,213.087785,0.0,0.021375,0.1,0.361500,98.5,6.002000,0.0,O,,[]
32,385.502288,0.0,0.026841,0.3,0.335100,95.8,8.574000,0.1,C#C,,[]
32,478.904563,0.1,0.017147,0.0,0.622100,99.9,12.639000,1.3,FC(F)(F)F,,[]
32,551.957961,0.3,0.026540,0.2,0.206600,31.0,11.329000,0.7,O=CC#N,,[]
32,562.327555,0.3,0.033459,0.6,0.256300,65.0,10.694000,0.3,O1N=CN=N1,,[]
32,605.972721,0.5,0.025718,0.2,0.246900,60.8,13.622000,1.6,O=C1ON=NO1,,[]
32,612.158710,0.5,0.036943,0.9,0.155500,7.6,12.147000,0.9,O=CC=O,,[]
32,645.328861,0.7,0.055355,4.5,0.234200,53.0,11.219000,0.6,CC=O,,[]
32,660.735473,0.7,0.028773,0.4,0.148500,4.8,18.268000,6.9,O=C1N=NON=N1,,[]
32,740.670140,1.3,0.025540,0.1,0.197700,24.6,16.955000,4.8,O=C(C#N)C#N,,[]
32,826.149481,2.8,0.042699,1.4,0.154300,7.1,17.906000,6.4,O=C1ON=NC=N1,,[]
32,855.199404,3.3,0.045968,2.0,0.115100,0.7,18.951000,7.7,O=CC(=O)C=O,,[]
32,1051.290467,8.6,0.045232,1.9,0.116900,0.7,24.735000,24.5,O=CC(=O)C(=O)C#N,,[]
32,1108.489211,11.2,0.055740,4.9,0.098300,0.2,25.564000,30.3,O=CC(=O)C(=O)C=O,,[]
32,1369.256420,27.3,0.100077,30.4,0.090100,0.0,29.533000,61.2,NC=[NH+]C1=NOC=C1[O-],,[]
32,1380.613087,27.8,0.100759,31.2,0.081400,0.0,30.409000,66.1,NC=[NH+]C1=NOC([O-])=C1,,[]
32,1577.996192,48.6,0.126623,53.2,0.095500,0.1,28.254000,51.4,[O-]C1=COC2=C1C[NH2+]C2,,[]
32,1599.184049,51.4,0.126135,52.6,0.103500,0.2,23.509000,19.0,C1=C2C3C4C1C1C2C3N41,,[]
33,213.087785,0.0,0.021375,0.1,0.361500,98.6,6.002000,0.0,O,,[]
33,385.502288,0.0,0.026841,0.3,0.335100,95.9,8.574000,0.1,C#C,,[]
33,478.904563,0.1,0.017147,0.0,0.622100,99.9,12.639000,1.3,FC(F)(F)F,,[]
33,551.957961,0.2,0.026540,0.2,0.206600,31.0,11.329000,0.7,O=CC#N,,[]
33,562.327555,0.3,0.033459,0.6,0.256300,65.2,10.694000,0.3,O1N=CN=N1,,[]
33,605.972721,0.5,0.025718,0.2,0.246900,61.0,13.622000,1.6,O=C1ON=NO1,,[]
33,612.158710,0.6,0.036943,0.9,0.155500,7.7,12.147000,0.9,O=CC=O,,[]
33,645.328861,0.7,0.055355,4.6,0.234200,53.1,11.219000,0.6,CC=O,,[]
33,660.735473,0.7,0.028773,0.5,0.148500,4.9,18.268000,6.9,O=C1N=NON=N1,,[]
33,740.670140,1.3,0.025540,0.1,0.197700,24.6,16.955000,4.8,O=C(C#N)C#N,,[]
33,826.149481,2.8,0.042699,1.5,0.154300,7.2,17.906000,6.4,O=C1ON=NC=N1,,[]
33,855.199404,3.3,0.045968,2.1,0.115100,0.7,18.951000,7.7,O=CC(=O)C=O,,[]
33,1051.290467,8.5,0.045232,1.9,0.116900,0.8,24.735000,24.5,O=CC(=O)C(=O)C#N,,[]
33,1108.489211,11.2,0.055740,4.9,0.098300,0.2,25.564000,30.3,O=CC(=O)C(=O)C=O,,[]
33,1369.256420,27.0,0.100077,30.4,0.090100,0.0,29.533000,61.0,NC=[NH+]C1=NOC=C1[O-],,[]
33,1380.613087,27.5,0.100759,31.1,0.081400,0.0,30.409000,66.0,NC=[NH+]C1=NOC([O-])=C1,,[]
33,1577.996192,48.6,0.126623,53.4,0.095500,0.1,28.254000,51.1,[O-]C1=COC2=C1C[NH2+]C2,,[]
33,1599.184049,51.4,0.126135,52.8,0.103500,0.2,23.509000,18.9,C1=C2C3C4C1C1C2C3N41,,[]
34,213.087785,0.0,0.021375,0.1,0.361500,98.6,6.002000,0.0,O,,[]
34,385.502288,0.0,0.026841,0.3,0.335100,95.9,8.574000,0.1,C#C,,[]
34,478.904563,0.1,0.017147,0.0,0.622100,99.9,12.639000,1.3,FC(F)(F)F,,[]
34,551.957961,0.2,0.026540,0.2,0.206600,31.0,11.329000,0.7,O=CC#N,,[]
34,562.327555,0.3,0.033459,0.6,0.256300,65.1,10.694000,0.3,O1N=CN=N1,,[]
34,605.972721,0.5,0.025718,0.1,0.246900,60.9,13.622000,1.6,O=C1ON=NO1,,[]
34,612.158710,0.5,0.036943,0.9,0.155500,7.8,12.147000,1.0,O=CC=O,,[]
34,645.328861,0.7,0.055355,4.4,0.234200,53.0,11.219000,0.6,CC=O,,[]
34,660.735473,0.7,0.028773,0.4,0.148500,4.9,18.268000,6.8,O=C1N=NON=N1,,[]
34,740.670140,1.3,0.025540,0.1,0.197700,24.7,16.955000,4.8,O=C(C#N)C#N,,[]
34,826.149481,2.8,0.042699,1.4,0.154300,7.3,17.906000,6.3,O=C1ON=NC=N1,,[]
34,855.199404,3.3,0.045968,2.0,0.115100,0.7,18.951000,7.6,O=CC(=O)C=O,,[]
34,1051.290467,8.4,0.045232,1.9,0.116900,0.7,24.735000,24.1,O=CC(=O)C(=O)C#N,,[]
34,1108.489211,11.0,0.055740,4.8,0.098300,0.1,25.564000,29.9,O=CC(=O)C(=O)C=O,,[]
34,1369.256420,26.5,0.100077,30.0,0.090100,0.0,29.533000,60.6,NC=[NH+]C1=NOC=C1[O-],,[]
34,1380.613087,27.1,0.100759,30.7,0.081400,0.0,30.409000,65.5,NC=[NH+]C1=NOC([O-])=C1,,[]
34,1577.996192,48.4,0.126623,53.2,0.095500,0.1,28.254000,50.7,[O-]C1=COC2=C1C[NH2+]C2,,[]
34,1599.184049,51.3,0.126135,52.7,0.103500,0.2,23.509000,18.5,C1=C2C3C4C1C1C2C3N41,,[]
35,213.087785,0.0,0.021375,0.1,0.361500,98.6,6.002000,0.0,O,,[]
35,385.502288,0.0,0.026841,0.3,0.335100,95.9,8.574000,0.1,C#C,,[]
35,478.904563,0.1,0.017147,0.0,0.622100,99.9,12.639000,1.3,FC(F)(F)F,,[]
35,551.957961,0.3,0.026540,0.2,0.206600,30.8,11.329000,0.7,O=CC#N,,[]
35,562.327555,0.3,0.033459,0.6,0.256300,64.9,10.694000,0.3,O1N=CN=N1,,[]
35,605.972721,0.5,0.025718,0.1,0.246900,60.6,13.622000,1.6,O=C1ON=NO1,,[]
35,612.158710,0.6,0.036943,0.9,0.155500,7.8,12.147000,1.0,O=CC=O,,[]
35,645.328861,0.7,0.055355,4.5,0.234200,52.9,11.219000,0.6,CC=O,,[]
35,660.735473,0.8,0.028773,0.4,0.148500,5.0,18.268000,6.9,O=C1N=NON=N1,,[]
35,740.670140,1.3,0.025540,0.1,0.197700,24.5,16.955000,4.8,O=C(C#N)C#N,,[]
35,826.149481,2.9,0.042699,1.5,0.154300,7.3,17.906000,6.4,O=C1ON=NC=N1,,[]
35,855.199404,3.3,0.045968,2.1,0.115100,0.7,18.951000,7.6,O=CC(=O)C=O,,[]
35,1051.290467,8.4,0.045232,1.9,0.116900,0.8,24.735000,24.1,O=CC(=O)C(=O)C#N,,[]
35,1108.489211,11.1,0.055740,4.8,0.098300,0.1,25.564000,29.7,O=CC(=O)C(=O)C=O,,[]
35,1369.256420,26.5,0.100077,29.9,0.090100,0.0,29.533000,60.2,NC=[NH+]C1=NOC=C1[O-],,[]
35,1380.613087,27.0,0.100759,30.6,0.081400,0.0,30.409000,65.2,NC=[NH+]C1=NOC([O-])=C1,,[]
35,1577.996192,48.1,0.126623,52.9,0.095500,0.1,28.254000,50.3,[O-]C1=COC2=C1C[NH2+]C2,,[]
35,1599.184049,50.9,0.126135,52.3,0.103500,0.2,23.509000,18.6,C1=C2C3C4C1C1C2C3N41,,[]
36,213.087785,0.0,0.021375,0.1,0.361500,98.6,6.002000,0.0,O,,[]
36,385.502288,0.0,0.026841,0.3,0.335100,95.8,8.574000,0.1,C#C,,[]
36,427.706065,0.1,0.020349,0.1,0.259800,66.5,10.401000,0.4,O1N=NN=N1,,[]
36,478.904563,0.2,0.017147,0.0,0.622100,99.9,12.639000,1.4,FC(F)(F)F,,[]
36,551.957961,0.3,0.026540,0.3,0.206600,30.8,11.329000,0.8,O=CC#N,,[]
36,562.327555,0.3,0.033459,0.6,0.256300,65.1,10.694000,0.4,O1N=CN=N1,,[]
36,605.972721,0.5,0.025718,0.2,0.246900,60.8,13.622000,1.7,O=C1ON=NO1,,[]
36,612.158710,0.6,0.036943,1.0,0.155500,7.9,12.147000,1.0,O=CC=O,,[]
36,645.328861,0.7,0.055355,4.5,0.234200,53.0,11.219000,0.6,CC=O,,[]
36,660.735473,0.8,0.028773,0.5,0.148500,5.1,18.268000,6.9,O=C1N=NON=N1,,[]
36,740.670140,1.4,0.025540,0.1,0.197700,24.6,16.955000,4.8,O=C(C#N)C#N,,[]
36,826.149481,3.0,0.042699,1.5,0.154300,7.5,17.906000,6.4,O=C1ON=NC=N1,,[]
36,855.199404,3.4,0.045968,2.1,0.115100,0.7,18.951000,7.6,O=CC(=O)C=O,,[]
36,1051.290467,8.5,0.045232,2.0,0.116900,0.8,24.735000,24.0,O=CC(=O)C(=O)C#N,,[]
36,1108.489211,11.1,0.055740,4.8,0.098300,0.1,25.564000,29.6,O=CC(=O)C(=O)C=O,,[]
36,1369.256420,26.3,0.100077,29.7,0.090100,0.0,29.533000,60.1,NC=[NH+]C1=NOC=C1[O-],,[]
36,1380.613087,26.8,0.100759,30.4,0.081400,0.0,30.409000,65.2,NC=[NH+]C1=NOC([O-])=C1,,[]
36,1577.996192,48.0,0.126623,52.9,0.095500,0.1,28.254000,50.2,[O-]C1=COC2=C1C[NH2+]C2,,[]
36,1599.184049,51.0,0.126135,52.3,0.103500,0.2,23.509000,18.6,C1=C2C3C4C1C1C2C3N41,,[]
37,213.087785,0.0,0.021375,0.1,0.361500,98.6,6.002000,0.0,O,,[]
37,385.502288,0.0,0.026841,0.3,0.335100,95.9,8.574000,0.1,C#C,,[]
37,427.706065,0.1,0.020349,0.1,0.259800,66.7,10.401000,0.4,O1N=NN=N1,,[]
37,478.904563,0.2,0.017147,0.0,0.622100,99.9,12.639000,1.3,FC(F)(F)F,,[]
37,494.017501,0.3,0.015951,0.0,0.277000,74.1,10.398000,0.4,N#CC#N,,[]
37,551.957961,0.3,0.026540,0.3,0.206600,30.9,11.329000,0.8,O=CC#N,,[]
37,562.327555,0.4,0.033459,0.6,0.256300,65.3,10.694000,0.4,O1N=CN=N1,,[]
37,605.972721,0.5,0.025718,0.2,0.246900,60.9,13.622000,1.6,O=C1ON=NO1,,[]
37,612.158710,0.6,0.036943,1.0,0.155500,8.0,12.147000,1.0,O=CC=O,,[]
37,645.328861,0.7,0.055355,4.5,0.234200,53.2,11.219000,0.7,CC=O,,[]
37,660.735473,0.8,0.028773,0.5,0.148500,5.2,18.268000,6.9,O=C1N=NON=N1,,[]
37,740.670140,1.4,0.025540,0.1,0.197700,24.7,16.955000,4.8,O=C(C#N)C#N,,[]
37,826.149481,3.0,0.042699,1.6,0.154300,7.5,17.906000,6.4,O=C1ON=NC=N1,,[]
37,855.199404,3.4,0.045968,2.1,0.115100,0.7,18.951000,7.6,O=CC(=O)C=O,,[]
37,1051.290467,8.4,0.045232,2.0,0.116900,0.7,24.735000,24.0,O=CC(=O)C(=O)C#N,,[]
37,1108.489211,11.0,0.055740,4.8,0.098300,0.1,25.564000,29.6,O=CC(=O)C(=O)C=O,,[]
37,1369.256420,26.2,0.100077,29.6,0.090100,0.0,29.533000,60.1,NC=[NH+]C1=NOC=C1[O-],,[]
37,1380.613087,26.7,0.100759,30.3,0.081400,0.0,30.409000,65.3,NC=[NH+]C1=NOC([O-])=C1,,[]
37,1577.996192,48.0,0.126623,53.0,0.095500,0.1,28.254000,50.1,[O-]C1=COC2=C1C[NH2+]C2,,[]
37,1599.184049,50.9,0.126135,52.4,0.103500,0.2,23.509000,18.5,C1=C2C3C4C1C1C2C3N41,,[]
38,213.087785,0.0,0.021375,0.1,0.361500,98.6,6.002000,0.0,O,,[]
38,385.502288,0.0,0.026841,0.3,0.335100,96.0,8.574000,0.1,C#C,,[]
38,427.706065,0.1,0.020349,0.1,0.259800,66.6,10.401000,0.4,O1N=NN=N1,,[]
38,478.904563,0.2,0.017147,0.0,0.622100,99.9,12.639000,1.3,FC(F)(F)F,,[]
38,494.017501,0.3,0.015951,0.0,0.277000,74.0,10.398000,0.4,N#CC#N,,[]
38,551.957961,0.3,0.026540,0.3,0.206600,30.9,11.329000,0.8,O=CC#N,,[]
38,562.327555,0.4,0.033459,0.6,0.256300,65.2,10.694000,0.4,O1N=CN=N1,,[]
38,605.972721,0.5,0.025718,0.2,0.246900,60.8,13.622000,1.6,O=C1ON=NO1,,[]
38,612.158710,0.6,0.036943,1.0,0.155500,8.0,12.147000,1.0,O=CC=O,,[]
38,645.328861,0.7,0.055355,4.4,0.234200,53.0,11.219000,0.7,CC=O,,[]
38,660.735473,0.8,0.028773,0.5,0.148500,5.1,18.268000,6.8,O=C1N=NON=N1,,[]
38,740.670140,1.4,0.025540,0.1,0.197700,24.8,16.955000,4.7,O=C(C#N)C#N,,[]
38,826.149481,2.9,0.042699,1.5,0.154300,7.5,17.906000,6.3,O=C1ON=NC=N1,,[]
38,855.199404,3.3,0.045968,2.1,0.115100,0.6,18.951000,7.5,O=CC(=O)C=O,,[]
38,1051.290467,8.4,0.045232,1.9,0.116900,0.7,24.735000,23.9,O=CC(=O)C(=O)C#N,,[]
38,1108.489211,11.0,0.055740,4.7,0.098300,0.1,25.564000,29.5,O=CC(=O)C(=O)C=O,,[]
38,1369.256420,26.1,0.100077,29.6,0.090100,0.0,29.533000,60.1,NC=[NH+]C1=NOC=C1[O-],,[]
38,1380.613087,26.6,0.100759,30.2,0.081400,0.0,30.409000,65.2,NC=[NH+]C1=NOC([O-])=C1,,[]
38,1577.996192,48.1,0.126623,53.2,0.095500,0.1,28.254000,50.0,[O-]C1=COC2=C1C[NH2+]C2,,[]
38,1599.184049,51.1,0.126135,52.5,0.103500,0.2,23.509000,18.4,C1=C2C3C4C1C1C2C3N41,,[]
39,213.087785,0.0,0.021375,0.1,0.361500,98.6,6.002000,0.0,O,,[]
39,301.820762,0.0,0.016601,0.0,0.379600,99.0,6.278000,0.0,C#N,,[]
39,385.502288,0.1,0.026841,0.3,0.335100,95.9,8.574000,0.1,C#C,,[]
39,427.706065,0.2,0.020349,0.1,0.259800,66.7,10.401000,0.4,O1N=NN=N1,,[]
39,494.017501,0.3,0.015951,0.0,0.277000,74.2,10.398000,0.4,N#CC#N,,[]
39,551.957961,0.3,0.026540,0.3,0.206600,31.0,11.329000,0.8,O=CC#N,,[]
39,562.327555,0.4,0.033459,0.6,0.256300,65.3,10.694000,0.5,O1N=CN=N1,,[]
39,605.972721,0.5,0.025718,0.2,0.246900,60.9,13.622000,1.6,O=C1ON=NO1,,[]
39,612.158710,0.6,0.036943,1.0,0.155500,8.0,12.147000,1.0,O=CC=O,,[]
39,645.328861,0.7,0.055355,4.4,0.234200,53.1,11.219000,0.7,CC=O,,[]
39,660.735473,0.8,0.028773,0.5,0.148500,5.1,18.268000,6.8,O=C1N=NON=N1,,[]
39,740.670140,1.4,0.025540,0.2,0.197700,24.8,16.955000,4.8,O=C(C#N)C#N,,[]
39,826.149481,2.9,0.042699,1.5,0.154300,7.5,17.906000,6.3,O=C1ON=NC=N1,,[]
39,855.199404,3.4,0.045968,2.1,0.115100,0.6,18.951000,7.5,O=CC(=O)C=O,,[]
39,1051.290467,8.4,0.045232,1.9,0.116900,0.8,24.735000,23.8,O=CC(=O)C(=O)C#N,,[]
39,1108.489211,11.0,0.055740,4.7,0.098300,0.1,25.564000,29.3,O=CC(=O)C(=O)C=O,,[]
39,1369.256420,25.9,0.100077,29.5,0.090100,0.0,29.533000,60.0,NC=[NH+]C1=NOC=C1[O-],,[]
39,1380.613087,26.5,0.100759,30.2,0.081400,0.0,30.409000,65.1,NC=[NH+]C1=NOC([O-])=C1,,[]
39,1577.996192,48.2,0.126623,53.3,0.095500,0.1,28.254000,49.7,[O-]C1=COC2=C1C[NH2+]C2,,[]
39,1599.184049,51.1,0.126135,52.6,0.103500,0.2,23.509000,18.3,C1=C2C3C4C1C1C2C3N41,,[]
40,213.087785,0.0,0.021375,0.1,0.361500,98.5,6.002000,0.0,O,,[]
40,301.820762,0.1,0.016601,0.0,0.379600,99.0,6.278000,0.1,C#N,,[]
40,385.502288,0.1,0.026841,0.4,0.335100,95.9,8.574000,0.1,C#C,,[]
40,427.706065,0.2,0.020349,0.1,0.259800,66.5,10.401000,0.5,O1N=NN=N1,,[]
40,494.017501,0.3,0.015951,0.0,0.277000,73.9,10.398000,0.5,N#CC#N,,[]
40,551.957961,0.4,0.026540,0.3,0.206600,30.9,11.329000,0.8,O=CC#N,,[]
40,562.327555,0.4,0.033459,0.7,0.256300,65.1,10.694000,0.5,O1N=CN=N1,,[]
40,605.972721,0.6,0.025718,0.3,0.246900,60.6,13.622000,1.7,O=C1ON=NO1,,[]
40,612.158710,0.6,0.036943,1.0,0.155500,8.0,12.147000,1.1,O=CC=O,,[]
40,645.328861,0.7,0.055355,4.4,0.234200,52.8,11.219000,0.7,CC=O,,[]
40,660.735473,0.8,0.028773,0.5,0.148500,5.1,18.268000,6.9,O=C1N=NON=N1,,[]
40,740.670140,1.5,0.025540,0.2,0.197700,24.7,16.955000,5.0,O=C(C#N)C#N,,[]
40,826.149481,3.0,0.042699,1.5,0.154300,7.4,17.906000,6.4,O=C1ON=NC=N1,,[]
40,855.199404,3.4,0.045968,2.1,0.115100,0.6,18.951000,7.6,O=CC(=O)C=O,,[]
40,1051.290467,8.4,0.045232,1.9,0.116900,0.7,24.735000,23.8,O=CC(=O)C(=O)C#N,,[]
40,1108.489211,11.0,0.055740,4.7,0.098300,0.1,25.564000,29.2,O=CC(=O)C(=O)C=O,,[]
40,1369.256420,25.8,0.100077,29.4,0.090100,0.0,29.533000,59.7,NC=[NH+]C1=NOC=C1[O-],,[]
40,1380.613087,26.3,0.100759,30.1,0.081400,0.0,30.409000,64.9,NC=[NH+]C1=NOC([O-])=C1,,[]
40,1577.996192,48.1,0.126623,53.1,0.095500,0.1,28.254000,49.4,[O-]C1=COC2=C1C[NH2+]C2,,[]
40,1599.184049,51.0,0.126135,52.5,0.103500,0.2,23.509000,18.3,C1=C2C3C4C1C1C2C3N41,,[]
41,213.087785,0.0,0.021375,0.1,0.361500,98.5,6.002000,0.0,O,,[]
41,301.820762,0.0,0.016601,0.0,0.379600,99.0,6.278000,0.0,C#N,,[]
41,385.502288,0.1,0.026841,0.3,0.335100,96.0,8.574000,0.1,C#C,,[]
41,427.706065,0.2,0.020349,0.1,0.259800,66.7,10.401000,0.5,O1N=NN=N1,,[]
41,494.017501,0.3,0.015951,0.0,0.277000,74.1,10.398000,0.5,N#CC#N,,[]
41,551.957961,0.4,0.026540,0.3,0.206600,30.8,11.329000,0.8,O=CC#N,,[]
41,562.327555,0.4,0.033459,0.6,0.256300,65.3,10.694000,0.5,O1N=CN=N1,,[]
41,605.972721,0.6,0.025718,0.2,0.246900,60.9,13.622000,1.7,O=C1ON=NO1,,[]
41,612.158710,0.6,0.036943,1.0,0.155500,8.0,12.147000,1.1,O=CC=O,,[]
41,645.328861,0.7,0.055355,4.4,0.234200,53.0,11.219000,0.7,CC=O,,[]
41,660.735473,0.8,0.028773,0.5,0.148500,5.1,18.268000,6.9,O=C1N=NON=N1,,[]
41,740.670140,1.5,0.025540,0.2,0.197700,24.6,16.955000,5.0,O=C(C#N)C#N,,[]
41,788.113621,2.3,0.051463,3.0,0.135500,2.0,14.117000,1.7,C1=NN=CN=N1,,[]
41,826.149481,3.0,0.042699,1.5,0.154300,7.4,17.906000,6.4,O=C1ON=NC=N1,,[]
41,855.199404,3.4,0.045968,2.0,0.115100,0.6,18.951000,7.6,O=CC(=O)C=O,,[]
41,1051.290467,8.4,0.045232,1.9,0.116900,0.7,24.735000,23.8,O=CC(=O)C(=O)C#N,,[]
41,1108.489211,11.0,0.055740,4.7,0.098300,0.1,25.564000,29.1,O=CC(=O)C(=O)C=O,,[]
41,1369.256420,25.7,0.100077,29.4,0.090100,0.0,29.533000,59.8,NC=[NH+]C1=NOC=C1[O-],,[]
41,1380.613087,26.3,0.100759,30.1,0.081400,0.0,30.409000,64.9,NC=[NH+]C1=NOC([O-])=C1,,[]
41,1577.996192,48.3,0.126623,53.4,0.095500,0.0,28.254000,49.3,[O-]C1=COC2=C1C[NH2+]C2,,[]
41,1599.184049,51.2,0.126135,52.8,0.103500,0.2,23.509000,18.3,C1=C2C3C4C1C1C2C3N41,,[]
42,213.087785,0.0,0.021375,0.1,0.361500,98.6,6.002000,0.0,O,,[]
42,301.820762,0.0,0.016601,0.0,0.379600,99.0,6.278000,0.0,C#N,,[]
42,385.502288,0.1,0.026841,0.4,0.335100,96.0,8.574000,0.2,C#C,,[]
42,427.706065,0.2,0.020349,0.1,0.259800,66.7,10.401000,0.5,O1N=NN=N1,,[]
42,494.017501,0.4,0.015951,0.0,0.277000,74.2,10.398000,0.5,N#CC#N,,[]
42,551.957961,0.4,0.026540,0.3,0.206600,30.9,11.329000,0.8,O=CC#N,,[]
42,562.327555,0.5,0.033459,0.7,0.256300,65.1,10.694000,0.5,O1N=CN=N1,,[]
42,605.972721,0.6,0.025718,0.3,0.246900,60.8,13.622000,1.7,O=C1ON=NO1,,[]
42,612.158710,0.7,0.036943,1.0,0.155500,8.0,12.147000,1.1,O=CC=O,,[]
42,645.328861,0.8,0.055355,4.4,0.234200,53.0,11.219000,0.7,CC=O,,[]
42,660.735473,0.8,0.028773,0.5,0.148500,5.1,18.268000,6.9,O=C1N=NON=N1,,[]
42,740.670140,1.5,0.025540,0.2,0.197700,24.7,16.955000,5.0,O=C(C#N)C#N,,[]
42,788.113621,2.3,0.051463,3.0,0.135500,2.1,14.117000,1.7,C1=NN=CN=N1,,[]
42,826.149481,3.0,0.042699,1.5,0.154300,7.5,17.906000,6.4,O=C1ON=NC=N1,,[]
42,855.199404,3.4,0.045968,2.1,0.115100,0.6,18.951000,7.5,O=CC(=O)C=O,,[]
42,1051.290467,8.3,0.045232,1.9,0.116900,0.7,24.735000,23.8,O=CC(=O)C(=O)C#N,,[]
42,1108.489211,10.9,0.055740,4.7,0.098300,0.1,25.564000,29.1,O=CC(=O)C(=O)C=O,,[]
42,1369.256420,25.7,0.100077,29.4,0.090100,0.0,29.533000,59.9,NC=[NH+]C1=NOC=C1[O-],,[]
42,1380.613087,26.2,0.100759,30.0,0.081400,0.0,30.409000,65.1,NC=[NH+]C1=NOC([O-])=C1,,[]
42,1577.996192,48.2,0.126623,53.3,0.095500,0.0,28.254000,49.4,[O-]C1=COC2=C1C[NH2+]C2,,[]
42,1599.184049,51.2,0.126135,52.6,0.103500,0.2,23.509000,18.3,C1=C2C3C4C1C1C2C3N41,,[]
43,213.087785,0.0,0.021375,0.1,0.361500,98.6,6.002000,0.0,O,,[]
43,301.820762,0.0,0.016601,0.0,0.379600,99.0,6.278000,0.0,C#N,,[]
43,385.502288,0.1,0.026841,0.4,0.335100,96.1,8.574000,0.2,C#C,,[]
43,427.706065,0.2,0.020349,0.1,0.259800,67.1,10.401000,0.5,O1N=NN=N1,,[]
43,494.017501,0.4,0.015951,0.0,0.277000,74.6,10.398000,0.5,N#CC#N,,[]
43,551.957961,0.4,0.026540,0.3,0.206600,31.2,11.329000,0.8,O=CC#N,,[]
43,562.327555,0.4,0.033459,0.7,0.256300,65.6,10.694000,0.5,O1N=CN=N1,,[]
43,605.972721,0.6,0.025718,0.3,0.246900,61.2,13.622000,1.6,O=C1ON=NO1,,[]
43,612.158710,0.6,0.036943,1.0,0.155500,8.0,12.147000,1.1,O=CC=O,,[]
43,645.328861,0.8,0.055355,4.4,0.234200,53.4,11.219000,0.8,CC=O,,[]
43,660.735473,0.8,0.028773,0.5,0.148500,5.1,18.268000,6.8,O=C1N=NON=N1,,[]
43,740.670140,1.5,0.025540,0.2,0.197700,24.9,16.955000,5.0,O=C(C#N)C#N,,[]
43,788.113621,2.3,0.051463,3.1,0.135500,2.0,14.117000,1.7,C1=NN=CN=N1,,[]
43,826.149481,3.0,0.042699,1.6,0.154300,7.4,17.906000,6.4,O=C1ON=NC=N1,,[]
43,855.199404,3.4,0.045968,2.1,0.115100,0.6,18.951000,7.5,O=CC(=O)C=O,,[]
43,1051.290467,8.4,0.045232,2.0,0.116900,0.7,24.735000,23.9,O=CC(=O)C(=O)C#N,,[]
43,1108.489211,10.9,0.055740,4.7,0.098300,0.1,25.564000,29.1,O=CC(=O)C(=O)C=O,,[]
43,1369.256420,25.7,0.100077,29.4,0.090100,0.0,29.533000,60.0,NC=[NH+]C1=NOC=C1[O-],,[]
43,1380.613087,26.3,0.100759,30.1,0.081400,0.0,30.409000,65.3,NC=[NH+]C1=NOC([O-])=C1,,[]
43,1577.996192,48.4,0.126623,53.5,0.095500,0.0,28.254000,49.4,[O-]C1=COC2=C1C[NH2+]C2,,[]
43,1599.184049,51.4,0.126135,52.9,0.103500,0.2,23.509000,18.3,C1=C2C3C4C1C1C2C3N41,,[]
44,213.087785,0.0,0.021375,0.1,0.361500,98.6,6.002000,0.0,O,,[]
44,301.820762,0.0,0.016601,0.0,0.379600,99.0,6.278000,0.0,C#N,,[]
44,385.502288,0.1,0.026841,0.4,0.335100,96.1,8.574000,0.2,C#C,,[]
44,427.706065,0.2,0.020349,0.1,0.259800,67.3,10.401000,0.5,O1N=NN=N1,,[]
44,494.017501,0.4,0.015951,0.0,0.277000,74.8,10.398000,0.5,N#CC#N,,[]
44,551.957961,0.4,0.026540,0.3,0.206600,31.5,11.329000,0.9,O=CC#N,,[]
44,562.327555,0.5,0.033459,0.6,0.256300,65.8,10.694000,0.6,O1N=CN=N1,,[]
44,605.972721,0.6,0.025718,0.3,0.246900,61.5,13.622000,1.6,O=C1ON=NO1,,[]
44,612.158710,0.6,0.036943,0.9,0.155500,8.0,12.147000,1.1,O=CC=O,,[]
44,645.328861,0.8,0.055355,4.4,0.234200,53.8,11.219000,0.8,CC=O,,[]
44,660.735473,0.8,0.028773,0.5,0.148500,5.1,18.268000,6.7,O=C1N=NON=N1,,[]
44,740.670140,1.5,0.025540,0.2,0.197700,25.2,16.955000,4.9,O=C(C#N)C#N,,[]
44,788.113621,2.3,0.051463,3.1,0.135500,2.0,14.117000,1.7,C1=NN=CN=N1,,[]
44,826.149481,3.0,0.042699,1.6,0.154300,7.4,17.906000,6.3,O=C1ON=NC=N1,,[]
44,855.199404,3.3,0.045968,2.1,0.115100,0.6,18.951000,7.4,O=CC(=O)C=O,,[]
44,1051.290467,8.3,0.045232,2.0,0.116900,0.7,24.735000,23.7,O=CC(=O)C(=O)C#N,,[]
44,1108.489211,10.8,0.055740,4.7,0.098300,0.1,25.564000,28.9,O=CC(=O)C(=O)C=O,,[]
44,1369.256420,25.7,0.100077,29.4,0.090100,0.0,29.533000,60.1,NC=[NH+]C1=NOC=C1[O-],,[]
44,1380.613087,26.2,0.100759,30.1,0.081400,0.0,30.409000,65.3,NC=[NH+]C1=NOC([O-])=C1,,[]
44,1577.996192,48.5,0.126623,53.8,0.095500,0.0,28.254000,49.5,[O-]C1=COC2=C1C[NH2+]C2,,[]
44,1599.184049,51.6,0.126135,53.2,0.103500,0.2,23.509000,18.2,C1=C2C3C4C1C1C2C3N41,,[]
45,213.087785,0.0,0.021375,0.1,0.361500,98.6,6.002000,0.0,O,,[]
45,276.861573,0.0,0.034358,0.8,0.339900,96.8,6.316000,0.1,N,,[]
45,301.820762,0.1,0.016601,0.0,0.379600,99.0,6.278000,0.0,C#N,,[]
45,385.502288,0.1,0.026841,0.4,0.335100,96.1,8.574000,0.2,C#C,,[]
45,427.706065,0.2,0.020349,0.1,0.259800,67.5,10.401000,0.5,O1N=NN=N1,,[]
45,494.017501,0.4,0.015951,0.0,0.277000,75.0,10.398000,0.5,N#CC#N,,[]
45,551.957961,0.4,0.026540,0.3,0.206600,31.5,11.329000,0.9,O=CC#N,,[]
45,562.327555,0.5,0.033459,0.6,0.256300,65.9,10.694000,0.6,O1N=CN=N1,,[]
45,605.972721,0.6,0.025718,0.2,0.246900,61.5,13.622000,1.6,O=C1ON=NO1,,[]
45,612.158710,0.7,0.036943,1.0,0.155500,7.9,12.147000,1.1,O=CC=O,,[]
45,645.328861,0.8,0.055355,4.5,0.234200,53.7,11.219000,0.8,CC=O,,[]
45,660.735473,0.8,0.028773,0.5,0.148500,5.1,18.268000,6.7,O=C1N=NON=N1,,[]
45,740.670140,1.5,0.025540,0.2,0.197700,25.2,16.955000,4.9,O=C(C#N)C#N,,[]
45,788.113621,2.2,0.051463,3.1,0.135500,2.0,14.117000,1.7,C1=NN=CN=N1,,[]
45,800.856456,2.5,0.035739,0.9,0.147500,4.7,18.042000,6.4,O=CC(=O)C#N,,[]
45,826.149481,3.0,0.042699,1.6,0.154300,7.4,17.906000,6.2,O=C1ON=NC=N1,,[]
45,855.199404,3.3,0.045968,2.2,0.115100,0.6,18.951000,7.3,O=CC(=O)C=O,,[]
45,1051.290467,8.3,0.045232,2.0,0.116900,0.7,24.735000,23.6,O=CC(=O)C(=O)C#N,,[]
45,1108.489211,10.8,0.055740,4.7,0.098300,0.1,25.564000,28.9,O=CC(=O)C(=O)C=O,,[]
45,1369.256420,25.6,0.100077,29.3,0.090100,0.0,29.533000,60.1,NC=[NH+]C1=NOC=C1[O-],,[]
45,1380.613087,26.1,0.100759,30.0,0.081400,0.0,30.409000,65.5,NC=[NH+]C1=NOC([O-])=C1,,[]
45,1577.996192,48.6,0.126623,53.9,0.095500,0.0,28.254000,49.5,[O-]C1=COC2=C1C[NH2+]C2,,[]
45,1599.184049,51.6,0.126135,53.2,0.103500,0.2,23.509000,18.1,C1=C2C3C4C1C1C2C3N41,,[]
46,213.087785,0.0,0.021375,0.1,0.361500,98.6,6.002000,0.0,O,,[]
46,276.861573,0.0,0.034358,0.8,0.339900,96.8,6.316000,0.1,N,,[]
46,301.820762,0.1,0.016601,0.0,0.379600,99.0,6.278000,0.0,C#N,,[]
46,358.757206,0.1,0.026603,0.4,0.226300,48.8,6.413000,0.1,C=O,,[]
46,427.706065,0.3,0.020349,0.1,0.259800,67.5,10.401000,0.5,O1N=NN=N1,,[]
46,494.017501,0.4,0.015951,0.0,0.277000,75.0,10.398000,0.5,N#CC#N,,[]
46,551.957961,0.4,0.026540,0.3,0.206600,31.6,11.329000,0.9,O=CC#N,,[]
46,605.972721,0.6,0.025718,0.2,0.246900,61.5,13.622000,1.6,O=C1ON=NO1,,[]
46,612.158710,0.7,0.036943,1.0,0.155500,8.0,12.147000,1.1,O=CC=O,,[]
46,660.735473,0.8,0.028773,0.5,0.148500,5.1,18.268000,6.7,O=C1N=NON=N1,,[]
46,740.670140,1.5,0.025540,0.2,0.197700,25.3,16.955000,4.8,O=C(C#N)C#N,,[]
46,788.113621,2.2,0.051463,3.1,0.135500,2.1,14.117000,1.7,C1=NN=CN=N1,,[]
46,800.856456,2.5,0.035739,0.9,0.147500,4.8,18.042000,6.4,O=CC(=O)C#N,,[]
46,826.149481,3.0,0.042699,1.7,0.154300,7.5,17.906000,6.2,O=C1ON=NC=N1,,[]
46,855.199404,3.4,0.045968,2.2,0.115100,0.6,18.951000,7.3,O=CC(=O)C=O,,[]
46,1051.290467,8.3,0.045232,2.1,0.116900,0.7,24.735000,23.6,O=CC(=O)C(=O)C#N,,[]
46,1108.489211,10.7,0.055740,4.7,0.098300,0.1,25.564000,28.9,O=CC(=O)C(=O)C=O,,[]
46,1369.256420,25.5,0.100077,29.3,0.090100,0.0,29.533000,60.2,NC=[NH+]C1=NOC=C1[O-],,[]
46,1380.613087,26.0,0.100759,30.0,0.081400,0.0,30.409000,65.5,NC=[NH+]C1=NOC([O-])=C1,,[]
46,1577.996192,48.6,0.126623,53.9,0.095500,0.0,28.254000,49.6,[O-]C1=COC2=C1C[NH2+]C2,,[]
46,1599.184049,51.7,0.126135,53.2,0.103500,0.2,23.509000,18.1,C1=C2C3C4C1C1C2C3N41,,[]
47,213.087785,0.0,0.021375,0.1,0.361500,98.6,6.002000,0.0,O,,[]
47,276.861573,0.1,0.034358,0.8,0.339900,96.8,6.316000,0.1,N,,[]
47,301.820762,0.1,0.016601,0.0,0.379600,99.0,6.278000,0.1,C#N,,[]
47,358.757206,0.1,0.026603,0.4,0.226300,48.9,6.413000,0.1,C=O,,[]
47,427.706065,0.3,0.020349,0.1,0.259800,67.7,10.401000,0.6,O1N=NN=N1,,[]
47,494.017501,0.4,0.015951,0.0,0.277000,75.2,10.398000,0.5,N#CC#N,,[]
47,551.957961,0.4,0.026540,0.3,0.206600,31.4,11.329000,0.9,O=CC#N,,[]
47,605.972721,0.6,0.025718,0.3,0.246900,61.7,13.622000,1.6,O=C1ON=NO1,,[]
47,612.158710,0.7,0.036943,1.0,0.155500,8.0,12.147000,1.1,O=CC=O,,[]
47,660.735473,0.8,0.028773,0.5,0.148500,5.1,18.268000,6.7,O=C1N=NON=N1,,[]
47,740.670140,1.5,0.025540,0.2,0.197700,25.0,16.955000,4.8,O=C(C#N)C#N,,[]
47,788.113621,2.2,0.051463,3.1,0.135500,2.0,14.117000,1.7,C1=NN=CN=N1,,[]
47,800.856456,2.5,0.035739,0.9,0.147500,4.7,18.042000,6.4,O=CC(=O)C#N,,[]
47,826.149481,3.0,0.042699,1.7,0.154300,7.4,17.906000,6.2,O=C1ON=NC=N1,,[]
47,855.199404,3.3,0.045968,2.2,0.115100,0.6,18.951000,7.4,O=CC(=O)C=O,,[]
47,1051.290467,8.3,0.045232,2.0,0.116900,0.7,24.735000,23.6,O=CC(=O)C(=O)C#N,,[]
47,1108.489211,10.7,0.055740,4.8,0.098300,0.1,25.564000,28.9,O=CC(=O)C(=O)C=O,,[]
47,1369.256420,25.5,0.100077,29.2,0.090100,0.0,29.533000,60.2,NC=[NH+]C1=NOC=C1[O-],,[]
47,1380.613087,26.0,0.100759,29.9,0.081400,0.0,30.409000,65.7,NC=[NH+]C1=NOC([O-])=C1,,[]
47,1577.996192,48.6,0.126623,54.1,0.095500,0.0,28.254000,49.7,[O-]C1=COC2=C1C[NH2+]C2,,[]
47,1599.184049,51.8,0.126135,53.4,0.103500,0.2,23.509000,18.2,C1=C2C3C4C1C1C2C3N41,,[]
48,213.087785,0.0,0.021375,0.1,0.361500,98.6,6.002000,0.0,O,,[]
48,276.861573,0.1,0.034358,0.8,0.339900,96.8,6.316000,0.1,N,,[]
48,301.820762,0.1,0.016601,0.0,0.379600,99.0,6.278000,0.1,C#N,,[]
48,358.757206,0.1,0.026603,0.4,0.226300,48.9,6.413000,0.1,C=O,,[]
48,427.706065,0.3,0.020349,0.1,0.259800,67.7,10.401000,0.6,O1N=NN=N1,,[]
48,494.017501,0.4,0.015951,0.0,0.277000,75.3,10.398000,0.5,N#CC#N,,[]
48,551.957961,0.4,0.026540,0.3,0.206600,31.5,11.329000,0.9,O=CC#N,,[]
48,605.972721,0.6,0.025718,0.3,0.246900,61.8,13.622000,1.6,O=C1ON=NO1,,[]
48,612.158710,0.7,0.036943,1.0,0.155500,8.0,12.147000,1.1,O=CC=O,,[]
48,660.735473,0.8,0.028773,0.5,0.148500,5.1,18.268000,6.6,O=C1N=NON=N1,,[]
48,740.670140,1.5,0.025540,0.2,0.197700,25.0,16.955000,4.8,O=C(C#N)C#N,,[]
48,788.113621,2.2,0.051463,3.1,0.135500,2.1,14.117000,1.7,C1=NN=CN=N1,,[]
48,800.856456,2.5,0.035739,0.9,0.147500,4.7,18.042000,6.3,O=CC(=O)C#N,,[]
48,826.149481,3.0,0.042699,1.7,0.154300,7.4,17.906000,6.1,O=C1ON=NC=N1,,[]
48,855.199404,3.3,0.045968,2.2,0.115100,0.6,18.951000,7.3,O=CC(=O)C=O,,[]
48,1051.290467,8.2,0.045232,2.1,0.116900,0.7,24.735000,23.4,O=CC(=O)C(=O)C#N,,[]
48,1108.489211,10.6,0.055740,4.7,0.098300,0.1,25.564000,28.6,O=CC(=O)C(=O)C=O,,[]
48,1369.256420,25.3,0.100077,29.1,0.090100,0.0,29.533000,60.1,NC=[NH+]C1=NOC=C1[O-],,[]
48,1380.613087,25.8,0.100759,29.8,0.081400,0.0,30.409000,65.4,NC=[NH+]C1=NOC([O-])=C1,,[]
48,1577.996192,48.6,0.126623,54.0,0.095500,0.1,28.254000,49.5,[O-]C1=COC2=C1C[NH2+]C2,,[]
48,1599.184049,51.7,0.126135,53.3,0.103500,0.2,23.509000,18.0,C1=C2C3C4C1C1C2C3N41,,[]
49,213.087785,0.0,0.021375,0.1,0.361500,98.6,6.002000,0.0,O,,[]
49,276.861573,0.1,0.034358,0.8,0.339900,96.8,6.316000,0.1,N,,[]
49,301.820762,0.1,0.016601,0.0,0.379600,99.1,6.278000,0.1,C#N,,[]
49,358.757206,0.1,0.026603,0.4,0.226300,49.1,6.413000,0.1,C=O,,[]
49,427.706065,0.3,0.020349,0.1,0.259800,67.8,10.401000,0.6,O1N=NN=N1,,[]
49,494.017501,0.4,0.015951,0.0,0.277000,75.3,10.398000,0.5,N#CC#N,,[]
49,551.957961,0.5,0.026540,0.3,0.206600,31.6,11.329000,0.9,O=CC#N,,[]
49,605.972721,0.6,0.025718,0.3,0.246900,61.8,13.622000,1.6,O=C1ON=NO1,,[]
49,612.158710,0.7,0.036943,1.0,0.155500,8.0,12.147000,1.1,O=CC=O,,[]
49,660.735473,0.8,0.028773,0.6,0.148500,5.2,18.268000,6.6,O=C1N=NON=N1,,[]
49,740.670140,1.5,0.025540,0.2,0.197700,25.1,16.955000,4.8,O=C(C#N)C#N,,[]
49,788.113621,2.2,0.051463,3.1,0.135500,2.1,14.117000,1.7,C1=NN=CN=N1,,[]
49,800.856456,2.5,0.035739,0.9,0.147500,4.8,18.042000,6.3,O=CC(=O)C#N,,[]
49,826.149481,3.0,0.042699,1.6,0.154300,7.4,17.906000,6.1,O=C1ON=NC=N1,,[]
49,855.199404,3.3,0.045968,2.2,0.115100,0.6,18.951000,7.2,O=CC(=O)C=O,,[]
49,1051.290467,8.2,0.045232,2.0,0.116900,0.7,24.735000,23.5,O=CC(=O)C(=O)C#N,,[]
49,1108.489211,10.5,0.055740,4.7,0.098300,0.1,25.564000,28.7,O=CC(=O)C(=O)C=O,,[]
49,1369.256420,25.2,0.100077,29.1,0.090100,0.0,29.533000,60.2,NC=[NH+]C1=NOC=C1[O-],,[]
49,1380.613087,25.8,0.100759,29.9,0.081400,0.0,30.409000,65.5,NC=[NH+]C1=NOC([O-])=C1,,[]
49,1577.996192,48.6,0.126623,54.1,0.095500,0.1,28.254000,49.6,[O-]C1=COC2=C1C[NH2+]C2,,[]
49,1599.184049,51.8,0.126135,53.4,0.103500,0.2,23.509000,18.0,C1=C2C3C4C1C1C2C3N41,,[]
50,213.087785,0.0,0.021375,0.1,0.361500,98.6,6.002000,0.0,O,,[]
50,276.861573,0.1,0.034358,0.8,0.339900,96.7,6.316000,0.1,N,,[]
50,301.820762,0.1,0.016601,0.0,0.379600,99.0,6.278000,0.1,C#N,,[]
50,358.757206,0.1,0.026603,0.4,0.226300,49.0,6.413000,0.1,C=O,,[]
50,427.706065,0.3,0.020349,0.1,0.259800,67.7,10.401000,0.6,O1N=NN=N1,,[]
50,494.017501,0.4,0.015951,0.0,0.277000,75.1,10.398000,0.5,N#CC#N,,[]
50,551.957961,0.5,0.026540,0.3,0.206600,31.5,11.329000,0.9,O=CC#N,,[]
50,605.972721,0.6,0.025718,0.3,0.246900,61.7,13.622000,1.7,O=C1ON=NO1,,[]
50,612.158710,0.7,0.036943,1.0,0.155500,8.1,12.147000,1.1,O=CC=O,,[]
50,660.735473,0.8,0.028773,0.6,0.148500,5.2,18.268000,6.6,O=C1N=NON=N1,,[]
50,740.670140,1.5,0.025540,0.2,0.197700,25.1,16.955000,4.8,O=C(C#N)C#N,,[]
50,788.113621,2.3,0.051463,3.1,0.135500,2.1,14.117000,1.7,C1=NN=CN=N1,,[]
50,800.856456,2.5,0.035739,0.9,0.147500,4.8,18.042000,6.3,O=CC(=O)C#N,,[]
50,826.149481,3.0,0.042699,1.7,0.154300,7.5,17.906000,6.1,O=C1ON=NC=N1,,[]
50,855.199404,3.3,0.045968,2.2,0.115100,0.6,18.951000,7.2,O=CC(=O)C=O,,[]
50,1051.290467,8.2,0.045232,2.0,0.116900,0.7,24.735000,23.4,O=CC(=O)C(=O)C#N,,[]
50,1108.489211,10.5,0.055740,4.7,0.098300,0.1,25.564000,28.7,O=CC(=O)C(=O)C=O,,[]
50,1369.256420,25.2,0.100077,29.0,0.090100,0.0,29.533000,60.1,NC=[NH+]C1=NOC=C1[O-],,[]
50,1380.613087,25.7,0.100759,29.8,0.081400,0.0,30.409000,65.4,NC=[NH+]C1=NOC([O-])=C1,,[]
50,1577.996192,48.6,0.126623,54.1,0.095500,0.1,28.254000,49.6,[O-]C1=COC2=C1C[NH2+]C2,,[]
50,1599.184049,51.8,0.126135,53.4,0.103500,0.2,23.509000,17.9,C1=C2C3C4C1C1C2C3N41,,[]
51,213.087785,0.0,0.021375,0.1,0.361500,98.6,6.002000,0.0,O,,[]
51,276.861573,0.1,0.034358,0.8,0.339900,96.7,6.316000,0.1,N,,[]
51,301.820762,0.1,0.016601,0.0,0.379600,99.0,6.278000,0.1,C#N,,[]
51,358.757206,0.1,0.026603,0.4,0.226300,49.0,6.413000,0.1,C=O,,[]
51,427.706065,0.3,0.020349,0.1,0.259800,67.8,10.401000,0.6,O1N=NN=N1,,[]
51,494.017501,0.4,0.015951,0.0,0.277000,75.2,10.398000,0.6,N#CC#N,,[]
51,551.957961,0.5,0.026540,0.3,0.206600,31.5,11.329000,0.9,O=CC#N,,[]
51,605.972721,0.6,0.025718,0.3,0.246900,61.8,13.622000,1.7,O=C1ON=NO1,,[]
51,612.158710,0.7,0.036943,1.0,0.155500,8.0,12.147000,1.1,O=CC=O,,[]
51,660.735473,0.9,0.028773,0.6,0.148500,5.1,18.268000,6.6,O=C1N=NON=N1,,[]
51,740.670140,1.5,0.025540,0.2,0.197700,25.0,16.955000,4.8,O=C(C#N)C#N,,[]
51,788.113621,2.3,0.051463,3.1,0.135500,2.1,14.117000,1.7,C1=NN=CN=N1,,[]
51,800.856456,2.6,0.035739,0.9,0.147500,4.8,18.042000,6.3,O=CC(=O)C#N,,[]
51,826.149481,3.0,0.042699,1.6,0.154300,7.4,17.906000,6.1,O=C1ON=NC=N1,,[]
51,855.199404,3.3,0.045968,2.2,0.115100,0.6,18.951000,7.2,O=CC(=O)C=O,,[]
51,1051.290467,8.1,0.045232,2.0,0.116900,0.7,24.735000,23.3,O=CC(=O)C(=O)C#N,,[]
51,1108.489211,10.5,0.055740,4.7,0.098300,0.1,25.564000,28.6,O=CC(=O)C(=O)C=O,,[]
51,1369.256420,25.1,0.100077,29.0,0.090100,0.0,29.533000,60.0,NC=[NH+]C1=NOC=C1[O-],,[]
51,1380.613087,25.7,0.100759,29.8,0.081400,0.0,30.409000,65.5,NC=[NH+]C1=NOC([O-])=C1,,[]
51,1577.996192,48.6,0.126623,54.0,0.095500,0.1,28.254000,49.6,[O-]C1=COC2=C1C[NH2+]C2,,[]
51,1599.184049,51.7,0.126135,53.3,0.103500,0.2,23.509000,17.8,C1=C2C3C4C1C1C2C3N41,,[]
52,213.087785,0.0,0.021375,0.1,0.361500,98.6,6.002000,0.0,O,,[]
52,276.861573,0.1,0.034358,0.8,0.339900,96.7,6.316000,0.1,N,,[]
52,301.820762,0.1,0.016601,0.0,0.379600,99.0,6.278000,0.1,C#N,,[]
52,358.757206,0.1,0.026603,0.4,0.226300,49.0,6.413000,0.1,C=O,,[]
52,427.706065,0.3,0.020349,0.1,0.259800,67.9,10.401000,0.6,O1N=NN=N1,,[]
52,494.017501,0.4,0.015951,0.0,0.277000,75.3,10.398000,0.5,N#CC#N,,[]
52,551.957961,0.4,0.026540,0.3,0.206600,31.5,11.329000,0.9,O=CC#N,,[]
52,605.972721,0.6,0.025718,0.3,0.246900,61.8,13.622000,1.7,O=C1ON=NO1,,[]
52,612.158710,0.7,0.036943,1.0,0.155500,8.0,12.147000,1.1,O=CC=O,,[]
52,660.735473,0.8,0.028773,0.5,0.148500,5.1,18.268000,6.6,O=C1N=NON=N1,,[]
52,740.670140,1.5,0.025540,0.2,0.197700,25.0,16.955000,4.8,O=C(C#N)C#N,,[]
52,788.113621,2.3,0.051463,3.1,0.135500,2.1,14.117000,1.7,C1=NN=CN=N1,,[]
52,800.856456,2.5,0.035739,0.9,0.147500,4.7,18.042000,6.3,O=CC(=O)C#N,,[]
52,826.149481,3.0,0.042699,1.7,0.154300,7.4,17.906000,6.1,O=C1ON=NC=N1,,[]
52,855.199404,3.3,0.045968,2.2,0.115100,0.6,18.951000,7.2,O=CC(=O)C=O,,[]
52,1051.290467,8.1,0.045232,2.0,0.116900,0.6,24.735000,23.2,O=CC(=O)C(=O)C#N,,[]
52,1108.489211,10.5,0.055740,4.7,0.098300,0.1,25.564000,28.3,O=CC(=O)C(=O)C=O,,[]
52,1369.256420,25.0,0.100077,29.0,0.090100,0.0,29.533000,59.9,NC=[NH+]C1=NOC=C1[O-],,[]
52,1380.613087,25.6,0.100759,29.7,0.081400,0.0,30.409000,65.3,NC=[NH+]C1=NOC([O-])=C1,,[]
52,1577.996192,48.5,0.126623,54.0,0.095500,0.1,28.254000,49.5,[O-]C1=COC2=C1C[NH2+]C2,,[]
52,1599.184049,51.7,0.126135,53.3,0.103500,0.2,23.509000,17.7,C1=C2C3C4C1C1C2C3N41,,[]
53,213.087785,0.0,0.021375,0.1,0.361500,98.6,6.002000,0.0,O,,[]
53,276.861573,0.1,0.034358,0.8,0.339900,96.8,6.316000,0.1,N,,[]
53,301.820762,0.1,0.016601,0.0,0.379600,99.1,6.278000,0.1,C#N,,[]
53,358.757206,0.1,0.026603,0.4,0.226300,48.9,6.413000,0.1,C=O,,[]
53,427.706065,0.3,0.020349,0.1,0.259800,67.8,10.401000,0.6,O1N=NN=N1,,[]
53,494.017501,0.4,0.015951,0.0,0.277000,75.3,10.398000,0.6,N#CC#N,,[]
53,551.957961,0.5,0.026540,0.3,0.206600,31.5,11.329000,0.9,O=CC#N,,[]
53,605.972721,0.6,0.025718,0.3,0.246900,61.7,13.622000,1.6,O=C1ON=NO1,,[]
53,612.158710,0.7,0.036943,1.0,0.155500,8.0,12.147000,1.1,O=CC=O,,[]
53,660.735473,0.8,0.028773,0.6,0.148500,5.1,18.268000,6.5,O=C1N=NON=N1,,[]
53,740.670140,1.5,0.025540,0.2,0.197700,25.0,16.955000,4.7,O=C(C#N)C#N,,[]
53,788.113621,2.3,0.051463,3.1,0.135500,2.1,14.117000,1.7,C1=NN=CN=N1,,[]
53,800.856456,2.5,0.035739,0.9,0.147500,4.8,18.042000,6.2,O=CC(=O)C#N,,[]
53,826.149481,3.0,0.042699,1.7,0.154300,7.4,17.906000,6.1,O=C1ON=NC=N1,,[]
53,855.199404,3.3,0.045968,2.2,0.115100,0.6,18.951000,7.1,O=CC(=O)C=O,,[]
53,1051.290467,8.1,0.045232,2.1,0.116900,0.6,24.735000,23.1,O=CC(=O)C(=O)C#N,,[]
53,1108.489211,10.4,0.055740,4.7,0.098300,0.1,25.564000,28.3,O=CC(=O)C(=O)C=O,,[]
53,1369.256420,24.8,0.100077,28.8,0.090100,0.0,29.533000,59.6,NC=[NH+]C1=NOC=C1[O-],,[]
53,1380.613087,25.4,0.100759,29.6,0.081400,0.0,30.409000,65.1,NC=[NH+]C1=NOC([O-])=C1,,[]
53,1577.996192,48.4,0.126623,53.9,0.095500,0.1,28.254000,49.3,[O-]C1=COC2=C1C[NH2+]C2,,[]
53,1599.184049,51.5,0.126135,53.2,0.103500,0.2,23.509000,17.6,C1=C2C3C4C1C1C2C3N41,,[]
54,213.087785,0.0,0.021375,0.1,0.361500,98.7,6.002000,0.0,O,,[]
54,276.861573,0.1,0.034358,0.8,0.339900,96.8,6.316000,0.1,N,,[]
54,301.820762,0.1,0.016601,0.0,0.379600,99.1,6.278000,0.1,C#N,,[]
54,358.757206,0.1,0.026603,0.4,0.226300,48.7,6.413000,0.1,C=O,,[]
54,427.706065,0.3,0.020349,0.1,0.259800,67.6,10.401000,0.6,O1N=NN=N1,,[]
54,494.017501,0.4,0.015951,0.0,0.277000,75.3,10.398000,0.6,N#CC#N,,[]
54,551.957961,0.5,0.026540,0.3,0.206600,31.3,11.329000,0.9,O=CC#N,,[]
54,605.972721,0.6,0.025718,0.3,0.246900,61.6,13.622000,1.6,O=C1ON=NO1,,[]
54,612.158710,0.7,0.036943,1.0,0.155500,8.0,12.147000,1.1,O=CC=O,,[]
54,660.735473,0.8,0.028773,0.6,0.148500,5.1,18.268000,6.5,O=C1N=NON=N1,,[]
54,740.670140,1.5,0.025540,0.2,0.197700,24.8,16.955000,4.7,O=C(C#N)C#N,,[]
54,788.113621,2.3,0.051463,3.1,0.135500,2.1,14.117000,1.7,C1=NN=CN=N1,,[]
54,800.856456,2.5,0.035739,0.9,0.147500,4.7,18.042000,6.2,O=CC(=O)C#N,,[]
54,826.149481,3.0,0.042699,1.7,0.154300,7.4,17.906000,6.0,O=C1ON=NC=N1,,[]
54,855.199404,3.3,0.045968,2.1,0.115100,0.5,18.951000,7.1,O=CC(=O)C=O,,[]
54,1051.290467,8.0,0.045232,2.0,0.116900,0.6,24.735000,23.1,O=CC(=O)C(=O)C#N,,[]
54,1108.489211,10.4,0.055740,4.7,0.098300,0.1,25.564000,28.2,O=CC(=O)C(=O)C=O,,[]
54,1369.256420,24.8,0.100077,28.6,0.090100,0.0,29.533000,59.5,NC=[NH+]C1=NOC=C1[O-],,[]
54,1380.613087,25.3,0.100759,29.4,0.081400,0.0,30.409000,65.1,NC=[NH+]C1=NOC([O-])=C1,,[]
54,1577.996192,48.2,0.126623,53.8,0.095500,0.1,28.254000,49.1,[O-]C1=COC2=C1C[NH2+]C2,,[]
54,1599.184049,51.4,0.126135,53.2,0.103500,0.2,23.509000,17.6,C1=C2C3C4C1C1C2C3N41,,[]
55,213.087785,0.0,0.021375,0.1,0.361500,98.7,6.002000,0.0,O,,[]
55,276.861573,0.1,0.034358,0.8,0.339900,96.9,6.316000,0.1,N,,[]
55,301.820762,0.1,0.016601,0.0,0.379600,99.1,6.278000,0.1,C#N,,[]
55,358.757206,0.1,0.026603,0.3,0.226300,48.7,6.413000,0.1,C=O,,[]
55,427.706065,0.3,0.020349,0.1,0.259800,67.7,10.401000,0.6,O1N=NN=N1,,[]
55,494.017501,0.4,0.015951,0.0,0.277000,75.4,10.398000,0.6,N#CC#N,,[]
55,551.957961,0.5,0.026540,0.3,0.206600,31.4,11.329000,0.9,O=CC#N,,[]
55,605.972721,0.6,0.025718,0.3,0.246900,61.6,13.622000,1.6,O=C1ON=NO1,,[]
55,612.158710,0.7,0.036943,1.0,0.155500,8.0,12.147000,1.1,O=CC=O,,[]
55,660.735473,0.8,0.028773,0.6,0.148500,5.1,18.268000,6.4,O=C1N=NON=N1,,[]
55,740.670140,1.5,0.025540,0.2,0.197700,25.0,16.955000,4.7,O=C(C#N)C#N,,[]
55,788.113621,2.3,0.051463,3.1,0.135500,2.1,14.117000,1.7,C1=NN=CN=N1,,[]
55,800.856456,2.5,0.035739,0.9,0.147500,4.7,18.042000,6.1,O=CC(=O)C#N,,[]
55,826.149481,2.9,0.042699,1.7,0.154300,7.4,17.906000,6.0,O=C1ON=NC=N1,,[]
55,855.199404,3.2,0.045968,2.1,0.115100,0.5,18.951000,7.0,O=CC(=O)C=O,,[]
55,1051.290467,8.0,0.045232,2.0,0.116900,0.6,24.735000,23.0,O=CC(=O)C(=O)C#N,,[]
55,1108.489211,10.4,0.055740,4.7,0.098300,0.1,25.564000,28.2,O=CC(=O)C(=O)C=O,,[]
55,1369.256420,24.7,0.100077,28.6,0.090100,0.0,29.533000,59.5,NC=[NH+]C1=NOC=C1[O-],,[]
55,1380.613087,25.3,0.100759,29.4,0.081400,0.0,30.409000,65.2,NC=[NH+]C1=NOC([O-])=C1,,[]
55,1577.996192,48.3,0.126623,53.8,0.095500,0.1,28.254000,49.1,[O-]C1=COC2=C1C[NH2+]C2,,[]
55,1599.184049,51.4,0.126135,53.2,0.103500,0.2,23.509000,17.5,C1=C2C3C4C1C1C2C3N41,,[]
56,213.087785,0.0,0.021375,0.1,0.361500,98.7,6.002000,0.0,O,,[]
56,276.861573,0.1,0.034358,0.8,0.339900,96.8,6.316000,0.1,N,,[]
56,301.820762,0.1,0.016601,0.0,0.379600,99.1,6.278000,0.1,C#N,,[]
56,358.757206,0.1,0.026603,0.4,0.226300,48.7,6.413000,0.1,C=O,,[]
56,427.706065,0.3,0.020349,0.1,0.259800,67.8,10.401000,0.6,O1N=NN=N1,,[]
56,494.017501,0.4,0.015951,0.0,0.277000,75.4,10.398000,0.5,N#CC#N,,[]
56,551.957961,0.5,0.026540,0.3,0.206600,31.4,11.329000,0.9,O=CC#N,,[]
56,605.972721,0.6,0.025718,0.3,0.246900,61.7,13.622000,1.6,O=C1ON=NO1,,[]
56,612.158710,0.7,0.036943,1.0,0.155500,8.0,12.147000,1.1,O=CC=O,,[]
56,660.735473,0.8,0.028773,0.6,0.148500,5.2,18.268000,6.3,O=C1N=NON=N1,,[]
56,740.670140,1.5,0.025540,0.2,0.197700,25.0,16.955000,4.6,O=C(C#N)C#N,,[]
56,788.113621,2.3,0.051463,3.1,0.135500,2.1,14.117000,1.7,C1=NN=CN=N1,,[]
56,800.856456,2.5,0.035739,0.9,0.147500,4.8,18.042000,6.1,O=CC(=O)C#N,,[]
56,826.149481,2.9,0.042699,1.7,0.154300,7.5,17.906000,5.9,O=C1ON=NC=N1,,[]
56,855.199404,3.2,0.045968,2.1,0.115100,0.5,18.951000,7.0,O=CC(=O)C=O,,[]
56,1051.290467,8.0,0.045232,2.0,0.116900,0.6,24.735000,23.0,O=CC(=O)C(=O)C#N,,[]
56,1108.489211,10.3,0.055740,4.6,0.098300,0.1,25.564000,28.2,O=CC(=O)C(=O)C=O,,[]
56,1369.256420,24.6,0.100077,28.6,0.090100,0.0,29.533000,59.7,NC=[NH+]C1=NOC=C1[O-],,[]
56,1380.613087,25.2,0.100759,29.4,0.081400,0.0,30.409000,65.4,NC=[NH+]C1=NOC([O-])=C1,,[]
56,1577.996192,48.4,0.126623,53.9,0.095500,0.1,28.254000,49.2,[O-]C1=COC2=C1C[NH2+]C2,,[]
56,1599.184049,51.5,0.126135,53.3,0.103500,0.2,23.509000,17.5,C1=C2C3C4C1C1C2C3N41,,[]
57,213.087785,0.0,0.021375,0.1,0.361500,98.7,6.002000,0.0,O,,[]
57,276.861573,0.1,0.034358,0.8,0.339900,96.9,6.316000,0.1,N,,[]
57,301.820762,0.1,0.016601,0.1,0.379600,99.1,6.278000,0.1,C#N,,[]
57,358.757206,0.1,0.026603,0.4,0.226300,48.9,6.413000,0.1,C=O,,[]
57,427.706065,0.3,0.020349,0.1,0.259800,68.0,10.401000,0.6,O1N=NN=N1,,[]
57,494.017501,0.4,0.015951,0.0,0.277000,75.7,10.398000,0.5,N#CC#N,,[]
57,551.957961,0.5,0.026540,0.3,0.206600,31.5,11.329000,0.9,O=CC#N,,[]
57,605.972721,0.6,0.025718,0.3,0.246900,61.9,13.622000,1.7,O=C1ON=NO1,,[]
57,612.158710,0.7,0.036943,1.1,0.155500,8.1,12.147000,1.1,O=CC=O,,[]
57,660.735473,0.8,0.028773,0.6,0.148500,5.2,18.268000,6.4,O=C1N=NON=N1,,[]
57,740.670140,1.5,0.025540,0.2,0.197700,25.1,16.955000,4.7,O=C(C#N)C#N,,[]
57,788.113621,2.3,0.051463,3.1,0.135500,2.1,14.117000,1.8,C1=NN=CN=N1,,[]
57,800.856456,2.5,0.035739,1.0,0.147500,4.8,18.042000,6.1,O=CC(=O)C#N,,[]
57,826.149481,3.0,0.042699,1.7,0.154300,7.5,17.906000,5.9,O=C1ON=NC=N1,,[]
57,855.199404,3.3,0.045968,2.2,0.115100,0.5,18.951000,7.0,O=CC(=O)C=O,,[]
57,1051.290467,8.0,0.045232,2.0,0.116900,0.6,24.735000,23.0,O=CC(=O)C(=O)C#N,,[]
57,1108.489211,10.3,0.055740,4.7,0.098300,0.1,25.564000,28.1,O=CC(=O)C(=O)C=O,,[]
57,1369.256420,24.6,0.100077,28.5,0.090100,0.0,29.533000,59.9,NC=[NH+]C1=NOC=C1[O-],,[]
57,1380.613087,25.2,0.100759,29.3,0.081400,0.0,30.409000,65.6,NC=[NH+]C1=NOC([O-])=C1,,[]
57,1577.996192,48.5,0.126623,54.0,0.095500,0.1,28.254000,49.4,[O-]C1=COC2=C1C[NH2+]C2,,[]
57,1599.184049,51.5,0.126135,53.3,0.103500,0.2,23.509000,17.4,C1=C2C3C4C1C1C2C3N41,,[]
58,213.087785,0.0,0.021375,0.1,0.361500,98.7,6.002000,0.0,O,,[]
58,276.861573,0.1,0.034358,0.8,0.339900,96.9,6.316000,0.1,N,,[]
58,301.820762,0.1,0.016601,0.1,0.379600,99.1,6.278000,0.1,C#N,,[]
58,358.757206,0.1,0.026603,0.4,0.226300,49.0,6.413000,0.1,C=O,,[]
58,427.706065,0.3,0.020349,0.1,0.259800,68.0,10.401000,0.6,O1N=NN=N1,,[]
58,494.017501,0.4,0.015951,0.0,0.277000,75.7,10.398000,0.5,N#CC#N,,[]
58,551.957961,0.5,0.026540,0.3,0.206600,31.6,11.329000,0.9,O=CC#N,,[]
58,605.972721,0.6,0.025718,0.3,0.246900,61.8,13.622000,1.7,O=C1ON=NO1,,[]
58,612.158710,0.7,0.036943,1.1,0.155500,8.0,12.147000,1.1,O=CC=O,,[]
58,660.735473,0.9,0.028773,0.6,0.148500,5.2,18.268000,6.3,O=C1N=NON=N1,,[]
58,740.670140,1.5,0.025540,0.2,0.197700,25.2,16.955000,4.6,O=C(C#N)C#N,,[]
58,788.113621,2.3,0.051463,3.1,0.135500,2.2,14.117000,1.8,C1=NN=CN=N1,,[]
58,800.856456,2.5,0.035739,0.9,0.147500,4.8,18.042000,6.1,O=CC(=O)C#N,,[]
58,826.149481,3.0,0.042699,1.7,0.154300,7.4,17.906000,5.9,O=C1ON=NC=N1,,[]
58,855.199404,3.3,0.045968,2.2,0.115100,0.5,18.951000,6.9,O=CC(=O)C=O,,[]
58,1051.290467,8.0,0.045232,2.1,0.116900,0.6,24.735000,22.9,O=CC(=O)C(=O)C#N,,[]
58,1108.489211,10.3,0.055740,4.7,0.098300,0.1,25.564000,28.1,O=CC(=O)C(=O)C=O,,[]
58,1369.256420,24.5,0.100077,28.4,0.090100,0.0,29.533000,59.9,NC=[NH+]C1=NOC=C1[O-],,[]
58,1380.613087,25.0,0.100759,29.2,0.081400,0.0,30.409000,65.6,NC=[NH+]C1=NOC([O-])=C1,,[]
58,1577.996192,48.5,0.126623,54.0,0.095500,0.1,28.254000,49.4,[O-]C1=COC2=C1C[NH2+]C2,,[]
58,1599.184049,51.5,0.126135,53.3,0.103500,0.2,23.509000,17.3,C1=C2C3C4C1C1C2C3N41,,[]
59,213.087785,0.0,0.021375,0.1,0.361500,98.7,6.002000,0.0,O,,[]
59,276.861573,0.1,0.034358,0.8,0.339900,96.9,6.316000,0.1,N,,[]
59,301.820762,0.1,0.016601,0.1,0.379600,99.1,6.278000,0.1,C#N,,[]
59,358.757206,0.1,0.026603,0.4,0.226300,48.9,6.413000,0.1,C=O,,[]
59,427.706065,0.3,0.020349,0.1,0.259800,68.0,10.401000,0.6,O1N=NN=N1,,[]
59,494.017501,0.4,0.015951,0.0,0.277000,75.7,10.398000,0.5,N#CC#N,,[]
59,551.957961,0.5,0.026540,0.3,0.206600,31.7,11.329000,0.9,O=CC#N,,[]
59,605.972721,0.6,0.025718,0.3,0.246900,61.7,13.622000,1.7,O=C1ON=NO1,,[]
59,612.158710,0.7,0.036943,1.1,0.155500,8.1,12.147000,1.1,O=CC=O,,[]
59,660.735473,0.9,0.028773,0.6,0.148500,5.2,18.268000,6.3,O=C1N=NON=N1,,[]
59,740.670140,1.5,0.025540,0.2,0.197700,25.2,16.955000,4.7,O=C(C#N)C#N,,[]
59,788.113621,2.3,0.051463,3.1,0.135500,2.2,14.117000,1.8,C1=NN=CN=N1,,[]
59,800.856456,2.5,0.035739,0.9,0.147500,4.8,18.042000,6.1,O=CC(=O)C#N,,[]
59,826.149481,3.0,0.042699,1.7,0.154300,7.5,17.906000,5.9,O=C1ON=NC=N1,,[]
59,855.199404,3.3,0.045968,2.2,0.115100,0.5,18.951000,6.9,O=CC(=O)C=O,,[]
59,1051.290467,8.0,0.045232,2.1,0.116900,0.6,24.735000,22.7,O=CC(=O)C(=O)C#N,,[]
59,1108.489211,10.3,0.055740,4.6,0.098300,0.1,25.564000,27.9,O=CC(=O)C(=O)C=O,,[]
59,1369.256420,24.4,0.100077,28.3,0.090100,0.0,29.533000,59.8,NC=[NH+]C1=NOC=C1[O-],,[]
59,1380.613087,25.0,0.100759,29.1,0.081400,0.0,30.409000,65.4,NC=[NH+]C1=NOC([O-])=C1,,[]
59,1577.996192,48.5,0.126623,53.9,0.095500,0.1,28.254000,49.3,[O-]C1=COC2=C1C[NH2+]C2,,[]
59,1599.184049,51.4,0.126135,53.3,0.103500,0.2,23.509000,17.3,C1=C2C3C4C1C1C2C3N41,,[]
60,213.087785,0.0,0.021375,0.1,0.361500,98.7,6.002000,0.0,O,,[]
60,276.861573,0.1,0.034358,0.8,0.339900,96.9,6.316000,0.1,N,,[]
60,301.820762,0.1,0.016601,0.1,0.379600,99.1,6.278000,0.1,C#N,,[]
60,358.757206,0.1,0.026603,0.4,0.226300,48.9,6.413000,0.1,C=O,,[]
60,427.706065,0.3,0.020349,0.1,0.259800,68.0,10.401000,0.6,O1N=NN=N1,,[]
60,494.017501,0.4,0.015951,0.0,0.277000,75.7,10.398000,0.5,N#CC#N,,[]
60,551.957961,0.5,0.026540,0.3,0.206600,31.7,11.329000,0.9,O=CC#N,,[]
60,605.972721,0.7,0.025718,0.3,0.246900,61.7,13.622000,1.7,O=C1ON=NO1,,[]
60,612.158710,0.7,0.036943,1.1,0.155500,8.1,12.147000,1.1,O=CC=O,,[]
60,660.735473,0.9,0.028773,0.6,0.148500,5.2,18.268000,6.3,O=C1N=NON=N1,,[]
60,740.670140,1.5,0.025540,0.2,0.197700,25.3,16.955000,4.6,O=C(C#N)C#N,,[]
60,788.113621,2.3,0.051463,3.1,0.135500,2.2,14.117000,1.8,C1=NN=CN=N1,,[]
60,800.856456,2.5,0.035739,1.0,0.147500,4.8,18.042000,6.0,O=CC(=O)C#N,,[]
60,826.149481,3.0,0.042699,1.7,0.154300,7.5,17.906000,5.9,O=C1ON=NC=N1,,[]
60,855.199404,3.3,0.045968,2.2,0.115100,0.5,18.951000,6.9,O=CC(=O)C=O,,[]
60,1051.290467,7.9,0.045232,2.1,0.116900,0.6,24.735000,22.7,O=CC(=O)C(=O)C#N,,[]
60,1108.489211,10.2,0.055740,4.6,0.098300,0.1,25.564000,27.9,O=CC(=O)C(=O)C=O,,[]
60,1369.256420,24.3,0.100077,28.3,0.090100,0.0,29.533000,59.8,NC=[NH+]C1=NOC=C1[O-],,[]
60,1380.613087,24.9,0.100759,29.0,0.081400,0.0,30.409000,65.4,NC=[NH+]C1=NOC([O-])=C1,,[]
60,1577.996192,48.4,0.126623,53.9,0.095500,0.1,28.254000,49.2,[O-]C1=COC2=C1C[NH2+]C2,,[]
60,1599.184049,51.4,0.126135,53.3,0.103500,0.2,23.509000,17.2,C1=C2C3C4C1C1C2C3N41,,[]
61,213.087785,0.0,0.021375,0.1,0.361500,98.7,6.002000,0.0,O,,[]
61,276.861573,0.1,0.034358,0.8,0.339900,96.9,6.316000,0.1,N,,[]
61,301.820762,0.1,0.016601,0.0,0.379600,99.1,6.278000,0.1,C#N,,[]
61,358.757206,0.1,0.026603,0.4,0.226300,49.0,6.413000,0.1,C=O,,[]
61,427.706065,0.3,0.020349,0.1,0.259800,68.1,10.401000,0.6,O1N=NN=N1,,[]
61,494.017501,0.4,0.015951,0.0,0.277000,75.7,10.398000,0.6,N#CC#N,,[]
61,551.957961,0.5,0.026540,0.3,0.206600,31.7,11.329000,0.9,O=CC#N,,[]
61,605.972721,0.7,0.025718,0.3,0.246900,61.7,13.622000,1.7,O=C1ON=NO1,,[]
61,612.158710,0.7,0.036943,1.1,0.155500,8.1,12.147000,1.1,O=CC=O,,[]
61,660.735473,0.9,0.028773,0.6,0.148500,5.2,18.268000,6.3,O=C1N=NON=N1,,[]
61,740.670140,1.5,0.025540,0.2,0.197700,25.2,16.955000,4.7,O=C(C#N)C#N,,[]
61,788.113621,2.3,0.051463,3.0,0.135500,2.2,14.117000,1.8,C1=NN=CN=N1,,[]
61,800.856456,2.5,0.035739,1.0,0.147500,4.8,18.042000,6.1,O=CC(=O)C#N,,[]
61,826.149481,3.0,0.042699,1.7,0.154300,7.5,17.906000,5.9,O=C1ON=NC=N1,,[]
61,855.199404,3.3,0.045968,2.2,0.115100,0.5,18.951000,7.0,O=CC(=O)C=O,,[]
61,1051.290467,8.0,0.045232,2.0,0.116900,0.6,24.735000,22.8,O=CC(=O)C(=O)C#N,,[]
61,1108.489211,10.2,0.055740,4.6,0.098300,0.1,25.564000,27.9,O=CC(=O)C(=O)C=O,,[]
61,1369.256420,24.4,0.100077,28.3,0.090100,0.0,29.533000,59.7,NC=[NH+]C1=NOC=C1[O-],,[]
61,1380.613087,24.9,0.100759,29.1,0.081400,0.0,30.409000,65.4,NC=[NH+]C1=NOC([O-])=C1,,[]
61,1577.996192,48.5,0.126623,54.1,0.095500,0.0,28.254000,49.2,[O-]C1=COC2=C1C[NH2+]C2,,[]
61,1599.184049,51.5,0.126135,53.5,0.103500,0.2,23.509000,17.3,C1=C2C3C4C1C1C2C3N41,,[]
62,213.087785,0.0,0.021375,0.2,0.361500,98.7,6.002000,0.0,O,,[]
62,276.861573,0.1,0.034358,0.8,0.339900,97.0,6.316000,0.1,N,,[]
62,301.820762,0.1,0.016601,0.0,0.379600,99.1,6.278000,0.1,C#N,,[]
62,358.757206,0.1,0.026603,0.4,0.226300,49.0,6.413000,0.1,C=O,,[]
62,427.706065,0.3,0.020349,0.1,0.259800,68.1,10.401000,0.6,O1N=NN=N1,,[]
62,494.017501,0.4,0.015951,0.0,0.277000,75.7,10.398000,0.6,N#CC#N,,[]
62,551.957961,0.5,0.026540,0.3,0.206600,31.8,11.329000,0.9,O=CC#N,,[]
62,605.972721,0.7,0.025718,0.3,0.246900,61.8,13.622000,1.7,O=C1ON=NO1,,[]
62,612.158710,0.7,0.036943,1.1,0.155500,8.1,12.147000,1.1,O=CC=O,,[]
62,660.735473,0.9,0.028773,0.6,0.148500,5.2,18.268000,6.3,O=C1N=NON=N1,,[]
62,740.670140,1.5,0.025540,0.2,0.197700,25.3,16.955000,4.7,O=C(C#N)C#N,,[]
62,788.113621,2.3,0.051463,3.1,0.135500,2.2,14.117000,1.8,C1=NN=CN=N1,,[]
62,800.856456,2.5,0.035739,1.0,0.147500,4.8,18.042000,6.0,O=CC(=O)C#N,,[]
62,826.149481,3.0,0.042699,1.7,0.154300,7.5,17.906000,5.9,O=C1ON=NC=N1,,[]
62,855.199404,3.3,0.045968,2.2,0.115100,0.5,18.951000,6.9,O=CC(=O)C=O,,[]
62,1051.290467,7.9,0.045232,2.0,0.116900,0.6,24.735000,22.7,O=CC(=O)C(=O)C#N,,[]
62,1108.489211,10.1,0.055740,4.6,0.098300,0.1,25.564000,27.9,O=CC(=O)C(=O)C=O,,[]
62,1369.256420,24.2,0.100077,28.2,0.090100,0.0,29.533000,59.6,NC=[NH+]C1=NOC=C1[O-],,[]
62,1380.613087,24.8,0.100759,28.9,0.081400,0.0,30.409000,65.3,NC=[NH+]C1=NOC([O-])=C1,,[]
62,1577.996192,48.3,0.126623,54.0,0.095500,0.0,28.254000,49.1,[O-]C1=COC2=C1C[NH2+]C2,,[]
62,1599.184049,51.3,0.126135,53.4,0.103500,0.2,23.509000,17.2,C1=C2C3C4C1C1C2C3N41,,[]
63,213.087785,0.0,0.021375,0.2,0.361500,98.7,6.002000,0.0,O,,[]
63,276.861573,0.1,0.034358,0.8,0.339900,97.0,6.316000,0.1,N,,[]
63,301.820762,0.1,0.016601,0.0,0.379600,99.1,6.278000,0.1,C#N,,[]
63,358.757206,0.2,0.026603,0.4,0.226300,49.0,6.413000,0.2,C=O,,[]
63,427.706065,0.4,0.020349,0.2,0.259800,68.2,10.401000,0.6,O1N=NN=N1,,[]
63,494.017501,0.4,0.015951,0.0,0.277000,75.7,10.398000,0.6,N#CC#N,,[]
63,551.957961,0.5,0.026540,0.3,0.206600,31.8,11.329000,0.9,O=CC#N,,[]
63,605.972721,0.7,0.025718,0.3,0.246900,61.8,13.622000,1.7,O=C1ON=NO1,,[]
63,612.158710,0.7,0.036943,1.1,0.155500,8.1,12.147000,1.2,O=CC=O,,[]
63,660.735473,0.9,0.028773,0.6,0.148500,5.2,18.268000,6.2,O=C1N=NON=N1,,[]
63,740.670140,1.5,0.025540,0.3,0.197700,25.3,16.955000,4.6,O=C(C#N)C#N,,[]
63,788.113621,2.3,0.051463,3.1,0.135500,2.2,14.117000,1.8,C1=NN=CN=N1,,[]
63,800.856456,2.5,0.035739,1.0,0.147500,4.8,18.042000,6.0,O=CC(=O)C#N,,[]
63,826.149481,2.9,0.042699,1.7,0.154300,7.5,17.906000,5.8,O=C1ON=NC=N1,,[]
63,855.199404,3.3,0.045968,2.2,0.115100,0.5,18.951000,6.9,O=CC(=O)C=O,,[]
63,1051.290467,7.9,0.045232,2.1,0.116900,0.6,24.735000,22.6,O=CC(=O)C(=O)C#N,,[]
63,1108.489211,10.1,0.055740,4.6,0.098300,0.1,25.564000,27.8,O=CC(=O)C(=O)C=O,,[]
63,1369.256420,24.1,0.100077,28.1,0.090100,0.0,29.533000,59.5,NC=[NH+]C1=NOC=C1[O-],,[]
63,1380.613087,24.7,0.100759,28.9,0.081400,0.0,30.409000,65.3,NC=[NH+]C1=NOC([O-])=C1,,[]
63,1577.996192,48.3,0.126623,54.0,0.095500,0.0,28.254000,49.1,[O-]C1=COC2=C1C[NH2+]C2,,[]
63,1599.184049,51.3,0.126135,53.4,0.103500,0.2,23.509000,17.1,C1=C2C3C4C1C1C2C3N41,,[]
64,213.087785,0.0,0.021375,0.2,0.361500,98.7,6.002000,0.0,O,,[]
64,276.861573,0.1,0.034358,0.9,0.339900,96.9,6.316000,0.2,N,,[]
64,301.820762,0.1,0.016601,0.0,0.379600,99.1,6.278000,0.1,C#N,,[]
64,358.757206,0.2,0.026603,0.4,0.226300,49.0,6.413000,0.2,C=O,,[]
64,427.706065,0.4,0.020349,0.2,0.259800,68.2,10.401000,0.6,O1N=NN=N1,,[]
64,494.017501,0.5,0.015951,0.0,0.277000,75.8,10.398000,0.6,N#CC#N,,[]
64,551.957961,0.5,0.026540,0.3,0.206600,31.9,11.329000,0.9,O=CC#N,,[]
64,605.972721,0.7,0.025718,0.3,0.246900,61.9,13.622000,1.7,O=C1ON=NO1,,[]
64,612.158710,0.7,0.036943,1.1,0.155500,8.1,12.147000,1.1,O=CC=O,,[]
64,660.735473,0.9,0.028773,0.6,0.148500,5.2,18.268000,6.2,O=C1N=NON=N1,,[]
64,740.670140,1.5,0.025540,0.3,0.197700,25.5,16.955000,4.6,O=C(C#N)C#N,,[]
64,788.113621,2.2,0.051463,3.1,0.135500,2.2,14.117000,1.8,C1=NN=CN=N1,,[]
64,800.856456,2.5,0.035739,1.0,0.147500,4.8,18.042000,6.0,O=CC(=O)C#N,,[]
64,826.149481,2.9,0.042699,1.7,0.154300,7.5,17.906000,5.8,O=C1ON=NC=N1,,[]
64,855.199404,3.2,0.045968,2.2,0.115100,0.5,18.951000,6.9,O=CC(=O)C=O,,[]
64,1051.290467,7.9,0.045232,2.1,0.116900,0.6,24.735000,22.6,O=CC(=O)C(=O)C#N,,[]
64,1108.489211,10.0,0.055740,4.6,0.098300,0.1,25.564000,27.7,O=CC(=O)C(=O)C=O,,[]
64,1369.256420,24.1,0.100077,28.2,0.090100,0.0,29.533000,59.5,NC=[NH+]C1=NOC=C1[O-],,[]
64,1380.613087,24.6,0.100759,28.9,0.081400,0.0,30.409000,65.3,NC=[NH+]C1=NOC([O-])=C1,,[]
64,1577.996192,48.4,0.126623,54.1,0.095500,0.0,28.254000,49.1,[O-]C1=COC2=C1C[NH2+]C2,,[]
64,1599.184049,51.4,0.126135,53.4,0.103500,0.2,23.509000,17.1,C1=C2C3C4C1C1C2C3N41,,[]
65,213.087785,0.0,0.021375,0.2,0.361500,98.7,6.002000,0.0,O,,[]
65,276.861573,0.1,0.034358,0.9,0.339900,97.0,6.316000,0.2,N,,[]
65,301.820762,0.1,0.016601,0.0,0.379600,99.1,6.278000,0.1,C#N,,[]
65,358.757206,0.2,0.026603,0.4,0.226300,49.0,6.413000,0.2,C=O,,[]
65,427.706065,0.4,0.020349,0.2,0.259800,68.2,10.401000,0.6,O1N=NN=N1,,[]
65,494.017501,0.4,0.015951,0.0,0.277000,75.8,10.398000,0.6,N#CC#N,,[]
65,551.957961,0.5,0.026540,0.3,0.206600,31.9,11.329000,0.9,O=CC#N,,[]
65,605.972721,0.7,0.025718,0.3,0.246900,61.9,13.622000,1.7,O=C1ON=NO1,,[]
65,612.158710,0.7,0.036943,1.1,0.155500,8.1,12.147000,1.1,O=CC=O,,[]
65,660.735473,0.9,0.028773,0.6,0.148500,5.2,18.268000,6.2,O=C1N=NON=N1,,[]
65,740.670140,1.5,0.025540,0.3,0.197700,25.4,16.955000,4.6,O=C(C#N)C#N,,[]
65,788.113621,2.2,0.051463,3.1,0.135500,2.2,14.117000,1.8,C1=NN=CN=N1,,[]
65,800.856456,2.5,0.035739,1.0,0.147500,4.8,18.042000,5.9,O=CC(=O)C#N,,[]
65,826.149481,2.9,0.042699,1.7,0.154300,7.4,17.906000,5.8,O=C1ON=NC=N1,,[]
65,855.199404,3.2,0.045968,2.2,0.115100,0.5,18.951000,6.8,O=CC(=O)C=O,,[]
65,1051.290467,7.8,0.045232,2.1,0.116900,0.5,24.735000,22.5,O=CC(=O)C(=O)C#N,,[]
65,1108.489211,10.0,0.055740,4.6,0.098300,0.1,25.564000,27.7,O=CC(=O)C(=O)C=O,,[]
65,1369.256420,24.0,0.100077,28.1,0.090100,0.0,29.533000,59.6,NC=[NH+]C1=NOC=C1[O-],,[]
65,1380.613087,24.6,0.100759,28.9,0.081400,0.0,30.409000,65.4,NC=[NH+]C1=NOC([O-])=C1,,[]
65,1577.996192,48.4,0.126623,54.2,0.095500,0.0,28.254000,49.1,[O-]C1=COC2=C1C[NH2+]C2,,[]
65,1599.184049,51.4,0.126135,53.5,0.103500,0.2,23.509000,17.0,C1=C2C3C4C1C1C2C3N41,,[]
66,213.087785,0.0,0.021375,0.2,0.361500,98.7,6.002000,0.0,O,,[]
66,276.861573,0.1,0.034358,0.9,0.339900,97.0,6.316000,0.2,N,,[]
66,301.820762,0.1,0.016601,0.0,0.379600,99.1,6.278000,0.1,C#N,,[]
66,358.757206,0.2,0.026603,0.4,0.226300,49.0,6.413000,0.2,C=O,,[]
66,427.706065,0.4,0.020349,0.2,0.259800,68.2,10.401000,0.6,O1N=NN=N1,,[]
66,494.017501,0.5,0.015951,0.0,0.277000,75.8,10.398000,0.6,N#CC#N,,[]
66,551.957961,0.5,0.026540,0.4,0.206600,32.0,11.329000,0.9,O=CC#N,,[]
66,605.972721,0.7,0.025718,0.3,0.246900,61.8,13.622000,1.7,O=C1ON=NO1,,[]
66,612.158710,0.7,0.036943,1.1,0.155500,8.1,12.147000,1.1,O=CC=O,,[]
66,660.735473,0.9,0.028773,0.6,0.148500,5.3,18.268000,6.1,O=C1N=NON=N1,,[]
66,740.670140,1.5,0.025540,0.3,0.197700,25.5,16.955000,4.6,O=C(C#N)C#N,,[]
66,788.113621,2.2,0.051463,3.1,0.135500,2.2,14.117000,1.8,C1=NN=CN=N1,,[]
66,800.856456,2.5,0.035739,1.0,0.147500,4.9,18.042000,5.9,O=CC(=O)C#N,,[]
66,826.149481,2.9,0.042699,1.7,0.154300,7.5,17.906000,5.7,O=C1ON=NC=N1,,[]
66,855.199404,3.2,0.045968,2.2,0.115100,0.5,18.951000,6.8,O=CC(=O)C=O,,[]
66,1051.290467,7.8,0.045232,2.1,0.116900,0.5,24.735000,22.4,O=CC(=O)C(=O)C#N,,[]
66,1108.489211,9.9,0.055740,4.6,0.098300,0.1,25.564000,27.5,O=CC(=O)C(=O)C=O,,[]
66,1369.256420,23.8,0.100077,27.9,0.090100,0.0,29.533000,59.4,NC=[NH+]C1=NOC=C1[O-],,[]
66,1380.613087,24.4,0.100759,28.7,0.081400,0.0,30.409000,65.3,NC=[NH+]C1=NOC([O-])=C1,,[]
66,1577.996192,48.3,0.126623,54.1,0.095500,0.0,28.254000,49.0,[O-]C1=COC2=C1C[NH2+]C2,,[]
66,1599.184049,51.4,0.126135,53.4,0.103500,0.2,23.509000,16.9,C1=C2C3C4C1C1C2C3N41,,[]
67,213.087785,0.0,0.021375,0.2,0.361500,98.7,6.002000,0.0,O,,[]
67,276.861573,0.1,0.034358,0.9,0.339900,97.0,6.316000,0.2,N,,[]
67,301.820762,0.1,0.016601,0.0,0.379600,99.1,6.278000,0.1,C#N,,[]
67,358.757206,0.2,0.026603,0.5,0.226300,49.0,6.413000,0.2,C=O,,[]
67,427.706065,0.4,0.020349,0.2,0.259800,68.2,10.401000,0.6,O1N=NN=N1,,[]
67,494.017501,0.5,0.015951,0.0,0.277000,75.8,10.398000,0.6,N#CC#N,,[]
67,551.957961,0.5,0.026540,0.4,0.206600,31.9,11.329000,0.9,O=CC#N,,[]
67,605.972721,0.7,0.025718,0.3,0.246900,61.8,13.622000,1.7,O=C1ON=NO1,,[]
67,612.158710,0.8,0.036943,1.1,0.155500,8.1,12.147000,1.1,O=CC=O,,[]
67,660.735473,0.9,0.028773,0.6,0.148500,5.3,18.268000,6.1,O=C1N=NON=N1,,[]
67,740.670140,1.5,0.025540,0.3,0.197700,25.4,16.955000,4.5,O=C(C#N)C#N,,[]
67,788.113621,2.2,0.051463,3.1,0.135500,2.2,14.117000,1.8,C1=NN=CN=N1,,[]
67,800.856456,2.5,0.035739,1.0,0.147500,4.9,18.042000,5.9,O=CC(=O)C#N,,[]
67,826.149481,2.9,0.042699,1.7,0.154300,7.5,17.906000,5.7,O=C1ON=NC=N1,,[]
67,855.199404,3.2,0.045968,2.2,0.115100,0.5,18.951000,6.7,O=CC(=O)C=O,,[]
67,1051.290467,7.7,0.045232,2.1,0.116900,0.6,24.735000,22.2,O=CC(=O)C(=O)C#N,,[]
67,1108.489211,9.8,0.055740,4.6,0.098300,0.1,25.564000,27.4,O=CC(=O)C(=O)C=O,,[]
67,1369.256420,23.8,0.100077,27.9,0.090100,0.0,29.533000,59.4,NC=[NH+]C1=NOC=C1[O-],,[]
67,1380.613087,24.4,0.100759,28.7,0.081400,0.0,30.409000,65.2,NC=[NH+]C1=NOC([O-])=C1,,[]
67,1577.996192,48.3,0.126623,54.1,0.095500,0.0,28.254000,49.0,[O-]C1=COC2=C1C[NH2+]C2,,[]
67,1599.184049,51.4,0.126135,53.3,0.103500,0.2,23.509000,16.8,C1=C2C3C4C1C1C2C3N41,,[]
68,213.087785,0.0,0.021375,0.2,0.361500,98.7,6.002000,0.0,O,,[]
68,276.861573,0.1,0.034358,0.9,0.339900,97.0,6.316000,0.2,N,,[]
68,301.820762,0.1,0.016601,0.0,0.379600,99.1,6.278000,0.1,C#N,,[]
68,358.757206,0.2,0.026603,0.5,0.226300,49.1,6.413000,0.2,C=O,,[]
68,427.706065,0.4,0.020349,0.2,0.259800,68.2,10.401000,0.6,O1N=NN=N1,,[]
68,494.017501,0.5,0.015951,0.0,0.277000,75.8,10.398000,0.6,N#CC#N,,[]
68,551.957961,0.5,0.026540,0.4,0.206600,32.0,11.329000,0.9,O=CC#N,,[]
68,605.972721,0.7,0.025718,0.3,0.246900,61.8,13.622000,1.7,O=C1ON=NO1,,[]
68,612.158710,0.8,0.036943,1.1,0.155500,8.1,12.147000,1.1,O=CC=O,,[]
68,660.735473,0.9,0.028773,0.7,0.148500,5.3,18.268000,6.0,O=C1N=NON=N1,,[]
68,740.670140,1.5,0.025540,0.3,0.197700,25.6,16.955000,4.5,O=C(C#N)C#N,,[]
68,788.113621,2.2,0.051463,3.1,0.135500,2.2,14.117000,1.8,C1=NN=CN=N1,,[]
68,800.856456,2.5,0.035739,1.0,0.147500,4.8,18.042000,5.8,O=CC(=O)C#N,,[]
68,826.149481,2.9,0.042699,1.7,0.154300,7.5,17.906000,5.6,O=C1ON=NC=N1,,[]
68,855.199404,3.2,0.045968,2.2,0.115100,0.5,18.951000,6.7,O=CC(=O)C=O,,[]
68,1051.290467,7.7,0.045232,2.1,0.116900,0.6,24.735000,22.2,O=CC(=O)C(=O)C#N,,[]
68,1108.489211,9.8,0.055740,4.6,0.098300,0.1,25.564000,27.4,O=CC(=O)C(=O)C=O,,[]
68,1369.256420,23.7,0.100077,27.8,0.090100,0.0,29.533000,59.3,NC=[NH+]C1=NOC=C1[O-],,[]
68,1380.613087,24.3,0.100759,28.6,0.081400,0.0,30.409000,65.2,NC=[NH+]C1=NOC([O-])=C1,,[]
68,1577.996192,48.2,0.126623,54.0,0.095500,0.0,28.254000,49.0,[O-]C1=COC2=C1C[NH2+]C2,,[]
68,1599.184049,51.3,0.126135,53.3,0.103500,0.2,23.509000,16.8,C1=C2C3C4C1C1C2C3N41,,[]
69,213.087785,0.0,0.021375,0.2,0.361500,98.7,6.002000,0.0,O,,[]
69,276.861573,0.1,0.034358,0.9,0.339900,97.0,6.316000,0.2,N,,[]
69,301.820762,0.1,0.016601,0.0,0.379600,99.1,6.278000,0.1,C#N,,[]
69,358.757206,0.2,0.026603,0.5,0.226300,49.1,6.413000,0.2,C=O,,[]
69,427.706065,0.4,0.020349,0.2,0.259800,68.3,10.401000,0.6,O1N=NN=N1,,[]
69,494.017501,0.5,0.015951,0.0,0.277000,75.9,10.398000,0.6,N#CC#N,,[]
69,551.957961,0.5,0.026540,0.4,0.206600,32.0,11.329000,0.9,O=CC#N,,[]
69,605.972721,0.7,0.025718,0.3,0.246900,61.8,13.622000,1.7,O=C1ON=NO1,,[]
69,612.158710,0.7,0.036943,1.1,0.155500,8.1,12.147000,1.1,O=CC=O,,[]
69,660.735473,0.9,0.028773,0.6,0.148500,5.3,18.268000,6.0,O=C1N=NON=N1,,[]
69,740.670140,1.5,0.025540,0.3,0.197700,25.6,16.955000,4.5,O=C(C#N)C#N,,[]
69,788.113621,2.2,0.051463,3.1,0.135500,2.2,14.117000,1.8,C1=NN=CN=N1,,[]
69,800.856456,2.5,0.035739,1.0,0.147500,4.9,18.042000,5.8,O=CC(=O)C#N,,[]
69,826.149481,2.9,0.042699,1.7,0.154300,7.5,17.906000,5.6,O=C1ON=NC=N1,,[]
69,855.199404,3.2,0.045968,2.1,0.115100,0.5,18.951000,6.6,O=CC(=O)C=O,,[]
69,1051.290467,7.7,0.045232,2.0,0.116900,0.6,24.735000,22.1,O=CC(=O)C(=O)C#N,,[]
69,1108.489211,9.8,0.055740,4.6,0.098300,0.1,25.564000,27.3,O=CC(=O)C(=O)C=O,,[]
69,1369.256420,23.7,0.100077,27.8,0.090100,0.0,29.533000,59.3,NC=[NH+]C1=NOC=C1[O-],,[]
69,1380.613087,24.3,0.100759,28.6,0.081400,0.0,30.409000,65.3,NC=[NH+]C1=NOC([O-])=C1,,[]
69,1577.996192,48.2,0.126623,54.1,0.095500,0.0,28.254000,48.9,[O-]C1=COC2=C1C[NH2+]C2,,[]
69,1599.184049,51.3,0.126135,53.3,0.103500,0.2,23.509000,16.7,C1=C2C3C4C1C1C2C3N41,,[]
70,213.087785,0.0,0.021375,0.2,0.361500,98.7,6.002000,0.0,O,,[]
70,276.861573,0.1,0.034358,0.9,0.339900,97.0,6.316000,0.2,N,,[]
70,301.820762,0.1,0.016601,0.0,0.379600,99.2,6.278000,0.1,C#N,,[]
70,358.757206,0.2,0.026603,0.4,0.226300,49.0,6.413000,0.2,C=O,,[]
70,427.706065,0.4,0.020349,0.2,0.259800,68.2,10.401000,0.6,O1N=NN=N1,,[]
70,494.017501,0.4,0.015951,0.0,0.277000,75.9,10.398000,0.6,N#CC#N,,[]
70,551.957961,0.5,0.026540,0.3,0.206600,32.0,11.329000,0.9,O=CC#N,,[]
70,605.972721,0.7,0.025718,0.3,0.246900,61.7,13.622000,1.7,O=C1ON=NO1,,[]
70,612.158710,0.7,0.036943,1.1,0.155500,8.1,12.147000,1.1,O=CC=O,,[]
70,660.735473,0.9,0.028773,0.6,0.148500,5.3,18.268000,6.0,O=C1N=NON=N1,,[]
70,740.670140,1.5,0.025540,0.3,0.197700,25.7,16.955000,4.5,O=C(C#N)C#N,,[]
70,788.113621,2.2,0.051463,3.1,0.135500,2.3,14.117000,1.8,C1=NN=CN=N1,,[]
70,800.856456,2.5,0.035739,1.0,0.147500,4.9,18.042000,5.8,O=CC(=O)C#N,,[]
70,826.149481,2.9,0.042699,1.7,0.154300,7.5,17.906000,5.6,O=C1ON=NC=N1,,[]
70,855.199404,3.2,0.045968,2.1,0.115100,0.5,18.951000,6.6,O=CC(=O)C=O,,[]
70,1051.290467,7.7,0.045232,2.0,0.116900,0.6,24.735000,22.1,O=CC(=O)C(=O)C#N,,[]
70,1108.489211,9.7,0.055740,4.5,0.098300,0.1,25.564000,27.3,O=CC(=O)C(=O)C=O,,[]
70,1369.256420,23.6,0.100077,27.8,0.090100,0.0,29.533000,59.2,NC=[NH+]C1=NOC=C1[O-],,[]
70,1380.613087,24.2,0.100759,28.5,0.081400,0.0,30.409000,65.2,NC=[NH+]C1=NOC([O-])=C1,,[]
70,1577.996192,48.2,0.126623,54.1,0.095500,0.0,28.254000,48.8,[O-]C1=COC2=C1C[NH2+]C2,,[]
70,1599.184049,51.3,0.126135,53.3,0.103500,0.2,23.509000,16.6,C1=C2C3C4C1C1C2C3N41,,[]
71,213.087785,0.0,0.021375,0.2,0.361500,98.8,6.002000,0.0,O,,[]
71,276.861573,0.1,0.034358,0.9,0.339900,97.1,6.316000,0.2,N,,[]
71,301.820762,0.1,0.016601,0.0,0.379600,99.2,6.278000,0.1,C#N,,[]
71,358.757206,0.2,0.026603,0.4,0.226300,48.9,6.413000,0.2,C=O,,[]
71,427.706065,0.4,0.020349,0.2,0.259800,68.1,10.401000,0.6,O1N=NN=N1,,[]
71,494.017501,0.4,0.015951,0.0,0.277000,75.9,10.398000,0.6,N#CC#N,,[]
71,551.957961,0.5,0.026540,0.3,0.206600,32.0,11.329000,0.9,O=CC#N,,[]
71,605.972721,0.7,0.025718,0.3,0.246900,61.6,13.622000,1.6,O=C1ON=NO1,,[]
71,612.158710,0.7,0.036943,1.1,0.155500,8.2,12.147000,1.1,O=CC=O,,[]
71,660.735473,0.9,0.028773,0.6,0.148500,5.3,18.268000,5.9,O=C1N=NON=N1,,[]
71,740.670140,1.4,0.025540,0.3,0.197700,25.6,16.955000,4.5,O=C(C#N)C#N,,[]
71,788.113621,2.2,0.051463,3.0,0.135500,2.3,14.117000,1.7,C1=NN=CN=N1,,[]
71,800.856456,2.5,0.035739,1.0,0.147500,4.9,18.042000,5.7,O=CC(=O)C#N,,[]
71,826.149481,2.9,0.042699,1.7,0.154300,7.6,17.906000,5.6,O=C1ON=NC=N1,,[]
71,855.199404,3.2,0.045968,2.1,0.115100,0.5,18.951000,6.6,O=CC(=O)C=O,,[]
71,1051.290467,7.6,0.045232,2.0,0.116900,0.6,24.735000,22.0,O=CC(=O)C(=O)C#N,,[]
71,1108.489211,9.6,0.055740,4.5,0.098300,0.1,25.564000,27.2,O=CC(=O)C(=O)C=O,,[]
71,1369.256420,23.5,0.100077,27.7,0.090100,0.0,29.533000,59.1,NC=[NH+]C1=NOC=C1[O-],,[]
71,1380.613087,24.1,0.100759,28.4,0.081400,0.0,30.409000,65.0,NC=[NH+]C1=NOC([O-])=C1,,[]
71,1577.996192,48.0,0.126623,53.9,0.095500,0.0,28.254000,48.6,[O-]C1=COC2=C1C[NH2+]C2,,[]
71,1599.184049,51.2,0.126135,53.2,0.103500,0.2,23.509000,16.5,C1=C2C3C4C1C1C2C3N41,,[]
72,213.087785,0.0,0.021375,0.2,0.361500,98.8,6.002000,0.0,O,,[]
72,276.861573,0.1,0.034358,0.8,0.339900,97.1,6.316000,0.2,N,,[]
72,301.820762,0.1,0.016601,0.0,0.379600,99.2,6.278000,0.1,C#N,,[]
72,358.757206,0.2,0.026603,0.4,0.226300,49.0,6.413000,0.2,C=O,,[]
72,427.706065,0.3,0.020349,0.2,0.259800,68.1,10.401000,0.6,O1N=NN=N1,,[]
72,494.017501,0.4,0.015951,0.0,0.277000,75.8,10.398000,0.6,N#CC#N,,[]
72,551.957961,0.5,0.026540,0.3,0.206600,32.0,11.329000,0.9,O=CC#N,,[]
72,605.972721,0.7,0.025718,0.3,0.246900,61.6,13.622000,1.6,O=C1ON=NO1,,[]
72,612.158710,0.7,0.036943,1.1,0.155500,8.3,12.147000,1.1,O=CC=O,,[]
72,660.735473,0.9,0.028773,0.6,0.148500,5.4,18.268000,5.9,O=C1N=NON=N1,,[]
72,740.670140,1.5,0.025540,0.3,0.197700,25.8,16.955000,4.4,O=C(C#N)C#N,,[]
72,788.113621,2.2,0.051463,3.0,0.135500,2.3,14.117000,1.7,C1=NN=CN=N1,,[]
72,800.856456,2.5,0.035739,1.0,0.147500,4.9,18.042000,5.7,O=CC(=O)C#N,,[]
72,826.149481,2.9,0.042699,1.7,0.154300,7.7,17.906000,5.5,O=C1ON=NC=N1,,[]
72,855.199404,3.2,0.045968,2.1,0.115100,0.5,18.951000,6.5,O=CC(=O)C=O,,[]
72,1051.290467,7.6,0.045232,2.0,0.116900,0.5,24.735000,22.0,O=CC(=O)C(=O)C#N,,[]
72,1108.489211,9.6,0.055740,4.5,0.098300,0.1,25.564000,27.2,O=CC(=O)C(=O)C=O,,[]
72,1369.256420,23.5,0.100077,27.7,0.090100,0.0,29.533000,59.0,NC=[NH+]C1=NOC=C1[O-],,[]
72,1380.613087,24.1,0.100759,28.5,0.081400,0.0,30.409000,65.0,NC=[NH+]C1=NOC([O-])=C1,,[]
72,1577.996192,48.1,0.126623,53.9,0.095500,0.0,28.254000,48.5,[O-]C1=COC2=C1C[NH2+]C2,,[]
72,1599.184049,51.3,0.126135,53.2,0.103500,0.2,23.509000,16.4,C1=C2C3C4C1C1C2C3N41,,[]
73,213.087785,0.0,0.021375,0.2,0.361500,98.8,6.002000,0.0,O,,[]
73,276.861573,0.1,0.034358,0.8,0.339900,97.1,6.316000,0.2,N,,[]
73,301.820762,0.1,0.016601,0.0,0.379600,99.2,6.278000,0.1,C#N,,[]
73,358.757206,0.2,0.026603,0.4,0.226300,48.9,6.413000,0.2,C=O,,[]
73,427.706065,0.4,0.020349,0.2,0.259800,67.9,10.401000,0.6,O1N=NN=N1,,[]
73,494.017501,0.4,0.015951,0.0,0.277000,75.8,10.398000,0.6,N#CC#N,,[]
73,551.957961,0.5,0.026540,0.3,0.206600,32.0,11.329000,0.9,O=CC#N,,[]
73,605.972721,0.7,0.025718,0.3,0.246900,61.5,13.622000,1.6,O=C1ON=NO1,,[]
73,612.158710,0.7,0.036943,1.1,0.155500,8.3,12.147000,1.1,O=CC=O,,[]
73,660.735473,0.9,0.028773,0.6,0.148500,5.4,18.268000,5.9,O=C1N=NON=N1,,[]
73,740.670140,1.4,0.025540,0.3,0.197700,25.7,16.955000,4.4,O=C(C#N)C#N,,[]
73,788.113621,2.2,0.051463,3.0,0.135500,2.3,14.117000,1.7,C1=NN=CN=N1,,[]
73,800.856456,2.4,0.035739,1.0,0.147500,4.9,18.042000,5.6,O=CC(=O)C#N,,[]
73,826.149481,2.8,0.042699,1.7,0.154300,7.7,17.906000,5.5,O=C1ON=NC=N1,,[]
73,855.199404,3.1,0.045968,2.1,0.115100,0.5,18.951000,6.5,O=CC(=O)C=O,,[]
73,1051.290467,7.5,0.045232,2.0,0.116900,0.6,24.735000,21.8,O=CC(=O)C(=O)C#N,,[]
73,1108.489211,9.5,0.055740,4.5,0.098300,0.1,25.564000,27.0,O=CC(=O)C(=O)C=O,,[]
73,1369.256420,23.3,0.100077,27.5,0.090100,0.0,29.533000,58.9,NC=[NH+]C1=NOC=C1[O-],,[]
73,1380.613087,23.9,0.100759,28.2,0.081400,0.0,30.409000,64.9,NC=[NH+]C1=NOC([O-])=C1,,[]
73,1577.996192,47.9,0.126623,53.7,0.095500,0.0,28.254000,48.4,[O-]C1=COC2=C1C[NH2+]C2,,[]
73,1599.184049,51.1,0.126135,53.0,0.103500,0.2,23.509000,16.3,C1=C2C3C4C1C1C2C3N41,,[]
74,213.087785,0.0,0.021375,0.2,0.361500,98.8,6.002000,0.0,O,,[]
74,276.861573,0.1,0.034358,0.9,0.339900,97.1,6.316000,0.2,N,,[]
74,301.820762,0.1,0.016601,0.0,0.379600,99.2,6.278000,0.1,C#N,,[]
74,358.757206,0.2,0.026603,0.4,0.226300,49.0,6.413000,0.2,C=O,,[]
74,427.706065,0.4,0.020349,0.1,0.259800,68.0,10.401000,0.6,O1N=NN=N1,,[]
74,494.017501,0.4,0.015951,0.0,0.277000,75.8,10.398000,0.6,N#CC#N,,[]
74,551.957961,0.5,0.026540,0.3,0.206600,32.1,11.329000,0.9,O=CC#N,,[]
74,605.972721,0.7,0.025718,0.3,0.246900,61.6,13.622000,1.6,O=C1ON=NO1,,[]
74,612.158710,0.7,0.036943,1.1,0.155500,8.3,12.147000,1.1,O=CC=O,,[]
74,660.735473,0.9,0.028773,0.6,0.148500,5.4,18.268000,5.8,O=C1N=NON=N1,,[]
74,740.670140,1.5,0.025540,0.3,0.197700,25.8,16.955000,4.4,O=C(C#N)C#N,,[]
74,788.113621,2.2,0.051463,3.0,0.135500,2.4,14.117000,1.7,C1=NN=CN=N1,,[]
74,800.856456,2.4,0.035739,1.0,0.147500,5.0,18.042000,5.6,O=CC(=O)C#N,,[]
74,826.149481,2.8,0.042699,1.7,0.154300,7.7,17.906000,5.4,O=C1ON=NC=N1,,[]
74,855.199404,3.1,0.045968,2.1,0.115100,0.5,18.951000,6.4,O=CC(=O)C=O,,[]
74,1051.290467,7.5,0.045232,2.0,0.116900,0.6,24.735000,21.7,O=CC(=O)C(=O)C#N,,[]
74,1108.489211,9.4,0.055740,4.5,0.098300,0.1,25.564000,26.9,O=CC(=O)C(=O)C=O,,[]
74,1369.256420,23.2,0.100077,27.5,0.090100,0.0,29.533000,58.9,NC=[NH+]C1=NOC=C1[O-],,[]
74,1380.613087,23.8,0.100759,28.2,0.081400,0.0,30.409000,64.9,NC=[NH+]C1=NOC([O-])=C1,,[]
74,1577.996192,47.9,0.126623,53.7,0.095500,0.0,28.254000,48.4,[O-]C1=COC2=C1C[NH2+]C2,,[]
74,1599.184049,51.1,0.126135,53.0,0.103500,0.2,23.509000,16.2,C1=C2C3C4C1C1C2C3N41,,[]
75,213.087785,0.0,0.021375,0.2,0.361500,98.8,6.002000,0.0,O,,[]
75,276.861573,0.1,0.034358,0.9,0.339900,97.2,6.316000,0.2,N,,[]
75,301.820762,0.1,0.016601,0.0,0.379600,99.2,6.278000,0.1,C#N,,[]
75,358.757206,0.2,0.026603,0.4,0.226300,49.0,6.413000,0.2,C=O,,[]
75,427.706065,0.3,0.020349,0.1,0.259800,68.1,10.401000,0.6,O1N=NN=N1,,[]
75,494.017501,0.4,0.015951,0.0,0.277000,75.9,10.398000,0.6,N#CC#N,,[]
75,551.957961,0.5,0.026540,0.3,0.206600,32.2,11.329000,0.9,O=CC#N,,[]
75,605.972721,0.7,0.025718,0.3,0.246900,61.6,13.622000,1.6,O=C1ON=NO1,,[]
75,612.158710,0.7,0.036943,1.1,0.155500,8.4,12.147000,1.1,O=CC=O,,[]
75,660.735473,0.9,0.028773,0.6,0.148500,5.5,18.268000,5.8,O=C1N=NON=N1,,[]
75,740.670140,1.5,0.025540,0.3,0.197700,25.9,16.955000,4.3,O=C(C#N)C#N,,[]
75,788.113621,2.2,0.051463,3.0,0.135500,2.4,14.117000,1.7,C1=NN=CN=N1,,[]
75,800.856456,2.4,0.035739,1.0,0.147500,5.0,18.042000,5.6,O=CC(=O)C#N,,[]
75,826.149481,2.8,0.042699,1.7,0.154300,7.8,17.906000,5.4,O=C1ON=NC=N1,,[]
75,855.199404,3.2,0.045968,2.1,0.115100,0.5,18.951000,6.4,O=CC(=O)C=O,,[]
75,1051.290467,7.5,0.045232,2.1,0.116900,0.6,24.735000,21.6,O=CC(=O)C(=O)C#N,,[]
75,1108.489211,9.4,0.055740,4.4,0.098300,0.1,25.564000,26.8,O=CC(=O)C(=O)C=O,,[]
75,1369.256420,23.1,0.100077,27.4,0.090100,0.0,29.533000,58.9,NC=[NH+]C1=NOC=C1[O-],,[]
75,1380.613087,23.7,0.100759,28.2,0.081400,0.0,30.409000,65.0,NC=[NH+]C1=NOC([O-])=C1,,[]
75,1577.996192,47.9,0.126623,53.7,0.095500,0.0,28.254000,48.4,[O-]C1=COC2=C1C[NH2+]C2,,[]
75,1599.184049,51.1,0.126135,53.0,0.103500,0.2,23.509000,16.1,C1=C2C3C4C1C1C2C3N41,,[]
76,213.087785,0.0,0.021375,0.2,0.361500,98.8,6.002000,0.0,O,,[]
76,276.861573,0.1,0.034358,0.9,0.339900,97.2,6.316000,0.2,N,,[]
76,301.820762,0.1,0.016601,0.0,0.379600,99.2,6.278000,0.1,C#N,,[]
76,358.757206,0.2,0.026603,0.4,0.226300,49.2,6.413000,0.2,C=O,,[]
76,427.706065,0.3,0.020349,0.1,0.259800,68.2,10.401000,0.6,O1N=NN=N1,,[]
76,494.017501,0.4,0.015951,0.0,0.277000,76.0,10.398000,0.5,N#CC#N,,[]
76,551.957961,0.5,0.026540,0.3,0.206600,32.2,11.329000,0.9,O=CC#N,,[]
76,605.972721,0.7,0.025718,0.3,0.246900,61.7,13.622000,1.6,O=C1ON=NO1,,[]
76,612.158710,0.7,0.036943,1.1,0.155500,8.4,12.147000,1.1,O=CC=O,,[]
76,660.735473,0.9,0.028773,0.6,0.148500,5.5,18.268000,5.8,O=C1N=NON=N1,,[]
76,740.670140,1.5,0.025540,0.3,0.197700,25.9,16.955000,4.3,O=C(C#N)C#N,,[]
76,788.113621,2.2,0.051463,3.0,0.135500,2.4,14.117000,1.7,C1=NN=CN=N1,,[]
76,800.856456,2.4,0.035739,1.0,0.147500,5.0,18.042000,5.6,O=CC(=O)C#N,,[]
76,826.149481,2.8,0.042699,1.7,0.154300,7.8,17.906000,5.4,O=C1ON=NC=N1,,[]
76,855.199404,3.1,0.045968,2.1,0.115100,0.5,18.951000,6.4,O=CC(=O)C=O,,[]
76,1051.290467,7.4,0.045232,2.1,0.116900,0.6,24.735000,21.6,O=CC(=O)C(=O)C#N,,[]
76,1108.489211,9.3,0.055740,4.4,0.098300,0.1,25.564000,26.8,O=CC(=O)C(=O)C=O,,[]
76,1369.256420,23.2,0.100077,27.4,0.090100,0.0,29.533000,58.9,NC=[NH+]C1=NOC=C1[O-],,[]
76,1380.613087,23.7,0.100759,28.2,0.081400,0.0,30.409000,65.0,NC=[NH+]C1=NOC([O-])=C1,,[]
76,1577.996192,48.0,0.126623,53.7,0.095500,0.1,28.254000,48.4,[O-]C1=COC2=C1C[NH2+]C2,,[]
76,1599.184049,51.1,0.126135,53.0,0.103500,0.2,23.509000,16.1,C1=C2C3C4C1C1C2C3N41,,[]
77,213.087785,0.0,0.021375,0.2,0.361500,98.8,6.002000,0.0,O,,[]
77,276.861573,0.1,0.034358,0.9,0.339900,97.2,6.316000,0.2,N,,[]
77,301.820762,0.1,0.016601,0.0,0.379600,99.2,6.278000,0.1,C#N,,[]
77,358.757206,0.2,0.026603,0.4,0.226300,49.2,6.413000,0.2,C=O,,[]
77,427.706065,0.3,0.020349,0.2,0.259800,68.2,10.401000,0.6,O1N=NN=N1,,[]
77,494.017501,0.4,0.015951,0.0,0.277000,76.0,10.398000,0.5,N#CC#N,,[]
77,551.957961,0.5,0.026540,0.4,0.206600,32.3,11.329000,0.8,O=CC#N,,[]
77,605.972721,0.7,0.025718,0.3,0.246900,61.7,13.622000,1.6,O=C1ON=NO1,,[]
77,612.158710,0.7,0.036943,1.1,0.155500,8.4,12.147000,1.1,O=CC=O,,[]
77,660.735473,0.9,0.028773,0.6,0.148500,5.5,18.268000,5.8,O=C1N=NON=N1,,[]
77,740.670140,1.5,0.025540,0.3,0.197700,26.0,16.955000,4.3,O=C(C#N)C#N,,[]
77,788.113621,2.2,0.051463,3.0,0.135500,2.4,14.117000,1.7,C1=NN=CN=N1,,[]
77,800.856456,2.4,0.035739,1.0,0.147500,5.1,18.042000,5.5,O=CC(=O)C#N,,[]
77,826.149481,2.8,0.042699,1.7,0.154300,7.8,17.906000,5.4,O=C1ON=NC=N1,,[]
77,855.199404,3.2,0.045968,2.2,0.115100,0.5,18.951000,6.4,O=CC(=O)C=O,,[]
77,1051.290467,7.4,0.045232,2.1,0.116900,0.6,24.735000,21.5,O=CC(=O)C(=O)C#N,,[]
77,1108.489211,9.3,0.055740,4.4,0.098300,0.1,25.564000,26.7,O=CC(=O)C(=O)C=O,,[]
77,1296.784724,17.9,0.078219,13.1,0.103800,0.2,24.101000,18.4,O1N=NC=C2C=NC=C12,,[]
77,1369.256420,23.0,0.100077,27.3,0.090100,0.0,29.533000,58.9,NC=[NH+]C1=NOC=C1[O-],,[]
77,1380.613087,23.6,0.100759,28.1,0.081400,0.0,30.409000,64.9,NC=[NH+]C1=NOC([O-])=C1,,[]
77,1577.996192,47.9,0.126623,53.7,0.095500,0.1,28.254000,48.4,[O-]C1=COC2=C1C[NH2+]C2,,[]
77,1599.184049,51.1,0.126135,53.0,0.103500,0.2,23.509000,16.0,C1=C2C3C4C1C1C2C3N41,,[]
78,213.087785,0.0,0.021375,0.2,0.361500,98.8,6.002000,0.0,O,,[]
78,276.861573,0.1,0.034358,0.9,0.339900,97.2,6.316000,0.2,N,,[]
78,301.820762,0.1,0.016601,0.0,0.379600,99.2,6.278000,0.1,C#N,,[]
78,358.757206,0.2,0.026603,0.4,0.226300,49.2,6.413000,0.2,C=O,,[]
78,427.706065,0.3,0.020349,0.2,0.259800,68.2,10.401000,0.6,O1N=NN=N1,,[]
78,494.017501,0.4,0.015951,0.0,0.277000,76.0,10.398000,0.5,N#CC#N,,[]
78,551.957961,0.5,0.026540,0.3,0.206600,32.2,11.329000,0.9,O=CC#N,,[]
78,605.972721,0.7,0.025718,0.3,0.246900,61.7,13.622000,1.6,O=C1ON=NO1,,[]
78,612.158710,0.7,0.036943,1.1,0.155500,8.4,12.147000,1.1,O=CC=O,,[]
78,660.735473,0.9,0.028773,0.6,0.148500,5.5,18.268000,5.8,O=C1N=NON=N1,,[]
78,740.670140,1.5,0.025540,0.3,0.197700,25.9,16.955000,4.3,O=C(C#N)C#N,,[]
78,788.113621,2.2,0.051463,3.0,0.135500,2.5,14.117000,1.7,C1=NN=CN=N1,,[]
78,800.856456,2.4,0.035739,1.0,0.147500,5.1,18.042000,5.6,O=CC(=O)C#N,,[]
78,826.149481,2.8,0.042699,1.7,0.154300,7.8,17.906000,5.4,O=C1ON=NC=N1,,[]
78,855.199404,3.1,0.045968,2.1,0.115100,0.5,18.951000,6.4,O=CC(=O)C=O,,[]
78,1051.290467,7.4,0.045232,2.1,0.116900,0.6,24.735000,21.6,O=CC(=O)C(=O)C#N,,[]
78,1108.489211,9.3,0.055740,4.5,0.098300,0.1,25.564000,26.7,O=CC(=O)C(=O)C=O,,[]
78,1296.784724,17.9,0.078219,13.1,0.103800,0.2,24.101000,18.4,O1N=NC=C2C=NC=C12,,[]
78,1369.256420,23.0,0.100077,27.3,0.090100,0.0,29.533000,58.9,NC=[NH+]C1=NOC=C1[O-],,[]
78,1380.613087,23.6,0.100759,28.1,0.081400,0.0,30.409000,65.0,NC=[NH+]C1=NOC([O-])=C1,,[]
78,1577.996192,47.9,0.126623,53.6,0.095500,0.1,28.254000,48.4,[O-]C1=COC2=C1C[NH2+]C2,,[]
78,1599.184049,51.1,0.126135,52.9,0.103500,0.2,23.509000,16.0,C1=C2C3C4C1C1C2C3N41,,[]
79,213.087785,0.0,0.021375,0.2,0.361500,98.8,6.002000,0.0,O,,[]
79,276.861573,0.1,0.034358,0.9,0.339900,97.2,6.316000,0.2,N,,[]
79,301.820762,0.1,0.016601,0.0,0.379600,99.2,6.278000,0.1,C#N,,[]
79,358.757206,0.2,0.026603,0.4,0.226300,49.2,6.413000,0.2,C=O,,[]
79,427.706065,0.3,0.020349,0.2,0.259800,68.3,10.401000,0.6,O1N=NN=N1,,[]
79,494.017501,0.4,0.015951,0.0,0.277000,76.1,10.398000,0.5,N#CC#N,,[]
79,551.957961,0.5,0.026540,0.4,0.206600,32.3,11.329000,0.9,O=CC#N,,[]
79,605.972721,0.7,0.025718,0.3,0.246900,61.8,13.622000,1.6,O=C1ON=NO1,,[]
79,612.158710,0.7,0.036943,1.1,0.155500,8.5,12.147000,1.1,O=CC=O,,[]
79,660.735473,0.9,0.028773,0.6,0.148500,5.6,18.268000,5.8,O=C1N=NON=N1,,[]
79,740.670140,1.5,0.025540,0.3,0.197700,26.1,16.955000,4.3,O=C(C#N)C#N,,[]
79,788.113621,2.2,0.051463,3.0,0.135500,2.5,14.117000,1.7,C1=NN=CN=N1,,[]
79,800.856456,2.4,0.035739,1.0,0.147500,5.1,18.042000,5.5,O=CC(=O)C#N,,[]
79,826.149481,2.8,0.042699,1.7,0.154300,7.8,17.906000,5.4,O=C1ON=NC=N1,,[]
79,855.199404,3.1,0.045968,2.1,0.115100,0.5,18.951000,6.4,O=CC(=O)C=O,,[]
79,1051.290467,7.4,0.045232,2.1,0.116900,0.6,24.735000,21.5,O=CC(=O)C(=O)C#N,,[]
79,1108.489211,9.2,0.055740,4.4,0.098300,0.1,25.564000,26.6,O=CC(=O)C(=O)C=O,,[]
79,1296.784724,17.8,0.078219,13.0,0.103800,0.3,24.101000,18.3,O1N=NC=C2C=NC=C12,,[]
79,1369.256420,22.9,0.100077,27.2,0.090100,0.0,29.533000,58.8,NC=[NH+]C1=NOC=C1[O-],,[]
79,1380.613087,23.5,0.100759,27.9,0.081400,0.0,30.409000,64.9,NC=[NH+]C1=NOC([O-])=C1,,[]
79,1577.996192,47.8,0.126623,53.5,0.095500,0.1,28.254000,48.3,[O-]C1=COC2=C1C[NH2+]C2,,[]
79,1599.184049,50.9,0.126135,52.8,0.103500,0.2,23.509000,15.9,C1=C2C3C4C1C1C2C3N41,,[]
80,213.087785,0.0,0.021375,0.2,0.361500,98.8,6.002000,0.0,O,,[]
80,276.861573,0.1,0.034358,0.9,0.339900,97.2,6.316000,0.2,N,,[]
80,301.820762,0.1,0.016601,0.0,0.379600,99.2,6.278000,0.1,C#N,,[]
80,358.757206,0.2,0.026603,0.4,0.226300,49.2,6.413000,0.2,C=O,,[]
80,427.706065,0.3,0.020349,0.2,0.259800,68.3,10.401000,0.6,O1N=NN=N1,,[]
80,494.017501,0.4,0.015951,0.0,0.277000,76.1,10.398000,0.5,N#CC#N,,[]
80,551.957961,0.5,0.026540,0.4,0.206600,32.4,11.329000,0.9,O=CC#N,,[]
80,605.972721,0.7,0.025718,0.3,0.246900,61.8,13.622000,1.6,O=C1ON=NO1,,[]
80,612.158710,0.7,0.036943,1.1,0.155500,8.5,12.147000,1.1,O=CC=O,,[]
80,660.735473,0.9,0.028773,0.6,0.148500,5.6,18.268000,5.7,O=C1N=NON=N1,,[]
80,740.670140,1.5,0.025540,0.3,0.197700,26.1,16.955000,4.3,O=C(C#N)C#N,,[]
80,788.113621,2.2,0.051463,3.0,0.135500,2.5,14.117000,1.7,C1=NN=CN=N1,,[]
80,800.856456,2.4,0.035739,1.0,0.147500,5.1,18.042000,5.5,O=CC(=O)C#N,,[]
80,826.149481,2.8,0.042699,1.7,0.154300,7.8,17.906000,5.4,O=C1ON=NC=N1,,[]
80,855.199404,3.1,0.045968,2.2,0.115100,0.6,18.951000,6.3,O=CC(=O)C=O,,[]
80,1051.290467,7.4,0.045232,2.1,0.116900,0.7,24.735000,21.5,O=CC(=O)C(=O)C#N,,[]
80,1108.489211,9.2,0.055740,4.4,0.098300,0.1,25.564000,26.6,O=CC(=O)C(=O)C=O,,[]
80,1296.784724,17.8,0.078219,12.9,0.103800,0.3,24.101000,18.3,O1N=NC=C2C=NC=C12,,[]
80,1369.256420,22.8,0.100077,27.2,0.090100,0.0,29.533000,58.8,NC=[NH+]C1=NOC=C1[O-],,[]
80,1380.613087,23.4,0.100759,28.0,0.081400,0.0,30.409000,64.9,NC=[NH+]C1=NOC([O-])=C1,,[]
80,1577.996192,47.7,0.126623,53.5,0.095500,0.1,28.254000,48.3,[O-]C1=COC2=C1C[NH2+]C2,,[]
80,1599.184049,50.9,0.126135,52.8,0.103500,0.2,23.509000,15.9,C1=C2C3C4C1C1C2C3N41,,[]
81,213.087785,0.0,0.021375,0.2,0.361500,98.8,6.002000,0.0,O,,[]
81,276.861573,0.1,0.034358,0.9,0.339900,97.2,6.316000,0.2,N,,[]
81,301.820762,0.1,0.016601,0.0,0.379600,99.2,6.278000,0.1,C#N,,[]
81,358.757206,0.2,0.026603,0.4,0.226300,49.3,6.413000,0.2,C=O,,[]
81,427.706065,0.3,0.020349,0.2,0.259800,68.4,10.401000,0.6,O1N=NN=N1,,[]
81,494.017501,0.4,0.015951,0.0,0.277000,76.2,10.398000,0.5,N#CC#N,,[]
81,551.957961,0.5,0.026540,0.4,0.206600,32.5,11.329000,0.9,O=CC#N,,[]
81,605.972721,0.7,0.025718,0.3,0.246900,61.9,13.622000,1.6,O=C1ON=NO1,,[]
81,612.158710,0.7,0.036943,1.1,0.155500,8.5,12.147000,1.1,O=CC=O,,[]
81,660.735473,0.9,0.028773,0.6,0.148500,5.6,18.268000,5.7,O=C1N=NON=N1,,[]
81,740.670140,1.5,0.025540,0.3,0.197700,26.2,16.955000,4.3,O=C(C#N)C#N,,[]
81,788.113621,2.1,0.051463,3.0,0.135500,2.5,14.117000,1.7,C1=NN=CN=N1,,[]
81,800.856456,2.4,0.035739,1.0,0.147500,5.1,18.042000,5.5,O=CC(=O)C#N,,[]
81,826.149481,2.8,0.042699,1.7,0.154300,7.8,17.906000,5.4,O=C1ON=NC=N1,,[]
81,855.199404,3.1,0.045968,2.1,0.115100,0.6,18.951000,6.3,O=CC(=O)C=O,,[]
81,1051.290467,7.3,0.045232,2.0,0.116900,0.7,24.735000,21.5,O=CC(=O)C(=O)C#N,,[]
81,1108.489211,9.1,0.055740,4.4,0.098300,0.1,25.564000,26.6,O=CC(=O)C(=O)C=O,,[]
81,1296.784724,17.8,0.078219,12.9,0.103800,0.3,24.101000,18.2,O1N=NC=C2C=NC=C12,,[]
81,1369.256420,22.9,0.100077,27.2,0.090100,0.0,29.533000,58.8,NC=[NH+]C1=NOC=C1[O-],,[]
81,1380.613087,23.6,0.100759,28.0,0.081400,0.0,30.409000,64.9,NC=[NH+]C1=NOC([O-])=C1,,[]
81,1577.996192,47.7,0.126623,53.5,0.095500,0.0,28.254000,48.3,[O-]C1=COC2=C1C[NH2+]C2,,[]
81,1599.184049,50.9,0.126135,52.8,0.103500,0.2,23.509000,15.8,C1=C2C3C4C1C1C2C3N41,,[]
82,213.087785,0.0,0.021375,0.2,0.361500,98.8,6.002000,0.0,O,,[]
82,276.861573,0.1,0.034358,0.9,0.339900,97.2,6.316000,0.2,N,,[]
82,301.820762,0.1,0.016601,0.0,0.379600,99.2,6.278000,0.1,C#N,,[]
82,358.757206,0.2,0.026603,0.4,0.226300,49.3,6.413000,0.2,C=O,,[]
82,427.706065,0.3,0.020349,0.2,0.259800,68.4,10.401000,0.6,O1N=NN=N1,,[]
82,494.017501,0.4,0.015951,0.0,0.277000,76.2,10.398000,0.5,N#CC#N,,[]
82,551.957961,0.5,0.026540,0.4,0.206600,32.4,11.329000,0.8,O=CC#N,,[]
82,605.972721,0.7,0.025718,0.3,0.246900,61.9,13.622000,1.6,O=C1ON=NO1,,[]
82,612.158710,0.7,0.036943,1.1,0.155500,8.4,12.147000,1.1,O=CC=O,,[]
82,660.735473,0.9,0.028773,0.6,0.148500,5.5,18.268000,5.7,O=C1N=NON=N1,,[]
82,740.670140,1.5,0.025540,0.3,0.197700,26.1,16.955000,4.3,O=C(C#N)C#N,,[]
82,788.113621,2.1,0.051463,3.0,0.135500,2.5,14.117000,1.7,C1=NN=CN=N1,,[]
82,800.856456,2.4,0.035739,1.0,0.147500,5.1,18.042000,5.5,O=CC(=O)C#N,,[]
82,826.149481,2.8,0.042699,1.7,0.154300,7.8,17.906000,5.3,O=C1ON=NC=N1,,[]
82,855.199404,3.1,0.045968,2.1,0.115100,0.6,18.951000,6.3,O=CC(=O)C=O,,[]
82,1051.290467,7.3,0.045232,2.0,0.116900,0.7,24.735000,21.4,O=CC(=O)C(=O)C#N,,[]
82,1108.489211,9.1,0.055740,4.4,0.098300,0.1,25.564000,26.5,O=CC(=O)C(=O)C=O,,[]
82,1296.784724,17.7,0.078219,12.9,0.103800,0.3,24.101000,18.1,O1N=NC=C2C=NC=C12,,[]
82,1369.256420,22.8,0.100077,27.2,0.090100,0.0,29.533000,58.7,NC=[NH+]C1=NOC=C1[O-],,[]
82,1380.613087,23.5,0.100759,27.9,0.081400,0.0,30.409000,64.9,NC=[NH+]C1=NOC([O-])=C1,,[]
82,1577.996192,47.7,0.126623,53.5,0.095500,0.0,28.254000,48.2,[O-]C1=COC2=C1C[NH2+]C2,,[]
82,1599.184049,50.8,0.126135,52.7,0.103500,0.2,23.509000,15.7,C1=C2C3C4C1C1C2C3N41,,[]
83,213.087785,0.0,0.021375,0.2,0.361500,98.8,6.002000,0.0,O,,[]
83,276.861573,0.1,0.034358,0.9,0.339900,97.2,6.316000,0.2,N,,[]
83,301.820762,0.1,0.016601,0.0,0.379600,99.2,6.278000,0.1,C#N,,[]
83,358.757206,0.2,0.026603,0.4,0.226300,49.3,6.413000,0.2,C=O,,[]
83,427.706065,0.4,0.020349,0.2,0.259800,68.4,10.401000,0.6,O1N=NN=N1,,[]
83,494.017501,0.4,0.015951,0.0,0.277000,76.2,10.398000,0.5,N#CC#N,,[]
83,551.957961,0.5,0.026540,0.4,0.206600,32.4,11.329000,0.8,O=CC#N,,[]
83,605.972721,0.7,0.025718,0.3,0.246900,61.9,13.622000,1.6,O=C1ON=NO1,,[]
83,612.158710,0.7,0.036943,1.1,0.155500,8.4,12.147000,1.1,O=CC=O,,[]
83,660.735473,0.9,0.028773,0.6,0.148500,5.6,18.268000,5.7,O=C1N=NON=N1,,[]
83,740.670140,1.5,0.025540,0.3,0.197700,26.1,16.955000,4.3,O=C(C#N)C#N,,[]
83,788.113621,2.2,0.051463,2.9,0.135500,2.5,14.117000,1.7,C1=NN=CN=N1,,[]
83,800.856456,2.4,0.035739,1.0,0.147500,5.1,18.042000,5.5,O=CC(=O)C#N,,[]
83,826.149481,2.8,0.042699,1.7,0.154300,7.8,17.906000,5.3,O=C1ON=NC=N1,,[]
83,855.199404,3.1,0.045968,2.1,0.115100,0.6,18.951000,6.3,O=CC(=O)C=O,,[]
83,1051.290467,7.3,0.045232,2.0,0.116900,0.7,24.735000,21.3,O=CC(=O)C(=O)C#N,,[]
83,1108.489211,9.1,0.055740,4.4,0.098300,0.1,25.564000,26.5,O=CC(=O)C(=O)C=O,,[]
83,1296.784724,17.7,0.078219,12.9,0.103800,0.3,24.101000,18.1,O1N=NC=C2C=NC=C12,,[]
83,1369.256420,22.8,0.100077,27.1,0.090100,0.0,29.533000,58.7,NC=[NH+]C1=NOC=C1[O-],,[]
83,1380.613087,23.4,0.100759,27.9,0.081400,0.0,30.409000,64.8,NC=[NH+]C1=NOC([O-])=C1,,[]
83,1577.996192,47.7,0.126623,53.5,0.095500,0.0,28.254000,48.2,[O-]C1=COC2=C1C[NH2+]C2,,[]
83,1599.184049,50.8,0.126135,52.7,0.103500,0.2,23.509000,15.7,C1=C2C3C4C1C1C2C3N41,,[]
84,213.087785,0.0,0.021375,0.2,0.361500,98.8,6.002000,0.0,O,,[]
84,276.861573,0.1,0.034358,0.9,0.339900,97.3,6.316000,0.2,N,,[]
84,301.820762,0.1,0.016601,0.0,0.379600,99.2,6.278000,0.1,C#N,,[]
84,358.757206,0.2,0.026603,0.4,0.226300,49.3,6.413000,0.2,C=O,,[]
84,427.706065,0.3,0.020349,0.2,0.259800,68.4,10.401000,0.6,O1N=NN=N1,,[]
84,494.017501,0.4,0.015951,0.0,0.277000,76.2,10.398000,0.6,N#CC#N,,[]
84,551.957961,0.5,0.026540,0.4,0.206600,32.4,11.329000,0.9,O=CC#N,,[]
84,605.972721,0.7,0.025718,0.3,0.246900,61.9,13.622000,1.6,O=C1ON=NO1,,[]
84,612.158710,0.7,0.036943,1.1,0.155500,8.5,12.147000,1.1,O=CC=O,,[]
84,660.735473,0.9,0.028773,0.6,0.148500,5.6,18.268000,5.7,O=C1N=NON=N1,,[]
84,740.670140,1.5,0.025540,0.3,0.197700,26.2,16.955000,4.3,O=C(C#N)C#N,,[]
84,788.113621,2.2,0.051463,2.9,0.135500,2.5,14.117000,1.7,C1=NN=CN=N1,,[]
84,800.856456,2.4,0.035739,1.0,0.147500,5.2,18.042000,5.5,O=CC(=O)C#N,,[]
84,826.149481,2.8,0.042699,1.7,0.154300,7.8,17.906000,5.3,O=C1ON=NC=N1,,[]
84,855.199404,3.1,0.045968,2.1,0.115100,0.6,18.951000,6.3,O=CC(=O)C=O,,[]
84,1051.290467,7.3,0.045232,2.0,0.116900,0.7,24.735000,21.3,O=CC(=O)C(=O)C#N,,[]
84,1108.489211,9.1,0.055740,4.3,0.098300,0.1,25.564000,26.4,O=CC(=O)C(=O)C=O,,[]
84,1296.784724,17.6,0.078219,12.8,0.103800,0.3,24.101000,18.1,O1N=NC=C2C=NC=C12,,[]
84,1369.256420,22.7,0.100077,27.1,0.090100,0.0,29.533000,58.7,NC=[NH+]C1=NOC=C1[O-],,[]
84,1380.613087,23.4,0.100759,27.8,0.081400,0.0,30.409000,64.8,NC=[NH+]C1=NOC([O-])=C1,,[]
84,1577.996192,47.6,0.126623,53.5,0.095500,0.0,28.254000,48.2,[O-]C1=COC2=C1C[NH2+]C2,,[]
84,1599.184049,50.8,0.126135,52.7,0.103500,0.2,23.509000,15.7,C1=C2C3C4C1C1C2C3N41,,[]
85,213.087785,0.0,0.021375,0.2,0.361500,98.8,6.002000,0.0,O,,[]
85,276.861573,0.1,0.034358,0.9,0.339900,97.2,6.316000,0.2,N,,[]
85,301.820762,0.1,0.016601,0.0,0.379600,99.2,6.278000,0.1,C#N,,[]
85,358.757206,0.2,0.026603,0.4,0.226300,49.4,6.413000,0.2,C=O,,[]
85,427.706065,0.3,0.020349,0.2,0.259800,68.3,10.401000,0.6,O1N=NN=N1,,[]
85,494.017501,0.4,0.015951,0.0,0.277000,76.2,10.398000,0.5,N#CC#N,,[]
85,551.957961,0.5,0.026540,0.4,0.206600,32.4,11.329000,0.9,O=CC#N,,[]
85,605.972721,0.7,0.025718,0.3,0.246900,61.8,13.622000,1.6,O=C1ON=NO1,,[]
85,612.158710,0.7,0.036943,1.1,0.155500,8.5,12.147000,1.1,O=CC=O,,[]
85,660.735473,0.9,0.028773,0.6,0.148500,5.6,18.268000,5.7,O=C1N=NON=N1,,[]
85,740.670140,1.5,0.025540,0.3,0.197700,26.2,16.955000,4.3,O=C(C#N)C#N,,[]
85,788.113621,2.2,0.051463,2.9,0.135500,2.6,14.117000,1.7,C1=NN=CN=N1,,[]
85,800.856456,2.4,0.035739,1.0,0.147500,5.2,18.042000,5.5,O=CC(=O)C#N,,[]
85,826.149481,2.8,0.042699,1.7,0.154300,7.8,17.906000,5.3,O=C1ON=NC=N1,,[]
85,855.199404,3.1,0.045968,2.1,0.115100,0.6,18.951000,6.2,O=CC(=O)C=O,,[]
85,1051.290467,7.2,0.045232,2.0,0.116900,0.7,24.735000,21.2,O=CC(=O)C(=O)C#N,,[]
85,1108.489211,9.0,0.055740,4.3,0.098300,0.1,25.564000,26.3,O=CC(=O)C(=O)C=O,,[]
85,1296.784724,17.5,0.078219,12.7,0.103800,0.3,24.101000,17.9,O1N=NC=C2C=NC=C12,,[]
85,1302.987027,17.9,0.079530,13.6,0.106400,0.3,23.156000,14.2,O1N=CN=C2C=NC=C12,,[]
85,1369.256420,22.6,0.100077,27.0,0.090100,0.0,29.533000,58.6,NC=[NH+]C1=NOC=C1[O-],,[]
85,1380.613087,23.3,0.100759,27.8,0.081400,0.0,30.409000,64.7,NC=[NH+]C1=NOC([O-])=C1,,[]
85,1577.996192,47.5,0.126623,53.4,0.095500,0.0,28.254000,48.1,[O-]C1=COC2=C1C[NH2+]C2,,[]
85,1599.184049,50.7,0.126135,52.6,0.103500,0.2,23.509000,15.6,C1=C2C3C4C1C1C2C3N41,,[]
86,213.087785,0.0,0.021375,0.2,0.361500,98.8,6.002000,0.0,O,,[]
86,276.861573,0.1,0.034358,0.8,0.339900,97.3,6.316000,0.2,N,,[]
86,301.820762,0.1,0.016601,0.0,0.379600,99.2,6.278000,0.1,C#N,,[]
86,358.757206,0.2,0.026603,0.4,0.226300,49.3,6.413000,0.2,C=O,,[]
86,427.706065,0.3,0.020349,0.2,0.259800,68.4,10.401000,0.6,O1N=NN=N1,,[]
86,494.017501,0.4,0.015951,0.0,0.277000,76.2,10.398000,0.5,N#CC#N,,[]
86,551.957961,0.5,0.026540,0.4,0.206600,32.4,11.329000,0.8,O=CC#N,,[]
86,605.972721,0.7,0.025718,0.3,0.246900,61.8,13.622000,1.6,O=C1ON=NO1,,[]
86,612.158710,0.7,0.036943,1.1,0.155500,8.5,12.147000,1.1,O=CC=O,,[]
86,660.735473,0.9,0.028773,0.6,0.148500,5.6,18.268000,5.6,O=C1N=NON=N1,,[]
86,740.670140,1.5,0.025540,0.3,0.197700,26.2,16.955000,4.3,O=C(C#N)C#N,,[]
86,788.113621,2.2,0.051463,2.9,0.135500,2.6,14.117000,1.7,C1=NN=CN=N1,,[]
86,800.856456,2.4,0.035739,1.0,0.147500,5.2,18.042000,5.5,O=CC(=O)C#N,,[]
86,826.149481,2.8,0.042699,1.7,0.154300,7.9,17.906000,5.3,O=C1ON=NC=N1,,[]
86,855.199404,3.1,0.045968,2.1,0.115100,0.6,18.951000,6.2,O=CC(=O)C=O,,[]
86,1051.290467,7.2,0.045232,2.0,0.116900,0.7,24.735000,21.1,O=CC(=O)C(=O)C#N,,[]
86,1108.489211,9.0,0.055740,4.3,0.098300,0.1,25.564000,26.2,O=CC(=O)C(=O)C=O,,[]
86,1296.784724,17.4,0.078219,12.7,0.103800,0.3,24.101000,17.8,O1N=NC=C2C=NC=C12,,[]
86,1302.987027,17.8,0.079530,13.5,0.106400,0.3,23.156000,14.1,O1N=CN=C2C=NC=C12,,[]
86,1369.256420,22.5,0.100077,26.9,0.090100,0.0,29.533000,58.4,NC=[NH+]C1=NOC=C1[O-],,[]
86,1380.613087,23.1,0.100759,27.7,0.081400,0.0,30.409000,64.6,NC=[NH+]C1=NOC([O-])=C1,,[]
86,1577.996192,47.4,0.126623,53.3,0.095500,0.0,28.254000,47.8,[O-]C1=COC2=C1C[NH2+]C2,,[]
86,1599.184049,50.6,0.126135,52.5,0.103500,0.2,23.509000,15.5,C1=C2C3C4C1C1C2C3N41,,[]
87,213.087785,0.0,0.021375,0.2,0.361500,98.8,6.002000,0.0,O,,[]
87,276.861573,0.1,0.034358,0.8,0.339900,97.3,6.316000,0.2,N,,[]
87,301.820762,0.1,0.016601,0.0,0.379600,99.2,6.278000,0.1,C#N,,[]
87,358.757206,0.2,0.026603,0.4,0.226300,49.3,6.413000,0.2,C=O,,[]
87,427.706065,0.3,0.020349,0.2,0.259800,68.3,10.401000,0.6,O1N=NN=N1,,[]
87,494.017501,0.4,0.015951,0.0,0.277000,76.2,10.398000,0.5,N#CC#N,,[]
87,551.957961,0.5,0.026540,0.3,0.206600,32.4,11.329000,0.8,O=CC#N,,[]
87,605.972721,0.7,0.025718,0.3,0.246900,61.8,13.622000,1.6,O=C1ON=NO1,,[]
87,612.158710,0.7,0.036943,1.1,0.155500,8.5,12.147000,1.1,O=CC=O,,[]
87,660.735473,0.9,0.028773,0.6,0.148500,5.6,18.268000,5.6,O=C1N=NON=N1,,[]
87,740.670140,1.5,0.025540,0.3,0.197700,26.2,16.955000,4.3,O=C(C#N)C#N,,[]
87,788.113621,2.2,0.051463,2.9,0.135500,2.6,14.117000,1.7,C1=NN=CN=N1,,[]
87,800.856456,2.4,0.035739,1.0,0.147500,5.2,18.042000,5.4,O=CC(=O)C#N,,[]
87,826.149481,2.8,0.042699,1.7,0.154300,7.9,17.906000,5.3,O=C1ON=NC=N1,,[]
87,855.199404,3.1,0.045968,2.1,0.115100,0.6,18.951000,6.2,O=CC(=O)C=O,,[]
87,1051.290467,7.2,0.045232,2.0,0.116900,0.8,24.735000,21.0,O=CC(=O)C(=O)C#N,,[]
87,1108.489211,9.0,0.055740,4.3,0.098300,0.1,25.564000,26.1,O=CC(=O)C(=O)C=O,,[]
87,1296.784724,17.3,0.078219,12.7,0.103800,0.3,24.101000,17.8,O1N=NC=C2C=NC=C12,,[]
87,1302.987027,17.7,0.079530,13.5,0.106400,0.3,23.156000,14.1,O1N=CN=C2C=NC=C12,,[]
87,1369.256420,22.4,0.100077,26.8,0.090100,0.0,29.533000,58.2,NC=[NH+]C1=NOC=C1[O-],,[]
87,1380.613087,23.0,0.100759,27.6,0.081400,0.0,30.409000,64.5,NC=[NH+]C1=NOC([O-])=C1,,[]
87,1577.996192,47.2,0.126623,53.3,0.095500,0.0,28.254000,47.7,[O-]C1=COC2=C1C[NH2+]C2,,[]
87,1599.184049,50.4,0.126135,52.5,0.103500,0.2,23.509000,15.4,C1=C2C3C4C1C1C2C3N41,,[]
88,213.087785,0.0,0.021375,0.2,0.361500,98.8,6.002000,0.0,O,,[]
88,276.861573,0.1,0.034358,0.8,0.339900,97.3,6.316000,0.2,N,,[]
88,301.820762,0.1,0.016601,0.0,0.379600,99.2,6.278000,0.1,C#N,,[]
88,358.757206,0.2,0.026603,0.4,0.226300,49.2,6.413000,0.2,C=O,,[]
88,427.706065,0.4,0.020349,0.1,0.259800,68.2,10.401000,0.6,O1N=NN=N1,,[]
88,494.017501,0.4,0.015951,0.0,0.277000,76.0,10.398000,0.5,N#CC#N,,[]
88,551.957961,0.5,0.026540,0.3,0.206600,32.4,11.329000,0.9,O=CC#N,,[]
88,605.972721,0.7,0.025718,0.3,0.246900,61.7,13.622000,1.6,O=C1ON=NO1,,[]
88,612.158710,0.7,0.036943,1.1,0.155500,8.5,12.147000,1.1,O=CC=O,,[]
88,660.735473,0.9,0.028773,0.6,0.148500,5.6,18.268000,5.6,O=C1N=NON=N1,,[]
88,740.670140,1.5,0.025540,0.3,0.197700,26.2,16.955000,4.3,O=C(C#N)C#N,,[]
88,788.113621,2.2,0.051463,2.9,0.135500,2.6,14.117000,1.7,C1=NN=CN=N1,,[]
88,800.856456,2.4,0.035739,1.0,0.147500,5.2,18.042000,5.4,O=CC(=O)C#N,,[]
88,826.149481,2.8,0.042699,1.7,0.154300,7.9,17.906000,5.3,O=C1ON=NC=N1,,[]
88,855.199404,3.1,0.045968,2.1,0.115100,0.7,18.951000,6.2,O=CC(=O)C=O,,[]
88,1051.290467,7.2,0.045232,2.0,0.116900,0.8,24.735000,20.9,O=CC(=O)C(=O)C#N,,[]
88,1108.489211,9.0,0.055740,4.3,0.098300,0.1,25.564000,26.0,O=CC(=O)C(=O)C=O,,[]
88,1296.784724,17.3,0.078219,12.6,0.103800,0.3,24.101000,17.7,O1N=NC=C2C=NC=C12,,[]
88,1302.987027,17.6,0.079530,13.4,0.106400,0.4,23.156000,14.0,O1N=CN=C2C=NC=C12,,[]
88,1369.256420,22.3,0.100077,26.7,0.090100,0.0,29.533000,58.1,NC=[NH+]C1=NOC=C1[O-],,[]
88,1380.613087,22.9,0.100759,27.5,0.081400,0.0,30.409000,64.5,NC=[NH+]C1=NOC([O-])=C1,,[]
88,1577.996192,47.1,0.126623,53.2,0.095500,0.1,28.254000,47.7,[O-]C1=COC2=C1C[NH2+]C2,,[]
88,1599.184049,50.3,0.126135,52.4,0.103500,0.2,23.509000,15.4,C1=C2C3C4C1C1C2C3N41,,[]
89,213.087785,0.0,0.021375,0.2,0.361500,98.8,6.002000,0.0,O,,[]
89,276.861573,0.1,0.034358,0.8,0.339900,97.3,6.316000,0.2,N,,[]
89,301.820762,0.1,0.016601,0.0,0.379600,99.2,6.278000,0.1,C#N,,[]
89,358.757206,0.2,0.026603,0.4,0.226300,49.2,6.413000,0.2,C=O,,[]
89,427.706065,0.4,0.020349,0.1,0.259800,68.2,10.401000,0.6,O1N=NN=N1,,[]
89,494.017501,0.4,0.015951,0.0,0.277000,76.1,10.398000,0.5,N#CC#N,,[]
89,551.957961,0.5,0.026540,0.3,0.206600,32.4,11.329000,0.8,O=CC#N,,[]
89,605.972721,0.7,0.025718,0.3,0.246900,61.6,13.622000,1.6,O=C1ON=NO1,,[]
89,612.158710,0.7,0.036943,1.1,0.155500,8.6,12.147000,1.1,O=CC=O,,[]
89,660.735473,0.9,0.028773,0.6,0.148500,5.7,18.268000,5.6,O=C1N=NON=N1,,[]
89,740.670140,1.5,0.025540,0.3,0.197700,26.3,16.955000,4.2,O=C(C#N)C#N,,[]
89,788.113621,2.2,0.051463,2.9,0.135500,2.6,14.117000,1.7,C1=NN=CN=N1,,[]
89,800.856456,2.4,0.035739,1.0,0.147500,5.2,18.042000,5.4,O=CC(=O)C#N,,[]
89,826.149481,2.8,0.042699,1.7,0.154300,7.9,17.906000,5.3,O=C1ON=NC=N1,,[]
89,855.199404,3.1,0.045968,2.1,0.115100,0.7,18.951000,6.2,O=CC(=O)C=O,,[]
89,1051.290467,7.1,0.045232,2.0,0.116900,0.8,24.735000,20.9,O=CC(=O)C(=O)C#N,,[]
89,1108.489211,9.0,0.055740,4.3,0.098300,0.1,25.564000,25.9,O=CC(=O)C(=O)C=O,,[]
89,1296.784724,17.2,0.078219,12.5,0.103800,0.3,24.101000,17.6,O1N=NC=C2C=NC=C12,,[]
89,1302.987027,17.6,0.079530,13.4,0.106400,0.4,23.156000,14.0,O1N=CN=C2C=NC=C12,,[]
89,1369.256420,22.3,0.100077,26.7,0.090100,0.0,29.533000,58.0,NC=[NH+]C1=NOC=C1[O-],,[]
89,1380.613087,22.9,0.100759,27.4,0.081400,0.0,30.409000,64.4,NC=[NH+]C1=NOC([O-])=C1,,[]
89,1577.996192,47.1,0.126623,53.1,0.095500,0.1,28.254000,47.6,[O-]C1=COC2=C1C[NH2+]C2,,[]
89,1599.184049,50.3,0.126135,52.4,0.103500,0.2,23.509000,15.3,C1=C2C3C4C1C1C2C3N41,,[]
90,213.087785,0.0,0.021375,0.2,0.361500,98.8,6.002000,0.0,O,,[]
90,276.861573,0.1,0.034358,0.8,0.339900,97.3,6.316000,0.2,N,,[]
90,301.820762,0.1,0.016601,0.0,0.379600,99.2,6.278000,0.1,C#N,,[]
90,358.757206,0.2,0.026603,0.4,0.226300,49.1,6.413000,0.2,C=O,,[]
90,427.706065,0.4,0.020349,0.1,0.259800,68.2,10.401000,0.6,O1N=NN=N1,,[]
90,494.017501,0.4,0.015951,0.0,0.277000,76.1,10.398000,0.6,N#CC#N,,[]
90,551.957961,0.5,0.026540,0.3,0.206600,32.4,11.329000,0.9,O=CC#N,,[]
90,605.972721,0.7,0.025718,0.3,0.246900,61.5,13.622000,1.6,O=C1ON=NO1,,[]
90,612.158710,0.7,0.036943,1.1,0.155500,8.5,12.147000,1.1,O=CC=O,,[]
90,660.735473,0.9,0.028773,0.6,0.148500,5.6,18.268000,5.6,O=C1N=NON=N1,,[]
90,740.670140,1.5,0.025540,0.3,0.197700,26.3,16.955000,4.2,O=C(C#N)C#N,,[]
90,788.113621,2.2,0.051463,2.9,0.135500,2.6,14.117000,1.7,C1=NN=CN=N1,,[]
90,800.856456,2.4,0.035739,1.0,0.147500,5.2,18.042000,5.4,O=CC(=O)C#N,,[]
90,826.149481,2.9,0.042699,1.7,0.154300,7.9,17.906000,5.3,O=C1ON=NC=N1,,[]
90,855.199404,3.1,0.045968,2.1,0.115100,0.6,18.951000,6.2,O=CC(=O)C=O,,[]
90,1051.290467,7.1,0.045232,2.0,0.116900,0.8,24.735000,20.9,O=CC(=O)C(=O)C#N,,[]
90,1108.489211,8.9,0.055740,4.3,0.098300,0.1,25.564000,26.0,O=CC(=O)C(=O)C=O,,[]
90,1296.784724,17.1,0.078219,12.5,0.103800,0.3,24.101000,17.6,O1N=NC=C2C=NC=C12,,[]
90,1302.987027,17.5,0.079530,13.3,0.106400,0.4,23.156000,13.9,O1N=CN=C2C=NC=C12,,[]
90,1369.256420,22.2,0.100077,26.6,0.090100,0.0,29.533000,57.9,NC=[NH+]C1=NOC=C1[O-],,[]
90,1380.613087,22.8,0.100759,27.4,0.081400,0.0,30.409000,64.4,NC=[NH+]C1=NOC([O-])=C1,,[]
90,1577.996192,47.0,0.126623,53.1,0.095500,0.1,28.254000,47.5,[O-]C1=COC2=C1C[NH2+]C2,,[]
90,1599.184049,50.3,0.126135,52.3,0.103500,0.2,23.509000,15.3,C1=C2C3C4C1C1C2C3N41,,[]
91,213.087785,0.0,0.021375,0.2,0.361500,98.8,6.002000,0.0,O,,[]
91,276.861573,0.1,0.034358,0.8,0.339900,97.3,6.316000,0.2,N,,[]
91,301.820762,0.1,0.016601,0.0,0.379600,99.2,6.278000,0.1,C#N,,[]
91,358.757206,0.2,0.026603,0.4,0.226300,49.1,6.413000,0.2,C=O,,[]
91,427.706065,0.4,0.020349,0.1,0.259800,68.1,10.401000,0.6,O1N=NN=N1,,[]
91,494.017501,0.4,0.015951,0.0,0.277000,76.0,10.398000,0.6,N#CC#N,,[]
91,551.957961,0.5,0.026540,0.3,0.206600,32.4,11.329000,0.9,O=CC#N,,[]
91,605.972721,0.7,0.025718,0.3,0.246900,61.4,13.622000,1.6,O=C1ON=NO1,,[]
91,612.158710,0.7,0.036943,1.1,0.155500,8.5,12.147000,1.1,O=CC=O,,[]
91,660.735473,0.9,0.028773,0.6,0.148500,5.6,18.268000,5.6,O=C1N=NON=N1,,[]
91,740.670140,1.5,0.025540,0.3,0.197700,26.2,16.955000,4.2,O=C(C#N)C#N,,[]
91,788.113621,2.2,0.051463,2.9,0.135500,2.5,14.117000,1.7,C1=NN=CN=N1,,[]
91,800.856456,2.5,0.035739,1.0,0.147500,5.2,18.042000,5.4,O=CC(=O)C#N,,[]
91,826.149481,2.9,0.042699,1.7,0.154300,7.9,17.906000,5.2,O=C1ON=NC=N1,,[]
91,855.199404,3.1,0.045968,2.1,0.115100,0.7,18.951000,6.2,O=CC(=O)C=O,,[]
91,1051.290467,7.1,0.045232,2.0,0.116900,0.8,24.735000,20.8,O=CC(=O)C(=O)C#N,,[]
91,1108.489211,8.9,0.055740,4.3,0.098300,0.1,25.564000,25.8,O=CC(=O)C(=O)C=O,,[]
91,1296.784724,17.1,0.078219,12.5,0.103800,0.3,24.101000,17.5,O1N=NC=C2C=NC=C12,,[]
91,1302.987027,17.5,0.079530,13.3,0.106400,0.4,23.156000,13.9,O1N=CN=C2C=NC=C12,,[]
91,1369.256420,22.1,0.100077,26.6,0.090100,0.0,29.533000,57.8,NC=[NH+]C1=NOC=C1[O-],,[]
91,1380.613087,22.8,0.100759,27.3,0.081400,0.0,30.409000,64.2,NC=[NH+]C1=NOC([O-])=C1,,[]
91,1577.996192,47.0,0.126623,53.0,0.095500,0.1,28.254000,47.4,[O-]C1=COC2=C1C[NH2+]C2,,[]
91,1599.184049,50.2,0.126135,52.2,0.103500,0.2,23.509000,15.2,C1=C2C3C4C1C1C2C3N41,,[]
92,213.087785,0.0,0.021375,0.2,0.361500,98.9,6.002000,0.0,O,,[]
92,276.861573,0.1,0.034358,0.8,0.339900,97.3,6.316000,0.2,N,,[]
92,301.820762,0.1,0.016601,0.0,0.379600,99.3,6.278000,0.1,C#N,,[]
92,358.757206,0.2,0.026603,0.4,0.226300,49.0,6.413000,0.2,C=O,,[]
92,427.706065,0.3,0.020349,0.1,0.259800,68.0,10.401000,0.6,O1N=NN=N1,,[]
92,494.017501,0.4,0.015951,0.0,0.277000,76.0,10.398000,0.5,N#CC#N,,[]
92,551.957961,0.5,0.026540,0.3,0.206600,32.3,11.329000,0.9,O=CC#N,,[]
92,605.972721,0.7,0.025718,0.3,0.246900,61.4,13.622000,1.6,O=C1ON=NO1,,[]
92,612.158710,0.7,0.036943,1.1,0.155500,8.5,12.147000,1.1,O=CC=O,,[]
92,660.735473,0.9,0.028773,0.6,0.148500,5.6,18.268000,5.5,O=C1N=NON=N1,,[]
92,740.670140,1.5,0.025540,0.3,0.197700,26.2,16.955000,4.2,O=C(C#N)C#N,,[]
92,788.113621,2.2,0.051463,2.9,0.135500,2.5,14.117000,1.7,C1=NN=CN=N1,,[]
92,800.856456,2.4,0.035739,1.0,0.147500,5.2,18.042000,5.3,O=CC(=O)C#N,,[]
92,826.149481,2.8,0.042699,1.7,0.154300,7.9,17.906000,5.2,O=C1ON=NC=N1,,[]
92,855.199404,3.1,0.045968,2.1,0.115100,0.7,18.951000,6.1,O=CC(=O)C=O,,[]
92,1051.290467,7.1,0.045232,2.0,0.116900,0.8,24.735000,20.7,O=CC(=O)C(=O)C#N,,[]
92,1108.489211,8.8,0.055740,4.3,0.098300,0.1,25.564000,25.8,O=CC(=O)C(=O)C=O,,[]
92,1296.784724,17.0,0.078219,12.4,0.103800,0.3,24.101000,17.4,O1N=NC=C2C=NC=C12,,[]
92,1302.987027,17.4,0.079530,13.2,0.106400,0.4,23.156000,13.8,O1N=CN=C2C=NC=C12,,[]
92,1369.256420,22.0,0.100077,26.5,0.090100,0.0,29.533000,57.7,NC=[NH+]C1=NOC=C1[O-],,[]
92,1380.613087,22.7,0.100759,27.2,0.081400,0.0,30.409000,64.1,NC=[NH+]C1=NOC([O-])=C1,,[]
92,1577.996192,46.8,0.126623,52.9,0.095500,0.1,28.254000,47.3,[O-]C1=COC2=C1C[NH2+]C2,,[]
92,1599.184049,50.0,0.126135,52.1,0.103500,0.2,23.509000,15.1,C1=C2C3C4C1C1C2C3N41,,[]
93,213.087785,0.0,0.021375,0.2,0.361500,98.9,6.002000,0.0,O,,[]
93,276.861573,0.1,0.034358,0.8,0.339900,97.3,6.316000,0.2,N,,[]
93,301.820762,0.1,0.016601,0.0,0.379600,99.3,6.278000,0.1,C#N,,[]
93,358.757206,0.2,0.026603,0.4,0.226300,49.0,6.413000,0.2,C=O,,[]
93,427.706065,0.4,0.020349,0.1,0.259800,68.0,10.401000,0.6,O1N=NN=N1,,[]
93,494.017501,0.4,0.015951,0.0,0.277000,75.9,10.398000,0.6,N#CC#N,,[]
93,551.957961,0.5,0.026540,0.3,0.206600,32.3,11.329000,0.9,O=CC#N,,[]
93,605.972721,0.7,0.025718,0.3,0.246900,61.3,13.622000,1.6,O=C1ON=NO1,,[]
93,612.158710,0.7,0.036943,1.1,0.155500,8.5,12.147000,1.1,O=CC=O,,[]
93,660.735473,0.9,0.028773,0.6,0.148500,5.6,18.268000,5.5,O=C1N=NON=N1,,[]
93,740.670140,1.5,0.025540,0.3,0.197700,26.1,16.955000,4.2,O=C(C#N)C#N,,[]
93,788.113621,2.2,0.051463,2.9,0.135500,2.5,14.117000,1.7,C1=NN=CN=N1,,[]
93,800.856456,2.4,0.035739,1.0,0.147500,5.2,18.042000,5.3,O=CC(=O)C#N,,[]
93,826.149481,2.9,0.042699,1.7,0.154300,7.9,17.906000,5.2,O=C1ON=NC=N1,,[]
93,855.199404,3.1,0.045968,2.1,0.115100,0.7,18.951000,6.1,O=CC(=O)C=O,,[]
93,1051.290467,7.1,0.045232,2.0,0.116900,0.8,24.735000,20.6,O=CC(=O)C(=O)C#N,,[]
93,1108.489211,8.8,0.055740,4.2,0.098300,0.1,25.564000,25.7,O=CC(=O)C(=O)C=O,,[]
93,1296.784724,16.9,0.078219,12.4,0.103800,0.3,24.101000,17.4,O1N=NC=C2C=NC=C12,,[]
93,1302.987027,17.3,0.079530,13.2,0.106400,0.4,23.156000,13.8,O1N=CN=C2C=NC=C12,,[]
93,1369.256420,22.0,0.100077,26.5,0.090100,0.0,29.533000,57.7,NC=[NH+]C1=NOC=C1[O-],,[]
93,1380.613087,22.7,0.100759,27.2,0.081400,0.0,30.409000,64.1,NC=[NH+]C1=NOC([O-])=C1,,[]
93,1577.996192,46.8,0.126623,52.8,0.095500,0.1,28.254000,47.3,[O-]C1=COC2=C1C[NH2+]C2,,[]
93,1599.184049,50.0,0.126135,52.1,0.103500,0.2,23.509000,15.1,C1=C2C3C4C1C1C2C3N41,,[]
94,213.087785,0.0,0.021375,0.2,0.361500,98.9,6.002000,0.0,O,,[]
94,276.861573,0.1,0.034358,0.8,0.339900,97.3,6.316000,0.2,N,,[]
94,301.820762,0.1,0.016601,0.0,0.379600,99.3,6.278000,0.1,C#N,,[]
94,358.757206,0.2,0.026603,0.4,0.226300,49.0,6.413000,0.2,C=O,,[]
94,427.706065,0.4,0.020349,0.1,0.259800,68.0,10.401000,0.6,O1N=NN=N1,,[]
94,494.017501,0.4,0.015951,0.0,0.277000,76.0,10.398000,0.6,N#CC#N,,[]
94,551.957961,0.5,0.026540,0.3,0.206600,32.3,11.329000,0.9,O=CC#N,,[]
94,605.972721,0.7,0.025718,0.3,0.246900,61.3,13.622000,1.6,O=C1ON=NO1,,[]
94,612.158710,0.7,0.036943,1.1,0.155500,8.5,12.147000,1.1,O=CC=O,,[]
94,660.735473,0.9,0.028773,0.6,0.148500,5.6,18.268000,5.5,O=C1N=NON=N1,,[]
94,740.670140,1.5,0.025540,0.3,0.197700,26.1,16.955000,4.2,O=C(C#N)C#N,,[]
94,788.113621,2.2,0.051463,2.9,0.135500,2.5,14.117000,1.7,C1=NN=CN=N1,,[]
94,800.856456,2.4,0.035739,1.0,0.147500,5.2,18.042000,5.3,O=CC(=O)C#N,,[]
94,826.149481,2.8,0.042699,1.7,0.154300,7.8,17.906000,5.2,O=C1ON=NC=N1,,[]
94,855.199404,3.1,0.045968,2.1,0.115100,0.7,18.951000,6.1,O=CC(=O)C=O,,[]
94,1051.290467,7.1,0.045232,2.0,0.116900,0.8,24.735000,20.5,O=CC(=O)C(=O)C#N,,[]
94,1108.489211,8.8,0.055740,4.2,0.098300,0.1,25.564000,25.6,O=CC(=O)C(=O)C=O,,[]
94,1296.784724,16.9,0.078219,12.4,0.103800,0.3,24.101000,17.3,O1N=NC=C2C=NC=C12,,[]
94,1302.987027,17.3,0.079530,13.2,0.106400,0.4,23.156000,13.7,O1N=CN=C2C=NC=C12,,[]
94,1369.256420,21.9,0.100077,26.4,0.090100,0.0,29.533000,57.6,NC=[NH+]C1=NOC=C1[O-],,[]
94,1380.613087,22.6,0.100759,27.1,0.081400,0.0,30.409000,64.0,NC=[NH+]C1=NOC([O-])=C1,,[]
94,1577.996192,46.7,0.126623,52.7,0.095500,0.1,28.254000,47.1,[O-]C1=COC2=C1C[NH2+]C2,,[]
94,1599.184049,50.0,0.126135,52.0,0.103500,0.2,23.509000,15.0,C1=C2C3C4C1C1C2C3N41,,[]
95,213.087785,0.0,0.021375,0.2,0.361500,98.9,6.002000,0.0,O,,[]
95,276.861573,0.1,0.034358,0.8,0.339900,97.3,6.316000,0.2,N,,[]
95,301.820762,0.1,0.016601,0.0,0.379600,99.3,6.278000,0.1,C#N,,[]
95,358.757206,0.2,0.026603,0.4,0.226300,49.1,6.413000,0.2,C=O,,[]
95,427.706065,0.3,0.020349,0.1,0.259800,68.1,10.401000,0.6,O1N=NN=N1,,[]
95,494.017501,0.4,0.015951,0.0,0.277000,76.0,10.398000,0.6,N#CC#N,,[]
95,551.957961,0.5,0.026540,0.3,0.206600,32.4,11.329000,0.8,O=CC#N,,[]
95,605.972721,0.7,0.025718,0.3,0.246900,61.4,13.622000,1.6,O=C1ON=NO1,,[]
95,612.158710,0.7,0.036943,1.1,0.155500,8.6,12.147000,1.1,O=CC=O,,[]
95,660.735473,0.9,0.028773,0.6,0.148500,5.6,18.268000,5.5,O=C1N=NON=N1,,[]
95,740.670140,1.5,0.025540,0.3,0.197700,26.2,16.955000,4.1,O=C(C#N)C#N,,[]
95,788.113621,2.1,0.051463,2.9,0.135500,2.6,14.117000,1.7,C1=NN=CN=N1,,[]
95,800.856456,2.4,0.035739,1.0,0.147500,5.2,18.042000,5.3,O=CC(=O)C#N,,[]
95,826.149481,2.8,0.042699,1.7,0.154300,7.9,17.906000,5.1,O=C1ON=NC=N1,,[]
95,855.199404,3.1,0.045968,2.1,0.115100,0.6,18.951000,6.1,O=CC(=O)C=O,,[]
95,1051.290467,7.0,0.045232,2.0,0.116900,0.8,24.735000,20.5,O=CC(=O)C(=O)C#N,,[]
95,1108.489211,8.8,0.055740,4.2,0.098300,0.1,25.564000,25.5,O=CC(=O)C(=O)C=O,,[]
95,1296.784724,16.8,0.078219,12.4,0.103800,0.3,24.101000,17.3,O1N=NC=C2C=NC=C12,,[]
95,1302.987027,17.2,0.079530,13.2,0.106400,0.3,23.156000,13.7,O1N=CN=C2C=NC=C12,,[]
95,1369.256420,21.9,0.100077,26.4,0.090100,0.0,29.533000,57.5,NC=[NH+]C1=NOC=C1[O-],,[]
95,1380.613087,22.6,0.100759,27.1,0.081400,0.0,30.409000,63.9,NC=[NH+]C1=NOC([O-])=C1,,[]
95,1577.996192,46.7,0.126623,52.7,0.095500,0.1,28.254000,47.0,[O-]C1=COC2=C1C[NH2+]C2,,[]
95,1599.184049,49.9,0.126135,52.0,0.103500,0.2,23.509000,15.0,C1=C2C3C4C1C1C2C3N41,,[]
96,213.087785,0.0,0.021375,0.2,0.361500,98.9,6.002000,0.0,O,,[]
96,276.861573,0.1,0.034358,0.8,0.339900,97.3,6.316000,0.2,N,,[]
96,301.820762,0.1,0.016601,0.0,0.379600,99.3,6.278000,0.1,C#N,,[]
96,358.757206,0.2,0.026603,0.4,0.226300,49.0,6.413000,0.2,C=O,,[]
96,427.706065,0.3,0.020349,0.1,0.259800,68.0,10.401000,0.6,O1N=NN=N1,,[]
96,494.017501,0.4,0.015951,0.0,0.277000,76.0,10.398000,0.5,N#CC#N,,[]
96,551.957961,0.5,0.026540,0.3,0.206600,32.3,11.329000,0.8,O=CC#N,,[]
96,605.972721,0.7,0.025718,0.3,0.246900,61.3,13.622000,1.6,O=C1ON=NO1,,[]
96,612.158710,0.7,0.036943,1.1,0.155500,8.6,12.147000,1.1,O=CC=O,,[]
96,660.735473,0.9,0.028773,0.6,0.148500,5.6,18.268000,5.5,O=C1N=NON=N1,,[]
96,740.670140,1.5,0.025540,0.3,0.197700,26.2,16.955000,4.1,O=C(C#N)C#N,,[]
96,788.113621,2.1,0.051463,2.9,0.135500,2.6,14.117000,1.7,C1=NN=CN=N1,,[]
96,800.856456,2.4,0.035739,1.0,0.147500,5.2,18.042000,5.3,O=CC(=O)C#N,,[]
96,826.149481,2.8,0.042699,1.7,0.154300,7.9,17.906000,5.1,O=C1ON=NC=N1,,[]
96,855.199404,3.1,0.045968,2.1,0.115100,0.7,18.951000,6.1,O=CC(=O)C=O,,[]
96,1051.290467,7.0,0.045232,2.0,0.116900,0.8,24.735000,20.4,O=CC(=O)C(=O)C#N,,[]
96,1108.489211,8.8,0.055740,4.2,0.098300,0.1,25.564000,25.4,O=CC(=O)C(=O)C=O,,[]
96,1296.784724,16.7,0.078219,12.3,0.103800,0.3,24.101000,17.2,O1N=NC=C2C=NC=C12,,[]
96,1302.987027,17.2,0.079530,13.1,0.106400,0.4,23.156000,13.6,O1N=CN=C2C=NC=C12,,[]
96,1369.256420,21.8,0.100077,26.3,0.090100,0.0,29.533000,57.3,NC=[NH+]C1=NOC=C1[O-],,[]
96,1380.613087,22.4,0.100759,27.0,0.081400,0.0,30.409000,63.7,NC=[NH+]C1=NOC([O-])=C1,,[]
96,1503.731701,36.3,0.111449,36.3,0.070900,0.0,32.178000,75.4,[O-]C1=CC(NC=[NH2+])=CO1,,[]
96,1577.996192,46.5,0.126623,52.6,0.095500,0.1,28.254000,46.9,[O-]C1=COC2=C1C[NH2+]C2,,[]
96,1599.184049,49.8,0.126135,51.9,0.103500,0.2,23.509000,14.9,C1=C2C3C4C1C1C2C3N41,,[]
97,213.087785,0.0,0.021375,0.2,0.361500,98.9,6.002000,0.0,O,,[]
97,276.861573,0.1,0.034358,0.8,0.339900,97.3,6.316000,0.2,N,,[]
97,301.820762,0.1,0.016601,0.0,0.379600,99.3,6.278000,0.1,C#N,,[]
97,358.757206,0.2,0.026603,0.4,0.226300,48.9,6.413000,0.2,C=O,,[]
97,427.706065,0.4,0.020349,0.1,0.259800,67.9,10.401000,0.6,O1N=NN=N1,,[]
97,494.017501,0.4,0.015951,0.0,0.277000,75.9,10.398000,0.5,N#CC#N,,[]
97,551.957961,0.5,0.026540,0.3,0.206600,32.2,11.329000,0.8,O=CC#N,,[]
97,605.972721,0.7,0.025718,0.3,0.246900,61.2,13.622000,1.6,O=C1ON=NO1,,[]
97,612.158710,0.7,0.036943,1.1,0.155500,8.5,12.147000,1.1,O=CC=O,,[]
97,660.735473,0.9,0.028773,0.6,0.148500,5.6,18.268000,5.5,O=C1N=NON=N1,,[]
97,740.670140,1.5,0.025540,0.3,0.197700,26.1,16.955000,4.1,O=C(C#N)C#N,,[]
97,788.113621,2.1,0.051463,2.9,0.135500,2.6,14.117000,1.7,C1=NN=CN=N1,,[]
97,800.856456,2.4,0.035739,1.0,0.147500,5.2,18.042000,5.3,O=CC(=O)C#N,,[]
97,826.149481,2.8,0.042699,1.7,0.154300,7.9,17.906000,5.1,O=C1ON=NC=N1,,[]
97,855.199404,3.1,0.045968,2.1,0.115100,0.7,18.951000,6.1,O=CC(=O)C=O,,[]
97,1051.290467,7.0,0.045232,2.0,0.116900,0.8,24.735000,20.3,O=CC(=O)C(=O)C#N,,[]
97,1108.489211,8.7,0.055740,4.2,0.098300,0.1,25.564000,25.3,O=CC(=O)C(=O)C=O,,[]
97,1296.784724,16.7,0.078219,12.2,0.103800,0.3,24.101000,17.1,O1N=NC=C2C=NC=C12,,[]
97,1302.987027,17.1,0.079530,13.0,0.106400,0.4,23.156000,13.6,O1N=CN=C2C=NC=C12,,[]
97,1369.256420,21.7,0.100077,26.2,0.090100,0.0,29.533000,57.2,NC=[NH+]C1=NOC=C1[O-],,[]
97,1380.613087,22.4,0.100759,27.0,0.081400,0.0,30.409000,63.6,NC=[NH+]C1=NOC([O-])=C1,,[]
97,1503.731701,36.2,0.111449,36.3,0.070900,0.0,32.178000,75.3,[O-]C1=CC(NC=[NH2+])=CO1,,[]
97,1577.996192,46.4,0.126623,52.5,0.095500,0.1,28.254000,46.8,[O-]C1=COC2=C1C[NH2+]C2,,[]
97,1599.184049,49.7,0.126135,51.8,0.103500,0.2,23.509000,14.9,C1=C2C3C4C1C1C2C3N41,,[]
98,213.087785,0.0,0.021375,0.2,0.361500,98.9,6.002000,0.0,O,,[]
98,276.861573,0.1,0.034358,0.8,0.339900,97.3,6.316000,0.2,N,,[]
98,301.820762,0.1,0.016601,0.0,0.379600,99.3,6.278000,0.1,C#N,,[]
98,358.757206,0.2,0.026603,0.4,0.226300,48.9,6.413000,0.2,C=O,,[]
98,427.706065,0.3,0.020349,0.1,0.259800,67.9,10.401000,0.6,O1N=NN=N1,,[]
98,494.017501,0.4,0.015951,0.0,0.277000,75.9,10.398000,0.5,N#CC#N,,[]
98,551.957961,0.5,0.026540,0.3,0.206600,32.2,11.329000,0.8,O=CC#N,,[]
98,605.972721,0.7,0.025718,0.3,0.246900,61.2,13.622000,1.6,O=C1ON=NO1,,[]
98,612.158710,0.7,0.036943,1.1,0.155500,8.5,12.147000,1.0,O=CC=O,,[]
98,660.735473,0.9,0.028773,0.6,0.148500,5.6,18.268000,5.5,O=C1N=NON=N1,,[]
98,740.670140,1.5,0.025540,0.3,0.197700,26.0,16.955000,4.1,O=C(C#N)C#N,,[]
98,788.113621,2.1,0.051463,2.9,0.135500,2.6,14.117000,1.7,C1=NN=CN=N1,,[]
98,800.856456,2.4,0.035739,0.9,0.147500,5.2,18.042000,5.3,O=CC(=O)C#N,,[]
98,826.149481,2.8,0.042699,1.7,0.154300,7.8,17.906000,5.1,O=C1ON=NC=N1,,[]
98,855.199404,3.1,0.045968,2.0,0.115100,0.7,18.951000,6.1,O=CC(=O)C=O,,[]
98,1051.290467,7.0,0.045232,2.0,0.116900,0.8,24.735000,20.3,O=CC(=O)C(=O)C#N,,[]
98,1108.489211,8.7,0.055740,4.2,0.098300,0.1,25.564000,25.2,O=CC(=O)C(=O)C=O,,[]
98,1296.784724,16.7,0.078219,12.2,0.103800,0.3,24.101000,17.1,O1N=NC=C2C=NC=C12,,[]
98,1302.987027,17.1,0.079530,13.0,0.106400,0.3,23.156000,13.5,O1N=CN=C2C=NC=C12,,[]
98,1369.256420,21.7,0.100077,26.2,0.090100,0.0,29.533000,57.1,NC=[NH+]C1=NOC=C1[O-],,[]
98,1380.613087,22.4,0.100759,26.9,0.081400,0.0,30.409000,63.5,NC=[NH+]C1=NOC([O-])=C1,,[]
98,1503.731701,36.2,0.111449,36.2,0.070900,0.0,32.178000,75.3,[O-]C1=CC(NC=[NH2+])=CO1,,[]
98,1577.996192,46.3,0.126623,52.4,0.095500,0.1,28.254000,46.7,[O-]C1=COC2=C1C[NH2+]C2,,[]
98,1599.184049,49.6,0.126135,51.7,0.103500,0.2,23.509000,14.8,C1=C2C3C4C1C1C2C3N41,,[]
99,213.087785,0.0,0.021375,0.2,0.361500,98.9,6.002000,0.0,O,,[]
99,276.861573,0.1,0.034358,0.8,0.339900,97.3,6.316000,0.2,N,,[]
99,301.820762,0.1,0.016601,0.0,0.379600,99.3,6.278000,0.1,C#N,,[]
99,358.757206,0.2,0.026603,0.4,0.226300,48.8,6.413000,0.2,C=O,,[]
99,427.706065,0.4,0.020349,0.1,0.259800,67.9,10.401000,0.6,O1N=NN=N1,,[]
99,494.017501,0.4,0.015951,0.0,0.277000,75.8,10.398000,0.5,N#CC#N,,[]
99,551.957961,0.5,0.026540,0.3,0.206600,32.2,11.329000,0.9,O=CC#N,,[]
99,605.972721,0.7,0.025718,0.3,0.246900,61.1,13.622000,1.6,O=C1ON=NO1,,[]
99,612.158710,0.7,0.036943,1.1,0.155500,8.5,12.147000,1.1,O=CC=O,,[]
99,660.735473,0.9,0.028773,0.6,0.148500,5.6,18.268000,5.5,O=C1N=NON=N1,,[]
99,740.670140,1.5,0.025540,0.3,0.197700,26.0,16.955000,4.1,O=C(C#N)C#N,,[]
99,788.113621,2.1,0.051463,2.8,0.135500,2.6,14.117000,1.7,C1=NN=CN=N1,,[]
99,800.856456,2.4,0.035739,0.9,0.147500,5.2,18.042000,5.3,O=CC(=O)C#N,,[]
99,826.149481,2.8,0.042699,1.7,0.154300,7.9,17.906000,5.1,O=C1ON=NC=N1,,[]
99,855.199404,3.1,0.045968,2.0,0.115100,0.7,18.951000,6.1,O=CC(=O)C=O,,[]
99,1051.290467,7.0,0.045232,1.9,0.116900,0.8,24.735000,20.3,O=CC(=O)C(=O)C#N,,[]
99,1108.489211,8.7,0.055740,4.2,0.098300,0.1,25.564000,25.3,O=CC(=O)C(=O)C=O,,[]
99,1296.784724,16.7,0.078219,12.2,0.103800,0.3,24.101000,17.0,O1N=NC=C2C=NC=C12,,[]
99,1302.987027,17.0,0.079530,13.0,0.106400,0.3,23.156000,13.4,O1N=CN=C2C=NC=C12,,[]
99,1369.256420,21.6,0.100077,26.2,0.090100,0.0,29.533000,57.2,NC=[NH+]C1=NOC=C1[O-],,[]
99,1380.613087,22.3,0.100759,26.9,0.081400,0.0,30.409000,63.6,NC=[NH+]C1=NOC([O-])=C1,,[]
99,1503.731701,36.1,0.111449,36.2,0.070900,0.0,32.178000,75.3,[O-]C1=CC(NC=[NH2+])=CO1,,[]
99,1577.996192,46.3,0.126623,52.4,0.095500,0.1,28.254000,46.7,[O-]C1=COC2=C1C[NH2+]C2,,[]
99,1599.184049,49.6,0.126135,51.7,0.103500,0.2,23.509000,14.8,C1=C2C3C4C1C1C2C3N41,,[]
100,213.087785,0.0,0.021375,0.2,0.361500,98.9,6.002000,0.0,O,,[]
100,276.861573,0.1,0.034358,0.8,0.339900,97.3,6.316000,0.2,N,,[]
100,301.820762,0.1,0.016601,0.0,0.379600,99.3,6.278000,0.1,C#N,,[]
100,358.757206,0.2,0.026603,0.4,0.226300,48.8,6.413000,0.2,C=O,,[]
100,427.706065,0.4,0.020349,0.1,0.259800,67.8,10.401000,0.6,O1N=NN=N1,,[]
100,494.017501,0.4,0.015951,0.0,0.277000,75.8,10.398000,0.6,N#CC#N,,[]
100,551.957961,0.5,0.026540,0.3,0.206600,32.2,11.329000,0.9,O=CC#N,,[]
100,605.972721,0.7,0.025718,0.3,0.246900,61.0,13.622000,1.6,O=C1ON=NO1,,[]
100,612.158710,0.7,0.036943,1.1,0.155500,8.6,12.147000,1.1,O=CC=O,,[]
100,660.735473,0.9,0.028773,0.6,0.148500,5.6,18.268000,5.5,O=C1N=NON=N1,,[]
100,740.670140,1.5,0.025540,0.3,0.197700,26.0,16.955000,4.1,O=C(C#N)C#N,,[]
100,788.113621,2.1,0.051463,2.8,0.135500,2.6,14.117000,1.7,C1=NN=CN=N1,,[]
100,800.856456,2.4,0.035739,0.9,0.147500,5.2,18.042000,5.3,O=CC(=O)C#N,,[]
100,826.149481,2.8,0.042699,1.7,0.154300,7.9,17.906000,5.1,O=C1ON=NC=N1,,[]
100,855.199404,3.1,0.045968,2.0,0.115100,0.7,18.951000,6.0,O=CC(=O)C=O,,[]
100,1051.290467,7.0,0.045232,1.9,0.116900,0.8,24.735000,20.2,O=CC(=O)C(=O)C#N,,[]
100,1108.489211,8.6,0.055740,4.2,0.098300,0.1,25.564000,25.2,O=CC(=O)C(=O)C=O,,[]
100,1296.784724,16.6,0.078219,12.1,0.103800,0.3,24.101000,17.0,O1N=NC=C2C=NC=C12,,[]
100,1302.987027,17.0,0.079530,12.9,0.106400,0.4,23.156000,13.4,O1N=CN=C2C=NC=C12,,[]
100,1369.256420,21.5,0.100077,26.1,0.090100,0.0,29.533000,57.1,NC=[NH+]C1=NOC=C1[O-],,[]
100,1380.613087,22.2,0.100759,26.8,0.081400,0.0,30.409000,63.6,NC=[NH+]C1=NOC([O-])=C1,,[]
100,1503.731701,36.0,0.111449,36.0,0.070900,0.0,32.178000,75.3,[O-]C1=CC(NC=[NH2+])=CO1,,[]
100,1577.996192,46.2,0.126623,52.2,0.095500,0.1,28.254000,46.6,[O-]C1=COC2=C1C[NH2+]C2,,[]
100,1599.184049,49.5,0.126135,51.5,0.103500,0.2,23.509000,14.7,C1=C2C3C4C1C1C2C3N41,,[]
101,213.087785,0.0,0.021375,0.2,0.361500,98.9,6.002000,0.0,O,,[]
101,276.861573,0.1,0.034358,0.8,0.339900,97.3,6.316000,0.2,N,,[]
101,301.820762,0.1,0.016601,0.0,0.379600,99.3,6.278000,0.1,C#N,,[]
101,358.757206,0.2,0.026603,0.4,0.226300,48.8,6.413000,0.2,C=O,,[]
101,427.706065,0.3,0.020349,0.1,0.259800,67.8,10.401000,0.6,O1N=NN=N1,,[]
101,494.017501,0.4,0.015951,0.0,0.277000,75.8,10.398000,0.5,N#CC#N,,[]
101,551.957961,0.5,0.026540,0.3,0.206600,32.2,11.329000,0.9,O=CC#N,,[]
101,605.972721,0.7,0.025718,0.3,0.246900,61.0,13.622000,1.6,O=C1ON=NO1,,[]
101,612.158710,0.7,0.036943,1.1,0.155500,8.5,12.147000,1.1,O=CC=O,,[]
101,660.735473,0.9,0.028773,0.6,0.148500,5.6,18.268000,5.4,O=C1N=NON=N1,,[]
101,740.670140,1.5,0.025540,0.3,0.197700,26.1,16.955000,4.1,O=C(C#N)C#N,,[]
101,788.113621,2.1,0.051463,2.8,0.135500,2.6,14.117000,1.7,C1=NN=CN=N1,,[]
101,800.856456,2.4,0.035739,0.9,0.147500,5.2,18.042000,5.2,O=CC(=O)C#N,,[]
101,826.149481,2.8,0.042699,1.7,0.154300,7.9,17.906000,5.1,O=C1ON=NC=N1,,[]
101,855.199404,3.0,0.045968,2.0,0.115100,0.7,18.951000,6.0,O=CC(=O)C=O,,[]
101,1051.290467,6.9,0.045232,1.9,0.116900,0.8,24.735000,20.1,O=CC(=O)C(=O)C#N,,[]
101,1108.489211,8.6,0.055740,4.1,0.098300,0.1,25.564000,25.1,O=CC(=O)C(=O)C=O,,[]
101,1296.784724,16.5,0.078219,12.1,0.103800,0.3,24.101000,16.9,O1N=NC=C2C=NC=C12,,[]
101,1302.987027,16.9,0.079530,12.9,0.106400,0.3,23.156000,13.3,O1N=CN=C2C=NC=C12,,[]
101,1369.256420,21.4,0.100077,26.0,0.090100,0.0,29.533000,57.0,NC=[NH+]C1=NOC=C1[O-],,[]
101,1380.613087,22.1,0.100759,26.8,0.081400,0.0,30.409000,63.5,NC=[NH+]C1=NOC([O-])=C1,,[]
101,1503.731701,35.9,0.111449,35.9,0.070900,0.0,32.178000,75.2,[O-]C1=CC(NC=[NH2+])=CO1,,[]
101,1577.996192,46.1,0.126623,52.2,0.095500,0.1,28.254000,46.5,[O-]C1=COC2=C1C[NH2+]C2,,[]
101,1599.184049,49.4,0.126135,51.4,0.103500,0.2,23.509000,14.6,C1=C2C3C4C1C1C2C3N41,,[]
