generation,E_at,E_at_percentile,zvpe,zvpe_percentile,e_gap,e_gap_percentile,C_v,C_v_percentile,SMILES,coordList,functionalization
1,1224.717143,0.0,0.068927,0.0,0.186600,10.0,21.532000,2.0,O1N=NC2=C1N=CN=C2,,[]
1,1265.428703,2.0,0.075293,2.0,0.191800,16.0,21.261000,0.0,N#CC1=NC=NC=C1,,[]
1,1316.229360,4.0,0.078774,6.0,0.180800,4.0,25.848000,6.0,N=C1C=NOC=C1C#N,,[]
1,1378.080459,6.0,0.077038,4.0,0.151400,0.0,26.818000,10.0,O=C1OC=CN=C1C#C,,[]
2,855.199404,0.0,0.045968,0.7,0.115100,0.7,18.951000,0.7,O=CC(=O)C=O,,[]
2,1073.449709,1.3,0.037484,0.0,0.174400,11.3,23.324000,6.7,N#CC#CC#CC#N,,[]
2,1093.710108,3.3,0.069165,4.7,0.226900,60.0,17.794000,0.0,FC1=NC=NC=C1,,[]
2,1473.360870,46.0,0.128928,71.3,0.076600,0.0,31.632000,74.7,[O-]C(=O)CCNC=[NH2+],,[]
3,605.972721,0.0,0.025718,0.0,0.246900,69.2,13.622000,0.0,O=C1ON=NO1,,[]
3,798.442427,0.4,0.055704,4.4,0.219100,48.8,15.692000,1.6,O=CNC=O,,[]
3,836.881775,0.8,0.054694,3.2,0.230000,59.2,16.279000,2.0,O=CCC#N,,[]
3,855.199404,1.2,0.045968,0.8,0.115100,0.4,18.951000,3.2,O=CC(=O)C=O,,[]
3,1073.449709,7.2,0.037484,0.4,0.174400,12.0,23.324000,14.4,N#CC#CC#CC#N,,[]
3,1473.360870,51.6,0.128928,69.2,0.076600,0.0,31.632000,81.6,[O-]C(=O)CCNC=[NH2+],,[]
4,605.972721,0.0,0.025718,0.0,0.246900,72.6,13.622000,0.0,O=C1ON=NO1,,[]
4,798.442427,0.3,0.055704,5.4,0.219100,53.4,15.692000,1.4,O=CNC=O,,[]
4,831.650856,0.6,0.036304,0.6,0.194700,32.0,18.651000,4.3,O=C(C#C)C#N,,[]
4,836.881775,0.9,0.054694,4.3,0.230000,63.4,16.279000,1.7,O=CCC#N,,[]
4,839.487194,1.1,0.054510,4.0,0.211800,46.9,16.963000,2.6,CC(=O)C#N,,[]
4,855.199404,1.4,0.045968,1.1,0.115100,0.3,18.951000,4.6,O=CC(=O)C=O,,[]
4,993.388913,5.4,0.056720,6.3,0.200800,37.1,17.728000,2.9,O=C1OC=NC=N1,,[]
4,994.579299,5.7,0.055819,5.7,0.210400,45.1,18.463000,4.0,O=C1OCOC1=O,,[]
4,1073.449709,10.9,0.037484,0.9,0.174400,14.6,23.324000,21.4,N#CC#CC#CC#N,,[]
4,1473.360870,62.9,0.128928,76.9,0.076600,0.0,31.632000,85.7,[O-]C(=O)CCNC=[NH2+],,[]
5,478.904563,0.0,0.017147,0.0,0.622100,99.8,12.639000,0.0,FC(F)(F)F,,[]
5,605.972721,0.2,0.025718,0.2,0.246900,72.9,13.622000,0.2,O=C1ON=NO1,,[]
5,798.442427,0.4,0.055704,6.2,0.219100,54.0,15.692000,1.6,O=CNC=O,,[]
5,820.976292,0.7,0.054731,5.6,0.235200,67.8,18.527000,5.3,NC(=O)C#C,,[]
5,831.650856,0.9,0.036304,0.7,0.194700,32.0,18.651000,5.6,O=C(C#C)C#N,,[]
5,836.881775,1.1,0.054694,5.1,0.230000,64.4,16.279000,1.8,O=CCC#N,,[]
5,839.487194,1.3,0.054510,4.9,0.211800,47.3,16.963000,2.4,CC(=O)C#N,,[]
5,855.199404,1.6,0.045968,1.6,0.115100,0.4,18.951000,6.2,O=CC(=O)C=O,,[]
5,857.729522,2.0,0.062456,9.3,0.196500,33.3,17.458000,3.1,NC1=CON=N1,,[]
5,905.053149,2.4,0.050892,2.7,0.228900,63.6,17.820000,3.8,O1N=CN2N=NN=C12,,[]
5,993.388913,5.6,0.056720,6.9,0.200800,38.0,17.728000,3.3,O=C1OC=NC=N1,,[]
5,994.579299,5.8,0.055819,6.4,0.210400,46.0,18.463000,5.1,O=C1OCOC1=O,,[]
5,1073.449709,12.2,0.037484,0.9,0.174400,14.7,23.324000,23.8,N#CC#CC#CC#N,,[]
5,1094.919946,15.1,0.067721,16.2,0.189700,27.1,18.814000,6.0,O=CC1=NC=CO1,,[]
5,1473.360870,63.6,0.128928,78.2,0.076600,0.0,31.632000,88.0,[O-]C(=O)CCNC=[NH2+],,[]
5,1696.891039,82.4,0.138486,83.1,0.114500,0.2,24.968000,34.0,C1C2C3OC4C3C1=CC24,,[]
6,478.904563,0.0,0.017147,0.0,0.622100,99.6,12.639000,0.0,FC(F)(F)F,,[]
6,605.972721,0.4,0.025718,0.4,0.246900,68.5,13.622000,0.5,O=C1ON=NO1,,[]
6,761.150167,0.5,0.079754,31.5,0.341700,95.3,13.546000,0.4,CCO,,[]
6,798.442427,0.7,0.055704,6.2,0.219100,50.2,15.692000,2.2,O=CNC=O,,[]
6,818.179483,0.9,0.043872,1.8,0.167200,10.4,16.536000,2.5,FC1=NC=NN=N1,,[]
6,831.650856,1.3,0.036304,0.9,0.194700,29.8,18.651000,6.4,O=C(C#C)C#N,,[]
6,836.881775,1.5,0.054694,5.3,0.230000,59.8,16.279000,2.4,O=CCC#N,,[]
6,855.199404,1.8,0.045968,2.0,0.115100,0.5,18.951000,7.1,O=CC(=O)C=O,,[]
6,1028.408334,9.1,0.036026,0.7,0.178900,17.3,23.569000,25.5,O=C(C#N)C#CC#N,,[]
6,1073.449709,12.2,0.037484,1.3,0.174400,13.8,23.324000,24.0,N#CC#CC#CC#N,,[]
6,1473.360870,59.8,0.128928,74.4,0.076600,0.0,31.632000,87.5,[O-]C(=O)CCNC=[NH2+],,[]
6,1599.184049,71.3,0.126135,72.5,0.103500,0.2,23.509000,24.9,C1=C2C3C4C1C1C2C3N41,,[]
7,478.904563,0.0,0.017147,0.0,0.622100,99.7,12.639000,0.0,FC(F)(F)F,,[]
7,605.972721,0.3,0.025718,0.3,0.246900,68.2,13.622000,0.5,O=C1ON=NO1,,[]
7,761.150167,0.5,0.079754,29.5,0.341700,95.8,13.546000,0.3,CCO,,[]
7,783.223440,0.6,0.027023,0.5,0.211300,43.2,17.827000,5.4,N#CC#CC#N,,[]
7,798.442427,0.8,0.055704,6.0,0.219100,50.5,15.692000,2.2,O=CNC=O,,[]
7,818.179483,1.1,0.043872,1.7,0.167200,10.6,16.536000,2.9,FC1=NC=NN=N1,,[]
7,831.650856,1.4,0.036304,0.9,0.194700,29.1,18.651000,7.2,O=C(C#C)C#N,,[]
7,836.881775,1.5,0.054694,5.1,0.230000,60.5,16.279000,2.6,O=CCC#N,,[]
7,855.199404,2.0,0.045968,1.8,0.115100,0.5,18.951000,7.8,O=CC(=O)C=O,,[]
7,1028.408334,9.2,0.036026,0.8,0.178900,17.4,23.569000,24.9,O=C(C#N)C#CC#N,,[]
7,1073.449709,12.3,0.037484,1.2,0.174400,14.0,23.324000,23.5,N#CC#CC#CC#N,,[]
7,1473.360870,56.8,0.128928,71.8,0.076600,0.0,31.632000,86.3,[O-]C(=O)CCNC=[NH2+],,[]
7,1599.184049,68.9,0.126135,69.8,0.103500,0.2,23.509000,24.3,C1=C2C3C4C1C1C2C3N41,,[]
8,478.904563,0.0,0.017147,0.0,0.622100,99.7,12.639000,0.0,FC(F)(F)F,,[]
8,605.972721,0.3,0.025718,0.3,0.246900,66.9,13.622000,0.4,O=C1ON=NO1,,[]
8,662.444181,0.4,0.038285,1.2,0.222700,52.8,14.948000,0.7,OC1=NON=N1,,[]
8,761.150167,0.5,0.079754,27.5,0.341700,96.3,13.546000,0.3,CCO,,[]
8,783.223440,0.7,0.027023,0.4,0.211300,42.3,17.827000,5.5,N#CC#CC#N,,[]
8,798.442427,0.8,0.055704,6.0,0.219100,49.6,15.692000,2.0,O=CNC=O,,[]
8,818.179483,1.1,0.043872,1.6,0.167200,10.1,16.536000,2.8,FC1=NC=NN=N1,,[]
8,831.650856,1.3,0.036304,0.8,0.194700,28.1,18.651000,7.3,O=C(C#C)C#N,,[]
8,855.199404,2.0,0.045968,1.7,0.115100,0.7,18.951000,8.0,O=CC(=O)C=O,,[]
8,1028.408334,9.5,0.036026,0.7,0.178900,16.9,23.569000,24.0,O=C(C#N)C#CC#N,,[]
8,1073.449709,12.3,0.037484,1.1,0.174400,13.6,23.324000,22.8,N#CC#CC#CC#N,,[]
8,1473.360870,52.7,0.128928,68.5,0.076600,0.0,31.632000,84.3,[O-]C(=O)CCNC=[NH2+],,[]
8,1599.184049,65.2,0.126135,66.5,0.103500,0.1,23.509000,23.5,C1=C2C3C4C1C1C2C3N41,,[]
9,478.904563,0.0,0.017147,0.0,0.622100,99.8,12.639000,0.1,FC(F)(F)F,,[]
9,542.643210,0.2,0.045279,1.5,0.284500,80.2,10.890000,0.0,NC=O,,[]
9,605.972721,0.4,0.025718,0.2,0.246900,65.5,13.622000,0.5,O=C1ON=NO1,,[]
9,662.444181,0.5,0.038285,1.1,0.222700,51.6,14.948000,0.9,OC1=NON=N1,,[]
9,783.223440,0.8,0.027023,0.4,0.211300,40.9,17.827000,5.6,N#CC#CC#N,,[]
9,795.021873,0.9,0.051491,2.7,0.162700,8.5,14.143000,0.6,C1=NN=NC=N1,,[]
9,818.179483,1.3,0.043872,1.4,0.167200,10.4,16.536000,3.1,FC1=NC=NN=N1,,[]
9,831.650856,1.5,0.036304,0.7,0.194700,27.5,18.651000,7.3,O=C(C#C)C#N,,[]
9,855.199404,2.1,0.045968,1.6,0.115100,0.7,18.951000,7.9,O=CC(=O)C=O,,[]
9,1028.408334,9.2,0.036026,0.6,0.178900,16.8,23.569000,23.5,O=C(C#N)C#CC#N,,[]
9,1073.449709,11.8,0.037484,0.9,0.174400,13.5,23.324000,22.2,N#CC#CC#CC#N,,[]
9,1473.360870,51.2,0.128928,66.7,0.076600,0.0,31.632000,82.9,[O-]C(=O)CCNC=[NH2+],,[]
9,1599.184049,63.6,0.126135,64.7,0.103500,0.1,23.509000,23.1,C1=C2C3C4C1C1C2C3N41,,[]
10,478.904563,0.0,0.017147,0.0,0.622100,99.8,12.639000,0.2,FC(F)(F)F,,[]
10,542.643210,0.2,0.045279,1.6,0.284500,80.6,10.890000,0.0,NC=O,,[]
10,605.972721,0.3,0.025718,0.2,0.246900,66.3,13.622000,0.7,O=C1ON=NO1,,[]
10,612.158710,0.4,0.036943,0.7,0.155500,7.2,12.147000,0.1,O=CC=O,,[]
10,783.223440,1.1,0.027023,0.3,0.211300,42.0,17.827000,5.9,N#CC#CC#N,,[]
10,831.650856,1.9,0.036304,0.6,0.194700,28.6,18.651000,7.5,O=C(C#C)C#N,,[]
10,855.199404,2.4,0.045968,1.7,0.115100,0.7,18.951000,8.0,O=CC(=O)C=O,,[]
10,1028.408334,9.2,0.036026,0.5,0.178900,17.9,23.569000,23.2,O=C(C#N)C#CC#N,,[]
10,1473.360870,49.9,0.128928,66.3,0.076600,0.0,31.632000,81.9,[O-]C(=O)CCNC=[NH2+],,[]
10,1519.009674,55.9,0.112082,53.4,0.094400,0.1,31.147000,80.0,[O-]C(=O)C1=CNC(=[NH2+])C1,,[]
10,1599.184049,63.1,0.126135,64.5,0.103500,0.2,23.509000,22.7,C1=C2C3C4C1C1C2C3N41,,[]
11,478.904563,0.0,0.017147,0.0,0.622100,99.8,12.639000,0.5,FC(F)(F)F,,[]
11,542.643210,0.2,0.045279,1.5,0.284500,80.6,10.890000,0.0,NC=O,,[]
11,585.659612,0.3,0.027259,0.4,0.255900,69.3,12.930000,0.7,C#CC#N,,[]
11,605.972721,0.4,0.025718,0.2,0.246900,64.7,13.622000,1.0,O=C1ON=NO1,,[]
11,612.158710,0.5,0.036943,0.8,0.155500,7.3,12.147000,0.3,O=CC=O,,[]
11,709.174812,0.8,0.046608,1.8,0.271900,75.8,11.003000,0.1,O1C=NC=N1,,[]
11,783.223440,1.3,0.027023,0.3,0.211300,40.4,17.827000,6.4,N#CC#CC#N,,[]
11,831.650856,2.2,0.036304,0.7,0.194700,27.9,18.651000,7.8,O=C(C#C)C#N,,[]
11,855.199404,2.7,0.045968,1.6,0.115100,0.9,18.951000,8.3,O=CC(=O)C=O,,[]
11,1028.408334,9.5,0.036026,0.6,0.178900,17.4,23.569000,22.9,O=C(C#N)C#CC#N,,[]
11,1355.687155,35.9,0.096036,39.8,0.111100,0.6,26.008000,39.5,[NH2+]=C1O[CH-]C(=O)C=C1,,[]
11,1473.360870,48.7,0.128928,64.9,0.076600,0.0,31.632000,81.6,[O-]C(=O)CCNC=[NH2+],,[]
11,1519.009674,54.5,0.112082,51.6,0.094400,0.1,31.147000,79.7,[O-]C(=O)C1=CNC(=[NH2+])C1,,[]
11,1599.184049,61.6,0.126135,63.1,0.103500,0.2,23.509000,22.5,C1=C2C3C4C1C1C2C3N41,,[]
12,358.757206,0.0,0.026603,0.3,0.226300,53.7,6.413000,0.0,C=O,,[]
12,478.904563,0.1,0.017147,0.0,0.622100,99.8,12.639000,0.8,FC(F)(F)F,,[]
12,551.957961,0.3,0.026540,0.3,0.206600,36.5,11.329000,0.4,O=CC#N,,[]
12,605.972721,0.5,0.025718,0.2,0.246900,64.3,13.622000,1.3,O=C1ON=NO1,,[]
12,612.158710,0.6,0.036943,0.9,0.155500,7.5,12.147000,0.5,O=CC=O,,[]
12,831.650856,2.3,0.036304,0.8,0.194700,27.6,18.651000,7.8,O=C(C#C)C#N,,[]
12,855.199404,2.8,0.045968,1.7,0.115100,1.0,18.951000,8.3,O=CC(=O)C=O,,[]
12,1028.408334,9.4,0.036026,0.7,0.178900,17.4,23.569000,22.7,O=C(C#N)C#CC#N,,[]
12,1355.687155,34.6,0.096036,38.0,0.111100,0.7,26.008000,38.7,[NH2+]=C1O[CH-]C(=O)C=C1,,[]
12,1392.890310,38.3,0.101131,41.4,0.102800,0.2,23.524000,22.5,O1C2C3C1C1N=C3OC21,,[]
12,1473.360870,46.8,0.128928,63.0,0.076600,0.0,31.632000,80.1,[O-]C(=O)CCNC=[NH2+],,[]
12,1519.009674,52.5,0.112082,49.6,0.094400,0.1,31.147000,78.0,[O-]C(=O)C1=CNC(=[NH2+])C1,,[]
12,1599.184049,60.0,0.126135,61.3,0.103500,0.3,23.509000,22.2,C1=C2C3C4C1C1C2C3N41,,[]
13,213.087785,0.0,0.021375,0.2,0.361500,98.4,6.002000,0.0,O,,[]
13,358.757206,0.1,0.026603,0.4,0.226300,53.9,6.413000,0.1,C=O,,[]
13,478.904563,0.2,0.017147,0.0,0.622100,99.8,12.639000,0.9,FC(F)(F)F,,[]
13,551.957961,0.4,0.026540,0.3,0.206600,36.4,11.329000,0.5,O=CC#N,,[]
13,605.972721,0.6,0.025718,0.2,0.246900,64.8,13.622000,1.4,O=C1ON=NO1,,[]
13,612.158710,0.6,0.036943,1.0,0.155500,7.2,12.147000,0.6,O=CC=O,,[]
13,831.650856,2.5,0.036304,0.9,0.194700,27.1,18.651000,8.1,O=C(C#C)C#N,,[]
13,848.879756,2.8,0.035271,0.7,0.166200,10.6,20.219000,11.4,FC1=NC(=O)ON=N1,,[]
13,855.199404,3.0,0.045968,1.7,0.115100,0.9,18.951000,8.5,O=CC(=O)C=O,,[]
13,1355.687155,34.5,0.096036,37.8,0.111100,0.6,26.008000,38.6,[NH2+]=C1O[CH-]C(=O)C=C1,,[]
13,1392.890310,38.4,0.101131,41.2,0.102800,0.2,23.524000,22.7,O1C2C3C1C1N=C3OC21,,[]
13,1473.360870,46.8,0.128928,63.8,0.076600,0.0,31.632000,80.2,[O-]C(=O)CCNC=[NH2+],,[]
13,1519.009674,52.6,0.112082,49.8,0.094400,0.1,31.147000,78.1,[O-]C(=O)C1=CNC(=[NH2+])C1,,[]
13,1599.184049,60.5,0.126135,61.8,0.103500,0.2,23.509000,22.4,C1=C2C3C4C1C1C2C3N41,,[]
14,213.087785,0.0,0.021375,0.1,0.361500,98.4,6.002000,0.0,O,,[]
14,358.757206,0.1,0.026603,0.4,0.226300,54.1,6.413000,0.1,C=O,,[]
14,478.904563,0.1,0.017147,0.0,0.622100,99.9,12.639000,0.9,FC(F)(F)F,,[]
14,551.957961,0.4,0.026540,0.3,0.206600,36.4,11.329000,0.4,O=CC#N,,[]
14,605.972721,0.5,0.025718,0.2,0.246900,65.5,13.622000,1.5,O=C1ON=NO1,,[]
14,612.158710,0.6,0.036943,0.9,0.155500,7.0,12.147000,0.6,O=CC=O,,[]
14,831.650856,2.5,0.036304,0.8,0.194700,26.9,18.651000,8.0,O=C(C#C)C#N,,[]
14,848.879756,2.9,0.035271,0.7,0.166200,10.4,20.219000,11.3,FC1=NC(=O)ON=N1,,[]
14,855.199404,3.0,0.045968,1.7,0.115100,0.9,18.951000,8.4,O=CC(=O)C=O,,[]
14,1355.687155,34.2,0.096036,37.1,0.111100,0.7,26.008000,38.6,[NH2+]=C1O[CH-]C(=O)C=C1,,[]
14,1392.890310,38.1,0.101131,40.7,0.102800,0.1,23.524000,22.7,O1C2C3C1C1N=C3OC21,,[]
14,1473.360870,46.6,0.128928,64.1,0.076600,0.0,31.632000,80.7,[O-]C(=O)CCNC=[NH2+],,[]
14,1519.009674,52.5,0.112082,49.9,0.094400,0.1,31.147000,78.4,[O-]C(=O)C1=CNC(=[NH2+])C1,,[]
14,1599.184049,60.7,0.126135,62.1,0.103500,0.2,23.509000,22.4,C1=C2C3C4C1C1C2C3N41,,[]
15,213.087785,0.0,0.021375,0.1,0.361500,98.5,6.002000,0.0,O,,[]
15,358.757206,0.1,0.026603,0.4,0.226300,54.2,6.413000,0.1,C=O,,[]
15,478.904563,0.1,0.017147,0.0,0.622100,99.9,12.639000,0.8,FC(F)(F)F,,[]
15,551.957961,0.3,0.026540,0.3,0.206600,36.5,11.329000,0.4,O=CC#N,,[]
15,605.972721,0.5,0.025718,0.3,0.246900,65.3,13.622000,1.4,O=C1ON=NO1,,[]
15,612.158710,0.6,0.036943,1.0,0.155500,7.2,12.147000,0.6,O=CC=O,,[]
15,660.735473,0.6,0.028773,0.6,0.148500,4.5,18.268000,7.3,O=C1N=NON=N1,,[]
15,740.670140,1.2,0.025540,0.2,0.197700,29.2,16.955000,4.8,O=C(C#N)C#N,,[]
15,855.199404,3.0,0.045968,1.7,0.115100,1.0,18.951000,8.3,O=CC(=O)C=O,,[]
15,1355.687155,33.3,0.096036,36.4,0.111100,0.7,26.008000,38.6,[NH2+]=C1O[CH-]C(=O)C=C1,,[]
15,1392.890310,37.3,0.101131,39.9,0.102800,0.1,23.524000,22.4,O1C2C3C1C1N=C3OC21,,[]
15,1473.360870,45.8,0.128928,63.0,0.076600,0.0,31.632000,79.9,[O-]C(=O)CCNC=[NH2+],,[]
15,1519.009674,51.7,0.112082,48.9,0.094400,0.1,31.147000,77.8,[O-]C(=O)C1=CNC(=[NH2+])C1,,[]
15,1599.184049,59.9,0.126135,61.0,0.103500,0.2,23.509000,22.1,C1=C2C3C4C1C1C2C3N41,,[]
16,213.087785,0.0,0.021375,0.1,0.361500,98.5,6.002000,0.0,O,,[]
16,358.757206,0.1,0.026603,0.5,0.226300,53.7,6.413000,0.1,C=O,,[]
16,478.904563,0.1,0.017147,0.0,0.622100,99.9,12.639000,0.9,FC(F)(F)F,,[]
16,551.957961,0.3,0.026540,0.4,0.206600,36.1,11.329000,0.5,O=CC#N,,[]
16,605.972721,0.5,0.025718,0.3,0.246900,64.8,13.622000,1.5,O=C1ON=NO1,,[]
16,612.158710,0.6,0.036943,1.0,0.155500,7.5,12.147000,0.6,O=CC=O,,[]
16,660.735473,0.6,0.028773,0.6,0.148500,4.8,18.268000,7.5,O=C1N=NON=N1,,[]
16,740.670140,1.2,0.025540,0.2,0.197700,28.6,16.955000,5.1,O=C(C#N)C#N,,[]
16,855.199404,3.3,0.045968,1.7,0.115100,1.0,18.951000,8.5,O=CC(=O)C=O,,[]
16,1355.687155,32.5,0.096036,35.2,0.111100,0.6,26.008000,38.3,[NH2+]=C1O[CH-]C(=O)C=C1,,[]
16,1392.890310,36.3,0.101131,38.7,0.102800,0.1,23.524000,22.3,O1C2C3C1C1N=C3OC21,,[]
16,1473.360870,45.0,0.128928,62.5,0.076600,0.0,31.632000,80.1,[O-]C(=O)CCNC=[NH2+],,[]
16,1519.009674,50.6,0.112082,47.8,0.094400,0.1,31.147000,77.9,[O-]C(=O)C1=CNC(=[NH2+])C1,,[]
16,1599.184049,59.2,0.126135,60.3,0.103500,0.2,23.509000,22.1,C1=C2C3C4C1C1C2C3N41,,[]
17,213.087785,0.0,0.021375,0.1,0.361500,98.6,6.002000,0.0,O,,[]
17,358.757206,0.1,0.026603,0.4,0.226300,53.0,6.413000,0.1,C=O,,[]
17,478.904563,0.2,0.017147,0.0,0.622100,99.9,12.639000,0.9,FC(F)(F)F,,[]
17,551.957961,0.4,0.026540,0.4,0.206600,35.6,11.329000,0.5,O=CC#N,,[]
17,605.972721,0.5,0.025718,0.2,0.246900,64.1,13.622000,1.5,O=C1ON=NO1,,[]
17,612.158710,0.6,0.036943,1.0,0.155500,7.7,12.147000,0.7,O=CC=O,,[]
17,660.735473,0.7,0.028773,0.7,0.148500,4.9,18.268000,7.4,O=C1N=NON=N1,,[]
17,740.670140,1.2,0.025540,0.2,0.197700,28.2,16.955000,4.9,O=C(C#N)C#N,,[]
17,855.199404,3.2,0.045968,1.8,0.115100,0.9,18.951000,8.3,O=CC(=O)C=O,,[]
17,1355.687155,31.5,0.096036,34.2,0.111100,0.6,26.008000,37.8,[NH2+]=C1O[CH-]C(=O)C=C1,,[]
17,1392.890310,35.2,0.101131,37.8,0.102800,0.1,23.524000,22.0,O1C2C3C1C1N=C3OC21,,[]
17,1473.360870,43.9,0.128928,61.4,0.076600,0.0,31.632000,79.1,[O-]C(=O)CCNC=[NH2+],,[]
17,1519.009674,49.5,0.112082,46.7,0.094400,0.1,31.147000,76.9,[O-]C(=O)C1=CNC(=[NH2+])C1,,[]
17,1599.184049,58.1,0.126135,59.1,0.103500,0.2,23.509000,21.8,C1=C2C3C4C1C1C2C3N41,,[]
18,213.087785,0.0,0.021375,0.1,0.361500,98.6,6.002000,0.0,O,,[]
18,358.757206,0.1,0.026603,0.4,0.226300,52.5,6.413000,0.1,C=O,,[]
18,478.904563,0.2,0.017147,0.0,0.622100,99.9,12.639000,0.9,FC(F)(F)F,,[]
18,551.957961,0.3,0.026540,0.3,0.206600,35.0,11.329000,0.5,O=CC#N,,[]
18,605.972721,0.5,0.025718,0.2,0.246900,63.5,13.622000,1.4,O=C1ON=NO1,,[]
18,612.158710,0.6,0.036943,1.0,0.155500,7.8,12.147000,0.6,O=CC=O,,[]
18,660.735473,0.7,0.028773,0.6,0.148500,5.0,18.268000,7.4,O=C1N=NON=N1,,[]
18,740.670140,1.1,0.025540,0.2,0.197700,27.7,16.955000,4.9,O=C(C#N)C#N,,[]
18,855.199404,3.2,0.045968,1.8,0.115100,0.9,18.951000,8.2,O=CC(=O)C=O,,[]
18,1355.687155,30.8,0.096036,33.4,0.111100,0.6,26.008000,37.7,[NH2+]=C1O[CH-]C(=O)C=C1,,[]
18,1392.890310,34.7,0.101131,37.1,0.102800,0.1,23.524000,21.8,O1C2C3C1C1N=C3OC21,,[]
18,1473.360870,43.4,0.128928,61.0,0.076600,0.0,31.632000,78.9,[O-]C(=O)CCNC=[NH2+],,[]
18,1519.009674,48.8,0.112082,46.2,0.094400,0.1,31.147000,76.5,[O-]C(=O)C1=CNC(=[NH2+])C1,,[]
18,1599.184049,57.3,0.126135,58.6,0.103500,0.2,23.509000,21.5,C1=C2C3C4C1C1C2C3N41,,[]
19,213.087785,0.0,0.021375,0.1,0.361500,98.5,6.002000,0.0,O,,[]
19,358.757206,0.1,0.026603,0.4,0.226300,52.3,6.413000,0.1,C=O,,[]
19,478.904563,0.2,0.017147,0.0,0.622100,99.9,12.639000,0.9,FC(F)(F)F,,[]
19,551.957961,0.3,0.026540,0.3,0.206600,34.9,11.329000,0.5,O=CC#N,,[]
19,605.972721,0.5,0.025718,0.2,0.246900,63.3,13.622000,1.4,O=C1ON=NO1,,[]
19,612.158710,0.6,0.036943,1.0,0.155500,8.1,12.147000,0.6,O=CC=O,,[]
19,660.735473,0.7,0.028773,0.6,0.148500,5.2,18.268000,7.6,O=C1N=NON=N1,,[]
19,740.670140,1.2,0.025540,0.2,0.197700,27.6,16.955000,5.1,O=C(C#N)C#N,,[]
19,855.199404,3.2,0.045968,1.8,0.115100,0.9,18.951000,8.4,O=CC(=O)C=O,,[]
19,1355.687155,30.6,0.096036,33.0,0.111100,0.6,26.008000,37.6,[NH2+]=C1O[CH-]C(=O)C=C1,,[]
19,1392.890310,34.5,0.101131,36.9,0.102800,0.1,23.524000,21.8,O1C2C3C1C1N=C3OC21,,[]
19,1473.360870,43.0,0.128928,60.6,0.076600,0.0,31.632000,78.7,[O-]C(=O)CCNC=[NH2+],,[]
19,1519.009674,48.5,0.112082,46.0,0.094400,0.1,31.147000,76.3,[O-]C(=O)C1=CNC(=[NH2+])C1,,[]
19,1599.184049,56.9,0.126135,58.2,0.103500,0.2,23.509000,21.6,C1=C2C3C4C1C1C2C3N41,,[]
20,213.087785,0.0,0.021375,0.1,0.361500,98.5,6.002000,0.0,O,,[]
20,358.757206,0.1,0.026603,0.4,0.226300,52.2,6.413000,0.1,C=O,,[]
20,478.904563,0.2,0.017147,0.0,0.622100,99.9,12.639000,0.9,FC(F)(F)F,,[]
20,551.957961,0.3,0.026540,0.3,0.206600,34.7,11.329000,0.5,O=CC#N,,[]
20,605.972721,0.5,0.025718,0.2,0.246900,63.0,13.622000,1.4,O=C1ON=NO1,,[]
20,612.158710,0.6,0.036943,1.0,0.155500,8.0,12.147000,0.7,O=CC=O,,[]
20,660.735473,0.7,0.028773,0.6,0.148500,5.2,18.268000,7.4,O=C1N=NON=N1,,[]
20,740.670140,1.2,0.025540,0.2,0.197700,27.5,16.955000,5.0,O=C(C#N)C#N,,[]
20,855.199404,3.2,0.045968,1.8,0.115100,0.9,18.951000,8.3,O=CC(=O)C=O,,[]
20,1355.687155,29.9,0.096036,32.1,0.111100,0.6,26.008000,37.1,[NH2+]=C1O[CH-]C(=O)C=C1,,[]
20,1392.890310,33.7,0.101131,35.9,0.102800,0.1,23.524000,21.3,O1C2C3C1C1N=C3OC21,,[]
20,1473.360870,41.9,0.128928,59.9,0.076600,0.0,31.632000,78.7,[O-]C(=O)CCNC=[NH2+],,[]
20,1519.009674,47.5,0.112082,45.1,0.094400,0.1,31.147000,76.2,[O-]C(=O)C1=CNC(=[NH2+])C1,,[]
20,1599.184049,56.1,0.126135,57.5,0.103500,0.2,23.509000,21.1,C1=C2C3C4C1C1C2C3N41,,[]
21,213.087785,0.0,0.021375,0.1,0.361500,98.6,6.002000,0.0,O,,[]
21,358.757206,0.0,0.026603,0.4,0.226300,51.8,6.413000,0.0,C=O,,[]
21,427.706065,0.1,0.020349,0.1,0.259800,69.3,10.401000,0.2,O1N=NN=N1,,[]
21,478.904563,0.2,0.017147,0.0,0.622100,99.9,12.639000,1.0,FC(F)(F)F,,[]
21,551.957961,0.3,0.026540,0.3,0.206600,34.4,11.329000,0.5,O=CC#N,,[]
21,605.972721,0.5,0.025718,0.2,0.246900,62.8,13.622000,1.6,O=C1ON=NO1,,[]
21,612.158710,0.6,0.036943,1.0,0.155500,8.0,12.147000,0.7,O=CC=O,,[]
21,660.735473,0.8,0.028773,0.6,0.148500,5.1,18.268000,7.4,O=C1N=NON=N1,,[]
21,740.670140,1.2,0.025540,0.2,0.197700,27.3,16.955000,5.0,O=C(C#N)C#N,,[]
21,855.199404,3.3,0.045968,1.8,0.115100,0.8,18.951000,8.1,O=CC(=O)C=O,,[]
21,1355.687155,29.4,0.096036,31.4,0.111100,0.6,26.008000,36.6,[NH2+]=C1O[CH-]C(=O)C=C1,,[]
21,1392.890310,33.1,0.101131,35.3,0.102800,0.1,23.524000,21.1,O1C2C3C1C1N=C3OC21,,[]
21,1473.360870,41.3,0.128928,59.1,0.076600,0.0,31.632000,78.2,[O-]C(=O)CCNC=[NH2+],,[]
21,1519.009674,46.8,0.112082,44.3,0.094400,0.0,31.147000,75.6,[O-]C(=O)C1=CNC(=[NH2+])C1,,[]
21,1599.184049,55.1,0.126135,56.7,0.103500,0.1,23.509000,20.9,C1=C2C3C4C1C1C2C3N41,,[]
22,213.087785,0.0,0.021375,0.1,0.361500,98.4,6.002000,0.0,O,,[]
22,358.757206,0.0,0.026603,0.4,0.226300,51.7,6.413000,0.0,C=O,,[]
22,427.706065,0.1,0.020349,0.1,0.259800,69.0,10.401000,0.2,O1N=NN=N1,,[]
22,478.904563,0.2,0.017147,0.0,0.622100,99.9,12.639000,1.2,FC(F)(F)F,,[]
22,551.957961,0.3,0.026540,0.3,0.206600,33.9,11.329000,0.6,O=CC#N,,[]
22,605.972721,0.6,0.025718,0.2,0.246900,62.6,13.622000,1.7,O=C1ON=NO1,,[]
22,612.158710,0.7,0.036943,1.0,0.155500,8.1,12.147000,0.8,O=CC=O,,[]
22,660.735473,0.8,0.028773,0.7,0.148500,5.2,18.268000,7.4,O=C1N=NON=N1,,[]
22,740.670140,1.3,0.025540,0.2,0.197700,26.9,16.955000,5.1,O=C(C#N)C#N,,[]
22,855.199404,3.3,0.045968,1.9,0.115100,0.8,18.951000,8.1,O=CC(=O)C=O,,[]
22,1051.290467,10.3,0.045232,1.8,0.116900,0.9,24.735000,27.1,O=CC(=O)C(=O)C#N,,[]
22,1355.687155,28.9,0.096036,30.8,0.111100,0.6,26.008000,36.0,[NH2+]=C1O[CH-]C(=O)C=C1,,[]
22,1392.890310,32.5,0.101131,34.7,0.102800,0.1,23.524000,20.8,O1C2C3C1C1N=C3OC21,,[]
22,1473.360870,40.5,0.128928,58.4,0.076600,0.0,31.632000,78.0,[O-]C(=O)CCNC=[NH2+],,[]
22,1519.009674,45.9,0.112082,43.4,0.094400,0.0,31.147000,75.1,[O-]C(=O)C1=CNC(=[NH2+])C1,,[]
22,1599.184049,54.2,0.126135,56.0,0.103500,0.1,23.509000,20.6,C1=C2C3C4C1C1C2C3N41,,[]
23,213.087785,0.0,0.021375,0.1,0.361500,98.4,6.002000,0.0,O,,[]
23,358.757206,0.0,0.026603,0.4,0.226300,51.2,6.413000,0.0,C=O,,[]
23,427.706065,0.1,0.020349,0.1,0.259800,68.7,10.401000,0.2,O1N=NN=N1,,[]
23,478.904563,0.2,0.017147,0.0,0.622100,99.9,12.639000,1.2,FC(F)(F)F,,[]
23,551.957961,0.3,0.026540,0.3,0.206600,33.4,11.329000,0.6,O=CC#N,,[]
23,605.972721,0.6,0.025718,0.2,0.246900,62.4,13.622000,1.7,O=C1ON=NO1,,[]
23,612.158710,0.7,0.036943,1.0,0.155500,8.2,12.147000,0.9,O=CC=O,,[]
23,660.735473,0.8,0.028773,0.6,0.148500,5.3,18.268000,7.5,O=C1N=NON=N1,,[]
23,740.670140,1.3,0.025540,0.2,0.197700,26.7,16.955000,5.2,O=C(C#N)C#N,,[]
23,855.199404,3.4,0.045968,1.9,0.115100,0.8,18.951000,8.3,O=CC(=O)C=O,,[]
23,1051.290467,10.2,0.045232,1.7,0.116900,0.9,24.735000,26.9,O=CC(=O)C(=O)C#N,,[]
23,1355.687155,28.6,0.096036,30.2,0.111100,0.6,26.008000,35.7,[NH2+]=C1O[CH-]C(=O)C=C1,,[]
23,1392.890310,32.0,0.101131,34.2,0.102800,0.1,23.524000,20.8,O1C2C3C1C1N=C3OC21,,[]
23,1473.360870,40.0,0.128928,57.9,0.076600,0.0,31.632000,77.4,[O-]C(=O)CCNC=[NH2+],,[]
23,1519.009674,45.5,0.112082,43.1,0.094400,0.0,31.147000,74.5,[O-]C(=O)C1=CNC(=[NH2+])C1,,[]
23,1599.184049,53.6,0.126135,55.5,0.103500,0.1,23.509000,20.6,C1=C2C3C4C1C1C2C3N41,,[]
24,213.087785,0.0,0.021375,0.1,0.361500,98.4,6.002000,0.0,O,,[]
24,358.757206,0.0,0.026603,0.4,0.226300,50.4,6.413000,0.0,C=O,,[]
24,427.706065,0.1,0.020349,0.1,0.259800,67.8,10.401000,0.2,O1N=NN=N1,,[]
24,478.904563,0.2,0.017147,0.0,0.622100,99.9,12.639000,1.2,FC(F)(F)F,,[]
24,551.957961,0.3,0.026540,0.3,0.206600,33.0,11.329000,0.6,O=CC#N,,[]
24,605.972721,0.6,0.025718,0.2,0.246900,61.4,13.622000,1.7,O=C1ON=NO1,,[]
24,612.158710,0.7,0.036943,1.0,0.155500,8.1,12.147000,0.9,O=CC=O,,[]
24,660.735473,0.8,0.028773,0.6,0.148500,5.2,18.268000,7.4,O=C1N=NON=N1,,[]
24,740.670140,1.3,0.025540,0.2,0.197700,26.3,16.955000,5.2,O=C(C#N)C#N,,[]
24,855.199404,3.4,0.045968,1.9,0.115100,0.9,18.951000,8.2,O=CC(=O)C=O,,[]
24,1051.290467,10.1,0.045232,1.7,0.116900,1.0,24.735000,26.8,O=CC(=O)C(=O)C#N,,[]
24,1355.687155,28.2,0.096036,29.7,0.111100,0.7,26.008000,35.2,[NH2+]=C1O[CH-]C(=O)C=C1,,[]
24,1392.890310,31.5,0.101131,33.6,0.102800,0.1,23.524000,20.9,O1C2C3C1C1N=C3OC21,,[]
24,1473.360870,39.3,0.128928,56.9,0.076600,0.0,31.632000,76.7,[O-]C(=O)CCNC=[NH2+],,[]
24,1519.009674,44.8,0.112082,42.4,0.094400,0.0,31.147000,73.7,[O-]C(=O)C1=CNC(=[NH2+])C1,,[]
24,1599.184049,52.7,0.126135,54.6,0.103500,0.1,23.509000,20.6,C1=C2C3C4C1C1C2C3N41,,[]
25,213.087785,0.0,0.021375,0.1,0.361500,98.4,6.002000,0.0,O,,[]
25,358.757206,0.0,0.026603,0.4,0.226300,50.1,6.413000,0.0,C=O,,[]
25,427.706065,0.1,0.020349,0.1,0.259800,67.5,10.401000,0.2,O1N=NN=N1,,[]
25,478.904563,0.2,0.017147,0.0,0.622100,99.9,12.639000,1.2,FC(F)(F)F,,[]
25,551.957961,0.3,0.026540,0.3,0.206600,32.7,11.329000,0.7,O=CC#N,,[]
25,605.972721,0.6,0.025718,0.2,0.246900,61.2,13.622000,1.7,O=C1ON=NO1,,[]
25,612.158710,0.7,0.036943,1.0,0.155500,8.0,12.147000,0.9,O=CC=O,,[]
25,660.735473,0.8,0.028773,0.6,0.148500,5.2,18.268000,7.4,O=C1N=NON=N1,,[]
25,740.670140,1.3,0.025540,0.2,0.197700,26.0,16.955000,5.2,O=C(C#N)C#N,,[]
25,855.199404,3.3,0.045968,1.9,0.115100,0.9,18.951000,8.2,O=CC(=O)C=O,,[]
25,1051.290467,10.0,0.045232,1.7,0.116900,1.0,24.735000,26.6,O=CC(=O)C(=O)C#N,,[]
25,1355.687155,27.9,0.096036,29.3,0.111100,0.7,26.008000,34.9,[NH2+]=C1O[CH-]C(=O)C=C1,,[]
25,1392.890310,31.2,0.101131,33.3,0.102800,0.1,23.524000,20.7,O1C2C3C1C1N=C3OC21,,[]
25,1473.360870,38.9,0.128928,56.6,0.076600,0.0,31.632000,76.7,[O-]C(=O)CCNC=[NH2+],,[]
25,1519.009674,44.3,0.112082,41.9,0.094400,0.0,31.147000,73.7,[O-]C(=O)C1=CNC(=[NH2+])C1,,[]
25,1559.876228,48.0,0.124445,51.8,0.102700,0.1,27.646000,47.5,OC12C3C1C1=CC2N3C1,,[]
25,1599.184049,52.3,0.126135,54.3,0.103500,0.2,23.509000,20.4,C1=C2C3C4C1C1C2C3N41,,[]
26,213.087785,0.0,0.021375,0.1,0.361500,98.4,6.002000,0.0,O,,[]
26,358.757206,0.0,0.026603,0.4,0.226300,50.0,6.413000,0.0,C=O,,[]
26,427.706065,0.1,0.020349,0.1,0.259800,67.4,10.401000,0.3,O1N=NN=N1,,[]
26,478.904563,0.2,0.017147,0.0,0.622100,99.9,12.639000,1.3,FC(F)(F)F,,[]
26,551.957961,0.3,0.026540,0.3,0.206600,32.6,11.329000,0.7,O=CC#N,,[]
26,605.972721,0.6,0.025718,0.2,0.246900,61.1,13.622000,1.7,O=C1ON=NO1,,[]
26,612.158710,0.7,0.036943,0.9,0.155500,8.1,12.147000,1.0,O=CC=O,,[]
26,660.735473,0.9,0.028773,0.6,0.148500,5.3,18.268000,7.5,O=C1N=NON=N1,,[]
26,740.670140,1.4,0.025540,0.2,0.197700,25.8,16.955000,5.3,O=C(C#N)C#N,,[]
26,855.199404,3.3,0.045968,1.9,0.115100,0.9,18.951000,8.2,O=CC(=O)C=O,,[]
26,1051.290467,10.0,0.045232,1.7,0.116900,1.0,24.735000,26.3,O=CC(=O)C(=O)C#N,,[]
26,1355.687155,27.6,0.096036,29.1,0.111100,0.7,26.008000,34.7,[NH2+]=C1O[CH-]C(=O)C=C1,,[]
26,1392.890310,30.8,0.101131,33.1,0.102800,0.1,23.524000,20.5,O1C2C3C1C1N=C3OC21,,[]
26,1473.360870,38.6,0.128928,56.5,0.076600,0.0,31.632000,76.4,[O-]C(=O)CCNC=[NH2+],,[]
26,1519.009674,44.1,0.112082,41.9,0.094400,0.0,31.147000,73.3,[O-]C(=O)C1=CNC(=[NH2+])C1,,[]
26,1559.876228,48.0,0.124445,51.8,0.102700,0.1,27.646000,47.3,OC12C3C1C1=CC2N3C1,,[]
26,1599.184049,52.2,0.126135,54.2,0.103500,0.2,23.509000,20.3,C1=C2C3C4C1C1C2C3N41,,[]
27,213.087785,0.0,0.021375,0.1,0.361500,98.5,6.002000,0.0,O,,[]
27,358.757206,0.0,0.026603,0.4,0.226300,50.3,6.413000,0.0,C=O,,[]
27,427.706065,0.1,0.020349,0.1,0.259800,67.4,10.401000,0.3,O1N=NN=N1,,[]
27,478.904563,0.2,0.017147,0.0,0.622100,99.9,12.639000,1.2,FC(F)(F)F,,[]
27,551.957961,0.3,0.026540,0.3,0.206600,32.5,11.329000,0.7,O=CC#N,,[]
27,605.972721,0.6,0.025718,0.2,0.246900,61.3,13.622000,1.7,O=C1ON=NO1,,[]
27,612.158710,0.7,0.036943,0.9,0.155500,8.0,12.147000,0.9,O=CC=O,,[]
27,660.735473,0.8,0.028773,0.6,0.148500,5.2,18.268000,7.5,O=C1N=NON=N1,,[]
27,740.670140,1.4,0.025540,0.2,0.197700,25.8,16.955000,5.2,O=C(C#N)C#N,,[]
27,855.199404,3.3,0.045968,2.0,0.115100,0.9,18.951000,8.3,O=CC(=O)C=O,,[]
27,1051.290467,10.0,0.045232,1.8,0.116900,0.9,24.735000,26.3,O=CC(=O)C(=O)C#N,,[]
27,1355.687155,27.6,0.096036,29.2,0.111100,0.7,26.008000,34.8,[NH2+]=C1O[CH-]C(=O)C=C1,,[]
27,1392.890310,30.8,0.101131,33.1,0.102800,0.1,23.524000,20.3,O1C2C3C1C1N=C3OC21,,[]
27,1473.360870,38.6,0.128928,56.5,0.076600,0.0,31.632000,76.5,[O-]C(=O)CCNC=[NH2+],,[]
27,1519.009674,44.1,0.112082,41.9,0.094400,0.0,31.147000,73.2,[O-]C(=O)C1=CNC(=[NH2+])C1,,[]
27,1559.876228,48.0,0.124445,51.8,0.102700,0.1,27.646000,47.4,OC12C3C1C1=CC2N3C1,,[]
27,1599.184049,52.3,0.126135,54.2,0.103500,0.2,23.509000,20.1,C1=C2C3C4C1C1C2C3N41,,[]
28,213.087785,0.0,0.021375,0.1,0.361500,98.5,6.002000,0.0,O,,[]
28,358.757206,0.0,0.026603,0.4,0.226300,49.8,6.413000,0.0,C=O,,[]
28,427.706065,0.1,0.020349,0.1,0.259800,67.1,10.401000,0.3,O1N=NN=N1,,[]
28,478.904563,0.1,0.017147,0.0,0.622100,99.9,12.639000,1.2,FC(F)(F)F,,[]
28,551.957961,0.3,0.026540,0.3,0.206600,32.4,11.329000,0.7,O=CC#N,,[]
28,605.972721,0.6,0.025718,0.2,0.246900,60.8,13.622000,1.7,O=C1ON=NO1,,[]
28,612.158710,0.7,0.036943,0.9,0.155500,7.9,12.147000,0.9,O=CC=O,,[]
28,660.735473,0.8,0.028773,0.6,0.148500,5.1,18.268000,7.6,O=C1N=NON=N1,,[]
28,740.670140,1.4,0.025540,0.1,0.197700,25.7,16.955000,5.3,O=C(C#N)C#N,,[]
28,855.199404,3.3,0.045968,1.9,0.115100,0.8,18.951000,8.4,O=CC(=O)C=O,,[]
28,1051.290467,10.1,0.045232,1.7,0.116900,0.9,24.735000,26.0,O=CC(=O)C(=O)C#N,,[]
28,1355.687155,27.2,0.096036,28.8,0.111100,0.7,26.008000,34.6,[NH2+]=C1O[CH-]C(=O)C=C1,,[]
28,1392.890310,30.4,0.101131,32.6,0.102800,0.1,23.524000,20.1,O1C2C3C1C1N=C3OC21,,[]
28,1473.360870,38.1,0.128928,56.3,0.076600,0.0,31.632000,76.2,[O-]C(=O)CCNC=[NH2+],,[]
28,1519.009674,43.6,0.112082,41.4,0.094400,0.0,31.147000,72.9,[O-]C(=O)C1=CNC(=[NH2+])C1,,[]
28,1559.876228,47.5,0.124445,51.5,0.102700,0.1,27.646000,47.2,OC12C3C1C1=CC2N3C1,,[]
28,1599.184049,51.9,0.126135,53.9,0.103500,0.1,23.509000,19.9,C1=C2C3C4C1C1C2C3N41,,[]
29,213.087785,0.0,0.021375,0.1,0.361500,98.6,6.002000,0.0,O,,[]
29,358.757206,0.0,0.026603,0.4,0.226300,49.7,6.413000,0.0,C=O,,[]
29,427.706065,0.1,0.020349,0.1,0.259800,67.2,10.401000,0.3,O1N=NN=N1,,[]
29,478.904563,0.2,0.017147,0.0,0.622100,99.9,12.639000,1.2,FC(F)(F)F,,[]
29,551.957961,0.3,0.026540,0.3,0.206600,32.4,11.329000,0.7,O=CC#N,,[]
29,605.972721,0.6,0.025718,0.2,0.246900,60.9,13.622000,1.6,O=C1ON=NO1,,[]
29,612.158710,0.7,0.036943,0.9,0.155500,8.0,12.147000,0.9,O=CC=O,,[]
29,660.735473,0.8,0.028773,0.6,0.148500,5.2,18.268000,7.4,O=C1N=NON=N1,,[]
29,740.670140,1.4,0.025540,0.1,0.197700,25.7,16.955000,5.2,O=C(C#N)C#N,,[]
29,855.199404,3.2,0.045968,1.9,0.115100,0.8,18.951000,8.2,O=CC(=O)C=O,,[]
29,1051.290467,10.0,0.045232,1.7,0.116900,0.9,24.735000,25.7,O=CC(=O)C(=O)C#N,,[]
29,1355.687155,26.8,0.096036,28.2,0.111100,0.6,26.008000,34.3,[NH2+]=C1O[CH-]C(=O)C=C1,,[]
29,1392.890310,29.9,0.101131,32.0,0.102800,0.1,23.524000,19.9,O1C2C3C1C1N=C3OC21,,[]
29,1473.360870,37.6,0.128928,56.1,0.076600,0.0,31.632000,75.9,[O-]C(=O)CCNC=[NH2+],,[]
29,1519.009674,43.2,0.112082,40.9,0.094400,0.0,31.147000,72.6,[O-]C(=O)C1=CNC(=[NH2+])C1,,[]
29,1559.876228,47.1,0.124445,51.2,0.102700,0.1,27.646000,46.9,OC12C3C1C1=CC2N3C1,,[]
29,1599.184049,51.6,0.126135,53.7,0.103500,0.1,23.509000,19.6,C1=C2C3C4C1C1C2C3N41,,[]
30,213.087785,0.0,0.021375,0.1,0.361500,98.6,6.002000,0.0,O,,[]
30,358.757206,0.0,0.026603,0.3,0.226300,49.5,6.413000,0.0,C=O,,[]
30,427.706065,0.1,0.020349,0.1,0.259800,66.8,10.401000,0.3,O1N=NN=N1,,[]
30,478.904563,0.2,0.017147,0.0,0.622100,99.9,12.639000,1.2,FC(F)(F)F,,[]
30,551.957961,0.3,0.026540,0.3,0.206600,32.3,11.329000,0.7,O=CC#N,,[]
30,605.972721,0.6,0.025718,0.2,0.246900,60.7,13.622000,1.6,O=C1ON=NO1,,[]
30,612.158710,0.6,0.036943,0.9,0.155500,8.0,12.147000,0.9,O=CC=O,,[]
30,660.735473,0.8,0.028773,0.6,0.148500,5.2,18.268000,7.4,O=C1N=NON=N1,,[]
30,740.670140,1.4,0.025540,0.1,0.197700,25.6,16.955000,5.2,O=C(C#N)C#N,,[]
30,855.199404,3.2,0.045968,1.9,0.115100,0.8,18.951000,8.2,O=CC(=O)C=O,,[]
30,1051.290467,9.8,0.045232,1.7,0.116900,0.9,24.735000,25.4,O=CC(=O)C(=O)C#N,,[]
30,1355.687155,26.3,0.096036,27.9,0.111100,0.6,26.008000,34.1,[NH2+]=C1O[CH-]C(=O)C=C1,,[]
30,1392.890310,29.5,0.101131,31.6,0.102800,0.1,23.524000,19.5,O1C2C3C1C1N=C3OC21,,[]
30,1473.360870,37.2,0.128928,55.7,0.076600,0.0,31.632000,75.7,[O-]C(=O)CCNC=[NH2+],,[]
30,1519.009674,42.7,0.112082,40.5,0.094400,0.0,31.147000,72.4,[O-]C(=O)C1=CNC(=[NH2+])C1,,[]
30,1559.876228,46.6,0.124445,50.8,0.102700,0.1,27.646000,46.6,OC12C3C1C1=CC2N3C1,,[]
30,1599.184049,51.2,0.126135,53.3,0.103500,0.1,23.509000,19.3,C1=C2C3C4C1C1C2C3N41,,[]
31,213.087785,0.0,0.021375,0.1,0.361500,98.6,6.002000,0.0,O,,[]
31,358.757206,0.0,0.026603,0.4,0.226300,49.4,6.413000,0.0,C=O,,[]
31,427.706065,0.1,0.020349,0.1,0.259800,66.9,10.401000,0.3,O1N=NN=N1,,[]
31,478.904563,0.2,0.017147,0.0,0.622100,99.9,12.639000,1.2,FC(F)(F)F,,[]
31,551.957961,0.3,0.026540,0.3,0.206600,32.1,11.329000,0.7,O=CC#N,,[]
31,605.972721,0.6,0.025718,0.2,0.246900,60.7,13.622000,1.6,O=C1ON=NO1,,[]
31,612.158710,0.7,0.036943,0.9,0.155500,8.0,12.147000,0.9,O=CC=O,,[]
31,660.735473,0.9,0.028773,0.6,0.148500,5.1,18.268000,7.4,O=C1N=NON=N1,,[]
31,740.670140,1.4,0.025540,0.1,0.197700,25.4,16.955000,5.2,O=C(C#N)C#N,,[]
31,855.199404,3.2,0.045968,1.9,0.115100,0.8,18.951000,8.2,O=CC(=O)C=O,,[]
31,1051.290467,9.8,0.045232,1.7,0.116900,0.9,24.735000,25.4,O=CC(=O)C(=O)C#N,,[]
31,1355.687155,26.2,0.096036,27.7,0.111100,0.6,26.008000,34.0,[NH2+]=C1O[CH-]C(=O)C=C1,,[]
31,1392.890310,29.3,0.101131,31.4,0.102800,0.1,23.524000,19.4,O1C2C3C1C1N=C3OC21,,[]
31,1473.360870,37.0,0.128928,55.6,0.076600,0.0,31.632000,75.5,[O-]C(=O)CCNC=[NH2+],,[]
31,1519.009674,42.7,0.112082,40.4,0.094400,0.0,31.147000,72.2,[O-]C(=O)C1=CNC(=[NH2+])C1,,[]
31,1559.876228,46.6,0.124445,50.7,0.102700,0.1,27.646000,46.5,OC12C3C1C1=CC2N3C1,,[]
31,1599.184049,51.2,0.126135,53.1,0.103500,0.1,23.509000,19.1,C1=C2C3C4C1C1C2C3N41,,[]
32,213.087785,0.0,0.021375,0.1,0.361500,98.6,6.002000,0.0,O,,[]
32,358.757206,0.0,0.026603,0.3,0.226300,49.2,6.413000,0.0,C=O,,[]
32,427.706065,0.1,0.020349,0.1,0.259800,66.7,10.401000,0.3,O1N=NN=N1,,[]
32,478.904563,0.2,0.017147,0.0,0.622100,99.9,12.639000,1.2,FC(F)(F)F,,[]
32,551.957961,0.3,0.026540,0.3,0.206600,31.9,11.329000,0.7,O=CC#N,,[]
32,605.972721,0.6,0.025718,0.2,0.246900,60.5,13.622000,1.6,O=C1ON=NO1,,[]
32,612.158710,0.6,0.036943,0.9,0.155500,7.9,12.147000,1.0,O=CC=O,,[]
32,660.735473,0.9,0.028773,0.6,0.148500,5.2,18.268000,7.3,O=C1N=NON=N1,,[]
32,740.670140,1.4,0.025540,0.1,0.197700,25.3,16.955000,5.2,O=C(C#N)C#N,,[]
32,855.199404,3.2,0.045968,1.9,0.115100,0.8,18.951000,8.1,O=CC(=O)C=O,,[]
32,1051.290467,9.7,0.045232,1.7,0.116900,0.9,24.735000,25.0,O=CC(=O)C(=O)C#N,,[]
32,1108.489211,12.1,0.055740,4.9,0.098300,0.1,25.564000,30.6,O=CC(=O)C(=O)C=O,,[]
32,1392.890310,29.0,0.101131,31.0,0.102800,0.1,23.524000,19.1,O1C2C3C1C1N=C3OC21,,[]
32,1473.360870,36.6,0.128928,55.3,0.076600,0.0,31.632000,75.1,[O-]C(=O)CCNC=[NH2+],,[]
32,1519.009674,42.3,0.112082,39.9,0.094400,0.0,31.147000,71.8,[O-]C(=O)C1=CNC(=[NH2+])C1,,[]
32,1599.184049,50.7,0.126135,52.9,0.103500,0.2,23.509000,18.9,C1=C2C3C4C1C1C2C3N41,,[]
33,213.087785,0.0,0.021375,0.1,0.361500,98.6,6.002000,0.0,O,,[]
33,358.757206,0.0,0.026603,0.3,0.226300,49.1,6.413000,0.0,C=O,,[]
33,427.706065,0.2,0.020349,0.1,0.259800,66.6,10.401000,0.3,O1N=NN=N1,,[]
33,478.904563,0.2,0.017147,0.0,0.622100,99.9,12.639000,1.3,FC(F)(F)F,,[]
33,551.957961,0.3,0.026540,0.2,0.206600,31.9,11.329000,0.7,O=CC#N,,[]
33,605.972721,0.6,0.025718,0.2,0.246900,60.3,13.622000,1.7,O=C1ON=NO1,,[]
33,612.158710,0.6,0.036943,0.9,0.155500,8.1,12.147000,1.0,O=CC=O,,[]
33,660.735473,0.9,0.028773,0.6,0.148500,5.3,18.268000,7.3,O=C1N=NON=N1,,[]
33,740.670140,1.4,0.025540,0.1,0.197700,25.4,16.955000,5.2,O=C(C#N)C#N,,[]
33,855.199404,3.2,0.045968,1.9,0.115100,0.8,18.951000,8.1,O=CC(=O)C=O,,[]
33,1051.290467,9.6,0.045232,1.8,0.116900,0.9,24.735000,24.8,O=CC(=O)C(=O)C#N,,[]
33,1108.489211,12.1,0.055740,4.8,0.098300,0.1,25.564000,30.4,O=CC(=O)C(=O)C=O,,[]
33,1392.890310,28.8,0.101131,30.9,0.102800,0.1,23.524000,19.0,O1C2C3C1C1N=C3OC21,,[]
33,1473.360870,36.4,0.128928,55.1,0.076600,0.0,31.632000,74.9,[O-]C(=O)CCNC=[NH2+],,[]
33,1519.009674,42.1,0.112082,39.8,0.094400,0.0,31.147000,71.6,[O-]C(=O)C1=CNC(=[NH2+])C1,,[]
33,1599.184049,50.6,0.126135,52.6,0.103500,0.2,23.509000,18.8,C1=C2C3C4C1C1C2C3N41,,[]
34,213.087785,0.0,0.021375,0.1,0.361500,98.6,6.002000,0.0,O,,[]
34,358.757206,0.0,0.026603,0.4,0.226300,49.3,6.413000,0.0,C=O,,[]
34,427.706065,0.1,0.020349,0.1,0.259800,66.9,10.401000,0.3,O1N=NN=N1,,[]
34,478.904563,0.2,0.017147,0.0,0.622100,99.9,12.639000,1.4,FC(F)(F)F,,[]
34,551.957961,0.3,0.026540,0.3,0.206600,32.1,11.329000,0.8,O=CC#N,,[]
34,605.972721,0.6,0.025718,0.2,0.246900,60.7,13.622000,1.7,O=C1ON=NO1,,[]
34,612.158710,0.7,0.036943,0.9,0.155500,8.1,12.147000,1.1,O=CC=O,,[]
34,660.735473,0.9,0.028773,0.6,0.148500,5.3,18.268000,7.4,O=C1N=NON=N1,,[]
34,740.670140,1.4,0.025540,0.1,0.197700,25.4,16.955000,5.2,O=C(C#N)C#N,,[]
34,855.199404,3.3,0.045968,2.0,0.115100,0.7,18.951000,8.1,O=CC(=O)C=O,,[]
34,1051.290467,9.7,0.045232,1.8,0.116900,0.9,24.735000,24.8,O=CC(=O)C(=O)C#N,,[]
34,1108.489211,12.1,0.055740,4.9,0.098300,0.1,25.564000,30.3,O=CC(=O)C(=O)C=O,,[]
34,1392.890310,28.7,0.101131,31.0,0.102800,0.1,23.524000,19.0,O1C2C3C1C1N=C3OC21,,[]
34,1473.360870,36.5,0.128928,55.4,0.076600,0.0,31.632000,75.1,[O-]C(=O)CCNC=[NH2+],,[]
34,1519.009674,42.2,0.112082,39.8,0.094400,0.0,31.147000,71.8,[O-]C(=O)C1=CNC(=[NH2+])C1,,[]
34,1599.184049,50.7,0.126135,52.8,0.103500,0.1,23.509000,18.8,C1=C2C3C4C1C1C2C3N41,,[]
35,213.087785,0.0,0.021375,0.1,0.361500,98.6,6.002000,0.0,O,,[]
35,358.757206,0.0,0.026603,0.4,0.226300,49.6,6.413000,0.0,C=O,,[]
35,427.706065,0.1,0.020349,0.1,0.259800,67.2,10.401000,0.3,O1N=NN=N1,,[]
35,478.904563,0.2,0.017147,0.0,0.622100,99.9,12.639000,1.4,FC(F)(F)F,,[]
35,494.017501,0.3,0.015951,0.0,0.277000,75.1,10.398000,0.3,N#CC#N,,[]
35,551.957961,0.3,0.026540,0.3,0.206600,32.3,11.329000,0.8,O=CC#N,,[]
35,605.972721,0.6,0.025718,0.3,0.246900,61.1,13.622000,1.7,O=C1ON=NO1,,[]
35,612.158710,0.7,0.036943,0.9,0.155500,8.1,12.147000,1.1,O=CC=O,,[]
35,660.735473,0.9,0.028773,0.6,0.148500,5.4,18.268000,7.4,O=C1N=NON=N1,,[]
35,740.670140,1.4,0.025540,0.2,0.197700,25.5,16.955000,5.2,O=C(C#N)C#N,,[]
35,855.199404,3.3,0.045968,2.0,0.115100,0.7,18.951000,8.2,O=CC(=O)C=O,,[]
35,1051.290467,9.7,0.045232,1.8,0.116900,0.8,24.735000,24.7,O=CC(=O)C(=O)C#N,,[]
35,1108.489211,12.1,0.055740,4.9,0.098300,0.1,25.564000,30.3,O=CC(=O)C(=O)C=O,,[]
35,1392.890310,28.7,0.101131,30.9,0.102800,0.1,23.524000,19.0,O1C2C3C1C1N=C3OC21,,[]
35,1473.360870,36.5,0.128928,55.6,0.076600,0.0,31.632000,75.4,[O-]C(=O)CCNC=[NH2+],,[]
35,1519.009674,42.3,0.112082,39.9,0.094400,0.0,31.147000,72.2,[O-]C(=O)C1=CNC(=[NH2+])C1,,[]
35,1599.184049,51.0,0.126135,53.0,0.103500,0.1,23.509000,18.8,C1=C2C3C4C1C1C2C3N41,,[]
36,213.087785,0.0,0.021375,0.1,0.361500,98.6,6.002000,0.0,O,,[]
36,358.757206,0.0,0.026603,0.4,0.226300,49.6,6.413000,0.0,C=O,,[]
36,427.706065,0.1,0.020349,0.1,0.259800,67.4,10.401000,0.3,O1N=NN=N1,,[]
36,478.904563,0.2,0.017147,0.0,0.622100,99.9,12.639000,1.3,FC(F)(F)F,,[]
36,494.017501,0.3,0.015951,0.0,0.277000,75.2,10.398000,0.3,N#CC#N,,[]
36,551.957961,0.3,0.026540,0.3,0.206600,32.3,11.329000,0.8,O=CC#N,,[]
36,605.972721,0.6,0.025718,0.3,0.246900,61.1,13.622000,1.7,O=C1ON=NO1,,[]
36,612.158710,0.6,0.036943,0.9,0.155500,8.1,12.147000,1.1,O=CC=O,,[]
36,660.735473,0.9,0.028773,0.6,0.148500,5.4,18.268000,7.3,O=C1N=NON=N1,,[]
36,740.670140,1.4,0.025540,0.2,0.197700,25.6,16.955000,5.2,O=C(C#N)C#N,,[]
36,855.199404,3.2,0.045968,2.0,0.115100,0.7,18.951000,8.1,O=CC(=O)C=O,,[]
36,1051.290467,9.5,0.045232,1.8,0.116900,0.8,24.735000,24.6,O=CC(=O)C(=O)C#N,,[]
36,1108.489211,11.9,0.055740,4.9,0.098300,0.1,25.564000,30.1,O=CC(=O)C(=O)C=O,,[]
36,1392.890310,28.5,0.101131,30.7,0.102800,0.1,23.524000,18.8,O1C2C3C1C1N=C3OC21,,[]
36,1473.360870,36.4,0.128928,55.6,0.076600,0.0,31.632000,75.1,[O-]C(=O)CCNC=[NH2+],,[]
36,1519.009674,42.2,0.112082,39.8,0.094400,0.0,31.147000,72.0,[O-]C(=O)C1=CNC(=[NH2+])C1,,[]
36,1599.184049,51.0,0.126135,53.1,0.103500,0.1,23.509000,18.6,C1=C2C3C4C1C1C2C3N41,,[]
37,213.087785,0.0,0.021375,0.2,0.361500,98.6,6.002000,0.0,O,,[]
37,301.820762,0.0,0.016601,0.0,0.379600,98.9,6.278000,0.0,C#N,,[]
37,358.757206,0.1,0.026603,0.4,0.226300,49.4,6.413000,0.1,C=O,,[]
37,427.706065,0.2,0.020349,0.1,0.259800,67.2,10.401000,0.4,O1N=NN=N1,,[]
37,494.017501,0.3,0.015951,0.0,0.277000,75.0,10.398000,0.4,N#CC#N,,[]
37,551.957961,0.4,0.026540,0.3,0.206600,32.1,11.329000,0.8,O=CC#N,,[]
37,605.972721,0.6,0.025718,0.3,0.246900,61.0,13.622000,1.7,O=C1ON=NO1,,[]
37,612.158710,0.7,0.036943,0.9,0.155500,8.1,12.147000,1.1,O=CC=O,,[]
37,660.735473,0.9,0.028773,0.6,0.148500,5.4,18.268000,7.3,O=C1N=NON=N1,,[]
37,740.670140,1.4,0.025540,0.2,0.197700,25.5,16.955000,5.2,O=C(C#N)C#N,,[]
37,855.199404,3.2,0.045968,1.9,0.115100,0.7,18.951000,8.1,O=CC(=O)C=O,,[]
37,1051.290467,9.5,0.045232,1.8,0.116900,0.9,24.735000,24.4,O=CC(=O)C(=O)C#N,,[]
37,1108.489211,11.8,0.055740,4.8,0.098300,0.1,25.564000,29.9,O=CC(=O)C(=O)C=O,,[]
37,1392.890310,28.2,0.101131,30.5,0.102800,0.1,23.524000,18.7,O1C2C3C1C1N=C3OC21,,[]
37,1473.360870,36.1,0.128928,55.5,0.076600,0.0,31.632000,74.7,[O-]C(=O)CCNC=[NH2+],,[]
37,1519.009674,41.9,0.112082,39.5,0.094400,0.0,31.147000,71.7,[O-]C(=O)C1=CNC(=[NH2+])C1,,[]
37,1599.184049,50.6,0.126135,52.8,0.103500,0.1,23.509000,18.5,C1=C2C3C4C1C1C2C3N41,,[]
38,213.087785,0.0,0.021375,0.2,0.361500,98.6,6.002000,0.0,O,,[]
38,301.820762,0.1,0.016601,0.0,0.379600,98.9,6.278000,0.1,C#N,,[]
38,358.757206,0.1,0.026603,0.4,0.226300,49.2,6.413000,0.1,C=O,,[]
38,427.706065,0.2,0.020349,0.1,0.259800,67.2,10.401000,0.4,O1N=NN=N1,,[]
38,494.017501,0.3,0.015951,0.0,0.277000,75.1,10.398000,0.4,N#CC#N,,[]
38,551.957961,0.4,0.026540,0.3,0.206600,31.9,11.329000,0.8,O=CC#N,,[]
38,605.972721,0.6,0.025718,0.3,0.246900,61.0,13.622000,1.7,O=C1ON=NO1,,[]
38,612.158710,0.7,0.036943,0.9,0.155500,8.1,12.147000,1.1,O=CC=O,,[]
38,660.735473,0.9,0.028773,0.6,0.148500,5.5,18.268000,7.4,O=C1N=NON=N1,,[]
38,740.670140,1.5,0.025540,0.2,0.197700,25.4,16.955000,5.3,O=C(C#N)C#N,,[]
38,855.199404,3.3,0.045968,1.9,0.115100,0.8,18.951000,8.1,O=CC(=O)C=O,,[]
38,1051.290467,9.5,0.045232,1.8,0.116900,0.9,24.735000,24.3,O=CC(=O)C(=O)C#N,,[]
38,1108.489211,11.9,0.055740,4.7,0.098300,0.1,25.564000,29.7,O=CC(=O)C(=O)C=O,,[]
38,1392.890310,28.1,0.101131,30.5,0.102800,0.1,23.524000,18.6,O1C2C3C1C1N=C3OC21,,[]
38,1473.360870,36.0,0.128928,55.4,0.076600,0.0,31.632000,74.7,[O-]C(=O)CCNC=[NH2+],,[]
38,1519.009674,41.8,0.112082,39.4,0.094400,0.0,31.147000,71.7,[O-]C(=O)C1=CNC(=[NH2+])C1,,[]
38,1599.184049,50.6,0.126135,52.7,0.103500,0.2,23.509000,18.5,C1=C2C3C4C1C1C2C3N41,,[]
39,213.087785,0.0,0.021375,0.2,0.361500,98.5,6.002000,0.0,O,,[]
39,301.820762,0.1,0.016601,0.0,0.379600,98.9,6.278000,0.1,C#N,,[]
39,358.757206,0.1,0.026603,0.4,0.226300,48.9,6.413000,0.1,C=O,,[]
39,427.706065,0.2,0.020349,0.1,0.259800,67.1,10.401000,0.4,O1N=NN=N1,,[]
39,494.017501,0.3,0.015951,0.0,0.277000,75.1,10.398000,0.4,N#CC#N,,[]
39,551.957961,0.4,0.026540,0.3,0.206600,31.9,11.329000,0.8,O=CC#N,,[]
39,605.972721,0.6,0.025718,0.3,0.246900,60.9,13.622000,1.7,O=C1ON=NO1,,[]
39,612.158710,0.7,0.036943,0.9,0.155500,8.2,12.147000,1.1,O=CC=O,,[]
39,660.735473,0.9,0.028773,0.6,0.148500,5.5,18.268000,7.4,O=C1N=NON=N1,,[]
39,740.670140,1.5,0.025540,0.2,0.197700,25.4,16.955000,5.3,O=C(C#N)C#N,,[]
39,788.113621,2.2,0.051463,2.8,0.135500,2.2,14.117000,1.9,C1=NN=CN=N1,,[]
39,855.199404,3.3,0.045968,1.9,0.115100,0.8,18.951000,8.1,O=CC(=O)C=O,,[]
39,1051.290467,9.5,0.045232,1.8,0.116900,0.9,24.735000,24.2,O=CC(=O)C(=O)C#N,,[]
39,1108.489211,11.8,0.055740,4.7,0.098300,0.1,25.564000,29.7,O=CC(=O)C(=O)C=O,,[]
39,1392.890310,28.0,0.101131,30.3,0.102800,0.1,23.524000,18.6,O1C2C3C1C1N=C3OC21,,[]
39,1473.360870,35.9,0.128928,55.3,0.076600,0.0,31.632000,74.6,[O-]C(=O)CCNC=[NH2+],,[]
39,1519.009674,41.8,0.112082,39.3,0.094400,0.0,31.147000,71.5,[O-]C(=O)C1=CNC(=[NH2+])C1,,[]
39,1599.184049,50.6,0.126135,52.6,0.103500,0.2,23.509000,18.4,C1=C2C3C4C1C1C2C3N41,,[]
40,213.087785,0.0,0.021375,0.2,0.361500,98.6,6.002000,0.0,O,,[]
40,301.820762,0.1,0.016601,0.0,0.379600,98.9,6.278000,0.1,C#N,,[]
40,358.757206,0.1,0.026603,0.4,0.226300,48.8,6.413000,0.1,C=O,,[]
40,427.706065,0.2,0.020349,0.1,0.259800,67.1,10.401000,0.5,O1N=NN=N1,,[]
40,494.017501,0.4,0.015951,0.0,0.277000,75.0,10.398000,0.4,N#CC#N,,[]
40,551.957961,0.4,0.026540,0.4,0.206600,31.9,11.329000,0.8,O=CC#N,,[]
40,605.972721,0.6,0.025718,0.3,0.246900,60.8,13.622000,1.7,O=C1ON=NO1,,[]
40,612.158710,0.7,0.036943,0.9,0.155500,8.2,12.147000,1.1,O=CC=O,,[]
40,660.735473,0.9,0.028773,0.6,0.148500,5.5,18.268000,7.3,O=C1N=NON=N1,,[]
40,740.670140,1.4,0.025540,0.2,0.197700,25.5,16.955000,5.3,O=C(C#N)C#N,,[]
40,788.113621,2.1,0.051463,2.8,0.135500,2.2,14.117000,1.8,C1=NN=CN=N1,,[]
40,855.199404,3.2,0.045968,1.9,0.115100,0.8,18.951000,8.0,O=CC(=O)C=O,,[]
40,1051.290467,9.3,0.045232,1.8,0.116900,0.9,24.735000,24.0,O=CC(=O)C(=O)C#N,,[]
40,1108.489211,11.6,0.055740,4.7,0.098300,0.1,25.564000,29.5,O=CC(=O)C(=O)C=O,,[]
40,1392.890310,27.7,0.101131,30.1,0.102800,0.1,23.524000,18.4,O1C2C3C1C1N=C3OC21,,[]
40,1473.360870,35.7,0.128928,55.2,0.076600,0.0,31.632000,74.3,[O-]C(=O)CCNC=[NH2+],,[]
40,1519.009674,41.7,0.112082,39.1,0.094400,0.0,31.147000,71.3,[O-]C(=O)C1=CNC(=[NH2+])C1,,[]
40,1599.184049,50.5,0.126135,52.5,0.103500,0.2,23.509000,18.3,C1=C2C3C4C1C1C2C3N41,,[]
41,213.087785,0.0,0.021375,0.2,0.361500,98.6,6.002000,0.0,O,,[]
41,301.820762,0.0,0.016601,0.0,0.379600,98.9,6.278000,0.0,C#N,,[]
41,358.757206,0.1,0.026603,0.4,0.226300,48.9,6.413000,0.1,C=O,,[]
41,427.706065,0.2,0.020349,0.1,0.259800,67.0,10.401000,0.5,O1N=NN=N1,,[]
41,494.017501,0.3,0.015951,0.0,0.277000,75.1,10.398000,0.4,N#CC#N,,[]
41,551.957961,0.4,0.026540,0.3,0.206600,32.0,11.329000,0.8,O=CC#N,,[]
41,605.972721,0.6,0.025718,0.3,0.246900,60.8,13.622000,1.7,O=C1ON=NO1,,[]
41,612.158710,0.7,0.036943,0.9,0.155500,8.1,12.147000,1.1,O=CC=O,,[]
41,660.735473,0.9,0.028773,0.6,0.148500,5.5,18.268000,7.3,O=C1N=NON=N1,,[]
41,740.670140,1.5,0.025540,0.2,0.197700,25.5,16.955000,5.3,O=C(C#N)C#N,,[]
41,788.113621,2.2,0.051463,2.8,0.135500,2.1,14.117000,1.8,C1=NN=CN=N1,,[]
41,855.199404,3.3,0.045968,2.0,0.115100,0.7,18.951000,8.0,O=CC(=O)C=O,,[]
41,1051.290467,9.3,0.045232,1.8,0.116900,0.9,24.735000,24.1,O=CC(=O)C(=O)C#N,,[]
41,1108.489211,11.6,0.055740,4.6,0.098300,0.0,25.564000,29.6,O=CC(=O)C(=O)C=O,,[]
41,1392.890310,27.8,0.101131,30.1,0.102800,0.1,23.524000,18.5,O1C2C3C1C1N=C3OC21,,[]
41,1473.360870,35.6,0.128928,55.2,0.076600,0.0,31.632000,74.3,[O-]C(=O)CCNC=[NH2+],,[]
41,1519.009674,41.6,0.112082,39.1,0.094400,0.0,31.147000,71.3,[O-]C(=O)C1=CNC(=[NH2+])C1,,[]
41,1599.184049,50.6,0.126135,52.5,0.103500,0.1,23.509000,18.3,C1=C2C3C4C1C1C2C3N41,,[]
42,213.087785,0.0,0.021375,0.2,0.361500,98.6,6.002000,0.0,O,,[]
42,301.820762,0.0,0.016601,0.0,0.379600,98.9,6.278000,0.0,C#N,,[]
42,358.757206,0.1,0.026603,0.4,0.226300,48.8,6.413000,0.1,C=O,,[]
42,427.706065,0.2,0.020349,0.1,0.259800,67.1,10.401000,0.5,O1N=NN=N1,,[]
42,494.017501,0.4,0.015951,0.0,0.277000,75.1,10.398000,0.5,N#CC#N,,[]
42,551.957961,0.4,0.026540,0.3,0.206600,31.9,11.329000,0.8,O=CC#N,,[]
42,605.972721,0.6,0.025718,0.3,0.246900,60.7,13.622000,1.7,O=C1ON=NO1,,[]
42,612.158710,0.7,0.036943,0.8,0.155500,8.1,12.147000,1.1,O=CC=O,,[]
42,660.735473,0.9,0.028773,0.6,0.148500,5.5,18.268000,7.3,O=C1N=NON=N1,,[]
42,740.670140,1.5,0.025540,0.2,0.197700,25.4,16.955000,5.3,O=C(C#N)C#N,,[]
42,788.113621,2.1,0.051463,2.8,0.135500,2.1,14.117000,1.8,C1=NN=CN=N1,,[]
42,855.199404,3.2,0.045968,1.9,0.115100,0.7,18.951000,8.0,O=CC(=O)C=O,,[]
42,1051.290467,9.2,0.045232,1.8,0.116900,0.9,24.735000,24.1,O=CC(=O)C(=O)C#N,,[]
42,1108.489211,11.5,0.055740,4.6,0.098300,0.0,25.564000,29.5,O=CC(=O)C(=O)C=O,,[]
42,1392.890310,27.6,0.101131,30.0,0.102800,0.1,23.524000,18.4,O1C2C3C1C1N=C3OC21,,[]
42,1473.360870,35.5,0.128928,55.1,0.076600,0.0,31.632000,74.4,[O-]C(=O)CCNC=[NH2+],,[]
42,1519.009674,41.4,0.112082,39.0,0.094400,0.0,31.147000,71.4,[O-]C(=O)C1=CNC(=[NH2+])C1,,[]
42,1599.184049,50.5,0.126135,52.4,0.103500,0.2,23.509000,18.2,C1=C2C3C4C1C1C2C3N41,,[]
43,213.087785,0.0,0.021375,0.2,0.361500,98.6,6.002000,0.0,O,,[]
43,276.861573,0.0,0.034358,0.7,0.339900,97.1,6.316000,0.1,N,,[]
43,301.820762,0.1,0.016601,0.0,0.379600,98.9,6.278000,0.0,C#N,,[]
43,358.757206,0.1,0.026603,0.4,0.226300,48.6,6.413000,0.1,C=O,,[]
43,427.706065,0.3,0.020349,0.1,0.259800,67.2,10.401000,0.5,O1N=NN=N1,,[]
43,494.017501,0.4,0.015951,0.0,0.277000,75.2,10.398000,0.5,N#CC#N,,[]
43,551.957961,0.4,0.026540,0.3,0.206600,32.0,11.329000,0.9,O=CC#N,,[]
43,605.972721,0.6,0.025718,0.3,0.246900,60.8,13.622000,1.8,O=C1ON=NO1,,[]
43,612.158710,0.7,0.036943,0.9,0.155500,8.0,12.147000,1.1,O=CC=O,,[]
43,660.735473,0.9,0.028773,0.6,0.148500,5.6,18.268000,7.3,O=C1N=NON=N1,,[]
43,740.670140,1.5,0.025540,0.2,0.197700,25.5,16.955000,5.3,O=C(C#N)C#N,,[]
43,788.113621,2.2,0.051463,2.8,0.135500,2.2,14.117000,1.9,C1=NN=CN=N1,,[]
43,855.199404,3.3,0.045968,2.0,0.115100,0.7,18.951000,8.0,O=CC(=O)C=O,,[]
43,1051.290467,9.2,0.045232,1.8,0.116900,0.9,24.735000,24.1,O=CC(=O)C(=O)C#N,,[]
43,1108.489211,11.5,0.055740,4.6,0.098300,0.0,25.564000,29.5,O=CC(=O)C(=O)C=O,,[]
43,1392.890310,27.6,0.101131,30.0,0.102800,0.1,23.524000,18.5,O1C2C3C1C1N=C3OC21,,[]
43,1473.360870,35.6,0.128928,55.2,0.076600,0.0,31.632000,74.5,[O-]C(=O)CCNC=[NH2+],,[]
43,1519.009674,41.5,0.112082,39.0,0.094400,0.0,31.147000,71.5,[O-]C(=O)C1=CNC(=[NH2+])C1,,[]
43,1599.184049,50.5,0.126135,52.5,0.103500,0.2,23.509000,18.3,C1=C2C3C4C1C1C2C3N41,,[]
44,213.087785,0.0,0.021375,0.2,0.361500,98.6,6.002000,0.0,O,,[]
44,276.861573,0.0,0.034358,0.7,0.339900,97.2,6.316000,0.1,N,,[]
44,301.820762,0.1,0.016601,0.0,0.379600,98.9,6.278000,0.0,C#N,,[]
44,358.757206,0.1,0.026603,0.4,0.226300,48.6,6.413000,0.1,C=O,,[]
44,427.706065,0.3,0.020349,0.1,0.259800,67.3,10.401000,0.5,O1N=NN=N1,,[]
44,494.017501,0.4,0.015951,0.0,0.277000,75.3,10.398000,0.5,N#CC#N,,[]
44,551.957961,0.4,0.026540,0.3,0.206600,32.1,11.329000,0.9,O=CC#N,,[]
44,605.972721,0.6,0.025718,0.3,0.246900,60.9,13.622000,1.8,O=C1ON=NO1,,[]
44,612.158710,0.7,0.036943,0.9,0.155500,8.2,12.147000,1.1,O=CC=O,,[]
44,660.735473,0.9,0.028773,0.6,0.148500,5.7,18.268000,7.2,O=C1N=NON=N1,,[]
44,740.670140,1.5,0.025540,0.2,0.197700,25.6,16.955000,5.2,O=C(C#N)C#N,,[]
44,788.113621,2.1,0.051463,2.9,0.135500,2.2,14.117000,1.9,C1=NN=CN=N1,,[]
44,855.199404,3.3,0.045968,2.0,0.115100,0.8,18.951000,7.9,O=CC(=O)C=O,,[]
44,1051.290467,9.2,0.045232,1.8,0.116900,0.9,24.735000,24.0,O=CC(=O)C(=O)C#N,,[]
44,1108.489211,11.4,0.055740,4.6,0.098300,0.1,25.564000,29.4,O=CC(=O)C(=O)C=O,,[]
44,1392.890310,27.7,0.101131,30.0,0.102800,0.2,23.524000,18.4,O1C2C3C1C1N=C3OC21,,[]
44,1473.360870,35.6,0.128928,55.2,0.076600,0.0,31.632000,74.5,[O-]C(=O)CCNC=[NH2+],,[]
44,1519.009674,41.4,0.112082,38.9,0.094400,0.0,31.147000,71.5,[O-]C(=O)C1=CNC(=[NH2+])C1,,[]
44,1599.184049,50.4,0.126135,52.5,0.103500,0.2,23.509000,18.2,C1=C2C3C4C1C1C2C3N41,,[]
44,1646.564152,57.6,0.138452,65.2,0.096000,0.0,29.938000,63.5,O=C1[CH-]NC2=C1C[NH2+]C2,,[]
45,213.087785,0.0,0.021375,0.2,0.361500,98.6,6.002000,0.0,O,,[]
45,276.861573,0.0,0.034358,0.7,0.339900,97.2,6.316000,0.1,N,,[]
45,301.820762,0.1,0.016601,0.0,0.379600,99.0,6.278000,0.0,C#N,,[]
45,358.757206,0.1,0.026603,0.4,0.226300,48.7,6.413000,0.1,C=O,,[]
45,427.706065,0.3,0.020349,0.1,0.259800,67.3,10.401000,0.5,O1N=NN=N1,,[]
45,494.017501,0.4,0.015951,0.0,0.277000,75.3,10.398000,0.5,N#CC#N,,[]
45,551.957961,0.5,0.026540,0.3,0.206600,32.0,11.329000,0.9,O=CC#N,,[]
45,605.972721,0.7,0.025718,0.3,0.246900,61.0,13.622000,1.8,O=C1ON=NO1,,[]
45,612.158710,0.7,0.036943,0.9,0.155500,8.2,12.147000,1.1,O=CC=O,,[]
45,660.735473,0.9,0.028773,0.6,0.148500,5.7,18.268000,7.2,O=C1N=NON=N1,,[]
45,740.670140,1.5,0.025540,0.2,0.197700,25.6,16.955000,5.2,O=C(C#N)C#N,,[]
45,788.113621,2.2,0.051463,2.9,0.135500,2.2,14.117000,1.9,C1=NN=CN=N1,,[]
45,855.199404,3.3,0.045968,2.0,0.115100,0.7,18.951000,7.9,O=CC(=O)C=O,,[]
45,1051.290467,9.1,0.045232,1.8,0.116900,0.9,24.735000,23.9,O=CC(=O)C(=O)C#N,,[]
45,1108.489211,11.3,0.055740,4.6,0.098300,0.1,25.564000,29.3,O=CC(=O)C(=O)C=O,,[]
45,1392.890310,27.6,0.101131,29.9,0.102800,0.2,23.524000,18.3,O1C2C3C1C1N=C3OC21,,[]
45,1473.360870,35.5,0.128928,55.2,0.076600,0.0,31.632000,74.4,[O-]C(=O)CCNC=[NH2+],,[]
45,1519.009674,41.3,0.112082,38.9,0.094400,0.0,31.147000,71.5,[O-]C(=O)C1=CNC(=[NH2+])C1,,[]
45,1599.184049,50.4,0.126135,52.5,0.103500,0.2,23.509000,18.1,C1=C2C3C4C1C1C2C3N41,,[]
45,1646.564152,57.6,0.138452,65.2,0.096000,0.0,29.938000,63.4,O=C1[CH-]NC2=C1C[NH2+]C2,,[]
46,213.087785,0.0,0.021375,0.2,0.361500,98.7,6.002000,0.0,O,,[]
46,276.861573,0.0,0.034358,0.8,0.339900,97.2,6.316000,0.1,N,,[]
46,301.820762,0.1,0.016601,0.0,0.379600,99.0,6.278000,0.0,C#N,,[]
46,358.757206,0.1,0.026603,0.4,0.226300,48.6,6.413000,0.1,C=O,,[]
46,427.706065,0.3,0.020349,0.1,0.259800,67.2,10.401000,0.5,O1N=NN=N1,,[]
46,494.017501,0.4,0.015951,0.0,0.277000,75.4,10.398000,0.5,N#CC#N,,[]
46,551.957961,0.5,0.026540,0.3,0.206600,32.0,11.329000,0.9,O=CC#N,,[]
46,605.972721,0.7,0.025718,0.3,0.246900,60.9,13.622000,1.8,O=C1ON=NO1,,[]
46,612.158710,0.7,0.036943,0.9,0.155500,8.3,12.147000,1.1,O=CC=O,,[]
46,660.735473,0.9,0.028773,0.6,0.148500,5.7,18.268000,7.1,O=C1N=NON=N1,,[]
46,740.670140,1.5,0.025540,0.2,0.197700,25.5,16.955000,5.1,O=C(C#N)C#N,,[]
46,788.113621,2.2,0.051463,2.8,0.135500,2.3,14.117000,1.9,C1=NN=CN=N1,,[]
46,855.199404,3.3,0.045968,2.0,0.115100,0.7,18.951000,7.8,O=CC(=O)C=O,,[]
46,1051.290467,9.0,0.045232,1.8,0.116900,0.9,24.735000,23.7,O=CC(=O)C(=O)C#N,,[]
46,1108.489211,11.2,0.055740,4.5,0.098300,0.1,25.564000,29.0,O=CC(=O)C(=O)C=O,,[]
46,1392.890310,27.3,0.101131,29.8,0.102800,0.2,23.524000,18.1,O1C2C3C1C1N=C3OC21,,[]
46,1473.360870,35.3,0.128928,55.0,0.076600,0.0,31.632000,74.2,[O-]C(=O)CCNC=[NH2+],,[]
46,1519.009674,41.0,0.112082,38.7,0.094400,0.0,31.147000,71.2,[O-]C(=O)C1=CNC(=[NH2+])C1,,[]
46,1599.184049,50.3,0.126135,52.4,0.103500,0.2,23.509000,17.9,C1=C2C3C4C1C1C2C3N41,,[]
46,1646.564152,57.4,0.138452,65.1,0.096000,0.0,29.938000,63.0,O=C1[CH-]NC2=C1C[NH2+]C2,,[]
47,213.087785,0.0,0.021375,0.2,0.361500,98.7,6.002000,0.0,O,,[]
47,276.861573,0.1,0.034358,0.8,0.339900,97.2,6.316000,0.1,N,,[]
47,301.820762,0.1,0.016601,0.0,0.379600,99.0,6.278000,0.1,C#N,,[]
47,358.757206,0.1,0.026603,0.4,0.226300,48.7,6.413000,0.1,C=O,,[]
47,427.706065,0.3,0.020349,0.1,0.259800,67.4,10.401000,0.6,O1N=NN=N1,,[]
47,494.017501,0.4,0.015951,0.0,0.277000,75.4,10.398000,0.5,N#CC#N,,[]
47,551.957961,0.5,0.026540,0.3,0.206600,32.1,11.329000,0.9,O=CC#N,,[]
47,605.972721,0.7,0.025718,0.3,0.246900,61.0,13.622000,1.8,O=C1ON=NO1,,[]
47,612.158710,0.7,0.036943,0.9,0.155500,8.3,12.147000,1.1,O=CC=O,,[]
47,660.735473,0.9,0.028773,0.6,0.148500,5.7,18.268000,7.1,O=C1N=NON=N1,,[]
47,740.670140,1.5,0.025540,0.2,0.197700,25.5,16.955000,5.1,O=C(C#N)C#N,,[]
47,788.113621,2.2,0.051463,2.8,0.135500,2.3,14.117000,1.9,C1=NN=CN=N1,,[]
47,855.199404,3.3,0.045968,2.0,0.115100,0.7,18.951000,7.7,O=CC(=O)C=O,,[]
47,1051.290467,9.0,0.045232,1.8,0.116900,0.9,24.735000,23.6,O=CC(=O)C(=O)C#N,,[]
47,1108.489211,11.2,0.055740,4.5,0.098300,0.1,25.564000,28.9,O=CC(=O)C(=O)C=O,,[]
47,1392.890310,27.2,0.101131,29.7,0.102800,0.2,23.524000,18.0,O1C2C3C1C1N=C3OC21,,[]
47,1473.360870,35.2,0.128928,55.1,0.076600,0.0,31.632000,74.1,[O-]C(=O)CCNC=[NH2+],,[]
47,1519.009674,41.0,0.112082,38.7,0.094400,0.0,31.147000,71.0,[O-]C(=O)C1=CNC(=[NH2+])C1,,[]
47,1599.184049,50.3,0.126135,52.5,0.103500,0.2,23.509000,17.8,C1=C2C3C4C1C1C2C3N41,,[]
47,1646.564152,57.5,0.138452,65.2,0.096000,0.0,29.938000,62.9,O=C1[CH-]NC2=C1C[NH2+]C2,,[]
48,213.087785,0.0,0.021375,0.2,0.361500,98.7,6.002000,0.0,O,,[]
48,276.861573,0.1,0.034358,0.8,0.339900,97.2,6.316000,0.1,N,,[]
48,301.820762,0.1,0.016601,0.0,0.379600,99.0,6.278000,0.1,C#N,,[]
48,358.757206,0.1,0.026603,0.4,0.226300,48.9,6.413000,0.1,C=O,,[]
48,427.706065,0.3,0.020349,0.1,0.259800,67.4,10.401000,0.6,O1N=NN=N1,,[]
48,494.017501,0.4,0.015951,0.0,0.277000,75.4,10.398000,0.5,N#CC#N,,[]
48,551.957961,0.5,0.026540,0.3,0.206600,32.2,11.329000,0.9,O=CC#N,,[]
48,605.972721,0.7,0.025718,0.3,0.246900,61.1,13.622000,1.8,O=C1ON=NO1,,[]
48,612.158710,0.7,0.036943,0.9,0.155500,8.4,12.147000,1.1,O=CC=O,,[]
48,660.735473,0.9,0.028773,0.6,0.148500,5.7,18.268000,7.0,O=C1N=NON=N1,,[]
48,740.670140,1.5,0.025540,0.2,0.197700,25.6,16.955000,5.1,O=C(C#N)C#N,,[]
48,788.113621,2.2,0.051463,2.8,0.135500,2.3,14.117000,1.9,C1=NN=CN=N1,,[]
48,855.199404,3.3,0.045968,2.0,0.115100,0.7,18.951000,7.7,O=CC(=O)C=O,,[]
48,1051.290467,8.9,0.045232,1.8,0.116900,0.9,24.735000,23.5,O=CC(=O)C(=O)C#N,,[]
48,1108.489211,11.1,0.055740,4.5,0.098300,0.1,25.564000,28.8,O=CC(=O)C(=O)C=O,,[]
48,1392.890310,27.1,0.101131,29.6,0.102800,0.2,23.524000,17.9,O1C2C3C1C1N=C3OC21,,[]
48,1473.360870,35.0,0.128928,55.1,0.076600,0.0,31.632000,74.0,[O-]C(=O)CCNC=[NH2+],,[]
48,1519.009674,40.8,0.112082,38.6,0.094400,0.0,31.147000,70.9,[O-]C(=O)C1=CNC(=[NH2+])C1,,[]
48,1599.184049,50.3,0.126135,52.4,0.103500,0.2,23.509000,17.7,C1=C2C3C4C1C1C2C3N41,,[]
48,1646.564152,57.5,0.138452,65.2,0.096000,0.1,29.938000,62.7,O=C1[CH-]NC2=C1C[NH2+]C2,,[]
49,213.087785,0.0,0.021375,0.2,0.361500,98.6,6.002000,0.0,O,,[]
49,276.861573,0.1,0.034358,0.8,0.339900,97.1,6.316000,0.1,N,,[]
49,301.820762,0.1,0.016601,0.0,0.379600,99.0,6.278000,0.1,C#N,,[]
49,358.757206,0.1,0.026603,0.4,0.226300,48.9,6.413000,0.1,C=O,,[]
49,427.706065,0.3,0.020349,0.1,0.259800,67.6,10.401000,0.6,O1N=NN=N1,,[]
49,494.017501,0.4,0.015951,0.0,0.277000,75.4,10.398000,0.5,N#CC#N,,[]
49,551.957961,0.5,0.026540,0.3,0.206600,32.4,11.329000,0.9,O=CC#N,,[]
49,605.972721,0.7,0.025718,0.3,0.246900,61.2,13.622000,1.8,O=C1ON=NO1,,[]
49,612.158710,0.7,0.036943,0.9,0.155500,8.4,12.147000,1.2,O=CC=O,,[]
49,660.735473,0.9,0.028773,0.6,0.148500,5.7,18.268000,7.0,O=C1N=NON=N1,,[]
49,740.670140,1.6,0.025540,0.2,0.197700,25.8,16.955000,5.1,O=C(C#N)C#N,,[]
49,788.113621,2.2,0.051463,2.8,0.135500,2.2,14.117000,1.9,C1=NN=CN=N1,,[]
49,855.199404,3.3,0.045968,2.0,0.115100,0.7,18.951000,7.7,O=CC(=O)C=O,,[]
49,1051.290467,8.9,0.045232,1.8,0.116900,0.8,24.735000,23.6,O=CC(=O)C(=O)C#N,,[]
49,1108.489211,11.0,0.055740,4.6,0.098300,0.1,25.564000,28.8,O=CC(=O)C(=O)C=O,,[]
49,1392.890310,27.1,0.101131,29.6,0.102800,0.2,23.524000,18.0,O1C2C3C1C1N=C3OC21,,[]
49,1473.360870,35.0,0.128928,55.3,0.076600,0.0,31.632000,74.0,[O-]C(=O)CCNC=[NH2+],,[]
49,1519.009674,40.8,0.112082,38.7,0.094400,0.0,31.147000,70.9,[O-]C(=O)C1=CNC(=[NH2+])C1,,[]
49,1599.184049,50.5,0.126135,52.6,0.103500,0.2,23.509000,17.8,C1=C2C3C4C1C1C2C3N41,,[]
49,1646.564152,57.6,0.138452,65.4,0.096000,0.1,29.938000,62.7,O=C1[CH-]NC2=C1C[NH2+]C2,,[]
50,213.087785,0.0,0.021375,0.2,0.361500,98.6,6.002000,0.0,O,,[]
50,276.861573,0.1,0.034358,0.8,0.339900,97.2,6.316000,0.1,N,,[]
50,301.820762,0.1,0.016601,0.0,0.379600,99.0,6.278000,0.1,C#N,,[]
50,358.757206,0.1,0.026603,0.4,0.226300,49.0,6.413000,0.1,C=O,,[]
50,427.706065,0.3,0.020349,0.1,0.259800,67.5,10.401000,0.6,O1N=NN=N1,,[]
50,494.017501,0.4,0.015951,0.0,0.277000,75.4,10.398000,0.5,N#CC#N,,[]
50,551.957961,0.5,0.026540,0.3,0.206600,32.4,11.329000,0.9,O=CC#N,,[]
50,605.972721,0.7,0.025718,0.3,0.246900,61.2,13.622000,1.8,O=C1ON=NO1,,[]
50,612.158710,0.7,0.036943,0.9,0.155500,8.4,12.147000,1.1,O=CC=O,,[]
50,660.735473,0.9,0.028773,0.6,0.148500,5.7,18.268000,7.0,O=C1N=NON=N1,,[]
50,740.670140,1.6,0.025540,0.2,0.197700,25.8,16.955000,5.1,O=C(C#N)C#N,,[]
50,788.113621,2.2,0.051463,2.8,0.135500,2.2,14.117000,1.9,C1=NN=CN=N1,,[]
50,855.199404,3.3,0.045968,2.0,0.115100,0.7,18.951000,7.6,O=CC(=O)C=O,,[]
50,1051.290467,8.8,0.045232,1.9,0.116900,0.8,24.735000,23.5,O=CC(=O)C(=O)C#N,,[]
50,1108.489211,10.9,0.055740,4.5,0.098300,0.1,25.564000,28.6,O=CC(=O)C(=O)C=O,,[]
50,1392.890310,27.0,0.101131,29.6,0.102800,0.2,23.524000,17.9,O1C2C3C1C1N=C3OC21,,[]
50,1473.360870,35.0,0.128928,55.3,0.076600,0.0,31.632000,73.9,[O-]C(=O)CCNC=[NH2+],,[]
50,1519.009674,40.8,0.112082,38.7,0.094400,0.0,31.147000,70.8,[O-]C(=O)C1=CNC(=[NH2+])C1,,[]
50,1599.184049,50.5,0.126135,52.7,0.103500,0.2,23.509000,17.7,C1=C2C3C4C1C1C2C3N41,,[]
50,1646.564152,57.6,0.138452,65.4,0.096000,0.1,29.938000,62.5,O=C1[CH-]NC2=C1C[NH2+]C2,,[]
51,213.087785,0.0,0.021375,0.2,0.361500,98.7,6.002000,0.0,O,,[]
51,276.861573,0.1,0.034358,0.8,0.339900,97.2,6.316000,0.1,N,,[]
51,301.820762,0.1,0.016601,0.0,0.379600,99.0,6.278000,0.1,C#N,,[]
51,358.757206,0.1,0.026603,0.4,0.226300,48.8,6.413000,0.1,C=O,,[]
51,427.706065,0.3,0.020349,0.1,0.259800,67.4,10.401000,0.6,O1N=NN=N1,,[]
51,494.017501,0.4,0.015951,0.0,0.277000,75.4,10.398000,0.5,N#CC#N,,[]
51,551.957961,0.5,0.026540,0.3,0.206600,32.2,11.329000,0.9,O=CC#N,,[]
51,605.972721,0.7,0.025718,0.3,0.246900,61.0,13.622000,1.8,O=C1ON=NO1,,[]
51,612.158710,0.7,0.036943,1.0,0.155500,8.4,12.147000,1.1,O=CC=O,,[]
51,660.735473,0.9,0.028773,0.6,0.148500,5.7,18.268000,7.0,O=C1N=NON=N1,,[]
51,740.670140,1.5,0.025540,0.2,0.197700,25.7,16.955000,5.0,O=C(C#N)C#N,,[]
51,788.113621,2.2,0.051463,2.8,0.135500,2.3,14.117000,1.9,C1=NN=CN=N1,,[]
51,855.199404,3.3,0.045968,2.0,0.115100,0.7,18.951000,7.6,O=CC(=O)C=O,,[]
51,1051.290467,8.7,0.045232,1.9,0.116900,0.8,24.735000,23.3,O=CC(=O)C(=O)C#N,,[]
51,1108.489211,10.9,0.055740,4.5,0.098300,0.1,25.564000,28.5,O=CC(=O)C(=O)C=O,,[]
51,1392.890310,26.8,0.101131,29.4,0.102800,0.2,23.524000,17.8,O1C2C3C1C1N=C3OC21,,[]
51,1473.360870,34.8,0.128928,55.3,0.076600,0.0,31.632000,73.7,[O-]C(=O)CCNC=[NH2+],,[]
51,1519.009674,40.6,0.112082,38.6,0.094400,0.0,31.147000,70.6,[O-]C(=O)C1=CNC(=[NH2+])C1,,[]
51,1599.184049,50.4,0.126135,52.7,0.103500,0.2,23.509000,17.6,C1=C2C3C4C1C1C2C3N41,,[]
51,1646.564152,57.6,0.138452,65.2,0.096000,0.1,29.938000,62.3,O=C1[CH-]NC2=C1C[NH2+]C2,,[]
52,213.087785,0.0,0.021375,0.2,0.361500,98.7,6.002000,0.0,O,,[]
52,276.861573,0.1,0.034358,0.8,0.339900,97.2,6.316000,0.1,N,,[]
52,301.820762,0.1,0.016601,0.0,0.379600,99.0,6.278000,0.1,C#N,,[]
52,358.757206,0.1,0.026603,0.4,0.226300,48.9,6.413000,0.1,C=O,,[]
52,427.706065,0.3,0.020349,0.1,0.259800,67.7,10.401000,0.6,O1N=NN=N1,,[]
52,494.017501,0.4,0.015951,0.0,0.277000,75.6,10.398000,0.6,N#CC#N,,[]
52,551.957961,0.5,0.026540,0.3,0.206600,32.3,11.329000,1.0,O=CC#N,,[]
52,605.972721,0.7,0.025718,0.3,0.246900,61.3,13.622000,1.8,O=C1ON=NO1,,[]
52,612.158710,0.7,0.036943,1.0,0.155500,8.4,12.147000,1.2,O=CC=O,,[]
52,660.735473,1.0,0.028773,0.6,0.148500,5.7,18.268000,6.9,O=C1N=NON=N1,,[]
52,740.670140,1.6,0.025540,0.2,0.197700,25.7,16.955000,5.0,O=C(C#N)C#N,,[]
52,788.113621,2.2,0.051463,2.8,0.135500,2.3,14.117000,2.0,C1=NN=CN=N1,,[]
52,855.199404,3.3,0.045968,2.0,0.115100,0.7,18.951000,7.6,O=CC(=O)C=O,,[]
52,1051.290467,8.7,0.045232,1.8,0.116900,0.8,24.735000,23.2,O=CC(=O)C(=O)C#N,,[]
52,1108.489211,10.8,0.055740,4.5,0.098300,0.1,25.564000,28.4,O=CC(=O)C(=O)C=O,,[]
52,1392.890310,26.7,0.101131,29.4,0.102800,0.2,23.524000,17.7,O1C2C3C1C1N=C3OC21,,[]
52,1473.360870,34.8,0.128928,55.4,0.076600,0.0,31.632000,73.9,[O-]C(=O)CCNC=[NH2+],,[]
52,1519.009674,40.6,0.112082,38.5,0.094400,0.0,31.147000,70.8,[O-]C(=O)C1=CNC(=[NH2+])C1,,[]
52,1599.184049,50.5,0.126135,52.8,0.103500,0.2,23.509000,17.5,C1=C2C3C4C1C1C2C3N41,,[]
52,1646.564152,57.7,0.138452,65.4,0.096000,0.1,29.938000,62.4,O=C1[CH-]NC2=C1C[NH2+]C2,,[]
53,213.087785,0.0,0.021375,0.2,0.361500,98.7,6.002000,0.0,O,,[]
53,276.861573,0.1,0.034358,0.8,0.339900,97.2,6.316000,0.1,N,,[]
53,301.820762,0.1,0.016601,0.0,0.379600,99.0,6.278000,0.1,C#N,,[]
53,358.757206,0.1,0.026603,0.4,0.226300,48.8,6.413000,0.1,C=O,,[]
53,427.706065,0.3,0.020349,0.1,0.259800,67.7,10.401000,0.6,O1N=NN=N1,,[]
53,494.017501,0.4,0.015951,0.0,0.277000,75.7,10.398000,0.6,N#CC#N,,[]
53,551.957961,0.5,0.026540,0.3,0.206600,32.2,11.329000,1.0,O=CC#N,,[]
53,605.972721,0.7,0.025718,0.3,0.246900,61.3,13.622000,1.8,O=C1ON=NO1,,[]
53,612.158710,0.7,0.036943,0.9,0.155500,8.4,12.147000,1.2,O=CC=O,,[]
53,660.735473,1.0,0.028773,0.6,0.148500,5.7,18.268000,6.9,O=C1N=NON=N1,,[]
53,740.670140,1.6,0.025540,0.2,0.197700,25.7,16.955000,5.0,O=C(C#N)C#N,,[]
53,788.113621,2.2,0.051463,2.8,0.135500,2.3,14.117000,1.9,C1=NN=CN=N1,,[]
53,855.199404,3.2,0.045968,2.0,0.115100,0.7,18.951000,7.5,O=CC(=O)C=O,,[]
53,1051.290467,8.6,0.045232,1.8,0.116900,0.8,24.735000,23.1,O=CC(=O)C(=O)C#N,,[]
53,1108.489211,10.7,0.055740,4.5,0.098300,0.1,25.564000,28.3,O=CC(=O)C(=O)C=O,,[]
53,1392.890310,26.6,0.101131,29.3,0.102800,0.2,23.524000,17.6,O1C2C3C1C1N=C3OC21,,[]
53,1473.360870,34.6,0.128928,55.3,0.076600,0.0,31.632000,74.0,[O-]C(=O)CCNC=[NH2+],,[]
53,1519.009674,40.5,0.112082,38.5,0.094400,0.0,31.147000,70.9,[O-]C(=O)C1=CNC(=[NH2+])C1,,[]
53,1599.184049,50.6,0.126135,52.8,0.103500,0.2,23.509000,17.4,C1=C2C3C4C1C1C2C3N41,,[]
53,1646.564152,57.7,0.138452,65.3,0.096000,0.1,29.938000,62.3,O=C1[CH-]NC2=C1C[NH2+]C2,,[]
54,213.087785,0.0,0.021375,0.1,0.361500,98.7,6.002000,0.0,O,,[]
54,276.861573,0.1,0.034358,0.8,0.339900,97.2,6.316000,0.1,N,,[]
54,301.820762,0.1,0.016601,0.0,0.379600,99.0,6.278000,0.1,C#N,,[]
54,358.757206,0.1,0.026603,0.4,0.226300,48.9,6.413000,0.1,C=O,,[]
54,427.706065,0.3,0.020349,0.1,0.259800,67.6,10.401000,0.6,O1N=NN=N1,,[]
54,494.017501,0.4,0.015951,0.0,0.277000,75.6,10.398000,0.5,N#CC#N,,[]
54,551.957961,0.5,0.026540,0.3,0.206600,32.1,11.329000,0.9,O=CC#N,,[]
54,605.972721,0.7,0.025718,0.3,0.246900,61.3,13.622000,1.8,O=C1ON=NO1,,[]
54,612.158710,0.7,0.036943,1.0,0.155500,8.4,12.147000,1.2,O=CC=O,,[]
54,660.735473,1.0,0.028773,0.6,0.148500,5.7,18.268000,6.8,O=C1N=NON=N1,,[]
54,740.670140,1.6,0.025540,0.2,0.197700,25.7,16.955000,5.0,O=C(C#N)C#N,,[]
54,788.113621,2.2,0.051463,2.8,0.135500,2.3,14.117000,1.9,C1=NN=CN=N1,,[]
54,855.199404,3.2,0.045968,2.0,0.115100,0.7,18.951000,7.4,O=CC(=O)C=O,,[]
54,1051.290467,8.6,0.045232,1.8,0.116900,0.8,24.735000,23.0,O=CC(=O)C(=O)C#N,,[]
54,1108.489211,10.7,0.055740,4.4,0.098300,0.1,25.564000,28.1,O=CC(=O)C(=O)C=O,,[]
54,1392.890310,26.5,0.101131,29.2,0.102800,0.2,23.524000,17.4,O1C2C3C1C1N=C3OC21,,[]
54,1473.360870,34.6,0.128928,55.2,0.076600,0.0,31.632000,73.9,[O-]C(=O)CCNC=[NH2+],,[]
54,1519.009674,40.4,0.112082,38.4,0.094400,0.0,31.147000,70.8,[O-]C(=O)C1=CNC(=[NH2+])C1,,[]
54,1599.184049,50.4,0.126135,52.7,0.103500,0.2,23.509000,17.2,C1=C2C3C4C1C1C2C3N41,,[]
54,1646.564152,57.6,0.138452,65.2,0.096000,0.1,29.938000,62.2,O=C1[CH-]NC2=C1C[NH2+]C2,,[]
55,213.087785,0.0,0.021375,0.2,0.361500,98.7,6.002000,0.0,O,,[]
55,276.861573,0.1,0.034358,0.8,0.339900,97.2,6.316000,0.1,N,,[]
55,301.820762,0.1,0.016601,0.1,0.379600,99.0,6.278000,0.1,C#N,,[]
55,358.757206,0.1,0.026603,0.4,0.226300,49.0,6.413000,0.1,C=O,,[]
55,427.706065,0.3,0.020349,0.1,0.259800,67.9,10.401000,0.6,O1N=NN=N1,,[]
55,494.017501,0.4,0.015951,0.0,0.277000,75.8,10.398000,0.5,N#CC#N,,[]
55,551.957961,0.5,0.026540,0.3,0.206600,32.3,11.329000,1.0,O=CC#N,,[]
55,605.972721,0.7,0.025718,0.3,0.246900,61.4,13.622000,1.8,O=C1ON=NO1,,[]
55,612.158710,0.7,0.036943,1.0,0.155500,8.4,12.147000,1.2,O=CC=O,,[]
55,660.735473,1.0,0.028773,0.6,0.148500,5.7,18.268000,6.8,O=C1N=NON=N1,,[]
55,740.670140,1.6,0.025540,0.2,0.197700,25.8,16.955000,5.0,O=C(C#N)C#N,,[]
55,788.113621,2.2,0.051463,2.8,0.135500,2.3,14.117000,1.9,C1=NN=CN=N1,,[]
55,855.199404,3.2,0.045968,2.0,0.115100,0.7,18.951000,7.4,O=CC(=O)C=O,,[]
55,1051.290467,8.5,0.045232,1.8,0.116900,0.8,24.735000,23.0,O=CC(=O)C(=O)C#N,,[]
55,1108.489211,10.6,0.055740,4.5,0.098300,0.1,25.564000,28.0,O=CC(=O)C(=O)C=O,,[]
55,1392.890310,26.4,0.101131,29.1,0.102800,0.2,23.524000,17.4,O1C2C3C1C1N=C3OC21,,[]
55,1473.360870,34.5,0.128928,55.4,0.076600,0.0,31.632000,74.0,[O-]C(=O)CCNC=[NH2+],,[]
55,1519.009674,40.3,0.112082,38.4,0.094400,0.0,31.147000,70.9,[O-]C(=O)C1=CNC(=[NH2+])C1,,[]
55,1599.184049,50.5,0.126135,52.7,0.103500,0.2,23.509000,17.2,C1=C2C3C4C1C1C2C3N41,,[]
55,1646.564152,57.7,0.138452,65.4,0.096000,0.1,29.938000,62.3,O=C1[CH-]NC2=C1C[NH2+]C2,,[]
56,213.087785,0.0,0.021375,0.2,0.361500,98.7,6.002000,0.0,O,,[]
56,276.861573,0.1,0.034358,0.8,0.339900,97.2,6.316000,0.1,N,,[]
56,301.820762,0.1,0.016601,0.1,0.379600,99.0,6.278000,0.1,C#N,,[]
56,358.757206,0.1,0.026603,0.4,0.226300,49.1,6.413000,0.1,C=O,,[]
56,427.706065,0.3,0.020349,0.1,0.259800,68.0,10.401000,0.6,O1N=NN=N1,,[]
56,494.017501,0.4,0.015951,0.0,0.277000,75.9,10.398000,0.5,N#CC#N,,[]
56,551.957961,0.5,0.026540,0.3,0.206600,32.4,11.329000,1.0,O=CC#N,,[]
56,605.972721,0.7,0.025718,0.3,0.246900,61.5,13.622000,1.8,O=C1ON=NO1,,[]
56,612.158710,0.7,0.036943,1.0,0.155500,8.4,12.147000,1.2,O=CC=O,,[]
56,660.735473,1.0,0.028773,0.6,0.148500,5.8,18.268000,6.7,O=C1N=NON=N1,,[]
56,740.670140,1.5,0.025540,0.2,0.197700,25.8,16.955000,4.9,O=C(C#N)C#N,,[]
56,788.113621,2.2,0.051463,2.8,0.135500,2.3,14.117000,1.9,C1=NN=CN=N1,,[]
56,855.199404,3.2,0.045968,2.0,0.115100,0.7,18.951000,7.4,O=CC(=O)C=O,,[]
56,1051.290467,8.5,0.045232,1.8,0.116900,0.8,24.735000,22.9,O=CC(=O)C(=O)C#N,,[]
56,1108.489211,10.5,0.055740,4.4,0.098300,0.1,25.564000,28.0,O=CC(=O)C(=O)C=O,,[]
56,1392.890310,26.3,0.101131,29.1,0.102800,0.2,23.524000,17.4,O1C2C3C1C1N=C3OC21,,[]
56,1473.360870,34.4,0.128928,55.5,0.076600,0.0,31.632000,74.0,[O-]C(=O)CCNC=[NH2+],,[]
56,1519.009674,40.3,0.112082,38.4,0.094400,0.0,31.147000,70.9,[O-]C(=O)C1=CNC(=[NH2+])C1,,[]
56,1599.184049,50.6,0.126135,52.8,0.103500,0.2,23.509000,17.2,C1=C2C3C4C1C1C2C3N41,,[]
56,1646.564152,57.7,0.138452,65.4,0.096000,0.1,29.938000,62.3,O=C1[CH-]NC2=C1C[NH2+]C2,,[]
57,213.087785,0.0,0.021375,0.2,0.361500,98.7,6.002000,0.0,O,,[]
57,276.861573,0.1,0.034358,0.8,0.339900,97.3,6.316000,0.1,N,,[]
57,301.820762,0.1,0.016601,0.1,0.379600,99.1,6.278000,0.1,C#N,,[]
57,358.757206,0.1,0.026603,0.4,0.226300,49.1,6.413000,0.1,C=O,,[]
57,427.706065,0.3,0.020349,0.1,0.259800,68.0,10.401000,0.6,O1N=NN=N1,,[]
57,494.017501,0.4,0.015951,0.0,0.277000,75.9,10.398000,0.5,N#CC#N,,[]
57,551.957961,0.5,0.026540,0.3,0.206600,32.4,11.329000,1.0,O=CC#N,,[]
57,605.972721,0.7,0.025718,0.3,0.246900,61.5,13.622000,1.8,O=C1ON=NO1,,[]
57,612.158710,0.8,0.036943,1.0,0.155500,8.4,12.147000,1.2,O=CC=O,,[]
57,660.735473,1.0,0.028773,0.7,0.148500,5.8,18.268000,6.7,O=C1N=NON=N1,,[]
57,740.670140,1.6,0.025540,0.2,0.197700,25.8,16.955000,4.9,O=C(C#N)C#N,,[]
57,788.113621,2.2,0.051463,2.8,0.135500,2.3,14.117000,1.9,C1=NN=CN=N1,,[]
57,855.199404,3.3,0.045968,2.0,0.115100,0.7,18.951000,7.3,O=CC(=O)C=O,,[]
57,1051.290467,8.5,0.045232,1.9,0.116900,0.8,24.735000,22.8,O=CC(=O)C(=O)C#N,,[]
57,1108.489211,10.5,0.055740,4.5,0.098300,0.1,25.564000,27.8,O=CC(=O)C(=O)C=O,,[]
57,1392.890310,26.1,0.101131,28.9,0.102800,0.2,23.524000,17.3,O1C2C3C1C1N=C3OC21,,[]
57,1473.360870,34.3,0.128928,55.3,0.076600,0.0,31.632000,73.9,[O-]C(=O)CCNC=[NH2+],,[]
57,1519.009674,40.1,0.112082,38.2,0.094400,0.0,31.147000,70.8,[O-]C(=O)C1=CNC(=[NH2+])C1,,[]
57,1599.184049,50.4,0.126135,52.6,0.103500,0.2,23.509000,17.1,C1=C2C3C4C1C1C2C3N41,,[]
57,1646.564152,57.6,0.138452,65.3,0.096000,0.1,29.938000,62.1,O=C1[CH-]NC2=C1C[NH2+]C2,,[]
58,213.087785,0.0,0.021375,0.2,0.361500,98.7,6.002000,0.0,O,,[]
58,276.861573,0.1,0.034358,0.8,0.339900,97.3,6.316000,0.1,N,,[]
58,301.820762,0.1,0.016601,0.1,0.379600,99.1,6.278000,0.1,C#N,,[]
58,358.757206,0.1,0.026603,0.4,0.226300,49.1,6.413000,0.1,C=O,,[]
58,427.706065,0.3,0.020349,0.1,0.259800,68.0,10.401000,0.6,O1N=NN=N1,,[]
58,494.017501,0.4,0.015951,0.0,0.277000,75.9,10.398000,0.5,N#CC#N,,[]
58,551.957961,0.5,0.026540,0.3,0.206600,32.4,11.329000,1.0,O=CC#N,,[]
58,605.972721,0.7,0.025718,0.3,0.246900,61.5,13.622000,1.8,O=C1ON=NO1,,[]
58,612.158710,0.8,0.036943,1.0,0.155500,8.3,12.147000,1.2,O=CC=O,,[]
58,660.735473,1.0,0.028773,0.7,0.148500,5.8,18.268000,6.7,O=C1N=NON=N1,,[]
58,740.670140,1.5,0.025540,0.2,0.197700,25.9,16.955000,4.9,O=C(C#N)C#N,,[]
58,788.113621,2.2,0.051463,2.8,0.135500,2.3,14.117000,1.9,C1=NN=CN=N1,,[]
58,855.199404,3.2,0.045968,2.0,0.115100,0.7,18.951000,7.3,O=CC(=O)C=O,,[]
58,1051.290467,8.4,0.045232,1.9,0.116900,0.8,24.735000,22.7,O=CC(=O)C(=O)C#N,,[]
58,1108.489211,10.4,0.055740,4.4,0.098300,0.1,25.564000,27.7,O=CC(=O)C(=O)C=O,,[]
58,1392.890310,26.0,0.101131,28.7,0.102800,0.2,23.524000,17.2,O1C2C3C1C1N=C3OC21,,[]
58,1473.360870,34.2,0.128928,55.2,0.076600,0.0,31.632000,73.9,[O-]C(=O)CCNC=[NH2+],,[]
58,1519.009674,40.0,0.112082,38.0,0.094400,0.0,31.147000,70.8,[O-]C(=O)C1=CNC(=[NH2+])C1,,[]
58,1599.184049,50.3,0.126135,52.5,0.103500,0.2,23.509000,17.0,C1=C2C3C4C1C1C2C3N41,,[]
58,1646.564152,57.4,0.138452,65.2,0.096000,0.1,29.938000,62.1,O=C1[CH-]NC2=C1C[NH2+]C2,,[]
59,213.087785,0.0,0.021375,0.2,0.361500,98.7,6.002000,0.0,O,,[]
59,276.861573,0.1,0.034358,0.8,0.339900,97.3,6.316000,0.1,N,,[]
59,301.820762,0.1,0.016601,0.1,0.379600,99.1,6.278000,0.1,C#N,,[]
59,358.757206,0.1,0.026603,0.4,0.226300,49.2,6.413000,0.1,C=O,,[]
59,427.706065,0.3,0.020349,0.2,0.259800,68.1,10.401000,0.6,O1N=NN=N1,,[]
59,494.017501,0.4,0.015951,0.0,0.277000,75.9,10.398000,0.6,N#CC#N,,[]
59,551.957961,0.5,0.026540,0.3,0.206600,32.4,11.329000,1.0,O=CC#N,,[]
59,605.972721,0.7,0.025718,0.3,0.246900,61.6,13.622000,1.8,O=C1ON=NO1,,[]
59,612.158710,0.8,0.036943,1.0,0.155500,8.3,12.147000,1.2,O=CC=O,,[]
59,660.735473,1.0,0.028773,0.7,0.148500,5.7,18.268000,6.7,O=C1N=NON=N1,,[]
59,740.670140,1.6,0.025540,0.3,0.197700,25.9,16.955000,4.9,O=C(C#N)C#N,,[]
59,788.113621,2.2,0.051463,2.8,0.135500,2.3,14.117000,1.9,C1=NN=CN=N1,,[]
59,855.199404,3.2,0.045968,2.0,0.115100,0.7,18.951000,7.3,O=CC(=O)C=O,,[]
59,1051.290467,8.4,0.045232,1.9,0.116900,0.8,24.735000,22.9,O=CC(=O)C(=O)C#N,,[]
59,1108.489211,10.4,0.055740,4.4,0.098300,0.1,25.564000,27.8,O=CC(=O)C(=O)C=O,,[]
59,1392.890310,26.1,0.101131,28.8,0.102800,0.2,23.524000,17.3,O1C2C3C1C1N=C3OC21,,[]
59,1473.360870,34.3,0.128928,55.5,0.076600,0.0,31.632000,73.9,[O-]C(=O)CCNC=[NH2+],,[]
59,1519.009674,40.1,0.112082,38.2,0.094400,0.0,31.147000,70.9,[O-]C(=O)C1=CNC(=[NH2+])C1,,[]
59,1599.184049,50.5,0.126135,52.7,0.103500,0.2,23.509000,17.1,C1=C2C3C4C1C1C2C3N41,,[]
59,1646.564152,57.6,0.138452,65.3,0.096000,0.1,29.938000,62.2,O=C1[CH-]NC2=C1C[NH2+]C2,,[]
60,213.087785,0.0,0.021375,0.2,0.361500,98.7,6.002000,0.0,O,,[]
60,276.861573,0.1,0.034358,0.9,0.339900,97.3,6.316000,0.1,N,,[]
60,301.820762,0.1,0.016601,0.1,0.379600,99.1,6.278000,0.1,C#N,,[]
60,358.757206,0.1,0.026603,0.4,0.226300,49.1,6.413000,0.1,C=O,,[]
60,427.706065,0.4,0.020349,0.2,0.259800,68.0,10.401000,0.6,O1N=NN=N1,,[]
60,494.017501,0.5,0.015951,0.0,0.277000,75.8,10.398000,0.6,N#CC#N,,[]
60,551.957961,0.6,0.026540,0.4,0.206600,32.3,11.329000,1.0,O=CC#N,,[]
60,605.972721,0.7,0.025718,0.3,0.246900,61.5,13.622000,1.8,O=C1ON=NO1,,[]
60,612.158710,0.8,0.036943,1.0,0.155500,8.3,12.147000,1.2,O=CC=O,,[]
60,660.735473,1.0,0.028773,0.7,0.148500,5.7,18.268000,6.7,O=C1N=NON=N1,,[]
60,740.670140,1.6,0.025540,0.3,0.197700,25.8,16.955000,4.9,O=C(C#N)C#N,,[]
60,788.113621,2.2,0.051463,2.8,0.135500,2.3,14.117000,1.9,C1=NN=CN=N1,,[]
60,855.199404,3.2,0.045968,2.1,0.115100,0.7,18.951000,7.3,O=CC(=O)C=O,,[]
60,1051.290467,8.4,0.045232,1.9,0.116900,0.8,24.735000,22.8,O=CC(=O)C(=O)C#N,,[]
60,1108.489211,10.4,0.055740,4.4,0.098300,0.1,25.564000,27.7,O=CC(=O)C(=O)C=O,,[]
60,1392.890310,26.0,0.101131,28.7,0.102800,0.2,23.524000,17.3,O1C2C3C1C1N=C3OC21,,[]
60,1473.360870,34.2,0.128928,55.2,0.076600,0.0,31.632000,73.7,[O-]C(=O)CCNC=[NH2+],,[]
60,1519.009674,40.0,0.112082,38.0,0.094400,0.0,31.147000,70.7,[O-]C(=O)C1=CNC(=[NH2+])C1,,[]
60,1599.184049,50.3,0.126135,52.5,0.103500,0.2,23.509000,17.1,C1=C2C3C4C1C1C2C3N41,,[]
60,1646.564152,57.3,0.138452,65.1,0.096000,0.1,29.938000,62.1,O=C1[CH-]NC2=C1C[NH2+]C2,,[]
61,213.087785,0.0,0.021375,0.2,0.361500,98.7,6.002000,0.0,O,,[]
61,276.861573,0.0,0.034358,0.9,0.339900,97.3,6.316000,0.1,N,,[]
61,301.820762,0.1,0.016601,0.1,0.379600,99.1,6.278000,0.0,C#N,,[]
61,358.757206,0.1,0.026603,0.4,0.226300,49.0,6.413000,0.1,C=O,,[]
61,427.706065,0.4,0.020349,0.2,0.259800,67.9,10.401000,0.6,O1N=NN=N1,,[]
61,494.017501,0.5,0.015951,0.0,0.277000,75.7,10.398000,0.6,N#CC#N,,[]
61,551.957961,0.6,0.026540,0.4,0.206600,32.2,11.329000,1.0,O=CC#N,,[]
61,605.972721,0.7,0.025718,0.3,0.246900,61.3,13.622000,1.8,O=C1ON=NO1,,[]
61,612.158710,0.8,0.036943,1.0,0.155500,8.2,12.147000,1.2,O=CC=O,,[]
61,660.735473,1.0,0.028773,0.7,0.148500,5.7,18.268000,6.7,O=C1N=NON=N1,,[]
61,740.670140,1.6,0.025540,0.3,0.197700,25.8,16.955000,4.9,O=C(C#N)C#N,,[]
61,788.113621,2.2,0.051463,2.8,0.135500,2.3,14.117000,1.9,C1=NN=CN=N1,,[]
61,855.199404,3.3,0.045968,2.0,0.115100,0.7,18.951000,7.3,O=CC(=O)C=O,,[]
61,1051.290467,8.4,0.045232,1.9,0.116900,0.8,24.735000,22.8,O=CC(=O)C(=O)C#N,,[]
61,1108.489211,10.3,0.055740,4.4,0.098300,0.1,25.564000,27.6,O=CC(=O)C(=O)C=O,,[]
61,1392.890310,26.0,0.101131,28.6,0.102800,0.2,23.524000,17.3,O1C2C3C1C1N=C3OC21,,[]
61,1473.360870,34.1,0.128928,55.2,0.076600,0.0,31.632000,73.5,[O-]C(=O)CCNC=[NH2+],,[]
61,1519.009674,39.9,0.112082,38.0,0.094400,0.0,31.147000,70.6,[O-]C(=O)C1=CNC(=[NH2+])C1,,[]
61,1599.184049,50.3,0.126135,52.4,0.103500,0.2,23.509000,17.1,C1=C2C3C4C1C1C2C3N41,,[]
61,1646.564152,57.3,0.138452,65.0,0.096000,0.1,29.938000,62.0,O=C1[CH-]NC2=C1C[NH2+]C2,,[]
62,213.087785,0.0,0.021375,0.2,0.361500,98.7,6.002000,0.0,O,,[]
62,276.861573,0.1,0.034358,0.9,0.339900,97.2,6.316000,0.1,N,,[]
62,301.820762,0.1,0.016601,0.1,0.379600,99.1,6.278000,0.1,C#N,,[]
62,358.757206,0.2,0.026603,0.5,0.226300,49.0,6.413000,0.2,C=O,,[]
62,427.706065,0.4,0.020349,0.2,0.259800,67.9,10.401000,0.7,O1N=NN=N1,,[]
62,494.017501,0.5,0.015951,0.0,0.277000,75.8,10.398000,0.6,N#CC#N,,[]
62,551.957961,0.6,0.026540,0.4,0.206600,32.2,11.329000,1.0,O=CC#N,,[]
62,605.972721,0.8,0.025718,0.4,0.246900,61.3,13.622000,1.8,O=C1ON=NO1,,[]
62,612.158710,0.8,0.036943,1.1,0.155500,8.3,12.147000,1.3,O=CC=O,,[]
62,660.735473,1.0,0.028773,0.7,0.148500,5.7,18.268000,6.7,O=C1N=NON=N1,,[]
62,740.670140,1.6,0.025540,0.3,0.197700,25.8,16.955000,4.9,O=C(C#N)C#N,,[]
62,788.113621,2.2,0.051463,2.9,0.135500,2.3,14.117000,2.0,C1=NN=CN=N1,,[]
62,855.199404,3.3,0.045968,2.1,0.115100,0.7,18.951000,7.3,O=CC(=O)C=O,,[]
62,1051.290467,8.4,0.045232,1.9,0.116900,0.8,24.735000,22.7,O=CC(=O)C(=O)C#N,,[]
62,1108.489211,10.3,0.055740,4.4,0.098300,0.1,25.564000,27.6,O=CC(=O)C(=O)C=O,,[]
62,1392.890310,25.9,0.101131,28.6,0.102800,0.2,23.524000,17.3,O1C2C3C1C1N=C3OC21,,[]
62,1473.360870,34.1,0.128928,55.2,0.076600,0.0,31.632000,73.6,[O-]C(=O)CCNC=[NH2+],,[]
62,1519.009674,39.9,0.112082,38.1,0.094400,0.0,31.147000,70.6,[O-]C(=O)C1=CNC(=[NH2+])C1,,[]
62,1599.184049,50.3,0.126135,52.4,0.103500,0.2,23.509000,17.1,C1=C2C3C4C1C1C2C3N41,,[]
62,1646.564152,57.3,0.138452,65.1,0.096000,0.1,29.938000,62.0,O=C1[CH-]NC2=C1C[NH2+]C2,,[]
63,213.087785,0.0,0.021375,0.2,0.361500,98.7,6.002000,0.0,O,,[]
63,276.861573,0.1,0.034358,0.9,0.339900,97.3,6.316000,0.1,N,,[]
63,301.820762,0.1,0.016601,0.1,0.379600,99.1,6.278000,0.1,C#N,,[]
63,358.757206,0.2,0.026603,0.5,0.226300,48.9,6.413000,0.2,C=O,,[]
63,427.706065,0.4,0.020349,0.2,0.259800,67.9,10.401000,0.6,O1N=NN=N1,,[]
63,494.017501,0.5,0.015951,0.0,0.277000,75.7,10.398000,0.6,N#CC#N,,[]
63,551.957961,0.6,0.026540,0.4,0.206600,32.1,11.329000,1.0,O=CC#N,,[]
63,605.972721,0.8,0.025718,0.4,0.246900,61.3,13.622000,1.8,O=C1ON=NO1,,[]
63,612.158710,0.8,0.036943,1.1,0.155500,8.3,12.147000,1.2,O=CC=O,,[]
63,660.735473,1.0,0.028773,0.7,0.148500,5.7,18.268000,6.6,O=C1N=NON=N1,,[]
63,740.670140,1.6,0.025540,0.3,0.197700,25.8,16.955000,4.9,O=C(C#N)C#N,,[]
63,788.113621,2.2,0.051463,2.8,0.135500,2.4,14.117000,2.0,C1=NN=CN=N1,,[]
63,855.199404,3.3,0.045968,2.1,0.115100,0.7,18.951000,7.3,O=CC(=O)C=O,,[]
63,1051.290467,8.4,0.045232,1.9,0.116900,0.8,24.735000,22.6,O=CC(=O)C(=O)C#N,,[]
63,1108.489211,10.3,0.055740,4.4,0.098300,0.1,25.564000,27.4,O=CC(=O)C(=O)C=O,,[]
63,1392.890310,25.7,0.101131,28.5,0.102800,0.2,23.524000,17.2,O1C2C3C1C1N=C3OC21,,[]
63,1420.481274,28.4,0.089786,21.0,0.110600,0.5,25.344000,26.3,O1N=NC=C2C=CC=C12,,[]
63,1473.360870,34.0,0.128928,55.0,0.076600,0.0,31.632000,73.5,[O-]C(=O)CCNC=[NH2+],,[]
63,1519.009674,39.7,0.112082,37.9,0.094400,0.0,31.147000,70.5,[O-]C(=O)C1=CNC(=[NH2+])C1,,[]
63,1599.184049,50.1,0.126135,52.3,0.103500,0.2,23.509000,17.0,C1=C2C3C4C1C1C2C3N41,,[]
63,1646.564152,57.0,0.138452,64.8,0.096000,0.1,29.938000,61.9,O=C1[CH-]NC2=C1C[NH2+]C2,,[]
64,213.087785,0.0,0.021375,0.2,0.361500,98.7,6.002000,0.0,O,,[]
64,276.861573,0.1,0.034358,0.9,0.339900,97.3,6.316000,0.1,N,,[]
64,301.820762,0.1,0.016601,0.1,0.379600,99.1,6.278000,0.1,C#N,,[]
64,358.757206,0.2,0.026603,0.5,0.226300,49.0,6.413000,0.2,C=O,,[]
64,427.706065,0.4,0.020349,0.2,0.259800,67.9,10.401000,0.6,O1N=NN=N1,,[]
64,494.017501,0.5,0.015951,0.0,0.277000,75.7,10.398000,0.6,N#CC#N,,[]
64,551.957961,0.6,0.026540,0.4,0.206600,32.1,11.329000,1.0,O=CC#N,,[]
64,605.972721,0.8,0.025718,0.3,0.246900,61.2,13.622000,1.8,O=C1ON=NO1,,[]
64,612.158710,0.8,0.036943,1.1,0.155500,8.3,12.147000,1.2,O=CC=O,,[]
64,660.735473,1.0,0.028773,0.7,0.148500,5.7,18.268000,6.6,O=C1N=NON=N1,,[]
64,740.670140,1.6,0.025540,0.3,0.197700,25.9,16.955000,4.9,O=C(C#N)C#N,,[]
64,788.113621,2.3,0.051463,2.8,0.135500,2.4,14.117000,2.0,C1=NN=CN=N1,,[]
64,855.199404,3.3,0.045968,2.1,0.115100,0.7,18.951000,7.3,O=CC(=O)C=O,,[]
64,1051.290467,8.4,0.045232,1.9,0.116900,0.8,24.735000,22.5,O=CC(=O)C(=O)C#N,,[]
64,1108.489211,10.2,0.055740,4.4,0.098300,0.1,25.564000,27.4,O=CC(=O)C(=O)C=O,,[]
64,1392.890310,25.7,0.101131,28.5,0.102800,0.2,23.524000,17.2,O1C2C3C1C1N=C3OC21,,[]
64,1420.481274,28.4,0.089786,21.0,0.110600,0.5,25.344000,26.3,O1N=NC=C2C=CC=C12,,[]
64,1473.360870,34.0,0.128928,55.0,0.076600,0.0,31.632000,73.5,[O-]C(=O)CCNC=[NH2+],,[]
64,1519.009674,39.7,0.112082,37.9,0.094400,0.0,31.147000,70.5,[O-]C(=O)C1=CNC(=[NH2+])C1,,[]
64,1599.184049,50.1,0.126135,52.3,0.103500,0.2,23.509000,17.0,C1=C2C3C4C1C1C2C3N41,,[]
64,1646.564152,56.9,0.138452,64.9,0.096000,0.1,29.938000,61.8,O=C1[CH-]NC2=C1C[NH2+]C2,,[]
65,213.087785,0.0,0.021375,0.2,0.361500,98.7,6.002000,0.0,O,,[]
65,276.861573,0.1,0.034358,0.9,0.339900,97.3,6.316000,0.1,N,,[]
65,301.820762,0.1,0.016601,0.1,0.379600,99.1,6.278000,0.1,C#N,,[]
65,358.757206,0.2,0.026603,0.4,0.226300,48.9,6.413000,0.2,C=O,,[]
65,427.706065,0.4,0.020349,0.2,0.259800,67.9,10.401000,0.6,O1N=NN=N1,,[]
65,494.017501,0.5,0.015951,0.0,0.277000,75.8,10.398000,0.6,N#CC#N,,[]
65,551.957961,0.6,0.026540,0.4,0.206600,32.1,11.329000,1.0,O=CC#N,,[]
65,605.972721,0.8,0.025718,0.3,0.246900,61.3,13.622000,1.8,O=C1ON=NO1,,[]
65,612.158710,0.8,0.036943,1.1,0.155500,8.3,12.147000,1.2,O=CC=O,,[]
65,660.735473,1.0,0.028773,0.7,0.148500,5.8,18.268000,6.5,O=C1N=NON=N1,,[]
65,740.670140,1.6,0.025540,0.3,0.197700,25.8,16.955000,4.8,O=C(C#N)C#N,,[]
65,788.113621,2.2,0.051463,2.9,0.135500,2.4,14.117000,2.0,C1=NN=CN=N1,,[]
65,855.199404,3.3,0.045968,2.1,0.115100,0.7,18.951000,7.2,O=CC(=O)C=O,,[]
65,1051.290467,8.3,0.045232,1.9,0.116900,0.8,24.735000,22.4,O=CC(=O)C(=O)C#N,,[]
65,1108.489211,10.2,0.055740,4.4,0.098300,0.1,25.564000,27.3,O=CC(=O)C(=O)C=O,,[]
65,1392.890310,25.7,0.101131,28.4,0.102800,0.2,23.524000,17.1,O1C2C3C1C1N=C3OC21,,[]
65,1420.481274,28.4,0.089786,20.9,0.110600,0.5,25.344000,26.2,O1N=NC=C2C=CC=C12,,[]
65,1473.360870,33.9,0.128928,54.9,0.076600,0.0,31.632000,73.4,[O-]C(=O)CCNC=[NH2+],,[]
65,1519.009674,39.6,0.112082,37.8,0.094400,0.0,31.147000,70.4,[O-]C(=O)C1=CNC(=[NH2+])C1,,[]
65,1599.184049,50.0,0.126135,52.2,0.103500,0.2,23.509000,16.9,C1=C2C3C4C1C1C2C3N41,,[]
65,1646.564152,56.9,0.138452,64.8,0.096000,0.1,29.938000,61.8,O=C1[CH-]NC2=C1C[NH2+]C2,,[]
66,213.087785,0.0,0.021375,0.2,0.361500,98.7,6.002000,0.0,O,,[]
66,276.861573,0.1,0.034358,0.9,0.339900,97.3,6.316000,0.1,N,,[]
66,301.820762,0.1,0.016601,0.1,0.379600,99.1,6.278000,0.1,C#N,,[]
66,358.757206,0.2,0.026603,0.5,0.226300,48.9,6.413000,0.2,C=O,,[]
66,427.706065,0.4,0.020349,0.2,0.259800,67.9,10.401000,0.6,O1N=NN=N1,,[]
66,494.017501,0.5,0.015951,0.0,0.277000,75.8,10.398000,0.6,N#CC#N,,[]
66,551.957961,0.6,0.026540,0.4,0.206600,32.0,11.329000,1.0,O=CC#N,,[]
66,605.972721,0.8,0.025718,0.3,0.246900,61.2,13.622000,1.9,O=C1ON=NO1,,[]
66,612.158710,0.8,0.036943,1.1,0.155500,8.3,12.147000,1.3,O=CC=O,,[]
66,660.735473,1.1,0.028773,0.7,0.148500,5.8,18.268000,6.5,O=C1N=NON=N1,,[]
66,740.670140,1.6,0.025540,0.3,0.197700,25.8,16.955000,4.8,O=C(C#N)C#N,,[]
66,788.113621,2.3,0.051463,2.9,0.135500,2.4,14.117000,2.0,C1=NN=CN=N1,,[]
66,855.199404,3.3,0.045968,2.1,0.115100,0.7,18.951000,7.2,O=CC(=O)C=O,,[]
66,1051.290467,8.3,0.045232,1.9,0.116900,0.8,24.735000,22.3,O=CC(=O)C(=O)C#N,,[]
66,1108.489211,10.2,0.055740,4.4,0.098300,0.1,25.564000,27.2,O=CC(=O)C(=O)C=O,,[]
66,1392.890310,25.6,0.101131,28.3,0.102800,0.2,23.524000,17.1,O1C2C3C1C1N=C3OC21,,[]
66,1420.481274,28.3,0.089786,20.7,0.110600,0.5,25.344000,26.1,O1N=NC=C2C=CC=C12,,[]
66,1473.360870,33.8,0.128928,54.8,0.076600,0.0,31.632000,73.4,[O-]C(=O)CCNC=[NH2+],,[]
66,1519.009674,39.5,0.112082,37.8,0.094400,0.0,31.147000,70.4,[O-]C(=O)C1=CNC(=[NH2+])C1,,[]
66,1599.184049,49.9,0.126135,52.1,0.103500,0.2,23.509000,16.9,C1=C2C3C4C1C1C2C3N41,,[]
66,1646.564152,56.7,0.138452,64.7,0.096000,0.1,29.938000,61.6,O=C1[CH-]NC2=C1C[NH2+]C2,,[]
67,213.087785,0.0,0.021375,0.2,0.361500,98.7,6.002000,0.0,O,,[]
67,276.861573,0.1,0.034358,0.9,0.339900,97.3,6.316000,0.1,N,,[]
67,301.820762,0.1,0.016601,0.1,0.379600,99.1,6.278000,0.1,C#N,,[]
67,358.757206,0.2,0.026603,0.5,0.226300,48.9,6.413000,0.2,C=O,,[]
67,427.706065,0.4,0.020349,0.2,0.259800,67.8,10.401000,0.6,O1N=NN=N1,,[]
67,494.017501,0.5,0.015951,0.0,0.277000,75.6,10.398000,0.6,N#CC#N,,[]
67,551.957961,0.6,0.026540,0.4,0.206600,32.0,11.329000,1.0,O=CC#N,,[]
67,605.972721,0.8,0.025718,0.3,0.246900,61.2,13.622000,1.8,O=C1ON=NO1,,[]
67,612.158710,0.8,0.036943,1.1,0.155500,8.3,12.147000,1.2,O=CC=O,,[]
67,660.735473,1.0,0.028773,0.7,0.148500,5.8,18.268000,6.4,O=C1N=NON=N1,,[]
67,740.670140,1.6,0.025540,0.3,0.197700,25.8,16.955000,4.7,O=C(C#N)C#N,,[]
67,788.113621,2.2,0.051463,2.9,0.135500,2.4,14.117000,1.9,C1=NN=CN=N1,,[]
67,855.199404,3.2,0.045968,2.1,0.115100,0.7,18.951000,7.1,O=CC(=O)C=O,,[]
67,1051.290467,8.2,0.045232,1.9,0.116900,0.8,24.735000,22.2,O=CC(=O)C(=O)C#N,,[]
67,1108.489211,10.1,0.055740,4.4,0.098300,0.1,25.564000,27.0,O=CC(=O)C(=O)C=O,,[]
67,1392.890310,25.6,0.101131,28.2,0.102800,0.2,23.524000,16.9,O1C2C3C1C1N=C3OC21,,[]
67,1420.481274,28.2,0.089786,20.7,0.110600,0.5,25.344000,25.9,O1N=NC=C2C=CC=C12,,[]
67,1473.360870,33.8,0.128928,54.8,0.076600,0.0,31.632000,73.3,[O-]C(=O)CCNC=[NH2+],,[]
67,1519.009674,39.4,0.112082,37.7,0.094400,0.0,31.147000,70.3,[O-]C(=O)C1=CNC(=[NH2+])C1,,[]
67,1599.184049,49.9,0.126135,52.1,0.103500,0.2,23.509000,16.8,C1=C2C3C4C1C1C2C3N41,,[]
67,1646.564152,56.7,0.138452,64.6,0.096000,0.1,29.938000,61.7,O=C1[CH-]NC2=C1C[NH2+]C2,,[]
68,213.087785,0.0,0.021375,0.2,0.361500,98.7,6.002000,0.0,O,,[]
68,276.861573,0.1,0.034358,0.9,0.339900,97.3,6.316000,0.1,N,,[]
68,301.820762,0.1,0.016601,0.1,0.379600,99.1,6.278000,0.1,C#N,,[]
68,358.757206,0.1,0.026603,0.4,0.226300,48.9,6.413000,0.1,C=O,,[]
68,427.706065,0.4,0.020349,0.2,0.259800,67.8,10.401000,0.6,O1N=NN=N1,,[]
68,494.017501,0.5,0.015951,0.0,0.277000,75.7,10.398000,0.5,N#CC#N,,[]
68,551.957961,0.5,0.026540,0.4,0.206600,32.0,11.329000,1.0,O=CC#N,,[]
68,605.972721,0.8,0.025718,0.3,0.246900,61.1,13.622000,1.8,O=C1ON=NO1,,[]
68,612.158710,0.8,0.036943,1.1,0.155500,8.3,12.147000,1.2,O=CC=O,,[]
68,660.735473,1.0,0.028773,0.7,0.148500,5.7,18.268000,6.4,O=C1N=NON=N1,,[]
68,740.670140,1.6,0.025540,0.3,0.197700,25.8,16.955000,4.7,O=C(C#N)C#N,,[]
68,788.113621,2.2,0.051463,2.9,0.135500,2.4,14.117000,1.9,C1=NN=CN=N1,,[]
68,855.199404,3.2,0.045968,2.1,0.115100,0.7,18.951000,7.1,O=CC(=O)C=O,,[]
68,1051.290467,8.2,0.045232,1.9,0.116900,0.8,24.735000,22.2,O=CC(=O)C(=O)C#N,,[]
68,1108.489211,10.1,0.055740,4.4,0.098300,0.1,25.564000,26.9,O=CC(=O)C(=O)C=O,,[]
68,1392.890310,25.5,0.101131,28.2,0.102800,0.2,23.524000,16.8,O1C2C3C1C1N=C3OC21,,[]
68,1420.481274,28.2,0.089786,20.6,0.110600,0.5,25.344000,25.9,O1N=NC=C2C=CC=C12,,[]
68,1473.360870,33.7,0.128928,54.7,0.076600,0.0,31.632000,73.3,[O-]C(=O)CCNC=[NH2+],,[]
68,1519.009674,39.4,0.112082,37.7,0.094400,0.0,31.147000,70.3,[O-]C(=O)C1=CNC(=[NH2+])C1,,[]
68,1599.184049,49.8,0.126135,52.0,0.103500,0.2,23.509000,16.7,C1=C2C3C4C1C1C2C3N41,,[]
68,1646.564152,56.6,0.138452,64.6,0.096000,0.1,29.938000,61.6,O=C1[CH-]NC2=C1C[NH2+]C2,,[]
69,213.087785,0.0,0.021375,0.2,0.361500,98.8,6.002000,0.0,O,,[]
69,276.861573,0.1,0.034358,0.9,0.339900,97.4,6.316000,0.1,N,,[]
69,301.820762,0.1,0.016601,0.1,0.379600,99.1,6.278000,0.1,C#N,,[]
69,358.757206,0.1,0.026603,0.4,0.226300,48.9,6.413000,0.1,C=O,,[]
69,427.706065,0.4,0.020349,0.2,0.259800,67.9,10.401000,0.6,O1N=NN=N1,,[]
69,494.017501,0.5,0.015951,0.0,0.277000,75.7,10.398000,0.5,N#CC#N,,[]
69,551.957961,0.5,0.026540,0.4,0.206600,32.0,11.329000,1.0,O=CC#N,,[]
69,605.972721,0.8,0.025718,0.3,0.246900,61.2,13.622000,1.8,O=C1ON=NO1,,[]
69,612.158710,0.8,0.036943,1.1,0.155500,8.3,12.147000,1.2,O=CC=O,,[]
69,660.735473,1.0,0.028773,0.7,0.148500,5.8,18.268000,6.4,O=C1N=NON=N1,,[]
69,740.670140,1.6,0.025540,0.3,0.197700,25.8,16.955000,4.7,O=C(C#N)C#N,,[]
69,788.113621,2.2,0.051463,2.9,0.135500,2.5,14.117000,1.9,C1=NN=CN=N1,,[]
69,855.199404,3.2,0.045968,2.1,0.115100,0.7,18.951000,7.1,O=CC(=O)C=O,,[]
69,1051.290467,8.2,0.045232,1.9,0.116900,0.8,24.735000,22.1,O=CC(=O)C(=O)C#N,,[]
69,1108.489211,10.0,0.055740,4.4,0.098300,0.1,25.564000,26.9,O=CC(=O)C(=O)C=O,,[]
69,1392.890310,25.4,0.101131,28.2,0.102800,0.2,23.524000,16.8,O1C2C3C1C1N=C3OC21,,[]
69,1420.481274,28.1,0.089786,20.6,0.110600,0.5,25.344000,25.8,O1N=NC=C2C=CC=C12,,[]
69,1473.360870,33.7,0.128928,54.7,0.076600,0.0,31.632000,73.1,[O-]C(=O)CCNC=[NH2+],,[]
69,1519.009674,39.4,0.112082,37.6,0.094400,0.0,31.147000,70.2,[O-]C(=O)C1=CNC(=[NH2+])C1,,[]
69,1599.184049,49.8,0.126135,52.0,0.103500,0.2,23.509000,16.6,C1=C2C3C4C1C1C2C3N41,,[]
69,1646.564152,56.6,0.138452,64.5,0.096000,0.1,29.938000,61.5,O=C1[CH-]NC2=C1C[NH2+]C2,,[]
70,213.087785,0.0,0.021375,0.2,0.361500,98.7,6.002000,0.0,O,,[]
70,276.861573,0.1,0.034358,0.9,0.339900,97.3,6.316000,0.1,N,,[]
70,301.820762,0.1,0.016601,0.1,0.379600,99.1,6.278000,0.1,C#N,,[]
70,358.757206,0.1,0.026603,0.4,0.226300,49.0,6.413000,0.1,C=O,,[]
70,427.706065,0.3,0.020349,0.2,0.259800,67.9,10.401000,0.6,O1N=NN=N1,,[]
70,494.017501,0.4,0.015951,0.0,0.277000,75.7,10.398000,0.5,N#CC#N,,[]
70,551.957961,0.5,0.026540,0.3,0.206600,32.0,11.329000,1.0,O=CC#N,,[]
70,605.972721,0.8,0.025718,0.3,0.246900,61.2,13.622000,1.8,O=C1ON=NO1,,[]
70,612.158710,0.8,0.036943,1.1,0.155500,8.3,12.147000,1.2,O=CC=O,,[]
70,660.735473,1.0,0.028773,0.7,0.148500,5.8,18.268000,6.3,O=C1N=NON=N1,,[]
70,740.670140,1.6,0.025540,0.3,0.197700,25.8,16.955000,4.7,O=C(C#N)C#N,,[]
70,788.113621,2.2,0.051463,2.9,0.135500,2.5,14.117000,1.9,C1=NN=CN=N1,,[]
70,855.199404,3.2,0.045968,2.1,0.115100,0.7,18.951000,7.0,O=CC(=O)C=O,,[]
70,1051.290467,8.1,0.045232,1.9,0.116900,0.8,24.735000,22.1,O=CC(=O)C(=O)C#N,,[]
70,1108.489211,9.9,0.055740,4.4,0.098300,0.1,25.564000,26.9,O=CC(=O)C(=O)C=O,,[]
70,1392.890310,25.3,0.101131,28.1,0.102800,0.2,23.524000,16.8,O1C2C3C1C1N=C3OC21,,[]
70,1420.481274,28.0,0.089786,20.5,0.110600,0.5,25.344000,25.8,O1N=NC=C2C=CC=C12,,[]
70,1473.360870,33.7,0.128928,54.8,0.076600,0.0,31.632000,73.2,[O-]C(=O)CCNC=[NH2+],,[]
70,1519.009674,39.4,0.112082,37.6,0.094400,0.0,31.147000,70.2,[O-]C(=O)C1=CNC(=[NH2+])C1,,[]
70,1599.184049,49.8,0.126135,52.0,0.103500,0.2,23.509000,16.6,C1=C2C3C4C1C1C2C3N41,,[]
70,1646.564152,56.7,0.138452,64.5,0.096000,0.1,29.938000,61.5,O=C1[CH-]NC2=C1C[NH2+]C2,,[]
71,213.087785,0.0,0.021375,0.2,0.361500,98.7,6.002000,0.0,O,,[]
71,276.861573,0.1,0.034358,0.9,0.339900,97.3,6.316000,0.1,N,,[]
71,301.820762,0.1,0.016601,0.1,0.379600,99.1,6.278000,0.1,C#N,,[]
71,358.757206,0.2,0.026603,0.4,0.226300,49.0,6.413000,0.2,C=O,,[]
71,427.706065,0.4,0.020349,0.2,0.259800,67.9,10.401000,0.6,O1N=NN=N1,,[]
71,494.017501,0.5,0.015951,0.0,0.277000,75.7,10.398000,0.6,N#CC#N,,[]
71,551.957961,0.5,0.026540,0.4,0.206600,32.1,11.329000,1.0,O=CC#N,,[]
71,605.972721,0.8,0.025718,0.3,0.246900,61.1,13.622000,1.8,O=C1ON=NO1,,[]
71,612.158710,0.8,0.036943,1.1,0.155500,8.4,12.147000,1.2,O=CC=O,,[]
71,660.735473,1.0,0.028773,0.7,0.148500,5.8,18.268000,6.3,O=C1N=NON=N1,,[]
71,740.670140,1.6,0.025540,0.3,0.197700,25.8,16.955000,4.7,O=C(C#N)C#N,,[]
71,788.113621,2.2,0.051463,2.9,0.135500,2.5,14.117000,1.9,C1=NN=CN=N1,,[]
71,855.199404,3.2,0.045968,2.1,0.115100,0.7,18.951000,6.9,O=CC(=O)C=O,,[]
71,1051.290467,8.0,0.045232,1.9,0.116900,0.8,24.735000,21.9,O=CC(=O)C(=O)C#N,,[]
71,1108.489211,9.8,0.055740,4.4,0.098300,0.1,25.564000,26.7,O=CC(=O)C(=O)C=O,,[]
71,1392.890310,25.2,0.101131,28.0,0.102800,0.2,23.524000,16.6,O1C2C3C1C1N=C3OC21,,[]
71,1420.481274,27.9,0.089786,20.4,0.110600,0.5,25.344000,25.6,O1N=NC=C2C=CC=C12,,[]
71,1473.360870,33.7,0.128928,54.7,0.076600,0.0,31.632000,73.1,[O-]C(=O)CCNC=[NH2+],,[]
71,1519.009674,39.3,0.112082,37.5,0.094400,0.0,31.147000,70.1,[O-]C(=O)C1=CNC(=[NH2+])C1,,[]
71,1599.184049,49.8,0.126135,52.0,0.103500,0.2,23.509000,16.4,C1=C2C3C4C1C1C2C3N41,,[]
71,1646.564152,56.6,0.138452,64.5,0.096000,0.1,29.938000,61.3,O=C1[CH-]NC2=C1C[NH2+]C2,,[]
72,213.087785,0.0,0.021375,0.2,0.361500,98.7,6.002000,0.0,O,,[]
72,276.861573,0.1,0.034358,0.9,0.339900,97.3,6.316000,0.1,N,,[]
72,301.820762,0.1,0.016601,0.1,0.379600,99.1,6.278000,0.1,C#N,,[]
72,358.757206,0.2,0.026603,0.4,0.226300,48.9,6.413000,0.2,C=O,,[]
72,427.706065,0.3,0.020349,0.2,0.259800,67.8,10.401000,0.6,O1N=NN=N1,,[]
72,494.017501,0.4,0.015951,0.0,0.277000,75.6,10.398000,0.5,N#CC#N,,[]
72,551.957961,0.5,0.026540,0.3,0.206600,32.0,11.329000,1.0,O=CC#N,,[]
72,605.972721,0.8,0.025718,0.3,0.246900,61.1,13.622000,1.7,O=C1ON=NO1,,[]
72,612.158710,0.8,0.036943,1.1,0.155500,8.4,12.147000,1.2,O=CC=O,,[]
72,660.735473,1.0,0.028773,0.7,0.148500,5.8,18.268000,6.2,O=C1N=NON=N1,,[]
72,740.670140,1.5,0.025540,0.3,0.197700,25.8,16.955000,4.6,O=C(C#N)C#N,,[]
72,788.113621,2.2,0.051463,2.9,0.135500,2.5,14.117000,1.8,C1=NN=CN=N1,,[]
72,855.199404,3.1,0.045968,2.1,0.115100,0.7,18.951000,6.9,O=CC(=O)C=O,,[]
72,1051.290467,8.0,0.045232,1.9,0.116900,0.8,24.735000,21.8,O=CC(=O)C(=O)C#N,,[]
72,1108.489211,9.8,0.055740,4.3,0.098300,0.1,25.564000,26.6,O=CC(=O)C(=O)C=O,,[]
72,1392.890310,25.1,0.101131,28.0,0.102800,0.2,23.524000,16.6,O1C2C3C1C1N=C3OC21,,[]
72,1420.481274,27.8,0.089786,20.4,0.110600,0.5,25.344000,25.5,O1N=NC=C2C=CC=C12,,[]
72,1473.360870,33.7,0.128928,54.6,0.076600,0.0,31.632000,72.9,[O-]C(=O)CCNC=[NH2+],,[]
72,1519.009674,39.3,0.112082,37.6,0.094400,0.0,31.147000,69.9,[O-]C(=O)C1=CNC(=[NH2+])C1,,[]
72,1599.184049,49.8,0.126135,51.9,0.103500,0.2,23.509000,16.4,C1=C2C3C4C1C1C2C3N41,,[]
72,1646.564152,56.5,0.138452,64.4,0.096000,0.1,29.938000,61.2,O=C1[CH-]NC2=C1C[NH2+]C2,,[]
73,213.087785,0.0,0.021375,0.2,0.361500,98.7,6.002000,0.0,O,,[]
73,276.861573,0.1,0.034358,0.9,0.339900,97.3,6.316000,0.1,N,,[]
73,301.820762,0.1,0.016601,0.1,0.379600,99.1,6.278000,0.1,C#N,,[]
73,358.757206,0.2,0.026603,0.4,0.226300,48.8,6.413000,0.2,C=O,,[]
73,427.706065,0.3,0.020349,0.2,0.259800,67.7,10.401000,0.6,O1N=NN=N1,,[]
73,494.017501,0.5,0.015951,0.0,0.277000,75.5,10.398000,0.6,N#CC#N,,[]
73,551.957961,0.5,0.026540,0.3,0.206600,32.0,11.329000,1.0,O=CC#N,,[]
73,605.972721,0.8,0.025718,0.3,0.246900,60.9,13.622000,1.8,O=C1ON=NO1,,[]
73,612.158710,0.8,0.036943,1.1,0.155500,8.3,12.147000,1.2,O=CC=O,,[]
73,660.735473,1.0,0.028773,0.7,0.148500,5.8,18.268000,6.2,O=C1N=NON=N1,,[]
73,740.670140,1.5,0.025540,0.3,0.197700,25.8,16.955000,4.6,O=C(C#N)C#N,,[]
73,788.113621,2.2,0.051463,2.9,0.135500,2.6,14.117000,1.9,C1=NN=CN=N1,,[]
73,855.199404,3.2,0.045968,2.1,0.115100,0.7,18.951000,6.9,O=CC(=O)C=O,,[]
73,1051.290467,8.0,0.045232,1.9,0.116900,0.8,24.735000,21.8,O=CC(=O)C(=O)C#N,,[]
73,1108.489211,9.7,0.055740,4.4,0.098300,0.1,25.564000,26.5,O=CC(=O)C(=O)C=O,,[]
73,1392.890310,25.0,0.101131,28.0,0.102800,0.2,23.524000,16.5,O1C2C3C1C1N=C3OC21,,[]
73,1420.481274,27.7,0.089786,20.3,0.110600,0.5,25.344000,25.5,O1N=NC=C2C=CC=C12,,[]
73,1473.360870,33.6,0.128928,54.6,0.076600,0.0,31.632000,72.9,[O-]C(=O)CCNC=[NH2+],,[]
73,1519.009674,39.4,0.112082,37.5,0.094400,0.0,31.147000,69.8,[O-]C(=O)C1=CNC(=[NH2+])C1,,[]
73,1599.184049,49.8,0.126135,51.9,0.103500,0.2,23.509000,16.3,C1=C2C3C4C1C1C2C3N41,,[]
73,1646.564152,56.5,0.138452,64.4,0.096000,0.1,29.938000,61.1,O=C1[CH-]NC2=C1C[NH2+]C2,,[]
74,213.087785,0.0,0.021375,0.2,0.361500,98.7,6.002000,0.0,O,,[]
74,276.861573,0.1,0.034358,0.9,0.339900,97.3,6.316000,0.1,N,,[]
74,301.820762,0.1,0.016601,0.1,0.379600,99.1,6.278000,0.1,C#N,,[]
74,358.757206,0.1,0.026603,0.4,0.226300,48.7,6.413000,0.1,C=O,,[]
74,427.706065,0.3,0.020349,0.1,0.259800,67.8,10.401000,0.6,O1N=NN=N1,,[]
74,494.017501,0.5,0.015951,0.0,0.277000,75.6,10.398000,0.5,N#CC#N,,[]
74,551.957961,0.5,0.026540,0.4,0.206600,32.0,11.329000,1.0,O=CC#N,,[]
74,605.972721,0.8,0.025718,0.3,0.246900,60.9,13.622000,1.8,O=C1ON=NO1,,[]
74,612.158710,0.8,0.036943,1.1,0.155500,8.4,12.147000,1.2,O=CC=O,,[]
74,660.735473,1.0,0.028773,0.7,0.148500,5.8,18.268000,6.2,O=C1N=NON=N1,,[]
74,740.670140,1.6,0.025540,0.3,0.197700,25.8,16.955000,4.6,O=C(C#N)C#N,,[]
74,788.113621,2.2,0.051463,2.9,0.135500,2.6,14.117000,1.9,C1=NN=CN=N1,,[]
74,855.199404,3.2,0.045968,2.1,0.115100,0.7,18.951000,6.8,O=CC(=O)C=O,,[]
74,1051.290467,7.9,0.045232,1.9,0.116900,0.8,24.735000,21.7,O=CC(=O)C(=O)C#N,,[]
74,1108.489211,9.7,0.055740,4.3,0.098300,0.1,25.564000,26.5,O=CC(=O)C(=O)C=O,,[]
74,1392.890310,24.9,0.101131,27.9,0.102800,0.2,23.524000,16.5,O1C2C3C1C1N=C3OC21,,[]
74,1420.481274,27.7,0.089786,20.2,0.110600,0.5,25.344000,25.4,O1N=NC=C2C=CC=C12,,[]
74,1473.360870,33.6,0.128928,54.6,0.076600,0.0,31.632000,72.8,[O-]C(=O)CCNC=[NH2+],,[]
74,1519.009674,39.3,0.112082,37.5,0.094400,0.0,31.147000,69.7,[O-]C(=O)C1=CNC(=[NH2+])C1,,[]
74,1599.184049,49.8,0.126135,51.8,0.103500,0.2,23.509000,16.3,C1=C2C3C4C1C1C2C3N41,,[]
74,1646.564152,56.5,0.138452,64.3,0.096000,0.1,29.938000,61.0,O=C1[CH-]NC2=C1C[NH2+]C2,,[]
75,213.087785,0.0,0.021375,0.2,0.361500,98.7,6.002000,0.0,O,,[]
75,276.861573,0.1,0.034358,0.9,0.339900,97.3,6.316000,0.1,N,,[]
75,301.820762,0.1,0.016601,0.1,0.379600,99.1,6.278000,0.1,C#N,,[]
75,358.757206,0.1,0.026603,0.4,0.226300,48.7,6.413000,0.1,C=O,,[]
75,427.706065,0.3,0.020349,0.2,0.259800,67.8,10.401000,0.6,O1N=NN=N1,,[]
75,494.017501,0.5,0.015951,0.0,0.277000,75.6,10.398000,0.5,N#CC#N,,[]
75,551.957961,0.6,0.026540,0.4,0.206600,32.0,11.329000,1.0,O=CC#N,,[]
75,605.972721,0.8,0.025718,0.3,0.246900,60.9,13.622000,1.8,O=C1ON=NO1,,[]
75,612.158710,0.8,0.036943,1.1,0.155500,8.3,12.147000,1.2,O=CC=O,,[]
75,660.735473,1.0,0.028773,0.7,0.148500,5.8,18.268000,6.2,O=C1N=NON=N1,,[]
75,740.670140,1.6,0.025540,0.3,0.197700,25.8,16.955000,4.6,O=C(C#N)C#N,,[]
75,788.113621,2.2,0.051463,2.9,0.135500,2.6,14.117000,1.9,C1=NN=CN=N1,,[]
75,855.199404,3.2,0.045968,2.1,0.115100,0.7,18.951000,6.8,O=CC(=O)C=O,,[]
75,1051.290467,7.9,0.045232,1.9,0.116900,0.8,24.735000,21.7,O=CC(=O)C(=O)C#N,,[]
75,1108.489211,9.7,0.055740,4.3,0.098300,0.1,25.564000,26.5,O=CC(=O)C(=O)C=O,,[]
75,1392.890310,24.8,0.101131,27.8,0.102800,0.2,23.524000,16.5,O1C2C3C1C1N=C3OC21,,[]
75,1420.481274,27.5,0.089786,20.1,0.110600,0.5,25.344000,25.4,O1N=NC=C2C=CC=C12,,[]
75,1473.360870,33.5,0.128928,54.6,0.076600,0.0,31.632000,72.8,[O-]C(=O)CCNC=[NH2+],,[]
75,1519.009674,39.3,0.112082,37.4,0.094400,0.0,31.147000,69.7,[O-]C(=O)C1=CNC(=[NH2+])C1,,[]
75,1599.184049,49.7,0.126135,51.8,0.103500,0.2,23.509000,16.2,C1=C2C3C4C1C1C2C3N41,,[]
75,1646.564152,56.5,0.138452,64.4,0.096000,0.1,29.938000,61.0,O=C1[CH-]NC2=C1C[NH2+]C2,,[]
76,213.087785,0.0,0.021375,0.2,0.361500,98.7,6.002000,0.0,O,,[]
76,276.861573,0.1,0.034358,0.9,0.339900,97.2,6.316000,0.1,N,,[]
76,301.820762,0.1,0.016601,0.1,0.379600,99.1,6.278000,0.1,C#N,,[]
76,358.757206,0.1,0.026603,0.4,0.226300,48.7,6.413000,0.1,C=O,,[]
76,427.706065,0.3,0.020349,0.2,0.259800,67.8,10.401000,0.6,O1N=NN=N1,,[]
76,494.017501,0.5,0.015951,0.0,0.277000,75.6,10.398000,0.5,N#CC#N,,[]
76,551.957961,0.5,0.026540,0.4,0.206600,32.0,11.329000,1.0,O=CC#N,,[]
76,605.972721,0.8,0.025718,0.3,0.246900,60.8,13.622000,1.8,O=C1ON=NO1,,[]
76,612.158710,0.8,0.036943,1.1,0.155500,8.3,12.147000,1.2,O=CC=O,,[]
76,660.735473,1.0,0.028773,0.7,0.148500,5.8,18.268000,6.2,O=C1N=NON=N1,,[]
76,740.670140,1.5,0.025540,0.3,0.197700,25.8,16.955000,4.6,O=C(C#N)C#N,,[]
76,788.113621,2.2,0.051463,2.9,0.135500,2.6,14.117000,1.9,C1=NN=CN=N1,,[]
76,855.199404,3.2,0.045968,2.1,0.115100,0.7,18.951000,6.8,O=CC(=O)C=O,,[]
76,1051.290467,7.9,0.045232,1.9,0.116900,0.8,24.735000,21.7,O=CC(=O)C(=O)C#N,,[]
76,1108.489211,9.7,0.055740,4.3,0.098300,0.1,25.564000,26.5,O=CC(=O)C(=O)C=O,,[]
76,1392.890310,24.7,0.101131,27.7,0.102800,0.2,23.524000,16.4,O1C2C3C1C1N=C3OC21,,[]
76,1420.481274,27.4,0.089786,20.0,0.110600,0.5,25.344000,25.4,O1N=NC=C2C=CC=C12,,[]
76,1473.360870,33.4,0.128928,54.6,0.076600,0.0,31.632000,72.8,[O-]C(=O)CCNC=[NH2+],,[]
76,1519.009674,39.1,0.112082,37.2,0.094400,0.0,31.147000,69.6,[O-]C(=O)C1=CNC(=[NH2+])C1,,[]
76,1599.184049,49.6,0.126135,51.8,0.103500,0.2,23.509000,16.2,C1=C2C3C4C1C1C2C3N41,,[]
76,1646.564152,56.4,0.138452,64.3,0.096000,0.1,29.938000,61.0,O=C1[CH-]NC2=C1C[NH2+]C2,,[]
77,213.087785,0.0,0.021375,0.2,0.361500,98.7,6.002000,0.0,O,,[]
77,276.861573,0.1,0.034358,0.9,0.339900,97.3,6.316000,0.1,N,,[]
77,301.820762,0.1,0.016601,0.1,0.379600,99.1,6.278000,0.1,C#N,,[]
77,358.757206,0.2,0.026603,0.4,0.226300,48.7,6.413000,0.2,C=O,,[]
77,427.706065,0.3,0.020349,0.2,0.259800,67.7,10.401000,0.6,O1N=NN=N1,,[]
77,494.017501,0.5,0.015951,0.0,0.277000,75.6,10.398000,0.5,N#CC#N,,[]
77,551.957961,0.5,0.026540,0.4,0.206600,32.0,11.329000,1.0,O=CC#N,,[]
77,605.972721,0.8,0.025718,0.3,0.246900,60.8,13.622000,1.8,O=C1ON=NO1,,[]
77,612.158710,0.8,0.036943,1.1,0.155500,8.3,12.147000,1.2,O=CC=O,,[]
77,660.735473,1.0,0.028773,0.7,0.148500,5.8,18.268000,6.2,O=C1N=NON=N1,,[]
77,740.670140,1.6,0.025540,0.3,0.197700,25.8,16.955000,4.6,O=C(C#N)C#N,,[]
77,788.113621,2.2,0.051463,2.9,0.135500,2.6,14.117000,1.9,C1=NN=CN=N1,,[]
77,855.199404,3.2,0.045968,2.1,0.115100,0.7,18.951000,6.8,O=CC(=O)C=O,,[]
77,1051.290467,7.9,0.045232,1.9,0.116900,0.8,24.735000,21.6,O=CC(=O)C(=O)C#N,,[]
77,1108.489211,9.6,0.055740,4.3,0.098300,0.1,25.564000,26.3,O=CC(=O)C(=O)C=O,,[]
77,1392.890310,24.5,0.101131,27.6,0.102800,0.2,23.524000,16.3,O1C2C3C1C1N=C3OC21,,[]
77,1420.481274,27.3,0.089786,20.0,0.110600,0.5,25.344000,25.3,O1N=NC=C2C=CC=C12,,[]
77,1473.360870,33.2,0.128928,54.5,0.076600,0.0,31.632000,72.7,[O-]C(=O)CCNC=[NH2+],,[]
77,1519.009674,38.9,0.112082,37.1,0.094400,0.0,31.147000,69.6,[O-]C(=O)C1=CNC(=[NH2+])C1,,[]
77,1599.184049,49.6,0.126135,51.7,0.103500,0.2,23.509000,16.1,C1=C2C3C4C1C1C2C3N41,,[]
77,1646.564152,56.3,0.138452,64.2,0.096000,0.1,29.938000,60.9,O=C1[CH-]NC2=C1C[NH2+]C2,,[]
78,213.087785,0.0,0.021375,0.2,0.361500,98.7,6.002000,0.0,O,,[]
78,276.861573,0.1,0.034358,0.9,0.339900,97.3,6.316000,0.1,N,,[]
78,301.820762,0.1,0.016601,0.1,0.379600,99.1,6.278000,0.1,C#N,,[]
78,358.757206,0.2,0.026603,0.4,0.226300,48.6,6.413000,0.2,C=O,,[]
78,427.706065,0.3,0.020349,0.2,0.259800,67.7,10.401000,0.6,O1N=NN=N1,,[]
78,494.017501,0.5,0.015951,0.0,0.277000,75.5,10.398000,0.5,N#CC#N,,[]
78,551.957961,0.6,0.026540,0.4,0.206600,32.0,11.329000,1.0,O=CC#N,,[]
78,605.972721,0.8,0.025718,0.3,0.246900,60.7,13.622000,1.8,O=C1ON=NO1,,[]
78,612.158710,0.8,0.036943,1.1,0.155500,8.3,12.147000,1.2,O=CC=O,,[]
78,660.735473,1.0,0.028773,0.7,0.148500,5.8,18.268000,6.2,O=C1N=NON=N1,,[]
78,740.670140,1.6,0.025540,0.3,0.197700,25.8,16.955000,4.6,O=C(C#N)C#N,,[]
78,788.113621,2.2,0.051463,2.8,0.135500,2.6,14.117000,1.9,C1=NN=CN=N1,,[]
78,855.199404,3.2,0.045968,2.1,0.115100,0.7,18.951000,6.8,O=CC(=O)C=O,,[]
78,1051.290467,7.8,0.045232,1.9,0.116900,0.8,24.735000,21.5,O=CC(=O)C(=O)C#N,,[]
78,1108.489211,9.5,0.055740,4.3,0.098300,0.1,25.564000,26.2,O=CC(=O)C(=O)C=O,,[]
78,1392.890310,24.5,0.101131,27.5,0.102800,0.2,23.524000,16.3,O1C2C3C1C1N=C3OC21,,[]
78,1420.481274,27.2,0.089786,19.9,0.110600,0.5,25.344000,25.2,O1N=NC=C2C=CC=C12,,[]
78,1473.360870,33.1,0.128928,54.3,0.076600,0.0,31.632000,72.5,[O-]C(=O)CCNC=[NH2+],,[]
78,1519.009674,38.8,0.112082,37.0,0.094400,0.0,31.147000,69.4,[O-]C(=O)C1=CNC(=[NH2+])C1,,[]
78,1577.996192,46.6,0.126623,52.5,0.095500,0.1,28.254000,47.5,[O-]C1=COC2=C1C[NH2+]C2,,[]
78,1599.184049,49.5,0.126135,51.5,0.103500,0.2,23.509000,16.0,C1=C2C3C4C1C1C2C3N41,,[]
79,213.087785,0.0,0.021375,0.2,0.361500,98.7,6.002000,0.0,O,,[]
79,276.861573,0.1,0.034358,0.9,0.339900,97.3,6.316000,0.2,N,,[]
79,301.820762,0.1,0.016601,0.1,0.379600,99.1,6.278000,0.1,C#N,,[]
79,358.757206,0.2,0.026603,0.4,0.226300,48.6,6.413000,0.2,C=O,,[]
79,427.706065,0.3,0.020349,0.2,0.259800,67.7,10.401000,0.6,O1N=NN=N1,,[]
79,494.017501,0.5,0.015951,0.0,0.277000,75.5,10.398000,0.5,N#CC#N,,[]
79,551.957961,0.6,0.026540,0.4,0.206600,31.9,11.329000,1.0,O=CC#N,,[]
79,605.972721,0.8,0.025718,0.3,0.246900,60.7,13.622000,1.8,O=C1ON=NO1,,[]
79,612.158710,0.8,0.036943,1.1,0.155500,8.3,12.147000,1.2,O=CC=O,,[]
79,660.735473,1.0,0.028773,0.7,0.148500,5.8,18.268000,6.1,O=C1N=NON=N1,,[]
79,740.670140,1.6,0.025540,0.3,0.197700,25.7,16.955000,4.6,O=C(C#N)C#N,,[]
79,788.113621,2.2,0.051463,2.8,0.135500,2.6,14.117000,1.9,C1=NN=CN=N1,,[]
79,855.199404,3.1,0.045968,2.1,0.115100,0.7,18.951000,6.7,O=CC(=O)C=O,,[]
79,1051.290467,7.8,0.045232,1.9,0.116900,0.8,24.735000,21.5,O=CC(=O)C(=O)C#N,,[]
79,1108.489211,9.5,0.055740,4.3,0.098300,0.1,25.564000,26.2,O=CC(=O)C(=O)C=O,,[]
79,1392.890310,24.5,0.101131,27.5,0.102800,0.2,23.524000,16.2,O1C2C3C1C1N=C3OC21,,[]
79,1420.481274,27.2,0.089786,19.9,0.110600,0.5,25.344000,25.2,O1N=NC=C2C=CC=C12,,[]
79,1473.360870,33.1,0.128928,54.2,0.076600,0.0,31.632000,72.5,[O-]C(=O)CCNC=[NH2+],,[]
79,1519.009674,38.9,0.112082,37.0,0.094400,0.0,31.147000,69.4,[O-]C(=O)C1=CNC(=[NH2+])C1,,[]
79,1577.996192,46.5,0.126623,52.4,0.095500,0.1,28.254000,47.5,[O-]C1=COC2=C1C[NH2+]C2,,[]
79,1599.184049,49.4,0.126135,51.5,0.103500,0.2,23.509000,16.0,C1=C2C3C4C1C1C2C3N41,,[]
80,213.087785,0.0,0.021375,0.2,0.361500,98.8,6.002000,0.0,O,,[]
80,276.861573,0.1,0.034358,0.9,0.339900,97.3,6.316000,0.2,N,,[]
80,301.820762,0.1,0.016601,0.1,0.379600,99.1,6.278000,0.1,C#N,,[]
80,358.757206,0.2,0.026603,0.4,0.226300,48.6,6.413000,0.2,C=O,,[]
80,427.706065,0.3,0.020349,0.2,0.259800,67.7,10.401000,0.6,O1N=NN=N1,,[]
80,494.017501,0.5,0.015951,0.0,0.277000,75.5,10.398000,0.5,N#CC#N,,[]
80,551.957961,0.6,0.026540,0.4,0.206600,31.9,11.329000,1.0,O=CC#N,,[]
80,605.972721,0.8,0.025718,0.3,0.246900,60.6,13.622000,1.8,O=C1ON=NO1,,[]
80,612.158710,0.8,0.036943,1.1,0.155500,8.3,12.147000,1.2,O=CC=O,,[]
80,660.735473,1.0,0.028773,0.7,0.148500,5.7,18.268000,6.1,O=C1N=NON=N1,,[]
80,740.670140,1.6,0.025540,0.3,0.197700,25.8,16.955000,4.6,O=C(C#N)C#N,,[]
80,788.113621,2.2,0.051463,2.8,0.135500,2.6,14.117000,1.9,C1=NN=CN=N1,,[]
80,855.199404,3.1,0.045968,2.1,0.115100,0.7,18.951000,6.7,O=CC(=O)C=O,,[]
80,1051.290467,7.7,0.045232,1.9,0.116900,0.8,24.735000,21.4,O=CC(=O)C(=O)C#N,,[]
80,1108.489211,9.4,0.055740,4.3,0.098300,0.1,25.564000,26.1,O=CC(=O)C(=O)C=O,,[]
80,1392.890310,24.4,0.101131,27.4,0.102800,0.2,23.524000,16.1,O1C2C3C1C1N=C3OC21,,[]
80,1420.481274,27.1,0.089786,19.9,0.110600,0.5,25.344000,25.1,O1N=NC=C2C=CC=C12,,[]
80,1473.360870,33.1,0.128928,54.1,0.076600,0.0,31.632000,72.5,[O-]C(=O)CCNC=[NH2+],,[]
80,1519.009674,38.8,0.112082,37.0,0.094400,0.0,31.147000,69.4,[O-]C(=O)C1=CNC(=[NH2+])C1,,[]
80,1577.996192,46.5,0.126623,52.3,0.095500,0.1,28.254000,47.5,[O-]C1=COC2=C1C[NH2+]C2,,[]
80,1599.184049,49.4,0.126135,51.4,0.103500,0.2,23.509000,15.9,C1=C2C3C4C1C1C2C3N41,,[]
81,213.087785,0.0,0.021375,0.2,0.361500,98.8,6.002000,0.0,O,,[]
81,276.861573,0.1,0.034358,0.9,0.339900,97.3,6.316000,0.1,N,,[]
81,301.820762,0.1,0.016601,0.0,0.379600,99.1,6.278000,0.1,C#N,,[]
81,358.757206,0.2,0.026603,0.4,0.226300,48.4,6.413000,0.2,C=O,,[]
81,427.706065,0.3,0.020349,0.2,0.259800,67.6,10.401000,0.6,O1N=NN=N1,,[]
81,494.017501,0.5,0.015951,0.0,0.277000,75.5,10.398000,0.5,N#CC#N,,[]
81,551.957961,0.5,0.026540,0.4,0.206600,31.9,11.329000,0.9,O=CC#N,,[]
81,605.972721,0.8,0.025718,0.3,0.246900,60.5,13.622000,1.8,O=C1ON=NO1,,[]
81,612.158710,0.8,0.036943,1.1,0.155500,8.3,12.147000,1.2,O=CC=O,,[]
81,660.735473,1.0,0.028773,0.7,0.148500,5.7,18.268000,6.1,O=C1N=NON=N1,,[]
81,740.670140,1.6,0.025540,0.3,0.197700,25.7,16.955000,4.5,O=C(C#N)C#N,,[]
81,788.113621,2.2,0.051463,2.8,0.135500,2.6,14.117000,1.9,C1=NN=CN=N1,,[]
81,855.199404,3.1,0.045968,2.0,0.115100,0.7,18.951000,6.6,O=CC(=O)C=O,,[]
81,1051.290467,7.7,0.045232,1.9,0.116900,0.8,24.735000,21.3,O=CC(=O)C(=O)C#N,,[]
81,1108.489211,9.4,0.055740,4.2,0.098300,0.1,25.564000,26.0,O=CC(=O)C(=O)C=O,,[]
81,1392.890310,24.3,0.101131,27.4,0.102800,0.2,23.524000,16.0,O1C2C3C1C1N=C3OC21,,[]
81,1420.481274,27.1,0.089786,19.8,0.110600,0.5,25.344000,25.0,O1N=NC=C2C=CC=C12,,[]
81,1473.360870,33.0,0.128928,54.1,0.076600,0.0,31.632000,72.5,[O-]C(=O)CCNC=[NH2+],,[]
81,1519.009674,38.8,0.112082,37.0,0.094400,0.0,31.147000,69.4,[O-]C(=O)C1=CNC(=[NH2+])C1,,[]
81,1577.996192,46.4,0.126623,52.3,0.095500,0.1,28.254000,47.4,[O-]C1=COC2=C1C[NH2+]C2,,[]
81,1599.184049,49.3,0.126135,51.4,0.103500,0.2,23.509000,15.8,C1=C2C3C4C1C1C2C3N41,,[]
82,213.087785,0.0,0.021375,0.2,0.361500,98.8,6.002000,0.0,O,,[]
82,276.861573,0.1,0.034358,0.9,0.339900,97.3,6.316000,0.1,N,,[]
82,301.820762,0.1,0.016601,0.0,0.379600,99.1,6.278000,0.1,C#N,,[]
82,358.757206,0.2,0.026603,0.4,0.226300,48.3,6.413000,0.2,C=O,,[]
82,427.706065,0.3,0.020349,0.2,0.259800,67.5,10.401000,0.6,O1N=NN=N1,,[]
82,494.017501,0.5,0.015951,0.0,0.277000,75.4,10.398000,0.5,N#CC#N,,[]
82,551.957961,0.5,0.026540,0.4,0.206600,31.8,11.329000,0.9,O=CC#N,,[]
82,605.972721,0.8,0.025718,0.3,0.246900,60.5,13.622000,1.8,O=C1ON=NO1,,[]
82,612.158710,0.8,0.036943,1.0,0.155500,8.3,12.147000,1.2,O=CC=O,,[]
82,660.735473,1.0,0.028773,0.7,0.148500,5.8,18.268000,6.0,O=C1N=NON=N1,,[]
82,740.670140,1.6,0.025540,0.3,0.197700,25.7,16.955000,4.5,O=C(C#N)C#N,,[]
82,788.113621,2.2,0.051463,2.8,0.135500,2.6,14.117000,1.9,C1=NN=CN=N1,,[]
82,855.199404,3.1,0.045968,2.0,0.115100,0.7,18.951000,6.6,O=CC(=O)C=O,,[]
82,1051.290467,7.7,0.045232,1.9,0.116900,0.8,24.735000,21.2,O=CC(=O)C(=O)C#N,,[]
82,1108.489211,9.3,0.055740,4.2,0.098300,0.1,25.564000,25.9,O=CC(=O)C(=O)C=O,,[]
82,1392.890310,24.2,0.101131,27.3,0.102800,0.2,23.524000,16.0,O1C2C3C1C1N=C3OC21,,[]
82,1420.481274,27.0,0.089786,19.8,0.110600,0.5,25.344000,24.9,O1N=NC=C2C=CC=C12,,[]
82,1473.360870,32.9,0.128928,53.9,0.076600,0.0,31.632000,72.4,[O-]C(=O)CCNC=[NH2+],,[]
82,1519.009674,38.6,0.112082,36.8,0.094400,0.0,31.147000,69.3,[O-]C(=O)C1=CNC(=[NH2+])C1,,[]
82,1577.996192,46.3,0.126623,52.1,0.095500,0.1,28.254000,47.2,[O-]C1=COC2=C1C[NH2+]C2,,[]
82,1599.184049,49.2,0.126135,51.2,0.103500,0.2,23.509000,15.7,C1=C2C3C4C1C1C2C3N41,,[]
83,213.087785,0.0,0.021375,0.2,0.361500,98.8,6.002000,0.0,O,,[]
83,276.861573,0.1,0.034358,0.9,0.339900,97.3,6.316000,0.1,N,,[]
83,301.820762,0.1,0.016601,0.0,0.379600,99.1,6.278000,0.1,C#N,,[]
83,358.757206,0.2,0.026603,0.4,0.226300,48.4,6.413000,0.2,C=O,,[]
83,427.706065,0.3,0.020349,0.2,0.259800,67.6,10.401000,0.6,O1N=NN=N1,,[]
83,494.017501,0.4,0.015951,0.0,0.277000,75.4,10.398000,0.5,N#CC#N,,[]
83,551.957961,0.5,0.026540,0.4,0.206600,31.9,11.329000,0.9,O=CC#N,,[]
83,605.972721,0.8,0.025718,0.3,0.246900,60.6,13.622000,1.8,O=C1ON=NO1,,[]
83,612.158710,0.8,0.036943,1.1,0.155500,8.3,12.147000,1.2,O=CC=O,,[]
83,660.735473,1.0,0.028773,0.6,0.148500,5.8,18.268000,6.0,O=C1N=NON=N1,,[]
83,740.670140,1.6,0.025540,0.3,0.197700,25.7,16.955000,4.5,O=C(C#N)C#N,,[]
83,788.113621,2.2,0.051463,2.8,0.135500,2.6,14.117000,1.9,C1=NN=CN=N1,,[]
83,855.199404,3.2,0.045968,2.1,0.115100,0.7,18.951000,6.6,O=CC(=O)C=O,,[]
83,1051.290467,7.6,0.045232,1.9,0.116900,0.8,24.735000,21.2,O=CC(=O)C(=O)C#N,,[]
83,1108.489211,9.3,0.055740,4.2,0.098300,0.1,25.564000,25.8,O=CC(=O)C(=O)C=O,,[]
83,1392.890310,24.2,0.101131,27.3,0.102800,0.2,23.524000,15.9,O1C2C3C1C1N=C3OC21,,[]
83,1397.026852,24.4,0.093628,22.1,0.109900,0.5,23.276000,14.6,N1N=CN=C2C=NC=C12,,[]
83,1420.481274,26.9,0.089786,19.7,0.110600,0.5,25.344000,24.8,O1N=NC=C2C=CC=C12,,[]
83,1473.360870,32.8,0.128928,53.8,0.076600,0.0,31.632000,72.3,[O-]C(=O)CCNC=[NH2+],,[]
83,1519.009674,38.5,0.112082,36.7,0.094400,0.0,31.147000,69.2,[O-]C(=O)C1=CNC(=[NH2+])C1,,[]
83,1577.996192,46.2,0.126623,52.0,0.095500,0.1,28.254000,47.2,[O-]C1=COC2=C1C[NH2+]C2,,[]
83,1599.184049,49.1,0.126135,51.1,0.103500,0.2,23.509000,15.6,C1=C2C3C4C1C1C2C3N41,,[]
84,213.087785,0.0,0.021375,0.2,0.361500,98.8,6.002000,0.0,O,,[]
84,276.861573,0.1,0.034358,0.9,0.339900,97.3,6.316000,0.1,N,,[]
84,301.820762,0.1,0.016601,0.0,0.379600,99.1,6.278000,0.1,C#N,,[]
84,358.757206,0.2,0.026603,0.4,0.226300,48.4,6.413000,0.2,C=O,,[]
84,427.706065,0.3,0.020349,0.2,0.259800,67.7,10.401000,0.6,O1N=NN=N1,,[]
84,494.017501,0.4,0.015951,0.0,0.277000,75.5,10.398000,0.5,N#CC#N,,[]
84,551.957961,0.5,0.026540,0.4,0.206600,31.9,11.329000,0.9,O=CC#N,,[]
84,605.972721,0.8,0.025718,0.3,0.246900,60.6,13.622000,1.8,O=C1ON=NO1,,[]
84,612.158710,0.8,0.036943,1.1,0.155500,8.3,12.147000,1.2,O=CC=O,,[]
84,660.735473,1.0,0.028773,0.6,0.148500,5.8,18.268000,6.0,O=C1N=NON=N1,,[]
84,740.670140,1.6,0.025540,0.3,0.197700,25.8,16.955000,4.5,O=C(C#N)C#N,,[]
84,788.113621,2.2,0.051463,2.8,0.135500,2.6,14.117000,1.9,C1=NN=CN=N1,,[]
84,855.199404,3.2,0.045968,2.1,0.115100,0.7,18.951000,6.6,O=CC(=O)C=O,,[]
84,1051.290467,7.6,0.045232,1.9,0.116900,0.8,24.735000,21.1,O=CC(=O)C(=O)C#N,,[]
84,1108.489211,9.2,0.055740,4.2,0.098300,0.1,25.564000,25.7,O=CC(=O)C(=O)C=O,,[]
84,1392.890310,24.1,0.101131,27.2,0.102800,0.2,23.524000,15.8,O1C2C3C1C1N=C3OC21,,[]
84,1397.026852,24.4,0.093628,22.1,0.109900,0.5,23.276000,14.5,N1N=CN=C2C=NC=C12,,[]
84,1420.481274,26.9,0.089786,19.6,0.110600,0.5,25.344000,24.7,O1N=NC=C2C=CC=C12,,[]
84,1473.360870,32.8,0.128928,53.9,0.076600,0.0,31.632000,72.3,[O-]C(=O)CCNC=[NH2+],,[]
84,1519.009674,38.5,0.112082,36.7,0.094400,0.0,31.147000,69.2,[O-]C(=O)C1=CNC(=[NH2+])C1,,[]
84,1577.996192,46.2,0.126623,52.0,0.095500,0.1,28.254000,47.1,[O-]C1=COC2=C1C[NH2+]C2,,[]
84,1599.184049,49.1,0.126135,51.0,0.103500,0.2,23.509000,15.5,C1=C2C3C4C1C1C2C3N41,,[]
85,213.087785,0.0,0.021375,0.2,0.361500,98.8,6.002000,0.0,O,,[]
85,276.861573,0.1,0.034358,0.9,0.339900,97.2,6.316000,0.1,N,,[]
85,301.820762,0.1,0.016601,0.0,0.379600,99.1,6.278000,0.1,C#N,,[]
85,358.757206,0.2,0.026603,0.4,0.226300,48.4,6.413000,0.2,C=O,,[]
85,427.706065,0.3,0.020349,0.2,0.259800,67.6,10.401000,0.6,O1N=NN=N1,,[]
85,494.017501,0.4,0.015951,0.0,0.277000,75.4,10.398000,0.5,N#CC#N,,[]
85,551.957961,0.5,0.026540,0.4,0.206600,31.9,11.329000,0.9,O=CC#N,,[]
85,605.972721,0.8,0.025718,0.3,0.246900,60.6,13.622000,1.8,O=C1ON=NO1,,[]
85,612.158710,0.8,0.036943,1.1,0.155500,8.3,12.147000,1.2,O=CC=O,,[]
85,660.735473,1.0,0.028773,0.7,0.148500,5.8,18.268000,6.0,O=C1N=NON=N1,,[]
85,740.670140,1.6,0.025540,0.3,0.197700,25.7,16.955000,4.5,O=C(C#N)C#N,,[]
85,788.113621,2.2,0.051463,2.8,0.135500,2.6,14.117000,1.9,C1=NN=CN=N1,,[]
85,855.199404,3.1,0.045968,2.1,0.115100,0.7,18.951000,6.5,O=CC(=O)C=O,,[]
85,1051.290467,7.6,0.045232,1.9,0.116900,0.8,24.735000,21.0,O=CC(=O)C(=O)C#N,,[]
85,1108.489211,9.2,0.055740,4.2,0.098300,0.1,25.564000,25.7,O=CC(=O)C(=O)C=O,,[]
85,1392.890310,24.1,0.101131,27.2,0.102800,0.2,23.524000,15.7,O1C2C3C1C1N=C3OC21,,[]
85,1397.026852,24.3,0.093628,22.1,0.109900,0.5,23.276000,14.5,N1N=CN=C2C=NC=C12,,[]
85,1420.481274,26.8,0.089786,19.6,0.110600,0.5,25.344000,24.6,O1N=NC=C2C=CC=C12,,[]
85,1473.360870,32.7,0.128928,53.8,0.076600,0.0,31.632000,72.3,[O-]C(=O)CCNC=[NH2+],,[]
85,1519.009674,38.4,0.112082,36.7,0.094400,0.0,31.147000,69.1,[O-]C(=O)C1=CNC(=[NH2+])C1,,[]
85,1577.996192,46.2,0.126623,51.9,0.095500,0.1,28.254000,47.1,[O-]C1=COC2=C1C[NH2+]C2,,[]
85,1599.184049,49.0,0.126135,51.0,0.103500,0.2,23.509000,15.5,C1=C2C3C4C1C1C2C3N41,,[]
86,213.087785,0.0,0.021375,0.2,0.361500,98.8,6.002000,0.0,O,,[]
86,276.861573,0.1,0.034358,0.9,0.339900,97.2,6.316000,0.1,N,,[]
86,301.820762,0.1,0.016601,0.0,0.379600,99.1,6.278000,0.1,C#N,,[]
86,358.757206,0.2,0.026603,0.4,0.226300,48.4,6.413000,0.2,C=O,,[]
86,427.706065,0.3,0.020349,0.2,0.259800,67.6,10.401000,0.6,O1N=NN=N1,,[]
86,494.017501,0.5,0.015951,0.0,0.277000,75.3,10.398000,0.5,N#CC#N,,[]
86,551.957961,0.5,0.026540,0.4,0.206600,31.9,11.329000,0.9,O=CC#N,,[]
86,605.972721,0.8,0.025718,0.3,0.246900,60.5,13.622000,1.8,O=C1ON=NO1,,[]
86,612.158710,0.8,0.036943,1.1,0.155500,8.2,12.147000,1.2,O=CC=O,,[]
86,660.735473,1.0,0.028773,0.6,0.148500,5.8,18.268000,5.9,O=C1N=NON=N1,,[]
86,740.670140,1.6,0.025540,0.3,0.197700,25.6,16.955000,4.5,O=C(C#N)C#N,,[]
86,788.113621,2.2,0.051463,2.8,0.135500,2.6,14.117000,1.9,C1=NN=CN=N1,,[]
86,855.199404,3.1,0.045968,2.1,0.115100,0.7,18.951000,6.5,O=CC(=O)C=O,,[]
86,1051.290467,7.6,0.045232,1.9,0.116900,0.8,24.735000,21.0,O=CC(=O)C(=O)C#N,,[]
86,1108.489211,9.2,0.055740,4.2,0.098300,0.1,25.564000,25.6,O=CC(=O)C(=O)C=O,,[]
86,1392.890310,24.0,0.101131,27.0,0.102800,0.2,23.524000,15.7,O1C2C3C1C1N=C3OC21,,[]
86,1397.026852,24.3,0.093628,22.0,0.109900,0.5,23.276000,14.4,N1N=CN=C2C=NC=C12,,[]
86,1420.481274,26.7,0.089786,19.5,0.110600,0.5,25.344000,24.6,O1N=NC=C2C=CC=C12,,[]
86,1473.360870,32.6,0.128928,53.7,0.076600,0.0,31.632000,72.3,[O-]C(=O)CCNC=[NH2+],,[]
86,1519.009674,38.3,0.112082,36.5,0.094400,0.0,31.147000,69.1,[O-]C(=O)C1=CNC(=[NH2+])C1,,[]
86,1577.996192,46.1,0.126623,51.9,0.095500,0.1,28.254000,47.0,[O-]C1=COC2=C1C[NH2+]C2,,[]
86,1599.184049,48.9,0.126135,50.9,0.103500,0.2,23.509000,15.4,C1=C2C3C4C1C1C2C3N41,,[]
87,213.087785,0.0,0.021375,0.2,0.361500,98.8,6.002000,0.0,O,,[]
87,276.861573,0.1,0.034358,0.9,0.339900,97.2,6.316000,0.1,N,,[]
87,301.820762,0.1,0.016601,0.0,0.379600,99.1,6.278000,0.1,C#N,,[]
87,358.757206,0.2,0.026603,0.4,0.226300,48.4,6.413000,0.2,C=O,,[]
87,427.706065,0.3,0.020349,0.2,0.259800,67.5,10.401000,0.6,O1N=NN=N1,,[]
87,494.017501,0.5,0.015951,0.0,0.277000,75.3,10.398000,0.5,N#CC#N,,[]
87,551.957961,0.5,0.026540,0.3,0.206600,31.8,11.329000,0.9,O=CC#N,,[]
87,605.972721,0.8,0.025718,0.3,0.246900,60.5,13.622000,1.8,O=C1ON=NO1,,[]
87,612.158710,0.8,0.036943,1.1,0.155500,8.3,12.147000,1.2,O=CC=O,,[]
87,660.735473,1.0,0.028773,0.6,0.148500,5.8,18.268000,5.9,O=C1N=NON=N1,,[]
87,740.670140,1.6,0.025540,0.3,0.197700,25.6,16.955000,4.5,O=C(C#N)C#N,,[]
87,788.113621,2.2,0.051463,2.8,0.135500,2.6,14.117000,1.9,C1=NN=CN=N1,,[]
87,855.199404,3.1,0.045968,2.1,0.115100,0.7,18.951000,6.5,O=CC(=O)C=O,,[]
87,1051.290467,7.5,0.045232,1.9,0.116900,0.8,24.735000,20.8,O=CC(=O)C(=O)C#N,,[]
87,1108.489211,9.1,0.055740,4.2,0.098300,0.1,25.564000,25.5,O=CC(=O)C(=O)C=O,,[]
87,1392.890310,23.9,0.101131,26.9,0.102800,0.2,23.524000,15.6,O1C2C3C1C1N=C3OC21,,[]
87,1397.026852,24.1,0.093628,21.9,0.109900,0.5,23.276000,14.3,N1N=CN=C2C=NC=C12,,[]
87,1420.481274,26.6,0.089786,19.4,0.110600,0.5,25.344000,24.4,O1N=NC=C2C=CC=C12,,[]
87,1473.360870,32.4,0.128928,53.6,0.076600,0.0,31.632000,72.2,[O-]C(=O)CCNC=[NH2+],,[]
87,1519.009674,38.1,0.112082,36.3,0.094400,0.0,31.147000,69.0,[O-]C(=O)C1=CNC(=[NH2+])C1,,[]
87,1577.996192,45.9,0.126623,51.8,0.095500,0.1,28.254000,46.8,[O-]C1=COC2=C1C[NH2+]C2,,[]
87,1599.184049,48.8,0.126135,50.8,0.103500,0.2,23.509000,15.3,C1=C2C3C4C1C1C2C3N41,,[]
88,213.087785,0.0,0.021375,0.2,0.361500,98.8,6.002000,0.0,O,,[]
88,276.861573,0.1,0.034358,0.9,0.339900,97.2,6.316000,0.1,N,,[]
88,301.820762,0.1,0.016601,0.0,0.379600,99.1,6.278000,0.1,C#N,,[]
88,358.757206,0.2,0.026603,0.4,0.226300,48.3,6.413000,0.2,C=O,,[]
88,427.706065,0.3,0.020349,0.1,0.259800,67.4,10.401000,0.6,O1N=NN=N1,,[]
88,494.017501,0.5,0.015951,0.0,0.277000,75.3,10.398000,0.5,N#CC#N,,[]
88,551.957961,0.5,0.026540,0.3,0.206600,31.7,11.329000,0.9,O=CC#N,,[]
88,605.972721,0.8,0.025718,0.3,0.246900,60.3,13.622000,1.8,O=C1ON=NO1,,[]
88,612.158710,0.8,0.036943,1.1,0.155500,8.2,12.147000,1.2,O=CC=O,,[]
88,660.735473,1.0,0.028773,0.6,0.148500,5.7,18.268000,5.9,O=C1N=NON=N1,,[]
88,740.670140,1.6,0.025540,0.3,0.197700,25.5,16.955000,4.4,O=C(C#N)C#N,,[]
88,788.113621,2.1,0.051463,2.8,0.135500,2.6,14.117000,1.9,C1=NN=CN=N1,,[]
88,855.199404,3.1,0.045968,2.1,0.115100,0.7,18.951000,6.4,O=CC(=O)C=O,,[]
88,1051.290467,7.5,0.045232,1.9,0.116900,0.8,24.735000,20.8,O=CC(=O)C(=O)C#N,,[]
88,1108.489211,9.1,0.055740,4.2,0.098300,0.1,25.564000,25.5,O=CC(=O)C(=O)C=O,,[]
88,1392.890310,23.8,0.101131,26.8,0.102800,0.2,23.524000,15.5,O1C2C3C1C1N=C3OC21,,[]
88,1397.026852,24.0,0.093628,21.8,0.109900,0.5,23.276000,14.2,N1N=CN=C2C=NC=C12,,[]
88,1420.481274,26.5,0.089786,19.4,0.110600,0.5,25.344000,24.4,O1N=NC=C2C=CC=C12,,[]
88,1473.360870,32.3,0.128928,53.4,0.076600,0.0,31.632000,72.1,[O-]C(=O)CCNC=[NH2+],,[]
88,1519.009674,38.0,0.112082,36.3,0.094400,0.0,31.147000,68.8,[O-]C(=O)C1=CNC(=[NH2+])C1,,[]
88,1577.996192,45.8,0.126623,51.6,0.095500,0.1,28.254000,46.7,[O-]C1=COC2=C1C[NH2+]C2,,[]
88,1599.184049,48.7,0.126135,50.6,0.103500,0.2,23.509000,15.3,C1=C2C3C4C1C1C2C3N41,,[]
89,213.087785,0.0,0.021375,0.2,0.361500,98.8,6.002000,0.0,O,,[]
89,276.861573,0.1,0.034358,0.9,0.339900,97.2,6.316000,0.1,N,,[]
89,301.820762,0.1,0.016601,0.0,0.379600,99.1,6.278000,0.1,C#N,,[]
89,358.757206,0.2,0.026603,0.4,0.226300,48.3,6.413000,0.2,C=O,,[]
89,427.706065,0.3,0.020349,0.1,0.259800,67.4,10.401000,0.6,O1N=NN=N1,,[]
89,494.017501,0.5,0.015951,0.0,0.277000,75.3,10.398000,0.5,N#CC#N,,[]
89,551.957961,0.5,0.026540,0.3,0.206600,31.8,11.329000,0.9,O=CC#N,,[]
89,605.972721,0.7,0.025718,0.3,0.246900,60.3,13.622000,1.8,O=C1ON=NO1,,[]
89,612.158710,0.8,0.036943,1.1,0.155500,8.2,12.147000,1.2,O=CC=O,,[]
89,660.735473,1.0,0.028773,0.6,0.148500,5.7,18.268000,5.9,O=C1N=NON=N1,,[]
89,740.670140,1.6,0.025540,0.3,0.197700,25.5,16.955000,4.4,O=C(C#N)C#N,,[]
89,788.113621,2.2,0.051463,2.8,0.135500,2.6,14.117000,1.9,C1=NN=CN=N1,,[]
89,800.856456,2.4,0.035739,1.0,0.147500,5.3,18.042000,5.5,O=CC(=O)C#N,,[]
89,855.199404,3.1,0.045968,2.1,0.115100,0.7,18.951000,6.4,O=CC(=O)C=O,,[]
89,1051.290467,7.5,0.045232,1.9,0.116900,0.8,24.735000,20.8,O=CC(=O)C(=O)C#N,,[]
89,1108.489211,9.0,0.055740,4.2,0.098300,0.1,25.564000,25.4,O=CC(=O)C(=O)C=O,,[]
89,1392.890310,23.7,0.101131,26.8,0.102800,0.2,23.524000,15.5,O1C2C3C1C1N=C3OC21,,[]
89,1397.026852,24.0,0.093628,21.8,0.109900,0.5,23.276000,14.2,N1N=CN=C2C=NC=C12,,[]
89,1420.481274,26.4,0.089786,19.3,0.110600,0.5,25.344000,24.4,O1N=NC=C2C=CC=C12,,[]
89,1473.360870,32.2,0.128928,53.3,0.076600,0.0,31.632000,72.0,[O-]C(=O)CCNC=[NH2+],,[]
89,1519.009674,37.9,0.112082,36.2,0.094400,0.0,31.147000,68.8,[O-]C(=O)C1=CNC(=[NH2+])C1,,[]
89,1577.996192,45.7,0.126623,51.5,0.095500,0.1,28.254000,46.6,[O-]C1=COC2=C1C[NH2+]C2,,[]
89,1599.184049,48.6,0.126135,50.5,0.103500,0.2,23.509000,15.2,C1=C2C3C4C1C1C2C3N41,,[]
90,213.087785,0.0,0.021375,0.2,0.361500,98.8,6.002000,0.0,O,,[]
90,276.861573,0.1,0.034358,0.9,0.339900,97.2,6.316000,0.1,N,,[]
90,301.820762,0.1,0.016601,0.0,0.379600,99.1,6.278000,0.1,C#N,,[]
90,358.757206,0.2,0.026603,0.4,0.226300,48.3,6.413000,0.2,C=O,,[]
90,427.706065,0.3,0.020349,0.1,0.259800,67.5,10.401000,0.6,O1N=NN=N1,,[]
90,494.017501,0.4,0.015951,0.0,0.277000,75.3,10.398000,0.5,N#CC#N,,[]
90,551.957961,0.5,0.026540,0.3,0.206600,31.8,11.329000,0.9,O=CC#N,,[]
90,605.972721,0.7,0.025718,0.3,0.246900,60.3,13.622000,1.8,O=C1ON=NO1,,[]
90,612.158710,0.8,0.036943,1.1,0.155500,8.2,12.147000,1.2,O=CC=O,,[]
90,660.735473,1.0,0.028773,0.6,0.148500,5.7,18.268000,5.8,O=C1N=NON=N1,,[]
90,740.670140,1.6,0.025540,0.3,0.197700,25.5,16.955000,4.4,O=C(C#N)C#N,,[]
90,788.113621,2.2,0.051463,2.8,0.135500,2.6,14.117000,1.9,C1=NN=CN=N1,,[]
90,800.856456,2.4,0.035739,1.0,0.147500,5.3,18.042000,5.5,O=CC(=O)C#N,,[]
90,855.199404,3.1,0.045968,2.1,0.115100,0.7,18.951000,6.4,O=CC(=O)C=O,,[]
90,1051.290467,7.4,0.045232,1.9,0.116900,0.8,24.735000,20.7,O=CC(=O)C(=O)C#N,,[]
90,1108.489211,9.0,0.055740,4.2,0.098300,0.1,25.564000,25.4,O=CC(=O)C(=O)C=O,,[]
90,1296.784724,16.4,0.078219,12.3,0.103800,0.3,24.101000,17.6,O1N=NC=C2C=NC=C12,,[]
90,1392.890310,23.7,0.101131,26.7,0.102800,0.2,23.524000,15.4,O1C2C3C1C1N=C3OC21,,[]
90,1397.026852,24.0,0.093628,21.7,0.109900,0.5,23.276000,14.1,N1N=CN=C2C=NC=C12,,[]
90,1473.360870,32.2,0.128928,53.3,0.076600,0.0,31.632000,72.0,[O-]C(=O)CCNC=[NH2+],,[]
90,1519.009674,37.8,0.112082,36.2,0.094400,0.0,31.147000,68.7,[O-]C(=O)C1=CNC(=[NH2+])C1,,[]
90,1577.996192,45.7,0.126623,51.5,0.095500,0.1,28.254000,46.6,[O-]C1=COC2=C1C[NH2+]C2,,[]
90,1599.184049,48.5,0.126135,50.5,0.103500,0.2,23.509000,15.2,C1=C2C3C4C1C1C2C3N41,,[]
91,213.087785,0.0,0.021375,0.2,0.361500,98.8,6.002000,0.0,O,,[]
91,276.861573,0.1,0.034358,0.9,0.339900,97.2,6.316000,0.1,N,,[]
91,301.820762,0.1,0.016601,0.0,0.379600,99.1,6.278000,0.1,C#N,,[]
91,358.757206,0.2,0.026603,0.4,0.226300,48.3,6.413000,0.2,C=O,,[]
91,427.706065,0.3,0.020349,0.1,0.259800,67.4,10.401000,0.6,O1N=NN=N1,,[]
91,494.017501,0.5,0.015951,0.0,0.277000,75.3,10.398000,0.6,N#CC#N,,[]
91,551.957961,0.5,0.026540,0.3,0.206600,31.8,11.329000,1.0,O=CC#N,,[]
91,605.972721,0.8,0.025718,0.3,0.246900,60.3,13.622000,1.8,O=C1ON=NO1,,[]
91,612.158710,0.8,0.036943,1.1,0.155500,8.2,12.147000,1.2,O=CC=O,,[]
91,660.735473,1.0,0.028773,0.6,0.148500,5.8,18.268000,5.8,O=C1N=NON=N1,,[]
91,740.670140,1.6,0.025540,0.3,0.197700,25.5,16.955000,4.4,O=C(C#N)C#N,,[]
91,788.113621,2.2,0.051463,2.8,0.135500,2.6,14.117000,1.9,C1=NN=CN=N1,,[]
91,800.856456,2.4,0.035739,1.0,0.147500,5.3,18.042000,5.5,O=CC(=O)C#N,,[]
91,855.199404,3.1,0.045968,2.1,0.115100,0.7,18.951000,6.4,O=CC(=O)C=O,,[]
91,1051.290467,7.4,0.045232,1.9,0.116900,0.8,24.735000,20.7,O=CC(=O)C(=O)C#N,,[]
91,1108.489211,9.0,0.055740,4.1,0.098300,0.1,25.564000,25.3,O=CC(=O)C(=O)C=O,,[]
91,1296.784724,16.3,0.078219,12.3,0.103800,0.3,24.101000,17.6,O1N=NC=C2C=NC=C12,,[]
91,1392.890310,23.7,0.101131,26.7,0.102800,0.2,23.524000,15.4,O1C2C3C1C1N=C3OC21,,[]
91,1397.026852,23.9,0.093628,21.7,0.109900,0.5,23.276000,14.1,N1N=CN=C2C=NC=C12,,[]
91,1473.360870,32.1,0.128928,53.3,0.076600,0.0,31.632000,71.9,[O-]C(=O)CCNC=[NH2+],,[]
91,1519.009674,37.8,0.112082,36.2,0.094400,0.0,31.147000,68.7,[O-]C(=O)C1=CNC(=[NH2+])C1,,[]
91,1577.996192,45.7,0.126623,51.5,0.095500,0.1,28.254000,46.5,[O-]C1=COC2=C1C[NH2+]C2,,[]
91,1599.184049,48.5,0.126135,50.5,0.103500,0.2,23.509000,15.1,C1=C2C3C4C1C1C2C3N41,,[]
92,213.087785,0.0,0.021375,0.2,0.361500,98.8,6.002000,0.0,O,,[]
92,276.861573,0.1,0.034358,0.9,0.339900,97.2,6.316000,0.1,N,,[]
92,301.820762,0.1,0.016601,0.0,0.379600,99.1,6.278000,0.1,C#N,,[]
92,358.757206,0.2,0.026603,0.4,0.226300,48.4,6.413000,0.2,C=O,,[]
92,427.706065,0.3,0.020349,0.1,0.259800,67.4,10.401000,0.6,O1N=NN=N1,,[]
92,494.017501,0.4,0.015951,0.0,0.277000,75.3,10.398000,0.5,N#CC#N,,[]
92,551.957961,0.5,0.026540,0.3,0.206600,31.8,11.329000,1.0,O=CC#N,,[]
92,605.972721,0.8,0.025718,0.3,0.246900,60.3,13.622000,1.8,O=C1ON=NO1,,[]
92,612.158710,0.8,0.036943,1.1,0.155500,8.2,12.147000,1.2,O=CC=O,,[]
92,660.735473,1.0,0.028773,0.6,0.148500,5.7,18.268000,5.8,O=C1N=NON=N1,,[]
92,740.670140,1.6,0.025540,0.3,0.197700,25.5,16.955000,4.4,O=C(C#N)C#N,,[]
92,788.113621,2.2,0.051463,2.8,0.135500,2.6,14.117000,1.9,C1=NN=CN=N1,,[]
92,800.856456,2.4,0.035739,1.0,0.147500,5.3,18.042000,5.5,O=CC(=O)C#N,,[]
92,855.199404,3.1,0.045968,2.1,0.115100,0.7,18.951000,6.3,O=CC(=O)C=O,,[]
92,1051.290467,7.4,0.045232,1.9,0.116900,0.8,24.735000,20.6,O=CC(=O)C(=O)C#N,,[]
92,1108.489211,8.9,0.055740,4.1,0.098300,0.1,25.564000,25.2,O=CC(=O)C(=O)C=O,,[]
92,1296.784724,16.3,0.078219,12.2,0.103800,0.3,24.101000,17.5,O1N=NC=C2C=NC=C12,,[]
92,1392.890310,23.6,0.101131,26.7,0.102800,0.2,23.524000,15.3,O1C2C3C1C1N=C3OC21,,[]
92,1397.026852,23.9,0.093628,21.7,0.109900,0.5,23.276000,14.1,N1N=CN=C2C=NC=C12,,[]
92,1473.360870,32.1,0.128928,53.2,0.076600,0.0,31.632000,71.9,[O-]C(=O)CCNC=[NH2+],,[]
92,1519.009674,37.8,0.112082,36.1,0.094400,0.0,31.147000,68.7,[O-]C(=O)C1=CNC(=[NH2+])C1,,[]
92,1577.996192,45.7,0.126623,51.4,0.095500,0.1,28.254000,46.5,[O-]C1=COC2=C1C[NH2+]C2,,[]
92,1599.184049,48.5,0.126135,50.4,0.103500,0.2,23.509000,15.1,C1=C2C3C4C1C1C2C3N41,,[]
93,213.087785,0.0,0.021375,0.2,0.361500,98.8,6.002000,0.0,O,,[]
93,276.861573,0.1,0.034358,0.9,0.339900,97.2,6.316000,0.1,N,,[]
93,301.820762,0.1,0.016601,0.0,0.379600,99.1,6.278000,0.1,C#N,,[]
93,358.757206,0.2,0.026603,0.4,0.226300,48.4,6.413000,0.2,C=O,,[]
93,427.706065,0.3,0.020349,0.1,0.259800,67.4,10.401000,0.6,O1N=NN=N1,,[]
93,494.017501,0.4,0.015951,0.0,0.277000,75.3,10.398000,0.5,N#CC#N,,[]
93,551.957961,0.5,0.026540,0.3,0.206600,31.8,11.329000,0.9,O=CC#N,,[]
93,605.972721,0.8,0.025718,0.3,0.246900,60.3,13.622000,1.8,O=C1ON=NO1,,[]
93,612.158710,0.8,0.036943,1.1,0.155500,8.2,12.147000,1.2,O=CC=O,,[]
93,660.735473,1.0,0.028773,0.6,0.148500,5.8,18.268000,5.8,O=C1N=NON=N1,,[]
93,740.670140,1.6,0.025540,0.3,0.197700,25.5,16.955000,4.4,O=C(C#N)C#N,,[]
93,788.113621,2.2,0.051463,2.8,0.135500,2.6,14.117000,1.9,C1=NN=CN=N1,,[]
93,800.856456,2.4,0.035739,1.0,0.147500,5.3,18.042000,5.5,O=CC(=O)C#N,,[]
93,855.199404,3.1,0.045968,2.1,0.115100,0.7,18.951000,6.3,O=CC(=O)C=O,,[]
93,1051.290467,7.3,0.045232,1.9,0.116900,0.8,24.735000,20.5,O=CC(=O)C(=O)C#N,,[]
93,1108.489211,8.9,0.055740,4.1,0.098300,0.1,25.564000,25.1,O=CC(=O)C(=O)C=O,,[]
93,1296.784724,16.2,0.078219,12.2,0.103800,0.3,24.101000,17.5,O1N=NC=C2C=NC=C12,,[]
93,1392.890310,23.6,0.101131,26.6,0.102800,0.2,23.524000,15.3,O1C2C3C1C1N=C3OC21,,[]
93,1397.026852,23.8,0.093628,21.6,0.109900,0.5,23.276000,14.0,N1N=CN=C2C=NC=C12,,[]
93,1473.360870,31.9,0.128928,53.1,0.076600,0.0,31.632000,71.8,[O-]C(=O)CCNC=[NH2+],,[]
93,1519.009674,37.7,0.112082,36.1,0.094400,0.0,31.147000,68.5,[O-]C(=O)C1=CNC(=[NH2+])C1,,[]
93,1577.996192,45.6,0.126623,51.3,0.095500,0.1,28.254000,46.3,[O-]C1=COC2=C1C[NH2+]C2,,[]
93,1599.184049,48.5,0.126135,50.3,0.103500,0.2,23.509000,15.0,C1=C2C3C4C1C1C2C3N41,,[]
94,213.087785,0.0,0.021375,0.2,0.361500,98.8,6.002000,0.0,O,,[]
94,276.861573,0.1,0.034358,0.9,0.339900,97.3,6.316000,0.1,N,,[]
94,301.820762,0.1,0.016601,0.0,0.379600,99.2,6.278000,0.1,C#N,,[]
94,358.757206,0.2,0.026603,0.4,0.226300,48.4,6.413000,0.2,C=O,,[]
94,427.706065,0.3,0.020349,0.1,0.259800,67.4,10.401000,0.6,O1N=NN=N1,,[]
94,494.017501,0.4,0.015951,0.0,0.277000,75.3,10.398000,0.5,N#CC#N,,[]
94,551.957961,0.5,0.026540,0.3,0.206600,31.9,11.329000,0.9,O=CC#N,,[]
94,605.972721,0.8,0.025718,0.3,0.246900,60.3,13.622000,1.8,O=C1ON=NO1,,[]
94,612.158710,0.8,0.036943,1.1,0.155500,8.3,12.147000,1.2,O=CC=O,,[]
94,660.735473,1.0,0.028773,0.6,0.148500,5.8,18.268000,5.8,O=C1N=NON=N1,,[]
94,740.670140,1.6,0.025540,0.3,0.197700,25.5,16.955000,4.4,O=C(C#N)C#N,,[]
94,788.113621,2.2,0.051463,2.8,0.135500,2.6,14.117000,1.9,C1=NN=CN=N1,,[]
94,800.856456,2.4,0.035739,1.0,0.147500,5.3,18.042000,5.5,O=CC(=O)C#N,,[]
94,855.199404,3.1,0.045968,2.1,0.115100,0.7,18.951000,6.3,O=CC(=O)C=O,,[]
94,1051.290467,7.3,0.045232,1.9,0.116900,0.8,24.735000,20.4,O=CC(=O)C(=O)C#N,,[]
94,1108.489211,8.9,0.055740,4.1,0.098300,0.1,25.564000,25.0,O=CC(=O)C(=O)C=O,,[]
94,1296.784724,16.2,0.078219,12.1,0.103800,0.3,24.101000,17.4,O1N=NC=C2C=NC=C12,,[]
94,1392.890310,23.5,0.101131,26.6,0.102800,0.2,23.524000,15.2,O1C2C3C1C1N=C3OC21,,[]
94,1397.026852,23.8,0.093628,21.6,0.109900,0.5,23.276000,14.0,N1N=CN=C2C=NC=C12,,[]
94,1473.360870,31.9,0.128928,53.0,0.076600,0.0,31.632000,71.7,[O-]C(=O)CCNC=[NH2+],,[]
94,1519.009674,37.6,0.112082,36.0,0.094400,0.0,31.147000,68.5,[O-]C(=O)C1=CNC(=[NH2+])C1,,[]
94,1577.996192,45.5,0.126623,51.2,0.095500,0.1,28.254000,46.2,[O-]C1=COC2=C1C[NH2+]C2,,[]
94,1599.184049,48.4,0.126135,50.3,0.103500,0.2,23.509000,15.0,C1=C2C3C4C1C1C2C3N41,,[]
95,213.087785,0.0,0.021375,0.2,0.361500,98.8,6.002000,0.0,O,,[]
95,276.861573,0.1,0.034358,0.9,0.339900,97.3,6.316000,0.1,N,,[]
95,301.820762,0.1,0.016601,0.0,0.379600,99.2,6.278000,0.1,C#N,,[]
95,358.757206,0.2,0.026603,0.4,0.226300,48.3,6.413000,0.2,C=O,,[]
95,427.706065,0.3,0.020349,0.1,0.259800,67.4,10.401000,0.6,O1N=NN=N1,,[]
95,494.017501,0.5,0.015951,0.0,0.277000,75.3,10.398000,0.5,N#CC#N,,[]
95,551.957961,0.5,0.026540,0.3,0.206600,31.7,11.329000,0.9,O=CC#N,,[]
95,605.972721,0.8,0.025718,0.3,0.246900,60.2,13.622000,1.8,O=C1ON=NO1,,[]
95,612.158710,0.8,0.036943,1.0,0.155500,8.3,12.147000,1.2,O=CC=O,,[]
95,660.735473,1.0,0.028773,0.6,0.148500,5.8,18.268000,5.8,O=C1N=NON=N1,,[]
95,740.670140,1.6,0.025540,0.3,0.197700,25.4,16.955000,4.4,O=C(C#N)C#N,,[]
95,788.113621,2.2,0.051463,2.8,0.135500,2.6,14.117000,1.9,C1=NN=CN=N1,,[]
95,800.856456,2.4,0.035739,1.0,0.147500,5.3,18.042000,5.5,O=CC(=O)C#N,,[]
95,855.199404,3.1,0.045968,2.0,0.115100,0.7,18.951000,6.3,O=CC(=O)C=O,,[]
95,1051.290467,7.3,0.045232,1.9,0.116900,0.8,24.735000,20.4,O=CC(=O)C(=O)C#N,,[]
95,1108.489211,8.8,0.055740,4.1,0.098300,0.1,25.564000,24.9,O=CC(=O)C(=O)C=O,,[]
95,1296.784724,16.2,0.078219,12.1,0.103800,0.3,24.101000,17.3,O1N=NC=C2C=NC=C12,,[]
95,1392.890310,23.4,0.101131,26.6,0.102800,0.2,23.524000,15.2,O1C2C3C1C1N=C3OC21,,[]
95,1397.026852,23.7,0.093628,21.5,0.109900,0.5,23.276000,14.0,N1N=CN=C2C=NC=C12,,[]
95,1473.360870,31.9,0.128928,53.0,0.076600,0.0,31.632000,71.7,[O-]C(=O)CCNC=[NH2+],,[]
95,1519.009674,37.6,0.112082,36.0,0.094400,0.0,31.147000,68.4,[O-]C(=O)C1=CNC(=[NH2+])C1,,[]
95,1577.996192,45.6,0.126623,51.3,0.095500,0.1,28.254000,46.1,[O-]C1=COC2=C1C[NH2+]C2,,[]
95,1599.184049,48.4,0.126135,50.3,0.103500,0.2,23.509000,14.9,C1=C2C3C4C1C1C2C3N41,,[]
96,213.087785,0.0,0.021375,0.2,0.361500,98.8,6.002000,0.0,O,,[]
96,276.861573,0.1,0.034358,0.9,0.339900,97.2,6.316000,0.1,N,,[]
96,301.820762,0.1,0.016601,0.0,0.379600,99.2,6.278000,0.1,C#N,,[]
96,358.757206,0.2,0.026603,0.4,0.226300,48.3,6.413000,0.2,C=O,,[]
96,427.706065,0.3,0.020349,0.1,0.259800,67.3,10.401000,0.6,O1N=NN=N1,,[]
96,494.017501,0.5,0.015951,0.0,0.277000,75.3,10.398000,0.5,N#CC#N,,[]
96,551.957961,0.5,0.026540,0.3,0.206600,31.7,11.329000,0.9,O=CC#N,,[]
96,605.972721,0.8,0.025718,0.3,0.246900,60.2,13.622000,1.8,O=C1ON=NO1,,[]
96,612.158710,0.8,0.036943,1.0,0.155500,8.3,12.147000,1.2,O=CC=O,,[]
96,660.735473,1.0,0.028773,0.6,0.148500,5.8,18.268000,5.7,O=C1N=NON=N1,,[]
96,740.670140,1.6,0.025540,0.3,0.197700,25.4,16.955000,4.4,O=C(C#N)C#N,,[]
96,788.113621,2.1,0.051463,2.8,0.135500,2.7,14.117000,1.9,C1=NN=CN=N1,,[]
96,800.856456,2.4,0.035739,1.0,0.147500,5.4,18.042000,5.4,O=CC(=O)C#N,,[]
96,855.199404,3.1,0.045968,2.0,0.115100,0.7,18.951000,6.3,O=CC(=O)C=O,,[]
96,1051.290467,7.2,0.045232,1.9,0.116900,0.8,24.735000,20.4,O=CC(=O)C(=O)C#N,,[]
96,1108.489211,8.8,0.055740,4.1,0.098300,0.1,25.564000,24.9,O=CC(=O)C(=O)C=O,,[]
96,1296.784724,16.1,0.078219,12.1,0.103800,0.3,24.101000,17.3,O1N=NC=C2C=NC=C12,,[]
96,1392.890310,23.4,0.101131,26.5,0.102800,0.2,23.524000,15.2,O1C2C3C1C1N=C3OC21,,[]
96,1397.026852,23.7,0.093628,21.4,0.109900,0.5,23.276000,13.9,N1N=CN=C2C=NC=C12,,[]
96,1473.360870,31.8,0.128928,53.0,0.076600,0.0,31.632000,71.7,[O-]C(=O)CCNC=[NH2+],,[]
96,1519.009674,37.6,0.112082,35.9,0.094400,0.0,31.147000,68.4,[O-]C(=O)C1=CNC(=[NH2+])C1,,[]
96,1577.996192,45.5,0.126623,51.2,0.095500,0.1,28.254000,46.1,[O-]C1=COC2=C1C[NH2+]C2,,[]
96,1599.184049,48.3,0.126135,50.2,0.103500,0.2,23.509000,14.9,C1=C2C3C4C1C1C2C3N41,,[]
97,213.087785,0.0,0.021375,0.2,0.361500,98.8,6.002000,0.0,O,,[]
97,276.861573,0.1,0.034358,0.9,0.339900,97.2,6.316000,0.1,N,,[]
97,301.820762,0.1,0.016601,0.0,0.379600,99.2,6.278000,0.1,C#N,,[]
97,358.757206,0.2,0.026603,0.4,0.226300,48.3,6.413000,0.2,C=O,,[]
97,427.706065,0.3,0.020349,0.1,0.259800,67.3,10.401000,0.6,O1N=NN=N1,,[]
97,494.017501,0.5,0.015951,0.0,0.277000,75.2,10.398000,0.5,N#CC#N,,[]
97,551.957961,0.5,0.026540,0.3,0.206600,31.7,11.329000,0.9,O=CC#N,,[]
97,605.972721,0.8,0.025718,0.3,0.246900,60.2,13.622000,1.8,O=C1ON=NO1,,[]
97,612.158710,0.8,0.036943,1.0,0.155500,8.3,12.147000,1.2,O=CC=O,,[]
97,660.735473,1.1,0.028773,0.6,0.148500,5.8,18.268000,5.7,O=C1N=NON=N1,,[]
97,740.670140,1.6,0.025540,0.3,0.197700,25.4,16.955000,4.4,O=C(C#N)C#N,,[]
97,788.113621,2.1,0.051463,2.7,0.135500,2.7,14.117000,1.9,C1=NN=CN=N1,,[]
97,800.856456,2.4,0.035739,1.0,0.147500,5.4,18.042000,5.4,O=CC(=O)C#N,,[]
97,855.199404,3.1,0.045968,2.0,0.115100,0.7,18.951000,6.3,O=CC(=O)C=O,,[]
97,1051.290467,7.2,0.045232,1.9,0.116900,0.8,24.735000,20.3,O=CC(=O)C(=O)C#N,,[]
97,1108.489211,8.8,0.055740,4.0,0.098300,0.1,25.564000,24.9,O=CC(=O)C(=O)C=O,,[]
97,1296.784724,16.1,0.078219,12.0,0.103800,0.3,24.101000,17.3,O1N=NC=C2C=NC=C12,,[]
97,1392.890310,23.3,0.101131,26.4,0.102800,0.2,23.524000,15.1,O1C2C3C1C1N=C3OC21,,[]
97,1397.026852,23.6,0.093628,21.3,0.109900,0.5,23.276000,13.9,N1N=CN=C2C=NC=C12,,[]
97,1473.360870,31.7,0.128928,52.9,0.076600,0.0,31.632000,71.6,[O-]C(=O)CCNC=[NH2+],,[]
97,1519.009674,37.5,0.112082,35.9,0.094400,0.0,31.147000,68.3,[O-]C(=O)C1=CNC(=[NH2+])C1,,[]
97,1577.996192,45.4,0.126623,51.1,0.095500,0.1,28.254000,46.0,[O-]C1=COC2=C1C[NH2+]C2,,[]
97,1599.184049,48.2,0.126135,50.1,0.103500,0.2,23.509000,14.9,C1=C2C3C4C1C1C2C3N41,,[]
98,213.087785,0.0,0.021375,0.2,0.361500,98.8,6.002000,0.0,O,,[]
98,276.861573,0.1,0.034358,0.9,0.339900,97.2,6.316000,0.1,N,,[]
98,301.820762,0.1,0.016601,0.0,0.379600,99.2,6.278000,0.1,C#N,,[]
98,358.757206,0.2,0.026603,0.4,0.226300,48.2,6.413000,0.2,C=O,,[]
98,427.706065,0.3,0.020349,0.1,0.259800,67.3,10.401000,0.6,O1N=NN=N1,,[]
98,494.017501,0.5,0.015951,0.0,0.277000,75.2,10.398000,0.5,N#CC#N,,[]
98,551.957961,0.5,0.026540,0.3,0.206600,31.7,11.329000,0.9,O=CC#N,,[]
98,605.972721,0.8,0.025718,0.3,0.246900,60.1,13.622000,1.8,O=C1ON=NO1,,[]
98,612.158710,0.8,0.036943,1.0,0.155500,8.3,12.147000,1.2,O=CC=O,,[]
98,660.735473,1.1,0.028773,0.6,0.148500,5.8,18.268000,5.7,O=C1N=NON=N1,,[]
98,740.670140,1.6,0.025540,0.3,0.197700,25.4,16.955000,4.4,O=C(C#N)C#N,,[]
98,788.113621,2.1,0.051463,2.7,0.135500,2.7,14.117000,1.9,C1=NN=CN=N1,,[]
98,800.856456,2.4,0.035739,1.0,0.147500,5.4,18.042000,5.4,O=CC(=O)C#N,,[]
98,855.199404,3.1,0.045968,2.0,0.115100,0.7,18.951000,6.3,O=CC(=O)C=O,,[]
98,1051.290467,7.2,0.045232,1.9,0.116900,0.8,24.735000,20.3,O=CC(=O)C(=O)C#N,,[]
98,1108.489211,8.8,0.055740,4.0,0.098300,0.1,25.564000,24.8,O=CC(=O)C(=O)C=O,,[]
98,1296.784724,16.1,0.078219,12.0,0.103800,0.3,24.101000,17.3,O1N=NC=C2C=NC=C12,,[]
98,1392.890310,23.3,0.101131,26.4,0.102800,0.2,23.524000,15.1,O1C2C3C1C1N=C3OC21,,[]
98,1397.026852,23.6,0.093628,21.3,0.109900,0.5,23.276000,13.9,N1N=CN=C2C=NC=C12,,[]
98,1473.360870,31.7,0.128928,52.8,0.076600,0.0,31.632000,71.6,[O-]C(=O)CCNC=[NH2+],,[]
98,1519.009674,37.4,0.112082,35.8,0.094400,0.0,31.147000,68.3,[O-]C(=O)C1=CNC(=[NH2+])C1,,[]
98,1577.996192,45.3,0.126623,51.0,0.095500,0.1,28.254000,46.0,[O-]C1=COC2=C1C[NH2+]C2,,[]
98,1599.184049,48.1,0.126135,50.0,0.103500,0.2,23.509000,14.8,C1=C2C3C4C1C1C2C3N41,,[]
99,213.087785,0.0,0.021375,0.2,0.361500,98.8,6.002000,0.0,O,,[]
99,276.861573,0.1,0.034358,0.9,0.339900,97.2,6.316000,0.1,N,,[]
99,301.820762,0.1,0.016601,0.0,0.379600,99.2,6.278000,0.1,C#N,,[]
99,358.757206,0.2,0.026603,0.4,0.226300,48.2,6.413000,0.2,C=O,,[]
99,427.706065,0.3,0.020349,0.1,0.259800,67.3,10.401000,0.6,O1N=NN=N1,,[]
99,494.017501,0.4,0.015951,0.0,0.277000,75.2,10.398000,0.5,N#CC#N,,[]
99,551.957961,0.5,0.026540,0.3,0.206600,31.7,11.329000,0.9,O=CC#N,,[]
99,605.972721,0.8,0.025718,0.3,0.246900,60.1,13.622000,1.8,O=C1ON=NO1,,[]
99,612.158710,0.8,0.036943,1.0,0.155500,8.2,12.147000,1.2,O=CC=O,,[]
99,660.735473,1.0,0.028773,0.6,0.148500,5.8,18.268000,5.7,O=C1N=NON=N1,,[]
99,740.670140,1.6,0.025540,0.3,0.197700,25.4,16.955000,4.3,O=C(C#N)C#N,,[]
99,788.113621,2.1,0.051463,2.7,0.135500,2.7,14.117000,1.9,C1=NN=CN=N1,,[]
99,800.856456,2.4,0.035739,1.0,0.147500,5.4,18.042000,5.4,O=CC(=O)C#N,,[]
99,855.199404,3.0,0.045968,2.0,0.115100,0.7,18.951000,6.2,O=CC(=O)C=O,,[]
99,1051.290467,7.2,0.045232,1.9,0.116900,0.8,24.735000,20.2,O=CC(=O)C(=O)C#N,,[]
99,1108.489211,8.7,0.055740,4.0,0.098300,0.1,25.564000,24.7,O=CC(=O)C(=O)C=O,,[]
99,1296.784724,16.0,0.078219,11.9,0.103800,0.3,24.101000,17.2,O1N=NC=C2C=NC=C12,,[]
99,1392.890310,23.2,0.101131,26.3,0.102800,0.2,23.524000,15.0,O1C2C3C1C1N=C3OC21,,[]
99,1397.026852,23.5,0.093628,21.2,0.109900,0.5,23.276000,13.8,N1N=CN=C2C=NC=C12,,[]
99,1473.360870,31.6,0.128928,52.8,0.076600,0.0,31.632000,71.5,[O-]C(=O)CCNC=[NH2+],,[]
99,1519.009674,37.3,0.112082,35.7,0.094400,0.0,31.147000,68.3,[O-]C(=O)C1=CNC(=[NH2+])C1,,[]
99,1577.996192,45.2,0.126623,51.0,0.095500,0.1,28.254000,46.0,[O-]C1=COC2=C1C[NH2+]C2,,[]
99,1599.184049,48.0,0.126135,50.0,0.103500,0.2,23.509000,14.7,C1=C2C3C4C1C1C2C3N41,,[]
100,213.087785,0.0,0.021375,0.2,0.361500,98.8,6.002000,0.0,O,,[]
100,276.861573,0.1,0.034358,0.9,0.339900,97.2,6.316000,0.1,N,,[]
100,301.820762,0.1,0.016601,0.0,0.379600,99.2,6.278000,0.1,C#N,,[]
100,358.757206,0.2,0.026603,0.4,0.226300,48.1,6.413000,0.2,C=O,,[]
100,427.706065,0.3,0.020349,0.1,0.259800,67.1,10.401000,0.6,O1N=NN=N1,,[]
100,494.017501,0.5,0.015951,0.0,0.277000,75.1,10.398000,0.5,N#CC#N,,[]
100,551.957961,0.5,0.026540,0.3,0.206600,31.6,11.329000,0.9,O=CC#N,,[]
100,605.972721,0.8,0.025718,0.3,0.246900,60.0,13.622000,1.8,O=C1ON=NO1,,[]
100,612.158710,0.8,0.036943,1.0,0.155500,8.2,12.147000,1.2,O=CC=O,,[]
100,660.735473,1.1,0.028773,0.6,0.148500,5.7,18.268000,5.7,O=C1N=NON=N1,,[]
100,740.670140,1.6,0.025540,0.3,0.197700,25.3,16.955000,4.3,O=C(C#N)C#N,,[]
100,788.113621,2.1,0.051463,2.7,0.135500,2.7,14.117000,1.9,C1=NN=CN=N1,,[]
100,800.856456,2.4,0.035739,1.0,0.147500,5.3,18.042000,5.4,O=CC(=O)C#N,,[]
100,855.199404,3.0,0.045968,2.0,0.115100,0.7,18.951000,6.2,O=CC(=O)C=O,,[]
100,1051.290467,7.2,0.045232,1.9,0.116900,0.8,24.735000,20.2,O=CC(=O)C(=O)C#N,,[]
100,1108.489211,8.7,0.055740,4.0,0.098300,0.1,25.564000,24.7,O=CC(=O)C(=O)C=O,,[]
100,1296.784724,16.0,0.078219,11.9,0.103800,0.3,24.101000,17.2,O1N=NC=C2C=NC=C12,,[]
100,1392.890310,23.2,0.101131,26.3,0.102800,0.2,23.524000,15.0,O1C2C3C1C1N=C3OC21,,[]
100,1397.026852,23.4,0.093628,21.2,0.109900,0.5,23.276000,13.8,N1N=CN=C2C=NC=C12,,[]
100,1473.360870,31.6,0.128928,52.7,0.076600,0.0,31.632000,71.4,[O-]C(=O)CCNC=[NH2+],,[]
100,1519.009674,37.3,0.112082,35.7,0.094400,0.0,31.147000,68.2,[O-]C(=O)C1=CNC(=[NH2+])C1,,[]
100,1577.996192,45.1,0.126623,50.9,0.095500,0.1,28.254000,45.9,[O-]C1=COC2=C1C[NH2+]C2,,[]
100,1599.184049,47.9,0.126135,49.9,0.103500,0.2,23.509000,14.8,C1=C2C3C4C1C1C2C3N41,,[]
101,213.087785,0.0,0.021375,0.2,0.361500,98.8,6.002000,0.0,O,,[]
101,276.861573,0.1,0.034358,0.9,0.339900,97.2,6.316000,0.1,N,,[]
101,301.820762,0.1,0.016601,0.0,0.379600,99.1,6.278000,0.1,C#N,,[]
101,358.757206,0.2,0.026603,0.4,0.226300,48.1,6.413000,0.2,C=O,,[]
101,427.706065,0.3,0.020349,0.1,0.259800,67.1,10.401000,0.6,O1N=NN=N1,,[]
101,494.017501,0.5,0.015951,0.0,0.277000,75.1,10.398000,0.5,N#CC#N,,[]
101,551.957961,0.5,0.026540,0.3,0.206600,31.7,11.329000,1.0,O=CC#N,,[]
101,605.972721,0.8,0.025718,0.3,0.246900,60.0,13.622000,1.8,O=C1ON=NO1,,[]
101,612.158710,0.8,0.036943,1.0,0.155500,8.3,12.147000,1.2,O=CC=O,,[]
101,660.735473,1.1,0.028773,0.6,0.148500,5.8,18.268000,5.7,O=C1N=NON=N1,,[]
101,740.670140,1.6,0.025540,0.3,0.197700,25.4,16.955000,4.3,O=C(C#N)C#N,,[]
101,788.113621,2.1,0.051463,2.7,0.135500,2.7,14.117000,1.9,C1=NN=CN=N1,,[]
101,800.856456,2.4,0.035739,1.0,0.147500,5.4,18.042000,5.4,O=CC(=O)C#N,,[]
101,855.199404,3.0,0.045968,2.0,0.115100,0.7,18.951000,6.2,O=CC(=O)C=O,,[]
101,1051.290467,7.1,0.045232,1.9,0.116900,0.8,24.735000,20.1,O=CC(=O)C(=O)C#N,,[]
101,1108.489211,8.7,0.055740,4.0,0.098300,0.1,25.564000,24.6,O=CC(=O)C(=O)C=O,,[]
101,1296.784724,15.9,0.078219,11.9,0.103800,0.3,24.101000,17.1,O1N=NC=C2C=NC=C12,,[]
101,1392.890310,23.1,0.101131,26.3,0.102800,0.2,23.524000,15.0,O1C2C3C1C1N=C3OC21,,[]
101,1397.026852,23.3,0.093628,21.1,0.109900,0.5,23.276000,13.7,N1N=CN=C2C=NC=C12,,[]
101,1473.360870,31.5,0.128928,52.7,0.076600,0.0,31.632000,71.4,[O-]C(=O)CCNC=[NH2+],,[]
101,1519.009674,37.2,0.112082,35.6,0.094400,0.0,31.147000,68.2,[O-]C(=O)C1=CNC(=[NH2+])C1,,[]
101,1577.996192,45.0,0.126623,50.8,0.095500,0.0,28.254000,45.8,[O-]C1=COC2=C1C[NH2+]C2,,[]
101,1599.184049,47.9,0.126135,49.9,0.103500,0.2,23.509000,14.7,C1=C2C3C4C1C1C2C3N41,,[]
